mtllib Boss_Boss_TrenBote_fase_1.mtl
o Boss_Boss_TrenBote_fase_1
v -10.0000 -10.0000 -3.0000
v -10.0000 -10.0000 -4.0000
v -9.0000 -10.0000 -4.0000
v -9.0000 -10.0000 -3.0000
v -9.0000 -9.0000 -3.0000
v -10.0000 -9.0000 -3.0000
v -9.0000 -9.0000 -4.0000
v -10.0000 -9.0000 -4.0000
v -10.0000 -8.0000 -3.0000
v -9.0000 -8.0000 -3.0000
v -9.0000 -8.0000 -4.0000
v -10.0000 -8.0000 -4.0000
v -10.0000 -10.0000 -5.0000
v -9.0000 -10.0000 -5.0000
v -9.0000 -9.0000 -5.0000
v -10.0000 -9.0000 -5.0000
v -9.0000 -8.0000 -5.0000
v -10.0000 -8.0000 -5.0000
v -10.0000 -10.0000 -6.0000
v -9.0000 -10.0000 -6.0000
v -9.0000 -9.0000 -6.0000
v -10.0000 -9.0000 -6.0000
v -9.0000 -8.0000 -6.0000
v -10.0000 -8.0000 -6.0000
v -10.0000 -10.0000 -7.0000
v -9.0000 -10.0000 -7.0000
v -9.0000 -9.0000 -7.0000
v -10.0000 -9.0000 -7.0000
v -9.0000 -8.0000 -7.0000
v -10.0000 -8.0000 -7.0000
v -10.0000 -10.0000 -8.0000
v -9.0000 -10.0000 -8.0000
v -9.0000 -9.0000 -8.0000
v -10.0000 -9.0000 -8.0000
v -9.0000 -8.0000 -8.0000
v -10.0000 -8.0000 -8.0000
v -10.0000 -10.0000 -9.0000
v -9.0000 -10.0000 -9.0000
v -9.0000 -9.0000 -9.0000
v -10.0000 -9.0000 -9.0000
v -9.0000 -8.0000 -9.0000
v -10.0000 -8.0000 -9.0000
v -10.0000 -10.0000 -10.0000
v -9.0000 -10.0000 -10.0000
v -9.0000 -9.0000 -10.0000
v -10.0000 -9.0000 -10.0000
v -9.0000 -8.0000 -10.0000
v -10.0000 -8.0000 -10.0000
v -10.0000 -10.0000 -11.0000
v -9.0000 -10.0000 -11.0000
v -9.0000 -9.0000 -11.0000
v -10.0000 -9.0000 -11.0000
v -9.0000 -8.0000 -11.0000
v -10.0000 -8.0000 -11.0000
v -10.0000 -10.0000 -12.0000
v -9.0000 -10.0000 -12.0000
v -10.0000 -9.0000 -12.0000
v -9.0000 -9.0000 -12.0000
v -9.0000 -8.0000 -12.0000
v -10.0000 -8.0000 -12.0000
v -9.0000 -10.0000 1.0000
v -9.0000 -10.0000 -0.0000
v -8.0000 -10.0000 -0.0000
v -8.0000 -10.0000 1.0000
v -8.0000 -9.0000 1.0000
v -9.0000 -9.0000 1.0000
v -8.0000 -9.0000 -0.0000
v -9.0000 -9.0000 -0.0000
v -9.0000 -8.0000 1.0000
v -8.0000 -8.0000 1.0000
v -8.0000 -8.0000 -0.0000
v -9.0000 -8.0000 -0.0000
v -9.0000 -10.0000 -1.0000
v -8.0000 -10.0000 -1.0000
v -8.0000 -9.0000 -1.0000
v -9.0000 -9.0000 -1.0000
v -8.0000 -8.0000 -1.0000
v -9.0000 -8.0000 -1.0000
v -9.0000 -10.0000 -2.0000
v -8.0000 -10.0000 -2.0000
v -8.0000 -9.0000 -2.0000
v -9.0000 -9.0000 -2.0000
v -8.0000 -8.0000 -2.0000
v -9.0000 -8.0000 -2.0000
v -8.0000 -10.0000 -3.0000
v -8.0000 -9.0000 -3.0000
v -8.0000 -8.0000 -3.0000
v -9.0000 -12.0000 -3.0000
v -9.0000 -12.0000 -4.0000
v -8.0000 -12.0000 -4.0000
v -8.0000 -12.0000 -3.0000
v -8.0000 -11.0000 -3.0000
v -9.0000 -11.0000 -3.0000
v -8.0000 -11.0000 -4.0000
v -9.0000 -11.0000 -4.0000
v -8.0000 -10.0000 -4.0000
v -9.0000 -12.0000 -5.0000
v -8.0000 -12.0000 -5.0000
v -8.0000 -11.0000 -5.0000
v -9.0000 -11.0000 -5.0000
v -8.0000 -10.0000 -5.0000
v -9.0000 -12.0000 -6.0000
v -8.0000 -12.0000 -6.0000
v -8.0000 -11.0000 -6.0000
v -9.0000 -11.0000 -6.0000
v -8.0000 -10.0000 -6.0000
v -9.0000 -12.0000 -7.0000
v -8.0000 -12.0000 -7.0000
v -8.0000 -11.0000 -7.0000
v -9.0000 -11.0000 -7.0000
v -8.0000 -10.0000 -7.0000
v -9.0000 -12.0000 -8.0000
v -8.0000 -12.0000 -8.0000
v -8.0000 -11.0000 -8.0000
v -9.0000 -11.0000 -8.0000
v -8.0000 -10.0000 -8.0000
v -9.0000 -12.0000 -9.0000
v -8.0000 -12.0000 -9.0000
v -8.0000 -11.0000 -9.0000
v -9.0000 -11.0000 -9.0000
v -8.0000 -10.0000 -9.0000
v -9.0000 -12.0000 -10.0000
v -8.0000 -12.0000 -10.0000
v -8.0000 -11.0000 -10.0000
v -9.0000 -11.0000 -10.0000
v -8.0000 -10.0000 -10.0000
v -9.0000 -12.0000 -11.0000
v -8.0000 -12.0000 -11.0000
v -8.0000 -11.0000 -11.0000
v -9.0000 -11.0000 -11.0000
v -8.0000 -10.0000 -11.0000
v -9.0000 -12.0000 -12.0000
v -8.0000 -12.0000 -12.0000
v -9.0000 -11.0000 -12.0000
v -8.0000 -11.0000 -12.0000
v -8.0000 -10.0000 -12.0000
v -9.0000 -10.0000 -13.0000
v -8.0000 -10.0000 -13.0000
v -8.0000 -9.0000 -12.0000
v -9.0000 -9.0000 -13.0000
v -8.0000 -9.0000 -13.0000
v -8.0000 -8.0000 -12.0000
v -8.0000 -8.0000 -13.0000
v -9.0000 -8.0000 -13.0000
v -8.0000 -10.0000 5.0000
v -8.0000 -10.0000 4.0000
v -7.0000 -10.0000 4.0000
v -7.0000 -10.0000 5.0000
v -7.0000 -9.0000 5.0000
v -8.0000 -9.0000 5.0000
v -7.0000 -9.0000 4.0000
v -8.0000 -9.0000 4.0000
v -8.0000 -8.0000 5.0000
v -7.0000 -8.0000 5.0000
v -7.0000 -8.0000 4.0000
v -8.0000 -8.0000 4.0000
v -8.0000 -10.0000 3.0000
v -7.0000 -10.0000 3.0000
v -7.0000 -9.0000 3.0000
v -8.0000 -9.0000 3.0000
v -7.0000 -8.0000 3.0000
v -8.0000 -8.0000 3.0000
v -8.0000 -10.0000 2.0000
v -7.0000 -10.0000 2.0000
v -7.0000 -9.0000 2.0000
v -8.0000 -9.0000 2.0000
v -7.0000 -8.0000 2.0000
v -8.0000 -8.0000 2.0000
v -7.0000 -10.0000 1.0000
v -7.0000 -9.0000 1.0000
v -7.0000 -8.0000 1.0000
v -8.0000 -12.0000 1.0000
v -8.0000 -12.0000 -0.0000
v -7.0000 -12.0000 -0.0000
v -7.0000 -12.0000 1.0000
v -7.0000 -11.0000 1.0000
v -8.0000 -11.0000 1.0000
v -7.0000 -11.0000 -0.0000
v -8.0000 -11.0000 -0.0000
v -7.0000 -10.0000 -0.0000
v -8.0000 -12.0000 -1.0000
v -7.0000 -12.0000 -1.0000
v -7.0000 -11.0000 -1.0000
v -8.0000 -11.0000 -1.0000
v -7.0000 -10.0000 -1.0000
v -8.0000 -12.0000 -2.0000
v -7.0000 -12.0000 -2.0000
v -8.0000 -11.0000 -2.0000
v -7.0000 -10.0000 -2.0000
v -7.0000 -12.0000 -3.0000
v -7.0000 -11.0000 -3.0000
v -7.0000 -10.0000 -3.0000
v -8.0000 -14.0000 -3.0000
v -8.0000 -14.0000 -4.0000
v -7.0000 -14.0000 -4.0000
v -7.0000 -14.0000 -3.0000
v -7.0000 -13.0000 -3.0000
v -8.0000 -13.0000 -3.0000
v -7.0000 -13.0000 -4.0000
v -8.0000 -13.0000 -4.0000
v -7.0000 -12.0000 -4.0000
v -7.0000 -10.0000 -4.0000
v -7.0000 -11.0000 -4.0000
v -8.0000 -14.0000 -5.0000
v -7.0000 -14.0000 -5.0000
v -7.0000 -13.0000 -5.0000
v -8.0000 -13.0000 -5.0000
v -7.0000 -12.0000 -5.0000
v -7.0000 -10.0000 -5.0000
v -7.0000 -11.0000 -5.0000
v -8.0000 -14.0000 -6.0000
v -7.0000 -14.0000 -6.0000
v -7.0000 -13.0000 -6.0000
v -8.0000 -13.0000 -6.0000
v -7.0000 -12.0000 -6.0000
v -7.0000 -10.0000 -6.0000
v -7.0000 -11.0000 -6.0000
v -8.0000 -14.0000 -7.0000
v -7.0000 -14.0000 -7.0000
v -7.0000 -13.0000 -7.0000
v -8.0000 -13.0000 -7.0000
v -7.0000 -12.0000 -7.0000
v -7.0000 -10.0000 -7.0000
v -7.0000 -11.0000 -7.0000
v -8.0000 -14.0000 -8.0000
v -7.0000 -14.0000 -8.0000
v -7.0000 -13.0000 -8.0000
v -8.0000 -13.0000 -8.0000
v -7.0000 -12.0000 -8.0000
v -7.0000 -10.0000 -8.0000
v -7.0000 -11.0000 -8.0000
v -8.0000 -15.0000 -8.0000
v -8.0000 -15.0000 -9.0000
v -7.0000 -15.0000 -9.0000
v -7.0000 -15.0000 -8.0000
v -8.0000 -14.0000 -9.0000
v -7.0000 -14.0000 -9.0000
v -8.0000 -13.0000 -9.0000
v -7.0000 -12.0000 -9.0000
v -7.0000 -13.0000 -9.0000
v -7.0000 -10.0000 -9.0000
v -7.0000 -11.0000 -9.0000
v -8.0000 -14.0000 -10.0000
v -7.0000 -14.0000 -10.0000
v -7.0000 -13.0000 -10.0000
v -8.0000 -13.0000 -10.0000
v -7.0000 -12.0000 -10.0000
v -7.0000 -10.0000 -10.0000
v -7.0000 -11.0000 -10.0000
v -8.0000 -14.0000 -11.0000
v -7.0000 -14.0000 -11.0000
v -7.0000 -13.0000 -11.0000
v -8.0000 -13.0000 -11.0000
v -7.0000 -12.0000 -11.0000
v -7.0000 -10.0000 -11.0000
v -7.0000 -11.0000 -11.0000
v -8.0000 -14.0000 -12.0000
v -7.0000 -14.0000 -12.0000
v -8.0000 -13.0000 -12.0000
v -7.0000 -13.0000 -12.0000
v -7.0000 -12.0000 -12.0000
v -7.0000 -10.0000 -12.0000
v -7.0000 -11.0000 -12.0000
v -8.0000 -12.0000 -13.0000
v -7.0000 -12.0000 -13.0000
v -8.0000 -11.0000 -13.0000
v -7.0000 -11.0000 -13.0000
v -7.0000 -10.0000 -13.0000
v -8.0000 -10.0000 -14.0000
v -7.0000 -10.0000 -14.0000
v -7.0000 -9.0000 -13.0000
v -8.0000 -9.0000 -14.0000
v -7.0000 -9.0000 -14.0000
v -7.0000 -8.0000 -13.0000
v -7.0000 -8.0000 -14.0000
v -8.0000 -8.0000 -14.0000
v -7.0000 -10.0000 9.0000
v -7.0000 -10.0000 8.0000
v -6.0000 -10.0000 8.0000
v -6.0000 -10.0000 9.0000
v -6.0000 -9.0000 9.0000
v -7.0000 -9.0000 9.0000
v -6.0000 -9.0000 8.0000
v -7.0000 -9.0000 8.0000
v -7.0000 -8.0000 9.0000
v -6.0000 -8.0000 9.0000
v -6.0000 -8.0000 8.0000
v -7.0000 -8.0000 8.0000
v -7.0000 -10.0000 7.0000
v -6.0000 -10.0000 7.0000
v -6.0000 -9.0000 7.0000
v -7.0000 -9.0000 7.0000
v -6.0000 -8.0000 7.0000
v -7.0000 -8.0000 7.0000
v -7.0000 -10.0000 6.0000
v -6.0000 -10.0000 6.0000
v -6.0000 -9.0000 6.0000
v -7.0000 -9.0000 6.0000
v -6.0000 -8.0000 6.0000
v -7.0000 -8.0000 6.0000
v -6.0000 -10.0000 5.0000
v -6.0000 -9.0000 5.0000
v -6.0000 -8.0000 5.0000
v -7.0000 -12.0000 5.0000
v -7.0000 -12.0000 4.0000
v -6.0000 -12.0000 4.0000
v -6.0000 -12.0000 5.0000
v -6.0000 -11.0000 5.0000
v -7.0000 -11.0000 5.0000
v -6.0000 -11.0000 4.0000
v -7.0000 -11.0000 4.0000
v -6.0000 -10.0000 4.0000
v -7.0000 -12.0000 3.0000
v -6.0000 -12.0000 3.0000
v -6.0000 -11.0000 3.0000
v -7.0000 -11.0000 3.0000
v -6.0000 -10.0000 3.0000
v -7.0000 -12.0000 2.0000
v -6.0000 -12.0000 2.0000
v -6.0000 -11.0000 2.0000
v -7.0000 -11.0000 2.0000
v -6.0000 -10.0000 2.0000
v -6.0000 -12.0000 1.0000
v -6.0000 -11.0000 1.0000
v -6.0000 -10.0000 1.0000
v -7.0000 -14.0000 1.0000
v -7.0000 -14.0000 -0.0000
v -6.0000 -14.0000 -0.0000
v -6.0000 -14.0000 1.0000
v -6.0000 -13.0000 1.0000
v -7.0000 -13.0000 1.0000
v -7.0000 -13.0000 -0.0000
v -6.0000 -12.0000 -0.0000
v -6.0000 -10.0000 -0.0000
v -6.0000 -11.0000 -0.0000
v -7.0000 -14.0000 -1.0000
v -6.0000 -14.0000 -1.0000
v -7.0000 -13.0000 -1.0000
v -6.0000 -12.0000 -1.0000
v -6.0000 -13.0000 -0.0000
v -6.0000 -13.0000 -1.0000
v -6.0000 -10.0000 -1.0000
v -6.0000 -11.0000 -1.0000
v -7.0000 -14.0000 -2.0000
v -6.0000 -14.0000 -2.0000
v -7.0000 -13.0000 -2.0000
v -6.0000 -13.0000 -2.0000
v -6.0000 -12.0000 -2.0000
v -6.0000 -11.0000 -2.0000
v -6.0000 -10.0000 -2.0000
v -6.0000 -14.0000 -3.0000
v -6.0000 -13.0000 -3.0000
v -6.0000 -11.0000 -3.0000
v -6.0000 -12.0000 -3.0000
v -7.0000 -9.0000 -2.0000
v -6.0000 -9.0000 -2.0000
v -6.0000 -9.0000 -3.0000
v -7.0000 -9.0000 -3.0000
v -6.0000 -10.0000 -3.0000
v -6.0000 -14.0000 -4.0000
v -7.0000 -15.0000 -3.0000
v -7.0000 -15.0000 -4.0000
v -6.0000 -15.0000 -4.0000
v -6.0000 -15.0000 -3.0000
v -6.0000 -12.0000 -4.0000
v -6.0000 -13.0000 -4.0000
v -6.0000 -10.0000 -4.0000
v -6.0000 -11.0000 -4.0000
v -7.0000 -8.0000 -3.0000
v -6.0000 -8.0000 -3.0000
v -6.0000 -8.0000 -4.0000
v -7.0000 -8.0000 -4.0000
v -7.0000 -9.0000 -4.0000
v -6.0000 -9.0000 -4.0000
v -6.0000 -14.0000 -5.0000
v -7.0000 -15.0000 -5.0000
v -6.0000 -15.0000 -5.0000
v -6.0000 -11.0000 -5.0000
v -7.0000 -9.0000 -5.0000
v -6.0000 -9.0000 -5.0000
v -6.0000 -10.0000 -5.0000
v -6.0000 -8.0000 -5.0000
v -7.0000 -8.0000 -5.0000
v -6.0000 -14.0000 -6.0000
v -7.0000 -15.0000 -6.0000
v -6.0000 -15.0000 -6.0000
v -6.0000 -10.0000 -6.0000
v -6.0000 -11.0000 -6.0000
v -6.0000 -8.0000 -6.0000
v -7.0000 -8.0000 -6.0000
v -7.0000 -9.0000 -6.0000
v -6.0000 -9.0000 -6.0000
v -6.0000 -14.0000 -7.0000
v -7.0000 -15.0000 -7.0000
v -6.0000 -15.0000 -7.0000
v -6.0000 -11.0000 -7.0000
v -7.0000 -9.0000 -7.0000
v -6.0000 -9.0000 -7.0000
v -6.0000 -10.0000 -7.0000
v -6.0000 -8.0000 -7.0000
v -7.0000 -8.0000 -7.0000
v -6.0000 -14.0000 -8.0000
v -6.0000 -15.0000 -8.0000
v -6.0000 -10.0000 -8.0000
v -6.0000 -11.0000 -8.0000
v -6.0000 -8.0000 -8.0000
v -7.0000 -8.0000 -8.0000
v -7.0000 -9.0000 -8.0000
v -6.0000 -9.0000 -8.0000
v -6.0000 -15.0000 -9.0000
v -6.0000 -13.0000 -8.0000
v -6.0000 -13.0000 -9.0000
v -6.0000 -14.0000 -9.0000
v -6.0000 -11.0000 -9.0000
v -7.0000 -9.0000 -9.0000
v -6.0000 -9.0000 -9.0000
v -6.0000 -10.0000 -9.0000
v -6.0000 -8.0000 -9.0000
v -7.0000 -8.0000 -9.0000
v -6.0000 -14.0000 -10.0000
v -7.0000 -15.0000 -10.0000
v -6.0000 -15.0000 -10.0000
v -6.0000 -10.0000 -10.0000
v -6.0000 -11.0000 -10.0000
v -6.0000 -8.0000 -10.0000
v -7.0000 -8.0000 -10.0000
v -7.0000 -9.0000 -10.0000
v -6.0000 -9.0000 -10.0000
v -6.0000 -14.0000 -11.0000
v -7.0000 -15.0000 -11.0000
v -6.0000 -15.0000 -11.0000
v -6.0000 -11.0000 -11.0000
v -6.0000 -9.0000 -11.0000
v -7.0000 -9.0000 -11.0000
v -6.0000 -10.0000 -11.0000
v -6.0000 -14.0000 -12.0000
v -6.0000 -13.0000 -11.0000
v -6.0000 -13.0000 -12.0000
v -6.0000 -12.0000 -11.0000
v -6.0000 -12.0000 -12.0000
v -6.0000 -10.0000 -12.0000
v -6.0000 -11.0000 -12.0000
v -6.0000 -12.0000 -13.0000
v -6.0000 -11.0000 -13.0000
v -6.0000 -10.0000 -13.0000
v -6.0000 -10.0000 -14.0000
v -6.0000 -9.0000 -13.0000
v -6.0000 -9.0000 -14.0000
v -6.0000 -8.0000 -13.0000
v -6.0000 -8.0000 -14.0000
v -6.0000 -10.0000 10.0000
v -5.0000 -10.0000 9.0000
v -5.0000 -10.0000 10.0000
v -5.0000 -9.0000 10.0000
v -6.0000 -9.0000 10.0000
v -5.0000 -9.0000 9.0000
v -6.0000 -8.0000 10.0000
v -5.0000 -8.0000 10.0000
v -5.0000 -8.0000 9.0000
v -6.0000 -12.0000 9.0000
v -6.0000 -12.0000 8.0000
v -5.0000 -12.0000 8.0000
v -5.0000 -12.0000 9.0000
v -5.0000 -11.0000 9.0000
v -6.0000 -11.0000 9.0000
v -5.0000 -11.0000 8.0000
v -6.0000 -11.0000 8.0000
v -5.0000 -10.0000 8.0000
v -6.0000 -12.0000 7.0000
v -5.0000 -12.0000 7.0000
v -5.0000 -11.0000 7.0000
v -6.0000 -11.0000 7.0000
v -5.0000 -10.0000 7.0000
v -6.0000 -12.0000 6.0000
v -5.0000 -12.0000 6.0000
v -5.0000 -11.0000 6.0000
v -6.0000 -11.0000 6.0000
v -5.0000 -10.0000 6.0000
v -5.0000 -12.0000 5.0000
v -5.0000 -11.0000 5.0000
v -5.0000 -9.0000 6.0000
v -5.0000 -9.0000 5.0000
v -5.0000 -10.0000 5.0000
v -6.0000 -14.0000 5.0000
v -6.0000 -14.0000 4.0000
v -5.0000 -14.0000 4.0000
v -5.0000 -14.0000 5.0000
v -5.0000 -13.0000 5.0000
v -6.0000 -13.0000 5.0000
v -5.0000 -13.0000 4.0000
v -6.0000 -13.0000 4.0000
v -5.0000 -12.0000 4.0000
v -5.0000 -10.0000 4.0000
v -5.0000 -11.0000 4.0000
v -5.0000 -8.0000 5.0000
v -5.0000 -8.0000 4.0000
v -6.0000 -8.0000 4.0000
v -6.0000 -9.0000 4.0000
v -5.0000 -9.0000 4.0000
v -6.0000 -14.0000 3.0000
v -5.0000 -14.0000 3.0000
v -5.0000 -13.0000 3.0000
v -6.0000 -13.0000 3.0000
v -5.0000 -12.0000 3.0000
v -5.0000 -10.0000 3.0000
v -5.0000 -11.0000 3.0000
v -6.0000 -7.0000 4.0000
v -5.0000 -7.0000 4.0000
v -5.0000 -7.0000 3.0000
v -6.0000 -7.0000 3.0000
v -6.0000 -8.0000 3.0000
v -5.0000 -8.0000 3.0000
v -6.0000 -14.0000 2.0000
v -5.0000 -14.0000 2.0000
v -5.0000 -13.0000 2.0000
v -6.0000 -13.0000 2.0000
v -5.0000 -12.0000 2.0000
v -5.0000 -10.0000 2.0000
v -5.0000 -11.0000 2.0000
v -5.0000 -7.0000 2.0000
v -6.0000 -7.0000 2.0000
v -6.0000 -8.0000 2.0000
v -5.0000 -8.0000 2.0000
v -5.0000 -14.0000 1.0000
v -5.0000 -13.0000 1.0000
v -5.0000 -12.0000 1.0000
v -5.0000 -10.0000 1.0000
v -5.0000 -11.0000 1.0000
v -5.0000 -7.0000 1.0000
v -6.0000 -7.0000 1.0000
v -6.0000 -8.0000 1.0000
v -5.0000 -8.0000 1.0000
v -6.0000 -15.0000 1.0000
v -6.0000 -15.0000 -0.0000
v -5.0000 -15.0000 -0.0000
v -5.0000 -15.0000 1.0000
v -5.0000 -14.0000 -0.0000
v -5.0000 -13.0000 -0.0000
v -5.0000 -12.0000 -0.0000
v -5.0000 -10.0000 -0.0000
v -5.0000 -11.0000 -0.0000
v -5.0000 -8.0000 -0.0000
v -6.0000 -8.0000 -0.0000
v -6.0000 -9.0000 1.0000
v -6.0000 -9.0000 -0.0000
v -5.0000 -9.0000 -0.0000
v -5.0000 -9.0000 1.0000
v -6.0000 -15.0000 -1.0000
v -5.0000 -15.0000 -1.0000
v -5.0000 -14.0000 -1.0000
v -5.0000 -13.0000 -1.0000
v -5.0000 -11.0000 -1.0000
v -5.0000 -9.0000 -1.0000
v -6.0000 -9.0000 -1.0000
v -5.0000 -10.0000 -1.0000
v -6.0000 -15.0000 -2.0000
v -5.0000 -15.0000 -2.0000
v -5.0000 -14.0000 -2.0000
v -5.0000 -13.0000 -2.0000
v -5.0000 -10.0000 -2.0000
v -5.0000 -11.0000 -2.0000
v -5.0000 -14.0000 -3.0000
v -5.0000 -15.0000 -3.0000
v -5.0000 -12.0000 -2.0000
v -5.0000 -12.0000 -3.0000
v -5.0000 -13.0000 -3.0000
v -5.0000 -10.0000 -3.0000
v -5.0000 -11.0000 -3.0000
v -6.0000 -16.0000 -3.0000
v -6.0000 -16.0000 -4.0000
v -5.0000 -16.0000 -4.0000
v -5.0000 -16.0000 -3.0000
v -5.0000 -14.0000 -4.0000
v -5.0000 -15.0000 -4.0000
v -5.0000 -10.0000 -4.0000
v -5.0000 -11.0000 -4.0000
v -5.0000 -15.0000 -5.0000
v -6.0000 -16.0000 -5.0000
v -5.0000 -16.0000 -5.0000
v -5.0000 -11.0000 -5.0000
v -5.0000 -9.0000 -4.0000
v -5.0000 -9.0000 -5.0000
v -5.0000 -15.0000 -6.0000
v -6.0000 -16.0000 -6.0000
v -5.0000 -16.0000 -6.0000
v -5.0000 -11.0000 -6.0000
v -5.0000 -9.0000 -6.0000
v -5.0000 -15.0000 -7.0000
v -6.0000 -16.0000 -7.0000
v -5.0000 -16.0000 -7.0000
v -5.0000 -11.0000 -7.0000
v -5.0000 -9.0000 -7.0000
v -5.0000 -15.0000 -8.0000
v -6.0000 -16.0000 -8.0000
v -5.0000 -16.0000 -8.0000
v -5.0000 -11.0000 -8.0000
v -5.0000 -9.0000 -8.0000
v -5.0000 -10.0000 -8.0000
v -6.0000 -16.0000 -9.0000
v -5.0000 -16.0000 -9.0000
v -5.0000 -14.0000 -8.0000
v -5.0000 -14.0000 -9.0000
v -5.0000 -15.0000 -9.0000
v -5.0000 -10.0000 -9.0000
v -5.0000 -11.0000 -9.0000
v -5.0000 -15.0000 -10.0000
v -6.0000 -16.0000 -10.0000
v -5.0000 -16.0000 -10.0000
v -5.0000 -10.0000 -10.0000
v -5.0000 -11.0000 -10.0000
v -5.0000 -14.0000 -10.0000
v -5.0000 -14.0000 -11.0000
v -5.0000 -15.0000 -11.0000
v -5.0000 -10.0000 -11.0000
v -5.0000 -11.0000 -11.0000
v -5.0000 -14.0000 -12.0000
v -6.0000 -15.0000 -12.0000
v -5.0000 -15.0000 -12.0000
v -5.0000 -10.0000 -12.0000
v -5.0000 -11.0000 -12.0000
v -6.0000 -14.0000 -13.0000
v -5.0000 -14.0000 -13.0000
v -5.0000 -13.0000 -12.0000
v -6.0000 -13.0000 -13.0000
v -5.0000 -13.0000 -13.0000
v -5.0000 -12.0000 -12.0000
v -5.0000 -12.0000 -13.0000
v -5.0000 -10.0000 -13.0000
v -5.0000 -11.0000 -13.0000
v -6.0000 -12.0000 -14.0000
v -5.0000 -12.0000 -14.0000
v -6.0000 -11.0000 -14.0000
v -5.0000 -11.0000 -14.0000
v -5.0000 -10.0000 -14.0000
v -6.0000 -10.0000 -15.0000
v -5.0000 -10.0000 -15.0000
v -5.0000 -9.0000 -14.0000
v -6.0000 -9.0000 -15.0000
v -5.0000 -9.0000 -15.0000
v -5.0000 -8.0000 -14.0000
v -5.0000 -8.0000 -15.0000
v -6.0000 -8.0000 -15.0000
v -5.0000 -10.0000 12.0000
v -5.0000 -10.0000 11.0000
v -4.0000 -10.0000 11.0000
v -4.0000 -10.0000 12.0000
v -4.0000 -9.0000 12.0000
v -5.0000 -9.0000 12.0000
v -5.0000 -9.0000 11.0000
v -5.0000 -8.0000 12.0000
v -4.0000 -8.0000 12.0000
v -4.0000 -8.0000 11.0000
v -5.0000 -8.0000 11.0000
v -4.0000 -10.0000 10.0000
v -4.0000 -9.0000 10.0000
v -4.0000 -8.0000 10.0000
v -5.0000 -12.0000 10.0000
v -4.0000 -12.0000 9.0000
v -4.0000 -12.0000 10.0000
v -4.0000 -11.0000 10.0000
v -5.0000 -11.0000 10.0000
v -4.0000 -11.0000 9.0000
v -4.0000 -10.0000 9.0000
v -5.0000 -14.0000 9.0000
v -5.0000 -14.0000 8.0000
v -4.0000 -14.0000 8.0000
v -4.0000 -14.0000 9.0000
v -4.0000 -13.0000 9.0000
v -5.0000 -13.0000 9.0000
v -4.0000 -13.0000 8.0000
v -5.0000 -13.0000 8.0000
v -4.0000 -12.0000 8.0000
v -4.0000 -10.0000 8.0000
v -4.0000 -11.0000 8.0000
v -5.0000 -14.0000 7.0000
v -4.0000 -14.0000 7.0000
v -4.0000 -13.0000 7.0000
v -5.0000 -13.0000 7.0000
v -4.0000 -12.0000 7.0000
v -4.0000 -11.0000 7.0000
v -4.0000 -10.0000 7.0000
v -4.0000 -9.0000 8.0000
v -5.0000 -9.0000 8.0000
v -4.0000 -9.0000 7.0000
v -5.0000 -9.0000 7.0000
v -4.0000 -8.0000 8.0000
v -5.0000 -8.0000 8.0000
v -4.0000 -8.0000 7.0000
v -5.0000 -8.0000 7.0000
v -4.0000 -7.0000 8.0000
v -5.0000 -7.0000 8.0000
v -4.0000 -7.0000 7.0000
v -5.0000 -7.0000 7.0000
v -4.0000 -6.0000 8.0000
v -5.0000 -6.0000 8.0000
v -5.0000 -6.0000 7.0000
v -4.0000 -5.0000 8.0000
v -5.0000 -5.0000 8.0000
v -5.0000 -5.0000 7.0000
v -4.0000 -5.0000 7.0000
v -4.0000 -6.0000 7.0000
v -4.0000 -4.0000 8.0000
v -5.0000 -4.0000 8.0000
v -5.0000 -4.0000 7.0000
v -4.0000 -3.0000 8.0000
v -5.0000 -3.0000 8.0000
v -5.0000 -3.0000 7.0000
v -4.0000 -3.0000 7.0000
v -4.0000 -4.0000 7.0000
v -5.0000 -2.0000 8.0000
v -4.0000 -2.0000 8.0000
v -4.0000 -2.0000 7.0000
v -5.0000 -2.0000 7.0000
v -5.0000 -14.0000 6.0000
v -4.0000 -14.0000 6.0000
v -4.0000 -13.0000 6.0000
v -5.0000 -13.0000 6.0000
v -4.0000 -12.0000 6.0000
v -4.0000 -11.0000 6.0000
v -4.0000 -10.0000 6.0000
v -4.0000 -9.0000 6.0000
v -4.0000 -8.0000 6.0000
v -5.0000 -8.0000 6.0000
v -4.0000 -7.0000 6.0000
v -5.0000 -7.0000 6.0000
v -4.0000 -6.0000 6.0000
v -5.0000 -6.0000 6.0000
v -4.0000 -4.0000 6.0000
v -5.0000 -4.0000 6.0000
v -5.0000 -5.0000 6.0000
v -4.0000 -5.0000 6.0000
v -4.0000 -2.0000 6.0000
v -5.0000 -2.0000 6.0000
v -5.0000 -3.0000 6.0000
v -4.0000 -3.0000 6.0000
v -4.0000 -14.0000 5.0000
v -4.0000 -13.0000 5.0000
v -4.0000 -12.0000 5.0000
v -4.0000 -11.0000 5.0000
v -4.0000 -10.0000 5.0000
v -4.0000 -9.0000 5.0000
v -4.0000 -8.0000 5.0000
v -4.0000 -7.0000 5.0000
v -5.0000 -7.0000 5.0000
v -4.0000 -6.0000 5.0000
v -5.0000 -6.0000 5.0000
v -5.0000 -5.0000 5.0000
v -4.0000 -5.0000 5.0000
v -5.0000 -4.0000 5.0000
v -5.0000 -3.0000 5.0000
v -4.0000 -3.0000 5.0000
v -4.0000 -4.0000 5.0000
v -4.0000 -2.0000 5.0000
v -5.0000 -2.0000 5.0000
v -4.0000 -14.0000 4.0000
v -5.0000 -15.0000 5.0000
v -5.0000 -15.0000 4.0000
v -4.0000 -15.0000 4.0000
v -4.0000 -15.0000 5.0000
v -4.0000 -11.0000 4.0000
v -4.0000 -10.0000 4.0000
v -4.0000 -9.0000 4.0000
v -4.0000 -8.0000 4.0000
v -4.0000 -7.0000 4.0000
v -4.0000 -6.0000 4.0000
v -5.0000 -6.0000 4.0000
v -4.0000 -4.0000 4.0000
v -5.0000 -4.0000 4.0000
v -5.0000 -5.0000 4.0000
v -4.0000 -5.0000 4.0000
v -4.0000 -2.0000 4.0000
v -5.0000 -2.0000 4.0000
v -5.0000 -3.0000 4.0000
v -4.0000 -3.0000 4.0000
v -4.0000 -14.0000 3.0000
v -5.0000 -15.0000 3.0000
v -4.0000 -15.0000 3.0000
v -4.0000 -11.0000 3.0000
v -4.0000 -10.0000 3.0000
v -4.0000 -9.0000 3.0000
v -5.0000 -9.0000 3.0000
v -4.0000 -8.0000 3.0000
v -4.0000 -7.0000 3.0000
v -4.0000 -6.0000 3.0000
v -5.0000 -6.0000 3.0000
v -4.0000 -5.0000 3.0000
v -5.0000 -5.0000 3.0000
v -4.0000 -4.0000 3.0000
v -5.0000 -4.0000 3.0000
v -4.0000 -3.0000 3.0000
v -5.0000 -3.0000 3.0000
v -4.0000 -2.0000 3.0000
v -5.0000 -2.0000 3.0000
v -4.0000 -14.0000 2.0000
v -5.0000 -15.0000 2.0000
v -4.0000 -15.0000 2.0000
v -4.0000 -11.0000 2.0000
v -4.0000 -10.0000 2.0000
v -4.0000 -9.0000 2.0000
v -5.0000 -9.0000 2.0000
v -4.0000 -8.0000 2.0000
v -4.0000 -7.0000 2.0000
v -4.0000 -6.0000 2.0000
v -5.0000 -6.0000 2.0000
v -5.0000 -5.0000 2.0000
v -4.0000 -5.0000 2.0000
v -5.0000 -4.0000 2.0000
v -4.0000 -4.0000 2.0000
v -5.0000 -3.0000 2.0000
v -4.0000 -3.0000 2.0000
v -4.0000 -2.0000 2.0000
v -5.0000 -2.0000 2.0000
v -4.0000 -14.0000 1.0000
v -4.0000 -15.0000 1.0000
v -4.0000 -11.0000 1.0000
v -4.0000 -10.0000 1.0000
v -4.0000 -9.0000 1.0000
v -4.0000 -8.0000 1.0000
v -4.0000 -7.0000 1.0000
v -4.0000 -6.0000 1.0000
v -5.0000 -6.0000 1.0000
v -4.0000 -2.0000 1.0000
v -5.0000 -2.0000 1.0000
v -5.0000 -3.0000 1.0000
v -4.0000 -3.0000 1.0000
v -4.0000 -15.0000 -0.0000
v -5.0000 -16.0000 1.0000
v -5.0000 -16.0000 -0.0000
v -4.0000 -16.0000 -0.0000
v -4.0000 -16.0000 1.0000
v -4.0000 -11.0000 -0.0000
v -4.0000 -10.0000 -0.0000
v -4.0000 -9.0000 -0.0000
v -4.0000 -8.0000 -0.0000
v -5.0000 -7.0000 -0.0000
v -4.0000 -6.0000 -0.0000
v -5.0000 -6.0000 -0.0000
v -4.0000 -2.0000 -0.0000
v -5.0000 -2.0000 -0.0000
v -5.0000 -3.0000 -0.0000
v -4.0000 -3.0000 -0.0000
v -4.0000 -15.0000 -1.0000
v -5.0000 -16.0000 -1.0000
v -4.0000 -16.0000 -1.0000
v -4.0000 -11.0000 -1.0000
v -4.0000 -10.0000 -1.0000
v -4.0000 -9.0000 -1.0000
v -4.0000 -8.0000 -1.0000
v -5.0000 -8.0000 -1.0000
v -5.0000 -7.0000 -1.0000
v -4.0000 -7.0000 -0.0000
v -4.0000 -7.0000 -1.0000
v -4.0000 -6.0000 -1.0000
v -5.0000 -6.0000 -1.0000
v -4.0000 -5.0000 -0.0000
v -5.0000 -5.0000 -0.0000
v -4.0000 -5.0000 -1.0000
v -5.0000 -5.0000 -1.0000
v -4.0000 -4.0000 -0.0000
v -5.0000 -4.0000 -0.0000
v -4.0000 -4.0000 -1.0000
v -5.0000 -4.0000 -1.0000
v -4.0000 -3.0000 -1.0000
v -5.0000 -3.0000 -1.0000
v -4.0000 -2.0000 -1.0000
v -5.0000 -2.0000 -1.0000
v -4.0000 -15.0000 -2.0000
v -5.0000 -16.0000 -2.0000
v -4.0000 -16.0000 -2.0000
v -4.0000 -11.0000 -2.0000
v -4.0000 -10.0000 -2.0000
v -4.0000 -9.0000 -2.0000
v -5.0000 -9.0000 -2.0000
v -4.0000 -8.0000 -2.0000
v -5.0000 -8.0000 -2.0000
v -4.0000 -7.0000 -2.0000
v -5.0000 -7.0000 -2.0000
v -4.0000 -6.0000 -2.0000
v -5.0000 -6.0000 -2.0000
v -4.0000 -5.0000 -2.0000
v -5.0000 -5.0000 -2.0000
v -4.0000 -4.0000 -2.0000
v -5.0000 -4.0000 -2.0000
v -4.0000 -3.0000 -2.0000
v -5.0000 -3.0000 -2.0000
v -4.0000 -2.0000 -2.0000
v -5.0000 -2.0000 -2.0000
v -4.0000 -15.0000 -3.0000
v -4.0000 -16.0000 -3.0000
v -4.0000 -11.0000 -3.0000
v -4.0000 -10.0000 -3.0000
v -4.0000 -9.0000 -3.0000
v -5.0000 -9.0000 -3.0000
v -4.0000 -8.0000 -3.0000
v -5.0000 -8.0000 -3.0000
v -4.0000 -7.0000 -3.0000
v -5.0000 -7.0000 -3.0000
v -4.0000 -6.0000 -3.0000
v -5.0000 -6.0000 -3.0000
v -5.0000 -5.0000 -3.0000
v -4.0000 -5.0000 -3.0000
v -5.0000 -4.0000 -3.0000
v -4.0000 -4.0000 -3.0000
v -5.0000 -3.0000 -3.0000
v -4.0000 -3.0000 -3.0000
v -4.0000 -2.0000 -3.0000
v -5.0000 -2.0000 -3.0000
v -4.0000 -15.0000 -4.0000
v -4.0000 -16.0000 -4.0000
v -4.0000 -11.0000 -4.0000
v -4.0000 -10.0000 -4.0000
v -4.0000 -9.0000 -4.0000
v -4.0000 -8.0000 -4.0000
v -5.0000 -8.0000 -4.0000
v -4.0000 -7.0000 -4.0000
v -5.0000 -7.0000 -4.0000
v -4.0000 -6.0000 -4.0000
v -5.0000 -6.0000 -4.0000
v -4.0000 -2.0000 -4.0000
v -5.0000 -2.0000 -4.0000
v -5.0000 -3.0000 -4.0000
v -4.0000 -3.0000 -4.0000
v -4.0000 -15.0000 -5.0000
v -4.0000 -16.0000 -5.0000
v -4.0000 -11.0000 -5.0000
v -4.0000 -10.0000 -5.0000
v -4.0000 -9.0000 -5.0000
v -4.0000 -8.0000 -5.0000
v -5.0000 -8.0000 -5.0000
v -4.0000 -7.0000 -5.0000
v -5.0000 -7.0000 -5.0000
v -4.0000 -6.0000 -5.0000
v -5.0000 -6.0000 -5.0000
v -4.0000 -2.0000 -5.0000
v -5.0000 -2.0000 -5.0000
v -5.0000 -3.0000 -5.0000
v -4.0000 -3.0000 -5.0000
v -4.0000 -15.0000 -6.0000
v -4.0000 -16.0000 -6.0000
v -4.0000 -11.0000 -6.0000
v -4.0000 -10.0000 -6.0000
v -4.0000 -9.0000 -6.0000
v -4.0000 -8.0000 -6.0000
v -5.0000 -8.0000 -6.0000
v -4.0000 -7.0000 -6.0000
v -5.0000 -7.0000 -6.0000
v -4.0000 -6.0000 -6.0000
v -5.0000 -6.0000 -6.0000
v -4.0000 -5.0000 -5.0000
v -5.0000 -5.0000 -5.0000
v -4.0000 -5.0000 -6.0000
v -5.0000 -5.0000 -6.0000
v -4.0000 -4.0000 -5.0000
v -5.0000 -4.0000 -5.0000
v -4.0000 -4.0000 -6.0000
v -5.0000 -4.0000 -6.0000
v -4.0000 -3.0000 -6.0000
v -5.0000 -3.0000 -6.0000
v -4.0000 -2.0000 -6.0000
v -5.0000 -2.0000 -6.0000
v -4.0000 -15.0000 -7.0000
v -4.0000 -16.0000 -7.0000
v -4.0000 -11.0000 -7.0000
v -4.0000 -10.0000 -7.0000
v -4.0000 -9.0000 -7.0000
v -4.0000 -8.0000 -7.0000
v -5.0000 -8.0000 -7.0000
v -4.0000 -7.0000 -7.0000
v -5.0000 -7.0000 -7.0000
v -4.0000 -6.0000 -7.0000
v -5.0000 -6.0000 -7.0000
v -4.0000 -5.0000 -7.0000
v -5.0000 -5.0000 -7.0000
v -4.0000 -4.0000 -7.0000
v -5.0000 -4.0000 -7.0000
v -4.0000 -3.0000 -7.0000
v -5.0000 -3.0000 -7.0000
v -4.0000 -2.0000 -7.0000
v -5.0000 -2.0000 -7.0000
v -4.0000 -15.0000 -8.0000
v -4.0000 -16.0000 -8.0000
v -4.0000 -11.0000 -8.0000
v -4.0000 -10.0000 -8.0000
v -4.0000 -9.0000 -8.0000
v -4.0000 -8.0000 -8.0000
v -5.0000 -8.0000 -8.0000
v -4.0000 -7.0000 -8.0000
v -5.0000 -7.0000 -8.0000
v -4.0000 -6.0000 -8.0000
v -5.0000 -6.0000 -8.0000
v -5.0000 -5.0000 -8.0000
v -4.0000 -5.0000 -8.0000
v -5.0000 -4.0000 -8.0000
v -4.0000 -4.0000 -8.0000
v -5.0000 -3.0000 -8.0000
v -4.0000 -3.0000 -8.0000
v -4.0000 -2.0000 -8.0000
v -5.0000 -2.0000 -8.0000
v -4.0000 -16.0000 -9.0000
v -4.0000 -14.0000 -8.0000
v -4.0000 -14.0000 -9.0000
v -4.0000 -15.0000 -9.0000
v -4.0000 -11.0000 -9.0000
v -4.0000 -10.0000 -9.0000
v -4.0000 -9.0000 -9.0000
v -5.0000 -9.0000 -9.0000
v -4.0000 -8.0000 -9.0000
v -5.0000 -8.0000 -9.0000
v -4.0000 -7.0000 -9.0000
v -5.0000 -7.0000 -9.0000
v -4.0000 -6.0000 -9.0000
v -5.0000 -6.0000 -9.0000
v -4.0000 -2.0000 -9.0000
v -5.0000 -2.0000 -9.0000
v -5.0000 -3.0000 -9.0000
v -4.0000 -3.0000 -9.0000
v -4.0000 -15.0000 -10.0000
v -4.0000 -16.0000 -10.0000
v -4.0000 -11.0000 -10.0000
v -4.0000 -10.0000 -10.0000
v -4.0000 -9.0000 -10.0000
v -5.0000 -9.0000 -10.0000
v -4.0000 -8.0000 -10.0000
v -5.0000 -8.0000 -10.0000
v -4.0000 -7.0000 -10.0000
v -5.0000 -7.0000 -10.0000
v -4.0000 -6.0000 -10.0000
v -5.0000 -6.0000 -10.0000
v -4.0000 -2.0000 -10.0000
v -5.0000 -2.0000 -10.0000
v -5.0000 -3.0000 -10.0000
v -4.0000 -3.0000 -10.0000
v -4.0000 -15.0000 -11.0000
v -5.0000 -16.0000 -11.0000
v -4.0000 -16.0000 -11.0000
v -4.0000 -11.0000 -11.0000
v -4.0000 -10.0000 -11.0000
v -4.0000 -9.0000 -11.0000
v -5.0000 -9.0000 -11.0000
v -4.0000 -8.0000 -11.0000
v -5.0000 -8.0000 -11.0000
v -4.0000 -7.0000 -11.0000
v -5.0000 -7.0000 -11.0000
v -4.0000 -6.0000 -11.0000
v -5.0000 -6.0000 -11.0000
v -4.0000 -5.0000 -10.0000
v -5.0000 -5.0000 -10.0000
v -4.0000 -5.0000 -11.0000
v -5.0000 -5.0000 -11.0000
v -4.0000 -4.0000 -10.0000
v -5.0000 -4.0000 -10.0000
v -4.0000 -4.0000 -11.0000
v -5.0000 -4.0000 -11.0000
v -4.0000 -3.0000 -11.0000
v -5.0000 -3.0000 -11.0000
v -4.0000 -2.0000 -11.0000
v -5.0000 -2.0000 -11.0000
v -4.0000 -14.0000 -11.0000
v -4.0000 -14.0000 -12.0000
v -4.0000 -15.0000 -12.0000
v -4.0000 -11.0000 -12.0000
v -4.0000 -10.0000 -12.0000
v -5.0000 -9.0000 -12.0000
v -4.0000 -9.0000 -12.0000
v -5.0000 -8.0000 -12.0000
v -4.0000 -8.0000 -12.0000
v -5.0000 -7.0000 -12.0000
v -4.0000 -7.0000 -12.0000
v -5.0000 -6.0000 -12.0000
v -4.0000 -6.0000 -12.0000
v -5.0000 -5.0000 -12.0000
v -4.0000 -5.0000 -12.0000
v -5.0000 -4.0000 -12.0000
v -4.0000 -4.0000 -12.0000
v -5.0000 -3.0000 -12.0000
v -4.0000 -3.0000 -12.0000
v -4.0000 -2.0000 -12.0000
v -5.0000 -2.0000 -12.0000
v -4.0000 -14.0000 -13.0000
v -5.0000 -15.0000 -13.0000
v -4.0000 -15.0000 -13.0000
v -4.0000 -10.0000 -13.0000
v -4.0000 -11.0000 -13.0000
v -5.0000 -14.0000 -14.0000
v -4.0000 -14.0000 -14.0000
v -4.0000 -13.0000 -13.0000
v -5.0000 -13.0000 -14.0000
v -4.0000 -13.0000 -14.0000
v -4.0000 -12.0000 -13.0000
v -4.0000 -12.0000 -14.0000
v -4.0000 -10.0000 -14.0000
v -4.0000 -11.0000 -14.0000
v -5.0000 -12.0000 -15.0000
v -4.0000 -12.0000 -15.0000
v -5.0000 -11.0000 -15.0000
v -4.0000 -11.0000 -15.0000
v -4.0000 -10.0000 -15.0000
v -5.0000 -10.0000 -16.0000
v -4.0000 -10.0000 -16.0000
v -4.0000 -9.0000 -15.0000
v -5.0000 -9.0000 -16.0000
v -4.0000 -9.0000 -16.0000
v -4.0000 -8.0000 -15.0000
v -4.0000 -8.0000 -16.0000
v -5.0000 -8.0000 -16.0000
v -4.0000 -10.0000 13.0000
v -3.0000 -10.0000 12.0000
v -3.0000 -10.0000 13.0000
v -3.0000 -9.0000 13.0000
v -4.0000 -9.0000 13.0000
v -3.0000 -9.0000 12.0000
v -4.0000 -8.0000 13.0000
v -3.0000 -8.0000 13.0000
v -3.0000 -8.0000 12.0000
v -4.0000 -12.0000 12.0000
v -4.0000 -12.0000 11.0000
v -3.0000 -12.0000 11.0000
v -3.0000 -12.0000 12.0000
v -3.0000 -11.0000 12.0000
v -4.0000 -11.0000 12.0000
v -3.0000 -11.0000 11.0000
v -4.0000 -11.0000 11.0000
v -3.0000 -10.0000 11.0000
v -3.0000 -7.0000 12.0000
v -4.0000 -7.0000 12.0000
v -4.0000 -7.0000 11.0000
v -4.0000 -6.0000 12.0000
v -3.0000 -6.0000 12.0000
v -3.0000 -6.0000 11.0000
v -4.0000 -6.0000 11.0000
v -3.0000 -7.0000 11.0000
v -3.0000 -12.0000 10.0000
v -3.0000 -11.0000 10.0000
v -3.0000 -7.0000 10.0000
v -4.0000 -7.0000 10.0000
v -4.0000 -14.0000 10.0000
v -3.0000 -14.0000 9.0000
v -3.0000 -14.0000 10.0000
v -3.0000 -13.0000 10.0000
v -4.0000 -13.0000 10.0000
v -3.0000 -13.0000 9.0000
v -3.0000 -12.0000 9.0000
v -3.0000 -11.0000 9.0000
v -4.0000 -9.0000 9.0000
v -4.0000 -8.0000 9.0000
v -3.0000 -7.0000 9.0000
v -4.0000 -7.0000 9.0000
v -3.0000 -14.0000 8.0000
v -4.0000 -15.0000 9.0000
v -4.0000 -15.0000 8.0000
v -3.0000 -15.0000 8.0000
v -3.0000 -15.0000 9.0000
v -3.0000 -11.0000 8.0000
v -3.0000 -10.0000 8.0000
v -3.0000 -9.0000 8.0000
v -3.0000 -8.0000 8.0000
v -3.0000 -7.0000 8.0000
v -3.0000 -6.0000 9.0000
v -4.0000 -6.0000 9.0000
v -3.0000 -5.0000 9.0000
v -4.0000 -5.0000 9.0000
v -3.0000 -4.0000 9.0000
v -4.0000 -4.0000 9.0000
v -3.0000 -5.0000 8.0000
v -3.0000 -4.0000 8.0000
v -3.0000 -3.0000 9.0000
v -4.0000 -3.0000 9.0000
v -3.0000 -3.0000 8.0000
v -3.0000 -2.0000 9.0000
v -4.0000 -2.0000 9.0000
v -3.0000 -2.0000 8.0000
v -4.0000 -1.0000 9.0000
v -3.0000 -1.0000 9.0000
v -3.0000 -1.0000 8.0000
v -4.0000 -1.0000 8.0000
v -3.0000 -14.0000 7.0000
v -4.0000 -15.0000 7.0000
v -3.0000 -15.0000 7.0000
v -3.0000 -7.0000 7.0000
v -3.0000 -6.0000 8.0000
v -3.0000 -6.0000 7.0000
v -3.0000 -5.0000 7.0000
v -3.0000 -4.0000 7.0000
v -3.0000 -3.0000 7.0000
v -3.0000 -2.0000 7.0000
v -3.0000 -1.0000 7.0000
v -4.0000 -1.0000 7.0000
v -3.0000 -14.0000 6.0000
v -4.0000 -15.0000 6.0000
v -3.0000 -15.0000 6.0000
v -3.0000 -7.0000 6.0000
v -3.0000 -6.0000 6.0000
v -3.0000 -5.0000 6.0000
v -3.0000 -4.0000 6.0000
v -3.0000 -3.0000 6.0000
v -3.0000 -2.0000 6.0000
v -3.0000 -1.0000 6.0000
v -4.0000 -1.0000 6.0000
v -3.0000 -14.0000 5.0000
v -3.0000 -15.0000 5.0000
v -3.0000 -6.0000 5.0000
v -3.0000 -5.0000 5.0000
v -3.0000 -4.0000 5.0000
v -3.0000 -3.0000 5.0000
v -3.0000 -2.0000 5.0000
v -3.0000 -1.0000 5.0000
v -4.0000 -1.0000 5.0000
v -4.0000 -16.0000 5.0000
v -4.0000 -16.0000 4.0000
v -3.0000 -16.0000 4.0000
v -3.0000 -16.0000 5.0000
v -3.0000 -14.0000 4.0000
v -3.0000 -15.0000 4.0000
v -3.0000 -6.0000 4.0000
v -3.0000 -5.0000 4.0000
v -3.0000 -4.0000 4.0000
v -3.0000 -3.0000 4.0000
v -3.0000 -2.0000 4.0000
v -3.0000 -1.0000 4.0000
v -4.0000 -1.0000 4.0000
v -3.0000 -15.0000 3.0000
v -4.0000 -16.0000 3.0000
v -3.0000 -16.0000 3.0000
v -3.0000 -8.0000 4.0000
v -3.0000 -8.0000 3.0000
v -3.0000 -9.0000 3.0000
v -3.0000 -9.0000 4.0000
v -3.0000 -1.0000 3.0000
v -4.0000 -1.0000 3.0000
v -3.0000 -2.0000 3.0000
v -3.0000 -15.0000 2.0000
v -4.0000 -16.0000 2.0000
v -3.0000 -16.0000 2.0000
v -3.0000 -1.0000 2.0000
v -4.0000 -1.0000 2.0000
v -3.0000 -2.0000 2.0000
v -3.0000 -15.0000 1.0000
v -3.0000 -16.0000 1.0000
v -3.0000 -7.0000 1.0000
v -3.0000 -7.0000 2.0000
v -3.0000 -6.0000 2.0000
v -3.0000 -6.0000 1.0000
v -3.0000 -5.0000 2.0000
v -3.0000 -5.0000 1.0000
v -4.0000 -5.0000 1.0000
v -3.0000 -4.0000 2.0000
v -3.0000 -4.0000 1.0000
v -4.0000 -4.0000 1.0000
v -3.0000 -3.0000 2.0000
v -3.0000 -3.0000 1.0000
v -3.0000 -1.0000 1.0000
v -4.0000 -1.0000 1.0000
v -3.0000 -2.0000 1.0000
v -3.0000 -15.0000 -0.0000
v -3.0000 -16.0000 -0.0000
v -3.0000 -8.0000 -0.0000
v -3.0000 -8.0000 1.0000
v -3.0000 -7.0000 -0.0000
v -3.0000 -6.0000 -0.0000
v -3.0000 -5.0000 -0.0000
v -3.0000 -4.0000 -0.0000
v -3.0000 -3.0000 -0.0000
v -3.0000 -1.0000 -0.0000
v -4.0000 -1.0000 -0.0000
v -3.0000 -2.0000 -0.0000
v -3.0000 -15.0000 -1.0000
v -3.0000 -16.0000 -1.0000
v -3.0000 -7.0000 -1.0000
v -3.0000 -8.0000 -1.0000
v -3.0000 -1.0000 -1.0000
v -4.0000 -1.0000 -1.0000
v -3.0000 -2.0000 -1.0000
v -3.0000 -15.0000 -2.0000
v -3.0000 -16.0000 -2.0000
v -3.0000 -1.0000 -2.0000
v -4.0000 -1.0000 -2.0000
v -3.0000 -2.0000 -2.0000
v -3.0000 -15.0000 -3.0000
v -3.0000 -16.0000 -3.0000
v -3.0000 -1.0000 -3.0000
v -4.0000 -1.0000 -3.0000
v -3.0000 -2.0000 -3.0000
v -3.0000 -15.0000 -4.0000
v -3.0000 -16.0000 -4.0000
v -3.0000 -7.0000 -4.0000
v -3.0000 -7.0000 -3.0000
v -3.0000 -6.0000 -3.0000
v -3.0000 -6.0000 -4.0000
v -3.0000 -5.0000 -3.0000
v -3.0000 -5.0000 -4.0000
v -4.0000 -5.0000 -4.0000
v -3.0000 -4.0000 -3.0000
v -3.0000 -4.0000 -4.0000
v -4.0000 -4.0000 -4.0000
v -3.0000 -3.0000 -3.0000
v -3.0000 -3.0000 -4.0000
v -3.0000 -1.0000 -4.0000
v -4.0000 -1.0000 -4.0000
v -3.0000 -2.0000 -4.0000
v -3.0000 -15.0000 -5.0000
v -3.0000 -16.0000 -5.0000
v -3.0000 -7.0000 -5.0000
v -3.0000 -6.0000 -5.0000
v -3.0000 -5.0000 -5.0000
v -3.0000 -4.0000 -5.0000
v -3.0000 -3.0000 -5.0000
v -3.0000 -1.0000 -5.0000
v -4.0000 -1.0000 -5.0000
v -3.0000 -2.0000 -5.0000
v -3.0000 -15.0000 -6.0000
v -3.0000 -16.0000 -6.0000
v -3.0000 -1.0000 -6.0000
v -4.0000 -1.0000 -6.0000
v -3.0000 -2.0000 -6.0000
v -3.0000 -15.0000 -7.0000
v -3.0000 -16.0000 -7.0000
v -3.0000 -1.0000 -7.0000
v -4.0000 -1.0000 -7.0000
v -3.0000 -2.0000 -7.0000
v -3.0000 -15.0000 -8.0000
v -3.0000 -16.0000 -8.0000
v -3.0000 -1.0000 -8.0000
v -4.0000 -1.0000 -8.0000
v -3.0000 -2.0000 -8.0000
v -3.0000 -16.0000 -9.0000
v -3.0000 -14.0000 -8.0000
v -3.0000 -14.0000 -9.0000
v -3.0000 -15.0000 -9.0000
v -3.0000 -7.0000 -9.0000
v -3.0000 -7.0000 -8.0000
v -3.0000 -6.0000 -8.0000
v -3.0000 -6.0000 -9.0000
v -3.0000 -5.0000 -8.0000
v -3.0000 -5.0000 -9.0000
v -4.0000 -5.0000 -9.0000
v -3.0000 -4.0000 -8.0000
v -3.0000 -4.0000 -9.0000
v -4.0000 -4.0000 -9.0000
v -3.0000 -3.0000 -8.0000
v -3.0000 -3.0000 -9.0000
v -3.0000 -1.0000 -9.0000
v -4.0000 -1.0000 -9.0000
v -3.0000 -2.0000 -9.0000
v -3.0000 -15.0000 -10.0000
v -3.0000 -16.0000 -10.0000
v -3.0000 -7.0000 -10.0000
v -3.0000 -6.0000 -10.0000
v -3.0000 -5.0000 -10.0000
v -3.0000 -4.0000 -10.0000
v -3.0000 -3.0000 -10.0000
v -3.0000 -1.0000 -10.0000
v -4.0000 -1.0000 -10.0000
v -3.0000 -2.0000 -10.0000
v -3.0000 -15.0000 -11.0000
v -3.0000 -16.0000 -11.0000
v -3.0000 -1.0000 -11.0000
v -4.0000 -1.0000 -11.0000
v -3.0000 -2.0000 -11.0000
v -3.0000 -15.0000 -12.0000
v -4.0000 -16.0000 -12.0000
v -3.0000 -16.0000 -12.0000
v -3.0000 -1.0000 -12.0000
v -4.0000 -1.0000 -12.0000
v -3.0000 -2.0000 -12.0000
v -3.0000 -14.0000 -12.0000
v -3.0000 -14.0000 -13.0000
v -3.0000 -15.0000 -13.0000
v -3.0000 -11.0000 -13.0000
v -3.0000 -11.0000 -12.0000
v -3.0000 -10.0000 -12.0000
v -3.0000 -9.0000 -12.0000
v -4.0000 -9.0000 -13.0000
v -3.0000 -9.0000 -13.0000
v -3.0000 -10.0000 -13.0000
v -3.0000 -8.0000 -12.0000
v -4.0000 -8.0000 -13.0000
v -3.0000 -8.0000 -13.0000
v -3.0000 -7.0000 -12.0000
v -4.0000 -7.0000 -13.0000
v -3.0000 -7.0000 -13.0000
v -3.0000 -6.0000 -12.0000
v -4.0000 -6.0000 -13.0000
v -3.0000 -6.0000 -13.0000
v -3.0000 -5.0000 -12.0000
v -4.0000 -5.0000 -13.0000
v -3.0000 -5.0000 -13.0000
v -3.0000 -4.0000 -12.0000
v -4.0000 -4.0000 -13.0000
v -3.0000 -4.0000 -13.0000
v -3.0000 -3.0000 -12.0000
v -4.0000 -3.0000 -13.0000
v -3.0000 -3.0000 -13.0000
v -3.0000 -2.0000 -13.0000
v -4.0000 -2.0000 -13.0000
v -3.0000 -14.0000 -14.0000
v -3.0000 -13.0000 -13.0000
v -3.0000 -13.0000 -14.0000
v -3.0000 -12.0000 -13.0000
v -3.0000 -12.0000 -14.0000
v -3.0000 -10.0000 -14.0000
v -3.0000 -11.0000 -14.0000
v -3.0000 -12.0000 -15.0000
v -3.0000 -11.0000 -15.0000
v -3.0000 -10.0000 -15.0000
v -3.0000 -10.0000 -16.0000
v -3.0000 -9.0000 -15.0000
v -3.0000 -9.0000 -16.0000
v -3.0000 -8.0000 -15.0000
v -3.0000 -8.0000 -16.0000
v -3.0000 -10.0000 14.0000
v -2.0000 -10.0000 13.0000
v -2.0000 -10.0000 14.0000
v -2.0000 -9.0000 14.0000
v -3.0000 -9.0000 14.0000
v -2.0000 -9.0000 13.0000
v -3.0000 -8.0000 14.0000
v -2.0000 -8.0000 14.0000
v -2.0000 -8.0000 13.0000
v -3.0000 -12.0000 13.0000
v -2.0000 -12.0000 12.0000
v -2.0000 -12.0000 13.0000
v -2.0000 -11.0000 13.0000
v -3.0000 -11.0000 13.0000
v -2.0000 -11.0000 12.0000
v -2.0000 -10.0000 12.0000
v -3.0000 -14.0000 12.0000
v -3.0000 -14.0000 11.0000
v -2.0000 -14.0000 11.0000
v -2.0000 -14.0000 12.0000
v -2.0000 -13.0000 12.0000
v -3.0000 -13.0000 12.0000
v -2.0000 -13.0000 11.0000
v -3.0000 -13.0000 11.0000
v -2.0000 -12.0000 11.0000
v -2.0000 -10.0000 11.0000
v -2.0000 -9.0000 12.0000
v -2.0000 -8.0000 12.0000
v -2.0000 -7.0000 12.0000
v -2.0000 -6.0000 12.0000
v -2.0000 -6.0000 11.0000
v -2.0000 -7.0000 11.0000
v -2.0000 -14.0000 10.0000
v -2.0000 -13.0000 10.0000
v -2.0000 -12.0000 10.0000
v -2.0000 -11.0000 10.0000
v -2.0000 -11.0000 11.0000
v -2.0000 -7.0000 10.0000
v -2.0000 -14.0000 9.0000
v -3.0000 -15.0000 10.0000
v -2.0000 -15.0000 9.0000
v -2.0000 -15.0000 10.0000
v -2.0000 -11.0000 9.0000
v -2.0000 -7.0000 9.0000
v -3.0000 -16.0000 9.0000
v -3.0000 -16.0000 8.0000
v -2.0000 -16.0000 8.0000
v -2.0000 -16.0000 9.0000
v -2.0000 -14.0000 8.0000
v -2.0000 -15.0000 8.0000
v -2.0000 -11.0000 8.0000
v -2.0000 -10.0000 8.0000
v -2.0000 -9.0000 8.0000
v -2.0000 -8.0000 8.0000
v -2.0000 -7.0000 8.0000
v -2.0000 -6.0000 9.0000
v -2.0000 -5.0000 9.0000
v -2.0000 -5.0000 8.0000
v -2.0000 -6.0000 8.0000
v -2.0000 -2.0000 8.0000
v -2.0000 -2.0000 9.0000
v -2.0000 -1.0000 9.0000
v -3.0000 0.0000 9.0000
v -2.0000 0.0000 9.0000
v -2.0000 0.0000 8.0000
v -3.0000 0.0000 8.0000
v -2.0000 -15.0000 7.0000
v -3.0000 -16.0000 7.0000
v -2.0000 -16.0000 7.0000
v -2.0000 -6.0000 7.0000
v -2.0000 -7.0000 7.0000
v -2.0000 -2.0000 7.0000
v -2.0000 0.0000 7.0000
v -3.0000 0.0000 7.0000
v -2.0000 -15.0000 6.0000
v -3.0000 -16.0000 6.0000
v -2.0000 -16.0000 6.0000
v -2.0000 -6.0000 6.0000
v -2.0000 -7.0000 6.0000
v -2.0000 -2.0000 6.0000
v -2.0000 0.0000 6.0000
v -3.0000 0.0000 6.0000
v -2.0000 -15.0000 5.0000
v -2.0000 -16.0000 5.0000
v -2.0000 -6.0000 5.0000
v -3.0000 -7.0000 5.0000
v -2.0000 -7.0000 5.0000
v -2.0000 -2.0000 5.0000
v -3.0000 0.0000 5.0000
v -2.0000 1.0000 6.0000
v -3.0000 1.0000 6.0000
v -2.0000 0.0000 5.0000
v -2.0000 1.0000 5.0000
v -3.0000 1.0000 5.0000
v -2.0000 2.0000 6.0000
v -3.0000 2.0000 6.0000
v -3.0000 2.0000 5.0000
v -3.0000 3.0000 6.0000
v -2.0000 3.0000 6.0000
v -2.0000 3.0000 5.0000
v -3.0000 3.0000 5.0000
v -2.0000 2.0000 5.0000
v -2.0000 -15.0000 4.0000
v -2.0000 -16.0000 4.0000
v -2.0000 -6.0000 4.0000
v -3.0000 -7.0000 4.0000
v -2.0000 -7.0000 4.0000
v -2.0000 -2.0000 4.0000
v -2.0000 -1.0000 4.0000
v -3.0000 0.0000 4.0000
v -3.0000 1.0000 4.0000
v -2.0000 1.0000 4.0000
v -2.0000 0.0000 4.0000
v -3.0000 2.0000 4.0000
v -2.0000 2.0000 4.0000
v -2.0000 3.0000 4.0000
v -3.0000 3.0000 4.0000
v -2.0000 -15.0000 3.0000
v -2.0000 -16.0000 3.0000
v -3.0000 -7.0000 3.0000
v -2.0000 -7.0000 3.0000
v -3.0000 -6.0000 3.0000
v -2.0000 -6.0000 3.0000
v -2.0000 -5.0000 4.0000
v -3.0000 -5.0000 3.0000
v -2.0000 -5.0000 3.0000
v -2.0000 -4.0000 4.0000
v -3.0000 -4.0000 3.0000
v -2.0000 -4.0000 3.0000
v -2.0000 -3.0000 4.0000
v -3.0000 -3.0000 3.0000
v -2.0000 -2.0000 3.0000
v -2.0000 -3.0000 3.0000
v -2.0000 0.0000 3.0000
v -3.0000 0.0000 3.0000
v -2.0000 -1.0000 3.0000
v -2.0000 -15.0000 2.0000
v -2.0000 -16.0000 2.0000
v -2.0000 -3.0000 2.0000
v -2.0000 -4.0000 2.0000
v -2.0000 0.0000 2.0000
v -3.0000 0.0000 2.0000
v -2.0000 -1.0000 2.0000
v -2.0000 -15.0000 1.0000
v -2.0000 -16.0000 1.0000
v -2.0000 0.0000 1.0000
v -3.0000 0.0000 1.0000
v -2.0000 -1.0000 1.0000
v -2.0000 -15.0000 -0.0000
v -2.0000 -16.0000 -0.0000
v -2.0000 0.0000 -0.0000
v -3.0000 0.0000 -0.0000
v -2.0000 -1.0000 -0.0000
v -2.0000 -15.0000 -1.0000
v -2.0000 -16.0000 -1.0000
v -2.0000 0.0000 -1.0000
v -3.0000 0.0000 -1.0000
v -2.0000 -1.0000 -1.0000
v -2.0000 -15.0000 -2.0000
v -2.0000 -16.0000 -2.0000
v -2.0000 0.0000 -2.0000
v -3.0000 0.0000 -2.0000
v -2.0000 -1.0000 -2.0000
v -2.0000 -15.0000 -3.0000
v -2.0000 -16.0000 -3.0000
v -2.0000 0.0000 -3.0000
v -3.0000 0.0000 -3.0000
v -2.0000 -1.0000 -3.0000
v -2.0000 -15.0000 -4.0000
v -2.0000 -16.0000 -4.0000
v -2.0000 0.0000 -4.0000
v -3.0000 0.0000 -4.0000
v -2.0000 -1.0000 -4.0000
v -2.0000 -15.0000 -5.0000
v -2.0000 -16.0000 -5.0000
v -2.0000 0.0000 -5.0000
v -3.0000 0.0000 -5.0000
v -2.0000 -1.0000 -5.0000
v -2.0000 -15.0000 -6.0000
v -2.0000 -16.0000 -6.0000
v -2.0000 0.0000 -6.0000
v -3.0000 0.0000 -6.0000
v -2.0000 -1.0000 -6.0000
v -2.0000 -15.0000 -7.0000
v -2.0000 -16.0000 -7.0000
v -2.0000 0.0000 -7.0000
v -3.0000 0.0000 -7.0000
v -2.0000 -1.0000 -7.0000
v -2.0000 -15.0000 -8.0000
v -2.0000 -16.0000 -8.0000
v -2.0000 0.0000 -8.0000
v -3.0000 0.0000 -8.0000
v -2.0000 -1.0000 -8.0000
v -2.0000 -15.0000 -9.0000
v -2.0000 -16.0000 -9.0000
v -2.0000 0.0000 -9.0000
v -3.0000 0.0000 -9.0000
v -2.0000 -1.0000 -9.0000
v -2.0000 -15.0000 -10.0000
v -2.0000 -16.0000 -10.0000
v -2.0000 0.0000 -10.0000
v -3.0000 0.0000 -10.0000
v -2.0000 -1.0000 -10.0000
v -2.0000 -15.0000 -11.0000
v -2.0000 -16.0000 -11.0000
v -2.0000 0.0000 -11.0000
v -3.0000 0.0000 -11.0000
v -2.0000 -1.0000 -11.0000
v -2.0000 -15.0000 -12.0000
v -2.0000 -16.0000 -12.0000
v -2.0000 0.0000 -12.0000
v -3.0000 0.0000 -12.0000
v -2.0000 -1.0000 -12.0000
v -2.0000 -14.0000 -12.0000
v -2.0000 -14.0000 -13.0000
v -2.0000 -15.0000 -13.0000
v -2.0000 -11.0000 -13.0000
v -2.0000 -11.0000 -12.0000
v -2.0000 -10.0000 -12.0000
v -2.0000 -9.0000 -12.0000
v -2.0000 -9.0000 -13.0000
v -2.0000 -10.0000 -13.0000
v -2.0000 -8.0000 -12.0000
v -2.0000 -8.0000 -13.0000
v -2.0000 -7.0000 -12.0000
v -2.0000 -7.0000 -13.0000
v -2.0000 -6.0000 -12.0000
v -2.0000 -6.0000 -13.0000
v -2.0000 -5.0000 -12.0000
v -2.0000 -5.0000 -13.0000
v -2.0000 -4.0000 -12.0000
v -2.0000 -3.0000 -12.0000
v -2.0000 -3.0000 -13.0000
v -2.0000 -4.0000 -13.0000
v -2.0000 -2.0000 -12.0000
v -2.0000 -2.0000 -13.0000
v -2.0000 -1.0000 -13.0000
v -3.0000 -1.0000 -13.0000
v -2.0000 -14.0000 -14.0000
v -2.0000 -13.0000 -13.0000
v -2.0000 -13.0000 -14.0000
v -2.0000 -12.0000 -13.0000
v -2.0000 -12.0000 -14.0000
v -2.0000 -10.0000 -14.0000
v -2.0000 -11.0000 -14.0000
v -2.0000 -4.0000 -14.0000
v -3.0000 -4.0000 -14.0000
v -3.0000 -5.0000 -14.0000
v -2.0000 -5.0000 -14.0000
v -2.0000 -12.0000 -15.0000
v -2.0000 -11.0000 -15.0000
v -2.0000 -10.0000 -15.0000
v -2.0000 -9.0000 -14.0000
v -3.0000 -9.0000 -14.0000
v -2.0000 -9.0000 -15.0000
v -2.0000 -8.0000 -14.0000
v -3.0000 -8.0000 -14.0000
v -2.0000 -8.0000 -15.0000
v -2.0000 -7.0000 -14.0000
v -3.0000 -7.0000 -14.0000
v -3.0000 -7.0000 -15.0000
v -2.0000 -7.0000 -15.0000
v -2.0000 -6.0000 -14.0000
v -3.0000 -6.0000 -14.0000
v -3.0000 -6.0000 -15.0000
v -2.0000 -6.0000 -15.0000
v -3.0000 -5.0000 -15.0000
v -2.0000 -5.0000 -15.0000
v -2.0000 -4.0000 -15.0000
v -3.0000 -4.0000 -15.0000
v -2.0000 -10.0000 -16.0000
v -2.0000 -9.0000 -16.0000
v -2.0000 -8.0000 -16.0000
v -2.0000 -10.0000 15.0000
v -1.0000 -10.0000 14.0000
v -1.0000 -10.0000 15.0000
v -1.0000 -9.0000 15.0000
v -2.0000 -9.0000 15.0000
v -1.0000 -9.0000 14.0000
v -2.0000 -8.0000 15.0000
v -1.0000 -8.0000 15.0000
v -1.0000 -8.0000 14.0000
v -2.0000 -12.0000 14.0000
v -1.0000 -12.0000 13.0000
v -1.0000 -12.0000 14.0000
v -1.0000 -11.0000 14.0000
v -2.0000 -11.0000 14.0000
v -1.0000 -11.0000 13.0000
v -1.0000 -10.0000 13.0000
v -2.0000 -14.0000 13.0000
v -1.0000 -14.0000 12.0000
v -1.0000 -14.0000 13.0000
v -1.0000 -13.0000 13.0000
v -2.0000 -13.0000 13.0000
v -1.0000 -13.0000 12.0000
v -1.0000 -12.0000 12.0000
v -1.0000 -10.0000 12.0000
v -1.0000 -11.0000 12.0000
v -1.0000 -14.0000 11.0000
v -2.0000 -15.0000 12.0000
v -2.0000 -15.0000 11.0000
v -1.0000 -15.0000 11.0000
v -1.0000 -15.0000 12.0000
v -1.0000 -10.0000 11.0000
v -1.0000 -9.0000 12.0000
v -1.0000 -8.0000 12.0000
v -1.0000 -7.0000 12.0000
v -1.0000 -6.0000 12.0000
v -1.0000 -6.0000 11.0000
v -1.0000 -7.0000 11.0000
v -1.0000 -14.0000 10.0000
v -1.0000 -15.0000 10.0000
v -1.0000 -11.0000 10.0000
v -1.0000 -11.0000 11.0000
v -1.0000 -7.0000 10.0000
v -2.0000 -16.0000 10.0000
v -1.0000 -16.0000 9.0000
v -1.0000 -16.0000 10.0000
v -1.0000 -14.0000 9.0000
v -1.0000 -15.0000 9.0000
v -1.0000 -11.0000 9.0000
v -1.0000 -7.0000 9.0000
v -1.0000 -15.0000 8.0000
v -1.0000 -16.0000 8.0000
v -1.0000 -11.0000 8.0000
v -1.0000 -10.0000 8.0000
v -1.0000 -9.0000 8.0000
v -1.0000 -8.0000 8.0000
v -1.0000 -7.0000 8.0000
v -1.0000 -6.0000 9.0000
v -1.0000 -6.0000 8.0000
v -1.0000 -5.0000 9.0000
v -1.0000 -5.0000 8.0000
v -1.0000 -4.0000 9.0000
v -2.0000 -4.0000 9.0000
v -2.0000 -4.0000 8.0000
v -1.0000 -4.0000 8.0000
v -1.0000 -3.0000 9.0000
v -2.0000 -3.0000 9.0000
v -2.0000 -3.0000 8.0000
v -1.0000 -3.0000 8.0000
v -1.0000 -2.0000 9.0000
v -1.0000 -2.0000 8.0000
v -1.0000 -1.0000 9.0000
v -1.0000 0.0000 9.0000
v -1.0000 0.0000 8.0000
v -1.0000 -15.0000 7.0000
v -1.0000 -16.0000 7.0000
v -1.0000 -6.0000 7.0000
v -1.0000 -7.0000 7.0000
v -1.0000 -2.0000 7.0000
v -1.0000 -1.0000 7.0000
v -1.0000 -1.0000 8.0000
v -1.0000 0.0000 7.0000
v -1.0000 -15.0000 6.0000
v -1.0000 -16.0000 6.0000
v -1.0000 -6.0000 6.0000
v -1.0000 -7.0000 6.0000
v -1.0000 -2.0000 6.0000
v -1.0000 -1.0000 6.0000
v -1.0000 1.0000 7.0000
v -2.0000 1.0000 7.0000
v -1.0000 1.0000 6.0000
v -1.0000 0.0000 6.0000
v -1.0000 2.0000 7.0000
v -2.0000 2.0000 7.0000
v -2.0000 3.0000 7.0000
v -1.0000 3.0000 7.0000
v -1.0000 3.0000 6.0000
v -1.0000 2.0000 6.0000
v -1.0000 -15.0000 5.0000
v -1.0000 -16.0000 5.0000
v -1.0000 -6.0000 5.0000
v -1.0000 -7.0000 5.0000
v -1.0000 -2.0000 5.0000
v -1.0000 -1.0000 5.0000
v -1.0000 0.0000 5.0000
v -1.0000 2.0000 5.0000
v -1.0000 1.0000 5.0000
v -1.0000 -15.0000 4.0000
v -1.0000 -16.0000 4.0000
v -1.0000 -6.0000 4.0000
v -1.0000 -7.0000 4.0000
v -1.0000 -2.0000 4.0000
v -1.0000 -1.0000 4.0000
v -1.0000 0.0000 4.0000
v -1.0000 2.0000 4.0000
v -1.0000 1.0000 4.0000
v -1.0000 -15.0000 3.0000
v -1.0000 -16.0000 3.0000
v -1.0000 -7.0000 3.0000
v -1.0000 -6.0000 3.0000
v -1.0000 -5.0000 4.0000
v -1.0000 -5.0000 3.0000
v -1.0000 -4.0000 4.0000
v -1.0000 -4.0000 3.0000
v -1.0000 -3.0000 4.0000
v -1.0000 -3.0000 3.0000
v -1.0000 -2.0000 3.0000
v -1.0000 -1.0000 3.0000
v -2.0000 1.0000 3.0000
v -1.0000 1.0000 3.0000
v -1.0000 0.0000 3.0000
v -2.0000 2.0000 3.0000
v -1.0000 2.0000 3.0000
v -1.0000 3.0000 4.0000
v -1.0000 3.0000 3.0000
v -2.0000 3.0000 3.0000
v -1.0000 -15.0000 2.0000
v -1.0000 -16.0000 2.0000
v -1.0000 0.0000 2.0000
v -1.0000 -1.0000 2.0000
v -1.0000 -15.0000 1.0000
v -1.0000 -16.0000 1.0000
v -1.0000 0.0000 1.0000
v -1.0000 -1.0000 1.0000
v -1.0000 -15.0000 -0.0000
v -1.0000 -16.0000 -0.0000
v -1.0000 0.0000 -0.0000
v -1.0000 -1.0000 -0.0000
v -1.0000 -15.0000 -1.0000
v -1.0000 -16.0000 -1.0000
v -1.0000 0.0000 -1.0000
v -1.0000 -1.0000 -1.0000
v -1.0000 -15.0000 -2.0000
v -1.0000 -16.0000 -2.0000
v -1.0000 0.0000 -2.0000
v -1.0000 -1.0000 -2.0000
v -1.0000 -15.0000 -3.0000
v -1.0000 -16.0000 -3.0000
v -1.0000 0.0000 -3.0000
v -1.0000 -1.0000 -3.0000
v -1.0000 -15.0000 -4.0000
v -1.0000 -16.0000 -4.0000
v -1.0000 0.0000 -4.0000
v -1.0000 -1.0000 -4.0000
v -1.0000 -15.0000 -5.0000
v -1.0000 -16.0000 -5.0000
v -1.0000 0.0000 -5.0000
v -1.0000 -1.0000 -5.0000
v -1.0000 -15.0000 -6.0000
v -1.0000 -16.0000 -6.0000
v -1.0000 0.0000 -6.0000
v -1.0000 -1.0000 -6.0000
v -1.0000 -15.0000 -7.0000
v -1.0000 -16.0000 -7.0000
v -1.0000 0.0000 -7.0000
v -1.0000 -1.0000 -7.0000
v -1.0000 -15.0000 -8.0000
v -1.0000 -16.0000 -8.0000
v -1.0000 0.0000 -8.0000
v -1.0000 -1.0000 -8.0000
v -1.0000 -15.0000 -9.0000
v -1.0000 -16.0000 -9.0000
v -1.0000 0.0000 -9.0000
v -1.0000 -1.0000 -9.0000
v -1.0000 -15.0000 -10.0000
v -1.0000 -16.0000 -10.0000
v -1.0000 0.0000 -10.0000
v -1.0000 -1.0000 -10.0000
v -1.0000 -15.0000 -11.0000
v -1.0000 -16.0000 -11.0000
v -1.0000 0.0000 -11.0000
v -1.0000 -1.0000 -11.0000
v -1.0000 -15.0000 -12.0000
v -1.0000 -16.0000 -12.0000
v -1.0000 0.0000 -12.0000
v -1.0000 -1.0000 -12.0000
v -1.0000 -14.0000 -12.0000
v -1.0000 -14.0000 -13.0000
v -1.0000 -15.0000 -13.0000
v -1.0000 -11.0000 -13.0000
v -1.0000 -11.0000 -12.0000
v -1.0000 -10.0000 -12.0000
v -1.0000 -9.0000 -12.0000
v -1.0000 -9.0000 -13.0000
v -1.0000 -10.0000 -13.0000
v -1.0000 -8.0000 -12.0000
v -1.0000 -8.0000 -13.0000
v -1.0000 -7.0000 -12.0000
v -1.0000 -7.0000 -13.0000
v -1.0000 -6.0000 -12.0000
v -1.0000 -6.0000 -13.0000
v -1.0000 -5.0000 -12.0000
v -1.0000 -5.0000 -13.0000
v -1.0000 -4.0000 -12.0000
v -1.0000 -4.0000 -13.0000
v -1.0000 -3.0000 -12.0000
v -1.0000 -3.0000 -13.0000
v -1.0000 -2.0000 -12.0000
v -1.0000 -2.0000 -13.0000
v -1.0000 -1.0000 -13.0000
v -1.0000 -14.0000 -14.0000
v -1.0000 -13.0000 -13.0000
v -1.0000 -13.0000 -14.0000
v -1.0000 -12.0000 -13.0000
v -1.0000 -12.0000 -14.0000
v -1.0000 -10.0000 -14.0000
v -1.0000 -11.0000 -14.0000
v -1.0000 -12.0000 -15.0000
v -1.0000 -11.0000 -15.0000
v -1.0000 -10.0000 -15.0000
v -1.0000 -10.0000 -16.0000
v -1.0000 -9.0000 -15.0000
v -1.0000 -9.0000 -16.0000
v -1.0000 -8.0000 -15.0000
v -1.0000 -8.0000 -16.0000
v -1.0000 -10.0000 16.0000
v 0.0000 -10.0000 15.0000
v 0.0000 -10.0000 16.0000
v 0.0000 -9.0000 16.0000
v -1.0000 -9.0000 16.0000
v -1.0000 -8.0000 16.0000
v 0.0000 -8.0000 16.0000
v 0.0000 -8.0000 15.0000
v 0.0000 -9.0000 15.0000
v -1.0000 -12.0000 15.0000
v 0.0000 -12.0000 14.0000
v 0.0000 -12.0000 15.0000
v 0.0000 -11.0000 15.0000
v -1.0000 -11.0000 15.0000
v 0.0000 -11.0000 14.0000
v 0.0000 -9.0000 14.0000
v 0.0000 -10.0000 14.0000
v -1.0000 -14.0000 14.0000
v 0.0000 -14.0000 13.0000
v 0.0000 -14.0000 14.0000
v 0.0000 -13.0000 14.0000
v -1.0000 -13.0000 14.0000
v 0.0000 -12.0000 13.0000
v 0.0000 -13.0000 13.0000
v 0.0000 -10.0000 13.0000
v 0.0000 -11.0000 13.0000
v -1.0000 -15.0000 13.0000
v 0.0000 -15.0000 12.0000
v 0.0000 -15.0000 13.0000
v 0.0000 -13.0000 12.0000
v 0.0000 -14.0000 12.0000
v 0.0000 -10.0000 12.0000
v 0.0000 -11.0000 12.0000
v -1.0000 -16.0000 12.0000
v -1.0000 -16.0000 11.0000
v 0.0000 -16.0000 11.0000
v 0.0000 -16.0000 12.0000
v 0.0000 -14.0000 11.0000
v 0.0000 -15.0000 11.0000
v 0.0000 -10.0000 11.0000
v 0.0000 -9.0000 12.0000
v 0.0000 -8.0000 12.0000
v 0.0000 -7.0000 12.0000
v 0.0000 -6.0000 12.0000
v 0.0000 -6.0000 11.0000
v 0.0000 -7.0000 11.0000
v 0.0000 -15.0000 10.0000
v 0.0000 -16.0000 10.0000
v 0.0000 -11.0000 10.0000
v 0.0000 -11.0000 11.0000
v 0.0000 -7.0000 10.0000
v 0.0000 -15.0000 9.0000
v 0.0000 -16.0000 9.0000
v 0.0000 -11.0000 9.0000
v 0.0000 -7.0000 9.0000
v 0.0000 -15.0000 8.0000
v 0.0000 -16.0000 8.0000
v 0.0000 -11.0000 8.0000
v 0.0000 -10.0000 8.0000
v 0.0000 -9.0000 8.0000
v 0.0000 -8.0000 8.0000
v 0.0000 -7.0000 8.0000
v 0.0000 -5.0000 9.0000
v 0.0000 -5.0000 8.0000
v 0.0000 -6.0000 8.0000
v 0.0000 -6.0000 9.0000
v 0.0000 -2.0000 8.0000
v 0.0000 -2.0000 9.0000
v 0.0000 -1.0000 9.0000
v 0.0000 -1.0000 8.0000
v 0.0000 0.0000 9.0000
v 0.0000 0.0000 8.0000
v 0.0000 -15.0000 7.0000
v 0.0000 -16.0000 7.0000
v -1.0000 -8.0000 7.0000
v 0.0000 -8.0000 7.0000
v -1.0000 -5.0000 7.0000
v 0.0000 -4.0000 8.0000
v -1.0000 -4.0000 7.0000
v 0.0000 -3.0000 8.0000
v -1.0000 -3.0000 7.0000
v 0.0000 -2.0000 7.0000
v 0.0000 0.0000 7.0000
v 0.0000 -1.0000 7.0000
v 0.0000 -15.0000 6.0000
v 0.0000 -16.0000 6.0000
v -1.0000 -8.0000 6.0000
v 0.0000 -8.0000 6.0000
v 0.0000 -7.0000 6.0000
v 0.0000 -6.0000 6.0000
v -1.0000 -5.0000 6.0000
v -1.0000 -4.0000 6.0000
v -1.0000 -3.0000 6.0000
v 0.0000 -2.0000 6.0000
v 0.0000 -1.0000 6.0000
v 0.0000 1.0000 7.0000
v 0.0000 1.0000 6.0000
v 0.0000 0.0000 6.0000
v 0.0000 2.0000 7.0000
v 0.0000 2.0000 6.0000
v 0.0000 3.0000 7.0000
v 0.0000 3.0000 6.0000
v 0.0000 -15.0000 5.0000
v 0.0000 -16.0000 5.0000
v 0.0000 -6.0000 5.0000
v -1.0000 -5.0000 5.0000
v -1.0000 -4.0000 5.0000
v -1.0000 -3.0000 5.0000
v 0.0000 -2.0000 5.0000
v 0.0000 0.0000 5.0000
v 0.0000 -1.0000 5.0000
v 0.0000 2.0000 5.0000
v 0.0000 1.0000 5.0000
v 0.0000 -15.0000 4.0000
v 0.0000 -16.0000 4.0000
v 0.0000 -6.0000 4.0000
v 0.0000 -2.0000 4.0000
v 0.0000 0.0000 4.0000
v 0.0000 -1.0000 4.0000
v 0.0000 2.0000 4.0000
v 0.0000 1.0000 4.0000
v 0.0000 -15.0000 3.0000
v 0.0000 -16.0000 3.0000
v 0.0000 -6.0000 3.0000
v 0.0000 -5.0000 3.0000
v 0.0000 -4.0000 3.0000
v 0.0000 -3.0000 3.0000
v 0.0000 -2.0000 3.0000
v 0.0000 -1.0000 3.0000
v 0.0000 1.0000 3.0000
v 0.0000 0.0000 3.0000
v 0.0000 2.0000 3.0000
v 0.0000 3.0000 4.0000
v 0.0000 3.0000 3.0000
v 0.0000 -15.0000 2.0000
v 0.0000 -16.0000 2.0000
v 0.0000 0.0000 2.0000
v 0.0000 -1.0000 2.0000
v 0.0000 -15.0000 1.0000
v 0.0000 -16.0000 1.0000
v 0.0000 0.0000 1.0000
v 0.0000 -1.0000 1.0000
v 0.0000 -15.0000 -0.0000
v 0.0000 -16.0000 -0.0000
v 0.0000 0.0000 -0.0000
v 0.0000 -1.0000 -0.0000
v 0.0000 -15.0000 -1.0000
v 0.0000 -16.0000 -1.0000
v 0.0000 0.0000 -1.0000
v 0.0000 -1.0000 -1.0000
v 0.0000 -15.0000 -2.0000
v 0.0000 -16.0000 -2.0000
v 0.0000 0.0000 -2.0000
v 0.0000 -1.0000 -2.0000
v 0.0000 -15.0000 -3.0000
v 0.0000 -16.0000 -3.0000
v 0.0000 0.0000 -3.0000
v 0.0000 -1.0000 -3.0000
v 0.0000 -15.0000 -4.0000
v 0.0000 -16.0000 -4.0000
v 0.0000 0.0000 -4.0000
v 0.0000 -1.0000 -4.0000
v 0.0000 -15.0000 -5.0000
v 0.0000 -16.0000 -5.0000
v 0.0000 0.0000 -5.0000
v 0.0000 -1.0000 -5.0000
v 0.0000 -15.0000 -6.0000
v 0.0000 -16.0000 -6.0000
v 0.0000 0.0000 -6.0000
v 0.0000 -1.0000 -6.0000
v 0.0000 -15.0000 -7.0000
v 0.0000 -16.0000 -7.0000
v 0.0000 0.0000 -7.0000
v 0.0000 -1.0000 -7.0000
v 0.0000 -15.0000 -8.0000
v 0.0000 -16.0000 -8.0000
v 0.0000 0.0000 -8.0000
v 0.0000 -1.0000 -8.0000
v 0.0000 -15.0000 -9.0000
v 0.0000 -16.0000 -9.0000
v 0.0000 0.0000 -9.0000
v 0.0000 -1.0000 -9.0000
v 0.0000 -15.0000 -10.0000
v 0.0000 -16.0000 -10.0000
v 0.0000 0.0000 -10.0000
v 0.0000 -1.0000 -10.0000
v 0.0000 -15.0000 -11.0000
v 0.0000 -16.0000 -11.0000
v 0.0000 -1.0000 -11.0000
v 0.0000 1.0000 -10.0000
v -1.0000 1.0000 -10.0000
v -1.0000 1.0000 -11.0000
v 0.0000 1.0000 -11.0000
v 0.0000 0.0000 -11.0000
v -1.0000 2.0000 -10.0000
v 0.0000 2.0000 -10.0000
v 0.0000 2.0000 -11.0000
v -1.0000 2.0000 -11.0000
v 0.0000 -15.0000 -12.0000
v 0.0000 -16.0000 -12.0000
v 0.0000 0.0000 -12.0000
v 0.0000 -1.0000 -12.0000
v 0.0000 2.0000 -12.0000
v -1.0000 2.0000 -12.0000
v -1.0000 1.0000 -12.0000
v 0.0000 1.0000 -12.0000
v 0.0000 -14.0000 -12.0000
v 0.0000 -14.0000 -13.0000
v 0.0000 -15.0000 -13.0000
v 0.0000 -11.0000 -13.0000
v 0.0000 -11.0000 -12.0000
v 0.0000 -10.0000 -12.0000
v 0.0000 -9.0000 -12.0000
v 0.0000 -9.0000 -13.0000
v 0.0000 -10.0000 -13.0000
v 0.0000 -8.0000 -12.0000
v 0.0000 -8.0000 -13.0000
v 0.0000 -7.0000 -12.0000
v 0.0000 -7.0000 -13.0000
v 0.0000 -6.0000 -12.0000
v 0.0000 -6.0000 -13.0000
v 0.0000 -5.0000 -12.0000
v 0.0000 -5.0000 -13.0000
v 0.0000 -4.0000 -12.0000
v 0.0000 -4.0000 -13.0000
v 0.0000 -3.0000 -12.0000
v 0.0000 -3.0000 -13.0000
v 0.0000 -2.0000 -12.0000
v 0.0000 -2.0000 -13.0000
v 0.0000 -1.0000 -13.0000
v 0.0000 2.0000 -13.0000
v -1.0000 2.0000 -13.0000
v -1.0000 1.0000 -13.0000
v 0.0000 1.0000 -13.0000
v 0.0000 -14.0000 -14.0000
v 0.0000 -13.0000 -13.0000
v 0.0000 -13.0000 -14.0000
v 0.0000 -12.0000 -13.0000
v 0.0000 -12.0000 -14.0000
v 0.0000 -10.0000 -14.0000
v 0.0000 -11.0000 -14.0000
v -1.0000 -1.0000 -14.0000
v 0.0000 -1.0000 -14.0000
v 0.0000 0.0000 -13.0000
v -1.0000 0.0000 -13.0000
v -1.0000 0.0000 -14.0000
v 0.0000 0.0000 -14.0000
v 0.0000 1.0000 -14.0000
v -1.0000 1.0000 -14.0000
v 0.0000 -12.0000 -15.0000
v 0.0000 -11.0000 -15.0000
v 0.0000 -10.0000 -15.0000
v 0.0000 -9.0000 -14.0000
v -1.0000 -9.0000 -14.0000
v 0.0000 -9.0000 -15.0000
v 0.0000 -8.0000 -14.0000
v -1.0000 -8.0000 -14.0000
v 0.0000 -8.0000 -15.0000
v 0.0000 -7.0000 -14.0000
v -1.0000 -7.0000 -14.0000
v -1.0000 -7.0000 -15.0000
v 0.0000 -7.0000 -15.0000
v 0.0000 -6.0000 -14.0000
v -1.0000 -6.0000 -14.0000
v -1.0000 -6.0000 -15.0000
v 0.0000 -6.0000 -15.0000
v 0.0000 -5.0000 -14.0000
v -1.0000 -5.0000 -14.0000
v -1.0000 -5.0000 -15.0000
v 0.0000 -5.0000 -15.0000
v 0.0000 -4.0000 -14.0000
v -1.0000 -4.0000 -14.0000
v -1.0000 -4.0000 -15.0000
v 0.0000 -4.0000 -15.0000
v 0.0000 -3.0000 -14.0000
v -1.0000 -3.0000 -14.0000
v -1.0000 -3.0000 -15.0000
v 0.0000 -3.0000 -15.0000
v 0.0000 -2.0000 -14.0000
v -1.0000 -2.0000 -14.0000
v -1.0000 -2.0000 -15.0000
v 0.0000 -2.0000 -15.0000
v 0.0000 -1.0000 -15.0000
v -1.0000 -1.0000 -15.0000
v 0.0000 -10.0000 -16.0000
v 0.0000 -9.0000 -16.0000
v 0.0000 -8.0000 -16.0000
v 1.0000 -10.0000 15.0000
v 1.0000 -10.0000 16.0000
v 1.0000 -9.0000 16.0000
v 1.0000 -9.0000 15.0000
v 1.0000 -8.0000 16.0000
v 1.0000 -8.0000 15.0000
v 1.0000 -12.0000 14.0000
v 1.0000 -12.0000 15.0000
v 1.0000 -11.0000 15.0000
v 1.0000 -11.0000 14.0000
v 1.0000 -10.0000 14.0000
v 1.0000 -9.0000 14.0000
v 1.0000 -14.0000 13.0000
v 1.0000 -14.0000 14.0000
v 1.0000 -13.0000 14.0000
v 1.0000 -13.0000 13.0000
v 1.0000 -12.0000 13.0000
v 1.0000 -10.0000 13.0000
v 1.0000 -11.0000 13.0000
v 1.0000 -15.0000 12.0000
v 1.0000 -15.0000 13.0000
v 1.0000 -14.0000 12.0000
v 1.0000 -13.0000 12.0000
v 1.0000 -10.0000 12.0000
v 1.0000 -11.0000 12.0000
v 1.0000 -16.0000 11.0000
v 1.0000 -16.0000 12.0000
v 1.0000 -15.0000 11.0000
v 1.0000 -14.0000 11.0000
v 1.0000 -10.0000 11.0000
v 1.0000 -9.0000 12.0000
v 1.0000 -8.0000 12.0000
v 1.0000 -7.0000 12.0000
v 1.0000 -6.0000 12.0000
v 1.0000 -6.0000 11.0000
v 1.0000 -7.0000 11.0000
v 1.0000 -15.0000 10.0000
v 1.0000 -16.0000 10.0000
v 1.0000 -11.0000 10.0000
v 1.0000 -11.0000 11.0000
v 1.0000 -7.0000 10.0000
v 1.0000 -15.0000 9.0000
v 1.0000 -16.0000 9.0000
v 1.0000 -11.0000 9.0000
v 1.0000 -7.0000 9.0000
v 1.0000 -15.0000 8.0000
v 1.0000 -16.0000 8.0000
v 1.0000 -11.0000 8.0000
v 1.0000 -10.0000 8.0000
v 1.0000 -9.0000 8.0000
v 1.0000 -8.0000 8.0000
v 1.0000 -7.0000 8.0000
v 1.0000 -5.0000 9.0000
v 1.0000 -5.0000 8.0000
v 1.0000 -6.0000 8.0000
v 1.0000 -6.0000 9.0000
v 1.0000 -2.0000 8.0000
v 1.0000 -2.0000 9.0000
v 1.0000 -1.0000 9.0000
v 1.0000 -1.0000 8.0000
v 1.0000 0.0000 9.0000
v 1.0000 0.0000 8.0000
v 1.0000 -15.0000 7.0000
v 1.0000 -16.0000 7.0000
v 1.0000 -8.0000 7.0000
v 1.0000 -7.0000 7.0000
v 1.0000 -6.0000 7.0000
v 1.0000 -5.0000 7.0000
v 1.0000 -4.0000 8.0000
v 1.0000 -4.0000 7.0000
v 1.0000 -3.0000 8.0000
v 1.0000 -3.0000 7.0000
v 1.0000 -2.0000 7.0000
v 1.0000 0.0000 7.0000
v 1.0000 -1.0000 7.0000
v 1.0000 -15.0000 6.0000
v 1.0000 -16.0000 6.0000
v 1.0000 -8.0000 6.0000
v 1.0000 -7.0000 6.0000
v 1.0000 -6.0000 6.0000
v 1.0000 -5.0000 6.0000
v 1.0000 -4.0000 6.0000
v 1.0000 -3.0000 6.0000
v 1.0000 -2.0000 6.0000
v 1.0000 0.0000 6.0000
v 1.0000 -1.0000 6.0000
v 1.0000 -15.0000 5.0000
v 1.0000 -16.0000 5.0000
v 1.0000 -6.0000 5.0000
v 1.0000 -5.0000 5.0000
v 1.0000 -4.0000 5.0000
v 1.0000 -3.0000 5.0000
v 1.0000 -2.0000 5.0000
v 1.0000 -1.0000 5.0000
v 1.0000 1.0000 6.0000
v 1.0000 0.0000 5.0000
v 1.0000 1.0000 5.0000
v 1.0000 2.0000 6.0000
v 1.0000 2.0000 5.0000
v 1.0000 3.0000 6.0000
v 1.0000 3.0000 5.0000
v 0.0000 3.0000 5.0000
v 1.0000 -15.0000 4.0000
v 1.0000 -16.0000 4.0000
v 1.0000 -6.0000 4.0000
v 1.0000 -5.0000 4.0000
v 1.0000 -4.0000 4.0000
v 1.0000 -3.0000 4.0000
v 1.0000 -2.0000 4.0000
v 1.0000 -1.0000 4.0000
v 1.0000 0.0000 4.0000
v 1.0000 1.0000 4.0000
v 1.0000 2.0000 4.0000
v 1.0000 3.0000 4.0000
v 1.0000 -15.0000 3.0000
v 1.0000 -16.0000 3.0000
v 1.0000 -6.0000 3.0000
v 1.0000 -5.0000 3.0000
v 1.0000 -4.0000 3.0000
v 1.0000 -3.0000 3.0000
v 1.0000 -2.0000 3.0000
v 1.0000 -1.0000 3.0000
v 1.0000 1.0000 3.0000
v 1.0000 -15.0000 2.0000
v 1.0000 -16.0000 2.0000
v 1.0000 -1.0000 2.0000
v 1.0000 1.0000 2.0000
v 0.0000 1.0000 2.0000
v 1.0000 -15.0000 1.0000
v 1.0000 -16.0000 1.0000
v 1.0000 -1.0000 1.0000
v 1.0000 1.0000 1.0000
v 0.0000 1.0000 1.0000
v 1.0000 -15.0000 -0.0000
v 1.0000 -16.0000 -0.0000
v 1.0000 -1.0000 -0.0000
v 1.0000 1.0000 -0.0000
v 0.0000 1.0000 -0.0000
v 1.0000 -15.0000 -1.0000
v 1.0000 -16.0000 -1.0000
v 1.0000 -1.0000 -1.0000
v 1.0000 1.0000 -1.0000
v 0.0000 1.0000 -1.0000
v 1.0000 -15.0000 -2.0000
v 1.0000 -16.0000 -2.0000
v 1.0000 -1.0000 -2.0000
v 1.0000 1.0000 -2.0000
v 0.0000 1.0000 -2.0000
v 1.0000 -15.0000 -3.0000
v 1.0000 -16.0000 -3.0000
v 1.0000 -1.0000 -3.0000
v 1.0000 1.0000 -3.0000
v 0.0000 1.0000 -3.0000
v 1.0000 -15.0000 -4.0000
v 1.0000 -16.0000 -4.0000
v 1.0000 -1.0000 -4.0000
v 1.0000 1.0000 -4.0000
v 0.0000 1.0000 -4.0000
v 1.0000 -15.0000 -5.0000
v 1.0000 -16.0000 -5.0000
v 1.0000 -1.0000 -5.0000
v 1.0000 1.0000 -5.0000
v 0.0000 1.0000 -5.0000
v 1.0000 -15.0000 -6.0000
v 1.0000 -16.0000 -6.0000
v 1.0000 -1.0000 -6.0000
v 1.0000 1.0000 -6.0000
v 0.0000 1.0000 -6.0000
v 1.0000 -15.0000 -7.0000
v 1.0000 -16.0000 -7.0000
v 1.0000 -1.0000 -7.0000
v 1.0000 1.0000 -7.0000
v 0.0000 1.0000 -7.0000
v 1.0000 0.0000 -7.0000
v 1.0000 -15.0000 -8.0000
v 1.0000 -16.0000 -8.0000
v 1.0000 0.0000 -8.0000
v 1.0000 -1.0000 -8.0000
v 1.0000 -15.0000 -9.0000
v 1.0000 -16.0000 -9.0000
v 1.0000 0.0000 -9.0000
v 1.0000 -1.0000 -9.0000
v 1.0000 -15.0000 -10.0000
v 1.0000 -16.0000 -10.0000
v 1.0000 0.0000 -10.0000
v 1.0000 -1.0000 -10.0000
v 1.0000 -15.0000 -11.0000
v 1.0000 -16.0000 -11.0000
v 1.0000 0.0000 -11.0000
v 1.0000 -1.0000 -11.0000
v 1.0000 -15.0000 -12.0000
v 1.0000 -16.0000 -12.0000
v 1.0000 0.0000 -12.0000
v 1.0000 -1.0000 -12.0000
v 1.0000 -14.0000 -12.0000
v 1.0000 -14.0000 -13.0000
v 1.0000 -15.0000 -13.0000
v 1.0000 -11.0000 -13.0000
v 1.0000 -11.0000 -12.0000
v 1.0000 -10.0000 -12.0000
v 1.0000 -9.0000 -12.0000
v 1.0000 -9.0000 -13.0000
v 1.0000 -10.0000 -13.0000
v 1.0000 -8.0000 -12.0000
v 1.0000 -8.0000 -13.0000
v 1.0000 -7.0000 -12.0000
v 1.0000 -7.0000 -13.0000
v 1.0000 -6.0000 -12.0000
v 1.0000 -6.0000 -13.0000
v 1.0000 -5.0000 -12.0000
v 1.0000 -5.0000 -13.0000
v 1.0000 -4.0000 -12.0000
v 1.0000 -4.0000 -13.0000
v 1.0000 -3.0000 -12.0000
v 1.0000 -3.0000 -13.0000
v 1.0000 -2.0000 -12.0000
v 1.0000 -2.0000 -13.0000
v 1.0000 -1.0000 -13.0000
v 1.0000 -14.0000 -14.0000
v 1.0000 -13.0000 -13.0000
v 1.0000 -13.0000 -14.0000
v 1.0000 -12.0000 -13.0000
v 1.0000 -12.0000 -14.0000
v 1.0000 -10.0000 -14.0000
v 1.0000 -11.0000 -14.0000
v 1.0000 -12.0000 -15.0000
v 1.0000 -11.0000 -15.0000
v 1.0000 -10.0000 -15.0000
v 1.0000 -10.0000 -16.0000
v 1.0000 -9.0000 -15.0000
v 1.0000 -9.0000 -16.0000
v 1.0000 -8.0000 -15.0000
v 1.0000 -8.0000 -16.0000
v 2.0000 -10.0000 14.0000
v 2.0000 -10.0000 15.0000
v 2.0000 -9.0000 15.0000
v 2.0000 -9.0000 14.0000
v 2.0000 -8.0000 15.0000
v 2.0000 -8.0000 14.0000
v 1.0000 -8.0000 14.0000
v 2.0000 -12.0000 13.0000
v 2.0000 -12.0000 14.0000
v 2.0000 -11.0000 14.0000
v 2.0000 -11.0000 13.0000
v 2.0000 -10.0000 13.0000
v 2.0000 -14.0000 12.0000
v 2.0000 -14.0000 13.0000
v 2.0000 -13.0000 13.0000
v 2.0000 -13.0000 12.0000
v 2.0000 -12.0000 12.0000
v 1.0000 -12.0000 12.0000
v 2.0000 -10.0000 12.0000
v 2.0000 -11.0000 12.0000
v 2.0000 -14.0000 11.0000
v 2.0000 -15.0000 11.0000
v 2.0000 -15.0000 12.0000
v 2.0000 -10.0000 11.0000
v 2.0000 -9.0000 12.0000
v 2.0000 -8.0000 12.0000
v 2.0000 -7.0000 12.0000
v 2.0000 -6.0000 12.0000
v 2.0000 -6.0000 11.0000
v 2.0000 -7.0000 11.0000
v 2.0000 -14.0000 10.0000
v 1.0000 -14.0000 10.0000
v 2.0000 -15.0000 10.0000
v 2.0000 -11.0000 10.0000
v 2.0000 -11.0000 11.0000
v 2.0000 -7.0000 10.0000
v 2.0000 -16.0000 9.0000
v 2.0000 -16.0000 10.0000
v 2.0000 -15.0000 9.0000
v 2.0000 -14.0000 9.0000
v 1.0000 -14.0000 9.0000
v 2.0000 -11.0000 9.0000
v 2.0000 -7.0000 9.0000
v 2.0000 -15.0000 8.0000
v 2.0000 -16.0000 8.0000
v 2.0000 -11.0000 8.0000
v 2.0000 -10.0000 8.0000
v 2.0000 -9.0000 8.0000
v 2.0000 -8.0000 8.0000
v 2.0000 -7.0000 8.0000
v 2.0000 -6.0000 9.0000
v 2.0000 -5.0000 9.0000
v 2.0000 -5.0000 8.0000
v 2.0000 -6.0000 8.0000
v 2.0000 -4.0000 9.0000
v 1.0000 -4.0000 9.0000
v 2.0000 -4.0000 8.0000
v 2.0000 -3.0000 9.0000
v 1.0000 -3.0000 9.0000
v 2.0000 -3.0000 8.0000
v 2.0000 -2.0000 9.0000
v 2.0000 -2.0000 8.0000
v 2.0000 -1.0000 9.0000
v 2.0000 0.0000 9.0000
v 2.0000 0.0000 8.0000
v 2.0000 -15.0000 7.0000
v 2.0000 -16.0000 7.0000
v 2.0000 -6.0000 7.0000
v 2.0000 -7.0000 7.0000
v 2.0000 -2.0000 7.0000
v 2.0000 0.0000 7.0000
v 2.0000 -15.0000 6.0000
v 2.0000 -16.0000 6.0000
v 2.0000 -6.0000 6.0000
v 2.0000 -7.0000 6.0000
v 2.0000 -2.0000 6.0000
v 2.0000 0.0000 6.0000
v 2.0000 -15.0000 5.0000
v 2.0000 -16.0000 5.0000
v 2.0000 -6.0000 5.0000
v 1.0000 -7.0000 5.0000
v 2.0000 -7.0000 5.0000
v 2.0000 -2.0000 5.0000
v 2.0000 0.0000 5.0000
v 2.0000 -15.0000 4.0000
v 2.0000 -16.0000 4.0000
v 2.0000 -6.0000 4.0000
v 1.0000 -7.0000 4.0000
v 2.0000 -7.0000 4.0000
v 2.0000 -2.0000 4.0000
v 2.0000 -1.0000 4.0000
v 2.0000 0.0000 4.0000
v 2.0000 -15.0000 3.0000
v 2.0000 -16.0000 3.0000
v 1.0000 -7.0000 3.0000
v 2.0000 -7.0000 3.0000
v 2.0000 -6.0000 3.0000
v 2.0000 -5.0000 4.0000
v 2.0000 -5.0000 3.0000
v 2.0000 -4.0000 4.0000
v 2.0000 -4.0000 3.0000
v 2.0000 -3.0000 4.0000
v 2.0000 -3.0000 3.0000
v 2.0000 -2.0000 3.0000
v 2.0000 -1.0000 3.0000
v 2.0000 1.0000 4.0000
v 2.0000 1.0000 3.0000
v 2.0000 0.0000 3.0000
v 2.0000 -15.0000 2.0000
v 2.0000 -16.0000 2.0000
v 2.0000 -1.0000 2.0000
v 2.0000 1.0000 2.0000
v 2.0000 0.0000 2.0000
v 2.0000 -15.0000 1.0000
v 2.0000 -16.0000 1.0000
v 2.0000 -1.0000 1.0000
v 2.0000 1.0000 1.0000
v 2.0000 0.0000 1.0000
v 2.0000 -15.0000 -0.0000
v 2.0000 -16.0000 -0.0000
v 2.0000 -1.0000 -0.0000
v 2.0000 1.0000 -0.0000
v 2.0000 0.0000 -0.0000
v 2.0000 -15.0000 -1.0000
v 2.0000 -16.0000 -1.0000
v 2.0000 -1.0000 -1.0000
v 2.0000 1.0000 -1.0000
v 2.0000 0.0000 -1.0000
v 2.0000 -15.0000 -2.0000
v 2.0000 -16.0000 -2.0000
v 2.0000 -1.0000 -2.0000
v 2.0000 1.0000 -2.0000
v 2.0000 0.0000 -2.0000
v 2.0000 -15.0000 -3.0000
v 2.0000 -16.0000 -3.0000
v 2.0000 -1.0000 -3.0000
v 2.0000 1.0000 -3.0000
v 2.0000 0.0000 -3.0000
v 2.0000 -15.0000 -4.0000
v 2.0000 -16.0000 -4.0000
v 2.0000 -1.0000 -4.0000
v 2.0000 1.0000 -4.0000
v 2.0000 0.0000 -4.0000
v 2.0000 -15.0000 -5.0000
v 2.0000 -16.0000 -5.0000
v 2.0000 -1.0000 -5.0000
v 2.0000 1.0000 -5.0000
v 2.0000 0.0000 -5.0000
v 2.0000 -15.0000 -6.0000
v 2.0000 -16.0000 -6.0000
v 2.0000 -1.0000 -6.0000
v 2.0000 1.0000 -6.0000
v 2.0000 0.0000 -6.0000
v 2.0000 -15.0000 -7.0000
v 2.0000 -16.0000 -7.0000
v 2.0000 -1.0000 -7.0000
v 2.0000 1.0000 -7.0000
v 2.0000 0.0000 -7.0000
v 2.0000 -15.0000 -8.0000
v 2.0000 -16.0000 -8.0000
v 2.0000 0.0000 -8.0000
v 2.0000 -1.0000 -8.0000
v 2.0000 -15.0000 -9.0000
v 2.0000 -16.0000 -9.0000
v 2.0000 0.0000 -9.0000
v 2.0000 -1.0000 -9.0000
v 2.0000 -15.0000 -10.0000
v 2.0000 -16.0000 -10.0000
v 2.0000 0.0000 -10.0000
v 2.0000 -1.0000 -10.0000
v 2.0000 -15.0000 -11.0000
v 2.0000 -16.0000 -11.0000
v 2.0000 0.0000 -11.0000
v 2.0000 -1.0000 -11.0000
v 2.0000 -15.0000 -12.0000
v 2.0000 -16.0000 -12.0000
v 2.0000 0.0000 -12.0000
v 2.0000 -1.0000 -12.0000
v 2.0000 -14.0000 -12.0000
v 2.0000 -14.0000 -13.0000
v 2.0000 -15.0000 -13.0000
v 2.0000 -11.0000 -13.0000
v 2.0000 -11.0000 -12.0000
v 2.0000 -10.0000 -12.0000
v 2.0000 -9.0000 -12.0000
v 2.0000 -9.0000 -13.0000
v 2.0000 -10.0000 -13.0000
v 2.0000 -8.0000 -12.0000
v 2.0000 -8.0000 -13.0000
v 2.0000 -7.0000 -12.0000
v 2.0000 -6.0000 -12.0000
v 2.0000 -5.0000 -12.0000
v 2.0000 -4.0000 -12.0000
v 2.0000 -3.0000 -12.0000
v 2.0000 -2.0000 -12.0000
v 2.0000 -2.0000 -13.0000
v 2.0000 -3.0000 -13.0000
v 2.0000 -1.0000 -13.0000
v 2.0000 -14.0000 -14.0000
v 2.0000 -13.0000 -13.0000
v 2.0000 -13.0000 -14.0000
v 2.0000 -12.0000 -13.0000
v 2.0000 -12.0000 -14.0000
v 2.0000 -10.0000 -14.0000
v 2.0000 -11.0000 -14.0000
v 1.0000 -8.0000 -14.0000
v 2.0000 -8.0000 -14.0000
v 1.0000 -7.0000 -14.0000
v 2.0000 -7.0000 -14.0000
v 1.0000 -6.0000 -14.0000
v 2.0000 -6.0000 -14.0000
v 1.0000 -5.0000 -14.0000
v 2.0000 -5.0000 -14.0000
v 1.0000 -4.0000 -14.0000
v 2.0000 -4.0000 -14.0000
v 2.0000 -3.0000 -14.0000
v 1.0000 -3.0000 -14.0000
v 2.0000 -12.0000 -15.0000
v 2.0000 -11.0000 -15.0000
v 2.0000 -10.0000 -15.0000
v 2.0000 -10.0000 -16.0000
v 2.0000 -9.0000 -15.0000
v 2.0000 -9.0000 -16.0000
v 2.0000 -8.0000 -15.0000
v 2.0000 -8.0000 -16.0000
v 3.0000 -10.0000 13.0000
v 3.0000 -10.0000 14.0000
v 3.0000 -9.0000 14.0000
v 2.0000 -9.0000 13.0000
v 3.0000 -9.0000 13.0000
v 3.0000 -8.0000 14.0000
v 3.0000 -8.0000 13.0000
v 2.0000 -8.0000 13.0000
v 3.0000 -12.0000 12.0000
v 3.0000 -12.0000 13.0000
v 3.0000 -11.0000 13.0000
v 3.0000 -11.0000 12.0000
v 3.0000 -10.0000 12.0000
v 3.0000 -14.0000 11.0000
v 3.0000 -14.0000 12.0000
v 3.0000 -13.0000 12.0000
v 3.0000 -13.0000 11.0000
v 2.0000 -13.0000 11.0000
v 3.0000 -12.0000 11.0000
v 2.0000 -12.0000 11.0000
v 3.0000 -10.0000 11.0000
v 3.0000 -9.0000 12.0000
v 3.0000 -8.0000 12.0000
v 3.0000 -7.0000 12.0000
v 3.0000 -6.0000 12.0000
v 3.0000 -6.0000 11.0000
v 3.0000 -7.0000 11.0000
v 3.0000 -14.0000 10.0000
v 2.0000 -13.0000 10.0000
v 3.0000 -13.0000 10.0000
v 3.0000 -12.0000 10.0000
v 2.0000 -12.0000 10.0000
v 3.0000 -11.0000 10.0000
v 3.0000 -11.0000 11.0000
v 3.0000 -7.0000 10.0000
v 3.0000 -14.0000 9.0000
v 3.0000 -15.0000 9.0000
v 3.0000 -15.0000 10.0000
v 3.0000 -11.0000 9.0000
v 3.0000 -7.0000 9.0000
v 3.0000 -16.0000 8.0000
v 3.0000 -16.0000 9.0000
v 3.0000 -15.0000 8.0000
v 3.0000 -14.0000 8.0000
v 2.0000 -14.0000 8.0000
v 3.0000 -11.0000 8.0000
v 3.0000 -10.0000 8.0000
v 3.0000 -9.0000 8.0000
v 3.0000 -8.0000 8.0000
v 3.0000 -7.0000 8.0000
v 3.0000 -6.0000 9.0000
v 3.0000 -5.0000 9.0000
v 3.0000 -5.0000 8.0000
v 3.0000 -6.0000 8.0000
v 3.0000 -2.0000 8.0000
v 3.0000 -2.0000 9.0000
v 3.0000 -1.0000 9.0000
v 3.0000 0.0000 9.0000
v 3.0000 0.0000 8.0000
v 3.0000 -1.0000 8.0000
v 3.0000 -15.0000 7.0000
v 3.0000 -16.0000 7.0000
v 3.0000 -6.0000 7.0000
v 3.0000 -7.0000 7.0000
v 3.0000 -2.0000 7.0000
v 3.0000 0.0000 7.0000
v 3.0000 -1.0000 7.0000
v 3.0000 -15.0000 6.0000
v 3.0000 -16.0000 6.0000
v 3.0000 -6.0000 6.0000
v 3.0000 -7.0000 6.0000
v 3.0000 -2.0000 6.0000
v 3.0000 0.0000 6.0000
v 3.0000 -1.0000 6.0000
v 3.0000 -15.0000 5.0000
v 3.0000 -16.0000 5.0000
v 3.0000 -6.0000 5.0000
v 3.0000 -7.0000 5.0000
v 3.0000 -2.0000 5.0000
v 3.0000 0.0000 5.0000
v 3.0000 -1.0000 5.0000
v 3.0000 -15.0000 4.0000
v 3.0000 -16.0000 4.0000
v 3.0000 -6.0000 4.0000
v 3.0000 -7.0000 4.0000
v 3.0000 -2.0000 4.0000
v 3.0000 -1.0000 4.0000
v 3.0000 0.0000 4.0000
v 3.0000 -15.0000 3.0000
v 3.0000 -16.0000 3.0000
v 3.0000 -7.0000 3.0000
v 3.0000 -6.0000 3.0000
v 3.0000 -5.0000 4.0000
v 3.0000 -5.0000 3.0000
v 3.0000 -4.0000 4.0000
v 3.0000 -4.0000 3.0000
v 3.0000 -3.0000 4.0000
v 3.0000 -2.0000 3.0000
v 3.0000 -3.0000 3.0000
v 3.0000 0.0000 3.0000
v 3.0000 -1.0000 3.0000
v 3.0000 -15.0000 2.0000
v 3.0000 -16.0000 2.0000
v 3.0000 -3.0000 2.0000
v 2.0000 -3.0000 2.0000
v 2.0000 -4.0000 2.0000
v 3.0000 -4.0000 2.0000
v 3.0000 0.0000 2.0000
v 3.0000 -1.0000 2.0000
v 3.0000 -15.0000 1.0000
v 3.0000 -16.0000 1.0000
v 3.0000 0.0000 1.0000
v 3.0000 -1.0000 1.0000
v 3.0000 -15.0000 -0.0000
v 3.0000 -16.0000 -0.0000
v 3.0000 0.0000 -0.0000
v 3.0000 -1.0000 -0.0000
v 3.0000 -15.0000 -1.0000
v 3.0000 -16.0000 -1.0000
v 3.0000 0.0000 -1.0000
v 3.0000 -1.0000 -1.0000
v 3.0000 -15.0000 -2.0000
v 3.0000 -16.0000 -2.0000
v 3.0000 0.0000 -2.0000
v 3.0000 -1.0000 -2.0000
v 3.0000 -15.0000 -3.0000
v 3.0000 -16.0000 -3.0000
v 3.0000 0.0000 -3.0000
v 3.0000 -1.0000 -3.0000
v 3.0000 -15.0000 -4.0000
v 3.0000 -16.0000 -4.0000
v 3.0000 0.0000 -4.0000
v 3.0000 -1.0000 -4.0000
v 3.0000 -15.0000 -5.0000
v 3.0000 -16.0000 -5.0000
v 3.0000 0.0000 -5.0000
v 3.0000 -1.0000 -5.0000
v 3.0000 -15.0000 -6.0000
v 3.0000 -16.0000 -6.0000
v 3.0000 0.0000 -6.0000
v 3.0000 -1.0000 -6.0000
v 3.0000 -15.0000 -7.0000
v 3.0000 -16.0000 -7.0000
v 3.0000 0.0000 -7.0000
v 3.0000 -1.0000 -7.0000
v 3.0000 -15.0000 -8.0000
v 3.0000 -16.0000 -8.0000
v 3.0000 0.0000 -8.0000
v 3.0000 -1.0000 -8.0000
v 3.0000 -15.0000 -9.0000
v 3.0000 -16.0000 -9.0000
v 3.0000 0.0000 -9.0000
v 3.0000 -1.0000 -9.0000
v 3.0000 -15.0000 -10.0000
v 3.0000 -16.0000 -10.0000
v 3.0000 0.0000 -10.0000
v 3.0000 -1.0000 -10.0000
v 3.0000 -15.0000 -11.0000
v 3.0000 -16.0000 -11.0000
v 3.0000 0.0000 -11.0000
v 3.0000 -1.0000 -11.0000
v 3.0000 -15.0000 -12.0000
v 3.0000 -16.0000 -12.0000
v 3.0000 0.0000 -12.0000
v 3.0000 -1.0000 -12.0000
v 3.0000 -14.0000 -12.0000
v 3.0000 -14.0000 -13.0000
v 3.0000 -15.0000 -13.0000
v 3.0000 -11.0000 -13.0000
v 3.0000 -11.0000 -12.0000
v 3.0000 -10.0000 -12.0000
v 3.0000 -9.0000 -12.0000
v 3.0000 -9.0000 -13.0000
v 3.0000 -10.0000 -13.0000
v 3.0000 -8.0000 -12.0000
v 3.0000 -8.0000 -13.0000
v 3.0000 -7.0000 -12.0000
v 3.0000 -6.0000 -12.0000
v 3.0000 -5.0000 -12.0000
v 3.0000 -4.0000 -12.0000
v 3.0000 -3.0000 -12.0000
v 3.0000 -2.0000 -12.0000
v 3.0000 -2.0000 -13.0000
v 3.0000 -3.0000 -13.0000
v 3.0000 -1.0000 -13.0000
v 3.0000 -14.0000 -14.0000
v 3.0000 -13.0000 -13.0000
v 3.0000 -13.0000 -14.0000
v 3.0000 -12.0000 -13.0000
v 3.0000 -12.0000 -14.0000
v 3.0000 -10.0000 -14.0000
v 3.0000 -11.0000 -14.0000
v 3.0000 -8.0000 -14.0000
v 3.0000 -7.0000 -14.0000
v 3.0000 -7.0000 -13.0000
v 3.0000 -6.0000 -14.0000
v 3.0000 -6.0000 -13.0000
v 3.0000 -5.0000 -14.0000
v 3.0000 -5.0000 -13.0000
v 3.0000 -4.0000 -14.0000
v 3.0000 -4.0000 -13.0000
v 3.0000 -3.0000 -14.0000
v 3.0000 -12.0000 -15.0000
v 3.0000 -11.0000 -15.0000
v 3.0000 -10.0000 -15.0000
v 3.0000 -10.0000 -16.0000
v 3.0000 -9.0000 -15.0000
v 3.0000 -9.0000 -16.0000
v 3.0000 -8.0000 -15.0000
v 3.0000 -8.0000 -16.0000
v 4.0000 -10.0000 12.0000
v 4.0000 -10.0000 13.0000
v 4.0000 -9.0000 13.0000
v 4.0000 -9.0000 12.0000
v 4.0000 -8.0000 13.0000
v 4.0000 -8.0000 12.0000
v 4.0000 -12.0000 11.0000
v 4.0000 -12.0000 12.0000
v 4.0000 -11.0000 12.0000
v 4.0000 -11.0000 11.0000
v 4.0000 -10.0000 11.0000
v 4.0000 -7.0000 12.0000
v 4.0000 -8.0000 11.0000
v 4.0000 -7.0000 11.0000
v 4.0000 -6.0000 12.0000
v 4.0000 -6.0000 11.0000
v 4.0000 -12.0000 10.0000
v 4.0000 -11.0000 10.0000
v 4.0000 -10.0000 10.0000
v 4.0000 -7.0000 10.0000
v 4.0000 -8.0000 10.0000
v 4.0000 -14.0000 9.0000
v 4.0000 -14.0000 10.0000
v 4.0000 -13.0000 10.0000
v 3.0000 -13.0000 9.0000
v 4.0000 -13.0000 9.0000
v 4.0000 -12.0000 9.0000
v 3.0000 -12.0000 9.0000
v 4.0000 -11.0000 9.0000
v 4.0000 -10.0000 9.0000
v 4.0000 -9.0000 9.0000
v 4.0000 -9.0000 10.0000
v 4.0000 -8.0000 9.0000
v 4.0000 -7.0000 9.0000
v 4.0000 -14.0000 8.0000
v 4.0000 -15.0000 8.0000
v 4.0000 -15.0000 9.0000
v 4.0000 -11.0000 8.0000
v 4.0000 -10.0000 8.0000
v 4.0000 -9.0000 8.0000
v 4.0000 -8.0000 8.0000
v 4.0000 -7.0000 8.0000
v 4.0000 -6.0000 9.0000
v 4.0000 -6.0000 8.0000
v 4.0000 -5.0000 9.0000
v 4.0000 -5.0000 8.0000
v 4.0000 -4.0000 9.0000
v 3.0000 -4.0000 9.0000
v 4.0000 -4.0000 8.0000
v 3.0000 -4.0000 8.0000
v 4.0000 -3.0000 9.0000
v 3.0000 -3.0000 9.0000
v 4.0000 -3.0000 8.0000
v 3.0000 -3.0000 8.0000
v 4.0000 -2.0000 9.0000
v 4.0000 -2.0000 8.0000
v 4.0000 -1.0000 9.0000
v 4.0000 -1.0000 8.0000
v 4.0000 -14.0000 7.0000
v 3.0000 -14.0000 7.0000
v 4.0000 -15.0000 7.0000
v 4.0000 -7.0000 7.0000
v 3.0000 -5.0000 7.0000
v 3.0000 -4.0000 7.0000
v 3.0000 -3.0000 7.0000
v 4.0000 -1.0000 7.0000
v 4.0000 -2.0000 7.0000
v 4.0000 -14.0000 6.0000
v 3.0000 -14.0000 6.0000
v 4.0000 -15.0000 6.0000
v 4.0000 -7.0000 6.0000
v 4.0000 -6.0000 6.0000
v 4.0000 -6.0000 7.0000
v 4.0000 -5.0000 6.0000
v 4.0000 -5.0000 7.0000
v 3.0000 -5.0000 6.0000
v 3.0000 -4.0000 6.0000
v 3.0000 -3.0000 6.0000
v 4.0000 -1.0000 6.0000
v 4.0000 -2.0000 6.0000
v 4.0000 -14.0000 5.0000
v 3.0000 -14.0000 5.0000
v 4.0000 -15.0000 5.0000
v 4.0000 -6.0000 5.0000
v 3.0000 -5.0000 5.0000
v 4.0000 -5.0000 5.0000
v 4.0000 -4.0000 5.0000
v 4.0000 -4.0000 6.0000
v 3.0000 -4.0000 5.0000
v 3.0000 -3.0000 5.0000
v 4.0000 -1.0000 5.0000
v 4.0000 -2.0000 5.0000
v 4.0000 -16.0000 4.0000
v 4.0000 -16.0000 5.0000
v 4.0000 -15.0000 4.0000
v 4.0000 -14.0000 4.0000
v 3.0000 -14.0000 4.0000
v 4.0000 -6.0000 4.0000
v 4.0000 -5.0000 4.0000
v 4.0000 -4.0000 4.0000
v 4.0000 -3.0000 4.0000
v 4.0000 -3.0000 5.0000
v 4.0000 -2.0000 4.0000
v 4.0000 -1.0000 4.0000
v 4.0000 -15.0000 3.0000
v 4.0000 -16.0000 3.0000
v 3.0000 -8.0000 4.0000
v 4.0000 -8.0000 4.0000
v 4.0000 -8.0000 3.0000
v 3.0000 -8.0000 3.0000
v 3.0000 -9.0000 4.0000
v 3.0000 -9.0000 3.0000
v 4.0000 -9.0000 3.0000
v 4.0000 -9.0000 4.0000
v 4.0000 -3.0000 3.0000
v 4.0000 -4.0000 3.0000
v 4.0000 -1.0000 3.0000
v 4.0000 -2.0000 3.0000
v 4.0000 -15.0000 2.0000
v 4.0000 -16.0000 2.0000
v 4.0000 -1.0000 2.0000
v 3.0000 -2.0000 2.0000
v 4.0000 -2.0000 2.0000
v 4.0000 -15.0000 1.0000
v 4.0000 -16.0000 1.0000
v 3.0000 -7.0000 2.0000
v 3.0000 -7.0000 1.0000
v 4.0000 -7.0000 1.0000
v 4.0000 -7.0000 2.0000
v 4.0000 -6.0000 2.0000
v 3.0000 -6.0000 2.0000
v 3.0000 -6.0000 1.0000
v 4.0000 -5.0000 2.0000
v 3.0000 -5.0000 2.0000
v 4.0000 -6.0000 1.0000
v 4.0000 -5.0000 1.0000
v 3.0000 -5.0000 1.0000
v 4.0000 -4.0000 2.0000
v 4.0000 -4.0000 1.0000
v 3.0000 -4.0000 1.0000
v 4.0000 -3.0000 2.0000
v 4.0000 -3.0000 1.0000
v 3.0000 -3.0000 1.0000
v 4.0000 -1.0000 1.0000
v 3.0000 -2.0000 1.0000
v 4.0000 -2.0000 1.0000
v 4.0000 -15.0000 -0.0000
v 4.0000 -16.0000 -0.0000
v 3.0000 -8.0000 1.0000
v 3.0000 -8.0000 -0.0000
v 4.0000 -8.0000 -0.0000
v 4.0000 -8.0000 1.0000
v 3.0000 -7.0000 -0.0000
v 3.0000 -6.0000 -0.0000
v 4.0000 -6.0000 -0.0000
v 4.0000 -7.0000 -0.0000
v 3.0000 -5.0000 -0.0000
v 4.0000 -5.0000 -0.0000
v 3.0000 -4.0000 -0.0000
v 4.0000 -4.0000 -0.0000
v 4.0000 -3.0000 -0.0000
v 3.0000 -3.0000 -0.0000
v 4.0000 -1.0000 -0.0000
v 3.0000 -2.0000 -0.0000
v 4.0000 -2.0000 -0.0000
v 4.0000 -15.0000 -1.0000
v 4.0000 -16.0000 -1.0000
v 4.0000 -7.0000 -1.0000
v 3.0000 -7.0000 -1.0000
v 3.0000 -8.0000 -1.0000
v 4.0000 -8.0000 -1.0000
v 4.0000 -1.0000 -1.0000
v 3.0000 -2.0000 -1.0000
v 4.0000 -2.0000 -1.0000
v 4.0000 -15.0000 -2.0000
v 4.0000 -16.0000 -2.0000
v 4.0000 -1.0000 -2.0000
v 3.0000 -2.0000 -2.0000
v 4.0000 -2.0000 -2.0000
v 4.0000 -15.0000 -3.0000
v 4.0000 -16.0000 -3.0000
v 4.0000 -1.0000 -3.0000
v 3.0000 -2.0000 -3.0000
v 4.0000 -2.0000 -3.0000
v 4.0000 -15.0000 -4.0000
v 4.0000 -16.0000 -4.0000
v 3.0000 -7.0000 -3.0000
v 3.0000 -7.0000 -4.0000
v 4.0000 -7.0000 -4.0000
v 4.0000 -7.0000 -3.0000
v 4.0000 -6.0000 -3.0000
v 3.0000 -6.0000 -3.0000
v 3.0000 -6.0000 -4.0000
v 4.0000 -5.0000 -3.0000
v 3.0000 -5.0000 -3.0000
v 4.0000 -6.0000 -4.0000
v 4.0000 -5.0000 -4.0000
v 3.0000 -5.0000 -4.0000
v 4.0000 -4.0000 -3.0000
v 3.0000 -4.0000 -3.0000
v 4.0000 -4.0000 -4.0000
v 3.0000 -4.0000 -4.0000
v 3.0000 -3.0000 -3.0000
v 4.0000 -3.0000 -3.0000
v 4.0000 -3.0000 -4.0000
v 3.0000 -3.0000 -4.0000
v 4.0000 -1.0000 -4.0000
v 3.0000 -2.0000 -4.0000
v 4.0000 -2.0000 -4.0000
v 4.0000 -15.0000 -5.0000
v 4.0000 -16.0000 -5.0000
v 3.0000 -7.0000 -5.0000
v 4.0000 -7.0000 -5.0000
v 3.0000 -6.0000 -5.0000
v 4.0000 -6.0000 -5.0000
v 3.0000 -5.0000 -5.0000
v 4.0000 -5.0000 -5.0000
v 3.0000 -4.0000 -5.0000
v 4.0000 -4.0000 -5.0000
v 4.0000 -3.0000 -5.0000
v 3.0000 -3.0000 -5.0000
v 4.0000 -1.0000 -5.0000
v 3.0000 -2.0000 -5.0000
v 4.0000 -2.0000 -5.0000
v 4.0000 -15.0000 -6.0000
v 4.0000 -16.0000 -6.0000
v 4.0000 -1.0000 -6.0000
v 3.0000 -2.0000 -6.0000
v 4.0000 -2.0000 -6.0000
v 4.0000 -15.0000 -7.0000
v 4.0000 -16.0000 -7.0000
v 4.0000 -1.0000 -7.0000
v 3.0000 -2.0000 -7.0000
v 4.0000 -2.0000 -7.0000
v 4.0000 -15.0000 -8.0000
v 4.0000 -16.0000 -8.0000
v 4.0000 -1.0000 -8.0000
v 3.0000 -2.0000 -8.0000
v 4.0000 -2.0000 -8.0000
v 4.0000 -16.0000 -9.0000
v 3.0000 -14.0000 -8.0000
v 4.0000 -14.0000 -8.0000
v 4.0000 -14.0000 -9.0000
v 3.0000 -14.0000 -9.0000
v 4.0000 -15.0000 -9.0000
v 3.0000 -7.0000 -8.0000
v 3.0000 -7.0000 -9.0000
v 4.0000 -7.0000 -9.0000
v 4.0000 -7.0000 -8.0000
v 4.0000 -6.0000 -8.0000
v 3.0000 -6.0000 -8.0000
v 3.0000 -6.0000 -9.0000
v 4.0000 -5.0000 -8.0000
v 3.0000 -5.0000 -8.0000
v 4.0000 -6.0000 -9.0000
v 4.0000 -5.0000 -9.0000
v 3.0000 -5.0000 -9.0000
v 4.0000 -4.0000 -8.0000
v 3.0000 -4.0000 -8.0000
v 4.0000 -4.0000 -9.0000
v 3.0000 -4.0000 -9.0000
v 3.0000 -3.0000 -8.0000
v 4.0000 -3.0000 -8.0000
v 4.0000 -3.0000 -9.0000
v 3.0000 -3.0000 -9.0000
v 4.0000 -1.0000 -9.0000
v 3.0000 -2.0000 -9.0000
v 4.0000 -2.0000 -9.0000
v 4.0000 -15.0000 -10.0000
v 4.0000 -16.0000 -10.0000
v 3.0000 -7.0000 -10.0000
v 4.0000 -7.0000 -10.0000
v 3.0000 -6.0000 -10.0000
v 4.0000 -6.0000 -10.0000
v 3.0000 -5.0000 -10.0000
v 4.0000 -5.0000 -10.0000
v 3.0000 -4.0000 -10.0000
v 4.0000 -4.0000 -10.0000
v 4.0000 -3.0000 -10.0000
v 3.0000 -3.0000 -10.0000
v 4.0000 -1.0000 -10.0000
v 3.0000 -2.0000 -10.0000
v 4.0000 -2.0000 -10.0000
v 4.0000 -15.0000 -11.0000
v 4.0000 -16.0000 -11.0000
v 4.0000 -1.0000 -11.0000
v 3.0000 -2.0000 -11.0000
v 4.0000 -2.0000 -11.0000
v 4.0000 -15.0000 -12.0000
v 4.0000 -16.0000 -12.0000
v 4.0000 -1.0000 -12.0000
v 4.0000 -2.0000 -12.0000
v 4.0000 -14.0000 -12.0000
v 4.0000 -14.0000 -13.0000
v 4.0000 -15.0000 -13.0000
v 4.0000 -11.0000 -13.0000
v 4.0000 -11.0000 -12.0000
v 4.0000 -10.0000 -12.0000
v 4.0000 -9.0000 -12.0000
v 4.0000 -9.0000 -13.0000
v 4.0000 -10.0000 -13.0000
v 4.0000 -8.0000 -12.0000
v 4.0000 -8.0000 -13.0000
v 4.0000 -7.0000 -12.0000
v 4.0000 -7.0000 -13.0000
v 4.0000 -6.0000 -12.0000
v 4.0000 -6.0000 -13.0000
v 4.0000 -5.0000 -12.0000
v 4.0000 -5.0000 -13.0000
v 4.0000 -4.0000 -12.0000
v 4.0000 -4.0000 -13.0000
v 4.0000 -3.0000 -12.0000
v 4.0000 -3.0000 -13.0000
v 4.0000 -2.0000 -13.0000
v 4.0000 -14.0000 -14.0000
v 4.0000 -13.0000 -13.0000
v 4.0000 -13.0000 -14.0000
v 4.0000 -12.0000 -13.0000
v 4.0000 -12.0000 -14.0000
v 4.0000 -10.0000 -14.0000
v 4.0000 -11.0000 -14.0000
v 4.0000 -12.0000 -15.0000
v 4.0000 -11.0000 -15.0000
v 4.0000 -10.0000 -15.0000
v 4.0000 -10.0000 -16.0000
v 4.0000 -9.0000 -15.0000
v 4.0000 -9.0000 -16.0000
v 4.0000 -8.0000 -15.0000
v 4.0000 -8.0000 -16.0000
v 5.0000 -10.0000 11.0000
v 5.0000 -10.0000 12.0000
v 5.0000 -9.0000 12.0000
v 5.0000 -9.0000 11.0000
v 5.0000 -8.0000 12.0000
v 5.0000 -8.0000 11.0000
v 5.0000 -10.0000 10.0000
v 5.0000 -9.0000 10.0000
v 5.0000 -8.0000 10.0000
v 5.0000 -12.0000 9.0000
v 5.0000 -12.0000 10.0000
v 5.0000 -11.0000 10.0000
v 5.0000 -11.0000 9.0000
v 5.0000 -10.0000 9.0000
v 5.0000 -14.0000 8.0000
v 5.0000 -14.0000 9.0000
v 5.0000 -13.0000 9.0000
v 5.0000 -13.0000 8.0000
v 4.0000 -13.0000 8.0000
v 5.0000 -12.0000 8.0000
v 4.0000 -12.0000 8.0000
v 5.0000 -10.0000 8.0000
v 5.0000 -11.0000 8.0000
v 5.0000 -14.0000 7.0000
v 5.0000 -13.0000 7.0000
v 4.0000 -13.0000 7.0000
v 5.0000 -12.0000 7.0000
v 4.0000 -12.0000 7.0000
v 4.0000 -11.0000 7.0000
v 5.0000 -11.0000 7.0000
v 4.0000 -10.0000 7.0000
v 5.0000 -9.0000 8.0000
v 5.0000 -10.0000 7.0000
v 5.0000 -9.0000 7.0000
v 4.0000 -9.0000 7.0000
v 5.0000 -8.0000 8.0000
v 5.0000 -8.0000 7.0000
v 4.0000 -8.0000 7.0000
v 5.0000 -7.0000 8.0000
v 5.0000 -7.0000 7.0000
v 5.0000 -6.0000 8.0000
v 5.0000 -6.0000 7.0000
v 5.0000 -5.0000 8.0000
v 5.0000 -5.0000 7.0000
v 5.0000 -4.0000 8.0000
v 5.0000 -4.0000 7.0000
v 5.0000 -3.0000 8.0000
v 5.0000 -3.0000 7.0000
v 5.0000 -2.0000 8.0000
v 5.0000 -2.0000 7.0000
v 5.0000 -14.0000 6.0000
v 5.0000 -13.0000 6.0000
v 4.0000 -13.0000 6.0000
v 5.0000 -12.0000 6.0000
v 4.0000 -12.0000 6.0000
v 4.0000 -11.0000 6.0000
v 5.0000 -11.0000 6.0000
v 4.0000 -10.0000 6.0000
v 5.0000 -10.0000 6.0000
v 5.0000 -9.0000 6.0000
v 4.0000 -9.0000 6.0000
v 5.0000 -8.0000 6.0000
v 4.0000 -8.0000 6.0000
v 5.0000 -7.0000 6.0000
v 5.0000 -6.0000 6.0000
v 5.0000 -5.0000 6.0000
v 5.0000 -4.0000 6.0000
v 5.0000 -3.0000 6.0000
v 5.0000 -2.0000 6.0000
v 5.0000 -14.0000 5.0000
v 4.0000 -13.0000 5.0000
v 5.0000 -13.0000 5.0000
v 5.0000 -12.0000 5.0000
v 4.0000 -12.0000 5.0000
v 4.0000 -11.0000 5.0000
v 5.0000 -11.0000 5.0000
v 4.0000 -10.0000 5.0000
v 4.0000 -9.0000 5.0000
v 5.0000 -9.0000 5.0000
v 5.0000 -8.0000 5.0000
v 4.0000 -8.0000 5.0000
v 5.0000 -7.0000 5.0000
v 4.0000 -7.0000 5.0000
v 5.0000 -6.0000 5.0000
v 5.0000 -5.0000 5.0000
v 5.0000 -4.0000 5.0000
v 5.0000 -3.0000 5.0000
v 5.0000 -2.0000 5.0000
v 5.0000 -14.0000 4.0000
v 5.0000 -15.0000 4.0000
v 5.0000 -15.0000 5.0000
v 4.0000 -11.0000 4.0000
v 5.0000 -11.0000 4.0000
v 4.0000 -10.0000 4.0000
v 5.0000 -10.0000 5.0000
v 5.0000 -10.0000 4.0000
v 5.0000 -9.0000 4.0000
v 5.0000 -8.0000 4.0000
v 5.0000 -7.0000 4.0000
v 4.0000 -7.0000 4.0000
v 5.0000 -6.0000 4.0000
v 5.0000 -5.0000 4.0000
v 5.0000 -4.0000 4.0000
v 5.0000 -2.0000 4.0000
v 5.0000 -3.0000 4.0000
v 5.0000 -14.0000 3.0000
v 4.0000 -14.0000 3.0000
v 5.0000 -15.0000 3.0000
v 4.0000 -11.0000 3.0000
v 5.0000 -11.0000 3.0000
v 4.0000 -10.0000 3.0000
v 5.0000 -10.0000 3.0000
v 5.0000 -9.0000 3.0000
v 5.0000 -8.0000 3.0000
v 4.0000 -7.0000 3.0000
v 5.0000 -7.0000 3.0000
v 5.0000 -6.0000 3.0000
v 4.0000 -6.0000 3.0000
v 5.0000 -5.0000 3.0000
v 4.0000 -5.0000 3.0000
v 5.0000 -4.0000 3.0000
v 5.0000 -3.0000 3.0000
v 5.0000 -2.0000 3.0000
v 5.0000 -14.0000 2.0000
v 4.0000 -14.0000 2.0000
v 5.0000 -15.0000 2.0000
v 4.0000 -11.0000 2.0000
v 5.0000 -11.0000 2.0000
v 4.0000 -10.0000 2.0000
v 5.0000 -10.0000 2.0000
v 5.0000 -9.0000 2.0000
v 4.0000 -9.0000 2.0000
v 5.0000 -8.0000 2.0000
v 4.0000 -8.0000 2.0000
v 5.0000 -7.0000 2.0000
v 5.0000 -6.0000 2.0000
v 5.0000 -5.0000 2.0000
v 5.0000 -4.0000 2.0000
v 5.0000 -3.0000 2.0000
v 5.0000 -2.0000 2.0000
v 5.0000 -14.0000 1.0000
v 4.0000 -14.0000 1.0000
v 5.0000 -15.0000 1.0000
v 4.0000 -11.0000 1.0000
v 5.0000 -11.0000 1.0000
v 4.0000 -10.0000 1.0000
v 5.0000 -10.0000 1.0000
v 5.0000 -9.0000 1.0000
v 4.0000 -9.0000 1.0000
v 5.0000 -8.0000 1.0000
v 5.0000 -6.0000 1.0000
v 5.0000 -7.0000 1.0000
v 5.0000 -2.0000 1.0000
v 5.0000 -3.0000 1.0000
v 5.0000 -15.0000 -0.0000
v 5.0000 -16.0000 -0.0000
v 5.0000 -16.0000 1.0000
v 4.0000 -11.0000 -0.0000
v 5.0000 -11.0000 -0.0000
v 4.0000 -10.0000 -0.0000
v 5.0000 -10.0000 -0.0000
v 5.0000 -9.0000 -0.0000
v 4.0000 -9.0000 -0.0000
v 5.0000 -8.0000 -0.0000
v 5.0000 -7.0000 -0.0000
v 5.0000 -6.0000 -0.0000
v 5.0000 -2.0000 -0.0000
v 5.0000 -3.0000 -0.0000
v 5.0000 -15.0000 -1.0000
v 5.0000 -16.0000 -1.0000
v 4.0000 -11.0000 -1.0000
v 5.0000 -11.0000 -1.0000
v 4.0000 -10.0000 -1.0000
v 4.0000 -9.0000 -1.0000
v 5.0000 -9.0000 -1.0000
v 5.0000 -8.0000 -1.0000
v 5.0000 -7.0000 -1.0000
v 5.0000 -6.0000 -1.0000
v 4.0000 -6.0000 -1.0000
v 5.0000 -5.0000 -0.0000
v 5.0000 -5.0000 -1.0000
v 4.0000 -5.0000 -1.0000
v 5.0000 -4.0000 -0.0000
v 5.0000 -4.0000 -1.0000
v 4.0000 -4.0000 -1.0000
v 5.0000 -3.0000 -1.0000
v 4.0000 -3.0000 -1.0000
v 5.0000 -2.0000 -1.0000
v 5.0000 -15.0000 -2.0000
v 5.0000 -16.0000 -2.0000
v 4.0000 -11.0000 -2.0000
v 5.0000 -11.0000 -2.0000
v 4.0000 -10.0000 -2.0000
v 5.0000 -10.0000 -1.0000
v 5.0000 -10.0000 -2.0000
v 5.0000 -9.0000 -2.0000
v 4.0000 -9.0000 -2.0000
v 5.0000 -8.0000 -2.0000
v 4.0000 -8.0000 -2.0000
v 5.0000 -7.0000 -2.0000
v 4.0000 -7.0000 -2.0000
v 5.0000 -6.0000 -2.0000
v 4.0000 -6.0000 -2.0000
v 5.0000 -5.0000 -2.0000
v 4.0000 -5.0000 -2.0000
v 5.0000 -4.0000 -2.0000
v 4.0000 -4.0000 -2.0000
v 5.0000 -3.0000 -2.0000
v 4.0000 -3.0000 -2.0000
v 5.0000 -2.0000 -2.0000
v 5.0000 -15.0000 -3.0000
v 5.0000 -16.0000 -3.0000
v 4.0000 -11.0000 -3.0000
v 5.0000 -11.0000 -3.0000
v 4.0000 -10.0000 -3.0000
v 5.0000 -10.0000 -3.0000
v 5.0000 -9.0000 -3.0000
v 4.0000 -9.0000 -3.0000
v 5.0000 -8.0000 -3.0000
v 4.0000 -8.0000 -3.0000
v 5.0000 -7.0000 -3.0000
v 5.0000 -6.0000 -3.0000
v 5.0000 -5.0000 -3.0000
v 5.0000 -4.0000 -3.0000
v 5.0000 -3.0000 -3.0000
v 5.0000 -2.0000 -3.0000
v 5.0000 -15.0000 -4.0000
v 5.0000 -16.0000 -4.0000
v 4.0000 -11.0000 -4.0000
v 5.0000 -11.0000 -4.0000
v 4.0000 -10.0000 -4.0000
v 5.0000 -10.0000 -4.0000
v 5.0000 -9.0000 -4.0000
v 4.0000 -9.0000 -4.0000
v 5.0000 -8.0000 -4.0000
v 4.0000 -8.0000 -4.0000
v 5.0000 -7.0000 -4.0000
v 5.0000 -6.0000 -4.0000
v 5.0000 -2.0000 -4.0000
v 5.0000 -3.0000 -4.0000
v 5.0000 -15.0000 -5.0000
v 5.0000 -16.0000 -5.0000
v 4.0000 -11.0000 -5.0000
v 5.0000 -11.0000 -5.0000
v 4.0000 -10.0000 -5.0000
v 4.0000 -9.0000 -5.0000
v 5.0000 -9.0000 -5.0000
v 5.0000 -8.0000 -5.0000
v 4.0000 -8.0000 -5.0000
v 5.0000 -7.0000 -5.0000
v 5.0000 -6.0000 -5.0000
v 5.0000 -2.0000 -5.0000
v 5.0000 -3.0000 -5.0000
v 5.0000 -15.0000 -6.0000
v 5.0000 -16.0000 -6.0000
v 4.0000 -11.0000 -6.0000
v 5.0000 -11.0000 -6.0000
v 4.0000 -10.0000 -6.0000
v 4.0000 -9.0000 -6.0000
v 5.0000 -9.0000 -6.0000
v 5.0000 -8.0000 -6.0000
v 4.0000 -8.0000 -6.0000
v 5.0000 -7.0000 -6.0000
v 4.0000 -7.0000 -6.0000
v 5.0000 -6.0000 -6.0000
v 4.0000 -6.0000 -6.0000
v 5.0000 -5.0000 -5.0000
v 5.0000 -5.0000 -6.0000
v 4.0000 -5.0000 -6.0000
v 5.0000 -4.0000 -5.0000
v 5.0000 -4.0000 -6.0000
v 4.0000 -4.0000 -6.0000
v 5.0000 -3.0000 -6.0000
v 4.0000 -3.0000 -6.0000
v 5.0000 -2.0000 -6.0000
v 5.0000 -15.0000 -7.0000
v 5.0000 -16.0000 -7.0000
v 4.0000 -11.0000 -7.0000
v 5.0000 -11.0000 -7.0000
v 4.0000 -10.0000 -7.0000
v 4.0000 -9.0000 -7.0000
v 5.0000 -9.0000 -7.0000
v 5.0000 -8.0000 -7.0000
v 4.0000 -8.0000 -7.0000
v 5.0000 -7.0000 -7.0000
v 4.0000 -7.0000 -7.0000
v 5.0000 -6.0000 -7.0000
v 4.0000 -6.0000 -7.0000
v 5.0000 -5.0000 -7.0000
v 4.0000 -5.0000 -7.0000
v 5.0000 -4.0000 -7.0000
v 4.0000 -4.0000 -7.0000
v 5.0000 -3.0000 -7.0000
v 4.0000 -3.0000 -7.0000
v 5.0000 -2.0000 -7.0000
v 5.0000 -15.0000 -8.0000
v 5.0000 -16.0000 -8.0000
v 4.0000 -11.0000 -8.0000
v 5.0000 -11.0000 -8.0000
v 4.0000 -10.0000 -8.0000
v 4.0000 -9.0000 -8.0000
v 5.0000 -9.0000 -8.0000
v 5.0000 -8.0000 -8.0000
v 4.0000 -8.0000 -8.0000
v 5.0000 -7.0000 -8.0000
v 5.0000 -6.0000 -8.0000
v 5.0000 -5.0000 -8.0000
v 5.0000 -4.0000 -8.0000
v 5.0000 -3.0000 -8.0000
v 5.0000 -2.0000 -8.0000
v 5.0000 -16.0000 -9.0000
v 5.0000 -14.0000 -8.0000
v 5.0000 -14.0000 -9.0000
v 5.0000 -15.0000 -9.0000
v 4.0000 -11.0000 -9.0000
v 5.0000 -11.0000 -9.0000
v 4.0000 -10.0000 -9.0000
v 5.0000 -10.0000 -8.0000
v 5.0000 -10.0000 -9.0000
v 5.0000 -9.0000 -9.0000
v 4.0000 -9.0000 -9.0000
v 5.0000 -8.0000 -9.0000
v 4.0000 -8.0000 -9.0000
v 5.0000 -7.0000 -9.0000
v 5.0000 -6.0000 -9.0000
v 5.0000 -2.0000 -9.0000
v 5.0000 -3.0000 -9.0000
v 5.0000 -15.0000 -10.0000
v 5.0000 -16.0000 -10.0000
v 4.0000 -11.0000 -10.0000
v 5.0000 -11.0000 -10.0000
v 4.0000 -10.0000 -10.0000
v 5.0000 -10.0000 -10.0000
v 5.0000 -9.0000 -10.0000
v 4.0000 -9.0000 -10.0000
v 5.0000 -8.0000 -10.0000
v 4.0000 -8.0000 -10.0000
v 5.0000 -7.0000 -10.0000
v 5.0000 -6.0000 -10.0000
v 5.0000 -2.0000 -10.0000
v 5.0000 -3.0000 -10.0000
v 5.0000 -15.0000 -11.0000
v 5.0000 -16.0000 -11.0000
v 4.0000 -11.0000 -11.0000
v 5.0000 -11.0000 -11.0000
v 4.0000 -10.0000 -11.0000
v 5.0000 -10.0000 -11.0000
v 5.0000 -9.0000 -11.0000
v 4.0000 -9.0000 -11.0000
v 5.0000 -8.0000 -11.0000
v 4.0000 -8.0000 -11.0000
v 5.0000 -7.0000 -11.0000
v 4.0000 -7.0000 -11.0000
v 5.0000 -6.0000 -11.0000
v 4.0000 -6.0000 -11.0000
v 5.0000 -5.0000 -10.0000
v 5.0000 -5.0000 -11.0000
v 4.0000 -5.0000 -11.0000
v 5.0000 -4.0000 -10.0000
v 5.0000 -4.0000 -11.0000
v 4.0000 -4.0000 -11.0000
v 5.0000 -3.0000 -11.0000
v 4.0000 -3.0000 -11.0000
v 5.0000 -2.0000 -11.0000
v 4.0000 -14.0000 -11.0000
v 5.0000 -14.0000 -11.0000
v 5.0000 -14.0000 -12.0000
v 5.0000 -15.0000 -12.0000
v 5.0000 -11.0000 -12.0000
v 5.0000 -9.0000 -12.0000
v 5.0000 -10.0000 -12.0000
v 5.0000 -8.0000 -12.0000
v 5.0000 -7.0000 -12.0000
v 5.0000 -6.0000 -12.0000
v 5.0000 -5.0000 -12.0000
v 5.0000 -4.0000 -12.0000
v 5.0000 -3.0000 -12.0000
v 5.0000 -2.0000 -12.0000
v 5.0000 -14.0000 -13.0000
v 5.0000 -15.0000 -13.0000
v 5.0000 -10.0000 -13.0000
v 5.0000 -11.0000 -13.0000
v 5.0000 -14.0000 -14.0000
v 5.0000 -13.0000 -13.0000
v 5.0000 -13.0000 -14.0000
v 5.0000 -12.0000 -13.0000
v 5.0000 -12.0000 -14.0000
v 5.0000 -10.0000 -14.0000
v 5.0000 -11.0000 -14.0000
v 5.0000 -12.0000 -15.0000
v 5.0000 -11.0000 -15.0000
v 5.0000 -10.0000 -15.0000
v 5.0000 -10.0000 -16.0000
v 5.0000 -9.0000 -15.0000
v 5.0000 -9.0000 -16.0000
v 5.0000 -8.0000 -15.0000
v 5.0000 -8.0000 -16.0000
v 6.0000 -10.0000 9.0000
v 6.0000 -10.0000 10.0000
v 6.0000 -9.0000 10.0000
v 5.0000 -9.0000 9.0000
v 6.0000 -9.0000 9.0000
v 6.0000 -8.0000 10.0000
v 6.0000 -8.0000 9.0000
v 5.0000 -8.0000 9.0000
v 6.0000 -12.0000 8.0000
v 6.0000 -12.0000 9.0000
v 6.0000 -11.0000 9.0000
v 6.0000 -11.0000 8.0000
v 6.0000 -10.0000 8.0000
v 6.0000 -12.0000 7.0000
v 6.0000 -11.0000 7.0000
v 6.0000 -10.0000 7.0000
v 6.0000 -12.0000 6.0000
v 6.0000 -11.0000 6.0000
v 6.0000 -10.0000 6.0000
v 6.0000 -12.0000 5.0000
v 6.0000 -11.0000 5.0000
v 6.0000 -10.0000 5.0000
v 6.0000 -9.0000 6.0000
v 6.0000 -9.0000 5.0000
v 6.0000 -14.0000 4.0000
v 6.0000 -14.0000 5.0000
v 6.0000 -13.0000 5.0000
v 6.0000 -13.0000 4.0000
v 5.0000 -13.0000 4.0000
v 6.0000 -12.0000 4.0000
v 5.0000 -12.0000 4.0000
v 6.0000 -10.0000 4.0000
v 6.0000 -11.0000 4.0000
v 6.0000 -8.0000 5.0000
v 6.0000 -8.0000 4.0000
v 6.0000 -9.0000 4.0000
v 6.0000 -14.0000 3.0000
v 6.0000 -13.0000 3.0000
v 5.0000 -13.0000 3.0000
v 6.0000 -12.0000 3.0000
v 5.0000 -12.0000 3.0000
v 6.0000 -10.0000 3.0000
v 6.0000 -11.0000 3.0000
v 6.0000 -7.0000 4.0000
v 6.0000 -7.0000 3.0000
v 6.0000 -8.0000 3.0000
v 6.0000 -14.0000 2.0000
v 6.0000 -13.0000 2.0000
v 5.0000 -13.0000 2.0000
v 6.0000 -12.0000 2.0000
v 5.0000 -12.0000 2.0000
v 6.0000 -10.0000 2.0000
v 6.0000 -11.0000 2.0000
v 6.0000 -7.0000 2.0000
v 6.0000 -8.0000 2.0000
v 6.0000 -14.0000 1.0000
v 6.0000 -13.0000 1.0000
v 5.0000 -13.0000 1.0000
v 6.0000 -12.0000 1.0000
v 5.0000 -12.0000 1.0000
v 6.0000 -10.0000 1.0000
v 6.0000 -11.0000 1.0000
v 6.0000 -7.0000 1.0000
v 6.0000 -8.0000 1.0000
v 6.0000 -15.0000 -0.0000
v 6.0000 -15.0000 1.0000
v 6.0000 -14.0000 -0.0000
v 5.0000 -14.0000 -0.0000
v 5.0000 -13.0000 -0.0000
v 6.0000 -12.0000 -0.0000
v 5.0000 -12.0000 -0.0000
v 6.0000 -13.0000 -0.0000
v 6.0000 -10.0000 -0.0000
v 6.0000 -11.0000 -0.0000
v 6.0000 -8.0000 -0.0000
v 6.0000 -9.0000 -0.0000
v 6.0000 -9.0000 1.0000
v 6.0000 -15.0000 -1.0000
v 6.0000 -14.0000 -1.0000
v 5.0000 -14.0000 -1.0000
v 6.0000 -13.0000 -1.0000
v 5.0000 -13.0000 -1.0000
v 6.0000 -11.0000 -1.0000
v 6.0000 -9.0000 -1.0000
v 6.0000 -10.0000 -1.0000
v 6.0000 -15.0000 -2.0000
v 6.0000 -14.0000 -2.0000
v 5.0000 -14.0000 -2.0000
v 6.0000 -13.0000 -2.0000
v 5.0000 -13.0000 -2.0000
v 6.0000 -10.0000 -2.0000
v 6.0000 -11.0000 -2.0000
v 6.0000 -14.0000 -3.0000
v 5.0000 -14.0000 -3.0000
v 6.0000 -15.0000 -3.0000
v 5.0000 -12.0000 -2.0000
v 6.0000 -12.0000 -2.0000
v 6.0000 -12.0000 -3.0000
v 5.0000 -12.0000 -3.0000
v 5.0000 -13.0000 -3.0000
v 6.0000 -13.0000 -3.0000
v 6.0000 -10.0000 -3.0000
v 6.0000 -11.0000 -3.0000
v 6.0000 -16.0000 -4.0000
v 6.0000 -16.0000 -3.0000
v 6.0000 -15.0000 -4.0000
v 6.0000 -14.0000 -4.0000
v 5.0000 -14.0000 -4.0000
v 6.0000 -10.0000 -4.0000
v 6.0000 -11.0000 -4.0000
v 6.0000 -15.0000 -5.0000
v 6.0000 -16.0000 -5.0000
v 6.0000 -11.0000 -5.0000
v 6.0000 -9.0000 -4.0000
v 6.0000 -9.0000 -5.0000
v 6.0000 -15.0000 -6.0000
v 6.0000 -16.0000 -6.0000
v 6.0000 -11.0000 -6.0000
v 6.0000 -9.0000 -6.0000
v 6.0000 -10.0000 -5.0000
v 6.0000 -10.0000 -6.0000
v 6.0000 -15.0000 -7.0000
v 6.0000 -16.0000 -7.0000
v 6.0000 -11.0000 -7.0000
v 6.0000 -9.0000 -7.0000
v 6.0000 -15.0000 -8.0000
v 6.0000 -16.0000 -8.0000
v 6.0000 -11.0000 -8.0000
v 6.0000 -9.0000 -8.0000
v 6.0000 -10.0000 -8.0000
v 6.0000 -10.0000 -7.0000
v 6.0000 -16.0000 -9.0000
v 6.0000 -15.0000 -9.0000
v 6.0000 -14.0000 -8.0000
v 6.0000 -14.0000 -9.0000
v 6.0000 -10.0000 -9.0000
v 6.0000 -11.0000 -9.0000
v 6.0000 -15.0000 -10.0000
v 6.0000 -16.0000 -10.0000
v 6.0000 -10.0000 -10.0000
v 6.0000 -11.0000 -10.0000
v 5.0000 -14.0000 -10.0000
v 6.0000 -14.0000 -10.0000
v 6.0000 -14.0000 -11.0000
v 6.0000 -15.0000 -11.0000
v 6.0000 -10.0000 -11.0000
v 6.0000 -11.0000 -11.0000
v 6.0000 -14.0000 -12.0000
v 6.0000 -15.0000 -12.0000
v 6.0000 -10.0000 -12.0000
v 6.0000 -11.0000 -12.0000
v 6.0000 -14.0000 -13.0000
v 6.0000 -13.0000 -12.0000
v 5.0000 -13.0000 -12.0000
v 6.0000 -13.0000 -13.0000
v 5.0000 -12.0000 -12.0000
v 6.0000 -12.0000 -12.0000
v 6.0000 -12.0000 -13.0000
v 6.0000 -10.0000 -13.0000
v 6.0000 -11.0000 -13.0000
v 6.0000 -12.0000 -14.0000
v 6.0000 -11.0000 -14.0000
v 6.0000 -10.0000 -14.0000
v 6.0000 -10.0000 -15.0000
v 6.0000 -9.0000 -14.0000
v 5.0000 -9.0000 -14.0000
v 6.0000 -9.0000 -15.0000
v 5.0000 -8.0000 -14.0000
v 6.0000 -8.0000 -14.0000
v 6.0000 -8.0000 -15.0000
v 7.0000 -10.0000 8.0000
v 7.0000 -10.0000 9.0000
v 7.0000 -9.0000 9.0000
v 7.0000 -9.0000 8.0000
v 6.0000 -9.0000 8.0000
v 7.0000 -8.0000 9.0000
v 7.0000 -8.0000 8.0000
v 6.0000 -8.0000 8.0000
v 7.0000 -10.0000 7.0000
v 7.0000 -9.0000 7.0000
v 6.0000 -9.0000 7.0000
v 7.0000 -8.0000 7.0000
v 6.0000 -8.0000 7.0000
v 7.0000 -10.0000 6.0000
v 7.0000 -9.0000 6.0000
v 7.0000 -8.0000 6.0000
v 6.0000 -8.0000 6.0000
v 7.0000 -10.0000 5.0000
v 7.0000 -9.0000 5.0000
v 7.0000 -8.0000 5.0000
v 7.0000 -12.0000 4.0000
v 7.0000 -12.0000 5.0000
v 7.0000 -11.0000 5.0000
v 7.0000 -11.0000 4.0000
v 7.0000 -10.0000 4.0000
v 7.0000 -12.0000 3.0000
v 7.0000 -11.0000 3.0000
v 7.0000 -10.0000 3.0000
v 7.0000 -12.0000 2.0000
v 7.0000 -11.0000 2.0000
v 7.0000 -10.0000 2.0000
v 7.0000 -12.0000 1.0000
v 7.0000 -11.0000 1.0000
v 7.0000 -10.0000 1.0000
v 7.0000 -14.0000 -0.0000
v 7.0000 -14.0000 1.0000
v 7.0000 -13.0000 1.0000
v 7.0000 -13.0000 -0.0000
v 7.0000 -12.0000 -0.0000
v 7.0000 -10.0000 -0.0000
v 7.0000 -11.0000 -0.0000
v 7.0000 -14.0000 -1.0000
v 7.0000 -13.0000 -1.0000
v 7.0000 -12.0000 -1.0000
v 6.0000 -12.0000 -1.0000
v 7.0000 -10.0000 -1.0000
v 7.0000 -11.0000 -1.0000
v 7.0000 -14.0000 -2.0000
v 7.0000 -13.0000 -2.0000
v 7.0000 -12.0000 -2.0000
v 7.0000 -10.0000 -2.0000
v 7.0000 -14.0000 -3.0000
v 7.0000 -13.0000 -3.0000
v 7.0000 -12.0000 -3.0000
v 7.0000 -11.0000 -3.0000
v 6.0000 -9.0000 -2.0000
v 7.0000 -9.0000 -2.0000
v 7.0000 -9.0000 -3.0000
v 6.0000 -9.0000 -3.0000
v 7.0000 -10.0000 -3.0000
v 7.0000 -14.0000 -4.0000
v 7.0000 -15.0000 -4.0000
v 7.0000 -15.0000 -3.0000
v 7.0000 -12.0000 -4.0000
v 6.0000 -12.0000 -4.0000
v 6.0000 -13.0000 -4.0000
v 7.0000 -13.0000 -4.0000
v 7.0000 -10.0000 -4.0000
v 7.0000 -11.0000 -4.0000
v 6.0000 -8.0000 -3.0000
v 7.0000 -8.0000 -3.0000
v 7.0000 -8.0000 -4.0000
v 6.0000 -8.0000 -4.0000
v 7.0000 -9.0000 -4.0000
v 7.0000 -14.0000 -5.0000
v 6.0000 -14.0000 -5.0000
v 7.0000 -15.0000 -5.0000
v 7.0000 -11.0000 -5.0000
v 7.0000 -9.0000 -5.0000
v 7.0000 -10.0000 -5.0000
v 7.0000 -8.0000 -5.0000
v 6.0000 -8.0000 -5.0000
v 7.0000 -14.0000 -6.0000
v 6.0000 -14.0000 -6.0000
v 7.0000 -15.0000 -6.0000
v 7.0000 -10.0000 -6.0000
v 7.0000 -11.0000 -6.0000
v 7.0000 -8.0000 -6.0000
v 6.0000 -8.0000 -6.0000
v 7.0000 -9.0000 -6.0000
v 7.0000 -14.0000 -7.0000
v 6.0000 -14.0000 -7.0000
v 7.0000 -15.0000 -7.0000
v 7.0000 -11.0000 -7.0000
v 7.0000 -9.0000 -7.0000
v 7.0000 -10.0000 -7.0000
v 7.0000 -8.0000 -7.0000
v 6.0000 -8.0000 -7.0000
v 7.0000 -14.0000 -8.0000
v 7.0000 -15.0000 -8.0000
v 7.0000 -10.0000 -8.0000
v 7.0000 -11.0000 -8.0000
v 7.0000 -8.0000 -8.0000
v 6.0000 -8.0000 -8.0000
v 7.0000 -9.0000 -8.0000
v 7.0000 -15.0000 -9.0000
v 6.0000 -13.0000 -8.0000
v 7.0000 -13.0000 -8.0000
v 7.0000 -13.0000 -9.0000
v 6.0000 -13.0000 -9.0000
v 7.0000 -14.0000 -9.0000
v 7.0000 -11.0000 -9.0000
v 6.0000 -9.0000 -9.0000
v 7.0000 -9.0000 -9.0000
v 7.0000 -10.0000 -9.0000
v 7.0000 -8.0000 -9.0000
v 6.0000 -8.0000 -9.0000
v 7.0000 -14.0000 -10.0000
v 7.0000 -15.0000 -10.0000
v 7.0000 -10.0000 -10.0000
v 7.0000 -11.0000 -10.0000
v 7.0000 -8.0000 -10.0000
v 6.0000 -8.0000 -10.0000
v 6.0000 -9.0000 -10.0000
v 7.0000 -9.0000 -10.0000
v 7.0000 -14.0000 -11.0000
v 7.0000 -15.0000 -11.0000
v 7.0000 -11.0000 -11.0000
v 7.0000 -9.0000 -11.0000
v 6.0000 -9.0000 -11.0000
v 7.0000 -10.0000 -11.0000
v 7.0000 -14.0000 -12.0000
v 7.0000 -13.0000 -11.0000
v 6.0000 -13.0000 -11.0000
v 7.0000 -13.0000 -12.0000
v 6.0000 -12.0000 -11.0000
v 7.0000 -12.0000 -11.0000
v 7.0000 -12.0000 -12.0000
v 7.0000 -10.0000 -12.0000
v 7.0000 -11.0000 -12.0000
v 7.0000 -12.0000 -13.0000
v 7.0000 -11.0000 -13.0000
v 7.0000 -10.0000 -13.0000
v 7.0000 -10.0000 -14.0000
v 7.0000 -9.0000 -13.0000
v 6.0000 -9.0000 -13.0000
v 7.0000 -9.0000 -14.0000
v 6.0000 -8.0000 -13.0000
v 7.0000 -8.0000 -13.0000
v 7.0000 -8.0000 -14.0000
v 8.0000 -10.0000 4.0000
v 8.0000 -10.0000 5.0000
v 8.0000 -9.0000 5.0000
v 8.0000 -9.0000 4.0000
v 7.0000 -9.0000 4.0000
v 8.0000 -8.0000 5.0000
v 8.0000 -8.0000 4.0000
v 7.0000 -8.0000 4.0000
v 8.0000 -10.0000 3.0000
v 8.0000 -9.0000 3.0000
v 7.0000 -9.0000 3.0000
v 8.0000 -8.0000 3.0000
v 7.0000 -8.0000 3.0000
v 8.0000 -10.0000 2.0000
v 8.0000 -9.0000 2.0000
v 7.0000 -9.0000 2.0000
v 8.0000 -8.0000 2.0000
v 7.0000 -8.0000 2.0000
v 8.0000 -10.0000 1.0000
v 7.0000 -9.0000 1.0000
v 8.0000 -9.0000 1.0000
v 8.0000 -8.0000 1.0000
v 7.0000 -8.0000 1.0000
v 8.0000 -12.0000 -0.0000
v 8.0000 -12.0000 1.0000
v 8.0000 -11.0000 1.0000
v 8.0000 -11.0000 -0.0000
v 8.0000 -10.0000 -0.0000
v 8.0000 -12.0000 -1.0000
v 8.0000 -11.0000 -1.0000
v 8.0000 -10.0000 -1.0000
v 8.0000 -12.0000 -2.0000
v 8.0000 -11.0000 -2.0000
v 8.0000 -10.0000 -2.0000
v 8.0000 -12.0000 -3.0000
v 8.0000 -11.0000 -3.0000
v 8.0000 -10.0000 -3.0000
v 8.0000 -14.0000 -4.0000
v 8.0000 -14.0000 -3.0000
v 8.0000 -13.0000 -3.0000
v 8.0000 -13.0000 -4.0000
v 8.0000 -12.0000 -4.0000
v 8.0000 -10.0000 -4.0000
v 8.0000 -11.0000 -4.0000
v 8.0000 -14.0000 -5.0000
v 8.0000 -13.0000 -5.0000
v 7.0000 -13.0000 -5.0000
v 8.0000 -12.0000 -5.0000
v 7.0000 -12.0000 -5.0000
v 8.0000 -10.0000 -5.0000
v 8.0000 -11.0000 -5.0000
v 8.0000 -14.0000 -6.0000
v 8.0000 -13.0000 -6.0000
v 7.0000 -13.0000 -6.0000
v 8.0000 -12.0000 -6.0000
v 7.0000 -12.0000 -6.0000
v 8.0000 -10.0000 -6.0000
v 8.0000 -11.0000 -6.0000
v 8.0000 -14.0000 -7.0000
v 8.0000 -13.0000 -7.0000
v 7.0000 -13.0000 -7.0000
v 8.0000 -12.0000 -7.0000
v 7.0000 -12.0000 -7.0000
v 8.0000 -10.0000 -7.0000
v 8.0000 -11.0000 -7.0000
v 8.0000 -14.0000 -8.0000
v 8.0000 -13.0000 -8.0000
v 8.0000 -12.0000 -8.0000
v 7.0000 -12.0000 -8.0000
v 8.0000 -10.0000 -8.0000
v 8.0000 -11.0000 -8.0000
v 8.0000 -15.0000 -9.0000
v 8.0000 -15.0000 -8.0000
v 8.0000 -14.0000 -9.0000
v 8.0000 -13.0000 -9.0000
v 8.0000 -12.0000 -9.0000
v 7.0000 -12.0000 -9.0000
v 8.0000 -10.0000 -9.0000
v 8.0000 -11.0000 -9.0000
v 8.0000 -14.0000 -10.0000
v 8.0000 -13.0000 -10.0000
v 7.0000 -13.0000 -10.0000
v 8.0000 -12.0000 -10.0000
v 7.0000 -12.0000 -10.0000
v 8.0000 -10.0000 -10.0000
v 8.0000 -11.0000 -10.0000
v 8.0000 -14.0000 -11.0000
v 8.0000 -13.0000 -11.0000
v 8.0000 -12.0000 -11.0000
v 8.0000 -10.0000 -11.0000
v 8.0000 -11.0000 -11.0000
v 8.0000 -14.0000 -12.0000
v 8.0000 -13.0000 -12.0000
v 8.0000 -12.0000 -12.0000
v 8.0000 -10.0000 -12.0000
v 8.0000 -11.0000 -12.0000
v 8.0000 -12.0000 -13.0000
v 8.0000 -11.0000 -13.0000
v 8.0000 -10.0000 -13.0000
v 8.0000 -10.0000 -14.0000
v 8.0000 -9.0000 -13.0000
v 8.0000 -9.0000 -14.0000
v 8.0000 -8.0000 -13.0000
v 8.0000 -8.0000 -14.0000
v 9.0000 -10.0000 -0.0000
v 9.0000 -10.0000 1.0000
v 9.0000 -9.0000 1.0000
v 9.0000 -9.0000 -0.0000
v 8.0000 -9.0000 -0.0000
v 9.0000 -8.0000 1.0000
v 9.0000 -8.0000 -0.0000
v 8.0000 -8.0000 -0.0000
v 9.0000 -10.0000 -1.0000
v 9.0000 -9.0000 -1.0000
v 8.0000 -9.0000 -1.0000
v 9.0000 -8.0000 -1.0000
v 8.0000 -8.0000 -1.0000
v 9.0000 -10.0000 -2.0000
v 9.0000 -9.0000 -2.0000
v 8.0000 -9.0000 -2.0000
v 9.0000 -8.0000 -2.0000
v 8.0000 -8.0000 -2.0000
v 9.0000 -10.0000 -3.0000
v 8.0000 -9.0000 -3.0000
v 9.0000 -9.0000 -3.0000
v 9.0000 -8.0000 -3.0000
v 8.0000 -8.0000 -3.0000
v 9.0000 -12.0000 -4.0000
v 9.0000 -12.0000 -3.0000
v 9.0000 -11.0000 -3.0000
v 9.0000 -11.0000 -4.0000
v 9.0000 -10.0000 -4.0000
v 9.0000 -12.0000 -5.0000
v 9.0000 -11.0000 -5.0000
v 9.0000 -10.0000 -5.0000
v 9.0000 -12.0000 -6.0000
v 9.0000 -11.0000 -6.0000
v 9.0000 -10.0000 -6.0000
v 9.0000 -12.0000 -7.0000
v 9.0000 -11.0000 -7.0000
v 9.0000 -10.0000 -7.0000
v 9.0000 -12.0000 -8.0000
v 9.0000 -11.0000 -8.0000
v 9.0000 -10.0000 -8.0000
v 9.0000 -12.0000 -9.0000
v 9.0000 -11.0000 -9.0000
v 9.0000 -10.0000 -9.0000
v 9.0000 -12.0000 -10.0000
v 9.0000 -11.0000 -10.0000
v 9.0000 -10.0000 -10.0000
v 9.0000 -12.0000 -11.0000
v 9.0000 -11.0000 -11.0000
v 9.0000 -10.0000 -11.0000
v 9.0000 -12.0000 -12.0000
v 9.0000 -11.0000 -12.0000
v 9.0000 -10.0000 -12.0000
v 9.0000 -10.0000 -13.0000
v 9.0000 -9.0000 -12.0000
v 8.0000 -9.0000 -12.0000
v 9.0000 -9.0000 -13.0000
v 8.0000 -8.0000 -12.0000
v 9.0000 -8.0000 -12.0000
v 9.0000 -8.0000 -13.0000
v 10.0000 -10.0000 -4.0000
v 10.0000 -10.0000 -3.0000
v 10.0000 -9.0000 -3.0000
v 10.0000 -9.0000 -4.0000
v 9.0000 -9.0000 -4.0000
v 10.0000 -8.0000 -3.0000
v 10.0000 -8.0000 -4.0000
v 9.0000 -8.0000 -4.0000
v 10.0000 -10.0000 -5.0000
v 10.0000 -9.0000 -5.0000
v 9.0000 -9.0000 -5.0000
v 10.0000 -8.0000 -5.0000
v 9.0000 -8.0000 -5.0000
v 10.0000 -10.0000 -6.0000
v 10.0000 -9.0000 -6.0000
v 9.0000 -9.0000 -6.0000
v 10.0000 -8.0000 -6.0000
v 9.0000 -8.0000 -6.0000
v 10.0000 -10.0000 -7.0000
v 10.0000 -9.0000 -7.0000
v 9.0000 -9.0000 -7.0000
v 10.0000 -8.0000 -7.0000
v 9.0000 -8.0000 -7.0000
v 10.0000 -10.0000 -8.0000
v 10.0000 -9.0000 -8.0000
v 9.0000 -9.0000 -8.0000
v 10.0000 -8.0000 -8.0000
v 9.0000 -8.0000 -8.0000
v 10.0000 -10.0000 -9.0000
v 10.0000 -9.0000 -9.0000
v 9.0000 -9.0000 -9.0000
v 10.0000 -8.0000 -9.0000
v 9.0000 -8.0000 -9.0000
v 10.0000 -10.0000 -10.0000
v 10.0000 -9.0000 -10.0000
v 9.0000 -9.0000 -10.0000
v 10.0000 -8.0000 -10.0000
v 9.0000 -8.0000 -10.0000
v 10.0000 -10.0000 -11.0000
v 10.0000 -9.0000 -11.0000
v 9.0000 -9.0000 -11.0000
v 10.0000 -8.0000 -11.0000
v 9.0000 -8.0000 -11.0000
v 10.0000 -10.0000 -12.0000
v 10.0000 -9.0000 -12.0000
v 10.0000 -8.0000 -12.0000
vt 0.001953 0.500000
vt 0.005859 0.500000
vt 0.009766 0.500000
vt 0.013672 0.500000
vt 0.017578 0.500000
vt 0.021484 0.500000
vt 0.025391 0.500000
vt 0.029297 0.500000
vt 0.033203 0.500000
vt 0.037109 0.500000
vt 0.041016 0.500000
vn 0.0 -1.0 0.0
vn 0.0 1.0 0.0
vn 0.0 0.0 1.0
vn 0.0 0.0 -1.0
vn -1.0 0.0 0.0
vn 1.0 0.0 0.0
usemtl mat_Boss_Boss_TrenBote_fase_1
s off
f 1/1/1 2/1/1 3/1/1 4/1/1
f 1/1/3 4/1/3 5/1/3 6/1/3
f 4/1/6 3/1/6 7/1/6 5/1/6
f 1/1/5 6/1/5 8/1/5 2/1/5
f 9/1/2 10/1/2 11/1/2 12/1/2
f 6/1/3 5/1/3 10/1/3 9/1/3
f 5/1/6 7/1/6 11/1/6 10/1/6
f 6/1/5 9/1/5 12/1/5 8/1/5
f 2/1/1 13/1/1 14/1/1 3/1/1
f 3/1/6 14/1/6 15/1/6 7/1/6
f 2/1/5 8/1/5 16/1/5 13/1/5
f 12/1/2 11/1/2 17/1/2 18/1/2
f 7/1/6 15/1/6 17/1/6 11/1/6
f 8/1/5 12/1/5 18/1/5 16/1/5
f 13/1/1 19/1/1 20/1/1 14/1/1
f 14/1/6 20/1/6 21/1/6 15/1/6
f 13/1/5 16/1/5 22/1/5 19/1/5
f 18/1/2 17/1/2 23/1/2 24/1/2
f 15/1/6 21/1/6 23/1/6 17/1/6
f 16/1/5 18/1/5 24/1/5 22/1/5
f 19/1/1 25/1/1 26/1/1 20/1/1
f 20/1/6 26/1/6 27/1/6 21/1/6
f 19/1/5 22/1/5 28/1/5 25/1/5
f 24/1/2 23/1/2 29/1/2 30/1/2
f 21/1/6 27/1/6 29/1/6 23/1/6
f 22/1/5 24/1/5 30/1/5 28/1/5
f 25/1/1 31/1/1 32/1/1 26/1/1
f 26/1/6 32/1/6 33/1/6 27/1/6
f 25/1/5 28/1/5 34/1/5 31/1/5
f 30/1/2 29/1/2 35/1/2 36/1/2
f 27/1/6 33/1/6 35/1/6 29/1/6
f 28/1/5 30/1/5 36/1/5 34/1/5
f 31/1/1 37/1/1 38/1/1 32/1/1
f 32/1/6 38/1/6 39/1/6 33/1/6
f 31/1/5 34/1/5 40/1/5 37/1/5
f 36/1/2 35/1/2 41/1/2 42/1/2
f 33/1/6 39/1/6 41/1/6 35/1/6
f 34/1/5 36/1/5 42/1/5 40/1/5
f 37/1/1 43/1/1 44/1/1 38/1/1
f 38/1/6 44/1/6 45/1/6 39/1/6
f 37/1/5 40/1/5 46/1/5 43/1/5
f 42/1/2 41/1/2 47/1/2 48/1/2
f 39/1/6 45/1/6 47/1/6 41/1/6
f 40/1/5 42/1/5 48/1/5 46/1/5
f 43/1/1 49/1/1 50/1/1 44/1/1
f 44/1/6 50/1/6 51/1/6 45/1/6
f 43/1/5 46/1/5 52/1/5 49/1/5
f 48/1/2 47/1/2 53/1/2 54/1/2
f 45/1/6 51/1/6 53/1/6 47/1/6
f 46/1/5 48/1/5 54/1/5 52/1/5
f 49/1/1 55/1/1 56/1/1 50/1/1
f 55/1/4 57/1/4 58/1/4 56/1/4
f 50/1/6 56/1/6 58/1/6 51/1/6
f 49/1/5 52/1/5 57/1/5 55/1/5
f 54/1/2 53/1/2 59/1/2 60/1/2
f 57/1/4 60/1/4 59/1/4 58/1/4
f 51/1/6 58/1/6 59/1/6 53/1/6
f 52/1/5 54/1/5 60/1/5 57/1/5
f 61/1/1 62/1/1 63/1/1 64/1/1
f 61/1/3 64/1/3 65/1/3 66/1/3
f 64/1/6 63/1/6 67/1/6 65/1/6
f 61/1/5 66/1/5 68/1/5 62/1/5
f 69/1/2 70/1/2 71/1/2 72/1/2
f 66/1/3 65/1/3 70/1/3 69/1/3
f 65/1/6 67/1/6 71/1/6 70/1/6
f 66/1/5 69/1/5 72/1/5 68/1/5
f 62/1/1 73/1/1 74/1/1 63/1/1
f 63/1/6 74/1/6 75/1/6 67/1/6
f 62/1/5 68/1/5 76/1/5 73/1/5
f 72/1/2 71/1/2 77/1/2 78/1/2
f 67/1/6 75/1/6 77/1/6 71/1/6
f 68/1/5 72/1/5 78/1/5 76/1/5
f 73/1/1 79/1/1 80/1/1 74/1/1
f 74/1/6 80/1/6 81/1/6 75/1/6
f 73/1/5 76/1/5 82/1/5 79/1/5
f 78/1/2 77/1/2 83/1/2 84/1/2
f 75/1/6 81/1/6 83/1/6 77/1/6
f 76/1/5 78/1/5 84/1/5 82/1/5
f 79/1/1 4/1/1 85/1/1 80/1/1
f 4/1/4 5/1/4 86/1/4 85/1/4
f 80/1/6 85/1/6 86/1/6 81/1/6
f 79/1/5 82/1/5 5/1/5 4/1/5
f 84/1/2 83/1/2 87/1/2 10/1/2
f 5/1/4 10/1/4 87/1/4 86/1/4
f 81/1/6 86/1/6 87/1/6 83/1/6
f 82/1/5 84/1/5 10/1/5 5/1/5
f 88/1/1 89/1/1 90/1/1 91/1/1
f 88/1/3 91/1/3 92/1/3 93/1/3
f 91/1/6 90/1/6 94/1/6 92/1/6
f 88/1/5 93/1/5 95/1/5 89/1/5
f 4/2/2 85/2/2 96/2/2 3/2/2
f 93/2/3 92/2/3 85/2/3 4/2/3
f 93/2/5 4/2/5 3/2/5 95/2/5
f 89/1/1 97/1/1 98/1/1 90/1/1
f 90/1/6 98/1/6 99/1/6 94/1/6
f 89/1/5 95/1/5 100/1/5 97/1/5
f 3/2/2 96/2/2 101/2/2 14/2/2
f 95/2/5 3/2/5 14/2/5 100/2/5
f 97/1/1 102/1/1 103/1/1 98/1/1
f 98/1/6 103/1/6 104/1/6 99/1/6
f 97/1/5 100/1/5 105/1/5 102/1/5
f 14/2/2 101/2/2 106/2/2 20/2/2
f 100/2/5 14/2/5 20/2/5 105/2/5
f 102/1/1 107/1/1 108/1/1 103/1/1
f 103/1/6 108/1/6 109/1/6 104/1/6
f 102/1/5 105/1/5 110/1/5 107/1/5
f 20/2/2 106/2/2 111/2/2 26/2/2
f 105/2/5 20/2/5 26/2/5 110/2/5
f 107/1/1 112/1/1 113/1/1 108/1/1
f 108/1/6 113/1/6 114/1/6 109/1/6
f 107/1/5 110/1/5 115/1/5 112/1/5
f 26/2/2 111/2/2 116/2/2 32/2/2
f 110/2/5 26/2/5 32/2/5 115/2/5
f 112/1/1 117/1/1 118/1/1 113/1/1
f 113/1/6 118/1/6 119/1/6 114/1/6
f 112/1/5 115/1/5 120/1/5 117/1/5
f 32/2/2 116/2/2 121/2/2 38/2/2
f 115/2/5 32/2/5 38/2/5 120/2/5
f 117/1/1 122/1/1 123/1/1 118/1/1
f 118/1/6 123/1/6 124/1/6 119/1/6
f 117/1/5 120/1/5 125/1/5 122/1/5
f 38/2/2 121/2/2 126/2/2 44/2/2
f 120/2/5 38/2/5 44/2/5 125/2/5
f 122/1/1 127/1/1 128/1/1 123/1/1
f 123/1/6 128/1/6 129/1/6 124/1/6
f 122/1/5 125/1/5 130/1/5 127/1/5
f 44/2/2 126/2/2 131/2/2 50/2/2
f 125/2/5 44/2/5 50/2/5 130/2/5
f 127/1/1 132/1/1 133/1/1 128/1/1
f 132/1/4 134/1/4 135/1/4 133/1/4
f 128/1/6 133/1/6 135/1/6 129/1/6
f 127/1/5 130/1/5 134/1/5 132/1/5
f 50/2/2 131/2/2 136/2/2 56/2/2
f 134/2/4 56/2/4 136/2/4 135/2/4
f 130/2/5 50/2/5 56/2/5 134/2/5
f 56/1/1 137/1/1 138/1/1 136/1/1
f 56/1/3 136/1/3 139/1/3 58/1/3
f 137/1/4 140/1/4 141/1/4 138/1/4
f 136/1/6 138/1/6 141/1/6 139/1/6
f 56/1/5 58/1/5 140/1/5 137/1/5
f 59/1/2 142/1/2 143/1/2 144/1/2
f 58/1/3 139/1/3 142/1/3 59/1/3
f 140/1/4 144/1/4 143/1/4 141/1/4
f 139/1/6 141/1/6 143/1/6 142/1/6
f 58/1/5 59/1/5 144/1/5 140/1/5
f 145/1/1 146/1/1 147/1/1 148/1/1
f 145/1/3 148/1/3 149/1/3 150/1/3
f 148/1/6 147/1/6 151/1/6 149/1/6
f 145/1/5 150/1/5 152/1/5 146/1/5
f 153/1/2 154/1/2 155/1/2 156/1/2
f 150/1/3 149/1/3 154/1/3 153/1/3
f 149/1/6 151/1/6 155/1/6 154/1/6
f 150/1/5 153/1/5 156/1/5 152/1/5
f 146/1/1 157/1/1 158/1/1 147/1/1
f 147/1/6 158/1/6 159/1/6 151/1/6
f 146/1/5 152/1/5 160/1/5 157/1/5
f 156/1/2 155/1/2 161/1/2 162/1/2
f 151/1/6 159/1/6 161/1/6 155/1/6
f 152/1/5 156/1/5 162/1/5 160/1/5
f 157/1/1 163/1/1 164/1/1 158/1/1
f 158/1/6 164/1/6 165/1/6 159/1/6
f 157/1/5 160/1/5 166/1/5 163/1/5
f 162/1/2 161/1/2 167/1/2 168/1/2
f 159/1/6 165/1/6 167/1/6 161/1/6
f 160/1/5 162/1/5 168/1/5 166/1/5
f 163/1/1 64/1/1 169/1/1 164/1/1
f 64/1/4 65/1/4 170/1/4 169/1/4
f 164/1/6 169/1/6 170/1/6 165/1/6
f 163/1/5 166/1/5 65/1/5 64/1/5
f 168/1/2 167/1/2 171/1/2 70/1/2
f 65/1/4 70/1/4 171/1/4 170/1/4
f 165/1/6 170/1/6 171/1/6 167/1/6
f 166/1/5 168/1/5 70/1/5 65/1/5
f 172/1/1 173/1/1 174/1/1 175/1/1
f 172/1/3 175/1/3 176/1/3 177/1/3
f 175/1/6 174/1/6 178/1/6 176/1/6
f 172/1/5 177/1/5 179/1/5 173/1/5
f 64/2/2 169/2/2 180/2/2 63/2/2
f 177/2/3 176/2/3 169/2/3 64/2/3
f 177/2/5 64/2/5 63/2/5 179/2/5
f 173/1/1 181/1/1 182/1/1 174/1/1
f 174/1/6 182/1/6 183/1/6 178/1/6
f 173/1/5 179/1/5 184/1/5 181/1/5
f 63/2/2 180/2/2 185/2/2 74/2/2
f 179/2/5 63/2/5 74/2/5 184/2/5
f 181/1/1 186/1/1 187/1/1 182/1/1
f 181/1/5 184/1/5 188/1/5 186/1/5
f 74/2/2 185/2/2 189/2/2 80/2/2
f 184/2/5 74/2/5 80/2/5 188/2/5
f 186/1/1 91/1/1 190/1/1 187/1/1
f 91/1/4 92/1/4 191/1/4 190/1/4
f 186/1/5 188/1/5 92/1/5 91/1/5
f 80/2/2 189/2/2 192/2/2 85/2/2
f 188/2/5 80/2/5 85/2/5 92/2/5
f 193/1/1 194/1/1 195/1/1 196/1/1
f 193/1/3 196/1/3 197/1/3 198/1/3
f 196/1/6 195/1/6 199/1/6 197/1/6
f 193/1/5 198/1/5 200/1/5 194/1/5
f 91/1/2 190/1/2 201/1/2 90/1/2
f 198/1/3 197/1/3 190/1/3 91/1/3
f 198/1/5 91/1/5 90/1/5 200/1/5
f 85/2/2 192/2/2 202/2/2 96/2/2
f 92/2/1 94/2/1 203/2/1 191/2/1
f 194/1/1 204/1/1 205/1/1 195/1/1
f 195/1/6 205/1/6 206/1/6 199/1/6
f 194/1/5 200/1/5 207/1/5 204/1/5
f 90/1/2 201/1/2 208/1/2 98/1/2
f 199/1/6 206/1/6 208/1/6 201/1/6
f 200/1/5 90/1/5 98/1/5 207/1/5
f 96/2/2 202/2/2 209/2/2 101/2/2
f 94/2/1 99/2/1 210/2/1 203/2/1
f 204/1/1 211/1/1 212/1/1 205/1/1
f 205/1/6 212/1/6 213/1/6 206/1/6
f 204/1/5 207/1/5 214/1/5 211/1/5
f 98/1/2 208/1/2 215/1/2 103/1/2
f 206/1/6 213/1/6 215/1/6 208/1/6
f 207/1/5 98/1/5 103/1/5 214/1/5
f 101/2/2 209/2/2 216/2/2 106/2/2
f 99/2/1 104/2/1 217/2/1 210/2/1
f 211/1/1 218/1/1 219/1/1 212/1/1
f 212/1/6 219/1/6 220/1/6 213/1/6
f 211/1/5 214/1/5 221/1/5 218/1/5
f 103/1/2 215/1/2 222/1/2 108/1/2
f 213/1/6 220/1/6 222/1/6 215/1/6
f 214/1/5 103/1/5 108/1/5 221/1/5
f 106/2/2 216/2/2 223/2/2 111/2/2
f 104/2/1 109/2/1 224/2/1 217/2/1
f 218/1/1 225/1/1 226/1/1 219/1/1
f 219/1/6 226/1/6 227/1/6 220/1/6
f 218/1/5 221/1/5 228/1/5 225/1/5
f 108/1/2 222/1/2 229/1/2 113/1/2
f 220/1/6 227/1/6 229/1/6 222/1/6
f 221/1/5 108/1/5 113/1/5 228/1/5
f 111/2/2 223/2/2 230/2/2 116/2/2
f 109/2/1 114/2/1 231/2/1 224/2/1
f 232/1/1 233/1/1 234/1/1 235/1/1
f 232/1/3 235/1/3 226/1/3 225/1/3
f 233/1/4 236/1/4 237/1/4 234/1/4
f 232/1/5 225/1/5 236/1/5 233/1/5
f 225/1/5 228/1/5 238/1/5 236/1/5
f 113/1/2 229/1/2 239/1/2 118/1/2
f 227/1/6 240/1/6 239/1/6 229/1/6
f 228/1/5 113/1/5 118/1/5 238/1/5
f 116/2/2 230/2/2 241/2/2 121/2/2
f 114/2/1 119/2/1 242/2/1 231/2/1
f 236/1/1 243/1/1 244/1/1 237/1/1
f 237/1/6 244/1/6 245/1/6 240/1/6
f 236/1/5 238/1/5 246/1/5 243/1/5
f 118/1/2 239/1/2 247/1/2 123/1/2
f 240/1/6 245/1/6 247/1/6 239/1/6
f 238/1/5 118/1/5 123/1/5 246/1/5
f 121/2/2 241/2/2 248/2/2 126/2/2
f 119/2/1 124/2/1 249/2/1 242/2/1
f 243/1/1 250/1/1 251/1/1 244/1/1
f 244/1/6 251/1/6 252/1/6 245/1/6
f 243/1/5 246/1/5 253/1/5 250/1/5
f 123/1/2 247/1/2 254/1/2 128/1/2
f 245/1/6 252/1/6 254/1/6 247/1/6
f 246/1/5 123/1/5 128/1/5 253/1/5
f 126/2/2 248/2/2 255/2/2 131/2/2
f 124/2/1 129/2/1 256/2/1 249/2/1
f 250/1/1 257/1/1 258/1/1 251/1/1
f 257/1/4 259/1/4 260/1/4 258/1/4
f 250/1/5 253/1/5 259/1/5 257/1/5
f 128/1/2 254/1/2 261/1/2 133/1/2
f 259/1/4 133/1/4 261/1/4 260/1/4
f 253/1/5 128/1/5 133/1/5 259/1/5
f 131/2/2 255/2/2 262/2/2 136/2/2
f 129/2/1 135/2/1 263/2/1 256/2/1
f 133/1/1 264/1/1 265/1/1 261/1/1
f 133/1/3 261/1/3 263/1/3 135/1/3
f 264/1/4 266/1/4 267/1/4 265/1/4
f 133/1/5 135/1/5 266/1/5 264/1/5
f 136/2/2 262/2/2 268/2/2 138/2/2
f 266/2/4 138/2/4 268/2/4 267/2/4
f 135/2/5 136/2/5 138/2/5 266/2/5
f 138/1/1 269/1/1 270/1/1 268/1/1
f 138/1/3 268/1/3 271/1/3 141/1/3
f 269/1/4 272/1/4 273/1/4 270/1/4
f 138/1/5 141/1/5 272/1/5 269/1/5
f 143/1/2 274/1/2 275/1/2 276/1/2
f 141/1/3 271/1/3 274/1/3 143/1/3
f 272/1/4 276/1/4 275/1/4 273/1/4
f 141/1/5 143/1/5 276/1/5 272/1/5
f 277/1/1 278/1/1 279/1/1 280/1/1
f 277/1/3 280/1/3 281/1/3 282/1/3
f 280/1/6 279/1/6 283/1/6 281/1/6
f 277/1/5 282/1/5 284/1/5 278/1/5
f 285/1/2 286/1/2 287/1/2 288/1/2
f 282/1/3 281/1/3 286/1/3 285/1/3
f 281/1/6 283/1/6 287/1/6 286/1/6
f 282/1/5 285/1/5 288/1/5 284/1/5
f 278/1/1 289/1/1 290/1/1 279/1/1
f 279/1/6 290/1/6 291/1/6 283/1/6
f 278/1/5 284/1/5 292/1/5 289/1/5
f 288/1/2 287/1/2 293/1/2 294/1/2
f 283/1/6 291/1/6 293/1/6 287/1/6
f 284/1/5 288/1/5 294/1/5 292/1/5
f 289/1/1 295/1/1 296/1/1 290/1/1
f 290/1/6 296/1/6 297/1/6 291/1/6
f 289/1/5 292/1/5 298/1/5 295/1/5
f 294/1/2 293/1/2 299/1/2 300/1/2
f 291/1/6 297/1/6 299/1/6 293/1/6
f 292/1/5 294/1/5 300/1/5 298/1/5
f 295/1/1 148/1/1 301/1/1 296/1/1
f 148/1/4 149/1/4 302/1/4 301/1/4
f 295/1/5 298/1/5 149/1/5 148/1/5
f 300/1/2 299/1/2 303/1/2 154/1/2
f 149/1/4 154/1/4 303/1/4 302/1/4
f 297/1/6 302/1/6 303/1/6 299/1/6
f 298/1/5 300/1/5 154/1/5 149/1/5
f 304/1/1 305/1/1 306/1/1 307/1/1
f 304/1/3 307/1/3 308/1/3 309/1/3
f 307/1/6 306/1/6 310/1/6 308/1/6
f 304/1/5 309/1/5 311/1/5 305/1/5
f 148/2/2 301/2/2 312/2/2 147/2/2
f 309/2/3 308/2/3 301/2/3 148/2/3
f 309/2/5 148/2/5 147/2/5 311/2/5
f 305/1/1 313/1/1 314/1/1 306/1/1
f 306/1/6 314/1/6 315/1/6 310/1/6
f 305/1/5 311/1/5 316/1/5 313/1/5
f 147/2/2 312/2/2 317/2/2 158/2/2
f 311/2/5 147/2/5 158/2/5 316/2/5
f 313/1/1 318/1/1 319/1/1 314/1/1
f 314/1/6 319/1/6 320/1/6 315/1/6
f 313/1/5 316/1/5 321/1/5 318/1/5
f 158/2/2 317/2/2 322/2/2 164/2/2
f 316/2/5 158/2/5 164/2/5 321/2/5
f 318/1/1 175/1/1 323/1/1 319/1/1
f 175/1/4 176/1/4 324/1/4 323/1/4
f 319/1/6 323/1/6 324/1/6 320/1/6
f 318/1/5 321/1/5 176/1/5 175/1/5
f 164/2/2 322/2/2 325/2/2 169/2/2
f 321/2/5 164/2/5 169/2/5 176/2/5
f 326/1/1 327/1/1 328/1/1 329/1/1
f 326/1/3 329/1/3 330/1/3 331/1/3
f 326/1/5 331/1/5 332/1/5 327/1/5
f 175/1/2 323/1/2 333/1/2 174/1/2
f 331/1/3 330/1/3 323/1/3 175/1/3
f 331/1/5 175/1/5 174/1/5 332/1/5
f 169/2/2 325/2/2 334/2/2 180/2/2
f 176/2/1 178/2/1 335/2/1 324/2/1
f 327/1/1 336/1/1 337/1/1 328/1/1
f 327/1/5 332/1/5 338/1/5 336/1/5
f 174/1/2 333/1/2 339/1/2 182/1/2
f 340/1/6 341/1/6 339/1/6 333/1/6
f 332/1/5 174/1/5 182/1/5 338/1/5
f 180/2/2 334/2/2 342/2/2 185/2/2
f 178/2/1 183/2/1 343/2/1 335/2/1
f 336/1/1 344/1/1 345/1/1 337/1/1
f 336/1/5 338/1/5 346/1/5 344/1/5
f 341/1/6 347/1/6 348/1/6 339/1/6
f 338/1/5 182/1/5 187/1/5 346/1/5
f 182/1/3 339/1/3 343/1/3 183/1/3
f 339/1/6 348/1/6 349/1/6 343/1/6
f 185/2/2 342/2/2 350/2/2 189/2/2
f 344/1/1 196/1/1 351/1/1 345/1/1
f 196/1/4 197/1/4 352/1/4 351/1/4
f 345/1/6 351/1/6 352/1/6 347/1/6
f 344/1/5 346/1/5 197/1/5 196/1/5
f 346/1/5 187/1/5 190/1/5 197/1/5
f 190/1/4 191/1/4 353/1/4 354/1/4
f 348/1/6 354/1/6 353/1/6 349/1/6
f 355/3/2 356/3/2 357/3/2 358/3/2
f 189/3/3 350/3/3 356/3/3 355/3/3
f 192/3/4 358/3/4 357/3/4 359/3/4
f 350/3/6 359/3/6 357/3/6 356/3/6
f 189/3/5 355/3/5 358/3/5 192/3/5
f 196/1/2 351/1/2 360/1/2 195/1/2
f 361/1/1 362/1/1 363/1/1 364/1/1
f 361/1/3 364/1/3 351/1/3 196/1/3
f 361/1/5 196/1/5 195/1/5 362/1/5
f 190/1/2 354/1/2 365/1/2 201/1/2
f 197/1/1 199/1/1 366/1/1 352/1/1
f 199/1/4 201/1/4 365/1/4 366/1/4
f 352/1/6 366/1/6 365/1/6 354/1/6
f 192/2/2 359/2/2 367/2/2 202/2/2
f 191/2/1 203/2/1 368/2/1 353/2/1
f 369/3/2 370/3/2 371/3/2 372/3/2
f 358/3/1 373/3/1 374/3/1 357/3/1
f 358/3/3 357/3/3 370/3/3 369/3/3
f 357/3/6 374/3/6 371/3/6 370/3/6
f 358/3/5 369/3/5 372/3/5 373/3/5
f 195/1/2 360/1/2 375/1/2 205/1/2
f 362/1/1 376/1/1 377/1/1 363/1/1
f 363/1/6 377/1/6 375/1/6 360/1/6
f 362/1/5 195/1/5 205/1/5 376/1/5
f 203/2/1 210/2/1 378/2/1 368/2/1
f 202/3/3 367/3/3 374/3/3 373/3/3
f 209/3/4 379/3/4 380/3/4 381/3/4
f 202/3/5 373/3/5 379/3/5 209/3/5
f 372/3/2 371/3/2 382/3/2 383/3/2
f 374/3/6 380/3/6 382/3/6 371/3/6
f 373/3/5 372/3/5 383/3/5 379/3/5
f 205/1/2 375/1/2 384/1/2 212/1/2
f 376/1/1 385/1/1 386/1/1 377/1/1
f 377/1/6 386/1/6 384/1/6 375/1/6
f 376/1/5 205/1/5 212/1/5 385/1/5
f 209/2/2 381/2/2 387/2/2 216/2/2
f 210/2/1 217/2/1 388/2/1 378/2/1
f 383/3/2 382/3/2 389/3/2 390/3/2
f 379/3/1 391/3/1 392/3/1 380/3/1
f 380/3/6 392/3/6 389/3/6 382/3/6
f 379/3/5 383/3/5 390/3/5 391/3/5
f 212/1/2 384/1/2 393/1/2 219/1/2
f 385/1/1 394/1/1 395/1/1 386/1/1
f 386/1/6 395/1/6 393/1/6 384/1/6
f 385/1/5 212/1/5 219/1/5 394/1/5
f 217/2/1 224/2/1 396/2/1 388/2/1
f 216/3/3 387/3/3 392/3/3 391/3/3
f 223/3/4 397/3/4 398/3/4 399/3/4
f 216/3/5 391/3/5 397/3/5 223/3/5
f 390/3/2 389/3/2 400/3/2 401/3/2
f 392/3/6 398/3/6 400/3/6 389/3/6
f 391/3/5 390/3/5 401/3/5 397/3/5
f 219/1/2 393/1/2 402/1/2 226/1/2
f 394/1/1 235/1/1 403/1/1 395/1/1
f 395/1/6 403/1/6 402/1/6 393/1/6
f 394/1/5 219/1/5 226/1/5 235/1/5
f 223/2/2 399/2/2 404/2/2 230/2/2
f 224/2/1 231/2/1 405/2/1 396/2/1
f 401/3/2 400/3/2 406/3/2 407/3/2
f 397/3/1 408/3/1 409/3/1 398/3/1
f 398/3/6 409/3/6 406/3/6 400/3/6
f 397/3/5 401/3/5 407/3/5 408/3/5
f 235/1/1 234/1/1 410/1/1 403/1/1
f 227/1/2 411/1/2 412/1/2 240/1/2
f 226/1/3 402/1/3 411/1/3 227/1/3
f 237/1/4 240/1/4 412/1/4 413/1/4
f 402/1/6 413/1/6 412/1/6 411/1/6
f 231/2/1 242/2/1 414/2/1 405/2/1
f 230/3/3 404/3/3 409/3/3 408/3/3
f 241/3/4 415/3/4 416/3/4 417/3/4
f 404/3/6 417/3/6 416/3/6 409/3/6
f 230/3/5 408/3/5 415/3/5 241/3/5
f 407/3/2 406/3/2 418/3/2 419/3/2
f 409/3/6 416/3/6 418/3/6 406/3/6
f 408/3/5 407/3/5 419/3/5 415/3/5
f 237/1/2 413/1/2 420/1/2 244/1/2
f 234/1/1 421/1/1 422/1/1 410/1/1
f 410/1/6 422/1/6 420/1/6 413/1/6
f 234/1/5 237/1/5 244/1/5 421/1/5
f 241/2/2 417/2/2 423/2/2 248/2/2
f 242/2/1 249/2/1 424/2/1 414/2/1
f 419/3/2 418/3/2 425/3/2 426/3/2
f 415/3/1 427/3/1 428/3/1 416/3/1
f 427/3/4 426/3/4 425/3/4 428/3/4
f 416/3/6 428/3/6 425/3/6 418/3/6
f 415/3/5 419/3/5 426/3/5 427/3/5
f 244/1/2 420/1/2 429/1/2 251/1/2
f 421/1/1 430/1/1 431/1/1 422/1/1
f 430/1/4 251/1/4 429/1/4 431/1/4
f 421/1/5 244/1/5 251/1/5 430/1/5
f 249/2/1 256/2/1 432/2/1 424/2/1
f 427/3/2 428/3/2 433/3/2 434/3/2
f 248/3/3 423/3/3 428/3/3 427/3/3
f 255/3/4 434/3/4 433/3/4 435/3/4
f 423/3/6 435/3/6 433/3/6 428/3/6
f 248/3/5 427/3/5 434/3/5 255/3/5
f 251/1/1 258/1/1 436/1/1 429/1/1
f 251/1/3 429/1/3 437/1/3 252/1/3
f 258/1/4 260/1/4 438/1/4 436/1/4
f 429/1/6 436/1/6 438/1/6 437/1/6
f 254/1/2 439/1/2 440/1/2 261/1/2
f 252/1/3 437/1/3 439/1/3 254/1/3
f 260/1/4 261/1/4 440/1/4 438/1/4
f 437/1/6 438/1/6 440/1/6 439/1/6
f 255/2/2 435/2/2 441/2/2 262/2/2
f 256/2/1 263/2/1 442/2/1 432/2/1
f 261/1/1 265/1/1 443/1/1 440/1/1
f 261/1/3 440/1/3 442/1/3 263/1/3
f 265/1/4 267/1/4 444/1/4 443/1/4
f 440/1/6 443/1/6 444/1/6 442/1/6
f 262/2/2 441/2/2 445/2/2 268/2/2
f 267/2/4 268/2/4 445/2/4 444/2/4
f 268/1/1 270/1/1 446/1/1 445/1/1
f 268/1/3 445/1/3 447/1/3 271/1/3
f 270/1/4 273/1/4 448/1/4 446/1/4
f 445/1/6 446/1/6 448/1/6 447/1/6
f 274/1/2 449/1/2 450/1/2 275/1/2
f 271/1/3 447/1/3 449/1/3 274/1/3
f 273/1/4 275/1/4 450/1/4 448/1/4
f 447/1/6 448/1/6 450/1/6 449/1/6
f 451/1/1 280/1/1 452/1/1 453/1/1
f 451/1/3 453/1/3 454/1/3 455/1/3
f 280/1/4 281/1/4 456/1/4 452/1/4
f 453/1/6 452/1/6 456/1/6 454/1/6
f 451/1/5 455/1/5 281/1/5 280/1/5
f 457/1/2 458/1/2 459/1/2 286/1/2
f 455/1/3 454/1/3 458/1/3 457/1/3
f 281/1/4 286/1/4 459/1/4 456/1/4
f 454/1/6 456/1/6 459/1/6 458/1/6
f 455/1/5 457/1/5 286/1/5 281/1/5
f 460/1/1 461/1/1 462/1/1 463/1/1
f 460/1/3 463/1/3 464/1/3 465/1/3
f 463/1/6 462/1/6 466/1/6 464/1/6
f 460/1/5 465/1/5 467/1/5 461/1/5
f 280/2/2 452/2/2 468/2/2 279/2/2
f 465/2/3 464/2/3 452/2/3 280/2/3
f 465/2/5 280/2/5 279/2/5 467/2/5
f 461/1/1 469/1/1 470/1/1 462/1/1
f 462/1/6 470/1/6 471/1/6 466/1/6
f 461/1/5 467/1/5 472/1/5 469/1/5
f 279/2/2 468/2/2 473/2/2 290/2/2
f 467/2/5 279/2/5 290/2/5 472/2/5
f 469/1/1 474/1/1 475/1/1 470/1/1
f 470/1/6 475/1/6 476/1/6 471/1/6
f 469/1/5 472/1/5 477/1/5 474/1/5
f 290/2/2 473/2/2 478/2/2 296/2/2
f 472/2/5 290/2/5 296/2/5 477/2/5
f 474/1/1 307/1/1 479/1/1 475/1/1
f 307/1/4 308/1/4 480/1/4 479/1/4
f 475/1/6 479/1/6 480/1/6 476/1/6
f 474/1/5 477/1/5 308/1/5 307/1/5
f 477/2/5 296/2/5 301/2/5 308/2/5
f 297/3/2 481/3/2 482/3/2 302/3/2
f 296/3/3 478/3/3 481/3/3 297/3/3
f 301/3/4 302/3/4 482/3/4 483/3/4
f 484/1/1 485/1/1 486/1/1 487/1/1
f 484/1/3 487/1/3 488/1/3 489/1/3
f 487/1/6 486/1/6 490/1/6 488/1/6
f 484/1/5 489/1/5 491/1/5 485/1/5
f 307/1/2 479/1/2 492/1/2 306/1/2
f 489/1/3 488/1/3 479/1/3 307/1/3
f 488/1/6 490/1/6 492/1/6 479/1/6
f 489/1/5 307/1/5 306/1/5 491/1/5
f 301/4/2 483/4/2 493/4/2 312/4/2
f 308/4/1 310/4/1 494/4/1 480/4/1
f 303/3/2 495/3/2 496/3/2 497/3/2
f 302/3/1 498/3/1 499/3/1 482/3/1
f 302/3/3 482/3/3 495/3/3 303/3/3
f 498/3/4 497/3/4 496/3/4 499/3/4
f 302/3/5 303/3/5 497/3/5 498/3/5
f 485/1/1 500/1/1 501/1/1 486/1/1
f 486/1/6 501/1/6 502/1/6 490/1/6
f 485/1/5 491/1/5 503/1/5 500/1/5
f 306/1/2 492/1/2 504/1/2 314/1/2
f 490/1/6 502/1/6 504/1/6 492/1/6
f 491/1/5 306/1/5 314/1/5 503/1/5
f 312/3/2 493/3/2 505/3/2 317/3/2
f 310/3/1 315/3/1 506/3/1 494/3/1
f 507/3/2 508/3/2 509/3/2 510/3/2
f 497/3/1 511/3/1 512/3/1 496/3/1
f 497/3/3 496/3/3 508/3/3 507/3/3
f 497/3/5 507/3/5 510/3/5 511/3/5
f 500/1/1 513/1/1 514/1/1 501/1/1
f 501/1/6 514/1/6 515/1/6 502/1/6
f 500/1/5 503/1/5 516/1/5 513/1/5
f 314/1/2 504/1/2 517/1/2 319/1/2
f 502/1/6 515/1/6 517/1/6 504/1/6
f 503/1/5 314/1/5 319/1/5 516/1/5
f 317/4/2 505/4/2 518/4/2 322/4/2
f 315/4/1 320/4/1 519/4/1 506/4/1
f 510/3/2 509/3/2 520/3/2 521/3/2
f 511/3/1 522/3/1 523/3/1 512/3/1
f 511/3/5 510/3/5 521/3/5 522/3/5
f 513/1/1 329/1/1 524/1/1 514/1/1
f 514/1/6 524/1/6 525/1/6 515/1/6
f 513/1/5 516/1/5 330/1/5 329/1/5
f 319/1/2 517/1/2 526/1/2 323/1/2
f 515/1/6 525/1/6 526/1/6 517/1/6
f 516/1/5 319/1/5 323/1/5 330/1/5
f 322/3/2 518/3/2 527/3/2 325/3/2
f 320/3/1 324/3/1 528/3/1 519/3/1
f 521/3/2 520/3/2 529/3/2 530/3/2
f 522/3/1 531/3/1 532/3/1 523/3/1
f 531/3/4 530/3/4 529/3/4 532/3/4
f 522/3/5 521/3/5 530/3/5 531/3/5
f 533/1/1 534/1/1 535/1/1 536/1/1
f 533/1/3 536/1/3 524/1/3 329/1/3
f 536/1/6 535/1/6 537/1/6 524/1/6
f 533/1/5 329/1/5 328/1/5 534/1/5
f 524/1/6 537/1/6 538/1/6 525/1/6
f 323/1/2 526/1/2 539/1/2 333/1/2
f 340/1/4 333/1/4 539/1/4 538/1/4
f 525/1/6 538/1/6 539/1/6 526/1/6
f 325/4/2 527/4/2 540/4/2 334/4/2
f 324/4/1 335/4/1 541/4/1 528/4/1
f 531/3/2 532/3/2 542/3/2 543/3/2
f 544/3/1 545/3/1 546/3/1 547/3/1
f 544/3/3 547/3/3 532/3/3 531/3/3
f 545/3/4 543/3/4 542/3/4 546/3/4
f 544/3/5 531/3/5 543/3/5 545/3/5
f 534/1/1 548/1/1 549/1/1 535/1/1
f 535/1/6 549/1/6 550/1/6 537/1/6
f 534/1/5 328/1/5 337/1/5 548/1/5
f 340/1/2 538/1/2 551/1/2 341/1/2
f 537/1/6 550/1/6 551/1/6 538/1/6
f 335/2/1 343/2/1 552/2/1 541/2/1
f 545/3/2 546/3/2 553/3/2 554/3/2
f 334/3/3 540/3/3 546/3/3 545/3/3
f 342/3/4 554/3/4 553/3/4 555/3/4
f 334/3/5 545/3/5 554/3/5 342/3/5
f 548/1/1 556/1/1 557/1/1 549/1/1
f 549/1/6 557/1/6 558/1/6 550/1/6
f 548/1/5 337/1/5 345/1/5 556/1/5
f 341/1/2 551/1/2 559/1/2 347/1/2
f 345/1/4 347/1/4 559/1/4 558/1/4
f 550/1/6 558/1/6 559/1/6 551/1/6
f 342/2/2 555/2/2 560/2/2 350/2/2
f 343/2/1 349/2/1 561/2/1 552/2/1
f 345/1/2 558/1/2 562/1/2 351/1/2
f 556/1/1 364/1/1 563/1/1 557/1/1
f 557/1/6 563/1/6 562/1/6 558/1/6
f 556/1/5 345/1/5 351/1/5 364/1/5
f 348/1/2 564/1/2 565/1/2 354/1/2
f 347/1/1 352/1/1 566/1/1 559/1/1
f 347/1/3 559/1/3 564/1/3 348/1/3
f 352/1/4 354/1/4 565/1/4 566/1/4
f 559/1/6 566/1/6 565/1/6 564/1/6
f 350/2/2 560/2/2 567/2/2 359/2/2
f 349/2/1 353/2/1 568/2/1 561/2/1
f 569/1/1 570/1/1 571/1/1 572/1/1
f 569/1/3 572/1/3 563/1/3 364/1/3
f 569/1/5 364/1/5 363/1/5 570/1/5
f 351/1/2 562/1/2 573/1/2 360/1/2
f 363/1/4 360/1/4 573/1/4 574/1/4
f 563/1/6 574/1/6 573/1/6 562/1/6
f 359/2/2 567/2/2 575/2/2 367/2/2
f 353/2/1 368/2/1 576/2/1 568/2/1
f 363/1/2 574/1/2 577/1/2 377/1/2
f 570/1/1 578/1/1 579/1/1 571/1/1
f 570/1/5 363/1/5 377/1/5 578/1/5
f 368/2/1 378/2/1 580/2/1 576/2/1
f 374/3/2 581/3/2 582/3/2 380/3/2
f 367/3/3 575/3/3 581/3/3 374/3/3
f 377/1/2 577/1/2 583/1/2 386/1/2
f 578/1/1 584/1/1 585/1/1 579/1/1
f 578/1/5 377/1/5 386/1/5 584/1/5
f 378/2/1 388/2/1 586/2/1 580/2/1
f 380/3/2 582/3/2 587/3/2 392/3/2
f 381/3/5 380/3/5 392/3/5 387/3/5
f 386/1/2 583/1/2 588/1/2 395/1/2
f 584/1/1 589/1/1 590/1/1 585/1/1
f 584/1/5 386/1/5 395/1/5 589/1/5
f 388/2/1 396/2/1 591/2/1 586/2/1
f 392/3/2 587/3/2 592/3/2 398/3/2
f 395/1/2 588/1/2 593/1/2 403/1/2
f 589/1/1 594/1/1 595/1/1 590/1/1
f 589/1/5 395/1/5 403/1/5 594/1/5
f 396/2/1 405/2/1 596/2/1 591/2/1
f 398/3/2 592/3/2 597/3/2 409/3/2
f 404/3/4 409/3/4 597/3/4 598/3/4
f 399/3/5 398/3/5 409/3/5 404/3/5
f 594/1/1 599/1/1 600/1/1 595/1/1
f 594/1/5 403/1/5 410/1/5 599/1/5
f 402/1/2 601/1/2 602/1/2 413/1/2
f 403/1/3 593/1/3 601/1/3 402/1/3
f 410/1/4 413/1/4 602/1/4 603/1/4
f 404/2/2 598/2/2 604/2/2 417/2/2
f 405/2/1 414/2/1 605/2/1 596/2/1
f 410/1/2 603/1/2 606/1/2 422/1/2
f 599/1/1 607/1/1 608/1/1 600/1/1
f 607/1/4 422/1/4 606/1/4 608/1/4
f 599/1/5 410/1/5 422/1/5 607/1/5
f 417/2/2 604/2/2 609/2/2 423/2/2
f 414/2/1 424/2/1 610/2/1 605/2/1
f 420/1/2 611/1/2 612/1/2 429/1/2
f 422/1/1 431/1/1 613/1/1 606/1/1
f 422/1/3 606/1/3 611/1/3 420/1/3
f 606/1/6 613/1/6 612/1/6 611/1/6
f 423/2/2 609/2/2 614/2/2 435/2/2
f 424/2/1 432/2/1 615/2/1 610/2/1
f 429/1/2 612/1/2 616/1/2 436/1/2
f 431/1/1 617/1/1 618/1/1 613/1/1
f 617/1/4 436/1/4 616/1/4 618/1/4
f 431/1/5 429/1/5 436/1/5 617/1/5
f 435/2/2 614/2/2 619/2/2 441/2/2
f 432/2/1 442/2/1 620/2/1 615/2/1
f 436/1/1 621/1/1 622/1/1 616/1/1
f 436/1/3 616/1/3 623/1/3 438/1/3
f 621/1/4 624/1/4 625/1/4 622/1/4
f 616/1/6 622/1/6 625/1/6 623/1/6
f 436/1/5 438/1/5 624/1/5 621/1/5
f 440/1/2 626/1/2 627/1/2 443/1/2
f 438/1/3 623/1/3 626/1/3 440/1/3
f 624/1/4 443/1/4 627/1/4 625/1/4
f 623/1/6 625/1/6 627/1/6 626/1/6
f 438/1/5 440/1/5 443/1/5 624/1/5
f 441/2/2 619/2/2 628/2/2 445/2/2
f 442/2/1 444/2/1 629/2/1 620/2/1
f 443/1/1 630/1/1 631/1/1 627/1/1
f 443/1/3 627/1/3 629/1/3 444/1/3
f 630/1/4 632/1/4 633/1/4 631/1/4
f 627/1/6 631/1/6 633/1/6 629/1/6
f 443/1/5 444/1/5 632/1/5 630/1/5
f 445/2/2 628/2/2 634/2/2 446/2/2
f 632/2/4 446/2/4 634/2/4 633/2/4
f 444/2/5 445/2/5 446/2/5 632/2/5
f 446/1/1 635/1/1 636/1/1 634/1/1
f 446/1/3 634/1/3 637/1/3 448/1/3
f 635/1/4 638/1/4 639/1/4 636/1/4
f 634/1/6 636/1/6 639/1/6 637/1/6
f 446/1/5 448/1/5 638/1/5 635/1/5
f 450/1/2 640/1/2 641/1/2 642/1/2
f 448/1/3 637/1/3 640/1/3 450/1/3
f 638/1/4 642/1/4 641/1/4 639/1/4
f 637/1/6 639/1/6 641/1/6 640/1/6
f 448/1/5 450/1/5 642/1/5 638/1/5
f 643/1/1 644/1/1 645/1/1 646/1/1
f 643/1/3 646/1/3 647/1/3 648/1/3
f 643/1/5 648/1/5 649/1/5 644/1/5
f 650/1/2 651/1/2 652/1/2 653/1/2
f 648/1/3 647/1/3 651/1/3 650/1/3
f 648/1/5 650/1/5 653/1/5 649/1/5
f 644/1/1 453/1/1 654/1/1 645/1/1
f 453/1/4 454/1/4 655/1/4 654/1/4
f 644/1/5 649/1/5 454/1/5 453/1/5
f 653/1/2 652/1/2 656/1/2 458/1/2
f 454/1/4 458/1/4 656/1/4 655/1/4
f 649/1/5 653/1/5 458/1/5 454/1/5
f 657/1/1 463/1/1 658/1/1 659/1/1
f 657/1/3 659/1/3 660/1/3 661/1/3
f 463/1/4 464/1/4 662/1/4 658/1/4
f 659/1/6 658/1/6 662/1/6 660/1/6
f 657/1/5 661/1/5 464/1/5 463/1/5
f 453/2/2 654/2/2 663/2/2 452/2/2
f 661/2/3 660/2/3 654/2/3 453/2/3
f 661/2/5 453/2/5 452/2/5 464/2/5
f 664/1/1 665/1/1 666/1/1 667/1/1
f 664/1/3 667/1/3 668/1/3 669/1/3
f 667/1/6 666/1/6 670/1/6 668/1/6
f 664/1/5 669/1/5 671/1/5 665/1/5
f 463/1/2 658/1/2 672/1/2 462/1/2
f 669/1/3 668/1/3 658/1/3 463/1/3
f 668/1/6 670/1/6 672/1/6 658/1/6
f 669/1/5 463/1/5 462/1/5 671/1/5
f 452/2/2 663/2/2 673/2/2 468/2/2
f 464/2/1 466/2/1 674/2/1 662/2/1
f 665/1/1 675/1/1 676/1/1 666/1/1
f 666/1/6 676/1/6 677/1/6 670/1/6
f 665/1/5 671/1/5 678/1/5 675/1/5
f 462/1/2 672/1/2 679/1/2 470/1/2
f 670/1/6 677/1/6 679/1/6 672/1/6
f 671/1/5 462/1/5 470/1/5 678/1/5
f 466/5/1 471/5/1 680/5/1 674/5/1
f 674/5/6 680/5/6 681/5/6 673/5/6
f 468/5/3 673/5/3 682/5/3 683/5/3
f 673/5/6 681/5/6 684/5/6 682/5/6
f 468/5/5 683/5/5 685/5/5 473/5/5
f 683/5/3 682/5/3 686/5/3 687/5/3
f 682/5/6 684/5/6 688/5/6 686/5/6
f 683/5/5 687/5/5 689/5/5 685/5/5
f 687/5/3 686/5/3 690/5/3 691/5/3
f 686/5/6 688/5/6 692/5/6 690/5/6
f 687/5/5 691/5/5 693/5/5 689/5/5
f 691/5/3 690/5/3 694/5/3 695/5/3
f 691/5/5 695/5/5 696/5/5 693/5/5
f 695/5/3 694/5/3 697/5/3 698/5/3
f 696/5/4 699/5/4 700/5/4 701/5/4
f 695/5/5 698/5/5 699/5/5 696/5/5
f 698/5/3 697/5/3 702/5/3 703/5/3
f 698/5/5 703/5/5 704/5/5 699/5/5
f 703/5/3 702/5/3 705/5/3 706/5/3
f 704/5/4 707/5/4 708/5/4 709/5/4
f 703/5/5 706/5/5 707/5/5 704/5/5
f 710/5/2 711/5/2 712/5/2 713/5/2
f 706/5/3 705/5/3 711/5/3 710/5/3
f 706/5/5 710/5/5 713/5/5 707/5/5
f 675/1/1 714/1/1 715/1/1 676/1/1
f 676/1/6 715/1/6 716/1/6 677/1/6
f 675/1/5 678/1/5 717/1/5 714/1/5
f 470/1/2 679/1/2 718/1/2 475/1/2
f 677/1/6 716/1/6 718/1/6 679/1/6
f 678/1/5 470/1/5 475/1/5 717/1/5
f 471/5/1 476/5/1 719/5/1 680/5/1
f 680/5/6 719/5/6 720/5/6 681/5/6
f 681/5/6 720/5/6 721/5/6 684/5/6
f 473/5/5 685/5/5 481/5/5 478/5/5
f 684/5/6 721/5/6 722/5/6 688/5/6
f 685/5/5 689/5/5 723/5/5 481/5/5
f 688/5/6 722/5/6 724/5/6 692/5/6
f 689/5/5 693/5/5 725/5/5 723/5/5
f 696/5/2 701/5/2 726/5/2 727/5/2
f 693/5/5 696/5/5 727/5/5 725/5/5
f 704/5/2 709/5/2 728/5/2 729/5/2
f 699/5/1 730/5/1 731/5/1 700/5/1
f 699/5/5 704/5/5 729/5/5 730/5/5
f 713/5/2 712/5/2 732/5/2 733/5/2
f 707/5/1 734/5/1 735/5/1 708/5/1
f 707/5/5 713/5/5 733/5/5 734/5/5
f 714/1/1 487/1/1 736/1/1 715/1/1
f 487/1/4 488/1/4 737/1/4 736/1/4
f 715/1/6 736/1/6 737/1/6 716/1/6
f 714/1/5 717/1/5 488/1/5 487/1/5
f 475/1/2 718/1/2 738/1/2 479/1/2
f 488/1/4 479/1/4 738/1/4 737/1/4
f 716/1/6 737/1/6 738/1/6 718/1/6
f 717/1/5 475/1/5 479/1/5 488/1/5
f 476/5/1 480/5/1 739/5/1 719/5/1
f 719/5/6 739/5/6 740/5/6 720/5/6
f 720/5/6 740/5/6 741/5/6 721/5/6
f 721/5/6 741/5/6 742/5/6 722/5/6
f 481/5/5 723/5/5 495/5/5 482/5/5
f 722/5/6 742/5/6 743/5/6 724/5/6
f 723/5/5 725/5/5 744/5/5 495/5/5
f 724/5/6 743/5/6 745/5/6 726/5/6
f 725/5/5 727/5/5 746/5/5 744/5/5
f 727/5/3 726/5/3 731/5/3 730/5/3
f 746/5/4 747/5/4 748/5/4 745/5/4
f 727/5/5 730/5/5 747/5/5 746/5/5
f 730/3/5 729/3/5 749/3/5 747/3/5
f 729/5/3 728/5/3 735/5/3 734/5/3
f 749/5/4 750/5/4 751/5/4 752/5/4
f 729/5/5 734/5/5 750/5/5 749/5/5
f 733/5/2 732/5/2 753/5/2 754/5/2
f 734/5/5 733/5/5 754/5/5 750/5/5
f 487/1/2 736/1/2 755/1/2 486/1/2
f 756/1/1 757/1/1 758/1/1 759/1/1
f 756/1/3 759/1/3 736/1/3 487/1/3
f 756/1/5 487/1/5 486/1/5 757/1/5
f 480/5/1 494/5/1 760/5/1 739/5/1
f 739/5/6 760/5/6 761/5/6 740/5/6
f 740/4/6 761/4/6 762/4/6 741/4/6
f 483/4/5 482/4/5 499/4/5 493/4/5
f 741/5/6 762/5/6 763/5/6 742/5/6
f 742/5/6 763/5/6 764/5/6 743/5/6
f 495/5/5 744/5/5 508/5/5 496/5/5
f 746/5/2 745/5/2 765/5/2 766/5/2
f 743/5/6 764/5/6 765/5/6 745/5/6
f 744/5/5 746/5/5 766/5/5 508/5/5
f 749/5/2 752/5/2 767/5/2 768/5/2
f 747/5/1 769/5/1 770/5/1 748/5/1
f 747/5/5 749/5/5 768/5/5 769/5/5
f 754/5/2 753/5/2 771/5/2 772/5/2
f 750/5/1 773/5/1 774/5/1 751/5/1
f 750/5/5 754/5/5 772/5/5 773/5/5
f 486/1/2 755/1/2 775/1/2 501/1/2
f 757/1/1 776/1/1 777/1/1 758/1/1
f 758/1/6 777/1/6 775/1/6 755/1/6
f 757/1/5 486/1/5 501/1/5 776/1/5
f 494/5/1 506/5/1 778/5/1 760/5/1
f 760/5/6 778/5/6 779/5/6 761/5/6
f 761/3/6 779/3/6 780/3/6 762/3/6
f 493/3/5 499/3/5 781/3/5 505/3/5
f 499/4/5 496/4/5 512/4/5 781/4/5
f 763/5/6 782/5/6 783/5/6 764/5/6
f 764/5/6 783/5/6 784/5/6 765/5/6
f 508/5/5 766/5/5 785/5/5 509/5/5
f 766/5/3 765/5/3 770/5/3 769/5/3
f 765/5/6 784/5/6 786/5/6 770/5/6
f 766/5/5 769/5/5 787/5/5 785/5/5
f 770/5/6 786/5/6 788/5/6 767/5/6
f 769/5/5 768/5/5 789/5/5 787/5/5
f 768/5/3 767/5/3 774/5/3 773/5/3
f 767/5/6 788/5/6 790/5/6 774/5/6
f 768/5/5 773/5/5 791/5/5 789/5/5
f 772/5/2 771/5/2 792/5/2 793/5/2
f 774/5/6 790/5/6 792/5/6 771/5/6
f 773/5/5 772/5/5 793/5/5 791/5/5
f 501/1/2 775/1/2 794/1/2 514/1/2
f 776/1/1 795/1/1 796/1/1 777/1/1
f 777/1/6 796/1/6 794/1/6 775/1/6
f 776/1/5 501/1/5 514/1/5 795/1/5
f 506/5/1 519/5/1 797/5/1 778/5/1
f 778/5/6 797/5/6 798/5/6 779/5/6
f 779/4/6 798/4/6 799/4/6 780/4/6
f 505/4/5 781/4/5 800/4/5 518/4/5
f 780/3/6 799/3/6 801/3/6 782/3/6
f 781/3/5 512/3/5 523/3/5 800/3/5
f 782/5/6 801/5/6 802/5/6 783/5/6
f 783/5/6 802/5/6 803/5/6 784/5/6
f 509/5/5 785/5/5 804/5/5 520/5/5
f 804/5/4 805/5/4 806/5/4 803/5/4
f 784/5/6 803/5/6 806/5/6 786/5/6
f 785/5/5 787/5/5 805/5/5 804/5/5
f 805/5/4 807/5/4 808/5/4 806/5/4
f 786/5/6 806/5/6 808/5/6 788/5/6
f 787/5/5 789/5/5 807/5/5 805/5/5
f 807/5/4 809/5/4 810/5/4 808/5/4
f 788/5/6 808/5/6 810/5/6 790/5/6
f 789/5/5 791/5/5 809/5/5 807/5/5
f 793/5/2 792/5/2 811/5/2 812/5/2
f 790/5/6 810/5/6 811/5/6 792/5/6
f 791/5/5 793/5/5 812/5/5 809/5/5
f 514/1/2 794/1/2 813/1/2 524/1/2
f 795/1/1 536/1/1 814/1/1 796/1/1
f 536/1/4 524/1/4 813/1/4 814/1/4
f 796/1/6 814/1/6 813/1/6 794/1/6
f 795/1/5 514/1/5 524/1/5 536/1/5
f 519/5/1 528/5/1 815/5/1 797/5/1
f 797/5/6 815/5/6 816/5/6 798/5/6
f 798/3/6 816/3/6 817/3/6 799/3/6
f 518/3/5 800/3/5 547/3/5 527/3/5
f 799/4/6 817/4/6 818/4/6 801/4/6
f 800/4/5 523/4/5 532/4/5 547/4/5
f 801/5/6 818/5/6 819/5/6 802/5/6
f 804/5/2 803/5/2 820/5/2 821/5/2
f 520/5/5 804/5/5 821/5/5 529/5/5
f 812/5/2 811/5/2 822/5/2 823/5/2
f 809/5/1 824/5/1 825/5/1 810/5/1
f 810/5/6 825/5/6 822/5/6 811/5/6
f 809/5/5 812/5/5 823/5/5 824/5/5
f 536/1/2 814/1/2 826/1/2 535/1/2
f 827/1/1 828/1/1 829/1/1 830/1/1
f 827/1/3 830/1/3 814/1/3 536/1/3
f 827/1/5 536/1/5 535/1/5 828/1/5
f 528/5/1 541/5/1 831/5/1 815/5/1
f 815/5/6 831/5/6 832/5/6 816/5/6
f 816/4/6 832/4/6 833/4/6 817/4/6
f 527/4/5 547/4/5 546/4/5 540/4/5
f 817/5/6 833/5/6 834/5/6 818/5/6
f 532/5/5 529/5/5 835/5/5 542/5/5
f 821/5/2 820/5/2 836/5/2 837/5/2
f 529/5/5 821/5/5 837/5/5 835/5/5
f 823/5/2 822/5/2 838/5/2 839/5/2
f 824/5/1 840/5/1 841/5/1 825/5/1
f 825/5/6 841/5/6 838/5/6 822/5/6
f 824/5/5 823/5/5 839/5/5 840/5/5
f 535/1/2 826/1/2 842/1/2 549/1/2
f 828/1/1 843/1/1 844/1/1 829/1/1
f 828/1/5 535/1/5 549/1/5 843/1/5
f 541/5/1 552/5/1 845/5/1 831/5/1
f 831/5/6 845/5/6 846/5/6 832/5/6
f 832/5/6 846/5/6 847/5/6 833/5/6
f 833/5/6 847/5/6 848/5/6 834/5/6
f 546/5/5 542/5/5 849/5/5 553/5/5
f 542/5/5 835/5/5 850/5/5 849/5/5
f 851/5/6 852/5/6 853/5/6 836/5/6
f 835/5/5 837/5/5 854/5/5 850/5/5
f 837/5/3 836/5/3 855/5/3 856/5/3
f 836/5/6 853/5/6 857/5/6 855/5/6
f 837/5/5 856/5/5 858/5/5 854/5/5
f 856/5/3 855/5/3 859/5/3 860/5/3
f 855/5/6 857/5/6 861/5/6 859/5/6
f 856/5/5 860/5/5 862/5/5 858/5/5
f 860/5/3 859/5/3 841/5/3 840/5/3
f 859/5/6 861/5/6 863/5/6 841/5/6
f 860/5/5 840/5/5 864/5/5 862/5/5
f 839/5/2 838/5/2 865/5/2 866/5/2
f 841/5/6 863/5/6 865/5/6 838/5/6
f 840/5/5 839/5/5 866/5/5 864/5/5
f 549/1/2 842/1/2 867/1/2 557/1/2
f 843/1/1 868/1/1 869/1/1 844/1/1
f 843/1/5 549/1/5 557/1/5 868/1/5
f 552/5/1 561/5/1 870/5/1 845/5/1
f 845/5/6 870/5/6 871/5/6 846/5/6
f 846/5/6 871/5/6 872/5/6 847/5/6
f 555/5/5 553/5/5 873/5/5 560/5/5
f 847/5/6 872/5/6 874/5/6 848/5/6
f 553/5/5 849/5/5 875/5/5 873/5/5
f 848/5/6 874/5/6 876/5/6 852/5/6
f 849/5/5 850/5/5 877/5/5 875/5/5
f 852/5/6 876/5/6 878/5/6 853/5/6
f 850/5/5 854/5/5 879/5/5 877/5/5
f 853/5/6 878/5/6 880/5/6 857/5/6
f 854/5/5 858/5/5 881/5/5 879/5/5
f 857/5/6 880/5/6 882/5/6 861/5/6
f 858/5/5 862/5/5 883/5/5 881/5/5
f 861/5/6 882/5/6 884/5/6 863/5/6
f 862/5/5 864/5/5 885/5/5 883/5/5
f 866/5/2 865/5/2 886/5/2 887/5/2
f 863/5/6 884/5/6 886/5/6 865/5/6
f 864/5/5 866/5/5 887/5/5 885/5/5
f 557/1/2 867/1/2 888/1/2 563/1/2
f 868/1/1 572/1/1 889/1/1 869/1/1
f 868/1/5 557/1/5 563/1/5 572/1/5
f 561/5/1 568/5/1 890/5/1 870/5/1
f 870/5/6 890/5/6 891/5/6 871/5/6
f 871/5/6 891/5/6 892/5/6 872/5/6
f 560/5/5 873/5/5 893/5/5 567/5/5
f 872/5/6 892/5/6 894/5/6 874/5/6
f 873/5/5 875/5/5 895/5/5 893/5/5
f 874/5/6 894/5/6 896/5/6 876/5/6
f 875/5/5 877/5/5 897/5/5 895/5/5
f 876/5/6 896/5/6 898/5/6 878/5/6
f 877/5/5 879/5/5 899/5/5 897/5/5
f 899/5/4 900/5/4 901/5/4 898/5/4
f 878/5/6 898/5/6 901/5/6 880/5/6
f 879/5/5 881/5/5 900/5/5 899/5/5
f 900/5/4 902/5/4 903/5/4 901/5/4
f 880/5/6 901/5/6 903/5/6 882/5/6
f 881/5/5 883/5/5 902/5/5 900/5/5
f 902/5/4 904/5/4 905/5/4 903/5/4
f 882/5/6 903/5/6 905/5/6 884/5/6
f 883/5/5 885/5/5 904/5/5 902/5/5
f 887/5/2 886/5/2 906/5/2 907/5/2
f 884/5/6 905/5/6 906/5/6 886/5/6
f 885/5/5 887/5/5 907/5/5 904/5/5
f 563/1/2 888/1/2 908/1/2 574/1/2
f 572/1/1 571/1/1 909/1/1 889/1/1
f 568/5/1 576/5/1 910/5/1 890/5/1
f 890/5/6 910/5/6 911/5/6 891/5/6
f 891/5/6 911/5/6 912/5/6 892/5/6
f 567/5/5 893/5/5 581/5/5 575/5/5
f 892/5/6 912/5/6 913/5/6 894/5/6
f 893/5/5 895/5/5 914/5/5 581/5/5
f 894/5/6 913/5/6 915/5/6 896/5/6
f 895/5/5 897/5/5 916/5/5 914/5/5
f 899/5/2 898/5/2 917/5/2 918/5/2
f 897/5/5 899/5/5 918/5/5 916/5/5
f 907/5/2 906/5/2 919/5/2 920/5/2
f 904/5/1 921/5/1 922/5/1 905/5/1
f 905/5/6 922/5/6 919/5/6 906/5/6
f 904/5/5 907/5/5 920/5/5 921/5/5
f 574/1/2 908/1/2 923/1/2 577/1/2
f 571/1/1 579/1/1 924/1/1 909/1/1
f 576/5/1 580/5/1 925/5/1 910/5/1
f 910/5/6 925/5/6 926/5/6 911/5/6
f 911/5/6 926/5/6 927/5/6 912/5/6
f 912/5/6 927/5/6 928/5/6 913/5/6
f 581/5/5 914/5/5 929/5/5 582/5/5
f 913/5/6 928/5/6 930/5/6 915/5/6
f 914/5/5 916/5/5 931/5/5 929/5/5
f 918/5/2 917/5/2 932/5/2 933/5/2
f 916/5/5 918/5/5 933/5/5 931/5/5
f 920/5/2 919/5/2 934/5/2 935/5/2
f 921/5/1 936/5/1 937/5/1 922/5/1
f 922/5/6 937/5/6 934/5/6 919/5/6
f 921/5/5 920/5/5 935/5/5 936/5/5
f 577/1/2 923/1/2 938/1/2 583/1/2
f 579/1/1 585/1/1 939/1/1 924/1/1
f 580/5/1 586/5/1 940/5/1 925/5/1
f 925/5/6 940/5/6 941/5/6 926/5/6
f 926/5/6 941/5/6 942/5/6 927/5/6
f 927/5/6 942/5/6 943/5/6 928/5/6
f 582/5/5 929/5/5 944/5/5 587/5/5
f 928/5/6 943/5/6 945/5/6 930/5/6
f 929/5/5 931/5/5 946/5/5 944/5/5
f 930/5/6 945/5/6 947/5/6 932/5/6
f 931/5/5 933/5/5 948/5/5 946/5/5
f 933/5/3 932/5/3 949/5/3 950/5/3
f 932/5/6 947/5/6 951/5/6 949/5/6
f 933/5/5 950/5/5 952/5/5 948/5/5
f 950/5/3 949/5/3 953/5/3 954/5/3
f 949/5/6 951/5/6 955/5/6 953/5/6
f 950/5/5 954/5/5 956/5/5 952/5/5
f 954/5/3 953/5/3 937/5/3 936/5/3
f 953/5/6 955/5/6 957/5/6 937/5/6
f 954/5/5 936/5/5 958/5/5 956/5/5
f 935/5/2 934/5/2 959/5/2 960/5/2
f 937/5/6 957/5/6 959/5/6 934/5/6
f 936/5/5 935/5/5 960/5/5 958/5/5
f 583/1/2 938/1/2 961/1/2 588/1/2
f 585/1/1 590/1/1 962/1/1 939/1/1
f 586/5/1 591/5/1 963/5/1 940/5/1
f 940/5/6 963/5/6 964/5/6 941/5/6
f 941/5/6 964/5/6 965/5/6 942/5/6
f 942/5/6 965/5/6 966/5/6 943/5/6
f 587/5/5 944/5/5 967/5/5 592/5/5
f 943/5/6 966/5/6 968/5/6 945/5/6
f 944/5/5 946/5/5 969/5/5 967/5/5
f 945/5/6 968/5/6 970/5/6 947/5/6
f 946/5/5 948/5/5 971/5/5 969/5/5
f 947/5/6 970/5/6 972/5/6 951/5/6
f 948/5/5 952/5/5 973/5/5 971/5/5
f 951/5/6 972/5/6 974/5/6 955/5/6
f 952/5/5 956/5/5 975/5/5 973/5/5
f 955/5/6 974/5/6 976/5/6 957/5/6
f 956/5/5 958/5/5 977/5/5 975/5/5
f 960/5/2 959/5/2 978/5/2 979/5/2
f 957/5/6 976/5/6 978/5/6 959/5/6
f 958/5/5 960/5/5 979/5/5 977/5/5
f 588/1/2 961/1/2 980/1/2 593/1/2
f 590/1/1 595/1/1 981/1/1 962/1/1
f 591/5/1 596/5/1 982/5/1 963/5/1
f 963/5/6 982/5/6 983/5/6 964/5/6
f 964/5/6 983/5/6 984/5/6 965/5/6
f 965/5/6 984/5/6 985/5/6 966/5/6
f 592/5/5 967/5/5 986/5/5 597/5/5
f 966/5/6 985/5/6 987/5/6 968/5/6
f 967/5/5 969/5/5 988/5/5 986/5/5
f 968/5/6 987/5/6 989/5/6 970/5/6
f 969/5/5 971/5/5 990/5/5 988/5/5
f 990/5/4 991/5/4 992/5/4 989/5/4
f 970/5/6 989/5/6 992/5/6 972/5/6
f 971/5/5 973/5/5 991/5/5 990/5/5
f 991/5/4 993/5/4 994/5/4 992/5/4
f 972/5/6 992/5/6 994/5/6 974/5/6
f 973/5/5 975/5/5 993/5/5 991/5/5
f 993/5/4 995/5/4 996/5/4 994/5/4
f 974/5/6 994/5/6 996/5/6 976/5/6
f 975/5/5 977/5/5 995/5/5 993/5/5
f 979/5/2 978/5/2 997/5/2 998/5/2
f 976/5/6 996/5/6 997/5/6 978/5/6
f 977/5/5 979/5/5 998/5/5 995/5/5
f 595/1/1 600/1/1 999/1/1 981/1/1
f 601/1/2 1000/1/2 1001/1/2 602/1/2
f 593/1/3 980/1/3 1000/1/3 601/1/3
f 603/1/4 602/1/4 1001/1/4 1002/1/4
f 596/5/1 605/5/1 1003/5/1 982/5/1
f 982/5/6 1003/5/6 1004/5/6 983/5/6
f 983/5/6 1004/5/6 1005/5/6 984/5/6
f 598/5/5 597/5/5 1006/5/5 604/5/5
f 984/5/6 1005/5/6 1007/5/6 985/5/6
f 597/5/5 986/5/5 1008/5/5 1006/5/5
f 985/5/6 1007/5/6 1009/5/6 987/5/6
f 986/5/5 988/5/5 1010/5/5 1008/5/5
f 990/5/2 989/5/2 1011/5/2 1012/5/2
f 988/5/5 990/5/5 1012/5/5 1010/5/5
f 998/5/2 997/5/2 1013/5/2 1014/5/2
f 995/5/1 1015/5/1 1016/5/1 996/5/1
f 996/5/6 1016/5/6 1013/5/6 997/5/6
f 995/5/5 998/5/5 1014/5/5 1015/5/5
f 603/1/2 1002/1/2 1017/1/2 606/1/2
f 600/1/1 608/1/1 1018/1/1 999/1/1
f 605/5/1 610/5/1 1019/5/1 1003/5/1
f 1003/5/6 1019/5/6 1020/5/6 1004/5/6
f 1004/5/6 1020/5/6 1021/5/6 1005/5/6
f 604/5/5 1006/5/5 1022/5/5 609/5/5
f 1005/5/6 1021/5/6 1023/5/6 1007/5/6
f 1006/5/5 1008/5/5 1024/5/5 1022/5/5
f 1007/5/6 1023/5/6 1025/5/6 1009/5/6
f 1008/5/5 1010/5/5 1026/5/5 1024/5/5
f 1012/5/2 1011/5/2 1027/5/2 1028/5/2
f 1010/5/5 1012/5/5 1028/5/5 1026/5/5
f 1014/5/2 1013/5/2 1029/5/2 1030/5/2
f 1015/5/1 1031/5/1 1032/5/1 1016/5/1
f 1016/5/6 1032/5/6 1029/5/6 1013/5/6
f 1015/5/5 1014/5/5 1030/5/5 1031/5/5
f 606/1/2 1017/1/2 1033/1/2 613/1/2
f 608/1/1 1034/1/1 1035/1/1 1018/1/1
f 1034/1/4 613/1/4 1033/1/4 1035/1/4
f 608/1/5 606/1/5 613/1/5 1034/1/5
f 610/5/1 615/5/1 1036/5/1 1019/5/1
f 1019/5/6 1036/5/6 1037/5/6 1020/5/6
f 1020/5/6 1037/5/6 1038/5/6 1021/5/6
f 609/5/5 1022/5/5 1039/5/5 614/5/5
f 1021/5/6 1038/5/6 1040/5/6 1023/5/6
f 1022/5/5 1024/5/5 1041/5/5 1039/5/5
f 1023/5/6 1040/5/6 1042/5/6 1025/5/6
f 1024/5/5 1026/5/5 1043/5/5 1041/5/5
f 1025/5/6 1042/5/6 1044/5/6 1027/5/6
f 1026/5/5 1028/5/5 1045/5/5 1043/5/5
f 1028/5/3 1027/5/3 1046/5/3 1047/5/3
f 1027/5/6 1044/5/6 1048/5/6 1046/5/6
f 1028/5/5 1047/5/5 1049/5/5 1045/5/5
f 1047/5/3 1046/5/3 1050/5/3 1051/5/3
f 1046/5/6 1048/5/6 1052/5/6 1050/5/6
f 1047/5/5 1051/5/5 1053/5/5 1049/5/5
f 1051/5/3 1050/5/3 1032/5/3 1031/5/3
f 1050/5/6 1052/5/6 1054/5/6 1032/5/6
f 1051/5/5 1031/5/5 1055/5/5 1053/5/5
f 1030/5/2 1029/5/2 1056/5/2 1057/5/2
f 1032/5/6 1054/5/6 1056/5/6 1029/5/6
f 1031/5/5 1030/5/5 1057/5/5 1055/5/5
f 612/1/2 1058/1/2 1059/1/2 616/1/2
f 613/1/1 618/1/1 1060/1/1 1033/1/1
f 613/1/3 1033/1/3 1058/1/3 612/1/3
f 1033/1/6 1060/1/6 1059/1/6 1058/1/6
f 615/5/1 620/5/1 1061/5/1 1036/5/1
f 1036/5/6 1061/5/6 1062/5/6 1037/5/6
f 619/5/4 1063/5/4 1064/5/4 1062/5/4
f 1037/5/6 1062/5/6 1064/5/6 1038/5/6
f 614/5/5 1039/5/5 1063/5/5 619/5/5
f 1063/5/4 1065/5/4 1066/5/4 1064/5/4
f 1038/5/6 1064/5/6 1066/5/6 1040/5/6
f 1039/5/5 1041/5/5 1065/5/5 1063/5/5
f 1065/5/4 1067/5/4 1068/5/4 1066/5/4
f 1040/5/6 1066/5/6 1068/5/6 1042/5/6
f 1041/5/5 1043/5/5 1067/5/5 1065/5/5
f 1067/5/4 1069/5/4 1070/5/4 1068/5/4
f 1042/5/6 1068/5/6 1070/5/6 1044/5/6
f 1043/5/5 1045/5/5 1069/5/5 1067/5/5
f 1069/5/4 1071/5/4 1072/5/4 1070/5/4
f 1044/5/6 1070/5/6 1072/5/6 1048/5/6
f 1045/5/5 1049/5/5 1071/5/5 1069/5/5
f 1071/5/4 1073/5/4 1074/5/4 1072/5/4
f 1048/5/6 1072/5/6 1074/5/6 1052/5/6
f 1049/5/5 1053/5/5 1073/5/5 1071/5/5
f 1073/5/4 1075/5/4 1076/5/4 1074/5/4
f 1052/5/6 1074/5/6 1076/5/6 1054/5/6
f 1053/5/5 1055/5/5 1075/5/5 1073/5/5
f 1057/5/2 1056/5/2 1077/5/2 1078/5/2
f 1075/5/4 1078/5/4 1077/5/4 1076/5/4
f 1054/5/6 1076/5/6 1077/5/6 1056/5/6
f 1055/5/5 1057/5/5 1078/5/5 1075/5/5
f 616/1/2 1059/1/2 1079/1/2 622/1/2
f 618/1/1 1080/1/1 1081/1/1 1060/1/1
f 1080/1/4 622/1/4 1079/1/4 1081/1/4
f 618/1/5 616/1/5 622/1/5 1080/1/5
f 619/2/2 1062/2/2 1082/2/2 628/2/2
f 620/2/1 629/2/1 1083/2/1 1061/2/1
f 622/1/1 1084/1/1 1085/1/1 1079/1/1
f 622/1/3 1079/1/3 1086/1/3 625/1/3
f 1084/1/4 1087/1/4 1088/1/4 1085/1/4
f 622/1/5 625/1/5 1087/1/5 1084/1/5
f 627/1/2 1089/1/2 1090/1/2 631/1/2
f 625/1/3 1086/1/3 1089/1/3 627/1/3
f 1087/1/4 631/1/4 1090/1/4 1088/1/4
f 625/1/5 627/1/5 631/1/5 1087/1/5
f 628/2/2 1082/2/2 1091/2/2 634/2/2
f 629/2/1 633/2/1 1092/2/1 1083/2/1
f 631/1/1 1093/1/1 1094/1/1 1090/1/1
f 631/1/3 1090/1/3 1092/1/3 633/1/3
f 1093/1/4 1095/1/4 1096/1/4 1094/1/4
f 631/1/5 633/1/5 1095/1/5 1093/1/5
f 634/2/2 1091/2/2 1097/2/2 636/2/2
f 1095/2/4 636/2/4 1097/2/4 1096/2/4
f 633/2/5 634/2/5 636/2/5 1095/2/5
f 636/1/1 1098/1/1 1099/1/1 1097/1/1
f 636/1/3 1097/1/3 1100/1/3 639/1/3
f 1098/1/4 1101/1/4 1102/1/4 1099/1/4
f 636/1/5 639/1/5 1101/1/5 1098/1/5
f 641/1/2 1103/1/2 1104/1/2 1105/1/2
f 639/1/3 1100/1/3 1103/1/3 641/1/3
f 1101/1/4 1105/1/4 1104/1/4 1102/1/4
f 639/1/5 641/1/5 1105/1/5 1101/1/5
f 1106/1/1 646/1/1 1107/1/1 1108/1/1
f 1106/1/3 1108/1/3 1109/1/3 1110/1/3
f 1108/1/6 1107/1/6 1111/1/6 1109/1/6
f 1106/1/5 1110/1/5 647/1/5 646/1/5
f 1112/1/2 1113/1/2 1114/1/2 651/1/2
f 1110/1/3 1109/1/3 1113/1/3 1112/1/3
f 1109/1/6 1111/1/6 1114/1/6 1113/1/6
f 1110/1/5 1112/1/5 651/1/5 647/1/5
f 1115/1/1 1116/1/1 1117/1/1 1118/1/1
f 1115/1/3 1118/1/3 1119/1/3 1120/1/3
f 1118/1/6 1117/1/6 1121/1/6 1119/1/6
f 1115/1/5 1120/1/5 1122/1/5 1116/1/5
f 1120/2/3 1119/2/3 1107/2/3 646/2/3
f 1119/2/6 1121/2/6 1123/2/6 1107/2/6
f 1120/2/5 646/2/5 645/2/5 1122/2/5
f 651/6/3 1114/6/3 1124/6/3 1125/6/3
f 651/6/5 1125/6/5 1126/6/5 652/6/5
f 1127/3/2 1128/3/2 1129/3/2 1130/3/2
f 1125/3/3 1124/3/3 1128/3/3 1127/3/3
f 1126/3/4 1130/3/4 1129/3/4 1131/3/4
f 1125/3/5 1127/3/5 1130/3/5 1126/3/5
f 1116/1/1 659/1/1 1132/1/1 1117/1/1
f 659/1/4 660/1/4 1133/1/4 1132/1/4
f 1117/1/6 1132/1/6 1133/1/6 1121/1/6
f 1116/1/5 1122/1/5 660/1/5 659/1/5
f 1122/2/5 645/2/5 654/2/5 660/2/5
f 1126/3/2 1131/3/2 1134/3/2 1135/3/2
f 652/3/5 1126/3/5 1135/3/5 656/3/5
f 1136/1/1 667/1/1 1137/1/1 1138/1/1
f 1136/1/3 1138/1/3 1139/1/3 1140/1/3
f 667/1/4 668/1/4 1141/1/4 1137/1/4
f 1138/1/6 1137/1/6 1141/1/6 1139/1/6
f 1136/1/5 1140/1/5 668/1/5 667/1/5
f 659/1/2 1132/1/2 1142/1/2 658/1/2
f 1140/1/3 1139/1/3 1132/1/3 659/1/3
f 668/1/4 658/1/4 1142/1/4 1141/1/4
f 1139/1/6 1141/1/6 1142/1/6 1132/1/6
f 1140/1/5 659/1/5 658/1/5 668/1/5
f 660/5/1 662/5/1 1143/5/1 1133/5/1
f 654/3/5 655/3/5 1144/3/5 663/3/5
f 655/3/5 656/3/5 1145/3/5 1144/3/5
f 1135/3/2 1134/3/2 1146/3/2 1147/3/2
f 656/3/5 1135/3/5 1147/3/5 1145/3/5
f 667/1/2 1137/1/2 1148/1/2 666/1/2
f 1149/1/1 1150/1/1 1151/1/1 1152/1/1
f 1149/1/3 1152/1/3 1137/1/3 667/1/3
f 1149/1/5 667/1/5 666/1/5 1150/1/5
f 662/5/1 674/5/1 1153/5/1 1143/5/1
f 674/5/4 673/5/4 1154/5/4 1153/5/4
f 673/5/4 682/5/4 1155/5/4 1154/5/4
f 663/5/5 1144/5/5 682/5/5 673/5/5
f 682/5/4 686/5/4 1156/5/4 1155/5/4
f 1144/5/5 1145/5/5 686/5/5 682/5/5
f 686/5/4 690/5/4 1157/5/4 1156/5/4
f 1145/5/5 1147/5/5 690/5/5 686/5/5
f 1147/5/3 1146/5/3 1158/5/3 1159/5/3
f 1147/5/5 1159/5/5 694/5/5 690/5/5
f 1159/5/3 1158/5/3 1160/5/3 1161/5/3
f 1159/5/5 1161/5/5 697/5/5 694/5/5
f 1161/5/3 1160/5/3 1162/5/3 1163/5/3
f 1160/5/6 1164/5/6 1165/5/6 1162/5/6
f 1161/5/5 1163/5/5 702/5/5 697/5/5
f 1163/5/3 1162/5/3 1166/5/3 1167/5/3
f 1162/5/6 1165/5/6 1168/5/6 1166/5/6
f 1163/5/5 1167/5/5 705/5/5 702/5/5
f 1167/5/3 1166/5/3 1169/5/3 1170/5/3
f 1166/5/6 1168/5/6 1171/5/6 1169/5/6
f 1167/5/5 1170/5/5 711/5/5 705/5/5
f 1172/5/2 1173/5/2 1174/5/2 1175/5/2
f 1170/5/3 1169/5/3 1173/5/3 1172/5/3
f 1170/5/5 1172/5/5 1175/5/5 711/5/5
f 666/1/2 1148/1/2 1176/1/2 676/1/2
f 1150/1/1 1177/1/1 1178/1/1 1151/1/1
f 1151/1/6 1178/1/6 1176/1/6 1148/1/6
f 1150/1/5 666/1/5 676/1/5 1177/1/5
f 690/7/1 692/7/1 1179/7/1 1157/7/1
f 1180/7/6 1181/7/6 1182/7/6 1164/7/6
f 1164/7/6 1182/7/6 1183/7/6 1165/7/6
f 1165/7/6 1183/7/6 1184/7/6 1168/7/6
f 1168/7/6 1184/7/6 1185/7/6 1171/7/6
f 1175/5/2 1174/5/2 1186/5/2 1187/5/2
f 711/5/5 1175/5/5 1187/5/5 712/5/5
f 676/1/2 1176/1/2 1188/1/2 715/1/2
f 1177/1/1 1189/1/1 1190/1/1 1178/1/1
f 1178/1/6 1190/1/6 1188/1/6 1176/1/6
f 1177/1/5 676/1/5 715/1/5 1189/1/5
f 692/7/1 724/7/1 1191/7/1 1179/7/1
f 724/7/4 726/7/4 1192/7/4 1191/7/4
f 1181/7/6 1192/7/6 1193/7/6 1182/7/6
f 701/7/5 700/7/5 731/7/5 726/7/5
f 1182/7/6 1193/7/6 1194/7/6 1183/7/6
f 1183/7/6 1194/7/6 1195/7/6 1184/7/6
f 709/7/5 708/7/5 735/7/5 728/7/5
f 1184/7/6 1195/7/6 1196/7/6 1185/7/6
f 1187/5/2 1186/5/2 1197/5/2 1198/5/2
f 712/5/5 1187/5/5 1198/5/5 732/5/5
f 715/1/2 1188/1/2 1199/1/2 736/1/2
f 1189/1/1 759/1/1 1200/1/1 1190/1/1
f 1190/1/6 1200/1/6 1199/1/6 1188/1/6
f 1189/1/5 715/1/5 736/1/5 759/1/5
f 726/7/1 745/7/1 1201/7/1 1192/7/1
f 1192/7/6 1201/7/6 1202/7/6 1193/7/6
f 1193/7/6 1202/7/6 1203/7/6 1194/7/6
f 1194/7/6 1203/7/6 1204/7/6 1195/7/6
f 1195/7/6 1204/7/6 1205/7/6 1196/7/6
f 1198/5/2 1197/5/2 1206/5/2 1207/5/2
f 732/5/5 1198/5/5 1207/5/5 753/5/5
f 1208/1/1 1209/1/1 1210/1/1 1211/1/1
f 1208/1/3 1211/1/3 1200/1/3 759/1/3
f 1208/1/5 759/1/5 758/1/5 1209/1/5
f 736/1/2 1199/1/2 1212/1/2 755/1/2
f 758/1/4 755/1/4 1212/1/4 1213/1/4
f 1200/1/6 1213/1/6 1212/1/6 1199/1/6
f 745/7/1 765/7/1 1214/7/1 1201/7/1
f 765/7/4 770/7/4 1215/7/4 1214/7/4
f 1201/7/6 1214/7/6 1215/7/6 1202/7/6
f 745/7/5 748/7/5 770/7/5 765/7/5
f 770/7/4 767/7/4 1216/7/4 1215/7/4
f 1202/7/6 1215/7/6 1216/7/6 1203/7/6
f 767/7/4 774/7/4 1217/7/4 1216/7/4
f 1203/7/6 1216/7/6 1217/7/6 1204/7/6
f 752/7/5 751/7/5 774/7/5 767/7/5
f 774/7/4 771/7/4 1218/7/4 1217/7/4
f 1204/7/6 1217/7/6 1218/7/6 1205/7/6
f 1207/5/2 1206/5/2 1219/5/2 1220/5/2
f 753/5/5 1207/5/5 1220/5/5 771/5/5
f 758/1/2 1213/1/2 1221/1/2 777/1/2
f 1209/1/1 1222/1/1 1223/1/1 1210/1/1
f 1209/1/5 758/1/5 777/1/5 1222/1/5
f 763/5/2 1224/5/2 1225/5/2 782/5/2
f 762/5/1 780/5/1 1226/5/1 1227/5/1
f 762/5/3 1227/5/3 1224/5/3 763/5/3
f 780/5/4 782/5/4 1225/5/4 1226/5/4
f 1227/5/6 1226/5/6 1225/5/6 1224/5/6
f 1220/5/2 1219/5/2 1228/5/2 1229/5/2
f 771/5/1 792/5/1 1230/5/1 1218/5/1
f 1218/5/6 1230/5/6 1228/5/6 1219/5/6
f 771/5/5 1220/5/5 1229/5/5 792/5/5
f 777/1/2 1221/1/2 1231/1/2 796/1/2
f 1222/1/1 1232/1/1 1233/1/1 1223/1/1
f 1222/1/5 777/1/5 796/1/5 1232/1/5
f 1229/5/2 1228/5/2 1234/5/2 1235/5/2
f 792/5/1 811/5/1 1236/5/1 1230/5/1
f 1230/5/6 1236/5/6 1234/5/6 1228/5/6
f 792/5/5 1229/5/5 1235/5/5 811/5/5
f 796/1/2 1231/1/2 1237/1/2 814/1/2
f 1232/1/1 830/1/1 1238/1/1 1233/1/1
f 1232/1/5 796/1/5 814/1/5 830/1/5
f 802/3/1 819/3/1 1239/3/1 1240/3/1
f 802/3/3 1240/3/3 1241/3/3 803/3/3
f 1240/3/6 1239/3/6 1242/3/6 1241/3/6
f 803/3/3 1241/3/3 1243/3/3 806/3/3
f 1241/3/6 1242/3/6 1244/3/6 1243/3/6
f 803/3/5 806/3/5 1245/3/5 820/3/5
f 806/3/3 1243/3/3 1246/3/3 808/3/3
f 1243/3/6 1244/3/6 1247/3/6 1246/3/6
f 806/3/5 808/3/5 1248/3/5 1245/3/5
f 810/3/2 1249/3/2 1250/3/2 825/3/2
f 808/3/3 1246/3/3 1249/3/3 810/3/3
f 1246/3/6 1247/3/6 1250/3/6 1249/3/6
f 808/3/5 810/3/5 825/3/5 1248/3/5
f 1235/5/2 1234/5/2 1251/5/2 1252/5/2
f 811/5/1 822/5/1 1253/5/1 1236/5/1
f 1236/5/6 1253/5/6 1251/5/6 1234/5/6
f 811/5/5 1235/5/5 1252/5/5 822/5/5
f 814/1/2 1237/1/2 1254/1/2 826/1/2
f 830/1/1 829/1/1 1255/1/1 1238/1/1
f 818/5/1 834/5/1 1256/5/1 1257/5/1
f 818/5/3 1257/5/3 1239/5/3 819/5/3
f 1257/5/6 1256/5/6 1258/5/6 1239/5/6
f 851/3/4 836/3/4 1259/3/4 1258/3/4
f 1239/3/6 1258/3/6 1259/3/6 1242/3/6
f 836/3/4 855/3/4 1260/3/4 1259/3/4
f 1242/3/6 1259/3/6 1260/3/6 1244/3/6
f 820/3/5 1245/3/5 855/3/5 836/3/5
f 855/3/4 859/3/4 1261/3/4 1260/3/4
f 1244/3/6 1260/3/6 1261/3/6 1247/3/6
f 1245/3/5 1248/3/5 859/3/5 855/3/5
f 825/3/2 1250/3/2 1262/3/2 841/3/2
f 859/3/4 841/3/4 1262/3/4 1261/3/4
f 1247/3/6 1261/3/6 1262/3/6 1250/3/6
f 1248/3/5 825/3/5 841/3/5 859/3/5
f 1252/5/2 1251/5/2 1263/5/2 1264/5/2
f 822/5/1 838/5/1 1265/5/1 1253/5/1
f 1253/5/6 1265/5/6 1263/5/6 1251/5/6
f 822/5/5 1252/5/5 1264/5/5 838/5/5
f 826/1/2 1254/1/2 1266/1/2 842/1/2
f 829/1/1 844/1/1 1267/1/1 1255/1/1
f 851/5/2 1258/5/2 1268/5/2 852/5/2
f 834/5/1 848/5/1 1269/5/1 1256/5/1
f 848/5/4 852/5/4 1268/5/4 1269/5/4
f 1256/5/6 1269/5/6 1268/5/6 1258/5/6
f 1264/5/2 1263/5/2 1270/5/2 1271/5/2
f 838/5/1 865/5/1 1272/5/1 1265/5/1
f 1265/5/6 1272/5/6 1270/5/6 1263/5/6
f 838/5/5 1264/5/5 1271/5/5 865/5/5
f 842/1/2 1266/1/2 1273/1/2 867/1/2
f 844/1/1 869/1/1 1274/1/1 1267/1/1
f 1271/5/2 1270/5/2 1275/5/2 1276/5/2
f 865/5/1 886/5/1 1277/5/1 1272/5/1
f 1272/5/6 1277/5/6 1275/5/6 1270/5/6
f 865/5/5 1271/5/5 1276/5/5 886/5/5
f 867/1/2 1273/1/2 1278/1/2 888/1/2
f 869/1/1 889/1/1 1279/1/1 1274/1/1
f 1276/5/2 1275/5/2 1280/5/2 1281/5/2
f 886/5/1 906/5/1 1282/5/1 1277/5/1
f 1277/5/6 1282/5/6 1280/5/6 1275/5/6
f 886/5/5 1276/5/5 1281/5/5 906/5/5
f 888/1/2 1278/1/2 1283/1/2 908/1/2
f 889/1/1 909/1/1 1284/1/1 1279/1/1
f 896/3/1 915/3/1 1285/3/1 1286/3/1
f 896/3/3 1286/3/3 1287/3/3 898/3/3
f 1286/3/6 1285/3/6 1288/3/6 1287/3/6
f 898/3/3 1287/3/3 1289/3/3 901/3/3
f 1287/3/6 1288/3/6 1290/3/6 1289/3/6
f 898/3/5 901/3/5 1291/3/5 917/3/5
f 901/3/3 1289/3/3 1292/3/3 903/3/3
f 1289/3/6 1290/3/6 1293/3/6 1292/3/6
f 901/3/5 903/3/5 1294/3/5 1291/3/5
f 905/3/2 1295/3/2 1296/3/2 922/3/2
f 903/3/3 1292/3/3 1295/3/3 905/3/3
f 1292/3/6 1293/3/6 1296/3/6 1295/3/6
f 903/3/5 905/3/5 922/3/5 1294/3/5
f 1281/5/2 1280/5/2 1297/5/2 1298/5/2
f 906/5/1 919/5/1 1299/5/1 1282/5/1
f 1282/5/6 1299/5/6 1297/5/6 1280/5/6
f 906/5/5 1281/5/5 1298/5/5 919/5/5
f 908/1/2 1283/1/2 1300/1/2 923/1/2
f 909/1/1 924/1/1 1301/1/1 1284/1/1
f 915/3/1 930/3/1 1302/3/1 1285/3/1
f 930/3/4 932/3/4 1303/3/4 1302/3/4
f 1285/3/6 1302/3/6 1303/3/6 1288/3/6
f 932/3/4 949/3/4 1304/3/4 1303/3/4
f 1288/3/6 1303/3/6 1304/3/6 1290/3/6
f 917/3/5 1291/3/5 949/3/5 932/3/5
f 949/3/4 953/3/4 1305/3/4 1304/3/4
f 1290/3/6 1304/3/6 1305/3/6 1293/3/6
f 1291/3/5 1294/3/5 953/3/5 949/3/5
f 922/3/2 1296/3/2 1306/3/2 937/3/2
f 953/3/4 937/3/4 1306/3/4 1305/3/4
f 1293/3/6 1305/3/6 1306/3/6 1296/3/6
f 1294/3/5 922/3/5 937/3/5 953/3/5
f 1298/5/2 1297/5/2 1307/5/2 1308/5/2
f 919/5/1 934/5/1 1309/5/1 1299/5/1
f 1299/5/6 1309/5/6 1307/5/6 1297/5/6
f 919/5/5 1298/5/5 1308/5/5 934/5/5
f 923/1/2 1300/1/2 1310/1/2 938/1/2
f 924/1/1 939/1/1 1311/1/1 1301/1/1
f 1308/5/2 1307/5/2 1312/5/2 1313/5/2
f 934/5/1 959/5/1 1314/5/1 1309/5/1
f 1309/5/6 1314/5/6 1312/5/6 1307/5/6
f 934/5/5 1308/5/5 1313/5/5 959/5/5
f 938/1/2 1310/1/2 1315/1/2 961/1/2
f 939/1/1 962/1/1 1316/1/1 1311/1/1
f 1313/5/2 1312/5/2 1317/5/2 1318/5/2
f 959/5/1 978/5/1 1319/5/1 1314/5/1
f 1314/5/6 1319/5/6 1317/5/6 1312/5/6
f 959/5/5 1313/5/5 1318/5/5 978/5/5
f 961/1/2 1315/1/2 1320/1/2 980/1/2
f 962/1/1 981/1/1 1321/1/1 1316/1/1
f 1318/5/2 1317/5/2 1322/5/2 1323/5/2
f 978/5/1 997/5/1 1324/5/1 1319/5/1
f 1319/5/6 1324/5/6 1322/5/6 1317/5/6
f 978/5/5 1318/5/5 1323/5/5 997/5/5
f 981/1/1 999/1/1 1325/1/1 1321/1/1
f 1000/1/2 1326/1/2 1327/1/2 1001/1/2
f 980/1/3 1320/1/3 1326/1/3 1000/1/3
f 1002/1/4 1001/1/4 1327/1/4 1328/1/4
f 1320/1/6 1328/1/6 1327/1/6 1326/1/6
f 987/3/1 1009/3/1 1329/3/1 1330/3/1
f 987/3/3 1330/3/3 1331/3/3 989/3/3
f 1330/3/6 1329/3/6 1332/3/6 1331/3/6
f 989/3/3 1331/3/3 1333/3/3 992/3/3
f 1331/3/6 1332/3/6 1334/3/6 1333/3/6
f 989/3/5 992/3/5 1335/3/5 1011/3/5
f 992/3/3 1333/3/3 1336/3/3 994/3/3
f 1333/3/6 1334/3/6 1337/3/6 1336/3/6
f 992/3/5 994/3/5 1338/3/5 1335/3/5
f 996/3/2 1339/3/2 1340/3/2 1016/3/2
f 994/3/3 1336/3/3 1339/3/3 996/3/3
f 1336/3/6 1337/3/6 1340/3/6 1339/3/6
f 994/3/5 996/3/5 1016/3/5 1338/3/5
f 1323/5/2 1322/5/2 1341/5/2 1342/5/2
f 997/5/1 1013/5/1 1343/5/1 1324/5/1
f 1324/5/6 1343/5/6 1341/5/6 1322/5/6
f 997/5/5 1323/5/5 1342/5/5 1013/5/5
f 1002/1/2 1328/1/2 1344/1/2 1017/1/2
f 999/1/1 1018/1/1 1345/1/1 1325/1/1
f 1009/3/1 1025/3/1 1346/3/1 1329/3/1
f 1025/3/4 1027/3/4 1347/3/4 1346/3/4
f 1329/3/6 1346/3/6 1347/3/6 1332/3/6
f 1027/3/4 1046/3/4 1348/3/4 1347/3/4
f 1332/3/6 1347/3/6 1348/3/6 1334/3/6
f 1011/3/5 1335/3/5 1046/3/5 1027/3/5
f 1046/3/4 1050/3/4 1349/3/4 1348/3/4
f 1334/3/6 1348/3/6 1349/3/6 1337/3/6
f 1335/3/5 1338/3/5 1050/3/5 1046/3/5
f 1016/3/2 1340/3/2 1350/3/2 1032/3/2
f 1050/3/4 1032/3/4 1350/3/4 1349/3/4
f 1337/3/6 1349/3/6 1350/3/6 1340/3/6
f 1338/3/5 1016/3/5 1032/3/5 1050/3/5
f 1342/5/2 1341/5/2 1351/5/2 1352/5/2
f 1013/5/1 1029/5/1 1353/5/1 1343/5/1
f 1343/5/6 1353/5/6 1351/5/6 1341/5/6
f 1013/5/5 1342/5/5 1352/5/5 1029/5/5
f 1017/1/2 1344/1/2 1354/1/2 1033/1/2
f 1018/1/1 1035/1/1 1355/1/1 1345/1/1
f 1352/5/2 1351/5/2 1356/5/2 1357/5/2
f 1029/5/1 1056/5/1 1358/5/1 1353/5/1
f 1353/5/6 1358/5/6 1356/5/6 1351/5/6
f 1029/5/5 1352/5/5 1357/5/5 1056/5/5
f 1033/1/2 1354/1/2 1359/1/2 1060/1/2
f 1035/1/1 1360/1/1 1361/1/1 1355/1/1
f 1360/1/4 1060/1/4 1359/1/4 1361/1/4
f 1035/1/5 1033/1/5 1060/1/5 1360/1/5
f 1357/5/2 1356/5/2 1362/5/2 1363/5/2
f 1056/5/1 1077/5/1 1364/5/1 1358/5/1
f 1077/5/4 1363/5/4 1362/5/4 1364/5/4
f 1358/5/6 1364/5/6 1362/5/6 1356/5/6
f 1056/5/5 1357/5/5 1363/5/5 1077/5/5
f 1059/1/2 1365/1/2 1366/1/2 1079/1/2
f 1060/1/1 1081/1/1 1367/1/1 1359/1/1
f 1060/1/3 1359/1/3 1365/1/3 1059/1/3
f 1081/1/4 1079/1/4 1366/1/4 1367/1/4
f 1061/5/1 1083/5/1 1368/5/1 1369/5/1
f 1061/5/3 1369/5/3 1370/5/3 1062/5/3
f 1062/5/3 1370/5/3 1371/5/3 1064/5/3
f 1082/5/4 1372/5/4 1373/5/4 1374/5/4
f 1062/5/5 1064/5/5 1372/5/5 1082/5/5
f 1064/5/3 1371/5/3 1375/5/3 1066/5/3
f 1372/5/4 1376/5/4 1377/5/4 1373/5/4
f 1064/5/5 1066/5/5 1376/5/5 1372/5/5
f 1066/5/3 1375/5/3 1378/5/3 1068/5/3
f 1376/5/4 1379/5/4 1380/5/4 1377/5/4
f 1066/5/5 1068/5/5 1379/5/5 1376/5/5
f 1068/5/3 1378/5/3 1381/5/3 1070/5/3
f 1379/5/4 1382/5/4 1383/5/4 1380/5/4
f 1068/5/5 1070/5/5 1382/5/5 1379/5/5
f 1070/5/3 1381/5/3 1384/5/3 1072/5/3
f 1382/5/4 1385/5/4 1386/5/4 1383/5/4
f 1070/5/5 1072/5/5 1385/5/5 1382/5/5
f 1072/5/3 1384/5/3 1387/5/3 1074/5/3
f 1385/5/4 1388/5/4 1389/5/4 1386/5/4
f 1072/5/5 1074/5/5 1388/5/5 1385/5/5
f 1074/5/3 1387/5/3 1390/5/3 1076/5/3
f 1388/5/4 1391/5/4 1392/5/4 1389/5/4
f 1074/5/5 1076/5/5 1391/5/5 1388/5/5
f 1077/5/2 1364/5/2 1393/5/2 1394/5/2
f 1076/5/3 1390/5/3 1364/5/3 1077/5/3
f 1391/5/4 1394/5/4 1393/5/4 1392/5/4
f 1076/5/5 1077/5/5 1394/5/5 1391/5/5
f 1079/1/1 1085/1/1 1395/1/1 1366/1/1
f 1079/1/3 1366/1/3 1396/1/3 1086/1/3
f 1085/1/4 1088/1/4 1397/1/4 1395/1/4
f 1089/1/2 1398/1/2 1399/1/2 1090/1/2
f 1086/1/3 1396/1/3 1398/1/3 1089/1/3
f 1088/1/4 1090/1/4 1399/1/4 1397/1/4
f 1082/2/2 1374/2/2 1400/2/2 1091/2/2
f 1083/2/1 1092/2/1 1401/2/1 1368/2/1
f 1090/1/1 1094/1/1 1402/1/1 1399/1/1
f 1090/1/3 1399/1/3 1401/1/3 1092/1/3
f 1094/1/4 1096/1/4 1403/1/4 1402/1/4
f 1091/2/2 1400/2/2 1404/2/2 1097/2/2
f 1096/2/4 1097/2/4 1404/2/4 1403/2/4
f 1097/1/1 1099/1/1 1405/1/1 1404/1/1
f 1097/1/3 1404/1/3 1406/1/3 1100/1/3
f 1099/1/4 1102/1/4 1407/1/4 1405/1/4
f 1103/1/2 1408/1/2 1409/1/2 1104/1/2
f 1100/1/3 1406/1/3 1408/1/3 1103/1/3
f 1102/1/4 1104/1/4 1409/1/4 1407/1/4
f 1410/1/1 1108/1/1 1411/1/1 1412/1/1
f 1410/1/3 1412/1/3 1413/1/3 1414/1/3
f 1108/1/4 1109/1/4 1415/1/4 1411/1/4
f 1412/1/6 1411/1/6 1415/1/6 1413/1/6
f 1410/1/5 1414/1/5 1109/1/5 1108/1/5
f 1416/1/2 1417/1/2 1418/1/2 1113/1/2
f 1414/1/3 1413/1/3 1417/1/3 1416/1/3
f 1109/1/4 1113/1/4 1418/1/4 1415/1/4
f 1413/1/6 1415/1/6 1418/1/6 1417/1/6
f 1414/1/5 1416/1/5 1113/1/5 1109/1/5
f 1419/1/1 1118/1/1 1420/1/1 1421/1/1
f 1419/1/3 1421/1/3 1422/1/3 1423/1/3
f 1118/1/4 1119/1/4 1424/1/4 1420/1/4
f 1421/1/6 1420/1/6 1424/1/6 1422/1/6
f 1419/1/5 1423/1/5 1119/1/5 1118/1/5
f 1108/2/2 1411/2/2 1425/2/2 1107/2/2
f 1423/2/3 1422/2/3 1411/2/3 1108/2/3
f 1119/2/4 1107/2/4 1425/2/4 1424/2/4
f 1423/2/5 1108/2/5 1107/2/5 1119/2/5
f 1426/1/1 1427/1/1 1428/1/1 1429/1/1
f 1426/1/3 1429/1/3 1430/1/3 1431/1/3
f 1429/1/6 1428/1/6 1432/1/6 1430/1/6
f 1426/1/5 1431/1/5 1433/1/5 1427/1/5
f 1118/1/2 1420/1/2 1434/1/2 1117/1/2
f 1431/1/3 1430/1/3 1420/1/3 1118/1/3
f 1430/1/6 1432/1/6 1434/1/6 1420/1/6
f 1431/1/5 1118/1/5 1117/1/5 1433/1/5
f 1107/3/1 1123/3/1 1435/3/1 1425/3/1
f 1107/3/3 1425/3/3 1436/3/3 1111/3/3
f 1111/6/3 1436/6/3 1437/6/3 1114/6/3
f 1114/3/3 1437/3/3 1438/3/3 1124/3/3
f 1128/3/2 1439/3/2 1440/3/2 1129/3/2
f 1124/3/3 1438/3/3 1439/3/3 1128/3/3
f 1131/3/4 1129/3/4 1440/3/4 1441/3/4
f 1427/1/1 1138/1/1 1442/1/1 1428/1/1
f 1138/1/4 1139/1/4 1443/1/4 1442/1/4
f 1428/1/6 1442/1/6 1443/1/6 1432/1/6
f 1427/1/5 1433/1/5 1139/1/5 1138/1/5
f 1117/1/2 1434/1/2 1444/1/2 1132/1/2
f 1139/1/4 1132/1/4 1444/1/4 1443/1/4
f 1432/1/6 1443/1/6 1444/1/6 1434/1/6
f 1433/1/5 1117/1/5 1132/1/5 1139/1/5
f 1121/5/1 1133/5/1 1445/5/1 1446/5/1
f 1121/5/3 1446/5/3 1435/5/3 1123/5/3
f 1131/3/2 1441/3/2 1447/3/2 1134/3/2
f 1138/1/2 1442/1/2 1448/1/2 1137/1/2
f 1449/1/1 1152/1/1 1450/1/1 1451/1/1
f 1449/1/3 1451/1/3 1442/1/3 1138/1/3
f 1449/1/5 1138/1/5 1137/1/5 1152/1/5
f 1133/5/1 1143/5/1 1452/5/1 1445/5/1
f 1134/3/2 1447/3/2 1453/3/2 1146/3/2
f 1454/1/1 1455/1/1 1456/1/1 1457/1/1
f 1454/1/3 1457/1/3 1450/1/3 1152/1/3
f 1454/1/5 1152/1/5 1151/1/5 1455/1/5
f 1137/1/2 1448/1/2 1458/1/2 1148/1/2
f 1151/1/4 1148/1/4 1458/1/4 1459/1/4
f 1450/1/6 1459/1/6 1458/1/6 1448/1/6
f 1143/5/1 1153/5/1 1460/5/1 1452/5/1
f 1153/5/4 1154/5/4 1461/5/4 1460/5/4
f 1154/5/4 1155/5/4 1462/5/4 1461/5/4
f 1155/5/4 1156/5/4 1463/5/4 1462/5/4
f 1156/5/4 1157/5/4 1464/5/4 1463/5/4
f 1146/8/3 1453/8/3 1465/8/3 1158/8/3
f 1160/5/2 1466/5/2 1467/5/2 1164/5/2
f 1158/5/3 1465/5/3 1466/5/3 1160/5/3
f 1180/5/4 1164/5/4 1467/5/4 1468/5/4
f 1169/5/1 1171/5/1 1469/5/1 1470/5/1
f 1169/5/3 1470/5/3 1471/5/3 1173/5/3
f 1472/5/2 1473/5/2 1474/5/2 1475/5/2
f 1173/5/3 1471/5/3 1473/5/3 1472/5/3
f 1173/5/5 1472/5/5 1475/5/5 1174/5/5
f 1151/1/2 1459/1/2 1476/1/2 1178/1/2
f 1455/1/1 1477/1/1 1478/1/1 1456/1/1
f 1455/1/5 1151/1/5 1178/1/5 1477/1/5
f 1180/7/2 1468/7/2 1479/7/2 1181/7/2
f 1157/7/1 1179/7/1 1480/7/1 1464/7/1
f 1171/7/1 1185/7/1 1481/7/1 1469/7/1
f 1475/5/2 1474/5/2 1482/5/2 1483/5/2
f 1174/5/5 1475/5/5 1483/5/5 1186/5/5
f 1178/1/2 1476/1/2 1484/1/2 1190/1/2
f 1477/1/1 1485/1/1 1486/1/1 1478/1/1
f 1477/1/5 1178/1/5 1190/1/5 1485/1/5
f 1181/7/2 1479/7/2 1487/7/2 1192/7/2
f 1179/7/1 1191/7/1 1488/7/1 1480/7/1
f 1185/7/1 1196/7/1 1489/7/1 1481/7/1
f 1483/5/2 1482/5/2 1490/5/2 1491/5/2
f 1186/5/5 1483/5/5 1491/5/5 1197/5/5
f 1190/1/2 1484/1/2 1492/1/2 1200/1/2
f 1485/1/1 1211/1/1 1493/1/1 1486/1/1
f 1485/1/5 1190/1/5 1200/1/5 1211/1/5
f 1192/7/2 1487/7/2 1494/7/2 1201/7/2
f 1191/7/1 1495/7/1 1496/7/1 1488/7/1
f 1191/7/5 1192/7/5 1201/7/5 1495/7/5
f 1196/7/1 1205/7/1 1497/7/1 1489/7/1
f 1197/5/5 1491/5/5 1498/5/5 1206/5/5
f 1491/9/3 1490/9/3 1499/9/3 1500/9/3
f 1490/9/6 1501/9/6 1502/9/6 1499/9/6
f 1491/9/5 1500/9/5 1503/9/5 1498/9/5
f 1500/9/3 1499/9/3 1504/9/3 1505/9/3
f 1500/9/5 1505/9/5 1506/9/5 1503/9/5
f 1507/9/2 1508/9/2 1509/9/2 1510/9/2
f 1505/9/3 1504/9/3 1508/9/3 1507/9/3
f 1504/9/6 1511/9/6 1509/9/6 1508/9/6
f 1505/9/5 1507/9/5 1510/9/5 1506/9/5
f 1200/1/2 1492/1/2 1512/1/2 1213/1/2
f 1211/1/1 1210/1/1 1513/1/1 1493/1/1
f 1201/7/2 1494/7/2 1514/7/2 1214/7/2
f 1495/7/1 1515/7/1 1516/7/1 1496/7/1
f 1495/7/5 1201/7/5 1214/7/5 1515/7/5
f 1205/7/1 1218/7/1 1517/7/1 1497/7/1
f 1218/7/4 1219/7/4 1518/7/4 1517/7/4
f 1206/5/5 1498/5/5 1519/5/5 1219/5/5
f 1519/9/4 1520/9/4 1521/9/4 1522/9/4
f 1501/9/6 1522/9/6 1521/9/6 1502/9/6
f 1498/9/5 1503/9/5 1520/9/5 1519/9/5
f 1520/9/4 1523/9/4 1524/9/4 1521/9/4
f 1503/9/5 1506/9/5 1523/9/5 1520/9/5
f 1510/9/2 1509/9/2 1525/9/2 1526/9/2
f 1523/9/4 1526/9/4 1525/9/4 1524/9/4
f 1511/9/6 1524/9/6 1525/9/6 1509/9/6
f 1506/9/5 1510/9/5 1526/9/5 1523/9/5
f 1213/1/2 1512/1/2 1527/1/2 1221/1/2
f 1210/1/1 1223/1/1 1528/1/1 1513/1/1
f 1515/7/1 1529/7/1 1530/7/1 1516/7/1
f 1529/7/4 1531/7/4 1532/7/4 1530/7/4
f 1515/7/5 1214/7/5 1531/7/5 1529/7/5
f 1214/7/3 1514/7/3 1533/7/3 1215/7/3
f 1531/7/4 1534/7/4 1535/7/4 1532/7/4
f 1214/7/5 1215/7/5 1534/7/5 1531/7/5
f 1215/7/3 1533/7/3 1536/7/3 1216/7/3
f 1534/7/4 1537/7/4 1538/7/4 1535/7/4
f 1215/7/5 1216/7/5 1537/7/5 1534/7/5
f 1216/7/3 1536/7/3 1539/7/3 1217/7/3
f 1216/7/5 1217/7/5 1540/7/5 1537/7/5
f 1218/7/2 1517/7/2 1541/7/2 1230/7/2
f 1217/7/3 1539/7/3 1517/7/3 1218/7/3
f 1540/7/4 1230/7/4 1541/7/4 1542/7/4
f 1217/7/5 1218/7/5 1230/7/5 1540/7/5
f 1519/5/2 1522/5/2 1543/5/2 1544/5/2
f 1219/5/1 1228/5/1 1545/5/1 1518/5/1
f 1219/5/5 1519/5/5 1544/5/5 1228/5/5
f 1221/1/2 1527/1/2 1546/1/2 1231/1/2
f 1223/1/1 1233/1/1 1547/1/1 1528/1/1
f 1540/7/2 1542/7/2 1548/7/2 1249/7/2
f 1537/7/1 1246/7/1 1549/7/1 1538/7/1
f 1246/7/4 1249/7/4 1548/7/4 1549/7/4
f 1538/7/6 1549/7/6 1548/7/6 1542/7/6
f 1537/7/5 1540/7/5 1249/7/5 1246/7/5
f 1544/5/2 1543/5/2 1550/5/2 1551/5/2
f 1228/5/1 1234/5/1 1552/5/1 1545/5/1
f 1228/5/5 1544/5/5 1551/5/5 1234/5/5
f 1231/1/2 1546/1/2 1553/1/2 1237/1/2
f 1233/1/1 1238/1/1 1554/1/1 1547/1/1
f 1551/5/2 1550/5/2 1555/5/2 1556/5/2
f 1234/5/1 1251/5/1 1557/5/1 1552/5/1
f 1234/5/5 1551/5/5 1556/5/5 1251/5/5
f 1237/1/2 1553/1/2 1558/1/2 1254/1/2
f 1238/1/1 1255/1/1 1559/1/1 1554/1/1
f 1556/5/2 1555/5/2 1560/5/2 1561/5/2
f 1251/5/1 1263/5/1 1562/5/1 1557/5/1
f 1251/5/5 1556/5/5 1561/5/5 1263/5/5
f 1254/1/2 1558/1/2 1563/1/2 1266/1/2
f 1255/1/1 1267/1/1 1564/1/1 1559/1/1
f 1561/5/2 1560/5/2 1565/5/2 1566/5/2
f 1263/5/1 1270/5/1 1567/5/1 1562/5/1
f 1263/5/5 1561/5/5 1566/5/5 1270/5/5
f 1266/1/2 1563/1/2 1568/1/2 1273/1/2
f 1267/1/1 1274/1/1 1569/1/1 1564/1/1
f 1566/5/2 1565/5/2 1570/5/2 1571/5/2
f 1270/5/1 1275/5/1 1572/5/1 1567/5/1
f 1270/5/5 1566/5/5 1571/5/5 1275/5/5
f 1273/1/2 1568/1/2 1573/1/2 1278/1/2
f 1274/1/1 1279/1/1 1574/1/1 1569/1/1
f 1571/5/2 1570/5/2 1575/5/2 1576/5/2
f 1275/5/1 1280/5/1 1577/5/1 1572/5/1
f 1275/5/5 1571/5/5 1576/5/5 1280/5/5
f 1278/1/2 1573/1/2 1578/1/2 1283/1/2
f 1279/1/1 1284/1/1 1579/1/1 1574/1/1
f 1576/5/2 1575/5/2 1580/5/2 1581/5/2
f 1280/5/1 1297/5/1 1582/5/1 1577/5/1
f 1280/5/5 1576/5/5 1581/5/5 1297/5/5
f 1283/1/2 1578/1/2 1583/1/2 1300/1/2
f 1284/1/1 1301/1/1 1584/1/1 1579/1/1
f 1581/5/2 1580/5/2 1585/5/2 1586/5/2
f 1297/5/1 1307/5/1 1587/5/1 1582/5/1
f 1297/5/5 1581/5/5 1586/5/5 1307/5/5
f 1300/1/2 1583/1/2 1588/1/2 1310/1/2
f 1301/1/1 1311/1/1 1589/1/1 1584/1/1
f 1586/5/2 1585/5/2 1590/5/2 1591/5/2
f 1307/5/1 1312/5/1 1592/5/1 1587/5/1
f 1307/5/5 1586/5/5 1591/5/5 1312/5/5
f 1310/1/2 1588/1/2 1593/1/2 1315/1/2
f 1311/1/1 1316/1/1 1594/1/1 1589/1/1
f 1591/5/2 1590/5/2 1595/5/2 1596/5/2
f 1312/5/1 1317/5/1 1597/5/1 1592/5/1
f 1312/5/5 1591/5/5 1596/5/5 1317/5/5
f 1315/1/2 1593/1/2 1598/1/2 1320/1/2
f 1316/1/1 1321/1/1 1599/1/1 1594/1/1
f 1596/5/2 1595/5/2 1600/5/2 1601/5/2
f 1317/5/1 1322/5/1 1602/5/1 1597/5/1
f 1317/5/5 1596/5/5 1601/5/5 1322/5/5
f 1320/1/2 1598/1/2 1603/1/2 1328/1/2
f 1321/1/1 1325/1/1 1604/1/1 1599/1/1
f 1601/5/2 1600/5/2 1605/5/2 1606/5/2
f 1322/5/1 1341/5/1 1607/5/1 1602/5/1
f 1322/5/5 1601/5/5 1606/5/5 1341/5/5
f 1328/1/2 1603/1/2 1608/1/2 1344/1/2
f 1325/1/1 1345/1/1 1609/1/1 1604/1/1
f 1606/5/2 1605/5/2 1610/5/2 1611/5/2
f 1341/5/1 1351/5/1 1612/5/1 1607/5/1
f 1341/5/5 1606/5/5 1611/5/5 1351/5/5
f 1344/1/2 1608/1/2 1613/1/2 1354/1/2
f 1345/1/1 1355/1/1 1614/1/1 1609/1/1
f 1611/5/2 1610/5/2 1615/5/2 1616/5/2
f 1351/5/1 1356/5/1 1617/5/1 1612/5/1
f 1351/5/5 1611/5/5 1616/5/5 1356/5/5
f 1354/1/2 1613/1/2 1618/1/2 1359/1/2
f 1355/1/1 1361/1/1 1619/1/1 1614/1/1
f 1361/1/4 1359/1/4 1618/1/4 1619/1/4
f 1616/5/2 1615/5/2 1620/5/2 1621/5/2
f 1356/5/1 1362/5/1 1622/5/1 1617/5/1
f 1362/5/4 1621/5/4 1620/5/4 1622/5/4
f 1356/5/5 1616/5/5 1621/5/5 1362/5/5
f 1365/1/2 1623/1/2 1624/1/2 1366/1/2
f 1359/1/1 1367/1/1 1625/1/1 1618/1/1
f 1359/1/3 1618/1/3 1623/1/3 1365/1/3
f 1367/1/4 1366/1/4 1624/1/4 1625/1/4
f 1369/5/1 1368/5/1 1626/5/1 1627/5/1
f 1369/5/3 1627/5/3 1628/5/3 1370/5/3
f 1370/5/3 1628/5/3 1629/5/3 1371/5/3
f 1374/5/4 1373/5/4 1630/5/4 1631/5/4
f 1371/5/3 1629/5/3 1632/5/3 1375/5/3
f 1373/5/4 1377/5/4 1633/5/4 1630/5/4
f 1375/5/3 1632/5/3 1634/5/3 1378/5/3
f 1377/5/4 1380/5/4 1635/5/4 1633/5/4
f 1378/5/3 1634/5/3 1636/5/3 1381/5/3
f 1380/5/4 1383/5/4 1637/5/4 1635/5/4
f 1381/5/3 1636/5/3 1638/5/3 1384/5/3
f 1383/5/4 1386/5/4 1639/5/4 1637/5/4
f 1384/5/3 1638/5/3 1640/5/3 1387/5/3
f 1387/5/3 1640/5/3 1641/5/3 1390/5/3
f 1389/5/4 1392/5/4 1642/5/4 1643/5/4
f 1390/5/3 1641/5/3 1644/5/3 1364/5/3
f 1392/5/4 1393/5/4 1645/5/4 1642/5/4
f 1362/5/2 1622/5/2 1646/5/2 1647/5/2
f 1364/5/3 1644/5/3 1622/5/3 1362/5/3
f 1393/5/4 1647/5/4 1646/5/4 1645/5/4
f 1364/5/5 1362/5/5 1647/5/5 1393/5/5
f 1366/1/1 1395/1/1 1648/1/1 1624/1/1
f 1366/1/3 1624/1/3 1649/1/3 1396/1/3
f 1395/1/4 1397/1/4 1650/1/4 1648/1/4
f 1398/1/2 1651/1/2 1652/1/2 1399/1/2
f 1396/1/3 1649/1/3 1651/1/3 1398/1/3
f 1397/1/4 1399/1/4 1652/1/4 1650/1/4
f 1374/2/2 1631/2/2 1653/2/2 1400/2/2
f 1368/2/1 1401/2/1 1654/2/1 1626/2/1
f 1389/9/2 1643/9/2 1655/9/2 1656/9/2
f 1386/9/1 1657/9/1 1658/9/1 1639/9/1
f 1639/9/6 1658/9/6 1655/9/6 1643/9/6
f 1386/9/5 1389/9/5 1656/9/5 1657/9/5
f 1399/1/1 1402/1/1 1659/1/1 1652/1/1
f 1399/1/3 1652/1/3 1654/1/3 1401/1/3
f 1402/1/4 1403/1/4 1660/1/4 1659/1/4
f 1403/2/4 1404/2/4 1661/2/4 1660/2/4
f 1400/9/3 1653/9/3 1662/9/3 1663/9/3
f 1653/9/6 1661/9/6 1664/9/6 1662/9/6
f 1400/9/5 1663/9/5 1406/9/5 1404/9/5
f 1663/9/3 1662/9/3 1665/9/3 1666/9/3
f 1662/9/6 1664/9/6 1667/9/6 1665/9/6
f 1663/9/5 1666/9/5 1408/9/5 1406/9/5
f 1666/9/3 1665/9/3 1668/9/3 1669/9/3
f 1408/9/4 1670/9/4 1671/9/4 1667/9/4
f 1665/9/6 1667/9/6 1671/9/6 1668/9/6
f 1666/9/5 1669/9/5 1670/9/5 1408/9/5
f 1669/9/3 1668/9/3 1672/9/3 1673/9/3
f 1670/9/4 1674/9/4 1675/9/4 1671/9/4
f 1668/9/6 1671/9/6 1675/9/6 1672/9/6
f 1669/9/5 1673/9/5 1674/9/5 1670/9/5
f 1673/9/3 1672/9/3 1658/9/3 1657/9/3
f 1674/9/4 1676/9/4 1677/9/4 1675/9/4
f 1672/9/6 1675/9/6 1677/9/6 1658/9/6
f 1673/9/5 1657/9/5 1676/9/5 1674/9/5
f 1656/9/2 1655/9/2 1678/9/2 1679/9/2
f 1676/9/4 1679/9/4 1678/9/4 1677/9/4
f 1658/9/6 1677/9/6 1678/9/6 1655/9/6
f 1657/9/5 1656/9/5 1679/9/5 1676/9/5
f 1404/1/1 1405/1/1 1680/1/1 1661/1/1
f 1405/1/4 1407/1/4 1681/1/4 1680/1/4
f 1408/1/2 1667/1/2 1682/1/2 1409/1/2
f 1407/1/4 1409/1/4 1682/1/4 1681/1/4
f 1683/1/1 1412/1/1 1684/1/1 1685/1/1
f 1683/1/3 1685/1/3 1686/1/3 1687/1/3
f 1412/1/4 1413/1/4 1688/1/4 1684/1/4
f 1683/1/5 1687/1/5 1413/1/5 1412/1/5
f 1689/1/2 1690/1/2 1691/1/2 1417/1/2
f 1687/1/3 1686/1/3 1690/1/3 1689/1/3
f 1413/1/4 1417/1/4 1691/1/4 1688/1/4
f 1686/1/6 1688/1/6 1691/1/6 1690/1/6
f 1687/1/5 1689/1/5 1417/1/5 1413/1/5
f 1692/1/1 1421/1/1 1693/1/1 1694/1/1
f 1692/1/3 1694/1/3 1695/1/3 1696/1/3
f 1421/1/4 1422/1/4 1697/1/4 1693/1/4
f 1694/1/6 1693/1/6 1697/1/6 1695/1/6
f 1692/1/5 1696/1/5 1422/1/5 1421/1/5
f 1412/2/2 1684/2/2 1698/2/2 1411/2/2
f 1696/2/3 1695/2/3 1684/2/3 1412/2/3
f 1696/2/5 1412/2/5 1411/2/5 1422/2/5
f 1699/1/1 1429/1/1 1700/1/1 1701/1/1
f 1699/1/3 1701/1/3 1702/1/3 1703/1/3
f 1429/1/4 1430/1/4 1704/1/4 1700/1/4
f 1699/1/5 1703/1/5 1430/1/5 1429/1/5
f 1421/1/2 1693/1/2 1705/1/2 1420/1/2
f 1703/1/3 1702/1/3 1693/1/3 1421/1/3
f 1430/1/4 1420/1/4 1705/1/4 1704/1/4
f 1702/1/6 1704/1/6 1705/1/6 1693/1/6
f 1703/1/5 1421/1/5 1420/1/5 1430/1/5
f 1411/2/2 1698/2/2 1706/2/2 1425/2/2
f 1422/2/1 1424/2/1 1707/2/1 1697/2/1
f 1424/2/4 1425/2/4 1706/2/4 1707/2/4
f 1429/1/2 1700/1/2 1708/1/2 1428/1/2
f 1709/1/1 1710/1/1 1711/1/1 1712/1/1
f 1709/1/3 1712/1/3 1700/1/3 1429/1/3
f 1709/1/5 1429/1/5 1428/1/5 1710/1/5
f 1425/6/1 1435/6/1 1713/6/1 1706/6/1
f 1425/6/3 1706/6/3 1714/6/3 1436/6/3
f 1436/3/3 1714/3/3 1715/3/3 1437/3/3
f 1437/6/3 1715/6/3 1716/6/3 1438/6/3
f 1439/3/2 1717/3/2 1718/3/2 1440/3/2
f 1438/3/3 1716/3/3 1717/3/3 1439/3/3
f 1441/3/4 1440/3/4 1718/3/4 1719/3/4
f 1428/1/2 1708/1/2 1720/1/2 1442/1/2
f 1710/1/1 1451/1/1 1721/1/1 1711/1/1
f 1711/1/6 1721/1/6 1720/1/6 1708/1/6
f 1710/1/5 1428/1/5 1442/1/5 1451/1/5
f 1446/5/1 1445/5/1 1722/5/1 1723/5/1
f 1446/5/3 1723/5/3 1713/5/3 1435/5/3
f 1441/3/2 1719/3/2 1724/3/2 1447/3/2
f 1725/1/1 1457/1/1 1726/1/1 1727/1/1
f 1725/1/3 1727/1/3 1721/1/3 1451/1/3
f 1725/1/5 1451/1/5 1450/1/5 1457/1/5
f 1442/1/2 1720/1/2 1728/1/2 1448/1/2
f 1450/1/4 1448/1/4 1728/1/4 1729/1/4
f 1721/1/6 1729/1/6 1728/1/6 1720/1/6
f 1445/5/1 1452/5/1 1730/5/1 1722/5/1
f 1447/3/2 1724/3/2 1731/3/2 1453/3/2
f 1450/1/2 1729/1/2 1732/1/2 1459/1/2
f 1457/1/1 1456/1/1 1733/1/1 1726/1/1
f 1452/5/1 1460/5/1 1734/5/1 1730/5/1
f 1460/5/4 1461/5/4 1735/5/4 1734/5/4
f 1461/5/4 1462/5/4 1736/5/4 1735/5/4
f 1462/5/4 1463/5/4 1737/5/4 1736/5/4
f 1463/5/4 1464/5/4 1738/5/4 1737/5/4
f 1453/8/3 1731/8/3 1739/8/3 1465/8/3
f 1731/8/6 1738/8/6 1740/8/6 1739/8/6
f 1465/5/3 1739/5/3 1741/5/3 1466/5/3
f 1468/5/4 1467/5/4 1742/5/4 1740/5/4
f 1466/5/3 1741/5/3 1743/5/3 1744/5/3
f 1467/5/4 1745/5/4 1746/5/4 1742/5/4
f 1741/5/6 1742/5/6 1746/5/6 1743/5/6
f 1466/5/5 1744/5/5 1745/5/5 1467/5/5
f 1744/5/3 1743/5/3 1747/5/3 1748/5/3
f 1745/5/4 1749/5/4 1750/5/4 1746/5/4
f 1743/5/6 1746/5/6 1750/5/6 1747/5/6
f 1744/5/5 1748/5/5 1749/5/5 1745/5/5
f 1748/5/3 1747/5/3 1751/5/3 1470/5/3
f 1749/5/4 1469/5/4 1752/5/4 1750/5/4
f 1747/5/6 1750/5/6 1752/5/6 1751/5/6
f 1748/5/5 1470/5/5 1469/5/5 1749/5/5
f 1470/5/3 1751/5/3 1753/5/3 1471/5/3
f 1473/5/2 1754/5/2 1755/5/2 1474/5/2
f 1471/5/3 1753/5/3 1754/5/3 1473/5/3
f 1459/1/2 1732/1/2 1756/1/2 1476/1/2
f 1456/1/1 1478/1/1 1757/1/1 1733/1/1
f 1468/7/2 1740/7/2 1758/7/2 1479/7/2
f 1464/7/1 1480/7/1 1759/7/1 1738/7/1
f 1469/7/1 1481/7/1 1760/7/1 1752/7/1
f 1752/7/6 1760/7/6 1761/7/6 1762/7/6
f 1474/5/2 1755/5/2 1763/5/2 1482/5/2
f 1476/1/2 1756/1/2 1764/1/2 1484/1/2
f 1478/1/1 1486/1/1 1765/1/1 1757/1/1
f 1479/7/2 1758/7/2 1766/7/2 1487/7/2
f 1480/7/1 1488/7/1 1767/7/1 1759/7/1
f 1481/7/1 1489/7/1 1768/7/1 1760/7/1
f 1760/7/6 1768/7/6 1769/7/6 1761/7/6
f 1482/9/3 1763/9/3 1770/9/3 1771/9/3
f 1490/9/4 1499/9/4 1772/9/4 1773/9/4
f 1482/9/5 1771/9/5 1499/9/5 1490/9/5
f 1771/9/3 1770/9/3 1774/9/3 1775/9/3
f 1771/9/5 1775/9/5 1504/9/5 1499/9/5
f 1776/9/2 1777/9/2 1778/9/2 1508/9/2
f 1775/9/3 1774/9/3 1777/9/3 1776/9/3
f 1504/9/4 1508/9/4 1778/9/4 1779/9/4
f 1775/9/5 1776/9/5 1508/9/5 1504/9/5
f 1484/1/2 1764/1/2 1780/1/2 1492/1/2
f 1486/1/1 1493/1/1 1781/1/1 1765/1/1
f 1487/7/2 1766/7/2 1782/7/2 1494/7/2
f 1488/7/1 1496/7/1 1783/7/1 1767/7/1
f 1767/7/6 1783/7/6 1782/7/6 1766/7/6
f 1489/7/1 1497/7/1 1784/7/1 1768/7/1
f 1768/7/6 1784/7/6 1785/7/6 1769/7/6
f 1490/5/2 1773/5/2 1786/5/2 1501/5/2
f 1504/10/2 1779/10/2 1787/10/2 1511/10/2
f 1499/10/1 1502/10/1 1788/10/1 1772/10/1
f 1492/1/2 1780/1/2 1789/1/2 1512/1/2
f 1493/1/1 1513/1/1 1790/1/1 1781/1/1
f 1494/7/2 1782/7/2 1791/7/2 1514/7/2
f 1496/7/1 1516/7/1 1792/7/1 1783/7/1
f 1783/7/6 1792/7/6 1791/7/6 1782/7/6
f 1497/7/1 1517/7/1 1793/7/1 1784/7/1
f 1517/7/4 1518/7/4 1794/7/4 1793/7/4
f 1784/7/6 1793/7/6 1794/7/6 1785/7/6
f 1501/5/2 1786/5/2 1795/5/2 1522/5/2
f 1511/10/2 1787/10/2 1796/10/2 1524/10/2
f 1502/10/1 1521/10/1 1797/10/1 1788/10/1
f 1512/1/2 1789/1/2 1798/1/2 1527/1/2
f 1513/1/1 1528/1/1 1799/1/1 1790/1/1
f 1516/7/1 1530/7/1 1800/7/1 1792/7/1
f 1530/7/4 1532/7/4 1801/7/4 1800/7/4
f 1792/7/6 1800/7/6 1801/7/6 1791/7/6
f 1514/7/3 1791/7/3 1802/7/3 1533/7/3
f 1532/7/4 1535/7/4 1803/7/4 1801/7/4
f 1533/7/3 1802/7/3 1804/7/3 1536/7/3
f 1535/7/4 1538/7/4 1805/7/4 1803/7/4
f 1536/7/3 1804/7/3 1806/7/3 1539/7/3
f 1538/7/4 1542/7/4 1807/7/4 1805/7/4
f 1517/7/2 1793/7/2 1808/7/2 1541/7/2
f 1539/7/3 1806/7/3 1793/7/3 1517/7/3
f 1542/7/4 1541/7/4 1808/7/4 1807/7/4
f 1518/5/1 1545/5/1 1809/5/1 1794/5/1
f 1522/9/3 1795/9/3 1797/9/3 1521/9/3
f 1543/9/4 1810/9/4 1811/9/4 1812/9/4
f 1522/9/5 1521/9/5 1810/9/5 1543/9/5
f 1810/9/4 1813/9/4 1814/9/4 1811/9/4
f 1521/9/5 1524/9/5 1813/9/5 1810/9/5
f 1525/9/2 1815/9/2 1816/9/2 1817/9/2
f 1524/9/3 1796/9/3 1815/9/3 1525/9/3
f 1813/9/4 1817/9/4 1816/9/4 1814/9/4
f 1524/9/5 1525/9/5 1817/9/5 1813/9/5
f 1527/1/2 1798/1/2 1818/1/2 1546/1/2
f 1528/1/1 1547/1/1 1819/1/1 1799/1/1
f 1543/5/2 1812/5/2 1820/5/2 1550/5/2
f 1545/5/1 1552/5/1 1821/5/1 1809/5/1
f 1546/1/2 1818/1/2 1822/1/2 1553/1/2
f 1547/1/1 1554/1/1 1823/1/1 1819/1/1
f 1550/5/2 1820/5/2 1824/5/2 1555/5/2
f 1552/5/1 1557/5/1 1825/5/1 1821/5/1
f 1553/1/2 1822/1/2 1826/1/2 1558/1/2
f 1554/1/1 1559/1/1 1827/1/1 1823/1/1
f 1555/5/2 1824/5/2 1828/5/2 1560/5/2
f 1557/5/1 1562/5/1 1829/5/1 1825/5/1
f 1558/1/2 1826/1/2 1830/1/2 1563/1/2
f 1559/1/1 1564/1/1 1831/1/1 1827/1/1
f 1560/5/2 1828/5/2 1832/5/2 1565/5/2
f 1562/5/1 1567/5/1 1833/5/1 1829/5/1
f 1563/1/2 1830/1/2 1834/1/2 1568/1/2
f 1564/1/1 1569/1/1 1835/1/1 1831/1/1
f 1565/5/2 1832/5/2 1836/5/2 1570/5/2
f 1567/5/1 1572/5/1 1837/5/1 1833/5/1
f 1568/1/2 1834/1/2 1838/1/2 1573/1/2
f 1569/1/1 1574/1/1 1839/1/1 1835/1/1
f 1570/5/2 1836/5/2 1840/5/2 1575/5/2
f 1572/5/1 1577/5/1 1841/5/1 1837/5/1
f 1573/1/2 1838/1/2 1842/1/2 1578/1/2
f 1574/1/1 1579/1/1 1843/1/1 1839/1/1
f 1575/5/2 1840/5/2 1844/5/2 1580/5/2
f 1577/5/1 1582/5/1 1845/5/1 1841/5/1
f 1578/1/2 1842/1/2 1846/1/2 1583/1/2
f 1579/1/1 1584/1/1 1847/1/1 1843/1/1
f 1580/5/2 1844/5/2 1848/5/2 1585/5/2
f 1582/5/1 1587/5/1 1849/5/1 1845/5/1
f 1583/1/2 1846/1/2 1850/1/2 1588/1/2
f 1584/1/1 1589/1/1 1851/1/1 1847/1/1
f 1585/5/2 1848/5/2 1852/5/2 1590/5/2
f 1587/5/1 1592/5/1 1853/5/1 1849/5/1
f 1588/1/2 1850/1/2 1854/1/2 1593/1/2
f 1589/1/1 1594/1/1 1855/1/1 1851/1/1
f 1590/5/2 1852/5/2 1856/5/2 1595/5/2
f 1592/5/1 1597/5/1 1857/5/1 1853/5/1
f 1593/1/2 1854/1/2 1858/1/2 1598/1/2
f 1594/1/1 1599/1/1 1859/1/1 1855/1/1
f 1595/5/2 1856/5/2 1860/5/2 1600/5/2
f 1597/5/1 1602/5/1 1861/5/1 1857/5/1
f 1598/1/2 1858/1/2 1862/1/2 1603/1/2
f 1599/1/1 1604/1/1 1863/1/1 1859/1/1
f 1600/5/2 1860/5/2 1864/5/2 1605/5/2
f 1602/5/1 1607/5/1 1865/5/1 1861/5/1
f 1603/1/2 1862/1/2 1866/1/2 1608/1/2
f 1604/1/1 1609/1/1 1867/1/1 1863/1/1
f 1605/5/2 1864/5/2 1868/5/2 1610/5/2
f 1607/5/1 1612/5/1 1869/5/1 1865/5/1
f 1608/1/2 1866/1/2 1870/1/2 1613/1/2
f 1609/1/1 1614/1/1 1871/1/1 1867/1/1
f 1610/5/2 1868/5/2 1872/5/2 1615/5/2
f 1612/5/1 1617/5/1 1873/5/1 1869/5/1
f 1613/1/2 1870/1/2 1874/1/2 1618/1/2
f 1614/1/1 1619/1/1 1875/1/1 1871/1/1
f 1619/1/4 1618/1/4 1874/1/4 1875/1/4
f 1615/5/2 1872/5/2 1876/5/2 1620/5/2
f 1617/5/1 1622/5/1 1877/5/1 1873/5/1
f 1622/5/4 1620/5/4 1876/5/4 1877/5/4
f 1623/1/2 1878/1/2 1879/1/2 1624/1/2
f 1618/1/1 1625/1/1 1880/1/1 1874/1/1
f 1618/1/3 1874/1/3 1878/1/3 1623/1/3
f 1625/1/4 1624/1/4 1879/1/4 1880/1/4
f 1627/5/1 1626/5/1 1881/5/1 1882/5/1
f 1627/5/3 1882/5/3 1883/5/3 1628/5/3
f 1628/5/3 1883/5/3 1884/5/3 1629/5/3
f 1631/5/4 1630/5/4 1885/5/4 1886/5/4
f 1629/5/3 1884/5/3 1887/5/3 1632/5/3
f 1630/5/4 1633/5/4 1888/5/4 1885/5/4
f 1632/5/3 1887/5/3 1889/5/3 1634/5/3
f 1633/5/4 1635/5/4 1890/5/4 1888/5/4
f 1634/5/3 1889/5/3 1891/5/3 1636/5/3
f 1635/5/4 1637/5/4 1892/5/4 1890/5/4
f 1636/5/3 1891/5/3 1893/5/3 1638/5/3
f 1637/5/4 1639/5/4 1894/5/4 1892/5/4
f 1638/5/3 1893/5/3 1895/5/3 1640/5/3
f 1639/5/4 1643/5/4 1896/5/4 1894/5/4
f 1640/5/3 1895/5/3 1897/5/3 1641/5/3
f 1643/5/4 1642/5/4 1898/5/4 1896/5/4
f 1641/5/3 1897/5/3 1899/5/3 1644/5/3
f 1642/5/4 1645/5/4 1900/5/4 1898/5/4
f 1622/5/2 1877/5/2 1901/5/2 1646/5/2
f 1644/5/3 1899/5/3 1877/5/3 1622/5/3
f 1645/5/4 1646/5/4 1901/5/4 1900/5/4
f 1624/1/1 1648/1/1 1902/1/1 1879/1/1
f 1624/1/3 1879/1/3 1903/1/3 1649/1/3
f 1648/1/4 1650/1/4 1904/1/4 1902/1/4
f 1651/1/2 1905/1/2 1906/1/2 1652/1/2
f 1649/1/3 1903/1/3 1905/1/3 1651/1/3
f 1650/1/4 1652/1/4 1906/1/4 1904/1/4
f 1631/2/2 1886/2/2 1907/2/2 1653/2/2
f 1626/2/1 1654/2/1 1908/2/1 1881/2/1
f 1652/1/1 1659/1/1 1909/1/1 1906/1/1
f 1652/1/3 1906/1/3 1908/1/3 1654/1/3
f 1659/1/4 1660/1/4 1910/1/4 1909/1/4
f 1653/2/2 1907/2/2 1911/2/2 1661/2/2
f 1660/2/4 1661/2/4 1911/2/4 1910/2/4
f 1661/1/1 1680/1/1 1912/1/1 1911/1/1
f 1661/1/3 1911/1/3 1913/1/3 1664/1/3
f 1680/1/4 1681/1/4 1914/1/4 1912/1/4
f 1667/1/2 1915/1/2 1916/1/2 1682/1/2
f 1664/1/3 1913/1/3 1915/1/3 1667/1/3
f 1681/1/4 1682/1/4 1916/1/4 1914/1/4
f 1917/1/1 1685/1/1 1918/1/1 1919/1/1
f 1917/1/3 1919/1/3 1920/1/3 1921/1/3
f 1917/1/5 1921/1/5 1686/1/5 1685/1/5
f 1922/1/2 1923/1/2 1924/1/2 1690/1/2
f 1921/1/3 1920/1/3 1923/1/3 1922/1/3
f 1686/1/4 1690/1/4 1924/1/4 1925/1/4
f 1921/1/5 1922/1/5 1690/1/5 1686/1/5
f 1926/1/1 1694/1/1 1927/1/1 1928/1/1
f 1926/1/3 1928/1/3 1929/1/3 1930/1/3
f 1694/1/4 1695/1/4 1931/1/4 1927/1/4
f 1926/1/5 1930/1/5 1695/1/5 1694/1/5
f 1930/2/3 1929/2/3 1918/2/3 1685/2/3
f 1930/2/5 1685/2/5 1684/2/5 1695/2/5
f 1686/2/2 1925/2/2 1932/2/2 1688/2/2
f 1684/2/4 1688/2/4 1932/2/4 1933/2/4
f 1934/1/1 1701/1/1 1935/1/1 1936/1/1
f 1934/1/3 1936/1/3 1937/1/3 1938/1/3
f 1934/1/5 1938/1/5 1702/1/5 1701/1/5
f 1694/1/2 1927/1/2 1939/1/2 1693/1/2
f 1938/1/3 1937/1/3 1927/1/3 1694/1/3
f 1702/1/4 1693/1/4 1939/1/4 1940/1/4
f 1938/1/5 1694/1/5 1693/1/5 1702/1/5
f 1684/2/2 1933/2/2 1941/2/2 1698/2/2
f 1695/2/1 1697/2/1 1942/2/1 1931/2/1
f 1943/1/1 1712/1/1 1944/1/1 1945/1/1
f 1943/1/3 1945/1/3 1935/1/3 1701/1/3
f 1943/1/5 1701/1/5 1700/1/5 1712/1/5
f 1702/1/2 1940/1/2 1946/1/2 1704/1/2
f 1700/1/4 1704/1/4 1946/1/4 1947/1/4
f 1698/2/2 1941/2/2 1948/2/2 1706/2/2
f 1697/2/1 1707/2/1 1949/2/1 1942/2/1
f 1707/2/4 1706/2/4 1948/2/4 1949/2/4
f 1950/1/1 1951/1/1 1952/1/1 1953/1/1
f 1950/1/3 1953/1/3 1944/1/3 1712/1/3
f 1950/1/5 1712/1/5 1711/1/5 1951/1/5
f 1700/1/2 1947/1/2 1954/1/2 1708/1/2
f 1711/1/4 1708/1/4 1954/1/4 1955/1/4
f 1706/3/1 1713/3/1 1956/3/1 1948/3/1
f 1706/3/3 1948/3/3 1957/3/3 1714/3/3
f 1714/6/3 1957/6/3 1958/6/3 1715/6/3
f 1715/3/3 1958/3/3 1959/3/3 1716/3/3
f 1717/3/2 1960/3/2 1961/3/2 1718/3/2
f 1716/3/3 1959/3/3 1960/3/3 1717/3/3
f 1719/3/4 1718/3/4 1961/3/4 1962/3/4
f 1711/1/2 1955/1/2 1963/1/2 1721/1/2
f 1951/1/1 1727/1/1 1964/1/1 1952/1/1
f 1951/1/5 1711/1/5 1721/1/5 1727/1/5
f 1723/5/1 1722/5/1 1965/5/1 1966/5/1
f 1723/5/3 1966/5/3 1956/5/3 1713/5/3
f 1719/3/2 1962/3/2 1967/3/2 1724/3/2
f 1721/1/2 1963/1/2 1968/1/2 1729/1/2
f 1727/1/1 1726/1/1 1969/1/1 1964/1/1
f 1722/5/1 1730/5/1 1970/5/1 1965/5/1
f 1724/3/2 1967/3/2 1971/3/2 1731/3/2
f 1729/1/2 1968/1/2 1972/1/2 1732/1/2
f 1726/1/1 1733/1/1 1973/1/1 1969/1/1
f 1730/5/1 1734/5/1 1974/5/1 1970/5/1
f 1734/5/4 1735/5/4 1975/5/4 1974/5/4
f 1735/5/4 1736/5/4 1976/5/4 1975/5/4
f 1736/5/4 1737/5/4 1977/5/4 1976/5/4
f 1731/11/2 1971/11/2 1978/11/2 1738/11/2
f 1741/5/2 1979/5/2 1980/5/2 1742/5/2
f 1739/5/1 1740/5/1 1981/5/1 1982/5/1
f 1739/5/3 1982/5/3 1979/5/3 1741/5/3
f 1751/5/1 1752/5/1 1983/5/1 1984/5/1
f 1751/5/3 1984/5/3 1985/5/3 1753/5/3
f 1752/5/4 1762/5/4 1986/5/4 1983/5/4
f 1754/5/2 1987/5/2 1988/5/2 1755/5/2
f 1753/5/3 1985/5/3 1987/5/3 1754/5/3
f 1732/1/2 1972/1/2 1989/1/2 1756/1/2
f 1733/1/1 1757/1/1 1990/1/1 1973/1/1
f 1737/11/1 1991/11/1 1992/11/1 1977/11/1
f 1737/11/5 1738/11/5 1759/11/5 1991/11/5
f 1738/11/3 1978/11/3 1981/11/3 1740/11/3
f 1740/8/5 1742/8/5 1993/8/5 1758/8/5
f 1742/8/3 1980/8/3 1994/8/3 1746/8/3
f 1742/8/5 1746/8/5 1995/8/5 1993/8/5
f 1746/8/3 1994/8/3 1996/8/3 1750/8/3
f 1746/8/5 1750/8/5 1997/8/5 1995/8/5
f 1752/8/2 1983/8/2 1998/8/2 1760/8/2
f 1750/8/3 1996/8/3 1983/8/3 1752/8/3
f 1750/8/5 1752/8/5 1760/8/5 1997/8/5
f 1755/5/2 1988/5/2 1999/5/2 1763/5/2
f 1762/5/1 1761/5/1 2000/5/1 1986/5/1
f 1756/1/2 1989/1/2 2001/1/2 1764/1/2
f 1757/1/1 1765/1/1 2002/1/1 1990/1/1
f 1991/11/1 2003/11/1 2004/11/1 1992/11/1
f 2003/11/4 1767/11/4 2005/11/4 2004/11/4
f 1991/11/5 1759/11/5 1767/11/5 2003/11/5
f 1767/11/4 1766/11/4 2006/11/4 2005/11/4
f 1758/7/5 1993/7/5 2007/7/5 1766/7/5
f 1993/7/5 1995/7/5 2008/7/5 2007/7/5
f 1995/7/5 1997/7/5 2009/7/5 2008/7/5
f 1760/7/2 1998/7/2 2010/7/2 1768/7/2
f 1997/7/5 1760/7/5 1768/7/5 2009/7/5
f 1761/5/1 1769/5/1 2011/5/1 2000/5/1
f 1763/9/3 1999/9/3 2012/9/3 1770/9/3
f 1773/9/4 1772/9/4 2013/9/4 2014/9/4
f 1999/9/6 2014/9/6 2013/9/6 2012/9/6
f 1770/9/3 2012/9/3 2015/9/3 1774/9/3
f 2012/9/6 2013/9/6 2016/9/6 2015/9/6
f 1777/9/2 2017/9/2 2018/9/2 1778/9/2
f 1774/9/3 2015/9/3 2017/9/3 1777/9/3
f 1779/9/4 1778/9/4 2018/9/4 2016/9/4
f 2015/9/6 2016/9/6 2018/9/6 2017/9/6
f 1764/1/2 2001/1/2 2019/1/2 1780/1/2
f 1765/1/1 1781/1/1 2020/1/1 2002/1/1
f 1766/7/1 1782/7/1 2021/7/1 2006/7/1
f 1766/7/5 2007/7/5 2022/7/5 1782/7/5
f 2007/7/5 2008/7/5 2023/7/5 2022/7/5
f 2008/7/5 2009/7/5 2024/7/5 2023/7/5
f 1768/7/2 2010/7/2 2025/7/2 1784/7/2
f 2009/7/5 1768/7/5 1784/7/5 2024/7/5
f 1773/5/2 2014/5/2 2026/5/2 1786/5/2
f 1769/5/1 1785/5/1 2027/5/1 2011/5/1
f 1779/10/2 2016/10/2 2028/10/2 1787/10/2
f 1772/10/1 1788/10/1 2029/10/1 2013/10/1
f 1780/1/2 2019/1/2 2030/1/2 1789/1/2
f 1781/1/1 1790/1/1 2031/1/1 2020/1/1
f 1782/7/1 1791/7/1 2032/7/1 2021/7/1
f 1782/7/5 2022/7/5 1802/7/5 1791/7/5
f 2022/7/5 2023/7/5 1804/7/5 1802/7/5
f 2023/7/5 2024/7/5 1806/7/5 1804/7/5
f 1784/7/2 2025/7/2 2033/7/2 1793/7/2
f 2024/7/5 1784/7/5 1793/7/5 1806/7/5
f 1786/5/2 2026/5/2 2034/5/2 1795/5/2
f 1785/5/1 1794/5/1 2035/5/1 2027/5/1
f 1787/10/2 2028/10/2 2036/10/2 1796/10/2
f 1788/10/1 1797/10/1 2037/10/1 2029/10/1
f 1789/1/2 2030/1/2 2038/1/2 1798/1/2
f 1790/1/1 1799/1/1 2039/1/1 2031/1/1
f 1791/7/1 1801/7/1 2040/7/1 2032/7/1
f 1801/7/4 1803/7/4 2041/7/4 2040/7/4
f 1803/7/4 1805/7/4 2042/7/4 2041/7/4
f 1805/7/4 1807/7/4 2043/7/4 2042/7/4
f 1793/7/2 2033/7/2 2044/7/2 1808/7/2
f 1807/7/4 1808/7/4 2044/7/4 2043/7/4
f 1794/5/1 1809/5/1 2045/5/1 2035/5/1
f 1795/9/3 2034/9/3 2037/9/3 1797/9/3
f 1812/9/4 1811/9/4 2046/9/4 2047/9/4
f 1811/9/4 1814/9/4 2048/9/4 2046/9/4
f 2037/9/6 2046/9/6 2048/9/6 2036/9/6
f 1815/9/2 2049/9/2 2050/9/2 1816/9/2
f 1796/9/3 2036/9/3 2049/9/3 1815/9/3
f 1814/9/4 1816/9/4 2050/9/4 2048/9/4
f 2036/9/6 2048/9/6 2050/9/6 2049/9/6
f 1798/1/2 2038/1/2 2051/1/2 1818/1/2
f 1799/1/1 1819/1/1 2052/1/1 2039/1/1
f 1812/5/2 2047/5/2 2053/5/2 1820/5/2
f 1809/5/1 1821/5/1 2054/5/1 2045/5/1
f 1818/1/2 2051/1/2 2055/1/2 1822/1/2
f 1819/1/1 1823/1/1 2056/1/1 2052/1/1
f 1820/5/2 2053/5/2 2057/5/2 1824/5/2
f 1821/5/1 1825/5/1 2058/5/1 2054/5/1
f 1822/1/2 2055/1/2 2059/1/2 1826/1/2
f 1823/1/1 1827/1/1 2060/1/1 2056/1/1
f 1824/5/2 2057/5/2 2061/5/2 1828/5/2
f 1825/5/1 1829/5/1 2062/5/1 2058/5/1
f 1826/1/2 2059/1/2 2063/1/2 1830/1/2
f 1827/1/1 1831/1/1 2064/1/1 2060/1/1
f 1828/5/2 2061/5/2 2065/5/2 1832/5/2
f 1829/5/1 1833/5/1 2066/5/1 2062/5/1
f 1830/1/2 2063/1/2 2067/1/2 1834/1/2
f 1831/1/1 1835/1/1 2068/1/1 2064/1/1
f 1832/5/2 2065/5/2 2069/5/2 1836/5/2
f 1833/5/1 1837/5/1 2070/5/1 2066/5/1
f 1834/1/2 2067/1/2 2071/1/2 1838/1/2
f 1835/1/1 1839/1/1 2072/1/1 2068/1/1
f 1836/5/2 2069/5/2 2073/5/2 1840/5/2
f 1837/5/1 1841/5/1 2074/5/1 2070/5/1
f 1838/1/2 2071/1/2 2075/1/2 1842/1/2
f 1839/1/1 1843/1/1 2076/1/1 2072/1/1
f 1840/5/2 2073/5/2 2077/5/2 1844/5/2
f 1841/5/1 1845/5/1 2078/5/1 2074/5/1
f 1842/1/2 2075/1/2 2079/1/2 1846/1/2
f 1843/1/1 1847/1/1 2080/1/1 2076/1/1
f 1844/5/2 2077/5/2 2081/5/2 1848/5/2
f 1845/5/1 1849/5/1 2082/5/1 2078/5/1
f 1846/1/2 2079/1/2 2083/1/2 1850/1/2
f 1847/1/1 1851/1/1 2084/1/1 2080/1/1
f 1848/5/2 2081/5/2 2085/5/2 1852/5/2
f 1849/5/1 1853/5/1 2086/5/1 2082/5/1
f 1850/1/2 2083/1/2 2087/1/2 1854/1/2
f 1851/1/1 1855/1/1 2088/1/1 2084/1/1
f 1852/5/2 2085/5/2 2089/5/2 1856/5/2
f 1853/5/1 1857/5/1 2090/5/1 2086/5/1
f 1854/1/2 2087/1/2 2091/1/2 1858/1/2
f 1855/1/1 1859/1/1 2092/1/1 2088/1/1
f 1856/5/2 2089/5/2 2093/5/2 1860/5/2
f 1857/5/1 1861/5/1 2094/5/1 2090/5/1
f 1858/1/2 2091/1/2 2095/1/2 1862/1/2
f 1859/1/1 1863/1/1 2096/1/1 2092/1/1
f 1860/5/2 2093/5/2 2097/5/2 1864/5/2
f 1861/5/1 1865/5/1 2098/5/1 2094/5/1
f 1862/1/2 2095/1/2 2099/1/2 1866/1/2
f 1863/1/1 1867/1/1 2100/1/1 2096/1/1
f 1864/5/2 2097/5/2 2101/5/2 1868/5/2
f 1865/5/1 1869/5/1 2102/5/1 2098/5/1
f 1866/1/2 2099/1/2 2103/1/2 1870/1/2
f 1867/1/1 1871/1/1 2104/1/1 2100/1/1
f 1869/5/1 1873/5/1 2105/5/1 2102/5/1
f 1868/9/3 2101/9/3 2106/9/3 2107/9/3
f 1872/9/4 2108/9/4 2109/9/4 2110/9/4
f 2101/9/6 2110/9/6 2109/9/6 2106/9/6
f 1868/9/5 2107/9/5 2108/9/5 1872/9/5
f 2111/9/2 2112/9/2 2113/9/2 2114/9/2
f 2107/9/3 2106/9/3 2112/9/3 2111/9/3
f 2106/9/6 2109/9/6 2113/9/6 2112/9/6
f 2107/9/5 2111/9/5 2114/9/5 2108/9/5
f 1870/1/2 2103/1/2 2115/1/2 1874/1/2
f 1871/1/1 1875/1/1 2116/1/1 2104/1/1
f 1875/1/4 1874/1/4 2115/1/4 2116/1/4
f 1872/5/2 2110/5/2 2117/5/2 1876/5/2
f 1873/5/1 1877/5/1 2118/5/1 2105/5/1
f 1877/5/4 1876/5/4 2117/5/4 2118/5/4
f 2114/9/2 2113/9/2 2119/9/2 2120/9/2
f 2108/9/1 2121/9/1 2122/9/1 2109/9/1
f 2109/9/6 2122/9/6 2119/9/6 2113/9/6
f 2108/9/5 2114/9/5 2120/9/5 2121/9/5
f 1878/1/2 2123/1/2 2124/1/2 1879/1/2
f 1874/1/1 1880/1/1 2125/1/1 2115/1/1
f 1874/1/3 2115/1/3 2123/1/3 1878/1/3
f 1880/1/4 1879/1/4 2124/1/4 2125/1/4
f 1882/5/1 1881/5/1 2126/5/1 2127/5/1
f 1882/5/3 2127/5/3 2128/5/3 1883/5/3
f 1883/5/3 2128/5/3 2129/5/3 1884/5/3
f 1886/5/4 1885/5/4 2130/5/4 2131/5/4
f 1884/5/3 2129/5/3 2132/5/3 1887/5/3
f 1885/5/4 1888/5/4 2133/5/4 2130/5/4
f 1887/5/3 2132/5/3 2134/5/3 1889/5/3
f 1888/5/4 1890/5/4 2135/5/4 2133/5/4
f 1889/5/3 2134/5/3 2136/5/3 1891/5/3
f 1890/5/4 1892/5/4 2137/5/4 2135/5/4
f 1891/5/3 2136/5/3 2138/5/3 1893/5/3
f 1892/5/4 1894/5/4 2139/5/4 2137/5/4
f 1893/5/3 2138/5/3 2140/5/3 1895/5/3
f 1894/5/4 1896/5/4 2141/5/4 2139/5/4
f 1895/5/3 2140/5/3 2142/5/3 1897/5/3
f 1896/5/4 1898/5/4 2143/5/4 2141/5/4
f 1897/5/3 2142/5/3 2144/5/3 1899/5/3
f 1898/5/4 1900/5/4 2145/5/4 2143/5/4
f 1877/5/2 2118/5/2 2146/5/2 1901/5/2
f 1899/5/3 2144/5/3 2118/5/3 1877/5/3
f 1900/5/4 1901/5/4 2146/5/4 2145/5/4
f 2120/9/2 2119/9/2 2147/9/2 2148/9/2
f 2121/9/1 2149/9/1 2150/9/1 2122/9/1
f 2149/9/4 2148/9/4 2147/9/4 2150/9/4
f 2122/9/6 2150/9/6 2147/9/6 2119/9/6
f 2121/9/5 2120/9/5 2148/9/5 2149/9/5
f 1879/1/1 1902/1/1 2151/1/1 2124/1/1
f 1879/1/3 2124/1/3 2152/1/3 1903/1/3
f 1902/1/4 1904/1/4 2153/1/4 2151/1/4
f 1905/1/2 2154/1/2 2155/1/2 1906/1/2
f 1903/1/3 2152/1/3 2154/1/3 1905/1/3
f 1904/1/4 1906/1/4 2155/1/4 2153/1/4
f 1886/2/2 2131/2/2 2156/2/2 1907/2/2
f 1881/2/1 1908/2/1 2157/2/1 2126/2/1
f 1901/9/1 2158/9/1 2159/9/1 2146/9/1
f 1901/9/3 2146/9/3 2160/9/3 2161/9/3
f 2158/9/4 2162/9/4 2163/9/4 2159/9/4
f 2146/9/6 2159/9/6 2163/9/6 2160/9/6
f 1901/9/5 2161/9/5 2162/9/5 2158/9/5
f 2149/9/2 2150/9/2 2164/9/2 2165/9/2
f 2161/9/3 2160/9/3 2150/9/3 2149/9/3
f 2162/9/4 2165/9/4 2164/9/4 2163/9/4
f 2160/9/6 2163/9/6 2164/9/6 2150/9/6
f 2161/9/5 2149/9/5 2165/9/5 2162/9/5
f 1906/1/1 1909/1/1 2166/1/1 2155/1/1
f 1906/1/3 2155/1/3 2157/1/3 1908/1/3
f 1909/1/4 1910/1/4 2167/1/4 2166/1/4
f 1910/2/4 1911/2/4 2168/2/4 2167/2/4
f 1907/9/3 2156/9/3 2169/9/3 2170/9/3
f 2156/9/6 2168/9/6 2171/9/6 2169/9/6
f 1907/9/5 2170/9/5 1913/9/5 1911/9/5
f 2170/9/3 2169/9/3 2172/9/3 2173/9/3
f 2169/9/6 2171/9/6 2174/9/6 2172/9/6
f 2170/9/5 2173/9/5 1915/9/5 1913/9/5
f 2173/9/3 2172/9/3 2175/9/3 2176/9/3
f 1915/9/4 2177/9/4 2178/9/4 2174/9/4
f 2172/9/6 2174/9/6 2178/9/6 2175/9/6
f 2173/9/5 2176/9/5 2177/9/5 1915/9/5
f 2176/9/3 2175/9/3 2179/9/3 2180/9/3
f 2177/9/4 2181/9/4 2182/9/4 2178/9/4
f 2175/9/6 2178/9/6 2182/9/6 2179/9/6
f 2176/9/5 2180/9/5 2181/9/5 2177/9/5
f 2180/9/3 2179/9/3 2183/9/3 2184/9/3
f 2181/9/4 2185/9/4 2186/9/4 2182/9/4
f 2179/9/6 2182/9/6 2186/9/6 2183/9/6
f 2180/9/5 2184/9/5 2185/9/5 2181/9/5
f 2184/9/3 2183/9/3 2187/9/3 2188/9/3
f 2185/9/4 2189/9/4 2190/9/4 2186/9/4
f 2183/9/6 2186/9/6 2190/9/6 2187/9/6
f 2184/9/5 2188/9/5 2189/9/5 2185/9/5
f 2188/9/3 2187/9/3 2191/9/3 2192/9/3
f 2189/9/4 2193/9/4 2194/9/4 2190/9/4
f 2187/9/6 2190/9/6 2194/9/6 2191/9/6
f 2188/9/5 2192/9/5 2193/9/5 2189/9/5
f 2192/9/3 2191/9/3 2195/9/3 2196/9/3
f 2193/9/4 2197/9/4 2198/9/4 2194/9/4
f 2191/9/6 2194/9/6 2198/9/6 2195/9/6
f 2192/9/5 2196/9/5 2197/9/5 2193/9/5
f 2158/9/2 2159/9/2 2199/9/2 2200/9/2
f 2196/9/3 2195/9/3 2159/9/3 2158/9/3
f 2197/9/4 2200/9/4 2199/9/4 2198/9/4
f 2195/9/6 2198/9/6 2199/9/6 2159/9/6
f 2196/9/5 2158/9/5 2200/9/5 2197/9/5
f 1911/1/1 1912/1/1 2201/1/1 2168/1/1
f 1912/1/4 1914/1/4 2202/1/4 2201/1/4
f 1915/1/2 2174/1/2 2203/1/2 1916/1/2
f 1914/1/4 1916/1/4 2203/1/4 2202/1/4
f 1919/1/1 1918/1/1 2204/1/1 2205/1/1
f 1919/1/3 2205/1/3 2206/1/3 1920/1/3
f 2205/1/6 2204/1/6 2207/1/6 2206/1/6
f 1923/1/2 2208/1/2 2209/1/2 1924/1/2
f 1920/1/3 2206/1/3 2208/1/3 1923/1/3
f 1925/1/4 1924/1/4 2209/1/4 2207/1/4
f 2206/1/6 2207/1/6 2209/1/6 2208/1/6
f 1928/1/1 1927/1/1 2210/1/1 2211/1/1
f 1928/1/3 2211/1/3 2212/1/3 1929/1/3
f 1927/1/4 1931/1/4 2213/1/4 2210/1/4
f 2211/1/6 2210/1/6 2213/1/6 2212/1/6
f 1929/2/3 2212/2/3 2204/2/3 1918/2/3
f 2212/2/6 2213/2/6 2214/2/6 2204/2/6
f 1925/2/2 2207/2/2 2215/2/2 1932/2/2
f 1933/2/4 1932/2/4 2215/2/4 2214/2/4
f 1936/1/1 1935/1/1 2216/1/1 2217/1/1
f 1936/1/3 2217/1/3 2218/1/3 1937/1/3
f 2217/1/6 2216/1/6 2219/1/6 2218/1/6
f 1927/1/2 2210/1/2 2220/1/2 1939/1/2
f 1937/1/3 2218/1/3 2210/1/3 1927/1/3
f 1940/1/4 1939/1/4 2220/1/4 2219/1/4
f 2218/1/6 2219/1/6 2220/1/6 2210/1/6
f 1933/2/2 2214/2/2 2221/2/2 1941/2/2
f 1931/2/1 1942/2/1 2222/2/1 2213/2/1
f 1945/1/1 1944/1/1 2223/1/1 2224/1/1
f 1945/1/3 2224/1/3 2216/1/3 1935/1/3
f 2224/1/6 2223/1/6 2225/1/6 2216/1/6
f 1940/1/2 2219/1/2 2226/1/2 1946/1/2
f 1947/1/4 1946/1/4 2226/1/4 2225/1/4
f 1941/2/2 2221/2/2 2227/2/2 1948/2/2
f 1942/2/1 1949/2/1 2228/2/1 2222/2/1
f 1949/2/4 1948/2/4 2227/2/4 2228/2/4
f 1953/1/1 1952/1/1 2229/1/1 2230/1/1
f 1953/1/3 2230/1/3 2223/1/3 1944/1/3
f 2230/1/6 2229/1/6 2231/1/6 2223/1/6
f 1947/1/2 2225/1/2 2232/1/2 1954/1/2
f 1955/1/4 1954/1/4 2232/1/4 2231/1/4
f 1948/3/1 1956/3/1 2233/3/1 2227/3/1
f 1948/3/3 2227/3/3 2234/3/3 1957/3/3
f 1957/6/3 2234/6/3 2235/6/3 1958/6/3
f 1958/3/3 2235/3/3 2236/3/3 1959/3/3
f 1960/3/2 2237/3/2 2238/3/2 1961/3/2
f 1959/3/3 2236/3/3 2237/3/3 1960/3/3
f 1962/3/4 1961/3/4 2238/3/4 2239/3/4
f 1955/1/2 2231/1/2 2240/1/2 1963/1/2
f 1952/1/1 1964/1/1 2241/1/1 2229/1/1
f 2229/1/6 2241/1/6 2240/1/6 2231/1/6
f 1966/5/1 1965/5/1 2242/5/1 2243/5/1
f 1966/5/3 2243/5/3 2233/5/3 1956/5/3
f 1962/3/2 2239/3/2 2244/3/2 1967/3/2
f 1963/1/2 2240/1/2 2245/1/2 1968/1/2
f 1964/1/1 1969/1/1 2246/1/1 2241/1/1
f 1965/5/1 1970/5/1 2247/5/1 2242/5/1
f 1967/3/2 2244/3/2 2248/3/2 1971/3/2
f 1968/1/2 2245/1/2 2249/1/2 1972/1/2
f 1969/1/1 1973/1/1 2250/1/1 2246/1/1
f 1970/5/1 1974/5/1 2251/5/1 2247/5/1
f 1974/5/4 1975/5/4 2252/5/4 2251/5/4
f 1975/5/4 1976/5/4 2253/5/4 2252/5/4
f 1976/5/4 1977/5/4 2254/5/4 2253/5/4
f 1971/11/2 2248/11/2 2255/11/2 1978/11/2
f 1979/5/2 2256/5/2 2257/5/2 1980/5/2
f 1982/5/1 1981/5/1 2258/5/1 2259/5/1
f 1982/5/3 2259/5/3 2256/5/3 1979/5/3
f 1984/5/1 1983/5/1 2260/5/1 2261/5/1
f 1984/5/3 2261/5/3 2262/5/3 1985/5/3
f 1983/5/4 1986/5/4 2263/5/4 2260/5/4
f 1987/5/2 2264/5/2 2265/5/2 1988/5/2
f 1985/5/3 2262/5/3 2264/5/3 1987/5/3
f 1972/1/2 2249/1/2 2266/1/2 1989/1/2
f 1973/1/1 1990/1/1 2267/1/1 2250/1/1
f 1977/11/1 1992/11/1 2268/11/1 2254/11/1
f 2254/11/6 2268/11/6 2269/11/6 2255/11/6
f 1978/11/3 2255/11/3 2258/11/3 1981/11/3
f 2258/8/6 2270/8/6 2271/8/6 2257/8/6
f 1980/8/3 2257/8/3 2272/8/3 1994/8/3
f 2257/8/6 2271/8/6 2273/8/6 2272/8/6
f 1994/8/3 2272/8/3 2274/8/3 1996/8/3
f 2272/8/6 2273/8/6 2275/8/6 2274/8/6
f 1983/8/2 2260/8/2 2276/8/2 1998/8/2
f 1996/8/3 2274/8/3 2260/8/3 1983/8/3
f 2274/8/6 2275/8/6 2276/8/6 2260/8/6
f 1988/5/2 2265/5/2 2277/5/2 1999/5/2
f 1986/5/1 2000/5/1 2278/5/1 2263/5/1
f 1989/1/2 2266/1/2 2279/1/2 2001/1/2
f 1990/1/1 2002/1/1 2280/1/1 2267/1/1
f 1992/11/1 2004/11/1 2281/11/1 2268/11/1
f 2004/11/4 2005/11/4 2282/11/4 2281/11/4
f 2268/11/6 2281/11/6 2282/11/6 2269/11/6
f 2005/11/4 2006/11/4 2283/11/4 2282/11/4
f 2270/7/6 2283/7/6 2284/7/6 2271/7/6
f 2271/7/6 2284/7/6 2285/7/6 2273/7/6
f 2273/7/6 2285/7/6 2286/7/6 2275/7/6
f 1998/7/2 2276/7/2 2287/7/2 2010/7/2
f 2275/7/6 2286/7/6 2287/7/6 2276/7/6
f 1999/5/2 2277/5/2 2288/5/2 2014/5/2
f 2000/5/1 2011/5/1 2289/5/1 2278/5/1
f 2001/1/2 2279/1/2 2290/1/2 2019/1/2
f 2002/1/1 2020/1/1 2291/1/1 2280/1/1
f 2006/7/1 2021/7/1 2292/7/1 2283/7/1
f 2283/7/6 2292/7/6 2293/7/6 2284/7/6
f 2284/7/6 2293/7/6 2294/7/6 2285/7/6
f 2285/7/6 2294/7/6 2295/7/6 2286/7/6
f 2010/7/2 2287/7/2 2296/7/2 2025/7/2
f 2286/7/6 2295/7/6 2296/7/6 2287/7/6
f 2011/5/1 2027/5/1 2297/5/1 2289/5/1
f 2014/9/3 2288/9/3 2298/9/3 2013/9/3
f 2288/9/6 2299/9/6 2300/9/6 2298/9/6
f 2014/9/5 2013/9/5 2029/9/5 2026/9/5
f 2013/9/3 2298/9/3 2301/9/3 2016/9/3
f 2298/9/6 2300/9/6 2302/9/6 2301/9/6
f 2018/9/2 2303/9/2 2304/9/2 2305/9/2
f 2016/9/3 2301/9/3 2303/9/3 2018/9/3
f 2301/9/6 2302/9/6 2304/9/6 2303/9/6
f 2016/9/5 2018/9/5 2305/9/5 2028/9/5
f 2019/1/2 2290/1/2 2306/1/2 2030/1/2
f 2020/1/1 2031/1/1 2307/1/1 2291/1/1
f 2021/7/1 2032/7/1 2308/7/1 2292/7/1
f 2292/7/6 2308/7/6 2309/7/6 2293/7/6
f 2293/7/6 2309/7/6 2310/7/6 2294/7/6
f 2294/7/6 2310/7/6 2311/7/6 2295/7/6
f 2025/7/2 2296/7/2 2312/7/2 2033/7/2
f 2295/7/6 2311/7/6 2312/7/6 2296/7/6
f 2027/5/1 2035/5/1 2313/5/1 2297/5/1
f 2299/9/6 2314/9/6 2315/9/6 2300/9/6
f 2026/9/5 2029/9/5 2037/9/5 2034/9/5
f 2037/9/4 2036/9/4 2316/9/4 2315/9/4
f 2300/9/6 2315/9/6 2316/9/6 2302/9/6
f 2305/9/2 2304/9/2 2317/9/2 2049/9/2
f 2036/9/4 2049/9/4 2317/9/4 2316/9/4
f 2302/9/6 2316/9/6 2317/9/6 2304/9/6
f 2028/9/5 2305/9/5 2049/9/5 2036/9/5
f 2030/1/2 2306/1/2 2318/1/2 2038/1/2
f 2031/1/1 2039/1/1 2319/1/1 2307/1/1
f 2032/7/1 2040/7/1 2320/7/1 2308/7/1
f 2040/7/4 2041/7/4 2321/7/4 2320/7/4
f 2041/7/4 2042/7/4 2322/7/4 2321/7/4
f 2042/7/4 2043/7/4 2323/7/4 2322/7/4
f 2033/7/2 2312/7/2 2324/7/2 2044/7/2
f 2043/7/4 2044/7/4 2324/7/4 2323/7/4
f 2035/5/1 2045/5/1 2325/5/1 2313/5/1
f 2037/9/2 2315/9/2 2326/9/2 2046/9/2
f 2038/1/2 2318/1/2 2327/1/2 2051/1/2
f 2039/1/1 2052/1/1 2328/1/1 2319/1/1
f 2045/5/1 2054/5/1 2329/5/1 2325/5/1
f 2046/9/2 2326/9/2 2330/9/2 2331/9/2
f 2047/9/5 2046/9/5 2331/9/5 2053/9/5
f 2051/1/2 2327/1/2 2332/1/2 2055/1/2
f 2052/1/1 2056/1/1 2333/1/1 2328/1/1
f 2054/5/1 2058/5/1 2334/5/1 2329/5/1
f 2331/9/2 2330/9/2 2335/9/2 2336/9/2
f 2053/9/5 2331/9/5 2336/9/5 2057/9/5
f 2055/1/2 2332/1/2 2337/1/2 2059/1/2
f 2056/1/1 2060/1/1 2338/1/1 2333/1/1
f 2058/5/1 2062/5/1 2339/5/1 2334/5/1
f 2336/9/2 2335/9/2 2340/9/2 2341/9/2
f 2057/9/5 2336/9/5 2341/9/5 2061/9/5
f 2059/1/2 2337/1/2 2342/1/2 2063/1/2
f 2060/1/1 2064/1/1 2343/1/1 2338/1/1
f 2062/5/1 2066/5/1 2344/5/1 2339/5/1
f 2341/9/2 2340/9/2 2345/9/2 2346/9/2
f 2061/9/5 2341/9/5 2346/9/5 2065/9/5
f 2063/1/2 2342/1/2 2347/1/2 2067/1/2
f 2064/1/1 2068/1/1 2348/1/1 2343/1/1
f 2066/5/1 2070/5/1 2349/5/1 2344/5/1
f 2346/9/2 2345/9/2 2350/9/2 2351/9/2
f 2065/9/5 2346/9/5 2351/9/5 2069/9/5
f 2067/1/2 2347/1/2 2352/1/2 2071/1/2
f 2068/1/1 2072/1/1 2353/1/1 2348/1/1
f 2070/5/1 2074/5/1 2354/5/1 2349/5/1
f 2351/9/2 2350/9/2 2355/9/2 2356/9/2
f 2069/9/5 2351/9/5 2356/9/5 2073/9/5
f 2071/1/2 2352/1/2 2357/1/2 2075/1/2
f 2072/1/1 2076/1/1 2358/1/1 2353/1/1
f 2074/5/1 2078/5/1 2359/5/1 2354/5/1
f 2356/9/2 2355/9/2 2360/9/2 2361/9/2
f 2073/9/5 2356/9/5 2361/9/5 2077/9/5
f 2075/1/2 2357/1/2 2362/1/2 2079/1/2
f 2076/1/1 2080/1/1 2363/1/1 2358/1/1
f 2078/5/1 2082/5/1 2364/5/1 2359/5/1
f 2361/9/2 2360/9/2 2365/9/2 2366/9/2
f 2077/9/5 2361/9/5 2366/9/5 2081/9/5
f 2079/1/2 2362/1/2 2367/1/2 2083/1/2
f 2080/1/1 2084/1/1 2368/1/1 2363/1/1
f 2082/5/1 2086/5/1 2369/5/1 2364/5/1
f 2366/9/2 2365/9/2 2370/9/2 2371/9/2
f 2081/9/5 2366/9/5 2371/9/5 2085/9/5
f 2083/1/2 2367/1/2 2372/1/2 2087/1/2
f 2084/1/1 2088/1/1 2373/1/1 2368/1/1
f 2086/5/1 2090/5/1 2374/5/1 2369/5/1
f 2371/9/2 2370/9/2 2375/9/2 2376/9/2
f 2089/9/4 2376/9/4 2375/9/4 2377/9/4
f 2085/9/5 2371/9/5 2376/9/5 2089/9/5
f 2087/1/2 2372/1/2 2378/1/2 2091/1/2
f 2088/1/1 2092/1/1 2379/1/1 2373/1/1
f 2089/5/2 2377/5/2 2380/5/2 2093/5/2
f 2090/5/1 2094/5/1 2381/5/1 2374/5/1
f 2091/1/2 2378/1/2 2382/1/2 2095/1/2
f 2092/1/1 2096/1/1 2383/1/1 2379/1/1
f 2093/5/2 2380/5/2 2384/5/2 2097/5/2
f 2094/5/1 2098/5/1 2385/5/1 2381/5/1
f 2095/1/2 2382/1/2 2386/1/2 2099/1/2
f 2096/1/1 2100/1/1 2387/1/1 2383/1/1
f 2097/5/2 2384/5/2 2388/5/2 2101/5/2
f 2098/5/1 2102/5/1 2389/5/1 2385/5/1
f 2099/1/2 2386/1/2 2390/1/2 2103/1/2
f 2100/1/1 2104/1/1 2391/1/1 2387/1/1
f 2101/5/2 2388/5/2 2392/5/2 2110/5/2
f 2102/5/1 2105/5/1 2393/5/1 2389/5/1
f 2103/1/2 2390/1/2 2394/1/2 2115/1/2
f 2104/1/1 2116/1/1 2395/1/1 2391/1/1
f 2116/1/4 2115/1/4 2394/1/4 2395/1/4
f 2110/5/2 2392/5/2 2396/5/2 2117/5/2
f 2105/5/1 2118/5/1 2397/5/1 2393/5/1
f 2118/5/4 2117/5/4 2396/5/4 2397/5/4
f 2123/1/2 2398/1/2 2399/1/2 2124/1/2
f 2115/1/1 2125/1/1 2400/1/1 2394/1/1
f 2115/1/3 2394/1/3 2398/1/3 2123/1/3
f 2125/1/4 2124/1/4 2399/1/4 2400/1/4
f 2127/5/1 2126/5/1 2401/5/1 2402/5/1
f 2127/5/3 2402/5/3 2403/5/3 2128/5/3
f 2128/5/3 2403/5/3 2404/5/3 2129/5/3
f 2131/5/4 2130/5/4 2405/5/4 2406/5/4
f 2129/5/3 2404/5/3 2407/5/3 2132/5/3
f 2130/5/4 2133/5/4 2408/5/4 2405/5/4
f 2132/5/3 2407/5/3 2409/5/3 2134/5/3
f 2133/5/4 2135/5/4 2410/5/4 2408/5/4
f 2134/5/3 2409/5/3 2411/5/3 2136/5/3
f 2135/5/4 2137/5/4 2412/5/4 2410/5/4
f 2136/5/3 2411/5/3 2413/5/3 2138/5/3
f 2137/5/4 2139/5/4 2414/5/4 2412/5/4
f 2138/5/3 2413/5/3 2415/5/3 2140/5/3
f 2139/5/4 2141/5/4 2416/5/4 2414/5/4
f 2140/5/3 2415/5/3 2417/5/3 2142/5/3
f 2141/5/4 2143/5/4 2418/5/4 2416/5/4
f 2142/5/3 2417/5/3 2419/5/3 2144/5/3
f 2143/5/4 2145/5/4 2420/5/4 2418/5/4
f 2118/5/2 2397/5/2 2421/5/2 2146/5/2
f 2144/5/3 2419/5/3 2397/5/3 2118/5/3
f 2145/5/4 2146/5/4 2421/5/4 2420/5/4
f 2124/1/1 2151/1/1 2422/1/1 2399/1/1
f 2124/1/3 2399/1/3 2423/1/3 2152/1/3
f 2151/1/4 2153/1/4 2424/1/4 2422/1/4
f 2154/1/2 2425/1/2 2426/1/2 2155/1/2
f 2152/1/3 2423/1/3 2425/1/3 2154/1/3
f 2153/1/4 2155/1/4 2426/1/4 2424/1/4
f 2131/2/2 2406/2/2 2427/2/2 2156/2/2
f 2126/2/1 2157/2/1 2428/2/1 2401/2/1
f 2155/1/1 2166/1/1 2429/1/1 2426/1/1
f 2155/1/3 2426/1/3 2428/1/3 2157/1/3
f 2166/1/4 2167/1/4 2430/1/4 2429/1/4
f 2156/2/2 2427/2/2 2431/2/2 2168/2/2
f 2167/2/4 2168/2/4 2431/2/4 2430/2/4
f 2168/1/1 2201/1/1 2432/1/1 2431/1/1
f 2168/1/3 2431/1/3 2433/1/3 2171/1/3
f 2201/1/4 2202/1/4 2434/1/4 2432/1/4
f 2174/1/2 2435/1/2 2436/1/2 2203/1/2
f 2171/1/3 2433/1/3 2435/1/3 2174/1/3
f 2202/1/4 2203/1/4 2436/1/4 2434/1/4
f 2204/1/1 2214/1/1 2437/1/1 2438/1/1
f 2204/1/3 2438/1/3 2439/1/3 2207/1/3
f 2214/1/4 2215/1/4 2440/1/4 2437/1/4
f 2438/1/6 2437/1/6 2440/1/6 2439/1/6
f 2209/1/2 2441/1/2 2442/1/2 2443/1/2
f 2207/1/3 2439/1/3 2441/1/3 2209/1/3
f 2215/1/4 2443/1/4 2442/1/4 2440/1/4
f 2439/1/6 2440/1/6 2442/1/6 2441/1/6
f 2207/1/5 2209/1/5 2443/1/5 2215/1/5
f 2210/1/1 2220/1/1 2444/1/1 2445/1/1
f 2210/1/3 2445/1/3 2446/1/3 2213/1/3
f 2220/1/4 2222/1/4 2447/1/4 2444/1/4
f 2445/1/6 2444/1/6 2447/1/6 2446/1/6
f 2210/1/5 2213/1/5 2222/1/5 2220/1/5
f 2214/2/2 2437/2/2 2448/2/2 2221/2/2
f 2213/2/3 2446/2/3 2437/2/3 2214/2/3
f 2446/2/6 2447/2/6 2448/2/6 2437/2/6
f 2216/1/1 2225/1/1 2449/1/1 2450/1/1
f 2216/1/3 2450/1/3 2451/1/3 2219/1/3
f 2225/1/4 2226/1/4 2452/1/4 2449/1/4
f 2450/1/6 2449/1/6 2452/1/6 2451/1/6
f 2220/1/2 2444/1/2 2453/1/2 2454/1/2
f 2219/1/3 2451/1/3 2444/1/3 2220/1/3
f 2226/1/4 2454/1/4 2453/1/4 2452/1/4
f 2451/1/6 2452/1/6 2453/1/6 2444/1/6
f 2219/1/5 2220/1/5 2454/1/5 2226/1/5
f 2221/2/2 2448/2/2 2455/2/2 2227/2/2
f 2222/2/1 2228/2/1 2456/2/1 2447/2/1
f 2228/2/4 2227/2/4 2455/2/4 2456/2/4
f 2225/1/2 2449/1/2 2457/1/2 2232/1/2
f 2223/1/1 2231/1/1 2458/1/1 2459/1/1
f 2223/1/3 2459/1/3 2449/1/3 2225/1/3
f 2459/1/6 2458/1/6 2457/1/6 2449/1/6
f 2227/6/1 2233/6/1 2460/6/1 2455/6/1
f 2227/6/3 2455/6/3 2461/6/3 2234/6/3
f 2234/3/3 2461/3/3 2462/3/3 2235/3/3
f 2235/6/3 2462/6/3 2463/6/3 2236/6/3
f 2237/3/2 2464/3/2 2465/3/2 2238/3/2
f 2236/3/3 2463/3/3 2464/3/3 2237/3/3
f 2239/3/4 2238/3/4 2465/3/4 2466/3/4
f 2232/1/2 2457/1/2 2467/1/2 2468/1/2
f 2231/1/1 2240/1/1 2469/1/1 2458/1/1
f 2458/1/6 2469/1/6 2467/1/6 2457/1/6
f 2231/1/5 2232/1/5 2468/1/5 2240/1/5
f 2243/5/1 2242/5/1 2470/5/1 2471/5/1
f 2243/5/3 2471/5/3 2460/5/3 2233/5/3
f 2239/3/2 2466/3/2 2472/3/2 2244/3/2
f 2241/1/1 2246/1/1 2473/1/1 2474/1/1
f 2241/1/3 2474/1/3 2469/1/3 2240/1/3
f 2474/1/6 2473/1/6 2475/1/6 2469/1/6
f 2468/1/2 2467/1/2 2476/1/2 2477/1/2
f 2245/1/4 2477/1/4 2476/1/4 2475/1/4
f 2240/1/5 2468/1/5 2477/1/5 2245/1/5
f 2242/5/1 2247/5/1 2478/5/1 2470/5/1
f 2244/3/2 2472/3/2 2479/3/2 2248/3/2
f 2245/1/2 2475/1/2 2480/1/2 2249/1/2
f 2246/1/1 2250/1/1 2481/1/1 2473/1/1
f 2247/5/1 2251/5/1 2482/5/1 2478/5/1
f 2251/5/4 2252/5/4 2483/5/4 2482/5/4
f 2252/5/4 2253/5/4 2484/5/4 2483/5/4
f 2253/5/4 2254/5/4 2485/5/4 2484/5/4
f 2254/5/4 2255/5/4 2486/5/4 2485/5/4
f 2248/8/3 2479/8/3 2487/8/3 2259/8/3
f 2248/8/5 2259/8/5 2258/8/5 2255/8/5
f 2259/5/3 2487/5/3 2488/5/3 2256/5/3
f 2258/5/4 2257/5/4 2489/5/4 2490/5/4
f 2256/5/3 2488/5/3 2491/5/3 2492/5/3
f 2257/5/4 2272/5/4 2493/5/4 2489/5/4
f 2488/5/6 2489/5/6 2493/5/6 2491/5/6
f 2256/5/5 2492/5/5 2272/5/5 2257/5/5
f 2492/5/3 2491/5/3 2494/5/3 2495/5/3
f 2272/5/4 2274/5/4 2496/5/4 2493/5/4
f 2491/5/6 2493/5/6 2496/5/6 2494/5/6
f 2492/5/5 2495/5/5 2274/5/5 2272/5/5
f 2495/5/3 2494/5/3 2497/5/3 2261/5/3
f 2274/5/4 2260/5/4 2498/5/4 2496/5/4
f 2494/5/6 2496/5/6 2498/5/6 2497/5/6
f 2495/5/5 2261/5/5 2260/5/5 2274/5/5
f 2261/5/3 2497/5/3 2499/5/3 2262/5/3
f 2264/5/2 2500/5/2 2501/5/2 2265/5/2
f 2262/5/3 2499/5/3 2500/5/3 2264/5/3
f 2249/1/2 2480/1/2 2502/1/2 2266/1/2
f 2250/1/1 2267/1/1 2503/1/1 2481/1/1
f 2258/7/2 2490/7/2 2504/7/2 2270/7/2
f 2255/7/1 2269/7/1 2505/7/1 2486/7/1
f 2260/7/1 2276/7/1 2506/7/1 2498/7/1
f 2260/7/5 2263/7/5 2278/7/5 2276/7/5
f 2265/5/2 2501/5/2 2507/5/2 2277/5/2
f 2266/1/2 2502/1/2 2508/1/2 2279/1/2
f 2267/1/1 2280/1/1 2509/1/1 2503/1/1
f 2270/7/2 2504/7/2 2510/7/2 2283/7/2
f 2269/7/1 2282/7/1 2511/7/1 2505/7/1
f 2276/7/1 2287/7/1 2512/7/1 2506/7/1
f 2276/7/5 2278/7/5 2289/7/5 2287/7/5
f 2277/5/2 2507/5/2 2513/5/2 2288/5/2
f 2279/1/2 2508/1/2 2514/1/2 2290/1/2
f 2280/1/1 2291/1/1 2515/1/1 2509/1/1
f 2283/7/2 2510/7/2 2516/7/2 2292/7/2
f 2282/7/1 2517/7/1 2518/7/1 2511/7/1
f 2282/7/5 2283/7/5 2292/7/5 2517/7/5
f 2287/7/1 2296/7/1 2519/7/1 2512/7/1
f 2287/7/5 2289/7/5 2297/7/5 2296/7/5
f 2288/5/2 2513/5/2 2520/5/2 2299/5/2
f 2290/1/2 2514/1/2 2521/1/2 2306/1/2
f 2291/1/1 2307/1/1 2522/1/1 2515/1/1
f 2292/7/2 2516/7/2 2523/7/2 2308/7/2
f 2517/7/1 2524/7/1 2525/7/1 2518/7/1
f 2517/7/5 2292/7/5 2308/7/5 2524/7/5
f 2296/7/1 2312/7/1 2526/7/1 2519/7/1
f 2312/7/4 2313/7/4 2527/7/4 2526/7/4
f 2296/7/5 2297/7/5 2313/7/5 2312/7/5
f 2299/5/2 2520/5/2 2528/5/2 2314/5/2
f 2306/1/2 2521/1/2 2529/1/2 2318/1/2
f 2307/1/1 2319/1/1 2530/1/1 2522/1/1
f 2524/7/1 2531/7/1 2532/7/1 2525/7/1
f 2531/7/4 2320/7/4 2533/7/4 2532/7/4
f 2524/7/5 2308/7/5 2320/7/5 2531/7/5
f 2308/7/3 2523/7/3 2534/7/3 2309/7/3
f 2320/7/4 2321/7/4 2535/7/4 2533/7/4
f 2309/7/3 2534/7/3 2536/7/3 2310/7/3
f 2321/7/4 2322/7/4 2537/7/4 2535/7/4
f 2310/7/3 2536/7/3 2538/7/3 2311/7/3
f 2322/7/4 2323/7/4 2539/7/4 2537/7/4
f 2312/7/2 2526/7/2 2540/7/2 2324/7/2
f 2311/7/3 2538/7/3 2526/7/3 2312/7/3
f 2323/7/4 2324/7/4 2540/7/4 2539/7/4
f 2313/5/1 2325/5/1 2541/5/1 2527/5/1
f 2315/9/2 2542/9/2 2543/9/2 2326/9/2
f 2314/9/3 2528/9/3 2542/9/3 2315/9/3
f 2528/9/6 2544/9/6 2543/9/6 2542/9/6
f 2318/1/2 2529/1/2 2545/1/2 2327/1/2
f 2319/1/1 2328/1/1 2546/1/1 2530/1/1
f 2325/5/1 2329/5/1 2547/5/1 2541/5/1
f 2326/9/2 2543/9/2 2548/9/2 2330/9/2
f 2544/9/6 2549/9/6 2548/9/6 2543/9/6
f 2327/1/2 2545/1/2 2550/1/2 2332/1/2
f 2328/1/1 2333/1/1 2551/1/1 2546/1/1
f 2329/5/1 2334/5/1 2552/5/1 2547/5/1
f 2330/9/2 2548/9/2 2553/9/2 2335/9/2
f 2549/9/6 2554/9/6 2553/9/6 2548/9/6
f 2332/1/2 2550/1/2 2555/1/2 2337/1/2
f 2333/1/1 2338/1/1 2556/1/1 2551/1/1
f 2334/5/1 2339/5/1 2557/5/1 2552/5/1
f 2335/9/2 2553/9/2 2558/9/2 2340/9/2
f 2554/9/6 2559/9/6 2558/9/6 2553/9/6
f 2337/1/2 2555/1/2 2560/1/2 2342/1/2
f 2338/1/1 2343/1/1 2561/1/1 2556/1/1
f 2339/5/1 2344/5/1 2562/5/1 2557/5/1
f 2340/9/2 2558/9/2 2563/9/2 2345/9/2
f 2559/9/6 2564/9/6 2563/9/6 2558/9/6
f 2342/1/2 2560/1/2 2565/1/2 2347/1/2
f 2343/1/1 2348/1/1 2566/1/1 2561/1/1
f 2344/5/1 2349/5/1 2567/5/1 2562/5/1
f 2345/9/2 2563/9/2 2568/9/2 2350/9/2
f 2564/9/6 2569/9/6 2568/9/6 2563/9/6
f 2347/1/2 2565/1/2 2570/1/2 2352/1/2
f 2348/1/1 2353/1/1 2571/1/1 2566/1/1
f 2349/5/1 2354/5/1 2572/5/1 2567/5/1
f 2350/9/2 2568/9/2 2573/9/2 2355/9/2
f 2569/9/6 2574/9/6 2573/9/6 2568/9/6
f 2352/1/2 2570/1/2 2575/1/2 2357/1/2
f 2353/1/1 2358/1/1 2576/1/1 2571/1/1
f 2354/5/1 2359/5/1 2577/5/1 2572/5/1
f 2355/9/2 2573/9/2 2578/9/2 2360/9/2
f 2574/9/6 2579/9/6 2578/9/6 2573/9/6
f 2357/1/2 2575/1/2 2580/1/2 2362/1/2
f 2358/1/1 2363/1/1 2581/1/1 2576/1/1
f 2359/5/1 2364/5/1 2582/5/1 2577/5/1
f 2360/9/2 2578/9/2 2583/9/2 2365/9/2
f 2579/9/6 2584/9/6 2583/9/6 2578/9/6
f 2362/1/2 2580/1/2 2585/1/2 2367/1/2
f 2363/1/1 2368/1/1 2586/1/1 2581/1/1
f 2364/5/1 2369/5/1 2587/5/1 2582/5/1
f 2365/9/2 2583/9/2 2588/9/2 2370/9/2
f 2584/9/6 2589/9/6 2588/9/6 2583/9/6
f 2367/1/2 2585/1/2 2590/1/2 2372/1/2
f 2368/1/1 2373/1/1 2591/1/1 2586/1/1
f 2369/5/1 2374/5/1 2592/5/1 2587/5/1
f 2370/9/2 2588/9/2 2593/9/2 2375/9/2
f 2377/9/4 2375/9/4 2593/9/4 2594/9/4
f 2589/9/6 2594/9/6 2593/9/6 2588/9/6
f 2372/1/2 2590/1/2 2595/1/2 2378/1/2
f 2373/1/1 2379/1/1 2596/1/1 2591/1/1
f 2377/5/2 2594/5/2 2597/5/2 2380/5/2
f 2374/5/1 2381/5/1 2598/5/1 2592/5/1
f 2378/1/2 2595/1/2 2599/1/2 2382/1/2
f 2379/1/1 2383/1/1 2600/1/1 2596/1/1
f 2380/5/2 2597/5/2 2601/5/2 2384/5/2
f 2381/5/1 2385/5/1 2602/5/1 2598/5/1
f 2382/1/2 2599/1/2 2603/1/2 2386/1/2
f 2383/1/1 2387/1/1 2604/1/1 2600/1/1
f 2384/5/2 2601/5/2 2605/5/2 2388/5/2
f 2385/5/1 2389/5/1 2606/5/1 2602/5/1
f 2386/1/2 2603/1/2 2607/1/2 2390/1/2
f 2387/1/1 2391/1/1 2608/1/1 2604/1/1
f 2388/5/2 2605/5/2 2609/5/2 2392/5/2
f 2389/5/1 2393/5/1 2610/5/1 2606/5/1
f 2390/1/2 2607/1/2 2611/1/2 2394/1/2
f 2391/1/1 2395/1/1 2612/1/1 2608/1/1
f 2395/1/4 2394/1/4 2611/1/4 2612/1/4
f 2392/5/2 2609/5/2 2613/5/2 2396/5/2
f 2393/5/1 2397/5/1 2614/5/1 2610/5/1
f 2397/5/4 2396/5/4 2613/5/4 2614/5/4
f 2398/1/2 2615/1/2 2616/1/2 2399/1/2
f 2394/1/1 2400/1/1 2617/1/1 2611/1/1
f 2394/1/3 2611/1/3 2615/1/3 2398/1/3
f 2400/1/4 2399/1/4 2616/1/4 2617/1/4
f 2402/5/1 2401/5/1 2618/5/1 2619/5/1
f 2402/5/3 2619/5/3 2620/5/3 2403/5/3
f 2403/5/3 2620/5/3 2621/5/3 2404/5/3
f 2406/5/4 2405/5/4 2622/5/4 2623/5/4
f 2404/5/3 2621/5/3 2624/5/3 2407/5/3
f 2405/5/4 2408/5/4 2625/5/4 2622/5/4
f 2407/5/3 2624/5/3 2626/5/3 2409/5/3
f 2409/5/3 2626/5/3 2627/5/3 2411/5/3
f 2411/5/3 2627/5/3 2628/5/3 2413/5/3
f 2413/5/3 2628/5/3 2629/5/3 2415/5/3
f 2415/5/3 2629/5/3 2630/5/3 2417/5/3
f 2417/5/3 2630/5/3 2631/5/3 2419/5/3
f 2418/5/4 2420/5/4 2632/5/4 2633/5/4
f 2397/5/2 2614/5/2 2634/5/2 2421/5/2
f 2419/5/3 2631/5/3 2614/5/3 2397/5/3
f 2420/5/4 2421/5/4 2634/5/4 2632/5/4
f 2399/1/1 2422/1/1 2635/1/1 2616/1/1
f 2399/1/3 2616/1/3 2636/1/3 2423/1/3
f 2422/1/4 2424/1/4 2637/1/4 2635/1/4
f 2425/1/2 2638/1/2 2639/1/2 2426/1/2
f 2423/1/3 2636/1/3 2638/1/3 2425/1/3
f 2424/1/4 2426/1/4 2639/1/4 2637/1/4
f 2406/2/2 2623/2/2 2640/2/2 2427/2/2
f 2401/2/1 2428/2/1 2641/2/1 2618/2/1
f 2408/9/1 2642/9/1 2643/9/1 2625/9/1
f 2642/9/4 2644/9/4 2645/9/4 2643/9/4
f 2408/9/5 2410/9/5 2644/9/5 2642/9/5
f 2644/9/4 2646/9/4 2647/9/4 2645/9/4
f 2410/9/5 2412/9/5 2646/9/5 2644/9/5
f 2646/9/4 2648/9/4 2649/9/4 2647/9/4
f 2412/9/5 2414/9/5 2648/9/5 2646/9/5
f 2648/9/4 2650/9/4 2651/9/4 2649/9/4
f 2414/9/5 2416/9/5 2650/9/5 2648/9/5
f 2418/9/2 2633/9/2 2652/9/2 2653/9/2
f 2650/9/4 2653/9/4 2652/9/4 2651/9/4
f 2416/9/5 2418/9/5 2653/9/5 2650/9/5
f 2426/1/1 2429/1/1 2654/1/1 2639/1/1
f 2426/1/3 2639/1/3 2641/1/3 2428/1/3
f 2429/1/4 2430/1/4 2655/1/4 2654/1/4
f 2427/2/2 2640/2/2 2656/2/2 2431/2/2
f 2430/2/4 2431/2/4 2656/2/4 2655/2/4
f 2431/1/1 2432/1/1 2657/1/1 2656/1/1
f 2431/1/3 2656/1/3 2658/1/3 2433/1/3
f 2432/1/4 2434/1/4 2659/1/4 2657/1/4
f 2435/1/2 2660/1/2 2661/1/2 2436/1/2
f 2433/1/3 2658/1/3 2660/1/3 2435/1/3
f 2434/1/4 2436/1/4 2661/1/4 2659/1/4
f 2437/1/1 2448/1/1 2662/1/1 2663/1/1
f 2437/1/3 2663/1/3 2664/1/3 2440/1/3
f 2448/1/4 2665/1/4 2666/1/4 2662/1/4
f 2663/1/6 2662/1/6 2666/1/6 2664/1/6
f 2437/1/5 2440/1/5 2665/1/5 2448/1/5
f 2442/1/2 2667/1/2 2668/1/2 2669/1/2
f 2440/1/3 2664/1/3 2667/1/3 2442/1/3
f 2665/1/4 2669/1/4 2668/1/4 2666/1/4
f 2664/1/6 2666/1/6 2668/1/6 2667/1/6
f 2440/1/5 2442/1/5 2669/1/5 2665/1/5
f 2444/1/1 2453/1/1 2670/1/1 2671/1/1
f 2444/1/3 2671/1/3 2672/1/3 2447/1/3
f 2453/1/4 2456/1/4 2673/1/4 2670/1/4
f 2671/1/6 2670/1/6 2673/1/6 2672/1/6
f 2444/1/5 2447/1/5 2456/1/5 2453/1/5
f 2448/2/2 2662/2/2 2674/2/2 2455/2/2
f 2447/2/3 2672/2/3 2662/2/3 2448/2/3
f 2456/2/4 2455/2/4 2674/2/4 2673/2/4
f 2672/2/6 2673/2/6 2674/2/6 2662/2/6
f 2449/1/1 2457/1/1 2675/1/1 2676/1/1
f 2449/1/3 2676/1/3 2677/1/3 2452/1/3
f 2676/1/6 2675/1/6 2678/1/6 2677/1/6
f 2449/1/5 2452/1/5 2679/1/5 2457/1/5
f 2453/1/2 2670/1/2 2680/1/2 2681/1/2
f 2452/1/3 2677/1/3 2670/1/3 2453/1/3
f 2677/1/6 2678/1/6 2680/1/6 2670/1/6
f 2452/1/5 2453/1/5 2681/1/5 2679/1/5
f 2455/3/1 2460/3/1 2682/3/1 2674/3/1
f 2455/3/3 2674/3/3 2683/3/3 2461/3/3
f 2461/6/3 2683/6/3 2684/6/3 2462/6/3
f 2462/3/3 2684/3/3 2685/3/3 2463/3/3
f 2464/3/2 2686/3/2 2687/3/2 2465/3/2
f 2463/3/3 2685/3/3 2686/3/3 2464/3/3
f 2466/3/4 2465/3/4 2687/3/4 2688/3/4
f 2457/1/1 2467/1/1 2689/1/1 2675/1/1
f 2467/1/4 2690/1/4 2691/1/4 2689/1/4
f 2675/1/6 2689/1/6 2691/1/6 2678/1/6
f 2457/1/5 2679/1/5 2690/1/5 2467/1/5
f 2681/1/2 2680/1/2 2692/1/2 2693/1/2
f 2690/1/4 2693/1/4 2692/1/4 2691/1/4
f 2678/1/6 2691/1/6 2692/1/6 2680/1/6
f 2679/1/5 2681/1/5 2693/1/5 2690/1/5
f 2471/5/1 2470/5/1 2694/5/1 2695/5/1
f 2471/5/3 2695/5/3 2682/5/3 2460/5/3
f 2466/3/2 2688/3/2 2696/3/2 2472/3/2
f 2467/1/2 2689/1/2 2697/1/2 2476/1/2
f 2469/1/1 2475/1/1 2698/1/1 2699/1/1
f 2469/1/3 2699/1/3 2689/1/3 2467/1/3
f 2699/1/6 2698/1/6 2697/1/6 2689/1/6
f 2470/5/1 2478/5/1 2700/5/1 2694/5/1
f 2472/3/2 2696/3/2 2701/3/2 2479/3/2
f 2473/1/1 2481/1/1 2702/1/1 2703/1/1
f 2473/1/3 2703/1/3 2698/1/3 2475/1/3
f 2703/1/6 2702/1/6 2704/1/6 2698/1/6
f 2476/1/2 2697/1/2 2705/1/2 2706/1/2
f 2480/1/4 2706/1/4 2705/1/4 2704/1/4
f 2475/1/5 2476/1/5 2706/1/5 2480/1/5
f 2478/5/1 2482/5/1 2707/5/1 2700/5/1
f 2482/5/4 2483/5/4 2708/5/4 2707/5/4
f 2483/5/4 2484/5/4 2709/5/4 2708/5/4
f 2484/5/4 2485/5/4 2710/5/4 2709/5/4
f 2485/5/4 2486/5/4 2711/5/4 2710/5/4
f 2479/8/3 2701/8/3 2712/8/3 2487/8/3
f 2488/5/2 2713/5/2 2714/5/2 2489/5/2
f 2487/5/3 2712/5/3 2713/5/3 2488/5/3
f 2490/5/4 2489/5/4 2714/5/4 2715/5/4
f 2497/5/1 2498/5/1 2716/5/1 2717/5/1
f 2497/5/3 2717/5/3 2718/5/3 2499/5/3
f 2500/5/2 2719/5/2 2720/5/2 2501/5/2
f 2499/5/3 2718/5/3 2719/5/3 2500/5/3
f 2718/5/6 2721/5/6 2720/5/6 2719/5/6
f 2480/1/2 2704/1/2 2722/1/2 2502/1/2
f 2481/1/1 2503/1/1 2723/1/1 2702/1/1
f 2702/1/6 2723/1/6 2722/1/6 2704/1/6
f 2490/7/2 2715/7/2 2724/7/2 2504/7/2
f 2486/7/1 2505/7/1 2725/7/1 2711/7/1
f 2498/7/1 2506/7/1 2726/7/1 2716/7/1
f 2501/5/2 2720/5/2 2727/5/2 2507/5/2
f 2721/5/6 2728/5/6 2727/5/6 2720/5/6
f 2502/1/2 2722/1/2 2729/1/2 2508/1/2
f 2503/1/1 2509/1/1 2730/1/1 2723/1/1
f 2723/1/6 2730/1/6 2729/1/6 2722/1/6
f 2504/7/2 2724/7/2 2731/7/2 2510/7/2
f 2505/7/1 2511/7/1 2732/7/1 2725/7/1
f 2506/7/1 2512/7/1 2733/7/1 2726/7/1
f 2507/5/2 2727/5/2 2734/5/2 2513/5/2
f 2728/5/6 2735/5/6 2734/5/6 2727/5/6
f 2508/1/2 2729/1/2 2736/1/2 2514/1/2
f 2509/1/1 2515/1/1 2737/1/1 2730/1/1
f 2730/1/6 2737/1/6 2736/1/6 2729/1/6
f 2510/7/2 2731/7/2 2738/7/2 2516/7/2
f 2511/7/1 2518/7/1 2739/7/1 2732/7/1
f 2732/7/6 2739/7/6 2738/7/6 2731/7/6
f 2512/7/1 2519/7/1 2740/7/1 2733/7/1
f 2513/5/2 2734/5/2 2741/5/2 2520/5/2
f 2735/5/6 2742/5/6 2741/5/6 2734/5/6
f 2514/1/2 2736/1/2 2743/1/2 2521/1/2
f 2515/1/1 2522/1/1 2744/1/1 2737/1/1
f 2516/7/2 2738/7/2 2745/7/2 2523/7/2
f 2518/7/1 2525/7/1 2746/7/1 2739/7/1
f 2739/7/6 2746/7/6 2745/7/6 2738/7/6
f 2519/7/1 2526/7/1 2747/7/1 2740/7/1
f 2526/7/4 2527/7/4 2748/7/4 2747/7/4
f 2520/5/2 2741/5/2 2749/5/2 2528/5/2
f 2742/5/6 2748/5/6 2749/5/6 2741/5/6
f 2521/1/2 2743/1/2 2750/1/2 2529/1/2
f 2522/1/1 2530/1/1 2751/1/1 2744/1/1
f 2525/7/1 2532/7/1 2752/7/1 2746/7/1
f 2532/7/4 2533/7/4 2753/7/4 2752/7/4
f 2746/7/6 2752/7/6 2753/7/6 2745/7/6
f 2523/7/3 2745/7/3 2754/7/3 2534/7/3
f 2533/7/4 2535/7/4 2755/7/4 2753/7/4
f 2745/7/6 2753/7/6 2755/7/6 2754/7/6
f 2534/7/3 2754/7/3 2756/7/3 2536/7/3
f 2535/7/4 2537/7/4 2757/7/4 2755/7/4
f 2754/7/6 2755/7/6 2757/7/6 2756/7/6
f 2536/7/3 2756/7/3 2758/7/3 2538/7/3
f 2526/7/2 2747/7/2 2759/7/2 2540/7/2
f 2538/7/3 2758/7/3 2747/7/3 2526/7/3
f 2539/7/4 2540/7/4 2759/7/4 2760/7/4
f 2758/7/6 2760/7/6 2759/7/6 2747/7/6
f 2528/5/2 2749/5/2 2761/5/2 2544/5/2
f 2527/5/1 2541/5/1 2762/5/1 2748/5/1
f 2748/5/6 2762/5/6 2761/5/6 2749/5/6
f 2529/1/2 2750/1/2 2763/1/2 2545/1/2
f 2530/1/1 2546/1/1 2764/1/1 2751/1/1
f 2539/7/2 2760/7/2 2765/7/2 2766/7/2
f 2537/7/1 2767/7/1 2768/7/1 2757/7/1
f 2767/7/4 2766/7/4 2765/7/4 2768/7/4
f 2757/7/6 2768/7/6 2765/7/6 2760/7/6
f 2537/7/5 2539/7/5 2766/7/5 2767/7/5
f 2544/5/2 2761/5/2 2769/5/2 2549/5/2
f 2541/5/1 2547/5/1 2770/5/1 2762/5/1
f 2762/5/6 2770/5/6 2769/5/6 2761/5/6
f 2545/1/2 2763/1/2 2771/1/2 2550/1/2
f 2546/1/1 2551/1/1 2772/1/1 2764/1/1
f 2549/5/2 2769/5/2 2773/5/2 2554/5/2
f 2547/5/1 2552/5/1 2774/5/1 2770/5/1
f 2770/5/6 2774/5/6 2773/5/6 2769/5/6
f 2550/1/2 2771/1/2 2775/1/2 2555/1/2
f 2551/1/1 2556/1/1 2776/1/1 2772/1/1
f 2554/5/2 2773/5/2 2777/5/2 2559/5/2
f 2552/5/1 2557/5/1 2778/5/1 2774/5/1
f 2774/5/6 2778/5/6 2777/5/6 2773/5/6
f 2555/1/2 2775/1/2 2779/1/2 2560/1/2
f 2556/1/1 2561/1/1 2780/1/1 2776/1/1
f 2559/5/2 2777/5/2 2781/5/2 2564/5/2
f 2557/5/1 2562/5/1 2782/5/1 2778/5/1
f 2778/5/6 2782/5/6 2781/5/6 2777/5/6
f 2560/1/2 2779/1/2 2783/1/2 2565/1/2
f 2561/1/1 2566/1/1 2784/1/1 2780/1/1
f 2564/5/2 2781/5/2 2785/5/2 2569/5/2
f 2562/5/1 2567/5/1 2786/5/1 2782/5/1
f 2782/5/6 2786/5/6 2785/5/6 2781/5/6
f 2565/1/2 2783/1/2 2787/1/2 2570/1/2
f 2566/1/1 2571/1/1 2788/1/1 2784/1/1
f 2569/5/2 2785/5/2 2789/5/2 2574/5/2
f 2567/5/1 2572/5/1 2790/5/1 2786/5/1
f 2786/5/6 2790/5/6 2789/5/6 2785/5/6
f 2570/1/2 2787/1/2 2791/1/2 2575/1/2
f 2571/1/1 2576/1/1 2792/1/1 2788/1/1
f 2574/5/2 2789/5/2 2793/5/2 2579/5/2
f 2572/5/1 2577/5/1 2794/5/1 2790/5/1
f 2790/5/6 2794/5/6 2793/5/6 2789/5/6
f 2575/1/2 2791/1/2 2795/1/2 2580/1/2
f 2576/1/1 2581/1/1 2796/1/1 2792/1/1
f 2579/5/2 2793/5/2 2797/5/2 2584/5/2
f 2577/5/1 2582/5/1 2798/5/1 2794/5/1
f 2794/5/6 2798/5/6 2797/5/6 2793/5/6
f 2580/1/2 2795/1/2 2799/1/2 2585/1/2
f 2581/1/1 2586/1/1 2800/1/1 2796/1/1
f 2584/5/2 2797/5/2 2801/5/2 2589/5/2
f 2582/5/1 2587/5/1 2802/5/1 2798/5/1
f 2798/5/6 2802/5/6 2801/5/6 2797/5/6
f 2585/1/2 2799/1/2 2803/1/2 2590/1/2
f 2586/1/1 2591/1/1 2804/1/1 2800/1/1
f 2589/5/2 2801/5/2 2805/5/2 2594/5/2
f 2587/5/1 2592/5/1 2806/5/1 2802/5/1
f 2802/5/6 2806/5/6 2805/5/6 2801/5/6
f 2590/1/2 2803/1/2 2807/1/2 2595/1/2
f 2591/1/1 2596/1/1 2808/1/1 2804/1/1
f 2594/5/2 2805/5/2 2809/5/2 2597/5/2
f 2592/5/1 2598/5/1 2810/5/1 2806/5/1
f 2806/5/6 2810/5/6 2809/5/6 2805/5/6
f 2595/1/2 2807/1/2 2811/1/2 2599/1/2
f 2596/1/1 2600/1/1 2812/1/1 2808/1/1
f 2597/5/2 2809/5/2 2813/5/2 2601/5/2
f 2598/5/1 2602/5/1 2814/5/1 2810/5/1
f 2810/5/6 2814/5/6 2813/5/6 2809/5/6
f 2599/1/2 2811/1/2 2815/1/2 2603/1/2
f 2600/1/1 2604/1/1 2816/1/1 2812/1/1
f 2601/5/2 2813/5/2 2817/5/2 2605/5/2
f 2602/5/1 2606/5/1 2818/5/1 2814/5/1
f 2814/5/6 2818/5/6 2817/5/6 2813/5/6
f 2603/1/2 2815/1/2 2819/1/2 2607/1/2
f 2604/1/1 2608/1/1 2820/1/1 2816/1/1
f 2605/5/2 2817/5/2 2821/5/2 2609/5/2
f 2606/5/1 2610/5/1 2822/5/1 2818/5/1
f 2818/5/6 2822/5/6 2821/5/6 2817/5/6
f 2607/1/2 2819/1/2 2823/1/2 2611/1/2
f 2608/1/1 2612/1/1 2824/1/1 2820/1/1
f 2612/1/4 2611/1/4 2823/1/4 2824/1/4
f 2609/5/2 2821/5/2 2825/5/2 2613/5/2
f 2610/5/1 2614/5/1 2826/5/1 2822/5/1
f 2614/5/4 2613/5/4 2825/5/4 2826/5/4
f 2822/5/6 2826/5/6 2825/5/6 2821/5/6
f 2615/1/2 2827/1/2 2828/1/2 2616/1/2
f 2611/1/1 2617/1/1 2829/1/1 2823/1/1
f 2611/1/3 2823/1/3 2827/1/3 2615/1/3
f 2617/1/4 2616/1/4 2828/1/4 2829/1/4
f 2619/5/1 2618/5/1 2830/5/1 2831/5/1
f 2619/5/3 2831/5/3 2832/5/3 2620/5/3
f 2620/5/3 2832/5/3 2833/5/3 2621/5/3
f 2623/5/4 2622/5/4 2834/5/4 2835/5/4
f 2621/5/3 2833/5/3 2836/5/3 2624/5/3
f 2622/5/4 2625/5/4 2837/5/4 2834/5/4
f 2624/5/3 2836/5/3 2838/5/3 2626/5/3
f 2626/5/3 2838/5/3 2839/5/3 2627/5/3
f 2627/5/3 2839/5/3 2840/5/3 2628/5/3
f 2628/5/3 2840/5/3 2841/5/3 2629/5/3
f 2629/5/3 2841/5/3 2842/5/3 2630/5/3
f 2630/5/3 2842/5/3 2843/5/3 2631/5/3
f 2633/5/4 2632/5/4 2844/5/4 2845/5/4
f 2614/5/2 2826/5/2 2846/5/2 2634/5/2
f 2631/5/3 2843/5/3 2826/5/3 2614/5/3
f 2632/5/4 2634/5/4 2846/5/4 2844/5/4
f 2843/5/6 2844/5/6 2846/5/6 2826/5/6
f 2616/1/1 2635/1/1 2847/1/1 2828/1/1
f 2616/1/3 2828/1/3 2848/1/3 2636/1/3
f 2635/1/4 2637/1/4 2849/1/4 2847/1/4
f 2638/1/2 2850/1/2 2851/1/2 2639/1/2
f 2636/1/3 2848/1/3 2850/1/3 2638/1/3
f 2637/1/4 2639/1/4 2851/1/4 2849/1/4
f 2623/2/2 2835/2/2 2852/2/2 2640/2/2
f 2618/2/1 2641/2/1 2853/2/1 2830/2/1
f 2625/9/1 2643/9/1 2854/9/1 2837/9/1
f 2643/9/4 2645/9/4 2855/9/4 2854/9/4
f 2837/9/6 2854/9/6 2855/9/6 2856/9/6
f 2645/9/4 2647/9/4 2857/9/4 2855/9/4
f 2856/9/6 2855/9/6 2857/9/6 2858/9/6
f 2647/9/4 2649/9/4 2859/9/4 2857/9/4
f 2858/9/6 2857/9/6 2859/9/6 2860/9/6
f 2649/9/4 2651/9/4 2861/9/4 2859/9/4
f 2860/9/6 2859/9/6 2861/9/6 2862/9/6
f 2633/9/2 2845/9/2 2863/9/2 2652/9/2
f 2651/9/4 2652/9/4 2863/9/4 2861/9/4
f 2862/9/6 2861/9/6 2863/9/6 2845/9/6
f 2639/1/1 2654/1/1 2864/1/1 2851/1/1
f 2639/1/3 2851/1/3 2853/1/3 2641/1/3
f 2654/1/4 2655/1/4 2865/1/4 2864/1/4
f 2640/2/2 2852/2/2 2866/2/2 2656/2/2
f 2655/2/4 2656/2/4 2866/2/4 2865/2/4
f 2656/1/1 2657/1/1 2867/1/1 2866/1/1
f 2656/1/3 2866/1/3 2868/1/3 2658/1/3
f 2657/1/4 2659/1/4 2869/1/4 2867/1/4
f 2660/1/2 2870/1/2 2871/1/2 2661/1/2
f 2658/1/3 2868/1/3 2870/1/3 2660/1/3
f 2659/1/4 2661/1/4 2871/1/4 2869/1/4
f 2662/1/1 2674/1/1 2872/1/1 2873/1/1
f 2662/1/3 2873/1/3 2874/1/3 2666/1/3
f 2873/1/6 2872/1/6 2875/1/6 2874/1/6
f 2662/1/5 2666/1/5 2683/1/5 2674/1/5
f 2668/1/2 2876/1/2 2877/1/2 2684/1/2
f 2666/1/3 2874/1/3 2876/1/3 2668/1/3
f 2874/1/6 2875/1/6 2877/1/6 2876/1/6
f 2666/1/5 2668/1/5 2684/1/5 2683/1/5
f 2670/1/1 2680/1/1 2878/1/1 2879/1/1
f 2670/1/3 2879/1/3 2880/1/3 2673/1/3
f 2879/1/6 2878/1/6 2881/1/6 2880/1/6
f 2670/1/5 2673/1/5 2695/1/5 2680/1/5
f 2673/2/3 2880/2/3 2872/2/3 2674/2/3
f 2880/2/6 2881/2/6 2882/2/6 2872/2/6
f 2673/2/5 2674/2/5 2682/2/5 2695/2/5
f 2684/6/3 2877/6/3 2883/6/3 2685/6/3
f 2877/6/6 2884/6/6 2885/6/6 2883/6/6
f 2686/3/2 2886/3/2 2887/3/2 2687/3/2
f 2685/3/3 2883/3/3 2886/3/3 2686/3/3
f 2688/3/4 2687/3/4 2887/3/4 2885/3/4
f 2883/3/6 2885/3/6 2887/3/6 2886/3/6
f 2680/1/1 2692/1/1 2888/1/1 2878/1/1
f 2692/1/4 2694/1/4 2889/1/4 2888/1/4
f 2878/1/6 2888/1/6 2889/1/6 2881/1/6
f 2680/1/5 2695/1/5 2694/1/5 2692/1/5
f 2881/2/6 2889/2/6 2890/2/6 2882/2/6
f 2688/3/2 2885/3/2 2891/3/2 2696/3/2
f 2884/3/6 2892/3/6 2891/3/6 2885/3/6
f 2689/1/1 2697/1/1 2893/1/1 2894/1/1
f 2689/1/3 2894/1/3 2895/1/3 2691/1/3
f 2697/1/4 2896/1/4 2897/1/4 2893/1/4
f 2894/1/6 2893/1/6 2897/1/6 2895/1/6
f 2689/1/5 2691/1/5 2896/1/5 2697/1/5
f 2692/1/2 2888/1/2 2898/1/2 2899/1/2
f 2691/1/3 2895/1/3 2888/1/3 2692/1/3
f 2896/1/4 2899/1/4 2898/1/4 2897/1/4
f 2895/1/6 2897/1/6 2898/1/6 2888/1/6
f 2691/1/5 2692/1/5 2899/1/5 2896/1/5
f 2694/5/1 2700/5/1 2900/5/1 2889/5/1
f 2890/3/6 2901/3/6 2902/3/6 2903/3/6
f 2903/3/6 2902/3/6 2904/3/6 2892/3/6
f 2696/3/2 2891/3/2 2905/3/2 2701/3/2
f 2892/3/6 2904/3/6 2905/3/6 2891/3/6
f 2697/1/2 2893/1/2 2906/1/2 2705/1/2
f 2698/1/1 2704/1/1 2907/1/1 2908/1/1
f 2698/1/3 2908/1/3 2893/1/3 2697/1/3
f 2908/1/6 2907/1/6 2906/1/6 2893/1/6
f 2700/5/1 2707/5/1 2909/5/1 2900/5/1
f 2707/5/4 2708/5/4 2910/5/4 2909/5/4
f 2708/5/4 2709/5/4 2911/5/4 2910/5/4
f 2901/5/6 2910/5/6 2911/5/6 2902/5/6
f 2709/5/4 2710/5/4 2912/5/4 2911/5/4
f 2902/5/6 2911/5/6 2912/5/6 2904/5/6
f 2710/5/4 2711/5/4 2913/5/4 2912/5/4
f 2904/5/6 2912/5/6 2913/5/6 2905/5/6
f 2701/5/3 2905/5/3 2914/5/3 2712/5/3
f 2905/5/6 2913/5/6 2915/5/6 2914/5/6
f 2712/5/3 2914/5/3 2916/5/3 2713/5/3
f 2914/5/6 2915/5/6 2917/5/6 2916/5/6
f 2713/5/3 2916/5/3 2918/5/3 2919/5/3
f 2916/5/6 2917/5/6 2920/5/6 2918/5/6
f 2713/5/5 2919/5/5 2921/5/5 2714/5/5
f 2919/5/3 2918/5/3 2922/5/3 2923/5/3
f 2918/5/6 2920/5/6 2924/5/6 2922/5/6
f 2919/5/5 2923/5/5 2925/5/5 2921/5/5
f 2923/5/3 2922/5/3 2926/5/3 2717/5/3
f 2922/5/6 2924/5/6 2927/5/6 2926/5/6
f 2923/5/5 2717/5/5 2716/5/5 2925/5/5
f 2718/5/2 2928/5/2 2929/5/2 2721/5/2
f 2717/5/3 2926/5/3 2928/5/3 2718/5/3
f 2926/5/6 2927/5/6 2929/5/6 2928/5/6
f 2705/1/2 2906/1/2 2930/1/2 2931/1/2
f 2704/1/1 2722/1/1 2932/1/1 2907/1/1
f 2907/1/6 2932/1/6 2930/1/6 2906/1/6
f 2704/1/5 2705/1/5 2931/1/5 2722/1/5
f 2711/7/1 2725/7/1 2933/7/1 2913/7/1
f 2715/7/5 2714/7/5 2934/7/5 2724/7/5
f 2714/7/5 2921/7/5 2935/7/5 2934/7/5
f 2921/7/5 2925/7/5 2936/7/5 2935/7/5
f 2925/7/5 2716/7/5 2726/7/5 2936/7/5
f 2721/5/2 2929/5/2 2937/5/2 2728/5/2
f 2927/5/6 2938/5/6 2937/5/6 2929/5/6
f 2931/1/2 2930/1/2 2939/1/2 2940/1/2
f 2722/1/1 2729/1/1 2941/1/1 2932/1/1
f 2932/1/6 2941/1/6 2939/1/6 2930/1/6
f 2722/1/5 2931/1/5 2940/1/5 2729/1/5
f 2725/7/1 2732/7/1 2942/7/1 2933/7/1
f 2732/7/4 2731/7/4 2943/7/4 2942/7/4
f 2944/7/6 2943/7/6 2945/7/6 2946/7/6
f 2724/7/5 2934/7/5 2947/7/5 2731/7/5
f 2934/7/5 2935/7/5 2948/7/5 2947/7/5
f 2935/7/5 2936/7/5 2949/7/5 2948/7/5
f 2936/7/5 2726/7/5 2733/7/5 2949/7/5
f 2728/5/2 2937/5/2 2950/5/2 2735/5/2
f 2938/5/6 2951/5/6 2950/5/6 2937/5/6
f 2940/1/2 2939/1/2 2952/1/2 2953/1/2
f 2729/1/1 2736/1/1 2954/1/1 2941/1/1
f 2941/1/6 2954/1/6 2952/1/6 2939/1/6
f 2729/1/5 2940/1/5 2953/1/5 2736/1/5
f 2731/7/1 2738/7/1 2955/7/1 2943/7/1
f 2731/7/5 2947/7/5 2956/7/5 2738/7/5
f 2945/7/6 2957/7/6 2958/7/6 2959/7/6
f 2947/7/5 2948/7/5 2960/7/5 2956/7/5
f 2948/7/5 2949/7/5 2961/7/5 2960/7/5
f 2949/7/5 2733/7/5 2740/7/5 2961/7/5
f 2735/5/2 2950/5/2 2962/5/2 2742/5/2
f 2951/5/6 2963/5/6 2962/5/6 2950/5/6
f 2737/1/1 2744/1/1 2964/1/1 2965/1/1
f 2737/1/3 2965/1/3 2954/1/3 2736/1/3
f 2965/1/6 2964/1/6 2966/1/6 2954/1/6
f 2953/1/2 2952/1/2 2967/1/2 2968/1/2
f 2743/1/4 2968/1/4 2967/1/4 2966/1/4
f 2736/1/5 2953/1/5 2968/1/5 2743/1/5
f 2738/7/1 2745/7/1 2969/7/1 2955/7/1
f 2745/7/4 2754/7/4 2970/7/4 2969/7/4
f 2738/7/5 2956/7/5 2754/7/5 2745/7/5
f 2754/7/4 2756/7/4 2971/7/4 2970/7/4
f 2956/7/5 2960/7/5 2756/7/5 2754/7/5
f 2958/7/6 2971/7/6 2972/7/6 2973/7/6
f 2960/7/5 2961/7/5 2758/7/5 2756/7/5
f 2758/7/4 2747/7/4 2974/7/4 2972/7/4
f 2961/7/5 2740/7/5 2747/7/5 2758/7/5
f 2742/5/2 2962/5/2 2975/5/2 2748/5/2
f 2963/5/6 2974/5/6 2975/5/6 2962/5/6
f 2743/1/2 2966/1/2 2976/1/2 2750/1/2
f 2744/1/1 2751/1/1 2977/1/1 2964/1/1
f 2964/1/6 2977/1/6 2976/1/6 2966/1/6
f 2978/5/2 2979/5/2 2980/5/2 2981/5/2
f 2982/5/1 2983/5/1 2984/5/1 2985/5/1
f 2982/5/3 2985/5/3 2979/5/3 2978/5/3
f 2983/5/4 2981/5/4 2980/5/4 2984/5/4
f 2982/5/5 2978/5/5 2981/5/5 2983/5/5
f 2758/3/2 2972/3/2 2986/3/2 2760/3/2
f 2756/3/1 2757/3/1 2987/3/1 2971/3/1
f 2757/3/4 2760/3/4 2986/3/4 2987/3/4
f 2748/5/2 2975/5/2 2988/5/2 2762/5/2
f 2747/5/1 2759/5/1 2989/5/1 2974/5/1
f 2974/5/6 2989/5/6 2988/5/6 2975/5/6
f 2747/5/5 2748/5/5 2762/5/5 2759/5/5
f 2750/1/2 2976/1/2 2990/1/2 2763/1/2
f 2751/1/1 2764/1/1 2991/1/1 2977/1/1
f 2977/1/6 2991/1/6 2990/1/6 2976/1/6
f 2762/5/2 2988/5/2 2992/5/2 2770/5/2
f 2759/5/1 2993/5/1 2994/5/1 2989/5/1
f 2989/5/6 2994/5/6 2992/5/6 2988/5/6
f 2759/5/5 2762/5/5 2770/5/5 2993/5/5
f 2763/1/2 2990/1/2 2995/1/2 2771/1/2
f 2764/1/1 2772/1/1 2996/1/1 2991/1/1
f 2991/1/6 2996/1/6 2995/1/6 2990/1/6
f 2997/3/1 2998/3/1 2999/3/1 3000/3/1
f 2997/3/3 3000/3/3 3001/3/3 3002/3/3
f 2997/3/5 3002/3/5 3003/3/5 2998/3/5
f 3002/3/3 3001/3/3 3004/3/3 3005/3/3
f 3001/3/6 3006/3/6 3007/3/6 3004/3/6
f 3002/3/5 3005/3/5 3008/3/5 3003/3/5
f 3005/3/3 3004/3/3 3009/3/3 2768/3/3
f 3004/3/6 3007/3/6 3010/3/6 3009/3/6
f 3005/3/5 2768/3/5 3011/3/5 3008/3/5
f 2765/3/2 3012/3/2 3013/3/2 3014/3/2
f 2768/3/3 3009/3/3 3012/3/3 2765/3/3
f 3009/3/6 3010/3/6 3013/3/6 3012/3/6
f 2768/3/5 2765/3/5 3014/3/5 3011/3/5
f 2770/5/2 2992/5/2 3015/5/2 2774/5/2
f 2993/5/1 3016/5/1 3017/5/1 2994/5/1
f 2994/5/6 3017/5/6 3015/5/6 2992/5/6
f 2993/5/5 2770/5/5 2774/5/5 3016/5/5
f 2771/1/2 2995/1/2 3018/1/2 2775/1/2
f 2772/1/1 2776/1/1 3019/1/1 2996/1/1
f 3020/5/1 3021/5/1 3022/5/1 3023/5/1
f 3020/5/3 3023/5/3 2999/5/3 2998/5/3
f 3020/5/5 2998/5/5 3024/5/5 3021/5/5
f 3024/3/4 3025/3/4 3026/3/4 3027/3/4
f 2998/3/5 3003/3/5 3025/3/5 3024/3/5
f 3025/3/4 3028/3/4 3029/3/4 3026/3/4
f 3006/3/6 3026/3/6 3029/3/6 3007/3/6
f 3003/3/5 3008/3/5 3028/3/5 3025/3/5
f 3028/3/4 3030/3/4 3031/3/4 3029/3/4
f 3007/3/6 3029/3/6 3031/3/6 3010/3/6
f 3008/3/5 3011/3/5 3030/3/5 3028/3/5
f 3014/3/2 3013/3/2 3032/3/2 3033/3/2
f 3030/3/4 3033/3/4 3032/3/4 3031/3/4
f 3010/3/6 3031/3/6 3032/3/6 3013/3/6
f 3011/3/5 3014/3/5 3033/3/5 3030/3/5
f 2774/5/2 3015/5/2 3034/5/2 2778/5/2
f 3016/5/1 3035/5/1 3036/5/1 3017/5/1
f 3017/5/6 3036/5/6 3034/5/6 3015/5/6
f 3016/5/5 2774/5/5 2778/5/5 3035/5/5
f 2775/1/2 3018/1/2 3037/1/2 2779/1/2
f 2776/1/1 2780/1/1 3038/1/1 3019/1/1
f 3024/5/2 3027/5/2 3039/5/2 3040/5/2
f 3021/5/1 3041/5/1 3042/5/1 3022/5/1
f 3041/5/4 3040/5/4 3039/5/4 3042/5/4
f 3021/5/5 3024/5/5 3040/5/5 3041/5/5
f 2778/5/2 3034/5/2 3043/5/2 2782/5/2
f 3035/5/1 3044/5/1 3045/5/1 3036/5/1
f 3036/5/6 3045/5/6 3043/5/6 3034/5/6
f 3035/5/5 2778/5/5 2782/5/5 3044/5/5
f 2779/1/2 3037/1/2 3046/1/2 2783/1/2
f 2780/1/1 2784/1/1 3047/1/1 3038/1/1
f 2782/5/2 3043/5/2 3048/5/2 2786/5/2
f 3044/5/1 3049/5/1 3050/5/1 3045/5/1
f 3045/5/6 3050/5/6 3048/5/6 3043/5/6
f 3044/5/5 2782/5/5 2786/5/5 3049/5/5
f 2783/1/2 3046/1/2 3051/1/2 2787/1/2
f 2784/1/1 2788/1/1 3052/1/1 3047/1/1
f 2786/5/2 3048/5/2 3053/5/2 2790/5/2
f 3049/5/1 3054/5/1 3055/5/1 3050/5/1
f 3050/5/6 3055/5/6 3053/5/6 3048/5/6
f 3049/5/5 2786/5/5 2790/5/5 3054/5/5
f 2787/1/2 3051/1/2 3056/1/2 2791/1/2
f 2788/1/1 2792/1/1 3057/1/1 3052/1/1
f 3058/3/1 3059/3/1 3060/3/1 3061/3/1
f 3058/3/3 3061/3/3 3062/3/3 3063/3/3
f 3058/3/5 3063/3/5 3064/3/5 3059/3/5
f 3063/3/3 3062/3/3 3065/3/3 3066/3/3
f 3062/3/6 3067/3/6 3068/3/6 3065/3/6
f 3063/3/5 3066/3/5 3069/3/5 3064/3/5
f 3066/3/3 3065/3/3 3070/3/3 3071/3/3
f 3065/3/6 3068/3/6 3072/3/6 3070/3/6
f 3066/3/5 3071/3/5 3073/3/5 3069/3/5
f 3074/3/2 3075/3/2 3076/3/2 3077/3/2
f 3071/3/3 3070/3/3 3075/3/3 3074/3/3
f 3070/3/6 3072/3/6 3076/3/6 3075/3/6
f 3071/3/5 3074/3/5 3077/3/5 3073/3/5
f 2790/5/2 3053/5/2 3078/5/2 2794/5/2
f 3054/5/1 3079/5/1 3080/5/1 3055/5/1
f 3055/5/6 3080/5/6 3078/5/6 3053/5/6
f 3054/5/5 2790/5/5 2794/5/5 3079/5/5
f 2791/1/2 3056/1/2 3081/1/2 2795/1/2
f 2792/1/1 2796/1/1 3082/1/1 3057/1/1
f 3059/3/1 3083/3/1 3084/3/1 3060/3/1
f 3083/3/4 3085/3/4 3086/3/4 3084/3/4
f 3059/3/5 3064/3/5 3085/3/5 3083/3/5
f 3085/3/4 3087/3/4 3088/3/4 3086/3/4
f 3067/3/6 3086/3/6 3088/3/6 3068/3/6
f 3064/3/5 3069/3/5 3087/3/5 3085/3/5
f 3087/3/4 3089/3/4 3090/3/4 3088/3/4
f 3068/3/6 3088/3/6 3090/3/6 3072/3/6
f 3069/3/5 3073/3/5 3089/3/5 3087/3/5
f 3077/3/2 3076/3/2 3091/3/2 3092/3/2
f 3089/3/4 3092/3/4 3091/3/4 3090/3/4
f 3072/3/6 3090/3/6 3091/3/6 3076/3/6
f 3073/3/5 3077/3/5 3092/3/5 3089/3/5
f 2794/5/2 3078/5/2 3093/5/2 2798/5/2
f 3079/5/1 3094/5/1 3095/5/1 3080/5/1
f 3080/5/6 3095/5/6 3093/5/6 3078/5/6
f 3079/5/5 2794/5/5 2798/5/5 3094/5/5
f 2795/1/2 3081/1/2 3096/1/2 2799/1/2
f 2796/1/1 2800/1/1 3097/1/1 3082/1/1
f 2798/5/2 3093/5/2 3098/5/2 2802/5/2
f 3094/5/1 3099/5/1 3100/5/1 3095/5/1
f 3095/5/6 3100/5/6 3098/5/6 3093/5/6
f 3094/5/5 2798/5/5 2802/5/5 3099/5/5
f 2799/1/2 3096/1/2 3101/1/2 2803/1/2
f 2800/1/1 2804/1/1 3102/1/1 3097/1/1
f 2802/5/2 3098/5/2 3103/5/2 2806/5/2
f 3099/5/1 3104/5/1 3105/5/1 3100/5/1
f 3100/5/6 3105/5/6 3103/5/6 3098/5/6
f 3099/5/5 2802/5/5 2806/5/5 3104/5/5
f 2803/1/2 3101/1/2 3106/1/2 2807/1/2
f 2804/1/1 2808/1/1 3107/1/1 3102/1/1
f 2806/5/2 3103/5/2 3108/5/2 2810/5/2
f 3104/5/1 3109/5/1 3110/5/1 3105/5/1
f 3105/5/6 3110/5/6 3108/5/6 3103/5/6
f 3104/5/5 2806/5/5 2810/5/5 3109/5/5
f 2808/1/1 2812/1/1 3111/1/1 3107/1/1
f 3112/1/2 3113/1/2 3114/1/2 3115/1/2
f 2807/1/3 3106/1/3 3113/1/3 3112/1/3
f 2811/1/4 3115/1/4 3114/1/4 3116/1/4
f 2807/1/5 3112/1/5 3115/1/5 2811/1/5
f 3117/3/1 3118/3/1 3119/3/1 3120/3/1
f 3117/3/3 3120/3/3 3121/3/3 3122/3/3
f 3117/3/5 3122/3/5 3123/3/5 3118/3/5
f 3122/3/3 3121/3/3 3124/3/3 3125/3/3
f 3121/3/6 3126/3/6 3127/3/6 3124/3/6
f 3122/3/5 3125/3/5 3128/3/5 3123/3/5
f 3125/3/3 3124/3/3 3129/3/3 3130/3/3
f 3124/3/6 3127/3/6 3131/3/6 3129/3/6
f 3125/3/5 3130/3/5 3132/3/5 3128/3/5
f 3133/3/2 3134/3/2 3135/3/2 3136/3/2
f 3130/3/3 3129/3/3 3134/3/3 3133/3/3
f 3129/3/6 3131/3/6 3135/3/6 3134/3/6
f 3130/3/5 3133/3/5 3136/3/5 3132/3/5
f 2810/5/2 3108/5/2 3137/5/2 2814/5/2
f 3109/5/1 3138/5/1 3139/5/1 3110/5/1
f 3110/5/6 3139/5/6 3137/5/6 3108/5/6
f 3109/5/5 2810/5/5 2814/5/5 3138/5/5
f 2811/1/2 3116/1/2 3140/1/2 2815/1/2
f 2812/1/1 2816/1/1 3141/1/1 3111/1/1
f 3118/3/1 3142/3/1 3143/3/1 3119/3/1
f 3142/3/4 3144/3/4 3145/3/4 3143/3/4
f 3118/3/5 3123/3/5 3144/3/5 3142/3/5
f 3144/3/4 3146/3/4 3147/3/4 3145/3/4
f 3126/3/6 3145/3/6 3147/3/6 3127/3/6
f 3123/3/5 3128/3/5 3146/3/5 3144/3/5
f 3146/3/4 3148/3/4 3149/3/4 3147/3/4
f 3127/3/6 3147/3/6 3149/3/6 3131/3/6
f 3128/3/5 3132/3/5 3148/3/5 3146/3/5
f 3136/3/2 3135/3/2 3150/3/2 3151/3/2
f 3148/3/4 3151/3/4 3150/3/4 3149/3/4
f 3131/3/6 3149/3/6 3150/3/6 3135/3/6
f 3132/3/5 3136/3/5 3151/3/5 3148/3/5
f 2814/5/2 3137/5/2 3152/5/2 2818/5/2
f 3138/5/1 3153/5/1 3154/5/1 3139/5/1
f 3139/5/6 3154/5/6 3152/5/6 3137/5/6
f 3138/5/5 2814/5/5 2818/5/5 3153/5/5
f 2815/1/2 3140/1/2 3155/1/2 2819/1/2
f 2816/1/1 2820/1/1 3156/1/1 3141/1/1
f 2818/5/2 3152/5/2 3157/5/2 2822/5/2
f 3153/5/1 3158/5/1 3159/5/1 3154/5/1
f 3154/5/6 3159/5/6 3157/5/6 3152/5/6
f 3153/5/5 2818/5/5 2822/5/5 3158/5/5
f 2819/1/2 3155/1/2 3160/1/2 2823/1/2
f 2820/1/1 2824/1/1 3161/1/1 3156/1/1
f 2824/1/4 2823/1/4 3160/1/4 3161/1/4
f 3156/1/6 3161/1/6 3160/1/6 3155/1/6
f 2822/5/2 3157/5/2 3162/5/2 2826/5/2
f 3158/5/1 2843/5/1 3163/5/1 3159/5/1
f 2843/5/4 2826/5/4 3162/5/4 3163/5/4
f 3159/5/6 3163/5/6 3162/5/6 3157/5/6
f 3158/5/5 2822/5/5 2826/5/5 2843/5/5
f 2827/1/2 3164/1/2 3165/1/2 2828/1/2
f 2823/1/1 2829/1/1 3166/1/1 3160/1/1
f 2823/1/3 3160/1/3 3164/1/3 2827/1/3
f 2829/1/4 2828/1/4 3165/1/4 3166/1/4
f 2831/5/1 2830/5/1 3167/5/1 3168/5/1
f 2831/5/3 3168/5/3 3169/5/3 2832/5/3
f 2832/5/3 3169/5/3 3170/5/3 2833/5/3
f 2835/5/4 2834/5/4 3171/5/4 3172/5/4
f 3169/5/6 3172/5/6 3171/5/6 3170/5/6
f 2833/5/3 3170/5/3 3173/5/3 2836/5/3
f 2834/5/4 2837/5/4 3174/5/4 3171/5/4
f 3170/5/6 3171/5/6 3174/5/6 3173/5/6
f 2836/5/3 3173/5/3 3175/5/3 2838/5/3
f 2837/5/4 2856/5/4 3176/5/4 3174/5/4
f 3173/5/6 3174/5/6 3176/5/6 3175/5/6
f 2838/5/3 3175/5/3 3177/5/3 2839/5/3
f 2856/5/4 2858/5/4 3178/5/4 3176/5/4
f 3175/5/6 3176/5/6 3178/5/6 3177/5/6
f 2839/5/3 3177/5/3 3179/5/3 2840/5/3
f 2858/5/4 2860/5/4 3180/5/4 3178/5/4
f 3177/5/6 3178/5/6 3180/5/6 3179/5/6
f 2840/5/3 3179/5/3 3181/5/3 2841/5/3
f 2860/5/4 2862/5/4 3182/5/4 3180/5/4
f 3179/5/6 3180/5/6 3182/5/6 3181/5/6
f 2841/5/3 3181/5/3 3183/5/3 2842/5/3
f 2862/5/4 2845/5/4 3184/5/4 3182/5/4
f 3181/5/6 3182/5/6 3184/5/6 3183/5/6
f 2843/5/2 3163/5/2 3185/5/2 2844/5/2
f 2842/5/3 3183/5/3 3163/5/3 2843/5/3
f 2845/5/4 2844/5/4 3185/5/4 3184/5/4
f 3183/5/6 3184/5/6 3185/5/6 3163/5/6
f 2828/1/1 2847/1/1 3186/1/1 3165/1/1
f 2828/1/3 3165/1/3 3187/1/3 2848/1/3
f 2847/1/4 2849/1/4 3188/1/4 3186/1/4
f 2850/1/2 3189/1/2 3190/1/2 2851/1/2
f 2848/1/3 3187/1/3 3189/1/3 2850/1/3
f 2849/1/4 2851/1/4 3190/1/4 3188/1/4
f 2835/2/2 3172/2/2 3191/2/2 2852/2/2
f 2830/2/1 2853/2/1 3192/2/1 3167/2/1
f 2851/1/1 2864/1/1 3193/1/1 3190/1/1
f 2851/1/3 3190/1/3 3192/1/3 2853/1/3
f 2864/1/4 2865/1/4 3194/1/4 3193/1/4
f 2852/2/2 3191/2/2 3195/2/2 2866/2/2
f 2865/2/4 2866/2/4 3195/2/4 3194/2/4
f 2866/1/1 2867/1/1 3196/1/1 3195/1/1
f 2866/1/3 3195/1/3 3197/1/3 2868/1/3
f 2867/1/4 2869/1/4 3198/1/4 3196/1/4
f 2870/1/2 3199/1/2 3200/1/2 2871/1/2
f 2868/1/3 3197/1/3 3199/1/3 2870/1/3
f 2869/1/4 2871/1/4 3200/1/4 3198/1/4
f 2872/1/1 2882/1/1 3201/1/1 3202/1/1
f 2872/1/3 3202/1/3 3203/1/3 2875/1/3
f 3202/1/6 3201/1/6 3204/1/6 3203/1/6
f 2877/1/2 3205/1/2 3206/1/2 2884/1/2
f 2875/1/3 3203/1/3 3205/1/3 2877/1/3
f 3203/1/6 3204/1/6 3206/1/6 3205/1/6
f 2882/1/1 2890/1/1 3207/1/1 3201/1/1
f 2890/1/4 2903/1/4 3208/1/4 3207/1/4
f 3201/1/6 3207/1/6 3208/1/6 3204/1/6
f 2884/1/2 3206/1/2 3209/1/2 2892/1/2
f 2903/1/4 2892/1/4 3209/1/4 3208/1/4
f 3204/1/6 3208/1/6 3209/1/6 3206/1/6
f 2888/1/1 2898/1/1 3210/1/1 3211/1/1
f 2888/1/3 3211/1/3 3212/1/3 2889/1/3
f 2898/1/4 2900/1/4 3213/1/4 3210/1/4
f 3211/1/6 3210/1/6 3213/1/6 3212/1/6
f 2888/1/5 2889/1/5 2900/1/5 2898/1/5
f 2890/2/2 3207/2/2 3214/2/2 2901/2/2
f 2889/2/3 3212/2/3 3207/2/3 2890/2/3
f 3212/2/6 3213/2/6 3214/2/6 3207/2/6
f 2893/1/1 2906/1/1 3215/1/1 3216/1/1
f 2893/1/3 3216/1/3 3217/1/3 2897/1/3
f 3216/1/6 3215/1/6 3218/1/6 3217/1/6
f 2893/1/5 2897/1/5 3219/1/5 2906/1/5
f 2898/1/2 3210/1/2 3220/1/2 3221/1/2
f 2897/1/3 3217/1/3 3210/1/3 2898/1/3
f 3217/1/6 3218/1/6 3220/1/6 3210/1/6
f 2897/1/5 2898/1/5 3221/1/5 3219/1/5
f 2901/2/2 3214/2/2 3222/2/2 2910/2/2
f 2900/2/1 2909/2/1 3223/2/1 3213/2/1
f 2906/1/1 2930/1/1 3224/1/1 3215/1/1
f 3215/1/6 3224/1/6 3225/1/6 3218/1/6
f 2906/1/5 3219/1/5 3226/1/5 2930/1/5
f 3221/1/2 3220/1/2 3227/1/2 3228/1/2
f 3218/1/6 3225/1/6 3227/1/6 3220/1/6
f 3219/1/5 3221/1/5 3228/1/5 3226/1/5
f 2909/5/1 3229/5/1 3230/5/1 3223/5/1
f 2909/5/5 2910/5/5 3231/5/5 3229/5/5
f 2910/5/3 3222/5/3 3232/5/3 2911/5/3
f 3222/5/6 3233/5/6 3234/5/6 3232/5/6
f 2910/5/5 2911/5/5 3235/5/5 3231/5/5
f 2911/5/3 3232/5/3 3236/5/3 2912/5/3
f 3232/5/6 3234/5/6 3237/5/6 3236/5/6
f 2911/5/5 2912/5/5 3238/5/5 3235/5/5
f 2912/5/3 3236/5/3 3239/5/3 2913/5/3
f 3236/5/6 3237/5/6 3240/5/6 3239/5/6
f 2912/5/5 2913/5/5 2933/5/5 3238/5/5
f 2913/5/3 3239/5/3 3241/5/3 2915/5/3
f 3239/5/6 3240/5/6 3242/5/6 3241/5/6
f 2915/5/3 3241/5/3 3243/5/3 2917/5/3
f 2944/5/4 2946/5/4 3244/5/4 3242/5/4
f 3241/5/6 3242/5/6 3244/5/6 3243/5/6
f 2917/5/3 3243/5/3 3245/5/3 2920/5/3
f 3243/5/6 3244/5/6 3246/5/6 3245/5/6
f 2920/5/3 3245/5/3 3247/5/3 2924/5/3
f 3245/5/6 3246/5/6 3248/5/6 3247/5/6
f 2927/5/2 3249/5/2 3250/5/2 2938/5/2
f 2924/5/3 3247/5/3 3249/5/3 2927/5/3
f 3247/5/6 3248/5/6 3250/5/6 3249/5/6
f 2930/1/1 2939/1/1 3251/1/1 3224/1/1
f 3224/1/6 3251/1/6 3252/1/6 3225/1/6
f 2930/1/5 3226/1/5 3253/1/5 2939/1/5
f 3228/1/2 3227/1/2 3254/1/2 3255/1/2
f 3225/1/6 3252/1/6 3254/1/6 3227/1/6
f 3226/1/5 3228/1/5 3255/1/5 3253/1/5
f 3229/5/1 3256/5/1 3257/5/1 3230/5/1
f 3229/5/5 3231/5/5 3258/5/5 3256/5/5
f 3233/5/6 3259/5/6 3260/5/6 3234/5/6
f 3231/5/5 3235/5/5 3261/5/5 3258/5/5
f 3234/5/6 3260/5/6 3262/5/6 3237/5/6
f 3235/5/5 3238/5/5 3263/5/5 3261/5/5
f 3237/5/6 3262/5/6 3264/5/6 3240/5/6
f 3238/5/5 2933/5/5 2942/5/5 3263/5/5
f 2944/5/2 3242/5/2 3265/5/2 2943/5/2
f 3240/5/6 3264/5/6 3265/5/6 3242/5/6
f 2946/5/1 2945/5/1 3266/5/1 3244/5/1
f 2945/5/4 2959/5/4 3267/5/4 3266/5/4
f 3244/5/6 3266/5/6 3267/5/6 3246/5/6
f 3246/5/6 3267/5/6 3268/5/6 3248/5/6
f 2938/5/2 3250/5/2 3269/5/2 2951/5/2
f 3248/5/6 3268/5/6 3269/5/6 3250/5/6
f 2939/1/1 2952/1/1 3270/1/1 3251/1/1
f 2952/1/4 3271/1/4 3272/1/4 3270/1/4
f 3251/1/6 3270/1/6 3272/1/6 3252/1/6
f 2939/1/5 3253/1/5 3271/1/5 2952/1/5
f 3255/1/2 3254/1/2 3273/1/2 3274/1/2
f 3271/1/4 3274/1/4 3273/1/4 3272/1/4
f 3252/1/6 3272/1/6 3273/1/6 3254/1/6
f 3253/1/5 3255/1/5 3274/1/5 3271/1/5
f 3256/5/1 3275/5/1 3276/5/1 3257/5/1
f 3256/5/5 3258/5/5 3277/5/5 3275/5/5
f 3258/5/5 3261/5/5 3278/5/5 3277/5/5
f 3260/5/6 3279/5/6 3280/5/6 3262/5/6
f 3261/5/5 3263/5/5 3281/5/5 3278/5/5
f 3262/5/6 3280/5/6 3282/5/6 3264/5/6
f 3263/5/5 2942/5/5 3283/5/5 3281/5/5
f 3264/5/6 3282/5/6 3284/5/6 3265/5/6
f 2942/5/5 2943/5/5 2955/5/5 3283/5/5
f 2945/3/2 3266/3/2 3285/3/2 2957/3/2
f 2943/3/3 3265/3/3 3266/3/3 2945/3/3
f 3265/3/6 3284/3/6 3285/3/6 3266/3/6
f 2959/5/1 2958/5/1 3286/5/1 3267/5/1
f 2958/5/4 2973/5/4 3287/5/4 3286/5/4
f 3267/5/6 3286/5/6 3287/5/6 3268/5/6
f 2951/5/2 3269/5/2 3288/5/2 2963/5/2
f 3268/5/6 3287/5/6 3288/5/6 3269/5/6
f 2952/1/2 3270/1/2 3289/1/2 2967/1/2
f 2954/1/1 2966/1/1 3290/1/1 3291/1/1
f 2954/1/3 3291/1/3 3270/1/3 2952/1/3
f 3291/1/6 3290/1/6 3289/1/6 3270/1/6
f 3275/5/1 3292/5/1 3293/5/1 3276/5/1
f 3275/5/5 3277/5/5 3294/5/5 3292/5/5
f 3295/4/6 3296/4/6 3297/4/6 3279/4/6
f 3277/4/5 3278/4/5 2985/4/5 3294/4/5
f 3278/5/5 3281/5/5 2979/5/5 2985/5/5
f 3280/5/6 3298/5/6 3299/5/6 3282/5/6
f 3281/5/5 3283/5/5 3300/5/5 2979/5/5
f 3282/5/6 3299/5/6 3301/5/6 3284/5/6
f 3283/5/5 2955/5/5 2969/5/5 3300/5/5
f 3284/5/6 3301/5/6 3302/5/6 3285/5/6
f 2958/3/2 3286/3/2 3303/3/2 2971/3/2
f 2957/3/3 3285/3/3 3286/3/3 2958/3/3
f 3285/3/6 3302/3/6 3303/3/6 3286/3/6
f 2963/5/2 3288/5/2 3304/5/2 2974/5/2
f 2973/5/1 2972/5/1 3305/5/1 3287/5/1
f 3287/5/6 3305/5/6 3304/5/6 3288/5/6
f 2967/1/2 3289/1/2 3306/1/2 3307/1/2
f 2966/1/1 2976/1/1 3308/1/1 3290/1/1
f 3290/1/6 3308/1/6 3306/1/6 3289/1/6
f 2966/1/5 2967/1/5 3307/1/5 2976/1/5
f 3292/5/1 3309/5/1 3310/5/1 3293/5/1
f 3292/5/5 3294/5/5 3311/5/5 3309/5/5
f 3296/3/6 3312/3/6 3313/3/6 3297/3/6
f 3294/3/5 2985/3/5 2984/3/5 3311/3/5
f 3297/4/6 3313/4/6 3314/4/6 3298/4/6
f 2979/5/5 3300/5/5 3315/5/5 2980/5/5
f 3299/5/6 3316/5/6 3317/5/6 3301/5/6
f 3300/5/5 2969/5/5 3318/5/5 3315/5/5
f 3301/5/6 3317/5/6 3319/5/6 3302/5/6
f 2969/5/5 2970/5/5 3320/5/5 3318/5/5
f 3302/5/6 3319/5/6 3321/5/6 3303/5/6
f 2970/5/5 2971/5/5 2987/5/5 3320/5/5
f 2971/3/3 3303/3/3 3305/3/3 2972/3/3
f 3303/3/6 3321/3/6 3322/3/6 3305/3/6
f 2974/5/2 3304/5/2 3323/5/2 2989/5/2
f 3305/5/6 3322/5/6 3323/5/6 3304/5/6
f 2972/5/5 2974/5/5 2989/5/5 2986/5/5
f 3307/1/2 3306/1/2 3324/1/2 3325/1/2
f 2976/1/1 2990/1/1 3326/1/1 3308/1/1
f 3308/1/6 3326/1/6 3324/1/6 3306/1/6
f 2976/1/5 3307/1/5 3325/1/5 2990/1/5
f 3309/5/1 3327/5/1 3328/5/1 3310/5/1
f 3309/5/5 3311/5/5 3329/5/5 3327/5/5
f 3312/4/6 3330/4/6 3331/4/6 3313/4/6
f 3311/4/5 2984/4/5 3332/4/5 3329/4/5
f 3313/3/6 3331/3/6 3333/3/6 3314/3/6
f 2984/3/5 2980/3/5 3334/3/5 3332/3/5
f 2980/5/5 3315/5/5 3000/5/5 3334/5/5
f 3316/5/6 3335/5/6 3336/5/6 3317/5/6
f 3315/5/5 3318/5/5 3001/5/5 3000/5/5
f 3001/5/4 3004/5/4 3337/5/4 3336/5/4
f 3317/5/6 3336/5/6 3337/5/6 3319/5/6
f 3318/5/5 3320/5/5 3004/5/5 3001/5/5
f 3004/5/4 3009/5/4 3338/5/4 3337/5/4
f 3319/5/6 3337/5/6 3338/5/6 3321/5/6
f 3320/5/5 2987/5/5 3009/5/5 3004/5/5
f 3009/5/4 3012/5/4 3339/5/4 3338/5/4
f 3321/5/6 3338/5/6 3339/5/6 3322/5/6
f 2987/5/5 2986/5/5 3012/5/5 3009/5/5
f 2989/5/2 3323/5/2 3340/5/2 2994/5/2
f 3322/5/6 3339/5/6 3340/5/6 3323/5/6
f 2986/5/5 2989/5/5 2994/5/5 3012/5/5
f 3325/1/2 3324/1/2 3341/1/2 3342/1/2
f 2990/1/1 2995/1/1 3343/1/1 3326/1/1
f 2995/1/4 3342/1/4 3341/1/4 3343/1/4
f 3326/1/6 3343/1/6 3341/1/6 3324/1/6
f 2990/1/5 3325/1/5 3342/1/5 2995/1/5
f 3327/5/1 3344/5/1 3345/5/1 3328/5/1
f 3327/5/5 3329/5/5 3346/5/5 3344/5/5
f 3330/3/6 3347/3/6 3348/3/6 3331/3/6
f 3329/3/5 3332/3/5 3349/3/5 3346/3/5
f 3331/4/6 3348/4/6 3350/4/6 3333/4/6
f 3332/4/5 3334/4/5 3023/4/5 3349/4/5
f 3334/5/5 3000/5/5 2999/5/5 3023/5/5
f 3001/5/2 3336/5/2 3351/5/2 3006/5/2
f 3335/5/6 3352/5/6 3351/5/6 3336/5/6
f 2994/5/2 3340/5/2 3353/5/2 3017/5/2
f 3012/5/1 3013/5/1 3354/5/1 3339/5/1
f 3339/5/6 3354/5/6 3353/5/6 3340/5/6
f 3012/5/5 2994/5/5 3017/5/5 3013/5/5
f 2995/1/2 3343/1/2 3355/1/2 3018/1/2
f 2996/1/1 3019/1/1 3356/1/1 3357/1/1
f 2996/1/3 3357/1/3 3343/1/3 2995/1/3
f 3357/1/6 3356/1/6 3355/1/6 3343/1/6
f 3344/5/1 3358/5/1 3359/5/1 3345/5/1
f 3344/5/5 3346/5/5 3360/5/5 3358/5/5
f 3347/4/6 3361/4/6 3362/4/6 3348/4/6
f 3346/4/5 3349/4/5 3363/4/5 3360/4/5
f 3349/5/5 3023/5/5 3022/5/5 3363/5/5
f 3350/5/6 3364/5/6 3365/5/6 3352/5/6
f 3006/5/2 3351/5/2 3366/5/2 3026/5/2
f 3352/5/6 3365/5/6 3366/5/6 3351/5/6
f 3017/5/2 3353/5/2 3367/5/2 3036/5/2
f 3013/5/1 3032/5/1 3368/5/1 3354/5/1
f 3354/5/6 3368/5/6 3367/5/6 3353/5/6
f 3013/5/5 3017/5/5 3036/5/5 3032/5/5
f 3018/1/2 3355/1/2 3369/1/2 3037/1/2
f 3019/1/1 3038/1/1 3370/1/1 3356/1/1
f 3356/1/6 3370/1/6 3369/1/6 3355/1/6
f 3358/5/1 3371/5/1 3372/5/1 3359/5/1
f 3358/5/5 3360/5/5 3373/5/5 3371/5/5
f 3360/5/5 3363/5/5 3374/5/5 3373/5/5
f 3362/5/6 3375/5/6 3376/5/6 3364/5/6
f 3363/5/5 3022/5/5 3042/5/5 3374/5/5
f 3364/5/6 3376/5/6 3377/5/6 3365/5/6
f 3365/5/6 3377/5/6 3378/5/6 3366/5/6
f 3027/5/5 3026/5/5 3379/5/5 3039/5/5
f 3026/5/3 3366/5/3 3380/5/3 3029/5/3
f 3366/5/6 3378/5/6 3381/5/6 3380/5/6
f 3026/5/5 3029/5/5 3382/5/5 3379/5/5
f 3029/5/3 3380/5/3 3383/5/3 3031/5/3
f 3380/5/6 3381/5/6 3384/5/6 3383/5/6
f 3029/5/5 3031/5/5 3385/5/5 3382/5/5
f 3031/5/3 3383/5/3 3368/5/3 3032/5/3
f 3383/5/6 3384/5/6 3386/5/6 3368/5/6
f 3031/5/5 3032/5/5 3387/5/5 3385/5/5
f 3036/5/2 3367/5/2 3388/5/2 3045/5/2
f 3368/5/6 3386/5/6 3388/5/6 3367/5/6
f 3032/5/5 3036/5/5 3045/5/5 3387/5/5
f 3037/1/2 3369/1/2 3389/1/2 3046/1/2
f 3038/1/1 3047/1/1 3390/1/1 3370/1/1
f 3370/1/6 3390/1/6 3389/1/6 3369/1/6
f 3371/5/1 3391/5/1 3392/5/1 3372/5/1
f 3371/5/5 3373/5/5 3393/5/5 3391/5/5
f 3394/5/6 3395/5/6 3396/5/6 3375/5/6
f 3373/5/5 3374/5/5 3397/5/5 3393/5/5
f 3375/5/6 3396/5/6 3398/5/6 3376/5/6
f 3374/5/5 3042/5/5 3399/5/5 3397/5/5
f 3376/5/6 3398/5/6 3400/5/6 3377/5/6
f 3042/5/5 3039/5/5 3401/5/5 3399/5/5
f 3377/5/6 3400/5/6 3402/5/6 3378/5/6
f 3039/5/5 3379/5/5 3403/5/5 3401/5/5
f 3378/5/6 3402/5/6 3404/5/6 3381/5/6
f 3379/5/5 3382/5/5 3405/5/5 3403/5/5
f 3381/5/6 3404/5/6 3406/5/6 3384/5/6
f 3382/5/5 3385/5/5 3407/5/5 3405/5/5
f 3384/5/6 3406/5/6 3408/5/6 3386/5/6
f 3385/5/5 3387/5/5 3409/5/5 3407/5/5
f 3045/5/2 3388/5/2 3410/5/2 3050/5/2
f 3386/5/6 3408/5/6 3410/5/6 3388/5/6
f 3387/5/5 3045/5/5 3050/5/5 3409/5/5
f 3046/1/2 3389/1/2 3411/1/2 3051/1/2
f 3047/1/1 3052/1/1 3412/1/1 3390/1/1
f 3390/1/6 3412/1/6 3411/1/6 3389/1/6
f 3391/5/1 3413/5/1 3414/5/1 3392/5/1
f 3391/5/5 3393/5/5 3415/5/5 3413/5/5
f 3395/5/6 3416/5/6 3417/5/6 3396/5/6
f 3393/5/5 3397/5/5 3418/5/5 3415/5/5
f 3396/5/6 3417/5/6 3419/5/6 3398/5/6
f 3397/5/5 3399/5/5 3420/5/5 3418/5/5
f 3398/5/6 3419/5/6 3421/5/6 3400/5/6
f 3399/5/5 3401/5/5 3061/5/5 3420/5/5
f 3400/5/6 3421/5/6 3422/5/6 3402/5/6
f 3401/5/5 3403/5/5 3062/5/5 3061/5/5
f 3062/5/4 3065/5/4 3423/5/4 3422/5/4
f 3402/5/6 3422/5/6 3423/5/6 3404/5/6
f 3403/5/5 3405/5/5 3065/5/5 3062/5/5
f 3065/5/4 3070/5/4 3424/5/4 3423/5/4
f 3404/5/6 3423/5/6 3424/5/6 3406/5/6
f 3405/5/5 3407/5/5 3070/5/5 3065/5/5
f 3070/5/4 3075/5/4 3425/5/4 3424/5/4
f 3406/5/6 3424/5/6 3425/5/6 3408/5/6
f 3407/5/5 3409/5/5 3075/5/5 3070/5/5
f 3050/5/2 3410/5/2 3426/5/2 3055/5/2
f 3408/5/6 3425/5/6 3426/5/6 3410/5/6
f 3409/5/5 3050/5/5 3055/5/5 3075/5/5
f 3051/1/2 3411/1/2 3427/1/2 3056/1/2
f 3052/1/1 3057/1/1 3428/1/1 3412/1/1
f 3413/5/1 3429/5/1 3430/5/1 3414/5/1
f 3413/5/5 3415/5/5 3431/5/5 3429/5/5
f 3416/5/6 3432/5/6 3433/5/6 3417/5/6
f 3415/5/5 3418/5/5 3434/5/5 3431/5/5
f 3417/5/6 3433/5/6 3435/5/6 3419/5/6
f 3418/5/5 3420/5/5 3436/5/5 3434/5/5
f 3419/5/6 3435/5/6 3437/5/6 3421/5/6
f 3420/5/5 3061/5/5 3060/5/5 3436/5/5
f 3062/5/2 3422/5/2 3438/5/2 3067/5/2
f 3421/5/6 3437/5/6 3438/5/6 3422/5/6
f 3055/5/2 3426/5/2 3439/5/2 3080/5/2
f 3075/5/1 3076/5/1 3440/5/1 3425/5/1
f 3425/5/6 3440/5/6 3439/5/6 3426/5/6
f 3075/5/5 3055/5/5 3080/5/5 3076/5/5
f 3056/1/2 3427/1/2 3441/1/2 3081/1/2
f 3057/1/1 3082/1/1 3442/1/1 3428/1/1
f 3429/5/1 3443/5/1 3444/5/1 3430/5/1
f 3429/5/5 3431/5/5 3445/5/5 3443/5/5
f 3431/5/5 3434/5/5 3446/5/5 3445/5/5
f 3433/5/6 3447/5/6 3448/5/6 3435/5/6
f 3434/5/5 3436/5/5 3449/5/5 3446/5/5
f 3435/5/6 3448/5/6 3450/5/6 3437/5/6
f 3436/5/5 3060/5/5 3084/5/5 3449/5/5
f 3067/5/2 3438/5/2 3451/5/2 3086/5/2
f 3437/5/6 3450/5/6 3451/5/6 3438/5/6
f 3080/5/2 3439/5/2 3452/5/2 3095/5/2
f 3076/5/1 3091/5/1 3453/5/1 3440/5/1
f 3440/5/6 3453/5/6 3452/5/6 3439/5/6
f 3076/5/5 3080/5/5 3095/5/5 3091/5/5
f 3081/1/2 3441/1/2 3454/1/2 3096/1/2
f 3082/1/1 3097/1/1 3455/1/1 3442/1/1
f 3443/5/1 3456/5/1 3457/5/1 3444/5/1
f 3443/5/5 3445/5/5 3458/5/5 3456/5/5
f 3445/5/5 3446/5/5 3459/5/5 3458/5/5
f 3447/5/6 3460/5/6 3461/5/6 3448/5/6
f 3446/5/5 3449/5/5 3462/5/5 3459/5/5
f 3448/5/6 3461/5/6 3463/5/6 3450/5/6
f 3449/5/5 3084/5/5 3464/5/5 3462/5/5
f 3450/5/6 3463/5/6 3465/5/6 3451/5/6
f 3084/5/5 3086/5/5 3466/5/5 3464/5/5
f 3086/5/3 3451/5/3 3467/5/3 3088/5/3
f 3451/5/6 3465/5/6 3468/5/6 3467/5/6
f 3086/5/5 3088/5/5 3469/5/5 3466/5/5
f 3088/5/3 3467/5/3 3470/5/3 3090/5/3
f 3467/5/6 3468/5/6 3471/5/6 3470/5/6
f 3088/5/5 3090/5/5 3472/5/5 3469/5/5
f 3090/5/3 3470/5/3 3453/5/3 3091/5/3
f 3470/5/6 3471/5/6 3473/5/6 3453/5/6
f 3090/5/5 3091/5/5 3474/5/5 3472/5/5
f 3095/5/2 3452/5/2 3475/5/2 3100/5/2
f 3453/5/6 3473/5/6 3475/5/6 3452/5/6
f 3091/5/5 3095/5/5 3100/5/5 3474/5/5
f 3096/1/2 3454/1/2 3476/1/2 3101/1/2
f 3097/1/1 3102/1/1 3477/1/1 3455/1/1
f 3456/5/1 3478/5/1 3479/5/1 3457/5/1
f 3456/5/5 3458/5/5 3480/5/5 3478/5/5
f 3458/5/5 3459/5/5 3481/5/5 3480/5/5
f 3460/5/6 3482/5/6 3483/5/6 3461/5/6
f 3459/5/5 3462/5/5 3484/5/5 3481/5/5
f 3461/5/6 3483/5/6 3485/5/6 3463/5/6
f 3462/5/5 3464/5/5 3486/5/5 3484/5/5
f 3463/5/6 3485/5/6 3487/5/6 3465/5/6
f 3464/5/5 3466/5/5 3488/5/5 3486/5/5
f 3465/5/6 3487/5/6 3489/5/6 3468/5/6
f 3466/5/5 3469/5/5 3490/5/5 3488/5/5
f 3468/5/6 3489/5/6 3491/5/6 3471/5/6
f 3469/5/5 3472/5/5 3492/5/5 3490/5/5
f 3471/5/6 3491/5/6 3493/5/6 3473/5/6
f 3472/5/5 3474/5/5 3494/5/5 3492/5/5
f 3100/5/2 3475/5/2 3495/5/2 3105/5/2
f 3473/5/6 3493/5/6 3495/5/6 3475/5/6
f 3474/5/5 3100/5/5 3105/5/5 3494/5/5
f 3101/1/2 3476/1/2 3496/1/2 3106/1/2
f 3102/1/1 3107/1/1 3497/1/1 3477/1/1
f 3478/5/1 3498/5/1 3499/5/1 3479/5/1
f 3478/5/5 3480/5/5 3500/5/5 3498/5/5
f 3480/5/5 3481/5/5 3501/5/5 3500/5/5
f 3482/5/6 3502/5/6 3503/5/6 3483/5/6
f 3481/5/5 3484/5/5 3504/5/5 3501/5/5
f 3483/5/6 3503/5/6 3505/5/6 3485/5/6
f 3484/5/5 3486/5/5 3120/5/5 3504/5/5
f 3485/5/6 3505/5/6 3506/5/6 3487/5/6
f 3486/5/5 3488/5/5 3121/5/5 3120/5/5
f 3121/5/4 3124/5/4 3507/5/4 3506/5/4
f 3487/5/6 3506/5/6 3507/5/6 3489/5/6
f 3488/5/5 3490/5/5 3124/5/5 3121/5/5
f 3124/5/4 3129/5/4 3508/5/4 3507/5/4
f 3489/5/6 3507/5/6 3508/5/6 3491/5/6
f 3490/5/5 3492/5/5 3129/5/5 3124/5/5
f 3129/5/4 3134/5/4 3509/5/4 3508/5/4
f 3491/5/6 3508/5/6 3509/5/6 3493/5/6
f 3492/5/5 3494/5/5 3134/5/5 3129/5/5
f 3105/5/2 3495/5/2 3510/5/2 3110/5/2
f 3493/5/6 3509/5/6 3510/5/6 3495/5/6
f 3494/5/5 3105/5/5 3110/5/5 3134/5/5
f 3107/1/1 3111/1/1 3511/1/1 3497/1/1
f 3113/1/2 3512/1/2 3513/1/2 3114/1/2
f 3106/1/3 3496/1/3 3512/1/3 3113/1/3
f 3116/1/4 3114/1/4 3513/1/4 3514/1/4
f 3498/5/1 3515/5/1 3516/5/1 3499/5/1
f 3498/5/5 3500/5/5 3517/5/5 3515/5/5
f 3518/5/6 3519/5/6 3520/5/6 3502/5/6
f 3500/5/5 3501/5/5 3521/5/5 3517/5/5
f 3502/5/6 3520/5/6 3522/5/6 3503/5/6
f 3501/5/5 3504/5/5 3523/5/5 3521/5/5
f 3503/5/6 3522/5/6 3524/5/6 3505/5/6
f 3504/5/5 3120/5/5 3119/5/5 3523/5/5
f 3121/5/2 3506/5/2 3525/5/2 3126/5/2
f 3505/5/6 3524/5/6 3525/5/6 3506/5/6
f 3110/5/2 3510/5/2 3526/5/2 3139/5/2
f 3134/5/1 3135/5/1 3527/5/1 3509/5/1
f 3509/5/6 3527/5/6 3526/5/6 3510/5/6
f 3134/5/5 3110/5/5 3139/5/5 3135/5/5
f 3116/1/2 3514/1/2 3528/1/2 3140/1/2
f 3111/1/1 3141/1/1 3529/1/1 3511/1/1
f 3515/5/1 3530/5/1 3531/5/1 3516/5/1
f 3515/5/5 3517/5/5 3532/5/5 3530/5/5
f 3519/5/6 3533/5/6 3534/5/6 3520/5/6
f 3517/5/5 3521/5/5 3535/5/5 3532/5/5
f 3520/5/6 3534/5/6 3536/5/6 3522/5/6
f 3521/5/5 3523/5/5 3537/5/5 3535/5/5
f 3522/5/6 3536/5/6 3538/5/6 3524/5/6
f 3523/5/5 3119/5/5 3143/5/5 3537/5/5
f 3126/5/2 3525/5/2 3539/5/2 3145/5/2
f 3524/5/6 3538/5/6 3539/5/6 3525/5/6
f 3139/5/2 3526/5/2 3540/5/2 3154/5/2
f 3135/5/1 3150/5/1 3541/5/1 3527/5/1
f 3527/5/6 3541/5/6 3540/5/6 3526/5/6
f 3135/5/5 3139/5/5 3154/5/5 3150/5/5
f 3140/1/2 3528/1/2 3542/1/2 3155/1/2
f 3141/1/1 3156/1/1 3543/1/1 3529/1/1
f 3156/1/4 3155/1/4 3542/1/4 3543/1/4
f 3529/1/6 3543/1/6 3542/1/6 3528/1/6
f 3530/5/1 3544/5/1 3545/5/1 3531/5/1
f 3530/5/5 3532/5/5 3546/5/5 3544/5/5
f 3533/5/6 3547/5/6 3548/5/6 3534/5/6
f 3532/5/5 3535/5/5 3549/5/5 3546/5/5
f 3534/5/6 3548/5/6 3550/5/6 3536/5/6
f 3535/5/5 3537/5/5 3551/5/5 3549/5/5
f 3536/5/6 3550/5/6 3552/5/6 3538/5/6
f 3537/5/5 3143/5/5 3553/5/5 3551/5/5
f 3538/5/6 3552/5/6 3554/5/6 3539/5/6
f 3143/5/5 3145/5/5 3555/5/5 3553/5/5
f 3145/5/3 3539/5/3 3556/5/3 3147/5/3
f 3539/5/6 3554/5/6 3557/5/6 3556/5/6
f 3145/5/5 3147/5/5 3558/5/5 3555/5/5
f 3147/5/3 3556/5/3 3559/5/3 3149/5/3
f 3556/5/6 3557/5/6 3560/5/6 3559/5/6
f 3147/5/5 3149/5/5 3561/5/5 3558/5/5
f 3149/5/3 3559/5/3 3541/5/3 3150/5/3
f 3559/5/6 3560/5/6 3562/5/6 3541/5/6
f 3149/5/5 3150/5/5 3563/5/5 3561/5/5
f 3154/5/2 3540/5/2 3564/5/2 3159/5/2
f 3541/5/6 3562/5/6 3564/5/6 3540/5/6
f 3150/5/5 3154/5/5 3159/5/5 3563/5/5
f 3565/1/2 3566/1/2 3567/1/2 3164/1/2
f 3155/1/1 3160/1/1 3568/1/1 3542/1/1
f 3155/1/3 3542/1/3 3566/1/3 3565/1/3
f 3155/1/5 3565/1/5 3164/1/5 3160/1/5
f 3544/5/1 3168/5/1 3569/5/1 3545/5/1
f 3544/5/5 3546/5/5 3169/5/5 3168/5/5
f 3169/5/4 3170/5/4 3570/5/4 3571/5/4
f 3547/5/6 3571/5/6 3570/5/6 3548/5/6
f 3546/5/5 3549/5/5 3170/5/5 3169/5/5
f 3170/5/4 3173/5/4 3572/5/4 3570/5/4
f 3548/5/6 3570/5/6 3572/5/6 3550/5/6
f 3549/5/5 3551/5/5 3173/5/5 3170/5/5
f 3173/5/4 3175/5/4 3573/5/4 3572/5/4
f 3550/5/6 3572/5/6 3573/5/6 3552/5/6
f 3551/5/5 3553/5/5 3175/5/5 3173/5/5
f 3175/5/4 3177/5/4 3574/5/4 3573/5/4
f 3552/5/6 3573/5/6 3574/5/6 3554/5/6
f 3553/5/5 3555/5/5 3177/5/5 3175/5/5
f 3177/5/4 3179/5/4 3575/5/4 3574/5/4
f 3554/5/6 3574/5/6 3575/5/6 3557/5/6
f 3555/5/5 3558/5/5 3179/5/5 3177/5/5
f 3179/5/4 3181/5/4 3576/5/4 3575/5/4
f 3557/5/6 3575/5/6 3576/5/6 3560/5/6
f 3558/5/5 3561/5/5 3181/5/5 3179/5/5
f 3181/5/4 3183/5/4 3577/5/4 3576/5/4
f 3560/5/6 3576/5/6 3577/5/6 3562/5/6
f 3561/5/5 3563/5/5 3183/5/5 3181/5/5
f 3159/5/2 3564/5/2 3578/5/2 3163/5/2
f 3183/5/4 3163/5/4 3578/5/4 3577/5/4
f 3562/5/6 3577/5/6 3578/5/6 3564/5/6
f 3563/5/5 3159/5/5 3163/5/5 3183/5/5
f 3164/1/2 3567/1/2 3579/1/2 3165/1/2
f 3160/1/1 3166/1/1 3580/1/1 3568/1/1
f 3166/1/4 3165/1/4 3579/1/4 3580/1/4
f 3568/1/6 3580/1/6 3579/1/6 3567/1/6
f 3169/2/2 3571/2/2 3581/2/2 3172/2/2
f 3168/2/1 3167/2/1 3582/2/1 3569/2/1
f 3165/1/1 3186/1/1 3583/1/1 3579/1/1
f 3165/1/3 3579/1/3 3584/1/3 3187/1/3
f 3186/1/4 3188/1/4 3585/1/4 3583/1/4
f 3579/1/6 3583/1/6 3585/1/6 3584/1/6
f 3189/1/2 3586/1/2 3587/1/2 3190/1/2
f 3187/1/3 3584/1/3 3586/1/3 3189/1/3
f 3188/1/4 3190/1/4 3587/1/4 3585/1/4
f 3584/1/6 3585/1/6 3587/1/6 3586/1/6
f 3172/2/2 3581/2/2 3588/2/2 3191/2/2
f 3167/2/1 3192/2/1 3589/2/1 3582/2/1
f 3190/1/1 3193/1/1 3590/1/1 3587/1/1
f 3190/1/3 3587/1/3 3589/1/3 3192/1/3
f 3193/1/4 3194/1/4 3591/1/4 3590/1/4
f 3587/1/6 3590/1/6 3591/1/6 3589/1/6
f 3191/2/2 3588/2/2 3592/2/2 3195/2/2
f 3194/2/4 3195/2/4 3592/2/4 3591/2/4
f 3589/2/6 3591/2/6 3592/2/6 3588/2/6
f 3195/1/1 3196/1/1 3593/1/1 3592/1/1
f 3195/1/3 3592/1/3 3594/1/3 3197/1/3
f 3196/1/4 3198/1/4 3595/1/4 3593/1/4
f 3592/1/6 3593/1/6 3595/1/6 3594/1/6
f 3199/1/2 3596/1/2 3597/1/2 3200/1/2
f 3197/1/3 3594/1/3 3596/1/3 3199/1/3
f 3198/1/4 3200/1/4 3597/1/4 3595/1/4
f 3594/1/6 3595/1/6 3597/1/6 3596/1/6
f 3207/1/1 3214/1/1 3598/1/1 3599/1/1
f 3207/1/3 3599/1/3 3600/1/3 3208/1/3
f 3214/1/4 3601/1/4 3602/1/4 3598/1/4
f 3599/1/6 3598/1/6 3602/1/6 3600/1/6
f 3207/1/5 3208/1/5 3601/1/5 3214/1/5
f 3209/1/2 3603/1/2 3604/1/2 3605/1/2
f 3208/1/3 3600/1/3 3603/1/3 3209/1/3
f 3601/1/4 3605/1/4 3604/1/4 3602/1/4
f 3600/1/6 3602/1/6 3604/1/6 3603/1/6
f 3208/1/5 3209/1/5 3605/1/5 3601/1/5
f 3210/1/1 3220/1/1 3606/1/1 3607/1/1
f 3210/1/3 3607/1/3 3608/1/3 3213/1/3
f 3607/1/6 3606/1/6 3609/1/6 3608/1/6
f 3210/1/5 3213/1/5 3223/1/5 3220/1/5
f 3214/2/2 3598/2/2 3610/2/2 3222/2/2
f 3213/2/3 3608/2/3 3598/2/3 3214/2/3
f 3608/2/6 3609/2/6 3610/2/6 3598/2/6
f 3220/1/1 3227/1/1 3611/1/1 3606/1/1
f 3606/1/6 3611/1/6 3612/1/6 3609/1/6
f 3220/1/5 3223/1/5 3230/1/5 3227/1/5
f 3222/2/2 3610/2/2 3613/2/2 3233/2/2
f 3609/2/6 3612/2/6 3613/2/6 3610/2/6
f 3227/1/1 3254/1/1 3614/1/1 3611/1/1
f 3611/1/6 3614/1/6 3615/1/6 3612/1/6
f 3227/1/5 3230/1/5 3257/1/5 3254/1/5
f 3233/2/2 3613/2/2 3616/2/2 3259/2/2
f 3612/2/6 3615/2/6 3616/2/6 3613/2/6
f 3254/1/1 3273/1/1 3617/1/1 3614/1/1
f 3273/1/4 3276/1/4 3618/1/4 3617/1/4
f 3614/1/6 3617/1/6 3618/1/6 3615/1/6
f 3254/1/5 3257/1/5 3276/1/5 3273/1/5
f 3615/2/6 3618/2/6 3619/2/6 3616/2/6
f 3260/3/2 3620/3/2 3621/3/2 3279/3/2
f 3259/3/3 3616/3/3 3620/3/3 3260/3/3
f 3295/3/4 3279/3/4 3621/3/4 3619/3/4
f 3270/1/1 3289/1/1 3622/1/1 3623/1/1
f 3270/1/3 3623/1/3 3624/1/3 3272/1/3
f 3623/1/6 3622/1/6 3625/1/6 3624/1/6
f 3270/1/5 3272/1/5 3626/1/5 3289/1/5
f 3273/1/2 3617/1/2 3627/1/2 3628/1/2
f 3272/1/3 3624/1/3 3617/1/3 3273/1/3
f 3624/1/6 3625/1/6 3627/1/6 3617/1/6
f 3272/1/5 3273/1/5 3628/1/5 3626/1/5
f 3295/4/2 3619/4/2 3629/4/2 3296/4/2
f 3276/4/1 3293/4/1 3630/4/1 3618/4/1
f 3280/3/2 3631/3/2 3632/3/2 3298/3/2
f 3279/3/1 3297/3/1 3633/3/1 3621/3/1
f 3279/3/3 3621/3/3 3631/3/3 3280/3/3
f 3297/3/4 3298/3/4 3632/3/4 3633/3/4
f 3621/3/6 3633/3/6 3632/3/6 3631/3/6
f 3289/1/1 3306/1/1 3634/1/1 3622/1/1
f 3622/1/6 3634/1/6 3635/1/6 3625/1/6
f 3289/1/5 3626/1/5 3636/1/5 3306/1/5
f 3628/1/2 3627/1/2 3637/1/2 3638/1/2
f 3625/1/6 3635/1/6 3637/1/6 3627/1/6
f 3626/1/5 3628/1/5 3638/1/5 3636/1/5
f 3296/3/2 3629/3/2 3639/3/2 3312/3/2
f 3293/3/1 3310/3/1 3640/3/1 3630/3/1
f 3299/3/2 3641/3/2 3642/3/2 3316/3/2
f 3298/3/1 3314/3/1 3643/3/1 3632/3/1
f 3298/3/3 3632/3/3 3641/3/3 3299/3/3
f 3632/3/6 3643/3/6 3642/3/6 3641/3/6
f 3306/1/1 3324/1/1 3644/1/1 3634/1/1
f 3634/1/6 3644/1/6 3645/1/6 3635/1/6
f 3306/1/5 3636/1/5 3646/1/5 3324/1/5
f 3638/1/2 3637/1/2 3647/1/2 3648/1/2
f 3635/1/6 3645/1/6 3647/1/6 3637/1/6
f 3636/1/5 3638/1/5 3648/1/5 3646/1/5
f 3312/4/2 3639/4/2 3649/4/2 3330/4/2
f 3310/4/1 3328/4/1 3650/4/1 3640/4/1
f 3316/3/2 3642/3/2 3651/3/2 3335/3/2
f 3314/3/1 3333/3/1 3652/3/1 3643/3/1
f 3643/3/6 3652/3/6 3651/3/6 3642/3/6
f 3324/1/1 3341/1/1 3653/1/1 3644/1/1
f 3644/1/6 3653/1/6 3654/1/6 3645/1/6
f 3324/1/5 3646/1/5 3655/1/5 3341/1/5
f 3648/1/2 3647/1/2 3656/1/2 3657/1/2
f 3645/1/6 3654/1/6 3656/1/6 3647/1/6
f 3646/1/5 3648/1/5 3657/1/5 3655/1/5
f 3330/3/2 3649/3/2 3658/3/2 3347/3/2
f 3328/3/1 3345/3/1 3659/3/1 3650/3/1
f 3335/3/2 3651/3/2 3660/3/2 3352/3/2
f 3333/3/1 3350/3/1 3661/3/1 3652/3/1
f 3350/3/4 3352/3/4 3660/3/4 3661/3/4
f 3652/3/6 3661/3/6 3660/3/6 3651/3/6
f 3343/1/1 3355/1/1 3662/1/1 3663/1/1
f 3343/1/3 3663/1/3 3653/1/3 3341/1/3
f 3663/1/6 3662/1/6 3664/1/6 3653/1/6
f 3343/1/5 3341/1/5 3665/1/5 3355/1/5
f 3341/1/5 3655/1/5 3666/1/5 3665/1/5
f 3657/1/2 3656/1/2 3667/1/2 3668/1/2
f 3666/1/4 3668/1/4 3667/1/4 3669/1/4
f 3655/1/5 3657/1/5 3668/1/5 3666/1/5
f 3347/4/2 3658/4/2 3670/4/2 3361/4/2
f 3345/4/1 3359/4/1 3671/4/1 3659/4/1
f 3350/3/2 3661/3/2 3672/3/2 3364/3/2
f 3348/3/1 3362/3/1 3673/3/1 3674/3/1
f 3348/3/3 3674/3/3 3661/3/3 3350/3/3
f 3362/3/4 3364/3/4 3672/3/4 3673/3/4
f 3674/3/6 3673/3/6 3672/3/6 3661/3/6
f 3355/1/1 3369/1/1 3675/1/1 3662/1/1
f 3662/1/6 3675/1/6 3676/1/6 3664/1/6
f 3355/1/5 3665/1/5 3677/1/5 3369/1/5
f 3666/1/2 3669/1/2 3678/1/2 3679/1/2
f 3665/1/5 3666/1/5 3679/1/5 3677/1/5
f 3359/2/1 3372/2/1 3680/2/1 3671/2/1
f 3362/3/2 3673/3/2 3681/3/2 3375/3/2
f 3361/3/3 3670/3/3 3673/3/3 3362/3/3
f 3394/3/4 3375/3/4 3681/3/4 3682/3/4
f 3670/3/6 3682/3/6 3681/3/6 3673/3/6
f 3369/1/1 3389/1/1 3683/1/1 3675/1/1
f 3675/1/6 3683/1/6 3684/1/6 3676/1/6
f 3369/1/5 3677/1/5 3685/1/5 3389/1/5
f 3679/1/2 3678/1/2 3686/1/2 3687/1/2
f 3685/1/4 3687/1/4 3686/1/4 3684/1/4
f 3677/1/5 3679/1/5 3687/1/5 3685/1/5
f 3394/2/2 3682/2/2 3688/2/2 3395/2/2
f 3372/2/1 3392/2/1 3689/2/1 3680/2/1
f 3685/1/2 3684/1/2 3690/1/2 3691/1/2
f 3389/1/1 3411/1/1 3692/1/1 3683/1/1
f 3683/1/6 3692/1/6 3690/1/6 3684/1/6
f 3389/1/5 3685/1/5 3691/1/5 3411/1/5
f 3693/1/2 3694/1/2 3695/1/2 3696/1/2
f 3687/1/1 3697/1/1 3698/1/1 3686/1/1
f 3687/1/3 3686/1/3 3694/1/3 3693/1/3
f 3697/1/4 3696/1/4 3695/1/4 3698/1/4
f 3687/1/5 3693/1/5 3696/1/5 3697/1/5
f 3395/2/2 3688/2/2 3699/2/2 3416/2/2
f 3392/2/1 3414/2/1 3700/2/1 3689/2/1
f 3412/1/1 3428/1/1 3701/1/1 3702/1/1
f 3412/1/3 3702/1/3 3692/1/3 3411/1/3
f 3702/1/6 3701/1/6 3703/1/6 3692/1/6
f 3691/1/2 3690/1/2 3704/1/2 3705/1/2
f 3427/1/4 3705/1/4 3704/1/4 3703/1/4
f 3411/1/5 3691/1/5 3705/1/5 3427/1/5
f 3416/2/2 3699/2/2 3706/2/2 3432/2/2
f 3414/2/1 3430/2/1 3707/2/1 3700/2/1
f 3427/1/2 3703/1/2 3708/1/2 3441/1/2
f 3428/1/1 3442/1/1 3709/1/1 3701/1/1
f 3701/1/6 3709/1/6 3708/1/6 3703/1/6
f 3430/2/1 3444/2/1 3710/2/1 3707/2/1
f 3433/3/2 3711/3/2 3712/3/2 3447/3/2
f 3432/3/3 3706/3/3 3711/3/3 3433/3/3
f 3441/1/2 3708/1/2 3713/1/2 3454/1/2
f 3442/1/1 3455/1/1 3714/1/1 3709/1/1
f 3709/1/6 3714/1/6 3713/1/6 3708/1/6
f 3444/2/1 3457/2/1 3715/2/1 3710/2/1
f 3447/3/2 3712/3/2 3716/3/2 3460/3/2
f 3717/3/6 3718/3/6 3716/3/6 3712/3/6
f 3454/1/2 3713/1/2 3719/1/2 3476/1/2
f 3455/1/1 3477/1/1 3720/1/1 3714/1/1
f 3714/1/6 3720/1/6 3719/1/6 3713/1/6
f 3457/2/1 3479/2/1 3721/2/1 3715/2/1
f 3460/3/2 3716/3/2 3722/3/2 3482/3/2
f 3476/1/2 3719/1/2 3723/1/2 3496/1/2
f 3477/1/1 3497/1/1 3724/1/1 3720/1/1
f 3720/1/6 3724/1/6 3723/1/6 3719/1/6
f 3479/2/1 3499/2/1 3725/2/1 3721/2/1
f 3482/3/2 3722/3/2 3726/3/2 3502/3/2
f 3518/3/4 3502/3/4 3726/3/4 3727/3/4
f 3728/3/6 3727/3/6 3726/3/6 3722/3/6
f 3497/1/1 3511/1/1 3729/1/1 3724/1/1
f 3724/1/6 3729/1/6 3730/1/6 3723/1/6
f 3512/1/2 3731/1/2 3732/1/2 3513/1/2
f 3496/1/3 3723/1/3 3731/1/3 3512/1/3
f 3514/1/4 3513/1/4 3732/1/4 3730/1/4
f 3518/2/2 3727/2/2 3733/2/2 3519/2/2
f 3499/2/1 3516/2/1 3734/2/1 3725/2/1
f 3514/1/2 3730/1/2 3735/1/2 3528/1/2
f 3511/1/1 3529/1/1 3736/1/1 3729/1/1
f 3529/1/4 3528/1/4 3735/1/4 3736/1/4
f 3729/1/6 3736/1/6 3735/1/6 3730/1/6
f 3519/2/2 3733/2/2 3737/2/2 3533/2/2
f 3516/2/1 3531/2/1 3738/2/1 3734/2/1
f 3739/1/2 3740/1/2 3741/1/2 3566/1/2
f 3528/1/1 3542/1/1 3742/1/1 3735/1/1
f 3528/1/3 3735/1/3 3740/1/3 3739/1/3
f 3528/1/5 3739/1/5 3566/1/5 3542/1/5
f 3533/2/2 3737/2/2 3743/2/2 3547/2/2
f 3531/2/1 3545/2/1 3744/2/1 3738/2/1
f 3566/1/2 3741/1/2 3745/1/2 3567/1/2
f 3542/1/1 3568/1/1 3746/1/1 3742/1/1
f 3568/1/4 3567/1/4 3745/1/4 3746/1/4
f 3742/1/6 3746/1/6 3745/1/6 3741/1/6
f 3547/2/2 3743/2/2 3747/2/2 3571/2/2
f 3545/2/1 3569/2/1 3748/2/1 3744/2/1
f 3567/1/1 3579/1/1 3749/1/1 3745/1/1
f 3567/1/3 3745/1/3 3750/1/3 3751/1/3
f 3579/1/4 3584/1/4 3752/1/4 3749/1/4
f 3745/1/6 3749/1/6 3752/1/6 3750/1/6
f 3567/1/5 3751/1/5 3584/1/5 3579/1/5
f 3753/1/2 3754/1/2 3755/1/2 3586/1/2
f 3751/1/3 3750/1/3 3754/1/3 3753/1/3
f 3584/1/4 3586/1/4 3755/1/4 3752/1/4
f 3750/1/6 3752/1/6 3755/1/6 3754/1/6
f 3751/1/5 3753/1/5 3586/1/5 3584/1/5
f 3571/2/2 3747/2/2 3756/2/2 3581/2/2
f 3569/2/1 3582/2/1 3757/2/1 3748/2/1
f 3586/1/1 3587/1/1 3758/1/1 3755/1/1
f 3586/1/3 3755/1/3 3757/1/3 3582/1/3
f 3587/1/4 3589/1/4 3759/1/4 3758/1/4
f 3755/1/6 3758/1/6 3759/1/6 3757/1/6
f 3586/1/5 3582/1/5 3589/1/5 3587/1/5
f 3581/2/2 3756/2/2 3760/2/2 3588/2/2
f 3589/2/4 3588/2/4 3760/2/4 3759/2/4
f 3757/2/6 3759/2/6 3760/2/6 3756/2/6
f 3588/1/1 3592/1/1 3761/1/1 3760/1/1
f 3588/1/3 3760/1/3 3762/1/3 3763/1/3
f 3592/1/4 3594/1/4 3764/1/4 3761/1/4
f 3760/1/6 3761/1/6 3764/1/6 3762/1/6
f 3588/1/5 3763/1/5 3594/1/5 3592/1/5
f 3765/1/2 3766/1/2 3767/1/2 3596/1/2
f 3763/1/3 3762/1/3 3766/1/3 3765/1/3
f 3594/1/4 3596/1/4 3767/1/4 3764/1/4
f 3762/1/6 3764/1/6 3767/1/6 3766/1/6
f 3763/1/5 3765/1/5 3596/1/5 3594/1/5
f 3598/1/1 3610/1/1 3768/1/1 3769/1/1
f 3598/1/3 3769/1/3 3770/1/3 3602/1/3
f 3769/1/6 3768/1/6 3771/1/6 3770/1/6
f 3598/1/5 3602/1/5 3772/1/5 3610/1/5
f 3604/1/2 3773/1/2 3774/1/2 3775/1/2
f 3602/1/3 3770/1/3 3773/1/3 3604/1/3
f 3770/1/6 3771/1/6 3774/1/6 3773/1/6
f 3602/1/5 3604/1/5 3775/1/5 3772/1/5
f 3610/1/1 3613/1/1 3776/1/1 3768/1/1
f 3768/1/6 3776/1/6 3777/1/6 3771/1/6
f 3610/1/5 3772/1/5 3778/1/5 3613/1/5
f 3775/1/2 3774/1/2 3779/1/2 3780/1/2
f 3771/1/6 3777/1/6 3779/1/6 3774/1/6
f 3772/1/5 3775/1/5 3780/1/5 3778/1/5
f 3613/1/1 3616/1/1 3781/1/1 3776/1/1
f 3776/1/6 3781/1/6 3782/1/6 3777/1/6
f 3613/1/5 3778/1/5 3620/1/5 3616/1/5
f 3780/1/2 3779/1/2 3783/1/2 3784/1/2
f 3777/1/6 3782/1/6 3783/1/6 3779/1/6
f 3778/1/5 3780/1/5 3784/1/5 3620/1/5
f 3616/1/1 3619/1/1 3785/1/1 3781/1/1
f 3619/1/4 3621/1/4 3786/1/4 3785/1/4
f 3781/1/6 3785/1/6 3786/1/6 3782/1/6
f 3784/1/2 3783/1/2 3787/1/2 3631/1/2
f 3621/1/4 3631/1/4 3787/1/4 3786/1/4
f 3782/1/6 3786/1/6 3787/1/6 3783/1/6
f 3620/1/5 3784/1/5 3631/1/5 3621/1/5
f 3617/1/1 3627/1/1 3788/1/1 3789/1/1
f 3617/1/3 3789/1/3 3790/1/3 3618/1/3
f 3789/1/6 3788/1/6 3791/1/6 3790/1/6
f 3617/1/5 3618/1/5 3630/1/5 3627/1/5
f 3619/2/2 3785/2/2 3792/2/2 3629/2/2
f 3618/2/3 3790/2/3 3785/2/3 3619/2/3
f 3790/2/6 3791/2/6 3792/2/6 3785/2/6
f 3627/1/1 3637/1/1 3793/1/1 3788/1/1
f 3788/1/6 3793/1/6 3794/1/6 3791/1/6
f 3627/1/5 3630/1/5 3640/1/5 3637/1/5
f 3629/2/2 3792/2/2 3795/2/2 3639/2/2
f 3791/2/6 3794/2/6 3795/2/6 3792/2/6
f 3637/1/1 3647/1/1 3796/1/1 3793/1/1
f 3793/1/6 3796/1/6 3797/1/6 3794/1/6
f 3637/1/5 3640/1/5 3650/1/5 3647/1/5
f 3639/2/2 3795/2/2 3798/2/2 3649/2/2
f 3794/2/6 3797/2/6 3798/2/6 3795/2/6
f 3647/1/1 3656/1/1 3799/1/1 3796/1/1
f 3656/1/4 3659/1/4 3800/1/4 3799/1/4
f 3796/1/6 3799/1/6 3800/1/6 3797/1/6
f 3647/1/5 3650/1/5 3659/1/5 3656/1/5
f 3649/2/2 3798/2/2 3801/2/2 3658/2/2
f 3797/2/6 3800/2/6 3801/2/6 3798/2/6
f 3653/1/1 3664/1/1 3802/1/1 3803/1/1
f 3653/1/3 3803/1/3 3804/1/3 3654/1/3
f 3803/1/6 3802/1/6 3805/1/6 3804/1/6
f 3656/1/2 3799/1/2 3806/1/2 3667/1/2
f 3654/1/3 3804/1/3 3799/1/3 3656/1/3
f 3804/1/6 3805/1/6 3806/1/6 3799/1/6
f 3658/2/2 3801/2/2 3807/2/2 3670/2/2
f 3659/2/1 3671/2/1 3808/2/1 3800/2/1
f 3664/1/1 3676/1/1 3809/1/1 3802/1/1
f 3802/1/6 3809/1/6 3810/1/6 3805/1/6
f 3667/1/2 3806/1/2 3811/1/2 3812/1/2
f 3805/1/6 3810/1/6 3811/1/6 3806/1/6
f 3669/1/5 3667/1/5 3812/1/5 3678/1/5
f 3670/2/2 3807/2/2 3813/2/2 3682/2/2
f 3671/2/1 3680/2/1 3814/2/1 3808/2/1
f 3676/1/1 3684/1/1 3815/1/1 3809/1/1
f 3809/1/6 3815/1/6 3816/1/6 3810/1/6
f 3810/1/6 3816/1/6 3817/1/6 3811/1/6
f 3678/1/5 3812/1/5 3694/1/5 3686/1/5
f 3812/1/3 3811/1/3 3814/1/3 3680/1/3
f 3812/1/5 3680/1/5 3689/1/5 3694/1/5
f 3682/2/2 3813/2/2 3818/2/2 3688/2/2
f 3684/1/1 3690/1/1 3819/1/1 3815/1/1
f 3690/1/4 3698/1/4 3820/1/4 3819/1/4
f 3815/1/6 3819/1/6 3820/1/6 3816/1/6
f 3684/1/5 3686/1/5 3698/1/5 3690/1/5
f 3816/1/6 3820/1/6 3821/1/6 3817/1/6
f 3695/1/4 3700/1/4 3822/1/4 3821/1/4
f 3694/1/5 3689/1/5 3700/1/5 3695/1/5
f 3823/3/2 3824/3/2 3825/3/2 3826/3/2
f 3688/3/3 3818/3/3 3824/3/3 3823/3/3
f 3699/3/4 3826/3/4 3825/3/4 3827/3/4
f 3818/3/6 3827/3/6 3825/3/6 3824/3/6
f 3688/3/5 3823/3/5 3826/3/5 3699/3/5
f 3690/1/2 3819/1/2 3828/1/2 3704/1/2
f 3692/1/1 3703/1/1 3829/1/1 3830/1/1
f 3692/1/3 3830/1/3 3819/1/3 3690/1/3
f 3830/1/6 3829/1/6 3828/1/6 3819/1/6
f 3695/1/2 3821/1/2 3831/1/2 3832/1/2
f 3698/1/1 3833/1/1 3834/1/1 3820/1/1
f 3833/1/4 3832/1/4 3831/1/4 3834/1/4
f 3698/1/5 3695/1/5 3832/1/5 3833/1/5
f 3699/2/2 3827/2/2 3835/2/2 3706/2/2
f 3700/2/1 3707/2/1 3836/2/1 3822/2/1
f 3837/3/2 3838/3/2 3839/3/2 3840/3/2
f 3826/3/1 3711/3/1 3841/3/1 3825/3/1
f 3826/3/3 3825/3/3 3838/3/3 3837/3/3
f 3825/3/6 3841/3/6 3839/3/6 3838/3/6
f 3826/3/5 3837/3/5 3840/3/5 3711/3/5
f 3704/1/2 3828/1/2 3842/1/2 3843/1/2
f 3703/1/1 3708/1/1 3844/1/1 3829/1/1
f 3829/1/6 3844/1/6 3842/1/6 3828/1/6
f 3703/1/5 3704/1/5 3843/1/5 3708/1/5
f 3707/2/1 3710/2/1 3845/2/1 3836/2/1
f 3706/3/3 3835/3/3 3841/3/3 3711/3/3
f 3717/3/4 3712/3/4 3846/3/4 3847/3/4
f 3835/3/6 3847/3/6 3846/3/6 3841/3/6
f 3840/3/2 3839/3/2 3848/3/2 3849/3/2
f 3841/3/6 3846/3/6 3848/3/6 3839/3/6
f 3711/3/5 3840/3/5 3849/3/5 3712/3/5
f 3843/1/2 3842/1/2 3850/1/2 3851/1/2
f 3708/1/1 3713/1/1 3852/1/1 3844/1/1
f 3844/1/6 3852/1/6 3850/1/6 3842/1/6
f 3708/1/5 3843/1/5 3851/1/5 3713/1/5
f 3717/2/2 3847/2/2 3853/2/2 3718/2/2
f 3710/2/1 3715/2/1 3854/2/1 3845/2/1
f 3849/3/2 3848/3/2 3855/3/2 3856/3/2
f 3712/3/1 3716/3/1 3857/3/1 3846/3/1
f 3846/3/6 3857/3/6 3855/3/6 3848/3/6
f 3712/3/5 3849/3/5 3856/3/5 3716/3/5
f 3851/1/2 3850/1/2 3858/1/2 3859/1/2
f 3713/1/1 3719/1/1 3860/1/1 3852/1/1
f 3852/1/6 3860/1/6 3858/1/6 3850/1/6
f 3713/1/5 3851/1/5 3859/1/5 3719/1/5
f 3715/2/1 3721/2/1 3861/2/1 3854/2/1
f 3718/3/3 3853/3/3 3857/3/3 3716/3/3
f 3728/3/4 3722/3/4 3862/3/4 3863/3/4
f 3853/3/6 3863/3/6 3862/3/6 3857/3/6
f 3856/3/2 3855/3/2 3864/3/2 3865/3/2
f 3857/3/6 3862/3/6 3864/3/6 3855/3/6
f 3716/3/5 3856/3/5 3865/3/5 3722/3/5
f 3859/1/2 3858/1/2 3866/1/2 3731/1/2
f 3719/1/1 3723/1/1 3867/1/1 3860/1/1
f 3860/1/6 3867/1/6 3866/1/6 3858/1/6
f 3719/1/5 3859/1/5 3731/1/5 3723/1/5
f 3728/2/2 3863/2/2 3868/2/2 3727/2/2
f 3721/2/1 3725/2/1 3869/2/1 3861/2/1
f 3865/3/2 3864/3/2 3870/3/2 3871/3/2
f 3722/3/1 3726/3/1 3872/3/1 3862/3/1
f 3862/3/6 3872/3/6 3870/3/6 3864/3/6
f 3722/3/5 3865/3/5 3871/3/5 3726/3/5
f 3723/1/1 3730/1/1 3873/1/1 3867/1/1
f 3874/1/2 3875/1/2 3876/1/2 3877/1/2
f 3731/1/3 3866/1/3 3875/1/3 3874/1/3
f 3732/1/4 3877/1/4 3876/1/4 3878/1/4
f 3731/1/5 3874/1/5 3877/1/5 3732/1/5
f 3725/2/1 3734/2/1 3879/2/1 3869/2/1
f 3727/3/3 3868/3/3 3872/3/3 3726/3/3
f 3733/3/4 3880/3/4 3881/3/4 3882/3/4
f 3868/3/6 3882/3/6 3881/3/6 3872/3/6
f 3727/3/5 3726/3/5 3880/3/5 3733/3/5
f 3871/3/2 3870/3/2 3883/3/2 3884/3/2
f 3872/3/6 3881/3/6 3883/3/6 3870/3/6
f 3726/3/5 3871/3/5 3884/3/5 3880/3/5
f 3732/1/2 3878/1/2 3885/1/2 3740/1/2
f 3730/1/1 3735/1/1 3886/1/1 3873/1/1
f 3873/1/6 3886/1/6 3885/1/6 3878/1/6
f 3730/1/5 3732/1/5 3740/1/5 3735/1/5
f 3733/2/2 3882/2/2 3887/2/2 3737/2/2
f 3734/2/1 3738/2/1 3888/2/1 3879/2/1
f 3884/3/2 3883/3/2 3889/3/2 3890/3/2
f 3880/3/1 3891/3/1 3892/3/1 3881/3/1
f 3891/3/4 3890/3/4 3889/3/4 3892/3/4
f 3881/3/6 3892/3/6 3889/3/6 3883/3/6
f 3880/3/5 3884/3/5 3890/3/5 3891/3/5
f 3740/1/2 3885/1/2 3893/1/2 3741/1/2
f 3735/1/1 3742/1/1 3894/1/1 3886/1/1
f 3742/1/4 3741/1/4 3893/1/4 3894/1/4
f 3886/1/6 3894/1/6 3893/1/6 3885/1/6
f 3738/2/1 3744/2/1 3895/2/1 3888/2/1
f 3891/3/2 3892/3/2 3896/3/2 3897/3/2
f 3737/3/3 3887/3/3 3892/3/3 3891/3/3
f 3743/3/4 3897/3/4 3896/3/4 3898/3/4
f 3887/3/6 3898/3/6 3896/3/6 3892/3/6
f 3737/3/5 3891/3/5 3897/3/5 3743/3/5
f 3741/1/1 3745/1/1 3899/1/1 3893/1/1
f 3741/1/3 3893/1/3 3900/1/3 3901/1/3
f 3745/1/4 3750/1/4 3902/1/4 3899/1/4
f 3741/1/5 3901/1/5 3750/1/5 3745/1/5
f 3903/1/2 3904/1/2 3905/1/2 3754/1/2
f 3901/1/3 3900/1/3 3904/1/3 3903/1/3
f 3750/1/4 3754/1/4 3905/1/4 3902/1/4
f 3901/1/5 3903/1/5 3754/1/5 3750/1/5
f 3743/2/2 3898/2/2 3906/2/2 3747/2/2
f 3744/2/1 3748/2/1 3907/2/1 3895/2/1
f 3754/1/1 3755/1/1 3908/1/1 3905/1/1
f 3754/1/3 3905/1/3 3907/1/3 3748/1/3
f 3755/1/4 3757/1/4 3909/1/4 3908/1/4
f 3754/1/5 3748/1/5 3757/1/5 3755/1/5
f 3747/2/2 3906/2/2 3910/2/2 3756/2/2
f 3757/2/4 3756/2/4 3910/2/4 3909/2/4
f 3756/1/1 3760/1/1 3911/1/1 3910/1/1
f 3756/1/3 3910/1/3 3912/1/3 3913/1/3
f 3760/1/4 3762/1/4 3914/1/4 3911/1/4
f 3756/1/5 3913/1/5 3762/1/5 3760/1/5
f 3915/1/2 3916/1/2 3917/1/2 3766/1/2
f 3913/1/3 3912/1/3 3916/1/3 3915/1/3
f 3762/1/4 3766/1/4 3917/1/4 3914/1/4
f 3913/1/5 3915/1/5 3766/1/5 3762/1/5
f 3785/1/1 3792/1/1 3918/1/1 3919/1/1
f 3785/1/3 3919/1/3 3920/1/3 3786/1/3
f 3919/1/6 3918/1/6 3921/1/6 3920/1/6
f 3785/1/5 3786/1/5 3922/1/5 3792/1/5
f 3787/1/2 3923/1/2 3924/1/2 3925/1/2
f 3786/1/3 3920/1/3 3923/1/3 3787/1/3
f 3920/1/6 3921/1/6 3924/1/6 3923/1/6
f 3786/1/5 3787/1/5 3925/1/5 3922/1/5
f 3792/1/1 3795/1/1 3926/1/1 3918/1/1
f 3918/1/6 3926/1/6 3927/1/6 3921/1/6
f 3792/1/5 3922/1/5 3928/1/5 3795/1/5
f 3925/1/2 3924/1/2 3929/1/2 3930/1/2
f 3921/1/6 3927/1/6 3929/1/6 3924/1/6
f 3922/1/5 3925/1/5 3930/1/5 3928/1/5
f 3795/1/1 3798/1/1 3931/1/1 3926/1/1
f 3926/1/6 3931/1/6 3932/1/6 3927/1/6
f 3795/1/5 3928/1/5 3933/1/5 3798/1/5
f 3930/1/2 3929/1/2 3934/1/2 3935/1/2
f 3927/1/6 3932/1/6 3934/1/6 3929/1/6
f 3928/1/5 3930/1/5 3935/1/5 3933/1/5
f 3798/1/1 3801/1/1 3936/1/1 3931/1/1
f 3801/1/4 3937/1/4 3938/1/4 3936/1/4
f 3931/1/6 3936/1/6 3938/1/6 3932/1/6
f 3798/1/5 3933/1/5 3937/1/5 3801/1/5
f 3935/1/2 3934/1/2 3939/1/2 3940/1/2
f 3937/1/4 3940/1/4 3939/1/4 3938/1/4
f 3932/1/6 3938/1/6 3939/1/6 3934/1/6
f 3933/1/5 3935/1/5 3940/1/5 3937/1/5
f 3799/1/1 3806/1/1 3941/1/1 3942/1/1
f 3799/1/3 3942/1/3 3943/1/3 3800/1/3
f 3942/1/6 3941/1/6 3944/1/6 3943/1/6
f 3799/1/5 3800/1/5 3808/1/5 3806/1/5
f 3801/2/2 3936/2/2 3945/2/2 3807/2/2
f 3800/2/3 3943/2/3 3936/2/3 3801/2/3
f 3943/2/6 3944/2/6 3945/2/6 3936/2/6
f 3806/1/1 3811/1/1 3946/1/1 3941/1/1
f 3941/1/6 3946/1/6 3947/1/6 3944/1/6
f 3806/1/5 3808/1/5 3814/1/5 3811/1/5
f 3807/2/2 3945/2/2 3948/2/2 3813/2/2
f 3944/2/6 3947/2/6 3948/2/6 3945/2/6
f 3811/1/1 3817/1/1 3949/1/1 3946/1/1
f 3946/1/6 3949/1/6 3950/1/6 3947/1/6
f 3813/2/2 3948/2/2 3951/2/2 3818/2/2
f 3947/2/6 3950/2/6 3951/2/6 3948/2/6
f 3817/1/1 3821/1/1 3952/1/1 3949/1/1
f 3821/1/4 3822/1/4 3953/1/4 3952/1/4
f 3949/1/6 3952/1/6 3953/1/6 3950/1/6
f 3818/2/2 3951/2/2 3954/2/2 3827/2/2
f 3950/2/6 3953/2/6 3954/2/6 3951/2/6
f 3819/1/1 3828/1/1 3955/1/1 3956/1/1
f 3819/1/3 3956/1/3 3957/1/3 3820/1/3
f 3956/1/6 3955/1/6 3958/1/6 3957/1/6
f 3819/1/5 3820/1/5 3834/1/5 3828/1/5
f 3821/1/2 3952/1/2 3959/1/2 3831/1/2
f 3820/1/3 3957/1/3 3952/1/3 3821/1/3
f 3957/1/6 3958/1/6 3959/1/6 3952/1/6
f 3827/2/2 3954/2/2 3960/2/2 3835/2/2
f 3822/2/1 3836/2/1 3961/2/1 3953/2/1
f 3828/1/1 3842/1/1 3962/1/1 3955/1/1
f 3955/1/6 3962/1/6 3963/1/6 3958/1/6
f 3828/1/5 3834/1/5 3964/1/5 3842/1/5
f 3831/1/2 3959/1/2 3965/1/2 3966/1/2
f 3958/1/6 3963/1/6 3965/1/6 3959/1/6
f 3834/1/5 3831/1/5 3966/1/5 3964/1/5
f 3835/2/2 3960/2/2 3967/2/2 3847/2/2
f 3836/2/1 3845/2/1 3968/2/1 3961/2/1
f 3842/1/1 3850/1/1 3969/1/1 3962/1/1
f 3962/1/6 3969/1/6 3970/1/6 3963/1/6
f 3842/1/5 3964/1/5 3971/1/5 3850/1/5
f 3966/1/2 3965/1/2 3972/1/2 3973/1/2
f 3963/1/6 3970/1/6 3972/1/6 3965/1/6
f 3964/1/5 3966/1/5 3973/1/5 3971/1/5
f 3847/2/2 3967/2/2 3974/2/2 3853/2/2
f 3845/2/1 3854/2/1 3975/2/1 3968/2/1
f 3850/1/1 3858/1/1 3976/1/1 3969/1/1
f 3969/1/6 3976/1/6 3977/1/6 3970/1/6
f 3850/1/5 3971/1/5 3978/1/5 3858/1/5
f 3973/1/2 3972/1/2 3979/1/2 3980/1/2
f 3970/1/6 3977/1/6 3979/1/6 3972/1/6
f 3971/1/5 3973/1/5 3980/1/5 3978/1/5
f 3853/2/2 3974/2/2 3981/2/2 3863/2/2
f 3854/2/1 3861/2/1 3982/2/1 3975/2/1
f 3858/1/1 3866/1/1 3983/1/1 3976/1/1
f 3976/1/6 3983/1/6 3984/1/6 3977/1/6
f 3858/1/5 3978/1/5 3875/1/5 3866/1/5
f 3980/1/2 3979/1/2 3985/1/2 3986/1/2
f 3977/1/6 3984/1/6 3985/1/6 3979/1/6
f 3978/1/5 3980/1/5 3986/1/5 3875/1/5
f 3863/2/2 3981/2/2 3987/2/2 3868/2/2
f 3861/2/1 3869/2/1 3988/2/1 3982/2/1
f 3867/1/1 3873/1/1 3989/1/1 3990/1/1
f 3867/1/3 3990/1/3 3983/1/3 3866/1/3
f 3873/1/4 3878/1/4 3991/1/4 3989/1/4
f 3990/1/6 3989/1/6 3991/1/6 3983/1/6
f 3983/1/6 3991/1/6 3992/1/6 3984/1/6
f 3986/1/2 3985/1/2 3993/1/2 3994/1/2
f 3984/1/6 3992/1/6 3993/1/6 3985/1/6
f 3875/1/5 3986/1/5 3994/1/5 3876/1/5
f 3868/2/2 3987/2/2 3995/2/2 3882/2/2
f 3869/2/1 3879/2/1 3996/2/1 3988/2/1
f 3878/1/1 3885/1/1 3997/1/1 3991/1/1
f 3991/1/6 3997/1/6 3998/1/6 3992/1/6
f 3878/1/5 3876/1/5 3999/1/5 3885/1/5
f 3994/1/2 3993/1/2 4000/1/2 4001/1/2
f 3992/1/6 3998/1/6 4000/1/6 3993/1/6
f 3876/1/5 3994/1/5 4001/1/5 3999/1/5
f 3882/2/2 3995/2/2 4002/2/2 3887/2/2
f 3879/2/1 3888/2/1 4003/2/1 3996/2/1
f 3885/1/1 3893/1/1 4004/1/1 3997/1/1
f 3997/1/6 4004/1/6 4005/1/6 3998/1/6
f 3885/1/5 3999/1/5 3900/1/5 3893/1/5
f 4001/1/2 4000/1/2 4006/1/2 3904/1/2
f 3998/1/6 4005/1/6 4006/1/6 4000/1/6
f 3999/1/5 4001/1/5 3904/1/5 3900/1/5
f 3887/2/2 4002/2/2 4007/2/2 3898/2/2
f 3888/2/1 3895/2/1 4008/2/1 4003/2/1
f 3893/1/1 3899/1/1 4009/1/1 4004/1/1
f 3899/1/4 3902/1/4 4010/1/4 4009/1/4
f 4004/1/6 4009/1/6 4010/1/6 4005/1/6
f 3904/1/2 4006/1/2 4011/1/2 3905/1/2
f 3902/1/4 3905/1/4 4011/1/4 4010/1/4
f 4005/1/6 4010/1/6 4011/1/6 4006/1/6
f 3898/2/2 4007/2/2 4012/2/2 3906/2/2
f 3895/2/1 3907/2/1 4013/2/1 4008/2/1
f 3905/1/1 3908/1/1 4014/1/1 4011/1/1
f 3905/1/3 4011/1/3 4013/1/3 3907/1/3
f 3908/1/4 3909/1/4 4015/1/4 4014/1/4
f 4011/1/6 4014/1/6 4015/1/6 4013/1/6
f 3906/2/2 4012/2/2 4016/2/2 3910/2/2
f 3909/2/4 3910/2/4 4016/2/4 4015/2/4
f 4013/2/6 4015/2/6 4016/2/6 4012/2/6
f 3910/1/1 3911/1/1 4017/1/1 4016/1/1
f 3910/1/3 4016/1/3 4018/1/3 3912/1/3
f 3911/1/4 3914/1/4 4019/1/4 4017/1/4
f 4016/1/6 4017/1/6 4019/1/6 4018/1/6
f 3916/1/2 4020/1/2 4021/1/2 3917/1/2
f 3912/1/3 4018/1/3 4020/1/3 3916/1/3
f 3914/1/4 3917/1/4 4021/1/4 4019/1/4
f 4018/1/6 4019/1/6 4021/1/6 4020/1/6
f 3936/1/1 3945/1/1 4022/1/1 4023/1/1
f 3936/1/3 4023/1/3 4024/1/3 3938/1/3
f 4023/1/6 4022/1/6 4025/1/6 4024/1/6
f 3936/1/5 3938/1/5 4026/1/5 3945/1/5
f 3939/1/2 4027/1/2 4028/1/2 4029/1/2
f 3938/1/3 4024/1/3 4027/1/3 3939/1/3
f 4024/1/6 4025/1/6 4028/1/6 4027/1/6
f 3938/1/5 3939/1/5 4029/1/5 4026/1/5
f 3945/1/1 3948/1/1 4030/1/1 4022/1/1
f 4022/1/6 4030/1/6 4031/1/6 4025/1/6
f 3945/1/5 4026/1/5 4032/1/5 3948/1/5
f 4029/1/2 4028/1/2 4033/1/2 4034/1/2
f 4025/1/6 4031/1/6 4033/1/6 4028/1/6
f 4026/1/5 4029/1/5 4034/1/5 4032/1/5
f 3948/1/1 3951/1/1 4035/1/1 4030/1/1
f 4030/1/6 4035/1/6 4036/1/6 4031/1/6
f 3948/1/5 4032/1/5 4037/1/5 3951/1/5
f 4034/1/2 4033/1/2 4038/1/2 4039/1/2
f 4031/1/6 4036/1/6 4038/1/6 4033/1/6
f 4032/1/5 4034/1/5 4039/1/5 4037/1/5
f 3951/1/1 3954/1/1 4040/1/1 4035/1/1
f 3954/1/4 4041/1/4 4042/1/4 4040/1/4
f 4035/1/6 4040/1/6 4042/1/6 4036/1/6
f 3951/1/5 4037/1/5 4041/1/5 3954/1/5
f 4039/1/2 4038/1/2 4043/1/2 4044/1/2
f 4041/1/4 4044/1/4 4043/1/4 4042/1/4
f 4036/1/6 4042/1/6 4043/1/6 4038/1/6
f 4037/1/5 4039/1/5 4044/1/5 4041/1/5
f 3952/1/1 3959/1/1 4045/1/1 4046/1/1
f 3952/1/3 4046/1/3 4047/1/3 3953/1/3
f 4046/1/6 4045/1/6 4048/1/6 4047/1/6
f 3952/1/5 3953/1/5 3961/1/5 3959/1/5
f 3954/2/2 4040/2/2 4049/2/2 3960/2/2
f 3953/2/3 4047/2/3 4040/2/3 3954/2/3
f 4047/2/6 4048/2/6 4049/2/6 4040/2/6
f 3959/1/1 3965/1/1 4050/1/1 4045/1/1
f 4045/1/6 4050/1/6 4051/1/6 4048/1/6
f 3959/1/5 3961/1/5 3968/1/5 3965/1/5
f 3960/2/2 4049/2/2 4052/2/2 3967/2/2
f 4048/2/6 4051/2/6 4052/2/6 4049/2/6
f 3965/1/1 3972/1/1 4053/1/1 4050/1/1
f 4050/1/6 4053/1/6 4054/1/6 4051/1/6
f 3965/1/5 3968/1/5 3975/1/5 3972/1/5
f 3967/2/2 4052/2/2 4055/2/2 3974/2/2
f 4051/2/6 4054/2/6 4055/2/6 4052/2/6
f 3972/1/1 3979/1/1 4056/1/1 4053/1/1
f 4053/1/6 4056/1/6 4057/1/6 4054/1/6
f 3972/1/5 3975/1/5 3982/1/5 3979/1/5
f 3974/2/2 4055/2/2 4058/2/2 3981/2/2
f 4054/2/6 4057/2/6 4058/2/6 4055/2/6
f 3979/1/1 3985/1/1 4059/1/1 4056/1/1
f 4056/1/6 4059/1/6 4060/1/6 4057/1/6
f 3979/1/5 3982/1/5 3988/1/5 3985/1/5
f 3981/2/2 4058/2/2 4061/2/2 3987/2/2
f 4057/2/6 4060/2/6 4061/2/6 4058/2/6
f 3985/1/1 3993/1/1 4062/1/1 4059/1/1
f 4059/1/6 4062/1/6 4063/1/6 4060/1/6
f 3985/1/5 3988/1/5 3996/1/5 3993/1/5
f 3987/2/2 4061/2/2 4064/2/2 3995/2/2
f 4060/2/6 4063/2/6 4064/2/6 4061/2/6
f 3993/1/1 4000/1/1 4065/1/1 4062/1/1
f 4062/1/6 4065/1/6 4066/1/6 4063/1/6
f 3993/1/5 3996/1/5 4003/1/5 4000/1/5
f 3995/2/2 4064/2/2 4067/2/2 4002/2/2
f 4063/2/6 4066/2/6 4067/2/6 4064/2/6
f 4000/1/1 4006/1/1 4068/1/1 4065/1/1
f 4065/1/6 4068/1/6 4069/1/6 4066/1/6
f 4000/1/5 4003/1/5 4008/1/5 4006/1/5
f 4002/2/2 4067/2/2 4070/2/2 4007/2/2
f 4066/2/6 4069/2/6 4070/2/6 4067/2/6
f 4006/1/1 4011/1/1 4071/1/1 4068/1/1
f 4011/1/4 4013/1/4 4072/1/4 4071/1/4
f 4068/1/6 4071/1/6 4072/1/6 4069/1/6
f 4006/1/5 4008/1/5 4013/1/5 4011/1/5
f 4007/2/2 4070/2/2 4073/2/2 4012/2/2
f 4013/2/4 4012/2/4 4073/2/4 4072/2/4
f 4069/2/6 4072/2/6 4073/2/6 4070/2/6
f 4012/1/1 4016/1/1 4074/1/1 4073/1/1
f 4012/1/3 4073/1/3 4075/1/3 4076/1/3
f 4016/1/4 4018/1/4 4077/1/4 4074/1/4
f 4073/1/6 4074/1/6 4077/1/6 4075/1/6
f 4012/1/5 4076/1/5 4018/1/5 4016/1/5
f 4078/1/2 4079/1/2 4080/1/2 4020/1/2
f 4076/1/3 4075/1/3 4079/1/3 4078/1/3
f 4018/1/4 4020/1/4 4080/1/4 4077/1/4
f 4075/1/6 4077/1/6 4080/1/6 4079/1/6
f 4076/1/5 4078/1/5 4020/1/5 4018/1/5
f 4040/1/1 4049/1/1 4081/1/1 4082/1/1
f 4040/1/3 4082/1/3 4083/1/3 4042/1/3
f 4082/1/6 4081/1/6 4084/1/6 4083/1/6
f 4040/1/5 4042/1/5 4085/1/5 4049/1/5
f 4043/1/2 4086/1/2 4087/1/2 4088/1/2
f 4042/1/3 4083/1/3 4086/1/3 4043/1/3
f 4083/1/6 4084/1/6 4087/1/6 4086/1/6
f 4042/1/5 4043/1/5 4088/1/5 4085/1/5
f 4049/1/1 4052/1/1 4089/1/1 4081/1/1
f 4081/1/6 4089/1/6 4090/1/6 4084/1/6
f 4049/1/5 4085/1/5 4091/1/5 4052/1/5
f 4088/1/2 4087/1/2 4092/1/2 4093/1/2
f 4084/1/6 4090/1/6 4092/1/6 4087/1/6
f 4085/1/5 4088/1/5 4093/1/5 4091/1/5
f 4052/1/1 4055/1/1 4094/1/1 4089/1/1
f 4089/1/6 4094/1/6 4095/1/6 4090/1/6
f 4052/1/5 4091/1/5 4096/1/5 4055/1/5
f 4093/1/2 4092/1/2 4097/1/2 4098/1/2
f 4090/1/6 4095/1/6 4097/1/6 4092/1/6
f 4091/1/5 4093/1/5 4098/1/5 4096/1/5
f 4055/1/1 4058/1/1 4099/1/1 4094/1/1
f 4094/1/6 4099/1/6 4100/1/6 4095/1/6
f 4055/1/5 4096/1/5 4101/1/5 4058/1/5
f 4098/1/2 4097/1/2 4102/1/2 4103/1/2
f 4095/1/6 4100/1/6 4102/1/6 4097/1/6
f 4096/1/5 4098/1/5 4103/1/5 4101/1/5
f 4058/1/1 4061/1/1 4104/1/1 4099/1/1
f 4099/1/6 4104/1/6 4105/1/6 4100/1/6
f 4058/1/5 4101/1/5 4106/1/5 4061/1/5
f 4103/1/2 4102/1/2 4107/1/2 4108/1/2
f 4100/1/6 4105/1/6 4107/1/6 4102/1/6
f 4101/1/5 4103/1/5 4108/1/5 4106/1/5
f 4061/1/1 4064/1/1 4109/1/1 4104/1/1
f 4104/1/6 4109/1/6 4110/1/6 4105/1/6
f 4061/1/5 4106/1/5 4111/1/5 4064/1/5
f 4108/1/2 4107/1/2 4112/1/2 4113/1/2
f 4105/1/6 4110/1/6 4112/1/6 4107/1/6
f 4106/1/5 4108/1/5 4113/1/5 4111/1/5
f 4064/1/1 4067/1/1 4114/1/1 4109/1/1
f 4109/1/6 4114/1/6 4115/1/6 4110/1/6
f 4064/1/5 4111/1/5 4116/1/5 4067/1/5
f 4113/1/2 4112/1/2 4117/1/2 4118/1/2
f 4110/1/6 4115/1/6 4117/1/6 4112/1/6
f 4111/1/5 4113/1/5 4118/1/5 4116/1/5
f 4067/1/1 4070/1/1 4119/1/1 4114/1/1
f 4114/1/6 4119/1/6 4120/1/6 4115/1/6
f 4067/1/5 4116/1/5 4121/1/5 4070/1/5
f 4118/1/2 4117/1/2 4122/1/2 4123/1/2
f 4115/1/6 4120/1/6 4122/1/6 4117/1/6
f 4116/1/5 4118/1/5 4123/1/5 4121/1/5
f 4070/1/1 4073/1/1 4124/1/1 4119/1/1
f 4073/1/4 4075/1/4 4125/1/4 4124/1/4
f 4119/1/6 4124/1/6 4125/1/6 4120/1/6
f 4070/1/5 4121/1/5 4075/1/5 4073/1/5
f 4123/1/2 4122/1/2 4126/1/2 4079/1/2
f 4075/1/4 4079/1/4 4126/1/4 4125/1/4
f 4120/1/6 4125/1/6 4126/1/6 4122/1/6
f 4121/1/5 4123/1/5 4079/1/5 4075/1/5
