mtllib Cedro_Juan_Manuel_Lombana_Cárdenas_fase_3.mtl
o Cedro_Juan_Manuel_Lombana_Cárdenas_fase_3
v -8.0000 0.0000 9.0000
v -8.0000 0.0000 8.0000
v -7.0000 0.0000 8.0000
v -7.0000 0.0000 9.0000
v -7.0000 1.0000 9.0000
v -8.0000 1.0000 9.0000
v -8.0000 1.0000 8.0000
v -8.0000 2.0000 9.0000
v -7.0000 2.0000 9.0000
v -7.0000 2.0000 8.0000
v -8.0000 2.0000 8.0000
v -8.0000 0.0000 7.0000
v -7.0000 0.0000 7.0000
v -8.0000 1.0000 7.0000
v -7.0000 2.0000 7.0000
v -8.0000 2.0000 7.0000
v -7.0000 1.0000 8.0000
v -7.0000 1.0000 7.0000
v -8.0000 0.0000 6.0000
v -7.0000 0.0000 6.0000
v -8.0000 1.0000 6.0000
v -7.0000 2.0000 6.0000
v -8.0000 2.0000 6.0000
v -7.0000 1.0000 6.0000
v -8.0000 0.0000 5.0000
v -7.0000 0.0000 5.0000
v -8.0000 1.0000 5.0000
v -7.0000 2.0000 5.0000
v -8.0000 2.0000 5.0000
v -7.0000 1.0000 5.0000
v -8.0000 0.0000 4.0000
v -7.0000 0.0000 4.0000
v -8.0000 1.0000 4.0000
v -7.0000 2.0000 4.0000
v -8.0000 2.0000 4.0000
v -7.0000 1.0000 4.0000
v -8.0000 0.0000 3.0000
v -7.0000 0.0000 3.0000
v -8.0000 1.0000 3.0000
v -7.0000 2.0000 3.0000
v -8.0000 2.0000 3.0000
v -7.0000 1.0000 3.0000
v -8.0000 0.0000 2.0000
v -7.0000 0.0000 2.0000
v -8.0000 1.0000 2.0000
v -7.0000 2.0000 2.0000
v -8.0000 2.0000 2.0000
v -7.0000 1.0000 2.0000
v -8.0000 0.0000 1.0000
v -7.0000 0.0000 1.0000
v -8.0000 1.0000 1.0000
v -7.0000 1.0000 1.0000
v -7.0000 2.0000 1.0000
v -8.0000 2.0000 1.0000
v -8.0000 3.0000 2.0000
v -7.0000 3.0000 2.0000
v -7.0000 3.0000 1.0000
v -8.0000 3.0000 1.0000
v -8.0000 0.0000 -0.0000
v -7.0000 0.0000 -0.0000
v -8.0000 1.0000 -0.0000
v -7.0000 1.0000 -0.0000
v -7.0000 2.0000 -0.0000
v -8.0000 2.0000 -0.0000
v -7.0000 3.0000 -0.0000
v -8.0000 3.0000 -0.0000
v -8.0000 0.0000 -1.0000
v -7.0000 0.0000 -1.0000
v -8.0000 1.0000 -1.0000
v -7.0000 2.0000 -1.0000
v -8.0000 2.0000 -1.0000
v -7.0000 1.0000 -1.0000
v -8.0000 0.0000 -2.0000
v -7.0000 0.0000 -2.0000
v -8.0000 1.0000 -2.0000
v -7.0000 2.0000 -2.0000
v -8.0000 2.0000 -2.0000
v -7.0000 1.0000 -2.0000
v -8.0000 0.0000 -3.0000
v -7.0000 0.0000 -3.0000
v -8.0000 1.0000 -3.0000
v -7.0000 2.0000 -3.0000
v -8.0000 2.0000 -3.0000
v -7.0000 1.0000 -3.0000
v -8.0000 0.0000 -4.0000
v -7.0000 0.0000 -4.0000
v -8.0000 1.0000 -4.0000
v -7.0000 2.0000 -4.0000
v -8.0000 2.0000 -4.0000
v -7.0000 1.0000 -4.0000
v -8.0000 0.0000 -5.0000
v -7.0000 0.0000 -5.0000
v -8.0000 1.0000 -5.0000
v -7.0000 2.0000 -5.0000
v -8.0000 2.0000 -5.0000
v -7.0000 1.0000 -5.0000
v -8.0000 0.0000 -6.0000
v -7.0000 0.0000 -6.0000
v -8.0000 1.0000 -6.0000
v -7.0000 2.0000 -6.0000
v -8.0000 2.0000 -6.0000
v -8.0000 -1.0000 -6.0000
v -8.0000 -1.0000 -7.0000
v -7.0000 -1.0000 -7.0000
v -7.0000 -1.0000 -6.0000
v -8.0000 0.0000 -7.0000
v -7.0000 0.0000 -7.0000
v -8.0000 1.0000 -7.0000
v -7.0000 1.0000 -7.0000
v -7.0000 2.0000 -7.0000
v -8.0000 2.0000 -7.0000
v -6.0000 0.0000 8.0000
v -6.0000 0.0000 9.0000
v -6.0000 1.0000 9.0000
v -6.0000 2.0000 9.0000
v -6.0000 2.0000 8.0000
v -6.0000 1.0000 8.0000
v -7.0000 -2.0000 8.0000
v -7.0000 -2.0000 7.0000
v -6.0000 -2.0000 7.0000
v -6.0000 -2.0000 8.0000
v -6.0000 -1.0000 8.0000
v -7.0000 -1.0000 8.0000
v -7.0000 -1.0000 7.0000
v -6.0000 1.0000 7.0000
v -7.0000 3.0000 8.0000
v -6.0000 3.0000 8.0000
v -6.0000 3.0000 7.0000
v -7.0000 3.0000 7.0000
v -6.0000 2.0000 7.0000
v -7.0000 -2.0000 6.0000
v -6.0000 -2.0000 6.0000
v -7.0000 -1.0000 6.0000
v -6.0000 -1.0000 7.0000
v -6.0000 -1.0000 6.0000
v -6.0000 0.0000 6.0000
v -6.0000 0.0000 7.0000
v -6.0000 1.0000 6.0000
v -6.0000 3.0000 6.0000
v -7.0000 3.0000 6.0000
v -6.0000 2.0000 6.0000
v -7.0000 -2.0000 5.0000
v -6.0000 -2.0000 5.0000
v -7.0000 -1.0000 5.0000
v -6.0000 -1.0000 5.0000
v -6.0000 0.0000 5.0000
v -6.0000 1.0000 5.0000
v -6.0000 3.0000 5.0000
v -7.0000 3.0000 5.0000
v -6.0000 2.0000 5.0000
v -7.0000 -3.0000 5.0000
v -7.0000 -3.0000 4.0000
v -6.0000 -3.0000 4.0000
v -6.0000 -3.0000 5.0000
v -7.0000 -2.0000 4.0000
v -6.0000 -2.0000 4.0000
v -7.0000 -1.0000 4.0000
v -6.0000 -1.0000 4.0000
v -6.0000 0.0000 4.0000
v -6.0000 1.0000 4.0000
v -6.0000 3.0000 4.0000
v -7.0000 3.0000 4.0000
v -6.0000 2.0000 4.0000
v -7.0000 -2.0000 3.0000
v -6.0000 -2.0000 3.0000
v -7.0000 -1.0000 3.0000
v -6.0000 -1.0000 3.0000
v -6.0000 0.0000 3.0000
v -6.0000 1.0000 3.0000
v -6.0000 3.0000 3.0000
v -7.0000 3.0000 3.0000
v -6.0000 2.0000 3.0000
v -7.0000 -2.0000 2.0000
v -6.0000 -2.0000 2.0000
v -7.0000 -1.0000 2.0000
v -6.0000 -1.0000 2.0000
v -6.0000 0.0000 2.0000
v -6.0000 1.0000 2.0000
v -6.0000 3.0000 2.0000
v -6.0000 2.0000 2.0000
v -7.0000 -2.0000 1.0000
v -6.0000 -2.0000 1.0000
v -7.0000 -1.0000 1.0000
v -6.0000 -1.0000 1.0000
v -6.0000 0.0000 1.0000
v -6.0000 1.0000 1.0000
v -6.0000 2.0000 1.0000
v -6.0000 3.0000 1.0000
v -7.0000 4.0000 2.0000
v -6.0000 4.0000 2.0000
v -6.0000 4.0000 1.0000
v -7.0000 4.0000 1.0000
v -7.0000 -2.0000 -0.0000
v -6.0000 -2.0000 -0.0000
v -7.0000 -1.0000 -0.0000
v -6.0000 -1.0000 -0.0000
v -6.0000 0.0000 -0.0000
v -6.0000 1.0000 -0.0000
v -6.0000 2.0000 -0.0000
v -6.0000 3.0000 -0.0000
v -6.0000 4.0000 -0.0000
v -7.0000 4.0000 -0.0000
v -7.0000 -2.0000 -1.0000
v -6.0000 -2.0000 -1.0000
v -7.0000 -1.0000 -1.0000
v -6.0000 -1.0000 -1.0000
v -6.0000 0.0000 -1.0000
v -6.0000 1.0000 -1.0000
v -6.0000 3.0000 -1.0000
v -7.0000 3.0000 -1.0000
v -6.0000 2.0000 -1.0000
v -7.0000 -2.0000 -2.0000
v -6.0000 -2.0000 -2.0000
v -7.0000 -1.0000 -2.0000
v -6.0000 1.0000 -2.0000
v -6.0000 3.0000 -2.0000
v -7.0000 3.0000 -2.0000
v -6.0000 2.0000 -2.0000
v -7.0000 -2.0000 -3.0000
v -6.0000 -2.0000 -3.0000
v -7.0000 -1.0000 -3.0000
v -6.0000 -1.0000 -2.0000
v -6.0000 -1.0000 -3.0000
v -6.0000 0.0000 -3.0000
v -6.0000 0.0000 -2.0000
v -6.0000 1.0000 -3.0000
v -6.0000 3.0000 -3.0000
v -7.0000 3.0000 -3.0000
v -6.0000 2.0000 -3.0000
v -7.0000 -2.0000 -4.0000
v -6.0000 -2.0000 -4.0000
v -7.0000 -1.0000 -4.0000
v -6.0000 -1.0000 -4.0000
v -6.0000 0.0000 -4.0000
v -6.0000 1.0000 -4.0000
v -6.0000 3.0000 -4.0000
v -7.0000 3.0000 -4.0000
v -6.0000 2.0000 -4.0000
v -7.0000 -2.0000 -5.0000
v -6.0000 -2.0000 -5.0000
v -7.0000 -1.0000 -5.0000
v -6.0000 1.0000 -5.0000
v -6.0000 3.0000 -5.0000
v -7.0000 3.0000 -5.0000
v -6.0000 2.0000 -5.0000
v -7.0000 -3.0000 -5.0000
v -7.0000 -3.0000 -6.0000
v -6.0000 -3.0000 -6.0000
v -6.0000 -3.0000 -5.0000
v -7.0000 -2.0000 -6.0000
v -6.0000 -2.0000 -6.0000
v -6.0000 -1.0000 -6.0000
v -6.0000 0.0000 -6.0000
v -6.0000 2.0000 -6.0000
v -6.0000 0.0000 -7.0000
v -6.0000 1.0000 -7.0000
v -6.0000 2.0000 -7.0000
v -5.0000 0.0000 8.0000
v -5.0000 0.0000 9.0000
v -5.0000 1.0000 9.0000
v -5.0000 2.0000 9.0000
v -5.0000 2.0000 8.0000
v -5.0000 1.0000 8.0000
v -5.0000 -2.0000 7.0000
v -5.0000 -2.0000 8.0000
v -5.0000 -1.0000 8.0000
v -5.0000 0.0000 7.0000
v -5.0000 -1.0000 7.0000
v -5.0000 1.0000 7.0000
v -5.0000 3.0000 8.0000
v -5.0000 3.0000 7.0000
v -5.0000 2.0000 7.0000
v -5.0000 -1.0000 6.0000
v -5.0000 -2.0000 6.0000
v -5.0000 1.0000 6.0000
v -5.0000 0.0000 6.0000
v -6.0000 4.0000 7.0000
v -5.0000 4.0000 7.0000
v -5.0000 4.0000 6.0000
v -6.0000 4.0000 6.0000
v -5.0000 3.0000 6.0000
v -5.0000 -1.0000 5.0000
v -5.0000 -2.0000 5.0000
v -5.0000 2.0000 6.0000
v -5.0000 2.0000 5.0000
v -5.0000 1.0000 5.0000
v -5.0000 4.0000 5.0000
v -6.0000 4.0000 5.0000
v -5.0000 3.0000 5.0000
v -5.0000 -1.0000 4.0000
v -5.0000 -2.0000 4.0000
v -5.0000 0.0000 4.0000
v -5.0000 0.0000 5.0000
v -5.0000 1.0000 4.0000
v -5.0000 2.0000 4.0000
v -5.0000 4.0000 4.0000
v -6.0000 4.0000 4.0000
v -5.0000 3.0000 4.0000
v -5.0000 -1.0000 3.0000
v -5.0000 -2.0000 3.0000
v -5.0000 2.0000 3.0000
v -5.0000 1.0000 3.0000
v -5.0000 4.0000 3.0000
v -6.0000 4.0000 3.0000
v -5.0000 3.0000 3.0000
v -5.0000 -1.0000 2.0000
v -5.0000 -2.0000 2.0000
v -5.0000 2.0000 2.0000
v -5.0000 1.0000 2.0000
v -5.0000 4.0000 2.0000
v -5.0000 3.0000 2.0000
v -6.0000 -9.0000 2.0000
v -5.0000 -9.0000 2.0000
v -5.0000 -9.0000 1.0000
v -6.0000 -9.0000 1.0000
v -6.0000 -10.0000 2.0000
v -6.0000 -10.0000 1.0000
v -5.0000 -10.0000 1.0000
v -5.0000 -10.0000 2.0000
v -5.0000 -1.0000 1.0000
v -5.0000 -2.0000 1.0000
v -5.0000 0.0000 1.0000
v -5.0000 0.0000 2.0000
v -5.0000 1.0000 1.0000
v -5.0000 2.0000 1.0000
v -5.0000 3.0000 1.0000
v -5.0000 4.0000 1.0000
v -6.0000 5.0000 2.0000
v -5.0000 5.0000 2.0000
v -5.0000 5.0000 1.0000
v -6.0000 5.0000 1.0000
v -6.0000 -3.0000 1.0000
v -6.0000 -3.0000 -0.0000
v -5.0000 -3.0000 -0.0000
v -5.0000 -3.0000 1.0000
v -5.0000 -1.0000 -0.0000
v -5.0000 0.0000 -0.0000
v -5.0000 1.0000 -0.0000
v -5.0000 2.0000 -0.0000
v -5.0000 3.0000 -0.0000
v -5.0000 4.0000 -0.0000
v -5.0000 5.0000 -0.0000
v -6.0000 5.0000 -0.0000
v -6.0000 -3.0000 -1.0000
v -5.0000 -3.0000 -1.0000
v -5.0000 -2.0000 -1.0000
v -5.0000 -1.0000 -1.0000
v -5.0000 0.0000 -1.0000
v -5.0000 1.0000 -1.0000
v -5.0000 2.0000 -1.0000
v -5.0000 4.0000 -1.0000
v -6.0000 4.0000 -1.0000
v -5.0000 3.0000 -1.0000
v -5.0000 -2.0000 -2.0000
v -5.0000 0.0000 -2.0000
v -5.0000 -1.0000 -2.0000
v -5.0000 1.0000 -2.0000
v -5.0000 2.0000 -2.0000
v -5.0000 4.0000 -2.0000
v -6.0000 4.0000 -2.0000
v -5.0000 3.0000 -2.0000
v -5.0000 -1.0000 -3.0000
v -5.0000 -2.0000 -3.0000
v -5.0000 0.0000 -3.0000
v -5.0000 1.0000 -3.0000
v -5.0000 2.0000 -3.0000
v -5.0000 4.0000 -3.0000
v -6.0000 4.0000 -3.0000
v -5.0000 3.0000 -3.0000
v -5.0000 -1.0000 -4.0000
v -5.0000 -2.0000 -4.0000
v -5.0000 0.0000 -4.0000
v -5.0000 2.0000 -4.0000
v -5.0000 1.0000 -4.0000
v -5.0000 4.0000 -4.0000
v -6.0000 4.0000 -4.0000
v -5.0000 3.0000 -4.0000
v -5.0000 -2.0000 -5.0000
v -5.0000 1.0000 -5.0000
v -5.0000 3.0000 -5.0000
v -5.0000 2.0000 -5.0000
v -5.0000 -2.0000 -6.0000
v -5.0000 -1.0000 -6.0000
v -5.0000 0.0000 -6.0000
v -5.0000 2.0000 -6.0000
v -5.0000 0.0000 -7.0000
v -5.0000 1.0000 -7.0000
v -5.0000 2.0000 -7.0000
v -4.0000 0.0000 8.0000
v -4.0000 0.0000 9.0000
v -4.0000 1.0000 9.0000
v -4.0000 2.0000 9.0000
v -4.0000 2.0000 8.0000
v -4.0000 1.0000 8.0000
v -5.0000 -3.0000 8.0000
v -5.0000 -3.0000 7.0000
v -4.0000 -3.0000 7.0000
v -4.0000 -3.0000 8.0000
v -4.0000 -2.0000 8.0000
v -4.0000 -2.0000 7.0000
v -4.0000 -1.0000 8.0000
v -4.0000 0.0000 7.0000
v -4.0000 -1.0000 7.0000
v -4.0000 1.0000 7.0000
v -4.0000 3.0000 8.0000
v -4.0000 3.0000 7.0000
v -4.0000 2.0000 7.0000
v -4.0000 -1.0000 6.0000
v -4.0000 -2.0000 6.0000
v -4.0000 1.0000 6.0000
v -4.0000 0.0000 6.0000
v -4.0000 4.0000 7.0000
v -4.0000 4.0000 6.0000
v -4.0000 3.0000 6.0000
v -4.0000 -1.0000 5.0000
v -4.0000 -2.0000 5.0000
v -4.0000 2.0000 6.0000
v -4.0000 2.0000 5.0000
v -4.0000 1.0000 5.0000
v -5.0000 5.0000 6.0000
v -4.0000 5.0000 6.0000
v -4.0000 5.0000 5.0000
v -5.0000 5.0000 5.0000
v -4.0000 4.0000 5.0000
v -4.0000 -1.0000 4.0000
v -4.0000 -2.0000 4.0000
v -4.0000 1.0000 4.0000
v -4.0000 0.0000 4.0000
v -4.0000 0.0000 5.0000
v -4.0000 3.0000 5.0000
v -4.0000 3.0000 4.0000
v -4.0000 2.0000 4.0000
v -4.0000 5.0000 4.0000
v -5.0000 5.0000 4.0000
v -4.0000 4.0000 4.0000
v -4.0000 -1.0000 3.0000
v -4.0000 -2.0000 3.0000
v -4.0000 3.0000 3.0000
v -4.0000 2.0000 3.0000
v -4.0000 5.0000 3.0000
v -5.0000 5.0000 3.0000
v -4.0000 4.0000 3.0000
v -5.0000 -9.0000 3.0000
v -4.0000 -9.0000 3.0000
v -4.0000 -9.0000 2.0000
v -5.0000 -10.0000 3.0000
v -4.0000 -10.0000 2.0000
v -4.0000 -10.0000 3.0000
v -4.0000 -1.0000 2.0000
v -4.0000 -2.0000 2.0000
v -4.0000 3.0000 2.0000
v -4.0000 2.0000 2.0000
v -4.0000 5.0000 2.0000
v -4.0000 4.0000 2.0000
v -4.0000 -9.0000 1.0000
v -4.0000 -10.0000 1.0000
v -4.0000 -1.0000 1.0000
v -4.0000 -2.0000 1.0000
v -4.0000 1.0000 1.0000
v -4.0000 1.0000 2.0000
v -4.0000 2.0000 1.0000
v -4.0000 3.0000 1.0000
v -4.0000 4.0000 1.0000
v -4.0000 5.0000 1.0000
v -5.0000 6.0000 2.0000
v -4.0000 6.0000 2.0000
v -4.0000 6.0000 1.0000
v -5.0000 6.0000 1.0000
v -4.0000 -9.0000 -0.0000
v -5.0000 -9.0000 -0.0000
v -5.0000 -10.0000 -0.0000
v -4.0000 -10.0000 -0.0000
v -4.0000 -3.0000 -0.0000
v -4.0000 -3.0000 1.0000
v -4.0000 -2.0000 -0.0000
v -4.0000 -1.0000 -0.0000
v -4.0000 1.0000 -0.0000
v -4.0000 2.0000 -0.0000
v -4.0000 3.0000 -0.0000
v -4.0000 4.0000 -0.0000
v -4.0000 5.0000 -0.0000
v -4.0000 6.0000 -0.0000
v -5.0000 6.0000 -0.0000
v -4.0000 -3.0000 -1.0000
v -4.0000 -2.0000 -1.0000
v -4.0000 -1.0000 -1.0000
v -4.0000 1.0000 -1.0000
v -4.0000 2.0000 -1.0000
v -4.0000 3.0000 -1.0000
v -4.0000 5.0000 -1.0000
v -5.0000 5.0000 -1.0000
v -4.0000 4.0000 -1.0000
v -4.0000 -1.0000 -2.0000
v -4.0000 -2.0000 -2.0000
v -4.0000 1.0000 -2.0000
v -4.0000 2.0000 -2.0000
v -4.0000 3.0000 -2.0000
v -4.0000 5.0000 -2.0000
v -5.0000 5.0000 -2.0000
v -4.0000 4.0000 -2.0000
v -5.0000 -3.0000 -2.0000
v -5.0000 -3.0000 -3.0000
v -4.0000 -3.0000 -3.0000
v -4.0000 -3.0000 -2.0000
v -4.0000 -2.0000 -3.0000
v -4.0000 -1.0000 -3.0000
v -4.0000 1.0000 -3.0000
v -4.0000 3.0000 -3.0000
v -4.0000 2.0000 -3.0000
v -4.0000 5.0000 -3.0000
v -5.0000 5.0000 -3.0000
v -4.0000 4.0000 -3.0000
v -4.0000 -1.0000 -4.0000
v -4.0000 -2.0000 -4.0000
v -4.0000 0.0000 -4.0000
v -4.0000 0.0000 -3.0000
v -4.0000 2.0000 -4.0000
v -4.0000 1.0000 -4.0000
v -4.0000 4.0000 -4.0000
v -4.0000 3.0000 -4.0000
v -4.0000 -2.0000 -5.0000
v -4.0000 1.0000 -5.0000
v -4.0000 3.0000 -5.0000
v -4.0000 2.0000 -5.0000
v -4.0000 -2.0000 -6.0000
v -4.0000 -1.0000 -6.0000
v -4.0000 0.0000 -6.0000
v -4.0000 2.0000 -6.0000
v -4.0000 0.0000 -7.0000
v -4.0000 1.0000 -7.0000
v -4.0000 2.0000 -7.0000
v -3.0000 0.0000 8.0000
v -3.0000 0.0000 9.0000
v -3.0000 1.0000 9.0000
v -3.0000 2.0000 9.0000
v -3.0000 2.0000 8.0000
v -3.0000 1.0000 8.0000
v -3.0000 -2.0000 7.0000
v -3.0000 -2.0000 8.0000
v -3.0000 -1.0000 8.0000
v -3.0000 0.0000 7.0000
v -3.0000 -1.0000 7.0000
v -3.0000 1.0000 7.0000
v -3.0000 3.0000 8.0000
v -3.0000 3.0000 7.0000
v -3.0000 2.0000 7.0000
v -3.0000 -1.0000 6.0000
v -3.0000 -2.0000 6.0000
v -3.0000 1.0000 6.0000
v -3.0000 0.0000 6.0000
v -3.0000 4.0000 7.0000
v -3.0000 4.0000 6.0000
v -3.0000 3.0000 6.0000
v -3.0000 -1.0000 5.0000
v -3.0000 -2.0000 5.0000
v -3.0000 2.0000 6.0000
v -3.0000 2.0000 5.0000
v -3.0000 1.0000 5.0000
v -3.0000 5.0000 6.0000
v -3.0000 5.0000 5.0000
v -3.0000 4.0000 5.0000
v -3.0000 -1.0000 4.0000
v -3.0000 -2.0000 4.0000
v -3.0000 1.0000 4.0000
v -3.0000 0.0000 4.0000
v -3.0000 0.0000 5.0000
v -3.0000 3.0000 5.0000
v -3.0000 3.0000 4.0000
v -3.0000 2.0000 4.0000
v -4.0000 6.0000 5.0000
v -3.0000 6.0000 5.0000
v -3.0000 6.0000 4.0000
v -4.0000 6.0000 4.0000
v -3.0000 5.0000 4.0000
v -4.0000 -9.0000 4.0000
v -3.0000 -9.0000 4.0000
v -3.0000 -9.0000 3.0000
v -4.0000 -10.0000 4.0000
v -3.0000 -10.0000 3.0000
v -3.0000 -10.0000 4.0000
v -3.0000 -1.0000 3.0000
v -3.0000 -2.0000 3.0000
v -3.0000 4.0000 4.0000
v -3.0000 4.0000 3.0000
v -3.0000 3.0000 3.0000
v -3.0000 6.0000 3.0000
v -4.0000 6.0000 3.0000
v -3.0000 5.0000 3.0000
v -3.0000 -9.0000 2.0000
v -3.0000 -10.0000 2.0000
v -3.0000 -1.0000 2.0000
v -3.0000 -2.0000 2.0000
v -3.0000 4.0000 2.0000
v -3.0000 5.0000 2.0000
v -3.0000 6.0000 2.0000
v -3.0000 -9.0000 1.0000
v -3.0000 -10.0000 1.0000
v -3.0000 -1.0000 1.0000
v -3.0000 -2.0000 1.0000
v -3.0000 2.0000 1.0000
v -3.0000 2.0000 2.0000
v -3.0000 3.0000 2.0000
v -3.0000 3.0000 1.0000
v -3.0000 4.0000 1.0000
v -3.0000 5.0000 1.0000
v -3.0000 6.0000 1.0000
v -4.0000 7.0000 2.0000
v -3.0000 7.0000 2.0000
v -3.0000 7.0000 1.0000
v -4.0000 7.0000 1.0000
v -3.0000 -9.0000 -0.0000
v -3.0000 -10.0000 -0.0000
v -3.0000 -1.0000 -0.0000
v -3.0000 -2.0000 -0.0000
v -3.0000 2.0000 -0.0000
v -3.0000 3.0000 -0.0000
v -3.0000 4.0000 -0.0000
v -3.0000 5.0000 -0.0000
v -3.0000 6.0000 -0.0000
v -3.0000 7.0000 -0.0000
v -4.0000 7.0000 -0.0000
v -3.0000 -1.0000 -1.0000
v -3.0000 -2.0000 -1.0000
v -3.0000 2.0000 -1.0000
v -3.0000 3.0000 -1.0000
v -3.0000 4.0000 -1.0000
v -3.0000 6.0000 -1.0000
v -4.0000 6.0000 -1.0000
v -3.0000 5.0000 -1.0000
v -3.0000 -1.0000 -2.0000
v -3.0000 -2.0000 -2.0000
v -3.0000 2.0000 -2.0000
v -3.0000 4.0000 -2.0000
v -3.0000 3.0000 -2.0000
v -3.0000 6.0000 -2.0000
v -4.0000 6.0000 -2.0000
v -3.0000 5.0000 -2.0000
v -3.0000 -1.0000 -3.0000
v -3.0000 -2.0000 -3.0000
v -3.0000 1.0000 -3.0000
v -3.0000 1.0000 -2.0000
v -3.0000 3.0000 -3.0000
v -3.0000 2.0000 -3.0000
v -3.0000 5.0000 -3.0000
v -3.0000 4.0000 -3.0000
v -3.0000 -1.0000 -4.0000
v -3.0000 -2.0000 -4.0000
v -3.0000 0.0000 -4.0000
v -3.0000 0.0000 -3.0000
v -3.0000 2.0000 -4.0000
v -3.0000 1.0000 -4.0000
v -3.0000 4.0000 -4.0000
v -3.0000 3.0000 -4.0000
v -4.0000 -3.0000 -4.0000
v -4.0000 -3.0000 -5.0000
v -3.0000 -3.0000 -5.0000
v -3.0000 -3.0000 -4.0000
v -3.0000 -2.0000 -5.0000
v -3.0000 1.0000 -5.0000
v -3.0000 3.0000 -5.0000
v -3.0000 2.0000 -5.0000
v -4.0000 -3.0000 -6.0000
v -3.0000 -3.0000 -6.0000
v -3.0000 -2.0000 -6.0000
v -3.0000 -1.0000 -6.0000
v -3.0000 0.0000 -6.0000
v -3.0000 2.0000 -6.0000
v -3.0000 0.0000 -7.0000
v -3.0000 1.0000 -7.0000
v -3.0000 2.0000 -7.0000
v -2.0000 0.0000 8.0000
v -2.0000 0.0000 9.0000
v -2.0000 1.0000 9.0000
v -2.0000 2.0000 9.0000
v -2.0000 2.0000 8.0000
v -2.0000 1.0000 8.0000
v -2.0000 -2.0000 7.0000
v -2.0000 -2.0000 8.0000
v -2.0000 -1.0000 8.0000
v -2.0000 0.0000 7.0000
v -2.0000 -1.0000 7.0000
v -2.0000 1.0000 7.0000
v -2.0000 3.0000 8.0000
v -2.0000 3.0000 7.0000
v -2.0000 2.0000 7.0000
v -2.0000 -1.0000 6.0000
v -2.0000 -2.0000 6.0000
v -2.0000 0.0000 6.0000
v -2.0000 1.0000 6.0000
v -2.0000 2.0000 6.0000
v -2.0000 4.0000 7.0000
v -2.0000 4.0000 6.0000
v -2.0000 3.0000 6.0000
v -2.0000 -1.0000 5.0000
v -2.0000 -2.0000 5.0000
v -2.0000 2.0000 5.0000
v -2.0000 1.0000 5.0000
v -2.0000 5.0000 6.0000
v -2.0000 5.0000 5.0000
v -2.0000 4.0000 5.0000
v -2.0000 -1.0000 4.0000
v -2.0000 -2.0000 4.0000
v -2.0000 3.0000 5.0000
v -2.0000 3.0000 4.0000
v -2.0000 2.0000 4.0000
v -2.0000 6.0000 5.0000
v -2.0000 6.0000 4.0000
v -2.0000 5.0000 4.0000
v -2.0000 -9.0000 4.0000
v -2.0000 -9.0000 3.0000
v -2.0000 -10.0000 3.0000
v -2.0000 -10.0000 4.0000
v -2.0000 -1.0000 3.0000
v -2.0000 -2.0000 3.0000
v -2.0000 4.0000 4.0000
v -2.0000 4.0000 3.0000
v -2.0000 3.0000 3.0000
v -2.0000 6.0000 3.0000
v -2.0000 5.0000 3.0000
v -2.0000 -9.0000 2.0000
v -2.0000 -10.0000 2.0000
v -2.0000 -1.0000 2.0000
v -2.0000 -2.0000 2.0000
v -2.0000 4.0000 2.0000
v -2.0000 6.0000 2.0000
v -2.0000 5.0000 2.0000
v -3.0000 7.0000 3.0000
v -2.0000 7.0000 3.0000
v -2.0000 7.0000 2.0000
v -2.0000 -10.0000 1.0000
v -3.0000 -8.0000 2.0000
v -2.0000 -8.0000 2.0000
v -2.0000 -8.0000 1.0000
v -3.0000 -8.0000 1.0000
v -3.0000 -4.0000 2.0000
v -3.0000 -4.0000 1.0000
v -2.0000 -4.0000 1.0000
v -2.0000 -4.0000 2.0000
v -2.0000 -3.0000 2.0000
v -3.0000 -3.0000 2.0000
v -3.0000 -3.0000 1.0000
v -2.0000 -3.0000 1.0000
v -2.0000 -1.0000 1.0000
v -2.0000 -2.0000 1.0000
v -2.0000 3.0000 1.0000
v -2.0000 3.0000 2.0000
v -2.0000 5.0000 1.0000
v -2.0000 7.0000 1.0000
v -2.0000 6.0000 1.0000
v -2.0000 -10.0000 -0.0000
v -2.0000 -8.0000 -0.0000
v -3.0000 -8.0000 -0.0000
v -2.0000 -9.0000 -0.0000
v -3.0000 -3.0000 -0.0000
v -2.0000 -3.0000 -0.0000
v -2.0000 -2.0000 -0.0000
v -2.0000 -1.0000 -0.0000
v -2.0000 3.0000 -0.0000
v -2.0000 5.0000 -0.0000
v -2.0000 7.0000 -0.0000
v -2.0000 6.0000 -0.0000
v -2.0000 -9.0000 -1.0000
v -3.0000 -9.0000 -1.0000
v -3.0000 -10.0000 -1.0000
v -2.0000 -10.0000 -1.0000
v -2.0000 -1.0000 -1.0000
v -2.0000 -2.0000 -1.0000
v -2.0000 3.0000 -1.0000
v -2.0000 5.0000 -1.0000
v -2.0000 4.0000 -1.0000
v -2.0000 6.0000 -1.0000
v -2.0000 7.0000 -1.0000
v -3.0000 7.0000 -1.0000
v -2.0000 -9.0000 -2.0000
v -3.0000 -9.0000 -2.0000
v -3.0000 -10.0000 -2.0000
v -2.0000 -10.0000 -2.0000
v -2.0000 -1.0000 -2.0000
v -2.0000 -2.0000 -2.0000
v -2.0000 2.0000 -2.0000
v -2.0000 2.0000 -1.0000
v -2.0000 4.0000 -2.0000
v -2.0000 3.0000 -2.0000
v -2.0000 6.0000 -2.0000
v -2.0000 5.0000 -2.0000
v -3.0000 -3.0000 -2.0000
v -3.0000 -3.0000 -3.0000
v -2.0000 -3.0000 -3.0000
v -2.0000 -3.0000 -2.0000
v -2.0000 -2.0000 -3.0000
v -2.0000 -1.0000 -3.0000
v -2.0000 1.0000 -3.0000
v -2.0000 1.0000 -2.0000
v -2.0000 3.0000 -3.0000
v -2.0000 2.0000 -3.0000
v -2.0000 5.0000 -3.0000
v -2.0000 4.0000 -3.0000
v -2.0000 -1.0000 -4.0000
v -2.0000 -2.0000 -4.0000
v -2.0000 0.0000 -4.0000
v -2.0000 0.0000 -3.0000
v -2.0000 2.0000 -4.0000
v -2.0000 1.0000 -4.0000
v -2.0000 4.0000 -4.0000
v -2.0000 3.0000 -4.0000
v -2.0000 -2.0000 -5.0000
v -2.0000 1.0000 -5.0000
v -2.0000 3.0000 -5.0000
v -2.0000 2.0000 -5.0000
v -2.0000 -2.0000 -6.0000
v -2.0000 -1.0000 -6.0000
v -2.0000 0.0000 -6.0000
v -2.0000 2.0000 -6.0000
v -2.0000 0.0000 -7.0000
v -2.0000 1.0000 -7.0000
v -2.0000 2.0000 -7.0000
v -1.0000 0.0000 8.0000
v -1.0000 0.0000 9.0000
v -1.0000 1.0000 9.0000
v -1.0000 2.0000 9.0000
v -1.0000 2.0000 8.0000
v -1.0000 -2.0000 7.0000
v -1.0000 -2.0000 8.0000
v -1.0000 -1.0000 8.0000
v -1.0000 2.0000 7.0000
v -1.0000 1.0000 7.0000
v -1.0000 3.0000 8.0000
v -1.0000 3.0000 7.0000
v -1.0000 -2.0000 6.0000
v -1.0000 0.0000 6.0000
v -1.0000 -1.0000 6.0000
v -1.0000 1.0000 6.0000
v -1.0000 2.0000 6.0000
v -1.0000 3.0000 6.0000
v -1.0000 4.0000 7.0000
v -1.0000 4.0000 6.0000
v -1.0000 -1.0000 5.0000
v -1.0000 -2.0000 5.0000
v -2.0000 0.0000 5.0000
v -1.0000 0.0000 5.0000
v -1.0000 1.0000 5.0000
v -1.0000 2.0000 5.0000
v -1.0000 3.0000 5.0000
v -1.0000 4.0000 5.0000
v -1.0000 5.0000 6.0000
v -1.0000 5.0000 5.0000
v -2.0000 -9.0000 5.0000
v -1.0000 -9.0000 5.0000
v -1.0000 -9.0000 4.0000
v -2.0000 -10.0000 5.0000
v -1.0000 -10.0000 4.0000
v -1.0000 -10.0000 5.0000
v -1.0000 -1.0000 4.0000
v -1.0000 -2.0000 4.0000
v -2.0000 1.0000 4.0000
v -1.0000 1.0000 4.0000
v -1.0000 2.0000 4.0000
v -1.0000 3.0000 4.0000
v -1.0000 4.0000 4.0000
v -1.0000 5.0000 4.0000
v -1.0000 6.0000 5.0000
v -1.0000 6.0000 4.0000
v -1.0000 -9.0000 3.0000
v -1.0000 -10.0000 3.0000
v -2.0000 -3.0000 4.0000
v -2.0000 -3.0000 3.0000
v -1.0000 -3.0000 3.0000
v -1.0000 -3.0000 4.0000
v -1.0000 -1.0000 3.0000
v -2.0000 2.0000 3.0000
v -1.0000 2.0000 3.0000
v -1.0000 3.0000 3.0000
v -1.0000 4.0000 3.0000
v -1.0000 5.0000 3.0000
v -1.0000 6.0000 3.0000
v -2.0000 7.0000 4.0000
v -1.0000 7.0000 4.0000
v -1.0000 7.0000 3.0000
v -1.0000 -10.0000 2.0000
v -2.0000 -8.0000 3.0000
v -1.0000 -8.0000 3.0000
v -1.0000 -8.0000 2.0000
v -2.0000 -5.0000 3.0000
v -2.0000 -5.0000 2.0000
v -1.0000 -5.0000 2.0000
v -1.0000 -5.0000 3.0000
v -1.0000 -4.0000 3.0000
v -2.0000 -4.0000 3.0000
v -1.0000 -1.0000 2.0000
v -1.0000 -2.0000 2.0000
v -1.0000 3.0000 2.0000
v -1.0000 5.0000 2.0000
v -1.0000 7.0000 2.0000
v -1.0000 6.0000 2.0000
v -1.0000 -10.0000 1.0000
v -1.0000 -7.0000 2.0000
v -2.0000 -7.0000 2.0000
v -2.0000 -7.0000 1.0000
v -1.0000 -6.0000 2.0000
v -2.0000 -6.0000 2.0000
v -2.0000 -6.0000 1.0000
v -2.0000 -5.0000 1.0000
v -1.0000 -2.0000 1.0000
v -2.0000 0.0000 2.0000
v -2.0000 0.0000 1.0000
v -1.0000 0.0000 1.0000
v -1.0000 0.0000 2.0000
v -1.0000 1.0000 2.0000
v -2.0000 1.0000 2.0000
v -2.0000 1.0000 1.0000
v -1.0000 2.0000 2.0000
v -2.0000 2.0000 2.0000
v -2.0000 2.0000 1.0000
v -1.0000 7.0000 1.0000
v -1.0000 -10.0000 -0.0000
v -2.0000 -7.0000 -0.0000
v -1.0000 -7.0000 -0.0000
v -1.0000 -8.0000 -0.0000
v -2.0000 -6.0000 -0.0000
v -1.0000 -6.0000 -0.0000
v -2.0000 -5.0000 -0.0000
v -1.0000 -5.0000 -0.0000
v -2.0000 -4.0000 -0.0000
v -1.0000 -2.0000 -0.0000
v -2.0000 0.0000 -0.0000
v -1.0000 0.0000 -0.0000
v -2.0000 1.0000 -0.0000
v -1.0000 1.0000 -0.0000
v -2.0000 2.0000 -0.0000
v -1.0000 2.0000 -0.0000
v -1.0000 3.0000 -0.0000
v -1.0000 6.0000 -0.0000
v -1.0000 5.0000 -0.0000
v -1.0000 7.0000 -0.0000
v -1.0000 -10.0000 -1.0000
v -1.0000 -8.0000 -1.0000
v -2.0000 -8.0000 -1.0000
v -1.0000 -9.0000 -1.0000
v -2.0000 -5.0000 -1.0000
v -1.0000 -5.0000 -1.0000
v -2.0000 -4.0000 -1.0000
v -1.0000 -4.0000 -1.0000
v -2.0000 -3.0000 -1.0000
v -1.0000 -3.0000 -1.0000
v -1.0000 -2.0000 -1.0000
v -1.0000 -1.0000 -0.0000
v -1.0000 -1.0000 -1.0000
v -1.0000 3.0000 -1.0000
v -1.0000 5.0000 -1.0000
v -1.0000 4.0000 -1.0000
v -1.0000 7.0000 -1.0000
v -1.0000 6.0000 -1.0000
v -1.0000 -9.0000 -2.0000
v -1.0000 -10.0000 -2.0000
v -1.0000 -1.0000 -2.0000
v -1.0000 -2.0000 -2.0000
v -1.0000 2.0000 -2.0000
v -1.0000 2.0000 -1.0000
v -1.0000 4.0000 -2.0000
v -1.0000 3.0000 -2.0000
v -1.0000 5.0000 -2.0000
v -1.0000 7.0000 -2.0000
v -2.0000 7.0000 -2.0000
v -1.0000 6.0000 -2.0000
v -1.0000 -1.0000 -3.0000
v -1.0000 -2.0000 -3.0000
v -1.0000 1.0000 -3.0000
v -1.0000 1.0000 -2.0000
v -1.0000 3.0000 -3.0000
v -1.0000 2.0000 -3.0000
v -1.0000 4.0000 -3.0000
v -1.0000 6.0000 -3.0000
v -2.0000 6.0000 -3.0000
v -1.0000 5.0000 -3.0000
v -1.0000 -2.0000 -4.0000
v -1.0000 0.0000 -3.0000
v -1.0000 -1.0000 -4.0000
v -1.0000 0.0000 -4.0000
v -1.0000 2.0000 -4.0000
v -1.0000 1.0000 -4.0000
v -1.0000 3.0000 -4.0000
v -1.0000 5.0000 -4.0000
v -2.0000 5.0000 -4.0000
v -1.0000 4.0000 -4.0000
v -1.0000 -2.0000 -5.0000
v -1.0000 1.0000 -5.0000
v -1.0000 2.0000 -5.0000
v -1.0000 4.0000 -5.0000
v -2.0000 4.0000 -5.0000
v -1.0000 3.0000 -5.0000
v -2.0000 -3.0000 -5.0000
v -2.0000 -3.0000 -6.0000
v -1.0000 -3.0000 -6.0000
v -1.0000 -3.0000 -5.0000
v -1.0000 -2.0000 -6.0000
v -1.0000 -1.0000 -6.0000
v -1.0000 0.0000 -6.0000
v -1.0000 0.0000 -5.0000
v -1.0000 1.0000 -6.0000
v -1.0000 3.0000 -6.0000
v -2.0000 3.0000 -6.0000
v -1.0000 2.0000 -6.0000
v -1.0000 0.0000 -7.0000
v -1.0000 1.0000 -7.0000
v -1.0000 2.0000 -7.0000
v 0.0000 0.0000 8.0000
v 0.0000 0.0000 9.0000
v 0.0000 1.0000 9.0000
v 0.0000 2.0000 9.0000
v 0.0000 2.0000 8.0000
v 0.0000 -2.0000 7.0000
v 0.0000 -2.0000 8.0000
v 0.0000 -1.0000 8.0000
v 0.0000 2.0000 7.0000
v 0.0000 1.0000 7.0000
v 0.0000 3.0000 8.0000
v 0.0000 3.0000 7.0000
v 0.0000 -2.0000 6.0000
v 0.0000 0.0000 6.0000
v 0.0000 -1.0000 6.0000
v 0.0000 1.0000 6.0000
v 0.0000 2.0000 6.0000
v 0.0000 3.0000 6.0000
v 0.0000 4.0000 7.0000
v 0.0000 4.0000 6.0000
v 0.0000 -1.0000 5.0000
v 0.0000 -2.0000 5.0000
v 0.0000 0.0000 5.0000
v 0.0000 1.0000 5.0000
v 0.0000 2.0000 5.0000
v 0.0000 3.0000 5.0000
v 0.0000 4.0000 5.0000
v 0.0000 5.0000 6.0000
v 0.0000 5.0000 5.0000
v 0.0000 -9.0000 5.0000
v 0.0000 -9.0000 4.0000
v 0.0000 -10.0000 4.0000
v 0.0000 -10.0000 5.0000
v 0.0000 -1.0000 4.0000
v 0.0000 -2.0000 4.0000
v 0.0000 1.0000 4.0000
v 0.0000 2.0000 4.0000
v 0.0000 3.0000 4.0000
v 0.0000 4.0000 4.0000
v 0.0000 5.0000 4.0000
v 0.0000 6.0000 5.0000
v 0.0000 6.0000 4.0000
v 0.0000 -9.0000 3.0000
v 0.0000 -10.0000 3.0000
v 0.0000 -3.0000 3.0000
v 0.0000 -3.0000 4.0000
v 0.0000 -1.0000 3.0000
v 0.0000 2.0000 3.0000
v 0.0000 3.0000 3.0000
v 0.0000 4.0000 3.0000
v 0.0000 5.0000 3.0000
v 0.0000 6.0000 3.0000
v 0.0000 7.0000 4.0000
v 0.0000 7.0000 3.0000
v 0.0000 -10.0000 2.0000
v 0.0000 -8.0000 3.0000
v 0.0000 -7.0000 3.0000
v -1.0000 -7.0000 3.0000
v 0.0000 -6.0000 3.0000
v -1.0000 -6.0000 3.0000
v 0.0000 -5.0000 3.0000
v 0.0000 -4.0000 3.0000
v 0.0000 -1.0000 2.0000
v 0.0000 3.0000 2.0000
v 0.0000 5.0000 2.0000
v 0.0000 7.0000 2.0000
v 0.0000 6.0000 2.0000
v 0.0000 -10.0000 1.0000
v -1.0000 -1.0000 1.0000
v 0.0000 0.0000 2.0000
v 0.0000 0.0000 1.0000
v 0.0000 -1.0000 1.0000
v 0.0000 1.0000 2.0000
v 0.0000 2.0000 2.0000
v 0.0000 7.0000 1.0000
v 0.0000 -10.0000 -0.0000
v 0.0000 -1.0000 -0.0000
v 0.0000 0.0000 -0.0000
v 0.0000 1.0000 -0.0000
v 0.0000 2.0000 -0.0000
v 0.0000 3.0000 -0.0000
v 0.0000 6.0000 -0.0000
v 0.0000 5.0000 -0.0000
v 0.0000 7.0000 -0.0000
v 0.0000 -10.0000 -1.0000
v 0.0000 -8.0000 -1.0000
v 0.0000 -9.0000 -1.0000
v -1.0000 -7.0000 -1.0000
v 0.0000 -7.0000 -1.0000
v -1.0000 -6.0000 -1.0000
v 0.0000 -6.0000 -1.0000
v 0.0000 -5.0000 -1.0000
v 0.0000 -4.0000 -1.0000
v 0.0000 -3.0000 -1.0000
v 0.0000 -1.0000 -1.0000
v 0.0000 3.0000 -1.0000
v 0.0000 5.0000 -1.0000
v 0.0000 4.0000 -1.0000
v 0.0000 7.0000 -1.0000
v 0.0000 6.0000 -1.0000
v 0.0000 -9.0000 -2.0000
v 0.0000 -10.0000 -2.0000
v -1.0000 -3.0000 -2.0000
v 0.0000 -3.0000 -2.0000
v 0.0000 -2.0000 -2.0000
v 0.0000 -1.0000 -2.0000
v 0.0000 2.0000 -2.0000
v 0.0000 2.0000 -1.0000
v 0.0000 4.0000 -2.0000
v 0.0000 3.0000 -2.0000
v 0.0000 5.0000 -2.0000
v 0.0000 7.0000 -2.0000
v 0.0000 6.0000 -2.0000
v 0.0000 -9.0000 -3.0000
v -1.0000 -9.0000 -3.0000
v -1.0000 -10.0000 -3.0000
v 0.0000 -10.0000 -3.0000
v 0.0000 -1.0000 -3.0000
v 0.0000 -2.0000 -3.0000
v 0.0000 1.0000 -3.0000
v 0.0000 1.0000 -2.0000
v 0.0000 3.0000 -3.0000
v 0.0000 2.0000 -3.0000
v 0.0000 4.0000 -3.0000
v 0.0000 6.0000 -3.0000
v 0.0000 5.0000 -3.0000
v 0.0000 -9.0000 -4.0000
v -1.0000 -9.0000 -4.0000
v -1.0000 -10.0000 -4.0000
v 0.0000 -10.0000 -4.0000
v 0.0000 -1.0000 -4.0000
v 0.0000 -2.0000 -4.0000
v 0.0000 0.0000 -4.0000
v 0.0000 0.0000 -3.0000
v 0.0000 2.0000 -4.0000
v 0.0000 1.0000 -4.0000
v 0.0000 3.0000 -4.0000
v 0.0000 5.0000 -4.0000
v 0.0000 4.0000 -4.0000
v 0.0000 -2.0000 -5.0000
v 0.0000 1.0000 -5.0000
v 0.0000 0.0000 -5.0000
v 0.0000 2.0000 -5.0000
v 0.0000 4.0000 -5.0000
v 0.0000 3.0000 -5.0000
v 0.0000 -3.0000 -6.0000
v 0.0000 -3.0000 -5.0000
v 0.0000 -2.0000 -6.0000
v 0.0000 -1.0000 -6.0000
v 0.0000 0.0000 -6.0000
v 0.0000 1.0000 -6.0000
v 0.0000 3.0000 -6.0000
v 0.0000 2.0000 -6.0000
v 0.0000 0.0000 -7.0000
v 0.0000 1.0000 -7.0000
v 0.0000 2.0000 -7.0000
v 1.0000 0.0000 8.0000
v 1.0000 0.0000 9.0000
v 1.0000 1.0000 9.0000
v 1.0000 2.0000 9.0000
v 1.0000 2.0000 8.0000
v 1.0000 -2.0000 7.0000
v 1.0000 -2.0000 8.0000
v 1.0000 -1.0000 8.0000
v 1.0000 2.0000 7.0000
v 1.0000 1.0000 7.0000
v 1.0000 3.0000 8.0000
v 1.0000 3.0000 7.0000
v 1.0000 -2.0000 6.0000
v 1.0000 0.0000 6.0000
v 1.0000 -1.0000 6.0000
v 1.0000 1.0000 6.0000
v 1.0000 2.0000 6.0000
v 1.0000 3.0000 6.0000
v 1.0000 4.0000 7.0000
v 1.0000 4.0000 6.0000
v 0.0000 -9.0000 6.0000
v 1.0000 -9.0000 6.0000
v 1.0000 -9.0000 5.0000
v 0.0000 -10.0000 6.0000
v 1.0000 -10.0000 5.0000
v 1.0000 -10.0000 6.0000
v 1.0000 -1.0000 5.0000
v 1.0000 -2.0000 5.0000
v 1.0000 0.0000 5.0000
v 1.0000 1.0000 5.0000
v 1.0000 2.0000 5.0000
v 1.0000 3.0000 5.0000
v 1.0000 4.0000 5.0000
v 1.0000 5.0000 6.0000
v 1.0000 5.0000 5.0000
v 1.0000 -9.0000 4.0000
v 1.0000 -10.0000 4.0000
v 1.0000 -1.0000 4.0000
v 1.0000 -2.0000 4.0000
v 1.0000 1.0000 4.0000
v 1.0000 2.0000 4.0000
v 1.0000 3.0000 4.0000
v 1.0000 4.0000 4.0000
v 1.0000 5.0000 4.0000
v 1.0000 6.0000 5.0000
v 1.0000 6.0000 4.0000
v 1.0000 -9.0000 3.0000
v 1.0000 -10.0000 3.0000
v 1.0000 -3.0000 3.0000
v 1.0000 -3.0000 4.0000
v 1.0000 -1.0000 3.0000
v 1.0000 2.0000 3.0000
v 1.0000 3.0000 3.0000
v 1.0000 4.0000 3.0000
v 1.0000 5.0000 3.0000
v 1.0000 6.0000 3.0000
v 1.0000 7.0000 4.0000
v 1.0000 7.0000 3.0000
v 1.0000 -10.0000 2.0000
v 1.0000 -8.0000 3.0000
v 1.0000 -7.0000 3.0000
v 1.0000 -8.0000 2.0000
v 1.0000 -7.0000 2.0000
v 1.0000 -6.0000 3.0000
v 1.0000 -6.0000 2.0000
v 1.0000 -5.0000 3.0000
v 1.0000 -5.0000 2.0000
v 1.0000 -4.0000 3.0000
v 1.0000 -1.0000 2.0000
v 1.0000 3.0000 2.0000
v 1.0000 5.0000 2.0000
v 1.0000 7.0000 2.0000
v 1.0000 6.0000 2.0000
v 1.0000 -10.0000 1.0000
v 1.0000 0.0000 2.0000
v 1.0000 0.0000 1.0000
v 1.0000 -1.0000 1.0000
v 1.0000 1.0000 2.0000
v 1.0000 2.0000 2.0000
v 1.0000 7.0000 1.0000
v 1.0000 -10.0000 -0.0000
v 1.0000 -1.0000 -0.0000
v 1.0000 0.0000 -0.0000
v 1.0000 1.0000 -0.0000
v 1.0000 2.0000 -0.0000
v 1.0000 3.0000 -0.0000
v 1.0000 6.0000 -0.0000
v 1.0000 5.0000 -0.0000
v 1.0000 7.0000 -0.0000
v 1.0000 -10.0000 -1.0000
v 1.0000 -8.0000 -1.0000
v 1.0000 -9.0000 -1.0000
v 1.0000 -7.0000 -1.0000
v 1.0000 -8.0000 -0.0000
v 1.0000 -7.0000 -0.0000
v 1.0000 -6.0000 -1.0000
v 1.0000 -6.0000 -0.0000
v 1.0000 -5.0000 -1.0000
v 1.0000 -5.0000 -0.0000
v 1.0000 -4.0000 -1.0000
v 1.0000 -1.0000 -1.0000
v 1.0000 3.0000 -1.0000
v 1.0000 5.0000 -1.0000
v 1.0000 4.0000 -1.0000
v 1.0000 7.0000 -1.0000
v 1.0000 6.0000 -1.0000
v 1.0000 -9.0000 -2.0000
v 1.0000 -10.0000 -2.0000
v 0.0000 -4.0000 -2.0000
v 1.0000 -4.0000 -2.0000
v 1.0000 -3.0000 -2.0000
v 1.0000 -3.0000 -1.0000
v 1.0000 -2.0000 -2.0000
v 1.0000 -2.0000 -1.0000
v 1.0000 -1.0000 -2.0000
v 1.0000 2.0000 -2.0000
v 1.0000 2.0000 -1.0000
v 1.0000 4.0000 -2.0000
v 1.0000 3.0000 -2.0000
v 1.0000 5.0000 -2.0000
v 1.0000 7.0000 -2.0000
v 1.0000 6.0000 -2.0000
v 1.0000 -9.0000 -3.0000
v 1.0000 -10.0000 -3.0000
v 1.0000 -1.0000 -3.0000
v 1.0000 -2.0000 -3.0000
v 1.0000 1.0000 -3.0000
v 1.0000 1.0000 -2.0000
v 1.0000 3.0000 -3.0000
v 1.0000 2.0000 -3.0000
v 1.0000 4.0000 -3.0000
v 1.0000 6.0000 -3.0000
v 1.0000 5.0000 -3.0000
v 0.0000 -3.0000 -3.0000
v 0.0000 -3.0000 -4.0000
v 1.0000 -3.0000 -4.0000
v 1.0000 -3.0000 -3.0000
v 1.0000 -2.0000 -4.0000
v 1.0000 -1.0000 -4.0000
v 1.0000 0.0000 -4.0000
v 1.0000 0.0000 -3.0000
v 1.0000 2.0000 -4.0000
v 1.0000 1.0000 -4.0000
v 1.0000 3.0000 -4.0000
v 1.0000 5.0000 -4.0000
v 1.0000 4.0000 -4.0000
v 1.0000 -2.0000 -5.0000
v 1.0000 1.0000 -5.0000
v 1.0000 0.0000 -5.0000
v 1.0000 2.0000 -5.0000
v 1.0000 4.0000 -5.0000
v 1.0000 3.0000 -5.0000
v 1.0000 -2.0000 -6.0000
v 1.0000 -1.0000 -6.0000
v 1.0000 0.0000 -6.0000
v 1.0000 1.0000 -6.0000
v 1.0000 3.0000 -6.0000
v 1.0000 2.0000 -6.0000
v 1.0000 0.0000 -7.0000
v 1.0000 1.0000 -7.0000
v 1.0000 2.0000 -7.0000
v 2.0000 0.0000 8.0000
v 2.0000 0.0000 9.0000
v 2.0000 1.0000 9.0000
v 2.0000 2.0000 9.0000
v 2.0000 2.0000 8.0000
v 1.0000 -3.0000 8.0000
v 1.0000 -3.0000 7.0000
v 2.0000 -3.0000 7.0000
v 2.0000 -3.0000 8.0000
v 2.0000 -2.0000 8.0000
v 2.0000 -2.0000 7.0000
v 2.0000 -1.0000 8.0000
v 2.0000 2.0000 7.0000
v 2.0000 1.0000 7.0000
v 2.0000 3.0000 8.0000
v 2.0000 3.0000 7.0000
v 2.0000 -2.0000 6.0000
v 2.0000 0.0000 6.0000
v 2.0000 -1.0000 6.0000
v 2.0000 -1.0000 7.0000
v 2.0000 0.0000 7.0000
v 2.0000 1.0000 6.0000
v 2.0000 2.0000 6.0000
v 2.0000 3.0000 6.0000
v 2.0000 4.0000 7.0000
v 2.0000 4.0000 6.0000
v 1.0000 -3.0000 6.0000
v 1.0000 -3.0000 5.0000
v 2.0000 -3.0000 5.0000
v 2.0000 -3.0000 6.0000
v 2.0000 -2.0000 5.0000
v 2.0000 -1.0000 5.0000
v 2.0000 0.0000 5.0000
v 2.0000 1.0000 5.0000
v 2.0000 2.0000 5.0000
v 2.0000 3.0000 5.0000
v 2.0000 4.0000 5.0000
v 2.0000 5.0000 6.0000
v 2.0000 5.0000 5.0000
v 2.0000 -1.0000 4.0000
v 2.0000 -2.0000 4.0000
v 2.0000 1.0000 4.0000
v 2.0000 2.0000 4.0000
v 2.0000 3.0000 4.0000
v 2.0000 4.0000 4.0000
v 2.0000 5.0000 4.0000
v 2.0000 6.0000 5.0000
v 2.0000 6.0000 4.0000
v 2.0000 -9.0000 4.0000
v 2.0000 -9.0000 3.0000
v 2.0000 -10.0000 3.0000
v 2.0000 -10.0000 4.0000
v 2.0000 -3.0000 3.0000
v 2.0000 -3.0000 4.0000
v 2.0000 -2.0000 3.0000
v 2.0000 -1.0000 3.0000
v 2.0000 2.0000 3.0000
v 2.0000 3.0000 3.0000
v 2.0000 4.0000 3.0000
v 2.0000 5.0000 3.0000
v 2.0000 7.0000 4.0000
v 2.0000 7.0000 3.0000
v 2.0000 6.0000 3.0000
v 2.0000 -10.0000 2.0000
v 2.0000 -8.0000 3.0000
v 2.0000 -8.0000 2.0000
v 2.0000 -9.0000 2.0000
v 2.0000 -5.0000 2.0000
v 2.0000 -5.0000 3.0000
v 2.0000 -4.0000 3.0000
v 2.0000 -4.0000 2.0000
v 2.0000 -3.0000 2.0000
v 2.0000 -2.0000 2.0000
v 2.0000 -1.0000 2.0000
v 2.0000 3.0000 2.0000
v 2.0000 4.0000 2.0000
v 2.0000 7.0000 2.0000
v 2.0000 -10.0000 1.0000
v 2.0000 -7.0000 2.0000
v 2.0000 -8.0000 1.0000
v 2.0000 -7.0000 1.0000
v 2.0000 -6.0000 2.0000
v 2.0000 -6.0000 1.0000
v 2.0000 -5.0000 1.0000
v 2.0000 -4.0000 1.0000
v 2.0000 0.0000 2.0000
v 2.0000 0.0000 1.0000
v 2.0000 -1.0000 1.0000
v 2.0000 1.0000 2.0000
v 2.0000 1.0000 1.0000
v 2.0000 2.0000 2.0000
v 2.0000 2.0000 1.0000
v 2.0000 3.0000 1.0000
v 2.0000 7.0000 1.0000
v 2.0000 -10.0000 -0.0000
v 2.0000 -7.0000 -0.0000
v 2.0000 -8.0000 -0.0000
v 2.0000 -6.0000 -0.0000
v 2.0000 -5.0000 -0.0000
v 2.0000 -4.0000 -0.0000
v 2.0000 -3.0000 -0.0000
v 2.0000 -3.0000 1.0000
v 2.0000 -1.0000 -0.0000
v 2.0000 0.0000 -0.0000
v 2.0000 1.0000 -0.0000
v 2.0000 2.0000 -0.0000
v 2.0000 3.0000 -0.0000
v 2.0000 6.0000 -0.0000
v 2.0000 5.0000 -0.0000
v 2.0000 5.0000 1.0000
v 2.0000 6.0000 1.0000
v 2.0000 7.0000 -0.0000
v 2.0000 -10.0000 -1.0000
v 2.0000 -8.0000 -1.0000
v 2.0000 -9.0000 -1.0000
v 2.0000 -9.0000 -0.0000
v 2.0000 -5.0000 -1.0000
v 2.0000 -4.0000 -1.0000
v 2.0000 -3.0000 -1.0000
v 2.0000 -2.0000 -1.0000
v 2.0000 -2.0000 -0.0000
v 2.0000 -1.0000 -1.0000
v 2.0000 3.0000 -1.0000
v 2.0000 5.0000 -1.0000
v 2.0000 4.0000 -1.0000
v 2.0000 7.0000 -1.0000
v 2.0000 6.0000 -1.0000
v 2.0000 -9.0000 -2.0000
v 2.0000 -10.0000 -2.0000
v 2.0000 -1.0000 -2.0000
v 2.0000 -2.0000 -2.0000
v 2.0000 2.0000 -2.0000
v 2.0000 2.0000 -1.0000
v 2.0000 4.0000 -2.0000
v 2.0000 3.0000 -2.0000
v 2.0000 5.0000 -2.0000
v 2.0000 7.0000 -2.0000
v 2.0000 6.0000 -2.0000
v 2.0000 -1.0000 -3.0000
v 2.0000 -2.0000 -3.0000
v 2.0000 1.0000 -3.0000
v 2.0000 1.0000 -2.0000
v 2.0000 3.0000 -3.0000
v 2.0000 2.0000 -3.0000
v 2.0000 4.0000 -3.0000
v 2.0000 6.0000 -3.0000
v 2.0000 5.0000 -3.0000
v 2.0000 -1.0000 -4.0000
v 2.0000 -2.0000 -4.0000
v 2.0000 0.0000 -4.0000
v 2.0000 0.0000 -3.0000
v 2.0000 2.0000 -4.0000
v 2.0000 1.0000 -4.0000
v 2.0000 3.0000 -4.0000
v 2.0000 5.0000 -4.0000
v 2.0000 4.0000 -4.0000
v 2.0000 -2.0000 -5.0000
v 2.0000 1.0000 -5.0000
v 2.0000 0.0000 -5.0000
v 2.0000 2.0000 -5.0000
v 2.0000 4.0000 -5.0000
v 2.0000 3.0000 -5.0000
v 2.0000 -2.0000 -6.0000
v 2.0000 -1.0000 -6.0000
v 2.0000 0.0000 -6.0000
v 2.0000 1.0000 -6.0000
v 2.0000 3.0000 -6.0000
v 2.0000 2.0000 -6.0000
v 2.0000 0.0000 -7.0000
v 2.0000 1.0000 -7.0000
v 2.0000 2.0000 -7.0000
v 3.0000 0.0000 8.0000
v 3.0000 0.0000 9.0000
v 3.0000 1.0000 9.0000
v 3.0000 2.0000 9.0000
v 3.0000 2.0000 8.0000
v 3.0000 -2.0000 7.0000
v 3.0000 -2.0000 8.0000
v 3.0000 -1.0000 8.0000
v 3.0000 0.0000 7.0000
v 3.0000 -1.0000 7.0000
v 3.0000 2.0000 7.0000
v 3.0000 1.0000 7.0000
v 3.0000 -1.0000 6.0000
v 3.0000 -2.0000 6.0000
v 3.0000 1.0000 6.0000
v 3.0000 0.0000 6.0000
v 3.0000 3.0000 7.0000
v 3.0000 3.0000 6.0000
v 3.0000 2.0000 6.0000
v 3.0000 -1.0000 5.0000
v 3.0000 -2.0000 5.0000
v 3.0000 0.0000 5.0000
v 3.0000 1.0000 5.0000
v 3.0000 2.0000 5.0000
v 3.0000 4.0000 6.0000
v 3.0000 4.0000 5.0000
v 3.0000 3.0000 5.0000
v 3.0000 -1.0000 4.0000
v 3.0000 -2.0000 4.0000
v 3.0000 3.0000 4.0000
v 3.0000 2.0000 4.0000
v 3.0000 5.0000 5.0000
v 3.0000 5.0000 4.0000
v 3.0000 4.0000 4.0000
v 3.0000 -9.0000 4.0000
v 3.0000 -9.0000 3.0000
v 3.0000 -10.0000 3.0000
v 3.0000 -10.0000 4.0000
v 3.0000 -1.0000 3.0000
v 3.0000 -2.0000 3.0000
v 3.0000 4.0000 3.0000
v 3.0000 3.0000 3.0000
v 3.0000 6.0000 4.0000
v 3.0000 6.0000 3.0000
v 3.0000 5.0000 3.0000
v 3.0000 -9.0000 2.0000
v 3.0000 -10.0000 2.0000
v 3.0000 -1.0000 2.0000
v 3.0000 -2.0000 2.0000
v 3.0000 4.0000 2.0000
v 3.0000 5.0000 2.0000
v 3.0000 7.0000 3.0000
v 3.0000 7.0000 2.0000
v 3.0000 6.0000 2.0000
v 3.0000 -10.0000 1.0000
v 3.0000 -8.0000 2.0000
v 3.0000 -8.0000 1.0000
v 3.0000 -9.0000 1.0000
v 3.0000 -4.0000 1.0000
v 3.0000 -4.0000 2.0000
v 3.0000 -3.0000 2.0000
v 3.0000 -3.0000 1.0000
v 3.0000 -2.0000 1.0000
v 3.0000 -1.0000 1.0000
v 3.0000 3.0000 1.0000
v 3.0000 3.0000 2.0000
v 3.0000 4.0000 1.0000
v 3.0000 5.0000 1.0000
v 3.0000 6.0000 1.0000
v 3.0000 7.0000 1.0000
v 3.0000 -10.0000 -0.0000
v 3.0000 -8.0000 -0.0000
v 3.0000 -9.0000 -0.0000
v 3.0000 -3.0000 -0.0000
v 3.0000 -2.0000 -0.0000
v 3.0000 -1.0000 -0.0000
v 3.0000 3.0000 -0.0000
v 3.0000 5.0000 -0.0000
v 3.0000 4.0000 -0.0000
v 3.0000 7.0000 -0.0000
v 3.0000 6.0000 -0.0000
v 3.0000 -9.0000 -1.0000
v 3.0000 -10.0000 -1.0000
v 3.0000 -1.0000 -1.0000
v 3.0000 -2.0000 -1.0000
v 3.0000 3.0000 -1.0000
v 3.0000 5.0000 -1.0000
v 3.0000 4.0000 -1.0000
v 3.0000 7.0000 -1.0000
v 3.0000 6.0000 -1.0000
v 3.0000 -9.0000 -2.0000
v 3.0000 -10.0000 -2.0000
v 3.0000 -1.0000 -2.0000
v 3.0000 -2.0000 -2.0000
v 3.0000 2.0000 -2.0000
v 3.0000 2.0000 -1.0000
v 3.0000 3.0000 -2.0000
v 3.0000 4.0000 -2.0000
v 3.0000 6.0000 -2.0000
v 3.0000 5.0000 -2.0000
v 3.0000 -1.0000 -3.0000
v 3.0000 -2.0000 -3.0000
v 3.0000 1.0000 -3.0000
v 3.0000 1.0000 -2.0000
v 3.0000 3.0000 -3.0000
v 3.0000 2.0000 -3.0000
v 3.0000 5.0000 -3.0000
v 3.0000 4.0000 -3.0000
v 3.0000 -1.0000 -4.0000
v 3.0000 -2.0000 -4.0000
v 3.0000 0.0000 -4.0000
v 3.0000 0.0000 -3.0000
v 3.0000 2.0000 -4.0000
v 3.0000 1.0000 -4.0000
v 3.0000 4.0000 -4.0000
v 3.0000 3.0000 -4.0000
v 2.0000 -3.0000 -4.0000
v 2.0000 -3.0000 -5.0000
v 3.0000 -3.0000 -5.0000
v 3.0000 -3.0000 -4.0000
v 3.0000 -2.0000 -5.0000
v 3.0000 1.0000 -5.0000
v 3.0000 3.0000 -5.0000
v 3.0000 2.0000 -5.0000
v 3.0000 -2.0000 -6.0000
v 3.0000 -1.0000 -6.0000
v 3.0000 0.0000 -6.0000
v 3.0000 2.0000 -6.0000
v 3.0000 0.0000 -7.0000
v 3.0000 1.0000 -7.0000
v 3.0000 2.0000 -7.0000
v 4.0000 0.0000 8.0000
v 4.0000 0.0000 9.0000
v 4.0000 1.0000 9.0000
v 4.0000 2.0000 9.0000
v 4.0000 2.0000 8.0000
v 4.0000 -2.0000 7.0000
v 4.0000 -2.0000 8.0000
v 4.0000 -1.0000 8.0000
v 4.0000 0.0000 7.0000
v 4.0000 -1.0000 7.0000
v 4.0000 2.0000 7.0000
v 4.0000 1.0000 7.0000
v 4.0000 -1.0000 6.0000
v 4.0000 -2.0000 6.0000
v 4.0000 1.0000 6.0000
v 4.0000 0.0000 6.0000
v 4.0000 3.0000 7.0000
v 4.0000 3.0000 6.0000
v 4.0000 2.0000 6.0000
v 4.0000 -1.0000 5.0000
v 4.0000 -2.0000 5.0000
v 4.0000 2.0000 5.0000
v 4.0000 1.0000 5.0000
v 4.0000 4.0000 6.0000
v 4.0000 4.0000 5.0000
v 4.0000 3.0000 5.0000
v 4.0000 -1.0000 4.0000
v 4.0000 -2.0000 4.0000
v 4.0000 3.0000 4.0000
v 4.0000 2.0000 4.0000
v 4.0000 5.0000 5.0000
v 4.0000 5.0000 4.0000
v 4.0000 4.0000 4.0000
v 4.0000 -1.0000 3.0000
v 4.0000 -2.0000 3.0000
v 4.0000 4.0000 3.0000
v 4.0000 3.0000 3.0000
v 4.0000 6.0000 4.0000
v 4.0000 6.0000 3.0000
v 4.0000 5.0000 3.0000
v 4.0000 -9.0000 3.0000
v 4.0000 -9.0000 2.0000
v 4.0000 -10.0000 2.0000
v 4.0000 -10.0000 3.0000
v 4.0000 -1.0000 2.0000
v 4.0000 -2.0000 2.0000
v 4.0000 4.0000 2.0000
v 4.0000 3.0000 2.0000
v 4.0000 6.0000 2.0000
v 4.0000 5.0000 2.0000
v 4.0000 -9.0000 1.0000
v 4.0000 -10.0000 1.0000
v 4.0000 -1.0000 1.0000
v 4.0000 -2.0000 1.0000
v 3.0000 2.0000 2.0000
v 3.0000 2.0000 1.0000
v 4.0000 2.0000 1.0000
v 4.0000 2.0000 2.0000
v 4.0000 4.0000 1.0000
v 4.0000 3.0000 1.0000
v 4.0000 5.0000 1.0000
v 4.0000 7.0000 2.0000
v 4.0000 7.0000 1.0000
v 4.0000 6.0000 1.0000
v 4.0000 -9.0000 -0.0000
v 4.0000 -10.0000 -0.0000
v 4.0000 -1.0000 -0.0000
v 4.0000 -2.0000 -0.0000
v 3.0000 2.0000 -0.0000
v 4.0000 2.0000 -0.0000
v 4.0000 4.0000 -0.0000
v 4.0000 3.0000 -0.0000
v 4.0000 5.0000 -0.0000
v 4.0000 7.0000 -0.0000
v 4.0000 6.0000 -0.0000
v 4.0000 -1.0000 -1.0000
v 4.0000 -2.0000 -1.0000
v 4.0000 2.0000 -1.0000
v 4.0000 3.0000 -1.0000
v 4.0000 4.0000 -1.0000
v 4.0000 6.0000 -1.0000
v 4.0000 5.0000 -1.0000
v 4.0000 -1.0000 -2.0000
v 4.0000 -2.0000 -2.0000
v 4.0000 4.0000 -2.0000
v 4.0000 3.0000 -2.0000
v 4.0000 6.0000 -2.0000
v 4.0000 5.0000 -2.0000
v 3.0000 -3.0000 -2.0000
v 3.0000 -3.0000 -3.0000
v 4.0000 -3.0000 -3.0000
v 4.0000 -3.0000 -2.0000
v 4.0000 -2.0000 -3.0000
v 4.0000 -1.0000 -3.0000
v 4.0000 1.0000 -3.0000
v 4.0000 1.0000 -2.0000
v 4.0000 2.0000 -2.0000
v 4.0000 3.0000 -3.0000
v 4.0000 2.0000 -3.0000
v 4.0000 5.0000 -3.0000
v 4.0000 4.0000 -3.0000
v 4.0000 -1.0000 -4.0000
v 4.0000 -2.0000 -4.0000
v 4.0000 0.0000 -4.0000
v 4.0000 0.0000 -3.0000
v 4.0000 2.0000 -4.0000
v 4.0000 1.0000 -4.0000
v 4.0000 4.0000 -4.0000
v 4.0000 3.0000 -4.0000
v 4.0000 -3.0000 -5.0000
v 4.0000 -3.0000 -4.0000
v 4.0000 -2.0000 -5.0000
v 4.0000 1.0000 -5.0000
v 4.0000 3.0000 -5.0000
v 4.0000 2.0000 -5.0000
v 4.0000 -2.0000 -6.0000
v 4.0000 -1.0000 -6.0000
v 4.0000 0.0000 -6.0000
v 4.0000 2.0000 -6.0000
v 4.0000 0.0000 -7.0000
v 4.0000 1.0000 -7.0000
v 4.0000 2.0000 -7.0000
v 5.0000 0.0000 8.0000
v 5.0000 0.0000 9.0000
v 5.0000 1.0000 9.0000
v 5.0000 2.0000 9.0000
v 5.0000 2.0000 8.0000
v 5.0000 -2.0000 7.0000
v 5.0000 -2.0000 8.0000
v 5.0000 -1.0000 8.0000
v 5.0000 0.0000 7.0000
v 5.0000 -1.0000 7.0000
v 5.0000 2.0000 7.0000
v 5.0000 1.0000 7.0000
v 4.0000 -3.0000 7.0000
v 4.0000 -3.0000 6.0000
v 5.0000 -3.0000 6.0000
v 5.0000 -3.0000 7.0000
v 5.0000 -2.0000 6.0000
v 5.0000 -1.0000 6.0000
v 5.0000 1.0000 6.0000
v 5.0000 0.0000 6.0000
v 5.0000 3.0000 7.0000
v 5.0000 3.0000 6.0000
v 5.0000 2.0000 6.0000
v 5.0000 -1.0000 5.0000
v 5.0000 -2.0000 5.0000
v 5.0000 2.0000 5.0000
v 5.0000 1.0000 5.0000
v 5.0000 4.0000 6.0000
v 5.0000 4.0000 5.0000
v 5.0000 3.0000 5.0000
v 4.0000 -3.0000 5.0000
v 4.0000 -3.0000 4.0000
v 5.0000 -3.0000 4.0000
v 5.0000 -3.0000 5.0000
v 5.0000 -2.0000 4.0000
v 5.0000 -1.0000 4.0000
v 5.0000 3.0000 4.0000
v 5.0000 2.0000 4.0000
v 5.0000 5.0000 5.0000
v 5.0000 5.0000 4.0000
v 5.0000 4.0000 4.0000
v 5.0000 -1.0000 3.0000
v 5.0000 -2.0000 3.0000
v 5.0000 3.0000 3.0000
v 4.0000 2.0000 3.0000
v 5.0000 2.0000 3.0000
v 5.0000 5.0000 3.0000
v 5.0000 4.0000 3.0000
v 4.0000 -3.0000 3.0000
v 4.0000 -3.0000 2.0000
v 5.0000 -3.0000 2.0000
v 5.0000 -3.0000 3.0000
v 5.0000 -2.0000 2.0000
v 5.0000 -1.0000 2.0000
v 5.0000 3.0000 2.0000
v 5.0000 2.0000 2.0000
v 5.0000 5.0000 2.0000
v 5.0000 4.0000 2.0000
v 5.0000 -9.0000 2.0000
v 5.0000 -9.0000 1.0000
v 5.0000 -10.0000 1.0000
v 5.0000 -10.0000 2.0000
v 4.0000 -3.0000 1.0000
v 5.0000 -3.0000 1.0000
v 5.0000 -2.0000 1.0000
v 5.0000 -1.0000 1.0000
v 4.0000 1.0000 2.0000
v 4.0000 1.0000 1.0000
v 5.0000 1.0000 1.0000
v 5.0000 1.0000 2.0000
v 5.0000 3.0000 1.0000
v 5.0000 2.0000 1.0000
v 5.0000 4.0000 1.0000
v 5.0000 6.0000 2.0000
v 5.0000 6.0000 1.0000
v 5.0000 5.0000 1.0000
v 5.0000 -1.0000 -0.0000
v 5.0000 -2.0000 -0.0000
v 4.0000 1.0000 -0.0000
v 5.0000 1.0000 -0.0000
v 5.0000 3.0000 -0.0000
v 5.0000 2.0000 -0.0000
v 5.0000 4.0000 -0.0000
v 5.0000 6.0000 -0.0000
v 5.0000 5.0000 -0.0000
v 5.0000 -1.0000 -1.0000
v 5.0000 -2.0000 -1.0000
v 4.0000 1.0000 -1.0000
v 5.0000 1.0000 -1.0000
v 5.0000 3.0000 -1.0000
v 5.0000 2.0000 -1.0000
v 5.0000 5.0000 -1.0000
v 5.0000 4.0000 -1.0000
v 5.0000 -1.0000 -2.0000
v 5.0000 -2.0000 -2.0000
v 5.0000 1.0000 -2.0000
v 5.0000 3.0000 -2.0000
v 5.0000 2.0000 -2.0000
v 5.0000 5.0000 -2.0000
v 5.0000 4.0000 -2.0000
v 5.0000 -1.0000 -3.0000
v 5.0000 -2.0000 -3.0000
v 5.0000 1.0000 -3.0000
v 5.0000 3.0000 -3.0000
v 5.0000 2.0000 -3.0000
v 5.0000 5.0000 -3.0000
v 5.0000 4.0000 -3.0000
v 5.0000 -1.0000 -4.0000
v 5.0000 -2.0000 -4.0000
v 5.0000 0.0000 -4.0000
v 5.0000 0.0000 -3.0000
v 5.0000 2.0000 -4.0000
v 5.0000 1.0000 -4.0000
v 5.0000 4.0000 -4.0000
v 5.0000 3.0000 -4.0000
v 5.0000 -2.0000 -5.0000
v 5.0000 1.0000 -5.0000
v 5.0000 3.0000 -5.0000
v 5.0000 2.0000 -5.0000
v 5.0000 -2.0000 -6.0000
v 5.0000 -1.0000 -6.0000
v 5.0000 0.0000 -6.0000
v 5.0000 2.0000 -6.0000
v 5.0000 0.0000 -7.0000
v 5.0000 1.0000 -7.0000
v 5.0000 2.0000 -7.0000
v 6.0000 0.0000 8.0000
v 6.0000 0.0000 9.0000
v 6.0000 1.0000 9.0000
v 6.0000 2.0000 9.0000
v 6.0000 2.0000 8.0000
v 6.0000 -2.0000 7.0000
v 6.0000 -2.0000 8.0000
v 6.0000 -1.0000 8.0000
v 6.0000 0.0000 7.0000
v 6.0000 -1.0000 7.0000
v 6.0000 2.0000 7.0000
v 6.0000 1.0000 7.0000
v 6.0000 -1.0000 6.0000
v 6.0000 -2.0000 6.0000
v 6.0000 1.0000 6.0000
v 6.0000 0.0000 6.0000
v 6.0000 3.0000 7.0000
v 6.0000 3.0000 6.0000
v 6.0000 2.0000 6.0000
v 6.0000 -1.0000 5.0000
v 6.0000 -2.0000 5.0000
v 6.0000 2.0000 5.0000
v 6.0000 1.0000 5.0000
v 6.0000 4.0000 6.0000
v 6.0000 4.0000 5.0000
v 6.0000 3.0000 5.0000
v 6.0000 -1.0000 4.0000
v 6.0000 -2.0000 4.0000
v 6.0000 2.0000 4.0000
v 5.0000 1.0000 4.0000
v 6.0000 1.0000 4.0000
v 6.0000 4.0000 4.0000
v 6.0000 3.0000 4.0000
v 6.0000 -1.0000 3.0000
v 6.0000 -2.0000 3.0000
v 6.0000 2.0000 3.0000
v 5.0000 1.0000 3.0000
v 6.0000 1.0000 3.0000
v 6.0000 4.0000 3.0000
v 6.0000 3.0000 3.0000
v 6.0000 -1.0000 2.0000
v 6.0000 -2.0000 2.0000
v 6.0000 2.0000 2.0000
v 6.0000 1.0000 2.0000
v 6.0000 4.0000 2.0000
v 6.0000 3.0000 2.0000
v 6.0000 -1.0000 1.0000
v 6.0000 -2.0000 1.0000
v 5.0000 0.0000 2.0000
v 5.0000 0.0000 1.0000
v 6.0000 0.0000 1.0000
v 6.0000 0.0000 2.0000
v 6.0000 2.0000 1.0000
v 6.0000 1.0000 1.0000
v 6.0000 3.0000 1.0000
v 6.0000 5.0000 2.0000
v 6.0000 5.0000 1.0000
v 6.0000 4.0000 1.0000
v 6.0000 -1.0000 -0.0000
v 6.0000 -2.0000 -0.0000
v 5.0000 0.0000 -0.0000
v 6.0000 0.0000 -0.0000
v 6.0000 2.0000 -0.0000
v 6.0000 1.0000 -0.0000
v 6.0000 3.0000 -0.0000
v 6.0000 5.0000 -0.0000
v 6.0000 4.0000 -0.0000
v 5.0000 -3.0000 -0.0000
v 5.0000 -3.0000 -1.0000
v 6.0000 -3.0000 -1.0000
v 6.0000 -3.0000 -0.0000
v 6.0000 -2.0000 -1.0000
v 6.0000 -1.0000 -1.0000
v 5.0000 0.0000 -1.0000
v 6.0000 0.0000 -1.0000
v 6.0000 2.0000 -1.0000
v 6.0000 1.0000 -1.0000
v 6.0000 4.0000 -1.0000
v 6.0000 3.0000 -1.0000
v 6.0000 -1.0000 -2.0000
v 6.0000 -2.0000 -2.0000
v 5.0000 0.0000 -2.0000
v 6.0000 0.0000 -2.0000
v 6.0000 2.0000 -2.0000
v 6.0000 1.0000 -2.0000
v 6.0000 4.0000 -2.0000
v 6.0000 3.0000 -2.0000
v 6.0000 -1.0000 -3.0000
v 6.0000 -2.0000 -3.0000
v 6.0000 0.0000 -3.0000
v 6.0000 2.0000 -3.0000
v 6.0000 1.0000 -3.0000
v 6.0000 4.0000 -3.0000
v 6.0000 3.0000 -3.0000
v 6.0000 -1.0000 -4.0000
v 6.0000 -2.0000 -4.0000
v 6.0000 0.0000 -4.0000
v 6.0000 2.0000 -4.0000
v 6.0000 1.0000 -4.0000
v 6.0000 4.0000 -4.0000
v 6.0000 3.0000 -4.0000
v 6.0000 -2.0000 -5.0000
v 6.0000 1.0000 -5.0000
v 6.0000 3.0000 -5.0000
v 6.0000 2.0000 -5.0000
v 6.0000 -2.0000 -6.0000
v 6.0000 -1.0000 -6.0000
v 6.0000 0.0000 -6.0000
v 6.0000 2.0000 -6.0000
v 6.0000 0.0000 -7.0000
v 6.0000 1.0000 -7.0000
v 6.0000 2.0000 -7.0000
v 7.0000 0.0000 8.0000
v 7.0000 0.0000 9.0000
v 7.0000 1.0000 9.0000
v 7.0000 2.0000 9.0000
v 7.0000 2.0000 8.0000
v 6.0000 -3.0000 8.0000
v 6.0000 -3.0000 7.0000
v 7.0000 -3.0000 7.0000
v 7.0000 -3.0000 8.0000
v 7.0000 -2.0000 8.0000
v 7.0000 -2.0000 7.0000
v 7.0000 -1.0000 8.0000
v 7.0000 0.0000 7.0000
v 7.0000 -1.0000 7.0000
v 7.0000 2.0000 7.0000
v 7.0000 1.0000 7.0000
v 7.0000 -1.0000 6.0000
v 7.0000 -2.0000 6.0000
v 7.0000 1.0000 6.0000
v 7.0000 0.0000 6.0000
v 7.0000 3.0000 7.0000
v 7.0000 3.0000 6.0000
v 7.0000 2.0000 6.0000
v 7.0000 -1.0000 5.0000
v 7.0000 -2.0000 5.0000
v 7.0000 1.0000 5.0000
v 6.0000 0.0000 5.0000
v 7.0000 0.0000 5.0000
v 7.0000 3.0000 5.0000
v 7.0000 2.0000 5.0000
v 7.0000 -1.0000 4.0000
v 7.0000 -2.0000 4.0000
v 7.0000 1.0000 4.0000
v 6.0000 0.0000 4.0000
v 7.0000 0.0000 4.0000
v 7.0000 3.0000 4.0000
v 7.0000 2.0000 4.0000
v 7.0000 -1.0000 3.0000
v 7.0000 -2.0000 3.0000
v 7.0000 1.0000 3.0000
v 6.0000 0.0000 3.0000
v 7.0000 0.0000 3.0000
v 7.0000 3.0000 3.0000
v 7.0000 2.0000 3.0000
v 7.0000 -1.0000 2.0000
v 7.0000 -2.0000 2.0000
v 7.0000 1.0000 2.0000
v 7.0000 0.0000 2.0000
v 7.0000 3.0000 2.0000
v 7.0000 2.0000 2.0000
v 6.0000 -3.0000 2.0000
v 6.0000 -3.0000 1.0000
v 7.0000 -3.0000 1.0000
v 7.0000 -3.0000 2.0000
v 7.0000 -2.0000 1.0000
v 7.0000 1.0000 1.0000
v 7.0000 0.0000 1.0000
v 7.0000 2.0000 1.0000
v 7.0000 4.0000 2.0000
v 7.0000 4.0000 1.0000
v 7.0000 3.0000 1.0000
v 7.0000 -2.0000 -0.0000
v 7.0000 1.0000 -0.0000
v 7.0000 0.0000 -0.0000
v 7.0000 2.0000 -0.0000
v 7.0000 4.0000 -0.0000
v 7.0000 3.0000 -0.0000
v 7.0000 -2.0000 -1.0000
v 7.0000 1.0000 -1.0000
v 7.0000 3.0000 -1.0000
v 7.0000 2.0000 -1.0000
v 6.0000 -3.0000 -2.0000
v 7.0000 -3.0000 -2.0000
v 7.0000 -3.0000 -1.0000
v 7.0000 -2.0000 -2.0000
v 7.0000 1.0000 -2.0000
v 7.0000 3.0000 -2.0000
v 7.0000 2.0000 -2.0000
v 6.0000 -3.0000 -3.0000
v 7.0000 -3.0000 -3.0000
v 7.0000 -2.0000 -3.0000
v 7.0000 1.0000 -3.0000
v 7.0000 3.0000 -3.0000
v 7.0000 2.0000 -3.0000
v 7.0000 -2.0000 -4.0000
v 7.0000 1.0000 -4.0000
v 7.0000 3.0000 -4.0000
v 7.0000 2.0000 -4.0000
v 6.0000 -3.0000 -4.0000
v 6.0000 -3.0000 -5.0000
v 7.0000 -3.0000 -5.0000
v 7.0000 -3.0000 -4.0000
v 7.0000 -2.0000 -5.0000
v 7.0000 1.0000 -5.0000
v 7.0000 3.0000 -5.0000
v 7.0000 2.0000 -5.0000
v 7.0000 -2.0000 -6.0000
v 7.0000 -1.0000 -6.0000
v 7.0000 0.0000 -6.0000
v 7.0000 2.0000 -6.0000
v 7.0000 0.0000 -7.0000
v 7.0000 1.0000 -7.0000
v 7.0000 2.0000 -7.0000
v 8.0000 0.0000 8.0000
v 8.0000 0.0000 9.0000
v 8.0000 1.0000 9.0000
v 8.0000 2.0000 9.0000
v 8.0000 2.0000 8.0000
v 8.0000 -2.0000 7.0000
v 8.0000 -2.0000 8.0000
v 8.0000 -1.0000 8.0000
v 8.0000 -1.0000 7.0000
v 8.0000 0.0000 7.0000
v 8.0000 2.0000 7.0000
v 8.0000 -2.0000 6.0000
v 8.0000 -1.0000 6.0000
v 8.0000 0.0000 6.0000
v 8.0000 2.0000 6.0000
v 7.0000 -3.0000 6.0000
v 7.0000 -3.0000 5.0000
v 8.0000 -3.0000 5.0000
v 8.0000 -3.0000 6.0000
v 8.0000 -2.0000 5.0000
v 8.0000 -1.0000 5.0000
v 8.0000 0.0000 5.0000
v 8.0000 2.0000 5.0000
v 8.0000 -2.0000 4.0000
v 8.0000 -1.0000 4.0000
v 8.0000 0.0000 4.0000
v 8.0000 2.0000 4.0000
v 7.0000 -3.0000 4.0000
v 7.0000 -3.0000 3.0000
v 8.0000 -3.0000 3.0000
v 8.0000 -3.0000 4.0000
v 8.0000 -2.0000 3.0000
v 8.0000 -1.0000 3.0000
v 8.0000 0.0000 3.0000
v 8.0000 2.0000 3.0000
v 8.0000 -2.0000 2.0000
v 8.0000 -1.0000 2.0000
v 8.0000 0.0000 2.0000
v 8.0000 1.0000 2.0000
v 8.0000 2.0000 2.0000
v 8.0000 -2.0000 1.0000
v 8.0000 -1.0000 1.0000
v 8.0000 0.0000 1.0000
v 8.0000 1.0000 1.0000
v 8.0000 3.0000 2.0000
v 8.0000 3.0000 1.0000
v 8.0000 2.0000 1.0000
v 8.0000 -2.0000 -0.0000
v 8.0000 -1.0000 -0.0000
v 8.0000 0.0000 -0.0000
v 8.0000 1.0000 -0.0000
v 8.0000 3.0000 -0.0000
v 8.0000 2.0000 -0.0000
v 8.0000 -2.0000 -1.0000
v 8.0000 -1.0000 -1.0000
v 8.0000 0.0000 -1.0000
v 8.0000 2.0000 -1.0000
v 8.0000 -2.0000 -2.0000
v 8.0000 -1.0000 -2.0000
v 8.0000 0.0000 -2.0000
v 8.0000 2.0000 -2.0000
v 8.0000 -2.0000 -3.0000
v 8.0000 -1.0000 -3.0000
v 8.0000 0.0000 -3.0000
v 8.0000 2.0000 -3.0000
v 8.0000 -2.0000 -4.0000
v 8.0000 -1.0000 -4.0000
v 8.0000 0.0000 -4.0000
v 8.0000 2.0000 -4.0000
v 8.0000 -2.0000 -5.0000
v 8.0000 -1.0000 -5.0000
v 8.0000 0.0000 -5.0000
v 8.0000 2.0000 -5.0000
v 8.0000 -2.0000 -6.0000
v 8.0000 -1.0000 -6.0000
v 8.0000 0.0000 -6.0000
v 8.0000 2.0000 -6.0000
v 8.0000 0.0000 -7.0000
v 8.0000 1.0000 -7.0000
v 8.0000 2.0000 -7.0000
v 9.0000 0.0000 8.0000
v 9.0000 0.0000 9.0000
v 9.0000 1.0000 9.0000
v 9.0000 1.0000 8.0000
v 9.0000 2.0000 9.0000
v 9.0000 2.0000 8.0000
v 9.0000 0.0000 7.0000
v 9.0000 1.0000 7.0000
v 9.0000 2.0000 7.0000
v 9.0000 0.0000 6.0000
v 9.0000 1.0000 6.0000
v 9.0000 2.0000 6.0000
v 9.0000 0.0000 5.0000
v 9.0000 1.0000 5.0000
v 9.0000 2.0000 5.0000
v 9.0000 0.0000 4.0000
v 9.0000 1.0000 4.0000
v 9.0000 2.0000 4.0000
v 9.0000 0.0000 3.0000
v 9.0000 1.0000 3.0000
v 9.0000 2.0000 3.0000
v 9.0000 0.0000 2.0000
v 9.0000 1.0000 2.0000
v 9.0000 2.0000 2.0000
v 9.0000 0.0000 1.0000
v 9.0000 1.0000 1.0000
v 9.0000 2.0000 1.0000
v 9.0000 0.0000 -0.0000
v 9.0000 1.0000 -0.0000
v 9.0000 2.0000 -0.0000
v 9.0000 0.0000 -1.0000
v 9.0000 1.0000 -1.0000
v 9.0000 2.0000 -1.0000
v 9.0000 0.0000 -2.0000
v 9.0000 1.0000 -2.0000
v 9.0000 2.0000 -2.0000
v 9.0000 0.0000 -3.0000
v 9.0000 1.0000 -3.0000
v 9.0000 2.0000 -3.0000
v 9.0000 0.0000 -4.0000
v 9.0000 1.0000 -4.0000
v 9.0000 2.0000 -4.0000
v 9.0000 0.0000 -5.0000
v 9.0000 1.0000 -5.0000
v 9.0000 2.0000 -5.0000
v 9.0000 0.0000 -6.0000
v 9.0000 1.0000 -6.0000
v 9.0000 2.0000 -6.0000
v 9.0000 0.0000 -7.0000
v 9.0000 1.0000 -7.0000
v 9.0000 2.0000 -7.0000
vt 0.001953 0.500000
vt 0.005859 0.500000
vt 0.009766 0.500000
vt 0.013672 0.500000
vt 0.017578 0.500000
vn 0.0 -1.0 0.0
vn 0.0 1.0 0.0
vn 0.0 0.0 1.0
vn 0.0 0.0 -1.0
vn -1.0 0.0 0.0
vn 1.0 0.0 0.0
usemtl mat_Cedro_Juan_Manuel_Lombana_Cárdenas_fase_3
s off
f 1/1/1 2/1/1 3/1/1 4/1/1
f 1/1/3 4/1/3 5/1/3 6/1/3
f 1/1/5 6/1/5 7/1/5 2/1/5
f 8/1/2 9/1/2 10/1/2 11/1/2
f 6/1/3 5/1/3 9/1/3 8/1/3
f 6/1/5 8/1/5 11/1/5 7/1/5
f 2/1/1 12/1/1 13/1/1 3/1/1
f 2/1/5 7/1/5 14/1/5 12/1/5
f 11/1/2 10/1/2 15/1/2 16/1/2
f 17/1/6 18/1/6 15/1/6 10/1/6
f 7/1/5 11/1/5 16/1/5 14/1/5
f 12/1/1 19/1/1 20/1/1 13/1/1
f 12/1/5 14/1/5 21/1/5 19/1/5
f 16/1/2 15/1/2 22/1/2 23/1/2
f 18/1/6 24/1/6 22/1/6 15/1/6
f 14/1/5 16/1/5 23/1/5 21/1/5
f 19/1/1 25/1/1 26/1/1 20/1/1
f 19/1/5 21/1/5 27/1/5 25/1/5
f 23/1/2 22/1/2 28/1/2 29/1/2
f 24/1/6 30/1/6 28/1/6 22/1/6
f 21/1/5 23/1/5 29/1/5 27/1/5
f 25/1/1 31/1/1 32/1/1 26/1/1
f 25/1/5 27/1/5 33/1/5 31/1/5
f 29/1/2 28/1/2 34/1/2 35/1/2
f 30/1/6 36/1/6 34/1/6 28/1/6
f 27/1/5 29/1/5 35/1/5 33/1/5
f 31/1/1 37/1/1 38/1/1 32/1/1
f 31/1/5 33/1/5 39/1/5 37/1/5
f 35/1/2 34/1/2 40/1/2 41/1/2
f 36/1/6 42/1/6 40/1/6 34/1/6
f 33/1/5 35/1/5 41/1/5 39/1/5
f 37/1/1 43/1/1 44/1/1 38/1/1
f 37/1/5 39/1/5 45/1/5 43/1/5
f 41/1/2 40/1/2 46/1/2 47/1/2
f 42/1/6 48/1/6 46/1/6 40/1/6
f 39/1/5 41/1/5 47/1/5 45/1/5
f 43/1/1 49/1/1 50/1/1 44/1/1
f 43/1/5 45/1/5 51/1/5 49/1/5
f 48/1/6 52/1/6 53/1/6 46/1/6
f 45/1/5 47/1/5 54/1/5 51/1/5
f 55/1/2 56/1/2 57/1/2 58/1/2
f 47/1/3 46/1/3 56/1/3 55/1/3
f 47/1/5 55/1/5 58/1/5 54/1/5
f 49/1/1 59/1/1 60/1/1 50/1/1
f 49/1/5 51/1/5 61/1/5 59/1/5
f 52/1/6 62/1/6 63/1/6 53/1/6
f 51/1/5 54/1/5 64/1/5 61/1/5
f 58/1/2 57/1/2 65/1/2 66/1/2
f 64/1/4 66/1/4 65/1/4 63/1/4
f 54/1/5 58/1/5 66/1/5 64/1/5
f 59/1/1 67/1/1 68/1/1 60/1/1
f 59/1/5 61/1/5 69/1/5 67/1/5
f 64/1/2 63/1/2 70/1/2 71/1/2
f 62/1/6 72/1/6 70/1/6 63/1/6
f 61/1/5 64/1/5 71/1/5 69/1/5
f 67/1/1 73/1/1 74/1/1 68/1/1
f 67/1/5 69/1/5 75/1/5 73/1/5
f 71/1/2 70/1/2 76/1/2 77/1/2
f 72/1/6 78/1/6 76/1/6 70/1/6
f 69/1/5 71/1/5 77/1/5 75/1/5
f 73/1/1 79/1/1 80/1/1 74/1/1
f 73/1/5 75/1/5 81/1/5 79/1/5
f 77/1/2 76/1/2 82/1/2 83/1/2
f 78/1/6 84/1/6 82/1/6 76/1/6
f 75/1/5 77/1/5 83/1/5 81/1/5
f 79/1/1 85/1/1 86/1/1 80/1/1
f 79/1/5 81/1/5 87/1/5 85/1/5
f 83/1/2 82/1/2 88/1/2 89/1/2
f 84/1/6 90/1/6 88/1/6 82/1/6
f 81/1/5 83/1/5 89/1/5 87/1/5
f 85/1/1 91/1/1 92/1/1 86/1/1
f 85/1/5 87/1/5 93/1/5 91/1/5
f 89/1/2 88/1/2 94/1/2 95/1/2
f 90/1/6 96/1/6 94/1/6 88/1/6
f 87/1/5 89/1/5 95/1/5 93/1/5
f 91/1/1 97/1/1 98/1/1 92/1/1
f 91/1/5 93/1/5 99/1/5 97/1/5
f 95/1/2 94/1/2 100/1/2 101/1/2
f 93/1/5 95/1/5 101/1/5 99/1/5
f 102/1/1 103/1/1 104/1/1 105/1/1
f 102/1/3 105/1/3 98/1/3 97/1/3
f 103/1/4 106/1/4 107/1/4 104/1/4
f 105/1/6 104/1/6 107/1/6 98/1/6
f 102/1/5 97/1/5 106/1/5 103/1/5
f 106/1/4 108/1/4 109/1/4 107/1/4
f 97/1/5 99/1/5 108/1/5 106/1/5
f 101/1/2 100/1/2 110/1/2 111/1/2
f 108/1/4 111/1/4 110/1/4 109/1/4
f 99/1/5 101/1/5 111/1/5 108/1/5
f 4/1/1 3/1/1 112/1/1 113/1/1
f 4/1/3 113/1/3 114/1/3 5/1/3
f 9/1/2 115/1/2 116/1/2 10/1/2
f 5/1/3 114/1/3 115/1/3 9/1/3
f 17/1/4 10/1/4 116/1/4 117/1/4
f 118/1/1 119/1/1 120/1/1 121/1/1
f 118/1/3 121/1/3 122/1/3 123/1/3
f 118/1/5 123/1/5 124/1/5 119/1/5
f 123/1/3 122/1/3 112/1/3 3/1/3
f 123/1/5 3/1/5 13/1/5 124/1/5
f 17/1/2 117/1/2 125/1/2 18/1/2
f 126/1/2 127/1/2 128/1/2 129/1/2
f 10/1/1 15/1/1 130/1/1 116/1/1
f 10/1/3 116/1/3 127/1/3 126/1/3
f 10/1/5 126/1/5 129/1/5 15/1/5
f 119/1/1 131/1/1 132/1/1 120/1/1
f 119/1/5 124/1/5 133/1/5 131/1/5
f 134/1/6 135/1/6 136/1/6 137/1/6
f 124/1/5 13/1/5 20/1/5 133/1/5
f 18/1/2 125/1/2 138/1/2 24/1/2
f 129/1/2 128/1/2 139/1/2 140/1/2
f 15/1/1 22/1/1 141/1/1 130/1/1
f 130/1/6 141/1/6 139/1/6 128/1/6
f 15/1/5 129/1/5 140/1/5 22/1/5
f 131/1/1 142/1/1 143/1/1 132/1/1
f 131/1/5 133/1/5 144/1/5 142/1/5
f 135/1/6 145/1/6 146/1/6 136/1/6
f 133/1/5 20/1/5 26/1/5 144/1/5
f 24/1/2 138/1/2 147/1/2 30/1/2
f 136/1/6 146/1/6 147/1/6 138/1/6
f 140/1/2 139/1/2 148/1/2 149/1/2
f 22/1/1 28/1/1 150/1/1 141/1/1
f 141/1/6 150/1/6 148/1/6 139/1/6
f 22/1/5 140/1/5 149/1/5 28/1/5
f 151/1/1 152/1/1 153/1/1 154/1/1
f 151/1/3 154/1/3 143/1/3 142/1/3
f 152/1/4 155/1/4 156/1/4 153/1/4
f 154/1/6 153/1/6 156/1/6 143/1/6
f 151/1/5 142/1/5 155/1/5 152/1/5
f 142/1/5 144/1/5 157/1/5 155/1/5
f 145/1/6 158/1/6 159/1/6 146/1/6
f 144/1/5 26/1/5 32/1/5 157/1/5
f 30/1/2 147/1/2 160/1/2 36/1/2
f 149/1/2 148/1/2 161/1/2 162/1/2
f 28/1/1 34/1/1 163/1/1 150/1/1
f 150/1/6 163/1/6 161/1/6 148/1/6
f 28/1/5 149/1/5 162/1/5 34/1/5
f 155/1/1 164/1/1 165/1/1 156/1/1
f 155/1/5 157/1/5 166/1/5 164/1/5
f 158/1/6 167/1/6 168/1/6 159/1/6
f 157/1/5 32/1/5 38/1/5 166/1/5
f 36/1/2 160/1/2 169/1/2 42/1/2
f 159/1/6 168/1/6 169/1/6 160/1/6
f 162/1/2 161/1/2 170/1/2 171/1/2
f 34/1/1 40/1/1 172/1/1 163/1/1
f 163/1/6 172/1/6 170/1/6 161/1/6
f 34/1/5 162/1/5 171/1/5 40/1/5
f 164/1/1 173/1/1 174/1/1 165/1/1
f 164/1/5 166/1/5 175/1/5 173/1/5
f 167/1/6 176/1/6 177/1/6 168/1/6
f 166/1/5 38/1/5 44/1/5 175/1/5
f 42/1/2 169/1/2 178/1/2 48/1/2
f 168/1/6 177/1/6 178/1/6 169/1/6
f 171/1/2 170/1/2 179/1/2 56/1/2
f 40/1/1 46/1/1 180/1/1 172/1/1
f 172/1/6 180/1/6 179/1/6 170/1/6
f 40/1/5 171/1/5 56/1/5 46/1/5
f 173/1/1 181/1/1 182/1/1 174/1/1
f 173/1/5 175/1/5 183/1/5 181/1/5
f 176/1/6 184/1/6 185/1/6 177/1/6
f 175/1/5 44/1/5 50/1/5 183/1/5
f 48/1/2 178/1/2 186/1/2 52/1/2
f 46/1/1 53/1/1 187/1/1 180/1/1
f 180/1/6 187/1/6 188/1/6 179/1/6
f 189/1/2 190/1/2 191/1/2 192/1/2
f 56/1/3 179/1/3 190/1/3 189/1/3
f 56/1/5 189/1/5 192/1/5 57/1/5
f 181/1/1 193/1/1 194/1/1 182/1/1
f 181/1/5 183/1/5 195/1/5 193/1/5
f 184/1/6 196/1/6 197/1/6 185/1/6
f 183/1/5 50/1/5 60/1/5 195/1/5
f 52/1/2 186/1/2 198/1/2 62/1/2
f 53/1/1 63/1/1 199/1/1 187/1/1
f 187/1/6 199/1/6 200/1/6 188/1/6
f 192/1/2 191/1/2 201/1/2 202/1/2
f 65/1/4 202/1/4 201/1/4 200/1/4
f 57/1/5 192/1/5 202/1/5 65/1/5
f 193/1/1 203/1/1 204/1/1 194/1/1
f 193/1/5 195/1/5 205/1/5 203/1/5
f 196/1/6 206/1/6 207/1/6 197/1/6
f 195/1/5 60/1/5 68/1/5 205/1/5
f 62/1/2 198/1/2 208/1/2 72/1/2
f 65/1/2 200/1/2 209/1/2 210/1/2
f 63/1/1 70/1/1 211/1/1 199/1/1
f 199/1/6 211/1/6 209/1/6 200/1/6
f 63/1/5 65/1/5 210/1/5 70/1/5
f 203/1/1 212/1/1 213/1/1 204/1/1
f 203/1/5 205/1/5 214/1/5 212/1/5
f 205/1/5 68/1/5 74/1/5 214/1/5
f 72/1/2 208/1/2 215/1/2 78/1/2
f 210/1/2 209/1/2 216/1/2 217/1/2
f 70/1/1 76/1/1 218/1/1 211/1/1
f 211/1/6 218/1/6 216/1/6 209/1/6
f 70/1/5 210/1/5 217/1/5 76/1/5
f 212/1/1 219/1/1 220/1/1 213/1/1
f 212/1/5 214/1/5 221/1/5 219/1/5
f 222/1/6 223/1/6 224/1/6 225/1/6
f 214/1/5 74/1/5 80/1/5 221/1/5
f 78/1/2 215/1/2 226/1/2 84/1/2
f 217/1/2 216/1/2 227/1/2 228/1/2
f 76/1/1 82/1/1 229/1/1 218/1/1
f 218/1/6 229/1/6 227/1/6 216/1/6
f 76/1/5 217/1/5 228/1/5 82/1/5
f 219/1/1 230/1/1 231/1/1 220/1/1
f 219/1/5 221/1/5 232/1/5 230/1/5
f 223/1/6 233/1/6 234/1/6 224/1/6
f 221/1/5 80/1/5 86/1/5 232/1/5
f 84/1/2 226/1/2 235/1/2 90/1/2
f 228/1/2 227/1/2 236/1/2 237/1/2
f 82/1/1 88/1/1 238/1/1 229/1/1
f 229/1/6 238/1/6 236/1/6 227/1/6
f 82/1/5 228/1/5 237/1/5 88/1/5
f 230/1/1 239/1/1 240/1/1 231/1/1
f 230/1/5 232/1/5 241/1/5 239/1/5
f 232/1/5 86/1/5 92/1/5 241/1/5
f 90/1/2 235/1/2 242/1/2 96/1/2
f 237/1/2 236/1/2 243/1/2 244/1/2
f 88/1/1 94/1/1 245/1/1 238/1/1
f 94/1/4 244/1/4 243/1/4 245/1/4
f 88/1/5 237/1/5 244/1/5 94/1/5
f 246/1/1 247/1/1 248/1/1 249/1/1
f 246/1/3 249/1/3 240/1/3 239/1/3
f 247/1/4 250/1/4 251/1/4 248/1/4
f 249/1/6 248/1/6 251/1/6 240/1/6
f 246/1/5 239/1/5 250/1/5 247/1/5
f 250/1/4 105/1/4 252/1/4 251/1/4
f 239/1/5 241/1/5 105/1/5 250/1/5
f 105/1/4 98/1/4 253/1/4 252/1/4
f 241/1/5 92/1/5 98/1/5 105/1/5
f 94/1/2 245/1/2 254/1/2 100/1/2
f 96/1/3 242/1/3 245/1/3 94/1/3
f 98/1/1 107/1/1 255/1/1 253/1/1
f 107/1/4 109/1/4 256/1/4 255/1/4
f 100/1/2 254/1/2 257/1/2 110/1/2
f 109/1/4 110/1/4 257/1/4 256/1/4
f 113/1/1 112/1/1 258/1/1 259/1/1
f 113/1/3 259/1/3 260/1/3 114/1/3
f 115/1/2 261/1/2 262/1/2 116/1/2
f 114/1/3 260/1/3 261/1/3 115/1/3
f 117/1/4 116/1/4 262/1/4 263/1/4
f 121/1/1 120/1/1 264/1/1 265/1/1
f 121/1/3 265/1/3 266/1/3 122/1/3
f 122/1/3 266/1/3 258/1/3 112/1/3
f 134/1/4 137/1/4 267/1/4 268/1/4
f 117/1/2 263/1/2 269/1/2 125/1/2
f 127/1/2 270/1/2 271/1/2 128/1/2
f 116/1/1 130/1/1 272/1/1 262/1/1
f 116/1/3 262/1/3 270/1/3 127/1/3
f 130/1/4 128/1/4 271/1/4 272/1/4
f 134/1/2 268/1/2 273/1/2 135/1/2
f 120/1/1 132/1/1 274/1/1 264/1/1
f 125/1/2 269/1/2 275/1/2 138/1/2
f 137/1/1 136/1/1 276/1/1 267/1/1
f 136/1/4 138/1/4 275/1/4 276/1/4
f 277/1/2 278/1/2 279/1/2 280/1/2
f 128/1/1 139/1/1 281/1/1 271/1/1
f 128/1/3 271/1/3 278/1/3 277/1/3
f 128/1/5 277/1/5 280/1/5 139/1/5
f 135/1/2 273/1/2 282/1/2 145/1/2
f 132/1/1 143/1/1 283/1/1 274/1/1
f 141/1/2 284/1/2 285/1/2 150/1/2
f 138/1/1 147/1/1 286/1/1 275/1/1
f 138/1/3 275/1/3 284/1/3 141/1/3
f 138/1/5 141/1/5 150/1/5 147/1/5
f 280/1/2 279/1/2 287/1/2 288/1/2
f 139/1/1 148/1/1 289/1/1 281/1/1
f 281/1/6 289/1/6 287/1/6 279/1/6
f 139/1/5 280/1/5 288/1/5 148/1/5
f 145/1/2 282/1/2 290/1/2 158/1/2
f 143/1/1 156/1/1 291/1/1 283/1/1
f 146/1/1 159/1/1 292/1/1 293/1/1
f 146/1/3 293/1/3 286/1/3 147/1/3
f 159/1/4 160/1/4 294/1/4 292/1/4
f 150/1/2 285/1/2 295/1/2 163/1/2
f 286/1/6 294/1/6 295/1/6 285/1/6
f 147/1/5 150/1/5 163/1/5 160/1/5
f 288/1/2 287/1/2 296/1/2 297/1/2
f 148/1/1 161/1/1 298/1/1 289/1/1
f 289/1/6 298/1/6 296/1/6 287/1/6
f 148/1/5 288/1/5 297/1/5 161/1/5
f 158/1/2 290/1/2 299/1/2 167/1/2
f 156/1/1 165/1/1 300/1/1 291/1/1
f 163/1/2 295/1/2 301/1/2 172/1/2
f 160/1/1 169/1/1 302/1/1 294/1/1
f 294/1/6 302/1/6 301/1/6 295/1/6
f 160/1/5 163/1/5 172/1/5 169/1/5
f 297/1/2 296/1/2 303/1/2 304/1/2
f 161/1/1 170/1/1 305/1/1 298/1/1
f 298/1/6 305/1/6 303/1/6 296/1/6
f 161/1/5 297/1/5 304/1/5 170/1/5
f 167/1/2 299/1/2 306/1/2 176/1/2
f 165/1/1 174/1/1 307/1/1 300/1/1
f 172/1/2 301/1/2 308/1/2 180/1/2
f 169/1/1 178/1/1 309/1/1 302/1/1
f 302/1/6 309/1/6 308/1/6 301/1/6
f 169/1/5 172/1/5 180/1/5 178/1/5
f 304/1/2 303/1/2 310/1/2 190/1/2
f 170/1/1 179/1/1 311/1/1 305/1/1
f 305/1/6 311/1/6 310/1/6 303/1/6
f 170/1/5 304/1/5 190/1/5 179/1/5
f 312/2/2 313/2/2 314/2/2 315/2/2
f 316/2/1 317/2/1 318/2/1 319/2/1
f 316/2/3 319/2/3 313/2/3 312/2/3
f 317/2/4 315/2/4 314/2/4 318/2/4
f 316/2/5 312/2/5 315/2/5 317/2/5
f 176/1/2 306/1/2 320/1/2 184/1/2
f 174/1/1 182/1/1 321/1/1 307/1/1
f 177/1/1 185/1/1 322/1/1 323/1/1
f 177/1/3 323/1/3 309/1/3 178/1/3
f 323/1/6 322/1/6 324/1/6 309/1/6
f 180/1/2 308/1/2 325/1/2 187/1/2
f 178/1/5 180/1/5 187/1/5 186/1/5
f 179/1/1 188/1/1 326/1/1 311/1/1
f 311/1/6 326/1/6 327/1/6 310/1/6
f 328/1/2 329/1/2 330/1/2 331/1/2
f 190/1/3 310/1/3 329/1/3 328/1/3
f 190/1/5 328/1/5 331/1/5 191/1/5
f 332/1/1 333/1/1 334/1/1 335/1/1
f 332/1/3 335/1/3 321/1/3 182/1/3
f 332/1/5 182/1/5 194/1/5 333/1/5
f 184/1/2 320/1/2 336/1/2 196/1/2
f 185/1/1 197/1/1 337/1/1 322/1/1
f 322/1/6 337/1/6 338/1/6 324/1/6
f 187/1/2 325/1/2 339/1/2 199/1/2
f 186/1/5 187/1/5 199/1/5 198/1/5
f 188/1/1 200/1/1 340/1/1 326/1/1
f 326/1/6 340/1/6 341/1/6 327/1/6
f 331/1/2 330/1/2 342/1/2 343/1/2
f 201/1/4 343/1/4 342/1/4 341/1/4
f 191/1/5 331/1/5 343/1/5 201/1/5
f 333/1/1 344/1/1 345/1/1 334/1/1
f 344/1/4 204/1/4 346/1/4 345/1/4
f 333/1/5 194/1/5 204/1/5 344/1/5
f 196/1/2 336/1/2 347/1/2 206/1/2
f 197/1/1 207/1/1 348/1/1 337/1/1
f 337/1/6 348/1/6 349/1/6 338/1/6
f 199/1/2 339/1/2 350/1/2 211/1/2
f 198/1/5 199/1/5 211/1/5 208/1/5
f 201/1/2 341/1/2 351/1/2 352/1/2
f 200/1/1 209/1/1 353/1/1 340/1/1
f 340/1/6 353/1/6 351/1/6 341/1/6
f 200/1/5 201/1/5 352/1/5 209/1/5
f 204/1/1 213/1/1 354/1/1 346/1/1
f 206/2/3 347/2/3 348/2/3 207/2/3
f 222/2/4 225/2/4 355/2/4 356/2/4
f 347/2/6 356/2/6 355/2/6 348/2/6
f 348/1/6 355/1/6 357/1/6 349/1/6
f 211/1/2 350/1/2 358/1/2 218/1/2
f 208/1/5 211/1/5 218/1/5 215/1/5
f 352/1/2 351/1/2 359/1/2 360/1/2
f 209/1/1 216/1/1 361/1/1 353/1/1
f 353/1/6 361/1/6 359/1/6 351/1/6
f 209/1/5 352/1/5 360/1/5 216/1/5
f 222/1/2 356/1/2 362/1/2 223/1/2
f 213/1/1 220/1/1 363/1/1 354/1/1
f 225/1/1 224/1/1 364/1/1 355/1/1
f 355/1/6 364/1/6 365/1/6 357/1/6
f 218/1/2 358/1/2 366/1/2 229/1/2
f 215/1/5 218/1/5 229/1/5 226/1/5
f 360/1/2 359/1/2 367/1/2 368/1/2
f 216/1/1 227/1/1 369/1/1 361/1/1
f 361/1/6 369/1/6 367/1/6 359/1/6
f 216/1/5 360/1/5 368/1/5 227/1/5
f 223/1/2 362/1/2 370/1/2 233/1/2
f 220/1/1 231/1/1 371/1/1 363/1/1
f 224/1/1 234/1/1 372/1/1 364/1/1
f 229/1/2 366/1/2 373/1/2 238/1/2
f 235/1/4 238/1/4 373/1/4 374/1/4
f 226/1/5 229/1/5 238/1/5 235/1/5
f 368/1/2 367/1/2 375/1/2 376/1/2
f 227/1/1 236/1/1 377/1/1 369/1/1
f 236/1/4 376/1/4 375/1/4 377/1/4
f 227/1/5 368/1/5 376/1/5 236/1/5
f 231/1/1 240/1/1 378/1/1 371/1/1
f 233/2/3 370/2/3 372/2/3 234/2/3
f 235/1/2 374/1/2 379/1/2 242/1/2
f 236/1/2 377/1/2 380/1/2 243/1/2
f 238/1/1 245/1/1 381/1/1 373/1/1
f 238/1/3 373/1/3 377/1/3 236/1/3
f 245/1/4 243/1/4 380/1/4 381/1/4
f 240/1/1 251/1/1 382/1/1 378/1/1
f 251/1/4 252/1/4 383/1/4 382/1/4
f 252/1/4 253/1/4 384/1/4 383/1/4
f 245/1/2 381/1/2 385/1/2 254/1/2
f 242/1/3 379/1/3 381/1/3 245/1/3
f 253/1/1 255/1/1 386/1/1 384/1/1
f 255/1/4 256/1/4 387/1/4 386/1/4
f 254/1/2 385/1/2 388/1/2 257/1/2
f 256/1/4 257/1/4 388/1/4 387/1/4
f 259/1/1 258/1/1 389/1/1 390/1/1
f 259/1/3 390/1/3 391/1/3 260/1/3
f 261/1/2 392/1/2 393/1/2 262/1/2
f 260/1/3 391/1/3 392/1/3 261/1/3
f 263/1/4 262/1/4 393/1/4 394/1/4
f 395/1/1 396/1/1 397/1/1 398/1/1
f 395/1/3 398/1/3 399/1/3 265/1/3
f 396/1/4 264/1/4 400/1/4 397/1/4
f 398/1/6 397/1/6 400/1/6 399/1/6
f 395/1/5 265/1/5 264/1/5 396/1/5
f 265/1/3 399/1/3 401/1/3 266/1/3
f 266/1/3 401/1/3 389/1/3 258/1/3
f 268/1/4 267/1/4 402/1/4 403/1/4
f 263/1/2 394/1/2 404/1/2 269/1/2
f 270/1/2 405/1/2 406/1/2 271/1/2
f 262/1/1 272/1/1 407/1/1 393/1/1
f 262/1/3 393/1/3 405/1/3 270/1/3
f 272/1/4 271/1/4 406/1/4 407/1/4
f 268/1/2 403/1/2 408/1/2 273/1/2
f 264/1/1 274/1/1 409/1/1 400/1/1
f 269/1/2 404/1/2 410/1/2 275/1/2
f 267/1/1 276/1/1 411/1/1 402/1/1
f 276/1/4 275/1/4 410/1/4 411/1/4
f 278/1/2 412/1/2 413/1/2 279/1/2
f 271/1/1 281/1/1 414/1/1 406/1/1
f 271/1/3 406/1/3 412/1/3 278/1/3
f 281/1/4 279/1/4 413/1/4 414/1/4
f 273/1/2 408/1/2 415/1/2 282/1/2
f 274/1/1 283/1/1 416/1/1 409/1/1
f 284/1/2 417/1/2 418/1/2 285/1/2
f 275/1/1 286/1/1 419/1/1 410/1/1
f 275/1/3 410/1/3 417/1/3 284/1/3
f 286/1/4 285/1/4 418/1/4 419/1/4
f 420/1/2 421/1/2 422/1/2 423/1/2
f 279/1/1 287/1/1 424/1/1 413/1/1
f 279/1/3 413/1/3 421/1/3 420/1/3
f 279/1/5 420/1/5 423/1/5 287/1/5
f 282/1/2 415/1/2 425/1/2 290/1/2
f 283/1/1 291/1/1 426/1/1 416/1/1
f 286/1/2 419/1/2 427/1/2 294/1/2
f 293/1/1 292/1/1 428/1/1 429/1/1
f 293/1/3 429/1/3 419/1/3 286/1/3
f 292/1/4 294/1/4 427/1/4 428/1/4
f 289/1/2 430/1/2 431/1/2 298/1/2
f 285/1/1 295/1/1 432/1/1 418/1/1
f 285/1/3 418/1/3 430/1/3 289/1/3
f 285/1/5 289/1/5 298/1/5 295/1/5
f 423/1/2 422/1/2 433/1/2 434/1/2
f 287/1/1 296/1/1 435/1/1 424/1/1
f 424/1/6 435/1/6 433/1/6 422/1/6
f 287/1/5 423/1/5 434/1/5 296/1/5
f 290/1/2 425/1/2 436/1/2 299/1/2
f 291/1/1 300/1/1 437/1/1 426/1/1
f 298/1/2 431/1/2 438/1/2 305/1/2
f 295/1/1 301/1/1 439/1/1 432/1/1
f 432/1/6 439/1/6 438/1/6 431/1/6
f 295/1/5 298/1/5 305/1/5 301/1/5
f 434/1/2 433/1/2 440/1/2 441/1/2
f 296/1/1 303/1/1 442/1/1 435/1/1
f 435/1/6 442/1/6 440/1/6 433/1/6
f 296/1/5 434/1/5 441/1/5 303/1/5
f 443/2/2 444/2/2 445/2/2 313/2/2
f 446/2/1 319/2/1 447/2/1 448/2/1
f 446/2/3 448/2/3 444/2/3 443/2/3
f 446/2/5 443/2/5 313/2/5 319/2/5
f 299/1/2 436/1/2 449/1/2 306/1/2
f 300/1/1 307/1/1 450/1/1 437/1/1
f 305/1/2 438/1/2 451/1/2 311/1/2
f 301/1/1 308/1/1 452/1/1 439/1/1
f 439/1/6 452/1/6 451/1/6 438/1/6
f 301/1/5 305/1/5 311/1/5 308/1/5
f 441/1/2 440/1/2 453/1/2 329/1/2
f 303/1/1 310/1/1 454/1/1 442/1/1
f 303/1/5 441/1/5 329/1/5 310/1/5
f 313/2/2 445/2/2 455/2/2 314/2/2
f 319/2/1 318/2/1 456/2/1 447/2/1
f 306/1/2 449/1/2 457/1/2 320/1/2
f 307/1/1 321/1/1 458/1/1 450/1/1
f 309/1/1 324/1/1 459/1/1 460/1/1
f 309/1/3 460/1/3 452/1/3 308/1/3
f 460/1/6 459/1/6 461/1/6 452/1/6
f 311/1/2 451/1/2 462/1/2 326/1/2
f 308/1/5 311/1/5 326/1/5 325/1/5
f 310/1/1 327/1/1 463/1/1 454/1/1
f 454/1/6 463/1/6 464/1/6 453/1/6
f 465/1/2 466/1/2 467/1/2 468/1/2
f 329/1/3 453/1/3 466/1/3 465/1/3
f 329/1/5 465/1/5 468/1/5 330/1/5
f 314/2/2 455/2/2 469/2/2 470/2/2
f 318/2/1 471/2/1 472/2/1 456/2/1
f 471/2/4 470/2/4 469/2/4 472/2/4
f 318/2/5 314/2/5 470/2/5 471/2/5
f 335/1/1 334/1/1 473/1/1 474/1/1
f 335/1/3 474/1/3 458/1/3 321/1/3
f 474/1/6 473/1/6 475/1/6 458/1/6
f 320/1/2 457/1/2 476/1/2 336/1/2
f 324/1/1 338/1/1 477/1/1 459/1/1
f 459/1/6 477/1/6 478/1/6 461/1/6
f 326/1/2 462/1/2 479/1/2 340/1/2
f 325/1/5 326/1/5 340/1/5 339/1/5
f 327/1/1 341/1/1 480/1/1 463/1/1
f 463/1/6 480/1/6 481/1/6 464/1/6
f 468/1/2 467/1/2 482/1/2 483/1/2
f 342/1/4 483/1/4 482/1/4 481/1/4
f 330/1/5 468/1/5 483/1/5 342/1/5
f 334/1/1 345/1/1 484/1/1 473/1/1
f 345/1/4 346/1/4 485/1/4 484/1/4
f 473/1/6 484/1/6 485/1/6 475/1/6
f 336/1/2 476/1/2 486/1/2 347/1/2
f 338/1/1 349/1/1 487/1/1 477/1/1
f 477/1/6 487/1/6 488/1/6 478/1/6
f 340/1/2 479/1/2 489/1/2 353/1/2
f 339/1/5 340/1/5 353/1/5 350/1/5
f 342/1/2 481/1/2 490/1/2 491/1/2
f 341/1/1 351/1/1 492/1/1 480/1/1
f 480/1/6 492/1/6 490/1/6 481/1/6
f 341/1/5 342/1/5 491/1/5 351/1/5
f 347/1/2 486/1/2 493/1/2 356/1/2
f 346/1/1 354/1/1 494/1/1 485/1/1
f 349/1/1 357/1/1 495/1/1 487/1/1
f 487/1/6 495/1/6 496/1/6 488/1/6
f 353/1/2 489/1/2 497/1/2 361/1/2
f 350/1/5 353/1/5 361/1/5 358/1/5
f 491/1/2 490/1/2 498/1/2 499/1/2
f 351/1/1 359/1/1 500/1/1 492/1/1
f 492/1/6 500/1/6 498/1/6 490/1/6
f 351/1/5 491/1/5 499/1/5 359/1/5
f 501/1/1 502/1/1 503/1/1 504/1/1
f 501/1/3 504/1/3 494/1/3 354/1/3
f 502/1/4 363/1/4 505/1/4 503/1/4
f 504/1/6 503/1/6 505/1/6 494/1/6
f 501/1/5 354/1/5 363/1/5 502/1/5
f 356/1/2 493/1/2 506/1/2 362/1/2
f 357/1/1 365/1/1 507/1/1 495/1/1
f 361/1/2 497/1/2 508/1/2 369/1/2
f 366/1/4 369/1/4 508/1/4 509/1/4
f 358/1/5 361/1/5 369/1/5 366/1/5
f 499/1/2 498/1/2 510/1/2 511/1/2
f 359/1/1 367/1/1 512/1/1 500/1/1
f 367/1/4 511/1/4 510/1/4 512/1/4
f 359/1/5 499/1/5 511/1/5 367/1/5
f 362/1/2 506/1/2 513/1/2 370/1/2
f 363/1/1 371/1/1 514/1/1 505/1/1
f 364/1/1 372/1/1 515/1/1 516/1/1
f 364/1/3 516/1/3 507/1/3 365/1/3
f 366/1/2 509/1/2 517/1/2 373/1/2
f 374/1/4 373/1/4 517/1/4 518/1/4
f 367/1/2 512/1/2 519/1/2 375/1/2
f 369/1/1 377/1/1 520/1/1 508/1/1
f 369/1/3 508/1/3 512/1/3 367/1/3
f 377/1/4 375/1/4 519/1/4 520/1/4
f 371/1/1 378/1/1 521/1/1 514/1/1
f 370/2/3 513/2/3 515/2/3 372/2/3
f 374/1/2 518/1/2 522/1/2 379/1/2
f 377/1/2 520/1/2 523/1/2 380/1/2
f 373/1/1 381/1/1 524/1/1 517/1/1
f 373/1/3 517/1/3 520/1/3 377/1/3
f 381/1/4 380/1/4 523/1/4 524/1/4
f 378/1/1 382/1/1 525/1/1 521/1/1
f 382/1/4 383/1/4 526/1/4 525/1/4
f 383/1/4 384/1/4 527/1/4 526/1/4
f 381/1/2 524/1/2 528/1/2 385/1/2
f 379/1/3 522/1/3 524/1/3 381/1/3
f 384/1/1 386/1/1 529/1/1 527/1/1
f 386/1/4 387/1/4 530/1/4 529/1/4
f 385/1/2 528/1/2 531/1/2 388/1/2
f 387/1/4 388/1/4 531/1/4 530/1/4
f 390/1/1 389/1/1 532/1/1 533/1/1
f 390/1/3 533/1/3 534/1/3 391/1/3
f 392/1/2 535/1/2 536/1/2 393/1/2
f 391/1/3 534/1/3 535/1/3 392/1/3
f 394/1/4 393/1/4 536/1/4 537/1/4
f 399/1/1 400/1/1 538/1/1 539/1/1
f 399/1/3 539/1/3 540/1/3 401/1/3
f 401/1/3 540/1/3 532/1/3 389/1/3
f 403/1/4 402/1/4 541/1/4 542/1/4
f 394/1/2 537/1/2 543/1/2 404/1/2
f 405/1/2 544/1/2 545/1/2 406/1/2
f 393/1/1 407/1/1 546/1/1 536/1/1
f 393/1/3 536/1/3 544/1/3 405/1/3
f 407/1/4 406/1/4 545/1/4 546/1/4
f 403/1/2 542/1/2 547/1/2 408/1/2
f 400/1/1 409/1/1 548/1/1 538/1/1
f 404/1/2 543/1/2 549/1/2 410/1/2
f 402/1/1 411/1/1 550/1/1 541/1/1
f 411/1/4 410/1/4 549/1/4 550/1/4
f 412/1/2 551/1/2 552/1/2 413/1/2
f 406/1/1 414/1/1 553/1/1 545/1/1
f 406/1/3 545/1/3 551/1/3 412/1/3
f 414/1/4 413/1/4 552/1/4 553/1/4
f 408/1/2 547/1/2 554/1/2 415/1/2
f 409/1/1 416/1/1 555/1/1 548/1/1
f 417/1/2 556/1/2 557/1/2 418/1/2
f 410/1/1 419/1/1 558/1/1 549/1/1
f 410/1/3 549/1/3 556/1/3 417/1/3
f 419/1/4 418/1/4 557/1/4 558/1/4
f 421/1/2 559/1/2 560/1/2 422/1/2
f 413/1/1 424/1/1 561/1/1 552/1/1
f 413/1/3 552/1/3 559/1/3 421/1/3
f 424/1/4 422/1/4 560/1/4 561/1/4
f 415/1/2 554/1/2 562/1/2 425/1/2
f 416/1/1 426/1/1 563/1/1 555/1/1
f 419/1/2 558/1/2 564/1/2 427/1/2
f 429/1/1 428/1/1 565/1/1 566/1/1
f 429/1/3 566/1/3 558/1/3 419/1/3
f 428/1/4 427/1/4 564/1/4 565/1/4
f 566/1/6 565/1/6 564/1/6 558/1/6
f 430/1/2 567/1/2 568/1/2 431/1/2
f 418/1/1 432/1/1 569/1/1 557/1/1
f 418/1/3 557/1/3 567/1/3 430/1/3
f 432/1/4 431/1/4 568/1/4 569/1/4
f 570/1/2 571/1/2 572/1/2 573/1/2
f 422/1/1 433/1/1 574/1/1 560/1/1
f 422/1/3 560/1/3 571/1/3 570/1/3
f 422/1/5 570/1/5 573/1/5 433/1/5
f 575/2/2 576/2/2 577/2/2 444/2/2
f 578/2/1 448/2/1 579/2/1 580/2/1
f 578/2/3 580/2/3 576/2/3 575/2/3
f 578/2/5 575/2/5 444/2/5 448/2/5
f 425/1/2 562/1/2 581/1/2 436/1/2
f 426/1/1 437/1/1 582/1/1 563/1/1
f 435/1/2 583/1/2 584/1/2 442/1/2
f 431/1/1 438/1/1 585/1/1 568/1/1
f 431/1/3 568/1/3 583/1/3 435/1/3
f 438/1/4 442/1/4 584/1/4 585/1/4
f 431/1/5 435/1/5 442/1/5 438/1/5
f 573/1/2 572/1/2 586/1/2 587/1/2
f 433/1/1 440/1/1 588/1/1 574/1/1
f 433/1/5 573/1/5 587/1/5 440/1/5
f 444/2/2 577/2/2 589/2/2 445/2/2
f 448/2/1 447/2/1 590/2/1 579/2/1
f 436/1/2 581/1/2 591/1/2 449/1/2
f 437/1/1 450/1/1 592/1/1 582/1/1
f 442/1/1 454/1/1 593/1/1 584/1/1
f 442/1/3 584/1/3 588/1/3 440/1/3
f 454/1/4 453/1/4 594/1/4 593/1/4
f 587/1/2 586/1/2 595/1/2 466/1/2
f 440/1/5 587/1/5 466/1/5 453/1/5
f 445/2/2 589/2/2 596/2/2 455/2/2
f 447/2/1 456/2/1 597/2/1 590/2/1
f 449/1/2 591/1/2 598/1/2 457/1/2
f 450/1/1 458/1/1 599/1/1 592/1/1
f 452/1/1 461/1/1 600/1/1 601/1/1
f 452/1/3 601/1/3 602/1/3 451/1/3
f 601/1/6 600/1/6 603/1/6 602/1/6
f 454/1/2 593/1/2 604/1/2 463/1/2
f 451/1/3 602/1/3 593/1/3 454/1/3
f 451/1/5 454/1/5 463/1/5 462/1/5
f 453/1/1 464/1/1 605/1/1 594/1/1
f 594/1/6 605/1/6 606/1/6 595/1/6
f 607/1/2 608/1/2 609/1/2 610/1/2
f 466/1/3 595/1/3 608/1/3 607/1/3
f 466/1/5 607/1/5 610/1/5 467/1/5
f 455/2/2 596/2/2 611/2/2 469/2/2
f 456/2/1 472/2/1 612/2/1 597/2/1
f 472/2/4 469/2/4 611/2/4 612/2/4
f 457/1/2 598/1/2 613/1/2 476/1/2
f 458/1/1 475/1/1 614/1/1 599/1/1
f 461/1/1 478/1/1 615/1/1 600/1/1
f 600/1/6 615/1/6 616/1/6 603/1/6
f 463/1/2 604/1/2 617/1/2 480/1/2
f 462/1/5 463/1/5 480/1/5 479/1/5
f 464/1/1 481/1/1 618/1/1 605/1/1
f 605/1/6 618/1/6 619/1/6 606/1/6
f 610/1/2 609/1/2 620/1/2 621/1/2
f 482/1/4 621/1/4 620/1/4 619/1/4
f 467/1/5 610/1/5 621/1/5 482/1/5
f 476/1/2 613/1/2 622/1/2 486/1/2
f 475/1/1 485/1/1 623/1/1 614/1/1
f 478/1/1 488/1/1 624/1/1 615/1/1
f 615/1/6 624/1/6 625/1/6 616/1/6
f 480/1/2 617/1/2 626/1/2 492/1/2
f 479/1/5 480/1/5 492/1/5 489/1/5
f 482/1/2 619/1/2 627/1/2 628/1/2
f 481/1/1 490/1/1 629/1/1 618/1/1
f 481/1/5 482/1/5 628/1/5 490/1/5
f 486/1/2 622/1/2 630/1/2 493/1/2
f 485/1/1 494/1/1 631/1/1 623/1/1
f 488/1/1 496/1/1 632/1/1 624/1/1
f 492/1/2 626/1/2 633/1/2 500/1/2
f 497/1/4 500/1/4 633/1/4 634/1/4
f 489/1/5 492/1/5 500/1/5 497/1/5
f 628/1/2 627/1/2 635/1/2 636/1/2
f 490/1/1 498/1/1 637/1/1 629/1/1
f 498/1/4 636/1/4 635/1/4 637/1/4
f 490/1/5 628/1/5 636/1/5 498/1/5
f 493/1/2 630/1/2 638/1/2 506/1/2
f 494/1/1 505/1/1 639/1/1 631/1/1
f 495/1/1 507/1/1 640/1/1 641/1/1
f 495/1/3 641/1/3 632/1/3 496/1/3
f 497/1/2 634/1/2 642/1/2 508/1/2
f 509/1/4 508/1/4 642/1/4 643/1/4
f 498/1/2 637/1/2 644/1/2 510/1/2
f 500/1/1 512/1/1 645/1/1 633/1/1
f 500/1/3 633/1/3 637/1/3 498/1/3
f 512/1/4 510/1/4 644/1/4 645/1/4
f 506/1/2 638/1/2 646/1/2 513/1/2
f 505/1/1 514/1/1 647/1/1 639/1/1
f 516/1/1 515/1/1 648/1/1 649/1/1
f 516/1/3 649/1/3 640/1/3 507/1/3
f 509/1/2 643/1/2 650/1/2 517/1/2
f 518/1/4 517/1/4 650/1/4 651/1/4
f 512/1/2 645/1/2 652/1/2 519/1/2
f 508/1/1 520/1/1 653/1/1 642/1/1
f 508/1/3 642/1/3 645/1/3 512/1/3
f 520/1/4 519/1/4 652/1/4 653/1/4
f 654/1/1 655/1/1 656/1/1 657/1/1
f 654/1/3 657/1/3 647/1/3 514/1/3
f 657/1/6 656/1/6 658/1/6 647/1/6
f 654/1/5 514/1/5 521/1/5 655/1/5
f 513/2/3 646/2/3 648/2/3 515/2/3
f 518/1/2 651/1/2 659/1/2 522/1/2
f 520/1/2 653/1/2 660/1/2 523/1/2
f 517/1/1 524/1/1 661/1/1 650/1/1
f 517/1/3 650/1/3 653/1/3 520/1/3
f 524/1/4 523/1/4 660/1/4 661/1/4
f 655/1/1 662/1/1 663/1/1 656/1/1
f 662/1/4 525/1/4 664/1/4 663/1/4
f 656/1/6 663/1/6 664/1/6 658/1/6
f 655/1/5 521/1/5 525/1/5 662/1/5
f 525/1/4 526/1/4 665/1/4 664/1/4
f 526/1/4 527/1/4 666/1/4 665/1/4
f 524/1/2 661/1/2 667/1/2 528/1/2
f 522/1/3 659/1/3 661/1/3 524/1/3
f 527/1/1 529/1/1 668/1/1 666/1/1
f 529/1/4 530/1/4 669/1/4 668/1/4
f 528/1/2 667/1/2 670/1/2 531/1/2
f 530/1/4 531/1/4 670/1/4 669/1/4
f 533/1/1 532/1/1 671/1/1 672/1/1
f 533/1/3 672/1/3 673/1/3 534/1/3
f 535/1/2 674/1/2 675/1/2 536/1/2
f 534/1/3 673/1/3 674/1/3 535/1/3
f 537/1/4 536/1/4 675/1/4 676/1/4
f 539/1/1 538/1/1 677/1/1 678/1/1
f 539/1/3 678/1/3 679/1/3 540/1/3
f 540/1/3 679/1/3 671/1/3 532/1/3
f 542/1/4 541/1/4 680/1/4 681/1/4
f 537/2/2 676/2/2 682/2/2 543/2/2
f 544/1/2 683/1/2 684/1/2 545/1/2
f 536/1/1 546/1/1 685/1/1 675/1/1
f 536/1/3 675/1/3 683/1/3 544/1/3
f 546/1/4 545/1/4 684/1/4 685/1/4
f 542/1/2 681/1/2 686/1/2 547/1/2
f 538/1/1 548/1/1 687/1/1 677/1/1
f 541/2/1 550/2/1 688/2/1 680/2/1
f 550/2/4 549/2/4 689/2/4 688/2/4
f 546/2/2 685/2/2 690/2/2 556/2/2
f 543/2/3 682/2/3 685/2/3 546/2/3
f 682/2/6 689/2/6 690/2/6 685/2/6
f 543/2/5 546/2/5 556/2/5 549/2/5
f 551/1/2 691/1/2 692/1/2 552/1/2
f 545/1/1 553/1/1 693/1/1 684/1/1
f 545/1/3 684/1/3 691/1/3 551/1/3
f 553/1/4 552/1/4 692/1/4 693/1/4
f 547/1/2 686/1/2 694/1/2 554/1/2
f 548/1/1 555/1/1 695/1/1 687/1/1
f 556/2/2 690/2/2 696/2/2 557/2/2
f 549/2/1 558/2/1 697/2/1 689/2/1
f 558/2/4 557/2/4 696/2/4 697/2/4
f 559/1/2 698/1/2 699/1/2 560/1/2
f 552/1/1 561/1/1 700/1/1 692/1/1
f 552/1/3 692/1/3 698/1/3 559/1/3
f 561/1/4 560/1/4 699/1/4 700/1/4
f 554/1/2 694/1/2 701/1/2 562/1/2
f 555/1/1 563/1/1 702/1/1 695/1/1
f 567/2/2 703/2/2 704/2/2 568/2/2
f 557/2/1 569/2/1 705/2/1 696/2/1
f 557/2/3 696/2/3 703/2/3 567/2/3
f 569/2/4 568/2/4 704/2/4 705/2/4
f 571/1/2 706/1/2 707/1/2 572/1/2
f 560/1/1 574/1/1 708/1/1 699/1/1
f 560/1/3 699/1/3 706/1/3 571/1/3
f 576/2/2 709/2/2 710/2/2 577/2/2
f 580/2/1 579/2/1 711/2/1 712/2/1
f 580/2/3 712/2/3 709/2/3 576/2/3
f 562/1/2 701/1/2 713/1/2 581/1/2
f 563/1/1 582/1/1 714/1/1 702/1/1
f 583/2/2 715/2/2 716/2/2 584/2/2
f 568/2/1 585/2/1 717/2/1 704/2/1
f 568/2/3 704/2/3 715/2/3 583/2/3
f 585/2/4 584/2/4 716/2/4 717/2/4
f 572/1/2 707/1/2 718/1/2 586/1/2
f 574/1/1 588/1/1 719/1/1 708/1/1
f 577/2/2 710/2/2 720/2/2 589/2/2
f 579/2/1 590/2/1 721/2/1 711/2/1
f 581/1/2 713/1/2 722/1/2 591/1/2
f 582/1/1 592/1/1 723/1/1 714/1/1
f 584/1/1 593/1/1 724/1/1 716/1/1
f 584/1/3 716/1/3 719/1/3 588/1/3
f 594/1/4 595/1/4 725/1/4 726/1/4
f 719/1/6 726/1/6 725/1/6 718/1/6
f 727/1/2 728/1/2 729/1/2 608/1/2
f 586/1/3 718/1/3 728/1/3 727/1/3
f 586/1/5 727/1/5 608/1/5 595/1/5
f 590/2/1 597/2/1 730/2/1 721/2/1
f 731/2/2 732/2/2 733/2/2 734/2/2
f 589/2/3 720/2/3 732/2/3 731/2/3
f 589/2/5 731/2/5 734/2/5 596/2/5
f 735/3/1 736/3/1 737/3/1 738/3/1
f 735/3/3 738/3/3 739/3/3 740/3/3
f 736/3/4 741/3/4 742/3/4 737/3/4
f 735/3/5 740/3/5 741/3/5 736/3/5
f 740/3/3 739/3/3 723/3/3 592/3/3
f 740/3/5 592/3/5 599/3/5 741/3/5
f 591/1/2 722/1/2 743/1/2 598/1/2
f 723/1/6 744/1/6 743/1/6 722/1/6
f 602/2/1 603/2/1 745/2/1 746/2/1
f 602/2/3 746/2/3 724/2/3 593/2/3
f 594/1/2 726/1/2 747/1/2 605/1/2
f 593/1/5 594/1/5 605/1/5 604/1/5
f 608/1/2 729/1/2 748/1/2 609/1/2
f 595/1/1 606/1/1 749/1/1 725/1/1
f 597/2/1 612/2/1 750/2/1 730/2/1
f 734/2/2 733/2/2 751/2/2 752/2/2
f 611/2/4 752/2/4 751/2/4 753/2/4
f 596/2/5 734/2/5 752/2/5 611/2/5
f 741/3/1 754/3/1 755/3/1 742/3/1
f 754/3/4 614/3/4 756/3/4 755/3/4
f 741/3/5 599/3/5 614/3/5 754/3/5
f 598/1/2 743/1/2 757/1/2 613/1/2
f 744/1/6 756/1/6 757/1/6 743/1/6
f 603/1/1 616/1/1 758/1/1 745/1/1
f 605/1/2 747/1/2 759/1/2 618/1/2
f 604/1/5 605/1/5 618/1/5 617/1/5
f 609/1/2 748/1/2 760/1/2 620/1/2
f 606/1/1 619/1/1 761/1/1 749/1/1
f 611/2/2 753/2/2 762/2/2 763/2/2
f 612/2/1 764/2/1 765/2/1 750/2/1
f 612/2/5 611/2/5 763/2/5 764/2/5
f 613/1/2 757/1/2 766/1/2 622/1/2
f 614/1/1 623/1/1 767/1/1 756/1/1
f 616/1/1 625/1/1 768/1/1 758/1/1
f 626/1/4 629/1/4 769/1/4 770/1/4
f 617/1/5 618/1/5 629/1/5 626/1/5
f 618/1/3 759/1/3 761/1/3 619/1/3
f 759/1/6 769/1/6 771/1/6 761/1/6
f 620/1/2 760/1/2 772/1/2 773/1/2
f 627/1/4 773/1/4 772/1/4 771/1/4
f 619/1/5 620/1/5 773/1/5 627/1/5
f 763/2/2 762/2/2 774/2/2 775/2/2
f 764/2/1 776/2/1 777/2/1 765/2/1
f 776/2/4 775/2/4 774/2/4 777/2/4
f 764/2/5 763/2/5 775/2/5 776/2/5
f 622/1/2 766/1/2 778/1/2 630/1/2
f 623/1/1 631/1/1 779/1/1 767/1/1
f 624/1/1 632/1/1 780/1/1 781/1/1
f 624/1/3 781/1/3 768/1/3 625/1/3
f 626/1/2 770/1/2 782/1/2 633/1/2
f 634/1/4 633/1/4 782/1/4 783/1/4
f 627/1/2 771/1/2 784/1/2 635/1/2
f 629/1/1 637/1/1 785/1/1 769/1/1
f 637/1/4 635/1/4 784/1/4 785/1/4
f 786/1/1 787/1/1 788/1/1 789/1/1
f 786/1/3 789/1/3 779/1/3 631/1/3
f 787/1/4 639/1/4 790/1/4 788/1/4
f 789/1/6 788/1/6 790/1/6 779/1/6
f 786/1/5 631/1/5 639/1/5 787/1/5
f 630/1/2 778/1/2 791/1/2 638/1/2
f 641/1/1 640/1/1 792/1/1 793/1/1
f 641/1/3 793/1/3 780/1/3 632/1/3
f 634/1/2 783/1/2 794/1/2 642/1/2
f 643/1/4 642/1/4 794/1/4 795/1/4
f 637/1/2 785/1/2 796/1/2 644/1/2
f 633/1/1 645/1/1 797/1/1 782/1/1
f 633/1/3 782/1/3 785/1/3 637/1/3
f 645/1/4 644/1/4 796/1/4 797/1/4
f 638/1/2 791/1/2 798/1/2 646/1/2
f 639/1/1 647/1/1 799/1/1 790/1/1
f 649/1/1 648/1/1 800/1/1 801/1/1
f 649/1/3 801/1/3 792/1/3 640/1/3
f 643/1/2 795/1/2 802/1/2 650/1/2
f 651/1/4 650/1/4 802/1/4 803/1/4
f 645/1/2 797/1/2 804/1/2 652/1/2
f 642/1/1 653/1/1 805/1/1 794/1/1
f 642/1/3 794/1/3 797/1/3 645/1/3
f 653/1/4 652/1/4 804/1/4 805/1/4
f 647/1/1 658/1/1 806/1/1 799/1/1
f 646/2/3 798/2/3 800/2/3 648/2/3
f 651/1/2 803/1/2 807/1/2 659/1/2
f 653/1/2 805/1/2 808/1/2 660/1/2
f 650/1/1 661/1/1 809/1/1 802/1/1
f 650/1/3 802/1/3 805/1/3 653/1/3
f 661/1/4 660/1/4 808/1/4 809/1/4
f 658/1/1 664/1/1 810/1/1 806/1/1
f 664/1/4 665/1/4 811/1/4 810/1/4
f 665/1/4 666/1/4 812/1/4 811/1/4
f 661/1/2 809/1/2 813/1/2 667/1/2
f 659/1/3 807/1/3 809/1/3 661/1/3
f 666/1/1 668/1/1 814/1/1 812/1/1
f 668/1/4 669/1/4 815/1/4 814/1/4
f 667/1/2 813/1/2 816/1/2 670/1/2
f 669/1/4 670/1/4 816/1/4 815/1/4
f 672/1/1 671/1/1 817/1/1 818/1/1
f 672/1/3 818/1/3 819/1/3 673/1/3
f 674/1/2 820/1/2 821/1/2 675/1/2
f 673/1/3 819/1/3 820/1/3 674/1/3
f 678/1/1 677/1/1 822/1/1 823/1/1
f 678/1/3 823/1/3 824/1/3 679/1/3
f 679/1/3 824/1/3 817/1/3 671/1/3
f 682/1/4 685/1/4 825/1/4 826/1/4
f 676/1/5 675/1/5 685/1/5 682/1/5
f 683/1/2 827/1/2 828/1/2 684/1/2
f 675/1/3 821/1/3 827/1/3 683/1/3
f 677/1/1 687/1/1 829/1/1 822/1/1
f 686/1/4 688/1/4 830/1/4 831/1/4
f 681/1/5 680/1/5 688/1/5 686/1/5
f 682/1/2 826/1/2 832/1/2 689/1/2
f 685/1/1 690/1/1 833/1/1 825/1/1
f 690/1/4 693/1/4 834/1/4 833/1/4
f 685/1/5 684/1/5 693/1/5 690/1/5
f 691/1/2 835/1/2 836/1/2 692/1/2
f 684/1/3 828/1/3 835/1/3 691/1/3
f 686/1/2 831/1/2 837/1/2 694/1/2
f 687/1/1 695/1/1 838/1/1 829/1/1
f 688/1/1 839/1/1 840/1/1 830/1/1
f 839/1/4 697/1/4 841/1/4 840/1/4
f 688/1/5 689/1/5 697/1/5 839/1/5
f 690/1/2 833/1/2 842/1/2 696/1/2
f 689/1/3 832/1/3 833/1/3 690/1/3
f 693/1/1 703/1/1 843/1/1 834/1/1
f 703/1/4 700/1/4 844/1/4 843/1/4
f 693/1/5 692/1/5 700/1/5 703/1/5
f 698/1/2 845/1/2 846/1/2 699/1/2
f 692/1/3 836/1/3 845/1/3 698/1/3
f 847/2/2 848/2/2 849/2/2 709/2/2
f 850/2/1 712/2/1 851/2/1 852/2/1
f 850/2/3 852/2/3 848/2/3 847/2/3
f 850/2/5 847/2/5 709/2/5 712/2/5
f 694/1/2 837/1/2 853/1/2 701/1/2
f 695/1/1 702/1/1 854/1/1 838/1/1
f 697/1/1 855/1/1 856/1/1 841/1/1
f 855/1/4 705/1/4 857/1/4 856/1/4
f 697/1/5 696/1/5 705/1/5 855/1/5
f 703/1/2 843/1/2 858/1/2 704/1/2
f 696/1/3 842/1/3 843/1/3 703/1/3
f 700/1/1 715/1/1 859/1/1 844/1/1
f 715/1/4 708/1/4 860/1/4 859/1/4
f 700/1/5 699/1/5 708/1/5 715/1/5
f 706/1/2 861/1/2 862/1/2 707/1/2
f 699/1/3 846/1/3 861/1/3 706/1/3
f 709/2/2 849/2/2 863/2/2 710/2/2
f 712/2/1 711/2/1 864/2/1 851/2/1
f 865/1/1 866/1/1 867/1/1 868/1/1
f 865/1/3 868/1/3 854/1/3 702/1/3
f 865/1/5 702/1/5 714/1/5 866/1/5
f 701/1/2 853/1/2 869/1/2 713/1/2
f 705/2/1 870/2/1 871/2/1 857/2/1
f 870/2/4 717/2/4 872/2/4 871/2/4
f 705/2/5 704/2/5 717/2/5 870/2/5
f 715/2/2 859/2/2 873/2/2 716/2/2
f 704/2/3 858/2/3 859/2/3 715/2/3
f 708/2/1 719/2/1 874/2/1 860/2/1
f 719/2/4 718/2/4 875/2/4 874/2/4
f 876/1/2 877/1/2 878/1/2 728/1/2
f 707/1/3 862/1/3 877/1/3 876/1/3
f 707/1/5 876/1/5 728/1/5 718/1/5
f 711/2/1 721/2/1 879/2/1 864/2/1
f 880/2/2 881/2/2 882/2/2 732/2/2
f 710/2/3 863/2/3 881/2/3 880/2/3
f 710/2/5 880/2/5 732/2/5 720/2/5
f 883/3/1 884/3/1 885/3/1 886/3/1
f 883/3/3 886/3/3 887/3/3 888/3/3
f 883/3/5 888/3/5 738/3/5 884/3/5
f 888/3/3 887/3/3 867/3/3 866/3/3
f 888/3/5 866/3/5 739/3/5 738/3/5
f 866/3/5 714/3/5 723/3/5 739/3/5
f 713/1/2 869/1/2 889/1/2 722/1/2
f 723/1/4 722/1/4 889/1/4 890/1/4
f 717/2/1 746/2/1 891/2/1 872/2/1
f 717/2/5 716/2/5 724/2/5 746/2/5
f 719/2/2 874/2/2 892/2/2 726/2/2
f 716/2/3 873/2/3 874/2/3 719/2/3
f 728/1/2 878/1/2 893/1/2 729/1/2
f 718/1/1 725/1/1 894/1/1 875/1/1
f 721/2/1 730/2/1 895/2/1 879/2/1
f 732/2/3 882/2/3 896/2/3 897/2/3
f 732/2/5 897/2/5 898/2/5 733/2/5
f 897/2/3 896/2/3 899/2/3 900/2/3
f 897/2/5 900/2/5 901/2/5 898/2/5
f 900/2/3 899/2/3 885/2/3 884/2/3
f 900/2/5 884/2/5 902/2/5 901/2/5
f 884/2/5 738/2/5 737/2/5 902/2/5
f 723/2/2 890/2/2 903/2/2 744/2/2
f 904/4/1 905/4/1 906/4/1 907/4/1
f 904/4/3 907/4/3 908/4/3 909/4/3
f 904/4/5 909/4/5 910/4/5 905/4/5
f 909/4/3 908/4/3 911/4/3 912/4/3
f 909/4/5 912/4/5 913/4/5 910/4/5
f 912/4/3 911/4/3 891/4/3 746/4/3
f 912/4/5 746/4/5 745/4/5 913/4/5
f 726/4/3 892/4/3 894/4/3 725/4/3
f 726/4/5 725/4/5 749/4/5 747/4/5
f 729/1/2 893/1/2 914/1/2 748/1/2
f 730/2/1 750/2/1 915/2/1 895/2/1
f 751/2/4 916/2/4 917/2/4 918/2/4
f 733/2/5 898/2/5 916/2/5 751/2/5
f 916/2/4 919/2/4 920/2/4 917/2/4
f 898/2/5 901/2/5 919/2/5 916/2/5
f 919/2/4 921/2/4 922/2/4 920/2/4
f 901/2/5 902/2/5 921/2/5 919/2/5
f 902/2/5 737/2/5 923/2/5 921/2/5
f 737/2/5 742/2/5 755/2/5 923/2/5
f 744/2/2 903/2/2 924/2/2 756/2/2
f 905/1/1 925/1/1 926/1/1 906/1/1
f 925/1/4 927/1/4 928/1/4 926/1/4
f 905/1/5 910/1/5 927/1/5 925/1/5
f 927/1/4 929/1/4 930/1/4 928/1/4
f 910/1/5 913/1/5 929/1/5 927/1/5
f 929/1/4 758/1/4 931/1/4 930/1/4
f 913/1/5 745/1/5 758/1/5 929/1/5
f 759/1/4 761/1/4 932/1/4 933/1/4
f 747/1/5 749/1/5 761/1/5 759/1/5
f 748/1/2 914/1/2 934/1/2 760/1/2
f 750/2/1 765/2/1 935/2/1 915/2/1
f 751/2/2 918/2/2 936/2/2 937/2/2
f 762/2/4 937/2/4 936/2/4 938/2/4
f 753/2/5 751/2/5 937/2/5 762/2/5
f 921/3/1 939/3/1 940/3/1 922/3/1
f 939/3/4 941/3/4 942/3/4 940/3/4
f 921/3/5 923/3/5 941/3/5 939/3/5
f 941/3/4 943/3/4 944/3/4 942/3/4
f 923/3/5 755/3/5 943/3/5 941/3/5
f 943/3/4 767/3/4 945/3/4 944/3/4
f 755/3/5 756/3/5 767/3/5 943/3/5
f 757/1/2 946/1/2 947/1/2 766/1/2
f 756/1/3 924/1/3 946/1/3 757/1/3
f 758/1/1 768/1/1 948/1/1 931/1/1
f 759/1/2 933/1/2 949/1/2 769/1/2
f 770/1/4 769/1/4 949/1/4 950/1/4
f 760/1/2 934/1/2 951/1/2 772/1/2
f 761/1/1 771/1/1 952/1/1 932/1/1
f 762/2/2 938/2/2 953/2/2 774/2/2
f 765/2/1 777/2/1 954/2/1 935/2/1
f 777/2/4 774/2/4 953/2/4 954/2/4
f 766/1/2 947/1/2 955/1/2 778/1/2
f 767/1/1 779/1/1 956/1/1 945/1/1
f 781/1/1 780/1/1 957/1/1 958/1/1
f 781/1/3 958/1/3 948/1/3 768/1/3
f 770/1/2 950/1/2 959/1/2 782/1/2
f 783/1/4 782/1/4 959/1/4 960/1/4
f 769/1/1 785/1/1 961/1/1 949/1/1
f 769/1/3 949/1/3 952/1/3 771/1/3
f 772/1/2 951/1/2 962/1/2 963/1/2
f 784/1/4 963/1/4 962/1/4 964/1/4
f 771/1/5 772/1/5 963/1/5 784/1/5
f 778/1/2 955/1/2 965/1/2 791/1/2
f 779/1/1 790/1/1 966/1/1 956/1/1
f 793/1/1 792/1/1 967/1/1 968/1/1
f 793/1/3 968/1/3 957/1/3 780/1/3
f 783/1/2 960/1/2 969/1/2 794/1/2
f 795/1/4 794/1/4 969/1/4 970/1/4
f 782/1/1 797/1/1 971/1/1 959/1/1
f 782/1/3 959/1/3 961/1/3 785/1/3
f 784/1/2 964/1/2 972/1/2 973/1/2
f 796/1/4 973/1/4 972/1/4 974/1/4
f 785/1/5 784/1/5 973/1/5 796/1/5
f 790/1/1 799/1/1 975/1/1 966/1/1
f 791/2/3 965/2/3 976/2/3 801/2/3
f 965/2/6 977/2/6 978/2/6 976/2/6
f 791/2/5 801/2/5 800/2/5 798/2/5
f 801/1/3 976/1/3 967/1/3 792/1/3
f 795/1/2 970/1/2 979/1/2 802/1/2
f 803/1/4 802/1/4 979/1/4 980/1/4
f 794/1/1 805/1/1 981/1/1 969/1/1
f 794/1/3 969/1/3 971/1/3 797/1/3
f 796/1/2 974/1/2 982/1/2 983/1/2
f 804/1/4 983/1/4 982/1/4 984/1/4
f 797/1/5 796/1/5 983/1/5 804/1/5
f 799/1/1 806/1/1 985/1/1 975/1/1
f 803/1/2 980/1/2 986/1/2 807/1/2
f 802/1/1 809/1/1 987/1/1 979/1/1
f 802/1/3 979/1/3 981/1/3 805/1/3
f 804/1/2 984/1/2 988/1/2 989/1/2
f 808/1/4 989/1/4 988/1/4 990/1/4
f 805/1/5 804/1/5 989/1/5 808/1/5
f 991/1/1 992/1/1 993/1/1 994/1/1
f 991/1/3 994/1/3 985/1/3 806/1/3
f 992/1/4 810/1/4 995/1/4 993/1/4
f 991/1/5 806/1/5 810/1/5 992/1/5
f 810/1/4 811/1/4 996/1/4 995/1/4
f 811/1/4 812/1/4 997/1/4 996/1/4
f 998/1/6 997/1/6 999/1/6 986/1/6
f 807/1/3 986/1/3 987/1/3 809/1/3
f 808/1/2 990/1/2 1000/1/2 1001/1/2
f 813/1/4 1001/1/4 1000/1/4 1002/1/4
f 809/1/5 808/1/5 1001/1/5 813/1/5
f 812/1/1 814/1/1 1003/1/1 997/1/1
f 814/1/4 815/1/4 1004/1/4 1003/1/4
f 813/1/2 1002/1/2 1005/1/2 816/1/2
f 815/1/4 816/1/4 1005/1/4 1004/1/4
f 818/1/1 817/1/1 1006/1/1 1007/1/1
f 818/1/3 1007/1/3 1008/1/3 819/1/3
f 820/1/2 1009/1/2 1010/1/2 821/1/2
f 819/1/3 1008/1/3 1009/1/3 820/1/3
f 823/1/1 822/1/1 1011/1/1 1012/1/1
f 823/1/3 1012/1/3 1013/1/3 824/1/3
f 824/1/3 1013/1/3 1006/1/3 817/1/3
f 826/1/4 825/1/4 1014/1/4 1015/1/4
f 827/1/2 1016/1/2 1017/1/2 828/1/2
f 821/1/3 1010/1/3 1016/1/3 827/1/3
f 822/1/1 829/1/1 1018/1/1 1011/1/1
f 831/1/4 830/1/4 1019/1/4 1020/1/4
f 826/1/2 1015/1/2 1021/1/2 832/1/2
f 825/1/1 833/1/1 1022/1/1 1014/1/1
f 833/1/4 834/1/4 1023/1/4 1022/1/4
f 835/1/2 1024/1/2 1025/1/2 836/1/2
f 828/1/3 1017/1/3 1024/1/3 835/1/3
f 831/1/2 1020/1/2 1026/1/2 837/1/2
f 829/1/1 838/1/1 1027/1/1 1018/1/1
f 830/1/1 840/1/1 1028/1/1 1019/1/1
f 840/1/4 841/1/4 1029/1/4 1028/1/4
f 833/1/2 1022/1/2 1030/1/2 842/1/2
f 832/1/3 1021/1/3 1022/1/3 833/1/3
f 834/1/1 843/1/1 1031/1/1 1023/1/1
f 843/1/4 844/1/4 1032/1/4 1031/1/4
f 845/1/2 1033/1/2 1034/1/2 846/1/2
f 836/1/3 1025/1/3 1033/1/3 845/1/3
f 848/2/2 1035/2/2 1036/2/2 849/2/2
f 852/2/1 851/2/1 1037/2/1 1038/2/1
f 852/2/3 1038/2/3 1035/2/3 848/2/3
f 837/1/2 1026/1/2 1039/1/2 853/1/2
f 838/1/1 854/1/1 1040/1/1 1027/1/1
f 841/1/1 856/1/1 1041/1/1 1029/1/1
f 856/1/4 857/1/4 1042/1/4 1041/1/4
f 843/1/2 1031/1/2 1043/1/2 858/1/2
f 842/1/3 1030/1/3 1031/1/3 843/1/3
f 844/1/1 859/1/1 1044/1/1 1032/1/1
f 859/1/4 860/1/4 1045/1/4 1044/1/4
f 861/1/2 1046/1/2 1047/1/2 862/1/2
f 846/1/3 1034/1/3 1046/1/3 861/1/3
f 849/2/2 1036/2/2 1048/2/2 863/2/2
f 851/2/1 864/2/1 1049/2/1 1037/2/1
f 868/3/1 867/3/1 1050/3/1 1051/3/1
f 868/3/3 1051/3/3 1040/3/3 854/3/3
f 853/1/2 1039/1/2 1052/1/2 869/1/2
f 857/2/1 871/2/1 1053/2/1 1042/2/1
f 871/2/4 872/2/4 1054/2/4 1053/2/4
f 859/2/2 1044/2/2 1055/2/2 873/2/2
f 858/2/3 1043/2/3 1044/2/3 859/2/3
f 860/2/1 874/2/1 1056/2/1 1045/2/1
f 874/2/4 875/2/4 1057/2/4 1056/2/4
f 877/1/2 1058/1/2 1059/1/2 878/1/2
f 862/1/3 1047/1/3 1058/1/3 877/1/3
f 864/2/1 879/2/1 1060/2/1 1049/2/1
f 863/2/3 1048/2/3 1061/2/3 881/2/3
f 881/2/3 1061/2/3 1062/2/3 1063/2/3
f 881/2/5 1063/2/5 896/2/5 882/2/5
f 1063/2/3 1062/2/3 1064/2/3 1065/2/3
f 1063/2/5 1065/2/5 899/2/5 896/2/5
f 1065/2/3 1064/2/3 1066/2/3 886/2/3
f 1065/2/5 886/2/5 885/2/5 899/2/5
f 886/2/3 1066/2/3 1067/2/3 887/2/3
f 887/2/3 1067/2/3 1050/2/3 867/2/3
f 869/1/2 1052/1/2 1068/1/2 889/1/2
f 872/2/1 891/2/1 1069/2/1 1054/2/1
f 874/2/2 1056/2/2 1070/2/2 892/2/2
f 873/2/3 1055/2/3 1056/2/3 874/2/3
f 878/1/2 1059/1/2 1071/1/2 893/1/2
f 875/1/1 894/1/1 1072/1/1 1057/1/1
f 879/2/1 895/2/1 1073/2/1 1060/2/1
f 890/4/5 889/4/5 1074/4/5 903/4/5
f 889/4/3 1068/4/3 1075/4/3 907/4/3
f 1074/4/4 906/4/4 1076/4/4 1077/4/4
f 889/4/5 907/4/5 906/4/5 1074/4/5
f 907/4/3 1075/4/3 1078/4/3 908/4/3
f 908/4/3 1078/4/3 1079/4/3 911/4/3
f 911/4/3 1079/4/3 1069/4/3 891/4/3
f 892/4/3 1070/4/3 1072/4/3 894/4/3
f 893/1/2 1071/1/2 1080/1/2 914/1/2
f 895/2/1 915/2/1 1081/2/1 1073/2/1
f 1074/4/2 1077/4/2 1082/4/2 946/4/2
f 903/4/5 1074/4/5 946/4/5 924/4/5
f 906/1/1 926/1/1 1083/1/1 1076/1/1
f 926/1/4 928/1/4 1084/1/4 1083/1/4
f 928/1/4 930/1/4 1085/1/4 1084/1/4
f 930/1/4 931/1/4 1086/1/4 1085/1/4
f 933/1/4 932/1/4 1087/1/4 1088/1/4
f 914/1/2 1080/1/2 1089/1/2 934/1/2
f 915/2/1 935/2/1 1090/2/1 1081/2/1
f 938/2/4 936/2/4 1091/2/4 1092/2/4
f 936/2/4 1093/2/4 1094/2/4 1091/2/4
f 918/2/5 917/2/5 1093/2/5 936/2/5
f 1093/2/4 1095/2/4 1096/2/4 1094/2/4
f 917/2/5 920/2/5 1095/2/5 1093/2/5
f 1095/2/4 940/2/4 1097/2/4 1096/2/4
f 920/2/5 922/2/5 940/2/5 1095/2/5
f 940/2/4 942/2/4 1098/2/4 1097/2/4
f 942/2/4 944/2/4 1099/2/4 1098/2/4
f 946/5/2 1082/5/2 1100/5/2 947/5/2
f 931/1/1 948/1/1 1101/1/1 1086/1/1
f 933/1/2 1088/1/2 1102/1/2 949/1/2
f 950/1/4 949/1/4 1102/1/4 1103/1/4
f 934/1/2 1089/1/2 1104/1/2 951/1/2
f 932/1/1 952/1/1 1105/1/1 1087/1/1
f 938/2/2 1092/2/2 1106/2/2 953/2/2
f 935/2/1 954/2/1 1107/2/1 1090/2/1
f 944/3/1 1108/3/1 1109/3/1 1099/3/1
f 1108/3/4 956/3/4 1110/3/4 1109/3/4
f 944/3/5 945/3/5 956/3/5 1108/3/5
f 947/1/2 1100/1/2 1111/1/2 955/1/2
f 958/1/1 957/1/1 1112/1/1 1113/1/1
f 958/1/3 1113/1/3 1101/1/3 948/1/3
f 950/1/2 1103/1/2 1114/1/2 959/1/2
f 960/1/4 959/1/4 1114/1/4 1115/1/4
f 949/1/1 961/1/1 1116/1/1 1102/1/1
f 949/1/3 1102/1/3 1105/1/3 952/1/3
f 951/1/2 1104/1/2 1117/1/2 962/1/2
f 964/1/4 962/1/4 1117/1/4 1118/1/4
f 953/2/2 1106/2/2 1119/2/2 1120/2/2
f 954/2/1 1121/2/1 1122/2/1 1107/2/1
f 954/2/5 953/2/5 1120/2/5 1121/2/5
f 955/1/2 1111/1/2 1123/1/2 965/1/2
f 956/1/1 966/1/1 1124/1/1 1110/1/1
f 968/1/1 967/1/1 1125/1/1 1126/1/1
f 968/1/3 1126/1/3 1112/1/3 957/1/3
f 960/1/2 1115/1/2 1127/1/2 969/1/2
f 970/1/4 969/1/4 1127/1/4 1128/1/4
f 959/1/1 971/1/1 1129/1/1 1114/1/1
f 959/1/3 1114/1/3 1116/1/3 961/1/3
f 964/1/2 1118/1/2 1130/1/2 972/1/2
f 974/1/4 972/1/4 1130/1/4 1131/1/4
f 1120/2/2 1119/2/2 1132/2/2 1133/2/2
f 1121/2/1 1134/2/1 1135/2/1 1122/2/1
f 1134/2/4 1133/2/4 1132/2/4 1135/2/4
f 1122/2/6 1135/2/6 1132/2/6 1119/2/6
f 1121/2/5 1120/2/5 1133/2/5 1134/2/5
f 965/1/2 1123/1/2 1136/1/2 977/1/2
f 966/1/1 975/1/1 1137/1/1 1124/1/1
f 976/1/1 978/1/1 1138/1/1 1139/1/1
f 976/1/3 1139/1/3 1125/1/3 967/1/3
f 970/1/2 1128/1/2 1140/1/2 979/1/2
f 980/1/4 979/1/4 1140/1/4 1141/1/4
f 969/1/1 981/1/1 1142/1/1 1127/1/1
f 969/1/3 1127/1/3 1129/1/3 971/1/3
f 974/1/2 1131/1/2 1143/1/2 982/1/2
f 984/1/4 982/1/4 1143/1/4 1144/1/4
f 975/1/1 985/1/1 1145/1/1 1137/1/1
f 977/2/3 1136/2/3 1138/2/3 978/2/3
f 980/1/2 1141/1/2 1146/1/2 986/1/2
f 998/1/4 986/1/4 1146/1/4 1147/1/4
f 979/1/1 987/1/1 1148/1/1 1140/1/1
f 979/1/3 1140/1/3 1142/1/3 981/1/3
f 984/1/2 1144/1/2 1149/1/2 988/1/2
f 990/1/4 988/1/4 1149/1/4 1150/1/4
f 994/1/1 993/1/1 1151/1/1 1152/1/1
f 994/1/3 1152/1/3 1145/1/3 985/1/3
f 993/1/4 995/1/4 1153/1/4 1151/1/4
f 1152/1/6 1151/1/6 1153/1/6 1145/1/6
f 995/1/4 996/1/4 1154/1/4 1153/1/4
f 998/1/2 1147/1/2 1155/1/2 997/1/2
f 996/1/4 997/1/4 1155/1/4 1154/1/4
f 986/1/1 999/1/1 1156/1/1 1146/1/1
f 986/1/3 1146/1/3 1148/1/3 987/1/3
f 990/1/2 1150/1/2 1157/1/2 1000/1/2
f 1002/1/4 1000/1/4 1157/1/4 1158/1/4
f 997/1/1 1003/1/1 1159/1/1 1155/1/1
f 997/1/3 1155/1/3 1156/1/3 999/1/3
f 1003/1/4 1004/1/4 1160/1/4 1159/1/4
f 1002/1/2 1158/1/2 1161/1/2 1005/1/2
f 1004/1/4 1005/1/4 1161/1/4 1160/1/4
f 1007/1/1 1006/1/1 1162/1/1 1163/1/1
f 1007/1/3 1163/1/3 1164/1/3 1008/1/3
f 1009/1/2 1165/1/2 1166/1/2 1010/1/2
f 1008/1/3 1164/1/3 1165/1/3 1009/1/3
f 1012/1/1 1011/1/1 1167/1/1 1168/1/1
f 1012/1/3 1168/1/3 1169/1/3 1013/1/3
f 1013/1/3 1169/1/3 1162/1/3 1006/1/3
f 1015/1/4 1014/1/4 1170/1/4 1171/1/4
f 1016/1/2 1172/1/2 1173/1/2 1017/1/2
f 1010/1/3 1166/1/3 1172/1/3 1016/1/3
f 1011/1/1 1018/1/1 1174/1/1 1167/1/1
f 1020/1/4 1019/1/4 1175/1/4 1176/1/4
f 1015/1/2 1171/1/2 1177/1/2 1021/1/2
f 1014/1/1 1022/1/1 1178/1/1 1170/1/1
f 1022/1/4 1023/1/4 1179/1/4 1178/1/4
f 1024/1/2 1180/1/2 1181/1/2 1025/1/2
f 1017/1/3 1173/1/3 1180/1/3 1024/1/3
f 1182/2/2 1183/2/2 1184/2/2 1035/2/2
f 1185/2/1 1038/2/1 1186/2/1 1187/2/1
f 1185/2/3 1187/2/3 1183/2/3 1182/2/3
f 1187/2/6 1186/2/6 1184/2/6 1183/2/6
f 1185/2/5 1182/2/5 1035/2/5 1038/2/5
f 1020/1/2 1176/1/2 1188/1/2 1026/1/2
f 1018/1/1 1027/1/1 1189/1/1 1174/1/1
f 1019/1/1 1028/1/1 1190/1/1 1175/1/1
f 1028/1/4 1029/1/4 1191/1/4 1190/1/4
f 1022/1/2 1178/1/2 1192/1/2 1030/1/2
f 1021/1/3 1177/1/3 1178/1/3 1022/1/3
f 1023/1/1 1031/1/1 1193/1/1 1179/1/1
f 1031/1/4 1032/1/4 1194/1/4 1193/1/4
f 1033/1/2 1195/1/2 1196/1/2 1034/1/2
f 1025/1/3 1181/1/3 1195/1/3 1033/1/3
f 1035/2/2 1184/2/2 1197/2/2 1036/2/2
f 1038/2/1 1037/2/1 1198/2/1 1186/2/1
f 1186/2/6 1198/2/6 1197/2/6 1184/2/6
f 1026/1/2 1188/1/2 1199/1/2 1039/1/2
f 1027/1/1 1040/1/1 1200/1/1 1189/1/1
f 1029/1/1 1041/1/1 1201/1/1 1191/1/1
f 1041/1/4 1042/1/4 1202/1/4 1201/1/4
f 1031/1/2 1193/1/2 1203/1/2 1043/1/2
f 1030/1/3 1192/1/3 1193/1/3 1031/1/3
f 1032/1/1 1044/1/1 1204/1/1 1194/1/1
f 1044/1/4 1045/1/4 1205/1/4 1204/1/4
f 1046/1/2 1206/1/2 1207/1/2 1047/1/2
f 1034/1/3 1196/1/3 1206/1/3 1046/1/3
f 1036/2/2 1197/2/2 1208/2/2 1048/2/2
f 1037/2/1 1049/2/1 1209/2/1 1198/2/1
f 1051/3/1 1050/3/1 1210/3/1 1211/3/1
f 1051/3/3 1211/3/3 1200/3/3 1040/3/3
f 1039/1/2 1199/1/2 1212/1/2 1052/1/2
f 1042/2/1 1053/2/1 1213/2/1 1202/2/1
f 1053/2/4 1054/2/4 1214/2/4 1213/2/4
f 1044/2/2 1204/2/2 1215/2/2 1055/2/2
f 1043/2/3 1203/2/3 1204/2/3 1044/2/3
f 1045/1/1 1056/1/1 1216/1/1 1205/1/1
f 1056/1/4 1057/1/4 1217/1/4 1216/1/4
f 1058/1/2 1218/1/2 1219/1/2 1059/1/2
f 1047/1/3 1207/1/3 1218/1/3 1058/1/3
f 1049/2/1 1060/2/1 1220/2/1 1209/2/1
f 1048/2/3 1208/2/3 1221/2/3 1061/2/3
f 1061/2/3 1221/2/3 1222/2/3 1062/2/3
f 1221/2/6 1223/2/6 1224/2/6 1222/2/6
f 1062/2/3 1222/2/3 1225/2/3 1064/2/3
f 1222/2/6 1224/2/6 1226/2/6 1225/2/6
f 1064/2/3 1225/2/3 1227/2/3 1066/2/3
f 1225/2/6 1226/2/6 1228/2/6 1227/2/6
f 1066/2/3 1227/2/3 1229/2/3 1067/2/3
f 1067/2/3 1229/2/3 1210/2/3 1050/2/3
f 1052/1/2 1212/1/2 1230/1/2 1068/1/2
f 1054/2/1 1069/2/1 1231/2/1 1214/2/1
f 1056/2/2 1216/2/2 1232/2/2 1070/2/2
f 1055/2/3 1215/2/3 1216/2/3 1056/2/3
f 1059/1/2 1219/1/2 1233/1/2 1071/1/2
f 1057/1/1 1072/1/1 1234/1/1 1217/1/1
f 1060/2/1 1073/2/1 1235/2/1 1220/2/1
f 1068/4/3 1230/4/3 1236/4/3 1075/4/3
f 1077/4/4 1076/4/4 1237/4/4 1238/4/4
f 1075/4/3 1236/4/3 1239/4/3 1078/4/3
f 1078/4/3 1239/4/3 1240/4/3 1079/4/3
f 1079/4/3 1240/4/3 1231/4/3 1069/4/3
f 1070/4/3 1232/4/3 1234/4/3 1072/4/3
f 1071/1/2 1233/1/2 1241/1/2 1080/1/2
f 1073/2/1 1081/2/1 1242/2/1 1235/2/1
f 1077/4/2 1238/4/2 1243/4/2 1082/4/2
f 1076/1/1 1083/1/1 1244/1/1 1237/1/1
f 1083/1/4 1084/1/4 1245/1/4 1244/1/4
f 1084/1/4 1085/1/4 1246/1/4 1245/1/4
f 1085/1/4 1086/1/4 1247/1/4 1246/1/4
f 1088/1/4 1087/1/4 1248/1/4 1249/1/4
f 1080/1/2 1241/1/2 1250/1/2 1089/1/2
f 1081/2/1 1090/2/1 1251/2/1 1242/2/1
f 1092/2/4 1091/2/4 1252/2/4 1253/2/4
f 1091/2/4 1094/2/4 1254/2/4 1252/2/4
f 1255/2/6 1252/2/6 1254/2/6 1256/2/6
f 1094/2/4 1096/2/4 1257/2/4 1254/2/4
f 1256/2/6 1254/2/6 1257/2/6 1258/2/6
f 1096/2/4 1097/2/4 1259/2/4 1257/2/4
f 1258/2/6 1257/2/6 1259/2/6 1260/2/6
f 1097/2/4 1098/2/4 1261/2/4 1259/2/4
f 1082/5/2 1243/5/2 1262/5/2 1100/5/2
f 1086/1/1 1101/1/1 1263/1/1 1247/1/1
f 1088/1/2 1249/1/2 1264/1/2 1102/1/2
f 1103/1/4 1102/1/4 1264/1/4 1265/1/4
f 1089/1/2 1250/1/2 1266/1/2 1104/1/2
f 1087/1/1 1105/1/1 1267/1/1 1248/1/1
f 1092/2/2 1253/2/2 1268/2/2 1106/2/2
f 1090/2/1 1107/2/1 1269/2/1 1251/2/1
f 1098/3/1 1270/3/1 1271/3/1 1261/3/1
f 1270/3/4 1109/3/4 1272/3/4 1271/3/4
f 1261/3/6 1271/3/6 1272/3/6 1273/3/6
f 1098/3/5 1099/3/5 1109/3/5 1270/3/5
f 1109/3/4 1110/3/4 1274/3/4 1272/3/4
f 1273/3/6 1272/3/6 1274/3/6 1275/3/6
f 1100/1/2 1262/1/2 1276/1/2 1111/1/2
f 1113/1/1 1112/1/1 1277/1/1 1278/1/1
f 1113/1/3 1278/1/3 1263/1/3 1101/1/3
f 1103/1/2 1265/1/2 1279/1/2 1114/1/2
f 1115/1/4 1114/1/4 1279/1/4 1280/1/4
f 1102/1/1 1116/1/1 1281/1/1 1264/1/1
f 1102/1/3 1264/1/3 1267/1/3 1105/1/3
f 1104/1/2 1266/1/2 1282/1/2 1117/1/2
f 1118/1/4 1117/1/4 1282/1/4 1283/1/4
f 1106/2/2 1268/2/2 1284/2/2 1119/2/2
f 1107/2/1 1122/2/1 1285/2/1 1269/2/1
f 1122/2/4 1119/2/4 1284/2/4 1285/2/4
f 1269/2/6 1285/2/6 1284/2/6 1268/2/6
f 1111/1/2 1276/1/2 1286/1/2 1123/1/2
f 1110/1/1 1124/1/1 1287/1/1 1274/1/1
f 1126/1/1 1125/1/1 1288/1/1 1289/1/1
f 1126/1/3 1289/1/3 1277/1/3 1112/1/3
f 1115/1/2 1280/1/2 1290/1/2 1127/1/2
f 1128/1/4 1127/1/4 1290/1/4 1291/1/4
f 1114/1/1 1129/1/1 1292/1/1 1279/1/1
f 1114/1/3 1279/1/3 1281/1/3 1116/1/3
f 1118/1/2 1283/1/2 1293/1/2 1130/1/2
f 1131/1/4 1130/1/4 1293/1/4 1294/1/4
f 1295/1/1 1296/1/1 1297/1/1 1298/1/1
f 1295/1/3 1298/1/3 1287/1/3 1124/1/3
f 1296/1/4 1137/1/4 1299/1/4 1297/1/4
f 1298/1/6 1297/1/6 1299/1/6 1287/1/6
f 1295/1/5 1124/1/5 1137/1/5 1296/1/5
f 1123/1/2 1286/1/2 1300/1/2 1136/1/2
f 1139/1/1 1138/1/1 1301/1/1 1302/1/1
f 1139/1/3 1302/1/3 1288/1/3 1125/1/3
f 1128/1/2 1291/1/2 1303/1/2 1140/1/2
f 1141/1/4 1140/1/4 1303/1/4 1304/1/4
f 1127/1/1 1142/1/1 1305/1/1 1290/1/1
f 1127/1/3 1290/1/3 1292/1/3 1129/1/3
f 1131/1/2 1294/1/2 1306/1/2 1143/1/2
f 1144/1/4 1143/1/4 1306/1/4 1307/1/4
f 1137/1/1 1145/1/1 1308/1/1 1299/1/1
f 1136/2/3 1300/2/3 1301/2/3 1138/2/3
f 1141/1/2 1304/1/2 1309/1/2 1146/1/2
f 1147/1/4 1146/1/4 1309/1/4 1310/1/4
f 1140/1/1 1148/1/1 1311/1/1 1303/1/1
f 1140/1/3 1303/1/3 1305/1/3 1142/1/3
f 1144/1/2 1307/1/2 1312/1/2 1149/1/2
f 1150/1/4 1149/1/4 1312/1/4 1313/1/4
f 1145/1/1 1153/1/1 1314/1/1 1308/1/1
f 1153/1/4 1154/1/4 1315/1/4 1314/1/4
f 1147/1/2 1310/1/2 1316/1/2 1155/1/2
f 1154/1/4 1155/1/4 1316/1/4 1315/1/4
f 1146/1/1 1156/1/1 1317/1/1 1309/1/1
f 1146/1/3 1309/1/3 1311/1/3 1148/1/3
f 1150/1/2 1313/1/2 1318/1/2 1157/1/2
f 1158/1/4 1157/1/4 1318/1/4 1319/1/4
f 1155/1/1 1159/1/1 1320/1/1 1316/1/1
f 1155/1/3 1316/1/3 1317/1/3 1156/1/3
f 1159/1/4 1160/1/4 1321/1/4 1320/1/4
f 1158/1/2 1319/1/2 1322/1/2 1161/1/2
f 1160/1/4 1161/1/4 1322/1/4 1321/1/4
f 1163/1/1 1162/1/1 1323/1/1 1324/1/1
f 1163/1/3 1324/1/3 1325/1/3 1164/1/3
f 1165/1/2 1326/1/2 1327/1/2 1166/1/2
f 1164/1/3 1325/1/3 1326/1/3 1165/1/3
f 1328/1/1 1329/1/1 1330/1/1 1331/1/1
f 1328/1/3 1331/1/3 1332/1/3 1168/1/3
f 1329/1/4 1167/1/4 1333/1/4 1330/1/4
f 1331/1/6 1330/1/6 1333/1/6 1332/1/6
f 1328/1/5 1168/1/5 1167/1/5 1329/1/5
f 1168/1/3 1332/1/3 1334/1/3 1169/1/3
f 1169/1/3 1334/1/3 1323/1/3 1162/1/3
f 1171/1/4 1170/1/4 1335/1/4 1336/1/4
f 1172/1/2 1337/1/2 1338/1/2 1173/1/2
f 1166/1/3 1327/1/3 1337/1/3 1172/1/3
f 1327/1/6 1335/1/6 1338/1/6 1337/1/6
f 1167/1/1 1174/1/1 1339/1/1 1333/1/1
f 1176/1/4 1175/1/4 1340/1/4 1341/1/4
f 1342/1/6 1341/1/6 1340/1/6 1343/1/6
f 1171/1/2 1336/1/2 1344/1/2 1177/1/2
f 1170/1/1 1178/1/1 1345/1/1 1335/1/1
f 1178/1/4 1179/1/4 1346/1/4 1345/1/4
f 1180/1/2 1347/1/2 1348/1/2 1181/1/2
f 1173/1/3 1338/1/3 1347/1/3 1180/1/3
f 1338/1/6 1346/1/6 1348/1/6 1347/1/6
f 1349/1/1 1350/1/1 1351/1/1 1352/1/1
f 1349/1/3 1352/1/3 1339/1/3 1174/1/3
f 1350/1/4 1189/1/4 1353/1/4 1351/1/4
f 1352/1/6 1351/1/6 1353/1/6 1339/1/6
f 1349/1/5 1174/1/5 1189/1/5 1350/1/5
f 1176/1/2 1341/1/2 1354/1/2 1188/1/2
f 1175/1/1 1190/1/1 1355/1/1 1340/1/1
f 1190/1/4 1191/1/4 1356/1/4 1355/1/4
f 1178/1/2 1345/1/2 1357/1/2 1192/1/2
f 1177/1/3 1344/1/3 1345/1/3 1178/1/3
f 1179/1/1 1193/1/1 1358/1/1 1346/1/1
f 1193/1/4 1194/1/4 1359/1/4 1358/1/4
f 1195/1/2 1360/1/2 1361/1/2 1196/1/2
f 1181/1/3 1348/1/3 1360/1/3 1195/1/3
f 1348/1/6 1359/1/6 1361/1/6 1360/1/6
f 1188/1/2 1354/1/2 1362/1/2 1199/1/2
f 1189/1/1 1200/1/1 1363/1/1 1353/1/1
f 1191/1/1 1201/1/1 1364/1/1 1356/1/1
f 1201/1/4 1202/1/4 1365/1/4 1364/1/4
f 1356/1/6 1364/1/6 1365/1/6 1357/1/6
f 1193/1/2 1358/1/2 1366/1/2 1203/1/2
f 1192/1/3 1357/1/3 1358/1/3 1193/1/3
f 1194/1/1 1204/1/1 1367/1/1 1359/1/1
f 1204/1/4 1205/1/4 1368/1/4 1367/1/4
f 1206/1/2 1369/1/2 1370/1/2 1207/1/2
f 1196/1/3 1361/1/3 1369/1/3 1206/1/3
f 1361/1/6 1368/1/6 1370/1/6 1369/1/6
f 1197/2/2 1371/2/2 1372/2/2 1208/2/2
f 1198/2/1 1209/2/1 1373/2/1 1374/2/1
f 1198/2/3 1374/2/3 1371/2/3 1197/2/3
f 1211/3/1 1210/3/1 1375/3/1 1376/3/1
f 1211/3/3 1376/3/3 1363/3/3 1200/3/3
f 1376/3/6 1375/3/6 1377/3/6 1363/3/6
f 1199/1/2 1362/1/2 1378/1/2 1212/1/2
f 1202/2/1 1213/2/1 1379/2/1 1365/2/1
f 1213/2/4 1214/2/4 1380/2/4 1379/2/4
f 1365/2/6 1379/2/6 1380/2/6 1366/2/6
f 1204/2/2 1367/2/2 1381/2/2 1215/2/2
f 1203/2/3 1366/2/3 1367/2/3 1204/2/3
f 1205/2/1 1216/2/1 1382/2/1 1368/2/1
f 1218/1/2 1383/1/2 1384/1/2 1219/1/2
f 1207/1/3 1370/1/3 1383/1/3 1218/1/3
f 1370/1/6 1385/1/6 1384/1/6 1383/1/6
f 1209/2/1 1220/2/1 1386/2/1 1373/2/1
f 1221/2/2 1387/2/2 1388/2/2 1223/2/2
f 1208/2/3 1372/2/3 1387/2/3 1221/2/3
f 1372/2/6 1389/2/6 1388/2/6 1387/2/6
f 1227/3/1 1228/3/1 1390/3/1 1391/3/1
f 1227/3/3 1391/3/3 1392/3/3 1229/3/3
f 1391/3/6 1390/3/6 1393/3/6 1392/3/6
f 1229/3/3 1392/3/3 1375/3/3 1210/3/3
f 1392/3/6 1393/3/6 1394/3/6 1375/3/6
f 1375/3/6 1394/3/6 1395/3/6 1377/3/6
f 1212/1/2 1378/1/2 1396/1/2 1230/1/2
f 1214/2/1 1231/2/1 1397/2/1 1380/2/1
f 1380/2/6 1397/2/6 1398/2/6 1381/2/6
f 1215/2/3 1381/2/3 1382/2/3 1216/2/3
f 1216/2/5 1217/2/5 1234/2/5 1232/2/5
f 1219/1/2 1384/1/2 1399/1/2 1233/1/2
f 1220/2/1 1235/2/1 1400/2/1 1386/2/1
f 1223/2/3 1388/2/3 1401/2/3 1224/2/3
f 1388/2/6 1402/2/6 1403/2/6 1401/2/6
f 1224/2/3 1401/2/3 1404/2/3 1226/2/3
f 1401/2/6 1403/2/6 1405/2/6 1404/2/6
f 1226/2/3 1404/2/3 1390/2/3 1228/2/3
f 1404/2/6 1405/2/6 1406/2/6 1390/2/6
f 1390/2/6 1406/2/6 1407/2/6 1393/2/6
f 1230/4/3 1396/4/3 1408/4/3 1236/4/3
f 1238/4/4 1237/4/4 1409/4/4 1410/4/4
f 1396/4/6 1410/4/6 1409/4/6 1408/4/6
f 1236/4/3 1408/4/3 1411/4/3 1239/4/3
f 1408/4/6 1409/4/6 1412/4/6 1411/4/6
f 1239/4/3 1411/4/3 1413/4/3 1240/4/3
f 1411/4/6 1412/4/6 1414/4/6 1413/4/6
f 1240/4/3 1413/4/3 1397/4/3 1231/4/3
f 1413/4/6 1414/4/6 1415/4/6 1397/4/6
f 1233/1/2 1399/1/2 1416/1/2 1241/1/2
f 1235/2/1 1242/2/1 1417/2/1 1400/2/1
f 1255/2/4 1256/2/4 1418/2/4 1419/2/4
f 1402/2/6 1419/2/6 1418/2/6 1403/2/6
f 1256/2/4 1258/2/4 1420/2/4 1418/2/4
f 1403/2/6 1418/2/6 1420/2/6 1405/2/6
f 1258/2/4 1260/2/4 1421/2/4 1420/2/4
f 1405/2/6 1420/2/6 1421/2/6 1406/2/6
f 1406/2/6 1421/2/6 1422/2/6 1407/2/6
f 1407/2/6 1422/2/6 1423/2/6 1424/2/6
f 1238/4/2 1410/4/2 1425/4/2 1243/4/2
f 1237/1/1 1244/1/1 1426/1/1 1409/1/1
f 1244/1/4 1245/1/4 1427/1/4 1426/1/4
f 1409/1/6 1426/1/6 1427/1/6 1412/1/6
f 1245/1/4 1246/1/4 1428/1/4 1427/1/4
f 1412/1/6 1427/1/6 1428/1/6 1414/1/6
f 1246/1/4 1247/1/4 1429/1/4 1428/1/4
f 1414/1/6 1428/1/6 1429/1/6 1415/1/6
f 1249/1/4 1248/1/4 1430/1/4 1431/1/4
f 1432/1/6 1431/1/6 1430/1/6 1433/1/6
f 1241/1/2 1416/1/2 1434/1/2 1250/1/2
f 1242/2/1 1251/2/1 1435/2/1 1417/2/1
f 1255/2/2 1419/2/2 1436/2/2 1252/2/2
f 1253/2/4 1252/2/4 1436/2/4 1437/2/4
f 1438/2/6 1437/2/6 1436/2/6 1419/2/6
f 1260/3/1 1259/3/1 1439/3/1 1421/3/1
f 1259/3/4 1261/3/4 1440/3/4 1439/3/4
f 1421/3/6 1439/3/6 1440/3/6 1422/3/6
f 1261/3/4 1273/3/4 1441/3/4 1440/3/4
f 1422/3/6 1440/3/6 1441/3/6 1423/3/6
f 1273/3/4 1275/3/4 1442/3/4 1441/3/4
f 1423/3/6 1441/3/6 1442/3/6 1443/3/6
f 1243/1/2 1425/1/2 1444/1/2 1262/1/2
f 1247/1/1 1263/1/1 1445/1/1 1429/1/1
f 1249/1/2 1431/1/2 1446/1/2 1264/1/2
f 1265/1/4 1264/1/4 1446/1/4 1447/1/4
f 1250/1/2 1434/1/2 1448/1/2 1266/1/2
f 1248/1/1 1267/1/1 1449/1/1 1430/1/1
f 1253/2/2 1437/2/2 1450/2/2 1268/2/2
f 1251/2/1 1269/2/1 1451/2/1 1435/2/1
f 1269/2/4 1268/2/4 1450/2/4 1451/2/4
f 1262/1/2 1444/1/2 1452/1/2 1276/1/2
f 1275/1/1 1274/1/1 1453/1/1 1442/1/1
f 1278/1/1 1277/1/1 1454/1/1 1455/1/1
f 1278/1/3 1455/1/3 1445/1/3 1263/1/3
f 1265/1/2 1447/1/2 1456/1/2 1279/1/2
f 1280/1/4 1279/1/4 1456/1/4 1457/1/4
f 1264/1/1 1281/1/1 1458/1/1 1446/1/1
f 1264/1/3 1446/1/3 1449/1/3 1267/1/3
f 1266/1/2 1448/1/2 1459/1/2 1282/1/2
f 1283/1/4 1282/1/4 1459/1/4 1460/1/4
f 1449/1/6 1460/1/6 1459/1/6 1448/1/6
f 1276/1/2 1452/1/2 1461/1/2 1286/1/2
f 1274/1/1 1287/1/1 1462/1/1 1453/1/1
f 1289/1/1 1288/1/1 1463/1/1 1464/1/1
f 1289/1/3 1464/1/3 1454/1/3 1277/1/3
f 1280/1/2 1457/1/2 1465/1/2 1290/1/2
f 1291/1/4 1290/1/4 1465/1/4 1466/1/4
f 1279/1/1 1292/1/1 1467/1/1 1456/1/1
f 1279/1/3 1456/1/3 1458/1/3 1281/1/3
f 1283/1/2 1460/1/2 1468/1/2 1293/1/2
f 1294/1/4 1293/1/4 1468/1/4 1469/1/4
f 1458/1/6 1469/1/6 1468/1/6 1460/1/6
f 1286/1/2 1461/1/2 1470/1/2 1300/1/2
f 1287/1/1 1299/1/1 1471/1/1 1462/1/1
f 1302/1/1 1301/1/1 1472/1/1 1473/1/1
f 1302/1/3 1473/1/3 1463/1/3 1288/1/3
f 1291/1/2 1466/1/2 1474/1/2 1303/1/2
f 1304/1/4 1303/1/4 1474/1/4 1475/1/4
f 1290/1/1 1305/1/1 1476/1/1 1465/1/1
f 1290/1/3 1465/1/3 1467/1/3 1292/1/3
f 1294/1/2 1469/1/2 1477/1/2 1306/1/2
f 1307/1/4 1306/1/4 1477/1/4 1478/1/4
f 1467/1/6 1478/1/6 1477/1/6 1469/1/6
f 1299/1/1 1308/1/1 1479/1/1 1471/1/1
f 1300/2/3 1470/2/3 1472/2/3 1301/2/3
f 1304/1/2 1475/1/2 1480/1/2 1309/1/2
f 1310/1/4 1309/1/4 1480/1/4 1481/1/4
f 1303/1/1 1311/1/1 1482/1/1 1474/1/1
f 1303/1/3 1474/1/3 1476/1/3 1305/1/3
f 1307/1/2 1478/1/2 1483/1/2 1312/1/2
f 1313/1/4 1312/1/4 1483/1/4 1484/1/4
f 1476/1/6 1484/1/6 1483/1/6 1478/1/6
f 1308/1/1 1314/1/1 1485/1/1 1479/1/1
f 1314/1/4 1315/1/4 1486/1/4 1485/1/4
f 1310/1/2 1481/1/2 1487/1/2 1316/1/2
f 1315/1/4 1316/1/4 1487/1/4 1486/1/4
f 1309/1/1 1317/1/1 1488/1/1 1480/1/1
f 1309/1/3 1480/1/3 1482/1/3 1311/1/3
f 1313/1/2 1484/1/2 1489/1/2 1318/1/2
f 1319/1/4 1318/1/4 1489/1/4 1490/1/4
f 1482/1/6 1490/1/6 1489/1/6 1484/1/6
f 1316/1/1 1320/1/1 1491/1/1 1487/1/1
f 1316/1/3 1487/1/3 1488/1/3 1317/1/3
f 1320/1/4 1321/1/4 1492/1/4 1491/1/4
f 1319/1/2 1490/1/2 1493/1/2 1322/1/2
f 1321/1/4 1322/1/4 1493/1/4 1492/1/4
f 1324/1/1 1323/1/1 1494/1/1 1495/1/1
f 1324/1/3 1495/1/3 1496/1/3 1325/1/3
f 1326/1/2 1497/1/2 1498/1/2 1327/1/2
f 1325/1/3 1496/1/3 1497/1/3 1326/1/3
f 1332/1/1 1333/1/1 1499/1/1 1500/1/1
f 1332/1/3 1500/1/3 1501/1/3 1334/1/3
f 1334/1/3 1501/1/3 1494/1/3 1323/1/3
f 1342/1/4 1343/1/4 1502/1/4 1503/1/4
f 1327/1/2 1498/1/2 1504/1/2 1335/1/2
f 1336/1/4 1335/1/4 1504/1/4 1505/1/4
f 1342/1/2 1503/1/2 1506/1/2 1341/1/2
f 1333/1/1 1339/1/1 1507/1/1 1499/1/1
f 1336/1/2 1505/1/2 1508/1/2 1344/1/2
f 1343/1/1 1340/1/1 1509/1/1 1502/1/1
f 1338/1/2 1510/1/2 1511/1/2 1346/1/2
f 1335/1/1 1345/1/1 1512/1/1 1504/1/1
f 1335/1/3 1504/1/3 1510/1/3 1338/1/3
f 1345/1/4 1346/1/4 1511/1/4 1512/1/4
f 1341/1/2 1506/1/2 1513/1/2 1354/1/2
f 1339/1/1 1353/1/1 1514/1/1 1507/1/1
f 1340/1/1 1355/1/1 1515/1/1 1509/1/1
f 1355/1/4 1356/1/4 1516/1/4 1515/1/4
f 1509/1/6 1515/1/6 1516/1/6 1508/1/6
f 1345/1/2 1512/1/2 1517/1/2 1357/1/2
f 1344/1/3 1508/1/3 1512/1/3 1345/1/3
f 1356/1/4 1357/1/4 1517/1/4 1516/1/4
f 1348/1/2 1518/1/2 1519/1/2 1359/1/2
f 1346/1/1 1358/1/1 1520/1/1 1511/1/1
f 1346/1/3 1511/1/3 1518/1/3 1348/1/3
f 1358/1/4 1359/1/4 1519/1/4 1520/1/4
f 1354/1/2 1513/1/2 1521/1/2 1362/1/2
f 1353/1/1 1363/1/1 1522/1/1 1514/1/1
f 1358/1/2 1520/1/2 1523/1/2 1366/1/2
f 1357/1/1 1365/1/1 1524/1/1 1517/1/1
f 1357/1/3 1517/1/3 1520/1/3 1358/1/3
f 1365/1/4 1366/1/4 1523/1/4 1524/1/4
f 1361/1/2 1525/1/2 1526/1/2 1368/1/2
f 1359/1/1 1367/1/1 1527/1/1 1519/1/1
f 1359/1/3 1519/1/3 1525/1/3 1361/1/3
f 1367/1/4 1368/1/4 1526/1/4 1527/1/4
f 1371/2/2 1528/2/2 1529/2/2 1372/2/2
f 1374/2/1 1373/2/1 1530/2/1 1531/2/1
f 1374/2/3 1531/2/3 1528/2/3 1371/2/3
f 1531/2/6 1530/2/6 1529/2/6 1528/2/6
f 1362/1/2 1521/1/2 1532/1/2 1378/1/2
f 1363/1/1 1377/1/1 1533/1/1 1522/1/1
f 1367/1/2 1527/1/2 1534/1/2 1381/1/2
f 1366/1/1 1380/1/1 1535/1/1 1523/1/1
f 1366/1/3 1523/1/3 1527/1/3 1367/1/3
f 1380/1/4 1381/1/4 1534/1/4 1535/1/4
f 1370/1/2 1536/1/2 1537/1/2 1385/1/2
f 1368/1/1 1382/1/1 1538/1/1 1526/1/1
f 1368/1/3 1526/1/3 1536/1/3 1370/1/3
f 1372/2/2 1529/2/2 1539/2/2 1389/2/2
f 1373/2/1 1386/2/1 1540/2/1 1530/2/1
f 1378/1/2 1532/1/2 1541/1/2 1396/1/2
f 1377/1/1 1395/1/1 1542/1/1 1533/1/1
f 1381/1/1 1398/1/1 1543/1/1 1534/1/1
f 1381/1/3 1534/1/3 1538/1/3 1382/1/3
f 1534/1/6 1543/1/6 1544/1/6 1538/1/6
f 1384/1/2 1545/1/2 1546/1/2 1399/1/2
f 1385/1/3 1537/1/3 1545/1/3 1384/1/3
f 1537/1/6 1547/1/6 1546/1/6 1545/1/6
f 1386/2/1 1400/2/1 1548/2/1 1540/2/1
f 1388/2/2 1549/2/2 1550/2/2 1402/2/2
f 1389/2/3 1539/2/3 1549/2/3 1388/2/3
f 1539/2/6 1551/2/6 1550/2/6 1549/2/6
f 1393/3/1 1407/3/1 1552/3/1 1553/3/1
f 1393/3/3 1553/3/3 1554/3/3 1394/3/3
f 1407/3/4 1424/3/4 1555/3/4 1552/3/4
f 1553/3/6 1552/3/6 1555/3/6 1554/3/6
f 1394/3/3 1554/3/3 1542/3/3 1395/3/3
f 1554/3/6 1555/3/6 1556/3/6 1542/3/6
f 1396/1/2 1541/1/2 1557/1/2 1410/1/2
f 1397/1/1 1415/1/1 1558/1/1 1559/1/1
f 1397/1/3 1559/1/3 1543/1/3 1398/1/3
f 1543/2/6 1560/2/6 1561/2/6 1544/2/6
f 1432/2/4 1433/2/4 1562/2/4 1561/2/4
f 1399/1/2 1546/1/2 1563/1/2 1416/1/2
f 1400/2/1 1417/2/1 1564/2/1 1548/2/1
f 1402/2/2 1550/2/2 1565/2/2 1419/2/2
f 1438/2/4 1419/2/4 1565/2/4 1566/2/4
f 1551/2/6 1566/2/6 1565/2/6 1550/2/6
f 1424/3/1 1423/3/1 1567/3/1 1555/3/1
f 1423/3/4 1443/3/4 1568/3/4 1567/3/4
f 1555/3/6 1567/3/6 1568/3/6 1556/3/6
f 1410/1/2 1557/1/2 1569/1/2 1425/1/2
f 1415/1/1 1429/1/1 1570/1/1 1558/1/1
f 1432/2/2 1561/2/2 1571/2/2 1431/2/2
f 1560/2/6 1572/2/6 1571/2/6 1561/2/6
f 1416/1/2 1563/1/2 1573/1/2 1434/1/2
f 1433/1/1 1430/1/1 1574/1/1 1562/1/1
f 1438/2/2 1566/2/2 1575/2/2 1437/2/2
f 1417/2/1 1435/2/1 1576/2/1 1564/2/1
f 1564/2/6 1576/2/6 1575/2/6 1566/2/6
f 1425/1/2 1569/1/2 1577/1/2 1444/1/2
f 1443/1/1 1442/1/1 1578/1/1 1568/1/1
f 1429/1/1 1445/1/1 1579/1/1 1570/1/1
f 1447/2/4 1446/2/4 1580/2/4 1581/2/4
f 1572/2/6 1581/2/6 1580/2/6 1571/2/6
f 1431/2/3 1571/2/3 1574/2/3 1430/2/3
f 1431/2/5 1430/2/5 1449/2/5 1446/2/5
f 1434/1/2 1573/1/2 1582/1/2 1448/1/2
f 1449/1/4 1448/1/4 1582/1/4 1583/1/4
f 1574/1/6 1583/1/6 1582/1/6 1573/1/6
f 1437/2/2 1575/2/2 1584/2/2 1450/2/2
f 1435/2/1 1451/2/1 1585/2/1 1576/2/1
f 1451/2/4 1450/2/4 1584/2/4 1585/2/4
f 1576/2/6 1585/2/6 1584/2/6 1575/2/6
f 1444/1/2 1577/1/2 1586/1/2 1452/1/2
f 1442/1/1 1453/1/1 1587/1/1 1578/1/1
f 1455/1/1 1454/1/1 1588/1/1 1589/1/1
f 1455/1/3 1589/1/3 1579/1/3 1445/1/3
f 1589/1/6 1588/1/6 1590/1/6 1579/1/6
f 1447/2/2 1581/2/2 1591/2/2 1456/2/2
f 1457/2/4 1456/2/4 1591/2/4 1590/2/4
f 1449/1/2 1583/1/2 1592/1/2 1460/1/2
f 1446/1/1 1458/1/1 1593/1/1 1580/1/1
f 1458/1/4 1460/1/4 1592/1/4 1593/1/4
f 1452/1/2 1586/1/2 1594/1/2 1461/1/2
f 1453/1/1 1462/1/1 1595/1/1 1587/1/1
f 1464/1/1 1463/1/1 1596/1/1 1597/1/1
f 1464/1/3 1597/1/3 1588/1/3 1454/1/3
f 1457/1/2 1590/1/2 1598/1/2 1465/1/2
f 1466/1/4 1465/1/4 1598/1/4 1599/1/4
f 1458/1/2 1593/1/2 1600/1/2 1469/1/2
f 1456/1/1 1467/1/1 1601/1/1 1591/1/1
f 1456/1/3 1591/1/3 1593/1/3 1458/1/3
f 1467/1/4 1469/1/4 1600/1/4 1601/1/4
f 1461/1/2 1594/1/2 1602/1/2 1470/1/2
f 1462/1/1 1471/1/1 1603/1/1 1595/1/1
f 1473/2/1 1472/2/1 1604/2/1 1605/2/1
f 1473/2/3 1605/2/3 1596/2/3 1463/2/3
f 1466/2/2 1599/2/2 1606/2/2 1474/2/2
f 1475/2/4 1474/2/4 1606/2/4 1607/2/4
f 1467/1/2 1601/1/2 1608/1/2 1478/1/2
f 1465/1/1 1476/1/1 1609/1/1 1598/1/1
f 1465/1/3 1598/1/3 1601/1/3 1467/1/3
f 1476/1/4 1478/1/4 1608/1/4 1609/1/4
f 1610/1/1 1611/1/1 1612/1/1 1613/1/1
f 1610/1/3 1613/1/3 1603/1/3 1471/1/3
f 1611/1/4 1479/1/4 1614/1/4 1612/1/4
f 1610/1/5 1471/1/5 1479/1/5 1611/1/5
f 1470/2/3 1602/2/3 1604/2/3 1472/2/3
f 1475/2/2 1607/2/2 1615/2/2 1480/2/2
f 1476/1/2 1609/1/2 1616/1/2 1484/1/2
f 1474/1/1 1482/1/1 1617/1/1 1606/1/1
f 1474/1/3 1606/1/3 1609/1/3 1476/1/3
f 1482/1/4 1484/1/4 1616/1/4 1617/1/4
f 1479/1/1 1485/1/1 1618/1/1 1614/1/1
f 1485/1/4 1486/1/4 1619/1/4 1618/1/4
f 1486/1/4 1487/1/4 1620/1/4 1619/1/4
f 1481/1/5 1480/1/5 1488/1/5 1487/1/5
f 1482/1/2 1617/1/2 1621/1/2 1490/1/2
f 1480/1/3 1615/1/3 1617/1/3 1482/1/3
f 1487/1/1 1491/1/1 1622/1/1 1620/1/1
f 1491/1/4 1492/1/4 1623/1/4 1622/1/4
f 1490/1/2 1621/1/2 1624/1/2 1493/1/2
f 1492/1/4 1493/1/4 1624/1/4 1623/1/4
f 1495/1/1 1494/1/1 1625/1/1 1626/1/1
f 1495/1/3 1626/1/3 1627/1/3 1496/1/3
f 1497/1/2 1628/1/2 1629/1/2 1498/1/2
f 1496/1/3 1627/1/3 1628/1/3 1497/1/3
f 1500/1/1 1499/1/1 1630/1/1 1631/1/1
f 1500/1/3 1631/1/3 1632/1/3 1501/1/3
f 1501/1/3 1632/1/3 1625/1/3 1494/1/3
f 1503/1/4 1502/1/4 1633/1/4 1634/1/4
f 1498/1/2 1629/1/2 1635/1/2 1504/1/2
f 1505/1/4 1504/1/4 1635/1/4 1636/1/4
f 1503/1/2 1634/1/2 1637/1/2 1506/1/2
f 1499/1/1 1507/1/1 1638/1/1 1630/1/1
f 1505/1/2 1636/1/2 1639/1/2 1508/1/2
f 1502/1/1 1509/1/1 1640/1/1 1633/1/1
f 1509/1/4 1508/1/4 1639/1/4 1640/1/4
f 1510/1/2 1641/1/2 1642/1/2 1511/1/2
f 1504/1/1 1512/1/1 1643/1/1 1635/1/1
f 1504/1/3 1635/1/3 1641/1/3 1510/1/3
f 1512/1/4 1511/1/4 1642/1/4 1643/1/4
f 1506/1/2 1637/1/2 1644/1/2 1513/1/2
f 1507/1/1 1514/1/1 1645/1/1 1638/1/1
f 1512/1/2 1643/1/2 1646/1/2 1517/1/2
f 1508/1/1 1516/1/1 1647/1/1 1639/1/1
f 1508/1/3 1639/1/3 1643/1/3 1512/1/3
f 1516/1/4 1517/1/4 1646/1/4 1647/1/4
f 1518/1/2 1648/1/2 1649/1/2 1519/1/2
f 1511/1/1 1520/1/1 1650/1/1 1642/1/1
f 1511/1/3 1642/1/3 1648/1/3 1518/1/3
f 1520/1/4 1519/1/4 1649/1/4 1650/1/4
f 1513/1/2 1644/1/2 1651/1/2 1521/1/2
f 1514/1/1 1522/1/1 1652/1/1 1645/1/1
f 1520/1/2 1650/1/2 1653/1/2 1523/1/2
f 1517/1/1 1524/1/1 1654/1/1 1646/1/1
f 1517/1/3 1646/1/3 1650/1/3 1520/1/3
f 1524/1/4 1523/1/4 1653/1/4 1654/1/4
f 1525/1/2 1655/1/2 1656/1/2 1526/1/2
f 1519/1/1 1527/1/1 1657/1/1 1649/1/1
f 1519/1/3 1649/1/3 1655/1/3 1525/1/3
f 1527/1/4 1526/1/4 1656/1/4 1657/1/4
f 1521/1/2 1651/1/2 1658/1/2 1532/1/2
f 1522/1/1 1533/1/1 1659/1/1 1652/1/1
f 1527/1/2 1657/1/2 1660/1/2 1534/1/2
f 1523/1/1 1535/1/1 1661/1/1 1653/1/1
f 1523/1/3 1653/1/3 1657/1/3 1527/1/3
f 1653/1/6 1661/1/6 1660/1/6 1657/1/6
f 1536/1/2 1662/1/2 1663/1/2 1537/1/2
f 1526/1/1 1538/1/1 1664/1/1 1656/1/1
f 1526/1/3 1656/1/3 1662/1/3 1536/1/3
f 1656/1/6 1664/1/6 1663/1/6 1662/1/6
f 1529/2/2 1665/2/2 1666/2/2 1539/2/2
f 1530/2/1 1540/2/1 1667/2/1 1668/2/1
f 1530/2/3 1668/2/3 1665/2/3 1529/2/3
f 1668/2/6 1667/2/6 1666/2/6 1665/2/6
f 1532/1/2 1658/1/2 1669/1/2 1541/1/2
f 1533/1/1 1542/1/1 1670/1/1 1659/1/1
f 1534/1/2 1660/1/2 1671/1/2 1543/1/2
f 1535/1/1 1559/1/1 1672/1/1 1661/1/1
f 1661/1/6 1672/1/6 1671/1/6 1660/1/6
f 1535/1/5 1534/1/5 1543/1/5 1559/1/5
f 1537/1/2 1663/1/2 1673/1/2 1547/1/2
f 1538/1/1 1544/1/1 1674/1/1 1664/1/1
f 1664/1/6 1674/1/6 1673/1/6 1663/1/6
f 1539/2/2 1666/2/2 1675/2/2 1551/2/2
f 1540/2/1 1548/2/1 1676/2/1 1667/2/1
f 1541/1/2 1669/1/2 1677/1/2 1557/1/2
f 1542/1/1 1556/1/1 1678/1/1 1670/1/1
f 1679/1/1 1680/1/1 1681/1/1 1682/1/1
f 1679/1/3 1682/1/3 1672/1/3 1559/1/3
f 1679/1/5 1559/1/5 1558/1/5 1680/1/5
f 1543/2/2 1671/2/2 1683/2/2 1560/2/2
f 1672/2/6 1684/2/6 1683/2/6 1671/2/6
f 1544/2/1 1561/2/1 1685/2/1 1674/2/1
f 1546/1/2 1686/1/2 1687/1/2 1563/1/2
f 1547/1/3 1673/1/3 1686/1/3 1546/1/3
f 1673/1/6 1688/1/6 1687/1/6 1686/1/6
f 1551/2/2 1675/2/2 1689/2/2 1566/2/2
f 1548/2/1 1564/2/1 1690/2/1 1676/2/1
f 1564/2/4 1566/2/4 1689/2/4 1690/2/4
f 1676/2/6 1690/2/6 1689/2/6 1675/2/6
f 1557/1/2 1677/1/2 1691/1/2 1569/1/2
f 1556/1/1 1568/1/1 1692/1/1 1678/1/1
f 1680/1/1 1693/1/1 1694/1/1 1681/1/1
f 1680/1/5 1558/1/5 1570/1/5 1693/1/5
f 1560/1/2 1683/1/2 1695/1/2 1572/1/2
f 1684/1/6 1696/1/6 1695/1/6 1683/1/6
f 1561/1/1 1571/1/1 1697/1/1 1685/1/1
f 1561/1/5 1562/1/5 1574/1/5 1571/1/5
f 1563/1/2 1687/1/2 1698/1/2 1573/1/2
f 1574/1/4 1573/1/4 1698/1/4 1699/1/4
f 1688/1/6 1699/1/6 1698/1/6 1687/1/6
f 1569/1/2 1691/1/2 1700/1/2 1577/1/2
f 1568/1/1 1578/1/1 1701/1/1 1692/1/1
f 1693/1/1 1589/1/1 1702/1/1 1694/1/1
f 1589/1/4 1579/1/4 1703/1/4 1702/1/4
f 1693/1/5 1570/1/5 1579/1/5 1589/1/5
f 1572/1/2 1695/1/2 1704/1/2 1581/1/2
f 1696/1/6 1703/1/6 1704/1/6 1695/1/6
f 1574/1/2 1699/1/2 1705/1/2 1583/1/2
f 1571/1/1 1580/1/1 1706/1/1 1697/1/1
f 1697/1/6 1706/1/6 1705/1/6 1699/1/6
f 1577/1/2 1700/1/2 1707/1/2 1586/1/2
f 1578/1/1 1587/1/1 1708/1/1 1701/1/1
f 1581/1/2 1704/1/2 1709/1/2 1591/1/2
f 1579/1/1 1590/1/1 1710/1/1 1703/1/1
f 1590/1/4 1591/1/4 1709/1/4 1710/1/4
f 1703/1/6 1710/1/6 1709/1/6 1704/1/6
f 1583/1/2 1705/1/2 1711/1/2 1592/1/2
f 1580/1/1 1593/1/1 1712/1/1 1706/1/1
f 1593/1/4 1592/1/4 1711/1/4 1712/1/4
f 1706/1/6 1712/1/6 1711/1/6 1705/1/6
f 1713/1/1 1714/1/1 1715/1/1 1716/1/1
f 1713/1/3 1716/1/3 1708/1/3 1587/1/3
f 1714/1/4 1595/1/4 1717/1/4 1715/1/4
f 1716/1/6 1715/1/6 1717/1/6 1708/1/6
f 1713/1/5 1587/1/5 1595/1/5 1714/1/5
f 1586/1/2 1707/1/2 1718/1/2 1594/1/2
f 1597/1/1 1596/1/1 1719/1/1 1720/1/1
f 1597/1/3 1720/1/3 1721/1/3 1588/1/3
f 1590/1/2 1710/1/2 1722/1/2 1598/1/2
f 1588/1/3 1721/1/3 1710/1/3 1590/1/3
f 1599/1/4 1598/1/4 1722/1/4 1723/1/4
f 1593/1/2 1712/1/2 1724/1/2 1600/1/2
f 1591/1/1 1601/1/1 1725/1/1 1709/1/1
f 1591/1/3 1709/1/3 1712/1/3 1593/1/3
f 1601/1/4 1600/1/4 1724/1/4 1725/1/4
f 1594/1/2 1718/1/2 1726/1/2 1602/1/2
f 1595/1/1 1603/1/1 1727/1/1 1717/1/1
f 1605/1/1 1604/1/1 1728/1/1 1729/1/1
f 1605/1/3 1729/1/3 1719/1/3 1596/1/3
f 1599/1/2 1723/1/2 1730/1/2 1606/1/2
f 1607/1/4 1606/1/4 1730/1/4 1731/1/4
f 1601/1/2 1725/1/2 1732/1/2 1608/1/2
f 1598/1/1 1609/1/1 1733/1/1 1722/1/1
f 1598/1/3 1722/1/3 1725/1/3 1601/1/3
f 1609/1/4 1608/1/4 1732/1/4 1733/1/4
f 1613/1/1 1612/1/1 1734/1/1 1735/1/1
f 1613/1/3 1735/1/3 1727/1/3 1603/1/3
f 1612/1/4 1614/1/4 1736/1/4 1734/1/4
f 1735/1/6 1734/1/6 1736/1/6 1727/1/6
f 1602/2/3 1726/2/3 1728/2/3 1604/2/3
f 1607/1/2 1731/1/2 1737/1/2 1615/1/2
f 1609/1/2 1733/1/2 1738/1/2 1616/1/2
f 1606/1/1 1617/1/1 1739/1/1 1730/1/1
f 1606/1/3 1730/1/3 1733/1/3 1609/1/3
f 1617/1/4 1616/1/4 1738/1/4 1739/1/4
f 1614/1/1 1618/1/1 1740/1/1 1736/1/1
f 1618/1/4 1619/1/4 1741/1/4 1740/1/4
f 1619/1/4 1620/1/4 1742/1/4 1741/1/4
f 1617/1/2 1739/1/2 1743/1/2 1621/1/2
f 1615/1/3 1737/1/3 1739/1/3 1617/1/3
f 1620/1/1 1622/1/1 1744/1/1 1742/1/1
f 1622/1/4 1623/1/4 1745/1/4 1744/1/4
f 1621/1/2 1743/1/2 1746/1/2 1624/1/2
f 1623/1/4 1624/1/4 1746/1/4 1745/1/4
f 1626/1/1 1625/1/1 1747/1/1 1748/1/1
f 1626/1/3 1748/1/3 1749/1/3 1627/1/3
f 1628/1/2 1750/1/2 1751/1/2 1629/1/2
f 1627/1/3 1749/1/3 1750/1/3 1628/1/3
f 1631/1/1 1630/1/1 1752/1/1 1753/1/1
f 1631/1/3 1753/1/3 1754/1/3 1632/1/3
f 1632/1/3 1754/1/3 1747/1/3 1625/1/3
f 1634/1/4 1633/1/4 1755/1/4 1756/1/4
f 1629/1/2 1751/1/2 1757/1/2 1635/1/2
f 1636/1/4 1635/1/4 1757/1/4 1758/1/4
f 1759/1/1 1760/1/1 1761/1/1 1762/1/1
f 1759/1/3 1762/1/3 1752/1/3 1630/1/3
f 1760/1/4 1638/1/4 1763/1/4 1761/1/4
f 1762/1/6 1761/1/6 1763/1/6 1752/1/6
f 1759/1/5 1630/1/5 1638/1/5 1760/1/5
f 1634/1/2 1756/1/2 1764/1/2 1637/1/2
f 1636/1/2 1758/1/2 1765/1/2 1639/1/2
f 1633/1/1 1640/1/1 1766/1/1 1755/1/1
f 1640/1/4 1639/1/4 1765/1/4 1766/1/4
f 1641/1/2 1767/1/2 1768/1/2 1642/1/2
f 1635/1/1 1643/1/1 1769/1/1 1757/1/1
f 1635/1/3 1757/1/3 1767/1/3 1641/1/3
f 1643/1/4 1642/1/4 1768/1/4 1769/1/4
f 1637/1/2 1764/1/2 1770/1/2 1644/1/2
f 1638/1/1 1645/1/1 1771/1/1 1763/1/1
f 1643/1/2 1769/1/2 1772/1/2 1646/1/2
f 1639/1/1 1647/1/1 1773/1/1 1765/1/1
f 1639/1/3 1765/1/3 1769/1/3 1643/1/3
f 1647/1/4 1646/1/4 1772/1/4 1773/1/4
f 1648/1/2 1774/1/2 1775/1/2 1649/1/2
f 1642/1/1 1650/1/1 1776/1/1 1768/1/1
f 1642/1/3 1768/1/3 1774/1/3 1648/1/3
f 1650/1/4 1649/1/4 1775/1/4 1776/1/4
f 1777/1/1 1778/1/1 1779/1/1 1780/1/1
f 1777/1/3 1780/1/3 1771/1/3 1645/1/3
f 1778/1/4 1652/1/4 1781/1/4 1779/1/4
f 1780/1/6 1779/1/6 1781/1/6 1771/1/6
f 1777/1/5 1645/1/5 1652/1/5 1778/1/5
f 1644/1/2 1770/1/2 1782/1/2 1651/1/2
f 1650/1/2 1776/1/2 1783/1/2 1653/1/2
f 1646/1/1 1654/1/1 1784/1/1 1772/1/1
f 1646/1/3 1772/1/3 1776/1/3 1650/1/3
f 1772/1/6 1784/1/6 1783/1/6 1776/1/6
f 1655/1/2 1785/1/2 1786/1/2 1656/1/2
f 1649/1/1 1657/1/1 1787/1/1 1775/1/1
f 1649/1/3 1775/1/3 1785/1/3 1655/1/3
f 1775/1/6 1787/1/6 1786/1/6 1785/1/6
f 1651/1/2 1782/1/2 1788/1/2 1658/1/2
f 1652/1/1 1659/1/1 1789/1/1 1781/1/1
f 1653/1/2 1783/1/2 1790/1/2 1661/1/2
f 1654/1/1 1791/1/1 1792/1/1 1784/1/1
f 1784/1/6 1792/1/6 1790/1/6 1783/1/6
f 1654/1/5 1653/1/5 1661/1/5 1791/1/5
f 1656/1/2 1786/1/2 1793/1/2 1664/1/2
f 1657/1/1 1660/1/1 1794/1/1 1787/1/1
f 1787/1/6 1794/1/6 1793/1/6 1786/1/6
f 1657/1/5 1656/1/5 1664/1/5 1660/1/5
f 1795/1/1 1796/1/1 1797/1/1 1798/1/1
f 1795/1/3 1798/1/3 1789/1/3 1659/1/3
f 1798/1/6 1797/1/6 1799/1/6 1789/1/6
f 1795/1/5 1659/1/5 1670/1/5 1796/1/5
f 1658/1/2 1788/1/2 1800/1/2 1669/1/2
f 1661/1/2 1790/1/2 1801/1/2 1672/1/2
f 1791/1/1 1682/1/1 1802/1/1 1792/1/1
f 1792/1/6 1802/1/6 1801/1/6 1790/1/6
f 1791/1/5 1661/1/5 1672/1/5 1682/1/5
f 1664/1/2 1793/1/2 1803/1/2 1674/1/2
f 1660/1/1 1671/1/1 1804/1/1 1794/1/1
f 1794/1/6 1804/1/6 1803/1/6 1793/1/6
f 1660/1/5 1664/1/5 1674/1/5 1671/1/5
f 1666/2/2 1805/2/2 1806/2/2 1675/2/2
f 1667/2/1 1676/2/1 1807/2/1 1808/2/1
f 1667/2/3 1808/2/3 1805/2/3 1666/2/3
f 1676/2/4 1675/2/4 1806/2/4 1807/2/4
f 1808/2/6 1807/2/6 1806/2/6 1805/2/6
f 1796/1/1 1809/1/1 1810/1/1 1797/1/1
f 1809/1/4 1678/1/4 1811/1/4 1810/1/4
f 1797/1/6 1810/1/6 1811/1/6 1799/1/6
f 1796/1/5 1670/1/5 1678/1/5 1809/1/5
f 1669/1/2 1800/1/2 1812/1/2 1677/1/2
f 1813/1/1 1814/1/1 1815/1/1 1816/1/1
f 1813/1/3 1816/1/3 1802/1/3 1682/1/3
f 1813/1/5 1682/1/5 1681/1/5 1814/1/5
f 1672/1/2 1801/1/2 1817/1/2 1684/1/2
f 1802/1/6 1818/1/6 1817/1/6 1801/1/6
f 1671/1/1 1683/1/1 1819/1/1 1804/1/1
f 1671/1/5 1674/1/5 1685/1/5 1683/1/5
f 1673/1/2 1820/1/2 1821/1/2 1688/1/2
f 1674/1/3 1803/1/3 1820/1/3 1673/1/3
f 1803/1/6 1822/1/6 1821/1/6 1820/1/6
f 1677/1/2 1812/1/2 1823/1/2 1691/1/2
f 1678/1/1 1692/1/1 1824/1/1 1811/1/1
f 1814/1/1 1825/1/1 1826/1/1 1815/1/1
f 1814/1/5 1681/1/5 1694/1/5 1825/1/5
f 1684/1/2 1817/1/2 1827/1/2 1696/1/2
f 1818/1/6 1828/1/6 1827/1/6 1817/1/6
f 1683/1/1 1695/1/1 1829/1/1 1819/1/1
f 1683/1/5 1685/1/5 1697/1/5 1695/1/5
f 1688/1/2 1821/1/2 1830/1/2 1699/1/2
f 1697/1/4 1699/1/4 1830/1/4 1831/1/4
f 1822/1/6 1831/1/6 1830/1/6 1821/1/6
f 1691/1/2 1823/1/2 1832/1/2 1700/1/2
f 1692/1/1 1701/1/1 1833/1/1 1824/1/1
f 1825/1/1 1834/1/1 1835/1/1 1826/1/1
f 1825/1/5 1694/1/5 1702/1/5 1834/1/5
f 1696/1/2 1827/1/2 1836/1/2 1703/1/2
f 1828/1/6 1837/1/6 1836/1/6 1827/1/6
f 1697/1/2 1831/1/2 1838/1/2 1706/1/2
f 1695/1/1 1704/1/1 1839/1/1 1829/1/1
f 1829/1/6 1839/1/6 1838/1/6 1831/1/6
f 1695/1/5 1697/1/5 1706/1/5 1704/1/5
f 1700/1/2 1832/1/2 1840/1/2 1707/1/2
f 1701/1/1 1708/1/1 1841/1/1 1833/1/1
f 1834/1/1 1720/1/1 1842/1/1 1835/1/1
f 1834/1/5 1702/1/5 1721/1/5 1720/1/5
f 1703/1/2 1836/1/2 1843/1/2 1710/1/2
f 1837/1/6 1844/1/6 1843/1/6 1836/1/6
f 1702/1/5 1703/1/5 1710/1/5 1721/1/5
f 1706/1/2 1838/1/2 1845/1/2 1712/1/2
f 1704/1/1 1709/1/1 1846/1/1 1839/1/1
f 1839/1/6 1846/1/6 1845/1/6 1838/1/6
f 1704/1/5 1706/1/5 1712/1/5 1709/1/5
f 1707/1/2 1840/1/2 1847/1/2 1718/1/2
f 1708/1/1 1717/1/1 1848/1/1 1841/1/1
f 1720/1/1 1719/1/1 1849/1/1 1842/1/1
f 1710/1/2 1843/1/2 1850/1/2 1722/1/2
f 1723/1/4 1722/1/4 1850/1/4 1851/1/4
f 1844/1/6 1851/1/6 1850/1/6 1843/1/6
f 1712/1/2 1845/1/2 1852/1/2 1724/1/2
f 1709/1/1 1725/1/1 1853/1/1 1846/1/1
f 1725/1/4 1724/1/4 1852/1/4 1853/1/4
f 1846/1/6 1853/1/6 1852/1/6 1845/1/6
f 1718/1/2 1847/1/2 1854/1/2 1726/1/2
f 1717/1/1 1727/1/1 1855/1/1 1848/1/1
f 1729/1/1 1728/1/1 1856/1/1 1857/1/1
f 1729/1/3 1857/1/3 1849/1/3 1719/1/3
f 1723/1/2 1851/1/2 1858/1/2 1730/1/2
f 1731/1/4 1730/1/4 1858/1/4 1859/1/4
f 1725/1/2 1853/1/2 1860/1/2 1732/1/2
f 1722/1/1 1733/1/1 1861/1/1 1850/1/1
f 1722/1/3 1850/1/3 1853/1/3 1725/1/3
f 1733/1/4 1732/1/4 1860/1/4 1861/1/4
f 1727/1/1 1736/1/1 1862/1/1 1855/1/1
f 1726/1/3 1854/1/3 1856/1/3 1728/1/3
f 1731/1/2 1859/1/2 1863/1/2 1737/1/2
f 1733/1/2 1861/1/2 1864/1/2 1738/1/2
f 1730/1/1 1739/1/1 1865/1/1 1858/1/1
f 1730/1/3 1858/1/3 1861/1/3 1733/1/3
f 1739/1/4 1738/1/4 1864/1/4 1865/1/4
f 1736/1/1 1740/1/1 1866/1/1 1862/1/1
f 1740/1/4 1741/1/4 1867/1/4 1866/1/4
f 1741/1/4 1742/1/4 1868/1/4 1867/1/4
f 1739/1/2 1865/1/2 1869/1/2 1743/1/2
f 1737/1/3 1863/1/3 1865/1/3 1739/1/3
f 1742/1/1 1744/1/1 1870/1/1 1868/1/1
f 1744/1/4 1745/1/4 1871/1/4 1870/1/4
f 1743/1/2 1869/1/2 1872/1/2 1746/1/2
f 1745/1/4 1746/1/4 1872/1/4 1871/1/4
f 1748/1/1 1747/1/1 1873/1/1 1874/1/1
f 1748/1/3 1874/1/3 1875/1/3 1749/1/3
f 1750/1/2 1876/1/2 1877/1/2 1751/1/2
f 1749/1/3 1875/1/3 1876/1/3 1750/1/3
f 1753/1/1 1752/1/1 1878/1/1 1879/1/1
f 1753/1/3 1879/1/3 1880/1/3 1754/1/3
f 1754/1/3 1880/1/3 1873/1/3 1747/1/3
f 1756/1/4 1755/1/4 1881/1/4 1882/1/4
f 1751/1/2 1877/1/2 1883/1/2 1757/1/2
f 1758/1/4 1757/1/4 1883/1/4 1884/1/4
f 1756/1/2 1882/1/2 1885/1/2 1764/1/2
f 1752/1/1 1763/1/1 1886/1/1 1878/1/1
f 1758/1/2 1884/1/2 1887/1/2 1765/1/2
f 1755/1/1 1766/1/1 1888/1/1 1881/1/1
f 1766/1/4 1765/1/4 1887/1/4 1888/1/4
f 1767/1/2 1889/1/2 1890/1/2 1768/1/2
f 1757/1/1 1769/1/1 1891/1/1 1883/1/1
f 1757/1/3 1883/1/3 1889/1/3 1767/1/3
f 1769/1/4 1768/1/4 1890/1/4 1891/1/4
f 1764/1/2 1885/1/2 1892/1/2 1770/1/2
f 1763/1/1 1771/1/1 1893/1/1 1886/1/1
f 1769/1/2 1891/1/2 1894/1/2 1772/1/2
f 1765/1/1 1773/1/1 1895/1/1 1887/1/1
f 1765/1/3 1887/1/3 1891/1/3 1769/1/3
f 1887/1/6 1895/1/6 1894/1/6 1891/1/6
f 1774/1/2 1896/1/2 1897/1/2 1775/1/2
f 1768/1/1 1776/1/1 1898/1/1 1890/1/1
f 1768/1/3 1890/1/3 1896/1/3 1774/1/3
f 1890/1/6 1898/1/6 1897/1/6 1896/1/6
f 1770/1/2 1892/1/2 1899/1/2 1782/1/2
f 1771/1/1 1781/1/1 1900/1/1 1893/1/1
f 1772/1/2 1894/1/2 1901/1/2 1784/1/2
f 1773/1/1 1902/1/1 1903/1/1 1895/1/1
f 1895/1/6 1903/1/6 1901/1/6 1894/1/6
f 1773/1/5 1772/1/5 1784/1/5 1902/1/5
f 1775/1/2 1897/1/2 1904/1/2 1787/1/2
f 1776/1/1 1783/1/1 1905/1/1 1898/1/1
f 1898/1/6 1905/1/6 1904/1/6 1897/1/6
f 1776/1/5 1775/1/5 1787/1/5 1783/1/5
f 1782/1/2 1899/1/2 1906/1/2 1788/1/2
f 1781/1/1 1789/1/1 1907/1/1 1900/1/1
f 1784/1/2 1901/1/2 1908/1/2 1792/1/2
f 1902/1/1 1909/1/1 1910/1/1 1903/1/1
f 1903/1/6 1910/1/6 1908/1/6 1901/1/6
f 1902/1/5 1784/1/5 1792/1/5 1909/1/5
f 1787/1/2 1904/1/2 1911/1/2 1794/1/2
f 1783/1/1 1790/1/1 1912/1/1 1905/1/1
f 1905/1/6 1912/1/6 1911/1/6 1904/1/6
f 1783/1/5 1787/1/5 1794/1/5 1790/1/5
f 1788/1/2 1906/1/2 1913/1/2 1800/1/2
f 1789/1/1 1799/1/1 1914/1/1 1907/1/1
f 1792/1/2 1908/1/2 1915/1/2 1802/1/2
f 1909/1/1 1816/1/1 1916/1/1 1910/1/1
f 1910/1/6 1916/1/6 1915/1/6 1908/1/6
f 1909/1/5 1792/1/5 1802/1/5 1816/1/5
f 1794/1/2 1911/1/2 1917/1/2 1804/1/2
f 1790/1/1 1801/1/1 1918/1/1 1912/1/1
f 1912/1/6 1918/1/6 1917/1/6 1911/1/6
f 1790/1/5 1794/1/5 1804/1/5 1801/1/5
f 1800/1/2 1913/1/2 1919/1/2 1812/1/2
f 1799/1/1 1811/1/1 1920/1/1 1914/1/1
f 1921/1/1 1922/1/1 1923/1/1 1924/1/1
f 1921/1/3 1924/1/3 1916/1/3 1816/1/3
f 1921/1/5 1816/1/5 1815/1/5 1922/1/5
f 1802/1/2 1915/1/2 1925/1/2 1818/1/2
f 1916/1/6 1926/1/6 1925/1/6 1915/1/6
f 1801/1/1 1817/1/1 1927/1/1 1918/1/1
f 1801/1/5 1804/1/5 1819/1/5 1817/1/5
f 1803/1/2 1928/1/2 1929/1/2 1822/1/2
f 1804/1/3 1917/1/3 1928/1/3 1803/1/3
f 1917/1/6 1930/1/6 1929/1/6 1928/1/6
f 1812/1/2 1919/1/2 1931/1/2 1823/1/2
f 1811/1/1 1824/1/1 1932/1/1 1920/1/1
f 1922/1/1 1933/1/1 1934/1/1 1923/1/1
f 1922/1/5 1815/1/5 1826/1/5 1933/1/5
f 1818/1/2 1925/1/2 1935/1/2 1828/1/2
f 1926/1/6 1936/1/6 1935/1/6 1925/1/6
f 1817/1/1 1827/1/1 1937/1/1 1927/1/1
f 1817/1/5 1819/1/5 1829/1/5 1827/1/5
f 1822/1/2 1929/1/2 1938/1/2 1831/1/2
f 1829/1/4 1831/1/4 1938/1/4 1939/1/4
f 1930/1/6 1939/1/6 1938/1/6 1929/1/6
f 1940/1/1 1941/1/1 1942/1/1 1943/1/1
f 1940/1/3 1943/1/3 1932/1/3 1824/1/3
f 1941/1/4 1833/1/4 1944/1/4 1942/1/4
f 1943/1/6 1942/1/6 1944/1/6 1932/1/6
f 1940/1/5 1824/1/5 1833/1/5 1941/1/5
f 1823/1/2 1931/1/2 1945/1/2 1832/1/2
f 1933/1/1 1946/1/1 1947/1/1 1934/1/1
f 1933/1/5 1826/1/5 1835/1/5 1946/1/5
f 1828/1/2 1935/1/2 1948/1/2 1837/1/2
f 1936/1/6 1949/1/6 1948/1/6 1935/1/6
f 1829/1/2 1939/1/2 1950/1/2 1839/1/2
f 1827/1/1 1836/1/1 1951/1/1 1937/1/1
f 1937/1/6 1951/1/6 1950/1/6 1939/1/6
f 1827/1/5 1829/1/5 1839/1/5 1836/1/5
f 1832/1/2 1945/1/2 1952/1/2 1840/1/2
f 1833/1/1 1841/1/1 1953/1/1 1944/1/1
f 1946/1/1 1954/1/1 1955/1/1 1947/1/1
f 1946/1/5 1835/1/5 1842/1/5 1954/1/5
f 1837/1/2 1948/1/2 1956/1/2 1844/1/2
f 1949/1/6 1957/1/6 1956/1/6 1948/1/6
f 1839/1/2 1950/1/2 1958/1/2 1846/1/2
f 1836/1/1 1843/1/1 1959/1/1 1951/1/1
f 1951/1/6 1959/1/6 1958/1/6 1950/1/6
f 1836/1/5 1839/1/5 1846/1/5 1843/1/5
f 1840/1/2 1952/1/2 1960/1/2 1847/1/2
f 1841/1/1 1848/1/1 1961/1/1 1953/1/1
f 1954/1/1 1857/1/1 1962/1/1 1955/1/1
f 1954/1/5 1842/1/5 1849/1/5 1857/1/5
f 1844/1/2 1956/1/2 1963/1/2 1851/1/2
f 1957/1/6 1964/1/6 1963/1/6 1956/1/6
f 1846/1/2 1958/1/2 1965/1/2 1853/1/2
f 1843/1/1 1850/1/1 1966/1/1 1959/1/1
f 1959/1/6 1966/1/6 1965/1/6 1958/1/6
f 1843/1/5 1846/1/5 1853/1/5 1850/1/5
f 1847/1/2 1960/1/2 1967/1/2 1854/1/2
f 1848/1/1 1855/1/1 1968/1/1 1961/1/1
f 1857/1/1 1856/1/1 1969/1/1 1962/1/1
f 1851/1/2 1963/1/2 1970/1/2 1858/1/2
f 1859/1/4 1858/1/4 1970/1/4 1971/1/4
f 1964/1/6 1971/1/6 1970/1/6 1963/1/6
f 1853/1/2 1965/1/2 1972/1/2 1860/1/2
f 1850/1/1 1861/1/1 1973/1/1 1966/1/1
f 1861/1/4 1860/1/4 1972/1/4 1973/1/4
f 1966/1/6 1973/1/6 1972/1/6 1965/1/6
f 1855/1/1 1862/1/1 1974/1/1 1968/1/1
f 1854/1/3 1967/1/3 1969/1/3 1856/1/3
f 1859/1/2 1971/1/2 1975/1/2 1863/1/2
f 1861/1/2 1973/1/2 1976/1/2 1864/1/2
f 1858/1/1 1865/1/1 1977/1/1 1970/1/1
f 1858/1/3 1970/1/3 1973/1/3 1861/1/3
f 1865/1/4 1864/1/4 1976/1/4 1977/1/4
f 1862/1/1 1866/1/1 1978/1/1 1974/1/1
f 1866/1/4 1867/1/4 1979/1/4 1978/1/4
f 1867/1/4 1868/1/4 1980/1/4 1979/1/4
f 1865/1/2 1977/1/2 1981/1/2 1869/1/2
f 1863/1/3 1975/1/3 1977/1/3 1865/1/3
f 1868/1/1 1870/1/1 1982/1/1 1980/1/1
f 1870/1/4 1871/1/4 1983/1/4 1982/1/4
f 1869/1/2 1981/1/2 1984/1/2 1872/1/2
f 1871/1/4 1872/1/4 1984/1/4 1983/1/4
f 1874/1/1 1873/1/1 1985/1/1 1986/1/1
f 1874/1/3 1986/1/3 1987/1/3 1875/1/3
f 1876/1/2 1988/1/2 1989/1/2 1877/1/2
f 1875/1/3 1987/1/3 1988/1/3 1876/1/3
f 1990/1/1 1991/1/1 1992/1/1 1993/1/1
f 1990/1/3 1993/1/3 1994/1/3 1879/1/3
f 1991/1/4 1878/1/4 1995/1/4 1992/1/4
f 1993/1/6 1992/1/6 1995/1/6 1994/1/6
f 1990/1/5 1879/1/5 1878/1/5 1991/1/5
f 1879/1/3 1994/1/3 1996/1/3 1880/1/3
f 1880/1/3 1996/1/3 1985/1/3 1873/1/3
f 1882/1/4 1881/1/4 1997/1/4 1998/1/4
f 1877/1/2 1989/1/2 1999/1/2 1883/1/2
f 1884/1/4 1883/1/4 1999/1/4 2000/1/4
f 1882/1/2 1998/1/2 2001/1/2 1885/1/2
f 1878/1/1 1886/1/1 2002/1/1 1995/1/1
f 1884/1/2 2000/1/2 2003/1/2 1887/1/2
f 1881/1/1 1888/1/1 2004/1/1 1997/1/1
f 1889/1/2 2005/1/2 2006/1/2 1890/1/2
f 1883/1/1 1891/1/1 2007/1/1 1999/1/1
f 1883/1/3 1999/1/3 2005/1/3 1889/1/3
f 1999/1/6 2007/1/6 2006/1/6 2005/1/6
f 1885/1/2 2001/1/2 2008/1/2 1892/1/2
f 1886/1/1 1893/1/1 2009/1/1 2002/1/1
f 1887/1/2 2003/1/2 2010/1/2 1895/1/2
f 1888/1/1 2011/1/1 2012/1/1 2004/1/1
f 1888/1/5 1887/1/5 1895/1/5 2011/1/5
f 1890/1/2 2006/1/2 2013/1/2 1898/1/2
f 1891/1/1 1894/1/1 2014/1/1 2007/1/1
f 2007/1/6 2014/1/6 2013/1/6 2006/1/6
f 1891/1/5 1890/1/5 1898/1/5 1894/1/5
f 1892/1/2 2008/1/2 2015/1/2 1899/1/2
f 1893/1/1 1900/1/1 2016/1/1 2009/1/1
f 1895/1/2 2010/1/2 2017/1/2 1903/1/2
f 2011/1/1 2018/1/1 2019/1/1 2012/1/1
f 2011/1/5 1895/1/5 1903/1/5 2018/1/5
f 1898/1/2 2013/1/2 2020/1/2 1905/1/2
f 1894/1/1 1901/1/1 2021/1/1 2014/1/1
f 2014/1/6 2021/1/6 2020/1/6 2013/1/6
f 1894/1/5 1898/1/5 1905/1/5 1901/1/5
f 1899/1/2 2015/1/2 2022/1/2 1906/1/2
f 1900/1/1 1907/1/1 2023/1/1 2016/1/1
f 1903/1/2 2017/1/2 2024/1/2 1910/1/2
f 2018/1/1 2025/1/1 2026/1/1 2019/1/1
f 2018/1/5 1903/1/5 1910/1/5 2025/1/5
f 1905/1/2 2020/1/2 2027/1/2 1912/1/2
f 1901/1/1 1908/1/1 2028/1/1 2021/1/1
f 2021/1/6 2028/1/6 2027/1/6 2020/1/6
f 1901/1/5 1905/1/5 1912/1/5 1908/1/5
f 1906/1/2 2022/1/2 2029/1/2 1913/1/2
f 1907/1/1 1914/1/1 2030/1/1 2023/1/1
f 1910/1/2 2024/1/2 2031/1/2 1916/1/2
f 2025/1/1 1924/1/1 2032/1/1 2026/1/1
f 2025/1/5 1910/1/5 1916/1/5 1924/1/5
f 1912/1/2 2027/1/2 2033/1/2 1918/1/2
f 1908/1/1 1915/1/1 2034/1/1 2028/1/1
f 2028/1/6 2034/1/6 2033/1/6 2027/1/6
f 1908/1/5 1912/1/5 1918/1/5 1915/1/5
f 2035/1/1 2036/1/1 2037/1/1 2038/1/1
f 2035/1/3 2038/1/3 2030/1/3 1914/1/3
f 2036/1/4 1920/1/4 2039/1/4 2037/1/4
f 2038/1/6 2037/1/6 2039/1/6 2030/1/6
f 2035/1/5 1914/1/5 1920/1/5 2036/1/5
f 1913/1/3 2029/1/3 2032/1/3 1924/1/3
f 1913/1/5 1924/1/5 1923/1/5 1919/1/5
f 1916/1/2 2031/1/2 2040/1/2 1926/1/2
f 2032/1/6 2041/1/6 2040/1/6 2031/1/6
f 1915/1/1 1925/1/1 2042/1/1 2034/1/1
f 1915/1/5 1918/1/5 1927/1/5 1925/1/5
f 1917/1/2 2043/1/2 2044/1/2 1930/1/2
f 1918/1/3 2033/1/3 2043/1/3 1917/1/3
f 2033/1/6 2045/1/6 2044/1/6 2043/1/6
f 1920/1/1 1932/1/1 2046/1/1 2039/1/1
f 1919/1/5 1923/1/5 1934/1/5 1931/1/5
f 1926/1/2 2040/1/2 2047/1/2 1936/1/2
f 2041/1/6 2048/1/6 2047/1/6 2040/1/6
f 1925/1/1 1935/1/1 2049/1/1 2042/1/1
f 1925/1/5 1927/1/5 1937/1/5 1935/1/5
f 1930/1/2 2044/1/2 2050/1/2 1939/1/2
f 1937/1/4 1939/1/4 2050/1/4 2051/1/4
f 2045/1/6 2051/1/6 2050/1/6 2044/1/6
f 1932/1/1 1944/1/1 2052/1/1 2046/1/1
f 1931/1/5 1934/1/5 1947/1/5 1945/1/5
f 1936/1/2 2047/1/2 2053/1/2 1949/1/2
f 1937/1/2 2051/1/2 2054/1/2 1951/1/2
f 1935/1/1 1948/1/1 2055/1/1 2049/1/1
f 2049/1/6 2055/1/6 2054/1/6 2051/1/6
f 1935/1/5 1937/1/5 1951/1/5 1948/1/5
f 1942/1/1 2056/1/1 2057/1/1 2058/1/1
f 1942/1/3 2058/1/3 2052/1/3 1944/1/3
f 2058/1/6 2057/1/6 2059/1/6 2052/1/6
f 1942/1/5 1944/1/5 1953/1/5 2056/1/5
f 1945/1/5 1947/1/5 1955/1/5 1952/1/5
f 1949/1/2 2053/1/2 2060/1/2 1957/1/2
f 1951/1/2 2054/1/2 2061/1/2 1959/1/2
f 1948/1/1 1956/1/1 2062/1/1 2055/1/1
f 2055/1/6 2062/1/6 2061/1/6 2054/1/6
f 1948/1/5 1951/1/5 1959/1/5 1956/1/5
f 2056/1/1 2063/1/1 2064/1/1 2057/1/1
f 2063/1/4 1961/1/4 2065/1/4 2064/1/4
f 2057/1/6 2064/1/6 2065/1/6 2059/1/6
f 2056/1/5 1953/1/5 1961/1/5 2063/1/5
f 1952/1/5 1955/1/5 1962/1/5 1960/1/5
f 1957/1/2 2060/1/2 2066/1/2 1964/1/2
f 1959/1/2 2061/1/2 2067/1/2 1966/1/2
f 1956/1/1 1963/1/1 2068/1/1 2062/1/1
f 2062/1/6 2068/1/6 2067/1/6 2061/1/6
f 1956/1/5 1959/1/5 1966/1/5 1963/1/5
f 1961/1/1 1968/1/1 2069/1/1 2065/1/1
f 1960/1/5 1962/1/5 1969/1/5 1967/1/5
f 1964/1/2 2066/1/2 2070/1/2 1971/1/2
f 1966/1/2 2067/1/2 2071/1/2 1973/1/2
f 1963/1/1 1970/1/1 2072/1/1 2068/1/1
f 2068/1/6 2072/1/6 2071/1/6 2067/1/6
f 1963/1/5 1966/1/5 1973/1/5 1970/1/5
f 2073/1/1 2074/1/1 2075/1/1 2076/1/1
f 2073/1/3 2076/1/3 2069/1/3 1968/1/3
f 2074/1/4 1974/1/4 2077/1/4 2075/1/4
f 2076/1/6 2075/1/6 2077/1/6 2069/1/6
f 2073/1/5 1968/1/5 1974/1/5 2074/1/5
f 1971/1/2 2070/1/2 2078/1/2 1975/1/2
f 1973/1/2 2071/1/2 2079/1/2 1976/1/2
f 1970/1/1 1977/1/1 2080/1/1 2072/1/1
f 1977/1/4 1976/1/4 2079/1/4 2080/1/4
f 2072/1/6 2080/1/6 2079/1/6 2071/1/6
f 1974/1/1 1978/1/1 2081/1/1 2077/1/1
f 1978/1/4 1979/1/4 2082/1/4 2081/1/4
f 1979/1/4 1980/1/4 2083/1/4 2082/1/4
f 1977/1/2 2080/1/2 2084/1/2 1981/1/2
f 1975/1/3 2078/1/3 2080/1/3 1977/1/3
f 1980/1/1 1982/1/1 2085/1/1 2083/1/1
f 1982/1/4 1983/1/4 2086/1/4 2085/1/4
f 1981/1/2 2084/1/2 2087/1/2 1984/1/2
f 1983/1/4 1984/1/4 2087/1/4 2086/1/4
f 1986/1/1 1985/1/1 2088/1/1 2089/1/1
f 1986/1/3 2089/1/3 2090/1/3 1987/1/3
f 1988/1/2 2091/1/2 2092/1/2 1989/1/2
f 1987/1/3 2090/1/3 2091/1/3 1988/1/3
f 1994/1/1 1995/1/1 2093/1/1 2094/1/1
f 1994/1/3 2094/1/3 2095/1/3 1996/1/3
f 2094/1/6 2093/1/6 2096/1/6 2095/1/6
f 1996/1/3 2095/1/3 2088/1/3 1985/1/3
f 2095/1/6 2096/1/6 2097/1/6 2088/1/6
f 1989/1/2 2092/1/2 2098/1/2 1999/1/2
f 1995/1/1 2002/1/1 2099/1/1 2093/1/1
f 2093/1/6 2099/1/6 2100/1/6 2096/1/6
f 2096/1/6 2100/1/6 2101/1/6 2097/1/6
f 1998/1/5 1997/1/5 2004/1/5 2001/1/5
f 1999/1/2 2098/1/2 2102/1/2 2007/1/2
f 2000/1/5 1999/1/5 2007/1/5 2003/1/5
f 2103/1/1 2104/1/1 2105/1/1 2106/1/1
f 2103/1/3 2106/1/3 2099/1/3 2002/1/3
f 2104/1/4 2009/1/4 2107/1/4 2105/1/4
f 2106/1/6 2105/1/6 2107/1/6 2099/1/6
f 2103/1/5 2002/1/5 2009/1/5 2104/1/5
f 2099/1/6 2107/1/6 2108/1/6 2100/1/6
f 2100/1/6 2108/1/6 2109/1/6 2101/1/6
f 2001/1/5 2004/1/5 2012/1/5 2008/1/5
f 2007/1/2 2102/1/2 2110/1/2 2014/1/2
f 2003/1/5 2007/1/5 2014/1/5 2010/1/5
f 2009/1/1 2016/1/1 2111/1/1 2107/1/1
f 2107/1/6 2111/1/6 2112/1/6 2108/1/6
f 2108/1/6 2112/1/6 2113/1/6 2109/1/6
f 2008/1/5 2012/1/5 2019/1/5 2015/1/5
f 2014/1/2 2110/1/2 2114/1/2 2021/1/2
f 2010/1/5 2014/1/5 2021/1/5 2017/1/5
f 2115/1/1 2116/1/1 2117/1/1 2118/1/1
f 2115/1/3 2118/1/3 2111/1/3 2016/1/3
f 2116/1/4 2023/1/4 2119/1/4 2117/1/4
f 2118/1/6 2117/1/6 2119/1/6 2111/1/6
f 2115/1/5 2016/1/5 2023/1/5 2116/1/5
f 2111/1/6 2119/1/6 2120/1/6 2112/1/6
f 2112/1/6 2120/1/6 2121/1/6 2113/1/6
f 2015/1/5 2019/1/5 2026/1/5 2022/1/5
f 2021/1/2 2114/1/2 2122/1/2 2028/1/2
f 2017/1/5 2021/1/5 2028/1/5 2024/1/5
f 2023/1/1 2030/1/1 2123/1/1 2119/1/1
f 2119/1/6 2123/1/6 2124/1/6 2120/1/6
f 2120/1/6 2124/1/6 2125/1/6 2121/1/6
f 2022/1/5 2026/1/5 2032/1/5 2029/1/5
f 2032/1/4 2031/1/4 2126/1/4 2125/1/4
f 2028/1/2 2122/1/2 2127/1/2 2034/1/2
f 2024/1/5 2028/1/5 2034/1/5 2031/1/5
f 2030/1/1 2039/1/1 2128/1/1 2123/1/1
f 2123/1/6 2128/1/6 2129/1/6 2124/1/6
f 2032/1/2 2125/1/2 2130/1/2 2041/1/2
f 2124/1/6 2129/1/6 2130/1/6 2125/1/6
f 2031/1/1 2040/1/1 2131/1/1 2126/1/1
f 2031/1/5 2034/1/5 2042/1/5 2040/1/5
f 2033/1/2 2132/1/2 2133/1/2 2045/1/2
f 2034/1/3 2127/1/3 2132/1/3 2033/1/3
f 2127/1/6 2134/1/6 2133/1/6 2132/1/6
f 2039/1/1 2046/1/1 2135/1/1 2128/1/1
f 2128/1/6 2135/1/6 2136/1/6 2129/1/6
f 2041/1/2 2130/1/2 2137/1/2 2048/1/2
f 2129/1/6 2136/1/6 2137/1/6 2130/1/6
f 2040/1/1 2047/1/1 2138/1/1 2131/1/1
f 2040/1/5 2042/1/5 2049/1/5 2047/1/5
f 2045/1/2 2133/1/2 2139/1/2 2051/1/2
f 2049/1/4 2051/1/4 2139/1/4 2140/1/4
f 2134/1/6 2140/1/6 2139/1/6 2133/1/6
f 2046/1/1 2052/1/1 2141/1/1 2135/1/1
f 2135/1/6 2141/1/6 2142/1/6 2136/1/6
f 2136/1/6 2142/1/6 2143/1/6 2137/1/6
f 2048/1/3 2137/1/3 2138/1/3 2047/1/3
f 2049/1/2 2140/1/2 2144/1/2 2055/1/2
f 2047/1/5 2049/1/5 2055/1/5 2053/1/5
f 2052/1/1 2059/1/1 2145/1/1 2141/1/1
f 2141/1/6 2145/1/6 2146/1/6 2142/1/6
f 2142/1/6 2146/1/6 2147/1/6 2143/1/6
f 2055/1/2 2144/1/2 2148/1/2 2062/1/2
f 2053/1/5 2055/1/5 2062/1/5 2060/1/5
f 2059/1/1 2065/1/1 2149/1/1 2145/1/1
f 2145/1/6 2149/1/6 2150/1/6 2146/1/6
f 2146/1/6 2150/1/6 2151/1/6 2147/1/6
f 2062/1/2 2148/1/2 2152/1/2 2068/1/2
f 2060/1/5 2062/1/5 2068/1/5 2066/1/5
f 2065/1/1 2069/1/1 2153/1/1 2149/1/1
f 2149/1/6 2153/1/6 2154/1/6 2150/1/6
f 2150/1/6 2154/1/6 2155/1/6 2151/1/6
f 2068/1/2 2152/1/2 2156/1/2 2072/1/2
f 2066/1/5 2068/1/5 2072/1/5 2070/1/5
f 2069/1/1 2077/1/1 2157/1/1 2153/1/1
f 2153/1/6 2157/1/6 2158/1/6 2154/1/6
f 2154/1/6 2158/1/6 2159/1/6 2155/1/6
f 2072/1/2 2156/1/2 2160/1/2 2080/1/2
f 2070/1/5 2072/1/5 2080/1/5 2078/1/5
f 2077/1/1 2081/1/1 2161/1/1 2157/1/1
f 2081/1/4 2082/1/4 2162/1/4 2161/1/4
f 2157/1/6 2161/1/6 2162/1/6 2158/1/6
f 2082/1/4 2083/1/4 2163/1/4 2162/1/4
f 2158/1/6 2162/1/6 2163/1/6 2159/1/6
f 2080/1/2 2160/1/2 2164/1/2 2084/1/2
f 2083/1/1 2085/1/1 2165/1/1 2163/1/1
f 2085/1/4 2086/1/4 2166/1/4 2165/1/4
f 2084/1/2 2164/1/2 2167/1/2 2087/1/2
f 2086/1/4 2087/1/4 2167/1/4 2166/1/4
f 2089/1/1 2088/1/1 2168/1/1 2169/1/1
f 2089/1/3 2169/1/3 2170/1/3 2090/1/3
f 2169/1/6 2168/1/6 2171/1/6 2170/1/6
f 2091/1/2 2172/1/2 2173/1/2 2092/1/2
f 2090/1/3 2170/1/3 2172/1/3 2091/1/3
f 2170/1/6 2171/1/6 2173/1/6 2172/1/6
f 2088/1/1 2097/1/1 2174/1/1 2168/1/1
f 2168/1/6 2174/1/6 2175/1/6 2171/1/6
f 2092/1/2 2173/1/2 2176/1/2 2098/1/2
f 2171/1/6 2175/1/6 2176/1/6 2173/1/6
f 2097/1/1 2101/1/1 2177/1/1 2174/1/1
f 2174/1/6 2177/1/6 2178/1/6 2175/1/6
f 2098/1/2 2176/1/2 2179/1/2 2102/1/2
f 2175/1/6 2178/1/6 2179/1/6 2176/1/6
f 2101/1/1 2109/1/1 2180/1/1 2177/1/1
f 2177/1/6 2180/1/6 2181/1/6 2178/1/6
f 2102/1/2 2179/1/2 2182/1/2 2110/1/2
f 2178/1/6 2181/1/6 2182/1/6 2179/1/6
f 2109/1/1 2113/1/1 2183/1/1 2180/1/1
f 2180/1/6 2183/1/6 2184/1/6 2181/1/6
f 2110/1/2 2182/1/2 2185/1/2 2114/1/2
f 2181/1/6 2184/1/6 2185/1/6 2182/1/6
f 2113/1/1 2121/1/1 2186/1/1 2183/1/1
f 2183/1/6 2186/1/6 2187/1/6 2184/1/6
f 2114/1/2 2185/1/2 2188/1/2 2122/1/2
f 2184/1/6 2187/1/6 2188/1/6 2185/1/6
f 2121/1/1 2125/1/1 2189/1/1 2186/1/1
f 2186/1/6 2189/1/6 2190/1/6 2187/1/6
f 2122/1/2 2188/1/2 2191/1/2 2127/1/2
f 2187/1/6 2190/1/6 2191/1/6 2188/1/6
f 2125/1/1 2130/1/1 2192/1/1 2189/1/1
f 2189/1/6 2192/1/6 2193/1/6 2190/1/6
f 2125/1/5 2126/1/5 2131/1/5 2130/1/5
f 2127/1/2 2191/1/2 2194/1/2 2134/1/2
f 2190/1/6 2193/1/6 2194/1/6 2191/1/6
f 2130/1/1 2137/1/1 2195/1/1 2192/1/1
f 2192/1/6 2195/1/6 2196/1/6 2193/1/6
f 2130/1/5 2131/1/5 2138/1/5 2137/1/5
f 2134/1/2 2194/1/2 2197/1/2 2140/1/2
f 2193/1/6 2196/1/6 2197/1/6 2194/1/6
f 2137/1/1 2143/1/1 2198/1/1 2195/1/1
f 2195/1/6 2198/1/6 2199/1/6 2196/1/6
f 2140/1/2 2197/1/2 2200/1/2 2144/1/2
f 2196/1/6 2199/1/6 2200/1/6 2197/1/6
f 2143/1/1 2147/1/1 2201/1/1 2198/1/1
f 2198/1/6 2201/1/6 2202/1/6 2199/1/6
f 2144/1/2 2200/1/2 2203/1/2 2148/1/2
f 2199/1/6 2202/1/6 2203/1/6 2200/1/6
f 2147/1/1 2151/1/1 2204/1/1 2201/1/1
f 2201/1/6 2204/1/6 2205/1/6 2202/1/6
f 2148/1/2 2203/1/2 2206/1/2 2152/1/2
f 2202/1/6 2205/1/6 2206/1/6 2203/1/6
f 2151/1/1 2155/1/1 2207/1/1 2204/1/1
f 2204/1/6 2207/1/6 2208/1/6 2205/1/6
f 2152/1/2 2206/1/2 2209/1/2 2156/1/2
f 2205/1/6 2208/1/6 2209/1/6 2206/1/6
f 2155/1/1 2159/1/1 2210/1/1 2207/1/1
f 2207/1/6 2210/1/6 2211/1/6 2208/1/6
f 2156/1/2 2209/1/2 2212/1/2 2160/1/2
f 2208/1/6 2211/1/6 2212/1/6 2209/1/6
f 2159/1/1 2163/1/1 2213/1/1 2210/1/1
f 2210/1/6 2213/1/6 2214/1/6 2211/1/6
f 2160/1/2 2212/1/2 2215/1/2 2164/1/2
f 2211/1/6 2214/1/6 2215/1/6 2212/1/6
f 2163/1/1 2165/1/1 2216/1/1 2213/1/1
f 2165/1/4 2166/1/4 2217/1/4 2216/1/4
f 2213/1/6 2216/1/6 2217/1/6 2214/1/6
f 2164/1/2 2215/1/2 2218/1/2 2167/1/2
f 2166/1/4 2167/1/4 2218/1/4 2217/1/4
f 2214/1/6 2217/1/6 2218/1/6 2215/1/6
