mtllib Sietecueros_Fabian_Andres_Cetina_Rabon_fase_3.mtl
o Sietecueros_Fabian_Andres_Cetina_Rabon_fase_3
v -8.0000 4.0000 2.0000
v -8.0000 4.0000 1.0000
v -7.0000 4.0000 1.0000
v -7.0000 4.0000 2.0000
v -7.0000 5.0000 2.0000
v -8.0000 5.0000 2.0000
v -7.0000 5.0000 1.0000
v -8.0000 5.0000 1.0000
v -8.0000 6.0000 2.0000
v -7.0000 6.0000 2.0000
v -7.0000 6.0000 1.0000
v -8.0000 6.0000 1.0000
v -8.0000 4.0000 -0.0000
v -7.0000 4.0000 -0.0000
v -8.0000 5.0000 -0.0000
v -7.0000 6.0000 -0.0000
v -8.0000 6.0000 -0.0000
v -7.0000 5.0000 -0.0000
v -8.0000 3.0000 -0.0000
v -8.0000 3.0000 -1.0000
v -7.0000 3.0000 -1.0000
v -7.0000 3.0000 -0.0000
v -8.0000 4.0000 -1.0000
v -7.0000 4.0000 -1.0000
v -8.0000 5.0000 -1.0000
v -7.0000 6.0000 -1.0000
v -8.0000 6.0000 -1.0000
v -7.0000 5.0000 -1.0000
v -8.0000 4.0000 -2.0000
v -7.0000 4.0000 -2.0000
v -8.0000 5.0000 -2.0000
v -7.0000 5.0000 -2.0000
v -7.0000 6.0000 -2.0000
v -8.0000 6.0000 -2.0000
v -7.0000 6.0000 -3.0000
v -8.0000 6.0000 -3.0000
v -8.0000 5.0000 -3.0000
v -7.0000 5.0000 -3.0000
v -7.0000 6.0000 -4.0000
v -8.0000 6.0000 -4.0000
v -8.0000 5.0000 -4.0000
v -7.0000 5.0000 -4.0000
v -7.0000 6.0000 -5.0000
v -8.0000 6.0000 -5.0000
v -8.0000 5.0000 -5.0000
v -7.0000 5.0000 -5.0000
v -7.0000 6.0000 -6.0000
v -8.0000 6.0000 -6.0000
v -8.0000 5.0000 -6.0000
v -7.0000 5.0000 -6.0000
v -7.0000 6.0000 -7.0000
v -8.0000 6.0000 -7.0000
v -8.0000 5.0000 -7.0000
v -7.0000 5.0000 -7.0000
v -7.0000 2.0000 5.0000
v -7.0000 2.0000 4.0000
v -6.0000 2.0000 4.0000
v -6.0000 2.0000 5.0000
v -6.0000 3.0000 5.0000
v -7.0000 3.0000 5.0000
v -7.0000 3.0000 4.0000
v -7.0000 4.0000 5.0000
v -6.0000 4.0000 5.0000
v -6.0000 4.0000 4.0000
v -7.0000 4.0000 4.0000
v -7.0000 8.0000 5.0000
v -6.0000 8.0000 5.0000
v -6.0000 8.0000 4.0000
v -7.0000 8.0000 4.0000
v -7.0000 7.0000 5.0000
v -7.0000 7.0000 4.0000
v -6.0000 7.0000 4.0000
v -6.0000 7.0000 5.0000
v -7.0000 2.0000 3.0000
v -6.0000 2.0000 3.0000
v -7.0000 3.0000 3.0000
v -6.0000 4.0000 3.0000
v -7.0000 4.0000 3.0000
v -6.0000 8.0000 3.0000
v -7.0000 8.0000 3.0000
v -7.0000 7.0000 3.0000
v -6.0000 7.0000 3.0000
v -7.0000 2.0000 2.0000
v -6.0000 2.0000 2.0000
v -7.0000 3.0000 2.0000
v -6.0000 4.0000 2.0000
v -6.0000 8.0000 2.0000
v -7.0000 8.0000 2.0000
v -7.0000 7.0000 2.0000
v -6.0000 7.0000 2.0000
v -7.0000 2.0000 1.0000
v -6.0000 2.0000 1.0000
v -7.0000 3.0000 1.0000
v -6.0000 4.0000 1.0000
v -6.0000 8.0000 1.0000
v -7.0000 8.0000 1.0000
v -7.0000 7.0000 1.0000
v -6.0000 7.0000 1.0000
v -7.0000 2.0000 -0.0000
v -6.0000 2.0000 -0.0000
v -6.0000 5.0000 1.0000
v -6.0000 5.0000 -0.0000
v -6.0000 8.0000 -0.0000
v -7.0000 8.0000 -0.0000
v -7.0000 7.0000 -0.0000
v -6.0000 7.0000 -0.0000
v -7.0000 2.0000 -1.0000
v -6.0000 2.0000 -1.0000
v -6.0000 3.0000 -1.0000
v -6.0000 4.0000 -1.0000
v -6.0000 5.0000 -1.0000
v -6.0000 8.0000 -1.0000
v -7.0000 8.0000 -1.0000
v -7.0000 7.0000 -1.0000
v -6.0000 7.0000 -1.0000
v -6.0000 8.0000 -2.0000
v -7.0000 8.0000 -2.0000
v -7.0000 7.0000 -2.0000
v -6.0000 7.0000 -2.0000
v -6.0000 8.0000 -3.0000
v -7.0000 8.0000 -3.0000
v -7.0000 7.0000 -3.0000
v -6.0000 7.0000 -3.0000
v -6.0000 6.0000 -7.0000
v -6.0000 6.0000 -8.0000
v -7.0000 6.0000 -8.0000
v -7.0000 5.0000 -8.0000
v -6.0000 5.0000 -8.0000
v -6.0000 5.0000 -7.0000
v -6.0000 3.0000 6.0000
v -5.0000 3.0000 5.0000
v -5.0000 3.0000 6.0000
v -5.0000 4.0000 6.0000
v -6.0000 4.0000 6.0000
v -5.0000 4.0000 5.0000
v -6.0000 5.0000 6.0000
v -5.0000 5.0000 6.0000
v -5.0000 5.0000 5.0000
v -6.0000 5.0000 5.0000
v -5.0000 2.0000 4.0000
v -5.0000 2.0000 5.0000
v -5.0000 4.0000 4.0000
v -6.0000 1.0000 4.0000
v -6.0000 1.0000 3.0000
v -5.0000 1.0000 3.0000
v -5.0000 1.0000 4.0000
v -6.0000 5.0000 4.0000
v -5.0000 5.0000 4.0000
v -5.0000 5.0000 3.0000
v -6.0000 5.0000 3.0000
v -6.0000 0.0000 3.0000
v -6.0000 0.0000 2.0000
v -5.0000 0.0000 2.0000
v -5.0000 0.0000 3.0000
v -5.0000 1.0000 2.0000
v -6.0000 1.0000 2.0000
v -6.0000 5.0000 2.0000
v -5.0000 6.0000 3.0000
v -6.0000 6.0000 3.0000
v -6.0000 6.0000 2.0000
v -5.0000 7.0000 3.0000
v -5.0000 7.0000 2.0000
v -6.0000 0.0000 1.0000
v -5.0000 0.0000 1.0000
v -6.0000 1.0000 1.0000
v -5.0000 1.0000 1.0000
v -6.0000 6.0000 1.0000
v -5.0000 7.0000 1.0000
v -6.0000 1.0000 -0.0000
v -5.0000 1.0000 -0.0000
v -6.0000 6.0000 -0.0000
v -5.0000 7.0000 -0.0000
v -6.0000 1.0000 -1.0000
v -5.0000 1.0000 -1.0000
v -6.0000 6.0000 -1.0000
v -5.0000 8.0000 -0.0000
v -5.0000 8.0000 -1.0000
v -6.0000 1.0000 -2.0000
v -5.0000 1.0000 -2.0000
v -6.0000 2.0000 -2.0000
v -6.0000 3.0000 -2.0000
v -6.0000 4.0000 -2.0000
v -6.0000 5.0000 -2.0000
v -6.0000 6.0000 -2.0000
v -5.0000 8.0000 -2.0000
v -5.0000 7.0000 -2.0000
v -5.0000 7.0000 -1.0000
v -6.0000 1.0000 -3.0000
v -5.0000 1.0000 -3.0000
v -6.0000 2.0000 -3.0000
v -6.0000 3.0000 -3.0000
v -6.0000 4.0000 -3.0000
v -6.0000 5.0000 -3.0000
v -6.0000 6.0000 -3.0000
v -5.0000 7.0000 -3.0000
v -6.0000 1.0000 -4.0000
v -5.0000 1.0000 -4.0000
v -6.0000 2.0000 -4.0000
v -5.0000 2.0000 -4.0000
v -6.0000 3.0000 -4.0000
v -6.0000 4.0000 -4.0000
v -6.0000 5.0000 -4.0000
v -6.0000 6.0000 -4.0000
v -5.0000 7.0000 -4.0000
v -6.0000 7.0000 -4.0000
v -6.0000 2.0000 -5.0000
v -5.0000 2.0000 -5.0000
v -6.0000 3.0000 -5.0000
v -5.0000 3.0000 -5.0000
v -6.0000 4.0000 -5.0000
v -5.0000 4.0000 -5.0000
v -6.0000 5.0000 -5.0000
v -6.0000 6.0000 -5.0000
v -5.0000 6.0000 -5.0000
v -5.0000 5.0000 -5.0000
v -6.0000 7.0000 -5.0000
v -5.0000 7.0000 -5.0000
v -6.0000 8.0000 -4.0000
v -5.0000 8.0000 -4.0000
v -5.0000 8.0000 -5.0000
v -6.0000 8.0000 -5.0000
v -5.0000 5.0000 -6.0000
v -6.0000 5.0000 -6.0000
v -6.0000 4.0000 -6.0000
v -5.0000 4.0000 -6.0000
v -5.0000 8.0000 -6.0000
v -6.0000 8.0000 -6.0000
v -6.0000 7.0000 -6.0000
v -5.0000 7.0000 -6.0000
v -5.0000 6.0000 -7.0000
v -5.0000 6.0000 -8.0000
v -5.0000 5.0000 -8.0000
v -5.0000 5.0000 -7.0000
v -4.0000 4.0000 5.0000
v -4.0000 4.0000 6.0000
v -4.0000 5.0000 6.0000
v -4.0000 5.0000 5.0000
v -4.0000 6.0000 6.0000
v -5.0000 6.0000 6.0000
v -5.0000 6.0000 5.0000
v -5.0000 7.0000 6.0000
v -4.0000 7.0000 6.0000
v -4.0000 7.0000 5.0000
v -5.0000 7.0000 5.0000
v -4.0000 2.0000 4.0000
v -4.0000 2.0000 5.0000
v -4.0000 3.0000 5.0000
v -4.0000 4.0000 4.0000
v -4.0000 5.0000 4.0000
v -5.0000 6.0000 4.0000
v -4.0000 6.0000 4.0000
v -4.0000 7.0000 4.0000
v -5.0000 7.0000 4.0000
v -4.0000 1.0000 3.0000
v -4.0000 1.0000 4.0000
v -4.0000 2.0000 3.0000
v -4.0000 5.0000 3.0000
v -4.0000 1.0000 2.0000
v -4.0000 2.0000 2.0000
v -4.0000 6.0000 3.0000
v -4.0000 5.0000 2.0000
v -4.0000 6.0000 2.0000
v -4.0000 7.0000 3.0000
v -4.0000 7.0000 2.0000
v -4.0000 0.0000 1.0000
v -4.0000 0.0000 2.0000
v -4.0000 1.0000 1.0000
v -4.0000 2.0000 1.0000
v -4.0000 5.0000 1.0000
v -4.0000 6.0000 1.0000
v -4.0000 7.0000 1.0000
v -5.0000 0.0000 -0.0000
v -4.0000 0.0000 -0.0000
v -4.0000 5.0000 -0.0000
v -4.0000 6.0000 -0.0000
v -4.0000 7.0000 -0.0000
v -5.0000 0.0000 -1.0000
v -4.0000 0.0000 -1.0000
v -4.0000 2.0000 -0.0000
v -4.0000 2.0000 -1.0000
v -4.0000 3.0000 -1.0000
v -4.0000 3.0000 -0.0000
v -4.0000 4.0000 -1.0000
v -4.0000 4.0000 -0.0000
v -4.0000 8.0000 -0.0000
v -4.0000 8.0000 -1.0000
v -4.0000 7.0000 -1.0000
v -5.0000 -1.0000 -1.0000
v -5.0000 -1.0000 -2.0000
v -4.0000 -1.0000 -2.0000
v -4.0000 -1.0000 -1.0000
v -5.0000 0.0000 -2.0000
v -4.0000 2.0000 -2.0000
v -4.0000 3.0000 -2.0000
v -4.0000 7.0000 -2.0000
v -5.0000 -1.0000 -3.0000
v -4.0000 -1.0000 -3.0000
v -5.0000 0.0000 -3.0000
v -4.0000 2.0000 -3.0000
v -4.0000 3.0000 -3.0000
v -4.0000 4.0000 -3.0000
v -4.0000 4.0000 -2.0000
v -4.0000 5.0000 -2.0000
v -4.0000 5.0000 -3.0000
v -4.0000 6.0000 -3.0000
v -4.0000 6.0000 -2.0000
v -4.0000 8.0000 -2.0000
v -4.0000 8.0000 -3.0000
v -5.0000 8.0000 -3.0000
v -5.0000 -1.0000 -4.0000
v -4.0000 -1.0000 -4.0000
v -5.0000 0.0000 -4.0000
v -4.0000 0.0000 -4.0000
v -4.0000 1.0000 -4.0000
v -4.0000 2.0000 -4.0000
v -4.0000 3.0000 -4.0000
v -4.0000 4.0000 -4.0000
v -4.0000 5.0000 -4.0000
v -4.0000 6.0000 -4.0000
v -4.0000 8.0000 -4.0000
v -4.0000 2.0000 -5.0000
v -4.0000 3.0000 -5.0000
v -4.0000 4.0000 -5.0000
v -4.0000 6.0000 -5.0000
v -4.0000 5.0000 -5.0000
v -4.0000 7.0000 -5.0000
v -4.0000 8.0000 -5.0000
v -4.0000 5.0000 -6.0000
v -4.0000 4.0000 -6.0000
v -4.0000 8.0000 -6.0000
v -4.0000 7.0000 -6.0000
v -4.0000 6.0000 -7.0000
v -4.0000 6.0000 -8.0000
v -4.0000 5.0000 -8.0000
v -4.0000 5.0000 -7.0000
v -3.0000 4.0000 5.0000
v -3.0000 4.0000 6.0000
v -3.0000 5.0000 6.0000
v -3.0000 6.0000 6.0000
v -3.0000 7.0000 6.0000
v -4.0000 8.0000 6.0000
v -3.0000 8.0000 6.0000
v -3.0000 8.0000 5.0000
v -4.0000 8.0000 5.0000
v -3.0000 2.0000 4.0000
v -3.0000 2.0000 5.0000
v -3.0000 3.0000 5.0000
v -3.0000 6.0000 4.0000
v -3.0000 5.0000 4.0000
v -3.0000 8.0000 4.0000
v -4.0000 8.0000 4.0000
v -3.0000 2.0000 3.0000
v -3.0000 5.0000 3.0000
v -3.0000 4.0000 4.0000
v -3.0000 4.0000 3.0000
v -3.0000 6.0000 3.0000
v -3.0000 7.0000 3.0000
v -3.0000 7.0000 4.0000
v -3.0000 8.0000 3.0000
v -4.0000 8.0000 3.0000
v -4.0000 -1.0000 3.0000
v -4.0000 -1.0000 2.0000
v -3.0000 -1.0000 2.0000
v -3.0000 -1.0000 3.0000
v -3.0000 0.0000 3.0000
v -4.0000 0.0000 3.0000
v -3.0000 1.0000 3.0000
v -3.0000 1.0000 2.0000
v -3.0000 2.0000 2.0000
v -3.0000 5.0000 2.0000
v -3.0000 4.0000 2.0000
v -3.0000 6.0000 2.0000
v -3.0000 8.0000 2.0000
v -4.0000 8.0000 2.0000
v -4.0000 -1.0000 1.0000
v -3.0000 -1.0000 1.0000
v -3.0000 0.0000 1.0000
v -3.0000 1.0000 1.0000
v -3.0000 2.0000 1.0000
v -3.0000 5.0000 1.0000
v -3.0000 4.0000 1.0000
v -3.0000 6.0000 1.0000
v -3.0000 8.0000 1.0000
v -4.0000 8.0000 1.0000
v -3.0000 0.0000 -0.0000
v -3.0000 1.0000 -0.0000
v -3.0000 2.0000 -0.0000
v -3.0000 3.0000 -0.0000
v -3.0000 4.0000 -0.0000
v -3.0000 5.0000 -0.0000
v -3.0000 6.0000 -0.0000
v -3.0000 8.0000 -0.0000
v -3.0000 0.0000 -1.0000
v -3.0000 2.0000 -1.0000
v -3.0000 1.0000 -1.0000
v -3.0000 4.0000 -1.0000
v -3.0000 5.0000 -1.0000
v -3.0000 6.0000 -1.0000
v -3.0000 8.0000 -1.0000
v -3.0000 -1.0000 -2.0000
v -3.0000 -1.0000 -1.0000
v -3.0000 2.0000 -2.0000
v -3.0000 3.0000 -2.0000
v -3.0000 3.0000 -1.0000
v -3.0000 4.0000 -2.0000
v -3.0000 6.0000 -2.0000
v -3.0000 5.0000 -2.0000
v -3.0000 8.0000 -2.0000
v -3.0000 -1.0000 -3.0000
v -3.0000 2.0000 -3.0000
v -3.0000 5.0000 -3.0000
v -3.0000 4.0000 -3.0000
v -3.0000 6.0000 -3.0000
v -3.0000 8.0000 -3.0000
v -3.0000 -1.0000 -4.0000
v -3.0000 0.0000 -4.0000
v -3.0000 1.0000 -4.0000
v -3.0000 3.0000 -3.0000
v -3.0000 3.0000 -4.0000
v -3.0000 5.0000 -4.0000
v -3.0000 4.0000 -4.0000
v -3.0000 6.0000 -4.0000
v -3.0000 8.0000 -4.0000
v -4.0000 1.0000 -5.0000
v -3.0000 1.0000 -5.0000
v -3.0000 3.0000 -5.0000
v -3.0000 5.0000 -5.0000
v -3.0000 4.0000 -5.0000
v -3.0000 6.0000 -5.0000
v -3.0000 7.0000 -5.0000
v -3.0000 8.0000 -5.0000
v -4.0000 1.0000 -6.0000
v -3.0000 1.0000 -6.0000
v -4.0000 2.0000 -6.0000
v -3.0000 2.0000 -6.0000
v -3.0000 3.0000 -6.0000
v -4.0000 3.0000 -6.0000
v -3.0000 5.0000 -6.0000
v -3.0000 4.0000 -6.0000
v -3.0000 8.0000 -6.0000
v -3.0000 7.0000 -6.0000
v -3.0000 8.0000 -7.0000
v -4.0000 8.0000 -7.0000
v -4.0000 7.0000 -7.0000
v -3.0000 7.0000 -7.0000
v -3.0000 5.0000 -8.0000
v -3.0000 5.0000 -7.0000
v -3.0000 6.0000 -7.0000
v -3.0000 6.0000 -8.0000
v -4.0000 7.0000 -8.0000
v -3.0000 7.0000 -8.0000
v -3.0000 8.0000 -8.0000
v -4.0000 8.0000 -8.0000
v -3.0000 1.0000 7.0000
v -3.0000 1.0000 6.0000
v -2.0000 1.0000 6.0000
v -2.0000 1.0000 7.0000
v -2.0000 2.0000 7.0000
v -3.0000 2.0000 7.0000
v -2.0000 2.0000 6.0000
v -3.0000 2.0000 6.0000
v -2.0000 3.0000 7.0000
v -3.0000 3.0000 7.0000
v -2.0000 3.0000 6.0000
v -3.0000 3.0000 6.0000
v -2.0000 4.0000 7.0000
v -3.0000 4.0000 7.0000
v -2.0000 4.0000 6.0000
v -3.0000 5.0000 7.0000
v -2.0000 5.0000 7.0000
v -2.0000 5.0000 6.0000
v -3.0000 1.0000 5.0000
v -2.0000 1.0000 5.0000
v -2.0000 2.0000 5.0000
v -2.0000 3.0000 5.0000
v -2.0000 4.0000 5.0000
v -2.0000 6.0000 6.0000
v -2.0000 7.0000 6.0000
v -2.0000 8.0000 6.0000
v -2.0000 8.0000 5.0000
v -3.0000 1.0000 4.0000
v -2.0000 1.0000 4.0000
v -2.0000 2.0000 4.0000
v -2.0000 3.0000 4.0000
v -2.0000 4.0000 4.0000
v -2.0000 5.0000 4.0000
v -2.0000 5.0000 5.0000
v -2.0000 6.0000 4.0000
v -2.0000 7.0000 4.0000
v -2.0000 8.0000 4.0000
v -3.0000 0.0000 4.0000
v -2.0000 0.0000 3.0000
v -2.0000 0.0000 4.0000
v -2.0000 1.0000 3.0000
v -2.0000 2.0000 3.0000
v -2.0000 3.0000 3.0000
v -2.0000 4.0000 3.0000
v -2.0000 8.0000 3.0000
v -2.0000 7.0000 3.0000
v -2.0000 -1.0000 2.0000
v -2.0000 -1.0000 3.0000
v -2.0000 2.0000 2.0000
v -2.0000 1.0000 2.0000
v -2.0000 3.0000 2.0000
v -2.0000 4.0000 2.0000
v -2.0000 6.0000 2.0000
v -2.0000 6.0000 3.0000
v -2.0000 7.0000 2.0000
v -2.0000 8.0000 2.0000
v -3.0000 -7.0000 2.0000
v -2.0000 -7.0000 2.0000
v -2.0000 -7.0000 1.0000
v -3.0000 -7.0000 1.0000
v -3.0000 -8.0000 2.0000
v -3.0000 -8.0000 1.0000
v -2.0000 -8.0000 1.0000
v -2.0000 -8.0000 2.0000
v -3.0000 -2.0000 2.0000
v -3.0000 -2.0000 1.0000
v -2.0000 -2.0000 1.0000
v -2.0000 -2.0000 2.0000
v -2.0000 1.0000 1.0000
v -2.0000 2.0000 1.0000
v -2.0000 3.0000 1.0000
v -2.0000 4.0000 1.0000
v -2.0000 5.0000 1.0000
v -2.0000 5.0000 2.0000
v -2.0000 8.0000 1.0000
v -3.0000 -8.0000 -0.0000
v -2.0000 -8.0000 -0.0000
v -3.0000 -7.0000 -0.0000
v -3.0000 -6.0000 1.0000
v -2.0000 -6.0000 1.0000
v -2.0000 -6.0000 -0.0000
v -3.0000 -6.0000 -0.0000
v -3.0000 -2.0000 -0.0000
v -2.0000 -2.0000 -0.0000
v -3.0000 -1.0000 -0.0000
v -2.0000 -1.0000 -0.0000
v -2.0000 1.0000 -0.0000
v -2.0000 2.0000 -0.0000
v -2.0000 3.0000 -0.0000
v -2.0000 4.0000 -0.0000
v -2.0000 5.0000 -0.0000
v -2.0000 6.0000 -0.0000
v -2.0000 8.0000 -0.0000
v -3.0000 -8.0000 -1.0000
v -2.0000 -8.0000 -1.0000
v -3.0000 -7.0000 -1.0000
v -2.0000 -6.0000 -1.0000
v -3.0000 -6.0000 -1.0000
v -2.0000 -7.0000 -1.0000
v -2.0000 -1.0000 -1.0000
v -2.0000 1.0000 -1.0000
v -2.0000 3.0000 -1.0000
v -2.0000 5.0000 -1.0000
v -2.0000 6.0000 -1.0000
v -2.0000 8.0000 -1.0000
v -2.0000 -7.0000 -2.0000
v -3.0000 -7.0000 -2.0000
v -3.0000 -8.0000 -2.0000
v -2.0000 -8.0000 -2.0000
v -3.0000 -2.0000 -1.0000
v -2.0000 -2.0000 -1.0000
v -2.0000 -2.0000 -2.0000
v -3.0000 -2.0000 -2.0000
v -3.0000 -3.0000 -1.0000
v -3.0000 -3.0000 -2.0000
v -2.0000 -3.0000 -2.0000
v -2.0000 -3.0000 -1.0000
v -2.0000 -1.0000 -2.0000
v -2.0000 2.0000 -1.0000
v -2.0000 2.0000 -2.0000
v -2.0000 3.0000 -2.0000
v -2.0000 4.0000 -2.0000
v -2.0000 5.0000 -2.0000
v -2.0000 6.0000 -2.0000
v -2.0000 8.0000 -2.0000
v -2.0000 -2.0000 -3.0000
v -3.0000 -2.0000 -3.0000
v -3.0000 -3.0000 -3.0000
v -2.0000 -3.0000 -3.0000
v -2.0000 -1.0000 -3.0000
v -2.0000 0.0000 -3.0000
v -2.0000 0.0000 -2.0000
v -2.0000 1.0000 -3.0000
v -2.0000 1.0000 -2.0000
v -2.0000 2.0000 -3.0000
v -2.0000 5.0000 -3.0000
v -2.0000 4.0000 -3.0000
v -2.0000 6.0000 -3.0000
v -2.0000 8.0000 -3.0000
v -3.0000 -3.0000 -4.0000
v -2.0000 -3.0000 -4.0000
v -3.0000 -2.0000 -4.0000
v -2.0000 -2.0000 -4.0000
v -2.0000 -1.0000 -4.0000
v -2.0000 0.0000 -4.0000
v -2.0000 1.0000 -4.0000
v -2.0000 3.0000 -3.0000
v -2.0000 3.0000 -4.0000
v -2.0000 2.0000 -4.0000
v -2.0000 6.0000 -4.0000
v -2.0000 8.0000 -4.0000
v -3.0000 -1.0000 -5.0000
v -2.0000 -1.0000 -5.0000
v -3.0000 0.0000 -5.0000
v -2.0000 0.0000 -5.0000
v -2.0000 1.0000 -5.0000
v -2.0000 2.0000 -5.0000
v -2.0000 3.0000 -5.0000
v -2.0000 6.0000 -5.0000
v -2.0000 7.0000 -5.0000
v -2.0000 8.0000 -5.0000
v -3.0000 -1.0000 -6.0000
v -2.0000 -1.0000 -6.0000
v -3.0000 0.0000 -6.0000
v -2.0000 0.0000 -6.0000
v -2.0000 1.0000 -6.0000
v -2.0000 2.0000 -6.0000
v -2.0000 3.0000 -6.0000
v -3.0000 0.0000 -7.0000
v -2.0000 0.0000 -7.0000
v -3.0000 1.0000 -7.0000
v -2.0000 1.0000 -7.0000
v -2.0000 2.0000 -7.0000
v -3.0000 2.0000 -7.0000
v -3.0000 1.0000 -8.0000
v -2.0000 1.0000 -8.0000
v -3.0000 2.0000 -8.0000
v -2.0000 2.0000 -8.0000
v -3.0000 3.0000 -7.0000
v -2.0000 3.0000 -7.0000
v -2.0000 3.0000 -8.0000
v -3.0000 3.0000 -8.0000
v -2.0000 6.0000 -7.0000
v -2.0000 6.0000 -8.0000
v -2.0000 5.0000 -8.0000
v -2.0000 5.0000 -7.0000
v -1.0000 3.0000 6.0000
v -1.0000 3.0000 5.0000
v -1.0000 2.0000 5.0000
v -1.0000 2.0000 6.0000
v -1.0000 4.0000 5.0000
v -1.0000 4.0000 6.0000
v -1.0000 5.0000 6.0000
v -1.0000 5.0000 5.0000
v -1.0000 6.0000 6.0000
v -1.0000 7.0000 6.0000
v -1.0000 8.0000 6.0000
v -1.0000 8.0000 5.0000
v -1.0000 3.0000 4.0000
v -1.0000 2.0000 4.0000
v -1.0000 5.0000 4.0000
v -1.0000 6.0000 4.0000
v -1.0000 7.0000 4.0000
v -1.0000 8.0000 4.0000
v -1.0000 8.0000 3.0000
v -1.0000 7.0000 3.0000
v -2.0000 -7.0000 3.0000
v -1.0000 -7.0000 3.0000
v -1.0000 -7.0000 2.0000
v -2.0000 -8.0000 3.0000
v -1.0000 -8.0000 2.0000
v -1.0000 -8.0000 3.0000
v -2.0000 -2.0000 3.0000
v -1.0000 -2.0000 2.0000
v -1.0000 -2.0000 3.0000
v -1.0000 -1.0000 3.0000
v -1.0000 0.0000 3.0000
v -1.0000 1.0000 3.0000
v -1.0000 1.0000 2.0000
v -1.0000 6.0000 3.0000
v -1.0000 6.0000 2.0000
v -2.0000 5.0000 3.0000
v -1.0000 5.0000 2.0000
v -1.0000 5.0000 3.0000
v -1.0000 8.0000 2.0000
v -1.0000 7.0000 2.0000
v -1.0000 -8.0000 1.0000
v -2.0000 -6.0000 2.0000
v -1.0000 -6.0000 2.0000
v -1.0000 -6.0000 1.0000
v -1.0000 -2.0000 1.0000
v -1.0000 1.0000 1.0000
v -1.0000 3.0000 1.0000
v -1.0000 3.0000 2.0000
v -1.0000 4.0000 2.0000
v -1.0000 8.0000 1.0000
v -1.0000 -8.0000 -0.0000
v -1.0000 -5.0000 1.0000
v -2.0000 -5.0000 1.0000
v -2.0000 -5.0000 -0.0000
v -1.0000 -4.0000 1.0000
v -2.0000 -4.0000 1.0000
v -2.0000 -4.0000 -0.0000
v -1.0000 -3.0000 1.0000
v -2.0000 -3.0000 1.0000
v -2.0000 -3.0000 -0.0000
v -1.0000 2.0000 1.0000
v -1.0000 8.0000 -0.0000
v -1.0000 -8.0000 -1.0000
v -2.0000 -5.0000 -1.0000
v -1.0000 -5.0000 -1.0000
v -1.0000 -6.0000 -1.0000
v -2.0000 -4.0000 -1.0000
v -1.0000 -4.0000 -1.0000
v -1.0000 -3.0000 -1.0000
v -1.0000 8.0000 -1.0000
v -1.0000 -8.0000 -2.0000
v -1.0000 -6.0000 -2.0000
v -2.0000 -6.0000 -2.0000
v -1.0000 -7.0000 -2.0000
v -1.0000 -3.0000 -2.0000
v -1.0000 -1.0000 -2.0000
v -1.0000 -2.0000 -2.0000
v -1.0000 0.0000 -2.0000
v -1.0000 1.0000 -2.0000
v -1.0000 3.0000 -2.0000
v -1.0000 2.0000 -2.0000
v -1.0000 8.0000 -2.0000
v -1.0000 -7.0000 -3.0000
v -2.0000 -7.0000 -3.0000
v -2.0000 -8.0000 -3.0000
v -1.0000 -8.0000 -3.0000
v -1.0000 -2.0000 -3.0000
v -1.0000 -3.0000 -3.0000
v -1.0000 2.0000 -3.0000
v -1.0000 1.0000 -3.0000
v -1.0000 3.0000 -3.0000
v -1.0000 8.0000 -3.0000
v -1.0000 -3.0000 -4.0000
v -1.0000 -1.0000 -3.0000
v -1.0000 -1.0000 -4.0000
v -1.0000 2.0000 -4.0000
v -1.0000 1.0000 -4.0000
v -1.0000 3.0000 -4.0000
v -2.0000 4.0000 -4.0000
v -2.0000 5.0000 -4.0000
v -1.0000 8.0000 -4.0000
v -2.0000 -3.0000 -5.0000
v -1.0000 -3.0000 -5.0000
v -2.0000 -2.0000 -5.0000
v -1.0000 -2.0000 -5.0000
v -1.0000 -1.0000 -5.0000
v -1.0000 0.0000 -4.0000
v -1.0000 0.0000 -5.0000
v -1.0000 2.0000 -5.0000
v -1.0000 3.0000 -5.0000
v -2.0000 4.0000 -5.0000
v -2.0000 5.0000 -5.0000
v -1.0000 8.0000 -5.0000
v -1.0000 -1.0000 -6.0000
v -1.0000 1.0000 -5.0000
v -1.0000 1.0000 -6.0000
v -1.0000 3.0000 -6.0000
v -2.0000 4.0000 -6.0000
v -2.0000 5.0000 -6.0000
v -2.0000 6.0000 -6.0000
v -1.0000 6.0000 -6.0000
v -1.0000 5.0000 -6.0000
v -2.0000 7.0000 -6.0000
v -1.0000 7.0000 -6.0000
v -1.0000 8.0000 -6.0000
v -2.0000 8.0000 -6.0000
v -2.0000 -1.0000 -7.0000
v -1.0000 -1.0000 -7.0000
v -1.0000 0.0000 -7.0000
v -1.0000 1.0000 -7.0000
v -1.0000 2.0000 -6.0000
v -1.0000 2.0000 -7.0000
v -1.0000 3.0000 -7.0000
v -2.0000 4.0000 -7.0000
v -1.0000 5.0000 -7.0000
v -1.0000 1.0000 -8.0000
v -1.0000 2.0000 -8.0000
v -1.0000 3.0000 -8.0000
v -2.0000 4.0000 -8.0000
v -1.0000 4.0000 -8.0000
v -1.0000 5.0000 -8.0000
v -1.0000 6.0000 -7.0000
v -1.0000 6.0000 -8.0000
v -2.0000 7.0000 -7.0000
v -1.0000 7.0000 -7.0000
v -1.0000 7.0000 -8.0000
v -2.0000 7.0000 -8.0000
v -1.0000 5.0000 8.0000
v -1.0000 5.0000 7.0000
v 0.0000 5.0000 7.0000
v 0.0000 5.0000 8.0000
v 0.0000 6.0000 8.0000
v -1.0000 6.0000 8.0000
v -1.0000 6.0000 7.0000
v -1.0000 7.0000 8.0000
v 0.0000 7.0000 8.0000
v 0.0000 7.0000 7.0000
v -1.0000 7.0000 7.0000
v 0.0000 6.0000 7.0000
v -1.0000 1.0000 7.0000
v -1.0000 1.0000 6.0000
v 0.0000 1.0000 6.0000
v 0.0000 1.0000 7.0000
v 0.0000 2.0000 7.0000
v -1.0000 2.0000 7.0000
v 0.0000 3.0000 7.0000
v -1.0000 3.0000 7.0000
v 0.0000 4.0000 7.0000
v -1.0000 4.0000 7.0000
v 0.0000 6.0000 6.0000
v -1.0000 8.0000 7.0000
v 0.0000 8.0000 7.0000
v 0.0000 8.0000 6.0000
v 0.0000 7.0000 6.0000
v -1.0000 1.0000 5.0000
v 0.0000 1.0000 5.0000
v 0.0000 5.0000 6.0000
v 0.0000 5.0000 5.0000
v 0.0000 6.0000 5.0000
v 0.0000 7.0000 5.0000
v 0.0000 8.0000 5.0000
v -1.0000 1.0000 4.0000
v 0.0000 1.0000 4.0000
v 0.0000 3.0000 4.0000
v 0.0000 2.0000 4.0000
v -1.0000 4.0000 4.0000
v 0.0000 4.0000 4.0000
v 0.0000 5.0000 4.0000
v 0.0000 6.0000 4.0000
v 0.0000 8.0000 4.0000
v 0.0000 7.0000 4.0000
v -1.0000 -2.0000 4.0000
v 0.0000 -2.0000 3.0000
v 0.0000 -2.0000 4.0000
v 0.0000 -1.0000 4.0000
v -1.0000 -1.0000 4.0000
v -1.0000 0.0000 4.0000
v 0.0000 0.0000 4.0000
v 0.0000 0.0000 3.0000
v 0.0000 2.0000 3.0000
v -1.0000 2.0000 3.0000
v 0.0000 1.0000 3.0000
v 0.0000 5.0000 3.0000
v 0.0000 7.0000 3.0000
v 0.0000 6.0000 3.0000
v 0.0000 -8.0000 2.0000
v 0.0000 -8.0000 3.0000
v 0.0000 -7.0000 3.0000
v -1.0000 -6.0000 3.0000
v 0.0000 -6.0000 3.0000
v 0.0000 -6.0000 2.0000
v 0.0000 -2.0000 2.0000
v 0.0000 2.0000 2.0000
v -1.0000 2.0000 2.0000
v -1.0000 4.0000 3.0000
v 0.0000 4.0000 2.0000
v 0.0000 4.0000 3.0000
v 0.0000 6.0000 2.0000
v 0.0000 -8.0000 1.0000
v 0.0000 -5.0000 2.0000
v -1.0000 -5.0000 2.0000
v 0.0000 -4.0000 2.0000
v -1.0000 -4.0000 2.0000
v 0.0000 -3.0000 2.0000
v -1.0000 -3.0000 2.0000
v 0.0000 3.0000 2.0000
v 0.0000 7.0000 2.0000
v 0.0000 8.0000 2.0000
v 0.0000 8.0000 1.0000
v 0.0000 -8.0000 -0.0000
v 0.0000 8.0000 -0.0000
v 0.0000 -8.0000 -1.0000
v 0.0000 8.0000 -1.0000
v 0.0000 -8.0000 -2.0000
v -1.0000 -5.0000 -2.0000
v 0.0000 -5.0000 -2.0000
v 0.0000 -6.0000 -2.0000
v -1.0000 -4.0000 -2.0000
v 0.0000 -4.0000 -2.0000
v 0.0000 -1.0000 -2.0000
v 0.0000 -2.0000 -2.0000
v 0.0000 0.0000 -2.0000
v 0.0000 3.0000 -2.0000
v 0.0000 2.0000 -2.0000
v 0.0000 8.0000 -2.0000
v 0.0000 -8.0000 -3.0000
v 0.0000 -7.0000 -3.0000
v 0.0000 -6.0000 -3.0000
v -1.0000 -6.0000 -3.0000
v -1.0000 -4.0000 -3.0000
v 0.0000 -4.0000 -3.0000
v 0.0000 -3.0000 -3.0000
v 0.0000 -3.0000 -2.0000
v 0.0000 -2.0000 -3.0000
v -1.0000 0.0000 -3.0000
v 0.0000 0.0000 -3.0000
v 0.0000 2.0000 -3.0000
v 0.0000 3.0000 -3.0000
v 0.0000 6.0000 -2.0000
v 0.0000 6.0000 -3.0000
v 0.0000 7.0000 -3.0000
v 0.0000 7.0000 -2.0000
v 0.0000 8.0000 -3.0000
v 0.0000 -3.0000 -4.0000
v 0.0000 -1.0000 -3.0000
v 0.0000 -2.0000 -4.0000
v 0.0000 -1.0000 -4.0000
v 0.0000 8.0000 -4.0000
v 0.0000 7.0000 -4.0000
v 0.0000 -3.0000 -5.0000
v 0.0000 -2.0000 -5.0000
v 0.0000 -1.0000 -5.0000
v 0.0000 5.0000 -4.0000
v 0.0000 5.0000 -5.0000
v 0.0000 6.0000 -5.0000
v 0.0000 6.0000 -4.0000
v 0.0000 8.0000 -5.0000
v 0.0000 -1.0000 -6.0000
v 0.0000 3.0000 -6.0000
v 0.0000 2.0000 -6.0000
v 0.0000 5.0000 -6.0000
v 0.0000 6.0000 -6.0000
v 0.0000 7.0000 -6.0000
v 0.0000 7.0000 -5.0000
v 0.0000 8.0000 -6.0000
v 0.0000 -1.0000 -7.0000
v 0.0000 0.0000 -7.0000
v 0.0000 0.0000 -6.0000
v 0.0000 1.0000 -7.0000
v 0.0000 2.0000 -7.0000
v 0.0000 1.0000 -6.0000
v 0.0000 3.0000 -7.0000
v 0.0000 6.0000 -7.0000
v 0.0000 1.0000 -8.0000
v 0.0000 2.0000 -8.0000
v 0.0000 3.0000 -8.0000
v 0.0000 4.0000 -8.0000
v 0.0000 5.0000 -8.0000
v 0.0000 6.0000 -8.0000
v 0.0000 7.0000 -7.0000
v 0.0000 7.0000 -8.0000
v 1.0000 5.0000 7.0000
v 1.0000 5.0000 8.0000
v 1.0000 6.0000 8.0000
v 1.0000 7.0000 8.0000
v 1.0000 7.0000 7.0000
v 1.0000 6.0000 7.0000
v 1.0000 1.0000 6.0000
v 1.0000 1.0000 7.0000
v 1.0000 2.0000 7.0000
v 1.0000 3.0000 7.0000
v 1.0000 4.0000 7.0000
v 1.0000 6.0000 6.0000
v 1.0000 5.0000 6.0000
v 1.0000 8.0000 7.0000
v 1.0000 8.0000 6.0000
v 1.0000 7.0000 6.0000
v 1.0000 1.0000 5.0000
v 1.0000 5.0000 5.0000
v 1.0000 8.0000 5.0000
v 1.0000 7.0000 5.0000
v 0.0000 0.0000 5.0000
v 1.0000 0.0000 5.0000
v 1.0000 0.0000 4.0000
v 0.0000 -1.0000 5.0000
v 1.0000 -1.0000 4.0000
v 1.0000 -1.0000 5.0000
v 1.0000 1.0000 4.0000
v 1.0000 4.0000 4.0000
v 1.0000 3.0000 4.0000
v 1.0000 5.0000 4.0000
v 1.0000 6.0000 4.0000
v 1.0000 6.0000 5.0000
v 1.0000 7.0000 4.0000
v 1.0000 8.0000 4.0000
v 1.0000 -2.0000 3.0000
v 1.0000 -2.0000 4.0000
v 1.0000 -1.0000 3.0000
v 1.0000 0.0000 3.0000
v 1.0000 1.0000 3.0000
v 1.0000 3.0000 3.0000
v 0.0000 3.0000 3.0000
v 1.0000 2.0000 3.0000
v 1.0000 5.0000 3.0000
v 1.0000 6.0000 3.0000
v 1.0000 7.0000 3.0000
v 1.0000 -8.0000 2.0000
v 1.0000 -8.0000 3.0000
v 1.0000 -7.0000 3.0000
v 1.0000 -6.0000 3.0000
v 1.0000 -6.0000 2.0000
v 1.0000 -7.0000 2.0000
v 1.0000 -2.0000 2.0000
v 1.0000 -1.0000 2.0000
v 1.0000 2.0000 2.0000
v 1.0000 4.0000 2.0000
v 1.0000 4.0000 3.0000
v 1.0000 6.0000 2.0000
v 1.0000 5.0000 2.0000
v 1.0000 -8.0000 1.0000
v 1.0000 -5.0000 2.0000
v 1.0000 -6.0000 1.0000
v 1.0000 -5.0000 1.0000
v 1.0000 -4.0000 2.0000
v 1.0000 -4.0000 1.0000
v 1.0000 -3.0000 2.0000
v 1.0000 -3.0000 1.0000
v 1.0000 -2.0000 1.0000
v 1.0000 -1.0000 1.0000
v 1.0000 3.0000 2.0000
v 1.0000 7.0000 2.0000
v 1.0000 8.0000 2.0000
v 1.0000 8.0000 1.0000
v 1.0000 -8.0000 -0.0000
v 1.0000 8.0000 -0.0000
v 1.0000 -8.0000 -1.0000
v 1.0000 8.0000 -1.0000
v 1.0000 -8.0000 -2.0000
v 1.0000 -5.0000 -2.0000
v 1.0000 -6.0000 -2.0000
v 1.0000 -6.0000 -1.0000
v 1.0000 -5.0000 -1.0000
v 1.0000 -4.0000 -2.0000
v 1.0000 -4.0000 -1.0000
v 1.0000 -3.0000 -2.0000
v 1.0000 -3.0000 -1.0000
v 1.0000 -1.0000 -2.0000
v 1.0000 -2.0000 -2.0000
v 1.0000 0.0000 -2.0000
v 1.0000 3.0000 -2.0000
v 1.0000 2.0000 -2.0000
v 1.0000 2.0000 -1.0000
v 1.0000 3.0000 -1.0000
v 1.0000 7.0000 -2.0000
v 1.0000 6.0000 -2.0000
v 1.0000 8.0000 -2.0000
v 1.0000 -8.0000 -3.0000
v 1.0000 -7.0000 -3.0000
v 1.0000 -6.0000 -3.0000
v 1.0000 -7.0000 -2.0000
v 1.0000 -2.0000 -3.0000
v 1.0000 -3.0000 -3.0000
v 1.0000 0.0000 -3.0000
v 1.0000 2.0000 -3.0000
v 1.0000 3.0000 -3.0000
v 1.0000 6.0000 -3.0000
v 1.0000 -2.0000 -4.0000
v 1.0000 -3.0000 -4.0000
v 1.0000 -1.0000 -4.0000
v 1.0000 -1.0000 -3.0000
v 1.0000 6.0000 -4.0000
v 1.0000 5.0000 -4.0000
v 1.0000 7.0000 -3.0000
v 1.0000 7.0000 -4.0000
v 1.0000 -1.0000 -5.0000
v 1.0000 5.0000 -5.0000
v 1.0000 6.0000 -5.0000
v 1.0000 7.0000 -5.0000
v 1.0000 8.0000 -4.0000
v 1.0000 8.0000 -5.0000
v 1.0000 -1.0000 -6.0000
v 1.0000 0.0000 -6.0000
v 1.0000 2.0000 -6.0000
v 1.0000 1.0000 -6.0000
v 1.0000 3.0000 -6.0000
v 1.0000 5.0000 -6.0000
v 1.0000 8.0000 -6.0000
v 1.0000 7.0000 -6.0000
v 1.0000 1.0000 -7.0000
v 1.0000 0.0000 -7.0000
v 1.0000 3.0000 -7.0000
v 1.0000 6.0000 -6.0000
v 1.0000 6.0000 -7.0000
v 1.0000 5.0000 -7.0000
v 1.0000 8.0000 -7.0000
v 0.0000 8.0000 -7.0000
v 1.0000 7.0000 -7.0000
v 1.0000 1.0000 -8.0000
v 1.0000 2.0000 -7.0000
v 1.0000 2.0000 -8.0000
v 1.0000 3.0000 -8.0000
v 1.0000 4.0000 -8.0000
v 1.0000 5.0000 -8.0000
v 1.0000 6.0000 -8.0000
v 1.0000 7.0000 -8.0000
v 2.0000 5.0000 7.0000
v 2.0000 5.0000 8.0000
v 2.0000 6.0000 8.0000
v 2.0000 7.0000 8.0000
v 2.0000 7.0000 7.0000
v 2.0000 6.0000 7.0000
v 2.0000 1.0000 6.0000
v 2.0000 1.0000 7.0000
v 2.0000 2.0000 7.0000
v 2.0000 3.0000 7.0000
v 2.0000 4.0000 7.0000
v 2.0000 6.0000 6.0000
v 2.0000 5.0000 6.0000
v 2.0000 8.0000 7.0000
v 2.0000 8.0000 6.0000
v 2.0000 7.0000 6.0000
v 2.0000 1.0000 5.0000
v 2.0000 5.0000 5.0000
v 2.0000 8.0000 5.0000
v 2.0000 7.0000 5.0000
v 2.0000 1.0000 4.0000
v 2.0000 4.0000 4.0000
v 2.0000 3.0000 4.0000
v 2.0000 5.0000 4.0000
v 2.0000 8.0000 4.0000
v 2.0000 7.0000 4.0000
v 2.0000 -1.0000 3.0000
v 2.0000 -1.0000 4.0000
v 2.0000 0.0000 4.0000
v 2.0000 3.0000 3.0000
v 2.0000 6.0000 3.0000
v 2.0000 6.0000 4.0000
v 2.0000 7.0000 3.0000
v 2.0000 8.0000 3.0000
v 1.0000 8.0000 3.0000
v 2.0000 -7.0000 3.0000
v 2.0000 -7.0000 2.0000
v 2.0000 -8.0000 2.0000
v 2.0000 -8.0000 3.0000
v 2.0000 -1.0000 2.0000
v 2.0000 3.0000 2.0000
v 2.0000 5.0000 3.0000
v 2.0000 5.0000 2.0000
v 2.0000 4.0000 2.0000
v 2.0000 4.0000 3.0000
v 2.0000 8.0000 2.0000
v 2.0000 7.0000 2.0000
v 2.0000 -8.0000 1.0000
v 2.0000 -6.0000 2.0000
v 2.0000 -6.0000 1.0000
v 2.0000 -7.0000 1.0000
v 2.0000 -1.0000 1.0000
v 2.0000 6.0000 2.0000
v 2.0000 8.0000 1.0000
v 2.0000 -8.0000 -0.0000
v 2.0000 -5.0000 1.0000
v 2.0000 -6.0000 -0.0000
v 2.0000 -5.0000 -0.0000
v 2.0000 -4.0000 1.0000
v 2.0000 -4.0000 -0.0000
v 2.0000 -3.0000 1.0000
v 2.0000 -3.0000 -0.0000
v 2.0000 -2.0000 1.0000
v 2.0000 -2.0000 -0.0000
v 2.0000 -1.0000 -0.0000
v 2.0000 8.0000 -0.0000
v 2.0000 -8.0000 -1.0000
v 2.0000 -5.0000 -1.0000
v 2.0000 -6.0000 -1.0000
v 2.0000 -4.0000 -1.0000
v 2.0000 -3.0000 -1.0000
v 2.0000 -2.0000 -1.0000
v 2.0000 0.0000 -0.0000
v 2.0000 0.0000 -1.0000
v 2.0000 1.0000 -1.0000
v 2.0000 1.0000 -0.0000
v 2.0000 2.0000 -1.0000
v 2.0000 2.0000 -0.0000
v 2.0000 3.0000 -1.0000
v 2.0000 6.0000 -0.0000
v 2.0000 6.0000 -1.0000
v 2.0000 7.0000 -1.0000
v 2.0000 7.0000 -0.0000
v 2.0000 8.0000 -1.0000
v 2.0000 -8.0000 -2.0000
v 2.0000 -6.0000 -2.0000
v 2.0000 -7.0000 -2.0000
v 2.0000 -7.0000 -1.0000
v 2.0000 -3.0000 -2.0000
v 2.0000 -2.0000 -2.0000
v 2.0000 -1.0000 -2.0000
v 2.0000 2.0000 -2.0000
v 2.0000 1.0000 -2.0000
v 2.0000 3.0000 -2.0000
v 2.0000 7.0000 -2.0000
v 2.0000 6.0000 -2.0000
v 2.0000 8.0000 -2.0000
v 2.0000 -7.0000 -3.0000
v 2.0000 -8.0000 -3.0000
v 2.0000 -1.0000 -3.0000
v 2.0000 2.0000 -3.0000
v 2.0000 1.0000 -3.0000
v 2.0000 3.0000 -3.0000
v 2.0000 6.0000 -3.0000
v 2.0000 8.0000 -3.0000
v 1.0000 8.0000 -3.0000
v 2.0000 7.0000 -3.0000
v 2.0000 -1.0000 -4.0000
v 2.0000 6.0000 -4.0000
v 2.0000 5.0000 -4.0000
v 2.0000 5.0000 -3.0000
v 2.0000 8.0000 -4.0000
v 2.0000 -1.0000 -5.0000
v 2.0000 5.0000 -5.0000
v 2.0000 6.0000 -5.0000
v 2.0000 7.0000 -5.0000
v 2.0000 8.0000 -5.0000
v 2.0000 -1.0000 -6.0000
v 2.0000 0.0000 -6.0000
v 2.0000 1.0000 -6.0000
v 2.0000 2.0000 -6.0000
v 2.0000 3.0000 -6.0000
v 2.0000 5.0000 -6.0000
v 2.0000 8.0000 -6.0000
v 2.0000 7.0000 -6.0000
v 2.0000 3.0000 -7.0000
v 2.0000 5.0000 -7.0000
v 2.0000 8.0000 -7.0000
v 2.0000 7.0000 -7.0000
v 2.0000 3.0000 -8.0000
v 2.0000 4.0000 -8.0000
v 2.0000 5.0000 -8.0000
v 2.0000 6.0000 -7.0000
v 2.0000 6.0000 -8.0000
v 2.0000 7.0000 -8.0000
v 3.0000 5.0000 7.0000
v 3.0000 5.0000 8.0000
v 3.0000 6.0000 8.0000
v 3.0000 6.0000 7.0000
v 3.0000 7.0000 8.0000
v 3.0000 7.0000 7.0000
v 3.0000 1.0000 6.0000
v 3.0000 1.0000 7.0000
v 3.0000 2.0000 7.0000
v 3.0000 2.0000 6.0000
v 3.0000 3.0000 7.0000
v 3.0000 3.0000 6.0000
v 3.0000 4.0000 7.0000
v 3.0000 4.0000 6.0000
v 3.0000 5.0000 6.0000
v 3.0000 6.0000 6.0000
v 3.0000 1.0000 5.0000
v 3.0000 2.0000 5.0000
v 3.0000 3.0000 5.0000
v 3.0000 4.0000 5.0000
v 3.0000 5.0000 5.0000
v 3.0000 6.0000 5.0000
v 2.0000 6.0000 5.0000
v 3.0000 7.0000 6.0000
v 3.0000 7.0000 5.0000
v 3.0000 8.0000 6.0000
v 3.0000 8.0000 5.0000
v 3.0000 1.0000 4.0000
v 3.0000 2.0000 4.0000
v 3.0000 3.0000 4.0000
v 3.0000 4.0000 4.0000
v 3.0000 6.0000 4.0000
v 3.0000 5.0000 4.0000
v 3.0000 -1.0000 3.0000
v 3.0000 -1.0000 4.0000
v 3.0000 0.0000 4.0000
v 3.0000 0.0000 3.0000
v 3.0000 3.0000 3.0000
v 3.0000 4.0000 3.0000
v 3.0000 5.0000 3.0000
v 3.0000 6.0000 3.0000
v 3.0000 7.0000 4.0000
v 3.0000 7.0000 3.0000
v 3.0000 -1.0000 2.0000
v 3.0000 0.0000 2.0000
v 3.0000 3.0000 2.0000
v 3.0000 4.0000 2.0000
v 3.0000 6.0000 2.0000
v 3.0000 5.0000 2.0000
v 3.0000 -7.0000 2.0000
v 3.0000 -7.0000 1.0000
v 3.0000 -8.0000 1.0000
v 3.0000 -8.0000 2.0000
v 3.0000 -1.0000 1.0000
v 3.0000 3.0000 1.0000
v 3.0000 4.0000 1.0000
v 3.0000 5.0000 1.0000
v 3.0000 6.0000 1.0000
v 3.0000 7.0000 2.0000
v 3.0000 7.0000 1.0000
v 3.0000 8.0000 2.0000
v 3.0000 8.0000 1.0000
v 3.0000 -8.0000 -0.0000
v 3.0000 -7.0000 -0.0000
v 3.0000 -6.0000 1.0000
v 3.0000 -6.0000 -0.0000
v 3.0000 -1.0000 -0.0000
v 3.0000 1.0000 -0.0000
v 3.0000 0.0000 -0.0000
v 3.0000 2.0000 -0.0000
v 3.0000 5.0000 -0.0000
v 3.0000 6.0000 -0.0000
v 3.0000 7.0000 -0.0000
v 3.0000 8.0000 -0.0000
v 3.0000 -8.0000 -1.0000
v 3.0000 -7.0000 -1.0000
v 3.0000 -6.0000 -1.0000
v 3.0000 -2.0000 -1.0000
v 3.0000 -2.0000 -0.0000
v 3.0000 -1.0000 -1.0000
v 3.0000 0.0000 -1.0000
v 3.0000 2.0000 -1.0000
v 3.0000 3.0000 -1.0000
v 3.0000 3.0000 -0.0000
v 3.0000 6.0000 -1.0000
v 3.0000 5.0000 -1.0000
v 3.0000 -7.0000 -2.0000
v 3.0000 -8.0000 -2.0000
v 3.0000 -2.0000 -2.0000
v 3.0000 -1.0000 -2.0000
v 3.0000 1.0000 -1.0000
v 3.0000 1.0000 -2.0000
v 3.0000 3.0000 -2.0000
v 3.0000 5.0000 -2.0000
v 3.0000 6.0000 -2.0000
v 3.0000 7.0000 -1.0000
v 3.0000 8.0000 -1.0000
v 3.0000 8.0000 -2.0000
v 3.0000 -1.0000 -3.0000
v 3.0000 1.0000 -3.0000
v 3.0000 3.0000 -3.0000
v 3.0000 6.0000 -3.0000
v 3.0000 5.0000 -3.0000
v 3.0000 8.0000 -3.0000
v 3.0000 -1.0000 -4.0000
v 3.0000 2.0000 -3.0000
v 3.0000 5.0000 -4.0000
v 3.0000 6.0000 -4.0000
v 3.0000 8.0000 -4.0000
v 3.0000 -1.0000 -5.0000
v 3.0000 5.0000 -5.0000
v 3.0000 6.0000 -5.0000
v 3.0000 7.0000 -5.0000
v 3.0000 8.0000 -5.0000
v 3.0000 -1.0000 -6.0000
v 3.0000 0.0000 -6.0000
v 3.0000 1.0000 -6.0000
v 3.0000 2.0000 -6.0000
v 3.0000 3.0000 -6.0000
v 3.0000 5.0000 -6.0000
v 3.0000 8.0000 -6.0000
v 3.0000 7.0000 -6.0000
v 3.0000 3.0000 -7.0000
v 3.0000 5.0000 -7.0000
v 3.0000 3.0000 -8.0000
v 3.0000 4.0000 -8.0000
v 3.0000 5.0000 -8.0000
v 4.0000 5.0000 6.0000
v 4.0000 5.0000 5.0000
v 4.0000 4.0000 5.0000
v 4.0000 4.0000 6.0000
v 4.0000 8.0000 6.0000
v 4.0000 8.0000 5.0000
v 4.0000 7.0000 5.0000
v 4.0000 7.0000 6.0000
v 4.0000 3.0000 5.0000
v 4.0000 3.0000 4.0000
v 4.0000 2.0000 4.0000
v 4.0000 2.0000 5.0000
v 4.0000 5.0000 4.0000
v 4.0000 4.0000 4.0000
v 4.0000 8.0000 4.0000
v 3.0000 8.0000 4.0000
v 4.0000 7.0000 4.0000
v 4.0000 0.0000 3.0000
v 4.0000 0.0000 4.0000
v 4.0000 1.0000 4.0000
v 4.0000 1.0000 3.0000
v 4.0000 2.0000 3.0000
v 4.0000 3.0000 3.0000
v 4.0000 5.0000 3.0000
v 4.0000 4.0000 3.0000
v 4.0000 6.0000 3.0000
v 4.0000 6.0000 4.0000
v 4.0000 7.0000 3.0000
v 4.0000 8.0000 3.0000
v 3.0000 8.0000 3.0000
v 4.0000 0.0000 2.0000
v 4.0000 1.0000 2.0000
v 4.0000 2.0000 2.0000
v 4.0000 3.0000 2.0000
v 4.0000 5.0000 2.0000
v 4.0000 4.0000 2.0000
v 4.0000 8.0000 2.0000
v 4.0000 7.0000 2.0000
v 4.0000 -1.0000 1.0000
v 4.0000 -1.0000 2.0000
v 4.0000 0.0000 1.0000
v 4.0000 1.0000 1.0000
v 4.0000 2.0000 1.0000
v 4.0000 3.0000 1.0000
v 4.0000 5.0000 1.0000
v 4.0000 4.0000 1.0000
v 4.0000 8.0000 1.0000
v 4.0000 7.0000 1.0000
v 4.0000 -1.0000 -0.0000
v 4.0000 0.0000 -0.0000
v 4.0000 1.0000 -0.0000
v 4.0000 2.0000 -0.0000
v 4.0000 3.0000 -0.0000
v 4.0000 4.0000 -0.0000
v 4.0000 5.0000 -0.0000
v 4.0000 8.0000 -0.0000
v 4.0000 7.0000 -0.0000
v 4.0000 -1.0000 -1.0000
v 4.0000 1.0000 -1.0000
v 4.0000 3.0000 -1.0000
v 4.0000 5.0000 -1.0000
v 4.0000 8.0000 -1.0000
v 4.0000 7.0000 -1.0000
v 4.0000 -1.0000 -2.0000
v 4.0000 1.0000 -2.0000
v 4.0000 3.0000 -2.0000
v 4.0000 5.0000 -2.0000
v 4.0000 6.0000 -2.0000
v 4.0000 6.0000 -1.0000
v 4.0000 8.0000 -2.0000
v 4.0000 -1.0000 -3.0000
v 4.0000 0.0000 -3.0000
v 4.0000 0.0000 -2.0000
v 4.0000 1.0000 -3.0000
v 4.0000 3.0000 -3.0000
v 4.0000 5.0000 -3.0000
v 4.0000 6.0000 -3.0000
v 4.0000 8.0000 -3.0000
v 4.0000 -1.0000 -4.0000
v 4.0000 2.0000 -3.0000
v 4.0000 5.0000 -4.0000
v 4.0000 6.0000 -4.0000
v 4.0000 8.0000 -4.0000
v 4.0000 -1.0000 -5.0000
v 4.0000 5.0000 -5.0000
v 4.0000 6.0000 -5.0000
v 4.0000 7.0000 -5.0000
v 4.0000 8.0000 -5.0000
v 4.0000 -1.0000 -6.0000
v 4.0000 0.0000 -6.0000
v 4.0000 1.0000 -6.0000
v 4.0000 3.0000 -6.0000
v 4.0000 2.0000 -6.0000
v 4.0000 6.0000 -6.0000
v 3.0000 6.0000 -6.0000
v 4.0000 2.0000 -7.0000
v 3.0000 2.0000 -7.0000
v 3.0000 1.0000 -7.0000
v 4.0000 1.0000 -7.0000
v 4.0000 3.0000 -7.0000
v 4.0000 6.0000 -7.0000
v 3.0000 6.0000 -7.0000
v 4.0000 2.0000 -8.0000
v 3.0000 2.0000 -8.0000
v 3.0000 1.0000 -8.0000
v 4.0000 1.0000 -8.0000
v 4.0000 3.0000 -8.0000
v 4.0000 4.0000 -8.0000
v 4.0000 5.0000 -8.0000
v 4.0000 6.0000 -8.0000
v 3.0000 6.0000 -8.0000
v 5.0000 5.0000 5.0000
v 5.0000 5.0000 4.0000
v 5.0000 4.0000 4.0000
v 5.0000 4.0000 5.0000
v 5.0000 3.0000 4.0000
v 5.0000 3.0000 3.0000
v 5.0000 2.0000 3.0000
v 5.0000 2.0000 4.0000
v 5.0000 7.0000 4.0000
v 5.0000 7.0000 3.0000
v 5.0000 6.0000 3.0000
v 5.0000 6.0000 4.0000
v 5.0000 5.0000 2.0000
v 5.0000 5.0000 1.0000
v 5.0000 4.0000 1.0000
v 5.0000 4.0000 2.0000
v 5.0000 8.0000 2.0000
v 5.0000 8.0000 1.0000
v 5.0000 7.0000 1.0000
v 5.0000 7.0000 2.0000
v 5.0000 2.0000 1.0000
v 5.0000 2.0000 -0.0000
v 5.0000 1.0000 -0.0000
v 5.0000 1.0000 1.0000
v 5.0000 4.0000 -0.0000
v 5.0000 5.0000 -0.0000
v 4.0000 6.0000 1.0000
v 5.0000 6.0000 1.0000
v 5.0000 6.0000 -0.0000
v 4.0000 6.0000 -0.0000
v 5.0000 8.0000 -0.0000
v 5.0000 7.0000 -0.0000
v 5.0000 -1.0000 -1.0000
v 5.0000 -1.0000 -0.0000
v 5.0000 0.0000 -0.0000
v 5.0000 0.0000 -1.0000
v 5.0000 1.0000 -1.0000
v 5.0000 2.0000 -1.0000
v 4.0000 2.0000 -1.0000
v 5.0000 3.0000 -1.0000
v 5.0000 3.0000 -0.0000
v 5.0000 6.0000 -1.0000
v 5.0000 -1.0000 -2.0000
v 5.0000 0.0000 -2.0000
v 5.0000 1.0000 -2.0000
v 5.0000 2.0000 -2.0000
v 4.0000 2.0000 -2.0000
v 5.0000 3.0000 -2.0000
v 5.0000 5.0000 -1.0000
v 5.0000 5.0000 -2.0000
v 5.0000 6.0000 -2.0000
v 5.0000 7.0000 -1.0000
v 5.0000 8.0000 -1.0000
v 5.0000 8.0000 -2.0000
v 5.0000 2.0000 -3.0000
v 5.0000 1.0000 -3.0000
v 5.0000 3.0000 -3.0000
v 5.0000 5.0000 -3.0000
v 5.0000 6.0000 -3.0000
v 5.0000 8.0000 -3.0000
v 5.0000 -1.0000 -4.0000
v 5.0000 -1.0000 -3.0000
v 5.0000 0.0000 -3.0000
v 5.0000 0.0000 -4.0000
v 5.0000 1.0000 -4.0000
v 5.0000 2.0000 -4.0000
v 5.0000 3.0000 -4.0000
v 5.0000 5.0000 -4.0000
v 5.0000 6.0000 -4.0000
v 5.0000 8.0000 -4.0000
v 5.0000 -1.0000 -5.0000
v 5.0000 0.0000 -5.0000
v 5.0000 1.0000 -5.0000
v 5.0000 2.0000 -5.0000
v 5.0000 3.0000 -5.0000
v 5.0000 5.0000 -5.0000
v 5.0000 6.0000 -5.0000
v 5.0000 7.0000 -5.0000
v 5.0000 8.0000 -5.0000
v 5.0000 -1.0000 -6.0000
v 5.0000 0.0000 -6.0000
v 5.0000 1.0000 -6.0000
v 5.0000 2.0000 -6.0000
v 5.0000 3.0000 -6.0000
v 5.0000 6.0000 -6.0000
v 5.0000 1.0000 -7.0000
v 5.0000 2.0000 -7.0000
v 5.0000 3.0000 -7.0000
v 4.0000 7.0000 -6.0000
v 5.0000 7.0000 -6.0000
v 5.0000 7.0000 -7.0000
v 4.0000 7.0000 -7.0000
v 5.0000 6.0000 -7.0000
v 5.0000 2.0000 -8.0000
v 5.0000 1.0000 -8.0000
v 5.0000 3.0000 -8.0000
v 5.0000 4.0000 -8.0000
v 5.0000 5.0000 -8.0000
v 5.0000 6.0000 -8.0000
v 5.0000 5.0000 -7.0000
v 6.0000 4.0000 5.0000
v 6.0000 4.0000 4.0000
v 5.0000 3.0000 5.0000
v 6.0000 3.0000 4.0000
v 6.0000 3.0000 5.0000
v 6.0000 2.0000 3.0000
v 6.0000 2.0000 4.0000
v 6.0000 3.0000 3.0000
v 5.0000 4.0000 3.0000
v 6.0000 4.0000 3.0000
v 6.0000 5.0000 4.0000
v 5.0000 5.0000 3.0000
v 6.0000 5.0000 3.0000
v 6.0000 6.0000 4.0000
v 6.0000 7.0000 4.0000
v 6.0000 7.0000 3.0000
v 6.0000 5.0000 2.0000
v 5.0000 6.0000 2.0000
v 6.0000 7.0000 2.0000
v 6.0000 5.0000 1.0000
v 6.0000 7.0000 1.0000
v 6.0000 2.0000 1.0000
v 6.0000 2.0000 -0.0000
v 6.0000 1.0000 -0.0000
v 6.0000 1.0000 1.0000
v 6.0000 5.0000 -0.0000
v 6.0000 7.0000 -0.0000
v 6.0000 1.0000 -1.0000
v 6.0000 3.0000 -0.0000
v 6.0000 4.0000 -0.0000
v 6.0000 6.0000 -1.0000
v 6.0000 5.0000 -1.0000
v 6.0000 6.0000 -0.0000
v 6.0000 7.0000 -1.0000
v 6.0000 1.0000 -2.0000
v 6.0000 3.0000 -2.0000
v 6.0000 2.0000 -2.0000
v 6.0000 5.0000 -2.0000
v 6.0000 6.0000 -2.0000
v 6.0000 8.0000 -1.0000
v 6.0000 8.0000 -2.0000
v 6.0000 2.0000 -3.0000
v 6.0000 1.0000 -3.0000
v 6.0000 3.0000 -3.0000
v 6.0000 5.0000 -3.0000
v 6.0000 6.0000 -3.0000
v 6.0000 8.0000 -3.0000
v 6.0000 3.0000 -4.0000
v 6.0000 5.0000 -4.0000
v 6.0000 6.0000 -4.0000
v 6.0000 8.0000 -4.0000
v 6.0000 2.0000 -4.0000
v 6.0000 2.0000 -5.0000
v 6.0000 1.0000 -5.0000
v 6.0000 1.0000 -4.0000
v 6.0000 3.0000 -5.0000
v 6.0000 5.0000 -5.0000
v 6.0000 6.0000 -5.0000
v 6.0000 7.0000 -5.0000
v 6.0000 8.0000 -5.0000
v 6.0000 2.0000 -6.0000
v 6.0000 1.0000 -6.0000
v 6.0000 3.0000 -6.0000
v 6.0000 6.0000 -6.0000
v 6.0000 5.0000 -6.0000
v 6.0000 3.0000 -7.0000
v 6.0000 6.0000 -7.0000
v 6.0000 5.0000 -7.0000
v 6.0000 3.0000 -8.0000
v 6.0000 4.0000 -8.0000
v 6.0000 5.0000 -8.0000
v 7.0000 5.0000 3.0000
v 7.0000 5.0000 4.0000
v 7.0000 6.0000 4.0000
v 7.0000 6.0000 3.0000
v 7.0000 7.0000 4.0000
v 7.0000 7.0000 3.0000
v 7.0000 3.0000 3.0000
v 7.0000 3.0000 2.0000
v 6.0000 3.0000 2.0000
v 6.0000 2.0000 2.0000
v 7.0000 2.0000 2.0000
v 7.0000 2.0000 3.0000
v 7.0000 5.0000 2.0000
v 7.0000 6.0000 2.0000
v 7.0000 7.0000 2.0000
v 7.0000 3.0000 1.0000
v 6.0000 3.0000 1.0000
v 7.0000 2.0000 1.0000
v 7.0000 5.0000 1.0000
v 7.0000 6.0000 1.0000
v 7.0000 7.0000 1.0000
v 7.0000 3.0000 -0.0000
v 7.0000 2.0000 -0.0000
v 7.0000 5.0000 -0.0000
v 7.0000 6.0000 -0.0000
v 7.0000 7.0000 -0.0000
v 6.0000 8.0000 1.0000
v 7.0000 8.0000 1.0000
v 7.0000 8.0000 -0.0000
v 6.0000 8.0000 -0.0000
v 7.0000 1.0000 -1.0000
v 7.0000 1.0000 -0.0000
v 7.0000 4.0000 -0.0000
v 7.0000 5.0000 -1.0000
v 7.0000 6.0000 -1.0000
v 7.0000 7.0000 -1.0000
v 7.0000 8.0000 -1.0000
v 7.0000 1.0000 -2.0000
v 7.0000 5.0000 -2.0000
v 7.0000 6.0000 -2.0000
v 7.0000 8.0000 -2.0000
v 7.0000 1.0000 -3.0000
v 7.0000 5.0000 -3.0000
v 7.0000 6.0000 -3.0000
v 7.0000 8.0000 -3.0000
v 7.0000 1.0000 -4.0000
v 7.0000 3.0000 -3.0000
v 7.0000 3.0000 -4.0000
v 7.0000 4.0000 -4.0000
v 7.0000 4.0000 -3.0000
v 7.0000 5.0000 -4.0000
v 7.0000 6.0000 -4.0000
v 7.0000 8.0000 -4.0000
v 7.0000 1.0000 -5.0000
v 7.0000 2.0000 -5.0000
v 7.0000 3.0000 -5.0000
v 7.0000 4.0000 -5.0000
v 7.0000 5.0000 -5.0000
v 7.0000 6.0000 -5.0000
v 7.0000 7.0000 -5.0000
v 7.0000 8.0000 -5.0000
v 7.0000 3.0000 -6.0000
v 7.0000 4.0000 -6.0000
v 7.0000 5.0000 -6.0000
v 7.0000 3.0000 -7.0000
v 7.0000 4.0000 -7.0000
v 7.0000 5.0000 -7.0000
v 7.0000 3.0000 -8.0000
v 7.0000 4.0000 -8.0000
v 7.0000 5.0000 -8.0000
v 8.0000 6.0000 1.0000
v 8.0000 6.0000 2.0000
v 8.0000 7.0000 2.0000
v 8.0000 7.0000 1.0000
v 7.0000 8.0000 2.0000
v 8.0000 8.0000 2.0000
v 8.0000 8.0000 1.0000
v 7.0000 1.0000 1.0000
v 8.0000 1.0000 -0.0000
v 8.0000 1.0000 1.0000
v 8.0000 2.0000 1.0000
v 8.0000 2.0000 -0.0000
v 8.0000 3.0000 1.0000
v 8.0000 3.0000 -0.0000
v 8.0000 4.0000 1.0000
v 7.0000 4.0000 1.0000
v 8.0000 4.0000 -0.0000
v 8.0000 5.0000 1.0000
v 8.0000 5.0000 -0.0000
v 8.0000 8.0000 -0.0000
v 8.0000 7.0000 -0.0000
v 8.0000 1.0000 -1.0000
v 8.0000 2.0000 -1.0000
v 8.0000 3.0000 -1.0000
v 8.0000 4.0000 -1.0000
v 8.0000 5.0000 -1.0000
v 8.0000 8.0000 -1.0000
v 8.0000 7.0000 -1.0000
v 8.0000 1.0000 -2.0000
v 8.0000 2.0000 -2.0000
v 8.0000 3.0000 -2.0000
v 8.0000 4.0000 -2.0000
v 8.0000 5.0000 -2.0000
v 8.0000 6.0000 -2.0000
v 8.0000 6.0000 -1.0000
v 8.0000 7.0000 -2.0000
v 8.0000 8.0000 -2.0000
v 8.0000 1.0000 -3.0000
v 8.0000 2.0000 -3.0000
v 8.0000 3.0000 -3.0000
v 8.0000 4.0000 -3.0000
v 8.0000 5.0000 -3.0000
v 8.0000 6.0000 -3.0000
v 8.0000 7.0000 -3.0000
v 8.0000 8.0000 -3.0000
v 8.0000 1.0000 -4.0000
v 8.0000 2.0000 -4.0000
v 8.0000 3.0000 -4.0000
v 8.0000 6.0000 -4.0000
v 8.0000 7.0000 -4.0000
v 8.0000 8.0000 -4.0000
v 8.0000 1.0000 -5.0000
v 8.0000 2.0000 -5.0000
v 8.0000 3.0000 -5.0000
v 8.0000 6.0000 -5.0000
v 8.0000 7.0000 -5.0000
v 8.0000 8.0000 -5.0000
vt 0.001953 0.500000
vt 0.005859 0.500000
vt 0.009766 0.500000
vt 0.013672 0.500000
vn 0.0 -1.0 0.0
vn 0.0 1.0 0.0
vn 0.0 0.0 1.0
vn 0.0 0.0 -1.0
vn -1.0 0.0 0.0
vn 1.0 0.0 0.0
usemtl mat_Sietecueros_Fabian_Andres_Cetina_Rabon_fase_3
s off
f 1/1/1 2/1/1 3/1/1 4/1/1
f 1/1/3 4/1/3 5/1/3 6/1/3
f 4/1/6 3/1/6 7/1/6 5/1/6
f 1/1/5 6/1/5 8/1/5 2/1/5
f 9/1/2 10/1/2 11/1/2 12/1/2
f 6/1/3 5/1/3 10/1/3 9/1/3
f 5/1/6 7/1/6 11/1/6 10/1/6
f 6/1/5 9/1/5 12/1/5 8/1/5
f 2/2/1 13/2/1 14/2/1 3/2/1
f 2/2/5 8/2/5 15/2/5 13/2/5
f 12/1/2 11/1/2 16/1/2 17/1/2
f 7/1/6 18/1/6 16/1/6 11/1/6
f 8/1/5 12/1/5 17/1/5 15/1/5
f 19/1/1 20/1/1 21/1/1 22/1/1
f 19/1/3 22/1/3 14/1/3 13/1/3
f 20/1/4 23/1/4 24/1/4 21/1/4
f 19/1/5 13/1/5 23/1/5 20/1/5
f 13/2/5 15/2/5 25/2/5 23/2/5
f 17/1/2 16/1/2 26/1/2 27/1/2
f 18/1/6 28/1/6 26/1/6 16/1/6
f 15/1/5 17/1/5 27/1/5 25/1/5
f 23/1/1 29/1/1 30/1/1 24/1/1
f 29/1/4 31/1/4 32/1/4 30/1/4
f 24/1/6 30/1/6 32/1/6 28/1/6
f 23/1/5 25/1/5 31/1/5 29/1/5
f 27/1/2 26/1/2 33/1/2 34/1/2
f 28/1/6 32/1/6 33/1/6 26/1/6
f 25/1/5 27/1/5 34/1/5 31/1/5
f 34/1/2 33/1/2 35/1/2 36/1/2
f 31/1/1 37/1/1 38/1/1 32/1/1
f 32/1/6 38/1/6 35/1/6 33/1/6
f 31/1/5 34/1/5 36/1/5 37/1/5
f 36/3/2 35/3/2 39/3/2 40/3/2
f 37/3/1 41/3/1 42/3/1 38/3/1
f 38/3/6 42/3/6 39/3/6 35/3/6
f 37/3/5 36/3/5 40/3/5 41/3/5
f 40/1/2 39/1/2 43/1/2 44/1/2
f 41/1/1 45/1/1 46/1/1 42/1/1
f 42/1/6 46/1/6 43/1/6 39/1/6
f 41/1/5 40/1/5 44/1/5 45/1/5
f 44/1/2 43/1/2 47/1/2 48/1/2
f 45/1/1 49/1/1 50/1/1 46/1/1
f 46/1/6 50/1/6 47/1/6 43/1/6
f 45/1/5 44/1/5 48/1/5 49/1/5
f 48/1/2 47/1/2 51/1/2 52/1/2
f 49/1/1 53/1/1 54/1/1 50/1/1
f 53/1/4 52/1/4 51/1/4 54/1/4
f 50/1/6 54/1/6 51/1/6 47/1/6
f 49/1/5 48/1/5 52/1/5 53/1/5
f 55/1/1 56/1/1 57/1/1 58/1/1
f 55/1/3 58/1/3 59/1/3 60/1/3
f 55/1/5 60/1/5 61/1/5 56/1/5
f 62/1/2 63/1/2 64/1/2 65/1/2
f 60/1/3 59/1/3 63/1/3 62/1/3
f 60/1/5 62/1/5 65/1/5 61/1/5
f 66/1/2 67/1/2 68/1/2 69/1/2
f 70/1/1 71/1/1 72/1/1 73/1/1
f 70/1/3 73/1/3 67/1/3 66/1/3
f 73/1/6 72/1/6 68/1/6 67/1/6
f 70/1/5 66/1/5 69/1/5 71/1/5
f 56/1/1 74/1/1 75/1/1 57/1/1
f 56/1/5 61/1/5 76/1/5 74/1/5
f 65/1/2 64/1/2 77/1/2 78/1/2
f 61/1/5 65/1/5 78/1/5 76/1/5
f 69/1/2 68/1/2 79/1/2 80/1/2
f 71/1/1 81/1/1 82/1/1 72/1/1
f 72/1/6 82/1/6 79/1/6 68/1/6
f 71/1/5 69/1/5 80/1/5 81/1/5
f 74/1/1 83/1/1 84/1/1 75/1/1
f 74/1/5 76/1/5 85/1/5 83/1/5
f 78/1/2 77/1/2 86/1/2 4/1/2
f 76/1/5 78/1/5 4/1/5 85/1/5
f 80/3/2 79/3/2 87/3/2 88/3/2
f 81/3/1 89/3/1 90/3/1 82/3/1
f 82/3/6 90/3/6 87/3/6 79/3/6
f 81/3/5 80/3/5 88/3/5 89/3/5
f 83/3/1 91/3/1 92/3/1 84/3/1
f 83/3/5 85/3/5 93/3/5 91/3/5
f 4/1/2 86/1/2 94/1/2 3/1/2
f 85/1/5 4/1/5 3/1/5 93/1/5
f 88/1/2 87/1/2 95/1/2 96/1/2
f 89/1/1 97/1/1 98/1/1 90/1/1
f 90/1/6 98/1/6 95/1/6 87/1/6
f 89/1/5 88/1/5 96/1/5 97/1/5
f 91/1/1 99/1/1 100/1/1 92/1/1
f 91/1/5 93/1/5 22/1/5 99/1/5
f 93/2/5 3/2/5 14/2/5 22/2/5
f 7/2/2 101/2/2 102/2/2 18/2/2
f 3/2/3 94/2/3 101/2/3 7/2/3
f 96/1/2 95/1/2 103/1/2 104/1/2
f 97/1/1 105/1/1 106/1/1 98/1/1
f 98/1/6 106/1/6 103/1/6 95/1/6
f 97/1/5 96/1/5 104/1/5 105/1/5
f 99/1/1 107/1/1 108/1/1 100/1/1
f 107/1/4 21/1/4 109/1/4 108/1/4
f 99/1/5 22/1/5 21/1/5 107/1/5
f 21/2/4 24/2/4 110/2/4 109/2/4
f 18/2/2 102/2/2 111/2/2 28/2/2
f 24/2/4 28/2/4 111/2/4 110/2/4
f 104/1/2 103/1/2 112/1/2 113/1/2
f 105/1/1 114/1/1 115/1/1 106/1/1
f 105/1/5 104/1/5 113/1/5 114/1/5
f 113/1/2 112/1/2 116/1/2 117/1/2
f 114/1/1 118/1/1 119/1/1 115/1/1
f 114/1/5 113/1/5 117/1/5 118/1/5
f 117/3/2 116/3/2 120/3/2 121/3/2
f 118/3/1 122/3/1 123/3/1 119/3/1
f 122/3/4 121/3/4 120/3/4 123/3/4
f 119/3/6 123/3/6 120/3/6 116/3/6
f 118/3/5 117/3/5 121/3/5 122/3/5
f 51/1/2 124/1/2 125/1/2 126/1/2
f 54/1/1 127/1/1 128/1/1 129/1/1
f 54/1/3 129/1/3 124/1/3 51/1/3
f 127/1/4 126/1/4 125/1/4 128/1/4
f 54/1/5 51/1/5 126/1/5 127/1/5
f 130/3/1 59/3/1 131/3/1 132/3/1
f 130/3/3 132/3/3 133/3/3 134/3/3
f 132/3/6 131/3/6 135/3/6 133/3/6
f 130/3/5 134/3/5 63/3/5 59/3/5
f 136/1/2 137/1/2 138/1/2 139/1/2
f 134/1/3 133/1/3 137/1/3 136/1/3
f 63/1/4 139/1/4 138/1/4 135/1/4
f 134/1/5 136/1/5 139/1/5 63/1/5
f 58/1/1 57/1/1 140/1/1 141/1/1
f 58/1/3 141/1/3 131/1/3 59/1/3
f 63/1/2 135/1/2 142/1/2 64/1/2
f 143/1/1 144/1/1 145/1/1 146/1/1
f 143/1/3 146/1/3 140/1/3 57/1/3
f 143/1/5 57/1/5 75/1/5 144/1/5
f 147/1/2 148/1/2 149/1/2 150/1/2
f 64/1/3 142/1/3 148/1/3 147/1/3
f 64/1/5 147/1/5 150/1/5 77/1/5
f 151/1/1 152/1/1 153/1/1 154/1/1
f 151/1/3 154/1/3 145/1/3 144/1/3
f 154/1/6 153/1/6 155/1/6 145/1/6
f 151/1/5 144/1/5 156/1/5 152/1/5
f 144/1/5 75/1/5 84/1/5 156/1/5
f 77/1/5 150/1/5 157/1/5 86/1/5
f 150/1/3 149/1/3 158/1/3 159/1/3
f 150/1/5 159/1/5 160/1/5 157/1/5
f 82/1/2 161/1/2 162/1/2 90/1/2
f 159/1/3 158/1/3 161/1/3 82/1/3
f 159/1/5 82/1/5 90/1/5 160/1/5
f 152/3/1 163/3/1 164/3/1 153/3/1
f 163/3/4 165/3/4 166/3/4 164/3/4
f 152/3/5 156/3/5 165/3/5 163/3/5
f 156/1/5 84/1/5 92/1/5 165/1/5
f 86/1/5 157/1/5 101/1/5 94/1/5
f 157/1/5 160/1/5 167/1/5 101/1/5
f 90/1/2 162/1/2 168/1/2 98/1/2
f 160/1/5 90/1/5 98/1/5 167/1/5
f 165/1/1 169/1/1 170/1/1 166/1/1
f 165/1/5 92/1/5 100/1/5 169/1/5
f 101/1/5 167/1/5 171/1/5 102/1/5
f 98/1/2 168/1/2 172/1/2 106/1/2
f 167/1/5 98/1/5 106/1/5 171/1/5
f 169/1/1 173/1/1 174/1/1 170/1/1
f 169/1/5 100/1/5 108/1/5 173/1/5
f 102/1/5 171/1/5 175/1/5 111/1/5
f 171/2/5 106/2/5 115/2/5 175/2/5
f 103/1/2 176/1/2 177/1/2 112/1/2
f 106/1/3 172/1/3 176/1/3 103/1/3
f 173/1/1 178/1/1 179/1/1 174/1/1
f 173/1/5 108/1/5 180/1/5 178/1/5
f 108/1/5 109/1/5 181/1/5 180/1/5
f 109/1/5 110/1/5 182/1/5 181/1/5
f 110/1/5 111/1/5 183/1/5 182/1/5
f 111/1/5 175/1/5 184/1/5 183/1/5
f 175/2/5 115/2/5 119/2/5 184/2/5
f 112/1/2 177/1/2 185/1/2 116/1/2
f 119/1/4 116/1/4 185/1/4 186/1/4
f 187/1/6 186/1/6 185/1/6 177/1/6
f 178/1/1 188/1/1 189/1/1 179/1/1
f 178/1/5 180/1/5 190/1/5 188/1/5
f 180/1/5 181/1/5 191/1/5 190/1/5
f 181/3/5 182/3/5 192/3/5 191/3/5
f 182/3/5 183/3/5 193/3/5 192/3/5
f 183/1/5 184/1/5 194/1/5 193/1/5
f 119/1/2 186/1/2 195/1/2 123/1/2
f 184/1/5 119/1/5 123/1/5 194/1/5
f 188/1/1 196/1/1 197/1/1 189/1/1
f 196/1/4 198/1/4 199/1/4 197/1/4
f 188/1/5 190/1/5 198/1/5 196/1/5
f 190/1/5 191/1/5 200/1/5 198/1/5
f 191/1/5 192/1/5 201/1/5 200/1/5
f 192/1/5 193/1/5 202/1/5 201/1/5
f 193/1/5 194/1/5 203/1/5 202/1/5
f 123/1/2 195/1/2 204/1/2 205/1/2
f 194/1/5 123/1/5 205/1/5 203/1/5
f 198/3/1 206/3/1 207/3/1 199/3/1
f 206/3/4 208/3/4 209/3/4 207/3/4
f 198/3/5 200/3/5 208/3/5 206/3/5
f 208/1/4 210/1/4 211/1/4 209/1/4
f 200/1/5 201/1/5 210/1/5 208/1/5
f 201/1/5 202/1/5 212/1/5 210/1/5
f 212/1/4 213/1/4 214/1/4 215/1/4
f 202/1/5 203/1/5 213/1/5 212/1/5
f 213/3/4 216/3/4 217/3/4 214/3/4
f 203/3/5 205/3/5 216/3/5 213/3/5
f 218/1/2 219/1/2 220/1/2 221/1/2
f 205/1/3 204/1/3 219/1/3 218/1/3
f 205/1/5 218/1/5 221/1/5 216/1/5
f 212/1/2 215/1/2 222/1/2 223/1/2
f 210/1/1 224/1/1 225/1/1 211/1/1
f 224/1/4 223/1/4 222/1/4 225/1/4
f 210/1/5 212/1/5 223/1/5 224/1/5
f 221/1/2 220/1/2 226/1/2 227/1/2
f 216/1/1 228/1/1 229/1/1 217/1/1
f 228/1/4 227/1/4 226/1/4 229/1/4
f 216/1/5 221/1/5 227/1/5 228/1/5
f 124/1/2 230/1/2 231/1/2 125/1/2
f 129/1/1 128/1/1 232/1/1 233/1/1
f 129/1/3 233/1/3 230/1/3 124/1/3
f 128/1/4 125/1/4 231/1/4 232/1/4
f 133/1/1 135/1/1 234/1/1 235/1/1
f 133/1/3 235/1/3 236/1/3 137/1/3
f 135/1/4 138/1/4 237/1/4 234/1/4
f 137/3/3 236/3/3 238/3/3 239/3/3
f 137/3/5 239/3/5 240/3/5 138/3/5
f 241/1/2 242/1/2 243/1/2 244/1/2
f 239/1/3 238/1/3 242/1/3 241/1/3
f 239/1/5 241/1/5 244/1/5 240/1/5
f 141/1/1 140/1/1 245/1/1 246/1/1
f 141/1/3 246/1/3 247/1/3 131/1/3
f 135/1/2 234/1/2 248/1/2 142/1/2
f 131/1/3 247/1/3 234/1/3 135/1/3
f 138/1/1 148/1/1 249/1/1 237/1/1
f 148/1/4 250/1/4 251/1/4 249/1/4
f 138/1/5 240/1/5 250/1/5 148/1/5
f 244/1/2 243/1/2 252/1/2 253/1/2
f 250/1/4 253/1/4 252/1/4 251/1/4
f 240/1/5 244/1/5 253/1/5 250/1/5
f 146/1/1 145/1/1 254/1/1 255/1/1
f 146/1/3 255/1/3 245/1/3 140/1/3
f 255/1/6 254/1/6 256/1/6 245/1/6
f 148/1/2 249/1/2 257/1/2 149/1/2
f 142/1/3 248/1/3 249/1/3 148/1/3
f 145/1/1 155/1/1 258/1/1 254/1/1
f 254/1/6 258/1/6 259/1/6 256/1/6
f 149/1/3 257/1/3 260/1/3 158/1/3
f 257/1/6 261/1/6 262/1/6 260/1/6
f 161/1/2 263/1/2 264/1/2 162/1/2
f 158/1/3 260/1/3 263/1/3 161/1/3
f 153/1/1 164/1/1 265/1/1 266/1/1
f 153/1/3 266/1/3 258/1/3 155/1/3
f 258/1/6 267/1/6 268/1/6 259/1/6
f 261/1/6 269/1/6 270/1/6 262/1/6
f 162/1/2 264/1/2 271/1/2 168/1/2
f 164/1/1 272/1/1 273/1/1 265/1/1
f 164/1/5 166/1/5 170/1/5 272/1/5
f 269/1/6 274/1/6 275/1/6 270/1/6
f 168/1/2 271/1/2 276/1/2 172/1/2
f 272/1/1 277/1/1 278/1/1 273/1/1
f 272/1/5 170/1/5 174/1/5 277/1/5
f 279/2/6 280/2/6 281/2/6 282/2/6
f 282/1/6 281/1/6 283/1/6 284/1/6
f 176/3/2 285/3/2 286/3/2 177/3/2
f 172/3/3 276/3/3 285/3/3 176/3/3
f 187/3/4 177/3/4 286/3/4 287/3/4
f 288/1/1 289/1/1 290/1/1 291/1/1
f 288/1/3 291/1/3 278/1/3 277/1/3
f 288/1/5 277/1/5 292/1/5 289/1/5
f 277/1/5 174/1/5 179/1/5 292/1/5
f 280/1/6 293/1/6 294/1/6 281/1/6
f 187/2/2 287/2/2 295/2/2 186/2/2
f 289/1/1 296/1/1 297/1/1 290/1/1
f 289/1/5 292/1/5 298/1/5 296/1/5
f 292/1/5 179/1/5 189/1/5 298/1/5
f 293/1/6 299/1/6 300/1/6 294/1/6
f 294/1/6 300/1/6 301/1/6 302/1/6
f 303/1/6 304/1/6 305/1/6 306/1/6
f 185/1/2 307/1/2 308/1/2 309/1/2
f 186/1/3 295/1/3 307/1/3 185/1/3
f 186/1/5 185/1/5 309/1/5 195/1/5
f 296/3/1 310/3/1 311/3/1 297/3/1
f 310/3/4 312/3/4 313/3/4 311/3/4
f 296/3/5 298/3/5 312/3/5 310/3/5
f 312/1/4 197/1/4 314/1/4 313/1/4
f 298/1/5 189/1/5 197/1/5 312/1/5
f 197/1/4 199/1/4 315/1/4 314/1/4
f 300/1/6 316/1/6 317/1/6 301/1/6
f 304/1/6 318/1/6 319/1/6 305/1/6
f 309/1/2 308/1/2 320/1/2 219/1/2
f 195/1/5 309/1/5 219/1/5 204/1/5
f 199/2/1 207/2/1 321/2/1 315/2/1
f 207/2/4 209/2/4 322/2/4 321/2/4
f 209/2/4 211/2/4 323/2/4 322/2/4
f 316/2/6 322/2/6 323/2/6 317/2/6
f 215/2/4 214/2/4 324/2/4 325/2/4
f 318/2/6 325/2/6 324/2/6 319/2/6
f 214/2/4 217/2/4 326/2/4 324/2/4
f 219/1/2 320/1/2 327/1/2 220/1/2
f 215/1/2 325/1/2 328/1/2 222/1/2
f 211/1/1 225/1/1 329/1/1 323/1/1
f 225/1/4 222/1/4 328/1/4 329/1/4
f 220/1/2 327/1/2 330/1/2 226/1/2
f 217/1/1 229/1/1 331/1/1 326/1/1
f 229/1/4 226/1/4 330/1/4 331/1/4
f 230/3/2 332/3/2 333/3/2 231/3/2
f 233/3/1 232/3/1 334/3/1 335/3/1
f 233/3/3 335/3/3 332/3/3 230/3/3
f 232/3/4 231/3/4 333/3/4 334/3/4
f 235/1/1 234/1/1 336/1/1 337/1/1
f 235/1/3 337/1/3 338/1/3 236/1/3
f 236/1/3 338/1/3 339/1/3 238/1/3
f 238/1/3 339/1/3 340/1/3 242/1/3
f 341/1/2 342/1/2 343/1/2 344/1/2
f 242/1/3 340/1/3 342/1/3 341/1/3
f 242/1/5 341/1/5 344/1/5 243/1/5
f 246/1/1 245/1/1 345/1/1 346/1/1
f 246/1/3 346/1/3 347/1/3 247/1/3
f 247/1/3 347/1/3 336/1/3 234/1/3
f 234/1/5 237/1/5 249/1/5 248/1/5
f 249/1/4 251/1/4 348/1/4 349/1/4
f 344/1/2 343/1/2 350/1/2 351/1/2
f 243/1/5 344/1/5 351/1/5 252/1/5
f 245/1/1 256/1/1 352/1/1 345/1/1
f 249/1/2 349/1/2 353/1/2 257/1/2
f 354/1/6 355/1/6 353/1/6 349/1/6
f 251/1/1 260/1/1 356/1/1 348/1/1
f 348/1/6 356/1/6 357/1/6 358/1/6
f 251/1/5 252/1/5 263/1/5 260/1/5
f 351/1/2 350/1/2 359/1/2 360/1/2
f 252/1/5 351/1/5 360/1/5 263/1/5
f 361/1/1 362/1/1 363/1/1 364/1/1
f 361/1/3 364/1/3 365/1/3 366/1/3
f 361/1/5 366/1/5 266/1/5 362/1/5
f 254/1/2 367/1/2 368/1/2 258/1/2
f 366/1/3 365/1/3 367/1/3 254/1/3
f 366/1/5 254/1/5 258/1/5 266/1/5
f 256/1/1 259/1/1 369/1/1 352/1/1
f 257/1/2 353/1/2 370/1/2 261/1/2
f 355/1/6 371/1/6 370/1/6 353/1/6
f 260/1/1 262/1/1 372/1/1 356/1/1
f 360/1/2 359/1/2 373/1/2 374/1/2
f 263/1/5 360/1/5 374/1/5 264/1/5
f 362/1/1 375/1/1 376/1/1 363/1/1
f 375/1/4 265/1/4 377/1/4 376/1/4
f 362/1/5 266/1/5 265/1/5 375/1/5
f 258/1/2 368/1/2 378/1/2 267/1/2
f 259/1/1 268/1/1 379/1/1 369/1/1
f 261/1/2 370/1/2 380/1/2 269/1/2
f 371/1/6 381/1/6 380/1/6 370/1/6
f 262/1/1 270/1/1 382/1/1 372/1/1
f 374/1/2 373/1/2 383/1/2 384/1/2
f 264/1/5 374/1/5 384/1/5 271/1/5
f 265/4/1 273/4/1 385/4/1 377/4/1
f 267/2/3 378/2/3 379/2/3 268/2/3
f 378/2/6 386/2/6 387/2/6 379/2/6
f 279/1/4 282/1/4 388/1/4 387/1/4
f 282/1/4 284/1/4 389/1/4 388/1/4
f 269/1/2 380/1/2 390/1/2 274/1/2
f 381/1/6 389/1/6 390/1/6 380/1/6
f 270/1/1 275/1/1 391/1/1 382/1/1
f 384/1/2 383/1/2 392/1/2 285/1/2
f 271/1/5 384/1/5 285/1/5 276/1/5
f 273/4/1 278/4/1 393/4/1 385/4/1
f 279/2/2 387/2/2 394/2/2 280/2/2
f 386/2/6 395/2/6 394/2/6 387/2/6
f 284/2/1 283/2/1 396/2/1 389/2/1
f 274/2/3 390/2/3 391/2/3 275/2/3
f 390/2/6 397/2/6 398/2/6 391/2/6
f 285/1/2 392/1/2 399/1/2 286/1/2
f 291/1/1 290/1/1 400/1/1 401/1/1
f 291/1/3 401/1/3 393/1/3 278/1/3
f 280/1/2 394/1/2 402/1/2 293/1/2
f 281/1/1 294/1/1 403/1/1 404/1/1
f 281/1/3 404/1/3 396/1/3 283/1/3
f 294/1/4 302/1/4 405/1/4 403/1/4
f 303/2/4 306/2/4 406/2/4 407/2/4
f 397/2/6 407/2/6 406/2/6 398/2/6
f 286/1/2 399/1/2 408/1/2 307/1/2
f 287/1/5 286/1/5 307/1/5 295/1/5
f 290/1/1 297/1/1 409/1/1 400/1/1
f 293/1/2 402/1/2 410/1/2 299/1/2
f 303/1/2 407/1/2 411/1/2 304/1/2
f 302/1/1 301/1/1 412/1/1 405/1/1
f 306/1/1 305/1/1 413/1/1 406/1/1
f 307/1/2 408/1/2 414/1/2 308/1/2
f 297/1/1 311/1/1 415/1/1 409/1/1
f 311/1/4 313/1/4 416/1/4 415/1/4
f 313/1/4 314/1/4 417/1/4 416/1/4
f 300/1/2 418/1/2 419/1/2 316/1/2
f 299/1/3 410/1/3 418/1/3 300/1/3
f 304/1/2 411/1/2 420/1/2 318/1/2
f 301/1/1 317/1/1 421/1/1 412/1/1
f 412/1/6 421/1/6 420/1/6 411/1/6
f 305/1/1 319/1/1 422/1/1 413/1/1
f 308/1/2 414/1/2 423/1/2 320/1/2
f 314/1/1 424/1/1 425/1/1 417/1/1
f 314/1/5 315/1/5 321/1/5 424/1/5
f 316/2/2 419/2/2 426/2/2 322/2/2
f 318/1/2 420/1/2 427/1/2 325/1/2
f 317/1/1 323/1/1 428/1/1 421/1/1
f 421/1/6 428/1/6 427/1/6 420/1/6
f 319/1/1 324/1/1 429/1/1 422/1/1
f 324/1/4 326/1/4 430/1/4 429/1/4
f 320/1/2 423/1/2 431/1/2 327/1/2
f 424/1/1 432/1/1 433/1/1 425/1/1
f 432/1/4 434/1/4 435/1/4 433/1/4
f 424/1/5 321/1/5 434/1/5 432/1/5
f 322/1/2 426/1/2 436/1/2 437/1/2
f 434/1/4 437/1/4 436/1/4 435/1/4
f 321/1/5 322/1/5 437/1/5 434/1/5
f 325/1/2 427/1/2 438/1/2 328/1/2
f 323/1/1 329/1/1 439/1/1 428/1/1
f 329/1/4 328/1/4 438/1/4 439/1/4
f 428/1/6 439/1/6 438/1/6 427/1/6
f 327/1/2 431/1/2 440/1/2 330/1/2
f 326/1/1 331/1/1 441/1/1 430/1/1
f 430/1/6 441/1/6 440/1/6 431/1/6
f 330/1/2 440/1/2 442/1/2 443/1/2
f 331/1/1 444/1/1 445/1/1 441/1/1
f 441/1/6 445/1/6 442/1/6 440/1/6
f 331/1/5 330/1/5 443/1/5 444/1/5
f 335/1/1 334/1/1 446/1/1 447/1/1
f 335/1/3 447/1/3 448/1/3 332/1/3
f 334/1/4 333/1/4 449/1/4 446/1/4
f 332/1/3 448/1/3 445/1/3 444/1/3
f 333/1/4 450/1/4 451/1/4 449/1/4
f 448/1/6 449/1/6 451/1/6 445/1/6
f 332/1/5 444/1/5 450/1/5 333/1/5
f 443/1/2 442/1/2 452/1/2 453/1/2
f 450/1/4 453/1/4 452/1/4 451/1/4
f 445/1/6 451/1/6 452/1/6 442/1/6
f 444/1/5 443/1/5 453/1/5 450/1/5
f 454/1/1 455/1/1 456/1/1 457/1/1
f 454/1/3 457/1/3 458/1/3 459/1/3
f 457/1/6 456/1/6 460/1/6 458/1/6
f 454/1/5 459/1/5 461/1/5 455/1/5
f 459/1/3 458/1/3 462/1/3 463/1/3
f 458/1/6 460/1/6 464/1/6 462/1/6
f 459/1/5 463/1/5 465/1/5 461/1/5
f 463/1/3 462/1/3 466/1/3 467/1/3
f 462/1/6 464/1/6 468/1/6 466/1/6
f 463/1/5 467/1/5 337/1/5 465/1/5
f 469/1/2 470/1/2 471/1/2 338/1/2
f 467/1/3 466/1/3 470/1/3 469/1/3
f 466/1/6 468/1/6 471/1/6 470/1/6
f 467/1/5 469/1/5 338/1/5 337/1/5
f 455/1/1 472/1/1 473/1/1 456/1/1
f 456/1/6 473/1/6 474/1/6 460/1/6
f 455/1/5 461/1/5 346/1/5 472/1/5
f 461/1/5 465/1/5 347/1/5 346/1/5
f 464/1/6 475/1/6 476/1/6 468/1/6
f 465/1/5 337/1/5 336/1/5 347/1/5
f 338/3/3 471/3/3 477/3/3 339/3/3
f 339/1/3 477/1/3 478/1/3 340/1/3
f 342/1/2 479/1/2 480/1/2 343/1/2
f 340/1/3 478/1/3 479/1/3 342/1/3
f 472/1/1 481/1/1 482/1/1 473/1/1
f 473/1/6 482/1/6 483/1/6 474/1/6
f 472/1/5 346/1/5 345/1/5 481/1/5
f 475/2/6 484/2/6 485/2/6 476/2/6
f 354/1/4 349/1/4 486/1/4 485/1/4
f 476/1/6 485/1/6 486/1/6 487/1/6
f 349/3/4 348/3/4 488/3/4 486/3/4
f 348/1/4 358/1/4 489/1/4 488/1/4
f 343/1/2 480/1/2 490/1/2 350/1/2
f 491/3/1 365/3/1 492/3/1 493/3/1
f 491/3/3 493/3/3 482/3/3 481/3/3
f 493/3/6 492/3/6 494/3/6 482/3/6
f 491/3/5 481/3/5 367/3/5 365/3/5
f 482/1/6 494/1/6 495/1/6 483/1/6
f 481/1/5 345/1/5 352/1/5 367/1/5
f 483/1/6 495/1/6 496/1/6 484/1/6
f 354/1/2 485/1/2 497/1/2 355/1/2
f 484/1/6 496/1/6 497/1/6 485/1/6
f 350/1/2 490/1/2 498/1/2 359/1/2
f 358/1/1 357/1/1 499/1/1 489/1/1
f 364/1/1 363/1/1 500/1/1 501/1/1
f 364/1/3 501/1/3 492/1/3 365/1/3
f 368/1/4 369/1/4 502/1/4 503/1/4
f 494/1/6 503/1/6 502/1/6 495/1/6
f 367/1/5 352/1/5 369/1/5 368/1/5
f 495/1/6 502/1/6 504/1/6 496/1/6
f 355/1/2 497/1/2 505/1/2 371/1/2
f 496/1/6 504/1/6 505/1/6 497/1/6
f 356/1/1 372/1/1 506/1/1 507/1/1
f 356/1/3 507/1/3 499/1/3 357/1/3
f 507/1/6 506/1/6 508/1/6 499/1/6
f 359/1/2 498/1/2 509/1/2 373/1/2
f 510/4/2 511/4/2 512/4/2 513/4/2
f 514/4/1 515/4/1 516/4/1 517/4/1
f 514/4/3 517/4/3 511/4/3 510/4/3
f 514/4/5 510/4/5 513/4/5 515/4/5
f 518/1/1 519/1/1 520/1/1 521/1/1
f 518/1/3 521/1/3 500/1/3 363/1/3
f 518/1/5 363/1/5 376/1/5 519/1/5
f 368/1/2 503/1/2 522/1/2 378/1/2
f 369/1/1 379/1/1 523/1/1 502/1/1
f 502/1/6 523/1/6 524/1/6 504/1/6
f 371/1/2 505/1/2 525/1/2 381/1/2
f 370/1/1 380/1/1 526/1/1 527/1/1
f 370/1/3 527/1/3 506/1/3 372/1/3
f 370/1/5 372/1/5 382/1/5 380/1/5
f 373/1/2 509/1/2 528/1/2 383/1/2
f 515/4/1 529/4/1 530/4/1 516/4/1
f 515/4/5 513/4/5 531/4/5 529/4/5
f 532/2/2 533/2/2 534/2/2 535/2/2
f 513/2/3 512/2/3 533/2/3 532/2/3
f 513/2/5 532/2/5 535/2/5 531/2/5
f 519/1/1 536/1/1 537/1/1 520/1/1
f 536/1/4 538/1/4 539/1/4 537/1/4
f 519/1/5 376/1/5 538/1/5 536/1/5
f 376/3/5 377/3/5 385/3/5 538/3/5
f 378/2/2 522/2/2 540/2/2 386/2/2
f 379/1/1 387/1/1 541/1/1 523/1/1
f 387/1/4 388/1/4 542/1/4 541/1/4
f 381/1/2 525/1/2 543/1/2 389/1/2
f 380/1/1 390/1/1 544/1/1 526/1/1
f 390/1/4 391/1/4 545/1/4 544/1/4
f 380/1/5 382/1/5 391/1/5 390/1/5
f 383/1/2 528/1/2 546/1/2 392/1/2
f 529/4/1 547/4/1 548/4/1 530/4/1
f 529/4/5 531/4/5 549/4/5 547/4/5
f 535/4/2 534/4/2 550/4/2 551/4/2
f 549/4/4 551/4/4 550/4/4 552/4/4
f 531/4/5 535/4/5 551/4/5 549/4/5
f 538/4/1 401/4/1 553/4/1 539/4/1
f 538/4/5 385/4/5 393/4/5 401/4/5
f 386/2/2 540/2/2 554/2/2 395/2/2
f 388/2/1 404/2/1 555/2/1 542/2/1
f 388/2/5 389/2/5 396/2/5 404/2/5
f 390/2/2 544/2/2 556/2/2 397/2/2
f 389/2/3 543/2/3 544/2/3 390/2/3
f 391/1/1 398/1/1 557/1/1 545/1/1
f 392/1/2 546/1/2 558/1/2 399/1/2
f 549/4/2 552/4/2 559/4/2 560/4/2
f 547/4/1 561/4/1 562/4/1 548/4/1
f 561/4/4 560/4/4 559/4/4 562/4/4
f 547/4/5 549/4/5 560/4/5 561/4/5
f 563/1/2 564/1/2 565/1/2 566/1/2
f 567/1/1 568/1/1 569/1/1 570/1/1
f 567/1/3 570/1/3 564/1/3 563/1/3
f 567/1/5 563/1/5 566/1/5 568/1/5
f 401/1/1 400/1/1 571/1/1 553/1/1
f 394/1/2 572/1/2 573/1/2 402/1/2
f 395/1/3 554/1/3 572/1/3 394/1/3
f 404/4/1 403/4/1 574/4/1 555/4/1
f 403/4/4 405/4/4 575/4/4 574/4/4
f 397/2/2 556/2/2 576/2/2 407/2/2
f 398/1/1 406/1/1 577/1/1 557/1/1
f 399/1/2 558/1/2 578/1/2 408/1/2
f 566/1/2 565/1/2 579/1/2 580/1/2
f 568/1/1 581/1/1 582/1/1 569/1/1
f 568/1/5 566/1/5 580/1/5 581/1/5
f 400/1/1 409/1/1 583/1/1 571/1/1
f 571/1/6 583/1/6 584/1/6 585/1/6
f 585/1/6 584/1/6 586/1/6 587/1/6
f 402/1/2 573/1/2 588/1/2 410/1/2
f 407/1/2 576/1/2 589/1/2 411/1/2
f 405/1/1 412/1/1 590/1/1 575/1/1
f 412/1/4 411/1/4 589/1/4 590/1/4
f 406/1/1 413/1/1 591/1/1 577/1/1
f 408/3/2 578/3/2 592/3/2 414/3/2
f 581/1/1 593/1/1 594/1/1 582/1/1
f 593/1/4 595/1/4 596/1/4 594/1/4
f 581/1/5 580/1/5 595/1/5 593/1/5
f 580/1/3 579/1/3 583/1/3 409/1/3
f 595/1/4 415/1/4 597/1/4 596/1/4
f 580/1/5 409/1/5 415/1/5 595/1/5
f 583/1/6 597/1/6 598/1/6 584/1/6
f 584/1/6 598/1/6 599/1/6 586/1/6
f 418/1/2 600/1/2 601/1/2 419/1/2
f 410/1/3 588/1/3 600/1/3 418/1/3
f 588/1/6 602/1/6 601/1/6 600/1/6
f 413/1/1 422/1/1 603/1/1 591/1/1
f 414/1/2 592/1/2 604/1/2 423/1/2
f 415/1/1 605/1/1 606/1/1 597/1/1
f 415/1/5 416/1/5 607/1/5 605/1/5
f 598/1/6 608/1/6 609/1/6 599/1/6
f 416/1/5 417/1/5 425/1/5 607/1/5
f 599/1/6 609/1/6 610/1/6 602/1/6
f 419/2/2 601/2/2 611/2/2 426/2/2
f 422/1/1 429/1/1 612/1/1 603/1/1
f 429/1/4 430/1/4 613/1/4 612/1/4
f 423/3/2 604/3/2 614/3/2 431/3/2
f 430/3/4 431/3/4 614/3/4 613/3/4
f 605/1/1 615/1/1 616/1/1 606/1/1
f 615/1/4 617/1/4 618/1/4 616/1/4
f 605/1/5 607/1/5 617/1/5 615/1/5
f 607/1/5 425/1/5 433/1/5 617/1/5
f 609/1/6 619/1/6 620/1/6 610/1/6
f 426/1/2 611/1/2 621/1/2 436/1/2
f 435/1/4 436/1/4 621/1/4 620/1/4
f 610/1/6 620/1/6 621/1/6 611/1/6
f 617/1/1 622/1/1 623/1/1 618/1/1
f 622/1/4 624/1/4 625/1/4 623/1/4
f 617/1/5 433/1/5 624/1/5 622/1/5
f 435/1/2 620/1/2 626/1/2 627/1/2
f 433/1/5 435/1/5 627/1/5 624/1/5
f 624/1/1 628/1/1 629/1/1 625/1/1
f 628/1/4 630/1/4 631/1/4 629/1/4
f 624/1/5 627/1/5 630/1/5 628/1/5
f 632/1/2 633/1/2 634/1/2 635/1/2
f 627/1/3 626/1/3 633/1/3 632/1/3
f 630/1/4 635/1/4 634/1/4 631/1/4
f 627/1/5 632/1/5 635/1/5 630/1/5
f 448/1/2 636/1/2 637/1/2 449/1/2
f 447/1/1 446/1/1 638/1/1 639/1/1
f 447/1/3 639/1/3 636/1/3 448/1/3
f 446/1/4 449/1/4 637/1/4 638/1/4
f 464/1/2 640/1/2 641/1/2 475/1/2
f 460/1/1 474/1/1 642/1/1 643/1/1
f 460/1/3 643/1/3 640/1/3 464/1/3
f 468/1/1 476/1/1 644/1/1 645/1/1
f 468/1/3 645/1/3 646/1/3 471/1/3
f 476/1/4 487/1/4 647/1/4 644/1/4
f 471/1/3 646/1/3 648/1/3 477/1/3
f 477/1/3 648/1/3 649/1/3 478/1/3
f 479/1/2 650/1/2 651/1/2 480/1/2
f 478/1/3 649/1/3 650/1/3 479/1/3
f 475/2/2 641/2/2 652/2/2 484/2/2
f 474/2/1 483/2/1 653/2/1 642/2/1
f 483/2/4 484/2/4 652/2/4 653/2/4
f 487/1/1 486/1/1 654/1/1 647/1/1
f 486/1/4 488/1/4 655/1/4 654/1/4
f 488/1/4 489/1/4 656/1/4 655/1/4
f 480/1/2 651/1/2 657/1/2 490/1/2
f 490/3/2 657/3/2 658/3/2 498/3/2
f 489/3/1 499/3/1 659/3/1 656/3/1
f 656/3/6 659/3/6 658/3/6 657/3/6
f 660/2/2 661/2/2 662/2/2 511/2/2
f 663/2/1 517/2/1 664/2/1 665/2/1
f 663/2/3 665/2/3 661/2/3 660/2/3
f 663/2/5 660/2/5 511/2/5 517/2/5
f 666/1/1 521/1/1 667/1/1 668/1/1
f 666/1/3 668/1/3 669/1/3 501/1/3
f 666/1/5 501/1/5 500/1/5 521/1/5
f 501/1/3 669/1/3 670/1/3 492/1/3
f 494/1/2 671/1/2 672/1/2 503/1/2
f 492/1/3 670/1/3 671/1/3 494/1/3
f 507/1/2 673/1/2 674/1/2 506/1/2
f 675/1/1 527/1/1 676/1/1 677/1/1
f 675/1/3 677/1/3 673/1/3 507/1/3
f 675/1/5 507/1/5 506/1/5 527/1/5
f 498/1/2 658/1/2 678/1/2 509/1/2
f 499/1/1 508/1/1 679/1/1 659/1/1
f 659/1/6 679/1/6 678/1/6 658/1/6
f 517/4/1 516/4/1 680/4/1 664/4/1
f 681/2/2 682/2/2 683/2/2 533/2/2
f 511/2/3 662/2/3 682/2/3 681/2/3
f 511/2/5 681/2/5 533/2/5 512/2/5
f 521/2/1 520/2/1 684/2/1 667/2/1
f 503/2/2 672/2/2 685/2/2 522/2/2
f 504/2/1 524/2/1 686/2/1 687/2/1
f 504/2/3 687/2/3 688/2/3 505/2/3
f 505/2/3 688/2/3 676/2/3 527/2/3
f 505/2/5 527/2/5 526/2/5 525/2/5
f 506/1/3 674/1/3 679/1/3 508/1/3
f 509/1/2 678/1/2 689/1/2 528/1/2
f 516/4/1 530/4/1 690/4/1 680/4/1
f 533/2/3 683/2/3 691/2/3 692/2/3
f 533/2/5 692/2/5 693/2/5 534/2/5
f 692/2/3 691/2/3 694/2/3 695/2/3
f 692/2/5 695/2/5 696/2/5 693/2/5
f 695/2/3 694/2/3 697/2/3 698/2/3
f 695/2/5 698/2/5 699/2/5 696/2/5
f 698/2/3 697/2/3 684/2/3 520/2/3
f 698/2/5 520/2/5 537/2/5 699/2/5
f 522/2/3 685/2/3 700/2/3 523/2/3
f 522/2/5 523/2/5 541/2/5 540/2/5
f 523/2/3 700/2/3 686/2/3 524/2/3
f 525/2/5 526/2/5 544/2/5 543/2/5
f 528/1/2 689/1/2 701/1/2 546/1/2
f 530/4/1 548/4/1 702/4/1 690/4/1
f 550/4/4 703/4/4 704/4/4 705/4/4
f 534/4/5 693/4/5 703/4/5 550/4/5
f 703/4/4 706/4/4 707/4/4 704/4/4
f 693/4/5 696/4/5 706/4/5 703/4/5
f 706/4/4 570/4/4 708/4/4 707/4/4
f 696/4/5 699/4/5 570/4/5 706/4/5
f 699/4/5 537/4/5 564/4/5 570/4/5
f 537/4/5 539/4/5 553/4/5 564/4/5
f 540/2/5 541/2/5 572/2/5 554/2/5
f 541/2/5 542/2/5 555/2/5 572/2/5
f 544/2/5 545/2/5 557/2/5 556/2/5
f 546/1/2 701/1/2 709/1/2 558/1/2
f 548/4/1 562/4/1 710/4/1 702/4/1
f 550/4/2 705/4/2 711/4/2 712/4/2
f 559/4/4 712/4/4 711/4/4 713/4/4
f 552/4/5 550/4/5 712/4/5 559/4/5
f 570/4/1 569/4/1 714/4/1 708/4/1
f 565/4/4 571/4/4 715/4/4 716/4/4
f 564/4/5 553/4/5 571/4/5 565/4/5
f 571/4/4 585/4/4 717/4/4 715/4/4
f 585/4/4 587/4/4 718/4/4 717/4/4
f 573/4/4 574/4/4 719/4/4 720/4/4
f 572/4/5 555/4/5 574/4/5 573/4/5
f 556/2/5 557/2/5 577/2/5 576/2/5
f 558/1/2 709/1/2 721/1/2 578/1/2
f 559/4/2 713/4/2 722/4/2 723/4/2
f 562/4/1 724/4/1 725/4/1 710/4/1
f 724/4/4 723/4/4 722/4/4 725/4/4
f 562/4/5 559/4/5 723/4/5 724/4/5
f 565/4/2 716/4/2 726/4/2 579/4/2
f 569/4/1 582/4/1 727/4/1 714/4/1
f 573/1/2 720/1/2 728/1/2 588/1/2
f 587/1/1 586/1/1 729/1/1 718/1/1
f 574/1/1 600/1/1 730/1/1 719/1/1
f 574/1/5 575/1/5 590/1/5 600/1/5
f 576/1/5 577/1/5 591/1/5 589/1/5
f 578/1/2 721/1/2 731/1/2 592/1/2
f 582/4/1 594/4/1 732/4/1 727/4/1
f 583/2/2 733/2/2 734/2/2 597/2/2
f 579/2/3 726/2/3 733/2/3 583/2/3
f 588/1/2 728/1/2 735/1/2 602/1/2
f 586/1/1 599/1/1 736/1/1 729/1/1
f 599/1/4 602/1/4 735/1/4 736/1/4
f 600/1/1 601/1/1 737/1/1 730/1/1
f 600/1/5 590/1/5 738/1/5 601/1/5
f 590/1/5 589/1/5 739/1/5 738/1/5
f 589/1/5 591/1/5 603/1/5 739/1/5
f 592/1/2 731/1/2 740/1/2 604/1/2
f 594/1/1 741/1/1 742/1/1 732/1/1
f 741/1/4 743/1/4 744/1/4 742/1/4
f 594/1/5 596/1/5 743/1/5 741/1/5
f 743/2/4 606/2/4 745/2/4 744/2/4
f 596/2/5 597/2/5 606/2/5 743/2/5
f 598/2/2 746/2/2 747/2/2 608/2/2
f 597/2/3 734/2/3 746/2/3 598/2/3
f 602/2/1 610/2/1 748/2/1 735/2/1
f 602/2/3 735/2/3 737/2/3 601/2/3
f 610/2/4 611/2/4 749/2/4 748/2/4
f 601/1/5 738/1/5 750/1/5 611/1/5
f 738/1/5 739/1/5 751/1/5 750/1/5
f 739/1/5 603/1/5 612/1/5 751/1/5
f 604/1/2 740/1/2 752/1/2 614/1/2
f 606/4/1 616/4/1 753/4/1 745/4/1
f 609/2/2 754/2/2 755/2/2 619/2/2
f 608/2/3 747/2/3 754/2/3 609/2/3
f 611/1/1 621/1/1 756/1/1 749/1/1
f 611/1/5 750/1/5 757/1/5 621/1/5
f 750/1/5 751/1/5 758/1/5 757/1/5
f 758/1/4 759/1/4 760/1/4 761/1/4
f 751/1/5 612/1/5 759/1/5 758/1/5
f 759/1/4 762/1/4 763/1/4 760/1/4
f 612/1/5 613/1/5 762/1/5 759/1/5
f 614/1/2 752/1/2 764/1/2 765/1/2
f 762/1/4 765/1/4 764/1/4 763/1/4
f 613/1/5 614/1/5 765/1/5 762/1/5
f 616/1/1 766/1/1 767/1/1 753/1/1
f 766/1/4 623/1/4 768/1/4 767/1/4
f 616/1/5 618/1/5 623/1/5 766/1/5
f 623/3/4 625/3/4 769/3/4 768/3/4
f 620/2/2 770/2/2 771/2/2 626/2/2
f 619/2/3 755/2/3 770/2/3 620/2/3
f 621/1/1 633/1/1 772/1/1 756/1/1
f 621/1/5 757/1/5 773/1/5 633/1/5
f 758/1/2 761/1/2 774/1/2 639/1/2
f 757/1/5 758/1/5 639/1/5 773/1/5
f 625/2/1 629/2/1 775/2/1 769/2/1
f 629/2/4 631/2/4 776/2/4 775/2/4
f 626/1/3 771/1/3 772/1/3 633/1/3
f 631/1/4 634/1/4 777/1/4 776/1/4
f 634/1/4 778/1/4 779/1/4 777/1/4
f 633/1/5 773/1/5 778/1/5 634/1/5
f 778/1/4 638/1/4 780/1/4 779/1/4
f 773/1/5 639/1/5 638/1/5 778/1/5
f 639/3/3 774/3/3 781/3/3 636/3/3
f 638/3/4 637/3/4 782/3/4 780/3/4
f 783/1/2 784/1/2 785/1/2 786/1/2
f 636/1/3 781/1/3 784/1/3 783/1/3
f 637/1/4 786/1/4 785/1/4 782/1/4
f 636/1/5 783/1/5 786/1/5 637/1/5
f 787/1/1 788/1/1 789/1/1 790/1/1
f 787/1/3 790/1/3 791/1/3 792/1/3
f 787/1/5 792/1/5 793/1/5 788/1/5
f 794/1/2 795/1/2 796/1/2 797/1/2
f 792/1/3 791/1/3 795/1/3 794/1/3
f 793/1/4 797/1/4 796/1/4 798/1/4
f 792/1/5 794/1/5 797/1/5 793/1/5
f 799/1/1 800/1/1 801/1/1 802/1/1
f 799/1/3 802/1/3 803/1/3 804/1/3
f 799/1/5 804/1/5 643/1/5 800/1/5
f 804/1/3 803/1/3 805/1/3 806/1/3
f 804/1/5 806/1/5 640/1/5 643/1/5
f 806/3/3 805/3/3 807/3/3 808/3/3
f 806/3/5 808/3/5 645/3/5 640/3/5
f 808/1/3 807/1/3 789/1/3 788/1/3
f 808/1/5 788/1/5 646/1/5 645/1/5
f 793/1/2 798/1/2 809/1/2 648/1/2
f 788/1/5 793/1/5 648/1/5 646/1/5
f 810/1/2 811/1/2 812/1/2 650/1/2
f 797/1/1 649/1/1 813/1/1 796/1/1
f 797/1/3 796/1/3 811/1/3 810/1/3
f 797/1/5 810/1/5 650/1/5 649/1/5
f 800/1/1 814/1/1 815/1/1 801/1/1
f 800/1/5 643/1/5 642/1/5 814/1/5
f 640/1/5 645/1/5 644/1/5 641/1/5
f 816/1/6 817/1/6 818/1/6 809/1/6
f 648/1/3 809/1/3 813/1/3 649/1/3
f 809/1/6 818/1/6 819/1/6 813/1/6
f 650/1/2 812/1/2 820/1/2 651/1/2
f 814/1/1 821/1/1 822/1/1 815/1/1
f 814/1/5 642/1/5 653/1/5 821/1/5
f 653/2/4 652/2/4 823/2/4 824/2/4
f 652/1/4 825/1/4 826/1/4 823/1/4
f 641/1/5 644/1/5 825/1/5 652/1/5
f 825/1/4 654/1/4 827/1/4 826/1/4
f 644/1/5 647/1/5 654/1/5 825/1/5
f 817/1/6 827/1/6 828/1/6 818/1/6
f 651/1/2 820/1/2 829/1/2 657/1/2
f 656/1/4 657/1/4 829/1/4 830/1/4
f 831/1/1 668/1/1 832/1/1 833/1/1
f 831/1/3 833/1/3 834/1/3 835/1/3
f 831/1/5 835/1/5 669/1/5 668/1/5
f 836/1/2 837/1/2 838/1/2 670/1/2
f 835/1/3 834/1/3 837/1/3 836/1/3
f 835/1/5 836/1/5 670/1/5 669/1/5
f 653/1/2 824/1/2 839/1/2 840/1/2
f 821/1/1 671/1/1 841/1/1 822/1/1
f 821/1/5 653/1/5 840/1/5 671/1/5
f 654/2/1 677/2/1 842/2/1 827/2/1
f 654/2/5 655/2/5 673/2/5 677/2/5
f 656/2/2 830/2/2 843/2/2 659/2/2
f 673/2/4 659/2/4 843/2/4 844/2/4
f 655/2/5 656/2/5 659/2/5 673/2/5
f 665/2/1 664/2/1 845/2/1 846/2/1
f 665/2/3 846/2/3 847/2/3 661/2/3
f 848/2/2 849/2/2 850/2/2 682/2/2
f 661/2/3 847/2/3 849/2/3 848/2/3
f 661/2/5 848/2/5 682/2/5 662/2/5
f 668/1/1 667/1/1 851/1/1 832/1/1
f 670/1/3 838/1/3 841/1/3 671/1/3
f 840/1/2 839/1/2 852/1/2 853/1/2
f 671/1/5 840/1/5 853/1/5 672/1/5
f 854/2/1 688/2/1 855/2/1 856/2/1
f 854/2/3 856/2/3 842/2/3 677/2/3
f 854/2/5 677/2/5 676/2/5 688/2/5
f 673/2/2 844/2/2 857/2/2 674/2/2
f 664/4/1 680/4/1 858/4/1 845/4/1
f 682/2/3 850/2/3 859/2/3 860/2/3
f 682/2/5 860/2/5 691/2/5 683/2/5
f 860/2/3 859/2/3 861/2/3 862/2/3
f 860/2/5 862/2/5 694/2/5 691/2/5
f 862/2/3 861/2/3 863/2/3 864/2/3
f 862/2/5 864/2/5 697/2/5 694/2/5
f 864/2/3 863/2/3 851/2/3 667/2/3
f 864/2/5 667/2/5 684/2/5 697/2/5
f 672/2/5 853/2/5 700/2/5 685/2/5
f 853/2/3 852/2/3 865/2/3 687/2/3
f 853/2/5 687/2/5 686/2/5 700/2/5
f 687/2/3 865/2/3 855/2/3 688/2/3
f 674/2/3 857/2/3 866/2/3 679/2/3
f 678/1/2 867/1/2 868/1/2 689/1/2
f 679/1/3 866/1/3 867/1/3 678/1/3
f 680/4/1 690/4/1 869/4/1 858/4/1
f 689/3/2 868/3/2 870/3/2 701/3/2
f 690/4/1 702/4/1 871/4/1 869/4/1
f 701/1/2 870/1/2 872/1/2 709/1/2
f 702/4/1 710/4/1 873/4/1 871/4/1
f 711/4/4 874/4/4 875/4/4 876/4/4
f 705/4/5 704/4/5 874/4/5 711/4/5
f 874/4/4 877/4/4 878/4/4 875/4/4
f 704/4/5 707/4/5 877/4/5 874/4/5
f 707/4/5 708/4/5 714/4/5 877/4/5
f 716/4/4 715/4/4 879/4/4 880/4/4
f 715/4/4 717/4/4 881/4/4 879/4/4
f 720/2/4 719/2/4 882/2/4 883/2/4
f 709/1/2 872/1/2 884/1/2 721/1/2
f 710/4/1 725/4/1 885/4/1 873/4/1
f 725/4/4 722/4/4 886/4/4 885/4/4
f 711/4/2 876/4/2 887/4/2 888/4/2
f 722/4/4 888/4/4 887/4/4 886/4/4
f 713/4/5 711/4/5 888/4/5 722/4/5
f 877/4/1 889/4/1 890/4/1 878/4/1
f 889/4/4 727/4/4 891/4/4 890/4/4
f 878/4/6 890/4/6 891/4/6 892/4/6
f 877/4/5 714/4/5 727/4/5 889/4/5
f 716/4/2 880/4/2 893/4/2 726/4/2
f 717/4/1 894/4/1 895/4/1 881/4/1
f 717/4/5 718/4/5 729/4/5 894/4/5
f 720/2/2 883/2/2 896/2/2 728/2/2
f 719/1/1 730/1/1 897/1/1 882/1/1
f 898/1/6 899/1/6 900/1/6 901/1/6
f 721/1/2 884/1/2 902/1/2 731/1/2
f 901/1/6 900/1/6 902/1/6 884/1/6
f 727/4/1 732/4/1 903/4/1 891/4/1
f 726/2/3 893/2/3 904/2/3 733/2/3
f 893/2/6 905/2/6 906/2/6 904/2/6
f 733/1/3 904/1/3 895/1/3 894/1/3
f 733/1/5 894/1/5 746/1/5 734/1/5
f 894/1/5 729/1/5 736/1/5 746/1/5
f 728/2/3 896/2/3 897/2/3 730/2/3
f 728/2/5 730/2/5 737/2/5 735/2/5
f 731/1/2 902/1/2 907/1/2 740/1/2
f 900/1/6 908/1/6 907/1/6 902/1/6
f 732/1/1 742/1/1 909/1/1 903/1/1
f 742/1/4 744/1/4 910/1/4 909/1/4
f 903/1/6 909/1/6 910/1/6 905/1/6
f 744/2/4 745/2/4 911/2/4 910/2/4
f 905/2/6 910/2/6 911/2/6 906/2/6
f 746/1/5 736/1/5 754/1/5 747/1/5
f 736/1/5 735/1/5 748/1/5 754/1/5
f 912/1/6 913/1/6 914/1/6 915/1/6
f 740/1/2 907/1/2 916/1/2 752/1/2
f 745/4/1 753/4/1 917/4/1 911/4/1
f 754/1/5 748/1/5 770/1/5 755/1/5
f 770/1/4 756/1/4 918/1/4 919/1/4
f 748/1/5 749/1/5 756/1/5 770/1/5
f 913/1/6 920/1/6 921/1/6 914/1/6
f 760/1/4 763/1/4 922/1/4 921/1/4
f 914/1/6 921/1/6 922/1/6 923/1/6
f 752/1/2 916/1/2 924/1/2 764/1/2
f 763/1/4 764/1/4 924/1/4 922/1/4
f 753/1/1 767/1/1 925/1/1 917/1/1
f 767/1/4 768/1/4 926/1/4 925/1/4
f 917/1/6 925/1/6 926/1/6 927/1/6
f 768/3/4 769/3/4 928/3/4 926/3/4
f 770/2/2 919/2/2 929/2/2 771/2/2
f 930/2/6 928/2/6 929/2/6 919/2/6
f 756/1/1 772/1/1 931/1/1 918/1/1
f 760/2/2 921/2/2 932/2/2 781/2/2
f 761/2/5 760/2/5 781/2/5 774/2/5
f 769/2/1 775/2/1 933/2/1 928/2/1
f 775/2/4 776/2/4 934/2/4 933/2/4
f 771/1/3 929/1/3 931/1/3 772/1/3
f 776/1/4 777/1/4 935/1/4 934/1/4
f 777/1/4 779/1/4 936/1/4 935/1/4
f 779/1/4 780/1/4 937/1/4 936/1/4
f 780/2/4 782/2/4 938/2/4 937/2/4
f 784/3/2 939/3/2 940/3/2 785/3/2
f 781/3/3 932/3/3 939/3/3 784/3/3
f 782/3/4 785/3/4 940/3/4 938/3/4
f 790/3/1 789/3/1 941/3/1 942/3/1
f 790/3/3 942/3/3 943/3/3 791/3/3
f 795/1/2 944/1/2 945/1/2 796/1/2
f 791/1/3 943/1/3 944/1/3 795/1/3
f 798/1/4 796/1/4 945/1/4 946/1/4
f 802/1/1 801/1/1 947/1/1 948/1/1
f 802/1/3 948/1/3 949/1/3 803/1/3
f 803/1/3 949/1/3 950/1/3 805/1/3
f 805/1/3 950/1/3 951/1/3 807/1/3
f 807/2/3 951/2/3 941/2/3 789/2/3
f 798/2/2 946/2/2 952/2/2 809/2/2
f 816/2/4 809/2/4 952/2/4 953/2/4
f 811/1/2 954/1/2 955/1/2 812/1/2
f 796/1/1 813/1/1 956/1/1 945/1/1
f 796/1/3 945/1/3 954/1/3 811/1/3
f 801/1/1 815/1/1 957/1/1 947/1/1
f 816/2/2 953/2/2 958/2/2 817/2/2
f 812/1/2 955/1/2 959/1/2 820/1/2
f 813/1/1 819/1/1 960/1/1 956/1/1
f 961/1/2 962/1/2 963/1/2 837/1/2
f 964/1/1 834/1/1 965/1/1 966/1/1
f 964/1/3 966/1/3 962/1/3 961/1/3
f 966/1/6 965/1/6 963/1/6 962/1/6
f 964/1/5 961/1/5 837/1/5 834/1/5
f 815/1/1 822/1/1 967/1/1 957/1/1
f 823/2/4 826/2/4 968/2/4 969/2/4
f 817/1/2 958/1/2 970/1/2 827/1/2
f 826/1/4 827/1/4 970/1/4 968/1/4
f 818/2/1 828/2/1 971/2/1 972/2/1
f 818/2/3 972/2/3 960/2/3 819/2/3
f 972/2/6 971/2/6 973/2/6 960/2/6
f 820/1/2 959/1/2 974/1/2 829/1/2
f 830/1/4 829/1/4 974/1/4 973/1/4
f 833/1/1 832/1/1 975/1/1 976/1/1
f 833/1/3 976/1/3 965/1/3 834/1/3
f 976/1/6 975/1/6 977/1/6 965/1/6
f 837/1/2 963/1/2 978/1/2 838/1/2
f 822/2/1 841/2/1 979/2/1 967/2/1
f 823/2/2 969/2/2 980/2/2 981/2/2
f 839/2/4 981/2/4 980/2/4 982/2/4
f 824/2/5 823/2/5 981/2/5 839/2/5
f 827/2/1 842/2/1 983/2/1 970/2/1
f 827/2/3 970/2/3 971/2/3 828/2/3
f 970/2/6 983/2/6 984/2/6 971/2/6
f 830/2/2 973/2/2 985/2/2 843/2/2
f 844/2/4 843/2/4 985/2/4 984/2/4
f 846/2/1 845/2/1 986/2/1 987/2/1
f 846/2/3 987/2/3 988/2/3 847/2/3
f 849/2/2 989/2/2 990/2/2 850/2/2
f 847/2/3 988/2/3 989/2/3 849/2/3
f 988/2/6 991/2/6 990/2/6 989/2/6
f 832/1/1 851/1/1 992/1/1 975/1/1
f 975/1/6 992/1/6 993/1/6 977/1/6
f 838/2/3 978/2/3 979/2/3 841/2/3
f 839/2/2 982/2/2 994/2/2 852/2/2
f 856/2/1 855/2/1 995/2/1 996/2/1
f 856/2/3 996/2/3 983/2/3 842/2/3
f 844/2/2 984/2/2 997/2/2 857/2/2
f 983/2/6 998/2/6 997/2/6 984/2/6
f 845/4/1 858/4/1 999/4/1 986/4/1
f 850/2/3 990/2/3 1000/2/3 859/2/3
f 990/2/6 1001/2/6 1002/2/6 1000/2/6
f 859/2/3 1000/2/3 1003/2/3 861/2/3
f 1000/2/6 1002/2/6 1004/2/6 1003/2/6
f 861/2/3 1003/2/3 1005/2/3 863/2/3
f 1003/2/6 1004/2/6 1006/2/6 1005/2/6
f 863/2/3 1005/2/3 992/2/3 851/2/3
f 1005/2/6 1006/2/6 1007/2/6 992/2/6
f 992/2/6 1007/2/6 1008/2/6 993/2/6
f 852/2/3 994/2/3 1009/2/3 865/2/3
f 865/2/3 1009/2/3 995/2/3 855/2/3
f 857/2/3 997/2/3 1010/2/3 866/2/3
f 867/1/2 1011/1/2 1012/1/2 868/1/2
f 866/1/3 1010/1/3 1011/1/3 867/1/3
f 858/4/1 869/4/1 1013/4/1 999/4/1
f 868/3/2 1012/3/2 1014/3/2 870/3/2
f 869/4/1 871/4/1 1015/4/1 1013/4/1
f 870/1/2 1014/1/2 1016/1/2 872/1/2
f 871/4/1 873/4/1 1017/4/1 1015/4/1
f 876/2/4 875/2/4 1018/2/4 1019/2/4
f 1020/2/6 1019/2/6 1018/2/6 1021/2/6
f 875/2/4 878/2/4 1022/2/4 1018/2/4
f 1021/2/6 1018/2/6 1022/2/6 1023/2/6
f 878/2/4 892/2/4 1024/2/4 1022/2/4
f 1023/2/6 1022/2/6 1024/2/6 1025/2/6
f 880/2/4 879/2/4 1026/2/4 1027/2/4
f 879/2/4 881/2/4 1028/2/4 1026/2/4
f 883/2/4 882/2/4 1029/2/4 1030/2/4
f 1031/2/6 1030/2/6 1029/2/6 1032/2/6
f 898/2/4 901/2/4 1033/2/4 1034/2/4
f 872/1/2 1016/1/2 1035/1/2 884/1/2
f 901/1/4 884/1/4 1035/1/4 1033/1/4
f 873/4/1 885/4/1 1036/4/1 1017/4/1
f 885/4/4 886/4/4 1037/4/4 1036/4/4
f 876/2/2 1019/2/2 1038/2/2 887/2/2
f 886/2/4 887/2/4 1038/2/4 1037/2/4
f 1039/2/6 1037/2/6 1038/2/6 1019/2/6
f 880/1/2 1027/1/2 1040/1/2 893/1/2
f 892/1/1 891/1/1 1041/1/1 1024/1/1
f 1024/1/6 1041/1/6 1040/1/6 1027/1/6
f 881/2/1 895/2/1 1042/2/1 1028/2/1
f 883/2/2 1030/2/2 1043/2/2 896/2/2
f 882/1/1 897/1/1 1044/1/1 1029/1/1
f 898/2/2 1034/2/2 1045/2/2 899/2/2
f 893/1/2 1040/1/2 1046/1/2 905/1/2
f 891/1/1 903/1/1 1047/1/1 1041/1/1
f 903/1/4 905/1/4 1046/1/4 1047/1/4
f 1041/1/6 1047/1/6 1046/1/6 1040/1/6
f 904/1/1 906/1/1 1048/1/1 1049/1/1
f 904/1/3 1049/1/3 1042/1/3 895/1/3
f 896/2/3 1043/2/3 1044/2/3 897/2/3
f 912/2/4 915/2/4 1050/2/4 1051/2/4
f 900/2/2 1052/2/2 1053/2/2 908/2/2
f 899/2/3 1045/2/3 1052/2/3 900/2/3
f 906/1/1 911/1/1 1054/1/1 1048/1/1
f 912/1/2 1051/1/2 1055/1/2 913/1/2
f 915/2/1 914/2/1 1056/2/1 1050/2/1
f 914/2/4 923/2/4 1057/2/4 1056/2/4
f 907/1/2 1058/1/2 1059/1/2 916/1/2
f 908/1/3 1053/1/3 1058/1/3 907/1/3
f 911/1/1 917/1/1 1060/1/1 1054/1/1
f 917/1/4 927/1/4 1061/1/4 1060/1/4
f 930/1/4 919/1/4 1062/1/4 1063/1/4
f 919/1/4 918/1/4 1064/1/4 1062/1/4
f 913/2/2 1055/2/2 1065/2/2 920/2/2
f 916/1/2 1059/1/2 1066/1/2 924/1/2
f 923/1/1 922/1/1 1067/1/1 1057/1/1
f 930/1/2 1063/1/2 1068/1/2 928/1/2
f 927/1/1 926/1/1 1069/1/1 1061/1/1
f 926/1/4 928/1/4 1068/1/4 1069/1/4
f 1061/1/6 1069/1/6 1068/1/6 1063/1/6
f 918/1/1 931/1/1 1070/1/1 1064/1/1
f 921/2/2 1071/2/2 1072/2/2 932/2/2
f 920/2/3 1065/2/3 1071/2/3 921/2/3
f 1065/2/6 1073/2/6 1072/2/6 1071/2/6
f 924/1/2 1066/1/2 1074/1/2 1075/1/2
f 922/1/1 939/1/1 1076/1/1 1067/1/1
f 939/1/4 1075/1/4 1074/1/4 1076/1/4
f 922/1/5 924/1/5 1075/1/5 939/1/5
f 928/3/1 933/3/1 1077/3/1 1068/3/1
f 928/3/3 1068/3/3 1078/3/3 929/3/3
f 933/3/4 934/3/4 1079/3/4 1077/3/4
f 1068/3/6 1077/3/6 1079/3/6 1078/3/6
f 929/1/3 1078/1/3 1070/1/3 931/1/3
f 934/1/4 935/1/4 1080/1/4 1079/1/4
f 1078/1/6 1079/1/6 1080/1/6 1070/1/6
f 935/1/4 936/1/4 1081/1/4 1080/1/4
f 936/1/4 937/1/4 1082/1/4 1081/1/4
f 937/2/4 938/2/4 1083/2/4 1082/2/4
f 939/1/2 1076/1/2 1084/1/2 940/1/2
f 932/1/3 1072/1/3 1076/1/3 939/1/3
f 938/1/4 940/1/4 1084/1/4 1083/1/4
f 942/1/1 941/1/1 1085/1/1 1086/1/1
f 942/1/3 1086/1/3 1087/1/3 943/1/3
f 944/1/2 1088/1/2 1089/1/2 945/1/2
f 943/1/3 1087/1/3 1088/1/3 944/1/3
f 946/1/4 945/1/4 1089/1/4 1090/1/4
f 948/1/1 947/1/1 1091/1/1 1092/1/1
f 948/1/3 1092/1/3 1093/1/3 949/1/3
f 949/1/3 1093/1/3 1094/1/3 950/1/3
f 950/1/3 1094/1/3 1095/1/3 951/1/3
f 951/2/3 1095/2/3 1085/2/3 941/2/3
f 946/2/2 1090/2/2 1096/2/2 952/2/2
f 953/2/4 952/2/4 1096/2/4 1097/2/4
f 954/3/2 1098/3/2 1099/3/2 955/3/2
f 945/3/1 956/3/1 1100/3/1 1089/3/1
f 945/3/3 1089/3/3 1098/3/3 954/3/3
f 1089/3/6 1100/3/6 1099/3/6 1098/3/6
f 947/1/1 957/1/1 1101/1/1 1091/1/1
f 953/2/2 1097/2/2 1102/2/2 958/2/2
f 955/1/2 1099/1/2 1103/1/2 959/1/2
f 956/1/1 960/1/1 1104/1/1 1100/1/1
f 957/1/1 967/1/1 1105/1/1 1101/1/1
f 969/2/4 968/2/4 1106/2/4 1107/2/4
f 958/1/2 1102/1/2 1108/1/2 970/1/2
f 968/1/4 970/1/4 1108/1/4 1106/1/4
f 959/1/2 1103/1/2 1109/1/2 974/1/2
f 960/1/1 973/1/1 1110/1/1 1104/1/1
f 1104/1/6 1110/1/6 1109/1/6 1103/1/6
f 965/1/1 977/1/1 1111/1/1 1112/1/1
f 965/1/3 1112/1/3 1113/1/3 963/1/3
f 963/1/3 1113/1/3 1105/1/3 967/1/3
f 963/1/5 967/1/5 979/1/5 978/1/5
f 969/2/2 1107/2/2 1114/2/2 980/2/2
f 971/1/1 984/1/1 1115/1/1 1116/1/1
f 971/1/3 1116/1/3 1110/1/3 973/1/3
f 984/1/4 985/1/4 1117/1/4 1115/1/4
f 974/1/2 1109/1/2 1118/1/2 1119/1/2
f 1110/1/6 1117/1/6 1118/1/6 1109/1/6
f 973/1/5 974/1/5 1119/1/5 985/1/5
f 988/1/2 1120/1/2 1121/1/2 991/1/2
f 987/1/1 986/1/1 1122/1/1 1123/1/1
f 987/1/3 1123/1/3 1120/1/3 988/1/3
f 1123/1/6 1122/1/6 1121/1/6 1120/1/6
f 977/1/1 993/1/1 1124/1/1 1111/1/1
f 980/1/2 1114/1/2 1125/1/2 1009/1/2
f 982/1/5 980/1/5 1009/1/5 994/1/5
f 983/1/2 1126/1/2 1127/1/2 998/1/2
f 996/1/1 995/1/1 1128/1/1 1129/1/1
f 996/1/3 1129/1/3 1126/1/3 983/1/3
f 1119/1/2 1118/1/2 1130/1/2 1011/1/2
f 985/1/1 1010/1/1 1131/1/1 1117/1/1
f 1117/1/6 1131/1/6 1130/1/6 1118/1/6
f 985/1/5 1119/1/5 1011/1/5 1010/1/5
f 986/2/1 999/2/1 1132/2/1 1122/2/1
f 990/1/2 1133/1/2 1134/1/2 1001/1/2
f 991/1/3 1121/1/3 1133/1/3 990/1/3
f 1121/1/6 1135/1/6 1134/1/6 1133/1/6
f 993/2/1 1008/2/1 1136/2/1 1124/2/1
f 1009/2/3 1125/2/3 1128/2/3 995/2/3
f 998/2/3 1127/2/3 1137/2/3 997/2/3
f 997/2/3 1137/2/3 1131/2/3 1010/2/3
f 1011/1/2 1130/1/2 1138/1/2 1012/1/2
f 999/2/1 1013/2/1 1139/2/1 1132/2/1
f 1001/2/3 1134/2/3 1140/2/3 1002/2/3
f 1134/2/6 1141/2/6 1142/2/6 1140/2/6
f 1002/2/3 1140/2/3 1143/2/3 1004/2/3
f 1140/2/6 1142/2/6 1144/2/6 1143/2/6
f 1004/2/3 1143/2/3 1145/2/3 1006/2/3
f 1143/2/6 1144/2/6 1146/2/6 1145/2/6
f 1006/2/3 1145/2/3 1147/2/3 1007/2/3
f 1145/2/6 1146/2/6 1148/2/6 1147/2/6
f 1007/2/3 1147/2/3 1136/2/3 1008/2/3
f 1147/2/6 1148/2/6 1149/2/6 1136/2/6
f 1012/1/2 1138/1/2 1150/1/2 1014/1/2
f 1013/2/1 1015/2/1 1151/2/1 1139/2/1
f 1020/2/4 1021/2/4 1152/2/4 1153/2/4
f 1141/2/6 1153/2/6 1152/2/6 1142/2/6
f 1021/2/4 1023/2/4 1154/2/4 1152/2/4
f 1142/2/6 1152/2/6 1154/2/6 1144/2/6
f 1023/2/4 1025/2/4 1155/2/4 1154/2/4
f 1144/2/6 1154/2/6 1155/2/6 1146/2/6
f 1146/2/6 1155/2/6 1156/2/6 1148/2/6
f 1157/2/6 1158/2/6 1159/2/6 1160/2/6
f 1160/2/6 1159/2/6 1161/2/6 1162/2/6
f 1031/2/4 1032/2/4 1163/2/4 1161/2/4
f 1164/2/6 1165/2/6 1166/2/6 1167/2/6
f 1014/1/2 1150/1/2 1168/1/2 1016/1/2
f 1167/1/6 1166/1/6 1168/1/6 1150/1/6
f 1015/2/1 1017/2/1 1169/2/1 1151/2/1
f 1020/2/2 1153/2/2 1170/2/2 1019/2/2
f 1039/2/4 1019/2/4 1170/2/4 1171/2/4
f 1172/2/6 1171/2/6 1170/2/6 1153/2/6
f 1025/2/1 1024/2/1 1173/2/1 1155/2/1
f 1024/2/4 1027/2/4 1174/2/4 1173/2/4
f 1155/2/6 1173/2/6 1174/2/6 1156/2/6
f 1027/2/4 1026/2/4 1175/2/4 1174/2/4
f 1031/2/2 1161/2/2 1176/2/2 1030/2/2
f 1159/2/6 1177/2/6 1176/2/6 1161/2/6
f 1032/2/1 1029/2/1 1178/2/1 1163/2/1
f 1034/2/4 1033/2/4 1179/2/4 1180/2/4
f 1016/1/2 1168/1/2 1181/1/2 1035/1/2
f 1039/4/2 1171/4/2 1182/4/2 1037/4/2
f 1017/4/1 1036/4/1 1183/4/1 1169/4/1
f 1036/4/4 1037/4/4 1182/4/4 1183/4/4
f 1169/4/6 1183/4/6 1182/4/6 1171/4/6
f 1026/1/1 1049/1/1 1184/1/1 1175/1/1
f 1026/1/5 1028/1/5 1042/1/5 1049/1/5
f 1030/1/2 1176/1/2 1185/1/2 1043/1/2
f 1177/1/6 1186/1/6 1185/1/6 1176/1/6
f 1029/1/1 1044/1/1 1187/1/1 1178/1/1
f 1034/2/2 1180/2/2 1188/2/2 1045/2/2
f 1035/1/2 1181/1/2 1189/1/2 1190/1/2
f 1033/1/1 1052/1/1 1191/1/1 1179/1/1
f 1033/1/5 1035/1/5 1190/1/5 1052/1/5
f 1049/1/1 1048/1/1 1192/1/1 1184/1/1
f 1043/1/3 1185/1/3 1187/1/3 1044/1/3
f 1051/2/4 1050/2/4 1193/2/4 1194/2/4
f 1195/2/6 1194/2/6 1193/2/6 1188/2/6
f 1045/2/3 1188/2/3 1191/2/3 1052/2/3
f 1190/1/2 1189/1/2 1196/1/2 1058/1/2
f 1052/1/5 1190/1/5 1058/1/5 1053/1/5
f 1048/1/1 1054/1/1 1197/1/1 1192/1/1
f 1051/1/2 1194/1/2 1198/1/2 1055/1/2
f 1050/2/1 1056/2/1 1199/2/1 1193/2/1
f 1056/2/4 1057/2/4 1200/2/4 1199/2/4
f 1058/1/2 1196/1/2 1201/1/2 1059/1/2
f 1054/1/1 1060/1/1 1202/1/1 1197/1/1
f 1060/1/4 1061/1/4 1203/1/4 1202/1/4
f 1061/1/4 1063/1/4 1204/1/4 1203/1/4
f 1063/1/4 1062/1/4 1205/1/4 1204/1/4
f 1062/1/4 1064/1/4 1206/1/4 1205/1/4
f 1055/1/2 1198/1/2 1207/1/2 1065/1/2
f 1059/1/2 1201/1/2 1208/1/2 1066/1/2
f 1057/1/1 1067/1/1 1209/1/1 1200/1/1
f 1064/1/1 1070/1/1 1210/1/1 1206/1/1
f 1065/1/2 1207/1/2 1211/1/2 1073/1/2
f 1066/1/2 1208/1/2 1212/1/2 1074/1/2
f 1067/1/1 1076/1/1 1213/1/1 1209/1/1
f 1076/1/4 1074/1/4 1212/1/4 1213/1/4
f 1209/1/6 1213/1/6 1212/1/6 1208/1/6
f 1070/1/1 1080/1/1 1214/1/1 1210/1/1
f 1080/1/4 1081/1/4 1215/1/4 1214/1/4
f 1081/3/4 1082/3/4 1216/3/4 1215/3/4
f 1073/1/3 1211/1/3 1217/1/3 1072/1/3
f 1082/1/4 1083/1/4 1218/1/4 1216/1/4
f 1211/1/6 1216/1/6 1218/1/6 1217/1/6
f 1076/1/2 1213/1/2 1219/1/2 1084/1/2
f 1072/1/3 1217/1/3 1213/1/3 1076/1/3
f 1083/1/4 1084/1/4 1219/1/4 1218/1/4
f 1217/1/6 1218/1/6 1219/1/6 1213/1/6
f 1086/1/1 1085/1/1 1220/1/1 1221/1/1
f 1086/1/3 1221/1/3 1222/1/3 1087/1/3
f 1221/1/6 1220/1/6 1223/1/6 1222/1/6
f 1088/1/2 1224/1/2 1225/1/2 1089/1/2
f 1087/1/3 1222/1/3 1224/1/3 1088/1/3
f 1090/1/4 1089/1/4 1225/1/4 1223/1/4
f 1222/1/6 1223/1/6 1225/1/6 1224/1/6
f 1092/3/1 1091/3/1 1226/3/1 1227/3/1
f 1092/3/3 1227/3/3 1228/3/3 1093/3/3
f 1227/3/6 1226/3/6 1229/3/6 1228/3/6
f 1093/1/3 1228/1/3 1230/1/3 1094/1/3
f 1228/1/6 1229/1/6 1231/1/6 1230/1/6
f 1094/1/3 1230/1/3 1232/1/3 1095/1/3
f 1230/1/6 1231/1/6 1233/1/6 1232/1/6
f 1095/1/3 1232/1/3 1220/1/3 1085/1/3
f 1232/1/6 1233/1/6 1234/1/6 1220/1/6
f 1090/1/2 1223/1/2 1235/1/2 1096/1/2
f 1220/1/6 1234/1/6 1235/1/6 1223/1/6
f 1091/1/1 1101/1/1 1236/1/1 1226/1/1
f 1226/1/6 1236/1/6 1237/1/6 1229/1/6
f 1229/1/6 1237/1/6 1238/1/6 1231/1/6
f 1231/1/6 1238/1/6 1239/1/6 1233/1/6
f 1234/1/6 1240/1/6 1241/1/6 1235/1/6
f 1097/1/5 1096/1/5 1242/1/5 1102/1/5
f 1096/1/3 1235/1/3 1243/1/3 1100/1/3
f 1242/1/4 1104/1/4 1244/1/4 1241/1/4
f 1235/1/6 1241/1/6 1244/1/6 1243/1/6
f 1096/1/5 1100/1/5 1104/1/5 1242/1/5
f 1099/1/2 1245/1/2 1246/1/2 1103/1/2
f 1100/1/3 1243/1/3 1245/1/3 1099/1/3
f 1104/1/4 1103/1/4 1246/1/4 1244/1/4
f 1101/1/1 1105/1/1 1247/1/1 1236/1/1
f 1236/1/6 1247/1/6 1248/1/6 1237/1/6
f 1238/1/6 1249/1/6 1250/1/6 1239/1/6
f 1242/1/2 1241/1/2 1251/1/2 1116/1/2
f 1240/1/6 1252/1/6 1251/1/6 1241/1/6
f 1102/1/5 1242/1/5 1116/1/5 1108/1/5
f 1112/1/1 1111/1/1 1253/1/1 1254/1/1
f 1112/1/3 1254/1/3 1255/1/3 1113/1/3
f 1254/1/6 1253/1/6 1256/1/6 1255/1/6
f 1113/1/3 1255/1/3 1247/1/3 1105/1/3
f 1249/1/6 1257/1/6 1258/1/6 1250/1/6
f 1107/1/5 1106/1/5 1129/1/5 1114/1/5
f 1106/1/5 1108/1/5 1126/1/5 1129/1/5
f 1252/1/6 1259/1/6 1260/1/6 1251/1/6
f 1108/1/5 1116/1/5 1115/1/5 1126/1/5
f 1110/1/2 1261/1/2 1262/1/2 1117/1/2
f 1116/1/3 1251/1/3 1261/1/3 1110/1/3
f 1115/1/4 1117/1/4 1262/1/4 1260/1/4
f 1111/1/1 1124/1/1 1263/1/1 1253/1/1
f 1253/1/6 1263/1/6 1264/1/6 1256/1/6
f 1257/1/6 1265/1/6 1266/1/6 1258/1/6
f 1114/1/5 1129/1/5 1128/1/5 1125/1/5
f 1115/1/2 1260/1/2 1267/1/2 1137/1/2
f 1259/1/6 1268/1/6 1267/1/6 1260/1/6
f 1126/1/5 1115/1/5 1137/1/5 1127/1/5
f 1121/1/2 1269/1/2 1270/1/2 1135/1/2
f 1122/1/1 1132/1/1 1271/1/1 1272/1/1
f 1122/1/3 1272/1/3 1269/1/3 1121/1/3
f 1272/1/6 1271/1/6 1270/1/6 1269/1/6
f 1124/1/1 1136/1/1 1273/1/1 1263/1/1
f 1265/1/6 1274/1/6 1275/1/6 1266/1/6
f 1268/1/6 1276/1/6 1277/1/6 1267/1/6
f 1137/2/3 1267/2/3 1278/2/3 1131/2/3
f 1267/2/6 1277/2/6 1279/2/6 1278/2/6
f 1130/1/2 1280/1/2 1281/1/2 1138/1/2
f 1131/1/3 1278/1/3 1280/1/3 1130/1/3
f 1132/2/1 1139/2/1 1282/2/1 1271/2/1
f 1271/2/6 1282/2/6 1283/2/6 1270/2/6
f 1134/2/2 1284/2/2 1285/2/2 1141/2/2
f 1135/2/3 1270/2/3 1284/2/3 1134/2/3
f 1270/2/6 1283/2/6 1285/2/6 1284/2/6
f 1136/1/1 1149/1/1 1286/1/1 1273/1/1
f 1157/1/4 1160/1/4 1287/1/4 1288/1/4
f 1160/1/4 1162/1/4 1289/1/4 1287/1/4
f 1276/1/6 1290/1/6 1291/1/6 1277/1/6
f 1164/2/4 1167/2/4 1292/2/4 1291/2/4
f 1277/2/6 1291/2/6 1292/2/6 1279/2/6
f 1138/1/2 1281/1/2 1293/1/2 1150/1/2
f 1167/1/4 1150/1/4 1293/1/4 1292/1/4
f 1139/2/1 1151/2/1 1294/2/1 1282/2/1
f 1282/2/6 1294/2/6 1295/2/6 1283/2/6
f 1141/2/2 1285/2/2 1296/2/2 1153/2/2
f 1172/2/4 1153/2/4 1296/2/4 1295/2/4
f 1283/2/6 1295/2/6 1296/2/6 1285/2/6
f 1148/2/1 1156/2/1 1297/2/1 1298/2/1
f 1148/2/3 1298/2/3 1286/2/3 1149/2/3
f 1298/2/6 1297/2/6 1299/2/6 1286/2/6
f 1157/2/2 1288/2/2 1300/2/2 1158/2/2
f 1162/2/1 1161/2/1 1301/2/1 1289/2/1
f 1161/2/4 1163/2/4 1302/2/4 1301/2/4
f 1289/2/6 1301/2/6 1302/2/6 1303/2/6
f 1164/1/2 1291/1/2 1304/1/2 1165/1/2
f 1290/1/6 1305/1/6 1304/1/6 1291/1/6
f 1172/2/2 1295/2/2 1306/2/2 1171/2/2
f 1151/2/1 1169/2/1 1307/2/1 1294/2/1
f 1169/2/4 1171/2/4 1306/2/4 1307/2/4
f 1294/2/6 1307/2/6 1306/2/6 1295/2/6
f 1156/2/1 1174/2/1 1308/2/1 1297/2/1
f 1174/2/4 1175/2/4 1309/2/4 1308/2/4
f 1297/2/6 1308/2/6 1309/2/6 1299/2/6
f 1159/2/2 1310/2/2 1311/2/2 1177/2/2
f 1158/2/3 1300/2/3 1310/2/3 1159/2/3
f 1163/1/1 1178/1/1 1312/1/1 1302/1/1
f 1305/1/6 1313/1/6 1314/1/6 1304/1/6
f 1165/1/3 1304/1/3 1315/1/3 1166/1/3
f 1168/1/2 1316/1/2 1317/1/2 1181/1/2
f 1166/1/3 1315/1/3 1316/1/3 1168/1/3
f 1175/1/1 1184/1/1 1318/1/1 1309/1/1
f 1177/2/2 1311/2/2 1319/2/2 1186/2/2
f 1178/1/1 1187/1/1 1320/1/1 1312/1/1
f 1195/1/4 1188/1/4 1321/1/4 1322/1/4
f 1313/1/6 1322/1/6 1321/1/6 1314/1/6
f 1180/1/5 1179/1/5 1191/1/5 1188/1/5
f 1181/1/2 1317/1/2 1323/1/2 1189/1/2
f 1184/1/1 1192/1/1 1324/1/1 1318/1/1
f 1186/1/3 1319/1/3 1325/1/3 1185/1/3
f 1185/1/3 1325/1/3 1320/1/3 1187/1/3
f 1195/1/2 1322/1/2 1326/1/2 1194/1/2
f 1188/1/1 1193/1/1 1327/1/1 1321/1/1
f 1189/1/2 1323/1/2 1328/1/2 1196/1/2
f 1192/1/1 1197/1/1 1329/1/1 1324/1/1
f 1194/1/2 1326/1/2 1330/1/2 1198/1/2
f 1193/3/1 1199/3/1 1331/3/1 1327/3/1
f 1199/3/4 1200/3/4 1332/3/4 1331/3/4
f 1196/1/2 1328/1/2 1333/1/2 1201/1/2
f 1197/1/1 1202/1/1 1334/1/1 1329/1/1
f 1202/1/4 1203/1/4 1335/1/4 1334/1/4
f 1203/1/4 1204/1/4 1336/1/4 1335/1/4
f 1204/1/4 1205/1/4 1337/1/4 1336/1/4
f 1205/1/4 1206/1/4 1338/1/4 1337/1/4
f 1198/1/2 1330/1/2 1339/1/2 1207/1/2
f 1201/3/2 1333/3/2 1340/3/2 1208/3/2
f 1200/3/1 1209/3/1 1341/3/1 1332/3/1
f 1209/3/4 1208/3/4 1340/3/4 1341/3/4
f 1332/3/6 1341/3/6 1340/3/6 1333/3/6
f 1206/1/1 1210/1/1 1342/1/1 1338/1/1
f 1207/1/2 1339/1/2 1343/1/2 1211/1/2
f 1210/1/1 1214/1/1 1344/1/1 1342/1/1
f 1214/1/4 1215/1/4 1345/1/4 1344/1/4
f 1211/1/2 1343/1/2 1346/1/2 1216/1/2
f 1215/1/4 1216/1/4 1346/1/4 1345/1/4
f 1234/1/2 1347/1/2 1348/1/2 1240/1/2
f 1233/1/1 1239/1/1 1349/1/1 1350/1/1
f 1233/1/3 1350/1/3 1347/1/3 1234/1/3
f 1350/1/6 1349/1/6 1348/1/6 1347/1/6
f 1245/1/2 1351/1/2 1352/1/2 1246/1/2
f 1243/1/1 1244/1/1 1353/1/1 1354/1/1
f 1243/1/3 1354/1/3 1351/1/3 1245/1/3
f 1354/1/6 1353/1/6 1352/1/6 1351/1/6
f 1238/1/2 1355/1/2 1356/1/2 1249/1/2
f 1237/1/1 1248/1/1 1357/1/1 1358/1/1
f 1237/1/3 1358/1/3 1355/1/3 1238/1/3
f 1358/1/6 1357/1/6 1356/1/6 1355/1/6
f 1240/1/2 1348/1/2 1359/1/2 1252/1/2
f 1239/1/1 1250/1/1 1360/1/1 1349/1/1
f 1246/1/2 1352/1/2 1361/1/2 1362/1/2
f 1244/1/1 1261/1/1 1363/1/1 1353/1/1
f 1353/1/6 1363/1/6 1361/1/6 1352/1/6
f 1244/1/5 1246/1/5 1362/1/5 1261/1/5
f 1255/1/1 1256/1/1 1364/1/1 1365/1/1
f 1255/1/3 1365/1/3 1366/1/3 1247/1/3
f 1365/1/6 1364/1/6 1367/1/6 1366/1/6
f 1247/1/3 1366/1/3 1357/1/3 1248/1/3
f 1366/1/6 1367/1/6 1368/1/6 1357/1/6
f 1249/1/2 1356/1/2 1369/1/2 1257/1/2
f 1252/1/2 1359/1/2 1370/1/2 1259/1/2
f 1250/1/1 1258/1/1 1371/1/1 1360/1/1
f 1360/1/6 1371/1/6 1370/1/6 1359/1/6
f 1251/1/1 1260/1/1 1372/1/1 1373/1/1
f 1251/1/3 1373/1/3 1363/1/3 1261/1/3
f 1260/1/4 1262/1/4 1374/1/4 1372/1/4
f 1362/1/2 1361/1/2 1375/1/2 1376/1/2
f 1363/1/6 1374/1/6 1375/1/6 1361/1/6
f 1261/1/5 1362/1/5 1376/1/5 1262/1/5
f 1256/3/1 1264/3/1 1377/3/1 1364/3/1
f 1364/3/6 1377/3/6 1378/3/6 1367/3/6
f 1367/1/6 1378/1/6 1379/1/6 1368/1/6
f 1257/1/2 1369/1/2 1380/1/2 1265/1/2
f 1368/1/6 1379/1/6 1380/1/6 1369/1/6
f 1259/1/2 1370/1/2 1381/1/2 1268/1/2
f 1258/1/1 1266/1/1 1382/1/1 1371/1/1
f 1371/1/6 1382/1/6 1381/1/6 1370/1/6
f 1376/1/2 1375/1/2 1383/1/2 1280/1/2
f 1262/1/1 1278/1/1 1384/1/1 1374/1/1
f 1374/1/6 1384/1/6 1383/1/6 1375/1/6
f 1262/1/5 1376/1/5 1280/1/5 1278/1/5
f 1263/1/1 1273/1/1 1385/1/1 1386/1/1
f 1263/1/3 1386/1/3 1377/1/3 1264/1/3
f 1386/1/6 1385/1/6 1387/1/6 1377/1/6
f 1377/1/6 1387/1/6 1388/1/6 1378/1/6
f 1378/1/6 1388/1/6 1389/1/6 1379/1/6
f 1265/3/2 1380/3/2 1390/3/2 1274/3/2
f 1379/3/6 1389/3/6 1390/3/6 1380/3/6
f 1268/1/2 1381/1/2 1391/1/2 1276/1/2
f 1266/1/1 1275/1/1 1392/1/1 1382/1/1
f 1280/1/2 1383/1/2 1393/1/2 1281/1/2
f 1278/1/1 1279/1/1 1394/1/1 1384/1/1
f 1273/1/1 1286/1/1 1395/1/1 1385/1/1
f 1385/1/6 1395/1/6 1396/1/6 1387/1/6
f 1387/1/6 1396/1/6 1397/1/6 1388/1/6
f 1287/1/4 1289/1/4 1398/1/4 1397/1/4
f 1289/3/4 1303/3/4 1399/3/4 1398/3/4
f 1389/3/6 1398/3/6 1399/3/6 1390/3/6
f 1274/2/3 1390/2/3 1392/2/3 1275/2/3
f 1390/2/6 1399/2/6 1400/2/6 1392/2/6
f 1276/1/2 1391/1/2 1401/1/2 1290/1/2
f 1281/1/2 1393/1/2 1402/1/2 1293/1/2
f 1279/1/1 1292/1/1 1403/1/1 1394/1/1
f 1286/2/1 1299/2/1 1404/2/1 1395/2/1
f 1287/2/2 1397/2/2 1405/2/2 1310/2/2
f 1288/2/5 1287/2/5 1310/2/5 1300/2/5
f 1303/2/1 1302/2/1 1406/2/1 1399/2/1
f 1290/2/2 1401/2/2 1407/2/2 1305/2/2
f 1293/1/2 1402/1/2 1408/1/2 1316/1/2
f 1292/1/1 1315/1/1 1409/1/1 1403/1/1
f 1403/1/6 1409/1/6 1408/1/6 1402/1/6
f 1292/1/5 1293/1/5 1316/1/5 1315/1/5
f 1299/2/1 1309/2/1 1410/2/1 1404/2/1
f 1310/2/2 1405/2/2 1411/2/2 1311/2/2
f 1302/1/1 1312/1/1 1412/1/1 1406/1/1
f 1305/1/2 1407/1/2 1413/1/2 1313/1/2
f 1304/1/1 1314/1/1 1414/1/1 1415/1/1
f 1304/1/3 1415/1/3 1409/1/3 1315/1/3
f 1316/1/2 1408/1/2 1416/1/2 1317/1/2
f 1309/1/1 1318/1/1 1417/1/1 1410/1/1
f 1410/1/6 1417/1/6 1418/1/6 1419/1/6
f 1311/1/2 1411/1/2 1420/1/2 1319/1/2
f 1419/1/6 1418/1/6 1420/1/6 1411/1/6
f 1312/1/1 1320/1/1 1421/1/1 1412/1/1
f 1313/1/2 1413/1/2 1422/1/2 1322/1/2
f 1314/1/1 1321/1/1 1423/1/1 1414/1/1
f 1317/1/2 1416/1/2 1424/1/2 1323/1/2
f 1318/1/1 1324/1/1 1425/1/1 1417/1/1
f 1319/1/3 1420/1/3 1426/1/3 1325/1/3
f 1325/1/3 1426/1/3 1421/1/3 1320/1/3
f 1322/1/2 1422/1/2 1427/1/2 1326/1/2
f 1321/1/1 1327/1/1 1428/1/1 1423/1/1
f 1323/1/2 1424/1/2 1429/1/2 1328/1/2
f 1324/1/1 1329/1/1 1430/1/1 1425/1/1
f 1326/1/2 1427/1/2 1431/1/2 1330/1/2
f 1327/1/1 1331/1/1 1432/1/1 1428/1/1
f 1331/1/4 1332/1/4 1433/1/4 1432/1/4
f 1328/1/2 1429/1/2 1434/1/2 1333/1/2
f 1332/1/4 1333/1/4 1434/1/4 1433/1/4
f 1329/1/1 1334/1/1 1435/1/1 1430/1/1
f 1334/1/4 1335/1/4 1436/1/4 1435/1/4
f 1335/1/4 1336/1/4 1437/1/4 1436/1/4
f 1337/1/4 1338/1/4 1438/1/4 1439/1/4
f 1331/1/2 1432/1/2 1440/1/2 1441/1/2
f 1330/1/3 1431/1/3 1432/1/3 1331/1/3
f 1330/1/5 1331/1/5 1441/1/5 1339/1/5
f 1337/1/2 1439/1/2 1442/1/2 1443/1/2
f 1336/1/1 1444/1/1 1445/1/1 1437/1/1
f 1336/1/5 1337/1/5 1443/1/5 1444/1/5
f 1338/1/1 1342/1/1 1446/1/1 1438/1/1
f 1441/1/2 1440/1/2 1447/1/2 1448/1/2
f 1339/1/5 1441/1/5 1448/1/5 1343/1/5
f 1443/1/2 1442/1/2 1449/1/2 1450/1/2
f 1444/1/1 1451/1/1 1452/1/1 1445/1/1
f 1451/1/4 1450/1/4 1449/1/4 1452/1/4
f 1444/1/5 1443/1/5 1450/1/5 1451/1/5
f 1342/1/1 1344/1/1 1453/1/1 1446/1/1
f 1344/1/4 1345/1/4 1454/1/4 1453/1/4
f 1345/1/4 1346/1/4 1455/1/4 1454/1/4
f 1448/1/2 1447/1/2 1456/1/2 1457/1/2
f 1346/1/4 1457/1/4 1456/1/4 1455/1/4
f 1343/1/5 1448/1/5 1457/1/5 1346/1/5
f 1348/1/2 1458/1/2 1459/1/2 1359/1/2
f 1349/1/1 1360/1/1 1460/1/1 1461/1/1
f 1349/1/3 1461/1/3 1458/1/3 1348/1/3
f 1360/1/4 1359/1/4 1459/1/4 1460/1/4
f 1461/1/6 1460/1/6 1459/1/6 1458/1/6
f 1356/1/2 1462/1/2 1463/1/2 1369/1/2
f 1357/1/1 1368/1/1 1464/1/1 1465/1/1
f 1357/1/3 1465/1/3 1462/1/3 1356/1/3
f 1368/1/4 1369/1/4 1463/1/4 1464/1/4
f 1363/1/2 1466/1/2 1467/1/2 1374/1/2
f 1373/1/1 1372/1/1 1468/1/1 1469/1/1
f 1373/1/3 1469/1/3 1466/1/3 1363/1/3
f 1372/1/4 1374/1/4 1467/1/4 1468/1/4
f 1381/3/2 1470/3/2 1471/3/2 1391/3/2
f 1382/3/1 1392/3/1 1472/3/1 1473/3/1
f 1382/3/3 1473/3/3 1470/3/3 1381/3/3
f 1473/3/6 1472/3/6 1471/3/6 1470/3/6
f 1383/1/2 1474/1/2 1475/1/2 1393/1/2
f 1384/1/1 1394/1/1 1476/1/1 1477/1/1
f 1384/1/3 1477/1/3 1474/1/3 1383/1/3
f 1477/1/6 1476/1/6 1475/1/6 1474/1/6
f 1389/1/2 1478/1/2 1479/1/2 1398/1/2
f 1388/1/1 1397/1/1 1480/1/1 1481/1/1
f 1388/1/3 1481/1/3 1478/1/3 1389/1/3
f 1392/1/1 1400/1/1 1482/1/1 1472/1/1
f 1472/1/6 1482/1/6 1483/1/6 1471/1/6
f 1484/1/2 1485/1/2 1486/1/2 1487/1/2
f 1391/1/3 1471/1/3 1485/1/3 1484/1/3
f 1391/1/5 1484/1/5 1487/1/5 1401/1/5
f 1393/1/2 1475/1/2 1488/1/2 1402/1/2
f 1394/1/1 1403/1/1 1489/1/1 1476/1/1
f 1403/1/4 1402/1/4 1488/1/4 1489/1/4
f 1476/1/6 1489/1/6 1488/1/6 1475/1/6
f 1395/1/1 1404/1/1 1490/1/1 1491/1/1
f 1395/1/3 1491/1/3 1492/1/3 1396/1/3
f 1491/1/6 1490/1/6 1493/1/6 1492/1/6
f 1396/2/3 1492/2/3 1480/2/3 1397/2/3
f 1492/2/6 1493/2/6 1494/2/6 1480/2/6
f 1398/2/2 1479/2/2 1495/2/2 1496/2/2
f 1397/2/5 1398/2/5 1496/2/5 1405/2/5
f 1399/1/1 1406/1/1 1497/1/1 1498/1/1
f 1399/1/3 1498/1/3 1482/1/3 1400/1/3
f 1487/2/2 1486/2/2 1499/2/2 1415/2/2
f 1401/2/5 1487/2/5 1415/2/5 1407/2/5
f 1404/1/1 1410/1/1 1500/1/1 1490/1/1
f 1410/1/4 1419/1/4 1501/1/4 1500/1/4
f 1490/1/6 1500/1/6 1501/1/6 1493/1/6
f 1419/2/4 1411/2/4 1502/2/4 1501/2/4
f 1493/2/6 1501/2/6 1502/2/6 1494/2/6
f 1496/2/2 1495/2/2 1503/2/2 1504/2/2
f 1405/2/5 1496/2/5 1504/2/5 1411/2/5
f 1406/1/1 1412/1/1 1505/1/1 1497/1/1
f 1506/1/6 1507/1/6 1508/1/6 1499/1/6
f 1407/1/5 1415/1/5 1414/1/5 1413/1/5
f 1415/1/3 1499/1/3 1509/1/3 1409/1/3
f 1408/1/2 1510/1/2 1511/1/2 1416/1/2
f 1409/1/3 1509/1/3 1510/1/3 1408/1/3
f 1504/1/2 1503/1/2 1512/1/2 1426/1/2
f 1411/1/1 1420/1/1 1513/1/1 1502/1/1
f 1411/1/5 1504/1/5 1426/1/5 1420/1/5
f 1412/1/1 1421/1/1 1514/1/1 1505/1/1
f 1507/1/6 1515/1/6 1516/1/6 1508/1/6
f 1413/1/5 1414/1/5 1423/1/5 1422/1/5
f 1416/3/2 1511/3/2 1517/3/2 1424/3/2
f 1417/1/1 1425/1/1 1518/1/1 1519/1/1
f 1417/1/3 1519/1/3 1520/1/3 1418/1/3
f 1519/1/6 1518/1/6 1521/1/6 1520/1/6
f 1418/1/3 1520/1/3 1513/1/3 1420/1/3
f 1520/1/6 1521/1/6 1522/1/6 1513/1/6
f 1513/1/6 1522/1/6 1523/1/6 1512/1/6
f 1426/1/3 1512/1/3 1514/1/3 1421/1/3
f 1512/1/6 1523/1/6 1524/1/6 1514/1/6
f 1515/1/6 1525/1/6 1526/1/6 1516/1/6
f 1422/1/5 1423/1/5 1428/1/5 1427/1/5
f 1424/1/2 1517/1/2 1527/1/2 1429/1/2
f 1425/1/1 1430/1/1 1528/1/1 1518/1/1
f 1518/1/6 1528/1/6 1529/1/6 1521/1/6
f 1521/1/6 1529/1/6 1530/1/6 1522/1/6
f 1523/1/6 1531/1/6 1532/1/6 1524/1/6
f 1525/1/6 1533/1/6 1534/1/6 1526/1/6
f 1427/1/5 1428/1/5 1432/1/5 1431/1/5
f 1432/1/4 1433/1/4 1535/1/4 1534/1/4
f 1429/1/2 1527/1/2 1536/1/2 1434/1/2
f 1433/1/4 1434/1/4 1536/1/4 1535/1/4
f 1430/1/1 1435/1/1 1537/1/1 1528/1/1
f 1435/1/4 1436/1/4 1538/1/4 1537/1/4
f 1528/1/6 1537/1/6 1538/1/6 1529/1/6
f 1436/1/4 1437/1/4 1539/1/4 1538/1/4
f 1529/1/6 1538/1/6 1539/1/6 1530/1/6
f 1531/1/6 1540/1/6 1541/1/6 1532/1/6
f 1432/1/2 1534/1/2 1542/1/2 1440/1/2
f 1437/2/1 1445/2/1 1543/2/1 1539/2/1
f 1539/2/6 1543/2/6 1544/2/6 1540/2/6
f 1442/2/4 1446/2/4 1545/2/4 1544/2/4
f 1540/2/6 1544/2/6 1545/2/6 1541/2/6
f 1439/2/5 1438/2/5 1446/2/5 1442/2/5
f 1546/1/2 1547/1/2 1548/1/2 1549/1/2
f 1440/1/3 1542/1/3 1547/1/3 1546/1/3
f 1447/1/4 1549/1/4 1548/1/4 1550/1/4
f 1542/1/6 1550/1/6 1548/1/6 1547/1/6
f 1440/1/5 1546/1/5 1549/1/5 1447/1/5
f 1442/3/2 1544/3/2 1551/3/2 1449/3/2
f 1445/3/1 1452/3/1 1552/3/1 1543/3/1
f 1452/3/4 1449/3/4 1551/3/4 1552/3/4
f 1543/3/6 1552/3/6 1551/3/6 1544/3/6
f 1446/1/1 1453/1/1 1553/1/1 1545/1/1
f 1453/1/4 1454/1/4 1554/1/4 1553/1/4
f 1454/1/4 1455/1/4 1555/1/4 1554/1/4
f 1447/1/2 1550/1/2 1556/1/2 1456/1/2
f 1455/1/4 1456/1/4 1556/1/4 1555/1/4
f 1557/1/6 1555/1/6 1556/1/6 1550/1/6
f 1461/3/2 1558/3/2 1559/3/2 1460/3/2
f 1560/3/1 1462/3/1 1561/3/1 1562/3/1
f 1560/3/3 1562/3/3 1558/3/3 1461/3/3
f 1562/3/6 1561/3/6 1559/3/6 1558/3/6
f 1560/3/5 1461/3/5 1460/3/5 1462/3/5
f 1465/1/1 1464/1/1 1563/1/1 1564/1/1
f 1465/1/3 1564/1/3 1561/1/3 1462/1/3
f 1464/1/4 1463/1/4 1565/1/4 1563/1/4
f 1564/1/6 1563/1/6 1565/1/6 1561/1/6
f 1463/1/4 1566/1/4 1567/1/4 1565/1/4
f 1561/1/6 1565/1/6 1567/1/6 1559/1/6
f 1462/1/5 1460/1/5 1566/1/5 1463/1/5
f 1460/1/3 1559/1/3 1568/1/3 1459/1/3
f 1566/1/4 1569/1/4 1570/1/4 1567/1/4
f 1559/1/6 1567/1/6 1570/1/6 1568/1/6
f 1460/1/5 1459/1/5 1569/1/5 1566/1/5
f 1459/1/3 1568/1/3 1571/1/3 1469/1/3
f 1459/1/5 1469/1/5 1468/1/5 1569/1/5
f 1466/1/2 1572/1/2 1573/1/2 1467/1/2
f 1469/1/3 1571/1/3 1572/1/3 1466/1/3
f 1569/1/1 1470/1/1 1574/1/1 1570/1/1
f 1569/1/5 1468/1/5 1575/1/5 1470/1/5
f 1467/1/2 1573/1/2 1576/1/2 1477/1/2
f 1468/1/5 1467/1/5 1477/1/5 1575/1/5
f 1470/1/1 1471/1/1 1577/1/1 1574/1/1
f 1470/1/5 1575/1/5 1485/1/5 1471/1/5
f 1477/1/2 1576/1/2 1578/1/2 1476/1/2
f 1575/1/5 1477/1/5 1476/1/5 1485/1/5
f 1478/1/2 1579/1/2 1580/1/2 1479/1/2
f 1481/1/1 1480/1/1 1581/1/1 1582/1/1
f 1481/1/3 1582/1/3 1579/1/3 1478/1/3
f 1582/1/6 1581/1/6 1580/1/6 1579/1/6
f 1471/1/1 1483/1/1 1583/1/1 1577/1/1
f 1476/1/2 1578/1/2 1584/1/2 1489/1/2
f 1485/1/5 1476/1/5 1489/1/5 1486/1/5
f 1480/2/1 1494/2/1 1585/2/1 1581/2/1
f 1479/2/3 1580/2/3 1586/2/3 1498/2/3
f 1479/2/5 1498/2/5 1497/2/5 1495/2/5
f 1498/1/3 1586/1/3 1587/1/3 1482/1/3
f 1482/1/3 1587/1/3 1583/1/3 1483/1/3
f 1506/2/4 1499/2/4 1588/2/4 1589/2/4
f 1583/2/6 1589/2/6 1588/2/6 1590/2/6
f 1489/2/2 1584/2/2 1591/2/2 1509/2/2
f 1486/2/5 1489/2/5 1509/2/5 1499/2/5
f 1494/2/1 1502/2/1 1592/2/1 1585/2/1
f 1503/2/4 1505/2/4 1593/2/4 1594/2/4
f 1495/2/5 1497/2/5 1505/2/5 1503/2/5
f 1506/1/2 1589/1/2 1595/1/2 1507/1/2
f 1499/1/1 1508/1/1 1596/1/1 1588/1/1
f 1510/1/2 1597/1/2 1598/1/2 1511/1/2
f 1509/1/3 1591/1/3 1597/1/3 1510/1/3
f 1503/1/2 1594/1/2 1599/1/2 1512/1/2
f 1502/1/1 1513/1/1 1600/1/1 1592/1/1
f 1513/1/4 1512/1/4 1599/1/4 1600/1/4
f 1505/1/1 1514/1/1 1601/1/1 1593/1/1
f 1507/1/2 1595/1/2 1602/1/2 1515/1/2
f 1508/1/1 1516/1/1 1603/1/1 1596/1/1
f 1511/1/2 1598/1/2 1604/1/2 1517/1/2
f 1514/1/1 1524/1/1 1605/1/1 1601/1/1
f 1515/1/2 1602/1/2 1606/1/2 1525/1/2
f 1516/1/1 1526/1/1 1607/1/1 1603/1/1
f 1517/1/2 1604/1/2 1608/1/2 1527/1/2
f 1523/1/2 1609/1/2 1610/1/2 1531/1/2
f 1522/1/1 1530/1/1 1611/1/1 1612/1/1
f 1522/1/3 1612/1/3 1609/1/3 1523/1/3
f 1524/1/1 1532/1/1 1613/1/1 1605/1/1
f 1525/1/2 1606/1/2 1614/1/2 1533/1/2
f 1526/1/1 1534/1/1 1615/1/1 1607/1/1
f 1534/1/4 1535/1/4 1616/1/4 1615/1/4
f 1527/1/2 1608/1/2 1617/1/2 1536/1/2
f 1535/1/4 1536/1/4 1617/1/4 1616/1/4
f 1531/1/2 1610/1/2 1618/1/2 1540/1/2
f 1530/1/1 1539/1/1 1619/1/1 1611/1/1
f 1539/1/4 1540/1/4 1618/1/4 1619/1/4
f 1611/1/6 1619/1/6 1618/1/6 1610/1/6
f 1532/1/1 1541/1/1 1620/1/1 1613/1/1
f 1534/1/2 1615/1/2 1621/1/2 1542/1/2
f 1533/1/3 1614/1/3 1615/1/3 1534/1/3
f 1614/1/6 1622/1/6 1621/1/6 1615/1/6
f 1541/1/1 1545/1/1 1623/1/1 1620/1/1
f 1542/3/2 1621/3/2 1624/3/2 1550/3/2
f 1557/3/4 1550/3/4 1624/3/4 1625/3/4
f 1622/3/6 1625/3/6 1624/3/6 1621/3/6
f 1545/1/1 1553/1/1 1626/1/1 1623/1/1
f 1553/1/4 1554/1/4 1627/1/4 1626/1/4
f 1557/1/2 1625/1/2 1628/1/2 1555/1/2
f 1554/1/4 1555/1/4 1628/1/4 1627/1/4
f 1568/1/1 1570/1/1 1629/1/1 1630/1/1
f 1568/1/3 1630/1/3 1631/1/3 1571/1/3
f 1630/1/6 1629/1/6 1632/1/6 1631/1/6
f 1572/1/2 1633/1/2 1634/1/2 1573/1/2
f 1571/1/3 1631/1/3 1633/1/3 1572/1/3
f 1631/1/6 1632/1/6 1634/1/6 1633/1/6
f 1565/1/2 1635/1/2 1636/1/2 1637/1/2
f 1563/1/1 1638/1/1 1639/1/1 1640/1/1
f 1563/1/3 1640/1/3 1635/1/3 1565/1/3
f 1640/1/6 1639/1/6 1636/1/6 1635/1/6
f 1563/1/5 1565/1/5 1637/1/5 1638/1/5
f 1570/1/1 1574/1/1 1641/1/1 1629/1/1
f 1629/1/6 1641/1/6 1642/1/6 1632/1/6
f 1573/1/2 1634/1/2 1643/1/2 1576/1/2
f 1632/1/6 1642/1/6 1643/1/6 1634/1/6
f 1637/1/2 1636/1/2 1644/1/2 1645/1/2
f 1638/1/1 1579/1/1 1646/1/1 1639/1/1
f 1639/1/6 1646/1/6 1644/1/6 1636/1/6
f 1638/1/5 1637/1/5 1645/1/5 1579/1/5
f 1574/1/1 1577/1/1 1647/1/1 1641/1/1
f 1641/1/6 1647/1/6 1648/1/6 1642/1/6
f 1576/3/2 1643/3/2 1649/3/2 1578/3/2
f 1645/1/2 1644/1/2 1650/1/2 1586/1/2
f 1579/1/1 1580/1/1 1651/1/1 1646/1/1
f 1579/1/5 1645/1/5 1586/1/5 1580/1/5
f 1577/1/1 1583/1/1 1652/1/1 1647/1/1
f 1583/1/4 1590/1/4 1653/1/4 1652/1/4
f 1647/1/6 1652/1/6 1653/1/6 1648/1/6
f 1648/1/6 1653/1/6 1654/1/6 1649/1/6
f 1655/1/2 1656/1/2 1657/1/2 1658/1/2
f 1578/1/3 1649/1/3 1656/1/3 1655/1/3
f 1578/1/5 1655/1/5 1658/1/5 1584/1/5
f 1581/1/1 1585/1/1 1659/1/1 1660/1/1
f 1581/1/3 1660/1/3 1651/1/3 1580/1/3
f 1586/2/3 1650/2/3 1661/2/3 1587/2/3
f 1583/1/2 1652/1/2 1662/1/2 1589/1/2
f 1587/1/3 1661/1/3 1652/1/3 1583/1/3
f 1590/2/1 1588/2/1 1663/2/1 1653/2/1
f 1653/2/6 1663/2/6 1664/2/6 1654/2/6
f 1658/1/2 1657/1/2 1665/1/2 1597/1/2
f 1584/1/5 1658/1/5 1597/1/5 1591/1/5
f 1585/1/1 1592/1/1 1666/1/1 1659/1/1
f 1589/1/2 1662/1/2 1667/1/2 1595/1/2
f 1588/1/1 1596/1/1 1668/1/1 1663/1/1
f 1597/1/2 1665/1/2 1669/1/2 1598/1/2
f 1592/1/1 1600/1/1 1670/1/1 1666/1/1
f 1594/1/5 1593/1/5 1601/1/5 1599/1/5
f 1595/1/2 1667/1/2 1671/1/2 1602/1/2
f 1596/1/1 1603/1/1 1672/1/1 1668/1/1
f 1598/1/2 1669/1/2 1673/1/2 1604/1/2
f 1600/1/1 1612/1/1 1674/1/1 1670/1/1
f 1600/1/5 1599/1/5 1609/1/5 1612/1/5
f 1599/1/5 1601/1/5 1605/1/5 1609/1/5
f 1675/1/6 1676/1/6 1677/1/6 1678/1/6
f 1602/1/2 1671/1/2 1679/1/2 1606/1/2
f 1678/1/6 1677/1/6 1679/1/6 1671/1/6
f 1603/1/1 1607/1/1 1680/1/1 1672/1/1
f 1604/3/2 1673/3/2 1681/3/2 1608/3/2
f 1612/1/1 1611/1/1 1682/1/1 1674/1/1
f 1611/1/4 1610/1/4 1683/1/4 1682/1/4
f 1610/1/4 1613/1/4 1684/1/4 1683/1/4
f 1609/1/5 1605/1/5 1613/1/5 1610/1/5
f 1676/3/6 1684/3/6 1685/3/6 1677/3/6
f 1606/1/2 1679/1/2 1686/1/2 1614/1/2
f 1677/1/6 1685/1/6 1686/1/6 1679/1/6
f 1607/1/1 1615/1/1 1687/1/1 1680/1/1
f 1615/1/4 1616/1/4 1688/1/4 1687/1/4
f 1608/1/2 1681/1/2 1689/1/2 1617/1/2
f 1616/1/4 1617/1/4 1689/1/4 1688/1/4
f 1613/1/1 1620/1/1 1690/1/1 1684/1/1
f 1684/1/6 1690/1/6 1691/1/6 1685/1/6
f 1614/1/2 1686/1/2 1692/1/2 1622/1/2
f 1685/1/6 1691/1/6 1692/1/6 1686/1/6
f 1620/1/1 1623/1/1 1693/1/1 1690/1/1
f 1690/1/6 1693/1/6 1694/1/6 1691/1/6
f 1622/1/2 1692/1/2 1695/1/2 1625/1/2
f 1691/1/6 1694/1/6 1695/1/6 1692/1/6
f 1623/1/1 1626/1/1 1696/1/1 1693/1/1
f 1626/1/4 1627/1/4 1697/1/4 1696/1/4
f 1693/1/6 1696/1/6 1697/1/6 1694/1/6
f 1625/1/2 1695/1/2 1698/1/2 1628/1/2
f 1627/1/4 1628/1/4 1698/1/4 1697/1/4
f 1694/1/6 1697/1/6 1698/1/6 1695/1/6
f 1642/1/1 1648/1/1 1699/1/1 1700/1/1
f 1642/1/3 1700/1/3 1701/1/3 1643/1/3
f 1648/1/4 1649/1/4 1702/1/4 1699/1/4
f 1700/1/6 1699/1/6 1702/1/6 1701/1/6
f 1703/1/2 1704/1/2 1705/1/2 1656/1/2
f 1643/1/3 1701/1/3 1704/1/3 1703/1/3
f 1701/1/6 1702/1/6 1705/1/6 1704/1/6
f 1643/1/5 1703/1/5 1656/1/5 1649/1/5
f 1706/1/1 1660/1/1 1707/1/1 1708/1/1
f 1706/1/3 1708/1/3 1709/1/3 1646/1/3
f 1708/1/6 1707/1/6 1710/1/6 1709/1/6
f 1706/1/5 1646/1/5 1651/1/5 1660/1/5
f 1646/3/3 1709/3/3 1711/3/3 1644/3/3
f 1709/3/6 1710/3/6 1712/3/6 1711/3/6
f 1644/1/3 1711/1/3 1713/1/3 1714/1/3
f 1711/1/6 1712/1/6 1715/1/6 1713/1/6
f 1644/1/5 1714/1/5 1661/1/5 1650/1/5
f 1647/1/2 1716/1/2 1717/1/2 1652/1/2
f 1714/1/3 1713/1/3 1716/1/3 1647/1/3
f 1713/1/6 1715/1/6 1717/1/6 1716/1/6
f 1714/1/5 1647/1/5 1652/1/5 1661/1/5
f 1656/1/2 1705/1/2 1718/1/2 1657/1/2
f 1649/1/1 1654/1/1 1719/1/1 1702/1/1
f 1702/1/6 1719/1/6 1718/1/6 1705/1/6
f 1660/1/1 1659/1/1 1720/1/1 1707/1/1
f 1707/1/6 1720/1/6 1721/1/6 1710/1/6
f 1710/1/6 1721/1/6 1722/1/6 1712/1/6
f 1712/2/6 1722/2/6 1723/2/6 1715/2/6
f 1652/1/2 1717/1/2 1724/1/2 1662/1/2
f 1715/1/6 1723/1/6 1724/1/6 1717/1/6
f 1657/1/2 1718/1/2 1725/1/2 1665/1/2
f 1654/1/1 1664/1/1 1726/1/1 1719/1/1
f 1719/1/6 1726/1/6 1725/1/6 1718/1/6
f 1659/1/1 1666/1/1 1727/1/1 1720/1/1
f 1720/1/6 1727/1/6 1728/1/6 1721/1/6
f 1721/1/6 1728/1/6 1729/1/6 1722/1/6
f 1722/2/6 1729/2/6 1730/2/6 1723/2/6
f 1662/1/2 1724/1/2 1731/1/2 1667/1/2
f 1723/1/6 1730/1/6 1731/1/6 1724/1/6
f 1663/1/1 1668/1/1 1732/1/1 1733/1/1
f 1663/1/3 1733/1/3 1726/1/3 1664/1/3
f 1733/1/6 1732/1/6 1734/1/6 1726/1/6
f 1665/1/2 1725/1/2 1735/1/2 1669/1/2
f 1726/1/6 1734/1/6 1735/1/6 1725/1/6
f 1666/1/1 1670/1/1 1736/1/1 1727/1/1
f 1727/1/6 1736/1/6 1737/1/6 1728/1/6
f 1728/3/6 1737/3/6 1738/3/6 1729/3/6
f 1675/1/4 1678/1/4 1739/1/4 1738/1/4
f 1729/1/6 1738/1/6 1739/1/6 1730/1/6
f 1667/1/2 1731/1/2 1740/1/2 1671/1/2
f 1678/1/4 1671/1/4 1740/1/4 1739/1/4
f 1730/1/6 1739/1/6 1740/1/6 1731/1/6
f 1668/1/1 1672/1/1 1741/1/1 1732/1/1
f 1732/1/6 1741/1/6 1742/1/6 1734/1/6
f 1669/1/2 1735/1/2 1743/1/2 1673/1/2
f 1734/1/6 1742/1/6 1743/1/6 1735/1/6
f 1670/1/1 1674/1/1 1744/1/1 1736/1/1
f 1736/1/6 1744/1/6 1745/1/6 1737/1/6
f 1675/1/2 1738/1/2 1746/1/2 1676/1/2
f 1737/1/6 1745/1/6 1746/1/6 1738/1/6
f 1672/3/1 1680/3/1 1747/3/1 1741/3/1
f 1741/3/6 1747/3/6 1748/3/6 1742/3/6
f 1673/1/2 1743/1/2 1749/1/2 1681/1/2
f 1742/1/6 1748/1/6 1749/1/6 1743/1/6
f 1674/1/1 1682/1/1 1750/1/1 1744/1/1
f 1682/1/4 1683/1/4 1751/1/4 1750/1/4
f 1744/1/6 1750/1/6 1751/1/6 1745/1/6
f 1676/1/2 1746/1/2 1752/1/2 1684/1/2
f 1683/1/4 1684/1/4 1752/1/4 1751/1/4
f 1745/1/6 1751/1/6 1752/1/6 1746/1/6
f 1680/1/1 1687/1/1 1753/1/1 1747/1/1
f 1687/1/4 1688/1/4 1754/1/4 1753/1/4
f 1747/1/6 1753/1/6 1754/1/6 1748/1/6
f 1681/1/2 1749/1/2 1755/1/2 1689/1/2
f 1688/1/4 1689/1/4 1755/1/4 1754/1/4
f 1748/1/6 1754/1/6 1755/1/6 1749/1/6
