mtllib Alcaparro_enano_Sara_Viviana_Rojas_Gómez_fase_4.mtl
o Alcaparro_enano_Sara_Viviana_Rojas_Gómez_fase_4
v -14.0000 6.5000 -0.5000
v -13.0000 6.5000 -0.5000
v -13.0000 6.5000 -1.5000
v -14.0000 6.5000 -1.5000
v -14.0000 5.5000 -0.5000
v -14.0000 5.5000 -1.5000
v -13.0000 5.5000 -1.5000
v -13.0000 5.5000 -0.5000
v -14.0000 4.5000 -1.5000
v -13.0000 4.5000 -1.5000
v -13.0000 4.5000 -2.5000
v -14.0000 4.5000 -2.5000
v -14.0000 3.5000 -1.5000
v -14.0000 3.5000 -2.5000
v -13.0000 3.5000 -2.5000
v -13.0000 3.5000 -1.5000
v -13.0000 6.5000 0.5000
v -12.0000 6.5000 0.5000
v -12.0000 6.5000 -0.5000
v -13.0000 5.5000 0.5000
v -12.0000 5.5000 -0.5000
v -12.0000 5.5000 0.5000
v -13.0000 4.5000 -0.5000
v -12.0000 4.5000 -0.5000
v -12.0000 4.5000 -1.5000
v -13.0000 3.5000 -0.5000
v -12.0000 3.5000 -1.5000
v -12.0000 3.5000 -0.5000
v -12.0000 6.5000 -1.5000
v -12.0000 5.5000 -1.5000
v -12.0000 6.5000 -2.5000
v -13.0000 6.5000 -2.5000
v -13.0000 5.5000 -2.5000
v -12.0000 5.5000 -2.5000
v -12.0000 6.5000 1.5000
v -11.0000 6.5000 1.5000
v -11.0000 6.5000 0.5000
v -12.0000 5.5000 1.5000
v -11.0000 5.5000 0.5000
v -11.0000 5.5000 1.5000
v -12.0000 4.5000 0.5000
v -11.0000 4.5000 -0.5000
v -11.0000 4.5000 0.5000
v -11.0000 5.5000 -0.5000
v -12.0000 7.5000 0.5000
v -11.0000 7.5000 0.5000
v -11.0000 7.5000 -0.5000
v -12.0000 7.5000 -0.5000
v -11.0000 6.5000 -0.5000
v -11.0000 4.5000 -1.5000
v -11.0000 3.5000 -1.5000
v -11.0000 3.5000 -0.5000
v -11.0000 6.5000 -1.5000
v -11.0000 5.5000 -1.5000
v -11.0000 1.5000 0.5000
v -11.0000 1.5000 -0.5000
v -10.0000 1.5000 -0.5000
v -10.0000 1.5000 0.5000
v -10.0000 2.5000 0.5000
v -11.0000 2.5000 0.5000
v -11.0000 2.5000 -0.5000
v -10.0000 3.5000 0.5000
v -11.0000 3.5000 0.5000
v -10.0000 4.5000 0.5000
v -10.0000 4.5000 -0.5000
v -10.0000 6.5000 0.5000
v -10.0000 6.5000 -0.5000
v -10.0000 5.5000 -0.5000
v -10.0000 5.5000 0.5000
v -11.0000 1.5000 -1.5000
v -10.0000 1.5000 -1.5000
v -11.0000 2.5000 -1.5000
v -10.0000 4.5000 -1.5000
v -11.0000 1.5000 -2.5000
v -10.0000 1.5000 -2.5000
v -11.0000 2.5000 -2.5000
v -10.0000 2.5000 -2.5000
v -11.0000 3.5000 -2.5000
v -10.0000 3.5000 -2.5000
v -10.0000 4.5000 -2.5000
v -11.0000 4.5000 -2.5000
v -9.0000 1.5000 -0.5000
v -9.0000 1.5000 0.5000
v -9.0000 2.5000 0.5000
v -9.0000 3.5000 0.5000
v -9.0000 4.5000 0.5000
v -9.0000 5.5000 0.5000
v -9.0000 5.5000 -0.5000
v -9.0000 4.5000 -0.5000
v -9.0000 1.5000 -1.5000
v -9.0000 4.5000 -1.5000
v -9.0000 1.5000 -2.5000
v -9.0000 2.5000 -2.5000
v -9.0000 2.5000 -1.5000
v -9.0000 3.5000 -2.5000
v -9.0000 3.5000 -1.5000
v -9.0000 4.5000 -2.5000
v -9.0000 1.5000 1.5000
v -8.0000 1.5000 0.5000
v -8.0000 1.5000 1.5000
v -8.0000 2.5000 1.5000
v -9.0000 2.5000 1.5000
v -8.0000 3.5000 1.5000
v -9.0000 3.5000 1.5000
v -9.0000 4.5000 1.5000
v -8.0000 4.5000 1.5000
v -8.0000 4.5000 0.5000
v -8.0000 3.5000 0.5000
v -8.0000 1.5000 -0.5000
v -8.0000 3.5000 -0.5000
v -8.0000 4.5000 -0.5000
v -8.0000 5.5000 0.5000
v -8.0000 5.5000 -0.5000
v -8.0000 1.5000 -1.5000
v -8.0000 2.5000 -1.5000
v -8.0000 3.5000 -1.5000
v -8.0000 5.5000 -1.5000
v -9.0000 5.5000 -1.5000
v -8.0000 4.5000 -1.5000
v -8.0000 4.5000 -2.5000
v -8.0000 3.5000 -2.5000
v -8.0000 0.5000 1.5000
v -8.0000 0.5000 0.5000
v -7.0000 0.5000 0.5000
v -7.0000 0.5000 1.5000
v -7.0000 1.5000 1.5000
v -7.0000 2.5000 1.5000
v -7.0000 3.5000 1.5000
v -7.0000 3.5000 0.5000
v -8.0000 9.5000 1.5000
v -7.0000 9.5000 1.5000
v -7.0000 9.5000 0.5000
v -8.0000 9.5000 0.5000
v -8.0000 8.5000 1.5000
v -8.0000 8.5000 0.5000
v -7.0000 8.5000 0.5000
v -7.0000 8.5000 1.5000
v -8.0000 16.5000 1.5000
v -7.0000 16.5000 1.5000
v -7.0000 16.5000 0.5000
v -8.0000 16.5000 0.5000
v -8.0000 15.5000 1.5000
v -8.0000 15.5000 0.5000
v -7.0000 15.5000 0.5000
v -7.0000 15.5000 1.5000
v -8.0000 0.5000 -0.5000
v -7.0000 0.5000 -0.5000
v -7.0000 3.5000 -0.5000
v -7.0000 8.5000 -0.5000
v -8.0000 8.5000 -0.5000
v -8.0000 7.5000 0.5000
v -8.0000 7.5000 -0.5000
v -7.0000 7.5000 -0.5000
v -7.0000 7.5000 0.5000
v -8.0000 0.5000 -1.5000
v -7.0000 0.5000 -1.5000
v -7.0000 1.5000 -1.5000
v -7.0000 2.5000 -1.5000
v -7.0000 3.5000 -1.5000
v -7.0000 4.5000 -0.5000
v -7.0000 4.5000 -1.5000
v -7.0000 16.5000 2.5000
v -6.0000 16.5000 2.5000
v -6.0000 16.5000 1.5000
v -7.0000 15.5000 2.5000
v -6.0000 15.5000 1.5000
v -6.0000 15.5000 2.5000
v -6.0000 0.5000 0.5000
v -6.0000 0.5000 1.5000
v -6.0000 1.5000 1.5000
v -6.0000 2.5000 1.5000
v -6.0000 3.5000 1.5000
v -6.0000 3.5000 0.5000
v -6.0000 8.5000 1.5000
v -6.0000 8.5000 0.5000
v -7.0000 7.5000 1.5000
v -6.0000 7.5000 0.5000
v -6.0000 7.5000 1.5000
v -6.0000 15.5000 0.5000
v -7.0000 17.5000 1.5000
v -6.0000 17.5000 1.5000
v -6.0000 17.5000 0.5000
v -7.0000 17.5000 0.5000
v -6.0000 16.5000 0.5000
v -6.0000 0.5000 -0.5000
v -6.0000 3.5000 -0.5000
v -6.0000 7.5000 -0.5000
v -7.0000 6.5000 0.5000
v -7.0000 6.5000 -0.5000
v -6.0000 6.5000 -0.5000
v -6.0000 6.5000 0.5000
v -6.0000 16.5000 -0.5000
v -7.0000 16.5000 -0.5000
v -7.0000 15.5000 -0.5000
v -6.0000 15.5000 -0.5000
v -6.0000 0.5000 -1.5000
v -6.0000 1.5000 -1.5000
v -6.0000 2.5000 -1.5000
v -6.0000 3.5000 -1.5000
v -6.0000 -17.5000 4.5000
v -6.0000 -17.5000 3.5000
v -5.0000 -17.5000 3.5000
v -5.0000 -17.5000 4.5000
v -5.0000 -16.5000 4.5000
v -6.0000 -16.5000 4.5000
v -6.0000 -16.5000 3.5000
v -5.0000 -16.5000 3.5000
v -5.0000 -15.5000 4.5000
v -6.0000 -15.5000 4.5000
v -6.0000 -15.5000 3.5000
v -5.0000 -15.5000 3.5000
v -5.0000 -14.5000 4.5000
v -6.0000 -14.5000 4.5000
v -6.0000 -14.5000 3.5000
v -5.0000 -14.5000 3.5000
v -5.0000 -13.5000 4.5000
v -6.0000 -13.5000 4.5000
v -6.0000 -13.5000 3.5000
v -5.0000 -13.5000 3.5000
v -5.0000 -12.5000 4.5000
v -6.0000 -12.5000 4.5000
v -6.0000 -12.5000 3.5000
v -5.0000 -12.5000 3.5000
v -5.0000 -11.5000 4.5000
v -6.0000 -11.5000 4.5000
v -6.0000 -11.5000 3.5000
v -5.0000 -10.5000 4.5000
v -6.0000 -10.5000 4.5000
v -6.0000 -10.5000 3.5000
v -5.0000 -9.5000 4.5000
v -6.0000 -9.5000 4.5000
v -6.0000 -9.5000 3.5000
v -5.0000 -9.5000 3.5000
v -5.0000 -10.5000 3.5000
v -6.0000 -8.5000 4.5000
v -5.0000 -8.5000 4.5000
v -5.0000 -8.5000 3.5000
v -6.0000 -8.5000 3.5000
v -6.0000 -12.5000 2.5000
v -5.0000 -12.5000 2.5000
v -6.0000 -11.5000 2.5000
v -5.0000 -11.5000 2.5000
v -5.0000 -11.5000 3.5000
v -5.0000 -10.5000 2.5000
v -6.0000 -10.5000 2.5000
v -6.0000 -6.5000 3.5000
v -5.0000 -6.5000 3.5000
v -5.0000 -6.5000 2.5000
v -6.0000 -6.5000 2.5000
v -6.0000 -7.5000 3.5000
v -6.0000 -7.5000 2.5000
v -5.0000 -7.5000 2.5000
v -5.0000 -7.5000 3.5000
v -5.0000 0.5000 0.5000
v -5.0000 0.5000 1.5000
v -5.0000 1.5000 1.5000
v -5.0000 1.5000 0.5000
v -5.0000 2.5000 1.5000
v -5.0000 2.5000 0.5000
v -5.0000 3.5000 1.5000
v -5.0000 3.5000 0.5000
v -5.0000 7.5000 1.5000
v -5.0000 7.5000 0.5000
v -6.0000 6.5000 1.5000
v -5.0000 6.5000 0.5000
v -5.0000 6.5000 1.5000
v -6.0000 14.5000 1.5000
v -6.0000 14.5000 0.5000
v -5.0000 14.5000 0.5000
v -5.0000 14.5000 1.5000
v -5.0000 15.5000 1.5000
v -5.0000 15.5000 0.5000
v -5.0000 16.5000 1.5000
v -5.0000 16.5000 0.5000
v -5.0000 0.5000 -0.5000
v -5.0000 3.5000 -0.5000
v -5.0000 6.5000 -0.5000
v -6.0000 5.5000 0.5000
v -6.0000 5.5000 -0.5000
v -5.0000 5.5000 -0.5000
v -5.0000 5.5000 0.5000
v -6.0000 -1.5000 -0.5000
v -5.0000 -1.5000 -0.5000
v -5.0000 -1.5000 -1.5000
v -6.0000 -1.5000 -1.5000
v -6.0000 -2.5000 -0.5000
v -6.0000 -2.5000 -1.5000
v -5.0000 -2.5000 -1.5000
v -5.0000 -2.5000 -0.5000
v -5.0000 0.5000 -1.5000
v -5.0000 1.5000 -1.5000
v -5.0000 1.5000 -0.5000
v -5.0000 2.5000 -1.5000
v -5.0000 2.5000 -0.5000
v -5.0000 3.5000 -1.5000
v -5.0000 15.5000 -0.5000
v -5.0000 15.5000 -1.5000
v -6.0000 15.5000 -1.5000
v -6.0000 14.5000 -0.5000
v -6.0000 14.5000 -1.5000
v -5.0000 14.5000 -1.5000
v -5.0000 14.5000 -0.5000
v -6.0000 -17.5000 -2.5000
v -6.0000 -17.5000 -3.5000
v -5.0000 -17.5000 -3.5000
v -5.0000 -17.5000 -2.5000
v -5.0000 -16.5000 -2.5000
v -6.0000 -16.5000 -2.5000
v -6.0000 -16.5000 -3.5000
v -5.0000 -16.5000 -3.5000
v -5.0000 -15.5000 -2.5000
v -6.0000 -15.5000 -2.5000
v -6.0000 -15.5000 -3.5000
v -5.0000 -15.5000 -3.5000
v -5.0000 -14.5000 -2.5000
v -6.0000 -14.5000 -2.5000
v -6.0000 -14.5000 -3.5000
v -5.0000 -14.5000 -3.5000
v -5.0000 -13.5000 -2.5000
v -6.0000 -13.5000 -2.5000
v -6.0000 -13.5000 -3.5000
v -5.0000 -13.5000 -3.5000
v -5.0000 -12.5000 -2.5000
v -6.0000 -12.5000 -2.5000
v -6.0000 -12.5000 -3.5000
v -5.0000 -12.5000 -3.5000
v -5.0000 -11.5000 -2.5000
v -6.0000 -11.5000 -2.5000
v -6.0000 -11.5000 -3.5000
v -5.0000 -10.5000 -2.5000
v -6.0000 -10.5000 -2.5000
v -6.0000 -10.5000 -3.5000
v -5.0000 -9.5000 -2.5000
v -6.0000 -9.5000 -2.5000
v -6.0000 -9.5000 -3.5000
v -5.0000 -9.5000 -3.5000
v -5.0000 -10.5000 -3.5000
v -6.0000 -8.5000 -2.5000
v -5.0000 -8.5000 -2.5000
v -5.0000 -8.5000 -3.5000
v -6.0000 -8.5000 -3.5000
v -6.0000 -6.5000 -2.5000
v -6.0000 -6.5000 -3.5000
v -5.0000 -6.5000 -3.5000
v -5.0000 -6.5000 -2.5000
v -5.0000 -5.5000 -2.5000
v -6.0000 -5.5000 -2.5000
v -6.0000 -5.5000 -3.5000
v -5.0000 -5.5000 -3.5000
v -5.0000 -4.5000 -2.5000
v -6.0000 -4.5000 -2.5000
v -6.0000 -4.5000 -3.5000
v -5.0000 -4.5000 -3.5000
v -5.0000 -3.5000 -2.5000
v -6.0000 -3.5000 -2.5000
v -6.0000 -3.5000 -3.5000
v -5.0000 -3.5000 -3.5000
v -5.0000 -2.5000 -2.5000
v -6.0000 -2.5000 -2.5000
v -6.0000 -2.5000 -3.5000
v -5.0000 -2.5000 -3.5000
v -5.0000 -1.5000 -2.5000
v -6.0000 -1.5000 -2.5000
v -6.0000 -1.5000 -3.5000
v -5.0000 -1.5000 -3.5000
v -6.0000 -0.5000 -2.5000
v -5.0000 -0.5000 -2.5000
v -5.0000 -0.5000 -3.5000
v -6.0000 -0.5000 -3.5000
v -6.0000 -12.5000 -4.5000
v -5.0000 -12.5000 -4.5000
v -6.0000 -11.5000 -4.5000
v -5.0000 -11.5000 -4.5000
v -5.0000 -11.5000 -3.5000
v -5.0000 -10.5000 -4.5000
v -6.0000 -10.5000 -4.5000
v -5.0000 10.5000 5.5000
v -4.0000 10.5000 5.5000
v -4.0000 10.5000 4.5000
v -5.0000 10.5000 4.5000
v -5.0000 9.5000 5.5000
v -5.0000 9.5000 4.5000
v -4.0000 9.5000 4.5000
v -4.0000 9.5000 5.5000
v -4.0000 -12.5000 3.5000
v -4.0000 -12.5000 4.5000
v -4.0000 -11.5000 4.5000
v -4.0000 -11.5000 3.5000
v -4.0000 -10.5000 4.5000
v -4.0000 -10.5000 3.5000
v -4.0000 -8.5000 3.5000
v -4.0000 -8.5000 4.5000
v -4.0000 -7.5000 4.5000
v -5.0000 -7.5000 4.5000
v -4.0000 -7.5000 3.5000
v -4.0000 -6.5000 4.5000
v -5.0000 -6.5000 4.5000
v -4.0000 -6.5000 3.5000
v -4.0000 -5.5000 4.5000
v -5.0000 -5.5000 4.5000
v -4.0000 -5.5000 3.5000
v -5.0000 -5.5000 3.5000
v -4.0000 -4.5000 4.5000
v -5.0000 -4.5000 4.5000
v -5.0000 -4.5000 3.5000
v -4.0000 -4.5000 3.5000
v -5.0000 -3.5000 4.5000
v -4.0000 -3.5000 4.5000
v -4.0000 -3.5000 3.5000
v -5.0000 -3.5000 3.5000
v -5.0000 0.5000 4.5000
v -4.0000 0.5000 4.5000
v -4.0000 0.5000 3.5000
v -5.0000 0.5000 3.5000
v -5.0000 -0.5000 4.5000
v -5.0000 -0.5000 3.5000
v -4.0000 -0.5000 3.5000
v -4.0000 -0.5000 4.5000
v -4.0000 10.5000 3.5000
v -5.0000 10.5000 3.5000
v -5.0000 9.5000 3.5000
v -4.0000 9.5000 3.5000
v -4.0000 -16.5000 3.5000
v -4.0000 -16.5000 2.5000
v -5.0000 -16.5000 2.5000
v -5.0000 -17.5000 2.5000
v -4.0000 -17.5000 2.5000
v -4.0000 -17.5000 3.5000
v -5.0000 -8.5000 2.5000
v -4.0000 -8.5000 2.5000
v -4.0000 -7.5000 2.5000
v -4.0000 -5.5000 2.5000
v -5.0000 -5.5000 2.5000
v -4.0000 -6.5000 2.5000
v -4.0000 -6.5000 1.5000
v -5.0000 -6.5000 1.5000
v -5.0000 -7.5000 1.5000
v -4.0000 -7.5000 1.5000
v -4.0000 6.5000 1.5000
v -4.0000 6.5000 0.5000
v -5.0000 5.5000 1.5000
v -4.0000 5.5000 0.5000
v -4.0000 5.5000 1.5000
v -4.0000 14.5000 1.5000
v -4.0000 14.5000 0.5000
v -5.0000 13.5000 1.5000
v -5.0000 13.5000 0.5000
v -4.0000 13.5000 0.5000
v -4.0000 13.5000 1.5000
v -5.0000 -10.5000 0.5000
v -5.0000 -10.5000 -0.5000
v -4.0000 -10.5000 -0.5000
v -4.0000 -10.5000 0.5000
v -4.0000 -9.5000 0.5000
v -5.0000 -9.5000 0.5000
v -5.0000 -9.5000 -0.5000
v -4.0000 -9.5000 -0.5000
v -4.0000 -8.5000 0.5000
v -5.0000 -8.5000 0.5000
v -5.0000 -8.5000 -0.5000
v -4.0000 -8.5000 -0.5000
v -4.0000 -7.5000 0.5000
v -5.0000 -7.5000 0.5000
v -5.0000 -7.5000 -0.5000
v -4.0000 -7.5000 -0.5000
v -4.0000 -6.5000 0.5000
v -5.0000 -6.5000 0.5000
v -5.0000 -6.5000 -0.5000
v -4.0000 -6.5000 -0.5000
v -4.0000 -5.5000 0.5000
v -5.0000 -5.5000 0.5000
v -5.0000 -5.5000 -0.5000
v -4.0000 -5.5000 -0.5000
v -4.0000 -4.5000 0.5000
v -5.0000 -4.5000 0.5000
v -5.0000 -4.5000 -0.5000
v -4.0000 -4.5000 -0.5000
v -4.0000 -3.5000 0.5000
v -5.0000 -3.5000 0.5000
v -5.0000 -3.5000 -0.5000
v -4.0000 -3.5000 -0.5000
v -4.0000 -2.5000 0.5000
v -5.0000 -2.5000 0.5000
v -4.0000 -1.5000 0.5000
v -5.0000 -1.5000 0.5000
v -4.0000 -0.5000 0.5000
v -5.0000 -0.5000 0.5000
v -5.0000 -0.5000 -0.5000
v -4.0000 0.5000 0.5000
v -4.0000 0.5000 -0.5000
v -4.0000 -0.5000 -0.5000
v -4.0000 1.5000 0.5000
v -4.0000 1.5000 -0.5000
v -4.0000 2.5000 0.5000
v -4.0000 2.5000 -0.5000
v -4.0000 3.5000 0.5000
v -4.0000 3.5000 -0.5000
v -4.0000 4.5000 0.5000
v -5.0000 4.5000 0.5000
v -5.0000 4.5000 -0.5000
v -4.0000 4.5000 -0.5000
v -4.0000 5.5000 -0.5000
v -4.0000 6.5000 -0.5000
v -4.0000 7.5000 0.5000
v -4.0000 7.5000 -0.5000
v -5.0000 7.5000 -0.5000
v -5.0000 9.5000 0.5000
v -4.0000 9.5000 0.5000
v -4.0000 9.5000 -0.5000
v -5.0000 9.5000 -0.5000
v -5.0000 8.5000 0.5000
v -5.0000 8.5000 -0.5000
v -4.0000 8.5000 -0.5000
v -4.0000 8.5000 0.5000
v -4.0000 15.5000 0.5000
v -4.0000 15.5000 -0.5000
v -4.0000 14.5000 -0.5000
v -5.0000 -3.5000 -1.5000
v -4.0000 -3.5000 -1.5000
v -4.0000 -2.5000 -1.5000
v -4.0000 -0.5000 -1.5000
v -5.0000 -0.5000 -1.5000
v -4.0000 -1.5000 -1.5000
v -4.0000 14.5000 -1.5000
v -5.0000 16.5000 -0.5000
v -4.0000 16.5000 -0.5000
v -4.0000 16.5000 -1.5000
v -5.0000 16.5000 -1.5000
v -4.0000 15.5000 -1.5000
v -5.0000 -16.5000 -1.5000
v -4.0000 -16.5000 -1.5000
v -4.0000 -16.5000 -2.5000
v -5.0000 -17.5000 -1.5000
v -4.0000 -17.5000 -2.5000
v -4.0000 -17.5000 -1.5000
v -4.0000 -1.5000 -2.5000
v -4.0000 -2.5000 -2.5000
v -4.0000 15.5000 -2.5000
v -5.0000 15.5000 -2.5000
v -5.0000 14.5000 -2.5000
v -4.0000 14.5000 -2.5000
v -4.0000 -12.5000 -3.5000
v -4.0000 -12.5000 -2.5000
v -4.0000 -11.5000 -2.5000
v -4.0000 -11.5000 -3.5000
v -4.0000 -10.5000 -2.5000
v -4.0000 -10.5000 -3.5000
v -4.0000 -0.5000 -2.5000
v -4.0000 -0.5000 -3.5000
v -4.0000 -1.5000 -3.5000
v -5.0000 11.5000 -2.5000
v -4.0000 11.5000 -2.5000
v -4.0000 11.5000 -3.5000
v -5.0000 11.5000 -3.5000
v -5.0000 10.5000 -2.5000
v -5.0000 10.5000 -3.5000
v -4.0000 10.5000 -3.5000
v -4.0000 10.5000 -2.5000
v -4.0000 0.5000 5.5000
v -3.0000 0.5000 5.5000
v -3.0000 0.5000 4.5000
v -4.0000 -0.5000 5.5000
v -3.0000 -0.5000 4.5000
v -3.0000 -0.5000 5.5000
v -3.0000 10.5000 5.5000
v -3.0000 10.5000 4.5000
v -3.0000 9.5000 4.5000
v -3.0000 9.5000 5.5000
v -3.0000 -3.5000 4.5000
v -3.0000 -3.5000 3.5000
v -3.0000 -4.5000 3.5000
v -3.0000 -4.5000 4.5000
v -4.0000 -1.5000 4.5000
v -4.0000 -1.5000 3.5000
v -3.0000 -1.5000 3.5000
v -3.0000 -1.5000 4.5000
v -3.0000 -0.5000 3.5000
v -4.0000 1.5000 4.5000
v -3.0000 1.5000 4.5000
v -3.0000 1.5000 3.5000
v -4.0000 1.5000 3.5000
v -3.0000 0.5000 3.5000
v -4.0000 5.5000 4.5000
v -4.0000 5.5000 3.5000
v -3.0000 5.5000 3.5000
v -3.0000 5.5000 4.5000
v -3.0000 6.5000 4.5000
v -4.0000 6.5000 4.5000
v -4.0000 6.5000 3.5000
v -3.0000 6.5000 3.5000
v -3.0000 7.5000 4.5000
v -4.0000 7.5000 4.5000
v -4.0000 7.5000 3.5000
v -3.0000 7.5000 3.5000
v -3.0000 8.5000 4.5000
v -4.0000 8.5000 4.5000
v -4.0000 8.5000 3.5000
v -3.0000 8.5000 3.5000
v -3.0000 9.5000 3.5000
v -3.0000 10.5000 3.5000
v -3.0000 -6.5000 3.5000
v -3.0000 -6.5000 2.5000
v -3.0000 -7.5000 2.5000
v -3.0000 -7.5000 3.5000
v -3.0000 0.5000 2.5000
v -4.0000 0.5000 2.5000
v -4.0000 -0.5000 2.5000
v -3.0000 -0.5000 2.5000
v -3.0000 -16.5000 2.5000
v -3.0000 -16.5000 1.5000
v -4.0000 -16.5000 1.5000
v -4.0000 -17.5000 1.5000
v -3.0000 -17.5000 1.5000
v -3.0000 -17.5000 2.5000
v -4.0000 -10.5000 2.5000
v -4.0000 -10.5000 1.5000
v -3.0000 -10.5000 1.5000
v -3.0000 -10.5000 2.5000
v -3.0000 -9.5000 2.5000
v -4.0000 -9.5000 2.5000
v -4.0000 -9.5000 1.5000
v -3.0000 -8.5000 2.5000
v -4.0000 -8.5000 1.5000
v -3.0000 -5.5000 2.5000
v -4.0000 -5.5000 1.5000
v -3.0000 -4.5000 2.5000
v -4.0000 -4.5000 2.5000
v -4.0000 -4.5000 1.5000
v -3.0000 -3.5000 2.5000
v -4.0000 -3.5000 2.5000
v -4.0000 -3.5000 1.5000
v -3.0000 -2.5000 2.5000
v -4.0000 -2.5000 2.5000
v -4.0000 -2.5000 1.5000
v -3.0000 -1.5000 2.5000
v -4.0000 -1.5000 2.5000
v -4.0000 -1.5000 1.5000
v -4.0000 -0.5000 1.5000
v -4.0000 0.5000 1.5000
v -3.0000 1.5000 2.5000
v -4.0000 1.5000 2.5000
v -4.0000 1.5000 1.5000
v -4.0000 2.5000 2.5000
v -3.0000 2.5000 2.5000
v -3.0000 2.5000 1.5000
v -4.0000 2.5000 1.5000
v -4.0000 7.5000 2.5000
v -4.0000 7.5000 1.5000
v -3.0000 7.5000 1.5000
v -3.0000 7.5000 2.5000
v -3.0000 8.5000 2.5000
v -4.0000 8.5000 2.5000
v -4.0000 8.5000 1.5000
v -3.0000 9.5000 2.5000
v -4.0000 9.5000 2.5000
v -4.0000 9.5000 1.5000
v -4.0000 10.5000 2.5000
v -3.0000 10.5000 2.5000
v -3.0000 10.5000 1.5000
v -4.0000 10.5000 1.5000
v -4.0000 15.5000 2.5000
v -3.0000 15.5000 2.5000
v -3.0000 15.5000 1.5000
v -4.0000 15.5000 1.5000
v -4.0000 14.5000 2.5000
v -3.0000 14.5000 1.5000
v -3.0000 14.5000 2.5000
v -3.0000 -10.5000 0.5000
v -3.0000 2.5000 0.5000
v -3.0000 6.5000 0.5000
v -3.0000 6.5000 1.5000
v -4.0000 10.5000 0.5000
v -4.0000 11.5000 1.5000
v -3.0000 11.5000 1.5000
v -3.0000 11.5000 0.5000
v -4.0000 11.5000 0.5000
v -3.0000 13.5000 1.5000
v -3.0000 13.5000 0.5000
v -4.0000 12.5000 1.5000
v -4.0000 12.5000 0.5000
v -3.0000 12.5000 0.5000
v -3.0000 12.5000 1.5000
v -3.0000 -10.5000 -0.5000
v -3.0000 3.5000 0.5000
v -3.0000 3.5000 -0.5000
v -3.0000 2.5000 -0.5000
v -3.0000 4.5000 0.5000
v -3.0000 4.5000 -0.5000
v -3.0000 5.5000 0.5000
v -3.0000 5.5000 -0.5000
v -3.0000 6.5000 -0.5000
v -4.0000 10.5000 -0.5000
v -3.0000 11.5000 -0.5000
v -4.0000 11.5000 -0.5000
v -4.0000 -16.5000 -0.5000
v -3.0000 -16.5000 -0.5000
v -3.0000 -16.5000 -1.5000
v -4.0000 -17.5000 -0.5000
v -3.0000 -17.5000 -1.5000
v -3.0000 -17.5000 -0.5000
v -4.0000 -10.5000 -1.5000
v -3.0000 -10.5000 -1.5000
v -4.0000 -9.5000 -1.5000
v -4.0000 -8.5000 -1.5000
v -4.0000 -7.5000 -1.5000
v -4.0000 -6.5000 -1.5000
v -4.0000 -5.5000 -1.5000
v -4.0000 -4.5000 -1.5000
v -4.0000 0.5000 -1.5000
v -4.0000 1.5000 -1.5000
v -3.0000 2.5000 -1.5000
v -4.0000 2.5000 -1.5000
v -4.0000 6.5000 -1.5000
v -3.0000 6.5000 -1.5000
v -4.0000 7.5000 -1.5000
v -3.0000 7.5000 -1.5000
v -4.0000 8.5000 -1.5000
v -4.0000 9.5000 -1.5000
v -4.0000 10.5000 -1.5000
v -3.0000 11.5000 -1.5000
v -4.0000 11.5000 -1.5000
v -4.0000 13.5000 -0.5000
v -4.0000 13.5000 -1.5000
v -3.0000 13.5000 -1.5000
v -3.0000 13.5000 -0.5000
v -3.0000 14.5000 -0.5000
v -3.0000 14.5000 -1.5000
v -3.0000 15.5000 -0.5000
v -3.0000 15.5000 -1.5000
v -3.0000 -10.5000 -2.5000
v -4.0000 -9.5000 -2.5000
v -3.0000 -9.5000 -2.5000
v -4.0000 -8.5000 -2.5000
v -3.0000 -8.5000 -2.5000
v -4.0000 -7.5000 -2.5000
v -3.0000 -7.5000 -2.5000
v -4.0000 -6.5000 -2.5000
v -3.0000 -6.5000 -2.5000
v -4.0000 -5.5000 -2.5000
v -3.0000 -5.5000 -2.5000
v -4.0000 -4.5000 -2.5000
v -3.0000 -4.5000 -2.5000
v -4.0000 -3.5000 -2.5000
v -3.0000 -3.5000 -2.5000
v -3.0000 -2.5000 -2.5000
v -3.0000 -1.5000 -2.5000
v -3.0000 -0.5000 -2.5000
v -4.0000 0.5000 -2.5000
v -3.0000 0.5000 -2.5000
v -4.0000 1.5000 -2.5000
v -3.0000 1.5000 -2.5000
v -3.0000 2.5000 -2.5000
v -4.0000 2.5000 -2.5000
v -4.0000 7.5000 -2.5000
v -3.0000 7.5000 -2.5000
v -4.0000 8.5000 -2.5000
v -3.0000 8.5000 -2.5000
v -4.0000 9.5000 -2.5000
v -3.0000 9.5000 -2.5000
v -3.0000 11.5000 -2.5000
v -4.0000 9.5000 -3.5000
v -3.0000 9.5000 -3.5000
v -3.0000 10.5000 -3.5000
v -4.0000 12.5000 -2.5000
v -3.0000 12.5000 -2.5000
v -3.0000 12.5000 -3.5000
v -4.0000 12.5000 -3.5000
v -3.0000 11.5000 -3.5000
v -4.0000 -4.5000 -3.5000
v -3.0000 -4.5000 -3.5000
v -3.0000 -4.5000 -4.5000
v -4.0000 -4.5000 -4.5000
v -4.0000 -5.5000 -3.5000
v -4.0000 -5.5000 -4.5000
v -3.0000 -5.5000 -4.5000
v -3.0000 -5.5000 -3.5000
v -3.0000 11.5000 -4.5000
v -4.0000 11.5000 -4.5000
v -4.0000 10.5000 -4.5000
v -3.0000 10.5000 -4.5000
v -3.0000 4.5000 5.5000
v -2.0000 4.5000 5.5000
v -2.0000 4.5000 4.5000
v -3.0000 4.5000 4.5000
v -3.0000 3.5000 5.5000
v -3.0000 3.5000 4.5000
v -2.0000 3.5000 4.5000
v -2.0000 3.5000 5.5000
v -2.0000 10.5000 5.5000
v -2.0000 10.5000 4.5000
v -2.0000 9.5000 4.5000
v -2.0000 9.5000 5.5000
v -2.0000 0.5000 4.5000
v -2.0000 0.5000 3.5000
v -2.0000 -0.5000 3.5000
v -2.0000 -0.5000 4.5000
v -2.0000 5.5000 4.5000
v -2.0000 5.5000 3.5000
v -3.0000 4.5000 3.5000
v -2.0000 4.5000 3.5000
v -2.0000 6.5000 3.5000
v -2.0000 6.5000 4.5000
v -2.0000 7.5000 4.5000
v -2.0000 7.5000 3.5000
v -2.0000 8.5000 4.5000
v -3.0000 11.5000 4.5000
v -2.0000 11.5000 4.5000
v -2.0000 11.5000 3.5000
v -3.0000 11.5000 3.5000
v -2.0000 10.5000 3.5000
v -3.0000 -10.5000 3.5000
v -2.0000 -10.5000 2.5000
v -2.0000 -10.5000 3.5000
v -2.0000 -9.5000 3.5000
v -3.0000 -9.5000 3.5000
v -2.0000 -8.5000 3.5000
v -3.0000 -8.5000 3.5000
v -2.0000 -7.5000 3.5000
v -2.0000 -6.5000 3.5000
v -2.0000 -5.5000 3.5000
v -3.0000 -5.5000 3.5000
v -2.0000 -4.5000 3.5000
v -2.0000 -3.5000 3.5000
v -2.0000 -2.5000 3.5000
v -3.0000 -2.5000 3.5000
v -2.0000 -1.5000 3.5000
v -2.0000 1.5000 3.5000
v -3.0000 2.5000 3.5000
v -2.0000 2.5000 3.5000
v -2.0000 2.5000 2.5000
v -2.0000 7.5000 2.5000
v -2.0000 10.5000 2.5000
v -3.0000 15.5000 3.5000
v -2.0000 15.5000 3.5000
v -2.0000 15.5000 2.5000
v -3.0000 14.5000 3.5000
v -2.0000 14.5000 2.5000
v -2.0000 14.5000 3.5000
v -2.0000 -10.5000 1.5000
v -2.0000 3.5000 2.5000
v -3.0000 3.5000 2.5000
v -3.0000 3.5000 1.5000
v -2.0000 4.5000 2.5000
v -3.0000 4.5000 2.5000
v -3.0000 4.5000 1.5000
v -2.0000 5.5000 2.5000
v -3.0000 5.5000 2.5000
v -3.0000 5.5000 1.5000
v -2.0000 6.5000 2.5000
v -3.0000 6.5000 2.5000
v -3.0000 11.5000 2.5000
v -2.0000 11.5000 2.5000
v -2.0000 11.5000 1.5000
v -3.0000 13.5000 2.5000
v -2.0000 13.5000 1.5000
v -2.0000 13.5000 2.5000
v -2.0000 14.5000 1.5000
v -3.0000 16.5000 2.5000
v -2.0000 16.5000 2.5000
v -2.0000 16.5000 1.5000
v -3.0000 16.5000 1.5000
v -2.0000 15.5000 1.5000
v -2.0000 -16.5000 1.5000
v -2.0000 -16.5000 0.5000
v -3.0000 -16.5000 0.5000
v -3.0000 -17.5000 0.5000
v -2.0000 -17.5000 0.5000
v -2.0000 -17.5000 1.5000
v -2.0000 -10.5000 0.5000
v -2.0000 12.5000 1.5000
v -2.0000 12.5000 0.5000
v -2.0000 15.5000 0.5000
v -3.0000 15.5000 0.5000
v -3.0000 14.5000 0.5000
v -2.0000 14.5000 0.5000
v -2.0000 -16.5000 -0.5000
v -2.0000 -17.5000 -0.5000
v -2.0000 -10.5000 -0.5000
v -2.0000 12.5000 -0.5000
v -3.0000 12.5000 -0.5000
v -2.0000 -10.5000 -1.5000
v -3.0000 3.5000 -1.5000
v -3.0000 4.5000 -1.5000
v -3.0000 5.5000 -1.5000
v -3.0000 12.5000 -1.5000
v -2.0000 12.5000 -1.5000
v -2.0000 11.5000 -1.5000
v -2.0000 13.5000 -0.5000
v -2.0000 13.5000 -1.5000
v -2.0000 -10.5000 -2.5000
v -3.0000 3.5000 -2.5000
v -2.0000 3.5000 -2.5000
v -2.0000 2.5000 -2.5000
v -3.0000 4.5000 -2.5000
v -2.0000 4.5000 -2.5000
v -3.0000 5.5000 -2.5000
v -2.0000 5.5000 -2.5000
v -3.0000 6.5000 -2.5000
v -2.0000 6.5000 -2.5000
v -2.0000 7.5000 -2.5000
v -2.0000 11.5000 -2.5000
v -3.0000 -10.5000 -3.5000
v -2.0000 -10.5000 -3.5000
v -3.0000 -9.5000 -3.5000
v -2.0000 -9.5000 -3.5000
v -3.0000 -8.5000 -3.5000
v -2.0000 -8.5000 -3.5000
v -3.0000 -7.5000 -3.5000
v -2.0000 -7.5000 -3.5000
v -3.0000 -6.5000 -3.5000
v -2.0000 -6.5000 -3.5000
v -3.0000 -3.5000 -3.5000
v -3.0000 -2.5000 -3.5000
v -2.0000 -2.5000 -3.5000
v -2.0000 -3.5000 -3.5000
v -3.0000 -1.5000 -3.5000
v -2.0000 -1.5000 -3.5000
v -3.0000 -0.5000 -3.5000
v -2.0000 -0.5000 -3.5000
v -3.0000 0.5000 -3.5000
v -2.0000 0.5000 -3.5000
v -3.0000 1.5000 -3.5000
v -2.0000 1.5000 -3.5000
v -2.0000 2.5000 -3.5000
v -3.0000 2.5000 -3.5000
v -3.0000 7.5000 -3.5000
v -2.0000 7.5000 -3.5000
v -3.0000 8.5000 -3.5000
v -2.0000 8.5000 -3.5000
v -2.0000 9.5000 -3.5000
v -2.0000 10.5000 -3.5000
v -2.0000 11.5000 -3.5000
v -3.0000 -6.5000 -4.5000
v -2.0000 -6.5000 -4.5000
v -2.0000 -5.5000 -4.5000
v -2.0000 -5.5000 -3.5000
v -2.0000 -3.5000 -4.5000
v -3.0000 -3.5000 -4.5000
v -2.0000 -4.5000 -4.5000
v -2.0000 -4.5000 -3.5000
v -2.0000 -4.5000 -5.5000
v -3.0000 -4.5000 -5.5000
v -3.0000 -5.5000 -5.5000
v -2.0000 -5.5000 -5.5000
v -1.0000 10.5000 5.5000
v -1.0000 10.5000 4.5000
v -1.0000 9.5000 4.5000
v -1.0000 9.5000 5.5000
v -2.0000 -8.5000 4.5000
v -1.0000 -8.5000 4.5000
v -1.0000 -8.5000 3.5000
v -2.0000 -9.5000 4.5000
v -1.0000 -9.5000 3.5000
v -1.0000 -9.5000 4.5000
v -1.0000 5.5000 3.5000
v -1.0000 5.5000 4.5000
v -1.0000 6.5000 4.5000
v -1.0000 6.5000 3.5000
v -1.0000 7.5000 4.5000
v -1.0000 8.5000 4.5000
v -1.0000 10.5000 3.5000
v -1.0000 -10.5000 2.5000
v -1.0000 -10.5000 3.5000
v -1.0000 -7.5000 3.5000
v -1.0000 -6.5000 3.5000
v -1.0000 -5.5000 3.5000
v -1.0000 -4.5000 3.5000
v -1.0000 -3.5000 3.5000
v -1.0000 -2.5000 3.5000
v -1.0000 -1.5000 3.5000
v -1.0000 -0.5000 3.5000
v -1.0000 0.5000 3.5000
v -1.0000 1.5000 3.5000
v -1.0000 2.5000 3.5000
v -1.0000 2.5000 2.5000
v -1.0000 6.5000 2.5000
v -1.0000 11.5000 3.5000
v -1.0000 11.5000 2.5000
v -1.0000 -10.5000 1.5000
v -1.0000 3.5000 2.5000
v -1.0000 4.5000 2.5000
v -1.0000 5.5000 2.5000
v -1.0000 12.5000 2.5000
v -2.0000 12.5000 2.5000
v -1.0000 13.5000 2.5000
v -1.0000 13.5000 1.5000
v -1.0000 12.5000 1.5000
v -1.0000 15.5000 2.5000
v -1.0000 15.5000 1.5000
v -1.0000 14.5000 1.5000
v -1.0000 14.5000 2.5000
v -1.0000 -10.5000 0.5000
v -1.0000 12.5000 0.5000
v -1.0000 -10.5000 -0.5000
v -1.0000 12.5000 -0.5000
v -1.0000 -10.5000 -1.5000
v -1.0000 12.5000 -1.5000
v -1.0000 -10.5000 -2.5000
v -1.0000 3.5000 -2.5000
v -1.0000 2.5000 -2.5000
v -1.0000 4.5000 -2.5000
v -1.0000 5.5000 -2.5000
v -1.0000 6.5000 -2.5000
v -1.0000 12.5000 -2.5000
v -2.0000 12.5000 -2.5000
v -1.0000 11.5000 -2.5000
v -2.0000 15.5000 -1.5000
v -1.0000 15.5000 -1.5000
v -1.0000 15.5000 -2.5000
v -2.0000 15.5000 -2.5000
v -2.0000 14.5000 -1.5000
v -2.0000 14.5000 -2.5000
v -1.0000 14.5000 -2.5000
v -1.0000 14.5000 -1.5000
v -1.0000 -10.5000 -3.5000
v -1.0000 -9.5000 -3.5000
v -1.0000 -8.5000 -3.5000
v -1.0000 -7.5000 -3.5000
v -1.0000 -6.5000 -3.5000
v -1.0000 -5.5000 -3.5000
v -1.0000 -3.5000 -3.5000
v -1.0000 -4.5000 -3.5000
v -1.0000 -2.5000 -3.5000
v -1.0000 -1.5000 -3.5000
v -1.0000 -0.5000 -3.5000
v -1.0000 0.5000 -3.5000
v -1.0000 1.5000 -3.5000
v -1.0000 2.5000 -3.5000
v -2.0000 6.5000 -3.5000
v -1.0000 6.5000 -3.5000
v -1.0000 7.5000 -3.5000
v -1.0000 8.5000 -3.5000
v -1.0000 9.5000 -3.5000
v -1.0000 10.5000 -3.5000
v -1.0000 11.5000 -3.5000
v -1.0000 -4.5000 -4.5000
v -1.0000 -5.5000 -4.5000
v -1.0000 -4.5000 -5.5000
v -1.0000 -5.5000 -5.5000
v -2.0000 -2.5000 -4.5000
v -1.0000 -2.5000 -4.5000
v -1.0000 -2.5000 -5.5000
v -2.0000 -2.5000 -5.5000
v -2.0000 -3.5000 -5.5000
v -1.0000 -3.5000 -5.5000
v -1.0000 -3.5000 -4.5000
v -2.0000 -0.5000 -4.5000
v -1.0000 -0.5000 -4.5000
v -1.0000 -0.5000 -5.5000
v -2.0000 -0.5000 -5.5000
v -2.0000 -1.5000 -4.5000
v -2.0000 -1.5000 -5.5000
v -1.0000 -1.5000 -5.5000
v -1.0000 -1.5000 -4.5000
v -2.0000 1.5000 -4.5000
v -1.0000 1.5000 -4.5000
v -1.0000 1.5000 -5.5000
v -2.0000 1.5000 -5.5000
v -2.0000 0.5000 -4.5000
v -2.0000 0.5000 -5.5000
v -1.0000 0.5000 -5.5000
v -1.0000 0.5000 -4.5000
v -2.0000 3.5000 -4.5000
v -1.0000 3.5000 -4.5000
v -1.0000 3.5000 -5.5000
v -2.0000 3.5000 -5.5000
v -2.0000 2.5000 -4.5000
v -2.0000 2.5000 -5.5000
v -1.0000 2.5000 -5.5000
v -1.0000 2.5000 -4.5000
v -2.0000 5.5000 -4.5000
v -1.0000 5.5000 -4.5000
v -1.0000 5.5000 -5.5000
v -2.0000 5.5000 -5.5000
v -2.0000 4.5000 -4.5000
v -2.0000 4.5000 -5.5000
v -1.0000 4.5000 -5.5000
v -1.0000 4.5000 -4.5000
v -2.0000 7.5000 -4.5000
v -1.0000 7.5000 -4.5000
v -1.0000 7.5000 -5.5000
v -2.0000 7.5000 -5.5000
v -2.0000 6.5000 -4.5000
v -2.0000 6.5000 -5.5000
v -1.0000 6.5000 -5.5000
v -1.0000 6.5000 -4.5000
v -1.0000 -8.5000 5.5000
v 0.0000 -8.5000 5.5000
v 0.0000 -8.5000 4.5000
v -1.0000 -9.5000 5.5000
v 0.0000 -9.5000 4.5000
v 0.0000 -9.5000 5.5000
v -1.0000 4.5000 5.5000
v 0.0000 4.5000 5.5000
v 0.0000 4.5000 4.5000
v -1.0000 4.5000 4.5000
v -1.0000 3.5000 5.5000
v -1.0000 3.5000 4.5000
v 0.0000 3.5000 4.5000
v 0.0000 3.5000 5.5000
v -1.0000 7.5000 5.5000
v 0.0000 7.5000 5.5000
v 0.0000 7.5000 4.5000
v -1.0000 6.5000 5.5000
v 0.0000 6.5000 4.5000
v 0.0000 6.5000 5.5000
v 0.0000 10.5000 5.5000
v 0.0000 10.5000 4.5000
v 0.0000 9.5000 4.5000
v 0.0000 9.5000 5.5000
v -1.0000 -10.5000 4.5000
v 0.0000 -10.5000 3.5000
v 0.0000 -10.5000 4.5000
v 0.0000 -9.5000 3.5000
v 0.0000 -7.5000 4.5000
v -1.0000 -7.5000 4.5000
v 0.0000 -8.5000 3.5000
v 0.0000 -7.5000 3.5000
v 0.0000 -6.5000 4.5000
v -1.0000 -6.5000 4.5000
v 0.0000 -6.5000 3.5000
v 0.0000 -5.5000 4.5000
v -1.0000 -5.5000 4.5000
v 0.0000 -5.5000 3.5000
v 0.0000 -4.5000 4.5000
v -1.0000 -4.5000 4.5000
v 0.0000 -4.5000 3.5000
v 0.0000 -3.5000 4.5000
v -1.0000 -3.5000 4.5000
v 0.0000 -3.5000 3.5000
v 0.0000 -2.5000 4.5000
v -1.0000 -2.5000 4.5000
v 0.0000 -2.5000 3.5000
v 0.0000 -1.5000 4.5000
v -1.0000 -1.5000 4.5000
v 0.0000 -1.5000 3.5000
v 0.0000 -0.5000 4.5000
v -1.0000 -0.5000 4.5000
v 0.0000 -0.5000 3.5000
v 0.0000 0.5000 4.5000
v -1.0000 0.5000 4.5000
v 0.0000 0.5000 3.5000
v 0.0000 1.5000 4.5000
v -1.0000 1.5000 4.5000
v 0.0000 1.5000 3.5000
v 0.0000 2.5000 4.5000
v -1.0000 2.5000 4.5000
v 0.0000 2.5000 3.5000
v 0.0000 3.5000 3.5000
v -1.0000 3.5000 3.5000
v 0.0000 4.5000 3.5000
v -1.0000 4.5000 3.5000
v 0.0000 5.5000 4.5000
v 0.0000 5.5000 3.5000
v 0.0000 8.5000 4.5000
v 0.0000 10.5000 3.5000
v 0.0000 -10.5000 2.5000
v 0.0000 2.5000 2.5000
v 0.0000 3.5000 2.5000
v 0.0000 4.5000 2.5000
v 0.0000 5.5000 2.5000
v 0.0000 6.5000 2.5000
v 0.0000 6.5000 3.5000
v 0.0000 11.5000 3.5000
v 0.0000 11.5000 2.5000
v 0.0000 -10.5000 1.5000
v 0.0000 12.5000 2.5000
v 0.0000 12.5000 1.5000
v 0.0000 -10.5000 0.5000
v 0.0000 12.5000 0.5000
v 0.0000 15.5000 1.5000
v 0.0000 15.5000 0.5000
v -1.0000 15.5000 0.5000
v -1.0000 14.5000 0.5000
v 0.0000 14.5000 0.5000
v 0.0000 14.5000 1.5000
v 0.0000 -10.5000 -0.5000
v 0.0000 12.5000 -0.5000
v 0.0000 -10.5000 -1.5000
v 0.0000 12.5000 -1.5000
v -1.0000 15.5000 -0.5000
v 0.0000 15.5000 -0.5000
v 0.0000 15.5000 -1.5000
v -1.0000 14.5000 -0.5000
v 0.0000 14.5000 -1.5000
v 0.0000 14.5000 -0.5000
v 0.0000 -10.5000 -2.5000
v 0.0000 12.5000 -2.5000
v 0.0000 11.5000 -2.5000
v 0.0000 13.5000 -1.5000
v -1.0000 13.5000 -1.5000
v -1.0000 13.5000 -2.5000
v 0.0000 13.5000 -2.5000
v 0.0000 14.5000 -2.5000
v -1.0000 16.5000 -1.5000
v 0.0000 16.5000 -1.5000
v 0.0000 16.5000 -2.5000
v -1.0000 16.5000 -2.5000
v 0.0000 15.5000 -2.5000
v 0.0000 -10.5000 -3.5000
v -1.0000 3.5000 -3.5000
v 0.0000 3.5000 -3.5000
v 0.0000 2.5000 -3.5000
v 0.0000 2.5000 -2.5000
v 0.0000 3.5000 -2.5000
v 0.0000 4.5000 -3.5000
v 0.0000 4.5000 -2.5000
v -1.0000 4.5000 -3.5000
v -1.0000 5.5000 -3.5000
v 0.0000 5.5000 -3.5000
v 0.0000 5.5000 -2.5000
v 0.0000 6.5000 -3.5000
v 0.0000 6.5000 -2.5000
v 0.0000 7.5000 -3.5000
v 0.0000 8.5000 -3.5000
v 0.0000 10.5000 -3.5000
v 0.0000 9.5000 -3.5000
v 0.0000 11.5000 -3.5000
v 0.0000 15.5000 -3.5000
v -1.0000 15.5000 -3.5000
v -1.0000 14.5000 -3.5000
v 0.0000 14.5000 -3.5000
v -1.0000 -10.5000 -4.5000
v 0.0000 -10.5000 -4.5000
v 0.0000 -9.5000 -4.5000
v 0.0000 -9.5000 -3.5000
v -1.0000 -9.5000 -4.5000
v 0.0000 -8.5000 -4.5000
v 0.0000 -8.5000 -3.5000
v -1.0000 -8.5000 -4.5000
v 0.0000 -7.5000 -4.5000
v 0.0000 -7.5000 -3.5000
v -1.0000 -7.5000 -4.5000
v 0.0000 -6.5000 -4.5000
v 0.0000 -6.5000 -3.5000
v -1.0000 -6.5000 -4.5000
v 0.0000 -5.5000 -4.5000
v 0.0000 -5.5000 -3.5000
v 0.0000 -4.5000 -4.5000
v 0.0000 -4.5000 -3.5000
v 0.0000 -3.5000 -4.5000
v 0.0000 -3.5000 -3.5000
v 0.0000 -2.5000 -4.5000
v 0.0000 -2.5000 -3.5000
v 0.0000 -1.5000 -4.5000
v 0.0000 -1.5000 -3.5000
v 0.0000 -0.5000 -4.5000
v 0.0000 -0.5000 -3.5000
v 0.0000 0.5000 -4.5000
v 0.0000 0.5000 -3.5000
v 0.0000 1.5000 -4.5000
v 0.0000 1.5000 -3.5000
v 0.0000 2.5000 -4.5000
v 0.0000 4.5000 -4.5000
v 0.0000 3.5000 -4.5000
v 0.0000 6.5000 -4.5000
v 0.0000 5.5000 -4.5000
v 0.0000 9.5000 -4.5000
v -1.0000 9.5000 -4.5000
v -1.0000 8.5000 -4.5000
v 0.0000 8.5000 -4.5000
v -1.0000 -13.5000 -4.5000
v -1.0000 -13.5000 -5.5000
v 0.0000 -13.5000 -5.5000
v 0.0000 -13.5000 -4.5000
v 0.0000 -12.5000 -4.5000
v -1.0000 -12.5000 -4.5000
v -1.0000 -12.5000 -5.5000
v 0.0000 -12.5000 -5.5000
v 0.0000 -11.5000 -4.5000
v -1.0000 -11.5000 -4.5000
v -1.0000 -11.5000 -5.5000
v 0.0000 -11.5000 -5.5000
v -1.0000 -10.5000 -5.5000
v 0.0000 -10.5000 -5.5000
v -1.0000 -9.5000 -5.5000
v 0.0000 -9.5000 -5.5000
v -1.0000 -8.5000 -5.5000
v 0.0000 -8.5000 -5.5000
v -1.0000 -7.5000 -5.5000
v 0.0000 -7.5000 -5.5000
v -1.0000 -6.5000 -5.5000
v 0.0000 -6.5000 -5.5000
v 0.0000 -5.5000 -5.5000
v 0.0000 -3.5000 -5.5000
v 0.0000 -4.5000 -5.5000
v 0.0000 -1.5000 -5.5000
v 0.0000 -2.5000 -5.5000
v 0.0000 0.5000 -5.5000
v 0.0000 -0.5000 -5.5000
v 0.0000 2.5000 -5.5000
v 0.0000 1.5000 -5.5000
v 0.0000 4.5000 -5.5000
v 0.0000 3.5000 -5.5000
v 0.0000 6.5000 -5.5000
v 0.0000 5.5000 -5.5000
v 1.0000 10.5000 5.5000
v 1.0000 10.5000 4.5000
v 1.0000 9.5000 4.5000
v 1.0000 9.5000 5.5000
v 1.0000 -8.5000 4.5000
v 1.0000 -8.5000 3.5000
v 1.0000 -9.5000 3.5000
v 1.0000 -9.5000 4.5000
v 1.0000 5.5000 3.5000
v 1.0000 5.5000 4.5000
v 1.0000 6.5000 4.5000
v 1.0000 6.5000 3.5000
v 1.0000 7.5000 4.5000
v 1.0000 8.5000 4.5000
v 0.0000 11.5000 4.5000
v 1.0000 11.5000 4.5000
v 1.0000 11.5000 3.5000
v 1.0000 10.5000 3.5000
v 1.0000 -10.5000 2.5000
v 1.0000 -10.5000 3.5000
v 1.0000 -7.5000 3.5000
v 1.0000 -6.5000 3.5000
v 1.0000 -5.5000 3.5000
v 1.0000 -4.5000 3.5000
v 1.0000 -3.5000 3.5000
v 1.0000 -2.5000 3.5000
v 1.0000 -1.5000 3.5000
v 1.0000 -0.5000 3.5000
v 1.0000 0.5000 3.5000
v 1.0000 1.5000 3.5000
v 1.0000 2.5000 3.5000
v 1.0000 2.5000 2.5000
v 1.0000 6.5000 2.5000
v 1.0000 11.5000 2.5000
v 1.0000 10.5000 2.5000
v 1.0000 -10.5000 1.5000
v 1.0000 3.5000 2.5000
v 1.0000 4.5000 2.5000
v 1.0000 5.5000 2.5000
v 1.0000 12.5000 2.5000
v 1.0000 12.5000 1.5000
v 1.0000 11.5000 1.5000
v 0.0000 15.5000 2.5000
v 1.0000 15.5000 2.5000
v 1.0000 15.5000 1.5000
v 0.0000 14.5000 2.5000
v 1.0000 14.5000 1.5000
v 1.0000 14.5000 2.5000
v 0.0000 -16.5000 1.5000
v 1.0000 -16.5000 1.5000
v 1.0000 -16.5000 0.5000
v 0.0000 -16.5000 0.5000
v 0.0000 -17.5000 1.5000
v 0.0000 -17.5000 0.5000
v 1.0000 -17.5000 0.5000
v 1.0000 -17.5000 1.5000
v 1.0000 -10.5000 0.5000
v 1.0000 13.5000 1.5000
v 0.0000 13.5000 1.5000
v 0.0000 13.5000 0.5000
v 1.0000 13.5000 0.5000
v 1.0000 12.5000 0.5000
v 1.0000 14.5000 0.5000
v 0.0000 16.5000 1.5000
v 1.0000 16.5000 1.5000
v 1.0000 16.5000 0.5000
v 0.0000 16.5000 0.5000
v 1.0000 15.5000 0.5000
v 1.0000 -16.5000 -0.5000
v 0.0000 -16.5000 -0.5000
v 0.0000 -17.5000 -0.5000
v 1.0000 -17.5000 -0.5000
v 1.0000 -10.5000 -0.5000
v 1.0000 12.5000 -0.5000
v 1.0000 15.5000 -0.5000
v 1.0000 14.5000 -0.5000
v 1.0000 -10.5000 -1.5000
v 1.0000 12.5000 -1.5000
v 1.0000 -10.5000 -2.5000
v 1.0000 3.5000 -2.5000
v 1.0000 2.5000 -2.5000
v 1.0000 4.5000 -2.5000
v 1.0000 5.5000 -2.5000
v 1.0000 6.5000 -2.5000
v 1.0000 12.5000 -2.5000
v 1.0000 11.5000 -2.5000
v 1.0000 11.5000 -1.5000
v 1.0000 15.5000 -1.5000
v 1.0000 15.5000 -2.5000
v 1.0000 14.5000 -2.5000
v 1.0000 14.5000 -1.5000
v 1.0000 -10.5000 -3.5000
v 1.0000 -9.5000 -3.5000
v 1.0000 -8.5000 -3.5000
v 1.0000 -7.5000 -3.5000
v 1.0000 -6.5000 -3.5000
v 1.0000 -5.5000 -3.5000
v 1.0000 -4.5000 -3.5000
v 1.0000 -3.5000 -3.5000
v 1.0000 -2.5000 -3.5000
v 1.0000 -1.5000 -3.5000
v 1.0000 -0.5000 -3.5000
v 1.0000 0.5000 -3.5000
v 1.0000 1.5000 -3.5000
v 1.0000 2.5000 -3.5000
v 1.0000 6.5000 -3.5000
v 1.0000 7.5000 -3.5000
v 1.0000 7.5000 -2.5000
v 1.0000 8.5000 -3.5000
v 1.0000 9.5000 -3.5000
v 1.0000 10.5000 -3.5000
v 1.0000 11.5000 -3.5000
v 1.0000 10.5000 -2.5000
v 1.0000 2.5000 -4.5000
v 1.0000 1.5000 -4.5000
v 1.0000 -6.5000 -5.5000
v 1.0000 -6.5000 -4.5000
v 1.0000 -5.5000 -4.5000
v 1.0000 -5.5000 -5.5000
v 1.0000 -4.5000 -4.5000
v 1.0000 -4.5000 -5.5000
v 1.0000 -2.5000 -4.5000
v 1.0000 -2.5000 -5.5000
v 1.0000 -3.5000 -5.5000
v 1.0000 -3.5000 -4.5000
v 1.0000 -0.5000 -4.5000
v 1.0000 -0.5000 -5.5000
v 1.0000 -1.5000 -5.5000
v 1.0000 -1.5000 -4.5000
v 1.0000 1.5000 -5.5000
v 1.0000 0.5000 -5.5000
v 1.0000 0.5000 -4.5000
v 1.0000 3.5000 -4.5000
v 1.0000 3.5000 -5.5000
v 1.0000 2.5000 -5.5000
v 1.0000 5.5000 -4.5000
v 1.0000 5.5000 -5.5000
v 1.0000 4.5000 -5.5000
v 1.0000 4.5000 -4.5000
v 0.0000 7.5000 -4.5000
v 1.0000 7.5000 -4.5000
v 1.0000 7.5000 -5.5000
v 0.0000 7.5000 -5.5000
v 1.0000 6.5000 -5.5000
v 1.0000 6.5000 -4.5000
v 1.0000 4.5000 5.5000
v 2.0000 4.5000 5.5000
v 2.0000 4.5000 4.5000
v 1.0000 4.5000 4.5000
v 1.0000 3.5000 5.5000
v 1.0000 3.5000 4.5000
v 2.0000 3.5000 4.5000
v 2.0000 3.5000 5.5000
v 2.0000 10.5000 5.5000
v 2.0000 10.5000 4.5000
v 2.0000 9.5000 4.5000
v 2.0000 9.5000 5.5000
v 2.0000 3.5000 3.5000
v 1.0000 3.5000 3.5000
v 1.0000 2.5000 4.5000
v 2.0000 2.5000 3.5000
v 2.0000 2.5000 4.5000
v 2.0000 5.5000 4.5000
v 2.0000 5.5000 3.5000
v 1.0000 4.5000 3.5000
v 2.0000 4.5000 3.5000
v 2.0000 6.5000 3.5000
v 2.0000 6.5000 4.5000
v 2.0000 7.5000 4.5000
v 2.0000 8.5000 4.5000
v 2.0000 10.5000 3.5000
v 2.0000 -10.5000 2.5000
v 2.0000 -10.5000 3.5000
v 2.0000 -9.5000 3.5000
v 2.0000 -9.5000 2.5000
v 2.0000 -8.5000 3.5000
v 2.0000 -8.5000 2.5000
v 2.0000 -7.5000 3.5000
v 2.0000 -7.5000 2.5000
v 2.0000 -6.5000 3.5000
v 2.0000 -6.5000 2.5000
v 2.0000 -5.5000 3.5000
v 2.0000 -5.5000 2.5000
v 2.0000 -4.5000 3.5000
v 2.0000 -4.5000 2.5000
v 2.0000 -3.5000 3.5000
v 2.0000 -3.5000 2.5000
v 2.0000 -2.5000 3.5000
v 2.0000 -2.5000 2.5000
v 2.0000 -1.5000 3.5000
v 2.0000 -1.5000 2.5000
v 2.0000 -0.5000 3.5000
v 2.0000 -0.5000 2.5000
v 2.0000 0.5000 3.5000
v 2.0000 0.5000 2.5000
v 2.0000 1.5000 3.5000
v 2.0000 1.5000 2.5000
v 2.0000 2.5000 2.5000
v 2.0000 6.5000 2.5000
v 2.0000 7.5000 2.5000
v 2.0000 7.5000 3.5000
v 2.0000 8.5000 2.5000
v 2.0000 8.5000 3.5000
v 2.0000 9.5000 2.5000
v 2.0000 9.5000 3.5000
v 2.0000 10.5000 2.5000
v 1.0000 12.5000 3.5000
v 2.0000 12.5000 3.5000
v 2.0000 12.5000 2.5000
v 2.0000 11.5000 2.5000
v 2.0000 11.5000 3.5000
v 1.0000 -16.5000 2.5000
v 2.0000 -16.5000 2.5000
v 2.0000 -16.5000 1.5000
v 1.0000 -17.5000 2.5000
v 2.0000 -17.5000 1.5000
v 2.0000 -17.5000 2.5000
v 2.0000 -10.5000 1.5000
v 2.0000 3.5000 2.5000
v 2.0000 2.5000 1.5000
v 2.0000 3.5000 1.5000
v 2.0000 4.5000 2.5000
v 2.0000 4.5000 1.5000
v 2.0000 5.5000 2.5000
v 2.0000 5.5000 1.5000
v 2.0000 6.5000 1.5000
v 2.0000 7.5000 1.5000
v 2.0000 11.5000 1.5000
v 2.0000 10.5000 1.5000
v 2.0000 -10.5000 0.5000
v 2.0000 2.5000 0.5000
v 2.0000 3.5000 0.5000
v 2.0000 4.5000 0.5000
v 2.0000 5.5000 0.5000
v 2.0000 6.5000 0.5000
v 2.0000 12.5000 1.5000
v 2.0000 12.5000 0.5000
v 2.0000 11.5000 0.5000
v 2.0000 15.5000 1.5000
v 2.0000 15.5000 0.5000
v 2.0000 14.5000 0.5000
v 2.0000 14.5000 1.5000
v 2.0000 -10.5000 -0.5000
v 2.0000 12.5000 -0.5000
v 2.0000 11.5000 -0.5000
v 2.0000 -16.5000 -0.5000
v 2.0000 -16.5000 -1.5000
v 1.0000 -16.5000 -1.5000
v 1.0000 -17.5000 -1.5000
v 2.0000 -17.5000 -1.5000
v 2.0000 -17.5000 -0.5000
v 2.0000 -10.5000 -1.5000
v 2.0000 2.5000 -0.5000
v 2.0000 2.5000 -1.5000
v 2.0000 3.5000 -1.5000
v 2.0000 3.5000 -0.5000
v 2.0000 4.5000 -1.5000
v 2.0000 4.5000 -0.5000
v 2.0000 5.5000 -1.5000
v 2.0000 5.5000 -0.5000
v 2.0000 6.5000 -1.5000
v 2.0000 6.5000 -0.5000
v 2.0000 12.5000 -1.5000
v 2.0000 11.5000 -1.5000
v 2.0000 -10.5000 -2.5000
v 2.0000 3.5000 -2.5000
v 2.0000 2.5000 -2.5000
v 2.0000 4.5000 -2.5000
v 2.0000 5.5000 -2.5000
v 2.0000 6.5000 -2.5000
v 2.0000 7.5000 -2.5000
v 2.0000 7.5000 -1.5000
v 2.0000 11.5000 -2.5000
v 2.0000 10.5000 -2.5000
v 2.0000 10.5000 -1.5000
v 2.0000 -10.5000 -3.5000
v 2.0000 -9.5000 -3.5000
v 2.0000 -9.5000 -2.5000
v 2.0000 -8.5000 -3.5000
v 2.0000 -8.5000 -2.5000
v 2.0000 -7.5000 -3.5000
v 2.0000 -7.5000 -2.5000
v 2.0000 -6.5000 -3.5000
v 2.0000 -6.5000 -2.5000
v 2.0000 -5.5000 -3.5000
v 2.0000 -5.5000 -2.5000
v 2.0000 -4.5000 -3.5000
v 2.0000 -4.5000 -2.5000
v 2.0000 -3.5000 -3.5000
v 2.0000 -3.5000 -2.5000
v 2.0000 -2.5000 -3.5000
v 2.0000 -2.5000 -2.5000
v 2.0000 -1.5000 -3.5000
v 2.0000 -1.5000 -2.5000
v 2.0000 -0.5000 -3.5000
v 2.0000 -0.5000 -2.5000
v 2.0000 0.5000 -3.5000
v 2.0000 0.5000 -2.5000
v 2.0000 1.5000 -3.5000
v 2.0000 1.5000 -2.5000
v 2.0000 2.5000 -3.5000
v 2.0000 7.5000 -3.5000
v 2.0000 8.5000 -3.5000
v 2.0000 8.5000 -2.5000
v 2.0000 9.5000 -3.5000
v 2.0000 9.5000 -2.5000
v 2.0000 10.5000 -3.5000
v 2.0000 0.5000 -4.5000
v 2.0000 1.5000 -4.5000
v 1.0000 3.5000 -3.5000
v 2.0000 3.5000 -3.5000
v 2.0000 3.5000 -4.5000
v 2.0000 2.5000 -4.5000
v 2.0000 2.5000 -5.5000
v 2.0000 1.5000 -5.5000
v 3.0000 3.5000 5.5000
v 3.0000 3.5000 4.5000
v 2.0000 2.5000 5.5000
v 3.0000 2.5000 4.5000
v 3.0000 2.5000 5.5000
v 3.0000 10.5000 5.5000
v 3.0000 10.5000 4.5000
v 3.0000 9.5000 4.5000
v 3.0000 9.5000 5.5000
v 2.0000 1.5000 4.5000
v 3.0000 1.5000 3.5000
v 3.0000 1.5000 4.5000
v 3.0000 2.5000 3.5000
v 3.0000 4.5000 4.5000
v 3.0000 4.5000 3.5000
v 3.0000 3.5000 3.5000
v 3.0000 5.5000 3.5000
v 3.0000 5.5000 4.5000
v 3.0000 6.5000 4.5000
v 3.0000 6.5000 3.5000
v 3.0000 7.5000 4.5000
v 3.0000 7.5000 3.5000
v 3.0000 8.5000 4.5000
v 3.0000 8.5000 3.5000
v 3.0000 9.5000 3.5000
v 3.0000 10.5000 3.5000
v 2.0000 12.5000 4.5000
v 3.0000 12.5000 4.5000
v 3.0000 12.5000 3.5000
v 2.0000 11.5000 4.5000
v 3.0000 11.5000 3.5000
v 3.0000 11.5000 4.5000
v 2.0000 -16.5000 3.5000
v 3.0000 -16.5000 3.5000
v 3.0000 -16.5000 2.5000
v 2.0000 -17.5000 3.5000
v 3.0000 -17.5000 2.5000
v 3.0000 -17.5000 3.5000
v 3.0000 3.5000 2.5000
v 3.0000 2.5000 2.5000
v 3.0000 10.5000 2.5000
v 3.0000 11.5000 2.5000
v 2.0000 13.5000 3.5000
v 3.0000 13.5000 3.5000
v 3.0000 13.5000 2.5000
v 2.0000 13.5000 2.5000
v 3.0000 12.5000 2.5000
v 3.0000 -10.5000 1.5000
v 3.0000 -10.5000 2.5000
v 3.0000 -9.5000 2.5000
v 3.0000 -9.5000 1.5000
v 3.0000 -8.5000 2.5000
v 3.0000 -8.5000 1.5000
v 3.0000 -7.5000 2.5000
v 3.0000 -7.5000 1.5000
v 3.0000 -6.5000 2.5000
v 3.0000 -6.5000 1.5000
v 3.0000 -5.5000 2.5000
v 3.0000 -5.5000 1.5000
v 3.0000 -4.5000 2.5000
v 3.0000 -3.5000 2.5000
v 3.0000 -2.5000 2.5000
v 3.0000 -1.5000 2.5000
v 3.0000 -2.5000 1.5000
v 3.0000 -1.5000 1.5000
v 3.0000 -0.5000 2.5000
v 3.0000 -0.5000 1.5000
v 3.0000 0.5000 2.5000
v 3.0000 0.5000 1.5000
v 3.0000 1.5000 2.5000
v 3.0000 1.5000 1.5000
v 3.0000 2.5000 1.5000
v 3.0000 7.5000 1.5000
v 3.0000 7.5000 2.5000
v 3.0000 8.5000 2.5000
v 3.0000 8.5000 1.5000
v 3.0000 9.5000 2.5000
v 3.0000 9.5000 1.5000
v 3.0000 10.5000 1.5000
v 3.0000 12.5000 1.5000
v 3.0000 11.5000 1.5000
v 3.0000 -10.5000 0.5000
v 3.0000 -9.5000 0.5000
v 3.0000 -8.5000 0.5000
v 3.0000 -7.5000 0.5000
v 3.0000 -6.5000 0.5000
v 3.0000 -5.5000 0.5000
v 3.0000 -4.5000 0.5000
v 3.0000 -4.5000 1.5000
v 3.0000 -3.5000 1.5000
v 3.0000 -3.5000 0.5000
v 3.0000 -2.5000 0.5000
v 3.0000 -1.5000 0.5000
v 3.0000 -0.5000 0.5000
v 3.0000 0.5000 0.5000
v 3.0000 1.5000 0.5000
v 3.0000 2.5000 0.5000
v 3.0000 6.5000 0.5000
v 3.0000 6.5000 1.5000
v 3.0000 7.5000 0.5000
v 3.0000 8.5000 0.5000
v 3.0000 9.5000 0.5000
v 3.0000 10.5000 0.5000
v 3.0000 11.5000 0.5000
v 3.0000 -10.5000 -0.5000
v 3.0000 3.5000 0.5000
v 3.0000 3.5000 -0.5000
v 3.0000 2.5000 -0.5000
v 3.0000 4.5000 0.5000
v 3.0000 4.5000 -0.5000
v 3.0000 5.5000 0.5000
v 3.0000 5.5000 -0.5000
v 3.0000 6.5000 -0.5000
v 3.0000 7.5000 -0.5000
v 3.0000 8.5000 -0.5000
v 3.0000 9.5000 -0.5000
v 3.0000 10.5000 -0.5000
v 3.0000 11.5000 -0.5000
v 3.0000 12.5000 -0.5000
v 3.0000 12.5000 0.5000
v 3.0000 13.5000 0.5000
v 2.0000 13.5000 0.5000
v 2.0000 13.5000 -0.5000
v 3.0000 13.5000 -0.5000
v 3.0000 14.5000 0.5000
v 3.0000 14.5000 -0.5000
v 2.0000 14.5000 -0.5000
v 3.0000 -10.5000 -1.5000
v 3.0000 -9.5000 -1.5000
v 3.0000 -9.5000 -0.5000
v 3.0000 -8.5000 -1.5000
v 3.0000 -8.5000 -0.5000
v 3.0000 -7.5000 -1.5000
v 3.0000 -7.5000 -0.5000
v 3.0000 -6.5000 -1.5000
v 3.0000 -6.5000 -0.5000
v 3.0000 -5.5000 -1.5000
v 3.0000 -5.5000 -0.5000
v 3.0000 -4.5000 -1.5000
v 3.0000 -4.5000 -0.5000
v 3.0000 -3.5000 -1.5000
v 3.0000 -3.5000 -0.5000
v 3.0000 -2.5000 -1.5000
v 3.0000 -2.5000 -0.5000
v 3.0000 -1.5000 -1.5000
v 3.0000 -1.5000 -0.5000
v 3.0000 -0.5000 -1.5000
v 3.0000 -0.5000 -0.5000
v 3.0000 0.5000 -1.5000
v 3.0000 0.5000 -0.5000
v 3.0000 2.5000 -1.5000
v 3.0000 1.5000 -0.5000
v 3.0000 1.5000 -1.5000
v 3.0000 6.5000 -1.5000
v 3.0000 7.5000 -1.5000
v 3.0000 8.5000 -1.5000
v 3.0000 9.5000 -1.5000
v 3.0000 10.5000 -1.5000
v 3.0000 11.5000 -1.5000
v 3.0000 -16.5000 -1.5000
v 3.0000 -16.5000 -2.5000
v 2.0000 -16.5000 -2.5000
v 2.0000 -17.5000 -2.5000
v 3.0000 -17.5000 -2.5000
v 3.0000 -17.5000 -1.5000
v 3.0000 -10.5000 -2.5000
v 3.0000 -9.5000 -2.5000
v 3.0000 -8.5000 -2.5000
v 3.0000 -7.5000 -2.5000
v 3.0000 -6.5000 -2.5000
v 3.0000 -5.5000 -2.5000
v 3.0000 -4.5000 -2.5000
v 3.0000 -3.5000 -2.5000
v 3.0000 -2.5000 -2.5000
v 3.0000 -1.5000 -2.5000
v 3.0000 -0.5000 -2.5000
v 3.0000 0.5000 -2.5000
v 3.0000 1.5000 -2.5000
v 3.0000 2.5000 -2.5000
v 3.0000 7.5000 -2.5000
v 3.0000 8.5000 -2.5000
v 3.0000 9.5000 -2.5000
v 3.0000 10.5000 -2.5000
v 3.0000 2.5000 -3.5000
v 3.0000 2.5000 -4.5000
v 3.0000 1.5000 -4.5000
v 3.0000 1.5000 -3.5000
v 4.0000 10.5000 5.5000
v 4.0000 10.5000 4.5000
v 4.0000 9.5000 4.5000
v 4.0000 9.5000 5.5000
v 3.0000 -17.5000 4.5000
v 4.0000 -17.5000 3.5000
v 4.0000 -17.5000 4.5000
v 4.0000 -16.5000 4.5000
v 3.0000 -16.5000 4.5000
v 4.0000 -16.5000 3.5000
v 4.0000 -15.5000 4.5000
v 3.0000 -15.5000 4.5000
v 3.0000 -15.5000 3.5000
v 4.0000 -15.5000 3.5000
v 4.0000 -14.5000 4.5000
v 3.0000 -14.5000 4.5000
v 3.0000 -14.5000 3.5000
v 4.0000 -14.5000 3.5000
v 4.0000 -13.5000 4.5000
v 3.0000 -13.5000 4.5000
v 3.0000 -13.5000 3.5000
v 4.0000 -13.5000 3.5000
v 4.0000 -12.5000 4.5000
v 3.0000 -12.5000 4.5000
v 3.0000 -12.5000 3.5000
v 4.0000 -12.5000 3.5000
v 4.0000 -11.5000 4.5000
v 3.0000 -11.5000 4.5000
v 3.0000 -11.5000 3.5000
v 4.0000 -10.5000 4.5000
v 3.0000 -10.5000 4.5000
v 3.0000 -10.5000 3.5000
v 4.0000 -9.5000 4.5000
v 3.0000 -9.5000 4.5000
v 3.0000 -9.5000 3.5000
v 4.0000 -9.5000 3.5000
v 4.0000 -10.5000 3.5000
v 3.0000 -8.5000 4.5000
v 4.0000 -8.5000 4.5000
v 4.0000 -8.5000 3.5000
v 3.0000 -8.5000 3.5000
v 4.0000 3.5000 4.5000
v 4.0000 3.5000 3.5000
v 4.0000 2.5000 3.5000
v 4.0000 2.5000 4.5000
v 4.0000 10.5000 3.5000
v 4.0000 9.5000 3.5000
v 3.0000 -12.5000 2.5000
v 4.0000 -12.5000 2.5000
v 3.0000 -11.5000 2.5000
v 4.0000 -11.5000 2.5000
v 4.0000 -11.5000 3.5000
v 4.0000 -10.5000 2.5000
v 3.0000 -3.5000 3.5000
v 4.0000 -3.5000 3.5000
v 4.0000 -3.5000 2.5000
v 3.0000 -4.5000 3.5000
v 4.0000 -4.5000 2.5000
v 4.0000 -4.5000 3.5000
v 4.0000 12.5000 3.5000
v 4.0000 12.5000 2.5000
v 4.0000 11.5000 2.5000
v 4.0000 11.5000 3.5000
v 4.0000 -5.5000 1.5000
v 4.0000 -5.5000 2.5000
v 4.0000 -4.5000 1.5000
v 4.0000 -2.5000 2.5000
v 4.0000 -2.5000 1.5000
v 4.0000 -3.5000 1.5000
v 4.0000 -3.5000 0.5000
v 4.0000 -4.5000 0.5000
v 4.0000 -10.5000 -0.5000
v 4.0000 -10.5000 0.5000
v 4.0000 -9.5000 0.5000
v 4.0000 -9.5000 -0.5000
v 4.0000 -8.5000 0.5000
v 4.0000 -8.5000 -0.5000
v 4.0000 -7.5000 0.5000
v 4.0000 -7.5000 -0.5000
v 4.0000 -6.5000 0.5000
v 4.0000 -6.5000 -0.5000
v 4.0000 -5.5000 0.5000
v 4.0000 -5.5000 -0.5000
v 4.0000 -4.5000 -0.5000
v 4.0000 -3.5000 -0.5000
v 4.0000 -2.5000 0.5000
v 4.0000 -2.5000 -0.5000
v 4.0000 -1.5000 0.5000
v 4.0000 -1.5000 -0.5000
v 4.0000 -0.5000 0.5000
v 4.0000 -0.5000 -0.5000
v 4.0000 0.5000 0.5000
v 4.0000 0.5000 -0.5000
v 4.0000 1.5000 0.5000
v 4.0000 2.5000 0.5000
v 4.0000 2.5000 -0.5000
v 4.0000 1.5000 -0.5000
v 4.0000 3.5000 0.5000
v 4.0000 3.5000 -0.5000
v 4.0000 4.5000 0.5000
v 4.0000 4.5000 -0.5000
v 4.0000 5.5000 0.5000
v 4.0000 5.5000 -0.5000
v 4.0000 6.5000 0.5000
v 4.0000 7.5000 0.5000
v 4.0000 7.5000 -0.5000
v 4.0000 6.5000 -0.5000
v 4.0000 9.5000 0.5000
v 4.0000 9.5000 -0.5000
v 4.0000 8.5000 -0.5000
v 4.0000 8.5000 0.5000
v 4.0000 14.5000 -0.5000
v 4.0000 14.5000 0.5000
v 4.0000 15.5000 0.5000
v 3.0000 15.5000 0.5000
v 3.0000 15.5000 -0.5000
v 4.0000 15.5000 -0.5000
v 3.0000 16.5000 0.5000
v 4.0000 16.5000 0.5000
v 4.0000 16.5000 -0.5000
v 3.0000 16.5000 -0.5000
v 4.0000 1.5000 -1.5000
v 4.0000 0.5000 -1.5000
v 4.0000 6.5000 -1.5000
v 3.0000 5.5000 -1.5000
v 4.0000 5.5000 -1.5000
v 4.0000 -0.5000 -2.5000
v 4.0000 -0.5000 -1.5000
v 4.0000 0.5000 -2.5000
v 4.0000 2.5000 -1.5000
v 4.0000 2.5000 -2.5000
v 4.0000 1.5000 -2.5000
v 3.0000 -17.5000 -3.5000
v 4.0000 -17.5000 -3.5000
v 4.0000 -17.5000 -2.5000
v 4.0000 -16.5000 -2.5000
v 3.0000 -16.5000 -3.5000
v 4.0000 -16.5000 -3.5000
v 4.0000 -15.5000 -2.5000
v 3.0000 -15.5000 -2.5000
v 3.0000 -15.5000 -3.5000
v 4.0000 -15.5000 -3.5000
v 4.0000 -14.5000 -2.5000
v 3.0000 -14.5000 -2.5000
v 3.0000 -14.5000 -3.5000
v 4.0000 -14.5000 -3.5000
v 4.0000 -13.5000 -2.5000
v 3.0000 -13.5000 -2.5000
v 3.0000 -13.5000 -3.5000
v 4.0000 -13.5000 -3.5000
v 4.0000 -12.5000 -2.5000
v 3.0000 -12.5000 -2.5000
v 3.0000 -12.5000 -3.5000
v 4.0000 -12.5000 -3.5000
v 4.0000 -11.5000 -2.5000
v 3.0000 -11.5000 -2.5000
v 3.0000 -11.5000 -3.5000
v 4.0000 -10.5000 -2.5000
v 3.0000 -10.5000 -3.5000
v 4.0000 -9.5000 -2.5000
v 3.0000 -9.5000 -3.5000
v 4.0000 -9.5000 -3.5000
v 4.0000 -10.5000 -3.5000
v 4.0000 -8.5000 -2.5000
v 4.0000 -8.5000 -3.5000
v 3.0000 -8.5000 -3.5000
v 4.0000 1.5000 -3.5000
v 3.0000 0.5000 -3.5000
v 4.0000 0.5000 -3.5000
v 3.0000 -12.5000 -4.5000
v 4.0000 -12.5000 -4.5000
v 3.0000 -11.5000 -4.5000
v 4.0000 -11.5000 -4.5000
v 4.0000 -11.5000 -3.5000
v 4.0000 -10.5000 -4.5000
v 3.0000 -10.5000 -4.5000
v 3.0000 -7.5000 -3.5000
v 3.0000 -7.5000 -4.5000
v 4.0000 -7.5000 -4.5000
v 4.0000 -7.5000 -3.5000
v 4.0000 -6.5000 -3.5000
v 3.0000 -6.5000 -3.5000
v 3.0000 -6.5000 -4.5000
v 4.0000 -6.5000 -4.5000
v 4.0000 -5.5000 -3.5000
v 3.0000 -5.5000 -3.5000
v 3.0000 -5.5000 -4.5000
v 4.0000 -5.5000 -4.5000
v 4.0000 -4.5000 -3.5000
v 3.0000 -4.5000 -3.5000
v 3.0000 -4.5000 -4.5000
v 4.0000 -4.5000 -4.5000
v 4.0000 -3.5000 -3.5000
v 3.0000 -3.5000 -3.5000
v 3.0000 -3.5000 -4.5000
v 4.0000 -3.5000 -4.5000
v 4.0000 -2.5000 -3.5000
v 3.0000 -2.5000 -3.5000
v 3.0000 -2.5000 -4.5000
v 4.0000 -2.5000 -4.5000
v 3.0000 -1.5000 -3.5000
v 4.0000 -1.5000 -3.5000
v 4.0000 -1.5000 -4.5000
v 3.0000 -1.5000 -4.5000
v 5.0000 -12.5000 3.5000
v 5.0000 -12.5000 4.5000
v 5.0000 -11.5000 4.5000
v 5.0000 -11.5000 3.5000
v 5.0000 -10.5000 4.5000
v 5.0000 -10.5000 3.5000
v 5.0000 -9.5000 4.5000
v 5.0000 -9.5000 3.5000
v 5.0000 -8.5000 4.5000
v 5.0000 -8.5000 3.5000
v 5.0000 -4.5000 2.5000
v 5.0000 -4.5000 3.5000
v 5.0000 -3.5000 3.5000
v 5.0000 -3.5000 2.5000
v 5.0000 -2.5000 3.5000
v 4.0000 -2.5000 3.5000
v 5.0000 -2.5000 2.5000
v 5.0000 -1.5000 3.5000
v 4.0000 -1.5000 3.5000
v 4.0000 -1.5000 2.5000
v 5.0000 -1.5000 2.5000
v 5.0000 -0.5000 3.5000
v 4.0000 -0.5000 3.5000
v 4.0000 -0.5000 2.5000
v 5.0000 -0.5000 2.5000
v 5.0000 0.5000 3.5000
v 4.0000 0.5000 3.5000
v 4.0000 0.5000 2.5000
v 5.0000 0.5000 2.5000
v 5.0000 1.5000 3.5000
v 4.0000 1.5000 3.5000
v 4.0000 1.5000 2.5000
v 5.0000 1.5000 2.5000
v 5.0000 2.5000 3.5000
v 5.0000 2.5000 2.5000
v 4.0000 2.5000 2.5000
v 5.0000 -3.5000 1.5000
v 5.0000 -4.5000 1.5000
v 4.0000 0.5000 1.5000
v 5.0000 0.5000 0.5000
v 5.0000 0.5000 1.5000
v 5.0000 1.5000 1.5000
v 4.0000 1.5000 1.5000
v 5.0000 2.5000 1.5000
v 4.0000 2.5000 1.5000
v 4.0000 3.5000 1.5000
v 5.0000 3.5000 1.5000
v 5.0000 3.5000 0.5000
v 4.0000 16.5000 1.5000
v 5.0000 16.5000 1.5000
v 5.0000 16.5000 0.5000
v 4.0000 15.5000 1.5000
v 5.0000 15.5000 0.5000
v 5.0000 15.5000 1.5000
v 5.0000 0.5000 -0.5000
v 5.0000 3.5000 -0.5000
v 5.0000 6.5000 0.5000
v 5.0000 6.5000 -0.5000
v 5.0000 5.5000 -0.5000
v 5.0000 5.5000 0.5000
v 5.0000 15.5000 -0.5000
v 4.0000 17.5000 0.5000
v 5.0000 17.5000 0.5000
v 5.0000 17.5000 -0.5000
v 4.0000 17.5000 -0.5000
v 5.0000 16.5000 -0.5000
v 5.0000 0.5000 -1.5000
v 5.0000 2.5000 -1.5000
v 5.0000 1.5000 -1.5000
v 5.0000 3.5000 -1.5000
v 4.0000 3.5000 -1.5000
v 5.0000 7.5000 -0.5000
v 5.0000 7.5000 -1.5000
v 4.0000 7.5000 -1.5000
v 5.0000 6.5000 -1.5000
v 5.0000 16.5000 -1.5000
v 4.0000 16.5000 -1.5000
v 4.0000 15.5000 -1.5000
v 5.0000 15.5000 -1.5000
v 5.0000 1.5000 -2.5000
v 5.0000 0.5000 -2.5000
v 5.0000 -12.5000 -3.5000
v 5.0000 -12.5000 -2.5000
v 5.0000 -11.5000 -2.5000
v 5.0000 -11.5000 -3.5000
v 5.0000 -10.5000 -2.5000
v 5.0000 -10.5000 -3.5000
v 5.0000 -9.5000 -2.5000
v 5.0000 -9.5000 -3.5000
v 5.0000 -8.5000 -2.5000
v 5.0000 -8.5000 -3.5000
v 5.0000 -1.5000 -3.5000
v 5.0000 -1.5000 -4.5000
v 5.0000 -2.5000 -4.5000
v 5.0000 -2.5000 -3.5000
v 6.0000 2.5000 3.5000
v 6.0000 2.5000 2.5000
v 6.0000 1.5000 2.5000
v 6.0000 1.5000 3.5000
v 6.0000 0.5000 0.5000
v 6.0000 0.5000 1.5000
v 6.0000 1.5000 1.5000
v 6.0000 2.5000 1.5000
v 6.0000 3.5000 1.5000
v 6.0000 3.5000 0.5000
v 6.0000 0.5000 -0.5000
v 6.0000 3.5000 -0.5000
v 5.0000 7.5000 0.5000
v 6.0000 7.5000 0.5000
v 6.0000 7.5000 -0.5000
v 6.0000 6.5000 -0.5000
v 6.0000 6.5000 0.5000
v 6.0000 16.5000 0.5000
v 6.0000 16.5000 -0.5000
v 6.0000 15.5000 -0.5000
v 6.0000 15.5000 0.5000
v 6.0000 0.5000 -1.5000
v 6.0000 1.5000 -1.5000
v 6.0000 2.5000 -1.5000
v 6.0000 3.5000 -1.5000
v 5.0000 8.5000 -0.5000
v 6.0000 8.5000 -0.5000
v 6.0000 8.5000 -1.5000
v 5.0000 8.5000 -1.5000
v 6.0000 7.5000 -1.5000
v 7.0000 0.5000 0.5000
v 7.0000 0.5000 1.5000
v 7.0000 1.5000 1.5000
v 7.0000 1.5000 0.5000
v 7.0000 2.5000 1.5000
v 7.0000 3.5000 1.5000
v 7.0000 3.5000 0.5000
v 6.0000 5.5000 1.5000
v 7.0000 5.5000 1.5000
v 7.0000 5.5000 0.5000
v 6.0000 5.5000 0.5000
v 6.0000 4.5000 1.5000
v 6.0000 4.5000 0.5000
v 7.0000 4.5000 0.5000
v 7.0000 4.5000 1.5000
v 7.0000 0.5000 -0.5000
v 7.0000 1.5000 -0.5000
v 7.0000 3.5000 -0.5000
v 6.0000 8.5000 0.5000
v 7.0000 8.5000 0.5000
v 7.0000 8.5000 -0.5000
v 7.0000 7.5000 -0.5000
v 7.0000 7.5000 0.5000
v 7.0000 0.5000 -1.5000
v 7.0000 1.5000 -1.5000
v 7.0000 2.5000 -1.5000
v 7.0000 3.5000 -1.5000
v 6.0000 9.5000 -0.5000
v 7.0000 9.5000 -0.5000
v 7.0000 9.5000 -1.5000
v 6.0000 9.5000 -1.5000
v 7.0000 8.5000 -1.5000
v 7.0000 5.5000 2.5000
v 8.0000 5.5000 2.5000
v 8.0000 5.5000 1.5000
v 7.0000 4.5000 2.5000
v 8.0000 4.5000 1.5000
v 8.0000 4.5000 2.5000
v 8.0000 1.5000 0.5000
v 8.0000 1.5000 1.5000
v 8.0000 2.5000 1.5000
v 8.0000 3.5000 1.5000
v 7.0000 6.5000 1.5000
v 8.0000 6.5000 1.5000
v 8.0000 6.5000 0.5000
v 7.0000 6.5000 0.5000
v 8.0000 5.5000 0.5000
v 8.0000 1.5000 -0.5000
v 7.0000 4.5000 -0.5000
v 8.0000 5.5000 -0.5000
v 7.0000 5.5000 -0.5000
v 8.0000 4.5000 -0.5000
v 8.0000 1.5000 -1.5000
v 8.0000 2.5000 -1.5000
v 8.0000 2.5000 -0.5000
v 8.0000 3.5000 -1.5000
v 8.0000 3.5000 -0.5000
v 8.0000 4.5000 -1.5000
v 7.0000 4.5000 -1.5000
v 8.0000 1.5000 2.5000
v 9.0000 1.5000 1.5000
v 9.0000 1.5000 2.5000
v 9.0000 2.5000 2.5000
v 8.0000 2.5000 2.5000
v 9.0000 3.5000 2.5000
v 8.0000 3.5000 2.5000
v 9.0000 4.5000 2.5000
v 9.0000 4.5000 1.5000
v 9.0000 1.5000 0.5000
v 9.0000 5.5000 1.5000
v 9.0000 5.5000 0.5000
v 9.0000 4.5000 0.5000
v 9.0000 1.5000 -0.5000
v 9.0000 2.5000 -0.5000
v 9.0000 3.5000 -0.5000
v 9.0000 4.5000 -0.5000
v 9.0000 5.5000 -0.5000
v 10.0000 1.5000 1.5000
v 10.0000 1.5000 2.5000
v 10.0000 2.5000 2.5000
v 10.0000 2.5000 1.5000
v 10.0000 3.5000 2.5000
v 10.0000 3.5000 1.5000
v 10.0000 4.5000 2.5000
v 10.0000 4.5000 1.5000
v 10.0000 1.5000 0.5000
v 10.0000 2.5000 0.5000
v 10.0000 3.5000 0.5000
v 10.0000 4.5000 0.5000
v 10.0000 1.5000 -0.5000
v 10.0000 2.5000 -0.5000
v 10.0000 3.5000 -0.5000
v 10.0000 4.5000 -0.5000
v 9.0000 7.5000 0.5000
v 10.0000 7.5000 0.5000
v 10.0000 7.5000 -0.5000
v 9.0000 7.5000 -0.5000
v 9.0000 6.5000 0.5000
v 9.0000 6.5000 -0.5000
v 10.0000 6.5000 -0.5000
v 10.0000 6.5000 0.5000
v 11.0000 4.5000 1.5000
v 11.0000 4.5000 0.5000
v 11.0000 3.5000 0.5000
v 11.0000 3.5000 1.5000
v 10.0000 7.5000 1.5000
v 11.0000 7.5000 1.5000
v 11.0000 7.5000 0.5000
v 10.0000 6.5000 1.5000
v 11.0000 6.5000 0.5000
v 11.0000 6.5000 1.5000
v 10.0000 5.5000 0.5000
v 10.0000 5.5000 -0.5000
v 11.0000 5.5000 -0.5000
v 11.0000 5.5000 0.5000
v 11.0000 6.5000 -0.5000
v 10.0000 8.5000 0.5000
v 11.0000 8.5000 0.5000
v 11.0000 8.5000 -0.5000
v 10.0000 8.5000 -0.5000
v 11.0000 7.5000 -0.5000
v 11.0000 7.5000 -1.5000
v 10.0000 7.5000 -1.5000
v 10.0000 6.5000 -1.5000
v 11.0000 6.5000 -1.5000
v 11.0000 6.5000 2.5000
v 12.0000 6.5000 2.5000
v 12.0000 6.5000 1.5000
v 11.0000 5.5000 2.5000
v 11.0000 5.5000 1.5000
v 12.0000 5.5000 1.5000
v 12.0000 5.5000 2.5000
v 12.0000 4.5000 1.5000
v 12.0000 4.5000 0.5000
v 12.0000 3.5000 0.5000
v 12.0000 3.5000 1.5000
v 12.0000 6.5000 0.5000
v 12.0000 5.5000 0.5000
v 12.0000 7.5000 0.5000
v 12.0000 7.5000 -0.5000
v 12.0000 6.5000 -0.5000
v 12.0000 4.5000 2.5000
v 13.0000 4.5000 2.5000
v 13.0000 4.5000 1.5000
v 12.0000 3.5000 2.5000
v 13.0000 3.5000 1.5000
v 13.0000 3.5000 2.5000
v 13.0000 6.5000 1.5000
v 13.0000 6.5000 0.5000
v 13.0000 5.5000 0.5000
v 13.0000 5.5000 1.5000
v 13.0000 5.5000 3.5000
v 14.0000 5.5000 3.5000
v 14.0000 5.5000 2.5000
v 13.0000 5.5000 2.5000
v 13.0000 4.5000 3.5000
v 14.0000 4.5000 2.5000
v 14.0000 4.5000 3.5000
v 14.0000 4.5000 1.5000
v 14.0000 3.5000 1.5000
v 14.0000 3.5000 2.5000
v 14.0000 5.5000 1.5000
v 14.0000 5.5000 0.5000
v 13.0000 4.5000 0.5000
v 14.0000 4.5000 0.5000
vt 0.001953 0.500000
vt 0.005859 0.500000
vt 0.009766 0.500000
vt 0.013672 0.500000
vt 0.017578 0.500000
vt 0.021484 0.500000
vt 0.025391 0.500000
vt 0.029297 0.500000
vt 0.033203 0.500000
vt 0.037109 0.500000
vt 0.041016 0.500000
vt 0.044922 0.500000
vt 0.048828 0.500000
vt 0.052734 0.500000
vt 0.056641 0.500000
vt 0.060547 0.500000
vt 0.064453 0.500000
vn 0.0 -1.0 0.0
vn 0.0 1.0 0.0
vn 0.0 0.0 1.0
vn 0.0 0.0 -1.0
vn -1.0 0.0 0.0
vn 1.0 0.0 0.0
usemtl mat_Alcaparro_enano_Sara_Viviana_Rojas_Gómez_fase_4
s off
f 1/1/2 2/1/2 3/1/2 4/1/2
f 5/1/1 6/1/1 7/1/1 8/1/1
f 5/1/3 8/1/3 2/1/3 1/1/3
f 6/1/4 4/1/4 3/1/4 7/1/4
f 5/1/5 1/1/5 4/1/5 6/1/5
f 9/2/2 10/2/2 11/2/2 12/2/2
f 13/2/1 14/2/1 15/2/1 16/2/1
f 13/2/3 16/2/3 10/2/3 9/2/3
f 14/2/4 12/2/4 11/2/4 15/2/4
f 16/2/6 15/2/6 11/2/6 10/2/6
f 13/2/5 9/2/5 12/2/5 14/2/5
f 17/3/2 18/3/2 19/3/2 2/3/2
f 20/3/1 8/3/1 21/3/1 22/3/1
f 20/3/3 22/3/3 18/3/3 17/3/3
f 20/3/5 17/3/5 2/3/5 8/3/5
f 23/4/2 24/4/2 25/4/2 10/4/2
f 26/4/1 16/4/1 27/4/1 28/4/1
f 26/4/3 28/4/3 24/4/3 23/4/3
f 16/4/4 10/4/4 25/4/4 27/4/4
f 26/4/5 23/4/5 10/4/5 16/4/5
f 2/3/2 19/3/2 29/3/2 3/3/2
f 8/3/1 7/3/1 30/3/1 21/3/1
f 3/1/2 29/1/2 31/1/2 32/1/2
f 7/1/1 33/1/1 34/1/1 30/1/1
f 33/1/4 32/1/4 31/1/4 34/1/4
f 30/1/6 34/1/6 31/1/6 29/1/6
f 7/1/5 3/1/5 32/1/5 33/1/5
f 35/5/2 36/5/2 37/5/2 18/5/2
f 38/5/1 22/5/1 39/5/1 40/5/1
f 38/5/3 40/5/3 36/5/3 35/5/3
f 40/5/6 39/5/6 37/5/6 36/5/6
f 38/5/5 35/5/5 18/5/5 22/5/5
f 41/5/1 24/5/1 42/5/1 43/5/1
f 41/5/3 43/5/3 39/5/3 22/5/3
f 24/5/4 21/5/4 44/5/4 42/5/4
f 43/5/6 42/5/6 44/5/6 39/5/6
f 41/5/5 22/5/5 21/5/5 24/5/5
f 45/1/2 46/1/2 47/1/2 48/1/2
f 18/1/3 37/1/3 46/1/3 45/1/3
f 19/1/4 48/1/4 47/1/4 49/1/4
f 37/1/6 49/1/6 47/1/6 46/1/6
f 18/1/5 45/1/5 48/1/5 19/1/5
f 24/6/2 42/6/2 50/6/2 25/6/2
f 28/6/1 27/6/1 51/6/1 52/6/1
f 28/6/3 52/6/3 42/6/3 24/6/3
f 27/6/4 25/6/4 50/6/4 51/6/4
f 19/1/2 49/1/2 53/1/2 29/1/2
f 21/1/1 30/1/1 54/1/1 44/1/1
f 30/1/4 29/1/4 53/1/4 54/1/4
f 44/1/6 54/1/6 53/1/6 49/1/6
f 55/4/1 56/4/1 57/4/1 58/4/1
f 55/4/3 58/4/3 59/4/3 60/4/3
f 55/4/5 60/4/5 61/4/5 56/4/5
f 60/7/3 59/7/3 62/7/3 63/7/3
f 60/7/5 63/7/5 52/7/5 61/7/5
f 43/4/2 64/4/2 65/4/2 42/4/2
f 63/4/3 62/4/3 64/4/3 43/4/3
f 63/4/5 43/4/5 42/4/5 52/4/5
f 37/1/2 66/1/2 67/1/2 49/1/2
f 39/1/1 44/1/1 68/1/1 69/1/1
f 39/1/3 69/1/3 66/1/3 37/1/3
f 44/1/4 49/1/4 67/1/4 68/1/4
f 69/1/6 68/1/6 67/1/6 66/1/6
f 56/4/1 70/4/1 71/4/1 57/4/1
f 56/4/5 61/4/5 72/4/5 70/4/5
f 61/4/5 52/4/5 51/4/5 72/4/5
f 42/4/2 65/4/2 73/4/2 50/4/2
f 70/4/1 74/4/1 75/4/1 71/4/1
f 74/4/4 76/4/4 77/4/4 75/4/4
f 70/4/5 72/4/5 76/4/5 74/4/5
f 76/4/4 78/4/4 79/4/4 77/4/4
f 72/4/5 51/4/5 78/4/5 76/4/5
f 50/3/2 73/3/2 80/3/2 81/3/2
f 78/3/4 81/3/4 80/3/4 79/3/4
f 51/3/5 50/3/5 81/3/5 78/3/5
f 58/4/1 57/4/1 82/4/1 83/4/1
f 58/4/3 83/4/3 84/4/3 59/4/3
f 59/4/3 84/4/3 85/4/3 62/4/3
f 62/4/3 85/4/3 86/4/3 64/4/3
f 69/1/2 87/1/2 88/1/2 68/1/2
f 64/1/3 86/1/3 87/1/3 69/1/3
f 65/1/4 68/1/4 88/1/4 89/1/4
f 64/1/5 69/1/5 68/1/5 65/1/5
f 57/4/1 71/4/1 90/4/1 82/4/1
f 65/3/2 89/3/2 91/3/2 73/3/2
f 71/4/1 75/4/1 92/4/1 90/4/1
f 75/4/4 77/4/4 93/4/4 92/4/4
f 90/4/6 92/4/6 93/4/6 94/4/6
f 77/4/4 79/4/4 95/4/4 93/4/4
f 94/4/6 93/4/6 95/4/6 96/4/6
f 73/4/2 91/4/2 97/4/2 80/4/2
f 79/4/4 80/4/4 97/4/4 95/4/4
f 98/6/1 83/6/1 99/6/1 100/6/1
f 98/6/3 100/6/3 101/6/3 102/6/3
f 98/6/5 102/6/5 84/6/5 83/6/5
f 102/6/3 101/6/3 103/6/3 104/6/3
f 102/6/5 104/6/5 85/6/5 84/6/5
f 105/6/2 106/6/2 107/6/2 86/6/2
f 104/6/3 103/6/3 106/6/3 105/6/3
f 103/6/6 108/6/6 107/6/6 106/6/6
f 104/6/5 105/6/5 86/6/5 85/6/5
f 83/6/1 82/6/1 109/6/1 99/6/1
f 108/5/6 110/5/6 111/5/6 107/5/6
f 87/3/2 112/3/2 113/3/2 88/3/2
f 86/3/3 107/3/3 112/3/3 87/3/3
f 107/3/6 111/3/6 113/3/6 112/3/6
f 82/6/1 90/6/1 114/6/1 109/6/1
f 90/6/4 94/6/4 115/6/4 114/6/4
f 94/5/4 96/5/4 116/5/4 115/5/4
f 88/1/2 113/1/2 117/1/2 118/1/2
f 91/1/4 118/1/4 117/1/4 119/1/4
f 111/1/6 119/1/6 117/1/6 113/1/6
f 89/1/5 88/1/5 118/1/5 91/1/5
f 91/1/2 119/1/2 120/1/2 97/1/2
f 96/1/1 95/1/1 121/1/1 116/1/1
f 95/1/4 97/1/4 120/1/4 121/1/4
f 116/1/6 121/1/6 120/1/6 119/1/6
f 122/4/1 123/4/1 124/4/1 125/4/1
f 122/4/3 125/4/3 126/4/3 100/4/3
f 122/4/5 100/4/5 99/4/5 123/4/5
f 100/7/3 126/7/3 127/7/3 101/7/3
f 103/4/2 128/4/2 129/4/2 108/4/2
f 101/4/3 127/4/3 128/4/3 103/4/3
f 130/6/2 131/6/2 132/6/2 133/6/2
f 134/6/1 135/6/1 136/6/1 137/6/1
f 134/6/3 137/6/3 131/6/3 130/6/3
f 135/6/4 133/6/4 132/6/4 136/6/4
f 137/6/6 136/6/6 132/6/6 131/6/6
f 134/6/5 130/6/5 133/6/5 135/6/5
f 138/8/2 139/8/2 140/8/2 141/8/2
f 142/8/1 143/8/1 144/8/1 145/8/1
f 142/8/3 145/8/3 139/8/3 138/8/3
f 143/8/4 141/8/4 140/8/4 144/8/4
f 142/8/5 138/8/5 141/8/5 143/8/5
f 123/4/1 146/4/1 147/4/1 124/4/1
f 123/4/5 99/4/5 109/4/5 146/4/5
f 108/4/2 129/4/2 148/4/2 110/4/2
f 135/3/2 136/3/2 149/3/2 150/3/2
f 151/3/1 152/3/1 153/3/1 154/3/1
f 151/3/3 154/3/3 136/3/3 135/3/3
f 152/3/4 150/3/4 149/3/4 153/3/4
f 154/3/6 153/3/6 149/3/6 136/3/6
f 151/3/5 135/3/5 150/3/5 152/3/5
f 146/4/1 155/4/1 156/4/1 147/4/1
f 155/4/4 114/4/4 157/4/4 156/4/4
f 146/4/5 109/4/5 114/4/5 155/4/5
f 114/4/4 115/4/4 158/4/4 157/4/4
f 115/3/4 116/3/4 159/3/4 158/3/4
f 111/1/2 160/1/2 161/1/2 119/1/2
f 110/1/3 148/1/3 160/1/3 111/1/3
f 116/1/4 119/1/4 161/1/4 159/1/4
f 148/1/6 159/1/6 161/1/6 160/1/6
f 162/9/2 163/9/2 164/9/2 139/9/2
f 165/9/1 145/9/1 166/9/1 167/9/1
f 165/9/3 167/9/3 163/9/3 162/9/3
f 167/9/6 166/9/6 164/9/6 163/9/6
f 165/9/5 162/9/5 139/9/5 145/9/5
f 125/4/1 124/4/1 168/4/1 169/4/1
f 125/4/3 169/4/3 170/4/3 126/4/3
f 126/4/3 170/4/3 171/4/3 127/4/3
f 128/4/2 172/4/2 173/4/2 129/4/2
f 127/4/3 171/4/3 172/4/3 128/4/3
f 137/6/2 174/6/2 175/6/2 136/6/2
f 176/6/1 154/6/1 177/6/1 178/6/1
f 176/6/3 178/6/3 174/6/3 137/6/3
f 154/6/4 136/6/4 175/6/4 177/6/4
f 178/6/6 177/6/6 175/6/6 174/6/6
f 176/6/5 137/6/5 136/6/5 154/6/5
f 145/3/1 144/3/1 179/3/1 166/3/1
f 180/8/2 181/8/2 182/8/2 183/8/2
f 139/8/3 164/8/3 181/8/3 180/8/3
f 140/8/4 183/8/4 182/8/4 184/8/4
f 164/8/6 184/8/6 182/8/6 181/8/6
f 139/8/5 180/8/5 183/8/5 140/8/5
f 124/4/1 147/4/1 185/4/1 168/4/1
f 129/4/2 173/4/2 186/4/2 148/4/2
f 154/3/2 177/3/2 187/3/2 153/3/2
f 188/3/1 189/3/1 190/3/1 191/3/1
f 188/3/3 191/3/3 177/3/3 154/3/3
f 189/3/4 153/3/4 187/3/4 190/3/4
f 191/3/6 190/3/6 187/3/6 177/3/6
f 188/3/5 154/3/5 153/3/5 189/3/5
f 140/10/2 184/10/2 192/10/2 193/10/2
f 144/10/1 194/10/1 195/10/1 179/10/1
f 194/10/4 193/10/4 192/10/4 195/10/4
f 179/10/6 195/10/6 192/10/6 184/10/6
f 144/10/5 140/10/5 193/10/5 194/10/5
f 147/4/1 156/4/1 196/4/1 185/4/1
f 156/4/4 157/4/4 197/4/4 196/4/4
f 157/4/4 158/4/4 198/4/4 197/4/4
f 148/4/2 186/4/2 199/4/2 159/4/2
f 158/4/4 159/4/4 199/4/4 198/4/4
f 200/11/1 201/11/1 202/11/1 203/11/1
f 200/11/3 203/11/3 204/11/3 205/11/3
f 201/11/4 206/11/4 207/11/4 202/11/4
f 203/11/6 202/11/6 207/11/6 204/11/6
f 200/11/5 205/11/5 206/11/5 201/11/5
f 205/11/3 204/11/3 208/11/3 209/11/3
f 206/11/4 210/11/4 211/11/4 207/11/4
f 204/11/6 207/11/6 211/11/6 208/11/6
f 205/11/5 209/11/5 210/11/5 206/11/5
f 209/11/3 208/11/3 212/11/3 213/11/3
f 210/11/4 214/11/4 215/11/4 211/11/4
f 208/11/6 211/11/6 215/11/6 212/11/6
f 209/11/5 213/11/5 214/11/5 210/11/5
f 213/11/3 212/11/3 216/11/3 217/11/3
f 214/11/4 218/11/4 219/11/4 215/11/4
f 212/11/6 215/11/6 219/11/6 216/11/6
f 213/11/5 217/11/5 218/11/5 214/11/5
f 217/3/3 216/3/3 220/3/3 221/3/3
f 218/3/4 222/3/4 223/3/4 219/3/4
f 216/3/6 219/3/6 223/3/6 220/3/6
f 217/3/5 221/3/5 222/3/5 218/3/5
f 221/4/3 220/4/3 224/4/3 225/4/3
f 221/4/5 225/4/5 226/4/5 222/4/5
f 225/4/3 224/4/3 227/4/3 228/4/3
f 225/4/5 228/4/5 229/4/5 226/4/5
f 228/4/3 227/4/3 230/4/3 231/4/3
f 229/4/4 232/4/4 233/4/4 234/4/4
f 227/4/6 234/4/6 233/4/6 230/4/6
f 228/4/5 231/4/5 232/4/5 229/4/5
f 235/4/2 236/4/2 237/4/2 238/4/2
f 231/4/3 230/4/3 236/4/3 235/4/3
f 232/4/4 238/4/4 237/4/4 233/4/4
f 230/4/6 233/4/6 237/4/6 236/4/6
f 231/4/5 235/4/5 238/4/5 232/4/5
f 222/11/1 239/11/1 240/11/1 223/11/1
f 239/11/4 241/11/4 242/11/4 240/11/4
f 223/11/6 240/11/6 242/11/6 243/11/6
f 222/11/5 226/11/5 241/11/5 239/11/5
f 229/11/2 234/11/2 244/11/2 245/11/2
f 241/11/4 245/11/4 244/11/4 242/11/4
f 243/11/6 242/11/6 244/11/6 234/11/6
f 226/11/5 229/11/5 245/11/5 241/11/5
f 246/3/2 247/3/2 248/3/2 249/3/2
f 250/3/1 251/3/1 252/3/1 253/3/1
f 250/3/3 253/3/3 247/3/3 246/3/3
f 251/3/4 249/3/4 248/3/4 252/3/4
f 250/3/5 246/3/5 249/3/5 251/3/5
f 169/6/1 168/6/1 254/6/1 255/6/1
f 169/6/3 255/6/3 256/6/3 170/6/3
f 255/6/6 254/6/6 257/6/6 256/6/6
f 170/6/3 256/6/3 258/6/3 171/6/3
f 256/6/6 257/6/6 259/6/6 258/6/6
f 172/6/2 260/6/2 261/6/2 173/6/2
f 171/6/3 258/6/3 260/6/3 172/6/3
f 258/6/6 259/6/6 261/6/6 260/6/6
f 178/6/2 262/6/2 263/6/2 177/6/2
f 264/6/1 191/6/1 265/6/1 266/6/1
f 264/6/3 266/6/3 262/6/3 178/6/3
f 191/6/4 177/6/4 263/6/4 265/6/4
f 266/6/6 265/6/6 263/6/6 262/6/6
f 264/6/5 178/6/5 177/6/5 191/6/5
f 267/3/1 268/3/1 269/3/1 270/3/1
f 267/3/3 270/3/3 271/3/3 166/3/3
f 268/3/4 179/3/4 272/3/4 269/3/4
f 270/3/6 269/3/6 272/3/6 271/3/6
f 267/3/5 166/3/5 179/3/5 268/3/5
f 164/10/2 273/10/2 274/10/2 184/10/2
f 166/10/3 271/10/3 273/10/3 164/10/3
f 179/10/4 184/10/4 274/10/4 272/10/4
f 271/10/6 272/10/6 274/10/6 273/10/6
f 168/6/1 185/6/1 275/6/1 254/6/1
f 173/6/2 261/6/2 276/6/2 186/6/2
f 191/3/2 265/3/2 277/3/2 190/3/2
f 278/3/1 279/3/1 280/3/1 281/3/1
f 278/3/3 281/3/3 265/3/3 191/3/3
f 279/3/4 190/3/4 277/3/4 280/3/4
f 278/3/5 191/3/5 190/3/5 279/3/5
f 282/3/2 283/3/2 284/3/2 285/3/2
f 286/3/1 287/3/1 288/3/1 289/3/1
f 286/3/3 289/3/3 283/3/3 282/3/3
f 287/3/4 285/3/4 284/3/4 288/3/4
f 286/3/5 282/3/5 285/3/5 287/3/5
f 185/6/1 196/6/1 290/6/1 275/6/1
f 196/6/4 197/6/4 291/6/4 290/6/4
f 275/6/6 290/6/6 291/6/6 292/6/6
f 197/6/4 198/6/4 293/6/4 291/6/4
f 292/6/6 291/6/6 293/6/6 294/6/6
f 186/6/2 276/6/2 295/6/2 199/6/2
f 198/6/4 199/6/4 295/6/4 293/6/4
f 294/6/6 293/6/6 295/6/6 276/6/6
f 195/8/2 296/8/2 297/8/2 298/8/2
f 299/8/1 300/8/1 301/8/1 302/8/1
f 299/8/3 302/8/3 296/8/3 195/8/3
f 300/8/4 298/8/4 297/8/4 301/8/4
f 299/8/5 195/8/5 298/8/5 300/8/5
f 303/11/1 304/11/1 305/11/1 306/11/1
f 303/11/3 306/11/3 307/11/3 308/11/3
f 304/11/4 309/11/4 310/11/4 305/11/4
f 306/11/6 305/11/6 310/11/6 307/11/6
f 303/11/5 308/11/5 309/11/5 304/11/5
f 308/11/3 307/11/3 311/11/3 312/11/3
f 309/11/4 313/11/4 314/11/4 310/11/4
f 307/11/6 310/11/6 314/11/6 311/11/6
f 308/11/5 312/11/5 313/11/5 309/11/5
f 312/11/3 311/11/3 315/11/3 316/11/3
f 313/11/4 317/11/4 318/11/4 314/11/4
f 311/11/6 314/11/6 318/11/6 315/11/6
f 312/11/5 316/11/5 317/11/5 313/11/5
f 316/11/3 315/11/3 319/11/3 320/11/3
f 317/11/4 321/11/4 322/11/4 318/11/4
f 315/11/6 318/11/6 322/11/6 319/11/6
f 316/11/5 320/11/5 321/11/5 317/11/5
f 320/3/3 319/3/3 323/3/3 324/3/3
f 321/3/4 325/3/4 326/3/4 322/3/4
f 319/3/6 322/3/6 326/3/6 323/3/6
f 320/3/5 324/3/5 325/3/5 321/3/5
f 324/4/3 323/4/3 327/4/3 328/4/3
f 324/4/5 328/4/5 329/4/5 325/4/5
f 328/4/3 327/4/3 330/4/3 331/4/3
f 328/4/5 331/4/5 332/4/5 329/4/5
f 331/4/3 330/4/3 333/4/3 334/4/3
f 332/4/4 335/4/4 336/4/4 337/4/4
f 330/4/6 337/4/6 336/4/6 333/4/6
f 331/4/5 334/4/5 335/4/5 332/4/5
f 338/4/2 339/4/2 340/4/2 341/4/2
f 334/4/3 333/4/3 339/4/3 338/4/3
f 335/4/4 341/4/4 340/4/4 336/4/4
f 333/4/6 336/4/6 340/4/6 339/4/6
f 334/4/5 338/4/5 341/4/5 335/4/5
f 342/12/1 343/12/1 344/12/1 345/12/1
f 342/12/3 345/12/3 346/12/3 347/12/3
f 343/12/4 348/12/4 349/12/4 344/12/4
f 345/12/6 344/12/6 349/12/6 346/12/6
f 342/12/5 347/12/5 348/12/5 343/12/5
f 347/12/3 346/12/3 350/12/3 351/12/3
f 348/12/4 352/12/4 353/12/4 349/12/4
f 346/12/6 349/12/6 353/12/6 350/12/6
f 347/12/5 351/12/5 352/12/5 348/12/5
f 351/13/3 350/13/3 354/13/3 355/13/3
f 352/13/4 356/13/4 357/13/4 353/13/4
f 350/13/6 353/13/6 357/13/6 354/13/6
f 351/13/5 355/13/5 356/13/5 352/13/5
f 355/13/3 354/13/3 358/13/3 359/13/3
f 356/13/4 360/13/4 361/13/4 357/13/4
f 354/13/6 357/13/6 361/13/6 358/13/6
f 355/13/5 359/13/5 360/13/5 356/13/5
f 359/3/3 358/3/3 362/3/3 363/3/3
f 360/3/4 364/3/4 365/3/4 361/3/4
f 358/3/6 361/3/6 365/3/6 362/3/6
f 359/3/5 363/3/5 364/3/5 360/3/5
f 366/3/2 367/3/2 368/3/2 369/3/2
f 363/3/3 362/3/3 367/3/3 366/3/3
f 364/3/4 369/3/4 368/3/4 365/3/4
f 363/3/5 366/3/5 369/3/5 364/3/5
f 325/11/1 370/11/1 371/11/1 326/11/1
f 370/11/4 372/11/4 373/11/4 371/11/4
f 326/11/6 371/11/6 373/11/6 374/11/6
f 325/11/5 329/11/5 372/11/5 370/11/5
f 332/11/2 337/11/2 375/11/2 376/11/2
f 372/11/4 376/11/4 375/11/4 373/11/4
f 374/11/6 373/11/6 375/11/6 337/11/6
f 329/11/5 332/11/5 376/11/5 372/11/5
f 377/3/2 378/3/2 379/3/2 380/3/2
f 381/3/1 382/3/1 383/3/1 384/3/1
f 381/3/3 384/3/3 378/3/3 377/3/3
f 381/3/5 377/3/5 380/3/5 382/3/5
f 220/11/1 223/11/1 385/11/1 386/11/1
f 220/11/3 386/11/3 387/11/3 224/11/3
f 223/11/4 243/11/4 388/11/4 385/11/4
f 386/11/6 385/11/6 388/11/6 387/11/6
f 227/11/2 389/11/2 390/11/2 234/11/2
f 224/11/3 387/11/3 389/11/3 227/11/3
f 243/11/4 234/11/4 390/11/4 388/11/4
f 387/11/6 388/11/6 390/11/6 389/11/6
f 236/12/1 237/12/1 391/12/1 392/12/1
f 236/12/3 392/12/3 393/12/3 394/12/3
f 392/12/6 391/12/6 395/12/6 393/12/6
f 236/12/5 394/12/5 253/12/5 237/12/5
f 394/12/3 393/12/3 396/12/3 397/12/3
f 393/12/6 395/12/6 398/12/6 396/12/6
f 394/12/5 397/12/5 247/12/5 253/12/5
f 397/13/3 396/13/3 399/13/3 400/13/3
f 396/13/6 398/13/6 401/13/6 399/13/6
f 397/13/5 400/13/5 402/13/5 247/13/5
f 400/3/3 399/3/3 403/3/3 404/3/3
f 402/3/4 405/3/4 406/3/4 401/3/4
f 399/3/6 401/3/6 406/3/6 403/3/6
f 400/3/5 404/3/5 405/3/5 402/3/5
f 407/3/2 408/3/2 409/3/2 410/3/2
f 404/3/3 403/3/3 408/3/3 407/3/3
f 405/3/4 410/3/4 409/3/4 406/3/4
f 404/3/5 407/3/5 410/3/5 405/3/5
f 411/3/2 412/3/2 413/3/2 414/3/2
f 415/3/1 416/3/1 417/3/1 418/3/1
f 415/3/3 418/3/3 412/3/3 411/3/3
f 416/3/4 414/3/4 413/3/4 417/3/4
f 415/3/5 411/3/5 414/3/5 416/3/5
f 380/3/2 379/3/2 419/3/2 420/3/2
f 382/3/1 421/3/1 422/3/1 383/3/1
f 421/3/4 420/3/4 419/3/4 422/3/4
f 382/3/5 380/3/5 420/3/5 421/3/5
f 207/2/2 423/2/2 424/2/2 425/2/2
f 202/2/1 426/2/1 427/2/1 428/2/1
f 202/2/3 428/2/3 423/2/3 207/2/3
f 426/2/4 425/2/4 424/2/4 427/2/4
f 428/2/6 427/2/6 424/2/6 423/2/6
f 202/2/5 207/2/5 425/2/5 426/2/5
f 237/5/1 429/5/1 430/5/1 391/5/1
f 429/5/4 252/5/4 431/5/4 430/5/4
f 391/5/6 430/5/6 431/5/6 395/5/6
f 237/5/5 253/5/5 252/5/5 429/5/5
f 402/1/2 401/1/2 432/1/2 433/1/2
f 248/1/4 433/1/4 432/1/4 434/1/4
f 398/1/6 434/1/6 432/1/6 401/1/6
f 247/1/5 402/1/5 433/1/5 248/1/5
f 248/1/2 434/1/2 435/1/2 436/1/2
f 252/1/1 437/1/1 438/1/1 431/1/1
f 437/1/4 436/1/4 435/1/4 438/1/4
f 252/1/5 248/1/5 436/1/5 437/1/5
f 266/6/2 439/6/2 440/6/2 265/6/2
f 441/6/1 281/6/1 442/6/1 443/6/1
f 441/6/3 443/6/3 439/6/3 266/6/3
f 443/6/6 442/6/6 440/6/6 439/6/6
f 441/6/5 266/6/5 265/6/5 281/6/5
f 270/3/2 444/3/2 445/3/2 269/3/2
f 446/3/1 447/3/1 448/3/1 449/3/1
f 446/3/3 449/3/3 444/3/3 270/3/3
f 447/3/4 269/3/4 445/3/4 448/3/4
f 449/3/6 448/3/6 445/3/6 444/3/6
f 446/3/5 270/3/5 269/3/5 447/3/5
f 450/3/1 451/3/1 452/3/1 453/3/1
f 450/3/3 453/3/3 454/3/3 455/3/3
f 451/3/4 456/3/4 457/3/4 452/3/4
f 450/3/5 455/3/5 456/3/5 451/3/5
f 455/3/3 454/3/3 458/3/3 459/3/3
f 456/3/4 460/3/4 461/3/4 457/3/4
f 455/3/5 459/3/5 460/3/5 456/3/5
f 459/3/3 458/3/3 462/3/3 463/3/3
f 460/3/4 464/3/4 465/3/4 461/3/4
f 459/3/5 463/3/5 464/3/5 460/3/5
f 463/3/3 462/3/3 466/3/3 467/3/3
f 464/3/4 468/3/4 469/3/4 465/3/4
f 463/3/5 467/3/5 468/3/5 464/3/5
f 467/3/3 466/3/3 470/3/3 471/3/3
f 468/3/4 472/3/4 473/3/4 469/3/4
f 467/3/5 471/3/5 472/3/5 468/3/5
f 471/3/3 470/3/3 474/3/3 475/3/3
f 472/3/4 476/3/4 477/3/4 473/3/4
f 471/3/5 475/3/5 476/3/5 472/3/5
f 475/3/3 474/3/3 478/3/3 479/3/3
f 476/3/4 480/3/4 481/3/4 477/3/4
f 475/3/5 479/3/5 480/3/5 476/3/5
f 479/3/3 478/3/3 482/3/3 483/3/3
f 479/3/5 483/3/5 289/3/5 480/3/5
f 483/5/3 482/5/3 484/5/3 485/5/3
f 483/5/5 485/5/5 283/5/5 289/5/5
f 485/3/3 484/3/3 486/3/3 487/3/3
f 485/3/5 487/3/5 488/3/5 283/3/5
f 487/3/3 486/3/3 489/3/3 254/3/3
f 488/3/4 275/3/4 490/3/4 491/3/4
f 487/3/5 254/3/5 275/3/5 488/3/5
f 254/3/3 489/3/3 492/3/3 257/3/3
f 275/3/4 292/3/4 493/3/4 490/3/4
f 257/3/3 492/3/3 494/3/3 259/3/3
f 292/3/4 294/3/4 495/3/4 493/3/4
f 259/3/3 494/3/3 496/3/3 261/3/3
f 294/3/4 276/3/4 497/3/4 495/3/4
f 261/3/3 496/3/3 498/3/3 499/3/3
f 276/3/4 500/3/4 501/3/4 497/3/4
f 261/3/5 499/3/5 500/3/5 276/3/5
f 499/3/3 498/3/3 442/3/3 281/3/3
f 500/3/4 280/3/4 502/3/4 501/3/4
f 499/3/5 281/3/5 280/3/5 500/3/5
f 280/3/4 277/3/4 503/3/4 502/3/4
f 263/3/2 504/3/2 505/3/2 506/3/2
f 265/3/3 440/3/3 504/3/3 263/3/3
f 277/3/4 506/3/4 505/3/4 503/3/4
f 265/3/5 263/3/5 506/3/5 277/3/5
f 507/6/2 508/6/2 509/6/2 510/6/2
f 511/6/1 512/6/1 513/6/1 514/6/1
f 511/6/3 514/6/3 508/6/3 507/6/3
f 512/6/4 510/6/4 509/6/4 513/6/4
f 511/6/5 507/6/5 510/6/5 512/6/5
f 272/9/2 515/9/2 516/9/2 296/9/2
f 269/9/1 302/9/1 517/9/1 445/9/1
f 269/9/3 445/9/3 515/9/3 272/9/3
f 445/9/6 517/9/6 516/9/6 515/9/6
f 269/9/5 272/9/5 296/9/5 302/9/5
f 480/5/1 518/5/1 519/5/1 481/5/1
f 518/5/4 288/5/4 520/5/4 519/5/4
f 480/5/5 289/5/5 288/5/5 518/5/5
f 488/1/2 491/1/2 521/1/2 522/1/2
f 284/1/4 522/1/4 521/1/4 523/1/4
f 283/1/5 488/1/5 522/1/5 284/1/5
f 302/3/1 301/3/1 524/3/1 517/3/1
f 525/8/2 526/8/2 527/8/2 528/8/2
f 296/8/3 516/8/3 526/8/3 525/8/3
f 297/8/4 528/8/4 527/8/4 529/8/4
f 516/8/6 529/8/6 527/8/6 526/8/6
f 296/8/5 525/8/5 528/8/5 297/8/5
f 530/2/2 531/2/2 532/2/2 307/2/2
f 533/2/1 306/2/1 534/2/1 535/2/1
f 533/2/3 535/2/3 531/2/3 530/2/3
f 306/2/4 307/2/4 532/2/4 534/2/4
f 535/2/6 534/2/6 532/2/6 531/2/6
f 533/2/5 530/2/5 307/2/5 306/2/5
f 284/1/2 523/1/2 536/1/2 362/1/2
f 288/1/1 358/1/1 537/1/1 520/1/1
f 358/1/4 362/1/4 536/1/4 537/1/4
f 288/1/5 284/1/5 362/1/5 358/1/5
f 297/10/2 529/10/2 538/10/2 539/10/2
f 301/10/1 540/10/1 541/10/1 524/10/1
f 540/10/4 539/10/4 538/10/4 541/10/4
f 524/10/6 541/10/6 538/10/6 529/10/6
f 301/10/5 297/10/5 539/10/5 540/10/5
f 323/11/1 326/11/1 542/11/1 543/11/1
f 323/11/3 543/11/3 544/11/3 327/11/3
f 326/11/4 374/11/4 545/11/4 542/11/4
f 543/11/6 542/11/6 545/11/6 544/11/6
f 330/11/2 546/11/2 547/11/2 337/11/2
f 327/11/3 544/11/3 546/11/3 330/11/3
f 374/11/4 337/11/4 547/11/4 545/11/4
f 544/11/6 545/11/6 547/11/6 546/11/6
f 367/3/2 548/3/2 549/3/2 368/3/2
f 362/3/1 365/3/1 550/3/1 536/3/1
f 362/3/3 536/3/3 548/3/3 367/3/3
f 365/3/4 368/3/4 549/3/4 550/3/4
f 536/3/6 550/3/6 549/3/6 548/3/6
f 551/3/2 552/3/2 553/3/2 554/3/2
f 555/3/1 556/3/1 557/3/1 558/3/1
f 555/3/3 558/3/3 552/3/3 551/3/3
f 556/3/4 554/3/4 553/3/4 557/3/4
f 555/3/5 551/3/5 554/3/5 556/3/5
f 559/5/2 560/5/2 561/5/2 412/5/2
f 562/5/1 418/5/1 563/5/1 564/5/1
f 562/5/3 564/5/3 560/5/3 559/5/3
f 564/5/6 563/5/6 561/5/6 560/5/6
f 562/5/5 559/5/5 412/5/5 418/5/5
f 378/3/2 565/3/2 566/3/2 379/3/2
f 384/3/1 383/3/1 567/3/1 568/3/1
f 384/3/3 568/3/3 565/3/3 378/3/3
f 408/3/2 569/3/2 570/3/2 409/3/2
f 403/3/1 406/3/1 571/3/1 572/3/1
f 403/3/3 572/3/3 569/3/3 408/3/3
f 406/3/4 409/3/4 570/3/4 571/3/4
f 572/3/6 571/3/6 570/3/6 569/3/6
f 573/5/1 574/5/1 575/5/1 576/5/1
f 573/5/3 576/5/3 563/5/3 418/5/3
f 574/5/4 417/5/4 577/5/4 575/5/4
f 576/5/6 575/5/6 577/5/6 563/5/6
f 573/5/5 418/5/5 417/5/5 574/5/5
f 578/1/2 579/1/2 580/1/2 581/1/2
f 412/1/3 561/1/3 579/1/3 578/1/3
f 413/1/4 581/1/4 580/1/4 582/1/4
f 561/1/6 582/1/6 580/1/6 579/1/6
f 412/1/5 578/1/5 581/1/5 413/1/5
f 583/3/1 584/3/1 585/3/1 586/3/1
f 583/3/3 586/3/3 587/3/3 588/3/3
f 584/3/4 589/3/4 590/3/4 585/3/4
f 586/3/6 585/3/6 590/3/6 587/3/6
f 583/3/5 588/3/5 589/3/5 584/3/5
f 588/3/3 587/3/3 591/3/3 592/3/3
f 589/3/4 593/3/4 594/3/4 590/3/4
f 588/3/5 592/3/5 593/3/5 589/3/5
f 592/3/3 591/3/3 595/3/3 596/3/3
f 593/3/4 597/3/4 598/3/4 594/3/4
f 592/3/5 596/3/5 597/3/5 593/3/5
f 596/14/3 595/14/3 567/14/3 383/14/3
f 597/14/4 422/14/4 599/14/4 598/14/4
f 596/14/5 383/14/5 422/14/5 597/14/5
f 379/3/2 566/3/2 600/3/2 419/3/2
f 422/3/4 419/3/4 600/3/4 599/3/4
f 398/1/2 601/1/2 602/1/2 434/1/2
f 395/1/1 431/1/1 603/1/1 604/1/1
f 395/1/3 604/1/3 601/1/3 398/1/3
f 413/1/2 582/1/2 605/1/2 606/1/2
f 417/1/1 607/1/1 608/1/1 577/1/1
f 417/1/5 413/1/5 606/1/5 607/1/5
f 424/2/2 609/2/2 610/2/2 611/2/2
f 427/2/1 612/2/1 613/2/1 614/2/1
f 427/2/3 614/2/3 609/2/3 424/2/3
f 612/2/4 611/2/4 610/2/4 613/2/4
f 614/2/6 613/2/6 610/2/6 609/2/6
f 427/2/5 424/2/5 611/2/5 612/2/5
f 615/6/1 616/6/1 617/6/1 618/6/1
f 615/6/3 618/6/3 619/6/3 620/6/3
f 615/6/5 620/6/5 621/6/5 616/6/5
f 620/3/3 619/3/3 622/3/3 430/3/3
f 620/3/5 430/3/5 623/3/5 621/3/5
f 430/6/3 622/6/3 603/6/3 431/6/3
f 430/6/5 431/6/5 438/6/5 623/6/5
f 434/6/3 602/6/3 624/6/3 432/6/3
f 434/6/5 432/6/5 625/6/5 435/6/5
f 432/3/3 624/3/3 626/3/3 627/3/3
f 432/3/5 627/3/5 628/3/5 625/3/5
f 627/6/3 626/6/3 629/6/3 630/6/3
f 627/6/5 630/6/5 631/6/5 628/6/5
f 630/6/3 629/6/3 632/6/3 633/6/3
f 630/6/5 633/6/5 634/6/5 631/6/5
f 633/6/3 632/6/3 635/6/3 636/6/3
f 633/6/5 636/6/5 637/6/5 634/6/5
f 636/3/3 635/3/3 608/3/3 607/3/3
f 636/3/5 607/3/5 638/3/5 637/3/5
f 607/6/5 606/6/5 639/6/5 638/6/5
f 606/6/3 605/6/3 640/6/3 641/6/3
f 606/6/5 641/6/5 642/6/5 639/6/5
f 643/6/2 644/6/2 645/6/2 646/6/2
f 641/6/3 640/6/3 644/6/3 643/6/3
f 641/6/5 643/6/5 646/6/5 642/6/5
f 647/3/1 648/3/1 649/3/1 650/3/1
f 647/3/3 650/3/3 651/3/3 652/3/3
f 647/3/5 652/3/5 653/3/5 648/3/5
f 652/6/3 651/6/3 654/6/3 655/6/3
f 652/6/5 655/6/5 656/6/5 653/6/5
f 657/6/2 658/6/2 659/6/2 660/6/2
f 655/6/3 654/6/3 658/6/3 657/6/3
f 655/6/5 657/6/5 660/6/5 656/6/5
f 661/8/2 662/8/2 663/8/2 664/8/2
f 665/8/1 444/8/1 666/8/1 667/8/1
f 665/8/3 667/8/3 662/8/3 661/8/3
f 444/8/4 664/8/4 663/8/4 666/8/4
f 665/8/5 661/8/5 664/8/5 444/8/5
f 616/3/1 453/3/1 668/3/1 617/3/1
f 616/3/5 621/3/5 454/3/5 453/3/5
f 621/6/5 623/6/5 458/6/5 454/6/5
f 623/6/5 438/6/5 462/6/5 458/6/5
f 438/6/5 435/6/5 466/6/5 462/6/5
f 435/3/5 625/3/5 470/3/5 466/3/5
f 625/6/5 628/6/5 474/6/5 470/6/5
f 628/6/5 631/6/5 478/6/5 474/6/5
f 631/6/5 634/6/5 482/6/5 478/6/5
f 634/3/5 637/3/5 484/3/5 482/3/5
f 637/6/5 638/6/5 486/6/5 484/6/5
f 638/6/5 639/6/5 489/6/5 486/6/5
f 639/6/5 642/6/5 492/6/5 489/6/5
f 646/3/2 645/3/2 669/3/2 494/3/2
f 642/3/5 646/3/5 494/3/5 492/3/5
f 439/3/1 440/3/1 670/3/1 671/3/1
f 439/3/3 671/3/3 649/3/3 648/3/3
f 439/3/5 648/3/5 504/3/5 440/3/5
f 648/6/5 653/6/5 514/6/5 504/6/5
f 653/6/5 656/6/5 508/6/5 514/6/5
f 656/3/5 660/3/5 672/3/5 508/3/5
f 673/3/2 674/3/2 675/3/2 676/3/2
f 660/3/3 659/3/3 674/3/3 673/3/3
f 660/3/5 673/3/5 676/3/5 672/3/5
f 449/6/2 677/6/2 678/6/2 448/6/2
f 679/6/1 680/6/1 681/6/1 682/6/1
f 679/6/3 682/6/3 677/6/3 449/6/3
f 680/6/4 448/6/4 678/6/4 681/6/4
f 682/6/6 681/6/6 678/6/6 677/6/6
f 679/6/5 449/6/5 448/6/5 680/6/5
f 453/6/1 452/6/1 683/6/1 668/6/1
f 494/3/3 669/3/3 684/3/3 496/3/3
f 495/3/4 497/3/4 685/3/4 686/3/4
f 496/3/3 684/3/3 687/3/3 498/3/3
f 497/3/4 501/3/4 688/3/4 685/3/4
f 498/3/3 687/3/3 689/3/3 442/3/3
f 501/3/4 502/3/4 690/3/4 688/3/4
f 442/3/3 689/3/3 670/3/3 440/3/3
f 502/3/4 503/3/4 691/3/4 690/3/4
f 504/6/5 514/6/5 513/6/5 505/6/5
f 508/6/5 672/6/5 692/6/5 509/6/5
f 676/15/2 675/15/2 693/15/2 694/15/2
f 672/15/5 676/15/5 694/15/5 692/15/5
f 695/2/2 696/2/2 697/2/2 531/2/2
f 698/2/1 535/2/1 699/2/1 700/2/1
f 698/2/3 700/2/3 696/2/3 695/2/3
f 535/2/4 531/2/4 697/2/4 699/2/4
f 700/2/6 699/2/6 697/2/6 696/2/6
f 698/2/5 695/2/5 531/2/5 535/2/5
f 452/6/1 701/6/1 702/6/1 683/6/1
f 452/6/5 457/6/5 703/6/5 701/6/5
f 457/6/5 461/6/5 704/6/5 703/6/5
f 461/3/5 465/3/5 705/3/5 704/3/5
f 465/6/5 469/6/5 706/6/5 705/6/5
f 469/6/5 473/6/5 707/6/5 706/6/5
f 473/6/5 477/6/5 708/6/5 707/6/5
f 477/3/5 481/3/5 519/3/5 708/3/5
f 491/3/5 490/3/5 709/3/5 521/3/5
f 490/6/5 493/6/5 710/6/5 709/6/5
f 495/6/2 686/6/2 711/6/2 712/6/2
f 493/6/5 495/6/5 712/6/5 710/6/5
f 503/6/1 713/6/1 714/6/1 691/6/1
f 713/6/4 715/6/4 716/6/4 714/6/4
f 503/6/5 505/6/5 715/6/5 713/6/5
f 505/3/5 513/3/5 717/3/5 715/3/5
f 513/6/5 509/6/5 718/6/5 717/6/5
f 509/6/5 692/6/5 719/6/5 718/6/5
f 694/3/2 693/3/2 720/3/2 721/3/2
f 692/3/5 694/3/5 721/3/5 719/3/5
f 722/3/1 723/3/1 724/3/1 725/3/1
f 722/3/3 725/3/3 726/3/3 517/3/3
f 723/3/4 524/3/4 727/3/4 724/3/4
f 725/3/6 724/3/6 727/3/6 726/3/6
f 722/3/5 517/3/5 524/3/5 723/3/5
f 516/10/2 728/10/2 729/10/2 529/10/2
f 517/10/3 726/10/3 728/10/3 516/10/3
f 524/10/4 529/10/4 729/10/4 727/10/4
f 726/10/6 727/10/6 729/10/6 728/10/6
f 701/6/1 546/6/1 730/6/1 702/6/1
f 546/6/4 731/6/4 732/6/4 730/6/4
f 701/6/5 703/6/5 731/6/5 546/6/5
f 731/3/4 733/3/4 734/3/4 732/3/4
f 703/3/5 704/3/5 733/3/5 731/3/5
f 733/6/4 735/6/4 736/6/4 734/6/4
f 704/6/5 705/6/5 735/6/5 733/6/5
f 735/6/4 737/6/4 738/6/4 736/6/4
f 705/6/5 706/6/5 737/6/5 735/6/5
f 737/6/4 739/6/4 740/6/4 738/6/4
f 706/6/5 707/6/5 739/6/5 737/6/5
f 739/3/4 741/3/4 742/3/4 740/3/4
f 707/3/5 708/3/5 741/3/5 739/3/5
f 741/6/4 743/6/4 744/6/4 742/6/4
f 708/6/5 519/6/5 743/6/5 741/6/5
f 743/6/4 537/6/4 745/6/4 744/6/4
f 519/6/5 520/6/5 537/6/5 743/6/5
f 537/6/4 536/6/4 746/6/4 745/6/4
f 536/3/4 548/3/4 747/3/4 746/3/4
f 523/3/5 521/3/5 548/3/5 536/3/5
f 548/6/4 748/6/4 749/6/4 747/6/4
f 521/6/5 709/6/5 748/6/5 548/6/5
f 748/6/4 750/6/4 751/6/4 749/6/4
f 709/6/5 710/6/5 750/6/5 748/6/5
f 712/6/2 711/6/2 752/6/2 753/6/2
f 750/6/4 753/6/4 752/6/4 751/6/4
f 710/6/5 712/6/5 753/6/5 750/6/5
f 715/6/1 754/6/1 755/6/1 716/6/1
f 754/6/4 756/6/4 757/6/4 755/6/4
f 715/6/5 717/6/5 756/6/5 754/6/5
f 756/6/4 758/6/4 759/6/4 757/6/4
f 717/6/5 718/6/5 758/6/5 756/6/5
f 718/3/5 719/3/5 558/3/5 758/3/5
f 721/5/2 720/5/2 760/5/2 552/5/2
f 719/5/5 721/5/5 552/5/5 558/5/5
f 758/5/1 761/5/1 762/5/1 759/5/1
f 761/5/4 557/5/4 763/5/4 762/5/4
f 758/5/5 558/5/5 557/5/5 761/5/5
f 764/1/2 765/1/2 766/1/2 767/1/2
f 552/1/3 760/1/3 765/1/3 764/1/3
f 553/1/4 767/1/4 766/1/4 768/1/4
f 760/1/6 768/1/6 766/1/6 765/1/6
f 552/1/5 764/1/5 767/1/5 553/1/5
f 769/3/2 770/3/2 771/3/2 772/3/2
f 773/3/1 774/3/1 775/3/1 776/3/1
f 773/3/3 776/3/3 770/3/3 769/3/3
f 774/3/4 772/3/4 771/3/4 775/3/4
f 773/3/5 769/3/5 772/3/5 774/3/5
f 553/1/2 768/1/2 777/1/2 778/1/2
f 557/1/1 779/1/1 780/1/1 763/1/1
f 779/1/4 778/1/4 777/1/4 780/1/4
f 763/1/6 780/1/6 777/1/6 768/1/6
f 557/1/5 553/1/5 778/1/5 779/1/5
f 781/2/2 782/2/2 783/2/2 784/2/2
f 785/2/1 786/2/1 787/2/1 788/2/1
f 785/2/3 788/2/3 782/2/3 781/2/3
f 786/2/4 784/2/4 783/2/4 787/2/4
f 788/2/6 787/2/6 783/2/6 782/2/6
f 785/2/5 781/2/5 784/2/5 786/2/5
f 565/3/2 789/3/2 790/3/2 566/3/2
f 568/3/1 567/3/1 791/3/1 792/3/1
f 568/3/3 792/3/3 789/3/3 565/3/3
f 561/1/2 793/1/2 794/1/2 582/1/2
f 563/1/1 577/1/1 795/1/1 796/1/1
f 563/1/3 796/1/3 793/1/3 561/1/3
f 796/1/6 795/1/6 794/1/6 793/1/6
f 586/2/2 797/2/2 798/2/2 585/2/2
f 784/2/1 799/2/1 800/2/1 783/2/1
f 784/2/3 783/2/3 797/2/3 586/2/3
f 799/2/4 585/2/4 798/2/4 800/2/4
f 783/2/6 800/2/6 798/2/6 797/2/6
f 784/2/5 586/2/5 585/2/5 799/2/5
f 587/3/1 590/3/1 801/3/1 802/3/1
f 587/3/3 802/3/3 803/3/3 591/3/3
f 590/3/4 594/3/4 804/3/4 801/3/4
f 591/14/3 803/14/3 805/14/3 595/14/3
f 595/3/3 805/3/3 791/3/3 567/3/3
f 806/14/2 807/14/2 808/14/2 809/14/2
f 566/14/3 790/14/3 807/14/3 806/14/3
f 600/14/4 809/14/4 808/14/4 810/14/4
f 790/14/6 810/14/6 808/14/6 807/14/6
f 566/14/5 806/14/5 809/14/5 600/14/5
f 811/6/1 618/6/1 812/6/1 813/6/1
f 811/6/3 813/6/3 814/6/3 815/6/3
f 811/6/5 815/6/5 619/6/5 618/6/5
f 815/3/3 814/3/3 816/3/3 817/3/3
f 815/3/5 817/3/5 622/3/5 619/3/5
f 817/6/3 816/6/3 818/6/3 604/6/3
f 817/6/5 604/6/5 603/6/5 622/6/5
f 604/6/3 818/6/3 819/6/3 601/6/3
f 601/6/3 819/6/3 820/6/3 821/6/3
f 601/6/5 821/6/5 624/6/5 602/6/5
f 821/3/3 820/3/3 822/3/3 571/3/3
f 821/3/5 571/3/5 626/3/5 624/3/5
f 571/6/3 822/6/3 823/6/3 570/6/3
f 571/6/5 570/6/5 629/6/5 626/6/5
f 570/6/3 823/6/3 824/6/3 825/6/3
f 570/6/5 825/6/5 632/6/5 629/6/5
f 825/6/3 824/6/3 826/6/3 575/6/3
f 825/6/5 575/6/5 635/6/5 632/6/5
f 575/3/3 826/3/3 795/3/3 577/3/3
f 575/3/5 577/3/5 608/3/5 635/3/5
f 582/6/3 794/6/3 827/6/3 580/6/3
f 582/6/5 580/6/5 640/6/5 605/6/5
f 828/6/2 829/6/2 830/6/2 644/6/2
f 580/6/3 827/6/3 829/6/3 828/6/3
f 580/6/5 828/6/5 644/6/5 640/6/5
f 594/16/1 650/16/1 831/16/1 804/16/1
f 594/16/5 598/16/5 651/16/5 650/16/5
f 598/6/5 599/6/5 654/6/5 651/6/5
f 600/6/2 810/6/2 832/6/2 658/6/2
f 599/6/5 600/6/5 658/6/5 654/6/5
f 833/9/2 834/9/2 835/9/2 662/9/2
f 836/9/1 667/9/1 837/9/1 838/9/1
f 836/9/3 838/9/3 834/9/3 833/9/3
f 838/9/6 837/9/6 835/9/6 834/9/6
f 836/9/5 833/9/5 662/9/5 667/9/5
f 618/6/1 617/6/1 839/6/1 812/6/1
f 644/6/3 830/6/3 840/6/3 841/6/3
f 644/6/5 841/6/5 842/6/5 645/6/5
f 841/6/3 840/6/3 843/6/3 844/6/3
f 841/6/5 844/6/5 845/6/5 842/6/5
f 844/6/3 843/6/3 846/6/3 847/6/3
f 844/6/5 847/6/5 848/6/5 845/6/5
f 847/3/3 846/3/3 849/3/3 850/3/3
f 847/3/5 850/3/5 671/3/5 848/3/5
f 850/3/3 849/3/3 831/3/3 650/3/3
f 850/3/5 650/3/5 649/3/5 671/3/5
f 851/3/2 852/3/2 853/3/2 674/3/2
f 658/3/3 832/3/3 852/3/3 851/3/3
f 658/3/5 851/3/5 674/3/5 659/3/5
f 854/3/1 677/3/1 855/3/1 856/3/1
f 854/3/3 856/3/3 837/3/3 667/3/3
f 677/3/4 666/3/4 857/3/4 855/3/4
f 856/3/6 855/3/6 857/3/6 837/3/6
f 854/3/5 667/3/5 666/3/5 677/3/5
f 858/8/2 859/8/2 860/8/2 861/8/2
f 662/8/3 835/8/3 859/8/3 858/8/3
f 663/8/4 861/8/4 860/8/4 862/8/4
f 835/8/6 862/8/6 860/8/6 859/8/6
f 662/8/5 858/8/5 861/8/5 663/8/5
f 610/2/2 863/2/2 864/2/2 865/2/2
f 613/2/1 866/2/1 867/2/1 868/2/1
f 613/2/3 868/2/3 863/2/3 610/2/3
f 868/2/6 867/2/6 864/2/6 863/2/6
f 613/2/5 610/2/5 865/2/5 866/2/5
f 617/6/1 668/6/1 869/6/1 839/6/1
f 645/6/5 842/6/5 684/6/5 669/6/5
f 842/6/5 845/6/5 687/6/5 684/6/5
f 845/3/5 848/3/5 689/3/5 687/3/5
f 848/3/5 671/3/5 670/3/5 689/3/5
f 682/15/2 870/15/2 871/15/2 681/15/2
f 674/15/3 853/15/3 870/15/3 682/15/3
f 674/15/5 682/15/5 681/15/5 675/15/5
f 663/10/2 862/10/2 872/10/2 873/10/2
f 666/10/1 874/10/1 875/10/1 857/10/1
f 874/10/4 873/10/4 872/10/4 875/10/4
f 857/10/6 875/10/6 872/10/6 862/10/6
f 666/10/5 663/10/5 873/10/5 874/10/5
f 865/2/2 864/2/2 876/2/2 696/2/2
f 866/2/1 700/2/1 877/2/1 867/2/1
f 700/2/4 696/2/4 876/2/4 877/2/4
f 867/2/6 877/2/6 876/2/6 864/2/6
f 866/2/5 865/2/5 696/2/5 700/2/5
f 668/3/1 683/3/1 878/3/1 869/3/1
f 681/3/2 871/3/2 879/3/2 880/3/2
f 675/3/5 681/3/5 880/3/5 693/3/5
f 683/6/1 702/6/1 881/6/1 878/6/1
f 686/3/5 685/3/5 882/3/5 711/3/5
f 685/6/5 688/6/5 883/6/5 882/6/5
f 688/6/5 690/6/5 884/6/5 883/6/5
f 690/6/5 691/6/5 714/6/5 884/6/5
f 720/15/4 885/15/4 886/15/4 887/15/4
f 693/15/5 880/15/5 885/15/5 720/15/5
f 725/6/2 888/6/2 889/6/2 724/6/2
f 880/6/3 879/6/3 888/6/3 725/6/3
f 885/6/4 724/6/4 889/6/4 886/6/4
f 879/6/6 886/6/6 889/6/6 888/6/6
f 880/6/5 725/6/5 724/6/5 885/6/5
f 702/6/1 730/6/1 890/6/1 881/6/1
f 752/3/4 891/3/4 892/3/4 893/3/4
f 711/3/5 882/3/5 891/3/5 752/3/5
f 891/15/4 894/15/4 895/15/4 892/15/4
f 882/15/5 883/15/5 894/15/5 891/15/5
f 894/15/4 896/15/4 897/15/4 895/15/4
f 883/15/5 884/15/5 896/15/5 894/15/5
f 896/3/4 898/3/4 899/3/4 897/3/4
f 884/3/5 714/3/5 898/3/5 896/3/5
f 898/6/4 755/6/4 900/6/4 899/6/4
f 714/6/5 716/6/5 755/6/5 898/6/5
f 720/3/2 887/3/2 901/3/2 760/3/2
f 730/3/1 902/3/1 903/3/1 890/3/1
f 902/3/4 904/3/4 905/3/4 903/3/4
f 730/3/5 732/3/5 904/3/5 902/3/5
f 904/3/4 906/3/4 907/3/4 905/3/4
f 732/3/5 734/3/5 906/3/5 904/3/5
f 906/15/4 908/15/4 909/15/4 907/15/4
f 734/15/5 736/15/5 908/15/5 906/15/5
f 908/15/4 910/15/4 911/15/4 909/15/4
f 736/15/5 738/15/5 910/15/5 908/15/5
f 738/3/5 740/3/5 776/3/5 910/3/5
f 740/5/5 742/5/5 770/5/5 776/5/5
f 742/15/5 744/15/5 912/15/5 770/15/5
f 912/15/4 913/15/4 914/15/4 915/15/4
f 744/15/5 745/15/5 913/15/5 912/15/5
f 913/3/4 916/3/4 917/3/4 914/3/4
f 745/3/5 746/3/5 916/3/5 913/3/5
f 916/3/4 918/3/4 919/3/4 917/3/4
f 746/3/5 747/3/5 918/3/5 916/3/5
f 918/15/4 920/15/4 921/15/4 919/15/4
f 747/15/5 749/15/5 920/15/5 918/15/5
f 920/15/4 922/15/4 923/15/4 921/15/4
f 749/15/5 751/15/5 922/15/5 920/15/5
f 752/3/2 893/3/2 924/3/2 925/3/2
f 922/3/4 925/3/4 924/3/4 923/3/4
f 751/3/5 752/3/5 925/3/5 922/3/5
f 755/3/1 926/3/1 927/3/1 900/3/1
f 926/3/4 928/3/4 929/3/4 927/3/4
f 755/3/5 757/3/5 928/3/5 926/3/5
f 928/6/4 762/6/4 930/6/4 929/6/4
f 757/6/5 759/6/5 762/6/5 928/6/5
f 762/6/4 763/6/4 931/6/4 930/6/4
f 760/1/2 901/1/2 932/1/2 768/1/2
f 763/1/4 768/1/4 932/1/4 931/1/4
f 910/5/1 933/5/1 934/5/1 911/5/1
f 933/5/4 775/5/4 935/5/4 934/5/4
f 911/5/6 934/5/6 935/5/6 936/5/6
f 910/5/5 776/5/5 775/5/5 933/5/5
f 912/1/2 915/1/2 937/1/2 938/1/2
f 771/1/4 938/1/4 937/1/4 939/1/4
f 940/1/6 939/1/6 937/1/6 915/1/6
f 770/1/5 912/1/5 938/1/5 771/1/5
f 771/1/2 939/1/2 941/1/2 942/1/2
f 775/1/1 943/1/1 944/1/1 935/1/1
f 943/1/4 942/1/4 941/1/4 944/1/4
f 775/1/5 771/1/5 942/1/5 943/1/5
f 789/3/2 945/3/2 946/3/2 790/3/2
f 792/3/1 791/3/1 947/3/1 948/3/1
f 792/3/3 948/3/3 945/3/3 789/3/3
f 949/3/2 950/3/2 951/3/2 816/3/2
f 952/3/1 814/3/1 953/3/1 954/3/1
f 952/3/3 954/3/3 950/3/3 949/3/3
f 952/3/5 949/3/5 816/3/5 814/3/5
f 797/3/1 798/3/1 955/3/1 956/3/1
f 797/3/3 956/3/3 957/3/3 802/3/3
f 798/3/4 801/3/4 958/3/4 955/3/4
f 797/3/5 802/3/5 801/3/5 798/3/5
f 802/3/3 957/3/3 959/3/3 803/3/3
f 803/3/3 959/3/3 960/3/3 805/3/3
f 805/3/3 960/3/3 947/3/3 791/3/3
f 790/3/2 946/3/2 961/3/2 810/3/2
f 813/3/1 812/3/1 962/3/1 963/3/1
f 813/3/3 963/3/3 953/3/3 814/3/3
f 816/6/3 951/6/3 964/6/3 818/6/3
f 818/6/3 964/6/3 965/6/3 819/6/3
f 819/3/3 965/3/3 966/3/3 820/3/3
f 820/6/3 966/6/3 967/6/3 822/6/3
f 822/6/3 967/6/3 968/6/3 823/6/3
f 823/6/3 968/6/3 969/6/3 824/6/3
f 824/3/3 969/3/3 970/3/3 826/3/3
f 826/6/3 970/6/3 971/6/3 795/6/3
f 795/6/3 971/6/3 972/6/3 794/6/3
f 794/6/3 972/6/3 973/6/3 827/6/3
f 829/3/2 974/3/2 975/3/2 830/3/2
f 827/3/3 973/3/3 974/3/3 829/3/3
f 801/16/1 849/16/1 976/16/1 958/16/1
f 801/16/5 804/16/5 831/16/5 849/16/5
f 808/3/2 977/3/2 978/3/2 852/3/2
f 810/3/3 961/3/3 977/3/3 808/3/3
f 810/3/5 808/3/5 852/3/5 832/3/5
f 812/4/1 839/4/1 979/4/1 962/4/1
f 830/6/3 975/6/3 980/6/3 840/6/3
f 840/6/3 980/6/3 981/6/3 843/6/3
f 843/3/3 981/3/3 982/3/3 846/3/3
f 846/3/3 982/3/3 976/3/3 849/3/3
f 852/15/3 978/15/3 983/15/3 984/15/3
f 852/15/5 984/15/5 870/15/5 853/15/5
f 856/6/2 985/6/2 986/6/2 855/6/2
f 984/6/3 983/6/3 985/6/3 856/6/3
f 870/6/4 855/6/4 986/6/4 987/6/4
f 983/6/6 987/6/6 986/6/6 985/6/6
f 984/6/5 856/6/5 855/6/5 870/6/5
f 835/10/2 988/10/2 989/10/2 862/10/2
f 837/10/1 857/10/1 990/10/1 991/10/1
f 837/10/3 991/10/3 988/10/3 835/10/3
f 857/10/4 862/10/4 989/10/4 990/10/4
f 991/10/6 990/10/6 989/10/6 988/10/6
f 839/4/1 869/4/1 992/4/1 979/4/1
f 870/3/2 987/3/2 993/3/2 871/3/2
f 869/4/1 878/4/1 994/4/1 992/4/1
f 871/15/2 993/15/2 995/15/2 879/15/2
f 878/4/1 881/4/1 996/4/1 994/4/1
f 879/3/2 995/3/2 997/3/2 886/3/2
f 881/4/1 890/4/1 998/4/1 996/4/1
f 893/3/4 892/3/4 999/3/4 1000/3/4
f 892/15/4 895/15/4 1001/15/4 999/15/4
f 895/15/4 897/15/4 1002/15/4 1001/15/4
f 897/6/4 899/6/4 1003/6/4 1002/6/4
f 886/15/2 997/15/2 1004/15/2 1005/15/2
f 901/15/4 1005/15/4 1004/15/4 1006/15/4
f 887/15/5 886/15/5 1005/15/5 901/15/5
f 1007/8/2 1008/8/2 1009/8/2 1010/8/2
f 1011/8/1 1012/8/1 1013/8/1 1014/8/1
f 1011/8/3 1014/8/3 1008/8/3 1007/8/3
f 1012/8/4 1010/8/4 1009/8/4 1013/8/4
f 1011/8/5 1007/8/5 1010/8/5 1012/8/5
f 890/3/1 903/3/1 1015/3/1 998/3/1
f 903/3/4 905/3/4 1016/3/4 1015/3/4
f 905/3/4 907/3/4 1017/3/4 1016/3/4
f 907/15/4 909/15/4 1018/15/4 1017/15/4
f 909/15/4 911/15/4 1019/15/4 1018/15/4
f 911/3/4 936/3/4 1020/3/4 1019/3/4
f 940/15/4 915/15/4 1021/15/4 1022/15/4
f 915/15/4 914/15/4 1023/15/4 1021/15/4
f 914/3/4 917/3/4 1024/3/4 1023/3/4
f 917/3/4 919/3/4 1025/3/4 1024/3/4
f 919/15/4 921/15/4 1026/15/4 1025/15/4
f 921/15/4 923/15/4 1027/15/4 1026/15/4
f 893/3/2 1000/3/2 1028/3/2 924/3/2
f 923/3/4 924/3/4 1028/3/4 1027/3/4
f 899/3/1 1029/3/1 1030/3/1 1003/3/1
f 1029/3/4 927/3/4 1031/3/4 1030/3/4
f 899/3/5 900/3/5 927/3/5 1029/3/5
f 927/6/4 929/6/4 1032/6/4 1031/6/4
f 929/6/4 930/6/4 1033/6/4 1032/6/4
f 930/3/4 931/3/4 1034/3/4 1033/3/4
f 901/3/2 1006/3/2 1035/3/2 932/3/2
f 931/3/4 932/3/4 1035/3/4 1034/3/4
f 940/1/2 1022/1/2 1036/1/2 939/1/2
f 936/1/1 935/1/1 1037/1/1 1020/1/1
f 939/7/2 1036/7/2 1038/7/2 941/7/2
f 935/7/1 944/7/1 1039/7/1 1037/7/1
f 944/7/4 941/7/4 1038/7/4 1039/7/4
f 1037/7/6 1039/7/6 1038/7/6 1036/7/6
f 1040/7/2 1041/7/2 1042/7/2 1043/7/2
f 937/7/1 1044/7/1 1045/7/1 1046/7/1
f 937/7/3 1046/7/3 1041/7/3 1040/7/3
f 1044/7/4 1043/7/4 1042/7/4 1045/7/4
f 1046/7/6 1045/7/6 1042/7/6 1041/7/6
f 937/7/5 1040/7/5 1043/7/5 1044/7/5
f 1047/7/2 1048/7/2 1049/7/2 1050/7/2
f 1051/7/1 1052/7/1 1053/7/1 1054/7/1
f 1051/7/3 1054/7/3 1048/7/3 1047/7/3
f 1052/7/4 1050/7/4 1049/7/4 1053/7/4
f 1054/7/6 1053/7/6 1049/7/6 1048/7/6
f 1051/7/5 1047/7/5 1050/7/5 1052/7/5
f 1055/7/2 1056/7/2 1057/7/2 1058/7/2
f 1059/7/1 1060/7/1 1061/7/1 1062/7/1
f 1059/7/3 1062/7/3 1056/7/3 1055/7/3
f 1060/7/4 1058/7/4 1057/7/4 1061/7/4
f 1062/7/6 1061/7/6 1057/7/6 1056/7/6
f 1059/7/5 1055/7/5 1058/7/5 1060/7/5
f 1063/7/2 1064/7/2 1065/7/2 1066/7/2
f 1067/7/1 1068/7/1 1069/7/1 1070/7/1
f 1067/7/3 1070/7/3 1064/7/3 1063/7/3
f 1068/7/4 1066/7/4 1065/7/4 1069/7/4
f 1070/7/6 1069/7/6 1065/7/6 1064/7/6
f 1067/7/5 1063/7/5 1066/7/5 1068/7/5
f 1071/7/2 1072/7/2 1073/7/2 1074/7/2
f 1075/7/1 1076/7/1 1077/7/1 1078/7/1
f 1075/7/3 1078/7/3 1072/7/3 1071/7/3
f 1076/7/4 1074/7/4 1073/7/4 1077/7/4
f 1078/7/6 1077/7/6 1073/7/6 1072/7/6
f 1075/7/5 1071/7/5 1074/7/5 1076/7/5
f 1079/7/2 1080/7/2 1081/7/2 1082/7/2
f 1083/7/1 1084/7/1 1085/7/1 1086/7/1
f 1083/7/3 1086/7/3 1080/7/3 1079/7/3
f 1084/7/4 1082/7/4 1081/7/4 1085/7/4
f 1086/7/6 1085/7/6 1081/7/6 1080/7/6
f 1083/7/5 1079/7/5 1082/7/5 1084/7/5
f 1087/5/2 1088/5/2 1089/5/2 950/5/2
f 1090/5/1 954/5/1 1091/5/1 1092/5/1
f 1090/5/3 1092/5/3 1088/5/3 1087/5/3
f 1092/5/6 1091/5/6 1089/5/6 1088/5/6
f 1090/5/5 1087/5/5 950/5/5 954/5/5
f 1093/2/2 1094/2/2 1095/2/2 1096/2/2
f 1097/2/1 1098/2/1 1099/2/1 1100/2/1
f 1097/2/3 1100/2/3 1094/2/3 1093/2/3
f 1100/2/6 1099/2/6 1095/2/6 1094/2/6
f 1097/2/5 1093/2/5 1096/2/5 1098/2/5
f 1101/6/2 1102/6/2 1103/6/2 959/6/2
f 1104/6/1 957/6/1 1105/6/1 1106/6/1
f 1104/6/3 1106/6/3 1102/6/3 1101/6/3
f 1106/6/6 1105/6/6 1103/6/6 1102/6/6
f 1104/6/5 1101/6/5 959/6/5 957/6/5
f 945/3/2 1107/3/2 1108/3/2 946/3/2
f 948/3/1 947/3/1 1109/3/1 1110/3/1
f 948/3/3 1110/3/3 1107/3/3 945/3/3
f 1111/5/1 963/5/1 1112/5/1 1113/5/1
f 1111/5/3 1113/5/3 1091/5/3 954/5/3
f 1113/5/6 1112/5/6 1114/5/6 1091/5/6
f 1111/5/5 954/5/5 953/5/5 963/5/5
f 950/1/3 1089/1/3 1115/1/3 1116/1/3
f 1089/1/6 1117/1/6 1118/1/6 1115/1/6
f 950/1/5 1116/1/5 964/1/5 951/1/5
f 1116/3/3 1115/3/3 1119/3/3 1120/3/3
f 1115/3/6 1118/3/6 1121/3/6 1119/3/6
f 1116/3/5 1120/3/5 965/3/5 964/3/5
f 1120/17/3 1119/17/3 1122/17/3 1123/17/3
f 1119/17/6 1121/17/6 1124/17/6 1122/17/6
f 1120/17/5 1123/17/5 966/17/5 965/17/5
f 1123/3/3 1122/3/3 1125/3/3 1126/3/3
f 1122/3/6 1124/3/6 1127/3/6 1125/3/6
f 1123/3/5 1126/3/5 967/3/5 966/3/5
f 1126/3/3 1125/3/3 1128/3/3 1129/3/3
f 1125/3/6 1127/3/6 1130/3/6 1128/3/6
f 1126/3/5 1129/3/5 968/3/5 967/3/5
f 1129/17/3 1128/17/3 1131/17/3 1132/17/3
f 1128/17/6 1130/17/6 1133/17/6 1131/17/6
f 1129/17/5 1132/17/5 969/17/5 968/17/5
f 1132/3/3 1131/3/3 1134/3/3 1135/3/3
f 1131/3/6 1133/3/6 1136/3/6 1134/3/6
f 1132/3/5 1135/3/5 970/3/5 969/3/5
f 1135/3/3 1134/3/3 1137/3/3 1138/3/3
f 1134/3/6 1136/3/6 1139/3/6 1137/3/6
f 1135/3/5 1138/3/5 971/3/5 970/3/5
f 1138/17/3 1137/17/3 1140/17/3 1141/17/3
f 1137/17/6 1139/17/6 1142/17/6 1140/17/6
f 1138/17/5 1141/17/5 972/17/5 971/17/5
f 1141/3/3 1140/3/3 1143/3/3 1144/3/3
f 1140/3/6 1142/3/6 1145/3/6 1143/3/6
f 1141/3/5 1144/3/5 973/3/5 972/3/5
f 1144/3/3 1143/3/3 1146/3/3 1147/3/3
f 1143/3/6 1145/3/6 1148/3/6 1146/3/6
f 1144/3/5 1147/3/5 974/3/5 973/3/5
f 1147/17/3 1146/17/3 1099/17/3 1098/17/3
f 1146/17/6 1148/17/6 1149/17/6 1099/17/6
f 1147/17/5 1098/17/5 1150/17/5 974/17/5
f 1099/3/6 1149/3/6 1151/3/6 1095/3/6
f 1098/3/5 1096/3/5 1152/3/5 1150/3/5
f 1096/2/3 1095/2/3 1153/2/3 956/2/3
f 1095/2/6 1151/2/6 1154/2/6 1153/2/6
f 1096/2/5 956/2/5 955/2/5 1152/2/5
f 956/3/3 1153/3/3 1105/3/3 957/3/3
f 959/6/3 1103/6/3 1155/6/3 960/6/3
f 960/14/3 1155/14/3 1109/14/3 947/14/3
f 946/3/2 1108/3/2 1156/3/2 961/3/2
f 963/6/1 962/6/1 1157/6/1 1112/6/1
f 1148/3/6 1158/3/6 1159/3/6 1149/3/6
f 974/3/5 1150/3/5 980/3/5 975/3/5
f 1149/3/6 1159/3/6 1160/3/6 1151/3/6
f 1150/3/5 1152/3/5 981/3/5 980/3/5
f 1151/3/6 1160/3/6 1161/3/6 1154/3/6
f 1152/3/5 955/3/5 982/3/5 981/3/5
f 1154/3/6 1161/3/6 1162/3/6 1163/3/6
f 955/3/5 958/3/5 976/3/5 982/3/5
f 977/15/2 1164/15/2 1165/15/2 978/15/2
f 961/15/3 1156/15/3 1164/15/3 977/15/3
f 962/4/1 979/4/1 1166/4/1 1157/4/1
f 983/3/2 1167/3/2 1168/3/2 987/3/2
f 978/3/3 1165/3/3 1167/3/3 983/3/3
f 979/4/1 992/4/1 1169/4/1 1166/4/1
f 987/15/2 1168/15/2 1170/15/2 993/15/2
f 989/8/2 1171/8/2 1172/8/2 1173/8/2
f 990/8/1 1174/8/1 1175/8/1 1176/8/1
f 990/8/3 1176/8/3 1171/8/3 989/8/3
f 1174/8/4 1173/8/4 1172/8/4 1175/8/4
f 990/8/5 989/8/5 1173/8/5 1174/8/5
f 992/4/1 994/4/1 1177/4/1 1169/4/1
f 993/3/2 1170/3/2 1178/3/2 995/3/2
f 994/4/1 996/4/1 1179/4/1 1177/4/1
f 995/15/2 1178/15/2 1180/15/2 997/15/2
f 1181/9/2 1182/9/2 1183/9/2 1008/9/2
f 1184/9/1 1014/9/1 1185/9/1 1186/9/1
f 1184/9/3 1186/9/3 1182/9/3 1181/9/3
f 1186/9/6 1185/9/6 1183/9/6 1182/9/6
f 1184/9/5 1181/9/5 1008/9/5 1014/9/5
f 996/4/1 998/4/1 1187/4/1 1179/4/1
f 1006/3/4 1004/3/4 1188/3/4 1189/3/4
f 997/6/3 1180/6/3 1190/6/3 1191/6/3
f 1004/6/4 1192/6/4 1193/6/4 1188/6/4
f 1180/6/6 1188/6/6 1193/6/6 1190/6/6
f 997/6/5 1191/6/5 1192/6/5 1004/6/5
f 1191/3/3 1190/3/3 1185/3/3 1014/3/3
f 1192/3/4 1013/3/4 1194/3/4 1193/3/4
f 1190/3/6 1193/3/6 1194/3/6 1185/3/6
f 1191/3/5 1014/3/5 1013/3/5 1192/3/5
f 1195/8/2 1196/8/2 1197/8/2 1198/8/2
f 1008/8/3 1183/8/3 1196/8/3 1195/8/3
f 1009/8/4 1198/8/4 1197/8/4 1199/8/4
f 1183/8/6 1199/8/6 1197/8/6 1196/8/6
f 1008/8/5 1195/8/5 1198/8/5 1009/8/5
f 998/3/1 1015/3/1 1200/3/1 1187/3/1
f 1028/3/4 1201/3/4 1202/3/4 1203/3/4
f 1204/3/6 1203/3/6 1202/3/6 1205/3/6
f 1000/3/5 999/3/5 1201/3/5 1028/3/5
f 1205/15/6 1202/15/6 1206/15/6 1207/15/6
f 999/15/5 1001/15/5 1208/15/5 1201/15/5
f 1208/15/4 1209/15/4 1210/15/4 1206/15/4
f 1207/15/6 1206/15/6 1210/15/6 1211/15/6
f 1001/15/5 1002/15/5 1209/15/5 1208/15/5
f 1211/3/6 1210/3/6 1212/3/6 1213/3/6
f 1002/3/5 1003/3/5 1030/3/5 1209/3/5
f 1030/6/4 1031/6/4 1214/6/4 1212/6/4
f 1031/6/4 1032/6/4 1215/6/4 1214/6/4
f 1033/6/4 1034/6/4 1216/6/4 1217/6/4
f 1006/15/2 1189/15/2 1218/15/2 1035/15/2
f 1034/15/4 1035/15/4 1218/15/4 1216/15/4
f 1009/10/2 1199/10/2 1219/10/2 1220/10/2
f 1013/10/1 1221/10/1 1222/10/1 1194/10/1
f 1221/10/4 1220/10/4 1219/10/4 1222/10/4
f 1194/10/6 1222/10/6 1219/10/6 1199/10/6
f 1013/10/5 1009/10/5 1220/10/5 1221/10/5
f 1015/3/1 1223/3/1 1224/3/1 1200/3/1
f 1200/3/6 1224/3/6 1225/3/6 1226/3/6
f 1015/3/5 1016/3/5 1227/3/5 1223/3/5
f 1226/3/6 1225/3/6 1228/3/6 1229/3/6
f 1016/3/5 1017/3/5 1230/3/5 1227/3/5
f 1229/15/6 1228/15/6 1231/15/6 1232/15/6
f 1017/15/5 1018/15/5 1233/15/5 1230/15/5
f 1232/15/6 1231/15/6 1234/15/6 1235/15/6
f 1018/15/5 1019/15/5 1236/15/5 1233/15/5
f 1235/3/6 1234/3/6 1237/3/6 1238/3/6
f 1019/3/5 1020/3/5 1037/3/5 1236/3/5
f 1037/3/4 1036/3/4 1239/3/4 1237/3/4
f 1238/3/6 1237/3/6 1239/3/6 1240/3/6
f 1240/3/6 1239/3/6 1241/3/6 1242/3/6
f 1022/3/5 1021/3/5 1046/3/5 1036/3/5
f 1046/15/4 1041/15/4 1243/15/4 1241/15/4
f 1242/15/6 1241/15/6 1243/15/6 1244/15/6
f 1021/15/5 1023/15/5 1041/15/5 1046/15/5
f 1244/3/6 1243/3/6 1245/3/6 1246/3/6
f 1023/3/5 1024/3/5 1054/3/5 1041/3/5
f 1054/3/4 1048/3/4 1247/3/4 1245/3/4
f 1246/3/6 1245/3/6 1247/3/6 1248/3/6
f 1024/3/5 1025/3/5 1048/3/5 1054/3/5
f 1248/3/6 1247/3/6 1249/3/6 1250/3/6
f 1025/3/5 1026/3/5 1062/3/5 1048/3/5
f 1062/15/4 1056/15/4 1251/15/4 1249/15/4
f 1250/15/6 1249/15/6 1251/15/6 1252/15/6
f 1026/15/5 1027/15/5 1056/15/5 1062/15/5
f 1028/3/2 1203/3/2 1253/3/2 1070/3/2
f 1027/3/5 1028/3/5 1070/3/5 1056/3/5
f 1208/3/2 1206/3/2 1254/3/2 1078/3/2
f 1201/3/1 1064/3/1 1255/3/1 1202/3/1
f 1202/3/6 1255/3/6 1254/3/6 1206/3/6
f 1201/3/5 1208/3/5 1078/3/5 1064/3/5
f 1030/3/2 1212/3/2 1256/3/2 1086/3/2
f 1209/3/1 1072/3/1 1257/3/1 1210/3/1
f 1210/3/6 1257/3/6 1256/3/6 1212/3/6
f 1209/3/5 1030/3/5 1086/3/5 1072/3/5
f 1033/6/2 1217/6/2 1258/6/2 1259/6/2
f 1032/6/1 1260/6/1 1261/6/1 1215/6/1
f 1260/6/4 1259/6/4 1258/6/4 1261/6/4
f 1215/6/6 1261/6/6 1258/6/6 1217/6/6
f 1032/6/5 1033/6/5 1259/6/5 1260/6/5
f 1262/12/1 1263/12/1 1264/12/1 1265/12/1
f 1262/12/3 1265/12/3 1266/12/3 1267/12/3
f 1263/12/4 1268/12/4 1269/12/4 1264/12/4
f 1265/12/6 1264/12/6 1269/12/6 1266/12/6
f 1262/12/5 1267/12/5 1268/12/5 1263/12/5
f 1267/12/3 1266/12/3 1270/12/3 1271/12/3
f 1268/12/4 1272/12/4 1273/12/4 1269/12/4
f 1266/12/6 1269/12/6 1273/12/6 1270/12/6
f 1267/12/5 1271/12/5 1272/12/5 1268/12/5
f 1271/13/3 1270/13/3 1224/13/3 1223/13/3
f 1272/13/4 1274/13/4 1275/13/4 1273/13/4
f 1270/13/6 1273/13/6 1275/13/6 1224/13/6
f 1271/13/5 1223/13/5 1274/13/5 1272/13/5
f 1274/13/4 1276/13/4 1277/13/4 1275/13/4
f 1224/13/6 1275/13/6 1277/13/6 1225/13/6
f 1223/13/5 1227/13/5 1276/13/5 1274/13/5
f 1276/13/4 1278/13/4 1279/13/4 1277/13/4
f 1225/13/6 1277/13/6 1279/13/6 1228/13/6
f 1227/13/5 1230/13/5 1278/13/5 1276/13/5
f 1278/13/4 1280/13/4 1281/13/4 1279/13/4
f 1228/13/6 1279/13/6 1281/13/6 1231/13/6
f 1230/13/5 1233/13/5 1280/13/5 1278/13/5
f 1280/3/4 1282/3/4 1283/3/4 1281/3/4
f 1231/3/6 1281/3/6 1283/3/6 1234/3/6
f 1233/3/5 1236/3/5 1282/3/5 1280/3/5
f 1037/3/2 1237/3/2 1284/3/2 1039/3/2
f 1282/3/4 1039/3/4 1284/3/4 1283/3/4
f 1236/3/5 1037/3/5 1039/3/5 1282/3/5
f 1046/3/2 1241/3/2 1285/3/2 1045/3/2
f 1036/3/1 1038/3/1 1286/3/1 1239/3/1
f 1038/3/4 1045/3/4 1285/3/4 1286/3/4
f 1239/3/6 1286/3/6 1285/3/6 1241/3/6
f 1036/3/5 1046/3/5 1045/3/5 1038/3/5
f 1054/3/2 1245/3/2 1287/3/2 1053/3/2
f 1041/3/1 1042/3/1 1288/3/1 1243/3/1
f 1042/3/4 1053/3/4 1287/3/4 1288/3/4
f 1243/3/6 1288/3/6 1287/3/6 1245/3/6
f 1041/3/5 1054/3/5 1053/3/5 1042/3/5
f 1062/3/2 1249/3/2 1289/3/2 1061/3/2
f 1048/3/1 1049/3/1 1290/3/1 1247/3/1
f 1049/3/4 1061/3/4 1289/3/4 1290/3/4
f 1247/3/6 1290/3/6 1289/3/6 1249/3/6
f 1048/3/5 1062/3/5 1061/3/5 1049/3/5
f 1070/3/2 1253/3/2 1291/3/2 1069/3/2
f 1056/3/1 1057/3/1 1292/3/1 1251/3/1
f 1057/3/4 1069/3/4 1291/3/4 1292/3/4
f 1251/3/6 1292/3/6 1291/3/6 1253/3/6
f 1056/3/5 1070/3/5 1069/3/5 1057/3/5
f 1078/3/2 1254/3/2 1293/3/2 1077/3/2
f 1064/3/1 1065/3/1 1294/3/1 1255/3/1
f 1065/3/4 1077/3/4 1293/3/4 1294/3/4
f 1255/3/6 1294/3/6 1293/3/6 1254/3/6
f 1064/3/5 1078/3/5 1077/3/5 1065/3/5
f 1086/3/2 1256/3/2 1295/3/2 1085/3/2
f 1072/3/1 1073/3/1 1296/3/1 1257/3/1
f 1073/3/4 1085/3/4 1295/3/4 1296/3/4
f 1257/3/6 1296/3/6 1295/3/6 1256/3/6
f 1072/3/5 1086/3/5 1085/3/5 1073/3/5
f 1107/3/2 1297/3/2 1298/3/2 1108/3/2
f 1110/3/1 1109/3/1 1299/3/1 1300/3/1
f 1110/3/3 1300/3/3 1297/3/3 1107/3/3
f 1089/1/2 1301/1/2 1302/1/2 1117/1/2
f 1091/1/1 1114/1/1 1303/1/1 1304/1/1
f 1091/1/3 1304/1/3 1301/1/3 1089/1/3
f 1304/1/6 1303/1/6 1302/1/6 1301/1/6
f 1153/3/1 1154/3/1 1305/3/1 1306/3/1
f 1153/3/3 1306/3/3 1307/3/3 1105/3/3
f 1154/3/4 1163/3/4 1308/3/4 1305/3/4
f 1306/3/6 1305/3/6 1308/3/6 1307/3/6
f 1105/3/3 1307/3/3 1309/3/3 1103/3/3
f 1103/14/3 1309/14/3 1310/14/3 1155/14/3
f 1155/3/3 1310/3/3 1299/3/3 1109/3/3
f 1311/14/2 1312/14/2 1313/14/2 1164/14/2
f 1108/14/3 1298/14/3 1312/14/3 1311/14/3
f 1298/14/6 1314/14/6 1313/14/6 1312/14/6
f 1108/14/5 1311/14/5 1164/14/5 1156/14/5
f 1112/6/1 1157/6/1 1315/6/1 1316/6/1
f 1112/6/3 1316/6/3 1303/6/3 1114/6/3
f 1117/3/3 1302/3/3 1317/3/3 1118/3/3
f 1118/6/3 1317/6/3 1318/6/3 1121/6/3
f 1121/6/3 1318/6/3 1319/6/3 1124/6/3
f 1124/6/3 1319/6/3 1320/6/3 1127/6/3
f 1127/3/3 1320/3/3 1321/3/3 1130/3/3
f 1130/6/3 1321/6/3 1322/6/3 1133/6/3
f 1133/6/3 1322/6/3 1323/6/3 1136/6/3
f 1136/6/3 1323/6/3 1324/6/3 1139/6/3
f 1139/3/3 1324/3/3 1325/3/3 1142/3/3
f 1142/6/3 1325/6/3 1326/6/3 1145/6/3
f 1148/6/2 1327/6/2 1328/6/2 1158/6/2
f 1145/6/3 1326/6/3 1327/6/3 1148/6/3
f 1163/6/1 1162/6/1 1329/6/1 1308/6/1
f 1164/3/2 1313/3/2 1330/3/2 1165/3/2
f 1314/3/6 1331/3/6 1330/3/6 1313/3/6
f 1157/6/1 1166/6/1 1332/6/1 1315/6/1
f 1158/3/3 1328/3/3 1333/3/3 1159/3/3
f 1159/6/3 1333/6/3 1334/6/3 1160/6/3
f 1160/6/3 1334/6/3 1335/6/3 1161/6/3
f 1161/6/3 1335/6/3 1329/6/3 1162/6/3
f 1167/15/2 1336/15/2 1337/15/2 1168/15/2
f 1165/15/3 1330/15/3 1336/15/3 1167/15/3
f 1330/15/6 1338/15/6 1337/15/6 1336/15/6
f 1339/9/2 1340/9/2 1341/9/2 1171/9/2
f 1342/9/1 1176/9/1 1343/9/1 1344/9/1
f 1342/9/3 1344/9/3 1340/9/3 1339/9/3
f 1344/9/6 1343/9/6 1341/9/6 1340/9/6
f 1342/9/5 1339/9/5 1171/9/5 1176/9/5
f 1345/2/2 1346/2/2 1347/2/2 1348/2/2
f 1349/2/1 1350/2/1 1351/2/1 1352/2/1
f 1349/2/3 1352/2/3 1346/2/3 1345/2/3
f 1352/2/6 1351/2/6 1347/2/6 1346/2/6
f 1349/2/5 1345/2/5 1348/2/5 1350/2/5
f 1166/4/1 1169/4/1 1353/4/1 1332/4/1
f 1168/6/3 1337/6/3 1354/6/3 1355/6/3
f 1170/6/4 1356/6/4 1357/6/4 1358/6/4
f 1337/6/6 1358/6/6 1357/6/6 1354/6/6
f 1168/6/5 1355/6/5 1356/6/5 1170/6/5
f 1355/3/3 1354/3/3 1343/3/3 1176/3/3
f 1356/3/4 1175/3/4 1359/3/4 1357/3/4
f 1354/3/6 1357/3/6 1359/3/6 1343/3/6
f 1355/3/5 1176/3/5 1175/3/5 1356/3/5
f 1360/8/2 1361/8/2 1362/8/2 1363/8/2
f 1171/8/3 1341/8/3 1361/8/3 1360/8/3
f 1172/8/4 1363/8/4 1362/8/4 1364/8/4
f 1341/8/6 1364/8/6 1362/8/6 1361/8/6
f 1171/8/5 1360/8/5 1363/8/5 1172/8/5
f 1348/2/2 1347/2/2 1365/2/2 1366/2/2
f 1350/2/1 1367/2/1 1368/2/1 1351/2/1
f 1367/2/4 1366/2/4 1365/2/4 1368/2/4
f 1351/2/6 1368/2/6 1365/2/6 1347/2/6
f 1350/2/5 1348/2/5 1366/2/5 1367/2/5
f 1169/4/1 1177/4/1 1369/4/1 1353/4/1
f 1170/15/2 1358/15/2 1370/15/2 1178/15/2
f 1172/10/2 1364/10/2 1371/10/2 1182/10/2
f 1175/10/1 1186/10/1 1372/10/1 1359/10/1
f 1186/10/4 1182/10/4 1371/10/4 1372/10/4
f 1359/10/6 1372/10/6 1371/10/6 1364/10/6
f 1175/10/5 1172/10/5 1182/10/5 1186/10/5
f 1177/4/1 1179/4/1 1373/4/1 1369/4/1
f 1178/3/2 1370/3/2 1374/3/2 1180/3/2
f 1179/6/1 1187/6/1 1375/6/1 1373/6/1
f 1204/3/4 1205/3/4 1376/3/4 1377/3/4
f 1205/15/4 1207/15/4 1378/15/4 1376/15/4
f 1207/15/4 1211/15/4 1379/15/4 1378/15/4
f 1211/3/4 1213/3/4 1380/3/4 1379/3/4
f 1180/15/2 1374/15/2 1381/15/2 1188/15/2
f 1189/15/4 1188/15/4 1381/15/4 1382/15/4
f 1383/15/6 1382/15/6 1381/15/6 1374/15/6
f 1183/10/2 1384/10/2 1385/10/2 1199/10/2
f 1185/10/1 1194/10/1 1386/10/1 1387/10/1
f 1185/10/3 1387/10/3 1384/10/3 1183/10/3
f 1194/10/4 1199/10/4 1385/10/4 1386/10/4
f 1387/10/6 1386/10/6 1385/10/6 1384/10/6
f 1187/3/1 1200/3/1 1388/3/1 1375/3/1
f 1200/3/4 1226/3/4 1389/3/4 1388/3/4
f 1226/3/4 1229/3/4 1390/3/4 1389/3/4
f 1229/15/4 1232/15/4 1391/15/4 1390/15/4
f 1232/15/4 1235/15/4 1392/15/4 1391/15/4
f 1235/3/4 1238/3/4 1393/3/4 1392/3/4
f 1238/3/4 1240/3/4 1394/3/4 1393/3/4
f 1240/15/4 1242/15/4 1395/15/4 1394/15/4
f 1242/15/4 1244/15/4 1396/15/4 1395/15/4
f 1244/3/4 1246/3/4 1397/3/4 1396/3/4
f 1246/3/4 1248/3/4 1398/3/4 1397/3/4
f 1248/15/4 1250/15/4 1399/15/4 1398/15/4
f 1250/15/4 1252/15/4 1400/15/4 1399/15/4
f 1204/3/2 1377/3/2 1401/3/2 1203/3/2
f 1213/6/1 1212/6/1 1402/6/1 1380/6/1
f 1212/6/4 1214/6/4 1403/6/4 1402/6/4
f 1380/6/6 1402/6/6 1403/6/6 1404/6/6
f 1214/3/4 1215/3/4 1405/3/4 1403/3/4
f 1215/6/4 1217/6/4 1406/6/4 1405/6/4
f 1217/6/4 1216/6/4 1407/6/4 1406/6/4
f 1189/3/2 1382/3/2 1408/3/2 1218/3/2
f 1216/3/4 1218/3/4 1408/3/4 1407/3/4
f 1409/3/6 1407/3/6 1408/3/6 1382/3/6
f 1203/3/2 1401/3/2 1410/3/2 1253/3/2
f 1252/3/1 1251/3/1 1411/3/1 1400/3/1
f 1251/3/4 1253/3/4 1410/3/4 1411/3/4
f 1234/3/1 1283/3/1 1412/3/1 1413/3/1
f 1234/3/3 1413/3/3 1414/3/3 1237/3/3
f 1283/3/4 1284/3/4 1415/3/4 1412/3/4
f 1413/3/6 1412/3/6 1415/3/6 1414/3/6
f 1239/15/2 1416/15/2 1417/15/2 1286/15/2
f 1237/15/3 1414/15/3 1416/15/3 1239/15/3
f 1284/15/4 1286/15/4 1417/15/4 1415/15/4
f 1414/15/6 1415/15/6 1417/15/6 1416/15/6
f 1237/15/5 1239/15/5 1286/15/5 1284/15/5
f 1243/15/2 1418/15/2 1419/15/2 1288/15/2
f 1241/15/1 1285/15/1 1420/15/1 1421/15/1
f 1241/15/3 1421/15/3 1418/15/3 1243/15/3
f 1285/15/4 1288/15/4 1419/15/4 1420/15/4
f 1421/15/6 1420/15/6 1419/15/6 1418/15/6
f 1241/15/5 1243/15/5 1288/15/5 1285/15/5
f 1247/15/2 1422/15/2 1423/15/2 1290/15/2
f 1245/15/1 1287/15/1 1424/15/1 1425/15/1
f 1245/15/3 1425/15/3 1422/15/3 1247/15/3
f 1287/15/4 1290/15/4 1423/15/4 1424/15/4
f 1425/15/6 1424/15/6 1423/15/6 1422/15/6
f 1245/15/5 1247/15/5 1290/15/5 1287/15/5
f 1251/15/2 1411/15/2 1426/15/2 1292/15/2
f 1249/15/1 1289/15/1 1427/15/1 1428/15/1
f 1249/15/3 1428/15/3 1411/15/3 1251/15/3
f 1289/15/4 1292/15/4 1426/15/4 1427/15/4
f 1428/15/6 1427/15/6 1426/15/6 1411/15/6
f 1249/15/5 1251/15/5 1292/15/5 1289/15/5
f 1255/15/2 1429/15/2 1430/15/2 1294/15/2
f 1253/15/1 1291/15/1 1431/15/1 1410/15/1
f 1253/15/3 1410/15/3 1429/15/3 1255/15/3
f 1291/15/4 1294/15/4 1430/15/4 1431/15/4
f 1410/15/6 1431/15/6 1430/15/6 1429/15/6
f 1253/15/5 1255/15/5 1294/15/5 1291/15/5
f 1257/15/2 1432/15/2 1433/15/2 1296/15/2
f 1254/15/1 1293/15/1 1434/15/1 1435/15/1
f 1254/15/3 1435/15/3 1432/15/3 1257/15/3
f 1293/15/4 1296/15/4 1433/15/4 1434/15/4
f 1435/15/6 1434/15/6 1433/15/6 1432/15/6
f 1254/15/5 1257/15/5 1296/15/5 1293/15/5
f 1436/15/2 1437/15/2 1438/15/2 1439/15/2
f 1256/15/1 1295/15/1 1440/15/1 1441/15/1
f 1256/15/3 1441/15/3 1437/15/3 1436/15/3
f 1295/15/4 1439/15/4 1438/15/4 1440/15/4
f 1441/15/6 1440/15/6 1438/15/6 1437/15/6
f 1256/15/5 1436/15/5 1439/15/5 1295/15/5
f 1442/2/2 1443/2/2 1444/2/2 1445/2/2
f 1446/2/1 1447/2/1 1448/2/1 1449/2/1
f 1446/2/3 1449/2/3 1443/2/3 1442/2/3
f 1447/2/4 1445/2/4 1444/2/4 1448/2/4
f 1449/2/6 1448/2/6 1444/2/6 1443/2/6
f 1446/2/5 1442/2/5 1445/2/5 1447/2/5
f 1297/3/2 1450/3/2 1451/3/2 1298/3/2
f 1300/3/1 1299/3/1 1452/3/1 1453/3/1
f 1300/3/3 1453/3/3 1450/3/3 1297/3/3
f 1447/3/2 1448/3/2 1454/3/2 1455/3/2
f 1456/3/1 1327/3/1 1457/3/1 1458/3/1
f 1456/3/3 1458/3/3 1448/3/3 1447/3/3
f 1327/3/4 1455/3/4 1454/3/4 1457/3/4
f 1456/3/5 1447/3/5 1455/3/5 1327/3/5
f 1306/2/2 1459/2/2 1460/2/2 1305/2/2
f 1445/2/1 1461/2/1 1462/2/1 1444/2/1
f 1445/2/3 1444/2/3 1459/2/3 1306/2/3
f 1461/2/4 1305/2/4 1460/2/4 1462/2/4
f 1444/2/6 1462/2/6 1460/2/6 1459/2/6
f 1445/2/5 1306/2/5 1305/2/5 1461/2/5
f 1307/3/1 1308/3/1 1463/3/1 1464/3/1
f 1307/3/3 1464/3/3 1465/3/3 1309/3/3
f 1309/3/3 1465/3/3 1466/3/3 1310/3/3
f 1310/3/3 1466/3/3 1452/3/3 1299/3/3
f 1298/3/2 1451/3/2 1467/3/2 1314/3/2
f 1316/6/1 1315/6/1 1468/6/1 1469/6/1
f 1316/6/3 1469/6/3 1470/6/3 1303/6/3
f 1469/6/6 1468/6/6 1471/6/6 1470/6/6
f 1303/3/3 1470/3/3 1472/3/3 1302/3/3
f 1470/3/6 1471/3/6 1473/3/6 1472/3/6
f 1302/6/3 1472/6/3 1474/6/3 1317/6/3
f 1472/6/6 1473/6/6 1475/6/6 1474/6/6
f 1317/6/3 1474/6/3 1476/6/3 1318/6/3
f 1474/6/6 1475/6/6 1477/6/6 1476/6/6
f 1318/6/3 1476/6/3 1478/6/3 1319/6/3
f 1476/6/6 1477/6/6 1479/6/6 1478/6/6
f 1319/3/3 1478/3/3 1480/3/3 1320/3/3
f 1478/3/6 1479/3/6 1481/3/6 1480/3/6
f 1320/6/3 1480/6/3 1482/6/3 1321/6/3
f 1480/6/6 1481/6/6 1483/6/6 1482/6/6
f 1321/6/3 1482/6/3 1484/6/3 1322/6/3
f 1482/6/6 1483/6/6 1485/6/6 1484/6/6
f 1322/6/3 1484/6/3 1486/6/3 1323/6/3
f 1484/6/6 1485/6/6 1487/6/6 1486/6/6
f 1323/3/3 1486/3/3 1488/3/3 1324/3/3
f 1486/3/6 1487/3/6 1489/3/6 1488/3/6
f 1324/6/3 1488/6/3 1490/6/3 1325/6/3
f 1488/6/6 1489/6/6 1491/6/6 1490/6/6
f 1325/6/3 1490/6/3 1492/6/3 1326/6/3
f 1490/6/6 1491/6/6 1493/6/6 1492/6/6
f 1327/6/2 1457/6/2 1494/6/2 1328/6/2
f 1326/6/3 1492/6/3 1457/6/3 1327/6/3
f 1492/6/6 1493/6/6 1494/6/6 1457/6/6
f 1308/16/1 1329/16/1 1495/16/1 1463/16/1
f 1463/16/6 1495/16/6 1496/16/6 1497/16/6
f 1497/6/6 1496/6/6 1498/6/6 1499/6/6
f 1499/6/6 1498/6/6 1500/6/6 1501/6/6
f 1314/3/2 1467/3/2 1502/3/2 1331/3/2
f 1501/3/6 1500/3/6 1502/3/6 1467/3/6
f 1503/3/2 1504/3/2 1505/3/2 1336/3/2
f 1313/3/1 1330/3/1 1506/3/1 1507/3/1
f 1313/3/3 1507/3/3 1504/3/3 1503/3/3
f 1330/3/4 1336/3/4 1505/3/4 1506/3/4
f 1313/3/5 1503/3/5 1336/3/5 1330/3/5
f 1508/2/2 1509/2/2 1510/2/2 1346/2/2
f 1511/2/1 1352/2/1 1512/2/1 1513/2/1
f 1511/2/3 1513/2/3 1509/2/3 1508/2/3
f 1352/2/4 1346/2/4 1510/2/4 1512/2/4
f 1513/2/6 1512/2/6 1510/2/6 1509/2/6
f 1511/2/5 1508/2/5 1346/2/5 1352/2/5
f 1315/4/1 1332/4/1 1514/4/1 1468/4/1
f 1328/6/3 1494/6/3 1515/6/3 1333/6/3
f 1494/6/6 1516/6/6 1517/6/6 1515/6/6
f 1333/6/3 1515/6/3 1518/6/3 1334/6/3
f 1515/6/6 1517/6/6 1519/6/6 1518/6/6
f 1334/6/3 1518/6/3 1520/6/3 1335/6/3
f 1518/6/6 1519/6/6 1521/6/6 1520/6/6
f 1335/3/3 1520/3/3 1495/3/3 1329/3/3
f 1520/3/6 1521/3/6 1522/3/6 1495/3/6
f 1495/6/6 1522/6/6 1523/6/6 1496/6/6
f 1330/3/2 1506/3/2 1524/3/2 1338/3/2
f 1331/3/3 1502/3/3 1506/3/3 1330/3/3
f 1502/3/6 1525/3/6 1524/3/6 1506/3/6
f 1332/4/1 1353/4/1 1526/4/1 1514/4/1
f 1516/6/6 1527/6/6 1528/6/6 1517/6/6
f 1517/6/6 1528/6/6 1529/6/6 1519/6/6
f 1519/3/6 1529/3/6 1530/3/6 1521/3/6
f 1521/6/6 1530/6/6 1531/6/6 1522/6/6
f 1337/15/2 1532/15/2 1533/15/2 1358/15/2
f 1338/15/3 1524/15/3 1532/15/3 1337/15/3
f 1524/15/6 1534/15/6 1533/15/6 1532/15/6
f 1341/10/2 1535/10/2 1536/10/2 1364/10/2
f 1343/10/1 1359/10/1 1537/10/1 1538/10/1
f 1343/10/3 1538/10/3 1535/10/3 1341/10/3
f 1359/10/4 1364/10/4 1536/10/4 1537/10/4
f 1538/10/6 1537/10/6 1536/10/6 1535/10/6
f 1353/3/1 1369/3/1 1539/3/1 1526/3/1
f 1358/3/2 1533/3/2 1540/3/2 1370/3/2
f 1534/3/6 1541/3/6 1540/3/6 1533/3/6
f 1365/2/2 1542/2/2 1543/2/2 1544/2/2
f 1368/2/1 1545/2/1 1546/2/1 1547/2/1
f 1368/2/3 1547/2/3 1542/2/3 1365/2/3
f 1545/2/4 1544/2/4 1543/2/4 1546/2/4
f 1547/2/6 1546/2/6 1543/2/6 1542/2/6
f 1368/2/5 1365/2/5 1544/2/5 1545/2/5
f 1369/4/1 1373/4/1 1548/4/1 1539/4/1
f 1549/3/6 1550/3/6 1551/3/6 1552/3/6
f 1552/6/6 1551/6/6 1553/6/6 1554/6/6
f 1554/6/6 1553/6/6 1555/6/6 1556/6/6
f 1556/3/6 1555/3/6 1557/3/6 1558/3/6
f 1370/15/2 1540/15/2 1559/15/2 1374/15/2
f 1383/15/4 1374/15/4 1559/15/4 1560/15/4
f 1541/15/6 1560/15/6 1559/15/6 1540/15/6
f 1373/4/1 1375/4/1 1561/4/1 1548/4/1
f 1377/3/4 1376/3/4 1562/3/4 1563/3/4
f 1550/3/6 1563/3/6 1562/3/6 1551/3/6
f 1376/15/4 1378/15/4 1564/15/4 1562/15/4
f 1551/15/6 1562/15/6 1564/15/6 1553/15/6
f 1378/15/4 1379/15/4 1565/15/4 1564/15/4
f 1553/15/6 1564/15/6 1565/15/6 1555/15/6
f 1379/3/4 1380/3/4 1566/3/4 1565/3/4
f 1555/3/6 1565/3/6 1566/3/6 1557/3/6
f 1380/6/4 1404/6/4 1567/6/4 1566/6/4
f 1557/6/6 1566/6/6 1567/6/6 1568/6/6
f 1383/3/2 1560/3/2 1569/3/2 1382/3/2
f 1409/3/4 1382/3/4 1569/3/4 1570/3/4
f 1571/3/6 1570/3/6 1569/3/6 1560/3/6
f 1375/3/1 1388/3/1 1572/3/1 1561/3/1
f 1388/3/4 1389/3/4 1573/3/4 1572/3/4
f 1561/3/6 1572/3/6 1573/3/6 1574/3/6
f 1389/3/4 1390/3/4 1575/3/4 1573/3/4
f 1574/3/6 1573/3/6 1575/3/6 1576/3/6
f 1390/15/4 1391/15/4 1577/15/4 1575/15/4
f 1576/15/6 1575/15/6 1577/15/6 1578/15/6
f 1391/15/4 1392/15/4 1579/15/4 1577/15/4
f 1578/15/6 1577/15/6 1579/15/6 1580/15/6
f 1392/3/4 1393/3/4 1581/3/4 1579/3/4
f 1580/3/6 1579/3/6 1581/3/6 1582/3/6
f 1393/3/4 1394/3/4 1583/3/4 1581/3/4
f 1582/3/6 1581/3/6 1583/3/6 1584/3/6
f 1394/15/4 1395/15/4 1585/15/4 1583/15/4
f 1584/15/6 1583/15/6 1585/15/6 1586/15/6
f 1395/15/4 1396/15/4 1587/15/4 1585/15/4
f 1586/15/6 1585/15/6 1587/15/6 1588/15/6
f 1396/3/4 1397/3/4 1589/3/4 1587/3/4
f 1588/3/6 1587/3/6 1589/3/6 1590/3/6
f 1397/3/4 1398/3/4 1591/3/4 1589/3/4
f 1590/3/6 1589/3/6 1591/3/6 1592/3/6
f 1398/15/4 1399/15/4 1593/15/4 1591/15/4
f 1592/15/6 1591/15/6 1593/15/6 1594/15/6
f 1594/15/6 1593/15/6 1595/15/6 1596/15/6
f 1377/5/2 1563/5/2 1597/5/2 1401/5/2
f 1596/5/6 1595/5/6 1597/5/6 1563/5/6
f 1404/6/1 1403/6/1 1598/6/1 1567/6/1
f 1403/6/4 1405/6/4 1599/6/4 1598/6/4
f 1567/6/6 1598/6/6 1599/6/6 1600/6/6
f 1405/6/4 1406/6/4 1601/6/4 1599/6/4
f 1600/6/6 1599/6/6 1601/6/6 1602/6/6
f 1409/3/2 1570/3/2 1603/3/2 1407/3/2
f 1406/3/4 1407/3/4 1603/3/4 1601/3/4
f 1602/3/6 1601/3/6 1603/3/6 1570/3/6
f 1399/5/1 1428/5/1 1604/5/1 1593/5/1
f 1428/5/4 1411/5/4 1605/5/4 1604/5/4
f 1593/5/6 1604/5/6 1605/5/6 1595/5/6
f 1399/5/5 1400/5/5 1411/5/5 1428/5/5
f 1606/1/2 1607/1/2 1608/1/2 1429/1/2
f 1401/1/3 1597/1/3 1607/1/3 1606/1/3
f 1410/1/4 1429/1/4 1608/1/4 1609/1/4
f 1597/1/6 1609/1/6 1608/1/6 1607/1/6
f 1401/1/5 1606/1/5 1429/1/5 1410/1/5
f 1410/1/2 1609/1/2 1610/1/2 1431/1/2
f 1411/1/1 1426/1/1 1611/1/1 1605/1/1
f 1426/1/4 1431/1/4 1610/1/4 1611/1/4
f 1605/1/6 1611/1/6 1610/1/6 1609/1/6
f 1411/1/5 1410/1/5 1431/1/5 1426/1/5
f 1449/5/2 1612/5/2 1613/5/2 1448/5/2
f 1614/5/1 1458/5/1 1615/5/1 1616/5/1
f 1614/5/3 1616/5/3 1612/5/3 1449/5/3
f 1616/5/6 1615/5/6 1613/5/6 1612/5/6
f 1614/5/5 1449/5/5 1448/5/5 1458/5/5
f 1450/3/2 1617/3/2 1618/3/2 1451/3/2
f 1453/3/1 1452/3/1 1619/3/1 1620/3/1
f 1453/3/3 1620/3/3 1617/3/3 1450/3/3
f 1621/5/1 1492/5/1 1622/5/1 1623/5/1
f 1621/5/3 1623/5/3 1615/5/3 1458/5/3
f 1492/5/4 1457/5/4 1624/5/4 1622/5/4
f 1623/5/6 1622/5/6 1624/5/6 1615/5/6
f 1621/5/5 1458/5/5 1457/5/5 1492/5/5
f 1444/1/2 1625/1/2 1626/1/2 1462/1/2
f 1448/1/3 1613/1/3 1625/1/3 1444/1/3
f 1454/1/4 1462/1/4 1626/1/4 1627/1/4
f 1613/1/6 1627/1/6 1626/1/6 1625/1/6
f 1448/1/5 1444/1/5 1462/1/5 1454/1/5
f 1459/3/1 1460/3/1 1628/3/1 1629/3/1
f 1459/3/3 1629/3/3 1630/3/3 1464/3/3
f 1460/3/4 1463/3/4 1631/3/4 1628/3/4
f 1629/3/6 1628/3/6 1631/3/6 1630/3/6
f 1459/3/5 1464/3/5 1463/3/5 1460/3/5
f 1464/3/3 1630/3/3 1632/3/3 1465/3/3
f 1463/3/4 1497/3/4 1633/3/4 1631/3/4
f 1630/3/6 1631/3/6 1633/3/6 1632/3/6
f 1465/3/3 1632/3/3 1634/3/3 1466/3/3
f 1497/3/4 1499/3/4 1635/3/4 1633/3/4
f 1632/3/6 1633/3/6 1635/3/6 1634/3/6
f 1466/14/3 1634/14/3 1619/14/3 1452/14/3
f 1499/14/4 1501/14/4 1636/14/4 1635/14/4
f 1634/14/6 1635/14/6 1636/14/6 1619/14/6
f 1451/3/2 1618/3/2 1637/3/2 1467/3/2
f 1501/3/4 1467/3/4 1637/3/4 1636/3/4
f 1638/5/2 1639/5/2 1640/5/2 1504/5/2
f 1641/5/1 1507/5/1 1642/5/1 1643/5/1
f 1641/5/3 1643/5/3 1639/5/3 1638/5/3
f 1643/5/6 1642/5/6 1640/5/6 1639/5/6
f 1641/5/5 1638/5/5 1504/5/5 1507/5/5
f 1644/2/2 1645/2/2 1646/2/2 1509/2/2
f 1647/2/1 1513/2/1 1648/2/1 1649/2/1
f 1647/2/3 1649/2/3 1645/2/3 1644/2/3
f 1513/2/4 1509/2/4 1646/2/4 1648/2/4
f 1649/2/6 1648/2/6 1646/2/6 1645/2/6
f 1647/2/5 1644/2/5 1509/2/5 1513/2/5
f 1454/1/2 1627/1/2 1650/1/2 1515/1/2
f 1457/1/1 1494/1/1 1651/1/1 1624/1/1
f 1494/1/4 1515/1/4 1650/1/4 1651/1/4
f 1624/1/6 1651/1/6 1650/1/6 1627/1/6
f 1457/1/5 1454/1/5 1515/1/5 1494/1/5
f 1467/5/1 1502/5/1 1652/5/1 1637/5/1
f 1467/5/3 1637/5/3 1642/5/3 1507/5/3
f 1502/5/4 1506/5/4 1653/5/4 1652/5/4
f 1637/5/6 1652/5/6 1653/5/6 1642/5/6
f 1467/5/5 1507/5/5 1506/5/5 1502/5/5
f 1654/1/2 1655/1/2 1656/1/2 1657/1/2
f 1504/1/3 1640/1/3 1655/1/3 1654/1/3
f 1505/1/4 1657/1/4 1656/1/4 1658/1/4
f 1640/1/6 1658/1/6 1656/1/6 1655/1/6
f 1504/1/5 1654/1/5 1657/1/5 1505/1/5
f 1468/6/1 1514/6/1 1659/6/1 1660/6/1
f 1468/6/3 1660/6/3 1661/6/3 1471/6/3
f 1660/6/6 1659/6/6 1662/6/6 1661/6/6
f 1471/6/3 1661/6/3 1663/6/3 1473/6/3
f 1661/6/6 1662/6/6 1664/6/6 1663/6/6
f 1473/6/3 1663/6/3 1665/6/3 1475/6/3
f 1663/6/6 1664/6/6 1666/6/6 1665/6/6
f 1475/3/3 1665/3/3 1667/3/3 1477/3/3
f 1665/3/6 1666/3/6 1668/3/6 1667/3/6
f 1477/6/3 1667/6/3 1669/6/3 1479/6/3
f 1667/6/6 1668/6/6 1670/6/6 1669/6/6
f 1479/6/3 1669/6/3 1671/6/3 1481/6/3
f 1481/3/3 1671/3/3 1672/3/3 1483/3/3
f 1483/3/3 1672/3/3 1673/3/3 1485/3/3
f 1485/6/3 1673/6/3 1674/6/3 1487/6/3
f 1673/6/6 1675/6/6 1676/6/6 1674/6/6
f 1487/6/3 1674/6/3 1677/6/3 1489/6/3
f 1674/6/6 1676/6/6 1678/6/6 1677/6/6
f 1489/6/3 1677/6/3 1679/6/3 1491/6/3
f 1677/6/6 1678/6/6 1680/6/6 1679/6/6
f 1491/3/3 1679/3/3 1681/3/3 1493/3/3
f 1679/3/6 1680/3/6 1682/3/6 1681/3/6
f 1494/6/2 1651/6/2 1683/6/2 1516/6/2
f 1493/6/3 1681/6/3 1651/6/3 1494/6/3
f 1681/6/6 1682/6/6 1683/6/6 1651/6/6
f 1496/3/1 1523/3/1 1684/3/1 1685/3/1
f 1496/3/3 1685/3/3 1686/3/3 1498/3/3
f 1685/3/6 1684/3/6 1687/3/6 1686/3/6
f 1498/6/3 1686/6/3 1688/6/3 1500/6/3
f 1686/6/6 1687/6/6 1689/6/6 1688/6/6
f 1502/6/2 1652/6/2 1690/6/2 1525/6/2
f 1500/6/3 1688/6/3 1652/6/3 1502/6/3
f 1688/6/6 1689/6/6 1690/6/6 1652/6/6
f 1505/1/2 1658/1/2 1691/1/2 1532/1/2
f 1506/1/1 1524/1/1 1692/1/1 1653/1/1
f 1524/1/4 1532/1/4 1691/1/4 1692/1/4
f 1653/1/6 1692/1/6 1691/1/6 1658/1/6
f 1506/1/5 1505/1/5 1532/1/5 1524/1/5
f 1514/6/1 1526/6/1 1693/6/1 1659/6/1
f 1659/6/6 1693/6/6 1694/6/6 1662/6/6
f 1662/6/6 1694/6/6 1695/6/6 1664/6/6
f 1664/3/6 1695/3/6 1696/3/6 1666/3/6
f 1666/6/6 1696/6/6 1697/6/6 1668/6/6
f 1668/6/6 1697/6/6 1698/6/6 1670/6/6
f 1670/6/6 1698/6/6 1699/6/6 1700/6/6
f 1701/6/6 1702/6/6 1703/6/6 1675/6/6
f 1675/6/6 1703/6/6 1704/6/6 1676/6/6
f 1676/6/6 1704/6/6 1705/6/6 1678/6/6
f 1678/3/6 1705/3/6 1706/3/6 1680/3/6
f 1680/6/6 1706/6/6 1707/6/6 1682/6/6
f 1516/6/2 1683/6/2 1708/6/2 1527/6/2
f 1682/6/6 1707/6/6 1708/6/6 1683/6/6
f 1522/3/1 1531/3/1 1709/3/1 1710/3/1
f 1522/3/3 1710/3/3 1684/3/3 1523/3/3
f 1710/3/6 1709/3/6 1711/3/6 1684/3/6
f 1684/6/6 1711/6/6 1712/6/6 1687/6/6
f 1687/6/6 1712/6/6 1713/6/6 1689/6/6
f 1689/3/6 1713/3/6 1714/3/6 1690/3/6
f 1524/3/2 1692/3/2 1715/3/2 1534/3/2
f 1525/3/3 1690/3/3 1692/3/3 1524/3/3
f 1690/3/6 1714/3/6 1715/3/6 1692/3/6
f 1526/6/1 1539/6/1 1716/6/1 1693/6/1
f 1527/3/3 1708/3/3 1717/3/3 1528/3/3
f 1549/3/4 1552/3/4 1718/3/4 1719/3/4
f 1528/3/3 1717/3/3 1720/3/3 1529/3/3
f 1552/3/4 1554/3/4 1721/3/4 1718/3/4
f 1529/3/3 1720/3/3 1722/3/3 1530/3/3
f 1554/3/4 1556/3/4 1723/3/4 1721/3/4
f 1530/3/3 1722/3/3 1709/3/3 1531/3/3
f 1556/3/4 1558/3/4 1724/3/4 1723/3/4
f 1711/6/6 1725/6/6 1726/6/6 1712/6/6
f 1713/6/6 1727/6/6 1728/6/6 1714/6/6
f 1534/15/2 1715/15/2 1729/15/2 1541/15/2
f 1714/15/6 1728/15/6 1729/15/6 1715/15/6
f 1533/6/1 1540/6/1 1730/6/1 1731/6/1
f 1533/6/3 1731/6/3 1732/6/3 1733/6/3
f 1540/6/4 1734/6/4 1735/6/4 1730/6/4
f 1731/6/6 1730/6/6 1735/6/6 1732/6/6
f 1533/6/5 1733/6/5 1734/6/5 1540/6/5
f 1537/3/2 1736/3/2 1737/3/2 1738/3/2
f 1733/3/3 1732/3/3 1736/3/3 1537/3/3
f 1734/3/4 1738/3/4 1737/3/4 1735/3/4
f 1732/3/6 1735/3/6 1737/3/6 1736/3/6
f 1733/3/5 1537/3/5 1738/3/5 1734/3/5
f 1539/3/1 1548/3/1 1739/3/1 1716/3/1
f 1716/3/6 1739/3/6 1740/3/6 1741/3/6
f 1741/6/6 1740/6/6 1742/6/6 1743/6/6
f 1743/6/6 1742/6/6 1744/6/6 1745/6/6
f 1745/6/6 1744/6/6 1746/6/6 1747/6/6
f 1747/3/6 1746/3/6 1748/3/6 1749/3/6
f 1749/6/6 1748/6/6 1750/6/6 1751/6/6
f 1751/6/6 1750/6/6 1752/6/6 1753/6/6
f 1753/6/6 1752/6/6 1754/6/6 1755/6/6
f 1755/3/6 1754/3/6 1756/3/6 1757/3/6
f 1757/6/6 1756/6/6 1758/6/6 1759/6/6
f 1759/6/6 1758/6/6 1760/6/6 1761/6/6
f 1549/3/2 1719/3/2 1762/3/2 1550/3/2
f 1763/3/6 1764/3/6 1762/3/6 1719/3/6
f 1558/6/1 1557/6/1 1765/6/1 1724/6/1
f 1557/6/4 1568/6/4 1766/6/4 1765/6/4
f 1724/6/6 1765/6/6 1766/6/6 1725/6/6
f 1725/3/6 1766/3/6 1767/3/6 1726/3/6
f 1726/6/6 1767/6/6 1768/6/6 1727/6/6
f 1727/6/6 1768/6/6 1769/6/6 1728/6/6
f 1541/3/2 1729/3/2 1770/3/2 1560/3/2
f 1571/3/4 1560/3/4 1770/3/4 1769/3/4
f 1728/3/6 1769/3/6 1770/3/6 1729/3/6
f 1543/2/2 1771/2/2 1772/2/2 1773/2/2
f 1546/2/1 1774/2/1 1775/2/1 1776/2/1
f 1546/2/3 1776/2/3 1771/2/3 1543/2/3
f 1774/2/4 1773/2/4 1772/2/4 1775/2/4
f 1776/2/6 1775/2/6 1772/2/6 1771/2/6
f 1546/2/5 1543/2/5 1773/2/5 1774/2/5
f 1548/6/1 1561/6/1 1777/6/1 1739/6/1
f 1561/6/4 1574/6/4 1778/6/4 1777/6/4
f 1739/6/6 1777/6/6 1778/6/6 1740/6/6
f 1574/6/4 1576/6/4 1779/6/4 1778/6/4
f 1740/6/6 1778/6/6 1779/6/6 1742/6/6
f 1576/6/4 1578/6/4 1780/6/4 1779/6/4
f 1742/6/6 1779/6/6 1780/6/6 1744/6/6
f 1578/3/4 1580/3/4 1781/3/4 1780/3/4
f 1744/3/6 1780/3/6 1781/3/6 1746/3/6
f 1580/6/4 1582/6/4 1782/6/4 1781/6/4
f 1746/6/6 1781/6/6 1782/6/6 1748/6/6
f 1582/6/4 1584/6/4 1783/6/4 1782/6/4
f 1748/6/6 1782/6/6 1783/6/6 1750/6/6
f 1584/6/4 1586/6/4 1784/6/4 1783/6/4
f 1750/6/6 1783/6/6 1784/6/6 1752/6/6
f 1586/3/4 1588/3/4 1785/3/4 1784/3/4
f 1752/3/6 1784/3/6 1785/3/6 1754/3/6
f 1588/6/4 1590/6/4 1786/6/4 1785/6/4
f 1754/6/6 1785/6/6 1786/6/6 1756/6/6
f 1590/6/4 1592/6/4 1787/6/4 1786/6/4
f 1756/6/6 1786/6/6 1787/6/6 1758/6/6
f 1592/6/4 1594/6/4 1788/6/4 1787/6/4
f 1594/3/4 1596/3/4 1789/3/4 1788/3/4
f 1550/6/2 1762/6/2 1790/6/2 1563/6/2
f 1596/6/4 1563/6/4 1790/6/4 1789/6/4
f 1568/6/1 1567/6/1 1791/6/1 1766/6/1
f 1567/6/4 1600/6/4 1792/6/4 1791/6/4
f 1766/6/6 1791/6/6 1792/6/6 1767/6/6
f 1600/6/4 1602/6/4 1793/6/4 1792/6/4
f 1767/6/6 1792/6/6 1793/6/6 1768/6/6
f 1571/3/2 1769/3/2 1794/3/2 1570/3/2
f 1602/3/4 1570/3/4 1794/3/4 1793/3/4
f 1768/3/6 1793/3/6 1794/3/6 1769/3/6
f 1597/1/2 1795/1/2 1796/1/2 1609/1/2
f 1595/1/1 1605/1/1 1797/1/1 1798/1/1
f 1595/1/3 1798/1/3 1795/1/3 1597/1/3
f 1605/1/4 1609/1/4 1796/1/4 1797/1/4
f 1798/1/6 1797/1/6 1796/1/6 1795/1/6
f 1617/3/2 1799/3/2 1800/3/2 1618/3/2
f 1620/3/1 1619/3/1 1801/3/1 1802/3/1
f 1620/3/3 1802/3/3 1799/3/3 1617/3/3
f 1802/3/6 1801/3/6 1800/3/6 1799/3/6
f 1803/11/1 1649/11/1 1804/11/1 1805/11/1
f 1803/11/3 1805/11/3 1806/11/3 1807/11/3
f 1649/11/4 1645/11/4 1808/11/4 1804/11/4
f 1805/11/6 1804/11/6 1808/11/6 1806/11/6
f 1803/11/5 1807/11/5 1645/11/5 1649/11/5
f 1807/11/3 1806/11/3 1809/11/3 1810/11/3
f 1645/11/4 1811/11/4 1812/11/4 1808/11/4
f 1806/11/6 1808/11/6 1812/11/6 1809/11/6
f 1807/11/5 1810/11/5 1811/11/5 1645/11/5
f 1810/11/3 1809/11/3 1813/11/3 1814/11/3
f 1811/11/4 1815/11/4 1816/11/4 1812/11/4
f 1809/11/6 1812/11/6 1816/11/6 1813/11/6
f 1810/11/5 1814/11/5 1815/11/5 1811/11/5
f 1814/11/3 1813/11/3 1817/11/3 1818/11/3
f 1815/11/4 1819/11/4 1820/11/4 1816/11/4
f 1813/11/6 1816/11/6 1820/11/6 1817/11/6
f 1814/11/5 1818/11/5 1819/11/5 1815/11/5
f 1818/3/3 1817/3/3 1821/3/3 1822/3/3
f 1819/3/4 1823/3/4 1824/3/4 1820/3/4
f 1817/3/6 1820/3/6 1824/3/6 1821/3/6
f 1818/3/5 1822/3/5 1823/3/5 1819/3/5
f 1822/6/3 1821/6/3 1825/6/3 1826/6/3
f 1822/6/5 1826/6/5 1827/6/5 1823/6/5
f 1826/6/3 1825/6/3 1828/6/3 1829/6/3
f 1826/6/5 1829/6/5 1830/6/5 1827/6/5
f 1829/6/3 1828/6/3 1831/6/3 1832/6/3
f 1830/6/4 1833/6/4 1834/6/4 1835/6/4
f 1829/6/5 1832/6/5 1833/6/5 1830/6/5
f 1836/6/2 1837/6/2 1838/6/2 1839/6/2
f 1832/6/3 1831/6/3 1837/6/3 1836/6/3
f 1833/6/4 1839/6/4 1838/6/4 1834/6/4
f 1832/6/5 1836/6/5 1839/6/5 1833/6/5
f 1613/1/2 1840/1/2 1841/1/2 1627/1/2
f 1615/1/1 1624/1/1 1842/1/1 1843/1/1
f 1615/1/3 1843/1/3 1840/1/3 1613/1/3
f 1624/1/4 1627/1/4 1841/1/4 1842/1/4
f 1843/1/6 1842/1/6 1841/1/6 1840/1/6
f 1618/3/2 1800/3/2 1844/3/2 1637/3/2
f 1619/3/1 1636/3/1 1845/3/1 1801/3/1
f 1636/3/4 1637/3/4 1844/3/4 1845/3/4
f 1801/3/6 1845/3/6 1844/3/6 1800/3/6
f 1823/11/1 1846/11/1 1847/11/1 1824/11/1
f 1846/11/4 1848/11/4 1849/11/4 1847/11/4
f 1824/11/6 1847/11/6 1849/11/6 1850/11/6
f 1823/11/5 1827/11/5 1848/11/5 1846/11/5
f 1830/11/2 1835/11/2 1851/11/2 1660/11/2
f 1848/11/4 1660/11/4 1851/11/4 1849/11/4
f 1850/11/6 1849/11/6 1851/11/6 1835/11/6
f 1827/11/5 1830/11/5 1660/11/5 1848/11/5
f 1852/5/2 1853/5/2 1854/5/2 1672/5/2
f 1855/5/1 1671/5/1 1856/5/1 1857/5/1
f 1855/5/3 1857/5/3 1853/5/3 1852/5/3
f 1855/5/5 1852/5/5 1672/5/5 1671/5/5
f 1640/1/2 1858/1/2 1859/1/2 1658/1/2
f 1642/1/1 1653/1/1 1860/1/1 1861/1/1
f 1642/1/3 1861/1/3 1858/1/3 1640/1/3
f 1653/1/4 1658/1/4 1859/1/4 1860/1/4
f 1861/1/6 1860/1/6 1859/1/6 1858/1/6
f 1669/5/1 1670/5/1 1862/5/1 1863/5/1
f 1669/5/3 1863/5/3 1856/5/3 1671/5/3
f 1670/5/4 1700/5/4 1864/5/4 1862/5/4
f 1863/5/6 1862/5/6 1864/5/6 1856/5/6
f 1673/1/2 1865/1/2 1866/1/2 1675/1/2
f 1672/1/3 1854/1/3 1865/1/3 1673/1/3
f 1701/1/4 1675/1/4 1866/1/4 1867/1/4
f 1854/1/6 1867/1/6 1866/1/6 1865/1/6
f 1701/1/2 1867/1/2 1868/1/2 1702/1/2
f 1700/1/1 1699/1/1 1869/1/1 1864/1/1
f 1864/1/6 1869/1/6 1868/1/6 1867/1/6
f 1693/3/1 1716/3/1 1870/3/1 1871/3/1
f 1693/3/3 1871/3/3 1872/3/3 1694/3/3
f 1716/3/4 1741/3/4 1873/3/4 1870/3/4
f 1871/3/6 1870/3/6 1873/3/6 1872/3/6
f 1694/3/3 1872/3/3 1874/3/3 1695/3/3
f 1741/3/4 1743/3/4 1875/3/4 1873/3/4
f 1872/3/6 1873/3/6 1875/3/6 1874/3/6
f 1695/3/3 1874/3/3 1876/3/3 1696/3/3
f 1743/3/4 1745/3/4 1877/3/4 1875/3/4
f 1874/3/6 1875/3/6 1877/3/6 1876/3/6
f 1696/3/3 1876/3/3 1878/3/3 1697/3/3
f 1745/3/4 1747/3/4 1879/3/4 1877/3/4
f 1876/3/6 1877/3/6 1879/3/6 1878/3/6
f 1697/3/3 1878/3/3 1880/3/3 1698/3/3
f 1747/3/4 1749/3/4 1881/3/4 1879/3/4
f 1878/3/6 1879/3/6 1881/3/6 1880/3/6
f 1698/3/3 1880/3/3 1869/3/3 1699/3/3
f 1749/3/4 1751/3/4 1882/3/4 1881/3/4
f 1880/3/6 1881/3/6 1882/3/6 1869/3/6
f 1751/3/4 1753/3/4 1883/3/4 1882/3/4
f 1869/3/6 1882/3/6 1883/3/6 1868/3/6
f 1702/3/3 1868/3/3 1884/3/3 1703/3/3
f 1753/3/4 1755/3/4 1885/3/4 1883/3/4
f 1868/3/6 1883/3/6 1885/3/6 1884/3/6
f 1703/3/3 1884/3/3 1886/3/3 1704/3/3
f 1755/3/4 1757/3/4 1887/3/4 1885/3/4
f 1884/3/6 1885/3/6 1887/3/6 1886/3/6
f 1704/3/3 1886/3/3 1888/3/3 1705/3/3
f 1757/3/4 1759/3/4 1889/3/4 1887/3/4
f 1886/3/6 1887/3/6 1889/3/6 1888/3/6
f 1705/3/3 1888/3/3 1890/3/3 1706/3/3
f 1759/3/4 1761/3/4 1891/3/4 1889/3/4
f 1888/3/6 1889/3/6 1891/3/6 1890/3/6
f 1706/3/3 1890/3/3 1892/3/3 1707/3/3
f 1707/3/3 1892/3/3 1893/3/3 1708/3/3
f 1763/3/4 1719/3/4 1894/3/4 1895/3/4
f 1708/3/3 1893/3/3 1896/3/3 1717/3/3
f 1719/3/4 1718/3/4 1897/3/4 1894/3/4
f 1717/3/3 1896/3/3 1898/3/3 1720/3/3
f 1718/3/4 1721/3/4 1899/3/4 1897/3/4
f 1896/3/6 1897/3/6 1899/3/6 1898/3/6
f 1720/3/3 1898/3/3 1900/3/3 1722/3/3
f 1721/3/4 1723/3/4 1901/3/4 1899/3/4
f 1898/3/6 1899/3/6 1901/3/6 1900/3/6
f 1722/3/3 1900/3/3 1902/3/3 1709/3/3
f 1711/3/2 1903/3/2 1904/3/2 1725/3/2
f 1709/3/3 1902/3/3 1903/3/3 1711/3/3
f 1724/3/4 1725/3/4 1904/3/4 1905/3/4
f 1902/3/6 1905/3/6 1904/3/6 1903/3/6
f 1713/6/2 1906/6/2 1907/6/2 1727/6/2
f 1712/6/1 1726/6/1 1908/6/1 1909/6/1
f 1712/6/3 1909/6/3 1906/6/3 1713/6/3
f 1726/6/4 1727/6/4 1907/6/4 1908/6/4
f 1909/6/6 1908/6/6 1907/6/6 1906/6/6
f 1736/3/1 1737/3/1 1910/3/1 1911/3/1
f 1736/3/3 1911/3/3 1912/3/3 1913/3/3
f 1737/3/4 1914/3/4 1915/3/4 1910/3/4
f 1911/3/6 1910/3/6 1915/3/6 1912/3/6
f 1736/3/5 1913/3/5 1914/3/5 1737/3/5
f 1916/8/2 1917/8/2 1918/8/2 1919/8/2
f 1913/8/3 1912/8/3 1917/8/3 1916/8/3
f 1914/8/4 1919/8/4 1918/8/4 1915/8/4
f 1913/8/5 1916/8/5 1919/8/5 1914/8/5
f 1763/5/2 1895/5/2 1920/5/2 1764/5/2
f 1761/5/1 1760/5/1 1921/5/1 1891/5/1
f 1724/6/2 1905/6/2 1922/6/2 1765/6/2
f 1723/6/1 1923/6/1 1924/6/1 1901/6/1
f 1923/6/4 1765/6/4 1922/6/4 1924/6/4
f 1901/6/6 1924/6/6 1922/6/6 1905/6/6
f 1723/6/5 1724/6/5 1765/6/5 1923/6/5
f 1758/5/1 1787/5/1 1925/5/1 1926/5/1
f 1758/5/3 1926/5/3 1921/5/3 1760/5/3
f 1787/5/4 1788/5/4 1927/5/4 1925/5/4
f 1926/5/6 1925/5/6 1927/5/6 1921/5/6
f 1762/1/2 1928/1/2 1929/1/2 1790/1/2
f 1764/1/3 1920/1/3 1928/1/3 1762/1/3
f 1789/1/4 1790/1/4 1929/1/4 1930/1/4
f 1920/1/6 1930/1/6 1929/1/6 1928/1/6
f 1775/11/1 1931/11/1 1932/11/1 1933/11/1
f 1775/11/3 1933/11/3 1934/11/3 1772/11/3
f 1931/11/4 1935/11/4 1936/11/4 1932/11/4
f 1933/11/6 1932/11/6 1936/11/6 1934/11/6
f 1775/11/5 1772/11/5 1935/11/5 1931/11/5
f 1772/11/3 1934/11/3 1937/11/3 1938/11/3
f 1935/11/4 1939/11/4 1940/11/4 1936/11/4
f 1934/11/6 1936/11/6 1940/11/6 1937/11/6
f 1772/11/5 1938/11/5 1939/11/5 1935/11/5
f 1938/11/3 1937/11/3 1941/11/3 1942/11/3
f 1939/11/4 1943/11/4 1944/11/4 1940/11/4
f 1937/11/6 1940/11/6 1944/11/6 1941/11/6
f 1938/11/5 1942/11/5 1943/11/5 1939/11/5
f 1942/11/3 1941/11/3 1945/11/3 1946/11/3
f 1943/11/4 1947/11/4 1948/11/4 1944/11/4
f 1941/11/6 1944/11/6 1948/11/6 1945/11/6
f 1942/11/5 1946/11/5 1947/11/5 1943/11/5
f 1946/3/3 1945/3/3 1949/3/3 1950/3/3
f 1947/3/4 1951/3/4 1952/3/4 1948/3/4
f 1945/3/6 1948/3/6 1952/3/6 1949/3/6
f 1946/3/5 1950/3/5 1951/3/5 1947/3/5
f 1950/6/3 1949/6/3 1953/6/3 1954/6/3
f 1950/6/5 1954/6/5 1955/6/5 1951/6/5
f 1954/6/3 1953/6/3 1956/6/3 1777/6/3
f 1954/6/5 1777/6/5 1957/6/5 1955/6/5
f 1777/6/3 1956/6/3 1958/6/3 1778/6/3
f 1957/6/4 1959/6/4 1960/6/4 1961/6/4
f 1777/6/5 1778/6/5 1959/6/5 1957/6/5
f 1779/6/2 1962/6/2 1963/6/2 1964/6/2
f 1778/6/3 1958/6/3 1962/6/3 1779/6/3
f 1959/6/4 1964/6/4 1963/6/4 1960/6/4
f 1778/6/5 1779/6/5 1964/6/5 1959/6/5
f 1789/1/2 1930/1/2 1965/1/2 1798/1/2
f 1788/1/1 1966/1/1 1967/1/1 1927/1/1
f 1966/1/4 1798/1/4 1965/1/4 1967/1/4
f 1927/1/6 1967/1/6 1965/1/6 1930/1/6
f 1788/1/5 1789/1/5 1798/1/5 1966/1/5
f 1951/11/1 1968/11/1 1969/11/1 1952/11/1
f 1968/11/4 1970/11/4 1971/11/4 1969/11/4
f 1952/11/6 1969/11/6 1971/11/6 1972/11/6
f 1951/11/5 1955/11/5 1970/11/5 1968/11/5
f 1957/11/2 1961/11/2 1973/11/2 1974/11/2
f 1970/11/4 1974/11/4 1973/11/4 1971/11/4
f 1972/11/6 1971/11/6 1973/11/6 1961/11/6
f 1955/11/5 1957/11/5 1974/11/5 1970/11/5
f 1975/12/1 1976/12/1 1977/12/1 1978/12/1
f 1975/12/3 1978/12/3 1979/12/3 1980/12/3
f 1976/12/4 1981/12/4 1982/12/4 1977/12/4
f 1978/12/6 1977/12/6 1982/12/6 1979/12/6
f 1975/12/5 1980/12/5 1981/12/5 1976/12/5
f 1980/12/3 1979/12/3 1983/12/3 1984/12/3
f 1981/12/4 1985/12/4 1986/12/4 1982/12/4
f 1979/12/6 1982/12/6 1986/12/6 1983/12/6
f 1980/12/5 1984/12/5 1985/12/5 1981/12/5
f 1984/13/3 1983/13/3 1987/13/3 1988/13/3
f 1985/13/4 1989/13/4 1990/13/4 1986/13/4
f 1983/13/6 1986/13/6 1990/13/6 1987/13/6
f 1984/13/5 1988/13/5 1989/13/5 1985/13/5
f 1988/13/3 1987/13/3 1991/13/3 1992/13/3
f 1989/13/4 1993/13/4 1994/13/4 1990/13/4
f 1987/13/6 1990/13/6 1994/13/6 1991/13/6
f 1988/13/5 1992/13/5 1993/13/5 1989/13/5
f 1992/3/3 1991/3/3 1995/3/3 1996/3/3
f 1993/3/4 1997/3/4 1998/3/4 1994/3/4
f 1991/3/6 1994/3/6 1998/3/6 1995/3/6
f 1992/3/5 1996/3/5 1997/3/5 1993/3/5
f 1999/3/2 2000/3/2 2001/3/2 2002/3/2
f 1996/3/3 1995/3/3 2000/3/3 1999/3/3
f 1997/3/4 2002/3/4 2001/3/4 1998/3/4
f 1996/3/5 1999/3/5 2002/3/5 1997/3/5
f 1821/4/1 1824/4/1 2003/4/1 2004/4/1
f 1821/4/3 2004/4/3 2005/4/3 1825/4/3
f 1824/4/4 1850/4/4 2006/4/4 2003/4/4
f 2004/4/6 2003/4/6 2006/4/6 2005/4/6
f 1825/4/3 2005/4/3 2007/4/3 1828/4/3
f 1850/4/4 1835/4/4 2008/4/4 2006/4/4
f 2005/4/6 2006/4/6 2008/4/6 2007/4/6
f 1828/4/3 2007/4/3 2009/4/3 1831/4/3
f 1835/4/4 1834/4/4 2010/4/4 2008/4/4
f 2007/4/6 2008/4/6 2010/4/6 2009/4/6
f 1837/4/2 2011/4/2 2012/4/2 1838/4/2
f 1831/4/3 2009/4/3 2011/4/3 1837/4/3
f 1834/4/4 1838/4/4 2012/4/4 2010/4/4
f 2009/4/6 2010/4/6 2012/4/6 2011/4/6
f 1857/12/1 1856/12/1 2013/12/1 2014/12/1
f 1857/12/3 2014/12/3 2015/12/3 1853/12/3
f 2014/12/6 2013/12/6 2016/12/6 2015/12/6
f 1853/12/3 2015/12/3 2017/12/3 2018/12/3
f 1854/12/4 1865/12/4 2019/12/4 2016/12/4
f 2015/12/6 2016/12/6 2019/12/6 2017/12/6
f 1853/12/5 2018/12/5 1865/12/5 1854/12/5
f 2018/13/3 2017/13/3 2020/13/3 2021/13/3
f 1865/13/4 2022/13/4 2023/13/4 2019/13/4
f 2017/13/6 2019/13/6 2023/13/6 2020/13/6
f 2018/13/5 2021/13/5 2022/13/5 1865/13/5
f 2021/13/3 2020/13/3 2024/13/3 2025/13/3
f 2022/13/4 2026/13/4 2027/13/4 2023/13/4
f 2020/13/6 2023/13/6 2027/13/6 2024/13/6
f 2021/13/5 2025/13/5 2026/13/5 2022/13/5
f 2025/13/3 2024/13/3 2028/13/3 2029/13/3
f 2026/13/4 2030/13/4 2031/13/4 2027/13/4
f 2024/13/6 2027/13/6 2031/13/6 2028/13/6
f 2025/13/5 2029/13/5 2030/13/5 2026/13/5
f 2029/3/3 2028/3/3 2032/3/3 2033/3/3
f 2030/3/4 2034/3/4 2035/3/4 2031/3/4
f 2028/3/6 2031/3/6 2035/3/6 2032/3/6
f 2029/3/5 2033/3/5 2034/3/5 2030/3/5
f 1842/3/2 2036/3/2 2037/3/2 2038/3/2
f 2033/3/3 2032/3/3 2036/3/3 1842/3/3
f 2034/3/4 2038/3/4 2037/3/4 2035/3/4
f 2033/3/5 1842/3/5 2038/3/5 2034/3/5
f 1854/1/2 2016/1/2 2039/1/2 1867/1/2
f 1856/1/1 1864/1/1 2040/1/1 2013/1/1
f 1864/1/4 1867/1/4 2039/1/4 2040/1/4
f 2013/1/6 2040/1/6 2039/1/6 2016/1/6
f 2041/6/1 1890/6/1 2042/6/1 2043/6/1
f 2041/6/3 2043/6/3 2044/6/3 2045/6/3
f 2041/6/5 2045/6/5 1892/6/5 1890/6/5
f 2045/6/3 2044/6/3 2046/6/3 2047/6/3
f 2045/6/5 2047/6/5 1893/6/5 1892/6/5
f 2048/6/2 2049/6/2 2050/6/2 1896/6/2
f 2047/6/3 2046/6/3 2049/6/3 2048/6/3
f 2047/6/5 2048/6/5 1896/6/5 1893/6/5
f 2051/9/2 2052/9/2 2053/9/2 1917/9/2
f 2054/9/1 1912/9/1 2055/9/1 2056/9/1
f 2054/9/3 2056/9/3 2052/9/3 2051/9/3
f 2056/9/6 2055/9/6 2053/9/6 2052/9/6
f 2054/9/5 2051/9/5 1917/9/5 1912/9/5
f 1890/6/1 1891/6/1 2057/6/1 2042/6/1
f 1896/6/2 2050/6/2 2058/6/2 1897/6/2
f 1902/3/2 2059/3/2 2060/3/2 1905/3/2
f 1900/3/1 1901/3/1 2061/3/1 2062/3/1
f 1900/3/3 2062/3/3 2059/3/3 1902/3/3
f 1901/3/4 1905/3/4 2060/3/4 2061/3/4
f 2062/3/6 2061/3/6 2060/3/6 2059/3/6
f 1912/3/1 1915/3/1 2063/3/1 2055/3/1
f 2064/8/2 2065/8/2 2066/8/2 2067/8/2
f 1917/8/3 2053/8/3 2065/8/3 2064/8/3
f 1918/8/4 2067/8/4 2066/8/4 2068/8/4
f 2053/8/6 2068/8/6 2066/8/6 2065/8/6
f 1917/8/5 2064/8/5 2067/8/5 1918/8/5
f 1891/6/1 1921/6/1 2069/6/1 2057/6/1
f 1920/6/4 1928/6/4 2070/6/4 2071/6/4
f 1895/6/5 1894/6/5 1928/6/5 1920/6/5
f 1897/6/2 2058/6/2 2072/6/2 2073/6/2
f 1928/6/4 2073/6/4 2072/6/4 2070/6/4
f 1894/6/5 1897/6/5 2073/6/5 1928/6/5
f 1904/6/2 2074/6/2 2075/6/2 2076/6/2
f 1905/6/1 1922/6/1 2077/6/1 2060/6/1
f 1905/6/3 2060/6/3 2074/6/3 1904/6/3
f 1922/6/4 2076/6/4 2075/6/4 2077/6/4
f 2060/6/6 2077/6/6 2075/6/6 2074/6/6
f 1905/6/5 1904/6/5 2076/6/5 1922/6/5
f 1918/10/2 2068/10/2 2078/10/2 2079/10/2
f 1915/10/1 2080/10/1 2081/10/1 2063/10/1
f 2080/10/4 2079/10/4 2078/10/4 2081/10/4
f 2063/10/6 2081/10/6 2078/10/6 2068/10/6
f 1915/10/5 1918/10/5 2079/10/5 2080/10/5
f 1920/1/2 2071/1/2 2082/1/2 1930/1/2
f 1921/1/1 1927/1/1 2083/1/1 2069/1/1
f 1927/1/4 1930/1/4 2082/1/4 2083/1/4
f 2069/1/6 2083/1/6 2082/1/6 2071/1/6
f 1949/4/1 1952/4/1 2084/4/1 2085/4/1
f 1949/4/3 2085/4/3 2086/4/3 1953/4/3
f 1952/4/4 1972/4/4 2087/4/4 2084/4/4
f 2085/4/6 2084/4/6 2087/4/6 2086/4/6
f 1953/4/3 2086/4/3 2088/4/3 1956/4/3
f 1972/4/4 1961/4/4 2089/4/4 2087/4/4
f 2086/4/6 2087/4/6 2089/4/6 2088/4/6
f 1956/4/3 2088/4/3 2090/4/3 1958/4/3
f 1961/4/4 1960/4/4 2091/4/4 2089/4/4
f 2088/4/6 2089/4/6 2091/4/6 2090/4/6
f 1962/4/2 2092/4/2 2093/4/2 1963/4/2
f 1958/4/3 2090/4/3 2092/4/3 1962/4/3
f 1960/4/4 1963/4/4 2093/4/4 2091/4/4
f 2090/4/6 2091/4/6 2093/4/6 2092/4/6
f 2000/3/2 2094/3/2 2095/3/2 2001/3/2
f 1995/3/1 1998/3/1 2096/3/1 2097/3/1
f 1995/3/3 2097/3/3 2094/3/3 2000/3/3
f 1998/3/4 2001/3/4 2095/3/4 2096/3/4
f 2097/3/6 2096/3/6 2095/3/6 2094/3/6
f 2036/3/2 2098/3/2 2099/3/2 2037/3/2
f 2032/3/1 2035/3/1 2100/3/1 2101/3/1
f 2032/3/3 2101/3/3 2098/3/3 2036/3/3
f 2035/3/4 2037/3/4 2099/3/4 2100/3/4
f 2101/3/6 2100/3/6 2099/3/6 2098/3/6
f 2043/4/1 2042/4/1 2102/4/1 2103/4/1
f 2043/4/3 2103/4/3 2104/4/3 2044/4/3
f 2044/4/3 2104/4/3 2105/4/3 2046/4/3
f 2049/4/2 2106/4/2 2107/4/2 2050/4/2
f 2046/4/3 2105/4/3 2106/4/3 2049/4/3
f 2042/4/1 2057/4/1 2108/4/1 2102/4/1
f 2050/4/2 2107/4/2 2109/4/2 2058/4/2
f 2110/3/2 2111/3/2 2112/3/2 2074/3/2
f 2059/3/1 2060/3/1 2113/3/1 2114/3/1
f 2059/3/3 2114/3/3 2111/3/3 2110/3/3
f 2060/3/4 2074/3/4 2112/3/4 2113/3/4
f 2114/3/6 2113/3/6 2112/3/6 2111/3/6
f 2059/3/5 2110/3/5 2074/3/5 2060/3/5
f 2053/10/2 2115/10/2 2116/10/2 2068/10/2
f 2055/10/1 2063/10/1 2117/10/1 2118/10/1
f 2055/10/3 2118/10/3 2115/10/3 2053/10/3
f 2063/10/4 2068/10/4 2116/10/4 2117/10/4
f 2118/10/6 2117/10/6 2116/10/6 2115/10/6
f 2057/4/1 2069/4/1 2119/4/1 2108/4/1
f 2069/4/4 2071/4/4 2120/4/4 2119/4/4
f 2071/4/4 2070/4/4 2121/4/4 2120/4/4
f 2058/4/2 2109/4/2 2122/4/2 2072/4/2
f 2070/4/4 2072/4/4 2122/4/4 2121/4/4
f 2123/6/2 2124/6/2 2125/6/2 2126/6/2
f 2074/6/1 2075/6/1 2127/6/1 2112/6/1
f 2074/6/3 2112/6/3 2124/6/3 2123/6/3
f 2075/6/4 2126/6/4 2125/6/4 2127/6/4
f 2112/6/6 2127/6/6 2125/6/6 2124/6/6
f 2074/6/5 2123/6/5 2126/6/5 2075/6/5
f 2103/4/1 2102/4/1 2128/4/1 2129/4/1
f 2103/4/3 2129/4/3 2130/4/3 2104/4/3
f 2129/4/6 2128/4/6 2131/4/6 2130/4/6
f 2104/4/3 2130/4/3 2132/4/3 2105/4/3
f 2106/3/2 2133/3/2 2134/3/2 2107/3/2
f 2105/3/3 2132/3/3 2133/3/3 2106/3/3
f 2135/3/2 2136/3/2 2137/3/2 2138/3/2
f 2139/3/1 2140/3/1 2141/3/1 2142/3/1
f 2139/3/3 2142/3/3 2136/3/3 2135/3/3
f 2140/3/4 2138/3/4 2137/3/4 2141/3/4
f 2139/3/5 2135/3/5 2138/3/5 2140/3/5
f 2102/4/1 2108/4/1 2143/4/1 2128/4/1
f 2128/4/6 2143/4/6 2144/4/6 2131/4/6
f 2107/4/2 2134/4/2 2145/4/2 2109/4/2
f 2146/3/2 2147/3/2 2148/3/2 2124/3/2
f 2111/3/1 2112/3/1 2149/3/1 2150/3/1
f 2111/3/3 2150/3/3 2147/3/3 2146/3/3
f 2112/3/4 2124/3/4 2148/3/4 2149/3/4
f 2150/3/6 2149/3/6 2148/3/6 2147/3/6
f 2111/3/5 2146/3/5 2124/3/5 2112/3/5
f 2108/4/1 2119/4/1 2151/4/1 2143/4/1
f 2119/4/4 2120/4/4 2152/4/4 2151/4/4
f 2143/4/6 2151/4/6 2152/4/6 2144/4/6
f 2120/7/4 2121/7/4 2153/7/4 2152/7/4
f 2109/4/2 2145/4/2 2154/4/2 2122/4/2
f 2121/4/4 2122/4/4 2154/4/4 2153/4/4
f 2155/6/2 2156/6/2 2157/6/2 2158/6/2
f 2124/6/1 2125/6/1 2159/6/1 2148/6/1
f 2124/6/3 2148/6/3 2156/6/3 2155/6/3
f 2125/6/4 2158/6/4 2157/6/4 2159/6/4
f 2148/6/6 2159/6/6 2157/6/6 2156/6/6
f 2124/6/5 2155/6/5 2158/6/5 2125/6/5
f 2160/5/2 2161/5/2 2162/5/2 2136/5/2
f 2163/5/1 2142/5/1 2164/5/1 2165/5/1
f 2163/5/3 2165/5/3 2161/5/3 2160/5/3
f 2165/5/6 2164/5/6 2162/5/6 2161/5/6
f 2163/5/5 2160/5/5 2136/5/5 2142/5/5
f 2130/6/1 2131/6/1 2166/6/1 2167/6/1
f 2130/6/3 2167/6/3 2168/6/3 2132/6/3
f 2132/6/3 2168/6/3 2169/6/3 2133/6/3
f 2133/5/3 2169/5/3 2164/5/3 2142/5/3
f 2133/5/5 2142/5/5 2141/5/5 2134/5/5
f 2170/1/2 2171/1/2 2172/1/2 2173/1/2
f 2136/1/3 2162/1/3 2171/1/3 2170/1/3
f 2137/1/4 2173/1/4 2172/1/4 2174/1/4
f 2162/1/6 2174/1/6 2172/1/6 2171/1/6
f 2136/1/5 2170/1/5 2173/1/5 2137/1/5
f 2131/6/1 2144/6/1 2175/6/1 2166/6/1
f 2134/6/5 2141/6/5 2176/6/5 2145/6/5
f 2137/1/2 2174/1/2 2177/1/2 2178/1/2
f 2176/1/4 2178/1/4 2177/1/4 2179/1/4
f 2141/1/5 2137/1/5 2178/1/5 2176/1/5
f 2144/6/1 2152/6/1 2180/6/1 2175/6/1
f 2152/6/4 2153/6/4 2181/6/4 2180/6/4
f 2175/6/6 2180/6/6 2181/6/6 2182/6/6
f 2153/6/4 2154/6/4 2183/6/4 2181/6/4
f 2182/6/6 2181/6/6 2183/6/6 2184/6/6
f 2176/6/2 2179/6/2 2185/6/2 2186/6/2
f 2154/6/4 2186/6/4 2185/6/4 2183/6/4
f 2184/6/6 2183/6/6 2185/6/6 2179/6/6
f 2145/6/5 2176/6/5 2186/6/5 2154/6/5
f 2187/4/1 2167/4/1 2188/4/1 2189/4/1
f 2187/4/3 2189/4/3 2190/4/3 2191/4/3
f 2187/4/5 2191/4/5 2168/4/5 2167/4/5
f 2191/4/3 2190/4/3 2192/4/3 2193/4/3
f 2191/4/5 2193/4/5 2169/4/5 2168/4/5
f 2165/4/2 2194/4/2 2195/4/2 2164/4/2
f 2193/4/3 2192/4/3 2194/4/3 2165/4/3
f 2193/4/5 2165/4/5 2164/4/5 2169/4/5
f 2167/4/1 2166/4/1 2196/4/1 2188/4/1
f 2162/1/2 2197/1/2 2198/1/2 2174/1/2
f 2164/1/3 2195/1/3 2197/1/3 2162/1/3
f 2195/1/6 2199/1/6 2198/1/6 2197/1/6
f 2166/4/1 2175/4/1 2200/4/1 2196/4/1
f 2175/4/4 2182/4/4 2201/4/4 2200/4/4
f 2182/4/4 2184/4/4 2202/4/4 2201/4/4
f 2184/4/4 2179/4/4 2203/4/4 2202/4/4
f 2174/1/2 2198/1/2 2204/1/2 2177/1/2
f 2179/1/4 2177/1/4 2204/1/4 2203/1/4
f 2199/1/6 2203/1/6 2204/1/6 2198/1/6
f 2189/4/1 2188/4/1 2205/4/1 2206/4/1
f 2189/4/3 2206/4/3 2207/4/3 2190/4/3
f 2206/4/6 2205/4/6 2208/4/6 2207/4/6
f 2190/4/3 2207/4/3 2209/4/3 2192/4/3
f 2207/4/6 2208/4/6 2210/4/6 2209/4/6
f 2194/3/2 2211/3/2 2212/3/2 2195/3/2
f 2192/3/3 2209/3/3 2211/3/3 2194/3/3
f 2209/3/6 2210/3/6 2212/3/6 2211/3/6
f 2188/4/1 2196/4/1 2213/4/1 2205/4/1
f 2205/4/6 2213/4/6 2214/4/6 2208/4/6
f 2208/4/6 2214/4/6 2215/4/6 2210/4/6
f 2195/4/2 2212/4/2 2216/4/2 2199/4/2
f 2196/4/1 2200/4/1 2217/4/1 2213/4/1
f 2200/4/4 2201/4/4 2218/4/4 2217/4/4
f 2213/4/6 2217/4/6 2218/4/6 2214/4/6
f 2201/7/4 2202/7/4 2219/7/4 2218/7/4
f 2214/7/6 2218/7/6 2219/7/6 2215/7/6
f 2199/4/2 2216/4/2 2220/4/2 2203/4/2
f 2202/4/4 2203/4/4 2220/4/4 2219/4/4
f 2215/4/6 2219/4/6 2220/4/6 2216/4/6
f 2221/3/2 2222/3/2 2223/3/2 2224/3/2
f 2225/3/1 2226/3/1 2227/3/1 2228/3/1
f 2225/3/3 2228/3/3 2222/3/3 2221/3/3
f 2226/3/4 2224/3/4 2223/3/4 2227/3/4
f 2225/3/5 2221/3/5 2224/3/5 2226/3/5
f 2212/6/2 2229/6/2 2230/6/2 2216/6/2
f 2210/6/1 2215/6/1 2231/6/1 2232/6/1
f 2210/6/3 2232/6/3 2229/6/3 2212/6/3
f 2215/6/4 2216/6/4 2230/6/4 2231/6/4
f 2233/5/2 2234/5/2 2235/5/2 2222/5/2
f 2236/5/1 2228/5/1 2237/5/1 2238/5/1
f 2236/5/3 2238/5/3 2234/5/3 2233/5/3
f 2238/5/6 2237/5/6 2235/5/6 2234/5/6
f 2236/5/5 2233/5/5 2222/5/5 2228/5/5
f 2239/5/1 2240/5/1 2241/5/1 2242/5/1
f 2239/5/3 2242/5/3 2237/5/3 2228/5/3
f 2240/5/4 2227/5/4 2243/5/4 2241/5/4
f 2242/5/6 2241/5/6 2243/5/6 2237/5/6
f 2239/5/5 2228/5/5 2227/5/5 2240/5/5
f 2244/1/2 2245/1/2 2246/1/2 2247/1/2
f 2222/1/3 2235/1/3 2245/1/3 2244/1/3
f 2223/1/4 2247/1/4 2246/1/4 2248/1/4
f 2235/1/6 2248/1/6 2246/1/6 2245/1/6
f 2222/1/5 2244/1/5 2247/1/5 2223/1/5
f 2223/1/2 2248/1/2 2249/1/2 2250/1/2
f 2227/1/1 2251/1/1 2252/1/1 2243/1/1
f 2251/1/4 2250/1/4 2249/1/4 2252/1/4
f 2243/1/6 2252/1/6 2249/1/6 2248/1/6
f 2227/1/5 2223/1/5 2250/1/5 2251/1/5
f 2253/1/2 2254/1/2 2255/1/2 2238/1/2
f 2256/1/1 2257/1/1 2258/1/1 2259/1/1
f 2256/1/3 2259/1/3 2254/1/3 2253/1/3
f 2259/1/6 2258/1/6 2255/1/6 2254/1/6
f 2256/1/5 2253/1/5 2238/1/5 2257/1/5
f 2229/4/2 2260/4/2 2261/4/2 2230/4/2
f 2232/4/1 2231/4/1 2262/4/1 2263/4/1
f 2232/4/3 2263/4/3 2260/4/3 2229/4/3
f 2231/4/4 2230/4/4 2261/4/4 2262/4/4
f 2263/4/6 2262/4/6 2261/4/6 2260/4/6
f 2238/3/2 2255/3/2 2264/3/2 2237/3/2
f 2257/3/1 2242/3/1 2265/3/1 2258/3/1
f 2242/3/4 2237/3/4 2264/3/4 2265/3/4
f 2257/3/5 2238/3/5 2237/3/5 2242/3/5
f 2235/1/2 2266/1/2 2267/1/2 2248/1/2
f 2237/1/1 2243/1/1 2268/1/1 2264/1/1
f 2237/1/3 2264/1/3 2266/1/3 2235/1/3
f 2243/1/4 2248/1/4 2267/1/4 2268/1/4
f 2264/1/6 2268/1/6 2267/1/6 2266/1/6
f 2269/2/2 2270/2/2 2271/2/2 2260/2/2
f 2272/2/1 2263/2/1 2273/2/1 2274/2/1
f 2272/2/3 2274/2/3 2270/2/3 2269/2/3
f 2263/2/4 2260/2/4 2271/2/4 2273/2/4
f 2272/2/5 2269/2/5 2260/2/5 2263/2/5
f 2255/1/2 2275/1/2 2276/1/2 2264/1/2
f 2258/1/1 2265/1/1 2277/1/1 2278/1/1
f 2258/1/3 2278/1/3 2275/1/3 2255/1/3
f 2265/1/4 2264/1/4 2276/1/4 2277/1/4
f 2278/1/6 2277/1/6 2276/1/6 2275/1/6
f 2279/2/2 2280/2/2 2281/2/2 2282/2/2
f 2283/2/1 2270/2/1 2284/2/1 2285/2/1
f 2283/2/3 2285/2/3 2280/2/3 2279/2/3
f 2270/2/4 2282/2/4 2281/2/4 2284/2/4
f 2285/2/6 2284/2/6 2281/2/6 2280/2/6
f 2283/2/5 2279/2/5 2282/2/5 2270/2/5
f 2270/2/2 2284/2/2 2286/2/2 2271/2/2
f 2274/2/1 2273/2/1 2287/2/1 2288/2/1
f 2274/2/3 2288/2/3 2284/2/3 2270/2/3
f 2273/2/4 2271/2/4 2286/2/4 2287/2/4
f 2288/2/6 2287/2/6 2286/2/6 2284/2/6
f 2278/2/2 2289/2/2 2290/2/2 2277/2/2
f 2271/2/1 2291/2/1 2292/2/1 2286/2/1
f 2271/2/3 2286/2/3 2289/2/3 2278/2/3
f 2291/2/4 2277/2/4 2290/2/4 2292/2/4
f 2286/2/6 2292/2/6 2290/2/6 2289/2/6
f 2271/2/5 2278/2/5 2277/2/5 2291/2/5
