mtllib Drago_Adriana_Sofia_Espitia_Contreras_fase_4.mtl
o Drago_Adriana_Sofia_Espitia_Contreras_fase_4
v -16.0000 13.0000 5.0000
v -15.0000 13.0000 5.0000
v -15.0000 13.0000 4.0000
v -16.0000 13.0000 4.0000
v -16.0000 12.0000 5.0000
v -16.0000 12.0000 4.0000
v -15.0000 12.0000 4.0000
v -15.0000 12.0000 5.0000
v -16.0000 9.0000 4.0000
v -16.0000 9.0000 3.0000
v -15.0000 9.0000 3.0000
v -15.0000 9.0000 4.0000
v -15.0000 10.0000 4.0000
v -16.0000 10.0000 4.0000
v -15.0000 10.0000 3.0000
v -16.0000 10.0000 3.0000
v -16.0000 11.0000 4.0000
v -15.0000 11.0000 4.0000
v -15.0000 11.0000 3.0000
v -16.0000 11.0000 3.0000
v -15.0000 13.0000 3.0000
v -16.0000 13.0000 3.0000
v -16.0000 12.0000 3.0000
v -15.0000 12.0000 3.0000
v -15.0000 10.0000 2.0000
v -16.0000 10.0000 2.0000
v -16.0000 9.0000 2.0000
v -15.0000 9.0000 2.0000
v -15.0000 13.0000 2.0000
v -16.0000 13.0000 2.0000
v -16.0000 12.0000 2.0000
v -15.0000 12.0000 2.0000
v -15.0000 13.0000 1.0000
v -16.0000 13.0000 1.0000
v -16.0000 12.0000 1.0000
v -15.0000 12.0000 1.0000
v -16.0000 10.0000 1.0000
v -16.0000 10.0000 -0.0000
v -15.0000 10.0000 -0.0000
v -15.0000 10.0000 1.0000
v -15.0000 11.0000 1.0000
v -16.0000 11.0000 1.0000
v -16.0000 11.0000 -0.0000
v -15.0000 11.0000 -0.0000
v -15.0000 12.0000 -0.0000
v -16.0000 12.0000 -0.0000
v -15.0000 12.0000 -1.0000
v -16.0000 12.0000 -1.0000
v -16.0000 11.0000 -1.0000
v -15.0000 11.0000 -1.0000
v -15.0000 12.0000 -2.0000
v -16.0000 12.0000 -2.0000
v -16.0000 11.0000 -2.0000
v -15.0000 11.0000 -2.0000
v -15.0000 12.0000 -3.0000
v -16.0000 12.0000 -3.0000
v -16.0000 11.0000 -3.0000
v -15.0000 11.0000 -3.0000
v -16.0000 10.0000 -3.0000
v -16.0000 10.0000 -4.0000
v -15.0000 10.0000 -4.0000
v -15.0000 10.0000 -3.0000
v -15.0000 11.0000 -4.0000
v -16.0000 11.0000 -4.0000
v -15.0000 12.0000 -4.0000
v -16.0000 12.0000 -4.0000
v -16.0000 10.0000 -5.0000
v -15.0000 10.0000 -5.0000
v -16.0000 11.0000 -5.0000
v -15.0000 11.0000 -5.0000
v -15.0000 12.0000 -5.0000
v -16.0000 12.0000 -5.0000
v -16.0000 13.0000 -4.0000
v -15.0000 13.0000 -4.0000
v -15.0000 13.0000 -5.0000
v -16.0000 13.0000 -5.0000
v -15.0000 12.0000 -6.0000
v -16.0000 12.0000 -6.0000
v -16.0000 11.0000 -6.0000
v -15.0000 11.0000 -6.0000
v -14.0000 10.0000 2.0000
v -14.0000 10.0000 1.0000
v -15.0000 9.0000 1.0000
v -14.0000 9.0000 1.0000
v -14.0000 9.0000 2.0000
v -15.0000 9.0000 -0.0000
v -14.0000 9.0000 -0.0000
v -14.0000 10.0000 -0.0000
v -14.0000 11.0000 1.0000
v -14.0000 11.0000 -0.0000
v -14.0000 12.0000 1.0000
v -14.0000 12.0000 -0.0000
v -14.0000 12.0000 -1.0000
v -14.0000 11.0000 -1.0000
v -14.0000 12.0000 -2.0000
v -14.0000 11.0000 -2.0000
v -14.0000 12.0000 -3.0000
v -14.0000 11.0000 -3.0000
v -15.0000 13.0000 -6.0000
v -14.0000 13.0000 -6.0000
v -14.0000 13.0000 -7.0000
v -15.0000 13.0000 -7.0000
v -15.0000 12.0000 -7.0000
v -14.0000 12.0000 -7.0000
v -14.0000 12.0000 -6.0000
v -14.0000 9.0000 8.0000
v -14.0000 9.0000 7.0000
v -13.0000 9.0000 7.0000
v -13.0000 9.0000 8.0000
v -13.0000 10.0000 8.0000
v -14.0000 10.0000 8.0000
v -14.0000 10.0000 7.0000
v -13.0000 10.0000 7.0000
v -14.0000 11.0000 8.0000
v -13.0000 11.0000 8.0000
v -13.0000 11.0000 7.0000
v -14.0000 11.0000 7.0000
v -13.0000 11.0000 6.0000
v -14.0000 11.0000 6.0000
v -14.0000 10.0000 6.0000
v -13.0000 10.0000 6.0000
v -13.0000 11.0000 5.0000
v -14.0000 11.0000 5.0000
v -14.0000 10.0000 5.0000
v -13.0000 10.0000 5.0000
v -13.0000 11.0000 4.0000
v -14.0000 11.0000 4.0000
v -14.0000 10.0000 4.0000
v -13.0000 10.0000 4.0000
v -13.0000 11.0000 3.0000
v -14.0000 11.0000 3.0000
v -14.0000 10.0000 3.0000
v -13.0000 10.0000 3.0000
v -14.0000 9.0000 3.0000
v -13.0000 9.0000 2.0000
v -13.0000 9.0000 3.0000
v -13.0000 10.0000 2.0000
v -13.0000 11.0000 2.0000
v -14.0000 11.0000 2.0000
v -13.0000 9.0000 1.0000
v -13.0000 10.0000 1.0000
v -13.0000 11.0000 1.0000
v -14.0000 13.0000 2.0000
v -13.0000 13.0000 2.0000
v -13.0000 13.0000 1.0000
v -14.0000 13.0000 1.0000
v -14.0000 12.0000 2.0000
v -13.0000 12.0000 1.0000
v -13.0000 12.0000 2.0000
v -13.0000 10.0000 -0.0000
v -13.0000 11.0000 -0.0000
v -14.0000 13.0000 -0.0000
v -14.0000 14.0000 1.0000
v -13.0000 14.0000 1.0000
v -13.0000 14.0000 -0.0000
v -14.0000 14.0000 -0.0000
v -13.0000 11.0000 -1.0000
v -13.0000 12.0000 -1.0000
v -14.0000 13.0000 -1.0000
v -13.0000 14.0000 -1.0000
v -14.0000 14.0000 -1.0000
v -13.0000 13.0000 -1.0000
v -14.0000 1.0000 -1.0000
v -13.0000 1.0000 -1.0000
v -13.0000 1.0000 -2.0000
v -14.0000 1.0000 -2.0000
v -14.0000 0.0000 -1.0000
v -14.0000 0.0000 -2.0000
v -13.0000 0.0000 -2.0000
v -13.0000 0.0000 -1.0000
v -13.0000 13.0000 -2.0000
v -14.0000 13.0000 -2.0000
v -13.0000 12.0000 -2.0000
v -14.0000 3.0000 -2.0000
v -13.0000 3.0000 -2.0000
v -13.0000 3.0000 -3.0000
v -14.0000 3.0000 -3.0000
v -14.0000 2.0000 -2.0000
v -14.0000 2.0000 -3.0000
v -13.0000 2.0000 -3.0000
v -13.0000 2.0000 -2.0000
v -13.0000 12.0000 -3.0000
v -13.0000 11.0000 -3.0000
v -13.0000 11.0000 -2.0000
v -14.0000 11.0000 -4.0000
v -13.0000 11.0000 -4.0000
v -14.0000 12.0000 -4.0000
v -14.0000 13.0000 -3.0000
v -13.0000 13.0000 -3.0000
v -13.0000 13.0000 -4.0000
v -14.0000 13.0000 -4.0000
v -14.0000 11.0000 -5.0000
v -13.0000 11.0000 -5.0000
v -14.0000 12.0000 -5.0000
v -14.0000 13.0000 -5.0000
v -14.0000 14.0000 -4.0000
v -13.0000 14.0000 -4.0000
v -13.0000 14.0000 -5.0000
v -14.0000 14.0000 -5.0000
v -13.0000 13.0000 -5.0000
v -14.0000 11.0000 -6.0000
v -13.0000 11.0000 -6.0000
v -13.0000 13.0000 -6.0000
v -14.0000 10.0000 -6.0000
v -14.0000 10.0000 -7.0000
v -13.0000 10.0000 -7.0000
v -13.0000 10.0000 -6.0000
v -14.0000 11.0000 -7.0000
v -13.0000 11.0000 -7.0000
v -13.0000 12.0000 -7.0000
v -13.0000 12.0000 -6.0000
v -13.0000 13.0000 -7.0000
v -14.0000 11.0000 -8.0000
v -13.0000 11.0000 -8.0000
v -14.0000 12.0000 -8.0000
v -13.0000 12.0000 -8.0000
v -14.0000 13.0000 -8.0000
v -13.0000 13.0000 -8.0000
v -14.0000 14.0000 -7.0000
v -13.0000 14.0000 -7.0000
v -13.0000 14.0000 -8.0000
v -14.0000 14.0000 -8.0000
v -13.0000 14.0000 10.0000
v -12.0000 14.0000 10.0000
v -12.0000 14.0000 9.0000
v -13.0000 14.0000 9.0000
v -13.0000 13.0000 10.0000
v -13.0000 13.0000 9.0000
v -12.0000 13.0000 9.0000
v -12.0000 13.0000 10.0000
v -13.0000 9.0000 9.0000
v -12.0000 9.0000 8.0000
v -12.0000 9.0000 9.0000
v -12.0000 10.0000 9.0000
v -13.0000 10.0000 9.0000
v -12.0000 10.0000 8.0000
v -13.0000 11.0000 9.0000
v -12.0000 11.0000 9.0000
v -12.0000 11.0000 8.0000
v -13.0000 12.0000 9.0000
v -13.0000 12.0000 8.0000
v -12.0000 12.0000 8.0000
v -12.0000 12.0000 9.0000
v -12.0000 13.0000 8.0000
v -13.0000 13.0000 8.0000
v -12.0000 14.0000 8.0000
v -13.0000 14.0000 8.0000
v -13.0000 15.0000 9.0000
v -12.0000 15.0000 9.0000
v -12.0000 15.0000 8.0000
v -13.0000 15.0000 8.0000
v -12.0000 9.0000 7.0000
v -12.0000 11.0000 7.0000
v -13.0000 12.0000 7.0000
v -12.0000 12.0000 7.0000
v -12.0000 13.0000 7.0000
v -13.0000 13.0000 7.0000
v -12.0000 14.0000 7.0000
v -13.0000 14.0000 7.0000
v -12.0000 15.0000 7.0000
v -13.0000 15.0000 7.0000
v -13.0000 9.0000 6.0000
v -12.0000 9.0000 6.0000
v -12.0000 10.0000 6.0000
v -12.0000 10.0000 7.0000
v -12.0000 11.0000 6.0000
v -13.0000 12.0000 6.0000
v -12.0000 12.0000 6.0000
v -13.0000 13.0000 6.0000
v -12.0000 14.0000 6.0000
v -13.0000 14.0000 6.0000
v -12.0000 13.0000 6.0000
v -12.0000 10.0000 5.0000
v -13.0000 12.0000 5.0000
v -12.0000 13.0000 5.0000
v -13.0000 13.0000 5.0000
v -12.0000 10.0000 4.0000
v -13.0000 12.0000 4.0000
v -13.0000 13.0000 4.0000
v -13.0000 14.0000 5.0000
v -12.0000 14.0000 5.0000
v -12.0000 14.0000 4.0000
v -13.0000 14.0000 4.0000
v -12.0000 10.0000 3.0000
v -12.0000 11.0000 3.0000
v -12.0000 11.0000 4.0000
v -13.0000 12.0000 3.0000
v -13.0000 13.0000 3.0000
v -12.0000 14.0000 3.0000
v -13.0000 14.0000 3.0000
v -12.0000 9.0000 3.0000
v -12.0000 9.0000 2.0000
v -13.0000 8.0000 3.0000
v -13.0000 8.0000 2.0000
v -12.0000 8.0000 2.0000
v -12.0000 8.0000 3.0000
v -12.0000 10.0000 2.0000
v -12.0000 11.0000 2.0000
v -13.0000 14.0000 2.0000
v -13.0000 15.0000 3.0000
v -12.0000 15.0000 3.0000
v -12.0000 15.0000 2.0000
v -13.0000 15.0000 2.0000
v -12.0000 14.0000 2.0000
v -12.0000 9.0000 1.0000
v -13.0000 8.0000 1.0000
v -12.0000 8.0000 1.0000
v -12.0000 11.0000 1.0000
v -12.0000 14.0000 1.0000
v -13.0000 8.0000 -0.0000
v -12.0000 8.0000 -0.0000
v -13.0000 9.0000 -0.0000
v -12.0000 9.0000 -0.0000
v -12.0000 10.0000 1.0000
v -12.0000 10.0000 -0.0000
v -12.0000 14.0000 -0.0000
v -13.0000 10.0000 -1.0000
v -12.0000 10.0000 -1.0000
v -12.0000 11.0000 -1.0000
v -12.0000 11.0000 -0.0000
v -13.0000 15.0000 -0.0000
v -12.0000 15.0000 -0.0000
v -12.0000 15.0000 -1.0000
v -13.0000 15.0000 -1.0000
v -12.0000 14.0000 -1.0000
v -12.0000 1.0000 -1.0000
v -12.0000 1.0000 -2.0000
v -12.0000 0.0000 -2.0000
v -12.0000 0.0000 -1.0000
v -12.0000 11.0000 -2.0000
v -12.0000 14.0000 -2.0000
v -13.0000 14.0000 -2.0000
v -13.0000 1.0000 -3.0000
v -12.0000 1.0000 -3.0000
v -12.0000 2.0000 -2.0000
v -12.0000 2.0000 -3.0000
v -12.0000 3.0000 -2.0000
v -12.0000 3.0000 -3.0000
v -12.0000 11.0000 -3.0000
v -12.0000 14.0000 -3.0000
v -13.0000 14.0000 -3.0000
v -12.0000 13.0000 -3.0000
v -12.0000 11.0000 -4.0000
v -12.0000 13.0000 -4.0000
v -12.0000 11.0000 -5.0000
v -12.0000 14.0000 -4.0000
v -12.0000 14.0000 -5.0000
v -12.0000 11.0000 -6.0000
v -12.0000 12.0000 -6.0000
v -12.0000 14.0000 -6.0000
v -13.0000 14.0000 -6.0000
v -12.0000 13.0000 -6.0000
v -13.0000 9.0000 -6.0000
v -13.0000 9.0000 -7.0000
v -12.0000 9.0000 -7.0000
v -12.0000 9.0000 -6.0000
v -12.0000 10.0000 -6.0000
v -12.0000 10.0000 -7.0000
v -12.0000 11.0000 -7.0000
v -12.0000 13.0000 -7.0000
v -12.0000 12.0000 -7.0000
v -13.0000 10.0000 -8.0000
v -12.0000 10.0000 -8.0000
v -12.0000 11.0000 -8.0000
v -12.0000 12.0000 -8.0000
v -12.0000 13.0000 -8.0000
v -13.0000 10.0000 -9.0000
v -12.0000 10.0000 -9.0000
v -13.0000 11.0000 -9.0000
v -12.0000 11.0000 -9.0000
v -13.0000 12.0000 -9.0000
v -12.0000 12.0000 -9.0000
v -12.0000 13.0000 -9.0000
v -13.0000 13.0000 -9.0000
v -12.0000 13.0000 -10.0000
v -13.0000 13.0000 -10.0000
v -13.0000 12.0000 -10.0000
v -12.0000 12.0000 -10.0000
v -12.0000 10.0000 11.0000
v -12.0000 10.0000 10.0000
v -11.0000 10.0000 10.0000
v -11.0000 10.0000 11.0000
v -11.0000 11.0000 11.0000
v -12.0000 11.0000 11.0000
v -12.0000 11.0000 10.0000
v -11.0000 11.0000 10.0000
v -12.0000 12.0000 11.0000
v -11.0000 12.0000 11.0000
v -11.0000 12.0000 10.0000
v -12.0000 12.0000 10.0000
v -11.0000 10.0000 9.0000
v -12.0000 9.0000 10.0000
v -11.0000 9.0000 9.0000
v -11.0000 9.0000 10.0000
v -11.0000 9.0000 7.0000
v -11.0000 9.0000 8.0000
v -11.0000 10.0000 8.0000
v -11.0000 10.0000 7.0000
v -11.0000 11.0000 8.0000
v -11.0000 12.0000 8.0000
v -11.0000 12.0000 7.0000
v -11.0000 10.0000 6.0000
v -11.0000 11.0000 6.0000
v -11.0000 11.0000 7.0000
v -11.0000 13.0000 7.0000
v -11.0000 13.0000 6.0000
v -12.0000 9.0000 5.0000
v -11.0000 9.0000 5.0000
v -11.0000 9.0000 6.0000
v -11.0000 10.0000 5.0000
v -11.0000 14.0000 6.0000
v -11.0000 14.0000 5.0000
v -11.0000 10.0000 4.0000
v -11.0000 11.0000 4.0000
v -12.0000 15.0000 5.0000
v -11.0000 15.0000 5.0000
v -11.0000 15.0000 4.0000
v -12.0000 15.0000 4.0000
v -11.0000 11.0000 3.0000
v -11.0000 15.0000 3.0000
v -11.0000 14.0000 3.0000
v -11.0000 10.0000 2.0000
v -11.0000 10.0000 3.0000
v -11.0000 14.0000 2.0000
v -11.0000 10.0000 1.0000
v -11.0000 11.0000 1.0000
v -11.0000 11.0000 2.0000
v -11.0000 14.0000 1.0000
v -11.0000 10.0000 -0.0000
v -11.0000 11.0000 -0.0000
v -11.0000 14.0000 -0.0000
v -12.0000 -1.0000 -0.0000
v -11.0000 -1.0000 -0.0000
v -11.0000 -1.0000 -1.0000
v -12.0000 -1.0000 -1.0000
v -12.0000 -2.0000 -0.0000
v -12.0000 -2.0000 -1.0000
v -11.0000 -2.0000 -1.0000
v -11.0000 -2.0000 -0.0000
v -12.0000 0.0000 -0.0000
v -11.0000 0.0000 -1.0000
v -11.0000 0.0000 -0.0000
v -11.0000 1.0000 -0.0000
v -12.0000 1.0000 -0.0000
v -12.0000 2.0000 -0.0000
v -11.0000 2.0000 -0.0000
v -11.0000 2.0000 -1.0000
v -12.0000 2.0000 -1.0000
v -11.0000 1.0000 -1.0000
v -11.0000 11.0000 -1.0000
v -11.0000 14.0000 -1.0000
v -11.0000 0.0000 -2.0000
v -11.0000 1.0000 -2.0000
v -11.0000 2.0000 -2.0000
v -11.0000 11.0000 -2.0000
v -11.0000 14.0000 -2.0000
v -11.0000 2.0000 -3.0000
v -11.0000 1.0000 -3.0000
v -11.0000 11.0000 -3.0000
v -12.0000 15.0000 -2.0000
v -11.0000 15.0000 -2.0000
v -11.0000 15.0000 -3.0000
v -12.0000 15.0000 -3.0000
v -11.0000 14.0000 -3.0000
v -11.0000 11.0000 -4.0000
v -11.0000 14.0000 -4.0000
v -12.0000 10.0000 -4.0000
v -12.0000 10.0000 -5.0000
v -11.0000 10.0000 -5.0000
v -11.0000 10.0000 -4.0000
v -11.0000 11.0000 -5.0000
v -11.0000 14.0000 -5.0000
v -11.0000 11.0000 -6.0000
v -11.0000 12.0000 -6.0000
v -11.0000 14.0000 -6.0000
v -11.0000 12.0000 -7.0000
v -11.0000 14.0000 -7.0000
v -12.0000 14.0000 -7.0000
v -11.0000 13.0000 -7.0000
v -11.0000 11.0000 -7.0000
v -11.0000 11.0000 -8.0000
v -11.0000 10.0000 -8.0000
v -11.0000 10.0000 -7.0000
v -11.0000 13.0000 -8.0000
v -11.0000 12.0000 -8.0000
v -12.0000 9.0000 -8.0000
v -12.0000 9.0000 -9.0000
v -11.0000 9.0000 -9.0000
v -11.0000 9.0000 -8.0000
v -11.0000 10.0000 -9.0000
v -11.0000 11.0000 -9.0000
v -11.0000 12.0000 -9.0000
v -11.0000 13.0000 -9.0000
v -12.0000 11.0000 -10.0000
v -11.0000 11.0000 -10.0000
v -11.0000 12.0000 -10.0000
v -11.0000 13.0000 -10.0000
v -12.0000 14.0000 -9.0000
v -11.0000 14.0000 -9.0000
v -11.0000 14.0000 -10.0000
v -12.0000 14.0000 -10.0000
v -11.0000 12.0000 14.0000
v -10.0000 12.0000 14.0000
v -10.0000 12.0000 13.0000
v -11.0000 12.0000 13.0000
v -11.0000 11.0000 14.0000
v -11.0000 11.0000 13.0000
v -10.0000 11.0000 13.0000
v -10.0000 11.0000 14.0000
v -10.0000 12.0000 12.0000
v -11.0000 12.0000 12.0000
v -11.0000 11.0000 12.0000
v -10.0000 11.0000 12.0000
v -11.0000 9.0000 12.0000
v -11.0000 9.0000 11.0000
v -10.0000 9.0000 11.0000
v -10.0000 9.0000 12.0000
v -10.0000 10.0000 12.0000
v -11.0000 10.0000 12.0000
v -10.0000 12.0000 11.0000
v -10.0000 9.0000 10.0000
v -11.0000 13.0000 11.0000
v -10.0000 13.0000 11.0000
v -10.0000 13.0000 10.0000
v -11.0000 13.0000 10.0000
v -11.0000 8.0000 10.0000
v -11.0000 8.0000 9.0000
v -10.0000 8.0000 9.0000
v -10.0000 8.0000 10.0000
v -10.0000 9.0000 9.0000
v -10.0000 10.0000 9.0000
v -10.0000 10.0000 10.0000
v -11.0000 11.0000 9.0000
v -11.0000 12.0000 9.0000
v -10.0000 13.0000 9.0000
v -11.0000 13.0000 9.0000
v -11.0000 15.0000 10.0000
v -10.0000 15.0000 10.0000
v -10.0000 15.0000 9.0000
v -11.0000 15.0000 9.0000
v -11.0000 14.0000 10.0000
v -11.0000 14.0000 9.0000
v -10.0000 14.0000 9.0000
v -10.0000 14.0000 10.0000
v -11.0000 8.0000 8.0000
v -10.0000 8.0000 8.0000
v -10.0000 9.0000 8.0000
v -10.0000 10.0000 8.0000
v -10.0000 13.0000 8.0000
v -11.0000 13.0000 8.0000
v -10.0000 15.0000 8.0000
v -11.0000 15.0000 8.0000
v -11.0000 14.0000 8.0000
v -10.0000 14.0000 8.0000
v -10.0000 8.0000 7.0000
v -11.0000 8.0000 7.0000
v -11.0000 7.0000 8.0000
v -11.0000 7.0000 7.0000
v -10.0000 7.0000 7.0000
v -10.0000 7.0000 8.0000
v -10.0000 10.0000 7.0000
v -10.0000 11.0000 7.0000
v -10.0000 12.0000 8.0000
v -10.0000 12.0000 7.0000
v -10.0000 13.0000 7.0000
v -11.0000 14.0000 7.0000
v -11.0000 15.0000 7.0000
v -10.0000 15.0000 7.0000
v -10.0000 14.0000 7.0000
v -11.0000 16.0000 8.0000
v -10.0000 16.0000 8.0000
v -10.0000 16.0000 7.0000
v -11.0000 16.0000 7.0000
v -10.0000 11.0000 6.0000
v -10.0000 14.0000 6.0000
v -10.0000 10.0000 5.0000
v -10.0000 10.0000 6.0000
v -11.0000 15.0000 6.0000
v -10.0000 15.0000 6.0000
v -10.0000 15.0000 5.0000
v -10.0000 14.0000 5.0000
v -11.0000 9.0000 4.0000
v -10.0000 9.0000 4.0000
v -10.0000 9.0000 5.0000
v -10.0000 10.0000 4.0000
v -10.0000 15.0000 4.0000
v -11.0000 9.0000 3.0000
v -10.0000 9.0000 3.0000
v -10.0000 15.0000 3.0000
v -10.0000 14.0000 3.0000
v -11.0000 8.0000 3.0000
v -11.0000 8.0000 2.0000
v -10.0000 8.0000 2.0000
v -10.0000 8.0000 3.0000
v -11.0000 9.0000 2.0000
v -10.0000 9.0000 2.0000
v -10.0000 10.0000 2.0000
v -10.0000 11.0000 2.0000
v -10.0000 14.0000 2.0000
v -10.0000 11.0000 1.0000
v -11.0000 15.0000 2.0000
v -10.0000 15.0000 2.0000
v -10.0000 15.0000 1.0000
v -11.0000 15.0000 1.0000
v -10.0000 10.0000 -0.0000
v -10.0000 10.0000 1.0000
v -10.0000 11.0000 -0.0000
v -10.0000 15.0000 -0.0000
v -11.0000 15.0000 -0.0000
v -10.0000 -2.0000 -1.0000
v -10.0000 -2.0000 -0.0000
v -10.0000 -1.0000 -0.0000
v -10.0000 -1.0000 -1.0000
v -10.0000 0.0000 -0.0000
v -10.0000 0.0000 -1.0000
v -10.0000 1.0000 -0.0000
v -10.0000 1.0000 -1.0000
v -10.0000 11.0000 -1.0000
v -10.0000 15.0000 -1.0000
v -11.0000 15.0000 -1.0000
v -10.0000 0.0000 -2.0000
v -10.0000 1.0000 -2.0000
v -10.0000 2.0000 -1.0000
v -10.0000 2.0000 -2.0000
v -10.0000 11.0000 -2.0000
v -10.0000 15.0000 -2.0000
v -10.0000 11.0000 -3.0000
v -10.0000 15.0000 -3.0000
v -10.0000 11.0000 -4.0000
v -10.0000 15.0000 -4.0000
v -11.0000 15.0000 -4.0000
v -10.0000 11.0000 -5.0000
v -10.0000 15.0000 -5.0000
v -11.0000 15.0000 -5.0000
v -10.0000 14.0000 -5.0000
v -11.0000 9.0000 -5.0000
v -11.0000 9.0000 -6.0000
v -10.0000 9.0000 -6.0000
v -10.0000 9.0000 -5.0000
v -10.0000 10.0000 -5.0000
v -11.0000 10.0000 -6.0000
v -10.0000 10.0000 -6.0000
v -10.0000 11.0000 -6.0000
v -10.0000 14.0000 -6.0000
v -10.0000 11.0000 -7.0000
v -10.0000 12.0000 -7.0000
v -10.0000 14.0000 -7.0000
v -10.0000 12.0000 -8.0000
v -10.0000 14.0000 -8.0000
v -11.0000 14.0000 -8.0000
v -10.0000 12.0000 -9.0000
v -10.0000 14.0000 -9.0000
v -11.0000 10.0000 -10.0000
v -10.0000 10.0000 -10.0000
v -10.0000 10.0000 -9.0000
v -10.0000 11.0000 -9.0000
v -10.0000 14.0000 -10.0000
v -10.0000 13.0000 -10.0000
v -11.0000 10.0000 -11.0000
v -10.0000 10.0000 -11.0000
v -11.0000 11.0000 -11.0000
v -10.0000 11.0000 -11.0000
v -11.0000 12.0000 -11.0000
v -10.0000 12.0000 -11.0000
v -10.0000 13.0000 -11.0000
v -11.0000 13.0000 -11.0000
v -10.0000 12.0000 15.0000
v -9.0000 12.0000 15.0000
v -9.0000 12.0000 14.0000
v -10.0000 11.0000 15.0000
v -9.0000 11.0000 14.0000
v -9.0000 11.0000 15.0000
v -10.0000 13.0000 13.0000
v -9.0000 13.0000 13.0000
v -9.0000 13.0000 12.0000
v -10.0000 13.0000 12.0000
v -9.0000 12.0000 12.0000
v -9.0000 12.0000 13.0000
v -9.0000 9.0000 11.0000
v -9.0000 9.0000 12.0000
v -9.0000 10.0000 12.0000
v -9.0000 11.0000 12.0000
v -9.0000 13.0000 11.0000
v -9.0000 9.0000 10.0000
v -9.0000 10.0000 10.0000
v -9.0000 10.0000 11.0000
v -9.0000 11.0000 10.0000
v -9.0000 11.0000 11.0000
v -9.0000 13.0000 10.0000
v -9.0000 10.0000 9.0000
v -9.0000 11.0000 9.0000
v -9.0000 14.0000 10.0000
v -9.0000 15.0000 10.0000
v -9.0000 15.0000 9.0000
v -9.0000 14.0000 9.0000
v -9.0000 8.0000 8.0000
v -9.0000 8.0000 9.0000
v -9.0000 9.0000 9.0000
v -9.0000 9.0000 8.0000
v -9.0000 10.0000 8.0000
v -9.0000 13.0000 8.0000
v -9.0000 12.0000 8.0000
v -9.0000 15.0000 8.0000
v -10.0000 5.0000 8.0000
v -10.0000 5.0000 7.0000
v -9.0000 5.0000 7.0000
v -9.0000 5.0000 8.0000
v -9.0000 6.0000 8.0000
v -10.0000 6.0000 8.0000
v -10.0000 6.0000 7.0000
v -9.0000 6.0000 7.0000
v -9.0000 7.0000 8.0000
v -9.0000 7.0000 7.0000
v -9.0000 8.0000 7.0000
v -10.0000 9.0000 7.0000
v -9.0000 9.0000 7.0000
v -9.0000 10.0000 7.0000
v -9.0000 12.0000 7.0000
v -9.0000 13.0000 7.0000
v -9.0000 15.0000 7.0000
v -9.0000 10.0000 6.0000
v -9.0000 11.0000 6.0000
v -9.0000 11.0000 7.0000
v -9.0000 15.0000 6.0000
v -9.0000 14.0000 6.0000
v -9.0000 10.0000 5.0000
v -9.0000 14.0000 5.0000
v -9.0000 10.0000 4.0000
v -9.0000 15.0000 5.0000
v -9.0000 15.0000 4.0000
v -9.0000 9.0000 3.0000
v -9.0000 9.0000 4.0000
v -9.0000 10.0000 3.0000
v -9.0000 11.0000 3.0000
v -9.0000 11.0000 4.0000
v -9.0000 15.0000 3.0000
v -9.0000 9.0000 2.0000
v -9.0000 10.0000 2.0000
v -9.0000 11.0000 2.0000
v -9.0000 15.0000 2.0000
v -9.0000 11.0000 1.0000
v -10.0000 16.0000 2.0000
v -9.0000 16.0000 2.0000
v -9.0000 16.0000 1.0000
v -10.0000 16.0000 1.0000
v -9.0000 15.0000 1.0000
v -9.0000 11.0000 -0.0000
v -9.0000 15.0000 -0.0000
v -9.0000 -1.0000 -1.0000
v -9.0000 -1.0000 -0.0000
v -9.0000 0.0000 -0.0000
v -9.0000 0.0000 -1.0000
v -9.0000 1.0000 -0.0000
v -9.0000 1.0000 -1.0000
v -9.0000 11.0000 -1.0000
v -9.0000 15.0000 -1.0000
v -9.0000 1.0000 -2.0000
v -9.0000 0.0000 -2.0000
v -10.0000 10.0000 -1.0000
v -10.0000 10.0000 -2.0000
v -9.0000 10.0000 -2.0000
v -9.0000 10.0000 -1.0000
v -9.0000 11.0000 -2.0000
v -9.0000 15.0000 -2.0000
v -9.0000 11.0000 -3.0000
v -9.0000 15.0000 -3.0000
v -9.0000 11.0000 -4.0000
v -9.0000 15.0000 -4.0000
v -9.0000 11.0000 -5.0000
v -9.0000 15.0000 -5.0000
v -9.0000 11.0000 -6.0000
v -9.0000 15.0000 -6.0000
v -10.0000 15.0000 -6.0000
v -9.0000 14.0000 -6.0000
v -10.0000 10.0000 -7.0000
v -9.0000 10.0000 -7.0000
v -9.0000 10.0000 -6.0000
v -9.0000 11.0000 -7.0000
v -9.0000 14.0000 -7.0000
v -10.0000 10.0000 -8.0000
v -9.0000 10.0000 -8.0000
v -9.0000 11.0000 -8.0000
v -10.0000 11.0000 -8.0000
v -9.0000 14.0000 -8.0000
v -9.0000 10.0000 -9.0000
v -9.0000 11.0000 -9.0000
v -9.0000 14.0000 -9.0000
v -9.0000 10.0000 -10.0000
v -9.0000 11.0000 -10.0000
v -9.0000 12.0000 -10.0000
v -9.0000 12.0000 -9.0000
v -9.0000 14.0000 -10.0000
v -9.0000 13.0000 -10.0000
v -9.0000 10.0000 -11.0000
v -9.0000 11.0000 -11.0000
v -9.0000 12.0000 -11.0000
v -9.0000 13.0000 -11.0000
v -10.0000 10.0000 -12.0000
v -9.0000 10.0000 -12.0000
v -10.0000 11.0000 -12.0000
v -9.0000 12.0000 -12.0000
v -10.0000 12.0000 -12.0000
v -10.0000 10.0000 -13.0000
v -9.0000 10.0000 -13.0000
v -9.0000 11.0000 -13.0000
v -9.0000 11.0000 -12.0000
v -10.0000 11.0000 -13.0000
v -9.0000 12.0000 -13.0000
v -10.0000 12.0000 -13.0000
v -10.0000 10.0000 -14.0000
v -9.0000 10.0000 -14.0000
v -10.0000 11.0000 -14.0000
v -9.0000 11.0000 -14.0000
v -9.0000 12.0000 -14.0000
v -10.0000 12.0000 -14.0000
v -9.0000 10.0000 13.0000
v -8.0000 10.0000 12.0000
v -8.0000 10.0000 13.0000
v -8.0000 11.0000 13.0000
v -9.0000 11.0000 13.0000
v -8.0000 12.0000 13.0000
v -8.0000 13.0000 13.0000
v -8.0000 13.0000 12.0000
v -8.0000 9.0000 11.0000
v -8.0000 9.0000 12.0000
v -8.0000 10.0000 11.0000
v -8.0000 11.0000 11.0000
v -8.0000 13.0000 11.0000
v -8.0000 11.0000 10.0000
v -9.0000 14.0000 11.0000
v -8.0000 14.0000 11.0000
v -8.0000 14.0000 10.0000
v -8.0000 11.0000 9.0000
v -8.0000 14.0000 9.0000
v -8.0000 10.0000 8.0000
v -8.0000 10.0000 9.0000
v -8.0000 15.0000 9.0000
v -8.0000 15.0000 8.0000
v -8.0000 5.0000 7.0000
v -8.0000 5.0000 8.0000
v -8.0000 6.0000 8.0000
v -8.0000 6.0000 7.0000
v -8.0000 7.0000 8.0000
v -8.0000 7.0000 7.0000
v -8.0000 10.0000 7.0000
v -8.0000 11.0000 7.0000
v -8.0000 13.0000 8.0000
v -8.0000 13.0000 7.0000
v -8.0000 14.0000 7.0000
v -8.0000 14.0000 8.0000
v -8.0000 15.0000 7.0000
v -8.0000 11.0000 6.0000
v -8.0000 15.0000 6.0000
v -8.0000 14.0000 6.0000
v -8.0000 10.0000 5.0000
v -8.0000 10.0000 6.0000
v -8.0000 15.0000 5.0000
v -8.0000 10.0000 4.0000
v -8.0000 11.0000 4.0000
v -8.0000 15.0000 4.0000
v -8.0000 11.0000 3.0000
v -8.0000 15.0000 3.0000
v -8.0000 11.0000 2.0000
v -8.0000 15.0000 2.0000
v -8.0000 11.0000 1.0000
v -8.0000 15.0000 1.0000
v -9.0000 -1.0000 1.0000
v -8.0000 -1.0000 -0.0000
v -8.0000 -1.0000 1.0000
v -8.0000 0.0000 1.0000
v -9.0000 0.0000 1.0000
v -9.0000 1.0000 1.0000
v -8.0000 1.0000 1.0000
v -8.0000 1.0000 -0.0000
v -8.0000 0.0000 -0.0000
v -8.0000 11.0000 -0.0000
v -8.0000 16.0000 1.0000
v -8.0000 16.0000 -0.0000
v -9.0000 16.0000 -0.0000
v -8.0000 15.0000 -0.0000
v -9.0000 -15.0000 -0.0000
v -8.0000 -15.0000 -0.0000
v -8.0000 -15.0000 -1.0000
v -9.0000 -15.0000 -1.0000
v -9.0000 -16.0000 -0.0000
v -9.0000 -16.0000 -1.0000
v -8.0000 -16.0000 -1.0000
v -8.0000 -16.0000 -0.0000
v -9.0000 -2.0000 -0.0000
v -9.0000 -2.0000 -1.0000
v -8.0000 -2.0000 -1.0000
v -8.0000 -2.0000 -0.0000
v -8.0000 -1.0000 -1.0000
v -8.0000 1.0000 -1.0000
v -8.0000 0.0000 -1.0000
v -8.0000 11.0000 -1.0000
v -8.0000 16.0000 -1.0000
v -9.0000 16.0000 -1.0000
v -8.0000 15.0000 -1.0000
v -9.0000 -1.0000 -2.0000
v -8.0000 -1.0000 -2.0000
v -8.0000 0.0000 -2.0000
v -8.0000 1.0000 -2.0000
v -9.0000 8.0000 -1.0000
v -9.0000 8.0000 -2.0000
v -8.0000 8.0000 -2.0000
v -8.0000 8.0000 -1.0000
v -8.0000 9.0000 -1.0000
v -9.0000 9.0000 -1.0000
v -9.0000 9.0000 -2.0000
v -8.0000 10.0000 -1.0000
v -8.0000 10.0000 -2.0000
v -8.0000 9.0000 -2.0000
v -8.0000 11.0000 -2.0000
v -8.0000 16.0000 -2.0000
v -9.0000 16.0000 -2.0000
v -8.0000 15.0000 -2.0000
v -8.0000 9.0000 -3.0000
v -9.0000 9.0000 -3.0000
v -9.0000 8.0000 -3.0000
v -8.0000 8.0000 -3.0000
v -8.0000 11.0000 -3.0000
v -8.0000 16.0000 -3.0000
v -9.0000 16.0000 -3.0000
v -8.0000 15.0000 -3.0000
v -8.0000 11.0000 -4.0000
v -8.0000 15.0000 -4.0000
v -8.0000 11.0000 -5.0000
v -9.0000 16.0000 -4.0000
v -8.0000 16.0000 -4.0000
v -8.0000 16.0000 -5.0000
v -9.0000 16.0000 -5.0000
v -8.0000 15.0000 -5.0000
v -8.0000 11.0000 -6.0000
v -8.0000 15.0000 -6.0000
v -8.0000 11.0000 -7.0000
v -8.0000 15.0000 -7.0000
v -9.0000 15.0000 -7.0000
v -8.0000 11.0000 -8.0000
v -8.0000 15.0000 -8.0000
v -9.0000 15.0000 -8.0000
v -8.0000 11.0000 -9.0000
v -8.0000 12.0000 -9.0000
v -8.0000 15.0000 -9.0000
v -9.0000 15.0000 -9.0000
v -8.0000 14.0000 -9.0000
v -8.0000 12.0000 -10.0000
v -8.0000 14.0000 -10.0000
v -8.0000 12.0000 -11.0000
v -8.0000 14.0000 -11.0000
v -9.0000 14.0000 -11.0000
v -8.0000 13.0000 -11.0000
v -8.0000 10.0000 -12.0000
v -8.0000 10.0000 -11.0000
v -8.0000 11.0000 -11.0000
v -8.0000 11.0000 -12.0000
v -8.0000 12.0000 -12.0000
v -8.0000 13.0000 -12.0000
v -9.0000 13.0000 -12.0000
v -8.0000 11.0000 -13.0000
v -8.0000 13.0000 -13.0000
v -9.0000 13.0000 -13.0000
v -8.0000 12.0000 -13.0000
v -8.0000 10.0000 -14.0000
v -8.0000 10.0000 -13.0000
v -8.0000 11.0000 -14.0000
v -8.0000 12.0000 -14.0000
v -8.0000 11.0000 14.0000
v -7.0000 11.0000 13.0000
v -7.0000 11.0000 14.0000
v -7.0000 12.0000 14.0000
v -8.0000 12.0000 14.0000
v -8.0000 13.0000 14.0000
v -7.0000 13.0000 14.0000
v -7.0000 13.0000 13.0000
v -8.0000 9.0000 13.0000
v -7.0000 9.0000 12.0000
v -7.0000 9.0000 13.0000
v -7.0000 10.0000 13.0000
v -7.0000 10.0000 12.0000
v -7.0000 11.0000 12.0000
v -7.0000 13.0000 12.0000
v -7.0000 9.0000 11.0000
v -7.0000 10.0000 11.0000
v -7.0000 11.0000 11.0000
v -8.0000 14.0000 12.0000
v -7.0000 14.0000 12.0000
v -7.0000 14.0000 11.0000
v -7.0000 11.0000 10.0000
v -7.0000 14.0000 10.0000
v -8.0000 10.0000 10.0000
v -7.0000 10.0000 9.0000
v -7.0000 10.0000 10.0000
v -7.0000 14.0000 9.0000
v -7.0000 13.0000 10.0000
v -7.0000 13.0000 9.0000
v -7.0000 10.0000 8.0000
v -7.0000 14.0000 8.0000
v -7.0000 13.0000 8.0000
v -7.0000 15.0000 9.0000
v -7.0000 15.0000 8.0000
v -7.0000 6.0000 8.0000
v -7.0000 6.0000 7.0000
v -7.0000 5.0000 7.0000
v -7.0000 5.0000 8.0000
v -7.0000 10.0000 7.0000
v -7.0000 11.0000 7.0000
v -7.0000 11.0000 8.0000
v -7.0000 13.0000 7.0000
v -8.0000 4.0000 7.0000
v -8.0000 4.0000 6.0000
v -7.0000 4.0000 6.0000
v -7.0000 4.0000 7.0000
v -8.0000 5.0000 6.0000
v -7.0000 5.0000 6.0000
v -7.0000 6.0000 6.0000
v -8.0000 6.0000 6.0000
v -7.0000 10.0000 6.0000
v -7.0000 14.0000 7.0000
v -7.0000 14.0000 6.0000
v -7.0000 10.0000 5.0000
v -7.0000 11.0000 5.0000
v -7.0000 11.0000 6.0000
v -7.0000 15.0000 6.0000
v -7.0000 15.0000 5.0000
v -8.0000 9.0000 5.0000
v -8.0000 9.0000 4.0000
v -7.0000 9.0000 4.0000
v -7.0000 9.0000 5.0000
v -7.0000 10.0000 4.0000
v -7.0000 11.0000 4.0000
v -7.0000 15.0000 4.0000
v -8.0000 8.0000 4.0000
v -8.0000 8.0000 3.0000
v -7.0000 8.0000 3.0000
v -7.0000 8.0000 4.0000
v -7.0000 9.0000 3.0000
v -8.0000 9.0000 3.0000
v -7.0000 10.0000 3.0000
v -8.0000 10.0000 3.0000
v -7.0000 11.0000 3.0000
v -7.0000 15.0000 3.0000
v -8.0000 7.0000 3.0000
v -8.0000 7.0000 2.0000
v -7.0000 7.0000 2.0000
v -7.0000 7.0000 3.0000
v -8.0000 8.0000 2.0000
v -7.0000 8.0000 2.0000
v -7.0000 9.0000 2.0000
v -8.0000 9.0000 2.0000
v -7.0000 11.0000 2.0000
v -7.0000 15.0000 2.0000
v -7.0000 11.0000 1.0000
v -7.0000 15.0000 1.0000
v -7.0000 0.0000 1.0000
v -7.0000 0.0000 -0.0000
v -7.0000 -1.0000 -0.0000
v -7.0000 -1.0000 1.0000
v -8.0000 5.0000 1.0000
v -8.0000 5.0000 -0.0000
v -7.0000 5.0000 -0.0000
v -7.0000 5.0000 1.0000
v -7.0000 6.0000 1.0000
v -8.0000 6.0000 1.0000
v -8.0000 6.0000 -0.0000
v -7.0000 6.0000 -0.0000
v -8.0000 7.0000 1.0000
v -7.0000 7.0000 1.0000
v -7.0000 7.0000 -0.0000
v -8.0000 7.0000 -0.0000
v -7.0000 11.0000 -0.0000
v -7.0000 15.0000 -0.0000
v -7.0000 -16.0000 -1.0000
v -7.0000 -16.0000 -0.0000
v -7.0000 -15.0000 -0.0000
v -7.0000 -15.0000 -1.0000
v -8.0000 -14.0000 -0.0000
v -7.0000 -14.0000 -0.0000
v -7.0000 -14.0000 -1.0000
v -8.0000 -14.0000 -1.0000
v -7.0000 -2.0000 -1.0000
v -7.0000 -2.0000 -0.0000
v -7.0000 -1.0000 -1.0000
v -7.0000 0.0000 -1.0000
v -8.0000 7.0000 -1.0000
v -7.0000 7.0000 -1.0000
v -7.0000 8.0000 -0.0000
v -8.0000 8.0000 -0.0000
v -7.0000 9.0000 -0.0000
v -8.0000 9.0000 -0.0000
v -7.0000 8.0000 -1.0000
v -7.0000 9.0000 -1.0000
v -7.0000 10.0000 -0.0000
v -8.0000 10.0000 -0.0000
v -7.0000 10.0000 -1.0000
v -7.0000 11.0000 -1.0000
v -7.0000 15.0000 -1.0000
v -7.0000 0.0000 -2.0000
v -7.0000 -1.0000 -2.0000
v -8.0000 7.0000 -2.0000
v -7.0000 7.0000 -2.0000
v -7.0000 9.0000 -2.0000
v -7.0000 10.0000 -2.0000
v -7.0000 11.0000 -2.0000
v -7.0000 15.0000 -2.0000
v -8.0000 7.0000 -3.0000
v -7.0000 7.0000 -3.0000
v -7.0000 8.0000 -3.0000
v -7.0000 8.0000 -2.0000
v -7.0000 9.0000 -3.0000
v -7.0000 10.0000 -3.0000
v -8.0000 10.0000 -3.0000
v -7.0000 11.0000 -3.0000
v -7.0000 15.0000 -3.0000
v -7.0000 11.0000 -4.0000
v -7.0000 16.0000 -3.0000
v -7.0000 16.0000 -4.0000
v -7.0000 15.0000 -4.0000
v -7.0000 11.0000 -5.0000
v -7.0000 15.0000 -5.0000
v -7.0000 14.0000 -4.0000
v -7.0000 14.0000 -5.0000
v -7.0000 11.0000 -6.0000
v -7.0000 15.0000 -6.0000
v -7.0000 14.0000 -6.0000
v -7.0000 11.0000 -7.0000
v -7.0000 15.0000 -7.0000
v -7.0000 11.0000 -8.0000
v -7.0000 15.0000 -8.0000
v -7.0000 11.0000 -9.0000
v -7.0000 15.0000 -9.0000
v -8.0000 11.0000 -10.0000
v -7.0000 11.0000 -10.0000
v -7.0000 12.0000 -10.0000
v -7.0000 15.0000 -10.0000
v -8.0000 15.0000 -10.0000
v -7.0000 14.0000 -10.0000
v -7.0000 12.0000 -11.0000
v -7.0000 14.0000 -11.0000
v -7.0000 13.0000 -11.0000
v -7.0000 13.0000 -12.0000
v -7.0000 12.0000 -12.0000
v -8.0000 8.0000 -12.0000
v -8.0000 8.0000 -13.0000
v -7.0000 8.0000 -13.0000
v -7.0000 8.0000 -12.0000
v -7.0000 9.0000 -12.0000
v -8.0000 9.0000 -12.0000
v -8.0000 9.0000 -13.0000
v -7.0000 9.0000 -13.0000
v -7.0000 10.0000 -12.0000
v -7.0000 10.0000 -13.0000
v -7.0000 11.0000 -12.0000
v -7.0000 11.0000 -13.0000
v -8.0000 14.0000 -12.0000
v -7.0000 14.0000 -12.0000
v -7.0000 14.0000 -13.0000
v -8.0000 14.0000 -13.0000
v -7.0000 13.0000 -13.0000
v -7.0000 11.0000 -14.0000
v -7.0000 12.0000 -14.0000
v -7.0000 13.0000 -14.0000
v -8.0000 13.0000 -14.0000
v -7.0000 10.0000 15.0000
v -7.0000 10.0000 14.0000
v -6.0000 10.0000 14.0000
v -6.0000 10.0000 15.0000
v -6.0000 11.0000 15.0000
v -7.0000 11.0000 15.0000
v -6.0000 11.0000 14.0000
v -6.0000 12.0000 15.0000
v -7.0000 12.0000 15.0000
v -6.0000 12.0000 14.0000
v -7.0000 13.0000 15.0000
v -6.0000 13.0000 15.0000
v -6.0000 13.0000 14.0000
v -6.0000 10.0000 13.0000
v -7.0000 9.0000 14.0000
v -6.0000 9.0000 13.0000
v -6.0000 9.0000 14.0000
v -6.0000 11.0000 13.0000
v -6.0000 13.0000 13.0000
v -6.0000 12.0000 13.0000
v -6.0000 11.0000 12.0000
v -6.0000 13.0000 12.0000
v -6.0000 10.0000 11.0000
v -6.0000 10.0000 12.0000
v -6.0000 11.0000 11.0000
v -6.0000 14.0000 12.0000
v -7.0000 15.0000 12.0000
v -6.0000 15.0000 12.0000
v -6.0000 15.0000 11.0000
v -7.0000 15.0000 11.0000
v -6.0000 10.0000 10.0000
v -6.0000 11.0000 10.0000
v -6.0000 14.0000 10.0000
v -6.0000 13.0000 10.0000
v -6.0000 15.0000 10.0000
v -7.0000 15.0000 10.0000
v -6.0000 10.0000 9.0000
v -6.0000 13.0000 9.0000
v -6.0000 10.0000 8.0000
v -6.0000 11.0000 8.0000
v -6.0000 14.0000 9.0000
v -6.0000 13.0000 8.0000
v -6.0000 14.0000 8.0000
v -6.0000 15.0000 9.0000
v -6.0000 15.0000 8.0000
v -6.0000 11.0000 7.0000
v -7.0000 15.0000 7.0000
v -7.0000 16.0000 8.0000
v -6.0000 16.0000 8.0000
v -6.0000 16.0000 7.0000
v -7.0000 16.0000 7.0000
v -6.0000 15.0000 7.0000
v -6.0000 5.0000 7.0000
v -6.0000 5.0000 6.0000
v -6.0000 4.0000 6.0000
v -6.0000 4.0000 7.0000
v -6.0000 10.0000 6.0000
v -6.0000 10.0000 7.0000
v -6.0000 11.0000 6.0000
v -6.0000 16.0000 6.0000
v -7.0000 16.0000 6.0000
v -6.0000 15.0000 6.0000
v -7.0000 3.0000 6.0000
v -7.0000 3.0000 5.0000
v -6.0000 3.0000 5.0000
v -6.0000 3.0000 6.0000
v -7.0000 4.0000 5.0000
v -6.0000 4.0000 5.0000
v -6.0000 5.0000 5.0000
v -7.0000 5.0000 5.0000
v -6.0000 11.0000 5.0000
v -6.0000 15.0000 5.0000
v -6.0000 10.0000 4.0000
v -6.0000 10.0000 5.0000
v -6.0000 11.0000 4.0000
v -6.0000 15.0000 4.0000
v -6.0000 11.0000 3.0000
v -6.0000 15.0000 3.0000
v -7.0000 -15.0000 3.0000
v -6.0000 -15.0000 3.0000
v -6.0000 -15.0000 2.0000
v -7.0000 -15.0000 2.0000
v -7.0000 -16.0000 3.0000
v -7.0000 -16.0000 2.0000
v -6.0000 -16.0000 2.0000
v -6.0000 -16.0000 3.0000
v -7.0000 6.0000 3.0000
v -7.0000 6.0000 2.0000
v -6.0000 6.0000 2.0000
v -6.0000 6.0000 3.0000
v -6.0000 7.0000 3.0000
v -6.0000 7.0000 2.0000
v -6.0000 8.0000 3.0000
v -6.0000 8.0000 2.0000
v -6.0000 9.0000 3.0000
v -6.0000 9.0000 2.0000
v -6.0000 11.0000 2.0000
v -6.0000 15.0000 2.0000
v -6.0000 7.0000 1.0000
v -6.0000 6.0000 1.0000
v -6.0000 11.0000 1.0000
v -6.0000 15.0000 1.0000
v -7.0000 -2.0000 1.0000
v -6.0000 -2.0000 -0.0000
v -6.0000 -2.0000 1.0000
v -6.0000 -1.0000 1.0000
v -6.0000 0.0000 1.0000
v -6.0000 0.0000 -0.0000
v -6.0000 -1.0000 -0.0000
v -6.0000 5.0000 -0.0000
v -6.0000 5.0000 1.0000
v -6.0000 7.0000 -0.0000
v -6.0000 6.0000 -0.0000
v -6.0000 11.0000 -0.0000
v -7.0000 16.0000 1.0000
v -6.0000 16.0000 1.0000
v -6.0000 16.0000 -0.0000
v -7.0000 16.0000 -0.0000
v -6.0000 -16.0000 -1.0000
v -6.0000 -16.0000 -0.0000
v -6.0000 -15.0000 -0.0000
v -6.0000 -15.0000 -1.0000
v -6.0000 -14.0000 -0.0000
v -6.0000 -14.0000 -1.0000
v -7.0000 -13.0000 -0.0000
v -6.0000 -13.0000 -0.0000
v -6.0000 -13.0000 -1.0000
v -7.0000 -13.0000 -1.0000
v -6.0000 -2.0000 -1.0000
v -6.0000 -1.0000 -1.0000
v -6.0000 0.0000 -1.0000
v -7.0000 4.0000 -0.0000
v -7.0000 4.0000 -1.0000
v -6.0000 4.0000 -1.0000
v -6.0000 4.0000 -0.0000
v -7.0000 5.0000 -1.0000
v -7.0000 6.0000 -1.0000
v -6.0000 8.0000 -0.0000
v -6.0000 8.0000 -1.0000
v -6.0000 11.0000 -1.0000
v -6.0000 16.0000 -1.0000
v -7.0000 16.0000 -1.0000
v -6.0000 0.0000 -2.0000
v -6.0000 -1.0000 -2.0000
v -7.0000 4.0000 -2.0000
v -6.0000 4.0000 -2.0000
v -7.0000 5.0000 -2.0000
v -6.0000 5.0000 -2.0000
v -7.0000 6.0000 -2.0000
v -6.0000 6.0000 -2.0000
v -6.0000 8.0000 -2.0000
v -6.0000 7.0000 -2.0000
v -6.0000 9.0000 -1.0000
v -6.0000 9.0000 -2.0000
v -6.0000 11.0000 -2.0000
v -6.0000 16.0000 -2.0000
v -7.0000 16.0000 -2.0000
v -6.0000 7.0000 -3.0000
v -7.0000 6.0000 -3.0000
v -6.0000 6.0000 -3.0000
v -6.0000 11.0000 -3.0000
v -6.0000 16.0000 -3.0000
v -7.0000 -15.0000 -3.0000
v -6.0000 -15.0000 -3.0000
v -6.0000 -15.0000 -4.0000
v -7.0000 -15.0000 -4.0000
v -7.0000 -16.0000 -3.0000
v -7.0000 -16.0000 -4.0000
v -6.0000 -16.0000 -4.0000
v -6.0000 -16.0000 -3.0000
v -7.0000 6.0000 -4.0000
v -6.0000 6.0000 -4.0000
v -7.0000 7.0000 -4.0000
v -6.0000 7.0000 -4.0000
v -6.0000 8.0000 -3.0000
v -6.0000 8.0000 -4.0000
v -7.0000 8.0000 -4.0000
v -6.0000 11.0000 -4.0000
v -6.0000 15.0000 -4.0000
v -6.0000 14.0000 -4.0000
v -6.0000 16.0000 -4.0000
v -6.0000 11.0000 -5.0000
v -6.0000 14.0000 -5.0000
v -6.0000 11.0000 -6.0000
v -6.0000 14.0000 -6.0000
v -6.0000 11.0000 -7.0000
v -6.0000 15.0000 -6.0000
v -7.0000 16.0000 -6.0000
v -6.0000 16.0000 -6.0000
v -6.0000 16.0000 -7.0000
v -7.0000 16.0000 -7.0000
v -6.0000 15.0000 -7.0000
v -6.0000 11.0000 -8.0000
v -6.0000 15.0000 -8.0000
v -6.0000 11.0000 -9.0000
v -6.0000 15.0000 -9.0000
v -6.0000 11.0000 -10.0000
v -6.0000 15.0000 -10.0000
v -7.0000 11.0000 -11.0000
v -6.0000 11.0000 -11.0000
v -6.0000 12.0000 -11.0000
v -6.0000 15.0000 -11.0000
v -7.0000 15.0000 -11.0000
v -6.0000 12.0000 -12.0000
v -6.0000 15.0000 -12.0000
v -7.0000 15.0000 -12.0000
v -6.0000 14.0000 -12.0000
v -6.0000 11.0000 -13.0000
v -6.0000 11.0000 -12.0000
v -6.0000 14.0000 -13.0000
v -6.0000 13.0000 -13.0000
v -6.0000 11.0000 -14.0000
v -6.0000 12.0000 -14.0000
v -6.0000 13.0000 -14.0000
v -5.0000 12.0000 14.0000
v -5.0000 12.0000 13.0000
v -5.0000 11.0000 13.0000
v -5.0000 11.0000 14.0000
v -5.0000 11.0000 12.0000
v -5.0000 13.0000 13.0000
v -6.0000 14.0000 13.0000
v -5.0000 14.0000 13.0000
v -5.0000 14.0000 12.0000
v -5.0000 13.0000 12.0000
v -5.0000 11.0000 11.0000
v -5.0000 12.0000 12.0000
v -5.0000 12.0000 11.0000
v -5.0000 13.0000 11.0000
v -5.0000 14.0000 11.0000
v -5.0000 15.0000 12.0000
v -5.0000 15.0000 11.0000
v -5.0000 11.0000 10.0000
v -5.0000 12.0000 10.0000
v -5.0000 13.0000 10.0000
v -5.0000 14.0000 10.0000
v -5.0000 15.0000 10.0000
v -6.0000 16.0000 11.0000
v -5.0000 16.0000 11.0000
v -5.0000 16.0000 10.0000
v -6.0000 16.0000 10.0000
v -5.0000 10.0000 9.0000
v -5.0000 10.0000 10.0000
v -5.0000 11.0000 9.0000
v -5.0000 14.0000 9.0000
v -5.0000 13.0000 9.0000
v -5.0000 10.0000 8.0000
v -5.0000 11.0000 8.0000
v -5.0000 13.0000 8.0000
v -6.0000 9.0000 8.0000
v -6.0000 9.0000 7.0000
v -5.0000 9.0000 7.0000
v -5.0000 9.0000 8.0000
v -5.0000 10.0000 7.0000
v -5.0000 11.0000 7.0000
v -5.0000 14.0000 8.0000
v -5.0000 15.0000 8.0000
v -5.0000 15.0000 7.0000
v -5.0000 11.0000 6.0000
v -5.0000 16.0000 7.0000
v -5.0000 16.0000 6.0000
v -5.0000 15.0000 6.0000
v -5.0000 4.0000 6.0000
v -5.0000 4.0000 5.0000
v -5.0000 3.0000 5.0000
v -5.0000 3.0000 6.0000
v -5.0000 11.0000 5.0000
v -5.0000 15.0000 5.0000
v -5.0000 11.0000 4.0000
v -5.0000 15.0000 4.0000
v -5.0000 11.0000 3.0000
v -6.0000 16.0000 4.0000
v -5.0000 16.0000 4.0000
v -5.0000 16.0000 3.0000
v -6.0000 16.0000 3.0000
v -5.0000 15.0000 3.0000
v -5.0000 -16.0000 2.0000
v -5.0000 -16.0000 3.0000
v -5.0000 -15.0000 3.0000
v -5.0000 -15.0000 2.0000
v -6.0000 -14.0000 3.0000
v -5.0000 -14.0000 3.0000
v -5.0000 -14.0000 2.0000
v -6.0000 -14.0000 2.0000
v -5.0000 11.0000 2.0000
v -5.0000 15.0000 2.0000
v -6.0000 5.0000 2.0000
v -5.0000 5.0000 1.0000
v -5.0000 5.0000 2.0000
v -5.0000 6.0000 2.0000
v -5.0000 6.0000 1.0000
v -5.0000 7.0000 2.0000
v -5.0000 7.0000 1.0000
v -5.0000 11.0000 1.0000
v -6.0000 16.0000 2.0000
v -5.0000 16.0000 2.0000
v -5.0000 16.0000 1.0000
v -5.0000 -1.0000 1.0000
v -5.0000 -1.0000 -0.0000
v -5.0000 -2.0000 -0.0000
v -5.0000 -2.0000 1.0000
v -6.0000 3.0000 1.0000
v -6.0000 3.0000 -0.0000
v -5.0000 3.0000 -0.0000
v -5.0000 3.0000 1.0000
v -5.0000 4.0000 1.0000
v -6.0000 4.0000 1.0000
v -5.0000 6.0000 -0.0000
v -5.0000 5.0000 -0.0000
v -5.0000 11.0000 -0.0000
v -5.0000 16.0000 -0.0000
v -5.0000 15.0000 1.0000
v -5.0000 15.0000 -0.0000
v -5.0000 -16.0000 -1.0000
v -5.0000 -16.0000 -0.0000
v -5.0000 -15.0000 -0.0000
v -5.0000 -15.0000 -1.0000
v -5.0000 -14.0000 -0.0000
v -5.0000 -14.0000 -1.0000
v -5.0000 -13.0000 -0.0000
v -5.0000 -13.0000 -1.0000
v -6.0000 -12.0000 -0.0000
v -5.0000 -12.0000 -0.0000
v -5.0000 -12.0000 -1.0000
v -6.0000 -12.0000 -1.0000
v -5.0000 -1.0000 -1.0000
v -5.0000 -2.0000 -1.0000
v -6.0000 2.0000 -0.0000
v -6.0000 2.0000 -1.0000
v -5.0000 2.0000 -1.0000
v -5.0000 2.0000 -0.0000
v -6.0000 3.0000 -1.0000
v -5.0000 3.0000 -1.0000
v -5.0000 4.0000 -0.0000
v -5.0000 4.0000 -1.0000
v -5.0000 5.0000 -1.0000
v -5.0000 6.0000 -1.0000
v -5.0000 7.0000 -0.0000
v -5.0000 7.0000 -1.0000
v -5.0000 8.0000 -0.0000
v -5.0000 8.0000 -1.0000
v -6.0000 10.0000 -0.0000
v -6.0000 10.0000 -1.0000
v -5.0000 10.0000 -1.0000
v -5.0000 10.0000 -0.0000
v -5.0000 11.0000 -1.0000
v -5.0000 16.0000 -1.0000
v -6.0000 3.0000 -2.0000
v -5.0000 3.0000 -2.0000
v -5.0000 4.0000 -2.0000
v -5.0000 5.0000 -2.0000
v -5.0000 6.0000 -2.0000
v -5.0000 7.0000 -2.0000
v -5.0000 8.0000 -2.0000
v -5.0000 11.0000 -2.0000
v -5.0000 16.0000 -2.0000
v -5.0000 11.0000 -3.0000
v -5.0000 16.0000 -3.0000
v -5.0000 -16.0000 -4.0000
v -5.0000 -16.0000 -3.0000
v -5.0000 -15.0000 -3.0000
v -5.0000 -15.0000 -4.0000
v -6.0000 -14.0000 -3.0000
v -5.0000 -14.0000 -3.0000
v -5.0000 -14.0000 -4.0000
v -6.0000 -14.0000 -4.0000
v -5.0000 8.0000 -3.0000
v -5.0000 8.0000 -4.0000
v -5.0000 7.0000 -4.0000
v -5.0000 7.0000 -3.0000
v -5.0000 11.0000 -4.0000
v -5.0000 16.0000 -4.0000
v -5.0000 15.0000 -4.0000
v -5.0000 15.0000 -3.0000
v -5.0000 8.0000 -5.0000
v -6.0000 8.0000 -5.0000
v -6.0000 7.0000 -5.0000
v -5.0000 7.0000 -5.0000
v -5.0000 11.0000 -5.0000
v -5.0000 15.0000 -5.0000
v -6.0000 15.0000 -5.0000
v -6.0000 7.0000 -6.0000
v -5.0000 7.0000 -6.0000
v -6.0000 8.0000 -6.0000
v -5.0000 8.0000 -6.0000
v -6.0000 9.0000 -5.0000
v -5.0000 9.0000 -5.0000
v -5.0000 9.0000 -6.0000
v -6.0000 9.0000 -6.0000
v -6.0000 10.0000 -5.0000
v -6.0000 10.0000 -6.0000
v -5.0000 10.0000 -6.0000
v -5.0000 10.0000 -5.0000
v -5.0000 11.0000 -6.0000
v -6.0000 16.0000 -5.0000
v -5.0000 16.0000 -5.0000
v -5.0000 16.0000 -6.0000
v -6.0000 5.0000 -6.0000
v -6.0000 5.0000 -7.0000
v -5.0000 5.0000 -7.0000
v -5.0000 5.0000 -6.0000
v -5.0000 6.0000 -6.0000
v -6.0000 6.0000 -6.0000
v -6.0000 6.0000 -7.0000
v -5.0000 6.0000 -7.0000
v -5.0000 7.0000 -7.0000
v -6.0000 7.0000 -7.0000
v -6.0000 8.0000 -7.0000
v -5.0000 8.0000 -7.0000
v -6.0000 9.0000 -7.0000
v -5.0000 9.0000 -7.0000
v -5.0000 10.0000 -7.0000
v -6.0000 10.0000 -7.0000
v -5.0000 11.0000 -7.0000
v -5.0000 16.0000 -7.0000
v -5.0000 15.0000 -6.0000
v -5.0000 15.0000 -7.0000
v -5.0000 7.0000 -8.0000
v -6.0000 7.0000 -8.0000
v -6.0000 6.0000 -8.0000
v -5.0000 6.0000 -8.0000
v -5.0000 10.0000 -8.0000
v -6.0000 10.0000 -8.0000
v -6.0000 9.0000 -8.0000
v -5.0000 9.0000 -8.0000
v -5.0000 11.0000 -8.0000
v -5.0000 14.0000 -7.0000
v -5.0000 14.0000 -8.0000
v -5.0000 15.0000 -8.0000
v -5.0000 16.0000 -8.0000
v -6.0000 16.0000 -8.0000
v -6.0000 6.0000 -9.0000
v -5.0000 6.0000 -9.0000
v -6.0000 7.0000 -9.0000
v -5.0000 7.0000 -9.0000
v -6.0000 8.0000 -8.0000
v -5.0000 8.0000 -8.0000
v -5.0000 8.0000 -9.0000
v -6.0000 8.0000 -9.0000
v -6.0000 9.0000 -9.0000
v -5.0000 9.0000 -9.0000
v -6.0000 10.0000 -9.0000
v -5.0000 10.0000 -9.0000
v -5.0000 16.0000 -9.0000
v -6.0000 16.0000 -9.0000
v -5.0000 15.0000 -9.0000
v -6.0000 7.0000 -10.0000
v -5.0000 7.0000 -10.0000
v -6.0000 8.0000 -10.0000
v -5.0000 8.0000 -10.0000
v -5.0000 9.0000 -10.0000
v -6.0000 9.0000 -10.0000
v -6.0000 10.0000 -10.0000
v -5.0000 10.0000 -10.0000
v -5.0000 11.0000 -10.0000
v -5.0000 15.0000 -10.0000
v -5.0000 9.0000 -11.0000
v -6.0000 9.0000 -11.0000
v -6.0000 8.0000 -11.0000
v -5.0000 8.0000 -11.0000
v -5.0000 11.0000 -11.0000
v -5.0000 15.0000 -11.0000
v -6.0000 10.0000 -11.0000
v -6.0000 10.0000 -12.0000
v -5.0000 10.0000 -12.0000
v -5.0000 10.0000 -11.0000
v -5.0000 11.0000 -12.0000
v -5.0000 15.0000 -12.0000
v -5.0000 14.0000 -12.0000
v -5.0000 11.0000 -13.0000
v -5.0000 12.0000 -13.0000
v -5.0000 12.0000 -12.0000
v -5.0000 14.0000 -13.0000
v -5.0000 11.0000 -14.0000
v -5.0000 12.0000 -14.0000
v -5.0000 14.0000 -14.0000
v -6.0000 14.0000 -14.0000
v -5.0000 13.0000 -14.0000
v -5.0000 13.0000 -13.0000
v -5.0000 13.0000 -15.0000
v -6.0000 13.0000 -15.0000
v -6.0000 12.0000 -15.0000
v -5.0000 12.0000 -15.0000
v -4.0000 11.0000 13.0000
v -4.0000 11.0000 14.0000
v -4.0000 12.0000 14.0000
v -4.0000 13.0000 14.0000
v -5.0000 13.0000 14.0000
v -5.0000 14.0000 14.0000
v -4.0000 14.0000 14.0000
v -4.0000 14.0000 13.0000
v -4.0000 13.0000 13.0000
v -5.0000 10.0000 13.0000
v -5.0000 10.0000 12.0000
v -4.0000 10.0000 12.0000
v -4.0000 10.0000 13.0000
v -4.0000 11.0000 12.0000
v -4.0000 13.0000 12.0000
v -4.0000 12.0000 12.0000
v -4.0000 12.0000 13.0000
v -4.0000 12.0000 11.0000
v -4.0000 11.0000 11.0000
v -4.0000 15.0000 12.0000
v -4.0000 15.0000 11.0000
v -4.0000 14.0000 11.0000
v -4.0000 14.0000 12.0000
v -4.0000 12.0000 10.0000
v -4.0000 11.0000 10.0000
v -4.0000 11.0000 9.0000
v -4.0000 13.0000 10.0000
v -4.0000 13.0000 9.0000
v -4.0000 11.0000 8.0000
v -4.0000 14.0000 9.0000
v -5.0000 15.0000 9.0000
v -4.0000 15.0000 9.0000
v -4.0000 15.0000 8.0000
v -4.0000 10.0000 7.0000
v -4.0000 10.0000 8.0000
v -5.0000 16.0000 8.0000
v -4.0000 16.0000 8.0000
v -4.0000 16.0000 7.0000
v -4.0000 15.0000 7.0000
v -5.0000 10.0000 6.0000
v -4.0000 10.0000 6.0000
v -4.0000 11.0000 6.0000
v -4.0000 15.0000 6.0000
v -4.0000 4.0000 6.0000
v -4.0000 4.0000 5.0000
v -4.0000 3.0000 5.0000
v -4.0000 3.0000 6.0000
v -4.0000 11.0000 5.0000
v -4.0000 15.0000 5.0000
v -4.0000 4.0000 4.0000
v -5.0000 4.0000 4.0000
v -5.0000 3.0000 4.0000
v -4.0000 3.0000 4.0000
v -4.0000 11.0000 4.0000
v -4.0000 15.0000 4.0000
v -4.0000 11.0000 3.0000
v -4.0000 16.0000 4.0000
v -4.0000 16.0000 3.0000
v -4.0000 15.0000 3.0000
v -4.0000 -16.0000 2.0000
v -4.0000 -16.0000 3.0000
v -4.0000 -15.0000 3.0000
v -4.0000 -15.0000 2.0000
v -4.0000 -14.0000 3.0000
v -4.0000 -14.0000 2.0000
v -5.0000 -13.0000 3.0000
v -4.0000 -13.0000 3.0000
v -4.0000 -13.0000 2.0000
v -5.0000 -13.0000 2.0000
v -4.0000 11.0000 2.0000
v -4.0000 16.0000 2.0000
v -4.0000 15.0000 2.0000
v -4.0000 11.0000 1.0000
v -4.0000 16.0000 1.0000
v -4.0000 15.0000 1.0000
v -4.0000 -1.0000 1.0000
v -4.0000 -1.0000 -0.0000
v -4.0000 -2.0000 -0.0000
v -4.0000 -2.0000 1.0000
v -5.0000 1.0000 1.0000
v -5.0000 1.0000 -0.0000
v -4.0000 1.0000 -0.0000
v -4.0000 1.0000 1.0000
v -4.0000 2.0000 1.0000
v -5.0000 2.0000 1.0000
v -4.0000 3.0000 1.0000
v -4.0000 4.0000 1.0000
v -4.0000 3.0000 -0.0000
v -4.0000 4.0000 -0.0000
v -4.0000 5.0000 1.0000
v -4.0000 5.0000 -0.0000
v -5.0000 10.0000 1.0000
v -4.0000 10.0000 -0.0000
v -4.0000 10.0000 1.0000
v -4.0000 11.0000 -0.0000
v -4.0000 15.0000 -0.0000
v -4.0000 -16.0000 -1.0000
v -4.0000 -16.0000 -0.0000
v -4.0000 -15.0000 -0.0000
v -4.0000 -15.0000 -1.0000
v -4.0000 -14.0000 -0.0000
v -4.0000 -14.0000 -1.0000
v -4.0000 -13.0000 -0.0000
v -4.0000 -13.0000 -1.0000
v -4.0000 -12.0000 -0.0000
v -4.0000 -12.0000 -1.0000
v -5.0000 -11.0000 -0.0000
v -4.0000 -11.0000 -0.0000
v -4.0000 -11.0000 -1.0000
v -5.0000 -11.0000 -1.0000
v -4.0000 -1.0000 -1.0000
v -4.0000 -2.0000 -1.0000
v -5.0000 1.0000 -1.0000
v -4.0000 1.0000 -1.0000
v -4.0000 3.0000 -1.0000
v -4.0000 2.0000 -1.0000
v -4.0000 4.0000 -1.0000
v -4.0000 11.0000 -1.0000
v -4.0000 16.0000 -0.0000
v -4.0000 16.0000 -1.0000
v -4.0000 15.0000 -1.0000
v -4.0000 2.0000 -2.0000
v -5.0000 2.0000 -2.0000
v -5.0000 1.0000 -2.0000
v -4.0000 1.0000 -2.0000
v -4.0000 3.0000 -2.0000
v -4.0000 4.0000 -2.0000
v -4.0000 5.0000 -1.0000
v -4.0000 5.0000 -2.0000
v -4.0000 11.0000 -2.0000
v -4.0000 16.0000 -2.0000
v -4.0000 15.0000 -2.0000
v -4.0000 11.0000 -3.0000
v -4.0000 16.0000 -3.0000
v -4.0000 15.0000 -3.0000
v -4.0000 -16.0000 -4.0000
v -4.0000 -16.0000 -3.0000
v -4.0000 -15.0000 -3.0000
v -4.0000 -15.0000 -4.0000
v -4.0000 -14.0000 -3.0000
v -4.0000 -14.0000 -4.0000
v -5.0000 -13.0000 -3.0000
v -4.0000 -13.0000 -3.0000
v -4.0000 -13.0000 -4.0000
v -5.0000 -13.0000 -4.0000
v -4.0000 11.0000 -4.0000
v -4.0000 15.0000 -4.0000
v -4.0000 11.0000 -5.0000
v -4.0000 16.0000 -4.0000
v -4.0000 16.0000 -5.0000
v -5.0000 5.0000 -5.0000
v -4.0000 5.0000 -5.0000
v -4.0000 5.0000 -6.0000
v -5.0000 4.0000 -5.0000
v -5.0000 4.0000 -6.0000
v -4.0000 4.0000 -6.0000
v -4.0000 4.0000 -5.0000
v -4.0000 11.0000 -6.0000
v -4.0000 16.0000 -6.0000
v -4.0000 15.0000 -6.0000
v -4.0000 6.0000 -6.0000
v -4.0000 6.0000 -7.0000
v -4.0000 5.0000 -7.0000
v -4.0000 9.0000 -6.0000
v -4.0000 9.0000 -7.0000
v -4.0000 8.0000 -7.0000
v -4.0000 8.0000 -6.0000
v -4.0000 11.0000 -7.0000
v -4.0000 15.0000 -7.0000
v -4.0000 14.0000 -7.0000
v -4.0000 11.0000 -8.0000
v -4.0000 14.0000 -8.0000
v -4.0000 9.0000 -9.0000
v -4.0000 9.0000 -8.0000
v -4.0000 10.0000 -8.0000
v -4.0000 10.0000 -9.0000
v -4.0000 15.0000 -8.0000
v -4.0000 15.0000 -9.0000
v -4.0000 10.0000 -10.0000
v -4.0000 11.0000 -10.0000
v -4.0000 15.0000 -10.0000
v -4.0000 10.0000 -11.0000
v -4.0000 9.0000 -11.0000
v -4.0000 9.0000 -10.0000
v -4.0000 11.0000 -11.0000
v -4.0000 15.0000 -11.0000
v -5.0000 8.0000 -12.0000
v -4.0000 8.0000 -12.0000
v -4.0000 8.0000 -11.0000
v -5.0000 9.0000 -12.0000
v -4.0000 9.0000 -12.0000
v -4.0000 11.0000 -12.0000
v -4.0000 10.0000 -12.0000
v -4.0000 12.0000 -12.0000
v -4.0000 15.0000 -12.0000
v -4.0000 14.0000 -12.0000
v -4.0000 10.0000 -13.0000
v -5.0000 10.0000 -13.0000
v -5.0000 9.0000 -13.0000
v -4.0000 9.0000 -13.0000
v -4.0000 12.0000 -13.0000
v -4.0000 14.0000 -13.0000
v -4.0000 13.0000 -13.0000
v -4.0000 11.0000 -14.0000
v -4.0000 11.0000 -13.0000
v -4.0000 13.0000 -14.0000
v -5.0000 11.0000 -15.0000
v -4.0000 11.0000 -15.0000
v -4.0000 12.0000 -15.0000
v -4.0000 13.0000 -15.0000
v -4.0000 11.0000 15.0000
v -3.0000 11.0000 14.0000
v -3.0000 11.0000 15.0000
v -3.0000 12.0000 15.0000
v -4.0000 12.0000 15.0000
v -4.0000 13.0000 15.0000
v -3.0000 13.0000 15.0000
v -3.0000 13.0000 14.0000
v -3.0000 11.0000 13.0000
v -3.0000 13.0000 13.0000
v -3.0000 12.0000 13.0000
v -3.0000 12.0000 12.0000
v -3.0000 11.0000 12.0000
v -3.0000 14.0000 13.0000
v -3.0000 14.0000 12.0000
v -3.0000 13.0000 12.0000
v -3.0000 12.0000 11.0000
v -3.0000 11.0000 11.0000
v -4.0000 10.0000 11.0000
v -4.0000 10.0000 10.0000
v -3.0000 10.0000 10.0000
v -3.0000 10.0000 11.0000
v -3.0000 12.0000 10.0000
v -4.0000 10.0000 9.0000
v -3.0000 10.0000 9.0000
v -3.0000 11.0000 9.0000
v -3.0000 11.0000 10.0000
v -3.0000 13.0000 10.0000
v -3.0000 13.0000 9.0000
v -3.0000 10.0000 8.0000
v -3.0000 11.0000 8.0000
v -3.0000 14.0000 9.0000
v -3.0000 15.0000 9.0000
v -3.0000 15.0000 8.0000
v -4.0000 8.0000 8.0000
v -4.0000 8.0000 7.0000
v -3.0000 8.0000 7.0000
v -3.0000 8.0000 8.0000
v -3.0000 9.0000 8.0000
v -4.0000 9.0000 8.0000
v -4.0000 9.0000 7.0000
v -3.0000 9.0000 7.0000
v -3.0000 10.0000 7.0000
v -3.0000 11.0000 7.0000
v -3.0000 16.0000 8.0000
v -3.0000 16.0000 7.0000
v -4.0000 9.0000 6.0000
v -3.0000 9.0000 6.0000
v -3.0000 11.0000 6.0000
v -3.0000 10.0000 6.0000
v -3.0000 16.0000 6.0000
v -4.0000 16.0000 6.0000
v -3.0000 10.0000 5.0000
v -4.0000 10.0000 5.0000
v -4.0000 9.0000 5.0000
v -3.0000 9.0000 5.0000
v -3.0000 11.0000 5.0000
v -3.0000 16.0000 5.0000
v -4.0000 16.0000 5.0000
v -4.0000 2.0000 5.0000
v -4.0000 2.0000 4.0000
v -3.0000 2.0000 4.0000
v -3.0000 2.0000 5.0000
v -3.0000 3.0000 5.0000
v -3.0000 3.0000 4.0000
v -3.0000 4.0000 5.0000
v -3.0000 4.0000 4.0000
v -4.0000 10.0000 4.0000
v -3.0000 10.0000 4.0000
v -3.0000 16.0000 4.0000
v -3.0000 15.0000 4.0000
v -3.0000 3.0000 3.0000
v -4.0000 3.0000 3.0000
v -4.0000 2.0000 3.0000
v -3.0000 2.0000 3.0000
v -4.0000 10.0000 3.0000
v -3.0000 10.0000 3.0000
v -3.0000 11.0000 3.0000
v -3.0000 15.0000 3.0000
v -3.0000 -16.0000 2.0000
v -3.0000 -16.0000 3.0000
v -3.0000 -15.0000 3.0000
v -3.0000 -14.0000 3.0000
v -3.0000 -13.0000 3.0000
v -3.0000 -12.0000 3.0000
v -4.0000 -12.0000 3.0000
v -4.0000 -12.0000 2.0000
v -3.0000 -11.0000 3.0000
v -4.0000 -11.0000 3.0000
v -4.0000 -11.0000 2.0000
v -3.0000 -10.0000 3.0000
v -4.0000 -10.0000 3.0000
v -4.0000 -10.0000 2.0000
v -3.0000 -9.0000 3.0000
v -4.0000 -9.0000 3.0000
v -4.0000 -9.0000 2.0000
v -3.0000 -8.0000 3.0000
v -4.0000 -8.0000 3.0000
v -4.0000 -8.0000 2.0000
v -3.0000 -7.0000 3.0000
v -4.0000 -7.0000 3.0000
v -4.0000 -7.0000 2.0000
v -3.0000 -6.0000 3.0000
v -4.0000 -6.0000 3.0000
v -4.0000 -6.0000 2.0000
v -3.0000 -5.0000 3.0000
v -4.0000 -5.0000 3.0000
v -4.0000 -5.0000 2.0000
v -3.0000 -4.0000 3.0000
v -4.0000 -4.0000 3.0000
v -4.0000 -4.0000 2.0000
v -3.0000 -3.0000 3.0000
v -4.0000 -3.0000 3.0000
v -4.0000 -3.0000 2.0000
v -3.0000 -2.0000 3.0000
v -4.0000 -2.0000 3.0000
v -4.0000 -2.0000 2.0000
v -3.0000 -1.0000 3.0000
v -4.0000 -1.0000 3.0000
v -4.0000 -1.0000 2.0000
v -3.0000 0.0000 3.0000
v -4.0000 0.0000 3.0000
v -4.0000 0.0000 2.0000
v -3.0000 1.0000 3.0000
v -4.0000 1.0000 3.0000
v -4.0000 1.0000 2.0000
v -3.0000 2.0000 2.0000
v -4.0000 2.0000 2.0000
v -3.0000 11.0000 2.0000
v -3.0000 15.0000 2.0000
v -3.0000 14.0000 3.0000
v -3.0000 14.0000 2.0000
v -4.0000 -16.0000 1.0000
v -3.0000 -16.0000 1.0000
v -4.0000 -15.0000 1.0000
v -4.0000 -14.0000 1.0000
v -4.0000 -13.0000 1.0000
v -4.0000 -12.0000 1.0000
v -4.0000 -11.0000 1.0000
v -4.0000 -10.0000 1.0000
v -4.0000 -9.0000 1.0000
v -4.0000 -8.0000 1.0000
v -4.0000 -7.0000 1.0000
v -4.0000 -6.0000 1.0000
v -4.0000 -5.0000 1.0000
v -4.0000 -4.0000 1.0000
v -4.0000 -3.0000 1.0000
v -4.0000 0.0000 1.0000
v -3.0000 2.0000 1.0000
v -3.0000 1.0000 2.0000
v -3.0000 1.0000 1.0000
v -4.0000 10.0000 2.0000
v -3.0000 10.0000 2.0000
v -3.0000 10.0000 1.0000
v -4.0000 9.0000 2.0000
v -4.0000 9.0000 1.0000
v -3.0000 9.0000 1.0000
v -3.0000 9.0000 2.0000
v -3.0000 11.0000 1.0000
v -3.0000 16.0000 2.0000
v -3.0000 16.0000 1.0000
v -3.0000 15.0000 1.0000
v -3.0000 -16.0000 -0.0000
v -4.0000 -10.0000 -0.0000
v -4.0000 -9.0000 -0.0000
v -4.0000 -8.0000 -0.0000
v -4.0000 -7.0000 -0.0000
v -4.0000 -6.0000 -0.0000
v -4.0000 -5.0000 -0.0000
v -4.0000 -4.0000 -0.0000
v -4.0000 -3.0000 -0.0000
v -4.0000 0.0000 -0.0000
v -3.0000 0.0000 1.0000
v -3.0000 0.0000 -0.0000
v -3.0000 1.0000 -0.0000
v -3.0000 3.0000 1.0000
v -3.0000 3.0000 -0.0000
v -3.0000 10.0000 -0.0000
v -3.0000 11.0000 -0.0000
v -3.0000 16.0000 -0.0000
v -3.0000 15.0000 -0.0000
v -3.0000 -16.0000 -1.0000
v -4.0000 -10.0000 -1.0000
v -4.0000 -9.0000 -1.0000
v -4.0000 -8.0000 -1.0000
v -4.0000 -7.0000 -1.0000
v -4.0000 -6.0000 -1.0000
v -4.0000 -5.0000 -1.0000
v -4.0000 -4.0000 -1.0000
v -4.0000 -3.0000 -1.0000
v -4.0000 0.0000 -1.0000
v -3.0000 0.0000 -1.0000
v -3.0000 1.0000 -1.0000
v -3.0000 4.0000 -0.0000
v -3.0000 4.0000 -1.0000
v -3.0000 3.0000 -1.0000
v -4.0000 10.0000 -1.0000
v -3.0000 10.0000 -1.0000
v -3.0000 11.0000 -1.0000
v -3.0000 15.0000 -1.0000
v -4.0000 -16.0000 -2.0000
v -3.0000 -16.0000 -2.0000
v -4.0000 -15.0000 -2.0000
v -4.0000 -14.0000 -2.0000
v -4.0000 -13.0000 -2.0000
v -4.0000 -12.0000 -2.0000
v -4.0000 -11.0000 -2.0000
v -4.0000 -10.0000 -2.0000
v -4.0000 -9.0000 -2.0000
v -4.0000 -8.0000 -2.0000
v -4.0000 -7.0000 -2.0000
v -4.0000 -6.0000 -2.0000
v -4.0000 -5.0000 -2.0000
v -4.0000 -4.0000 -2.0000
v -4.0000 -3.0000 -2.0000
v -4.0000 -2.0000 -2.0000
v -4.0000 -1.0000 -2.0000
v -4.0000 0.0000 -2.0000
v -3.0000 3.0000 -2.0000
v -3.0000 2.0000 -2.0000
v -3.0000 4.0000 -2.0000
v -3.0000 11.0000 -2.0000
v -3.0000 15.0000 -2.0000
v -3.0000 -16.0000 -3.0000
v -4.0000 -12.0000 -3.0000
v -4.0000 -11.0000 -3.0000
v -4.0000 -10.0000 -3.0000
v -4.0000 -9.0000 -3.0000
v -4.0000 -8.0000 -3.0000
v -4.0000 -7.0000 -3.0000
v -4.0000 -6.0000 -3.0000
v -4.0000 -5.0000 -3.0000
v -4.0000 -4.0000 -3.0000
v -4.0000 -3.0000 -3.0000
v -4.0000 -2.0000 -3.0000
v -4.0000 -1.0000 -3.0000
v -4.0000 0.0000 -3.0000
v -3.0000 0.0000 -3.0000
v -3.0000 -1.0000 -3.0000
v -4.0000 1.0000 -3.0000
v -3.0000 2.0000 -3.0000
v -4.0000 2.0000 -3.0000
v -3.0000 11.0000 -3.0000
v -3.0000 15.0000 -3.0000
v -3.0000 -16.0000 -4.0000
v -4.0000 -12.0000 -4.0000
v -3.0000 -12.0000 -4.0000
v -3.0000 -13.0000 -4.0000
v -4.0000 -11.0000 -4.0000
v -3.0000 -11.0000 -4.0000
v -4.0000 -10.0000 -4.0000
v -3.0000 -10.0000 -4.0000
v -4.0000 -9.0000 -4.0000
v -3.0000 -9.0000 -4.0000
v -4.0000 -8.0000 -4.0000
v -3.0000 -8.0000 -4.0000
v -4.0000 -7.0000 -4.0000
v -3.0000 -7.0000 -4.0000
v -4.0000 -6.0000 -4.0000
v -3.0000 -6.0000 -4.0000
v -4.0000 -5.0000 -4.0000
v -3.0000 -5.0000 -4.0000
v -4.0000 -4.0000 -4.0000
v -3.0000 -4.0000 -4.0000
v -4.0000 -3.0000 -4.0000
v -3.0000 -3.0000 -4.0000
v -4.0000 -2.0000 -4.0000
v -3.0000 -2.0000 -4.0000
v -3.0000 -1.0000 -4.0000
v -4.0000 -1.0000 -4.0000
v -4.0000 0.0000 -4.0000
v -3.0000 0.0000 -4.0000
v -4.0000 1.0000 -4.0000
v -3.0000 1.0000 -4.0000
v -4.0000 2.0000 -4.0000
v -3.0000 2.0000 -4.0000
v -3.0000 1.0000 -3.0000
v -4.0000 3.0000 -3.0000
v -3.0000 3.0000 -3.0000
v -3.0000 3.0000 -4.0000
v -4.0000 3.0000 -4.0000
v -3.0000 11.0000 -4.0000
v -3.0000 16.0000 -3.0000
v -3.0000 16.0000 -4.0000
v -4.0000 -16.0000 -5.0000
v -3.0000 -16.0000 -5.0000
v -4.0000 -15.0000 -5.0000
v -4.0000 -14.0000 -5.0000
v -3.0000 -13.0000 -5.0000
v -4.0000 -13.0000 -5.0000
v -3.0000 -14.0000 -5.0000
v -4.0000 3.0000 -5.0000
v -3.0000 3.0000 -5.0000
v -3.0000 4.0000 -4.0000
v -4.0000 4.0000 -4.0000
v -3.0000 4.0000 -5.0000
v -4.0000 5.0000 -4.0000
v -3.0000 5.0000 -4.0000
v -3.0000 5.0000 -5.0000
v -3.0000 11.0000 -5.0000
v -3.0000 16.0000 -5.0000
v -4.0000 -16.0000 -6.0000
v -3.0000 -16.0000 -6.0000
v -3.0000 -15.0000 -6.0000
v -3.0000 -15.0000 -5.0000
v -4.0000 -15.0000 -6.0000
v -3.0000 -14.0000 -6.0000
v -4.0000 -14.0000 -6.0000
v -3.0000 5.0000 -6.0000
v -3.0000 4.0000 -6.0000
v -3.0000 11.0000 -6.0000
v -3.0000 16.0000 -6.0000
v -3.0000 15.0000 -6.0000
v -3.0000 -15.0000 -7.0000
v -4.0000 -15.0000 -7.0000
v -4.0000 -16.0000 -7.0000
v -3.0000 -16.0000 -7.0000
v -3.0000 11.0000 -7.0000
v -3.0000 15.0000 -7.0000
v -3.0000 14.0000 -7.0000
v -3.0000 9.0000 -7.0000
v -3.0000 9.0000 -8.0000
v -4.0000 8.0000 -8.0000
v -3.0000 8.0000 -8.0000
v -3.0000 8.0000 -7.0000
v -4.0000 10.0000 -7.0000
v -3.0000 10.0000 -8.0000
v -3.0000 10.0000 -7.0000
v -3.0000 11.0000 -8.0000
v -3.0000 14.0000 -8.0000
v -3.0000 10.0000 -9.0000
v -3.0000 15.0000 -8.0000
v -3.0000 15.0000 -9.0000
v -3.0000 10.0000 -10.0000
v -3.0000 11.0000 -10.0000
v -3.0000 11.0000 -9.0000
v -3.0000 15.0000 -10.0000
v -3.0000 9.0000 -11.0000
v -3.0000 9.0000 -10.0000
v -3.0000 10.0000 -11.0000
v -3.0000 15.0000 -11.0000
v -3.0000 9.0000 -12.0000
v -3.0000 10.0000 -12.0000
v -3.0000 11.0000 -12.0000
v -3.0000 15.0000 -12.0000
v -3.0000 14.0000 -12.0000
v -4.0000 8.0000 -13.0000
v -3.0000 8.0000 -13.0000
v -3.0000 8.0000 -12.0000
v -3.0000 9.0000 -13.0000
v -3.0000 10.0000 -13.0000
v -3.0000 11.0000 -13.0000
v -3.0000 14.0000 -13.0000
v -3.0000 13.0000 -13.0000
v -3.0000 11.0000 -14.0000
v -3.0000 13.0000 -14.0000
v -4.0000 10.0000 -14.0000
v -4.0000 10.0000 -15.0000
v -3.0000 10.0000 -15.0000
v -3.0000 10.0000 -14.0000
v -3.0000 11.0000 -15.0000
v -3.0000 12.0000 -15.0000
v -3.0000 12.0000 -14.0000
v -3.0000 13.0000 -15.0000
v -4.0000 14.0000 -14.0000
v -3.0000 14.0000 -14.0000
v -3.0000 14.0000 -15.0000
v -4.0000 14.0000 -15.0000
v -2.0000 11.0000 14.0000
v -2.0000 11.0000 15.0000
v -2.0000 12.0000 15.0000
v -2.0000 13.0000 15.0000
v -2.0000 13.0000 14.0000
v -2.0000 12.0000 14.0000
v -3.0000 15.0000 15.0000
v -2.0000 15.0000 15.0000
v -2.0000 15.0000 14.0000
v -3.0000 15.0000 14.0000
v -3.0000 14.0000 15.0000
v -3.0000 14.0000 14.0000
v -2.0000 14.0000 14.0000
v -2.0000 14.0000 15.0000
v -3.0000 10.0000 14.0000
v -3.0000 10.0000 13.0000
v -2.0000 10.0000 13.0000
v -2.0000 10.0000 14.0000
v -2.0000 11.0000 13.0000
v -2.0000 12.0000 13.0000
v -2.0000 13.0000 13.0000
v -2.0000 14.0000 13.0000
v -2.0000 15.0000 13.0000
v -3.0000 15.0000 13.0000
v -2.0000 12.0000 12.0000
v -2.0000 13.0000 12.0000
v -2.0000 14.0000 12.0000
v -2.0000 15.0000 12.0000
v -3.0000 15.0000 12.0000
v -2.0000 13.0000 11.0000
v -3.0000 13.0000 11.0000
v -2.0000 12.0000 11.0000
v -2.0000 15.0000 11.0000
v -3.0000 15.0000 11.0000
v -3.0000 14.0000 11.0000
v -2.0000 14.0000 11.0000
v -3.0000 8.0000 11.0000
v -3.0000 8.0000 10.0000
v -2.0000 8.0000 10.0000
v -2.0000 8.0000 11.0000
v -2.0000 9.0000 11.0000
v -3.0000 9.0000 11.0000
v -3.0000 9.0000 10.0000
v -2.0000 9.0000 10.0000
v -2.0000 10.0000 11.0000
v -2.0000 10.0000 10.0000
v -2.0000 11.0000 11.0000
v -2.0000 11.0000 10.0000
v -2.0000 13.0000 10.0000
v -2.0000 11.0000 9.0000
v -3.0000 14.0000 10.0000
v -2.0000 14.0000 10.0000
v -2.0000 14.0000 9.0000
v -2.0000 13.0000 9.0000
v -3.0000 16.0000 10.0000
v -2.0000 16.0000 10.0000
v -2.0000 16.0000 9.0000
v -3.0000 16.0000 9.0000
v -3.0000 15.0000 10.0000
v -2.0000 15.0000 9.0000
v -2.0000 15.0000 10.0000
v -2.0000 11.0000 8.0000
v -2.0000 16.0000 8.0000
v -3.0000 7.0000 8.0000
v -3.0000 7.0000 7.0000
v -2.0000 7.0000 7.0000
v -2.0000 7.0000 8.0000
v -2.0000 8.0000 8.0000
v -2.0000 8.0000 7.0000
v -2.0000 9.0000 8.0000
v -2.0000 9.0000 7.0000
v -2.0000 11.0000 7.0000
v -2.0000 16.0000 7.0000
v -3.0000 -15.0000 7.0000
v -2.0000 -15.0000 7.0000
v -2.0000 -15.0000 6.0000
v -3.0000 -15.0000 6.0000
v -3.0000 -16.0000 7.0000
v -3.0000 -16.0000 6.0000
v -2.0000 -16.0000 6.0000
v -2.0000 -16.0000 7.0000
v -2.0000 10.0000 7.0000
v -2.0000 10.0000 6.0000
v -2.0000 9.0000 6.0000
v -2.0000 11.0000 6.0000
v -2.0000 16.0000 6.0000
v -2.0000 15.0000 7.0000
v -2.0000 15.0000 6.0000
v -3.0000 -16.0000 5.0000
v -2.0000 -16.0000 5.0000
v -2.0000 -15.0000 5.0000
v -3.0000 -15.0000 5.0000
v -3.0000 -14.0000 6.0000
v -2.0000 -14.0000 6.0000
v -2.0000 -14.0000 5.0000
v -3.0000 -14.0000 5.0000
v -3.0000 8.0000 6.0000
v -3.0000 8.0000 5.0000
v -2.0000 8.0000 5.0000
v -2.0000 8.0000 6.0000
v -2.0000 9.0000 5.0000
v -2.0000 10.0000 5.0000
v -2.0000 11.0000 5.0000
v -2.0000 14.0000 6.0000
v -2.0000 14.0000 5.0000
v -2.0000 15.0000 5.0000
v -2.0000 16.0000 5.0000
v -3.0000 -16.0000 4.0000
v -2.0000 -16.0000 4.0000
v -2.0000 -15.0000 4.0000
v -3.0000 -15.0000 4.0000
v -2.0000 -14.0000 4.0000
v -3.0000 -14.0000 4.0000
v -3.0000 -13.0000 5.0000
v -2.0000 -13.0000 5.0000
v -2.0000 -13.0000 4.0000
v -3.0000 -13.0000 4.0000
v -3.0000 9.0000 4.0000
v -2.0000 9.0000 4.0000
v -2.0000 10.0000 4.0000
v -2.0000 16.0000 4.0000
v -2.0000 15.0000 4.0000
v -2.0000 -16.0000 3.0000
v -2.0000 -12.0000 4.0000
v -3.0000 -12.0000 4.0000
v -2.0000 -11.0000 4.0000
v -3.0000 -11.0000 4.0000
v -2.0000 -10.0000 4.0000
v -3.0000 -10.0000 4.0000
v -2.0000 -9.0000 4.0000
v -3.0000 -9.0000 4.0000
v -2.0000 -8.0000 4.0000
v -3.0000 -8.0000 4.0000
v -2.0000 -7.0000 4.0000
v -3.0000 -7.0000 4.0000
v -2.0000 -6.0000 4.0000
v -3.0000 -6.0000 4.0000
v -2.0000 -5.0000 4.0000
v -3.0000 -5.0000 4.0000
v -2.0000 -4.0000 4.0000
v -3.0000 -4.0000 4.0000
v -2.0000 -3.0000 4.0000
v -3.0000 -3.0000 4.0000
v -2.0000 -2.0000 4.0000
v -3.0000 -2.0000 4.0000
v -2.0000 -1.0000 4.0000
v -3.0000 -1.0000 4.0000
v -2.0000 0.0000 4.0000
v -3.0000 0.0000 4.0000
v -2.0000 1.0000 4.0000
v -3.0000 1.0000 4.0000
v -2.0000 2.0000 4.0000
v -2.0000 3.0000 4.0000
v -2.0000 3.0000 3.0000
v -2.0000 2.0000 3.0000
v -2.0000 10.0000 3.0000
v -2.0000 11.0000 3.0000
v -2.0000 11.0000 4.0000
v -2.0000 15.0000 3.0000
v -2.0000 14.0000 3.0000
v -2.0000 -16.0000 2.0000
v -2.0000 2.0000 2.0000
v -2.0000 1.0000 2.0000
v -2.0000 3.0000 2.0000
v -3.0000 3.0000 2.0000
v -2.0000 10.0000 2.0000
v -2.0000 11.0000 2.0000
v -2.0000 14.0000 2.0000
v -2.0000 -16.0000 1.0000
v -2.0000 1.0000 1.0000
v -2.0000 0.0000 1.0000
v -2.0000 11.0000 1.0000
v -2.0000 15.0000 2.0000
v -2.0000 15.0000 1.0000
v -2.0000 -16.0000 -0.0000
v -2.0000 0.0000 -0.0000
v -2.0000 1.0000 -0.0000
v -2.0000 2.0000 1.0000
v -2.0000 3.0000 1.0000
v -2.0000 3.0000 -0.0000
v -2.0000 2.0000 -0.0000
v -2.0000 11.0000 -0.0000
v -2.0000 15.0000 -0.0000
v -2.0000 14.0000 1.0000
v -2.0000 14.0000 -0.0000
v -2.0000 -16.0000 -1.0000
v -2.0000 0.0000 -1.0000
v -2.0000 1.0000 -1.0000
v -2.0000 3.0000 -1.0000
v -2.0000 2.0000 -1.0000
v -2.0000 11.0000 -1.0000
v -2.0000 14.0000 -1.0000
v -2.0000 15.0000 -1.0000
v -2.0000 16.0000 -0.0000
v -2.0000 16.0000 -1.0000
v -3.0000 16.0000 -1.0000
v -2.0000 -16.0000 -2.0000
v -2.0000 3.0000 -2.0000
v -2.0000 2.0000 -2.0000
v -3.0000 10.0000 -2.0000
v -2.0000 10.0000 -2.0000
v -2.0000 10.0000 -1.0000
v -2.0000 11.0000 -2.0000
v -2.0000 13.0000 -1.0000
v -2.0000 13.0000 -2.0000
v -2.0000 14.0000 -2.0000
v -2.0000 15.0000 -2.0000
v -2.0000 16.0000 -2.0000
v -3.0000 16.0000 -2.0000
v -2.0000 -16.0000 -3.0000
v -2.0000 2.0000 -3.0000
v -2.0000 1.0000 -3.0000
v -2.0000 11.0000 -3.0000
v -2.0000 15.0000 -3.0000
v -2.0000 -16.0000 -4.0000
v -2.0000 1.0000 -4.0000
v -2.0000 11.0000 -4.0000
v -2.0000 16.0000 -3.0000
v -2.0000 16.0000 -4.0000
v -2.0000 -16.0000 -5.0000
v -2.0000 -15.0000 -5.0000
v -2.0000 -14.0000 -5.0000
v -2.0000 -13.0000 -5.0000
v -3.0000 -12.0000 -5.0000
v -2.0000 -12.0000 -5.0000
v -3.0000 -11.0000 -5.0000
v -2.0000 -11.0000 -5.0000
v -3.0000 -10.0000 -5.0000
v -2.0000 -10.0000 -5.0000
v -3.0000 -9.0000 -5.0000
v -2.0000 -9.0000 -5.0000
v -3.0000 -8.0000 -5.0000
v -2.0000 -8.0000 -5.0000
v -3.0000 -7.0000 -5.0000
v -2.0000 -7.0000 -5.0000
v -3.0000 -6.0000 -5.0000
v -2.0000 -6.0000 -5.0000
v -3.0000 -5.0000 -5.0000
v -2.0000 -5.0000 -5.0000
v -3.0000 -4.0000 -5.0000
v -2.0000 -4.0000 -5.0000
v -3.0000 -3.0000 -5.0000
v -2.0000 -3.0000 -5.0000
v -3.0000 -2.0000 -5.0000
v -2.0000 -2.0000 -5.0000
v -3.0000 -1.0000 -5.0000
v -2.0000 -1.0000 -5.0000
v -3.0000 0.0000 -5.0000
v -2.0000 0.0000 -5.0000
v -3.0000 1.0000 -5.0000
v -2.0000 1.0000 -5.0000
v -2.0000 2.0000 -4.0000
v -3.0000 2.0000 -5.0000
v -2.0000 2.0000 -5.0000
v -2.0000 3.0000 -4.0000
v -2.0000 3.0000 -5.0000
v -2.0000 4.0000 -4.0000
v -2.0000 4.0000 -5.0000
v -2.0000 11.0000 -5.0000
v -2.0000 16.0000 -5.0000
v -2.0000 11.0000 -6.0000
v -2.0000 16.0000 -6.0000
v -2.0000 11.0000 -7.0000
v -2.0000 16.0000 -7.0000
v -3.0000 16.0000 -7.0000
v -3.0000 7.0000 -7.0000
v -3.0000 7.0000 -8.0000
v -2.0000 7.0000 -8.0000
v -2.0000 7.0000 -7.0000
v -2.0000 8.0000 -7.0000
v -2.0000 8.0000 -8.0000
v -2.0000 9.0000 -7.0000
v -2.0000 9.0000 -8.0000
v -2.0000 11.0000 -8.0000
v -2.0000 16.0000 -8.0000
v -3.0000 16.0000 -8.0000
v -2.0000 15.0000 -8.0000
v -2.0000 10.0000 -9.0000
v -2.0000 10.0000 -8.0000
v -2.0000 11.0000 -9.0000
v -2.0000 15.0000 -9.0000
v -2.0000 11.0000 -10.0000
v -2.0000 15.0000 -10.0000
v -2.0000 10.0000 -11.0000
v -2.0000 10.0000 -10.0000
v -3.0000 16.0000 -10.0000
v -2.0000 16.0000 -10.0000
v -2.0000 16.0000 -11.0000
v -3.0000 16.0000 -11.0000
v -2.0000 15.0000 -11.0000
v -2.0000 10.0000 -12.0000
v -2.0000 11.0000 -12.0000
v -2.0000 11.0000 -11.0000
v -2.0000 15.0000 -12.0000
v -2.0000 14.0000 -12.0000
v -2.0000 16.0000 -12.0000
v -3.0000 16.0000 -12.0000
v -2.0000 10.0000 -13.0000
v -2.0000 11.0000 -13.0000
v -2.0000 12.0000 -13.0000
v -2.0000 12.0000 -12.0000
v -2.0000 14.0000 -13.0000
v -2.0000 13.0000 -13.0000
v -2.0000 13.0000 -12.0000
v -2.0000 11.0000 -14.0000
v -2.0000 12.0000 -14.0000
v -2.0000 13.0000 -14.0000
v -2.0000 12.0000 -15.0000
v -2.0000 13.0000 -15.0000
v -2.0000 14.0000 -14.0000
v -2.0000 14.0000 -15.0000
v -2.0000 12.0000 -16.0000
v -3.0000 12.0000 -16.0000
v -3.0000 11.0000 -16.0000
v -2.0000 11.0000 -16.0000
v -2.0000 11.0000 -15.0000
v -1.0000 12.0000 15.0000
v -1.0000 12.0000 14.0000
v -1.0000 11.0000 14.0000
v -1.0000 11.0000 15.0000
v -1.0000 12.0000 13.0000
v -1.0000 11.0000 13.0000
v -1.0000 15.0000 14.0000
v -1.0000 15.0000 13.0000
v -1.0000 14.0000 13.0000
v -1.0000 14.0000 14.0000
v -1.0000 10.0000 13.0000
v -1.0000 10.0000 12.0000
v -2.0000 10.0000 12.0000
v -2.0000 9.0000 13.0000
v -2.0000 9.0000 12.0000
v -1.0000 9.0000 12.0000
v -1.0000 9.0000 13.0000
v -1.0000 12.0000 12.0000
v -2.0000 11.0000 12.0000
v -1.0000 11.0000 12.0000
v -1.0000 15.0000 12.0000
v -1.0000 14.0000 12.0000
v -1.0000 10.0000 11.0000
v -1.0000 11.0000 11.0000
v -1.0000 13.0000 12.0000
v -1.0000 14.0000 11.0000
v -1.0000 13.0000 11.0000
v -1.0000 15.0000 11.0000
v -1.0000 11.0000 10.0000
v -1.0000 13.0000 10.0000
v -1.0000 14.0000 10.0000
v -2.0000 16.0000 11.0000
v -1.0000 16.0000 11.0000
v -1.0000 16.0000 10.0000
v -1.0000 15.0000 10.0000
v -1.0000 11.0000 9.0000
v -1.0000 13.0000 9.0000
v -1.0000 14.0000 9.0000
v -1.0000 16.0000 9.0000
v -1.0000 11.0000 8.0000
v -1.0000 16.0000 8.0000
v -2.0000 6.0000 8.0000
v -2.0000 6.0000 7.0000
v -1.0000 6.0000 7.0000
v -1.0000 6.0000 8.0000
v -1.0000 7.0000 8.0000
v -1.0000 7.0000 7.0000
v -1.0000 8.0000 8.0000
v -1.0000 8.0000 7.0000
v -2.0000 10.0000 8.0000
v -1.0000 10.0000 7.0000
v -1.0000 10.0000 8.0000
v -1.0000 11.0000 7.0000
v -1.0000 16.0000 7.0000
v -1.0000 15.0000 7.0000
v -1.0000 11.0000 6.0000
v -1.0000 15.0000 6.0000
v -1.0000 14.0000 6.0000
v -1.0000 10.0000 5.0000
v -1.0000 10.0000 6.0000
v -1.0000 11.0000 5.0000
v -1.0000 14.0000 5.0000
v -1.0000 -14.0000 4.0000
v -1.0000 -14.0000 5.0000
v -1.0000 -13.0000 5.0000
v -1.0000 -13.0000 4.0000
v -1.0000 -12.0000 5.0000
v -2.0000 -12.0000 5.0000
v -1.0000 -11.0000 5.0000
v -2.0000 -11.0000 5.0000
v -1.0000 -10.0000 5.0000
v -2.0000 -10.0000 5.0000
v -1.0000 -9.0000 5.0000
v -2.0000 -9.0000 5.0000
v -1.0000 -8.0000 5.0000
v -2.0000 -8.0000 5.0000
v -1.0000 -7.0000 5.0000
v -2.0000 -7.0000 5.0000
v -1.0000 -6.0000 5.0000
v -2.0000 -6.0000 5.0000
v -1.0000 -5.0000 5.0000
v -2.0000 -5.0000 5.0000
v -1.0000 -4.0000 5.0000
v -2.0000 -4.0000 5.0000
v -1.0000 -3.0000 5.0000
v -2.0000 -3.0000 5.0000
v -1.0000 -2.0000 5.0000
v -2.0000 -2.0000 5.0000
v -1.0000 -1.0000 5.0000
v -2.0000 -1.0000 5.0000
v -1.0000 0.0000 5.0000
v -2.0000 0.0000 5.0000
v -1.0000 1.0000 5.0000
v -2.0000 1.0000 5.0000
v -2.0000 2.0000 5.0000
v -1.0000 2.0000 5.0000
v -1.0000 2.0000 4.0000
v -1.0000 10.0000 4.0000
v -1.0000 11.0000 4.0000
v -1.0000 15.0000 5.0000
v -1.0000 15.0000 4.0000
v -1.0000 -16.0000 3.0000
v -1.0000 -16.0000 4.0000
v -1.0000 -15.0000 4.0000
v -1.0000 -15.0000 3.0000
v -1.0000 -14.0000 3.0000
v -1.0000 -13.0000 3.0000
v -1.0000 2.0000 3.0000
v -1.0000 1.0000 4.0000
v -1.0000 1.0000 3.0000
v -1.0000 11.0000 3.0000
v -1.0000 15.0000 3.0000
v -1.0000 -16.0000 2.0000
v -1.0000 -15.0000 2.0000
v -1.0000 -14.0000 2.0000
v -1.0000 -13.0000 2.0000
v -1.0000 2.0000 2.0000
v -1.0000 1.0000 2.0000
v -1.0000 11.0000 2.0000
v -2.0000 16.0000 3.0000
v -1.0000 16.0000 3.0000
v -1.0000 16.0000 2.0000
v -2.0000 16.0000 2.0000
v -1.0000 15.0000 2.0000
v -1.0000 -16.0000 1.0000
v -1.0000 -15.0000 1.0000
v -1.0000 -14.0000 1.0000
v -1.0000 -13.0000 1.0000
v -1.0000 1.0000 1.0000
v -1.0000 11.0000 1.0000
v -1.0000 15.0000 1.0000
v -1.0000 14.0000 1.0000
v -1.0000 -16.0000 -0.0000
v -1.0000 -15.0000 -0.0000
v -1.0000 -14.0000 -0.0000
v -1.0000 -13.0000 -0.0000
v -1.0000 2.0000 1.0000
v -1.0000 2.0000 -0.0000
v -1.0000 1.0000 -0.0000
v -1.0000 11.0000 -0.0000
v -1.0000 14.0000 -0.0000
v -1.0000 -16.0000 -1.0000
v -1.0000 -15.0000 -1.0000
v -1.0000 -14.0000 -1.0000
v -1.0000 -13.0000 -1.0000
v -1.0000 2.0000 -1.0000
v -1.0000 1.0000 -1.0000
v -1.0000 11.0000 -1.0000
v -1.0000 14.0000 -1.0000
v -1.0000 13.0000 -1.0000
v -1.0000 -16.0000 -2.0000
v -1.0000 -15.0000 -2.0000
v -1.0000 -14.0000 -2.0000
v -1.0000 -13.0000 -2.0000
v -1.0000 2.0000 -2.0000
v -1.0000 1.0000 -2.0000
v -1.0000 11.0000 -2.0000
v -1.0000 13.0000 -2.0000
v -1.0000 -16.0000 -3.0000
v -1.0000 -15.0000 -3.0000
v -1.0000 -14.0000 -3.0000
v -1.0000 -13.0000 -3.0000
v -1.0000 0.0000 -2.0000
v -1.0000 0.0000 -3.0000
v -1.0000 1.0000 -3.0000
v -1.0000 2.0000 -3.0000
v -1.0000 3.0000 -2.0000
v -1.0000 3.0000 -3.0000
v -2.0000 3.0000 -3.0000
v -1.0000 11.0000 -3.0000
v -1.0000 14.0000 -2.0000
v -1.0000 15.0000 -2.0000
v -1.0000 15.0000 -3.0000
v -1.0000 -16.0000 -4.0000
v -1.0000 -15.0000 -4.0000
v -1.0000 -14.0000 -4.0000
v -1.0000 -13.0000 -4.0000
v -1.0000 1.0000 -4.0000
v -1.0000 0.0000 -4.0000
v -1.0000 11.0000 -4.0000
v -1.0000 16.0000 -3.0000
v -1.0000 16.0000 -4.0000
v -1.0000 15.0000 -4.0000
v -1.0000 -16.0000 -5.0000
v -1.0000 -15.0000 -5.0000
v -1.0000 -14.0000 -5.0000
v -1.0000 -13.0000 -5.0000
v -1.0000 2.0000 -4.0000
v -1.0000 3.0000 -4.0000
v -1.0000 3.0000 -5.0000
v -1.0000 11.0000 -5.0000
v -1.0000 16.0000 -5.0000
v -1.0000 15.0000 -5.0000
v -2.0000 -16.0000 -6.0000
v -1.0000 -16.0000 -6.0000
v -1.0000 -15.0000 -6.0000
v -2.0000 -15.0000 -6.0000
v -1.0000 -14.0000 -6.0000
v -2.0000 -14.0000 -6.0000
v -2.0000 -13.0000 -6.0000
v -1.0000 -13.0000 -6.0000
v -2.0000 -12.0000 -6.0000
v -1.0000 -12.0000 -6.0000
v -2.0000 -11.0000 -6.0000
v -1.0000 -11.0000 -6.0000
v -2.0000 -10.0000 -6.0000
v -1.0000 -10.0000 -6.0000
v -2.0000 -9.0000 -6.0000
v -1.0000 -9.0000 -6.0000
v -2.0000 -8.0000 -6.0000
v -1.0000 -8.0000 -6.0000
v -2.0000 -7.0000 -6.0000
v -1.0000 -7.0000 -6.0000
v -2.0000 -6.0000 -6.0000
v -1.0000 -6.0000 -6.0000
v -2.0000 -5.0000 -6.0000
v -1.0000 -5.0000 -6.0000
v -2.0000 -4.0000 -6.0000
v -1.0000 -4.0000 -6.0000
v -2.0000 -3.0000 -6.0000
v -1.0000 -3.0000 -6.0000
v -2.0000 -2.0000 -6.0000
v -1.0000 -2.0000 -6.0000
v -2.0000 -1.0000 -6.0000
v -1.0000 -1.0000 -6.0000
v -2.0000 0.0000 -6.0000
v -1.0000 0.0000 -6.0000
v -2.0000 1.0000 -6.0000
v -1.0000 1.0000 -6.0000
v -2.0000 2.0000 -6.0000
v -1.0000 2.0000 -6.0000
v -1.0000 3.0000 -6.0000
v -2.0000 3.0000 -6.0000
v -2.0000 10.0000 -5.0000
v -2.0000 10.0000 -6.0000
v -1.0000 10.0000 -6.0000
v -1.0000 10.0000 -5.0000
v -1.0000 11.0000 -6.0000
v -1.0000 14.0000 -5.0000
v -1.0000 14.0000 -6.0000
v -1.0000 15.0000 -6.0000
v -1.0000 16.0000 -6.0000
v -2.0000 -16.0000 -7.0000
v -1.0000 -16.0000 -7.0000
v -1.0000 -15.0000 -7.0000
v -2.0000 -15.0000 -7.0000
v -1.0000 -14.0000 -7.0000
v -2.0000 -14.0000 -7.0000
v -2.0000 10.0000 -7.0000
v -1.0000 10.0000 -7.0000
v -1.0000 11.0000 -7.0000
v -1.0000 16.0000 -7.0000
v -1.0000 15.0000 -7.0000
v -1.0000 -15.0000 -8.0000
v -2.0000 -15.0000 -8.0000
v -2.0000 -16.0000 -8.0000
v -1.0000 -16.0000 -8.0000
v -2.0000 6.0000 -7.0000
v -2.0000 6.0000 -8.0000
v -1.0000 6.0000 -8.0000
v -1.0000 6.0000 -7.0000
v -1.0000 7.0000 -7.0000
v -1.0000 7.0000 -8.0000
v -1.0000 8.0000 -7.0000
v -1.0000 8.0000 -8.0000
v -1.0000 11.0000 -8.0000
v -1.0000 16.0000 -8.0000
v -1.0000 15.0000 -8.0000
v -1.0000 11.0000 -9.0000
v -1.0000 15.0000 -9.0000
v -1.0000 11.0000 -10.0000
v -1.0000 15.0000 -10.0000
v -1.0000 10.0000 -11.0000
v -1.0000 10.0000 -10.0000
v -1.0000 11.0000 -11.0000
v -1.0000 15.0000 -11.0000
v -1.0000 11.0000 -12.0000
v -1.0000 12.0000 -12.0000
v -1.0000 14.0000 -12.0000
v -1.0000 13.0000 -12.0000
v -1.0000 15.0000 -12.0000
v -1.0000 14.0000 -11.0000
v -1.0000 13.0000 -13.0000
v -1.0000 12.0000 -13.0000
v -1.0000 11.0000 -14.0000
v -1.0000 11.0000 -13.0000
v -1.0000 12.0000 -14.0000
v -1.0000 14.0000 -13.0000
v -1.0000 14.0000 -14.0000
v -1.0000 12.0000 -15.0000
v -1.0000 13.0000 -15.0000
v -1.0000 14.0000 -15.0000
v 0.0000 11.0000 14.0000
v 0.0000 11.0000 15.0000
v 0.0000 12.0000 15.0000
v -1.0000 13.0000 15.0000
v 0.0000 13.0000 15.0000
v 0.0000 13.0000 14.0000
v -1.0000 13.0000 14.0000
v 0.0000 11.0000 13.0000
v -1.0000 13.0000 13.0000
v 0.0000 14.0000 14.0000
v 0.0000 14.0000 13.0000
v 0.0000 11.0000 12.0000
v 0.0000 15.0000 13.0000
v 0.0000 15.0000 12.0000
v 0.0000 14.0000 12.0000
v 0.0000 11.0000 11.0000
v 0.0000 14.0000 11.0000
v 0.0000 11.0000 10.0000
v 0.0000 15.0000 11.0000
v 0.0000 15.0000 10.0000
v 0.0000 11.0000 9.0000
v 0.0000 16.0000 10.0000
v 0.0000 16.0000 9.0000
v 0.0000 15.0000 9.0000
v 0.0000 11.0000 8.0000
v 0.0000 16.0000 8.0000
v -1.0000 5.0000 8.0000
v -1.0000 5.0000 7.0000
v 0.0000 5.0000 7.0000
v 0.0000 5.0000 8.0000
v 0.0000 6.0000 8.0000
v 0.0000 6.0000 7.0000
v 0.0000 7.0000 8.0000
v 0.0000 7.0000 7.0000
v 0.0000 11.0000 7.0000
v 0.0000 16.0000 7.0000
v 0.0000 11.0000 6.0000
v 0.0000 16.0000 6.0000
v -1.0000 16.0000 6.0000
v -1.0000 1.0000 6.0000
v 0.0000 1.0000 5.0000
v 0.0000 1.0000 6.0000
v 0.0000 2.0000 6.0000
v -1.0000 2.0000 6.0000
v 0.0000 2.0000 5.0000
v 0.0000 3.0000 6.0000
v -1.0000 3.0000 6.0000
v -1.0000 3.0000 5.0000
v -1.0000 4.0000 6.0000
v 0.0000 4.0000 6.0000
v 0.0000 4.0000 5.0000
v -1.0000 4.0000 5.0000
v 0.0000 3.0000 5.0000
v 0.0000 11.0000 5.0000
v 0.0000 16.0000 5.0000
v -1.0000 16.0000 5.0000
v 0.0000 15.0000 6.0000
v 0.0000 15.0000 5.0000
v 0.0000 -13.0000 4.0000
v 0.0000 -13.0000 5.0000
v 0.0000 -12.0000 5.0000
v 0.0000 -11.0000 5.0000
v 0.0000 -10.0000 5.0000
v 0.0000 -9.0000 5.0000
v 0.0000 -8.0000 5.0000
v 0.0000 -7.0000 5.0000
v 0.0000 -6.0000 5.0000
v 0.0000 -5.0000 5.0000
v 0.0000 -4.0000 5.0000
v 0.0000 -3.0000 5.0000
v 0.0000 -2.0000 5.0000
v 0.0000 -1.0000 5.0000
v 0.0000 0.0000 5.0000
v 0.0000 2.0000 4.0000
v 0.0000 1.0000 4.0000
v -1.0000 3.0000 4.0000
v 0.0000 3.0000 4.0000
v 0.0000 4.0000 4.0000
v -1.0000 4.0000 4.0000
v 0.0000 10.0000 4.0000
v 0.0000 10.0000 5.0000
v 0.0000 11.0000 4.0000
v 0.0000 16.0000 4.0000
v -1.0000 16.0000 4.0000
v 0.0000 -13.0000 3.0000
v 0.0000 1.0000 3.0000
v 0.0000 10.0000 3.0000
v -1.0000 10.0000 3.0000
v -1.0000 9.0000 4.0000
v -1.0000 9.0000 3.0000
v 0.0000 9.0000 3.0000
v 0.0000 9.0000 4.0000
v 0.0000 11.0000 3.0000
v 0.0000 16.0000 3.0000
v 0.0000 15.0000 3.0000
v 0.0000 15.0000 4.0000
v 0.0000 -13.0000 2.0000
v 0.0000 1.0000 2.0000
v 0.0000 0.0000 3.0000
v 0.0000 0.0000 2.0000
v -1.0000 9.0000 2.0000
v 0.0000 9.0000 2.0000
v -1.0000 10.0000 2.0000
v 0.0000 10.0000 2.0000
v 0.0000 15.0000 2.0000
v 0.0000 -13.0000 1.0000
v 0.0000 2.0000 2.0000
v 0.0000 2.0000 1.0000
v 0.0000 1.0000 1.0000
v -1.0000 10.0000 1.0000
v 0.0000 10.0000 1.0000
v 0.0000 11.0000 1.0000
v 0.0000 15.0000 1.0000
v 0.0000 -13.0000 -0.0000
v 0.0000 1.0000 -0.0000
v 0.0000 0.0000 1.0000
v 0.0000 0.0000 -0.0000
v 0.0000 11.0000 -0.0000
v -1.0000 15.0000 -0.0000
v -1.0000 16.0000 1.0000
v 0.0000 16.0000 1.0000
v 0.0000 16.0000 -0.0000
v -1.0000 16.0000 -0.0000
v 0.0000 15.0000 -0.0000
v 0.0000 -13.0000 -1.0000
v 0.0000 1.0000 -1.0000
v 0.0000 0.0000 -1.0000
v 0.0000 11.0000 -1.0000
v 0.0000 15.0000 -1.0000
v -1.0000 15.0000 -1.0000
v 0.0000 14.0000 -1.0000
v 0.0000 -13.0000 -2.0000
v 0.0000 1.0000 -2.0000
v 0.0000 0.0000 -2.0000
v 0.0000 11.0000 -2.0000
v 0.0000 14.0000 -2.0000
v 0.0000 -13.0000 -3.0000
v 0.0000 -2.0000 -2.0000
v 0.0000 -2.0000 -3.0000
v 0.0000 -1.0000 -3.0000
v 0.0000 -1.0000 -2.0000
v 0.0000 0.0000 -3.0000
v -1.0000 10.0000 -2.0000
v -1.0000 10.0000 -3.0000
v 0.0000 10.0000 -3.0000
v 0.0000 10.0000 -2.0000
v 0.0000 11.0000 -3.0000
v 0.0000 15.0000 -2.0000
v 0.0000 15.0000 -3.0000
v 0.0000 -13.0000 -4.0000
v 0.0000 0.0000 -4.0000
v 0.0000 11.0000 -4.0000
v 0.0000 15.0000 -4.0000
v 0.0000 14.0000 -3.0000
v 0.0000 14.0000 -4.0000
v 0.0000 -13.0000 -5.0000
v 0.0000 -1.0000 -4.0000
v 0.0000 -1.0000 -5.0000
v 0.0000 0.0000 -5.0000
v 0.0000 1.0000 -4.0000
v 0.0000 2.0000 -4.0000
v 0.0000 3.0000 -4.0000
v 0.0000 3.0000 -5.0000
v 0.0000 11.0000 -5.0000
v 0.0000 15.0000 -5.0000
v 0.0000 14.0000 -5.0000
v 0.0000 -13.0000 -6.0000
v 0.0000 -12.0000 -6.0000
v 0.0000 -11.0000 -6.0000
v 0.0000 -10.0000 -6.0000
v 0.0000 -9.0000 -6.0000
v 0.0000 -8.0000 -6.0000
v 0.0000 -7.0000 -6.0000
v 0.0000 -6.0000 -6.0000
v 0.0000 -5.0000 -6.0000
v 0.0000 -4.0000 -6.0000
v 0.0000 -3.0000 -6.0000
v 0.0000 -2.0000 -6.0000
v 0.0000 -1.0000 -6.0000
v 0.0000 0.0000 -6.0000
v 0.0000 1.0000 -6.0000
v 0.0000 3.0000 -6.0000
v 0.0000 2.0000 -6.0000
v -1.0000 4.0000 -5.0000
v 0.0000 4.0000 -5.0000
v 0.0000 4.0000 -6.0000
v -1.0000 4.0000 -6.0000
v 0.0000 11.0000 -6.0000
v 0.0000 14.0000 -6.0000
v 0.0000 2.0000 -7.0000
v -1.0000 2.0000 -7.0000
v -1.0000 1.0000 -7.0000
v 0.0000 1.0000 -7.0000
v -1.0000 6.0000 -6.0000
v 0.0000 6.0000 -6.0000
v 0.0000 6.0000 -7.0000
v -1.0000 5.0000 -6.0000
v -1.0000 5.0000 -7.0000
v 0.0000 5.0000 -7.0000
v 0.0000 5.0000 -6.0000
v 0.0000 11.0000 -7.0000
v 0.0000 15.0000 -6.0000
v 0.0000 15.0000 -7.0000
v 0.0000 7.0000 -7.0000
v 0.0000 7.0000 -8.0000
v 0.0000 6.0000 -8.0000
v 0.0000 11.0000 -8.0000
v 0.0000 15.0000 -8.0000
v 0.0000 11.0000 -9.0000
v 0.0000 15.0000 -9.0000
v 0.0000 11.0000 -10.0000
v -1.0000 16.0000 -9.0000
v 0.0000 16.0000 -9.0000
v 0.0000 16.0000 -10.0000
v -1.0000 16.0000 -10.0000
v 0.0000 11.0000 -11.0000
v 0.0000 15.0000 -11.0000
v 0.0000 14.0000 -11.0000
v 0.0000 16.0000 -11.0000
v -1.0000 16.0000 -11.0000
v 0.0000 15.0000 -10.0000
v 0.0000 11.0000 -12.0000
v 0.0000 14.0000 -12.0000
v 0.0000 13.0000 -12.0000
v 0.0000 11.0000 -13.0000
v 0.0000 13.0000 -13.0000
v -1.0000 9.0000 -13.0000
v -1.0000 9.0000 -14.0000
v 0.0000 9.0000 -14.0000
v 0.0000 9.0000 -13.0000
v 0.0000 10.0000 -13.0000
v -1.0000 10.0000 -13.0000
v -1.0000 10.0000 -14.0000
v 0.0000 10.0000 -14.0000
v 0.0000 11.0000 -14.0000
v 0.0000 12.0000 -14.0000
v 0.0000 14.0000 -13.0000
v 0.0000 14.0000 -14.0000
v 0.0000 12.0000 -15.0000
v 0.0000 13.0000 -15.0000
v 0.0000 13.0000 -14.0000
v 0.0000 14.0000 -15.0000
v 0.0000 15.0000 16.0000
v 1.0000 15.0000 16.0000
v 1.0000 15.0000 15.0000
v 0.0000 15.0000 15.0000
v 0.0000 14.0000 16.0000
v 0.0000 14.0000 15.0000
v 1.0000 14.0000 15.0000
v 1.0000 14.0000 16.0000
v 1.0000 11.0000 14.0000
v 1.0000 11.0000 15.0000
v 1.0000 12.0000 15.0000
v 1.0000 13.0000 15.0000
v 1.0000 15.0000 14.0000
v 0.0000 15.0000 14.0000
v 1.0000 14.0000 14.0000
v 0.0000 10.0000 14.0000
v 0.0000 10.0000 13.0000
v 1.0000 10.0000 13.0000
v 1.0000 10.0000 14.0000
v 1.0000 15.0000 13.0000
v 0.0000 10.0000 12.0000
v 1.0000 10.0000 12.0000
v 1.0000 13.0000 13.0000
v 1.0000 13.0000 12.0000
v 1.0000 14.0000 12.0000
v 1.0000 14.0000 13.0000
v 1.0000 15.0000 12.0000
v 0.0000 9.0000 12.0000
v 0.0000 9.0000 11.0000
v 1.0000 9.0000 11.0000
v 1.0000 9.0000 12.0000
v 0.0000 10.0000 11.0000
v 1.0000 11.0000 11.0000
v 1.0000 10.0000 11.0000
v 1.0000 11.0000 12.0000
v 1.0000 14.0000 11.0000
v 1.0000 13.0000 11.0000
v 0.0000 8.0000 11.0000
v 0.0000 8.0000 10.0000
v 1.0000 8.0000 10.0000
v 1.0000 8.0000 11.0000
v 0.0000 9.0000 10.0000
v 1.0000 10.0000 10.0000
v 0.0000 10.0000 10.0000
v 1.0000 9.0000 10.0000
v 1.0000 11.0000 10.0000
v 1.0000 13.0000 10.0000
v 1.0000 14.0000 10.0000
v 1.0000 15.0000 11.0000
v 1.0000 15.0000 10.0000
v 0.0000 16.0000 11.0000
v 1.0000 16.0000 11.0000
v 1.0000 16.0000 10.0000
v 0.0000 7.0000 10.0000
v 0.0000 7.0000 9.0000
v 1.0000 7.0000 9.0000
v 1.0000 7.0000 10.0000
v 0.0000 8.0000 9.0000
v 1.0000 9.0000 9.0000
v 0.0000 9.0000 9.0000
v 1.0000 8.0000 9.0000
v 1.0000 11.0000 9.0000
v 1.0000 15.0000 9.0000
v 0.0000 5.0000 9.0000
v 1.0000 5.0000 8.0000
v 1.0000 5.0000 9.0000
v 1.0000 6.0000 9.0000
v 0.0000 6.0000 9.0000
v 1.0000 6.0000 8.0000
v 1.0000 8.0000 8.0000
v 0.0000 8.0000 8.0000
v 1.0000 7.0000 8.0000
v 1.0000 11.0000 8.0000
v 1.0000 16.0000 9.0000
v 1.0000 16.0000 8.0000
v 1.0000 15.0000 8.0000
v 0.0000 4.0000 8.0000
v 0.0000 4.0000 7.0000
v 1.0000 4.0000 7.0000
v 1.0000 4.0000 8.0000
v 1.0000 6.0000 7.0000
v 1.0000 5.0000 7.0000
v 1.0000 7.0000 7.0000
v 0.0000 8.0000 7.0000
v 1.0000 8.0000 7.0000
v 0.0000 9.0000 8.0000
v 1.0000 9.0000 8.0000
v 1.0000 9.0000 7.0000
v 0.0000 9.0000 7.0000
v 1.0000 11.0000 7.0000
v 1.0000 16.0000 7.0000
v 0.0000 3.0000 7.0000
v 1.0000 3.0000 6.0000
v 1.0000 3.0000 7.0000
v 1.0000 4.0000 6.0000
v 1.0000 5.0000 6.0000
v 0.0000 5.0000 6.0000
v 0.0000 8.0000 6.0000
v 1.0000 8.0000 6.0000
v 0.0000 9.0000 6.0000
v 1.0000 9.0000 6.0000
v 0.0000 10.0000 7.0000
v 1.0000 10.0000 7.0000
v 1.0000 10.0000 6.0000
v 0.0000 10.0000 6.0000
v 1.0000 11.0000 6.0000
v 1.0000 16.0000 6.0000
v 1.0000 15.0000 6.0000
v 1.0000 3.0000 5.0000
v 1.0000 2.0000 5.0000
v 1.0000 2.0000 6.0000
v 1.0000 11.0000 5.0000
v 1.0000 15.0000 5.0000
v 1.0000 -13.0000 4.0000
v 1.0000 -13.0000 5.0000
v 1.0000 -12.0000 5.0000
v 1.0000 -11.0000 5.0000
v 1.0000 -10.0000 5.0000
v 1.0000 -9.0000 5.0000
v 1.0000 -8.0000 5.0000
v 1.0000 -7.0000 5.0000
v 1.0000 -6.0000 5.0000
v 1.0000 -5.0000 5.0000
v 1.0000 -4.0000 5.0000
v 1.0000 -3.0000 5.0000
v 1.0000 -2.0000 5.0000
v 1.0000 -1.0000 5.0000
v 1.0000 0.0000 5.0000
v 1.0000 1.0000 5.0000
v 1.0000 2.0000 4.0000
v 1.0000 1.0000 4.0000
v 1.0000 11.0000 4.0000
v 1.0000 16.0000 5.0000
v 1.0000 16.0000 4.0000
v 1.0000 15.0000 4.0000
v 1.0000 -13.0000 3.0000
v 1.0000 1.0000 3.0000
v 1.0000 0.0000 3.0000
v 1.0000 0.0000 4.0000
v 1.0000 11.0000 3.0000
v 1.0000 15.0000 3.0000
v 1.0000 -13.0000 2.0000
v 1.0000 0.0000 2.0000
v 1.0000 9.0000 2.0000
v 1.0000 9.0000 3.0000
v 1.0000 10.0000 3.0000
v 1.0000 10.0000 2.0000
v 1.0000 11.0000 2.0000
v 1.0000 16.0000 3.0000
v 1.0000 16.0000 2.0000
v 0.0000 16.0000 2.0000
v 1.0000 15.0000 2.0000
v 1.0000 -13.0000 1.0000
v 1.0000 -1.0000 2.0000
v 1.0000 -1.0000 1.0000
v 1.0000 0.0000 1.0000
v 1.0000 1.0000 2.0000
v 1.0000 1.0000 1.0000
v 0.0000 9.0000 1.0000
v 1.0000 9.0000 1.0000
v 1.0000 10.0000 1.0000
v 1.0000 11.0000 1.0000
v 1.0000 16.0000 1.0000
v 1.0000 15.0000 1.0000
v 1.0000 -13.0000 -0.0000
v 1.0000 0.0000 -0.0000
v 1.0000 -1.0000 -0.0000
v 1.0000 11.0000 -0.0000
v 1.0000 15.0000 -0.0000
v 1.0000 -13.0000 -1.0000
v 1.0000 0.0000 -1.0000
v 1.0000 11.0000 -1.0000
v 1.0000 16.0000 -0.0000
v 1.0000 16.0000 -1.0000
v 0.0000 16.0000 -1.0000
v 1.0000 -13.0000 -2.0000
v 1.0000 -1.0000 -2.0000
v 1.0000 -2.0000 -2.0000
v 1.0000 0.0000 -2.0000
v 1.0000 -1.0000 -1.0000
v 1.0000 11.0000 -2.0000
v 1.0000 16.0000 -2.0000
v 0.0000 16.0000 -2.0000
v 1.0000 15.0000 -1.0000
v 1.0000 15.0000 -2.0000
v 1.0000 -13.0000 -3.0000
v 1.0000 -2.0000 -3.0000
v 1.0000 11.0000 -3.0000
v 1.0000 15.0000 -3.0000
v 1.0000 14.0000 -3.0000
v 1.0000 16.0000 -3.0000
v 0.0000 16.0000 -3.0000
v 1.0000 -13.0000 -4.0000
v 1.0000 -1.0000 -3.0000
v 1.0000 0.0000 -3.0000
v 1.0000 0.0000 -4.0000
v 1.0000 -1.0000 -4.0000
v 0.0000 3.0000 -3.0000
v 1.0000 3.0000 -3.0000
v 1.0000 3.0000 -4.0000
v 0.0000 2.0000 -3.0000
v 1.0000 2.0000 -4.0000
v 1.0000 2.0000 -3.0000
v 1.0000 11.0000 -4.0000
v 1.0000 14.0000 -4.0000
v 1.0000 -13.0000 -5.0000
v 1.0000 -1.0000 -5.0000
v 1.0000 0.0000 -5.0000
v 1.0000 1.0000 -4.0000
v 0.0000 4.0000 -4.0000
v 1.0000 4.0000 -4.0000
v 1.0000 4.0000 -5.0000
v 1.0000 11.0000 -5.0000
v 1.0000 15.0000 -4.0000
v 1.0000 15.0000 -5.0000
v 1.0000 -13.0000 -6.0000
v 1.0000 -12.0000 -6.0000
v 1.0000 -11.0000 -6.0000
v 1.0000 -10.0000 -6.0000
v 1.0000 -9.0000 -6.0000
v 1.0000 -8.0000 -6.0000
v 1.0000 -7.0000 -6.0000
v 1.0000 -6.0000 -6.0000
v 1.0000 -5.0000 -6.0000
v 1.0000 -4.0000 -6.0000
v 1.0000 -3.0000 -6.0000
v 1.0000 -2.0000 -6.0000
v 1.0000 -1.0000 -6.0000
v 1.0000 0.0000 -6.0000
v 1.0000 3.0000 -6.0000
v 1.0000 2.0000 -6.0000
v 1.0000 4.0000 -6.0000
v 0.0000 5.0000 -5.0000
v 1.0000 5.0000 -5.0000
v 1.0000 5.0000 -6.0000
v 1.0000 11.0000 -6.0000
v 0.0000 16.0000 -5.0000
v 1.0000 16.0000 -5.0000
v 1.0000 16.0000 -6.0000
v 0.0000 16.0000 -6.0000
v 0.0000 0.0000 -7.0000
v 1.0000 0.0000 -7.0000
v 1.0000 1.0000 -7.0000
v 1.0000 1.0000 -6.0000
v 1.0000 2.0000 -7.0000
v 0.0000 4.0000 -7.0000
v 1.0000 4.0000 -7.0000
v 1.0000 5.0000 -7.0000
v 1.0000 6.0000 -6.0000
v 1.0000 6.0000 -7.0000
v 1.0000 11.0000 -7.0000
v 1.0000 16.0000 -7.0000
v 0.0000 16.0000 -7.0000
v 0.0000 5.0000 -8.0000
v 1.0000 5.0000 -8.0000
v 1.0000 6.0000 -8.0000
v 1.0000 7.0000 -7.0000
v 1.0000 7.0000 -8.0000
v 1.0000 11.0000 -8.0000
v 1.0000 16.0000 -8.0000
v 0.0000 16.0000 -8.0000
v 0.0000 6.0000 -9.0000
v 1.0000 6.0000 -9.0000
v 0.0000 7.0000 -9.0000
v 1.0000 7.0000 -9.0000
v 0.0000 8.0000 -8.0000
v 1.0000 8.0000 -8.0000
v 1.0000 8.0000 -9.0000
v 0.0000 8.0000 -9.0000
v 1.0000 11.0000 -9.0000
v 1.0000 16.0000 -9.0000
v 0.0000 7.0000 -10.0000
v 1.0000 7.0000 -10.0000
v 0.0000 8.0000 -10.0000
v 1.0000 8.0000 -10.0000
v 1.0000 9.0000 -9.0000
v 0.0000 9.0000 -9.0000
v 0.0000 9.0000 -10.0000
v 1.0000 9.0000 -10.0000
v 1.0000 10.0000 -9.0000
v 0.0000 10.0000 -9.0000
v 1.0000 10.0000 -10.0000
v 0.0000 10.0000 -10.0000
v 1.0000 11.0000 -10.0000
v 1.0000 16.0000 -10.0000
v 1.0000 15.0000 -10.0000
v 0.0000 9.0000 -11.0000
v 1.0000 9.0000 -11.0000
v 0.0000 10.0000 -11.0000
v 1.0000 10.0000 -11.0000
v 1.0000 11.0000 -11.0000
v 1.0000 15.0000 -11.0000
v 1.0000 11.0000 -12.0000
v 1.0000 15.0000 -12.0000
v 0.0000 15.0000 -12.0000
v 1.0000 14.0000 -12.0000
v 1.0000 11.0000 -13.0000
v 1.0000 14.0000 -13.0000
v 1.0000 11.0000 -14.0000
v 1.0000 12.0000 -14.0000
v 1.0000 13.0000 -14.0000
v 1.0000 14.0000 -14.0000
v 1.0000 14.0000 -15.0000
v 1.0000 13.0000 -15.0000
v 2.0000 11.0000 14.0000
v 2.0000 11.0000 15.0000
v 2.0000 12.0000 15.0000
v 2.0000 13.0000 15.0000
v 2.0000 12.0000 14.0000
v 2.0000 13.0000 14.0000
v 2.0000 14.0000 15.0000
v 2.0000 14.0000 14.0000
v 2.0000 10.0000 13.0000
v 2.0000 10.0000 14.0000
v 2.0000 14.0000 13.0000
v 2.0000 13.0000 13.0000
v 2.0000 15.0000 14.0000
v 2.0000 15.0000 13.0000
v 1.0000 9.0000 13.0000
v 2.0000 9.0000 12.0000
v 2.0000 9.0000 13.0000
v 2.0000 10.0000 12.0000
v 2.0000 11.0000 12.0000
v 2.0000 11.0000 13.0000
v 2.0000 13.0000 12.0000
v 2.0000 10.0000 11.0000
v 2.0000 9.0000 11.0000
v 2.0000 11.0000 11.0000
v 2.0000 13.0000 11.0000
v 2.0000 8.0000 10.0000
v 2.0000 8.0000 11.0000
v 2.0000 9.0000 10.0000
v 2.0000 10.0000 10.0000
v 2.0000 11.0000 10.0000
v 2.0000 13.0000 10.0000
v 2.0000 8.0000 9.0000
v 2.0000 7.0000 9.0000
v 2.0000 7.0000 10.0000
v 2.0000 11.0000 9.0000
v 2.0000 14.0000 10.0000
v 2.0000 15.0000 10.0000
v 2.0000 15.0000 9.0000
v 2.0000 7.0000 8.0000
v 2.0000 6.0000 8.0000
v 2.0000 6.0000 9.0000
v 2.0000 11.0000 8.0000
v 2.0000 15.0000 8.0000
v 2.0000 4.0000 7.0000
v 2.0000 4.0000 8.0000
v 2.0000 5.0000 8.0000
v 2.0000 5.0000 7.0000
v 2.0000 6.0000 7.0000
v 2.0000 11.0000 7.0000
v 2.0000 16.0000 8.0000
v 2.0000 16.0000 7.0000
v 2.0000 3.0000 6.0000
v 2.0000 3.0000 7.0000
v 2.0000 4.0000 6.0000
v 2.0000 5.0000 6.0000
v 2.0000 10.0000 7.0000
v 2.0000 10.0000 6.0000
v 2.0000 9.0000 6.0000
v 2.0000 9.0000 7.0000
v 2.0000 11.0000 6.0000
v 2.0000 16.0000 6.0000
v 2.0000 15.0000 6.0000
v 2.0000 2.0000 5.0000
v 2.0000 2.0000 6.0000
v 2.0000 3.0000 5.0000
v 2.0000 4.0000 5.0000
v 1.0000 4.0000 5.0000
v 1.0000 9.0000 5.0000
v 2.0000 9.0000 5.0000
v 1.0000 10.0000 5.0000
v 2.0000 10.0000 5.0000
v 2.0000 11.0000 5.0000
v 2.0000 15.0000 5.0000
v 2.0000 -13.0000 4.0000
v 2.0000 -13.0000 5.0000
v 2.0000 -12.0000 5.0000
v 2.0000 -11.0000 5.0000
v 2.0000 -10.0000 5.0000
v 2.0000 -9.0000 5.0000
v 2.0000 -8.0000 5.0000
v 2.0000 -7.0000 5.0000
v 2.0000 -6.0000 5.0000
v 2.0000 -5.0000 5.0000
v 2.0000 -4.0000 5.0000
v 2.0000 -3.0000 5.0000
v 2.0000 -2.0000 5.0000
v 2.0000 -1.0000 5.0000
v 2.0000 0.0000 5.0000
v 2.0000 1.0000 5.0000
v 2.0000 1.0000 4.0000
v 2.0000 0.0000 4.0000
v 2.0000 2.0000 4.0000
v 2.0000 3.0000 4.0000
v 1.0000 3.0000 4.0000
v 2.0000 11.0000 4.0000
v 2.0000 16.0000 5.0000
v 2.0000 16.0000 4.0000
v 2.0000 -13.0000 3.0000
v 2.0000 0.0000 3.0000
v 2.0000 11.0000 3.0000
v 2.0000 16.0000 3.0000
v 2.0000 15.0000 3.0000
v 2.0000 -13.0000 2.0000
v 2.0000 0.0000 2.0000
v 2.0000 -1.0000 2.0000
v 2.0000 11.0000 2.0000
v 2.0000 15.0000 2.0000
v 2.0000 -13.0000 1.0000
v 2.0000 -1.0000 1.0000
v 2.0000 11.0000 1.0000
v 2.0000 15.0000 1.0000
v 2.0000 -13.0000 -0.0000
v 2.0000 -1.0000 -0.0000
v 2.0000 11.0000 -0.0000
v 2.0000 16.0000 1.0000
v 2.0000 16.0000 -0.0000
v 2.0000 15.0000 -0.0000
v 2.0000 -13.0000 -1.0000
v 2.0000 0.0000 -0.0000
v 2.0000 0.0000 -1.0000
v 2.0000 -1.0000 -1.0000
v 2.0000 11.0000 -1.0000
v 2.0000 16.0000 -1.0000
v 2.0000 15.0000 -1.0000
v 2.0000 -13.0000 -2.0000
v 2.0000 -1.0000 -2.0000
v 2.0000 11.0000 -2.0000
v 2.0000 15.0000 -2.0000
v 2.0000 -13.0000 -3.0000
v 2.0000 -1.0000 -3.0000
v 1.0000 10.0000 -2.0000
v 1.0000 10.0000 -3.0000
v 2.0000 10.0000 -3.0000
v 2.0000 10.0000 -2.0000
v 2.0000 11.0000 -3.0000
v 2.0000 15.0000 -3.0000
v 2.0000 -13.0000 -4.0000
v 2.0000 0.0000 -3.0000
v 2.0000 0.0000 -4.0000
v 2.0000 2.0000 -3.0000
v 2.0000 2.0000 -4.0000
v 1.0000 1.0000 -3.0000
v 2.0000 1.0000 -4.0000
v 2.0000 1.0000 -3.0000
v 2.0000 11.0000 -4.0000
v 2.0000 16.0000 -3.0000
v 2.0000 16.0000 -4.0000
v 1.0000 16.0000 -4.0000
v 2.0000 -13.0000 -5.0000
v 2.0000 3.0000 -4.0000
v 2.0000 4.0000 -4.0000
v 2.0000 4.0000 -5.0000
v 2.0000 3.0000 -5.0000
v 1.0000 10.0000 -4.0000
v 1.0000 10.0000 -5.0000
v 2.0000 10.0000 -5.0000
v 2.0000 10.0000 -4.0000
v 2.0000 11.0000 -5.0000
v 2.0000 16.0000 -5.0000
v 2.0000 -13.0000 -6.0000
v 2.0000 -12.0000 -6.0000
v 2.0000 -11.0000 -6.0000
v 2.0000 -10.0000 -6.0000
v 2.0000 -9.0000 -6.0000
v 2.0000 -8.0000 -6.0000
v 2.0000 -7.0000 -6.0000
v 2.0000 -6.0000 -6.0000
v 2.0000 -5.0000 -6.0000
v 2.0000 -4.0000 -6.0000
v 2.0000 -3.0000 -6.0000
v 2.0000 -2.0000 -6.0000
v 2.0000 -1.0000 -6.0000
v 2.0000 0.0000 -6.0000
v 2.0000 1.0000 -6.0000
v 2.0000 4.0000 -6.0000
v 2.0000 3.0000 -6.0000
v 2.0000 5.0000 -5.0000
v 2.0000 5.0000 -6.0000
v 1.0000 10.0000 -6.0000
v 2.0000 10.0000 -6.0000
v 2.0000 11.0000 -6.0000
v 2.0000 16.0000 -6.0000
v 2.0000 15.0000 -5.0000
v 2.0000 15.0000 -6.0000
v 2.0000 1.0000 -7.0000
v 2.0000 2.0000 -7.0000
v 2.0000 2.0000 -6.0000
v 2.0000 3.0000 -7.0000
v 1.0000 3.0000 -7.0000
v 2.0000 4.0000 -7.0000
v 2.0000 5.0000 -7.0000
v 2.0000 6.0000 -6.0000
v 2.0000 6.0000 -7.0000
v 1.0000 10.0000 -7.0000
v 2.0000 10.0000 -7.0000
v 2.0000 11.0000 -7.0000
v 2.0000 16.0000 -7.0000
v 2.0000 15.0000 -7.0000
v 2.0000 5.0000 -8.0000
v 2.0000 6.0000 -8.0000
v 2.0000 7.0000 -7.0000
v 2.0000 7.0000 -8.0000
v 2.0000 11.0000 -8.0000
v 2.0000 14.0000 -7.0000
v 2.0000 14.0000 -8.0000
v 2.0000 15.0000 -8.0000
v 2.0000 16.0000 -8.0000
v 2.0000 7.0000 -9.0000
v 2.0000 6.0000 -9.0000
v 2.0000 11.0000 -9.0000
v 2.0000 16.0000 -9.0000
v 2.0000 15.0000 -9.0000
v 2.0000 7.0000 -10.0000
v 2.0000 8.0000 -9.0000
v 2.0000 8.0000 -10.0000
v 2.0000 9.0000 -9.0000
v 2.0000 9.0000 -10.0000
v 2.0000 11.0000 -10.0000
v 2.0000 16.0000 -10.0000
v 2.0000 15.0000 -10.0000
v 2.0000 9.0000 -11.0000
v 2.0000 10.0000 -10.0000
v 2.0000 10.0000 -11.0000
v 2.0000 11.0000 -11.0000
v 2.0000 15.0000 -11.0000
v 1.0000 10.0000 -12.0000
v 2.0000 10.0000 -12.0000
v 2.0000 11.0000 -12.0000
v 2.0000 15.0000 -12.0000
v 2.0000 14.0000 -12.0000
v 1.0000 9.0000 -12.0000
v 1.0000 9.0000 -13.0000
v 2.0000 9.0000 -13.0000
v 2.0000 9.0000 -12.0000
v 1.0000 10.0000 -13.0000
v 2.0000 10.0000 -13.0000
v 2.0000 11.0000 -13.0000
v 2.0000 14.0000 -13.0000
v 2.0000 11.0000 -14.0000
v 2.0000 12.0000 -14.0000
v 2.0000 12.0000 -13.0000
v 2.0000 14.0000 -14.0000
v 2.0000 13.0000 -14.0000
v 1.0000 11.0000 -15.0000
v 2.0000 11.0000 -15.0000
v 2.0000 12.0000 -15.0000
v 1.0000 12.0000 -15.0000
v 2.0000 13.0000 -15.0000
v 2.0000 12.0000 -16.0000
v 1.0000 12.0000 -16.0000
v 1.0000 11.0000 -16.0000
v 2.0000 11.0000 -16.0000
v 2.0000 10.0000 16.0000
v 3.0000 10.0000 16.0000
v 3.0000 10.0000 15.0000
v 2.0000 10.0000 15.0000
v 2.0000 9.0000 16.0000
v 2.0000 9.0000 15.0000
v 3.0000 9.0000 15.0000
v 3.0000 9.0000 16.0000
v 2.0000 12.0000 16.0000
v 3.0000 12.0000 16.0000
v 3.0000 12.0000 15.0000
v 2.0000 11.0000 16.0000
v 3.0000 11.0000 15.0000
v 3.0000 11.0000 16.0000
v 2.0000 9.0000 14.0000
v 3.0000 9.0000 14.0000
v 3.0000 10.0000 14.0000
v 3.0000 11.0000 14.0000
v 3.0000 12.0000 14.0000
v 3.0000 10.0000 13.0000
v 3.0000 11.0000 13.0000
v 3.0000 13.0000 14.0000
v 3.0000 13.0000 13.0000
v 3.0000 11.0000 12.0000
v 3.0000 12.0000 13.0000
v 3.0000 12.0000 12.0000
v 3.0000 13.0000 12.0000
v 3.0000 14.0000 13.0000
v 3.0000 14.0000 12.0000
v 2.0000 14.0000 12.0000
v 3.0000 11.0000 11.0000
v 3.0000 12.0000 11.0000
v 3.0000 13.0000 11.0000
v 3.0000 14.0000 11.0000
v 2.0000 14.0000 11.0000
v 2.0000 15.0000 12.0000
v 3.0000 15.0000 12.0000
v 3.0000 15.0000 11.0000
v 2.0000 15.0000 11.0000
v 3.0000 10.0000 10.0000
v 3.0000 10.0000 11.0000
v 3.0000 11.0000 10.0000
v 3.0000 15.0000 10.0000
v 3.0000 14.0000 10.0000
v 3.0000 11.0000 9.0000
v 3.0000 14.0000 9.0000
v 3.0000 15.0000 9.0000
v 2.0000 16.0000 10.0000
v 3.0000 16.0000 10.0000
v 3.0000 16.0000 9.0000
v 2.0000 16.0000 9.0000
v 2.0000 10.0000 9.0000
v 2.0000 10.0000 8.0000
v 3.0000 10.0000 8.0000
v 3.0000 10.0000 9.0000
v 3.0000 11.0000 8.0000
v 3.0000 16.0000 8.0000
v 3.0000 6.0000 8.0000
v 3.0000 6.0000 7.0000
v 3.0000 5.0000 7.0000
v 3.0000 5.0000 8.0000
v 3.0000 10.0000 7.0000
v 3.0000 11.0000 7.0000
v 3.0000 16.0000 7.0000
v 3.0000 11.0000 6.0000
v 3.0000 16.0000 6.0000
v 3.0000 11.0000 5.0000
v 3.0000 16.0000 5.0000
v 2.0000 -14.0000 5.0000
v 2.0000 -14.0000 4.0000
v 3.0000 -14.0000 4.0000
v 3.0000 -14.0000 5.0000
v 3.0000 -13.0000 5.0000
v 3.0000 -12.0000 5.0000
v 3.0000 -13.0000 4.0000
v 3.0000 -12.0000 4.0000
v 3.0000 -11.0000 5.0000
v 3.0000 -11.0000 4.0000
v 3.0000 -10.0000 5.0000
v 3.0000 -10.0000 4.0000
v 3.0000 -9.0000 5.0000
v 3.0000 -9.0000 4.0000
v 3.0000 -8.0000 5.0000
v 3.0000 -8.0000 4.0000
v 3.0000 -7.0000 5.0000
v 3.0000 -7.0000 4.0000
v 3.0000 -6.0000 5.0000
v 3.0000 -6.0000 4.0000
v 3.0000 -5.0000 5.0000
v 3.0000 -5.0000 4.0000
v 3.0000 -4.0000 5.0000
v 3.0000 -4.0000 4.0000
v 3.0000 -3.0000 5.0000
v 3.0000 -3.0000 4.0000
v 3.0000 -2.0000 5.0000
v 3.0000 -2.0000 4.0000
v 3.0000 -1.0000 5.0000
v 3.0000 -1.0000 4.0000
v 3.0000 0.0000 5.0000
v 3.0000 0.0000 4.0000
v 3.0000 1.0000 5.0000
v 3.0000 1.0000 4.0000
v 3.0000 2.0000 5.0000
v 3.0000 2.0000 4.0000
v 3.0000 11.0000 4.0000
v 3.0000 16.0000 4.0000
v 2.0000 -16.0000 4.0000
v 2.0000 -16.0000 3.0000
v 3.0000 -16.0000 3.0000
v 3.0000 -16.0000 4.0000
v 3.0000 -15.0000 4.0000
v 2.0000 -15.0000 4.0000
v 2.0000 -15.0000 3.0000
v 2.0000 -14.0000 3.0000
v 3.0000 1.0000 3.0000
v 2.0000 1.0000 3.0000
v 3.0000 0.0000 3.0000
v 3.0000 11.0000 3.0000
v 3.0000 16.0000 3.0000
v 3.0000 15.0000 3.0000
v 3.0000 15.0000 4.0000
v 2.0000 -16.0000 2.0000
v 3.0000 -16.0000 2.0000
v 2.0000 -15.0000 2.0000
v 2.0000 -14.0000 2.0000
v 3.0000 0.0000 2.0000
v 3.0000 11.0000 2.0000
v 3.0000 15.0000 2.0000
v 3.0000 14.0000 3.0000
v 3.0000 14.0000 2.0000
v 2.0000 -16.0000 1.0000
v 3.0000 -16.0000 1.0000
v 2.0000 -15.0000 1.0000
v 2.0000 -14.0000 1.0000
v 3.0000 0.0000 1.0000
v 2.0000 0.0000 1.0000
v 3.0000 11.0000 1.0000
v 3.0000 15.0000 1.0000
v 3.0000 14.0000 1.0000
v 2.0000 -16.0000 -0.0000
v 3.0000 -16.0000 -0.0000
v 2.0000 -15.0000 -0.0000
v 2.0000 -14.0000 -0.0000
v 3.0000 0.0000 -0.0000
v 3.0000 11.0000 -0.0000
v 3.0000 15.0000 -0.0000
v 2.0000 -16.0000 -1.0000
v 3.0000 -16.0000 -1.0000
v 2.0000 -15.0000 -1.0000
v 2.0000 -14.0000 -1.0000
v 3.0000 0.0000 -1.0000
v 3.0000 -1.0000 -1.0000
v 3.0000 11.0000 -1.0000
v 3.0000 15.0000 -1.0000
v 2.0000 -16.0000 -2.0000
v 3.0000 -16.0000 -2.0000
v 2.0000 -15.0000 -2.0000
v 2.0000 -14.0000 -2.0000
v 3.0000 -1.0000 -2.0000
v 3.0000 11.0000 -2.0000
v 3.0000 16.0000 -1.0000
v 3.0000 16.0000 -2.0000
v 2.0000 16.0000 -2.0000
v 2.0000 -16.0000 -3.0000
v 3.0000 -16.0000 -3.0000
v 2.0000 -15.0000 -3.0000
v 2.0000 -14.0000 -3.0000
v 2.0000 0.0000 -2.0000
v 3.0000 0.0000 -2.0000
v 3.0000 0.0000 -3.0000
v 3.0000 11.0000 -3.0000
v 3.0000 16.0000 -3.0000
v 2.0000 -16.0000 -4.0000
v 3.0000 -16.0000 -4.0000
v 2.0000 -15.0000 -4.0000
v 2.0000 -14.0000 -4.0000
v 3.0000 1.0000 -3.0000
v 3.0000 2.0000 -3.0000
v 2.0000 3.0000 -3.0000
v 3.0000 3.0000 -3.0000
v 3.0000 3.0000 -4.0000
v 3.0000 10.0000 -4.0000
v 3.0000 10.0000 -3.0000
v 3.0000 11.0000 -4.0000
v 3.0000 16.0000 -4.0000
v 2.0000 -16.0000 -5.0000
v 3.0000 -16.0000 -5.0000
v 2.0000 -15.0000 -5.0000
v 2.0000 -14.0000 -5.0000
v 3.0000 3.0000 -5.0000
v 3.0000 11.0000 -5.0000
v 3.0000 16.0000 -5.0000
v 3.0000 15.0000 -5.0000
v 2.0000 -16.0000 -6.0000
v 3.0000 -16.0000 -6.0000
v 3.0000 -15.0000 -6.0000
v 3.0000 -15.0000 -5.0000
v 2.0000 -15.0000 -6.0000
v 3.0000 -14.0000 -6.0000
v 3.0000 -14.0000 -5.0000
v 2.0000 -14.0000 -6.0000
v 3.0000 -13.0000 -6.0000
v 3.0000 -13.0000 -5.0000
v 3.0000 -12.0000 -6.0000
v 3.0000 -12.0000 -5.0000
v 3.0000 -11.0000 -6.0000
v 3.0000 -11.0000 -5.0000
v 3.0000 -10.0000 -6.0000
v 3.0000 -10.0000 -5.0000
v 3.0000 -9.0000 -6.0000
v 3.0000 -9.0000 -5.0000
v 3.0000 -8.0000 -6.0000
v 3.0000 -8.0000 -5.0000
v 3.0000 -7.0000 -6.0000
v 3.0000 -7.0000 -5.0000
v 3.0000 -6.0000 -6.0000
v 3.0000 -6.0000 -5.0000
v 3.0000 -5.0000 -6.0000
v 3.0000 -5.0000 -5.0000
v 3.0000 -4.0000 -6.0000
v 3.0000 -4.0000 -5.0000
v 3.0000 -3.0000 -6.0000
v 3.0000 -3.0000 -5.0000
v 3.0000 -2.0000 -6.0000
v 3.0000 -2.0000 -5.0000
v 3.0000 -1.0000 -6.0000
v 3.0000 -1.0000 -5.0000
v 3.0000 0.0000 -6.0000
v 3.0000 0.0000 -5.0000
v 3.0000 1.0000 -6.0000
v 3.0000 1.0000 -5.0000
v 3.0000 2.0000 -6.0000
v 3.0000 2.0000 -5.0000
v 3.0000 3.0000 -6.0000
v 3.0000 11.0000 -6.0000
v 3.0000 15.0000 -6.0000
v 2.0000 -16.0000 -7.0000
v 3.0000 -16.0000 -7.0000
v 3.0000 -15.0000 -7.0000
v 2.0000 -15.0000 -7.0000
v 3.0000 -14.0000 -7.0000
v 2.0000 -14.0000 -7.0000
v 3.0000 3.0000 -7.0000
v 3.0000 2.0000 -7.0000
v 2.0000 9.0000 -6.0000
v 2.0000 9.0000 -7.0000
v 3.0000 9.0000 -7.0000
v 3.0000 9.0000 -6.0000
v 3.0000 10.0000 -6.0000
v 3.0000 10.0000 -7.0000
v 3.0000 15.0000 -7.0000
v 3.0000 14.0000 -7.0000
v 3.0000 -15.0000 -8.0000
v 2.0000 -15.0000 -8.0000
v 2.0000 -16.0000 -8.0000
v 3.0000 -16.0000 -8.0000
v 3.0000 6.0000 -8.0000
v 3.0000 6.0000 -7.0000
v 3.0000 7.0000 -7.0000
v 3.0000 7.0000 -8.0000
v 2.0000 8.0000 -7.0000
v 3.0000 8.0000 -7.0000
v 3.0000 8.0000 -8.0000
v 2.0000 8.0000 -8.0000
v 2.0000 10.0000 -8.0000
v 3.0000 10.0000 -8.0000
v 3.0000 11.0000 -8.0000
v 3.0000 11.0000 -7.0000
v 3.0000 14.0000 -8.0000
v 2.0000 9.0000 -8.0000
v 3.0000 9.0000 -9.0000
v 3.0000 9.0000 -8.0000
v 2.0000 10.0000 -9.0000
v 3.0000 10.0000 -9.0000
v 3.0000 11.0000 -9.0000
v 3.0000 15.0000 -8.0000
v 3.0000 15.0000 -9.0000
v 3.0000 11.0000 -10.0000
v 3.0000 16.0000 -9.0000
v 3.0000 16.0000 -10.0000
v 3.0000 15.0000 -10.0000
v 3.0000 11.0000 -11.0000
v 3.0000 15.0000 -11.0000
v 3.0000 11.0000 -12.0000
v 3.0000 15.0000 -12.0000
v 3.0000 14.0000 -12.0000
v 3.0000 10.0000 -12.0000
v 3.0000 10.0000 -13.0000
v 3.0000 9.0000 -13.0000
v 3.0000 9.0000 -12.0000
v 3.0000 11.0000 -13.0000
v 3.0000 12.0000 -13.0000
v 3.0000 14.0000 -13.0000
v 3.0000 11.0000 -14.0000
v 2.0000 10.0000 -14.0000
v 3.0000 10.0000 -14.0000
v 3.0000 12.0000 -14.0000
v 3.0000 14.0000 -14.0000
v 3.0000 13.0000 -14.0000
v 3.0000 13.0000 -15.0000
v 3.0000 12.0000 -15.0000
v 4.0000 10.0000 15.0000
v 4.0000 10.0000 14.0000
v 4.0000 9.0000 14.0000
v 4.0000 9.0000 15.0000
v 4.0000 12.0000 15.0000
v 4.0000 12.0000 14.0000
v 4.0000 11.0000 14.0000
v 4.0000 11.0000 15.0000
v 3.0000 14.0000 15.0000
v 4.0000 14.0000 15.0000
v 4.0000 14.0000 14.0000
v 3.0000 14.0000 14.0000
v 3.0000 13.0000 15.0000
v 4.0000 13.0000 14.0000
v 4.0000 13.0000 15.0000
v 4.0000 10.0000 13.0000
v 3.0000 9.0000 13.0000
v 4.0000 9.0000 13.0000
v 4.0000 11.0000 13.0000
v 4.0000 13.0000 13.0000
v 4.0000 12.0000 13.0000
v 4.0000 14.0000 13.0000
v 3.0000 9.0000 12.0000
v 4.0000 9.0000 12.0000
v 4.0000 10.0000 12.0000
v 3.0000 10.0000 12.0000
v 4.0000 12.0000 12.0000
v 3.0000 9.0000 11.0000
v 4.0000 9.0000 11.0000
v 4.0000 10.0000 11.0000
v 4.0000 11.0000 11.0000
v 4.0000 11.0000 12.0000
v 4.0000 12.0000 11.0000
v 3.0000 16.0000 12.0000
v 4.0000 16.0000 12.0000
v 4.0000 16.0000 11.0000
v 3.0000 16.0000 11.0000
v 4.0000 15.0000 11.0000
v 4.0000 15.0000 12.0000
v 3.0000 9.0000 10.0000
v 4.0000 9.0000 10.0000
v 4.0000 10.0000 10.0000
v 4.0000 11.0000 10.0000
v 4.0000 12.0000 10.0000
v 4.0000 13.0000 11.0000
v 4.0000 13.0000 10.0000
v 4.0000 14.0000 11.0000
v 4.0000 14.0000 10.0000
v 4.0000 16.0000 10.0000
v 4.0000 15.0000 10.0000
v 4.0000 11.0000 9.0000
v 4.0000 14.0000 9.0000
v 4.0000 13.0000 9.0000
v 4.0000 16.0000 9.0000
v 4.0000 15.0000 9.0000
v 4.0000 11.0000 8.0000
v 4.0000 14.0000 8.0000
v 4.0000 15.0000 8.0000
v 4.0000 16.0000 8.0000
v 4.0000 5.0000 7.0000
v 4.0000 5.0000 8.0000
v 4.0000 6.0000 8.0000
v 4.0000 6.0000 7.0000
v 3.0000 7.0000 8.0000
v 4.0000 7.0000 8.0000
v 4.0000 7.0000 7.0000
v 3.0000 7.0000 7.0000
v 4.0000 10.0000 7.0000
v 4.0000 10.0000 8.0000
v 4.0000 14.0000 7.0000
v 4.0000 15.0000 7.0000
v 4.0000 16.0000 7.0000
v 3.0000 -15.0000 7.0000
v 4.0000 -15.0000 7.0000
v 4.0000 -15.0000 6.0000
v 3.0000 -15.0000 6.0000
v 3.0000 -16.0000 7.0000
v 3.0000 -16.0000 6.0000
v 4.0000 -16.0000 6.0000
v 4.0000 -16.0000 7.0000
v 3.0000 9.0000 7.0000
v 3.0000 9.0000 6.0000
v 4.0000 9.0000 6.0000
v 4.0000 9.0000 7.0000
v 3.0000 10.0000 6.0000
v 4.0000 10.0000 6.0000
v 4.0000 11.0000 6.0000
v 4.0000 14.0000 6.0000
v 4.0000 15.0000 6.0000
v 4.0000 16.0000 6.0000
v 3.0000 -16.0000 5.0000
v 4.0000 -16.0000 5.0000
v 4.0000 -15.0000 5.0000
v 3.0000 -15.0000 5.0000
v 3.0000 -14.0000 6.0000
v 4.0000 -14.0000 6.0000
v 4.0000 -14.0000 5.0000
v 4.0000 11.0000 5.0000
v 4.0000 14.0000 5.0000
v 4.0000 15.0000 5.0000
v 4.0000 16.0000 5.0000
v 4.0000 -16.0000 4.0000
v 4.0000 -15.0000 4.0000
v 4.0000 -14.0000 4.0000
v 4.0000 -13.0000 5.0000
v 4.0000 -13.0000 4.0000
v 4.0000 11.0000 4.0000
v 4.0000 16.0000 4.0000
v 4.0000 15.0000 4.0000
v 4.0000 -16.0000 3.0000
v 4.0000 -15.0000 3.0000
v 4.0000 -14.0000 3.0000
v 4.0000 -13.0000 3.0000
v 4.0000 -12.0000 4.0000
v 4.0000 -12.0000 3.0000
v 4.0000 -11.0000 4.0000
v 4.0000 -11.0000 3.0000
v 4.0000 -10.0000 4.0000
v 4.0000 -10.0000 3.0000
v 4.0000 -9.0000 4.0000
v 4.0000 -9.0000 3.0000
v 4.0000 -8.0000 4.0000
v 4.0000 -8.0000 3.0000
v 4.0000 -7.0000 4.0000
v 4.0000 -7.0000 3.0000
v 4.0000 -6.0000 4.0000
v 4.0000 -6.0000 3.0000
v 4.0000 -5.0000 4.0000
v 4.0000 -5.0000 3.0000
v 4.0000 -4.0000 4.0000
v 4.0000 -4.0000 3.0000
v 4.0000 -3.0000 4.0000
v 4.0000 -3.0000 3.0000
v 4.0000 -2.0000 4.0000
v 4.0000 -2.0000 3.0000
v 4.0000 -1.0000 4.0000
v 4.0000 -1.0000 3.0000
v 4.0000 0.0000 4.0000
v 4.0000 0.0000 3.0000
v 4.0000 1.0000 4.0000
v 4.0000 1.0000 3.0000
v 4.0000 2.0000 4.0000
v 4.0000 2.0000 3.0000
v 3.0000 2.0000 3.0000
v 4.0000 3.0000 4.0000
v 3.0000 3.0000 4.0000
v 4.0000 3.0000 3.0000
v 3.0000 3.0000 3.0000
v 3.0000 4.0000 4.0000
v 4.0000 4.0000 4.0000
v 4.0000 4.0000 3.0000
v 3.0000 4.0000 3.0000
v 4.0000 11.0000 3.0000
v 4.0000 15.0000 3.0000
v 4.0000 14.0000 3.0000
v 4.0000 14.0000 4.0000
v 4.0000 -16.0000 2.0000
v 3.0000 1.0000 2.0000
v 3.0000 2.0000 2.0000
v 4.0000 3.0000 2.0000
v 3.0000 3.0000 2.0000
v 4.0000 2.0000 2.0000
v 4.0000 11.0000 2.0000
v 4.0000 14.0000 2.0000
v 4.0000 -16.0000 1.0000
v 3.0000 1.0000 1.0000
v 4.0000 2.0000 1.0000
v 3.0000 2.0000 1.0000
v 4.0000 11.0000 1.0000
v 4.0000 14.0000 1.0000
v 4.0000 -16.0000 -0.0000
v 3.0000 1.0000 -0.0000
v 4.0000 2.0000 -0.0000
v 3.0000 2.0000 -0.0000
v 4.0000 11.0000 -0.0000
v 4.0000 15.0000 1.0000
v 4.0000 15.0000 -0.0000
v 4.0000 -16.0000 -1.0000
v 4.0000 -15.0000 -1.0000
v 4.0000 -15.0000 -0.0000
v 3.0000 1.0000 -1.0000
v 3.0000 2.0000 -1.0000
v 3.0000 3.0000 -0.0000
v 4.0000 3.0000 -0.0000
v 4.0000 3.0000 -1.0000
v 3.0000 3.0000 -1.0000
v 4.0000 2.0000 -1.0000
v 4.0000 11.0000 -1.0000
v 3.0000 16.0000 -0.0000
v 4.0000 16.0000 -0.0000
v 4.0000 16.0000 -1.0000
v 4.0000 15.0000 -1.0000
v 4.0000 -16.0000 -2.0000
v 3.0000 1.0000 -2.0000
v 4.0000 2.0000 -2.0000
v 3.0000 2.0000 -2.0000
v 4.0000 11.0000 -2.0000
v 4.0000 16.0000 -2.0000
v 4.0000 -16.0000 -3.0000
v 4.0000 2.0000 -3.0000
v 4.0000 11.0000 -3.0000
v 4.0000 16.0000 -3.0000
v 4.0000 -16.0000 -4.0000
v 4.0000 1.0000 -3.0000
v 4.0000 1.0000 -4.0000
v 4.0000 2.0000 -4.0000
v 4.0000 3.0000 -3.0000
v 4.0000 3.0000 -4.0000
v 4.0000 11.0000 -4.0000
v 4.0000 16.0000 -4.0000
v 4.0000 -16.0000 -5.0000
v 4.0000 -15.0000 -5.0000
v 4.0000 -14.0000 -5.0000
v 4.0000 -13.0000 -5.0000
v 4.0000 -12.0000 -5.0000
v 4.0000 -13.0000 -4.0000
v 4.0000 -12.0000 -4.0000
v 4.0000 -11.0000 -5.0000
v 4.0000 -11.0000 -4.0000
v 4.0000 -10.0000 -5.0000
v 4.0000 -10.0000 -4.0000
v 4.0000 -9.0000 -5.0000
v 4.0000 -9.0000 -4.0000
v 4.0000 -8.0000 -5.0000
v 4.0000 -8.0000 -4.0000
v 4.0000 -7.0000 -5.0000
v 4.0000 -7.0000 -4.0000
v 4.0000 -6.0000 -5.0000
v 4.0000 -6.0000 -4.0000
v 4.0000 -5.0000 -5.0000
v 4.0000 -5.0000 -4.0000
v 4.0000 -4.0000 -5.0000
v 4.0000 -4.0000 -4.0000
v 4.0000 -3.0000 -5.0000
v 4.0000 -3.0000 -4.0000
v 4.0000 -2.0000 -5.0000
v 4.0000 -2.0000 -4.0000
v 4.0000 -1.0000 -5.0000
v 4.0000 -1.0000 -4.0000
v 4.0000 0.0000 -5.0000
v 4.0000 0.0000 -4.0000
v 4.0000 1.0000 -5.0000
v 4.0000 2.0000 -5.0000
v 4.0000 3.0000 -5.0000
v 4.0000 11.0000 -5.0000
v 4.0000 16.0000 -5.0000
v 4.0000 11.0000 -6.0000
v 4.0000 16.0000 -6.0000
v 3.0000 16.0000 -6.0000
v 4.0000 10.0000 -7.0000
v 4.0000 10.0000 -6.0000
v 4.0000 11.0000 -7.0000
v 4.0000 15.0000 -7.0000
v 4.0000 14.0000 -7.0000
v 4.0000 16.0000 -7.0000
v 3.0000 16.0000 -7.0000
v 4.0000 7.0000 -8.0000
v 4.0000 7.0000 -7.0000
v 4.0000 8.0000 -7.0000
v 4.0000 8.0000 -8.0000
v 4.0000 9.0000 -7.0000
v 4.0000 9.0000 -8.0000
v 4.0000 11.0000 -8.0000
v 4.0000 14.0000 -8.0000
v 4.0000 10.0000 -9.0000
v 4.0000 10.0000 -8.0000
v 4.0000 11.0000 -9.0000
v 4.0000 15.0000 -8.0000
v 4.0000 15.0000 -9.0000
v 4.0000 11.0000 -10.0000
v 4.0000 15.0000 -10.0000
v 3.0000 9.0000 -10.0000
v 3.0000 9.0000 -11.0000
v 4.0000 9.0000 -11.0000
v 4.0000 9.0000 -10.0000
v 4.0000 10.0000 -10.0000
v 3.0000 10.0000 -10.0000
v 3.0000 10.0000 -11.0000
v 4.0000 10.0000 -11.0000
v 4.0000 11.0000 -11.0000
v 4.0000 15.0000 -11.0000
v 4.0000 10.0000 -12.0000
v 4.0000 11.0000 -12.0000
v 4.0000 15.0000 -12.0000
v 4.0000 14.0000 -12.0000
v 4.0000 14.0000 -11.0000
v 3.0000 8.0000 -12.0000
v 3.0000 8.0000 -13.0000
v 4.0000 8.0000 -13.0000
v 4.0000 8.0000 -12.0000
v 4.0000 9.0000 -12.0000
v 4.0000 9.0000 -13.0000
v 4.0000 10.0000 -13.0000
v 4.0000 11.0000 -13.0000
v 4.0000 14.0000 -13.0000
v 4.0000 10.0000 -14.0000
v 4.0000 11.0000 -14.0000
v 4.0000 12.0000 -14.0000
v 4.0000 12.0000 -13.0000
v 4.0000 13.0000 -14.0000
v 4.0000 14.0000 -14.0000
v 4.0000 13.0000 -13.0000
v 5.0000 11.0000 14.0000
v 5.0000 11.0000 15.0000
v 5.0000 12.0000 15.0000
v 5.0000 12.0000 14.0000
v 5.0000 13.0000 15.0000
v 5.0000 13.0000 14.0000
v 5.0000 11.0000 13.0000
v 5.0000 13.0000 13.0000
v 5.0000 10.0000 12.0000
v 5.0000 10.0000 13.0000
v 5.0000 11.0000 12.0000
v 5.0000 12.0000 12.0000
v 5.0000 13.0000 12.0000
v 4.0000 13.0000 12.0000
v 4.0000 8.0000 12.0000
v 4.0000 8.0000 11.0000
v 5.0000 8.0000 11.0000
v 5.0000 8.0000 12.0000
v 5.0000 9.0000 12.0000
v 5.0000 9.0000 11.0000
v 5.0000 10.0000 11.0000
v 4.0000 8.0000 10.0000
v 5.0000 8.0000 10.0000
v 5.0000 9.0000 10.0000
v 5.0000 10.0000 10.0000
v 5.0000 11.0000 9.0000
v 5.0000 11.0000 10.0000
v 5.0000 12.0000 10.0000
v 5.0000 13.0000 10.0000
v 5.0000 13.0000 9.0000
v 5.0000 11.0000 8.0000
v 5.0000 14.0000 9.0000
v 5.0000 14.0000 8.0000
v 5.0000 13.0000 8.0000
v 5.0000 6.0000 7.0000
v 5.0000 6.0000 8.0000
v 5.0000 7.0000 8.0000
v 5.0000 7.0000 7.0000
v 4.0000 8.0000 8.0000
v 5.0000 8.0000 8.0000
v 5.0000 8.0000 7.0000
v 4.0000 8.0000 7.0000
v 5.0000 10.0000 7.0000
v 5.0000 10.0000 8.0000
v 5.0000 11.0000 7.0000
v 5.0000 14.0000 7.0000
v 5.0000 13.0000 7.0000
v 5.0000 10.0000 6.0000
v 5.0000 11.0000 6.0000
v 5.0000 14.0000 6.0000
v 5.0000 13.0000 6.0000
v 5.0000 11.0000 5.0000
v 5.0000 14.0000 5.0000
v 5.0000 11.0000 4.0000
v 5.0000 15.0000 5.0000
v 5.0000 15.0000 4.0000
v 5.0000 14.0000 4.0000
v 5.0000 3.0000 3.0000
v 5.0000 3.0000 4.0000
v 5.0000 4.0000 4.0000
v 5.0000 4.0000 3.0000
v 4.0000 5.0000 4.0000
v 5.0000 5.0000 4.0000
v 5.0000 5.0000 3.0000
v 4.0000 5.0000 3.0000
v 5.0000 11.0000 3.0000
v 5.0000 14.0000 3.0000
v 5.0000 -16.0000 2.0000
v 5.0000 -16.0000 3.0000
v 5.0000 -15.0000 3.0000
v 5.0000 -14.0000 3.0000
v 5.0000 -13.0000 3.0000
v 5.0000 -12.0000 3.0000
v 5.0000 -13.0000 2.0000
v 5.0000 -12.0000 2.0000
v 5.0000 -11.0000 3.0000
v 5.0000 -11.0000 2.0000
v 5.0000 -10.0000 3.0000
v 5.0000 -10.0000 2.0000
v 5.0000 -9.0000 3.0000
v 5.0000 -9.0000 2.0000
v 5.0000 -8.0000 3.0000
v 5.0000 -8.0000 2.0000
v 5.0000 -7.0000 3.0000
v 5.0000 -7.0000 2.0000
v 5.0000 -6.0000 3.0000
v 5.0000 -6.0000 2.0000
v 5.0000 -5.0000 3.0000
v 5.0000 -5.0000 2.0000
v 5.0000 -4.0000 3.0000
v 5.0000 -4.0000 2.0000
v 5.0000 -3.0000 3.0000
v 5.0000 -3.0000 2.0000
v 5.0000 -2.0000 3.0000
v 5.0000 -2.0000 2.0000
v 5.0000 -1.0000 3.0000
v 5.0000 -1.0000 2.0000
v 5.0000 0.0000 3.0000
v 5.0000 0.0000 2.0000
v 5.0000 1.0000 3.0000
v 5.0000 1.0000 2.0000
v 5.0000 2.0000 3.0000
v 5.0000 2.0000 2.0000
v 4.0000 7.0000 3.0000
v 5.0000 7.0000 3.0000
v 5.0000 7.0000 2.0000
v 4.0000 7.0000 2.0000
v 4.0000 6.0000 3.0000
v 4.0000 6.0000 2.0000
v 5.0000 6.0000 2.0000
v 5.0000 6.0000 3.0000
v 5.0000 11.0000 2.0000
v 5.0000 15.0000 3.0000
v 4.0000 15.0000 2.0000
v 4.0000 16.0000 3.0000
v 5.0000 16.0000 3.0000
v 5.0000 16.0000 2.0000
v 4.0000 16.0000 2.0000
v 5.0000 -16.0000 1.0000
v 5.0000 -15.0000 1.0000
v 5.0000 -15.0000 2.0000
v 5.0000 -14.0000 1.0000
v 5.0000 -14.0000 2.0000
v 5.0000 -13.0000 1.0000
v 5.0000 -12.0000 1.0000
v 5.0000 -11.0000 1.0000
v 5.0000 -10.0000 1.0000
v 5.0000 -9.0000 1.0000
v 5.0000 -8.0000 1.0000
v 5.0000 -7.0000 1.0000
v 5.0000 -6.0000 1.0000
v 5.0000 -5.0000 1.0000
v 5.0000 -4.0000 1.0000
v 5.0000 -3.0000 1.0000
v 5.0000 -2.0000 1.0000
v 5.0000 -1.0000 1.0000
v 5.0000 0.0000 1.0000
v 5.0000 1.0000 1.0000
v 5.0000 2.0000 1.0000
v 5.0000 11.0000 1.0000
v 5.0000 16.0000 1.0000
v 4.0000 16.0000 1.0000
v 5.0000 -16.0000 -0.0000
v 5.0000 -15.0000 -0.0000
v 5.0000 -14.0000 -0.0000
v 5.0000 -13.0000 -0.0000
v 5.0000 -12.0000 -0.0000
v 5.0000 -11.0000 -0.0000
v 5.0000 -10.0000 -0.0000
v 5.0000 -9.0000 -0.0000
v 5.0000 -8.0000 -0.0000
v 5.0000 -7.0000 -0.0000
v 5.0000 -6.0000 -0.0000
v 5.0000 -5.0000 -0.0000
v 5.0000 -4.0000 -0.0000
v 5.0000 -3.0000 -0.0000
v 5.0000 -2.0000 -0.0000
v 5.0000 -1.0000 -0.0000
v 5.0000 0.0000 -0.0000
v 5.0000 1.0000 -0.0000
v 5.0000 2.0000 -0.0000
v 5.0000 3.0000 1.0000
v 4.0000 3.0000 1.0000
v 4.0000 4.0000 1.0000
v 5.0000 4.0000 1.0000
v 5.0000 4.0000 -0.0000
v 4.0000 4.0000 -0.0000
v 4.0000 6.0000 1.0000
v 5.0000 6.0000 1.0000
v 5.0000 6.0000 -0.0000
v 4.0000 6.0000 -0.0000
v 4.0000 5.0000 1.0000
v 4.0000 5.0000 -0.0000
v 5.0000 5.0000 -0.0000
v 5.0000 5.0000 1.0000
v 5.0000 11.0000 -0.0000
v 5.0000 16.0000 -0.0000
v 5.0000 15.0000 -0.0000
v 5.0000 15.0000 1.0000
v 5.0000 -15.0000 -1.0000
v 5.0000 -11.0000 -1.0000
v 5.0000 -10.0000 -1.0000
v 5.0000 -9.0000 -1.0000
v 5.0000 -8.0000 -1.0000
v 5.0000 -7.0000 -1.0000
v 5.0000 -6.0000 -1.0000
v 5.0000 -5.0000 -1.0000
v 5.0000 -4.0000 -1.0000
v 5.0000 -3.0000 -1.0000
v 5.0000 -2.0000 -1.0000
v 5.0000 -1.0000 -1.0000
v 5.0000 0.0000 -1.0000
v 5.0000 1.0000 -1.0000
v 5.0000 3.0000 -1.0000
v 5.0000 2.0000 -1.0000
v 5.0000 4.0000 -1.0000
v 4.0000 4.0000 -1.0000
v 5.0000 11.0000 -1.0000
v 5.0000 15.0000 -1.0000
v 5.0000 -16.0000 -2.0000
v 5.0000 -16.0000 -1.0000
v 5.0000 -15.0000 -2.0000
v 5.0000 -14.0000 -2.0000
v 5.0000 -14.0000 -1.0000
v 5.0000 -13.0000 -2.0000
v 5.0000 -13.0000 -1.0000
v 5.0000 -12.0000 -2.0000
v 5.0000 -12.0000 -1.0000
v 5.0000 -11.0000 -2.0000
v 5.0000 -10.0000 -2.0000
v 5.0000 -9.0000 -2.0000
v 5.0000 -8.0000 -2.0000
v 5.0000 -7.0000 -2.0000
v 5.0000 -6.0000 -2.0000
v 5.0000 -5.0000 -2.0000
v 5.0000 -4.0000 -2.0000
v 5.0000 -3.0000 -2.0000
v 5.0000 -2.0000 -2.0000
v 5.0000 -1.0000 -2.0000
v 5.0000 0.0000 -2.0000
v 5.0000 2.0000 -2.0000
v 5.0000 11.0000 -2.0000
v 5.0000 16.0000 -1.0000
v 5.0000 16.0000 -2.0000
v 5.0000 -16.0000 -3.0000
v 5.0000 -15.0000 -3.0000
v 5.0000 -14.0000 -3.0000
v 5.0000 -13.0000 -3.0000
v 5.0000 -12.0000 -3.0000
v 5.0000 -11.0000 -3.0000
v 5.0000 -10.0000 -3.0000
v 5.0000 -9.0000 -3.0000
v 5.0000 -8.0000 -3.0000
v 5.0000 -7.0000 -3.0000
v 5.0000 -6.0000 -3.0000
v 5.0000 -5.0000 -3.0000
v 5.0000 -4.0000 -3.0000
v 5.0000 -3.0000 -3.0000
v 5.0000 -2.0000 -3.0000
v 5.0000 -1.0000 -3.0000
v 5.0000 0.0000 -3.0000
v 5.0000 2.0000 -3.0000
v 5.0000 1.0000 -3.0000
v 5.0000 11.0000 -3.0000
v 5.0000 16.0000 -3.0000
v 5.0000 -16.0000 -4.0000
v 5.0000 -12.0000 -4.0000
v 5.0000 -13.0000 -4.0000
v 5.0000 -11.0000 -4.0000
v 5.0000 -10.0000 -4.0000
v 5.0000 -9.0000 -4.0000
v 5.0000 -8.0000 -4.0000
v 5.0000 -7.0000 -4.0000
v 5.0000 -6.0000 -4.0000
v 5.0000 -5.0000 -4.0000
v 5.0000 -4.0000 -4.0000
v 5.0000 -3.0000 -4.0000
v 5.0000 -2.0000 -4.0000
v 5.0000 -1.0000 -4.0000
v 5.0000 0.0000 -4.0000
v 5.0000 1.0000 -4.0000
v 5.0000 11.0000 -4.0000
v 5.0000 16.0000 -4.0000
v 5.0000 -16.0000 -5.0000
v 5.0000 -15.0000 -5.0000
v 5.0000 -15.0000 -4.0000
v 5.0000 -14.0000 -5.0000
v 5.0000 -14.0000 -4.0000
v 5.0000 -13.0000 -5.0000
v 5.0000 2.0000 -5.0000
v 5.0000 2.0000 -4.0000
v 5.0000 3.0000 -4.0000
v 5.0000 3.0000 -5.0000
v 4.0000 4.0000 -4.0000
v 5.0000 4.0000 -4.0000
v 5.0000 4.0000 -5.0000
v 4.0000 4.0000 -5.0000
v 5.0000 11.0000 -5.0000
v 5.0000 16.0000 -5.0000
v 5.0000 15.0000 -4.0000
v 5.0000 15.0000 -5.0000
v 4.0000 -16.0000 -6.0000
v 5.0000 -16.0000 -6.0000
v 5.0000 -15.0000 -6.0000
v 4.0000 -15.0000 -6.0000
v 5.0000 -14.0000 -6.0000
v 4.0000 -14.0000 -6.0000
v 5.0000 4.0000 -6.0000
v 4.0000 4.0000 -6.0000
v 4.0000 3.0000 -6.0000
v 5.0000 3.0000 -6.0000
v 5.0000 11.0000 -6.0000
v 5.0000 16.0000 -6.0000
v 5.0000 -15.0000 -7.0000
v 4.0000 -15.0000 -7.0000
v 4.0000 -16.0000 -7.0000
v 5.0000 -16.0000 -7.0000
v 5.0000 10.0000 -7.0000
v 5.0000 10.0000 -6.0000
v 5.0000 11.0000 -7.0000
v 5.0000 16.0000 -7.0000
v 5.0000 11.0000 -8.0000
v 5.0000 16.0000 -8.0000
v 4.0000 16.0000 -8.0000
v 5.0000 10.0000 -9.0000
v 5.0000 10.0000 -8.0000
v 5.0000 11.0000 -9.0000
v 5.0000 16.0000 -9.0000
v 4.0000 16.0000 -9.0000
v 5.0000 15.0000 -9.0000
v 5.0000 15.0000 -8.0000
v 4.0000 9.0000 -9.0000
v 5.0000 9.0000 -10.0000
v 5.0000 9.0000 -9.0000
v 5.0000 10.0000 -10.0000
v 5.0000 11.0000 -10.0000
v 5.0000 15.0000 -10.0000
v 5.0000 11.0000 -11.0000
v 5.0000 15.0000 -11.0000
v 5.0000 14.0000 -11.0000
v 5.0000 11.0000 -12.0000
v 5.0000 14.0000 -12.0000
v 5.0000 11.0000 -13.0000
v 5.0000 12.0000 -13.0000
v 5.0000 14.0000 -13.0000
v 5.0000 13.0000 -13.0000
v 5.0000 13.0000 -14.0000
v 5.0000 12.0000 -14.0000
v 5.0000 13.0000 -15.0000
v 4.0000 13.0000 -15.0000
v 4.0000 12.0000 -15.0000
v 5.0000 12.0000 -15.0000
v 6.0000 11.0000 13.0000
v 6.0000 11.0000 14.0000
v 6.0000 12.0000 14.0000
v 6.0000 13.0000 14.0000
v 6.0000 13.0000 13.0000
v 6.0000 10.0000 12.0000
v 6.0000 10.0000 13.0000
v 6.0000 11.0000 12.0000
v 6.0000 13.0000 12.0000
v 6.0000 12.0000 12.0000
v 6.0000 12.0000 13.0000
v 5.0000 14.0000 13.0000
v 6.0000 14.0000 13.0000
v 6.0000 14.0000 12.0000
v 5.0000 14.0000 12.0000
v 6.0000 12.0000 11.0000
v 5.0000 12.0000 11.0000
v 5.0000 11.0000 11.0000
v 6.0000 11.0000 11.0000
v 6.0000 14.0000 11.0000
v 5.0000 14.0000 11.0000
v 5.0000 13.0000 11.0000
v 6.0000 13.0000 11.0000
v 6.0000 12.0000 10.0000
v 6.0000 11.0000 10.0000
v 5.0000 10.0000 9.0000
v 6.0000 10.0000 9.0000
v 6.0000 10.0000 10.0000
v 6.0000 11.0000 9.0000
v 6.0000 13.0000 10.0000
v 5.0000 14.0000 10.0000
v 6.0000 14.0000 10.0000
v 6.0000 14.0000 9.0000
v 6.0000 13.0000 9.0000
v 6.0000 11.0000 8.0000
v 6.0000 13.0000 8.0000
v 6.0000 7.0000 7.0000
v 6.0000 7.0000 8.0000
v 6.0000 8.0000 8.0000
v 6.0000 8.0000 7.0000
v 5.0000 9.0000 8.0000
v 6.0000 9.0000 8.0000
v 6.0000 9.0000 7.0000
v 5.0000 9.0000 7.0000
v 6.0000 11.0000 7.0000
v 6.0000 13.0000 7.0000
v 5.0000 16.0000 8.0000
v 6.0000 16.0000 8.0000
v 6.0000 16.0000 7.0000
v 5.0000 16.0000 7.0000
v 5.0000 15.0000 8.0000
v 5.0000 15.0000 7.0000
v 6.0000 15.0000 7.0000
v 6.0000 15.0000 8.0000
v 6.0000 11.0000 6.0000
v 6.0000 13.0000 6.0000
v 6.0000 11.0000 5.0000
v 6.0000 14.0000 6.0000
v 6.0000 14.0000 5.0000
v 5.0000 5.0000 5.0000
v 6.0000 5.0000 5.0000
v 6.0000 5.0000 4.0000
v 5.0000 4.0000 5.0000
v 6.0000 4.0000 4.0000
v 6.0000 4.0000 5.0000
v 6.0000 11.0000 4.0000
v 6.0000 15.0000 5.0000
v 6.0000 15.0000 4.0000
v 6.0000 5.0000 3.0000
v 6.0000 4.0000 3.0000
v 6.0000 11.0000 3.0000
v 6.0000 15.0000 3.0000
v 6.0000 -16.0000 2.0000
v 6.0000 -16.0000 3.0000
v 6.0000 -15.0000 3.0000
v 6.0000 -15.0000 2.0000
v 6.0000 -14.0000 3.0000
v 6.0000 -14.0000 2.0000
v 6.0000 -13.0000 3.0000
v 6.0000 -13.0000 2.0000
v 6.0000 7.0000 3.0000
v 6.0000 7.0000 2.0000
v 6.0000 6.0000 2.0000
v 6.0000 6.0000 3.0000
v 6.0000 11.0000 2.0000
v 6.0000 16.0000 3.0000
v 6.0000 16.0000 2.0000
v 5.0000 5.0000 2.0000
v 6.0000 5.0000 1.0000
v 6.0000 5.0000 2.0000
v 6.0000 7.0000 1.0000
v 5.0000 7.0000 1.0000
v 6.0000 6.0000 1.0000
v 6.0000 11.0000 1.0000
v 6.0000 16.0000 1.0000
v 6.0000 15.0000 1.0000
v 6.0000 -1.0000 1.0000
v 6.0000 -1.0000 -0.0000
v 6.0000 -2.0000 -0.0000
v 6.0000 -2.0000 1.0000
v 6.0000 2.0000 -0.0000
v 6.0000 2.0000 1.0000
v 6.0000 3.0000 1.0000
v 6.0000 3.0000 -0.0000
v 6.0000 4.0000 1.0000
v 6.0000 5.0000 -0.0000
v 6.0000 4.0000 -0.0000
v 6.0000 6.0000 -0.0000
v 6.0000 11.0000 -0.0000
v 6.0000 15.0000 -0.0000
v 6.0000 -16.0000 -1.0000
v 6.0000 -16.0000 -0.0000
v 6.0000 -15.0000 -0.0000
v 6.0000 -15.0000 -1.0000
v 6.0000 -14.0000 -0.0000
v 6.0000 -14.0000 -1.0000
v 6.0000 -13.0000 -0.0000
v 6.0000 -13.0000 -1.0000
v 6.0000 -12.0000 -0.0000
v 6.0000 -12.0000 -1.0000
v 6.0000 -11.0000 -0.0000
v 6.0000 -11.0000 -1.0000
v 6.0000 -1.0000 -1.0000
v 6.0000 -2.0000 -1.0000
v 6.0000 1.0000 -1.0000
v 6.0000 1.0000 -0.0000
v 6.0000 2.0000 -1.0000
v 6.0000 3.0000 -1.0000
v 6.0000 4.0000 -1.0000
v 5.0000 10.0000 -0.0000
v 5.0000 10.0000 -1.0000
v 6.0000 10.0000 -1.0000
v 6.0000 10.0000 -0.0000
v 6.0000 11.0000 -1.0000
v 6.0000 15.0000 -1.0000
v 6.0000 14.0000 -0.0000
v 6.0000 14.0000 -1.0000
v 6.0000 0.0000 -2.0000
v 6.0000 0.0000 -1.0000
v 6.0000 1.0000 -2.0000
v 6.0000 2.0000 -2.0000
v 6.0000 11.0000 -2.0000
v 6.0000 13.0000 -1.0000
v 6.0000 13.0000 -2.0000
v 6.0000 14.0000 -2.0000
v 6.0000 15.0000 -2.0000
v 6.0000 16.0000 -1.0000
v 6.0000 16.0000 -2.0000
v 6.0000 0.0000 -3.0000
v 6.0000 1.0000 -3.0000
v 6.0000 2.0000 -3.0000
v 6.0000 11.0000 -3.0000
v 6.0000 16.0000 -3.0000
v 6.0000 15.0000 -3.0000
v 6.0000 -16.0000 -4.0000
v 6.0000 -16.0000 -3.0000
v 6.0000 -15.0000 -3.0000
v 6.0000 -15.0000 -4.0000
v 6.0000 -14.0000 -3.0000
v 6.0000 -14.0000 -4.0000
v 6.0000 -13.0000 -3.0000
v 6.0000 -13.0000 -4.0000
v 6.0000 11.0000 -4.0000
v 6.0000 16.0000 -4.0000
v 6.0000 15.0000 -4.0000
v 6.0000 11.0000 -5.0000
v 6.0000 15.0000 -5.0000
v 6.0000 3.0000 -6.0000
v 6.0000 3.0000 -5.0000
v 6.0000 4.0000 -5.0000
v 6.0000 4.0000 -6.0000
v 5.0000 5.0000 -5.0000
v 6.0000 5.0000 -5.0000
v 6.0000 5.0000 -6.0000
v 5.0000 5.0000 -6.0000
v 5.0000 9.0000 -5.0000
v 6.0000 9.0000 -5.0000
v 6.0000 9.0000 -6.0000
v 5.0000 9.0000 -6.0000
v 5.0000 8.0000 -5.0000
v 5.0000 8.0000 -6.0000
v 6.0000 8.0000 -6.0000
v 6.0000 8.0000 -5.0000
v 6.0000 11.0000 -6.0000
v 6.0000 16.0000 -5.0000
v 6.0000 16.0000 -6.0000
v 5.0000 4.0000 -7.0000
v 6.0000 4.0000 -7.0000
v 5.0000 5.0000 -7.0000
v 6.0000 5.0000 -7.0000
v 5.0000 6.0000 -6.0000
v 6.0000 6.0000 -6.0000
v 6.0000 6.0000 -7.0000
v 5.0000 6.0000 -7.0000
v 6.0000 11.0000 -7.0000
v 6.0000 16.0000 -7.0000
v 6.0000 11.0000 -8.0000
v 6.0000 16.0000 -8.0000
v 6.0000 15.0000 -8.0000
v 6.0000 11.0000 -9.0000
v 6.0000 15.0000 -9.0000
v 6.0000 11.0000 -10.0000
v 6.0000 15.0000 -10.0000
v 6.0000 14.0000 -9.0000
v 6.0000 14.0000 -10.0000
v 5.0000 10.0000 -11.0000
v 6.0000 10.0000 -11.0000
v 6.0000 10.0000 -10.0000
v 6.0000 15.0000 -11.0000
v 6.0000 14.0000 -11.0000
v 5.0000 9.0000 -11.0000
v 5.0000 9.0000 -12.0000
v 6.0000 9.0000 -12.0000
v 6.0000 9.0000 -11.0000
v 5.0000 10.0000 -12.0000
v 6.0000 10.0000 -12.0000
v 6.0000 11.0000 -12.0000
v 6.0000 11.0000 -11.0000
v 6.0000 14.0000 -12.0000
v 6.0000 11.0000 -13.0000
v 6.0000 14.0000 -13.0000
v 6.0000 13.0000 -13.0000
v 6.0000 13.0000 -12.0000
v 5.0000 11.0000 -14.0000
v 6.0000 11.0000 -14.0000
v 6.0000 12.0000 -14.0000
v 6.0000 13.0000 -14.0000
v 7.0000 11.0000 13.0000
v 7.0000 11.0000 14.0000
v 7.0000 12.0000 14.0000
v 7.0000 13.0000 14.0000
v 7.0000 13.0000 13.0000
v 7.0000 12.0000 13.0000
v 7.0000 12.0000 12.0000
v 7.0000 11.0000 12.0000
v 7.0000 11.0000 11.0000
v 7.0000 13.0000 12.0000
v 7.0000 13.0000 11.0000
v 7.0000 11.0000 10.0000
v 7.0000 13.0000 10.0000
v 7.0000 12.0000 11.0000
v 7.0000 12.0000 10.0000
v 7.0000 10.0000 9.0000
v 7.0000 10.0000 10.0000
v 7.0000 11.0000 9.0000
v 7.0000 12.0000 9.0000
v 7.0000 13.0000 9.0000
v 7.0000 14.0000 10.0000
v 7.0000 14.0000 9.0000
v 7.0000 11.0000 8.0000
v 7.0000 13.0000 8.0000
v 7.0000 8.0000 7.0000
v 7.0000 8.0000 8.0000
v 7.0000 9.0000 8.0000
v 7.0000 9.0000 7.0000
v 6.0000 10.0000 8.0000
v 7.0000 10.0000 8.0000
v 7.0000 10.0000 7.0000
v 6.0000 10.0000 7.0000
v 7.0000 11.0000 7.0000
v 7.0000 13.0000 7.0000
v 6.0000 14.0000 8.0000
v 6.0000 14.0000 7.0000
v 7.0000 14.0000 7.0000
v 7.0000 14.0000 8.0000
v 7.0000 15.0000 8.0000
v 7.0000 15.0000 7.0000
v 7.0000 16.0000 8.0000
v 7.0000 16.0000 7.0000
v 6.0000 9.0000 6.0000
v 7.0000 9.0000 6.0000
v 7.0000 10.0000 6.0000
v 6.0000 10.0000 6.0000
v 7.0000 11.0000 6.0000
v 7.0000 13.0000 6.0000
v 7.0000 14.0000 6.0000
v 7.0000 15.0000 6.0000
v 6.0000 15.0000 6.0000
v 7.0000 16.0000 6.0000
v 6.0000 16.0000 6.0000
v 6.0000 6.0000 6.0000
v 7.0000 6.0000 6.0000
v 7.0000 6.0000 5.0000
v 6.0000 6.0000 5.0000
v 6.0000 5.0000 6.0000
v 7.0000 5.0000 5.0000
v 7.0000 5.0000 6.0000
v 6.0000 8.0000 6.0000
v 6.0000 8.0000 5.0000
v 7.0000 8.0000 5.0000
v 7.0000 8.0000 6.0000
v 7.0000 9.0000 5.0000
v 6.0000 9.0000 5.0000
v 7.0000 10.0000 5.0000
v 6.0000 10.0000 5.0000
v 7.0000 11.0000 5.0000
v 7.0000 16.0000 5.0000
v 6.0000 16.0000 5.0000
v 7.0000 15.0000 5.0000
v 7.0000 4.0000 4.0000
v 7.0000 4.0000 5.0000
v 7.0000 5.0000 4.0000
v 7.0000 6.0000 4.0000
v 6.0000 6.0000 4.0000
v 6.0000 7.0000 5.0000
v 6.0000 7.0000 4.0000
v 7.0000 7.0000 4.0000
v 7.0000 7.0000 5.0000
v 7.0000 8.0000 4.0000
v 6.0000 8.0000 4.0000
v 7.0000 9.0000 4.0000
v 6.0000 9.0000 4.0000
v 7.0000 11.0000 4.0000
v 7.0000 15.0000 4.0000
v 7.0000 6.0000 3.0000
v 7.0000 7.0000 3.0000
v 7.0000 8.0000 3.0000
v 6.0000 8.0000 3.0000
v 7.0000 11.0000 3.0000
v 6.0000 16.0000 4.0000
v 7.0000 16.0000 4.0000
v 7.0000 16.0000 3.0000
v 7.0000 -16.0000 2.0000
v 7.0000 -16.0000 3.0000
v 7.0000 -15.0000 3.0000
v 7.0000 -15.0000 2.0000
v 7.0000 -14.0000 3.0000
v 7.0000 -14.0000 2.0000
v 7.0000 5.0000 2.0000
v 7.0000 5.0000 3.0000
v 7.0000 6.0000 2.0000
v 7.0000 7.0000 2.0000
v 7.0000 11.0000 2.0000
v 7.0000 16.0000 2.0000
v 6.0000 4.0000 2.0000
v 7.0000 4.0000 1.0000
v 7.0000 4.0000 2.0000
v 7.0000 5.0000 1.0000
v 7.0000 6.0000 1.0000
v 7.0000 7.0000 1.0000
v 6.0000 8.0000 2.0000
v 7.0000 8.0000 2.0000
v 7.0000 8.0000 1.0000
v 6.0000 8.0000 1.0000
v 7.0000 11.0000 1.0000
v 7.0000 16.0000 1.0000
v 7.0000 15.0000 1.0000
v 7.0000 15.0000 2.0000
v 7.0000 -1.0000 1.0000
v 7.0000 -1.0000 -0.0000
v 7.0000 -2.0000 -0.0000
v 7.0000 -2.0000 1.0000
v 7.0000 3.0000 -0.0000
v 7.0000 3.0000 1.0000
v 7.0000 4.0000 -0.0000
v 7.0000 5.0000 -0.0000
v 7.0000 6.0000 -0.0000
v 7.0000 7.0000 -0.0000
v 6.0000 7.0000 -0.0000
v 7.0000 8.0000 -0.0000
v 6.0000 8.0000 -0.0000
v 7.0000 11.0000 -0.0000
v 7.0000 15.0000 -0.0000
v 7.0000 14.0000 -0.0000
v 7.0000 -16.0000 -1.0000
v 7.0000 -16.0000 -0.0000
v 7.0000 -15.0000 -0.0000
v 7.0000 -15.0000 -1.0000
v 7.0000 -14.0000 -0.0000
v 7.0000 -14.0000 -1.0000
v 7.0000 -13.0000 -0.0000
v 7.0000 -13.0000 -1.0000
v 7.0000 -12.0000 -0.0000
v 7.0000 -12.0000 -1.0000
v 7.0000 -1.0000 -1.0000
v 7.0000 -2.0000 -1.0000
v 7.0000 3.0000 -1.0000
v 7.0000 4.0000 -1.0000
v 7.0000 5.0000 -1.0000
v 6.0000 5.0000 -1.0000
v 6.0000 6.0000 -1.0000
v 7.0000 6.0000 -1.0000
v 7.0000 7.0000 -1.0000
v 6.0000 7.0000 -1.0000
v 7.0000 8.0000 -1.0000
v 6.0000 8.0000 -1.0000
v 7.0000 11.0000 -1.0000
v 7.0000 14.0000 -1.0000
v 7.0000 13.0000 -1.0000
v 7.0000 7.0000 -2.0000
v 6.0000 7.0000 -2.0000
v 6.0000 6.0000 -2.0000
v 7.0000 6.0000 -2.0000
v 7.0000 11.0000 -2.0000
v 7.0000 13.0000 -2.0000
v 6.0000 6.0000 -3.0000
v 7.0000 6.0000 -3.0000
v 6.0000 7.0000 -3.0000
v 7.0000 7.0000 -3.0000
v 6.0000 8.0000 -2.0000
v 7.0000 8.0000 -2.0000
v 7.0000 8.0000 -3.0000
v 6.0000 8.0000 -3.0000
v 7.0000 11.0000 -3.0000
v 7.0000 14.0000 -2.0000
v 7.0000 15.0000 -2.0000
v 7.0000 15.0000 -3.0000
v 7.0000 14.0000 -3.0000
v 7.0000 -16.0000 -4.0000
v 7.0000 -16.0000 -3.0000
v 7.0000 -15.0000 -3.0000
v 7.0000 -15.0000 -4.0000
v 7.0000 -14.0000 -3.0000
v 7.0000 -14.0000 -4.0000
v 7.0000 8.0000 -4.0000
v 6.0000 8.0000 -4.0000
v 6.0000 7.0000 -4.0000
v 7.0000 7.0000 -4.0000
v 7.0000 11.0000 -4.0000
v 7.0000 15.0000 -4.0000
v 6.0000 7.0000 -5.0000
v 7.0000 7.0000 -5.0000
v 7.0000 8.0000 -5.0000
v 6.0000 9.0000 -4.0000
v 7.0000 9.0000 -4.0000
v 7.0000 9.0000 -5.0000
v 6.0000 10.0000 -4.0000
v 6.0000 10.0000 -5.0000
v 7.0000 10.0000 -5.0000
v 7.0000 10.0000 -4.0000
v 7.0000 11.0000 -5.0000
v 7.0000 16.0000 -4.0000
v 7.0000 16.0000 -5.0000
v 7.0000 8.0000 -6.0000
v 7.0000 9.0000 -6.0000
v 7.0000 10.0000 -6.0000
v 6.0000 10.0000 -6.0000
v 7.0000 11.0000 -6.0000
v 7.0000 16.0000 -6.0000
v 7.0000 15.0000 -5.0000
v 7.0000 15.0000 -6.0000
v 7.0000 4.0000 -7.0000
v 7.0000 4.0000 -6.0000
v 7.0000 5.0000 -6.0000
v 7.0000 5.0000 -7.0000
v 7.0000 6.0000 -6.0000
v 7.0000 6.0000 -7.0000
v 6.0000 8.0000 -7.0000
v 7.0000 8.0000 -7.0000
v 6.0000 9.0000 -7.0000
v 7.0000 9.0000 -7.0000
v 7.0000 10.0000 -7.0000
v 6.0000 10.0000 -7.0000
v 7.0000 11.0000 -7.0000
v 7.0000 16.0000 -7.0000
v 7.0000 15.0000 -7.0000
v 6.0000 5.0000 -8.0000
v 7.0000 5.0000 -8.0000
v 6.0000 6.0000 -8.0000
v 7.0000 6.0000 -8.0000
v 6.0000 7.0000 -7.0000
v 7.0000 7.0000 -7.0000
v 7.0000 7.0000 -8.0000
v 6.0000 7.0000 -8.0000
v 7.0000 10.0000 -8.0000
v 6.0000 10.0000 -8.0000
v 6.0000 9.0000 -8.0000
v 7.0000 9.0000 -8.0000
v 7.0000 11.0000 -8.0000
v 7.0000 16.0000 -8.0000
v 7.0000 15.0000 -8.0000
v 6.0000 9.0000 -9.0000
v 7.0000 9.0000 -9.0000
v 6.0000 10.0000 -9.0000
v 7.0000 10.0000 -9.0000
v 7.0000 11.0000 -9.0000
v 7.0000 15.0000 -9.0000
v 7.0000 14.0000 -9.0000
v 7.0000 14.0000 -8.0000
v 7.0000 10.0000 -10.0000
v 7.0000 11.0000 -10.0000
v 7.0000 14.0000 -10.0000
v 7.0000 10.0000 -11.0000
v 7.0000 11.0000 -11.0000
v 7.0000 14.0000 -11.0000
v 7.0000 11.0000 -12.0000
v 7.0000 14.0000 -12.0000
v 7.0000 13.0000 -12.0000
v 7.0000 11.0000 -13.0000
v 7.0000 13.0000 -13.0000
v 7.0000 11.0000 -14.0000
v 7.0000 12.0000 -14.0000
v 7.0000 13.0000 -14.0000
v 7.0000 12.0000 -13.0000
v 8.0000 12.0000 14.0000
v 8.0000 12.0000 13.0000
v 8.0000 11.0000 13.0000
v 8.0000 11.0000 14.0000
v 8.0000 11.0000 12.0000
v 8.0000 13.0000 13.0000
v 8.0000 13.0000 12.0000
v 8.0000 12.0000 12.0000
v 8.0000 11.0000 11.0000
v 8.0000 13.0000 11.0000
v 8.0000 12.0000 11.0000
v 8.0000 12.0000 10.0000
v 8.0000 11.0000 10.0000
v 8.0000 10.0000 9.0000
v 8.0000 10.0000 10.0000
v 8.0000 11.0000 9.0000
v 8.0000 12.0000 9.0000
v 8.0000 10.0000 8.0000
v 8.0000 11.0000 8.0000
v 8.0000 13.0000 9.0000
v 8.0000 13.0000 8.0000
v 8.0000 9.0000 7.0000
v 8.0000 9.0000 8.0000
v 8.0000 10.0000 7.0000
v 8.0000 11.0000 7.0000
v 8.0000 14.0000 8.0000
v 8.0000 14.0000 7.0000
v 8.0000 13.0000 7.0000
v 8.0000 16.0000 8.0000
v 8.0000 16.0000 7.0000
v 8.0000 15.0000 7.0000
v 8.0000 15.0000 8.0000
v 8.0000 11.0000 6.0000
v 8.0000 13.0000 6.0000
v 8.0000 16.0000 6.0000
v 8.0000 15.0000 6.0000
v 8.0000 5.0000 5.0000
v 8.0000 5.0000 6.0000
v 8.0000 6.0000 6.0000
v 8.0000 6.0000 5.0000
v 7.0000 7.0000 6.0000
v 8.0000 7.0000 6.0000
v 8.0000 7.0000 5.0000
v 8.0000 10.0000 5.0000
v 8.0000 10.0000 6.0000
v 8.0000 14.0000 6.0000
v 8.0000 16.0000 5.0000
v 8.0000 15.0000 5.0000
v 8.0000 9.0000 4.0000
v 8.0000 9.0000 5.0000
v 7.0000 10.0000 4.0000
v 8.0000 10.0000 4.0000
v 8.0000 11.0000 4.0000
v 8.0000 11.0000 5.0000
v 8.0000 15.0000 4.0000
v 8.0000 11.0000 3.0000
v 8.0000 16.0000 4.0000
v 8.0000 16.0000 3.0000
v 8.0000 -15.0000 3.0000
v 8.0000 -15.0000 2.0000
v 8.0000 -16.0000 2.0000
v 8.0000 -16.0000 3.0000
v 8.0000 11.0000 2.0000
v 8.0000 16.0000 2.0000
v 8.0000 15.0000 2.0000
v 8.0000 11.0000 1.0000
v 8.0000 15.0000 1.0000
v 8.0000 -2.0000 -0.0000
v 8.0000 -2.0000 1.0000
v 8.0000 -1.0000 1.0000
v 8.0000 -1.0000 -0.0000
v 7.0000 0.0000 1.0000
v 8.0000 0.0000 1.0000
v 8.0000 0.0000 -0.0000
v 7.0000 0.0000 -0.0000
v 7.0000 9.0000 1.0000
v 8.0000 9.0000 1.0000
v 8.0000 9.0000 -0.0000
v 7.0000 9.0000 -0.0000
v 8.0000 8.0000 -0.0000
v 8.0000 8.0000 1.0000
v 8.0000 11.0000 -0.0000
v 8.0000 16.0000 1.0000
v 8.0000 16.0000 -0.0000
v 7.0000 16.0000 -0.0000
v 8.0000 -16.0000 -1.0000
v 8.0000 -16.0000 -0.0000
v 8.0000 -15.0000 -0.0000
v 8.0000 -15.0000 -1.0000
v 8.0000 -14.0000 -0.0000
v 8.0000 -14.0000 -1.0000
v 8.0000 -13.0000 -0.0000
v 8.0000 -13.0000 -1.0000
v 8.0000 -2.0000 -1.0000
v 8.0000 -1.0000 -1.0000
v 8.0000 0.0000 -1.0000
v 7.0000 0.0000 -1.0000
v 8.0000 9.0000 -1.0000
v 7.0000 9.0000 -1.0000
v 8.0000 8.0000 -1.0000
v 8.0000 11.0000 -1.0000
v 7.0000 15.0000 -1.0000
v 8.0000 16.0000 -1.0000
v 7.0000 16.0000 -1.0000
v 8.0000 15.0000 -1.0000
v 8.0000 11.0000 -2.0000
v 8.0000 15.0000 -2.0000
v 8.0000 14.0000 -2.0000
v 7.0000 9.0000 -2.0000
v 7.0000 9.0000 -3.0000
v 8.0000 9.0000 -3.0000
v 8.0000 9.0000 -2.0000
v 8.0000 10.0000 -2.0000
v 7.0000 10.0000 -2.0000
v 7.0000 10.0000 -3.0000
v 8.0000 10.0000 -3.0000
v 8.0000 11.0000 -3.0000
v 8.0000 14.0000 -3.0000
v 8.0000 -15.0000 -3.0000
v 8.0000 -15.0000 -4.0000
v 8.0000 -16.0000 -4.0000
v 8.0000 -16.0000 -3.0000
v 8.0000 11.0000 -4.0000
v 8.0000 15.0000 -3.0000
v 7.0000 16.0000 -3.0000
v 8.0000 16.0000 -3.0000
v 8.0000 16.0000 -4.0000
v 8.0000 15.0000 -4.0000
v 8.0000 11.0000 -5.0000
v 8.0000 16.0000 -5.0000
v 8.0000 15.0000 -5.0000
v 8.0000 11.0000 -6.0000
v 8.0000 15.0000 -6.0000
v 8.0000 11.0000 -7.0000
v 8.0000 15.0000 -7.0000
v 8.0000 5.0000 -8.0000
v 8.0000 5.0000 -7.0000
v 8.0000 6.0000 -7.0000
v 8.0000 6.0000 -8.0000
v 8.0000 7.0000 -7.0000
v 8.0000 7.0000 -8.0000
v 8.0000 11.0000 -8.0000
v 8.0000 15.0000 -8.0000
v 8.0000 14.0000 -8.0000
v 8.0000 14.0000 -7.0000
v 7.0000 6.0000 -9.0000
v 8.0000 6.0000 -9.0000
v 7.0000 7.0000 -9.0000
v 8.0000 7.0000 -9.0000
v 7.0000 8.0000 -8.0000
v 8.0000 8.0000 -8.0000
v 8.0000 8.0000 -9.0000
v 7.0000 8.0000 -9.0000
v 8.0000 11.0000 -9.0000
v 8.0000 14.0000 -9.0000
v 8.0000 11.0000 -10.0000
v 8.0000 14.0000 -10.0000
v 8.0000 11.0000 -11.0000
v 8.0000 14.0000 -11.0000
v 8.0000 11.0000 -12.0000
v 8.0000 12.0000 -12.0000
v 8.0000 12.0000 -11.0000
v 8.0000 14.0000 -12.0000
v 8.0000 13.0000 -12.0000
v 8.0000 11.0000 -13.0000
v 8.0000 12.0000 -13.0000
v 8.0000 13.0000 -13.0000
v 8.0000 12.0000 -14.0000
v 8.0000 11.0000 -14.0000
v 8.0000 12.0000 -15.0000
v 7.0000 12.0000 -15.0000
v 7.0000 11.0000 -15.0000
v 8.0000 11.0000 -15.0000
v 9.0000 12.0000 13.0000
v 9.0000 12.0000 12.0000
v 9.0000 11.0000 12.0000
v 9.0000 11.0000 13.0000
v 8.0000 14.0000 13.0000
v 9.0000 14.0000 13.0000
v 9.0000 14.0000 12.0000
v 8.0000 14.0000 12.0000
v 9.0000 13.0000 12.0000
v 9.0000 13.0000 13.0000
v 8.0000 10.0000 12.0000
v 8.0000 10.0000 11.0000
v 9.0000 10.0000 11.0000
v 9.0000 10.0000 12.0000
v 9.0000 11.0000 11.0000
v 9.0000 14.0000 11.0000
v 8.0000 14.0000 11.0000
v 9.0000 13.0000 11.0000
v 9.0000 11.0000 10.0000
v 9.0000 13.0000 10.0000
v 8.0000 13.0000 10.0000
v 9.0000 12.0000 10.0000
v 9.0000 12.0000 9.0000
v 9.0000 11.0000 9.0000
v 9.0000 11.0000 8.0000
v 9.0000 13.0000 9.0000
v 9.0000 13.0000 8.0000
v 9.0000 12.0000 8.0000
v 9.0000 10.0000 7.0000
v 9.0000 10.0000 8.0000
v 9.0000 11.0000 7.0000
v 9.0000 13.0000 7.0000
v 9.0000 15.0000 8.0000
v 9.0000 15.0000 7.0000
v 9.0000 14.0000 7.0000
v 9.0000 14.0000 8.0000
v 8.0000 6.0000 7.0000
v 9.0000 6.0000 6.0000
v 9.0000 6.0000 7.0000
v 9.0000 7.0000 7.0000
v 8.0000 7.0000 7.0000
v 9.0000 7.0000 6.0000
v 8.0000 8.0000 7.0000
v 9.0000 8.0000 7.0000
v 9.0000 8.0000 6.0000
v 8.0000 8.0000 6.0000
v 8.0000 9.0000 6.0000
v 9.0000 9.0000 6.0000
v 9.0000 9.0000 7.0000
v 9.0000 10.0000 6.0000
v 9.0000 15.0000 6.0000
v 9.0000 7.0000 5.0000
v 9.0000 6.0000 5.0000
v 9.0000 9.0000 5.0000
v 9.0000 10.0000 5.0000
v 9.0000 11.0000 5.0000
v 9.0000 11.0000 6.0000
v 9.0000 15.0000 5.0000
v 9.0000 11.0000 4.0000
v 9.0000 16.0000 5.0000
v 9.0000 16.0000 4.0000
v 9.0000 15.0000 4.0000
v 9.0000 11.0000 3.0000
v 9.0000 16.0000 3.0000
v 9.0000 15.0000 3.0000
v 9.0000 11.0000 2.0000
v 9.0000 16.0000 2.0000
v 9.0000 15.0000 2.0000
v 9.0000 11.0000 1.0000
v 9.0000 16.0000 1.0000
v 9.0000 15.0000 1.0000
v 9.0000 -1.0000 -0.0000
v 9.0000 -1.0000 1.0000
v 9.0000 0.0000 1.0000
v 9.0000 0.0000 -0.0000
v 8.0000 1.0000 1.0000
v 9.0000 1.0000 1.0000
v 9.0000 1.0000 -0.0000
v 8.0000 1.0000 -0.0000
v 8.0000 10.0000 1.0000
v 9.0000 10.0000 1.0000
v 9.0000 10.0000 -0.0000
v 8.0000 10.0000 -0.0000
v 9.0000 9.0000 -0.0000
v 9.0000 9.0000 1.0000
v 9.0000 11.0000 -0.0000
v 9.0000 16.0000 -0.0000
v 9.0000 15.0000 -0.0000
v 9.0000 -16.0000 -1.0000
v 9.0000 -16.0000 -0.0000
v 9.0000 -15.0000 -0.0000
v 9.0000 -15.0000 -1.0000
v 9.0000 -14.0000 -0.0000
v 9.0000 -14.0000 -1.0000
v 9.0000 -1.0000 -1.0000
v 9.0000 0.0000 -1.0000
v 9.0000 1.0000 -1.0000
v 8.0000 1.0000 -1.0000
v 9.0000 9.0000 -1.0000
v 8.0000 10.0000 -1.0000
v 9.0000 10.0000 -1.0000
v 9.0000 11.0000 -1.0000
v 9.0000 14.0000 -0.0000
v 9.0000 14.0000 -1.0000
v 9.0000 15.0000 -1.0000
v 9.0000 16.0000 -1.0000
v 9.0000 11.0000 -2.0000
v 9.0000 14.0000 -2.0000
v 9.0000 15.0000 -2.0000
v 9.0000 16.0000 -2.0000
v 8.0000 16.0000 -2.0000
v 9.0000 10.0000 -3.0000
v 9.0000 10.0000 -2.0000
v 9.0000 11.0000 -3.0000
v 9.0000 15.0000 -3.0000
v 9.0000 14.0000 -3.0000
v 8.0000 10.0000 -4.0000
v 9.0000 10.0000 -4.0000
v 9.0000 11.0000 -4.0000
v 9.0000 15.0000 -4.0000
v 8.0000 9.0000 -4.0000
v 8.0000 9.0000 -5.0000
v 9.0000 9.0000 -5.0000
v 9.0000 9.0000 -4.0000
v 9.0000 10.0000 -5.0000
v 8.0000 10.0000 -5.0000
v 9.0000 15.0000 -5.0000
v 8.0000 9.0000 -6.0000
v 9.0000 9.0000 -6.0000
v 8.0000 10.0000 -6.0000
v 9.0000 10.0000 -6.0000
v 9.0000 11.0000 -6.0000
v 9.0000 15.0000 -6.0000
v 9.0000 14.0000 -5.0000
v 9.0000 14.0000 -6.0000
v 9.0000 11.0000 -7.0000
v 9.0000 15.0000 -7.0000
v 9.0000 14.0000 -7.0000
v 9.0000 11.0000 -8.0000
v 9.0000 14.0000 -8.0000
v 9.0000 7.0000 -9.0000
v 9.0000 7.0000 -8.0000
v 9.0000 8.0000 -8.0000
v 9.0000 8.0000 -9.0000
v 8.0000 9.0000 -8.0000
v 9.0000 9.0000 -8.0000
v 9.0000 9.0000 -9.0000
v 8.0000 9.0000 -9.0000
v 8.0000 10.0000 -8.0000
v 8.0000 10.0000 -9.0000
v 9.0000 10.0000 -9.0000
v 9.0000 10.0000 -8.0000
v 9.0000 11.0000 -9.0000
v 9.0000 14.0000 -9.0000
v 9.0000 11.0000 -10.0000
v 9.0000 14.0000 -10.0000
v 8.0000 10.0000 -10.0000
v 8.0000 10.0000 -11.0000
v 9.0000 10.0000 -11.0000
v 9.0000 10.0000 -10.0000
v 9.0000 11.0000 -11.0000
v 9.0000 12.0000 -11.0000
v 9.0000 14.0000 -11.0000
v 9.0000 12.0000 -12.0000
v 9.0000 14.0000 -12.0000
v 9.0000 13.0000 -12.0000
v 9.0000 13.0000 -11.0000
v 9.0000 13.0000 -13.0000
v 9.0000 12.0000 -13.0000
v 9.0000 9.0000 13.0000
v 9.0000 9.0000 12.0000
v 10.0000 9.0000 12.0000
v 10.0000 9.0000 13.0000
v 10.0000 10.0000 13.0000
v 9.0000 10.0000 13.0000
v 10.0000 10.0000 12.0000
v 10.0000 11.0000 13.0000
v 10.0000 11.0000 12.0000
v 10.0000 11.0000 11.0000
v 10.0000 12.0000 12.0000
v 10.0000 12.0000 11.0000
v 10.0000 13.0000 12.0000
v 10.0000 13.0000 11.0000
v 10.0000 11.0000 10.0000
v 10.0000 14.0000 11.0000
v 10.0000 14.0000 10.0000
v 9.0000 14.0000 10.0000
v 10.0000 11.0000 9.0000
v 10.0000 13.0000 9.0000
v 10.0000 12.0000 9.0000
v 10.0000 14.0000 9.0000
v 9.0000 14.0000 9.0000
v 10.0000 12.0000 8.0000
v 10.0000 11.0000 8.0000
v 10.0000 13.0000 8.0000
v 9.0000 15.0000 9.0000
v 10.0000 15.0000 9.0000
v 10.0000 15.0000 8.0000
v 10.0000 14.0000 8.0000
v 10.0000 11.0000 7.0000
v 10.0000 15.0000 7.0000
v 10.0000 14.0000 7.0000
v 10.0000 8.0000 7.0000
v 10.0000 8.0000 6.0000
v 10.0000 7.0000 6.0000
v 10.0000 7.0000 7.0000
v 10.0000 10.0000 6.0000
v 10.0000 10.0000 7.0000
v 10.0000 11.0000 6.0000
v 10.0000 15.0000 6.0000
v 10.0000 14.0000 6.0000
v 10.0000 11.0000 5.0000
v 10.0000 13.0000 6.0000
v 10.0000 13.0000 5.0000
v 10.0000 14.0000 5.0000
v 10.0000 15.0000 5.0000
v 10.0000 11.0000 4.0000
v 10.0000 15.0000 4.0000
v 10.0000 14.0000 4.0000
v 10.0000 11.0000 3.0000
v 10.0000 15.0000 3.0000
v 10.0000 14.0000 3.0000
v 10.0000 11.0000 2.0000
v 10.0000 15.0000 2.0000
v 10.0000 11.0000 1.0000
v 10.0000 15.0000 1.0000
v 10.0000 1.0000 1.0000
v 10.0000 1.0000 -0.0000
v 10.0000 0.0000 -0.0000
v 10.0000 0.0000 1.0000
v 10.0000 10.0000 -0.0000
v 10.0000 10.0000 1.0000
v 10.0000 11.0000 -0.0000
v 10.0000 15.0000 -0.0000
v 10.0000 14.0000 -0.0000
v 10.0000 -15.0000 -0.0000
v 10.0000 -15.0000 -1.0000
v 10.0000 -16.0000 -1.0000
v 10.0000 -16.0000 -0.0000
v 10.0000 -1.0000 -1.0000
v 10.0000 -1.0000 -0.0000
v 10.0000 0.0000 -1.0000
v 10.0000 1.0000 -1.0000
v 9.0000 2.0000 -0.0000
v 10.0000 2.0000 -0.0000
v 10.0000 2.0000 -1.0000
v 9.0000 2.0000 -1.0000
v 10.0000 10.0000 -1.0000
v 10.0000 11.0000 -1.0000
v 10.0000 14.0000 -1.0000
v 10.0000 11.0000 -2.0000
v 10.0000 14.0000 -2.0000
v 10.0000 11.0000 -3.0000
v 10.0000 14.0000 -3.0000
v 10.0000 11.0000 -4.0000
v 10.0000 15.0000 -3.0000
v 10.0000 14.0000 -4.0000
v 10.0000 15.0000 -4.0000
v 9.0000 16.0000 -3.0000
v 10.0000 16.0000 -3.0000
v 10.0000 16.0000 -4.0000
v 9.0000 16.0000 -4.0000
v 10.0000 10.0000 -5.0000
v 10.0000 10.0000 -4.0000
v 10.0000 15.0000 -5.0000
v 10.0000 14.0000 -5.0000
v 10.0000 16.0000 -5.0000
v 9.0000 16.0000 -5.0000
v 10.0000 10.0000 -6.0000
v 10.0000 11.0000 -6.0000
v 10.0000 11.0000 -5.0000
v 10.0000 14.0000 -6.0000
v 9.0000 10.0000 -7.0000
v 10.0000 10.0000 -7.0000
v 10.0000 11.0000 -7.0000
v 10.0000 14.0000 -7.0000
v 10.0000 11.0000 -8.0000
v 10.0000 14.0000 -8.0000
v 10.0000 8.0000 -9.0000
v 10.0000 8.0000 -8.0000
v 10.0000 9.0000 -8.0000
v 10.0000 9.0000 -9.0000
v 10.0000 10.0000 -8.0000
v 10.0000 10.0000 -9.0000
v 10.0000 11.0000 -9.0000
v 10.0000 14.0000 -9.0000
v 10.0000 11.0000 -10.0000
v 10.0000 14.0000 -10.0000
v 10.0000 13.0000 -9.0000
v 10.0000 13.0000 -10.0000
v 10.0000 11.0000 -11.0000
v 10.0000 12.0000 -11.0000
v 10.0000 12.0000 -10.0000
v 10.0000 14.0000 -11.0000
v 10.0000 13.0000 -11.0000
v 10.0000 13.0000 -12.0000
v 10.0000 12.0000 -12.0000
v 11.0000 10.0000 12.0000
v 11.0000 10.0000 13.0000
v 11.0000 11.0000 13.0000
v 11.0000 11.0000 12.0000
v 10.0000 12.0000 13.0000
v 11.0000 12.0000 13.0000
v 11.0000 12.0000 12.0000
v 10.0000 10.0000 11.0000
v 10.0000 10.0000 10.0000
v 11.0000 10.0000 10.0000
v 11.0000 10.0000 11.0000
v 11.0000 11.0000 11.0000
v 11.0000 12.0000 11.0000
v 11.0000 11.0000 10.0000
v 11.0000 12.0000 10.0000
v 11.0000 13.0000 11.0000
v 11.0000 13.0000 10.0000
v 11.0000 14.0000 11.0000
v 11.0000 14.0000 10.0000
v 10.0000 10.0000 9.0000
v 11.0000 10.0000 9.0000
v 11.0000 11.0000 9.0000
v 11.0000 14.0000 9.0000
v 11.0000 13.0000 9.0000
v 11.0000 11.0000 8.0000
v 11.0000 14.0000 8.0000
v 11.0000 13.0000 8.0000
v 10.0000 9.0000 8.0000
v 11.0000 9.0000 8.0000
v 11.0000 9.0000 7.0000
v 10.0000 9.0000 7.0000
v 10.0000 8.0000 8.0000
v 11.0000 8.0000 7.0000
v 11.0000 8.0000 8.0000
v 11.0000 11.0000 7.0000
v 11.0000 12.0000 8.0000
v 11.0000 12.0000 7.0000
v 11.0000 13.0000 7.0000
v 11.0000 14.0000 7.0000
v 11.0000 7.0000 6.0000
v 11.0000 7.0000 7.0000
v 11.0000 8.0000 6.0000
v 11.0000 9.0000 6.0000
v 10.0000 9.0000 6.0000
v 11.0000 11.0000 6.0000
v 11.0000 14.0000 6.0000
v 11.0000 13.0000 6.0000
v 10.0000 10.0000 5.0000
v 11.0000 10.0000 5.0000
v 11.0000 10.0000 6.0000
v 11.0000 11.0000 5.0000
v 11.0000 13.0000 5.0000
v 11.0000 11.0000 4.0000
v 11.0000 14.0000 5.0000
v 11.0000 14.0000 4.0000
v 11.0000 11.0000 3.0000
v 11.0000 14.0000 3.0000
v 11.0000 11.0000 2.0000
v 11.0000 15.0000 3.0000
v 11.0000 15.0000 2.0000
v 11.0000 11.0000 1.0000
v 11.0000 13.0000 2.0000
v 11.0000 13.0000 1.0000
v 11.0000 14.0000 1.0000
v 11.0000 14.0000 2.0000
v 11.0000 15.0000 1.0000
v 10.0000 2.0000 1.0000
v 11.0000 2.0000 1.0000
v 11.0000 2.0000 -0.0000
v 11.0000 1.0000 -0.0000
v 11.0000 1.0000 1.0000
v 11.0000 11.0000 -0.0000
v 11.0000 15.0000 -0.0000
v 11.0000 14.0000 -0.0000
v 10.0000 -2.0000 -0.0000
v 10.0000 -2.0000 -1.0000
v 11.0000 -2.0000 -1.0000
v 11.0000 -2.0000 -0.0000
v 11.0000 -1.0000 -0.0000
v 11.0000 -1.0000 -1.0000
v 11.0000 0.0000 -0.0000
v 11.0000 0.0000 -1.0000
v 11.0000 1.0000 -1.0000
v 11.0000 2.0000 -1.0000
v 11.0000 11.0000 -1.0000
v 10.0000 15.0000 -1.0000
v 11.0000 15.0000 -1.0000
v 11.0000 14.0000 -1.0000
v 10.0000 16.0000 -0.0000
v 11.0000 16.0000 -0.0000
v 11.0000 16.0000 -1.0000
v 10.0000 16.0000 -1.0000
v 10.0000 10.0000 -2.0000
v 11.0000 10.0000 -2.0000
v 11.0000 10.0000 -1.0000
v 11.0000 11.0000 -2.0000
v 11.0000 14.0000 -2.0000
v 11.0000 11.0000 -3.0000
v 10.0000 15.0000 -2.0000
v 11.0000 15.0000 -2.0000
v 11.0000 15.0000 -3.0000
v 11.0000 14.0000 -3.0000
v 10.0000 10.0000 -3.0000
v 11.0000 10.0000 -4.0000
v 11.0000 10.0000 -3.0000
v 11.0000 14.0000 -4.0000
v 11.0000 10.0000 -5.0000
v 11.0000 11.0000 -5.0000
v 11.0000 11.0000 -4.0000
v 11.0000 14.0000 -5.0000
v 11.0000 11.0000 -6.0000
v 11.0000 14.0000 -6.0000
v 10.0000 9.0000 -6.0000
v 10.0000 9.0000 -7.0000
v 11.0000 9.0000 -7.0000
v 11.0000 9.0000 -6.0000
v 11.0000 10.0000 -6.0000
v 11.0000 10.0000 -7.0000
v 11.0000 11.0000 -7.0000
v 11.0000 14.0000 -7.0000
v 11.0000 11.0000 -8.0000
v 11.0000 14.0000 -8.0000
v 11.0000 13.0000 -7.0000
v 11.0000 13.0000 -8.0000
v 11.0000 10.0000 -9.0000
v 11.0000 10.0000 -8.0000
v 11.0000 14.0000 -9.0000
v 11.0000 13.0000 -9.0000
v 10.0000 10.0000 -10.0000
v 11.0000 10.0000 -10.0000
v 11.0000 11.0000 -10.0000
v 11.0000 12.0000 -10.0000
v 11.0000 13.0000 -10.0000
v 11.0000 13.0000 -11.0000
v 11.0000 12.0000 -11.0000
v 11.0000 12.0000 -12.0000
v 10.0000 11.0000 -12.0000
v 11.0000 11.0000 -12.0000
v 11.0000 11.0000 -11.0000
v 11.0000 9.0000 12.0000
v 11.0000 9.0000 11.0000
v 12.0000 9.0000 11.0000
v 12.0000 9.0000 12.0000
v 12.0000 10.0000 12.0000
v 12.0000 10.0000 11.0000
v 12.0000 11.0000 12.0000
v 12.0000 11.0000 11.0000
v 12.0000 12.0000 12.0000
v 12.0000 12.0000 11.0000
v 12.0000 11.0000 10.0000
v 12.0000 10.0000 10.0000
v 12.0000 10.0000 9.0000
v 12.0000 11.0000 9.0000
v 12.0000 12.0000 10.0000
v 12.0000 12.0000 9.0000
v 12.0000 13.0000 10.0000
v 12.0000 13.0000 9.0000
v 11.0000 9.0000 9.0000
v 12.0000 9.0000 8.0000
v 12.0000 9.0000 9.0000
v 12.0000 10.0000 8.0000
v 11.0000 10.0000 8.0000
v 12.0000 11.0000 8.0000
v 12.0000 13.0000 8.0000
v 12.0000 12.0000 8.0000
v 12.0000 8.0000 7.0000
v 12.0000 8.0000 8.0000
v 12.0000 9.0000 7.0000
v 12.0000 10.0000 7.0000
v 11.0000 10.0000 7.0000
v 12.0000 12.0000 7.0000
v 12.0000 11.0000 7.0000
v 12.0000 14.0000 8.0000
v 12.0000 14.0000 7.0000
v 12.0000 13.0000 7.0000
v 12.0000 11.0000 6.0000
v 12.0000 14.0000 6.0000
v 12.0000 13.0000 6.0000
v 11.0000 9.0000 5.0000
v 12.0000 9.0000 5.0000
v 12.0000 9.0000 6.0000
v 12.0000 10.0000 6.0000
v 12.0000 10.0000 5.0000
v 12.0000 14.0000 5.0000
v 11.0000 9.0000 4.0000
v 12.0000 9.0000 4.0000
v 11.0000 10.0000 4.0000
v 12.0000 10.0000 4.0000
v 12.0000 11.0000 4.0000
v 12.0000 14.0000 4.0000
v 12.0000 13.0000 5.0000
v 12.0000 13.0000 4.0000
v 12.0000 11.0000 3.0000
v 12.0000 13.0000 3.0000
v 12.0000 14.0000 3.0000
v 11.0000 15.0000 4.0000
v 12.0000 15.0000 4.0000
v 12.0000 15.0000 3.0000
v 12.0000 11.0000 2.0000
v 12.0000 14.0000 2.0000
v 12.0000 13.0000 2.0000
v 12.0000 15.0000 2.0000
v 12.0000 11.0000 1.0000
v 12.0000 13.0000 1.0000
v 11.0000 0.0000 1.0000
v 12.0000 0.0000 -0.0000
v 12.0000 0.0000 1.0000
v 12.0000 1.0000 1.0000
v 12.0000 1.0000 -0.0000
v 12.0000 2.0000 1.0000
v 12.0000 2.0000 -0.0000
v 12.0000 11.0000 -0.0000
v 12.0000 14.0000 1.0000
v 12.0000 14.0000 -0.0000
v 12.0000 -1.0000 -0.0000
v 12.0000 -1.0000 -1.0000
v 12.0000 -2.0000 -1.0000
v 12.0000 -2.0000 -0.0000
v 12.0000 0.0000 -1.0000
v 12.0000 1.0000 -1.0000
v 12.0000 2.0000 -1.0000
v 11.0000 3.0000 -0.0000
v 12.0000 3.0000 -0.0000
v 12.0000 3.0000 -1.0000
v 11.0000 3.0000 -1.0000
v 12.0000 11.0000 -1.0000
v 12.0000 15.0000 -0.0000
v 12.0000 15.0000 -1.0000
v 12.0000 14.0000 -1.0000
v 12.0000 2.0000 -2.0000
v 11.0000 2.0000 -2.0000
v 11.0000 1.0000 -2.0000
v 12.0000 1.0000 -2.0000
v 12.0000 10.0000 -2.0000
v 12.0000 10.0000 -1.0000
v 12.0000 14.0000 -2.0000
v 12.0000 13.0000 -1.0000
v 12.0000 13.0000 -2.0000
v 12.0000 10.0000 -3.0000
v 12.0000 13.0000 -3.0000
v 12.0000 14.0000 -3.0000
v 12.0000 15.0000 -2.0000
v 12.0000 15.0000 -3.0000
v 12.0000 10.0000 -4.0000
v 12.0000 11.0000 -4.0000
v 12.0000 13.0000 -4.0000
v 12.0000 14.0000 -4.0000
v 12.0000 15.0000 -4.0000
v 11.0000 15.0000 -4.0000
v 12.0000 11.0000 -5.0000
v 12.0000 13.0000 -5.0000
v 12.0000 14.0000 -5.0000
v 12.0000 15.0000 -5.0000
v 11.0000 15.0000 -5.0000
v 12.0000 11.0000 -6.0000
v 12.0000 13.0000 -6.0000
v 12.0000 14.0000 -6.0000
v 12.0000 15.0000 -6.0000
v 11.0000 15.0000 -6.0000
v 12.0000 9.0000 -7.0000
v 12.0000 9.0000 -6.0000
v 12.0000 10.0000 -6.0000
v 12.0000 10.0000 -7.0000
v 12.0000 11.0000 -7.0000
v 12.0000 14.0000 -7.0000
v 12.0000 13.0000 -7.0000
v 11.0000 9.0000 -8.0000
v 12.0000 9.0000 -8.0000
v 12.0000 10.0000 -8.0000
v 12.0000 11.0000 -8.0000
v 12.0000 13.0000 -8.0000
v 11.0000 9.0000 -9.0000
v 12.0000 9.0000 -9.0000
v 12.0000 10.0000 -9.0000
v 12.0000 11.0000 -9.0000
v 12.0000 13.0000 -9.0000
v 12.0000 10.0000 -10.0000
v 12.0000 11.0000 -10.0000
v 12.0000 12.0000 -10.0000
v 12.0000 13.0000 -10.0000
v 12.0000 12.0000 -9.0000
v 12.0000 12.0000 -11.0000
v 12.0000 12.0000 -12.0000
v 12.0000 11.0000 -12.0000
v 12.0000 11.0000 -11.0000
v 13.0000 12.0000 11.0000
v 13.0000 12.0000 10.0000
v 13.0000 11.0000 10.0000
v 13.0000 11.0000 11.0000
v 13.0000 12.0000 9.0000
v 13.0000 12.0000 8.0000
v 13.0000 11.0000 8.0000
v 13.0000 11.0000 9.0000
v 13.0000 12.0000 7.0000
v 13.0000 11.0000 7.0000
v 13.0000 9.0000 6.0000
v 13.0000 9.0000 7.0000
v 13.0000 10.0000 7.0000
v 13.0000 10.0000 6.0000
v 13.0000 11.0000 6.0000
v 13.0000 13.0000 7.0000
v 13.0000 13.0000 6.0000
v 13.0000 12.0000 6.0000
v 13.0000 10.0000 5.0000
v 13.0000 12.0000 5.0000
v 13.0000 13.0000 5.0000
v 13.0000 14.0000 6.0000
v 13.0000 14.0000 5.0000
v 13.0000 10.0000 4.0000
v 13.0000 11.0000 4.0000
v 13.0000 11.0000 5.0000
v 13.0000 13.0000 4.0000
v 13.0000 12.0000 4.0000
v 12.0000 10.0000 3.0000
v 13.0000 10.0000 3.0000
v 13.0000 11.0000 3.0000
v 13.0000 13.0000 3.0000
v 13.0000 11.0000 2.0000
v 13.0000 13.0000 2.0000
v 13.0000 15.0000 3.0000
v 13.0000 15.0000 2.0000
v 13.0000 14.0000 2.0000
v 13.0000 14.0000 3.0000
v 13.0000 11.0000 1.0000
v 13.0000 13.0000 1.0000
v 13.0000 15.0000 1.0000
v 12.0000 15.0000 1.0000
v 13.0000 14.0000 1.0000
v 13.0000 11.0000 -0.0000
v 13.0000 14.0000 -0.0000
v 13.0000 1.0000 -0.0000
v 13.0000 1.0000 -1.0000
v 13.0000 0.0000 -1.0000
v 13.0000 0.0000 -0.0000
v 13.0000 3.0000 -0.0000
v 13.0000 3.0000 -1.0000
v 13.0000 2.0000 -1.0000
v 13.0000 2.0000 -0.0000
v 13.0000 11.0000 -1.0000
v 13.0000 14.0000 -1.0000
v 13.0000 13.0000 -1.0000
v 13.0000 13.0000 -0.0000
v 13.0000 15.0000 -0.0000
v 13.0000 15.0000 -1.0000
v 13.0000 10.0000 -2.0000
v 13.0000 10.0000 -1.0000
v 13.0000 13.0000 -2.0000
v 13.0000 10.0000 -3.0000
v 13.0000 11.0000 -3.0000
v 13.0000 11.0000 -2.0000
v 13.0000 13.0000 -3.0000
v 13.0000 10.0000 -4.0000
v 13.0000 11.0000 -4.0000
v 13.0000 13.0000 -4.0000
v 13.0000 11.0000 -5.0000
v 13.0000 13.0000 -5.0000
v 13.0000 11.0000 -6.0000
v 13.0000 13.0000 -6.0000
v 13.0000 11.0000 -7.0000
v 13.0000 13.0000 -7.0000
v 13.0000 11.0000 -8.0000
v 13.0000 13.0000 -8.0000
v 13.0000 12.0000 -7.0000
v 13.0000 12.0000 -8.0000
v 13.0000 11.0000 -9.0000
v 13.0000 13.0000 -9.0000
v 13.0000 12.0000 -9.0000
v 13.0000 10.0000 -10.0000
v 13.0000 10.0000 -9.0000
v 13.0000 12.0000 -10.0000
v 13.0000 11.0000 -10.0000
v 13.0000 11.0000 -11.0000
v 12.0000 10.0000 -11.0000
v 13.0000 10.0000 -11.0000
v 14.0000 12.0000 10.0000
v 14.0000 12.0000 9.0000
v 14.0000 11.0000 9.0000
v 14.0000 11.0000 10.0000
v 14.0000 12.0000 8.0000
v 14.0000 11.0000 8.0000
v 14.0000 12.0000 7.0000
v 14.0000 11.0000 7.0000
v 14.0000 12.0000 6.0000
v 14.0000 11.0000 6.0000
v 14.0000 10.0000 5.0000
v 14.0000 10.0000 6.0000
v 14.0000 11.0000 5.0000
v 14.0000 12.0000 5.0000
v 14.0000 12.0000 4.0000
v 14.0000 11.0000 4.0000
v 14.0000 10.0000 3.0000
v 14.0000 10.0000 4.0000
v 14.0000 11.0000 3.0000
v 14.0000 13.0000 4.0000
v 14.0000 13.0000 3.0000
v 14.0000 11.0000 2.0000
v 14.0000 13.0000 2.0000
v 14.0000 11.0000 1.0000
v 14.0000 14.0000 2.0000
v 14.0000 14.0000 1.0000
v 14.0000 13.0000 1.0000
v 14.0000 11.0000 -0.0000
v 14.0000 14.0000 -0.0000
v 14.0000 13.0000 -0.0000
v 14.0000 1.0000 -0.0000
v 14.0000 1.0000 -1.0000
v 14.0000 0.0000 -1.0000
v 14.0000 0.0000 -0.0000
v 14.0000 3.0000 -0.0000
v 14.0000 3.0000 -1.0000
v 14.0000 2.0000 -1.0000
v 14.0000 2.0000 -0.0000
v 13.0000 10.0000 -0.0000
v 14.0000 10.0000 -1.0000
v 14.0000 10.0000 -0.0000
v 14.0000 11.0000 -1.0000
v 14.0000 13.0000 -1.0000
v 14.0000 10.0000 -2.0000
v 14.0000 11.0000 -2.0000
v 14.0000 13.0000 -2.0000
v 14.0000 11.0000 -3.0000
v 13.0000 14.0000 -2.0000
v 14.0000 14.0000 -2.0000
v 14.0000 14.0000 -3.0000
v 13.0000 14.0000 -3.0000
v 14.0000 13.0000 -3.0000
v 14.0000 10.0000 -4.0000
v 14.0000 10.0000 -3.0000
v 14.0000 14.0000 -4.0000
v 13.0000 14.0000 -4.0000
v 14.0000 13.0000 -4.0000
v 13.0000 9.0000 -4.0000
v 13.0000 9.0000 -5.0000
v 14.0000 9.0000 -5.0000
v 14.0000 9.0000 -4.0000
v 14.0000 10.0000 -5.0000
v 13.0000 10.0000 -5.0000
v 14.0000 12.0000 -4.0000
v 14.0000 12.0000 -5.0000
v 14.0000 13.0000 -5.0000
v 14.0000 14.0000 -5.0000
v 13.0000 14.0000 -5.0000
v 13.0000 9.0000 -6.0000
v 14.0000 9.0000 -6.0000
v 14.0000 10.0000 -6.0000
v 13.0000 10.0000 -6.0000
v 14.0000 11.0000 -6.0000
v 14.0000 13.0000 -6.0000
v 14.0000 12.0000 -6.0000
v 14.0000 10.0000 -7.0000
v 13.0000 10.0000 -7.0000
v 13.0000 9.0000 -7.0000
v 14.0000 9.0000 -7.0000
v 14.0000 11.0000 -7.0000
v 14.0000 12.0000 -7.0000
v 14.0000 13.0000 -7.0000
v 14.0000 12.0000 -8.0000
v 14.0000 11.0000 -8.0000
v 13.0000 10.0000 -8.0000
v 14.0000 10.0000 -9.0000
v 14.0000 10.0000 -8.0000
v 14.0000 11.0000 -9.0000
v 14.0000 12.0000 -9.0000
v 14.0000 10.0000 -10.0000
v 14.0000 11.0000 -10.0000
v 14.0000 12.0000 -10.0000
v 15.0000 12.0000 6.0000
v 15.0000 12.0000 5.0000
v 15.0000 11.0000 5.0000
v 15.0000 11.0000 6.0000
v 15.0000 11.0000 4.0000
v 15.0000 12.0000 4.0000
v 14.0000 13.0000 5.0000
v 15.0000 13.0000 5.0000
v 15.0000 13.0000 4.0000
v 15.0000 10.0000 3.0000
v 15.0000 10.0000 4.0000
v 15.0000 11.0000 3.0000
v 15.0000 12.0000 3.0000
v 15.0000 13.0000 3.0000
v 15.0000 11.0000 2.0000
v 15.0000 12.0000 2.0000
v 15.0000 13.0000 2.0000
v 15.0000 11.0000 1.0000
v 15.0000 13.0000 1.0000
v 15.0000 12.0000 1.0000
v 15.0000 11.0000 -0.0000
v 15.0000 12.0000 -0.0000
v 15.0000 13.0000 -0.0000
v 15.0000 14.0000 1.0000
v 15.0000 14.0000 -0.0000
v 15.0000 11.0000 -1.0000
v 15.0000 14.0000 -1.0000
v 14.0000 14.0000 -1.0000
v 15.0000 13.0000 -1.0000
v 15.0000 10.0000 -2.0000
v 15.0000 10.0000 -1.0000
v 15.0000 12.0000 -1.0000
v 15.0000 12.0000 -2.0000
v 15.0000 13.0000 -2.0000
v 15.0000 14.0000 -2.0000
v 15.0000 10.0000 -3.0000
v 15.0000 13.0000 -3.0000
v 15.0000 10.0000 -4.0000
v 15.0000 11.0000 -4.0000
v 15.0000 11.0000 -3.0000
v 15.0000 12.0000 -4.0000
v 15.0000 12.0000 -3.0000
v 15.0000 13.0000 -4.0000
v 15.0000 10.0000 -5.0000
v 15.0000 12.0000 -5.0000
v 15.0000 10.0000 -6.0000
v 15.0000 11.0000 -6.0000
v 15.0000 11.0000 -5.0000
v 15.0000 12.0000 -6.0000
v 15.0000 13.0000 7.0000
v 16.0000 13.0000 7.0000
v 16.0000 13.0000 6.0000
v 15.0000 13.0000 6.0000
v 15.0000 12.0000 7.0000
v 16.0000 12.0000 6.0000
v 16.0000 12.0000 7.0000
v 16.0000 11.0000 5.0000
v 16.0000 11.0000 6.0000
v 16.0000 12.0000 5.0000
v 16.0000 13.0000 5.0000
v 16.0000 13.0000 4.0000
v 16.0000 12.0000 4.0000
v 16.0000 11.0000 4.0000
v 16.0000 11.0000 3.0000
v 16.0000 10.0000 3.0000
v 16.0000 10.0000 4.0000
v 15.0000 14.0000 4.0000
v 16.0000 14.0000 4.0000
v 16.0000 14.0000 3.0000
v 15.0000 14.0000 3.0000
v 16.0000 13.0000 3.0000
v 16.0000 12.0000 2.0000
v 16.0000 12.0000 1.0000
v 16.0000 11.0000 1.0000
v 16.0000 11.0000 2.0000
v 16.0000 11.0000 -0.0000
v 15.0000 10.0000 1.0000
v 15.0000 10.0000 -0.0000
v 16.0000 10.0000 -0.0000
v 16.0000 10.0000 1.0000
v 16.0000 11.0000 -1.0000
v 16.0000 12.0000 -0.0000
v 16.0000 12.0000 -1.0000
v 16.0000 13.0000 -0.0000
v 16.0000 13.0000 -1.0000
v 15.0000 9.0000 -1.0000
v 15.0000 9.0000 -2.0000
v 16.0000 9.0000 -2.0000
v 16.0000 9.0000 -1.0000
v 16.0000 10.0000 -1.0000
v 16.0000 10.0000 -2.0000
v 16.0000 11.0000 -2.0000
v 16.0000 12.0000 -2.0000
v 16.0000 10.0000 -3.0000
v 16.0000 11.0000 -3.0000
v 16.0000 12.0000 -3.0000
v 16.0000 13.0000 -2.0000
v 16.0000 13.0000 -3.0000
v 16.0000 10.0000 -5.0000
v 16.0000 10.0000 -4.0000
v 16.0000 11.0000 -4.0000
v 16.0000 11.0000 -5.0000
v 16.0000 12.0000 -4.0000
v 16.0000 12.0000 -5.0000
vt 0.001953 0.500000
vt 0.005859 0.500000
vt 0.009766 0.500000
vt 0.013672 0.500000
vt 0.017578 0.500000
vn 0.0 -1.0 0.0
vn 0.0 1.0 0.0
vn 0.0 0.0 1.0
vn 0.0 0.0 -1.0
vn -1.0 0.0 0.0
vn 1.0 0.0 0.0
usemtl mat_Drago_Adriana_Sofia_Espitia_Contreras_fase_4
s off
f 1/1/2 2/1/2 3/1/2 4/1/2
f 5/1/1 6/1/1 7/1/1 8/1/1
f 5/1/3 8/1/3 2/1/3 1/1/3
f 8/1/6 7/1/6 3/1/6 2/1/6
f 5/1/5 1/1/5 4/1/5 6/1/5
f 9/1/1 10/1/1 11/1/1 12/1/1
f 9/1/3 12/1/3 13/1/3 14/1/3
f 12/1/6 11/1/6 15/1/6 13/1/6
f 9/1/5 14/1/5 16/1/5 10/1/5
f 17/2/2 18/2/2 19/2/2 20/2/2
f 14/2/3 13/2/3 18/2/3 17/2/3
f 16/2/4 20/2/4 19/2/4 15/2/4
f 13/2/6 15/2/6 19/2/6 18/2/6
f 14/2/5 17/2/5 20/2/5 16/2/5
f 4/1/2 3/1/2 21/1/2 22/1/2
f 6/1/1 23/1/1 24/1/1 7/1/1
f 7/1/6 24/1/6 21/1/6 3/1/6
f 6/1/5 4/1/5 22/1/5 23/1/5
f 16/2/2 15/2/2 25/2/2 26/2/2
f 10/2/1 27/2/1 28/2/1 11/2/1
f 27/2/4 26/2/4 25/2/4 28/2/4
f 11/2/6 28/2/6 25/2/6 15/2/6
f 10/2/5 16/2/5 26/2/5 27/2/5
f 22/2/2 21/2/2 29/2/2 30/2/2
f 23/2/1 31/2/1 32/2/1 24/2/1
f 24/2/6 32/2/6 29/2/6 21/2/6
f 23/2/5 22/2/5 30/2/5 31/2/5
f 30/2/2 29/2/2 33/2/2 34/2/2
f 31/2/1 35/2/1 36/2/1 32/2/1
f 35/2/4 34/2/4 33/2/4 36/2/4
f 32/2/6 36/2/6 33/2/6 29/2/6
f 31/2/5 30/2/5 34/2/5 35/2/5
f 37/1/1 38/1/1 39/1/1 40/1/1
f 37/1/3 40/1/3 41/1/3 42/1/3
f 38/1/4 43/1/4 44/1/4 39/1/4
f 37/1/5 42/1/5 43/1/5 38/1/5
f 35/2/2 36/2/2 45/2/2 46/2/2
f 42/2/3 41/2/3 36/2/3 35/2/3
f 42/2/5 35/2/5 46/2/5 43/2/5
f 46/2/2 45/2/2 47/2/2 48/2/2
f 43/2/1 49/2/1 50/2/1 44/2/1
f 43/2/5 46/2/5 48/2/5 49/2/5
f 48/1/2 47/1/2 51/1/2 52/1/2
f 49/1/1 53/1/1 54/1/1 50/1/1
f 49/1/5 48/1/5 52/1/5 53/1/5
f 52/1/2 51/1/2 55/1/2 56/1/2
f 53/1/1 57/1/1 58/1/1 54/1/1
f 53/1/5 52/1/5 56/1/5 57/1/5
f 59/1/1 60/1/1 61/1/1 62/1/1
f 59/1/3 62/1/3 58/1/3 57/1/3
f 62/1/6 61/1/6 63/1/6 58/1/6
f 59/1/5 57/1/5 64/1/5 60/1/5
f 56/1/2 55/1/2 65/1/2 66/1/2
f 58/1/6 63/1/6 65/1/6 55/1/6
f 57/1/5 56/1/5 66/1/5 64/1/5
f 60/2/1 67/2/1 68/2/1 61/2/1
f 67/2/4 69/2/4 70/2/4 68/2/4
f 61/2/6 68/2/6 70/2/6 63/2/6
f 60/2/5 64/2/5 69/2/5 67/2/5
f 63/2/6 70/2/6 71/2/6 65/2/6
f 64/2/5 66/2/5 72/2/5 69/2/5
f 73/1/2 74/1/2 75/1/2 76/1/2
f 66/1/3 65/1/3 74/1/3 73/1/3
f 72/1/4 76/1/4 75/1/4 71/1/4
f 65/1/6 71/1/6 75/1/6 74/1/6
f 66/1/5 73/1/5 76/1/5 72/1/5
f 72/2/2 71/2/2 77/2/2 78/2/2
f 69/2/1 79/2/1 80/2/1 70/2/1
f 79/2/4 78/2/4 77/2/4 80/2/4
f 70/2/6 80/2/6 77/2/6 71/2/6
f 69/2/5 72/2/5 78/2/5 79/2/5
f 25/2/2 81/2/2 82/2/2 40/2/2
f 28/2/1 83/2/1 84/2/1 85/2/1
f 28/2/3 85/2/3 81/2/3 25/2/3
f 28/2/5 25/2/5 40/2/5 83/2/5
f 83/2/1 86/2/1 87/2/1 84/2/1
f 86/2/4 39/2/4 88/2/4 87/2/4
f 84/2/6 87/2/6 88/2/6 82/2/6
f 83/2/5 40/2/5 39/2/5 86/2/5
f 40/2/3 82/2/3 89/2/3 41/2/3
f 39/2/4 44/2/4 90/2/4 88/2/4
f 36/2/2 91/2/2 92/2/2 45/2/2
f 41/2/3 89/2/3 91/2/3 36/2/3
f 45/1/2 92/1/2 93/1/2 47/1/2
f 44/1/1 50/1/1 94/1/1 90/1/1
f 47/1/2 93/1/2 95/1/2 51/1/2
f 50/1/1 54/1/1 96/1/1 94/1/1
f 94/1/6 96/1/6 95/1/6 93/1/6
f 51/1/2 95/1/2 97/1/2 55/1/2
f 54/1/1 58/1/1 98/1/1 96/1/1
f 58/1/4 55/1/4 97/1/4 98/1/4
f 99/2/2 100/2/2 101/2/2 102/2/2
f 77/2/1 103/2/1 104/2/1 105/2/1
f 77/2/3 105/2/3 100/2/3 99/2/3
f 103/2/4 102/2/4 101/2/4 104/2/4
f 77/2/5 99/2/5 102/2/5 103/2/5
f 106/2/1 107/2/1 108/2/1 109/2/1
f 106/2/3 109/2/3 110/2/3 111/2/3
f 107/2/4 112/2/4 113/2/4 108/2/4
f 106/2/5 111/2/5 112/2/5 107/2/5
f 114/2/2 115/2/2 116/2/2 117/2/2
f 111/2/3 110/2/3 115/2/3 114/2/3
f 111/2/5 114/2/5 117/2/5 112/2/5
f 117/2/2 116/2/2 118/2/2 119/2/2
f 112/2/1 120/2/1 121/2/1 113/2/1
f 112/2/5 117/2/5 119/2/5 120/2/5
f 119/2/2 118/2/2 122/2/2 123/2/2
f 120/2/1 124/2/1 125/2/1 121/2/1
f 120/2/5 119/2/5 123/2/5 124/2/5
f 123/2/2 122/2/2 126/2/2 127/2/2
f 124/2/1 128/2/1 129/2/1 125/2/1
f 124/2/5 123/2/5 127/2/5 128/2/5
f 127/2/2 126/2/2 130/2/2 131/2/2
f 128/2/1 132/2/1 133/2/1 129/2/1
f 128/2/5 127/2/5 131/2/5 132/2/5
f 134/2/1 85/2/1 135/2/1 136/2/1
f 134/2/3 136/2/3 133/2/3 132/2/3
f 136/2/6 135/2/6 137/2/6 133/2/6
f 134/2/5 132/2/5 81/2/5 85/2/5
f 131/2/2 130/2/2 138/2/2 139/2/2
f 132/2/5 131/2/5 139/2/5 81/2/5
f 85/1/1 84/1/1 140/1/1 135/1/1
f 84/1/4 82/1/4 141/1/4 140/1/4
f 135/1/6 140/1/6 141/1/6 137/1/6
f 139/2/2 138/2/2 142/2/2 89/2/2
f 137/2/6 141/2/6 142/2/6 138/2/6
f 81/2/5 139/2/5 89/2/5 82/2/5
f 143/2/2 144/2/2 145/2/2 146/2/2
f 147/2/1 91/2/1 148/2/1 149/2/1
f 147/2/3 149/2/3 144/2/3 143/2/3
f 147/2/5 143/2/5 146/2/5 91/2/5
f 82/1/1 88/1/1 150/1/1 141/1/1
f 88/1/4 90/1/4 151/1/4 150/1/4
f 89/2/3 142/2/3 148/2/3 91/2/3
f 91/2/5 146/2/5 152/2/5 92/2/5
f 153/1/2 154/1/2 155/1/2 156/1/2
f 146/1/3 145/1/3 154/1/3 153/1/3
f 146/1/5 153/1/5 156/1/5 152/1/5
f 90/1/1 94/1/1 157/1/1 151/1/1
f 94/1/4 93/1/4 158/1/4 157/1/4
f 92/2/5 152/2/5 159/2/5 93/2/5
f 156/1/2 155/1/2 160/1/2 161/1/2
f 159/1/4 161/1/4 160/1/4 162/1/4
f 152/1/5 156/1/5 161/1/5 159/1/5
f 163/3/2 164/3/2 165/3/2 166/3/2
f 167/3/1 168/3/1 169/3/1 170/3/1
f 167/3/3 170/3/3 164/3/3 163/3/3
f 168/3/4 166/3/4 165/3/4 169/3/4
f 167/3/5 163/3/5 166/3/5 168/3/5
f 159/2/2 162/2/2 171/2/2 172/2/2
f 93/2/1 95/2/1 173/2/1 158/2/1
f 95/2/4 172/2/4 171/2/4 173/2/4
f 93/2/5 159/2/5 172/2/5 95/2/5
f 174/4/2 175/4/2 176/4/2 177/4/2
f 178/4/1 179/4/1 180/4/1 181/4/1
f 178/4/3 181/4/3 175/4/3 174/4/3
f 179/4/4 177/4/4 176/4/4 180/4/4
f 178/4/5 174/4/5 177/4/5 179/4/5
f 95/2/2 173/2/2 182/2/2 97/2/2
f 96/2/1 98/2/1 183/2/1 184/2/1
f 96/2/3 184/2/3 173/2/3 95/2/3
f 98/2/1 185/2/1 186/2/1 183/2/1
f 98/2/5 97/2/5 187/2/5 185/2/5
f 188/2/2 189/2/2 190/2/2 191/2/2
f 97/2/3 182/2/3 189/2/3 188/2/3
f 97/2/5 188/2/5 191/2/5 187/2/5
f 185/2/1 192/2/1 193/2/1 186/2/1
f 185/2/5 187/2/5 194/2/5 192/2/5
f 187/2/5 191/2/5 195/2/5 194/2/5
f 196/2/2 197/2/2 198/2/2 199/2/2
f 191/2/3 190/2/3 197/2/3 196/2/3
f 195/2/4 199/2/4 198/2/4 200/2/4
f 191/2/5 196/2/5 199/2/5 195/2/5
f 192/1/1 201/1/1 202/1/1 193/1/1
f 192/1/5 194/1/5 105/1/5 201/1/5
f 195/2/2 200/2/2 203/2/2 100/2/2
f 194/2/5 195/2/5 100/2/5 105/2/5
f 204/1/1 205/1/1 206/1/1 207/1/1
f 204/1/3 207/1/3 202/1/3 201/1/3
f 205/1/4 208/1/4 209/1/4 206/1/4
f 204/1/5 201/1/5 208/1/5 205/1/5
f 202/2/6 209/2/6 210/2/6 211/2/6
f 201/2/5 105/2/5 104/2/5 208/2/5
f 100/2/2 203/2/2 212/2/2 101/2/2
f 208/2/1 213/2/1 214/2/1 209/2/1
f 213/2/4 215/2/4 216/2/4 214/2/4
f 208/2/5 104/2/5 215/2/5 213/2/5
f 215/2/4 217/2/4 218/2/4 216/2/4
f 104/2/5 101/2/5 217/2/5 215/2/5
f 219/2/2 220/2/2 221/2/2 222/2/2
f 101/2/3 212/2/3 220/2/3 219/2/3
f 217/2/4 222/2/4 221/2/4 218/2/4
f 212/2/6 218/2/6 221/2/6 220/2/6
f 101/2/5 219/2/5 222/2/5 217/2/5
f 223/1/2 224/1/2 225/1/2 226/1/2
f 227/1/1 228/1/1 229/1/1 230/1/1
f 227/1/3 230/1/3 224/1/3 223/1/3
f 230/1/6 229/1/6 225/1/6 224/1/6
f 227/1/5 223/1/5 226/1/5 228/1/5
f 231/2/1 109/2/1 232/2/1 233/2/1
f 231/2/3 233/2/3 234/2/3 235/2/3
f 233/2/6 232/2/6 236/2/6 234/2/6
f 231/2/5 235/2/5 110/2/5 109/2/5
f 237/2/2 238/2/2 239/2/2 115/2/2
f 235/2/3 234/2/3 238/2/3 237/2/3
f 234/2/6 236/2/6 239/2/6 238/2/6
f 235/2/5 237/2/5 115/2/5 110/2/5
f 240/1/1 241/1/1 242/1/1 243/1/1
f 240/1/3 243/1/3 229/1/3 228/1/3
f 243/1/6 242/1/6 244/1/6 229/1/6
f 240/1/5 228/1/5 245/1/5 241/1/5
f 229/2/6 244/2/6 246/2/6 225/2/6
f 228/2/5 226/2/5 247/2/5 245/2/5
f 248/1/2 249/1/2 250/1/2 251/1/2
f 226/1/3 225/1/3 249/1/3 248/1/3
f 225/1/6 246/1/6 250/1/6 249/1/6
f 226/1/5 248/1/5 251/1/5 247/1/5
f 109/2/1 108/2/1 252/2/1 232/2/1
f 115/2/2 239/2/2 253/2/2 116/2/2
f 241/2/1 254/2/1 255/2/1 242/2/1
f 242/2/6 255/2/6 256/2/6 244/2/6
f 241/2/5 245/2/5 257/2/5 254/2/5
f 244/1/6 256/1/6 258/1/6 246/1/6
f 245/1/5 247/1/5 259/1/5 257/1/5
f 251/1/2 250/1/2 260/1/2 261/1/2
f 259/1/4 261/1/4 260/1/4 258/1/4
f 246/1/6 258/1/6 260/1/6 250/1/6
f 247/1/5 251/1/5 261/1/5 259/1/5
f 108/2/1 262/2/1 263/2/1 252/2/1
f 262/2/4 121/2/4 264/2/4 263/2/4
f 252/2/6 263/2/6 264/2/6 265/2/6
f 108/2/5 113/2/5 121/2/5 262/2/5
f 116/1/2 253/1/2 266/1/2 118/1/2
f 254/2/1 267/2/1 268/2/1 255/2/1
f 254/2/5 257/2/5 269/2/5 267/2/5
f 259/1/2 258/1/2 270/1/2 271/1/2
f 269/1/4 271/1/4 270/1/4 272/1/4
f 256/1/6 272/1/6 270/1/6 258/1/6
f 257/1/5 259/1/5 271/1/5 269/1/5
f 121/2/1 125/2/1 273/2/1 264/2/1
f 118/2/3 266/2/3 268/2/3 267/2/3
f 118/2/5 267/2/5 274/2/5 122/2/5
f 269/1/2 272/1/2 275/1/2 276/1/2
f 267/1/5 269/1/5 276/1/5 274/1/5
f 125/2/1 129/2/1 277/2/1 273/2/1
f 122/2/5 274/2/5 278/2/5 126/2/5
f 274/1/5 276/1/5 279/1/5 278/1/5
f 280/1/2 281/1/2 282/1/2 283/1/2
f 276/1/3 275/1/3 281/1/3 280/1/3
f 276/1/5 280/1/5 283/1/5 279/1/5
f 129/2/1 133/2/1 284/2/1 277/2/1
f 277/2/6 284/2/6 285/2/6 286/2/6
f 126/2/5 278/2/5 287/2/5 130/2/5
f 278/2/5 279/2/5 288/2/5 287/2/5
f 283/1/2 282/1/2 289/1/2 290/1/2
f 279/1/5 283/1/5 290/1/5 288/1/5
f 136/2/2 291/2/2 292/2/2 135/2/2
f 293/2/1 294/2/1 295/2/1 296/2/1
f 293/2/3 296/2/3 291/2/3 136/2/3
f 296/2/6 295/2/6 292/2/6 291/2/6
f 293/2/5 136/2/5 135/2/5 294/2/5
f 133/1/1 137/1/1 297/1/1 284/1/1
f 137/1/4 138/1/4 298/1/4 297/1/4
f 130/1/5 287/1/5 149/1/5 138/1/5
f 287/1/5 288/1/5 144/1/5 149/1/5
f 288/1/5 290/1/5 299/1/5 144/1/5
f 300/2/2 301/2/2 302/2/2 303/2/2
f 290/2/3 289/2/3 301/2/3 300/2/3
f 299/2/4 303/2/4 302/2/4 304/2/4
f 289/2/6 304/2/6 302/2/6 301/2/6
f 290/2/5 300/2/5 303/2/5 299/2/5
f 135/2/2 292/2/2 305/2/2 140/2/2
f 294/2/1 306/2/1 307/2/1 295/2/1
f 295/2/6 307/2/6 305/2/6 292/2/6
f 294/2/5 135/2/5 140/2/5 306/2/5
f 138/1/1 142/1/1 308/1/1 298/1/1
f 138/1/5 149/1/5 148/1/5 142/1/5
f 299/2/2 304/2/2 309/2/2 154/2/2
f 144/2/5 299/2/5 154/2/5 145/2/5
f 306/2/1 310/2/1 311/2/1 307/2/1
f 310/2/4 312/2/4 313/2/4 311/2/4
f 307/2/6 311/2/6 313/2/6 305/2/6
f 306/2/5 140/2/5 312/2/5 310/2/5
f 140/3/3 305/3/3 314/3/3 141/3/3
f 312/3/4 150/3/4 315/3/4 313/3/4
f 305/3/6 313/3/6 315/3/6 314/3/6
f 140/3/5 141/3/5 150/3/5 312/3/5
f 141/2/3 314/2/3 308/2/3 142/2/3
f 154/2/2 309/2/2 316/2/2 155/2/2
f 150/2/1 317/2/1 318/2/1 315/2/1
f 317/2/4 157/2/4 319/2/4 318/2/4
f 315/2/6 318/2/6 319/2/6 320/2/6
f 150/2/5 151/2/5 157/2/5 317/2/5
f 321/2/2 322/2/2 323/2/2 324/2/2
f 155/2/3 316/2/3 322/2/3 321/2/3
f 160/2/4 324/2/4 323/2/4 325/2/4
f 316/2/6 325/2/6 323/2/6 322/2/6
f 155/2/5 321/2/5 324/2/5 160/2/5
f 164/3/2 326/3/2 327/3/2 165/3/2
f 170/3/1 169/3/1 328/3/1 329/3/1
f 170/3/3 329/3/3 326/3/3 164/3/3
f 169/3/4 165/3/4 327/3/4 328/3/4
f 157/2/1 184/2/1 330/2/1 319/2/1
f 157/2/5 158/2/5 173/2/5 184/2/5
f 160/2/2 325/2/2 331/2/2 332/2/2
f 162/2/5 160/2/5 332/2/5 171/2/5
f 165/4/1 333/4/1 334/4/1 327/4/1
f 165/4/3 327/4/3 335/4/3 181/4/3
f 333/4/4 180/4/4 336/4/4 334/4/4
f 165/4/5 181/4/5 180/4/5 333/4/5
f 175/4/2 337/4/2 338/4/2 176/4/2
f 181/4/3 335/4/3 337/4/3 175/4/3
f 180/4/4 176/4/4 338/4/4 336/4/4
f 335/4/6 336/4/6 338/4/6 337/4/6
f 184/2/1 183/2/1 339/2/1 330/2/1
f 173/2/5 171/2/5 189/2/5 182/2/5
f 332/4/2 331/4/2 340/4/2 341/4/2
f 189/4/4 341/4/4 340/4/4 342/4/4
f 171/4/5 332/4/5 341/4/5 189/4/5
f 183/2/1 186/2/1 343/2/1 339/2/1
f 189/1/2 342/1/2 344/1/2 190/1/2
f 186/2/1 193/2/1 345/2/1 343/2/1
f 197/2/2 346/2/2 347/2/2 198/2/2
f 190/2/3 344/2/3 346/2/3 197/2/3
f 193/1/1 202/1/1 348/1/1 345/1/1
f 202/1/4 211/1/4 349/1/4 348/1/4
f 198/1/2 347/1/2 350/1/2 351/1/2
f 203/1/4 351/1/4 350/1/4 352/1/4
f 200/1/5 198/1/5 351/1/5 203/1/5
f 353/2/1 354/2/1 355/2/1 356/2/1
f 353/2/3 356/2/3 357/2/3 207/2/3
f 354/2/4 206/2/4 358/2/4 355/2/4
f 356/2/6 355/2/6 358/2/6 357/2/6
f 353/2/5 207/2/5 206/2/5 354/2/5
f 202/2/2 348/2/2 359/2/2 209/2/2
f 207/2/3 357/2/3 348/2/3 202/2/3
f 357/2/6 358/2/6 359/2/6 348/2/6
f 203/1/2 352/1/2 360/1/2 212/1/2
f 211/1/1 210/1/1 361/1/1 349/1/1
f 206/1/1 362/1/1 363/1/1 358/1/1
f 206/1/5 209/1/5 214/1/5 362/1/5
f 209/1/3 359/1/3 361/1/3 210/1/3
f 359/1/6 364/1/6 365/1/6 361/1/6
f 212/1/2 360/1/2 366/1/2 218/1/2
f 362/2/1 367/2/1 368/2/1 363/2/1
f 367/2/4 369/2/4 370/2/4 368/2/4
f 362/2/5 214/2/5 369/2/5 367/2/5
f 369/2/4 371/2/4 372/2/4 370/2/4
f 214/2/5 216/2/5 371/2/5 369/2/5
f 218/2/2 366/2/2 373/2/2 374/2/2
f 216/2/5 218/2/5 374/2/5 371/2/5
f 374/2/2 373/2/2 375/2/2 376/2/2
f 371/2/1 377/2/1 378/2/1 372/2/1
f 377/2/4 376/2/4 375/2/4 378/2/4
f 371/2/5 374/2/5 376/2/5 377/2/5
f 379/2/1 380/2/1 381/2/1 382/2/1
f 379/2/3 382/2/3 383/2/3 384/2/3
f 380/2/4 385/2/4 386/2/4 381/2/4
f 379/2/5 384/2/5 385/2/5 380/2/5
f 387/1/2 388/1/2 389/1/2 390/1/2
f 384/1/3 383/1/3 388/1/3 387/1/3
f 385/1/4 390/1/4 389/1/4 386/1/4
f 384/1/5 387/1/5 390/1/5 385/1/5
f 380/2/2 381/2/2 391/2/2 234/2/2
f 392/2/1 233/2/1 393/2/1 394/2/1
f 392/2/3 394/2/3 381/2/3 380/2/3
f 233/2/4 234/2/4 391/2/4 393/2/4
f 392/2/5 380/2/5 234/2/5 233/2/5
f 232/2/1 252/2/1 395/2/1 396/2/1
f 232/2/3 396/2/3 397/2/3 236/2/3
f 252/2/4 265/2/4 398/2/4 395/2/4
f 396/2/6 395/2/6 398/2/6 397/2/6
f 236/2/3 397/2/3 399/2/3 239/2/3
f 242/2/2 400/2/2 401/2/2 255/2/2
f 239/2/3 399/2/3 400/2/3 242/2/3
f 239/2/5 242/2/5 255/2/5 253/2/5
f 265/2/1 264/2/1 402/2/1 398/2/1
f 398/2/6 402/2/6 403/2/6 404/2/6
f 253/2/5 255/2/5 268/2/5 266/2/5
f 256/2/2 405/2/2 406/2/2 272/2/2
f 255/2/3 401/2/3 405/2/3 256/2/3
f 263/2/1 407/2/1 408/2/1 409/2/1
f 263/2/3 409/2/3 402/2/3 264/2/3
f 407/2/4 273/2/4 410/2/4 408/2/4
f 409/2/6 408/2/6 410/2/6 402/2/6
f 263/2/5 264/2/5 273/2/5 407/2/5
f 270/1/2 411/1/2 412/1/2 281/1/2
f 272/1/3 406/1/3 411/1/3 270/1/3
f 272/1/5 270/1/5 281/1/5 275/1/5
f 273/2/1 277/2/1 413/2/1 410/2/1
f 277/2/4 286/2/4 414/2/4 413/2/4
f 415/1/2 416/1/2 417/1/2 418/1/2
f 281/1/3 412/1/3 416/1/3 415/1/3
f 281/1/5 415/1/5 418/1/5 282/1/5
f 286/2/1 285/2/1 419/2/1 414/2/1
f 418/2/2 417/2/2 420/2/2 301/2/2
f 289/2/4 301/2/4 420/2/4 421/2/4
f 282/2/5 418/2/5 301/2/5 289/2/5
f 284/1/1 297/1/1 422/1/1 423/1/1
f 284/1/3 423/1/3 419/1/3 285/1/3
f 289/2/2 421/2/2 424/2/2 304/2/2
f 297/2/1 314/2/1 425/2/1 422/2/1
f 422/2/6 425/2/6 426/2/6 427/2/6
f 297/2/5 298/2/5 308/2/5 314/2/5
f 304/2/2 424/2/2 428/2/2 309/2/2
f 314/2/1 315/2/1 429/2/1 425/2/1
f 315/2/4 320/2/4 430/2/4 429/2/4
f 309/2/2 428/2/2 431/2/2 316/2/2
f 432/3/2 433/3/2 434/3/2 435/3/2
f 436/3/1 437/3/1 438/3/1 439/3/1
f 436/3/3 439/3/3 433/3/3 432/3/3
f 437/3/4 435/3/4 434/3/4 438/3/4
f 436/3/5 432/3/5 435/3/5 437/3/5
f 440/3/1 329/3/1 441/3/1 442/3/1
f 440/3/3 442/3/3 443/3/3 444/3/3
f 440/3/5 444/3/5 326/3/5 329/3/5
f 445/4/2 446/4/2 447/4/2 448/4/2
f 444/4/3 443/4/3 446/4/3 445/4/3
f 443/4/6 449/4/6 447/4/6 446/4/6
f 444/4/5 445/4/5 448/4/5 326/4/5
f 320/2/1 319/2/1 450/2/1 430/2/1
f 316/2/2 431/2/2 451/2/2 325/2/2
f 329/4/1 328/4/1 452/4/1 441/4/1
f 328/4/4 327/4/4 453/4/4 452/4/4
f 448/4/2 447/4/2 454/4/2 335/4/2
f 326/4/5 448/4/5 335/4/5 327/4/5
f 319/2/1 330/2/1 455/2/1 450/2/1
f 325/2/2 451/2/2 456/2/2 331/2/2
f 335/4/2 454/4/2 457/4/2 336/4/2
f 327/4/1 334/4/1 458/4/1 453/4/1
f 334/4/4 336/4/4 457/4/4 458/4/4
f 453/4/6 458/4/6 457/4/6 454/4/6
f 330/2/1 339/2/1 459/2/1 455/2/1
f 460/1/2 461/1/2 462/1/2 463/1/2
f 331/1/3 456/1/3 461/1/3 460/1/3
f 340/1/4 463/1/4 462/1/4 464/1/4
f 331/1/5 460/1/5 463/1/5 340/1/5
f 339/2/1 343/2/1 465/2/1 459/2/1
f 340/2/2 464/2/2 466/2/2 346/2/2
f 342/2/5 340/2/5 346/2/5 344/2/5
f 467/1/1 468/1/1 469/1/1 470/1/1
f 467/1/3 470/1/3 465/1/3 343/1/3
f 468/1/4 345/1/4 471/1/4 469/1/4
f 470/1/6 469/1/6 471/1/6 465/1/6
f 467/1/5 343/1/5 345/1/5 468/1/5
f 346/2/2 466/2/2 472/2/2 347/2/2
f 345/2/1 348/2/1 473/2/1 471/2/1
f 348/2/4 349/2/4 474/2/4 473/2/4
f 347/1/2 472/1/2 475/1/2 350/1/2
f 349/2/1 361/2/1 476/2/1 474/2/1
f 350/1/2 475/1/2 477/1/2 478/1/2
f 360/1/4 478/1/4 477/1/4 479/1/4
f 352/1/5 350/1/5 478/1/5 360/1/5
f 359/2/2 480/2/2 481/2/2 364/2/2
f 358/2/1 363/2/1 482/2/1 483/2/1
f 358/2/3 483/2/3 480/2/3 359/2/3
f 483/2/6 482/2/6 481/2/6 480/2/6
f 360/1/2 479/1/2 484/1/2 366/1/2
f 361/1/1 365/1/1 485/1/1 476/1/1
f 486/2/1 487/2/1 488/2/1 489/2/1
f 486/2/3 489/2/3 482/2/3 363/2/3
f 487/2/4 368/2/4 490/2/4 488/2/4
f 489/2/6 488/2/6 490/2/6 482/2/6
f 486/2/5 363/2/5 368/2/5 487/2/5
f 368/1/4 370/1/4 491/1/4 490/1/4
f 482/1/6 490/1/6 491/1/6 481/1/6
f 364/1/3 481/1/3 485/1/3 365/1/3
f 481/1/6 491/1/6 492/1/6 485/1/6
f 366/1/2 484/1/2 493/1/2 373/1/2
f 370/2/1 494/2/1 495/2/1 491/2/1
f 494/2/4 378/2/4 496/2/4 495/2/4
f 370/2/5 372/2/5 378/2/5 494/2/5
f 378/2/4 375/2/4 497/2/4 496/2/4
f 498/1/2 499/1/2 500/1/2 501/1/2
f 373/1/3 493/1/3 499/1/3 498/1/3
f 375/1/4 501/1/4 500/1/4 497/1/4
f 373/1/5 498/1/5 501/1/5 375/1/5
f 502/2/2 503/2/2 504/2/2 505/2/2
f 506/2/1 507/2/1 508/2/1 509/2/1
f 506/2/3 509/2/3 503/2/3 502/2/3
f 509/2/6 508/2/6 504/2/6 503/2/6
f 506/2/5 502/2/5 505/2/5 507/2/5
f 505/2/2 504/2/2 510/2/2 511/2/2
f 507/2/1 512/2/1 513/2/1 508/2/1
f 508/2/6 513/2/6 510/2/6 504/2/6
f 507/2/5 505/2/5 511/2/5 512/2/5
f 514/2/1 515/2/1 516/2/1 517/2/1
f 514/2/3 517/2/3 518/2/3 519/2/3
f 514/2/5 519/2/5 382/2/5 515/2/5
f 519/2/3 518/2/3 513/2/3 512/2/3
f 519/2/5 512/2/5 383/2/5 382/2/5
f 511/2/2 510/2/2 520/2/2 388/2/2
f 512/2/5 511/2/5 388/2/5 383/2/5
f 515/1/1 394/1/1 521/1/1 516/1/1
f 515/1/5 382/1/5 381/1/5 394/1/5
f 522/2/2 523/2/2 524/2/2 525/2/2
f 388/2/3 520/2/3 523/2/3 522/2/3
f 388/2/5 522/2/5 525/2/5 389/2/5
f 526/2/1 527/2/1 528/2/1 529/2/1
f 526/2/3 529/2/3 521/2/3 394/2/3
f 529/2/6 528/2/6 530/2/6 521/2/6
f 526/2/5 394/2/5 393/2/5 527/2/5
f 521/1/6 530/1/6 531/1/6 532/1/6
f 381/2/5 386/2/5 533/2/5 391/2/5
f 386/1/5 389/1/5 534/1/5 533/1/5
f 525/2/2 524/2/2 535/2/2 536/2/2
f 389/2/5 525/2/5 536/2/5 534/2/5
f 537/1/2 538/1/2 539/1/2 540/1/2
f 541/1/1 542/1/1 543/1/1 544/1/1
f 541/1/3 544/1/3 538/1/3 537/1/3
f 541/1/5 537/1/5 540/1/5 542/1/5
f 527/2/1 545/2/1 546/2/1 528/2/1
f 545/2/4 396/2/4 547/2/4 546/2/4
f 527/2/5 393/2/5 396/2/5 545/2/5
f 396/1/4 397/1/4 548/1/4 547/1/4
f 393/1/5 391/1/5 397/1/5 396/1/5
f 391/2/5 533/2/5 399/2/5 397/2/5
f 533/1/5 534/1/5 400/1/5 399/1/5
f 536/2/2 535/2/2 549/2/2 550/2/2
f 534/2/5 536/2/5 550/2/5 400/2/5
f 540/1/2 539/1/2 551/1/2 552/1/2
f 542/1/1 553/1/1 554/1/1 543/1/1
f 542/1/5 540/1/5 552/1/5 553/1/5
f 545/4/2 546/4/2 555/4/2 556/4/2
f 557/4/1 558/4/1 559/4/1 560/4/1
f 557/4/3 560/4/3 546/4/3 545/4/3
f 558/4/4 556/4/4 555/4/4 559/4/4
f 557/4/5 545/4/5 556/4/5 558/4/5
f 397/2/1 398/2/1 561/2/1 548/2/1
f 398/2/4 404/2/4 562/2/4 561/2/4
f 563/1/6 564/1/6 565/1/6 549/1/6
f 400/1/5 550/1/5 405/1/5 401/1/5
f 550/2/3 549/2/3 554/2/3 553/2/3
f 550/2/5 553/2/5 566/2/5 405/2/5
f 566/1/4 567/1/4 568/1/4 569/1/4
f 553/1/5 552/1/5 567/1/5 566/1/5
f 570/1/2 571/1/2 572/1/2 573/1/2
f 552/1/3 551/1/3 571/1/3 570/1/3
f 567/1/4 573/1/4 572/1/4 568/1/4
f 551/1/6 568/1/6 572/1/6 571/1/6
f 552/1/5 570/1/5 573/1/5 567/1/5
f 404/2/1 403/2/1 574/2/1 562/2/1
f 566/2/2 569/2/2 575/2/2 411/2/2
f 405/2/5 566/2/5 411/2/5 406/2/5
f 402/2/1 410/2/1 576/2/1 577/2/1
f 402/2/3 577/2/3 574/2/3 403/2/3
f 578/1/2 579/1/2 580/1/2 416/1/2
f 411/1/3 575/1/3 579/1/3 578/1/3
f 575/1/6 581/1/6 580/1/6 579/1/6
f 411/1/5 578/1/5 416/1/5 412/1/5
f 408/2/1 582/2/1 583/2/1 584/2/1
f 408/2/3 584/2/3 576/2/3 410/2/3
f 584/2/6 583/2/6 585/2/6 576/2/6
f 408/2/5 410/2/5 413/2/5 582/2/5
f 416/2/2 580/2/2 586/2/2 417/2/2
f 582/2/1 587/2/1 588/2/1 583/2/1
f 582/2/5 413/2/5 423/2/5 587/2/5
f 413/2/5 414/2/5 419/2/5 423/2/5
f 417/2/2 586/2/2 589/2/2 420/2/2
f 421/2/4 420/2/4 589/2/4 590/2/4
f 591/2/1 592/2/1 593/2/1 594/2/1
f 591/2/3 594/2/3 588/2/3 587/2/3
f 592/2/4 595/2/4 596/2/4 593/2/4
f 594/2/6 593/2/6 596/2/6 588/2/6
f 591/2/5 587/2/5 595/2/5 592/2/5
f 595/1/4 422/1/4 597/1/4 596/1/4
f 587/1/5 423/1/5 422/1/5 595/1/5
f 422/2/4 427/2/4 598/2/4 597/2/4
f 421/2/2 590/2/2 599/2/2 424/2/2
f 427/1/1 426/1/1 600/1/1 598/1/1
f 601/2/2 602/2/2 603/2/2 604/2/2
f 424/2/3 599/2/3 602/2/3 601/2/3
f 424/2/5 601/2/5 604/2/5 428/2/5
f 425/1/1 429/1/1 605/1/1 606/1/1
f 425/1/3 606/1/3 600/1/3 426/1/3
f 429/1/4 430/1/4 607/1/4 605/1/4
f 606/1/6 605/1/6 607/1/6 600/1/6
f 604/2/2 603/2/2 608/2/2 609/2/2
f 428/2/5 604/2/5 609/2/5 431/2/5
f 439/3/1 438/3/1 610/3/1 611/3/1
f 439/3/3 611/3/3 612/3/3 433/3/3
f 438/3/4 434/3/4 613/3/4 610/3/4
f 611/3/6 610/3/6 613/3/6 612/3/6
f 433/3/3 612/3/3 614/3/3 442/3/3
f 434/3/4 441/3/4 615/3/4 613/3/4
f 433/3/5 442/3/5 441/3/5 434/3/5
f 443/3/2 616/3/2 617/3/2 449/3/2
f 442/3/3 614/3/3 616/3/3 443/3/3
f 430/2/1 450/2/1 618/2/1 607/2/1
f 609/2/2 608/2/2 619/2/2 620/2/2
f 431/2/5 609/2/5 620/2/5 451/2/5
f 441/4/1 452/4/1 621/4/1 615/4/1
f 452/4/4 453/4/4 622/4/4 621/4/4
f 447/4/2 623/4/2 624/4/2 454/4/2
f 449/4/3 617/4/3 623/4/3 447/4/3
f 453/4/4 454/4/4 624/4/4 622/4/4
f 617/4/6 622/4/6 624/4/6 623/4/6
f 450/4/1 455/4/1 625/4/1 618/4/1
f 620/2/2 619/2/2 626/2/2 461/2/2
f 451/2/5 620/2/5 461/2/5 456/2/5
f 455/2/1 459/2/1 627/2/1 625/2/1
f 461/2/2 626/2/2 628/2/2 462/2/2
f 459/1/1 465/1/1 629/1/1 627/1/1
f 462/2/2 628/2/2 630/2/2 631/2/2
f 464/2/5 462/2/5 631/2/5 466/2/5
f 465/2/1 471/2/1 632/2/1 629/2/1
f 631/1/2 630/1/2 633/1/2 634/1/2
f 472/1/4 634/1/4 633/1/4 635/1/4
f 466/1/5 631/1/5 634/1/5 472/1/5
f 636/2/1 637/2/1 638/2/1 639/2/1
f 636/2/3 639/2/3 640/2/3 469/2/3
f 637/2/4 641/2/4 642/2/4 638/2/4
f 639/2/6 638/2/6 642/2/6 640/2/6
f 636/2/5 469/2/5 641/2/5 637/2/5
f 469/1/3 640/1/3 632/1/3 471/1/3
f 641/1/4 473/1/4 643/1/4 642/1/4
f 640/1/6 642/1/6 643/1/6 632/1/6
f 469/1/5 471/1/5 473/1/5 641/1/5
f 472/1/2 635/1/2 644/1/2 475/1/2
f 473/1/1 480/1/1 645/1/1 643/1/1
f 480/1/4 476/1/4 646/1/4 645/1/4
f 473/1/5 474/1/5 476/1/5 480/1/5
f 475/1/2 644/1/2 647/1/2 477/1/2
f 476/2/1 485/2/1 648/2/1 646/2/1
f 477/2/2 647/2/2 649/2/2 650/2/2
f 479/2/5 477/2/5 650/2/5 484/2/5
f 485/1/1 492/1/1 651/1/1 648/1/1
f 650/1/2 649/1/2 652/1/2 499/1/2
f 484/1/5 650/1/5 499/1/5 493/1/5
f 490/2/1 653/2/1 654/2/1 655/2/1
f 490/2/3 655/2/3 656/2/3 491/2/3
f 490/2/5 491/2/5 495/2/5 653/2/5
f 491/1/3 656/1/3 651/1/3 492/1/3
f 499/1/2 652/1/2 657/1/2 500/1/2
f 497/1/4 500/1/4 657/1/4 658/1/4
f 653/2/1 659/2/1 660/2/1 654/2/1
f 659/2/4 661/2/4 662/2/4 660/2/4
f 653/2/5 495/2/5 661/2/5 659/2/5
f 661/2/4 663/2/4 664/2/4 662/2/4
f 495/2/5 496/2/5 663/2/5 661/2/5
f 497/2/2 658/2/2 665/2/2 666/2/2
f 663/2/4 666/2/4 665/2/4 664/2/4
f 496/2/5 497/2/5 666/2/5 663/2/5
f 667/2/2 668/2/2 669/2/2 503/2/2
f 670/2/1 509/2/1 671/2/1 672/2/1
f 670/2/3 672/2/3 668/2/3 667/2/3
f 509/2/4 503/2/4 669/2/4 671/2/4
f 672/2/6 671/2/6 669/2/6 668/2/6
f 670/2/5 667/2/5 503/2/5 509/2/5
f 673/2/2 674/2/2 675/2/2 676/2/2
f 504/2/1 510/2/1 677/2/1 678/2/1
f 504/2/3 678/2/3 674/2/3 673/2/3
f 504/2/5 673/2/5 676/2/5 510/2/5
f 517/2/1 516/2/1 679/2/1 680/2/1
f 517/2/3 680/2/3 681/2/3 518/2/3
f 518/1/3 681/1/3 682/1/3 513/1/3
f 513/2/3 682/2/3 677/2/3 510/2/3
f 676/1/2 675/1/2 683/1/2 523/1/2
f 510/1/5 676/1/5 523/1/5 520/1/5
f 516/1/1 521/1/1 684/1/1 679/1/1
f 521/1/4 532/1/4 685/1/4 684/1/4
f 679/1/6 684/1/6 685/1/6 686/1/6
f 686/2/6 685/2/6 687/2/6 688/2/6
f 523/2/2 683/2/2 689/2/2 524/2/2
f 532/1/1 531/1/1 690/1/1 685/1/1
f 685/1/6 690/1/6 691/1/6 687/1/6
f 524/2/3 689/2/3 692/2/3 544/2/3
f 524/2/5 544/2/5 543/2/5 535/2/5
f 538/1/2 693/1/2 694/1/2 539/1/2
f 544/1/3 692/1/3 693/1/3 538/1/3
f 692/1/6 695/1/6 694/1/6 693/1/6
f 528/2/1 546/2/1 696/2/1 697/2/1
f 528/2/3 697/2/3 698/2/3 530/2/3
f 697/2/6 696/2/6 699/2/6 698/2/6
f 530/2/3 698/2/3 690/2/3 531/2/3
f 698/2/6 699/2/6 700/2/6 690/2/6
f 563/2/4 549/2/4 701/2/4 702/2/4
f 535/1/5 543/1/5 554/1/5 549/1/5
f 539/2/2 694/2/2 703/2/2 551/2/2
f 704/4/1 705/4/1 706/4/1 707/4/1
f 704/4/3 707/4/3 708/4/3 709/4/3
f 705/4/4 710/4/4 711/4/4 706/4/4
f 704/4/5 709/4/5 710/4/5 705/4/5
f 709/4/3 708/4/3 712/4/3 560/4/3
f 710/4/4 559/4/4 713/4/4 711/4/4
f 709/4/5 560/4/5 559/4/5 710/4/5
f 560/4/3 712/4/3 696/4/3 546/4/3
f 559/4/4 555/4/4 714/4/4 713/4/4
f 712/4/6 713/4/6 714/4/6 696/4/6
f 555/4/4 715/4/4 716/4/4 714/4/4
f 696/4/6 714/4/6 716/4/6 699/4/6
f 546/4/5 547/4/5 715/4/5 555/4/5
f 715/2/4 561/2/4 717/2/4 716/2/4
f 699/2/6 716/2/6 717/2/6 700/2/6
f 547/2/5 548/2/5 561/2/5 715/2/5
f 563/2/2 702/2/2 718/2/2 564/2/2
f 549/4/1 565/4/1 719/4/1 701/4/1
f 551/1/2 703/1/2 720/1/2 568/1/2
f 561/2/1 577/2/1 721/2/1 717/2/1
f 717/2/6 721/2/6 722/2/6 723/2/6
f 561/2/5 562/2/5 574/2/5 577/2/5
f 564/4/3 718/4/3 719/4/3 565/4/3
f 568/1/2 720/1/2 724/1/2 579/1/2
f 575/1/4 579/1/4 724/1/4 725/1/4
f 569/1/5 568/1/5 579/1/5 575/1/5
f 577/2/1 576/2/1 726/2/1 721/2/1
f 575/2/2 725/2/2 727/2/2 581/2/2
f 576/2/1 585/2/1 728/2/1 726/2/1
f 580/1/2 729/1/2 730/1/2 586/1/2
f 581/1/3 727/1/3 729/1/3 580/1/3
f 583/1/1 588/1/1 731/1/1 732/1/1
f 583/1/3 732/1/3 728/1/3 585/1/3
f 732/1/6 731/1/6 733/1/6 728/1/6
f 728/2/6 733/2/6 734/2/6 735/2/6
f 586/2/2 730/2/2 736/2/2 589/2/2
f 588/1/1 596/1/1 737/1/1 731/1/1
f 596/1/4 597/1/4 738/1/4 737/1/4
f 731/1/6 737/1/6 738/1/6 733/1/6
f 597/2/4 598/2/4 739/2/4 738/2/4
f 733/2/6 738/2/6 739/2/6 734/2/6
f 589/1/2 736/1/2 740/1/2 602/1/2
f 590/1/5 589/1/5 602/1/5 599/1/5
f 598/1/1 600/1/1 741/1/1 739/1/1
f 742/1/2 743/1/2 744/1/2 745/1/2
f 602/1/3 740/1/3 743/1/3 742/1/3
f 603/1/4 745/1/4 744/1/4 746/1/4
f 740/1/6 746/1/6 744/1/6 743/1/6
f 602/1/5 742/1/5 745/1/5 603/1/5
f 600/1/1 607/1/1 747/1/1 741/1/1
f 603/2/2 746/2/2 748/2/2 608/2/2
f 612/3/1 613/3/1 749/3/1 750/3/1
f 612/3/3 750/3/3 751/3/3 614/3/3
f 613/3/4 615/3/4 752/3/4 749/3/4
f 616/4/2 753/4/2 754/4/2 617/4/2
f 614/4/3 751/4/3 753/4/3 616/4/3
f 607/2/1 618/2/1 755/2/1 747/2/1
f 608/2/2 748/2/2 756/2/2 619/2/2
f 617/4/2 754/4/2 757/4/2 622/4/2
f 615/4/1 621/4/1 758/4/1 752/4/1
f 621/4/4 622/4/4 757/4/4 758/4/4
f 759/3/1 760/3/1 761/3/1 762/3/1
f 759/3/3 762/3/3 755/3/3 618/3/3
f 760/3/4 625/3/4 763/3/4 761/3/4
f 759/3/5 618/3/5 625/3/5 760/3/5
f 619/2/2 756/2/2 764/2/2 626/2/2
f 625/2/1 627/2/1 765/2/1 763/2/1
f 626/2/2 764/2/2 766/2/2 628/2/2
f 627/1/1 629/1/1 767/1/1 765/1/1
f 628/2/2 766/2/2 768/2/2 630/2/2
f 629/1/1 632/1/1 769/1/1 767/1/1
f 630/2/2 768/2/2 770/2/2 633/2/2
f 632/1/1 643/1/1 771/1/1 769/1/1
f 633/2/2 770/2/2 772/2/2 773/2/2
f 644/2/4 773/2/4 772/2/4 774/2/4
f 635/2/5 633/2/5 773/2/5 644/2/5
f 642/1/1 775/1/1 776/1/1 777/1/1
f 642/1/3 777/1/3 771/1/3 643/1/3
f 777/1/6 776/1/6 778/1/6 771/1/6
f 642/1/5 643/1/5 645/1/5 775/1/5
f 644/2/2 774/2/2 779/2/2 647/2/2
f 775/1/1 780/1/1 781/1/1 776/1/1
f 776/1/6 781/1/6 782/1/6 778/1/6
f 775/1/5 645/1/5 783/1/5 780/1/5
f 645/1/5 646/1/5 648/1/5 783/1/5
f 647/1/2 779/1/2 784/1/2 649/1/2
f 780/1/1 655/1/1 785/1/1 781/1/1
f 781/1/6 785/1/6 786/1/6 782/1/6
f 780/1/5 783/1/5 656/1/5 655/1/5
f 783/1/5 648/1/5 651/1/5 656/1/5
f 649/1/2 784/1/2 787/1/2 652/1/2
f 655/1/1 654/1/1 788/1/1 785/1/1
f 785/1/6 788/1/6 789/1/6 786/1/6
f 786/2/6 789/2/6 790/2/6 791/2/6
f 652/2/2 787/2/2 792/2/2 657/2/2
f 658/2/4 657/2/4 792/2/4 793/2/4
f 654/1/1 660/1/1 794/1/1 788/1/1
f 788/1/6 794/1/6 795/1/6 789/1/6
f 789/2/6 795/2/6 796/2/6 790/2/6
f 658/2/2 793/2/2 797/2/2 665/2/2
f 664/2/4 665/2/4 797/2/4 796/2/4
f 660/1/1 798/1/1 799/1/1 794/1/1
f 660/1/5 662/1/5 800/1/5 798/1/5
f 664/1/2 796/1/2 801/1/2 802/1/2
f 662/1/5 664/1/5 802/1/5 800/1/5
f 798/2/1 803/2/1 804/2/1 799/2/1
f 799/2/6 804/2/6 805/2/6 806/2/6
f 798/2/5 800/2/5 807/2/5 803/2/5
f 802/1/2 801/1/2 808/1/2 809/1/2
f 800/1/5 802/1/5 809/1/5 807/1/5
f 803/2/1 810/2/1 811/2/1 804/2/1
f 810/2/4 812/2/4 813/2/4 811/2/4
f 803/2/5 807/2/5 812/2/5 810/2/5
f 809/2/2 808/2/2 814/2/2 815/2/2
f 812/2/4 815/2/4 814/2/4 813/2/4
f 807/2/5 809/2/5 815/2/5 812/2/5
f 816/1/1 681/1/1 817/1/1 818/1/1
f 816/1/3 818/1/3 819/1/3 820/1/3
f 816/1/5 820/1/5 682/1/5 681/1/5
f 820/2/3 819/2/3 821/2/3 678/2/3
f 820/2/5 678/2/5 677/2/5 682/2/5
f 674/2/2 822/2/2 823/2/2 675/2/2
f 678/2/3 821/2/3 822/2/3 674/2/3
f 680/1/1 679/1/1 824/1/1 825/1/1
f 680/1/3 825/1/3 817/1/3 681/1/3
f 679/1/4 686/1/4 826/1/4 824/1/4
f 686/2/4 688/2/4 827/2/4 826/2/4
f 675/2/2 823/2/2 828/2/2 683/2/2
f 688/1/1 687/1/1 829/1/1 827/1/1
f 830/2/2 831/2/2 832/2/2 692/2/2
f 683/2/3 828/2/3 831/2/3 830/2/3
f 683/2/5 830/2/5 692/2/5 689/2/5
f 687/2/1 691/2/1 833/2/1 829/2/1
f 692/2/2 832/2/2 834/2/2 695/2/2
f 690/2/1 700/2/1 835/2/1 836/2/1
f 690/2/3 836/2/3 833/2/3 691/2/3
f 694/2/2 837/2/2 838/2/2 703/2/2
f 695/2/3 834/2/3 837/2/3 694/2/3
f 707/4/1 706/4/1 839/4/1 840/4/1
f 707/4/3 840/4/3 841/4/3 708/4/3
f 706/4/4 711/4/4 842/4/4 839/4/4
f 712/4/2 843/4/2 844/4/2 713/4/2
f 708/4/3 841/4/3 843/4/3 712/4/3
f 711/4/4 713/4/4 844/4/4 842/4/4
f 841/4/6 842/4/6 844/4/6 843/4/6
f 700/2/1 717/2/1 845/2/1 835/2/1
f 717/2/4 723/2/4 846/2/4 845/2/4
f 702/2/5 701/2/5 719/2/5 718/2/5
f 847/2/6 848/2/6 849/2/6 850/2/6
f 703/2/2 838/2/2 851/2/2 720/2/2
f 850/2/6 849/2/6 851/2/6 838/2/6
f 723/4/1 722/4/1 852/4/1 846/4/1
f 720/2/2 851/2/2 853/2/2 724/2/2
f 849/2/6 854/2/6 853/2/6 851/2/6
f 721/4/1 726/4/1 855/4/1 856/4/1
f 721/4/3 856/4/3 852/4/3 722/4/3
f 724/1/2 853/1/2 857/1/2 729/1/2
f 725/1/5 724/1/5 729/1/5 727/1/5
f 726/4/1 728/4/1 858/4/1 855/4/1
f 728/4/4 735/4/4 859/4/4 858/4/4
f 729/1/2 857/1/2 860/1/2 730/1/2
f 735/2/1 734/2/1 861/2/1 859/2/1
f 730/2/2 860/2/2 862/2/2 736/2/2
f 734/1/1 739/1/1 863/1/1 861/1/1
f 736/2/2 862/2/2 864/2/2 740/2/2
f 739/1/1 741/1/1 865/1/1 863/1/1
f 740/2/2 864/2/2 866/2/2 746/2/2
f 867/4/1 750/4/1 868/4/1 869/4/1
f 867/4/3 869/4/3 870/4/3 871/4/3
f 867/4/5 871/4/5 751/4/5 750/4/5
f 872/4/2 873/4/2 874/4/2 753/4/2
f 871/4/3 870/4/3 873/4/3 872/4/3
f 870/4/6 875/4/6 874/4/6 873/4/6
f 871/4/5 872/4/5 753/4/5 751/4/5
f 741/1/1 747/1/1 876/1/1 865/1/1
f 744/2/2 877/2/2 878/2/2 879/2/2
f 746/2/3 866/2/3 877/2/3 744/2/3
f 866/2/6 880/2/6 878/2/6 877/2/6
f 746/2/5 744/2/5 879/2/5 748/2/5
f 881/4/2 882/4/2 883/4/2 884/4/2
f 885/4/1 886/4/1 887/4/1 888/4/1
f 885/4/3 888/4/3 882/4/3 881/4/3
f 886/4/4 884/4/4 883/4/4 887/4/4
f 885/4/5 881/4/5 884/4/5 886/4/5
f 889/3/1 890/3/1 891/3/1 892/3/1
f 889/3/3 892/3/3 868/3/3 750/3/3
f 890/3/4 749/3/4 893/3/4 891/3/4
f 889/3/5 750/3/5 749/3/5 890/3/5
f 753/4/2 874/4/2 894/4/2 754/4/2
f 875/4/6 895/4/6 894/4/6 874/4/6
f 747/2/1 755/2/1 896/2/1 876/2/1
f 879/2/2 878/2/2 897/2/2 898/2/2
f 880/2/6 899/2/6 897/2/6 878/2/6
f 748/2/5 879/2/5 898/2/5 756/2/5
f 749/4/1 900/4/1 901/4/1 893/4/1
f 900/4/4 758/4/4 902/4/4 901/4/4
f 749/4/5 752/4/5 758/4/5 900/4/5
f 754/4/2 894/4/2 903/4/2 757/4/2
f 758/4/4 757/4/4 903/4/4 902/4/4
f 895/4/6 902/4/6 903/4/6 894/4/6
f 904/4/1 905/4/1 906/4/1 907/4/1
f 904/4/3 907/4/3 908/4/3 909/4/3
f 904/4/5 909/4/5 910/4/5 905/4/5
f 909/3/3 908/3/3 911/3/3 762/3/3
f 910/3/4 761/3/4 912/3/4 913/3/4
f 909/3/5 762/3/5 761/3/5 910/3/5
f 762/3/3 911/3/3 896/3/3 755/3/3
f 761/3/4 763/3/4 914/3/4 912/3/4
f 898/2/2 897/2/2 915/2/2 916/2/2
f 899/2/6 917/2/6 915/2/6 897/2/6
f 756/2/5 898/2/5 916/2/5 764/2/5
f 910/3/2 913/3/2 918/3/2 919/3/2
f 905/3/1 920/3/1 921/3/1 906/3/1
f 920/3/4 919/3/4 918/3/4 921/3/4
f 905/3/5 910/3/5 919/3/5 920/3/5
f 763/2/1 765/2/1 922/2/1 914/2/1
f 916/1/2 915/1/2 923/1/2 924/1/2
f 766/1/4 924/1/4 923/1/4 925/1/4
f 917/1/6 925/1/6 923/1/6 915/1/6
f 764/1/5 916/1/5 924/1/5 766/1/5
f 765/1/1 767/1/1 926/1/1 922/1/1
f 766/2/2 925/2/2 927/2/2 768/2/2
f 767/1/1 769/1/1 928/1/1 926/1/1
f 929/2/2 930/2/2 931/2/2 932/2/2
f 768/2/3 927/2/3 930/2/3 929/2/3
f 770/2/4 932/2/4 931/2/4 933/2/4
f 927/2/6 933/2/6 931/2/6 930/2/6
f 768/2/5 929/2/5 932/2/5 770/2/5
f 769/1/1 771/1/1 934/1/1 928/1/1
f 770/2/2 933/2/2 935/2/2 772/2/2
f 771/1/1 778/1/1 936/1/1 934/1/1
f 772/1/2 935/1/2 937/1/2 938/1/2
f 774/1/5 772/1/5 938/1/5 779/1/5
f 778/1/1 782/1/1 939/1/1 936/1/1
f 938/1/2 937/1/2 940/1/2 941/1/2
f 779/1/5 938/1/5 941/1/5 784/1/5
f 782/2/1 786/2/1 942/2/1 939/2/1
f 786/2/4 791/2/4 943/2/4 942/2/4
f 941/2/2 940/2/2 944/2/2 945/2/2
f 787/2/4 945/2/4 944/2/4 946/2/4
f 784/2/5 941/2/5 945/2/5 787/2/5
f 791/2/1 790/2/1 947/2/1 943/2/1
f 787/1/2 946/1/2 948/1/2 792/1/2
f 790/2/1 796/2/1 949/2/1 947/2/1
f 792/1/2 948/1/2 950/1/2 951/1/2
f 797/1/4 951/1/4 950/1/4 952/1/4
f 793/1/5 792/1/5 951/1/5 797/1/5
f 794/1/1 799/1/1 953/1/1 954/1/1
f 794/1/3 954/1/3 955/1/3 795/1/3
f 799/1/4 806/1/4 956/1/4 953/1/4
f 954/1/6 953/1/6 956/1/6 955/1/6
f 795/2/3 955/2/3 949/2/3 796/2/3
f 955/2/6 956/2/6 957/2/6 949/2/6
f 797/1/2 952/1/2 958/1/2 959/1/2
f 796/1/5 797/1/5 959/1/5 801/1/5
f 806/2/1 805/2/1 960/2/1 956/2/1
f 959/2/2 958/2/2 961/2/2 962/2/2
f 808/2/4 962/2/4 961/2/4 963/2/4
f 801/2/5 959/2/5 962/2/5 808/2/5
f 804/2/1 811/2/1 964/2/1 965/2/1
f 804/2/3 965/2/3 960/2/3 805/2/3
f 811/2/4 813/2/4 966/2/4 964/2/4
f 965/2/6 964/2/6 966/2/6 960/2/6
f 808/1/2 963/1/2 967/1/2 814/1/2
f 813/1/4 814/1/4 967/1/4 966/1/4
f 968/1/1 819/1/1 969/1/1 970/1/1
f 968/1/3 970/1/3 971/1/3 972/1/3
f 968/1/5 972/1/5 821/1/5 819/1/5
f 973/2/2 974/2/2 975/2/2 822/2/2
f 972/2/3 971/2/3 974/2/3 973/2/3
f 972/2/5 973/2/5 822/2/5 821/2/5
f 976/1/1 825/1/1 977/1/1 978/1/1
f 976/1/3 978/1/3 979/1/3 818/1/3
f 978/1/6 977/1/6 980/1/6 979/1/6
f 976/1/5 818/1/5 817/1/5 825/1/5
f 818/2/3 979/2/3 969/2/3 819/2/3
f 979/2/6 980/2/6 981/2/6 969/2/6
f 822/1/2 975/1/2 982/1/2 823/1/2
f 825/1/1 824/1/1 983/1/1 977/1/1
f 824/1/4 826/1/4 984/1/4 983/1/4
f 977/1/6 983/1/6 984/1/6 980/1/6
f 826/1/4 827/1/4 985/1/4 984/1/4
f 986/2/2 987/2/2 988/2/2 831/2/2
f 823/2/3 982/2/3 987/2/3 986/2/3
f 823/2/5 986/2/5 831/2/5 828/2/5
f 827/1/1 829/1/1 989/1/1 985/1/1
f 831/1/2 988/1/2 990/1/2 832/1/2
f 991/2/1 836/2/1 992/2/1 993/2/1
f 991/2/3 993/2/3 989/2/3 829/2/3
f 991/2/5 829/2/5 833/2/5 836/2/5
f 832/1/2 990/1/2 994/1/2 834/1/2
f 995/1/6 996/1/6 994/1/6 990/1/6
f 836/1/1 835/1/1 997/1/1 992/1/1
f 847/2/4 850/2/4 998/2/4 999/2/4
f 837/1/2 1000/1/2 1001/1/2 838/1/2
f 834/1/3 994/1/3 1000/1/3 837/1/3
f 850/1/4 838/1/4 1001/1/4 998/1/4
f 841/4/2 1002/4/2 1003/4/2 842/4/2
f 840/4/1 839/4/1 1004/4/1 1005/4/1
f 840/4/3 1005/4/3 1002/4/3 841/4/3
f 1005/4/6 1004/4/6 1003/4/6 1002/4/6
f 835/2/1 845/2/1 1006/2/1 997/2/1
f 997/2/6 1006/2/6 1007/2/6 1008/2/6
f 847/2/2 999/2/2 1009/2/2 848/2/2
f 1010/4/1 1011/4/1 1012/4/1 1013/4/1
f 1010/4/3 1013/4/3 1004/4/3 839/4/3
f 1011/4/4 1014/4/4 1015/4/4 1012/4/4
f 1010/4/5 839/4/5 1014/4/5 1011/4/5
f 842/4/2 1003/4/2 1016/4/2 1017/4/2
f 1014/4/4 1017/4/4 1016/4/4 1015/4/4
f 1004/4/6 1015/4/6 1016/4/6 1003/4/6
f 839/4/5 842/4/5 1017/4/5 1014/4/5
f 845/2/1 856/2/1 1018/2/1 1006/2/1
f 845/2/5 846/2/5 852/2/5 856/2/5
f 849/1/2 1019/1/2 1020/1/2 854/1/2
f 848/1/3 1009/1/3 1019/1/3 849/1/3
f 856/2/1 855/2/1 1021/2/1 1018/2/1
f 1018/2/6 1021/2/6 1022/2/6 1023/2/6
f 853/1/2 1024/1/2 1025/1/2 857/1/2
f 854/1/3 1020/1/3 1024/1/3 853/1/3
f 1026/4/1 1027/4/1 1028/4/1 1029/4/1
f 1026/4/3 1029/4/3 1021/4/3 855/4/3
f 1029/4/6 1028/4/6 1030/4/6 1021/4/6
f 1026/4/5 855/4/5 858/4/5 1027/4/5
f 858/4/4 859/4/4 1031/4/4 1030/4/4
f 857/1/2 1025/1/2 1032/1/2 860/1/2
f 1033/4/1 1034/4/1 1035/4/1 1036/4/1
f 1033/4/3 1036/4/3 1028/4/3 1027/4/3
f 1036/4/6 1035/4/6 1037/4/6 1028/4/6
f 1033/4/5 1027/4/5 1038/4/5 1034/4/5
f 858/4/2 1030/4/2 1039/4/2 1040/4/2
f 1038/4/4 1040/4/4 1039/4/4 1037/4/4
f 1028/4/6 1037/4/6 1039/4/6 1030/4/6
f 1027/4/5 858/4/5 1040/4/5 1038/4/5
f 859/2/1 861/2/1 1041/2/1 1031/2/1
f 860/1/2 1032/1/2 1042/1/2 862/1/2
f 1043/3/1 1044/3/1 1045/3/1 1046/3/1
f 1043/3/3 1046/3/3 1035/3/3 1034/3/3
f 1044/3/4 1047/3/4 1048/3/4 1045/3/4
f 1043/3/5 1034/3/5 1047/3/5 1044/3/5
f 1038/4/2 1037/4/2 1049/4/2 1050/4/2
f 1047/4/4 1050/4/4 1049/4/4 1048/4/4
f 1034/4/5 1038/4/5 1050/4/5 1047/4/5
f 861/2/1 863/2/1 1051/2/1 1041/2/1
f 862/1/2 1042/1/2 1052/1/2 864/1/2
f 863/2/1 865/2/1 1053/2/1 1051/2/1
f 864/1/2 1052/1/2 1054/1/2 866/1/2
f 870/4/2 1055/4/2 1056/4/2 875/4/2
f 869/4/1 868/4/1 1057/4/1 1058/4/1
f 869/4/3 1058/4/3 1055/4/3 870/4/3
f 1059/3/1 1060/3/1 1061/3/1 1062/3/1
f 1059/3/3 1062/3/3 1063/3/3 1064/3/3
f 1060/3/4 1065/3/4 1066/3/4 1061/3/4
f 1059/3/5 1064/3/5 1065/3/5 1060/3/5
f 1067/3/2 1068/3/2 1069/3/2 1070/3/2
f 1064/3/3 1063/3/3 1068/3/3 1067/3/3
f 1065/3/4 1070/3/4 1069/3/4 1066/3/4
f 1064/3/5 1067/3/5 1070/3/5 1065/3/5
f 865/2/1 876/2/1 1071/2/1 1053/2/1
f 866/1/2 1054/1/2 1072/1/2 880/1/2
f 888/3/1 887/3/1 1073/3/1 1074/3/1
f 888/3/3 1074/3/3 1075/3/3 882/3/3
f 887/3/4 883/3/4 1076/3/4 1073/3/4
f 1077/4/2 1078/4/2 1079/4/2 1080/4/2
f 882/4/3 1075/4/3 1078/4/3 1077/4/3
f 883/4/4 1080/4/4 1079/4/4 1076/4/4
f 882/4/5 1077/4/5 1080/4/5 883/4/5
f 892/3/1 891/3/1 1081/3/1 1082/3/1
f 892/3/3 1082/3/3 1057/3/3 868/3/3
f 891/3/4 893/3/4 1083/3/4 1081/3/4
f 875/4/2 1056/4/2 1084/4/2 895/4/2
f 1070/3/1 1085/3/1 1086/3/1 1069/3/1
f 1070/3/3 1069/3/3 1087/3/3 1088/3/3
f 1070/3/5 1088/3/5 907/3/5 1085/3/5
f 1088/3/3 1087/3/3 1089/3/3 1090/3/3
f 1087/3/6 1091/3/6 1092/3/6 1089/3/6
f 1088/3/5 1090/3/5 908/3/5 907/3/5
f 1090/4/3 1089/4/3 1093/4/3 1094/4/3
f 1089/4/6 1092/4/6 1095/4/6 1093/4/6
f 1090/4/5 1094/4/5 911/4/5 908/4/5
f 1094/4/3 1093/4/3 1071/4/3 876/4/3
f 1093/4/6 1095/4/6 1096/4/6 1071/4/6
f 1094/4/5 876/4/5 896/4/5 911/4/5
f 880/2/2 1072/2/2 1097/2/2 899/2/2
f 895/4/2 1084/4/2 1098/4/2 902/4/2
f 893/4/1 901/4/1 1099/4/1 1083/4/1
f 901/4/4 902/4/4 1098/4/4 1099/4/4
f 1085/4/1 1100/4/1 1101/4/1 1086/4/1
f 1085/4/5 907/4/5 906/4/5 1100/4/5
f 1092/4/6 1102/4/6 1103/4/6 1095/4/6
f 912/4/4 914/4/4 1104/4/4 1103/4/4
f 1095/4/6 1103/4/6 1104/4/6 1096/4/6
f 899/2/2 1097/2/2 1105/2/2 917/2/2
f 1100/3/1 1106/3/1 1107/3/1 1101/3/1
f 1106/3/4 921/3/4 1108/3/4 1107/3/4
f 1101/3/6 1107/3/6 1108/3/6 1109/3/6
f 1100/3/5 906/3/5 921/3/5 1106/3/5
f 921/4/4 918/4/4 1110/4/4 1108/4/4
f 1109/4/6 1108/4/6 1110/4/6 1102/4/6
f 912/3/2 1103/3/2 1111/3/2 1112/3/2
f 918/3/4 1112/3/4 1111/3/4 1110/3/4
f 1102/3/6 1110/3/6 1111/3/6 1103/3/6
f 913/3/5 912/3/5 1112/3/5 918/3/5
f 914/2/1 922/2/1 1113/2/1 1104/2/1
f 917/2/2 1105/2/2 1114/2/2 925/2/2
f 922/2/1 926/2/1 1115/2/1 1113/2/1
f 923/1/2 1116/1/2 1117/1/2 930/1/2
f 925/1/3 1114/1/3 1116/1/3 923/1/3
f 927/1/4 930/1/4 1117/1/4 1118/1/4
f 925/1/5 923/1/5 930/1/5 927/1/5
f 926/1/1 928/1/1 1119/1/1 1115/1/1
f 927/2/2 1118/2/2 1120/2/2 933/2/2
f 1121/2/6 1122/2/6 1120/2/6 1118/2/6
f 928/1/1 934/1/1 1123/1/1 1119/1/1
f 933/1/2 1120/1/2 1124/1/2 935/1/2
f 1122/1/6 1125/1/6 1124/1/6 1120/1/6
f 934/2/1 936/2/1 1126/2/1 1123/2/1
f 935/2/2 1124/2/2 1127/2/2 937/2/2
f 936/1/1 939/1/1 1128/1/1 1126/1/1
f 937/2/2 1127/2/2 1129/2/2 940/2/2
f 939/2/1 942/2/1 1130/2/1 1128/2/1
f 940/2/2 1129/2/2 1131/2/2 944/2/2
f 942/1/1 1132/1/1 1133/1/1 1130/1/1
f 1132/1/4 947/1/4 1134/1/4 1133/1/4
f 942/1/5 943/1/5 947/1/5 1132/1/5
f 944/2/2 1131/2/2 1135/2/2 1136/2/2
f 948/2/4 1136/2/4 1135/2/4 1137/2/4
f 946/2/5 944/2/5 1136/2/5 948/2/5
f 947/2/1 949/2/1 1138/2/1 1134/2/1
f 948/1/2 1137/1/2 1139/1/2 950/1/2
f 952/1/4 950/1/4 1139/1/4 1140/1/4
f 952/2/2 1140/2/2 1141/2/2 958/2/2
f 949/2/1 957/2/1 1142/2/1 1138/2/1
f 1143/2/1 1144/2/1 1145/2/1 1146/2/1
f 1143/2/3 1146/2/3 1147/2/3 1148/2/3
f 1144/2/4 1149/2/4 1150/2/4 1145/2/4
f 1146/2/6 1145/2/6 1150/2/6 1147/2/6
f 1143/2/5 1148/2/5 1149/2/5 1144/2/5
f 1148/1/3 1147/1/3 1151/1/3 953/1/3
f 1149/1/4 965/1/4 1152/1/4 1150/1/4
f 1147/1/6 1150/1/6 1152/1/6 1151/1/6
f 1148/1/5 953/1/5 965/1/5 1149/1/5
f 953/1/3 1151/1/3 1153/1/3 956/1/3
f 965/1/4 960/1/4 1154/1/4 1152/1/4
f 1151/1/6 1152/1/6 1154/1/6 1153/1/6
f 953/1/5 956/1/5 960/1/5 965/1/5
f 956/2/3 1153/2/3 1142/2/3 957/2/3
f 1155/1/2 1156/1/2 1157/1/2 1158/1/2
f 958/1/3 1141/1/3 1156/1/3 1155/1/3
f 961/1/4 1158/1/4 1157/1/4 1159/1/4
f 958/1/5 1155/1/5 1158/1/5 961/1/5
f 960/2/1 966/2/1 1160/2/1 1154/2/1
f 966/2/4 967/2/4 1161/2/4 1160/2/4
f 961/2/2 1159/2/2 1162/2/2 1163/2/2
f 967/2/4 1163/2/4 1162/2/4 1161/2/4
f 963/2/5 961/2/5 1163/2/5 967/2/5
f 1164/2/1 1165/2/1 1166/2/1 1167/2/1
f 1164/2/3 1167/2/3 1168/2/3 1169/2/3
f 1165/2/4 970/2/4 1170/2/4 1166/2/4
f 1167/2/6 1166/2/6 1170/2/6 1168/2/6
f 1164/2/5 1169/2/5 970/2/5 1165/2/5
f 1169/2/3 1168/2/3 1171/2/3 1172/2/3
f 1168/2/6 1170/2/6 1173/2/6 1171/2/6
f 1169/2/5 1172/2/5 971/2/5 970/2/5
f 1174/1/2 1175/1/2 1176/1/2 974/1/2
f 1172/1/3 1171/1/3 1175/1/3 1174/1/3
f 1171/1/6 1173/1/6 1176/1/6 1175/1/6
f 1172/1/5 1174/1/5 974/1/5 971/1/5
f 1165/2/2 1166/2/2 1177/2/2 979/2/2
f 1178/2/1 978/2/1 1179/2/1 1180/2/1
f 1178/2/3 1180/2/3 1166/2/3 1165/2/3
f 978/2/4 979/2/4 1177/2/4 1179/2/4
f 1180/2/6 1179/2/6 1177/2/6 1166/2/6
f 1178/2/5 1165/2/5 979/2/5 978/2/5
f 970/1/1 969/1/1 1181/1/1 1170/1/1
f 974/2/2 1176/2/2 1182/2/2 975/2/2
f 1173/2/6 1183/2/6 1182/2/6 1176/2/6
f 969/1/1 981/1/1 1184/1/1 1181/1/1
f 975/2/2 1182/2/2 1185/2/2 982/2/2
f 980/1/1 984/1/1 1186/1/1 1187/1/1
f 980/1/3 1187/1/3 1184/1/3 981/1/3
f 1187/1/6 1186/1/6 1188/1/6 1184/1/6
f 982/2/3 1185/2/3 1189/2/3 987/2/3
f 1190/1/2 1191/1/2 1192/1/2 1193/1/2
f 987/1/3 1189/1/3 1191/1/3 1190/1/3
f 987/1/5 1190/1/5 1193/1/5 988/1/5
f 984/1/1 993/1/1 1194/1/1 1186/1/1
f 1186/1/6 1194/1/6 1195/1/6 1188/1/6
f 984/1/5 985/1/5 989/1/5 993/1/5
f 995/2/4 990/2/4 1196/2/4 1197/2/4
f 1193/2/2 1192/2/2 1198/2/2 1199/2/2
f 990/2/4 1199/2/4 1198/2/4 1196/2/4
f 988/2/5 1193/2/5 1199/2/5 990/2/5
f 993/2/1 992/2/1 1200/2/1 1194/2/1
f 995/2/2 1197/2/2 1201/2/2 996/2/2
f 992/1/1 997/1/1 1202/1/1 1200/1/1
f 997/1/4 1008/1/4 1203/1/4 1202/1/4
f 996/2/3 1201/2/3 1204/2/3 994/2/3
f 1201/2/6 1205/2/6 1206/2/6 1204/2/6
f 1000/1/2 1207/1/2 1208/1/2 1001/1/2
f 994/1/3 1204/1/3 1207/1/3 1000/1/3
f 1204/1/6 1206/1/6 1208/1/6 1207/1/6
f 1008/2/1 1007/2/1 1209/2/1 1203/2/1
f 999/2/5 998/2/5 1019/2/5 1009/2/5
f 998/2/5 1001/2/5 1210/2/5 1019/2/5
f 1211/2/2 1212/2/2 1213/2/2 1214/2/2
f 1001/2/3 1208/2/3 1212/2/3 1211/2/3
f 1208/2/6 1215/2/6 1213/2/6 1212/2/6
f 1001/2/5 1211/2/5 1214/2/5 1210/2/5
f 1004/4/2 1216/4/2 1217/4/2 1015/4/2
f 1013/4/1 1012/4/1 1218/4/1 1219/4/1
f 1013/4/3 1219/4/3 1216/4/3 1004/4/3
f 1219/4/6 1218/4/6 1217/4/6 1216/4/6
f 1006/2/1 1018/2/1 1220/2/1 1221/2/1
f 1006/2/3 1221/2/3 1209/2/3 1007/2/3
f 1018/2/4 1023/2/4 1222/2/4 1220/2/4
f 1221/2/6 1220/2/6 1222/2/6 1209/2/6
f 1019/2/5 1210/2/5 1024/2/5 1020/2/5
f 1214/2/2 1213/2/2 1223/2/2 1224/2/2
f 1024/2/4 1224/2/4 1223/2/4 1225/2/4
f 1210/2/5 1214/2/5 1224/2/5 1024/2/5
f 1226/4/1 1227/4/1 1228/4/1 1229/4/1
f 1226/4/3 1229/4/3 1218/4/3 1012/4/3
f 1227/4/4 1230/4/4 1231/4/4 1228/4/4
f 1226/4/5 1012/4/5 1230/4/5 1227/4/5
f 1015/4/2 1217/4/2 1232/4/2 1233/4/2
f 1230/4/4 1233/4/4 1232/4/4 1231/4/4
f 1218/4/6 1231/4/6 1232/4/6 1217/4/6
f 1012/4/5 1015/4/5 1233/4/5 1230/4/5
f 1023/4/1 1022/4/1 1234/4/1 1222/4/1
f 1024/2/2 1225/2/2 1235/2/2 1025/2/2
f 1021/4/1 1030/4/1 1236/4/1 1237/4/1
f 1021/4/3 1237/4/3 1234/4/3 1022/4/3
f 1030/4/4 1031/4/4 1238/4/4 1236/4/4
f 1237/4/6 1236/4/6 1238/4/6 1234/4/6
f 1025/2/2 1235/2/2 1239/2/2 1032/2/2
f 1031/2/1 1041/2/1 1240/2/1 1238/2/1
f 1032/1/2 1239/1/2 1241/1/2 1042/1/2
f 1242/4/2 1243/4/2 1244/4/2 1245/4/2
f 1246/4/1 1247/4/1 1248/4/1 1249/4/1
f 1246/4/3 1249/4/3 1243/4/3 1242/4/3
f 1247/4/4 1245/4/4 1244/4/4 1248/4/4
f 1246/4/5 1242/4/5 1245/4/5 1247/4/5
f 1250/4/1 1251/4/1 1252/4/1 1253/4/1
f 1250/4/3 1253/4/3 1254/4/3 1046/4/3
f 1253/4/6 1252/4/6 1255/4/6 1254/4/6
f 1250/4/5 1046/4/5 1045/4/5 1251/4/5
f 1046/4/3 1254/4/3 1256/4/3 1035/4/3
f 1045/4/4 1048/4/4 1257/4/4 1255/4/4
f 1254/4/6 1255/4/6 1257/4/6 1256/4/6
f 1037/4/2 1258/4/2 1259/4/2 1049/4/2
f 1035/4/3 1256/4/3 1258/4/3 1037/4/3
f 1048/4/4 1049/4/4 1259/4/4 1257/4/4
f 1256/4/6 1257/4/6 1259/4/6 1258/4/6
f 1041/2/1 1051/2/1 1260/2/1 1240/2/1
f 1042/2/2 1241/2/2 1261/2/2 1052/2/2
f 1045/4/2 1255/4/2 1262/4/2 1068/4/2
f 1251/4/1 1063/4/1 1263/4/1 1252/4/1
f 1251/4/5 1045/4/5 1068/4/5 1063/4/5
f 1051/2/1 1053/2/1 1264/2/1 1260/2/1
f 1052/1/2 1261/1/2 1265/1/2 1054/1/2
f 1266/3/1 1082/3/1 1267/3/1 1268/3/1
f 1266/3/3 1268/3/3 1269/3/3 1058/3/3
f 1266/3/5 1058/3/5 1057/3/5 1082/3/5
f 1055/4/2 1270/4/2 1271/4/2 1056/4/2
f 1058/4/3 1269/4/3 1270/4/3 1055/4/3
f 1269/4/6 1272/4/6 1271/4/6 1270/4/6
f 1062/4/1 1061/4/1 1273/4/1 1274/4/1
f 1062/4/3 1274/4/3 1263/4/3 1063/4/3
f 1068/4/2 1262/4/2 1275/4/2 1069/4/2
f 1263/4/6 1276/4/6 1275/4/6 1262/4/6
f 1053/2/1 1071/2/1 1277/2/1 1264/2/1
f 1278/1/2 1279/1/2 1280/1/2 1281/1/2
f 1054/1/3 1265/1/3 1279/1/3 1278/1/3
f 1054/1/5 1278/1/5 1281/1/5 1072/1/5
f 1074/3/1 1073/3/1 1282/3/1 1283/3/1
f 1074/3/3 1283/3/3 1284/3/3 1075/3/3
f 1073/3/4 1076/3/4 1285/3/4 1282/3/4
f 1075/3/3 1284/3/3 1286/3/3 1078/3/3
f 1076/3/4 1079/3/4 1287/3/4 1285/3/4
f 1288/4/2 1289/4/2 1290/4/2 1291/4/2
f 1078/4/3 1286/4/3 1289/4/3 1288/4/3
f 1079/4/4 1291/4/4 1290/4/4 1287/4/4
f 1078/4/5 1288/4/5 1291/4/5 1079/4/5
f 1082/4/1 1081/4/1 1292/4/1 1267/4/1
f 1081/4/4 1083/4/4 1293/4/4 1292/4/4
f 1056/4/2 1271/4/2 1294/4/2 1084/4/2
f 1272/4/6 1293/4/6 1294/4/6 1271/4/6
f 1295/4/1 1296/4/1 1297/4/1 1298/4/1
f 1295/4/3 1298/4/3 1273/4/3 1061/4/3
f 1295/4/5 1061/4/5 1299/4/5 1296/4/5
f 1061/4/5 1066/4/5 1300/4/5 1299/4/5
f 1066/4/5 1069/4/5 1086/4/5 1300/4/5
f 1087/3/2 1301/3/2 1302/3/2 1091/3/2
f 1069/3/3 1275/3/3 1301/3/3 1087/3/3
f 1071/2/1 1096/2/1 1303/2/1 1277/2/1
f 1281/2/2 1280/2/2 1304/2/2 1305/2/2
f 1072/2/5 1281/2/5 1305/2/5 1097/2/5
f 1084/4/2 1294/4/2 1306/4/2 1098/4/2
f 1083/4/1 1099/4/1 1307/4/1 1293/4/1
f 1099/4/4 1098/4/4 1306/4/4 1307/4/4
f 1293/4/6 1307/4/6 1306/4/6 1294/4/6
f 1296/4/1 1308/4/1 1309/4/1 1297/4/1
f 1308/4/4 1310/4/4 1311/4/4 1309/4/4
f 1296/4/5 1299/4/5 1310/4/5 1308/4/5
f 1310/3/4 1312/3/4 1313/3/4 1311/3/4
f 1299/3/5 1300/3/5 1312/3/5 1310/3/5
f 1300/4/5 1086/4/5 1101/4/5 1312/4/5
f 1101/4/4 1109/4/4 1314/4/4 1315/4/4
f 1092/4/2 1316/4/2 1317/4/2 1102/4/2
f 1091/4/3 1302/4/3 1316/4/3 1092/4/3
f 1109/4/4 1102/4/4 1317/4/4 1314/4/4
f 1302/4/6 1314/4/6 1317/4/6 1316/4/6
f 1096/2/1 1104/2/1 1318/2/1 1303/2/1
f 1305/1/2 1304/1/2 1319/1/2 1320/1/2
f 1097/1/5 1305/1/5 1320/1/5 1105/1/5
f 1101/3/2 1315/3/2 1321/3/2 1107/3/2
f 1312/3/1 1322/3/1 1323/3/1 1313/3/1
f 1313/3/6 1323/3/6 1321/3/6 1315/3/6
f 1312/3/5 1101/3/5 1107/3/5 1322/3/5
f 1104/2/1 1113/2/1 1324/2/1 1318/2/1
f 1320/2/2 1319/2/2 1325/2/2 1116/2/2
f 1105/2/5 1320/2/5 1116/2/5 1114/2/5
f 1326/4/2 1327/4/2 1328/4/2 1329/4/2
f 1330/4/1 1331/4/1 1332/4/1 1333/4/1
f 1330/4/3 1333/4/3 1327/4/3 1326/4/3
f 1331/4/4 1329/4/4 1328/4/4 1332/4/4
f 1330/4/5 1326/4/5 1329/4/5 1331/4/5
f 1322/3/1 1334/3/1 1335/3/1 1323/3/1
f 1334/3/4 1336/3/4 1337/3/4 1335/3/4
f 1323/3/6 1335/3/6 1337/3/6 1321/3/6
f 1322/3/5 1107/3/5 1336/3/5 1334/3/5
f 1108/4/2 1338/4/2 1339/4/2 1340/4/2
f 1107/4/3 1321/4/3 1338/4/3 1108/4/3
f 1336/4/4 1340/4/4 1339/4/4 1337/4/4
f 1107/4/5 1108/4/5 1340/4/5 1336/4/5
f 1113/2/1 1115/2/1 1341/2/1 1324/2/1
f 1121/2/4 1118/2/4 1342/2/4 1343/2/4
f 1116/2/2 1325/2/2 1344/2/2 1117/2/2
f 1118/2/4 1117/2/4 1344/2/4 1342/2/4
f 1115/1/1 1119/1/1 1345/1/1 1341/1/1
f 1121/2/2 1343/2/2 1346/2/2 1122/2/2
f 1119/1/1 1123/1/1 1347/1/1 1345/1/1
f 1122/2/2 1346/2/2 1348/2/2 1125/2/2
f 1123/1/1 1126/1/1 1349/1/1 1347/1/1
f 1125/1/3 1348/1/3 1350/1/3 1124/1/3
f 1351/2/2 1352/2/2 1353/2/2 1354/2/2
f 1124/2/3 1350/2/3 1352/2/3 1351/2/3
f 1127/2/4 1354/2/4 1353/2/4 1355/2/4
f 1124/2/5 1351/2/5 1354/2/5 1127/2/5
f 1126/1/1 1128/1/1 1356/1/1 1349/1/1
f 1127/2/2 1355/2/2 1357/2/2 1129/2/2
f 1128/1/1 1130/1/1 1358/1/1 1356/1/1
f 1129/2/2 1357/2/2 1359/2/2 1131/2/2
f 1130/1/1 1133/1/1 1360/1/1 1358/1/1
f 1131/2/2 1359/2/2 1361/2/2 1135/2/2
f 1133/1/1 1362/1/1 1363/1/1 1360/1/1
f 1362/1/4 1138/1/4 1364/1/4 1363/1/4
f 1133/1/5 1134/1/5 1138/1/5 1362/1/5
f 1135/2/2 1361/2/2 1365/2/2 1366/2/2
f 1137/2/5 1135/2/5 1366/2/5 1139/2/5
f 1138/1/1 1142/1/1 1367/1/1 1364/1/1
f 1140/1/5 1139/1/5 1156/1/5 1141/1/5
f 1366/1/2 1365/1/2 1368/1/2 1369/1/2
f 1156/1/4 1369/1/4 1368/1/4 1370/1/4
f 1139/1/5 1366/1/5 1369/1/5 1156/1/5
f 1153/1/1 1154/1/1 1371/1/1 1372/1/1
f 1153/1/3 1372/1/3 1367/1/3 1142/1/3
f 1156/2/2 1370/2/2 1373/2/2 1157/2/2
f 1159/2/4 1157/2/4 1373/2/4 1374/2/4
f 1154/2/1 1160/2/1 1375/2/1 1371/2/1
f 1160/2/4 1161/2/4 1376/2/4 1375/2/4
f 1159/2/2 1374/2/2 1377/2/2 1162/2/2
f 1161/2/4 1162/2/4 1377/2/4 1376/2/4
f 1173/1/2 1378/1/2 1379/1/2 1183/1/2
f 1170/1/1 1181/1/1 1380/1/1 1381/1/1
f 1170/1/3 1381/1/3 1378/1/3 1173/1/3
f 1181/2/1 1184/2/1 1382/2/1 1380/2/1
f 1183/2/3 1379/2/3 1383/2/3 1182/2/3
f 1384/1/2 1385/1/2 1386/1/2 1189/1/2
f 1182/1/3 1383/1/3 1385/1/3 1384/1/3
f 1383/1/6 1387/1/6 1386/1/6 1385/1/6
f 1182/1/5 1384/1/5 1189/1/5 1185/1/5
f 1184/2/1 1188/2/1 1388/2/1 1382/2/1
f 1389/2/6 1390/2/6 1391/2/6 1387/2/6
f 1387/2/6 1391/2/6 1392/2/6 1386/2/6
f 1191/1/2 1393/1/2 1394/1/2 1192/1/2
f 1189/1/3 1386/1/3 1393/1/3 1191/1/3
f 1188/2/1 1195/2/1 1395/2/1 1388/2/1
f 1390/2/6 1396/2/6 1397/2/6 1391/2/6
f 1391/2/6 1397/2/6 1398/2/6 1392/2/6
f 1196/2/4 1198/2/4 1399/2/4 1398/2/4
f 1392/2/6 1398/2/6 1399/2/6 1394/2/6
f 1400/2/2 1401/2/2 1402/2/2 1403/2/2
f 1192/2/3 1394/2/3 1401/2/3 1400/2/3
f 1198/2/4 1403/2/4 1402/2/4 1399/2/4
f 1394/2/6 1399/2/6 1402/2/6 1401/2/6
f 1192/2/5 1400/2/5 1403/2/5 1198/2/5
f 1194/1/1 1200/1/1 1404/1/1 1405/1/1
f 1194/1/3 1405/1/3 1395/1/3 1195/1/3
f 1405/1/6 1404/1/6 1406/1/6 1395/1/6
f 1196/1/2 1398/1/2 1407/1/2 1204/1/2
f 1201/1/4 1204/1/4 1407/1/4 1408/1/4
f 1397/1/6 1408/1/6 1407/1/6 1398/1/6
f 1197/1/5 1196/1/5 1204/1/5 1201/1/5
f 1200/1/1 1202/1/1 1409/1/1 1404/1/1
f 1404/1/6 1409/1/6 1410/1/6 1406/1/6
f 1201/2/2 1408/2/2 1411/2/2 1205/2/2
f 1412/3/1 1413/3/1 1414/3/1 1415/3/1
f 1412/3/3 1415/3/3 1409/3/3 1202/3/3
f 1413/3/4 1221/3/4 1416/3/4 1414/3/4
f 1415/3/6 1414/3/6 1416/3/6 1409/3/6
f 1412/3/5 1202/3/5 1221/3/5 1413/3/5
f 1221/3/4 1209/3/4 1417/3/4 1416/3/4
f 1202/3/5 1203/3/5 1209/3/5 1221/3/5
f 1205/2/3 1411/2/3 1418/2/3 1206/2/3
f 1208/2/2 1419/2/2 1420/2/2 1215/2/2
f 1206/2/3 1418/2/3 1419/2/3 1208/2/3
f 1209/3/1 1222/3/1 1421/3/1 1417/3/1
f 1213/2/2 1422/2/2 1423/2/2 1223/2/2
f 1215/2/3 1420/2/3 1422/2/3 1213/2/3
f 1225/2/4 1223/2/4 1423/2/4 1424/2/4
f 1420/2/6 1424/2/6 1423/2/6 1422/2/6
f 1218/3/2 1425/3/2 1426/3/2 1231/3/2
f 1229/3/1 1228/3/1 1427/3/1 1428/3/1
f 1229/3/3 1428/3/3 1425/3/3 1218/3/3
f 1228/3/4 1231/3/4 1426/3/4 1427/3/4
f 1222/3/1 1234/3/1 1429/3/1 1421/3/1
f 1225/2/2 1424/2/2 1430/2/2 1235/2/2
f 1234/3/1 1238/3/1 1431/3/1 1429/3/1
f 1235/2/2 1430/2/2 1432/2/2 1239/2/2
f 1238/1/1 1240/1/1 1433/1/1 1431/1/1
f 1434/1/2 1435/1/2 1436/1/2 1437/1/2
f 1239/1/3 1432/1/3 1435/1/3 1434/1/3
f 1241/1/4 1437/1/4 1436/1/4 1438/1/4
f 1239/1/5 1434/1/5 1437/1/5 1241/1/5
f 1249/3/1 1248/3/1 1439/3/1 1440/3/1
f 1249/3/3 1440/3/3 1441/3/3 1243/3/3
f 1248/3/4 1244/3/4 1442/3/4 1439/3/4
f 1443/4/2 1444/4/2 1445/4/2 1446/4/2
f 1243/4/3 1441/4/3 1444/4/3 1443/4/3
f 1244/4/4 1446/4/4 1445/4/4 1442/4/4
f 1243/4/5 1443/4/5 1446/4/5 1244/4/5
f 1240/2/1 1260/2/1 1447/2/1 1433/2/1
f 1241/2/2 1438/2/2 1448/2/2 1261/2/2
f 1449/4/1 1274/4/1 1450/4/1 1451/4/1
f 1449/4/3 1451/4/3 1452/4/3 1252/4/3
f 1451/4/6 1450/4/6 1453/4/6 1452/4/6
f 1449/4/5 1252/4/5 1263/4/5 1274/4/5
f 1255/4/2 1454/4/2 1455/4/2 1262/4/2
f 1252/4/3 1452/4/3 1454/4/3 1255/4/3
f 1263/4/4 1262/4/4 1455/4/4 1453/4/4
f 1452/4/6 1453/4/6 1455/4/6 1454/4/6
f 1260/2/1 1264/2/1 1456/2/1 1447/2/1
f 1457/2/2 1458/2/2 1459/2/2 1279/2/2
f 1261/2/3 1448/2/3 1458/2/3 1457/2/3
f 1261/2/5 1457/2/5 1279/2/5 1265/2/5
f 1269/4/2 1460/4/2 1461/4/2 1272/4/2
f 1268/4/1 1267/4/1 1462/4/1 1463/4/1
f 1268/4/3 1463/4/3 1460/4/3 1269/4/3
f 1464/4/1 1465/4/1 1466/4/1 1467/4/1
f 1464/4/3 1467/4/3 1468/4/3 1469/4/3
f 1464/4/5 1469/4/5 1298/4/5 1465/4/5
f 1469/4/3 1468/4/3 1450/4/3 1274/4/3
f 1469/4/5 1274/4/5 1273/4/5 1298/4/5
f 1263/4/2 1453/4/2 1470/4/2 1276/4/2
f 1450/4/6 1471/4/6 1470/4/6 1453/4/6
f 1264/2/1 1277/2/1 1472/2/1 1456/2/1
f 1279/2/2 1459/2/2 1473/2/2 1280/2/2
f 1474/2/6 1475/2/6 1473/2/6 1459/2/6
f 1283/3/1 1282/3/1 1476/3/1 1477/3/1
f 1283/3/3 1477/3/3 1478/3/3 1284/3/3
f 1282/3/4 1285/3/4 1479/3/4 1476/3/4
f 1284/3/3 1478/3/3 1480/3/3 1286/3/3
f 1285/3/4 1287/3/4 1481/3/4 1479/3/4
f 1286/4/3 1480/4/3 1482/4/3 1289/4/3
f 1287/4/4 1290/4/4 1483/4/4 1481/4/4
f 1484/4/2 1485/4/2 1486/4/2 1487/4/2
f 1289/4/3 1482/4/3 1485/4/3 1484/4/3
f 1290/4/4 1487/4/4 1486/4/4 1483/4/4
f 1289/4/5 1484/4/5 1487/4/5 1290/4/5
f 1272/4/2 1461/4/2 1488/4/2 1293/4/2
f 1267/4/1 1292/4/1 1489/4/1 1462/4/1
f 1292/4/4 1293/4/4 1488/4/4 1489/4/4
f 1490/4/1 1491/4/1 1492/4/1 1493/4/1
f 1490/4/3 1493/4/3 1466/4/3 1465/4/3
f 1491/4/4 1494/4/4 1495/4/4 1492/4/4
f 1490/4/5 1465/4/5 1494/4/5 1491/4/5
f 1465/4/5 1298/4/5 1297/4/5 1494/4/5
f 1496/4/6 1497/4/6 1498/4/6 1471/4/6
f 1471/4/6 1498/4/6 1499/4/6 1470/4/6
f 1276/4/3 1470/4/3 1500/4/3 1275/4/3
f 1470/4/6 1499/4/6 1501/4/6 1500/4/6
f 1301/4/2 1502/4/2 1503/4/2 1302/4/2
f 1275/4/3 1500/4/3 1502/4/3 1301/4/3
f 1500/4/6 1501/4/6 1503/4/6 1502/4/6
f 1504/2/1 1505/2/1 1506/2/1 1507/2/1
f 1504/2/3 1507/2/3 1472/2/3 1277/2/3
f 1505/2/4 1303/2/4 1508/2/4 1506/2/4
f 1507/2/6 1506/2/6 1508/2/6 1472/2/6
f 1504/2/5 1277/2/5 1303/2/5 1505/2/5
f 1280/2/2 1473/2/2 1509/2/2 1304/2/2
f 1494/3/1 1510/3/1 1511/3/1 1495/3/1
f 1510/3/4 1309/3/4 1512/3/4 1511/3/4
f 1494/3/5 1297/3/5 1309/3/5 1510/3/5
f 1309/3/4 1311/3/4 1513/3/4 1512/3/4
f 1311/4/4 1313/4/4 1514/4/4 1513/4/4
f 1498/4/6 1513/4/6 1514/4/6 1499/4/6
f 1313/4/4 1315/4/4 1515/4/4 1514/4/4
f 1499/4/6 1514/4/6 1515/4/6 1501/4/6
f 1302/4/2 1503/4/2 1516/4/2 1314/4/2
f 1315/4/4 1314/4/4 1516/4/4 1515/4/4
f 1501/4/6 1515/4/6 1516/4/6 1503/4/6
f 1303/2/1 1318/2/1 1517/2/1 1508/2/1
f 1304/2/2 1509/2/2 1518/2/2 1319/2/2
f 1318/1/1 1324/1/1 1519/1/1 1517/1/1
f 1319/2/2 1518/2/2 1520/2/2 1325/2/2
f 1333/3/1 1332/3/1 1521/3/1 1522/3/1
f 1333/3/3 1522/3/3 1523/3/3 1327/3/3
f 1332/3/4 1328/3/4 1524/3/4 1521/3/4
f 1525/4/2 1526/4/2 1527/4/2 1528/4/2
f 1327/4/3 1523/4/3 1526/4/3 1525/4/3
f 1328/4/4 1528/4/4 1527/4/4 1524/4/4
f 1327/4/5 1525/4/5 1528/4/5 1328/4/5
f 1338/4/2 1529/4/2 1530/4/2 1339/4/2
f 1321/4/1 1337/4/1 1531/4/1 1532/4/1
f 1321/4/3 1532/4/3 1529/4/3 1338/4/3
f 1532/4/6 1531/4/6 1530/4/6 1529/4/6
f 1324/1/1 1341/1/1 1533/1/1 1519/1/1
f 1325/1/2 1520/1/2 1534/1/2 1344/1/2
f 1342/1/4 1344/1/4 1534/1/4 1535/1/4
f 1536/1/6 1535/1/6 1534/1/6 1520/1/6
f 1339/4/2 1530/4/2 1537/4/2 1538/4/2
f 1337/4/1 1539/4/1 1540/4/1 1531/4/1
f 1531/4/6 1540/4/6 1537/4/6 1530/4/6
f 1337/4/5 1339/4/5 1538/4/5 1539/4/5
f 1341/1/1 1345/1/1 1541/1/1 1533/1/1
f 1342/2/2 1535/2/2 1542/2/2 1543/2/2
f 1343/2/5 1342/2/5 1543/2/5 1346/2/5
f 1539/4/1 1544/4/1 1545/4/1 1540/4/1
f 1544/4/4 1546/4/4 1547/4/4 1545/4/4
f 1540/4/6 1545/4/6 1547/4/6 1537/4/6
f 1539/4/5 1538/4/5 1546/4/5 1544/4/5
f 1548/4/2 1549/4/2 1550/4/2 1551/4/2
f 1538/4/3 1537/4/3 1549/4/3 1548/4/3
f 1537/4/6 1547/4/6 1550/4/6 1549/4/6
f 1538/4/5 1548/4/5 1551/4/5 1546/4/5
f 1552/4/1 1553/4/1 1554/4/1 1555/4/1
f 1552/4/3 1555/4/3 1541/4/3 1345/4/3
f 1555/4/6 1554/4/6 1556/4/6 1541/4/6
f 1552/4/5 1345/4/5 1347/4/5 1553/4/5
f 1346/2/5 1543/2/5 1350/2/5 1348/2/5
f 1557/2/2 1558/2/2 1559/2/2 1352/2/2
f 1543/2/3 1542/2/3 1558/2/3 1557/2/3
f 1543/2/5 1557/2/5 1352/2/5 1350/2/5
f 1560/4/1 1561/4/1 1562/4/1 1563/4/1
f 1560/4/3 1563/4/3 1564/4/3 1565/4/3
f 1561/4/4 1566/4/4 1567/4/4 1562/4/4
f 1560/4/5 1565/4/5 1566/4/5 1561/4/5
f 1544/4/2 1545/4/2 1568/4/2 1569/4/2
f 1565/4/3 1564/4/3 1545/4/3 1544/4/3
f 1564/4/6 1567/4/6 1568/4/6 1545/4/6
f 1565/4/5 1544/4/5 1569/4/5 1566/4/5
f 1546/4/1 1570/4/1 1571/4/1 1547/4/1
f 1570/4/4 1572/4/4 1573/4/4 1571/4/4
f 1546/4/5 1551/4/5 1572/4/5 1570/4/5
f 1551/4/3 1550/4/3 1554/4/3 1553/4/3
f 1550/4/6 1573/4/6 1574/4/6 1554/4/6
f 1551/4/5 1553/4/5 1575/4/5 1572/4/5
f 1575/4/4 1349/4/4 1576/4/4 1574/4/4
f 1554/4/6 1574/4/6 1576/4/6 1556/4/6
f 1553/4/5 1347/4/5 1349/4/5 1575/4/5
f 1352/2/2 1559/2/2 1577/2/2 1353/2/2
f 1578/2/6 1579/2/6 1577/2/6 1559/2/6
f 1569/4/2 1568/4/2 1580/4/2 1581/4/2
f 1566/4/1 1582/4/1 1583/4/1 1567/4/1
f 1567/4/6 1583/4/6 1580/4/6 1568/4/6
f 1566/4/5 1569/4/5 1581/4/5 1582/4/5
f 1575/4/2 1574/4/2 1584/4/2 1585/4/2
f 1572/4/1 1586/4/1 1587/4/1 1573/4/1
f 1573/4/6 1587/4/6 1584/4/6 1574/4/6
f 1572/4/5 1575/4/5 1585/4/5 1586/4/5
f 1349/2/1 1356/2/1 1588/2/1 1576/2/1
f 1589/1/6 1590/1/6 1591/1/6 1579/1/6
f 1353/2/2 1577/2/2 1592/2/2 1593/2/2
f 1579/2/6 1591/2/6 1592/2/6 1577/2/6
f 1355/2/5 1353/2/5 1593/2/5 1357/2/5
f 1582/4/1 1594/4/1 1595/4/1 1583/4/1
f 1594/4/4 1596/4/4 1597/4/4 1595/4/4
f 1583/4/6 1595/4/6 1597/4/6 1580/4/6
f 1582/4/5 1581/4/5 1596/4/5 1594/4/5
f 1598/4/2 1599/4/2 1600/4/2 1601/4/2
f 1581/4/3 1580/4/3 1599/4/3 1598/4/3
f 1580/4/6 1597/4/6 1600/4/6 1599/4/6
f 1581/4/5 1598/4/5 1601/4/5 1596/4/5
f 1586/4/1 1602/4/1 1603/4/1 1587/4/1
f 1602/4/4 1604/4/4 1605/4/4 1603/4/4
f 1586/4/5 1585/4/5 1604/4/5 1602/4/5
f 1585/4/3 1584/4/3 1588/4/3 1356/4/3
f 1585/4/5 1356/4/5 1358/4/5 1604/4/5
f 1593/2/2 1592/2/2 1606/2/2 1607/2/2
f 1359/2/4 1607/2/4 1606/2/4 1608/2/4
f 1591/2/6 1608/2/6 1606/2/6 1592/2/6
f 1357/2/5 1593/2/5 1607/2/5 1359/2/5
f 1596/4/1 1609/4/1 1610/4/1 1597/4/1
f 1609/4/4 1611/4/4 1612/4/4 1610/4/4
f 1597/4/6 1610/4/6 1612/4/6 1600/4/6
f 1596/4/5 1601/4/5 1611/4/5 1609/4/5
f 1602/4/2 1603/4/2 1613/4/2 1614/4/2
f 1601/4/3 1600/4/3 1603/4/3 1602/4/3
f 1600/4/6 1612/4/6 1613/4/6 1603/4/6
f 1601/4/5 1602/4/5 1614/4/5 1611/4/5
f 1604/4/1 1615/4/1 1616/4/1 1605/4/1
f 1615/4/4 1360/4/4 1617/4/4 1616/4/4
f 1604/4/5 1358/4/5 1360/4/5 1615/4/5
f 1359/2/2 1608/2/2 1618/2/2 1361/2/2
f 1614/4/2 1613/4/2 1619/4/2 1620/4/2
f 1611/4/1 1621/4/1 1622/4/1 1612/4/1
f 1621/4/4 1620/4/4 1619/4/4 1622/4/4
f 1612/4/6 1622/4/6 1619/4/6 1613/4/6
f 1611/4/5 1614/4/5 1620/4/5 1621/4/5
f 1360/4/1 1363/4/1 1623/4/1 1617/4/1
f 1361/2/2 1618/2/2 1624/2/2 1365/2/2
f 1625/2/1 1626/2/1 1627/2/1 1628/2/1
f 1625/2/3 1628/2/3 1623/2/3 1363/2/3
f 1626/2/4 1372/2/4 1629/2/4 1627/2/4
f 1625/2/5 1363/2/5 1372/2/5 1626/2/5
f 1363/4/5 1364/4/5 1367/4/5 1372/4/5
f 1365/1/2 1624/1/2 1630/1/2 1368/1/2
f 1370/1/4 1368/1/4 1630/1/4 1631/1/4
f 1372/1/1 1371/1/1 1632/1/1 1629/1/1
f 1629/1/6 1632/1/6 1633/1/6 1634/1/6
f 1370/2/2 1631/2/2 1635/2/2 1373/2/2
f 1371/1/1 1375/1/1 1636/1/1 1632/1/1
f 1375/1/4 1376/1/4 1637/1/4 1636/1/4
f 1373/2/2 1635/2/2 1638/2/2 1639/2/2
f 1377/2/4 1639/2/4 1638/2/4 1640/2/4
f 1641/2/6 1640/2/6 1638/2/6 1635/2/6
f 1374/2/5 1373/2/5 1639/2/5 1377/2/5
f 1377/2/2 1640/2/2 1642/2/2 1643/2/2
f 1376/2/1 1644/2/1 1645/2/1 1637/2/1
f 1644/2/4 1643/2/4 1642/2/4 1645/2/4
f 1376/2/5 1377/2/5 1643/2/5 1644/2/5
f 1381/2/1 1380/2/1 1646/2/1 1647/2/1
f 1381/2/3 1647/2/3 1648/2/3 1378/2/3
f 1378/2/3 1648/2/3 1649/2/3 1650/2/3
f 1378/2/5 1650/2/5 1383/2/5 1379/2/5
f 1651/1/2 1652/1/2 1653/1/2 1385/1/2
f 1650/1/3 1649/1/3 1652/1/3 1651/1/3
f 1383/1/4 1385/1/4 1653/1/4 1654/1/4
f 1649/1/6 1654/1/6 1653/1/6 1652/1/6
f 1650/1/5 1651/1/5 1385/1/5 1383/1/5
f 1655/2/1 1656/2/1 1657/2/1 1658/2/1
f 1655/2/3 1658/2/3 1646/2/3 1380/2/3
f 1656/2/4 1382/2/4 1659/2/4 1657/2/4
f 1658/2/6 1657/2/6 1659/2/6 1646/2/6
f 1655/2/5 1380/2/5 1382/2/5 1656/2/5
f 1383/2/2 1654/2/2 1660/2/2 1387/2/2
f 1389/2/4 1387/2/4 1660/2/4 1661/2/4
f 1662/2/6 1661/2/6 1660/2/6 1654/2/6
f 1389/1/2 1661/1/2 1663/1/2 1390/1/2
f 1382/1/1 1388/1/1 1664/1/1 1659/1/1
f 1393/2/2 1665/2/2 1666/2/2 1394/2/2
f 1386/2/1 1392/2/1 1667/2/1 1668/2/1
f 1386/2/3 1668/2/3 1665/2/3 1393/2/3
f 1392/2/4 1394/2/4 1666/2/4 1667/2/4
f 1668/2/6 1667/2/6 1666/2/6 1665/2/6
f 1390/2/2 1663/2/2 1669/2/2 1396/2/2
f 1388/2/1 1395/2/1 1670/2/1 1664/2/1
f 1395/1/1 1406/1/1 1671/1/1 1670/1/1
f 1397/1/2 1672/1/2 1673/1/2 1408/1/2
f 1396/1/3 1669/1/3 1672/1/3 1397/1/3
f 1406/2/1 1410/2/1 1674/2/1 1671/2/1
f 1408/2/3 1673/2/3 1675/2/3 1407/2/3
f 1408/2/5 1407/2/5 1418/2/5 1411/2/5
f 1676/1/2 1677/1/2 1678/1/2 1419/1/2
f 1407/1/3 1675/1/3 1677/1/3 1676/1/3
f 1407/1/5 1676/1/5 1419/1/5 1418/1/5
f 1409/3/1 1416/3/1 1679/3/1 1680/3/1
f 1409/3/3 1680/3/3 1674/3/3 1410/3/3
f 1681/2/2 1682/2/2 1683/2/2 1422/2/2
f 1419/2/3 1678/2/3 1682/2/3 1681/2/3
f 1420/2/4 1422/2/4 1683/2/4 1684/2/4
f 1419/2/5 1681/2/5 1422/2/5 1420/2/5
f 1416/1/1 1685/1/1 1686/1/1 1679/1/1
f 1685/1/4 1421/1/4 1687/1/4 1686/1/4
f 1416/1/5 1417/1/5 1421/1/5 1685/1/5
f 1420/1/2 1684/1/2 1688/1/2 1424/1/2
f 1425/3/2 1689/3/2 1690/3/2 1426/3/2
f 1428/3/1 1427/3/1 1691/3/1 1692/3/1
f 1428/3/3 1692/3/3 1689/3/3 1425/3/3
f 1692/3/6 1691/3/6 1690/3/6 1689/3/6
f 1421/2/1 1429/2/1 1693/2/1 1687/2/1
f 1424/1/2 1688/1/2 1694/1/2 1430/1/2
f 1426/3/2 1690/3/2 1695/3/2 1696/3/2
f 1427/3/1 1697/3/1 1698/3/1 1691/3/1
f 1697/3/4 1696/3/4 1695/3/4 1698/3/4
f 1427/3/5 1426/3/5 1696/3/5 1697/3/5
f 1429/1/1 1431/1/1 1699/1/1 1693/1/1
f 1430/1/2 1694/1/2 1700/1/2 1432/1/2
f 1431/1/1 1433/1/1 1701/1/1 1699/1/1
f 1435/2/2 1702/2/2 1703/2/2 1436/2/2
f 1432/2/3 1700/2/3 1702/2/3 1435/2/3
f 1700/2/6 1704/2/6 1703/2/6 1702/2/6
f 1440/3/1 1439/3/1 1705/3/1 1706/3/1
f 1440/3/3 1706/3/3 1707/3/3 1441/3/3
f 1439/3/4 1442/3/4 1708/3/4 1705/3/4
f 1441/3/3 1707/3/3 1709/3/3 1444/3/3
f 1442/3/4 1445/3/4 1710/3/4 1708/3/4
f 1711/4/2 1712/4/2 1713/4/2 1714/4/2
f 1444/4/3 1709/4/3 1712/4/3 1711/4/3
f 1445/4/4 1714/4/4 1713/4/4 1710/4/4
f 1444/4/5 1711/4/5 1714/4/5 1445/4/5
f 1433/1/1 1447/1/1 1715/1/1 1701/1/1
f 1436/2/2 1703/2/2 1716/2/2 1458/2/2
f 1704/2/6 1717/2/6 1716/2/6 1703/2/6
f 1438/2/5 1436/2/5 1458/2/5 1448/2/5
f 1447/2/1 1456/2/1 1718/2/1 1715/2/1
f 1458/2/2 1716/2/2 1719/2/2 1459/2/2
f 1474/2/4 1459/2/4 1719/2/4 1720/2/4
f 1460/4/2 1721/4/2 1722/4/2 1461/4/2
f 1463/4/1 1462/4/1 1723/4/1 1724/4/1
f 1463/4/3 1724/4/3 1721/4/3 1460/4/3
f 1725/3/1 1726/3/1 1727/3/1 1728/3/1
f 1725/3/3 1728/3/3 1729/3/3 1730/3/3
f 1725/3/5 1730/3/5 1493/3/5 1726/3/5
f 1730/3/3 1729/3/3 1731/3/3 1467/3/3
f 1730/3/5 1467/3/5 1466/3/5 1493/3/5
f 1467/3/3 1731/3/3 1732/3/3 1468/3/3
f 1731/3/6 1733/3/6 1734/3/6 1732/3/6
f 1450/4/2 1735/4/2 1736/4/2 1471/4/2
f 1468/4/3 1732/4/3 1735/4/3 1450/4/3
f 1496/4/4 1471/4/4 1736/4/4 1734/4/4
f 1732/4/6 1734/4/6 1736/4/6 1735/4/6
f 1737/2/1 1507/2/1 1738/2/1 1739/2/1
f 1737/2/3 1739/2/3 1718/2/3 1456/2/3
f 1507/2/4 1472/2/4 1740/2/4 1738/2/4
f 1737/2/5 1456/2/5 1472/2/5 1507/2/5
f 1474/2/2 1720/2/2 1741/2/2 1475/2/2
f 1477/3/1 1476/3/1 1742/3/1 1743/3/1
f 1477/3/3 1743/3/3 1744/3/3 1478/3/3
f 1476/3/4 1479/3/4 1745/3/4 1742/3/4
f 1478/3/3 1744/3/3 1746/3/3 1480/3/3
f 1479/3/4 1481/3/4 1747/3/4 1745/3/4
f 1480/3/3 1746/3/3 1748/3/3 1482/3/3
f 1481/3/4 1483/3/4 1749/3/4 1747/3/4
f 1482/3/3 1748/3/3 1750/3/3 1485/3/3
f 1483/3/4 1486/3/4 1751/3/4 1749/3/4
f 1752/4/2 1753/4/2 1754/4/2 1755/4/2
f 1485/4/3 1750/4/3 1753/4/3 1752/4/3
f 1486/4/4 1755/4/4 1754/4/4 1751/4/4
f 1485/4/5 1752/4/5 1755/4/5 1486/4/5
f 1461/4/2 1722/4/2 1756/4/2 1488/4/2
f 1462/4/1 1489/4/1 1757/4/1 1723/4/1
f 1489/4/4 1488/4/4 1756/4/4 1757/4/4
f 1726/3/1 1758/3/1 1759/3/1 1727/3/1
f 1726/3/5 1493/3/5 1492/3/5 1758/3/5
f 1492/4/4 1495/4/4 1760/4/4 1761/4/4
f 1496/4/2 1734/4/2 1762/4/2 1497/4/2
f 1472/2/1 1508/2/1 1763/2/1 1740/2/1
f 1473/2/2 1764/2/2 1765/2/2 1509/2/2
f 1475/2/3 1741/2/3 1764/2/3 1473/2/3
f 1741/2/6 1766/2/6 1765/2/6 1764/2/6
f 1492/3/2 1761/3/2 1767/3/2 1768/3/2
f 1758/3/1 1769/3/1 1770/3/1 1759/3/1
f 1769/3/4 1768/3/4 1767/3/4 1770/3/4
f 1758/3/5 1492/3/5 1768/3/5 1769/3/5
f 1495/3/1 1511/3/1 1771/3/1 1760/3/1
f 1511/3/4 1512/3/4 1772/3/4 1771/3/4
f 1498/4/2 1773/4/2 1774/4/2 1513/4/2
f 1497/4/3 1762/4/3 1773/4/3 1498/4/3
f 1512/4/4 1513/4/4 1774/4/4 1772/4/4
f 1762/4/6 1772/4/6 1774/4/6 1773/4/6
f 1508/2/1 1517/2/1 1775/2/1 1763/2/1
f 1509/2/2 1765/2/2 1776/2/2 1518/2/2
f 1766/2/6 1777/2/6 1776/2/6 1765/2/6
f 1517/2/1 1519/2/1 1778/2/1 1775/2/1
f 1518/2/2 1776/2/2 1779/2/2 1520/2/2
f 1536/2/4 1520/2/4 1779/2/4 1780/2/4
f 1777/2/6 1780/2/6 1779/2/6 1776/2/6
f 1522/3/1 1521/3/1 1781/3/1 1782/3/1
f 1522/3/3 1782/3/3 1783/3/3 1523/3/3
f 1521/3/4 1524/3/4 1784/3/4 1781/3/4
f 1523/3/3 1783/3/3 1785/3/3 1526/3/3
f 1524/3/4 1527/3/4 1786/3/4 1784/3/4
f 1787/4/2 1788/4/2 1789/4/2 1790/4/2
f 1526/4/3 1785/4/3 1788/4/3 1787/4/3
f 1527/4/4 1790/4/4 1789/4/4 1786/4/4
f 1526/4/5 1787/4/5 1790/4/5 1527/4/5
f 1519/1/1 1533/1/1 1791/1/1 1778/1/1
f 1536/1/2 1780/1/2 1792/1/2 1535/1/2
f 1533/1/1 1541/1/1 1793/1/1 1791/1/1
f 1534/1/2 1794/1/2 1795/1/2 1558/1/2
f 1535/1/3 1792/1/3 1794/1/3 1534/1/3
f 1535/1/5 1534/1/5 1558/1/5 1542/1/5
f 1796/4/2 1797/4/2 1798/4/2 1563/4/2
f 1799/4/1 1800/4/1 1801/4/1 1802/4/1
f 1799/4/3 1802/4/3 1797/4/3 1796/4/3
f 1800/4/4 1563/4/4 1798/4/4 1801/4/4
f 1799/4/5 1796/4/5 1563/4/5 1800/4/5
f 1541/1/1 1556/1/1 1803/1/1 1793/1/1
f 1558/2/2 1795/2/2 1804/2/2 1559/2/2
f 1578/2/4 1559/2/4 1804/2/4 1805/2/4
f 1564/4/2 1806/4/2 1807/4/2 1567/4/2
f 1563/4/1 1562/4/1 1808/4/1 1798/4/1
f 1563/4/3 1798/4/3 1806/4/3 1564/4/3
f 1562/4/4 1567/4/4 1807/4/4 1808/4/4
f 1798/4/6 1808/4/6 1807/4/6 1806/4/6
f 1550/4/2 1809/4/2 1810/4/2 1573/4/2
f 1547/4/1 1571/4/1 1811/4/1 1812/4/1
f 1547/4/3 1812/4/3 1809/4/3 1550/4/3
f 1571/4/4 1573/4/4 1810/4/4 1811/4/4
f 1812/4/6 1811/4/6 1810/4/6 1809/4/6
f 1556/2/1 1576/2/1 1813/2/1 1803/2/1
f 1578/2/2 1805/2/2 1814/2/2 1579/2/2
f 1589/2/4 1579/2/4 1814/2/4 1815/2/4
f 1576/2/1 1588/2/1 1816/2/1 1813/2/1
f 1589/2/2 1815/2/2 1817/2/2 1590/2/2
f 1587/4/1 1603/4/1 1818/4/1 1819/4/1
f 1587/4/3 1819/4/3 1820/4/3 1584/4/3
f 1603/4/4 1605/4/4 1821/4/4 1818/4/4
f 1819/4/6 1818/4/6 1821/4/6 1820/4/6
f 1584/4/3 1820/4/3 1816/4/3 1588/4/3
f 1591/2/2 1822/2/2 1823/2/2 1608/2/2
f 1590/2/3 1817/2/3 1822/2/3 1591/2/3
f 1605/4/1 1616/4/1 1824/4/1 1821/4/1
f 1616/4/4 1617/4/4 1825/4/4 1824/4/4
f 1608/1/2 1823/1/2 1826/1/2 1618/1/2
f 1616/2/2 1824/2/2 1827/2/2 1628/2/2
f 1613/2/1 1619/2/1 1828/2/1 1829/2/1
f 1613/2/3 1829/2/3 1824/2/3 1616/2/3
f 1613/2/5 1616/2/5 1628/2/5 1619/2/5
f 1617/1/1 1623/1/1 1830/1/1 1825/1/1
f 1618/2/2 1826/2/2 1831/2/2 1624/2/2
f 1622/2/1 1832/2/1 1833/2/1 1834/2/1
f 1622/2/3 1834/2/3 1828/2/3 1619/2/3
f 1832/2/4 1835/2/4 1836/2/4 1833/2/4
f 1834/2/6 1833/2/6 1836/2/6 1828/2/6
f 1622/2/5 1619/2/5 1835/2/5 1832/2/5
f 1619/2/5 1628/2/5 1627/2/5 1835/2/5
f 1628/2/3 1827/2/3 1830/2/3 1623/2/3
f 1627/2/4 1629/2/4 1837/2/4 1838/2/4
f 1629/1/4 1634/1/4 1839/1/4 1837/1/4
f 1624/1/2 1831/1/2 1840/1/2 1630/1/2
f 1631/1/4 1630/1/4 1840/1/4 1841/1/4
f 1627/2/2 1838/2/2 1842/2/2 1843/2/2
f 1835/2/1 1844/2/1 1845/2/1 1836/2/1
f 1844/2/4 1843/2/4 1842/2/4 1845/2/4
f 1835/2/5 1627/2/5 1843/2/5 1844/2/5
f 1634/1/1 1633/1/1 1846/1/1 1839/1/1
f 1631/4/2 1841/4/2 1847/4/2 1635/4/2
f 1641/4/4 1635/4/4 1847/4/4 1848/4/4
f 1632/1/1 1636/1/1 1849/1/1 1850/1/1
f 1632/1/3 1850/1/3 1846/1/3 1633/1/3
f 1641/2/2 1848/2/2 1851/2/2 1640/2/2
f 1636/1/1 1852/1/1 1853/1/1 1849/1/1
f 1852/1/4 1645/1/4 1854/1/4 1853/1/4
f 1636/1/5 1637/1/5 1645/1/5 1852/1/5
f 1640/2/2 1851/2/2 1855/2/2 1642/2/2
f 1645/2/4 1642/2/4 1855/2/4 1854/2/4
f 1856/2/1 1647/2/1 1857/2/1 1858/2/1
f 1856/2/3 1858/2/3 1859/2/3 1860/2/3
f 1856/2/5 1860/2/5 1648/2/5 1647/2/5
f 1861/2/2 1862/2/2 1863/2/2 1649/2/2
f 1860/2/3 1859/2/3 1862/2/3 1861/2/3
f 1860/2/5 1861/2/5 1649/2/5 1648/2/5
f 1647/2/1 1646/2/1 1864/2/1 1857/2/1
f 1649/2/2 1863/2/2 1865/2/2 1654/2/2
f 1662/2/4 1654/2/4 1865/2/4 1866/2/4
f 1662/1/2 1866/1/2 1867/1/2 1661/1/2
f 1646/1/1 1659/1/1 1868/1/1 1864/1/1
f 1864/1/6 1868/1/6 1867/1/6 1866/1/6
f 1653/2/2 1869/2/2 1870/2/2 1668/2/2
f 1654/2/1 1660/2/1 1871/2/1 1865/2/1
f 1654/2/3 1865/2/3 1869/2/3 1653/2/3
f 1660/2/4 1668/2/4 1870/2/4 1871/2/4
f 1654/2/5 1653/2/5 1668/2/5 1660/2/5
f 1661/2/2 1867/2/2 1872/2/2 1663/2/2
f 1659/2/1 1664/2/1 1873/2/1 1868/2/1
f 1868/2/6 1873/2/6 1872/2/6 1867/2/6
f 1874/2/1 1875/2/1 1876/2/1 1877/2/1
f 1874/2/3 1877/2/3 1873/2/3 1664/2/3
f 1874/2/5 1664/2/5 1670/2/5 1875/2/5
f 1663/2/2 1872/2/2 1878/2/2 1669/2/2
f 1875/2/1 1879/2/1 1880/2/1 1876/2/1
f 1876/2/6 1880/2/6 1881/2/6 1882/2/6
f 1875/2/5 1670/2/5 1671/2/5 1879/2/5
f 1672/1/2 1883/1/2 1884/1/2 1673/1/2
f 1669/1/3 1878/1/3 1883/1/3 1672/1/3
f 1879/2/1 1680/2/1 1885/2/1 1880/2/1
f 1880/2/6 1885/2/6 1886/2/6 1881/2/6
f 1879/2/5 1671/2/5 1674/2/5 1680/2/5
f 1673/2/3 1884/2/3 1887/2/3 1675/2/3
f 1677/1/2 1888/1/2 1889/1/2 1678/1/2
f 1675/1/3 1887/1/3 1888/1/3 1677/1/3
f 1890/4/1 1891/4/1 1892/4/1 1893/4/1
f 1890/4/3 1893/4/3 1894/4/3 1895/4/3
f 1891/4/4 1896/4/4 1897/4/4 1892/4/4
f 1890/4/5 1895/4/5 1896/4/5 1891/4/5
f 1895/4/3 1894/4/3 1885/4/3 1680/4/3
f 1894/4/6 1897/4/6 1898/4/6 1885/4/6
f 1895/4/5 1680/4/5 1679/4/5 1896/4/5
f 1885/1/6 1898/1/6 1899/1/6 1886/1/6
f 1682/1/2 1900/1/2 1901/1/2 1683/1/2
f 1678/1/3 1889/1/3 1900/1/3 1682/1/3
f 1896/2/1 1902/2/1 1903/2/1 1897/2/1
f 1896/2/5 1679/2/5 1686/2/5 1902/2/5
f 1686/1/4 1687/1/4 1904/1/4 1905/1/4
f 1898/1/6 1905/1/6 1904/1/6 1899/1/6
f 1683/2/2 1901/2/2 1906/2/2 1907/2/2
f 1684/2/5 1683/2/5 1907/2/5 1688/2/5
f 1686/2/2 1905/2/2 1908/2/2 1909/2/2
f 1902/2/1 1910/2/1 1911/2/1 1903/2/1
f 1910/2/4 1909/2/4 1908/2/4 1911/2/4
f 1902/2/5 1686/2/5 1909/2/5 1910/2/5
f 1687/2/1 1693/2/1 1912/2/1 1904/2/1
f 1907/2/2 1906/2/2 1913/2/2 1914/2/2
f 1688/2/5 1907/2/5 1914/2/5 1694/2/5
f 1915/4/1 1916/4/1 1917/4/1 1918/4/1
f 1915/4/3 1918/4/3 1919/4/3 1691/4/3
f 1918/4/6 1917/4/6 1920/4/6 1919/4/6
f 1915/4/5 1691/4/5 1698/4/5 1916/4/5
f 1690/3/2 1921/3/2 1922/3/2 1695/3/2
f 1691/3/3 1919/3/3 1921/3/3 1690/3/3
f 1698/3/4 1695/3/4 1922/3/4 1920/3/4
f 1919/3/6 1920/3/6 1922/3/6 1921/3/6
f 1909/1/1 1923/1/1 1924/1/1 1908/1/1
f 1909/1/3 1908/1/3 1912/1/3 1693/1/3
f 1909/1/5 1693/1/5 1699/1/5 1923/1/5
f 1914/2/2 1913/2/2 1925/2/2 1702/2/2
f 1700/2/4 1702/2/4 1925/2/4 1926/2/4
f 1694/2/5 1914/2/5 1702/2/5 1700/2/5
f 1698/4/2 1920/4/2 1927/4/2 1928/4/2
f 1916/4/1 1929/4/1 1930/4/1 1917/4/1
f 1929/4/4 1928/4/4 1927/4/4 1930/4/4
f 1916/4/5 1698/4/5 1928/4/5 1929/4/5
f 1923/1/1 1931/1/1 1932/1/1 1924/1/1
f 1931/1/4 1701/1/4 1933/1/4 1932/1/4
f 1923/1/5 1699/1/5 1701/1/5 1931/1/5
f 1700/2/2 1926/2/2 1934/2/2 1704/2/2
f 1706/3/1 1705/3/1 1935/3/1 1936/3/1
f 1706/3/3 1936/3/3 1937/3/3 1707/3/3
f 1707/4/3 1937/4/3 1938/4/3 1709/4/3
f 1709/4/3 1938/4/3 1939/4/3 1712/4/3
f 1712/3/3 1939/3/3 1940/3/3 1941/3/3
f 1712/3/5 1941/3/5 1942/3/5 1713/3/5
f 1941/3/3 1940/3/3 1943/3/3 1944/3/3
f 1941/3/5 1944/3/5 1945/3/5 1942/3/5
f 1944/4/3 1943/4/3 1946/4/3 1947/4/3
f 1944/4/5 1947/4/5 1948/4/5 1945/4/5
f 1947/4/3 1946/4/3 1949/4/3 1950/4/3
f 1947/4/5 1950/4/5 1951/4/5 1948/4/5
f 1950/4/3 1949/4/3 1952/4/3 1953/4/3
f 1950/4/5 1953/4/5 1954/4/5 1951/4/5
f 1953/4/3 1952/4/3 1955/4/3 1956/4/3
f 1953/4/5 1956/4/5 1957/4/5 1954/4/5
f 1956/4/3 1955/4/3 1958/4/3 1959/4/3
f 1956/4/5 1959/4/5 1960/4/5 1957/4/5
f 1959/4/3 1958/4/3 1961/4/3 1962/4/3
f 1959/4/5 1962/4/5 1963/4/5 1960/4/5
f 1962/4/3 1961/4/3 1964/4/3 1965/4/3
f 1962/4/5 1965/4/5 1966/4/5 1963/4/5
f 1965/4/3 1964/4/3 1967/4/3 1968/4/3
f 1965/4/5 1968/4/5 1969/4/5 1966/4/5
f 1968/4/3 1967/4/3 1970/4/3 1971/4/3
f 1968/4/5 1971/4/5 1972/4/5 1969/4/5
f 1971/4/3 1970/4/3 1973/4/3 1974/4/3
f 1971/4/5 1974/4/5 1975/4/5 1972/4/5
f 1974/4/3 1973/4/3 1976/4/3 1977/4/3
f 1974/4/5 1977/4/5 1978/4/5 1975/4/5
f 1977/3/3 1976/3/3 1979/3/3 1980/3/3
f 1977/3/5 1980/3/5 1981/3/5 1978/3/5
f 1929/3/2 1930/3/2 1982/3/2 1983/3/2
f 1980/3/3 1979/3/3 1930/3/3 1929/3/3
f 1980/3/5 1929/3/5 1983/3/5 1981/3/5
f 1701/1/1 1715/1/1 1984/1/1 1933/1/1
f 1704/2/2 1934/2/2 1985/2/2 1717/2/2
f 1986/2/6 1987/2/6 1985/2/6 1934/2/6
f 1705/3/1 1988/3/1 1989/3/1 1935/3/1
f 1705/3/5 1708/3/5 1990/3/5 1988/3/5
f 1708/4/5 1710/4/5 1991/4/5 1990/4/5
f 1710/3/5 1713/3/5 1992/3/5 1991/3/5
f 1713/3/5 1942/3/5 1993/3/5 1992/3/5
f 1942/3/5 1945/3/5 1994/3/5 1993/3/5
f 1945/3/5 1948/3/5 1995/3/5 1994/3/5
f 1948/3/5 1951/3/5 1996/3/5 1995/3/5
f 1951/3/5 1954/3/5 1997/3/5 1996/3/5
f 1954/3/5 1957/3/5 1998/3/5 1997/3/5
f 1957/3/5 1960/3/5 1999/3/5 1998/3/5
f 1960/4/5 1963/4/5 2000/4/5 1999/4/5
f 1963/4/5 1966/4/5 2001/4/5 2000/4/5
f 1966/4/5 1969/4/5 2002/4/5 2001/4/5
f 1969/4/5 1972/4/5 1724/4/5 2002/4/5
f 1972/3/5 1975/3/5 1721/3/5 1724/3/5
f 1975/3/5 1978/3/5 2003/3/5 1721/3/5
f 1978/3/5 1981/3/5 1728/3/5 2003/3/5
f 1983/3/2 1982/3/2 2004/3/2 1729/3/2
f 2005/3/6 2006/3/6 2004/3/6 1982/3/6
f 1981/3/5 1983/3/5 1729/3/5 1728/3/5
f 2007/3/2 2008/3/2 2009/3/2 1739/3/2
f 2010/3/1 2011/3/1 2012/3/1 2013/3/1
f 2010/3/3 2013/3/3 2008/3/3 2007/3/3
f 2011/3/4 1739/3/4 2009/3/4 2012/3/4
f 2013/3/6 2012/3/6 2009/3/6 2008/3/6
f 2010/3/5 2007/3/5 1739/3/5 2011/3/5
f 1715/1/1 1718/1/1 2014/1/1 1984/1/1
f 1716/2/2 2015/2/2 2016/2/2 1719/2/2
f 1717/2/3 1985/2/3 2015/2/3 1716/2/3
f 1985/2/6 2017/2/6 2016/2/6 2015/2/6
f 1988/3/1 1743/3/1 2018/3/1 1989/3/1
f 1988/3/5 1990/3/5 1744/3/5 1743/3/5
f 1990/4/5 1991/4/5 1746/4/5 1744/4/5
f 1991/4/5 1992/4/5 1748/4/5 1746/4/5
f 1992/4/5 1993/4/5 1750/4/5 1748/4/5
f 1993/4/5 1994/4/5 1753/4/5 1750/4/5
f 1994/4/5 1995/4/5 2019/4/5 1753/4/5
f 1995/4/5 1996/4/5 2020/4/5 2019/4/5
f 1996/3/5 1997/3/5 2021/3/5 2020/3/5
f 1997/3/5 1998/3/5 2022/3/5 2021/3/5
f 1998/3/5 1999/3/5 2023/3/5 2022/3/5
f 1999/3/5 2000/3/5 2024/3/5 2023/3/5
f 2000/3/5 2001/3/5 2025/3/5 2024/3/5
f 2001/4/5 2002/4/5 2026/4/5 2025/4/5
f 2002/3/5 1724/3/5 1723/3/5 2026/3/5
f 1721/3/5 2003/3/5 2027/3/5 1722/3/5
f 2028/3/6 2029/3/6 2030/3/6 2006/3/6
f 2003/3/5 1728/3/5 1727/3/5 2027/3/5
f 1731/4/2 2031/4/2 2032/4/2 1733/4/2
f 1729/4/3 2004/4/3 2031/4/3 1731/4/3
f 1739/1/1 1738/1/1 2033/1/1 2009/1/1
f 1739/1/3 2009/1/3 2014/1/3 1718/1/3
f 2009/1/6 2033/1/6 2034/1/6 2014/1/6
f 1719/2/2 2016/2/2 2035/2/2 1764/2/2
f 1741/2/4 1764/2/4 2035/2/4 2036/2/4
f 2017/2/6 2036/2/6 2035/2/6 2016/2/6
f 1720/2/5 1719/2/5 1764/2/5 1741/2/5
f 1743/3/1 1742/3/1 2037/3/1 2018/3/1
f 1753/3/5 2019/3/5 2038/3/5 1754/3/5
f 2019/4/5 2020/4/5 2039/4/5 2038/4/5
f 2020/3/5 2021/3/5 2040/3/5 2039/3/5
f 2021/3/5 2022/3/5 2041/3/5 2040/3/5
f 2022/3/5 2023/3/5 2042/3/5 2041/3/5
f 2023/3/5 2024/3/5 2043/3/5 2042/3/5
f 2024/4/5 2025/4/5 2044/4/5 2043/4/5
f 2025/3/5 2026/3/5 2045/3/5 2044/3/5
f 2026/3/5 1723/3/5 1757/3/5 2045/3/5
f 1722/3/5 2027/3/5 2046/3/5 1756/3/5
f 2029/3/6 2047/3/6 2048/3/6 2030/3/6
f 2027/3/5 1727/3/5 1759/3/5 2046/3/5
f 1734/4/2 2049/4/2 2050/4/2 1762/4/2
f 1733/4/3 2032/4/3 2049/4/3 1734/4/3
f 2032/4/6 2051/4/6 2050/4/6 2049/4/6
f 1738/2/1 2052/2/1 2053/2/1 2033/2/1
f 2052/2/4 1763/2/4 2054/2/4 2053/2/4
f 2033/2/6 2053/2/6 2054/2/6 2034/2/6
f 1738/2/5 1740/2/5 1763/2/5 2052/2/5
f 1741/2/2 2036/2/2 2055/2/2 1766/2/2
f 1742/3/1 2056/3/1 2057/3/1 2037/3/1
f 1742/3/5 1745/3/5 2058/3/5 2056/3/5
f 1745/4/5 1747/4/5 2059/4/5 2058/4/5
f 1747/4/5 1749/4/5 2060/4/5 2059/4/5
f 1749/3/5 1751/3/5 2061/3/5 2060/3/5
f 1751/4/5 1754/4/5 2062/4/5 2061/4/5
f 1754/3/5 2038/3/5 2063/3/5 2062/3/5
f 2038/3/5 2039/3/5 2064/3/5 2063/3/5
f 2039/3/5 2040/3/5 2065/3/5 2064/3/5
f 2040/3/5 2041/3/5 2066/3/5 2065/3/5
f 2041/3/5 2042/3/5 2067/3/5 2066/3/5
f 2042/4/5 2043/4/5 2068/4/5 2067/4/5
f 2043/4/5 2044/4/5 2069/4/5 2068/4/5
f 2044/4/5 2045/4/5 2070/4/5 2069/4/5
f 2045/3/5 1757/3/5 2071/3/5 2070/3/5
f 1757/4/5 1756/4/5 2072/4/5 2071/4/5
f 1756/3/5 2046/3/5 2073/3/5 2072/3/5
f 2046/4/5 1759/4/5 1770/4/5 2073/4/5
f 1767/3/4 1771/3/4 2074/3/4 2075/3/4
f 1761/3/5 1760/3/5 1771/3/5 1767/3/5
f 1762/4/2 2050/4/2 2076/4/2 1772/4/2
f 1771/4/4 1772/4/4 2076/4/4 2074/4/4
f 2051/4/6 2074/4/6 2076/4/6 2050/4/6
f 1763/2/1 1775/2/1 2077/2/1 2054/2/1
f 1766/2/2 2055/2/2 2078/2/2 1777/2/2
f 2056/3/1 1782/3/1 2079/3/1 2057/3/1
f 2056/3/5 2058/3/5 1783/3/5 1782/3/5
f 2058/4/5 2059/4/5 1785/4/5 1783/4/5
f 2059/3/5 2060/3/5 1788/3/5 1785/3/5
f 2060/3/5 2061/3/5 2080/3/5 1788/3/5
f 2061/4/5 2062/4/5 2081/4/5 2080/4/5
f 2062/3/5 2063/3/5 2082/3/5 2081/3/5
f 2063/3/5 2064/3/5 2083/3/5 2082/3/5
f 2064/3/5 2065/3/5 2084/3/5 2083/3/5
f 2065/4/5 2066/4/5 2085/4/5 2084/4/5
f 2066/4/5 2067/4/5 2086/4/5 2085/4/5
f 2067/4/5 2068/4/5 2087/4/5 2086/4/5
f 2068/4/5 2069/4/5 2088/4/5 2087/4/5
f 2069/4/5 2070/4/5 2089/4/5 2088/4/5
f 2070/3/5 2071/3/5 2090/3/5 2089/3/5
f 2071/4/5 2072/4/5 2091/4/5 2090/4/5
f 2091/3/4 2092/3/4 2093/3/4 2094/3/4
f 2072/3/5 2073/3/5 2092/3/5 2091/3/5
f 2073/4/5 1770/4/5 2095/4/5 2092/4/5
f 1767/4/2 2075/4/2 2096/4/2 2097/4/2
f 1770/4/5 1767/4/5 2097/4/5 2095/4/5
f 1775/1/1 1778/1/1 2098/1/1 2077/1/1
f 1777/2/2 2078/2/2 2099/2/2 1780/2/2
f 1782/3/1 1781/3/1 2100/3/1 2079/3/1
f 1789/3/4 2101/3/4 2102/3/4 2103/3/4
f 1788/3/5 2080/3/5 2101/3/5 1789/3/5
f 2101/3/4 2104/3/4 2105/3/4 2102/3/4
f 2080/3/5 2081/3/5 2104/3/5 2101/3/5
f 2104/3/4 2106/3/4 2107/3/4 2105/3/4
f 2081/3/5 2082/3/5 2106/3/5 2104/3/5
f 2106/3/4 2108/3/4 2109/3/4 2107/3/4
f 2082/3/5 2083/3/5 2108/3/5 2106/3/5
f 2108/4/4 2110/4/4 2111/4/4 2109/4/4
f 2083/4/5 2084/4/5 2110/4/5 2108/4/5
f 2110/4/4 2112/4/4 2113/4/4 2111/4/4
f 2084/4/5 2085/4/5 2112/4/5 2110/4/5
f 2112/4/4 2114/4/4 2115/4/4 2113/4/4
f 2085/4/5 2086/4/5 2114/4/5 2112/4/5
f 2114/4/4 2116/4/4 2117/4/4 2115/4/4
f 2086/4/5 2087/4/5 2116/4/5 2114/4/5
f 2116/4/4 2118/4/4 2119/4/4 2117/4/4
f 2087/4/5 2088/4/5 2118/4/5 2116/4/5
f 2118/4/4 2120/4/4 2121/4/4 2119/4/4
f 2088/4/5 2089/4/5 2120/4/5 2118/4/5
f 2120/3/4 2122/3/4 2123/3/4 2121/3/4
f 2089/3/5 2090/3/5 2122/3/5 2120/3/5
f 2091/3/2 2094/3/2 2124/3/2 2125/3/2
f 2122/3/4 2125/3/4 2124/3/4 2123/3/4
f 2090/3/5 2091/3/5 2125/3/5 2122/3/5
f 2092/3/1 2126/3/1 2127/3/1 2093/3/1
f 2126/3/4 2128/3/4 2129/3/4 2127/3/4
f 2092/3/5 2095/3/5 2128/3/5 2126/3/5
f 2128/3/4 2130/3/4 2131/3/4 2129/3/4
f 2132/3/6 2129/3/6 2131/3/6 2096/3/6
f 2095/3/5 2097/3/5 2130/3/5 2128/3/5
f 2133/4/2 2134/4/2 2135/4/2 2136/4/2
f 2097/4/3 2096/4/3 2134/4/3 2133/4/3
f 2130/4/4 2136/4/4 2135/4/4 2131/4/4
f 2096/4/6 2131/4/6 2135/4/6 2134/4/6
f 2097/4/5 2133/4/5 2136/4/5 2130/4/5
f 1778/2/1 1791/2/1 2137/2/1 2098/2/1
f 1779/1/2 2138/1/2 2139/1/2 1794/1/2
f 1780/1/3 2099/1/3 2138/1/3 1779/1/3
f 1780/1/5 1779/1/5 1794/1/5 1792/1/5
f 1781/3/1 2140/3/1 2141/3/1 2100/3/1
f 1781/3/5 1784/3/5 2142/3/5 2140/3/5
f 1784/4/5 1786/4/5 2143/4/5 2142/4/5
f 1789/4/2 2103/4/2 2144/4/2 2145/4/2
f 2143/4/4 2145/4/4 2144/4/4 2146/4/4
f 1786/4/5 1789/4/5 2145/4/5 2143/4/5
f 2136/4/1 2147/4/1 2148/4/1 2135/4/1
f 2136/4/3 2135/4/3 2149/4/3 2150/4/3
f 2147/4/4 1802/4/4 2151/4/4 2148/4/4
f 2136/4/5 2150/4/5 1802/4/5 2147/4/5
f 2152/4/2 2153/4/2 2154/4/2 1797/4/2
f 2150/4/3 2149/4/3 2153/4/3 2152/4/3
f 2149/4/6 2151/4/6 2154/4/6 2153/4/6
f 2150/4/5 2152/4/5 1797/4/5 1802/4/5
f 1791/1/1 1793/1/1 2155/1/1 2137/1/1
f 1794/1/2 2139/1/2 2156/1/2 1795/1/2
f 2140/3/1 2157/3/1 2158/3/1 2141/3/1
f 2141/3/6 2158/3/6 2159/3/6 2160/3/6
f 2140/3/5 2142/3/5 2161/3/5 2157/3/5
f 2143/4/2 2146/4/2 2162/4/2 2163/4/2
f 2161/4/4 2163/4/4 2162/4/4 2159/4/4
f 2160/4/6 2159/4/6 2162/4/6 2146/4/6
f 2142/4/5 2143/4/5 2163/4/5 2161/4/5
f 1797/4/2 2154/4/2 2164/4/2 1798/4/2
f 1802/4/1 1801/4/1 2165/4/1 2151/4/1
f 1801/4/4 1798/4/4 2164/4/4 2165/4/4
f 2151/4/6 2165/4/6 2164/4/6 2154/4/6
f 1793/1/1 1803/1/1 2166/1/1 2155/1/1
f 1795/1/2 2156/1/2 2167/1/2 1804/1/2
f 1805/1/4 1804/1/4 2167/1/4 2168/1/4
f 2161/4/2 2159/4/2 2169/4/2 2170/4/2
f 2157/4/1 2171/4/1 2172/4/1 2158/4/1
f 2171/4/4 2170/4/4 2169/4/4 2172/4/4
f 2158/4/6 2172/4/6 2169/4/6 2159/4/6
f 2157/4/5 2161/4/5 2170/4/5 2171/4/5
f 1803/2/1 1813/2/1 2173/2/1 2166/2/1
f 1805/2/2 2168/2/2 2174/2/2 1814/2/2
f 1815/2/4 1814/2/4 2174/2/4 2175/2/4
f 1810/3/2 2176/3/2 2177/3/2 1819/3/2
f 1811/3/1 2178/3/1 2179/3/1 2180/3/1
f 1811/3/3 2180/3/3 2176/3/3 1810/3/3
f 2178/3/4 1819/3/4 2177/3/4 2179/3/4
f 1811/3/5 1810/3/5 1819/3/5 2178/3/5
f 2181/2/1 1820/2/1 2182/2/1 2183/2/1
f 2181/2/3 2183/2/3 2173/2/3 1813/2/3
f 2183/2/6 2182/2/6 2184/2/6 2173/2/6
f 2181/2/5 1813/2/5 1816/2/5 1820/2/5
f 1815/2/2 2175/2/2 2185/2/2 1817/2/2
f 1820/2/1 1821/2/1 2186/2/1 2182/2/1
f 1822/2/2 2187/2/2 2188/2/2 1823/2/2
f 1817/2/3 2185/2/3 2187/2/3 1822/2/3
f 1821/2/1 1824/2/1 2189/2/1 2186/2/1
f 2186/2/6 2189/2/6 2190/2/6 2191/2/6
f 1823/1/2 2188/1/2 2192/1/2 1826/1/2
f 1829/2/1 1828/2/1 2193/2/1 2194/2/1
f 1829/2/3 2194/2/3 2189/2/3 1824/2/3
f 2194/2/6 2193/2/6 2195/2/6 2189/2/6
f 1824/2/5 1825/2/5 1830/2/5 1827/2/5
f 1826/1/2 2192/1/2 2196/1/2 1831/1/2
f 1828/2/1 1836/2/1 2197/2/1 2193/2/1
f 2193/2/6 2197/2/6 2198/2/6 2195/2/6
f 1838/2/4 1837/2/4 2199/2/4 2198/2/4
f 1831/2/2 2196/2/2 2200/2/2 1840/2/2
f 1841/2/4 1840/2/4 2200/2/4 2201/2/4
f 1833/2/1 2202/2/1 2203/2/1 2204/2/1
f 1833/2/3 2204/2/3 2197/2/3 1836/2/3
f 2202/2/4 1845/2/4 2205/2/4 2203/2/4
f 2204/2/6 2203/2/6 2205/2/6 2197/2/6
f 1833/2/5 1836/2/5 1845/2/5 2202/2/5
f 1838/2/2 2198/2/2 2206/2/2 1842/2/2
f 1845/2/4 1842/2/4 2206/2/4 2205/2/4
f 2197/2/6 2205/2/6 2206/2/6 2198/2/6
f 1837/1/1 1850/1/1 2207/1/1 2199/1/1
f 1837/1/5 1839/1/5 1846/1/5 1850/1/5
f 1841/2/2 2201/2/2 2208/2/2 1847/2/2
f 1848/2/4 1847/2/4 2208/2/4 2209/2/4
f 1850/2/1 1849/2/1 2210/2/1 2207/2/1
f 1848/1/2 2209/1/2 2211/1/2 1851/1/2
f 2212/1/1 2213/1/1 2214/1/1 2215/1/1
f 2212/1/3 2215/1/3 2210/1/3 1849/1/3
f 2213/1/4 1853/1/4 2216/1/4 2214/1/4
f 2215/1/6 2214/1/6 2216/1/6 2210/1/6
f 2212/1/5 1849/1/5 1853/1/5 2213/1/5
f 1853/2/4 1854/2/4 2217/2/4 2216/2/4
f 2210/2/6 2216/2/6 2217/2/6 2218/2/6
f 1854/2/4 1855/2/4 2219/2/4 2217/2/4
f 2220/1/2 2221/1/2 2222/1/2 2223/1/2
f 1851/1/3 2211/1/3 2221/1/3 2220/1/3
f 1855/1/4 2223/1/4 2222/1/4 2219/1/4
f 1851/1/5 2220/1/5 2223/1/5 1855/1/5
f 1858/1/1 1857/1/1 2224/1/1 2225/1/1
f 1858/1/3 2225/1/3 2226/1/3 1859/1/3
f 1862/2/2 2227/2/2 2228/2/2 1863/2/2
f 1859/2/3 2226/2/3 2227/2/3 1862/2/3
f 2226/2/6 2229/2/6 2228/2/6 2227/2/6
f 2230/2/2 2231/2/2 2232/2/2 2233/2/2
f 2234/2/1 2235/2/1 2236/2/1 2237/2/1
f 2234/2/3 2237/2/3 2231/2/3 2230/2/3
f 2237/2/6 2236/2/6 2232/2/6 2231/2/6
f 2234/2/5 2230/2/5 2233/2/5 2235/2/5
f 2238/2/1 2239/2/1 2240/2/1 2241/2/1
f 2238/2/3 2241/2/3 2224/2/3 1857/2/3
f 2239/2/4 1864/2/4 2242/2/4 2240/2/4
f 2241/2/6 2240/2/6 2242/2/6 2224/2/6
f 2238/2/5 1857/2/5 1864/2/5 2239/2/5
f 1864/1/4 1866/1/4 2243/1/4 2242/1/4
f 2229/2/6 2243/2/6 2244/2/6 2228/2/6
f 1863/2/3 2228/2/3 2236/2/3 2235/2/3
f 2228/2/6 2244/2/6 2245/2/6 2236/2/6
f 1863/2/5 2235/2/5 1869/2/5 1865/2/5
f 2233/2/2 2232/2/2 2246/2/2 2247/2/2
f 2235/2/5 2233/2/5 2247/2/5 1869/2/5
f 1866/1/1 1867/1/1 2248/1/1 2243/1/1
f 2243/1/6 2248/1/6 2249/1/6 2244/1/6
f 1866/1/5 1865/1/5 1871/1/5 1867/1/5
f 1871/1/4 1870/1/4 2250/1/4 2249/1/4
f 2244/1/6 2249/1/6 2250/1/6 2245/1/6
f 2247/2/2 2246/2/2 2251/2/2 2252/2/2
f 1869/2/5 2247/2/5 2252/2/5 1870/2/5
f 1871/1/2 2249/1/2 2253/1/2 2254/1/2
f 1867/1/1 1872/1/1 2255/1/1 2248/1/1
f 1867/1/5 1871/1/5 2254/1/5 1872/1/5
f 2252/2/2 2251/2/2 2256/2/2 2257/2/2
f 1870/2/1 2258/2/1 2259/2/1 2250/2/1
f 2258/2/4 2257/2/4 2256/2/4 2259/2/4
f 1870/2/5 2252/2/5 2257/2/5 2258/2/5
f 2260/2/1 2261/2/1 2262/2/1 2263/2/1
f 2260/2/3 2263/2/3 2264/2/3 2265/2/3
f 2261/2/4 2266/2/4 2267/2/4 2262/2/4
f 2263/2/6 2262/2/6 2267/2/6 2264/2/6
f 2260/2/5 2265/2/5 2266/2/5 2261/2/5
f 2265/2/3 2264/2/3 2268/2/3 1877/2/3
f 2266/2/4 1876/2/4 2269/2/4 2267/2/4
f 2264/2/6 2267/2/6 2269/2/6 2268/2/6
f 2265/2/5 1877/2/5 1876/2/5 2266/2/5
f 1877/2/3 2268/2/3 2270/2/3 1873/2/3
f 1876/2/4 1882/2/4 2271/2/4 2269/2/4
f 2268/2/6 2269/2/6 2271/2/6 2270/2/6
f 1873/2/3 2270/2/3 2255/2/3 1872/2/3
f 2254/2/2 2253/2/2 2272/2/2 1883/2/2
f 1872/2/5 2254/2/5 1883/2/5 1878/2/5
f 1882/2/1 1881/2/1 2273/2/1 2271/2/1
f 2274/2/2 2275/2/2 2276/2/2 1887/2/2
f 1883/2/3 2272/2/3 2275/2/3 2274/2/3
f 2272/2/6 2277/2/6 2276/2/6 2275/2/6
f 1883/2/5 2274/2/5 1887/2/5 1884/2/5
f 2278/1/2 2279/1/2 2280/1/2 2281/1/2
f 2282/1/1 1888/1/1 2283/1/1 2284/1/1
f 2282/1/3 2284/1/3 2279/1/3 2278/1/3
f 2282/1/5 2278/1/5 2281/1/5 1888/1/5
f 1881/2/1 1886/2/1 2285/2/1 2273/2/1
f 1887/2/3 2276/2/3 2283/2/3 1888/2/3
f 2281/2/2 2280/2/2 2286/2/2 1900/2/2
f 1888/2/5 2281/2/5 1900/2/5 1889/2/5
f 2287/4/1 2288/4/1 2289/4/1 2290/4/1
f 2287/4/3 2290/4/3 2291/4/3 1893/4/3
f 2288/4/4 1892/4/4 2292/4/4 2289/4/4
f 2287/4/5 1893/4/5 1892/4/5 2288/4/5
f 1894/3/2 2293/3/2 2294/3/2 1897/3/2
f 1893/3/3 2291/3/3 2293/3/3 1894/3/3
f 1892/3/4 1897/3/4 2294/3/4 2292/3/4
f 2291/3/6 2292/3/6 2294/3/6 2293/3/6
f 1886/1/1 1899/1/1 2295/1/1 2285/1/1
f 1900/2/2 2286/2/2 2296/2/2 1901/2/2
f 2297/4/2 2298/4/2 2299/4/2 2300/4/2
f 2301/4/1 2302/4/1 2303/4/1 2304/4/1
f 2301/4/3 2304/4/3 2298/4/3 2297/4/3
f 2304/4/6 2303/4/6 2299/4/6 2298/4/6
f 2301/4/5 2297/4/5 2300/4/5 2302/4/5
f 1898/2/2 2305/2/2 2306/2/2 1905/2/2
f 1897/2/1 1903/2/1 2307/2/1 2294/2/1
f 1897/2/3 2294/2/3 2305/2/3 1898/2/3
f 2294/2/6 2307/2/6 2306/2/6 2305/2/6
f 1899/1/1 1904/1/1 2308/1/1 2295/1/1
f 1901/1/2 2296/1/2 2309/1/2 1906/1/2
f 2310/1/6 2311/1/6 2309/1/6 2296/1/6
f 2302/3/1 2312/3/1 2313/3/1 2303/3/1
f 2303/3/6 2313/3/6 2314/3/6 2299/3/6
f 2302/3/5 2300/3/5 2315/3/5 2312/3/5
f 2316/4/2 2317/4/2 2318/4/2 2319/4/2
f 2300/4/3 2299/4/3 2317/4/3 2316/4/3
f 2299/4/6 2314/4/6 2318/4/6 2317/4/6
f 2300/4/5 2316/4/5 2319/4/5 2315/4/5
f 2320/2/1 2321/2/1 2322/2/1 2323/2/1
f 2320/2/3 2323/2/3 2307/2/3 1903/2/3
f 2321/2/4 1911/2/4 2324/2/4 2322/2/4
f 2323/2/6 2322/2/6 2324/2/6 2307/2/6
f 2320/2/5 1903/2/5 1911/2/5 2321/2/5
f 1905/2/2 2306/2/2 2325/2/2 1908/2/2
f 2307/2/6 2324/2/6 2325/2/6 2306/2/6
f 1904/1/1 1912/1/1 2326/1/1 2308/1/1
f 2327/2/6 2328/2/6 2329/2/6 2311/2/6
f 1906/2/2 2309/2/2 2330/2/2 1913/2/2
f 2311/2/6 2329/2/6 2330/2/6 2309/2/6
f 2312/3/1 2331/3/1 2332/3/1 2313/3/1
f 2313/3/6 2332/3/6 2333/3/6 2314/3/6
f 2312/3/5 2315/3/5 2334/3/5 2331/3/5
f 2314/4/6 2333/4/6 2335/4/6 2318/4/6
f 2315/4/5 2319/4/5 2336/4/5 2334/4/5
f 2337/4/2 2338/4/2 2339/4/2 2340/4/2
f 2319/4/3 2318/4/3 2338/4/3 2337/4/3
f 2319/4/5 2337/4/5 2340/4/5 2336/4/5
f 1911/2/1 2341/2/1 2342/2/1 2324/2/1
f 2341/2/4 1924/2/4 2343/2/4 2342/2/4
f 2324/2/6 2342/2/6 2343/2/6 2325/2/6
f 1911/2/5 1908/2/5 1924/2/5 2341/2/5
f 1908/2/3 2325/2/3 2326/2/3 1912/2/3
f 1913/2/2 2330/2/2 2344/2/2 1925/2/2
f 1926/2/4 1925/2/4 2344/2/4 2345/2/4
f 2329/2/6 2345/2/6 2344/2/6 2330/2/6
f 2331/3/1 1936/3/1 2346/3/1 2332/3/1
f 2331/3/5 2334/3/5 1937/3/5 1936/3/5
f 2334/3/5 2336/3/5 1938/3/5 1937/3/5
f 2336/3/5 2340/3/5 1939/3/5 1938/3/5
f 2340/4/3 2339/4/3 2347/4/3 2348/4/3
f 2340/4/5 2348/4/5 1940/4/5 1939/4/5
f 2348/4/3 2347/4/3 2349/4/3 2350/4/3
f 2348/4/5 2350/4/5 1943/4/5 1940/4/5
f 2350/4/3 2349/4/3 2351/4/3 2352/4/3
f 2350/4/5 2352/4/5 1946/4/5 1943/4/5
f 2352/4/3 2351/4/3 2353/4/3 2354/4/3
f 2352/4/5 2354/4/5 1949/4/5 1946/4/5
f 2354/4/3 2353/4/3 2355/4/3 2356/4/3
f 2354/4/5 2356/4/5 1952/4/5 1949/4/5
f 2356/4/3 2355/4/3 2357/4/3 2358/4/3
f 2356/4/5 2358/4/5 1955/4/5 1952/4/5
f 2358/4/3 2357/4/3 2359/4/3 2360/4/3
f 2358/4/5 2360/4/5 1958/4/5 1955/4/5
f 2360/4/3 2359/4/3 2361/4/3 2362/4/3
f 2360/4/5 2362/4/5 1961/4/5 1958/4/5
f 2362/4/3 2361/4/3 2363/4/3 2364/4/3
f 2362/4/5 2364/4/5 1964/4/5 1961/4/5
f 2364/4/3 2363/4/3 2365/4/3 2366/4/3
f 2364/4/5 2366/4/5 1967/4/5 1964/4/5
f 2366/4/3 2365/4/3 2367/4/3 2368/4/3
f 2366/4/5 2368/4/5 1970/4/5 1967/4/5
f 2368/4/3 2367/4/3 2369/4/3 2370/4/3
f 2368/4/5 2370/4/5 1973/4/5 1970/4/5
f 2370/4/3 2369/4/3 2371/4/3 2372/4/3
f 2370/4/5 2372/4/5 1976/4/5 1973/4/5
f 2372/4/3 2371/4/3 2373/4/3 2374/4/3
f 2372/4/5 2374/4/5 1979/4/5 1976/4/5
f 2374/3/3 2373/3/3 2375/3/3 1917/3/3
f 2374/3/5 1917/3/5 1930/3/5 1979/3/5
f 1920/3/2 2376/3/2 2377/3/2 1927/3/2
f 1917/3/3 2375/3/3 2376/3/3 1920/3/3
f 2375/3/6 2378/3/6 2377/3/6 2376/3/6
f 1924/1/1 1932/1/1 2379/1/1 2343/1/1
f 2343/1/6 2379/1/6 2380/1/6 2381/1/6
f 1926/2/2 2345/2/2 2382/2/2 1934/2/2
f 1986/2/4 1934/2/4 2382/2/4 2383/2/4
f 1936/3/1 1935/3/1 2384/3/1 2346/3/1
f 2005/4/4 1982/4/4 2385/4/4 2386/4/4
f 1927/4/2 2377/4/2 2387/4/2 2388/4/2
f 1982/4/4 2388/4/4 2387/4/4 2385/4/4
f 2378/4/6 2385/4/6 2387/4/6 2377/4/6
f 1930/4/5 1927/4/5 2388/4/5 1982/4/5
f 1932/1/1 2008/1/1 2389/1/1 2379/1/1
f 2008/1/4 1984/1/4 2390/1/4 2389/1/4
f 2379/1/6 2389/1/6 2390/1/6 2380/1/6
f 1932/1/5 1933/1/5 1984/1/5 2008/1/5
f 1986/1/2 2383/1/2 2391/1/2 1987/1/2
f 1935/3/1 1989/3/1 2392/3/1 2384/3/1
f 2005/4/2 2386/4/2 2393/4/2 2006/4/2
f 2028/4/4 2006/4/4 2393/4/4 2394/4/4
f 1984/1/1 2014/1/1 2395/1/1 2390/1/1
f 1985/1/2 2396/1/2 2397/1/2 2017/1/2
f 1987/1/3 2391/1/3 2396/1/3 1985/1/3
f 1989/3/1 2018/3/1 2398/3/1 2392/3/1
f 2028/4/2 2394/4/2 2399/4/2 2029/4/2
f 2006/4/1 2030/4/1 2400/4/1 2393/4/1
f 2006/4/3 2393/4/3 2401/4/3 2004/4/3
f 2031/4/2 2402/4/2 2403/4/2 2032/4/2
f 2004/4/3 2401/4/3 2402/4/3 2031/4/3
f 2401/4/6 2404/4/6 2403/4/6 2402/4/6
f 2014/1/1 2034/1/1 2405/1/1 2395/1/1
f 2017/1/2 2397/1/2 2406/1/2 2036/1/2
f 2407/1/6 2408/1/6 2406/1/6 2397/1/6
f 2018/3/1 2037/3/1 2409/3/1 2398/3/1
f 2029/4/2 2399/4/2 2410/4/2 2047/4/2
f 2030/4/1 2048/4/1 2411/4/1 2400/4/1
f 2032/3/2 2403/3/2 2412/3/2 2051/3/2
f 2404/3/6 2413/3/6 2412/3/6 2403/3/6
f 2034/2/1 2054/2/1 2414/2/1 2405/2/1
f 2408/2/6 2415/2/6 2416/2/6 2406/2/6
f 2035/1/2 2417/1/2 2418/1/2 2419/1/2
f 2036/1/3 2406/1/3 2417/1/3 2035/1/3
f 2406/1/6 2416/1/6 2418/1/6 2417/1/6
f 2036/1/5 2035/1/5 2419/1/5 2055/1/5
f 2037/3/1 2057/3/1 2420/3/1 2409/3/1
f 2047/4/3 2410/4/3 2411/4/3 2048/4/3
f 2051/3/2 2412/3/2 2421/3/2 2074/3/2
f 2075/3/4 2074/3/4 2421/3/4 2422/3/4
f 2413/3/6 2422/3/6 2421/3/6 2412/3/6
f 2053/1/1 2423/1/1 2424/1/1 2425/1/1
f 2053/1/3 2425/1/3 2414/1/3 2054/1/3
f 2423/1/4 2077/1/4 2426/1/4 2424/1/4
f 2425/1/6 2424/1/6 2426/1/6 2414/1/6
f 2053/1/5 2054/1/5 2077/1/5 2423/1/5
f 2427/2/6 2428/2/6 2429/2/6 2415/2/6
f 2415/1/6 2429/1/6 2430/1/6 2416/1/6
f 2419/2/2 2418/2/2 2431/2/2 2432/2/2
f 2078/2/4 2432/2/4 2431/2/4 2430/2/4
f 2416/2/6 2430/2/6 2431/2/6 2418/2/6
f 2055/2/5 2419/2/5 2432/2/5 2078/2/5
f 2057/3/1 2079/3/1 2433/3/1 2420/3/1
f 2075/4/2 2422/4/2 2434/4/2 2096/4/2
f 2132/4/4 2096/4/4 2434/4/4 2435/4/4
f 2077/1/1 2098/1/1 2436/1/1 2426/1/1
f 2078/2/2 2430/2/2 2437/2/2 2099/2/2
f 2079/3/1 2100/3/1 2438/3/1 2433/3/1
f 2094/4/5 2093/4/5 2127/4/5 2124/4/5
f 2132/4/2 2435/4/2 2439/4/2 2129/4/2
f 2098/1/1 2137/1/1 2440/1/1 2436/1/1
f 2138/2/2 2441/2/2 2442/2/2 2139/2/2
f 2099/2/3 2437/2/3 2441/2/3 2138/2/3
f 2100/3/1 2141/3/1 2443/3/1 2438/3/1
f 2141/3/4 2160/3/4 2444/3/4 2443/3/4
f 2160/3/4 2146/3/4 2445/3/4 2444/3/4
f 2146/3/4 2144/3/4 2446/3/4 2445/3/4
f 2144/3/4 2447/3/4 2448/3/4 2446/3/4
f 2103/3/5 2102/3/5 2447/3/5 2144/3/5
f 2447/3/4 2449/3/4 2450/3/4 2448/3/4
f 2102/3/5 2105/3/5 2449/3/5 2447/3/5
f 2449/4/4 2451/4/4 2452/4/4 2450/4/4
f 2105/4/5 2107/4/5 2451/4/5 2449/4/5
f 2451/4/4 2453/4/4 2454/4/4 2452/4/4
f 2107/4/5 2109/4/5 2453/4/5 2451/4/5
f 2453/4/4 2455/4/4 2456/4/4 2454/4/4
f 2109/4/5 2111/4/5 2455/4/5 2453/4/5
f 2455/4/4 2457/4/4 2458/4/4 2456/4/4
f 2111/4/5 2113/4/5 2457/4/5 2455/4/5
f 2457/4/4 2459/4/4 2460/4/4 2458/4/4
f 2113/4/5 2115/4/5 2459/4/5 2457/4/5
f 2459/4/4 2461/4/4 2462/4/4 2460/4/4
f 2115/4/5 2117/4/5 2461/4/5 2459/4/5
f 2461/4/4 2463/4/4 2464/4/4 2462/4/4
f 2117/4/5 2119/4/5 2463/4/5 2461/4/5
f 2463/4/4 2465/4/4 2466/4/4 2464/4/4
f 2119/4/5 2121/4/5 2465/4/5 2463/4/5
f 2465/4/4 2467/4/4 2468/4/4 2466/4/4
f 2121/4/5 2123/4/5 2467/4/5 2465/4/5
f 2467/4/4 2469/4/4 2470/4/4 2468/4/4
f 2123/4/5 2124/4/5 2469/4/5 2467/4/5
f 2469/4/4 2471/4/4 2472/4/4 2470/4/4
f 2124/4/5 2127/4/5 2471/4/5 2469/4/5
f 2471/3/4 2473/3/4 2474/3/4 2472/3/4
f 2127/3/5 2129/3/5 2473/3/5 2471/3/5
f 2129/4/3 2439/4/3 2475/4/3 2131/4/3
f 2473/4/4 2476/4/4 2477/4/4 2474/4/4
f 2129/4/5 2131/4/5 2476/4/5 2473/4/5
f 2131/3/3 2475/3/3 2478/3/3 2135/3/3
f 2476/3/4 2148/3/4 2479/3/4 2477/3/4
f 2131/3/5 2135/3/5 2148/3/5 2476/3/5
f 2149/3/2 2480/3/2 2481/3/2 2151/3/2
f 2135/3/3 2478/3/3 2480/3/3 2149/3/3
f 2148/3/4 2151/3/4 2481/3/4 2479/3/4
f 2478/3/6 2479/3/6 2481/3/6 2480/3/6
f 2137/2/1 2155/2/1 2482/2/1 2440/2/1
f 2139/1/2 2442/1/2 2483/1/2 2156/1/2
f 2155/2/1 2166/2/1 2484/2/1 2482/2/1
f 2156/1/2 2483/1/2 2485/1/2 2167/1/2
f 2166/2/1 2173/2/1 2486/2/1 2484/2/1
f 2167/1/2 2485/1/2 2487/1/2 2488/1/2
f 2168/1/5 2167/1/5 2488/1/5 2174/1/5
f 2489/3/1 2490/3/1 2491/3/1 2492/3/1
f 2489/3/3 2492/3/3 2493/3/3 2180/3/3
f 2490/3/4 2179/3/4 2494/3/4 2491/3/4
f 2489/3/5 2180/3/5 2179/3/5 2490/3/5
f 2176/3/2 2495/3/2 2496/3/2 2177/3/2
f 2180/3/3 2493/3/3 2495/3/3 2176/3/3
f 2179/3/4 2177/3/4 2496/3/4 2494/3/4
f 2493/3/6 2494/3/6 2496/3/6 2495/3/6
f 2173/2/1 2184/2/1 2497/2/1 2486/2/1
f 2175/2/5 2174/2/5 2187/2/5 2185/2/5
f 2488/2/2 2487/2/2 2498/2/2 2499/2/2
f 2187/2/4 2499/2/4 2498/2/4 2500/2/4
f 2174/2/5 2488/2/5 2499/2/5 2187/2/5
f 2182/1/1 2186/1/1 2501/1/1 2502/1/1
f 2182/1/3 2502/1/3 2497/1/3 2184/1/3
f 2186/1/4 2191/1/4 2503/1/4 2501/1/4
f 2502/1/6 2501/1/6 2503/1/6 2497/1/6
f 2187/2/2 2500/2/2 2504/2/2 2188/2/2
f 2191/1/1 2190/1/1 2505/1/1 2503/1/1
f 2188/1/2 2504/1/2 2506/1/2 2192/1/2
f 2189/1/1 2195/1/1 2507/1/1 2508/1/1
f 2189/1/3 2508/1/3 2505/1/3 2190/1/3
f 2509/1/2 2510/1/2 2511/1/2 2512/1/2
f 2192/1/3 2506/1/3 2510/1/3 2509/1/3
f 2506/1/6 2513/1/6 2511/1/6 2510/1/6
f 2192/1/5 2509/1/5 2512/1/5 2196/1/5
f 2195/1/1 2198/1/1 2514/1/1 2507/1/1
f 2507/1/6 2514/1/6 2515/1/6 2516/1/6
f 2201/1/4 2200/1/4 2517/1/4 2518/1/4
f 2512/2/2 2511/2/2 2519/2/2 2520/2/2
f 2200/2/4 2520/2/4 2519/2/4 2517/2/4
f 2513/2/6 2517/2/6 2519/2/6 2511/2/6
f 2196/2/5 2512/2/5 2520/2/5 2200/2/5
f 2198/1/1 2206/1/1 2521/1/1 2514/1/1
f 2206/1/4 2207/1/4 2522/1/4 2521/1/4
f 2514/1/6 2521/1/6 2522/1/6 2515/1/6
f 2198/1/5 2199/1/5 2207/1/5 2206/1/5
f 2515/2/6 2522/2/6 2523/2/6 2524/2/6
f 2201/1/2 2518/1/2 2525/1/2 2208/1/2
f 2209/1/4 2208/1/4 2525/1/4 2526/1/4
f 2527/1/6 2526/1/6 2525/1/6 2518/1/6
f 2207/1/1 2210/1/1 2528/1/1 2522/1/1
f 2210/1/4 2218/1/4 2529/1/4 2528/1/4
f 2209/2/2 2526/2/2 2530/2/2 2211/2/2
f 2218/2/1 2217/2/1 2531/2/1 2529/2/1
f 2217/2/4 2219/2/4 2532/2/4 2531/2/4
f 2221/2/2 2533/2/2 2534/2/2 2222/2/2
f 2211/2/3 2530/2/3 2533/2/3 2221/2/3
f 2219/2/4 2222/2/4 2534/2/4 2532/2/4
f 2217/2/2 2531/2/2 2535/2/2 2536/2/2
f 2216/2/1 2537/2/1 2538/2/1 2539/2/1
f 2216/2/3 2539/2/3 2531/2/3 2217/2/3
f 2537/2/4 2536/2/4 2535/2/4 2538/2/4
f 2539/2/6 2538/2/6 2535/2/6 2531/2/6
f 2216/2/5 2217/2/5 2536/2/5 2537/2/5
f 2226/1/2 2540/1/2 2541/1/2 2229/1/2
f 2225/1/1 2224/1/1 2542/1/1 2543/1/1
f 2225/1/3 2543/1/3 2540/1/3 2226/1/3
f 2229/1/2 2541/1/2 2544/1/2 2243/1/2
f 2224/1/1 2242/1/1 2545/1/1 2542/1/1
f 2232/1/2 2546/1/2 2547/1/2 2246/1/2
f 2236/1/1 2245/1/1 2548/1/1 2549/1/1
f 2236/1/3 2549/1/3 2546/1/3 2232/1/3
f 2549/1/6 2548/1/6 2547/1/6 2546/1/6
f 2240/2/2 2550/2/2 2551/2/2 2552/2/2
f 2553/2/1 2554/2/1 2555/2/1 2556/2/1
f 2553/2/3 2556/2/3 2550/2/3 2240/2/3
f 2554/2/4 2552/2/4 2551/2/4 2555/2/4
f 2556/2/6 2555/2/6 2551/2/6 2550/2/6
f 2553/2/5 2240/2/5 2552/2/5 2554/2/5
f 2243/2/2 2544/2/2 2557/2/2 2248/2/2
f 2242/2/1 2558/2/1 2559/2/1 2545/2/1
f 2242/2/5 2243/2/5 2248/2/5 2558/2/5
f 2246/2/2 2547/2/2 2560/2/2 2251/2/2
f 2245/2/1 2250/2/1 2561/2/1 2548/2/1
f 2552/1/1 2268/1/1 2562/1/1 2551/1/1
f 2552/1/3 2551/1/3 2559/1/3 2558/1/3
f 2268/1/4 2270/1/4 2563/1/4 2562/1/4
f 2551/1/6 2562/1/6 2563/1/6 2559/1/6
f 2552/1/5 2558/1/5 2270/1/5 2268/1/5
f 2558/1/5 2248/1/5 2255/1/5 2270/1/5
f 2248/1/3 2557/1/3 2564/1/3 2249/1/3
f 2249/1/3 2564/1/3 2561/1/3 2250/1/3
f 2253/1/4 2259/1/4 2565/1/4 2566/1/4
f 2249/1/5 2250/1/5 2259/1/5 2253/1/5
f 2251/2/2 2560/2/2 2567/2/2 2256/2/2
f 2561/2/6 2565/2/6 2567/2/6 2560/2/6
f 2270/1/1 2271/1/1 2568/1/1 2563/1/1
f 2253/2/2 2566/2/2 2569/2/2 2272/2/2
f 2259/2/1 2275/2/1 2570/2/1 2565/2/1
f 2259/2/5 2256/2/5 2284/2/5 2275/2/5
f 2571/2/2 2572/2/2 2573/2/2 2279/2/2
f 2256/2/3 2567/2/3 2572/2/3 2571/2/3
f 2567/2/6 2574/2/6 2573/2/6 2572/2/6
f 2256/2/5 2571/2/5 2279/2/5 2284/2/5
f 2271/2/1 2273/2/1 2575/2/1 2568/2/1
f 2272/2/2 2569/2/2 2576/2/2 2277/2/2
f 2275/2/1 2276/2/1 2577/2/1 2570/2/1
f 2275/2/5 2284/2/5 2283/2/5 2276/2/5
f 2279/2/2 2573/2/2 2578/2/2 2280/2/2
f 2273/2/1 2285/2/1 2579/2/1 2575/2/1
f 2277/2/3 2576/2/3 2577/2/3 2276/2/3
f 2280/1/2 2578/1/2 2580/1/2 2286/1/2
f 2581/4/1 2582/4/1 2583/4/1 2584/4/1
f 2581/4/3 2584/4/3 2585/4/3 2290/4/3
f 2582/4/4 2289/4/4 2586/4/4 2583/4/4
f 2581/4/5 2290/4/5 2289/4/5 2582/4/5
f 2291/4/2 2587/4/2 2588/4/2 2292/4/2
f 2290/4/3 2585/4/3 2587/4/3 2291/4/3
f 2289/4/4 2292/4/4 2588/4/4 2586/4/4
f 2585/4/6 2586/4/6 2588/4/6 2587/4/6
f 2589/1/1 2305/1/1 2590/1/1 2591/1/1
f 2589/1/3 2591/1/3 2579/1/3 2285/1/3
f 2305/1/4 2295/1/4 2592/1/4 2590/1/4
f 2591/1/6 2590/1/6 2592/1/6 2579/1/6
f 2589/1/5 2285/1/5 2295/1/5 2305/1/5
f 2286/2/2 2580/2/2 2593/2/2 2296/2/2
f 2310/2/4 2296/2/4 2593/2/4 2594/2/4
f 2295/1/1 2308/1/1 2595/1/1 2592/1/1
f 2310/1/2 2594/1/2 2596/1/2 2311/1/2
f 2327/1/4 2311/1/4 2596/1/4 2597/1/4
f 2306/1/1 2325/1/1 2598/1/1 2599/1/1
f 2306/1/3 2599/1/3 2595/1/3 2308/1/3
f 2599/1/6 2598/1/6 2600/1/6 2595/1/6
f 2306/1/5 2308/1/5 2326/1/5 2325/1/5
f 2327/2/2 2597/2/2 2601/2/2 2328/2/2
f 2318/3/1 2335/3/1 2602/3/1 2603/3/1
f 2318/3/3 2603/3/3 2604/3/3 2338/3/3
f 2603/3/6 2602/3/6 2605/3/6 2604/3/6
f 2338/3/3 2604/3/3 2606/3/3 2607/3/3
f 2338/3/5 2607/3/5 2347/3/5 2339/3/5
f 2607/3/3 2606/3/3 2608/3/3 2609/3/3
f 2607/3/5 2609/3/5 2349/3/5 2347/3/5
f 2609/4/3 2608/4/3 2610/4/3 2611/4/3
f 2609/4/5 2611/4/5 2351/4/5 2349/4/5
f 2611/4/3 2610/4/3 2612/4/3 2613/4/3
f 2611/4/5 2613/4/5 2353/4/5 2351/4/5
f 2613/4/3 2612/4/3 2614/4/3 2615/4/3
f 2613/4/5 2615/4/5 2355/4/5 2353/4/5
f 2615/4/3 2614/4/3 2616/4/3 2617/4/3
f 2615/4/5 2617/4/5 2357/4/5 2355/4/5
f 2617/4/3 2616/4/3 2618/4/3 2619/4/3
f 2617/4/5 2619/4/5 2359/4/5 2357/4/5
f 2619/4/3 2618/4/3 2620/4/3 2621/4/3
f 2619/4/5 2621/4/5 2361/4/5 2359/4/5
f 2621/4/3 2620/4/3 2622/4/3 2623/4/3
f 2621/4/5 2623/4/5 2363/4/5 2361/4/5
f 2623/4/3 2622/4/3 2624/4/3 2625/4/3
f 2623/4/5 2625/4/5 2365/4/5 2363/4/5
f 2625/4/3 2624/4/3 2626/4/3 2627/4/3
f 2625/4/5 2627/4/5 2367/4/5 2365/4/5
f 2627/5/3 2626/5/3 2628/5/3 2629/5/3
f 2627/5/5 2629/5/5 2369/5/5 2367/5/5
f 2629/4/3 2628/4/3 2630/4/3 2631/4/3
f 2629/4/5 2631/4/5 2371/4/5 2369/4/5
f 2631/3/3 2630/3/3 2632/3/3 2633/3/3
f 2631/3/5 2633/3/5 2373/3/5 2371/3/5
f 2634/3/2 2635/3/2 2636/3/2 2375/3/2
f 2633/3/3 2632/3/3 2635/3/3 2634/3/3
f 2633/3/5 2634/3/5 2375/3/5 2373/3/5
f 2325/1/1 2343/1/1 2637/1/1 2598/1/1
f 2343/1/4 2381/1/4 2638/1/4 2637/1/4
f 2329/1/2 2639/1/2 2640/1/2 2345/1/2
f 2328/1/3 2601/1/3 2639/1/3 2329/1/3
f 2332/3/1 2346/3/1 2641/3/1 2642/3/1
f 2332/3/3 2642/3/3 2643/3/3 2333/3/3
f 2642/3/6 2641/3/6 2644/3/6 2643/3/6
f 2333/3/3 2643/3/3 2602/3/3 2335/3/3
f 2643/3/6 2644/3/6 2645/3/6 2602/3/6
f 2602/3/6 2645/3/6 2646/3/6 2605/3/6
f 2375/3/2 2636/3/2 2647/3/2 2378/3/2
f 2648/3/6 2649/3/6 2647/3/6 2636/3/6
f 2381/2/1 2380/2/1 2650/2/1 2638/2/1
f 2345/2/2 2640/2/2 2651/2/2 2382/2/2
f 2346/3/1 2384/3/1 2652/3/1 2641/3/1
f 2641/3/6 2652/3/6 2653/3/6 2644/3/6
f 2644/3/6 2653/3/6 2654/3/6 2645/3/6
f 2645/3/6 2654/3/6 2655/3/6 2646/3/6
f 2378/4/2 2647/4/2 2656/4/2 2385/4/2
f 2386/4/4 2385/4/4 2656/4/4 2657/4/4
f 2649/4/6 2657/4/6 2656/4/6 2647/4/6
f 2380/2/1 2390/2/1 2658/2/1 2650/2/1
f 2383/2/5 2382/2/5 2396/2/5 2391/2/5
f 2659/2/2 2660/2/2 2661/2/2 2662/2/2
f 2382/2/3 2651/2/3 2660/2/3 2659/2/3
f 2396/2/4 2662/2/4 2661/2/4 2663/2/4
f 2651/2/6 2663/2/6 2661/2/6 2660/2/6
f 2382/2/5 2659/2/5 2662/2/5 2396/2/5
f 2384/3/1 2392/3/1 2664/3/1 2652/3/1
f 2652/3/6 2664/3/6 2665/3/6 2653/3/6
f 2653/3/6 2665/3/6 2666/3/6 2654/3/6
f 2654/3/6 2666/3/6 2667/3/6 2655/3/6
f 2386/4/2 2657/4/2 2668/4/2 2393/4/2
f 2390/1/1 2395/1/1 2669/1/1 2658/1/1
f 2396/1/2 2663/1/2 2670/1/2 2397/1/2
f 2407/1/4 2397/1/4 2670/1/4 2671/1/4
f 2392/3/1 2398/3/1 2672/3/1 2664/3/1
f 2664/3/6 2672/3/6 2673/3/6 2665/3/6
f 2665/3/6 2673/3/6 2674/3/6 2666/3/6
f 2666/3/6 2674/3/6 2675/3/6 2667/3/6
f 2394/4/5 2393/4/5 2400/4/5 2399/4/5
f 2401/3/2 2676/3/2 2677/3/2 2404/3/2
f 2393/3/3 2668/3/3 2676/3/3 2401/3/3
f 2668/3/6 2678/3/6 2677/3/6 2676/3/6
f 2395/1/1 2405/1/1 2679/1/1 2669/1/1
f 2407/2/2 2671/2/2 2680/2/2 2408/2/2
f 2398/3/1 2409/3/1 2681/3/1 2672/3/1
f 2672/3/6 2681/3/6 2682/3/6 2673/3/6
f 2673/3/6 2682/3/6 2683/3/6 2674/3/6
f 2674/3/6 2683/3/6 2684/3/6 2675/3/6
f 2399/4/5 2400/4/5 2411/4/5 2410/4/5
f 2404/3/2 2677/3/2 2685/3/2 2413/3/2
f 2678/3/6 2686/3/6 2685/3/6 2677/3/6
f 2405/1/1 2414/1/1 2687/1/1 2679/1/1
f 2408/2/2 2680/2/2 2688/2/2 2415/2/2
f 2427/2/4 2415/2/4 2688/2/4 2689/2/4
f 2409/3/1 2420/3/1 2690/3/1 2681/3/1
f 2681/3/6 2690/3/6 2691/3/6 2682/3/6
f 2682/3/6 2691/3/6 2692/3/6 2683/3/6
f 2683/3/6 2692/3/6 2693/3/6 2684/3/6
f 2413/3/2 2685/3/2 2694/3/2 2422/3/2
f 2686/3/6 2695/3/6 2694/3/6 2685/3/6
f 2414/1/1 2426/1/1 2696/1/1 2687/1/1
f 2427/2/2 2689/2/2 2697/2/2 2428/2/2
f 2420/3/1 2433/3/1 2698/3/1 2690/3/1
f 2690/3/6 2698/3/6 2699/3/6 2691/3/6
f 2691/3/6 2699/3/6 2700/3/6 2692/3/6
f 2692/3/6 2700/3/6 2701/3/6 2693/3/6
f 2702/4/6 2703/4/6 2704/4/6 2695/4/6
f 2435/3/4 2434/3/4 2705/3/4 2704/3/4
f 2695/3/6 2704/3/6 2705/3/6 2694/3/6
f 2421/3/2 2706/3/2 2707/3/2 2708/3/2
f 2422/3/3 2694/3/3 2706/3/3 2421/3/3
f 2434/3/4 2708/3/4 2707/3/4 2705/3/4
f 2694/3/6 2705/3/6 2707/3/6 2706/3/6
f 2422/3/5 2421/3/5 2708/3/5 2434/3/5
f 2426/2/1 2436/2/1 2709/2/1 2696/2/1
f 2428/2/3 2697/2/3 2710/2/3 2429/2/3
f 2430/2/2 2711/2/2 2712/2/2 2437/2/2
f 2429/2/3 2710/2/3 2711/2/3 2430/2/3
f 2433/3/1 2438/3/1 2713/3/1 2698/3/1
f 2698/3/6 2713/3/6 2714/3/6 2699/3/6
f 2699/3/6 2714/3/6 2715/3/6 2700/3/6
f 2700/3/6 2715/3/6 2716/3/6 2701/3/6
f 2435/4/2 2704/4/2 2717/4/2 2439/4/2
f 2703/4/6 2718/4/6 2717/4/6 2704/4/6
f 2436/2/1 2440/2/1 2719/2/1 2709/2/1
f 2441/2/2 2720/2/2 2721/2/2 2442/2/2
f 2437/2/3 2712/2/3 2720/2/3 2441/2/3
f 2712/2/6 2722/2/6 2721/2/6 2720/2/6
f 2438/3/1 2443/3/1 2723/3/1 2713/3/1
f 2713/3/6 2723/3/6 2724/3/6 2714/3/6
f 2714/3/6 2724/3/6 2725/3/6 2715/3/6
f 2715/3/6 2725/3/6 2726/3/6 2716/3/6
f 2439/4/3 2717/4/3 2727/4/3 2475/4/3
f 2478/3/2 2728/3/2 2729/3/2 2479/3/2
f 2475/3/3 2727/3/3 2728/3/3 2478/3/3
f 2440/2/1 2482/2/1 2730/2/1 2719/2/1
f 2442/2/2 2721/2/2 2731/2/2 2483/2/2
f 2722/2/6 2732/2/6 2731/2/6 2721/2/6
f 2443/3/1 2733/3/1 2734/3/1 2723/3/1
f 2723/3/6 2734/3/6 2735/3/6 2724/3/6
f 2443/3/5 2444/3/5 2736/3/5 2733/3/5
f 2724/3/6 2735/3/6 2737/3/6 2725/3/6
f 2444/3/5 2445/3/5 2738/3/5 2736/3/5
f 2738/4/4 2739/4/4 2740/4/4 2737/4/4
f 2725/4/6 2737/4/6 2740/4/6 2726/4/6
f 2445/4/5 2446/4/5 2739/4/5 2738/4/5
f 2739/3/4 2741/3/4 2742/3/4 2740/3/4
f 2446/3/5 2448/3/5 2741/3/5 2739/3/5
f 2741/3/4 2743/3/4 2744/3/4 2742/3/4
f 2448/3/5 2450/3/5 2743/3/5 2741/3/5
f 2743/3/4 2745/3/4 2746/3/4 2744/3/4
f 2450/3/5 2452/3/5 2745/3/5 2743/3/5
f 2745/3/4 2747/3/4 2748/3/4 2746/3/4
f 2452/3/5 2454/3/5 2747/3/5 2745/3/5
f 2747/4/4 2749/4/4 2750/4/4 2748/4/4
f 2454/4/5 2456/4/5 2749/4/5 2747/4/5
f 2749/4/4 2751/4/4 2752/4/4 2750/4/4
f 2456/4/5 2458/4/5 2751/4/5 2749/4/5
f 2751/4/4 2753/4/4 2754/4/4 2752/4/4
f 2458/4/5 2460/4/5 2753/4/5 2751/4/5
f 2753/4/4 2755/4/4 2756/4/4 2754/4/4
f 2460/4/5 2462/4/5 2755/4/5 2753/4/5
f 2755/4/4 2757/4/4 2758/4/4 2756/4/4
f 2462/4/5 2464/4/5 2757/4/5 2755/4/5
f 2757/4/4 2759/4/4 2760/4/4 2758/4/4
f 2464/4/5 2466/4/5 2759/4/5 2757/4/5
f 2759/4/4 2761/4/4 2762/4/4 2760/4/4
f 2466/4/5 2468/4/5 2761/4/5 2759/4/5
f 2761/4/4 2763/4/4 2764/4/4 2762/4/4
f 2468/4/5 2470/4/5 2763/4/5 2761/4/5
f 2763/4/4 2765/4/4 2766/4/4 2764/4/4
f 2470/4/5 2472/4/5 2765/4/5 2763/4/5
f 2765/4/4 2767/4/4 2768/4/4 2766/4/4
f 2472/4/5 2474/4/5 2767/4/5 2765/4/5
f 2767/3/4 2769/3/4 2770/3/4 2768/3/4
f 2474/3/5 2477/3/5 2769/3/5 2767/3/5
f 2479/3/2 2729/3/2 2771/3/2 2772/3/2
f 2769/3/4 2772/3/4 2771/3/4 2770/3/4
f 2477/3/5 2479/3/5 2772/3/5 2769/3/5
f 2773/2/1 2774/2/1 2775/2/1 2776/2/1
f 2773/2/3 2776/2/3 2730/2/3 2482/2/3
f 2776/2/6 2775/2/6 2777/2/6 2730/2/6
f 2773/2/5 2482/2/5 2484/2/5 2774/2/5
f 2778/2/6 2779/2/6 2780/2/6 2732/2/6
f 2483/2/2 2731/2/2 2781/2/2 2485/2/2
f 2732/2/6 2780/2/6 2781/2/6 2731/2/6
f 2733/3/1 2782/3/1 2783/3/1 2734/3/1
f 2734/3/6 2783/3/6 2784/3/6 2735/3/6
f 2733/3/5 2736/3/5 2785/3/5 2782/3/5
f 2738/4/2 2737/4/2 2786/4/2 2787/4/2
f 2785/4/4 2787/4/4 2786/4/4 2784/4/4
f 2735/4/6 2784/4/6 2786/4/6 2737/4/6
f 2736/4/5 2738/4/5 2787/4/5 2785/4/5
f 2774/1/1 2788/1/1 2789/1/1 2775/1/1
f 2788/1/4 2486/1/4 2790/1/4 2789/1/4
f 2775/1/6 2789/1/6 2790/1/6 2777/1/6
f 2774/1/5 2484/1/5 2486/1/5 2788/1/5
f 2485/2/2 2781/2/2 2791/2/2 2487/2/2
f 2780/2/6 2792/2/6 2791/2/6 2781/2/6
f 2785/4/2 2784/4/2 2793/4/2 2794/4/2
f 2782/4/1 2795/4/1 2796/4/1 2783/4/1
f 2795/4/4 2794/4/4 2793/4/4 2796/4/4
f 2783/4/6 2796/4/6 2793/4/6 2784/4/6
f 2782/4/5 2785/4/5 2794/4/5 2795/4/5
f 2797/3/1 2798/3/1 2799/3/1 2800/3/1
f 2797/3/3 2800/3/3 2801/3/3 2492/3/3
f 2798/3/4 2491/3/4 2802/3/4 2799/3/4
f 2797/3/5 2492/3/5 2491/3/5 2798/3/5
f 2493/3/2 2803/3/2 2804/3/2 2494/3/2
f 2492/3/3 2801/3/3 2803/3/3 2493/3/3
f 2491/3/4 2494/3/4 2804/3/4 2802/3/4
f 2801/3/6 2802/3/6 2804/3/6 2803/3/6
f 2486/1/1 2497/1/1 2805/1/1 2790/1/1
f 2487/2/2 2791/2/2 2806/2/2 2498/2/2
f 2500/2/4 2498/2/4 2806/2/4 2807/2/4
f 2792/2/6 2807/2/6 2806/2/6 2791/2/6
f 2497/1/1 2503/1/1 2808/1/1 2805/1/1
f 2500/2/2 2807/2/2 2809/2/2 2504/2/2
f 2503/2/1 2505/2/1 2810/2/1 2808/2/1
f 2504/2/2 2809/2/2 2811/2/2 2506/2/2
f 2508/2/1 2507/2/1 2812/2/1 2813/2/1
f 2508/2/3 2813/2/3 2810/2/3 2505/2/3
f 2507/2/4 2516/2/4 2814/2/4 2812/2/4
f 2813/2/6 2812/2/6 2814/2/6 2810/2/6
f 2506/2/2 2811/2/2 2815/2/2 2513/2/2
f 2516/2/1 2515/2/1 2816/2/1 2814/2/1
f 2515/2/4 2524/2/4 2817/2/4 2816/2/4
f 2527/2/4 2518/2/4 2818/2/4 2819/2/4
f 2513/1/2 2815/1/2 2820/1/2 2517/1/2
f 2518/1/4 2517/1/4 2820/1/4 2818/1/4
f 2821/1/6 2818/1/6 2820/1/6 2815/1/6
f 2527/2/2 2819/2/2 2822/2/2 2526/2/2
f 2524/2/1 2523/2/1 2823/2/1 2817/2/1
f 2522/1/1 2528/1/1 2824/1/1 2825/1/1
f 2522/1/3 2825/1/3 2823/1/3 2523/1/3
f 2528/1/4 2529/1/4 2826/1/4 2824/1/4
f 2525/2/2 2827/2/2 2828/2/2 2533/2/2
f 2526/2/3 2822/2/3 2827/2/3 2525/2/3
f 2526/2/5 2525/2/5 2533/2/5 2530/2/5
f 2529/1/1 2531/1/1 2829/1/1 2826/1/1
f 2531/1/4 2532/1/4 2830/1/4 2829/1/4
f 2533/1/2 2828/1/2 2831/1/2 2534/1/2
f 2532/1/4 2534/1/4 2831/1/4 2830/1/4
f 2543/1/1 2542/1/1 2832/1/1 2833/1/1
f 2543/1/3 2833/1/3 2834/1/3 2540/1/3
f 2835/1/2 2836/1/2 2837/1/2 2838/1/2
f 2540/1/3 2834/1/3 2836/1/3 2835/1/3
f 2540/1/5 2835/1/5 2838/1/5 2541/1/5
f 2542/4/1 2545/4/1 2839/4/1 2832/4/1
f 2541/1/5 2838/1/5 2840/1/5 2544/1/5
f 2549/2/2 2841/2/2 2842/2/2 2548/2/2
f 2838/2/3 2837/2/3 2841/2/3 2549/2/3
f 2838/2/5 2549/2/5 2548/2/5 2840/2/5
f 2545/2/1 2559/2/1 2843/2/1 2839/2/1
f 2544/2/5 2840/2/5 2564/2/5 2557/2/5
f 2840/2/5 2548/2/5 2561/2/5 2564/2/5
f 2547/2/2 2844/2/2 2845/2/2 2560/2/2
f 2548/2/3 2842/2/3 2844/2/3 2547/2/3
f 2561/2/4 2560/2/4 2845/2/4 2846/2/4
f 2559/2/1 2563/2/1 2847/2/1 2843/2/1
f 2561/2/2 2846/2/2 2848/2/2 2565/2/2
f 2563/1/1 2568/1/1 2849/1/1 2847/1/1
f 2566/2/5 2565/2/5 2570/2/5 2569/2/5
f 2567/1/2 2850/1/2 2851/1/2 2574/1/2
f 2565/1/3 2848/1/3 2850/1/3 2567/1/3
f 2568/1/1 2575/1/1 2852/1/1 2849/1/1
f 2569/2/5 2570/2/5 2577/2/5 2576/2/5
f 2573/1/2 2853/1/2 2854/1/2 2578/1/2
f 2574/1/3 2851/1/3 2853/1/3 2573/1/3
f 2851/1/6 2855/1/6 2854/1/6 2853/1/6
f 2575/2/1 2579/2/1 2856/2/1 2852/2/1
f 2578/1/2 2854/1/2 2857/1/2 2580/1/2
f 2858/4/1 2859/4/1 2860/4/1 2861/4/1
f 2858/4/3 2861/4/3 2862/4/3 2584/4/3
f 2859/4/4 2583/4/4 2863/4/4 2860/4/4
f 2858/4/5 2584/4/5 2583/4/5 2859/4/5
f 2585/4/2 2864/4/2 2865/4/2 2586/4/2
f 2584/4/3 2862/4/3 2864/4/3 2585/4/3
f 2583/4/4 2586/4/4 2865/4/4 2863/4/4
f 2579/2/1 2592/2/1 2866/2/1 2856/2/1
f 2580/2/2 2857/2/2 2867/2/2 2593/2/2
f 2592/2/1 2595/2/1 2868/2/1 2866/2/1
f 2593/2/2 2867/2/2 2869/2/2 2870/2/2
f 2594/2/5 2593/2/5 2870/2/5 2596/2/5
f 2871/4/1 2632/4/1 2872/4/1 2873/4/1
f 2871/4/3 2873/4/3 2874/4/3 2875/4/3
f 2873/4/6 2872/4/6 2876/4/6 2874/4/6
f 2871/4/5 2875/4/5 2635/4/5 2632/4/5
f 2875/3/3 2874/3/3 2877/3/3 2878/3/3
f 2875/3/5 2878/3/5 2879/3/5 2635/3/5
f 2880/3/2 2881/3/2 2882/3/2 2883/3/2
f 2878/3/3 2877/3/3 2881/3/3 2880/3/3
f 2877/3/6 2884/3/6 2882/3/6 2881/3/6
f 2878/3/5 2880/3/5 2883/3/5 2879/3/5
f 2595/2/1 2600/2/1 2885/2/1 2868/2/1
f 2597/2/5 2596/2/5 2639/2/5 2601/2/5
f 2870/2/2 2869/2/2 2886/2/2 2887/2/2
f 2888/2/6 2889/2/6 2886/2/6 2869/2/6
f 2596/2/5 2870/2/5 2887/2/5 2639/2/5
f 2604/3/1 2605/3/1 2890/3/1 2891/3/1
f 2604/3/3 2891/3/3 2892/3/3 2606/3/3
f 2606/3/3 2892/3/3 2893/3/3 2608/3/3
f 2608/3/3 2893/3/3 2894/3/3 2610/3/3
f 2610/3/3 2894/3/3 2895/3/3 2612/3/3
f 2612/4/3 2895/4/3 2896/4/3 2614/4/3
f 2614/4/3 2896/4/3 2897/4/3 2616/4/3
f 2616/4/3 2897/4/3 2898/4/3 2618/4/3
f 2618/4/3 2898/4/3 2899/4/3 2620/4/3
f 2620/4/3 2899/4/3 2900/4/3 2622/4/3
f 2622/4/3 2900/4/3 2901/4/3 2624/4/3
f 2624/5/3 2901/5/3 2902/5/3 2626/5/3
f 2626/4/3 2902/4/3 2903/4/3 2628/4/3
f 2628/4/3 2903/4/3 2904/4/3 2630/4/3
f 2630/4/3 2904/4/3 2872/4/3 2632/4/3
f 2648/4/4 2636/4/4 2905/4/4 2906/4/4
f 2636/3/4 2907/3/4 2908/3/4 2905/3/4
f 2876/3/6 2905/3/6 2908/3/6 2884/3/6
f 2635/3/5 2879/3/5 2907/3/5 2636/3/5
f 2883/3/2 2882/3/2 2909/3/2 2910/3/2
f 2907/3/4 2910/3/4 2909/3/4 2908/3/4
f 2884/3/6 2908/3/6 2909/3/6 2882/3/6
f 2879/3/5 2883/3/5 2910/3/5 2907/3/5
f 2598/2/1 2637/2/1 2911/2/1 2912/2/1
f 2598/2/3 2912/2/3 2885/2/3 2600/2/3
f 2637/2/4 2638/2/4 2913/2/4 2911/2/4
f 2912/2/6 2911/2/6 2913/2/6 2885/2/6
f 2887/2/2 2886/2/2 2914/2/2 2915/2/2
f 2639/2/5 2887/2/5 2915/2/5 2640/2/5
f 2605/3/1 2646/3/1 2916/3/1 2890/3/1
f 2648/4/2 2906/4/2 2917/4/2 2649/4/2
f 2637/2/2 2911/2/2 2918/2/2 2919/2/2
f 2920/2/1 2921/2/1 2922/2/1 2923/2/1
f 2920/2/3 2923/2/3 2911/2/3 2637/2/3
f 2923/2/6 2922/2/6 2918/2/6 2911/2/6
f 2920/2/5 2637/2/5 2919/2/5 2921/2/5
f 2638/2/1 2650/2/1 2924/2/1 2913/2/1
f 2915/2/2 2914/2/2 2925/2/2 2660/2/2
f 2651/2/4 2660/2/4 2925/2/4 2926/2/4
f 2927/2/6 2926/2/6 2925/2/6 2914/2/6
f 2640/2/5 2915/2/5 2660/2/5 2651/2/5
f 2646/3/1 2655/3/1 2928/3/1 2916/3/1
f 2649/4/2 2917/4/2 2929/4/2 2657/4/2
f 2930/4/6 2931/4/6 2929/4/6 2917/4/6
f 2921/3/1 2932/3/1 2933/3/1 2922/3/1
f 2932/3/4 2934/3/4 2935/3/4 2933/3/4
f 2921/3/5 2919/3/5 2934/3/5 2932/3/5
f 2919/1/3 2918/1/3 2924/1/3 2650/1/3
f 2919/1/5 2650/1/5 2658/1/5 2934/1/5
f 2651/2/2 2926/2/2 2936/2/2 2663/2/2
f 2655/3/1 2667/3/1 2937/3/1 2928/3/1
f 2656/3/2 2938/3/2 2939/3/2 2676/3/2
f 2657/3/3 2929/3/3 2938/3/3 2656/3/3
f 2668/3/4 2676/3/4 2939/3/4 2940/3/4
f 2929/3/6 2940/3/6 2939/3/6 2938/3/6
f 2657/3/5 2656/3/5 2676/3/5 2668/3/5
f 2934/2/1 2941/2/1 2942/2/1 2935/2/1
f 2941/2/4 2669/2/4 2943/2/4 2942/2/4
f 2934/2/5 2658/2/5 2669/2/5 2941/2/5
f 2663/2/2 2936/2/2 2944/2/2 2670/2/2
f 2667/3/1 2675/3/1 2945/3/1 2937/3/1
f 2668/3/2 2940/3/2 2946/3/2 2678/3/2
f 2947/3/6 2948/3/6 2946/3/6 2940/3/6
f 2669/2/1 2679/2/1 2949/2/1 2943/2/1
f 2671/2/5 2670/2/5 2950/2/5 2680/2/5
f 2951/2/2 2952/2/2 2953/2/2 2954/2/2
f 2670/2/3 2944/2/3 2952/2/3 2951/2/3
f 2950/2/4 2954/2/4 2953/2/4 2955/2/4
f 2944/2/6 2955/2/6 2953/2/6 2952/2/6
f 2670/2/5 2951/2/5 2954/2/5 2950/2/5
f 2675/3/1 2684/3/1 2956/3/1 2945/3/1
f 2678/3/2 2946/3/2 2957/3/2 2686/3/2
f 2948/3/6 2958/3/6 2957/3/6 2946/3/6
f 2679/2/1 2687/2/1 2959/2/1 2949/2/1
f 2950/2/2 2955/2/2 2960/2/2 2961/2/2
f 2688/2/4 2961/2/4 2960/2/4 2962/2/4
f 2680/2/5 2950/2/5 2961/2/5 2688/2/5
f 2684/3/1 2693/3/1 2963/3/1 2956/3/1
f 2686/3/2 2957/3/2 2964/3/2 2695/3/2
f 2702/3/4 2695/3/4 2964/3/4 2965/3/4
f 2958/3/6 2965/3/6 2964/3/6 2957/3/6
f 2687/2/1 2696/2/1 2966/2/1 2959/2/1
f 2688/1/2 2962/1/2 2967/1/2 2710/1/2
f 2689/1/5 2688/1/5 2710/1/5 2697/1/5
f 2693/3/1 2701/3/1 2968/3/1 2963/3/1
f 2969/4/6 2970/4/6 2971/4/6 2972/4/6
f 2702/4/2 2965/4/2 2973/4/2 2703/4/2
f 2972/4/6 2971/4/6 2973/4/6 2965/4/6
f 2974/1/1 2975/1/1 2976/1/1 2977/1/1
f 2974/1/3 2977/1/3 2966/1/3 2696/1/3
f 2975/1/4 2709/1/4 2978/1/4 2976/1/4
f 2977/1/6 2976/1/6 2978/1/6 2966/1/6
f 2974/1/5 2696/1/5 2709/1/5 2975/1/5
f 2711/2/2 2979/2/2 2980/2/2 2712/2/2
f 2710/2/3 2967/2/3 2979/2/3 2711/2/3
f 2701/3/1 2716/3/1 2981/3/1 2968/3/1
f 2703/4/2 2973/4/2 2982/4/2 2718/4/2
f 2709/1/1 2719/1/1 2983/1/1 2978/1/1
f 2712/2/2 2980/2/2 2984/2/2 2722/2/2
f 2985/2/6 2986/2/6 2984/2/6 2980/2/6
f 2716/3/1 2726/3/1 2987/3/1 2981/3/1
f 2988/4/6 2989/4/6 2990/4/6 2982/4/6
f 2718/3/3 2982/3/3 2991/3/3 2717/3/3
f 2717/4/3 2991/4/3 2992/4/3 2727/4/3
f 2728/3/2 2993/3/2 2994/3/2 2729/3/2
f 2727/3/3 2992/3/3 2993/3/3 2728/3/3
f 2719/1/1 2730/1/1 2995/1/1 2983/1/1
f 2722/2/2 2984/2/2 2996/2/2 2732/2/2
f 2778/2/4 2732/2/4 2996/2/4 2997/2/4
f 2726/3/1 2740/3/1 2998/3/1 2987/3/1
f 2740/3/4 2742/3/4 2999/3/4 2998/3/4
f 2742/3/4 2744/3/4 3000/3/4 2999/3/4
f 2744/3/4 2746/3/4 3001/3/4 3000/3/4
f 2746/3/4 2748/3/4 3002/3/4 3001/3/4
f 2748/3/4 2750/3/4 3003/3/4 3002/3/4
f 2750/4/4 2752/4/4 3004/4/4 3003/4/4
f 2752/4/4 2754/4/4 3005/4/4 3004/4/4
f 2754/4/4 2756/4/4 3006/4/4 3005/4/4
f 2756/4/4 2758/4/4 3007/4/4 3006/4/4
f 2758/4/4 2760/4/4 3008/4/4 3007/4/4
f 2760/4/4 2762/4/4 3009/4/4 3008/4/4
f 2762/4/4 2764/4/4 3010/4/4 3009/4/4
f 2764/3/4 2766/3/4 3011/3/4 3010/3/4
f 2766/3/4 2768/3/4 3012/3/4 3011/3/4
f 2770/3/4 2771/3/4 3013/3/4 3014/3/4
f 3015/3/2 3016/3/2 3017/3/2 3018/3/2
f 2729/3/3 2994/3/3 3016/3/3 3015/3/3
f 2771/3/4 3018/3/4 3017/3/4 3013/3/4
f 2729/3/5 3015/3/5 3018/3/5 2771/3/5
f 2730/2/1 2777/2/1 3019/2/1 2995/2/1
f 2778/2/2 2997/2/2 3020/2/2 2779/2/2
f 2770/3/2 3014/3/2 3021/3/2 3022/3/2
f 2768/3/1 3023/3/1 3024/3/1 3012/3/1
f 3023/3/4 3022/3/4 3021/3/4 3024/3/4
f 2768/3/5 2770/3/5 3022/3/5 3023/3/5
f 3025/4/2 3026/4/2 3027/4/2 2800/4/2
f 3028/4/1 3029/4/1 3030/4/1 3031/4/1
f 3028/4/3 3031/4/3 3026/4/3 3025/4/3
f 3029/4/4 2800/4/4 3027/4/4 3030/4/4
f 3028/4/5 3025/4/5 2800/4/5 3029/4/5
f 2777/1/1 2790/1/1 3032/1/1 3019/1/1
f 2780/1/2 3033/1/2 3034/1/2 2792/1/2
f 2779/1/3 3020/1/3 3033/1/3 2780/1/3
f 2801/4/2 3035/4/2 3036/4/2 2802/4/2
f 2800/4/1 2799/4/1 3037/4/1 3027/4/1
f 2800/4/3 3027/4/3 3035/4/3 2801/4/3
f 2799/4/4 2802/4/4 3036/4/4 3037/4/4
f 2790/1/1 2805/1/1 3038/1/1 3032/1/1
f 2792/1/2 3034/1/2 3039/1/2 2807/1/2
f 2805/2/1 2808/2/1 3040/2/1 3038/2/1
f 2807/2/2 3039/2/2 3041/2/2 2809/2/2
f 2808/2/1 2810/2/1 3042/2/1 3040/2/1
f 3043/2/2 3044/2/2 3045/2/2 3046/2/2
f 2809/2/3 3041/2/3 3044/2/3 3043/2/3
f 2809/2/5 3043/2/5 3046/2/5 2811/2/5
f 2810/2/1 2814/2/1 3047/2/1 3042/2/1
f 2821/2/4 2815/2/4 3048/2/4 3049/2/4
f 3046/1/2 3045/1/2 3050/1/2 3051/1/2
f 2815/1/4 3051/1/4 3050/1/4 3048/1/4
f 3052/1/6 3048/1/6 3050/1/6 3045/1/6
f 2811/1/5 3046/1/5 3051/1/5 2815/1/5
f 2814/2/1 2816/2/1 3053/2/1 3047/2/1
f 2821/2/2 3049/2/2 3054/2/2 2818/2/2
f 2819/2/4 2818/2/4 3054/2/4 3055/2/4
f 2816/2/1 2825/2/1 3056/2/1 3053/2/1
f 2816/2/5 2817/2/5 2823/2/5 2825/2/5
f 2819/2/2 3055/2/2 3057/2/2 2822/2/2
f 3058/1/1 3059/1/1 3060/1/1 3061/1/1
f 3058/1/3 3061/1/3 3062/1/3 3063/1/3
f 3059/1/4 3064/1/4 3065/1/4 3060/1/4
f 3061/1/6 3060/1/6 3065/1/6 3062/1/6
f 3058/1/5 3063/1/5 3064/1/5 3059/1/5
f 3063/1/3 3062/1/3 3056/1/3 2825/1/3
f 3064/1/4 2824/1/4 3066/1/4 3065/1/4
f 3062/1/6 3065/1/6 3066/1/6 3056/1/6
f 3063/1/5 2825/1/5 2824/1/5 3064/1/5
f 2824/1/4 2826/1/4 3067/1/4 3066/1/4
f 2827/2/2 3068/2/2 3069/2/2 2828/2/2
f 2822/2/3 3057/2/3 3068/2/3 2827/2/3
f 2826/2/1 2829/2/1 3070/2/1 3067/2/1
f 2829/2/4 2830/2/4 3071/2/4 3070/2/4
f 3067/2/6 3070/2/6 3071/2/6 3072/2/6
f 2828/2/2 3069/2/2 3073/2/2 2831/2/2
f 2830/2/4 2831/2/4 3073/2/4 3071/2/4
f 3074/1/2 3075/1/2 3076/1/2 3077/1/2
f 3078/1/1 3079/1/1 3080/1/1 3081/1/1
f 3078/1/3 3081/1/3 3075/1/3 3074/1/3
f 3081/1/6 3080/1/6 3076/1/6 3075/1/6
f 3078/1/5 3074/1/5 3077/1/5 3079/1/5
f 2833/4/1 2832/4/1 3082/4/1 3083/4/1
f 2833/4/3 3083/4/3 3084/4/3 2834/4/3
f 2834/1/3 3084/1/3 3085/1/3 2836/1/3
f 2836/1/3 3085/1/3 3080/1/3 3079/1/3
f 2836/1/5 3079/1/5 2841/1/5 2837/1/5
f 3077/2/2 3076/2/2 3086/2/2 3087/2/2
f 3080/2/6 3088/2/6 3086/2/6 3076/2/6
f 3079/2/5 3077/2/5 3087/2/5 2841/2/5
f 3089/4/1 3090/4/1 3091/4/1 3092/4/1
f 3089/4/3 3092/4/3 3082/4/3 2832/4/3
f 3089/4/5 2832/4/5 2839/4/5 3090/4/5
f 3087/2/2 3086/2/2 3093/2/2 2844/2/2
f 2841/2/5 3087/2/5 2844/2/5 2842/2/5
f 3090/4/1 3094/4/1 3095/4/1 3091/4/1
f 3090/4/5 2839/4/5 2843/4/5 3094/4/5
f 3096/2/6 3097/2/6 3098/2/6 3099/2/6
f 2844/1/2 3093/1/2 3100/1/2 2845/1/2
f 2846/1/4 2845/1/4 3100/1/4 3098/1/4
f 3099/1/6 3098/1/6 3100/1/6 3093/1/6
f 3101/3/1 3102/3/1 3103/3/1 3104/3/1
f 3101/3/3 3104/3/3 3095/3/3 3094/3/3
f 3101/3/5 3094/3/5 3105/3/5 3102/3/5
f 3105/4/4 2847/4/4 3106/4/4 3107/4/4
f 3095/4/6 3107/4/6 3106/4/6 3108/4/6
f 3094/4/5 2843/4/5 2847/4/5 3105/4/5
f 2846/1/2 3098/1/2 3109/1/2 2848/1/2
f 3097/1/6 3110/1/6 3109/1/6 3098/1/6
f 3111/3/1 3112/3/1 3113/3/1 3114/3/1
f 3111/3/3 3114/3/3 3103/3/3 3102/3/3
f 3111/3/5 3102/3/5 3115/3/5 3112/3/5
f 3105/4/2 3107/4/2 3116/4/2 3117/4/2
f 3115/4/4 3117/4/4 3116/4/4 3118/4/4
f 3102/4/5 3105/4/5 3117/4/5 3115/4/5
f 2847/2/1 2849/2/1 3119/2/1 3106/2/1
f 3110/2/6 3120/2/6 3121/2/6 3109/2/6
f 2848/1/3 3109/1/3 3122/1/3 2850/1/3
f 3109/1/6 3121/1/6 3123/1/6 3122/1/6
f 3124/1/2 3125/1/2 3126/1/2 2853/1/2
f 2850/1/3 3122/1/3 3125/1/3 3124/1/3
f 2851/1/4 2853/1/4 3126/1/4 3123/1/4
f 3122/1/6 3123/1/6 3126/1/6 3125/1/6
f 2850/1/5 3124/1/5 2853/1/5 2851/1/5
f 3127/3/1 3128/3/1 3129/3/1 3130/3/1
f 3127/3/3 3130/3/3 3113/3/3 3112/3/3
f 3127/3/5 3112/3/5 3131/3/5 3128/3/5
f 3115/4/2 3118/4/2 3132/4/2 3133/4/2
f 3131/4/4 3133/4/4 3132/4/4 3134/4/4
f 3113/4/6 3134/4/6 3132/4/6 3118/4/6
f 3112/4/5 3115/4/5 3133/4/5 3131/4/5
f 2849/2/1 2852/2/1 3135/2/1 3119/2/1
f 2851/2/2 3123/2/2 3136/2/2 2855/2/2
f 3137/4/1 2861/4/1 3138/4/1 3139/4/1
f 3137/4/3 3139/4/3 3140/4/3 3141/4/3
f 3139/4/6 3138/4/6 3142/4/6 3140/4/6
f 3137/4/5 3141/4/5 2862/4/5 2861/4/5
f 3141/3/3 3140/3/3 3129/3/3 3128/3/3
f 3141/3/5 3128/3/5 2864/3/5 2862/3/5
f 3131/4/2 3134/4/2 3143/4/2 3144/4/2
f 3129/4/6 3145/4/6 3143/4/6 3134/4/6
f 3128/4/5 3131/4/5 3144/4/5 2864/4/5
f 2852/2/1 2856/2/1 3146/2/1 3135/2/1
f 2854/2/2 3147/2/2 3148/2/2 2857/2/2
f 2855/2/3 3136/2/3 3147/2/3 2854/2/3
f 3136/2/6 3149/2/6 3148/2/6 3147/2/6
f 3150/4/1 3151/4/1 3152/4/1 3153/4/1
f 3150/4/3 3153/4/3 3138/4/3 2861/4/3
f 3150/4/5 2861/4/5 2860/4/5 3151/4/5
f 2860/4/4 2863/4/4 3154/4/4 3155/4/4
f 2863/4/4 2865/4/4 3156/4/4 3154/4/4
f 3142/4/6 3154/4/6 3156/4/6 3145/4/6
f 2865/4/4 3157/4/4 3158/4/4 3156/4/4
f 3145/4/6 3156/4/6 3158/4/6 3143/4/6
f 2864/4/5 3144/4/5 3157/4/5 2865/4/5
f 3159/4/2 3160/4/2 3161/4/2 3162/4/2
f 3144/4/3 3143/4/3 3160/4/3 3159/4/3
f 3143/4/6 3158/4/6 3161/4/6 3160/4/6
f 3144/4/5 3159/4/5 3162/4/5 3157/4/5
f 2856/1/1 2866/1/1 3163/1/1 3146/1/1
f 2857/2/2 3148/2/2 3164/2/2 2867/2/2
f 3165/3/1 2877/3/1 3166/3/1 3167/3/1
f 3165/3/3 3167/3/3 3152/3/3 3151/3/3
f 2877/3/4 2881/3/4 3168/3/4 3166/3/4
f 3165/3/5 3151/3/5 2881/3/5 2877/3/5
f 2860/4/2 3155/4/2 3169/4/2 3170/4/2
f 2881/4/4 3170/4/4 3169/4/4 3168/4/4
f 3151/4/5 2860/4/5 3170/4/5 2881/4/5
f 3157/4/1 3171/4/1 3172/4/1 3158/4/1
f 3171/4/4 3173/4/4 3174/4/4 3172/4/4
f 3158/4/6 3172/4/6 3174/4/6 3161/4/6
f 3157/4/5 3162/4/5 3173/4/5 3171/4/5
f 3175/4/2 3176/4/2 3177/4/2 3178/4/2
f 3162/4/3 3161/4/3 3176/4/3 3175/4/3
f 3173/4/4 3178/4/4 3177/4/4 3174/4/4
f 3162/4/5 3175/4/5 3178/4/5 3173/4/5
f 2866/2/1 2868/2/1 3179/2/1 3163/2/1
f 2867/2/2 3164/2/2 3180/2/2 2869/2/2
f 2888/2/4 2869/2/4 3180/2/4 3181/2/4
f 2877/3/2 3166/3/2 3182/3/2 2884/3/2
f 2874/3/1 2876/3/1 3183/3/1 3184/3/1
f 2874/3/3 3184/3/3 3166/3/3 2877/3/3
f 2876/3/4 2884/3/4 3182/3/4 3183/3/4
f 2868/2/1 2885/2/1 3185/2/1 3179/2/1
f 2888/2/2 3181/2/2 3186/2/2 2889/2/2
f 2891/3/1 2890/3/1 3187/3/1 3188/3/1
f 2891/3/3 3188/3/3 3189/3/3 2892/3/3
f 2892/3/3 3189/3/3 3190/3/3 2893/3/3
f 2893/3/3 3190/3/3 3191/3/3 2894/3/3
f 2894/4/3 3191/4/3 3192/4/3 2895/4/3
f 2895/4/3 3192/4/3 3193/4/3 2896/4/3
f 2896/4/3 3193/4/3 3194/4/3 2897/4/3
f 2897/4/3 3194/4/3 3195/4/3 2898/4/3
f 2898/4/3 3195/4/3 3196/4/3 2899/4/3
f 2899/4/3 3196/4/3 3197/4/3 2900/4/3
f 2900/4/3 3197/4/3 3198/4/3 2901/4/3
f 2901/4/3 3198/4/3 3199/4/3 2902/4/3
f 2902/4/3 3199/4/3 3200/4/3 2903/4/3
f 2903/4/3 3200/4/3 3201/4/3 2904/4/3
f 2904/4/3 3201/4/3 3202/4/3 2872/4/3
f 2876/3/2 3183/3/2 3203/3/2 2905/3/2
f 2872/3/3 3202/3/3 3183/3/3 2876/3/3
f 2906/3/4 2905/3/4 3203/3/4 3204/3/4
f 2885/2/1 2913/2/1 3205/2/1 3185/2/1
f 2886/2/2 3206/2/2 3207/2/2 2914/2/2
f 2889/2/3 3186/2/3 3206/2/3 2886/2/3
f 2927/2/4 2914/2/4 3207/2/4 3208/2/4
f 2890/3/1 2916/3/1 3209/3/1 3187/3/1
f 2906/4/2 3204/4/2 3210/4/2 2917/4/2
f 2930/4/4 2917/4/4 3210/4/4 3211/4/4
f 3212/4/6 3211/4/6 3210/4/6 3204/4/6
f 2913/2/1 2924/2/1 3213/2/1 3205/2/1
f 2927/2/2 3208/2/2 3214/2/2 2926/2/2
f 2916/3/1 2928/3/1 3215/3/1 3209/3/1
f 2930/4/2 3211/4/2 3216/4/2 2931/4/2
f 2922/2/1 2933/2/1 3217/2/1 3218/2/1
f 2922/2/3 3218/2/3 3219/2/3 2918/2/3
f 3218/2/6 3217/2/6 3220/2/6 3219/2/6
f 2918/2/3 3219/2/3 3213/2/3 2924/2/3
f 3219/2/6 3220/2/6 3221/2/6 3213/2/6
f 2925/1/2 3222/1/2 3223/1/2 3224/1/2
f 2926/1/3 3214/1/3 3222/1/3 2925/1/3
f 3214/1/6 3225/1/6 3223/1/6 3222/1/6
f 2926/1/5 2925/1/5 3224/1/5 2936/1/5
f 2928/3/1 2937/3/1 3226/3/1 3215/3/1
f 3227/4/6 3228/4/6 3229/4/6 3216/4/6
f 2929/4/2 3230/4/2 3231/4/2 2940/4/2
f 2931/4/3 3216/4/3 3230/4/3 2929/4/3
f 2947/4/4 2940/4/4 3231/4/4 3229/4/4
f 3216/4/6 3229/4/6 3231/4/6 3230/4/6
f 2933/2/1 3232/2/1 3233/2/1 3217/2/1
f 3232/2/4 2942/2/4 3234/2/4 3233/2/4
f 3217/2/6 3233/2/6 3234/2/6 3220/2/6
f 2933/2/5 2935/2/5 2942/2/5 3232/2/5
f 2942/2/4 2943/2/4 3235/2/4 3234/2/4
f 3220/2/6 3234/2/6 3235/2/6 3221/2/6
f 3224/1/2 3223/1/2 3236/1/2 2952/1/2
f 2944/1/4 2952/1/4 3236/1/4 3237/1/4
f 3225/1/6 3237/1/6 3236/1/6 3223/1/6
f 2936/1/5 3224/1/5 2952/1/5 2944/1/5
f 2937/3/1 2945/3/1 3238/3/1 3226/3/1
f 2947/4/2 3229/4/2 3239/4/2 2948/4/2
f 3228/4/6 3240/4/6 3239/4/6 3229/4/6
f 2943/2/1 2949/2/1 3241/2/1 3235/2/1
f 2944/1/2 3237/1/2 3242/1/2 2955/1/2
f 2945/3/1 2956/3/1 3243/3/1 3238/3/1
f 2948/4/2 3239/4/2 3244/4/2 2958/4/2
f 2949/2/1 2959/2/1 3245/2/1 3241/2/1
f 2953/1/2 3246/1/2 3247/1/2 3248/1/2
f 2955/1/3 3242/1/3 3246/1/3 2953/1/3
f 2955/1/5 2953/1/5 3248/1/5 2960/1/5
f 2956/3/1 2963/3/1 3249/3/1 3243/3/1
f 2969/4/4 2972/4/4 3250/4/4 3251/4/4
f 2958/3/2 3244/3/2 3252/3/2 2965/3/2
f 2972/3/4 2965/3/4 3252/3/4 3250/3/4
f 3253/3/6 3250/3/6 3252/3/6 3244/3/6
f 2959/2/1 2966/2/1 3254/2/1 3245/2/1
f 2962/2/5 2960/2/5 2979/2/5 2967/2/5
f 3248/2/2 3247/2/2 3255/2/2 3256/2/2
f 3257/2/6 3258/2/6 3255/2/6 3247/2/6
f 2960/2/5 3248/2/5 3256/2/5 2979/2/5
f 2963/3/1 2968/3/1 3259/3/1 3249/3/1
f 2969/4/2 3251/4/2 3260/4/2 2970/4/2
f 2966/2/1 2978/2/1 3261/2/1 3254/2/1
f 2985/2/4 2980/2/4 3262/2/4 3263/2/4
f 3256/2/2 3255/2/2 3264/2/2 3265/2/2
f 2980/2/4 3265/2/4 3264/2/4 3262/2/4
f 3258/2/6 3262/2/6 3264/2/6 3255/2/6
f 2979/2/5 3256/2/5 3265/2/5 2980/2/5
f 2968/3/1 2981/3/1 3266/3/1 3259/3/1
f 2970/4/3 3260/4/3 3267/4/3 2971/4/3
f 2973/3/2 3268/3/2 3269/3/2 2982/3/2
f 2971/3/3 3267/3/3 3268/3/3 2973/3/3
f 2988/3/4 2982/3/4 3269/3/4 3270/3/4
f 3271/3/2 3272/3/2 3273/3/2 2993/3/2
f 3274/3/1 2992/3/1 3275/3/1 3276/3/1
f 3274/3/3 3276/3/3 3272/3/3 3271/3/3
f 3276/3/6 3275/3/6 3273/3/6 3272/3/6
f 3274/3/5 3271/3/5 2993/3/5 2992/3/5
f 2978/1/1 2983/1/1 3277/1/1 3261/1/1
f 2985/2/2 3263/2/2 3278/2/2 2986/2/2
f 2981/3/1 2987/3/1 3279/3/1 3266/3/1
f 2988/4/2 3270/4/2 3280/4/2 2989/4/2
f 2982/4/1 2990/4/1 3281/4/1 3269/4/1
f 2982/4/3 3269/4/3 3282/4/3 2991/4/3
f 2991/4/3 3282/4/3 3275/4/3 2992/4/3
f 3283/3/2 3284/3/2 3285/3/2 3016/3/2
f 2993/3/3 3273/3/3 3284/3/3 3283/3/3
f 2993/3/5 3283/3/5 3016/3/5 2994/3/5
f 2983/1/1 2995/1/1 3286/1/1 3277/1/1
f 2984/2/2 3287/2/2 3288/2/2 2996/2/2
f 2986/2/3 3278/2/3 3287/2/3 2984/2/3
f 2987/3/1 2998/3/1 3289/3/1 3279/3/1
f 2998/3/4 2999/3/4 3290/3/4 3289/3/4
f 2999/3/4 3000/3/4 3291/3/4 3290/3/4
f 3000/3/4 3001/3/4 3292/3/4 3291/3/4
f 3001/3/4 3002/3/4 3293/3/4 3292/3/4
f 3002/4/4 3003/4/4 3294/4/4 3293/4/4
f 3003/4/4 3004/4/4 3295/4/4 3294/4/4
f 3004/4/4 3005/4/4 3296/4/4 3295/4/4
f 3005/4/4 3006/4/4 3297/4/4 3296/4/4
f 3006/4/4 3007/4/4 3298/4/4 3297/4/4
f 3007/4/4 3008/4/4 3299/4/4 3298/4/4
f 3008/4/4 3009/4/4 3300/4/4 3299/4/4
f 3009/4/4 3010/4/4 3301/4/4 3300/4/4
f 2989/4/3 3280/4/3 3281/4/3 2990/4/3
f 3010/4/4 3011/4/4 3302/4/4 3301/4/4
f 3014/3/4 3013/3/4 3303/3/4 3304/3/4
f 3013/3/4 3017/3/4 3305/3/4 3303/3/4
f 3306/3/2 3307/3/2 3308/3/2 3031/3/2
f 3016/3/3 3285/3/3 3307/3/3 3306/3/3
f 3016/3/5 3306/3/5 3031/3/5 3017/3/5
f 2995/1/1 3019/1/1 3309/1/1 3286/1/1
f 2997/2/5 2996/2/5 3033/2/5 3020/2/5
f 3310/1/2 3311/1/2 3312/1/2 3313/1/2
f 2996/1/3 3288/1/3 3311/1/3 3310/1/3
f 2996/1/5 3310/1/5 3313/1/5 3033/1/5
f 3011/4/1 3314/4/1 3315/4/1 3302/4/1
f 3314/4/4 3024/4/4 3316/4/4 3315/4/4
f 3302/4/6 3315/4/6 3316/4/6 3317/4/6
f 3011/4/5 3012/4/5 3024/4/5 3314/4/5
f 3014/3/2 3304/3/2 3318/3/2 3021/3/2
f 3024/3/4 3021/3/4 3318/3/4 3316/3/4
f 3017/4/1 3319/4/1 3320/4/1 3305/4/1
f 3319/4/4 3030/4/4 3321/4/4 3320/4/4
f 3017/4/5 3031/4/5 3030/4/5 3319/4/5
f 3026/4/2 3322/4/2 3323/4/2 3027/4/2
f 3031/4/3 3308/4/3 3322/4/3 3026/4/3
f 3019/1/1 3032/1/1 3324/1/1 3309/1/1
f 3313/1/2 3312/1/2 3325/1/2 3326/1/2
f 3033/1/5 3313/1/5 3326/1/5 3034/1/5
f 3030/3/1 3327/3/1 3328/3/1 3321/3/1
f 3327/3/4 3037/3/4 3329/3/4 3328/3/4
f 3030/3/5 3027/3/5 3037/3/5 3327/3/5
f 3035/4/2 3330/4/2 3331/4/2 3036/4/2
f 3027/4/3 3323/4/3 3330/4/3 3035/4/3
f 3032/1/1 3038/1/1 3332/1/1 3324/1/1
f 3326/2/2 3325/2/2 3333/2/2 3334/2/2
f 3034/2/5 3326/2/5 3334/2/5 3039/2/5
f 3037/3/1 3335/3/1 3336/3/1 3329/3/1
f 3335/3/4 3337/3/4 3338/3/4 3336/3/4
f 3037/3/5 3036/3/5 3337/3/5 3335/3/5
f 3339/4/2 3340/4/2 3341/4/2 3342/4/2
f 3036/4/3 3331/4/3 3340/4/3 3339/4/3
f 3331/4/6 3338/4/6 3341/4/6 3340/4/6
f 3036/4/5 3339/4/5 3342/4/5 3337/4/5
f 3038/4/1 3040/4/1 3343/4/1 3332/4/1
f 3334/2/2 3333/2/2 3344/2/2 3044/2/2
f 3039/2/5 3334/2/5 3044/2/5 3041/2/5
f 3337/3/1 3345/3/1 3346/3/1 3338/3/1
f 3345/3/4 3347/3/4 3348/3/4 3346/3/4
f 3337/3/5 3342/3/5 3347/3/5 3345/3/5
f 3342/4/3 3341/4/3 3349/4/3 3350/4/3
f 3347/4/4 3351/4/4 3352/4/4 3348/4/4
f 3342/4/5 3350/4/5 3351/4/5 3347/4/5
f 3350/4/3 3349/4/3 3353/4/3 3354/4/3
f 3349/4/6 3352/4/6 3355/4/6 3353/4/6
f 3350/4/5 3354/4/5 3356/4/5 3351/4/5
f 3354/4/3 3353/4/3 3343/4/3 3040/4/3
f 3353/4/6 3355/4/6 3357/4/6 3343/4/6
f 3354/4/5 3040/4/5 3042/4/5 3356/4/5
f 3044/2/2 3344/2/2 3358/2/2 3045/2/2
f 3052/2/4 3045/2/4 3358/2/4 3359/2/4
f 3351/3/1 3360/3/1 3361/3/1 3352/3/1
f 3360/3/4 3362/3/4 3363/3/4 3361/3/4
f 3351/3/5 3356/3/5 3362/3/5 3360/3/5
f 3362/4/4 3047/4/4 3364/4/4 3363/4/4
f 3356/4/5 3042/4/5 3047/4/5 3362/4/5
f 3052/2/2 3359/2/2 3365/2/2 3048/2/2
f 3047/3/1 3053/3/1 3366/3/1 3364/3/1
f 3048/2/2 3365/2/2 3367/2/2 3368/2/2
f 3054/2/4 3368/2/4 3367/2/4 3369/2/4
f 3049/2/5 3048/2/5 3368/2/5 3054/2/5
f 3053/3/1 3056/3/1 3370/3/1 3366/3/1
f 3054/4/2 3369/4/2 3371/4/2 3068/4/2
f 3055/4/5 3054/4/5 3068/4/5 3057/4/5
f 3056/2/1 3066/2/1 3372/2/1 3370/2/1
f 3066/2/4 3067/2/4 3373/2/4 3372/2/4
f 3067/2/4 3072/2/4 3374/2/4 3373/2/4
f 3068/2/2 3371/2/2 3375/2/2 3069/2/2
f 3069/2/2 3375/2/2 3376/2/2 3073/2/2
f 3072/2/1 3071/2/1 3377/2/1 3374/2/1
f 3071/2/4 3073/2/4 3376/2/4 3377/2/4
f 3374/2/6 3377/2/6 3376/2/6 3375/2/6
f 3083/2/1 3082/2/1 3378/2/1 3379/2/1
f 3083/2/3 3379/2/3 3380/2/3 3084/2/3
f 3084/1/3 3380/1/3 3381/1/3 3085/1/3
f 3380/1/6 3382/1/6 3383/1/6 3381/1/6
f 3080/2/2 3384/2/2 3385/2/2 3088/2/2
f 3085/2/3 3381/2/3 3384/2/3 3080/2/3
f 3381/2/6 3383/2/6 3385/2/6 3384/2/6
f 3092/2/1 3091/2/1 3386/2/1 3387/2/1
f 3092/2/3 3387/2/3 3378/2/3 3082/2/3
f 3096/1/4 3099/1/4 3388/1/4 3389/1/4
f 3383/1/6 3389/1/6 3388/1/6 3385/1/6
f 3086/1/2 3390/1/2 3391/1/2 3093/1/2
f 3088/1/3 3385/1/3 3390/1/3 3086/1/3
f 3099/1/4 3093/1/4 3391/1/4 3388/1/4
f 3385/1/6 3388/1/6 3391/1/6 3390/1/6
f 3392/4/1 3104/4/1 3393/4/1 3394/4/1
f 3392/4/3 3394/4/3 3386/4/3 3091/4/3
f 3394/4/6 3393/4/6 3395/4/6 3386/4/6
f 3392/4/5 3091/4/5 3095/4/5 3104/4/5
f 3095/4/4 3108/4/4 3396/4/4 3395/4/4
f 3386/4/6 3395/4/6 3396/4/6 3397/4/6
f 3096/2/2 3389/2/2 3398/2/2 3097/2/2
f 3095/4/2 3395/4/2 3399/4/2 3107/4/2
f 3104/4/1 3103/4/1 3400/4/1 3393/4/1
f 3393/4/6 3400/4/6 3399/4/6 3395/4/6
f 3108/2/1 3106/2/1 3401/2/1 3396/2/1
f 3097/1/2 3398/1/2 3402/1/2 3110/1/2
f 3114/4/1 3113/4/1 3403/4/1 3404/4/1
f 3114/4/3 3404/4/3 3400/4/3 3103/4/3
f 3113/4/4 3118/4/4 3405/4/4 3403/4/4
f 3404/4/6 3403/4/6 3405/4/6 3400/4/6
f 3107/4/2 3399/4/2 3406/4/2 3116/4/2
f 3118/4/4 3116/4/4 3406/4/4 3405/4/4
f 3400/4/6 3405/4/6 3406/4/6 3399/4/6
f 3106/2/1 3119/2/1 3407/2/1 3401/2/1
f 3110/1/2 3402/1/2 3408/1/2 3120/1/2
f 3113/4/2 3403/4/2 3409/4/2 3134/4/2
f 3130/4/1 3129/4/1 3410/4/1 3411/4/1
f 3130/4/3 3411/4/3 3403/4/3 3113/4/3
f 3129/4/4 3134/4/4 3409/4/4 3410/4/4
f 3411/4/6 3410/4/6 3409/4/6 3403/4/6
f 3119/2/1 3135/2/1 3412/2/1 3407/2/1
f 3120/2/3 3408/2/3 3413/2/3 3121/2/3
f 3123/2/2 3414/2/2 3415/2/2 3136/2/2
f 3121/2/3 3413/2/3 3414/2/3 3123/2/3
f 3129/4/2 3410/4/2 3416/4/2 3145/4/2
f 3140/4/1 3142/4/1 3417/4/1 3418/4/1
f 3140/4/3 3418/4/3 3410/4/3 3129/4/3
f 3142/4/4 3145/4/4 3416/4/4 3417/4/4
f 3418/4/6 3417/4/6 3416/4/6 3410/4/6
f 3135/2/1 3146/2/1 3419/2/1 3412/2/1
f 3136/2/2 3415/2/2 3420/2/2 3149/2/2
f 3153/4/1 3152/4/1 3421/4/1 3422/4/1
f 3153/4/3 3422/4/3 3423/4/3 3138/4/3
f 3422/4/6 3421/4/6 3424/4/6 3423/4/6
f 3142/4/2 3417/4/2 3425/4/2 3154/4/2
f 3138/4/3 3423/4/3 3417/4/3 3142/4/3
f 3155/4/4 3154/4/4 3425/4/4 3424/4/4
f 3146/1/1 3163/1/1 3426/1/1 3419/1/1
f 3148/2/2 3427/2/2 3428/2/2 3164/2/2
f 3149/2/3 3420/2/3 3427/2/3 3148/2/3
f 3167/4/1 3166/4/1 3429/4/1 3430/4/1
f 3167/4/3 3430/4/3 3421/4/3 3152/4/3
f 3430/4/6 3429/4/6 3431/4/6 3421/4/6
f 3155/4/2 3424/4/2 3432/4/2 3169/4/2
f 3168/4/4 3169/4/4 3432/4/4 3431/4/4
f 3421/4/6 3431/4/6 3432/4/6 3424/4/6
f 3176/4/2 3433/4/2 3434/4/2 3177/4/2
f 3161/4/1 3174/4/1 3435/4/1 3436/4/1
f 3161/4/3 3436/4/3 3433/4/3 3176/4/3
f 3436/4/6 3435/4/6 3434/4/6 3433/4/6
f 3163/1/1 3179/1/1 3437/1/1 3426/1/1
f 3164/2/2 3428/2/2 3438/2/2 3180/2/2
f 3181/2/4 3180/2/4 3438/2/4 3439/2/4
f 3184/4/1 3183/4/1 3440/4/1 3441/4/1
f 3184/4/3 3441/4/3 3429/4/3 3166/4/3
f 3441/4/6 3440/4/6 3442/4/6 3429/4/6
f 3168/4/2 3431/4/2 3443/4/2 3444/4/2
f 3182/4/4 3444/4/4 3443/4/4 3442/4/4
f 3429/4/6 3442/4/6 3443/4/6 3431/4/6
f 3166/4/5 3168/4/5 3444/4/5 3182/4/5
f 3174/4/1 3445/4/1 3446/4/1 3435/4/1
f 3445/4/4 3447/4/4 3448/4/4 3446/4/4
f 3435/4/6 3446/4/6 3448/4/6 3434/4/6
f 3174/4/5 3177/4/5 3447/4/5 3445/4/5
f 3177/3/3 3434/3/3 3437/3/3 3179/3/3
f 3447/3/4 3185/3/4 3449/3/4 3448/3/4
f 3434/3/6 3448/3/6 3449/3/6 3437/3/6
f 3177/3/5 3179/3/5 3185/3/5 3447/3/5
f 3181/2/2 3439/2/2 3450/2/2 3186/2/2
f 3188/3/1 3187/3/1 3451/3/1 3452/3/1
f 3188/3/3 3452/3/3 3453/3/3 3189/3/3
f 3189/3/3 3453/3/3 3454/3/3 3190/3/3
f 3190/3/3 3454/3/3 3455/3/3 3191/3/3
f 3191/3/3 3455/3/3 3456/3/3 3192/3/3
f 3192/3/3 3456/3/3 3457/3/3 3193/3/3
f 3193/4/3 3457/4/3 3458/4/3 3194/4/3
f 3194/4/3 3458/4/3 3459/4/3 3195/4/3
f 3195/4/3 3459/4/3 3460/4/3 3196/4/3
f 3196/4/3 3460/4/3 3461/4/3 3197/4/3
f 3197/4/3 3461/4/3 3462/4/3 3198/4/3
f 3198/5/3 3462/5/3 3463/5/3 3199/5/3
f 3199/4/3 3463/4/3 3464/4/3 3200/4/3
f 3200/4/3 3464/4/3 3465/4/3 3201/4/3
f 3201/3/3 3465/3/3 3466/3/3 3202/3/3
f 3212/3/4 3204/3/4 3467/3/4 3468/3/4
f 3202/3/3 3466/3/3 3440/3/3 3183/3/3
f 3204/3/4 3203/3/4 3469/3/4 3467/3/4
f 3182/4/2 3442/4/2 3470/4/2 3471/4/2
f 3203/4/4 3471/4/4 3470/4/4 3469/4/4
f 3440/4/6 3469/4/6 3470/4/6 3442/4/6
f 3183/4/5 3182/4/5 3471/4/5 3203/4/5
f 3185/4/1 3205/4/1 3472/4/1 3449/4/1
f 3206/2/2 3473/2/2 3474/2/2 3207/2/2
f 3186/2/3 3450/2/3 3473/2/3 3206/2/3
f 3187/3/1 3209/3/1 3475/3/1 3451/3/1
f 3212/4/2 3468/4/2 3476/4/2 3211/4/2
f 3205/2/1 3213/2/1 3477/2/1 3472/2/1
f 3207/2/2 3474/2/2 3478/2/2 3222/2/2
f 3214/2/4 3222/2/4 3478/2/4 3479/2/4
f 3208/2/5 3207/2/5 3222/2/5 3214/2/5
f 3209/3/1 3215/3/1 3480/3/1 3475/3/1
f 3211/4/2 3476/4/2 3481/4/2 3216/4/2
f 3227/4/4 3216/4/4 3481/4/4 3482/4/4
f 3213/2/1 3221/2/1 3483/2/1 3477/2/1
f 3214/1/2 3479/1/2 3484/1/2 3225/1/2
f 3215/3/1 3226/3/1 3485/3/1 3480/3/1
f 3227/4/2 3482/4/2 3486/4/2 3228/4/2
f 3221/1/1 3235/1/1 3487/1/1 3483/1/1
f 3225/1/2 3484/1/2 3488/1/2 3237/1/2
f 3226/3/1 3238/3/1 3489/3/1 3485/3/1
f 3228/4/2 3486/4/2 3490/4/2 3240/4/2
f 3235/1/1 3241/1/1 3491/1/1 3487/1/1
f 3236/1/2 3492/1/2 3493/1/2 3246/1/2
f 3237/1/3 3488/1/3 3492/1/3 3236/1/3
f 3488/1/6 3494/1/6 3493/1/6 3492/1/6
f 3237/1/5 3236/1/5 3246/1/5 3242/1/5
f 3238/3/1 3243/3/1 3495/3/1 3489/3/1
f 3239/4/2 3496/4/2 3497/4/2 3244/4/2
f 3240/4/3 3490/4/3 3496/4/3 3239/4/3
f 3253/4/4 3244/4/4 3497/4/4 3498/4/4
f 3241/2/1 3245/2/1 3499/2/1 3491/2/1
f 3246/1/2 3493/1/2 3500/1/2 3247/1/2
f 3257/1/4 3247/1/4 3500/1/4 3501/1/4
f 3494/1/6 3501/1/6 3500/1/6 3493/1/6
f 3243/3/1 3249/3/1 3502/3/1 3495/3/1
f 3253/4/2 3498/4/2 3503/4/2 3250/4/2
f 3245/2/1 3254/2/1 3504/2/1 3499/2/1
f 3257/1/2 3501/1/2 3505/1/2 3258/1/2
f 3249/3/1 3259/3/1 3506/3/1 3502/3/1
f 3250/4/2 3503/4/2 3507/4/2 3267/4/2
f 3251/4/5 3250/4/5 3267/4/5 3260/4/5
f 3508/2/1 3509/2/1 3510/2/1 3511/2/1
f 3508/2/3 3511/2/3 3504/2/3 3254/2/3
f 3509/2/4 3261/2/4 3512/2/4 3510/2/4
f 3511/2/6 3510/2/6 3512/2/6 3504/2/6
f 3508/2/5 3254/2/5 3261/2/5 3509/2/5
f 3258/1/2 3505/1/2 3513/1/2 3262/1/2
f 3259/3/1 3266/3/1 3514/3/1 3506/3/1
f 3268/4/2 3515/4/2 3516/4/2 3269/4/2
f 3267/4/3 3507/4/3 3515/4/3 3268/4/3
f 3276/3/2 3517/3/2 3518/3/2 3275/3/2
f 3519/3/1 3282/3/1 3520/3/1 3521/3/1
f 3519/3/3 3521/3/3 3517/3/3 3276/3/3
f 3519/3/5 3276/3/5 3275/3/5 3282/3/5
f 3261/2/1 3277/2/1 3522/2/1 3512/2/1
f 3263/2/5 3262/2/5 3287/2/5 3278/2/5
f 3264/2/2 3523/2/2 3524/2/2 3525/2/2
f 3262/2/3 3513/2/3 3523/2/3 3264/2/3
f 3262/2/5 3264/2/5 3525/2/5 3287/2/5
f 3266/3/1 3279/3/1 3526/3/1 3514/3/1
f 3270/4/5 3269/4/5 3281/4/5 3280/4/5
f 3269/4/3 3516/4/3 3520/4/3 3282/4/3
f 3275/4/3 3518/4/3 3527/4/3 3273/4/3
f 3284/4/2 3528/4/2 3529/4/2 3285/4/2
f 3273/4/3 3527/4/3 3528/4/3 3284/4/3
f 3527/4/6 3530/4/6 3529/4/6 3528/4/6
f 3531/2/1 3532/2/1 3533/2/1 3534/2/1
f 3531/2/3 3534/2/3 3522/2/3 3277/2/3
f 3534/2/6 3533/2/6 3535/2/6 3522/2/6
f 3531/2/5 3277/2/5 3286/2/5 3532/2/5
f 3525/2/2 3524/2/2 3536/2/2 3311/2/2
f 3287/2/5 3525/2/5 3311/2/5 3288/2/5
f 3279/3/1 3289/3/1 3537/3/1 3526/3/1
f 3289/3/4 3290/3/4 3538/3/4 3537/3/4
f 3290/3/4 3291/3/4 3539/3/4 3538/3/4
f 3291/3/4 3292/3/4 3540/3/4 3539/3/4
f 3292/3/4 3293/3/4 3541/3/4 3540/3/4
f 3293/4/4 3294/4/4 3542/4/4 3541/4/4
f 3294/4/4 3295/4/4 3543/4/4 3542/4/4
f 3295/4/4 3296/4/4 3544/4/4 3543/4/4
f 3296/4/4 3297/4/4 3545/4/4 3544/4/4
f 3297/4/4 3298/4/4 3546/4/4 3545/4/4
f 3298/4/4 3299/4/4 3547/4/4 3546/4/4
f 3299/4/4 3300/4/4 3548/4/4 3547/4/4
f 3300/4/4 3301/4/4 3549/4/4 3548/4/4
f 3301/4/4 3302/4/4 3550/4/4 3549/4/4
f 3302/3/4 3317/3/4 3551/3/4 3550/3/4
f 3303/3/4 3305/3/4 3552/3/4 3553/3/4
f 3530/3/6 3553/3/6 3552/3/6 3529/3/6
f 3307/4/2 3554/4/2 3555/4/2 3308/4/2
f 3285/4/3 3529/4/3 3554/4/3 3307/4/3
f 3529/4/6 3552/4/6 3555/4/6 3554/4/6
f 3532/1/1 3556/1/1 3557/1/1 3533/1/1
f 3533/1/6 3557/1/6 3558/1/6 3535/1/6
f 3532/1/5 3286/1/5 3309/1/5 3556/1/5
f 3311/1/2 3536/1/2 3559/1/2 3312/1/2
f 3560/1/6 3561/1/6 3559/1/6 3536/1/6
f 3317/3/1 3316/3/1 3562/3/1 3551/3/1
f 3316/3/4 3318/3/4 3563/3/4 3562/3/4
f 3551/3/6 3562/3/6 3563/3/6 3564/3/6
f 3303/3/2 3553/3/2 3565/3/2 3566/3/2
f 3318/3/4 3566/3/4 3565/3/4 3563/3/4
f 3304/3/5 3303/3/5 3566/3/5 3318/3/5
f 3305/3/1 3320/3/1 3567/3/1 3552/3/1
f 3320/3/4 3321/3/4 3568/3/4 3567/3/4
f 3552/3/6 3567/3/6 3568/3/6 3555/3/6
f 3322/4/2 3569/4/2 3570/4/2 3323/4/2
f 3308/4/3 3555/4/3 3569/4/3 3322/4/3
f 3555/4/6 3568/4/6 3570/4/6 3569/4/6
f 3556/2/1 3571/2/1 3572/2/1 3557/2/1
f 3571/2/4 3324/2/4 3573/2/4 3572/2/4
f 3556/2/5 3309/2/5 3324/2/5 3571/2/5
f 3312/1/2 3559/1/2 3574/1/2 3325/1/2
f 3561/1/6 3575/1/6 3574/1/6 3559/1/6
f 3321/3/1 3328/3/1 3576/3/1 3568/3/1
f 3328/3/4 3329/3/4 3577/3/4 3576/3/4
f 3568/3/6 3576/3/6 3577/3/6 3570/3/6
f 3330/3/2 3578/3/2 3579/3/2 3331/3/2
f 3323/3/3 3570/3/3 3578/3/3 3330/3/3
f 3324/2/1 3332/2/1 3580/2/1 3573/2/1
f 3581/2/6 3582/2/6 3583/2/6 3575/2/6
f 3325/2/2 3574/2/2 3584/2/2 3333/2/2
f 3575/2/6 3583/2/6 3584/2/6 3574/2/6
f 3331/3/2 3579/3/2 3585/3/2 3338/3/2
f 3329/3/1 3336/3/1 3586/3/1 3577/3/1
f 3336/3/4 3338/3/4 3585/3/4 3586/3/4
f 3577/3/6 3586/3/6 3585/3/6 3579/3/6
f 3332/2/1 3343/2/1 3587/2/1 3580/2/1
f 3333/2/2 3584/2/2 3588/2/2 3344/2/2
f 3583/2/6 3589/2/6 3588/2/6 3584/2/6
f 3338/3/1 3346/3/1 3590/3/1 3585/3/1
f 3338/3/3 3585/3/3 3591/3/3 3341/3/3
f 3346/3/4 3348/3/4 3592/3/4 3590/3/4
f 3585/3/6 3590/3/6 3592/3/6 3591/3/6
f 3349/3/2 3593/3/2 3594/3/2 3352/3/2
f 3341/3/3 3591/3/3 3593/3/3 3349/3/3
f 3348/3/4 3352/3/4 3594/3/4 3592/3/4
f 3591/3/6 3592/3/6 3594/3/6 3593/3/6
f 3343/2/1 3357/2/1 3595/2/1 3587/2/1
f 3344/2/2 3588/2/2 3596/2/2 3358/2/2
f 3359/2/4 3358/2/4 3596/2/4 3597/2/4
f 3352/4/1 3361/4/1 3598/4/1 3594/4/1
f 3352/4/3 3594/4/3 3599/4/3 3355/4/3
f 3361/4/4 3363/4/4 3600/4/4 3598/4/4
f 3594/4/6 3598/4/6 3600/4/6 3599/4/6
f 3355/4/3 3599/4/3 3595/4/3 3357/4/3
f 3599/4/6 3600/4/6 3601/4/6 3595/4/6
f 3359/2/2 3597/2/2 3602/2/2 3365/2/2
f 3363/4/1 3603/4/1 3604/4/1 3600/4/1
f 3600/4/6 3604/4/6 3605/4/6 3601/4/6
f 3363/4/5 3364/4/5 3366/4/5 3603/4/5
f 3365/2/2 3602/2/2 3606/2/2 3367/2/2
f 3369/2/4 3367/2/4 3606/2/4 3607/2/4
f 3608/2/1 3609/2/1 3610/2/1 3611/2/1
f 3608/2/3 3611/2/3 3604/2/3 3603/2/3
f 3609/2/4 3612/2/4 3613/2/4 3610/2/4
f 3608/2/5 3603/2/5 3612/2/5 3609/2/5
f 3612/2/4 3370/2/4 3614/2/4 3613/2/4
f 3604/2/6 3613/2/6 3614/2/6 3605/2/6
f 3603/2/5 3366/2/5 3370/2/5 3612/2/5
f 3369/4/2 3607/4/2 3615/4/2 3371/4/2
f 3370/1/1 3372/1/1 3616/1/1 3614/1/1
f 3614/1/6 3616/1/6 3617/1/6 3618/1/6
f 3371/2/2 3615/2/2 3619/2/2 3375/2/2
f 3374/2/4 3375/2/4 3619/2/4 3620/2/4
f 3372/2/1 3621/2/1 3622/2/1 3616/2/1
f 3616/2/6 3622/2/6 3623/2/6 3617/2/6
f 3372/2/5 3373/2/5 3624/2/5 3621/2/5
f 3374/2/2 3620/2/2 3625/2/2 3377/2/2
f 3624/2/4 3377/2/4 3625/2/4 3623/2/4
f 3373/2/5 3374/2/5 3377/2/5 3624/2/5
f 3624/2/2 3623/2/2 3626/2/2 3627/2/2
f 3621/2/1 3628/2/1 3629/2/1 3622/2/1
f 3628/2/4 3627/2/4 3626/2/4 3629/2/4
f 3622/2/6 3629/2/6 3626/2/6 3623/2/6
f 3621/2/5 3624/2/5 3627/2/5 3628/2/5
f 3630/2/2 3631/2/2 3632/2/2 3633/2/2
f 3634/2/1 3635/2/1 3636/2/1 3637/2/1
f 3634/2/3 3637/2/3 3631/2/3 3630/2/3
f 3637/2/6 3636/2/6 3632/2/6 3631/2/6
f 3634/2/5 3630/2/5 3633/2/5 3635/2/5
f 3638/1/2 3639/1/2 3640/1/2 3380/1/2
f 3641/1/1 3379/1/1 3642/1/1 3643/1/1
f 3641/1/3 3643/1/3 3639/1/3 3638/1/3
f 3643/1/6 3642/1/6 3640/1/6 3639/1/6
f 3641/1/5 3638/1/5 3380/1/5 3379/1/5
f 3635/2/1 3644/2/1 3645/2/1 3636/2/1
f 3644/2/4 3387/2/4 3646/2/4 3645/2/4
f 3635/2/5 3633/2/5 3387/2/5 3644/2/5
f 3633/2/3 3632/2/3 3642/2/3 3379/2/3
f 3632/2/6 3646/2/6 3647/2/6 3642/2/6
f 3633/2/5 3379/2/5 3378/2/5 3387/2/5
f 3380/2/2 3640/2/2 3648/2/2 3382/2/2
f 3387/2/1 3386/2/1 3649/2/1 3646/2/1
f 3386/2/4 3397/2/4 3650/2/4 3649/2/4
f 3646/2/6 3649/2/6 3650/2/6 3647/2/6
f 3383/1/2 3651/1/2 3652/1/2 3389/1/2
f 3382/1/3 3648/1/3 3651/1/3 3383/1/3
f 3397/2/1 3396/2/1 3653/2/1 3650/2/1
f 3654/2/6 3655/2/6 3656/2/6 3652/2/6
f 3388/1/2 3657/1/2 3658/1/2 3659/1/2
f 3389/1/3 3652/1/3 3657/1/3 3388/1/3
f 3652/1/6 3656/1/6 3658/1/6 3657/1/6
f 3389/1/5 3388/1/5 3659/1/5 3398/1/5
f 3396/2/1 3401/2/1 3660/2/1 3653/2/1
f 3655/2/6 3661/2/6 3662/2/6 3656/2/6
f 3656/1/6 3662/1/6 3663/1/6 3658/1/6
f 3398/1/5 3659/1/5 3664/1/5 3402/1/5
f 3665/1/2 3666/1/2 3667/1/2 3668/1/2
f 3659/1/3 3658/1/3 3666/1/3 3665/1/3
f 3658/1/6 3663/1/6 3667/1/6 3666/1/6
f 3659/1/5 3665/1/5 3668/1/5 3664/1/5
f 3399/2/1 3406/2/1 3669/2/1 3670/2/1
f 3399/2/3 3670/2/3 3660/2/3 3401/2/3
f 3406/2/4 3407/2/4 3671/2/4 3669/2/4
f 3399/2/5 3401/2/5 3407/2/5 3406/2/5
f 3402/2/5 3664/2/5 3413/2/5 3408/2/5
f 3668/1/2 3667/1/2 3672/1/2 3414/1/2
f 3663/1/6 3673/1/6 3672/1/6 3667/1/6
f 3664/1/5 3668/1/5 3414/1/5 3413/1/5
f 3407/2/1 3412/2/1 3674/2/1 3671/2/1
f 3673/2/6 3675/2/6 3676/2/6 3672/2/6
f 3677/1/2 3678/1/2 3679/1/2 3680/1/2
f 3414/1/3 3672/1/3 3678/1/3 3677/1/3
f 3414/1/5 3677/1/5 3680/1/5 3415/1/5
f 3681/2/1 3682/2/1 3683/2/1 3684/2/1
f 3681/2/3 3684/2/3 3674/2/3 3412/2/3
f 3684/2/6 3683/2/6 3685/2/6 3674/2/6
f 3681/2/5 3412/2/5 3419/2/5 3682/2/5
f 3680/2/2 3679/2/2 3686/2/2 3427/2/2
f 3415/2/5 3680/2/5 3427/2/5 3420/2/5
f 3417/3/2 3687/3/2 3688/3/2 3425/3/2
f 3423/3/1 3424/3/1 3689/3/1 3690/3/1
f 3423/3/3 3690/3/3 3687/3/3 3417/3/3
f 3424/3/4 3425/3/4 3688/3/4 3689/3/4
f 3682/1/1 3433/1/1 3691/1/1 3683/1/1
f 3433/1/4 3426/1/4 3692/1/4 3691/1/4
f 3682/1/5 3419/1/5 3426/1/5 3433/1/5
f 3427/2/2 3686/2/2 3693/2/2 3428/2/2
f 3426/1/1 3437/1/1 3694/1/1 3692/1/1
f 3428/2/2 3693/2/2 3695/2/2 3438/2/2
f 3437/1/1 3449/1/1 3696/1/1 3694/1/1
f 3438/2/2 3695/2/2 3697/2/2 3473/2/2
f 3439/2/5 3438/2/5 3473/2/5 3450/2/5
f 3698/3/1 3699/3/1 3700/3/1 3701/3/1
f 3698/3/3 3701/3/3 3702/3/3 3452/3/3
f 3698/3/5 3452/3/5 3451/3/5 3699/3/5
f 3452/3/3 3702/3/3 3703/3/3 3453/3/3
f 3702/3/6 3704/3/6 3705/3/6 3703/3/6
f 3453/3/3 3703/3/3 3706/3/3 3454/3/3
f 3703/3/6 3705/3/6 3707/3/6 3706/3/6
f 3454/3/3 3706/3/3 3708/3/3 3455/3/3
f 3706/3/6 3707/3/6 3709/3/6 3708/3/6
f 3455/3/3 3708/3/3 3710/3/3 3456/3/3
f 3708/3/6 3709/3/6 3711/3/6 3710/3/6
f 3456/4/3 3710/4/3 3712/4/3 3457/4/3
f 3710/4/6 3711/4/6 3713/4/6 3712/4/6
f 3457/4/3 3712/4/3 3714/4/3 3458/4/3
f 3712/4/6 3713/4/6 3715/4/6 3714/4/6
f 3458/4/3 3714/4/3 3716/4/3 3459/4/3
f 3714/4/6 3715/4/6 3717/4/6 3716/4/6
f 3459/4/3 3716/4/3 3718/4/3 3460/4/3
f 3716/4/6 3717/4/6 3719/4/6 3718/4/6
f 3460/4/3 3718/4/3 3720/4/3 3461/4/3
f 3718/4/6 3719/4/6 3721/4/6 3720/4/6
f 3461/4/3 3720/4/3 3722/4/3 3462/4/3
f 3720/4/6 3721/4/6 3723/4/6 3722/4/6
f 3462/4/3 3722/4/3 3724/4/3 3463/4/3
f 3722/4/6 3723/4/6 3725/4/6 3724/4/6
f 3463/5/3 3724/5/3 3726/5/3 3464/5/3
f 3724/5/6 3725/5/6 3727/5/6 3726/5/6
f 3464/4/3 3726/4/3 3728/4/3 3465/4/3
f 3726/4/6 3727/4/6 3729/4/6 3728/4/6
f 3465/4/3 3728/4/3 3730/4/3 3466/4/3
f 3728/4/6 3729/4/6 3731/4/6 3730/4/6
f 3440/3/2 3732/3/2 3733/3/2 3469/3/2
f 3466/3/3 3730/3/3 3732/3/3 3440/3/3
f 3467/3/4 3469/3/4 3733/3/4 3731/3/4
f 3730/3/6 3731/3/6 3733/3/6 3732/3/6
f 3449/1/1 3472/1/1 3734/1/1 3696/1/1
f 3473/2/2 3697/2/2 3735/2/2 3474/2/2
f 3736/3/1 3737/3/1 3738/3/1 3739/3/1
f 3736/3/3 3739/3/3 3740/3/3 3741/3/3
f 3736/3/5 3741/3/5 3742/3/5 3737/3/5
f 3741/3/3 3740/3/3 3700/3/3 3699/3/3
f 3741/3/5 3699/3/5 3743/3/5 3742/3/5
f 3699/3/5 3451/3/5 3475/3/5 3743/3/5
f 3467/4/2 3731/4/2 3744/4/2 3745/4/2
f 3476/4/4 3745/4/4 3744/4/4 3746/4/4
f 3468/4/5 3467/4/5 3745/4/5 3476/4/5
f 3472/1/1 3477/1/1 3747/1/1 3734/1/1
f 3474/2/2 3735/2/2 3748/2/2 3478/2/2
f 3479/2/4 3478/2/4 3748/2/4 3749/2/4
f 3750/2/6 3749/2/6 3748/2/6 3735/2/6
f 3737/3/1 3751/3/1 3752/3/1 3738/3/1
f 3737/3/5 3742/3/5 3753/3/5 3751/3/5
f 3742/3/5 3743/3/5 3754/3/5 3753/3/5
f 3743/3/5 3475/3/5 3480/3/5 3754/3/5
f 3476/4/2 3746/4/2 3755/4/2 3481/4/2
f 3477/2/1 3483/2/1 3756/2/1 3747/2/1
f 3479/2/2 3749/2/2 3757/2/2 3484/2/2
f 3758/2/6 3759/2/6 3757/2/6 3749/2/6
f 3751/3/1 3760/3/1 3761/3/1 3752/3/1
f 3751/3/5 3753/3/5 3762/3/5 3760/3/5
f 3753/3/5 3754/3/5 3763/3/5 3762/3/5
f 3754/3/5 3480/3/5 3485/3/5 3763/3/5
f 3481/4/2 3755/4/2 3764/4/2 3765/4/2
f 3482/4/5 3481/4/5 3765/4/5 3486/4/5
f 3483/1/1 3487/1/1 3766/1/1 3756/1/1
f 3484/1/2 3757/1/2 3767/1/2 3488/1/2
f 3759/1/6 3768/1/6 3767/1/6 3757/1/6
f 3760/3/1 3769/3/1 3770/3/1 3761/3/1
f 3760/3/5 3762/3/5 3771/3/5 3769/3/5
f 3762/3/5 3763/3/5 3772/3/5 3771/3/5
f 3763/3/5 3485/3/5 3489/3/5 3772/3/5
f 3765/4/2 3764/4/2 3773/4/2 3496/4/2
f 3486/4/5 3765/4/5 3496/4/5 3490/4/5
f 3487/1/1 3491/1/1 3774/1/1 3766/1/1
f 3488/1/2 3767/1/2 3775/1/2 3494/1/2
f 3769/3/1 3776/3/1 3777/3/1 3770/3/1
f 3769/3/5 3771/3/5 3778/3/5 3776/3/5
f 3771/3/5 3772/3/5 3779/3/5 3778/3/5
f 3772/3/5 3489/3/5 3495/3/5 3779/3/5
f 3496/4/2 3773/4/2 3780/4/2 3497/4/2
f 3498/4/4 3497/4/4 3780/4/4 3781/4/4
f 3491/2/1 3499/2/1 3782/2/1 3774/2/1
f 3494/1/2 3775/1/2 3783/1/2 3501/1/2
f 3776/3/1 3784/3/1 3785/3/1 3777/3/1
f 3776/3/5 3778/3/5 3786/3/5 3784/3/5
f 3778/3/5 3779/3/5 3787/3/5 3786/3/5
f 3779/3/5 3495/3/5 3502/3/5 3787/3/5
f 3498/4/2 3781/4/2 3788/4/2 3503/4/2
f 3499/1/1 3504/1/1 3789/1/1 3782/1/1
f 3500/1/2 3790/1/2 3791/1/2 3792/1/2
f 3501/1/3 3783/1/3 3790/1/3 3500/1/3
f 3501/1/5 3500/1/5 3792/1/5 3505/1/5
f 3784/3/1 3793/3/1 3794/3/1 3785/3/1
f 3784/3/5 3786/3/5 3795/3/5 3793/3/5
f 3786/3/5 3787/3/5 3796/3/5 3795/3/5
f 3787/3/5 3502/3/5 3506/3/5 3796/3/5
f 3797/4/2 3798/4/2 3799/4/2 3515/4/2
f 3503/4/3 3788/4/3 3798/4/3 3797/4/3
f 3503/4/5 3797/4/5 3515/4/5 3507/4/5
f 3504/2/1 3512/2/1 3800/2/1 3789/2/1
f 3792/1/2 3791/1/2 3801/1/2 3523/1/2
f 3505/1/5 3792/1/5 3523/1/5 3513/1/5
f 3793/3/1 3802/3/1 3803/3/1 3794/3/1
f 3793/3/5 3795/3/5 3804/3/5 3802/3/5
f 3795/3/5 3796/3/5 3805/3/5 3804/3/5
f 3796/3/5 3506/3/5 3514/3/5 3805/3/5
f 3515/3/3 3799/3/3 3806/3/3 3521/3/3
f 3515/3/5 3521/3/5 3520/3/5 3516/3/5
f 3521/3/3 3806/3/3 3807/3/3 3517/3/3
f 3808/3/2 3809/3/2 3810/3/2 3527/3/2
f 3517/3/3 3807/3/3 3809/3/3 3808/3/3
f 3517/3/5 3808/3/5 3527/3/5 3518/3/5
f 3510/2/1 3534/2/1 3811/2/1 3812/2/1
f 3510/2/3 3812/2/3 3800/2/3 3512/2/3
f 3534/2/4 3522/2/4 3813/2/4 3811/2/4
f 3812/2/6 3811/2/6 3813/2/6 3800/2/6
f 3510/2/5 3512/2/5 3522/2/5 3534/2/5
f 3523/1/2 3801/1/2 3814/1/2 3524/1/2
f 3802/3/1 3815/3/1 3816/3/1 3803/3/1
f 3802/3/5 3804/3/5 3817/3/5 3815/3/5
f 3804/3/5 3805/3/5 3818/3/5 3817/3/5
f 3805/3/5 3514/3/5 3526/3/5 3818/3/5
f 3527/4/2 3810/4/2 3819/4/2 3530/4/2
f 3522/2/1 3535/2/1 3820/2/1 3813/2/1
f 3524/2/2 3814/2/2 3821/2/2 3536/2/2
f 3560/2/4 3536/2/4 3821/2/4 3822/2/4
f 3815/3/1 3823/3/1 3824/3/1 3816/3/1
f 3816/3/6 3824/3/6 3825/3/6 3826/3/6
f 3815/3/5 3817/3/5 3827/3/5 3823/3/5
f 3826/3/6 3825/3/6 3828/3/6 3829/3/6
f 3817/3/5 3818/3/5 3830/3/5 3827/3/5
f 3830/3/4 3537/3/4 3831/3/4 3828/3/4
f 3829/3/6 3828/3/6 3831/3/6 3832/3/6
f 3818/3/5 3526/3/5 3537/3/5 3830/3/5
f 3537/3/4 3538/3/4 3833/3/4 3831/3/4
f 3832/3/6 3831/3/6 3833/3/6 3834/3/6
f 3538/3/4 3539/3/4 3835/3/4 3833/3/4
f 3834/3/6 3833/3/6 3835/3/6 3836/3/6
f 3539/3/4 3540/3/4 3837/3/4 3835/3/4
f 3836/3/6 3835/3/6 3837/3/6 3838/3/6
f 3540/3/4 3541/3/4 3839/3/4 3837/3/4
f 3838/3/6 3837/3/6 3839/3/6 3840/3/6
f 3541/3/4 3542/3/4 3841/3/4 3839/3/4
f 3840/3/6 3839/3/6 3841/3/6 3842/3/6
f 3542/3/4 3543/3/4 3843/3/4 3841/3/4
f 3842/3/6 3841/3/6 3843/3/6 3844/3/6
f 3543/4/4 3544/4/4 3845/4/4 3843/4/4
f 3844/4/6 3843/4/6 3845/4/6 3846/4/6
f 3544/4/4 3545/4/4 3847/4/4 3845/4/4
f 3846/4/6 3845/4/6 3847/4/6 3848/4/6
f 3545/4/4 3546/4/4 3849/4/4 3847/4/4
f 3848/4/6 3847/4/6 3849/4/6 3850/4/6
f 3546/4/4 3547/4/4 3851/4/4 3849/4/4
f 3850/4/6 3849/4/6 3851/4/6 3852/4/6
f 3547/4/4 3548/4/4 3853/4/4 3851/4/4
f 3852/4/6 3851/4/6 3853/4/6 3854/4/6
f 3548/4/4 3549/4/4 3855/4/4 3853/4/4
f 3854/4/6 3853/4/6 3855/4/6 3856/4/6
f 3549/4/4 3550/4/4 3857/4/4 3855/4/4
f 3856/4/6 3855/4/6 3857/4/6 3858/4/6
f 3550/4/4 3551/4/4 3859/4/4 3857/4/4
f 3858/4/6 3857/4/6 3859/4/6 3860/4/6
f 3551/3/4 3564/3/4 3861/3/4 3859/3/4
f 3860/3/6 3859/3/6 3861/3/6 3862/3/6
f 3530/4/2 3819/4/2 3863/4/2 3553/4/2
f 3862/4/6 3861/4/6 3863/4/6 3819/4/6
f 3535/2/1 3558/2/1 3864/2/1 3820/2/1
f 3560/2/2 3822/2/2 3865/2/2 3561/2/2
f 3823/3/1 3866/3/1 3867/3/1 3824/3/1
f 3824/3/6 3867/3/6 3868/3/6 3825/3/6
f 3823/3/5 3827/3/5 3869/3/5 3866/3/5
f 3830/4/2 3828/4/2 3870/4/2 3871/4/2
f 3869/4/4 3871/4/4 3870/4/4 3868/4/4
f 3825/4/6 3868/4/6 3870/4/6 3828/4/6
f 3827/4/5 3830/4/5 3871/4/5 3869/4/5
f 3553/3/2 3863/3/2 3872/3/2 3565/3/2
f 3564/3/1 3563/3/1 3873/3/1 3861/3/1
f 3563/3/4 3565/3/4 3872/3/4 3873/3/4
f 3861/3/6 3873/3/6 3872/3/6 3863/3/6
f 3874/2/1 3875/2/1 3876/2/1 3877/2/1
f 3874/2/3 3877/2/3 3878/2/3 3557/2/3
f 3875/2/4 3572/2/4 3879/2/4 3876/2/4
f 3877/2/6 3876/2/6 3879/2/6 3878/2/6
f 3874/2/5 3557/2/5 3572/2/5 3875/2/5
f 3557/2/3 3878/2/3 3864/2/3 3558/2/3
f 3561/1/2 3865/1/2 3880/1/2 3575/1/2
f 3581/1/4 3575/1/4 3880/1/4 3881/1/4
f 3869/4/2 3868/4/2 3882/4/2 3883/4/2
f 3866/4/1 3884/4/1 3885/4/1 3867/4/1
f 3884/4/4 3883/4/4 3882/4/4 3885/4/4
f 3867/4/6 3885/4/6 3882/4/6 3868/4/6
f 3866/4/5 3869/4/5 3883/4/5 3884/4/5
f 3570/3/1 3577/3/1 3886/3/1 3887/3/1
f 3570/3/3 3887/3/3 3888/3/3 3578/3/3
f 3577/3/4 3579/3/4 3889/3/4 3886/3/4
f 3887/3/6 3886/3/6 3889/3/6 3888/3/6
f 3890/4/2 3891/4/2 3892/4/2 3893/4/2
f 3578/4/3 3888/4/3 3891/4/3 3890/4/3
f 3579/4/4 3893/4/4 3892/4/4 3889/4/4
f 3578/4/5 3890/4/5 3893/4/5 3579/4/5
f 3572/1/1 3894/1/1 3895/1/1 3879/1/1
f 3879/1/6 3895/1/6 3896/1/6 3897/1/6
f 3572/1/5 3573/1/5 3580/1/5 3894/1/5
f 3581/2/2 3881/2/2 3898/2/2 3582/2/2
f 3899/1/1 3593/1/1 3900/1/1 3901/1/1
f 3899/1/3 3901/1/3 3895/1/3 3894/1/3
f 3593/1/4 3902/1/4 3903/1/4 3900/1/4
f 3901/1/6 3900/1/6 3903/1/6 3895/1/6
f 3899/1/5 3894/1/5 3902/1/5 3593/1/5
f 3902/2/4 3587/2/4 3904/2/4 3903/2/4
f 3894/2/5 3580/2/5 3587/2/5 3902/2/5
f 3583/2/2 3905/2/2 3906/2/2 3589/2/2
f 3582/2/3 3898/2/3 3905/2/3 3583/2/3
f 3587/2/1 3595/2/1 3907/2/1 3904/2/1
f 3588/1/2 3908/1/2 3909/1/2 3596/1/2
f 3589/1/3 3906/1/3 3908/1/3 3588/1/3
f 3597/1/4 3596/1/4 3909/1/4 3910/1/4
f 3906/1/6 3910/1/6 3909/1/6 3908/1/6
f 3595/2/1 3601/2/1 3911/2/1 3907/2/1
f 3597/2/2 3910/2/2 3912/2/2 3602/2/2
f 3601/2/1 3605/2/1 3913/2/1 3911/2/1
f 3602/2/2 3912/2/2 3914/2/2 3606/2/2
f 3607/2/4 3606/2/4 3914/2/4 3915/2/4
f 3604/2/2 3916/2/2 3917/2/2 3613/2/2
f 3611/2/1 3610/2/1 3918/2/1 3919/2/1
f 3611/2/3 3919/2/3 3916/2/3 3604/2/3
f 3610/2/4 3613/2/4 3917/2/4 3918/2/4
f 3605/2/1 3614/2/1 3920/2/1 3913/2/1
f 3614/2/4 3618/2/4 3921/2/4 3920/2/4
f 3607/2/2 3915/2/2 3922/2/2 3615/2/2
f 3614/2/2 3920/2/2 3923/2/2 3616/2/2
f 3613/2/1 3924/2/1 3925/2/1 3917/2/1
f 3613/2/3 3917/2/3 3920/2/3 3614/2/3
f 3924/2/4 3616/2/4 3923/2/4 3925/2/4
f 3613/2/5 3614/2/5 3616/2/5 3924/2/5
f 3618/1/1 3617/1/1 3926/1/1 3921/1/1
f 3615/2/2 3922/2/2 3927/2/2 3619/2/2
f 3620/2/4 3619/2/4 3927/2/4 3928/2/4
f 3620/2/2 3928/2/2 3929/2/2 3625/2/2
f 3617/2/1 3623/2/1 3930/2/1 3926/2/1
f 3623/2/4 3625/2/4 3929/2/4 3930/2/4
f 3926/2/6 3930/2/6 3929/2/6 3928/2/6
f 3632/2/2 3931/2/2 3932/2/2 3646/2/2
f 3636/2/1 3645/2/1 3933/2/1 3934/2/1
f 3636/2/3 3934/2/3 3931/2/3 3632/2/3
f 3934/2/6 3933/2/6 3932/2/6 3931/2/6
f 3640/1/2 3935/1/2 3936/1/2 3648/1/2
f 3642/1/1 3647/1/1 3937/1/1 3938/1/1
f 3642/1/3 3938/1/3 3935/1/3 3640/1/3
f 3939/2/2 3940/2/2 3941/2/2 3942/2/2
f 3943/2/1 3651/2/1 3944/2/1 3945/2/1
f 3943/2/3 3945/2/3 3940/2/3 3939/2/3
f 3945/2/6 3944/2/6 3941/2/6 3940/2/6
f 3943/2/5 3939/2/5 3942/2/5 3651/2/5
f 3646/2/2 3932/2/2 3946/2/2 3649/2/2
f 3645/2/1 3947/2/1 3948/2/1 3933/2/1
f 3933/2/6 3948/2/6 3946/2/6 3932/2/6
f 3645/2/5 3646/2/5 3649/2/5 3947/2/5
f 3647/2/1 3650/2/1 3949/2/1 3937/2/1
f 3648/1/3 3936/1/3 3944/1/3 3651/1/3
f 3654/1/4 3652/1/4 3950/1/4 3951/1/4
f 3942/1/2 3941/1/2 3952/1/2 3657/1/2
f 3652/1/4 3657/1/4 3952/1/4 3950/1/4
f 3944/1/6 3950/1/6 3952/1/6 3941/1/6
f 3651/1/5 3942/1/5 3657/1/5 3652/1/5
f 3947/2/1 3953/2/1 3954/2/1 3948/2/1
f 3948/2/6 3954/2/6 3955/2/6 3946/2/6
f 3947/2/5 3649/2/5 3956/2/5 3953/2/5
f 3649/2/3 3946/2/3 3949/2/3 3650/2/3
f 3649/2/5 3650/2/5 3653/2/5 3956/2/5
f 3654/1/2 3951/1/2 3957/1/2 3655/1/2
f 3953/1/1 3958/1/1 3959/1/1 3954/1/1
f 3953/1/5 3956/1/5 3670/1/5 3958/1/5
f 3955/2/6 3960/2/6 3961/2/6 3962/2/6
f 3956/2/5 3653/2/5 3660/2/5 3670/2/5
f 3655/1/2 3957/1/2 3963/1/2 3661/1/2
f 3962/1/6 3961/1/6 3963/1/6 3957/1/6
f 3964/1/2 3965/1/2 3966/1/2 3967/1/2
f 3666/1/1 3667/1/1 3968/1/1 3969/1/1
f 3666/1/3 3969/1/3 3965/1/3 3964/1/3
f 3969/1/6 3968/1/6 3966/1/6 3965/1/6
f 3666/1/5 3964/1/5 3967/1/5 3667/1/5
f 3958/1/1 3970/1/1 3971/1/1 3959/1/1
f 3970/1/4 3669/1/4 3972/1/4 3971/1/4
f 3958/1/5 3670/1/5 3669/1/5 3970/1/5
f 3669/2/4 3671/2/4 3973/2/4 3972/2/4
f 3960/2/6 3972/2/6 3973/2/6 3961/2/6
f 3961/2/6 3973/2/6 3974/2/6 3963/2/6
f 3661/2/3 3963/2/3 3975/2/3 3662/2/3
f 3963/2/6 3974/2/6 3976/2/6 3975/2/6
f 3663/2/2 3977/2/2 3978/2/2 3673/2/2
f 3662/2/3 3975/2/3 3977/2/3 3663/2/3
f 3975/2/6 3976/2/6 3978/2/6 3977/2/6
f 3967/2/2 3966/2/2 3979/2/2 3678/2/2
f 3667/2/1 3672/2/1 3980/2/1 3968/2/1
f 3968/2/6 3980/2/6 3979/2/6 3966/2/6
f 3667/2/5 3967/2/5 3678/2/5 3672/2/5
f 3671/2/1 3674/2/1 3981/2/1 3973/2/1
f 3673/2/2 3978/2/2 3982/2/2 3675/2/2
f 3976/2/6 3983/2/6 3982/2/6 3978/2/6
f 3678/2/2 3979/2/2 3984/2/2 3679/2/2
f 3672/2/1 3676/2/1 3985/2/1 3980/2/1
f 3980/2/6 3985/2/6 3984/2/6 3979/2/6
f 3674/2/1 3685/2/1 3986/2/1 3981/2/1
f 3675/1/3 3982/1/3 3985/1/3 3676/1/3
f 3982/1/6 3987/1/6 3988/1/6 3985/1/6
f 3679/2/2 3984/2/2 3989/2/2 3686/2/2
f 3985/2/6 3988/2/6 3989/2/6 3984/2/6
f 3690/3/1 3689/3/1 3990/3/1 3991/3/1
f 3690/3/3 3991/3/3 3992/3/3 3687/3/3
f 3689/3/4 3688/3/4 3993/3/4 3990/3/4
f 3991/3/6 3990/3/6 3993/3/6 3992/3/6
f 3994/4/2 3995/4/2 3996/4/2 3997/4/2
f 3687/4/3 3992/4/3 3995/4/3 3994/4/3
f 3688/4/4 3997/4/4 3996/4/4 3993/4/4
f 3687/4/5 3994/4/5 3997/4/5 3688/4/5
f 3683/1/1 3691/1/1 3998/1/1 3999/1/1
f 3683/1/3 3999/1/3 3986/1/3 3685/1/3
f 3987/2/6 4000/2/6 4001/2/6 3988/2/6
f 3686/2/2 3989/2/2 4002/2/2 3693/2/2
f 3988/2/6 4001/2/6 4002/2/6 3989/2/6
f 4003/4/2 4004/4/2 4005/4/2 4006/4/2
f 4007/4/1 4008/4/1 4009/4/1 4010/4/1
f 4007/4/3 4010/4/3 4004/4/3 4003/4/3
f 4010/4/6 4009/4/6 4005/4/6 4004/4/6
f 4007/4/5 4003/4/5 4006/4/5 4008/4/5
f 4011/2/1 4012/2/1 4013/2/1 4014/2/1
f 4011/2/3 4014/2/3 3998/2/3 3691/2/3
f 4012/2/4 4015/2/4 4016/2/4 4013/2/4
f 4014/2/6 4013/2/6 4016/2/6 3998/2/6
f 4011/2/5 3691/2/5 4015/2/5 4012/2/5
f 4015/1/4 3694/1/4 4017/1/4 4016/1/4
f 3691/1/5 3692/1/5 3694/1/5 4015/1/5
f 4000/2/6 4018/2/6 4019/2/6 4001/2/6
f 3693/2/2 4002/2/2 4020/2/2 3695/2/2
f 4001/2/6 4019/2/6 4020/2/6 4002/2/6
f 4008/3/1 4021/3/1 4022/3/1 4009/3/1
f 4009/3/6 4022/3/6 4023/3/6 4005/3/6
f 4008/3/5 4006/3/5 4024/3/5 4021/3/5
f 4025/4/2 4026/4/2 4027/4/2 3701/4/2
f 4006/4/3 4005/4/3 4026/4/3 4025/4/3
f 4005/4/6 4023/4/6 4027/4/6 4026/4/6
f 4006/4/5 4025/4/5 3701/4/5 4024/4/5
f 3694/1/1 3696/1/1 4028/1/1 4017/1/1
f 4018/2/6 4029/2/6 4030/2/6 4019/2/6
f 3695/2/2 4020/2/2 4031/2/2 3697/2/2
f 4019/2/6 4030/2/6 4031/2/6 4020/2/6
f 4021/3/1 3739/3/1 4032/3/1 4022/3/1
f 4022/3/6 4032/3/6 4033/3/6 4023/3/6
f 4021/3/5 4024/3/5 3740/3/5 3739/3/5
f 4023/3/6 4033/3/6 4034/3/6 4027/3/6
f 4024/3/5 3701/3/5 3700/3/5 3740/3/5
f 3702/4/2 4035/4/2 4036/4/2 3704/4/2
f 3701/4/3 4027/4/3 4035/4/3 3702/4/3
f 4027/4/6 4034/4/6 4036/4/6 4035/4/6
f 3696/2/1 3734/2/1 4037/2/1 4028/2/1
f 3697/2/2 4031/2/2 4038/2/2 3735/2/2
f 3750/2/4 3735/2/4 4038/2/4 4039/2/4
f 4030/2/6 4039/2/6 4038/2/6 4031/2/6
f 3739/3/1 3738/3/1 4040/3/1 4032/3/1
f 4032/3/6 4040/3/6 4041/3/6 4033/3/6
f 4033/4/6 4041/4/6 4042/4/6 4034/4/6
f 4034/4/6 4042/4/6 4043/4/6 4036/4/6
f 3704/4/3 4036/4/3 4044/4/3 3705/4/3
f 4036/4/6 4043/4/6 4045/4/6 4044/4/6
f 3705/4/3 4044/4/3 4046/4/3 3707/4/3
f 4044/4/6 4045/4/6 4047/4/6 4046/4/6
f 3707/4/3 4046/4/3 4048/4/3 3709/4/3
f 4046/4/6 4047/4/6 4049/4/6 4048/4/6
f 3709/4/3 4048/4/3 4050/4/3 3711/4/3
f 4048/4/6 4049/4/6 4051/4/6 4050/4/6
f 3711/4/3 4050/4/3 4052/4/3 3713/4/3
f 4050/4/6 4051/4/6 4053/4/6 4052/4/6
f 3713/4/3 4052/4/3 4054/4/3 3715/4/3
f 4052/4/6 4053/4/6 4055/4/6 4054/4/6
f 3715/4/3 4054/4/3 4056/4/3 3717/4/3
f 4054/4/6 4055/4/6 4057/4/6 4056/4/6
f 3717/4/3 4056/4/3 4058/4/3 3719/4/3
f 4056/4/6 4057/4/6 4059/4/6 4058/4/6
f 3719/4/3 4058/4/3 4060/4/3 3721/4/3
f 4058/4/6 4059/4/6 4061/4/6 4060/4/6
f 3721/4/3 4060/4/3 4062/4/3 3723/4/3
f 4060/4/6 4061/4/6 4063/4/6 4062/4/6
f 3723/4/3 4062/4/3 4064/4/3 3725/4/3
f 4062/4/6 4063/4/6 4065/4/6 4064/4/6
f 3725/4/3 4064/4/3 4066/4/3 3727/4/3
f 4064/4/6 4065/4/6 4067/4/6 4066/4/6
f 3727/4/3 4066/4/3 4068/4/3 3729/4/3
f 4066/4/6 4067/4/6 4069/4/6 4068/4/6
f 3729/3/3 4068/3/3 4070/3/3 3731/3/3
f 4068/3/6 4069/3/6 4071/3/6 4070/3/6
f 3731/4/3 4070/4/3 4072/4/3 3733/4/3
f 4070/4/6 4071/4/6 4073/4/6 4072/4/6
f 3731/4/5 3733/4/5 4074/4/5 3744/4/5
f 3733/3/3 4072/3/3 4075/3/3 4076/3/3
f 4072/3/6 4073/3/6 4077/3/6 4075/3/6
f 3733/3/5 4076/3/5 4078/3/5 4074/3/5
f 4079/3/2 4080/3/2 4081/3/2 4082/3/2
f 4076/3/3 4075/3/3 4080/3/3 4079/3/3
f 4078/3/4 4082/3/4 4081/3/4 4077/3/4
f 4076/3/5 4079/3/5 4082/3/5 4078/3/5
f 3734/2/1 3747/2/1 4083/2/1 4037/2/1
f 3750/2/2 4039/2/2 4084/2/2 3749/2/2
f 3758/2/4 3749/2/4 4084/2/4 4085/2/4
f 4086/2/6 4085/2/6 4084/2/6 4039/2/6
f 3738/3/1 3752/3/1 4087/3/1 4040/3/1
f 3746/4/5 3744/4/5 4088/4/5 3755/4/5
f 3744/4/5 4074/4/5 4089/4/5 4088/4/5
f 4078/4/2 4077/4/2 4090/4/2 4091/4/2
f 4089/4/4 4091/4/4 4090/4/4 4092/4/4
f 4073/4/6 4092/4/6 4090/4/6 4077/4/6
f 4074/4/5 4078/4/5 4091/4/5 4089/4/5
f 3747/1/1 3756/1/1 4093/1/1 4083/1/1
f 3758/2/2 4085/2/2 4094/2/2 3759/2/2
f 3752/3/1 3761/3/1 4095/3/1 4087/3/1
f 3755/3/5 4088/3/5 4096/3/5 3764/3/5
f 4089/3/2 4092/3/2 4097/3/2 4098/3/2
f 4088/3/5 4089/3/5 4098/3/5 4096/3/5
f 3756/1/1 3766/1/1 4099/1/1 4093/1/1
f 3759/2/2 4094/2/2 4100/2/2 3768/2/2
f 3761/3/1 3770/3/1 4101/3/1 4095/3/1
f 3764/3/5 4096/3/5 4102/3/5 3773/3/5
f 4098/3/2 4097/3/2 4103/3/2 4104/3/2
f 4096/3/5 4098/3/5 4104/3/5 4102/3/5
f 3766/1/1 3774/1/1 4105/1/1 4099/1/1
f 3767/2/2 4106/2/2 4107/2/2 3775/2/2
f 3768/2/3 4100/2/3 4106/2/3 3767/2/3
f 3770/3/1 3777/3/1 4108/3/1 4101/3/1
f 4101/3/6 4108/3/6 4109/3/6 4110/3/6
f 3773/3/5 4102/3/5 4111/3/5 3780/3/5
f 4102/3/5 4104/3/5 4112/3/5 4111/3/5
f 4113/3/2 4114/3/2 4115/3/2 4116/3/2
f 4104/3/3 4103/3/3 4114/3/3 4113/3/3
f 4112/3/4 4116/3/4 4115/3/4 4117/3/4
f 4104/3/5 4113/3/5 4116/3/5 4112/3/5
f 3774/1/1 3782/1/1 4118/1/1 4105/1/1
f 4119/2/2 4120/2/2 4121/2/2 3790/2/2
f 3775/2/3 4107/2/3 4120/2/3 4119/2/3
f 4107/2/6 4122/2/6 4121/2/6 4120/2/6
f 3775/2/5 4119/2/5 3790/2/5 3783/2/5
f 3777/3/1 3785/3/1 4123/3/1 4108/3/1
f 3781/4/5 3780/4/5 3798/4/5 3788/4/5
f 3780/3/5 4111/3/5 4124/3/5 3798/3/5
f 4112/3/2 4117/3/2 4125/3/2 4126/3/2
f 4111/3/5 4112/3/5 4126/3/5 4124/3/5
f 3782/1/1 3789/1/1 4127/1/1 4118/1/1
f 3790/2/2 4121/2/2 4128/2/2 3791/2/2
f 3785/3/1 3794/3/1 4129/3/1 4123/3/1
f 3798/3/5 4124/3/5 3806/3/5 3799/3/5
f 4126/3/2 4125/3/2 4130/3/2 3807/3/2
f 4124/3/5 4126/3/5 3807/3/5 3806/3/5
f 3789/1/1 3800/1/1 4131/1/1 4127/1/1
f 3791/2/2 4128/2/2 4132/2/2 3801/2/2
f 3794/3/1 3803/3/1 4133/3/1 4129/3/1
f 4134/3/6 4135/3/6 4136/3/6 4130/3/6
f 3809/4/2 4137/4/2 4138/4/2 3810/4/2
f 3807/4/3 4130/4/3 4137/4/3 3809/4/3
f 4130/4/6 4136/4/6 4138/4/6 4137/4/6
f 3800/1/1 3813/1/1 4139/1/1 4131/1/1
f 3801/2/2 4132/2/2 4140/2/2 3814/2/2
f 3803/3/1 3816/3/1 4141/3/1 4133/3/1
f 3816/3/4 3826/3/4 4142/3/4 4141/3/4
f 3826/3/4 3829/3/4 4143/3/4 4142/3/4
f 3829/3/4 3832/3/4 4144/3/4 4143/3/4
f 3832/3/4 3834/3/4 4145/3/4 4144/3/4
f 4146/3/6 4144/3/6 4145/3/6 4147/3/6
f 3834/3/4 3836/3/4 4148/3/4 4145/3/4
f 4147/3/6 4145/3/6 4148/3/6 4149/3/6
f 3836/3/4 3838/3/4 4150/3/4 4148/3/4
f 4149/3/6 4148/3/6 4150/3/6 4151/3/6
f 3838/3/4 3840/3/4 4152/3/4 4150/3/4
f 4151/3/6 4150/3/6 4152/3/6 4153/3/6
f 3840/3/4 3842/3/4 4154/3/4 4152/3/4
f 4153/3/6 4152/3/6 4154/3/6 4155/3/6
f 3842/4/4 3844/4/4 4156/4/4 4154/4/4
f 4155/4/6 4154/4/6 4156/4/6 4157/4/6
f 3844/4/4 3846/4/4 4158/4/4 4156/4/4
f 4157/4/6 4156/4/6 4158/4/6 4159/4/6
f 3846/4/4 3848/4/4 4160/4/4 4158/4/4
f 4159/4/6 4158/4/6 4160/4/6 4161/4/6
f 3848/4/4 3850/4/4 4162/4/4 4160/4/4
f 4161/4/6 4160/4/6 4162/4/6 4163/4/6
f 3850/4/4 3852/4/4 4164/4/4 4162/4/4
f 4163/4/6 4162/4/6 4164/4/6 4165/4/6
f 3852/4/4 3854/4/4 4166/4/4 4164/4/4
f 4165/4/6 4164/4/6 4166/4/6 4167/4/6
f 3854/4/4 3856/4/4 4168/4/4 4166/4/4
f 4167/4/6 4166/4/6 4168/4/6 4169/4/6
f 3856/4/4 3858/4/4 4170/4/4 4168/4/4
f 4169/4/6 4168/4/6 4170/4/6 4171/4/6
f 3858/3/4 3860/3/4 4172/3/4 4170/3/4
f 4171/3/6 4170/3/6 4172/3/6 4135/3/6
f 3860/3/4 3862/3/4 4173/3/4 4172/3/4
f 4135/3/6 4172/3/6 4173/3/6 4136/3/6
f 3810/3/2 4138/3/2 4174/3/2 3819/3/2
f 3862/3/4 3819/3/4 4174/3/4 4173/3/4
f 3813/2/1 3820/2/1 4175/2/1 4139/2/1
f 3814/2/2 4140/2/2 4176/2/2 3821/2/2
f 3820/2/1 3864/2/1 4177/2/1 4175/2/1
f 3821/2/2 4176/2/2 4178/2/2 4179/2/2
f 3822/2/5 3821/2/5 4179/2/5 3865/2/5
f 3878/2/1 3879/2/1 4180/2/1 4181/2/1
f 3878/2/3 4181/2/3 4177/2/3 3864/2/3
f 3879/2/4 3897/2/4 4182/2/4 4180/2/4
f 3881/2/4 3880/2/4 4183/2/4 4184/2/4
f 4179/2/2 4178/2/2 4185/2/2 4186/2/2
f 3880/2/4 4186/2/4 4185/2/4 4183/2/4
f 3865/2/5 4179/2/5 4186/2/5 3880/2/5
f 3888/3/1 3889/3/1 4187/3/1 4188/3/1
f 3888/3/3 4188/3/3 4189/3/3 3891/3/3
f 3889/3/4 3892/3/4 4190/3/4 4187/3/4
f 4188/3/6 4187/3/6 4190/3/6 4189/3/6
f 3876/3/2 4191/3/2 4192/3/2 3901/3/2
f 3891/3/3 4189/3/3 4191/3/3 3876/3/3
f 3892/3/4 3901/3/4 4192/3/4 4190/3/4
f 4189/3/6 4190/3/6 4192/3/6 4191/3/6
f 3891/3/5 3876/3/5 3901/3/5 3892/3/5
f 3897/1/1 3896/1/1 4193/1/1 4182/1/1
f 3881/2/2 4184/2/2 4194/2/2 3898/2/2
f 3895/2/1 3903/2/1 4195/2/1 4196/2/1
f 3895/2/3 4196/2/3 4193/2/3 3896/2/3
f 3903/2/4 3904/2/4 4197/2/4 4195/2/4
f 3905/2/2 4198/2/2 4199/2/2 3906/2/2
f 3898/2/3 4194/2/3 4198/2/3 3905/2/3
f 3904/2/1 3907/2/1 4200/2/1 4197/2/1
f 3906/1/2 4199/1/2 4201/1/2 3910/1/2
f 4202/2/1 4203/2/1 4204/2/1 4205/2/1
f 4202/2/3 4205/2/3 4206/2/3 4207/2/3
f 4203/2/4 4208/2/4 4209/2/4 4204/2/4
f 4205/2/6 4204/2/6 4209/2/6 4206/2/6
f 4202/2/5 4207/2/5 4208/2/5 4203/2/5
f 4207/2/3 4206/2/3 4200/2/3 3907/2/3
f 4206/2/6 4209/2/6 4210/2/6 4200/2/6
f 4207/2/5 3907/2/5 3911/2/5 4208/2/5
f 3910/1/2 4201/1/2 4211/1/2 3912/1/2
f 4208/2/1 3916/2/1 4212/2/1 4209/2/1
f 4209/2/6 4212/2/6 4213/2/6 4210/2/6
f 4208/2/5 3911/2/5 3913/2/5 3916/2/5
f 3912/1/2 4211/1/2 4214/1/2 3914/1/2
f 3915/1/4 3914/1/4 4214/1/4 4215/1/4
f 4216/1/6 4215/1/6 4214/1/6 4211/1/6
f 4217/2/1 4218/2/1 4219/2/1 4220/2/1
f 4217/2/3 4220/2/3 4221/2/3 3919/2/3
f 4218/2/4 3918/2/4 4222/2/4 4219/2/4
f 4220/2/6 4219/2/6 4222/2/6 4221/2/6
f 4217/2/5 3919/2/5 3918/2/5 4218/2/5
f 3919/2/3 4221/2/3 4212/2/3 3916/2/3
f 3918/2/4 3917/2/4 4223/2/4 4222/2/4
f 4221/2/6 4222/2/6 4223/2/6 4212/2/6
f 4212/1/6 4223/1/6 4224/1/6 4213/1/6
f 3916/1/5 3913/1/5 3920/1/5 3917/1/5
f 3915/2/2 4215/2/2 4225/2/2 3922/2/2
f 3917/2/1 3925/2/1 4226/2/1 4223/2/1
f 3925/2/4 3923/2/4 4227/2/4 4226/2/4
f 4223/2/6 4226/2/6 4227/2/6 4224/2/6
f 3923/2/4 3926/2/4 4228/2/4 4227/2/4
f 4224/2/6 4227/2/6 4228/2/6 4229/2/6
f 3920/2/5 3921/2/5 3926/2/5 3923/2/5
f 3926/2/4 3928/2/4 4230/2/4 4228/2/4
f 3922/2/2 4225/2/2 4231/2/2 3927/2/2
f 3928/2/4 3927/2/4 4231/2/4 4230/2/4
f 4232/2/6 4230/2/6 4231/2/6 4225/2/6
f 3938/2/1 3937/2/1 4233/2/1 4234/2/1
f 3938/2/3 4234/2/3 4235/2/3 3935/2/3
f 4234/2/6 4233/2/6 4236/2/6 4235/2/6
f 3945/2/2 4237/2/2 4238/2/2 3944/2/2
f 3935/2/3 4235/2/3 4237/2/3 3945/2/3
f 4235/2/6 4236/2/6 4238/2/6 4237/2/6
f 3935/2/5 3945/2/5 3944/2/5 3936/2/5
f 3937/2/1 3949/2/1 4239/2/1 4233/2/1
f 3944/2/2 4238/2/2 4240/2/2 3950/2/2
f 3946/2/1 3955/2/1 4241/2/1 4242/2/1
f 3946/2/3 4242/2/3 4239/2/3 3949/2/3
f 3955/2/4 3962/2/4 4243/2/4 4241/2/4
f 3962/2/4 3957/2/4 4244/2/4 4243/2/4
f 3950/1/2 4240/1/2 4245/1/2 4246/1/2
f 3957/1/4 4246/1/4 4245/1/4 4244/1/4
f 3951/1/5 3950/1/5 4246/1/5 3957/1/5
f 4247/2/1 4248/2/1 4249/2/1 4250/2/1
f 4247/2/3 4250/2/3 4251/2/3 3954/2/3
f 4250/2/6 4249/2/6 4252/2/6 4251/2/6
f 4247/2/5 3954/2/5 3959/2/5 4248/2/5
f 3955/2/2 4241/2/2 4253/2/2 3960/2/2
f 3954/2/3 4251/2/3 4241/2/3 3955/2/3
f 4251/2/6 4252/2/6 4253/2/6 4241/2/6
f 4248/2/1 4254/2/1 4255/2/1 4249/2/1
f 4254/2/4 3971/2/4 4256/2/4 4255/2/4
f 4249/2/6 4255/2/6 4256/2/6 4252/2/6
f 4248/2/5 3959/2/5 3971/2/5 4254/2/5
f 3960/1/2 4253/1/2 4257/1/2 3972/1/2
f 3971/1/4 3972/1/4 4257/1/4 4256/1/4
f 4252/1/6 4256/1/6 4257/1/6 4253/1/6
f 3973/2/1 3981/2/1 4258/2/1 4259/2/1
f 3973/2/3 4259/2/3 4260/2/3 3974/2/3
f 3976/2/2 4261/2/2 4262/2/2 3983/2/2
f 3974/2/3 4260/2/3 4261/2/3 3976/2/3
f 3981/1/1 3986/1/1 4263/1/1 4258/1/1
f 3982/1/2 4264/1/2 4265/1/2 3987/1/2
f 3983/1/3 4262/1/3 4264/1/3 3982/1/3
f 4262/1/6 4266/1/6 4265/1/6 4264/1/6
f 3992/3/1 3993/3/1 4267/3/1 4268/3/1
f 3992/3/3 4268/3/3 4269/3/3 3995/3/3
f 3993/3/4 3996/3/4 4270/3/4 4267/3/4
f 4268/3/6 4267/3/6 4270/3/6 4269/3/6
f 4271/4/2 4272/4/2 4273/4/2 4274/4/2
f 3995/4/3 4269/4/3 4272/4/3 4271/4/3
f 3996/4/4 4274/4/4 4273/4/4 4270/4/4
f 3995/4/5 4271/4/5 4274/4/5 3996/4/5
f 3999/2/1 3998/2/1 4275/2/1 4276/2/1
f 3999/2/3 4276/2/3 4263/2/3 3986/2/3
f 4276/2/6 4275/2/6 4277/2/6 4263/2/6
f 3987/2/2 4265/2/2 4278/2/2 4000/2/2
f 4266/2/6 4279/2/6 4278/2/6 4265/2/6
f 3998/2/1 4016/2/1 4280/2/1 4275/2/1
f 4016/2/4 4017/2/4 4281/2/4 4280/2/4
f 4275/2/6 4280/2/6 4281/2/6 4277/2/6
f 4000/1/2 4278/1/2 4282/1/2 4018/1/2
f 4279/1/6 4283/1/6 4282/1/6 4278/1/6
f 4017/1/1 4028/1/1 4284/1/1 4281/1/1
f 4018/2/2 4282/2/2 4285/2/2 4029/2/2
f 4028/2/1 4037/2/1 4286/2/1 4284/2/1
f 4030/2/2 4287/2/2 4288/2/2 4039/2/2
f 4029/2/3 4285/2/3 4287/2/3 4030/2/3
f 4086/2/4 4039/2/4 4288/2/4 4289/2/4
f 4075/3/1 4077/3/1 4290/3/1 4291/3/1
f 4075/3/3 4291/3/3 4292/3/3 4080/3/3
f 4077/3/4 4081/3/4 4293/3/4 4290/3/4
f 4291/3/6 4290/3/6 4293/3/6 4292/3/6
f 4294/4/2 4295/4/2 4296/4/2 4297/4/2
f 4080/4/3 4292/4/3 4295/4/3 4294/4/3
f 4081/4/4 4297/4/4 4296/4/4 4293/4/4
f 4080/4/5 4294/4/5 4297/4/5 4081/4/5
f 4037/1/1 4083/1/1 4298/1/1 4286/1/1
f 4086/2/2 4289/2/2 4299/2/2 4085/2/2
f 4040/3/1 4087/3/1 4300/3/1 4301/3/1
f 4040/3/3 4301/3/3 4302/3/3 4041/3/3
f 4041/4/3 4302/4/3 4303/4/3 4042/4/3
f 4042/4/3 4303/4/3 4304/4/3 4043/4/3
f 4043/3/3 4304/3/3 4305/3/3 4045/3/3
f 4304/3/6 4306/3/6 4307/3/6 4305/3/6
f 4045/3/3 4305/3/3 4308/3/3 4047/3/3
f 4305/3/6 4307/3/6 4309/3/6 4308/3/6
f 4047/3/3 4308/3/3 4310/3/3 4049/3/3
f 4308/3/6 4309/3/6 4311/3/6 4310/3/6
f 4049/3/3 4310/3/3 4312/3/3 4051/3/3
f 4310/3/6 4311/3/6 4313/3/6 4312/3/6
f 4051/3/3 4312/3/3 4314/3/3 4053/3/3
f 4312/3/6 4313/3/6 4315/3/6 4314/3/6
f 4053/3/3 4314/3/3 4316/3/3 4055/3/3
f 4314/3/6 4315/3/6 4317/3/6 4316/3/6
f 4055/3/3 4316/3/3 4318/3/3 4057/3/3
f 4316/3/6 4317/3/6 4319/3/6 4318/3/6
f 4057/4/3 4318/4/3 4320/4/3 4059/4/3
f 4318/4/6 4319/4/6 4321/4/6 4320/4/6
f 4059/4/3 4320/4/3 4322/4/3 4061/4/3
f 4320/4/6 4321/4/6 4323/4/6 4322/4/6
f 4061/4/3 4322/4/3 4324/4/3 4063/4/3
f 4322/4/6 4323/4/6 4325/4/6 4324/4/6
f 4063/4/3 4324/4/3 4326/4/3 4065/4/3
f 4324/4/6 4325/4/6 4327/4/6 4326/4/6
f 4065/4/3 4326/4/3 4328/4/3 4067/4/3
f 4326/4/6 4327/4/6 4329/4/6 4328/4/6
f 4067/3/3 4328/3/3 4330/3/3 4069/3/3
f 4328/3/6 4329/3/6 4331/3/6 4330/3/6
f 4069/3/3 4330/3/3 4332/3/3 4071/3/3
f 4330/3/6 4331/3/6 4333/3/6 4332/3/6
f 4073/3/2 4334/3/2 4335/3/2 4092/3/2
f 4071/3/3 4332/3/3 4334/3/3 4073/3/3
f 4332/3/6 4333/3/6 4335/3/6 4334/3/6
f 4336/3/2 4337/3/2 4338/3/2 4339/3/2
f 4340/3/1 4341/3/1 4342/3/1 4343/3/1
f 4340/3/3 4343/3/3 4337/3/3 4336/3/3
f 4341/3/4 4339/3/4 4338/3/4 4342/3/4
f 4340/3/5 4336/3/5 4339/3/5 4341/3/5
f 4083/1/1 4093/1/1 4344/1/1 4298/1/1
f 4085/1/3 4299/1/3 4345/1/3 4084/1/3
f 4085/1/5 4084/1/5 4346/1/5 4094/1/5
f 4347/1/2 4348/1/2 4349/1/2 4350/1/2
f 4084/1/3 4345/1/3 4348/1/3 4347/1/3
f 4084/1/5 4347/1/5 4350/1/5 4346/1/5
f 4087/3/1 4095/3/1 4351/3/1 4300/3/1
f 4300/3/6 4351/3/6 4352/3/6 4353/3/6
f 4353/4/6 4352/4/6 4354/4/6 4355/4/6
f 4355/3/6 4354/3/6 4356/3/6 4306/3/6
f 4306/3/6 4356/3/6 4357/3/6 4307/3/6
f 4307/3/6 4357/3/6 4358/3/6 4309/3/6
f 4309/3/6 4358/3/6 4359/3/6 4311/3/6
f 4311/3/6 4359/3/6 4360/3/6 4313/3/6
f 4313/3/6 4360/3/6 4361/3/6 4315/3/6
f 4315/4/6 4361/4/6 4362/4/6 4317/4/6
f 4317/4/6 4362/4/6 4363/4/6 4319/4/6
f 4319/4/6 4363/4/6 4364/4/6 4321/4/6
f 4321/4/6 4364/4/6 4365/4/6 4323/4/6
f 4323/4/6 4365/4/6 4366/4/6 4325/4/6
f 4325/4/6 4366/4/6 4367/4/6 4327/4/6
f 4327/3/6 4367/3/6 4368/3/6 4329/3/6
f 4329/3/6 4368/3/6 4369/3/6 4331/3/6
f 4331/3/6 4369/3/6 4370/3/6 4333/3/6
f 4092/3/2 4335/3/2 4371/3/2 4097/3/2
f 4333/3/6 4370/3/6 4371/3/6 4335/3/6
f 4093/1/1 4099/1/1 4372/1/1 4344/1/1
f 4094/2/5 4346/2/5 4106/2/5 4100/2/5
f 4350/2/2 4349/2/2 4373/2/2 4374/2/2
f 4346/2/5 4350/2/5 4374/2/5 4106/2/5
f 4095/3/1 4101/3/1 4375/3/1 4351/3/1
f 4101/3/4 4110/3/4 4376/3/4 4375/3/4
f 4351/3/6 4375/3/6 4376/3/6 4352/3/6
f 4352/3/6 4376/3/6 4377/3/6 4354/3/6
f 4354/3/6 4377/3/6 4378/3/6 4356/3/6
f 4356/3/6 4378/3/6 4379/3/6 4357/3/6
f 4357/3/6 4379/3/6 4380/3/6 4358/3/6
f 4358/3/6 4380/3/6 4381/3/6 4359/3/6
f 4359/4/6 4381/4/6 4382/4/6 4360/4/6
f 4360/4/6 4382/4/6 4383/4/6 4361/4/6
f 4361/4/6 4383/4/6 4384/4/6 4362/4/6
f 4362/4/6 4384/4/6 4385/4/6 4363/4/6
f 4363/4/6 4385/4/6 4386/4/6 4364/4/6
f 4364/4/6 4386/4/6 4387/4/6 4365/4/6
f 4365/3/6 4387/3/6 4388/3/6 4366/3/6
f 4366/3/6 4388/3/6 4389/3/6 4367/3/6
f 4368/3/6 4390/3/6 4391/3/6 4369/3/6
f 4369/3/6 4391/3/6 4392/3/6 4370/3/6
f 4370/3/6 4392/3/6 4393/3/6 4371/3/6
f 4097/4/3 4371/4/3 4394/4/3 4395/4/3
f 4097/4/5 4395/4/5 4114/4/5 4103/4/5
f 4396/4/2 4397/4/2 4398/4/2 4399/4/2
f 4395/4/3 4394/4/3 4397/4/3 4396/4/3
f 4395/4/5 4396/4/5 4399/4/5 4114/4/5
f 4400/4/2 4401/4/2 4402/4/2 4403/4/2
f 4404/4/1 4405/4/1 4406/4/1 4407/4/1
f 4404/4/3 4407/4/3 4401/4/3 4400/4/3
f 4405/4/4 4403/4/4 4402/4/4 4406/4/4
f 4404/4/5 4400/4/5 4403/4/5 4405/4/5
f 4099/1/1 4105/1/1 4408/1/1 4372/1/1
f 4374/2/2 4373/2/2 4409/2/2 4120/2/2
f 4107/2/4 4120/2/4 4409/2/4 4410/2/4
f 4411/2/6 4410/2/6 4409/2/6 4373/2/6
f 4106/2/5 4374/2/5 4120/2/5 4107/2/5
f 4110/3/1 4109/3/1 4412/3/1 4376/3/1
f 4380/4/6 4413/4/6 4414/4/6 4381/4/6
f 4381/4/6 4414/4/6 4415/4/6 4382/4/6
f 4382/4/6 4415/4/6 4416/4/6 4383/4/6
f 4383/4/6 4416/4/6 4417/4/6 4384/4/6
f 4384/4/6 4417/4/6 4418/4/6 4385/4/6
f 4385/4/6 4418/4/6 4419/4/6 4386/4/6
f 4386/3/6 4419/3/6 4420/3/6 4387/3/6
f 4387/3/6 4420/3/6 4421/3/6 4388/3/6
f 4388/3/6 4421/3/6 4422/3/6 4389/3/6
f 4390/3/6 4423/3/6 4424/3/6 4391/3/6
f 4391/3/6 4424/3/6 4425/3/6 4392/3/6
f 4117/4/4 4115/4/4 4426/4/4 4427/4/4
f 4399/3/2 4398/3/2 4428/3/2 4429/3/2
f 4115/3/4 4429/3/4 4428/3/4 4426/3/4
f 4114/3/5 4399/3/5 4429/3/5 4115/3/5
f 4105/2/1 4118/2/1 4430/2/1 4408/2/1
f 4107/2/2 4410/2/2 4431/2/2 4122/2/2
f 4108/3/1 4123/3/1 4432/3/1 4433/3/1
f 4108/3/3 4433/3/3 4412/3/3 4109/3/3
f 4433/3/6 4432/3/6 4434/3/6 4412/3/6
f 4412/3/6 4434/3/6 4435/3/6 4436/3/6
f 4436/3/6 4435/3/6 4437/3/6 4438/3/6
f 4438/3/6 4437/3/6 4439/3/6 4440/3/6
f 4440/3/6 4439/3/6 4441/3/6 4413/3/6
f 4413/3/6 4441/3/6 4442/3/6 4414/3/6
f 4414/4/6 4442/4/6 4443/4/6 4415/4/6
f 4415/4/6 4443/4/6 4444/4/6 4416/4/6
f 4416/4/6 4444/4/6 4445/4/6 4417/4/6
f 4417/4/6 4445/4/6 4446/4/6 4418/4/6
f 4418/4/6 4446/4/6 4447/4/6 4419/4/6
f 4419/4/6 4447/4/6 4448/4/6 4420/4/6
f 4420/4/6 4448/4/6 4449/4/6 4421/4/6
f 4421/3/6 4449/3/6 4450/3/6 4422/3/6
f 4422/3/6 4450/3/6 4451/3/6 4423/3/6
f 4423/3/6 4451/3/6 4452/3/6 4424/3/6
f 4117/4/2 4427/4/2 4453/4/2 4125/4/2
f 4118/2/1 4127/2/1 4454/2/1 4430/2/1
f 4121/1/2 4455/1/2 4456/1/2 4128/1/2
f 4122/1/3 4431/1/3 4455/1/3 4121/1/3
f 4123/3/1 4129/3/1 4457/3/1 4432/3/1
f 4432/3/6 4457/3/6 4458/3/6 4434/3/6
f 4434/4/6 4458/4/6 4459/4/6 4435/4/6
f 4435/4/6 4459/4/6 4460/4/6 4437/4/6
f 4437/3/6 4460/3/6 4461/3/6 4439/3/6
f 4439/3/6 4461/3/6 4462/3/6 4441/3/6
f 4441/4/6 4462/4/6 4463/4/6 4442/4/6
f 4442/4/6 4463/4/6 4464/4/6 4443/4/6
f 4443/4/6 4464/4/6 4465/4/6 4444/4/6
f 4444/4/6 4465/4/6 4466/4/6 4445/4/6
f 4445/4/6 4466/4/6 4467/4/6 4446/4/6
f 4446/4/6 4467/4/6 4468/4/6 4447/4/6
f 4447/4/6 4468/4/6 4469/4/6 4448/4/6
f 4448/4/6 4469/4/6 4470/4/6 4449/4/6
f 4449/4/6 4470/4/6 4471/4/6 4450/4/6
f 4450/3/6 4471/3/6 4472/3/6 4451/3/6
f 4451/3/6 4472/3/6 4473/3/6 4452/3/6
f 4125/4/2 4453/4/2 4474/4/2 4130/4/2
f 4134/4/4 4130/4/4 4474/4/4 4475/4/4
f 4127/1/1 4131/1/1 4476/1/1 4454/1/1
f 4128/1/2 4456/1/2 4477/1/2 4132/1/2
f 4129/3/1 4133/3/1 4478/3/1 4457/3/1
f 4146/3/4 4147/3/4 4479/3/4 4480/3/4
f 4460/3/6 4480/3/6 4479/3/6 4461/3/6
f 4147/3/4 4149/3/4 4481/3/4 4479/3/4
f 4461/3/6 4479/3/6 4481/3/6 4462/3/6
f 4149/3/4 4151/3/4 4482/3/4 4481/3/4
f 4462/3/6 4481/3/6 4482/3/6 4463/3/6
f 4151/4/4 4153/4/4 4483/4/4 4482/4/4
f 4463/4/6 4482/4/6 4483/4/6 4464/4/6
f 4153/4/4 4155/4/4 4484/4/4 4483/4/4
f 4464/4/6 4483/4/6 4484/4/6 4465/4/6
f 4155/4/4 4157/4/4 4485/4/4 4484/4/4
f 4465/4/6 4484/4/6 4485/4/6 4466/4/6
f 4157/4/4 4159/4/4 4486/4/4 4485/4/4
f 4466/4/6 4485/4/6 4486/4/6 4467/4/6
f 4159/4/4 4161/4/4 4487/4/4 4486/4/4
f 4467/4/6 4486/4/6 4487/4/6 4468/4/6
f 4161/4/4 4163/4/4 4488/4/4 4487/4/4
f 4468/4/6 4487/4/6 4488/4/6 4469/4/6
f 4163/4/4 4165/4/4 4489/4/4 4488/4/4
f 4469/4/6 4488/4/6 4489/4/6 4470/4/6
f 4165/4/4 4167/4/4 4490/4/4 4489/4/4
f 4470/4/6 4489/4/6 4490/4/6 4471/4/6
f 4167/4/4 4169/4/4 4491/4/4 4490/4/4
f 4471/4/6 4490/4/6 4491/4/6 4472/4/6
f 4169/4/4 4171/4/4 4492/4/4 4491/4/4
f 4472/4/6 4491/4/6 4492/4/6 4473/4/6
f 4134/3/2 4475/3/2 4493/3/2 4135/3/2
f 4171/3/4 4135/3/4 4493/3/4 4492/3/4
f 4473/3/6 4492/3/6 4493/3/6 4475/3/6
f 4131/2/1 4139/2/1 4494/2/1 4476/2/1
f 4132/1/2 4477/1/2 4495/1/2 4140/1/2
f 4133/3/1 4141/3/1 4496/3/1 4478/3/1
f 4478/3/6 4496/3/6 4497/3/6 4498/3/6
f 4498/3/6 4497/3/6 4499/3/6 4500/3/6
f 4146/4/2 4480/4/2 4501/4/2 4144/4/2
f 4143/4/4 4144/4/4 4501/4/4 4499/4/4
f 4500/4/6 4499/4/6 4501/4/6 4480/4/6
f 4136/3/1 4173/3/1 4502/3/1 4503/3/1
f 4136/3/3 4503/3/3 4504/3/3 4138/3/3
f 4173/3/4 4174/3/4 4505/3/4 4502/3/4
f 4503/3/6 4502/3/6 4505/3/6 4504/3/6
f 4506/4/2 4507/4/2 4508/4/2 4509/4/2
f 4138/4/3 4504/4/3 4507/4/3 4506/4/3
f 4504/4/6 4505/4/6 4508/4/6 4507/4/6
f 4138/4/5 4506/4/5 4509/4/5 4174/4/5
f 4139/1/1 4175/1/1 4510/1/1 4494/1/1
f 4140/1/2 4495/1/2 4511/1/2 4176/1/2
f 4512/1/6 4513/1/6 4511/1/6 4495/1/6
f 4141/3/1 4514/3/1 4515/3/1 4496/3/1
f 4496/3/6 4515/3/6 4516/3/6 4497/3/6
f 4141/3/5 4142/3/5 4517/3/5 4514/3/5
f 4143/4/2 4499/4/2 4518/4/2 4519/4/2
f 4517/4/4 4519/4/4 4518/4/4 4516/4/4
f 4497/4/6 4516/4/6 4518/4/6 4499/4/6
f 4142/4/5 4143/4/5 4519/4/5 4517/4/5
f 4509/3/2 4508/3/2 4520/3/2 4521/3/2
f 4174/3/1 4522/3/1 4523/3/1 4505/3/1
f 4522/3/4 4521/3/4 4520/3/4 4523/3/4
f 4174/3/5 4509/3/5 4521/3/5 4522/3/5
f 4175/2/1 4177/2/1 4524/2/1 4510/2/1
f 4176/1/2 4511/1/2 4525/1/2 4178/1/2
f 4517/4/2 4516/4/2 4526/4/2 4527/4/2
f 4514/4/1 4528/4/1 4529/4/1 4515/4/1
f 4528/4/4 4527/4/4 4526/4/4 4529/4/4
f 4515/4/6 4529/4/6 4526/4/6 4516/4/6
f 4514/4/5 4517/4/5 4527/4/5 4528/4/5
f 4181/2/1 4180/2/1 4530/2/1 4531/2/1
f 4181/2/3 4531/2/3 4524/2/3 4177/2/3
f 4180/2/4 4182/2/4 4532/2/4 4530/2/4
f 4531/2/6 4530/2/6 4532/2/6 4524/2/6
f 4178/1/2 4525/1/2 4533/1/2 4185/1/2
f 4182/1/1 4193/1/1 4534/1/1 4532/1/1
f 4184/2/5 4183/2/5 4198/2/5 4194/2/5
f 4185/2/2 4533/2/2 4535/2/2 4536/2/2
f 4183/2/5 4185/2/5 4536/2/5 4198/2/5
f 4196/1/1 4195/1/1 4537/1/1 4538/1/1
f 4196/1/3 4538/1/3 4534/1/3 4193/1/3
f 4538/1/6 4537/1/6 4539/1/6 4534/1/6
f 4536/1/2 4535/1/2 4540/1/2 4541/1/2
f 4199/1/4 4541/1/4 4540/1/4 4542/1/4
f 4543/1/6 4542/1/6 4540/1/6 4535/1/6
f 4198/1/5 4536/1/5 4541/1/5 4199/1/5
f 4544/2/1 4205/2/1 4545/2/1 4546/2/1
f 4544/2/3 4546/2/3 4537/2/3 4195/2/3
f 4205/2/4 4206/2/4 4547/2/4 4545/2/4
f 4546/2/6 4545/2/6 4547/2/6 4537/2/6
f 4544/2/5 4195/2/5 4206/2/5 4205/2/5
f 4206/2/4 4200/2/4 4548/2/4 4547/2/4
f 4537/2/6 4547/2/6 4548/2/6 4539/2/6
f 4195/2/5 4197/2/5 4200/2/5 4206/2/5
f 4199/2/2 4542/2/2 4549/2/2 4201/2/2
f 4200/2/1 4210/2/1 4550/2/1 4548/2/1
f 4201/1/2 4549/1/2 4551/1/2 4211/1/2
f 4216/1/4 4211/1/4 4551/1/4 4552/1/4
f 4210/2/1 4213/2/1 4553/2/1 4550/2/1
f 4216/2/2 4552/2/2 4554/2/2 4215/2/2
f 4213/2/1 4224/2/1 4555/2/1 4553/2/1
f 4224/2/4 4229/2/4 4556/2/4 4555/2/4
f 4215/2/2 4554/2/2 4557/2/2 4225/2/2
f 4232/2/4 4225/2/4 4557/2/4 4558/2/4
f 4232/2/2 4558/2/2 4559/2/2 4230/2/2
f 4229/2/1 4228/2/1 4560/2/1 4556/2/1
f 4230/2/2 4559/2/2 4561/2/2 4562/2/2
f 4228/2/1 4563/2/1 4564/2/1 4560/2/1
f 4563/2/4 4562/2/4 4561/2/4 4564/2/4
f 4560/2/6 4564/2/6 4561/2/6 4559/2/6
f 4228/2/5 4230/2/5 4562/2/5 4563/2/5
f 4233/2/1 4239/2/1 4565/2/1 4566/2/1
f 4233/2/3 4566/2/3 4567/2/3 4236/2/3
f 4238/1/2 4568/1/2 4569/1/2 4240/1/2
f 4236/1/3 4567/1/3 4568/1/3 4238/1/3
f 4242/2/1 4241/2/1 4570/2/1 4571/2/1
f 4242/2/3 4571/2/3 4565/2/3 4239/2/3
f 4241/2/4 4243/2/4 4572/2/4 4570/2/4
f 4571/2/6 4570/2/6 4572/2/6 4565/2/6
f 4244/1/4 4245/1/4 4573/1/4 4574/1/4
f 4575/1/6 4574/1/6 4573/1/6 4569/1/6
f 4576/2/2 4577/2/2 4578/2/2 4579/2/2
f 4240/2/3 4569/2/3 4577/2/3 4576/2/3
f 4569/2/6 4573/2/6 4578/2/6 4577/2/6
f 4240/2/5 4576/2/5 4579/2/5 4245/2/5
f 4244/1/2 4574/1/2 4580/1/2 4581/1/2
f 4243/1/1 4582/1/1 4583/1/1 4572/1/1
f 4243/1/5 4244/1/5 4581/1/5 4582/1/5
f 4579/1/2 4578/1/2 4584/1/2 4585/1/2
f 4245/1/1 4586/1/1 4587/1/1 4573/1/1
f 4586/1/4 4585/1/4 4584/1/4 4587/1/4
f 4573/1/6 4587/1/6 4584/1/6 4578/1/6
f 4245/1/5 4579/1/5 4585/1/5 4586/1/5
f 4581/1/2 4580/1/2 4588/1/2 4260/1/2
f 4582/1/1 4259/1/1 4589/1/1 4583/1/1
f 4582/1/5 4581/1/5 4260/1/5 4259/1/5
f 4257/1/1 4590/1/1 4591/1/1 4592/1/1
f 4257/1/3 4592/1/3 4589/1/3 4259/1/3
f 4590/1/4 4258/1/4 4593/1/4 4591/1/4
f 4257/1/5 4259/1/5 4258/1/5 4590/1/5
f 4260/2/3 4588/2/3 4594/2/3 4261/2/3
f 4595/1/2 4596/1/2 4597/1/2 4264/1/2
f 4261/1/3 4594/1/3 4596/1/3 4595/1/3
f 4262/1/4 4264/1/4 4597/1/4 4598/1/4
f 4261/1/5 4595/1/5 4264/1/5 4262/1/5
f 4258/1/1 4263/1/1 4599/1/1 4593/1/1
f 4262/2/2 4598/2/2 4600/2/2 4266/2/2
f 4269/3/1 4270/3/1 4601/3/1 4602/3/1
f 4269/3/3 4602/3/3 4603/3/3 4272/3/3
f 4270/3/4 4273/3/4 4604/3/4 4601/3/4
f 4602/3/6 4601/3/6 4604/3/6 4603/3/6
f 4605/4/2 4606/4/2 4607/4/2 4608/4/2
f 4272/4/3 4603/4/3 4606/4/3 4605/4/3
f 4273/4/4 4608/4/4 4607/4/4 4604/4/4
f 4272/4/5 4605/4/5 4608/4/5 4273/4/5
f 4263/1/1 4277/1/1 4609/1/1 4599/1/1
f 4266/1/2 4600/1/2 4610/1/2 4279/1/2
f 4611/1/2 4612/1/2 4613/1/2 4614/1/2
f 4615/1/1 4616/1/1 4617/1/1 4618/1/1
f 4615/1/3 4618/1/3 4612/1/3 4611/1/3
f 4616/1/4 4614/1/4 4613/1/4 4617/1/4
f 4615/1/5 4611/1/5 4614/1/5 4616/1/5
f 4277/1/1 4281/1/1 4619/1/1 4609/1/1
f 4279/1/2 4610/1/2 4620/1/2 4283/1/2
f 4281/2/1 4284/2/1 4621/2/1 4619/2/1
f 4282/1/2 4622/1/2 4623/1/2 4285/1/2
f 4283/1/3 4620/1/3 4622/1/3 4282/1/3
f 4624/3/2 4625/3/2 4626/3/2 4295/3/2
f 4627/3/1 4292/3/1 4628/3/1 4629/3/1
f 4627/3/3 4629/3/3 4625/3/3 4624/3/3
f 4627/3/5 4624/3/5 4295/3/5 4292/3/5
f 4284/1/1 4286/1/1 4630/1/1 4621/1/1
f 4287/1/2 4631/1/2 4632/1/2 4288/1/2
f 4285/1/3 4623/1/3 4631/1/3 4287/1/3
f 4295/4/2 4626/4/2 4633/4/2 4296/4/2
f 4292/4/1 4293/4/1 4634/4/1 4628/4/1
f 4293/4/4 4296/4/4 4633/4/4 4634/4/4
f 4628/4/6 4634/4/6 4633/4/6 4626/4/6
f 4286/1/1 4298/1/1 4635/1/1 4630/1/1
f 4288/2/2 4632/2/2 4636/2/2 4345/2/2
f 4289/2/5 4288/2/5 4345/2/5 4299/2/5
f 4301/3/1 4300/3/1 4637/3/1 4638/3/1
f 4301/3/3 4638/3/3 4639/3/3 4302/3/3
f 4300/3/4 4353/3/4 4640/3/4 4637/3/4
f 4302/3/3 4639/3/3 4641/3/3 4303/3/3
f 4353/3/4 4355/3/4 4642/3/4 4640/3/4
f 4304/4/2 4643/4/2 4644/4/2 4306/4/2
f 4303/4/3 4641/4/3 4643/4/3 4304/4/3
f 4355/4/4 4306/4/4 4644/4/4 4642/4/4
f 4641/4/6 4642/4/6 4644/4/6 4643/4/6
f 4337/4/2 4645/4/2 4646/4/2 4338/4/2
f 4343/4/1 4342/4/1 4647/4/1 4648/4/1
f 4343/4/3 4648/4/3 4645/4/3 4337/4/3
f 4298/1/1 4344/1/1 4649/1/1 4635/1/1
f 4348/1/2 4650/1/2 4651/1/2 4349/1/2
f 4345/1/3 4636/1/3 4650/1/3 4348/1/3
f 4652/4/1 4407/4/1 4653/4/1 4654/4/1
f 4652/4/3 4654/4/3 4647/4/3 4342/4/3
f 4652/4/5 4342/4/5 4401/4/5 4407/4/5
f 4338/4/2 4646/4/2 4655/4/2 4656/4/2
f 4401/4/4 4656/4/4 4655/4/4 4657/4/4
f 4342/4/5 4338/4/5 4656/4/5 4401/4/5
f 4344/1/1 4372/1/1 4658/1/1 4649/1/1
f 4349/2/2 4651/2/2 4659/2/2 4373/2/2
f 4411/2/4 4373/2/4 4659/2/4 4660/2/4
f 4368/4/2 4661/4/2 4662/4/2 4390/4/2
f 4367/4/1 4389/4/1 4663/4/1 4664/4/1
f 4367/4/3 4664/4/3 4661/4/3 4368/4/3
f 4371/3/1 4393/3/1 4665/3/1 4666/3/1
f 4371/3/3 4666/3/3 4667/3/3 4394/3/3
f 4666/3/6 4665/3/6 4668/3/6 4667/3/6
f 4394/4/3 4667/4/3 4669/4/3 4397/4/3
f 4397/4/3 4669/4/3 4653/4/3 4407/4/3
f 4398/4/4 4406/4/4 4670/4/4 4671/4/4
f 4397/4/5 4407/4/5 4406/4/5 4398/4/5
f 4401/4/2 4657/4/2 4672/4/2 4402/4/2
f 4406/4/4 4402/4/4 4672/4/4 4670/4/4
f 4372/2/1 4408/2/1 4673/2/1 4658/2/1
f 4411/2/2 4660/2/2 4674/2/2 4410/2/2
f 4375/3/1 4433/3/1 4675/3/1 4676/3/1
f 4375/3/3 4676/3/3 4677/3/3 4376/3/3
f 4433/3/4 4412/3/4 4678/3/4 4675/3/4
f 4375/3/5 4376/3/5 4412/3/5 4433/3/5
f 4376/4/3 4677/4/3 4679/4/3 4377/4/3
f 4412/4/4 4436/4/4 4680/4/4 4678/4/4
f 4377/3/3 4679/3/3 4681/3/3 4378/3/3
f 4436/3/4 4438/3/4 4682/3/4 4680/3/4
f 4378/4/3 4681/4/3 4683/4/3 4379/4/3
f 4438/4/4 4440/4/4 4684/4/4 4682/4/4
f 4380/4/2 4685/4/2 4686/4/2 4413/4/2
f 4379/4/3 4683/4/3 4685/4/3 4380/4/3
f 4440/4/4 4413/4/4 4686/4/4 4684/4/4
f 4683/4/6 4684/4/6 4686/4/6 4685/4/6
f 4390/4/2 4662/4/2 4687/4/2 4423/4/2
f 4389/4/1 4422/4/1 4688/4/1 4663/4/1
f 4422/4/4 4423/4/4 4687/4/4 4688/4/4
f 4392/3/1 4425/3/1 4689/3/1 4690/3/1
f 4392/3/3 4690/3/3 4665/3/3 4393/3/3
f 4690/3/6 4689/3/6 4691/3/6 4665/3/6
f 4427/4/4 4426/4/4 4692/4/4 4691/4/4
f 4665/4/6 4691/4/6 4692/4/6 4668/4/6
f 4398/3/2 4671/3/2 4693/3/2 4428/3/2
f 4426/3/4 4428/3/4 4693/3/4 4692/3/4
f 4694/1/1 4695/1/1 4696/1/1 4697/1/1
f 4694/1/3 4697/1/3 4673/1/3 4408/1/3
f 4695/1/4 4430/1/4 4698/1/4 4696/1/4
f 4697/1/6 4696/1/6 4698/1/6 4673/1/6
f 4694/1/5 4408/1/5 4430/1/5 4695/1/5
f 4410/2/2 4674/2/2 4699/2/2 4431/2/2
f 4700/2/6 4701/2/6 4699/2/6 4674/2/6
f 4424/3/1 4452/3/1 4702/3/1 4703/3/1
f 4424/3/3 4703/3/3 4689/3/3 4425/3/3
f 4703/3/6 4702/3/6 4704/3/6 4689/3/6
f 4427/3/2 4691/3/2 4705/3/2 4453/3/2
f 4689/3/6 4704/3/6 4705/3/6 4691/3/6
f 4430/1/1 4454/1/1 4706/1/1 4698/1/1
f 4707/2/6 4708/2/6 4709/2/6 4701/2/6
f 4701/2/6 4709/2/6 4710/2/6 4699/2/6
f 4455/1/2 4711/1/2 4712/1/2 4456/1/2
f 4431/1/3 4699/1/3 4711/1/3 4455/1/3
f 4699/1/6 4710/1/6 4712/1/6 4711/1/6
f 4452/3/1 4473/3/1 4713/3/1 4702/3/1
f 4473/3/4 4475/3/4 4714/3/4 4713/3/4
f 4702/3/6 4713/3/6 4714/3/6 4704/3/6
f 4453/3/2 4705/3/2 4715/3/2 4474/3/2
f 4475/3/4 4474/3/4 4715/3/4 4714/3/4
f 4704/3/6 4714/3/6 4715/3/6 4705/3/6
f 4454/1/1 4476/1/1 4716/1/1 4706/1/1
f 4456/2/2 4712/2/2 4717/2/2 4477/2/2
f 4710/2/6 4718/2/6 4717/2/6 4712/2/6
f 4457/3/1 4478/3/1 4719/3/1 4720/3/1
f 4457/3/3 4720/3/3 4721/3/3 4458/3/3
f 4478/3/4 4498/3/4 4722/3/4 4719/3/4
f 4458/3/3 4721/3/3 4723/3/3 4459/3/3
f 4498/3/4 4500/3/4 4724/3/4 4722/3/4
f 4460/4/2 4725/4/2 4726/4/2 4480/4/2
f 4459/4/3 4723/4/3 4725/4/3 4460/4/3
f 4500/4/4 4480/4/4 4726/4/4 4724/4/4
f 4723/4/6 4724/4/6 4726/4/6 4725/4/6
f 4476/2/1 4494/2/1 4727/2/1 4716/2/1
f 4477/2/2 4717/2/2 4728/2/2 4495/2/2
f 4512/2/4 4495/2/4 4728/2/4 4729/2/4
f 4718/2/6 4729/2/6 4728/2/6 4717/2/6
f 4494/2/1 4510/2/1 4730/2/1 4727/2/1
f 4512/2/2 4729/2/2 4731/2/2 4513/2/2
f 4505/3/1 4523/3/1 4732/3/1 4733/3/1
f 4505/3/3 4733/3/3 4734/3/3 4508/3/3
f 4523/3/4 4520/3/4 4735/3/4 4732/3/4
f 4733/3/6 4732/3/6 4735/3/6 4734/3/6
f 4736/4/2 4737/4/2 4738/4/2 4739/4/2
f 4508/4/3 4734/4/3 4737/4/3 4736/4/3
f 4734/4/6 4735/4/6 4738/4/6 4737/4/6
f 4508/4/5 4736/4/5 4739/4/5 4520/4/5
f 4740/4/2 4741/4/2 4742/4/2 4743/4/2
f 4744/4/1 4745/4/1 4746/4/1 4747/4/1
f 4744/4/3 4747/4/3 4741/4/3 4740/4/3
f 4745/4/4 4743/4/4 4742/4/4 4746/4/4
f 4744/4/5 4740/4/5 4743/4/5 4745/4/5
f 4510/2/1 4524/2/1 4748/2/1 4730/2/1
f 4511/2/2 4749/2/2 4750/2/2 4525/2/2
f 4513/2/3 4731/2/3 4749/2/3 4511/2/3
f 4520/3/1 4751/3/1 4752/3/1 4735/3/1
f 4751/3/4 4753/3/4 4754/3/4 4752/3/4
f 4520/3/5 4739/3/5 4753/3/5 4751/3/5
f 4755/4/2 4756/4/2 4757/4/2 4758/4/2
f 4739/4/3 4738/4/3 4756/4/3 4755/4/3
f 4753/4/4 4758/4/4 4757/4/4 4754/4/4
f 4739/4/5 4755/4/5 4758/4/5 4753/4/5
f 4524/2/1 4532/2/1 4759/2/1 4748/2/1
f 4525/2/2 4750/2/2 4760/2/2 4533/2/2
f 4532/2/1 4534/2/1 4761/2/1 4759/2/1
f 4533/2/2 4760/2/2 4762/2/2 4535/2/2
f 4543/2/4 4535/2/4 4762/2/4 4763/2/4
f 4534/1/1 4539/1/1 4764/1/1 4761/1/1
f 4543/1/2 4763/1/2 4765/1/2 4542/1/2
f 4539/2/1 4548/2/1 4766/2/1 4764/2/1
f 4542/1/2 4765/1/2 4767/1/2 4549/1/2
f 4768/1/6 4769/1/6 4767/1/6 4765/1/6
f 4547/2/1 4770/2/1 4771/2/1 4772/2/1
f 4547/2/3 4772/2/3 4766/2/3 4548/2/3
f 4547/2/5 4548/2/5 4550/2/5 4770/2/5
f 4549/1/2 4767/1/2 4773/1/2 4551/1/2
f 4552/1/4 4551/1/4 4773/1/4 4774/1/4
f 4769/1/6 4774/1/6 4773/1/6 4767/1/6
f 4775/3/1 4776/3/1 4777/3/1 4778/3/1
f 4775/3/3 4778/3/3 4771/3/3 4770/3/3
f 4776/3/4 4779/3/4 4780/3/4 4777/3/4
f 4778/3/6 4777/3/6 4780/3/6 4771/3/6
f 4775/3/5 4770/3/5 4779/3/5 4776/3/5
f 4779/1/4 4553/1/4 4781/1/4 4780/1/4
f 4771/1/6 4780/1/6 4781/1/6 4782/1/6
f 4770/1/5 4550/1/5 4553/1/5 4779/1/5
f 4552/1/2 4774/1/2 4783/1/2 4554/1/2
f 4553/2/1 4555/2/1 4784/2/1 4781/2/1
f 4554/2/2 4783/2/2 4785/2/2 4557/2/2
f 4558/2/4 4557/2/4 4785/2/4 4786/2/4
f 4787/2/6 4786/2/6 4785/2/6 4783/2/6
f 4555/2/1 4788/2/1 4789/2/1 4784/2/1
f 4788/2/4 4560/2/4 4790/2/4 4789/2/4
f 4555/2/5 4556/2/5 4560/2/5 4788/2/5
f 4558/2/2 4786/2/2 4791/2/2 4559/2/2
f 4560/2/4 4559/2/4 4791/2/4 4790/2/4
f 4566/1/1 4565/1/1 4792/1/1 4793/1/1
f 4566/1/3 4793/1/3 4794/1/3 4567/1/3
f 4568/2/2 4795/2/2 4796/2/2 4569/2/2
f 4567/2/3 4794/2/3 4795/2/3 4568/2/3
f 4575/2/4 4569/2/4 4796/2/4 4797/2/4
f 4794/2/6 4797/2/6 4796/2/6 4795/2/6
f 4575/2/2 4797/2/2 4798/2/2 4574/2/2
f 4565/2/1 4572/2/1 4799/2/1 4792/2/1
f 4572/2/1 4583/2/1 4800/2/1 4799/2/1
f 4573/2/2 4801/2/2 4802/2/2 4587/2/2
f 4574/2/3 4798/2/3 4801/2/3 4573/2/3
f 4574/2/5 4573/2/5 4587/2/5 4580/2/5
f 4583/2/1 4589/2/1 4803/2/1 4800/2/1
f 4587/1/2 4802/1/2 4804/1/2 4594/1/2
f 4805/1/6 4806/1/6 4804/1/6 4802/1/6
f 4580/1/5 4587/1/5 4594/1/5 4588/1/5
f 4592/1/1 4591/1/1 4807/1/1 4808/1/1
f 4592/1/3 4808/1/3 4803/1/3 4589/1/3
f 4591/1/4 4593/1/4 4809/1/4 4807/1/4
f 4806/2/6 4810/2/6 4811/2/6 4804/2/6
f 4596/1/2 4812/1/2 4813/1/2 4597/1/2
f 4594/1/3 4804/1/3 4812/1/3 4596/1/3
f 4598/1/4 4597/1/4 4813/1/4 4811/1/4
f 4804/1/6 4811/1/6 4813/1/6 4812/1/6
f 4593/1/1 4599/1/1 4814/1/1 4809/1/1
f 4598/2/2 4811/2/2 4815/2/2 4600/2/2
f 4603/3/1 4604/3/1 4816/3/1 4817/3/1
f 4603/3/3 4817/3/3 4818/3/3 4606/3/3
f 4604/3/4 4607/3/4 4819/3/4 4816/3/4
f 4817/3/6 4816/3/6 4819/3/6 4818/3/6
f 4820/4/2 4821/4/2 4822/4/2 4823/4/2
f 4606/4/3 4818/4/3 4821/4/3 4820/4/3
f 4606/4/5 4820/4/5 4823/4/5 4607/4/5
f 4599/4/1 4609/4/1 4824/4/1 4814/4/1
f 4600/4/2 4815/4/2 4825/4/2 4610/4/2
f 4826/1/1 4827/1/1 4828/1/1 4829/1/1
f 4826/1/3 4829/1/3 4830/1/3 4618/1/3
f 4829/1/6 4828/1/6 4831/1/6 4830/1/6
f 4826/1/5 4618/1/5 4617/1/5 4827/1/5
f 4612/1/2 4832/1/2 4833/1/2 4613/1/2
f 4618/1/3 4830/1/3 4832/1/3 4612/1/3
f 4607/4/1 4834/4/1 4835/4/1 4819/4/1
f 4819/4/6 4835/4/6 4836/4/6 4822/4/6
f 4607/4/5 4823/4/5 4837/4/5 4834/4/5
f 4823/4/3 4822/4/3 4824/4/3 4609/4/3
f 4837/4/4 4619/4/4 4838/4/4 4836/4/4
f 4822/4/6 4836/4/6 4838/4/6 4824/4/6
f 4823/4/5 4609/4/5 4619/4/5 4837/4/5
f 4610/1/3 4825/1/3 4828/1/3 4827/1/3
f 4825/1/6 4839/1/6 4840/1/6 4828/1/6
f 4610/1/5 4827/1/5 4622/1/5 4620/1/5
f 4828/2/6 4840/2/6 4841/2/6 4831/2/6
f 4827/2/5 4617/2/5 4842/2/5 4622/2/5
f 4613/2/2 4833/2/2 4843/2/2 4844/2/2
f 4617/2/5 4613/2/5 4844/2/5 4842/2/5
f 4845/4/2 4846/4/2 4847/4/2 4848/4/2
f 4849/4/1 4625/4/1 4850/4/1 4851/4/1
f 4849/4/3 4851/4/3 4846/4/3 4845/4/3
f 4849/4/5 4845/4/5 4848/4/5 4625/4/5
f 4852/4/1 4853/4/1 4854/4/1 4855/4/1
f 4852/4/3 4855/4/3 4835/4/3 4834/4/3
f 4855/4/6 4854/4/6 4856/4/6 4835/4/6
f 4852/4/5 4834/4/5 4857/4/5 4853/4/5
f 4837/4/2 4836/4/2 4858/4/2 4859/4/2
f 4857/4/4 4859/4/4 4858/4/4 4856/4/4
f 4835/4/6 4856/4/6 4858/4/6 4836/4/6
f 4834/4/5 4837/4/5 4859/4/5 4857/4/5
f 4619/1/1 4621/1/1 4860/1/1 4838/1/1
f 4622/1/5 4842/1/5 4631/1/5 4623/1/5
f 4844/2/2 4843/2/2 4861/2/2 4862/2/2
f 4631/2/4 4862/2/4 4861/2/4 4863/2/4
f 4842/2/5 4844/2/5 4862/2/5 4631/2/5
f 4629/3/1 4628/3/1 4864/3/1 4865/3/1
f 4629/3/3 4865/3/3 4850/3/3 4625/3/3
f 4628/3/4 4626/3/4 4866/3/4 4864/3/4
f 4865/3/6 4864/3/6 4866/3/6 4850/3/6
f 4848/4/2 4847/4/2 4867/4/2 4868/4/2
f 4626/4/4 4868/4/4 4867/4/4 4866/4/4
f 4850/4/6 4866/4/6 4867/4/6 4847/4/6
f 4625/4/5 4848/4/5 4868/4/5 4626/4/5
f 4869/4/1 4870/4/1 4871/4/1 4872/4/1
f 4869/4/3 4872/4/3 4854/4/3 4853/4/3
f 4872/4/6 4871/4/6 4873/4/6 4854/4/6
f 4869/4/5 4853/4/5 4874/4/5 4870/4/5
f 4857/3/2 4856/3/2 4875/3/2 4876/3/2
f 4874/3/4 4876/3/4 4875/3/4 4873/3/4
f 4854/3/6 4873/3/6 4875/3/6 4856/3/6
f 4853/3/5 4857/3/5 4876/3/5 4874/3/5
f 4621/1/1 4630/1/1 4877/1/1 4860/1/1
f 4631/1/2 4863/1/2 4878/1/2 4632/1/2
f 4868/4/1 4648/4/1 4879/4/1 4867/4/1
f 4868/4/3 4867/4/3 4871/4/3 4870/4/3
f 4867/4/6 4879/4/6 4880/4/6 4871/4/6
f 4868/4/5 4870/4/5 4645/4/5 4648/4/5
f 4874/3/2 4873/3/2 4881/3/2 4882/3/2
f 4645/3/4 4882/3/4 4881/3/4 4880/3/4
f 4871/3/6 4880/3/6 4881/3/6 4873/3/6
f 4870/3/5 4874/3/5 4882/3/5 4645/3/5
f 4630/1/1 4635/1/1 4883/1/1 4877/1/1
f 4884/1/2 4885/1/2 4886/1/2 4650/1/2
f 4632/1/3 4878/1/3 4885/1/3 4884/1/3
f 4632/1/5 4884/1/5 4650/1/5 4636/1/5
f 4638/3/1 4637/3/1 4887/3/1 4888/3/1
f 4638/3/3 4888/3/3 4889/3/3 4639/3/3
f 4637/3/4 4640/3/4 4890/3/4 4887/3/4
f 4641/4/2 4891/4/2 4892/4/2 4642/4/2
f 4639/4/3 4889/4/3 4891/4/3 4641/4/3
f 4640/4/4 4642/4/4 4892/4/4 4890/4/4
f 4889/4/6 4890/4/6 4892/4/6 4891/4/6
f 4633/3/1 4654/3/1 4893/3/1 4894/3/1
f 4633/3/3 4894/3/3 4879/3/3 4648/3/3
f 4894/3/6 4893/3/6 4895/3/6 4879/3/6
f 4633/3/5 4648/3/5 4647/3/5 4654/3/5
f 4645/3/2 4880/3/2 4896/3/2 4646/3/2
f 4879/3/6 4895/3/6 4896/3/6 4880/3/6
f 4635/1/1 4649/1/1 4897/1/1 4883/1/1
f 4650/1/2 4886/1/2 4898/1/2 4651/1/2
f 4899/4/1 4669/4/1 4900/4/1 4901/4/1
f 4899/4/3 4901/4/3 4893/4/3 4654/4/3
f 4901/4/6 4900/4/6 4902/4/6 4893/4/6
f 4899/4/5 4654/4/5 4653/4/5 4669/4/5
f 4893/3/6 4902/3/6 4903/3/6 4895/3/6
f 4895/4/6 4903/4/6 4904/4/6 4896/4/6
f 4905/4/2 4906/4/2 4907/4/2 4908/4/2
f 4646/4/3 4896/4/3 4906/4/3 4905/4/3
f 4896/4/6 4904/4/6 4907/4/6 4906/4/6
f 4646/4/5 4905/4/5 4908/4/5 4655/4/5
f 4649/1/1 4658/1/1 4909/1/1 4897/1/1
f 4651/2/2 4898/2/2 4910/2/2 4659/2/2
f 4660/2/4 4659/2/4 4910/2/4 4911/2/4
f 4912/2/6 4911/2/6 4910/2/6 4898/2/6
f 4661/4/2 4913/4/2 4914/4/2 4662/4/2
f 4664/4/1 4663/4/1 4915/4/1 4916/4/1
f 4664/4/3 4916/4/3 4913/4/3 4661/4/3
f 4667/3/1 4668/3/1 4917/3/1 4918/3/1
f 4667/3/3 4918/3/3 4900/3/3 4669/3/3
f 4918/3/6 4917/3/6 4919/3/6 4900/3/6
f 4900/3/6 4919/3/6 4920/3/6 4902/3/6
f 4670/3/4 4672/3/4 4921/3/4 4920/3/4
f 4902/3/6 4920/3/6 4921/3/6 4903/3/6
f 4903/3/6 4921/3/6 4922/3/6 4904/3/6
f 4657/3/5 4655/3/5 4923/3/5 4672/3/5
f 4908/3/2 4907/3/2 4924/3/2 4925/3/2
f 4904/3/6 4922/3/6 4924/3/6 4907/3/6
f 4655/3/5 4908/3/5 4925/3/5 4923/3/5
f 4658/2/1 4673/2/1 4926/2/1 4909/2/1
f 4660/2/2 4911/2/2 4927/2/2 4674/2/2
f 4700/2/4 4674/2/4 4927/2/4 4928/2/4
f 4676/3/1 4675/3/1 4929/3/1 4930/3/1
f 4676/3/3 4930/3/3 4931/3/3 4677/3/3
f 4675/3/4 4678/3/4 4932/3/4 4929/3/4
f 4677/4/3 4931/4/3 4933/4/3 4679/4/3
f 4678/4/4 4680/4/4 4934/4/4 4932/4/4
f 4679/4/3 4933/4/3 4935/4/3 4681/4/3
f 4680/4/4 4682/4/4 4936/4/4 4934/4/4
f 4683/4/2 4937/4/2 4938/4/2 4684/4/2
f 4681/4/3 4935/4/3 4937/4/3 4683/4/3
f 4682/4/4 4684/4/4 4938/4/4 4936/4/4
f 4935/4/6 4936/4/6 4938/4/6 4937/4/6
f 4662/4/2 4914/4/2 4939/4/2 4687/4/2
f 4663/4/1 4688/4/1 4940/4/1 4915/4/1
f 4688/4/4 4687/4/4 4939/4/4 4940/4/4
f 4668/3/1 4692/3/1 4941/3/1 4917/3/1
f 4692/3/4 4693/3/4 4942/3/4 4941/3/4
f 4917/3/6 4941/3/6 4942/3/6 4919/3/6
f 4670/4/2 4920/4/2 4943/4/2 4944/4/2
f 4693/4/4 4944/4/4 4943/4/4 4942/4/4
f 4919/4/6 4942/4/6 4943/4/6 4920/4/6
f 4671/4/5 4670/4/5 4944/4/5 4693/4/5
f 4672/3/1 4945/3/1 4946/3/1 4921/3/1
f 4921/3/6 4946/3/6 4947/3/6 4922/3/6
f 4672/3/5 4923/3/5 4948/3/5 4945/3/5
f 4925/3/2 4924/3/2 4949/3/2 4950/3/2
f 4948/3/4 4950/3/4 4949/3/4 4947/3/4
f 4922/3/6 4947/3/6 4949/3/6 4924/3/6
f 4923/3/5 4925/3/5 4950/3/5 4948/3/5
f 4673/2/1 4698/2/1 4951/2/1 4926/2/1
f 4700/2/2 4928/2/2 4952/2/2 4701/2/2
f 4707/2/4 4701/2/4 4952/2/4 4953/2/4
f 4948/3/2 4947/3/2 4954/3/2 4955/3/2
f 4945/3/1 4956/3/1 4957/3/1 4946/3/1
f 4946/3/6 4957/3/6 4954/3/6 4947/3/6
f 4945/3/5 4948/3/5 4955/3/5 4956/3/5
f 4698/2/1 4706/2/1 4958/2/1 4951/2/1
f 4707/2/2 4953/2/2 4959/2/2 4708/2/2
f 4956/3/1 4960/3/1 4961/3/1 4957/3/1
f 4960/3/4 4962/3/4 4963/3/4 4961/3/4
f 4957/3/6 4961/3/6 4963/3/6 4954/3/6
f 4956/3/5 4955/3/5 4962/3/5 4960/3/5
f 4964/3/2 4965/3/2 4966/3/2 4967/3/2
f 4955/3/3 4954/3/3 4965/3/3 4964/3/3
f 4954/3/6 4963/3/6 4966/3/6 4965/3/6
f 4955/3/5 4964/3/5 4967/3/5 4962/3/5
f 4706/2/1 4716/2/1 4968/2/1 4958/2/1
f 4708/4/3 4959/4/3 4969/4/3 4709/4/3
f 4710/2/2 4970/2/2 4971/2/2 4718/2/2
f 4709/2/3 4969/2/3 4970/2/3 4710/2/3
f 4969/2/6 4972/2/6 4971/2/6 4970/2/6
f 4720/3/1 4719/3/1 4973/3/1 4974/3/1
f 4720/3/3 4974/3/3 4975/3/3 4721/3/3
f 4719/3/4 4722/3/4 4976/3/4 4973/3/4
f 4723/4/2 4977/4/2 4978/4/2 4724/4/2
f 4721/4/3 4975/4/3 4977/4/3 4723/4/3
f 4722/4/4 4724/4/4 4978/4/4 4976/4/4
f 4975/4/6 4976/4/6 4978/4/6 4977/4/6
f 4967/3/2 4966/3/2 4979/3/2 4980/3/2
f 4962/3/1 4981/3/1 4982/3/1 4963/3/1
f 4963/3/6 4982/3/6 4979/3/6 4966/3/6
f 4962/3/5 4967/3/5 4980/3/5 4981/3/5
f 4716/4/1 4727/4/1 4983/4/1 4968/4/1
f 4718/2/2 4971/2/2 4984/2/2 4729/2/2
f 4981/3/1 4985/3/1 4986/3/1 4982/3/1
f 4985/3/4 4747/3/4 4987/3/4 4986/3/4
f 4982/3/6 4986/3/6 4987/3/6 4979/3/6
f 4981/3/5 4980/3/5 4747/3/5 4985/3/5
f 4988/4/2 4989/4/2 4990/4/2 4741/4/2
f 4980/4/3 4979/4/3 4989/4/3 4988/4/3
f 4979/4/6 4987/4/6 4990/4/6 4989/4/6
f 4980/4/5 4988/4/5 4741/4/5 4747/4/5
f 4991/4/1 4992/4/1 4993/4/1 4994/4/1
f 4991/4/3 4994/4/3 4983/4/3 4727/4/3
f 4994/4/6 4993/4/6 4995/4/6 4983/4/6
f 4991/4/5 4727/4/5 4730/4/5 4992/4/5
f 4728/1/2 4996/1/2 4997/1/2 4749/1/2
f 4729/1/3 4984/1/3 4996/1/3 4728/1/3
f 4729/1/5 4728/1/5 4749/1/5 4731/1/5
f 4747/3/1 4746/3/1 4998/3/1 4987/3/1
f 4987/3/6 4998/3/6 4999/3/6 4990/3/6
f 4741/4/3 4990/4/3 4993/4/3 4992/4/3
f 4990/4/6 4999/4/6 5000/4/6 4993/4/6
f 4741/4/5 4992/4/5 5001/4/5 4742/4/5
f 5001/4/4 4748/4/4 5002/4/4 5000/4/4
f 4993/4/6 5000/4/6 5002/4/6 4995/4/6
f 4992/4/5 4730/4/5 4748/4/5 5001/4/5
f 4749/2/2 4997/2/2 5003/2/2 4750/2/2
f 5004/2/6 5005/2/6 5003/2/6 4997/2/6
f 4735/3/1 4752/3/1 5006/3/1 5007/3/1
f 4735/3/3 5007/3/3 5008/3/3 4738/3/3
f 4752/3/4 4754/3/4 5009/3/4 5006/3/4
f 5007/3/6 5006/3/6 5009/3/6 5008/3/6
f 4756/4/2 5010/4/2 5011/4/2 4757/4/2
f 4738/4/3 5008/4/3 5010/4/3 4756/4/3
f 5008/4/6 5009/4/6 5011/4/6 5010/4/6
f 4746/3/1 5012/3/1 5013/3/1 4998/3/1
f 5012/3/4 5014/3/4 5015/3/4 5013/3/4
f 4998/3/6 5013/3/6 5015/3/6 4999/3/6
f 4746/3/5 4742/3/5 5014/3/5 5012/3/5
f 5001/4/2 5000/4/2 5016/4/2 5017/4/2
f 4999/4/6 5015/4/6 5016/4/6 5000/4/6
f 4742/4/5 5001/4/5 5017/4/5 5014/4/5
f 4748/2/1 4759/2/1 5018/2/1 5002/2/1
f 4750/2/2 5003/2/2 5019/2/2 4760/2/2
f 5005/2/6 5020/2/6 5019/2/6 5003/2/6
f 4754/4/1 5021/4/1 5022/4/1 5009/4/1
f 5021/4/4 5023/4/4 5024/4/4 5022/4/4
f 4754/4/5 4757/4/5 5023/4/5 5021/4/5
f 5025/4/2 5026/4/2 5027/4/2 5028/4/2
f 4757/4/3 5011/4/3 5026/4/3 5025/4/3
f 5023/4/4 5028/4/4 5027/4/4 5024/4/4
f 4757/4/5 5025/4/5 5028/4/5 5023/4/5
f 5017/3/2 5016/3/2 5029/3/2 5030/3/2
f 5014/3/1 5031/3/1 5032/3/1 5015/3/1
f 5015/3/6 5032/3/6 5029/3/6 5016/3/6
f 5014/3/5 5017/3/5 5030/3/5 5031/3/5
f 4759/2/1 4761/2/1 5033/2/1 5018/2/1
f 4760/1/2 5019/1/2 5034/1/2 4762/1/2
f 4763/1/4 4762/1/4 5034/1/4 5035/1/4
f 5020/1/6 5035/1/6 5034/1/6 5019/1/6
f 5031/3/1 5036/3/1 5037/3/1 5032/3/1
f 5036/3/4 5038/3/4 5039/3/4 5037/3/4
f 5032/3/6 5037/3/6 5039/3/6 5029/3/6
f 5031/3/5 5030/3/5 5038/3/5 5036/3/5
f 5030/4/3 5029/4/3 5033/4/3 4761/4/3
f 5029/4/6 5039/4/6 5040/4/6 5033/4/6
f 5030/4/5 4761/4/5 4764/4/5 5038/4/5
f 4763/1/2 5035/1/2 5041/1/2 4765/1/2
f 4768/1/4 4765/1/4 5041/1/4 5042/1/4
f 5043/1/6 5042/1/6 5041/1/6 5035/1/6
f 5038/4/1 4772/4/1 5044/4/1 5039/4/1
f 5039/4/6 5044/4/6 5045/4/6 5040/4/6
f 5038/4/5 4764/4/5 4766/4/5 4772/4/5
f 4768/1/2 5042/1/2 5046/1/2 4769/1/2
f 4772/4/1 4771/4/1 5047/4/1 5044/4/1
f 4771/4/4 4782/4/4 5048/4/4 5047/4/4
f 5044/4/6 5047/4/6 5048/4/6 5045/4/6
f 4769/1/2 5046/1/2 5049/1/2 4774/1/2
f 4782/4/1 4781/4/1 5050/4/1 5048/4/1
f 4774/1/2 5049/1/2 5051/1/2 4783/1/2
f 4787/1/4 4783/1/4 5051/1/4 5052/1/4
f 4781/2/1 4784/2/1 5053/2/1 5050/2/1
f 4787/4/2 5052/4/2 5054/4/2 4786/4/2
f 4784/2/1 4789/2/1 5055/2/1 5053/2/1
f 4789/2/4 4790/2/4 5056/2/4 5055/2/4
f 4786/2/2 5054/2/2 5057/2/2 4791/2/2
f 4790/2/4 4791/2/4 5057/2/4 5056/2/4
f 5058/2/6 5056/2/6 5057/2/6 5054/2/6
f 4794/2/2 5059/2/2 5060/2/2 4797/2/2
f 4793/2/1 4792/2/1 5061/2/1 5062/2/1
f 4793/2/3 5062/2/3 5059/2/3 4794/2/3
f 5062/2/6 5061/2/6 5060/2/6 5059/2/6
f 4792/2/1 4799/2/1 5063/2/1 5061/2/1
f 4796/1/2 5064/1/2 5065/1/2 4801/1/2
f 4797/1/3 5060/1/3 5064/1/3 4796/1/3
f 5060/1/6 5066/1/6 5065/1/6 5064/1/6
f 4797/1/5 4796/1/5 4801/1/5 4798/1/5
f 4799/2/1 4800/2/1 5067/2/1 5063/2/1
f 4801/1/2 5065/1/2 5068/1/2 4802/1/2
f 4805/1/4 4802/1/4 5068/1/4 5069/1/4
f 4805/2/2 5069/2/2 5070/2/2 4806/2/2
f 4800/2/1 4803/2/1 5071/2/1 5067/2/1
f 4808/1/1 4807/1/1 5072/1/1 5073/1/1
f 4808/1/3 5073/1/3 5071/1/3 4803/1/3
f 5073/1/6 5072/1/6 5074/1/6 5071/1/6
f 4806/2/2 5070/2/2 5075/2/2 4810/2/2
f 4807/1/1 4821/1/1 5076/1/1 5072/1/1
f 5072/1/6 5076/1/6 5077/1/6 5074/1/6
f 4807/1/5 4809/1/5 4814/1/5 4821/1/5
f 4811/2/2 5078/2/2 5079/2/2 4815/2/2
f 4810/2/3 5075/2/3 5078/2/3 4811/2/3
f 4818/3/1 4819/3/1 5080/3/1 5081/3/1
f 4818/3/3 5081/3/3 5076/3/3 4821/3/3
f 4819/3/4 4822/3/4 5082/3/4 5080/3/4
f 5081/3/6 5080/3/6 5082/3/6 5076/3/6
f 4822/1/4 4824/1/4 5083/1/4 5082/1/4
f 4821/1/5 4814/1/5 4824/1/5 4822/1/5
f 4829/1/2 5084/1/2 5085/1/2 4828/1/2
f 4815/1/3 5079/1/3 5084/1/3 4829/1/3
f 4825/1/4 4828/1/4 5085/1/4 5086/1/4
f 5079/1/6 5086/1/6 5085/1/6 5084/1/6
f 4815/1/5 4829/1/5 4828/1/5 4825/1/5
f 4832/2/2 5087/2/2 5088/2/2 4833/2/2
f 4830/2/1 4831/2/1 5089/2/1 5090/2/1
f 4830/2/3 5090/2/3 5087/2/3 4832/2/3
f 5090/2/6 5089/2/6 5088/2/6 5087/2/6
f 4824/1/1 4838/1/1 5091/1/1 5083/1/1
f 4825/2/2 5086/2/2 5092/2/2 4839/2/2
f 4833/1/2 5088/1/2 5093/1/2 4843/1/2
f 4831/1/1 4841/1/1 5094/1/1 5089/1/1
f 5089/1/6 5094/1/6 5093/1/6 5088/1/6
f 4851/3/1 4850/3/1 5095/3/1 5096/3/1
f 4851/3/3 5096/3/3 5097/3/3 4846/3/3
f 4850/3/4 4847/3/4 5098/3/4 5095/3/4
f 5096/3/6 5095/3/6 5098/3/6 5097/3/6
f 5099/4/2 5100/4/2 5101/4/2 4872/4/2
f 4846/4/3 5097/4/3 5100/4/3 5099/4/3
f 4847/4/4 4872/4/4 5101/4/4 5098/4/4
f 4846/4/5 5099/4/5 4872/4/5 4847/4/5
f 4836/1/1 4858/1/1 5102/1/1 5103/1/1
f 4836/1/3 5103/1/3 5091/1/3 4838/1/3
f 4836/1/5 4838/1/5 4860/1/5 4858/1/5
f 4839/2/3 5092/2/3 5104/2/3 4840/2/3
f 4840/2/3 5104/2/3 5094/2/3 4841/2/3
f 4843/1/2 5093/1/2 5105/1/2 4861/1/2
f 4863/1/4 4861/1/4 5105/1/4 5106/1/4
f 5094/1/6 5106/1/6 5105/1/6 5093/1/6
f 4856/1/1 4875/1/1 5107/1/1 5108/1/1
f 4856/1/3 5108/1/3 5102/1/3 4858/1/3
f 4875/1/4 5109/1/4 5110/1/4 5107/1/4
f 5108/1/6 5107/1/6 5110/1/6 5102/1/6
f 4856/1/5 4858/1/5 5109/1/5 4875/1/5
f 5109/2/4 4877/2/4 5111/2/4 5110/2/4
f 5102/2/6 5110/2/6 5111/2/6 5112/2/6
f 4858/2/5 4860/2/5 4877/2/5 5109/2/5
f 4863/1/2 5106/1/2 5113/1/2 4878/1/2
f 4877/2/1 4883/2/1 5114/2/1 5111/2/1
f 4885/2/2 5115/2/2 5116/2/2 4886/2/2
f 4878/2/3 5113/2/3 5115/2/3 4885/2/3
f 4889/4/2 5117/4/2 5118/4/2 4890/4/2
f 4888/4/1 4887/4/1 5119/4/1 5120/4/1
f 4888/4/3 5120/4/3 5117/4/3 4889/4/3
f 4887/4/4 4890/4/4 5118/4/4 5119/4/4
f 5120/4/6 5119/4/6 5118/4/6 5117/4/6
f 4883/2/1 4897/2/1 5121/2/1 5114/2/1
f 4886/1/2 5116/1/2 5122/1/2 4898/1/2
f 4912/1/4 4898/1/4 5122/1/4 5123/1/4
f 4897/2/1 4909/2/1 5124/2/1 5121/2/1
f 4912/2/2 5123/2/2 5125/2/2 4911/2/2
f 4916/3/1 4915/3/1 5126/3/1 5127/3/1
f 4916/3/3 5127/3/3 5128/3/3 4913/3/3
f 5127/3/6 5126/3/6 5129/3/6 5128/3/6
f 5130/4/2 5131/4/2 5132/4/2 5133/4/2
f 4913/4/3 5128/4/3 5131/4/3 5130/4/3
f 4913/4/5 5130/4/5 5133/4/5 4914/4/5
f 5134/4/2 5135/4/2 5136/4/2 5137/4/2
f 4907/4/1 4924/4/1 5138/4/1 5139/4/1
f 4907/4/3 5139/4/3 5135/4/3 5134/4/3
f 5139/4/6 5138/4/6 5136/4/6 5135/4/6
f 4907/4/5 5134/4/5 5137/4/5 4924/4/5
f 4909/2/1 4926/2/1 5140/2/1 5124/2/1
f 4910/2/2 5141/2/2 5142/2/2 5143/2/2
f 4911/2/3 5125/2/3 5141/2/3 4910/2/3
f 4911/2/5 4910/2/5 5143/2/5 4927/2/5
f 4930/4/1 4929/4/1 5144/4/1 5145/4/1
f 4930/4/3 5145/4/3 5146/4/3 4931/4/3
f 4929/4/4 4932/4/4 5147/4/4 5144/4/4
f 4931/3/3 5146/3/3 5148/3/3 4933/3/3
f 4932/3/4 4934/3/4 5149/3/4 5147/3/4
f 4935/4/2 5150/4/2 5151/4/2 4936/4/2
f 4933/4/3 5148/4/3 5150/4/3 4935/4/3
f 4934/4/4 4936/4/4 5151/4/4 5149/4/4
f 5148/4/6 5149/4/6 5151/4/6 5150/4/6
f 4915/4/1 4940/4/1 5152/4/1 5126/4/1
f 4940/4/4 4939/4/4 5153/4/4 5152/4/4
f 5126/4/6 5152/4/6 5153/4/6 5129/4/6
f 5133/4/2 5132/4/2 5154/4/2 5155/4/2
f 4939/4/4 5155/4/4 5154/4/4 5153/4/4
f 4914/4/5 5133/4/5 5155/4/5 4939/4/5
f 5137/3/2 5136/3/2 5156/3/2 5157/3/2
f 4924/3/1 4949/3/1 5158/3/1 5138/3/1
f 4949/3/4 5157/3/4 5156/3/4 5158/3/4
f 5138/3/6 5158/3/6 5156/3/6 5136/3/6
f 4924/3/5 5137/3/5 5157/3/5 4949/3/5
f 4926/2/1 4951/2/1 5159/2/1 5140/2/1
f 4928/2/5 4927/2/5 5160/2/5 4952/2/5
f 5143/2/2 5142/2/2 5161/2/2 5162/2/2
f 5160/2/4 5162/2/4 5161/2/4 5163/2/4
f 4927/2/5 5143/2/5 5162/2/5 5160/2/5
f 4951/2/1 4958/2/1 5164/2/1 5159/2/1
f 4953/2/5 4952/2/5 4969/2/5 4959/2/5
f 5160/2/2 5163/2/2 5165/2/2 4970/2/2
f 4969/2/4 4970/2/4 5165/2/4 5166/2/4
f 4952/2/5 5160/2/5 4970/2/5 4969/2/5
f 5167/2/1 5168/2/1 5169/2/1 5170/2/1
f 5167/2/3 5170/2/3 5171/2/3 5172/2/3
f 5168/2/4 5173/2/4 5174/2/4 5169/2/4
f 5170/2/6 5169/2/6 5174/2/6 5171/2/6
f 5167/2/5 5172/2/5 5173/2/5 5168/2/5
f 5172/2/3 5171/2/3 5164/2/3 4958/2/3
f 5173/2/4 4968/2/4 5175/2/4 5174/2/4
f 5172/2/5 4958/2/5 4968/2/5 5173/2/5
f 4969/2/2 5166/2/2 5176/2/2 4972/2/2
f 4975/4/2 5177/4/2 5178/4/2 4976/4/2
f 4974/4/1 4973/4/1 5179/4/1 5180/4/1
f 4974/4/3 5180/4/3 5177/4/3 4975/4/3
f 4973/4/4 4976/4/4 5178/4/4 5179/4/4
f 5180/4/6 5179/4/6 5178/4/6 5177/4/6
f 4968/2/1 4983/2/1 5181/2/1 5175/2/1
f 4972/1/3 5176/1/3 5182/1/3 4971/1/3
f 5183/2/2 5184/2/2 5185/2/2 4996/2/2
f 4971/2/3 5182/2/3 5184/2/3 5183/2/3
f 5182/2/6 5186/2/6 5185/2/6 5184/2/6
f 4971/2/5 5183/2/5 4996/2/5 4984/2/5
f 4983/1/1 4995/1/1 5187/1/1 5181/1/1
f 4996/2/2 5185/2/2 5188/2/2 4997/2/2
f 5004/2/4 4997/2/4 5188/2/4 5189/2/4
f 5186/2/6 5189/2/6 5188/2/6 5185/2/6
f 4995/1/1 5002/1/1 5190/1/1 5187/1/1
f 5004/1/2 5189/1/2 5191/1/2 5005/1/2
f 5002/1/1 5018/1/1 5192/1/1 5190/1/1
f 5005/1/2 5191/1/2 5193/1/2 5020/1/2
f 5009/3/1 5022/3/1 5194/3/1 5195/3/1
f 5009/3/3 5195/3/3 5196/3/3 5011/3/3
f 5022/3/4 5024/3/4 5197/3/4 5194/3/4
f 5195/3/6 5194/3/6 5197/3/6 5196/3/6
f 5026/4/2 5198/4/2 5199/4/2 5027/4/2
f 5011/4/3 5196/4/3 5198/4/3 5026/4/3
f 5196/4/6 5197/4/6 5199/4/6 5198/4/6
f 5018/1/1 5033/1/1 5200/1/1 5192/1/1
f 5020/2/2 5193/2/2 5201/2/2 5035/2/2
f 5043/2/4 5035/2/4 5201/2/4 5202/2/4
f 5203/2/6 5202/2/6 5201/2/6 5193/2/6
f 5024/3/1 5204/3/1 5205/3/1 5197/3/1
f 5204/3/4 5206/3/4 5207/3/4 5205/3/4
f 5197/3/6 5205/3/6 5207/3/6 5199/3/6
f 5024/3/5 5027/3/5 5206/3/5 5204/3/5
f 5208/3/2 5209/3/2 5210/3/2 5211/3/2
f 5027/3/3 5199/3/3 5209/3/3 5208/3/3
f 5206/3/4 5211/3/4 5210/3/4 5207/3/4
f 5027/3/5 5208/3/5 5211/3/5 5206/3/5
f 5033/2/1 5040/2/1 5212/2/1 5200/2/1
f 5043/2/2 5202/2/2 5213/2/2 5042/2/2
f 5040/1/1 5045/1/1 5214/1/1 5212/1/1
f 5042/1/2 5213/1/2 5215/1/2 5046/1/2
f 5045/2/1 5048/2/1 5216/2/1 5214/2/1
f 5046/2/2 5215/2/2 5217/2/2 5049/2/2
f 5048/2/1 5050/2/1 5218/2/1 5216/2/1
f 5216/2/6 5218/2/6 5219/2/6 5220/2/6
f 5049/2/2 5217/2/2 5221/2/2 5051/2/2
f 5052/2/4 5051/2/4 5221/2/4 5222/2/4
f 5050/1/1 5053/1/1 5223/1/1 5218/1/1
f 5218/1/6 5223/1/6 5224/1/6 5219/1/6
f 5052/2/2 5222/2/2 5225/2/2 5054/2/2
f 5058/2/4 5054/2/4 5225/2/4 5224/2/4
f 5058/2/2 5224/2/2 5226/2/2 5056/2/2
f 5053/2/1 5055/2/1 5227/2/1 5223/2/1
f 5223/2/6 5227/2/6 5226/2/6 5224/2/6
f 5056/2/2 5226/2/2 5228/2/2 5229/2/2
f 5055/2/1 5230/2/1 5231/2/1 5227/2/1
f 5230/2/4 5229/2/4 5228/2/4 5231/2/4
f 5227/2/6 5231/2/6 5228/2/6 5226/2/6
f 5055/2/5 5056/2/5 5229/2/5 5230/2/5
f 5060/1/2 5232/1/2 5233/1/2 5066/1/2
f 5061/1/1 5063/1/1 5234/1/1 5235/1/1
f 5061/1/3 5235/1/3 5232/1/3 5060/1/3
f 5235/1/6 5234/1/6 5233/1/6 5232/1/6
f 5236/1/2 5237/1/2 5238/1/2 5239/1/2
f 5064/1/1 5065/1/1 5240/1/1 5241/1/1
f 5064/1/3 5241/1/3 5237/1/3 5236/1/3
f 5241/1/6 5240/1/6 5238/1/6 5237/1/6
f 5064/1/5 5236/1/5 5239/1/5 5065/1/5
f 5242/2/1 5243/2/1 5244/2/1 5245/2/1
f 5242/2/3 5245/2/3 5234/2/3 5063/2/3
f 5243/2/4 5067/2/4 5246/2/4 5244/2/4
f 5245/2/6 5244/2/6 5246/2/6 5234/2/6
f 5242/2/5 5063/2/5 5067/2/5 5243/2/5
f 5066/2/3 5233/2/3 5240/2/3 5065/2/3
f 5239/1/2 5238/1/2 5247/1/2 5248/1/2
f 5068/1/4 5248/1/4 5247/1/4 5249/1/4
f 5240/1/6 5249/1/6 5247/1/6 5238/1/6
f 5065/1/5 5239/1/5 5248/1/5 5068/1/5
f 5067/2/1 5071/2/1 5250/2/1 5246/2/1
f 5068/2/2 5249/2/2 5251/2/2 5252/2/2
f 5070/2/4 5252/2/4 5251/2/4 5253/2/4
f 5069/2/5 5068/2/5 5252/2/5 5070/2/5
f 5070/1/2 5253/1/2 5254/1/2 5075/1/2
f 5071/1/1 5074/1/1 5255/1/1 5250/1/1
f 5074/2/1 5077/2/1 5256/2/1 5255/2/1
f 5078/2/2 5257/2/2 5258/2/2 5079/2/2
f 5075/2/3 5254/2/3 5257/2/3 5078/2/3
f 5254/2/6 5259/2/6 5258/2/6 5257/2/6
f 5076/2/1 5082/2/1 5260/2/1 5261/2/1
f 5076/2/3 5261/2/3 5256/2/3 5077/2/3
f 5261/2/6 5260/2/6 5262/2/6 5256/2/6
f 5079/2/2 5258/2/2 5263/2/2 5086/2/2
f 5090/1/2 5264/1/2 5265/1/2 5089/1/2
f 5084/1/1 5085/1/1 5266/1/1 5267/1/1
f 5084/1/3 5267/1/3 5264/1/3 5090/1/3
f 5084/1/5 5090/1/5 5089/1/5 5085/1/5
f 5268/4/1 5097/4/1 5269/4/1 5270/4/1
f 5268/4/3 5270/4/3 5271/4/3 5272/4/3
f 5270/4/6 5269/4/6 5273/4/6 5271/4/6
f 5268/4/5 5272/4/5 5100/4/5 5097/4/5
f 5274/4/2 5275/4/2 5276/4/2 5277/4/2
f 5272/4/3 5271/4/3 5275/4/3 5274/4/3
f 5100/4/4 5277/4/4 5276/4/4 5273/4/4
f 5272/4/5 5274/4/5 5277/4/5 5100/4/5
f 5080/1/1 5278/1/1 5279/1/1 5280/1/1
f 5080/1/3 5280/1/3 5260/1/3 5082/1/3
f 5280/1/6 5279/1/6 5281/1/6 5260/1/6
f 5080/1/5 5082/1/5 5103/1/5 5278/1/5
f 5082/2/5 5083/2/5 5091/2/5 5103/2/5
f 5086/2/3 5263/2/3 5266/2/3 5085/2/3
f 5086/2/5 5085/2/5 5104/2/5 5092/2/5
f 5089/2/2 5265/2/2 5282/2/2 5094/2/2
f 5085/2/5 5089/2/5 5094/2/5 5104/2/5
f 5100/4/2 5273/4/2 5283/4/2 5101/4/2
f 5097/4/1 5098/4/1 5284/4/1 5269/4/1
f 5098/4/4 5101/4/4 5283/4/4 5284/4/4
f 5269/4/6 5284/4/6 5283/4/6 5273/4/6
f 5278/1/1 5108/1/1 5285/1/1 5279/1/1
f 5108/1/4 5102/1/4 5286/1/4 5285/1/4
f 5279/1/6 5285/1/6 5286/1/6 5281/1/6
f 5278/1/5 5103/1/5 5102/1/5 5108/1/5
f 5102/2/4 5112/2/4 5287/2/4 5286/2/4
f 5281/2/6 5286/2/6 5287/2/6 5288/2/6
f 5094/2/2 5282/2/2 5289/2/2 5106/2/2
f 5112/2/1 5111/2/1 5290/2/1 5287/2/1
f 5105/2/2 5291/2/2 5292/2/2 5115/2/2
f 5106/2/3 5289/2/3 5291/2/3 5105/2/3
f 5289/2/6 5293/2/6 5292/2/6 5291/2/6
f 5106/2/5 5105/2/5 5115/2/5 5113/2/5
f 5111/2/1 5114/2/1 5294/2/1 5290/2/1
f 5115/2/2 5292/2/2 5295/2/2 5116/2/2
f 5293/2/6 5296/2/6 5295/2/6 5292/2/6
f 5114/2/1 5121/2/1 5297/2/1 5294/2/1
f 5116/1/2 5295/1/2 5298/1/2 5122/1/2
f 5296/1/6 5299/1/6 5298/1/6 5295/1/6
f 5121/2/1 5124/2/1 5300/2/1 5297/2/1
f 5122/2/2 5298/2/2 5301/2/2 5141/2/2
f 5299/2/6 5302/2/6 5301/2/6 5298/2/6
f 5123/2/5 5122/2/5 5141/2/5 5125/2/5
f 5128/3/1 5129/3/1 5303/3/1 5304/3/1
f 5128/3/3 5304/3/3 5305/3/3 5131/3/3
f 5304/3/6 5303/3/6 5306/3/6 5305/3/6
f 5307/4/2 5308/4/2 5309/4/2 5310/4/2
f 5131/4/3 5305/4/3 5308/4/3 5307/4/3
f 5131/4/5 5307/4/5 5310/4/5 5132/4/5
f 5311/4/2 5312/4/2 5313/4/2 5314/4/2
f 5135/4/1 5136/4/1 5315/4/1 5316/4/1
f 5135/4/3 5316/4/3 5312/4/3 5311/4/3
f 5316/4/6 5315/4/6 5313/4/6 5312/4/6
f 5135/4/5 5311/4/5 5314/4/5 5136/4/5
f 5124/2/1 5140/2/1 5317/2/1 5300/2/1
f 5141/2/2 5301/2/2 5318/2/2 5142/2/2
f 5302/2/6 5319/2/6 5318/2/6 5301/2/6
f 5145/3/1 5144/3/1 5320/3/1 5321/3/1
f 5145/3/3 5321/3/3 5322/3/3 5146/3/3
f 5144/3/4 5147/3/4 5323/3/4 5320/3/4
f 5148/4/2 5324/4/2 5325/4/2 5149/4/2
f 5146/4/3 5322/4/3 5324/4/3 5148/4/3
f 5147/4/4 5149/4/4 5325/4/4 5323/4/4
f 5322/4/6 5323/4/6 5325/4/6 5324/4/6
f 5129/4/1 5153/4/1 5326/4/1 5303/4/1
f 5153/4/4 5154/4/4 5327/4/4 5326/4/4
f 5310/4/2 5309/4/2 5328/4/2 5329/4/2
f 5154/4/4 5329/4/4 5328/4/4 5327/4/4
f 5132/4/5 5310/4/5 5329/4/5 5154/4/5
f 5136/3/1 5156/3/1 5330/3/1 5315/3/1
f 5156/3/4 5331/3/4 5332/3/4 5330/3/4
f 5315/3/6 5330/3/6 5332/3/6 5313/3/6
f 5136/3/5 5314/3/5 5331/3/5 5156/3/5
f 5314/4/3 5313/4/3 5317/4/3 5140/4/3
f 5331/4/4 5159/4/4 5333/4/4 5332/4/4
f 5314/4/5 5140/4/5 5159/4/5 5331/4/5
f 5334/2/6 5335/2/6 5336/2/6 5319/2/6
f 5142/1/2 5318/1/2 5337/1/2 5161/1/2
f 5319/1/6 5336/1/6 5337/1/6 5318/1/6
f 5159/2/1 5164/2/1 5338/2/1 5333/2/1
f 5335/2/6 5339/2/6 5340/2/6 5336/2/6
f 5161/1/2 5337/1/2 5341/1/2 5342/1/2
f 5165/1/4 5342/1/4 5341/1/4 5340/1/4
f 5336/1/6 5340/1/6 5341/1/6 5337/1/6
f 5163/1/5 5161/1/5 5342/1/5 5165/1/5
f 5171/1/1 5174/1/1 5343/1/1 5344/1/1
f 5171/1/3 5344/1/3 5338/1/3 5164/1/3
f 5344/1/6 5343/1/6 5345/1/6 5338/1/6
f 5165/1/2 5340/1/2 5346/1/2 5182/1/2
f 5339/1/6 5347/1/6 5346/1/6 5340/1/6
f 5166/1/5 5165/1/5 5182/1/5 5176/1/5
f 5174/1/1 5348/1/1 5349/1/1 5343/1/1
f 5343/1/6 5349/1/6 5350/1/6 5345/1/6
f 5174/1/5 5175/1/5 5181/1/5 5348/1/5
f 5182/1/2 5346/1/2 5351/1/2 5186/1/2
f 5352/2/1 5353/2/1 5354/2/1 5355/2/1
f 5352/2/3 5355/2/3 5349/2/3 5348/2/3
f 5355/2/6 5354/2/6 5356/2/6 5349/2/6
f 5352/2/5 5348/2/5 5357/2/5 5353/2/5
f 5348/2/5 5181/2/5 5187/2/5 5357/2/5
f 5186/1/2 5351/1/2 5358/1/2 5189/1/2
f 5353/1/1 5359/1/1 5360/1/1 5354/1/1
f 5359/1/4 5361/1/4 5362/1/4 5360/1/4
f 5354/1/6 5360/1/6 5362/1/6 5356/1/6
f 5353/1/5 5357/1/5 5361/1/5 5359/1/5
f 5361/1/4 5190/1/4 5363/1/4 5362/1/4
f 5357/1/5 5187/1/5 5190/1/5 5361/1/5
f 5189/1/2 5358/1/2 5364/1/2 5191/1/2
f 5365/1/6 5366/1/6 5364/1/6 5358/1/6
f 5190/1/1 5192/1/1 5367/1/1 5363/1/1
f 5191/2/2 5364/2/2 5368/2/2 5193/2/2
f 5203/2/4 5193/2/4 5368/2/4 5369/2/4
f 5366/2/6 5369/2/6 5368/2/6 5364/2/6
f 5192/1/1 5200/1/1 5370/1/1 5367/1/1
f 5203/2/2 5369/2/2 5371/2/2 5202/2/2
f 5199/3/1 5207/3/1 5372/3/1 5373/3/1
f 5199/3/3 5373/3/3 5374/3/3 5209/3/3
f 5207/3/4 5210/3/4 5375/3/4 5372/3/4
f 5373/3/6 5372/3/6 5375/3/6 5374/3/6
f 5376/4/2 5377/4/2 5378/4/2 5379/4/2
f 5209/4/3 5374/4/3 5377/4/3 5376/4/3
f 5210/4/4 5379/4/4 5378/4/4 5375/4/4
f 5209/4/5 5376/4/5 5379/4/5 5210/4/5
f 5380/1/1 5381/1/1 5382/1/1 5383/1/1
f 5380/1/3 5383/1/3 5370/1/3 5200/1/3
f 5381/1/4 5212/1/4 5384/1/4 5382/1/4
f 5383/1/6 5382/1/6 5384/1/6 5370/1/6
f 5380/1/5 5200/1/5 5212/1/5 5381/1/5
f 5202/2/2 5371/2/2 5385/2/2 5213/2/2
f 5212/2/1 5214/2/1 5386/2/1 5384/2/1
f 5213/1/2 5385/1/2 5387/1/2 5215/1/2
f 5388/2/1 5389/2/1 5390/2/1 5391/2/1
f 5388/2/3 5391/2/3 5386/2/3 5214/2/3
f 5389/2/4 5216/2/4 5392/2/4 5390/2/4
f 5391/2/6 5390/2/6 5392/2/6 5386/2/6
f 5388/2/5 5214/2/5 5216/2/5 5389/2/5
f 5216/2/4 5220/2/4 5393/2/4 5392/2/4
f 5215/1/2 5387/1/2 5394/1/2 5217/1/2
f 5220/2/1 5219/2/1 5395/2/1 5393/2/1
f 5217/1/2 5394/1/2 5396/1/2 5221/1/2
f 5222/1/4 5221/1/4 5396/1/4 5397/1/4
f 5398/1/6 5397/1/6 5396/1/6 5394/1/6
f 5222/1/2 5397/1/2 5399/1/2 5225/1/2
f 5219/1/1 5224/1/1 5400/1/1 5395/1/1
f 5224/1/4 5225/1/4 5399/1/4 5400/1/4
f 5395/1/6 5400/1/6 5399/1/6 5397/1/6
f 5401/2/1 5402/2/1 5403/2/1 5404/2/1
f 5401/2/3 5404/2/3 5405/2/3 5406/2/3
f 5402/2/4 5245/2/4 5407/2/4 5403/2/4
f 5404/2/6 5403/2/6 5407/2/6 5405/2/6
f 5401/2/5 5406/2/5 5245/2/5 5402/2/5
f 5235/2/2 5408/2/2 5409/2/2 5234/2/2
f 5406/2/3 5405/2/3 5408/2/3 5235/2/3
f 5245/2/4 5234/2/4 5409/2/4 5407/2/4
f 5406/2/5 5235/2/5 5234/2/5 5245/2/5
f 5234/1/1 5246/1/1 5410/1/1 5409/1/1
f 5234/1/3 5409/1/3 5411/1/3 5233/1/3
f 5409/1/6 5410/1/6 5412/1/6 5411/1/6
f 5240/1/2 5413/1/2 5414/1/2 5249/1/2
f 5233/1/3 5411/1/3 5413/1/3 5240/1/3
f 5411/1/6 5412/1/6 5414/1/6 5413/1/6
f 5246/2/1 5250/2/1 5415/2/1 5410/2/1
f 5247/1/2 5416/1/2 5417/1/2 5418/1/2
f 5249/1/3 5414/1/3 5416/1/3 5247/1/3
f 5249/1/5 5247/1/5 5418/1/5 5251/1/5
f 5250/2/1 5255/2/1 5419/2/1 5415/2/1
f 5254/1/4 5257/1/4 5420/1/4 5421/1/4
f 5253/1/5 5251/1/5 5257/1/5 5254/1/5
f 5418/2/2 5417/2/2 5422/2/2 5423/2/2
f 5251/2/5 5418/2/5 5423/2/5 5257/2/5
f 5254/2/2 5421/2/2 5424/2/2 5259/2/2
f 5255/2/1 5256/2/1 5425/2/1 5419/2/1
f 5257/2/1 5258/2/1 5426/2/1 5420/2/1
f 5257/2/5 5423/2/5 5267/2/5 5258/2/5
f 5427/2/2 5428/2/2 5429/2/2 5264/2/2
f 5423/2/3 5422/2/3 5428/2/3 5427/2/3
f 5422/2/6 5430/2/6 5429/2/6 5428/2/6
f 5423/2/5 5427/2/5 5264/2/5 5267/2/5
f 5256/2/1 5262/2/1 5431/2/1 5425/2/1
f 5259/2/3 5424/2/3 5426/2/3 5258/2/3
f 5258/2/5 5267/2/5 5266/2/5 5263/2/5
f 5264/2/2 5429/2/2 5432/2/2 5265/2/2
f 5430/2/6 5433/2/6 5432/2/6 5429/2/6
f 5275/4/2 5434/4/2 5435/4/2 5276/4/2
f 5271/4/1 5273/4/1 5436/4/1 5437/4/1
f 5271/4/3 5437/4/3 5434/4/3 5275/4/3
f 5273/4/4 5276/4/4 5435/4/4 5436/4/4
f 5260/2/1 5281/2/1 5438/2/1 5439/2/1
f 5260/2/3 5439/2/3 5431/2/3 5262/2/3
f 5281/2/4 5288/2/4 5440/2/4 5438/2/4
f 5439/2/6 5438/2/6 5440/2/6 5431/2/6
f 5265/2/2 5432/2/2 5441/2/2 5282/2/2
f 5433/2/6 5442/2/6 5441/2/6 5432/2/6
f 5288/2/1 5287/2/1 5443/2/1 5440/2/1
f 5444/2/6 5445/2/6 5446/2/6 5442/2/6
f 5282/1/2 5441/1/2 5447/1/2 5289/1/2
f 5442/1/6 5446/1/6 5447/1/6 5441/1/6
f 5287/2/1 5290/2/1 5448/2/1 5443/2/1
f 5289/1/2 5447/1/2 5449/1/2 5293/1/2
f 5446/1/6 5450/1/6 5449/1/6 5447/1/6
f 5290/2/1 5294/2/1 5451/2/1 5448/2/1
f 5293/1/2 5449/1/2 5452/1/2 5296/1/2
f 5450/1/6 5453/1/6 5452/1/6 5449/1/6
f 5294/2/1 5297/2/1 5454/2/1 5451/2/1
f 5296/1/2 5452/1/2 5455/1/2 5299/1/2
f 5297/2/1 5300/2/1 5456/2/1 5454/2/1
f 5299/2/2 5455/2/2 5457/2/2 5302/2/2
f 5308/4/2 5458/4/2 5459/4/2 5309/4/2
f 5305/4/1 5306/4/1 5460/4/1 5461/4/1
f 5305/4/3 5461/4/3 5458/4/3 5308/4/3
f 5461/4/6 5460/4/6 5459/4/6 5458/4/6
f 5312/4/1 5313/4/1 5462/4/1 5463/4/1
f 5312/4/3 5463/4/3 5456/4/3 5300/4/3
f 5463/4/6 5462/4/6 5464/4/6 5456/4/6
f 5312/4/5 5300/4/5 5317/4/5 5313/4/5
f 5302/2/2 5457/2/2 5465/2/2 5319/2/2
f 5334/2/4 5319/2/4 5465/2/4 5466/2/4
f 5322/4/2 5467/4/2 5468/4/2 5323/4/2
f 5321/4/1 5320/4/1 5469/4/1 5470/4/1
f 5321/4/3 5470/4/3 5467/4/3 5322/4/3
f 5320/4/4 5323/4/4 5468/4/4 5469/4/4
f 5470/4/6 5469/4/6 5468/4/6 5467/4/6
f 5303/3/1 5326/3/1 5471/3/1 5472/3/1
f 5303/3/3 5472/3/3 5460/3/3 5306/3/3
f 5326/3/4 5327/3/4 5473/3/4 5471/3/4
f 5327/4/4 5328/4/4 5474/4/4 5473/4/4
f 5475/4/2 5476/4/2 5477/4/2 5478/4/2
f 5309/4/3 5459/4/3 5476/4/3 5475/4/3
f 5328/4/4 5478/4/4 5477/4/4 5474/4/4
f 5309/4/5 5475/4/5 5478/4/5 5328/4/5
f 5313/3/1 5332/3/1 5479/3/1 5462/3/1
f 5332/3/4 5333/3/4 5480/3/4 5479/3/4
f 5462/3/6 5479/3/6 5480/3/6 5464/3/6
f 5334/1/2 5466/1/2 5481/1/2 5335/1/2
f 5333/2/1 5338/2/1 5482/2/1 5480/2/1
f 5335/1/2 5481/1/2 5483/1/2 5339/1/2
f 5338/1/1 5345/1/1 5484/1/1 5482/1/1
f 5339/1/2 5483/1/2 5485/1/2 5347/1/2
f 5345/1/1 5350/1/1 5486/1/1 5484/1/1
f 5347/1/3 5485/1/3 5487/1/3 5346/1/3
f 5485/1/6 5488/1/6 5489/1/6 5487/1/6
f 5490/1/2 5491/1/2 5492/1/2 5493/1/2
f 5346/1/3 5487/1/3 5491/1/3 5490/1/3
f 5487/1/6 5489/1/6 5492/1/6 5491/1/6
f 5346/1/5 5490/1/5 5493/1/5 5351/1/5
f 5349/2/1 5356/2/1 5494/2/1 5495/2/1
f 5349/2/3 5495/2/3 5486/2/3 5350/2/3
f 5365/2/4 5358/2/4 5496/2/4 5497/2/4
f 5488/2/6 5497/2/6 5496/2/6 5489/2/6
f 5493/2/2 5492/2/2 5498/2/2 5499/2/2
f 5358/2/4 5499/2/4 5498/2/4 5496/2/4
f 5489/2/6 5496/2/6 5498/2/6 5492/2/6
f 5351/2/5 5493/2/5 5499/2/5 5358/2/5
f 5356/1/1 5362/1/1 5500/1/1 5494/1/1
f 5494/1/6 5500/1/6 5501/1/6 5502/1/6
f 5365/2/2 5497/2/2 5503/2/2 5366/2/2
f 5362/2/1 5504/2/1 5505/2/1 5500/2/1
f 5504/2/4 5367/2/4 5506/2/4 5505/2/4
f 5362/2/5 5363/2/5 5367/2/5 5504/2/5
f 5366/2/2 5503/2/2 5507/2/2 5369/2/2
f 5367/1/1 5370/1/1 5508/1/1 5506/1/1
f 5369/2/2 5507/2/2 5509/2/2 5371/2/2
f 5374/4/1 5375/4/1 5510/4/1 5511/4/1
f 5374/4/3 5511/4/3 5512/4/3 5377/4/3
f 5375/4/4 5378/4/4 5513/4/4 5510/4/4
f 5511/4/6 5510/4/6 5513/4/6 5512/4/6
f 5383/4/2 5514/4/2 5515/4/2 5382/4/2
f 5377/4/3 5512/4/3 5514/4/3 5383/4/3
f 5378/4/4 5382/4/4 5515/4/4 5513/4/4
f 5512/4/6 5513/4/6 5515/4/6 5514/4/6
f 5377/4/5 5383/4/5 5382/4/5 5378/4/5
f 5370/1/1 5384/1/1 5516/1/1 5508/1/1
f 5371/1/2 5509/1/2 5517/1/2 5385/1/2
f 5384/1/1 5386/1/1 5518/1/1 5516/1/1
f 5385/1/2 5517/1/2 5519/1/2 5387/1/2
f 5520/1/6 5521/1/6 5519/1/6 5517/1/6
f 5386/1/1 5392/1/1 5522/1/1 5518/1/1
f 5392/1/4 5393/1/4 5523/1/4 5522/1/4
f 5518/1/6 5522/1/6 5523/1/6 5524/1/6
f 5387/1/2 5519/1/2 5525/1/2 5394/1/2
f 5398/1/4 5394/1/4 5525/1/4 5526/1/4
f 5521/1/6 5526/1/6 5525/1/6 5519/1/6
f 5398/2/2 5526/2/2 5527/2/2 5397/2/2
f 5393/2/1 5395/2/1 5528/2/1 5523/2/1
f 5395/2/4 5397/2/4 5527/2/4 5528/2/4
f 5523/2/6 5528/2/6 5527/2/6 5526/2/6
f 5405/2/1 5407/2/1 5529/2/1 5530/2/1
f 5405/2/3 5530/2/3 5531/2/3 5408/2/3
f 5407/2/4 5409/2/4 5532/2/4 5529/2/4
f 5530/2/6 5529/2/6 5532/2/6 5531/2/6
f 5533/2/2 5534/2/2 5535/2/2 5411/2/2
f 5408/2/3 5531/2/3 5534/2/3 5533/2/3
f 5409/2/4 5411/2/4 5535/2/4 5532/2/4
f 5531/2/6 5532/2/6 5535/2/6 5534/2/6
f 5408/2/5 5533/2/5 5411/2/5 5409/2/5
f 5536/2/1 5537/2/1 5538/2/1 5539/2/1
f 5536/2/3 5539/2/3 5540/2/3 5410/2/3
f 5536/2/5 5410/2/5 5415/2/5 5537/2/5
f 5410/2/3 5540/2/3 5541/2/3 5412/2/3
f 5540/2/6 5542/2/6 5543/2/6 5541/2/6
f 5412/2/3 5541/2/3 5544/2/3 5414/2/3
f 5541/2/6 5543/2/6 5545/2/6 5544/2/6
f 5416/2/2 5546/2/2 5547/2/2 5417/2/2
f 5414/2/3 5544/2/3 5546/2/3 5416/2/3
f 5544/2/6 5545/2/6 5547/2/6 5546/2/6
f 5537/2/1 5548/2/1 5549/2/1 5538/2/1
f 5548/2/4 5419/2/4 5550/2/4 5549/2/4
f 5537/2/5 5415/2/5 5419/2/5 5548/2/5
f 5417/1/2 5547/1/2 5551/1/2 5422/1/2
f 5545/1/6 5552/1/6 5551/1/6 5547/1/6
f 5419/2/1 5425/2/1 5553/2/1 5550/2/1
f 5421/2/5 5420/2/5 5426/2/5 5424/2/5
f 5422/2/2 5551/2/2 5554/2/2 5430/2/2
f 5552/2/6 5555/2/6 5554/2/6 5551/2/6
f 5556/4/2 5557/4/2 5558/4/2 5559/4/2
f 5560/4/1 5434/4/1 5561/4/1 5562/4/1
f 5560/4/3 5562/4/3 5557/4/3 5556/4/3
f 5560/4/5 5556/4/5 5559/4/5 5434/4/5
f 5425/2/1 5431/2/1 5563/2/1 5553/2/1
f 5564/2/6 5565/2/6 5566/2/6 5555/2/6
f 5430/2/2 5554/2/2 5567/2/2 5433/2/2
f 5437/3/1 5436/3/1 5568/3/1 5569/3/1
f 5437/3/3 5569/3/3 5561/3/3 5434/3/3
f 5436/3/4 5435/3/4 5570/3/4 5568/3/4
f 5569/3/6 5568/3/6 5570/3/6 5561/3/6
f 5559/4/2 5558/4/2 5571/4/2 5572/4/2
f 5435/4/4 5572/4/4 5571/4/4 5570/4/4
f 5561/4/6 5570/4/6 5571/4/6 5558/4/6
f 5434/4/5 5559/4/5 5572/4/5 5435/4/5
f 5431/2/1 5440/2/1 5573/2/1 5563/2/1
f 5433/1/2 5567/1/2 5574/1/2 5442/1/2
f 5444/1/4 5442/1/4 5574/1/4 5575/1/4
f 5438/2/1 5576/2/1 5577/2/1 5578/2/1
f 5438/2/3 5578/2/3 5573/2/3 5440/2/3
f 5576/2/4 5443/2/4 5579/2/4 5577/2/4
f 5438/2/5 5440/2/5 5443/2/5 5576/2/5
f 5444/1/2 5575/1/2 5580/1/2 5445/1/2
f 5443/2/1 5448/2/1 5581/2/1 5579/2/1
f 5446/1/2 5582/1/2 5583/1/2 5450/1/2
f 5445/1/3 5580/1/3 5582/1/3 5446/1/3
f 5448/2/1 5451/2/1 5584/2/1 5581/2/1
f 5450/1/2 5583/1/2 5585/1/2 5453/1/2
f 5451/1/1 5454/1/1 5586/1/1 5584/1/1
f 5452/1/2 5587/1/2 5588/1/2 5455/1/2
f 5453/1/3 5585/1/3 5587/1/3 5452/1/3
f 5454/2/1 5456/2/1 5589/2/1 5586/2/1
f 5590/1/6 5591/1/6 5592/1/6 5593/1/6
f 5455/1/2 5588/1/2 5594/1/2 5457/1/2
f 5593/1/6 5592/1/6 5594/1/6 5588/1/6
f 5595/4/2 5596/4/2 5597/4/2 5476/4/2
f 5458/4/1 5459/4/1 5598/4/1 5599/4/1
f 5458/4/3 5599/4/3 5596/4/3 5595/4/3
f 5458/4/5 5595/4/5 5476/4/5 5459/4/5
f 5456/4/1 5464/4/1 5600/4/1 5589/4/1
f 5457/1/2 5594/1/2 5601/1/2 5465/1/2
f 5592/1/6 5602/1/6 5601/1/6 5594/1/6
f 5603/3/1 5604/3/1 5605/3/1 5606/3/1
f 5603/3/3 5606/3/3 5607/3/3 5472/3/3
f 5604/3/4 5471/3/4 5608/3/4 5605/3/4
f 5603/3/5 5472/3/5 5471/3/5 5604/3/5
f 5472/3/3 5607/3/3 5609/3/3 5460/3/3
f 5471/3/4 5473/3/4 5610/3/4 5608/3/4
f 5607/3/6 5608/3/6 5610/3/6 5609/3/6
f 5460/3/3 5609/3/3 5598/3/3 5459/3/3
f 5473/3/4 5474/3/4 5611/3/4 5610/3/4
f 5476/4/2 5597/4/2 5612/4/2 5477/4/2
f 5474/4/4 5477/4/4 5612/4/4 5611/4/4
f 5464/4/1 5480/4/1 5613/4/1 5600/4/1
f 5481/1/4 5614/1/4 5615/1/4 5616/1/4
f 5466/1/5 5465/1/5 5614/1/5 5481/1/5
f 5617/1/2 5618/1/2 5619/1/2 5620/1/2
f 5465/1/3 5601/1/3 5618/1/3 5617/1/3
f 5614/1/4 5620/1/4 5619/1/4 5615/1/4
f 5601/1/6 5615/1/6 5619/1/6 5618/1/6
f 5465/1/5 5617/1/5 5620/1/5 5614/1/5
f 5479/1/1 5621/1/1 5622/1/1 5623/1/1
f 5479/1/3 5623/1/3 5613/1/3 5480/1/3
f 5621/1/4 5482/1/4 5624/1/4 5622/1/4
f 5479/1/5 5480/1/5 5482/1/5 5621/1/5
f 5481/1/2 5616/1/2 5625/1/2 5483/1/2
f 5482/1/1 5484/1/1 5626/1/1 5624/1/1
f 5627/1/2 5628/1/2 5629/1/2 5487/1/2
f 5483/1/3 5625/1/3 5628/1/3 5627/1/3
f 5485/1/4 5487/1/4 5629/1/4 5630/1/4
f 5483/1/5 5627/1/5 5487/1/5 5485/1/5
f 5631/1/1 5495/1/1 5632/1/1 5633/1/1
f 5631/1/3 5633/1/3 5626/1/3 5484/1/3
f 5631/1/5 5484/1/5 5486/1/5 5495/1/5
f 5485/1/2 5630/1/2 5634/1/2 5488/1/2
f 5495/1/1 5494/1/1 5635/1/1 5632/1/1
f 5494/1/4 5502/1/4 5636/1/4 5635/1/4
f 5632/1/6 5635/1/6 5636/1/6 5637/1/6
f 5488/1/2 5634/1/2 5638/1/2 5497/1/2
f 5502/2/1 5501/2/1 5639/2/1 5636/2/1
f 5497/1/2 5638/1/2 5640/1/2 5503/1/2
f 5641/1/1 5642/1/1 5643/1/1 5644/1/1
f 5641/1/3 5644/1/3 5645/1/3 5500/1/3
f 5642/1/4 5505/1/4 5646/1/4 5643/1/4
f 5641/1/5 5500/1/5 5505/1/5 5642/1/5
f 5500/2/3 5645/2/3 5639/2/3 5501/2/3
f 5505/2/4 5506/2/4 5647/2/4 5646/2/4
f 5503/2/2 5640/2/2 5648/2/2 5507/2/2
f 5506/1/1 5508/1/1 5649/1/1 5647/1/1
f 5507/1/2 5648/1/2 5650/1/2 5509/1/2
f 5651/1/6 5652/1/6 5650/1/6 5648/1/6
f 5514/2/1 5515/2/1 5653/2/1 5654/2/1
f 5514/2/3 5654/2/3 5649/2/3 5508/2/3
f 5514/2/5 5508/2/5 5516/2/5 5515/2/5
f 5509/1/2 5650/1/2 5655/1/2 5517/1/2
f 5520/1/4 5517/1/4 5655/1/4 5656/1/4
f 5652/1/6 5656/1/6 5655/1/6 5650/1/6
f 5515/2/1 5657/2/1 5658/2/1 5653/2/1
f 5657/2/4 5518/2/4 5659/2/4 5658/2/4
f 5515/2/5 5516/2/5 5518/2/5 5657/2/5
f 5518/1/4 5524/1/4 5660/1/4 5659/1/4
f 5520/2/2 5656/2/2 5661/2/2 5521/2/2
f 5521/2/2 5661/2/2 5662/2/2 5526/2/2
f 5524/2/1 5523/2/1 5663/2/1 5660/2/1
f 5523/2/4 5526/2/4 5662/2/4 5663/2/4
f 5660/2/6 5663/2/6 5662/2/6 5661/2/6
f 5523/2/2 5663/2/2 5664/2/2 5528/2/2
f 5522/2/1 5665/2/1 5666/2/1 5667/2/1
f 5522/2/3 5667/2/3 5663/2/3 5523/2/3
f 5665/2/4 5528/2/4 5664/2/4 5666/2/4
f 5522/2/5 5523/2/5 5528/2/5 5665/2/5
f 5668/2/1 5669/2/1 5670/2/1 5671/2/1
f 5668/2/3 5671/2/3 5672/2/3 5529/2/3
f 5669/2/4 5539/2/4 5673/2/4 5670/2/4
f 5671/2/6 5670/2/6 5673/2/6 5672/2/6
f 5668/2/5 5529/2/5 5539/2/5 5669/2/5
f 5529/2/3 5672/2/3 5674/2/3 5532/2/3
f 5672/2/6 5673/2/6 5675/2/6 5674/2/6
f 5529/2/5 5532/2/5 5540/2/5 5539/2/5
f 5535/2/2 5676/2/2 5677/2/2 5541/2/2
f 5532/2/3 5674/2/3 5676/2/3 5535/2/3
f 5540/2/4 5541/2/4 5677/2/4 5675/2/4
f 5674/2/6 5675/2/6 5677/2/6 5676/2/6
f 5532/2/5 5535/2/5 5541/2/5 5540/2/5
f 5540/2/2 5675/2/2 5678/2/2 5542/2/2
f 5539/2/1 5538/2/1 5679/2/1 5673/2/1
f 5673/2/6 5679/2/6 5678/2/6 5675/2/6
f 5538/1/1 5549/1/1 5680/1/1 5679/1/1
f 5679/1/6 5680/1/6 5681/1/6 5678/1/6
f 5542/2/3 5678/2/3 5682/2/3 5543/2/3
f 5678/2/6 5681/2/6 5683/2/6 5682/2/6
f 5545/2/2 5684/2/2 5685/2/2 5552/2/2
f 5543/2/3 5682/2/3 5684/2/3 5545/2/3
f 5682/2/6 5683/2/6 5685/2/6 5684/2/6
f 5686/4/1 5557/4/1 5687/4/1 5688/4/1
f 5686/4/3 5688/4/3 5680/4/3 5549/4/3
f 5688/4/6 5687/4/6 5689/4/6 5680/4/6
f 5686/4/5 5549/4/5 5690/4/5 5557/4/5
f 5690/2/4 5553/2/4 5691/2/4 5689/2/4
f 5680/2/6 5689/2/6 5691/2/6 5681/2/6
f 5549/2/5 5550/2/5 5553/2/5 5690/2/5
f 5552/1/2 5685/1/2 5692/1/2 5555/1/2
f 5564/1/4 5555/1/4 5692/1/4 5693/1/4
f 5683/1/6 5693/1/6 5692/1/6 5685/1/6
f 5562/3/1 5561/3/1 5694/3/1 5695/3/1
f 5562/3/3 5695/3/3 5687/3/3 5557/3/3
f 5561/3/4 5558/3/4 5696/3/4 5694/3/4
f 5695/3/6 5694/3/6 5696/3/6 5687/3/6
f 5690/4/2 5689/4/2 5697/4/2 5698/4/2
f 5558/4/4 5698/4/4 5697/4/4 5696/4/4
f 5687/4/6 5696/4/6 5697/4/6 5689/4/6
f 5557/4/5 5690/4/5 5698/4/5 5558/4/5
f 5564/2/2 5693/2/2 5699/2/2 5565/2/2
f 5553/2/1 5563/2/1 5700/2/1 5691/2/1
f 5554/1/2 5701/1/2 5702/1/2 5567/1/2
f 5555/1/1 5566/1/1 5703/1/1 5692/1/1
f 5555/1/3 5692/1/3 5701/1/3 5554/1/3
f 5692/1/6 5703/1/6 5702/1/6 5701/1/6
f 5563/2/1 5573/2/1 5704/2/1 5700/2/1
f 5565/2/3 5699/2/3 5703/2/3 5566/2/3
f 5567/1/2 5702/1/2 5705/1/2 5574/1/2
f 5703/1/6 5706/1/6 5705/1/6 5702/1/6
f 5571/1/1 5707/1/1 5708/1/1 5709/1/1
f 5571/1/3 5709/1/3 5710/1/3 5578/1/3
f 5709/1/6 5708/1/6 5711/1/6 5710/1/6
f 5571/1/5 5578/1/5 5577/1/5 5707/1/5
f 5578/2/3 5710/2/3 5704/2/3 5573/2/3
f 5574/1/2 5705/1/2 5712/1/2 5582/1/2
f 5575/1/5 5574/1/5 5582/1/5 5580/1/5
f 5707/1/1 5713/1/1 5714/1/1 5708/1/1
f 5713/1/4 5715/1/4 5716/1/4 5714/1/4
f 5708/1/6 5714/1/6 5716/1/6 5711/1/6
f 5707/1/5 5577/1/5 5715/1/5 5713/1/5
f 5715/1/4 5581/1/4 5717/1/4 5716/1/4
f 5577/1/5 5579/1/5 5581/1/5 5715/1/5
f 5582/1/2 5712/1/2 5718/1/2 5583/1/2
f 5719/1/6 5720/1/6 5718/1/6 5712/1/6
f 5581/1/1 5584/1/1 5721/1/1 5717/1/1
f 5720/1/6 5722/1/6 5723/1/6 5718/1/6
f 5724/2/2 5725/2/2 5726/2/2 5587/2/2
f 5583/2/3 5718/2/3 5725/2/3 5724/2/3
f 5718/2/6 5723/2/6 5726/2/6 5725/2/6
f 5583/2/5 5724/2/5 5587/2/5 5585/2/5
f 5584/2/1 5586/2/1 5727/2/1 5721/2/1
f 5590/2/4 5593/2/4 5728/2/4 5729/2/4
f 5722/2/6 5729/2/6 5728/2/6 5723/2/6
f 5587/2/2 5726/2/2 5730/2/2 5588/2/2
f 5593/2/4 5588/2/4 5730/2/4 5728/2/4
f 5586/1/1 5589/1/1 5731/1/1 5727/1/1
f 5590/2/2 5729/2/2 5732/2/2 5591/2/2
f 5733/3/1 5609/3/1 5734/3/1 5735/3/1
f 5733/3/3 5735/3/3 5736/3/3 5599/3/3
f 5735/3/6 5734/3/6 5737/3/6 5736/3/6
f 5733/3/5 5599/3/5 5598/3/5 5609/3/5
f 5596/4/2 5738/4/2 5739/4/2 5597/4/2
f 5599/4/3 5736/4/3 5738/4/3 5596/4/3
f 5736/4/6 5737/4/6 5739/4/6 5738/4/6
f 5589/1/1 5600/1/1 5740/1/1 5731/1/1
f 5592/4/2 5741/4/2 5742/4/2 5602/4/2
f 5591/4/3 5732/4/3 5741/4/3 5592/4/3
f 5607/3/2 5743/3/2 5744/3/2 5608/3/2
f 5606/3/1 5605/3/1 5745/3/1 5746/3/1
f 5606/3/3 5746/3/3 5743/3/3 5607/3/3
f 5605/3/4 5608/3/4 5744/3/4 5745/3/4
f 5746/3/6 5745/3/6 5744/3/6 5743/3/6
f 5609/4/1 5610/4/1 5747/4/1 5734/4/1
f 5610/4/4 5611/4/4 5748/4/4 5747/4/4
f 5737/3/6 5748/3/6 5749/3/6 5739/3/6
f 5750/4/2 5751/4/2 5752/4/2 5753/4/2
f 5597/4/3 5739/4/3 5751/4/3 5750/4/3
f 5612/4/4 5753/4/4 5752/4/4 5749/4/4
f 5597/4/5 5750/4/5 5753/4/5 5612/4/5
f 5600/2/1 5613/2/1 5754/2/1 5740/2/1
f 5601/2/2 5755/2/2 5756/2/2 5615/2/2
f 5602/2/3 5742/2/3 5755/2/3 5601/2/3
f 5616/2/4 5615/2/4 5756/2/4 5757/2/4
f 5612/4/2 5749/4/2 5758/4/2 5759/4/2
f 5611/4/1 5760/4/1 5761/4/1 5748/4/1
f 5760/4/4 5759/4/4 5758/4/4 5761/4/4
f 5748/4/6 5761/4/6 5758/4/6 5749/4/6
f 5611/4/5 5612/4/5 5759/4/5 5760/4/5
f 5623/2/1 5622/2/1 5762/2/1 5763/2/1
f 5623/2/3 5763/2/3 5754/2/3 5613/2/3
f 5616/1/2 5757/1/2 5764/1/2 5625/1/2
f 5765/1/6 5766/1/6 5764/1/6 5757/1/6
f 5622/2/1 5633/2/1 5767/2/1 5762/2/1
f 5622/2/5 5624/2/5 5626/2/5 5633/2/5
f 5766/2/6 5768/2/6 5769/2/6 5764/2/6
f 5628/1/2 5770/1/2 5771/1/2 5629/1/2
f 5625/1/3 5764/1/3 5770/1/3 5628/1/3
f 5764/1/6 5769/1/6 5771/1/6 5770/1/6
f 5633/2/1 5632/2/1 5772/2/1 5767/2/1
f 5632/2/4 5637/2/4 5773/2/4 5772/2/4
f 5768/2/6 5774/2/6 5775/2/6 5769/2/6
f 5629/1/2 5771/1/2 5776/1/2 5777/1/2
f 5769/1/6 5775/1/6 5776/1/6 5771/1/6
f 5630/1/5 5629/1/5 5777/1/5 5634/1/5
f 5637/2/1 5636/2/1 5778/2/1 5773/2/1
f 5774/2/6 5779/2/6 5780/2/6 5775/2/6
f 5777/1/2 5776/1/2 5781/1/2 5782/1/2
f 5775/1/6 5780/1/6 5781/1/6 5776/1/6
f 5634/1/5 5777/1/5 5782/1/5 5638/1/5
f 5636/2/1 5639/2/1 5783/2/1 5778/2/1
f 5779/2/6 5784/2/6 5785/2/6 5780/2/6
f 5782/1/2 5781/1/2 5786/1/2 5787/1/2
f 5640/1/4 5787/1/4 5786/1/4 5785/1/4
f 5780/1/6 5785/1/6 5786/1/6 5781/1/6
f 5638/1/5 5782/1/5 5787/1/5 5640/1/5
f 5644/1/1 5643/1/1 5788/1/1 5789/1/1
f 5644/1/3 5789/1/3 5790/1/3 5645/1/3
f 5789/1/6 5788/1/6 5791/1/6 5790/1/6
f 5645/1/3 5790/1/3 5783/1/3 5639/1/3
f 5790/1/6 5791/1/6 5792/1/6 5783/1/6
f 5640/1/2 5785/1/2 5793/1/2 5648/1/2
f 5651/1/4 5648/1/4 5793/1/4 5794/1/4
f 5784/1/6 5794/1/6 5793/1/6 5785/1/6
f 5643/1/1 5795/1/1 5796/1/1 5788/1/1
f 5788/1/6 5796/1/6 5797/1/6 5791/1/6
f 5643/1/5 5646/1/5 5654/1/5 5795/1/5
f 5791/1/6 5797/1/6 5798/1/6 5792/1/6
f 5646/1/5 5647/1/5 5649/1/5 5654/1/5
f 5651/1/2 5794/1/2 5799/1/2 5652/1/2
f 5795/1/1 5800/1/1 5801/1/1 5796/1/1
f 5800/1/4 5653/1/4 5802/1/4 5801/1/4
f 5796/1/6 5801/1/6 5802/1/6 5797/1/6
f 5795/1/5 5654/1/5 5653/1/5 5800/1/5
f 5797/2/6 5802/2/6 5803/2/6 5798/2/6
f 5652/1/2 5799/1/2 5804/1/2 5656/1/2
f 5653/2/1 5658/2/1 5805/2/1 5802/2/1
f 5658/2/4 5659/2/4 5806/2/4 5805/2/4
f 5659/1/4 5660/1/4 5807/1/4 5806/1/4
f 5656/2/2 5804/2/2 5808/2/2 5661/2/2
f 5660/2/4 5661/2/4 5808/2/4 5807/2/4
f 5809/2/6 5807/2/6 5808/2/6 5804/2/6
f 5663/2/2 5810/2/2 5811/2/2 5664/2/2
f 5667/2/1 5666/2/1 5812/2/1 5813/2/1
f 5667/2/3 5813/2/3 5810/2/3 5663/2/3
f 5666/2/4 5664/2/4 5811/2/4 5812/2/4
f 5813/2/6 5812/2/6 5811/2/6 5810/2/6
f 5677/2/2 5814/2/2 5815/2/2 5682/2/2
f 5675/2/1 5678/2/1 5816/2/1 5817/2/1
f 5675/2/3 5817/2/3 5814/2/3 5677/2/3
f 5678/2/4 5682/2/4 5815/2/4 5816/2/4
f 5817/2/6 5816/2/6 5815/2/6 5814/2/6
f 5675/2/5 5677/2/5 5682/2/5 5678/2/5
f 5683/2/2 5818/2/2 5819/2/2 5693/2/2
f 5681/2/1 5691/2/1 5820/2/1 5821/2/1
f 5681/2/3 5821/2/3 5818/2/3 5683/2/3
f 5693/2/2 5819/2/2 5822/2/2 5699/2/2
f 5691/2/1 5700/2/1 5823/2/1 5820/2/1
f 5696/1/1 5709/1/1 5824/1/1 5825/1/1
f 5696/1/3 5825/1/3 5826/1/3 5697/1/3
f 5709/1/4 5710/1/4 5827/1/4 5824/1/4
f 5825/1/6 5824/1/6 5827/1/6 5826/1/6
f 5696/1/5 5697/1/5 5710/1/5 5709/1/5
f 5697/1/3 5826/1/3 5823/1/3 5700/1/3
f 5826/1/6 5827/1/6 5828/1/6 5823/1/6
f 5697/1/5 5700/1/5 5704/1/5 5710/1/5
f 5703/1/2 5829/1/2 5830/1/2 5706/1/2
f 5699/1/3 5822/1/3 5829/1/3 5703/1/3
f 5822/1/6 5831/1/6 5830/1/6 5829/1/6
f 5710/2/1 5711/2/1 5832/2/1 5827/2/1
f 5831/1/6 5833/1/6 5834/1/6 5830/1/6
f 5705/1/2 5835/1/2 5836/1/2 5712/1/2
f 5706/1/3 5830/1/3 5835/1/3 5705/1/3
f 5719/1/4 5712/1/4 5836/1/4 5834/1/4
f 5830/1/6 5834/1/6 5836/1/6 5835/1/6
f 5711/2/1 5716/2/1 5837/2/1 5832/2/1
f 5832/2/6 5837/2/6 5838/2/6 5839/2/6
f 5719/1/2 5834/1/2 5840/1/2 5720/1/2
f 5833/1/6 5841/1/6 5840/1/6 5834/1/6
f 5716/1/1 5842/1/1 5843/1/1 5837/1/1
f 5842/1/4 5721/1/4 5844/1/4 5843/1/4
f 5716/1/5 5717/1/5 5721/1/5 5842/1/5
f 5720/2/2 5840/2/2 5845/2/2 5722/2/2
f 5721/1/1 5727/1/1 5846/1/1 5844/1/1
f 5722/2/2 5845/2/2 5847/2/2 5729/2/2
f 5726/2/2 5848/2/2 5849/2/2 5730/2/2
f 5723/2/1 5728/2/1 5850/2/1 5851/2/1
f 5723/2/3 5851/2/3 5848/2/3 5726/2/3
f 5851/2/6 5850/2/6 5849/2/6 5848/2/6
f 5727/2/1 5731/2/1 5852/2/1 5846/2/1
f 5729/2/2 5847/2/2 5853/2/2 5732/2/2
f 5730/2/2 5849/2/2 5854/2/2 5855/2/2
f 5728/2/1 5741/2/1 5856/2/1 5850/2/1
f 5741/2/4 5855/2/4 5854/2/4 5856/2/4
f 5850/2/6 5856/2/6 5854/2/6 5849/2/6
f 5728/2/5 5730/2/5 5855/2/5 5741/2/5
f 5731/1/1 5740/1/1 5857/1/1 5852/1/1
f 5741/2/2 5856/2/2 5858/2/2 5742/2/2
f 5732/2/3 5853/2/3 5856/2/3 5741/2/3
f 5737/3/2 5859/3/2 5860/3/2 5748/3/2
f 5734/3/1 5747/3/1 5861/3/1 5862/3/1
f 5734/3/3 5862/3/3 5859/3/3 5737/3/3
f 5747/3/4 5748/3/4 5860/3/4 5861/3/4
f 5751/4/2 5863/4/2 5864/4/2 5752/4/2
f 5739/4/1 5749/4/1 5865/4/1 5866/4/1
f 5739/4/3 5866/4/3 5863/4/3 5751/4/3
f 5749/4/4 5752/4/4 5864/4/4 5865/4/4
f 5740/1/1 5754/1/1 5867/1/1 5857/1/1
f 5765/1/4 5757/1/4 5868/1/4 5869/1/4
f 5870/1/6 5869/1/6 5868/1/6 5858/1/6
f 5755/2/2 5871/2/2 5872/2/2 5756/2/2
f 5742/2/3 5858/2/3 5871/2/3 5755/2/3
f 5757/2/4 5756/2/4 5872/2/4 5868/2/4
f 5858/2/6 5868/2/6 5872/2/6 5871/2/6
f 5763/2/1 5762/2/1 5873/2/1 5874/2/1
f 5763/2/3 5874/2/3 5867/2/3 5754/2/3
f 5765/2/2 5869/2/2 5875/2/2 5766/2/2
f 5762/1/1 5767/1/1 5876/1/1 5873/1/1
f 5873/1/6 5876/1/6 5877/1/6 5878/1/6
f 5766/2/2 5875/2/2 5879/2/2 5768/2/2
f 5767/2/1 5772/2/1 5880/2/1 5876/2/1
f 5772/2/4 5773/2/4 5881/2/4 5880/2/4
f 5768/2/2 5879/2/2 5882/2/2 5774/2/2
f 5773/2/1 5778/2/1 5883/2/1 5881/2/1
f 5774/1/2 5882/1/2 5884/1/2 5779/1/2
f 5778/2/1 5783/2/1 5885/2/1 5883/2/1
f 5779/2/2 5884/2/2 5886/2/2 5784/2/2
f 5783/1/1 5792/1/1 5887/1/1 5885/1/1
f 5784/1/2 5886/1/2 5888/1/2 5794/1/2
f 5792/1/1 5798/1/1 5889/1/1 5887/1/1
f 5794/2/2 5888/2/2 5890/2/2 5799/2/2
f 5891/2/6 5892/2/6 5890/2/6 5888/2/6
f 5798/2/1 5803/2/1 5893/2/1 5889/2/1
f 5799/2/2 5890/2/2 5894/2/2 5804/2/2
f 5809/2/4 5804/2/4 5894/2/4 5895/2/4
f 5892/2/6 5895/2/6 5894/2/6 5890/2/6
f 5802/2/1 5805/2/1 5896/2/1 5897/2/1
f 5802/2/3 5897/2/3 5893/2/3 5803/2/3
f 5809/1/2 5895/1/2 5898/1/2 5807/1/2
f 5806/1/4 5807/1/4 5898/1/4 5899/1/4
f 5806/2/2 5899/2/2 5900/2/2 5813/2/2
f 5805/2/1 5901/2/1 5902/2/1 5896/2/1
f 5901/2/4 5813/2/4 5900/2/4 5902/2/4
f 5896/2/6 5902/2/6 5900/2/6 5899/2/6
f 5805/2/5 5806/2/5 5813/2/5 5901/2/5
f 5815/2/2 5903/2/2 5904/2/2 5818/2/2
f 5816/2/1 5821/2/1 5905/2/1 5906/2/1
f 5816/2/3 5906/2/3 5903/2/3 5815/2/3
f 5906/2/6 5905/2/6 5904/2/6 5903/2/6
f 5816/2/5 5815/2/5 5818/2/5 5821/2/5
f 5818/1/2 5904/1/2 5907/1/2 5819/1/2
f 5821/1/1 5820/1/1 5908/1/1 5905/1/1
f 5905/1/6 5908/1/6 5907/1/6 5904/1/6
f 5819/1/2 5907/1/2 5909/1/2 5822/1/2
f 5820/1/1 5823/1/1 5910/1/1 5908/1/1
f 5908/1/6 5910/1/6 5909/1/6 5907/1/6
f 5822/1/2 5909/1/2 5911/1/2 5831/1/2
f 5823/1/1 5828/1/1 5912/1/1 5910/1/1
f 5910/1/6 5912/1/6 5911/1/6 5909/1/6
f 5827/2/1 5832/2/1 5913/2/1 5914/2/1
f 5827/2/3 5914/2/3 5912/2/3 5828/2/3
f 5832/2/4 5839/2/4 5915/2/4 5913/2/4
f 5914/2/6 5913/2/6 5915/2/6 5912/2/6
f 5831/2/2 5911/2/2 5916/2/2 5833/2/2
f 5833/2/2 5916/2/2 5917/2/2 5841/2/2
f 5839/2/1 5838/2/1 5918/2/1 5915/2/1
f 5837/1/1 5843/1/1 5919/1/1 5920/1/1
f 5837/1/3 5920/1/3 5918/1/3 5838/1/3
f 5843/1/4 5844/1/4 5921/1/4 5919/1/4
f 5840/2/2 5922/2/2 5923/2/2 5845/2/2
f 5841/2/3 5917/2/3 5922/2/3 5840/2/3
f 5844/1/1 5846/1/1 5924/1/1 5921/1/1
f 5845/2/2 5923/2/2 5925/2/2 5847/2/2
f 5846/1/1 5852/1/1 5926/1/1 5924/1/1
f 5850/1/2 5927/1/2 5928/1/2 5856/1/2
f 5847/1/3 5925/1/3 5927/1/3 5850/1/3
f 5925/1/6 5929/1/6 5928/1/6 5927/1/6
f 5847/1/5 5850/1/5 5856/1/5 5853/1/5
f 5852/1/1 5857/1/1 5930/1/1 5926/1/1
f 5856/2/2 5928/2/2 5931/2/2 5858/2/2
f 5870/2/4 5858/2/4 5931/2/4 5932/2/4
f 5859/3/2 5933/3/2 5934/3/2 5860/3/2
f 5862/3/1 5861/3/1 5935/3/1 5936/3/1
f 5862/3/3 5936/3/3 5933/3/3 5859/3/3
f 5861/3/4 5860/3/4 5934/3/4 5935/3/4
f 5936/3/6 5935/3/6 5934/3/6 5933/3/6
f 5863/4/2 5937/4/2 5938/4/2 5864/4/2
f 5866/4/1 5865/4/1 5939/4/1 5940/4/1
f 5866/4/3 5940/4/3 5937/4/3 5863/4/3
f 5865/4/4 5864/4/4 5938/4/4 5939/4/4
f 5940/4/6 5939/4/6 5938/4/6 5937/4/6
f 5941/1/1 5874/1/1 5942/1/1 5943/1/1
f 5941/1/3 5943/1/3 5930/1/3 5857/1/3
f 5943/1/6 5942/1/6 5944/1/6 5930/1/6
f 5941/1/5 5857/1/5 5867/1/5 5874/1/5
f 5870/2/2 5932/2/2 5945/2/2 5869/2/2
f 5874/1/1 5873/1/1 5946/1/1 5942/1/1
f 5873/1/4 5878/1/4 5947/1/4 5946/1/4
f 5869/2/2 5945/2/2 5948/2/2 5875/2/2
f 5878/1/1 5877/1/1 5949/1/1 5947/1/1
f 5950/2/2 5951/2/2 5952/2/2 5953/2/2
f 5875/2/3 5948/2/3 5951/2/3 5950/2/3
f 5948/2/6 5954/2/6 5952/2/6 5951/2/6
f 5875/2/5 5950/2/5 5953/2/5 5879/2/5
f 5876/2/1 5880/2/1 5955/2/1 5956/2/1
f 5876/2/3 5956/2/3 5949/2/3 5877/2/3
f 5953/2/2 5952/2/2 5957/2/2 5958/2/2
f 5954/2/6 5959/2/6 5957/2/6 5952/2/6
f 5879/2/5 5953/2/5 5958/2/5 5882/2/5
f 5960/1/1 5961/1/1 5962/1/1 5963/1/1
f 5960/1/3 5963/1/3 5955/1/3 5880/1/3
f 5963/1/6 5962/1/6 5964/1/6 5955/1/6
f 5960/1/5 5880/1/5 5965/1/5 5961/1/5
f 5880/2/5 5881/2/5 5883/2/5 5965/2/5
f 5966/1/6 5967/1/6 5968/1/6 5959/1/6
f 5958/2/2 5957/2/2 5969/2/2 5970/2/2
f 5884/2/4 5970/2/4 5969/2/4 5968/2/4
f 5959/2/6 5968/2/6 5969/2/6 5957/2/6
f 5882/2/5 5958/2/5 5970/2/5 5884/2/5
f 5961/1/1 5971/1/1 5972/1/1 5962/1/1
f 5962/1/6 5972/1/6 5973/1/6 5964/1/6
f 5961/1/5 5965/1/5 5974/1/5 5971/1/5
f 5974/2/4 5885/2/4 5975/2/4 5973/2/4
f 5965/2/5 5883/2/5 5885/2/5 5974/2/5
f 5884/1/2 5968/1/2 5976/1/2 5886/1/2
f 5967/1/6 5977/1/6 5976/1/6 5968/1/6
f 5974/2/2 5973/2/2 5978/2/2 5979/2/2
f 5971/2/1 5980/2/1 5981/2/1 5972/2/1
f 5980/2/4 5979/2/4 5978/2/4 5981/2/4
f 5972/2/6 5981/2/6 5978/2/6 5973/2/6
f 5971/2/5 5974/2/5 5979/2/5 5980/2/5
f 5885/1/1 5887/1/1 5982/1/1 5975/1/1
f 5975/1/6 5982/1/6 5983/1/6 5977/1/6
f 5886/2/2 5976/2/2 5984/2/2 5888/2/2
f 5891/2/4 5888/2/4 5984/2/4 5983/2/4
f 5977/2/6 5983/2/6 5984/2/6 5976/2/6
f 5891/2/2 5983/2/2 5985/2/2 5892/2/2
f 5887/2/1 5889/2/1 5986/2/1 5982/2/1
f 5982/2/6 5986/2/6 5985/2/6 5983/2/6
f 5987/1/1 5897/1/1 5988/1/1 5989/1/1
f 5987/1/3 5989/1/3 5986/1/3 5889/1/3
f 5989/1/6 5988/1/6 5990/1/6 5986/1/6
f 5987/1/5 5889/1/5 5893/1/5 5897/1/5
f 5892/2/2 5985/2/2 5991/2/2 5895/2/2
f 5986/2/6 5990/2/6 5991/2/6 5985/2/6
f 5897/2/1 5896/2/1 5992/2/1 5988/2/1
f 5896/2/4 5899/2/4 5993/2/4 5992/2/4
f 5988/2/6 5992/2/6 5993/2/6 5990/2/6
f 5895/2/2 5991/2/2 5994/2/2 5898/2/2
f 5899/2/4 5898/2/4 5994/2/4 5993/2/4
f 5990/2/6 5993/2/6 5994/2/6 5991/2/6
f 5911/2/2 5995/2/2 5996/2/2 5916/2/2
f 5912/2/1 5915/2/1 5997/2/1 5998/2/1
f 5912/2/3 5998/2/3 5995/2/3 5911/2/3
f 5915/2/1 5918/2/1 5999/2/1 5997/2/1
f 5997/2/6 5999/2/6 6000/2/6 5996/2/6
f 6001/2/2 6002/2/2 6003/2/2 5922/2/2
f 5916/2/3 5996/2/3 6002/2/3 6001/2/3
f 5916/2/5 6001/2/5 5922/2/5 5917/2/5
f 5920/1/1 5919/1/1 6004/1/1 6005/1/1
f 5920/1/3 6005/1/3 5999/1/3 5918/1/3
f 5919/1/4 5921/1/4 6006/1/4 6004/1/4
f 5999/2/6 6006/2/6 6007/2/6 6000/2/6
f 5922/1/2 6003/1/2 6008/1/2 5923/1/2
f 6000/1/6 6007/1/6 6008/1/6 6003/1/6
f 5921/2/1 5924/2/1 6009/2/1 6006/2/1
f 6006/2/6 6009/2/6 6010/2/6 6007/2/6
f 5923/2/2 6008/2/2 6011/2/2 5925/2/2
f 6007/2/6 6010/2/6 6011/2/6 6008/2/6
f 5924/1/1 5926/1/1 6012/1/1 6009/1/1
f 5925/1/2 6011/1/2 6013/1/2 5929/1/2
f 6010/1/6 6014/1/6 6013/1/6 6011/1/6
f 5926/1/1 5930/1/1 6015/1/1 6012/1/1
f 6012/1/6 6015/1/6 6016/1/6 6014/1/6
f 6014/2/6 6016/2/6 6017/2/6 6013/2/6
f 5928/1/2 6018/1/2 6019/1/2 5931/1/2
f 5929/1/3 6013/1/3 6018/1/3 5928/1/3
f 6013/1/6 6017/1/6 6019/1/6 6018/1/6
f 5930/1/1 5944/1/1 6020/1/1 6015/1/1
f 5931/2/2 6019/2/2 6021/2/2 6022/2/2
f 6017/2/6 6023/2/6 6021/2/6 6019/2/6
f 5932/2/5 5931/2/5 6022/2/5 5945/2/5
f 5942/1/1 5946/1/1 6024/1/1 6025/1/1
f 5942/1/3 6025/1/3 6020/1/3 5944/1/3
f 6026/2/6 6027/2/6 6028/2/6 6023/2/6
f 6022/2/2 6021/2/2 6029/2/2 5951/2/2
f 5948/2/4 5951/2/4 6029/2/4 6028/2/4
f 6023/2/6 6028/2/6 6029/2/6 6021/2/6
f 5945/2/5 6022/2/5 5951/2/5 5948/2/5
f 5946/1/1 5956/1/1 6030/1/1 6024/1/1
f 5946/1/5 5947/1/5 5949/1/5 5956/1/5
f 5948/2/2 6028/2/2 6031/2/2 5954/2/2
f 5956/2/1 5955/2/1 6032/2/1 6030/2/1
f 6030/2/6 6032/2/6 6033/2/6 6034/2/6
f 6034/2/6 6033/2/6 6035/2/6 6036/2/6
f 5954/2/2 6031/2/2 6037/2/2 5959/2/2
f 5966/2/4 5959/2/4 6037/2/4 6035/2/4
f 6036/2/6 6035/2/6 6037/2/6 6031/2/6
f 5955/2/1 5964/2/1 6038/2/1 6032/2/1
f 5966/2/2 6035/2/2 6039/2/2 5967/2/2
f 5964/2/1 5973/2/1 6040/2/1 6038/2/1
f 5973/2/4 5975/2/4 6041/2/4 6040/2/4
f 6038/2/6 6040/2/6 6041/2/6 6042/2/6
f 5967/1/2 6039/1/2 6043/1/2 5977/1/2
f 5975/1/4 5977/1/4 6043/1/4 6041/1/4
f 6042/1/6 6041/1/6 6043/1/6 6039/1/6
f 6044/2/2 6045/2/2 6046/2/2 6047/2/2
f 6048/2/1 5995/2/1 6049/2/1 6050/2/1
f 6048/2/3 6050/2/3 6045/2/3 6044/2/3
f 6050/2/6 6049/2/6 6046/2/6 6045/2/6
f 6048/2/5 6044/2/5 6047/2/5 5995/2/5
f 5998/1/1 5997/1/1 6051/1/1 6052/1/1
f 5998/1/3 6052/1/3 6049/1/3 5995/1/3
f 5997/1/4 5996/1/4 6053/1/4 6051/1/4
f 6052/1/6 6051/1/6 6053/1/6 6049/1/6
f 6047/2/2 6046/2/2 6054/2/2 6002/2/2
f 6049/2/6 6053/2/6 6054/2/6 6046/2/6
f 5995/2/5 6047/2/5 6002/2/5 5996/2/5
f 6002/2/2 6054/2/2 6055/2/2 6003/2/2
f 5996/2/1 6000/2/1 6056/2/1 6053/2/1
f 6000/2/4 6003/2/4 6055/2/4 6056/2/4
f 6053/2/6 6056/2/6 6055/2/6 6054/2/6
f 5999/2/2 6057/2/2 6058/2/2 6006/2/2
f 6005/2/1 6004/2/1 6059/2/1 6060/2/1
f 6005/2/3 6060/2/3 6057/2/3 5999/2/3
f 6004/2/4 6006/2/4 6058/2/4 6059/2/4
f 6060/2/6 6059/2/6 6058/2/6 6057/2/6
f 6061/2/2 6062/2/2 6063/2/2 6064/2/2
f 6003/2/1 6008/2/1 6065/2/1 6055/2/1
f 6003/2/3 6055/2/3 6062/2/3 6061/2/3
f 6008/2/4 6064/2/4 6063/2/4 6065/2/4
f 6055/2/6 6065/2/6 6063/2/6 6062/2/6
f 6003/2/5 6061/2/5 6064/2/5 6008/2/5
f 6010/2/2 6066/2/2 6067/2/2 6014/2/2
f 6009/2/1 6012/2/1 6068/2/1 6069/2/1
f 6009/2/3 6069/2/3 6066/2/3 6010/2/3
f 6012/2/4 6014/2/4 6067/2/4 6068/2/4
f 6069/2/6 6068/2/6 6067/2/6 6066/2/6
f 6012/2/2 6068/2/2 6070/2/2 6015/2/2
f 6071/2/1 6072/2/1 6073/2/1 6074/2/1
f 6071/2/3 6074/2/3 6068/2/3 6012/2/3
f 6072/2/4 6015/2/4 6070/2/4 6073/2/4
f 6074/2/6 6073/2/6 6070/2/6 6068/2/6
f 6071/2/5 6012/2/5 6015/2/5 6072/2/5
f 6015/1/1 6020/1/1 6075/1/1 6070/1/1
f 6015/1/3 6070/1/3 6076/1/3 6016/1/3
f 6070/1/6 6075/1/6 6077/1/6 6076/1/6
f 6017/2/2 6078/2/2 6079/2/2 6023/2/2
f 6016/2/3 6076/2/3 6078/2/3 6017/2/3
f 6026/2/4 6023/2/4 6079/2/4 6077/2/4
f 6076/2/6 6077/2/6 6079/2/6 6078/2/6
f 6080/1/1 6081/1/1 6082/1/1 6083/1/1
f 6080/1/3 6083/1/3 6084/1/3 6025/1/3
f 6081/1/4 6024/1/4 6085/1/4 6082/1/4
f 6083/1/6 6082/1/6 6085/1/6 6084/1/6
f 6080/1/5 6025/1/5 6024/1/5 6081/1/5
f 6025/1/3 6084/1/3 6075/1/3 6020/1/3
f 6084/1/6 6085/1/6 6086/1/6 6075/1/6
f 6026/2/2 6077/2/2 6087/2/2 6027/2/2
f 6075/2/6 6086/2/6 6087/2/6 6077/2/6
f 6024/2/1 6030/2/1 6088/2/1 6085/2/1
f 6030/2/4 6034/2/4 6089/2/4 6088/2/4
f 6085/2/6 6088/2/6 6089/2/6 6086/2/6
f 6034/2/4 6036/2/4 6090/2/4 6089/2/4
f 6086/2/6 6089/2/6 6090/2/6 6087/2/6
f 6028/2/2 6091/2/2 6092/2/2 6031/2/2
f 6027/2/3 6087/2/3 6091/2/3 6028/2/3
f 6036/2/4 6031/2/4 6092/2/4 6090/2/4
f 6087/2/6 6090/2/6 6092/2/6 6091/2/6
f 6032/2/1 6038/2/1 6093/2/1 6094/2/1
f 6032/2/3 6094/2/3 6095/2/3 6033/2/3
f 6038/2/4 6042/2/4 6096/2/4 6093/2/4
f 6094/2/6 6093/2/6 6096/2/6 6095/2/6
f 6035/2/2 6097/2/2 6098/2/2 6039/2/2
f 6033/2/3 6095/2/3 6097/2/3 6035/2/3
f 6042/2/4 6039/2/4 6098/2/4 6096/2/4
f 6095/2/6 6096/2/6 6098/2/6 6097/2/6
