mtllib Manzano_Mateo_Andres_Guzmán_Reyes_fase_4.mtl
o Manzano_Mateo_Andres_Guzmán_Reyes_fase_4
v -12.0000 8.0000 -4.0000
v -11.0000 8.0000 -4.0000
v -11.0000 8.0000 -5.0000
v -12.0000 8.0000 -5.0000
v -12.0000 7.0000 -4.0000
v -12.0000 7.0000 -5.0000
v -11.0000 7.0000 -5.0000
v -11.0000 7.0000 -4.0000
v -11.0000 5.0000 -2.0000
v -11.0000 5.0000 -3.0000
v -10.0000 5.0000 -3.0000
v -10.0000 5.0000 -2.0000
v -10.0000 6.0000 -2.0000
v -11.0000 6.0000 -2.0000
v -11.0000 6.0000 -3.0000
v -10.0000 7.0000 -2.0000
v -11.0000 7.0000 -2.0000
v -11.0000 7.0000 -3.0000
v -10.0000 8.0000 -2.0000
v -11.0000 8.0000 -2.0000
v -11.0000 8.0000 -3.0000
v -11.0000 9.0000 -2.0000
v -10.0000 9.0000 -2.0000
v -10.0000 9.0000 -3.0000
v -11.0000 9.0000 -3.0000
v -11.0000 12.0000 -2.0000
v -10.0000 12.0000 -2.0000
v -10.0000 12.0000 -3.0000
v -11.0000 12.0000 -3.0000
v -11.0000 11.0000 -2.0000
v -11.0000 11.0000 -3.0000
v -10.0000 11.0000 -3.0000
v -10.0000 11.0000 -2.0000
v -11.0000 5.0000 -4.0000
v -10.0000 5.0000 -4.0000
v -11.0000 6.0000 -4.0000
v -11.0000 9.0000 -4.0000
v -11.0000 10.0000 -3.0000
v -10.0000 10.0000 -3.0000
v -10.0000 10.0000 -4.0000
v -11.0000 10.0000 -4.0000
v -10.0000 12.0000 -4.0000
v -11.0000 12.0000 -4.0000
v -11.0000 11.0000 -4.0000
v -10.0000 11.0000 -4.0000
v -11.0000 5.0000 -5.0000
v -10.0000 5.0000 -5.0000
v -11.0000 6.0000 -5.0000
v -11.0000 9.0000 -5.0000
v -10.0000 10.0000 -5.0000
v -11.0000 10.0000 -5.0000
v -11.0000 11.0000 -5.0000
v -10.0000 11.0000 -5.0000
v -11.0000 12.0000 -5.0000
v -10.0000 12.0000 -5.0000
v -11.0000 13.0000 -4.0000
v -10.0000 13.0000 -4.0000
v -10.0000 13.0000 -5.0000
v -11.0000 13.0000 -5.0000
v -11.0000 5.0000 -6.0000
v -10.0000 5.0000 -6.0000
v -11.0000 6.0000 -6.0000
v -10.0000 6.0000 -6.0000
v -11.0000 7.0000 -6.0000
v -10.0000 7.0000 -6.0000
v -11.0000 8.0000 -6.0000
v -10.0000 8.0000 -6.0000
v -11.0000 9.0000 -6.0000
v -10.0000 9.0000 -6.0000
v -10.0000 10.0000 -6.0000
v -11.0000 10.0000 -6.0000
v -10.0000 13.0000 -6.0000
v -11.0000 13.0000 -6.0000
v -11.0000 12.0000 -6.0000
v -10.0000 12.0000 -6.0000
v -10.0000 3.0000 7.0000
v -10.0000 3.0000 6.0000
v -9.0000 3.0000 6.0000
v -9.0000 3.0000 7.0000
v -9.0000 4.0000 7.0000
v -10.0000 4.0000 7.0000
v -10.0000 4.0000 6.0000
v -9.0000 4.0000 6.0000
v -9.0000 5.0000 7.0000
v -10.0000 5.0000 7.0000
v -10.0000 5.0000 6.0000
v -9.0000 6.0000 7.0000
v -10.0000 6.0000 7.0000
v -10.0000 6.0000 6.0000
v -10.0000 7.0000 7.0000
v -9.0000 7.0000 7.0000
v -9.0000 7.0000 6.0000
v -10.0000 7.0000 6.0000
v -10.0000 4.0000 5.0000
v -9.0000 4.0000 5.0000
v -10.0000 5.0000 5.0000
v -10.0000 6.0000 5.0000
v -9.0000 7.0000 5.0000
v -10.0000 7.0000 5.0000
v -10.0000 3.0000 5.0000
v -10.0000 3.0000 4.0000
v -9.0000 3.0000 4.0000
v -9.0000 3.0000 5.0000
v -10.0000 4.0000 4.0000
v -10.0000 5.0000 4.0000
v -10.0000 6.0000 4.0000
v -9.0000 7.0000 4.0000
v -10.0000 7.0000 4.0000
v -10.0000 3.0000 3.0000
v -9.0000 3.0000 3.0000
v -10.0000 4.0000 3.0000
v -10.0000 5.0000 3.0000
v -10.0000 6.0000 3.0000
v -9.0000 7.0000 3.0000
v -10.0000 7.0000 3.0000
v -10.0000 3.0000 2.0000
v -9.0000 3.0000 2.0000
v -10.0000 4.0000 2.0000
v -10.0000 5.0000 2.0000
v -10.0000 6.0000 2.0000
v -9.0000 7.0000 2.0000
v -10.0000 7.0000 2.0000
v -10.0000 3.0000 1.0000
v -9.0000 3.0000 1.0000
v -10.0000 4.0000 1.0000
v -10.0000 5.0000 1.0000
v -10.0000 6.0000 1.0000
v -9.0000 7.0000 1.0000
v -10.0000 7.0000 1.0000
v -10.0000 3.0000 -0.0000
v -9.0000 3.0000 -0.0000
v -10.0000 4.0000 -0.0000
v -10.0000 5.0000 -0.0000
v -10.0000 6.0000 -0.0000
v -9.0000 7.0000 -0.0000
v -10.0000 7.0000 -0.0000
v -10.0000 3.0000 -1.0000
v -9.0000 3.0000 -1.0000
v -10.0000 4.0000 -1.0000
v -10.0000 5.0000 -1.0000
v -10.0000 6.0000 -1.0000
v -9.0000 7.0000 -1.0000
v -10.0000 7.0000 -1.0000
v -10.0000 3.0000 -2.0000
v -9.0000 3.0000 -2.0000
v -10.0000 4.0000 -2.0000
v -9.0000 7.0000 -2.0000
v -10.0000 3.0000 -3.0000
v -9.0000 3.0000 -3.0000
v -10.0000 4.0000 -3.0000
v -9.0000 8.0000 -2.0000
v -9.0000 9.0000 -2.0000
v -10.0000 10.0000 -2.0000
v -9.0000 10.0000 -2.0000
v -9.0000 10.0000 -3.0000
v -10.0000 3.0000 -4.0000
v -9.0000 3.0000 -4.0000
v -10.0000 4.0000 -4.0000
v -9.0000 4.0000 -4.0000
v -9.0000 5.0000 -4.0000
v -9.0000 11.0000 -3.0000
v -9.0000 12.0000 -3.0000
v -9.0000 12.0000 -4.0000
v -9.0000 11.0000 -4.0000
v -9.0000 5.0000 -5.0000
v -9.0000 13.0000 -4.0000
v -9.0000 13.0000 -5.0000
v -9.0000 5.0000 -6.0000
v -9.0000 6.0000 -6.0000
v -9.0000 7.0000 -6.0000
v -9.0000 8.0000 -6.0000
v -9.0000 9.0000 -6.0000
v -9.0000 10.0000 -6.0000
v -10.0000 11.0000 -6.0000
v -9.0000 11.0000 -6.0000
v -9.0000 12.0000 -6.0000
v -9.0000 13.0000 -6.0000
v -8.0000 4.0000 6.0000
v -8.0000 4.0000 7.0000
v -8.0000 5.0000 7.0000
v -8.0000 6.0000 7.0000
v -8.0000 7.0000 7.0000
v -8.0000 7.0000 6.0000
v -9.0000 1.0000 6.0000
v -8.0000 1.0000 6.0000
v -8.0000 1.0000 5.0000
v -9.0000 1.0000 5.0000
v -9.0000 0.0000 6.0000
v -9.0000 0.0000 5.0000
v -8.0000 0.0000 5.0000
v -8.0000 0.0000 6.0000
v -8.0000 3.0000 5.0000
v -8.0000 3.0000 6.0000
v -8.0000 8.0000 6.0000
v -9.0000 8.0000 6.0000
v -9.0000 8.0000 5.0000
v -8.0000 9.0000 6.0000
v -9.0000 9.0000 6.0000
v -9.0000 9.0000 5.0000
v -8.0000 10.0000 6.0000
v -9.0000 10.0000 6.0000
v -9.0000 10.0000 5.0000
v -9.0000 11.0000 6.0000
v -8.0000 11.0000 6.0000
v -8.0000 11.0000 5.0000
v -9.0000 11.0000 5.0000
v -9.0000 12.0000 6.0000
v -9.0000 12.0000 5.0000
v -8.0000 12.0000 5.0000
v -8.0000 12.0000 6.0000
v -8.0000 13.0000 6.0000
v -9.0000 13.0000 6.0000
v -9.0000 13.0000 5.0000
v -9.0000 14.0000 6.0000
v -8.0000 14.0000 6.0000
v -8.0000 14.0000 5.0000
v -9.0000 14.0000 5.0000
v -9.0000 16.0000 6.0000
v -9.0000 16.0000 5.0000
v -8.0000 16.0000 5.0000
v -8.0000 16.0000 6.0000
v -8.0000 17.0000 6.0000
v -9.0000 17.0000 6.0000
v -9.0000 17.0000 5.0000
v -9.0000 18.0000 6.0000
v -8.0000 18.0000 6.0000
v -8.0000 18.0000 5.0000
v -9.0000 18.0000 5.0000
v -9.0000 0.0000 4.0000
v -8.0000 0.0000 4.0000
v -9.0000 1.0000 4.0000
v -8.0000 2.0000 5.0000
v -9.0000 2.0000 5.0000
v -9.0000 2.0000 4.0000
v -9.0000 8.0000 4.0000
v -9.0000 9.0000 4.0000
v -9.0000 10.0000 4.0000
v -8.0000 11.0000 4.0000
v -9.0000 11.0000 4.0000
v -9.0000 12.0000 4.0000
v -8.0000 12.0000 4.0000
v -9.0000 13.0000 4.0000
v -8.0000 14.0000 4.0000
v -9.0000 14.0000 4.0000
v -8.0000 13.0000 4.0000
v -9.0000 16.0000 4.0000
v -8.0000 16.0000 4.0000
v -9.0000 17.0000 4.0000
v -9.0000 18.0000 4.0000
v -9.0000 19.0000 5.0000
v -8.0000 19.0000 5.0000
v -8.0000 19.0000 4.0000
v -9.0000 19.0000 4.0000
v -9.0000 0.0000 3.0000
v -8.0000 0.0000 3.0000
v -9.0000 1.0000 3.0000
v -9.0000 2.0000 3.0000
v -9.0000 8.0000 3.0000
v -9.0000 9.0000 3.0000
v -9.0000 10.0000 3.0000
v -8.0000 11.0000 3.0000
v -9.0000 11.0000 3.0000
v -8.0000 13.0000 3.0000
v -9.0000 13.0000 3.0000
v -9.0000 12.0000 3.0000
v -8.0000 12.0000 3.0000
v -9.0000 15.0000 4.0000
v -8.0000 15.0000 4.0000
v -8.0000 15.0000 3.0000
v -9.0000 15.0000 3.0000
v -9.0000 14.0000 3.0000
v -8.0000 14.0000 3.0000
v -9.0000 16.0000 3.0000
v -8.0000 16.0000 3.0000
v -9.0000 17.0000 3.0000
v -9.0000 18.0000 3.0000
v -8.0000 19.0000 3.0000
v -9.0000 19.0000 3.0000
v -9.0000 0.0000 2.0000
v -8.0000 0.0000 2.0000
v -9.0000 1.0000 2.0000
v -9.0000 2.0000 2.0000
v -9.0000 8.0000 2.0000
v -9.0000 9.0000 2.0000
v -9.0000 10.0000 2.0000
v -8.0000 11.0000 2.0000
v -9.0000 11.0000 2.0000
v -8.0000 13.0000 2.0000
v -9.0000 13.0000 2.0000
v -9.0000 12.0000 2.0000
v -8.0000 12.0000 2.0000
v -9.0000 16.0000 2.0000
v -8.0000 16.0000 2.0000
v -9.0000 17.0000 2.0000
v -9.0000 18.0000 2.0000
v -8.0000 19.0000 2.0000
v -9.0000 19.0000 2.0000
v -9.0000 0.0000 1.0000
v -8.0000 0.0000 1.0000
v -9.0000 1.0000 1.0000
v -9.0000 2.0000 1.0000
v -9.0000 8.0000 1.0000
v -9.0000 9.0000 1.0000
v -9.0000 10.0000 1.0000
v -8.0000 11.0000 1.0000
v -9.0000 11.0000 1.0000
v -8.0000 13.0000 1.0000
v -9.0000 13.0000 1.0000
v -9.0000 12.0000 1.0000
v -8.0000 12.0000 1.0000
v -9.0000 16.0000 1.0000
v -8.0000 16.0000 1.0000
v -9.0000 17.0000 1.0000
v -9.0000 18.0000 1.0000
v -8.0000 19.0000 1.0000
v -9.0000 19.0000 1.0000
v -9.0000 0.0000 -0.0000
v -8.0000 0.0000 -0.0000
v -9.0000 1.0000 -0.0000
v -8.0000 1.0000 -0.0000
v -9.0000 2.0000 -0.0000
v -8.0000 2.0000 -0.0000
v -8.0000 3.0000 -0.0000
v -9.0000 8.0000 -0.0000
v -8.0000 8.0000 -0.0000
v -8.0000 7.0000 -0.0000
v -9.0000 9.0000 -0.0000
v -8.0000 9.0000 -0.0000
v -9.0000 10.0000 -0.0000
v -8.0000 10.0000 -0.0000
v -8.0000 11.0000 -0.0000
v -9.0000 11.0000 -0.0000
v -8.0000 13.0000 -0.0000
v -9.0000 13.0000 -0.0000
v -9.0000 12.0000 -0.0000
v -8.0000 12.0000 -0.0000
v -9.0000 15.0000 1.0000
v -8.0000 15.0000 1.0000
v -8.0000 15.0000 -0.0000
v -9.0000 15.0000 -0.0000
v -9.0000 14.0000 1.0000
v -9.0000 14.0000 -0.0000
v -8.0000 14.0000 -0.0000
v -8.0000 14.0000 1.0000
v -9.0000 16.0000 -0.0000
v -8.0000 16.0000 -0.0000
v -9.0000 17.0000 -0.0000
v -8.0000 17.0000 -0.0000
v -9.0000 18.0000 -0.0000
v -8.0000 18.0000 -0.0000
v -8.0000 19.0000 -0.0000
v -9.0000 19.0000 -0.0000
v -8.0000 3.0000 -1.0000
v -8.0000 7.0000 -1.0000
v -8.0000 3.0000 -2.0000
v -8.0000 7.0000 -2.0000
v -8.0000 3.0000 -3.0000
v -8.0000 8.0000 -2.0000
v -8.0000 9.0000 -2.0000
v -8.0000 10.0000 -2.0000
v -9.0000 11.0000 -2.0000
v -8.0000 11.0000 -2.0000
v -8.0000 11.0000 -3.0000
v -8.0000 3.0000 -4.0000
v -8.0000 4.0000 -4.0000
v -8.0000 5.0000 -4.0000
v -8.0000 11.0000 -4.0000
v -8.0000 5.0000 -5.0000
v -8.0000 12.0000 -4.0000
v -8.0000 13.0000 -4.0000
v -8.0000 13.0000 -5.0000
v -9.0000 16.0000 -4.0000
v -9.0000 16.0000 -5.0000
v -8.0000 16.0000 -5.0000
v -8.0000 16.0000 -4.0000
v -8.0000 17.0000 -4.0000
v -9.0000 17.0000 -4.0000
v -9.0000 17.0000 -5.0000
v -8.0000 17.0000 -5.0000
v -8.0000 18.0000 -4.0000
v -9.0000 18.0000 -4.0000
v -9.0000 18.0000 -5.0000
v -8.0000 18.0000 -5.0000
v -8.0000 19.0000 -4.0000
v -9.0000 19.0000 -4.0000
v -9.0000 19.0000 -5.0000
v -8.0000 19.0000 -5.0000
v -9.0000 20.0000 -4.0000
v -8.0000 20.0000 -4.0000
v -8.0000 20.0000 -5.0000
v -9.0000 20.0000 -5.0000
v -8.0000 5.0000 -6.0000
v -8.0000 6.0000 -6.0000
v -8.0000 7.0000 -6.0000
v -8.0000 8.0000 -6.0000
v -8.0000 9.0000 -6.0000
v -8.0000 10.0000 -6.0000
v -8.0000 11.0000 -6.0000
v -8.0000 12.0000 -6.0000
v -8.0000 13.0000 -6.0000
v -8.0000 3.0000 7.0000
v -7.0000 3.0000 6.0000
v -7.0000 3.0000 7.0000
v -7.0000 4.0000 7.0000
v -7.0000 5.0000 7.0000
v -7.0000 4.0000 6.0000
v -7.0000 5.0000 6.0000
v -7.0000 6.0000 7.0000
v -7.0000 7.0000 7.0000
v -7.0000 7.0000 6.0000
v -8.0000 15.0000 7.0000
v -7.0000 15.0000 7.0000
v -7.0000 15.0000 6.0000
v -8.0000 15.0000 6.0000
v -8.0000 14.0000 7.0000
v -7.0000 14.0000 6.0000
v -7.0000 14.0000 7.0000
v -7.0000 1.0000 5.0000
v -7.0000 1.0000 6.0000
v -7.0000 2.0000 6.0000
v -8.0000 2.0000 6.0000
v -7.0000 8.0000 6.0000
v -7.0000 9.0000 6.0000
v -7.0000 10.0000 6.0000
v -7.0000 11.0000 6.0000
v -7.0000 11.0000 5.0000
v -7.0000 12.0000 5.0000
v -7.0000 12.0000 6.0000
v -7.0000 13.0000 6.0000
v -8.0000 15.0000 5.0000
v -7.0000 16.0000 6.0000
v -7.0000 17.0000 6.0000
v -7.0000 18.0000 6.0000
v -8.0000 19.0000 6.0000
v -7.0000 19.0000 6.0000
v -7.0000 19.0000 5.0000
v -7.0000 0.0000 4.0000
v -7.0000 0.0000 5.0000
v -7.0000 11.0000 4.0000
v -7.0000 12.0000 4.0000
v -7.0000 16.0000 4.0000
v -7.0000 15.0000 4.0000
v -7.0000 19.0000 4.0000
v -7.0000 0.0000 3.0000
v -7.0000 11.0000 3.0000
v -7.0000 12.0000 3.0000
v -7.0000 15.0000 3.0000
v -7.0000 16.0000 3.0000
v -7.0000 19.0000 3.0000
v -7.0000 0.0000 2.0000
v -7.0000 11.0000 2.0000
v -7.0000 12.0000 2.0000
v -8.0000 14.0000 2.0000
v -8.0000 15.0000 2.0000
v -7.0000 19.0000 2.0000
v -7.0000 0.0000 1.0000
v -7.0000 11.0000 1.0000
v -7.0000 12.0000 1.0000
v -7.0000 19.0000 1.0000
v -7.0000 0.0000 -0.0000
v -7.0000 1.0000 -0.0000
v -7.0000 2.0000 -0.0000
v -7.0000 3.0000 -0.0000
v -7.0000 8.0000 -0.0000
v -7.0000 7.0000 -0.0000
v -7.0000 9.0000 -0.0000
v -7.0000 10.0000 -0.0000
v -7.0000 11.0000 -0.0000
v -7.0000 12.0000 -0.0000
v -7.0000 13.0000 -0.0000
v -7.0000 14.0000 -0.0000
v -7.0000 19.0000 -0.0000
v -7.0000 3.0000 -1.0000
v -7.0000 7.0000 -1.0000
v -8.0000 14.0000 -1.0000
v -7.0000 14.0000 -1.0000
v -8.0000 15.0000 -1.0000
v -8.0000 16.0000 -1.0000
v -8.0000 17.0000 -1.0000
v -8.0000 18.0000 -1.0000
v -7.0000 19.0000 -1.0000
v -8.0000 19.0000 -1.0000
v -7.0000 3.0000 -2.0000
v -7.0000 7.0000 -2.0000
v -8.0000 14.0000 -2.0000
v -7.0000 14.0000 -2.0000
v -8.0000 15.0000 -2.0000
v -8.0000 16.0000 -2.0000
v -8.0000 17.0000 -2.0000
v -8.0000 18.0000 -2.0000
v -7.0000 19.0000 -2.0000
v -8.0000 19.0000 -2.0000
v -8.0000 -1.0000 -2.0000
v -8.0000 -1.0000 -3.0000
v -7.0000 -1.0000 -3.0000
v -7.0000 -1.0000 -2.0000
v -7.0000 0.0000 -2.0000
v -8.0000 0.0000 -2.0000
v -8.0000 0.0000 -3.0000
v -7.0000 1.0000 -2.0000
v -8.0000 1.0000 -2.0000
v -8.0000 1.0000 -3.0000
v -7.0000 2.0000 -2.0000
v -8.0000 2.0000 -2.0000
v -8.0000 2.0000 -3.0000
v -7.0000 8.0000 -2.0000
v -7.0000 9.0000 -2.0000
v -7.0000 10.0000 -2.0000
v -7.0000 11.0000 -2.0000
v -7.0000 11.0000 -3.0000
v -8.0000 13.0000 -2.0000
v -8.0000 13.0000 -3.0000
v -7.0000 13.0000 -3.0000
v -7.0000 13.0000 -2.0000
v -8.0000 14.0000 -3.0000
v -8.0000 15.0000 -3.0000
v -8.0000 16.0000 -3.0000
v -8.0000 17.0000 -3.0000
v -8.0000 18.0000 -3.0000
v -8.0000 19.0000 -3.0000
v -8.0000 20.0000 -2.0000
v -7.0000 20.0000 -2.0000
v -7.0000 20.0000 -3.0000
v -8.0000 20.0000 -3.0000
v -8.0000 -1.0000 -4.0000
v -7.0000 -1.0000 -4.0000
v -8.0000 0.0000 -4.0000
v -8.0000 1.0000 -4.0000
v -8.0000 2.0000 -4.0000
v -8.0000 12.0000 -3.0000
v -7.0000 12.0000 -3.0000
v -7.0000 12.0000 -4.0000
v -7.0000 13.0000 -4.0000
v -8.0000 14.0000 -4.0000
v -8.0000 15.0000 -4.0000
v -7.0000 20.0000 -4.0000
v -8.0000 -1.0000 -5.0000
v -7.0000 -1.0000 -5.0000
v -8.0000 0.0000 -5.0000
v -8.0000 1.0000 -5.0000
v -8.0000 2.0000 -5.0000
v -8.0000 3.0000 -5.0000
v -8.0000 4.0000 -5.0000
v -8.0000 14.0000 -5.0000
v -8.0000 15.0000 -5.0000
v -7.0000 20.0000 -5.0000
v -8.0000 -1.0000 -6.0000
v -7.0000 -1.0000 -6.0000
v -8.0000 0.0000 -6.0000
v -8.0000 1.0000 -6.0000
v -8.0000 2.0000 -6.0000
v -8.0000 3.0000 -6.0000
v -8.0000 4.0000 -6.0000
v -8.0000 14.0000 -6.0000
v -8.0000 15.0000 -6.0000
v -8.0000 16.0000 -6.0000
v -8.0000 17.0000 -6.0000
v -8.0000 18.0000 -6.0000
v -8.0000 19.0000 -6.0000
v -7.0000 20.0000 -6.0000
v -8.0000 20.0000 -6.0000
v -8.0000 -1.0000 -7.0000
v -7.0000 -1.0000 -7.0000
v -8.0000 0.0000 -7.0000
v -7.0000 0.0000 -7.0000
v -8.0000 1.0000 -7.0000
v -7.0000 1.0000 -7.0000
v -8.0000 2.0000 -7.0000
v -7.0000 2.0000 -7.0000
v -8.0000 3.0000 -7.0000
v -8.0000 4.0000 -7.0000
v -8.0000 5.0000 -7.0000
v -8.0000 6.0000 -7.0000
v -8.0000 7.0000 -7.0000
v -8.0000 8.0000 -7.0000
v -8.0000 9.0000 -7.0000
v -8.0000 10.0000 -7.0000
v -8.0000 11.0000 -7.0000
v -8.0000 12.0000 -7.0000
v -8.0000 13.0000 -7.0000
v -8.0000 14.0000 -7.0000
v -8.0000 15.0000 -7.0000
v -8.0000 16.0000 -7.0000
v -8.0000 17.0000 -7.0000
v -7.0000 17.0000 -7.0000
v -7.0000 16.0000 -7.0000
v -8.0000 18.0000 -7.0000
v -7.0000 18.0000 -7.0000
v -8.0000 19.0000 -7.0000
v -7.0000 19.0000 -7.0000
v -7.0000 20.0000 -7.0000
v -8.0000 20.0000 -7.0000
v -8.0000 2.0000 -8.0000
v -7.0000 2.0000 -8.0000
v -8.0000 3.0000 -8.0000
v -7.0000 3.0000 -8.0000
v -8.0000 4.0000 -8.0000
v -7.0000 4.0000 -8.0000
v -8.0000 5.0000 -8.0000
v -7.0000 5.0000 -8.0000
v -8.0000 6.0000 -8.0000
v -7.0000 6.0000 -8.0000
v -8.0000 7.0000 -8.0000
v -7.0000 7.0000 -8.0000
v -8.0000 8.0000 -8.0000
v -7.0000 8.0000 -8.0000
v -8.0000 9.0000 -8.0000
v -7.0000 9.0000 -8.0000
v -8.0000 10.0000 -8.0000
v -7.0000 10.0000 -8.0000
v -8.0000 11.0000 -8.0000
v -7.0000 11.0000 -8.0000
v -8.0000 12.0000 -8.0000
v -7.0000 12.0000 -8.0000
v -8.0000 13.0000 -8.0000
v -7.0000 13.0000 -8.0000
v -8.0000 14.0000 -8.0000
v -7.0000 14.0000 -8.0000
v -8.0000 15.0000 -8.0000
v -7.0000 15.0000 -8.0000
v -7.0000 16.0000 -8.0000
v -8.0000 16.0000 -8.0000
v -8.0000 -3.0000 -17.0000
v -8.0000 -3.0000 -18.0000
v -7.0000 -3.0000 -18.0000
v -7.0000 -3.0000 -17.0000
v -7.0000 -2.0000 -17.0000
v -8.0000 -2.0000 -17.0000
v -8.0000 -2.0000 -18.0000
v -7.0000 -2.0000 -18.0000
v -7.0000 -1.0000 -17.0000
v -8.0000 -1.0000 -17.0000
v -8.0000 -1.0000 -18.0000
v -7.0000 -1.0000 -18.0000
v -8.0000 0.0000 -17.0000
v -7.0000 0.0000 -17.0000
v -7.0000 0.0000 -18.0000
v -8.0000 0.0000 -18.0000
v -6.0000 4.0000 7.0000
v -6.0000 4.0000 6.0000
v -6.0000 3.0000 6.0000
v -6.0000 3.0000 7.0000
v -6.0000 5.0000 6.0000
v -6.0000 5.0000 7.0000
v -6.0000 6.0000 7.0000
v -6.0000 7.0000 7.0000
v -6.0000 7.0000 6.0000
v -6.0000 14.0000 6.0000
v -6.0000 14.0000 7.0000
v -6.0000 15.0000 7.0000
v -6.0000 16.0000 7.0000
v -7.0000 16.0000 7.0000
v -7.0000 17.0000 7.0000
v -6.0000 17.0000 7.0000
v -6.0000 17.0000 6.0000
v -6.0000 1.0000 5.0000
v -6.0000 1.0000 6.0000
v -6.0000 2.0000 6.0000
v -6.0000 8.0000 6.0000
v -6.0000 9.0000 6.0000
v -6.0000 10.0000 6.0000
v -6.0000 11.0000 6.0000
v -6.0000 12.0000 6.0000
v -6.0000 13.0000 6.0000
v -6.0000 18.0000 6.0000
v -6.0000 19.0000 6.0000
v -6.0000 19.0000 5.0000
v -6.0000 0.0000 4.0000
v -6.0000 0.0000 5.0000
v -6.0000 19.0000 4.0000
v -6.0000 0.0000 3.0000
v -6.0000 19.0000 3.0000
v -6.0000 0.0000 2.0000
v -6.0000 19.0000 2.0000
v -6.0000 0.0000 1.0000
v -6.0000 19.0000 1.0000
v -6.0000 0.0000 -0.0000
v -6.0000 1.0000 -0.0000
v -6.0000 2.0000 -0.0000
v -6.0000 3.0000 -0.0000
v -6.0000 8.0000 -0.0000
v -6.0000 7.0000 -0.0000
v -6.0000 9.0000 -0.0000
v -6.0000 10.0000 -0.0000
v -6.0000 11.0000 -0.0000
v -6.0000 12.0000 -0.0000
v -6.0000 13.0000 -0.0000
v -6.0000 14.0000 -0.0000
v -6.0000 19.0000 -0.0000
v -6.0000 3.0000 -1.0000
v -6.0000 7.0000 -1.0000
v -6.0000 14.0000 -1.0000
v -6.0000 19.0000 -1.0000
v -6.0000 3.0000 -2.0000
v -6.0000 7.0000 -2.0000
v -6.0000 14.0000 -2.0000
v -6.0000 19.0000 -2.0000
v -6.0000 -1.0000 -3.0000
v -6.0000 -1.0000 -2.0000
v -6.0000 0.0000 -2.0000
v -6.0000 1.0000 -2.0000
v -6.0000 2.0000 -2.0000
v -6.0000 8.0000 -2.0000
v -6.0000 9.0000 -2.0000
v -6.0000 10.0000 -2.0000
v -6.0000 11.0000 -2.0000
v -6.0000 12.0000 -2.0000
v -7.0000 12.0000 -2.0000
v -6.0000 13.0000 -2.0000
v -6.0000 20.0000 -2.0000
v -6.0000 20.0000 -3.0000
v -6.0000 -1.0000 -4.0000
v -6.0000 20.0000 -4.0000
v -7.0000 -3.0000 -4.0000
v -7.0000 -3.0000 -5.0000
v -6.0000 -3.0000 -5.0000
v -6.0000 -3.0000 -4.0000
v -6.0000 -2.0000 -4.0000
v -7.0000 -2.0000 -4.0000
v -7.0000 -2.0000 -5.0000
v -6.0000 -2.0000 -5.0000
v -6.0000 -1.0000 -5.0000
v -6.0000 20.0000 -5.0000
v -6.0000 -1.0000 -6.0000
v -6.0000 20.0000 -6.0000
v -6.0000 -1.0000 -7.0000
v -6.0000 0.0000 -7.0000
v -6.0000 1.0000 -7.0000
v -6.0000 2.0000 -7.0000
v -6.0000 17.0000 -7.0000
v -6.0000 16.0000 -7.0000
v -6.0000 18.0000 -7.0000
v -6.0000 19.0000 -7.0000
v -6.0000 20.0000 -7.0000
v -6.0000 2.0000 -8.0000
v -6.0000 3.0000 -8.0000
v -6.0000 4.0000 -8.0000
v -6.0000 5.0000 -8.0000
v -6.0000 6.0000 -8.0000
v -6.0000 7.0000 -8.0000
v -6.0000 8.0000 -8.0000
v -6.0000 9.0000 -8.0000
v -6.0000 10.0000 -8.0000
v -6.0000 11.0000 -8.0000
v -6.0000 12.0000 -8.0000
v -6.0000 13.0000 -8.0000
v -6.0000 14.0000 -8.0000
v -6.0000 15.0000 -8.0000
v -6.0000 16.0000 -8.0000
v -7.0000 -4.0000 -16.0000
v -7.0000 -4.0000 -17.0000
v -6.0000 -4.0000 -17.0000
v -6.0000 -4.0000 -16.0000
v -6.0000 -3.0000 -16.0000
v -7.0000 -3.0000 -16.0000
v -7.0000 -2.0000 -16.0000
v -6.0000 -2.0000 -16.0000
v -6.0000 -2.0000 -17.0000
v -6.0000 -3.0000 -17.0000
v -7.0000 -4.0000 -18.0000
v -6.0000 -4.0000 -18.0000
v -6.0000 -3.0000 -18.0000
v -6.0000 -2.0000 -18.0000
v -6.0000 11.0000 10.0000
v -6.0000 11.0000 9.0000
v -5.0000 11.0000 9.0000
v -5.0000 11.0000 10.0000
v -5.0000 12.0000 10.0000
v -6.0000 12.0000 10.0000
v -5.0000 12.0000 9.0000
v -6.0000 12.0000 9.0000
v -6.0000 13.0000 10.0000
v -5.0000 13.0000 10.0000
v -5.0000 13.0000 9.0000
v -6.0000 13.0000 9.0000
v -6.0000 9.0000 9.0000
v -6.0000 9.0000 8.0000
v -5.0000 9.0000 8.0000
v -5.0000 9.0000 9.0000
v -5.0000 10.0000 9.0000
v -6.0000 10.0000 9.0000
v -6.0000 10.0000 8.0000
v -6.0000 11.0000 8.0000
v -6.0000 12.0000 8.0000
v -5.0000 13.0000 8.0000
v -6.0000 13.0000 8.0000
v -6.0000 9.0000 7.0000
v -5.0000 9.0000 7.0000
v -6.0000 10.0000 7.0000
v -6.0000 11.0000 7.0000
v -6.0000 12.0000 7.0000
v -5.0000 13.0000 7.0000
v -6.0000 13.0000 7.0000
v -5.0000 4.0000 7.0000
v -5.0000 4.0000 6.0000
v -5.0000 3.0000 6.0000
v -5.0000 3.0000 7.0000
v -5.0000 5.0000 6.0000
v -5.0000 5.0000 7.0000
v -5.0000 6.0000 7.0000
v -5.0000 7.0000 7.0000
v -5.0000 7.0000 6.0000
v -5.0000 9.0000 6.0000
v -5.0000 14.0000 7.0000
v -5.0000 13.0000 6.0000
v -5.0000 14.0000 6.0000
v -5.0000 15.0000 7.0000
v -5.0000 16.0000 7.0000
v -5.0000 17.0000 7.0000
v -5.0000 17.0000 6.0000
v -6.0000 -20.0000 6.0000
v -6.0000 -20.0000 5.0000
v -5.0000 -20.0000 5.0000
v -5.0000 -20.0000 6.0000
v -5.0000 -19.0000 6.0000
v -6.0000 -19.0000 6.0000
v -6.0000 -19.0000 5.0000
v -5.0000 -18.0000 6.0000
v -6.0000 -18.0000 6.0000
v -6.0000 -18.0000 5.0000
v -6.0000 -17.0000 6.0000
v -5.0000 -17.0000 6.0000
v -5.0000 -17.0000 5.0000
v -6.0000 -17.0000 5.0000
v -5.0000 -18.0000 5.0000
v -6.0000 0.0000 6.0000
v -5.0000 0.0000 5.0000
v -5.0000 0.0000 6.0000
v -5.0000 1.0000 6.0000
v -5.0000 1.0000 5.0000
v -5.0000 2.0000 6.0000
v -5.0000 2.0000 5.0000
v -5.0000 8.0000 6.0000
v -5.0000 18.0000 6.0000
v -5.0000 19.0000 6.0000
v -5.0000 19.0000 5.0000
v -6.0000 -20.0000 4.0000
v -5.0000 -20.0000 4.0000
v -6.0000 -19.0000 4.0000
v -5.0000 -18.0000 4.0000
v -6.0000 -18.0000 4.0000
v -5.0000 -19.0000 4.0000
v -6.0000 -17.0000 4.0000
v -5.0000 -17.0000 4.0000
v -5.0000 -16.0000 5.0000
v -6.0000 -16.0000 5.0000
v -6.0000 -16.0000 4.0000
v -5.0000 -15.0000 5.0000
v -6.0000 -15.0000 5.0000
v -6.0000 -15.0000 4.0000
v -5.0000 -14.0000 5.0000
v -6.0000 -14.0000 5.0000
v -6.0000 -14.0000 4.0000
v -5.0000 -14.0000 4.0000
v -5.0000 -15.0000 4.0000
v -5.0000 -13.0000 5.0000
v -6.0000 -13.0000 5.0000
v -6.0000 -13.0000 4.0000
v -5.0000 -13.0000 4.0000
v -6.0000 -12.0000 5.0000
v -5.0000 -12.0000 5.0000
v -5.0000 -12.0000 4.0000
v -6.0000 -12.0000 4.0000
v -5.0000 0.0000 4.0000
v -5.0000 19.0000 4.0000
v -5.0000 -19.0000 3.0000
v -6.0000 -19.0000 3.0000
v -6.0000 -20.0000 3.0000
v -5.0000 -20.0000 3.0000
v -6.0000 -17.0000 3.0000
v -5.0000 -17.0000 3.0000
v -6.0000 -16.0000 3.0000
v -5.0000 -16.0000 3.0000
v -5.0000 -15.0000 3.0000
v -6.0000 -15.0000 3.0000
v -5.0000 0.0000 3.0000
v -5.0000 1.0000 3.0000
v -5.0000 1.0000 4.0000
v -5.0000 19.0000 3.0000
v -5.0000 -19.0000 2.0000
v -6.0000 -19.0000 2.0000
v -6.0000 -20.0000 2.0000
v -5.0000 -20.0000 2.0000
v -6.0000 -13.0000 3.0000
v -5.0000 -13.0000 3.0000
v -5.0000 -13.0000 2.0000
v -6.0000 -13.0000 2.0000
v -6.0000 -14.0000 3.0000
v -6.0000 -14.0000 2.0000
v -5.0000 -14.0000 2.0000
v -5.0000 -14.0000 3.0000
v -5.0000 0.0000 2.0000
v -5.0000 19.0000 2.0000
v -5.0000 0.0000 1.0000
v -5.0000 19.0000 1.0000
v -5.0000 0.0000 -0.0000
v -5.0000 1.0000 -0.0000
v -5.0000 2.0000 -0.0000
v -5.0000 19.0000 -0.0000
v -6.0000 2.0000 -1.0000
v -5.0000 2.0000 -1.0000
v -6.0000 8.0000 -1.0000
v -6.0000 9.0000 -1.0000
v -6.0000 10.0000 -1.0000
v -6.0000 11.0000 -1.0000
v -6.0000 12.0000 -1.0000
v -6.0000 13.0000 -1.0000
v -5.0000 19.0000 -1.0000
v -5.0000 2.0000 -2.0000
v -5.0000 19.0000 -2.0000
v -5.0000 -1.0000 -3.0000
v -5.0000 -1.0000 -2.0000
v -5.0000 0.0000 -2.0000
v -5.0000 1.0000 -2.0000
v -5.0000 20.0000 -2.0000
v -5.0000 20.0000 -3.0000
v -5.0000 -1.0000 -4.0000
v -5.0000 20.0000 -4.0000
v -5.0000 -2.0000 -4.0000
v -5.0000 -2.0000 -5.0000
v -5.0000 -3.0000 -5.0000
v -5.0000 -3.0000 -4.0000
v -5.0000 -1.0000 -5.0000
v -5.0000 20.0000 -5.0000
v -5.0000 -1.0000 -6.0000
v -5.0000 20.0000 -6.0000
v -5.0000 -1.0000 -7.0000
v -5.0000 0.0000 -7.0000
v -5.0000 1.0000 -7.0000
v -5.0000 2.0000 -7.0000
v -5.0000 17.0000 -7.0000
v -5.0000 16.0000 -7.0000
v -5.0000 18.0000 -7.0000
v -5.0000 19.0000 -7.0000
v -5.0000 20.0000 -7.0000
v -5.0000 2.0000 -8.0000
v -5.0000 3.0000 -8.0000
v -5.0000 4.0000 -8.0000
v -5.0000 5.0000 -8.0000
v -5.0000 6.0000 -8.0000
v -5.0000 7.0000 -8.0000
v -5.0000 8.0000 -8.0000
v -5.0000 9.0000 -8.0000
v -5.0000 10.0000 -8.0000
v -5.0000 11.0000 -8.0000
v -5.0000 12.0000 -8.0000
v -5.0000 13.0000 -8.0000
v -5.0000 14.0000 -8.0000
v -5.0000 15.0000 -8.0000
v -5.0000 16.0000 -8.0000
v -6.0000 -5.0000 -16.0000
v -6.0000 -5.0000 -17.0000
v -5.0000 -5.0000 -17.0000
v -5.0000 -5.0000 -16.0000
v -5.0000 -4.0000 -16.0000
v -5.0000 -3.0000 -16.0000
v -5.0000 -3.0000 -17.0000
v -6.0000 -5.0000 -18.0000
v -5.0000 -5.0000 -18.0000
v -5.0000 -4.0000 -18.0000
v -5.0000 -3.0000 -18.0000
v -5.0000 -2.0000 -17.0000
v -5.0000 -2.0000 -18.0000
v -4.0000 9.0000 8.0000
v -4.0000 9.0000 9.0000
v -4.0000 10.0000 9.0000
v -4.0000 10.0000 8.0000
v -4.0000 11.0000 9.0000
v -4.0000 11.0000 8.0000
v -4.0000 12.0000 9.0000
v -4.0000 12.0000 8.0000
v -4.0000 13.0000 9.0000
v -4.0000 13.0000 8.0000
v -5.0000 5.0000 8.0000
v -4.0000 5.0000 7.0000
v -4.0000 5.0000 8.0000
v -4.0000 6.0000 8.0000
v -5.0000 6.0000 8.0000
v -4.0000 7.0000 8.0000
v -5.0000 7.0000 8.0000
v -4.0000 6.0000 7.0000
v -4.0000 7.0000 7.0000
v -4.0000 8.0000 8.0000
v -5.0000 8.0000 8.0000
v -5.0000 8.0000 7.0000
v -4.0000 13.0000 7.0000
v -5.0000 -16.0000 7.0000
v -4.0000 -16.0000 7.0000
v -4.0000 -16.0000 6.0000
v -5.0000 -16.0000 6.0000
v -5.0000 -17.0000 7.0000
v -4.0000 -17.0000 6.0000
v -4.0000 -17.0000 7.0000
v -4.0000 4.0000 6.0000
v -4.0000 4.0000 7.0000
v -4.0000 13.0000 6.0000
v -4.0000 14.0000 6.0000
v -4.0000 14.0000 7.0000
v -4.0000 15.0000 7.0000
v -4.0000 16.0000 7.0000
v -4.0000 17.0000 7.0000
v -5.0000 18.0000 7.0000
v -4.0000 18.0000 7.0000
v -4.0000 18.0000 6.0000
v -4.0000 -20.0000 5.0000
v -4.0000 -20.0000 6.0000
v -4.0000 -19.0000 6.0000
v -4.0000 -18.0000 6.0000
v -4.0000 -19.0000 5.0000
v -4.0000 -18.0000 5.0000
v -4.0000 -16.0000 5.0000
v -5.0000 -15.0000 6.0000
v -4.0000 -15.0000 5.0000
v -4.0000 -15.0000 6.0000
v -4.0000 -14.0000 6.0000
v -5.0000 -14.0000 6.0000
v -4.0000 -13.0000 6.0000
v -5.0000 -13.0000 6.0000
v -5.0000 -12.0000 6.0000
v -4.0000 -12.0000 6.0000
v -4.0000 -12.0000 5.0000
v -4.0000 2.0000 5.0000
v -4.0000 2.0000 6.0000
v -4.0000 3.0000 6.0000
v -4.0000 3.0000 5.0000
v -4.0000 19.0000 6.0000
v -4.0000 19.0000 5.0000
v -4.0000 -20.0000 4.0000
v -4.0000 -12.0000 4.0000
v -4.0000 0.0000 4.0000
v -4.0000 0.0000 5.0000
v -4.0000 1.0000 5.0000
v -4.0000 1.0000 4.0000
v -4.0000 19.0000 4.0000
v -4.0000 -20.0000 3.0000
v -5.0000 -18.0000 3.0000
v -4.0000 -12.0000 3.0000
v -5.0000 -12.0000 3.0000
v -4.0000 -13.0000 3.0000
v -4.0000 1.0000 3.0000
v -4.0000 19.0000 3.0000
v -4.0000 -20.0000 2.0000
v -4.0000 -19.0000 2.0000
v -5.0000 -18.0000 2.0000
v -4.0000 -18.0000 2.0000
v -5.0000 -17.0000 2.0000
v -4.0000 -17.0000 2.0000
v -5.0000 -16.0000 2.0000
v -4.0000 -16.0000 2.0000
v -5.0000 -15.0000 2.0000
v -4.0000 -15.0000 2.0000
v -4.0000 -14.0000 2.0000
v -4.0000 -13.0000 2.0000
v -4.0000 0.0000 2.0000
v -4.0000 0.0000 3.0000
v -4.0000 1.0000 2.0000
v -4.0000 19.0000 2.0000
v -4.0000 0.0000 1.0000
v -4.0000 19.0000 1.0000
v -4.0000 0.0000 -0.0000
v -4.0000 1.0000 -0.0000
v -4.0000 2.0000 -0.0000
v -4.0000 19.0000 -0.0000
v -4.0000 2.0000 -1.0000
v -4.0000 19.0000 -1.0000
v -4.0000 2.0000 -2.0000
v -4.0000 19.0000 -2.0000
v -4.0000 -1.0000 -3.0000
v -4.0000 -1.0000 -2.0000
v -4.0000 0.0000 -2.0000
v -4.0000 1.0000 -2.0000
v -4.0000 20.0000 -2.0000
v -4.0000 20.0000 -3.0000
v -5.0000 -5.0000 -3.0000
v -5.0000 -5.0000 -4.0000
v -4.0000 -5.0000 -4.0000
v -4.0000 -5.0000 -3.0000
v -4.0000 -4.0000 -3.0000
v -5.0000 -4.0000 -3.0000
v -5.0000 -4.0000 -4.0000
v -5.0000 -3.0000 -3.0000
v -4.0000 -3.0000 -3.0000
v -4.0000 -3.0000 -4.0000
v -4.0000 -1.0000 -4.0000
v -4.0000 20.0000 -4.0000
v -5.0000 -5.0000 -5.0000
v -4.0000 -5.0000 -5.0000
v -5.0000 -4.0000 -5.0000
v -4.0000 -4.0000 -5.0000
v -4.0000 -3.0000 -5.0000
v -4.0000 -1.0000 -5.0000
v -4.0000 20.0000 -5.0000
v -4.0000 -1.0000 -6.0000
v -4.0000 20.0000 -6.0000
v -4.0000 -1.0000 -7.0000
v -4.0000 0.0000 -7.0000
v -4.0000 1.0000 -7.0000
v -4.0000 2.0000 -7.0000
v -4.0000 17.0000 -7.0000
v -4.0000 16.0000 -7.0000
v -4.0000 18.0000 -7.0000
v -4.0000 19.0000 -7.0000
v -4.0000 20.0000 -7.0000
v -4.0000 2.0000 -8.0000
v -4.0000 3.0000 -8.0000
v -4.0000 4.0000 -8.0000
v -4.0000 5.0000 -8.0000
v -4.0000 6.0000 -8.0000
v -4.0000 7.0000 -8.0000
v -4.0000 8.0000 -8.0000
v -4.0000 9.0000 -8.0000
v -4.0000 10.0000 -8.0000
v -4.0000 11.0000 -8.0000
v -4.0000 12.0000 -8.0000
v -4.0000 13.0000 -8.0000
v -4.0000 14.0000 -8.0000
v -4.0000 15.0000 -8.0000
v -4.0000 16.0000 -8.0000
v -4.0000 -5.0000 -17.0000
v -4.0000 -5.0000 -16.0000
v -4.0000 -4.0000 -16.0000
v -4.0000 -3.0000 -16.0000
v -4.0000 -3.0000 -17.0000
v -4.0000 -5.0000 -18.0000
v -4.0000 -4.0000 -18.0000
v -4.0000 -3.0000 -18.0000
v -3.0000 6.0000 8.0000
v -3.0000 6.0000 7.0000
v -3.0000 5.0000 7.0000
v -3.0000 5.0000 8.0000
v -3.0000 7.0000 7.0000
v -3.0000 7.0000 8.0000
v -3.0000 8.0000 8.0000
v -3.0000 9.0000 8.0000
v -3.0000 10.0000 8.0000
v -3.0000 11.0000 8.0000
v -3.0000 12.0000 8.0000
v -3.0000 13.0000 8.0000
v -3.0000 13.0000 7.0000
v -4.0000 -15.0000 7.0000
v -3.0000 -15.0000 7.0000
v -3.0000 -15.0000 6.0000
v -3.0000 -16.0000 6.0000
v -3.0000 -16.0000 7.0000
v -3.0000 4.0000 6.0000
v -3.0000 4.0000 7.0000
v -3.0000 13.0000 6.0000
v -3.0000 14.0000 6.0000
v -3.0000 14.0000 7.0000
v -3.0000 15.0000 7.0000
v -3.0000 16.0000 7.0000
v -3.0000 17.0000 7.0000
v -3.0000 18.0000 7.0000
v -3.0000 18.0000 6.0000
v -3.0000 -19.0000 6.0000
v -3.0000 -19.0000 5.0000
v -3.0000 -20.0000 5.0000
v -3.0000 -20.0000 6.0000
v -3.0000 -18.0000 5.0000
v -3.0000 -18.0000 6.0000
v -3.0000 -17.0000 6.0000
v -3.0000 -14.0000 6.0000
v -3.0000 -13.0000 6.0000
v -3.0000 -12.0000 6.0000
v -3.0000 -12.0000 5.0000
v -3.0000 -13.0000 5.0000
v -3.0000 2.0000 6.0000
v -3.0000 2.0000 5.0000
v -4.0000 1.0000 6.0000
v -3.0000 1.0000 5.0000
v -3.0000 1.0000 6.0000
v -3.0000 3.0000 5.0000
v -3.0000 3.0000 6.0000
v -3.0000 19.0000 6.0000
v -3.0000 19.0000 5.0000
v -3.0000 -20.0000 4.0000
v -3.0000 -12.0000 4.0000
v -3.0000 1.0000 4.0000
v -3.0000 19.0000 4.0000
v -3.0000 -20.0000 3.0000
v -3.0000 -12.0000 3.0000
v -3.0000 1.0000 3.0000
v -3.0000 19.0000 3.0000
v -3.0000 -20.0000 2.0000
v -3.0000 -19.0000 2.0000
v -3.0000 -18.0000 2.0000
v -3.0000 -17.0000 2.0000
v -3.0000 -16.0000 2.0000
v -3.0000 -15.0000 2.0000
v -3.0000 -14.0000 2.0000
v -3.0000 -13.0000 2.0000
v -3.0000 -12.0000 2.0000
v -4.0000 -12.0000 2.0000
v -3.0000 1.0000 2.0000
v -3.0000 19.0000 2.0000
v -3.0000 0.0000 1.0000
v -3.0000 0.0000 2.0000
v -3.0000 19.0000 1.0000
v -3.0000 0.0000 -0.0000
v -3.0000 1.0000 -0.0000
v -3.0000 2.0000 -0.0000
v -3.0000 19.0000 -0.0000
v -3.0000 2.0000 -1.0000
v -3.0000 19.0000 -1.0000
v -4.0000 -3.0000 -1.0000
v -3.0000 -3.0000 -1.0000
v -3.0000 -3.0000 -2.0000
v -4.0000 -3.0000 -2.0000
v -4.0000 -4.0000 -1.0000
v -4.0000 -4.0000 -2.0000
v -3.0000 -4.0000 -2.0000
v -3.0000 -4.0000 -1.0000
v -3.0000 2.0000 -2.0000
v -3.0000 19.0000 -2.0000
v -3.0000 -3.0000 -3.0000
v -3.0000 -4.0000 -3.0000
v -3.0000 -1.0000 -3.0000
v -3.0000 -1.0000 -2.0000
v -3.0000 0.0000 -2.0000
v -3.0000 1.0000 -2.0000
v -3.0000 20.0000 -2.0000
v -3.0000 20.0000 -3.0000
v -3.0000 -5.0000 -4.0000
v -3.0000 -5.0000 -3.0000
v -3.0000 -3.0000 -4.0000
v -3.0000 -4.0000 -4.0000
v -3.0000 -1.0000 -4.0000
v -3.0000 20.0000 -4.0000
v -3.0000 -5.0000 -5.0000
v -3.0000 -4.0000 -5.0000
v -3.0000 -3.0000 -5.0000
v -3.0000 -1.0000 -5.0000
v -3.0000 20.0000 -5.0000
v -3.0000 -1.0000 -6.0000
v -3.0000 20.0000 -6.0000
v -3.0000 -1.0000 -7.0000
v -3.0000 0.0000 -7.0000
v -3.0000 1.0000 -7.0000
v -3.0000 2.0000 -7.0000
v -3.0000 17.0000 -7.0000
v -3.0000 16.0000 -7.0000
v -3.0000 18.0000 -7.0000
v -3.0000 19.0000 -7.0000
v -3.0000 20.0000 -7.0000
v -3.0000 2.0000 -8.0000
v -3.0000 3.0000 -8.0000
v -3.0000 4.0000 -8.0000
v -3.0000 5.0000 -8.0000
v -3.0000 6.0000 -8.0000
v -3.0000 7.0000 -8.0000
v -3.0000 8.0000 -8.0000
v -3.0000 9.0000 -8.0000
v -3.0000 10.0000 -8.0000
v -3.0000 11.0000 -8.0000
v -3.0000 12.0000 -8.0000
v -3.0000 13.0000 -8.0000
v -3.0000 14.0000 -8.0000
v -3.0000 15.0000 -8.0000
v -3.0000 16.0000 -8.0000
v -4.0000 -4.0000 -14.0000
v -3.0000 -4.0000 -14.0000
v -3.0000 -4.0000 -15.0000
v -4.0000 -4.0000 -15.0000
v -4.0000 -5.0000 -14.0000
v -4.0000 -5.0000 -15.0000
v -3.0000 -5.0000 -15.0000
v -3.0000 -5.0000 -14.0000
v -3.0000 -4.0000 -16.0000
v -3.0000 -5.0000 -16.0000
v -4.0000 -6.0000 -16.0000
v -4.0000 -6.0000 -17.0000
v -3.0000 -6.0000 -17.0000
v -3.0000 -6.0000 -16.0000
v -3.0000 -5.0000 -17.0000
v -3.0000 -4.0000 -17.0000
v -3.0000 -3.0000 -16.0000
v -3.0000 -3.0000 -17.0000
v -4.0000 -6.0000 -18.0000
v -3.0000 -6.0000 -18.0000
v -3.0000 -5.0000 -18.0000
v -3.0000 -4.0000 -18.0000
v -3.0000 -3.0000 -18.0000
v -3.0000 -19.0000 15.0000
v -2.0000 -19.0000 15.0000
v -2.0000 -19.0000 14.0000
v -3.0000 -19.0000 14.0000
v -3.0000 -20.0000 15.0000
v -3.0000 -20.0000 14.0000
v -2.0000 -20.0000 14.0000
v -2.0000 -20.0000 15.0000
v -2.0000 -19.0000 13.0000
v -3.0000 -19.0000 13.0000
v -3.0000 -20.0000 13.0000
v -2.0000 -20.0000 13.0000
v -2.0000 5.0000 7.0000
v -2.0000 5.0000 8.0000
v -2.0000 6.0000 8.0000
v -2.0000 6.0000 7.0000
v -2.0000 7.0000 8.0000
v -2.0000 8.0000 8.0000
v -2.0000 9.0000 8.0000
v -2.0000 10.0000 8.0000
v -2.0000 11.0000 8.0000
v -2.0000 12.0000 8.0000
v -2.0000 13.0000 8.0000
v -2.0000 13.0000 7.0000
v -3.0000 -17.0000 7.0000
v -2.0000 -17.0000 7.0000
v -2.0000 -17.0000 6.0000
v -3.0000 -18.0000 7.0000
v -2.0000 -18.0000 6.0000
v -2.0000 -18.0000 7.0000
v -3.0000 -13.0000 7.0000
v -2.0000 -13.0000 7.0000
v -2.0000 -13.0000 6.0000
v -3.0000 -14.0000 7.0000
v -2.0000 -14.0000 6.0000
v -2.0000 -14.0000 7.0000
v -2.0000 4.0000 6.0000
v -2.0000 4.0000 7.0000
v -2.0000 13.0000 6.0000
v -2.0000 14.0000 6.0000
v -2.0000 14.0000 7.0000
v -2.0000 15.0000 7.0000
v -2.0000 16.0000 7.0000
v -2.0000 17.0000 7.0000
v -2.0000 18.0000 7.0000
v -2.0000 18.0000 6.0000
v -2.0000 -20.0000 5.0000
v -2.0000 -20.0000 6.0000
v -2.0000 -19.0000 6.0000
v -2.0000 -16.0000 6.0000
v -2.0000 -15.0000 6.0000
v -2.0000 -13.0000 5.0000
v -3.0000 -11.0000 6.0000
v -2.0000 -11.0000 6.0000
v -2.0000 -11.0000 5.0000
v -3.0000 -11.0000 5.0000
v -2.0000 -12.0000 5.0000
v -2.0000 -12.0000 6.0000
v -2.0000 1.0000 6.0000
v -2.0000 1.0000 5.0000
v -3.0000 0.0000 6.0000
v -3.0000 0.0000 5.0000
v -2.0000 0.0000 5.0000
v -2.0000 0.0000 6.0000
v -2.0000 3.0000 5.0000
v -2.0000 3.0000 6.0000
v -2.0000 19.0000 6.0000
v -2.0000 19.0000 5.0000
v -2.0000 -20.0000 4.0000
v -2.0000 -11.0000 4.0000
v -3.0000 -11.0000 4.0000
v -2.0000 1.0000 4.0000
v -2.0000 2.0000 5.0000
v -2.0000 19.0000 4.0000
v -2.0000 -20.0000 3.0000
v -2.0000 -11.0000 3.0000
v -3.0000 -11.0000 3.0000
v -2.0000 -12.0000 3.0000
v -3.0000 0.0000 4.0000
v -3.0000 0.0000 3.0000
v -2.0000 0.0000 3.0000
v -2.0000 0.0000 4.0000
v -2.0000 19.0000 3.0000
v -2.0000 -20.0000 2.0000
v -2.0000 -19.0000 2.0000
v -2.0000 -18.0000 2.0000
v -2.0000 -17.0000 2.0000
v -2.0000 -16.0000 2.0000
v -2.0000 -15.0000 2.0000
v -2.0000 -14.0000 2.0000
v -2.0000 -13.0000 2.0000
v -2.0000 -12.0000 2.0000
v -2.0000 0.0000 2.0000
v -2.0000 19.0000 2.0000
v -2.0000 0.0000 1.0000
v -2.0000 19.0000 1.0000
v -2.0000 0.0000 -0.0000
v -2.0000 1.0000 -0.0000
v -2.0000 2.0000 -0.0000
v -2.0000 19.0000 -0.0000
v -2.0000 2.0000 -1.0000
v -2.0000 19.0000 -1.0000
v -2.0000 -4.0000 -1.0000
v -2.0000 -4.0000 -2.0000
v -3.0000 -5.0000 -1.0000
v -3.0000 -5.0000 -2.0000
v -2.0000 -5.0000 -2.0000
v -2.0000 -5.0000 -1.0000
v -2.0000 2.0000 -2.0000
v -2.0000 19.0000 -2.0000
v -2.0000 -4.0000 -3.0000
v -2.0000 -5.0000 -3.0000
v -2.0000 -1.0000 -3.0000
v -2.0000 -1.0000 -2.0000
v -2.0000 0.0000 -2.0000
v -2.0000 1.0000 -2.0000
v -2.0000 20.0000 -2.0000
v -2.0000 20.0000 -3.0000
v -3.0000 -6.0000 -3.0000
v -3.0000 -6.0000 -4.0000
v -2.0000 -6.0000 -4.0000
v -2.0000 -6.0000 -3.0000
v -2.0000 -4.0000 -4.0000
v -2.0000 -5.0000 -4.0000
v -2.0000 -1.0000 -4.0000
v -2.0000 20.0000 -4.0000
v -3.0000 -6.0000 -5.0000
v -2.0000 -6.0000 -5.0000
v -2.0000 -5.0000 -5.0000
v -2.0000 -4.0000 -5.0000
v -2.0000 -1.0000 -5.0000
v -2.0000 20.0000 -5.0000
v -2.0000 -1.0000 -6.0000
v -2.0000 20.0000 -6.0000
v -2.0000 -1.0000 -7.0000
v -2.0000 0.0000 -7.0000
v -2.0000 1.0000 -7.0000
v -2.0000 2.0000 -7.0000
v -2.0000 17.0000 -7.0000
v -2.0000 16.0000 -7.0000
v -2.0000 18.0000 -7.0000
v -2.0000 19.0000 -7.0000
v -2.0000 20.0000 -7.0000
v -2.0000 2.0000 -8.0000
v -2.0000 3.0000 -8.0000
v -2.0000 3.0000 -7.0000
v -2.0000 4.0000 -8.0000
v -2.0000 4.0000 -7.0000
v -2.0000 5.0000 -8.0000
v -2.0000 5.0000 -7.0000
v -2.0000 6.0000 -8.0000
v -2.0000 6.0000 -7.0000
v -2.0000 7.0000 -8.0000
v -2.0000 7.0000 -7.0000
v -2.0000 8.0000 -8.0000
v -2.0000 8.0000 -7.0000
v -2.0000 9.0000 -8.0000
v -2.0000 9.0000 -7.0000
v -2.0000 10.0000 -8.0000
v -2.0000 10.0000 -7.0000
v -2.0000 11.0000 -8.0000
v -2.0000 11.0000 -7.0000
v -2.0000 12.0000 -8.0000
v -2.0000 12.0000 -7.0000
v -2.0000 13.0000 -8.0000
v -2.0000 13.0000 -7.0000
v -2.0000 14.0000 -8.0000
v -2.0000 14.0000 -7.0000
v -2.0000 15.0000 -8.0000
v -2.0000 15.0000 -7.0000
v -2.0000 16.0000 -8.0000
v -2.0000 -5.0000 -15.0000
v -2.0000 -5.0000 -16.0000
v -3.0000 -6.0000 -15.0000
v -2.0000 -6.0000 -16.0000
v -2.0000 -6.0000 -15.0000
v -2.0000 -5.0000 -17.0000
v -2.0000 -6.0000 -17.0000
v -3.0000 -7.0000 -17.0000
v -3.0000 -7.0000 -18.0000
v -2.0000 -7.0000 -18.0000
v -2.0000 -7.0000 -17.0000
v -2.0000 -6.0000 -18.0000
v -2.0000 -5.0000 -18.0000
v -2.0000 -4.0000 -17.0000
v -2.0000 -4.0000 -18.0000
v -2.0000 -19.0000 16.0000
v -1.0000 -19.0000 16.0000
v -1.0000 -19.0000 15.0000
v -2.0000 -20.0000 16.0000
v -1.0000 -20.0000 15.0000
v -1.0000 -20.0000 16.0000
v -1.0000 -19.0000 14.0000
v -1.0000 -20.0000 14.0000
v -1.0000 -19.0000 13.0000
v -1.0000 -20.0000 13.0000
v -1.0000 -19.0000 12.0000
v -2.0000 -19.0000 12.0000
v -2.0000 -20.0000 12.0000
v -1.0000 -20.0000 12.0000
v -2.0000 -19.0000 10.0000
v -1.0000 -19.0000 10.0000
v -1.0000 -19.0000 9.0000
v -2.0000 -19.0000 9.0000
v -2.0000 -20.0000 10.0000
v -2.0000 -20.0000 9.0000
v -1.0000 -20.0000 9.0000
v -1.0000 -20.0000 10.0000
v -1.0000 6.0000 7.0000
v -1.0000 6.0000 8.0000
v -1.0000 7.0000 8.0000
v -1.0000 7.0000 7.0000
v -1.0000 8.0000 8.0000
v -1.0000 9.0000 8.0000
v -1.0000 8.0000 7.0000
v -1.0000 9.0000 7.0000
v -1.0000 10.0000 8.0000
v -1.0000 10.0000 7.0000
v -1.0000 11.0000 8.0000
v -1.0000 11.0000 7.0000
v -1.0000 12.0000 8.0000
v -1.0000 12.0000 7.0000
v -1.0000 13.0000 8.0000
v -1.0000 13.0000 7.0000
v -2.0000 -19.0000 7.0000
v -1.0000 -19.0000 7.0000
v -1.0000 -19.0000 6.0000
v -2.0000 -20.0000 7.0000
v -1.0000 -20.0000 6.0000
v -1.0000 -20.0000 7.0000
v -1.0000 -17.0000 6.0000
v -1.0000 -17.0000 7.0000
v -1.0000 -16.0000 7.0000
v -2.0000 -16.0000 7.0000
v -1.0000 -16.0000 6.0000
v -2.0000 -15.0000 7.0000
v -1.0000 -15.0000 7.0000
v -1.0000 -15.0000 6.0000
v -1.0000 4.0000 6.0000
v -1.0000 4.0000 7.0000
v -1.0000 5.0000 7.0000
v -1.0000 5.0000 6.0000
v -1.0000 6.0000 6.0000
v -1.0000 13.0000 6.0000
v -1.0000 14.0000 6.0000
v -1.0000 14.0000 7.0000
v -1.0000 15.0000 7.0000
v -1.0000 16.0000 7.0000
v -1.0000 17.0000 7.0000
v -1.0000 18.0000 7.0000
v -1.0000 18.0000 6.0000
v -1.0000 -20.0000 5.0000
v -1.0000 -18.0000 6.0000
v -1.0000 -19.0000 5.0000
v -1.0000 -18.0000 5.0000
v -1.0000 -17.0000 5.0000
v -1.0000 -16.0000 5.0000
v -1.0000 -15.0000 5.0000
v -1.0000 -14.0000 6.0000
v -1.0000 -14.0000 5.0000
v -1.0000 -13.0000 6.0000
v -1.0000 -13.0000 5.0000
v -1.0000 -12.0000 6.0000
v -1.0000 -12.0000 5.0000
v -1.0000 -11.0000 6.0000
v -1.0000 -11.0000 5.0000
v -2.0000 -5.0000 6.0000
v -1.0000 -5.0000 6.0000
v -1.0000 -5.0000 5.0000
v -2.0000 -5.0000 5.0000
v -2.0000 -6.0000 6.0000
v -2.0000 -6.0000 5.0000
v -1.0000 -6.0000 5.0000
v -1.0000 -6.0000 6.0000
v -1.0000 0.0000 5.0000
v -1.0000 0.0000 6.0000
v -1.0000 1.0000 6.0000
v -1.0000 2.0000 6.0000
v -2.0000 2.0000 6.0000
v -1.0000 3.0000 6.0000
v -1.0000 19.0000 6.0000
v -1.0000 19.0000 5.0000
v -1.0000 -20.0000 4.0000
v -1.0000 -11.0000 4.0000
v -1.0000 -5.0000 4.0000
v -2.0000 -5.0000 4.0000
v -2.0000 -6.0000 4.0000
v -1.0000 -6.0000 4.0000
v -1.0000 0.0000 4.0000
v -1.0000 19.0000 4.0000
v -1.0000 -20.0000 3.0000
v -1.0000 -11.0000 3.0000
v -1.0000 -5.0000 3.0000
v -2.0000 -5.0000 3.0000
v -2.0000 -6.0000 3.0000
v -1.0000 -6.0000 3.0000
v -1.0000 0.0000 3.0000
v -1.0000 19.0000 3.0000
v -1.0000 -20.0000 2.0000
v -1.0000 -19.0000 2.0000
v -1.0000 -18.0000 2.0000
v -1.0000 -17.0000 2.0000
v -1.0000 -16.0000 2.0000
v -1.0000 -15.0000 2.0000
v -1.0000 -14.0000 2.0000
v -1.0000 -13.0000 2.0000
v -1.0000 -12.0000 2.0000
v -1.0000 -11.0000 2.0000
v -2.0000 -11.0000 2.0000
v -1.0000 0.0000 2.0000
v -1.0000 19.0000 2.0000
v -2.0000 -5.0000 2.0000
v -1.0000 -5.0000 2.0000
v -1.0000 -5.0000 1.0000
v -2.0000 -5.0000 1.0000
v -2.0000 -6.0000 2.0000
v -2.0000 -6.0000 1.0000
v -1.0000 -6.0000 1.0000
v -1.0000 -6.0000 2.0000
v -1.0000 0.0000 1.0000
v -1.0000 19.0000 1.0000
v -1.0000 -5.0000 -0.0000
v -2.0000 -5.0000 -0.0000
v -2.0000 -6.0000 -0.0000
v -1.0000 -6.0000 -0.0000
v -1.0000 0.0000 -0.0000
v -1.0000 1.0000 -0.0000
v -1.0000 2.0000 -0.0000
v -1.0000 19.0000 -0.0000
v -1.0000 -5.0000 -1.0000
v -2.0000 -6.0000 -1.0000
v -1.0000 -6.0000 -1.0000
v -1.0000 2.0000 -1.0000
v -1.0000 19.0000 -1.0000
v -1.0000 -5.0000 -2.0000
v -2.0000 -6.0000 -2.0000
v -1.0000 -6.0000 -2.0000
v -1.0000 2.0000 -2.0000
v -1.0000 19.0000 -2.0000
v -1.0000 -5.0000 -3.0000
v -1.0000 -6.0000 -3.0000
v -1.0000 -1.0000 -3.0000
v -1.0000 -1.0000 -2.0000
v -1.0000 0.0000 -2.0000
v -1.0000 1.0000 -2.0000
v -1.0000 20.0000 -2.0000
v -1.0000 20.0000 -3.0000
v -1.0000 -5.0000 -4.0000
v -1.0000 -6.0000 -4.0000
v -1.0000 -1.0000 -4.0000
v -1.0000 20.0000 -4.0000
v -1.0000 -5.0000 -5.0000
v -1.0000 -6.0000 -5.0000
v -2.0000 -3.0000 -4.0000
v -2.0000 -3.0000 -5.0000
v -1.0000 -3.0000 -5.0000
v -1.0000 -3.0000 -4.0000
v -1.0000 -2.0000 -4.0000
v -2.0000 -2.0000 -4.0000
v -2.0000 -2.0000 -5.0000
v -1.0000 -2.0000 -5.0000
v -1.0000 -1.0000 -5.0000
v -1.0000 20.0000 -5.0000
v -1.0000 -1.0000 -6.0000
v -1.0000 20.0000 -6.0000
v -1.0000 -1.0000 -7.0000
v -1.0000 0.0000 -7.0000
v -1.0000 1.0000 -7.0000
v -1.0000 2.0000 -7.0000
v -1.0000 3.0000 -7.0000
v -1.0000 4.0000 -7.0000
v -1.0000 5.0000 -7.0000
v -1.0000 6.0000 -7.0000
v -1.0000 7.0000 -7.0000
v -1.0000 8.0000 -7.0000
v -1.0000 9.0000 -7.0000
v -1.0000 10.0000 -7.0000
v -1.0000 11.0000 -7.0000
v -1.0000 12.0000 -7.0000
v -1.0000 13.0000 -7.0000
v -1.0000 14.0000 -7.0000
v -1.0000 15.0000 -7.0000
v -1.0000 16.0000 -7.0000
v -1.0000 17.0000 -7.0000
v -1.0000 18.0000 -7.0000
v -1.0000 19.0000 -7.0000
v -1.0000 20.0000 -7.0000
v -1.0000 -5.0000 -15.0000
v -1.0000 -5.0000 -16.0000
v -1.0000 -6.0000 -16.0000
v -1.0000 -6.0000 -15.0000
v -1.0000 -5.0000 -17.0000
v -1.0000 -6.0000 -17.0000
v -1.0000 -7.0000 -18.0000
v -1.0000 -7.0000 -17.0000
v -1.0000 -6.0000 -18.0000
v -1.0000 -5.0000 -18.0000
v -1.0000 -4.0000 -17.0000
v -1.0000 -4.0000 -18.0000
v -1.0000 -19.0000 17.0000
v 0.0000 -19.0000 17.0000
v 0.0000 -19.0000 16.0000
v -1.0000 -20.0000 17.0000
v 0.0000 -20.0000 16.0000
v 0.0000 -20.0000 17.0000
v 0.0000 -19.0000 15.0000
v 0.0000 -20.0000 15.0000
v 0.0000 -19.0000 13.0000
v 0.0000 -19.0000 12.0000
v 0.0000 -20.0000 12.0000
v 0.0000 -20.0000 13.0000
v 0.0000 -19.0000 10.0000
v 0.0000 -19.0000 9.0000
v 0.0000 -20.0000 9.0000
v 0.0000 -20.0000 10.0000
v 0.0000 -19.0000 8.0000
v -1.0000 -19.0000 8.0000
v -1.0000 -20.0000 8.0000
v 0.0000 -20.0000 8.0000
v 0.0000 -19.0000 7.0000
v 0.0000 -20.0000 7.0000
v 0.0000 8.0000 8.0000
v 0.0000 8.0000 7.0000
v 0.0000 7.0000 7.0000
v 0.0000 7.0000 8.0000
v -1.0000 15.0000 8.0000
v 0.0000 15.0000 8.0000
v 0.0000 15.0000 7.0000
v -1.0000 14.0000 8.0000
v 0.0000 14.0000 7.0000
v 0.0000 14.0000 8.0000
v 0.0000 -19.0000 6.0000
v 0.0000 -20.0000 6.0000
v 0.0000 6.0000 6.0000
v 0.0000 6.0000 7.0000
v 0.0000 9.0000 7.0000
v 0.0000 8.0000 6.0000
v 0.0000 9.0000 6.0000
v 0.0000 10.0000 7.0000
v 0.0000 10.0000 6.0000
v 0.0000 11.0000 7.0000
v 0.0000 11.0000 6.0000
v 0.0000 12.0000 7.0000
v 0.0000 12.0000 6.0000
v 0.0000 13.0000 7.0000
v 0.0000 13.0000 6.0000
v 0.0000 14.0000 6.0000
v 0.0000 16.0000 7.0000
v 0.0000 17.0000 7.0000
v 0.0000 18.0000 7.0000
v 0.0000 17.0000 6.0000
v 0.0000 18.0000 6.0000
v -1.0000 19.0000 7.0000
v 0.0000 19.0000 7.0000
v 0.0000 19.0000 6.0000
v 0.0000 -19.0000 5.0000
v 0.0000 -20.0000 5.0000
v 0.0000 -6.0000 5.0000
v 0.0000 -6.0000 6.0000
v 0.0000 -5.0000 6.0000
v 0.0000 -5.0000 5.0000
v 0.0000 -4.0000 6.0000
v -1.0000 -4.0000 6.0000
v 0.0000 -4.0000 5.0000
v -1.0000 -4.0000 5.0000
v 0.0000 -3.0000 6.0000
v -1.0000 -3.0000 6.0000
v 0.0000 -3.0000 5.0000
v -1.0000 -3.0000 5.0000
v 0.0000 -2.0000 6.0000
v -1.0000 -2.0000 6.0000
v 0.0000 -2.0000 5.0000
v -1.0000 -2.0000 5.0000
v -1.0000 -1.0000 6.0000
v 0.0000 -1.0000 6.0000
v 0.0000 -1.0000 5.0000
v -1.0000 -1.0000 5.0000
v 0.0000 0.0000 5.0000
v 0.0000 0.0000 6.0000
v 0.0000 1.0000 6.0000
v 0.0000 2.0000 6.0000
v 0.0000 3.0000 6.0000
v 0.0000 4.0000 6.0000
v 0.0000 3.0000 5.0000
v 0.0000 4.0000 5.0000
v 0.0000 5.0000 6.0000
v 0.0000 19.0000 5.0000
v 0.0000 -20.0000 4.0000
v 0.0000 -18.0000 5.0000
v 0.0000 -17.0000 5.0000
v 0.0000 -16.0000 5.0000
v 0.0000 -15.0000 5.0000
v 0.0000 -14.0000 5.0000
v 0.0000 -13.0000 5.0000
v 0.0000 -12.0000 5.0000
v 0.0000 -11.0000 5.0000
v -1.0000 -10.0000 5.0000
v 0.0000 -10.0000 5.0000
v 0.0000 -10.0000 4.0000
v -1.0000 -10.0000 4.0000
v -1.0000 -9.0000 5.0000
v -1.0000 -9.0000 4.0000
v 0.0000 -9.0000 4.0000
v 0.0000 -9.0000 5.0000
v 0.0000 -8.0000 5.0000
v -1.0000 -8.0000 5.0000
v -1.0000 -8.0000 4.0000
v 0.0000 -7.0000 5.0000
v -1.0000 -7.0000 5.0000
v -1.0000 -7.0000 4.0000
v -1.0000 -4.0000 4.0000
v -1.0000 -3.0000 4.0000
v -1.0000 -2.0000 4.0000
v -1.0000 -1.0000 4.0000
v 0.0000 19.0000 4.0000
v 0.0000 -20.0000 3.0000
v 0.0000 -10.0000 3.0000
v -1.0000 -10.0000 3.0000
v -1.0000 -9.0000 3.0000
v 0.0000 -9.0000 3.0000
v -1.0000 -8.0000 3.0000
v -1.0000 -7.0000 3.0000
v -1.0000 -4.0000 3.0000
v -1.0000 -3.0000 3.0000
v -1.0000 -2.0000 3.0000
v -1.0000 -1.0000 3.0000
v 0.0000 19.0000 3.0000
v 0.0000 -20.0000 2.0000
v 0.0000 -10.0000 2.0000
v -1.0000 -10.0000 2.0000
v -1.0000 -9.0000 2.0000
v 0.0000 -9.0000 2.0000
v -1.0000 -8.0000 2.0000
v -1.0000 -7.0000 2.0000
v -1.0000 -4.0000 2.0000
v -1.0000 -3.0000 2.0000
v -1.0000 -2.0000 2.0000
v -1.0000 -1.0000 2.0000
v 0.0000 19.0000 2.0000
v -1.0000 -20.0000 1.0000
v 0.0000 -20.0000 1.0000
v -1.0000 -19.0000 1.0000
v -1.0000 -18.0000 1.0000
v -1.0000 -17.0000 1.0000
v -1.0000 -16.0000 1.0000
v -1.0000 -15.0000 1.0000
v -1.0000 -14.0000 1.0000
v -1.0000 -13.0000 1.0000
v -1.0000 -12.0000 1.0000
v -1.0000 -11.0000 1.0000
v 0.0000 -10.0000 1.0000
v -1.0000 -10.0000 1.0000
v -1.0000 -9.0000 1.0000
v 0.0000 -9.0000 1.0000
v -1.0000 -8.0000 1.0000
v -1.0000 -7.0000 1.0000
v -1.0000 -4.0000 1.0000
v -1.0000 -3.0000 1.0000
v -1.0000 -2.0000 1.0000
v -1.0000 -1.0000 1.0000
v 0.0000 19.0000 1.0000
v -1.0000 -20.0000 -0.0000
v 0.0000 -20.0000 -0.0000
v -1.0000 -19.0000 -0.0000
v -1.0000 -18.0000 -0.0000
v -1.0000 -17.0000 -0.0000
v -1.0000 -16.0000 -0.0000
v -1.0000 -15.0000 -0.0000
v -1.0000 -14.0000 -0.0000
v -1.0000 -13.0000 -0.0000
v -1.0000 -12.0000 -0.0000
v -1.0000 -11.0000 -0.0000
v 0.0000 -10.0000 -0.0000
v -1.0000 -10.0000 -0.0000
v 0.0000 -11.0000 -0.0000
v -1.0000 -9.0000 -0.0000
v 0.0000 -9.0000 -0.0000
v -1.0000 -8.0000 -0.0000
v -1.0000 -7.0000 -0.0000
v -1.0000 -4.0000 -0.0000
v -1.0000 -3.0000 -0.0000
v -1.0000 -2.0000 -0.0000
v -1.0000 -1.0000 -0.0000
v 0.0000 19.0000 -0.0000
v -1.0000 -20.0000 -1.0000
v 0.0000 -20.0000 -1.0000
v -1.0000 -19.0000 -1.0000
v -1.0000 -18.0000 -1.0000
v -1.0000 -17.0000 -1.0000
v -1.0000 -16.0000 -1.0000
v -1.0000 -15.0000 -1.0000
v -1.0000 -14.0000 -1.0000
v -1.0000 -13.0000 -1.0000
v -1.0000 -12.0000 -1.0000
v 0.0000 -11.0000 -1.0000
v -1.0000 -11.0000 -1.0000
v 0.0000 -12.0000 -1.0000
v -1.0000 -9.0000 -1.0000
v 0.0000 -9.0000 -1.0000
v -1.0000 -8.0000 -1.0000
v 0.0000 -8.0000 -1.0000
v -1.0000 -7.0000 -1.0000
v -1.0000 -4.0000 -1.0000
v -1.0000 -3.0000 -1.0000
v -1.0000 -2.0000 -1.0000
v -1.0000 -1.0000 -1.0000
v -1.0000 0.0000 -1.0000
v -1.0000 1.0000 -1.0000
v 0.0000 19.0000 -1.0000
v -1.0000 -20.0000 -2.0000
v 0.0000 -20.0000 -2.0000
v -1.0000 -19.0000 -2.0000
v -1.0000 -18.0000 -2.0000
v -1.0000 -17.0000 -2.0000
v -1.0000 -16.0000 -2.0000
v -1.0000 -15.0000 -2.0000
v -1.0000 -14.0000 -2.0000
v -1.0000 -13.0000 -2.0000
v 0.0000 -12.0000 -2.0000
v -1.0000 -12.0000 -2.0000
v -1.0000 -8.0000 -2.0000
v 0.0000 -8.0000 -2.0000
v -1.0000 -7.0000 -2.0000
v -1.0000 -4.0000 -2.0000
v -1.0000 -3.0000 -2.0000
v -1.0000 -2.0000 -2.0000
v 0.0000 19.0000 -2.0000
v -1.0000 -20.0000 -3.0000
v 0.0000 -20.0000 -3.0000
v -1.0000 -19.0000 -3.0000
v -1.0000 -18.0000 -3.0000
v -1.0000 -17.0000 -3.0000
v -1.0000 -16.0000 -3.0000
v -1.0000 -15.0000 -3.0000
v -1.0000 -14.0000 -3.0000
v -1.0000 -13.0000 -3.0000
v -1.0000 -12.0000 -3.0000
v 0.0000 -12.0000 -3.0000
v 0.0000 -13.0000 -3.0000
v 0.0000 -11.0000 -2.0000
v -1.0000 -11.0000 -2.0000
v -1.0000 -11.0000 -3.0000
v -1.0000 -10.0000 -2.0000
v 0.0000 -10.0000 -2.0000
v 0.0000 -10.0000 -3.0000
v -1.0000 -10.0000 -3.0000
v -1.0000 -8.0000 -3.0000
v 0.0000 -8.0000 -3.0000
v -1.0000 -7.0000 -3.0000
v -1.0000 -4.0000 -3.0000
v -1.0000 -3.0000 -3.0000
v -1.0000 -2.0000 -3.0000
v 0.0000 20.0000 -2.0000
v 0.0000 20.0000 -3.0000
v -1.0000 -20.0000 -4.0000
v 0.0000 -20.0000 -4.0000
v -1.0000 -19.0000 -4.0000
v -1.0000 -18.0000 -4.0000
v -1.0000 -17.0000 -4.0000
v -1.0000 -16.0000 -4.0000
v -1.0000 -15.0000 -4.0000
v -1.0000 -14.0000 -4.0000
v 0.0000 -13.0000 -4.0000
v -1.0000 -13.0000 -4.0000
v -1.0000 -12.0000 -4.0000
v 0.0000 -12.0000 -4.0000
v -1.0000 -11.0000 -4.0000
v 0.0000 -10.0000 -4.0000
v -1.0000 -10.0000 -4.0000
v -1.0000 -9.0000 -3.0000
v -1.0000 -9.0000 -4.0000
v 0.0000 -9.0000 -4.0000
v 0.0000 -9.0000 -3.0000
v -1.0000 -8.0000 -4.0000
v -1.0000 -7.0000 -4.0000
v -1.0000 -4.0000 -4.0000
v 0.0000 20.0000 -4.0000
v -1.0000 -20.0000 -5.0000
v 0.0000 -20.0000 -5.0000
v -1.0000 -19.0000 -5.0000
v 0.0000 -19.0000 -5.0000
v -1.0000 -18.0000 -5.0000
v 0.0000 -18.0000 -5.0000
v -1.0000 -17.0000 -5.0000
v 0.0000 -17.0000 -5.0000
v -1.0000 -16.0000 -5.0000
v 0.0000 -16.0000 -5.0000
v -1.0000 -15.0000 -5.0000
v 0.0000 -15.0000 -5.0000
v -1.0000 -14.0000 -5.0000
v 0.0000 -14.0000 -5.0000
v 0.0000 -13.0000 -5.0000
v -1.0000 -13.0000 -5.0000
v -1.0000 -12.0000 -5.0000
v 0.0000 -12.0000 -5.0000
v -1.0000 -11.0000 -5.0000
v 0.0000 -11.0000 -5.0000
v 0.0000 -10.0000 -5.0000
v -1.0000 -10.0000 -5.0000
v -1.0000 -9.0000 -5.0000
v 0.0000 -9.0000 -5.0000
v -1.0000 -8.0000 -5.0000
v 0.0000 -8.0000 -5.0000
v -1.0000 -7.0000 -5.0000
v 0.0000 -7.0000 -5.0000
v 0.0000 -6.0000 -5.0000
v 0.0000 -5.0000 -5.0000
v -1.0000 -4.0000 -5.0000
v 0.0000 -4.0000 -5.0000
v 0.0000 -3.0000 -5.0000
v 0.0000 -2.0000 -5.0000
v 0.0000 -1.0000 -5.0000
v 0.0000 20.0000 -5.0000
v 0.0000 -1.0000 -6.0000
v 0.0000 20.0000 -6.0000
v 0.0000 -1.0000 -7.0000
v 0.0000 0.0000 -7.0000
v 0.0000 1.0000 -7.0000
v 0.0000 2.0000 -7.0000
v 0.0000 3.0000 -7.0000
v 0.0000 4.0000 -7.0000
v 0.0000 5.0000 -7.0000
v 0.0000 6.0000 -7.0000
v 0.0000 7.0000 -7.0000
v 0.0000 8.0000 -7.0000
v 0.0000 9.0000 -7.0000
v 0.0000 10.0000 -7.0000
v 0.0000 11.0000 -7.0000
v 0.0000 12.0000 -7.0000
v 0.0000 13.0000 -7.0000
v 0.0000 14.0000 -7.0000
v 0.0000 15.0000 -7.0000
v 0.0000 16.0000 -7.0000
v 0.0000 17.0000 -7.0000
v 0.0000 18.0000 -7.0000
v 0.0000 19.0000 -7.0000
v 0.0000 20.0000 -7.0000
v 0.0000 -19.0000 18.0000
v 1.0000 -19.0000 18.0000
v 1.0000 -19.0000 17.0000
v 0.0000 -20.0000 18.0000
v 1.0000 -20.0000 17.0000
v 1.0000 -20.0000 18.0000
v 1.0000 -19.0000 16.0000
v 1.0000 -20.0000 16.0000
v 1.0000 -19.0000 15.0000
v 1.0000 -20.0000 15.0000
v 1.0000 -19.0000 13.0000
v 1.0000 -19.0000 12.0000
v 1.0000 -20.0000 12.0000
v 1.0000 -20.0000 13.0000
v 1.0000 -20.0000 9.0000
v 1.0000 -20.0000 10.0000
v 1.0000 -19.0000 10.0000
v 0.0000 -18.0000 10.0000
v 1.0000 -18.0000 10.0000
v 1.0000 -18.0000 9.0000
v 0.0000 -18.0000 9.0000
v 1.0000 -19.0000 9.0000
v 1.0000 -19.0000 8.0000
v 1.0000 -20.0000 8.0000
v 1.0000 -19.0000 7.0000
v 1.0000 -20.0000 7.0000
v 0.0000 4.0000 7.0000
v 1.0000 4.0000 6.0000
v 1.0000 4.0000 7.0000
v 1.0000 5.0000 7.0000
v 0.0000 5.0000 7.0000
v 1.0000 6.0000 7.0000
v 1.0000 7.0000 7.0000
v 1.0000 8.0000 7.0000
v 1.0000 8.0000 6.0000
v 1.0000 7.0000 6.0000
v 1.0000 14.0000 6.0000
v 1.0000 14.0000 7.0000
v 1.0000 15.0000 7.0000
v 1.0000 16.0000 7.0000
v 1.0000 17.0000 7.0000
v 1.0000 17.0000 6.0000
v 1.0000 0.0000 5.0000
v 1.0000 0.0000 6.0000
v 1.0000 1.0000 6.0000
v 1.0000 2.0000 6.0000
v 1.0000 3.0000 6.0000
v 1.0000 3.0000 5.0000
v 1.0000 4.0000 5.0000
v 1.0000 9.0000 6.0000
v 1.0000 10.0000 6.0000
v 1.0000 11.0000 6.0000
v 1.0000 12.0000 6.0000
v 1.0000 13.0000 6.0000
v 1.0000 18.0000 6.0000
v 1.0000 19.0000 6.0000
v 1.0000 19.0000 5.0000
v 1.0000 -20.0000 4.0000
v 1.0000 -20.0000 5.0000
v 1.0000 -19.0000 5.0000
v 1.0000 -18.0000 5.0000
v 1.0000 -17.0000 5.0000
v 1.0000 -16.0000 5.0000
v 1.0000 -15.0000 5.0000
v 1.0000 -14.0000 5.0000
v 1.0000 -13.0000 5.0000
v 1.0000 -12.0000 5.0000
v 1.0000 -11.0000 5.0000
v 1.0000 -10.0000 5.0000
v 1.0000 -9.0000 5.0000
v 1.0000 -8.0000 5.0000
v 1.0000 -7.0000 5.0000
v 1.0000 -6.0000 5.0000
v 1.0000 -5.0000 5.0000
v 1.0000 -4.0000 5.0000
v 1.0000 -3.0000 5.0000
v 1.0000 -2.0000 5.0000
v 1.0000 -1.0000 5.0000
v 1.0000 19.0000 4.0000
v 1.0000 -20.0000 3.0000
v 1.0000 19.0000 3.0000
v 1.0000 -20.0000 2.0000
v 1.0000 19.0000 2.0000
v 1.0000 -20.0000 1.0000
v 1.0000 19.0000 1.0000
v 1.0000 -20.0000 -0.0000
v 1.0000 19.0000 -0.0000
v 1.0000 -20.0000 -1.0000
v 0.0000 -10.0000 -1.0000
v 1.0000 19.0000 -1.0000
v 1.0000 -20.0000 -2.0000
v 0.0000 -9.0000 -2.0000
v 1.0000 19.0000 -2.0000
v 1.0000 -20.0000 -3.0000
v 1.0000 20.0000 -2.0000
v 1.0000 20.0000 -3.0000
v 1.0000 -20.0000 -4.0000
v 1.0000 20.0000 -4.0000
v 1.0000 -20.0000 -5.0000
v 1.0000 -19.0000 -5.0000
v 1.0000 -18.0000 -5.0000
v 1.0000 -17.0000 -5.0000
v 1.0000 -16.0000 -5.0000
v 1.0000 -15.0000 -5.0000
v 1.0000 -14.0000 -5.0000
v 1.0000 -13.0000 -5.0000
v 1.0000 -12.0000 -5.0000
v 1.0000 -11.0000 -5.0000
v 1.0000 -10.0000 -5.0000
v 1.0000 -9.0000 -5.0000
v 1.0000 -8.0000 -5.0000
v 1.0000 -7.0000 -5.0000
v 1.0000 -6.0000 -5.0000
v 1.0000 -5.0000 -5.0000
v 1.0000 -4.0000 -5.0000
v 1.0000 -3.0000 -5.0000
v 1.0000 -2.0000 -5.0000
v 1.0000 -1.0000 -5.0000
v 1.0000 20.0000 -5.0000
v 1.0000 -1.0000 -6.0000
v 1.0000 20.0000 -6.0000
v 1.0000 -1.0000 -7.0000
v 1.0000 0.0000 -7.0000
v 1.0000 1.0000 -7.0000
v 1.0000 2.0000 -7.0000
v 1.0000 13.0000 -7.0000
v 1.0000 12.0000 -7.0000
v 1.0000 14.0000 -7.0000
v 1.0000 15.0000 -7.0000
v 1.0000 16.0000 -7.0000
v 1.0000 17.0000 -7.0000
v 1.0000 18.0000 -7.0000
v 1.0000 19.0000 -7.0000
v 1.0000 20.0000 -7.0000
v 0.0000 2.0000 -8.0000
v 1.0000 2.0000 -8.0000
v 0.0000 3.0000 -8.0000
v 1.0000 3.0000 -8.0000
v 0.0000 4.0000 -8.0000
v 1.0000 4.0000 -8.0000
v 0.0000 5.0000 -8.0000
v 1.0000 5.0000 -8.0000
v 0.0000 6.0000 -8.0000
v 1.0000 6.0000 -8.0000
v 0.0000 7.0000 -8.0000
v 1.0000 7.0000 -8.0000
v 0.0000 8.0000 -8.0000
v 1.0000 8.0000 -8.0000
v 0.0000 9.0000 -8.0000
v 1.0000 9.0000 -8.0000
v 0.0000 10.0000 -8.0000
v 1.0000 10.0000 -8.0000
v 0.0000 11.0000 -8.0000
v 1.0000 11.0000 -8.0000
v 1.0000 12.0000 -8.0000
v 0.0000 12.0000 -8.0000
v 2.0000 -19.0000 15.0000
v 2.0000 -19.0000 14.0000
v 1.0000 -19.0000 14.0000
v 1.0000 -20.0000 14.0000
v 2.0000 -20.0000 14.0000
v 2.0000 -20.0000 15.0000
v 2.0000 -19.0000 13.0000
v 2.0000 -19.0000 12.0000
v 2.0000 -20.0000 12.0000
v 2.0000 -20.0000 13.0000
v 1.0000 -20.0000 11.0000
v 2.0000 -20.0000 11.0000
v 1.0000 -19.0000 11.0000
v 1.0000 -18.0000 12.0000
v 2.0000 -18.0000 12.0000
v 2.0000 -18.0000 11.0000
v 1.0000 -18.0000 11.0000
v 2.0000 -20.0000 10.0000
v 2.0000 -18.0000 10.0000
v 2.0000 -19.0000 10.0000
v 2.0000 -19.0000 11.0000
v 2.0000 -19.0000 9.0000
v 2.0000 -20.0000 9.0000
v 2.0000 -19.0000 8.0000
v 2.0000 -20.0000 8.0000
v 2.0000 -19.0000 7.0000
v 2.0000 -20.0000 7.0000
v 1.0000 0.0000 8.0000
v 2.0000 0.0000 8.0000
v 2.0000 0.0000 7.0000
v 1.0000 0.0000 7.0000
v 1.0000 -1.0000 8.0000
v 1.0000 -1.0000 7.0000
v 2.0000 -1.0000 7.0000
v 2.0000 -1.0000 8.0000
v 2.0000 -19.0000 6.0000
v 1.0000 -19.0000 6.0000
v 1.0000 -20.0000 6.0000
v 2.0000 -20.0000 6.0000
v 2.0000 0.0000 6.0000
v 1.0000 -1.0000 6.0000
v 2.0000 -1.0000 6.0000
v 1.0000 2.0000 7.0000
v 2.0000 2.0000 7.0000
v 2.0000 2.0000 6.0000
v 1.0000 1.0000 7.0000
v 2.0000 1.0000 6.0000
v 2.0000 1.0000 7.0000
v 1.0000 3.0000 7.0000
v 2.0000 3.0000 6.0000
v 2.0000 3.0000 7.0000
v 2.0000 4.0000 7.0000
v 2.0000 5.0000 7.0000
v 2.0000 6.0000 7.0000
v 2.0000 7.0000 7.0000
v 2.0000 7.0000 6.0000
v 1.0000 9.0000 7.0000
v 2.0000 9.0000 7.0000
v 2.0000 9.0000 6.0000
v 2.0000 8.0000 6.0000
v 2.0000 8.0000 7.0000
v 2.0000 14.0000 6.0000
v 2.0000 14.0000 7.0000
v 2.0000 15.0000 7.0000
v 2.0000 16.0000 7.0000
v 2.0000 17.0000 7.0000
v 1.0000 18.0000 7.0000
v 2.0000 18.0000 7.0000
v 2.0000 18.0000 6.0000
v 2.0000 -1.0000 5.0000
v 2.0000 10.0000 6.0000
v 2.0000 11.0000 6.0000
v 2.0000 12.0000 6.0000
v 2.0000 13.0000 6.0000
v 2.0000 19.0000 6.0000
v 2.0000 19.0000 5.0000
v 2.0000 -20.0000 4.0000
v 2.0000 -20.0000 5.0000
v 2.0000 -19.0000 5.0000
v 2.0000 -18.0000 5.0000
v 2.0000 -17.0000 5.0000
v 2.0000 -16.0000 5.0000
v 2.0000 -15.0000 5.0000
v 2.0000 -14.0000 5.0000
v 2.0000 -13.0000 5.0000
v 2.0000 -12.0000 5.0000
v 2.0000 -11.0000 5.0000
v 2.0000 -10.0000 5.0000
v 2.0000 -9.0000 5.0000
v 2.0000 -8.0000 5.0000
v 2.0000 -7.0000 5.0000
v 2.0000 -6.0000 5.0000
v 2.0000 -5.0000 5.0000
v 2.0000 -4.0000 5.0000
v 2.0000 -3.0000 5.0000
v 2.0000 -2.0000 5.0000
v 2.0000 19.0000 4.0000
v 2.0000 -20.0000 3.0000
v 2.0000 19.0000 3.0000
v 2.0000 -20.0000 2.0000
v 2.0000 19.0000 2.0000
v 2.0000 -20.0000 1.0000
v 2.0000 19.0000 1.0000
v 2.0000 -20.0000 -0.0000
v 2.0000 19.0000 -0.0000
v 2.0000 -20.0000 -1.0000
v 2.0000 19.0000 -1.0000
v 2.0000 -20.0000 -2.0000
v 2.0000 19.0000 -2.0000
v 2.0000 -20.0000 -3.0000
v 2.0000 20.0000 -2.0000
v 2.0000 20.0000 -3.0000
v 2.0000 -20.0000 -4.0000
v 2.0000 20.0000 -4.0000
v 2.0000 -20.0000 -5.0000
v 2.0000 -19.0000 -5.0000
v 2.0000 -18.0000 -5.0000
v 2.0000 -17.0000 -5.0000
v 2.0000 -16.0000 -5.0000
v 2.0000 -15.0000 -5.0000
v 2.0000 -14.0000 -5.0000
v 2.0000 -13.0000 -5.0000
v 2.0000 -12.0000 -5.0000
v 2.0000 -11.0000 -5.0000
v 2.0000 -10.0000 -5.0000
v 2.0000 -9.0000 -5.0000
v 2.0000 -8.0000 -5.0000
v 2.0000 -7.0000 -5.0000
v 2.0000 -6.0000 -5.0000
v 2.0000 -5.0000 -5.0000
v 2.0000 -4.0000 -5.0000
v 2.0000 -3.0000 -5.0000
v 2.0000 -2.0000 -5.0000
v 2.0000 -1.0000 -5.0000
v 2.0000 20.0000 -5.0000
v 2.0000 -1.0000 -6.0000
v 2.0000 20.0000 -6.0000
v 2.0000 -1.0000 -7.0000
v 2.0000 0.0000 -7.0000
v 2.0000 1.0000 -7.0000
v 2.0000 2.0000 -7.0000
v 2.0000 13.0000 -7.0000
v 2.0000 12.0000 -7.0000
v 2.0000 14.0000 -7.0000
v 2.0000 15.0000 -7.0000
v 2.0000 16.0000 -7.0000
v 2.0000 17.0000 -7.0000
v 2.0000 18.0000 -7.0000
v 2.0000 19.0000 -7.0000
v 2.0000 20.0000 -7.0000
v 2.0000 2.0000 -8.0000
v 2.0000 3.0000 -8.0000
v 2.0000 4.0000 -8.0000
v 2.0000 5.0000 -8.0000
v 2.0000 6.0000 -8.0000
v 2.0000 7.0000 -8.0000
v 2.0000 8.0000 -8.0000
v 2.0000 9.0000 -8.0000
v 2.0000 10.0000 -8.0000
v 2.0000 11.0000 -8.0000
v 2.0000 12.0000 -8.0000
v 3.0000 -19.0000 14.0000
v 3.0000 -19.0000 13.0000
v 3.0000 -20.0000 13.0000
v 3.0000 -20.0000 14.0000
v 3.0000 -19.0000 12.0000
v 3.0000 -20.0000 12.0000
v 3.0000 -20.0000 11.0000
v 3.0000 -19.0000 11.0000
v 3.0000 -18.0000 12.0000
v 3.0000 -18.0000 11.0000
v 3.0000 -19.0000 10.0000
v 3.0000 -20.0000 10.0000
v 3.0000 -19.0000 9.0000
v 3.0000 -20.0000 9.0000
v 3.0000 -19.0000 8.0000
v 3.0000 -19.0000 7.0000
v 3.0000 -20.0000 7.0000
v 3.0000 -20.0000 8.0000
v 2.0000 2.0000 8.0000
v 3.0000 2.0000 8.0000
v 3.0000 2.0000 7.0000
v 2.0000 1.0000 8.0000
v 3.0000 1.0000 7.0000
v 3.0000 1.0000 8.0000
v 2.0000 4.0000 8.0000
v 3.0000 4.0000 8.0000
v 3.0000 4.0000 7.0000
v 2.0000 3.0000 8.0000
v 3.0000 3.0000 7.0000
v 3.0000 3.0000 8.0000
v 2.0000 15.0000 8.0000
v 3.0000 15.0000 8.0000
v 3.0000 15.0000 7.0000
v 2.0000 14.0000 8.0000
v 3.0000 14.0000 7.0000
v 3.0000 14.0000 8.0000
v 3.0000 -19.0000 6.0000
v 3.0000 -20.0000 6.0000
v 3.0000 0.0000 6.0000
v 3.0000 0.0000 7.0000
v 3.0000 5.0000 7.0000
v 3.0000 6.0000 7.0000
v 3.0000 7.0000 7.0000
v 3.0000 7.0000 6.0000
v 3.0000 9.0000 7.0000
v 3.0000 9.0000 6.0000
v 3.0000 8.0000 6.0000
v 3.0000 8.0000 7.0000
v 3.0000 14.0000 6.0000
v 3.0000 16.0000 7.0000
v 3.0000 17.0000 7.0000
v 3.0000 18.0000 7.0000
v 2.0000 19.0000 7.0000
v 3.0000 19.0000 7.0000
v 3.0000 19.0000 6.0000
v 2.0000 -4.0000 6.0000
v 3.0000 -4.0000 6.0000
v 3.0000 -4.0000 5.0000
v 2.0000 -5.0000 6.0000
v 3.0000 -5.0000 5.0000
v 3.0000 -5.0000 6.0000
v 3.0000 -1.0000 5.0000
v 3.0000 -1.0000 6.0000
v 3.0000 0.0000 5.0000
v 3.0000 10.0000 6.0000
v 3.0000 11.0000 6.0000
v 3.0000 12.0000 6.0000
v 3.0000 13.0000 6.0000
v 3.0000 19.0000 5.0000
v 3.0000 -20.0000 4.0000
v 3.0000 -20.0000 5.0000
v 3.0000 -19.0000 5.0000
v 3.0000 -18.0000 5.0000
v 3.0000 -17.0000 5.0000
v 3.0000 -16.0000 5.0000
v 3.0000 -15.0000 5.0000
v 3.0000 -14.0000 5.0000
v 3.0000 -13.0000 5.0000
v 3.0000 -12.0000 5.0000
v 3.0000 -11.0000 5.0000
v 3.0000 -10.0000 5.0000
v 3.0000 -9.0000 5.0000
v 3.0000 -8.0000 5.0000
v 3.0000 -7.0000 5.0000
v 3.0000 -6.0000 5.0000
v 3.0000 -3.0000 5.0000
v 3.0000 -2.0000 5.0000
v 3.0000 -2.0000 4.0000
v 3.0000 -1.0000 4.0000
v 3.0000 19.0000 4.0000
v 3.0000 -20.0000 3.0000
v 3.0000 19.0000 3.0000
v 3.0000 -20.0000 2.0000
v 3.0000 19.0000 2.0000
v 3.0000 -20.0000 1.0000
v 3.0000 19.0000 1.0000
v 3.0000 -20.0000 -0.0000
v 3.0000 19.0000 -0.0000
v 3.0000 -20.0000 -1.0000
v 3.0000 19.0000 -1.0000
v 3.0000 -20.0000 -2.0000
v 3.0000 19.0000 -2.0000
v 3.0000 -20.0000 -3.0000
v 3.0000 20.0000 -2.0000
v 3.0000 20.0000 -3.0000
v 3.0000 -20.0000 -4.0000
v 3.0000 20.0000 -4.0000
v 3.0000 -20.0000 -5.0000
v 3.0000 -19.0000 -5.0000
v 3.0000 -18.0000 -5.0000
v 3.0000 -17.0000 -5.0000
v 3.0000 -16.0000 -5.0000
v 3.0000 -15.0000 -5.0000
v 3.0000 -14.0000 -5.0000
v 3.0000 -13.0000 -5.0000
v 3.0000 -12.0000 -5.0000
v 3.0000 -11.0000 -5.0000
v 3.0000 -10.0000 -5.0000
v 3.0000 -9.0000 -5.0000
v 3.0000 -8.0000 -5.0000
v 3.0000 -7.0000 -5.0000
v 3.0000 -6.0000 -5.0000
v 3.0000 -5.0000 -5.0000
v 3.0000 -4.0000 -5.0000
v 3.0000 -3.0000 -5.0000
v 3.0000 -2.0000 -5.0000
v 3.0000 -1.0000 -5.0000
v 3.0000 20.0000 -5.0000
v 3.0000 -1.0000 -6.0000
v 3.0000 20.0000 -6.0000
v 3.0000 -1.0000 -7.0000
v 3.0000 0.0000 -7.0000
v 3.0000 1.0000 -7.0000
v 3.0000 2.0000 -7.0000
v 3.0000 13.0000 -7.0000
v 3.0000 12.0000 -7.0000
v 3.0000 14.0000 -7.0000
v 3.0000 15.0000 -7.0000
v 3.0000 16.0000 -7.0000
v 3.0000 17.0000 -7.0000
v 3.0000 18.0000 -7.0000
v 3.0000 19.0000 -7.0000
v 3.0000 20.0000 -7.0000
v 3.0000 2.0000 -8.0000
v 3.0000 3.0000 -8.0000
v 3.0000 4.0000 -8.0000
v 3.0000 5.0000 -8.0000
v 3.0000 6.0000 -8.0000
v 3.0000 7.0000 -8.0000
v 3.0000 6.0000 -7.0000
v 3.0000 7.0000 -7.0000
v 3.0000 8.0000 -8.0000
v 3.0000 9.0000 -8.0000
v 3.0000 10.0000 -8.0000
v 3.0000 11.0000 -8.0000
v 3.0000 12.0000 -8.0000
v 4.0000 -19.0000 14.0000
v 4.0000 -19.0000 13.0000
v 4.0000 -20.0000 13.0000
v 4.0000 -20.0000 14.0000
v 4.0000 -19.0000 11.0000
v 4.0000 -19.0000 10.0000
v 4.0000 -20.0000 10.0000
v 4.0000 -20.0000 11.0000
v 4.0000 -19.0000 8.0000
v 4.0000 -19.0000 7.0000
v 4.0000 -20.0000 7.0000
v 4.0000 -20.0000 8.0000
v 3.0000 -1.0000 8.0000
v 3.0000 -1.0000 7.0000
v 4.0000 -1.0000 7.0000
v 4.0000 -1.0000 8.0000
v 4.0000 0.0000 8.0000
v 3.0000 0.0000 8.0000
v 4.0000 0.0000 7.0000
v 4.0000 1.0000 8.0000
v 4.0000 2.0000 8.0000
v 4.0000 2.0000 7.0000
v 4.0000 1.0000 7.0000
v 4.0000 4.0000 8.0000
v 4.0000 4.0000 7.0000
v 4.0000 3.0000 7.0000
v 4.0000 3.0000 8.0000
v 4.0000 -19.0000 6.0000
v 4.0000 -20.0000 6.0000
v 4.0000 -1.0000 6.0000
v 4.0000 0.0000 6.0000
v 4.0000 5.0000 7.0000
v 4.0000 6.0000 7.0000
v 4.0000 7.0000 7.0000
v 4.0000 7.0000 6.0000
v 4.0000 14.0000 6.0000
v 4.0000 14.0000 7.0000
v 4.0000 15.0000 7.0000
v 4.0000 16.0000 7.0000
v 4.0000 17.0000 7.0000
v 4.0000 18.0000 7.0000
v 4.0000 19.0000 7.0000
v 4.0000 19.0000 6.0000
v 4.0000 0.0000 5.0000
v 4.0000 8.0000 6.0000
v 4.0000 9.0000 6.0000
v 4.0000 10.0000 6.0000
v 4.0000 11.0000 6.0000
v 4.0000 12.0000 6.0000
v 4.0000 13.0000 6.0000
v 4.0000 19.0000 5.0000
v 4.0000 -20.0000 4.0000
v 4.0000 -20.0000 5.0000
v 4.0000 -19.0000 5.0000
v 4.0000 -18.0000 5.0000
v 4.0000 -17.0000 5.0000
v 4.0000 -16.0000 5.0000
v 4.0000 -15.0000 5.0000
v 4.0000 -14.0000 5.0000
v 4.0000 -13.0000 5.0000
v 4.0000 -12.0000 5.0000
v 4.0000 -11.0000 5.0000
v 4.0000 -10.0000 5.0000
v 4.0000 -9.0000 5.0000
v 4.0000 -8.0000 5.0000
v 4.0000 -7.0000 5.0000
v 4.0000 -6.0000 5.0000
v 4.0000 -5.0000 5.0000
v 4.0000 -4.0000 5.0000
v 4.0000 -3.0000 5.0000
v 4.0000 -2.0000 5.0000
v 4.0000 -2.0000 4.0000
v 4.0000 -1.0000 4.0000
v 4.0000 -1.0000 5.0000
v 4.0000 19.0000 4.0000
v 4.0000 -20.0000 3.0000
v 4.0000 19.0000 3.0000
v 4.0000 -20.0000 2.0000
v 4.0000 19.0000 2.0000
v 4.0000 -20.0000 1.0000
v 4.0000 19.0000 1.0000
v 4.0000 -20.0000 -0.0000
v 4.0000 19.0000 -0.0000
v 4.0000 -20.0000 -1.0000
v 4.0000 19.0000 -1.0000
v 4.0000 -20.0000 -2.0000
v 4.0000 19.0000 -2.0000
v 4.0000 -20.0000 -3.0000
v 4.0000 20.0000 -2.0000
v 4.0000 20.0000 -3.0000
v 4.0000 -20.0000 -4.0000
v 4.0000 20.0000 -4.0000
v 4.0000 -20.0000 -5.0000
v 4.0000 -19.0000 -5.0000
v 4.0000 -18.0000 -5.0000
v 4.0000 -17.0000 -5.0000
v 4.0000 -16.0000 -5.0000
v 4.0000 -15.0000 -5.0000
v 4.0000 -14.0000 -5.0000
v 4.0000 -13.0000 -5.0000
v 4.0000 -12.0000 -5.0000
v 4.0000 -11.0000 -5.0000
v 4.0000 -10.0000 -5.0000
v 4.0000 -9.0000 -5.0000
v 4.0000 -8.0000 -5.0000
v 4.0000 -7.0000 -5.0000
v 4.0000 -6.0000 -5.0000
v 4.0000 -5.0000 -5.0000
v 4.0000 -4.0000 -5.0000
v 4.0000 -3.0000 -5.0000
v 4.0000 -2.0000 -5.0000
v 4.0000 -1.0000 -5.0000
v 4.0000 20.0000 -5.0000
v 4.0000 -1.0000 -6.0000
v 4.0000 20.0000 -6.0000
v 4.0000 -1.0000 -7.0000
v 4.0000 0.0000 -7.0000
v 4.0000 1.0000 -7.0000
v 4.0000 0.0000 -6.0000
v 4.0000 1.0000 -6.0000
v 4.0000 2.0000 -7.0000
v 4.0000 7.0000 -7.0000
v 4.0000 6.0000 -7.0000
v 4.0000 13.0000 -7.0000
v 4.0000 12.0000 -7.0000
v 4.0000 14.0000 -7.0000
v 4.0000 15.0000 -7.0000
v 4.0000 16.0000 -7.0000
v 4.0000 17.0000 -7.0000
v 4.0000 18.0000 -7.0000
v 4.0000 19.0000 -7.0000
v 4.0000 20.0000 -7.0000
v 4.0000 2.0000 -8.0000
v 4.0000 3.0000 -8.0000
v 4.0000 4.0000 -8.0000
v 4.0000 5.0000 -8.0000
v 4.0000 6.0000 -8.0000
v 4.0000 5.0000 -7.0000
v 4.0000 7.0000 -8.0000
v 4.0000 8.0000 -8.0000
v 4.0000 9.0000 -8.0000
v 4.0000 10.0000 -8.0000
v 4.0000 11.0000 -8.0000
v 4.0000 12.0000 -8.0000
v 4.0000 -20.0000 12.0000
v 5.0000 -20.0000 11.0000
v 5.0000 -20.0000 12.0000
v 5.0000 -19.0000 12.0000
v 4.0000 -19.0000 12.0000
v 4.0000 -18.0000 12.0000
v 5.0000 -18.0000 12.0000
v 5.0000 -18.0000 11.0000
v 4.0000 -18.0000 11.0000
v 5.0000 -19.0000 11.0000
v 5.0000 -20.0000 10.0000
v 5.0000 -18.0000 10.0000
v 4.0000 -18.0000 10.0000
v 4.0000 -20.0000 9.0000
v 5.0000 -20.0000 9.0000
v 4.0000 -19.0000 9.0000
v 5.0000 -18.0000 9.0000
v 4.0000 -18.0000 9.0000
v 5.0000 -19.0000 9.0000
v 5.0000 -19.0000 10.0000
v 5.0000 -19.0000 8.0000
v 5.0000 -20.0000 8.0000
v 5.0000 -19.0000 7.0000
v 5.0000 -20.0000 7.0000
v 5.0000 1.0000 8.0000
v 5.0000 1.0000 7.0000
v 5.0000 0.0000 7.0000
v 5.0000 0.0000 8.0000
v 4.0000 6.0000 8.0000
v 5.0000 6.0000 7.0000
v 5.0000 6.0000 8.0000
v 5.0000 7.0000 8.0000
v 4.0000 7.0000 8.0000
v 5.0000 8.0000 8.0000
v 4.0000 8.0000 8.0000
v 4.0000 8.0000 7.0000
v 5.0000 9.0000 8.0000
v 4.0000 9.0000 8.0000
v 4.0000 9.0000 7.0000
v 5.0000 10.0000 8.0000
v 4.0000 10.0000 8.0000
v 4.0000 10.0000 7.0000
v 5.0000 11.0000 8.0000
v 4.0000 11.0000 8.0000
v 4.0000 11.0000 7.0000
v 5.0000 12.0000 8.0000
v 4.0000 12.0000 8.0000
v 4.0000 12.0000 7.0000
v 5.0000 13.0000 8.0000
v 4.0000 13.0000 8.0000
v 4.0000 13.0000 7.0000
v 4.0000 14.0000 8.0000
v 5.0000 14.0000 8.0000
v 5.0000 14.0000 7.0000
v 5.0000 -19.0000 6.0000
v 5.0000 -20.0000 6.0000
v 5.0000 0.0000 6.0000
v 5.0000 2.0000 7.0000
v 5.0000 3.0000 7.0000
v 5.0000 4.0000 7.0000
v 5.0000 5.0000 7.0000
v 5.0000 15.0000 7.0000
v 5.0000 16.0000 7.0000
v 5.0000 17.0000 7.0000
v 5.0000 18.0000 7.0000
v 5.0000 19.0000 7.0000
v 5.0000 19.0000 6.0000
v 5.0000 -19.0000 5.0000
v 5.0000 -20.0000 5.0000
v 5.0000 -1.0000 5.0000
v 5.0000 -1.0000 6.0000
v 5.0000 19.0000 5.0000
v 5.0000 -20.0000 4.0000
v 5.0000 -18.0000 5.0000
v 5.0000 -17.0000 5.0000
v 5.0000 -16.0000 5.0000
v 5.0000 -15.0000 5.0000
v 5.0000 -14.0000 5.0000
v 5.0000 -13.0000 5.0000
v 5.0000 -12.0000 5.0000
v 5.0000 -11.0000 5.0000
v 5.0000 -10.0000 5.0000
v 5.0000 -9.0000 5.0000
v 5.0000 -8.0000 5.0000
v 5.0000 -7.0000 5.0000
v 5.0000 -6.0000 5.0000
v 5.0000 -5.0000 5.0000
v 5.0000 -4.0000 5.0000
v 5.0000 -3.0000 5.0000
v 5.0000 -2.0000 5.0000
v 5.0000 19.0000 4.0000
v 5.0000 -20.0000 3.0000
v 5.0000 19.0000 3.0000
v 5.0000 -20.0000 2.0000
v 5.0000 19.0000 2.0000
v 5.0000 -20.0000 1.0000
v 5.0000 19.0000 1.0000
v 5.0000 -20.0000 -0.0000
v 5.0000 19.0000 -0.0000
v 5.0000 -20.0000 -1.0000
v 5.0000 19.0000 -1.0000
v 5.0000 -20.0000 -2.0000
v 5.0000 19.0000 -2.0000
v 5.0000 -20.0000 -3.0000
v 5.0000 20.0000 -2.0000
v 5.0000 20.0000 -3.0000
v 5.0000 19.0000 -3.0000
v 5.0000 -20.0000 -4.0000
v 5.0000 20.0000 -4.0000
v 5.0000 19.0000 -4.0000
v 5.0000 -20.0000 -5.0000
v 5.0000 -19.0000 -5.0000
v 5.0000 -18.0000 -5.0000
v 5.0000 -17.0000 -5.0000
v 5.0000 -16.0000 -5.0000
v 5.0000 -15.0000 -5.0000
v 5.0000 -14.0000 -5.0000
v 5.0000 -13.0000 -5.0000
v 5.0000 -12.0000 -5.0000
v 5.0000 -11.0000 -5.0000
v 5.0000 -10.0000 -5.0000
v 5.0000 -9.0000 -5.0000
v 5.0000 -8.0000 -5.0000
v 5.0000 -7.0000 -5.0000
v 5.0000 -6.0000 -5.0000
v 5.0000 -5.0000 -5.0000
v 5.0000 -4.0000 -5.0000
v 5.0000 -3.0000 -5.0000
v 5.0000 -2.0000 -5.0000
v 5.0000 -1.0000 -5.0000
v 5.0000 20.0000 -5.0000
v 5.0000 19.0000 -5.0000
v 5.0000 -1.0000 -6.0000
v 5.0000 1.0000 -6.0000
v 5.0000 0.0000 -6.0000
v 5.0000 16.0000 -5.0000
v 5.0000 16.0000 -6.0000
v 5.0000 17.0000 -6.0000
v 5.0000 17.0000 -5.0000
v 5.0000 18.0000 -6.0000
v 5.0000 18.0000 -5.0000
v 5.0000 19.0000 -6.0000
v 5.0000 20.0000 -6.0000
v 5.0000 0.0000 -7.0000
v 5.0000 -1.0000 -7.0000
v 5.0000 1.0000 -7.0000
v 5.0000 2.0000 -7.0000
v 5.0000 2.0000 -6.0000
v 5.0000 6.0000 -7.0000
v 5.0000 5.0000 -7.0000
v 5.0000 7.0000 -7.0000
v 5.0000 13.0000 -7.0000
v 5.0000 12.0000 -7.0000
v 5.0000 12.0000 -6.0000
v 5.0000 13.0000 -6.0000
v 5.0000 14.0000 -7.0000
v 5.0000 14.0000 -6.0000
v 5.0000 15.0000 -7.0000
v 5.0000 15.0000 -6.0000
v 5.0000 16.0000 -7.0000
v 5.0000 17.0000 -7.0000
v 5.0000 18.0000 -7.0000
v 5.0000 19.0000 -7.0000
v 5.0000 20.0000 -7.0000
v 5.0000 2.0000 -8.0000
v 5.0000 3.0000 -8.0000
v 5.0000 4.0000 -8.0000
v 5.0000 5.0000 -8.0000
v 5.0000 7.0000 -8.0000
v 5.0000 8.0000 -8.0000
v 5.0000 9.0000 -8.0000
v 5.0000 10.0000 -8.0000
v 5.0000 11.0000 -8.0000
v 5.0000 12.0000 -8.0000
v 5.0000 -19.0000 13.0000
v 6.0000 -19.0000 13.0000
v 6.0000 -19.0000 12.0000
v 5.0000 -20.0000 13.0000
v 6.0000 -20.0000 12.0000
v 6.0000 -20.0000 13.0000
v 6.0000 -19.0000 11.0000
v 6.0000 -20.0000 11.0000
v 6.0000 -20.0000 10.0000
v 6.0000 -18.0000 11.0000
v 6.0000 -18.0000 10.0000
v 6.0000 -19.0000 10.0000
v 6.0000 -19.0000 9.0000
v 6.0000 -20.0000 9.0000
v 6.0000 -19.0000 8.0000
v 6.0000 -20.0000 8.0000
v 6.0000 -19.0000 7.0000
v 6.0000 -20.0000 7.0000
v 6.0000 6.0000 7.0000
v 6.0000 6.0000 8.0000
v 6.0000 7.0000 8.0000
v 6.0000 8.0000 8.0000
v 6.0000 9.0000 8.0000
v 6.0000 10.0000 8.0000
v 6.0000 11.0000 8.0000
v 6.0000 12.0000 8.0000
v 6.0000 13.0000 8.0000
v 6.0000 14.0000 8.0000
v 6.0000 14.0000 7.0000
v 5.0000 -1.0000 7.0000
v 6.0000 -1.0000 6.0000
v 6.0000 -1.0000 7.0000
v 6.0000 0.0000 7.0000
v 6.0000 1.0000 7.0000
v 6.0000 2.0000 7.0000
v 6.0000 3.0000 7.0000
v 6.0000 4.0000 7.0000
v 6.0000 5.0000 7.0000
v 6.0000 15.0000 7.0000
v 6.0000 16.0000 7.0000
v 6.0000 17.0000 7.0000
v 6.0000 18.0000 7.0000
v 6.0000 19.0000 7.0000
v 6.0000 19.0000 6.0000
v 6.0000 -19.0000 6.0000
v 6.0000 -19.0000 5.0000
v 6.0000 -20.0000 5.0000
v 6.0000 -20.0000 6.0000
v 6.0000 -1.0000 5.0000
v 6.0000 19.0000 5.0000
v 6.0000 -20.0000 4.0000
v 6.0000 -18.0000 5.0000
v 6.0000 -17.0000 5.0000
v 6.0000 -16.0000 5.0000
v 6.0000 -15.0000 5.0000
v 6.0000 -14.0000 5.0000
v 6.0000 -13.0000 5.0000
v 6.0000 -12.0000 5.0000
v 6.0000 -11.0000 5.0000
v 6.0000 -10.0000 5.0000
v 6.0000 -9.0000 5.0000
v 6.0000 -8.0000 5.0000
v 6.0000 -7.0000 5.0000
v 6.0000 -6.0000 5.0000
v 6.0000 -5.0000 5.0000
v 6.0000 -4.0000 5.0000
v 6.0000 -3.0000 5.0000
v 6.0000 -2.0000 5.0000
v 6.0000 19.0000 4.0000
v 6.0000 -20.0000 3.0000
v 6.0000 19.0000 3.0000
v 6.0000 -20.0000 2.0000
v 6.0000 19.0000 2.0000
v 6.0000 -20.0000 1.0000
v 6.0000 19.0000 1.0000
v 6.0000 -20.0000 -0.0000
v 6.0000 19.0000 -0.0000
v 6.0000 -20.0000 -1.0000
v 6.0000 19.0000 -1.0000
v 6.0000 -20.0000 -2.0000
v 6.0000 19.0000 -2.0000
v 6.0000 -20.0000 -3.0000
v 6.0000 19.0000 -3.0000
v 6.0000 -20.0000 -4.0000
v 6.0000 13.0000 -3.0000
v 6.0000 13.0000 -4.0000
v 6.0000 14.0000 -4.0000
v 6.0000 14.0000 -3.0000
v 6.0000 19.0000 -4.0000
v 6.0000 -20.0000 -5.0000
v 6.0000 -19.0000 -5.0000
v 6.0000 -18.0000 -5.0000
v 6.0000 -17.0000 -5.0000
v 6.0000 -16.0000 -5.0000
v 6.0000 -15.0000 -5.0000
v 6.0000 -14.0000 -5.0000
v 6.0000 -13.0000 -5.0000
v 6.0000 -12.0000 -5.0000
v 6.0000 -11.0000 -5.0000
v 6.0000 -10.0000 -5.0000
v 6.0000 -9.0000 -5.0000
v 6.0000 -8.0000 -5.0000
v 6.0000 -7.0000 -5.0000
v 6.0000 -6.0000 -5.0000
v 6.0000 -5.0000 -5.0000
v 6.0000 -4.0000 -5.0000
v 6.0000 -3.0000 -5.0000
v 6.0000 -2.0000 -5.0000
v 6.0000 -1.0000 -5.0000
v 6.0000 17.0000 -5.0000
v 6.0000 16.0000 -5.0000
v 6.0000 18.0000 -5.0000
v 6.0000 19.0000 -5.0000
v 6.0000 -1.0000 -6.0000
v 6.0000 0.0000 -6.0000
v 6.0000 1.0000 -6.0000
v 6.0000 2.0000 -6.0000
v 6.0000 13.0000 -6.0000
v 6.0000 12.0000 -6.0000
v 6.0000 14.0000 -6.0000
v 6.0000 15.0000 -6.0000
v 6.0000 16.0000 -6.0000
v 6.0000 2.0000 -7.0000
v 6.0000 6.0000 -7.0000
v 6.0000 5.0000 -7.0000
v 6.0000 12.0000 -7.0000
v 6.0000 2.0000 -8.0000
v 6.0000 3.0000 -8.0000
v 6.0000 4.0000 -8.0000
v 6.0000 5.0000 -8.0000
v 5.0000 6.0000 -8.0000
v 6.0000 6.0000 -8.0000
v 6.0000 7.0000 -8.0000
v 6.0000 8.0000 -8.0000
v 6.0000 9.0000 -8.0000
v 6.0000 10.0000 -8.0000
v 6.0000 11.0000 -8.0000
v 6.0000 12.0000 -8.0000
v 5.0000 -19.0000 -13.0000
v 6.0000 -19.0000 -13.0000
v 6.0000 -19.0000 -14.0000
v 5.0000 -19.0000 -14.0000
v 5.0000 -20.0000 -13.0000
v 5.0000 -20.0000 -14.0000
v 6.0000 -20.0000 -14.0000
v 6.0000 -20.0000 -13.0000
v 6.0000 -19.0000 14.0000
v 7.0000 -19.0000 14.0000
v 7.0000 -19.0000 13.0000
v 6.0000 -20.0000 14.0000
v 7.0000 -20.0000 13.0000
v 7.0000 -20.0000 14.0000
v 7.0000 -20.0000 12.0000
v 7.0000 -19.0000 12.0000
v 6.0000 -18.0000 13.0000
v 7.0000 -18.0000 13.0000
v 7.0000 -18.0000 12.0000
v 6.0000 -18.0000 12.0000
v 7.0000 -19.0000 11.0000
v 7.0000 -19.0000 10.0000
v 7.0000 -20.0000 10.0000
v 7.0000 -20.0000 11.0000
v 6.0000 2.0000 8.0000
v 7.0000 2.0000 7.0000
v 7.0000 2.0000 8.0000
v 7.0000 3.0000 8.0000
v 6.0000 3.0000 8.0000
v 7.0000 3.0000 7.0000
v 6.0000 4.0000 8.0000
v 7.0000 4.0000 8.0000
v 7.0000 4.0000 7.0000
v 7.0000 6.0000 7.0000
v 7.0000 6.0000 8.0000
v 7.0000 7.0000 8.0000
v 7.0000 8.0000 8.0000
v 7.0000 9.0000 8.0000
v 7.0000 10.0000 8.0000
v 7.0000 11.0000 8.0000
v 7.0000 12.0000 8.0000
v 7.0000 13.0000 8.0000
v 7.0000 14.0000 8.0000
v 7.0000 14.0000 7.0000
v 7.0000 -1.0000 6.0000
v 7.0000 -1.0000 7.0000
v 7.0000 0.0000 7.0000
v 7.0000 1.0000 7.0000
v 7.0000 5.0000 7.0000
v 7.0000 15.0000 7.0000
v 7.0000 14.0000 6.0000
v 7.0000 15.0000 6.0000
v 7.0000 16.0000 7.0000
v 7.0000 16.0000 6.0000
v 7.0000 17.0000 7.0000
v 7.0000 17.0000 6.0000
v 7.0000 18.0000 7.0000
v 7.0000 18.0000 6.0000
v 7.0000 19.0000 7.0000
v 7.0000 19.0000 6.0000
v 7.0000 -19.0000 6.0000
v 7.0000 -19.0000 5.0000
v 7.0000 -20.0000 5.0000
v 7.0000 -20.0000 6.0000
v 6.0000 -4.0000 6.0000
v 7.0000 -4.0000 6.0000
v 7.0000 -4.0000 5.0000
v 6.0000 -5.0000 6.0000
v 7.0000 -5.0000 5.0000
v 7.0000 -5.0000 6.0000
v 7.0000 -1.0000 5.0000
v 7.0000 19.0000 5.0000
v 7.0000 18.0000 5.0000
v 7.0000 -20.0000 4.0000
v 7.0000 -18.0000 5.0000
v 7.0000 -17.0000 5.0000
v 7.0000 -16.0000 5.0000
v 7.0000 -15.0000 5.0000
v 7.0000 -14.0000 5.0000
v 7.0000 -13.0000 5.0000
v 7.0000 -12.0000 5.0000
v 7.0000 -11.0000 5.0000
v 7.0000 -10.0000 5.0000
v 7.0000 -9.0000 5.0000
v 7.0000 -10.0000 4.0000
v 7.0000 -9.0000 4.0000
v 7.0000 -8.0000 5.0000
v 7.0000 -7.0000 5.0000
v 7.0000 -8.0000 4.0000
v 7.0000 -7.0000 4.0000
v 7.0000 -6.0000 5.0000
v 7.0000 -3.0000 5.0000
v 7.0000 -2.0000 5.0000
v 7.0000 19.0000 4.0000
v 7.0000 18.0000 4.0000
v 7.0000 -20.0000 3.0000
v 7.0000 -8.0000 3.0000
v 7.0000 -7.0000 3.0000
v 7.0000 19.0000 3.0000
v 7.0000 18.0000 3.0000
v 7.0000 -20.0000 2.0000
v 7.0000 19.0000 2.0000
v 7.0000 18.0000 2.0000
v 7.0000 -20.0000 1.0000
v 7.0000 19.0000 1.0000
v 7.0000 18.0000 1.0000
v 7.0000 -20.0000 -0.0000
v 7.0000 19.0000 -0.0000
v 7.0000 18.0000 -0.0000
v 7.0000 -20.0000 -1.0000
v 7.0000 19.0000 -1.0000
v 7.0000 18.0000 -1.0000
v 7.0000 -20.0000 -2.0000
v 7.0000 19.0000 -2.0000
v 7.0000 18.0000 -2.0000
v 7.0000 -20.0000 -3.0000
v 7.0000 14.0000 -3.0000
v 7.0000 13.0000 -3.0000
v 7.0000 19.0000 -3.0000
v 7.0000 18.0000 -3.0000
v 7.0000 -20.0000 -4.0000
v 7.0000 13.0000 -4.0000
v 7.0000 14.0000 -4.0000
v 7.0000 19.0000 -4.0000
v 7.0000 18.0000 -4.0000
v 7.0000 -20.0000 -5.0000
v 7.0000 -19.0000 -5.0000
v 7.0000 -18.0000 -5.0000
v 7.0000 -17.0000 -5.0000
v 7.0000 -16.0000 -5.0000
v 7.0000 -15.0000 -5.0000
v 7.0000 -14.0000 -5.0000
v 7.0000 -13.0000 -5.0000
v 7.0000 -12.0000 -5.0000
v 7.0000 -11.0000 -5.0000
v 7.0000 -10.0000 -5.0000
v 7.0000 -9.0000 -5.0000
v 7.0000 -8.0000 -5.0000
v 7.0000 -7.0000 -5.0000
v 7.0000 -6.0000 -5.0000
v 7.0000 -5.0000 -5.0000
v 7.0000 -4.0000 -5.0000
v 7.0000 -3.0000 -5.0000
v 7.0000 -2.0000 -5.0000
v 7.0000 -1.0000 -5.0000
v 7.0000 17.0000 -5.0000
v 7.0000 16.0000 -5.0000
v 7.0000 16.0000 -4.0000
v 7.0000 17.0000 -4.0000
v 7.0000 18.0000 -5.0000
v 7.0000 19.0000 -5.0000
v 7.0000 -1.0000 -6.0000
v 7.0000 0.0000 -6.0000
v 7.0000 1.0000 -6.0000
v 7.0000 2.0000 -6.0000
v 7.0000 13.0000 -6.0000
v 7.0000 12.0000 -6.0000
v 7.0000 14.0000 -6.0000
v 7.0000 15.0000 -6.0000
v 7.0000 16.0000 -6.0000
v 7.0000 2.0000 -7.0000
v 7.0000 6.0000 -7.0000
v 7.0000 5.0000 -7.0000
v 7.0000 12.0000 -7.0000
v 7.0000 2.0000 -8.0000
v 7.0000 3.0000 -8.0000
v 7.0000 4.0000 -8.0000
v 7.0000 5.0000 -8.0000
v 7.0000 6.0000 -8.0000
v 7.0000 7.0000 -8.0000
v 7.0000 8.0000 -8.0000
v 7.0000 9.0000 -8.0000
v 7.0000 10.0000 -8.0000
v 7.0000 11.0000 -8.0000
v 7.0000 12.0000 -8.0000
v 6.0000 -19.0000 -9.0000
v 7.0000 -19.0000 -9.0000
v 7.0000 -19.0000 -10.0000
v 6.0000 -19.0000 -10.0000
v 6.0000 -20.0000 -9.0000
v 6.0000 -20.0000 -10.0000
v 7.0000 -20.0000 -10.0000
v 7.0000 -20.0000 -9.0000
v 7.0000 -19.0000 -11.0000
v 6.0000 -19.0000 -11.0000
v 6.0000 -20.0000 -11.0000
v 7.0000 -20.0000 -11.0000
v 7.0000 -19.0000 -12.0000
v 6.0000 -19.0000 -12.0000
v 6.0000 -20.0000 -12.0000
v 7.0000 -20.0000 -12.0000
v 7.0000 -19.0000 -13.0000
v 7.0000 -20.0000 -13.0000
v 7.0000 -19.0000 -14.0000
v 7.0000 -20.0000 -14.0000
v 7.0000 -19.0000 -15.0000
v 6.0000 -19.0000 -15.0000
v 6.0000 -20.0000 -15.0000
v 7.0000 -20.0000 -15.0000
v 7.0000 -19.0000 15.0000
v 8.0000 -19.0000 15.0000
v 8.0000 -19.0000 14.0000
v 7.0000 -20.0000 15.0000
v 8.0000 -20.0000 14.0000
v 8.0000 -20.0000 15.0000
v 8.0000 -19.0000 13.0000
v 8.0000 -20.0000 13.0000
v 8.0000 -19.0000 11.0000
v 8.0000 -19.0000 10.0000
v 8.0000 -20.0000 10.0000
v 8.0000 -20.0000 11.0000
v 8.0000 -19.0000 9.0000
v 7.0000 -19.0000 9.0000
v 7.0000 -20.0000 9.0000
v 8.0000 -20.0000 9.0000
v 7.0000 8.0000 9.0000
v 8.0000 8.0000 9.0000
v 8.0000 8.0000 8.0000
v 7.0000 7.0000 9.0000
v 8.0000 7.0000 8.0000
v 8.0000 7.0000 9.0000
v 8.0000 4.0000 8.0000
v 8.0000 4.0000 7.0000
v 8.0000 3.0000 7.0000
v 8.0000 3.0000 8.0000
v 8.0000 6.0000 7.0000
v 8.0000 6.0000 8.0000
v 8.0000 7.0000 7.0000
v 8.0000 8.0000 7.0000
v 8.0000 9.0000 8.0000
v 8.0000 9.0000 7.0000
v 8.0000 10.0000 8.0000
v 8.0000 10.0000 7.0000
v 8.0000 11.0000 8.0000
v 8.0000 11.0000 7.0000
v 8.0000 12.0000 8.0000
v 8.0000 12.0000 7.0000
v 8.0000 13.0000 8.0000
v 8.0000 13.0000 7.0000
v 8.0000 14.0000 8.0000
v 8.0000 14.0000 7.0000
v 7.0000 -19.0000 7.0000
v 8.0000 -19.0000 7.0000
v 8.0000 -19.0000 6.0000
v 7.0000 -20.0000 7.0000
v 8.0000 -20.0000 6.0000
v 8.0000 -20.0000 7.0000
v 8.0000 -1.0000 6.0000
v 8.0000 -1.0000 7.0000
v 8.0000 0.0000 7.0000
v 8.0000 1.0000 7.0000
v 8.0000 2.0000 7.0000
v 8.0000 5.0000 7.0000
v 8.0000 7.0000 6.0000
v 8.0000 8.0000 6.0000
v 8.0000 9.0000 6.0000
v 8.0000 10.0000 6.0000
v 8.0000 11.0000 6.0000
v 8.0000 12.0000 6.0000
v 8.0000 13.0000 6.0000
v 8.0000 14.0000 6.0000
v 8.0000 -19.0000 5.0000
v 8.0000 -20.0000 5.0000
v 8.0000 -1.0000 5.0000
v 8.0000 15.0000 6.0000
v 8.0000 16.0000 6.0000
v 8.0000 17.0000 6.0000
v 8.0000 18.0000 6.0000
v 8.0000 18.0000 5.0000
v 8.0000 -20.0000 4.0000
v 8.0000 -19.0000 4.0000
v 8.0000 -18.0000 5.0000
v 8.0000 -18.0000 4.0000
v 8.0000 -17.0000 5.0000
v 8.0000 -17.0000 4.0000
v 8.0000 -16.0000 5.0000
v 8.0000 -16.0000 4.0000
v 8.0000 -15.0000 5.0000
v 8.0000 -15.0000 4.0000
v 8.0000 -14.0000 5.0000
v 8.0000 -14.0000 4.0000
v 8.0000 -13.0000 5.0000
v 8.0000 -13.0000 4.0000
v 8.0000 -12.0000 5.0000
v 8.0000 -12.0000 4.0000
v 8.0000 -11.0000 5.0000
v 8.0000 -11.0000 4.0000
v 8.0000 -10.0000 5.0000
v 8.0000 -10.0000 4.0000
v 8.0000 -8.0000 5.0000
v 8.0000 -8.0000 4.0000
v 8.0000 -9.0000 4.0000
v 8.0000 -9.0000 5.0000
v 8.0000 -7.0000 4.0000
v 8.0000 -7.0000 5.0000
v 8.0000 -6.0000 5.0000
v 8.0000 -6.0000 4.0000
v 8.0000 -5.0000 5.0000
v 8.0000 -5.0000 4.0000
v 8.0000 -4.0000 5.0000
v 8.0000 -4.0000 4.0000
v 8.0000 -3.0000 5.0000
v 8.0000 -3.0000 4.0000
v 8.0000 -2.0000 5.0000
v 8.0000 -2.0000 4.0000
v 8.0000 -1.0000 4.0000
v 8.0000 0.0000 4.0000
v 8.0000 0.0000 5.0000
v 8.0000 18.0000 4.0000
v 8.0000 -20.0000 3.0000
v 8.0000 -19.0000 3.0000
v 8.0000 -18.0000 3.0000
v 8.0000 -17.0000 3.0000
v 8.0000 -16.0000 3.0000
v 8.0000 -15.0000 3.0000
v 8.0000 -14.0000 3.0000
v 8.0000 -13.0000 3.0000
v 8.0000 -12.0000 3.0000
v 8.0000 -11.0000 3.0000
v 8.0000 -10.0000 3.0000
v 8.0000 -9.0000 3.0000
v 8.0000 -8.0000 3.0000
v 8.0000 -7.0000 3.0000
v 8.0000 -6.0000 3.0000
v 8.0000 -5.0000 3.0000
v 8.0000 -4.0000 3.0000
v 8.0000 -3.0000 3.0000
v 8.0000 -2.0000 3.0000
v 8.0000 -1.0000 3.0000
v 8.0000 0.0000 3.0000
v 8.0000 18.0000 3.0000
v 8.0000 -20.0000 2.0000
v 8.0000 -19.0000 2.0000
v 8.0000 -18.0000 2.0000
v 8.0000 -17.0000 2.0000
v 8.0000 -16.0000 2.0000
v 8.0000 -15.0000 2.0000
v 8.0000 -14.0000 2.0000
v 8.0000 -13.0000 2.0000
v 8.0000 -12.0000 2.0000
v 8.0000 -11.0000 2.0000
v 8.0000 -10.0000 2.0000
v 8.0000 -9.0000 2.0000
v 8.0000 -8.0000 2.0000
v 8.0000 -7.0000 2.0000
v 8.0000 -6.0000 2.0000
v 8.0000 -5.0000 2.0000
v 8.0000 -4.0000 2.0000
v 8.0000 -3.0000 2.0000
v 8.0000 -2.0000 2.0000
v 8.0000 -1.0000 2.0000
v 8.0000 0.0000 2.0000
v 8.0000 18.0000 2.0000
v 8.0000 -20.0000 1.0000
v 8.0000 -19.0000 1.0000
v 8.0000 -18.0000 1.0000
v 8.0000 -17.0000 1.0000
v 8.0000 -16.0000 1.0000
v 8.0000 -15.0000 1.0000
v 8.0000 -14.0000 1.0000
v 8.0000 -13.0000 1.0000
v 8.0000 -12.0000 1.0000
v 8.0000 -11.0000 1.0000
v 8.0000 -10.0000 1.0000
v 8.0000 -9.0000 1.0000
v 8.0000 -8.0000 1.0000
v 8.0000 -7.0000 1.0000
v 8.0000 -6.0000 1.0000
v 8.0000 -5.0000 1.0000
v 8.0000 -4.0000 1.0000
v 8.0000 -3.0000 1.0000
v 8.0000 -2.0000 1.0000
v 8.0000 -1.0000 1.0000
v 8.0000 0.0000 1.0000
v 8.0000 18.0000 1.0000
v 8.0000 -20.0000 -0.0000
v 8.0000 -19.0000 -0.0000
v 8.0000 -18.0000 -0.0000
v 8.0000 -17.0000 -0.0000
v 8.0000 -16.0000 -0.0000
v 8.0000 -15.0000 -0.0000
v 8.0000 -14.0000 -0.0000
v 8.0000 -13.0000 -0.0000
v 8.0000 -12.0000 -0.0000
v 8.0000 -11.0000 -0.0000
v 8.0000 -10.0000 -0.0000
v 8.0000 -9.0000 -0.0000
v 8.0000 -8.0000 -0.0000
v 8.0000 -7.0000 -0.0000
v 8.0000 -6.0000 -0.0000
v 8.0000 -5.0000 -0.0000
v 8.0000 -4.0000 -0.0000
v 8.0000 -3.0000 -0.0000
v 8.0000 -2.0000 -0.0000
v 8.0000 -1.0000 -0.0000
v 8.0000 0.0000 -0.0000
v 8.0000 18.0000 -0.0000
v 8.0000 -20.0000 -1.0000
v 8.0000 -17.0000 -1.0000
v 8.0000 -16.0000 -1.0000
v 8.0000 -15.0000 -1.0000
v 8.0000 -14.0000 -1.0000
v 8.0000 -13.0000 -1.0000
v 8.0000 -12.0000 -1.0000
v 8.0000 -11.0000 -1.0000
v 8.0000 -10.0000 -1.0000
v 8.0000 -9.0000 -1.0000
v 8.0000 -8.0000 -1.0000
v 8.0000 -7.0000 -1.0000
v 8.0000 -6.0000 -1.0000
v 8.0000 -5.0000 -1.0000
v 8.0000 -4.0000 -1.0000
v 8.0000 -3.0000 -1.0000
v 8.0000 -2.0000 -1.0000
v 8.0000 -1.0000 -1.0000
v 8.0000 0.0000 -1.0000
v 8.0000 18.0000 -1.0000
v 8.0000 -20.0000 -2.0000
v 8.0000 -19.0000 -2.0000
v 8.0000 -19.0000 -1.0000
v 8.0000 -17.0000 -2.0000
v 8.0000 -16.0000 -2.0000
v 8.0000 -15.0000 -2.0000
v 8.0000 -14.0000 -2.0000
v 8.0000 -13.0000 -2.0000
v 8.0000 -12.0000 -2.0000
v 8.0000 -11.0000 -2.0000
v 8.0000 -10.0000 -2.0000
v 8.0000 -9.0000 -2.0000
v 8.0000 -8.0000 -2.0000
v 8.0000 -7.0000 -2.0000
v 8.0000 -6.0000 -2.0000
v 8.0000 -5.0000 -2.0000
v 8.0000 -4.0000 -2.0000
v 8.0000 -3.0000 -2.0000
v 8.0000 -2.0000 -2.0000
v 8.0000 -1.0000 -2.0000
v 8.0000 0.0000 -2.0000
v 8.0000 18.0000 -2.0000
v 8.0000 -20.0000 -3.0000
v 8.0000 -18.0000 -2.0000
v 8.0000 -18.0000 -3.0000
v 8.0000 -17.0000 -3.0000
v 8.0000 -16.0000 -3.0000
v 8.0000 -15.0000 -3.0000
v 8.0000 -14.0000 -3.0000
v 8.0000 -13.0000 -3.0000
v 8.0000 -12.0000 -3.0000
v 8.0000 -11.0000 -3.0000
v 8.0000 -10.0000 -3.0000
v 8.0000 -9.0000 -3.0000
v 8.0000 -8.0000 -3.0000
v 8.0000 -7.0000 -3.0000
v 8.0000 -6.0000 -3.0000
v 8.0000 -5.0000 -3.0000
v 8.0000 -4.0000 -3.0000
v 8.0000 -3.0000 -3.0000
v 8.0000 -2.0000 -3.0000
v 8.0000 -1.0000 -3.0000
v 8.0000 0.0000 -3.0000
v 8.0000 18.0000 -3.0000
v 8.0000 -20.0000 -4.0000
v 8.0000 -18.0000 -4.0000
v 8.0000 -17.0000 -4.0000
v 8.0000 -16.0000 -4.0000
v 8.0000 -15.0000 -4.0000
v 8.0000 -14.0000 -4.0000
v 8.0000 -13.0000 -4.0000
v 8.0000 -12.0000 -4.0000
v 8.0000 -11.0000 -4.0000
v 8.0000 -10.0000 -4.0000
v 8.0000 -9.0000 -4.0000
v 8.0000 -8.0000 -4.0000
v 8.0000 -7.0000 -4.0000
v 8.0000 -6.0000 -4.0000
v 8.0000 -5.0000 -4.0000
v 8.0000 -4.0000 -4.0000
v 8.0000 -3.0000 -4.0000
v 8.0000 -2.0000 -4.0000
v 8.0000 -1.0000 -4.0000
v 8.0000 0.0000 -4.0000
v 8.0000 17.0000 -4.0000
v 8.0000 16.0000 -4.0000
v 8.0000 18.0000 -4.0000
v 8.0000 -20.0000 -5.0000
v 8.0000 -19.0000 -5.0000
v 8.0000 -19.0000 -4.0000
v 8.0000 -18.0000 -5.0000
v 8.0000 -17.0000 -5.0000
v 8.0000 -16.0000 -5.0000
v 8.0000 -15.0000 -5.0000
v 8.0000 -14.0000 -5.0000
v 8.0000 -13.0000 -5.0000
v 8.0000 -12.0000 -5.0000
v 8.0000 -11.0000 -5.0000
v 8.0000 -10.0000 -5.0000
v 8.0000 -9.0000 -5.0000
v 8.0000 -8.0000 -5.0000
v 8.0000 -7.0000 -5.0000
v 8.0000 -6.0000 -5.0000
v 8.0000 -5.0000 -5.0000
v 8.0000 -4.0000 -5.0000
v 8.0000 -3.0000 -5.0000
v 8.0000 -2.0000 -5.0000
v 8.0000 -1.0000 -5.0000
v 8.0000 16.0000 -5.0000
v 8.0000 -1.0000 -6.0000
v 8.0000 0.0000 -6.0000
v 8.0000 1.0000 -6.0000
v 8.0000 2.0000 -6.0000
v 8.0000 13.0000 -6.0000
v 8.0000 12.0000 -6.0000
v 8.0000 14.0000 -6.0000
v 8.0000 15.0000 -6.0000
v 8.0000 16.0000 -6.0000
v 8.0000 2.0000 -7.0000
v 8.0000 6.0000 -7.0000
v 8.0000 5.0000 -7.0000
v 8.0000 12.0000 -7.0000
v 8.0000 2.0000 -8.0000
v 8.0000 3.0000 -8.0000
v 8.0000 4.0000 -8.0000
v 8.0000 5.0000 -8.0000
v 8.0000 6.0000 -8.0000
v 8.0000 7.0000 -8.0000
v 8.0000 8.0000 -8.0000
v 8.0000 9.0000 -8.0000
v 8.0000 10.0000 -8.0000
v 8.0000 11.0000 -8.0000
v 8.0000 12.0000 -8.0000
v 8.0000 -19.0000 -9.0000
v 8.0000 -19.0000 -10.0000
v 8.0000 -20.0000 -10.0000
v 8.0000 -20.0000 -9.0000
v 8.0000 -19.0000 -11.0000
v 8.0000 -20.0000 -11.0000
v 8.0000 -19.0000 -12.0000
v 8.0000 -20.0000 -12.0000
v 8.0000 -19.0000 -13.0000
v 8.0000 -19.0000 -14.0000
v 8.0000 -20.0000 -14.0000
v 8.0000 -20.0000 -13.0000
v 8.0000 -19.0000 -15.0000
v 8.0000 -20.0000 -15.0000
v 7.0000 -1.0000 -17.0000
v 8.0000 -1.0000 -17.0000
v 8.0000 -1.0000 -18.0000
v 7.0000 -1.0000 -18.0000
v 7.0000 -2.0000 -17.0000
v 7.0000 -2.0000 -18.0000
v 8.0000 -2.0000 -18.0000
v 8.0000 -2.0000 -17.0000
v 8.0000 -19.0000 16.0000
v 9.0000 -19.0000 16.0000
v 9.0000 -19.0000 15.0000
v 8.0000 -20.0000 16.0000
v 9.0000 -20.0000 15.0000
v 9.0000 -20.0000 16.0000
v 9.0000 -19.0000 14.0000
v 9.0000 -20.0000 14.0000
v 9.0000 -19.0000 10.0000
v 9.0000 -19.0000 9.0000
v 9.0000 -20.0000 9.0000
v 9.0000 -20.0000 10.0000
v 9.0000 -19.0000 8.0000
v 8.0000 -19.0000 8.0000
v 8.0000 -20.0000 8.0000
v 9.0000 -20.0000 8.0000
v 8.0000 6.0000 9.0000
v 9.0000 6.0000 9.0000
v 9.0000 6.0000 8.0000
v 8.0000 5.0000 9.0000
v 8.0000 5.0000 8.0000
v 9.0000 5.0000 8.0000
v 9.0000 5.0000 9.0000
v 9.0000 -19.0000 7.0000
v 9.0000 -20.0000 7.0000
v 9.0000 6.0000 7.0000
v 9.0000 5.0000 7.0000
v 9.0000 -20.0000 6.0000
v 8.0000 -18.0000 7.0000
v 9.0000 -18.0000 7.0000
v 9.0000 -18.0000 6.0000
v 8.0000 -18.0000 6.0000
v 9.0000 -19.0000 6.0000
v 9.0000 -1.0000 6.0000
v 9.0000 -1.0000 7.0000
v 9.0000 0.0000 7.0000
v 9.0000 0.0000 6.0000
v 9.0000 1.0000 7.0000
v 9.0000 2.0000 7.0000
v 9.0000 3.0000 7.0000
v 9.0000 4.0000 7.0000
v 9.0000 7.0000 7.0000
v 9.0000 7.0000 6.0000
v 9.0000 -19.0000 5.0000
v 9.0000 -20.0000 5.0000
v 9.0000 -1.0000 5.0000
v 9.0000 0.0000 5.0000
v 9.0000 8.0000 6.0000
v 9.0000 9.0000 6.0000
v 9.0000 10.0000 6.0000
v 9.0000 11.0000 6.0000
v 9.0000 12.0000 6.0000
v 9.0000 13.0000 6.0000
v 9.0000 14.0000 6.0000
v 9.0000 15.0000 6.0000
v 9.0000 16.0000 6.0000
v 9.0000 17.0000 6.0000
v 9.0000 18.0000 6.0000
v 9.0000 18.0000 5.0000
v 9.0000 0.0000 4.0000
v 9.0000 18.0000 4.0000
v 9.0000 -19.0000 4.0000
v 9.0000 -19.0000 3.0000
v 9.0000 -20.0000 3.0000
v 9.0000 -20.0000 4.0000
v 9.0000 0.0000 3.0000
v 9.0000 18.0000 3.0000
v 9.0000 -19.0000 2.0000
v 9.0000 -20.0000 2.0000
v 9.0000 0.0000 2.0000
v 9.0000 18.0000 2.0000
v 9.0000 -19.0000 1.0000
v 9.0000 -20.0000 1.0000
v 9.0000 -16.0000 2.0000
v 9.0000 -16.0000 1.0000
v 9.0000 -17.0000 1.0000
v 9.0000 -17.0000 2.0000
v 9.0000 0.0000 1.0000
v 9.0000 18.0000 1.0000
v 9.0000 -19.0000 -0.0000
v 9.0000 -20.0000 -0.0000
v 9.0000 0.0000 -0.0000
v 9.0000 18.0000 -0.0000
v 9.0000 -20.0000 -1.0000
v 9.0000 -19.0000 -1.0000
v 9.0000 -18.0000 -0.0000
v 9.0000 -18.0000 -1.0000
v 9.0000 -17.0000 -0.0000
v 9.0000 -17.0000 -1.0000
v 9.0000 0.0000 -1.0000
v 9.0000 18.0000 -1.0000
v 9.0000 -19.0000 -2.0000
v 9.0000 -18.0000 -2.0000
v 9.0000 -17.0000 -2.0000
v 9.0000 0.0000 -2.0000
v 9.0000 18.0000 -2.0000
v 9.0000 -20.0000 -3.0000
v 9.0000 -20.0000 -2.0000
v 9.0000 -18.0000 -3.0000
v 9.0000 -19.0000 -3.0000
v 9.0000 0.0000 -3.0000
v 9.0000 18.0000 -3.0000
v 9.0000 -20.0000 -4.0000
v 9.0000 -19.0000 -4.0000
v 9.0000 -18.0000 -4.0000
v 9.0000 0.0000 -4.0000
v 9.0000 17.0000 -4.0000
v 9.0000 16.0000 -4.0000
v 9.0000 18.0000 -4.0000
v 9.0000 -18.0000 -5.0000
v 9.0000 -19.0000 -5.0000
v 9.0000 -3.0000 -4.0000
v 9.0000 -3.0000 -5.0000
v 9.0000 -4.0000 -5.0000
v 9.0000 -4.0000 -4.0000
v 9.0000 -2.0000 -5.0000
v 9.0000 -2.0000 -4.0000
v 9.0000 -1.0000 -4.0000
v 9.0000 -1.0000 -5.0000
v 9.0000 16.0000 -5.0000
v 9.0000 -1.0000 -6.0000
v 9.0000 0.0000 -6.0000
v 9.0000 1.0000 -6.0000
v 9.0000 2.0000 -6.0000
v 9.0000 13.0000 -6.0000
v 9.0000 12.0000 -6.0000
v 9.0000 14.0000 -6.0000
v 9.0000 15.0000 -6.0000
v 9.0000 16.0000 -6.0000
v 9.0000 2.0000 -7.0000
v 9.0000 3.0000 -6.0000
v 9.0000 3.0000 -7.0000
v 9.0000 4.0000 -7.0000
v 9.0000 4.0000 -6.0000
v 9.0000 6.0000 -7.0000
v 9.0000 5.0000 -7.0000
v 9.0000 5.0000 -6.0000
v 9.0000 6.0000 -6.0000
v 9.0000 12.0000 -7.0000
v 8.0000 -19.0000 -7.0000
v 9.0000 -19.0000 -7.0000
v 9.0000 -19.0000 -8.0000
v 8.0000 -19.0000 -8.0000
v 8.0000 -20.0000 -7.0000
v 8.0000 -20.0000 -8.0000
v 9.0000 -20.0000 -8.0000
v 9.0000 -20.0000 -7.0000
v 9.0000 2.0000 -8.0000
v 9.0000 3.0000 -8.0000
v 9.0000 4.0000 -8.0000
v 9.0000 5.0000 -8.0000
v 9.0000 6.0000 -8.0000
v 9.0000 7.0000 -8.0000
v 9.0000 8.0000 -8.0000
v 9.0000 9.0000 -8.0000
v 9.0000 10.0000 -8.0000
v 9.0000 11.0000 -8.0000
v 9.0000 12.0000 -8.0000
v 9.0000 -19.0000 -9.0000
v 9.0000 -20.0000 -9.0000
v 9.0000 -19.0000 -10.0000
v 9.0000 -20.0000 -10.0000
v 9.0000 -19.0000 -15.0000
v 9.0000 -19.0000 -16.0000
v 8.0000 -19.0000 -16.0000
v 8.0000 -20.0000 -16.0000
v 9.0000 -20.0000 -16.0000
v 9.0000 -20.0000 -15.0000
v 8.0000 -2.0000 -16.0000
v 9.0000 -2.0000 -17.0000
v 9.0000 -2.0000 -16.0000
v 9.0000 -1.0000 -16.0000
v 8.0000 -1.0000 -16.0000
v 9.0000 -1.0000 -17.0000
v 8.0000 0.0000 -16.0000
v 9.0000 0.0000 -16.0000
v 9.0000 0.0000 -17.0000
v 8.0000 0.0000 -17.0000
v 9.0000 -2.0000 -18.0000
v 9.0000 -1.0000 -18.0000
v 8.0000 0.0000 -18.0000
v 9.0000 0.0000 -18.0000
v 8.0000 1.0000 -17.0000
v 9.0000 1.0000 -17.0000
v 9.0000 1.0000 -18.0000
v 8.0000 1.0000 -18.0000
v 9.0000 -19.0000 18.0000
v 10.0000 -19.0000 18.0000
v 10.0000 -19.0000 17.0000
v 9.0000 -19.0000 17.0000
v 9.0000 -20.0000 18.0000
v 9.0000 -20.0000 17.0000
v 10.0000 -20.0000 17.0000
v 10.0000 -20.0000 18.0000
v 10.0000 -19.0000 16.0000
v 10.0000 -20.0000 16.0000
v 9.0000 6.0000 10.0000
v 10.0000 6.0000 9.0000
v 10.0000 6.0000 10.0000
v 10.0000 7.0000 10.0000
v 9.0000 7.0000 10.0000
v 9.0000 7.0000 9.0000
v 10.0000 8.0000 10.0000
v 9.0000 8.0000 10.0000
v 10.0000 7.0000 9.0000
v 10.0000 8.0000 9.0000
v 9.0000 8.0000 9.0000
v 10.0000 9.0000 10.0000
v 9.0000 9.0000 10.0000
v 10.0000 9.0000 9.0000
v 9.0000 9.0000 9.0000
v 9.0000 10.0000 10.0000
v 10.0000 10.0000 10.0000
v 10.0000 10.0000 9.0000
v 9.0000 10.0000 9.0000
v 10.0000 -19.0000 9.0000
v 10.0000 -19.0000 8.0000
v 10.0000 -20.0000 8.0000
v 10.0000 -20.0000 9.0000
v 10.0000 6.0000 8.0000
v 9.0000 7.0000 8.0000
v 9.0000 8.0000 8.0000
v 9.0000 9.0000 8.0000
v 10.0000 10.0000 8.0000
v 9.0000 10.0000 8.0000
v 10.0000 -20.0000 7.0000
v 9.0000 -18.0000 8.0000
v 10.0000 -18.0000 8.0000
v 10.0000 -18.0000 7.0000
v 9.0000 2.0000 8.0000
v 10.0000 2.0000 8.0000
v 10.0000 2.0000 7.0000
v 9.0000 1.0000 8.0000
v 10.0000 1.0000 7.0000
v 10.0000 1.0000 8.0000
v 9.0000 4.0000 8.0000
v 10.0000 4.0000 8.0000
v 10.0000 4.0000 7.0000
v 9.0000 3.0000 8.0000
v 10.0000 3.0000 7.0000
v 10.0000 3.0000 8.0000
v 10.0000 5.0000 7.0000
v 10.0000 5.0000 8.0000
v 9.0000 8.0000 7.0000
v 9.0000 9.0000 7.0000
v 10.0000 10.0000 7.0000
v 9.0000 10.0000 7.0000
v 10.0000 -20.0000 6.0000
v 10.0000 -19.0000 6.0000
v 10.0000 -18.0000 6.0000
v 10.0000 -19.0000 7.0000
v 10.0000 0.0000 6.0000
v 10.0000 0.0000 7.0000
v 10.0000 10.0000 6.0000
v 10.0000 -1.0000 5.0000
v 10.0000 -1.0000 6.0000
v 10.0000 0.0000 5.0000
v 10.0000 11.0000 6.0000
v 10.0000 12.0000 6.0000
v 10.0000 13.0000 6.0000
v 10.0000 14.0000 6.0000
v 10.0000 15.0000 6.0000
v 10.0000 16.0000 6.0000
v 10.0000 17.0000 6.0000
v 10.0000 18.0000 6.0000
v 10.0000 18.0000 5.0000
v 10.0000 -19.0000 5.0000
v 10.0000 -19.0000 4.0000
v 10.0000 -20.0000 4.0000
v 10.0000 -20.0000 5.0000
v 10.0000 0.0000 4.0000
v 10.0000 18.0000 4.0000
v 10.0000 -19.0000 3.0000
v 10.0000 -20.0000 3.0000
v 10.0000 0.0000 3.0000
v 10.0000 18.0000 3.0000
v 10.0000 0.0000 2.0000
v 10.0000 18.0000 2.0000
v 10.0000 0.0000 1.0000
v 10.0000 18.0000 1.0000
v 10.0000 -19.0000 1.0000
v 10.0000 -19.0000 -0.0000
v 10.0000 -20.0000 -0.0000
v 10.0000 -20.0000 1.0000
v 10.0000 0.0000 -0.0000
v 10.0000 18.0000 -0.0000
v 10.0000 -19.0000 -1.0000
v 10.0000 -20.0000 -1.0000
v 10.0000 0.0000 -1.0000
v 10.0000 18.0000 -1.0000
v 10.0000 -19.0000 -2.0000
v 10.0000 -20.0000 -2.0000
v 10.0000 0.0000 -2.0000
v 10.0000 18.0000 -2.0000
v 10.0000 -19.0000 -3.0000
v 10.0000 -20.0000 -3.0000
v 10.0000 0.0000 -3.0000
v 10.0000 18.0000 -3.0000
v 10.0000 0.0000 -4.0000
v 10.0000 17.0000 -4.0000
v 10.0000 16.0000 -4.0000
v 10.0000 18.0000 -4.0000
v 10.0000 -4.0000 -4.0000
v 10.0000 -4.0000 -5.0000
v 9.0000 -5.0000 -4.0000
v 9.0000 -5.0000 -5.0000
v 10.0000 -5.0000 -5.0000
v 10.0000 -5.0000 -4.0000
v 10.0000 -2.0000 -5.0000
v 10.0000 -2.0000 -4.0000
v 10.0000 -1.0000 -4.0000
v 10.0000 -1.0000 -5.0000
v 10.0000 16.0000 -5.0000
v 10.0000 -19.0000 -5.0000
v 10.0000 -19.0000 -6.0000
v 9.0000 -19.0000 -6.0000
v 9.0000 -20.0000 -5.0000
v 9.0000 -20.0000 -6.0000
v 10.0000 -20.0000 -6.0000
v 10.0000 -20.0000 -5.0000
v 10.0000 -1.0000 -6.0000
v 10.0000 0.0000 -6.0000
v 10.0000 1.0000 -6.0000
v 10.0000 2.0000 -6.0000
v 10.0000 4.0000 -6.0000
v 10.0000 3.0000 -6.0000
v 10.0000 3.0000 -5.0000
v 10.0000 4.0000 -5.0000
v 10.0000 6.0000 -6.0000
v 10.0000 5.0000 -6.0000
v 10.0000 5.0000 -5.0000
v 10.0000 6.0000 -5.0000
v 10.0000 13.0000 -6.0000
v 10.0000 12.0000 -6.0000
v 10.0000 14.0000 -6.0000
v 10.0000 15.0000 -6.0000
v 10.0000 16.0000 -6.0000
v 10.0000 -19.0000 -7.0000
v 10.0000 -20.0000 -7.0000
v 10.0000 3.0000 -7.0000
v 10.0000 2.0000 -7.0000
v 10.0000 5.0000 -7.0000
v 10.0000 4.0000 -7.0000
v 10.0000 6.0000 -7.0000
v 10.0000 7.0000 -7.0000
v 10.0000 7.0000 -6.0000
v 10.0000 8.0000 -7.0000
v 10.0000 8.0000 -6.0000
v 10.0000 9.0000 -7.0000
v 10.0000 9.0000 -6.0000
v 10.0000 10.0000 -7.0000
v 10.0000 10.0000 -6.0000
v 10.0000 11.0000 -7.0000
v 10.0000 11.0000 -6.0000
v 10.0000 12.0000 -7.0000
v 10.0000 -19.0000 -8.0000
v 10.0000 -20.0000 -8.0000
v 10.0000 3.0000 -8.0000
v 10.0000 2.0000 -8.0000
v 10.0000 6.0000 -8.0000
v 10.0000 7.0000 -8.0000
v 10.0000 8.0000 -8.0000
v 10.0000 9.0000 -8.0000
v 10.0000 10.0000 -8.0000
v 10.0000 11.0000 -8.0000
v 10.0000 12.0000 -8.0000
v 10.0000 -19.0000 -15.0000
v 10.0000 -19.0000 -16.0000
v 10.0000 -20.0000 -16.0000
v 10.0000 -20.0000 -15.0000
v 10.0000 -19.0000 20.0000
v 11.0000 -19.0000 20.0000
v 11.0000 -19.0000 19.0000
v 10.0000 -19.0000 19.0000
v 10.0000 -20.0000 20.0000
v 10.0000 -20.0000 19.0000
v 11.0000 -20.0000 19.0000
v 11.0000 -20.0000 20.0000
v 11.0000 -19.0000 18.0000
v 11.0000 -20.0000 18.0000
v 11.0000 -19.0000 17.0000
v 11.0000 -20.0000 17.0000
v 10.0000 -19.0000 10.0000
v 11.0000 -19.0000 10.0000
v 11.0000 -19.0000 9.0000
v 10.0000 -20.0000 10.0000
v 11.0000 -20.0000 9.0000
v 11.0000 -20.0000 10.0000
v 11.0000 7.0000 10.0000
v 11.0000 7.0000 9.0000
v 11.0000 6.0000 9.0000
v 11.0000 6.0000 10.0000
v 11.0000 10.0000 10.0000
v 11.0000 10.0000 9.0000
v 11.0000 9.0000 9.0000
v 11.0000 9.0000 10.0000
v 11.0000 -20.0000 8.0000
v 10.0000 -18.0000 9.0000
v 11.0000 -18.0000 9.0000
v 11.0000 -18.0000 8.0000
v 11.0000 -19.0000 8.0000
v 11.0000 6.0000 8.0000
v 11.0000 8.0000 9.0000
v 11.0000 10.0000 8.0000
v 11.0000 -20.0000 7.0000
v 11.0000 -19.0000 7.0000
v 11.0000 -18.0000 7.0000
v 11.0000 1.0000 7.0000
v 11.0000 1.0000 8.0000
v 11.0000 2.0000 8.0000
v 11.0000 2.0000 7.0000
v 11.0000 3.0000 8.0000
v 11.0000 3.0000 7.0000
v 11.0000 4.0000 8.0000
v 11.0000 4.0000 7.0000
v 11.0000 5.0000 7.0000
v 11.0000 5.0000 8.0000
v 11.0000 10.0000 7.0000
v 11.0000 -19.0000 6.0000
v 11.0000 -20.0000 6.0000
v 11.0000 0.0000 6.0000
v 11.0000 0.0000 7.0000
v 11.0000 1.0000 6.0000
v 11.0000 2.0000 6.0000
v 11.0000 3.0000 6.0000
v 11.0000 10.0000 6.0000
v 10.0000 13.0000 7.0000
v 11.0000 13.0000 6.0000
v 11.0000 13.0000 7.0000
v 11.0000 14.0000 7.0000
v 10.0000 14.0000 7.0000
v 11.0000 14.0000 6.0000
v 10.0000 15.0000 7.0000
v 11.0000 15.0000 7.0000
v 11.0000 15.0000 6.0000
v 11.0000 -19.0000 5.0000
v 11.0000 -20.0000 5.0000
v 11.0000 -1.0000 5.0000
v 11.0000 -1.0000 6.0000
v 11.0000 0.0000 5.0000
v 11.0000 11.0000 6.0000
v 11.0000 12.0000 6.0000
v 11.0000 16.0000 6.0000
v 11.0000 17.0000 6.0000
v 11.0000 18.0000 6.0000
v 11.0000 18.0000 5.0000
v 11.0000 0.0000 4.0000
v 11.0000 18.0000 4.0000
v 11.0000 -19.0000 4.0000
v 11.0000 -19.0000 3.0000
v 11.0000 -20.0000 3.0000
v 11.0000 -20.0000 4.0000
v 11.0000 0.0000 3.0000
v 11.0000 18.0000 3.0000
v 11.0000 0.0000 2.0000
v 11.0000 18.0000 2.0000
v 11.0000 0.0000 1.0000
v 11.0000 18.0000 1.0000
v 11.0000 0.0000 -0.0000
v 11.0000 18.0000 -0.0000
v 11.0000 -19.0000 -0.0000
v 11.0000 -19.0000 -1.0000
v 11.0000 -20.0000 -1.0000
v 11.0000 -20.0000 -0.0000
v 11.0000 0.0000 -1.0000
v 11.0000 8.0000 -0.0000
v 11.0000 8.0000 -1.0000
v 11.0000 9.0000 -1.0000
v 11.0000 9.0000 -0.0000
v 11.0000 18.0000 -1.0000
v 11.0000 -20.0000 -2.0000
v 11.0000 -19.0000 -2.0000
v 10.0000 -18.0000 -1.0000
v 11.0000 -18.0000 -1.0000
v 11.0000 -18.0000 -2.0000
v 10.0000 -18.0000 -2.0000
v 11.0000 0.0000 -2.0000
v 11.0000 8.0000 -2.0000
v 11.0000 9.0000 -2.0000
v 11.0000 18.0000 -2.0000
v 11.0000 0.0000 -3.0000
v 11.0000 18.0000 -3.0000
v 11.0000 0.0000 -4.0000
v 11.0000 17.0000 -4.0000
v 11.0000 16.0000 -4.0000
v 11.0000 18.0000 -4.0000
v 10.0000 -19.0000 -4.0000
v 11.0000 -19.0000 -4.0000
v 11.0000 -19.0000 -5.0000
v 10.0000 -20.0000 -4.0000
v 11.0000 -20.0000 -5.0000
v 11.0000 -20.0000 -4.0000
v 11.0000 -4.0000 -4.0000
v 11.0000 -4.0000 -5.0000
v 11.0000 -5.0000 -5.0000
v 11.0000 -5.0000 -4.0000
v 11.0000 -2.0000 -5.0000
v 11.0000 -2.0000 -4.0000
v 11.0000 -1.0000 -4.0000
v 11.0000 -1.0000 -5.0000
v 11.0000 4.0000 -5.0000
v 11.0000 3.0000 -5.0000
v 11.0000 6.0000 -5.0000
v 11.0000 5.0000 -5.0000
v 11.0000 16.0000 -5.0000
v 11.0000 -1.0000 -6.0000
v 11.0000 0.0000 -6.0000
v 11.0000 1.0000 -6.0000
v 11.0000 2.0000 -6.0000
v 11.0000 3.0000 -6.0000
v 11.0000 5.0000 -6.0000
v 11.0000 4.0000 -6.0000
v 11.0000 6.0000 -6.0000
v 11.0000 7.0000 -6.0000
v 11.0000 7.0000 -5.0000
v 11.0000 8.0000 -6.0000
v 11.0000 9.0000 -6.0000
v 11.0000 10.0000 -6.0000
v 11.0000 11.0000 -6.0000
v 11.0000 12.0000 -6.0000
v 11.0000 11.0000 -5.0000
v 11.0000 12.0000 -5.0000
v 11.0000 13.0000 -6.0000
v 11.0000 13.0000 -5.0000
v 11.0000 14.0000 -6.0000
v 11.0000 15.0000 -6.0000
v 11.0000 16.0000 -6.0000
v 11.0000 -19.0000 -7.0000
v 11.0000 -19.0000 -8.0000
v 11.0000 -20.0000 -8.0000
v 11.0000 -20.0000 -7.0000
v 10.0000 -19.0000 -13.0000
v 11.0000 -19.0000 -13.0000
v 11.0000 -19.0000 -14.0000
v 10.0000 -19.0000 -14.0000
v 10.0000 -20.0000 -13.0000
v 10.0000 -20.0000 -14.0000
v 11.0000 -20.0000 -14.0000
v 11.0000 -20.0000 -13.0000
v 11.0000 -19.0000 -15.0000
v 11.0000 -20.0000 -15.0000
v 11.0000 -19.0000 -16.0000
v 11.0000 -20.0000 -16.0000
v 10.0000 -19.0000 -18.0000
v 11.0000 -19.0000 -18.0000
v 11.0000 -19.0000 -19.0000
v 10.0000 -19.0000 -19.0000
v 10.0000 -20.0000 -18.0000
v 10.0000 -20.0000 -19.0000
v 11.0000 -20.0000 -19.0000
v 11.0000 -20.0000 -18.0000
v 11.0000 -19.0000 -20.0000
v 10.0000 -19.0000 -20.0000
v 10.0000 -20.0000 -20.0000
v 11.0000 -20.0000 -20.0000
v 12.0000 -19.0000 20.0000
v 12.0000 -19.0000 19.0000
v 12.0000 -20.0000 19.0000
v 12.0000 -20.0000 20.0000
v 12.0000 -19.0000 10.0000
v 12.0000 -19.0000 9.0000
v 12.0000 -20.0000 9.0000
v 12.0000 -20.0000 10.0000
v 12.0000 10.0000 10.0000
v 12.0000 10.0000 9.0000
v 12.0000 9.0000 9.0000
v 12.0000 9.0000 10.0000
v 12.0000 -19.0000 8.0000
v 12.0000 -20.0000 8.0000
v 12.0000 6.0000 8.0000
v 12.0000 6.0000 9.0000
v 12.0000 7.0000 9.0000
v 12.0000 8.0000 9.0000
v 12.0000 10.0000 8.0000
v 12.0000 -18.0000 8.0000
v 12.0000 -18.0000 7.0000
v 12.0000 -19.0000 7.0000
v 12.0000 5.0000 7.0000
v 12.0000 5.0000 8.0000
v 12.0000 6.0000 7.0000
v 12.0000 10.0000 7.0000
v 12.0000 3.0000 6.0000
v 12.0000 3.0000 7.0000
v 12.0000 4.0000 7.0000
v 12.0000 4.0000 6.0000
v 12.0000 5.0000 6.0000
v 12.0000 6.0000 6.0000
v 12.0000 10.0000 6.0000
v 11.0000 11.0000 7.0000
v 12.0000 11.0000 6.0000
v 12.0000 11.0000 7.0000
v 12.0000 12.0000 7.0000
v 11.0000 12.0000 7.0000
v 12.0000 12.0000 6.0000
v 12.0000 13.0000 7.0000
v 12.0000 13.0000 6.0000
v 12.0000 -19.0000 6.0000
v 12.0000 -19.0000 5.0000
v 12.0000 -20.0000 5.0000
v 12.0000 -20.0000 6.0000
v 12.0000 0.0000 5.0000
v 12.0000 0.0000 6.0000
v 12.0000 1.0000 6.0000
v 12.0000 2.0000 6.0000
v 12.0000 8.0000 6.0000
v 12.0000 8.0000 5.0000
v 12.0000 9.0000 5.0000
v 12.0000 9.0000 6.0000
v 12.0000 14.0000 6.0000
v 12.0000 15.0000 6.0000
v 12.0000 16.0000 6.0000
v 12.0000 17.0000 6.0000
v 12.0000 18.0000 6.0000
v 12.0000 18.0000 5.0000
v 12.0000 -19.0000 4.0000
v 12.0000 -20.0000 4.0000
v 12.0000 0.0000 4.0000
v 12.0000 8.0000 4.0000
v 12.0000 9.0000 4.0000
v 12.0000 10.0000 4.0000
v 12.0000 10.0000 5.0000
v 12.0000 11.0000 4.0000
v 12.0000 11.0000 5.0000
v 12.0000 12.0000 4.0000
v 12.0000 12.0000 5.0000
v 12.0000 18.0000 4.0000
v 12.0000 -19.0000 3.0000
v 12.0000 -20.0000 3.0000
v 12.0000 0.0000 3.0000
v 12.0000 18.0000 3.0000
v 12.0000 -19.0000 2.0000
v 11.0000 -19.0000 2.0000
v 11.0000 -20.0000 2.0000
v 12.0000 -20.0000 2.0000
v 12.0000 0.0000 2.0000
v 12.0000 5.0000 3.0000
v 12.0000 5.0000 2.0000
v 12.0000 6.0000 2.0000
v 12.0000 6.0000 3.0000
v 12.0000 7.0000 2.0000
v 12.0000 7.0000 3.0000
v 12.0000 8.0000 2.0000
v 12.0000 8.0000 3.0000
v 12.0000 11.0000 3.0000
v 12.0000 11.0000 2.0000
v 12.0000 12.0000 2.0000
v 12.0000 12.0000 3.0000
v 12.0000 18.0000 2.0000
v 12.0000 -19.0000 1.0000
v 11.0000 -19.0000 1.0000
v 11.0000 -20.0000 1.0000
v 12.0000 -20.0000 1.0000
v 12.0000 0.0000 1.0000
v 12.0000 7.0000 1.0000
v 12.0000 8.0000 1.0000
v 12.0000 11.0000 1.0000
v 12.0000 12.0000 1.0000
v 12.0000 13.0000 1.0000
v 12.0000 13.0000 2.0000
v 12.0000 14.0000 1.0000
v 12.0000 14.0000 2.0000
v 12.0000 18.0000 1.0000
v 12.0000 -19.0000 -0.0000
v 12.0000 -20.0000 -0.0000
v 12.0000 0.0000 -0.0000
v 12.0000 7.0000 -0.0000
v 12.0000 8.0000 -0.0000
v 12.0000 9.0000 -0.0000
v 12.0000 9.0000 1.0000
v 12.0000 13.0000 -0.0000
v 12.0000 14.0000 -0.0000
v 12.0000 15.0000 -0.0000
v 12.0000 15.0000 1.0000
v 12.0000 18.0000 -0.0000
v 12.0000 -20.0000 -1.0000
v 12.0000 -19.0000 -1.0000
v 11.0000 -18.0000 -0.0000
v 12.0000 -18.0000 -0.0000
v 12.0000 -18.0000 -1.0000
v 12.0000 0.0000 -1.0000
v 12.0000 2.0000 -0.0000
v 12.0000 2.0000 -1.0000
v 12.0000 3.0000 -1.0000
v 12.0000 3.0000 -0.0000
v 12.0000 8.0000 -1.0000
v 12.0000 9.0000 -1.0000
v 12.0000 14.0000 -1.0000
v 12.0000 15.0000 -1.0000
v 12.0000 18.0000 -1.0000
v 12.0000 0.0000 -2.0000
v 12.0000 1.0000 -1.0000
v 12.0000 1.0000 -2.0000
v 12.0000 2.0000 -2.0000
v 12.0000 3.0000 -2.0000
v 12.0000 8.0000 -2.0000
v 12.0000 9.0000 -2.0000
v 12.0000 10.0000 -2.0000
v 12.0000 10.0000 -1.0000
v 12.0000 18.0000 -2.0000
v 12.0000 0.0000 -3.0000
v 12.0000 1.0000 -3.0000
v 12.0000 18.0000 -3.0000
v 12.0000 0.0000 -4.0000
v 12.0000 1.0000 -4.0000
v 12.0000 6.0000 -3.0000
v 12.0000 6.0000 -4.0000
v 12.0000 7.0000 -4.0000
v 12.0000 7.0000 -3.0000
v 12.0000 12.0000 -3.0000
v 12.0000 12.0000 -4.0000
v 12.0000 13.0000 -4.0000
v 12.0000 13.0000 -3.0000
v 12.0000 17.0000 -4.0000
v 12.0000 16.0000 -4.0000
v 12.0000 18.0000 -4.0000
v 12.0000 -5.0000 -4.0000
v 12.0000 -5.0000 -5.0000
v 11.0000 -6.0000 -4.0000
v 11.0000 -6.0000 -5.0000
v 12.0000 -6.0000 -5.0000
v 12.0000 -6.0000 -4.0000
v 12.0000 -2.0000 -5.0000
v 12.0000 -2.0000 -4.0000
v 12.0000 -1.0000 -4.0000
v 12.0000 -1.0000 -5.0000
v 12.0000 4.0000 -5.0000
v 12.0000 3.0000 -5.0000
v 12.0000 6.0000 -5.0000
v 12.0000 5.0000 -5.0000
v 12.0000 5.0000 -4.0000
v 12.0000 7.0000 -5.0000
v 12.0000 12.0000 -5.0000
v 12.0000 11.0000 -5.0000
v 12.0000 13.0000 -5.0000
v 12.0000 16.0000 -5.0000
v 12.0000 -1.0000 -6.0000
v 12.0000 0.0000 -6.0000
v 12.0000 1.0000 -6.0000
v 12.0000 2.0000 -6.0000
v 12.0000 3.0000 -6.0000
v 12.0000 5.0000 -6.0000
v 12.0000 4.0000 -6.0000
v 12.0000 7.0000 -6.0000
v 12.0000 8.0000 -6.0000
v 12.0000 8.0000 -5.0000
v 12.0000 9.0000 -6.0000
v 12.0000 9.0000 -5.0000
v 12.0000 10.0000 -6.0000
v 12.0000 10.0000 -5.0000
v 12.0000 11.0000 -6.0000
v 12.0000 13.0000 -6.0000
v 12.0000 14.0000 -6.0000
v 12.0000 15.0000 -6.0000
v 12.0000 16.0000 -6.0000
v 11.0000 -19.0000 -6.0000
v 12.0000 -19.0000 -6.0000
v 12.0000 -19.0000 -7.0000
v 11.0000 -20.0000 -6.0000
v 12.0000 -20.0000 -7.0000
v 12.0000 -20.0000 -6.0000
v 12.0000 -19.0000 -8.0000
v 12.0000 -20.0000 -8.0000
v 11.0000 -19.0000 -11.0000
v 12.0000 -19.0000 -11.0000
v 12.0000 -19.0000 -12.0000
v 11.0000 -19.0000 -12.0000
v 11.0000 -20.0000 -11.0000
v 11.0000 -20.0000 -12.0000
v 12.0000 -20.0000 -12.0000
v 12.0000 -20.0000 -11.0000
v 12.0000 -19.0000 -13.0000
v 12.0000 -20.0000 -13.0000
v 12.0000 -19.0000 -14.0000
v 12.0000 -20.0000 -14.0000
v 12.0000 -19.0000 -18.0000
v 12.0000 -19.0000 -19.0000
v 12.0000 -20.0000 -19.0000
v 12.0000 -20.0000 -18.0000
v 12.0000 -19.0000 -20.0000
v 12.0000 -20.0000 -20.0000
v 12.0000 -18.0000 12.0000
v 13.0000 -18.0000 12.0000
v 13.0000 -18.0000 11.0000
v 12.0000 -18.0000 11.0000
v 12.0000 -19.0000 12.0000
v 12.0000 -19.0000 11.0000
v 13.0000 -19.0000 11.0000
v 13.0000 -19.0000 12.0000
v 13.0000 -18.0000 10.0000
v 12.0000 -18.0000 10.0000
v 13.0000 -19.0000 10.0000
v 13.0000 -20.0000 9.0000
v 13.0000 -20.0000 10.0000
v 13.0000 -18.0000 9.0000
v 12.0000 -18.0000 9.0000
v 13.0000 10.0000 10.0000
v 13.0000 10.0000 9.0000
v 13.0000 9.0000 9.0000
v 13.0000 9.0000 10.0000
v 13.0000 -20.0000 8.0000
v 13.0000 -19.0000 8.0000
v 13.0000 -19.0000 9.0000
v 13.0000 -18.0000 8.0000
v 13.0000 6.0000 8.0000
v 13.0000 6.0000 9.0000
v 13.0000 7.0000 9.0000
v 13.0000 7.0000 8.0000
v 13.0000 8.0000 9.0000
v 13.0000 8.0000 8.0000
v 13.0000 9.0000 8.0000
v 13.0000 10.0000 8.0000
v 13.0000 6.0000 7.0000
v 13.0000 7.0000 7.0000
v 13.0000 8.0000 7.0000
v 13.0000 9.0000 7.0000
v 13.0000 10.0000 7.0000
v 13.0000 6.0000 6.0000
v 13.0000 7.0000 6.0000
v 13.0000 8.0000 6.0000
v 13.0000 9.0000 6.0000
v 13.0000 10.0000 6.0000
v 13.0000 -19.0000 6.0000
v 13.0000 -19.0000 5.0000
v 13.0000 -20.0000 5.0000
v 13.0000 -20.0000 6.0000
v 12.0000 -9.0000 6.0000
v 13.0000 -9.0000 6.0000
v 13.0000 -9.0000 5.0000
v 12.0000 -9.0000 5.0000
v 12.0000 -10.0000 6.0000
v 12.0000 -10.0000 5.0000
v 13.0000 -10.0000 5.0000
v 13.0000 -10.0000 6.0000
v 13.0000 0.0000 5.0000
v 13.0000 0.0000 6.0000
v 13.0000 1.0000 6.0000
v 13.0000 1.0000 5.0000
v 13.0000 2.0000 6.0000
v 13.0000 2.0000 5.0000
v 13.0000 3.0000 6.0000
v 13.0000 3.0000 5.0000
v 13.0000 4.0000 6.0000
v 13.0000 4.0000 5.0000
v 13.0000 5.0000 6.0000
v 13.0000 5.0000 5.0000
v 13.0000 6.0000 5.0000
v 13.0000 7.0000 5.0000
v 13.0000 8.0000 5.0000
v 13.0000 9.0000 5.0000
v 13.0000 10.0000 5.0000
v 13.0000 11.0000 6.0000
v 13.0000 11.0000 5.0000
v 13.0000 12.0000 6.0000
v 13.0000 12.0000 5.0000
v 13.0000 13.0000 6.0000
v 13.0000 13.0000 5.0000
v 13.0000 14.0000 6.0000
v 13.0000 14.0000 5.0000
v 13.0000 15.0000 6.0000
v 13.0000 15.0000 5.0000
v 13.0000 16.0000 6.0000
v 13.0000 16.0000 5.0000
v 13.0000 17.0000 6.0000
v 13.0000 17.0000 5.0000
v 13.0000 18.0000 6.0000
v 13.0000 18.0000 5.0000
v 12.0000 -10.0000 4.0000
v 13.0000 -10.0000 4.0000
v 12.0000 -9.0000 4.0000
v 13.0000 -9.0000 4.0000
v 12.0000 -8.0000 5.0000
v 13.0000 -8.0000 5.0000
v 13.0000 -8.0000 4.0000
v 12.0000 -8.0000 4.0000
v 13.0000 0.0000 4.0000
v 13.0000 1.0000 4.0000
v 13.0000 2.0000 4.0000
v 13.0000 3.0000 4.0000
v 13.0000 4.0000 4.0000
v 13.0000 5.0000 4.0000
v 13.0000 6.0000 4.0000
v 13.0000 7.0000 4.0000
v 13.0000 8.0000 4.0000
v 13.0000 12.0000 4.0000
v 13.0000 13.0000 4.0000
v 13.0000 14.0000 4.0000
v 13.0000 15.0000 4.0000
v 13.0000 16.0000 4.0000
v 13.0000 17.0000 4.0000
v 13.0000 18.0000 4.0000
v 13.0000 -19.0000 4.0000
v 13.0000 -19.0000 3.0000
v 13.0000 -20.0000 3.0000
v 13.0000 -20.0000 4.0000
v 13.0000 -8.0000 3.0000
v 12.0000 -8.0000 3.0000
v 12.0000 -9.0000 3.0000
v 13.0000 -9.0000 3.0000
v 13.0000 0.0000 3.0000
v 13.0000 1.0000 3.0000
v 13.0000 2.0000 3.0000
v 13.0000 3.0000 3.0000
v 13.0000 4.0000 3.0000
v 13.0000 5.0000 3.0000
v 13.0000 6.0000 3.0000
v 13.0000 7.0000 3.0000
v 13.0000 8.0000 3.0000
v 13.0000 9.0000 4.0000
v 13.0000 9.0000 3.0000
v 13.0000 10.0000 4.0000
v 13.0000 10.0000 3.0000
v 13.0000 11.0000 4.0000
v 13.0000 11.0000 3.0000
v 13.0000 12.0000 3.0000
v 13.0000 13.0000 3.0000
v 13.0000 14.0000 3.0000
v 13.0000 15.0000 3.0000
v 13.0000 16.0000 3.0000
v 13.0000 17.0000 3.0000
v 13.0000 18.0000 3.0000
v 13.0000 -8.0000 2.0000
v 12.0000 -8.0000 2.0000
v 12.0000 -9.0000 2.0000
v 13.0000 -9.0000 2.0000
v 13.0000 0.0000 2.0000
v 13.0000 1.0000 2.0000
v 13.0000 2.0000 2.0000
v 13.0000 3.0000 2.0000
v 13.0000 4.0000 2.0000
v 13.0000 5.0000 2.0000
v 13.0000 8.0000 2.0000
v 13.0000 9.0000 2.0000
v 13.0000 10.0000 2.0000
v 13.0000 11.0000 2.0000
v 13.0000 12.0000 2.0000
v 13.0000 13.0000 2.0000
v 13.0000 14.0000 2.0000
v 13.0000 15.0000 2.0000
v 13.0000 16.0000 2.0000
v 13.0000 17.0000 2.0000
v 13.0000 18.0000 2.0000
v 13.0000 -19.0000 2.0000
v 13.0000 -19.0000 1.0000
v 13.0000 -20.0000 1.0000
v 13.0000 -20.0000 2.0000
v 13.0000 -8.0000 1.0000
v 12.0000 -8.0000 1.0000
v 12.0000 -9.0000 1.0000
v 13.0000 -9.0000 1.0000
v 13.0000 0.0000 1.0000
v 13.0000 1.0000 1.0000
v 13.0000 2.0000 1.0000
v 13.0000 3.0000 1.0000
v 13.0000 4.0000 1.0000
v 13.0000 5.0000 1.0000
v 13.0000 6.0000 2.0000
v 13.0000 6.0000 1.0000
v 13.0000 7.0000 2.0000
v 13.0000 7.0000 1.0000
v 13.0000 8.0000 1.0000
v 13.0000 9.0000 1.0000
v 13.0000 10.0000 1.0000
v 13.0000 11.0000 1.0000
v 13.0000 14.0000 1.0000
v 13.0000 15.0000 1.0000
v 13.0000 16.0000 1.0000
v 13.0000 17.0000 1.0000
v 13.0000 18.0000 1.0000
v 13.0000 -19.0000 -0.0000
v 13.0000 -20.0000 -0.0000
v 12.0000 -7.0000 1.0000
v 13.0000 -7.0000 1.0000
v 13.0000 -7.0000 -0.0000
v 12.0000 -7.0000 -0.0000
v 12.0000 -8.0000 -0.0000
v 13.0000 -8.0000 -0.0000
v 13.0000 0.0000 -0.0000
v 13.0000 1.0000 -0.0000
v 13.0000 2.0000 -0.0000
v 13.0000 3.0000 -0.0000
v 13.0000 4.0000 -0.0000
v 13.0000 5.0000 -0.0000
v 13.0000 6.0000 -0.0000
v 13.0000 7.0000 -0.0000
v 13.0000 9.0000 -0.0000
v 13.0000 10.0000 -0.0000
v 13.0000 11.0000 -0.0000
v 13.0000 12.0000 1.0000
v 13.0000 12.0000 -0.0000
v 13.0000 13.0000 1.0000
v 13.0000 13.0000 -0.0000
v 13.0000 15.0000 -0.0000
v 13.0000 16.0000 -0.0000
v 13.0000 17.0000 -0.0000
v 13.0000 18.0000 -0.0000
v 13.0000 -19.0000 -1.0000
v 13.0000 -20.0000 -1.0000
v 13.0000 -7.0000 -1.0000
v 12.0000 -7.0000 -1.0000
v 12.0000 -8.0000 -1.0000
v 13.0000 -8.0000 -1.0000
v 13.0000 0.0000 -1.0000
v 13.0000 1.0000 -1.0000
v 13.0000 2.0000 -1.0000
v 13.0000 3.0000 -1.0000
v 13.0000 4.0000 -1.0000
v 13.0000 5.0000 -1.0000
v 13.0000 6.0000 -1.0000
v 13.0000 7.0000 -1.0000
v 13.0000 8.0000 -0.0000
v 13.0000 8.0000 -1.0000
v 13.0000 9.0000 -1.0000
v 13.0000 10.0000 -1.0000
v 13.0000 11.0000 -1.0000
v 13.0000 12.0000 -1.0000
v 13.0000 13.0000 -1.0000
v 13.0000 14.0000 -0.0000
v 13.0000 14.0000 -1.0000
v 13.0000 15.0000 -1.0000
v 13.0000 16.0000 -1.0000
v 13.0000 17.0000 -1.0000
v 13.0000 18.0000 -1.0000
v 13.0000 -7.0000 -2.0000
v 12.0000 -7.0000 -2.0000
v 12.0000 -8.0000 -2.0000
v 13.0000 -8.0000 -2.0000
v 13.0000 1.0000 -2.0000
v 13.0000 0.0000 -2.0000
v 13.0000 3.0000 -2.0000
v 13.0000 4.0000 -2.0000
v 13.0000 5.0000 -2.0000
v 13.0000 6.0000 -2.0000
v 13.0000 7.0000 -2.0000
v 13.0000 8.0000 -2.0000
v 13.0000 10.0000 -2.0000
v 13.0000 11.0000 -2.0000
v 13.0000 12.0000 -2.0000
v 13.0000 13.0000 -2.0000
v 13.0000 14.0000 -2.0000
v 13.0000 15.0000 -2.0000
v 13.0000 16.0000 -2.0000
v 13.0000 17.0000 -2.0000
v 13.0000 18.0000 -2.0000
v 13.0000 -7.0000 -3.0000
v 12.0000 -7.0000 -3.0000
v 12.0000 -8.0000 -3.0000
v 13.0000 -8.0000 -3.0000
v 13.0000 1.0000 -3.0000
v 13.0000 2.0000 -2.0000
v 13.0000 2.0000 -3.0000
v 13.0000 3.0000 -3.0000
v 13.0000 4.0000 -3.0000
v 13.0000 5.0000 -3.0000
v 13.0000 6.0000 -3.0000
v 13.0000 7.0000 -3.0000
v 13.0000 8.0000 -3.0000
v 13.0000 9.0000 -2.0000
v 13.0000 9.0000 -3.0000
v 13.0000 10.0000 -3.0000
v 13.0000 11.0000 -3.0000
v 13.0000 12.0000 -3.0000
v 13.0000 13.0000 -3.0000
v 13.0000 14.0000 -3.0000
v 13.0000 15.0000 -3.0000
v 13.0000 16.0000 -3.0000
v 13.0000 17.0000 -3.0000
v 13.0000 18.0000 -3.0000
v 12.0000 -6.0000 -3.0000
v 13.0000 -6.0000 -3.0000
v 13.0000 -6.0000 -4.0000
v 12.0000 -7.0000 -4.0000
v 13.0000 -7.0000 -4.0000
v 13.0000 1.0000 -4.0000
v 13.0000 2.0000 -4.0000
v 13.0000 3.0000 -4.0000
v 13.0000 4.0000 -4.0000
v 13.0000 5.0000 -4.0000
v 13.0000 6.0000 -4.0000
v 13.0000 7.0000 -4.0000
v 13.0000 8.0000 -4.0000
v 13.0000 9.0000 -4.0000
v 13.0000 10.0000 -4.0000
v 13.0000 11.0000 -4.0000
v 13.0000 12.0000 -4.0000
v 13.0000 13.0000 -4.0000
v 13.0000 14.0000 -4.0000
v 13.0000 15.0000 -4.0000
v 13.0000 16.0000 -4.0000
v 13.0000 17.0000 -4.0000
v 13.0000 18.0000 -4.0000
v 13.0000 -6.0000 -5.0000
v 12.0000 -7.0000 -5.0000
v 13.0000 -7.0000 -5.0000
v 13.0000 -1.0000 -5.0000
v 13.0000 -1.0000 -4.0000
v 13.0000 0.0000 -4.0000
v 13.0000 0.0000 -5.0000
v 13.0000 1.0000 -5.0000
v 13.0000 2.0000 -5.0000
v 13.0000 3.0000 -5.0000
v 13.0000 4.0000 -5.0000
v 13.0000 5.0000 -5.0000
v 13.0000 7.0000 -5.0000
v 13.0000 8.0000 -5.0000
v 13.0000 9.0000 -5.0000
v 13.0000 10.0000 -5.0000
v 13.0000 11.0000 -5.0000
v 13.0000 12.0000 -5.0000
v 13.0000 13.0000 -5.0000
v 13.0000 14.0000 -5.0000
v 13.0000 15.0000 -5.0000
v 13.0000 16.0000 -5.0000
v 13.0000 -1.0000 -6.0000
v 13.0000 0.0000 -6.0000
v 13.0000 1.0000 -6.0000
v 13.0000 2.0000 -6.0000
v 13.0000 3.0000 -6.0000
v 13.0000 13.0000 -6.0000
v 13.0000 14.0000 -6.0000
v 13.0000 15.0000 -6.0000
v 13.0000 16.0000 -6.0000
v 13.0000 -19.0000 -7.0000
v 13.0000 -19.0000 -8.0000
v 13.0000 -20.0000 -8.0000
v 13.0000 -20.0000 -7.0000
v 12.0000 -20.0000 -9.0000
v 13.0000 -20.0000 -9.0000
v 12.0000 -19.0000 -9.0000
v 13.0000 -19.0000 -9.0000
v 12.0000 -18.0000 -8.0000
v 13.0000 -18.0000 -8.0000
v 13.0000 -18.0000 -9.0000
v 12.0000 -18.0000 -9.0000
v 13.0000 -19.0000 -11.0000
v 13.0000 -19.0000 -12.0000
v 13.0000 -20.0000 -12.0000
v 13.0000 -20.0000 -11.0000
v 13.0000 -20.0000 11.0000
v 14.0000 -20.0000 10.0000
v 14.0000 -20.0000 11.0000
v 14.0000 -19.0000 11.0000
v 14.0000 -18.0000 11.0000
v 14.0000 -18.0000 10.0000
v 14.0000 -19.0000 10.0000
v 14.0000 -20.0000 9.0000
v 14.0000 -19.0000 9.0000
v 14.0000 -18.0000 9.0000
v 13.0000 -8.0000 6.0000
v 14.0000 -8.0000 6.0000
v 14.0000 -8.0000 5.0000
v 14.0000 -9.0000 5.0000
v 14.0000 -9.0000 6.0000
v 14.0000 -8.0000 4.0000
v 14.0000 -9.0000 4.0000
v 14.0000 -8.0000 3.0000
v 14.0000 -9.0000 3.0000
v 14.0000 -8.0000 2.0000
v 14.0000 -9.0000 2.0000
v 14.0000 -8.0000 1.0000
v 14.0000 -9.0000 1.0000
v 14.0000 -19.0000 1.0000
v 14.0000 -19.0000 -0.0000
v 14.0000 -20.0000 -0.0000
v 14.0000 -20.0000 1.0000
v 14.0000 -19.0000 -1.0000
v 14.0000 -20.0000 -1.0000
v 14.0000 -19.0000 -2.0000
v 13.0000 -19.0000 -2.0000
v 13.0000 -20.0000 -2.0000
v 14.0000 -20.0000 -2.0000
v 14.0000 -20.0000 -8.0000
v 14.0000 -20.0000 -7.0000
v 14.0000 -19.0000 -7.0000
v 14.0000 -19.0000 -8.0000
v 13.0000 -18.0000 -7.0000
v 14.0000 -18.0000 -7.0000
v 14.0000 -18.0000 -8.0000
v 14.0000 -19.0000 -9.0000
v 14.0000 -19.0000 -10.0000
v 13.0000 -19.0000 -10.0000
v 13.0000 -20.0000 -10.0000
v 14.0000 -20.0000 -10.0000
v 14.0000 -20.0000 -9.0000
v 14.0000 -19.0000 -11.0000
v 14.0000 -20.0000 -11.0000
v 14.0000 -19.0000 13.0000
v 15.0000 -19.0000 13.0000
v 15.0000 -19.0000 12.0000
v 14.0000 -19.0000 12.0000
v 14.0000 -20.0000 13.0000
v 14.0000 -20.0000 12.0000
v 15.0000 -20.0000 12.0000
v 15.0000 -20.0000 13.0000
v 15.0000 -20.0000 11.0000
v 15.0000 -19.0000 11.0000
v 14.0000 -18.0000 12.0000
v 15.0000 -18.0000 12.0000
v 15.0000 -18.0000 11.0000
v 15.0000 -19.0000 10.0000
v 15.0000 -20.0000 10.0000
v 15.0000 -8.0000 4.0000
v 15.0000 -8.0000 3.0000
v 15.0000 -9.0000 3.0000
v 15.0000 -9.0000 4.0000
v 15.0000 -8.0000 2.0000
v 15.0000 -9.0000 2.0000
v 15.0000 -19.0000 -0.0000
v 15.0000 -19.0000 -1.0000
v 15.0000 -20.0000 -1.0000
v 15.0000 -20.0000 -0.0000
v 15.0000 -19.0000 -7.0000
v 15.0000 -19.0000 -8.0000
v 15.0000 -20.0000 -8.0000
v 15.0000 -20.0000 -7.0000
v 15.0000 -19.0000 15.0000
v 16.0000 -19.0000 15.0000
v 16.0000 -19.0000 14.0000
v 15.0000 -19.0000 14.0000
v 15.0000 -20.0000 15.0000
v 15.0000 -20.0000 14.0000
v 16.0000 -20.0000 14.0000
v 16.0000 -20.0000 15.0000
v 16.0000 -19.0000 13.0000
v 16.0000 -20.0000 13.0000
v 16.0000 -19.0000 12.0000
v 16.0000 -20.0000 12.0000
v 15.0000 -8.0000 5.0000
v 16.0000 -8.0000 5.0000
v 16.0000 -8.0000 4.0000
v 15.0000 -9.0000 5.0000
v 16.0000 -9.0000 4.0000
v 16.0000 -9.0000 5.0000
v 16.0000 -8.0000 3.0000
v 16.0000 -9.0000 3.0000
v 15.0000 -19.0000 1.0000
v 16.0000 -19.0000 1.0000
v 16.0000 -19.0000 -0.0000
v 15.0000 -20.0000 1.0000
v 16.0000 -20.0000 -0.0000
v 16.0000 -20.0000 1.0000
v 16.0000 -19.0000 -1.0000
v 16.0000 -20.0000 -1.0000
v 15.0000 -19.0000 -2.0000
v 16.0000 -19.0000 -2.0000
v 16.0000 -19.0000 -3.0000
v 15.0000 -19.0000 -3.0000
v 15.0000 -20.0000 -2.0000
v 15.0000 -20.0000 -3.0000
v 16.0000 -20.0000 -3.0000
v 16.0000 -20.0000 -2.0000
v 16.0000 -19.0000 16.0000
v 17.0000 -19.0000 16.0000
v 17.0000 -19.0000 15.0000
v 16.0000 -20.0000 16.0000
v 17.0000 -20.0000 15.0000
v 17.0000 -20.0000 16.0000
v 17.0000 -20.0000 14.0000
v 17.0000 -19.0000 14.0000
v 16.0000 -18.0000 15.0000
v 17.0000 -18.0000 15.0000
v 17.0000 -18.0000 14.0000
v 16.0000 -18.0000 14.0000
v 17.0000 -19.0000 13.0000
v 17.0000 -20.0000 13.0000
v 17.0000 -8.0000 5.0000
v 17.0000 -8.0000 4.0000
v 17.0000 -9.0000 4.0000
v 17.0000 -9.0000 5.0000
v 17.0000 -19.0000 1.0000
v 17.0000 -19.0000 -0.0000
v 17.0000 -20.0000 -0.0000
v 17.0000 -20.0000 1.0000
v 17.0000 -19.0000 -1.0000
v 17.0000 -20.0000 -1.0000
v 17.0000 -19.0000 -2.0000
v 17.0000 -20.0000 -2.0000
v 17.0000 -19.0000 18.0000
v 18.0000 -19.0000 18.0000
v 18.0000 -19.0000 17.0000
v 17.0000 -19.0000 17.0000
v 17.0000 -20.0000 18.0000
v 17.0000 -20.0000 17.0000
v 18.0000 -20.0000 17.0000
v 18.0000 -20.0000 18.0000
v 18.0000 -19.0000 16.0000
v 18.0000 -20.0000 16.0000
v 18.0000 -19.0000 1.0000
v 18.0000 -19.0000 -0.0000
v 18.0000 -20.0000 -0.0000
v 18.0000 -20.0000 1.0000
v 18.0000 -19.0000 -1.0000
v 18.0000 -19.0000 -2.0000
v 18.0000 -20.0000 -2.0000
v 18.0000 -20.0000 -1.0000
v 18.0000 -19.0000 3.0000
v 19.0000 -19.0000 3.0000
v 19.0000 -19.0000 2.0000
v 18.0000 -19.0000 2.0000
v 18.0000 -20.0000 3.0000
v 18.0000 -20.0000 2.0000
v 19.0000 -20.0000 2.0000
v 19.0000 -20.0000 3.0000
v 19.0000 -19.0000 1.0000
v 19.0000 -20.0000 1.0000
v 19.0000 -19.0000 -0.0000
v 19.0000 -20.0000 -0.0000
v 19.0000 -19.0000 4.0000
v 20.0000 -19.0000 4.0000
v 20.0000 -19.0000 3.0000
v 19.0000 -20.0000 4.0000
v 20.0000 -20.0000 3.0000
v 20.0000 -20.0000 4.0000
v 20.0000 -19.0000 2.0000
v 20.0000 -19.0000 1.0000
v 20.0000 -20.0000 1.0000
v 20.0000 -20.0000 2.0000
v 20.0000 -19.0000 -0.0000
v 20.0000 -20.0000 -0.0000
vt 0.001953 0.500000
vt 0.005859 0.500000
vt 0.009766 0.500000
vt 0.013672 0.500000
vt 0.017578 0.500000
vt 0.021484 0.500000
vt 0.025391 0.500000
vn 0.0 -1.0 0.0
vn 0.0 1.0 0.0
vn 0.0 0.0 1.0
vn 0.0 0.0 -1.0
vn -1.0 0.0 0.0
vn 1.0 0.0 0.0
usemtl mat_Manzano_Mateo_Andres_Guzmán_Reyes_fase_4
s off
f 1/1/2 2/1/2 3/1/2 4/1/2
f 5/1/1 6/1/1 7/1/1 8/1/1
f 5/1/3 8/1/3 2/1/3 1/1/3
f 6/1/4 4/1/4 3/1/4 7/1/4
f 5/1/5 1/1/5 4/1/5 6/1/5
f 9/1/1 10/1/1 11/1/1 12/1/1
f 9/1/3 12/1/3 13/1/3 14/1/3
f 9/1/5 14/1/5 15/1/5 10/1/5
f 14/1/3 13/1/3 16/1/3 17/1/3
f 14/1/5 17/1/5 18/1/5 15/1/5
f 17/1/3 16/1/3 19/1/3 20/1/3
f 17/1/5 20/1/5 21/1/5 18/1/5
f 22/1/2 23/1/2 24/1/2 25/1/2
f 20/1/3 19/1/3 23/1/3 22/1/3
f 20/1/5 22/1/5 25/1/5 21/1/5
f 26/1/2 27/1/2 28/1/2 29/1/2
f 30/1/1 31/1/1 32/1/1 33/1/1
f 30/1/3 33/1/3 27/1/3 26/1/3
f 33/1/6 32/1/6 28/1/6 27/1/6
f 30/1/5 26/1/5 29/1/5 31/1/5
f 10/1/1 34/1/1 35/1/1 11/1/1
f 10/1/5 15/1/5 36/1/5 34/1/5
f 15/1/5 18/1/5 8/1/5 36/1/5
f 18/1/5 21/1/5 2/1/5 8/1/5
f 21/1/5 25/1/5 37/1/5 2/1/5
f 38/1/2 39/1/2 40/1/2 41/1/2
f 25/1/3 24/1/3 39/1/3 38/1/3
f 25/1/5 38/1/5 41/1/5 37/1/5
f 29/1/2 28/1/2 42/1/2 43/1/2
f 31/1/1 44/1/1 45/1/1 32/1/1
f 31/1/5 29/1/5 43/1/5 44/1/5
f 34/1/1 46/1/1 47/1/1 35/1/1
f 34/1/5 36/1/5 48/1/5 46/1/5
f 36/1/5 8/1/5 7/1/5 48/1/5
f 2/1/5 37/1/5 49/1/5 3/1/5
f 41/1/2 40/1/2 50/1/2 51/1/2
f 37/1/5 41/1/5 51/1/5 49/1/5
f 44/1/1 52/1/1 53/1/1 45/1/1
f 52/1/4 54/1/4 55/1/4 53/1/4
f 44/1/5 43/1/5 54/1/5 52/1/5
f 56/1/2 57/1/2 58/1/2 59/1/2
f 43/1/3 42/1/3 57/1/3 56/1/3
f 43/1/5 56/1/5 59/1/5 54/1/5
f 46/1/1 60/1/1 61/1/1 47/1/1
f 60/1/4 62/1/4 63/1/4 61/1/4
f 46/1/5 48/1/5 62/1/5 60/1/5
f 62/1/4 64/1/4 65/1/4 63/1/4
f 48/1/5 7/1/5 64/1/5 62/1/5
f 64/1/4 66/1/4 67/1/4 65/1/4
f 7/1/5 3/1/5 66/1/5 64/1/5
f 66/1/4 68/1/4 69/1/4 67/1/4
f 3/1/5 49/1/5 68/1/5 66/1/5
f 51/1/2 50/1/2 70/1/2 71/1/2
f 68/1/4 71/1/4 70/1/4 69/1/4
f 49/1/5 51/1/5 71/1/5 68/1/5
f 59/1/2 58/1/2 72/1/2 73/1/2
f 54/1/1 74/1/1 75/1/1 55/1/1
f 74/1/4 73/1/4 72/1/4 75/1/4
f 54/1/5 59/1/5 73/1/5 74/1/5
f 76/1/1 77/1/1 78/1/1 79/1/1
f 76/1/3 79/1/3 80/1/3 81/1/3
f 77/1/4 82/1/4 83/1/4 78/1/4
f 79/1/6 78/1/6 83/1/6 80/1/6
f 76/1/5 81/1/5 82/1/5 77/1/5
f 81/1/3 80/1/3 84/1/3 85/1/3
f 81/1/5 85/1/5 86/1/5 82/1/5
f 85/1/3 84/1/3 87/1/3 88/1/3
f 85/1/5 88/1/5 89/1/5 86/1/5
f 90/1/2 91/1/2 92/1/2 93/1/2
f 88/1/3 87/1/3 91/1/3 90/1/3
f 88/1/5 90/1/5 93/1/5 89/1/5
f 82/1/1 94/1/1 95/1/1 83/1/1
f 82/1/5 86/1/5 96/1/5 94/1/5
f 86/1/5 89/1/5 97/1/5 96/1/5
f 93/1/2 92/1/2 98/1/2 99/1/2
f 89/1/5 93/1/5 99/1/5 97/1/5
f 100/1/1 101/1/1 102/1/1 103/1/1
f 100/1/3 103/1/3 95/1/3 94/1/3
f 100/1/5 94/1/5 104/1/5 101/1/5
f 94/1/5 96/1/5 105/1/5 104/1/5
f 96/1/5 97/1/5 106/1/5 105/1/5
f 99/1/2 98/1/2 107/1/2 108/1/2
f 97/1/5 99/1/5 108/1/5 106/1/5
f 101/1/1 109/1/1 110/1/1 102/1/1
f 101/1/5 104/1/5 111/1/5 109/1/5
f 104/1/5 105/1/5 112/1/5 111/1/5
f 105/1/5 106/1/5 113/1/5 112/1/5
f 108/1/2 107/1/2 114/1/2 115/1/2
f 106/1/5 108/1/5 115/1/5 113/1/5
f 109/1/1 116/1/1 117/1/1 110/1/1
f 109/1/5 111/1/5 118/1/5 116/1/5
f 111/1/5 112/1/5 119/1/5 118/1/5
f 112/1/5 113/1/5 120/1/5 119/1/5
f 115/1/2 114/1/2 121/1/2 122/1/2
f 113/1/5 115/1/5 122/1/5 120/1/5
f 116/1/1 123/1/1 124/1/1 117/1/1
f 116/1/5 118/1/5 125/1/5 123/1/5
f 118/1/5 119/1/5 126/1/5 125/1/5
f 119/1/5 120/1/5 127/1/5 126/1/5
f 122/1/2 121/1/2 128/1/2 129/1/2
f 120/1/5 122/1/5 129/1/5 127/1/5
f 123/1/1 130/1/1 131/1/1 124/1/1
f 123/1/5 125/1/5 132/1/5 130/1/5
f 125/1/5 126/1/5 133/1/5 132/1/5
f 126/1/5 127/1/5 134/1/5 133/1/5
f 129/1/2 128/1/2 135/1/2 136/1/2
f 127/1/5 129/1/5 136/1/5 134/1/5
f 130/1/1 137/1/1 138/1/1 131/1/1
f 130/1/5 132/1/5 139/1/5 137/1/5
f 132/1/5 133/1/5 140/1/5 139/1/5
f 133/1/5 134/1/5 141/1/5 140/1/5
f 136/1/2 135/1/2 142/1/2 143/1/2
f 134/1/5 136/1/5 143/1/5 141/1/5
f 137/1/1 144/1/1 145/1/1 138/1/1
f 137/1/5 139/1/5 146/1/5 144/1/5
f 139/1/5 140/1/5 12/1/5 146/1/5
f 140/1/5 141/1/5 13/1/5 12/1/5
f 143/1/2 142/1/2 147/1/2 16/1/2
f 141/1/5 143/1/5 16/1/5 13/1/5
f 144/1/1 148/1/1 149/1/1 145/1/1
f 144/1/5 146/1/5 150/1/5 148/1/5
f 146/1/5 12/1/5 11/1/5 150/1/5
f 16/1/3 147/1/3 151/1/3 19/1/3
f 19/1/3 151/1/3 152/1/3 23/1/3
f 153/1/2 154/1/2 155/1/2 39/1/2
f 23/1/3 152/1/3 154/1/3 153/1/3
f 23/1/5 153/1/5 39/1/5 24/1/5
f 148/1/1 156/1/1 157/1/1 149/1/1
f 156/1/4 158/1/4 159/1/4 157/1/4
f 148/1/5 150/1/5 158/1/5 156/1/5
f 158/1/4 35/1/4 160/1/4 159/1/4
f 150/1/5 11/1/5 35/1/5 158/1/5
f 39/1/3 155/1/3 161/1/3 32/1/3
f 39/1/5 32/1/5 45/1/5 40/1/5
f 28/1/2 162/1/2 163/1/2 42/1/2
f 32/1/3 161/1/3 162/1/3 28/1/3
f 161/1/6 164/1/6 163/1/6 162/1/6
f 35/1/1 47/1/1 165/1/1 160/1/1
f 40/1/5 45/1/5 53/1/5 50/1/5
f 57/1/2 166/1/2 167/1/2 58/1/2
f 42/1/3 163/1/3 166/1/3 57/1/3
f 47/1/1 61/1/1 168/1/1 165/1/1
f 61/1/4 63/1/4 169/1/4 168/1/4
f 63/1/4 65/1/4 170/1/4 169/1/4
f 65/1/4 67/1/4 171/1/4 170/1/4
f 67/1/4 69/1/4 172/1/4 171/1/4
f 69/1/4 70/1/4 173/1/4 172/1/4
f 70/1/4 174/1/4 175/1/4 173/1/4
f 50/1/5 53/1/5 174/1/5 70/1/5
f 174/1/4 75/1/4 176/1/4 175/1/4
f 53/1/5 55/1/5 75/1/5 174/1/5
f 58/1/2 167/1/2 177/1/2 72/1/2
f 75/1/4 72/1/4 177/1/4 176/1/4
f 80/1/1 83/1/1 178/1/1 179/1/1
f 80/1/3 179/1/3 180/1/3 84/1/3
f 84/1/3 180/1/3 181/1/3 87/1/3
f 91/1/2 182/1/2 183/1/2 92/1/2
f 87/1/3 181/1/3 182/1/3 91/1/3
f 184/1/2 185/1/2 186/1/2 187/1/2
f 188/1/1 189/1/1 190/1/1 191/1/1
f 188/1/3 191/1/3 185/1/3 184/1/3
f 191/1/6 190/1/6 186/1/6 185/1/6
f 188/1/5 184/1/5 187/1/5 189/1/5
f 78/1/1 103/1/1 192/1/1 193/1/1
f 78/1/3 193/1/3 178/1/3 83/1/3
f 78/1/5 83/1/5 95/1/5 103/1/5
f 92/1/3 183/1/3 194/1/3 195/1/3
f 92/1/5 195/1/5 196/1/5 98/1/5
f 195/1/3 194/1/3 197/1/3 198/1/3
f 195/1/5 198/1/5 199/1/5 196/1/5
f 198/1/3 197/1/3 200/1/3 201/1/3
f 198/1/5 201/1/5 202/1/5 199/1/5
f 203/1/2 204/1/2 205/1/2 206/1/2
f 201/1/3 200/1/3 204/1/3 203/1/3
f 201/1/5 203/1/5 206/1/5 202/1/5
f 207/1/1 208/1/1 209/1/1 210/1/1
f 207/1/3 210/1/3 211/1/3 212/1/3
f 207/1/5 212/1/5 213/1/5 208/1/5
f 214/1/2 215/1/2 216/1/2 217/1/2
f 212/1/3 211/1/3 215/1/3 214/1/3
f 212/1/5 214/1/5 217/1/5 213/1/5
f 218/1/1 219/1/1 220/1/1 221/1/1
f 218/1/3 221/1/3 222/1/3 223/1/3
f 218/1/5 223/1/5 224/1/5 219/1/5
f 225/1/2 226/1/2 227/1/2 228/1/2
f 223/1/3 222/1/3 226/1/3 225/1/3
f 223/1/5 225/1/5 228/1/5 224/1/5
f 189/1/1 229/1/1 230/1/1 190/1/1
f 189/1/5 187/1/5 231/1/5 229/1/5
f 187/1/3 186/1/3 232/1/3 233/1/3
f 187/1/5 233/1/5 234/1/5 231/1/5
f 233/1/3 232/1/3 192/1/3 103/1/3
f 233/1/5 103/1/5 102/1/5 234/1/5
f 98/1/5 196/1/5 235/1/5 107/1/5
f 196/1/5 199/1/5 236/1/5 235/1/5
f 199/1/5 202/1/5 237/1/5 236/1/5
f 206/1/2 205/1/2 238/1/2 239/1/2
f 202/1/5 206/1/5 239/1/5 237/1/5
f 208/1/1 240/1/1 241/1/1 209/1/1
f 208/1/5 213/1/5 242/1/5 240/1/5
f 217/1/2 216/1/2 243/1/2 244/1/2
f 242/1/4 244/1/4 243/1/4 245/1/4
f 213/1/5 217/1/5 244/1/5 242/1/5
f 219/1/1 246/1/1 247/1/1 220/1/1
f 219/1/5 224/1/5 248/1/5 246/1/5
f 224/1/5 228/1/5 249/1/5 248/1/5
f 250/1/2 251/1/2 252/1/2 253/1/2
f 228/1/3 227/1/3 251/1/3 250/1/3
f 228/1/5 250/1/5 253/1/5 249/1/5
f 229/1/1 254/1/1 255/1/1 230/1/1
f 229/1/5 231/1/5 256/1/5 254/1/5
f 231/1/5 234/1/5 257/1/5 256/1/5
f 234/1/5 102/1/5 110/1/5 257/1/5
f 107/1/5 235/1/5 258/1/5 114/1/5
f 235/1/5 236/1/5 259/1/5 258/1/5
f 236/1/5 237/1/5 260/1/5 259/1/5
f 239/1/2 238/1/2 261/1/2 262/1/2
f 237/1/5 239/1/5 262/1/5 260/1/5
f 242/1/2 245/1/2 263/1/2 264/1/2
f 240/1/1 265/1/1 266/1/1 241/1/1
f 240/1/5 242/1/5 264/1/5 265/1/5
f 267/1/2 268/1/2 269/1/2 270/1/2
f 244/1/1 271/1/1 272/1/1 243/1/1
f 244/1/3 243/1/3 268/1/3 267/1/3
f 271/1/4 270/1/4 269/1/4 272/1/4
f 244/1/5 267/1/5 270/1/5 271/1/5
f 246/1/1 273/1/1 274/1/1 247/1/1
f 246/1/5 248/1/5 275/1/5 273/1/5
f 248/1/5 249/1/5 276/1/5 275/1/5
f 253/1/2 252/1/2 277/1/2 278/1/2
f 249/1/5 253/1/5 278/1/5 276/1/5
f 254/1/1 279/1/1 280/1/1 255/1/1
f 254/1/5 256/1/5 281/1/5 279/1/5
f 256/1/5 257/1/5 282/1/5 281/1/5
f 257/1/5 110/1/5 117/1/5 282/1/5
f 114/1/5 258/1/5 283/1/5 121/1/5
f 258/1/5 259/1/5 284/1/5 283/1/5
f 259/1/5 260/1/5 285/1/5 284/1/5
f 262/1/2 261/1/2 286/1/2 287/1/2
f 260/1/5 262/1/5 287/1/5 285/1/5
f 264/1/2 263/1/2 288/1/2 289/1/2
f 265/1/1 290/1/1 291/1/1 266/1/1
f 265/1/5 264/1/5 289/1/5 290/1/5
f 273/1/1 292/1/1 293/1/1 274/1/1
f 273/1/5 275/1/5 294/1/5 292/1/5
f 275/1/5 276/1/5 295/1/5 294/1/5
f 278/1/2 277/1/2 296/1/2 297/1/2
f 276/1/5 278/1/5 297/1/5 295/1/5
f 279/1/1 298/1/1 299/1/1 280/1/1
f 279/1/5 281/1/5 300/1/5 298/1/5
f 281/1/5 282/1/5 301/1/5 300/1/5
f 282/1/5 117/1/5 124/1/5 301/1/5
f 121/1/5 283/1/5 302/1/5 128/1/5
f 283/1/5 284/1/5 303/1/5 302/1/5
f 284/1/5 285/1/5 304/1/5 303/1/5
f 287/1/2 286/1/2 305/1/2 306/1/2
f 285/1/5 287/1/5 306/1/5 304/1/5
f 289/1/2 288/1/2 307/1/2 308/1/2
f 290/1/1 309/1/1 310/1/1 291/1/1
f 290/1/5 289/1/5 308/1/5 309/1/5
f 292/1/1 311/1/1 312/1/1 293/1/1
f 292/1/5 294/1/5 313/1/5 311/1/5
f 294/1/5 295/1/5 314/1/5 313/1/5
f 297/1/2 296/1/2 315/1/2 316/1/2
f 295/1/5 297/1/5 316/1/5 314/1/5
f 298/1/1 317/1/1 318/1/1 299/1/1
f 317/1/4 319/1/4 320/1/4 318/1/4
f 298/1/5 300/1/5 319/1/5 317/1/5
f 319/1/4 321/1/4 322/1/4 320/1/4
f 300/1/5 301/1/5 321/1/5 319/1/5
f 321/1/4 131/1/4 323/1/4 322/1/4
f 301/1/5 124/1/5 131/1/5 321/1/5
f 135/1/4 324/1/4 325/1/4 326/1/4
f 128/1/5 302/1/5 324/1/5 135/1/5
f 324/1/4 327/1/4 328/1/4 325/1/4
f 302/1/5 303/1/5 327/1/5 324/1/5
f 327/1/4 329/1/4 330/1/4 328/1/4
f 303/1/5 304/1/5 329/1/5 327/1/5
f 306/1/2 305/1/2 331/1/2 332/1/2
f 329/1/4 332/1/4 331/1/4 330/1/4
f 304/1/5 306/1/5 332/1/5 329/1/5
f 308/1/2 307/1/2 333/1/2 334/1/2
f 309/1/1 335/1/1 336/1/1 310/1/1
f 335/1/4 334/1/4 333/1/4 336/1/4
f 309/1/5 308/1/5 334/1/5 335/1/5
f 337/1/2 338/1/2 339/1/2 340/1/2
f 341/1/1 342/1/1 343/1/1 344/1/1
f 341/1/3 344/1/3 338/1/3 337/1/3
f 342/1/4 340/1/4 339/1/4 343/1/4
f 341/1/5 337/1/5 340/1/5 342/1/5
f 311/1/1 345/1/1 346/1/1 312/1/1
f 345/1/4 347/1/4 348/1/4 346/1/4
f 311/1/5 313/1/5 347/1/5 345/1/5
f 347/1/4 349/1/4 350/1/4 348/1/4
f 313/1/5 314/1/5 349/1/5 347/1/5
f 316/1/2 315/1/2 351/1/2 352/1/2
f 349/1/4 352/1/4 351/1/4 350/1/4
f 314/1/5 316/1/5 352/1/5 349/1/5
f 131/1/1 138/1/1 353/1/1 323/1/1
f 135/1/2 326/1/2 354/1/2 142/1/2
f 138/1/1 145/1/1 355/1/1 353/1/1
f 142/1/2 354/1/2 356/1/2 147/1/2
f 145/1/1 149/1/1 357/1/1 355/1/1
f 147/1/3 356/1/3 358/1/3 151/1/3
f 151/1/3 358/1/3 359/1/3 152/1/3
f 152/1/3 359/1/3 360/1/3 154/1/3
f 361/1/2 362/1/2 363/1/2 161/1/2
f 154/1/3 360/1/3 362/1/3 361/1/3
f 154/1/5 361/1/5 161/1/5 155/1/5
f 149/1/1 157/1/1 364/1/1 357/1/1
f 157/1/4 159/1/4 365/1/4 364/1/4
f 159/1/4 160/1/4 366/1/4 365/1/4
f 161/1/2 363/1/2 367/1/2 164/1/2
f 160/1/1 165/1/1 368/1/1 366/1/1
f 164/1/3 367/1/3 369/1/3 163/1/3
f 166/1/2 370/1/2 371/1/2 167/1/2
f 163/1/3 369/1/3 370/1/3 166/1/3
f 372/1/1 373/1/1 374/1/1 375/1/1
f 372/1/3 375/1/3 376/1/3 377/1/3
f 373/1/4 378/1/4 379/1/4 374/1/4
f 372/1/5 377/1/5 378/1/5 373/1/5
f 377/1/3 376/1/3 380/1/3 381/1/3
f 378/1/4 382/1/4 383/1/4 379/1/4
f 377/1/5 381/1/5 382/1/5 378/1/5
f 381/1/3 380/1/3 384/1/3 385/1/3
f 382/1/4 386/1/4 387/1/4 383/1/4
f 381/1/5 385/1/5 386/1/5 382/1/5
f 388/1/2 389/1/2 390/1/2 391/1/2
f 385/1/3 384/1/3 389/1/3 388/1/3
f 386/1/4 391/1/4 390/1/4 387/1/4
f 385/1/5 388/1/5 391/1/5 386/1/5
f 165/1/1 168/1/1 392/1/1 368/1/1
f 168/1/4 169/1/4 393/1/4 392/1/4
f 169/1/4 170/1/4 394/1/4 393/1/4
f 170/1/4 171/1/4 395/1/4 394/1/4
f 171/1/4 172/1/4 396/1/4 395/1/4
f 172/1/4 173/1/4 397/1/4 396/1/4
f 173/1/4 175/1/4 398/1/4 397/1/4
f 175/1/4 176/1/4 399/1/4 398/1/4
f 167/1/2 371/1/2 400/1/2 177/1/2
f 176/1/4 177/1/4 400/1/4 399/1/4
f 401/1/1 193/1/1 402/1/1 403/1/1
f 401/1/3 403/1/3 404/1/3 179/1/3
f 401/1/5 179/1/5 178/1/5 193/1/5
f 179/1/3 404/1/3 405/1/3 180/1/3
f 404/1/6 406/1/6 407/1/6 405/1/6
f 180/1/3 405/1/3 408/1/3 181/1/3
f 182/1/2 409/1/2 410/1/2 183/1/2
f 181/1/3 408/1/3 409/1/3 182/1/3
f 411/1/2 412/1/2 413/1/2 414/1/2
f 415/1/1 215/1/1 416/1/1 417/1/1
f 415/1/3 417/1/3 412/1/3 411/1/3
f 415/1/5 411/1/5 414/1/5 215/1/5
f 185/1/1 186/1/1 418/1/1 419/1/1
f 185/1/3 419/1/3 420/1/3 421/1/3
f 185/1/5 421/1/5 232/1/5 186/1/5
f 421/1/3 420/1/3 402/1/3 193/1/3
f 421/1/5 193/1/5 192/1/5 232/1/5
f 183/1/3 410/1/3 422/1/3 194/1/3
f 194/1/3 422/1/3 423/1/3 197/1/3
f 197/1/3 423/1/3 424/1/3 200/1/3
f 204/1/2 425/1/2 426/1/2 205/1/2
f 200/1/3 424/1/3 425/1/3 204/1/3
f 210/1/1 209/1/1 427/1/1 428/1/1
f 210/1/3 428/1/3 429/1/3 211/1/3
f 211/1/3 429/1/3 416/1/3 215/1/3
f 215/1/5 414/1/5 430/1/5 216/1/5
f 414/1/3 413/1/3 431/1/3 221/1/3
f 414/1/5 221/1/5 220/1/5 430/1/5
f 221/1/3 431/1/3 432/1/3 222/1/3
f 222/1/3 432/1/3 433/1/3 226/1/3
f 434/1/2 435/1/2 436/1/2 251/1/2
f 226/1/3 433/1/3 435/1/3 434/1/3
f 226/1/5 434/1/5 251/1/5 227/1/5
f 190/1/1 230/1/1 437/1/1 438/1/1
f 190/1/3 438/1/3 418/1/3 186/1/3
f 205/1/2 426/1/2 439/1/2 238/1/2
f 209/1/1 241/1/1 440/1/1 427/1/1
f 216/1/5 430/1/5 268/1/5 243/1/5
f 268/1/4 247/1/4 441/1/4 442/1/4
f 430/1/5 220/1/5 247/1/5 268/1/5
f 251/1/2 436/1/2 443/1/2 252/1/2
f 230/1/1 255/1/1 444/1/1 437/1/1
f 238/1/2 439/1/2 445/1/2 261/1/2
f 241/1/1 266/1/1 446/1/1 440/1/1
f 245/1/5 243/1/5 272/1/5 263/1/5
f 268/1/2 442/1/2 447/1/2 269/1/2
f 247/1/1 274/1/1 448/1/1 441/1/1
f 252/1/2 443/1/2 449/1/2 277/1/2
f 255/1/1 280/1/1 450/1/1 444/1/1
f 261/1/2 445/1/2 451/1/2 286/1/2
f 266/1/1 291/1/1 452/1/1 446/1/1
f 263/1/5 272/1/5 453/1/5 288/1/5
f 272/1/5 269/1/5 454/1/5 453/1/5
f 269/1/3 447/1/3 448/1/3 274/1/3
f 269/1/5 274/1/5 293/1/5 454/1/5
f 277/1/2 449/1/2 455/1/2 296/1/2
f 280/1/1 299/1/1 456/1/1 450/1/1
f 286/1/2 451/1/2 457/1/2 305/1/2
f 291/1/1 310/1/1 458/1/1 452/1/1
f 288/1/5 453/1/5 344/1/5 307/1/5
f 453/1/5 454/1/5 338/1/5 344/1/5
f 454/1/5 293/1/5 312/1/5 338/1/5
f 296/1/2 455/1/2 459/1/2 315/1/2
f 299/1/1 318/1/1 460/1/1 456/1/1
f 318/1/4 320/1/4 461/1/4 460/1/4
f 320/1/4 322/1/4 462/1/4 461/1/4
f 322/1/4 323/1/4 463/1/4 462/1/4
f 326/1/4 325/1/4 464/1/4 465/1/4
f 325/1/4 328/1/4 466/1/4 464/1/4
f 328/1/4 330/1/4 467/1/4 466/1/4
f 305/1/2 457/1/2 468/1/2 331/1/2
f 330/1/4 331/1/4 468/1/4 467/1/4
f 310/1/1 336/1/1 469/1/1 458/1/1
f 336/1/4 333/1/4 470/1/4 469/1/4
f 333/1/4 343/1/4 471/1/4 470/1/4
f 307/1/5 344/1/5 343/1/5 333/1/5
f 338/1/5 312/1/5 346/1/5 339/1/5
f 315/1/2 459/1/2 472/1/2 351/1/2
f 323/1/1 353/1/1 473/1/1 463/1/1
f 326/1/2 465/1/2 474/1/2 354/1/2
f 343/1/1 475/1/1 476/1/1 471/1/1
f 343/1/5 339/1/5 477/1/5 475/1/5
f 339/1/5 346/1/5 478/1/5 477/1/5
f 346/1/5 348/1/5 479/1/5 478/1/5
f 348/1/5 350/1/5 480/1/5 479/1/5
f 351/1/2 472/1/2 481/1/2 482/1/2
f 350/1/5 351/1/5 482/1/5 480/1/5
f 353/1/1 355/1/1 483/1/1 473/1/1
f 354/1/2 474/1/2 484/1/2 356/1/2
f 475/1/1 485/1/1 486/1/1 476/1/1
f 475/1/5 477/1/5 487/1/5 485/1/5
f 477/1/5 478/1/5 488/1/5 487/1/5
f 478/1/5 479/1/5 489/1/5 488/1/5
f 479/1/5 480/1/5 490/1/5 489/1/5
f 482/1/2 481/1/2 491/1/2 492/1/2
f 480/1/5 482/1/5 492/1/5 490/1/5
f 493/1/1 494/1/1 495/1/1 496/1/1
f 493/1/3 496/1/3 497/1/3 498/1/3
f 493/1/5 498/1/5 499/1/5 494/1/5
f 498/1/3 497/1/3 500/1/3 501/1/3
f 498/1/5 501/1/5 502/1/5 499/1/5
f 501/1/3 500/1/3 503/1/3 504/1/3
f 501/1/5 504/1/5 505/1/5 502/1/5
f 504/1/3 503/1/3 483/1/3 355/1/3
f 504/1/5 355/1/5 357/1/5 505/1/5
f 356/1/3 484/1/3 506/1/3 358/1/3
f 358/1/3 506/1/3 507/1/3 359/1/3
f 359/1/3 507/1/3 508/1/3 360/1/3
f 362/1/2 509/1/2 510/1/2 363/1/2
f 360/1/3 508/1/3 509/1/3 362/1/3
f 511/1/1 512/1/1 513/1/1 514/1/1
f 511/1/3 514/1/3 486/1/3 485/1/3
f 511/1/5 485/1/5 515/1/5 512/1/5
f 485/1/5 487/1/5 516/1/5 515/1/5
f 487/1/5 488/1/5 517/1/5 516/1/5
f 488/1/5 489/1/5 518/1/5 517/1/5
f 489/1/5 490/1/5 519/1/5 518/1/5
f 490/1/5 492/1/5 520/1/5 519/1/5
f 521/1/2 522/1/2 523/1/2 524/1/2
f 492/1/3 491/1/3 522/1/3 521/1/3
f 492/1/5 521/1/5 524/1/5 520/1/5
f 494/1/1 525/1/1 526/1/1 495/1/1
f 494/1/5 499/1/5 527/1/5 525/1/5
f 499/1/5 502/1/5 528/1/5 527/1/5
f 502/1/5 505/1/5 529/1/5 528/1/5
f 505/1/5 357/1/5 364/1/5 529/1/5
f 530/1/2 531/1/2 532/1/2 369/1/2
f 363/1/3 510/1/3 531/1/3 530/1/3
f 363/1/5 530/1/5 369/1/5 367/1/5
f 512/1/1 370/1/1 533/1/1 513/1/1
f 512/1/5 515/1/5 534/1/5 370/1/5
f 515/1/5 516/1/5 535/1/5 534/1/5
f 516/1/5 517/1/5 375/1/5 535/1/5
f 517/1/5 518/1/5 376/1/5 375/1/5
f 518/1/5 519/1/5 380/1/5 376/1/5
f 519/1/5 520/1/5 384/1/5 380/1/5
f 524/1/2 523/1/2 536/1/2 389/1/2
f 520/1/5 524/1/5 389/1/5 384/1/5
f 525/2/1 537/2/1 538/2/1 526/2/1
f 525/2/5 527/2/5 539/2/5 537/2/5
f 527/1/5 528/1/5 540/1/5 539/1/5
f 528/1/5 529/1/5 541/1/5 540/1/5
f 529/1/5 364/1/5 542/1/5 541/1/5
f 364/1/5 365/1/5 543/1/5 542/1/5
f 365/1/5 366/1/5 368/1/5 543/1/5
f 369/1/3 532/1/3 533/1/3 370/1/3
f 370/1/5 534/1/5 544/1/5 371/1/5
f 534/1/5 535/1/5 545/1/5 544/1/5
f 535/1/5 375/1/5 374/1/5 545/1/5
f 389/1/2 536/1/2 546/1/2 390/1/2
f 537/1/1 547/1/1 548/1/1 538/1/1
f 537/1/5 539/1/5 549/1/5 547/1/5
f 539/1/5 540/1/5 550/1/5 549/1/5
f 540/1/5 541/1/5 551/1/5 550/1/5
f 541/1/5 542/1/5 552/1/5 551/1/5
f 542/1/5 543/1/5 553/1/5 552/1/5
f 543/1/5 368/1/5 392/1/5 553/1/5
f 371/1/5 544/1/5 554/1/5 400/1/5
f 544/1/5 545/1/5 555/1/5 554/1/5
f 545/1/5 374/1/5 556/1/5 555/1/5
f 374/1/5 379/1/5 557/1/5 556/1/5
f 379/1/5 383/1/5 558/1/5 557/1/5
f 383/1/5 387/1/5 559/1/5 558/1/5
f 390/1/2 546/1/2 560/1/2 561/1/2
f 387/1/5 390/1/5 561/1/5 559/1/5
f 547/1/1 562/1/1 563/1/1 548/1/1
f 562/1/4 564/1/4 565/1/4 563/1/4
f 547/1/5 549/1/5 564/1/5 562/1/5
f 564/1/4 566/1/4 567/1/4 565/1/4
f 549/1/5 550/1/5 566/1/5 564/1/5
f 566/1/4 568/1/4 569/1/4 567/1/4
f 550/1/5 551/1/5 568/1/5 566/1/5
f 551/1/5 552/1/5 570/1/5 568/1/5
f 552/1/5 553/1/5 571/1/5 570/1/5
f 553/1/5 392/1/5 572/1/5 571/1/5
f 392/1/5 393/1/5 573/1/5 572/1/5
f 393/1/5 394/1/5 574/1/5 573/1/5
f 394/1/5 395/1/5 575/1/5 574/1/5
f 395/1/5 396/1/5 576/1/5 575/1/5
f 396/1/5 397/1/5 577/1/5 576/1/5
f 397/1/5 398/1/5 578/1/5 577/1/5
f 398/1/5 399/1/5 579/1/5 578/1/5
f 399/1/5 400/1/5 580/1/5 579/1/5
f 400/1/5 554/1/5 581/1/5 580/1/5
f 554/1/5 555/1/5 582/1/5 581/1/5
f 555/1/5 556/1/5 583/1/5 582/1/5
f 583/1/4 584/1/4 585/1/4 586/1/4
f 556/1/5 557/1/5 584/1/5 583/1/5
f 584/1/4 587/1/4 588/1/4 585/1/4
f 557/1/5 558/1/5 587/1/5 584/1/5
f 587/1/4 589/1/4 590/1/4 588/1/4
f 558/1/5 559/1/5 589/1/5 587/1/5
f 561/1/2 560/1/2 591/1/2 592/1/2
f 589/1/4 592/1/4 591/1/4 590/1/4
f 559/1/5 561/1/5 592/1/5 589/1/5
f 568/1/1 593/1/1 594/1/1 569/1/1
f 593/1/4 595/1/4 596/1/4 594/1/4
f 568/1/5 570/1/5 595/1/5 593/1/5
f 595/1/4 597/1/4 598/1/4 596/1/4
f 570/1/5 571/1/5 597/1/5 595/1/5
f 597/1/4 599/1/4 600/1/4 598/1/4
f 571/1/5 572/1/5 599/1/5 597/1/5
f 599/1/4 601/1/4 602/1/4 600/1/4
f 572/1/5 573/1/5 601/1/5 599/1/5
f 601/1/4 603/1/4 604/1/4 602/1/4
f 573/1/5 574/1/5 603/1/5 601/1/5
f 603/1/4 605/1/4 606/1/4 604/1/4
f 574/1/5 575/1/5 605/1/5 603/1/5
f 605/1/4 607/1/4 608/1/4 606/1/4
f 575/1/5 576/1/5 607/1/5 605/1/5
f 607/1/4 609/1/4 610/1/4 608/1/4
f 576/1/5 577/1/5 609/1/5 607/1/5
f 609/1/4 611/1/4 612/1/4 610/1/4
f 577/1/5 578/1/5 611/1/5 609/1/5
f 611/1/4 613/1/4 614/1/4 612/1/4
f 578/1/5 579/1/5 613/1/5 611/1/5
f 613/1/4 615/1/4 616/1/4 614/1/4
f 579/1/5 580/1/5 615/1/5 613/1/5
f 615/1/4 617/1/4 618/1/4 616/1/4
f 580/1/5 581/1/5 617/1/5 615/1/5
f 617/1/4 619/1/4 620/1/4 618/1/4
f 581/1/5 582/1/5 619/1/5 617/1/5
f 583/1/2 586/1/2 621/1/2 622/1/2
f 619/1/4 622/1/4 621/1/4 620/1/4
f 582/1/5 583/1/5 622/1/5 619/1/5
f 623/2/1 624/2/1 625/2/1 626/2/1
f 623/2/3 626/2/3 627/2/3 628/2/3
f 624/2/4 629/2/4 630/2/4 625/2/4
f 623/2/5 628/2/5 629/2/5 624/2/5
f 628/2/3 627/2/3 631/2/3 632/2/3
f 629/2/4 633/2/4 634/2/4 630/2/4
f 627/2/6 630/2/6 634/2/6 631/2/6
f 628/2/5 632/2/5 633/2/5 629/2/5
f 635/2/2 636/2/2 637/2/2 638/2/2
f 632/2/3 631/2/3 636/2/3 635/2/3
f 633/2/4 638/2/4 637/2/4 634/2/4
f 631/2/6 634/2/6 637/2/6 636/2/6
f 632/2/5 635/2/5 638/2/5 633/2/5
f 404/1/2 639/1/2 640/1/2 406/1/2
f 403/1/1 402/1/1 641/1/1 642/1/1
f 403/1/3 642/1/3 639/1/3 404/1/3
f 405/1/1 407/1/1 643/1/1 644/1/1
f 405/1/3 644/1/3 645/1/3 408/1/3
f 409/1/2 646/1/2 647/1/2 410/1/2
f 408/1/3 645/1/3 646/1/3 409/1/3
f 417/1/1 416/1/1 648/1/1 649/1/1
f 417/1/3 649/1/3 650/1/3 412/1/3
f 412/1/3 650/1/3 651/1/3 652/1/3
f 412/1/5 652/1/5 431/1/5 413/1/5
f 653/1/2 654/1/2 655/1/2 432/1/2
f 652/1/3 651/1/3 654/1/3 653/1/3
f 652/1/5 653/1/5 432/1/5 431/1/5
f 419/1/1 418/1/1 656/1/1 657/1/1
f 419/1/3 657/1/3 658/1/3 420/1/3
f 420/1/3 658/1/3 641/1/3 402/1/3
f 406/1/3 640/1/3 643/1/3 407/1/3
f 410/1/3 647/1/3 659/1/3 422/1/3
f 422/1/3 659/1/3 660/1/3 423/1/3
f 423/1/3 660/1/3 661/1/3 424/1/3
f 424/1/3 661/1/3 662/1/3 425/1/3
f 425/1/3 662/1/3 663/1/3 428/1/3
f 425/1/5 428/1/5 427/1/5 426/1/5
f 428/1/3 663/1/3 664/1/3 429/1/3
f 429/1/3 664/1/3 648/1/3 416/1/3
f 432/1/3 655/1/3 665/1/3 433/1/3
f 435/1/2 666/1/2 667/1/2 436/1/2
f 433/1/3 665/1/3 666/1/3 435/1/3
f 438/1/1 437/1/1 668/1/1 669/1/1
f 438/1/3 669/1/3 656/1/3 418/1/3
f 426/1/5 427/1/5 440/1/5 439/1/5
f 436/1/2 667/1/2 670/1/2 443/1/2
f 437/1/1 444/1/1 671/1/1 668/1/1
f 439/1/5 440/1/5 446/1/5 445/1/5
f 442/1/5 441/1/5 448/1/5 447/1/5
f 443/1/2 670/1/2 672/1/2 449/1/2
f 444/1/1 450/1/1 673/1/1 671/1/1
f 445/1/5 446/1/5 452/1/5 451/1/5
f 449/1/2 672/1/2 674/1/2 455/1/2
f 450/1/1 456/1/1 675/1/1 673/1/1
f 451/1/5 452/1/5 458/1/5 457/1/5
f 455/1/2 674/1/2 676/1/2 459/1/2
f 456/1/1 460/1/1 677/1/1 675/1/1
f 460/1/4 461/1/4 678/1/4 677/1/4
f 461/1/4 462/1/4 679/1/4 678/1/4
f 462/1/4 463/1/4 680/1/4 679/1/4
f 465/1/4 464/1/4 681/1/4 682/1/4
f 464/1/4 466/1/4 683/1/4 681/1/4
f 466/1/4 467/1/4 684/1/4 683/1/4
f 467/1/4 468/1/4 685/1/4 684/1/4
f 468/1/4 469/1/4 686/1/4 685/1/4
f 457/1/5 458/1/5 469/1/5 468/1/5
f 469/1/4 470/1/4 687/1/4 686/1/4
f 470/1/4 471/1/4 688/1/4 687/1/4
f 459/1/2 676/1/2 689/1/2 472/1/2
f 463/1/1 473/1/1 690/1/1 680/1/1
f 465/1/2 682/1/2 691/1/2 474/1/2
f 471/1/1 476/1/1 692/1/1 688/1/1
f 472/1/2 689/1/2 693/1/2 481/1/2
f 473/1/1 483/1/1 694/1/1 690/1/1
f 474/1/2 691/1/2 695/1/2 484/1/2
f 476/1/1 486/1/1 696/1/1 692/1/1
f 481/1/2 693/1/2 697/1/2 491/1/2
f 496/1/1 495/1/1 698/1/1 699/1/1
f 496/1/3 699/1/3 700/1/3 497/1/3
f 497/1/3 700/1/3 701/1/3 500/1/3
f 500/1/3 701/1/3 702/1/3 503/1/3
f 503/1/3 702/1/3 694/1/3 483/1/3
f 484/1/3 695/1/3 703/1/3 506/1/3
f 506/1/3 703/1/3 704/1/3 507/1/3
f 507/1/3 704/1/3 705/1/3 508/1/3
f 508/1/3 705/1/3 706/1/3 509/1/3
f 509/1/3 706/1/3 707/1/3 708/1/3
f 509/1/5 708/1/5 531/1/5 510/1/5
f 708/1/3 707/1/3 709/1/3 514/1/3
f 708/1/5 514/1/5 513/1/5 531/1/5
f 514/1/3 709/1/3 696/1/3 486/1/3
f 522/1/2 710/1/2 711/1/2 523/1/2
f 491/1/3 697/1/3 710/1/3 522/1/3
f 495/1/1 526/1/1 712/1/1 698/1/1
f 531/1/5 513/1/5 533/1/5 532/1/5
f 523/1/2 711/1/2 713/1/2 536/1/2
f 714/2/1 715/2/1 716/2/1 717/2/1
f 714/2/3 717/2/3 718/2/3 719/2/3
f 715/2/4 720/2/4 721/2/4 716/2/4
f 714/2/5 719/2/5 720/2/5 715/2/5
f 719/2/3 718/2/3 712/2/3 526/2/3
f 720/2/4 538/2/4 722/2/4 721/2/4
f 718/2/6 721/2/6 722/2/6 712/2/6
f 719/2/5 526/2/5 538/2/5 720/2/5
f 536/1/2 713/1/2 723/1/2 546/1/2
f 538/1/1 548/1/1 724/1/1 722/1/1
f 546/1/2 723/1/2 725/1/2 560/1/2
f 548/1/1 563/1/1 726/1/1 724/1/1
f 563/1/4 565/1/4 727/1/4 726/1/4
f 565/1/4 567/1/4 728/1/4 727/1/4
f 567/1/4 569/1/4 729/1/4 728/1/4
f 586/1/4 585/1/4 730/1/4 731/1/4
f 585/1/4 588/1/4 732/1/4 730/1/4
f 588/1/4 590/1/4 733/1/4 732/1/4
f 560/1/2 725/1/2 734/1/2 591/1/2
f 590/1/4 591/1/4 734/1/4 733/1/4
f 569/1/1 594/1/1 735/1/1 729/1/1
f 594/1/4 596/1/4 736/1/4 735/1/4
f 596/1/4 598/1/4 737/1/4 736/1/4
f 598/1/4 600/1/4 738/1/4 737/1/4
f 600/1/4 602/1/4 739/1/4 738/1/4
f 602/1/4 604/1/4 740/1/4 739/1/4
f 604/1/4 606/1/4 741/1/4 740/1/4
f 606/1/4 608/1/4 742/1/4 741/1/4
f 608/1/4 610/1/4 743/1/4 742/1/4
f 610/1/4 612/1/4 744/1/4 743/1/4
f 612/1/4 614/1/4 745/1/4 744/1/4
f 614/1/4 616/1/4 746/1/4 745/1/4
f 616/1/4 618/1/4 747/1/4 746/1/4
f 618/1/4 620/1/4 748/1/4 747/1/4
f 586/1/2 731/1/2 749/1/2 621/1/2
f 620/1/4 621/1/4 749/1/4 748/1/4
f 750/2/1 751/2/1 752/2/1 753/2/1
f 750/2/3 753/2/3 754/2/3 755/2/3
f 750/2/5 755/2/5 626/2/5 751/2/5
f 756/2/2 757/2/2 758/2/2 627/2/2
f 755/2/3 754/2/3 757/2/3 756/2/3
f 754/2/6 759/2/6 758/2/6 757/2/6
f 755/2/5 756/2/5 627/2/5 626/2/5
f 751/2/1 760/2/1 761/2/1 752/2/1
f 760/2/4 625/2/4 762/2/4 761/2/4
f 751/2/5 626/2/5 625/2/5 760/2/5
f 627/2/2 758/2/2 763/2/2 630/2/2
f 625/2/4 630/2/4 763/2/4 762/2/4
f 764/1/1 765/1/1 766/1/1 767/1/1
f 764/1/3 767/1/3 768/1/3 769/1/3
f 767/1/6 766/1/6 770/1/6 768/1/6
f 764/1/5 769/1/5 771/1/5 765/1/5
f 772/1/2 773/1/2 774/1/2 775/1/2
f 769/1/3 768/1/3 773/1/3 772/1/3
f 768/1/6 770/1/6 774/1/6 773/1/6
f 769/1/5 772/1/5 775/1/5 771/1/5
f 776/1/1 777/1/1 778/1/1 779/1/1
f 776/1/3 779/1/3 780/1/3 781/1/3
f 776/1/5 781/1/5 782/1/5 777/1/5
f 781/1/3 780/1/3 766/1/3 765/1/3
f 781/1/5 765/1/5 783/1/5 782/1/5
f 765/1/5 771/1/5 784/1/5 783/1/5
f 775/1/2 774/1/2 785/1/2 786/1/2
f 771/1/5 775/1/5 786/1/5 784/1/5
f 777/1/1 787/1/1 788/1/1 778/1/1
f 777/1/5 782/1/5 789/1/5 787/1/5
f 782/1/5 783/1/5 790/1/5 789/1/5
f 783/1/5 784/1/5 791/1/5 790/1/5
f 786/1/2 785/1/2 792/1/2 793/1/2
f 784/1/5 786/1/5 793/1/5 791/1/5
f 639/1/2 794/1/2 795/1/2 640/1/2
f 642/1/1 641/1/1 796/1/1 797/1/1
f 642/1/3 797/1/3 794/1/3 639/1/3
f 797/1/6 796/1/6 795/1/6 794/1/6
f 644/1/1 643/1/1 798/1/1 799/1/1
f 644/1/3 799/1/3 800/1/3 645/1/3
f 646/1/2 801/1/2 802/1/2 647/1/2
f 645/1/3 800/1/3 801/1/3 646/1/3
f 787/1/1 660/1/1 803/1/1 788/1/1
f 787/1/5 789/1/5 661/1/5 660/1/5
f 789/1/5 790/1/5 662/1/5 661/1/5
f 790/1/5 791/1/5 663/1/5 662/1/5
f 791/1/5 793/1/5 664/1/5 663/1/5
f 793/1/3 792/1/3 804/1/3 649/1/3
f 792/1/6 805/1/6 806/1/6 804/1/6
f 793/1/5 649/1/5 648/1/5 664/1/5
f 649/1/3 804/1/3 807/1/3 650/1/3
f 650/1/3 807/1/3 808/1/3 651/1/3
f 654/1/2 809/1/2 810/1/2 655/1/2
f 651/1/3 808/1/3 809/1/3 654/1/3
f 811/2/1 812/2/1 813/2/1 814/2/1
f 811/2/3 814/2/3 815/2/3 816/2/3
f 811/2/5 816/2/5 817/2/5 812/2/5
f 816/2/3 815/2/3 818/2/3 819/2/3
f 816/2/5 819/2/5 820/2/5 817/2/5
f 821/2/2 822/2/2 823/2/2 824/2/2
f 819/2/3 818/2/3 822/2/3 821/2/3
f 820/2/4 824/2/4 823/2/4 825/2/4
f 819/2/5 821/2/5 824/2/5 820/2/5
f 826/1/1 669/1/1 827/1/1 828/1/1
f 826/1/3 828/1/3 829/1/3 657/1/3
f 828/1/6 827/1/6 830/1/6 829/1/6
f 826/1/5 657/1/5 656/1/5 669/1/5
f 657/1/3 829/1/3 831/1/3 658/1/3
f 829/1/6 830/1/6 832/1/6 831/1/6
f 658/1/3 831/1/3 796/1/3 641/1/3
f 640/1/3 795/1/3 798/1/3 643/1/3
f 647/1/3 802/1/3 833/1/3 659/1/3
f 659/1/3 833/1/3 803/1/3 660/1/3
f 655/1/3 810/1/3 834/1/3 665/1/3
f 666/1/2 835/1/2 836/1/2 667/1/2
f 665/1/3 834/1/3 835/1/3 666/1/3
f 812/2/1 837/2/1 838/2/1 813/2/1
f 812/2/5 817/2/5 839/2/5 837/2/5
f 820/2/2 825/2/2 840/2/2 841/2/2
f 839/2/4 841/2/4 840/2/4 842/2/4
f 817/2/5 820/2/5 841/2/5 839/2/5
f 824/2/1 843/2/1 844/2/1 823/2/1
f 824/2/3 823/2/3 845/2/3 846/2/3
f 824/2/5 846/2/5 847/2/5 843/2/5
f 846/2/3 845/2/3 848/2/3 849/2/3
f 846/2/5 849/2/5 850/2/5 847/2/5
f 849/2/3 848/2/3 851/2/3 852/2/3
f 850/2/4 853/2/4 854/2/4 855/2/4
f 849/2/5 852/2/5 853/2/5 850/2/5
f 852/2/3 851/2/3 856/2/3 857/2/3
f 853/2/4 858/2/4 859/2/4 854/2/4
f 852/2/5 857/2/5 858/2/5 853/2/5
f 860/2/2 861/2/2 862/2/2 863/2/2
f 857/2/3 856/2/3 861/2/3 860/2/3
f 858/2/4 863/2/4 862/2/4 859/2/4
f 857/2/5 860/2/5 863/2/5 858/2/5
f 669/1/1 668/1/1 864/1/1 827/1/1
f 667/1/2 836/1/2 865/1/2 670/1/2
f 839/2/2 842/2/2 866/2/2 867/2/2
f 837/2/1 868/2/1 869/2/1 838/2/1
f 837/2/5 839/2/5 867/2/5 868/2/5
f 843/2/1 870/2/1 871/2/1 844/2/1
f 870/2/4 872/2/4 873/2/4 871/2/4
f 843/2/5 847/2/5 872/2/5 870/2/5
f 850/2/2 855/2/2 874/2/2 875/2/2
f 872/2/4 875/2/4 874/2/4 873/2/4
f 847/2/5 850/2/5 875/2/5 872/2/5
f 668/1/1 671/1/1 876/1/1 864/1/1
f 864/1/6 876/1/6 877/1/6 878/1/6
f 670/1/2 865/1/2 879/1/2 672/1/2
f 867/2/2 866/2/2 880/2/2 881/2/2
f 868/2/1 882/2/1 883/2/1 869/2/1
f 882/2/4 881/2/4 880/2/4 883/2/4
f 868/2/5 867/2/5 881/2/5 882/2/5
f 884/2/2 885/2/2 886/2/2 887/2/2
f 888/2/1 889/2/1 890/2/1 891/2/1
f 888/2/3 891/2/3 885/2/3 884/2/3
f 889/2/4 887/2/4 886/2/4 890/2/4
f 888/2/5 884/2/5 887/2/5 889/2/5
f 671/1/1 673/1/1 892/1/1 876/1/1
f 672/1/2 879/1/2 893/1/2 674/1/2
f 673/1/1 675/1/1 894/1/1 892/1/1
f 674/1/2 893/1/2 895/1/2 676/1/2
f 675/1/1 677/1/1 896/1/1 894/1/1
f 677/1/4 678/1/4 897/1/4 896/1/4
f 678/1/4 679/1/4 898/1/4 897/1/4
f 676/1/2 895/1/2 899/1/2 689/1/2
f 679/1/1 900/1/1 901/1/1 898/1/1
f 679/1/5 680/1/5 690/1/5 900/1/5
f 682/1/5 681/1/5 902/1/5 691/1/5
f 681/1/5 683/1/5 903/1/5 902/1/5
f 683/1/5 684/1/5 904/1/5 903/1/5
f 684/1/5 685/1/5 905/1/5 904/1/5
f 685/1/5 686/1/5 906/1/5 905/1/5
f 686/1/5 687/1/5 907/1/5 906/1/5
f 687/1/5 688/1/5 692/1/5 907/1/5
f 689/1/2 899/1/2 908/1/2 693/1/2
f 900/1/1 702/1/1 909/1/1 901/1/1
f 900/1/5 690/1/5 694/1/5 702/1/5
f 691/1/5 902/1/5 703/1/5 695/1/5
f 902/1/5 903/1/5 704/1/5 703/1/5
f 903/1/5 904/1/5 705/1/5 704/1/5
f 904/1/5 905/1/5 706/1/5 705/1/5
f 905/1/5 906/1/5 707/1/5 706/1/5
f 906/1/5 907/1/5 709/1/5 707/1/5
f 907/1/5 692/1/5 696/1/5 709/1/5
f 693/1/2 908/1/2 910/1/2 697/1/2
f 699/1/1 698/1/1 911/1/1 912/1/1
f 699/1/3 912/1/3 913/1/3 700/1/3
f 700/1/3 913/1/3 914/1/3 701/1/3
f 701/1/3 914/1/3 909/1/3 702/1/3
f 710/1/2 915/1/2 916/1/2 711/1/2
f 697/1/3 910/1/3 915/1/3 710/1/3
f 698/1/1 712/1/1 917/1/1 911/1/1
f 711/1/2 916/1/2 918/1/2 713/1/2
f 718/2/2 919/2/2 920/2/2 721/2/2
f 717/2/1 716/2/1 921/2/1 922/2/1
f 717/2/3 922/2/3 919/2/3 718/2/3
f 716/2/4 721/2/4 920/2/4 921/2/4
f 922/2/6 921/2/6 920/2/6 919/2/6
f 712/1/1 722/1/1 923/1/1 917/1/1
f 713/1/2 918/1/2 924/1/2 723/1/2
f 722/1/1 724/1/1 925/1/1 923/1/1
f 723/1/2 924/1/2 926/1/2 725/1/2
f 724/1/1 726/1/1 927/1/1 925/1/1
f 726/1/4 727/1/4 928/1/4 927/1/4
f 727/1/4 728/1/4 929/1/4 928/1/4
f 728/1/4 729/1/4 930/1/4 929/1/4
f 731/1/4 730/1/4 931/1/4 932/1/4
f 730/1/4 732/1/4 933/1/4 931/1/4
f 732/1/4 733/1/4 934/1/4 933/1/4
f 725/1/2 926/1/2 935/1/2 734/1/2
f 733/1/4 734/1/4 935/1/4 934/1/4
f 729/1/1 735/1/1 936/1/1 930/1/1
f 735/1/4 736/1/4 937/1/4 936/1/4
f 736/1/4 737/1/4 938/1/4 937/1/4
f 737/1/4 738/1/4 939/1/4 938/1/4
f 738/1/4 739/1/4 940/1/4 939/1/4
f 739/1/4 740/1/4 941/1/4 940/1/4
f 740/1/4 741/1/4 942/1/4 941/1/4
f 741/1/4 742/1/4 943/1/4 942/1/4
f 742/1/4 743/1/4 944/1/4 943/1/4
f 743/1/4 744/1/4 945/1/4 944/1/4
f 744/1/4 745/1/4 946/1/4 945/1/4
f 745/1/4 746/1/4 947/1/4 946/1/4
f 746/1/4 747/1/4 948/1/4 947/1/4
f 747/1/4 748/1/4 949/1/4 948/1/4
f 731/1/2 932/1/2 950/1/2 749/1/2
f 748/1/4 749/1/4 950/1/4 949/1/4
f 951/2/1 952/2/1 953/2/1 954/2/1
f 951/2/3 954/2/3 955/2/3 753/2/3
f 951/2/5 753/2/5 752/2/5 952/2/5
f 754/2/2 956/2/2 957/2/2 759/2/2
f 753/2/3 955/2/3 956/2/3 754/2/3
f 952/2/1 958/2/1 959/2/1 953/2/1
f 958/2/4 761/2/4 960/2/4 959/2/4
f 952/2/5 752/2/5 761/2/5 958/2/5
f 761/2/4 762/2/4 961/2/4 960/2/4
f 758/2/2 962/2/2 963/2/2 763/2/2
f 759/2/3 957/2/3 962/2/3 758/2/3
f 762/2/4 763/2/4 963/2/4 961/2/4
f 957/2/6 961/2/6 963/2/6 962/2/6
f 779/3/1 778/3/1 964/3/1 965/3/1
f 779/3/3 965/3/3 966/3/3 780/3/3
f 965/3/6 964/3/6 967/3/6 966/3/6
f 780/1/3 966/1/3 968/1/3 766/1/3
f 966/1/6 967/1/6 969/1/6 968/1/6
f 766/1/3 968/1/3 970/1/3 770/1/3
f 968/1/6 969/1/6 971/1/6 970/1/6
f 774/1/2 972/1/2 973/1/2 785/1/2
f 770/1/3 970/1/3 972/1/3 774/1/3
f 970/1/6 971/1/6 973/1/6 972/1/6
f 974/1/1 799/1/1 975/1/1 976/1/1
f 974/1/3 976/1/3 977/1/3 978/1/3
f 974/1/5 978/1/5 800/1/5 799/1/5
f 978/1/3 977/1/3 979/1/3 980/1/3
f 977/1/6 981/1/6 982/1/6 979/1/6
f 978/1/5 980/1/5 801/1/5 800/1/5
f 980/4/3 979/4/3 983/4/3 984/4/3
f 980/4/5 984/4/5 985/4/5 801/4/5
f 984/4/3 983/4/3 964/4/3 778/4/3
f 984/4/5 778/4/5 788/4/5 985/4/5
f 785/1/2 973/1/2 986/1/2 792/1/2
f 987/2/2 988/2/2 989/2/2 990/2/2
f 991/2/1 822/2/1 992/2/1 993/2/1
f 991/2/3 993/2/3 988/2/3 987/2/3
f 993/2/6 992/2/6 989/2/6 988/2/6
f 991/2/5 987/2/5 990/2/5 822/2/5
f 794/1/1 795/1/1 994/1/1 995/1/1
f 794/1/3 995/1/3 975/1/3 799/1/3
f 794/1/5 799/1/5 798/1/5 795/1/5
f 801/1/5 985/1/5 833/1/5 802/1/5
f 985/1/5 788/1/5 803/1/5 833/1/5
f 792/1/2 986/1/2 996/1/2 805/1/2
f 804/4/1 806/4/1 997/4/1 998/4/1
f 804/4/3 998/4/3 999/4/3 807/4/3
f 807/1/3 999/1/3 1000/1/3 808/1/3
f 808/1/3 1000/1/3 1001/1/3 809/1/3
f 1002/1/2 1003/1/2 1004/1/2 834/1/2
f 809/1/3 1001/1/3 1003/1/3 1002/1/3
f 809/1/5 1002/1/5 834/1/5 810/1/5
f 814/2/1 813/2/1 1005/2/1 1006/2/1
f 814/2/3 1006/2/3 1007/2/3 815/2/3
f 815/2/3 1007/2/3 1008/2/3 818/2/3
f 1007/2/6 1009/2/6 1010/2/6 1008/2/6
f 818/2/3 1008/2/3 992/2/3 822/2/3
f 990/2/2 989/2/2 1011/2/2 845/2/2
f 822/2/5 990/2/5 845/2/5 823/2/5
f 1012/2/1 848/2/1 1013/2/1 1014/2/1
f 1012/2/3 1014/2/3 1015/2/3 1016/2/3
f 1012/2/5 1016/2/5 851/2/5 848/2/5
f 1016/2/3 1015/2/3 1017/2/3 1018/2/3
f 1016/2/5 1018/2/5 856/2/5 851/2/5
f 1019/2/2 1020/2/2 1021/2/2 861/2/2
f 1018/2/3 1017/2/3 1020/2/3 1019/2/3
f 1018/2/5 1019/2/5 861/2/5 856/2/5
f 831/1/1 832/1/1 1022/1/1 1023/1/1
f 831/1/3 1023/1/3 1024/1/3 796/1/3
f 1023/1/6 1022/1/6 1025/1/6 1024/1/6
f 796/1/3 1024/1/3 994/1/3 795/1/3
f 805/1/3 996/1/3 997/1/3 806/1/3
f 835/1/2 1026/1/2 1027/1/2 836/1/2
f 834/1/3 1004/1/3 1026/1/3 835/1/3
f 813/2/1 838/2/1 1028/2/1 1005/2/1
f 825/2/5 823/2/5 844/2/5 840/2/5
f 845/2/3 1011/2/3 1013/2/3 848/2/3
f 861/2/2 1021/2/2 1029/2/2 862/2/2
f 827/1/1 864/1/1 1030/1/1 1031/1/1
f 827/1/3 1031/1/3 1032/1/3 830/1/3
f 864/1/4 878/1/4 1033/1/4 1030/1/4
f 1031/1/6 1030/1/6 1033/1/6 1032/1/6
f 830/1/3 1032/1/3 1022/1/3 832/1/3
f 836/1/2 1027/1/2 1034/1/2 865/1/2
f 838/2/1 869/2/1 1035/2/1 1028/2/1
f 842/2/5 840/2/5 1036/2/5 866/2/5
f 840/2/5 844/2/5 871/2/5 1036/2/5
f 855/2/5 854/2/5 891/2/5 874/2/5
f 854/2/5 859/2/5 885/2/5 891/2/5
f 862/2/2 1029/2/2 1037/2/2 1038/2/2
f 885/2/4 1038/2/4 1037/2/4 1039/2/4
f 859/2/5 862/2/5 1038/2/5 885/2/5
f 878/1/1 877/1/1 1040/1/1 1033/1/1
f 865/1/2 1034/1/2 1041/1/2 879/1/2
f 869/2/1 883/2/1 1042/2/1 1035/2/1
f 883/2/4 880/2/4 1043/2/4 1042/2/4
f 880/2/4 1044/2/4 1045/2/4 1043/2/4
f 866/2/5 1036/2/5 1044/2/5 880/2/5
f 1044/2/4 1046/2/4 1047/2/4 1045/2/4
f 1036/2/5 871/2/5 1046/2/5 1044/2/5
f 1046/2/4 1048/2/4 1049/2/4 1047/2/4
f 871/2/5 873/2/5 1048/2/5 1046/2/5
f 1048/2/4 1050/2/4 1051/2/4 1049/2/4
f 873/2/5 874/2/5 1050/2/5 1048/2/5
f 1050/2/4 890/2/4 1052/2/4 1051/2/4
f 874/2/5 891/2/5 890/2/5 1050/2/5
f 885/2/2 1039/2/2 1053/2/2 886/2/2
f 890/2/4 886/2/4 1053/2/4 1052/2/4
f 876/1/1 892/1/1 1054/1/1 1055/1/1
f 876/1/3 1055/1/3 1040/1/3 877/1/3
f 1055/1/6 1054/1/6 1056/1/6 1040/1/6
f 879/1/2 1041/1/2 1057/1/2 893/1/2
f 892/1/1 894/1/1 1058/1/1 1054/1/1
f 893/1/2 1057/1/2 1059/1/2 895/1/2
f 894/1/1 896/1/1 1060/1/1 1058/1/1
f 896/1/4 897/1/4 1061/1/4 1060/1/4
f 897/1/4 898/1/4 1062/1/4 1061/1/4
f 895/1/2 1059/1/2 1063/1/2 899/1/2
f 898/1/1 901/1/1 1064/1/1 1062/1/1
f 899/1/2 1063/1/2 1065/1/2 908/1/2
f 901/1/1 909/1/1 1066/1/1 1064/1/1
f 908/1/2 1065/1/2 1067/1/2 910/1/2
f 912/1/1 911/1/1 1068/1/1 1069/1/1
f 912/1/3 1069/1/3 1070/1/3 913/1/3
f 913/1/3 1070/1/3 1071/1/3 914/1/3
f 914/1/3 1071/1/3 1066/1/3 909/1/3
f 915/1/2 1072/1/2 1073/1/2 916/1/2
f 910/1/3 1067/1/3 1072/1/3 915/1/3
f 1074/2/1 1075/2/1 1076/2/1 1077/2/1
f 1074/2/3 1077/2/3 1078/2/3 1079/2/3
f 1074/2/5 1079/2/5 1080/2/5 1075/2/5
f 1081/2/2 1082/2/2 1083/2/2 922/2/2
f 1079/2/3 1078/2/3 1082/2/3 1081/2/3
f 1079/2/5 1081/2/5 922/2/5 1080/2/5
f 911/1/1 917/1/1 1084/1/1 1068/1/1
f 916/1/2 1073/1/2 1085/1/2 918/1/2
f 1075/2/1 1086/2/1 1087/2/1 1076/2/1
f 1086/2/4 1088/2/4 1089/2/4 1087/2/4
f 1075/2/5 1080/2/5 1088/2/5 1086/2/5
f 922/2/2 1083/2/2 1090/2/2 921/2/2
f 1088/2/4 921/2/4 1090/2/4 1089/2/4
f 1080/2/5 922/2/5 921/2/5 1088/2/5
f 917/1/1 923/1/1 1091/1/1 1084/1/1
f 918/1/2 1085/1/2 1092/1/2 924/1/2
f 923/1/1 925/1/1 1093/1/1 1091/1/1
f 924/1/2 1092/1/2 1094/1/2 926/1/2
f 925/1/1 927/1/1 1095/1/1 1093/1/1
f 927/1/4 928/1/4 1096/1/4 1095/1/4
f 928/1/4 929/1/4 1097/1/4 1096/1/4
f 929/1/4 930/1/4 1098/1/4 1097/1/4
f 932/1/4 931/1/4 1099/1/4 1100/1/4
f 931/1/4 933/1/4 1101/1/4 1099/1/4
f 933/1/4 934/1/4 1102/1/4 1101/1/4
f 926/1/2 1094/1/2 1103/1/2 935/1/2
f 934/1/4 935/1/4 1103/1/4 1102/1/4
f 930/1/1 936/1/1 1104/1/1 1098/1/1
f 936/1/4 937/1/4 1105/1/4 1104/1/4
f 937/1/4 938/1/4 1106/1/4 1105/1/4
f 938/1/4 939/1/4 1107/1/4 1106/1/4
f 939/1/4 940/1/4 1108/1/4 1107/1/4
f 940/1/4 941/1/4 1109/1/4 1108/1/4
f 941/1/4 942/1/4 1110/1/4 1109/1/4
f 942/1/4 943/1/4 1111/1/4 1110/1/4
f 943/1/4 944/1/4 1112/1/4 1111/1/4
f 944/1/4 945/1/4 1113/1/4 1112/1/4
f 945/1/4 946/1/4 1114/1/4 1113/1/4
f 946/1/4 947/1/4 1115/1/4 1114/1/4
f 947/1/4 948/1/4 1116/1/4 1115/1/4
f 948/1/4 949/1/4 1117/1/4 1116/1/4
f 932/1/2 1100/1/2 1118/1/2 950/1/2
f 949/1/4 950/1/4 1118/1/4 1117/1/4
f 954/2/1 953/2/1 1119/2/1 1120/2/1
f 954/2/3 1120/2/3 1121/2/3 955/2/3
f 956/2/2 1122/2/2 1123/2/2 957/2/2
f 955/2/3 1121/2/3 1122/2/3 956/2/3
f 953/2/1 959/2/1 1124/2/1 1119/2/1
f 959/2/4 960/2/4 1125/2/4 1124/2/4
f 957/2/2 1123/2/2 1126/2/2 961/2/2
f 960/2/4 961/2/4 1126/2/4 1125/2/4
f 977/1/2 1127/1/2 1128/1/2 981/1/2
f 976/1/1 975/1/1 1129/1/1 1130/1/1
f 976/1/3 1130/1/3 1127/1/3 977/1/3
f 979/1/1 982/1/1 1131/1/1 1132/1/1
f 979/1/3 1132/1/3 1133/1/3 983/1/3
f 983/1/3 1133/1/3 1134/1/3 964/1/3
f 964/1/3 1134/1/3 1135/1/3 967/1/3
f 967/1/3 1135/1/3 1136/1/3 969/1/3
f 969/1/3 1136/1/3 1137/1/3 971/1/3
f 973/1/2 1138/1/2 1139/1/2 986/1/2
f 971/1/3 1137/1/3 1138/1/3 973/1/3
f 1140/5/2 1141/5/2 1142/5/2 1014/5/2
f 988/5/1 989/5/1 1143/5/1 1144/5/1
f 988/5/3 1144/5/3 1141/5/3 1140/5/3
f 1144/5/6 1143/5/6 1142/5/6 1141/5/6
f 988/5/5 1140/5/5 1014/5/5 989/5/5
f 995/1/1 994/1/1 1145/1/1 1146/1/1
f 995/1/3 1146/1/3 1129/1/3 975/1/3
f 981/1/3 1128/1/3 1131/1/3 982/1/3
f 986/1/2 1139/1/2 1147/1/2 996/1/2
f 998/1/1 997/1/1 1148/1/1 1149/1/1
f 998/1/3 1149/1/3 1150/1/3 999/1/3
f 999/1/3 1150/1/3 1151/1/3 1000/1/3
f 1000/1/3 1151/1/3 1152/1/3 1001/1/3
f 1003/1/2 1153/1/2 1154/1/2 1004/1/2
f 1001/1/3 1152/1/3 1153/1/3 1003/1/3
f 1007/2/2 1155/2/2 1156/2/2 1009/2/2
f 1006/2/1 1005/2/1 1157/2/1 1158/2/1
f 1006/2/3 1158/2/3 1155/2/3 1007/2/3
f 1008/2/1 1010/2/1 1159/2/1 1160/2/1
f 1008/2/3 1160/2/3 1161/2/3 992/2/3
f 992/2/3 1161/2/3 1143/2/3 989/2/3
f 989/2/5 1014/2/5 1013/2/5 1011/2/5
f 1014/2/3 1142/2/3 1162/2/3 1015/2/3
f 1015/2/3 1162/2/3 1163/2/3 1017/2/3
f 1020/2/2 1164/2/2 1165/2/2 1021/2/2
f 1017/2/3 1163/2/3 1164/2/3 1020/2/3
f 1163/2/6 1166/2/6 1165/2/6 1164/2/6
f 1023/1/2 1167/1/2 1168/1/2 1022/1/2
f 1169/1/1 1032/1/1 1170/1/1 1171/1/1
f 1169/1/3 1171/1/3 1167/1/3 1023/1/3
f 1171/1/6 1170/1/6 1168/1/6 1167/1/6
f 1169/1/5 1023/1/5 1022/1/5 1032/1/5
f 1024/1/1 1025/1/1 1172/1/1 1173/1/1
f 1024/1/3 1173/1/3 1145/1/3 994/1/3
f 996/1/3 1147/1/3 1148/1/3 997/1/3
f 1026/1/2 1174/1/2 1175/1/2 1027/1/2
f 1004/1/3 1154/1/3 1174/1/3 1026/1/3
f 1005/2/1 1028/2/1 1176/2/1 1157/2/1
f 1009/2/3 1156/2/3 1159/2/3 1010/2/3
f 1021/2/2 1165/2/2 1177/2/2 1029/2/2
f 1032/1/1 1033/1/1 1178/1/1 1170/1/1
f 1022/1/3 1168/1/3 1172/1/3 1025/1/3
f 1027/1/2 1175/1/2 1179/1/2 1034/1/2
f 1028/2/1 1035/2/1 1180/2/1 1176/2/1
f 1029/2/2 1177/2/2 1181/2/2 1037/2/2
f 1033/1/1 1040/1/1 1182/1/1 1178/1/1
f 1034/1/2 1179/1/2 1183/1/2 1041/1/2
f 1035/2/1 1042/2/1 1184/2/1 1180/2/1
f 1042/2/4 1043/2/4 1185/2/4 1184/2/4
f 1043/2/4 1045/2/4 1186/2/4 1185/2/4
f 1045/2/4 1047/2/4 1187/2/4 1186/2/4
f 1047/2/4 1049/2/4 1188/2/4 1187/2/4
f 1049/2/4 1051/2/4 1189/2/4 1188/2/4
f 1051/2/4 1052/2/4 1190/2/4 1189/2/4
f 1052/2/4 1053/2/4 1191/2/4 1190/2/4
f 1037/2/2 1181/2/2 1192/2/2 1193/2/2
f 1053/2/4 1193/2/4 1192/2/4 1191/2/4
f 1039/2/5 1037/2/5 1193/2/5 1053/2/5
f 1040/1/1 1056/1/1 1194/1/1 1182/1/1
f 1041/1/2 1183/1/2 1195/1/2 1057/1/2
f 1054/1/1 1058/1/1 1196/1/1 1197/1/1
f 1054/1/3 1197/1/3 1194/1/3 1056/1/3
f 1057/1/2 1195/1/2 1198/1/2 1059/1/2
f 1058/1/1 1060/1/1 1199/1/1 1196/1/1
f 1060/1/4 1061/1/4 1200/1/4 1199/1/4
f 1061/1/4 1062/1/4 1201/1/4 1200/1/4
f 1059/1/2 1198/1/2 1202/1/2 1063/1/2
f 1062/1/1 1064/1/1 1203/1/1 1201/1/1
f 1063/1/2 1202/1/2 1204/1/2 1065/1/2
f 1205/2/2 1206/2/2 1207/2/2 1208/2/2
f 1209/2/1 1210/2/1 1211/2/1 1212/2/1
f 1209/2/3 1212/2/3 1206/2/3 1205/2/3
f 1212/2/6 1211/2/6 1207/2/6 1206/2/6
f 1209/2/5 1205/2/5 1208/2/5 1210/2/5
f 1064/1/1 1066/1/1 1213/1/1 1203/1/1
f 1065/1/2 1204/1/2 1214/1/2 1067/1/2
f 1208/2/2 1207/2/2 1215/2/2 1082/2/2
f 1210/2/1 1078/2/1 1216/2/1 1211/2/1
f 1211/2/6 1216/2/6 1215/2/6 1207/2/6
f 1210/2/5 1208/2/5 1082/2/5 1078/2/5
f 1069/1/1 1068/1/1 1217/1/1 1218/1/1
f 1069/1/3 1218/1/3 1219/1/3 1070/1/3
f 1070/1/3 1219/1/3 1220/1/3 1071/1/3
f 1071/1/3 1220/1/3 1213/1/3 1066/1/3
f 1072/1/2 1221/1/2 1222/1/2 1073/1/2
f 1067/1/3 1214/1/3 1221/1/3 1072/1/3
f 1077/2/1 1076/2/1 1223/2/1 1224/2/1
f 1077/2/3 1224/2/3 1216/2/3 1078/2/3
f 1082/2/2 1215/2/2 1225/2/2 1083/2/2
f 1216/2/6 1226/2/6 1225/2/6 1215/2/6
f 1068/1/1 1084/1/1 1227/1/1 1217/1/1
f 1073/1/2 1222/1/2 1228/1/2 1085/1/2
f 1076/2/1 1087/2/1 1229/2/1 1223/2/1
f 1087/2/4 1089/2/4 1230/2/4 1229/2/4
f 1083/2/2 1225/2/2 1231/2/2 1090/2/2
f 1089/2/4 1090/2/4 1231/2/4 1230/2/4
f 1226/2/6 1230/2/6 1231/2/6 1225/2/6
f 1084/1/1 1091/1/1 1232/1/1 1227/1/1
f 1085/1/2 1228/1/2 1233/1/2 1092/1/2
f 1091/1/1 1093/1/1 1234/1/1 1232/1/1
f 1092/1/2 1233/1/2 1235/1/2 1094/1/2
f 1093/1/1 1095/1/1 1236/1/1 1234/1/1
f 1095/1/4 1096/1/4 1237/1/4 1236/1/4
f 1096/1/4 1097/1/4 1238/1/4 1237/1/4
f 1097/1/4 1098/1/4 1239/1/4 1238/1/4
f 1100/1/4 1099/1/4 1240/1/4 1241/1/4
f 1099/1/4 1101/1/4 1242/1/4 1240/1/4
f 1101/1/4 1102/1/4 1243/1/4 1242/1/4
f 1094/1/2 1235/1/2 1244/1/2 1103/1/2
f 1102/1/4 1103/1/4 1244/1/4 1243/1/4
f 1098/1/1 1104/1/1 1245/1/1 1239/1/1
f 1104/1/4 1105/1/4 1246/1/4 1245/1/4
f 1105/1/4 1106/1/4 1247/1/4 1246/1/4
f 1106/1/4 1107/1/4 1248/1/4 1247/1/4
f 1107/1/4 1108/1/4 1249/1/4 1248/1/4
f 1108/1/4 1109/1/4 1250/1/4 1249/1/4
f 1109/1/4 1110/1/4 1251/1/4 1250/1/4
f 1110/1/4 1111/1/4 1252/1/4 1251/1/4
f 1111/1/4 1112/1/4 1253/1/4 1252/1/4
f 1112/1/4 1113/1/4 1254/1/4 1253/1/4
f 1113/1/4 1114/1/4 1255/1/4 1254/1/4
f 1114/1/4 1115/1/4 1256/1/4 1255/1/4
f 1115/1/4 1116/1/4 1257/1/4 1256/1/4
f 1116/1/4 1117/1/4 1258/1/4 1257/1/4
f 1100/1/2 1241/1/2 1259/1/2 1118/1/2
f 1117/1/4 1118/1/4 1259/1/4 1258/1/4
f 1260/2/2 1261/2/2 1262/2/2 1263/2/2
f 1264/2/1 1265/2/1 1266/2/1 1267/2/1
f 1264/2/3 1267/2/3 1261/2/3 1260/2/3
f 1267/2/6 1266/2/6 1262/2/6 1261/2/6
f 1264/2/5 1260/2/5 1263/2/5 1265/2/5
f 1263/2/2 1262/2/2 1268/2/2 1121/2/2
f 1265/2/1 1120/2/1 1269/2/1 1266/2/1
f 1266/2/6 1269/2/6 1268/2/6 1262/2/6
f 1265/2/5 1263/2/5 1121/2/5 1120/2/5
f 1270/2/1 1271/2/1 1272/2/1 1273/2/1
f 1270/2/3 1273/2/3 1269/2/3 1120/2/3
f 1270/2/5 1120/2/5 1119/2/5 1271/2/5
f 1269/2/6 1274/2/6 1275/2/6 1268/2/6
f 1122/2/2 1276/2/2 1277/2/2 1123/2/2
f 1121/2/3 1268/2/3 1276/2/3 1122/2/3
f 1268/2/6 1275/2/6 1277/2/6 1276/2/6
f 1271/2/1 1278/2/1 1279/2/1 1272/2/1
f 1278/2/4 1124/2/4 1280/2/4 1279/2/4
f 1271/2/5 1119/2/5 1124/2/5 1278/2/5
f 1124/2/4 1125/2/4 1281/2/4 1280/2/4
f 1123/2/2 1277/2/2 1282/2/2 1126/2/2
f 1125/2/4 1126/2/4 1282/2/4 1281/2/4
f 1275/2/6 1281/2/6 1282/2/6 1277/2/6
f 1283/2/2 1284/2/2 1285/2/2 1286/2/2
f 1287/2/1 1288/2/1 1289/2/1 1290/2/1
f 1287/2/3 1290/2/3 1284/2/3 1283/2/3
f 1287/2/5 1283/2/5 1286/2/5 1288/2/5
f 1286/2/2 1285/2/2 1291/2/2 1292/2/2
f 1288/2/1 1293/2/1 1294/2/1 1289/2/1
f 1293/2/4 1292/2/4 1291/2/4 1294/2/4
f 1288/2/5 1286/2/5 1292/2/5 1293/2/5
f 1130/1/1 1129/1/1 1295/1/1 1296/1/1
f 1130/1/3 1296/1/3 1297/1/3 1127/1/3
f 1296/1/6 1295/1/6 1298/1/6 1297/1/6
f 1127/1/3 1297/1/3 1299/1/3 1132/1/3
f 1127/1/5 1132/1/5 1131/1/5 1128/1/5
f 1132/1/3 1299/1/3 1300/1/3 1133/1/3
f 1133/1/3 1300/1/3 1301/1/3 1134/1/3
f 1134/1/3 1301/1/3 1302/1/3 1135/1/3
f 1135/1/3 1302/1/3 1303/1/3 1136/1/3
f 1136/1/3 1303/1/3 1304/1/3 1137/1/3
f 1138/1/2 1305/1/2 1306/1/2 1139/1/2
f 1137/1/3 1304/1/3 1305/1/3 1138/1/3
f 1307/2/2 1308/2/2 1309/2/2 1161/2/2
f 1310/2/1 1160/2/1 1311/2/1 1312/2/1
f 1310/2/3 1312/2/3 1308/2/3 1307/2/3
f 1312/2/6 1311/2/6 1309/2/6 1308/2/6
f 1310/2/5 1307/2/5 1161/2/5 1160/2/5
f 1313/2/2 1314/2/2 1315/2/2 1163/2/2
f 1316/2/1 1162/2/1 1317/2/1 1318/2/1
f 1316/2/3 1318/2/3 1314/2/3 1313/2/3
f 1318/2/6 1317/2/6 1315/2/6 1314/2/6
f 1316/2/5 1313/2/5 1163/2/5 1162/2/5
f 1146/1/1 1145/1/1 1319/1/1 1320/1/1
f 1146/1/3 1320/1/3 1295/1/3 1129/1/3
f 1139/1/2 1306/1/2 1321/1/2 1147/1/2
f 1149/1/1 1148/1/1 1322/1/1 1323/1/1
f 1149/1/3 1323/1/3 1324/1/3 1150/1/3
f 1150/1/3 1324/1/3 1325/1/3 1151/1/3
f 1151/1/3 1325/1/3 1326/1/3 1152/1/3
f 1153/1/2 1327/1/2 1328/1/2 1154/1/2
f 1152/1/3 1326/1/3 1327/1/3 1153/1/3
f 1158/2/1 1157/2/1 1329/2/1 1330/2/1
f 1158/2/3 1330/2/3 1331/2/3 1155/2/3
f 1155/2/3 1331/2/3 1311/2/3 1160/2/3
f 1155/2/5 1160/2/5 1159/2/5 1156/2/5
f 1161/2/3 1309/2/3 1332/2/3 1143/2/3
f 1143/2/3 1332/2/3 1333/2/3 1142/2/3
f 1142/2/3 1333/2/3 1317/2/3 1162/2/3
f 1163/2/2 1315/2/2 1334/2/2 1166/2/2
f 1335/2/2 1336/2/2 1337/2/2 1338/2/2
f 1164/2/1 1165/2/1 1339/2/1 1340/2/1
f 1164/2/3 1340/2/3 1336/2/3 1335/2/3
f 1164/2/5 1335/2/5 1338/2/5 1165/2/5
f 1171/1/2 1341/1/2 1342/1/2 1170/1/2
f 1343/1/1 1344/1/1 1345/1/1 1346/1/1
f 1343/1/3 1346/1/3 1341/1/3 1171/1/3
f 1344/1/4 1170/1/4 1342/1/4 1345/1/4
f 1343/1/5 1171/1/5 1170/1/5 1344/1/5
f 1173/1/1 1172/1/1 1347/1/1 1348/1/1
f 1173/1/3 1348/1/3 1319/1/3 1145/1/3
f 1147/1/3 1321/1/3 1322/1/3 1148/1/3
f 1174/1/2 1349/1/2 1350/1/2 1175/1/2
f 1154/1/3 1328/1/3 1349/1/3 1174/1/3
f 1157/2/1 1176/2/1 1351/2/1 1329/2/1
f 1166/2/3 1334/2/3 1339/2/3 1165/2/3
f 1338/2/2 1337/2/2 1352/2/2 1353/2/2
f 1165/2/5 1338/2/5 1353/2/5 1177/2/5
f 1170/1/1 1178/1/1 1354/1/1 1342/1/1
f 1170/1/3 1342/1/3 1355/1/3 1168/1/3
f 1168/1/3 1355/1/3 1347/1/3 1172/1/3
f 1175/1/2 1350/1/2 1356/1/2 1179/1/2
f 1176/2/1 1180/2/1 1357/2/1 1351/2/1
f 1353/2/2 1352/2/2 1358/2/2 1359/2/2
f 1181/2/4 1359/2/4 1358/2/4 1360/2/4
f 1177/2/5 1353/2/5 1359/2/5 1181/2/5
f 1361/1/1 1362/1/1 1363/1/1 1364/1/1
f 1361/1/3 1364/1/3 1354/1/3 1178/1/3
f 1361/1/5 1178/1/5 1182/1/5 1362/1/5
f 1179/1/2 1356/1/2 1365/1/2 1183/1/2
f 1180/2/1 1184/2/1 1366/2/1 1357/2/1
f 1184/2/4 1185/2/4 1367/2/4 1366/2/4
f 1185/2/4 1186/2/4 1368/2/4 1367/2/4
f 1186/2/4 1187/2/4 1369/2/4 1368/2/4
f 1187/2/4 1188/2/4 1370/2/4 1369/2/4
f 1188/2/4 1189/2/4 1371/2/4 1370/2/4
f 1189/2/4 1190/2/4 1372/2/4 1371/2/4
f 1190/2/4 1191/2/4 1373/2/4 1372/2/4
f 1181/2/2 1360/2/2 1374/2/2 1192/2/2
f 1191/2/4 1192/2/4 1374/2/4 1373/2/4
f 1362/1/1 1197/1/1 1375/1/1 1363/1/1
f 1362/1/5 1182/1/5 1194/1/5 1197/1/5
f 1183/1/2 1365/1/2 1376/1/2 1195/1/2
f 1197/1/1 1196/1/1 1377/1/1 1375/1/1
f 1195/1/2 1376/1/2 1378/1/2 1198/1/2
f 1196/1/1 1199/1/1 1379/1/1 1377/1/1
f 1199/1/4 1200/1/4 1380/1/4 1379/1/4
f 1200/1/4 1201/1/4 1381/1/4 1380/1/4
f 1198/1/2 1378/1/2 1382/1/2 1202/1/2
f 1201/1/1 1203/1/1 1383/1/1 1381/1/1
f 1202/1/2 1382/1/2 1384/1/2 1204/1/2
f 1212/2/2 1385/2/2 1386/2/2 1211/2/2
f 1387/2/1 1388/2/1 1389/2/1 1390/2/1
f 1387/2/3 1390/2/3 1385/2/3 1212/2/3
f 1390/2/6 1389/2/6 1386/2/6 1385/2/6
f 1387/2/5 1212/2/5 1211/2/5 1388/2/5
f 1203/1/1 1213/1/1 1391/1/1 1383/1/1
f 1204/1/2 1384/1/2 1392/1/2 1214/1/2
f 1211/2/2 1386/2/2 1393/2/2 1216/2/2
f 1388/2/1 1224/2/1 1394/2/1 1389/2/1
f 1389/2/6 1394/2/6 1393/2/6 1386/2/6
f 1388/2/5 1211/2/5 1216/2/5 1224/2/5
f 1218/1/1 1217/1/1 1395/1/1 1396/1/1
f 1218/1/3 1396/1/3 1397/1/3 1219/1/3
f 1219/1/3 1397/1/3 1398/1/3 1220/1/3
f 1220/1/3 1398/1/3 1391/1/3 1213/1/3
f 1221/1/2 1399/1/2 1400/1/2 1222/1/2
f 1214/1/3 1392/1/3 1399/1/3 1221/1/3
f 1401/2/1 1402/2/1 1403/2/1 1404/2/1
f 1401/2/3 1404/2/3 1394/2/3 1224/2/3
f 1401/2/5 1224/2/5 1223/2/5 1402/2/5
f 1216/2/2 1393/2/2 1405/2/2 1226/2/2
f 1394/2/6 1406/2/6 1405/2/6 1393/2/6
f 1217/1/1 1227/1/1 1407/1/1 1395/1/1
f 1222/1/2 1400/1/2 1408/1/2 1228/1/2
f 1402/2/1 1409/2/1 1410/2/1 1403/2/1
f 1409/2/4 1229/2/4 1411/2/4 1410/2/4
f 1402/2/5 1223/2/5 1229/2/5 1409/2/5
f 1226/2/2 1405/2/2 1412/2/2 1230/2/2
f 1229/2/4 1230/2/4 1412/2/4 1411/2/4
f 1406/2/6 1411/2/6 1412/2/6 1405/2/6
f 1227/1/1 1232/1/1 1413/1/1 1407/1/1
f 1228/1/2 1408/1/2 1414/1/2 1233/1/2
f 1232/1/1 1234/1/1 1415/1/1 1413/1/1
f 1233/1/2 1414/1/2 1416/1/2 1235/1/2
f 1234/1/1 1236/1/1 1417/1/1 1415/1/1
f 1236/1/4 1237/1/4 1418/1/4 1417/1/4
f 1237/1/4 1238/1/4 1419/1/4 1418/1/4
f 1238/1/4 1239/1/4 1420/1/4 1419/1/4
f 1241/1/4 1240/1/4 1421/1/4 1422/1/4
f 1240/1/4 1242/1/4 1423/1/4 1421/1/4
f 1242/1/4 1243/1/4 1424/1/4 1423/1/4
f 1235/1/2 1416/1/2 1425/1/2 1244/1/2
f 1243/1/4 1244/1/4 1425/1/4 1424/1/4
f 1239/1/1 1245/1/1 1426/1/1 1420/1/1
f 1245/1/4 1246/1/4 1427/1/4 1426/1/4
f 1420/1/6 1426/1/6 1427/1/6 1428/1/6
f 1246/1/4 1247/1/4 1429/1/4 1427/1/4
f 1428/1/6 1427/1/6 1429/1/6 1430/1/6
f 1247/1/4 1248/1/4 1431/1/4 1429/1/4
f 1430/1/6 1429/1/6 1431/1/6 1432/1/6
f 1248/1/4 1249/1/4 1433/1/4 1431/1/4
f 1432/1/6 1431/1/6 1433/1/6 1434/1/6
f 1249/1/4 1250/1/4 1435/1/4 1433/1/4
f 1434/1/6 1433/1/6 1435/1/6 1436/1/6
f 1250/1/4 1251/1/4 1437/1/4 1435/1/4
f 1436/1/6 1435/1/6 1437/1/6 1438/1/6
f 1251/1/4 1252/1/4 1439/1/4 1437/1/4
f 1438/1/6 1437/1/6 1439/1/6 1440/1/6
f 1252/1/4 1253/1/4 1441/1/4 1439/1/4
f 1440/1/6 1439/1/6 1441/1/6 1442/1/6
f 1253/1/4 1254/1/4 1443/1/4 1441/1/4
f 1442/1/6 1441/1/6 1443/1/6 1444/1/6
f 1254/1/4 1255/1/4 1445/1/4 1443/1/4
f 1444/1/6 1443/1/6 1445/1/6 1446/1/6
f 1255/1/4 1256/1/4 1447/1/4 1445/1/4
f 1446/1/6 1445/1/6 1447/1/6 1448/1/6
f 1256/1/4 1257/1/4 1449/1/4 1447/1/4
f 1448/1/6 1447/1/6 1449/1/6 1450/1/6
f 1257/1/4 1258/1/4 1451/1/4 1449/1/4
f 1450/1/6 1449/1/6 1451/1/6 1452/1/6
f 1241/1/2 1422/1/2 1453/1/2 1259/1/2
f 1258/1/4 1259/1/4 1453/1/4 1451/1/4
f 1452/1/6 1451/1/6 1453/1/6 1422/1/6
f 1266/2/2 1454/2/2 1455/2/2 1269/2/2
f 1456/2/1 1273/2/1 1457/2/1 1458/2/1
f 1456/2/3 1458/2/3 1454/2/3 1266/2/3
f 1456/2/5 1266/2/5 1269/2/5 1273/2/5
f 1269/2/2 1455/2/2 1459/2/2 1274/2/2
f 1273/2/1 1272/2/1 1460/2/1 1457/2/1
f 1461/2/1 1462/2/1 1463/2/1 1464/2/1
f 1461/2/3 1464/2/3 1460/2/3 1272/2/3
f 1462/2/4 1279/2/4 1465/2/4 1463/2/4
f 1461/2/5 1272/2/5 1279/2/5 1462/2/5
f 1279/2/4 1280/2/4 1466/2/4 1465/2/4
f 1275/2/2 1467/2/2 1468/2/2 1281/2/2
f 1274/2/3 1459/2/3 1467/2/3 1275/2/3
f 1280/2/4 1281/2/4 1468/2/4 1466/2/4
f 1469/2/2 1470/2/2 1471/2/2 1284/2/2
f 1472/2/1 1290/2/1 1473/2/1 1474/2/1
f 1472/2/3 1474/2/3 1470/2/3 1469/2/3
f 1472/2/5 1469/2/5 1284/2/5 1290/2/5
f 1284/2/2 1471/2/2 1475/2/2 1285/2/2
f 1290/2/1 1289/2/1 1476/2/1 1473/2/1
f 1473/2/6 1476/2/6 1475/2/6 1471/2/6
f 1285/2/2 1475/2/2 1477/2/2 1291/2/2
f 1289/2/1 1294/2/1 1478/2/1 1476/2/1
f 1476/2/6 1478/2/6 1477/2/6 1475/2/6
f 1291/2/2 1477/2/2 1479/2/2 1480/2/2
f 1294/2/1 1481/2/1 1482/2/1 1478/2/1
f 1481/2/4 1480/2/4 1479/2/4 1482/2/4
f 1294/2/5 1291/2/5 1480/2/5 1481/2/5
f 1483/2/2 1484/2/2 1485/2/2 1486/2/2
f 1487/2/1 1488/2/1 1489/2/1 1490/2/1
f 1487/2/3 1490/2/3 1484/2/3 1483/2/3
f 1488/2/4 1486/2/4 1485/2/4 1489/2/4
f 1487/2/5 1483/2/5 1486/2/5 1488/2/5
f 1297/1/1 1298/1/1 1491/1/1 1492/1/1
f 1297/1/3 1492/1/3 1493/1/3 1299/1/3
f 1492/1/6 1491/1/6 1494/1/6 1493/1/6
f 1299/1/3 1493/1/3 1495/1/3 1300/1/3
f 1300/1/3 1495/1/3 1496/1/3 1301/1/3
f 1495/1/6 1497/1/6 1498/1/6 1496/1/6
f 1301/1/3 1496/1/3 1499/1/3 1302/1/3
f 1496/1/6 1498/1/6 1500/1/6 1499/1/6
f 1302/1/3 1499/1/3 1501/1/3 1303/1/3
f 1499/1/6 1500/1/6 1502/1/6 1501/1/6
f 1303/1/3 1501/1/3 1503/1/3 1304/1/3
f 1501/1/6 1502/1/6 1504/1/6 1503/1/6
f 1305/1/2 1505/1/2 1506/1/2 1306/1/2
f 1304/1/3 1503/1/3 1505/1/3 1305/1/3
f 1503/1/6 1504/1/6 1506/1/6 1505/1/6
f 1507/2/2 1508/2/2 1509/2/2 1331/2/2
f 1510/2/1 1330/2/1 1511/2/1 1512/2/1
f 1510/2/3 1512/2/3 1508/2/3 1507/2/3
f 1510/2/5 1507/2/5 1331/2/5 1330/2/5
f 1308/2/1 1309/2/1 1513/2/1 1514/2/1
f 1308/2/3 1514/2/3 1515/2/3 1516/2/3
f 1514/2/6 1513/2/6 1517/2/6 1515/2/6
f 1308/2/5 1516/2/5 1332/2/5 1309/2/5
f 1518/2/2 1519/2/2 1520/2/2 1333/2/2
f 1516/2/3 1515/2/3 1519/2/3 1518/2/3
f 1515/2/6 1517/2/6 1520/2/6 1519/2/6
f 1516/2/5 1518/2/5 1333/2/5 1332/2/5
f 1320/1/1 1319/1/1 1521/1/1 1522/1/1
f 1320/1/3 1522/1/3 1523/1/3 1295/1/3
f 1522/1/6 1521/1/6 1524/1/6 1523/1/6
f 1295/1/3 1523/1/3 1491/1/3 1298/1/3
f 1523/1/6 1524/1/6 1525/1/6 1491/1/6
f 1306/1/2 1506/1/2 1526/1/2 1321/1/2
f 1323/1/1 1322/1/1 1527/1/1 1528/1/1
f 1323/1/3 1528/1/3 1529/1/3 1324/1/3
f 1324/1/3 1529/1/3 1530/1/3 1325/1/3
f 1325/1/3 1530/1/3 1531/1/3 1326/1/3
f 1327/1/2 1532/1/2 1533/1/2 1328/1/2
f 1326/1/3 1531/1/3 1532/1/3 1327/1/3
f 1330/2/1 1329/2/1 1534/2/1 1511/2/1
f 1331/2/3 1509/2/3 1535/2/3 1311/2/3
f 1509/2/6 1536/2/6 1537/2/6 1535/2/6
f 1311/2/3 1535/2/3 1513/2/3 1309/2/3
f 1535/2/6 1537/2/6 1538/2/6 1513/2/6
f 1513/2/6 1538/2/6 1539/2/6 1517/2/6
f 1517/2/6 1539/2/6 1540/2/6 1520/2/6
f 1333/2/3 1520/2/3 1541/2/3 1317/2/3
f 1520/2/6 1540/2/6 1542/2/6 1541/2/6
f 1317/2/3 1541/2/3 1543/2/3 1315/2/3
f 1541/2/6 1542/2/6 1544/2/6 1543/2/6
f 1315/2/3 1543/2/3 1545/2/3 1340/2/3
f 1543/2/6 1544/2/6 1546/2/6 1545/2/6
f 1315/2/5 1340/2/5 1339/2/5 1334/2/5
f 1336/2/2 1547/2/2 1548/2/2 1337/2/2
f 1340/2/3 1545/2/3 1547/2/3 1336/2/3
f 1545/2/6 1546/2/6 1548/2/6 1547/2/6
f 1549/2/2 1550/2/2 1551/2/2 1552/2/2
f 1553/2/1 1554/2/1 1555/2/1 1556/2/1
f 1553/2/3 1556/2/3 1550/2/3 1549/2/3
f 1553/2/5 1549/2/5 1552/2/5 1554/2/5
f 1346/1/1 1345/1/1 1557/1/1 1558/1/1
f 1346/1/3 1558/1/3 1559/1/3 1341/1/3
f 1341/1/3 1559/1/3 1560/1/3 1561/1/3
f 1341/1/5 1561/1/5 1355/1/5 1342/1/5
f 1561/1/3 1560/1/3 1562/1/3 1348/1/3
f 1561/1/5 1348/1/5 1347/1/5 1355/1/5
f 1348/1/3 1562/1/3 1521/1/3 1319/1/3
f 1321/1/3 1526/1/3 1527/1/3 1322/1/3
f 1349/1/2 1563/1/2 1564/1/2 1350/1/2
f 1328/1/3 1533/1/3 1563/1/3 1349/1/3
f 1329/2/1 1351/2/1 1565/2/1 1534/2/1
f 1337/2/2 1548/2/2 1566/2/2 1352/2/2
f 1552/2/2 1551/2/2 1567/2/2 1568/2/2
f 1554/2/1 1569/2/1 1570/2/1 1555/2/1
f 1554/2/5 1552/2/5 1568/2/5 1569/2/5
f 1345/1/1 1364/1/1 1571/1/1 1557/1/1
f 1345/1/5 1342/1/5 1354/1/5 1364/1/5
f 1350/1/2 1564/1/2 1572/1/2 1356/1/2
f 1351/2/1 1357/2/1 1573/2/1 1565/2/1
f 1352/2/2 1566/2/2 1574/2/2 1358/2/2
f 1568/2/2 1567/2/2 1575/2/2 1576/2/2
f 1569/2/1 1577/2/1 1578/2/1 1570/2/1
f 1577/2/4 1576/2/4 1575/2/4 1578/2/4
f 1569/2/5 1568/2/5 1576/2/5 1577/2/5
f 1364/1/1 1363/1/1 1579/1/1 1571/1/1
f 1356/1/2 1572/1/2 1580/1/2 1365/1/2
f 1357/2/1 1366/2/1 1581/2/1 1573/2/1
f 1366/2/4 1367/2/4 1582/2/4 1581/2/4
f 1367/2/4 1368/2/4 1583/2/4 1582/2/4
f 1368/2/4 1369/2/4 1584/2/4 1583/2/4
f 1369/2/4 1370/2/4 1585/2/4 1584/2/4
f 1370/2/4 1371/2/4 1586/2/4 1585/2/4
f 1371/2/4 1372/2/4 1587/2/4 1586/2/4
f 1372/2/4 1373/2/4 1588/2/4 1587/2/4
f 1373/2/4 1374/2/4 1589/2/4 1588/2/4
f 1358/2/2 1574/2/2 1590/2/2 1591/2/2
f 1374/2/4 1591/2/4 1590/2/4 1589/2/4
f 1360/2/5 1358/2/5 1591/2/5 1374/2/5
f 1363/1/1 1375/1/1 1592/1/1 1579/1/1
f 1365/1/2 1580/1/2 1593/1/2 1376/1/2
f 1594/2/2 1595/2/2 1596/2/2 1597/2/2
f 1598/2/1 1599/2/1 1600/2/1 1601/2/1
f 1598/2/3 1601/2/3 1595/2/3 1594/2/3
f 1598/2/5 1594/2/5 1597/2/5 1599/2/5
f 1375/1/1 1377/1/1 1602/1/1 1592/1/1
f 1376/1/2 1593/1/2 1603/1/2 1378/1/2
f 1597/2/2 1596/2/2 1604/2/2 1605/2/2
f 1599/2/1 1606/2/1 1607/2/1 1600/2/1
f 1599/2/5 1597/2/5 1605/2/5 1606/2/5
f 1377/1/1 1379/1/1 1608/1/1 1602/1/1
f 1379/1/4 1380/1/4 1609/1/4 1608/1/4
f 1380/1/4 1381/1/4 1610/1/4 1609/1/4
f 1378/1/2 1603/1/2 1611/1/2 1382/1/2
f 1605/2/2 1604/2/2 1612/2/2 1390/2/2
f 1606/2/1 1613/2/1 1614/2/1 1607/2/1
f 1606/2/5 1605/2/5 1390/2/5 1613/2/5
f 1381/1/1 1383/1/1 1615/1/1 1610/1/1
f 1382/1/2 1611/1/2 1616/1/2 1384/1/2
f 1390/2/2 1612/2/2 1617/2/2 1389/2/2
f 1613/2/1 1618/2/1 1619/2/1 1614/2/1
f 1613/2/5 1390/2/5 1389/2/5 1618/2/5
f 1383/1/1 1391/1/1 1620/1/1 1615/1/1
f 1384/1/2 1616/1/2 1621/1/2 1392/1/2
f 1389/2/2 1617/2/2 1622/2/2 1394/2/2
f 1618/2/1 1404/2/1 1623/2/1 1619/2/1
f 1618/2/5 1389/2/5 1394/2/5 1404/2/5
f 1396/1/1 1395/1/1 1624/1/1 1625/1/1
f 1396/1/3 1625/1/3 1626/1/3 1397/1/3
f 1397/1/3 1626/1/3 1627/1/3 1398/1/3
f 1398/1/3 1627/1/3 1620/1/3 1391/1/3
f 1399/1/2 1628/1/2 1629/1/2 1400/1/2
f 1392/1/3 1621/1/3 1628/1/3 1399/1/3
f 1394/2/2 1622/2/2 1630/2/2 1406/2/2
f 1404/2/1 1403/2/1 1631/2/1 1623/2/1
f 1395/1/1 1407/1/1 1632/1/1 1624/1/1
f 1400/1/2 1629/1/2 1633/1/2 1408/1/2
f 1406/2/2 1630/2/2 1634/2/2 1411/2/2
f 1403/2/1 1410/2/1 1635/2/1 1631/2/1
f 1410/2/4 1411/2/4 1634/2/4 1635/2/4
f 1636/2/1 1637/2/1 1638/2/1 1639/2/1
f 1636/2/3 1639/2/3 1640/2/3 1641/2/3
f 1637/2/4 1642/2/4 1643/2/4 1638/2/4
f 1636/2/5 1641/2/5 1642/2/5 1637/2/5
f 1641/2/3 1640/2/3 1632/2/3 1407/2/3
f 1642/2/4 1413/2/4 1644/2/4 1643/2/4
f 1641/2/5 1407/2/5 1413/2/5 1642/2/5
f 1408/1/2 1633/1/2 1645/1/2 1414/1/2
f 1413/1/1 1415/1/1 1646/1/1 1644/1/1
f 1414/1/2 1645/1/2 1647/1/2 1416/1/2
f 1415/1/1 1417/1/1 1648/1/1 1646/1/1
f 1417/1/4 1418/1/4 1649/1/4 1648/1/4
f 1418/1/4 1419/1/4 1650/1/4 1649/1/4
f 1419/1/4 1420/1/4 1651/1/4 1650/1/4
f 1420/1/4 1428/1/4 1652/1/4 1651/1/4
f 1428/1/4 1430/1/4 1653/1/4 1652/1/4
f 1430/1/4 1432/1/4 1654/1/4 1653/1/4
f 1432/1/4 1434/1/4 1655/1/4 1654/1/4
f 1434/1/4 1436/1/4 1656/1/4 1655/1/4
f 1436/1/4 1438/1/4 1657/1/4 1656/1/4
f 1438/1/4 1440/1/4 1658/1/4 1657/1/4
f 1440/1/4 1442/1/4 1659/1/4 1658/1/4
f 1442/1/4 1444/1/4 1660/1/4 1659/1/4
f 1444/1/4 1446/1/4 1661/1/4 1660/1/4
f 1446/1/4 1448/1/4 1662/1/4 1661/1/4
f 1448/1/4 1450/1/4 1663/1/4 1662/1/4
f 1450/1/4 1452/1/4 1664/1/4 1663/1/4
f 1452/1/4 1422/1/4 1665/1/4 1664/1/4
f 1422/1/4 1421/1/4 1666/1/4 1665/1/4
f 1421/1/4 1423/1/4 1667/1/4 1666/1/4
f 1423/1/4 1424/1/4 1668/1/4 1667/1/4
f 1416/1/2 1647/1/2 1669/1/2 1425/1/2
f 1424/1/4 1425/1/4 1669/1/4 1668/1/4
f 1454/2/2 1670/2/2 1671/2/2 1455/2/2
f 1458/2/1 1457/2/1 1672/2/1 1673/2/1
f 1458/2/3 1673/2/3 1670/2/3 1454/2/3
f 1673/2/6 1672/2/6 1671/2/6 1670/2/6
f 1455/2/2 1671/2/2 1674/2/2 1459/2/2
f 1457/2/1 1460/2/1 1675/2/1 1672/2/1
f 1672/2/6 1675/2/6 1674/2/6 1671/2/6
f 1464/2/1 1463/2/1 1676/2/1 1677/2/1
f 1464/2/3 1677/2/3 1675/2/3 1460/2/3
f 1463/2/4 1465/2/4 1678/2/4 1676/2/4
f 1677/2/6 1676/2/6 1678/2/6 1675/2/6
f 1465/2/4 1466/2/4 1679/2/4 1678/2/4
f 1675/2/6 1678/2/6 1679/2/6 1674/2/6
f 1467/2/2 1680/2/2 1681/2/2 1468/2/2
f 1459/2/3 1674/2/3 1680/2/3 1467/2/3
f 1466/2/4 1468/2/4 1681/2/4 1679/2/4
f 1674/2/6 1679/2/6 1681/2/6 1680/2/6
f 1682/2/2 1683/2/2 1684/2/2 1470/2/2
f 1685/2/1 1474/2/1 1686/2/1 1687/2/1
f 1685/2/3 1687/2/3 1683/2/3 1682/2/3
f 1685/2/5 1682/2/5 1470/2/5 1474/2/5
f 1470/2/2 1684/2/2 1688/2/2 1471/2/2
f 1474/2/1 1473/2/1 1689/2/1 1686/2/1
f 1473/2/4 1471/2/4 1688/2/4 1689/2/4
f 1477/2/2 1690/2/2 1691/2/2 1479/2/2
f 1478/2/1 1482/2/1 1692/2/1 1693/2/1
f 1478/2/3 1693/2/3 1690/2/3 1477/2/3
f 1482/2/4 1479/2/4 1691/2/4 1692/2/4
f 1484/2/2 1694/2/2 1695/2/2 1485/2/2
f 1490/2/1 1489/2/1 1696/2/1 1697/2/1
f 1490/2/3 1697/2/3 1694/2/3 1484/2/3
f 1485/2/2 1695/2/2 1698/2/2 1699/2/2
f 1489/2/1 1700/2/1 1701/2/1 1696/2/1
f 1489/2/5 1485/2/5 1699/2/5 1700/2/5
f 1699/2/2 1698/2/2 1702/2/2 1508/2/2
f 1700/2/1 1512/2/1 1703/2/1 1701/2/1
f 1700/2/5 1699/2/5 1508/2/5 1512/2/5
f 1495/1/2 1704/1/2 1705/1/2 1497/1/2
f 1493/1/1 1494/1/1 1706/1/1 1707/1/1
f 1493/1/3 1707/1/3 1704/1/3 1495/1/3
f 1707/1/6 1706/1/6 1705/1/6 1704/1/6
f 1708/1/2 1709/1/2 1710/1/2 1529/1/2
f 1711/1/1 1528/1/1 1712/1/1 1713/1/1
f 1711/1/3 1713/1/3 1709/1/3 1708/1/3
f 1713/1/6 1712/1/6 1710/1/6 1709/1/6
f 1711/1/5 1708/1/5 1529/1/5 1528/1/5
f 1508/2/2 1702/2/2 1714/2/2 1509/2/2
f 1512/2/1 1511/2/1 1715/2/1 1703/2/1
f 1703/2/6 1715/2/6 1714/2/6 1702/2/6
f 1491/1/1 1525/1/1 1716/1/1 1717/1/1
f 1491/1/3 1717/1/3 1706/1/3 1494/1/3
f 1497/1/3 1705/1/3 1718/1/3 1498/1/3
f 1705/1/6 1719/1/6 1720/1/6 1718/1/6
f 1498/1/3 1718/1/3 1721/1/3 1500/1/3
f 1718/1/6 1720/1/6 1722/1/6 1721/1/6
f 1500/1/3 1721/1/3 1723/1/3 1502/1/3
f 1721/1/6 1722/1/6 1724/1/6 1723/1/6
f 1502/1/3 1723/1/3 1725/1/3 1504/1/3
f 1723/1/6 1724/1/6 1726/1/6 1725/1/6
f 1504/1/3 1725/1/3 1727/1/3 1506/1/3
f 1725/1/6 1726/1/6 1728/1/6 1727/1/6
f 1506/1/3 1727/1/3 1712/1/3 1528/1/3
f 1727/1/6 1728/1/6 1729/1/6 1712/1/6
f 1506/1/5 1528/1/5 1527/1/5 1526/1/5
f 1529/1/3 1710/1/3 1730/1/3 1530/1/3
f 1530/4/3 1730/4/3 1731/4/3 1531/4/3
f 1531/1/3 1731/1/3 1732/1/3 1532/1/3
f 1731/1/6 1733/1/6 1734/1/6 1732/1/6
f 1735/1/2 1736/1/2 1737/1/2 1563/1/2
f 1532/1/3 1732/1/3 1736/1/3 1735/1/3
f 1732/1/6 1734/1/6 1737/1/6 1736/1/6
f 1532/1/5 1735/1/5 1563/1/5 1533/1/5
f 1509/2/2 1714/2/2 1738/2/2 1536/2/2
f 1511/2/1 1534/2/1 1739/2/1 1715/2/1
f 1715/2/6 1739/2/6 1738/2/6 1714/2/6
f 1556/2/1 1555/2/1 1740/2/1 1741/2/1
f 1556/2/3 1741/2/3 1742/2/3 1550/2/3
f 1741/2/6 1740/2/6 1743/2/6 1742/2/6
f 1550/2/3 1742/2/3 1744/2/3 1745/2/3
f 1742/2/6 1743/2/6 1746/2/6 1744/2/6
f 1550/2/5 1745/2/5 1747/2/5 1551/2/5
f 1745/2/3 1744/2/3 1748/2/3 1749/2/3
f 1744/2/6 1746/2/6 1750/2/6 1748/2/6
f 1745/2/5 1749/2/5 1751/2/5 1747/2/5
f 1749/2/3 1748/2/3 1752/2/3 1753/2/3
f 1748/2/6 1750/2/6 1754/2/6 1752/2/6
f 1749/2/5 1753/2/5 1755/2/5 1751/2/5
f 1756/2/2 1757/2/2 1758/2/2 1759/2/2
f 1753/2/3 1752/2/3 1757/2/3 1756/2/3
f 1752/2/6 1754/2/6 1758/2/6 1757/2/6
f 1753/2/5 1756/2/5 1759/2/5 1755/2/5
f 1558/1/1 1557/1/1 1760/1/1 1761/1/1
f 1558/1/3 1761/1/3 1762/1/3 1559/1/3
f 1559/1/3 1762/1/3 1763/1/3 1560/1/3
f 1560/1/3 1763/1/3 1764/1/3 1562/1/3
f 1562/1/3 1764/1/3 1765/1/3 1521/1/3
f 1764/1/6 1766/1/6 1767/1/6 1765/1/6
f 1521/1/3 1765/1/3 1768/1/3 1524/1/3
f 1524/1/3 1768/1/3 1716/1/3 1525/1/3
f 1563/1/2 1737/1/2 1769/1/2 1564/1/2
f 1534/2/1 1565/2/1 1770/2/1 1739/2/1
f 1536/2/3 1738/2/3 1771/2/3 1537/2/3
f 1537/2/3 1771/2/3 1772/2/3 1538/2/3
f 1538/2/3 1772/2/3 1773/2/3 1539/2/3
f 1539/2/3 1773/2/3 1774/2/3 1540/2/3
f 1540/2/3 1774/2/3 1775/2/3 1542/2/3
f 1542/2/3 1775/2/3 1776/2/3 1544/2/3
f 1544/2/3 1776/2/3 1777/2/3 1546/2/3
f 1546/2/3 1777/2/3 1778/2/3 1548/2/3
f 1779/2/2 1780/2/2 1781/2/2 1782/2/2
f 1548/2/3 1778/2/3 1780/2/3 1779/2/3
f 1548/2/5 1779/2/5 1782/2/5 1566/2/5
f 1783/2/1 1784/2/1 1785/2/1 1786/2/1
f 1783/2/3 1786/2/3 1787/2/3 1788/2/3
f 1783/2/5 1788/2/5 1789/2/5 1784/2/5
f 1788/2/3 1787/2/3 1790/2/3 1791/2/3
f 1788/2/5 1791/2/5 1792/2/5 1789/2/5
f 1791/2/3 1790/2/3 1740/2/3 1555/2/3
f 1791/2/5 1555/2/5 1570/2/5 1792/2/5
f 1551/2/5 1747/2/5 1793/2/5 1567/2/5
f 1747/2/5 1751/2/5 1794/2/5 1793/2/5
f 1751/2/5 1755/2/5 1795/2/5 1794/2/5
f 1755/2/5 1759/2/5 1796/2/5 1795/2/5
f 1759/2/3 1758/2/3 1760/2/3 1557/2/3
f 1759/2/5 1557/2/5 1571/2/5 1796/2/5
f 1564/1/2 1769/1/2 1797/1/2 1572/1/2
f 1565/2/1 1573/2/1 1798/2/1 1770/2/1
f 1782/2/2 1781/2/2 1799/2/2 1800/2/2
f 1566/2/5 1782/2/5 1800/2/5 1574/2/5
f 1784/2/1 1801/2/1 1802/2/1 1785/2/1
f 1784/2/5 1789/2/5 1803/2/5 1801/2/5
f 1789/2/5 1792/2/5 1804/2/5 1803/2/5
f 1792/2/5 1570/2/5 1578/2/5 1804/2/5
f 1567/2/5 1793/2/5 1805/2/5 1575/2/5
f 1793/2/5 1794/2/5 1806/2/5 1805/2/5
f 1794/2/5 1795/2/5 1807/2/5 1806/2/5
f 1795/2/5 1796/2/5 1808/2/5 1807/2/5
f 1796/2/5 1571/2/5 1579/2/5 1808/2/5
f 1572/1/2 1797/1/2 1809/1/2 1580/1/2
f 1573/2/1 1581/2/1 1810/2/1 1798/2/1
f 1800/2/2 1799/2/2 1811/2/2 1812/2/2
f 1574/2/5 1800/2/5 1812/2/5 1590/2/5
f 1801/2/1 1813/2/1 1814/2/1 1802/2/1
f 1801/2/5 1803/2/5 1815/2/5 1813/2/5
f 1803/2/5 1804/2/5 1816/2/5 1815/2/5
f 1804/2/5 1578/2/5 1601/2/5 1816/2/5
f 1578/2/5 1575/2/5 1595/2/5 1601/2/5
f 1575/2/5 1805/2/5 1817/2/5 1595/2/5
f 1805/2/5 1806/2/5 1818/2/5 1817/2/5
f 1806/2/5 1807/2/5 1819/2/5 1818/2/5
f 1807/2/5 1808/2/5 1820/2/5 1819/2/5
f 1808/2/5 1579/2/5 1592/2/5 1820/2/5
f 1580/1/2 1809/1/2 1821/1/2 1593/1/2
f 1581/2/1 1822/2/1 1823/2/1 1810/2/1
f 1581/2/5 1582/2/5 1824/2/5 1822/2/5
f 1582/2/5 1583/2/5 1825/2/5 1824/2/5
f 1583/2/5 1584/2/5 1826/2/5 1825/2/5
f 1584/2/5 1585/2/5 1827/2/5 1826/2/5
f 1585/2/5 1586/2/5 1828/2/5 1827/2/5
f 1586/2/5 1587/2/5 1829/2/5 1828/2/5
f 1587/2/5 1588/2/5 1830/2/5 1829/2/5
f 1588/2/5 1589/2/5 1831/2/5 1830/2/5
f 1589/2/5 1590/2/5 1832/2/5 1831/2/5
f 1812/2/2 1811/2/2 1833/2/2 1834/2/2
f 1590/2/5 1812/2/5 1834/2/5 1832/2/5
f 1813/2/1 1835/2/1 1836/2/1 1814/2/1
f 1813/2/5 1815/2/5 1837/2/5 1835/2/5
f 1815/2/5 1816/2/5 1838/2/5 1837/2/5
f 1816/2/5 1601/2/5 1600/2/5 1838/2/5
f 1595/2/5 1817/2/5 1839/2/5 1596/2/5
f 1817/2/5 1818/2/5 1840/2/5 1839/2/5
f 1818/2/5 1819/2/5 1841/2/5 1840/2/5
f 1819/2/5 1820/2/5 1842/2/5 1841/2/5
f 1820/2/5 1592/2/5 1602/2/5 1842/2/5
f 1593/1/2 1821/1/2 1843/1/2 1603/1/2
f 1822/2/1 1844/2/1 1845/2/1 1823/2/1
f 1822/2/5 1824/2/5 1846/2/5 1844/2/5
f 1824/2/5 1825/2/5 1847/2/5 1846/2/5
f 1825/2/5 1826/2/5 1848/2/5 1847/2/5
f 1826/2/5 1827/2/5 1849/2/5 1848/2/5
f 1827/2/5 1828/2/5 1850/2/5 1849/2/5
f 1828/2/5 1829/2/5 1851/2/5 1850/2/5
f 1829/2/5 1830/2/5 1852/2/5 1851/2/5
f 1830/2/5 1831/2/5 1853/2/5 1852/2/5
f 1831/2/5 1832/2/5 1854/2/5 1853/2/5
f 1834/2/2 1833/2/2 1855/2/2 1856/2/2
f 1854/2/4 1856/2/4 1855/2/4 1857/2/4
f 1832/2/5 1834/2/5 1856/2/5 1854/2/5
f 1835/2/1 1858/2/1 1859/2/1 1836/2/1
f 1835/2/5 1837/2/5 1860/2/5 1858/2/5
f 1837/2/5 1838/2/5 1861/2/5 1860/2/5
f 1838/2/5 1600/2/5 1607/2/5 1861/2/5
f 1596/2/5 1839/2/5 1862/2/5 1604/2/5
f 1839/2/5 1840/2/5 1863/2/5 1862/2/5
f 1840/2/5 1841/2/5 1864/2/5 1863/2/5
f 1841/2/5 1842/2/5 1865/2/5 1864/2/5
f 1842/2/5 1602/2/5 1608/2/5 1865/2/5
f 1603/1/2 1843/1/2 1866/1/2 1611/1/2
f 1844/2/1 1867/2/1 1868/2/1 1845/2/1
f 1844/2/5 1846/2/5 1869/2/5 1867/2/5
f 1846/2/5 1847/2/5 1870/2/5 1869/2/5
f 1847/2/5 1848/2/5 1871/2/5 1870/2/5
f 1848/2/5 1849/2/5 1872/2/5 1871/2/5
f 1849/2/5 1850/2/5 1873/2/5 1872/2/5
f 1850/2/5 1851/2/5 1874/2/5 1873/2/5
f 1851/2/5 1852/2/5 1875/2/5 1874/2/5
f 1852/2/5 1853/2/5 1876/2/5 1875/2/5
f 1854/2/2 1857/2/2 1877/2/2 1878/2/2
f 1876/2/4 1878/2/4 1877/2/4 1879/2/4
f 1853/2/5 1854/2/5 1878/2/5 1876/2/5
f 1858/2/1 1880/2/1 1881/2/1 1859/2/1
f 1880/2/4 1882/2/4 1883/2/4 1881/2/4
f 1858/2/5 1860/2/5 1882/2/5 1880/2/5
f 1860/2/5 1861/2/5 1884/2/5 1882/2/5
f 1861/2/5 1607/2/5 1614/2/5 1884/2/5
f 1604/2/5 1862/2/5 1885/2/5 1612/2/5
f 1862/2/5 1863/2/5 1886/2/5 1885/2/5
f 1863/2/5 1864/2/5 1887/2/5 1886/2/5
f 1864/2/5 1865/2/5 1888/2/5 1887/2/5
f 1865/2/5 1608/2/5 1889/2/5 1888/2/5
f 1608/2/5 1609/2/5 1890/2/5 1889/2/5
f 1609/2/5 1610/2/5 1615/2/5 1890/2/5
f 1611/1/2 1866/1/2 1891/1/2 1616/1/2
f 1867/2/1 1892/2/1 1893/2/1 1868/2/1
f 1867/2/5 1869/2/5 1894/2/5 1892/2/5
f 1869/2/5 1870/2/5 1895/2/5 1894/2/5
f 1870/2/5 1871/2/5 1896/2/5 1895/2/5
f 1871/2/5 1872/2/5 1897/2/5 1896/2/5
f 1872/2/5 1873/2/5 1898/2/5 1897/2/5
f 1873/2/5 1874/2/5 1899/2/5 1898/2/5
f 1874/2/5 1875/2/5 1900/2/5 1899/2/5
f 1876/2/2 1879/2/2 1901/2/2 1902/2/2
f 1875/2/5 1876/2/5 1902/2/5 1900/2/5
f 1882/2/1 1903/2/1 1904/2/1 1883/2/1
f 1882/2/5 1884/2/5 1905/2/5 1903/2/5
f 1884/2/5 1614/2/5 1619/2/5 1905/2/5
f 1612/2/5 1885/2/5 1906/2/5 1617/2/5
f 1885/2/5 1886/2/5 1907/2/5 1906/2/5
f 1886/2/5 1887/2/5 1908/2/5 1907/2/5
f 1887/2/5 1888/2/5 1625/2/5 1908/2/5
f 1888/2/5 1889/2/5 1626/2/5 1625/2/5
f 1889/2/5 1890/2/5 1627/2/5 1626/2/5
f 1890/2/5 1615/2/5 1620/2/5 1627/2/5
f 1616/1/2 1891/1/2 1909/1/2 1621/1/2
f 1892/2/1 1910/2/1 1911/2/1 1893/2/1
f 1892/2/5 1894/2/5 1912/2/5 1910/2/5
f 1894/2/5 1895/2/5 1913/2/5 1912/2/5
f 1895/2/5 1896/2/5 1914/2/5 1913/2/5
f 1896/2/5 1897/2/5 1915/2/5 1914/2/5
f 1897/2/5 1898/2/5 1916/2/5 1915/2/5
f 1898/2/5 1899/2/5 1917/2/5 1916/2/5
f 1899/2/5 1900/2/5 1918/2/5 1917/2/5
f 1918/2/4 1919/2/4 1920/2/4 1921/2/4
f 1900/2/5 1902/2/5 1919/2/5 1918/2/5
f 1902/2/3 1901/2/3 1922/2/3 1923/2/3
f 1902/2/5 1923/2/5 1924/2/5 1919/2/5
f 1925/2/2 1926/2/2 1927/2/2 1928/2/2
f 1923/2/3 1922/2/3 1926/2/3 1925/2/3
f 1923/2/5 1925/2/5 1928/2/5 1924/2/5
f 1903/2/1 1929/2/1 1930/2/1 1904/2/1
f 1903/2/5 1905/2/5 1931/2/5 1929/2/5
f 1905/2/5 1619/2/5 1623/2/5 1931/2/5
f 1617/2/5 1906/2/5 1932/2/5 1622/2/5
f 1906/2/5 1907/2/5 1933/2/5 1932/2/5
f 1907/2/5 1908/2/5 1934/2/5 1933/2/5
f 1908/2/5 1625/2/5 1624/2/5 1934/2/5
f 1628/1/2 1935/1/2 1936/1/2 1629/1/2
f 1621/1/3 1909/1/3 1935/1/3 1628/1/3
f 1910/2/1 1937/2/1 1938/2/1 1911/2/1
f 1910/2/5 1912/2/5 1939/2/5 1937/2/5
f 1912/2/5 1913/2/5 1940/2/5 1939/2/5
f 1913/2/5 1914/2/5 1941/2/5 1940/2/5
f 1914/2/5 1915/2/5 1942/2/5 1941/2/5
f 1915/2/5 1916/2/5 1943/2/5 1942/2/5
f 1916/2/5 1917/2/5 1944/2/5 1943/2/5
f 1918/2/2 1921/2/2 1945/2/2 1946/2/2
f 1917/2/5 1918/2/5 1946/2/5 1944/2/5
f 1919/2/1 1947/2/1 1948/2/1 1920/2/1
f 1919/2/5 1924/2/5 1949/2/5 1947/2/5
f 1928/2/2 1927/2/2 1950/2/2 1951/2/2
f 1924/2/5 1928/2/5 1951/2/5 1949/2/5
f 1952/2/1 1953/2/1 1954/2/1 1955/2/1
f 1952/2/3 1955/2/3 1930/2/3 1929/2/3
f 1952/2/5 1929/2/5 1956/2/5 1953/2/5
f 1929/2/5 1931/2/5 1957/2/5 1956/2/5
f 1931/2/5 1623/2/5 1631/2/5 1957/2/5
f 1622/2/5 1932/2/5 1958/2/5 1630/2/5
f 1932/2/5 1933/2/5 1639/2/5 1958/2/5
f 1933/2/5 1934/2/5 1640/2/5 1639/2/5
f 1934/2/5 1624/2/5 1632/2/5 1640/2/5
f 1629/1/2 1936/1/2 1959/1/2 1633/1/2
f 1937/2/1 1960/2/1 1961/2/1 1938/2/1
f 1960/2/4 1962/2/4 1963/2/4 1961/2/4
f 1937/2/5 1939/2/5 1962/2/5 1960/2/5
f 1962/2/4 1964/2/4 1965/2/4 1963/2/4
f 1939/2/5 1940/2/5 1964/2/5 1962/2/5
f 1964/2/4 1966/2/4 1967/2/4 1965/2/4
f 1940/2/5 1941/2/5 1966/2/5 1964/2/5
f 1966/2/4 1968/2/4 1969/2/4 1967/2/4
f 1941/2/5 1942/2/5 1968/2/5 1966/2/5
f 1968/2/4 1970/2/4 1971/2/4 1969/2/4
f 1942/2/5 1943/2/5 1970/2/5 1968/2/5
f 1970/2/4 1972/2/4 1973/2/4 1971/2/4
f 1943/2/5 1944/2/5 1972/2/5 1970/2/5
f 1946/2/2 1945/2/2 1974/2/2 1975/2/2
f 1972/2/4 1975/2/4 1974/2/4 1973/2/4
f 1944/2/5 1946/2/5 1975/2/5 1972/2/5
f 1947/2/1 1976/2/1 1977/2/1 1948/2/1
f 1976/2/4 1978/2/4 1979/2/4 1977/2/4
f 1947/2/5 1949/2/5 1978/2/5 1976/2/5
f 1951/2/2 1950/2/2 1980/2/2 1981/2/2
f 1978/2/4 1981/2/4 1980/2/4 1979/2/4
f 1949/2/5 1951/2/5 1981/2/5 1978/2/5
f 1953/2/1 1982/2/1 1983/2/1 1954/2/1
f 1982/2/4 1984/2/4 1985/2/4 1983/2/4
f 1953/2/5 1956/2/5 1984/2/5 1982/2/5
f 1984/2/4 1986/2/4 1987/2/4 1985/2/4
f 1956/2/5 1957/2/5 1986/2/5 1984/2/5
f 1986/2/4 1635/2/4 1988/2/4 1987/2/4
f 1957/2/5 1631/2/5 1635/2/5 1986/2/5
f 1635/2/4 1634/2/4 1989/2/4 1988/2/4
f 1634/2/4 1990/2/4 1991/2/4 1989/2/4
f 1630/2/5 1958/2/5 1990/2/5 1634/2/5
f 1990/2/4 1638/2/4 1992/2/4 1991/2/4
f 1958/2/5 1639/2/5 1638/2/5 1990/2/5
f 1638/2/4 1643/2/4 1993/2/4 1992/2/4
f 1643/2/4 1644/2/4 1994/2/4 1993/2/4
f 1633/1/2 1959/1/2 1995/1/2 1645/1/2
f 1644/1/1 1646/1/1 1996/1/1 1994/1/1
f 1645/1/2 1995/1/2 1997/1/2 1647/1/2
f 1646/1/1 1648/1/1 1998/1/1 1996/1/1
f 1648/1/4 1649/1/4 1999/1/4 1998/1/4
f 1649/1/4 1650/1/4 2000/1/4 1999/1/4
f 1650/1/4 1651/1/4 2001/1/4 2000/1/4
f 1651/1/4 1652/1/4 2002/1/4 2001/1/4
f 1652/1/4 1653/1/4 2003/1/4 2002/1/4
f 1653/1/4 1654/1/4 2004/1/4 2003/1/4
f 1654/1/4 1655/1/4 2005/1/4 2004/1/4
f 1655/1/4 1656/1/4 2006/1/4 2005/1/4
f 1656/1/4 1657/1/4 2007/1/4 2006/1/4
f 1657/1/4 1658/1/4 2008/1/4 2007/1/4
f 1658/1/4 1659/1/4 2009/1/4 2008/1/4
f 1659/1/4 1660/1/4 2010/1/4 2009/1/4
f 1660/1/4 1661/1/4 2011/1/4 2010/1/4
f 1661/1/4 1662/1/4 2012/1/4 2011/1/4
f 1662/1/4 1663/1/4 2013/1/4 2012/1/4
f 1663/1/4 1664/1/4 2014/1/4 2013/1/4
f 1664/1/4 1665/1/4 2015/1/4 2014/1/4
f 1665/1/4 1666/1/4 2016/1/4 2015/1/4
f 1666/1/4 1667/1/4 2017/1/4 2016/1/4
f 1667/1/4 1668/1/4 2018/1/4 2017/1/4
f 1647/1/2 1997/1/2 2019/1/2 1669/1/2
f 1668/1/4 1669/1/4 2019/1/4 2018/1/4
f 2020/2/2 2021/2/2 2022/2/2 1683/2/2
f 2023/2/1 1687/2/1 2024/2/1 2025/2/1
f 2023/2/3 2025/2/3 2021/2/3 2020/2/3
f 2025/2/6 2024/2/6 2022/2/6 2021/2/6
f 2023/2/5 2020/2/5 1683/2/5 1687/2/5
f 1683/2/2 2022/2/2 2026/2/2 1684/2/2
f 1687/2/1 1686/2/1 2027/2/1 2024/2/1
f 2024/2/6 2027/2/6 2026/2/6 2022/2/6
f 1684/2/2 2026/2/2 2028/2/2 1688/2/2
f 1686/2/1 1689/2/1 2029/2/1 2027/2/1
f 1689/2/4 1688/2/4 2028/2/4 2029/2/4
f 2027/2/6 2029/2/6 2028/2/6 2026/2/6
f 1690/2/2 2030/2/2 2031/2/2 1691/2/2
f 1693/2/1 1692/2/1 2032/2/1 2033/2/1
f 1693/2/3 2033/2/3 2030/2/3 1690/2/3
f 1692/2/4 1691/2/4 2031/2/4 2032/2/4
f 1697/2/1 1696/2/1 2034/2/1 2035/2/1
f 1697/2/3 2035/2/3 2036/2/3 1694/2/3
f 2037/2/2 2038/2/2 2039/2/2 2040/2/2
f 1694/2/3 2036/2/3 2038/2/3 2037/2/3
f 1695/2/4 2040/2/4 2039/2/4 2041/2/4
f 2036/2/6 2041/2/6 2039/2/6 2038/2/6
f 1694/2/5 2037/2/5 2040/2/5 1695/2/5
f 1695/2/2 2041/2/2 2042/2/2 1698/2/2
f 1696/2/1 1701/2/1 2043/2/1 2034/2/1
f 1698/2/2 2042/2/2 2044/2/2 1702/2/2
f 1701/2/1 1703/2/1 2045/2/1 2043/2/1
f 1703/2/4 1702/2/4 2044/2/4 2045/2/4
f 2046/1/1 1765/1/1 2047/1/1 2048/1/1
f 2046/1/3 2048/1/3 2049/1/3 2050/1/3
f 2046/1/5 2050/1/5 1768/1/5 1765/1/5
f 2050/1/3 2049/1/3 2051/1/3 1717/1/3
f 2050/1/5 1717/1/5 1716/1/5 1768/1/5
f 1717/1/3 2051/1/3 2052/1/3 1706/1/3
f 1705/1/2 2053/1/2 2054/1/2 1719/1/2
f 1706/1/3 2052/1/3 2053/1/3 1705/1/3
f 2052/1/6 2055/1/6 2054/1/6 2053/1/6
f 1712/1/1 1729/1/1 2056/1/1 2057/1/1
f 1712/1/3 2057/1/3 2058/1/3 1710/1/3
f 1710/1/3 2058/1/3 2059/1/3 1730/1/3
f 1731/1/2 2060/1/2 2061/1/2 1733/1/2
f 1730/1/3 2059/1/3 2060/1/3 1731/1/3
f 1761/1/1 1760/1/1 2062/1/1 2063/1/1
f 1761/1/3 2063/1/3 2064/1/3 1762/1/3
f 1762/2/3 2064/2/3 2065/2/3 1763/2/3
f 1764/1/2 2066/1/2 2067/1/2 1766/1/2
f 1763/1/3 2065/1/3 2066/1/3 1764/1/3
f 1765/1/1 1767/1/1 2068/1/1 2047/1/1
f 1719/1/3 2054/1/3 2069/1/3 1720/1/3
f 1720/1/3 2069/1/3 2070/1/3 1722/1/3
f 1722/1/3 2070/1/3 2071/1/3 1724/1/3
f 1724/4/3 2071/4/3 2072/4/3 1726/4/3
f 1726/1/3 2072/1/3 2073/1/3 1728/1/3
f 1728/1/3 2073/1/3 2056/1/3 1729/1/3
f 1733/1/3 2061/1/3 2074/1/3 1734/1/3
f 1737/1/2 2075/1/2 2076/1/2 1769/1/2
f 1734/1/3 2074/1/3 2075/1/3 1737/1/3
f 1739/2/1 1770/2/1 2077/2/1 2078/2/1
f 1739/2/3 2078/2/3 2079/2/3 1738/2/3
f 1738/2/3 2079/2/3 2080/2/3 1771/2/3
f 1771/2/3 2080/2/3 2081/2/3 1772/2/3
f 1772/2/3 2081/2/3 2082/2/3 1773/2/3
f 1773/2/3 2082/2/3 2083/2/3 1774/2/3
f 1774/2/3 2083/2/3 2084/2/3 1775/2/3
f 1775/2/3 2084/2/3 2085/2/3 1776/2/3
f 1776/2/3 2085/2/3 2086/2/3 1777/2/3
f 1777/5/3 2086/5/3 2087/5/3 1778/5/3
f 1778/2/3 2087/2/3 2088/2/3 1780/2/3
f 1780/2/3 2088/2/3 2089/2/3 1786/2/3
f 1780/2/5 1786/2/5 1785/2/5 1781/2/5
f 1786/2/3 2089/2/3 2090/2/3 1787/2/3
f 1787/2/3 2090/2/3 2091/2/3 1790/2/3
f 1790/2/3 2091/2/3 2092/2/3 1740/2/3
f 1740/2/3 2092/2/3 2093/2/3 1743/2/3
f 1743/2/3 2093/2/3 2094/2/3 1746/2/3
f 1746/2/3 2094/2/3 2095/2/3 1750/2/3
f 1750/2/3 2095/2/3 2096/2/3 1754/2/3
f 1754/2/3 2096/2/3 2097/2/3 1758/2/3
f 1758/2/3 2097/2/3 2062/2/3 1760/2/3
f 1766/1/3 2067/1/3 2068/1/3 1767/1/3
f 1769/1/2 2076/1/2 2098/1/2 1797/1/2
f 1770/2/1 1798/2/1 2099/2/1 2077/2/1
f 1781/2/5 1785/2/5 1802/2/5 1799/2/5
f 1797/1/2 2098/1/2 2100/1/2 1809/1/2
f 1798/2/1 1810/2/1 2101/2/1 2099/2/1
f 1799/2/5 1802/2/5 1814/2/5 1811/2/5
f 1809/1/2 2100/1/2 2102/1/2 1821/1/2
f 1810/2/1 1823/2/1 2103/2/1 2101/2/1
f 1811/2/5 1814/2/5 1836/2/5 1833/2/5
f 1821/1/2 2102/1/2 2104/1/2 1843/1/2
f 1823/2/1 1845/2/1 2105/2/1 2103/2/1
f 1833/2/5 1836/2/5 1859/2/5 1855/2/5
f 1843/1/2 2104/1/2 2106/1/2 1866/1/2
f 1845/2/1 1868/2/1 2107/2/1 2105/2/1
f 1857/2/5 1855/2/5 2108/2/5 1877/2/5
f 1855/2/5 1859/2/5 1881/2/5 2108/2/5
f 1866/1/2 2106/1/2 2109/1/2 1891/1/2
f 1868/2/1 1893/2/1 2110/2/1 2107/2/1
f 1879/2/5 1877/2/5 1922/2/5 1901/2/5
f 1877/2/5 2108/2/5 1926/2/5 1922/2/5
f 2108/2/5 1881/2/5 2111/2/5 1926/2/5
f 1881/2/5 1883/2/5 1904/2/5 2111/2/5
f 1891/1/2 2109/1/2 2112/1/2 1909/1/2
f 1893/2/1 1911/2/1 2113/2/1 2110/2/1
f 1926/2/5 2111/2/5 1955/2/5 1927/2/5
f 2111/2/5 1904/2/5 1930/2/5 1955/2/5
f 1935/1/2 2114/1/2 2115/1/2 1936/1/2
f 1909/1/3 2112/1/3 2114/1/3 1935/1/3
f 1911/2/1 1938/2/1 2116/2/1 2113/2/1
f 1921/2/5 1920/2/5 1948/2/5 1945/2/5
f 1927/2/5 1955/2/5 1954/2/5 1950/2/5
f 1936/1/2 2115/1/2 2117/1/2 1959/1/2
f 1938/2/1 1961/2/1 2118/2/1 2116/2/1
f 1961/2/4 1963/2/4 2119/2/4 2118/2/4
f 1963/2/4 1965/2/4 2120/2/4 2119/2/4
f 1965/2/4 1967/2/4 2121/2/4 2120/2/4
f 1967/2/4 1969/2/4 2122/2/4 2121/2/4
f 1969/2/4 1971/2/4 2123/2/4 2122/2/4
f 1971/2/4 1973/2/4 2124/2/4 2123/2/4
f 1973/2/4 1974/2/4 2125/2/4 2124/2/4
f 1974/2/4 1977/2/4 2126/2/4 2125/2/4
f 1945/2/5 1948/2/5 1977/2/5 1974/2/5
f 1977/2/4 1979/2/4 2127/2/4 2126/2/4
f 1979/2/4 1980/2/4 2128/2/4 2127/2/4
f 1980/2/4 1983/2/4 2129/2/4 2128/2/4
f 1950/2/5 1954/2/5 1983/2/5 1980/2/5
f 1983/2/4 1985/2/4 2130/2/4 2129/2/4
f 1985/2/4 1987/2/4 2131/2/4 2130/2/4
f 1987/2/4 1988/2/4 2132/2/4 2131/2/4
f 1988/2/4 1989/2/4 2133/2/4 2132/2/4
f 1989/2/4 1991/2/4 2134/2/4 2133/2/4
f 1991/2/4 1992/2/4 2135/2/4 2134/2/4
f 1992/2/4 1993/2/4 2136/2/4 2135/2/4
f 1993/2/4 1994/2/4 2137/2/4 2136/2/4
f 1959/1/2 2117/1/2 2138/1/2 1995/1/2
f 1994/1/1 1996/1/1 2139/1/1 2137/1/1
f 1995/1/2 2138/1/2 2140/1/2 1997/1/2
f 1996/1/1 1998/1/1 2141/1/1 2139/1/1
f 1998/1/4 1999/1/4 2142/1/4 2141/1/4
f 1999/1/4 2000/1/4 2143/1/4 2142/1/4
f 2000/1/4 2001/1/4 2144/1/4 2143/1/4
f 2011/1/4 2012/1/4 2145/1/4 2146/1/4
f 2012/1/4 2013/1/4 2147/1/4 2145/1/4
f 2013/1/4 2014/1/4 2148/1/4 2147/1/4
f 2014/1/4 2015/1/4 2149/1/4 2148/1/4
f 2015/1/4 2016/1/4 2150/1/4 2149/1/4
f 2016/1/4 2017/1/4 2151/1/4 2150/1/4
f 2017/1/4 2018/1/4 2152/1/4 2151/1/4
f 1997/1/2 2140/1/2 2153/1/2 2019/1/2
f 2018/1/4 2019/1/4 2153/1/4 2152/1/4
f 2001/1/1 2154/1/1 2155/1/1 2144/1/1
f 2154/1/4 2156/1/4 2157/1/4 2155/1/4
f 2001/1/5 2002/1/5 2156/1/5 2154/1/5
f 2156/1/4 2158/1/4 2159/1/4 2157/1/4
f 2002/1/5 2003/1/5 2158/1/5 2156/1/5
f 2158/1/4 2160/1/4 2161/1/4 2159/1/4
f 2003/1/5 2004/1/5 2160/1/5 2158/1/5
f 2160/1/4 2162/1/4 2163/1/4 2161/1/4
f 2004/1/5 2005/1/5 2162/1/5 2160/1/5
f 2162/1/4 2164/1/4 2165/1/4 2163/1/4
f 2005/1/5 2006/1/5 2164/1/5 2162/1/5
f 2164/1/4 2166/1/4 2167/1/4 2165/1/4
f 2006/1/5 2007/1/5 2166/1/5 2164/1/5
f 2166/1/4 2168/1/4 2169/1/4 2167/1/4
f 2007/1/5 2008/1/5 2168/1/5 2166/1/5
f 2168/1/4 2170/1/4 2171/1/4 2169/1/4
f 2008/1/5 2009/1/5 2170/1/5 2168/1/5
f 2170/1/4 2172/1/4 2173/1/4 2171/1/4
f 2009/1/5 2010/1/5 2172/1/5 2170/1/5
f 2011/1/2 2146/1/2 2174/1/2 2175/1/2
f 2172/1/4 2175/1/4 2174/1/4 2173/1/4
f 2010/1/5 2011/1/5 2175/1/5 2172/1/5
f 2028/2/2 2176/2/2 2177/2/2 2178/2/2
f 2029/2/1 2179/2/1 2180/2/1 2181/2/1
f 2029/2/3 2181/2/3 2176/2/3 2028/2/3
f 2179/2/4 2178/2/4 2177/2/4 2180/2/4
f 2181/2/6 2180/2/6 2177/2/6 2176/2/6
f 2029/2/5 2028/2/5 2178/2/5 2179/2/5
f 2030/2/2 2182/2/2 2183/2/2 2031/2/2
f 2033/2/1 2032/2/1 2184/2/1 2185/2/1
f 2033/2/3 2185/2/3 2182/2/3 2030/2/3
f 2032/2/1 2186/2/1 2187/2/1 2184/2/1
f 2032/2/5 2031/2/5 2188/2/5 2186/2/5
f 2189/2/2 2190/2/2 2191/2/2 2192/2/2
f 2031/2/3 2183/2/3 2190/2/3 2189/2/3
f 2031/2/5 2189/2/5 2192/2/5 2188/2/5
f 2186/2/1 2035/2/1 2193/2/1 2187/2/1
f 2186/2/5 2188/2/5 2036/2/5 2035/2/5
f 2192/2/2 2191/2/2 2194/2/2 2038/2/2
f 2036/2/4 2038/2/4 2194/2/4 2195/2/4
f 2196/2/6 2195/2/6 2194/2/6 2191/2/6
f 2188/2/5 2192/2/5 2038/2/5 2036/2/5
f 2036/2/2 2195/2/2 2197/2/2 2041/2/2
f 2035/2/1 2034/2/1 2198/2/1 2193/2/1
f 2041/2/2 2197/2/2 2199/2/2 2042/2/2
f 2034/2/1 2043/2/1 2200/2/1 2198/2/1
f 2198/2/6 2200/2/6 2199/2/6 2197/2/6
f 2042/2/2 2199/2/2 2201/2/2 2044/2/2
f 2043/2/1 2045/2/1 2202/2/1 2200/2/1
f 2203/1/2 2204/1/2 2205/1/2 2206/1/2
f 2207/1/1 2208/1/1 2209/1/1 2210/1/1
f 2207/1/3 2210/1/3 2204/1/3 2203/1/3
f 2210/1/6 2209/1/6 2205/1/6 2204/1/6
f 2207/1/5 2203/1/5 2206/1/5 2208/1/5
f 2044/2/2 2201/2/2 2211/2/2 2212/2/2
f 2045/2/1 2213/2/1 2214/2/1 2202/2/1
f 2213/2/4 2212/2/4 2211/2/4 2214/2/4
f 2045/2/5 2044/2/5 2212/2/5 2213/2/5
f 2206/1/2 2205/1/2 2215/1/2 2063/1/2
f 2208/1/1 2216/1/1 2217/1/1 2209/1/1
f 2209/1/6 2217/1/6 2215/1/6 2205/1/6
f 2208/1/5 2206/1/5 2063/1/5 2216/1/5
f 2218/1/2 2219/1/2 2220/1/2 2065/1/2
f 2221/1/1 2064/1/1 2222/1/1 2223/1/1
f 2221/1/3 2223/1/3 2219/1/3 2218/1/3
f 2221/1/5 2218/1/5 2065/1/5 2064/1/5
f 2224/1/1 2066/1/1 2225/1/1 2226/1/1
f 2224/1/3 2226/1/3 2227/1/3 2048/1/3
f 2224/1/5 2048/1/5 2047/1/5 2066/1/5
f 2048/3/3 2227/3/3 2228/3/3 2049/3/3
f 2049/1/3 2228/1/3 2229/1/3 2051/1/3
f 2052/1/2 2230/1/2 2231/1/2 2055/1/2
f 2051/1/3 2229/1/3 2230/1/3 2052/1/3
f 2232/1/2 2233/1/2 2234/1/2 2069/1/2
f 2053/1/1 2054/1/1 2235/1/1 2236/1/1
f 2053/1/3 2236/1/3 2233/1/3 2232/1/3
f 2053/1/5 2232/1/5 2069/1/5 2054/1/5
f 2057/1/1 2056/1/1 2237/1/1 2238/1/1
f 2057/1/3 2238/1/3 2239/1/3 2058/1/3
f 2058/1/3 2239/1/3 2240/1/3 2059/1/3
f 2059/4/3 2240/4/3 2241/4/3 2060/4/3
f 2242/1/2 2243/1/2 2244/1/2 2074/1/2
f 2060/1/3 2241/1/3 2243/1/3 2242/1/3
f 2060/1/5 2242/1/5 2074/1/5 2061/1/5
f 2216/1/1 2097/1/1 2245/1/1 2217/1/1
f 2216/1/5 2063/1/5 2062/1/5 2097/1/5
f 2063/1/3 2215/1/3 2222/1/3 2064/1/3
f 2065/1/3 2220/1/3 2225/1/3 2066/1/3
f 2066/1/5 2047/1/5 2068/1/5 2067/1/5
f 2055/1/3 2231/1/3 2235/1/3 2054/1/3
f 2069/1/3 2234/1/3 2246/1/3 2070/1/3
f 2070/1/3 2246/1/3 2247/1/3 2071/1/3
f 2071/1/3 2247/1/3 2248/1/3 2072/1/3
f 2072/1/3 2248/1/3 2249/1/3 2073/1/3
f 2073/1/3 2249/1/3 2237/1/3 2056/1/3
f 2075/1/2 2250/1/2 2251/1/2 2076/1/2
f 2074/1/3 2244/1/3 2250/1/3 2075/1/3
f 2078/2/1 2077/2/1 2252/2/1 2253/2/1
f 2078/2/3 2253/2/3 2254/2/3 2079/2/3
f 2079/5/3 2254/5/3 2255/5/3 2080/5/3
f 2080/5/3 2255/5/3 2256/5/3 2081/5/3
f 2081/5/3 2256/5/3 2257/5/3 2082/5/3
f 2082/2/3 2257/2/3 2258/2/3 2083/2/3
f 2083/5/3 2258/5/3 2259/5/3 2084/5/3
f 2084/5/3 2259/5/3 2260/5/3 2085/5/3
f 2085/2/3 2260/2/3 2261/2/3 2086/2/3
f 2086/2/3 2261/2/3 2262/2/3 2087/2/3
f 2087/2/3 2262/2/3 2263/2/3 2088/2/3
f 2088/2/3 2263/2/3 2264/2/3 2089/2/3
f 2089/2/3 2264/2/3 2265/2/3 2090/2/3
f 2090/2/3 2265/2/3 2266/2/3 2091/2/3
f 2091/2/3 2266/2/3 2267/2/3 2092/2/3
f 2092/2/3 2267/2/3 2268/2/3 2093/2/3
f 2093/2/3 2268/2/3 2269/2/3 2094/2/3
f 2094/2/3 2269/2/3 2270/2/3 2095/2/3
f 2095/2/3 2270/2/3 2271/2/3 2096/2/3
f 2096/2/3 2271/2/3 2245/2/3 2097/2/3
f 2076/1/2 2251/1/2 2272/1/2 2098/1/2
f 2077/2/1 2099/2/1 2273/2/1 2252/2/1
f 2098/1/2 2272/1/2 2274/1/2 2100/1/2
f 2099/2/1 2101/2/1 2275/2/1 2273/2/1
f 2100/1/2 2274/1/2 2276/1/2 2102/1/2
f 2101/2/1 2103/2/1 2277/2/1 2275/2/1
f 2102/1/2 2276/1/2 2278/1/2 2104/1/2
f 2103/2/1 2105/2/1 2279/2/1 2277/2/1
f 2104/1/2 2278/1/2 2280/1/2 2106/1/2
f 2105/2/1 2107/2/1 2281/2/1 2279/2/1
f 2106/1/2 2280/1/2 2282/1/2 2109/1/2
f 2107/2/1 2110/2/1 2283/2/1 2281/2/1
f 2109/1/2 2282/1/2 2284/1/2 2112/1/2
f 2110/2/1 2113/2/1 2285/2/1 2283/2/1
f 2114/1/2 2286/1/2 2287/1/2 2115/1/2
f 2112/1/3 2284/1/3 2286/1/3 2114/1/3
f 2113/2/1 2116/2/1 2288/2/1 2285/2/1
f 2115/1/2 2287/1/2 2289/1/2 2117/1/2
f 2116/2/1 2118/2/1 2290/2/1 2288/2/1
f 2118/2/4 2119/2/4 2291/2/4 2290/2/4
f 2119/2/4 2120/2/4 2292/2/4 2291/2/4
f 2120/2/4 2121/2/4 2293/2/4 2292/2/4
f 2121/2/4 2122/2/4 2294/2/4 2293/2/4
f 2122/2/4 2123/2/4 2295/2/4 2294/2/4
f 2123/2/4 2124/2/4 2296/2/4 2295/2/4
f 2124/2/4 2125/2/4 2297/2/4 2296/2/4
f 2125/2/4 2126/2/4 2298/2/4 2297/2/4
f 2126/2/4 2127/2/4 2299/2/4 2298/2/4
f 2127/2/4 2128/2/4 2300/2/4 2299/2/4
f 2128/2/4 2129/2/4 2301/2/4 2300/2/4
f 2129/2/4 2130/2/4 2302/2/4 2301/2/4
f 2130/2/4 2131/2/4 2303/2/4 2302/2/4
f 2131/2/4 2132/2/4 2304/2/4 2303/2/4
f 2132/2/4 2133/2/4 2305/2/4 2304/2/4
f 2133/2/4 2134/2/4 2306/2/4 2305/2/4
f 2134/2/4 2135/2/4 2307/2/4 2306/2/4
f 2135/2/4 2136/2/4 2308/2/4 2307/2/4
f 2136/2/4 2137/2/4 2309/2/4 2308/2/4
f 2117/1/2 2289/1/2 2310/1/2 2138/1/2
f 2137/1/1 2139/1/1 2311/1/1 2309/1/1
f 2138/1/2 2310/1/2 2312/1/2 2140/1/2
f 2139/1/1 2141/1/1 2313/1/1 2311/1/1
f 2141/1/4 2142/1/4 2314/1/4 2313/1/4
f 2142/1/4 2143/1/4 2315/1/4 2314/1/4
f 2143/1/4 2144/1/4 2316/1/4 2315/1/4
f 2146/1/4 2145/1/4 2317/1/4 2318/1/4
f 2145/1/4 2147/1/4 2319/1/4 2317/1/4
f 2147/1/4 2148/1/4 2320/1/4 2319/1/4
f 2148/1/4 2149/1/4 2321/1/4 2320/1/4
f 2149/1/4 2150/1/4 2322/1/4 2321/1/4
f 2150/1/4 2151/1/4 2323/1/4 2322/1/4
f 2151/1/4 2152/1/4 2324/1/4 2323/1/4
f 2140/1/2 2312/1/2 2325/1/2 2153/1/2
f 2152/1/4 2153/1/4 2325/1/4 2324/1/4
f 2144/1/1 2155/1/1 2326/1/1 2316/1/1
f 2155/1/4 2157/1/4 2327/1/4 2326/1/4
f 2157/1/4 2159/1/4 2328/1/4 2327/1/4
f 2159/1/4 2161/1/4 2329/1/4 2328/1/4
f 2161/1/4 2163/1/4 2330/1/4 2329/1/4
f 2163/1/4 2165/1/4 2331/1/4 2330/1/4
f 2165/1/4 2167/1/4 2332/1/4 2331/1/4
f 2167/1/4 2169/1/4 2333/1/4 2332/1/4
f 2169/1/4 2171/1/4 2334/1/4 2333/1/4
f 2171/1/4 2173/1/4 2335/1/4 2334/1/4
f 2146/1/2 2318/1/2 2336/1/2 2174/1/2
f 2173/1/4 2174/1/4 2336/1/4 2335/1/4
f 2177/2/2 2337/2/2 2338/2/2 2182/2/2
f 2180/2/1 2185/2/1 2339/2/1 2340/2/1
f 2180/2/3 2340/2/3 2337/2/3 2177/2/3
f 2180/2/5 2177/2/5 2182/2/5 2185/2/5
f 2182/2/2 2338/2/2 2341/2/2 2183/2/2
f 2185/2/1 2184/2/1 2342/2/1 2339/2/1
f 2339/2/6 2342/2/6 2341/2/6 2338/2/6
f 2184/2/1 2187/2/1 2343/2/1 2342/2/1
f 2342/2/6 2343/2/6 2344/2/6 2341/2/6
f 2190/2/2 2345/2/2 2346/2/2 2191/2/2
f 2183/2/3 2341/2/3 2345/2/3 2190/2/3
f 2196/2/4 2191/2/4 2346/2/4 2344/2/4
f 2341/2/6 2344/2/6 2346/2/6 2345/2/6
f 2196/2/2 2344/2/2 2347/2/2 2195/2/2
f 2187/2/1 2193/2/1 2348/2/1 2343/2/1
f 2195/2/2 2347/2/2 2349/2/2 2197/2/2
f 2193/2/1 2198/2/1 2350/2/1 2348/2/1
f 2198/2/4 2197/2/4 2349/2/4 2350/2/4
f 2348/2/6 2350/2/6 2349/2/6 2347/2/6
f 2199/2/2 2351/2/2 2352/2/2 2201/2/2
f 2200/2/1 2202/2/1 2353/2/1 2354/2/1
f 2200/2/3 2354/2/3 2351/2/3 2199/2/3
f 2355/1/2 2356/1/2 2357/1/2 2219/1/2
f 2358/1/1 2223/1/1 2359/1/1 2360/1/1
f 2358/1/3 2360/1/3 2356/1/3 2355/1/3
f 2358/1/5 2355/1/5 2219/1/5 2223/1/5
f 2361/1/2 2362/1/2 2363/1/2 2227/1/2
f 2364/1/1 2226/1/1 2365/1/1 2366/1/1
f 2364/1/3 2366/1/3 2362/1/3 2361/1/3
f 2364/1/5 2361/1/5 2227/1/5 2226/1/5
f 2367/1/2 2368/1/2 2369/1/2 2239/1/2
f 2370/1/1 2238/1/1 2371/1/1 2372/1/1
f 2370/1/3 2372/1/3 2368/1/3 2367/1/3
f 2372/1/6 2371/1/6 2369/1/6 2368/1/6
f 2370/1/5 2367/1/5 2239/1/5 2238/1/5
f 2201/2/2 2352/2/2 2373/2/2 2211/2/2
f 2202/2/1 2214/2/1 2374/2/1 2353/2/1
f 2214/2/4 2211/2/4 2373/2/4 2374/2/4
f 2205/1/1 2215/1/1 2375/1/1 2376/1/1
f 2205/1/3 2376/1/3 2359/1/3 2223/1/3
f 2205/1/5 2223/1/5 2222/1/5 2215/1/5
f 2219/1/3 2357/1/3 2365/1/3 2226/1/3
f 2219/1/5 2226/1/5 2225/1/5 2220/1/5
f 2227/1/3 2363/1/3 2377/1/3 2228/1/3
f 2228/1/3 2377/1/3 2378/1/3 2229/1/3
f 2230/1/2 2379/1/2 2380/1/2 2231/1/2
f 2229/1/3 2378/1/3 2379/1/3 2230/1/3
f 2233/1/2 2381/1/2 2382/1/2 2234/1/2
f 2236/1/1 2235/1/1 2383/1/1 2384/1/1
f 2236/1/3 2384/1/3 2381/1/3 2233/1/3
f 2384/1/6 2383/1/6 2382/1/6 2381/1/6
f 2238/1/1 2237/1/1 2385/1/1 2371/1/1
f 2239/1/3 2369/1/3 2386/1/3 2240/1/3
f 2240/1/3 2386/1/3 2387/1/3 2241/1/3
f 2241/1/3 2387/1/3 2388/1/3 2243/1/3
f 2389/1/2 2390/1/2 2391/1/2 2250/1/2
f 2243/1/3 2388/1/3 2390/1/3 2389/1/3
f 2243/1/5 2389/1/5 2250/1/5 2244/1/5
f 2392/6/2 2393/6/2 2394/6/2 2269/6/2
f 2395/6/1 2268/6/1 2396/6/1 2397/6/1
f 2395/6/3 2397/6/3 2393/6/3 2392/6/3
f 2397/6/6 2396/6/6 2394/6/6 2393/6/6
f 2395/6/5 2392/6/5 2269/6/5 2268/6/5
f 2217/1/1 2245/1/1 2398/1/1 2399/1/1
f 2217/1/3 2399/1/3 2375/1/3 2215/1/3
f 2399/1/6 2398/1/6 2400/1/6 2375/1/6
f 2231/1/3 2380/1/3 2383/1/3 2235/1/3
f 2234/1/3 2382/1/3 2401/1/3 2246/1/3
f 2246/1/3 2401/1/3 2402/1/3 2247/1/3
f 2247/1/3 2402/1/3 2403/1/3 2248/1/3
f 2248/1/3 2403/1/3 2404/1/3 2249/1/3
f 2249/1/3 2404/1/3 2385/1/3 2237/1/3
f 2250/1/2 2391/1/2 2405/1/2 2251/1/2
f 2253/5/1 2252/5/1 2406/5/1 2407/5/1
f 2253/5/3 2407/5/3 2408/5/3 2254/5/3
f 2254/5/3 2408/5/3 2409/5/3 2255/5/3
f 2255/2/3 2409/2/3 2410/2/3 2256/2/3
f 2256/2/3 2410/2/3 2411/2/3 2257/2/3
f 2257/2/3 2411/2/3 2412/2/3 2258/2/3
f 2258/2/3 2412/2/3 2413/2/3 2259/2/3
f 2259/2/3 2413/2/3 2414/2/3 2260/2/3
f 2260/2/3 2414/2/3 2415/2/3 2261/2/3
f 2261/7/3 2415/7/3 2416/7/3 2262/7/3
f 2262/7/3 2416/7/3 2417/7/3 2263/7/3
f 2263/7/3 2417/7/3 2418/7/3 2264/7/3
f 2264/7/3 2418/7/3 2419/7/3 2265/7/3
f 2265/7/3 2419/7/3 2420/7/3 2266/7/3
f 2266/2/3 2420/2/3 2421/2/3 2267/2/3
f 2267/2/3 2421/2/3 2396/2/3 2268/2/3
f 2269/2/3 2394/2/3 2422/2/3 2270/2/3
f 2270/2/3 2422/2/3 2423/2/3 2271/2/3
f 2271/2/3 2423/2/3 2398/2/3 2245/2/3
f 2423/2/6 2424/2/6 2425/2/6 2398/2/6
f 2251/1/2 2405/1/2 2426/1/2 2272/1/2
f 2252/2/1 2273/2/1 2427/2/1 2406/2/1
f 2272/1/2 2426/1/2 2428/1/2 2274/1/2
f 2273/2/1 2275/2/1 2429/2/1 2427/2/1
f 2274/1/2 2428/1/2 2430/1/2 2276/1/2
f 2275/2/1 2277/2/1 2431/2/1 2429/2/1
f 2276/1/2 2430/1/2 2432/1/2 2278/1/2
f 2277/2/1 2279/2/1 2433/2/1 2431/2/1
f 2278/1/2 2432/1/2 2434/1/2 2280/1/2
f 2279/2/1 2281/2/1 2435/2/1 2433/2/1
f 2280/1/2 2434/1/2 2436/1/2 2282/1/2
f 2281/2/1 2283/2/1 2437/2/1 2435/2/1
f 2282/1/2 2436/1/2 2438/1/2 2284/1/2
f 2283/2/1 2285/2/1 2439/2/1 2437/2/1
f 2286/1/2 2440/1/2 2441/1/2 2287/1/2
f 2284/1/3 2438/1/3 2440/1/3 2286/1/3
f 2285/2/1 2288/2/1 2442/2/1 2439/2/1
f 2287/1/2 2441/1/2 2443/1/2 2289/1/2
f 2288/2/1 2290/2/1 2444/2/1 2442/2/1
f 2290/2/4 2291/2/4 2445/2/4 2444/2/4
f 2291/2/4 2292/2/4 2446/2/4 2445/2/4
f 2292/2/4 2293/2/4 2447/2/4 2446/2/4
f 2293/2/4 2294/2/4 2448/2/4 2447/2/4
f 2294/2/4 2295/2/4 2449/2/4 2448/2/4
f 2295/2/4 2296/2/4 2450/2/4 2449/2/4
f 2296/2/4 2297/2/4 2451/2/4 2450/2/4
f 2297/2/4 2298/2/4 2452/2/4 2451/2/4
f 2298/2/4 2299/2/4 2453/2/4 2452/2/4
f 2299/2/4 2300/2/4 2454/2/4 2453/2/4
f 2300/2/4 2301/2/4 2455/2/4 2454/2/4
f 2301/2/4 2302/2/4 2456/2/4 2455/2/4
f 2302/2/4 2303/2/4 2457/2/4 2456/2/4
f 2303/2/4 2304/2/4 2458/2/4 2457/2/4
f 2304/2/4 2305/2/4 2459/2/4 2458/2/4
f 2305/2/4 2306/2/4 2460/2/4 2459/2/4
f 2306/2/4 2307/2/4 2461/2/4 2460/2/4
f 2307/2/4 2308/2/4 2462/2/4 2461/2/4
f 2308/2/4 2309/2/4 2463/2/4 2462/2/4
f 2289/1/2 2443/1/2 2464/1/2 2310/1/2
f 2309/1/1 2311/1/1 2465/1/1 2463/1/1
f 2310/1/2 2464/1/2 2466/1/2 2312/1/2
f 2311/1/1 2313/1/1 2467/1/1 2465/1/1
f 2313/1/4 2314/1/4 2468/1/4 2467/1/4
f 2314/1/4 2315/1/4 2469/1/4 2468/1/4
f 2315/1/4 2316/1/4 2470/1/4 2469/1/4
f 2318/1/4 2317/1/4 2471/1/4 2472/1/4
f 2317/1/4 2319/1/4 2473/1/4 2471/1/4
f 2319/1/4 2320/1/4 2474/1/4 2473/1/4
f 2320/1/4 2321/1/4 2475/1/4 2474/1/4
f 2321/1/4 2322/1/4 2476/1/4 2475/1/4
f 2322/1/4 2323/1/4 2477/1/4 2476/1/4
f 2323/1/4 2324/1/4 2478/1/4 2477/1/4
f 2312/1/2 2466/1/2 2479/1/2 2325/1/2
f 2324/1/4 2325/1/4 2479/1/4 2478/1/4
f 2316/1/1 2326/1/1 2480/1/1 2470/1/1
f 2326/1/4 2327/1/4 2481/1/4 2480/1/4
f 2327/1/4 2328/1/4 2482/1/4 2481/1/4
f 2328/1/4 2329/1/4 2483/1/4 2482/1/4
f 2329/1/4 2330/1/4 2484/1/4 2483/1/4
f 2330/1/4 2331/1/4 2485/1/4 2484/1/4
f 2486/1/6 2484/1/6 2485/1/6 2487/1/6
f 2331/1/4 2332/1/4 2488/1/4 2485/1/4
f 2332/1/4 2333/1/4 2489/1/4 2488/1/4
f 2333/1/4 2334/1/4 2490/1/4 2489/1/4
f 2334/1/4 2335/1/4 2491/1/4 2490/1/4
f 2318/1/2 2472/1/2 2492/1/2 2336/1/2
f 2335/1/4 2336/1/4 2492/1/4 2491/1/4
f 2337/7/2 2493/7/2 2494/7/2 2338/7/2
f 2340/7/1 2339/7/1 2495/7/1 2496/7/1
f 2340/7/3 2496/7/3 2493/7/3 2337/7/3
f 2339/7/4 2338/7/4 2494/7/4 2495/7/4
f 2496/7/6 2495/7/6 2494/7/6 2493/7/6
f 2344/2/2 2497/2/2 2498/2/2 2347/2/2
f 2343/2/1 2348/2/1 2499/2/1 2500/2/1
f 2343/2/3 2500/2/3 2497/2/3 2344/2/3
f 2348/2/4 2347/2/4 2498/2/4 2499/2/4
f 2351/2/2 2501/2/2 2502/2/2 2352/2/2
f 2354/2/1 2353/2/1 2503/2/1 2504/2/1
f 2354/2/3 2504/2/3 2501/2/3 2351/2/3
f 2505/1/1 2506/1/1 2507/1/1 2508/1/1
f 2505/1/3 2508/1/3 2509/1/3 2510/1/3
f 2508/1/6 2507/1/6 2511/1/6 2509/1/6
f 2505/1/5 2510/1/5 2376/1/5 2506/1/5
f 2510/1/3 2509/1/3 2512/1/3 2360/1/3
f 2510/1/5 2360/1/5 2359/1/5 2376/1/5
f 2356/1/2 2513/1/2 2514/1/2 2357/1/2
f 2360/1/3 2512/1/3 2513/1/3 2356/1/3
f 2512/1/6 2515/1/6 2514/1/6 2513/1/6
f 2362/1/2 2516/1/2 2517/1/2 2363/1/2
f 2366/1/1 2365/1/1 2518/1/1 2519/1/1
f 2366/1/3 2519/1/3 2516/1/3 2362/1/3
f 2519/1/6 2518/1/6 2517/1/6 2516/1/6
f 2352/2/2 2502/2/2 2520/2/2 2373/2/2
f 2353/2/1 2374/2/1 2521/2/1 2503/2/1
f 2374/2/4 2373/2/4 2520/2/4 2521/2/4
f 2506/1/1 2399/1/1 2522/1/1 2507/1/1
f 2399/1/4 2375/1/4 2523/1/4 2522/1/4
f 2507/1/6 2522/1/6 2523/1/6 2511/1/6
f 2506/1/5 2376/1/5 2375/1/5 2399/1/5
f 2357/1/3 2514/1/3 2518/1/3 2365/1/3
f 2363/1/3 2517/1/3 2524/1/3 2377/1/3
f 2377/4/3 2524/4/3 2525/4/3 2378/4/3
f 2379/1/2 2526/1/2 2527/1/2 2380/1/2
f 2378/1/3 2525/1/3 2526/1/3 2379/1/3
f 2371/4/1 2385/4/1 2528/4/1 2529/4/1
f 2371/4/3 2529/4/3 2530/4/3 2369/4/3
f 2369/1/3 2530/1/3 2531/1/3 2386/1/3
f 2386/1/3 2531/1/3 2532/1/3 2387/1/3
f 2387/1/3 2532/1/3 2533/1/3 2388/1/3
f 2390/1/2 2534/1/2 2535/1/2 2391/1/2
f 2388/1/3 2533/1/3 2534/1/3 2390/1/3
f 2375/1/1 2400/1/1 2536/1/1 2523/1/1
f 2380/1/3 2527/1/3 2537/1/3 2383/1/3
f 2383/1/3 2537/1/3 2538/1/3 2382/1/3
f 2382/1/3 2538/1/3 2539/1/3 2401/1/3
f 2401/1/3 2539/1/3 2540/1/3 2402/1/3
f 2402/1/3 2540/1/3 2541/1/3 2403/1/3
f 2403/1/3 2541/1/3 2542/1/3 2404/1/3
f 2404/1/3 2542/1/3 2528/1/3 2385/1/3
f 2391/1/2 2535/1/2 2543/1/2 2405/1/2
f 2407/2/1 2406/2/1 2544/2/1 2545/2/1
f 2407/2/3 2545/2/3 2546/2/3 2408/2/3
f 2408/2/3 2546/2/3 2547/2/3 2409/2/3
f 2409/2/3 2547/2/3 2548/2/3 2410/2/3
f 2410/2/3 2548/2/3 2549/2/3 2411/2/3
f 2411/2/3 2549/2/3 2550/2/3 2412/2/3
f 2412/2/3 2550/2/3 2551/2/3 2413/2/3
f 2413/5/3 2551/5/3 2552/5/3 2414/5/3
f 2414/2/3 2552/2/3 2553/2/3 2415/2/3
f 2415/7/3 2553/7/3 2554/7/3 2416/7/3
f 2416/7/3 2554/7/3 2555/7/3 2417/7/3
f 2417/7/3 2555/7/3 2556/7/3 2418/7/3
f 2418/7/3 2556/7/3 2557/7/3 2419/7/3
f 2419/7/3 2557/7/3 2558/7/3 2420/7/3
f 2420/2/3 2558/2/3 2559/2/3 2421/2/3
f 2421/2/3 2559/2/3 2560/2/3 2396/2/3
f 2396/2/3 2560/2/3 2561/2/3 2394/2/3
f 2394/2/3 2561/2/3 2562/2/3 2422/2/3
f 2423/2/2 2563/2/2 2564/2/2 2424/2/2
f 2422/2/3 2562/2/3 2563/2/3 2423/2/3
f 2398/2/1 2425/2/1 2565/2/1 2566/2/1
f 2398/2/3 2566/2/3 2536/2/3 2400/2/3
f 2405/1/2 2543/1/2 2567/1/2 2426/1/2
f 2406/2/1 2427/2/1 2568/2/1 2544/2/1
f 2424/2/3 2564/2/3 2565/2/3 2425/2/3
f 2426/1/2 2567/1/2 2569/1/2 2428/1/2
f 2427/2/1 2429/2/1 2570/2/1 2568/2/1
f 2428/1/2 2569/1/2 2571/1/2 2430/1/2
f 2429/2/1 2431/2/1 2572/2/1 2570/2/1
f 2430/1/2 2571/1/2 2573/1/2 2432/1/2
f 2431/2/1 2433/2/1 2574/2/1 2572/2/1
f 2432/1/2 2573/1/2 2575/1/2 2434/1/2
f 2433/2/1 2435/2/1 2576/2/1 2574/2/1
f 2434/1/2 2575/1/2 2577/1/2 2436/1/2
f 2435/2/1 2437/2/1 2578/2/1 2576/2/1
f 2436/1/2 2577/1/2 2579/1/2 2438/1/2
f 2437/2/1 2439/2/1 2580/2/1 2578/2/1
f 2440/1/2 2581/1/2 2582/1/2 2441/1/2
f 2438/1/3 2579/1/3 2581/1/3 2440/1/3
f 2439/2/1 2442/2/1 2583/2/1 2580/2/1
f 2441/1/2 2582/1/2 2584/1/2 2443/1/2
f 2442/2/1 2444/2/1 2585/2/1 2583/2/1
f 2444/2/4 2445/2/4 2586/2/4 2585/2/4
f 2445/2/4 2446/2/4 2587/2/4 2586/2/4
f 2446/2/4 2447/2/4 2588/2/4 2587/2/4
f 2447/2/4 2448/2/4 2589/2/4 2588/2/4
f 2448/7/4 2449/7/4 2590/7/4 2589/7/4
f 2449/2/4 2450/2/4 2591/2/4 2590/2/4
f 2450/7/4 2451/7/4 2592/7/4 2591/7/4
f 2451/2/4 2452/2/4 2593/2/4 2592/2/4
f 2452/2/4 2453/2/4 2594/2/4 2593/2/4
f 2453/2/4 2454/2/4 2595/2/4 2594/2/4
f 2454/2/4 2455/2/4 2596/2/4 2595/2/4
f 2455/2/4 2456/2/4 2597/2/4 2596/2/4
f 2456/2/4 2457/2/4 2598/2/4 2597/2/4
f 2457/2/4 2458/2/4 2599/2/4 2598/2/4
f 2458/2/4 2459/2/4 2600/2/4 2599/2/4
f 2459/2/4 2460/2/4 2601/2/4 2600/2/4
f 2460/2/4 2461/2/4 2602/2/4 2601/2/4
f 2461/2/4 2462/2/4 2603/2/4 2602/2/4
f 2462/2/4 2463/2/4 2604/2/4 2603/2/4
f 2443/1/2 2584/1/2 2605/1/2 2464/1/2
f 2463/1/1 2465/1/1 2606/1/1 2604/1/1
f 2464/1/2 2605/1/2 2607/1/2 2466/1/2
f 2465/1/1 2467/1/1 2608/1/1 2606/1/1
f 2467/1/4 2468/1/4 2609/1/4 2608/1/4
f 2468/1/4 2469/1/4 2610/1/4 2609/1/4
f 2611/1/6 2609/1/6 2610/1/6 2612/1/6
f 2469/1/4 2470/1/4 2613/1/4 2610/1/4
f 2486/1/4 2487/1/4 2614/1/4 2615/1/4
f 2472/1/4 2471/1/4 2616/1/4 2617/1/4
f 2471/1/4 2473/1/4 2618/1/4 2616/1/4
f 2473/1/4 2474/1/4 2619/1/4 2618/1/4
f 2474/1/4 2475/1/4 2620/1/4 2619/1/4
f 2475/1/4 2476/1/4 2621/1/4 2620/1/4
f 2476/1/4 2477/1/4 2622/1/4 2621/1/4
f 2477/1/4 2478/1/4 2623/1/4 2622/1/4
f 2466/1/2 2607/1/2 2624/1/2 2479/1/2
f 2478/1/4 2479/1/4 2624/1/4 2623/1/4
f 2470/1/1 2480/1/1 2625/1/1 2613/1/1
f 2480/1/4 2481/1/4 2626/1/4 2625/1/4
f 2481/1/4 2482/1/4 2627/1/4 2626/1/4
f 2482/1/4 2483/1/4 2628/1/4 2627/1/4
f 2486/1/2 2615/1/2 2629/1/2 2484/1/2
f 2483/1/4 2484/1/4 2629/1/4 2628/1/4
f 2630/1/6 2628/1/6 2629/1/6 2615/1/6
f 2487/1/1 2485/1/1 2631/1/1 2614/1/1
f 2485/1/4 2488/1/4 2632/1/4 2631/1/4
f 2488/1/4 2489/1/4 2633/1/4 2632/1/4
f 2489/1/4 2490/1/4 2634/1/4 2633/1/4
f 2490/1/4 2491/1/4 2635/1/4 2634/1/4
f 2472/1/2 2617/1/2 2636/1/2 2492/1/2
f 2491/1/4 2492/1/4 2636/1/4 2635/1/4
f 2637/2/1 2500/2/1 2638/2/1 2639/2/1
f 2637/2/3 2639/2/3 2640/2/3 2641/2/3
f 2637/2/5 2641/2/5 2497/2/5 2500/2/5
f 2642/7/2 2643/7/2 2644/7/2 2645/7/2
f 2641/7/3 2640/7/3 2643/7/3 2642/7/3
f 2640/7/6 2646/7/6 2644/7/6 2643/7/6
f 2641/7/5 2642/7/5 2645/7/5 2497/7/5
f 2500/2/1 2499/2/1 2647/2/1 2638/2/1
f 2645/2/2 2644/2/2 2648/2/2 2649/2/2
f 2497/2/5 2645/2/5 2649/2/5 2498/2/5
f 2499/2/1 2650/2/1 2651/2/1 2647/2/1
f 2499/2/5 2498/2/5 2652/2/5 2650/2/5
f 2649/2/2 2648/2/2 2653/2/2 2654/2/2
f 2652/2/4 2654/2/4 2653/2/4 2655/2/4
f 2656/2/6 2655/2/6 2653/2/6 2648/2/6
f 2498/2/5 2649/2/5 2654/2/5 2652/2/5
f 2652/2/2 2655/2/2 2657/2/2 2501/2/2
f 2650/2/1 2504/2/1 2658/2/1 2651/2/1
f 2650/2/5 2652/2/5 2501/2/5 2504/2/5
f 2501/2/2 2657/2/2 2659/2/2 2502/2/2
f 2504/2/1 2503/2/1 2660/2/1 2658/2/1
f 2512/1/2 2661/1/2 2662/1/2 2515/1/2
f 2509/1/1 2511/1/1 2663/1/1 2664/1/1
f 2509/1/3 2664/1/3 2661/1/3 2512/1/3
f 2664/1/6 2663/1/6 2662/1/6 2661/1/6
f 2665/1/1 2525/1/1 2666/1/1 2667/1/1
f 2665/1/3 2667/1/3 2668/1/3 2669/1/3
f 2665/1/5 2669/1/5 2526/1/5 2525/1/5
f 2669/1/3 2668/1/3 2670/1/3 2671/1/3
f 2669/1/5 2671/1/5 2672/1/5 2526/1/5
f 2671/1/3 2670/1/3 2673/1/3 2674/1/3
f 2671/1/5 2674/1/5 2675/1/5 2672/1/5
f 2674/1/3 2673/1/3 2676/1/3 2677/1/3
f 2674/1/5 2677/1/5 2678/1/5 2675/1/5
f 2677/1/3 2676/1/3 2679/1/3 2680/1/3
f 2677/1/5 2680/1/5 2681/1/5 2678/1/5
f 2680/4/3 2679/4/3 2682/4/3 2683/4/3
f 2680/4/5 2683/4/5 2684/4/5 2681/4/5
f 2683/1/3 2682/1/3 2685/1/3 2686/1/3
f 2683/1/5 2686/1/5 2687/1/5 2684/1/5
f 2688/4/2 2689/4/2 2690/4/2 2529/4/2
f 2686/4/3 2685/4/3 2689/4/3 2688/4/3
f 2686/4/5 2688/4/5 2529/4/5 2687/4/5
f 2502/2/2 2659/2/2 2691/2/2 2520/2/2
f 2503/2/1 2521/2/1 2692/2/1 2660/2/1
f 2660/2/6 2692/2/6 2691/2/6 2659/2/6
f 2511/1/1 2523/1/1 2693/1/1 2663/1/1
f 2515/1/3 2662/1/3 2694/1/3 2514/1/3
f 2514/1/3 2694/1/3 2695/1/3 2518/1/3
f 2518/1/3 2695/1/3 2696/1/3 2517/1/3
f 2517/1/3 2696/1/3 2697/1/3 2524/1/3
f 2524/1/3 2697/1/3 2666/1/3 2525/1/3
f 2526/1/5 2672/1/5 2537/1/5 2527/1/5
f 2672/1/5 2675/1/5 2538/1/5 2537/1/5
f 2675/1/5 2678/1/5 2539/1/5 2538/1/5
f 2678/1/5 2681/1/5 2540/1/5 2539/1/5
f 2681/1/5 2684/1/5 2541/1/5 2540/1/5
f 2684/1/5 2687/1/5 2542/1/5 2541/1/5
f 2687/1/5 2529/1/5 2528/1/5 2542/1/5
f 2529/1/3 2690/1/3 2698/1/3 2530/1/3
f 2530/1/3 2698/1/3 2699/1/3 2531/1/3
f 2531/1/3 2699/1/3 2700/1/3 2532/1/3
f 2532/1/3 2700/1/3 2701/1/3 2533/1/3
f 2534/1/2 2702/1/2 2703/1/2 2535/1/2
f 2533/1/3 2701/1/3 2702/1/3 2534/1/3
f 2520/2/2 2691/2/2 2704/2/2 2546/2/2
f 2521/2/1 2545/2/1 2705/2/1 2692/2/1
f 2521/2/5 2520/2/5 2546/2/5 2545/2/5
f 2522/1/1 2566/1/1 2706/1/1 2707/1/1
f 2522/1/3 2707/1/3 2693/1/3 2523/1/3
f 2522/1/5 2523/1/5 2536/1/5 2566/1/5
f 2535/1/2 2703/1/2 2708/1/2 2543/1/2
f 2545/2/1 2544/2/1 2709/2/1 2705/2/1
f 2546/2/3 2704/2/3 2710/2/3 2547/2/3
f 2547/2/3 2710/2/3 2711/2/3 2548/2/3
f 2548/2/3 2711/2/3 2712/2/3 2549/2/3
f 2549/2/3 2712/2/3 2713/2/3 2550/2/3
f 2550/2/3 2713/2/3 2714/2/3 2551/2/3
f 2551/2/3 2714/2/3 2715/2/3 2552/2/3
f 2552/2/3 2715/2/3 2716/2/3 2553/2/3
f 2553/7/3 2716/7/3 2717/7/3 2554/7/3
f 2554/7/3 2717/7/3 2718/7/3 2555/7/3
f 2555/7/3 2718/7/3 2719/7/3 2556/7/3
f 2556/7/3 2719/7/3 2720/7/3 2557/7/3
f 2557/2/3 2720/2/3 2721/2/3 2558/2/3
f 2558/2/3 2721/2/3 2722/2/3 2559/2/3
f 2559/2/3 2722/2/3 2723/2/3 2560/2/3
f 2560/2/3 2723/2/3 2724/2/3 2561/2/3
f 2561/2/3 2724/2/3 2725/2/3 2562/2/3
f 2562/2/3 2725/2/3 2726/2/3 2563/2/3
f 2563/5/3 2726/5/3 2706/5/3 2566/5/3
f 2563/5/5 2566/5/5 2565/5/5 2564/5/5
f 2543/1/2 2708/1/2 2727/1/2 2567/1/2
f 2544/2/1 2568/2/1 2728/2/1 2709/2/1
f 2567/1/2 2727/1/2 2729/1/2 2569/1/2
f 2568/2/1 2570/2/1 2730/2/1 2728/2/1
f 2569/1/2 2729/1/2 2731/1/2 2571/1/2
f 2570/2/1 2572/2/1 2732/2/1 2730/2/1
f 2571/1/2 2731/1/2 2733/1/2 2573/1/2
f 2572/2/1 2574/2/1 2734/2/1 2732/2/1
f 2573/1/2 2733/1/2 2735/1/2 2575/1/2
f 2574/2/1 2576/2/1 2736/2/1 2734/2/1
f 2575/1/2 2735/1/2 2737/1/2 2577/1/2
f 2576/2/1 2578/2/1 2738/2/1 2736/2/1
f 2577/1/2 2737/1/2 2739/1/2 2579/1/2
f 2578/2/1 2580/2/1 2740/2/1 2738/2/1
f 2581/1/2 2741/1/2 2742/1/2 2582/1/2
f 2579/1/3 2739/1/3 2741/1/3 2581/1/3
f 2739/1/6 2743/1/6 2742/1/6 2741/1/6
f 2580/2/1 2583/2/1 2744/2/1 2740/2/1
f 2582/1/2 2742/1/2 2745/1/2 2584/1/2
f 2743/1/6 2746/1/6 2745/1/6 2742/1/6
f 2583/2/1 2585/2/1 2747/2/1 2744/2/1
f 2585/2/4 2586/2/4 2748/2/4 2747/2/4
f 2586/2/4 2587/2/4 2749/2/4 2748/2/4
f 2587/2/4 2588/2/4 2750/2/4 2749/2/4
f 2588/2/4 2589/2/4 2751/2/4 2750/2/4
f 2589/7/4 2590/7/4 2752/7/4 2751/7/4
f 2590/2/4 2591/2/4 2753/2/4 2752/2/4
f 2591/7/4 2592/7/4 2754/7/4 2753/7/4
f 2592/2/4 2593/2/4 2755/2/4 2754/2/4
f 2593/2/4 2594/2/4 2756/2/4 2755/2/4
f 2594/2/4 2595/2/4 2757/2/4 2756/2/4
f 2595/2/4 2596/2/4 2758/2/4 2757/2/4
f 2596/2/4 2597/2/4 2759/2/4 2758/2/4
f 2597/2/4 2598/2/4 2760/2/4 2759/2/4
f 2598/2/4 2599/2/4 2761/2/4 2760/2/4
f 2599/2/4 2600/2/4 2762/2/4 2761/2/4
f 2600/2/4 2601/2/4 2763/2/4 2762/2/4
f 2601/2/4 2602/2/4 2764/2/4 2763/2/4
f 2602/2/4 2603/2/4 2765/2/4 2764/2/4
f 2603/2/4 2604/2/4 2766/2/4 2765/2/4
f 2584/1/2 2745/1/2 2767/1/2 2605/1/2
f 2746/1/6 2768/1/6 2767/1/6 2745/1/6
f 2604/1/1 2606/1/1 2769/1/1 2766/1/1
f 2611/1/4 2612/1/4 2770/1/4 2771/1/4
f 2772/1/6 2773/1/6 2774/1/6 2775/1/6
f 2775/1/6 2774/1/6 2776/1/6 2777/1/6
f 2777/1/6 2776/1/6 2778/1/6 2768/1/6
f 2605/1/2 2767/1/2 2779/1/2 2607/1/2
f 2768/1/6 2778/1/6 2779/1/6 2767/1/6
f 2611/1/2 2771/1/2 2780/1/2 2609/1/2
f 2606/1/1 2608/1/1 2781/1/1 2769/1/1
f 2608/1/4 2609/1/4 2780/1/4 2781/1/4
f 2769/1/6 2781/1/6 2780/1/6 2771/1/6
f 2612/1/1 2610/1/1 2782/1/1 2770/1/1
f 2610/1/4 2613/1/4 2783/1/4 2782/1/4
f 2770/1/6 2782/1/6 2783/1/6 2784/1/6
f 2630/1/4 2615/1/4 2785/1/4 2786/1/4
f 2615/1/4 2614/1/4 2787/1/4 2785/1/4
f 2617/1/4 2616/1/4 2788/1/4 2789/1/4
f 2790/1/6 2789/1/6 2788/1/6 2791/1/6
f 2616/1/4 2618/1/4 2792/1/4 2788/1/4
f 2791/1/6 2788/1/6 2792/1/6 2793/1/6
f 2618/1/4 2619/1/4 2794/1/4 2792/1/4
f 2793/1/6 2792/1/6 2794/1/6 2795/1/6
f 2619/1/4 2620/1/4 2796/1/4 2794/1/4
f 2795/1/6 2794/1/6 2796/1/6 2773/1/6
f 2620/1/4 2621/1/4 2797/1/4 2796/1/4
f 2773/1/6 2796/1/6 2797/1/6 2774/1/6
f 2621/1/4 2622/1/4 2798/1/4 2797/1/4
f 2774/1/6 2797/1/6 2798/1/6 2776/1/6
f 2622/1/4 2623/1/4 2799/1/4 2798/1/4
f 2776/1/6 2798/1/6 2799/1/6 2778/1/6
f 2607/1/2 2779/1/2 2800/1/2 2624/1/2
f 2623/1/4 2624/1/4 2800/1/4 2799/1/4
f 2778/1/6 2799/1/6 2800/1/6 2779/1/6
f 2613/1/1 2625/1/1 2801/1/1 2783/1/1
f 2625/1/4 2626/1/4 2802/1/4 2801/1/4
f 2626/1/4 2627/1/4 2803/1/4 2802/1/4
f 2630/1/2 2786/1/2 2804/1/2 2628/1/2
f 2627/1/4 2628/1/4 2804/1/4 2803/1/4
f 2614/1/1 2631/1/1 2805/1/1 2787/1/1
f 2631/1/4 2632/1/4 2806/1/4 2805/1/4
f 2632/1/4 2633/1/4 2807/1/4 2806/1/4
f 2633/1/4 2634/1/4 2808/1/4 2807/1/4
f 2634/1/4 2635/1/4 2809/1/4 2808/1/4
f 2617/1/2 2789/1/2 2810/1/2 2636/1/2
f 2635/1/4 2636/1/4 2810/1/4 2809/1/4
f 2811/2/2 2812/2/2 2813/2/2 2640/2/2
f 2814/2/1 2639/2/1 2815/2/1 2816/2/1
f 2814/2/3 2816/2/3 2812/2/3 2811/2/3
f 2814/2/5 2811/2/5 2640/2/5 2639/2/5
f 2640/2/2 2813/2/2 2817/2/2 2646/2/2
f 2639/2/1 2638/2/1 2818/2/1 2815/2/1
f 2815/2/6 2818/2/6 2817/2/6 2813/2/6
f 2638/2/1 2647/2/1 2819/2/1 2818/2/1
f 2644/2/2 2820/2/2 2821/2/2 2648/2/2
f 2646/2/3 2817/2/3 2820/2/3 2644/2/3
f 2656/2/4 2648/2/4 2821/2/4 2822/2/4
f 2817/2/6 2822/2/6 2821/2/6 2820/2/6
f 2656/2/2 2822/2/2 2823/2/2 2655/2/2
f 2647/2/1 2651/2/1 2824/2/1 2819/2/1
f 2819/2/6 2824/2/6 2823/2/6 2822/2/6
f 2655/2/2 2823/2/2 2825/2/2 2657/2/2
f 2651/2/1 2658/2/1 2826/2/1 2824/2/1
f 2824/2/6 2826/2/6 2825/2/6 2823/2/6
f 2657/2/2 2825/2/2 2827/2/2 2659/2/2
f 2658/2/1 2660/2/1 2828/2/1 2826/2/1
f 2660/2/4 2659/2/4 2827/2/4 2828/2/4
f 2826/2/6 2828/2/6 2827/2/6 2825/2/6
f 2667/1/1 2666/1/1 2829/1/1 2830/1/1
f 2667/1/3 2830/1/3 2831/1/3 2668/1/3
f 2668/1/3 2831/1/3 2832/1/3 2670/1/3
f 2670/1/3 2832/1/3 2833/1/3 2673/1/3
f 2673/1/3 2833/1/3 2834/1/3 2676/1/3
f 2676/1/3 2834/1/3 2835/1/3 2679/1/3
f 2679/1/3 2835/1/3 2836/1/3 2682/1/3
f 2682/1/3 2836/1/3 2837/1/3 2685/1/3
f 2689/1/2 2838/1/2 2839/1/2 2690/1/2
f 2685/1/3 2837/1/3 2838/1/3 2689/1/3
f 2840/1/1 2707/1/1 2841/1/1 2842/1/1
f 2840/1/3 2842/1/3 2843/1/3 2663/1/3
f 2840/1/5 2663/1/5 2693/1/5 2707/1/5
f 2663/1/3 2843/1/3 2844/1/3 2662/1/3
f 2662/1/3 2844/1/3 2845/1/3 2694/1/3
f 2694/1/3 2845/1/3 2846/1/3 2695/1/3
f 2695/1/3 2846/1/3 2847/1/3 2696/1/3
f 2696/1/3 2847/1/3 2848/1/3 2697/1/3
f 2697/1/3 2848/1/3 2829/1/3 2666/1/3
f 2690/1/3 2839/1/3 2849/1/3 2698/1/3
f 2698/1/3 2849/1/3 2850/1/3 2699/1/3
f 2699/3/3 2850/3/3 2851/3/3 2700/3/3
f 2700/1/3 2851/1/3 2852/1/3 2701/1/3
f 2702/1/2 2853/1/2 2854/1/2 2703/1/2
f 2701/1/3 2852/1/3 2853/1/3 2702/1/3
f 2691/2/2 2855/2/2 2856/2/2 2704/2/2
f 2692/2/1 2705/2/1 2857/2/1 2858/2/1
f 2692/2/3 2858/2/3 2855/2/3 2691/2/3
f 2707/1/1 2706/1/1 2859/1/1 2841/1/1
f 2703/1/2 2854/1/2 2860/1/2 2708/1/2
f 2705/5/1 2709/5/1 2861/5/1 2857/5/1
f 2704/2/3 2856/2/3 2862/2/3 2710/2/3
f 2710/2/3 2862/2/3 2863/2/3 2711/2/3
f 2711/2/3 2863/2/3 2864/2/3 2712/2/3
f 2712/2/3 2864/2/3 2865/2/3 2713/2/3
f 2713/2/3 2865/2/3 2866/2/3 2714/2/3
f 2714/2/3 2866/2/3 2867/2/3 2715/2/3
f 2715/2/3 2867/2/3 2868/2/3 2716/2/3
f 2716/2/3 2868/2/3 2869/2/3 2717/2/3
f 2717/7/3 2869/7/3 2870/7/3 2718/7/3
f 2718/7/3 2870/7/3 2871/7/3 2719/7/3
f 2719/7/3 2871/7/3 2872/7/3 2720/7/3
f 2720/7/3 2872/7/3 2873/7/3 2721/7/3
f 2721/2/3 2873/2/3 2874/2/3 2722/2/3
f 2722/2/3 2874/2/3 2875/2/3 2723/2/3
f 2723/2/3 2875/2/3 2876/2/3 2724/2/3
f 2724/2/3 2876/2/3 2877/2/3 2725/2/3
f 2725/2/3 2877/2/3 2878/2/3 2726/2/3
f 2726/2/3 2878/2/3 2859/2/3 2706/2/3
f 2708/1/2 2860/1/2 2879/1/2 2727/1/2
f 2709/2/1 2728/2/1 2880/2/1 2861/2/1
f 2727/1/2 2879/1/2 2881/1/2 2729/1/2
f 2728/2/1 2730/2/1 2882/2/1 2880/2/1
f 2729/1/2 2881/1/2 2883/1/2 2731/1/2
f 2730/2/1 2732/2/1 2884/2/1 2882/2/1
f 2731/1/2 2883/1/2 2885/1/2 2733/1/2
f 2732/2/1 2734/2/1 2886/2/1 2884/2/1
f 2733/1/2 2885/1/2 2887/1/2 2735/1/2
f 2734/2/1 2736/2/1 2888/2/1 2886/2/1
f 2735/1/2 2887/1/2 2889/1/2 2737/1/2
f 2736/2/1 2738/2/1 2890/2/1 2888/2/1
f 2737/1/2 2889/1/2 2891/1/2 2739/1/2
f 2738/2/1 2740/2/1 2892/2/1 2890/2/1
f 2739/1/2 2891/1/2 2893/1/2 2743/1/2
f 2740/2/1 2744/2/1 2894/2/1 2892/2/1
f 2895/1/6 2896/1/6 2897/1/6 2898/1/6
f 2743/1/2 2893/1/2 2899/1/2 2746/1/2
f 2744/2/1 2747/2/1 2900/2/1 2894/2/1
f 2747/2/4 2748/2/4 2901/2/4 2900/2/4
f 2748/2/4 2749/2/4 2902/2/4 2901/2/4
f 2749/2/4 2750/2/4 2903/2/4 2902/2/4
f 2750/2/4 2751/2/4 2904/2/4 2903/2/4
f 2751/2/4 2752/2/4 2905/2/4 2904/2/4
f 2752/7/4 2753/7/4 2906/7/4 2905/7/4
f 2753/7/4 2754/7/4 2907/7/4 2906/7/4
f 2754/2/4 2755/2/4 2908/2/4 2907/2/4
f 2755/2/4 2756/2/4 2909/2/4 2908/2/4
f 2756/2/4 2757/2/4 2910/2/4 2909/2/4
f 2757/2/4 2758/2/4 2911/2/4 2910/2/4
f 2758/2/4 2759/2/4 2912/2/4 2911/2/4
f 2759/2/4 2760/2/4 2913/2/4 2912/2/4
f 2760/2/4 2761/2/4 2914/2/4 2913/2/4
f 2761/2/4 2762/2/4 2915/2/4 2914/2/4
f 2762/2/4 2763/2/4 2916/2/4 2915/2/4
f 2763/2/4 2764/2/4 2917/2/4 2916/2/4
f 2764/2/4 2765/2/4 2918/2/4 2917/2/4
f 2765/2/4 2766/2/4 2919/2/4 2918/2/4
f 2772/1/4 2775/1/4 2920/1/4 2921/1/4
f 2775/1/4 2777/1/4 2922/1/4 2920/1/4
f 2746/1/2 2899/1/2 2923/1/2 2768/1/2
f 2777/1/4 2768/1/4 2923/1/4 2922/1/4
f 2766/1/1 2769/1/1 2924/1/1 2919/1/1
f 2769/1/4 2771/1/4 2925/1/4 2924/1/4
f 2771/1/4 2770/1/4 2926/1/4 2925/1/4
f 2770/1/4 2784/1/4 2927/1/4 2926/1/4
f 2790/1/4 2791/1/4 2928/1/4 2929/1/4
f 2791/1/4 2793/1/4 2930/1/4 2928/1/4
f 2793/1/4 2795/1/4 2931/1/4 2930/1/4
f 2772/1/2 2921/1/2 2932/1/2 2773/1/2
f 2795/1/4 2773/1/4 2932/1/4 2931/1/4
f 2784/1/1 2783/1/1 2933/1/1 2927/1/1
f 2786/1/4 2785/1/4 2934/1/4 2935/1/4
f 2790/1/2 2929/1/2 2936/1/2 2789/1/2
f 2783/1/1 2801/1/1 2937/1/1 2933/1/1
f 2801/1/4 2802/1/4 2938/1/4 2937/1/4
f 2802/1/4 2803/1/4 2939/1/4 2938/1/4
f 2786/1/2 2935/1/2 2940/1/2 2804/1/2
f 2803/1/4 2804/1/4 2940/1/4 2939/1/4
f 2785/1/1 2941/1/1 2942/1/1 2934/1/1
f 2941/1/4 2805/1/4 2943/1/4 2942/1/4
f 2785/1/5 2787/1/5 2805/1/5 2941/1/5
f 2805/1/4 2806/1/4 2944/1/4 2943/1/4
f 2806/1/4 2807/1/4 2945/1/4 2944/1/4
f 2807/1/4 2808/1/4 2946/1/4 2945/1/4
f 2808/1/4 2809/1/4 2947/1/4 2946/1/4
f 2789/1/2 2936/1/2 2948/1/2 2810/1/2
f 2809/1/4 2810/1/4 2948/1/4 2947/1/4
f 2949/2/2 2950/2/2 2951/2/2 2952/2/2
f 2953/2/1 2954/2/1 2955/2/1 2956/2/1
f 2953/2/3 2956/2/3 2950/2/3 2949/2/3
f 2954/2/4 2952/2/4 2951/2/4 2955/2/4
f 2953/2/5 2949/2/5 2952/2/5 2954/2/5
f 2957/2/2 2958/2/2 2959/2/2 2812/2/2
f 2960/2/1 2816/2/1 2961/2/1 2962/2/1
f 2960/2/3 2962/2/3 2958/2/3 2957/2/3
f 2960/2/5 2957/2/5 2812/2/5 2816/2/5
f 2816/2/1 2815/2/1 2963/2/1 2961/2/1
f 2815/2/4 2813/2/4 2964/2/4 2963/2/4
f 2961/2/6 2963/2/6 2964/2/6 2959/2/6
f 2965/2/2 2966/2/2 2967/2/2 2968/2/2
f 2812/2/3 2959/2/3 2966/2/3 2965/2/3
f 2813/2/4 2968/2/4 2967/2/4 2964/2/4
f 2959/2/6 2964/2/6 2967/2/6 2966/2/6
f 2812/2/5 2965/2/5 2968/2/5 2813/2/5
f 2817/2/2 2969/2/2 2970/2/2 2822/2/2
f 2818/2/1 2819/2/1 2971/2/1 2972/2/1
f 2818/2/3 2972/2/3 2969/2/3 2817/2/3
f 2819/2/4 2822/2/4 2970/2/4 2971/2/4
f 2973/1/1 2845/1/1 2974/1/1 2975/1/1
f 2973/1/3 2975/1/3 2976/1/3 2977/1/3
f 2975/1/6 2974/1/6 2978/1/6 2976/1/6
f 2973/1/5 2977/1/5 2846/1/5 2845/1/5
f 2979/1/2 2980/1/2 2981/1/2 2847/1/2
f 2977/1/3 2976/1/3 2980/1/3 2979/1/3
f 2977/1/5 2979/1/5 2847/1/5 2846/1/5
f 2830/1/1 2829/1/1 2982/1/1 2983/1/1
f 2830/1/3 2983/1/3 2984/1/3 2831/1/3
f 2831/4/3 2984/4/3 2985/4/3 2832/4/3
f 2832/1/3 2985/1/3 2986/1/3 2833/1/3
f 2833/1/3 2986/1/3 2987/1/3 2834/1/3
f 2834/1/3 2987/1/3 2988/1/3 2835/1/3
f 2835/1/3 2988/1/3 2989/1/3 2836/1/3
f 2836/1/3 2989/1/3 2990/1/3 2837/1/3
f 2838/1/2 2991/1/2 2992/1/2 2839/1/2
f 2837/1/3 2990/1/3 2991/1/3 2838/1/3
f 2842/1/1 2841/1/1 2993/1/1 2994/1/1
f 2842/1/3 2994/1/3 2995/1/3 2843/1/3
f 2843/1/3 2995/1/3 2996/1/3 2844/1/3
f 2844/1/3 2996/1/3 2974/1/3 2845/1/3
f 2847/1/3 2981/1/3 2997/1/3 2848/1/3
f 2848/1/3 2997/1/3 2982/1/3 2829/1/3
f 2839/1/3 2992/1/3 2998/1/3 2849/1/3
f 2992/1/6 2999/1/6 3000/1/6 2998/1/6
f 2849/1/3 2998/1/3 3001/1/3 2850/1/3
f 2998/1/6 3000/1/6 3002/1/6 3001/1/6
f 2850/1/3 3001/1/3 3003/1/3 2851/1/3
f 3001/1/6 3002/1/6 3004/1/6 3003/1/6
f 2851/1/3 3003/1/3 3005/1/3 2852/1/3
f 3003/1/6 3004/1/6 3006/1/6 3005/1/6
f 2853/1/2 3007/1/2 3008/1/2 2854/1/2
f 2852/1/3 3005/1/3 3007/1/3 2853/1/3
f 3005/1/6 3006/1/6 3008/1/6 3007/1/6
f 2855/2/2 3009/2/2 3010/2/2 2856/2/2
f 2858/2/1 2857/2/1 3011/2/1 3012/2/1
f 2858/2/3 3012/2/3 3009/2/3 2855/2/3
f 3013/6/2 3014/6/2 3015/6/2 2876/6/2
f 3016/6/1 2875/6/1 3017/6/1 3018/6/1
f 3016/6/3 3018/6/3 3014/6/3 3013/6/3
f 3018/6/6 3017/6/6 3015/6/6 3014/6/6
f 3016/6/5 3013/6/5 2876/6/5 2875/6/5
f 2841/1/1 2859/1/1 3019/1/1 2993/1/1
f 2854/1/2 3008/1/2 3020/1/2 2860/1/2
f 3006/1/6 3021/1/6 3020/1/6 3008/1/6
f 2857/2/1 2861/2/1 3022/2/1 3011/2/1
f 2856/2/3 3010/2/3 3023/2/3 2862/2/3
f 2862/2/3 3023/2/3 3024/2/3 2863/2/3
f 2863/2/3 3024/2/3 3025/2/3 2864/2/3
f 2864/5/3 3025/5/3 3026/5/3 2865/5/3
f 2865/2/3 3026/2/3 3027/2/3 2866/2/3
f 2866/2/3 3027/2/3 3028/2/3 2867/2/3
f 2867/2/3 3028/2/3 3029/2/3 2868/2/3
f 2868/7/3 3029/7/3 3030/7/3 2869/7/3
f 2869/7/3 3030/7/3 3031/7/3 2870/7/3
f 2870/7/3 3031/7/3 3032/7/3 2871/7/3
f 3031/7/6 3033/7/6 3034/7/6 3032/7/6
f 2871/7/3 3032/7/3 3035/7/3 2872/7/3
f 2872/2/3 3035/2/3 3036/2/3 2873/2/3
f 3035/2/6 3037/2/6 3038/2/6 3036/2/6
f 2873/2/3 3036/2/3 3039/2/3 2874/2/3
f 2874/2/3 3039/2/3 3017/2/3 2875/2/3
f 2876/2/3 3015/2/3 3040/2/3 2877/2/3
f 2877/2/3 3040/2/3 3041/2/3 2878/2/3
f 2878/2/3 3041/2/3 3019/2/3 2859/2/3
f 2860/1/2 3020/1/2 3042/1/2 2879/1/2
f 3021/1/6 3043/1/6 3042/1/6 3020/1/6
f 2861/2/1 2880/2/1 3044/2/1 3022/2/1
f 3037/2/6 3045/2/6 3046/2/6 3038/2/6
f 2879/1/2 3042/1/2 3047/1/2 2881/1/2
f 3043/1/6 3048/1/6 3047/1/6 3042/1/6
f 2880/2/1 2882/2/1 3049/2/1 3044/2/1
f 2881/1/2 3047/1/2 3050/1/2 2883/1/2
f 3048/1/6 3051/1/6 3050/1/6 3047/1/6
f 2882/2/1 2884/2/1 3052/2/1 3049/2/1
f 2883/1/2 3050/1/2 3053/1/2 2885/1/2
f 3051/1/6 3054/1/6 3053/1/6 3050/1/6
f 2884/2/1 2886/2/1 3055/2/1 3052/2/1
f 2885/1/2 3053/1/2 3056/1/2 2887/1/2
f 3054/1/6 3057/1/6 3056/1/6 3053/1/6
f 2886/2/1 2888/2/1 3058/2/1 3055/2/1
f 2887/1/2 3056/1/2 3059/1/2 2889/1/2
f 3057/1/6 3060/1/6 3059/1/6 3056/1/6
f 2888/2/1 2890/2/1 3061/2/1 3058/2/1
f 2889/1/2 3059/1/2 3062/1/2 2891/1/2
f 3060/1/6 3063/1/6 3062/1/6 3059/1/6
f 2890/2/1 2892/2/1 3064/2/1 3061/2/1
f 2895/1/4 2898/1/4 3065/1/4 3066/1/4
f 2891/1/2 3062/1/2 3067/1/2 2893/1/2
f 3063/1/6 3068/1/6 3067/1/6 3062/1/6
f 2892/2/1 2894/2/1 3069/2/1 3064/2/1
f 2895/1/2 3066/1/2 3070/1/2 2896/1/2
f 2898/1/1 2897/1/1 3071/1/1 3065/1/1
f 2893/1/2 3067/1/2 3072/1/2 2899/1/2
f 3068/1/6 3073/1/6 3072/1/6 3067/1/6
f 2894/2/1 2900/2/1 3074/2/1 3069/2/1
f 2900/2/4 2901/2/4 3075/2/4 3074/2/4
f 2901/2/4 2902/2/4 3076/2/4 3075/2/4
f 2902/2/4 2903/2/4 3077/2/4 3076/2/4
f 2903/2/4 2904/2/4 3078/2/4 3077/2/4
f 2904/2/4 2905/2/4 3079/2/4 3078/2/4
f 2905/7/4 2906/7/4 3080/7/4 3079/7/4
f 2906/2/4 2907/2/4 3081/2/4 3080/2/4
f 2907/2/4 2908/2/4 3082/2/4 3081/2/4
f 2908/2/4 2909/2/4 3083/2/4 3082/2/4
f 2909/2/4 2910/2/4 3084/2/4 3083/2/4
f 2910/2/4 2911/2/4 3085/2/4 3084/2/4
f 2911/2/4 2912/2/4 3086/2/4 3085/2/4
f 2912/2/4 2913/2/4 3087/2/4 3086/2/4
f 2913/2/4 2914/2/4 3088/2/4 3087/2/4
f 2914/2/4 2915/2/4 3089/2/4 3088/2/4
f 2915/2/4 2916/2/4 3090/2/4 3089/2/4
f 2916/2/4 2917/2/4 3091/2/4 3090/2/4
f 2917/2/4 2918/2/4 3092/2/4 3091/2/4
f 2918/2/4 2919/2/4 3093/2/4 3092/2/4
f 2896/1/3 3070/1/3 3071/1/3 2897/1/3
f 2921/1/4 2920/1/4 3094/1/4 3095/1/4
f 3096/1/6 3095/1/6 3094/1/6 3097/1/6
f 2920/1/4 2922/1/4 3098/1/4 3094/1/4
f 3097/1/6 3094/1/6 3098/1/6 3073/1/6
f 2899/1/2 3072/1/2 3099/1/2 2923/1/2
f 2922/1/4 2923/1/4 3099/1/4 3098/1/4
f 3073/1/6 3098/1/6 3099/1/6 3072/1/6
f 2919/1/1 2924/1/1 3100/1/1 3093/1/1
f 2924/1/4 2925/1/4 3101/1/4 3100/1/4
f 2925/1/4 2926/1/4 3102/1/4 3101/1/4
f 2926/1/4 2927/1/4 3103/1/4 3102/1/4
f 2929/1/4 2928/1/4 3104/1/4 3105/1/4
f 2928/1/4 2930/1/4 3106/1/4 3104/1/4
f 2930/1/4 2931/1/4 3107/1/4 3106/1/4
f 2921/1/2 3095/1/2 3108/1/2 2932/1/2
f 2931/1/4 2932/1/4 3108/1/4 3107/1/4
f 2927/1/1 2933/1/1 3109/1/1 3103/1/1
f 2935/1/4 2934/1/4 3110/1/4 3111/1/4
f 2929/1/2 3105/1/2 3112/1/2 2936/1/2
f 2933/1/1 2937/1/1 3113/1/1 3109/1/1
f 2937/1/4 2938/1/4 3114/1/4 3113/1/4
f 2938/1/4 2939/1/4 3115/1/4 3114/1/4
f 2935/1/2 3111/1/2 3116/1/2 2940/1/2
f 2939/1/4 2940/1/4 3116/1/4 3115/1/4
f 2934/1/1 2942/1/1 3117/1/1 3110/1/1
f 2942/1/4 2943/1/4 3118/1/4 3117/1/4
f 2943/1/4 2944/1/4 3119/1/4 3118/1/4
f 2944/1/4 2945/1/4 3120/1/4 3119/1/4
f 2945/1/4 2946/1/4 3121/1/4 3120/1/4
f 2946/1/4 2947/1/4 3122/1/4 3121/1/4
f 2936/1/2 3112/1/2 3123/1/2 2948/1/2
f 2947/1/4 2948/1/4 3123/1/4 3122/1/4
f 3124/2/2 3125/2/2 3126/2/2 3127/2/2
f 3128/2/1 3129/2/1 3130/2/1 3131/2/1
f 3128/2/3 3131/2/3 3125/2/3 3124/2/3
f 3128/2/5 3124/2/5 3127/2/5 3129/2/5
f 3127/2/2 3126/2/2 3132/2/2 3133/2/2
f 3129/2/1 3134/2/1 3135/2/1 3130/2/1
f 3129/2/5 3127/2/5 3133/2/5 3134/2/5
f 3133/2/2 3132/2/2 3136/2/2 3137/2/2
f 3134/2/1 3138/2/1 3139/2/1 3135/2/1
f 3134/2/5 3133/2/5 3137/2/5 3138/2/5
f 3137/2/2 3136/2/2 3140/2/2 2950/2/2
f 3138/2/1 2956/2/1 3141/2/1 3139/2/1
f 3139/2/6 3141/2/6 3140/2/6 3136/2/6
f 3138/2/5 3137/2/5 2950/2/5 2956/2/5
f 2950/2/2 3140/2/2 3142/2/2 2951/2/2
f 2956/2/1 2955/2/1 3143/2/1 3141/2/1
f 2951/2/2 3142/2/2 3144/2/2 3145/2/2
f 2955/2/1 3146/2/1 3147/2/1 3143/2/1
f 3146/2/4 3145/2/4 3144/2/4 3147/2/4
f 2955/2/5 2951/2/5 3145/2/5 3146/2/5
f 3148/2/2 3149/2/2 3150/2/2 2958/2/2
f 3151/2/1 2962/2/1 3152/2/1 3153/2/1
f 3151/2/3 3153/2/3 3149/2/3 3148/2/3
f 3151/2/5 3148/2/5 2958/2/5 2962/2/5
f 2958/2/2 3150/2/2 3154/2/2 2959/2/2
f 2962/2/1 2961/2/1 3155/2/1 3152/2/1
f 2961/2/4 2959/2/4 3154/2/4 3155/2/4
f 3152/2/6 3155/2/6 3154/2/6 3150/2/6
f 2969/2/2 3156/2/2 3157/2/2 2970/2/2
f 2972/2/1 2971/2/1 3158/2/1 3159/2/1
f 2972/2/3 3159/2/3 3156/2/3 2969/2/3
f 3159/2/6 3158/2/6 3157/2/6 3156/2/6
f 2970/2/2 3157/2/2 3160/2/2 3161/2/2
f 2971/2/1 3162/2/1 3163/2/1 3158/2/1
f 3162/2/4 3161/2/4 3160/2/4 3163/2/4
f 2971/2/5 2970/2/5 3161/2/5 3162/2/5
f 3164/1/2 3165/1/2 3166/1/2 2985/1/2
f 3167/1/1 2984/1/1 3168/1/1 3169/1/1
f 3167/1/3 3169/1/3 3165/1/3 3164/1/3
f 3169/1/6 3168/1/6 3166/1/6 3165/1/6
f 3167/1/5 3164/1/5 2985/1/5 2984/1/5
f 2980/1/2 3170/1/2 3171/1/2 2981/1/2
f 2976/1/1 2978/1/1 3172/1/1 3173/1/1
f 2976/1/3 3173/1/3 3170/1/3 2980/1/3
f 3173/1/6 3172/1/6 3171/1/6 3170/1/6
f 2983/1/1 2982/1/1 3174/1/1 3175/1/1
f 2983/1/3 3175/1/3 3168/1/3 2984/1/3
f 3175/1/6 3174/1/6 3176/1/6 3168/1/6
f 3168/1/6 3176/1/6 3177/1/6 3166/1/6
f 2985/1/3 3166/1/3 3178/1/3 2986/1/3
f 3166/1/6 3177/1/6 3179/1/6 3178/1/6
f 2986/1/3 3178/1/3 3180/1/3 2987/1/3
f 3178/1/6 3179/1/6 3181/1/6 3180/1/6
f 2987/1/3 3180/1/3 3182/1/3 2988/1/3
f 3180/1/6 3181/1/6 3183/1/6 3182/1/6
f 2988/1/3 3182/1/3 3184/1/3 2989/1/3
f 3182/1/6 3183/1/6 3185/1/6 3184/1/6
f 2989/1/3 3184/1/3 3186/1/3 2990/1/3
f 3184/1/6 3185/1/6 3187/1/6 3186/1/6
f 2991/1/2 3188/1/2 3189/1/2 2992/1/2
f 2990/1/3 3186/1/3 3188/1/3 2991/1/3
f 3186/1/6 3187/1/6 3189/1/6 3188/1/6
f 3190/2/2 3191/2/2 3192/2/2 3009/2/2
f 3193/2/1 3012/2/1 3194/2/1 3195/2/1
f 3193/2/3 3195/2/3 3191/2/3 3190/2/3
f 3193/2/5 3190/2/5 3009/2/5 3012/2/5
f 2994/1/1 2993/1/1 3196/1/1 3197/1/1
f 2994/1/3 3197/1/3 3198/1/3 2995/1/3
f 2995/1/3 3198/1/3 3199/1/3 2996/1/3
f 2996/1/3 3199/1/3 3200/1/3 2974/1/3
f 2974/1/3 3200/1/3 3172/1/3 2978/1/3
f 2981/1/3 3171/1/3 3201/1/3 2997/1/3
f 2997/4/3 3201/4/3 3174/4/3 2982/4/3
f 3176/1/6 3202/1/6 3203/1/6 3177/1/6
f 3177/1/6 3203/1/6 3204/1/6 3179/1/6
f 3179/1/6 3204/1/6 3205/1/6 3181/1/6
f 3181/1/6 3205/1/6 3206/1/6 3183/1/6
f 3183/1/6 3206/1/6 3207/1/6 3185/1/6
f 3185/1/6 3207/1/6 3208/1/6 3187/1/6
f 2992/1/2 3189/1/2 3209/1/2 2999/1/2
f 3187/1/6 3208/1/6 3209/1/6 3189/1/6
f 3009/2/2 3192/2/2 3210/2/2 3010/2/2
f 3012/2/1 3011/2/1 3211/2/1 3194/2/1
f 2993/1/1 3019/1/1 3212/1/1 3196/1/1
f 2999/1/3 3209/1/3 3213/1/3 3000/1/3
f 3000/1/3 3213/1/3 3214/1/3 3002/1/3
f 3002/1/3 3214/1/3 3215/1/3 3004/1/3
f 3006/1/2 3216/1/2 3217/1/2 3021/1/2
f 3004/1/3 3215/1/3 3216/1/3 3006/1/3
f 3011/2/1 3022/2/1 3218/2/1 3211/2/1
f 3211/2/6 3218/2/6 3219/2/6 3210/2/6
f 3010/2/3 3210/2/3 3220/2/3 3023/2/3
f 3210/2/6 3219/2/6 3221/2/6 3220/2/6
f 3023/2/3 3220/2/3 3222/2/3 3024/2/3
f 3220/2/6 3221/2/6 3223/2/6 3222/2/6
f 3024/2/3 3222/2/3 3224/2/3 3025/2/3
f 3222/2/6 3223/2/6 3225/2/6 3224/2/6
f 3025/2/3 3224/2/3 3226/2/3 3026/2/3
f 3224/2/6 3225/2/6 3227/2/6 3226/2/6
f 3026/2/3 3226/2/3 3228/2/3 3027/2/3
f 3226/2/6 3227/2/6 3229/2/6 3228/2/6
f 3027/5/3 3228/5/3 3230/5/3 3028/5/3
f 3228/5/6 3229/5/6 3231/5/6 3230/5/6
f 3028/2/3 3230/2/3 3232/2/3 3029/2/3
f 3230/2/6 3231/2/6 3233/2/6 3232/2/6
f 3029/2/3 3232/2/3 3234/2/3 3030/2/3
f 3232/2/6 3233/2/6 3235/2/6 3234/2/6
f 3031/2/2 3236/2/2 3237/2/2 3033/2/2
f 3030/2/3 3234/2/3 3236/2/3 3031/2/3
f 3234/2/6 3235/2/6 3237/2/6 3236/2/6
f 3035/2/2 3238/2/2 3239/2/2 3037/2/2
f 3032/2/1 3034/2/1 3240/2/1 3241/2/1
f 3032/2/3 3241/2/3 3238/2/3 3035/2/3
f 3241/2/6 3240/2/6 3239/2/6 3238/2/6
f 3036/2/1 3038/2/1 3242/2/1 3243/2/1
f 3036/2/3 3243/2/3 3244/2/3 3039/2/3
f 3243/2/6 3242/2/6 3245/2/6 3244/2/6
f 3039/2/3 3244/2/3 3246/2/3 3017/2/3
f 3244/2/6 3245/2/6 3247/2/6 3246/2/6
f 3017/2/3 3246/2/3 3248/2/3 3015/2/3
f 3246/2/6 3247/2/6 3249/2/6 3248/2/6
f 3015/2/3 3248/2/3 3250/2/3 3040/2/3
f 3248/2/6 3249/2/6 3251/2/6 3250/2/6
f 3040/2/3 3250/2/3 3252/2/3 3041/2/3
f 3250/2/6 3251/2/6 3253/2/6 3252/2/6
f 3041/2/3 3252/2/3 3212/2/3 3019/2/3
f 3252/2/6 3253/2/6 3254/2/6 3212/2/6
f 3212/2/6 3254/2/6 3255/2/6 3256/2/6
f 3021/1/2 3217/1/2 3257/1/2 3043/1/2
f 3022/2/1 3044/2/1 3258/2/1 3218/2/1
f 3219/2/6 3259/2/6 3260/2/6 3221/2/6
f 3221/2/6 3260/2/6 3261/2/6 3223/2/6
f 3223/2/6 3261/2/6 3262/2/6 3225/2/6
f 3225/2/6 3262/2/6 3263/2/6 3227/2/6
f 3227/2/6 3263/2/6 3264/2/6 3229/2/6
f 3229/2/6 3264/2/6 3265/2/6 3231/2/6
f 3231/2/6 3265/2/6 3266/2/6 3233/2/6
f 3233/2/6 3266/2/6 3267/2/6 3235/2/6
f 3235/2/6 3267/2/6 3268/2/6 3237/2/6
f 3033/2/3 3237/2/3 3240/2/3 3034/2/3
f 3237/2/6 3268/2/6 3269/2/6 3240/2/6
f 3037/2/2 3239/2/2 3270/2/2 3045/2/2
f 3240/2/6 3269/2/6 3270/2/6 3239/2/6
f 3038/2/1 3046/2/1 3271/2/1 3242/2/1
f 3242/2/6 3271/2/6 3272/2/6 3245/2/6
f 3245/2/6 3272/2/6 3273/2/6 3247/2/6
f 3247/2/6 3273/2/6 3274/2/6 3249/2/6
f 3249/2/6 3274/2/6 3275/2/6 3251/2/6
f 3251/2/6 3275/2/6 3276/2/6 3253/2/6
f 3253/2/6 3276/2/6 3277/2/6 3254/2/6
f 3254/2/6 3277/2/6 3278/2/6 3255/2/6
f 3043/1/2 3257/1/2 3279/1/2 3048/1/2
f 3044/2/1 3049/2/1 3280/2/1 3258/2/1
f 3259/2/6 3281/2/6 3282/2/6 3260/2/6
f 3260/2/6 3282/2/6 3283/2/6 3261/2/6
f 3261/2/6 3283/2/6 3284/2/6 3262/2/6
f 3262/2/6 3284/2/6 3285/2/6 3263/2/6
f 3263/2/6 3285/2/6 3286/2/6 3264/2/6
f 3264/2/6 3286/2/6 3287/2/6 3265/2/6
f 3265/2/6 3287/2/6 3288/2/6 3266/2/6
f 3266/2/6 3288/2/6 3289/2/6 3267/2/6
f 3267/2/6 3289/2/6 3290/2/6 3268/2/6
f 3268/2/6 3290/2/6 3291/2/6 3269/2/6
f 3269/2/6 3291/2/6 3292/2/6 3270/2/6
f 3045/2/3 3270/2/3 3271/2/3 3046/2/3
f 3270/2/6 3292/2/6 3293/2/6 3271/2/6
f 3271/2/6 3293/2/6 3294/2/6 3272/2/6
f 3272/2/6 3294/2/6 3295/2/6 3273/2/6
f 3273/2/6 3295/2/6 3296/2/6 3274/2/6
f 3274/2/6 3296/2/6 3297/2/6 3275/2/6
f 3275/2/6 3297/2/6 3298/2/6 3276/2/6
f 3276/2/6 3298/2/6 3299/2/6 3277/2/6
f 3277/2/6 3299/2/6 3300/2/6 3278/2/6
f 3048/1/2 3279/1/2 3301/1/2 3051/1/2
f 3049/2/1 3052/2/1 3302/2/1 3280/2/1
f 3281/2/6 3303/2/6 3304/2/6 3282/2/6
f 3282/2/6 3304/2/6 3305/2/6 3283/2/6
f 3284/2/6 3306/2/6 3307/2/6 3285/2/6
f 3285/2/6 3307/2/6 3308/2/6 3286/2/6
f 3286/2/6 3308/2/6 3309/2/6 3287/2/6
f 3287/2/6 3309/2/6 3310/2/6 3288/2/6
f 3288/2/6 3310/2/6 3311/2/6 3289/2/6
f 3289/2/6 3311/2/6 3312/2/6 3290/2/6
f 3290/2/6 3312/2/6 3313/2/6 3291/2/6
f 3291/2/6 3313/2/6 3314/2/6 3292/2/6
f 3292/2/6 3314/2/6 3315/2/6 3293/2/6
f 3293/2/6 3315/2/6 3316/2/6 3294/2/6
f 3294/2/6 3316/2/6 3317/2/6 3295/2/6
f 3295/7/6 3317/7/6 3318/7/6 3296/7/6
f 3296/2/6 3318/2/6 3319/2/6 3297/2/6
f 3297/2/6 3319/2/6 3320/2/6 3298/2/6
f 3298/2/6 3320/2/6 3321/2/6 3299/2/6
f 3299/2/6 3321/2/6 3322/2/6 3300/2/6
f 3051/1/2 3301/1/2 3323/1/2 3054/1/2
f 3052/2/1 3055/2/1 3324/2/1 3302/2/1
f 3303/2/6 3325/2/6 3326/2/6 3304/2/6
f 3304/2/6 3326/2/6 3327/2/6 3305/2/6
f 3305/2/6 3327/2/6 3328/2/6 3306/2/6
f 3306/2/6 3328/2/6 3329/2/6 3307/2/6
f 3307/2/6 3329/2/6 3330/2/6 3308/2/6
f 3308/2/6 3330/2/6 3331/2/6 3309/2/6
f 3309/2/6 3331/2/6 3332/2/6 3310/2/6
f 3310/2/6 3332/2/6 3333/2/6 3311/2/6
f 3311/2/6 3333/2/6 3334/2/6 3312/2/6
f 3312/7/6 3334/7/6 3335/7/6 3313/7/6
f 3313/7/6 3335/7/6 3336/7/6 3314/7/6
f 3314/2/6 3336/2/6 3337/2/6 3315/2/6
f 3315/7/6 3337/7/6 3338/7/6 3316/7/6
f 3316/2/6 3338/2/6 3339/2/6 3317/2/6
f 3317/2/6 3339/2/6 3340/2/6 3318/2/6
f 3318/2/6 3340/2/6 3341/2/6 3319/2/6
f 3319/2/6 3341/2/6 3342/2/6 3320/2/6
f 3320/2/6 3342/2/6 3343/2/6 3321/2/6
f 3321/2/6 3343/2/6 3344/2/6 3322/2/6
f 3054/1/2 3323/1/2 3345/1/2 3057/1/2
f 3055/2/1 3058/2/1 3346/2/1 3324/2/1
f 3327/2/6 3347/2/6 3348/2/6 3328/2/6
f 3328/2/6 3348/2/6 3349/2/6 3329/2/6
f 3329/2/6 3349/2/6 3350/2/6 3330/2/6
f 3330/2/6 3350/2/6 3351/2/6 3331/2/6
f 3331/2/6 3351/2/6 3352/2/6 3332/2/6
f 3332/2/6 3352/2/6 3353/2/6 3333/2/6
f 3333/2/6 3353/2/6 3354/2/6 3334/2/6
f 3334/2/6 3354/2/6 3355/2/6 3335/2/6
f 3335/7/6 3355/7/6 3356/7/6 3336/7/6
f 3336/2/6 3356/2/6 3357/2/6 3337/2/6
f 3337/7/6 3357/7/6 3358/7/6 3338/7/6
f 3338/2/6 3358/2/6 3359/2/6 3339/2/6
f 3339/2/6 3359/2/6 3360/2/6 3340/2/6
f 3340/2/6 3360/2/6 3361/2/6 3341/2/6
f 3341/7/6 3361/7/6 3362/7/6 3342/7/6
f 3342/2/6 3362/2/6 3363/2/6 3343/2/6
f 3343/2/6 3363/2/6 3364/2/6 3344/2/6
f 3057/1/2 3345/1/2 3365/1/2 3060/1/2
f 3058/2/1 3061/2/1 3366/2/1 3346/2/1
f 3346/2/6 3366/2/6 3367/2/6 3368/2/6
f 3347/2/6 3369/2/6 3370/2/6 3348/2/6
f 3348/2/6 3370/2/6 3371/2/6 3349/2/6
f 3349/2/6 3371/2/6 3372/2/6 3350/2/6
f 3350/2/6 3372/2/6 3373/2/6 3351/2/6
f 3351/2/6 3373/2/6 3374/2/6 3352/2/6
f 3352/2/6 3374/2/6 3375/2/6 3353/2/6
f 3353/2/6 3375/2/6 3376/2/6 3354/2/6
f 3354/7/6 3376/7/6 3377/7/6 3355/7/6
f 3355/7/6 3377/7/6 3378/7/6 3356/7/6
f 3356/2/6 3378/2/6 3379/2/6 3357/2/6
f 3357/7/6 3379/7/6 3380/7/6 3358/7/6
f 3358/7/6 3380/7/6 3381/7/6 3359/7/6
f 3359/2/6 3381/2/6 3382/2/6 3360/2/6
f 3360/7/6 3382/7/6 3383/7/6 3361/7/6
f 3361/7/6 3383/7/6 3384/7/6 3362/7/6
f 3362/2/6 3384/2/6 3385/2/6 3363/2/6
f 3363/2/6 3385/2/6 3386/2/6 3364/2/6
f 3060/1/2 3365/1/2 3387/1/2 3063/1/2
f 3061/2/1 3064/2/1 3388/2/1 3366/2/1
f 3389/2/6 3390/2/6 3391/2/6 3369/2/6
f 3369/2/6 3391/2/6 3392/2/6 3370/2/6
f 3370/2/6 3392/2/6 3393/2/6 3371/2/6
f 3371/2/6 3393/2/6 3394/2/6 3372/2/6
f 3372/2/6 3394/2/6 3395/2/6 3373/2/6
f 3373/2/6 3395/2/6 3396/2/6 3374/2/6
f 3374/2/6 3396/2/6 3397/2/6 3375/2/6
f 3375/2/6 3397/2/6 3398/2/6 3376/2/6
f 3376/7/6 3398/7/6 3399/7/6 3377/7/6
f 3377/2/6 3399/2/6 3400/2/6 3378/2/6
f 3378/7/6 3400/7/6 3401/7/6 3379/7/6
f 3379/7/6 3401/7/6 3402/7/6 3380/7/6
f 3380/2/6 3402/2/6 3403/2/6 3381/2/6
f 3381/2/6 3403/2/6 3404/2/6 3382/2/6
f 3382/7/6 3404/7/6 3405/7/6 3383/7/6
f 3383/7/6 3405/7/6 3406/7/6 3384/7/6
f 3384/2/6 3406/2/6 3407/2/6 3385/2/6
f 3385/2/6 3407/2/6 3408/2/6 3386/2/6
f 3063/1/2 3387/1/2 3409/1/2 3068/1/2
f 3064/2/1 3069/2/1 3410/2/1 3388/2/1
f 3390/2/6 3411/2/6 3412/2/6 3391/2/6
f 3391/2/6 3412/2/6 3413/2/6 3392/2/6
f 3392/2/6 3413/2/6 3414/2/6 3393/2/6
f 3393/2/6 3414/2/6 3415/2/6 3394/2/6
f 3394/2/6 3415/2/6 3416/2/6 3395/2/6
f 3395/2/6 3416/2/6 3417/2/6 3396/2/6
f 3396/2/6 3417/2/6 3418/2/6 3397/2/6
f 3397/7/6 3418/7/6 3419/7/6 3398/7/6
f 3398/7/6 3419/7/6 3420/7/6 3399/7/6
f 3399/7/6 3420/7/6 3421/7/6 3400/7/6
f 3400/2/6 3421/2/6 3422/2/6 3401/2/6
f 3401/2/6 3422/2/6 3423/2/6 3402/2/6
f 3402/7/6 3423/7/6 3424/7/6 3403/7/6
f 3403/2/6 3424/2/6 3425/2/6 3404/2/6
f 3404/7/6 3425/7/6 3426/7/6 3405/7/6
f 3405/7/6 3426/7/6 3427/7/6 3406/7/6
f 3406/2/6 3427/2/6 3428/2/6 3407/2/6
f 3407/2/6 3428/2/6 3429/2/6 3408/2/6
f 3066/1/5 3065/1/5 3071/1/5 3070/1/5
f 3096/1/4 3097/1/4 3430/1/4 3431/1/4
f 3068/1/2 3409/1/2 3432/1/2 3073/1/2
f 3097/1/4 3073/1/4 3432/1/4 3430/1/4
f 3069/2/1 3074/2/1 3433/2/1 3410/2/1
f 3074/2/4 3075/2/4 3434/2/4 3433/2/4
f 3410/2/6 3433/2/6 3434/2/6 3435/2/6
f 3075/2/4 3076/2/4 3436/2/4 3434/2/4
f 3076/2/4 3077/2/4 3437/2/4 3436/2/4
f 3411/2/6 3436/2/6 3437/2/6 3412/2/6
f 3077/2/4 3078/2/4 3438/2/4 3437/2/4
f 3412/2/6 3437/2/6 3438/2/6 3413/2/6
f 3078/2/4 3079/2/4 3439/2/4 3438/2/4
f 3413/2/6 3438/2/6 3439/2/6 3414/2/6
f 3079/2/4 3080/2/4 3440/2/4 3439/2/4
f 3414/2/6 3439/2/6 3440/2/6 3415/2/6
f 3080/7/4 3081/7/4 3441/7/4 3440/7/4
f 3415/7/6 3440/7/6 3441/7/6 3416/7/6
f 3081/7/4 3082/7/4 3442/7/4 3441/7/4
f 3416/7/6 3441/7/6 3442/7/6 3417/7/6
f 3082/7/4 3083/7/4 3443/7/4 3442/7/4
f 3417/7/6 3442/7/6 3443/7/6 3418/7/6
f 3083/7/4 3084/7/4 3444/7/4 3443/7/4
f 3418/7/6 3443/7/6 3444/7/6 3419/7/6
f 3084/2/4 3085/2/4 3445/2/4 3444/2/4
f 3419/2/6 3444/2/6 3445/2/6 3420/2/6
f 3085/7/4 3086/7/4 3446/7/4 3445/7/4
f 3420/7/6 3445/7/6 3446/7/6 3421/7/6
f 3086/2/4 3087/2/4 3447/2/4 3446/2/4
f 3421/2/6 3446/2/6 3447/2/6 3422/2/6
f 3087/2/4 3088/2/4 3448/2/4 3447/2/4
f 3422/2/6 3447/2/6 3448/2/6 3423/2/6
f 3088/2/4 3089/2/4 3449/2/4 3448/2/4
f 3423/2/6 3448/2/6 3449/2/6 3424/2/6
f 3089/2/4 3090/2/4 3450/2/4 3449/2/4
f 3424/2/6 3449/2/6 3450/2/6 3425/2/6
f 3090/2/4 3091/2/4 3451/2/4 3450/2/4
f 3091/2/4 3092/2/4 3452/2/4 3451/2/4
f 3426/2/6 3451/2/6 3452/2/6 3427/2/6
f 3092/2/4 3093/2/4 3453/2/4 3452/2/4
f 3096/1/2 3431/1/2 3454/1/2 3095/1/2
f 3093/1/1 3100/1/1 3455/1/1 3453/1/1
f 3100/1/4 3101/1/4 3456/1/4 3455/1/4
f 3101/1/4 3102/1/4 3457/1/4 3456/1/4
f 3102/1/4 3103/1/4 3458/1/4 3457/1/4
f 3105/1/4 3104/1/4 3459/1/4 3460/1/4
f 3104/1/4 3106/1/4 3461/1/4 3459/1/4
f 3106/1/4 3107/1/4 3462/1/4 3461/1/4
f 3095/1/2 3454/1/2 3463/1/2 3108/1/2
f 3107/1/4 3108/1/4 3463/1/4 3462/1/4
f 3103/1/1 3109/1/1 3464/1/1 3458/1/1
f 3111/1/4 3110/1/4 3465/1/4 3466/1/4
f 3105/1/2 3460/1/2 3467/1/2 3112/1/2
f 3109/1/1 3113/1/1 3468/1/1 3464/1/1
f 3113/1/4 3114/1/4 3469/1/4 3468/1/4
f 3114/1/4 3115/1/4 3470/1/4 3469/1/4
f 3111/1/2 3466/1/2 3471/1/2 3116/1/2
f 3115/1/4 3116/1/4 3471/1/4 3470/1/4
f 3110/1/1 3117/1/1 3472/1/1 3465/1/1
f 3117/1/4 3118/1/4 3473/1/4 3472/1/4
f 3118/1/4 3119/1/4 3474/1/4 3473/1/4
f 3119/1/4 3120/1/4 3475/1/4 3474/1/4
f 3120/1/4 3121/1/4 3476/1/4 3475/1/4
f 3121/1/4 3122/1/4 3477/1/4 3476/1/4
f 3112/1/2 3467/1/2 3478/1/2 3123/1/2
f 3122/1/4 3123/1/4 3478/1/4 3477/1/4
f 3125/2/2 3479/2/2 3480/2/2 3126/2/2
f 3131/2/1 3130/2/1 3481/2/1 3482/2/1
f 3131/2/3 3482/2/3 3479/2/3 3125/2/3
f 3126/2/2 3480/2/2 3483/2/2 3132/2/2
f 3130/2/1 3135/2/1 3484/2/1 3481/2/1
f 3481/2/6 3484/2/6 3483/2/6 3480/2/6
f 3132/2/2 3483/2/2 3485/2/2 3136/2/2
f 3135/2/1 3139/2/1 3486/2/1 3484/2/1
f 3139/2/4 3136/2/4 3485/2/4 3486/2/4
f 3484/2/6 3486/2/6 3485/2/6 3483/2/6
f 3140/2/2 3487/2/2 3488/2/2 3142/2/2
f 3141/2/1 3143/2/1 3489/2/1 3490/2/1
f 3141/2/3 3490/2/3 3487/2/3 3140/2/3
f 3490/2/6 3489/2/6 3488/2/6 3487/2/6
f 3142/2/2 3488/2/2 3491/2/2 3144/2/2
f 3143/2/1 3147/2/1 3492/2/1 3489/2/1
f 3147/2/4 3144/2/4 3491/2/4 3492/2/4
f 3489/2/6 3492/2/6 3491/2/6 3488/2/6
f 3493/2/2 3494/2/2 3495/2/2 3496/2/2
f 3497/2/1 3498/2/1 3499/2/1 3500/2/1
f 3497/2/3 3500/2/3 3494/2/3 3493/2/3
f 3498/2/4 3496/2/4 3495/2/4 3499/2/4
f 3497/2/5 3493/2/5 3496/2/5 3498/2/5
f 3501/2/2 3502/2/2 3503/2/2 3149/2/2
f 3504/2/1 3153/2/1 3505/2/1 3506/2/1
f 3504/2/3 3506/2/3 3502/2/3 3501/2/3
f 3506/2/6 3505/2/6 3503/2/6 3502/2/6
f 3504/2/5 3501/2/5 3149/2/5 3153/2/5
f 3149/2/2 3503/2/2 3507/2/2 3150/2/2
f 3153/2/1 3152/2/1 3508/2/1 3505/2/1
f 3152/2/4 3150/2/4 3507/2/4 3508/2/4
f 3505/2/6 3508/2/6 3507/2/6 3503/2/6
f 3157/2/2 3509/2/2 3510/2/2 3160/2/2
f 3158/2/1 3163/2/1 3511/2/1 3512/2/1
f 3158/2/3 3512/2/3 3509/2/3 3157/2/3
f 3512/2/6 3511/2/6 3510/2/6 3509/2/6
f 3160/2/2 3510/2/2 3513/2/2 3514/2/2
f 3163/2/1 3515/2/1 3516/2/1 3511/2/1
f 3163/2/5 3160/2/5 3514/2/5 3515/2/5
f 3517/1/2 3518/1/2 3519/1/2 3175/1/2
f 3520/1/1 3521/1/1 3522/1/1 3523/1/1
f 3520/1/3 3523/1/3 3518/1/3 3517/1/3
f 3523/1/6 3522/1/6 3519/1/6 3518/1/6
f 3520/1/5 3517/1/5 3175/1/5 3521/1/5
f 3514/2/2 3513/2/2 3524/2/2 3191/2/2
f 3515/2/1 3195/2/1 3525/2/1 3516/2/1
f 3515/2/5 3514/2/5 3191/2/5 3195/2/5
f 3175/1/2 3519/1/2 3526/1/2 3174/1/2
f 3521/1/1 3201/1/1 3527/1/1 3522/1/1
f 3521/1/5 3175/1/5 3174/1/5 3201/1/5
f 3195/2/1 3194/2/1 3528/2/1 3525/2/1
f 3529/2/2 3530/2/2 3531/2/2 3532/2/2
f 3191/2/3 3524/2/3 3530/2/3 3529/2/3
f 3192/2/4 3532/2/4 3531/2/4 3533/2/4
f 3191/2/5 3529/2/5 3532/2/5 3192/2/5
f 3197/1/1 3196/1/1 3534/1/1 3535/1/1
f 3197/1/3 3535/1/3 3536/1/3 3198/1/3
f 3535/1/6 3534/1/6 3537/1/6 3536/1/6
f 3198/1/3 3536/1/3 3538/1/3 3199/1/3
f 3199/1/3 3538/1/3 3539/1/3 3200/1/3
f 3200/1/3 3539/1/3 3540/1/3 3172/1/3
f 3172/1/3 3540/1/3 3541/1/3 3171/1/3
f 3171/1/3 3541/1/3 3527/1/3 3201/1/3
f 3176/1/2 3542/1/2 3543/1/2 3202/1/2
f 3174/1/3 3526/1/3 3542/1/3 3176/1/3
f 3192/2/2 3533/2/2 3544/2/2 3210/2/2
f 3194/2/1 3211/2/1 3545/2/1 3528/2/1
f 3211/2/4 3210/2/4 3544/2/4 3545/2/4
f 3528/2/6 3545/2/6 3544/2/6 3533/2/6
f 3196/1/1 3212/1/1 3546/1/1 3534/1/1
f 3212/1/4 3256/1/4 3547/1/4 3546/1/4
f 3202/1/3 3543/1/3 3548/1/3 3203/1/3
f 3203/1/3 3548/1/3 3549/1/3 3204/1/3
f 3204/1/3 3549/1/3 3550/1/3 3205/1/3
f 3205/1/3 3550/1/3 3551/1/3 3206/1/3
f 3206/1/3 3551/1/3 3552/1/3 3207/1/3
f 3207/1/3 3552/1/3 3553/1/3 3208/1/3
f 3208/1/3 3553/1/3 3554/1/3 3209/1/3
f 3209/3/3 3554/3/3 3555/3/3 3213/3/3
f 3213/3/3 3555/3/3 3556/3/3 3214/3/3
f 3214/1/3 3556/1/3 3557/1/3 3215/1/3
f 3216/1/2 3558/1/2 3559/1/2 3217/1/2
f 3215/1/3 3557/1/3 3558/1/3 3216/1/3
f 3256/1/1 3255/1/1 3560/1/1 3547/1/1
f 3217/1/2 3559/1/2 3561/1/2 3257/1/2
f 3219/2/2 3562/2/2 3563/2/2 3259/2/2
f 3218/2/1 3258/2/1 3564/2/1 3565/2/1
f 3218/2/3 3565/2/3 3562/2/3 3219/2/3
f 3255/1/1 3278/1/1 3566/1/1 3560/1/1
f 3257/1/2 3561/1/2 3567/1/2 3279/1/2
f 3259/2/2 3563/2/2 3568/2/2 3281/2/2
f 3258/2/1 3280/2/1 3569/2/1 3564/2/1
f 3564/2/6 3569/2/6 3568/2/6 3563/2/6
f 3278/1/1 3300/1/1 3570/1/1 3566/1/1
f 3279/1/2 3567/1/2 3571/1/2 3301/1/2
f 3281/2/2 3568/2/2 3572/2/2 3303/2/2
f 3280/2/1 3302/2/1 3573/2/1 3569/2/1
f 3569/2/6 3573/2/6 3572/2/6 3568/2/6
f 3284/7/2 3574/7/2 3575/7/2 3306/7/2
f 3283/7/1 3305/7/1 3576/7/1 3577/7/1
f 3283/7/3 3577/7/3 3574/7/3 3284/7/3
f 3305/7/4 3306/7/4 3575/7/4 3576/7/4
f 3577/7/6 3576/7/6 3575/7/6 3574/7/6
f 3300/1/1 3322/1/1 3578/1/1 3570/1/1
f 3301/1/2 3571/1/2 3579/1/2 3323/1/2
f 3303/2/2 3572/2/2 3580/2/2 3325/2/2
f 3302/2/1 3324/2/1 3581/2/1 3573/2/1
f 3322/1/1 3344/1/1 3582/1/1 3578/1/1
f 3323/1/2 3579/1/2 3583/1/2 3345/1/2
f 3324/2/1 3346/2/1 3584/2/1 3581/2/1
f 3346/2/4 3368/2/4 3585/2/4 3584/2/4
f 3325/2/3 3580/2/3 3586/2/3 3326/2/3
f 3580/2/6 3585/2/6 3587/2/6 3586/2/6
f 3327/2/2 3588/2/2 3589/2/2 3347/2/2
f 3326/2/3 3586/2/3 3588/2/3 3327/2/3
f 3586/2/6 3587/2/6 3589/2/6 3588/2/6
f 3344/1/1 3364/1/1 3590/1/1 3582/1/1
f 3345/1/2 3583/1/2 3591/1/2 3365/1/2
f 3368/2/1 3367/2/1 3592/2/1 3585/2/1
f 3585/2/6 3592/2/6 3593/2/6 3587/2/6
f 3347/2/2 3589/2/2 3594/2/2 3369/2/2
f 3389/2/4 3369/2/4 3594/2/4 3593/2/4
f 3587/2/6 3593/2/6 3594/2/6 3589/2/6
f 3364/1/1 3386/1/1 3595/1/1 3590/1/1
f 3365/1/2 3591/1/2 3596/1/2 3387/1/2
f 3366/2/1 3388/2/1 3597/2/1 3598/2/1
f 3366/2/3 3598/2/3 3592/2/3 3367/2/3
f 3389/2/2 3593/2/2 3599/2/2 3390/2/2
f 3592/2/6 3600/2/6 3599/2/6 3593/2/6
f 3386/1/1 3408/1/1 3601/1/1 3595/1/1
f 3387/1/2 3596/1/2 3602/1/2 3409/1/2
f 3388/2/1 3410/2/1 3603/2/1 3597/2/1
f 3410/2/4 3435/2/4 3604/2/4 3603/2/4
f 3597/2/6 3603/2/6 3604/2/6 3600/2/6
f 3390/2/2 3599/2/2 3605/2/2 3411/2/2
f 3600/2/6 3604/2/6 3605/2/6 3599/2/6
f 3408/1/1 3429/1/1 3606/1/1 3601/1/1
f 3431/1/4 3430/1/4 3607/1/4 3608/1/4
f 3409/1/2 3602/1/2 3609/1/2 3432/1/2
f 3430/1/4 3432/1/4 3609/1/4 3607/1/4
f 3411/2/2 3605/2/2 3610/2/2 3436/2/2
f 3435/2/1 3434/2/1 3611/2/1 3604/2/1
f 3434/2/4 3436/2/4 3610/2/4 3611/2/4
f 3604/2/6 3611/2/6 3610/2/6 3605/2/6
f 3426/2/2 3612/2/2 3613/2/2 3451/2/2
f 3425/2/1 3450/2/1 3614/2/1 3615/2/1
f 3425/2/3 3615/2/3 3612/2/3 3426/2/3
f 3450/2/4 3451/2/4 3613/2/4 3614/2/4
f 3615/2/6 3614/2/6 3613/2/6 3612/2/6
f 3427/1/1 3452/1/1 3616/1/1 3617/1/1
f 3427/1/3 3617/1/3 3618/1/3 3428/1/3
f 3452/1/4 3453/1/4 3619/1/4 3616/1/4
f 3428/1/3 3618/1/3 3606/1/3 3429/1/3
f 3431/1/2 3608/1/2 3620/1/2 3454/1/2
f 3453/1/1 3455/1/1 3621/1/1 3619/1/1
f 3455/1/4 3456/1/4 3622/1/4 3621/1/4
f 3456/1/4 3457/1/4 3623/1/4 3622/1/4
f 3457/1/4 3458/1/4 3624/1/4 3623/1/4
f 3460/1/4 3459/1/4 3625/1/4 3626/1/4
f 3459/1/4 3461/1/4 3627/1/4 3625/1/4
f 3461/1/4 3462/1/4 3628/1/4 3627/1/4
f 3454/1/2 3620/1/2 3629/1/2 3463/1/2
f 3462/1/4 3463/1/4 3629/1/4 3628/1/4
f 3458/1/1 3464/1/1 3630/1/1 3624/1/1
f 3631/1/6 3632/1/6 3633/1/6 3634/1/6
f 3466/1/4 3465/1/4 3635/1/4 3636/1/4
f 3637/1/6 3636/1/6 3635/1/6 3638/1/6
f 3460/1/2 3626/1/2 3639/1/2 3467/1/2
f 3640/2/2 3641/2/2 3642/2/2 3643/2/2
f 3644/2/1 3645/2/1 3646/2/1 3647/2/1
f 3644/2/3 3647/2/3 3641/2/3 3640/2/3
f 3644/2/5 3640/2/5 3643/2/5 3645/2/5
f 3464/1/1 3468/1/1 3648/1/1 3630/1/1
f 3468/1/4 3469/1/4 3649/1/4 3648/1/4
f 3469/1/4 3470/1/4 3650/1/4 3649/1/4
f 3632/1/6 3649/1/6 3650/1/6 3633/1/6
f 3466/1/2 3636/1/2 3651/1/2 3471/1/2
f 3470/1/4 3471/1/4 3651/1/4 3650/1/4
f 3633/1/6 3650/1/6 3651/1/6 3636/1/6
f 3465/1/1 3472/1/1 3652/1/1 3635/1/1
f 3472/1/4 3473/1/4 3653/1/4 3652/1/4
f 3473/1/4 3474/1/4 3654/1/4 3653/1/4
f 3474/1/4 3475/1/4 3655/1/4 3654/1/4
f 3475/1/4 3476/1/4 3656/1/4 3655/1/4
f 3476/1/4 3477/1/4 3657/1/4 3656/1/4
f 3467/1/2 3639/1/2 3658/1/2 3478/1/2
f 3477/1/4 3478/1/4 3658/1/4 3657/1/4
f 3643/2/2 3642/2/2 3659/2/2 3479/2/2
f 3645/2/1 3482/2/1 3660/2/1 3646/2/1
f 3646/2/6 3660/2/6 3659/2/6 3642/2/6
f 3645/2/5 3643/2/5 3479/2/5 3482/2/5
f 3479/2/2 3659/2/2 3661/2/2 3480/2/2
f 3482/2/1 3481/2/1 3662/2/1 3660/2/1
f 3481/2/4 3480/2/4 3661/2/4 3662/2/4
f 3660/2/6 3662/2/6 3661/2/6 3659/2/6
f 3491/2/2 3663/2/2 3664/2/2 3665/2/2
f 3492/2/1 3666/2/1 3667/2/1 3668/2/1
f 3492/2/3 3668/2/3 3663/2/3 3491/2/3
f 3666/2/4 3665/2/4 3664/2/4 3667/2/4
f 3492/2/5 3491/2/5 3665/2/5 3666/2/5
f 3669/2/1 3500/2/1 3670/2/1 3671/2/1
f 3669/2/3 3671/2/3 3672/2/3 3673/2/3
f 3671/2/6 3670/2/6 3674/2/6 3672/2/6
f 3669/2/5 3673/2/5 3494/2/5 3500/2/5
f 3675/2/2 3676/2/2 3677/2/2 3678/2/2
f 3673/2/3 3672/2/3 3676/2/3 3675/2/3
f 3672/2/6 3674/2/6 3677/2/6 3676/2/6
f 3673/2/5 3675/2/5 3678/2/5 3494/2/5
f 3500/2/1 3499/2/1 3679/2/1 3670/2/1
f 3499/2/4 3495/2/4 3680/2/4 3679/2/4
f 3670/2/6 3679/2/6 3680/2/6 3674/2/6
f 3495/2/4 3681/2/4 3682/2/4 3680/2/4
f 3674/2/6 3680/2/6 3682/2/6 3677/2/6
f 3494/2/5 3678/2/5 3681/2/5 3495/2/5
f 3683/2/2 3684/2/2 3685/2/2 3686/2/2
f 3678/2/3 3677/2/3 3684/2/3 3683/2/3
f 3681/2/4 3686/2/4 3685/2/4 3682/2/4
f 3677/2/6 3682/2/6 3685/2/6 3684/2/6
f 3678/2/5 3683/2/5 3686/2/5 3681/2/5
f 3687/2/2 3688/2/2 3689/2/2 3690/2/2
f 3691/2/1 3692/2/1 3693/2/1 3694/2/1
f 3691/2/3 3694/2/3 3688/2/3 3687/2/3
f 3691/2/5 3687/2/5 3690/2/5 3692/2/5
f 3690/2/2 3689/2/2 3695/2/2 3502/2/2
f 3692/2/1 3506/2/1 3696/2/1 3693/2/1
f 3506/2/4 3502/2/4 3695/2/4 3696/2/4
f 3693/2/6 3696/2/6 3695/2/6 3689/2/6
f 3692/2/5 3690/2/5 3502/2/5 3506/2/5
f 3697/1/1 3518/1/1 3698/1/1 3699/1/1
f 3697/1/3 3699/1/3 3700/1/3 3701/1/3
f 3697/1/5 3701/1/5 3702/1/5 3518/1/5
f 3701/1/3 3700/1/3 3703/1/3 3704/1/3
f 3700/1/6 3705/1/6 3706/1/6 3703/1/6
f 3701/1/5 3704/1/5 3707/1/5 3702/1/5
f 3704/1/3 3703/1/3 3708/1/3 3709/1/3
f 3703/1/6 3706/1/6 3710/1/6 3708/1/6
f 3704/1/5 3709/1/5 3711/1/5 3707/1/5
f 3712/1/2 3713/1/2 3714/1/2 3715/1/2
f 3709/1/3 3708/1/3 3713/1/3 3712/1/3
f 3709/1/5 3712/1/5 3715/1/5 3711/1/5
f 3510/2/2 3716/2/2 3717/2/2 3513/2/2
f 3511/2/1 3516/2/1 3718/2/1 3719/2/1
f 3511/2/3 3719/2/3 3716/2/3 3510/2/3
f 3518/1/1 3519/1/1 3720/1/1 3698/1/1
f 3518/1/5 3702/1/5 3721/1/5 3519/1/5
f 3702/1/5 3707/1/5 3722/1/5 3721/1/5
f 3707/1/5 3711/1/5 3723/1/5 3722/1/5
f 3715/1/2 3714/1/2 3724/1/2 3725/1/2
f 3711/1/5 3715/1/5 3725/1/5 3723/1/5
f 3516/2/1 3525/2/1 3726/2/1 3718/2/1
f 3727/2/2 3728/2/2 3729/2/2 3530/2/2
f 3513/2/3 3717/2/3 3728/2/3 3727/2/3
f 3513/2/5 3727/2/5 3530/2/5 3524/2/5
f 3730/1/2 3731/1/2 3732/1/2 3539/1/2
f 3733/1/1 3538/1/1 3734/1/1 3735/1/1
f 3733/1/3 3735/1/3 3731/1/3 3730/1/3
f 3733/1/5 3730/1/5 3539/1/5 3538/1/5
f 3736/1/2 3737/1/2 3738/1/2 3541/1/2
f 3739/1/1 3540/1/1 3740/1/1 3741/1/1
f 3739/1/3 3741/1/3 3737/1/3 3736/1/3
f 3739/1/5 3736/1/5 3541/1/5 3540/1/5
f 3522/1/1 3527/1/1 3742/1/1 3743/1/1
f 3522/1/3 3743/1/3 3720/1/3 3519/1/3
f 3519/1/5 3721/1/5 3542/1/5 3526/1/5
f 3721/1/5 3722/1/5 3744/1/5 3542/1/5
f 3722/1/5 3723/1/5 3745/1/5 3744/1/5
f 3725/1/2 3724/1/2 3746/1/2 3747/1/2
f 3723/1/5 3725/1/5 3747/1/5 3745/1/5
f 3525/2/1 3528/2/1 3748/2/1 3726/2/1
f 3528/2/4 3533/2/4 3749/2/4 3748/2/4
f 3530/2/2 3729/2/2 3750/2/2 3531/2/2
f 3533/2/4 3531/2/4 3750/2/4 3749/2/4
f 3751/2/6 3749/2/6 3750/2/6 3729/2/6
f 3536/1/1 3537/1/1 3752/1/1 3753/1/1
f 3536/1/3 3753/1/3 3734/1/3 3538/1/3
f 3539/1/3 3732/1/3 3740/1/3 3540/1/3
f 3541/1/3 3738/1/3 3742/1/3 3527/1/3
f 3542/1/5 3744/1/5 3548/1/5 3543/1/5
f 3744/1/5 3745/1/5 3549/1/5 3548/1/5
f 3747/1/2 3746/1/2 3754/1/2 3550/1/2
f 3745/1/5 3747/1/5 3550/1/5 3549/1/5
f 3534/1/1 3546/1/1 3755/1/1 3756/1/1
f 3534/1/3 3756/1/3 3752/1/3 3537/1/3
f 3546/1/4 3547/1/4 3757/1/4 3755/1/4
f 3550/1/3 3754/1/3 3758/1/3 3551/1/3
f 3551/1/3 3758/1/3 3759/1/3 3552/1/3
f 3552/1/3 3759/1/3 3760/1/3 3553/1/3
f 3553/1/3 3760/1/3 3761/1/3 3554/1/3
f 3554/1/3 3761/1/3 3762/1/3 3555/1/3
f 3555/3/3 3762/3/3 3763/3/3 3556/3/3
f 3556/1/3 3763/1/3 3764/1/3 3557/1/3
f 3558/1/2 3765/1/2 3766/1/2 3559/1/2
f 3557/1/3 3764/1/3 3765/1/3 3558/1/3
f 3544/2/2 3767/2/2 3768/2/2 3562/2/2
f 3545/2/1 3565/2/1 3769/2/1 3770/2/1
f 3545/2/3 3770/2/3 3767/2/3 3544/2/3
f 3770/2/6 3769/2/6 3768/2/6 3767/2/6
f 3545/2/5 3544/2/5 3562/2/5 3565/2/5
f 3547/1/1 3560/1/1 3771/1/1 3757/1/1
f 3559/1/2 3766/1/2 3772/1/2 3561/1/2
f 3562/2/2 3768/2/2 3773/2/2 3563/2/2
f 3565/2/1 3564/2/1 3774/2/1 3769/2/1
f 3564/2/4 3563/2/4 3773/2/4 3774/2/4
f 3560/1/1 3566/1/1 3775/1/1 3771/1/1
f 3561/1/2 3772/1/2 3776/1/2 3567/1/2
f 3566/1/1 3570/1/1 3777/1/1 3775/1/1
f 3567/1/2 3776/1/2 3778/1/2 3571/1/2
f 3570/1/1 3578/1/1 3779/1/1 3777/1/1
f 3571/1/2 3778/1/2 3780/1/2 3579/1/2
f 3572/2/2 3781/2/2 3782/2/2 3580/2/2
f 3573/2/1 3581/2/1 3783/2/1 3784/2/1
f 3573/2/3 3784/2/3 3781/2/3 3572/2/3
f 3784/2/6 3783/2/6 3782/2/6 3781/2/6
f 3578/1/1 3582/1/1 3785/1/1 3779/1/1
f 3579/1/2 3780/1/2 3786/1/2 3583/1/2
f 3580/2/2 3782/2/2 3787/2/2 3585/2/2
f 3581/2/1 3584/2/1 3788/2/1 3783/2/1
f 3582/1/1 3590/1/1 3789/1/1 3785/1/1
f 3583/1/2 3786/1/2 3790/1/2 3591/1/2
f 3585/2/2 3787/2/2 3791/2/2 3592/2/2
f 3584/2/1 3598/2/1 3792/2/1 3788/2/1
f 3584/2/5 3585/2/5 3592/2/5 3598/2/5
f 3590/1/1 3595/1/1 3793/1/1 3789/1/1
f 3591/1/2 3790/1/2 3794/1/2 3596/1/2
f 3592/2/2 3791/2/2 3795/2/2 3600/2/2
f 3598/2/1 3597/2/1 3796/2/1 3792/2/1
f 3597/2/4 3600/2/4 3795/2/4 3796/2/4
f 3792/2/6 3796/2/6 3795/2/6 3791/2/6
f 3595/1/1 3601/1/1 3797/1/1 3793/1/1
f 3596/1/2 3794/1/2 3798/1/2 3602/1/2
f 3601/1/1 3606/1/1 3799/1/1 3797/1/1
f 3608/1/4 3607/1/4 3800/1/4 3801/1/4
f 3602/1/2 3798/1/2 3802/1/2 3609/1/2
f 3607/1/4 3609/1/4 3802/1/4 3800/1/4
f 3615/2/2 3803/2/2 3804/2/2 3614/2/2
f 3805/2/1 3806/2/1 3807/2/1 3808/2/1
f 3805/2/3 3808/2/3 3803/2/3 3615/2/3
f 3806/2/4 3614/2/4 3804/2/4 3807/2/4
f 3805/2/5 3615/2/5 3614/2/5 3806/2/5
f 3617/1/1 3616/1/1 3809/1/1 3810/1/1
f 3617/1/3 3810/1/3 3811/1/3 3618/1/3
f 3616/1/4 3619/1/4 3812/1/4 3809/1/4
f 3618/1/3 3811/1/3 3799/1/3 3606/1/3
f 3608/1/2 3801/1/2 3813/1/2 3620/1/2
f 3611/2/2 3814/2/2 3815/2/2 3816/2/2
f 3817/2/1 3818/2/1 3819/2/1 3820/2/1
f 3817/2/3 3820/2/3 3814/2/3 3611/2/3
f 3820/2/6 3819/2/6 3815/2/6 3814/2/6
f 3817/2/5 3611/2/5 3816/2/5 3818/2/5
f 3619/1/1 3621/1/1 3821/1/1 3812/1/1
f 3621/1/4 3622/1/4 3822/1/4 3821/1/4
f 3622/1/4 3623/1/4 3823/1/4 3822/1/4
f 3623/1/4 3624/1/4 3824/1/4 3823/1/4
f 3631/1/4 3634/1/4 3825/1/4 3826/1/4
f 3827/1/6 3826/1/6 3825/1/6 3828/1/6
f 3637/1/4 3638/1/4 3829/1/4 3830/1/4
f 3831/1/6 3830/1/6 3829/1/6 3832/1/6
f 3626/1/4 3625/1/4 3833/1/4 3834/1/4
f 3625/1/4 3627/1/4 3835/1/4 3833/1/4
f 3627/1/4 3628/1/4 3836/1/4 3835/1/4
f 3620/1/2 3813/1/2 3837/1/2 3629/1/2
f 3628/1/4 3629/1/4 3837/1/4 3836/1/4
f 3816/2/2 3815/2/2 3838/2/2 3641/2/2
f 3818/2/1 3647/2/1 3839/2/1 3819/2/1
f 3819/2/6 3839/2/6 3838/2/6 3815/2/6
f 3818/2/5 3816/2/5 3641/2/5 3647/2/5
f 3631/1/2 3826/1/2 3840/1/2 3632/1/2
f 3624/1/1 3630/1/1 3841/1/1 3824/1/1
f 3824/1/6 3841/1/6 3840/1/6 3826/1/6
f 3637/1/2 3830/1/2 3842/1/2 3636/1/2
f 3634/1/1 3633/1/1 3843/1/1 3825/1/1
f 3633/1/4 3636/1/4 3842/1/4 3843/1/4
f 3825/1/6 3843/1/6 3842/1/6 3830/1/6
f 3638/1/1 3635/1/1 3844/1/1 3829/1/1
f 3829/1/6 3844/1/6 3845/1/6 3846/1/6
f 3846/1/6 3845/1/6 3847/1/6 3848/1/6
f 3848/1/6 3847/1/6 3849/1/6 3850/1/6
f 3850/1/6 3849/1/6 3851/1/6 3852/1/6
f 3852/1/6 3851/1/6 3853/1/6 3854/1/6
f 3626/1/2 3834/1/2 3855/1/2 3639/1/2
f 3854/1/6 3853/1/6 3855/1/6 3834/1/6
f 3641/2/2 3838/2/2 3856/2/2 3642/2/2
f 3647/2/1 3646/2/1 3857/2/1 3839/2/1
f 3646/2/4 3642/2/4 3856/2/4 3857/2/4
f 3632/1/2 3840/1/2 3858/1/2 3649/1/2
f 3630/1/1 3648/1/1 3859/1/1 3841/1/1
f 3648/1/4 3649/1/4 3858/1/4 3859/1/4
f 3841/1/6 3859/1/6 3858/1/6 3840/1/6
f 3635/1/1 3652/1/1 3860/1/1 3844/1/1
f 3652/1/4 3653/1/4 3861/1/4 3860/1/4
f 3844/1/6 3860/1/6 3861/1/6 3845/1/6
f 3653/1/4 3654/1/4 3862/1/4 3861/1/4
f 3845/1/6 3861/1/6 3862/1/6 3847/1/6
f 3654/1/4 3655/1/4 3863/1/4 3862/1/4
f 3847/1/6 3862/1/6 3863/1/6 3849/1/6
f 3655/1/4 3656/1/4 3864/1/4 3863/1/4
f 3849/1/6 3863/1/6 3864/1/6 3851/1/6
f 3656/1/4 3657/1/4 3865/1/4 3864/1/4
f 3851/1/6 3864/1/6 3865/1/6 3853/1/6
f 3639/1/2 3855/1/2 3866/1/2 3658/1/2
f 3657/1/4 3658/1/4 3866/1/4 3865/1/4
f 3853/1/6 3865/1/6 3866/1/6 3855/1/6
f 3663/2/2 3867/2/2 3868/2/2 3664/2/2
f 3668/2/1 3667/2/1 3869/2/1 3870/2/1
f 3668/2/3 3870/2/3 3867/2/3 3663/2/3
f 3667/2/4 3664/2/4 3868/2/4 3869/2/4
f 3871/2/2 3872/2/2 3873/2/2 3874/2/2
f 3875/2/1 3876/2/1 3877/2/1 3878/2/1
f 3875/2/3 3878/2/3 3872/2/3 3871/2/3
f 3875/2/5 3871/2/5 3874/2/5 3876/2/5
f 3874/2/2 3873/2/2 3879/2/2 3688/2/2
f 3876/2/1 3694/2/1 3880/2/1 3877/2/1
f 3877/2/6 3880/2/6 3879/2/6 3873/2/6
f 3876/2/5 3874/2/5 3688/2/5 3694/2/5
f 3688/2/2 3879/2/2 3881/2/2 3689/2/2
f 3694/2/1 3693/2/1 3882/2/1 3880/2/1
f 3693/2/4 3689/2/4 3881/2/4 3882/2/4
f 3880/2/6 3882/2/6 3881/2/6 3879/2/6
f 3883/2/2 3884/2/2 3885/2/2 3716/2/2
f 3886/2/1 3719/2/1 3887/2/1 3888/2/1
f 3886/2/3 3888/2/3 3884/2/3 3883/2/3
f 3886/2/5 3883/2/5 3716/2/5 3719/2/5
f 3700/1/2 3889/1/2 3890/1/2 3705/1/2
f 3699/1/1 3698/1/1 3891/1/1 3892/1/1
f 3699/1/3 3892/1/3 3889/1/3 3700/1/3
f 3892/1/6 3891/1/6 3890/1/6 3889/1/6
f 3713/1/2 3893/1/2 3894/1/2 3714/1/2
f 3708/1/1 3710/1/1 3895/1/1 3896/1/1
f 3708/1/3 3896/1/3 3893/1/3 3713/1/3
f 3719/2/1 3718/2/1 3897/2/1 3887/2/1
f 3898/2/2 3899/2/2 3900/2/2 3728/2/2
f 3716/2/3 3885/2/3 3899/2/3 3898/2/3
f 3885/2/6 3901/2/6 3900/2/6 3899/2/6
f 3716/2/5 3898/2/5 3728/2/5 3717/2/5
f 3698/1/1 3720/1/1 3902/1/1 3891/1/1
f 3705/1/3 3890/1/3 3903/1/3 3706/1/3
f 3706/1/3 3903/1/3 3895/1/3 3710/1/3
f 3714/1/2 3894/1/2 3904/1/2 3724/1/2
f 3718/2/1 3726/2/1 3905/2/1 3897/2/1
f 3897/2/6 3905/2/6 3906/2/6 3901/2/6
f 3728/2/2 3900/2/2 3907/2/2 3729/2/2
f 3751/2/4 3729/2/4 3907/2/4 3906/2/4
f 3735/1/1 3734/1/1 3908/1/1 3909/1/1
f 3735/1/3 3909/1/3 3910/1/3 3731/1/3
f 3909/1/6 3908/1/6 3911/1/6 3910/1/6
f 3731/1/3 3910/1/3 3912/1/3 3741/1/3
f 3910/1/6 3911/1/6 3913/1/6 3912/1/6
f 3731/1/5 3741/1/5 3740/1/5 3732/1/5
f 3737/1/2 3914/1/2 3915/1/2 3738/1/2
f 3741/1/3 3912/1/3 3914/1/3 3737/1/3
f 3912/1/6 3913/1/6 3915/1/6 3914/1/6
f 3743/1/1 3742/1/1 3916/1/1 3917/1/1
f 3743/1/3 3917/1/3 3902/1/3 3720/1/3
f 3724/1/2 3904/1/2 3918/1/2 3746/1/2
f 3751/2/2 3906/2/2 3919/2/2 3749/2/2
f 3726/2/1 3748/2/1 3920/2/1 3905/2/1
f 3905/2/6 3920/2/6 3919/2/6 3906/2/6
f 3753/1/1 3752/1/1 3921/1/1 3922/1/1
f 3753/1/3 3922/1/3 3908/1/3 3734/1/3
f 3922/1/6 3921/1/6 3923/1/6 3908/1/6
f 3908/1/6 3923/1/6 3924/1/6 3911/1/6
f 3911/1/6 3924/1/6 3925/1/6 3913/1/6
f 3738/1/3 3915/1/3 3916/1/3 3742/1/3
f 3746/1/2 3918/1/2 3926/1/2 3754/1/2
f 3927/1/1 3760/1/1 3928/1/1 3929/1/1
f 3927/1/3 3929/1/3 3930/1/3 3931/1/3
f 3929/1/6 3928/1/6 3932/1/6 3930/1/6
f 3927/1/5 3931/1/5 3761/1/5 3760/1/5
f 3933/1/2 3934/1/2 3935/1/2 3762/1/2
f 3931/1/3 3930/1/3 3934/1/3 3933/1/3
f 3930/1/6 3932/1/6 3935/1/6 3934/1/6
f 3931/1/5 3933/1/5 3762/1/5 3761/1/5
f 3749/2/2 3919/2/2 3936/2/2 3767/2/2
f 3748/2/1 3770/2/1 3937/2/1 3920/2/1
f 3770/2/4 3767/2/4 3936/2/4 3937/2/4
f 3748/2/5 3749/2/5 3767/2/5 3770/2/5
f 3756/1/1 3755/1/1 3938/1/1 3939/1/1
f 3756/1/3 3939/1/3 3921/1/3 3752/1/3
f 3755/1/4 3757/1/4 3940/1/4 3938/1/4
f 3939/1/6 3938/1/6 3940/1/6 3921/1/6
f 3754/1/3 3926/1/3 3941/1/3 3758/1/3
f 3758/1/3 3941/1/3 3942/1/3 3759/1/3
f 3759/4/3 3942/4/3 3928/4/3 3760/4/3
f 3762/1/3 3935/1/3 3943/1/3 3763/1/3
f 3763/1/3 3943/1/3 3944/1/3 3764/1/3
f 3765/1/2 3945/1/2 3946/1/2 3766/1/2
f 3764/1/3 3944/1/3 3945/1/3 3765/1/3
f 3757/1/1 3771/1/1 3947/1/1 3940/1/1
f 3766/1/2 3946/1/2 3948/1/2 3772/1/2
f 3768/2/2 3949/2/2 3950/2/2 3773/2/2
f 3769/2/1 3774/2/1 3951/2/1 3952/2/1
f 3769/2/3 3952/2/3 3949/2/3 3768/2/3
f 3774/2/4 3773/2/4 3950/2/4 3951/2/4
f 3771/1/1 3775/1/1 3953/1/1 3947/1/1
f 3772/1/2 3948/1/2 3954/1/2 3776/1/2
f 3775/1/1 3777/1/1 3955/1/1 3953/1/1
f 3776/1/2 3954/1/2 3956/1/2 3778/1/2
f 3777/1/1 3779/1/1 3957/1/1 3955/1/1
f 3778/1/2 3956/1/2 3958/1/2 3780/1/2
f 3779/1/1 3785/1/1 3959/1/1 3957/1/1
f 3780/1/2 3958/1/2 3960/1/2 3786/1/2
f 3782/2/2 3961/2/2 3962/2/2 3787/2/2
f 3783/2/1 3788/2/1 3963/2/1 3964/2/1
f 3783/2/3 3964/2/3 3961/2/3 3782/2/3
f 3785/1/1 3789/1/1 3965/1/1 3959/1/1
f 3966/1/6 3967/1/6 3968/1/6 3969/1/6
f 3786/1/2 3960/1/2 3970/1/2 3790/1/2
f 3788/2/1 3792/2/1 3971/2/1 3963/2/1
f 3792/2/4 3791/2/4 3972/2/4 3971/2/4
f 3963/2/6 3971/2/6 3972/2/6 3962/2/6
f 3973/2/2 3974/2/2 3975/2/2 3976/2/2
f 3787/2/3 3962/2/3 3974/2/3 3973/2/3
f 3791/2/4 3976/2/4 3975/2/4 3972/2/4
f 3962/2/6 3972/2/6 3975/2/6 3974/2/6
f 3787/2/5 3973/2/5 3976/2/5 3791/2/5
f 3789/1/1 3793/1/1 3977/1/1 3965/1/1
f 3967/1/6 3978/1/6 3979/1/6 3968/1/6
f 3790/1/2 3970/1/2 3980/1/2 3794/1/2
f 3793/1/1 3797/1/1 3981/1/1 3977/1/1
f 3794/1/2 3980/1/2 3982/1/2 3798/1/2
f 3797/1/1 3799/1/1 3983/1/1 3981/1/1
f 3801/1/4 3800/1/4 3984/1/4 3985/1/4
f 3798/1/2 3982/1/2 3986/1/2 3802/1/2
f 3800/1/4 3802/1/4 3986/1/4 3984/1/4
f 3987/2/2 3988/2/2 3989/2/2 3814/2/2
f 3990/2/1 3820/2/1 3991/2/1 3992/2/1
f 3990/2/3 3992/2/3 3988/2/3 3987/2/3
f 3820/2/4 3814/2/4 3989/2/4 3991/2/4
f 3992/2/6 3991/2/6 3989/2/6 3988/2/6
f 3990/2/5 3987/2/5 3814/2/5 3820/2/5
f 3803/2/2 3993/2/2 3994/2/2 3804/2/2
f 3808/2/1 3807/2/1 3995/2/1 3996/2/1
f 3808/2/3 3996/2/3 3993/2/3 3803/2/3
f 3807/2/4 3804/2/4 3994/2/4 3995/2/4
f 3996/2/6 3995/2/6 3994/2/6 3993/2/6
f 3810/1/1 3809/1/1 3997/1/1 3998/1/1
f 3810/1/3 3998/1/3 3999/1/3 3811/1/3
f 3809/1/4 3812/1/4 4000/1/4 3997/1/4
f 3811/1/3 3999/1/3 3983/1/3 3799/1/3
f 3827/1/4 3828/1/4 4001/1/4 4002/1/4
f 3831/1/4 3832/1/4 4003/1/4 4004/1/4
f 3801/1/2 3985/1/2 4005/1/2 3813/1/2
f 3812/1/1 3821/1/1 4006/1/1 4000/1/1
f 3821/1/4 3822/1/4 4007/1/4 4006/1/4
f 3822/1/4 3823/1/4 4008/1/4 4007/1/4
f 3823/1/4 3824/1/4 4009/1/4 4008/1/4
f 3827/1/2 4002/1/2 4010/1/2 3826/1/2
f 3824/1/4 3826/1/4 4010/1/4 4009/1/4
f 3831/1/2 4004/1/2 4011/1/2 3830/1/2
f 3828/1/1 3825/1/1 4012/1/1 4001/1/1
f 3825/1/4 3830/1/4 4011/1/4 4012/1/4
f 3832/1/1 3829/1/1 4013/1/1 4003/1/1
f 3829/1/4 3846/1/4 4014/1/4 4013/1/4
f 4003/1/6 4013/1/6 4014/1/6 4015/1/6
f 3846/1/4 3848/1/4 4016/1/4 4014/1/4
f 3848/1/4 3850/1/4 4017/1/4 4016/1/4
f 3850/1/4 3852/1/4 4018/1/4 4017/1/4
f 3852/1/4 3854/1/4 4019/1/4 4018/1/4
f 3854/1/4 3834/1/4 4020/1/4 4019/1/4
f 4021/1/6 4019/1/6 4020/1/6 4022/1/6
f 3834/1/4 3833/1/4 4023/1/4 4020/1/4
f 4022/1/6 4020/1/6 4023/1/6 4024/1/6
f 3833/1/4 3835/1/4 4025/1/4 4023/1/4
f 3835/1/4 3836/1/4 4026/1/4 4025/1/4
f 3813/1/2 4005/1/2 4027/1/2 3837/1/2
f 3836/1/4 3837/1/4 4027/1/4 4026/1/4
f 3838/2/2 4028/2/2 4029/2/2 3856/2/2
f 3839/2/1 3857/2/1 4030/2/1 4031/2/1
f 3839/2/3 4031/2/3 4028/2/3 3838/2/3
f 3857/2/4 3856/2/4 4029/2/4 4030/2/4
f 4032/2/2 4033/2/2 4034/2/2 4035/2/2
f 4036/2/1 4037/2/1 4038/2/1 4039/2/1
f 4036/2/3 4039/2/3 4033/2/3 4032/2/3
f 4036/2/5 4032/2/5 4035/2/5 4037/2/5
f 4035/2/2 4034/2/2 4040/2/2 3867/2/2
f 4037/2/1 3870/2/1 4041/2/1 4038/2/1
f 4038/2/6 4041/2/6 4040/2/6 4034/2/6
f 4037/2/5 4035/2/5 3867/2/5 3870/2/5
f 3867/2/2 4040/2/2 4042/2/2 3868/2/2
f 3870/2/1 3869/2/1 4043/2/1 4041/2/1
f 3869/2/4 3868/2/4 4042/2/4 4043/2/4
f 4041/2/6 4043/2/6 4042/2/6 4040/2/6
f 4044/2/2 4045/2/2 4046/2/2 4047/2/2
f 4048/2/1 4049/2/1 4050/2/1 4051/2/1
f 4048/2/3 4051/2/3 4045/2/3 4044/2/3
f 4048/2/5 4044/2/5 4047/2/5 4049/2/5
f 4047/2/2 4046/2/2 4052/2/2 4053/2/2
f 4049/2/1 4054/2/1 4055/2/1 4050/2/1
f 4054/2/4 4053/2/4 4052/2/4 4055/2/4
f 4049/2/5 4047/2/5 4053/2/5 4054/2/5
f 3872/2/2 4056/2/2 4057/2/2 3873/2/2
f 3878/2/1 3877/2/1 4058/2/1 4059/2/1
f 3878/2/3 4059/2/3 4056/2/3 3872/2/3
f 3877/2/4 3873/2/4 4057/2/4 4058/2/4
f 4059/2/6 4058/2/6 4057/2/6 4056/2/6
f 3884/2/2 4060/2/2 4061/2/2 3885/2/2
f 3888/2/1 3887/2/1 4062/2/1 4063/2/1
f 3888/2/3 4063/2/3 4060/2/3 3884/2/3
f 3893/1/2 4064/1/2 4065/1/2 3894/1/2
f 3896/1/1 3895/1/1 4066/1/1 4067/1/1
f 3896/1/3 4067/1/3 4064/1/3 3893/1/3
f 3885/2/2 4061/2/2 4068/2/2 3901/2/2
f 3887/2/1 3897/2/1 4069/2/1 4062/2/1
f 3897/2/4 3901/2/4 4068/2/4 4069/2/4
f 3891/1/1 3902/1/1 4070/1/1 4071/1/1
f 3891/1/3 4071/1/3 4072/1/3 3890/1/3
f 3890/1/3 4072/1/3 4073/1/3 3903/1/3
f 3903/1/3 4073/1/3 4066/1/3 3895/1/3
f 3894/1/2 4065/1/2 4074/1/2 3904/1/2
f 3900/7/2 4075/7/2 4076/7/2 3907/7/2
f 3901/7/1 3906/7/1 4077/7/1 4068/7/1
f 3901/7/3 4068/7/3 4075/7/3 3900/7/3
f 3906/7/4 3907/7/4 4076/7/4 4077/7/4
f 4068/7/6 4077/7/6 4076/7/6 4075/7/6
f 3917/1/1 3916/1/1 4078/1/1 4079/1/1
f 3917/1/3 4079/1/3 4070/1/3 3902/1/3
f 4079/1/6 4078/1/6 4080/1/6 4070/1/6
f 3904/1/2 4074/1/2 4081/1/2 3918/1/2
f 3913/1/1 3925/1/1 4082/1/1 4083/1/1
f 3913/1/3 4083/1/3 4084/1/3 3915/1/3
f 4083/1/6 4082/1/6 4085/1/6 4084/1/6
f 3915/1/3 4084/1/3 4078/1/3 3916/1/3
f 4084/1/6 4085/1/6 4086/1/6 4078/1/6
f 4078/1/6 4086/1/6 4087/1/6 4080/1/6
f 3918/1/2 4081/1/2 4088/1/2 3926/1/2
f 4089/1/1 3941/1/1 4090/1/1 4091/1/1
f 4089/1/3 4091/1/3 4092/1/3 4093/1/3
f 4091/1/6 4090/1/6 4094/1/6 4092/1/6
f 4089/1/5 4093/1/5 3942/1/5 3941/1/5
f 3929/1/2 4095/1/2 4096/1/2 3928/1/2
f 4093/1/3 4092/1/3 4095/1/3 3929/1/3
f 4092/1/6 4094/1/6 4096/1/6 4095/1/6
f 4093/1/5 3929/1/5 3928/1/5 3942/1/5
f 3919/2/2 4097/2/2 4098/2/2 3936/2/2
f 3920/2/1 3937/2/1 4099/2/1 4100/2/1
f 3920/2/3 4100/2/3 4097/2/3 3919/2/3
f 3921/1/1 3940/1/1 4101/1/1 4102/1/1
f 3921/1/3 4102/1/3 4103/1/3 3923/1/3
f 3923/1/3 4103/1/3 4104/1/3 3924/1/3
f 3924/1/3 4104/1/3 4082/1/3 3925/1/3
f 4105/1/6 4106/1/6 4107/1/6 4108/1/6
f 3926/1/3 4088/1/3 4090/1/3 3941/1/3
f 3928/1/3 4096/1/3 4109/1/3 3932/1/3
f 3932/1/3 4109/1/3 4110/1/3 3935/1/3
f 3935/1/3 4110/1/3 4111/1/3 3943/1/3
f 3943/1/3 4111/1/3 4112/1/3 3944/1/3
f 3945/1/2 4113/1/2 4114/1/2 3946/1/2
f 3944/1/3 4112/1/3 4113/1/3 3945/1/3
f 3936/2/2 4098/2/2 4115/2/2 3949/2/2
f 3937/2/1 3952/2/1 4116/2/1 4099/2/1
f 4099/2/6 4116/2/6 4115/2/6 4098/2/6
f 3937/2/5 3936/2/5 3949/2/5 3952/2/5
f 3940/1/1 3947/1/1 4117/1/1 4101/1/1
f 4106/1/6 4118/1/6 4119/1/6 4107/1/6
f 4107/3/6 4119/3/6 4120/3/6 4121/3/6
f 4121/1/6 4120/1/6 4122/1/6 4123/1/6
f 4123/1/6 4122/1/6 4124/1/6 4125/1/6
f 3946/1/2 4114/1/2 4126/1/2 3948/1/2
f 3949/2/2 4115/2/2 4127/2/2 3950/2/2
f 3952/2/1 3951/2/1 4128/2/1 4116/2/1
f 3947/1/1 3953/1/1 4129/1/1 4117/1/1
f 3948/1/2 4126/1/2 4130/1/2 3954/1/2
f 3950/2/2 4127/2/2 4131/2/2 4132/2/2
f 3951/2/1 4133/2/1 4134/2/1 4128/2/1
f 4128/2/6 4134/2/6 4131/2/6 4127/2/6
f 3951/2/5 3950/2/5 4132/2/5 4133/2/5
f 3953/1/1 3955/1/1 4135/1/1 4129/1/1
f 4136/1/6 4137/1/6 4138/1/6 4139/1/6
f 4139/1/6 4138/1/6 4140/1/6 4141/1/6
f 4141/1/6 4140/1/6 4142/1/6 4143/1/6
f 4144/1/6 4145/1/6 4146/1/6 4147/1/6
f 3954/1/2 4130/1/2 4148/1/2 3956/1/2
f 4132/2/2 4131/2/2 4149/2/2 4150/2/2
f 4133/2/1 4151/2/1 4152/2/1 4134/2/1
f 4133/2/5 4132/2/5 4150/2/5 4151/2/5
f 3955/1/1 3957/1/1 4153/1/1 4135/1/1
f 4140/1/6 4154/1/6 4155/1/6 4142/1/6
f 4145/1/6 4156/1/6 4157/1/6 4146/1/6
f 4146/1/6 4157/1/6 4158/1/6 4159/1/6
f 4159/1/6 4158/1/6 4160/1/6 4161/1/6
f 3956/1/2 4148/1/2 4162/1/2 3958/1/2
f 4150/2/2 4149/2/2 4163/2/2 3961/2/2
f 4151/2/1 3964/2/1 4164/2/1 4152/2/1
f 4151/2/5 4150/2/5 3961/2/5 3964/2/5
f 3957/1/1 3959/1/1 4165/1/1 4153/1/1
f 4154/1/6 4166/1/6 4167/1/6 4155/1/6
f 3966/1/4 3969/1/4 4168/1/4 4167/1/4
f 4155/1/6 4167/1/6 4168/1/6 4169/1/6
f 4158/1/6 4170/1/6 4171/1/6 4160/1/6
f 4160/1/6 4171/1/6 4172/1/6 4173/1/6
f 3958/1/2 4162/1/2 4174/1/2 3960/1/2
f 3964/2/1 3963/2/1 4175/2/1 4164/2/1
f 3963/2/4 3962/2/4 4176/2/4 4175/2/4
f 4177/2/2 4178/2/2 4179/2/2 3974/2/2
f 3961/2/3 4163/2/3 4178/2/3 4177/2/3
f 3962/2/4 3974/2/4 4179/2/4 4176/2/4
f 4163/2/6 4176/2/6 4179/2/6 4178/2/6
f 3961/2/5 4177/2/5 3974/2/5 3962/2/5
f 3959/1/1 3965/1/1 4180/1/1 4165/1/1
f 4181/1/6 4182/1/6 4183/1/6 4184/1/6
f 3966/1/2 4167/1/2 4185/1/2 3967/1/2
f 3969/1/1 3968/1/1 4186/1/1 4168/1/1
f 4171/1/6 4187/1/6 4188/1/6 4172/1/6
f 3960/1/2 4174/1/2 4189/1/2 3970/1/2
f 3965/1/1 3977/1/1 4190/1/1 4180/1/1
f 4191/1/6 4192/1/6 4193/1/6 4182/1/6
f 4182/1/6 4193/1/6 4194/1/6 4183/1/6
f 3967/1/2 4185/1/2 4195/1/2 3978/1/2
f 3968/1/1 3979/1/1 4196/1/1 4186/1/1
f 4186/1/6 4196/1/6 4197/1/6 4198/1/6
f 3970/1/2 4189/1/2 4199/1/2 3980/1/2
f 3977/1/1 3981/1/1 4200/1/1 4190/1/1
f 4190/1/6 4200/1/6 4201/1/6 4192/1/6
f 3978/1/3 4195/1/3 4196/1/3 3979/1/3
f 3980/1/2 4199/1/2 4202/1/2 3982/1/2
f 3981/1/1 3983/1/1 4203/1/1 4200/1/1
f 4200/1/6 4203/1/6 4204/1/6 4201/1/6
f 4205/1/6 4206/1/6 4207/1/6 4208/1/6
f 4209/1/6 4210/1/6 4211/1/6 4212/1/6
f 3985/1/4 3984/1/4 4213/1/4 4214/1/4
f 3982/1/2 4202/1/2 4215/1/2 3986/1/2
f 3984/1/4 3986/1/4 4215/1/4 4213/1/4
f 3996/2/2 4216/2/2 4217/2/2 3995/2/2
f 4218/2/1 4219/2/1 4220/2/1 4221/2/1
f 4218/2/3 4221/2/3 4216/2/3 3996/2/3
f 4219/2/4 3995/2/4 4217/2/4 4220/2/4
f 4221/2/6 4220/2/6 4217/2/6 4216/2/6
f 4218/2/5 3996/2/5 3995/2/5 4219/2/5
f 3998/1/1 3997/1/1 4222/1/1 4223/1/1
f 3998/1/3 4223/1/3 4224/1/3 3999/1/3
f 3997/1/4 4000/1/4 4225/1/4 4222/1/4
f 4223/1/6 4222/1/6 4225/1/6 4224/1/6
f 3999/1/3 4224/1/3 4203/1/3 3983/1/3
f 4002/1/4 4001/1/4 4226/1/4 4227/1/4
f 4004/1/4 4003/1/4 4228/1/4 4229/1/4
f 4230/1/6 4229/1/6 4228/1/6 4206/1/6
f 4003/1/4 4015/1/4 4231/1/4 4228/1/4
f 4206/1/6 4228/1/6 4231/1/6 4207/1/6
f 4021/1/4 4022/1/4 4232/1/4 4233/1/4
f 4022/1/4 4024/1/4 4234/1/4 4232/1/4
f 4210/1/6 4232/1/6 4234/1/6 4211/1/6
f 3985/1/2 4214/1/2 4235/1/2 4005/1/2
f 4000/1/1 4006/1/1 4236/1/1 4225/1/1
f 4006/1/4 4007/1/4 4237/1/4 4236/1/4
f 4007/1/4 4008/1/4 4238/1/4 4237/1/4
f 4008/1/4 4009/1/4 4239/1/4 4238/1/4
f 4002/1/2 4227/1/2 4240/1/2 4010/1/2
f 4009/1/4 4010/1/4 4240/1/4 4239/1/4
f 4004/1/2 4229/1/2 4241/1/2 4011/1/2
f 4001/1/1 4012/1/1 4242/1/1 4226/1/1
f 4012/1/4 4011/1/4 4241/1/4 4242/1/4
f 4226/1/6 4242/1/6 4241/1/6 4229/1/6
f 4015/1/1 4014/1/1 4243/1/1 4231/1/1
f 4014/1/4 4016/1/4 4244/1/4 4243/1/4
f 4231/1/6 4243/1/6 4244/1/6 4245/1/6
f 4016/1/4 4017/1/4 4246/1/4 4244/1/4
f 4245/1/6 4244/1/6 4246/1/6 4247/1/6
f 4017/1/4 4018/1/4 4248/1/4 4246/1/4
f 4247/1/6 4246/1/6 4248/1/6 4249/1/6
f 4021/1/2 4233/1/2 4250/1/2 4019/1/2
f 4018/1/4 4019/1/4 4250/1/4 4248/1/4
f 4249/1/6 4248/1/6 4250/1/6 4233/1/6
f 4024/1/1 4023/1/1 4251/1/1 4234/1/1
f 4023/1/4 4025/1/4 4252/1/4 4251/1/4
f 4025/1/4 4026/1/4 4253/1/4 4252/1/4
f 4005/1/2 4235/1/2 4254/1/2 4027/1/2
f 4026/1/4 4027/1/4 4254/1/4 4253/1/4
f 4255/7/2 4256/7/2 4257/7/2 4028/7/2
f 4258/7/1 4031/7/1 4259/7/1 4260/7/1
f 4258/7/3 4260/7/3 4256/7/3 4255/7/3
f 4260/7/6 4259/7/6 4257/7/6 4256/7/6
f 4258/7/5 4255/7/5 4028/7/5 4031/7/5
f 4028/2/2 4257/2/2 4261/2/2 4029/2/2
f 4031/2/1 4030/2/1 4262/2/1 4259/2/1
f 4030/2/4 4029/2/4 4261/2/4 4262/2/4
f 4263/2/2 4264/2/2 4265/2/2 4266/2/2
f 4267/2/1 4268/2/1 4269/2/1 4270/2/1
f 4267/2/3 4270/2/3 4264/2/3 4263/2/3
f 4267/2/5 4263/2/5 4266/2/5 4268/2/5
f 4266/2/2 4265/2/2 4271/2/2 4033/2/2
f 4268/2/1 4039/2/1 4272/2/1 4269/2/1
f 4269/2/6 4272/2/6 4271/2/6 4265/2/6
f 4268/2/5 4266/2/5 4033/2/5 4039/2/5
f 4033/2/2 4271/2/2 4273/2/2 4034/2/2
f 4039/2/1 4038/2/1 4274/2/1 4272/2/1
f 4038/2/4 4034/2/4 4273/2/4 4274/2/4
f 4272/2/6 4274/2/6 4273/2/6 4271/2/6
f 4045/2/2 4275/2/2 4276/2/2 4046/2/2
f 4051/2/1 4050/2/1 4277/2/1 4278/2/1
f 4051/2/3 4278/2/3 4275/2/3 4045/2/3
f 4278/2/6 4277/2/6 4276/2/6 4275/2/6
f 4046/2/2 4276/2/2 4279/2/2 4052/2/2
f 4050/2/1 4055/2/1 4280/2/1 4277/2/1
f 4055/2/4 4052/2/4 4279/2/4 4280/2/4
f 4277/2/6 4280/2/6 4279/2/6 4276/2/6
f 4281/7/2 4282/7/2 4283/7/2 4284/7/2
f 4285/7/1 4286/7/1 4287/7/1 4288/7/1
f 4285/7/3 4288/7/3 4282/7/3 4281/7/3
f 4288/7/6 4287/7/6 4283/7/6 4282/7/6
f 4285/7/5 4281/7/5 4284/7/5 4286/7/5
f 4284/7/2 4283/7/2 4289/7/2 4290/7/2
f 4286/7/1 4060/7/1 4291/7/1 4287/7/1
f 4286/7/5 4284/7/5 4290/7/5 4060/7/5
f 4063/2/1 4062/2/1 4292/2/1 4293/2/1
f 4063/2/3 4293/2/3 4291/2/3 4060/2/3
f 4290/2/2 4289/2/2 4294/2/2 4295/2/2
f 4060/2/5 4290/2/5 4295/2/5 4061/2/5
f 4064/1/2 4296/1/2 4297/1/2 4065/1/2
f 4067/1/1 4066/1/1 4298/1/1 4299/1/1
f 4067/1/3 4299/1/3 4296/1/3 4064/1/3
f 4299/1/6 4298/1/6 4297/1/6 4296/1/6
f 4062/2/1 4069/2/1 4300/2/1 4292/2/1
f 4069/2/4 4068/2/4 4301/2/4 4300/2/4
f 4292/2/6 4300/2/6 4301/2/6 4302/2/6
f 4295/2/2 4294/2/2 4303/2/2 4075/2/2
f 4068/2/4 4075/2/4 4303/2/4 4301/2/4
f 4302/2/6 4301/2/6 4303/2/6 4294/2/6
f 4061/2/5 4295/2/5 4075/2/5 4068/2/5
f 4071/3/1 4070/3/1 4304/3/1 4305/3/1
f 4071/3/3 4305/3/3 4306/3/3 4072/3/3
f 4305/3/6 4304/3/6 4307/3/6 4306/3/6
f 4072/1/3 4306/1/3 4308/1/3 4073/1/3
f 4306/1/6 4307/1/6 4309/1/6 4308/1/6
f 4073/1/3 4308/1/3 4298/1/3 4066/1/3
f 4308/1/6 4309/1/6 4310/1/6 4298/1/6
f 4065/1/2 4297/1/2 4311/1/2 4074/1/2
f 4298/1/6 4310/1/6 4311/1/6 4297/1/6
f 4070/1/1 4080/1/1 4312/1/1 4304/1/1
f 4304/1/6 4312/1/6 4313/1/6 4307/1/6
f 4307/1/6 4313/1/6 4314/1/6 4309/1/6
f 4309/1/6 4314/1/6 4315/1/6 4310/1/6
f 4074/1/2 4311/1/2 4316/1/2 4081/1/2
f 4310/1/6 4315/1/6 4316/1/6 4311/1/6
f 4080/1/1 4087/1/1 4317/1/1 4312/1/1
f 4312/1/6 4317/1/6 4318/1/6 4313/1/6
f 4313/1/6 4318/1/6 4319/1/6 4314/1/6
f 4105/1/4 4108/1/4 4320/1/4 4319/1/4
f 4314/1/6 4319/1/6 4320/1/6 4315/1/6
f 4081/1/2 4316/1/2 4321/1/2 4088/1/2
f 4315/1/6 4320/1/6 4321/1/6 4316/1/6
f 4097/7/2 4322/7/2 4323/7/2 4098/7/2
f 4100/7/1 4099/7/1 4324/7/1 4325/7/1
f 4100/7/3 4325/7/3 4322/7/3 4097/7/3
f 4099/7/4 4098/7/4 4323/7/4 4324/7/4
f 4325/7/6 4324/7/6 4323/7/6 4322/7/6
f 4326/7/2 4327/7/2 4328/7/2 4329/7/2
f 4330/7/1 4331/7/1 4332/7/1 4333/7/1
f 4330/7/3 4333/7/3 4327/7/3 4326/7/3
f 4333/7/6 4332/7/6 4328/7/6 4327/7/6
f 4330/7/5 4326/7/5 4329/7/5 4331/7/5
f 4102/1/1 4101/1/1 4334/1/1 4335/1/1
f 4102/1/3 4335/1/3 4336/1/3 4103/1/3
f 4335/1/6 4334/1/6 4337/1/6 4336/1/6
f 4103/1/3 4336/1/3 4338/1/3 4104/1/3
f 4336/1/6 4337/1/6 4339/1/6 4338/1/6
f 4104/1/3 4338/1/3 4340/1/3 4082/1/3
f 4338/1/6 4339/1/6 4341/1/6 4340/1/6
f 4082/1/3 4340/1/3 4342/1/3 4085/1/3
f 4340/1/6 4341/1/6 4343/1/6 4342/1/6
f 4085/1/3 4342/1/3 4344/1/3 4086/1/3
f 4342/1/6 4343/1/6 4345/1/6 4344/1/6
f 4086/1/3 4344/1/3 4317/1/3 4087/1/3
f 4344/1/6 4345/1/6 4346/1/6 4317/1/6
f 4317/1/6 4346/1/6 4347/1/6 4318/1/6
f 4105/1/2 4319/1/2 4348/1/2 4106/1/2
f 4318/1/6 4347/1/6 4348/1/6 4319/1/6
f 4108/1/1 4107/1/1 4349/1/1 4320/1/1
f 4107/1/4 4121/1/4 4350/1/4 4349/1/4
f 4320/1/6 4349/1/6 4350/1/6 4321/1/6
f 4088/1/3 4321/1/3 4351/1/3 4090/1/3
f 4121/1/4 4123/1/4 4352/1/4 4350/1/4
f 4321/1/6 4350/1/6 4352/1/6 4351/1/6
f 4090/1/3 4351/1/3 4353/1/3 4094/1/3
f 4123/1/4 4125/1/4 4354/1/4 4352/1/4
f 4351/1/6 4352/1/6 4354/1/6 4353/1/6
f 4094/1/3 4353/1/3 4355/1/3 4096/1/3
f 4353/1/6 4354/1/6 4356/1/6 4355/1/6
f 4096/1/3 4355/1/3 4357/1/3 4109/1/3
f 4355/1/6 4356/1/6 4358/1/6 4357/1/6
f 4109/1/3 4357/1/3 4359/1/3 4110/1/3
f 4357/1/6 4358/1/6 4360/1/6 4359/1/6
f 4110/1/3 4359/1/3 4361/1/3 4111/1/3
f 4359/1/6 4360/1/6 4362/1/6 4361/1/6
f 4111/1/3 4361/1/3 4363/1/3 4112/1/3
f 4361/1/6 4362/1/6 4364/1/6 4363/1/6
f 4113/1/2 4365/1/2 4366/1/2 4114/1/2
f 4112/1/3 4363/1/3 4365/1/3 4113/1/3
f 4363/1/6 4364/1/6 4366/1/6 4365/1/6
f 4331/2/1 4367/2/1 4368/2/1 4332/2/1
f 4367/2/4 4369/2/4 4370/2/4 4368/2/4
f 4332/2/6 4368/2/6 4370/2/6 4328/2/6
f 4331/2/5 4329/2/5 4369/2/5 4367/2/5
f 4371/2/2 4372/2/2 4373/2/2 4374/2/2
f 4329/2/3 4328/2/3 4372/2/3 4371/2/3
f 4329/2/5 4371/2/5 4374/2/5 4369/2/5
f 4101/1/1 4117/1/1 4375/1/1 4334/1/1
f 4334/1/6 4375/1/6 4376/1/6 4337/1/6
f 4337/1/6 4376/1/6 4377/1/6 4339/1/6
f 4339/1/6 4377/1/6 4378/1/6 4341/1/6
f 4341/1/6 4378/1/6 4379/1/6 4343/1/6
f 4343/1/6 4379/1/6 4380/1/6 4345/1/6
f 4345/1/6 4380/1/6 4381/1/6 4346/1/6
f 4346/1/6 4381/1/6 4382/1/6 4347/1/6
f 4106/1/2 4348/1/2 4383/1/2 4118/1/2
f 4347/1/6 4382/1/6 4383/1/6 4348/1/6
f 4125/1/1 4124/1/1 4384/1/1 4354/1/1
f 4354/1/6 4384/1/6 4385/1/6 4356/1/6
f 4356/1/6 4385/1/6 4386/1/6 4358/1/6
f 4358/1/6 4386/1/6 4387/1/6 4360/1/6
f 4360/1/6 4387/1/6 4388/1/6 4362/1/6
f 4362/1/6 4388/1/6 4389/1/6 4364/1/6
f 4114/1/2 4366/1/2 4390/1/2 4126/1/2
f 4364/1/6 4389/1/6 4390/1/6 4366/1/6
f 4115/2/2 4391/2/2 4392/2/2 4127/2/2
f 4116/2/1 4128/2/1 4393/2/1 4394/2/1
f 4116/2/3 4394/2/3 4391/2/3 4115/2/3
f 4128/2/4 4127/2/4 4392/2/4 4393/2/4
f 4394/2/6 4393/2/6 4392/2/6 4391/2/6
f 4374/2/2 4373/2/2 4395/2/2 4396/2/2
f 4369/2/1 4397/2/1 4398/2/1 4370/2/1
f 4369/2/5 4374/2/5 4396/2/5 4397/2/5
f 4117/1/1 4129/1/1 4399/1/1 4375/1/1
f 4375/1/6 4399/1/6 4400/1/6 4376/1/6
f 4376/1/6 4400/1/6 4401/1/6 4377/1/6
f 4377/1/6 4401/1/6 4402/1/6 4378/1/6
f 4378/1/6 4402/1/6 4403/1/6 4379/1/6
f 4379/1/6 4403/1/6 4404/1/6 4380/1/6
f 4136/1/4 4139/1/4 4405/1/4 4404/1/4
f 4380/1/6 4404/1/6 4405/1/6 4381/1/6
f 4139/1/4 4141/1/4 4406/1/4 4405/1/4
f 4381/1/6 4405/1/6 4406/1/6 4382/1/6
f 4141/1/4 4143/1/4 4407/1/4 4406/1/4
f 4382/1/6 4406/1/6 4407/1/6 4383/1/6
f 4118/1/3 4383/1/3 4408/1/3 4119/1/3
f 4383/1/6 4407/1/6 4409/1/6 4408/1/6
f 4119/1/3 4408/1/3 4410/1/3 4120/1/3
f 4408/1/6 4409/1/6 4411/1/6 4410/1/6
f 4120/1/3 4410/1/3 4412/1/3 4122/1/3
f 4410/1/6 4411/1/6 4413/1/6 4412/1/6
f 4122/1/3 4412/1/3 4384/1/3 4124/1/3
f 4144/1/4 4147/1/4 4414/1/4 4413/1/4
f 4412/1/6 4413/1/6 4414/1/6 4384/1/6
f 4384/1/6 4414/1/6 4415/1/6 4385/1/6
f 4385/1/6 4415/1/6 4416/1/6 4386/1/6
f 4386/1/6 4416/1/6 4417/1/6 4387/1/6
f 4387/1/6 4417/1/6 4418/1/6 4388/1/6
f 4388/1/6 4418/1/6 4419/1/6 4389/1/6
f 4126/1/2 4390/1/2 4420/1/2 4130/1/2
f 4389/1/6 4419/1/6 4420/1/6 4390/1/6
f 4396/2/2 4395/2/2 4421/2/2 4422/2/2
f 4397/2/1 4423/2/1 4424/2/1 4398/2/1
f 4397/2/5 4396/2/5 4422/2/5 4423/2/5
f 4129/1/1 4135/1/1 4425/1/1 4399/1/1
f 4399/1/6 4425/1/6 4426/1/6 4400/1/6
f 4400/3/6 4426/3/6 4427/3/6 4401/3/6
f 4401/1/6 4427/1/6 4428/1/6 4402/1/6
f 4402/1/6 4428/1/6 4429/1/6 4403/1/6
f 4136/1/2 4404/1/2 4430/1/2 4137/1/2
f 4403/1/6 4429/1/6 4430/1/6 4404/1/6
f 4143/1/1 4142/1/1 4431/1/1 4407/1/1
f 4407/1/6 4431/1/6 4432/1/6 4409/1/6
f 4409/1/6 4432/1/6 4433/1/6 4411/1/6
f 4144/1/2 4413/1/2 4434/1/2 4145/1/2
f 4411/1/6 4433/1/6 4434/1/6 4413/1/6
f 4147/1/1 4146/1/1 4435/1/1 4414/1/1
f 4146/1/4 4159/1/4 4436/1/4 4435/1/4
f 4414/1/6 4435/1/6 4436/1/6 4415/1/6
f 4159/1/4 4161/1/4 4437/1/4 4436/1/4
f 4415/1/6 4436/1/6 4437/1/6 4416/1/6
f 4416/1/6 4437/1/6 4438/1/6 4417/1/6
f 4417/1/6 4438/1/6 4439/1/6 4418/1/6
f 4418/1/6 4439/1/6 4440/1/6 4419/1/6
f 4130/1/2 4420/1/2 4441/1/2 4148/1/2
f 4419/1/6 4440/1/6 4441/1/6 4420/1/6
f 4131/2/2 4442/2/2 4443/2/2 4149/2/2
f 4134/2/1 4152/2/1 4444/2/1 4445/2/1
f 4134/2/3 4445/2/3 4442/2/3 4131/2/3
f 4445/2/6 4444/2/6 4443/2/6 4442/2/6
f 4422/2/2 4421/2/2 4446/2/2 4447/2/2
f 4423/2/1 4448/2/1 4449/2/1 4424/2/1
f 4448/2/4 4447/2/4 4446/2/4 4449/2/4
f 4423/2/5 4422/2/5 4447/2/5 4448/2/5
f 4135/1/1 4153/1/1 4450/1/1 4425/1/1
f 4425/1/6 4450/1/6 4451/1/6 4426/1/6
f 4426/1/6 4451/1/6 4452/1/6 4427/1/6
f 4427/1/6 4452/1/6 4453/1/6 4428/1/6
f 4428/3/6 4453/3/6 4454/3/6 4429/3/6
f 4429/1/6 4454/1/6 4455/1/6 4430/1/6
f 4137/1/3 4430/1/3 4456/1/3 4138/1/3
f 4430/1/6 4455/1/6 4457/1/6 4456/1/6
f 4140/1/2 4458/1/2 4459/1/2 4154/1/2
f 4138/1/3 4456/1/3 4458/1/3 4140/1/3
f 4456/1/6 4457/1/6 4459/1/6 4458/1/6
f 4142/1/1 4155/1/1 4460/1/1 4431/1/1
f 4155/1/4 4169/1/4 4461/1/4 4460/1/4
f 4431/1/6 4460/1/6 4461/1/6 4432/1/6
f 4432/1/6 4461/1/6 4462/1/6 4433/1/6
f 4145/1/2 4434/1/2 4463/1/2 4156/1/2
f 4433/1/6 4462/1/6 4463/1/6 4434/1/6
f 4161/1/1 4160/1/1 4464/1/1 4437/1/1
f 4160/1/4 4173/1/4 4465/1/4 4464/1/4
f 4437/1/6 4464/1/6 4465/1/6 4438/1/6
f 4438/1/6 4465/1/6 4466/1/6 4439/1/6
f 4439/1/6 4466/1/6 4467/1/6 4440/1/6
f 4148/1/2 4441/1/2 4468/1/2 4162/1/2
f 4440/1/6 4467/1/6 4468/1/6 4441/1/6
f 4149/2/2 4443/2/2 4469/2/2 4163/2/2
f 4152/2/1 4164/2/1 4470/2/1 4444/2/1
f 4471/7/2 4472/7/2 4473/7/2 4474/7/2
f 4447/7/1 4475/7/1 4476/7/1 4446/7/1
f 4447/7/3 4446/7/3 4472/7/3 4471/7/3
f 4446/7/6 4476/7/6 4473/7/6 4472/7/6
f 4447/7/5 4471/7/5 4474/7/5 4475/7/5
f 4153/1/1 4165/1/1 4477/1/1 4450/1/1
f 4450/1/6 4477/1/6 4478/1/6 4451/1/6
f 4451/1/6 4478/1/6 4479/1/6 4452/1/6
f 4181/1/4 4184/1/4 4480/1/4 4479/1/4
f 4452/1/6 4479/1/6 4480/1/6 4453/1/6
f 4453/3/6 4480/3/6 4481/3/6 4454/3/6
f 4454/1/6 4481/1/6 4482/1/6 4455/1/6
f 4455/1/6 4482/1/6 4483/1/6 4457/1/6
f 4154/1/2 4459/1/2 4484/1/2 4166/1/2
f 4457/1/6 4483/1/6 4484/1/6 4459/1/6
f 4169/1/1 4168/1/1 4485/1/1 4461/1/1
f 4461/1/6 4485/1/6 4486/1/6 4462/1/6
f 4462/1/6 4486/1/6 4487/1/6 4463/1/6
f 4156/1/3 4463/1/3 4488/1/3 4157/1/3
f 4463/1/6 4487/1/6 4489/1/6 4488/1/6
f 4158/1/2 4490/1/2 4491/1/2 4170/1/2
f 4157/1/3 4488/1/3 4490/1/3 4158/1/3
f 4488/1/6 4489/1/6 4491/1/6 4490/1/6
f 4173/1/1 4172/1/1 4492/1/1 4465/1/1
f 4465/1/6 4492/1/6 4493/1/6 4466/1/6
f 4466/1/6 4493/1/6 4494/1/6 4467/1/6
f 4162/1/2 4468/1/2 4495/1/2 4174/1/2
f 4467/1/6 4494/1/6 4495/1/6 4468/1/6
f 4163/2/2 4469/2/2 4496/2/2 4176/2/2
f 4164/2/1 4175/2/1 4497/2/1 4470/2/1
f 4175/2/4 4176/2/4 4496/2/4 4497/2/4
f 4474/7/2 4473/7/2 4498/7/2 4499/7/2
f 4475/7/1 4500/7/1 4501/7/1 4476/7/1
f 4476/7/6 4501/7/6 4498/7/6 4473/7/6
f 4475/7/5 4474/7/5 4499/7/5 4500/7/5
f 4165/1/1 4180/1/1 4502/1/1 4477/1/1
f 4477/1/6 4502/1/6 4503/1/6 4478/1/6
f 4181/1/2 4479/1/2 4504/1/2 4182/1/2
f 4191/1/4 4182/1/4 4504/1/4 4503/1/4
f 4478/1/6 4503/1/6 4504/1/6 4479/1/6
f 4184/1/1 4183/1/1 4505/1/1 4480/1/1
f 4480/1/6 4505/1/6 4506/1/6 4481/1/6
f 4481/1/6 4506/1/6 4507/1/6 4482/1/6
f 4482/1/6 4507/1/6 4508/1/6 4483/1/6
f 4483/1/6 4508/1/6 4509/1/6 4484/1/6
f 4167/1/2 4510/1/2 4511/1/2 4185/1/2
f 4166/1/3 4484/1/3 4510/1/3 4167/1/3
f 4484/1/6 4509/1/6 4511/1/6 4510/1/6
f 4168/1/1 4186/1/1 4512/1/1 4485/1/1
f 4186/1/4 4198/1/4 4513/1/4 4512/1/4
f 4485/1/6 4512/1/6 4513/1/6 4486/1/6
f 4486/1/6 4513/1/6 4514/1/6 4487/1/6
f 4487/1/6 4514/1/6 4515/1/6 4489/1/6
f 4489/1/6 4515/1/6 4516/1/6 4491/1/6
f 4171/1/2 4517/1/2 4518/1/2 4187/1/2
f 4170/1/3 4491/1/3 4517/1/3 4171/1/3
f 4491/1/6 4516/1/6 4518/1/6 4517/1/6
f 4172/1/1 4188/1/1 4519/1/1 4492/1/1
f 4492/1/6 4519/1/6 4520/1/6 4493/1/6
f 4493/1/6 4520/1/6 4521/1/6 4494/1/6
f 4174/1/2 4495/1/2 4522/1/2 4189/1/2
f 4494/1/6 4521/1/6 4522/1/6 4495/1/6
f 4499/7/2 4498/7/2 4523/7/2 4524/7/2
f 4500/7/1 4525/7/1 4526/7/1 4501/7/1
f 4501/7/6 4526/7/6 4523/7/6 4498/7/6
f 4500/7/5 4499/7/5 4524/7/5 4525/7/5
f 4191/1/2 4503/1/2 4527/1/2 4192/1/2
f 4180/1/1 4190/1/1 4528/1/1 4502/1/1
f 4190/1/4 4192/1/4 4527/1/4 4528/1/4
f 4502/1/6 4528/1/6 4527/1/6 4503/1/6
f 4183/1/1 4194/1/1 4529/1/1 4505/1/1
f 4505/1/6 4529/1/6 4530/1/6 4506/1/6
f 4506/1/6 4530/1/6 4531/1/6 4507/1/6
f 4507/1/6 4531/1/6 4532/1/6 4508/1/6
f 4508/1/6 4532/1/6 4533/1/6 4509/1/6
f 4185/1/2 4511/1/2 4534/1/2 4195/1/2
f 4509/1/6 4533/1/6 4534/1/6 4511/1/6
f 4198/1/1 4197/1/1 4535/1/1 4513/1/1
f 4513/1/6 4535/1/6 4536/1/6 4514/1/6
f 4514/1/6 4536/1/6 4537/1/6 4515/1/6
f 4515/1/6 4537/1/6 4538/1/6 4516/1/6
f 4516/1/6 4538/1/6 4539/1/6 4518/1/6
f 4187/1/3 4518/1/3 4519/1/3 4188/1/3
f 4518/1/6 4539/1/6 4540/1/6 4519/1/6
f 4519/1/6 4540/1/6 4541/1/6 4520/1/6
f 4520/1/6 4541/1/6 4542/1/6 4521/1/6
f 4189/1/2 4522/1/2 4543/1/2 4199/1/2
f 4521/1/6 4542/1/6 4543/1/6 4522/1/6
f 4524/2/2 4523/2/2 4544/2/2 4545/2/2
f 4525/2/1 4546/2/1 4547/2/1 4526/2/1
f 4546/2/4 4545/2/4 4544/2/4 4547/2/4
f 4526/2/6 4547/2/6 4544/2/6 4523/2/6
f 4525/2/5 4524/2/5 4545/2/5 4546/2/5
f 4192/1/1 4201/1/1 4548/1/1 4527/1/1
f 4192/1/3 4527/1/3 4549/1/3 4193/1/3
f 4527/1/6 4548/1/6 4550/1/6 4549/1/6
f 4193/1/3 4549/1/3 4529/1/3 4194/1/3
f 4549/1/6 4550/1/6 4551/1/6 4529/1/6
f 4529/1/6 4551/1/6 4552/1/6 4530/1/6
f 4530/1/6 4552/1/6 4553/1/6 4531/1/6
f 4531/1/6 4553/1/6 4554/1/6 4532/1/6
f 4205/1/4 4208/1/4 4555/1/4 4554/1/4
f 4532/1/6 4554/1/6 4555/1/6 4533/1/6
f 4533/1/6 4555/1/6 4556/1/6 4534/1/6
f 4195/1/3 4534/1/3 4557/1/3 4196/1/3
f 4534/1/6 4556/1/6 4558/1/6 4557/1/6
f 4196/1/3 4557/1/3 4535/1/3 4197/1/3
f 4557/1/6 4558/1/6 4559/1/6 4535/1/6
f 4535/1/6 4559/1/6 4560/1/6 4536/1/6
f 4536/1/6 4560/1/6 4561/1/6 4537/1/6
f 4209/1/4 4212/1/4 4562/1/4 4561/1/4
f 4537/1/6 4561/1/6 4562/1/6 4538/1/6
f 4538/1/6 4562/1/6 4563/1/6 4539/1/6
f 4539/1/6 4563/1/6 4564/1/6 4540/1/6
f 4540/1/6 4564/1/6 4565/1/6 4541/1/6
f 4541/1/6 4565/1/6 4566/1/6 4542/1/6
f 4199/1/2 4543/1/2 4567/1/2 4202/1/2
f 4542/1/6 4566/1/6 4567/1/6 4543/1/6
f 4568/2/2 4569/2/2 4570/2/2 4221/2/2
f 4545/2/1 4571/2/1 4572/2/1 4544/2/1
f 4545/2/3 4544/2/3 4569/2/3 4568/2/3
f 4544/2/6 4572/2/6 4570/2/6 4569/2/6
f 4545/2/5 4568/2/5 4221/2/5 4571/2/5
f 4201/1/1 4204/1/1 4573/1/1 4548/1/1
f 4548/1/6 4573/1/6 4574/1/6 4550/1/6
f 4550/1/6 4574/1/6 4575/1/6 4551/1/6
f 4551/1/6 4575/1/6 4576/1/6 4552/1/6
f 4552/1/6 4576/1/6 4577/1/6 4553/1/6
f 4205/1/2 4554/1/2 4578/1/2 4206/1/2
f 4230/1/4 4206/1/4 4578/1/4 4577/1/4
f 4553/1/6 4577/1/6 4578/1/6 4554/1/6
f 4208/1/1 4207/1/1 4579/1/1 4555/1/1
f 4555/1/6 4579/1/6 4580/1/6 4556/1/6
f 4556/1/6 4580/1/6 4581/1/6 4558/1/6
f 4558/1/6 4581/1/6 4582/1/6 4559/1/6
f 4559/1/6 4582/1/6 4583/1/6 4560/1/6
f 4209/1/2 4561/1/2 4584/1/2 4210/1/2
f 4560/1/6 4583/1/6 4584/1/6 4561/1/6
f 4212/1/1 4211/1/1 4585/1/1 4562/1/1
f 4562/1/6 4585/1/6 4586/1/6 4563/1/6
f 4563/1/6 4586/1/6 4587/1/6 4564/1/6
f 4564/1/6 4587/1/6 4588/1/6 4565/1/6
f 4214/1/4 4213/1/4 4589/1/4 4588/1/4
f 4565/1/6 4588/1/6 4589/1/6 4566/1/6
f 4202/1/2 4567/1/2 4590/1/2 4215/1/2
f 4213/1/4 4215/1/4 4590/1/4 4589/1/4
f 4566/1/6 4589/1/6 4590/1/6 4567/1/6
f 4221/2/2 4570/2/2 4591/2/2 4220/2/2
f 4571/2/1 4592/2/1 4593/2/1 4572/2/1
f 4592/2/4 4220/2/4 4591/2/4 4593/2/4
f 4572/2/6 4593/2/6 4591/2/6 4570/2/6
f 4571/2/5 4221/2/5 4220/2/5 4592/2/5
f 4224/1/1 4225/1/1 4594/1/1 4595/1/1
f 4224/1/3 4595/1/3 4596/1/3 4203/1/3
f 4595/1/6 4594/1/6 4597/1/6 4596/1/6
f 4203/1/3 4596/1/3 4573/1/3 4204/1/3
f 4596/1/6 4597/1/6 4598/1/6 4573/1/6
f 4573/1/6 4598/1/6 4599/1/6 4574/1/6
f 4574/1/6 4599/1/6 4600/1/6 4575/1/6
f 4227/1/4 4226/1/4 4601/1/4 4600/1/4
f 4575/1/6 4600/1/6 4601/1/6 4576/1/6
f 4230/1/2 4577/1/2 4602/1/2 4229/1/2
f 4226/1/4 4229/1/4 4602/1/4 4601/1/4
f 4576/1/6 4601/1/6 4602/1/6 4577/1/6
f 4207/1/1 4231/1/1 4603/1/1 4579/1/1
f 4231/1/4 4245/1/4 4604/1/4 4603/1/4
f 4579/1/6 4603/1/6 4604/1/6 4580/1/6
f 4245/1/4 4247/1/4 4605/1/4 4604/1/4
f 4580/1/6 4604/1/6 4605/1/6 4581/1/6
f 4247/1/4 4249/1/4 4606/1/4 4605/1/4
f 4581/1/6 4605/1/6 4606/1/6 4582/1/6
f 4249/1/4 4233/1/4 4607/1/4 4606/1/4
f 4582/1/6 4606/1/6 4607/1/6 4583/1/6
f 4210/1/2 4584/1/2 4608/1/2 4232/1/2
f 4233/1/4 4232/1/4 4608/1/4 4607/1/4
f 4583/1/6 4607/1/6 4608/1/6 4584/1/6
f 4211/1/1 4234/1/1 4609/1/1 4585/1/1
f 4585/1/6 4609/1/6 4610/1/6 4586/1/6
f 4586/1/6 4610/1/6 4611/1/6 4587/1/6
f 4214/1/2 4588/1/2 4612/1/2 4235/1/2
f 4587/1/6 4611/1/6 4612/1/6 4588/1/6
f 4225/1/1 4236/1/1 4613/1/1 4594/1/1
f 4236/1/4 4237/1/4 4614/1/4 4613/1/4
f 4594/1/6 4613/1/6 4614/1/6 4597/1/6
f 4237/1/4 4238/1/4 4615/1/4 4614/1/4
f 4597/1/6 4614/1/6 4615/1/6 4598/1/6
f 4238/1/4 4239/1/4 4616/1/4 4615/1/4
f 4598/1/6 4615/1/6 4616/1/6 4599/1/6
f 4227/1/2 4600/1/2 4617/1/2 4240/1/2
f 4239/1/4 4240/1/4 4617/1/4 4616/1/4
f 4599/1/6 4616/1/6 4617/1/6 4600/1/6
f 4234/1/1 4251/1/1 4618/1/1 4609/1/1
f 4251/1/4 4252/1/4 4619/1/4 4618/1/4
f 4609/1/6 4618/1/6 4619/1/6 4610/1/6
f 4252/1/4 4253/1/4 4620/1/4 4619/1/4
f 4610/1/6 4619/1/6 4620/1/6 4611/1/6
f 4235/1/2 4612/1/2 4621/1/2 4254/1/2
f 4253/1/4 4254/1/4 4621/1/4 4620/1/4
f 4611/1/6 4620/1/6 4621/1/6 4612/1/6
f 4257/2/2 4622/2/2 4623/2/2 4261/2/2
f 4259/2/1 4262/2/1 4624/2/1 4625/2/1
f 4259/2/3 4625/2/3 4622/2/3 4257/2/3
f 4262/2/1 4626/2/1 4627/2/1 4624/2/1
f 4626/2/4 4628/2/4 4629/2/4 4627/2/4
f 4624/2/6 4627/2/6 4629/2/6 4623/2/6
f 4262/2/5 4261/2/5 4628/2/5 4626/2/5
f 4630/2/2 4631/2/2 4632/2/2 4633/2/2
f 4261/2/3 4623/2/3 4631/2/3 4630/2/3
f 4628/2/4 4633/2/4 4632/2/4 4629/2/4
f 4623/2/6 4629/2/6 4632/2/6 4631/2/6
f 4261/2/5 4630/2/5 4633/2/5 4628/2/5
f 4264/2/2 4634/2/2 4635/2/2 4265/2/2
f 4270/2/1 4269/2/1 4636/2/1 4637/2/1
f 4270/2/3 4637/2/3 4634/2/3 4264/2/3
f 4269/2/4 4265/2/4 4635/2/4 4636/2/4
f 4637/2/6 4636/2/6 4635/2/6 4634/2/6
f 4638/2/1 4293/2/1 4639/2/1 4640/2/1
f 4638/2/3 4640/2/3 4641/2/3 4287/2/3
f 4638/2/5 4287/2/5 4291/2/5 4293/2/5
f 4283/7/2 4642/7/2 4643/7/2 4289/7/2
f 4287/7/3 4641/7/3 4642/7/3 4283/7/3
f 4641/7/6 4644/7/6 4643/7/6 4642/7/6
f 4293/2/1 4292/2/1 4645/2/1 4639/2/1
f 4292/2/4 4302/2/4 4646/2/4 4645/2/4
f 4639/2/6 4645/2/6 4646/2/6 4644/2/6
f 4289/7/2 4643/7/2 4647/7/2 4294/7/2
f 4302/7/4 4294/7/4 4647/7/4 4646/7/4
f 4644/7/6 4646/7/6 4647/7/6 4643/7/6
f 4648/2/2 4649/2/2 4650/2/2 4372/2/2
f 4327/2/1 4328/2/1 4651/2/1 4652/2/1
f 4327/2/3 4652/2/3 4649/2/3 4648/2/3
f 4652/2/6 4651/2/6 4650/2/6 4649/2/6
f 4327/2/5 4648/2/5 4372/2/5 4328/2/5
f 4372/2/2 4650/2/2 4653/2/2 4373/2/2
f 4328/2/1 4370/2/1 4654/2/1 4651/2/1
f 4651/2/6 4654/2/6 4653/2/6 4650/2/6
f 4373/2/2 4653/2/2 4655/2/2 4395/2/2
f 4370/2/1 4398/2/1 4656/2/1 4654/2/1
f 4395/2/2 4655/2/2 4657/2/2 4421/2/2
f 4398/2/1 4424/2/1 4658/2/1 4656/2/1
f 4421/7/2 4657/7/2 4659/7/2 4446/7/2
f 4424/7/1 4449/7/1 4660/7/1 4658/7/1
f 4449/7/4 4446/7/4 4659/7/4 4660/7/4
f 4658/7/6 4660/7/6 4659/7/6 4657/7/6
f 4443/7/2 4661/7/2 4662/7/2 4469/7/2
f 4444/7/1 4470/7/1 4663/7/1 4664/7/1
f 4444/7/3 4664/7/3 4661/7/3 4443/7/3
f 4664/7/6 4663/7/6 4662/7/6 4661/7/6
f 4469/2/2 4662/2/2 4665/2/2 4496/2/2
f 4470/2/1 4497/2/1 4666/2/1 4663/2/1
f 4496/2/2 4665/2/2 4667/2/2 4668/2/2
f 4497/2/1 4669/2/1 4670/2/1 4666/2/1
f 4669/2/4 4668/2/4 4667/2/4 4670/2/4
f 4666/2/6 4670/2/6 4667/2/6 4665/2/6
f 4497/2/5 4496/2/5 4668/2/5 4669/2/5
f 4625/2/1 4624/2/1 4671/2/1 4672/2/1
f 4625/2/3 4672/2/3 4673/2/3 4622/2/3
f 4624/2/4 4623/2/4 4674/2/4 4671/2/4
f 4675/2/2 4676/2/2 4677/2/2 4631/2/2
f 4622/2/3 4673/2/3 4676/2/3 4675/2/3
f 4623/2/4 4631/2/4 4677/2/4 4674/2/4
f 4673/2/6 4674/2/6 4677/2/6 4676/2/6
f 4622/2/5 4675/2/5 4631/2/5 4623/2/5
f 4629/2/2 4678/2/2 4679/2/2 4680/2/2
f 4627/2/1 4681/2/1 4682/2/1 4683/2/1
f 4627/2/3 4683/2/3 4678/2/3 4629/2/3
f 4683/2/6 4682/2/6 4679/2/6 4678/2/6
f 4627/2/5 4629/2/5 4680/2/5 4681/2/5
f 4680/2/2 4679/2/2 4684/2/2 4634/2/2
f 4681/2/1 4637/2/1 4685/2/1 4682/2/1
f 4637/2/4 4634/2/4 4684/2/4 4685/2/4
f 4682/2/6 4685/2/6 4684/2/6 4679/2/6
f 4681/2/5 4680/2/5 4634/2/5 4637/2/5
f 4686/2/2 4687/2/2 4688/2/2 4689/2/2
f 4690/2/1 4691/2/1 4692/2/1 4693/2/1
f 4690/2/3 4693/2/3 4687/2/3 4686/2/3
f 4690/2/5 4686/2/5 4689/2/5 4691/2/5
f 4691/2/1 4640/2/1 4694/2/1 4692/2/1
f 4692/2/6 4694/2/6 4695/2/6 4688/2/6
f 4691/2/5 4689/2/5 4641/2/5 4640/2/5
f 4696/7/2 4697/7/2 4698/7/2 4642/7/2
f 4689/7/3 4688/7/3 4697/7/3 4696/7/3
f 4641/7/4 4642/7/4 4698/7/4 4695/7/4
f 4688/7/6 4695/7/6 4698/7/6 4697/7/6
f 4689/7/5 4696/7/5 4642/7/5 4641/7/5
f 4641/2/2 4695/2/2 4699/2/2 4644/2/2
f 4640/2/1 4639/2/1 4700/2/1 4694/2/1
f 4639/2/4 4644/2/4 4699/2/4 4700/2/4
f 4694/2/6 4700/2/6 4699/2/6 4695/2/6
f 4653/7/2 4701/7/2 4702/7/2 4655/7/2
f 4654/7/1 4656/7/1 4703/7/1 4704/7/1
f 4654/7/3 4704/7/3 4701/7/3 4653/7/3
f 4655/2/2 4702/2/2 4705/2/2 4657/2/2
f 4656/2/1 4658/2/1 4706/2/1 4703/2/1
f 4658/2/4 4657/2/4 4705/2/4 4706/2/4
f 4703/2/6 4706/2/6 4705/2/6 4702/2/6
f 4662/2/2 4707/2/2 4708/2/2 4665/2/2
f 4663/2/1 4666/2/1 4709/2/1 4710/2/1
f 4663/2/3 4710/2/3 4707/2/3 4662/2/3
f 4666/2/4 4665/2/4 4708/2/4 4709/2/4
f 4673/2/2 4711/2/2 4712/2/2 4674/2/2
f 4672/2/1 4671/2/1 4713/2/1 4714/2/1
f 4672/2/3 4714/2/3 4711/2/3 4673/2/3
f 4671/2/4 4674/2/4 4712/2/4 4713/2/4
f 4714/2/6 4713/2/6 4712/2/6 4711/2/6
f 4715/2/2 4716/2/2 4717/2/2 4718/2/2
f 4719/2/1 4720/2/1 4721/2/1 4722/2/1
f 4719/2/3 4722/2/3 4716/2/3 4715/2/3
f 4719/2/5 4715/2/5 4718/2/5 4720/2/5
f 4718/2/2 4717/2/2 4723/2/2 4687/2/2
f 4720/2/1 4693/2/1 4724/2/1 4721/2/1
f 4720/2/5 4718/2/5 4687/2/5 4693/2/5
f 4687/2/2 4723/2/2 4725/2/2 4688/2/2
f 4693/2/1 4692/2/1 4726/2/1 4724/2/1
f 4692/2/4 4688/2/4 4725/2/4 4726/2/4
f 4724/2/6 4726/2/6 4725/2/6 4723/2/6
f 4727/2/2 4728/2/2 4729/2/2 4701/2/2
f 4730/2/1 4704/2/1 4731/2/1 4732/2/1
f 4730/2/3 4732/2/3 4728/2/3 4727/2/3
f 4730/2/5 4727/2/5 4701/2/5 4704/2/5
f 4701/2/2 4729/2/2 4733/2/2 4702/2/2
f 4704/2/1 4703/2/1 4734/2/1 4731/2/1
f 4703/2/4 4702/2/4 4733/2/4 4734/2/4
f 4731/2/6 4734/2/6 4733/2/6 4729/2/6
f 4735/2/2 4736/2/2 4737/2/2 4707/2/2
f 4738/2/1 4710/2/1 4739/2/1 4740/2/1
f 4738/2/3 4740/2/3 4736/2/3 4735/2/3
f 4738/2/5 4735/2/5 4707/2/5 4710/2/5
f 4707/2/2 4737/2/2 4741/2/2 4708/2/2
f 4710/2/1 4709/2/1 4742/2/1 4739/2/1
f 4709/2/4 4708/2/4 4741/2/4 4742/2/4
f 4743/2/2 4744/2/2 4745/2/2 4746/2/2
f 4747/2/1 4748/2/1 4749/2/1 4750/2/1
f 4747/2/3 4750/2/3 4744/2/3 4743/2/3
f 4748/2/4 4746/2/4 4745/2/4 4749/2/4
f 4750/2/6 4749/2/6 4745/2/6 4744/2/6
f 4747/2/5 4743/2/5 4746/2/5 4748/2/5
f 4751/2/2 4752/2/2 4753/2/2 4716/2/2
f 4754/2/1 4722/2/1 4755/2/1 4756/2/1
f 4754/2/3 4756/2/3 4752/2/3 4751/2/3
f 4756/2/6 4755/2/6 4753/2/6 4752/2/6
f 4754/2/5 4751/2/5 4716/2/5 4722/2/5
f 4722/2/1 4721/2/1 4757/2/1 4755/2/1
f 4755/2/6 4757/2/6 4758/2/6 4753/2/6
f 4759/7/2 4760/7/2 4761/7/2 4762/7/2
f 4716/7/3 4753/7/3 4760/7/3 4759/7/3
f 4717/7/4 4762/7/4 4761/7/4 4758/7/4
f 4753/7/6 4758/7/6 4761/7/6 4760/7/6
f 4716/7/5 4759/7/5 4762/7/5 4717/7/5
f 4717/7/2 4758/7/2 4763/7/2 4723/7/2
f 4721/7/1 4724/7/1 4764/7/1 4757/7/1
f 4724/7/4 4723/7/4 4763/7/4 4764/7/4
f 4757/7/6 4764/7/6 4763/7/6 4758/7/6
f 4728/2/2 4765/2/2 4766/2/2 4729/2/2
f 4732/2/1 4731/2/1 4767/2/1 4768/2/1
f 4732/2/3 4768/2/3 4765/2/3 4728/2/3
f 4731/2/4 4729/2/4 4766/2/4 4767/2/4
f 4768/2/6 4767/2/6 4766/2/6 4765/2/6
f 4736/2/2 4769/2/2 4770/2/2 4737/2/2
f 4740/2/1 4739/2/1 4771/2/1 4772/2/1
f 4740/2/3 4772/2/3 4769/2/3 4736/2/3
f 4737/2/2 4770/2/2 4773/2/2 4741/2/2
f 4739/2/1 4742/2/1 4774/2/1 4771/2/1
f 4771/2/6 4774/2/6 4773/2/6 4770/2/6
f 4741/2/2 4773/2/2 4775/2/2 4744/2/2
f 4742/2/1 4750/2/1 4776/2/1 4774/2/1
f 4750/2/4 4744/2/4 4775/2/4 4776/2/4
f 4742/2/5 4741/2/5 4744/2/5 4750/2/5
f 4777/2/2 4778/2/2 4779/2/2 4780/2/2
f 4781/2/1 4782/2/1 4783/2/1 4784/2/1
f 4781/2/3 4784/2/3 4778/2/3 4777/2/3
f 4784/2/6 4783/2/6 4779/2/6 4778/2/6
f 4781/2/5 4777/2/5 4780/2/5 4782/2/5
f 4780/2/2 4779/2/2 4785/2/2 4752/2/2
f 4782/2/1 4756/2/1 4786/2/1 4783/2/1
f 4756/2/4 4752/2/4 4785/2/4 4786/2/4
f 4783/2/6 4786/2/6 4785/2/6 4779/2/6
f 4782/2/5 4780/2/5 4752/2/5 4756/2/5
f 4769/2/2 4787/2/2 4788/2/2 4770/2/2
f 4772/2/1 4771/2/1 4789/2/1 4790/2/1
f 4772/2/3 4790/2/3 4787/2/3 4769/2/3
f 4771/2/4 4770/2/4 4788/2/4 4789/2/4
f 4773/7/2 4791/7/2 4792/7/2 4775/7/2
f 4774/7/1 4776/7/1 4793/7/1 4794/7/1
f 4774/7/3 4794/7/3 4791/7/3 4773/7/3
f 4776/7/4 4775/7/4 4792/7/4 4793/7/4
f 4794/7/6 4793/7/6 4792/7/6 4791/7/6
f 4795/2/2 4796/2/2 4797/2/2 4798/2/2
f 4799/2/1 4800/2/1 4801/2/1 4802/2/1
f 4799/2/3 4802/2/3 4796/2/3 4795/2/3
f 4802/2/6 4801/2/6 4797/2/6 4796/2/6
f 4799/2/5 4795/2/5 4798/2/5 4800/2/5
f 4798/2/2 4797/2/2 4803/2/2 4787/2/2
f 4800/2/1 4790/2/1 4804/2/1 4801/2/1
f 4800/2/5 4798/2/5 4787/2/5 4790/2/5
f 4787/2/2 4803/2/2 4805/2/2 4788/2/2
f 4790/2/1 4789/2/1 4806/2/1 4804/2/1
f 4789/2/4 4788/2/4 4805/2/4 4806/2/4
f 4807/2/2 4808/2/2 4809/2/2 4796/2/2
f 4810/2/1 4802/2/1 4811/2/1 4812/2/1
f 4810/2/3 4812/2/3 4808/2/3 4807/2/3
f 4802/2/4 4796/2/4 4809/2/4 4811/2/4
f 4812/2/6 4811/2/6 4809/2/6 4808/2/6
f 4810/2/5 4807/2/5 4796/2/5 4802/2/5
f 4797/2/2 4813/2/2 4814/2/2 4803/2/2
f 4801/2/1 4804/2/1 4815/2/1 4816/2/1
f 4801/2/3 4816/2/3 4813/2/3 4797/2/3
f 4816/2/6 4815/2/6 4814/2/6 4813/2/6
f 4803/2/2 4814/2/2 4817/2/2 4805/2/2
f 4804/2/1 4806/2/1 4818/2/1 4815/2/1
f 4806/2/4 4805/2/4 4817/2/4 4818/2/4
f 4815/2/6 4818/2/6 4817/2/6 4814/2/6
