mtllib Manzano_Paula_Alejandra_Rincón_Otalvaro_fase_4.mtl
o Manzano_Paula_Alejandra_Rincón_Otalvaro_fase_4
v -16.0000 -1.0000 16.0000
v -15.0000 -1.0000 16.0000
v -15.0000 -1.0000 15.0000
v -16.0000 -1.0000 15.0000
v -16.0000 -2.0000 16.0000
v -16.0000 -2.0000 15.0000
v -15.0000 -2.0000 15.0000
v -15.0000 -2.0000 16.0000
v -16.0000 0.0000 16.0000
v -16.0000 0.0000 15.0000
v -15.0000 0.0000 15.0000
v -15.0000 0.0000 16.0000
v -15.0000 1.0000 16.0000
v -16.0000 1.0000 16.0000
v -16.0000 1.0000 15.0000
v -16.0000 2.0000 16.0000
v -15.0000 2.0000 16.0000
v -15.0000 2.0000 15.0000
v -16.0000 2.0000 15.0000
v -16.0000 -2.0000 14.0000
v -15.0000 -2.0000 14.0000
v -16.0000 -1.0000 14.0000
v -16.0000 0.0000 14.0000
v -16.0000 1.0000 14.0000
v -15.0000 2.0000 14.0000
v -16.0000 2.0000 14.0000
v -16.0000 -2.0000 13.0000
v -15.0000 -2.0000 13.0000
v -16.0000 -1.0000 13.0000
v -15.0000 -1.0000 13.0000
v -16.0000 0.0000 13.0000
v -16.0000 1.0000 13.0000
v -15.0000 2.0000 13.0000
v -16.0000 2.0000 13.0000
v -16.0000 -1.0000 12.0000
v -15.0000 -1.0000 12.0000
v -16.0000 0.0000 12.0000
v -16.0000 1.0000 12.0000
v -15.0000 2.0000 12.0000
v -16.0000 2.0000 12.0000
v -16.0000 -1.0000 11.0000
v -15.0000 -1.0000 11.0000
v -16.0000 0.0000 11.0000
v -15.0000 0.0000 11.0000
v -16.0000 1.0000 11.0000
v -15.0000 2.0000 11.0000
v -16.0000 2.0000 11.0000
v -16.0000 0.0000 10.0000
v -15.0000 0.0000 10.0000
v -16.0000 1.0000 10.0000
v -15.0000 2.0000 10.0000
v -16.0000 2.0000 10.0000
v -16.0000 0.0000 9.0000
v -15.0000 0.0000 9.0000
v -16.0000 1.0000 9.0000
v -15.0000 2.0000 9.0000
v -16.0000 2.0000 9.0000
v -16.0000 0.0000 8.0000
v -15.0000 0.0000 8.0000
v -16.0000 1.0000 8.0000
v -15.0000 2.0000 8.0000
v -16.0000 2.0000 8.0000
v -16.0000 0.0000 7.0000
v -15.0000 0.0000 7.0000
v -16.0000 1.0000 7.0000
v -15.0000 2.0000 7.0000
v -16.0000 2.0000 7.0000
v -16.0000 0.0000 6.0000
v -15.0000 0.0000 6.0000
v -16.0000 1.0000 6.0000
v -15.0000 2.0000 6.0000
v -16.0000 2.0000 6.0000
v -16.0000 0.0000 5.0000
v -15.0000 0.0000 5.0000
v -16.0000 1.0000 5.0000
v -15.0000 2.0000 5.0000
v -16.0000 2.0000 5.0000
v -16.0000 0.0000 4.0000
v -15.0000 0.0000 4.0000
v -16.0000 1.0000 4.0000
v -15.0000 2.0000 4.0000
v -16.0000 2.0000 4.0000
v -16.0000 0.0000 3.0000
v -15.0000 0.0000 3.0000
v -16.0000 1.0000 3.0000
v -15.0000 2.0000 3.0000
v -16.0000 2.0000 3.0000
v -16.0000 0.0000 2.0000
v -15.0000 0.0000 2.0000
v -16.0000 1.0000 2.0000
v -15.0000 2.0000 2.0000
v -16.0000 2.0000 2.0000
v -16.0000 0.0000 1.0000
v -15.0000 0.0000 1.0000
v -16.0000 1.0000 1.0000
v -15.0000 2.0000 1.0000
v -16.0000 2.0000 1.0000
v -16.0000 0.0000 -0.0000
v -15.0000 0.0000 -0.0000
v -16.0000 1.0000 -0.0000
v -15.0000 2.0000 -0.0000
v -16.0000 2.0000 -0.0000
v -16.0000 0.0000 -1.0000
v -15.0000 0.0000 -1.0000
v -16.0000 1.0000 -1.0000
v -15.0000 2.0000 -1.0000
v -16.0000 2.0000 -1.0000
v -16.0000 0.0000 -2.0000
v -15.0000 0.0000 -2.0000
v -16.0000 1.0000 -2.0000
v -15.0000 2.0000 -2.0000
v -16.0000 2.0000 -2.0000
v -16.0000 0.0000 -3.0000
v -15.0000 0.0000 -3.0000
v -16.0000 1.0000 -3.0000
v -15.0000 2.0000 -3.0000
v -16.0000 2.0000 -3.0000
v -16.0000 0.0000 -4.0000
v -15.0000 0.0000 -4.0000
v -16.0000 1.0000 -4.0000
v -15.0000 2.0000 -4.0000
v -16.0000 2.0000 -4.0000
v -16.0000 0.0000 -5.0000
v -15.0000 0.0000 -5.0000
v -16.0000 1.0000 -5.0000
v -15.0000 2.0000 -5.0000
v -16.0000 2.0000 -5.0000
v -16.0000 0.0000 -6.0000
v -15.0000 0.0000 -6.0000
v -16.0000 1.0000 -6.0000
v -15.0000 2.0000 -6.0000
v -16.0000 2.0000 -6.0000
v -16.0000 0.0000 -7.0000
v -15.0000 0.0000 -7.0000
v -16.0000 1.0000 -7.0000
v -15.0000 2.0000 -7.0000
v -16.0000 2.0000 -7.0000
v -16.0000 0.0000 -8.0000
v -15.0000 0.0000 -8.0000
v -16.0000 1.0000 -8.0000
v -16.0000 2.0000 -8.0000
v -16.0000 3.0000 -7.0000
v -15.0000 3.0000 -7.0000
v -15.0000 3.0000 -8.0000
v -16.0000 3.0000 -8.0000
v -16.0000 0.0000 -9.0000
v -15.0000 0.0000 -9.0000
v -16.0000 1.0000 -9.0000
v -16.0000 2.0000 -9.0000
v -15.0000 3.0000 -9.0000
v -16.0000 3.0000 -9.0000
v -15.0000 2.0000 -9.0000
v -16.0000 0.0000 -10.0000
v -15.0000 0.0000 -10.0000
v -16.0000 1.0000 -10.0000
v -15.0000 2.0000 -10.0000
v -16.0000 2.0000 -10.0000
v -16.0000 0.0000 -11.0000
v -15.0000 0.0000 -11.0000
v -16.0000 1.0000 -11.0000
v -15.0000 2.0000 -11.0000
v -16.0000 2.0000 -11.0000
v -16.0000 0.0000 -12.0000
v -15.0000 0.0000 -12.0000
v -16.0000 1.0000 -12.0000
v -16.0000 2.0000 -12.0000
v -16.0000 3.0000 -11.0000
v -15.0000 3.0000 -11.0000
v -15.0000 3.0000 -12.0000
v -16.0000 3.0000 -12.0000
v -16.0000 0.0000 -13.0000
v -15.0000 0.0000 -13.0000
v -16.0000 1.0000 -13.0000
v -16.0000 2.0000 -13.0000
v -15.0000 3.0000 -13.0000
v -16.0000 3.0000 -13.0000
v -15.0000 2.0000 -13.0000
v -16.0000 0.0000 -14.0000
v -15.0000 0.0000 -14.0000
v -16.0000 1.0000 -14.0000
v -15.0000 2.0000 -14.0000
v -16.0000 2.0000 -14.0000
v -16.0000 0.0000 -15.0000
v -15.0000 0.0000 -15.0000
v -16.0000 1.0000 -15.0000
v -15.0000 2.0000 -15.0000
v -16.0000 2.0000 -15.0000
v -16.0000 -2.0000 -15.0000
v -16.0000 -2.0000 -16.0000
v -15.0000 -2.0000 -16.0000
v -15.0000 -2.0000 -15.0000
v -15.0000 -1.0000 -15.0000
v -16.0000 -1.0000 -15.0000
v -16.0000 -1.0000 -16.0000
v -15.0000 -1.0000 -16.0000
v -16.0000 0.0000 -16.0000
v -15.0000 0.0000 -16.0000
v -16.0000 1.0000 -16.0000
v -15.0000 1.0000 -16.0000
v -15.0000 1.0000 -15.0000
v -15.0000 2.0000 -16.0000
v -16.0000 2.0000 -16.0000
v -14.0000 -1.0000 16.0000
v -14.0000 -1.0000 15.0000
v -14.0000 -2.0000 15.0000
v -14.0000 -2.0000 16.0000
v -14.0000 0.0000 15.0000
v -14.0000 0.0000 16.0000
v -14.0000 1.0000 16.0000
v -14.0000 2.0000 16.0000
v -14.0000 2.0000 15.0000
v -14.0000 -2.0000 14.0000
v -14.0000 -1.0000 14.0000
v -14.0000 2.0000 14.0000
v -14.0000 -2.0000 13.0000
v -14.0000 -1.0000 13.0000
v -14.0000 2.0000 13.0000
v -14.0000 -1.0000 12.0000
v -14.0000 2.0000 12.0000
v -14.0000 -1.0000 11.0000
v -14.0000 2.0000 11.0000
v -15.0000 -2.0000 11.0000
v -15.0000 -2.0000 10.0000
v -14.0000 -2.0000 10.0000
v -14.0000 -2.0000 11.0000
v -15.0000 -1.0000 10.0000
v -14.0000 -1.0000 10.0000
v -14.0000 2.0000 10.0000
v -15.0000 -1.0000 9.0000
v -14.0000 -1.0000 9.0000
v -14.0000 2.0000 9.0000
v -15.0000 -1.0000 8.0000
v -14.0000 -1.0000 8.0000
v -14.0000 2.0000 8.0000
v -15.0000 -1.0000 7.0000
v -14.0000 -1.0000 7.0000
v -14.0000 2.0000 7.0000
v -15.0000 -1.0000 6.0000
v -14.0000 -1.0000 6.0000
v -14.0000 2.0000 6.0000
v -15.0000 -1.0000 5.0000
v -14.0000 -1.0000 5.0000
v -14.0000 2.0000 5.0000
v -15.0000 -1.0000 4.0000
v -14.0000 -1.0000 4.0000
v -14.0000 2.0000 4.0000
v -15.0000 -1.0000 3.0000
v -14.0000 -1.0000 3.0000
v -14.0000 2.0000 3.0000
v -15.0000 -1.0000 2.0000
v -14.0000 -1.0000 2.0000
v -14.0000 2.0000 2.0000
v -15.0000 -1.0000 1.0000
v -14.0000 -1.0000 1.0000
v -14.0000 2.0000 1.0000
v -15.0000 -1.0000 -0.0000
v -14.0000 -1.0000 -0.0000
v -14.0000 2.0000 -0.0000
v -15.0000 -1.0000 -1.0000
v -14.0000 -1.0000 -1.0000
v -14.0000 2.0000 -1.0000
v -15.0000 -1.0000 -2.0000
v -14.0000 -1.0000 -2.0000
v -14.0000 2.0000 -2.0000
v -15.0000 -1.0000 -3.0000
v -14.0000 -1.0000 -3.0000
v -14.0000 2.0000 -3.0000
v -15.0000 -1.0000 -4.0000
v -14.0000 -1.0000 -4.0000
v -14.0000 2.0000 -4.0000
v -15.0000 -1.0000 -5.0000
v -14.0000 -1.0000 -5.0000
v -14.0000 2.0000 -5.0000
v -15.0000 -1.0000 -6.0000
v -14.0000 -1.0000 -6.0000
v -14.0000 2.0000 -6.0000
v -15.0000 -1.0000 -7.0000
v -14.0000 -1.0000 -7.0000
v -14.0000 2.0000 -7.0000
v -15.0000 -1.0000 -8.0000
v -14.0000 -1.0000 -8.0000
v -14.0000 3.0000 -7.0000
v -14.0000 3.0000 -8.0000
v -15.0000 -1.0000 -9.0000
v -14.0000 -1.0000 -9.0000
v -14.0000 3.0000 -9.0000
v -15.0000 -1.0000 -10.0000
v -14.0000 -1.0000 -10.0000
v -14.0000 3.0000 -10.0000
v -15.0000 3.0000 -10.0000
v -15.0000 -1.0000 -11.0000
v -14.0000 -1.0000 -11.0000
v -15.0000 4.0000 -10.0000
v -14.0000 4.0000 -10.0000
v -14.0000 4.0000 -11.0000
v -15.0000 4.0000 -11.0000
v -14.0000 3.0000 -11.0000
v -15.0000 -2.0000 -11.0000
v -15.0000 -2.0000 -12.0000
v -14.0000 -2.0000 -12.0000
v -14.0000 -2.0000 -11.0000
v -14.0000 -1.0000 -12.0000
v -15.0000 -1.0000 -12.0000
v -14.0000 3.0000 -12.0000
v -15.0000 -2.0000 -13.0000
v -14.0000 -2.0000 -13.0000
v -15.0000 -1.0000 -13.0000
v -14.0000 -1.0000 -13.0000
v -14.0000 3.0000 -13.0000
v -14.0000 2.0000 -13.0000
v -15.0000 -1.0000 -14.0000
v -14.0000 -1.0000 -14.0000
v -14.0000 2.0000 -14.0000
v -14.0000 -1.0000 -15.0000
v -14.0000 1.0000 -15.0000
v -14.0000 0.0000 -15.0000
v -14.0000 2.0000 -15.0000
v -14.0000 0.0000 -16.0000
v -14.0000 -1.0000 -16.0000
v -14.0000 2.0000 -16.0000
v -14.0000 1.0000 -16.0000
v -13.0000 0.0000 15.0000
v -13.0000 0.0000 16.0000
v -13.0000 1.0000 16.0000
v -13.0000 2.0000 16.0000
v -13.0000 2.0000 15.0000
v -13.0000 -1.0000 14.0000
v -13.0000 -1.0000 15.0000
v -13.0000 2.0000 14.0000
v -13.0000 -1.0000 13.0000
v -13.0000 2.0000 13.0000
v -13.0000 -1.0000 12.0000
v -14.0000 3.0000 13.0000
v -13.0000 3.0000 13.0000
v -13.0000 3.0000 12.0000
v -14.0000 3.0000 12.0000
v -14.0000 -16.0000 12.0000
v -14.0000 -16.0000 11.0000
v -13.0000 -16.0000 11.0000
v -13.0000 -16.0000 12.0000
v -13.0000 -15.0000 12.0000
v -14.0000 -15.0000 12.0000
v -14.0000 -15.0000 11.0000
v -14.0000 -14.0000 12.0000
v -13.0000 -14.0000 12.0000
v -13.0000 -14.0000 11.0000
v -14.0000 -14.0000 11.0000
v -13.0000 -1.0000 11.0000
v -13.0000 3.0000 11.0000
v -14.0000 3.0000 11.0000
v -14.0000 -16.0000 10.0000
v -13.0000 -16.0000 10.0000
v -14.0000 -15.0000 10.0000
v -13.0000 -14.0000 10.0000
v -14.0000 -14.0000 10.0000
v -13.0000 -1.0000 10.0000
v -13.0000 3.0000 10.0000
v -14.0000 3.0000 10.0000
v -14.0000 -16.0000 9.0000
v -13.0000 -16.0000 9.0000
v -14.0000 -15.0000 9.0000
v -13.0000 -14.0000 9.0000
v -14.0000 -14.0000 9.0000
v -13.0000 -1.0000 9.0000
v -13.0000 3.0000 9.0000
v -14.0000 3.0000 9.0000
v -14.0000 -16.0000 8.0000
v -13.0000 -16.0000 8.0000
v -14.0000 -15.0000 8.0000
v -13.0000 -14.0000 8.0000
v -14.0000 -14.0000 8.0000
v -13.0000 -1.0000 8.0000
v -13.0000 3.0000 8.0000
v -14.0000 3.0000 8.0000
v -14.0000 -16.0000 7.0000
v -13.0000 -16.0000 7.0000
v -14.0000 -15.0000 7.0000
v -13.0000 -14.0000 7.0000
v -14.0000 -14.0000 7.0000
v -13.0000 -1.0000 7.0000
v -13.0000 3.0000 7.0000
v -14.0000 3.0000 7.0000
v -14.0000 -16.0000 6.0000
v -13.0000 -16.0000 6.0000
v -14.0000 -15.0000 6.0000
v -13.0000 -14.0000 6.0000
v -14.0000 -14.0000 6.0000
v -13.0000 -1.0000 6.0000
v -13.0000 3.0000 6.0000
v -14.0000 3.0000 6.0000
v -14.0000 -16.0000 5.0000
v -13.0000 -16.0000 5.0000
v -14.0000 -15.0000 5.0000
v -13.0000 -14.0000 5.0000
v -14.0000 -14.0000 5.0000
v -13.0000 -1.0000 5.0000
v -13.0000 3.0000 5.0000
v -14.0000 3.0000 5.0000
v -14.0000 -16.0000 4.0000
v -13.0000 -16.0000 4.0000
v -14.0000 -15.0000 4.0000
v -13.0000 -14.0000 4.0000
v -14.0000 -14.0000 4.0000
v -13.0000 -1.0000 4.0000
v -13.0000 3.0000 4.0000
v -14.0000 3.0000 4.0000
v -14.0000 -16.0000 3.0000
v -13.0000 -16.0000 3.0000
v -14.0000 -15.0000 3.0000
v -13.0000 -14.0000 3.0000
v -14.0000 -14.0000 3.0000
v -13.0000 -1.0000 3.0000
v -13.0000 3.0000 3.0000
v -14.0000 3.0000 3.0000
v -14.0000 -16.0000 2.0000
v -13.0000 -16.0000 2.0000
v -14.0000 -15.0000 2.0000
v -13.0000 -14.0000 2.0000
v -14.0000 -14.0000 2.0000
v -13.0000 -1.0000 2.0000
v -13.0000 3.0000 2.0000
v -14.0000 3.0000 2.0000
v -14.0000 -16.0000 1.0000
v -13.0000 -16.0000 1.0000
v -14.0000 -15.0000 1.0000
v -13.0000 -14.0000 1.0000
v -14.0000 -14.0000 1.0000
v -13.0000 -1.0000 1.0000
v -13.0000 3.0000 1.0000
v -14.0000 3.0000 1.0000
v -14.0000 -16.0000 -0.0000
v -13.0000 -16.0000 -0.0000
v -14.0000 -15.0000 -0.0000
v -13.0000 -14.0000 -0.0000
v -14.0000 -14.0000 -0.0000
v -13.0000 -1.0000 -0.0000
v -13.0000 3.0000 -0.0000
v -14.0000 3.0000 -0.0000
v -14.0000 -16.0000 -1.0000
v -13.0000 -16.0000 -1.0000
v -14.0000 -15.0000 -1.0000
v -13.0000 -14.0000 -1.0000
v -14.0000 -14.0000 -1.0000
v -13.0000 -1.0000 -1.0000
v -13.0000 3.0000 -1.0000
v -14.0000 3.0000 -1.0000
v -14.0000 -16.0000 -2.0000
v -13.0000 -16.0000 -2.0000
v -14.0000 -15.0000 -2.0000
v -13.0000 -14.0000 -2.0000
v -14.0000 -14.0000 -2.0000
v -13.0000 -1.0000 -2.0000
v -13.0000 3.0000 -2.0000
v -14.0000 3.0000 -2.0000
v -14.0000 -16.0000 -3.0000
v -13.0000 -16.0000 -3.0000
v -14.0000 -15.0000 -3.0000
v -13.0000 -14.0000 -3.0000
v -14.0000 -14.0000 -3.0000
v -13.0000 -1.0000 -3.0000
v -13.0000 3.0000 -3.0000
v -14.0000 3.0000 -3.0000
v -14.0000 -16.0000 -4.0000
v -13.0000 -16.0000 -4.0000
v -14.0000 -15.0000 -4.0000
v -13.0000 -14.0000 -4.0000
v -14.0000 -14.0000 -4.0000
v -13.0000 -1.0000 -4.0000
v -13.0000 3.0000 -4.0000
v -14.0000 3.0000 -4.0000
v -14.0000 -16.0000 -5.0000
v -13.0000 -16.0000 -5.0000
v -14.0000 -15.0000 -5.0000
v -13.0000 -14.0000 -5.0000
v -14.0000 -14.0000 -5.0000
v -13.0000 -1.0000 -5.0000
v -13.0000 3.0000 -5.0000
v -14.0000 3.0000 -5.0000
v -14.0000 -16.0000 -6.0000
v -13.0000 -16.0000 -6.0000
v -14.0000 -15.0000 -6.0000
v -13.0000 -14.0000 -6.0000
v -14.0000 -14.0000 -6.0000
v -13.0000 -1.0000 -6.0000
v -13.0000 3.0000 -6.0000
v -14.0000 3.0000 -6.0000
v -14.0000 -16.0000 -7.0000
v -13.0000 -16.0000 -7.0000
v -14.0000 -15.0000 -7.0000
v -13.0000 -14.0000 -7.0000
v -14.0000 -14.0000 -7.0000
v -13.0000 -1.0000 -7.0000
v -13.0000 3.0000 -7.0000
v -14.0000 -16.0000 -8.0000
v -13.0000 -16.0000 -8.0000
v -14.0000 -15.0000 -8.0000
v -13.0000 -14.0000 -8.0000
v -14.0000 -14.0000 -8.0000
v -13.0000 -1.0000 -8.0000
v -14.0000 4.0000 -7.0000
v -13.0000 4.0000 -7.0000
v -13.0000 4.0000 -8.0000
v -14.0000 4.0000 -8.0000
v -14.0000 -16.0000 -9.0000
v -13.0000 -16.0000 -9.0000
v -14.0000 -15.0000 -9.0000
v -13.0000 -14.0000 -9.0000
v -14.0000 -14.0000 -9.0000
v -13.0000 -1.0000 -9.0000
v -13.0000 4.0000 -9.0000
v -14.0000 4.0000 -9.0000
v -14.0000 -16.0000 -10.0000
v -13.0000 -16.0000 -10.0000
v -14.0000 -15.0000 -10.0000
v -13.0000 -15.0000 -10.0000
v -13.0000 -14.0000 -10.0000
v -14.0000 -14.0000 -10.0000
v -13.0000 -1.0000 -10.0000
v -13.0000 4.0000 -10.0000
v -13.0000 -1.0000 -11.0000
v -13.0000 4.0000 -11.0000
v -13.0000 -1.0000 -12.0000
v -14.0000 4.0000 -12.0000
v -13.0000 4.0000 -12.0000
v -13.0000 3.0000 -12.0000
v -14.0000 5.0000 -11.0000
v -13.0000 5.0000 -11.0000
v -13.0000 5.0000 -12.0000
v -14.0000 5.0000 -12.0000
v -13.0000 -1.0000 -13.0000
v -13.0000 3.0000 -13.0000
v -13.0000 -1.0000 -14.0000
v -13.0000 3.0000 -14.0000
v -14.0000 3.0000 -14.0000
v -13.0000 -1.0000 -15.0000
v -13.0000 1.0000 -15.0000
v -13.0000 0.0000 -15.0000
v -13.0000 3.0000 -15.0000
v -14.0000 3.0000 -15.0000
v -13.0000 2.0000 -15.0000
v -13.0000 0.0000 -16.0000
v -13.0000 -1.0000 -16.0000
v -13.0000 2.0000 -16.0000
v -13.0000 1.0000 -16.0000
v -12.0000 0.0000 15.0000
v -12.0000 0.0000 16.0000
v -12.0000 1.0000 16.0000
v -12.0000 2.0000 16.0000
v -12.0000 2.0000 15.0000
v -12.0000 -1.0000 14.0000
v -12.0000 -1.0000 15.0000
v -12.0000 2.0000 14.0000
v -12.0000 -1.0000 13.0000
v -12.0000 3.0000 14.0000
v -13.0000 3.0000 14.0000
v -13.0000 4.0000 14.0000
v -12.0000 4.0000 14.0000
v -12.0000 4.0000 13.0000
v -13.0000 4.0000 13.0000
v -12.0000 -1.0000 12.0000
v -12.0000 4.0000 12.0000
v -13.0000 4.0000 12.0000
v -12.0000 -16.0000 11.0000
v -12.0000 -16.0000 12.0000
v -12.0000 -15.0000 12.0000
v -12.0000 -14.0000 12.0000
v -12.0000 -14.0000 11.0000
v -12.0000 -1.0000 11.0000
v -12.0000 4.0000 11.0000
v -13.0000 4.0000 11.0000
v -12.0000 -16.0000 10.0000
v -12.0000 -14.0000 10.0000
v -12.0000 -1.0000 10.0000
v -12.0000 4.0000 10.0000
v -13.0000 4.0000 10.0000
v -12.0000 -16.0000 9.0000
v -12.0000 -14.0000 9.0000
v -12.0000 -1.0000 9.0000
v -12.0000 4.0000 9.0000
v -13.0000 4.0000 9.0000
v -12.0000 -16.0000 8.0000
v -12.0000 -14.0000 8.0000
v -12.0000 -1.0000 8.0000
v -12.0000 4.0000 8.0000
v -13.0000 4.0000 8.0000
v -12.0000 -16.0000 7.0000
v -12.0000 -14.0000 7.0000
v -12.0000 -1.0000 7.0000
v -12.0000 4.0000 7.0000
v -13.0000 4.0000 7.0000
v -12.0000 -16.0000 6.0000
v -12.0000 -14.0000 6.0000
v -12.0000 -1.0000 6.0000
v -12.0000 4.0000 6.0000
v -13.0000 4.0000 6.0000
v -12.0000 -16.0000 5.0000
v -12.0000 -14.0000 5.0000
v -12.0000 -1.0000 5.0000
v -12.0000 4.0000 5.0000
v -13.0000 4.0000 5.0000
v -12.0000 -16.0000 4.0000
v -12.0000 -14.0000 4.0000
v -12.0000 -1.0000 4.0000
v -12.0000 4.0000 4.0000
v -13.0000 4.0000 4.0000
v -12.0000 -16.0000 3.0000
v -12.0000 -14.0000 3.0000
v -12.0000 -1.0000 3.0000
v -12.0000 4.0000 3.0000
v -13.0000 4.0000 3.0000
v -12.0000 -16.0000 2.0000
v -12.0000 -14.0000 2.0000
v -12.0000 -1.0000 2.0000
v -12.0000 4.0000 2.0000
v -13.0000 4.0000 2.0000
v -12.0000 -16.0000 1.0000
v -12.0000 -14.0000 1.0000
v -12.0000 -1.0000 1.0000
v -12.0000 4.0000 1.0000
v -13.0000 4.0000 1.0000
v -12.0000 -16.0000 -0.0000
v -12.0000 -14.0000 -0.0000
v -12.0000 -1.0000 -0.0000
v -12.0000 4.0000 -0.0000
v -13.0000 4.0000 -0.0000
v -12.0000 -16.0000 -1.0000
v -12.0000 -14.0000 -1.0000
v -12.0000 -1.0000 -1.0000
v -12.0000 4.0000 -1.0000
v -13.0000 4.0000 -1.0000
v -12.0000 -16.0000 -2.0000
v -12.0000 -14.0000 -2.0000
v -12.0000 -1.0000 -2.0000
v -12.0000 4.0000 -2.0000
v -13.0000 4.0000 -2.0000
v -12.0000 -16.0000 -3.0000
v -12.0000 -14.0000 -3.0000
v -12.0000 -1.0000 -3.0000
v -12.0000 4.0000 -3.0000
v -13.0000 4.0000 -3.0000
v -12.0000 -16.0000 -4.0000
v -12.0000 -14.0000 -4.0000
v -12.0000 -1.0000 -4.0000
v -12.0000 4.0000 -4.0000
v -13.0000 4.0000 -4.0000
v -12.0000 -16.0000 -5.0000
v -12.0000 -14.0000 -5.0000
v -12.0000 -1.0000 -5.0000
v -12.0000 4.0000 -5.0000
v -13.0000 4.0000 -5.0000
v -12.0000 -16.0000 -6.0000
v -12.0000 -14.0000 -6.0000
v -12.0000 -1.0000 -6.0000
v -12.0000 4.0000 -6.0000
v -13.0000 4.0000 -6.0000
v -12.0000 -16.0000 -7.0000
v -12.0000 -14.0000 -7.0000
v -12.0000 -1.0000 -7.0000
v -12.0000 4.0000 -7.0000
v -12.0000 -16.0000 -8.0000
v -12.0000 -14.0000 -8.0000
v -12.0000 -1.0000 -8.0000
v -13.0000 5.0000 -7.0000
v -12.0000 5.0000 -7.0000
v -12.0000 5.0000 -8.0000
v -13.0000 5.0000 -8.0000
v -12.0000 -16.0000 -9.0000
v -12.0000 -14.0000 -9.0000
v -12.0000 -1.0000 -9.0000
v -12.0000 5.0000 -9.0000
v -13.0000 5.0000 -9.0000
v -12.0000 4.0000 -9.0000
v -12.0000 -16.0000 -10.0000
v -12.0000 -15.0000 -10.0000
v -12.0000 -14.0000 -10.0000
v -12.0000 -1.0000 -10.0000
v -12.0000 4.0000 -10.0000
v -12.0000 -1.0000 -11.0000
v -13.0000 5.0000 -10.0000
v -12.0000 5.0000 -10.0000
v -12.0000 5.0000 -11.0000
v -12.0000 -1.0000 -12.0000
v -12.0000 5.0000 -12.0000
v -12.0000 4.0000 -12.0000
v -12.0000 -1.0000 -13.0000
v -12.0000 4.0000 -13.0000
v -13.0000 4.0000 -13.0000
v -12.0000 -1.0000 -14.0000
v -12.0000 4.0000 -14.0000
v -13.0000 4.0000 -14.0000
v -12.0000 -1.0000 -15.0000
v -12.0000 1.0000 -15.0000
v -12.0000 0.0000 -15.0000
v -12.0000 4.0000 -15.0000
v -13.0000 4.0000 -15.0000
v -12.0000 0.0000 -16.0000
v -12.0000 -1.0000 -16.0000
v -12.0000 1.0000 -16.0000
v -12.0000 2.0000 -16.0000
v -13.0000 3.0000 -16.0000
v -12.0000 3.0000 -16.0000
v -12.0000 4.0000 -16.0000
v -13.0000 4.0000 -16.0000
v -11.0000 0.0000 15.0000
v -11.0000 0.0000 16.0000
v -11.0000 1.0000 16.0000
v -11.0000 2.0000 16.0000
v -11.0000 2.0000 15.0000
v -11.0000 -1.0000 14.0000
v -11.0000 -1.0000 15.0000
v -12.0000 3.0000 15.0000
v -11.0000 3.0000 15.0000
v -11.0000 3.0000 14.0000
v -11.0000 -1.0000 13.0000
v -11.0000 4.0000 14.0000
v -12.0000 5.0000 14.0000
v -11.0000 5.0000 14.0000
v -11.0000 5.0000 13.0000
v -12.0000 5.0000 13.0000
v -11.0000 -1.0000 12.0000
v -11.0000 5.0000 12.0000
v -12.0000 5.0000 12.0000
v -11.0000 -16.0000 11.0000
v -11.0000 -16.0000 12.0000
v -11.0000 -15.0000 12.0000
v -11.0000 -14.0000 12.0000
v -12.0000 -13.0000 12.0000
v -11.0000 -13.0000 12.0000
v -11.0000 -13.0000 11.0000
v -12.0000 -13.0000 11.0000
v -11.0000 -1.0000 11.0000
v -11.0000 5.0000 11.0000
v -12.0000 5.0000 11.0000
v -11.0000 -16.0000 10.0000
v -11.0000 -13.0000 10.0000
v -12.0000 -13.0000 10.0000
v -11.0000 -14.0000 10.0000
v -11.0000 -1.0000 10.0000
v -11.0000 5.0000 10.0000
v -12.0000 5.0000 10.0000
v -11.0000 -16.0000 9.0000
v -11.0000 -14.0000 9.0000
v -11.0000 -1.0000 9.0000
v -11.0000 5.0000 9.0000
v -12.0000 5.0000 9.0000
v -11.0000 -16.0000 8.0000
v -11.0000 -14.0000 8.0000
v -11.0000 -1.0000 8.0000
v -11.0000 5.0000 8.0000
v -12.0000 5.0000 8.0000
v -11.0000 -16.0000 7.0000
v -11.0000 -14.0000 7.0000
v -11.0000 -1.0000 7.0000
v -11.0000 5.0000 7.0000
v -12.0000 5.0000 7.0000
v -11.0000 -16.0000 6.0000
v -11.0000 -14.0000 6.0000
v -11.0000 -1.0000 6.0000
v -11.0000 5.0000 6.0000
v -12.0000 5.0000 6.0000
v -11.0000 -16.0000 5.0000
v -11.0000 -14.0000 5.0000
v -11.0000 -1.0000 5.0000
v -11.0000 5.0000 5.0000
v -12.0000 5.0000 5.0000
v -11.0000 -16.0000 4.0000
v -11.0000 -14.0000 4.0000
v -11.0000 -1.0000 4.0000
v -11.0000 5.0000 4.0000
v -12.0000 5.0000 4.0000
v -11.0000 -16.0000 3.0000
v -11.0000 -14.0000 3.0000
v -11.0000 -1.0000 3.0000
v -11.0000 5.0000 3.0000
v -12.0000 5.0000 3.0000
v -11.0000 -16.0000 2.0000
v -11.0000 -14.0000 2.0000
v -11.0000 -1.0000 2.0000
v -11.0000 5.0000 2.0000
v -12.0000 5.0000 2.0000
v -11.0000 -16.0000 1.0000
v -11.0000 -14.0000 1.0000
v -11.0000 -1.0000 1.0000
v -12.0000 5.0000 1.0000
v -12.0000 6.0000 2.0000
v -11.0000 6.0000 2.0000
v -11.0000 6.0000 1.0000
v -12.0000 6.0000 1.0000
v -11.0000 -16.0000 -0.0000
v -11.0000 -14.0000 -0.0000
v -11.0000 -1.0000 -0.0000
v -12.0000 5.0000 -0.0000
v -11.0000 6.0000 -0.0000
v -12.0000 6.0000 -0.0000
v -11.0000 5.0000 -0.0000
v -11.0000 -16.0000 -1.0000
v -11.0000 -14.0000 -1.0000
v -11.0000 -1.0000 -1.0000
v -11.0000 5.0000 -1.0000
v -12.0000 5.0000 -1.0000
v -11.0000 -16.0000 -2.0000
v -11.0000 -14.0000 -2.0000
v -11.0000 -1.0000 -2.0000
v -11.0000 5.0000 -2.0000
v -12.0000 5.0000 -2.0000
v -11.0000 -16.0000 -3.0000
v -11.0000 -14.0000 -3.0000
v -11.0000 -1.0000 -3.0000
v -11.0000 5.0000 -3.0000
v -12.0000 5.0000 -3.0000
v -11.0000 -16.0000 -4.0000
v -11.0000 -14.0000 -4.0000
v -11.0000 -1.0000 -4.0000
v -11.0000 5.0000 -4.0000
v -12.0000 5.0000 -4.0000
v -11.0000 -16.0000 -5.0000
v -11.0000 -14.0000 -5.0000
v -11.0000 -1.0000 -5.0000
v -11.0000 5.0000 -5.0000
v -12.0000 5.0000 -5.0000
v -11.0000 -16.0000 -6.0000
v -11.0000 -14.0000 -6.0000
v -11.0000 -1.0000 -6.0000
v -11.0000 5.0000 -6.0000
v -12.0000 5.0000 -6.0000
v -11.0000 -16.0000 -7.0000
v -11.0000 -14.0000 -7.0000
v -11.0000 -1.0000 -7.0000
v -11.0000 5.0000 -7.0000
v -11.0000 -16.0000 -8.0000
v -11.0000 -14.0000 -8.0000
v -11.0000 -1.0000 -8.0000
v -11.0000 5.0000 -8.0000
v -11.0000 -16.0000 -9.0000
v -11.0000 -14.0000 -9.0000
v -11.0000 -1.0000 -9.0000
v -11.0000 5.0000 -9.0000
v -11.0000 -16.0000 -10.0000
v -11.0000 -15.0000 -10.0000
v -11.0000 -14.0000 -10.0000
v -11.0000 -1.0000 -10.0000
v -11.0000 5.0000 -10.0000
v -11.0000 -1.0000 -11.0000
v -11.0000 5.0000 -11.0000
v -11.0000 -1.0000 -12.0000
v -11.0000 5.0000 -12.0000
v -11.0000 -1.0000 -13.0000
v -11.0000 5.0000 -13.0000
v -12.0000 5.0000 -13.0000
v -11.0000 -1.0000 -14.0000
v -11.0000 5.0000 -14.0000
v -12.0000 5.0000 -14.0000
v -11.0000 -1.0000 -15.0000
v -11.0000 1.0000 -15.0000
v -11.0000 0.0000 -15.0000
v -11.0000 5.0000 -15.0000
v -12.0000 5.0000 -15.0000
v -11.0000 0.0000 -16.0000
v -11.0000 -1.0000 -16.0000
v -11.0000 1.0000 -16.0000
v -11.0000 2.0000 -16.0000
v -11.0000 3.0000 -16.0000
v -11.0000 4.0000 -16.0000
v -11.0000 5.0000 -16.0000
v -12.0000 5.0000 -16.0000
v -11.0000 -1.0000 16.0000
v -10.0000 -1.0000 16.0000
v -10.0000 -1.0000 15.0000
v -11.0000 -2.0000 16.0000
v -11.0000 -2.0000 15.0000
v -10.0000 -2.0000 15.0000
v -10.0000 -2.0000 16.0000
v -10.0000 0.0000 15.0000
v -10.0000 0.0000 16.0000
v -10.0000 1.0000 16.0000
v -10.0000 2.0000 16.0000
v -10.0000 2.0000 15.0000
v -11.0000 -2.0000 14.0000
v -10.0000 -2.0000 14.0000
v -10.0000 3.0000 15.0000
v -10.0000 3.0000 14.0000
v -11.0000 -2.0000 13.0000
v -10.0000 -2.0000 13.0000
v -10.0000 -1.0000 13.0000
v -10.0000 4.0000 14.0000
v -10.0000 5.0000 14.0000
v -10.0000 5.0000 13.0000
v -11.0000 -16.0000 13.0000
v -10.0000 -16.0000 12.0000
v -10.0000 -16.0000 13.0000
v -10.0000 -15.0000 13.0000
v -11.0000 -15.0000 13.0000
v -10.0000 -15.0000 12.0000
v -11.0000 -14.0000 13.0000
v -10.0000 -14.0000 13.0000
v -10.0000 -14.0000 12.0000
v -10.0000 -1.0000 12.0000
v -10.0000 5.0000 12.0000
v -10.0000 -16.0000 11.0000
v -10.0000 -13.0000 12.0000
v -10.0000 -13.0000 11.0000
v -10.0000 -1.0000 11.0000
v -10.0000 5.0000 11.0000
v -10.0000 -16.0000 10.0000
v -10.0000 -12.0000 11.0000
v -11.0000 -12.0000 11.0000
v -11.0000 -12.0000 10.0000
v -11.0000 -11.0000 11.0000
v -10.0000 -11.0000 11.0000
v -10.0000 -11.0000 10.0000
v -11.0000 -11.0000 10.0000
v -11.0000 -2.0000 11.0000
v -11.0000 -2.0000 10.0000
v -10.0000 -2.0000 10.0000
v -10.0000 -2.0000 11.0000
v -10.0000 5.0000 10.0000
v -10.0000 -16.0000 9.0000
v -11.0000 -13.0000 9.0000
v -11.0000 -12.0000 9.0000
v -10.0000 -11.0000 9.0000
v -11.0000 -11.0000 9.0000
v -11.0000 -2.0000 9.0000
v -10.0000 -2.0000 9.0000
v -10.0000 5.0000 9.0000
v -10.0000 -16.0000 8.0000
v -11.0000 -13.0000 8.0000
v -11.0000 -12.0000 8.0000
v -10.0000 -11.0000 8.0000
v -11.0000 -11.0000 8.0000
v -11.0000 -2.0000 8.0000
v -10.0000 -2.0000 8.0000
v -10.0000 5.0000 8.0000
v -10.0000 -16.0000 7.0000
v -11.0000 -13.0000 7.0000
v -11.0000 -12.0000 7.0000
v -10.0000 -11.0000 7.0000
v -11.0000 -11.0000 7.0000
v -11.0000 -2.0000 7.0000
v -10.0000 -2.0000 7.0000
v -10.0000 5.0000 7.0000
v -10.0000 -16.0000 6.0000
v -11.0000 -13.0000 6.0000
v -11.0000 -12.0000 6.0000
v -10.0000 -11.0000 6.0000
v -11.0000 -11.0000 6.0000
v -11.0000 -2.0000 6.0000
v -10.0000 -2.0000 6.0000
v -10.0000 5.0000 6.0000
v -10.0000 -16.0000 5.0000
v -11.0000 -13.0000 5.0000
v -11.0000 -12.0000 5.0000
v -10.0000 -12.0000 5.0000
v -10.0000 -13.0000 5.0000
v -10.0000 -11.0000 5.0000
v -11.0000 -11.0000 5.0000
v -11.0000 -2.0000 5.0000
v -10.0000 -2.0000 5.0000
v -10.0000 5.0000 5.0000
v -10.0000 -16.0000 4.0000
v -10.0000 -13.0000 4.0000
v -11.0000 -13.0000 4.0000
v -10.0000 -14.0000 4.0000
v -11.0000 -2.0000 4.0000
v -10.0000 -2.0000 4.0000
v -10.0000 5.0000 4.0000
v -10.0000 -16.0000 3.0000
v -10.0000 -14.0000 3.0000
v -11.0000 -2.0000 3.0000
v -10.0000 -2.0000 3.0000
v -10.0000 5.0000 3.0000
v -10.0000 -16.0000 2.0000
v -10.0000 -15.0000 2.0000
v -10.0000 -15.0000 3.0000
v -10.0000 -14.0000 2.0000
v -11.0000 -2.0000 2.0000
v -10.0000 -2.0000 2.0000
v -10.0000 5.0000 2.0000
v -10.0000 -16.0000 1.0000
v -10.0000 -15.0000 1.0000
v -10.0000 -14.0000 1.0000
v -11.0000 -2.0000 1.0000
v -10.0000 -2.0000 1.0000
v -10.0000 6.0000 2.0000
v -10.0000 6.0000 1.0000
v -10.0000 -16.0000 -0.0000
v -10.0000 -15.0000 -0.0000
v -10.0000 -14.0000 -0.0000
v -11.0000 -2.0000 -0.0000
v -10.0000 -2.0000 -0.0000
v -10.0000 6.0000 -0.0000
v -10.0000 5.0000 -0.0000
v -10.0000 5.0000 1.0000
v -10.0000 -16.0000 -1.0000
v -10.0000 -15.0000 -1.0000
v -10.0000 -14.0000 -1.0000
v -11.0000 -2.0000 -1.0000
v -10.0000 -2.0000 -1.0000
v -10.0000 5.0000 -1.0000
v -10.0000 -16.0000 -2.0000
v -10.0000 -15.0000 -2.0000
v -10.0000 -14.0000 -2.0000
v -11.0000 -2.0000 -2.0000
v -10.0000 -2.0000 -2.0000
v -10.0000 5.0000 -2.0000
v -10.0000 -16.0000 -3.0000
v -10.0000 -15.0000 -3.0000
v -10.0000 -14.0000 -3.0000
v -11.0000 -2.0000 -3.0000
v -10.0000 -2.0000 -3.0000
v -10.0000 5.0000 -3.0000
v -10.0000 -16.0000 -4.0000
v -10.0000 -15.0000 -4.0000
v -10.0000 -14.0000 -4.0000
v -11.0000 -2.0000 -4.0000
v -10.0000 -2.0000 -4.0000
v -10.0000 5.0000 -4.0000
v -10.0000 -16.0000 -5.0000
v -10.0000 -15.0000 -5.0000
v -10.0000 -14.0000 -5.0000
v -11.0000 -2.0000 -5.0000
v -10.0000 -2.0000 -5.0000
v -10.0000 5.0000 -5.0000
v -10.0000 -16.0000 -6.0000
v -10.0000 -15.0000 -6.0000
v -10.0000 -14.0000 -6.0000
v -11.0000 -2.0000 -6.0000
v -10.0000 -2.0000 -6.0000
v -10.0000 5.0000 -6.0000
v -10.0000 -16.0000 -7.0000
v -10.0000 -14.0000 -7.0000
v -11.0000 -2.0000 -7.0000
v -10.0000 -2.0000 -7.0000
v -10.0000 5.0000 -7.0000
v -10.0000 -16.0000 -8.0000
v -10.0000 -14.0000 -8.0000
v -11.0000 -2.0000 -8.0000
v -10.0000 -2.0000 -8.0000
v -10.0000 5.0000 -8.0000
v -10.0000 -16.0000 -9.0000
v -10.0000 -14.0000 -9.0000
v -11.0000 -2.0000 -9.0000
v -10.0000 -2.0000 -9.0000
v -10.0000 5.0000 -9.0000
v -10.0000 -16.0000 -10.0000
v -10.0000 -15.0000 -10.0000
v -10.0000 -15.0000 -9.0000
v -10.0000 -14.0000 -10.0000
v -11.0000 -2.0000 -10.0000
v -10.0000 -2.0000 -10.0000
v -10.0000 5.0000 -10.0000
v -11.0000 -2.0000 -11.0000
v -10.0000 -2.0000 -11.0000
v -10.0000 5.0000 -11.0000
v -11.0000 -2.0000 -12.0000
v -10.0000 -2.0000 -12.0000
v -10.0000 -1.0000 -12.0000
v -10.0000 5.0000 -12.0000
v -10.0000 -1.0000 -13.0000
v -10.0000 5.0000 -13.0000
v -10.0000 -1.0000 -14.0000
v -10.0000 5.0000 -14.0000
v -10.0000 -1.0000 -15.0000
v -10.0000 1.0000 -15.0000
v -10.0000 0.0000 -15.0000
v -10.0000 5.0000 -15.0000
v -10.0000 0.0000 -16.0000
v -10.0000 -1.0000 -16.0000
v -10.0000 1.0000 -16.0000
v -10.0000 2.0000 -16.0000
v -10.0000 3.0000 -16.0000
v -10.0000 4.0000 -16.0000
v -10.0000 5.0000 -16.0000
v -9.0000 -1.0000 16.0000
v -9.0000 -1.0000 15.0000
v -9.0000 -2.0000 15.0000
v -9.0000 -2.0000 16.0000
v -9.0000 0.0000 15.0000
v -9.0000 0.0000 16.0000
v -9.0000 1.0000 16.0000
v -9.0000 2.0000 16.0000
v -9.0000 2.0000 15.0000
v -9.0000 -2.0000 14.0000
v -9.0000 3.0000 15.0000
v -9.0000 3.0000 14.0000
v -9.0000 -2.0000 13.0000
v -9.0000 -1.0000 13.0000
v -9.0000 4.0000 14.0000
v -9.0000 5.0000 14.0000
v -9.0000 5.0000 13.0000
v -9.0000 -1.0000 12.0000
v -9.0000 5.0000 12.0000
v -9.0000 -16.0000 11.0000
v -9.0000 -16.0000 12.0000
v -9.0000 -15.0000 12.0000
v -9.0000 -14.0000 12.0000
v -9.0000 -13.0000 12.0000
v -9.0000 -13.0000 11.0000
v -9.0000 -1.0000 11.0000
v -9.0000 5.0000 11.0000
v -9.0000 -16.0000 10.0000
v -9.0000 -12.0000 11.0000
v -9.0000 -11.0000 11.0000
v -9.0000 -11.0000 10.0000
v -9.0000 -2.0000 10.0000
v -9.0000 -2.0000 11.0000
v -9.0000 5.0000 10.0000
v -9.0000 -16.0000 9.0000
v -9.0000 -11.0000 9.0000
v -9.0000 -2.0000 9.0000
v -9.0000 5.0000 9.0000
v -9.0000 -16.0000 8.0000
v -9.0000 -11.0000 8.0000
v -9.0000 -2.0000 8.0000
v -9.0000 5.0000 8.0000
v -9.0000 -16.0000 7.0000
v -9.0000 -11.0000 7.0000
v -9.0000 -2.0000 7.0000
v -9.0000 5.0000 7.0000
v -9.0000 -16.0000 6.0000
v -9.0000 -11.0000 6.0000
v -9.0000 -2.0000 6.0000
v -9.0000 5.0000 6.0000
v -9.0000 -16.0000 5.0000
v -9.0000 -12.0000 5.0000
v -9.0000 -13.0000 5.0000
v -9.0000 -11.0000 5.0000
v -9.0000 -2.0000 5.0000
v -9.0000 5.0000 5.0000
v -9.0000 -16.0000 4.0000
v -9.0000 -13.0000 4.0000
v -9.0000 -2.0000 4.0000
v -9.0000 5.0000 4.0000
v -9.0000 -16.0000 3.0000
v -9.0000 -15.0000 3.0000
v -9.0000 -14.0000 3.0000
v -9.0000 -13.0000 3.0000
v -10.0000 -13.0000 3.0000
v -9.0000 -14.0000 4.0000
v -9.0000 -2.0000 3.0000
v -10.0000 6.0000 4.0000
v -9.0000 6.0000 4.0000
v -9.0000 6.0000 3.0000
v -10.0000 6.0000 3.0000
v -9.0000 5.0000 3.0000
v -9.0000 -2.0000 2.0000
v -9.0000 6.0000 2.0000
v -9.0000 -2.0000 1.0000
v -9.0000 6.0000 1.0000
v -9.0000 5.0000 1.0000
v -9.0000 5.0000 2.0000
v -9.0000 -2.0000 -0.0000
v -9.0000 5.0000 -0.0000
v -9.0000 -2.0000 -1.0000
v -9.0000 5.0000 -1.0000
v -9.0000 -2.0000 -2.0000
v -9.0000 5.0000 -2.0000
v -9.0000 -2.0000 -3.0000
v -9.0000 5.0000 -3.0000
v -9.0000 -2.0000 -4.0000
v -9.0000 5.0000 -4.0000
v -9.0000 -2.0000 -5.0000
v -9.0000 5.0000 -5.0000
v -9.0000 -2.0000 -6.0000
v -9.0000 5.0000 -6.0000
v -9.0000 -16.0000 -7.0000
v -9.0000 -16.0000 -6.0000
v -9.0000 -15.0000 -6.0000
v -9.0000 -14.0000 -6.0000
v -10.0000 -13.0000 -6.0000
v -9.0000 -13.0000 -6.0000
v -9.0000 -13.0000 -7.0000
v -10.0000 -13.0000 -7.0000
v -9.0000 -2.0000 -7.0000
v -9.0000 5.0000 -7.0000
v -9.0000 -16.0000 -8.0000
v -10.0000 -13.0000 -8.0000
v -9.0000 -12.0000 -7.0000
v -10.0000 -12.0000 -7.0000
v -10.0000 -12.0000 -8.0000
v -10.0000 -11.0000 -7.0000
v -9.0000 -11.0000 -7.0000
v -9.0000 -11.0000 -8.0000
v -10.0000 -11.0000 -8.0000
v -9.0000 -2.0000 -8.0000
v -9.0000 5.0000 -8.0000
v -9.0000 -16.0000 -9.0000
v -9.0000 -15.0000 -9.0000
v -10.0000 -13.0000 -9.0000
v -10.0000 -12.0000 -9.0000
v -9.0000 -11.0000 -9.0000
v -10.0000 -11.0000 -9.0000
v -9.0000 -2.0000 -9.0000
v -9.0000 5.0000 -9.0000
v -9.0000 -15.0000 -10.0000
v -10.0000 -13.0000 -10.0000
v -10.0000 -12.0000 -10.0000
v -9.0000 -11.0000 -10.0000
v -10.0000 -11.0000 -10.0000
v -9.0000 -2.0000 -10.0000
v -9.0000 5.0000 -10.0000
v -10.0000 -15.0000 -11.0000
v -9.0000 -15.0000 -11.0000
v -10.0000 -14.0000 -11.0000
v -10.0000 -13.0000 -11.0000
v -10.0000 -12.0000 -11.0000
v -9.0000 -11.0000 -11.0000
v -10.0000 -11.0000 -11.0000
v -9.0000 -2.0000 -11.0000
v -9.0000 5.0000 -11.0000
v -10.0000 -15.0000 -12.0000
v -9.0000 -15.0000 -12.0000
v -10.0000 -14.0000 -12.0000
v -10.0000 -13.0000 -12.0000
v -10.0000 -12.0000 -12.0000
v -9.0000 -11.0000 -12.0000
v -10.0000 -11.0000 -12.0000
v -9.0000 -2.0000 -12.0000
v -9.0000 -1.0000 -12.0000
v -9.0000 5.0000 -12.0000
v -10.0000 -15.0000 -13.0000
v -9.0000 -15.0000 -13.0000
v -10.0000 -14.0000 -13.0000
v -10.0000 -13.0000 -13.0000
v -10.0000 -12.0000 -13.0000
v -9.0000 -11.0000 -13.0000
v -10.0000 -11.0000 -13.0000
v -9.0000 -1.0000 -13.0000
v -9.0000 5.0000 -13.0000
v -10.0000 -15.0000 -14.0000
v -9.0000 -15.0000 -14.0000
v -10.0000 -14.0000 -14.0000
v -10.0000 -13.0000 -14.0000
v -10.0000 -12.0000 -14.0000
v -9.0000 -11.0000 -14.0000
v -10.0000 -11.0000 -14.0000
v -9.0000 -12.0000 -14.0000
v -9.0000 -1.0000 -14.0000
v -9.0000 5.0000 -14.0000
v -10.0000 -15.0000 -15.0000
v -9.0000 -15.0000 -15.0000
v -10.0000 -14.0000 -15.0000
v -10.0000 -13.0000 -15.0000
v -9.0000 -13.0000 -15.0000
v -9.0000 -14.0000 -15.0000
v -9.0000 -12.0000 -15.0000
v -10.0000 -12.0000 -15.0000
v -9.0000 -1.0000 -15.0000
v -9.0000 1.0000 -15.0000
v -9.0000 0.0000 -15.0000
v -9.0000 5.0000 -15.0000
v -9.0000 -14.0000 -16.0000
v -10.0000 -14.0000 -16.0000
v -10.0000 -15.0000 -16.0000
v -9.0000 -15.0000 -16.0000
v -9.0000 0.0000 -16.0000
v -9.0000 -1.0000 -16.0000
v -9.0000 1.0000 -16.0000
v -9.0000 2.0000 -16.0000
v -9.0000 3.0000 -16.0000
v -9.0000 4.0000 -16.0000
v -9.0000 5.0000 -16.0000
v -8.0000 -1.0000 16.0000
v -8.0000 -1.0000 15.0000
v -8.0000 -2.0000 15.0000
v -8.0000 -2.0000 16.0000
v -8.0000 0.0000 15.0000
v -8.0000 0.0000 16.0000
v -8.0000 1.0000 16.0000
v -8.0000 2.0000 16.0000
v -8.0000 2.0000 15.0000
v -9.0000 7.0000 16.0000
v -8.0000 7.0000 16.0000
v -8.0000 7.0000 15.0000
v -9.0000 7.0000 15.0000
v -9.0000 6.0000 16.0000
v -9.0000 6.0000 15.0000
v -8.0000 6.0000 15.0000
v -8.0000 6.0000 16.0000
v -8.0000 -2.0000 14.0000
v -8.0000 3.0000 15.0000
v -8.0000 3.0000 14.0000
v -8.0000 -2.0000 13.0000
v -8.0000 -1.0000 13.0000
v -8.0000 4.0000 14.0000
v -8.0000 5.0000 14.0000
v -8.0000 5.0000 13.0000
v -8.0000 -1.0000 12.0000
v -8.0000 5.0000 12.0000
v -8.0000 -16.0000 11.0000
v -8.0000 -16.0000 12.0000
v -8.0000 -15.0000 12.0000
v -8.0000 -14.0000 12.0000
v -8.0000 -13.0000 12.0000
v -8.0000 -13.0000 11.0000
v -8.0000 -1.0000 11.0000
v -8.0000 5.0000 11.0000
v -8.0000 -16.0000 10.0000
v -8.0000 -12.0000 11.0000
v -8.0000 -11.0000 11.0000
v -8.0000 -11.0000 10.0000
v -8.0000 -2.0000 10.0000
v -8.0000 -2.0000 11.0000
v -8.0000 5.0000 10.0000
v -8.0000 -16.0000 9.0000
v -8.0000 -11.0000 9.0000
v -8.0000 -2.0000 9.0000
v -8.0000 5.0000 9.0000
v -8.0000 -16.0000 8.0000
v -8.0000 -11.0000 8.0000
v -8.0000 -2.0000 8.0000
v -8.0000 5.0000 8.0000
v -8.0000 -16.0000 7.0000
v -8.0000 -11.0000 7.0000
v -8.0000 -2.0000 7.0000
v -8.0000 5.0000 7.0000
v -8.0000 -16.0000 6.0000
v -8.0000 -11.0000 6.0000
v -8.0000 -2.0000 6.0000
v -8.0000 5.0000 6.0000
v -8.0000 -16.0000 5.0000
v -8.0000 -12.0000 5.0000
v -8.0000 -13.0000 5.0000
v -8.0000 -11.0000 5.0000
v -8.0000 -2.0000 5.0000
v -8.0000 5.0000 5.0000
v -8.0000 -16.0000 4.0000
v -8.0000 -13.0000 4.0000
v -8.0000 -14.0000 4.0000
v -8.0000 -2.0000 4.0000
v -8.0000 5.0000 4.0000
v -8.0000 -16.0000 3.0000
v -8.0000 -15.0000 3.0000
v -8.0000 -14.0000 3.0000
v -8.0000 -2.0000 3.0000
v -8.0000 5.0000 3.0000
v -8.0000 -2.0000 2.0000
v -8.0000 6.0000 3.0000
v -8.0000 6.0000 2.0000
v -8.0000 5.0000 2.0000
v -8.0000 -2.0000 1.0000
v -8.0000 5.0000 1.0000
v -8.0000 -2.0000 -0.0000
v -8.0000 5.0000 -0.0000
v -8.0000 -2.0000 -1.0000
v -8.0000 5.0000 -1.0000
v -8.0000 -2.0000 -2.0000
v -8.0000 5.0000 -2.0000
v -8.0000 -2.0000 -3.0000
v -8.0000 5.0000 -3.0000
v -8.0000 -2.0000 -4.0000
v -8.0000 5.0000 -4.0000
v -8.0000 -2.0000 -5.0000
v -8.0000 5.0000 -5.0000
v -8.0000 -2.0000 -6.0000
v -8.0000 5.0000 -6.0000
v -8.0000 -16.0000 -7.0000
v -8.0000 -16.0000 -6.0000
v -8.0000 -15.0000 -6.0000
v -8.0000 -14.0000 -6.0000
v -8.0000 -13.0000 -6.0000
v -8.0000 -13.0000 -7.0000
v -8.0000 -2.0000 -7.0000
v -8.0000 5.0000 -7.0000
v -8.0000 -16.0000 -8.0000
v -8.0000 -12.0000 -7.0000
v -8.0000 -11.0000 -7.0000
v -8.0000 -11.0000 -8.0000
v -8.0000 -2.0000 -8.0000
v -8.0000 5.0000 -8.0000
v -8.0000 -16.0000 -9.0000
v -8.0000 -15.0000 -9.0000
v -8.0000 -11.0000 -9.0000
v -8.0000 -2.0000 -9.0000
v -8.0000 5.0000 -9.0000
v -8.0000 -15.0000 -10.0000
v -8.0000 -11.0000 -10.0000
v -8.0000 -2.0000 -10.0000
v -8.0000 5.0000 -10.0000
v -8.0000 -15.0000 -11.0000
v -8.0000 -11.0000 -11.0000
v -8.0000 -2.0000 -11.0000
v -8.0000 5.0000 -11.0000
v -8.0000 -15.0000 -12.0000
v -8.0000 -11.0000 -12.0000
v -8.0000 -2.0000 -12.0000
v -8.0000 -1.0000 -12.0000
v -8.0000 5.0000 -12.0000
v -8.0000 -15.0000 -13.0000
v -8.0000 -11.0000 -13.0000
v -8.0000 -1.0000 -13.0000
v -8.0000 5.0000 -13.0000
v -8.0000 -15.0000 -14.0000
v -8.0000 -11.0000 -14.0000
v -8.0000 -12.0000 -14.0000
v -8.0000 -1.0000 -14.0000
v -8.0000 5.0000 -14.0000
v -8.0000 -15.0000 -15.0000
v -8.0000 -13.0000 -15.0000
v -8.0000 -14.0000 -15.0000
v -8.0000 -12.0000 -15.0000
v -8.0000 -1.0000 -15.0000
v -8.0000 1.0000 -15.0000
v -8.0000 0.0000 -15.0000
v -8.0000 5.0000 -15.0000
v -8.0000 -14.0000 -16.0000
v -8.0000 -15.0000 -16.0000
v -8.0000 0.0000 -16.0000
v -8.0000 -1.0000 -16.0000
v -8.0000 1.0000 -16.0000
v -8.0000 2.0000 -16.0000
v -8.0000 3.0000 -16.0000
v -8.0000 4.0000 -16.0000
v -8.0000 5.0000 -16.0000
v -9.0000 14.0000 -15.0000
v -8.0000 14.0000 -15.0000
v -8.0000 14.0000 -16.0000
v -9.0000 14.0000 -16.0000
v -9.0000 13.0000 -15.0000
v -9.0000 13.0000 -16.0000
v -8.0000 13.0000 -16.0000
v -8.0000 13.0000 -15.0000
v -7.0000 -1.0000 16.0000
v -7.0000 -1.0000 15.0000
v -7.0000 -2.0000 15.0000
v -7.0000 -2.0000 16.0000
v -7.0000 0.0000 15.0000
v -7.0000 0.0000 16.0000
v -7.0000 1.0000 16.0000
v -7.0000 2.0000 16.0000
v -7.0000 2.0000 15.0000
v -7.0000 -2.0000 14.0000
v -7.0000 3.0000 15.0000
v -7.0000 3.0000 14.0000
v -7.0000 -2.0000 13.0000
v -7.0000 -1.0000 13.0000
v -7.0000 4.0000 14.0000
v -7.0000 5.0000 14.0000
v -7.0000 5.0000 13.0000
v -7.0000 -1.0000 12.0000
v -7.0000 5.0000 12.0000
v -7.0000 -16.0000 11.0000
v -7.0000 -16.0000 12.0000
v -7.0000 -15.0000 12.0000
v -7.0000 -14.0000 12.0000
v -7.0000 -13.0000 12.0000
v -7.0000 -13.0000 11.0000
v -7.0000 -1.0000 11.0000
v -7.0000 5.0000 11.0000
v -7.0000 -16.0000 10.0000
v -7.0000 -12.0000 11.0000
v -7.0000 -11.0000 11.0000
v -7.0000 -11.0000 10.0000
v -7.0000 -2.0000 10.0000
v -7.0000 -2.0000 11.0000
v -7.0000 5.0000 10.0000
v -7.0000 -16.0000 9.0000
v -7.0000 -11.0000 9.0000
v -7.0000 -2.0000 9.0000
v -7.0000 5.0000 9.0000
v -7.0000 -16.0000 8.0000
v -7.0000 -11.0000 8.0000
v -7.0000 -2.0000 8.0000
v -7.0000 5.0000 8.0000
v -7.0000 -16.0000 7.0000
v -7.0000 -11.0000 7.0000
v -7.0000 -2.0000 7.0000
v -7.0000 5.0000 7.0000
v -7.0000 -16.0000 6.0000
v -7.0000 -11.0000 6.0000
v -7.0000 -2.0000 6.0000
v -7.0000 5.0000 6.0000
v -7.0000 -16.0000 5.0000
v -7.0000 -12.0000 5.0000
v -7.0000 -13.0000 5.0000
v -7.0000 -11.0000 5.0000
v -7.0000 -2.0000 5.0000
v -7.0000 5.0000 5.0000
v -7.0000 -16.0000 4.0000
v -7.0000 -13.0000 4.0000
v -7.0000 -2.0000 4.0000
v -7.0000 5.0000 4.0000
v -8.0000 7.0000 5.0000
v -7.0000 7.0000 5.0000
v -7.0000 7.0000 4.0000
v -8.0000 7.0000 4.0000
v -8.0000 6.0000 5.0000
v -8.0000 6.0000 4.0000
v -7.0000 6.0000 4.0000
v -7.0000 6.0000 5.0000
v -7.0000 -16.0000 3.0000
v -7.0000 -15.0000 3.0000
v -7.0000 -14.0000 3.0000
v -7.0000 -13.0000 3.0000
v -8.0000 -13.0000 3.0000
v -7.0000 -14.0000 4.0000
v -7.0000 -2.0000 3.0000
v -7.0000 5.0000 3.0000
v -7.0000 6.0000 3.0000
v -7.0000 7.0000 3.0000
v -8.0000 7.0000 3.0000
v -8.0000 8.0000 4.0000
v -7.0000 8.0000 4.0000
v -7.0000 8.0000 3.0000
v -8.0000 8.0000 3.0000
v -7.0000 -2.0000 2.0000
v -7.0000 5.0000 2.0000
v -7.0000 6.0000 2.0000
v -8.0000 7.0000 2.0000
v -7.0000 8.0000 2.0000
v -8.0000 8.0000 2.0000
v -7.0000 7.0000 2.0000
v -7.0000 -2.0000 1.0000
v -7.0000 5.0000 1.0000
v -7.0000 6.0000 1.0000
v -8.0000 6.0000 1.0000
v -7.0000 7.0000 1.0000
v -8.0000 7.0000 1.0000
v -7.0000 -2.0000 -0.0000
v -8.0000 6.0000 -0.0000
v -7.0000 6.0000 -0.0000
v -7.0000 5.0000 -0.0000
v -7.0000 7.0000 -0.0000
v -8.0000 7.0000 -0.0000
v -7.0000 -2.0000 -1.0000
v -7.0000 5.0000 -1.0000
v -8.0000 6.0000 -1.0000
v -7.0000 6.0000 -1.0000
v -7.0000 7.0000 -1.0000
v -8.0000 7.0000 -1.0000
v -8.0000 8.0000 -0.0000
v -7.0000 8.0000 -0.0000
v -7.0000 8.0000 -1.0000
v -8.0000 8.0000 -1.0000
v -7.0000 -2.0000 -2.0000
v -7.0000 5.0000 -2.0000
v -8.0000 6.0000 -2.0000
v -7.0000 6.0000 -2.0000
v -8.0000 7.0000 -2.0000
v -7.0000 7.0000 -2.0000
v -7.0000 8.0000 -2.0000
v -8.0000 8.0000 -2.0000
v -7.0000 -2.0000 -3.0000
v -7.0000 5.0000 -3.0000
v -7.0000 -2.0000 -4.0000
v -7.0000 5.0000 -4.0000
v -7.0000 -2.0000 -5.0000
v -7.0000 5.0000 -5.0000
v -7.0000 -2.0000 -6.0000
v -7.0000 5.0000 -6.0000
v -7.0000 -16.0000 -7.0000
v -7.0000 -16.0000 -6.0000
v -7.0000 -15.0000 -6.0000
v -7.0000 -14.0000 -6.0000
v -7.0000 -13.0000 -6.0000
v -7.0000 -13.0000 -7.0000
v -7.0000 -2.0000 -7.0000
v -7.0000 5.0000 -7.0000
v -7.0000 -16.0000 -8.0000
v -7.0000 -12.0000 -7.0000
v -7.0000 -11.0000 -7.0000
v -7.0000 -11.0000 -8.0000
v -7.0000 -2.0000 -8.0000
v -7.0000 5.0000 -8.0000
v -7.0000 -16.0000 -9.0000
v -7.0000 -15.0000 -9.0000
v -7.0000 -11.0000 -9.0000
v -7.0000 -2.0000 -9.0000
v -7.0000 5.0000 -9.0000
v -7.0000 -15.0000 -10.0000
v -7.0000 -11.0000 -10.0000
v -7.0000 -2.0000 -10.0000
v -7.0000 5.0000 -10.0000
v -7.0000 -15.0000 -11.0000
v -7.0000 -11.0000 -11.0000
v -7.0000 -2.0000 -11.0000
v -7.0000 5.0000 -11.0000
v -7.0000 -15.0000 -12.0000
v -7.0000 -11.0000 -12.0000
v -7.0000 -2.0000 -12.0000
v -7.0000 -1.0000 -12.0000
v -7.0000 5.0000 -12.0000
v -7.0000 -15.0000 -13.0000
v -7.0000 -11.0000 -13.0000
v -7.0000 -1.0000 -13.0000
v -7.0000 5.0000 -13.0000
v -7.0000 -15.0000 -14.0000
v -7.0000 -11.0000 -14.0000
v -7.0000 -12.0000 -14.0000
v -7.0000 -1.0000 -14.0000
v -7.0000 5.0000 -14.0000
v -7.0000 -15.0000 -15.0000
v -7.0000 -13.0000 -15.0000
v -7.0000 -14.0000 -15.0000
v -7.0000 -12.0000 -15.0000
v -7.0000 -1.0000 -15.0000
v -7.0000 1.0000 -15.0000
v -7.0000 0.0000 -15.0000
v -7.0000 5.0000 -15.0000
v -7.0000 -14.0000 -16.0000
v -7.0000 -15.0000 -16.0000
v -7.0000 0.0000 -16.0000
v -7.0000 -1.0000 -16.0000
v -7.0000 1.0000 -16.0000
v -7.0000 2.0000 -16.0000
v -7.0000 3.0000 -16.0000
v -7.0000 4.0000 -16.0000
v -7.0000 5.0000 -16.0000
v -8.0000 10.0000 -15.0000
v -7.0000 10.0000 -15.0000
v -7.0000 10.0000 -16.0000
v -8.0000 10.0000 -16.0000
v -8.0000 9.0000 -15.0000
v -8.0000 9.0000 -16.0000
v -7.0000 9.0000 -16.0000
v -7.0000 9.0000 -15.0000
v -6.0000 -1.0000 16.0000
v -6.0000 -1.0000 15.0000
v -6.0000 -2.0000 15.0000
v -6.0000 -2.0000 16.0000
v -6.0000 0.0000 15.0000
v -6.0000 0.0000 16.0000
v -6.0000 1.0000 16.0000
v -6.0000 2.0000 16.0000
v -6.0000 2.0000 15.0000
v -6.0000 -2.0000 14.0000
v -6.0000 3.0000 15.0000
v -6.0000 3.0000 14.0000
v -6.0000 -2.0000 13.0000
v -6.0000 -1.0000 13.0000
v -6.0000 4.0000 14.0000
v -6.0000 5.0000 14.0000
v -6.0000 5.0000 13.0000
v -6.0000 -1.0000 12.0000
v -6.0000 5.0000 12.0000
v -6.0000 -16.0000 11.0000
v -6.0000 -16.0000 12.0000
v -6.0000 -15.0000 12.0000
v -6.0000 -14.0000 12.0000
v -6.0000 -13.0000 12.0000
v -6.0000 -13.0000 11.0000
v -6.0000 -1.0000 11.0000
v -6.0000 5.0000 11.0000
v -6.0000 -16.0000 10.0000
v -6.0000 -12.0000 11.0000
v -6.0000 -11.0000 11.0000
v -6.0000 -11.0000 10.0000
v -6.0000 -2.0000 10.0000
v -6.0000 -2.0000 11.0000
v -6.0000 5.0000 10.0000
v -6.0000 -16.0000 9.0000
v -6.0000 -11.0000 9.0000
v -6.0000 -2.0000 9.0000
v -6.0000 5.0000 9.0000
v -6.0000 -16.0000 8.0000
v -6.0000 -11.0000 8.0000
v -6.0000 -2.0000 8.0000
v -6.0000 5.0000 8.0000
v -6.0000 -16.0000 7.0000
v -6.0000 -11.0000 7.0000
v -6.0000 -2.0000 7.0000
v -6.0000 5.0000 7.0000
v -6.0000 -16.0000 6.0000
v -6.0000 -11.0000 6.0000
v -6.0000 -2.0000 6.0000
v -6.0000 5.0000 6.0000
v -6.0000 -16.0000 5.0000
v -6.0000 -12.0000 5.0000
v -6.0000 -13.0000 5.0000
v -6.0000 -11.0000 5.0000
v -6.0000 -2.0000 5.0000
v -6.0000 5.0000 5.0000
v -6.0000 -16.0000 4.0000
v -6.0000 -13.0000 4.0000
v -6.0000 -14.0000 4.0000
v -6.0000 -2.0000 4.0000
v -6.0000 5.0000 4.0000
v -6.0000 -16.0000 3.0000
v -6.0000 -15.0000 3.0000
v -6.0000 -14.0000 3.0000
v -6.0000 -2.0000 3.0000
v -6.0000 5.0000 3.0000
v -7.0000 -11.0000 3.0000
v -6.0000 -11.0000 3.0000
v -6.0000 -11.0000 2.0000
v -7.0000 -11.0000 2.0000
v -7.0000 -12.0000 3.0000
v -7.0000 -12.0000 2.0000
v -6.0000 -12.0000 2.0000
v -6.0000 -12.0000 3.0000
v -6.0000 -2.0000 2.0000
v -6.0000 6.0000 3.0000
v -6.0000 6.0000 2.0000
v -6.0000 5.0000 2.0000
v -6.0000 7.0000 3.0000
v -6.0000 7.0000 2.0000
v -6.0000 -2.0000 1.0000
v -6.0000 5.0000 1.0000
v -6.0000 -2.0000 -0.0000
v -6.0000 5.0000 -0.0000
v -6.0000 -2.0000 -1.0000
v -6.0000 5.0000 -1.0000
v -6.0000 -2.0000 -2.0000
v -6.0000 5.0000 -2.0000
v -6.0000 -2.0000 -3.0000
v -6.0000 5.0000 -3.0000
v -6.0000 -2.0000 -4.0000
v -6.0000 5.0000 -4.0000
v -6.0000 -2.0000 -5.0000
v -6.0000 5.0000 -5.0000
v -6.0000 -2.0000 -6.0000
v -6.0000 5.0000 -6.0000
v -6.0000 -16.0000 -7.0000
v -6.0000 -16.0000 -6.0000
v -6.0000 -15.0000 -6.0000
v -6.0000 -14.0000 -6.0000
v -6.0000 -13.0000 -6.0000
v -6.0000 -13.0000 -7.0000
v -6.0000 -2.0000 -7.0000
v -6.0000 5.0000 -7.0000
v -6.0000 -16.0000 -8.0000
v -6.0000 -12.0000 -7.0000
v -6.0000 -11.0000 -7.0000
v -6.0000 -11.0000 -8.0000
v -6.0000 -2.0000 -8.0000
v -6.0000 5.0000 -8.0000
v -6.0000 -16.0000 -9.0000
v -6.0000 -15.0000 -9.0000
v -6.0000 -11.0000 -9.0000
v -6.0000 -2.0000 -9.0000
v -6.0000 5.0000 -9.0000
v -6.0000 -15.0000 -10.0000
v -6.0000 -11.0000 -10.0000
v -6.0000 -2.0000 -10.0000
v -6.0000 5.0000 -10.0000
v -6.0000 -15.0000 -11.0000
v -6.0000 -11.0000 -11.0000
v -6.0000 -2.0000 -11.0000
v -6.0000 5.0000 -11.0000
v -6.0000 -15.0000 -12.0000
v -6.0000 -11.0000 -12.0000
v -6.0000 -2.0000 -12.0000
v -6.0000 -1.0000 -12.0000
v -6.0000 5.0000 -12.0000
v -6.0000 -15.0000 -13.0000
v -6.0000 -11.0000 -13.0000
v -6.0000 -1.0000 -13.0000
v -6.0000 5.0000 -13.0000
v -6.0000 -15.0000 -14.0000
v -6.0000 -11.0000 -14.0000
v -6.0000 -12.0000 -14.0000
v -6.0000 -1.0000 -14.0000
v -6.0000 5.0000 -14.0000
v -6.0000 -15.0000 -15.0000
v -6.0000 -13.0000 -15.0000
v -6.0000 -14.0000 -15.0000
v -6.0000 -12.0000 -15.0000
v -6.0000 -1.0000 -15.0000
v -6.0000 1.0000 -15.0000
v -6.0000 0.0000 -15.0000
v -6.0000 5.0000 -15.0000
v -6.0000 -14.0000 -16.0000
v -6.0000 -15.0000 -16.0000
v -6.0000 0.0000 -16.0000
v -6.0000 -1.0000 -16.0000
v -6.0000 1.0000 -16.0000
v -6.0000 2.0000 -16.0000
v -6.0000 3.0000 -16.0000
v -6.0000 4.0000 -16.0000
v -6.0000 5.0000 -16.0000
v -5.0000 -1.0000 16.0000
v -5.0000 -1.0000 15.0000
v -5.0000 -2.0000 15.0000
v -5.0000 -2.0000 16.0000
v -5.0000 0.0000 15.0000
v -5.0000 0.0000 16.0000
v -5.0000 1.0000 16.0000
v -5.0000 2.0000 16.0000
v -5.0000 2.0000 15.0000
v -6.0000 9.0000 16.0000
v -5.0000 9.0000 16.0000
v -5.0000 9.0000 15.0000
v -6.0000 9.0000 15.0000
v -6.0000 8.0000 16.0000
v -6.0000 8.0000 15.0000
v -5.0000 8.0000 15.0000
v -5.0000 8.0000 16.0000
v -5.0000 -2.0000 14.0000
v -5.0000 3.0000 15.0000
v -5.0000 3.0000 14.0000
v -5.0000 -2.0000 13.0000
v -5.0000 -1.0000 13.0000
v -5.0000 4.0000 14.0000
v -5.0000 5.0000 14.0000
v -5.0000 5.0000 13.0000
v -5.0000 -1.0000 12.0000
v -5.0000 5.0000 12.0000
v -5.0000 -16.0000 11.0000
v -5.0000 -16.0000 12.0000
v -5.0000 -15.0000 12.0000
v -5.0000 -14.0000 12.0000
v -5.0000 -13.0000 12.0000
v -5.0000 -13.0000 11.0000
v -5.0000 -1.0000 11.0000
v -5.0000 5.0000 11.0000
v -5.0000 -16.0000 10.0000
v -5.0000 -12.0000 11.0000
v -5.0000 -11.0000 11.0000
v -5.0000 -11.0000 10.0000
v -5.0000 -2.0000 10.0000
v -5.0000 -2.0000 11.0000
v -5.0000 5.0000 10.0000
v -5.0000 -16.0000 9.0000
v -5.0000 -11.0000 9.0000
v -5.0000 -2.0000 9.0000
v -5.0000 5.0000 9.0000
v -5.0000 -16.0000 8.0000
v -5.0000 -11.0000 8.0000
v -5.0000 -2.0000 8.0000
v -5.0000 5.0000 8.0000
v -5.0000 -16.0000 7.0000
v -5.0000 -11.0000 7.0000
v -5.0000 -2.0000 7.0000
v -5.0000 5.0000 7.0000
v -5.0000 -16.0000 6.0000
v -5.0000 -11.0000 6.0000
v -5.0000 -2.0000 6.0000
v -5.0000 5.0000 6.0000
v -5.0000 -16.0000 5.0000
v -5.0000 -12.0000 5.0000
v -5.0000 -13.0000 5.0000
v -5.0000 -11.0000 5.0000
v -5.0000 -2.0000 5.0000
v -5.0000 5.0000 5.0000
v -5.0000 -16.0000 4.0000
v -5.0000 -13.0000 4.0000
v -5.0000 -14.0000 4.0000
v -5.0000 -2.0000 4.0000
v -5.0000 5.0000 4.0000
v -5.0000 -16.0000 3.0000
v -5.0000 -15.0000 3.0000
v -5.0000 -14.0000 3.0000
v -5.0000 -2.0000 3.0000
v -5.0000 5.0000 3.0000
v -5.0000 -2.0000 2.0000
v -5.0000 5.0000 2.0000
v -5.0000 -2.0000 1.0000
v -5.0000 5.0000 1.0000
v -5.0000 -2.0000 -0.0000
v -5.0000 5.0000 -0.0000
v -5.0000 -2.0000 -1.0000
v -5.0000 5.0000 -1.0000
v -5.0000 -2.0000 -2.0000
v -5.0000 5.0000 -2.0000
v -5.0000 -2.0000 -3.0000
v -5.0000 5.0000 -3.0000
v -5.0000 -2.0000 -4.0000
v -5.0000 5.0000 -4.0000
v -5.0000 -2.0000 -5.0000
v -5.0000 5.0000 -5.0000
v -5.0000 -2.0000 -6.0000
v -5.0000 5.0000 -6.0000
v -5.0000 -16.0000 -7.0000
v -5.0000 -16.0000 -6.0000
v -5.0000 -15.0000 -6.0000
v -5.0000 -15.0000 -7.0000
v -5.0000 -14.0000 -6.0000
v -5.0000 -14.0000 -7.0000
v -5.0000 -13.0000 -6.0000
v -5.0000 -13.0000 -7.0000
v -5.0000 -2.0000 -7.0000
v -5.0000 5.0000 -7.0000
v -5.0000 -16.0000 -8.0000
v -5.0000 -12.0000 -7.0000
v -5.0000 -11.0000 -7.0000
v -5.0000 -11.0000 -8.0000
v -5.0000 -2.0000 -8.0000
v -5.0000 5.0000 -8.0000
v -5.0000 -16.0000 -9.0000
v -5.0000 -11.0000 -9.0000
v -5.0000 -2.0000 -9.0000
v -5.0000 5.0000 -9.0000
v -6.0000 -16.0000 -10.0000
v -5.0000 -16.0000 -10.0000
v -5.0000 -11.0000 -10.0000
v -5.0000 -2.0000 -10.0000
v -5.0000 5.0000 -10.0000
v -6.0000 -16.0000 -11.0000
v -5.0000 -16.0000 -11.0000
v -5.0000 -11.0000 -11.0000
v -5.0000 -2.0000 -11.0000
v -5.0000 5.0000 -11.0000
v -6.0000 -16.0000 -12.0000
v -5.0000 -16.0000 -12.0000
v -5.0000 -11.0000 -12.0000
v -5.0000 -2.0000 -12.0000
v -5.0000 -1.0000 -12.0000
v -5.0000 5.0000 -12.0000
v -6.0000 -16.0000 -13.0000
v -5.0000 -16.0000 -13.0000
v -5.0000 -11.0000 -13.0000
v -5.0000 -1.0000 -13.0000
v -5.0000 5.0000 -13.0000
v -6.0000 -16.0000 -14.0000
v -5.0000 -16.0000 -14.0000
v -5.0000 -11.0000 -14.0000
v -5.0000 -12.0000 -14.0000
v -5.0000 -1.0000 -14.0000
v -5.0000 5.0000 -14.0000
v -6.0000 -16.0000 -15.0000
v -5.0000 -16.0000 -15.0000
v -5.0000 -13.0000 -15.0000
v -5.0000 -14.0000 -15.0000
v -5.0000 -12.0000 -15.0000
v -5.0000 -1.0000 -15.0000
v -5.0000 1.0000 -15.0000
v -5.0000 0.0000 -15.0000
v -5.0000 5.0000 -15.0000
v -6.0000 -16.0000 -16.0000
v -5.0000 -16.0000 -16.0000
v -5.0000 -15.0000 -16.0000
v -5.0000 -14.0000 -16.0000
v -5.0000 0.0000 -16.0000
v -5.0000 -1.0000 -16.0000
v -5.0000 1.0000 -16.0000
v -5.0000 2.0000 -16.0000
v -5.0000 3.0000 -16.0000
v -5.0000 4.0000 -16.0000
v -5.0000 5.0000 -16.0000
v -6.0000 11.0000 -15.0000
v -5.0000 11.0000 -15.0000
v -5.0000 11.0000 -16.0000
v -6.0000 11.0000 -16.0000
v -6.0000 10.0000 -15.0000
v -6.0000 10.0000 -16.0000
v -5.0000 10.0000 -16.0000
v -5.0000 10.0000 -15.0000
v -4.0000 -1.0000 16.0000
v -4.0000 -1.0000 15.0000
v -4.0000 -2.0000 15.0000
v -4.0000 -2.0000 16.0000
v -4.0000 0.0000 15.0000
v -4.0000 0.0000 16.0000
v -4.0000 1.0000 16.0000
v -4.0000 2.0000 16.0000
v -4.0000 2.0000 15.0000
v -5.0000 5.0000 16.0000
v -5.0000 5.0000 15.0000
v -4.0000 5.0000 15.0000
v -4.0000 5.0000 16.0000
v -4.0000 6.0000 16.0000
v -5.0000 6.0000 16.0000
v -5.0000 6.0000 15.0000
v -5.0000 7.0000 16.0000
v -4.0000 7.0000 16.0000
v -4.0000 7.0000 15.0000
v -5.0000 7.0000 15.0000
v -4.0000 -2.0000 14.0000
v -4.0000 3.0000 15.0000
v -4.0000 3.0000 14.0000
v -4.0000 5.0000 14.0000
v -5.0000 6.0000 14.0000
v -4.0000 6.0000 14.0000
v -4.0000 7.0000 14.0000
v -5.0000 7.0000 14.0000
v -4.0000 9.0000 15.0000
v -4.0000 9.0000 14.0000
v -5.0000 9.0000 14.0000
v -5.0000 8.0000 14.0000
v -4.0000 8.0000 14.0000
v -4.0000 8.0000 15.0000
v -4.0000 -2.0000 13.0000
v -4.0000 -1.0000 13.0000
v -4.0000 4.0000 14.0000
v -4.0000 5.0000 13.0000
v -4.0000 -1.0000 12.0000
v -4.0000 5.0000 12.0000
v -4.0000 -16.0000 11.0000
v -4.0000 -16.0000 12.0000
v -4.0000 -15.0000 12.0000
v -4.0000 -14.0000 12.0000
v -4.0000 -13.0000 12.0000
v -4.0000 -13.0000 11.0000
v -4.0000 -1.0000 11.0000
v -4.0000 5.0000 11.0000
v -4.0000 -16.0000 10.0000
v -4.0000 -12.0000 11.0000
v -4.0000 -11.0000 11.0000
v -4.0000 -11.0000 10.0000
v -4.0000 -2.0000 10.0000
v -4.0000 -2.0000 11.0000
v -4.0000 5.0000 10.0000
v -4.0000 -16.0000 9.0000
v -4.0000 -11.0000 9.0000
v -4.0000 -2.0000 9.0000
v -4.0000 5.0000 9.0000
v -4.0000 -16.0000 8.0000
v -4.0000 -11.0000 8.0000
v -4.0000 -2.0000 8.0000
v -4.0000 5.0000 8.0000
v -4.0000 -16.0000 7.0000
v -4.0000 -11.0000 7.0000
v -4.0000 -2.0000 7.0000
v -4.0000 5.0000 7.0000
v -4.0000 -16.0000 6.0000
v -4.0000 -11.0000 6.0000
v -4.0000 -2.0000 6.0000
v -4.0000 5.0000 6.0000
v -4.0000 -16.0000 5.0000
v -4.0000 -12.0000 5.0000
v -4.0000 -13.0000 5.0000
v -4.0000 -11.0000 5.0000
v -4.0000 -2.0000 5.0000
v -4.0000 5.0000 5.0000
v -4.0000 -16.0000 4.0000
v -4.0000 -15.0000 4.0000
v -4.0000 -15.0000 5.0000
v -4.0000 -14.0000 4.0000
v -4.0000 -14.0000 5.0000
v -4.0000 -13.0000 4.0000
v -4.0000 -2.0000 4.0000
v -4.0000 5.0000 4.0000
v -4.0000 -16.0000 3.0000
v -4.0000 -15.0000 3.0000
v -4.0000 -14.0000 3.0000
v -4.0000 -2.0000 3.0000
v -4.0000 5.0000 3.0000
v -4.0000 -2.0000 2.0000
v -4.0000 5.0000 2.0000
v -4.0000 4.0000 3.0000
v -4.0000 4.0000 2.0000
v -4.0000 -2.0000 1.0000
v -4.0000 5.0000 1.0000
v -4.0000 4.0000 1.0000
v -4.0000 -2.0000 -0.0000
v -4.0000 5.0000 -0.0000
v -4.0000 4.0000 -0.0000
v -4.0000 -2.0000 -1.0000
v -4.0000 5.0000 -1.0000
v -4.0000 4.0000 -1.0000
v -4.0000 -2.0000 -2.0000
v -4.0000 5.0000 -2.0000
v -4.0000 4.0000 -2.0000
v -4.0000 -2.0000 -3.0000
v -4.0000 5.0000 -3.0000
v -4.0000 4.0000 -3.0000
v -4.0000 -2.0000 -4.0000
v -4.0000 5.0000 -4.0000
v -4.0000 -2.0000 -5.0000
v -4.0000 5.0000 -5.0000
v -4.0000 -2.0000 -6.0000
v -4.0000 5.0000 -6.0000
v -4.0000 -2.0000 -7.0000
v -4.0000 5.0000 -7.0000
v -4.0000 -16.0000 -8.0000
v -4.0000 -16.0000 -7.0000
v -4.0000 -15.0000 -7.0000
v -4.0000 -14.0000 -7.0000
v -4.0000 -13.0000 -7.0000
v -4.0000 -12.0000 -7.0000
v -4.0000 -11.0000 -7.0000
v -4.0000 -11.0000 -8.0000
v -4.0000 -2.0000 -8.0000
v -4.0000 5.0000 -8.0000
v -4.0000 -16.0000 -9.0000
v -4.0000 -11.0000 -9.0000
v -4.0000 -2.0000 -9.0000
v -4.0000 5.0000 -9.0000
v -4.0000 -16.0000 -10.0000
v -4.0000 -11.0000 -10.0000
v -4.0000 -2.0000 -10.0000
v -4.0000 5.0000 -10.0000
v -4.0000 -16.0000 -11.0000
v -4.0000 -11.0000 -11.0000
v -4.0000 -2.0000 -11.0000
v -4.0000 5.0000 -11.0000
v -4.0000 -16.0000 -12.0000
v -4.0000 -11.0000 -12.0000
v -4.0000 -2.0000 -12.0000
v -4.0000 -1.0000 -12.0000
v -4.0000 5.0000 -12.0000
v -4.0000 -16.0000 -13.0000
v -4.0000 -11.0000 -13.0000
v -4.0000 -1.0000 -13.0000
v -4.0000 5.0000 -13.0000
v -4.0000 -16.0000 -14.0000
v -4.0000 -11.0000 -14.0000
v -4.0000 -12.0000 -14.0000
v -4.0000 -1.0000 -14.0000
v -4.0000 5.0000 -14.0000
v -4.0000 -16.0000 -15.0000
v -4.0000 -13.0000 -15.0000
v -4.0000 -14.0000 -15.0000
v -4.0000 -12.0000 -15.0000
v -4.0000 -1.0000 -15.0000
v -4.0000 1.0000 -15.0000
v -4.0000 0.0000 -15.0000
v -4.0000 5.0000 -15.0000
v -4.0000 -16.0000 -16.0000
v -4.0000 -15.0000 -16.0000
v -4.0000 -14.0000 -16.0000
v -4.0000 0.0000 -16.0000
v -4.0000 -1.0000 -16.0000
v -4.0000 1.0000 -16.0000
v -4.0000 2.0000 -16.0000
v -4.0000 3.0000 -16.0000
v -4.0000 4.0000 -16.0000
v -4.0000 5.0000 -16.0000
v -3.0000 -1.0000 16.0000
v -3.0000 -1.0000 15.0000
v -3.0000 -2.0000 15.0000
v -3.0000 -2.0000 16.0000
v -3.0000 0.0000 15.0000
v -3.0000 0.0000 16.0000
v -3.0000 1.0000 16.0000
v -3.0000 2.0000 16.0000
v -3.0000 2.0000 15.0000
v -3.0000 5.0000 15.0000
v -3.0000 5.0000 16.0000
v -3.0000 6.0000 16.0000
v -3.0000 7.0000 16.0000
v -3.0000 7.0000 15.0000
v -4.0000 14.0000 16.0000
v -4.0000 14.0000 15.0000
v -3.0000 14.0000 15.0000
v -3.0000 14.0000 16.0000
v -3.0000 15.0000 16.0000
v -4.0000 15.0000 16.0000
v -3.0000 15.0000 15.0000
v -4.0000 15.0000 15.0000
v -4.0000 16.0000 16.0000
v -3.0000 16.0000 16.0000
v -3.0000 16.0000 15.0000
v -4.0000 16.0000 15.0000
v -3.0000 -2.0000 14.0000
v -3.0000 3.0000 15.0000
v -3.0000 3.0000 14.0000
v -4.0000 4.0000 15.0000
v -3.0000 4.0000 14.0000
v -3.0000 4.0000 15.0000
v -3.0000 8.0000 15.0000
v -3.0000 9.0000 15.0000
v -3.0000 10.0000 15.0000
v -4.0000 10.0000 15.0000
v -4.0000 10.0000 14.0000
v -3.0000 11.0000 15.0000
v -4.0000 11.0000 15.0000
v -4.0000 11.0000 14.0000
v -3.0000 12.0000 15.0000
v -4.0000 12.0000 15.0000
v -4.0000 12.0000 14.0000
v -3.0000 13.0000 15.0000
v -4.0000 13.0000 15.0000
v -4.0000 13.0000 14.0000
v -4.0000 14.0000 14.0000
v -4.0000 15.0000 14.0000
v -3.0000 16.0000 14.0000
v -4.0000 16.0000 14.0000
v -3.0000 -2.0000 13.0000
v -3.0000 -1.0000 13.0000
v -4.0000 6.0000 13.0000
v -4.0000 7.0000 13.0000
v -4.0000 8.0000 13.0000
v -3.0000 8.0000 13.0000
v -3.0000 7.0000 13.0000
v -4.0000 9.0000 13.0000
v -3.0000 9.0000 13.0000
v -4.0000 10.0000 13.0000
v -3.0000 10.0000 13.0000
v -4.0000 11.0000 13.0000
v -3.0000 11.0000 13.0000
v -4.0000 12.0000 13.0000
v -3.0000 12.0000 13.0000
v -4.0000 13.0000 13.0000
v -3.0000 13.0000 13.0000
v -4.0000 14.0000 13.0000
v -3.0000 14.0000 13.0000
v -4.0000 15.0000 13.0000
v -3.0000 16.0000 13.0000
v -4.0000 16.0000 13.0000
v -3.0000 -1.0000 12.0000
v -4.0000 6.0000 12.0000
v -3.0000 7.0000 12.0000
v -4.0000 7.0000 12.0000
v -4.0000 14.0000 12.0000
v -3.0000 14.0000 12.0000
v -4.0000 15.0000 12.0000
v -3.0000 16.0000 12.0000
v -4.0000 16.0000 12.0000
v -3.0000 -16.0000 11.0000
v -3.0000 -16.0000 12.0000
v -3.0000 -15.0000 12.0000
v -3.0000 -14.0000 12.0000
v -3.0000 -13.0000 12.0000
v -3.0000 -13.0000 11.0000
v -3.0000 -1.0000 11.0000
v -4.0000 6.0000 11.0000
v -3.0000 7.0000 11.0000
v -4.0000 7.0000 11.0000
v -4.0000 14.0000 11.0000
v -3.0000 14.0000 11.0000
v -4.0000 15.0000 11.0000
v -3.0000 16.0000 11.0000
v -4.0000 16.0000 11.0000
v -3.0000 -16.0000 10.0000
v -3.0000 -12.0000 11.0000
v -3.0000 -11.0000 11.0000
v -3.0000 -11.0000 10.0000
v -3.0000 -2.0000 10.0000
v -3.0000 -2.0000 11.0000
v -4.0000 6.0000 10.0000
v -3.0000 7.0000 10.0000
v -4.0000 7.0000 10.0000
v -4.0000 14.0000 10.0000
v -3.0000 14.0000 10.0000
v -4.0000 15.0000 10.0000
v -3.0000 16.0000 10.0000
v -4.0000 16.0000 10.0000
v -3.0000 -16.0000 9.0000
v -3.0000 -11.0000 9.0000
v -3.0000 -2.0000 9.0000
v -4.0000 6.0000 9.0000
v -3.0000 7.0000 9.0000
v -4.0000 7.0000 9.0000
v -4.0000 14.0000 9.0000
v -3.0000 14.0000 9.0000
v -4.0000 15.0000 9.0000
v -3.0000 16.0000 9.0000
v -4.0000 16.0000 9.0000
v -3.0000 -16.0000 8.0000
v -3.0000 -11.0000 8.0000
v -3.0000 -2.0000 8.0000
v -4.0000 6.0000 8.0000
v -3.0000 7.0000 8.0000
v -4.0000 7.0000 8.0000
v -4.0000 14.0000 8.0000
v -3.0000 14.0000 8.0000
v -4.0000 15.0000 8.0000
v -3.0000 16.0000 8.0000
v -4.0000 16.0000 8.0000
v -3.0000 -16.0000 7.0000
v -3.0000 -11.0000 7.0000
v -3.0000 -2.0000 7.0000
v -4.0000 6.0000 7.0000
v -3.0000 7.0000 7.0000
v -4.0000 7.0000 7.0000
v -4.0000 14.0000 7.0000
v -3.0000 14.0000 7.0000
v -4.0000 15.0000 7.0000
v -3.0000 16.0000 7.0000
v -4.0000 16.0000 7.0000
v -3.0000 -16.0000 6.0000
v -3.0000 -11.0000 6.0000
v -3.0000 -2.0000 6.0000
v -4.0000 6.0000 6.0000
v -3.0000 7.0000 6.0000
v -4.0000 7.0000 6.0000
v -4.0000 14.0000 6.0000
v -3.0000 14.0000 6.0000
v -4.0000 15.0000 6.0000
v -3.0000 16.0000 6.0000
v -4.0000 16.0000 6.0000
v -3.0000 -16.0000 5.0000
v -3.0000 -15.0000 5.0000
v -3.0000 -14.0000 5.0000
v -3.0000 -13.0000 5.0000
v -3.0000 -12.0000 5.0000
v -3.0000 -11.0000 5.0000
v -3.0000 -2.0000 5.0000
v -4.0000 6.0000 5.0000
v -3.0000 7.0000 5.0000
v -4.0000 7.0000 5.0000
v -4.0000 14.0000 5.0000
v -3.0000 14.0000 5.0000
v -4.0000 15.0000 5.0000
v -3.0000 16.0000 5.0000
v -4.0000 16.0000 5.0000
v -3.0000 -2.0000 4.0000
v -4.0000 6.0000 4.0000
v -3.0000 7.0000 4.0000
v -4.0000 7.0000 4.0000
v -4.0000 14.0000 4.0000
v -3.0000 14.0000 4.0000
v -4.0000 15.0000 4.0000
v -3.0000 16.0000 4.0000
v -4.0000 16.0000 4.0000
v -3.0000 -2.0000 3.0000
v -3.0000 5.0000 3.0000
v -3.0000 4.0000 3.0000
v -4.0000 6.0000 3.0000
v -3.0000 6.0000 3.0000
v -4.0000 7.0000 3.0000
v -3.0000 7.0000 3.0000
v -3.0000 8.0000 4.0000
v -4.0000 8.0000 4.0000
v -4.0000 8.0000 3.0000
v -3.0000 8.0000 3.0000
v -3.0000 9.0000 4.0000
v -4.0000 9.0000 4.0000
v -4.0000 9.0000 3.0000
v -3.0000 9.0000 3.0000
v -3.0000 10.0000 4.0000
v -4.0000 10.0000 4.0000
v -4.0000 10.0000 3.0000
v -3.0000 10.0000 3.0000
v -3.0000 11.0000 4.0000
v -4.0000 11.0000 4.0000
v -4.0000 11.0000 3.0000
v -3.0000 11.0000 3.0000
v -3.0000 12.0000 4.0000
v -4.0000 12.0000 4.0000
v -4.0000 12.0000 3.0000
v -3.0000 12.0000 3.0000
v -3.0000 13.0000 4.0000
v -4.0000 13.0000 4.0000
v -4.0000 13.0000 3.0000
v -3.0000 13.0000 3.0000
v -4.0000 14.0000 3.0000
v -3.0000 14.0000 3.0000
v -4.0000 15.0000 3.0000
v -3.0000 15.0000 3.0000
v -3.0000 16.0000 3.0000
v -4.0000 16.0000 3.0000
v -3.0000 -2.0000 2.0000
v -3.0000 4.0000 2.0000
v -3.0000 -2.0000 1.0000
v -3.0000 4.0000 1.0000
v -3.0000 -2.0000 -0.0000
v -3.0000 4.0000 -0.0000
v -3.0000 -2.0000 -1.0000
v -3.0000 4.0000 -1.0000
v -3.0000 -2.0000 -2.0000
v -3.0000 4.0000 -2.0000
v -3.0000 -2.0000 -3.0000
v -3.0000 4.0000 -3.0000
v -3.0000 -2.0000 -4.0000
v -3.0000 5.0000 -3.0000
v -3.0000 6.0000 -3.0000
v -4.0000 6.0000 -3.0000
v -4.0000 6.0000 -4.0000
v -4.0000 7.0000 -3.0000
v -3.0000 7.0000 -3.0000
v -3.0000 7.0000 -4.0000
v -4.0000 7.0000 -4.0000
v -3.0000 -2.0000 -5.0000
v -3.0000 4.0000 -4.0000
v -3.0000 4.0000 -5.0000
v -3.0000 5.0000 -5.0000
v -3.0000 5.0000 -4.0000
v -3.0000 6.0000 -5.0000
v -3.0000 6.0000 -4.0000
v -4.0000 6.0000 -5.0000
v -3.0000 7.0000 -5.0000
v -4.0000 7.0000 -5.0000
v -3.0000 -2.0000 -6.0000
v -3.0000 4.0000 -6.0000
v -3.0000 5.0000 -6.0000
v -3.0000 6.0000 -6.0000
v -4.0000 6.0000 -6.0000
v -3.0000 7.0000 -6.0000
v -4.0000 7.0000 -6.0000
v -4.0000 -13.0000 -6.0000
v -3.0000 -13.0000 -7.0000
v -3.0000 -13.0000 -6.0000
v -3.0000 -12.0000 -6.0000
v -4.0000 -12.0000 -6.0000
v -4.0000 -11.0000 -6.0000
v -3.0000 -11.0000 -6.0000
v -3.0000 -11.0000 -7.0000
v -3.0000 -2.0000 -7.0000
v -3.0000 4.0000 -7.0000
v -3.0000 5.0000 -7.0000
v -3.0000 6.0000 -7.0000
v -4.0000 6.0000 -7.0000
v -3.0000 7.0000 -7.0000
v -4.0000 7.0000 -7.0000
v -3.0000 -16.0000 -8.0000
v -3.0000 -16.0000 -7.0000
v -3.0000 -15.0000 -7.0000
v -3.0000 -14.0000 -7.0000
v -3.0000 -11.0000 -8.0000
v -3.0000 -2.0000 -8.0000
v -3.0000 4.0000 -8.0000
v -3.0000 5.0000 -8.0000
v -3.0000 6.0000 -8.0000
v -4.0000 6.0000 -8.0000
v -3.0000 7.0000 -8.0000
v -4.0000 7.0000 -8.0000
v -3.0000 -16.0000 -9.0000
v -3.0000 -11.0000 -9.0000
v -3.0000 -2.0000 -9.0000
v -3.0000 4.0000 -9.0000
v -3.0000 5.0000 -9.0000
v -3.0000 6.0000 -9.0000
v -4.0000 6.0000 -9.0000
v -3.0000 7.0000 -9.0000
v -4.0000 7.0000 -9.0000
v -3.0000 -16.0000 -10.0000
v -3.0000 -11.0000 -10.0000
v -3.0000 -2.0000 -10.0000
v -3.0000 4.0000 -10.0000
v -3.0000 5.0000 -10.0000
v -3.0000 6.0000 -10.0000
v -4.0000 6.0000 -10.0000
v -3.0000 7.0000 -10.0000
v -4.0000 7.0000 -10.0000
v -3.0000 -16.0000 -11.0000
v -3.0000 -11.0000 -11.0000
v -3.0000 -2.0000 -11.0000
v -3.0000 4.0000 -11.0000
v -3.0000 5.0000 -11.0000
v -3.0000 6.0000 -11.0000
v -4.0000 6.0000 -11.0000
v -3.0000 7.0000 -11.0000
v -4.0000 7.0000 -11.0000
v -3.0000 -16.0000 -12.0000
v -3.0000 -11.0000 -12.0000
v -3.0000 -2.0000 -12.0000
v -3.0000 -1.0000 -12.0000
v -3.0000 4.0000 -12.0000
v -3.0000 5.0000 -12.0000
v -3.0000 6.0000 -12.0000
v -4.0000 6.0000 -12.0000
v -3.0000 7.0000 -12.0000
v -4.0000 7.0000 -12.0000
v -3.0000 -16.0000 -13.0000
v -3.0000 -11.0000 -13.0000
v -3.0000 -1.0000 -13.0000
v -3.0000 4.0000 -13.0000
v -3.0000 5.0000 -13.0000
v -3.0000 6.0000 -13.0000
v -4.0000 6.0000 -13.0000
v -3.0000 7.0000 -13.0000
v -4.0000 7.0000 -13.0000
v -3.0000 -16.0000 -14.0000
v -3.0000 -11.0000 -14.0000
v -3.0000 -12.0000 -14.0000
v -3.0000 -1.0000 -14.0000
v -3.0000 4.0000 -14.0000
v -3.0000 5.0000 -14.0000
v -3.0000 6.0000 -14.0000
v -4.0000 6.0000 -14.0000
v -3.0000 7.0000 -14.0000
v -4.0000 7.0000 -14.0000
v -3.0000 -16.0000 -15.0000
v -3.0000 -13.0000 -15.0000
v -3.0000 -14.0000 -15.0000
v -3.0000 -12.0000 -15.0000
v -3.0000 -1.0000 -15.0000
v -3.0000 1.0000 -15.0000
v -3.0000 0.0000 -15.0000
v -3.0000 4.0000 -15.0000
v -3.0000 5.0000 -15.0000
v -3.0000 6.0000 -15.0000
v -4.0000 6.0000 -15.0000
v -3.0000 7.0000 -15.0000
v -4.0000 7.0000 -15.0000
v -3.0000 -16.0000 -16.0000
v -3.0000 -15.0000 -16.0000
v -3.0000 -14.0000 -16.0000
v -3.0000 0.0000 -16.0000
v -3.0000 -1.0000 -16.0000
v -3.0000 1.0000 -16.0000
v -3.0000 2.0000 -16.0000
v -3.0000 3.0000 -16.0000
v -3.0000 4.0000 -16.0000
v -3.0000 5.0000 -16.0000
v -4.0000 6.0000 -16.0000
v -3.0000 6.0000 -16.0000
v -3.0000 7.0000 -16.0000
v -4.0000 7.0000 -16.0000
v -2.0000 -1.0000 16.0000
v -2.0000 -1.0000 15.0000
v -2.0000 -2.0000 15.0000
v -2.0000 -2.0000 16.0000
v -2.0000 0.0000 15.0000
v -2.0000 0.0000 16.0000
v -2.0000 1.0000 16.0000
v -2.0000 2.0000 16.0000
v -2.0000 2.0000 15.0000
v -2.0000 5.0000 15.0000
v -2.0000 5.0000 16.0000
v -2.0000 6.0000 16.0000
v -2.0000 6.0000 15.0000
v -2.0000 7.0000 16.0000
v -2.0000 7.0000 15.0000
v -2.0000 -2.0000 14.0000
v -2.0000 3.0000 15.0000
v -2.0000 3.0000 14.0000
v -2.0000 4.0000 14.0000
v -2.0000 4.0000 15.0000
v -2.0000 8.0000 15.0000
v -2.0000 9.0000 15.0000
v -2.0000 10.0000 15.0000
v -2.0000 11.0000 15.0000
v -2.0000 12.0000 15.0000
v -2.0000 13.0000 15.0000
v -2.0000 14.0000 15.0000
v -2.0000 15.0000 15.0000
v -2.0000 16.0000 15.0000
v -2.0000 16.0000 14.0000
v -2.0000 -2.0000 13.0000
v -2.0000 -1.0000 13.0000
v -2.0000 16.0000 13.0000
v -2.0000 -1.0000 12.0000
v -3.0000 8.0000 12.0000
v -3.0000 9.0000 12.0000
v -3.0000 10.0000 12.0000
v -3.0000 11.0000 12.0000
v -3.0000 12.0000 12.0000
v -3.0000 13.0000 12.0000
v -2.0000 16.0000 12.0000
v -2.0000 -16.0000 11.0000
v -2.0000 -16.0000 12.0000
v -2.0000 -15.0000 12.0000
v -2.0000 -14.0000 12.0000
v -2.0000 -13.0000 12.0000
v -2.0000 -13.0000 11.0000
v -2.0000 -1.0000 11.0000
v -3.0000 8.0000 11.0000
v -3.0000 9.0000 11.0000
v -3.0000 10.0000 11.0000
v -3.0000 11.0000 11.0000
v -3.0000 12.0000 11.0000
v -3.0000 13.0000 11.0000
v -2.0000 16.0000 11.0000
v -2.0000 -16.0000 10.0000
v -2.0000 -12.0000 11.0000
v -2.0000 -11.0000 11.0000
v -2.0000 -11.0000 10.0000
v -2.0000 -2.0000 10.0000
v -2.0000 -2.0000 11.0000
v -3.0000 8.0000 10.0000
v -3.0000 9.0000 10.0000
v -3.0000 10.0000 10.0000
v -3.0000 11.0000 10.0000
v -3.0000 12.0000 10.0000
v -3.0000 13.0000 10.0000
v -2.0000 16.0000 10.0000
v -2.0000 -16.0000 9.0000
v -2.0000 -11.0000 9.0000
v -2.0000 -2.0000 9.0000
v -3.0000 8.0000 9.0000
v -3.0000 9.0000 9.0000
v -3.0000 10.0000 9.0000
v -3.0000 11.0000 9.0000
v -3.0000 12.0000 9.0000
v -3.0000 13.0000 9.0000
v -2.0000 16.0000 9.0000
v -2.0000 -16.0000 8.0000
v -2.0000 -11.0000 8.0000
v -2.0000 -2.0000 8.0000
v -3.0000 8.0000 8.0000
v -3.0000 9.0000 8.0000
v -3.0000 10.0000 8.0000
v -3.0000 11.0000 8.0000
v -3.0000 12.0000 8.0000
v -3.0000 13.0000 8.0000
v -2.0000 16.0000 8.0000
v -2.0000 -16.0000 7.0000
v -2.0000 -11.0000 7.0000
v -2.0000 -2.0000 7.0000
v -3.0000 8.0000 7.0000
v -3.0000 9.0000 7.0000
v -3.0000 10.0000 7.0000
v -3.0000 11.0000 7.0000
v -3.0000 12.0000 7.0000
v -3.0000 13.0000 7.0000
v -2.0000 16.0000 7.0000
v -2.0000 -16.0000 6.0000
v -2.0000 -11.0000 6.0000
v -2.0000 -2.0000 6.0000
v -3.0000 8.0000 6.0000
v -3.0000 9.0000 6.0000
v -3.0000 10.0000 6.0000
v -3.0000 11.0000 6.0000
v -3.0000 12.0000 6.0000
v -3.0000 13.0000 6.0000
v -2.0000 16.0000 6.0000
v -2.0000 -16.0000 5.0000
v -2.0000 -15.0000 5.0000
v -2.0000 -14.0000 5.0000
v -2.0000 -13.0000 5.0000
v -2.0000 -12.0000 5.0000
v -2.0000 -11.0000 5.0000
v -2.0000 -2.0000 5.0000
v -3.0000 8.0000 5.0000
v -3.0000 9.0000 5.0000
v -3.0000 10.0000 5.0000
v -3.0000 11.0000 5.0000
v -3.0000 12.0000 5.0000
v -3.0000 13.0000 5.0000
v -2.0000 16.0000 5.0000
v -2.0000 -2.0000 4.0000
v -2.0000 16.0000 4.0000
v -2.0000 -2.0000 3.0000
v -2.0000 7.0000 3.0000
v -2.0000 6.0000 3.0000
v -2.0000 8.0000 3.0000
v -2.0000 9.0000 3.0000
v -2.0000 10.0000 3.0000
v -2.0000 11.0000 3.0000
v -2.0000 12.0000 3.0000
v -2.0000 13.0000 3.0000
v -2.0000 14.0000 3.0000
v -2.0000 15.0000 3.0000
v -2.0000 16.0000 3.0000
v -2.0000 -2.0000 2.0000
v -3.0000 5.0000 2.0000
v -2.0000 6.0000 2.0000
v -3.0000 6.0000 2.0000
v -2.0000 -2.0000 1.0000
v -3.0000 5.0000 1.0000
v -2.0000 6.0000 1.0000
v -3.0000 6.0000 1.0000
v -2.0000 -2.0000 -0.0000
v -3.0000 5.0000 -0.0000
v -2.0000 6.0000 -0.0000
v -3.0000 6.0000 -0.0000
v -2.0000 -2.0000 -1.0000
v -3.0000 5.0000 -1.0000
v -2.0000 6.0000 -1.0000
v -3.0000 6.0000 -1.0000
v -2.0000 -2.0000 -2.0000
v -3.0000 5.0000 -2.0000
v -2.0000 6.0000 -2.0000
v -3.0000 6.0000 -2.0000
v -2.0000 -2.0000 -3.0000
v -2.0000 6.0000 -3.0000
v -2.0000 -2.0000 -4.0000
v -2.0000 5.0000 -4.0000
v -2.0000 4.0000 -4.0000
v -2.0000 6.0000 -4.0000
v -2.0000 7.0000 -3.0000
v -2.0000 7.0000 -4.0000
v -2.0000 8.0000 -3.0000
v -3.0000 8.0000 -3.0000
v -3.0000 8.0000 -4.0000
v -2.0000 8.0000 -4.0000
v -2.0000 9.0000 -3.0000
v -3.0000 9.0000 -3.0000
v -3.0000 9.0000 -4.0000
v -2.0000 9.0000 -4.0000
v -2.0000 10.0000 -3.0000
v -3.0000 10.0000 -3.0000
v -3.0000 10.0000 -4.0000
v -2.0000 10.0000 -4.0000
v -2.0000 11.0000 -3.0000
v -3.0000 11.0000 -3.0000
v -3.0000 11.0000 -4.0000
v -2.0000 11.0000 -4.0000
v -2.0000 12.0000 -3.0000
v -3.0000 12.0000 -3.0000
v -3.0000 12.0000 -4.0000
v -2.0000 12.0000 -4.0000
v -2.0000 13.0000 -3.0000
v -3.0000 13.0000 -3.0000
v -3.0000 13.0000 -4.0000
v -2.0000 13.0000 -4.0000
v -2.0000 14.0000 -3.0000
v -3.0000 14.0000 -3.0000
v -3.0000 14.0000 -4.0000
v -2.0000 14.0000 -4.0000
v -2.0000 15.0000 -3.0000
v -3.0000 15.0000 -3.0000
v -3.0000 15.0000 -4.0000
v -3.0000 16.0000 -3.0000
v -2.0000 16.0000 -3.0000
v -2.0000 16.0000 -4.0000
v -3.0000 16.0000 -4.0000
v -2.0000 -2.0000 -5.0000
v -2.0000 4.0000 -5.0000
v -3.0000 14.0000 -5.0000
v -2.0000 14.0000 -5.0000
v -3.0000 15.0000 -5.0000
v -2.0000 16.0000 -5.0000
v -3.0000 16.0000 -5.0000
v -2.0000 -2.0000 -6.0000
v -2.0000 4.0000 -6.0000
v -3.0000 14.0000 -6.0000
v -2.0000 14.0000 -6.0000
v -3.0000 15.0000 -6.0000
v -2.0000 16.0000 -6.0000
v -3.0000 16.0000 -6.0000
v -2.0000 -13.0000 -7.0000
v -2.0000 -13.0000 -6.0000
v -2.0000 -12.0000 -6.0000
v -2.0000 -12.0000 -7.0000
v -2.0000 -11.0000 -6.0000
v -2.0000 -11.0000 -7.0000
v -2.0000 -2.0000 -7.0000
v -2.0000 4.0000 -7.0000
v -3.0000 14.0000 -7.0000
v -2.0000 14.0000 -7.0000
v -3.0000 15.0000 -7.0000
v -2.0000 16.0000 -7.0000
v -3.0000 16.0000 -7.0000
v -2.0000 -16.0000 -8.0000
v -2.0000 -16.0000 -7.0000
v -2.0000 -15.0000 -7.0000
v -2.0000 -14.0000 -7.0000
v -2.0000 -11.0000 -8.0000
v -2.0000 -2.0000 -8.0000
v -2.0000 4.0000 -8.0000
v -3.0000 14.0000 -8.0000
v -2.0000 14.0000 -8.0000
v -3.0000 15.0000 -8.0000
v -2.0000 16.0000 -8.0000
v -3.0000 16.0000 -8.0000
v -2.0000 -16.0000 -9.0000
v -2.0000 -11.0000 -9.0000
v -2.0000 -2.0000 -9.0000
v -2.0000 4.0000 -9.0000
v -3.0000 14.0000 -9.0000
v -2.0000 14.0000 -9.0000
v -3.0000 15.0000 -9.0000
v -2.0000 16.0000 -9.0000
v -3.0000 16.0000 -9.0000
v -2.0000 -16.0000 -10.0000
v -2.0000 -11.0000 -10.0000
v -2.0000 -2.0000 -10.0000
v -2.0000 4.0000 -10.0000
v -3.0000 14.0000 -10.0000
v -2.0000 14.0000 -10.0000
v -3.0000 15.0000 -10.0000
v -2.0000 16.0000 -10.0000
v -3.0000 16.0000 -10.0000
v -2.0000 -16.0000 -11.0000
v -2.0000 -11.0000 -11.0000
v -2.0000 -2.0000 -11.0000
v -2.0000 4.0000 -11.0000
v -3.0000 14.0000 -11.0000
v -2.0000 14.0000 -11.0000
v -3.0000 15.0000 -11.0000
v -2.0000 16.0000 -11.0000
v -3.0000 16.0000 -11.0000
v -2.0000 -16.0000 -12.0000
v -2.0000 -11.0000 -12.0000
v -2.0000 -2.0000 -12.0000
v -2.0000 -1.0000 -12.0000
v -2.0000 4.0000 -12.0000
v -3.0000 14.0000 -12.0000
v -2.0000 14.0000 -12.0000
v -3.0000 15.0000 -12.0000
v -2.0000 16.0000 -12.0000
v -3.0000 16.0000 -12.0000
v -2.0000 -16.0000 -13.0000
v -2.0000 -11.0000 -13.0000
v -2.0000 -1.0000 -13.0000
v -2.0000 4.0000 -13.0000
v -3.0000 14.0000 -13.0000
v -2.0000 14.0000 -13.0000
v -3.0000 15.0000 -13.0000
v -2.0000 16.0000 -13.0000
v -3.0000 16.0000 -13.0000
v -2.0000 -16.0000 -14.0000
v -2.0000 -11.0000 -14.0000
v -2.0000 -12.0000 -14.0000
v -2.0000 -1.0000 -14.0000
v -2.0000 4.0000 -14.0000
v -3.0000 14.0000 -14.0000
v -2.0000 14.0000 -14.0000
v -3.0000 15.0000 -14.0000
v -2.0000 16.0000 -14.0000
v -3.0000 16.0000 -14.0000
v -2.0000 -16.0000 -15.0000
v -2.0000 -13.0000 -15.0000
v -2.0000 -14.0000 -15.0000
v -2.0000 -12.0000 -15.0000
v -2.0000 -1.0000 -15.0000
v -2.0000 1.0000 -15.0000
v -2.0000 0.0000 -15.0000
v -2.0000 4.0000 -15.0000
v -3.0000 14.0000 -15.0000
v -2.0000 14.0000 -15.0000
v -3.0000 15.0000 -15.0000
v -2.0000 16.0000 -15.0000
v -3.0000 16.0000 -15.0000
v -2.0000 -16.0000 -16.0000
v -2.0000 -15.0000 -16.0000
v -2.0000 -14.0000 -16.0000
v -2.0000 0.0000 -16.0000
v -2.0000 -1.0000 -16.0000
v -2.0000 1.0000 -16.0000
v -2.0000 2.0000 -16.0000
v -2.0000 3.0000 -16.0000
v -2.0000 4.0000 -16.0000
v -2.0000 5.0000 -15.0000
v -2.0000 5.0000 -16.0000
v -2.0000 6.0000 -15.0000
v -2.0000 6.0000 -16.0000
v -2.0000 7.0000 -15.0000
v -2.0000 7.0000 -16.0000
v -2.0000 8.0000 -15.0000
v -3.0000 8.0000 -15.0000
v -3.0000 8.0000 -16.0000
v -2.0000 8.0000 -16.0000
v -2.0000 9.0000 -15.0000
v -3.0000 9.0000 -15.0000
v -3.0000 9.0000 -16.0000
v -2.0000 9.0000 -16.0000
v -2.0000 10.0000 -15.0000
v -3.0000 10.0000 -15.0000
v -3.0000 10.0000 -16.0000
v -2.0000 10.0000 -16.0000
v -2.0000 11.0000 -15.0000
v -3.0000 11.0000 -15.0000
v -3.0000 11.0000 -16.0000
v -2.0000 11.0000 -16.0000
v -2.0000 12.0000 -15.0000
v -3.0000 12.0000 -15.0000
v -3.0000 12.0000 -16.0000
v -2.0000 12.0000 -16.0000
v -2.0000 13.0000 -15.0000
v -3.0000 13.0000 -15.0000
v -3.0000 13.0000 -16.0000
v -2.0000 13.0000 -16.0000
v -3.0000 14.0000 -16.0000
v -2.0000 14.0000 -16.0000
v -3.0000 15.0000 -16.0000
v -2.0000 15.0000 -16.0000
v -2.0000 16.0000 -16.0000
v -3.0000 16.0000 -16.0000
v -1.0000 -1.0000 16.0000
v -1.0000 -1.0000 15.0000
v -1.0000 -2.0000 15.0000
v -1.0000 -2.0000 16.0000
v -1.0000 0.0000 15.0000
v -1.0000 0.0000 16.0000
v -1.0000 1.0000 16.0000
v -1.0000 2.0000 16.0000
v -1.0000 2.0000 15.0000
v -1.0000 -2.0000 14.0000
v -1.0000 3.0000 15.0000
v -1.0000 3.0000 14.0000
v -1.0000 4.0000 14.0000
v -1.0000 4.0000 15.0000
v -1.0000 5.0000 15.0000
v -1.0000 6.0000 15.0000
v -1.0000 7.0000 15.0000
v -1.0000 8.0000 15.0000
v -1.0000 9.0000 15.0000
v -1.0000 10.0000 15.0000
v -1.0000 11.0000 15.0000
v -1.0000 12.0000 15.0000
v -1.0000 13.0000 15.0000
v -1.0000 14.0000 15.0000
v -1.0000 15.0000 15.0000
v -1.0000 16.0000 15.0000
v -1.0000 16.0000 14.0000
v -1.0000 -2.0000 13.0000
v -1.0000 -1.0000 13.0000
v -1.0000 16.0000 13.0000
v -1.0000 -1.0000 12.0000
v -1.0000 16.0000 12.0000
v -1.0000 -16.0000 11.0000
v -1.0000 -16.0000 12.0000
v -1.0000 -15.0000 12.0000
v -1.0000 -14.0000 12.0000
v -1.0000 -13.0000 12.0000
v -1.0000 -13.0000 11.0000
v -1.0000 -1.0000 11.0000
v -1.0000 16.0000 11.0000
v -1.0000 -16.0000 10.0000
v -1.0000 -12.0000 11.0000
v -1.0000 -11.0000 11.0000
v -1.0000 -10.0000 11.0000
v -2.0000 -10.0000 11.0000
v -2.0000 -10.0000 10.0000
v -1.0000 -9.0000 11.0000
v -2.0000 -9.0000 11.0000
v -2.0000 -9.0000 10.0000
v -1.0000 -8.0000 11.0000
v -2.0000 -8.0000 11.0000
v -2.0000 -8.0000 10.0000
v -1.0000 -7.0000 11.0000
v -2.0000 -7.0000 11.0000
v -2.0000 -7.0000 10.0000
v -1.0000 -6.0000 11.0000
v -2.0000 -6.0000 11.0000
v -2.0000 -6.0000 10.0000
v -1.0000 -5.0000 11.0000
v -2.0000 -5.0000 11.0000
v -2.0000 -5.0000 10.0000
v -1.0000 -5.0000 10.0000
v -1.0000 -6.0000 10.0000
v -2.0000 -4.0000 11.0000
v -1.0000 -4.0000 11.0000
v -1.0000 -4.0000 10.0000
v -2.0000 -4.0000 10.0000
v -1.0000 -2.0000 10.0000
v -1.0000 -2.0000 11.0000
v -1.0000 16.0000 10.0000
v -1.0000 -16.0000 9.0000
v -2.0000 -10.0000 9.0000
v -2.0000 -9.0000 9.0000
v -2.0000 -8.0000 9.0000
v -2.0000 -7.0000 9.0000
v -1.0000 -6.0000 9.0000
v -2.0000 -6.0000 9.0000
v -1.0000 -2.0000 9.0000
v -1.0000 16.0000 9.0000
v -1.0000 -16.0000 8.0000
v -2.0000 -10.0000 8.0000
v -2.0000 -9.0000 8.0000
v -2.0000 -8.0000 8.0000
v -2.0000 -7.0000 8.0000
v -1.0000 -6.0000 8.0000
v -2.0000 -6.0000 8.0000
v -1.0000 -2.0000 8.0000
v -1.0000 16.0000 8.0000
v -1.0000 -16.0000 7.0000
v -2.0000 -10.0000 7.0000
v -2.0000 -9.0000 7.0000
v -2.0000 -8.0000 7.0000
v -2.0000 -7.0000 7.0000
v -1.0000 -6.0000 7.0000
v -2.0000 -6.0000 7.0000
v -1.0000 -2.0000 7.0000
v -1.0000 16.0000 7.0000
v -1.0000 -16.0000 6.0000
v -2.0000 -10.0000 6.0000
v -2.0000 -9.0000 6.0000
v -2.0000 -8.0000 6.0000
v -2.0000 -7.0000 6.0000
v -1.0000 -6.0000 6.0000
v -2.0000 -6.0000 6.0000
v -1.0000 -2.0000 6.0000
v -1.0000 16.0000 6.0000
v -1.0000 -16.0000 5.0000
v -1.0000 -15.0000 5.0000
v -1.0000 -14.0000 5.0000
v -1.0000 -13.0000 5.0000
v -1.0000 -12.0000 5.0000
v -1.0000 -11.0000 5.0000
v -2.0000 -10.0000 5.0000
v -1.0000 -10.0000 5.0000
v -2.0000 -9.0000 5.0000
v -1.0000 -9.0000 5.0000
v -2.0000 -8.0000 5.0000
v -1.0000 -8.0000 5.0000
v -2.0000 -7.0000 5.0000
v -1.0000 -7.0000 5.0000
v -1.0000 -6.0000 5.0000
v -2.0000 -6.0000 5.0000
v -1.0000 -2.0000 5.0000
v -1.0000 16.0000 5.0000
v -1.0000 -2.0000 4.0000
v -1.0000 16.0000 4.0000
v -1.0000 -2.0000 3.0000
v -1.0000 9.0000 3.0000
v -1.0000 8.0000 3.0000
v -1.0000 10.0000 3.0000
v -1.0000 11.0000 3.0000
v -1.0000 12.0000 3.0000
v -1.0000 13.0000 3.0000
v -1.0000 14.0000 3.0000
v -1.0000 15.0000 3.0000
v -1.0000 16.0000 3.0000
v -1.0000 -2.0000 2.0000
v -2.0000 7.0000 2.0000
v -1.0000 8.0000 2.0000
v -2.0000 8.0000 2.0000
v -1.0000 -2.0000 1.0000
v -2.0000 7.0000 1.0000
v -1.0000 8.0000 1.0000
v -2.0000 8.0000 1.0000
v -1.0000 -2.0000 -0.0000
v -2.0000 7.0000 -0.0000
v -1.0000 8.0000 -0.0000
v -2.0000 8.0000 -0.0000
v -1.0000 -2.0000 -1.0000
v -2.0000 7.0000 -1.0000
v -1.0000 8.0000 -1.0000
v -2.0000 8.0000 -1.0000
v -1.0000 -2.0000 -2.0000
v -2.0000 7.0000 -2.0000
v -1.0000 8.0000 -2.0000
v -2.0000 8.0000 -2.0000
v -1.0000 -2.0000 -3.0000
v -1.0000 8.0000 -3.0000
v -1.0000 -2.0000 -4.0000
v -1.0000 9.0000 -3.0000
v -1.0000 10.0000 -3.0000
v -1.0000 11.0000 -3.0000
v -1.0000 12.0000 -3.0000
v -1.0000 13.0000 -3.0000
v -1.0000 14.0000 -3.0000
v -1.0000 15.0000 -3.0000
v -1.0000 16.0000 -3.0000
v -1.0000 16.0000 -4.0000
v -1.0000 -2.0000 -5.0000
v -2.0000 5.0000 -5.0000
v -2.0000 6.0000 -5.0000
v -2.0000 7.0000 -5.0000
v -2.0000 8.0000 -5.0000
v -2.0000 9.0000 -5.0000
v -2.0000 10.0000 -5.0000
v -2.0000 11.0000 -5.0000
v -2.0000 12.0000 -5.0000
v -2.0000 13.0000 -5.0000
v -1.0000 16.0000 -5.0000
v -1.0000 -2.0000 -6.0000
v -2.0000 5.0000 -6.0000
v -2.0000 6.0000 -6.0000
v -2.0000 7.0000 -6.0000
v -2.0000 8.0000 -6.0000
v -2.0000 9.0000 -6.0000
v -2.0000 10.0000 -6.0000
v -2.0000 11.0000 -6.0000
v -2.0000 12.0000 -6.0000
v -2.0000 13.0000 -6.0000
v -1.0000 16.0000 -6.0000
v -2.0000 -8.0000 -6.0000
v -2.0000 -8.0000 -7.0000
v -1.0000 -8.0000 -7.0000
v -1.0000 -8.0000 -6.0000
v -1.0000 -7.0000 -6.0000
v -2.0000 -7.0000 -6.0000
v -2.0000 -7.0000 -7.0000
v -2.0000 -6.0000 -6.0000
v -1.0000 -6.0000 -6.0000
v -1.0000 -6.0000 -7.0000
v -2.0000 -6.0000 -7.0000
v -1.0000 -2.0000 -7.0000
v -2.0000 5.0000 -7.0000
v -2.0000 6.0000 -7.0000
v -2.0000 7.0000 -7.0000
v -2.0000 8.0000 -7.0000
v -2.0000 9.0000 -7.0000
v -2.0000 10.0000 -7.0000
v -2.0000 11.0000 -7.0000
v -2.0000 12.0000 -7.0000
v -2.0000 13.0000 -7.0000
v -1.0000 16.0000 -7.0000
v -1.0000 -16.0000 -8.0000
v -1.0000 -16.0000 -7.0000
v -1.0000 -15.0000 -7.0000
v -1.0000 -14.0000 -7.0000
v -1.0000 -13.0000 -7.0000
v -1.0000 -12.0000 -7.0000
v -1.0000 -11.0000 -7.0000
v -1.0000 -10.0000 -7.0000
v -2.0000 -10.0000 -7.0000
v -2.0000 -10.0000 -8.0000
v -1.0000 -9.0000 -7.0000
v -2.0000 -9.0000 -7.0000
v -2.0000 -9.0000 -8.0000
v -2.0000 -8.0000 -8.0000
v -2.0000 -7.0000 -8.0000
v -1.0000 -6.0000 -8.0000
v -2.0000 -6.0000 -8.0000
v -1.0000 -2.0000 -8.0000
v -2.0000 5.0000 -8.0000
v -2.0000 6.0000 -8.0000
v -2.0000 7.0000 -8.0000
v -2.0000 8.0000 -8.0000
v -2.0000 9.0000 -8.0000
v -2.0000 10.0000 -8.0000
v -2.0000 11.0000 -8.0000
v -2.0000 12.0000 -8.0000
v -2.0000 13.0000 -8.0000
v -1.0000 16.0000 -8.0000
v -1.0000 -16.0000 -9.0000
v -2.0000 -10.0000 -9.0000
v -2.0000 -9.0000 -9.0000
v -2.0000 -8.0000 -9.0000
v -2.0000 -7.0000 -9.0000
v -1.0000 -6.0000 -9.0000
v -2.0000 -6.0000 -9.0000
v -1.0000 -2.0000 -9.0000
v -2.0000 5.0000 -9.0000
v -2.0000 6.0000 -9.0000
v -2.0000 7.0000 -9.0000
v -2.0000 8.0000 -9.0000
v -2.0000 9.0000 -9.0000
v -2.0000 10.0000 -9.0000
v -2.0000 11.0000 -9.0000
v -2.0000 12.0000 -9.0000
v -2.0000 13.0000 -9.0000
v -1.0000 16.0000 -9.0000
v -1.0000 -16.0000 -10.0000
v -2.0000 -10.0000 -10.0000
v -2.0000 -9.0000 -10.0000
v -2.0000 -8.0000 -10.0000
v -2.0000 -7.0000 -10.0000
v -1.0000 -6.0000 -10.0000
v -2.0000 -6.0000 -10.0000
v -1.0000 -2.0000 -10.0000
v -2.0000 5.0000 -10.0000
v -2.0000 6.0000 -10.0000
v -2.0000 7.0000 -10.0000
v -2.0000 8.0000 -10.0000
v -2.0000 9.0000 -10.0000
v -2.0000 10.0000 -10.0000
v -2.0000 11.0000 -10.0000
v -2.0000 12.0000 -10.0000
v -2.0000 13.0000 -10.0000
v -1.0000 16.0000 -10.0000
v -1.0000 -16.0000 -11.0000
v -2.0000 -10.0000 -11.0000
v -2.0000 -9.0000 -11.0000
v -2.0000 -8.0000 -11.0000
v -2.0000 -7.0000 -11.0000
v -1.0000 -6.0000 -11.0000
v -2.0000 -6.0000 -11.0000
v -1.0000 -2.0000 -11.0000
v -2.0000 5.0000 -11.0000
v -2.0000 6.0000 -11.0000
v -2.0000 7.0000 -11.0000
v -2.0000 8.0000 -11.0000
v -2.0000 9.0000 -11.0000
v -2.0000 10.0000 -11.0000
v -2.0000 11.0000 -11.0000
v -2.0000 12.0000 -11.0000
v -2.0000 13.0000 -11.0000
v -1.0000 16.0000 -11.0000
v -1.0000 -16.0000 -12.0000
v -2.0000 -10.0000 -12.0000
v -2.0000 -9.0000 -12.0000
v -2.0000 -8.0000 -12.0000
v -2.0000 -7.0000 -12.0000
v -1.0000 -7.0000 -12.0000
v -1.0000 -8.0000 -12.0000
v -1.0000 -6.0000 -12.0000
v -2.0000 -6.0000 -12.0000
v -1.0000 -2.0000 -12.0000
v -1.0000 -1.0000 -12.0000
v -2.0000 5.0000 -12.0000
v -2.0000 6.0000 -12.0000
v -2.0000 7.0000 -12.0000
v -2.0000 8.0000 -12.0000
v -2.0000 9.0000 -12.0000
v -2.0000 10.0000 -12.0000
v -2.0000 11.0000 -12.0000
v -2.0000 12.0000 -12.0000
v -2.0000 13.0000 -12.0000
v -1.0000 16.0000 -12.0000
v -1.0000 -16.0000 -13.0000
v -2.0000 -10.0000 -13.0000
v -2.0000 -9.0000 -13.0000
v -1.0000 -9.0000 -13.0000
v -1.0000 -10.0000 -13.0000
v -1.0000 -8.0000 -13.0000
v -2.0000 -8.0000 -13.0000
v -1.0000 -1.0000 -13.0000
v -2.0000 5.0000 -13.0000
v -2.0000 6.0000 -13.0000
v -2.0000 7.0000 -13.0000
v -2.0000 8.0000 -13.0000
v -2.0000 9.0000 -13.0000
v -2.0000 10.0000 -13.0000
v -2.0000 11.0000 -13.0000
v -2.0000 12.0000 -13.0000
v -2.0000 13.0000 -13.0000
v -1.0000 16.0000 -13.0000
v -1.0000 -16.0000 -14.0000
v -1.0000 -11.0000 -14.0000
v -1.0000 -12.0000 -14.0000
v -1.0000 -10.0000 -14.0000
v -2.0000 -10.0000 -14.0000
v -1.0000 -1.0000 -14.0000
v -2.0000 5.0000 -14.0000
v -2.0000 6.0000 -14.0000
v -2.0000 7.0000 -14.0000
v -2.0000 8.0000 -14.0000
v -2.0000 9.0000 -14.0000
v -2.0000 10.0000 -14.0000
v -2.0000 11.0000 -14.0000
v -2.0000 12.0000 -14.0000
v -2.0000 13.0000 -14.0000
v -1.0000 16.0000 -14.0000
v -1.0000 -16.0000 -15.0000
v -1.0000 -13.0000 -15.0000
v -1.0000 -14.0000 -15.0000
v -1.0000 -12.0000 -15.0000
v -1.0000 -1.0000 -15.0000
v -1.0000 1.0000 -15.0000
v -1.0000 0.0000 -15.0000
v -1.0000 16.0000 -15.0000
v -1.0000 -16.0000 -16.0000
v -1.0000 -15.0000 -16.0000
v -1.0000 -14.0000 -16.0000
v -1.0000 0.0000 -16.0000
v -1.0000 -1.0000 -16.0000
v -1.0000 1.0000 -16.0000
v -1.0000 2.0000 -16.0000
v -1.0000 3.0000 -16.0000
v -1.0000 4.0000 -16.0000
v -1.0000 5.0000 -16.0000
v -1.0000 6.0000 -16.0000
v -1.0000 7.0000 -16.0000
v -1.0000 8.0000 -16.0000
v -1.0000 9.0000 -16.0000
v -1.0000 10.0000 -16.0000
v -1.0000 11.0000 -16.0000
v -1.0000 12.0000 -16.0000
v -1.0000 13.0000 -16.0000
v -1.0000 14.0000 -16.0000
v -1.0000 15.0000 -16.0000
v -1.0000 16.0000 -16.0000
v 0.0000 -1.0000 16.0000
v 0.0000 -1.0000 15.0000
v 0.0000 -2.0000 15.0000
v 0.0000 -2.0000 16.0000
v 0.0000 0.0000 15.0000
v 0.0000 0.0000 16.0000
v 0.0000 1.0000 16.0000
v 0.0000 2.0000 16.0000
v 0.0000 2.0000 15.0000
v 0.0000 -2.0000 14.0000
v 0.0000 3.0000 15.0000
v 0.0000 3.0000 14.0000
v 0.0000 4.0000 14.0000
v 0.0000 4.0000 15.0000
v 0.0000 5.0000 15.0000
v 0.0000 5.0000 14.0000
v 0.0000 6.0000 15.0000
v 0.0000 6.0000 14.0000
v 0.0000 7.0000 15.0000
v 0.0000 7.0000 14.0000
v 0.0000 8.0000 15.0000
v 0.0000 9.0000 15.0000
v 0.0000 10.0000 15.0000
v 0.0000 11.0000 15.0000
v 0.0000 10.0000 14.0000
v 0.0000 11.0000 14.0000
v 0.0000 12.0000 15.0000
v 0.0000 12.0000 14.0000
v 0.0000 13.0000 15.0000
v 0.0000 13.0000 14.0000
v 0.0000 14.0000 15.0000
v 0.0000 14.0000 14.0000
v 0.0000 15.0000 15.0000
v 0.0000 15.0000 14.0000
v 0.0000 16.0000 15.0000
v 0.0000 16.0000 14.0000
v 0.0000 -2.0000 13.0000
v 0.0000 -1.0000 13.0000
v 0.0000 16.0000 13.0000
v 0.0000 -1.0000 12.0000
v 0.0000 16.0000 12.0000
v 0.0000 -16.0000 11.0000
v 0.0000 -16.0000 12.0000
v 0.0000 -15.0000 12.0000
v 0.0000 -14.0000 12.0000
v 0.0000 -13.0000 12.0000
v 0.0000 -13.0000 11.0000
v 0.0000 -1.0000 11.0000
v 0.0000 16.0000 11.0000
v 0.0000 -16.0000 10.0000
v 0.0000 -12.0000 11.0000
v 0.0000 -11.0000 11.0000
v 0.0000 -10.0000 11.0000
v 0.0000 -9.0000 11.0000
v 0.0000 -8.0000 11.0000
v 0.0000 -7.0000 11.0000
v 0.0000 -6.0000 11.0000
v 0.0000 -5.0000 11.0000
v 0.0000 -4.0000 11.0000
v 0.0000 -3.0000 11.0000
v -1.0000 -3.0000 11.0000
v -1.0000 -3.0000 10.0000
v 0.0000 -2.0000 11.0000
v 0.0000 16.0000 10.0000
v 0.0000 -16.0000 9.0000
v -1.0000 -5.0000 9.0000
v -1.0000 -4.0000 9.0000
v -1.0000 -3.0000 9.0000
v 0.0000 16.0000 9.0000
v 0.0000 -16.0000 8.0000
v -1.0000 -5.0000 8.0000
v -1.0000 -4.0000 8.0000
v -1.0000 -3.0000 8.0000
v 0.0000 16.0000 8.0000
v 0.0000 -16.0000 7.0000
v -1.0000 -5.0000 7.0000
v -1.0000 -4.0000 7.0000
v -1.0000 -3.0000 7.0000
v 0.0000 16.0000 7.0000
v 0.0000 -16.0000 6.0000
v -1.0000 -5.0000 6.0000
v -1.0000 -4.0000 6.0000
v -1.0000 -3.0000 6.0000
v 0.0000 16.0000 6.0000
v 0.0000 -16.0000 5.0000
v 0.0000 -15.0000 5.0000
v 0.0000 -14.0000 5.0000
v 0.0000 -13.0000 5.0000
v 0.0000 -12.0000 5.0000
v 0.0000 -11.0000 5.0000
v 0.0000 -10.0000 5.0000
v 0.0000 -9.0000 5.0000
v 0.0000 -8.0000 5.0000
v 0.0000 -7.0000 5.0000
v 0.0000 -6.0000 5.0000
v -1.0000 -5.0000 5.0000
v -1.0000 -4.0000 5.0000
v -1.0000 -3.0000 5.0000
v 0.0000 16.0000 5.0000
v -1.0000 -6.0000 4.0000
v 0.0000 -6.0000 4.0000
v -1.0000 -5.0000 4.0000
v -1.0000 -4.0000 4.0000
v -1.0000 -3.0000 4.0000
v 0.0000 16.0000 4.0000
v -1.0000 -6.0000 3.0000
v 0.0000 -6.0000 3.0000
v -1.0000 -5.0000 3.0000
v -1.0000 -4.0000 3.0000
v -1.0000 -3.0000 3.0000
v 0.0000 9.0000 3.0000
v 0.0000 8.0000 3.0000
v 0.0000 10.0000 3.0000
v 0.0000 11.0000 3.0000
v 0.0000 12.0000 3.0000
v 0.0000 13.0000 3.0000
v 0.0000 14.0000 3.0000
v 0.0000 15.0000 3.0000
v 0.0000 16.0000 3.0000
v -1.0000 -6.0000 2.0000
v 0.0000 -6.0000 2.0000
v -1.0000 -5.0000 2.0000
v -1.0000 -4.0000 2.0000
v -1.0000 -3.0000 2.0000
v 0.0000 8.0000 2.0000
v -1.0000 -6.0000 1.0000
v 0.0000 -6.0000 1.0000
v -1.0000 -5.0000 1.0000
v -1.0000 -4.0000 1.0000
v -1.0000 -3.0000 1.0000
v 0.0000 8.0000 1.0000
v -1.0000 -6.0000 -0.0000
v 0.0000 -6.0000 -0.0000
v -1.0000 -5.0000 -0.0000
v -1.0000 -4.0000 -0.0000
v -1.0000 -3.0000 -0.0000
v 0.0000 8.0000 -0.0000
v -1.0000 -6.0000 -1.0000
v 0.0000 -6.0000 -1.0000
v -1.0000 -5.0000 -1.0000
v -1.0000 -4.0000 -1.0000
v -1.0000 -3.0000 -1.0000
v 0.0000 8.0000 -1.0000
v -1.0000 -6.0000 -2.0000
v 0.0000 -6.0000 -2.0000
v -1.0000 -5.0000 -2.0000
v -1.0000 -4.0000 -2.0000
v -1.0000 -3.0000 -2.0000
v 0.0000 8.0000 -2.0000
v -1.0000 -6.0000 -3.0000
v 0.0000 -6.0000 -3.0000
v -1.0000 -5.0000 -3.0000
v -1.0000 -4.0000 -3.0000
v -1.0000 -3.0000 -3.0000
v 0.0000 8.0000 -3.0000
v -1.0000 -6.0000 -4.0000
v 0.0000 -6.0000 -4.0000
v -1.0000 -5.0000 -4.0000
v -1.0000 -4.0000 -4.0000
v -1.0000 -3.0000 -4.0000
v 0.0000 9.0000 -3.0000
v 0.0000 10.0000 -3.0000
v 0.0000 11.0000 -3.0000
v 0.0000 10.0000 -4.0000
v 0.0000 11.0000 -4.0000
v 0.0000 12.0000 -3.0000
v 0.0000 12.0000 -4.0000
v 0.0000 13.0000 -3.0000
v 0.0000 13.0000 -4.0000
v 0.0000 14.0000 -3.0000
v 0.0000 14.0000 -4.0000
v 0.0000 15.0000 -3.0000
v 0.0000 15.0000 -4.0000
v 0.0000 16.0000 -3.0000
v 0.0000 16.0000 -4.0000
v -1.0000 -6.0000 -5.0000
v 0.0000 -6.0000 -5.0000
v -1.0000 -5.0000 -5.0000
v -1.0000 -4.0000 -5.0000
v -1.0000 -3.0000 -5.0000
v 0.0000 10.0000 -5.0000
v 0.0000 11.0000 -5.0000
v 0.0000 12.0000 -5.0000
v 0.0000 13.0000 -5.0000
v 0.0000 14.0000 -5.0000
v 0.0000 15.0000 -5.0000
v 0.0000 16.0000 -5.0000
v 0.0000 -6.0000 -6.0000
v -1.0000 -5.0000 -6.0000
v -1.0000 -4.0000 -6.0000
v -1.0000 -3.0000 -6.0000
v 0.0000 10.0000 -6.0000
v 0.0000 11.0000 -6.0000
v 0.0000 12.0000 -6.0000
v 0.0000 13.0000 -6.0000
v 0.0000 14.0000 -6.0000
v 0.0000 15.0000 -6.0000
v 0.0000 16.0000 -6.0000
v 0.0000 -8.0000 -7.0000
v 0.0000 -8.0000 -6.0000
v 0.0000 -7.0000 -6.0000
v -1.0000 -5.0000 -7.0000
v -1.0000 -4.0000 -7.0000
v -1.0000 -3.0000 -7.0000
v 0.0000 10.0000 -7.0000
v 0.0000 11.0000 -7.0000
v 0.0000 12.0000 -7.0000
v 0.0000 13.0000 -7.0000
v 0.0000 14.0000 -7.0000
v 0.0000 15.0000 -7.0000
v 0.0000 16.0000 -7.0000
v 0.0000 -16.0000 -8.0000
v 0.0000 -16.0000 -7.0000
v 0.0000 -15.0000 -7.0000
v 0.0000 -14.0000 -7.0000
v 0.0000 -13.0000 -7.0000
v 0.0000 -12.0000 -7.0000
v 0.0000 -11.0000 -7.0000
v 0.0000 -10.0000 -7.0000
v 0.0000 -9.0000 -7.0000
v -1.0000 -5.0000 -8.0000
v -1.0000 -4.0000 -8.0000
v -1.0000 -3.0000 -8.0000
v 0.0000 10.0000 -8.0000
v 0.0000 11.0000 -8.0000
v 0.0000 12.0000 -8.0000
v 0.0000 13.0000 -8.0000
v 0.0000 14.0000 -8.0000
v 0.0000 15.0000 -8.0000
v 0.0000 16.0000 -8.0000
v 0.0000 -16.0000 -9.0000
v -1.0000 -5.0000 -9.0000
v -1.0000 -4.0000 -9.0000
v -1.0000 -3.0000 -9.0000
v 0.0000 10.0000 -9.0000
v 0.0000 11.0000 -9.0000
v 0.0000 12.0000 -9.0000
v 0.0000 13.0000 -9.0000
v 0.0000 14.0000 -9.0000
v 0.0000 15.0000 -9.0000
v 0.0000 16.0000 -9.0000
v 0.0000 -16.0000 -10.0000
v -1.0000 -5.0000 -10.0000
v -1.0000 -4.0000 -10.0000
v -1.0000 -3.0000 -10.0000
v 0.0000 10.0000 -10.0000
v 0.0000 11.0000 -10.0000
v 0.0000 12.0000 -10.0000
v 0.0000 13.0000 -10.0000
v 0.0000 14.0000 -10.0000
v 0.0000 15.0000 -10.0000
v 0.0000 16.0000 -10.0000
v 0.0000 -16.0000 -11.0000
v -1.0000 -5.0000 -11.0000
v -1.0000 -4.0000 -11.0000
v -1.0000 -3.0000 -11.0000
v 0.0000 10.0000 -11.0000
v 0.0000 11.0000 -11.0000
v 0.0000 12.0000 -11.0000
v 0.0000 13.0000 -11.0000
v 0.0000 14.0000 -11.0000
v 0.0000 15.0000 -11.0000
v 0.0000 16.0000 -11.0000
v 0.0000 -16.0000 -12.0000
v 0.0000 -7.0000 -12.0000
v 0.0000 -8.0000 -12.0000
v 0.0000 -6.0000 -12.0000
v -1.0000 -5.0000 -12.0000
v 0.0000 -5.0000 -12.0000
v -1.0000 -4.0000 -12.0000
v 0.0000 -4.0000 -12.0000
v -1.0000 -3.0000 -12.0000
v 0.0000 -3.0000 -12.0000
v 0.0000 -2.0000 -12.0000
v 0.0000 -1.0000 -12.0000
v 0.0000 10.0000 -12.0000
v 0.0000 11.0000 -12.0000
v 0.0000 12.0000 -12.0000
v 0.0000 13.0000 -12.0000
v 0.0000 14.0000 -12.0000
v 0.0000 15.0000 -12.0000
v 0.0000 16.0000 -12.0000
v 0.0000 -16.0000 -13.0000
v 0.0000 -9.0000 -13.0000
v 0.0000 -10.0000 -13.0000
v 0.0000 -8.0000 -13.0000
v 0.0000 -1.0000 -13.0000
v 0.0000 10.0000 -13.0000
v 0.0000 11.0000 -13.0000
v 0.0000 12.0000 -13.0000
v 0.0000 13.0000 -13.0000
v 0.0000 14.0000 -13.0000
v 0.0000 15.0000 -13.0000
v 0.0000 16.0000 -13.0000
v 0.0000 -16.0000 -14.0000
v 0.0000 -11.0000 -14.0000
v 0.0000 -12.0000 -14.0000
v 0.0000 -10.0000 -14.0000
v 0.0000 -1.0000 -14.0000
v 0.0000 10.0000 -14.0000
v 0.0000 11.0000 -14.0000
v 0.0000 12.0000 -14.0000
v 0.0000 13.0000 -14.0000
v 0.0000 14.0000 -14.0000
v 0.0000 15.0000 -14.0000
v 0.0000 16.0000 -14.0000
v 0.0000 -16.0000 -15.0000
v 0.0000 -13.0000 -15.0000
v 0.0000 -14.0000 -15.0000
v 0.0000 -12.0000 -15.0000
v 0.0000 -1.0000 -15.0000
v 0.0000 1.0000 -15.0000
v 0.0000 0.0000 -15.0000
v 0.0000 10.0000 -15.0000
v 0.0000 11.0000 -15.0000
v 0.0000 12.0000 -15.0000
v 0.0000 13.0000 -15.0000
v 0.0000 14.0000 -15.0000
v 0.0000 15.0000 -15.0000
v 0.0000 16.0000 -15.0000
v 0.0000 -16.0000 -16.0000
v 0.0000 -15.0000 -16.0000
v 0.0000 -14.0000 -16.0000
v 0.0000 0.0000 -16.0000
v 0.0000 -1.0000 -16.0000
v 0.0000 1.0000 -16.0000
v 0.0000 2.0000 -16.0000
v 0.0000 3.0000 -16.0000
v 0.0000 4.0000 -16.0000
v 0.0000 5.0000 -16.0000
v 0.0000 6.0000 -16.0000
v 0.0000 7.0000 -16.0000
v 0.0000 8.0000 -16.0000
v 0.0000 9.0000 -16.0000
v 0.0000 10.0000 -16.0000
v 0.0000 11.0000 -16.0000
v 0.0000 12.0000 -16.0000
v 0.0000 13.0000 -16.0000
v 0.0000 14.0000 -16.0000
v 0.0000 15.0000 -16.0000
v 0.0000 16.0000 -16.0000
v 0.0000 -15.0000 16.0000
v 1.0000 -15.0000 16.0000
v 1.0000 -15.0000 15.0000
v 0.0000 -15.0000 15.0000
v 0.0000 -16.0000 16.0000
v 0.0000 -16.0000 15.0000
v 1.0000 -16.0000 15.0000
v 1.0000 -16.0000 16.0000
v 1.0000 -1.0000 16.0000
v 1.0000 -1.0000 15.0000
v 1.0000 -2.0000 15.0000
v 1.0000 -2.0000 16.0000
v 1.0000 0.0000 15.0000
v 1.0000 0.0000 16.0000
v 1.0000 1.0000 16.0000
v 1.0000 2.0000 16.0000
v 1.0000 2.0000 15.0000
v 0.0000 7.0000 16.0000
v 1.0000 7.0000 15.0000
v 1.0000 7.0000 16.0000
v 1.0000 8.0000 16.0000
v 0.0000 8.0000 16.0000
v 1.0000 9.0000 16.0000
v 0.0000 9.0000 16.0000
v 0.0000 10.0000 16.0000
v 1.0000 10.0000 16.0000
v 1.0000 10.0000 15.0000
v 1.0000 -15.0000 14.0000
v 0.0000 -15.0000 14.0000
v 0.0000 -16.0000 14.0000
v 1.0000 -16.0000 14.0000
v 1.0000 -2.0000 14.0000
v 1.0000 3.0000 15.0000
v 1.0000 3.0000 14.0000
v 1.0000 7.0000 14.0000
v 1.0000 10.0000 14.0000
v 0.0000 -16.0000 13.0000
v 1.0000 -16.0000 13.0000
v 0.0000 -15.0000 13.0000
v 0.0000 -14.0000 14.0000
v 1.0000 -14.0000 14.0000
v 1.0000 -14.0000 13.0000
v 0.0000 -14.0000 13.0000
v 1.0000 -2.0000 13.0000
v 1.0000 -1.0000 13.0000
v 1.0000 4.0000 14.0000
v 1.0000 5.0000 14.0000
v 1.0000 6.0000 14.0000
v 1.0000 11.0000 14.0000
v 1.0000 10.0000 13.0000
v 1.0000 11.0000 13.0000
v 1.0000 12.0000 14.0000
v 1.0000 12.0000 13.0000
v 1.0000 13.0000 14.0000
v 1.0000 13.0000 13.0000
v 1.0000 14.0000 14.0000
v 1.0000 14.0000 13.0000
v 1.0000 15.0000 14.0000
v 1.0000 15.0000 13.0000
v 1.0000 16.0000 14.0000
v 1.0000 16.0000 13.0000
v 1.0000 -16.0000 12.0000
v 0.0000 -13.0000 13.0000
v 1.0000 -13.0000 13.0000
v 1.0000 -13.0000 12.0000
v 1.0000 -1.0000 12.0000
v 1.0000 10.0000 12.0000
v 1.0000 11.0000 12.0000
v 1.0000 12.0000 12.0000
v 1.0000 13.0000 12.0000
v 1.0000 14.0000 12.0000
v 1.0000 15.0000 12.0000
v 1.0000 16.0000 12.0000
v 1.0000 -16.0000 11.0000
v 1.0000 -13.0000 11.0000
v 1.0000 -1.0000 11.0000
v 1.0000 10.0000 11.0000
v 1.0000 11.0000 11.0000
v 1.0000 12.0000 11.0000
v 1.0000 13.0000 11.0000
v 1.0000 14.0000 11.0000
v 1.0000 15.0000 11.0000
v 1.0000 16.0000 11.0000
v 1.0000 -16.0000 10.0000
v 1.0000 -12.0000 11.0000
v 1.0000 -11.0000 11.0000
v 1.0000 -10.0000 11.0000
v 1.0000 -9.0000 11.0000
v 1.0000 -8.0000 11.0000
v 1.0000 -7.0000 11.0000
v 1.0000 -6.0000 11.0000
v 1.0000 -5.0000 11.0000
v 1.0000 -4.0000 11.0000
v 1.0000 -3.0000 11.0000
v 1.0000 -2.0000 11.0000
v 1.0000 10.0000 10.0000
v 1.0000 11.0000 10.0000
v 1.0000 12.0000 10.0000
v 1.0000 13.0000 10.0000
v 1.0000 14.0000 10.0000
v 1.0000 15.0000 10.0000
v 1.0000 16.0000 10.0000
v 1.0000 -16.0000 9.0000
v 1.0000 10.0000 9.0000
v 1.0000 11.0000 9.0000
v 1.0000 12.0000 9.0000
v 1.0000 13.0000 9.0000
v 1.0000 14.0000 9.0000
v 1.0000 15.0000 9.0000
v 1.0000 16.0000 9.0000
v 1.0000 -16.0000 8.0000
v 1.0000 10.0000 8.0000
v 1.0000 11.0000 8.0000
v 1.0000 12.0000 8.0000
v 1.0000 13.0000 8.0000
v 1.0000 14.0000 8.0000
v 1.0000 15.0000 8.0000
v 1.0000 16.0000 8.0000
v 1.0000 -16.0000 7.0000
v 1.0000 10.0000 7.0000
v 1.0000 11.0000 7.0000
v 1.0000 12.0000 7.0000
v 1.0000 13.0000 7.0000
v 1.0000 14.0000 7.0000
v 1.0000 15.0000 7.0000
v 1.0000 16.0000 7.0000
v 1.0000 -16.0000 6.0000
v 1.0000 10.0000 6.0000
v 1.0000 11.0000 6.0000
v 1.0000 12.0000 6.0000
v 1.0000 13.0000 6.0000
v 1.0000 14.0000 6.0000
v 1.0000 15.0000 6.0000
v 1.0000 16.0000 6.0000
v 1.0000 -16.0000 5.0000
v 1.0000 -12.0000 5.0000
v 1.0000 -13.0000 5.0000
v 1.0000 -11.0000 5.0000
v 1.0000 -10.0000 5.0000
v 1.0000 -9.0000 5.0000
v 1.0000 -8.0000 5.0000
v 1.0000 -7.0000 5.0000
v 1.0000 10.0000 5.0000
v 1.0000 11.0000 5.0000
v 1.0000 12.0000 5.0000
v 1.0000 13.0000 5.0000
v 1.0000 14.0000 5.0000
v 1.0000 15.0000 5.0000
v 1.0000 16.0000 5.0000
v 0.0000 -16.0000 4.0000
v 1.0000 -16.0000 4.0000
v 0.0000 -15.0000 4.0000
v 0.0000 -14.0000 4.0000
v 1.0000 -14.0000 4.0000
v 1.0000 -15.0000 4.0000
v 1.0000 -13.0000 4.0000
v 0.0000 -13.0000 4.0000
v 0.0000 -7.0000 4.0000
v 1.0000 -7.0000 4.0000
v 1.0000 10.0000 4.0000
v 1.0000 11.0000 4.0000
v 1.0000 12.0000 4.0000
v 1.0000 13.0000 4.0000
v 1.0000 14.0000 4.0000
v 1.0000 15.0000 4.0000
v 1.0000 16.0000 4.0000
v 1.0000 -15.0000 3.0000
v 0.0000 -15.0000 3.0000
v 0.0000 -16.0000 3.0000
v 1.0000 -16.0000 3.0000
v 0.0000 -7.0000 3.0000
v 1.0000 -7.0000 3.0000
v 1.0000 9.0000 3.0000
v 1.0000 8.0000 3.0000
v 1.0000 10.0000 3.0000
v 1.0000 11.0000 3.0000
v 1.0000 12.0000 3.0000
v 1.0000 13.0000 3.0000
v 1.0000 14.0000 3.0000
v 1.0000 15.0000 3.0000
v 1.0000 16.0000 3.0000
v 0.0000 -7.0000 2.0000
v 1.0000 -7.0000 2.0000
v 1.0000 8.0000 2.0000
v 0.0000 -7.0000 1.0000
v 1.0000 -7.0000 1.0000
v 1.0000 -6.0000 1.0000
v 1.0000 8.0000 1.0000
v 1.0000 -6.0000 -0.0000
v 1.0000 8.0000 -0.0000
v 1.0000 -6.0000 -1.0000
v 1.0000 8.0000 -1.0000
v 1.0000 -6.0000 -2.0000
v 1.0000 8.0000 -2.0000
v 1.0000 -6.0000 -3.0000
v 1.0000 8.0000 -3.0000
v 1.0000 -6.0000 -4.0000
v 1.0000 9.0000 -3.0000
v 1.0000 10.0000 -3.0000
v 1.0000 10.0000 -4.0000
v 1.0000 -6.0000 -5.0000
v 1.0000 10.0000 -5.0000
v 1.0000 -6.0000 -6.0000
v 1.0000 10.0000 -6.0000
v 1.0000 -8.0000 -7.0000
v 1.0000 -8.0000 -6.0000
v 1.0000 -7.0000 -6.0000
v 1.0000 10.0000 -7.0000
v 1.0000 -16.0000 -8.0000
v 1.0000 -16.0000 -7.0000
v 1.0000 -15.0000 -7.0000
v 1.0000 -14.0000 -7.0000
v 1.0000 -13.0000 -7.0000
v 1.0000 -12.0000 -7.0000
v 1.0000 -11.0000 -7.0000
v 1.0000 -10.0000 -7.0000
v 1.0000 -9.0000 -7.0000
v 1.0000 10.0000 -8.0000
v 1.0000 -16.0000 -9.0000
v 1.0000 10.0000 -9.0000
v 1.0000 -16.0000 -10.0000
v 1.0000 10.0000 -10.0000
v 1.0000 -16.0000 -11.0000
v 1.0000 10.0000 -11.0000
v 1.0000 -16.0000 -12.0000
v 1.0000 -7.0000 -12.0000
v 1.0000 -8.0000 -12.0000
v 1.0000 -6.0000 -12.0000
v 1.0000 -5.0000 -12.0000
v 1.0000 -4.0000 -12.0000
v 1.0000 -3.0000 -12.0000
v 1.0000 -2.0000 -12.0000
v 1.0000 -1.0000 -12.0000
v 1.0000 10.0000 -12.0000
v 1.0000 -16.0000 -13.0000
v 1.0000 -9.0000 -13.0000
v 1.0000 -10.0000 -13.0000
v 1.0000 -8.0000 -13.0000
v 1.0000 -1.0000 -13.0000
v 1.0000 10.0000 -13.0000
v 1.0000 -16.0000 -14.0000
v 1.0000 -11.0000 -14.0000
v 1.0000 -12.0000 -14.0000
v 1.0000 -10.0000 -14.0000
v 1.0000 -1.0000 -14.0000
v 1.0000 10.0000 -14.0000
v 1.0000 -16.0000 -15.0000
v 1.0000 -13.0000 -15.0000
v 1.0000 -14.0000 -15.0000
v 1.0000 -12.0000 -15.0000
v 1.0000 -1.0000 -15.0000
v 1.0000 1.0000 -15.0000
v 1.0000 0.0000 -15.0000
v 1.0000 10.0000 -15.0000
v 1.0000 -16.0000 -16.0000
v 1.0000 -15.0000 -16.0000
v 1.0000 -14.0000 -16.0000
v 1.0000 0.0000 -16.0000
v 1.0000 -1.0000 -16.0000
v 1.0000 1.0000 -16.0000
v 1.0000 2.0000 -16.0000
v 1.0000 3.0000 -16.0000
v 1.0000 4.0000 -16.0000
v 1.0000 5.0000 -16.0000
v 1.0000 6.0000 -16.0000
v 1.0000 7.0000 -16.0000
v 1.0000 8.0000 -16.0000
v 1.0000 9.0000 -16.0000
v 1.0000 10.0000 -16.0000
v 2.0000 -15.0000 16.0000
v 2.0000 -15.0000 15.0000
v 2.0000 -16.0000 15.0000
v 2.0000 -16.0000 16.0000
v 2.0000 -1.0000 16.0000
v 2.0000 -1.0000 15.0000
v 2.0000 -2.0000 15.0000
v 2.0000 -2.0000 16.0000
v 2.0000 0.0000 15.0000
v 2.0000 0.0000 16.0000
v 2.0000 1.0000 16.0000
v 2.0000 2.0000 16.0000
v 2.0000 2.0000 15.0000
v 2.0000 7.0000 15.0000
v 2.0000 7.0000 16.0000
v 2.0000 8.0000 16.0000
v 2.0000 9.0000 16.0000
v 2.0000 10.0000 16.0000
v 2.0000 10.0000 15.0000
v 2.0000 -15.0000 14.0000
v 2.0000 -16.0000 14.0000
v 2.0000 -2.0000 14.0000
v 2.0000 3.0000 15.0000
v 2.0000 3.0000 14.0000
v 2.0000 2.0000 14.0000
v 2.0000 7.0000 14.0000
v 2.0000 10.0000 14.0000
v 2.0000 -16.0000 13.0000
v 2.0000 -14.0000 14.0000
v 2.0000 -14.0000 13.0000
v 2.0000 -2.0000 13.0000
v 2.0000 4.0000 14.0000
v 2.0000 5.0000 14.0000
v 2.0000 6.0000 14.0000
v 2.0000 10.0000 13.0000
v 2.0000 -16.0000 12.0000
v 2.0000 -13.0000 13.0000
v 2.0000 -12.0000 13.0000
v 1.0000 -12.0000 13.0000
v 1.0000 -12.0000 12.0000
v 2.0000 -11.0000 13.0000
v 1.0000 -11.0000 13.0000
v 1.0000 -11.0000 12.0000
v 2.0000 -10.0000 13.0000
v 1.0000 -10.0000 13.0000
v 1.0000 -10.0000 12.0000
v 2.0000 -9.0000 13.0000
v 1.0000 -9.0000 13.0000
v 1.0000 -9.0000 12.0000
v 2.0000 -8.0000 13.0000
v 1.0000 -8.0000 13.0000
v 1.0000 -8.0000 12.0000
v 2.0000 -7.0000 13.0000
v 1.0000 -7.0000 13.0000
v 1.0000 -7.0000 12.0000
v 2.0000 -6.0000 13.0000
v 1.0000 -6.0000 13.0000
v 1.0000 -6.0000 12.0000
v 2.0000 -5.0000 13.0000
v 1.0000 -5.0000 13.0000
v 1.0000 -5.0000 12.0000
v 2.0000 -4.0000 13.0000
v 1.0000 -4.0000 13.0000
v 1.0000 -4.0000 12.0000
v 2.0000 -3.0000 13.0000
v 1.0000 -3.0000 13.0000
v 1.0000 -3.0000 12.0000
v 1.0000 -2.0000 12.0000
v 2.0000 10.0000 12.0000
v 2.0000 -16.0000 11.0000
v 2.0000 10.0000 11.0000
v 2.0000 -16.0000 10.0000
v 2.0000 -15.0000 10.0000
v 2.0000 -15.0000 11.0000
v 2.0000 -14.0000 10.0000
v 2.0000 -14.0000 11.0000
v 2.0000 -13.0000 10.0000
v 2.0000 -13.0000 11.0000
v 2.0000 -12.0000 10.0000
v 2.0000 -12.0000 11.0000
v 2.0000 -11.0000 10.0000
v 2.0000 -11.0000 11.0000
v 2.0000 -10.0000 10.0000
v 2.0000 -10.0000 11.0000
v 2.0000 -9.0000 10.0000
v 2.0000 -9.0000 11.0000
v 2.0000 -8.0000 10.0000
v 2.0000 -8.0000 11.0000
v 2.0000 -7.0000 10.0000
v 2.0000 -7.0000 11.0000
v 2.0000 -6.0000 10.0000
v 2.0000 -6.0000 11.0000
v 2.0000 10.0000 10.0000
v 2.0000 -16.0000 9.0000
v 2.0000 -15.0000 9.0000
v 2.0000 -14.0000 9.0000
v 2.0000 -13.0000 9.0000
v 2.0000 -12.0000 9.0000
v 2.0000 -11.0000 9.0000
v 2.0000 -10.0000 9.0000
v 2.0000 -9.0000 9.0000
v 2.0000 -8.0000 9.0000
v 2.0000 -7.0000 9.0000
v 2.0000 -6.0000 9.0000
v 2.0000 10.0000 9.0000
v 2.0000 -16.0000 8.0000
v 2.0000 -15.0000 8.0000
v 2.0000 -14.0000 8.0000
v 2.0000 -13.0000 8.0000
v 2.0000 -12.0000 8.0000
v 2.0000 -11.0000 8.0000
v 2.0000 -10.0000 8.0000
v 2.0000 -9.0000 8.0000
v 2.0000 -8.0000 8.0000
v 2.0000 -7.0000 8.0000
v 2.0000 -6.0000 8.0000
v 2.0000 10.0000 8.0000
v 2.0000 -16.0000 7.0000
v 2.0000 -15.0000 7.0000
v 2.0000 -14.0000 7.0000
v 2.0000 -13.0000 7.0000
v 2.0000 -12.0000 7.0000
v 2.0000 -11.0000 7.0000
v 2.0000 -10.0000 7.0000
v 2.0000 -9.0000 7.0000
v 2.0000 -8.0000 7.0000
v 2.0000 -7.0000 7.0000
v 2.0000 -6.0000 7.0000
v 2.0000 10.0000 7.0000
v 2.0000 -16.0000 6.0000
v 2.0000 -15.0000 6.0000
v 2.0000 -14.0000 6.0000
v 2.0000 -13.0000 6.0000
v 2.0000 -12.0000 6.0000
v 2.0000 -11.0000 6.0000
v 2.0000 -10.0000 6.0000
v 2.0000 -9.0000 6.0000
v 2.0000 -8.0000 6.0000
v 2.0000 -7.0000 6.0000
v 2.0000 -6.0000 6.0000
v 2.0000 10.0000 6.0000
v 2.0000 -16.0000 5.0000
v 2.0000 -15.0000 5.0000
v 2.0000 -14.0000 5.0000
v 2.0000 -13.0000 5.0000
v 2.0000 -12.0000 5.0000
v 2.0000 -11.0000 5.0000
v 2.0000 -10.0000 5.0000
v 2.0000 -9.0000 5.0000
v 2.0000 -8.0000 5.0000
v 2.0000 -7.0000 5.0000
v 2.0000 -6.0000 5.0000
v 2.0000 10.0000 5.0000
v 2.0000 -16.0000 4.0000
v 2.0000 -15.0000 4.0000
v 2.0000 -14.0000 4.0000
v 2.0000 -13.0000 4.0000
v 1.0000 -12.0000 4.0000
v 2.0000 -12.0000 4.0000
v 1.0000 -11.0000 4.0000
v 2.0000 -11.0000 4.0000
v 1.0000 -10.0000 4.0000
v 2.0000 -10.0000 4.0000
v 1.0000 -9.0000 4.0000
v 2.0000 -9.0000 4.0000
v 1.0000 -8.0000 4.0000
v 2.0000 -8.0000 4.0000
v 2.0000 -7.0000 4.0000
v 2.0000 -6.0000 4.0000
v 2.0000 10.0000 4.0000
v 2.0000 -15.0000 3.0000
v 2.0000 -16.0000 3.0000
v 2.0000 -7.0000 3.0000
v 2.0000 -6.0000 3.0000
v 2.0000 9.0000 3.0000
v 2.0000 8.0000 3.0000
v 2.0000 10.0000 3.0000
v 2.0000 -7.0000 2.0000
v 2.0000 -6.0000 2.0000
v 2.0000 8.0000 2.0000
v 2.0000 -7.0000 1.0000
v 2.0000 -6.0000 1.0000
v 2.0000 8.0000 1.0000
v 2.0000 -6.0000 -0.0000
v 2.0000 8.0000 -0.0000
v 2.0000 -6.0000 -1.0000
v 1.0000 9.0000 -0.0000
v 2.0000 9.0000 -0.0000
v 2.0000 9.0000 -1.0000
v 1.0000 9.0000 -1.0000
v 2.0000 8.0000 -1.0000
v 2.0000 -6.0000 -2.0000
v 2.0000 8.0000 -2.0000
v 2.0000 -6.0000 -3.0000
v 2.0000 8.0000 -3.0000
v 2.0000 -6.0000 -4.0000
v 2.0000 9.0000 -3.0000
v 2.0000 10.0000 -3.0000
v 2.0000 10.0000 -4.0000
v 2.0000 -6.0000 -5.0000
v 2.0000 10.0000 -5.0000
v 2.0000 -6.0000 -6.0000
v 2.0000 10.0000 -6.0000
v 1.0000 -13.0000 -6.0000
v 2.0000 -13.0000 -7.0000
v 2.0000 -13.0000 -6.0000
v 2.0000 -12.0000 -6.0000
v 1.0000 -12.0000 -6.0000
v 2.0000 -11.0000 -6.0000
v 1.0000 -11.0000 -6.0000
v 2.0000 -10.0000 -6.0000
v 1.0000 -10.0000 -6.0000
v 2.0000 -9.0000 -6.0000
v 1.0000 -9.0000 -6.0000
v 2.0000 -8.0000 -6.0000
v 2.0000 -7.0000 -6.0000
v 2.0000 10.0000 -7.0000
v 2.0000 -16.0000 -8.0000
v 2.0000 -16.0000 -7.0000
v 2.0000 -15.0000 -7.0000
v 2.0000 -14.0000 -7.0000
v 2.0000 10.0000 -8.0000
v 2.0000 -16.0000 -9.0000
v 2.0000 10.0000 -9.0000
v 2.0000 -16.0000 -10.0000
v 2.0000 10.0000 -10.0000
v 2.0000 -16.0000 -11.0000
v 2.0000 10.0000 -11.0000
v 2.0000 -16.0000 -12.0000
v 2.0000 -7.0000 -12.0000
v 2.0000 -8.0000 -12.0000
v 2.0000 -6.0000 -12.0000
v 2.0000 -5.0000 -12.0000
v 2.0000 -4.0000 -12.0000
v 2.0000 -3.0000 -12.0000
v 2.0000 -2.0000 -12.0000
v 2.0000 -1.0000 -12.0000
v 2.0000 10.0000 -12.0000
v 2.0000 -16.0000 -13.0000
v 2.0000 -9.0000 -13.0000
v 2.0000 -10.0000 -13.0000
v 2.0000 -8.0000 -13.0000
v 2.0000 -1.0000 -13.0000
v 2.0000 10.0000 -13.0000
v 2.0000 -16.0000 -14.0000
v 2.0000 -11.0000 -14.0000
v 2.0000 -12.0000 -14.0000
v 2.0000 -10.0000 -14.0000
v 2.0000 -1.0000 -14.0000
v 2.0000 10.0000 -14.0000
v 2.0000 -16.0000 -15.0000
v 2.0000 -13.0000 -15.0000
v 2.0000 -14.0000 -15.0000
v 2.0000 -12.0000 -15.0000
v 2.0000 -1.0000 -15.0000
v 2.0000 1.0000 -15.0000
v 2.0000 0.0000 -15.0000
v 2.0000 10.0000 -15.0000
v 2.0000 -16.0000 -16.0000
v 2.0000 -15.0000 -16.0000
v 2.0000 -14.0000 -16.0000
v 2.0000 0.0000 -16.0000
v 2.0000 -1.0000 -16.0000
v 2.0000 1.0000 -16.0000
v 2.0000 2.0000 -16.0000
v 2.0000 3.0000 -16.0000
v 2.0000 4.0000 -16.0000
v 2.0000 5.0000 -16.0000
v 2.0000 6.0000 -16.0000
v 2.0000 7.0000 -16.0000
v 2.0000 8.0000 -16.0000
v 2.0000 9.0000 -16.0000
v 2.0000 10.0000 -16.0000
v 3.0000 -15.0000 16.0000
v 3.0000 -15.0000 15.0000
v 3.0000 -16.0000 15.0000
v 3.0000 -16.0000 16.0000
v 3.0000 -1.0000 16.0000
v 3.0000 -1.0000 15.0000
v 3.0000 -2.0000 15.0000
v 3.0000 -2.0000 16.0000
v 3.0000 0.0000 15.0000
v 3.0000 0.0000 16.0000
v 3.0000 1.0000 16.0000
v 3.0000 2.0000 16.0000
v 3.0000 2.0000 15.0000
v 3.0000 7.0000 15.0000
v 3.0000 7.0000 16.0000
v 3.0000 8.0000 16.0000
v 3.0000 8.0000 15.0000
v 3.0000 9.0000 16.0000
v 3.0000 9.0000 15.0000
v 3.0000 10.0000 16.0000
v 3.0000 10.0000 15.0000
v 3.0000 -15.0000 14.0000
v 3.0000 -16.0000 14.0000
v 3.0000 -2.0000 14.0000
v 3.0000 2.0000 14.0000
v 3.0000 7.0000 14.0000
v 3.0000 8.0000 14.0000
v 3.0000 9.0000 14.0000
v 3.0000 10.0000 14.0000
v 3.0000 -16.0000 13.0000
v 3.0000 -14.0000 14.0000
v 3.0000 -13.0000 14.0000
v 2.0000 -13.0000 14.0000
v 3.0000 -12.0000 14.0000
v 2.0000 -12.0000 14.0000
v 3.0000 -11.0000 14.0000
v 2.0000 -11.0000 14.0000
v 3.0000 -10.0000 14.0000
v 2.0000 -10.0000 14.0000
v 3.0000 -9.0000 14.0000
v 2.0000 -9.0000 14.0000
v 3.0000 -8.0000 14.0000
v 2.0000 -8.0000 14.0000
v 3.0000 -7.0000 14.0000
v 2.0000 -7.0000 14.0000
v 3.0000 -6.0000 14.0000
v 2.0000 -6.0000 14.0000
v 3.0000 -5.0000 14.0000
v 2.0000 -5.0000 14.0000
v 3.0000 -4.0000 14.0000
v 2.0000 -4.0000 14.0000
v 3.0000 -3.0000 14.0000
v 2.0000 -3.0000 14.0000
v 3.0000 3.0000 14.0000
v 3.0000 4.0000 14.0000
v 3.0000 5.0000 14.0000
v 3.0000 6.0000 14.0000
v 3.0000 10.0000 13.0000
v 3.0000 -16.0000 12.0000
v 3.0000 10.0000 12.0000
v 3.0000 -16.0000 11.0000
v 3.0000 -15.0000 11.0000
v 3.0000 -14.0000 11.0000
v 3.0000 -13.0000 11.0000
v 3.0000 -12.0000 11.0000
v 3.0000 -11.0000 11.0000
v 3.0000 -10.0000 11.0000
v 3.0000 -9.0000 11.0000
v 3.0000 -8.0000 11.0000
v 3.0000 -7.0000 11.0000
v 3.0000 -6.0000 11.0000
v 3.0000 10.0000 11.0000
v 3.0000 -6.0000 10.0000
v 3.0000 10.0000 10.0000
v 3.0000 -6.0000 9.0000
v 3.0000 10.0000 9.0000
v 3.0000 -6.0000 8.0000
v 3.0000 10.0000 8.0000
v 3.0000 -6.0000 7.0000
v 3.0000 10.0000 7.0000
v 3.0000 -6.0000 6.0000
v 3.0000 10.0000 6.0000
v 3.0000 -6.0000 5.0000
v 3.0000 10.0000 5.0000
v 3.0000 -6.0000 4.0000
v 3.0000 10.0000 4.0000
v 3.0000 -6.0000 3.0000
v 3.0000 10.0000 3.0000
v 3.0000 9.0000 3.0000
v 3.0000 -6.0000 2.0000
v 3.0000 9.0000 2.0000
v 2.0000 9.0000 2.0000
v 3.0000 -6.0000 1.0000
v 3.0000 9.0000 1.0000
v 2.0000 9.0000 1.0000
v 3.0000 -6.0000 -0.0000
v 3.0000 9.0000 -0.0000
v 3.0000 -6.0000 -1.0000
v 3.0000 9.0000 -1.0000
v 3.0000 -6.0000 -2.0000
v 3.0000 9.0000 -2.0000
v 2.0000 9.0000 -2.0000
v 3.0000 -6.0000 -3.0000
v 3.0000 9.0000 -3.0000
v 3.0000 -6.0000 -4.0000
v 3.0000 10.0000 -3.0000
v 3.0000 10.0000 -4.0000
v 3.0000 -6.0000 -5.0000
v 3.0000 10.0000 -5.0000
v 3.0000 -6.0000 -6.0000
v 3.0000 10.0000 -6.0000
v 3.0000 -13.0000 -7.0000
v 3.0000 -13.0000 -6.0000
v 3.0000 -12.0000 -6.0000
v 3.0000 -11.0000 -6.0000
v 3.0000 -10.0000 -6.0000
v 3.0000 -9.0000 -6.0000
v 3.0000 -8.0000 -6.0000
v 3.0000 -7.0000 -6.0000
v 3.0000 10.0000 -7.0000
v 3.0000 -16.0000 -8.0000
v 3.0000 -16.0000 -7.0000
v 3.0000 -15.0000 -7.0000
v 3.0000 -14.0000 -7.0000
v 3.0000 10.0000 -8.0000
v 3.0000 -16.0000 -9.0000
v 3.0000 10.0000 -9.0000
v 3.0000 -16.0000 -10.0000
v 3.0000 10.0000 -10.0000
v 3.0000 -16.0000 -11.0000
v 3.0000 10.0000 -11.0000
v 3.0000 -16.0000 -12.0000
v 3.0000 -7.0000 -12.0000
v 3.0000 -8.0000 -12.0000
v 3.0000 -6.0000 -12.0000
v 3.0000 -5.0000 -12.0000
v 3.0000 -4.0000 -12.0000
v 3.0000 -3.0000 -12.0000
v 3.0000 -2.0000 -12.0000
v 3.0000 -1.0000 -12.0000
v 3.0000 10.0000 -12.0000
v 3.0000 -16.0000 -13.0000
v 3.0000 -9.0000 -13.0000
v 3.0000 -10.0000 -13.0000
v 3.0000 -8.0000 -13.0000
v 3.0000 -1.0000 -13.0000
v 3.0000 10.0000 -13.0000
v 3.0000 -16.0000 -14.0000
v 3.0000 -11.0000 -14.0000
v 3.0000 -12.0000 -14.0000
v 3.0000 -10.0000 -14.0000
v 3.0000 -1.0000 -14.0000
v 3.0000 4.0000 -13.0000
v 3.0000 4.0000 -14.0000
v 3.0000 5.0000 -14.0000
v 3.0000 5.0000 -13.0000
v 3.0000 10.0000 -14.0000
v 3.0000 -16.0000 -15.0000
v 3.0000 -13.0000 -15.0000
v 3.0000 -14.0000 -15.0000
v 3.0000 -12.0000 -15.0000
v 3.0000 -1.0000 -15.0000
v 3.0000 1.0000 -15.0000
v 3.0000 0.0000 -15.0000
v 3.0000 10.0000 -15.0000
v 3.0000 -16.0000 -16.0000
v 3.0000 -15.0000 -16.0000
v 3.0000 -14.0000 -16.0000
v 3.0000 0.0000 -16.0000
v 3.0000 -1.0000 -16.0000
v 3.0000 1.0000 -16.0000
v 3.0000 2.0000 -16.0000
v 3.0000 3.0000 -16.0000
v 3.0000 4.0000 -16.0000
v 3.0000 5.0000 -16.0000
v 3.0000 6.0000 -16.0000
v 3.0000 7.0000 -16.0000
v 3.0000 8.0000 -16.0000
v 3.0000 9.0000 -16.0000
v 3.0000 10.0000 -16.0000
v 4.0000 -15.0000 16.0000
v 4.0000 -15.0000 15.0000
v 4.0000 -16.0000 15.0000
v 4.0000 -16.0000 16.0000
v 4.0000 -1.0000 16.0000
v 4.0000 -1.0000 15.0000
v 4.0000 -2.0000 15.0000
v 4.0000 -2.0000 16.0000
v 4.0000 0.0000 15.0000
v 4.0000 0.0000 16.0000
v 4.0000 1.0000 16.0000
v 4.0000 2.0000 16.0000
v 4.0000 2.0000 15.0000
v 4.0000 -15.0000 14.0000
v 4.0000 -16.0000 14.0000
v 4.0000 -2.0000 14.0000
v 4.0000 2.0000 14.0000
v 4.0000 -16.0000 13.0000
v 4.0000 -14.0000 14.0000
v 4.0000 -13.0000 14.0000
v 4.0000 -12.0000 14.0000
v 4.0000 -11.0000 14.0000
v 4.0000 -10.0000 14.0000
v 4.0000 -9.0000 14.0000
v 4.0000 -8.0000 14.0000
v 4.0000 -7.0000 14.0000
v 4.0000 -6.0000 14.0000
v 4.0000 -5.0000 14.0000
v 4.0000 -4.0000 14.0000
v 4.0000 -3.0000 14.0000
v 4.0000 3.0000 14.0000
v 4.0000 4.0000 14.0000
v 4.0000 5.0000 14.0000
v 4.0000 6.0000 14.0000
v 4.0000 7.0000 14.0000
v 4.0000 8.0000 14.0000
v 4.0000 7.0000 13.0000
v 4.0000 8.0000 13.0000
v 4.0000 9.0000 14.0000
v 4.0000 9.0000 13.0000
v 4.0000 10.0000 14.0000
v 4.0000 10.0000 13.0000
v 4.0000 -16.0000 12.0000
v 4.0000 10.0000 12.0000
v 4.0000 -16.0000 11.0000
v 4.0000 -15.0000 11.0000
v 4.0000 -14.0000 11.0000
v 4.0000 -13.0000 11.0000
v 4.0000 -12.0000 11.0000
v 4.0000 -11.0000 11.0000
v 4.0000 -10.0000 11.0000
v 4.0000 -9.0000 11.0000
v 4.0000 -8.0000 11.0000
v 4.0000 -7.0000 11.0000
v 4.0000 -6.0000 11.0000
v 4.0000 10.0000 11.0000
v 4.0000 -6.0000 10.0000
v 4.0000 10.0000 10.0000
v 4.0000 -6.0000 9.0000
v 4.0000 10.0000 9.0000
v 4.0000 -6.0000 8.0000
v 4.0000 10.0000 8.0000
v 4.0000 -6.0000 7.0000
v 4.0000 10.0000 7.0000
v 4.0000 -6.0000 6.0000
v 4.0000 10.0000 6.0000
v 4.0000 -6.0000 5.0000
v 4.0000 10.0000 5.0000
v 4.0000 -6.0000 4.0000
v 4.0000 10.0000 4.0000
v 4.0000 -6.0000 3.0000
v 4.0000 10.0000 3.0000
v 4.0000 9.0000 3.0000
v 4.0000 -6.0000 2.0000
v 4.0000 9.0000 2.0000
v 4.0000 -6.0000 1.0000
v 4.0000 9.0000 1.0000
v 4.0000 -6.0000 -0.0000
v 4.0000 9.0000 -0.0000
v 4.0000 -6.0000 -1.0000
v 4.0000 9.0000 -1.0000
v 4.0000 -6.0000 -2.0000
v 4.0000 9.0000 -2.0000
v 4.0000 -6.0000 -3.0000
v 3.0000 10.0000 -2.0000
v 4.0000 10.0000 -2.0000
v 4.0000 10.0000 -3.0000
v 4.0000 -6.0000 -4.0000
v 4.0000 10.0000 -4.0000
v 4.0000 -6.0000 -5.0000
v 4.0000 10.0000 -5.0000
v 4.0000 -6.0000 -6.0000
v 4.0000 10.0000 -6.0000
v 4.0000 -13.0000 -7.0000
v 4.0000 -13.0000 -6.0000
v 4.0000 -12.0000 -6.0000
v 4.0000 -12.0000 -7.0000
v 4.0000 -11.0000 -6.0000
v 4.0000 -11.0000 -7.0000
v 4.0000 -10.0000 -6.0000
v 4.0000 -10.0000 -7.0000
v 4.0000 -9.0000 -6.0000
v 4.0000 -9.0000 -7.0000
v 4.0000 -8.0000 -6.0000
v 4.0000 -8.0000 -7.0000
v 4.0000 -7.0000 -6.0000
v 4.0000 10.0000 -7.0000
v 4.0000 -16.0000 -8.0000
v 4.0000 -16.0000 -7.0000
v 4.0000 -15.0000 -7.0000
v 4.0000 -14.0000 -7.0000
v 4.0000 10.0000 -8.0000
v 4.0000 -16.0000 -9.0000
v 4.0000 10.0000 -9.0000
v 4.0000 -16.0000 -10.0000
v 4.0000 10.0000 -10.0000
v 4.0000 -16.0000 -11.0000
v 4.0000 10.0000 -11.0000
v 4.0000 -16.0000 -12.0000
v 4.0000 -7.0000 -12.0000
v 4.0000 -8.0000 -12.0000
v 4.0000 -6.0000 -12.0000
v 4.0000 -5.0000 -12.0000
v 4.0000 -4.0000 -12.0000
v 4.0000 -3.0000 -12.0000
v 4.0000 -2.0000 -12.0000
v 4.0000 -1.0000 -12.0000
v 4.0000 10.0000 -12.0000
v 4.0000 -16.0000 -13.0000
v 4.0000 -9.0000 -13.0000
v 4.0000 -10.0000 -13.0000
v 4.0000 -8.0000 -13.0000
v 4.0000 -1.0000 -13.0000
v 4.0000 5.0000 -13.0000
v 4.0000 4.0000 -13.0000
v 4.0000 10.0000 -13.0000
v 4.0000 -16.0000 -14.0000
v 4.0000 -11.0000 -14.0000
v 4.0000 -12.0000 -14.0000
v 4.0000 -10.0000 -14.0000
v 4.0000 -1.0000 -14.0000
v 4.0000 4.0000 -14.0000
v 4.0000 5.0000 -14.0000
v 4.0000 10.0000 -14.0000
v 4.0000 -16.0000 -15.0000
v 4.0000 -13.0000 -15.0000
v 4.0000 -14.0000 -15.0000
v 4.0000 -12.0000 -15.0000
v 4.0000 -1.0000 -15.0000
v 4.0000 1.0000 -15.0000
v 4.0000 0.0000 -15.0000
v 4.0000 10.0000 -15.0000
v 4.0000 -16.0000 -16.0000
v 4.0000 -15.0000 -16.0000
v 4.0000 -14.0000 -16.0000
v 4.0000 0.0000 -16.0000
v 4.0000 -1.0000 -16.0000
v 4.0000 1.0000 -16.0000
v 4.0000 2.0000 -16.0000
v 4.0000 3.0000 -16.0000
v 4.0000 4.0000 -16.0000
v 4.0000 5.0000 -16.0000
v 4.0000 6.0000 -16.0000
v 4.0000 7.0000 -16.0000
v 4.0000 8.0000 -16.0000
v 4.0000 9.0000 -16.0000
v 4.0000 10.0000 -16.0000
v 5.0000 -15.0000 16.0000
v 5.0000 -15.0000 15.0000
v 5.0000 -16.0000 15.0000
v 5.0000 -16.0000 16.0000
v 4.0000 -5.0000 16.0000
v 4.0000 -5.0000 15.0000
v 5.0000 -5.0000 15.0000
v 5.0000 -5.0000 16.0000
v 5.0000 -4.0000 16.0000
v 4.0000 -4.0000 16.0000
v 4.0000 -4.0000 15.0000
v 5.0000 -3.0000 16.0000
v 4.0000 -3.0000 16.0000
v 4.0000 -3.0000 15.0000
v 5.0000 -2.0000 16.0000
v 5.0000 -1.0000 16.0000
v 5.0000 -1.0000 15.0000
v 5.0000 0.0000 15.0000
v 5.0000 0.0000 16.0000
v 5.0000 1.0000 16.0000
v 5.0000 2.0000 16.0000
v 5.0000 2.0000 15.0000
v 5.0000 -16.0000 14.0000
v 5.0000 -14.0000 15.0000
v 4.0000 -14.0000 15.0000
v 5.0000 -13.0000 15.0000
v 4.0000 -13.0000 15.0000
v 5.0000 -12.0000 15.0000
v 4.0000 -12.0000 15.0000
v 5.0000 -11.0000 15.0000
v 4.0000 -11.0000 15.0000
v 5.0000 -10.0000 15.0000
v 4.0000 -10.0000 15.0000
v 5.0000 -9.0000 15.0000
v 4.0000 -9.0000 15.0000
v 5.0000 -8.0000 15.0000
v 4.0000 -8.0000 15.0000
v 5.0000 -7.0000 15.0000
v 4.0000 -7.0000 15.0000
v 5.0000 -6.0000 15.0000
v 4.0000 -6.0000 15.0000
v 5.0000 2.0000 14.0000
v 5.0000 -16.0000 13.0000
v 5.0000 3.0000 14.0000
v 5.0000 4.0000 14.0000
v 5.0000 5.0000 14.0000
v 5.0000 6.0000 14.0000
v 5.0000 7.0000 14.0000
v 5.0000 7.0000 13.0000
v 5.0000 -16.0000 12.0000
v 5.0000 8.0000 13.0000
v 5.0000 9.0000 13.0000
v 5.0000 10.0000 13.0000
v 5.0000 10.0000 12.0000
v 5.0000 -16.0000 11.0000
v 5.0000 -15.0000 11.0000
v 5.0000 -14.0000 11.0000
v 5.0000 -13.0000 11.0000
v 5.0000 -12.0000 11.0000
v 5.0000 -11.0000 11.0000
v 5.0000 -10.0000 11.0000
v 5.0000 -9.0000 11.0000
v 5.0000 -8.0000 11.0000
v 5.0000 -7.0000 11.0000
v 5.0000 -6.0000 11.0000
v 5.0000 10.0000 11.0000
v 5.0000 -6.0000 10.0000
v 5.0000 10.0000 10.0000
v 5.0000 -6.0000 9.0000
v 5.0000 10.0000 9.0000
v 5.0000 -6.0000 8.0000
v 5.0000 10.0000 8.0000
v 5.0000 -6.0000 7.0000
v 5.0000 10.0000 7.0000
v 5.0000 -6.0000 6.0000
v 5.0000 10.0000 6.0000
v 5.0000 -6.0000 5.0000
v 5.0000 10.0000 5.0000
v 5.0000 -6.0000 4.0000
v 5.0000 10.0000 4.0000
v 5.0000 -6.0000 3.0000
v 5.0000 10.0000 3.0000
v 5.0000 -6.0000 2.0000
v 5.0000 10.0000 2.0000
v 4.0000 10.0000 2.0000
v 5.0000 -6.0000 1.0000
v 5.0000 10.0000 1.0000
v 4.0000 10.0000 1.0000
v 5.0000 -6.0000 -0.0000
v 5.0000 10.0000 -0.0000
v 4.0000 10.0000 -0.0000
v 5.0000 -6.0000 -1.0000
v 5.0000 10.0000 -1.0000
v 4.0000 10.0000 -1.0000
v 5.0000 -6.0000 -2.0000
v 5.0000 10.0000 -2.0000
v 5.0000 -6.0000 -3.0000
v 5.0000 10.0000 -3.0000
v 5.0000 -6.0000 -4.0000
v 5.0000 10.0000 -4.0000
v 5.0000 -6.0000 -5.0000
v 5.0000 10.0000 -5.0000
v 5.0000 -6.0000 -6.0000
v 5.0000 10.0000 -6.0000
v 5.0000 -8.0000 -7.0000
v 5.0000 -8.0000 -6.0000
v 5.0000 -7.0000 -6.0000
v 5.0000 10.0000 -7.0000
v 5.0000 -16.0000 -8.0000
v 5.0000 -16.0000 -7.0000
v 5.0000 -15.0000 -7.0000
v 5.0000 -14.0000 -7.0000
v 5.0000 -13.0000 -7.0000
v 5.0000 -12.0000 -7.0000
v 5.0000 -11.0000 -7.0000
v 5.0000 -10.0000 -7.0000
v 5.0000 -9.0000 -7.0000
v 5.0000 10.0000 -8.0000
v 5.0000 -16.0000 -9.0000
v 5.0000 10.0000 -9.0000
v 5.0000 -16.0000 -10.0000
v 5.0000 10.0000 -10.0000
v 5.0000 -16.0000 -11.0000
v 5.0000 10.0000 -11.0000
v 5.0000 -16.0000 -12.0000
v 5.0000 -7.0000 -12.0000
v 5.0000 -8.0000 -12.0000
v 5.0000 -6.0000 -12.0000
v 5.0000 -5.0000 -12.0000
v 5.0000 -4.0000 -12.0000
v 5.0000 -3.0000 -12.0000
v 5.0000 -2.0000 -12.0000
v 5.0000 -1.0000 -12.0000
v 5.0000 10.0000 -12.0000
v 5.0000 -16.0000 -13.0000
v 5.0000 -9.0000 -13.0000
v 5.0000 -10.0000 -13.0000
v 5.0000 -8.0000 -13.0000
v 5.0000 -1.0000 -13.0000
v 5.0000 10.0000 -13.0000
v 5.0000 -16.0000 -14.0000
v 5.0000 -11.0000 -14.0000
v 5.0000 -12.0000 -14.0000
v 5.0000 -10.0000 -14.0000
v 5.0000 -1.0000 -14.0000
v 5.0000 10.0000 -14.0000
v 5.0000 -16.0000 -15.0000
v 5.0000 -13.0000 -15.0000
v 5.0000 -14.0000 -15.0000
v 5.0000 -12.0000 -15.0000
v 5.0000 -1.0000 -15.0000
v 5.0000 1.0000 -15.0000
v 5.0000 0.0000 -15.0000
v 5.0000 10.0000 -15.0000
v 5.0000 -16.0000 -16.0000
v 5.0000 -15.0000 -16.0000
v 5.0000 -14.0000 -16.0000
v 5.0000 0.0000 -16.0000
v 5.0000 -1.0000 -16.0000
v 5.0000 1.0000 -16.0000
v 5.0000 2.0000 -16.0000
v 5.0000 3.0000 -16.0000
v 5.0000 4.0000 -16.0000
v 5.0000 5.0000 -16.0000
v 5.0000 6.0000 -16.0000
v 5.0000 7.0000 -16.0000
v 5.0000 8.0000 -16.0000
v 5.0000 9.0000 -16.0000
v 5.0000 10.0000 -16.0000
v 6.0000 -16.0000 15.0000
v 6.0000 -16.0000 16.0000
v 6.0000 -15.0000 16.0000
v 6.0000 -15.0000 15.0000
v 6.0000 -14.0000 16.0000
v 5.0000 -14.0000 16.0000
v 6.0000 -14.0000 15.0000
v 6.0000 -13.0000 16.0000
v 5.0000 -13.0000 16.0000
v 6.0000 -13.0000 15.0000
v 6.0000 -12.0000 16.0000
v 5.0000 -12.0000 16.0000
v 6.0000 -12.0000 15.0000
v 6.0000 -11.0000 16.0000
v 5.0000 -11.0000 16.0000
v 6.0000 -11.0000 15.0000
v 6.0000 -10.0000 16.0000
v 5.0000 -10.0000 16.0000
v 6.0000 -10.0000 15.0000
v 6.0000 -9.0000 16.0000
v 5.0000 -9.0000 16.0000
v 6.0000 -9.0000 15.0000
v 6.0000 -8.0000 16.0000
v 5.0000 -8.0000 16.0000
v 6.0000 -8.0000 15.0000
v 6.0000 -7.0000 16.0000
v 5.0000 -7.0000 16.0000
v 6.0000 -7.0000 15.0000
v 6.0000 -6.0000 16.0000
v 5.0000 -6.0000 16.0000
v 6.0000 -6.0000 15.0000
v 6.0000 -5.0000 16.0000
v 6.0000 -5.0000 15.0000
v 6.0000 -4.0000 16.0000
v 6.0000 -4.0000 15.0000
v 6.0000 -3.0000 16.0000
v 6.0000 -3.0000 15.0000
v 6.0000 -2.0000 16.0000
v 6.0000 -1.0000 16.0000
v 6.0000 -1.0000 15.0000
v 6.0000 0.0000 15.0000
v 6.0000 0.0000 16.0000
v 6.0000 1.0000 16.0000
v 6.0000 2.0000 16.0000
v 5.0000 3.0000 16.0000
v 6.0000 3.0000 16.0000
v 6.0000 3.0000 15.0000
v 5.0000 3.0000 15.0000
v 6.0000 -16.0000 14.0000
v 6.0000 -15.0000 14.0000
v 6.0000 -14.0000 14.0000
v 6.0000 -13.0000 14.0000
v 6.0000 -12.0000 14.0000
v 6.0000 -11.0000 14.0000
v 6.0000 -10.0000 14.0000
v 6.0000 -9.0000 14.0000
v 6.0000 -8.0000 14.0000
v 6.0000 -7.0000 14.0000
v 6.0000 -6.0000 14.0000
v 6.0000 -5.0000 14.0000
v 6.0000 -4.0000 14.0000
v 6.0000 -3.0000 14.0000
v 6.0000 3.0000 14.0000
v 6.0000 -16.0000 13.0000
v 6.0000 -15.0000 13.0000
v 6.0000 -14.0000 13.0000
v 6.0000 -13.0000 13.0000
v 6.0000 -12.0000 13.0000
v 6.0000 -11.0000 13.0000
v 6.0000 -10.0000 13.0000
v 6.0000 -9.0000 13.0000
v 6.0000 -8.0000 13.0000
v 6.0000 -7.0000 13.0000
v 6.0000 -6.0000 13.0000
v 6.0000 -5.0000 13.0000
v 6.0000 -4.0000 13.0000
v 6.0000 -3.0000 13.0000
v 6.0000 4.0000 14.0000
v 6.0000 5.0000 14.0000
v 6.0000 6.0000 14.0000
v 6.0000 7.0000 14.0000
v 6.0000 7.0000 13.0000
v 6.0000 -16.0000 12.0000
v 6.0000 -15.0000 12.0000
v 6.0000 -14.0000 12.0000
v 6.0000 -13.0000 12.0000
v 6.0000 -12.0000 12.0000
v 6.0000 -11.0000 12.0000
v 6.0000 -10.0000 12.0000
v 6.0000 -9.0000 12.0000
v 6.0000 -8.0000 12.0000
v 6.0000 -7.0000 12.0000
v 6.0000 -6.0000 12.0000
v 6.0000 -5.0000 12.0000
v 6.0000 -4.0000 12.0000
v 6.0000 -3.0000 12.0000
v 6.0000 8.0000 13.0000
v 6.0000 9.0000 13.0000
v 6.0000 10.0000 13.0000
v 6.0000 10.0000 12.0000
v 6.0000 -16.0000 11.0000
v 6.0000 -15.0000 11.0000
v 6.0000 -14.0000 11.0000
v 6.0000 -13.0000 11.0000
v 6.0000 -12.0000 11.0000
v 6.0000 -11.0000 11.0000
v 6.0000 -10.0000 11.0000
v 6.0000 -9.0000 11.0000
v 6.0000 -8.0000 11.0000
v 6.0000 -7.0000 11.0000
v 6.0000 -6.0000 11.0000
v 6.0000 -5.0000 11.0000
v 6.0000 -4.0000 11.0000
v 6.0000 -3.0000 11.0000
v 6.0000 10.0000 11.0000
v 6.0000 -6.0000 10.0000
v 6.0000 10.0000 10.0000
v 6.0000 -6.0000 9.0000
v 6.0000 10.0000 9.0000
v 6.0000 -6.0000 8.0000
v 6.0000 10.0000 8.0000
v 6.0000 -6.0000 7.0000
v 6.0000 10.0000 7.0000
v 6.0000 -6.0000 6.0000
v 6.0000 10.0000 6.0000
v 6.0000 -6.0000 5.0000
v 6.0000 10.0000 5.0000
v 6.0000 -6.0000 4.0000
v 6.0000 10.0000 4.0000
v 6.0000 -6.0000 3.0000
v 6.0000 10.0000 3.0000
v 6.0000 -6.0000 2.0000
v 6.0000 10.0000 2.0000
v 6.0000 -6.0000 1.0000
v 6.0000 10.0000 1.0000
v 6.0000 -6.0000 -0.0000
v 6.0000 10.0000 -0.0000
v 6.0000 -6.0000 -1.0000
v 6.0000 10.0000 -1.0000
v 6.0000 -6.0000 -2.0000
v 6.0000 10.0000 -2.0000
v 6.0000 -6.0000 -3.0000
v 6.0000 10.0000 -3.0000
v 6.0000 -6.0000 -4.0000
v 6.0000 10.0000 -4.0000
v 6.0000 -6.0000 -5.0000
v 6.0000 10.0000 -5.0000
v 6.0000 -6.0000 -6.0000
v 6.0000 10.0000 -6.0000
v 6.0000 -8.0000 -7.0000
v 6.0000 -8.0000 -6.0000
v 6.0000 -7.0000 -6.0000
v 6.0000 10.0000 -7.0000
v 6.0000 -16.0000 -8.0000
v 6.0000 -16.0000 -7.0000
v 6.0000 -15.0000 -7.0000
v 6.0000 -14.0000 -7.0000
v 6.0000 -13.0000 -7.0000
v 6.0000 -12.0000 -7.0000
v 6.0000 -11.0000 -7.0000
v 6.0000 -10.0000 -7.0000
v 6.0000 -9.0000 -7.0000
v 6.0000 10.0000 -8.0000
v 6.0000 -16.0000 -9.0000
v 6.0000 10.0000 -9.0000
v 6.0000 -16.0000 -10.0000
v 6.0000 10.0000 -10.0000
v 6.0000 -16.0000 -11.0000
v 6.0000 10.0000 -11.0000
v 6.0000 -16.0000 -12.0000
v 6.0000 -7.0000 -12.0000
v 6.0000 -8.0000 -12.0000
v 6.0000 -6.0000 -12.0000
v 6.0000 -5.0000 -12.0000
v 6.0000 -4.0000 -12.0000
v 6.0000 -3.0000 -12.0000
v 6.0000 -2.0000 -12.0000
v 6.0000 -1.0000 -12.0000
v 6.0000 10.0000 -12.0000
v 6.0000 -16.0000 -13.0000
v 6.0000 -9.0000 -13.0000
v 6.0000 -10.0000 -13.0000
v 6.0000 -8.0000 -13.0000
v 6.0000 -1.0000 -13.0000
v 6.0000 10.0000 -13.0000
v 6.0000 -16.0000 -14.0000
v 6.0000 -11.0000 -14.0000
v 6.0000 -12.0000 -14.0000
v 6.0000 -10.0000 -14.0000
v 6.0000 -1.0000 -14.0000
v 6.0000 10.0000 -14.0000
v 6.0000 -16.0000 -15.0000
v 6.0000 -13.0000 -15.0000
v 6.0000 -14.0000 -15.0000
v 6.0000 -12.0000 -15.0000
v 6.0000 -1.0000 -15.0000
v 6.0000 1.0000 -15.0000
v 6.0000 0.0000 -15.0000
v 6.0000 10.0000 -15.0000
v 6.0000 -16.0000 -16.0000
v 6.0000 -15.0000 -16.0000
v 6.0000 -14.0000 -16.0000
v 6.0000 0.0000 -16.0000
v 6.0000 -1.0000 -16.0000
v 6.0000 1.0000 -16.0000
v 6.0000 2.0000 -16.0000
v 6.0000 3.0000 -16.0000
v 6.0000 4.0000 -16.0000
v 6.0000 5.0000 -16.0000
v 6.0000 6.0000 -16.0000
v 6.0000 7.0000 -16.0000
v 6.0000 8.0000 -16.0000
v 6.0000 9.0000 -16.0000
v 6.0000 10.0000 -16.0000
v 7.0000 -3.0000 15.0000
v 7.0000 -3.0000 16.0000
v 7.0000 -2.0000 16.0000
v 7.0000 -1.0000 16.0000
v 7.0000 -1.0000 15.0000
v 7.0000 0.0000 15.0000
v 7.0000 0.0000 16.0000
v 7.0000 1.0000 16.0000
v 7.0000 2.0000 16.0000
v 7.0000 3.0000 16.0000
v 7.0000 3.0000 15.0000
v 7.0000 -3.0000 14.0000
v 7.0000 3.0000 14.0000
v 7.0000 -3.0000 13.0000
v 7.0000 4.0000 14.0000
v 7.0000 5.0000 14.0000
v 7.0000 6.0000 14.0000
v 7.0000 7.0000 14.0000
v 7.0000 7.0000 13.0000
v 7.0000 -3.0000 12.0000
v 7.0000 8.0000 13.0000
v 7.0000 9.0000 13.0000
v 7.0000 10.0000 13.0000
v 7.0000 10.0000 12.0000
v 7.0000 -3.0000 11.0000
v 7.0000 10.0000 11.0000
v 7.0000 -6.0000 10.0000
v 7.0000 -6.0000 11.0000
v 7.0000 -5.0000 11.0000
v 7.0000 -4.0000 11.0000
v 7.0000 10.0000 10.0000
v 7.0000 -6.0000 9.0000
v 7.0000 10.0000 9.0000
v 7.0000 -6.0000 8.0000
v 7.0000 10.0000 8.0000
v 7.0000 -6.0000 7.0000
v 7.0000 10.0000 7.0000
v 7.0000 -6.0000 6.0000
v 7.0000 10.0000 6.0000
v 7.0000 -6.0000 5.0000
v 7.0000 10.0000 5.0000
v 7.0000 -6.0000 4.0000
v 7.0000 10.0000 4.0000
v 7.0000 -6.0000 3.0000
v 7.0000 10.0000 3.0000
v 7.0000 -6.0000 2.0000
v 7.0000 10.0000 2.0000
v 7.0000 -6.0000 1.0000
v 7.0000 10.0000 1.0000
v 7.0000 -6.0000 -0.0000
v 7.0000 10.0000 -0.0000
v 7.0000 -6.0000 -1.0000
v 7.0000 10.0000 -1.0000
v 7.0000 -6.0000 -2.0000
v 7.0000 10.0000 -2.0000
v 7.0000 -6.0000 -3.0000
v 7.0000 10.0000 -3.0000
v 7.0000 -6.0000 -4.0000
v 7.0000 10.0000 -4.0000
v 7.0000 -6.0000 -5.0000
v 7.0000 10.0000 -5.0000
v 7.0000 -6.0000 -6.0000
v 7.0000 10.0000 -6.0000
v 7.0000 -8.0000 -7.0000
v 7.0000 -8.0000 -6.0000
v 7.0000 -7.0000 -6.0000
v 7.0000 10.0000 -7.0000
v 7.0000 -16.0000 -8.0000
v 7.0000 -16.0000 -7.0000
v 7.0000 -15.0000 -7.0000
v 7.0000 -14.0000 -7.0000
v 7.0000 -13.0000 -7.0000
v 7.0000 -12.0000 -7.0000
v 7.0000 -11.0000 -7.0000
v 7.0000 -10.0000 -7.0000
v 7.0000 -9.0000 -7.0000
v 7.0000 10.0000 -8.0000
v 7.0000 -16.0000 -9.0000
v 7.0000 10.0000 -9.0000
v 7.0000 -16.0000 -10.0000
v 7.0000 10.0000 -10.0000
v 7.0000 -16.0000 -11.0000
v 7.0000 10.0000 -11.0000
v 7.0000 -16.0000 -12.0000
v 7.0000 -7.0000 -12.0000
v 7.0000 -8.0000 -12.0000
v 7.0000 -6.0000 -12.0000
v 7.0000 -5.0000 -12.0000
v 7.0000 -4.0000 -12.0000
v 7.0000 -3.0000 -12.0000
v 7.0000 -2.0000 -12.0000
v 7.0000 -1.0000 -12.0000
v 7.0000 10.0000 -12.0000
v 7.0000 -16.0000 -13.0000
v 7.0000 -9.0000 -13.0000
v 7.0000 -10.0000 -13.0000
v 7.0000 -8.0000 -13.0000
v 7.0000 -1.0000 -13.0000
v 7.0000 10.0000 -13.0000
v 7.0000 -16.0000 -14.0000
v 7.0000 -11.0000 -14.0000
v 7.0000 -12.0000 -14.0000
v 7.0000 -10.0000 -14.0000
v 7.0000 -1.0000 -14.0000
v 7.0000 10.0000 -14.0000
v 7.0000 -16.0000 -15.0000
v 7.0000 -13.0000 -15.0000
v 7.0000 -14.0000 -15.0000
v 7.0000 -12.0000 -15.0000
v 7.0000 -1.0000 -15.0000
v 7.0000 1.0000 -15.0000
v 7.0000 0.0000 -15.0000
v 7.0000 10.0000 -15.0000
v 7.0000 -16.0000 -16.0000
v 7.0000 -15.0000 -16.0000
v 7.0000 -14.0000 -16.0000
v 7.0000 0.0000 -16.0000
v 7.0000 -1.0000 -16.0000
v 7.0000 1.0000 -16.0000
v 7.0000 2.0000 -16.0000
v 7.0000 3.0000 -16.0000
v 7.0000 4.0000 -16.0000
v 7.0000 5.0000 -16.0000
v 7.0000 6.0000 -16.0000
v 7.0000 7.0000 -16.0000
v 7.0000 8.0000 -16.0000
v 7.0000 9.0000 -16.0000
v 7.0000 10.0000 -16.0000
v 8.0000 -3.0000 15.0000
v 8.0000 -3.0000 16.0000
v 8.0000 -2.0000 16.0000
v 8.0000 -1.0000 16.0000
v 8.0000 -1.0000 15.0000
v 8.0000 0.0000 15.0000
v 8.0000 0.0000 16.0000
v 8.0000 1.0000 16.0000
v 8.0000 2.0000 16.0000
v 8.0000 3.0000 16.0000
v 8.0000 3.0000 15.0000
v 8.0000 -3.0000 14.0000
v 8.0000 3.0000 14.0000
v 8.0000 -3.0000 13.0000
v 8.0000 4.0000 14.0000
v 8.0000 5.0000 14.0000
v 8.0000 6.0000 14.0000
v 8.0000 7.0000 14.0000
v 8.0000 7.0000 13.0000
v 8.0000 -3.0000 12.0000
v 8.0000 8.0000 13.0000
v 8.0000 9.0000 13.0000
v 8.0000 10.0000 13.0000
v 8.0000 10.0000 12.0000
v 8.0000 -3.0000 11.0000
v 8.0000 10.0000 11.0000
v 8.0000 -6.0000 10.0000
v 8.0000 -6.0000 11.0000
v 8.0000 -5.0000 11.0000
v 8.0000 -4.0000 11.0000
v 8.0000 10.0000 10.0000
v 8.0000 -6.0000 9.0000
v 8.0000 10.0000 9.0000
v 8.0000 -6.0000 8.0000
v 8.0000 10.0000 8.0000
v 8.0000 -6.0000 7.0000
v 8.0000 10.0000 7.0000
v 8.0000 -6.0000 6.0000
v 8.0000 10.0000 6.0000
v 8.0000 -6.0000 5.0000
v 8.0000 10.0000 5.0000
v 8.0000 -6.0000 4.0000
v 8.0000 10.0000 4.0000
v 8.0000 -6.0000 3.0000
v 8.0000 10.0000 3.0000
v 8.0000 -6.0000 2.0000
v 8.0000 10.0000 2.0000
v 8.0000 -6.0000 1.0000
v 8.0000 10.0000 1.0000
v 8.0000 -6.0000 -0.0000
v 8.0000 10.0000 -0.0000
v 8.0000 -6.0000 -1.0000
v 8.0000 10.0000 -1.0000
v 8.0000 -6.0000 -2.0000
v 8.0000 10.0000 -2.0000
v 8.0000 -6.0000 -3.0000
v 8.0000 10.0000 -3.0000
v 8.0000 -6.0000 -4.0000
v 8.0000 10.0000 -4.0000
v 8.0000 -6.0000 -5.0000
v 8.0000 10.0000 -5.0000
v 8.0000 -6.0000 -6.0000
v 8.0000 10.0000 -6.0000
v 8.0000 -8.0000 -7.0000
v 8.0000 -8.0000 -6.0000
v 8.0000 -7.0000 -6.0000
v 8.0000 10.0000 -7.0000
v 8.0000 -16.0000 -8.0000
v 8.0000 -16.0000 -7.0000
v 8.0000 -15.0000 -7.0000
v 8.0000 -14.0000 -7.0000
v 8.0000 -13.0000 -7.0000
v 8.0000 -12.0000 -7.0000
v 8.0000 -11.0000 -7.0000
v 8.0000 -10.0000 -7.0000
v 8.0000 -9.0000 -7.0000
v 8.0000 10.0000 -8.0000
v 8.0000 -16.0000 -9.0000
v 8.0000 10.0000 -9.0000
v 8.0000 -16.0000 -10.0000
v 8.0000 -14.0000 -9.0000
v 8.0000 -14.0000 -10.0000
v 8.0000 -13.0000 -10.0000
v 8.0000 -13.0000 -9.0000
v 8.0000 -12.0000 -10.0000
v 8.0000 -12.0000 -9.0000
v 8.0000 10.0000 -10.0000
v 8.0000 -16.0000 -11.0000
v 8.0000 -14.0000 -11.0000
v 8.0000 -13.0000 -11.0000
v 8.0000 -12.0000 -11.0000
v 8.0000 10.0000 -11.0000
v 8.0000 -16.0000 -12.0000
v 8.0000 10.0000 -12.0000
v 8.0000 -16.0000 -13.0000
v 8.0000 -9.0000 -13.0000
v 8.0000 -10.0000 -13.0000
v 8.0000 -8.0000 -13.0000
v 7.0000 -7.0000 -13.0000
v 8.0000 -7.0000 -13.0000
v 7.0000 -6.0000 -13.0000
v 8.0000 -6.0000 -13.0000
v 7.0000 -5.0000 -13.0000
v 8.0000 -5.0000 -13.0000
v 7.0000 -4.0000 -13.0000
v 8.0000 -4.0000 -13.0000
v 7.0000 -3.0000 -13.0000
v 8.0000 -3.0000 -13.0000
v 7.0000 -2.0000 -13.0000
v 8.0000 -2.0000 -13.0000
v 8.0000 -1.0000 -13.0000
v 8.0000 10.0000 -13.0000
v 8.0000 -16.0000 -14.0000
v 8.0000 -11.0000 -14.0000
v 8.0000 -12.0000 -14.0000
v 8.0000 -10.0000 -14.0000
v 8.0000 -1.0000 -14.0000
v 8.0000 10.0000 -14.0000
v 8.0000 -16.0000 -15.0000
v 8.0000 -13.0000 -15.0000
v 8.0000 -14.0000 -15.0000
v 8.0000 -12.0000 -15.0000
v 8.0000 -1.0000 -15.0000
v 8.0000 1.0000 -15.0000
v 8.0000 0.0000 -15.0000
v 8.0000 10.0000 -15.0000
v 8.0000 -16.0000 -16.0000
v 8.0000 -15.0000 -16.0000
v 8.0000 -14.0000 -16.0000
v 8.0000 0.0000 -16.0000
v 8.0000 -1.0000 -16.0000
v 8.0000 1.0000 -16.0000
v 8.0000 2.0000 -16.0000
v 8.0000 3.0000 -16.0000
v 8.0000 4.0000 -16.0000
v 8.0000 5.0000 -16.0000
v 8.0000 6.0000 -16.0000
v 8.0000 7.0000 -16.0000
v 8.0000 8.0000 -16.0000
v 8.0000 9.0000 -16.0000
v 8.0000 10.0000 -16.0000
v 9.0000 -3.0000 15.0000
v 9.0000 -3.0000 16.0000
v 9.0000 -2.0000 16.0000
v 9.0000 -1.0000 16.0000
v 9.0000 -1.0000 15.0000
v 9.0000 0.0000 15.0000
v 9.0000 0.0000 16.0000
v 9.0000 1.0000 16.0000
v 9.0000 2.0000 16.0000
v 9.0000 3.0000 16.0000
v 9.0000 3.0000 15.0000
v 9.0000 -3.0000 14.0000
v 9.0000 3.0000 14.0000
v 9.0000 -3.0000 13.0000
v 9.0000 4.0000 14.0000
v 9.0000 5.0000 14.0000
v 9.0000 6.0000 14.0000
v 9.0000 7.0000 14.0000
v 9.0000 7.0000 13.0000
v 9.0000 -3.0000 12.0000
v 9.0000 8.0000 13.0000
v 9.0000 9.0000 13.0000
v 9.0000 10.0000 13.0000
v 9.0000 10.0000 12.0000
v 9.0000 -3.0000 11.0000
v 9.0000 10.0000 11.0000
v 9.0000 -6.0000 10.0000
v 9.0000 -6.0000 11.0000
v 9.0000 -5.0000 11.0000
v 9.0000 -4.0000 11.0000
v 9.0000 10.0000 10.0000
v 9.0000 -6.0000 9.0000
v 9.0000 10.0000 9.0000
v 9.0000 -6.0000 8.0000
v 9.0000 10.0000 8.0000
v 9.0000 -6.0000 7.0000
v 9.0000 10.0000 7.0000
v 9.0000 -6.0000 6.0000
v 9.0000 10.0000 6.0000
v 9.0000 -6.0000 5.0000
v 9.0000 10.0000 5.0000
v 9.0000 -6.0000 4.0000
v 9.0000 10.0000 4.0000
v 9.0000 -6.0000 3.0000
v 9.0000 10.0000 3.0000
v 9.0000 -6.0000 2.0000
v 9.0000 10.0000 2.0000
v 9.0000 -6.0000 1.0000
v 9.0000 10.0000 1.0000
v 9.0000 -6.0000 -0.0000
v 9.0000 10.0000 -0.0000
v 9.0000 -6.0000 -1.0000
v 9.0000 10.0000 -1.0000
v 9.0000 -6.0000 -2.0000
v 9.0000 10.0000 -2.0000
v 9.0000 -6.0000 -3.0000
v 9.0000 10.0000 -3.0000
v 9.0000 -6.0000 -4.0000
v 9.0000 10.0000 -4.0000
v 9.0000 -6.0000 -5.0000
v 9.0000 10.0000 -5.0000
v 9.0000 -6.0000 -6.0000
v 9.0000 10.0000 -6.0000
v 9.0000 -8.0000 -7.0000
v 9.0000 -8.0000 -6.0000
v 9.0000 -7.0000 -6.0000
v 9.0000 10.0000 -7.0000
v 9.0000 -16.0000 -8.0000
v 9.0000 -16.0000 -7.0000
v 9.0000 -15.0000 -7.0000
v 9.0000 -14.0000 -7.0000
v 9.0000 -13.0000 -7.0000
v 9.0000 -12.0000 -7.0000
v 9.0000 -11.0000 -7.0000
v 9.0000 -10.0000 -7.0000
v 9.0000 -9.0000 -7.0000
v 9.0000 10.0000 -8.0000
v 9.0000 -16.0000 -9.0000
v 9.0000 -13.0000 -9.0000
v 9.0000 -14.0000 -9.0000
v 9.0000 -12.0000 -9.0000
v 9.0000 10.0000 -9.0000
v 9.0000 -16.0000 -10.0000
v 9.0000 -14.0000 -10.0000
v 9.0000 -12.0000 -10.0000
v 9.0000 10.0000 -10.0000
v 9.0000 -16.0000 -11.0000
v 9.0000 -14.0000 -11.0000
v 9.0000 -12.0000 -11.0000
v 9.0000 10.0000 -11.0000
v 9.0000 -16.0000 -12.0000
v 9.0000 -13.0000 -11.0000
v 9.0000 -14.0000 -12.0000
v 9.0000 -13.0000 -12.0000
v 9.0000 -12.0000 -12.0000
v 9.0000 10.0000 -12.0000
v 9.0000 -16.0000 -13.0000
v 9.0000 -9.0000 -13.0000
v 9.0000 -10.0000 -13.0000
v 9.0000 -8.0000 -13.0000
v 9.0000 -7.0000 -13.0000
v 9.0000 -6.0000 -13.0000
v 9.0000 -5.0000 -13.0000
v 9.0000 -4.0000 -13.0000
v 9.0000 -3.0000 -13.0000
v 9.0000 -2.0000 -13.0000
v 9.0000 -1.0000 -13.0000
v 9.0000 10.0000 -13.0000
v 9.0000 -16.0000 -14.0000
v 9.0000 -14.0000 -13.0000
v 9.0000 -14.0000 -14.0000
v 9.0000 -13.0000 -14.0000
v 9.0000 -13.0000 -13.0000
v 9.0000 -11.0000 -14.0000
v 9.0000 -12.0000 -14.0000
v 9.0000 -10.0000 -14.0000
v 9.0000 -1.0000 -14.0000
v 9.0000 10.0000 -14.0000
v 9.0000 -16.0000 -15.0000
v 9.0000 -13.0000 -15.0000
v 9.0000 -14.0000 -15.0000
v 9.0000 -12.0000 -15.0000
v 9.0000 -1.0000 -15.0000
v 9.0000 1.0000 -15.0000
v 9.0000 0.0000 -15.0000
v 9.0000 10.0000 -15.0000
v 9.0000 -16.0000 -16.0000
v 9.0000 -15.0000 -16.0000
v 9.0000 -14.0000 -16.0000
v 9.0000 0.0000 -16.0000
v 9.0000 -1.0000 -16.0000
v 9.0000 1.0000 -16.0000
v 9.0000 2.0000 -16.0000
v 9.0000 3.0000 -16.0000
v 9.0000 4.0000 -16.0000
v 9.0000 5.0000 -16.0000
v 9.0000 6.0000 -16.0000
v 9.0000 7.0000 -16.0000
v 9.0000 8.0000 -16.0000
v 9.0000 9.0000 -16.0000
v 9.0000 10.0000 -16.0000
v 10.0000 -3.0000 15.0000
v 10.0000 -3.0000 16.0000
v 10.0000 -2.0000 16.0000
v 10.0000 -1.0000 16.0000
v 10.0000 -1.0000 15.0000
v 10.0000 0.0000 15.0000
v 10.0000 0.0000 16.0000
v 10.0000 1.0000 16.0000
v 10.0000 2.0000 16.0000
v 10.0000 3.0000 16.0000
v 10.0000 3.0000 15.0000
v 10.0000 -3.0000 14.0000
v 10.0000 3.0000 14.0000
v 10.0000 -3.0000 13.0000
v 10.0000 4.0000 14.0000
v 10.0000 5.0000 14.0000
v 10.0000 6.0000 14.0000
v 10.0000 7.0000 14.0000
v 10.0000 7.0000 13.0000
v 10.0000 -3.0000 12.0000
v 10.0000 8.0000 13.0000
v 10.0000 9.0000 13.0000
v 10.0000 10.0000 13.0000
v 10.0000 10.0000 12.0000
v 10.0000 -3.0000 11.0000
v 10.0000 10.0000 11.0000
v 10.0000 -6.0000 10.0000
v 10.0000 -6.0000 11.0000
v 10.0000 -5.0000 11.0000
v 10.0000 -4.0000 11.0000
v 10.0000 10.0000 10.0000
v 10.0000 -6.0000 9.0000
v 10.0000 10.0000 9.0000
v 10.0000 -6.0000 8.0000
v 10.0000 10.0000 8.0000
v 10.0000 -6.0000 7.0000
v 10.0000 10.0000 7.0000
v 10.0000 -6.0000 6.0000
v 10.0000 10.0000 6.0000
v 10.0000 -6.0000 5.0000
v 10.0000 8.0000 6.0000
v 10.0000 8.0000 5.0000
v 10.0000 9.0000 5.0000
v 10.0000 9.0000 6.0000
v 10.0000 10.0000 5.0000
v 10.0000 -6.0000 4.0000
v 10.0000 8.0000 4.0000
v 10.0000 9.0000 4.0000
v 10.0000 10.0000 4.0000
v 10.0000 -6.0000 3.0000
v 10.0000 8.0000 3.0000
v 10.0000 9.0000 3.0000
v 10.0000 10.0000 3.0000
v 10.0000 -6.0000 2.0000
v 10.0000 8.0000 2.0000
v 10.0000 9.0000 2.0000
v 10.0000 10.0000 2.0000
v 10.0000 -6.0000 1.0000
v 10.0000 8.0000 1.0000
v 10.0000 9.0000 1.0000
v 10.0000 10.0000 1.0000
v 10.0000 -6.0000 -0.0000
v 10.0000 8.0000 -0.0000
v 10.0000 9.0000 -0.0000
v 10.0000 10.0000 -0.0000
v 10.0000 -6.0000 -1.0000
v 10.0000 8.0000 -1.0000
v 10.0000 9.0000 -1.0000
v 10.0000 10.0000 -1.0000
v 10.0000 -6.0000 -2.0000
v 10.0000 8.0000 -2.0000
v 10.0000 9.0000 -2.0000
v 10.0000 10.0000 -2.0000
v 10.0000 -6.0000 -3.0000
v 10.0000 8.0000 -3.0000
v 10.0000 9.0000 -3.0000
v 10.0000 10.0000 -3.0000
v 10.0000 -6.0000 -4.0000
v 10.0000 10.0000 -4.0000
v 10.0000 -6.0000 -5.0000
v 10.0000 10.0000 -5.0000
v 10.0000 -6.0000 -6.0000
v 10.0000 -5.0000 -6.0000
v 10.0000 -5.0000 -5.0000
v 10.0000 10.0000 -6.0000
v 9.0000 -13.0000 -6.0000
v 10.0000 -13.0000 -7.0000
v 10.0000 -13.0000 -6.0000
v 10.0000 -12.0000 -6.0000
v 9.0000 -12.0000 -6.0000
v 10.0000 -12.0000 -7.0000
v 10.0000 -11.0000 -6.0000
v 9.0000 -11.0000 -6.0000
v 10.0000 -11.0000 -7.0000
v 10.0000 -10.0000 -6.0000
v 9.0000 -10.0000 -6.0000
v 10.0000 -10.0000 -7.0000
v 10.0000 -9.0000 -6.0000
v 9.0000 -9.0000 -6.0000
v 10.0000 -9.0000 -7.0000
v 10.0000 -8.0000 -6.0000
v 10.0000 -8.0000 -7.0000
v 10.0000 -7.0000 -6.0000
v 10.0000 -7.0000 -7.0000
v 10.0000 -6.0000 -7.0000
v 10.0000 -5.0000 -7.0000
v 10.0000 10.0000 -7.0000
v 10.0000 -16.0000 -8.0000
v 10.0000 -16.0000 -7.0000
v 10.0000 -15.0000 -7.0000
v 10.0000 -15.0000 -8.0000
v 10.0000 -14.0000 -7.0000
v 10.0000 -14.0000 -8.0000
v 10.0000 -13.0000 -8.0000
v 10.0000 -12.0000 -8.0000
v 10.0000 -11.0000 -8.0000
v 10.0000 -10.0000 -8.0000
v 10.0000 -9.0000 -8.0000
v 10.0000 -8.0000 -8.0000
v 10.0000 -7.0000 -8.0000
v 10.0000 -6.0000 -8.0000
v 10.0000 -5.0000 -8.0000
v 10.0000 10.0000 -8.0000
v 10.0000 -16.0000 -9.0000
v 10.0000 -15.0000 -9.0000
v 10.0000 -14.0000 -9.0000
v 10.0000 -13.0000 -9.0000
v 10.0000 -12.0000 -9.0000
v 10.0000 -11.0000 -9.0000
v 10.0000 -10.0000 -9.0000
v 10.0000 -9.0000 -9.0000
v 10.0000 -8.0000 -9.0000
v 10.0000 -7.0000 -9.0000
v 10.0000 -6.0000 -9.0000
v 10.0000 -5.0000 -9.0000
v 10.0000 10.0000 -9.0000
v 10.0000 -16.0000 -10.0000
v 10.0000 -15.0000 -10.0000
v 10.0000 -14.0000 -10.0000
v 10.0000 -12.0000 -10.0000
v 10.0000 -11.0000 -10.0000
v 10.0000 -10.0000 -10.0000
v 10.0000 -9.0000 -10.0000
v 10.0000 -8.0000 -10.0000
v 10.0000 -7.0000 -10.0000
v 10.0000 -6.0000 -10.0000
v 10.0000 -5.0000 -10.0000
v 10.0000 10.0000 -10.0000
v 10.0000 -16.0000 -11.0000
v 10.0000 -15.0000 -11.0000
v 10.0000 -14.0000 -11.0000
v 10.0000 -12.0000 -11.0000
v 10.0000 -11.0000 -11.0000
v 10.0000 -10.0000 -11.0000
v 10.0000 -9.0000 -11.0000
v 10.0000 -8.0000 -11.0000
v 10.0000 -7.0000 -11.0000
v 10.0000 -6.0000 -11.0000
v 10.0000 -5.0000 -11.0000
v 10.0000 10.0000 -11.0000
v 10.0000 -16.0000 -12.0000
v 10.0000 -15.0000 -12.0000
v 10.0000 -14.0000 -12.0000
v 10.0000 -12.0000 -12.0000
v 10.0000 -11.0000 -12.0000
v 10.0000 -10.0000 -12.0000
v 10.0000 -9.0000 -12.0000
v 10.0000 -8.0000 -12.0000
v 10.0000 -7.0000 -12.0000
v 10.0000 -6.0000 -12.0000
v 10.0000 -5.0000 -12.0000
v 10.0000 10.0000 -12.0000
v 10.0000 -16.0000 -13.0000
v 10.0000 -15.0000 -13.0000
v 10.0000 -14.0000 -13.0000
v 10.0000 -13.0000 -12.0000
v 10.0000 -13.0000 -13.0000
v 10.0000 -12.0000 -13.0000
v 10.0000 -11.0000 -13.0000
v 10.0000 -10.0000 -13.0000
v 10.0000 -9.0000 -13.0000
v 10.0000 -8.0000 -13.0000
v 10.0000 -7.0000 -13.0000
v 10.0000 -6.0000 -13.0000
v 10.0000 -5.0000 -13.0000
v 10.0000 10.0000 -13.0000
v 10.0000 -16.0000 -14.0000
v 10.0000 -15.0000 -14.0000
v 10.0000 -14.0000 -14.0000
v 10.0000 -13.0000 -14.0000
v 10.0000 -12.0000 -14.0000
v 10.0000 -11.0000 -14.0000
v 10.0000 -10.0000 -14.0000
v 9.0000 -9.0000 -14.0000
v 10.0000 -9.0000 -14.0000
v 9.0000 -8.0000 -14.0000
v 10.0000 -8.0000 -14.0000
v 9.0000 -7.0000 -14.0000
v 10.0000 -7.0000 -14.0000
v 9.0000 -6.0000 -14.0000
v 10.0000 -6.0000 -14.0000
v 9.0000 -5.0000 -14.0000
v 10.0000 -5.0000 -14.0000
v 9.0000 -4.0000 -14.0000
v 10.0000 -4.0000 -14.0000
v 9.0000 -3.0000 -14.0000
v 10.0000 -3.0000 -14.0000
v 9.0000 -2.0000 -14.0000
v 10.0000 -2.0000 -14.0000
v 10.0000 -1.0000 -14.0000
v 10.0000 10.0000 -14.0000
v 10.0000 -16.0000 -15.0000
v 10.0000 -15.0000 -15.0000
v 10.0000 -14.0000 -15.0000
v 10.0000 -13.0000 -15.0000
v 10.0000 -12.0000 -15.0000
v 10.0000 -1.0000 -15.0000
v 10.0000 1.0000 -15.0000
v 10.0000 0.0000 -15.0000
v 10.0000 10.0000 -15.0000
v 10.0000 -16.0000 -16.0000
v 10.0000 -15.0000 -16.0000
v 10.0000 -14.0000 -16.0000
v 10.0000 0.0000 -16.0000
v 10.0000 -1.0000 -16.0000
v 10.0000 1.0000 -16.0000
v 10.0000 2.0000 -16.0000
v 10.0000 3.0000 -16.0000
v 10.0000 4.0000 -16.0000
v 10.0000 5.0000 -16.0000
v 10.0000 6.0000 -16.0000
v 10.0000 7.0000 -16.0000
v 10.0000 8.0000 -16.0000
v 10.0000 9.0000 -16.0000
v 10.0000 10.0000 -16.0000
v 11.0000 -3.0000 15.0000
v 11.0000 -3.0000 16.0000
v 11.0000 -2.0000 16.0000
v 11.0000 -1.0000 16.0000
v 11.0000 -1.0000 15.0000
v 11.0000 0.0000 15.0000
v 11.0000 0.0000 16.0000
v 11.0000 1.0000 16.0000
v 11.0000 2.0000 16.0000
v 11.0000 3.0000 16.0000
v 11.0000 3.0000 15.0000
v 11.0000 -3.0000 14.0000
v 11.0000 3.0000 14.0000
v 11.0000 -3.0000 13.0000
v 11.0000 4.0000 14.0000
v 11.0000 5.0000 14.0000
v 11.0000 6.0000 14.0000
v 11.0000 7.0000 14.0000
v 11.0000 7.0000 13.0000
v 11.0000 -3.0000 12.0000
v 11.0000 8.0000 13.0000
v 11.0000 9.0000 13.0000
v 11.0000 10.0000 13.0000
v 11.0000 10.0000 12.0000
v 11.0000 -3.0000 11.0000
v 11.0000 10.0000 11.0000
v 11.0000 -6.0000 10.0000
v 11.0000 -6.0000 11.0000
v 11.0000 -5.0000 11.0000
v 11.0000 -4.0000 11.0000
v 11.0000 10.0000 10.0000
v 11.0000 -6.0000 9.0000
v 11.0000 10.0000 9.0000
v 11.0000 -6.0000 8.0000
v 11.0000 10.0000 8.0000
v 11.0000 -6.0000 7.0000
v 11.0000 10.0000 7.0000
v 11.0000 -6.0000 6.0000
v 11.0000 9.0000 6.0000
v 11.0000 8.0000 6.0000
v 11.0000 10.0000 6.0000
v 11.0000 -6.0000 5.0000
v 11.0000 8.0000 5.0000
v 11.0000 10.0000 5.0000
v 11.0000 9.0000 5.0000
v 11.0000 -6.0000 4.0000
v 11.0000 8.0000 4.0000
v 11.0000 10.0000 4.0000
v 11.0000 9.0000 4.0000
v 11.0000 -6.0000 3.0000
v 11.0000 8.0000 3.0000
v 11.0000 10.0000 3.0000
v 11.0000 9.0000 3.0000
v 11.0000 -6.0000 2.0000
v 11.0000 8.0000 2.0000
v 11.0000 10.0000 2.0000
v 11.0000 9.0000 2.0000
v 11.0000 -6.0000 1.0000
v 11.0000 8.0000 1.0000
v 11.0000 10.0000 1.0000
v 11.0000 9.0000 1.0000
v 11.0000 -6.0000 -0.0000
v 11.0000 8.0000 -0.0000
v 11.0000 10.0000 -0.0000
v 11.0000 9.0000 -0.0000
v 11.0000 -6.0000 -1.0000
v 11.0000 8.0000 -1.0000
v 11.0000 10.0000 -1.0000
v 11.0000 9.0000 -1.0000
v 11.0000 -6.0000 -2.0000
v 11.0000 8.0000 -2.0000
v 11.0000 10.0000 -2.0000
v 11.0000 9.0000 -2.0000
v 11.0000 -6.0000 -3.0000
v 11.0000 8.0000 -3.0000
v 11.0000 10.0000 -3.0000
v 11.0000 9.0000 -3.0000
v 11.0000 -6.0000 -4.0000
v 11.0000 10.0000 -4.0000
v 11.0000 -6.0000 -5.0000
v 11.0000 -5.0000 -5.0000
v 11.0000 10.0000 -5.0000
v 11.0000 -5.0000 -6.0000
v 11.0000 10.0000 -6.0000
v 11.0000 -5.0000 -7.0000
v 11.0000 10.0000 -7.0000
v 11.0000 -5.0000 -8.0000
v 11.0000 10.0000 -8.0000
v 11.0000 -5.0000 -9.0000
v 11.0000 10.0000 -9.0000
v 11.0000 -5.0000 -10.0000
v 11.0000 10.0000 -10.0000
v 11.0000 -5.0000 -11.0000
v 11.0000 10.0000 -11.0000
v 11.0000 -5.0000 -12.0000
v 11.0000 10.0000 -12.0000
v 11.0000 -5.0000 -13.0000
v 11.0000 10.0000 -13.0000
v 11.0000 -5.0000 -14.0000
v 11.0000 10.0000 -14.0000
v 10.0000 -5.0000 -15.0000
v 11.0000 -5.0000 -15.0000
v 10.0000 -4.0000 -15.0000
v 10.0000 -3.0000 -15.0000
v 10.0000 -2.0000 -15.0000
v 11.0000 1.0000 -15.0000
v 11.0000 0.0000 -15.0000
v 11.0000 10.0000 -15.0000
v 11.0000 -16.0000 -16.0000
v 11.0000 -16.0000 -15.0000
v 11.0000 -15.0000 -15.0000
v 11.0000 -15.0000 -16.0000
v 11.0000 -14.0000 -15.0000
v 11.0000 -14.0000 -16.0000
v 11.0000 -13.0000 -15.0000
v 10.0000 -13.0000 -16.0000
v 11.0000 -13.0000 -16.0000
v 11.0000 -12.0000 -15.0000
v 10.0000 -12.0000 -16.0000
v 11.0000 -12.0000 -16.0000
v 11.0000 -11.0000 -15.0000
v 10.0000 -11.0000 -15.0000
v 10.0000 -11.0000 -16.0000
v 11.0000 -11.0000 -16.0000
v 11.0000 -10.0000 -15.0000
v 10.0000 -10.0000 -15.0000
v 10.0000 -10.0000 -16.0000
v 11.0000 -10.0000 -16.0000
v 11.0000 -9.0000 -15.0000
v 10.0000 -9.0000 -15.0000
v 10.0000 -9.0000 -16.0000
v 11.0000 -9.0000 -16.0000
v 11.0000 -8.0000 -15.0000
v 10.0000 -8.0000 -15.0000
v 10.0000 -8.0000 -16.0000
v 11.0000 -8.0000 -16.0000
v 11.0000 -7.0000 -15.0000
v 10.0000 -7.0000 -15.0000
v 10.0000 -7.0000 -16.0000
v 11.0000 -7.0000 -16.0000
v 11.0000 -6.0000 -15.0000
v 10.0000 -6.0000 -15.0000
v 10.0000 -6.0000 -16.0000
v 11.0000 -6.0000 -16.0000
v 10.0000 -5.0000 -16.0000
v 11.0000 -5.0000 -16.0000
v 10.0000 -4.0000 -16.0000
v 11.0000 -4.0000 -16.0000
v 10.0000 -3.0000 -16.0000
v 11.0000 -3.0000 -16.0000
v 10.0000 -2.0000 -16.0000
v 11.0000 -2.0000 -16.0000
v 11.0000 -1.0000 -16.0000
v 11.0000 0.0000 -16.0000
v 11.0000 1.0000 -16.0000
v 11.0000 2.0000 -16.0000
v 11.0000 3.0000 -16.0000
v 11.0000 4.0000 -16.0000
v 11.0000 5.0000 -16.0000
v 11.0000 6.0000 -16.0000
v 11.0000 7.0000 -16.0000
v 11.0000 8.0000 -16.0000
v 11.0000 9.0000 -16.0000
v 11.0000 10.0000 -16.0000
v 12.0000 -3.0000 15.0000
v 12.0000 -3.0000 16.0000
v 12.0000 -2.0000 16.0000
v 12.0000 -1.0000 16.0000
v 12.0000 -1.0000 15.0000
v 12.0000 0.0000 15.0000
v 12.0000 0.0000 16.0000
v 12.0000 1.0000 16.0000
v 12.0000 2.0000 16.0000
v 12.0000 3.0000 16.0000
v 12.0000 3.0000 15.0000
v 12.0000 -3.0000 14.0000
v 12.0000 3.0000 14.0000
v 12.0000 -3.0000 13.0000
v 12.0000 4.0000 14.0000
v 12.0000 5.0000 14.0000
v 12.0000 6.0000 14.0000
v 12.0000 7.0000 14.0000
v 12.0000 8.0000 14.0000
v 11.0000 8.0000 14.0000
v 11.0000 9.0000 14.0000
v 12.0000 9.0000 14.0000
v 12.0000 9.0000 13.0000
v 12.0000 -3.0000 12.0000
v 12.0000 10.0000 13.0000
v 12.0000 10.0000 12.0000
v 12.0000 -3.0000 11.0000
v 12.0000 10.0000 11.0000
v 12.0000 -6.0000 10.0000
v 12.0000 -6.0000 11.0000
v 12.0000 -5.0000 11.0000
v 12.0000 -5.0000 10.0000
v 12.0000 -4.0000 11.0000
v 12.0000 10.0000 10.0000
v 12.0000 -6.0000 9.0000
v 12.0000 10.0000 9.0000
v 12.0000 -6.0000 8.0000
v 12.0000 10.0000 8.0000
v 12.0000 -6.0000 7.0000
v 12.0000 -5.0000 7.0000
v 12.0000 -5.0000 8.0000
v 12.0000 -4.0000 7.0000
v 12.0000 -4.0000 8.0000
v 12.0000 10.0000 7.0000
v 12.0000 -6.0000 6.0000
v 12.0000 -5.0000 6.0000
v 12.0000 -4.0000 6.0000
v 12.0000 9.0000 6.0000
v 12.0000 8.0000 6.0000
v 12.0000 10.0000 6.0000
v 12.0000 -6.0000 5.0000
v 12.0000 -5.0000 5.0000
v 12.0000 -4.0000 5.0000
v 12.0000 8.0000 5.0000
v 12.0000 10.0000 5.0000
v 12.0000 9.0000 5.0000
v 12.0000 -6.0000 4.0000
v 12.0000 -5.0000 4.0000
v 12.0000 -4.0000 4.0000
v 12.0000 8.0000 4.0000
v 12.0000 10.0000 4.0000
v 12.0000 9.0000 4.0000
v 12.0000 -6.0000 3.0000
v 12.0000 -5.0000 3.0000
v 12.0000 -4.0000 3.0000
v 12.0000 8.0000 3.0000
v 12.0000 10.0000 3.0000
v 12.0000 9.0000 3.0000
v 12.0000 -6.0000 2.0000
v 12.0000 -5.0000 2.0000
v 12.0000 -4.0000 2.0000
v 12.0000 8.0000 2.0000
v 12.0000 10.0000 2.0000
v 12.0000 9.0000 2.0000
v 12.0000 -6.0000 1.0000
v 12.0000 -5.0000 1.0000
v 12.0000 -4.0000 1.0000
v 12.0000 8.0000 1.0000
v 12.0000 10.0000 1.0000
v 12.0000 9.0000 1.0000
v 12.0000 -6.0000 -0.0000
v 12.0000 -5.0000 -0.0000
v 12.0000 -4.0000 -0.0000
v 12.0000 8.0000 -0.0000
v 12.0000 10.0000 -0.0000
v 12.0000 9.0000 -0.0000
v 12.0000 -6.0000 -1.0000
v 12.0000 -5.0000 -1.0000
v 12.0000 -4.0000 -1.0000
v 12.0000 8.0000 -1.0000
v 12.0000 10.0000 -1.0000
v 12.0000 9.0000 -1.0000
v 12.0000 -6.0000 -2.0000
v 12.0000 -5.0000 -2.0000
v 12.0000 -4.0000 -2.0000
v 12.0000 8.0000 -2.0000
v 12.0000 10.0000 -2.0000
v 12.0000 9.0000 -2.0000
v 12.0000 -6.0000 -3.0000
v 12.0000 -5.0000 -3.0000
v 12.0000 -4.0000 -3.0000
v 12.0000 8.0000 -3.0000
v 12.0000 10.0000 -3.0000
v 12.0000 9.0000 -3.0000
v 12.0000 -6.0000 -4.0000
v 12.0000 -5.0000 -4.0000
v 12.0000 -4.0000 -4.0000
v 12.0000 10.0000 -4.0000
v 12.0000 -6.0000 -5.0000
v 12.0000 -5.0000 -5.0000
v 12.0000 -4.0000 -5.0000
v 12.0000 10.0000 -5.0000
v 12.0000 -5.0000 -6.0000
v 12.0000 -4.0000 -6.0000
v 12.0000 10.0000 -6.0000
v 12.0000 -5.0000 -7.0000
v 12.0000 -4.0000 -7.0000
v 12.0000 10.0000 -7.0000
v 12.0000 -5.0000 -8.0000
v 12.0000 -4.0000 -8.0000
v 12.0000 10.0000 -8.0000
v 12.0000 -5.0000 -9.0000
v 12.0000 -4.0000 -9.0000
v 12.0000 10.0000 -9.0000
v 12.0000 -5.0000 -10.0000
v 12.0000 -4.0000 -10.0000
v 12.0000 10.0000 -10.0000
v 12.0000 -5.0000 -11.0000
v 12.0000 -4.0000 -11.0000
v 12.0000 10.0000 -11.0000
v 12.0000 -5.0000 -12.0000
v 12.0000 -4.0000 -12.0000
v 12.0000 10.0000 -12.0000
v 12.0000 -5.0000 -13.0000
v 12.0000 -4.0000 -13.0000
v 12.0000 10.0000 -13.0000
v 12.0000 -5.0000 -14.0000
v 12.0000 -4.0000 -14.0000
v 12.0000 10.0000 -14.0000
v 12.0000 -5.0000 -15.0000
v 12.0000 1.0000 -15.0000
v 12.0000 0.0000 -15.0000
v 12.0000 10.0000 -15.0000
v 12.0000 -16.0000 -16.0000
v 12.0000 -16.0000 -15.0000
v 12.0000 -15.0000 -15.0000
v 12.0000 -15.0000 -16.0000
v 12.0000 -14.0000 -15.0000
v 12.0000 -14.0000 -16.0000
v 12.0000 -13.0000 -15.0000
v 12.0000 -13.0000 -16.0000
v 12.0000 -12.0000 -15.0000
v 12.0000 -12.0000 -16.0000
v 12.0000 -11.0000 -15.0000
v 12.0000 -11.0000 -16.0000
v 12.0000 -10.0000 -15.0000
v 12.0000 -10.0000 -16.0000
v 12.0000 -9.0000 -15.0000
v 12.0000 -9.0000 -16.0000
v 12.0000 -8.0000 -15.0000
v 12.0000 -8.0000 -16.0000
v 12.0000 -7.0000 -15.0000
v 12.0000 -7.0000 -16.0000
v 12.0000 -6.0000 -15.0000
v 12.0000 -6.0000 -16.0000
v 12.0000 -5.0000 -16.0000
v 12.0000 -4.0000 -16.0000
v 12.0000 -3.0000 -16.0000
v 12.0000 -2.0000 -16.0000
v 12.0000 -1.0000 -16.0000
v 12.0000 0.0000 -16.0000
v 12.0000 1.0000 -16.0000
v 12.0000 2.0000 -16.0000
v 12.0000 3.0000 -16.0000
v 12.0000 4.0000 -16.0000
v 12.0000 5.0000 -16.0000
v 12.0000 6.0000 -16.0000
v 12.0000 7.0000 -16.0000
v 12.0000 8.0000 -16.0000
v 12.0000 9.0000 -16.0000
v 12.0000 10.0000 -16.0000
v 13.0000 -3.0000 15.0000
v 13.0000 -3.0000 16.0000
v 13.0000 -2.0000 16.0000
v 13.0000 -1.0000 16.0000
v 13.0000 -1.0000 15.0000
v 13.0000 0.0000 15.0000
v 13.0000 0.0000 16.0000
v 13.0000 1.0000 16.0000
v 13.0000 2.0000 16.0000
v 13.0000 3.0000 16.0000
v 13.0000 3.0000 15.0000
v 13.0000 -3.0000 14.0000
v 13.0000 3.0000 14.0000
v 13.0000 -3.0000 13.0000
v 13.0000 4.0000 14.0000
v 13.0000 5.0000 14.0000
v 13.0000 6.0000 14.0000
v 13.0000 7.0000 14.0000
v 13.0000 8.0000 14.0000
v 13.0000 9.0000 14.0000
v 13.0000 9.0000 13.0000
v 13.0000 -3.0000 12.0000
v 13.0000 10.0000 13.0000
v 13.0000 10.0000 12.0000
v 13.0000 -3.0000 11.0000
v 13.0000 10.0000 11.0000
v 13.0000 -5.0000 10.0000
v 13.0000 -5.0000 11.0000
v 13.0000 -4.0000 11.0000
v 13.0000 10.0000 10.0000
v 13.0000 -6.0000 9.0000
v 13.0000 -6.0000 10.0000
v 13.0000 -5.0000 9.0000
v 13.0000 10.0000 9.0000
v 13.0000 -6.0000 8.0000
v 13.0000 -5.0000 8.0000
v 13.0000 -4.0000 8.0000
v 13.0000 10.0000 8.0000
v 13.0000 -4.0000 7.0000
v 13.0000 10.0000 7.0000
v 13.0000 -4.0000 6.0000
v 13.0000 9.0000 6.0000
v 13.0000 8.0000 6.0000
v 13.0000 10.0000 6.0000
v 13.0000 -4.0000 5.0000
v 13.0000 8.0000 5.0000
v 13.0000 10.0000 5.0000
v 13.0000 9.0000 5.0000
v 13.0000 -4.0000 4.0000
v 13.0000 8.0000 4.0000
v 13.0000 10.0000 4.0000
v 13.0000 9.0000 4.0000
v 13.0000 -4.0000 3.0000
v 13.0000 8.0000 3.0000
v 13.0000 10.0000 3.0000
v 13.0000 9.0000 3.0000
v 13.0000 -4.0000 2.0000
v 13.0000 8.0000 2.0000
v 13.0000 10.0000 2.0000
v 13.0000 9.0000 2.0000
v 13.0000 -4.0000 1.0000
v 13.0000 8.0000 1.0000
v 13.0000 10.0000 1.0000
v 13.0000 9.0000 1.0000
v 13.0000 -4.0000 -0.0000
v 13.0000 8.0000 -0.0000
v 13.0000 10.0000 -0.0000
v 13.0000 9.0000 -0.0000
v 13.0000 -4.0000 -1.0000
v 13.0000 8.0000 -1.0000
v 13.0000 10.0000 -1.0000
v 13.0000 9.0000 -1.0000
v 13.0000 -4.0000 -2.0000
v 13.0000 8.0000 -2.0000
v 13.0000 10.0000 -2.0000
v 13.0000 9.0000 -2.0000
v 13.0000 -4.0000 -3.0000
v 13.0000 8.0000 -3.0000
v 13.0000 10.0000 -3.0000
v 13.0000 9.0000 -3.0000
v 13.0000 -4.0000 -4.0000
v 13.0000 10.0000 -4.0000
v 13.0000 -4.0000 -5.0000
v 13.0000 10.0000 -5.0000
v 13.0000 -4.0000 -6.0000
v 13.0000 10.0000 -6.0000
v 13.0000 -4.0000 -7.0000
v 13.0000 10.0000 -7.0000
v 13.0000 -4.0000 -8.0000
v 13.0000 10.0000 -8.0000
v 13.0000 -4.0000 -9.0000
v 13.0000 10.0000 -9.0000
v 13.0000 -4.0000 -10.0000
v 13.0000 10.0000 -10.0000
v 13.0000 -4.0000 -11.0000
v 13.0000 10.0000 -11.0000
v 13.0000 -4.0000 -12.0000
v 13.0000 10.0000 -12.0000
v 13.0000 -4.0000 -13.0000
v 13.0000 10.0000 -13.0000
v 13.0000 -4.0000 -14.0000
v 13.0000 10.0000 -14.0000
v 12.0000 -12.0000 -14.0000
v 13.0000 -12.0000 -15.0000
v 13.0000 -12.0000 -14.0000
v 13.0000 -11.0000 -14.0000
v 12.0000 -11.0000 -14.0000
v 13.0000 -11.0000 -15.0000
v 13.0000 -10.0000 -14.0000
v 12.0000 -10.0000 -14.0000
v 13.0000 -10.0000 -15.0000
v 13.0000 -9.0000 -14.0000
v 12.0000 -9.0000 -14.0000
v 13.0000 -9.0000 -15.0000
v 13.0000 -8.0000 -14.0000
v 12.0000 -8.0000 -14.0000
v 13.0000 -8.0000 -15.0000
v 13.0000 -7.0000 -14.0000
v 12.0000 -7.0000 -14.0000
v 13.0000 -7.0000 -15.0000
v 13.0000 -6.0000 -14.0000
v 12.0000 -6.0000 -14.0000
v 13.0000 -6.0000 -15.0000
v 13.0000 -5.0000 -14.0000
v 13.0000 -5.0000 -15.0000
v 13.0000 -4.0000 -15.0000
v 13.0000 1.0000 -15.0000
v 13.0000 0.0000 -15.0000
v 13.0000 10.0000 -15.0000
v 13.0000 -12.0000 -16.0000
v 13.0000 -11.0000 -16.0000
v 13.0000 -10.0000 -16.0000
v 13.0000 -9.0000 -16.0000
v 13.0000 -8.0000 -16.0000
v 13.0000 -7.0000 -16.0000
v 13.0000 -6.0000 -16.0000
v 13.0000 -5.0000 -16.0000
v 13.0000 -4.0000 -16.0000
v 13.0000 -3.0000 -16.0000
v 13.0000 -2.0000 -16.0000
v 13.0000 -1.0000 -16.0000
v 13.0000 0.0000 -16.0000
v 13.0000 1.0000 -16.0000
v 13.0000 2.0000 -16.0000
v 13.0000 3.0000 -16.0000
v 13.0000 4.0000 -16.0000
v 13.0000 5.0000 -16.0000
v 13.0000 6.0000 -16.0000
v 13.0000 7.0000 -16.0000
v 13.0000 8.0000 -16.0000
v 13.0000 9.0000 -16.0000
v 13.0000 10.0000 -16.0000
v 14.0000 -3.0000 15.0000
v 14.0000 -3.0000 16.0000
v 14.0000 -2.0000 16.0000
v 14.0000 -1.0000 16.0000
v 14.0000 -1.0000 15.0000
v 14.0000 0.0000 15.0000
v 14.0000 0.0000 16.0000
v 14.0000 1.0000 16.0000
v 14.0000 2.0000 16.0000
v 14.0000 3.0000 16.0000
v 14.0000 3.0000 15.0000
v 14.0000 -3.0000 14.0000
v 14.0000 3.0000 14.0000
v 14.0000 -3.0000 13.0000
v 14.0000 4.0000 14.0000
v 14.0000 5.0000 14.0000
v 14.0000 6.0000 14.0000
v 14.0000 7.0000 14.0000
v 14.0000 8.0000 14.0000
v 14.0000 9.0000 14.0000
v 14.0000 9.0000 13.0000
v 14.0000 -3.0000 12.0000
v 14.0000 10.0000 13.0000
v 14.0000 10.0000 12.0000
v 14.0000 -3.0000 11.0000
v 14.0000 10.0000 11.0000
v 14.0000 -5.0000 10.0000
v 14.0000 -5.0000 11.0000
v 14.0000 -4.0000 11.0000
v 14.0000 -4.0000 10.0000
v 14.0000 -3.0000 10.0000
v 14.0000 10.0000 10.0000
v 14.0000 -5.0000 9.0000
v 14.0000 -4.0000 9.0000
v 14.0000 -3.0000 9.0000
v 14.0000 10.0000 9.0000
v 14.0000 -5.0000 8.0000
v 14.0000 -4.0000 8.0000
v 14.0000 -3.0000 8.0000
v 14.0000 10.0000 8.0000
v 14.0000 -4.0000 7.0000
v 14.0000 -3.0000 7.0000
v 14.0000 10.0000 7.0000
v 14.0000 -4.0000 6.0000
v 14.0000 -3.0000 6.0000
v 14.0000 9.0000 6.0000
v 14.0000 8.0000 6.0000
v 14.0000 10.0000 6.0000
v 14.0000 -4.0000 5.0000
v 14.0000 -3.0000 5.0000
v 14.0000 8.0000 5.0000
v 14.0000 10.0000 5.0000
v 14.0000 9.0000 5.0000
v 14.0000 -4.0000 4.0000
v 14.0000 -3.0000 4.0000
v 14.0000 8.0000 4.0000
v 14.0000 10.0000 4.0000
v 14.0000 9.0000 4.0000
v 14.0000 -4.0000 3.0000
v 14.0000 -3.0000 3.0000
v 14.0000 8.0000 3.0000
v 14.0000 10.0000 3.0000
v 14.0000 9.0000 3.0000
v 14.0000 -4.0000 2.0000
v 14.0000 -3.0000 2.0000
v 14.0000 8.0000 2.0000
v 14.0000 10.0000 2.0000
v 14.0000 9.0000 2.0000
v 14.0000 -4.0000 1.0000
v 14.0000 -3.0000 1.0000
v 14.0000 8.0000 1.0000
v 14.0000 10.0000 1.0000
v 14.0000 9.0000 1.0000
v 14.0000 -4.0000 -0.0000
v 14.0000 -3.0000 -0.0000
v 14.0000 8.0000 -0.0000
v 14.0000 10.0000 -0.0000
v 14.0000 9.0000 -0.0000
v 14.0000 -4.0000 -1.0000
v 14.0000 -3.0000 -1.0000
v 14.0000 8.0000 -1.0000
v 14.0000 10.0000 -1.0000
v 14.0000 9.0000 -1.0000
v 14.0000 -4.0000 -2.0000
v 14.0000 -3.0000 -2.0000
v 14.0000 8.0000 -2.0000
v 14.0000 10.0000 -2.0000
v 14.0000 9.0000 -2.0000
v 14.0000 -4.0000 -3.0000
v 14.0000 -3.0000 -3.0000
v 14.0000 8.0000 -3.0000
v 14.0000 10.0000 -3.0000
v 14.0000 9.0000 -3.0000
v 14.0000 -4.0000 -4.0000
v 14.0000 -3.0000 -4.0000
v 14.0000 -1.0000 -3.0000
v 14.0000 -1.0000 -4.0000
v 14.0000 0.0000 -4.0000
v 14.0000 0.0000 -3.0000
v 14.0000 10.0000 -4.0000
v 14.0000 -4.0000 -5.0000
v 14.0000 -3.0000 -5.0000
v 14.0000 -1.0000 -5.0000
v 14.0000 0.0000 -5.0000
v 14.0000 10.0000 -5.0000
v 14.0000 -4.0000 -6.0000
v 14.0000 -3.0000 -6.0000
v 14.0000 -1.0000 -6.0000
v 14.0000 0.0000 -6.0000
v 14.0000 10.0000 -6.0000
v 14.0000 -4.0000 -7.0000
v 14.0000 -3.0000 -7.0000
v 14.0000 -1.0000 -7.0000
v 14.0000 0.0000 -7.0000
v 14.0000 10.0000 -7.0000
v 14.0000 -4.0000 -8.0000
v 14.0000 -3.0000 -8.0000
v 14.0000 -1.0000 -8.0000
v 14.0000 0.0000 -8.0000
v 14.0000 10.0000 -8.0000
v 14.0000 -4.0000 -9.0000
v 14.0000 -3.0000 -9.0000
v 14.0000 -1.0000 -9.0000
v 14.0000 0.0000 -9.0000
v 14.0000 10.0000 -9.0000
v 14.0000 -4.0000 -10.0000
v 14.0000 -3.0000 -10.0000
v 14.0000 -1.0000 -10.0000
v 14.0000 0.0000 -10.0000
v 14.0000 10.0000 -10.0000
v 14.0000 -4.0000 -11.0000
v 14.0000 -3.0000 -11.0000
v 14.0000 -1.0000 -11.0000
v 14.0000 0.0000 -11.0000
v 14.0000 10.0000 -11.0000
v 14.0000 -4.0000 -12.0000
v 14.0000 -3.0000 -12.0000
v 14.0000 -1.0000 -12.0000
v 14.0000 0.0000 -12.0000
v 14.0000 10.0000 -12.0000
v 14.0000 -4.0000 -13.0000
v 14.0000 -3.0000 -13.0000
v 14.0000 -1.0000 -13.0000
v 14.0000 0.0000 -13.0000
v 14.0000 10.0000 -13.0000
v 14.0000 -4.0000 -14.0000
v 14.0000 -3.0000 -14.0000
v 14.0000 -1.0000 -14.0000
v 14.0000 0.0000 -14.0000
v 14.0000 10.0000 -14.0000
v 14.0000 -4.0000 -15.0000
v 14.0000 -3.0000 -15.0000
v 14.0000 -1.0000 -15.0000
v 14.0000 0.0000 -15.0000
v 14.0000 1.0000 -15.0000
v 14.0000 10.0000 -15.0000
v 14.0000 -4.0000 -16.0000
v 14.0000 -3.0000 -16.0000
v 14.0000 -2.0000 -16.0000
v 14.0000 -1.0000 -16.0000
v 14.0000 0.0000 -16.0000
v 14.0000 1.0000 -16.0000
v 14.0000 2.0000 -16.0000
v 14.0000 3.0000 -16.0000
v 14.0000 4.0000 -16.0000
v 14.0000 5.0000 -16.0000
v 14.0000 6.0000 -16.0000
v 14.0000 7.0000 -16.0000
v 14.0000 8.0000 -16.0000
v 14.0000 9.0000 -16.0000
v 14.0000 10.0000 -16.0000
v 15.0000 -3.0000 15.0000
v 15.0000 -3.0000 16.0000
v 15.0000 -2.0000 16.0000
v 15.0000 -1.0000 16.0000
v 15.0000 -1.0000 15.0000
v 15.0000 0.0000 15.0000
v 15.0000 0.0000 16.0000
v 15.0000 1.0000 16.0000
v 15.0000 2.0000 16.0000
v 15.0000 3.0000 16.0000
v 15.0000 4.0000 16.0000
v 14.0000 4.0000 16.0000
v 14.0000 4.0000 15.0000
v 15.0000 5.0000 16.0000
v 14.0000 5.0000 16.0000
v 14.0000 5.0000 15.0000
v 15.0000 6.0000 16.0000
v 14.0000 6.0000 16.0000
v 14.0000 6.0000 15.0000
v 15.0000 7.0000 16.0000
v 14.0000 7.0000 16.0000
v 14.0000 7.0000 15.0000
v 15.0000 8.0000 16.0000
v 14.0000 8.0000 16.0000
v 14.0000 8.0000 15.0000
v 14.0000 9.0000 16.0000
v 15.0000 9.0000 16.0000
v 15.0000 9.0000 15.0000
v 14.0000 9.0000 15.0000
v 15.0000 -3.0000 14.0000
v 15.0000 -2.0000 14.0000
v 15.0000 -2.0000 15.0000
v 15.0000 -1.0000 14.0000
v 15.0000 0.0000 14.0000
v 15.0000 9.0000 14.0000
v 15.0000 -3.0000 13.0000
v 15.0000 -2.0000 13.0000
v 15.0000 -1.0000 13.0000
v 15.0000 0.0000 13.0000
v 15.0000 9.0000 13.0000
v 15.0000 -3.0000 12.0000
v 15.0000 -2.0000 12.0000
v 15.0000 -1.0000 12.0000
v 15.0000 0.0000 12.0000
v 15.0000 10.0000 13.0000
v 15.0000 10.0000 12.0000
v 15.0000 -3.0000 11.0000
v 15.0000 -2.0000 11.0000
v 15.0000 -1.0000 11.0000
v 15.0000 0.0000 11.0000
v 15.0000 10.0000 11.0000
v 15.0000 -3.0000 10.0000
v 15.0000 -2.0000 10.0000
v 15.0000 -1.0000 10.0000
v 15.0000 0.0000 10.0000
v 15.0000 10.0000 10.0000
v 15.0000 -3.0000 9.0000
v 15.0000 -2.0000 9.0000
v 15.0000 -1.0000 9.0000
v 15.0000 0.0000 9.0000
v 15.0000 10.0000 9.0000
v 15.0000 -3.0000 8.0000
v 15.0000 -2.0000 8.0000
v 15.0000 -1.0000 8.0000
v 15.0000 0.0000 8.0000
v 15.0000 10.0000 8.0000
v 15.0000 -3.0000 7.0000
v 15.0000 -2.0000 7.0000
v 15.0000 -1.0000 7.0000
v 15.0000 0.0000 7.0000
v 15.0000 10.0000 7.0000
v 15.0000 -3.0000 6.0000
v 15.0000 -2.0000 6.0000
v 15.0000 -1.0000 6.0000
v 15.0000 0.0000 6.0000
v 15.0000 10.0000 6.0000
v 15.0000 -3.0000 5.0000
v 15.0000 -2.0000 5.0000
v 15.0000 -1.0000 5.0000
v 15.0000 0.0000 5.0000
v 15.0000 10.0000 5.0000
v 15.0000 -3.0000 4.0000
v 15.0000 -2.0000 4.0000
v 15.0000 10.0000 4.0000
v 15.0000 -3.0000 3.0000
v 15.0000 -2.0000 3.0000
v 15.0000 -1.0000 3.0000
v 15.0000 -1.0000 4.0000
v 15.0000 10.0000 3.0000
v 15.0000 -3.0000 2.0000
v 15.0000 -2.0000 2.0000
v 15.0000 -1.0000 2.0000
v 15.0000 10.0000 2.0000
v 15.0000 -3.0000 1.0000
v 15.0000 -2.0000 1.0000
v 15.0000 -1.0000 1.0000
v 15.0000 10.0000 1.0000
v 15.0000 -3.0000 -0.0000
v 15.0000 -2.0000 -0.0000
v 15.0000 -1.0000 -0.0000
v 15.0000 10.0000 -0.0000
v 15.0000 -3.0000 -1.0000
v 15.0000 -2.0000 -1.0000
v 15.0000 -1.0000 -1.0000
v 15.0000 10.0000 -1.0000
v 15.0000 -3.0000 -2.0000
v 15.0000 -2.0000 -2.0000
v 15.0000 -1.0000 -2.0000
v 15.0000 10.0000 -2.0000
v 15.0000 -3.0000 -3.0000
v 15.0000 -2.0000 -3.0000
v 15.0000 0.0000 -3.0000
v 15.0000 -1.0000 -3.0000
v 15.0000 10.0000 -3.0000
v 15.0000 -3.0000 -4.0000
v 15.0000 -2.0000 -4.0000
v 15.0000 -1.0000 -4.0000
v 15.0000 0.0000 -4.0000
v 15.0000 10.0000 -4.0000
v 15.0000 -3.0000 -5.0000
v 15.0000 -2.0000 -5.0000
v 15.0000 -1.0000 -5.0000
v 15.0000 0.0000 -5.0000
v 15.0000 10.0000 -5.0000
v 15.0000 -3.0000 -6.0000
v 15.0000 -2.0000 -6.0000
v 15.0000 -1.0000 -6.0000
v 15.0000 0.0000 -6.0000
v 15.0000 10.0000 -6.0000
v 15.0000 -3.0000 -7.0000
v 15.0000 -2.0000 -7.0000
v 15.0000 -1.0000 -7.0000
v 15.0000 0.0000 -7.0000
v 15.0000 10.0000 -7.0000
v 15.0000 -3.0000 -8.0000
v 15.0000 -2.0000 -8.0000
v 15.0000 -1.0000 -8.0000
v 15.0000 0.0000 -8.0000
v 15.0000 10.0000 -8.0000
v 15.0000 -3.0000 -9.0000
v 15.0000 -2.0000 -9.0000
v 15.0000 -1.0000 -9.0000
v 15.0000 0.0000 -9.0000
v 15.0000 10.0000 -9.0000
v 15.0000 -3.0000 -10.0000
v 15.0000 -2.0000 -10.0000
v 15.0000 -1.0000 -10.0000
v 15.0000 0.0000 -10.0000
v 15.0000 10.0000 -10.0000
v 15.0000 -3.0000 -11.0000
v 15.0000 -2.0000 -11.0000
v 15.0000 -1.0000 -11.0000
v 15.0000 0.0000 -11.0000
v 15.0000 10.0000 -11.0000
v 15.0000 -3.0000 -12.0000
v 15.0000 -2.0000 -12.0000
v 15.0000 -1.0000 -12.0000
v 15.0000 0.0000 -12.0000
v 15.0000 10.0000 -12.0000
v 15.0000 -3.0000 -13.0000
v 15.0000 -2.0000 -13.0000
v 15.0000 -1.0000 -13.0000
v 15.0000 0.0000 -13.0000
v 15.0000 10.0000 -13.0000
v 15.0000 -3.0000 -14.0000
v 15.0000 -2.0000 -14.0000
v 15.0000 -1.0000 -14.0000
v 15.0000 0.0000 -14.0000
v 15.0000 10.0000 -14.0000
v 15.0000 -3.0000 -15.0000
v 15.0000 -2.0000 -15.0000
v 15.0000 -1.0000 -15.0000
v 15.0000 0.0000 -15.0000
v 15.0000 1.0000 -15.0000
v 15.0000 10.0000 -15.0000
v 15.0000 -3.0000 -16.0000
v 15.0000 -2.0000 -16.0000
v 15.0000 -1.0000 -16.0000
v 15.0000 0.0000 -16.0000
v 15.0000 1.0000 -16.0000
v 15.0000 2.0000 -16.0000
v 15.0000 3.0000 -16.0000
v 15.0000 4.0000 -16.0000
v 15.0000 5.0000 -16.0000
v 15.0000 6.0000 -16.0000
v 15.0000 7.0000 -16.0000
v 15.0000 8.0000 -16.0000
v 15.0000 9.0000 -16.0000
v 15.0000 10.0000 -16.0000
v 16.0000 -3.0000 15.0000
v 16.0000 -3.0000 16.0000
v 16.0000 -2.0000 16.0000
v 16.0000 -2.0000 15.0000
v 16.0000 -1.0000 16.0000
v 16.0000 -1.0000 15.0000
v 16.0000 0.0000 15.0000
v 16.0000 0.0000 16.0000
v 16.0000 1.0000 16.0000
v 16.0000 1.0000 15.0000
v 16.0000 2.0000 16.0000
v 16.0000 2.0000 15.0000
v 16.0000 3.0000 16.0000
v 16.0000 3.0000 15.0000
v 16.0000 4.0000 16.0000
v 16.0000 4.0000 15.0000
v 16.0000 5.0000 16.0000
v 16.0000 5.0000 15.0000
v 16.0000 6.0000 16.0000
v 16.0000 6.0000 15.0000
v 16.0000 7.0000 16.0000
v 16.0000 7.0000 15.0000
v 16.0000 8.0000 16.0000
v 16.0000 8.0000 15.0000
v 16.0000 9.0000 16.0000
v 16.0000 9.0000 15.0000
v 16.0000 -1.0000 14.0000
v 16.0000 -2.0000 14.0000
v 16.0000 0.0000 14.0000
v 16.0000 1.0000 14.0000
v 16.0000 2.0000 14.0000
v 16.0000 3.0000 14.0000
v 16.0000 4.0000 14.0000
v 16.0000 5.0000 14.0000
v 16.0000 6.0000 14.0000
v 16.0000 7.0000 14.0000
v 16.0000 8.0000 14.0000
v 16.0000 9.0000 14.0000
v 16.0000 -1.0000 13.0000
v 16.0000 -2.0000 13.0000
v 16.0000 0.0000 13.0000
v 16.0000 1.0000 13.0000
v 16.0000 2.0000 13.0000
v 16.0000 3.0000 13.0000
v 16.0000 4.0000 13.0000
v 16.0000 5.0000 13.0000
v 16.0000 6.0000 13.0000
v 16.0000 7.0000 13.0000
v 16.0000 8.0000 13.0000
v 16.0000 9.0000 13.0000
v 16.0000 -1.0000 12.0000
v 16.0000 -2.0000 12.0000
v 16.0000 0.0000 12.0000
v 16.0000 1.0000 12.0000
v 16.0000 2.0000 12.0000
v 16.0000 3.0000 12.0000
v 16.0000 4.0000 12.0000
v 16.0000 5.0000 12.0000
v 16.0000 6.0000 12.0000
v 16.0000 7.0000 12.0000
v 16.0000 8.0000 12.0000
v 16.0000 9.0000 12.0000
v 16.0000 10.0000 13.0000
v 16.0000 10.0000 12.0000
v 16.0000 -1.0000 11.0000
v 16.0000 -2.0000 11.0000
v 16.0000 0.0000 11.0000
v 16.0000 1.0000 11.0000
v 16.0000 2.0000 11.0000
v 16.0000 3.0000 11.0000
v 16.0000 4.0000 11.0000
v 16.0000 5.0000 11.0000
v 16.0000 6.0000 11.0000
v 16.0000 7.0000 11.0000
v 16.0000 8.0000 11.0000
v 16.0000 9.0000 11.0000
v 16.0000 10.0000 11.0000
v 16.0000 -1.0000 10.0000
v 16.0000 -2.0000 10.0000
v 16.0000 0.0000 10.0000
v 16.0000 1.0000 10.0000
v 16.0000 2.0000 10.0000
v 16.0000 3.0000 10.0000
v 16.0000 4.0000 10.0000
v 16.0000 5.0000 10.0000
v 16.0000 6.0000 10.0000
v 16.0000 7.0000 10.0000
v 16.0000 8.0000 10.0000
v 16.0000 9.0000 10.0000
v 16.0000 10.0000 10.0000
v 16.0000 -1.0000 9.0000
v 16.0000 -2.0000 9.0000
v 16.0000 0.0000 9.0000
v 16.0000 1.0000 9.0000
v 16.0000 2.0000 9.0000
v 16.0000 3.0000 9.0000
v 16.0000 4.0000 9.0000
v 16.0000 5.0000 9.0000
v 16.0000 6.0000 9.0000
v 16.0000 7.0000 9.0000
v 16.0000 8.0000 9.0000
v 16.0000 9.0000 9.0000
v 16.0000 10.0000 9.0000
v 16.0000 -1.0000 8.0000
v 16.0000 -2.0000 8.0000
v 16.0000 0.0000 8.0000
v 16.0000 1.0000 8.0000
v 16.0000 2.0000 8.0000
v 16.0000 3.0000 8.0000
v 16.0000 4.0000 8.0000
v 16.0000 5.0000 8.0000
v 16.0000 6.0000 8.0000
v 16.0000 7.0000 8.0000
v 16.0000 8.0000 8.0000
v 16.0000 9.0000 8.0000
v 16.0000 10.0000 8.0000
v 16.0000 -1.0000 7.0000
v 16.0000 -2.0000 7.0000
v 16.0000 0.0000 7.0000
v 16.0000 1.0000 7.0000
v 16.0000 2.0000 7.0000
v 16.0000 3.0000 7.0000
v 16.0000 4.0000 7.0000
v 16.0000 5.0000 7.0000
v 16.0000 6.0000 7.0000
v 16.0000 7.0000 7.0000
v 16.0000 8.0000 7.0000
v 16.0000 9.0000 7.0000
v 16.0000 10.0000 7.0000
v 16.0000 -1.0000 6.0000
v 16.0000 -2.0000 6.0000
v 16.0000 0.0000 6.0000
v 16.0000 1.0000 6.0000
v 16.0000 2.0000 6.0000
v 16.0000 3.0000 6.0000
v 16.0000 4.0000 6.0000
v 16.0000 5.0000 6.0000
v 16.0000 6.0000 6.0000
v 16.0000 7.0000 6.0000
v 16.0000 8.0000 6.0000
v 16.0000 9.0000 6.0000
v 16.0000 10.0000 6.0000
v 16.0000 -1.0000 5.0000
v 16.0000 -2.0000 5.0000
v 16.0000 0.0000 5.0000
v 16.0000 1.0000 5.0000
v 16.0000 2.0000 5.0000
v 16.0000 3.0000 5.0000
v 16.0000 4.0000 5.0000
v 16.0000 5.0000 5.0000
v 16.0000 6.0000 5.0000
v 16.0000 7.0000 5.0000
v 16.0000 8.0000 5.0000
v 16.0000 9.0000 5.0000
v 16.0000 10.0000 5.0000
v 16.0000 -2.0000 4.0000
v 16.0000 -1.0000 4.0000
v 16.0000 0.0000 4.0000
v 16.0000 1.0000 4.0000
v 16.0000 2.0000 4.0000
v 16.0000 3.0000 4.0000
v 16.0000 4.0000 4.0000
v 16.0000 5.0000 4.0000
v 16.0000 6.0000 4.0000
v 16.0000 7.0000 4.0000
v 16.0000 8.0000 4.0000
v 16.0000 9.0000 4.0000
v 16.0000 10.0000 4.0000
v 16.0000 -1.0000 3.0000
v 16.0000 0.0000 3.0000
v 16.0000 1.0000 3.0000
v 16.0000 2.0000 3.0000
v 16.0000 3.0000 3.0000
v 16.0000 4.0000 3.0000
v 16.0000 5.0000 3.0000
v 16.0000 6.0000 3.0000
v 16.0000 7.0000 3.0000
v 16.0000 8.0000 3.0000
v 16.0000 9.0000 3.0000
v 16.0000 10.0000 3.0000
v 16.0000 -1.0000 2.0000
v 16.0000 0.0000 2.0000
v 16.0000 1.0000 2.0000
v 16.0000 2.0000 2.0000
v 16.0000 3.0000 2.0000
v 16.0000 4.0000 2.0000
v 16.0000 5.0000 2.0000
v 16.0000 6.0000 2.0000
v 16.0000 7.0000 2.0000
v 16.0000 8.0000 2.0000
v 16.0000 9.0000 2.0000
v 16.0000 10.0000 2.0000
v 16.0000 -1.0000 1.0000
v 16.0000 0.0000 1.0000
v 16.0000 1.0000 1.0000
v 16.0000 2.0000 1.0000
v 16.0000 3.0000 1.0000
v 16.0000 4.0000 1.0000
v 16.0000 5.0000 1.0000
v 16.0000 6.0000 1.0000
v 16.0000 7.0000 1.0000
v 16.0000 8.0000 1.0000
v 16.0000 9.0000 1.0000
v 16.0000 10.0000 1.0000
v 16.0000 -1.0000 -0.0000
v 16.0000 0.0000 -0.0000
v 16.0000 1.0000 -0.0000
v 16.0000 2.0000 -0.0000
v 16.0000 3.0000 -0.0000
v 16.0000 4.0000 -0.0000
v 16.0000 5.0000 -0.0000
v 16.0000 6.0000 -0.0000
v 16.0000 7.0000 -0.0000
v 16.0000 8.0000 -0.0000
v 16.0000 9.0000 -0.0000
v 16.0000 10.0000 -0.0000
v 16.0000 -1.0000 -1.0000
v 16.0000 0.0000 -1.0000
v 16.0000 1.0000 -1.0000
v 16.0000 2.0000 -1.0000
v 16.0000 3.0000 -1.0000
v 16.0000 4.0000 -1.0000
v 16.0000 5.0000 -1.0000
v 16.0000 6.0000 -1.0000
v 16.0000 7.0000 -1.0000
v 16.0000 8.0000 -1.0000
v 16.0000 9.0000 -1.0000
v 16.0000 10.0000 -1.0000
v 16.0000 -1.0000 -2.0000
v 16.0000 0.0000 -2.0000
v 16.0000 1.0000 -2.0000
v 16.0000 2.0000 -2.0000
v 16.0000 3.0000 -2.0000
v 16.0000 4.0000 -2.0000
v 16.0000 5.0000 -2.0000
v 16.0000 6.0000 -2.0000
v 16.0000 7.0000 -2.0000
v 16.0000 8.0000 -2.0000
v 16.0000 9.0000 -2.0000
v 16.0000 10.0000 -2.0000
v 16.0000 -2.0000 -3.0000
v 16.0000 -2.0000 -2.0000
v 16.0000 -1.0000 -3.0000
v 16.0000 0.0000 -3.0000
v 16.0000 1.0000 -3.0000
v 16.0000 2.0000 -3.0000
v 16.0000 3.0000 -3.0000
v 16.0000 4.0000 -3.0000
v 16.0000 5.0000 -3.0000
v 16.0000 6.0000 -3.0000
v 16.0000 7.0000 -3.0000
v 16.0000 8.0000 -3.0000
v 16.0000 9.0000 -3.0000
v 16.0000 10.0000 -3.0000
v 16.0000 -1.0000 -4.0000
v 16.0000 -2.0000 -4.0000
v 16.0000 0.0000 -4.0000
v 16.0000 1.0000 -4.0000
v 16.0000 2.0000 -4.0000
v 16.0000 3.0000 -4.0000
v 16.0000 4.0000 -4.0000
v 16.0000 5.0000 -4.0000
v 16.0000 6.0000 -4.0000
v 16.0000 7.0000 -4.0000
v 16.0000 8.0000 -4.0000
v 16.0000 9.0000 -4.0000
v 16.0000 10.0000 -4.0000
v 16.0000 -1.0000 -5.0000
v 16.0000 -2.0000 -5.0000
v 16.0000 0.0000 -5.0000
v 16.0000 1.0000 -5.0000
v 16.0000 2.0000 -5.0000
v 16.0000 3.0000 -5.0000
v 16.0000 4.0000 -5.0000
v 16.0000 5.0000 -5.0000
v 16.0000 6.0000 -5.0000
v 16.0000 7.0000 -5.0000
v 16.0000 8.0000 -5.0000
v 16.0000 9.0000 -5.0000
v 16.0000 10.0000 -5.0000
v 16.0000 -1.0000 -6.0000
v 16.0000 -2.0000 -6.0000
v 16.0000 0.0000 -6.0000
v 16.0000 1.0000 -6.0000
v 16.0000 2.0000 -6.0000
v 16.0000 3.0000 -6.0000
v 16.0000 4.0000 -6.0000
v 16.0000 5.0000 -6.0000
v 16.0000 6.0000 -6.0000
v 16.0000 7.0000 -6.0000
v 16.0000 8.0000 -6.0000
v 16.0000 9.0000 -6.0000
v 16.0000 10.0000 -6.0000
v 16.0000 -1.0000 -7.0000
v 16.0000 -2.0000 -7.0000
v 16.0000 0.0000 -7.0000
v 16.0000 1.0000 -7.0000
v 16.0000 2.0000 -7.0000
v 16.0000 3.0000 -7.0000
v 16.0000 4.0000 -7.0000
v 16.0000 5.0000 -7.0000
v 16.0000 6.0000 -7.0000
v 16.0000 7.0000 -7.0000
v 16.0000 8.0000 -7.0000
v 16.0000 9.0000 -7.0000
v 16.0000 10.0000 -7.0000
v 16.0000 -1.0000 -8.0000
v 16.0000 -2.0000 -8.0000
v 16.0000 0.0000 -8.0000
v 16.0000 1.0000 -8.0000
v 16.0000 2.0000 -8.0000
v 16.0000 3.0000 -8.0000
v 16.0000 4.0000 -8.0000
v 16.0000 5.0000 -8.0000
v 16.0000 6.0000 -8.0000
v 16.0000 7.0000 -8.0000
v 16.0000 8.0000 -8.0000
v 16.0000 9.0000 -8.0000
v 16.0000 10.0000 -8.0000
v 16.0000 -1.0000 -9.0000
v 16.0000 -2.0000 -9.0000
v 16.0000 0.0000 -9.0000
v 16.0000 1.0000 -9.0000
v 16.0000 2.0000 -9.0000
v 16.0000 3.0000 -9.0000
v 16.0000 4.0000 -9.0000
v 16.0000 5.0000 -9.0000
v 16.0000 6.0000 -9.0000
v 16.0000 7.0000 -9.0000
v 16.0000 8.0000 -9.0000
v 16.0000 9.0000 -9.0000
v 16.0000 10.0000 -9.0000
v 16.0000 -1.0000 -10.0000
v 16.0000 -2.0000 -10.0000
v 16.0000 0.0000 -10.0000
v 16.0000 1.0000 -10.0000
v 16.0000 2.0000 -10.0000
v 16.0000 3.0000 -10.0000
v 16.0000 4.0000 -10.0000
v 16.0000 5.0000 -10.0000
v 16.0000 6.0000 -10.0000
v 16.0000 7.0000 -10.0000
v 16.0000 8.0000 -10.0000
v 16.0000 9.0000 -10.0000
v 16.0000 10.0000 -10.0000
v 16.0000 -1.0000 -11.0000
v 16.0000 -2.0000 -11.0000
v 16.0000 0.0000 -11.0000
v 16.0000 1.0000 -11.0000
v 16.0000 2.0000 -11.0000
v 16.0000 3.0000 -11.0000
v 16.0000 4.0000 -11.0000
v 16.0000 5.0000 -11.0000
v 16.0000 6.0000 -11.0000
v 16.0000 7.0000 -11.0000
v 16.0000 8.0000 -11.0000
v 16.0000 9.0000 -11.0000
v 16.0000 10.0000 -11.0000
v 16.0000 -1.0000 -12.0000
v 16.0000 -2.0000 -12.0000
v 16.0000 0.0000 -12.0000
v 16.0000 1.0000 -12.0000
v 16.0000 2.0000 -12.0000
v 16.0000 3.0000 -12.0000
v 16.0000 4.0000 -12.0000
v 16.0000 5.0000 -12.0000
v 16.0000 6.0000 -12.0000
v 16.0000 7.0000 -12.0000
v 16.0000 8.0000 -12.0000
v 16.0000 9.0000 -12.0000
v 16.0000 10.0000 -12.0000
v 16.0000 -1.0000 -13.0000
v 16.0000 -2.0000 -13.0000
v 16.0000 0.0000 -13.0000
v 16.0000 1.0000 -13.0000
v 16.0000 2.0000 -13.0000
v 16.0000 3.0000 -13.0000
v 16.0000 4.0000 -13.0000
v 16.0000 5.0000 -13.0000
v 16.0000 6.0000 -13.0000
v 16.0000 7.0000 -13.0000
v 16.0000 8.0000 -13.0000
v 16.0000 9.0000 -13.0000
v 16.0000 10.0000 -13.0000
v 16.0000 -1.0000 -14.0000
v 16.0000 -2.0000 -14.0000
v 16.0000 0.0000 -14.0000
v 16.0000 1.0000 -14.0000
v 16.0000 2.0000 -14.0000
v 16.0000 3.0000 -14.0000
v 16.0000 4.0000 -14.0000
v 16.0000 5.0000 -14.0000
v 16.0000 6.0000 -14.0000
v 16.0000 7.0000 -14.0000
v 16.0000 8.0000 -14.0000
v 16.0000 9.0000 -14.0000
v 16.0000 10.0000 -14.0000
v 16.0000 -1.0000 -15.0000
v 16.0000 -2.0000 -15.0000
v 16.0000 0.0000 -15.0000
v 16.0000 1.0000 -15.0000
v 16.0000 2.0000 -15.0000
v 16.0000 3.0000 -15.0000
v 16.0000 4.0000 -15.0000
v 16.0000 5.0000 -15.0000
v 16.0000 6.0000 -15.0000
v 16.0000 7.0000 -15.0000
v 16.0000 8.0000 -15.0000
v 16.0000 9.0000 -15.0000
v 16.0000 10.0000 -15.0000
v 16.0000 -2.0000 -16.0000
v 16.0000 -1.0000 -16.0000
v 16.0000 0.0000 -16.0000
v 16.0000 1.0000 -16.0000
v 16.0000 2.0000 -16.0000
v 16.0000 3.0000 -16.0000
v 16.0000 4.0000 -16.0000
v 16.0000 5.0000 -16.0000
v 16.0000 6.0000 -16.0000
v 16.0000 7.0000 -16.0000
v 16.0000 8.0000 -16.0000
v 16.0000 9.0000 -16.0000
v 16.0000 10.0000 -16.0000
vt 0.001953 0.500000
vt 0.005859 0.500000
vt 0.009766 0.500000
vt 0.013672 0.500000
vt 0.017578 0.500000
vt 0.021484 0.500000
vn 0.0 -1.0 0.0
vn 0.0 1.0 0.0
vn 0.0 0.0 1.0
vn 0.0 0.0 -1.0
vn -1.0 0.0 0.0
vn 1.0 0.0 0.0
usemtl mat_Manzano_Paula_Alejandra_Rincón_Otalvaro_fase_4
s off
f 1/1/2 2/1/2 3/1/2 4/1/2
f 5/1/1 6/1/1 7/1/1 8/1/1
f 5/1/3 8/1/3 2/1/3 1/1/3
f 5/1/5 1/1/5 4/1/5 6/1/5
f 9/2/1 10/2/1 11/2/1 12/2/1
f 9/2/3 12/2/3 13/2/3 14/2/3
f 9/2/5 14/2/5 15/2/5 10/2/5
f 16/2/2 17/2/2 18/2/2 19/2/2
f 14/2/3 13/2/3 17/2/3 16/2/3
f 14/2/5 16/2/5 19/2/5 15/2/5
f 6/1/1 20/1/1 21/1/1 7/1/1
f 6/1/5 4/1/5 22/1/5 20/1/5
f 4/1/3 3/1/3 11/1/3 10/1/3
f 4/1/5 10/1/5 23/1/5 22/1/5
f 10/2/5 15/2/5 24/2/5 23/2/5
f 19/2/2 18/2/2 25/2/2 26/2/2
f 15/2/5 19/2/5 26/2/5 24/2/5
f 20/1/1 27/1/1 28/1/1 21/1/1
f 27/1/4 29/1/4 30/1/4 28/1/4
f 20/1/5 22/1/5 29/1/5 27/1/5
f 22/1/5 23/1/5 31/1/5 29/1/5
f 23/2/5 24/2/5 32/2/5 31/2/5
f 26/2/2 25/2/2 33/2/2 34/2/2
f 24/2/5 26/2/5 34/2/5 32/2/5
f 29/1/1 35/1/1 36/1/1 30/1/1
f 29/1/5 31/1/5 37/1/5 35/1/5
f 31/2/5 32/2/5 38/2/5 37/2/5
f 34/2/2 33/2/2 39/2/2 40/2/2
f 32/2/5 34/2/5 40/2/5 38/2/5
f 35/1/1 41/1/1 42/1/1 36/1/1
f 41/1/4 43/1/4 44/1/4 42/1/4
f 35/1/5 37/1/5 43/1/5 41/1/5
f 37/2/5 38/2/5 45/2/5 43/2/5
f 40/2/2 39/2/2 46/2/2 47/2/2
f 38/2/5 40/2/5 47/2/5 45/2/5
f 43/2/1 48/2/1 49/2/1 44/2/1
f 43/2/5 45/2/5 50/2/5 48/2/5
f 47/2/2 46/2/2 51/2/2 52/2/2
f 45/2/5 47/2/5 52/2/5 50/2/5
f 48/2/1 53/2/1 54/2/1 49/2/1
f 48/2/5 50/2/5 55/2/5 53/2/5
f 52/2/2 51/2/2 56/2/2 57/2/2
f 50/2/5 52/2/5 57/2/5 55/2/5
f 53/2/1 58/2/1 59/2/1 54/2/1
f 53/2/5 55/2/5 60/2/5 58/2/5
f 57/2/2 56/2/2 61/2/2 62/2/2
f 55/2/5 57/2/5 62/2/5 60/2/5
f 58/2/1 63/2/1 64/2/1 59/2/1
f 58/2/5 60/2/5 65/2/5 63/2/5
f 62/2/2 61/2/2 66/2/2 67/2/2
f 60/2/5 62/2/5 67/2/5 65/2/5
f 63/2/1 68/2/1 69/2/1 64/2/1
f 63/2/5 65/2/5 70/2/5 68/2/5
f 67/2/2 66/2/2 71/2/2 72/2/2
f 65/2/5 67/2/5 72/2/5 70/2/5
f 68/2/1 73/2/1 74/2/1 69/2/1
f 68/2/5 70/2/5 75/2/5 73/2/5
f 72/2/2 71/2/2 76/2/2 77/2/2
f 70/2/5 72/2/5 77/2/5 75/2/5
f 73/2/1 78/2/1 79/2/1 74/2/1
f 73/2/5 75/2/5 80/2/5 78/2/5
f 77/2/2 76/2/2 81/2/2 82/2/2
f 75/2/5 77/2/5 82/2/5 80/2/5
f 78/2/1 83/2/1 84/2/1 79/2/1
f 78/2/5 80/2/5 85/2/5 83/2/5
f 82/2/2 81/2/2 86/2/2 87/2/2
f 80/2/5 82/2/5 87/2/5 85/2/5
f 83/2/1 88/2/1 89/2/1 84/2/1
f 83/2/5 85/2/5 90/2/5 88/2/5
f 87/2/2 86/2/2 91/2/2 92/2/2
f 85/2/5 87/2/5 92/2/5 90/2/5
f 88/2/1 93/2/1 94/2/1 89/2/1
f 88/2/5 90/2/5 95/2/5 93/2/5
f 92/2/2 91/2/2 96/2/2 97/2/2
f 90/2/5 92/2/5 97/2/5 95/2/5
f 93/2/1 98/2/1 99/2/1 94/2/1
f 93/2/5 95/2/5 100/2/5 98/2/5
f 97/2/2 96/2/2 101/2/2 102/2/2
f 95/2/5 97/2/5 102/2/5 100/2/5
f 98/2/1 103/2/1 104/2/1 99/2/1
f 98/2/5 100/2/5 105/2/5 103/2/5
f 102/2/2 101/2/2 106/2/2 107/2/2
f 100/2/5 102/2/5 107/2/5 105/2/5
f 103/2/1 108/2/1 109/2/1 104/2/1
f 103/2/5 105/2/5 110/2/5 108/2/5
f 107/2/2 106/2/2 111/2/2 112/2/2
f 105/2/5 107/2/5 112/2/5 110/2/5
f 108/2/1 113/2/1 114/2/1 109/2/1
f 108/2/5 110/2/5 115/2/5 113/2/5
f 112/2/2 111/2/2 116/2/2 117/2/2
f 110/2/5 112/2/5 117/2/5 115/2/5
f 113/2/1 118/2/1 119/2/1 114/2/1
f 113/2/5 115/2/5 120/2/5 118/2/5
f 117/2/2 116/2/2 121/2/2 122/2/2
f 115/2/5 117/2/5 122/2/5 120/2/5
f 118/2/1 123/2/1 124/2/1 119/2/1
f 118/2/5 120/2/5 125/2/5 123/2/5
f 122/2/2 121/2/2 126/2/2 127/2/2
f 120/2/5 122/2/5 127/2/5 125/2/5
f 123/2/1 128/2/1 129/2/1 124/2/1
f 123/2/5 125/2/5 130/2/5 128/2/5
f 127/2/2 126/2/2 131/2/2 132/2/2
f 125/2/5 127/2/5 132/2/5 130/2/5
f 128/2/1 133/2/1 134/2/1 129/2/1
f 128/2/5 130/2/5 135/2/5 133/2/5
f 132/2/2 131/2/2 136/2/2 137/2/2
f 130/2/5 132/2/5 137/2/5 135/2/5
f 133/2/1 138/2/1 139/2/1 134/2/1
f 133/2/5 135/2/5 140/2/5 138/2/5
f 135/2/5 137/2/5 141/2/5 140/2/5
f 142/3/2 143/3/2 144/3/2 145/3/2
f 137/3/3 136/3/3 143/3/3 142/3/3
f 137/3/5 142/3/5 145/3/5 141/3/5
f 138/2/1 146/2/1 147/2/1 139/2/1
f 138/2/5 140/2/5 148/2/5 146/2/5
f 140/2/5 141/2/5 149/2/5 148/2/5
f 145/3/2 144/3/2 150/3/2 151/3/2
f 149/3/4 151/3/4 150/3/4 152/3/4
f 141/3/5 145/3/5 151/3/5 149/3/5
f 146/2/1 153/2/1 154/2/1 147/2/1
f 146/2/5 148/2/5 155/2/5 153/2/5
f 149/2/2 152/2/2 156/2/2 157/2/2
f 148/2/5 149/2/5 157/2/5 155/2/5
f 153/2/1 158/2/1 159/2/1 154/2/1
f 153/2/5 155/2/5 160/2/5 158/2/5
f 157/2/2 156/2/2 161/2/2 162/2/2
f 155/2/5 157/2/5 162/2/5 160/2/5
f 158/2/1 163/2/1 164/2/1 159/2/1
f 158/2/5 160/2/5 165/2/5 163/2/5
f 160/2/5 162/2/5 166/2/5 165/2/5
f 167/3/2 168/3/2 169/3/2 170/3/2
f 162/3/3 161/3/3 168/3/3 167/3/3
f 162/3/5 167/3/5 170/3/5 166/3/5
f 163/2/1 171/2/1 172/2/1 164/2/1
f 163/2/5 165/2/5 173/2/5 171/2/5
f 165/2/5 166/2/5 174/2/5 173/2/5
f 170/3/2 169/3/2 175/3/2 176/3/2
f 174/3/4 176/3/4 175/3/4 177/3/4
f 166/3/5 170/3/5 176/3/5 174/3/5
f 171/2/1 178/2/1 179/2/1 172/2/1
f 171/2/5 173/2/5 180/2/5 178/2/5
f 174/2/2 177/2/2 181/2/2 182/2/2
f 173/2/5 174/2/5 182/2/5 180/2/5
f 178/2/1 183/2/1 184/2/1 179/2/1
f 178/2/5 180/2/5 185/2/5 183/2/5
f 182/2/2 181/2/2 186/2/2 187/2/2
f 180/2/5 182/2/5 187/2/5 185/2/5
f 188/1/1 189/1/1 190/1/1 191/1/1
f 188/1/3 191/1/3 192/1/3 193/1/3
f 189/1/4 194/1/4 195/1/4 190/1/4
f 191/1/6 190/1/6 195/1/6 192/1/6
f 188/1/5 193/1/5 194/1/5 189/1/5
f 193/1/3 192/1/3 184/1/3 183/1/3
f 194/1/4 196/1/4 197/1/4 195/1/4
f 193/1/5 183/1/5 196/1/5 194/1/5
f 196/2/4 198/2/4 199/2/4 197/2/4
f 184/2/6 197/2/6 199/2/6 200/2/6
f 183/2/5 185/2/5 198/2/5 196/2/5
f 187/2/2 186/2/2 201/2/2 202/2/2
f 198/2/4 202/2/4 201/2/4 199/2/4
f 185/2/5 187/2/5 202/2/5 198/2/5
f 2/1/2 203/1/2 204/1/2 3/1/2
f 8/1/1 7/1/1 205/1/1 206/1/1
f 8/1/3 206/1/3 203/1/3 2/1/3
f 206/1/6 205/1/6 204/1/6 203/1/6
f 12/2/1 11/2/1 207/2/1 208/2/1
f 12/2/3 208/2/3 209/2/3 13/2/3
f 17/2/2 210/2/2 211/2/2 18/2/2
f 13/2/3 209/2/3 210/2/3 17/2/3
f 7/1/1 21/1/1 212/1/1 205/1/1
f 205/1/6 212/1/6 213/1/6 204/1/6
f 3/1/3 204/1/3 207/1/3 11/1/3
f 18/2/2 211/2/2 214/2/2 25/2/2
f 21/1/1 28/1/1 215/1/1 212/1/1
f 28/1/4 30/1/4 216/1/4 215/1/4
f 212/1/6 215/1/6 216/1/6 213/1/6
f 25/2/2 214/2/2 217/2/2 33/2/2
f 30/1/1 36/1/1 218/1/1 216/1/1
f 33/2/2 217/2/2 219/2/2 39/2/2
f 36/1/1 42/1/1 220/1/1 218/1/1
f 39/2/2 219/2/2 221/2/2 46/2/2
f 222/1/1 223/1/1 224/1/1 225/1/1
f 222/1/3 225/1/3 220/1/3 42/1/3
f 223/1/4 226/1/4 227/1/4 224/1/4
f 225/1/6 224/1/6 227/1/6 220/1/6
f 222/1/5 42/1/5 226/1/5 223/1/5
f 42/1/5 44/1/5 49/1/5 226/1/5
f 46/2/2 221/2/2 228/2/2 51/2/2
f 226/1/1 229/1/1 230/1/1 227/1/1
f 226/1/5 49/1/5 54/1/5 229/1/5
f 51/2/2 228/2/2 231/2/2 56/2/2
f 229/1/1 232/1/1 233/1/1 230/1/1
f 229/1/5 54/1/5 59/1/5 232/1/5
f 56/2/2 231/2/2 234/2/2 61/2/2
f 232/1/1 235/1/1 236/1/1 233/1/1
f 232/1/5 59/1/5 64/1/5 235/1/5
f 61/2/2 234/2/2 237/2/2 66/2/2
f 235/1/1 238/1/1 239/1/1 236/1/1
f 235/1/5 64/1/5 69/1/5 238/1/5
f 66/2/2 237/2/2 240/2/2 71/2/2
f 238/1/1 241/1/1 242/1/1 239/1/1
f 238/1/5 69/1/5 74/1/5 241/1/5
f 71/2/2 240/2/2 243/2/2 76/2/2
f 241/1/1 244/1/1 245/1/1 242/1/1
f 241/1/5 74/1/5 79/1/5 244/1/5
f 76/2/2 243/2/2 246/2/2 81/2/2
f 244/1/1 247/1/1 248/1/1 245/1/1
f 244/1/5 79/1/5 84/1/5 247/1/5
f 81/2/2 246/2/2 249/2/2 86/2/2
f 247/1/1 250/1/1 251/1/1 248/1/1
f 247/1/5 84/1/5 89/1/5 250/1/5
f 86/2/2 249/2/2 252/2/2 91/2/2
f 250/1/1 253/1/1 254/1/1 251/1/1
f 250/1/5 89/1/5 94/1/5 253/1/5
f 91/2/2 252/2/2 255/2/2 96/2/2
f 253/1/1 256/1/1 257/1/1 254/1/1
f 253/1/5 94/1/5 99/1/5 256/1/5
f 96/2/2 255/2/2 258/2/2 101/2/2
f 256/1/1 259/1/1 260/1/1 257/1/1
f 256/1/5 99/1/5 104/1/5 259/1/5
f 101/2/2 258/2/2 261/2/2 106/2/2
f 259/1/1 262/1/1 263/1/1 260/1/1
f 259/1/5 104/1/5 109/1/5 262/1/5
f 106/2/2 261/2/2 264/2/2 111/2/2
f 262/1/1 265/1/1 266/1/1 263/1/1
f 262/1/5 109/1/5 114/1/5 265/1/5
f 111/2/2 264/2/2 267/2/2 116/2/2
f 265/1/1 268/1/1 269/1/1 266/1/1
f 265/1/5 114/1/5 119/1/5 268/1/5
f 116/2/2 267/2/2 270/2/2 121/2/2
f 268/1/1 271/1/1 272/1/1 269/1/1
f 268/1/5 119/1/5 124/1/5 271/1/5
f 121/2/2 270/2/2 273/2/2 126/2/2
f 271/1/1 274/1/1 275/1/1 272/1/1
f 271/1/5 124/1/5 129/1/5 274/1/5
f 126/2/2 273/2/2 276/2/2 131/2/2
f 274/1/1 277/1/1 278/1/1 275/1/1
f 274/1/5 129/1/5 134/1/5 277/1/5
f 131/2/2 276/2/2 279/2/2 136/2/2
f 277/1/1 280/1/1 281/1/1 278/1/1
f 277/1/5 134/1/5 139/1/5 280/1/5
f 143/3/2 282/3/2 283/3/2 144/3/2
f 136/3/3 279/3/3 282/3/3 143/3/3
f 280/1/1 284/1/1 285/1/1 281/1/1
f 280/1/5 139/1/5 147/1/5 284/1/5
f 144/3/2 283/3/2 286/3/2 150/3/2
f 284/1/1 287/1/1 288/1/1 285/1/1
f 284/1/5 147/1/5 154/1/5 287/1/5
f 150/3/2 286/3/2 289/3/2 290/3/2
f 152/3/5 150/3/5 290/3/5 156/3/5
f 287/1/1 291/1/1 292/1/1 288/1/1
f 287/1/5 154/1/5 159/1/5 291/1/5
f 156/3/5 290/3/5 168/3/5 161/3/5
f 293/4/2 294/4/2 295/4/2 296/4/2
f 290/4/3 289/4/3 294/4/3 293/4/3
f 168/4/4 296/4/4 295/4/4 297/4/4
f 290/4/5 293/4/5 296/4/5 168/4/5
f 298/1/1 299/1/1 300/1/1 301/1/1
f 298/1/3 301/1/3 292/1/3 291/1/3
f 301/1/6 300/1/6 302/1/6 292/1/6
f 298/1/5 291/1/5 303/1/5 299/1/5
f 291/1/5 159/1/5 164/1/5 303/1/5
f 168/3/2 297/3/2 304/3/2 169/3/2
f 299/1/1 305/1/1 306/1/1 300/1/1
f 305/1/4 307/1/4 308/1/4 306/1/4
f 300/1/6 306/1/6 308/1/6 302/1/6
f 299/1/5 303/1/5 307/1/5 305/1/5
f 303/1/5 164/1/5 172/1/5 307/1/5
f 169/3/2 304/3/2 309/3/2 175/3/2
f 177/3/4 175/3/4 309/3/4 310/3/4
f 307/1/1 311/1/1 312/1/1 308/1/1
f 307/1/5 172/1/5 179/1/5 311/1/5
f 177/2/2 310/2/2 313/2/2 181/2/2
f 311/1/1 192/1/1 314/1/1 312/1/1
f 311/1/5 179/1/5 184/1/5 192/1/5
f 184/2/4 200/2/4 315/2/4 316/2/4
f 181/2/2 313/2/2 317/2/2 186/2/2
f 184/1/2 316/1/2 318/1/2 197/1/2
f 192/1/1 195/1/1 319/1/1 314/1/1
f 195/1/4 197/1/4 318/1/4 319/1/4
f 186/2/2 317/2/2 320/2/2 201/2/2
f 200/2/1 199/2/1 321/2/1 315/2/1
f 199/2/4 201/2/4 320/2/4 321/2/4
f 208/2/1 207/2/1 322/2/1 323/2/1
f 208/2/3 323/2/3 324/2/3 209/2/3
f 210/2/2 325/2/2 326/2/2 211/2/2
f 209/2/3 324/2/3 325/2/3 210/2/3
f 204/1/1 213/1/1 327/1/1 328/1/1
f 204/1/3 328/1/3 322/1/3 207/1/3
f 211/2/2 326/2/2 329/2/2 214/2/2
f 213/1/1 216/1/1 330/1/1 327/1/1
f 214/2/2 329/2/2 331/2/2 217/2/2
f 216/1/1 218/1/1 332/1/1 330/1/1
f 333/2/2 334/2/2 335/2/2 336/2/2
f 217/2/3 331/2/3 334/2/3 333/2/3
f 217/2/5 333/2/5 336/2/5 219/2/5
f 337/1/1 338/1/1 339/1/1 340/1/1
f 337/1/3 340/1/3 341/1/3 342/1/3
f 337/1/5 342/1/5 343/1/5 338/1/5
f 344/1/2 345/1/2 346/1/2 347/1/2
f 342/1/3 341/1/3 345/1/3 344/1/3
f 342/1/5 344/1/5 347/1/5 343/1/5
f 218/1/1 220/1/1 348/1/1 332/1/1
f 336/2/2 335/2/2 349/2/2 350/2/2
f 219/2/5 336/2/5 350/2/5 221/2/5
f 338/1/1 351/1/1 352/1/1 339/1/1
f 338/1/5 343/1/5 353/1/5 351/1/5
f 347/1/2 346/1/2 354/1/2 355/1/2
f 343/1/5 347/1/5 355/1/5 353/1/5
f 220/1/1 227/1/1 356/1/1 348/1/1
f 350/2/2 349/2/2 357/2/2 358/2/2
f 221/2/5 350/2/5 358/2/5 228/2/5
f 351/1/1 359/1/1 360/1/1 352/1/1
f 351/1/5 353/1/5 361/1/5 359/1/5
f 355/1/2 354/1/2 362/1/2 363/1/2
f 353/1/5 355/1/5 363/1/5 361/1/5
f 227/1/1 230/1/1 364/1/1 356/1/1
f 358/2/2 357/2/2 365/2/2 366/2/2
f 228/2/5 358/2/5 366/2/5 231/2/5
f 359/1/1 367/1/1 368/1/1 360/1/1
f 359/1/5 361/1/5 369/1/5 367/1/5
f 363/1/2 362/1/2 370/1/2 371/1/2
f 361/1/5 363/1/5 371/1/5 369/1/5
f 230/1/1 233/1/1 372/1/1 364/1/1
f 366/2/2 365/2/2 373/2/2 374/2/2
f 231/2/5 366/2/5 374/2/5 234/2/5
f 367/1/1 375/1/1 376/1/1 368/1/1
f 367/1/5 369/1/5 377/1/5 375/1/5
f 371/1/2 370/1/2 378/1/2 379/1/2
f 369/1/5 371/1/5 379/1/5 377/1/5
f 233/1/1 236/1/1 380/1/1 372/1/1
f 374/2/2 373/2/2 381/2/2 382/2/2
f 234/2/5 374/2/5 382/2/5 237/2/5
f 375/1/1 383/1/1 384/1/1 376/1/1
f 375/1/5 377/1/5 385/1/5 383/1/5
f 379/1/2 378/1/2 386/1/2 387/1/2
f 377/1/5 379/1/5 387/1/5 385/1/5
f 236/1/1 239/1/1 388/1/1 380/1/1
f 382/2/2 381/2/2 389/2/2 390/2/2
f 237/2/5 382/2/5 390/2/5 240/2/5
f 383/1/1 391/1/1 392/1/1 384/1/1
f 383/1/5 385/1/5 393/1/5 391/1/5
f 387/1/2 386/1/2 394/1/2 395/1/2
f 385/1/5 387/1/5 395/1/5 393/1/5
f 239/1/1 242/1/1 396/1/1 388/1/1
f 390/2/2 389/2/2 397/2/2 398/2/2
f 240/2/5 390/2/5 398/2/5 243/2/5
f 391/1/1 399/1/1 400/1/1 392/1/1
f 391/1/5 393/1/5 401/1/5 399/1/5
f 395/1/2 394/1/2 402/1/2 403/1/2
f 393/1/5 395/1/5 403/1/5 401/1/5
f 242/1/1 245/1/1 404/1/1 396/1/1
f 398/2/2 397/2/2 405/2/2 406/2/2
f 243/2/5 398/2/5 406/2/5 246/2/5
f 399/1/1 407/1/1 408/1/1 400/1/1
f 399/1/5 401/1/5 409/1/5 407/1/5
f 403/1/2 402/1/2 410/1/2 411/1/2
f 401/1/5 403/1/5 411/1/5 409/1/5
f 245/1/1 248/1/1 412/1/1 404/1/1
f 406/2/2 405/2/2 413/2/2 414/2/2
f 246/2/5 406/2/5 414/2/5 249/2/5
f 407/1/1 415/1/1 416/1/1 408/1/1
f 407/1/5 409/1/5 417/1/5 415/1/5
f 411/1/2 410/1/2 418/1/2 419/1/2
f 409/1/5 411/1/5 419/1/5 417/1/5
f 248/1/1 251/1/1 420/1/1 412/1/1
f 414/2/2 413/2/2 421/2/2 422/2/2
f 249/2/5 414/2/5 422/2/5 252/2/5
f 415/1/1 423/1/1 424/1/1 416/1/1
f 415/1/5 417/1/5 425/1/5 423/1/5
f 419/1/2 418/1/2 426/1/2 427/1/2
f 417/1/5 419/1/5 427/1/5 425/1/5
f 251/1/1 254/1/1 428/1/1 420/1/1
f 422/2/2 421/2/2 429/2/2 430/2/2
f 252/2/5 422/2/5 430/2/5 255/2/5
f 423/1/1 431/1/1 432/1/1 424/1/1
f 423/1/5 425/1/5 433/1/5 431/1/5
f 427/1/2 426/1/2 434/1/2 435/1/2
f 425/1/5 427/1/5 435/1/5 433/1/5
f 254/1/1 257/1/1 436/1/1 428/1/1
f 430/2/2 429/2/2 437/2/2 438/2/2
f 255/2/5 430/2/5 438/2/5 258/2/5
f 431/1/1 439/1/1 440/1/1 432/1/1
f 431/1/5 433/1/5 441/1/5 439/1/5
f 435/1/2 434/1/2 442/1/2 443/1/2
f 433/1/5 435/1/5 443/1/5 441/1/5
f 257/1/1 260/1/1 444/1/1 436/1/1
f 438/2/2 437/2/2 445/2/2 446/2/2
f 258/2/5 438/2/5 446/2/5 261/2/5
f 439/1/1 447/1/1 448/1/1 440/1/1
f 439/1/5 441/1/5 449/1/5 447/1/5
f 443/1/2 442/1/2 450/1/2 451/1/2
f 441/1/5 443/1/5 451/1/5 449/1/5
f 260/1/1 263/1/1 452/1/1 444/1/1
f 446/2/2 445/2/2 453/2/2 454/2/2
f 261/2/5 446/2/5 454/2/5 264/2/5
f 447/1/1 455/1/1 456/1/1 448/1/1
f 447/1/5 449/1/5 457/1/5 455/1/5
f 451/1/2 450/1/2 458/1/2 459/1/2
f 449/1/5 451/1/5 459/1/5 457/1/5
f 263/1/1 266/1/1 460/1/1 452/1/1
f 454/2/2 453/2/2 461/2/2 462/2/2
f 264/2/5 454/2/5 462/2/5 267/2/5
f 455/1/1 463/1/1 464/1/1 456/1/1
f 455/1/5 457/1/5 465/1/5 463/1/5
f 459/1/2 458/1/2 466/1/2 467/1/2
f 457/1/5 459/1/5 467/1/5 465/1/5
f 266/1/1 269/1/1 468/1/1 460/1/1
f 462/2/2 461/2/2 469/2/2 470/2/2
f 267/2/5 462/2/5 470/2/5 270/2/5
f 463/1/1 471/1/1 472/1/1 464/1/1
f 463/1/5 465/1/5 473/1/5 471/1/5
f 467/1/2 466/1/2 474/1/2 475/1/2
f 465/1/5 467/1/5 475/1/5 473/1/5
f 269/1/1 272/1/1 476/1/1 468/1/1
f 470/2/2 469/2/2 477/2/2 478/2/2
f 270/2/5 470/2/5 478/2/5 273/2/5
f 471/1/1 479/1/1 480/1/1 472/1/1
f 471/1/5 473/1/5 481/1/5 479/1/5
f 475/1/2 474/1/2 482/1/2 483/1/2
f 473/1/5 475/1/5 483/1/5 481/1/5
f 272/1/1 275/1/1 484/1/1 476/1/1
f 478/2/2 477/2/2 485/2/2 486/2/2
f 273/2/5 478/2/5 486/2/5 276/2/5
f 479/1/1 487/1/1 488/1/1 480/1/1
f 479/1/5 481/1/5 489/1/5 487/1/5
f 483/1/2 482/1/2 490/1/2 491/1/2
f 481/1/5 483/1/5 491/1/5 489/1/5
f 275/1/1 278/1/1 492/1/1 484/1/1
f 486/2/2 485/2/2 493/2/2 282/2/2
f 276/2/5 486/2/5 282/2/5 279/2/5
f 487/1/1 494/1/1 495/1/1 488/1/1
f 487/1/5 489/1/5 496/1/5 494/1/5
f 491/1/2 490/1/2 497/1/2 498/1/2
f 489/1/5 491/1/5 498/1/5 496/1/5
f 278/1/1 281/1/1 499/1/1 492/1/1
f 500/3/2 501/3/2 502/3/2 503/3/2
f 282/3/3 493/3/3 501/3/3 500/3/3
f 282/3/5 500/3/5 503/3/5 283/3/5
f 494/1/1 504/1/1 505/1/1 495/1/1
f 494/1/5 496/1/5 506/1/5 504/1/5
f 498/1/2 497/1/2 507/1/2 508/1/2
f 496/1/5 498/1/5 508/1/5 506/1/5
f 281/1/1 285/1/1 509/1/1 499/1/1
f 503/3/2 502/3/2 510/3/2 511/3/2
f 283/3/5 503/3/5 511/3/5 286/3/5
f 504/1/1 512/1/1 513/1/1 505/1/1
f 512/1/4 514/1/4 515/1/4 513/1/4
f 504/1/5 506/1/5 514/1/5 512/1/5
f 508/1/2 507/1/2 516/1/2 517/1/2
f 514/1/4 517/1/4 516/1/4 515/1/4
f 506/1/5 508/1/5 517/1/5 514/1/5
f 285/1/1 288/1/1 518/1/1 509/1/1
f 511/3/2 510/3/2 519/3/2 294/3/2
f 286/3/5 511/3/5 294/3/5 289/3/5
f 288/1/1 292/1/1 520/1/1 518/1/1
f 294/4/2 519/4/2 521/4/2 295/4/2
f 292/1/1 302/1/1 522/1/1 520/1/1
f 304/3/4 523/3/4 524/3/4 525/3/4
f 297/3/5 295/3/5 523/3/5 304/3/5
f 526/3/2 527/3/2 528/3/2 529/3/2
f 295/3/3 521/3/3 527/3/3 526/3/3
f 523/3/4 529/3/4 528/3/4 524/3/4
f 295/3/5 526/3/5 529/3/5 523/3/5
f 302/1/1 308/1/1 530/1/1 522/1/1
f 304/2/2 525/2/2 531/2/2 309/2/2
f 308/1/1 312/1/1 532/1/1 530/1/1
f 309/2/2 531/2/2 533/2/2 534/2/2
f 310/2/5 309/2/5 534/2/5 313/2/5
f 312/1/1 314/1/1 535/1/1 532/1/1
f 316/2/4 315/2/4 536/2/4 537/2/4
f 534/2/2 533/2/2 538/2/2 539/2/2
f 317/2/4 539/2/4 538/2/4 540/2/4
f 313/2/5 534/2/5 539/2/5 317/2/5
f 316/1/2 537/1/2 541/1/2 318/1/2
f 314/1/1 319/1/1 542/1/1 535/1/1
f 319/1/4 318/1/4 541/1/4 542/1/4
f 317/2/2 540/2/2 543/2/2 320/2/2
f 315/2/1 321/2/1 544/2/1 536/2/1
f 321/2/4 320/2/4 543/2/4 544/2/4
f 323/2/1 322/2/1 545/2/1 546/2/1
f 323/2/3 546/2/3 547/2/3 324/2/3
f 325/2/2 548/2/2 549/2/2 326/2/2
f 324/2/3 547/2/3 548/2/3 325/2/3
f 328/1/1 327/1/1 550/1/1 551/1/1
f 328/1/3 551/1/3 545/1/3 322/1/3
f 326/2/2 549/2/2 552/2/2 329/2/2
f 327/1/1 330/1/1 553/1/1 550/1/1
f 329/2/3 552/2/3 554/2/3 555/2/3
f 329/2/5 555/2/5 334/2/5 331/2/5
f 556/2/2 557/2/2 558/2/2 559/2/2
f 555/2/3 554/2/3 557/2/3 556/2/3
f 555/2/5 556/2/5 559/2/5 334/2/5
f 330/1/1 332/1/1 560/1/1 553/1/1
f 559/2/2 558/2/2 561/2/2 562/2/2
f 334/2/5 559/2/5 562/2/5 335/2/5
f 340/1/1 339/1/1 563/1/1 564/1/1
f 340/1/3 564/1/3 565/1/3 341/1/3
f 345/1/2 566/1/2 567/1/2 346/1/2
f 341/1/3 565/1/3 566/1/3 345/1/3
f 332/1/1 348/1/1 568/1/1 560/1/1
f 562/2/2 561/2/2 569/2/2 570/2/2
f 335/2/5 562/2/5 570/2/5 349/2/5
f 339/1/1 352/1/1 571/1/1 563/1/1
f 346/1/2 567/1/2 572/1/2 354/1/2
f 348/1/1 356/1/1 573/1/1 568/1/1
f 570/2/2 569/2/2 574/2/2 575/2/2
f 349/2/5 570/2/5 575/2/5 357/2/5
f 352/1/1 360/1/1 576/1/1 571/1/1
f 354/1/2 572/1/2 577/1/2 362/1/2
f 356/1/1 364/1/1 578/1/1 573/1/1
f 575/2/2 574/2/2 579/2/2 580/2/2
f 357/2/5 575/2/5 580/2/5 365/2/5
f 360/1/1 368/1/1 581/1/1 576/1/1
f 362/1/2 577/1/2 582/1/2 370/1/2
f 364/1/1 372/1/1 583/1/1 578/1/1
f 580/2/2 579/2/2 584/2/2 585/2/2
f 365/2/5 580/2/5 585/2/5 373/2/5
f 368/1/1 376/1/1 586/1/1 581/1/1
f 370/1/2 582/1/2 587/1/2 378/1/2
f 372/1/1 380/1/1 588/1/1 583/1/1
f 585/2/2 584/2/2 589/2/2 590/2/2
f 373/2/5 585/2/5 590/2/5 381/2/5
f 376/1/1 384/1/1 591/1/1 586/1/1
f 378/1/2 587/1/2 592/1/2 386/1/2
f 380/1/1 388/1/1 593/1/1 588/1/1
f 590/2/2 589/2/2 594/2/2 595/2/2
f 381/2/5 590/2/5 595/2/5 389/2/5
f 384/1/1 392/1/1 596/1/1 591/1/1
f 386/1/2 592/1/2 597/1/2 394/1/2
f 388/1/1 396/1/1 598/1/1 593/1/1
f 595/2/2 594/2/2 599/2/2 600/2/2
f 389/2/5 595/2/5 600/2/5 397/2/5
f 392/1/1 400/1/1 601/1/1 596/1/1
f 394/1/2 597/1/2 602/1/2 402/1/2
f 396/1/1 404/1/1 603/1/1 598/1/1
f 600/2/2 599/2/2 604/2/2 605/2/2
f 397/2/5 600/2/5 605/2/5 405/2/5
f 400/1/1 408/1/1 606/1/1 601/1/1
f 402/1/2 602/1/2 607/1/2 410/1/2
f 404/1/1 412/1/1 608/1/1 603/1/1
f 605/2/2 604/2/2 609/2/2 610/2/2
f 405/2/5 605/2/5 610/2/5 413/2/5
f 408/1/1 416/1/1 611/1/1 606/1/1
f 410/1/2 607/1/2 612/1/2 418/1/2
f 412/1/1 420/1/1 613/1/1 608/1/1
f 610/2/2 609/2/2 614/2/2 615/2/2
f 413/2/5 610/2/5 615/2/5 421/2/5
f 416/1/1 424/1/1 616/1/1 611/1/1
f 418/1/2 612/1/2 617/1/2 426/1/2
f 420/1/1 428/1/1 618/1/1 613/1/1
f 615/2/2 614/2/2 619/2/2 620/2/2
f 421/2/5 615/2/5 620/2/5 429/2/5
f 424/1/1 432/1/1 621/1/1 616/1/1
f 426/1/2 617/1/2 622/1/2 434/1/2
f 428/1/1 436/1/1 623/1/1 618/1/1
f 620/2/2 619/2/2 624/2/2 625/2/2
f 429/2/5 620/2/5 625/2/5 437/2/5
f 432/1/1 440/1/1 626/1/1 621/1/1
f 434/1/2 622/1/2 627/1/2 442/1/2
f 436/1/1 444/1/1 628/1/1 623/1/1
f 625/2/2 624/2/2 629/2/2 630/2/2
f 437/2/5 625/2/5 630/2/5 445/2/5
f 440/1/1 448/1/1 631/1/1 626/1/1
f 442/1/2 627/1/2 632/1/2 450/1/2
f 444/1/1 452/1/1 633/1/1 628/1/1
f 630/2/2 629/2/2 634/2/2 635/2/2
f 445/2/5 630/2/5 635/2/5 453/2/5
f 448/1/1 456/1/1 636/1/1 631/1/1
f 450/1/2 632/1/2 637/1/2 458/1/2
f 452/1/1 460/1/1 638/1/1 633/1/1
f 635/2/2 634/2/2 639/2/2 640/2/2
f 453/2/5 635/2/5 640/2/5 461/2/5
f 456/1/1 464/1/1 641/1/1 636/1/1
f 458/1/2 637/1/2 642/1/2 466/1/2
f 460/1/1 468/1/1 643/1/1 638/1/1
f 640/2/2 639/2/2 644/2/2 645/2/2
f 461/2/5 640/2/5 645/2/5 469/2/5
f 464/1/1 472/1/1 646/1/1 641/1/1
f 466/1/2 642/1/2 647/1/2 474/1/2
f 468/1/1 476/1/1 648/1/1 643/1/1
f 645/2/2 644/2/2 649/2/2 650/2/2
f 469/2/5 645/2/5 650/2/5 477/2/5
f 472/1/1 480/1/1 651/1/1 646/1/1
f 474/1/2 647/1/2 652/1/2 482/1/2
f 476/1/1 484/1/1 653/1/1 648/1/1
f 650/2/2 649/2/2 654/2/2 655/2/2
f 477/2/5 650/2/5 655/2/5 485/2/5
f 480/1/1 488/1/1 656/1/1 651/1/1
f 482/1/2 652/1/2 657/1/2 490/1/2
f 484/1/1 492/1/1 658/1/1 653/1/1
f 655/2/2 654/2/2 659/2/2 501/2/2
f 485/2/5 655/2/5 501/2/5 493/2/5
f 488/1/1 495/1/1 660/1/1 656/1/1
f 490/1/2 657/1/2 661/1/2 497/1/2
f 492/1/1 499/1/1 662/1/1 658/1/1
f 663/3/2 664/3/2 665/3/2 666/3/2
f 501/3/3 659/3/3 664/3/3 663/3/3
f 501/3/5 663/3/5 666/3/5 502/3/5
f 495/1/1 505/1/1 667/1/1 660/1/1
f 497/1/2 661/1/2 668/1/2 507/1/2
f 499/1/1 509/1/1 669/1/1 662/1/1
f 666/3/2 665/3/2 670/3/2 671/3/2
f 510/3/4 671/3/4 670/3/4 672/3/4
f 502/3/5 666/3/5 671/3/5 510/3/5
f 505/1/1 513/1/1 673/1/1 667/1/1
f 513/1/4 515/1/4 674/1/4 673/1/4
f 507/1/2 668/1/2 675/1/2 516/1/2
f 515/1/4 516/1/4 675/1/4 674/1/4
f 509/1/1 518/1/1 676/1/1 669/1/1
f 510/2/2 672/2/2 677/2/2 519/2/2
f 518/1/1 520/1/1 678/1/1 676/1/1
f 679/3/2 680/3/2 681/3/2 527/3/2
f 519/3/3 677/3/3 680/3/3 679/3/3
f 519/3/5 679/3/5 527/3/5 521/3/5
f 520/1/1 522/1/1 682/1/1 678/1/1
f 527/3/2 681/3/2 683/3/2 528/3/2
f 524/3/4 528/3/4 683/3/4 684/3/4
f 522/1/1 530/1/1 685/1/1 682/1/1
f 524/2/2 684/2/2 686/2/2 687/2/2
f 525/2/5 524/2/5 687/2/5 531/2/5
f 530/1/1 532/1/1 688/1/1 685/1/1
f 687/2/2 686/2/2 689/2/2 690/2/2
f 531/2/5 687/2/5 690/2/5 533/2/5
f 532/1/1 535/1/1 691/1/1 688/1/1
f 537/2/4 536/2/4 692/2/4 693/2/4
f 690/2/2 689/2/2 694/2/2 695/2/2
f 533/2/5 690/2/5 695/2/5 538/2/5
f 537/1/2 693/1/2 696/1/2 541/1/2
f 535/1/1 542/1/1 697/1/1 691/1/1
f 542/1/4 541/1/4 696/1/4 697/1/4
f 536/2/1 544/2/1 698/2/1 692/2/1
f 544/2/4 543/2/4 699/2/4 698/2/4
f 543/2/4 700/2/4 701/2/4 699/2/4
f 540/2/5 538/2/5 700/2/5 543/2/5
f 695/2/2 694/2/2 702/2/2 703/2/2
f 700/2/4 703/2/4 702/2/4 701/2/4
f 538/2/5 695/2/5 703/2/5 700/2/5
f 546/2/1 545/2/1 704/2/1 705/2/1
f 546/2/3 705/2/3 706/2/3 547/2/3
f 548/2/2 707/2/2 708/2/2 549/2/2
f 547/2/3 706/2/3 707/2/3 548/2/3
f 551/1/1 550/1/1 709/1/1 710/1/1
f 551/1/3 710/1/3 704/1/3 545/1/3
f 711/2/2 712/2/2 713/2/2 554/2/2
f 549/2/3 708/2/3 712/2/3 711/2/3
f 549/2/5 711/2/5 554/2/5 552/2/5
f 550/1/1 553/1/1 714/1/1 709/1/1
f 554/2/3 713/2/3 715/2/3 557/2/3
f 716/2/2 717/2/2 718/2/2 719/2/2
f 557/2/3 715/2/3 717/2/3 716/2/3
f 557/2/5 716/2/5 719/2/5 558/2/5
f 553/1/1 560/1/1 720/1/1 714/1/1
f 719/2/2 718/2/2 721/2/2 722/2/2
f 558/2/5 719/2/5 722/2/5 561/2/5
f 564/1/1 563/1/1 723/1/1 724/1/1
f 564/1/3 724/1/3 725/1/3 565/1/3
f 565/1/3 725/1/3 726/1/3 566/1/3
f 727/1/2 728/1/2 729/1/2 730/1/2
f 566/1/3 726/1/3 728/1/3 727/1/3
f 566/1/5 727/1/5 730/1/5 567/1/5
f 560/1/1 568/1/1 731/1/1 720/1/1
f 722/2/2 721/2/2 732/2/2 733/2/2
f 561/2/5 722/2/5 733/2/5 569/2/5
f 563/1/1 571/1/1 734/1/1 723/1/1
f 730/1/2 729/1/2 735/1/2 736/1/2
f 572/1/4 736/1/4 735/1/4 737/1/4
f 567/1/5 730/1/5 736/1/5 572/1/5
f 568/1/1 573/1/1 738/1/1 731/1/1
f 733/2/2 732/2/2 739/2/2 740/2/2
f 569/2/5 733/2/5 740/2/5 574/2/5
f 571/1/1 576/1/1 741/1/1 734/1/1
f 572/1/2 737/1/2 742/1/2 577/1/2
f 573/1/1 578/1/1 743/1/1 738/1/1
f 740/2/2 739/2/2 744/2/2 745/2/2
f 574/2/5 740/2/5 745/2/5 579/2/5
f 576/1/1 581/1/1 746/1/1 741/1/1
f 577/1/2 742/1/2 747/1/2 582/1/2
f 578/1/1 583/1/1 748/1/1 743/1/1
f 745/2/2 744/2/2 749/2/2 750/2/2
f 579/2/5 745/2/5 750/2/5 584/2/5
f 581/1/1 586/1/1 751/1/1 746/1/1
f 582/1/2 747/1/2 752/1/2 587/1/2
f 583/1/1 588/1/1 753/1/1 748/1/1
f 750/2/2 749/2/2 754/2/2 755/2/2
f 584/2/5 750/2/5 755/2/5 589/2/5
f 586/1/1 591/1/1 756/1/1 751/1/1
f 587/1/2 752/1/2 757/1/2 592/1/2
f 588/1/1 593/1/1 758/1/1 753/1/1
f 755/2/2 754/2/2 759/2/2 760/2/2
f 589/2/5 755/2/5 760/2/5 594/2/5
f 591/1/1 596/1/1 761/1/1 756/1/1
f 592/1/2 757/1/2 762/1/2 597/1/2
f 593/1/1 598/1/1 763/1/1 758/1/1
f 760/2/2 759/2/2 764/2/2 765/2/2
f 594/2/5 760/2/5 765/2/5 599/2/5
f 596/1/1 601/1/1 766/1/1 761/1/1
f 597/1/2 762/1/2 767/1/2 602/1/2
f 598/1/1 603/1/1 768/1/1 763/1/1
f 765/2/2 764/2/2 769/2/2 770/2/2
f 599/2/5 765/2/5 770/2/5 604/2/5
f 601/1/1 606/1/1 771/1/1 766/1/1
f 602/1/2 767/1/2 772/1/2 607/1/2
f 603/1/1 608/1/1 773/1/1 768/1/1
f 770/2/2 769/2/2 774/2/2 775/2/2
f 604/2/5 770/2/5 775/2/5 609/2/5
f 606/1/1 611/1/1 776/1/1 771/1/1
f 607/1/2 772/1/2 777/1/2 612/1/2
f 608/1/1 613/1/1 778/1/1 773/1/1
f 775/2/2 774/2/2 779/2/2 780/2/2
f 609/2/5 775/2/5 780/2/5 614/2/5
f 611/1/1 616/1/1 781/1/1 776/1/1
f 612/1/2 777/1/2 782/1/2 617/1/2
f 613/1/1 618/1/1 783/1/1 778/1/1
f 614/2/5 780/2/5 784/2/5 619/2/5
f 785/3/2 786/3/2 787/3/2 788/3/2
f 780/3/3 779/3/3 786/3/3 785/3/3
f 780/3/5 785/3/5 788/3/5 784/3/5
f 616/1/1 621/1/1 789/1/1 781/1/1
f 617/1/2 782/1/2 790/1/2 622/1/2
f 618/1/1 623/1/1 791/1/1 783/1/1
f 619/2/5 784/2/5 792/2/5 624/2/5
f 788/3/2 787/3/2 793/3/2 794/3/2
f 792/3/4 794/3/4 793/3/4 795/3/4
f 784/3/5 788/3/5 794/3/5 792/3/5
f 621/1/1 626/1/1 796/1/1 789/1/1
f 622/1/2 790/1/2 797/1/2 627/1/2
f 623/1/1 628/1/1 798/1/1 791/1/1
f 792/2/2 795/2/2 799/2/2 800/2/2
f 624/2/5 792/2/5 800/2/5 629/2/5
f 626/1/1 631/1/1 801/1/1 796/1/1
f 627/1/2 797/1/2 802/1/2 632/1/2
f 628/1/1 633/1/1 803/1/1 798/1/1
f 800/2/2 799/2/2 804/2/2 805/2/2
f 629/2/5 800/2/5 805/2/5 634/2/5
f 631/1/1 636/1/1 806/1/1 801/1/1
f 632/1/2 802/1/2 807/1/2 637/1/2
f 633/1/1 638/1/1 808/1/1 803/1/1
f 805/2/2 804/2/2 809/2/2 810/2/2
f 634/2/5 805/2/5 810/2/5 639/2/5
f 636/1/1 641/1/1 811/1/1 806/1/1
f 637/1/2 807/1/2 812/1/2 642/1/2
f 638/1/1 643/1/1 813/1/1 808/1/1
f 810/2/2 809/2/2 814/2/2 815/2/2
f 639/2/5 810/2/5 815/2/5 644/2/5
f 641/1/1 646/1/1 816/1/1 811/1/1
f 642/1/2 812/1/2 817/1/2 647/1/2
f 643/1/1 648/1/1 818/1/1 813/1/1
f 815/2/2 814/2/2 819/2/2 820/2/2
f 644/2/5 815/2/5 820/2/5 649/2/5
f 646/1/1 651/1/1 821/1/1 816/1/1
f 647/1/2 817/1/2 822/1/2 652/1/2
f 648/1/1 653/1/1 823/1/1 818/1/1
f 820/2/2 819/2/2 824/2/2 825/2/2
f 649/2/5 820/2/5 825/2/5 654/2/5
f 651/1/1 656/1/1 826/1/1 821/1/1
f 652/1/2 822/1/2 827/1/2 657/1/2
f 653/1/1 658/1/1 828/1/1 823/1/1
f 825/2/2 824/2/2 829/2/2 664/2/2
f 654/2/5 825/2/5 664/2/5 659/2/5
f 656/1/1 660/1/1 830/1/1 826/1/1
f 657/1/2 827/1/2 831/1/2 661/1/2
f 658/1/1 662/1/1 832/1/1 828/1/1
f 664/2/2 829/2/2 833/2/2 665/2/2
f 660/1/1 667/1/1 834/1/1 830/1/1
f 661/1/2 831/1/2 835/1/2 668/1/2
f 662/1/1 669/1/1 836/1/1 832/1/1
f 665/2/2 833/2/2 837/2/2 670/2/2
f 667/1/1 673/1/1 838/1/1 834/1/1
f 673/1/4 674/1/4 839/1/4 838/1/4
f 668/1/2 835/1/2 840/1/2 675/1/2
f 674/1/4 675/1/4 840/1/4 839/1/4
f 669/1/1 676/1/1 841/1/1 836/1/1
f 670/2/2 837/2/2 842/2/2 680/2/2
f 672/2/5 670/2/5 680/2/5 677/2/5
f 676/1/1 678/1/1 843/1/1 841/1/1
f 680/2/2 842/2/2 844/2/2 681/2/2
f 678/1/1 682/1/1 845/1/1 843/1/1
f 681/2/2 844/2/2 846/2/2 683/2/2
f 682/1/1 685/1/1 847/1/1 845/1/1
f 683/2/2 846/2/2 848/2/2 849/2/2
f 684/2/5 683/2/5 849/2/5 686/2/5
f 685/1/1 688/1/1 850/1/1 847/1/1
f 849/2/2 848/2/2 851/2/2 852/2/2
f 686/2/5 849/2/5 852/2/5 689/2/5
f 688/1/1 691/1/1 853/1/1 850/1/1
f 693/2/4 692/2/4 854/2/4 855/2/4
f 852/2/2 851/2/2 856/2/2 857/2/2
f 689/2/5 852/2/5 857/2/5 694/2/5
f 693/1/2 855/1/2 858/1/2 696/1/2
f 691/1/1 697/1/1 859/1/1 853/1/1
f 697/1/4 696/1/4 858/1/4 859/1/4
f 692/2/1 698/2/1 860/2/1 854/2/1
f 698/2/4 699/2/4 861/2/4 860/2/4
f 699/2/4 701/2/4 862/2/4 861/2/4
f 701/2/4 702/2/4 863/2/4 862/2/4
f 857/2/2 856/2/2 864/2/2 865/2/2
f 702/2/4 865/2/4 864/2/4 863/2/4
f 694/2/5 857/2/5 865/2/5 702/2/5
f 866/1/2 867/1/2 868/1/2 710/1/2
f 869/1/1 870/1/1 871/1/1 872/1/1
f 869/1/3 872/1/3 867/1/3 866/1/3
f 869/1/5 866/1/5 710/1/5 870/1/5
f 705/2/1 704/2/1 873/2/1 874/2/1
f 705/2/3 874/2/3 875/2/3 706/2/3
f 707/2/2 876/2/2 877/2/2 708/2/2
f 706/2/3 875/2/3 876/2/3 707/2/3
f 870/1/1 878/1/1 879/1/1 871/1/1
f 870/1/5 710/1/5 709/1/5 878/1/5
f 710/1/3 868/1/3 873/1/3 704/1/3
f 712/2/2 880/2/2 881/2/2 713/2/2
f 708/2/3 877/2/3 880/2/3 712/2/3
f 878/1/1 882/1/1 883/1/1 879/1/1
f 882/1/4 714/1/4 884/1/4 883/1/4
f 878/1/5 709/1/5 714/1/5 882/1/5
f 713/2/3 881/2/3 885/2/3 715/2/3
f 717/2/2 886/2/2 887/2/2 718/2/2
f 715/2/3 885/2/3 886/2/3 717/2/3
f 888/1/1 724/1/1 889/1/1 890/1/1
f 888/1/3 890/1/3 891/1/3 892/1/3
f 890/1/6 889/1/6 893/1/6 891/1/6
f 888/1/5 892/1/5 725/1/5 724/1/5
f 894/1/2 895/1/2 896/1/2 726/1/2
f 892/1/3 891/1/3 895/1/3 894/1/3
f 891/1/6 893/1/6 896/1/6 895/1/6
f 892/1/5 894/1/5 726/1/5 725/1/5
f 714/1/1 720/1/1 897/1/1 884/1/1
f 718/2/2 887/2/2 898/2/2 721/2/2
f 724/1/1 723/1/1 899/1/1 889/1/1
f 728/1/2 900/1/2 901/1/2 729/1/2
f 726/1/3 896/1/3 900/1/3 728/1/3
f 720/1/1 731/1/1 902/1/1 897/1/1
f 721/2/2 898/2/2 903/2/2 732/2/2
f 723/1/1 734/1/1 904/1/1 899/1/1
f 729/1/3 901/1/3 905/1/3 906/1/3
f 729/1/5 906/1/5 907/1/5 735/1/5
f 908/1/2 909/1/2 910/1/2 911/1/2
f 906/1/3 905/1/3 909/1/3 908/1/3
f 906/1/5 908/1/5 911/1/5 907/1/5
f 912/1/1 913/1/1 914/1/1 915/1/1
f 912/1/3 915/1/3 902/1/3 731/1/3
f 912/1/5 731/1/5 738/1/5 913/1/5
f 732/2/2 903/2/2 916/2/2 739/2/2
f 734/1/1 741/1/1 917/1/1 904/1/1
f 737/1/5 735/1/5 918/1/5 742/1/5
f 735/1/5 907/1/5 919/1/5 918/1/5
f 911/1/2 910/1/2 920/1/2 921/1/2
f 907/1/5 911/1/5 921/1/5 919/1/5
f 913/1/1 922/1/1 923/1/1 914/1/1
f 913/1/5 738/1/5 743/1/5 922/1/5
f 739/2/2 916/2/2 924/2/2 744/2/2
f 741/1/1 746/1/1 925/1/1 917/1/1
f 742/1/5 918/1/5 926/1/5 747/1/5
f 918/1/5 919/1/5 927/1/5 926/1/5
f 921/1/2 920/1/2 928/1/2 929/1/2
f 919/1/5 921/1/5 929/1/5 927/1/5
f 922/1/1 930/1/1 931/1/1 923/1/1
f 922/1/5 743/1/5 748/1/5 930/1/5
f 744/2/2 924/2/2 932/2/2 749/2/2
f 746/1/1 751/1/1 933/1/1 925/1/1
f 747/1/5 926/1/5 934/1/5 752/1/5
f 926/1/5 927/1/5 935/1/5 934/1/5
f 929/1/2 928/1/2 936/1/2 937/1/2
f 927/1/5 929/1/5 937/1/5 935/1/5
f 930/1/1 938/1/1 939/1/1 931/1/1
f 930/1/5 748/1/5 753/1/5 938/1/5
f 749/2/2 932/2/2 940/2/2 754/2/2
f 751/1/1 756/1/1 941/1/1 933/1/1
f 752/1/5 934/1/5 942/1/5 757/1/5
f 934/1/5 935/1/5 943/1/5 942/1/5
f 937/1/2 936/1/2 944/1/2 945/1/2
f 935/1/5 937/1/5 945/1/5 943/1/5
f 938/1/1 946/1/1 947/1/1 939/1/1
f 938/1/5 753/1/5 758/1/5 946/1/5
f 754/2/2 940/2/2 948/2/2 759/2/2
f 756/1/1 761/1/1 949/1/1 941/1/1
f 757/1/5 942/1/5 950/1/5 762/1/5
f 950/1/4 951/1/4 952/1/4 953/1/4
f 942/1/5 943/1/5 951/1/5 950/1/5
f 945/1/2 944/1/2 954/1/2 955/1/2
f 951/1/4 955/1/4 954/1/4 952/1/4
f 943/1/5 945/1/5 955/1/5 951/1/5
f 946/1/1 956/1/1 957/1/1 947/1/1
f 946/1/5 758/1/5 763/1/5 956/1/5
f 759/2/2 948/2/2 958/2/2 764/2/2
f 761/1/1 766/1/1 959/1/1 949/1/1
f 950/1/2 953/1/2 960/1/2 961/1/2
f 767/1/4 961/1/4 960/1/4 962/1/4
f 762/1/5 950/1/5 961/1/5 767/1/5
f 956/1/1 963/1/1 964/1/1 957/1/1
f 956/1/5 763/1/5 768/1/5 963/1/5
f 764/2/2 958/2/2 965/2/2 769/2/2
f 766/1/1 771/1/1 966/1/1 959/1/1
f 767/1/2 962/1/2 967/1/2 772/1/2
f 963/1/1 968/1/1 969/1/1 964/1/1
f 963/1/5 768/1/5 773/1/5 968/1/5
f 769/2/2 965/2/2 970/2/2 774/2/2
f 771/1/1 776/1/1 971/1/1 966/1/1
f 966/1/6 971/1/6 972/1/6 973/1/6
f 772/1/2 967/1/2 974/1/2 777/1/2
f 973/1/6 972/1/6 974/1/6 967/1/6
f 968/1/1 975/1/1 976/1/1 969/1/1
f 968/1/5 773/1/5 778/1/5 975/1/5
f 774/2/2 970/2/2 977/2/2 779/2/2
f 776/1/1 781/1/1 978/1/1 971/1/1
f 971/1/6 978/1/6 979/1/6 972/1/6
f 777/1/2 974/1/2 980/1/2 782/1/2
f 972/1/6 979/1/6 980/1/6 974/1/6
f 975/1/1 981/1/1 982/1/1 976/1/1
f 975/1/5 778/1/5 783/1/5 981/1/5
f 786/3/2 983/3/2 984/3/2 787/3/2
f 779/3/3 977/3/3 983/3/3 786/3/3
f 781/1/1 789/1/1 985/1/1 978/1/1
f 978/1/6 985/1/6 986/1/6 979/1/6
f 782/1/2 980/1/2 987/1/2 790/1/2
f 979/1/6 986/1/6 987/1/6 980/1/6
f 981/1/1 988/1/1 989/1/1 982/1/1
f 981/1/5 783/1/5 791/1/5 988/1/5
f 787/3/2 984/3/2 990/3/2 793/3/2
f 795/3/4 793/3/4 990/3/4 991/3/4
f 992/3/6 991/3/6 990/3/6 984/3/6
f 789/1/1 796/1/1 993/1/1 985/1/1
f 985/1/6 993/1/6 994/1/6 986/1/6
f 790/1/2 987/1/2 995/1/2 797/1/2
f 986/1/6 994/1/6 995/1/6 987/1/6
f 988/1/1 996/1/1 997/1/1 989/1/1
f 988/1/5 791/1/5 798/1/5 996/1/5
f 795/2/2 991/2/2 998/2/2 799/2/2
f 796/1/1 801/1/1 999/1/1 993/1/1
f 993/1/6 999/1/6 1000/1/6 994/1/6
f 797/1/2 995/1/2 1001/1/2 802/1/2
f 994/1/6 1000/1/6 1001/1/6 995/1/6
f 996/1/1 1002/1/1 1003/1/1 997/1/1
f 996/1/5 798/1/5 803/1/5 1002/1/5
f 799/2/2 998/2/2 1004/2/2 804/2/2
f 801/1/1 806/1/1 1005/1/1 999/1/1
f 999/1/6 1005/1/6 1006/1/6 1000/1/6
f 802/1/2 1001/1/2 1007/1/2 807/1/2
f 1000/1/6 1006/1/6 1007/1/6 1001/1/6
f 1002/1/1 1008/1/1 1009/1/1 1003/1/1
f 1002/1/5 803/1/5 808/1/5 1008/1/5
f 804/2/2 1004/2/2 1010/2/2 809/2/2
f 806/1/1 811/1/1 1011/1/1 1005/1/1
f 1005/1/6 1011/1/6 1012/1/6 1006/1/6
f 807/1/2 1007/1/2 1013/1/2 812/1/2
f 1006/1/6 1012/1/6 1013/1/6 1007/1/6
f 1008/1/1 1014/1/1 1015/1/1 1009/1/1
f 1008/1/5 808/1/5 813/1/5 1014/1/5
f 809/2/2 1010/2/2 1016/2/2 814/2/2
f 811/1/1 816/1/1 1017/1/1 1011/1/1
f 1011/1/6 1017/1/6 1018/1/6 1012/1/6
f 812/1/2 1013/1/2 1019/1/2 817/1/2
f 1012/1/6 1018/1/6 1019/1/6 1013/1/6
f 1014/1/1 1020/1/1 1021/1/1 1015/1/1
f 1014/1/5 813/1/5 818/1/5 1020/1/5
f 814/2/2 1016/2/2 1022/2/2 819/2/2
f 816/1/1 821/1/1 1023/1/1 1017/1/1
f 1017/1/6 1023/1/6 1024/1/6 1018/1/6
f 817/1/2 1019/1/2 1025/1/2 822/1/2
f 1018/1/6 1024/1/6 1025/1/6 1019/1/6
f 1020/1/1 1026/1/1 1027/1/1 1021/1/1
f 1020/1/5 818/1/5 823/1/5 1026/1/5
f 819/2/2 1022/2/2 1028/2/2 824/2/2
f 821/1/1 826/1/1 1029/1/1 1023/1/1
f 822/1/2 1025/1/2 1030/1/2 827/1/2
f 1026/1/1 1031/1/1 1032/1/1 1027/1/1
f 1026/1/5 823/1/5 828/1/5 1031/1/5
f 824/2/2 1028/2/2 1033/2/2 829/2/2
f 826/1/1 830/1/1 1034/1/1 1029/1/1
f 827/1/2 1030/1/2 1035/1/2 831/1/2
f 1031/1/1 1036/1/1 1037/1/1 1032/1/1
f 1031/1/5 828/1/5 832/1/5 1036/1/5
f 829/2/2 1033/2/2 1038/2/2 833/2/2
f 830/1/1 834/1/1 1039/1/1 1034/1/1
f 831/1/2 1035/1/2 1040/1/2 835/1/2
f 1036/1/1 1041/1/1 1042/1/1 1037/1/1
f 1036/1/5 832/1/5 836/1/5 1041/1/5
f 833/2/2 1038/2/2 1043/2/2 837/2/2
f 834/1/1 838/1/1 1044/1/1 1039/1/1
f 838/1/4 839/1/4 1045/1/4 1044/1/4
f 1039/1/6 1044/1/6 1045/1/6 1046/1/6
f 835/1/2 1040/1/2 1047/1/2 840/1/2
f 839/1/4 840/1/4 1047/1/4 1045/1/4
f 1041/1/1 1048/1/1 1049/1/1 1042/1/1
f 1041/1/5 836/1/5 841/1/5 1048/1/5
f 837/2/2 1043/2/2 1050/2/2 842/2/2
f 1048/1/1 1051/1/1 1052/1/1 1049/1/1
f 1048/1/5 841/1/5 843/1/5 1051/1/5
f 842/2/2 1050/2/2 1053/2/2 844/2/2
f 1051/1/1 1054/1/1 1055/1/1 1052/1/1
f 1054/1/4 845/1/4 1056/1/4 1055/1/4
f 1051/1/5 843/1/5 845/1/5 1054/1/5
f 844/2/2 1053/2/2 1057/2/2 846/2/2
f 845/1/1 847/1/1 1058/1/1 1056/1/1
f 846/2/2 1057/2/2 1059/2/2 848/2/2
f 847/1/1 850/1/1 1060/1/1 1058/1/1
f 848/2/2 1059/2/2 1061/2/2 851/2/2
f 850/1/1 853/1/1 1062/1/1 1060/1/1
f 855/2/4 854/2/4 1063/2/4 1064/2/4
f 851/2/2 1061/2/2 1065/2/2 856/2/2
f 855/1/2 1064/1/2 1066/1/2 858/1/2
f 853/1/1 859/1/1 1067/1/1 1062/1/1
f 859/1/4 858/1/4 1066/1/4 1067/1/4
f 854/2/1 860/2/1 1068/2/1 1063/2/1
f 860/2/4 861/2/4 1069/2/4 1068/2/4
f 861/2/4 862/2/4 1070/2/4 1069/2/4
f 862/2/4 863/2/4 1071/2/4 1070/2/4
f 856/2/2 1065/2/2 1072/2/2 864/2/2
f 863/2/4 864/2/4 1072/2/4 1071/2/4
f 867/1/2 1073/1/2 1074/1/2 868/1/2
f 872/1/1 871/1/1 1075/1/1 1076/1/1
f 872/1/3 1076/1/3 1073/1/3 867/1/3
f 874/2/1 873/2/1 1077/2/1 1078/2/1
f 874/2/3 1078/2/3 1079/2/3 875/2/3
f 876/2/2 1080/2/2 1081/2/2 877/2/2
f 875/2/3 1079/2/3 1080/2/3 876/2/3
f 871/1/1 879/1/1 1082/1/1 1075/1/1
f 868/1/3 1074/1/3 1077/1/3 873/1/3
f 880/2/2 1083/2/2 1084/2/2 881/2/2
f 877/2/3 1081/2/3 1083/2/3 880/2/3
f 879/1/1 883/1/1 1085/1/1 1082/1/1
f 883/1/4 884/1/4 1086/1/4 1085/1/4
f 881/2/3 1084/2/3 1087/2/3 885/2/3
f 886/2/2 1088/2/2 1089/2/2 887/2/2
f 885/2/3 1087/2/3 1088/2/3 886/2/3
f 884/1/1 897/1/1 1090/1/1 1086/1/1
f 887/2/2 1089/2/2 1091/2/2 898/2/2
f 889/1/1 899/1/1 1092/1/1 1093/1/1
f 889/1/3 1093/1/3 1094/1/3 893/1/3
f 893/1/3 1094/1/3 1095/1/3 896/1/3
f 900/1/2 1096/1/2 1097/1/2 901/1/2
f 896/1/3 1095/1/3 1096/1/3 900/1/3
f 897/1/1 902/1/1 1098/1/1 1090/1/1
f 898/2/2 1091/2/2 1099/2/2 903/2/2
f 899/1/1 904/1/1 1100/1/1 1092/1/1
f 901/1/3 1097/1/3 1101/1/3 905/1/3
f 909/1/2 1102/1/2 1103/1/2 910/1/2
f 905/1/3 1101/1/3 1102/1/3 909/1/3
f 915/1/1 914/1/1 1104/1/1 1105/1/1
f 915/1/3 1105/1/3 1098/1/3 902/1/3
f 903/2/2 1099/2/2 1106/2/2 916/2/2
f 904/1/1 917/1/1 1107/1/1 1100/1/1
f 910/1/2 1103/1/2 1108/1/2 920/1/2
f 914/1/1 923/1/1 1109/1/1 1104/1/1
f 916/2/2 1106/2/2 1110/2/2 924/2/2
f 917/1/1 925/1/1 1111/1/1 1107/1/1
f 920/1/2 1108/1/2 1112/1/2 928/1/2
f 923/1/1 931/1/1 1113/1/1 1109/1/1
f 924/2/2 1110/2/2 1114/2/2 932/2/2
f 925/1/1 933/1/1 1115/1/1 1111/1/1
f 928/1/2 1112/1/2 1116/1/2 936/1/2
f 931/1/1 939/1/1 1117/1/1 1113/1/1
f 932/2/2 1114/2/2 1118/2/2 940/2/2
f 933/1/1 941/1/1 1119/1/1 1115/1/1
f 936/1/2 1116/1/2 1120/1/2 944/1/2
f 939/1/1 947/1/1 1121/1/1 1117/1/1
f 940/2/2 1118/2/2 1122/2/2 948/2/2
f 941/1/1 949/1/1 1123/1/1 1119/1/1
f 953/1/4 952/1/4 1124/1/4 1125/1/4
f 944/1/2 1120/1/2 1126/1/2 954/1/2
f 952/1/4 954/1/4 1126/1/4 1124/1/4
f 947/1/1 957/1/1 1127/1/1 1121/1/1
f 948/2/2 1122/2/2 1128/2/2 958/2/2
f 949/1/1 959/1/1 1129/1/1 1123/1/1
f 953/1/2 1125/1/2 1130/1/2 960/1/2
f 957/1/1 964/1/1 1131/1/1 1127/1/1
f 958/2/2 1128/2/2 1132/2/2 965/2/2
f 959/1/1 966/1/1 1133/1/1 1129/1/1
f 966/1/4 973/1/4 1134/1/4 1133/1/4
f 973/1/4 967/1/4 1135/1/4 1134/1/4
f 960/1/2 1130/1/2 1136/1/2 1137/1/2
f 967/1/4 1137/1/4 1136/1/4 1135/1/4
f 1138/1/6 1135/1/6 1136/1/6 1130/1/6
f 962/1/5 960/1/5 1137/1/5 967/1/5
f 964/1/1 969/1/1 1139/1/1 1131/1/1
f 1140/3/2 1141/3/2 1142/3/2 1143/3/2
f 965/3/3 1132/3/3 1141/3/3 1140/3/3
f 1132/3/6 1144/3/6 1142/3/6 1141/3/6
f 965/3/5 1140/3/5 1143/3/5 970/3/5
f 969/1/1 976/1/1 1145/1/1 1139/1/1
f 1143/3/2 1142/3/2 1146/3/2 983/3/2
f 970/3/5 1143/3/5 983/3/5 977/3/5
f 976/1/1 982/1/1 1147/1/1 1145/1/1
f 983/3/2 1146/3/2 1148/3/2 984/3/2
f 992/3/4 984/3/4 1148/3/4 1149/3/4
f 1150/3/6 1149/3/6 1148/3/6 1146/3/6
f 982/1/1 989/1/1 1151/1/1 1147/1/1
f 992/2/2 1149/2/2 1152/2/2 991/2/2
f 989/1/1 997/1/1 1153/1/1 1151/1/1
f 991/2/2 1152/2/2 1154/2/2 998/2/2
f 997/1/1 1003/1/1 1155/1/1 1153/1/1
f 998/2/2 1154/2/2 1156/2/2 1004/2/2
f 1003/1/1 1009/1/1 1157/1/1 1155/1/1
f 1004/2/2 1156/2/2 1158/2/2 1010/2/2
f 1009/1/1 1015/1/1 1159/1/1 1157/1/1
f 1010/2/2 1158/2/2 1160/2/2 1016/2/2
f 1015/1/1 1021/1/1 1161/1/1 1159/1/1
f 1016/2/2 1160/2/2 1162/2/2 1022/2/2
f 1021/1/1 1027/1/1 1163/1/1 1161/1/1
f 1022/2/2 1162/2/2 1164/2/2 1028/2/2
f 1023/1/1 1029/1/1 1165/1/1 1166/1/1
f 1023/1/3 1166/1/3 1167/1/3 1024/1/3
f 1024/1/3 1167/1/3 1168/1/3 1025/1/3
f 1169/1/2 1170/1/2 1171/1/2 1172/1/2
f 1025/1/3 1168/1/3 1170/1/3 1169/1/3
f 1025/1/5 1169/1/5 1172/1/5 1030/1/5
f 1027/1/1 1032/1/1 1173/1/1 1163/1/1
f 1028/2/2 1164/2/2 1174/2/2 1033/2/2
f 1029/1/1 1034/1/1 1175/1/1 1165/1/1
f 1030/1/5 1172/1/5 1176/1/5 1035/1/5
f 1172/1/3 1171/1/3 1177/1/3 1178/1/3
f 1172/1/5 1178/1/5 1179/1/5 1176/1/5
f 1180/1/2 1181/1/2 1182/1/2 1183/1/2
f 1178/1/3 1177/1/3 1181/1/3 1180/1/3
f 1178/1/5 1180/1/5 1183/1/5 1179/1/5
f 1032/1/1 1037/1/1 1184/1/1 1173/1/1
f 1033/2/2 1174/2/2 1185/2/2 1038/2/2
f 1034/1/1 1039/1/1 1186/1/1 1175/1/1
f 1039/1/4 1046/1/4 1187/1/4 1186/1/4
f 1035/1/5 1176/1/5 1188/1/5 1040/1/5
f 1176/1/5 1179/1/5 1189/1/5 1188/1/5
f 1183/1/2 1182/1/2 1190/1/2 1191/1/2
f 1179/1/5 1183/1/5 1191/1/5 1189/1/5
f 1037/1/1 1042/1/1 1192/1/1 1184/1/1
f 1038/2/2 1185/2/2 1193/2/2 1043/2/2
f 1046/1/1 1045/1/1 1194/1/1 1187/1/1
f 1040/1/5 1188/1/5 1195/1/5 1047/1/5
f 1188/1/5 1189/1/5 1196/1/5 1195/1/5
f 1191/1/2 1190/1/2 1197/1/2 1198/1/2
f 1189/1/5 1191/1/5 1198/1/5 1196/1/5
f 1042/1/1 1049/1/1 1199/1/1 1192/1/1
f 1043/2/2 1193/2/2 1200/2/2 1050/2/2
f 1045/1/1 1201/1/1 1202/1/1 1194/1/1
f 1045/1/5 1047/1/5 1203/1/5 1201/1/5
f 1047/1/5 1195/1/5 1204/1/5 1203/1/5
f 1195/1/5 1196/1/5 1205/1/5 1204/1/5
f 1198/1/2 1197/1/2 1206/1/2 1207/1/2
f 1196/1/5 1198/1/5 1207/1/5 1205/1/5
f 1049/1/1 1052/1/1 1208/1/1 1199/1/1
f 1050/2/2 1200/2/2 1209/2/2 1053/2/2
f 1201/1/1 1210/1/1 1211/1/1 1202/1/1
f 1201/1/5 1203/1/5 1212/1/5 1210/1/5
f 1203/1/5 1204/1/5 1213/1/5 1212/1/5
f 1204/1/5 1205/1/5 1214/1/5 1213/1/5
f 1207/1/2 1206/1/2 1215/1/2 1216/1/2
f 1205/1/5 1207/1/5 1216/1/5 1214/1/5
f 1052/1/1 1055/1/1 1217/1/1 1208/1/1
f 1055/1/4 1056/1/4 1218/1/4 1217/1/4
f 1053/2/2 1209/2/2 1219/2/2 1057/2/2
f 1210/1/1 1220/1/1 1221/1/1 1211/1/1
f 1210/1/5 1212/1/5 1222/1/5 1220/1/5
f 1212/1/5 1213/1/5 1223/1/5 1222/1/5
f 1213/1/5 1214/1/5 1224/1/5 1223/1/5
f 1216/1/2 1215/1/2 1225/1/2 1226/1/2
f 1214/1/5 1216/1/5 1226/1/5 1224/1/5
f 1056/1/1 1058/1/1 1227/1/1 1218/1/1
f 1057/2/2 1219/2/2 1228/2/2 1059/2/2
f 1220/1/1 1229/1/1 1230/1/1 1221/1/1
f 1220/1/5 1222/1/5 1231/1/5 1229/1/5
f 1222/1/5 1223/1/5 1232/1/5 1231/1/5
f 1223/1/5 1224/1/5 1233/1/5 1232/1/5
f 1226/1/2 1225/1/2 1234/1/2 1235/1/2
f 1233/1/4 1235/1/4 1234/1/4 1236/1/4
f 1224/1/5 1226/1/5 1235/1/5 1233/1/5
f 1058/1/1 1060/1/1 1237/1/1 1227/1/1
f 1059/2/2 1228/2/2 1238/2/2 1061/2/2
f 1229/1/1 1239/1/1 1240/1/1 1230/1/1
f 1229/1/5 1231/1/5 1241/1/5 1239/1/5
f 1241/1/4 1242/1/4 1243/1/4 1244/1/4
f 1231/1/5 1232/1/5 1242/1/5 1241/1/5
f 1233/1/2 1236/1/2 1245/1/2 1246/1/2
f 1242/1/4 1246/1/4 1245/1/4 1243/1/4
f 1232/1/5 1233/1/5 1246/1/5 1242/1/5
f 1060/1/1 1062/1/1 1247/1/1 1237/1/1
f 1064/2/4 1063/2/4 1248/2/4 1249/2/4
f 1061/2/2 1238/2/2 1250/2/2 1065/2/2
f 1241/1/2 1244/1/2 1251/1/2 1252/1/2
f 1239/1/1 1253/1/1 1254/1/1 1240/1/1
f 1253/1/4 1252/1/4 1251/1/4 1254/1/4
f 1239/1/5 1241/1/5 1252/1/5 1253/1/5
f 1064/1/2 1249/1/2 1255/1/2 1066/1/2
f 1062/1/1 1067/1/1 1256/1/1 1247/1/1
f 1067/1/4 1066/1/4 1255/1/4 1256/1/4
f 1063/2/1 1068/2/1 1257/2/1 1248/2/1
f 1068/2/4 1069/2/4 1258/2/4 1257/2/4
f 1069/2/4 1070/2/4 1259/2/4 1258/2/4
f 1070/2/4 1071/2/4 1260/2/4 1259/2/4
f 1065/2/2 1250/2/2 1261/2/2 1072/2/2
f 1071/2/4 1072/2/4 1261/2/4 1260/2/4
f 1073/1/2 1262/1/2 1263/1/2 1074/1/2
f 1076/1/1 1075/1/1 1264/1/1 1265/1/1
f 1076/1/3 1265/1/3 1262/1/3 1073/1/3
f 1078/2/1 1077/2/1 1266/2/1 1267/2/1
f 1078/2/3 1267/2/3 1268/2/3 1079/2/3
f 1080/2/2 1269/2/2 1270/2/2 1081/2/2
f 1079/2/3 1268/2/3 1269/2/3 1080/2/3
f 1271/3/2 1272/3/2 1273/3/2 1274/3/2
f 1275/3/1 1276/3/1 1277/3/1 1278/3/1
f 1275/3/3 1278/3/3 1272/3/3 1271/3/3
f 1276/3/4 1274/3/4 1273/3/4 1277/3/4
f 1278/3/6 1277/3/6 1273/3/6 1272/3/6
f 1275/3/5 1271/3/5 1274/3/5 1276/3/5
f 1075/1/1 1082/1/1 1279/1/1 1264/1/1
f 1074/1/3 1263/1/3 1266/1/3 1077/1/3
f 1083/2/2 1280/2/2 1281/2/2 1084/2/2
f 1081/2/3 1270/2/3 1280/2/3 1083/2/3
f 1082/1/1 1085/1/1 1282/1/1 1279/1/1
f 1085/1/4 1086/1/4 1283/1/4 1282/1/4
f 1084/2/3 1281/2/3 1284/2/3 1087/2/3
f 1088/2/2 1285/2/2 1286/2/2 1089/2/2
f 1087/2/3 1284/2/3 1285/2/3 1088/2/3
f 1086/1/1 1090/1/1 1287/1/1 1283/1/1
f 1089/2/2 1286/2/2 1288/2/2 1091/2/2
f 1093/1/1 1092/1/1 1289/1/1 1290/1/1
f 1093/1/3 1290/1/3 1291/1/3 1094/1/3
f 1094/1/3 1291/1/3 1292/1/3 1095/1/3
f 1096/1/2 1293/1/2 1294/1/2 1097/1/2
f 1095/1/3 1292/1/3 1293/1/3 1096/1/3
f 1090/1/1 1098/1/1 1295/1/1 1287/1/1
f 1091/2/2 1288/2/2 1296/2/2 1099/2/2
f 1092/1/1 1100/1/1 1297/1/1 1289/1/1
f 1097/1/3 1294/1/3 1298/1/3 1101/1/3
f 1102/1/2 1299/1/2 1300/1/2 1103/1/2
f 1101/1/3 1298/1/3 1299/1/3 1102/1/3
f 1105/1/1 1104/1/1 1301/1/1 1302/1/1
f 1105/1/3 1302/1/3 1295/1/3 1098/1/3
f 1099/2/2 1296/2/2 1303/2/2 1106/2/2
f 1100/1/1 1107/1/1 1304/1/1 1297/1/1
f 1103/1/2 1300/1/2 1305/1/2 1108/1/2
f 1104/1/1 1109/1/1 1306/1/1 1301/1/1
f 1106/2/2 1303/2/2 1307/2/2 1110/2/2
f 1107/1/1 1111/1/1 1308/1/1 1304/1/1
f 1108/1/2 1305/1/2 1309/1/2 1112/1/2
f 1109/1/1 1113/1/1 1310/1/1 1306/1/1
f 1110/2/2 1307/2/2 1311/2/2 1114/2/2
f 1111/1/1 1115/1/1 1312/1/1 1308/1/1
f 1112/1/2 1309/1/2 1313/1/2 1116/1/2
f 1113/1/1 1117/1/1 1314/1/1 1310/1/1
f 1114/2/2 1311/2/2 1315/2/2 1118/2/2
f 1115/1/1 1119/1/1 1316/1/1 1312/1/1
f 1116/1/2 1313/1/2 1317/1/2 1120/1/2
f 1117/1/1 1121/1/1 1318/1/1 1314/1/1
f 1118/2/2 1315/2/2 1319/2/2 1122/2/2
f 1119/1/1 1123/1/1 1320/1/1 1316/1/1
f 1125/1/4 1124/1/4 1321/1/4 1322/1/4
f 1120/1/2 1317/1/2 1323/1/2 1126/1/2
f 1124/1/4 1126/1/4 1323/1/4 1321/1/4
f 1121/1/1 1127/1/1 1324/1/1 1318/1/1
f 1122/2/2 1319/2/2 1325/2/2 1128/2/2
f 1123/1/1 1129/1/1 1326/1/1 1320/1/1
f 1125/1/2 1322/1/2 1327/1/2 1130/1/2
f 1138/1/4 1130/1/4 1327/1/4 1328/1/4
f 1127/1/1 1131/1/1 1329/1/1 1324/1/1
f 1128/2/2 1325/2/2 1330/2/2 1132/2/2
f 1129/1/1 1133/1/1 1331/1/1 1326/1/1
f 1133/1/4 1134/1/4 1332/1/4 1331/1/4
f 1138/1/2 1328/1/2 1333/1/2 1135/1/2
f 1134/1/4 1135/1/4 1333/1/4 1332/1/4
f 1131/1/1 1139/1/1 1334/1/1 1329/1/1
f 1132/2/2 1330/2/2 1335/2/2 1144/2/2
f 1139/1/1 1145/1/1 1336/1/1 1334/1/1
f 1142/3/2 1337/3/2 1338/3/2 1146/3/2
f 1144/3/3 1335/3/3 1337/3/3 1142/3/3
f 1150/3/4 1146/3/4 1338/3/4 1339/3/4
f 1335/3/6 1339/3/6 1338/3/6 1337/3/6
f 1145/1/1 1147/1/1 1340/1/1 1336/1/1
f 1150/2/2 1339/2/2 1341/2/2 1149/2/2
f 1147/1/1 1151/1/1 1342/1/1 1340/1/1
f 1149/2/2 1341/2/2 1343/2/2 1152/2/2
f 1151/1/1 1153/1/1 1344/1/1 1342/1/1
f 1152/2/2 1343/2/2 1345/2/2 1154/2/2
f 1153/1/1 1155/1/1 1346/1/1 1344/1/1
f 1154/2/2 1345/2/2 1347/2/2 1156/2/2
f 1155/1/1 1157/1/1 1348/1/1 1346/1/1
f 1156/2/2 1347/2/2 1349/2/2 1158/2/2
f 1157/1/1 1159/1/1 1350/1/1 1348/1/1
f 1158/2/2 1349/2/2 1351/2/2 1160/2/2
f 1159/1/1 1161/1/1 1352/1/1 1350/1/1
f 1160/2/2 1351/2/2 1353/2/2 1162/2/2
f 1161/1/1 1163/1/1 1354/1/1 1352/1/1
f 1162/2/2 1353/2/2 1355/2/2 1164/2/2
f 1166/1/1 1165/1/1 1356/1/1 1357/1/1
f 1166/1/3 1357/1/3 1358/1/3 1167/1/3
f 1167/1/3 1358/1/3 1359/1/3 1168/1/3
f 1170/1/2 1360/1/2 1361/1/2 1171/1/2
f 1168/1/3 1359/1/3 1360/1/3 1170/1/3
f 1163/1/1 1173/1/1 1362/1/1 1354/1/1
f 1164/2/2 1355/2/2 1363/2/2 1174/2/2
f 1165/1/1 1175/1/1 1364/1/1 1356/1/1
f 1171/1/3 1361/1/3 1365/1/3 1177/1/3
f 1181/1/2 1366/1/2 1367/1/2 1182/1/2
f 1177/1/3 1365/1/3 1366/1/3 1181/1/3
f 1173/1/1 1184/1/1 1368/1/1 1362/1/1
f 1174/2/2 1363/2/2 1369/2/2 1185/2/2
f 1175/1/1 1186/1/1 1370/1/1 1364/1/1
f 1186/1/4 1187/1/4 1371/1/4 1370/1/4
f 1182/1/2 1367/1/2 1372/1/2 1190/1/2
f 1184/1/1 1192/1/1 1373/1/1 1368/1/1
f 1185/2/2 1369/2/2 1374/2/2 1193/2/2
f 1187/1/1 1194/1/1 1375/1/1 1371/1/1
f 1190/1/2 1372/1/2 1376/1/2 1197/1/2
f 1192/1/1 1199/1/1 1377/1/1 1373/1/1
f 1193/2/2 1374/2/2 1378/2/2 1200/2/2
f 1194/1/1 1202/1/1 1379/1/1 1375/1/1
f 1197/1/2 1376/1/2 1380/1/2 1206/1/2
f 1199/1/1 1208/1/1 1381/1/1 1377/1/1
f 1200/2/2 1378/2/2 1382/2/2 1209/2/2
f 1202/1/1 1211/1/1 1383/1/1 1379/1/1
f 1206/1/2 1380/1/2 1384/1/2 1215/1/2
f 1208/1/1 1217/1/1 1385/1/1 1381/1/1
f 1217/1/4 1218/1/4 1386/1/4 1385/1/4
f 1209/2/2 1382/2/2 1387/2/2 1219/2/2
f 1211/1/1 1221/1/1 1388/1/1 1383/1/1
f 1215/1/2 1384/1/2 1389/1/2 1225/1/2
f 1218/1/1 1227/1/1 1390/1/1 1386/1/1
f 1219/2/2 1387/2/2 1391/2/2 1228/2/2
f 1221/1/1 1230/1/1 1392/1/1 1388/1/1
f 1225/1/2 1389/1/2 1393/1/2 1234/1/2
f 1236/1/4 1234/1/4 1393/1/4 1394/1/4
f 1227/1/1 1237/1/1 1395/1/1 1390/1/1
f 1228/2/2 1391/2/2 1396/2/2 1238/2/2
f 1230/1/1 1240/1/1 1397/1/1 1392/1/1
f 1244/1/4 1243/1/4 1398/1/4 1399/1/4
f 1236/1/2 1394/1/2 1400/1/2 1245/1/2
f 1243/1/4 1245/1/4 1400/1/4 1398/1/4
f 1237/1/1 1247/1/1 1401/1/1 1395/1/1
f 1249/2/4 1248/2/4 1402/2/4 1403/2/4
f 1238/2/2 1396/2/2 1404/2/2 1250/2/2
f 1244/1/2 1399/1/2 1405/1/2 1251/1/2
f 1240/1/1 1254/1/1 1406/1/1 1397/1/1
f 1254/1/4 1251/1/4 1405/1/4 1406/1/4
f 1249/1/2 1403/1/2 1407/1/2 1255/1/2
f 1247/1/1 1256/1/1 1408/1/1 1401/1/1
f 1256/1/4 1255/1/4 1407/1/4 1408/1/4
f 1248/2/1 1257/2/1 1409/2/1 1402/2/1
f 1257/2/4 1258/2/4 1410/2/4 1409/2/4
f 1258/2/4 1259/2/4 1411/2/4 1410/2/4
f 1259/2/4 1260/2/4 1412/2/4 1411/2/4
f 1250/2/2 1404/2/2 1413/2/2 1261/2/2
f 1260/2/4 1261/2/4 1413/2/4 1412/2/4
f 1414/3/2 1415/3/2 1416/3/2 1417/3/2
f 1418/3/1 1419/3/1 1420/3/1 1421/3/1
f 1418/3/3 1421/3/3 1415/3/3 1414/3/3
f 1419/3/4 1417/3/4 1416/3/4 1420/3/4
f 1421/3/6 1420/3/6 1416/3/6 1415/3/6
f 1418/3/5 1414/3/5 1417/3/5 1419/3/5
f 1262/1/2 1422/1/2 1423/1/2 1263/1/2
f 1265/1/1 1264/1/1 1424/1/1 1425/1/1
f 1265/1/3 1425/1/3 1422/1/3 1262/1/3
f 1267/2/1 1266/2/1 1426/2/1 1427/2/1
f 1267/2/3 1427/2/3 1428/2/3 1268/2/3
f 1269/2/2 1429/2/2 1430/2/2 1270/2/2
f 1268/2/3 1428/2/3 1429/2/3 1269/2/3
f 1264/1/1 1279/1/1 1431/1/1 1424/1/1
f 1263/1/3 1423/1/3 1426/1/3 1266/1/3
f 1280/2/2 1432/2/2 1433/2/2 1281/2/2
f 1270/2/3 1430/2/3 1432/2/3 1280/2/3
f 1279/1/1 1282/1/1 1434/1/1 1431/1/1
f 1282/1/4 1283/1/4 1435/1/4 1434/1/4
f 1281/2/3 1433/2/3 1436/2/3 1284/2/3
f 1285/2/2 1437/2/2 1438/2/2 1286/2/2
f 1284/2/3 1436/2/3 1437/2/3 1285/2/3
f 1283/1/1 1287/1/1 1439/1/1 1435/1/1
f 1286/2/2 1438/2/2 1440/2/2 1288/2/2
f 1290/1/1 1289/1/1 1441/1/1 1442/1/1
f 1290/1/3 1442/1/3 1443/1/3 1291/1/3
f 1291/1/3 1443/1/3 1444/1/3 1292/1/3
f 1293/1/2 1445/1/2 1446/1/2 1294/1/2
f 1292/1/3 1444/1/3 1445/1/3 1293/1/3
f 1287/1/1 1295/1/1 1447/1/1 1439/1/1
f 1288/2/2 1440/2/2 1448/2/2 1296/2/2
f 1289/1/1 1297/1/1 1449/1/1 1441/1/1
f 1294/1/3 1446/1/3 1450/1/3 1298/1/3
f 1299/1/2 1451/1/2 1452/1/2 1300/1/2
f 1298/1/3 1450/1/3 1451/1/3 1299/1/3
f 1302/1/1 1301/1/1 1453/1/1 1454/1/1
f 1302/1/3 1454/1/3 1447/1/3 1295/1/3
f 1296/2/2 1448/2/2 1455/2/2 1303/2/2
f 1297/1/1 1304/1/1 1456/1/1 1449/1/1
f 1300/1/2 1452/1/2 1457/1/2 1305/1/2
f 1301/1/1 1306/1/1 1458/1/1 1453/1/1
f 1303/2/2 1455/2/2 1459/2/2 1307/2/2
f 1304/1/1 1308/1/1 1460/1/1 1456/1/1
f 1305/1/2 1457/1/2 1461/1/2 1309/1/2
f 1306/1/1 1310/1/1 1462/1/1 1458/1/1
f 1307/2/2 1459/2/2 1463/2/2 1311/2/2
f 1308/1/1 1312/1/1 1464/1/1 1460/1/1
f 1309/1/2 1461/1/2 1465/1/2 1313/1/2
f 1310/1/1 1314/1/1 1466/1/1 1462/1/1
f 1311/2/2 1463/2/2 1467/2/2 1315/2/2
f 1312/1/1 1316/1/1 1468/1/1 1464/1/1
f 1313/1/2 1465/1/2 1469/1/2 1317/1/2
f 1314/1/1 1318/1/1 1470/1/1 1466/1/1
f 1315/2/2 1467/2/2 1471/2/2 1319/2/2
f 1316/1/1 1320/1/1 1472/1/1 1468/1/1
f 1322/1/4 1321/1/4 1473/1/4 1474/1/4
f 1317/1/2 1469/1/2 1475/1/2 1323/1/2
f 1321/1/4 1323/1/4 1475/1/4 1473/1/4
f 1318/1/1 1324/1/1 1476/1/1 1470/1/1
f 1319/2/2 1471/2/2 1477/2/2 1325/2/2
f 1320/1/1 1326/1/1 1478/1/1 1472/1/1
f 1322/1/2 1474/1/2 1479/1/2 1327/1/2
f 1324/1/1 1329/1/1 1480/1/1 1476/1/1
f 1325/2/2 1477/2/2 1481/2/2 1330/2/2
f 1482/3/2 1483/3/2 1484/3/2 1485/3/2
f 1486/3/1 1487/3/1 1488/3/1 1489/3/1
f 1486/3/3 1489/3/3 1483/3/3 1482/3/3
f 1489/3/6 1488/3/6 1484/3/6 1483/3/6
f 1486/3/5 1482/3/5 1485/3/5 1487/3/5
f 1326/1/1 1331/1/1 1490/1/1 1478/1/1
f 1331/1/4 1332/1/4 1491/1/4 1490/1/4
f 1332/1/4 1333/1/4 1492/1/4 1491/1/4
f 1327/1/2 1479/1/2 1493/1/2 1494/1/2
f 1333/1/4 1494/1/4 1493/1/4 1492/1/4
f 1495/1/6 1492/1/6 1493/1/6 1479/1/6
f 1328/1/5 1327/1/5 1494/1/5 1333/1/5
f 1329/1/1 1334/1/1 1496/1/1 1480/1/1
f 1330/2/2 1481/2/2 1497/2/2 1335/2/2
f 1487/3/1 1337/3/1 1498/3/1 1488/3/1
f 1488/3/6 1498/3/6 1499/3/6 1484/3/6
f 1487/3/5 1485/3/5 1500/3/5 1337/3/5
f 1501/3/2 1502/3/2 1503/3/2 1504/3/2
f 1485/3/3 1484/3/3 1502/3/3 1501/3/3
f 1484/3/6 1499/3/6 1503/3/6 1502/3/6
f 1485/3/5 1501/3/5 1504/3/5 1500/3/5
f 1334/1/1 1336/1/1 1505/1/1 1496/1/1
f 1335/2/2 1497/2/2 1506/2/2 1339/2/2
f 1337/3/1 1338/3/1 1507/3/1 1498/3/1
f 1337/3/5 1500/3/5 1508/3/5 1338/3/5
f 1504/3/2 1503/3/2 1509/3/2 1510/3/2
f 1508/3/4 1510/3/4 1509/3/4 1511/3/4
f 1499/3/6 1511/3/6 1509/3/6 1503/3/6
f 1500/3/5 1504/3/5 1510/3/5 1508/3/5
f 1336/1/1 1340/1/1 1512/1/1 1505/1/1
f 1339/3/3 1506/3/3 1507/3/3 1338/3/3
f 1506/3/6 1513/3/6 1514/3/6 1507/3/6
f 1339/3/5 1338/3/5 1515/3/5 1341/3/5
f 1508/4/2 1511/4/2 1516/4/2 1517/4/2
f 1507/4/6 1514/4/6 1516/4/6 1511/4/6
f 1338/4/5 1508/4/5 1517/4/5 1515/4/5
f 1340/1/1 1342/1/1 1518/1/1 1512/1/1
f 1343/5/4 1519/5/4 1520/5/4 1521/5/4
f 1513/5/6 1521/5/6 1520/5/6 1514/5/6
f 1341/5/5 1515/5/5 1519/5/5 1343/5/5
f 1517/4/2 1516/4/2 1522/4/2 1523/4/2
f 1514/4/6 1520/4/6 1522/4/6 1516/4/6
f 1515/4/5 1517/4/5 1523/4/5 1519/4/5
f 1342/1/1 1344/1/1 1524/1/1 1518/1/1
f 1343/2/2 1521/2/2 1525/2/2 1345/2/2
f 1519/3/1 1526/3/1 1527/3/1 1520/3/1
f 1520/3/6 1527/3/6 1528/3/6 1522/3/6
f 1519/3/5 1523/3/5 1529/3/5 1526/3/5
f 1530/3/2 1531/3/2 1532/3/2 1533/3/2
f 1523/3/3 1522/3/3 1531/3/3 1530/3/3
f 1522/3/6 1528/3/6 1532/3/6 1531/3/6
f 1523/3/5 1530/3/5 1533/3/5 1529/3/5
f 1344/1/1 1346/1/1 1534/1/1 1524/1/1
f 1345/2/2 1525/2/2 1535/2/2 1347/2/2
f 1526/3/1 1536/3/1 1537/3/1 1527/3/1
f 1536/3/4 1538/3/4 1539/3/4 1537/3/4
f 1527/3/6 1537/3/6 1539/3/6 1528/3/6
f 1526/3/5 1529/3/5 1538/3/5 1536/3/5
f 1533/3/2 1532/3/2 1540/3/2 1541/3/2
f 1538/3/4 1541/3/4 1540/3/4 1539/3/4
f 1528/3/6 1539/3/6 1540/3/6 1532/3/6
f 1529/3/5 1533/3/5 1541/3/5 1538/3/5
f 1346/1/1 1348/1/1 1542/1/1 1534/1/1
f 1347/2/2 1535/2/2 1543/2/2 1349/2/2
f 1348/1/1 1350/1/1 1544/1/1 1542/1/1
f 1349/2/2 1543/2/2 1545/2/2 1351/2/2
f 1350/1/1 1352/1/1 1546/1/1 1544/1/1
f 1351/2/2 1545/2/2 1547/2/2 1353/2/2
f 1352/1/1 1354/1/1 1548/1/1 1546/1/1
f 1353/2/2 1547/2/2 1549/2/2 1355/2/2
f 1357/1/1 1356/1/1 1550/1/1 1551/1/1
f 1357/1/3 1551/1/3 1552/1/3 1358/1/3
f 1358/1/3 1552/1/3 1553/1/3 1359/1/3
f 1360/1/2 1554/1/2 1555/1/2 1361/1/2
f 1359/1/3 1553/1/3 1554/1/3 1360/1/3
f 1354/1/1 1362/1/1 1556/1/1 1548/1/1
f 1355/2/2 1549/2/2 1557/2/2 1363/2/2
f 1356/1/1 1364/1/1 1558/1/1 1550/1/1
f 1361/1/3 1555/1/3 1559/1/3 1365/1/3
f 1366/1/2 1560/1/2 1561/1/2 1367/1/2
f 1365/1/3 1559/1/3 1560/1/3 1366/1/3
f 1362/1/1 1368/1/1 1562/1/1 1556/1/1
f 1363/2/2 1557/2/2 1563/2/2 1369/2/2
f 1364/1/1 1370/1/1 1564/1/1 1558/1/1
f 1370/1/4 1371/1/4 1565/1/4 1564/1/4
f 1367/1/2 1561/1/2 1566/1/2 1372/1/2
f 1368/1/1 1373/1/1 1567/1/1 1562/1/1
f 1369/2/2 1563/2/2 1568/2/2 1374/2/2
f 1371/1/1 1375/1/1 1569/1/1 1565/1/1
f 1372/1/2 1566/1/2 1570/1/2 1376/1/2
f 1373/1/1 1377/1/1 1571/1/1 1567/1/1
f 1374/2/2 1568/2/2 1572/2/2 1378/2/2
f 1375/1/1 1379/1/1 1573/1/1 1569/1/1
f 1376/1/2 1570/1/2 1574/1/2 1380/1/2
f 1377/1/1 1381/1/1 1575/1/1 1571/1/1
f 1378/2/2 1572/2/2 1576/2/2 1382/2/2
f 1379/1/1 1383/1/1 1577/1/1 1573/1/1
f 1380/1/2 1574/1/2 1578/1/2 1384/1/2
f 1381/1/1 1385/1/1 1579/1/1 1575/1/1
f 1385/1/4 1386/1/4 1580/1/4 1579/1/4
f 1382/2/2 1576/2/2 1581/2/2 1387/2/2
f 1383/1/1 1388/1/1 1582/1/1 1577/1/1
f 1384/1/2 1578/1/2 1583/1/2 1389/1/2
f 1386/1/1 1390/1/1 1584/1/1 1580/1/1
f 1387/2/2 1581/2/2 1585/2/2 1391/2/2
f 1388/1/1 1392/1/1 1586/1/1 1582/1/1
f 1389/1/2 1583/1/2 1587/1/2 1393/1/2
f 1394/1/4 1393/1/4 1587/1/4 1588/1/4
f 1390/1/1 1395/1/1 1589/1/1 1584/1/1
f 1391/2/2 1585/2/2 1590/2/2 1396/2/2
f 1392/1/1 1397/1/1 1591/1/1 1586/1/1
f 1399/1/4 1398/1/4 1592/1/4 1593/1/4
f 1394/1/2 1588/1/2 1594/1/2 1400/1/2
f 1398/1/4 1400/1/4 1594/1/4 1592/1/4
f 1395/1/1 1401/1/1 1595/1/1 1589/1/1
f 1403/2/4 1402/2/4 1596/2/4 1597/2/4
f 1396/2/2 1590/2/2 1598/2/2 1404/2/2
f 1399/1/2 1593/1/2 1599/1/2 1405/1/2
f 1397/1/1 1406/1/1 1600/1/1 1591/1/1
f 1406/1/4 1405/1/4 1599/1/4 1600/1/4
f 1403/1/2 1597/1/2 1601/1/2 1407/1/2
f 1401/1/1 1408/1/1 1602/1/1 1595/1/1
f 1408/1/4 1407/1/4 1601/1/4 1602/1/4
f 1402/2/1 1409/2/1 1603/2/1 1596/2/1
f 1409/2/4 1410/2/4 1604/2/4 1603/2/4
f 1410/2/4 1411/2/4 1605/2/4 1604/2/4
f 1411/2/4 1412/2/4 1606/2/4 1605/2/4
f 1404/2/2 1598/2/2 1607/2/2 1413/2/2
f 1412/2/4 1413/2/4 1607/2/4 1606/2/4
f 1608/3/2 1609/3/2 1610/3/2 1611/3/2
f 1612/3/1 1613/3/1 1614/3/1 1615/3/1
f 1612/3/3 1615/3/3 1609/3/3 1608/3/3
f 1613/3/4 1611/3/4 1610/3/4 1614/3/4
f 1615/3/6 1614/3/6 1610/3/6 1609/3/6
f 1612/3/5 1608/3/5 1611/3/5 1613/3/5
f 1422/1/2 1616/1/2 1617/1/2 1423/1/2
f 1425/1/1 1424/1/1 1618/1/1 1619/1/1
f 1425/1/3 1619/1/3 1616/1/3 1422/1/3
f 1427/2/1 1426/2/1 1620/2/1 1621/2/1
f 1427/2/3 1621/2/3 1622/2/3 1428/2/3
f 1429/2/2 1623/2/2 1624/2/2 1430/2/2
f 1428/2/3 1622/2/3 1623/2/3 1429/2/3
f 1424/1/1 1431/1/1 1625/1/1 1618/1/1
f 1423/1/3 1617/1/3 1620/1/3 1426/1/3
f 1432/2/2 1626/2/2 1627/2/2 1433/2/2
f 1430/2/3 1624/2/3 1626/2/3 1432/2/3
f 1431/1/1 1434/1/1 1628/1/1 1625/1/1
f 1434/1/4 1435/1/4 1629/1/4 1628/1/4
f 1433/2/3 1627/2/3 1630/2/3 1436/2/3
f 1437/2/2 1631/2/2 1632/2/2 1438/2/2
f 1436/2/3 1630/2/3 1631/2/3 1437/2/3
f 1435/1/1 1439/1/1 1633/1/1 1629/1/1
f 1438/2/2 1632/2/2 1634/2/2 1440/2/2
f 1442/1/1 1441/1/1 1635/1/1 1636/1/1
f 1442/1/3 1636/1/3 1637/1/3 1443/1/3
f 1443/1/3 1637/1/3 1638/1/3 1444/1/3
f 1445/1/2 1639/1/2 1640/1/2 1446/1/2
f 1444/1/3 1638/1/3 1639/1/3 1445/1/3
f 1439/1/1 1447/1/1 1641/1/1 1633/1/1
f 1440/2/2 1634/2/2 1642/2/2 1448/2/2
f 1441/1/1 1449/1/1 1643/1/1 1635/1/1
f 1446/1/3 1640/1/3 1644/1/3 1450/1/3
f 1451/1/2 1645/1/2 1646/1/2 1452/1/2
f 1450/1/3 1644/1/3 1645/1/3 1451/1/3
f 1454/1/1 1453/1/1 1647/1/1 1648/1/1
f 1454/1/3 1648/1/3 1641/1/3 1447/1/3
f 1448/2/2 1642/2/2 1649/2/2 1455/2/2
f 1449/1/1 1456/1/1 1650/1/1 1643/1/1
f 1452/1/2 1646/1/2 1651/1/2 1457/1/2
f 1453/1/1 1458/1/1 1652/1/1 1647/1/1
f 1455/2/2 1649/2/2 1653/2/2 1459/2/2
f 1456/1/1 1460/1/1 1654/1/1 1650/1/1
f 1457/1/2 1651/1/2 1655/1/2 1461/1/2
f 1458/1/1 1462/1/1 1656/1/1 1652/1/1
f 1459/2/2 1653/2/2 1657/2/2 1463/2/2
f 1460/1/1 1464/1/1 1658/1/1 1654/1/1
f 1461/1/2 1655/1/2 1659/1/2 1465/1/2
f 1462/1/1 1466/1/1 1660/1/1 1656/1/1
f 1463/2/2 1657/2/2 1661/2/2 1467/2/2
f 1464/1/1 1468/1/1 1662/1/1 1658/1/1
f 1465/1/2 1659/1/2 1663/1/2 1469/1/2
f 1466/1/1 1470/1/1 1664/1/1 1660/1/1
f 1467/2/2 1661/2/2 1665/2/2 1471/2/2
f 1468/1/1 1472/1/1 1666/1/1 1662/1/1
f 1474/1/4 1473/1/4 1667/1/4 1668/1/4
f 1469/1/2 1663/1/2 1669/1/2 1475/1/2
f 1473/1/4 1475/1/4 1669/1/4 1667/1/4
f 1470/1/1 1476/1/1 1670/1/1 1664/1/1
f 1471/2/2 1665/2/2 1671/2/2 1477/2/2
f 1472/1/1 1478/1/1 1672/1/1 1666/1/1
f 1474/1/2 1668/1/2 1673/1/2 1479/1/2
f 1495/1/4 1479/1/4 1673/1/4 1674/1/4
f 1476/1/1 1480/1/1 1675/1/1 1670/1/1
f 1477/2/2 1671/2/2 1676/2/2 1481/2/2
f 1478/1/1 1490/1/1 1677/1/1 1672/1/1
f 1490/1/4 1491/1/4 1678/1/4 1677/1/4
f 1495/1/2 1674/1/2 1679/1/2 1492/1/2
f 1491/1/4 1492/1/4 1679/1/4 1678/1/4
f 1480/1/1 1496/1/1 1680/1/1 1675/1/1
f 1481/2/2 1676/2/2 1681/2/2 1497/2/2
f 1682/1/2 1683/1/2 1684/1/2 1685/1/2
f 1686/1/1 1687/1/1 1688/1/1 1689/1/1
f 1686/1/3 1689/1/3 1683/1/3 1682/1/3
f 1687/1/4 1685/1/4 1684/1/4 1688/1/4
f 1689/1/6 1688/1/6 1684/1/6 1683/1/6
f 1686/1/5 1682/1/5 1685/1/5 1687/1/5
f 1496/1/1 1505/1/1 1690/1/1 1680/1/1
f 1497/5/3 1681/5/3 1691/5/3 1498/5/3
f 1506/5/4 1507/5/4 1692/5/4 1693/5/4
f 1681/5/6 1693/5/6 1692/5/6 1691/5/6
f 1497/5/5 1498/5/5 1507/5/5 1506/5/5
f 1499/5/2 1694/5/2 1695/5/2 1511/5/2
f 1498/5/3 1691/5/3 1694/5/3 1499/5/3
f 1507/5/4 1511/5/4 1695/5/4 1692/5/4
f 1691/5/6 1692/5/6 1695/5/6 1694/5/6
f 1505/1/1 1512/1/1 1696/1/1 1690/1/1
f 1506/2/2 1693/2/2 1697/2/2 1513/2/2
f 1512/1/1 1518/1/1 1698/1/1 1696/1/1
f 1513/2/2 1697/2/2 1699/2/2 1521/2/2
f 1518/1/1 1524/1/1 1700/1/1 1698/1/1
f 1521/2/2 1699/2/2 1701/2/2 1525/2/2
f 1524/1/1 1534/1/1 1702/1/1 1700/1/1
f 1525/2/2 1701/2/2 1703/2/2 1535/2/2
f 1534/1/1 1542/1/1 1704/1/1 1702/1/1
f 1535/2/2 1703/2/2 1705/2/2 1543/2/2
f 1542/1/1 1544/1/1 1706/1/1 1704/1/1
f 1543/2/2 1705/2/2 1707/2/2 1545/2/2
f 1544/1/1 1546/1/1 1708/1/1 1706/1/1
f 1545/2/2 1707/2/2 1709/2/2 1547/2/2
f 1546/1/1 1548/1/1 1710/1/1 1708/1/1
f 1547/2/2 1709/2/2 1711/2/2 1549/2/2
f 1551/1/1 1550/1/1 1712/1/1 1713/1/1
f 1551/1/3 1713/1/3 1714/1/3 1552/1/3
f 1552/1/3 1714/1/3 1715/1/3 1553/1/3
f 1554/1/2 1716/1/2 1717/1/2 1555/1/2
f 1553/1/3 1715/1/3 1716/1/3 1554/1/3
f 1548/1/1 1556/1/1 1718/1/1 1710/1/1
f 1549/2/2 1711/2/2 1719/2/2 1557/2/2
f 1550/1/1 1558/1/1 1720/1/1 1712/1/1
f 1555/1/3 1717/1/3 1721/1/3 1559/1/3
f 1560/1/2 1722/1/2 1723/1/2 1561/1/2
f 1559/1/3 1721/1/3 1722/1/3 1560/1/3
f 1556/1/1 1562/1/1 1724/1/1 1718/1/1
f 1557/2/2 1719/2/2 1725/2/2 1563/2/2
f 1558/1/1 1564/1/1 1726/1/1 1720/1/1
f 1564/1/4 1565/1/4 1727/1/4 1726/1/4
f 1561/1/2 1723/1/2 1728/1/2 1566/1/2
f 1562/1/1 1567/1/1 1729/1/1 1724/1/1
f 1563/2/2 1725/2/2 1730/2/2 1568/2/2
f 1565/1/1 1569/1/1 1731/1/1 1727/1/1
f 1566/1/2 1728/1/2 1732/1/2 1570/1/2
f 1567/1/1 1571/1/1 1733/1/1 1729/1/1
f 1568/2/2 1730/2/2 1734/2/2 1572/2/2
f 1569/1/1 1573/1/1 1735/1/1 1731/1/1
f 1570/1/2 1732/1/2 1736/1/2 1574/1/2
f 1571/1/1 1575/1/1 1737/1/1 1733/1/1
f 1572/2/2 1734/2/2 1738/2/2 1576/2/2
f 1573/1/1 1577/1/1 1739/1/1 1735/1/1
f 1574/1/2 1736/1/2 1740/1/2 1578/1/2
f 1575/1/1 1579/1/1 1741/1/1 1737/1/1
f 1579/1/4 1580/1/4 1742/1/4 1741/1/4
f 1576/2/2 1738/2/2 1743/2/2 1581/2/2
f 1577/1/1 1582/1/1 1744/1/1 1739/1/1
f 1578/1/2 1740/1/2 1745/1/2 1583/1/2
f 1580/1/1 1584/1/1 1746/1/1 1742/1/1
f 1581/2/2 1743/2/2 1747/2/2 1585/2/2
f 1582/1/1 1586/1/1 1748/1/1 1744/1/1
f 1583/1/2 1745/1/2 1749/1/2 1587/1/2
f 1588/1/4 1587/1/4 1749/1/4 1750/1/4
f 1584/1/1 1589/1/1 1751/1/1 1746/1/1
f 1585/2/2 1747/2/2 1752/2/2 1590/2/2
f 1586/1/1 1591/1/1 1753/1/1 1748/1/1
f 1593/1/4 1592/1/4 1754/1/4 1755/1/4
f 1588/1/2 1750/1/2 1756/1/2 1594/1/2
f 1592/1/4 1594/1/4 1756/1/4 1754/1/4
f 1589/1/1 1595/1/1 1757/1/1 1751/1/1
f 1597/2/4 1596/2/4 1758/2/4 1759/2/4
f 1590/2/2 1752/2/2 1760/2/2 1598/2/2
f 1593/1/2 1755/1/2 1761/1/2 1599/1/2
f 1591/1/1 1600/1/1 1762/1/1 1753/1/1
f 1600/1/4 1599/1/4 1761/1/4 1762/1/4
f 1597/1/2 1759/1/2 1763/1/2 1601/1/2
f 1595/1/1 1602/1/1 1764/1/1 1757/1/1
f 1602/1/4 1601/1/4 1763/1/4 1764/1/4
f 1596/2/1 1603/2/1 1765/2/1 1758/2/1
f 1603/2/4 1604/2/4 1766/2/4 1765/2/4
f 1604/2/4 1605/2/4 1767/2/4 1766/2/4
f 1605/2/4 1606/2/4 1768/2/4 1767/2/4
f 1598/2/2 1760/2/2 1769/2/2 1607/2/2
f 1606/2/4 1607/2/4 1769/2/4 1768/2/4
f 1616/1/2 1770/1/2 1771/1/2 1617/1/2
f 1619/1/1 1618/1/1 1772/1/1 1773/1/1
f 1619/1/3 1773/1/3 1770/1/3 1616/1/3
f 1621/2/1 1620/2/1 1774/2/1 1775/2/1
f 1621/2/3 1775/2/3 1776/2/3 1622/2/3
f 1623/2/2 1777/2/2 1778/2/2 1624/2/2
f 1622/2/3 1776/2/3 1777/2/3 1623/2/3
f 1779/3/2 1780/3/2 1781/3/2 1782/3/2
f 1783/3/1 1784/3/1 1785/3/1 1786/3/1
f 1783/3/3 1786/3/3 1780/3/3 1779/3/3
f 1784/3/4 1782/3/4 1781/3/4 1785/3/4
f 1786/3/6 1785/3/6 1781/3/6 1780/3/6
f 1783/3/5 1779/3/5 1782/3/5 1784/3/5
f 1618/1/1 1625/1/1 1787/1/1 1772/1/1
f 1617/1/3 1771/1/3 1774/1/3 1620/1/3
f 1626/2/2 1788/2/2 1789/2/2 1627/2/2
f 1624/2/3 1778/2/3 1788/2/3 1626/2/3
f 1625/1/1 1628/1/1 1790/1/1 1787/1/1
f 1628/1/4 1629/1/4 1791/1/4 1790/1/4
f 1627/2/3 1789/2/3 1792/2/3 1630/2/3
f 1631/2/2 1793/2/2 1794/2/2 1632/2/2
f 1630/2/3 1792/2/3 1793/2/3 1631/2/3
f 1629/1/1 1633/1/1 1795/1/1 1791/1/1
f 1632/2/2 1794/2/2 1796/2/2 1634/2/2
f 1636/1/1 1635/1/1 1797/1/1 1798/1/1
f 1636/1/3 1798/1/3 1799/1/3 1637/1/3
f 1637/1/3 1799/1/3 1800/1/3 1638/1/3
f 1639/1/2 1801/1/2 1802/1/2 1640/1/2
f 1638/1/3 1800/1/3 1801/1/3 1639/1/3
f 1633/1/1 1641/1/1 1803/1/1 1795/1/1
f 1634/2/2 1796/2/2 1804/2/2 1642/2/2
f 1635/1/1 1643/1/1 1805/1/1 1797/1/1
f 1640/1/3 1802/1/3 1806/1/3 1644/1/3
f 1645/1/2 1807/1/2 1808/1/2 1646/1/2
f 1644/1/3 1806/1/3 1807/1/3 1645/1/3
f 1648/1/1 1647/1/1 1809/1/1 1810/1/1
f 1648/1/3 1810/1/3 1803/1/3 1641/1/3
f 1642/2/2 1804/2/2 1811/2/2 1649/2/2
f 1643/1/1 1650/1/1 1812/1/1 1805/1/1
f 1646/1/2 1808/1/2 1813/1/2 1651/1/2
f 1647/1/1 1652/1/1 1814/1/1 1809/1/1
f 1649/2/2 1811/2/2 1815/2/2 1653/2/2
f 1650/1/1 1654/1/1 1816/1/1 1812/1/1
f 1651/1/2 1813/1/2 1817/1/2 1655/1/2
f 1652/1/1 1656/1/1 1818/1/1 1814/1/1
f 1653/2/2 1815/2/2 1819/2/2 1657/2/2
f 1654/1/1 1658/1/1 1820/1/1 1816/1/1
f 1655/1/2 1817/1/2 1821/1/2 1659/1/2
f 1656/1/1 1660/1/1 1822/1/1 1818/1/1
f 1657/2/2 1819/2/2 1823/2/2 1661/2/2
f 1658/1/1 1662/1/1 1824/1/1 1820/1/1
f 1659/1/2 1821/1/2 1825/1/2 1663/1/2
f 1660/1/1 1664/1/1 1826/1/1 1822/1/1
f 1661/2/2 1823/2/2 1827/2/2 1665/2/2
f 1662/1/1 1666/1/1 1828/1/1 1824/1/1
f 1668/1/4 1667/1/4 1829/1/4 1830/1/4
f 1663/1/2 1825/1/2 1831/1/2 1669/1/2
f 1667/1/4 1669/1/4 1831/1/4 1829/1/4
f 1664/1/1 1670/1/1 1832/1/1 1826/1/1
f 1665/2/2 1827/2/2 1833/2/2 1671/2/2
f 1666/1/1 1672/1/1 1834/1/1 1828/1/1
f 1668/1/2 1830/1/2 1835/1/2 1673/1/2
f 1674/1/4 1673/1/4 1835/1/4 1836/1/4
f 1670/1/1 1675/1/1 1837/1/1 1832/1/1
f 1671/2/2 1833/2/2 1838/2/2 1676/2/2
f 1672/1/1 1677/1/1 1839/1/1 1834/1/1
f 1677/1/4 1678/1/4 1840/1/4 1839/1/4
f 1674/1/2 1836/1/2 1841/1/2 1679/1/2
f 1678/1/4 1679/1/4 1841/1/4 1840/1/4
f 1675/1/1 1680/1/1 1842/1/1 1837/1/1
f 1676/2/2 1838/2/2 1843/2/2 1681/2/2
f 1680/1/1 1690/1/1 1844/1/1 1842/1/1
f 1681/2/2 1843/2/2 1845/2/2 1693/2/2
f 1690/1/1 1696/1/1 1846/1/1 1844/1/1
f 1693/2/2 1845/2/2 1847/2/2 1697/2/2
f 1696/1/1 1698/1/1 1848/1/1 1846/1/1
f 1697/2/2 1847/2/2 1849/2/2 1699/2/2
f 1698/1/1 1700/1/1 1850/1/1 1848/1/1
f 1699/2/2 1849/2/2 1851/2/2 1701/2/2
f 1700/1/1 1702/1/1 1852/1/1 1850/1/1
f 1701/2/2 1851/2/2 1853/2/2 1703/2/2
f 1702/1/1 1704/1/1 1854/1/1 1852/1/1
f 1703/2/2 1853/2/2 1855/2/2 1705/2/2
f 1704/1/1 1706/1/1 1856/1/1 1854/1/1
f 1705/2/2 1855/2/2 1857/2/2 1707/2/2
f 1706/1/1 1708/1/1 1858/1/1 1856/1/1
f 1707/2/2 1857/2/2 1859/2/2 1709/2/2
f 1708/1/1 1710/1/1 1860/1/1 1858/1/1
f 1709/2/2 1859/2/2 1861/2/2 1711/2/2
f 1713/1/1 1712/1/1 1862/1/1 1863/1/1
f 1713/1/3 1863/1/3 1864/1/3 1714/1/3
f 1863/1/6 1862/1/6 1865/1/6 1864/1/6
f 1714/1/3 1864/1/3 1866/1/3 1715/1/3
f 1864/1/6 1865/1/6 1867/1/6 1866/1/6
f 1716/1/2 1868/1/2 1869/1/2 1717/1/2
f 1715/1/3 1866/1/3 1868/1/3 1716/1/3
f 1866/1/6 1867/1/6 1869/1/6 1868/1/6
f 1710/1/1 1718/1/1 1870/1/1 1860/1/1
f 1711/2/2 1861/2/2 1871/2/2 1719/2/2
f 1712/1/1 1720/1/1 1872/1/1 1862/1/1
f 1717/1/3 1869/1/3 1873/1/3 1721/1/3
f 1722/1/2 1874/1/2 1875/1/2 1723/1/2
f 1721/1/3 1873/1/3 1874/1/3 1722/1/3
f 1718/1/1 1724/1/1 1876/1/1 1870/1/1
f 1719/2/2 1871/2/2 1877/2/2 1725/2/2
f 1720/1/1 1726/1/1 1878/1/1 1872/1/1
f 1723/1/2 1875/1/2 1879/1/2 1728/1/2
f 1724/1/1 1729/1/1 1880/1/1 1876/1/1
f 1725/2/2 1877/2/2 1881/2/2 1730/2/2
f 1726/1/1 1882/1/1 1883/1/1 1878/1/1
f 1726/1/5 1727/1/5 1731/1/5 1882/1/5
f 1728/1/2 1879/1/2 1884/1/2 1732/1/2
f 1729/1/1 1733/1/1 1885/1/1 1880/1/1
f 1730/2/2 1881/2/2 1886/2/2 1734/2/2
f 1882/1/1 1887/1/1 1888/1/1 1883/1/1
f 1882/1/5 1731/1/5 1735/1/5 1887/1/5
f 1732/1/2 1884/1/2 1889/1/2 1736/1/2
f 1733/1/1 1737/1/1 1890/1/1 1885/1/1
f 1734/2/2 1886/2/2 1891/2/2 1738/2/2
f 1887/1/1 1892/1/1 1893/1/1 1888/1/1
f 1887/1/5 1735/1/5 1739/1/5 1892/1/5
f 1736/1/2 1889/1/2 1894/1/2 1740/1/2
f 1737/1/1 1741/1/1 1895/1/1 1890/1/1
f 1741/1/4 1742/1/4 1896/1/4 1895/1/4
f 1738/2/2 1891/2/2 1897/2/2 1743/2/2
f 1892/1/1 1898/1/1 1899/1/1 1893/1/1
f 1892/1/5 1739/1/5 1744/1/5 1898/1/5
f 1740/1/2 1894/1/2 1900/1/2 1745/1/2
f 1742/1/1 1746/1/1 1901/1/1 1896/1/1
f 1743/2/2 1897/2/2 1902/2/2 1747/2/2
f 1898/1/1 1903/1/1 1904/1/1 1899/1/1
f 1898/1/5 1744/1/5 1748/1/5 1903/1/5
f 1745/1/2 1900/1/2 1905/1/2 1749/1/2
f 1750/1/4 1749/1/4 1905/1/4 1906/1/4
f 1746/1/1 1751/1/1 1907/1/1 1901/1/1
f 1747/2/2 1902/2/2 1908/2/2 1752/2/2
f 1903/1/1 1909/1/1 1910/1/1 1904/1/1
f 1903/1/5 1748/1/5 1753/1/5 1909/1/5
f 1755/1/4 1754/1/4 1911/1/4 1912/1/4
f 1750/1/2 1906/1/2 1913/1/2 1756/1/2
f 1754/1/4 1756/1/4 1913/1/4 1911/1/4
f 1751/1/1 1757/1/1 1914/1/1 1907/1/1
f 1759/2/4 1758/2/4 1915/2/4 1916/2/4
f 1752/2/2 1908/2/2 1917/2/2 1760/2/2
f 1909/1/1 1918/1/1 1919/1/1 1910/1/1
f 1918/1/4 1762/1/4 1920/1/4 1919/1/4
f 1909/1/5 1753/1/5 1762/1/5 1918/1/5
f 1755/1/2 1912/1/2 1921/1/2 1761/1/2
f 1762/1/4 1761/1/4 1921/1/4 1920/1/4
f 1759/1/2 1916/1/2 1922/1/2 1763/1/2
f 1757/1/1 1764/1/1 1923/1/1 1914/1/1
f 1764/1/4 1763/1/4 1922/1/4 1923/1/4
f 1758/2/1 1765/2/1 1924/2/1 1915/2/1
f 1765/2/4 1766/2/4 1925/2/4 1924/2/4
f 1766/2/4 1767/2/4 1926/2/4 1925/2/4
f 1767/2/4 1768/2/4 1927/2/4 1926/2/4
f 1760/2/2 1917/2/2 1928/2/2 1769/2/2
f 1768/2/4 1769/2/4 1928/2/4 1927/2/4
f 1929/3/2 1930/3/2 1931/3/2 1932/3/2
f 1933/3/1 1934/3/1 1935/3/1 1936/3/1
f 1933/3/3 1936/3/3 1930/3/3 1929/3/3
f 1934/3/4 1932/3/4 1931/3/4 1935/3/4
f 1936/3/6 1935/3/6 1931/3/6 1930/3/6
f 1933/3/5 1929/3/5 1932/3/5 1934/3/5
f 1770/1/2 1937/1/2 1938/1/2 1771/1/2
f 1773/1/1 1772/1/1 1939/1/1 1940/1/1
f 1773/1/3 1940/1/3 1937/1/3 1770/1/3
f 1775/2/1 1774/2/1 1941/2/1 1942/2/1
f 1775/2/3 1942/2/3 1943/2/3 1776/2/3
f 1777/2/2 1944/2/2 1945/2/2 1778/2/2
f 1776/2/3 1943/2/3 1944/2/3 1777/2/3
f 1946/5/1 1947/5/1 1948/5/1 1949/5/1
f 1946/5/3 1949/5/3 1950/5/3 1951/5/3
f 1946/5/5 1951/5/5 1952/5/5 1947/5/5
f 1953/5/2 1954/5/2 1955/5/2 1956/5/2
f 1951/5/3 1950/5/3 1954/5/3 1953/5/3
f 1951/5/5 1953/5/5 1956/5/5 1952/5/5
f 1772/1/1 1787/1/1 1957/1/1 1939/1/1
f 1771/1/3 1938/1/3 1941/1/3 1774/1/3
f 1788/2/2 1958/2/2 1959/2/2 1789/2/2
f 1778/2/3 1945/2/3 1958/2/3 1788/2/3
f 1947/5/1 1793/5/1 1960/5/1 1948/5/1
f 1793/5/4 1961/5/4 1962/5/4 1960/5/4
f 1947/5/5 1952/5/5 1961/5/5 1793/5/5
f 1956/5/2 1955/5/2 1963/5/2 1964/5/2
f 1961/5/4 1964/5/4 1963/5/4 1962/5/4
f 1952/5/5 1956/5/5 1964/5/5 1961/5/5
f 1781/3/2 1965/3/2 1966/3/2 1967/3/2
f 1785/3/1 1968/3/1 1969/3/1 1970/3/1
f 1785/3/3 1970/3/3 1965/3/3 1781/3/3
f 1968/3/4 1967/3/4 1966/3/4 1969/3/4
f 1785/3/5 1781/3/5 1967/3/5 1968/3/5
f 1787/1/1 1790/1/1 1971/1/1 1957/1/1
f 1790/1/4 1791/1/4 1972/1/4 1971/1/4
f 1789/2/3 1959/2/3 1973/2/3 1792/2/3
f 1793/2/2 1960/2/2 1974/2/2 1794/2/2
f 1792/2/3 1973/2/3 1960/2/3 1793/2/3
f 1791/1/1 1795/1/1 1975/1/1 1972/1/1
f 1794/2/2 1974/2/2 1976/2/2 1796/2/2
f 1798/1/1 1797/1/1 1977/1/1 1978/1/1
f 1798/1/3 1978/1/3 1979/1/3 1799/1/3
f 1799/1/3 1979/1/3 1980/1/3 1800/1/3
f 1801/1/2 1981/1/2 1982/1/2 1802/1/2
f 1800/1/3 1980/1/3 1981/1/3 1801/1/3
f 1795/1/1 1803/1/1 1983/1/1 1975/1/1
f 1796/2/2 1976/2/2 1984/2/2 1804/2/2
f 1797/1/1 1805/1/1 1985/1/1 1977/1/1
f 1802/1/3 1982/1/3 1986/1/3 1806/1/3
f 1807/1/2 1987/1/2 1988/1/2 1808/1/2
f 1806/1/3 1986/1/3 1987/1/3 1807/1/3
f 1810/1/1 1809/1/1 1989/1/1 1990/1/1
f 1810/1/3 1990/1/3 1983/1/3 1803/1/3
f 1804/2/2 1984/2/2 1991/2/2 1811/2/2
f 1805/1/1 1812/1/1 1992/1/1 1985/1/1
f 1808/1/2 1988/1/2 1993/1/2 1813/1/2
f 1809/1/1 1814/1/1 1994/1/1 1989/1/1
f 1811/2/2 1991/2/2 1995/2/2 1815/2/2
f 1812/1/1 1816/1/1 1996/1/1 1992/1/1
f 1813/1/2 1993/1/2 1997/1/2 1817/1/2
f 1814/1/1 1818/1/1 1998/1/1 1994/1/1
f 1815/2/2 1995/2/2 1999/2/2 1819/2/2
f 1816/1/1 1820/1/1 2000/1/1 1996/1/1
f 1817/1/2 1997/1/2 2001/1/2 1821/1/2
f 1818/1/1 1822/1/1 2002/1/1 1998/1/1
f 1819/2/2 1999/2/2 2003/2/2 1823/2/2
f 1820/1/1 1824/1/1 2004/1/1 2000/1/1
f 1821/1/2 2001/1/2 2005/1/2 1825/1/2
f 1822/1/1 1826/1/1 2006/1/1 2002/1/1
f 1823/2/2 2003/2/2 2007/2/2 1827/2/2
f 1824/1/1 1828/1/1 2008/1/1 2004/1/1
f 1830/1/4 1829/1/4 2009/1/4 2010/1/4
f 1825/1/2 2005/1/2 2011/1/2 1831/1/2
f 1829/1/4 1831/1/4 2011/1/4 2009/1/4
f 1826/1/1 1832/1/1 2012/1/1 2006/1/1
f 1827/2/2 2007/2/2 2013/2/2 1833/2/2
f 1828/1/1 1834/1/1 2014/1/1 2008/1/1
f 2008/1/6 2014/1/6 2015/1/6 2016/1/6
f 2016/1/6 2015/1/6 2017/1/6 2018/1/6
f 1830/1/2 2010/1/2 2019/1/2 1835/1/2
f 1836/1/4 1835/1/4 2019/1/4 2017/1/4
f 2018/1/6 2017/1/6 2019/1/6 2010/1/6
f 1832/1/1 1837/1/1 2020/1/1 2012/1/1
f 1833/2/2 2013/2/2 2021/2/2 1838/2/2
f 1834/1/1 1839/1/1 2022/1/1 2014/1/1
f 1839/1/4 1840/1/4 2023/1/4 2022/1/4
f 2014/1/6 2022/1/6 2023/1/6 2015/1/6
f 1836/1/2 2017/1/2 2024/1/2 1841/1/2
f 1840/1/4 1841/1/4 2024/1/4 2023/1/4
f 2015/1/6 2023/1/6 2024/1/6 2017/1/6
f 1837/1/1 1842/1/1 2025/1/1 2020/1/1
f 1838/2/2 2021/2/2 2026/2/2 1843/2/2
f 1842/1/1 1844/1/1 2027/1/1 2025/1/1
f 1843/2/2 2026/2/2 2028/2/2 1845/2/2
f 2029/2/6 2030/2/6 2028/2/6 2026/2/6
f 1844/1/1 1846/1/1 2031/1/1 2027/1/1
f 1845/2/2 2028/2/2 2032/2/2 1847/2/2
f 2030/2/6 2033/2/6 2032/2/6 2028/2/6
f 1846/1/1 1848/1/1 2034/1/1 2031/1/1
f 1847/2/2 2032/2/2 2035/2/2 1849/2/2
f 2033/2/6 2036/2/6 2035/2/6 2032/2/6
f 1848/1/1 1850/1/1 2037/1/1 2034/1/1
f 1849/2/2 2035/2/2 2038/2/2 1851/2/2
f 2036/2/6 2039/2/6 2038/2/6 2035/2/6
f 1850/1/1 1852/1/1 2040/1/1 2037/1/1
f 1851/2/2 2038/2/2 2041/2/2 1853/2/2
f 2039/2/6 2042/2/6 2041/2/6 2038/2/6
f 1852/1/1 1854/1/1 2043/1/1 2040/1/1
f 1853/2/2 2041/2/2 2044/2/2 1855/2/2
f 2042/2/6 2045/2/6 2044/2/6 2041/2/6
f 1854/1/1 1856/1/1 2046/1/1 2043/1/1
f 1855/2/2 2044/2/2 2047/2/2 1857/2/2
f 1856/1/1 1858/1/1 2048/1/1 2046/1/1
f 1857/2/2 2047/2/2 2049/2/2 1859/2/2
f 1858/1/1 1860/1/1 2050/1/1 2048/1/1
f 1859/2/2 2049/2/2 2051/2/2 1861/2/2
f 1860/1/1 1870/1/1 2052/1/1 2050/1/1
f 1861/2/2 2051/2/2 2053/2/2 1871/2/2
f 1862/1/1 1872/1/1 2054/1/1 2055/1/1
f 1862/1/3 2055/1/3 2056/1/3 1865/1/3
f 1865/1/3 2056/1/3 2057/1/3 1867/1/3
f 1867/1/3 2057/1/3 2058/1/3 1869/1/3
f 1869/1/3 2058/1/3 2059/1/3 1873/1/3
f 1874/1/2 2060/1/2 2061/1/2 1875/1/2
f 1873/1/3 2059/1/3 2060/1/3 1874/1/3
f 1870/1/1 1876/1/1 2062/1/1 2052/1/1
f 1871/2/2 2053/2/2 2063/2/2 1877/2/2
f 1872/1/1 1878/1/1 2064/1/1 2054/1/1
f 1875/1/2 2061/1/2 2065/1/2 1879/1/2
f 1876/1/1 1880/1/1 2066/1/1 2062/1/1
f 1877/2/2 2063/2/2 2067/2/2 1881/2/2
f 1878/1/1 1883/1/1 2068/1/1 2064/1/1
f 1879/1/2 2065/1/2 2069/1/2 1884/1/2
f 1880/1/1 1885/1/1 2070/1/1 2066/1/1
f 1881/2/2 2067/2/2 2071/2/2 1886/2/2
f 1883/1/1 1888/1/1 2072/1/1 2068/1/1
f 1884/1/2 2069/1/2 2073/1/2 1889/1/2
f 1885/1/1 1890/1/1 2074/1/1 2070/1/1
f 1886/2/2 2071/2/2 2075/2/2 1891/2/2
f 1888/1/1 1893/1/1 2076/1/1 2072/1/1
f 1889/1/2 2073/1/2 2077/1/2 1894/1/2
f 1890/1/1 1895/1/1 2078/1/1 2074/1/1
f 1895/1/4 1896/1/4 2079/1/4 2078/1/4
f 1891/2/2 2075/2/2 2080/2/2 1897/2/2
f 1893/1/1 1899/1/1 2081/1/1 2076/1/1
f 1894/1/2 2077/1/2 2082/1/2 1900/1/2
f 1896/1/1 1901/1/1 2083/1/1 2079/1/1
f 1897/2/2 2080/2/2 2084/2/2 1902/2/2
f 1899/1/1 1904/1/1 2085/1/1 2081/1/1
f 1900/1/2 2082/1/2 2086/1/2 1905/1/2
f 1906/1/4 1905/1/4 2086/1/4 2087/1/4
f 1901/1/1 1907/1/1 2088/1/1 2083/1/1
f 1902/2/2 2084/2/2 2089/2/2 1908/2/2
f 1904/1/1 1910/1/1 2090/1/1 2085/1/1
f 1912/1/4 1911/1/4 2091/1/4 2092/1/4
f 1906/1/2 2087/1/2 2093/1/2 1913/1/2
f 1911/1/4 1913/1/4 2093/1/4 2091/1/4
f 1907/1/1 1914/1/1 2094/1/1 2088/1/1
f 1916/2/4 1915/2/4 2095/2/4 2096/2/4
f 1908/2/2 2089/2/2 2097/2/2 1917/2/2
f 1910/1/1 1919/1/1 2098/1/1 2090/1/1
f 1919/1/4 1920/1/4 2099/1/4 2098/1/4
f 1912/1/2 2092/1/2 2100/1/2 1921/1/2
f 1920/1/4 1921/1/4 2100/1/4 2099/1/4
f 1916/1/2 2096/1/2 2101/1/2 1922/1/2
f 1914/1/1 1923/1/1 2102/1/1 2094/1/1
f 1923/1/4 1922/1/4 2101/1/4 2102/1/4
f 1915/2/1 1924/2/1 2103/2/1 2095/2/1
f 1924/2/4 1925/2/4 2104/2/4 2103/2/4
f 1925/2/4 1926/2/4 2105/2/4 2104/2/4
f 1926/2/4 1927/2/4 2106/2/4 2105/2/4
f 1917/2/2 2097/2/2 2107/2/2 1928/2/2
f 1927/2/4 1928/2/4 2107/2/4 2106/2/4
f 1937/1/2 2108/1/2 2109/1/2 1938/1/2
f 1940/1/1 1939/1/1 2110/1/1 2111/1/1
f 1940/1/3 2111/1/3 2108/1/3 1937/1/3
f 1942/2/1 1941/2/1 2112/2/1 2113/2/1
f 1942/2/3 2113/2/3 2114/2/3 1943/2/3
f 1944/2/2 2115/2/2 2116/2/2 1945/2/2
f 1943/2/3 2114/2/3 2115/2/3 1944/2/3
f 1949/5/1 1948/5/1 2117/5/1 2118/5/1
f 1949/5/3 2118/5/3 2119/5/3 1950/5/3
f 1954/5/2 2120/5/2 2121/5/2 1955/5/2
f 1950/5/3 2119/5/3 2120/5/3 1954/5/3
f 2122/5/1 2123/5/1 2124/5/1 2125/5/1
f 2122/5/3 2125/5/3 2126/5/3 2127/5/3
f 2125/5/6 2124/5/6 2128/5/6 2126/5/6
f 2122/5/5 2127/5/5 2129/5/5 2123/5/5
f 2130/5/2 2131/5/2 2132/5/2 2133/5/2
f 2127/5/3 2126/5/3 2131/5/3 2130/5/3
f 2126/5/6 2128/5/6 2132/5/6 2131/5/6
f 2127/5/5 2130/5/5 2133/5/5 2129/5/5
f 1939/1/1 1957/1/1 2134/1/1 2110/1/1
f 1938/1/3 2109/1/3 2112/1/3 1941/1/3
f 1958/2/2 2135/2/2 2136/2/2 1959/2/2
f 1945/2/3 2116/2/3 2135/2/3 1958/2/3
f 2137/2/1 1973/2/1 2138/2/1 2139/2/1
f 2137/2/3 2139/2/3 2117/2/3 1948/2/3
f 2137/2/5 1948/2/5 1960/2/5 1973/2/5
f 1955/2/3 2121/2/3 2140/2/3 1970/2/3
f 1955/2/5 1970/2/5 1969/2/5 1963/2/5
f 1970/2/3 2140/2/3 2141/2/3 1965/2/3
f 1965/2/3 2141/2/3 2142/2/3 2143/2/3
f 1965/2/5 2143/2/5 2144/2/5 1966/2/5
f 2143/2/3 2142/2/3 2145/2/3 2146/2/3
f 2143/2/5 2146/2/5 2147/2/5 2144/2/5
f 2146/2/3 2145/2/3 2148/2/3 2149/2/3
f 2146/2/5 2149/2/5 2150/2/5 2147/2/5
f 2149/5/3 2148/5/3 2151/5/3 2152/5/3
f 2149/5/5 2152/5/5 2153/5/5 2150/5/5
f 2152/5/3 2151/5/3 2124/5/3 2123/5/3
f 2152/5/5 2123/5/5 2154/5/5 2153/5/5
f 2123/5/5 2129/5/5 2155/5/5 2154/5/5
f 2133/5/2 2132/5/2 2156/5/2 2157/5/2
f 2129/5/5 2133/5/5 2157/5/5 2155/5/5
f 1957/1/1 1971/1/1 2158/1/1 2134/1/1
f 1971/1/4 1972/1/4 2159/1/4 2158/1/4
f 1959/2/3 2136/2/3 2138/2/3 1973/2/3
f 1960/2/5 1962/2/5 2160/2/5 1974/2/5
f 1962/2/5 1963/2/5 2161/2/5 2160/2/5
f 2161/2/4 2162/2/4 2163/2/4 2164/2/4
f 1963/2/5 1969/2/5 2162/2/5 2161/2/5
f 2162/2/4 2165/2/4 2166/2/4 2163/2/4
f 1969/2/5 1966/2/5 2165/2/5 2162/2/5
f 2165/2/4 2167/2/4 2168/2/4 2166/2/4
f 1966/2/5 2144/2/5 2167/2/5 2165/2/5
f 2167/2/4 2169/2/4 2170/2/4 2168/2/4
f 2144/2/5 2147/2/5 2169/2/5 2167/2/5
f 2169/2/4 2171/2/4 2172/2/4 2170/2/4
f 2147/2/5 2150/2/5 2171/2/5 2169/2/5
f 2171/5/4 2173/5/4 2174/5/4 2172/5/4
f 2150/5/5 2153/5/5 2173/5/5 2171/5/5
f 2173/5/4 2175/5/4 2176/5/4 2174/5/4
f 2153/5/5 2154/5/5 2175/5/5 2173/5/5
f 2154/5/5 2155/5/5 2177/5/5 2175/5/5
f 2157/5/2 2156/5/2 2178/5/2 2179/5/2
f 2155/5/5 2157/5/5 2179/5/5 2177/5/5
f 1972/1/1 1975/1/1 2180/1/1 2159/1/1
f 1974/2/5 2160/2/5 2181/2/5 1976/2/5
f 2161/2/2 2164/2/2 2182/2/2 2183/2/2
f 2160/2/5 2161/2/5 2183/2/5 2181/2/5
f 2175/5/1 2184/5/1 2185/5/1 2176/5/1
f 2175/5/5 2177/5/5 2186/5/5 2184/5/5
f 2179/5/2 2178/5/2 2187/5/2 2188/5/2
f 2177/5/5 2179/5/5 2188/5/5 2186/5/5
f 1978/1/1 1977/1/1 2189/1/1 2190/1/1
f 1978/1/3 2190/1/3 2191/1/3 1979/1/3
f 1979/1/3 2191/1/3 2192/1/3 1980/1/3
f 1981/1/2 2193/1/2 2194/1/2 1982/1/2
f 1980/1/3 2192/1/3 2193/1/3 1981/1/3
f 1975/1/1 1983/1/1 2195/1/1 2180/1/1
f 1976/2/5 2181/2/5 2196/2/5 1984/2/5
f 2183/2/2 2182/2/2 2197/2/2 2198/2/2
f 2181/2/5 2183/2/5 2198/2/5 2196/2/5
f 2184/5/1 2199/5/1 2200/5/1 2185/5/1
f 2184/5/5 2186/5/5 2201/5/5 2199/5/5
f 2188/5/2 2187/5/2 2202/5/2 2203/5/2
f 2186/5/5 2188/5/5 2203/5/5 2201/5/5
f 1977/1/1 1985/1/1 2204/1/1 2189/1/1
f 1982/1/3 2194/1/3 2205/1/3 1986/1/3
f 1987/1/2 2206/1/2 2207/1/2 1988/1/2
f 1986/1/3 2205/1/3 2206/1/3 1987/1/3
f 1990/1/1 1989/1/1 2208/1/1 2209/1/1
f 1990/1/3 2209/1/3 2195/1/3 1983/1/3
f 1984/2/5 2196/2/5 2210/2/5 1991/2/5
f 2198/2/2 2197/2/2 2211/2/2 2212/2/2
f 2196/2/5 2198/2/5 2212/2/5 2210/2/5
f 2199/5/1 2213/5/1 2214/5/1 2200/5/1
f 2199/5/5 2201/5/5 2215/5/5 2213/5/5
f 2203/5/2 2202/5/2 2216/5/2 2217/5/2
f 2201/5/5 2203/5/5 2217/5/5 2215/5/5
f 1985/1/1 1992/1/1 2218/1/1 2204/1/1
f 1988/1/2 2207/1/2 2219/1/2 1993/1/2
f 1989/1/1 1994/1/1 2220/1/1 2208/1/1
f 1991/2/5 2210/2/5 2221/2/5 1995/2/5
f 2212/2/2 2211/2/2 2222/2/2 2223/2/2
f 2210/2/5 2212/2/5 2223/2/5 2221/2/5
f 2213/5/1 2224/5/1 2225/5/1 2214/5/1
f 2213/5/5 2215/5/5 2226/5/5 2224/5/5
f 2217/5/2 2216/5/2 2227/5/2 2228/5/2
f 2215/5/5 2217/5/5 2228/5/5 2226/5/5
f 1992/1/1 1996/1/1 2229/1/1 2218/1/1
f 1993/1/2 2219/1/2 2230/1/2 1997/1/2
f 1994/1/1 1998/1/1 2231/1/1 2220/1/1
f 1995/2/5 2221/2/5 2232/2/5 1999/2/5
f 2223/2/2 2222/2/2 2233/2/2 2234/2/2
f 2221/2/5 2223/2/5 2234/2/5 2232/2/5
f 2224/5/1 2235/5/1 2236/5/1 2225/5/1
f 2224/5/5 2226/5/5 2237/5/5 2235/5/5
f 2228/5/2 2227/5/2 2238/5/2 2239/5/2
f 2226/5/5 2228/5/5 2239/5/5 2237/5/5
f 1996/1/1 2000/1/1 2240/1/1 2229/1/1
f 1997/1/2 2230/1/2 2241/1/2 2001/1/2
f 1998/1/1 2002/1/1 2242/1/1 2231/1/1
f 1999/2/5 2232/2/5 2243/2/5 2003/2/5
f 2234/2/2 2233/2/2 2244/2/2 2245/2/2
f 2232/2/5 2234/2/5 2245/2/5 2243/2/5
f 2235/5/1 2246/5/1 2247/5/1 2236/5/1
f 2235/5/5 2237/5/5 2248/5/5 2246/5/5
f 2239/5/2 2238/5/2 2249/5/2 2250/5/2
f 2237/5/5 2239/5/5 2250/5/5 2248/5/5
f 2000/1/1 2004/1/1 2251/1/1 2240/1/1
f 2001/1/2 2241/1/2 2252/1/2 2005/1/2
f 2002/1/1 2006/1/1 2253/1/1 2242/1/1
f 2003/2/5 2243/2/5 2254/2/5 2007/2/5
f 2245/2/2 2244/2/2 2255/2/2 2256/2/2
f 2243/2/5 2245/2/5 2256/2/5 2254/2/5
f 2246/5/1 2257/5/1 2258/5/1 2247/5/1
f 2246/5/5 2248/5/5 2259/5/5 2257/5/5
f 2250/5/2 2249/5/2 2260/5/2 2261/5/2
f 2248/5/5 2250/5/5 2261/5/5 2259/5/5
f 2004/1/1 2008/1/1 2262/1/1 2251/1/1
f 2008/1/4 2016/1/4 2263/1/4 2262/1/4
f 2016/1/4 2018/1/4 2264/1/4 2263/1/4
f 2018/1/4 2010/1/4 2265/1/4 2264/1/4
f 2010/1/4 2009/1/4 2266/1/4 2265/1/4
f 2005/1/2 2252/1/2 2267/1/2 2011/1/2
f 2009/1/4 2011/1/4 2267/1/4 2266/1/4
f 2006/1/1 2012/1/1 2268/1/1 2253/1/1
f 2007/2/5 2254/2/5 2269/2/5 2013/2/5
f 2256/2/2 2255/2/2 2270/2/2 2271/2/2
f 2254/2/5 2256/2/5 2271/2/5 2269/2/5
f 2257/5/1 2272/5/1 2273/5/1 2258/5/1
f 2257/5/5 2259/5/5 2274/5/5 2272/5/5
f 2261/5/2 2260/5/2 2275/5/2 2276/5/2
f 2259/5/5 2261/5/5 2276/5/5 2274/5/5
f 2012/1/1 2020/1/1 2277/1/1 2268/1/1
f 2013/2/5 2269/2/5 2278/2/5 2021/2/5
f 2271/2/2 2270/2/2 2279/2/2 2280/2/2
f 2269/2/5 2271/2/5 2280/2/5 2278/2/5
f 2272/5/1 2281/5/1 2282/5/1 2273/5/1
f 2272/5/5 2274/5/5 2283/5/5 2281/5/5
f 2276/5/2 2275/5/2 2284/5/2 2285/5/2
f 2274/5/5 2276/5/5 2285/5/5 2283/5/5
f 2020/1/1 2025/1/1 2286/1/1 2277/1/1
f 2029/2/4 2026/2/4 2287/2/4 2288/2/4
f 2026/2/4 2289/2/4 2290/2/4 2287/2/4
f 2021/2/5 2278/2/5 2289/2/5 2026/2/5
f 2289/2/4 2291/2/4 2292/2/4 2290/2/4
f 2278/2/5 2280/2/5 2291/2/5 2289/2/5
f 2280/2/3 2279/2/3 2293/2/3 2294/2/3
f 2291/2/4 2295/2/4 2296/2/4 2292/2/4
f 2280/2/5 2294/2/5 2295/2/5 2291/2/5
f 2294/2/3 2293/2/3 2297/2/3 2298/2/3
f 2295/2/4 2299/2/4 2300/2/4 2296/2/4
f 2294/2/5 2298/2/5 2299/2/5 2295/2/5
f 2298/2/3 2297/2/3 2301/2/3 2302/2/3
f 2299/2/4 2303/2/4 2304/2/4 2300/2/4
f 2298/2/5 2302/2/5 2303/2/5 2299/2/5
f 2302/2/3 2301/2/3 2305/2/3 2306/2/3
f 2303/2/4 2307/2/4 2308/2/4 2304/2/4
f 2302/2/5 2306/2/5 2307/2/5 2303/2/5
f 2306/2/3 2305/2/3 2309/2/3 2310/2/3
f 2307/2/4 2311/2/4 2312/2/4 2308/2/4
f 2306/2/5 2310/2/5 2311/2/5 2307/2/5
f 2310/5/3 2309/5/3 2313/5/3 2314/5/3
f 2311/5/4 2315/5/4 2316/5/4 2312/5/4
f 2310/5/5 2314/5/5 2315/5/5 2311/5/5
f 2314/5/3 2313/5/3 2282/5/3 2281/5/3
f 2315/5/4 2317/5/4 2318/5/4 2316/5/4
f 2314/5/5 2281/5/5 2317/5/5 2315/5/5
f 2317/5/4 2319/5/4 2320/5/4 2318/5/4
f 2281/5/5 2283/5/5 2319/5/5 2317/5/5
f 2285/5/2 2284/5/2 2321/5/2 2322/5/2
f 2319/5/4 2322/5/4 2321/5/4 2320/5/4
f 2283/5/5 2285/5/5 2322/5/5 2319/5/5
f 2025/1/1 2027/1/1 2323/1/1 2286/1/1
f 2029/2/2 2288/2/2 2324/2/2 2030/2/2
f 2027/1/1 2031/1/1 2325/1/1 2323/1/1
f 2030/2/2 2324/2/2 2326/2/2 2033/2/2
f 2031/1/1 2034/1/1 2327/1/1 2325/1/1
f 2033/2/2 2326/2/2 2328/2/2 2036/2/2
f 2034/1/1 2037/1/1 2329/1/1 2327/1/1
f 2036/2/2 2328/2/2 2330/2/2 2039/2/2
f 2037/1/1 2040/1/1 2331/1/1 2329/1/1
f 2039/2/2 2330/2/2 2332/2/2 2042/2/2
f 2040/1/1 2043/1/1 2333/1/1 2331/1/1
f 2042/2/2 2332/2/2 2334/2/2 2045/2/2
f 2043/1/1 2046/1/1 2335/1/1 2333/1/1
f 2045/2/3 2334/2/3 2336/2/3 2044/2/3
f 2044/2/3 2336/2/3 2337/2/3 2338/2/3
f 2044/2/5 2338/2/5 2339/2/5 2047/2/5
f 2340/2/2 2341/2/2 2342/2/2 2343/2/2
f 2338/2/3 2337/2/3 2341/2/3 2340/2/3
f 2338/2/5 2340/2/5 2343/2/5 2339/2/5
f 2046/1/1 2048/1/1 2344/1/1 2335/1/1
f 2345/2/6 2346/2/6 2347/2/6 2348/2/6
f 2348/2/6 2347/2/6 2349/2/6 2350/2/6
f 2047/2/5 2339/2/5 2351/2/5 2049/2/5
f 2343/2/2 2342/2/2 2352/2/2 2353/2/2
f 2350/2/6 2349/2/6 2352/2/6 2342/2/6
f 2339/2/5 2343/2/5 2353/2/5 2351/2/5
f 2048/1/1 2050/1/1 2354/1/1 2344/1/1
f 2346/2/6 2355/2/6 2356/2/6 2347/2/6
f 2347/2/6 2356/2/6 2357/2/6 2349/2/6
f 2049/2/5 2351/2/5 2358/2/5 2051/2/5
f 2353/2/2 2352/2/2 2359/2/2 2360/2/2
f 2349/2/6 2357/2/6 2359/2/6 2352/2/6
f 2351/2/5 2353/2/5 2360/2/5 2358/2/5
f 2361/1/1 2058/1/1 2362/1/1 2363/1/1
f 2361/1/3 2363/1/3 2364/1/3 2365/1/3
f 2361/1/5 2365/1/5 2059/1/5 2058/1/5
f 2366/1/2 2367/1/2 2368/1/2 2060/1/2
f 2365/1/3 2364/1/3 2367/1/3 2366/1/3
f 2365/1/5 2366/1/5 2060/1/5 2059/1/5
f 2050/1/1 2052/1/1 2369/1/1 2354/1/1
f 2355/2/6 2370/2/6 2371/2/6 2356/2/6
f 2356/2/6 2371/2/6 2372/2/6 2357/2/6
f 2051/2/5 2358/2/5 2373/2/5 2053/2/5
f 2360/2/2 2359/2/2 2374/2/2 2375/2/2
f 2357/2/6 2372/2/6 2374/2/6 2359/2/6
f 2358/2/5 2360/2/5 2375/2/5 2373/2/5
f 2055/1/1 2054/1/1 2376/1/1 2377/1/1
f 2055/1/3 2377/1/3 2378/1/3 2056/1/3
f 2056/1/3 2378/1/3 2379/1/3 2057/1/3
f 2057/1/3 2379/1/3 2362/1/3 2058/1/3
f 2060/1/2 2368/1/2 2380/1/2 2061/1/2
f 2052/1/1 2062/1/1 2381/1/1 2369/1/1
f 2370/2/6 2382/2/6 2383/2/6 2371/2/6
f 2371/2/6 2383/2/6 2384/2/6 2372/2/6
f 2053/2/5 2373/2/5 2385/2/5 2063/2/5
f 2375/2/2 2374/2/2 2386/2/2 2387/2/2
f 2372/2/6 2384/2/6 2386/2/6 2374/2/6
f 2373/2/5 2375/2/5 2387/2/5 2385/2/5
f 2054/1/1 2064/1/1 2388/1/1 2376/1/1
f 2061/1/2 2380/1/2 2389/1/2 2065/1/2
f 2062/1/1 2066/1/1 2390/1/1 2381/1/1
f 2382/2/6 2391/2/6 2392/2/6 2383/2/6
f 2383/2/6 2392/2/6 2393/2/6 2384/2/6
f 2063/2/5 2385/2/5 2394/2/5 2067/2/5
f 2387/2/2 2386/2/2 2395/2/2 2396/2/2
f 2384/2/6 2393/2/6 2395/2/6 2386/2/6
f 2385/2/5 2387/2/5 2396/2/5 2394/2/5
f 2064/1/1 2068/1/1 2397/1/1 2388/1/1
f 2065/1/2 2389/1/2 2398/1/2 2069/1/2
f 2066/1/1 2070/1/1 2399/1/1 2390/1/1
f 2391/2/6 2400/2/6 2401/2/6 2392/2/6
f 2392/2/6 2401/2/6 2402/2/6 2393/2/6
f 2067/2/5 2394/2/5 2403/2/5 2071/2/5
f 2396/2/2 2395/2/2 2404/2/2 2405/2/2
f 2393/2/6 2402/2/6 2404/2/6 2395/2/6
f 2394/2/5 2396/2/5 2405/2/5 2403/2/5
f 2068/1/1 2072/1/1 2406/1/1 2397/1/1
f 2069/1/2 2398/1/2 2407/1/2 2073/1/2
f 2070/1/1 2074/1/1 2408/1/1 2399/1/1
f 2400/2/6 2409/2/6 2410/2/6 2401/2/6
f 2401/2/6 2410/2/6 2411/2/6 2402/2/6
f 2071/2/5 2403/2/5 2412/2/5 2075/2/5
f 2405/2/2 2404/2/2 2413/2/2 2414/2/2
f 2402/2/6 2411/2/6 2413/2/6 2404/2/6
f 2403/2/5 2405/2/5 2414/2/5 2412/2/5
f 2072/1/1 2076/1/1 2415/1/1 2406/1/1
f 2073/1/2 2407/1/2 2416/1/2 2077/1/2
f 2074/1/1 2078/1/1 2417/1/1 2408/1/1
f 2078/1/4 2079/1/4 2418/1/4 2417/1/4
f 2409/2/6 2419/2/6 2420/2/6 2410/2/6
f 2410/2/6 2420/2/6 2421/2/6 2411/2/6
f 2075/2/5 2412/2/5 2422/2/5 2080/2/5
f 2414/2/2 2413/2/2 2423/2/2 2424/2/2
f 2411/2/6 2421/2/6 2423/2/6 2413/2/6
f 2412/2/5 2414/2/5 2424/2/5 2422/2/5
f 2076/1/1 2081/1/1 2425/1/1 2415/1/1
f 2077/1/2 2416/1/2 2426/1/2 2082/1/2
f 2079/1/1 2083/1/1 2427/1/1 2418/1/1
f 2419/2/6 2428/2/6 2429/2/6 2420/2/6
f 2420/2/6 2429/2/6 2430/2/6 2421/2/6
f 2080/2/5 2422/2/5 2431/2/5 2084/2/5
f 2424/2/2 2423/2/2 2432/2/2 2433/2/2
f 2421/2/6 2430/2/6 2432/2/6 2423/2/6
f 2422/2/5 2424/2/5 2433/2/5 2431/2/5
f 2081/1/1 2085/1/1 2434/1/1 2425/1/1
f 2082/1/2 2426/1/2 2435/1/2 2086/1/2
f 2087/1/4 2086/1/4 2435/1/4 2436/1/4
f 2083/1/1 2088/1/1 2437/1/1 2427/1/1
f 2428/2/6 2438/2/6 2439/2/6 2429/2/6
f 2429/2/6 2439/2/6 2440/2/6 2430/2/6
f 2084/2/5 2431/2/5 2441/2/5 2089/2/5
f 2433/2/2 2432/2/2 2442/2/2 2443/2/2
f 2430/2/6 2440/2/6 2442/2/6 2432/2/6
f 2431/2/5 2433/2/5 2443/2/5 2441/2/5
f 2085/1/1 2090/1/1 2444/1/1 2434/1/1
f 2092/1/4 2091/1/4 2445/1/4 2446/1/4
f 2087/1/2 2436/1/2 2447/1/2 2093/1/2
f 2091/1/4 2093/1/4 2447/1/4 2445/1/4
f 2088/1/1 2094/1/1 2448/1/1 2437/1/1
f 2096/2/4 2095/2/4 2449/2/4 2450/2/4
f 2438/2/6 2451/2/6 2452/2/6 2439/2/6
f 2439/2/6 2452/2/6 2453/2/6 2440/2/6
f 2089/2/5 2441/2/5 2454/2/5 2097/2/5
f 2443/2/2 2442/2/2 2455/2/2 2456/2/2
f 2440/2/6 2453/2/6 2455/2/6 2442/2/6
f 2441/2/5 2443/2/5 2456/2/5 2454/2/5
f 2090/1/1 2098/1/1 2457/1/1 2444/1/1
f 2098/1/4 2099/1/4 2458/1/4 2457/1/4
f 2092/1/2 2446/1/2 2459/1/2 2100/1/2
f 2099/1/4 2100/1/4 2459/1/4 2458/1/4
f 2096/1/2 2450/1/2 2460/1/2 2101/1/2
f 2094/1/1 2102/1/1 2461/1/1 2448/1/1
f 2102/1/4 2101/1/4 2460/1/4 2461/1/4
f 2095/2/1 2103/2/1 2462/2/1 2449/2/1
f 2103/2/4 2104/2/4 2463/2/4 2462/2/4
f 2104/2/4 2105/2/4 2464/2/4 2463/2/4
f 2105/2/4 2106/2/4 2465/2/4 2464/2/4
f 2106/2/4 2107/2/4 2466/2/4 2465/2/4
f 2107/2/4 2467/2/4 2468/2/4 2466/2/4
f 2097/2/5 2454/2/5 2467/2/5 2107/2/5
f 2456/2/2 2455/2/2 2469/2/2 2470/2/2
f 2467/2/4 2470/2/4 2469/2/4 2468/2/4
f 2454/2/5 2456/2/5 2470/2/5 2467/2/5
f 2108/1/2 2471/1/2 2472/1/2 2109/1/2
f 2111/1/1 2110/1/1 2473/1/1 2474/1/1
f 2111/1/3 2474/1/3 2471/1/3 2108/1/3
f 2113/2/1 2112/2/1 2475/2/1 2476/2/1
f 2113/2/3 2476/2/3 2477/2/3 2114/2/3
f 2115/2/2 2478/2/2 2479/2/2 2116/2/2
f 2114/2/3 2477/2/3 2478/2/3 2115/2/3
f 2118/5/1 2117/5/1 2480/5/1 2481/5/1
f 2118/5/3 2481/5/3 2482/5/3 2119/5/3
f 2481/5/6 2480/5/6 2483/5/6 2482/5/6
f 2120/5/2 2484/5/2 2485/5/2 2121/5/2
f 2119/5/3 2482/5/3 2484/5/3 2120/5/3
f 2482/5/6 2483/5/6 2485/5/6 2484/5/6
f 2110/1/1 2134/1/1 2486/1/1 2473/1/1
f 2109/1/3 2472/1/3 2475/1/3 2112/1/3
f 2135/2/2 2487/2/2 2488/2/2 2136/2/2
f 2116/2/3 2479/2/3 2487/2/3 2135/2/3
f 2139/2/1 2138/2/1 2489/2/1 2490/2/1
f 2139/2/3 2490/2/3 2480/2/3 2117/2/3
f 2121/2/3 2485/2/3 2491/2/3 2140/2/3
f 2140/2/3 2491/2/3 2492/2/3 2141/2/3
f 2141/2/3 2492/2/3 2493/2/3 2142/2/3
f 2142/2/3 2493/2/3 2494/2/3 2145/2/3
f 2145/2/3 2494/2/3 2495/2/3 2148/2/3
f 2148/2/3 2495/2/3 2496/2/3 2151/2/3
f 2151/2/3 2496/2/3 2497/2/3 2124/2/3
f 2124/2/3 2497/2/3 2498/2/3 2128/2/3
f 2132/2/2 2499/2/2 2500/2/2 2156/2/2
f 2128/2/3 2498/2/3 2499/2/3 2132/2/3
f 2134/1/1 2158/1/1 2501/1/1 2486/1/1
f 2158/1/4 2159/1/4 2502/1/4 2501/1/4
f 2136/2/3 2488/2/3 2489/2/3 2138/2/3
f 2156/2/2 2500/2/2 2503/2/2 2178/2/2
f 2159/1/1 2180/1/1 2504/1/1 2502/1/1
f 2164/5/5 2163/5/5 2505/5/5 2182/5/5
f 2163/5/5 2166/5/5 2506/5/5 2505/5/5
f 2166/5/5 2168/5/5 2507/5/5 2506/5/5
f 2168/5/5 2170/5/5 2508/5/5 2507/5/5
f 2170/5/5 2172/5/5 2509/5/5 2508/5/5
f 2172/6/5 2174/6/5 2510/6/5 2509/6/5
f 2174/6/5 2176/6/5 2185/6/5 2510/6/5
f 2178/2/2 2503/2/2 2511/2/2 2187/2/2
f 2190/1/1 2189/1/1 2512/1/1 2513/1/1
f 2190/1/3 2513/1/3 2514/1/3 2191/1/3
f 2191/1/3 2514/1/3 2515/1/3 2192/1/3
f 2193/1/2 2516/1/2 2517/1/2 2194/1/2
f 2192/1/3 2515/1/3 2516/1/3 2193/1/3
f 2180/1/1 2195/1/1 2518/1/1 2504/1/1
f 2182/5/5 2505/5/5 2519/5/5 2197/5/5
f 2505/5/5 2506/5/5 2520/5/5 2519/5/5
f 2506/5/5 2507/5/5 2521/5/5 2520/5/5
f 2507/5/5 2508/5/5 2522/5/5 2521/5/5
f 2508/5/5 2509/5/5 2523/5/5 2522/5/5
f 2509/6/5 2510/6/5 2524/6/5 2523/6/5
f 2510/6/5 2185/6/5 2200/6/5 2524/6/5
f 2187/2/2 2511/2/2 2525/2/2 2202/2/2
f 2189/1/1 2204/1/1 2526/1/1 2512/1/1
f 2194/1/3 2517/1/3 2527/1/3 2205/1/3
f 2206/1/2 2528/1/2 2529/1/2 2207/1/2
f 2205/1/3 2527/1/3 2528/1/3 2206/1/3
f 2209/1/1 2208/1/1 2530/1/1 2531/1/1
f 2209/1/3 2531/1/3 2518/1/3 2195/1/3
f 2197/5/5 2519/5/5 2532/5/5 2211/5/5
f 2519/5/5 2520/5/5 2533/5/5 2532/5/5
f 2520/5/5 2521/5/5 2534/5/5 2533/5/5
f 2521/5/5 2522/5/5 2535/5/5 2534/5/5
f 2522/5/5 2523/5/5 2536/5/5 2535/5/5
f 2523/6/5 2524/6/5 2537/6/5 2536/6/5
f 2524/6/5 2200/6/5 2214/6/5 2537/6/5
f 2202/2/2 2525/2/2 2538/2/2 2216/2/2
f 2204/1/1 2218/1/1 2539/1/1 2526/1/1
f 2207/1/2 2529/1/2 2540/1/2 2219/1/2
f 2208/1/1 2220/1/1 2541/1/1 2530/1/1
f 2211/5/5 2532/5/5 2542/5/5 2222/5/5
f 2532/5/5 2533/5/5 2543/5/5 2542/5/5
f 2533/5/5 2534/5/5 2544/5/5 2543/5/5
f 2534/5/5 2535/5/5 2545/5/5 2544/5/5
f 2535/5/5 2536/5/5 2546/5/5 2545/5/5
f 2536/6/5 2537/6/5 2547/6/5 2546/6/5
f 2537/6/5 2214/6/5 2225/6/5 2547/6/5
f 2216/2/2 2538/2/2 2548/2/2 2227/2/2
f 2218/1/1 2229/1/1 2549/1/1 2539/1/1
f 2219/1/2 2540/1/2 2550/1/2 2230/1/2
f 2220/1/1 2231/1/1 2551/1/1 2541/1/1
f 2222/5/5 2542/5/5 2552/5/5 2233/5/5
f 2542/5/5 2543/5/5 2553/5/5 2552/5/5
f 2543/5/5 2544/5/5 2554/5/5 2553/5/5
f 2544/5/5 2545/5/5 2555/5/5 2554/5/5
f 2545/5/5 2546/5/5 2556/5/5 2555/5/5
f 2546/6/5 2547/6/5 2557/6/5 2556/6/5
f 2547/6/5 2225/6/5 2236/6/5 2557/6/5
f 2227/2/2 2548/2/2 2558/2/2 2238/2/2
f 2229/1/1 2240/1/1 2559/1/1 2549/1/1
f 2230/1/2 2550/1/2 2560/1/2 2241/1/2
f 2231/1/1 2242/1/1 2561/1/1 2551/1/1
f 2233/6/5 2552/6/5 2562/6/5 2244/6/5
f 2552/6/5 2553/6/5 2563/6/5 2562/6/5
f 2553/6/5 2554/6/5 2564/6/5 2563/6/5
f 2554/6/5 2555/6/5 2565/6/5 2564/6/5
f 2555/6/5 2556/6/5 2566/6/5 2565/6/5
f 2556/6/5 2557/6/5 2567/6/5 2566/6/5
f 2557/6/5 2236/6/5 2247/6/5 2567/6/5
f 2238/2/2 2558/2/2 2568/2/2 2249/2/2
f 2240/1/1 2251/1/1 2569/1/1 2559/1/1
f 2241/1/2 2560/1/2 2570/1/2 2252/1/2
f 2242/1/1 2253/1/1 2571/1/1 2561/1/1
f 2244/6/5 2562/6/5 2572/6/5 2255/6/5
f 2562/6/5 2563/6/5 2573/6/5 2572/6/5
f 2563/6/5 2564/6/5 2574/6/5 2573/6/5
f 2564/6/5 2565/6/5 2575/6/5 2574/6/5
f 2565/6/5 2566/6/5 2576/6/5 2575/6/5
f 2566/6/5 2567/6/5 2577/6/5 2576/6/5
f 2567/6/5 2247/6/5 2258/6/5 2577/6/5
f 2249/2/2 2568/2/2 2578/2/2 2260/2/2
f 2251/1/1 2262/1/1 2579/1/1 2569/1/1
f 2262/1/4 2263/1/4 2580/1/4 2579/1/4
f 2263/1/4 2264/1/4 2581/1/4 2580/1/4
f 2264/1/4 2265/1/4 2582/1/4 2581/1/4
f 2265/1/4 2266/1/4 2583/1/4 2582/1/4
f 2252/1/2 2570/1/2 2584/1/2 2267/1/2
f 2266/1/4 2267/1/4 2584/1/4 2583/1/4
f 2253/1/1 2268/1/1 2585/1/1 2571/1/1
f 2255/6/5 2572/6/5 2586/6/5 2270/6/5
f 2572/6/5 2573/6/5 2587/6/5 2586/6/5
f 2573/6/5 2574/6/5 2588/6/5 2587/6/5
f 2574/6/5 2575/6/5 2589/6/5 2588/6/5
f 2575/6/5 2576/6/5 2590/6/5 2589/6/5
f 2576/6/5 2577/6/5 2591/6/5 2590/6/5
f 2577/6/5 2258/6/5 2273/6/5 2591/6/5
f 2260/2/2 2578/2/2 2592/2/2 2275/2/2
f 2268/1/1 2277/1/1 2593/1/1 2585/1/1
f 2270/6/5 2586/6/5 2293/6/5 2279/6/5
f 2586/6/5 2587/6/5 2297/6/5 2293/6/5
f 2587/6/5 2588/6/5 2301/6/5 2297/6/5
f 2588/6/5 2589/6/5 2305/6/5 2301/6/5
f 2589/6/5 2590/6/5 2309/6/5 2305/6/5
f 2590/6/5 2591/6/5 2313/6/5 2309/6/5
f 2591/6/5 2273/6/5 2282/6/5 2313/6/5
f 2275/2/2 2592/2/2 2594/2/2 2284/2/2
f 2277/1/1 2286/1/1 2595/1/1 2593/1/1
f 2290/2/4 2292/2/4 2596/2/4 2597/2/4
f 2292/2/4 2296/2/4 2598/2/4 2596/2/4
f 2296/2/4 2300/2/4 2599/2/4 2598/2/4
f 2300/2/4 2304/2/4 2600/2/4 2599/2/4
f 2304/2/4 2308/2/4 2601/2/4 2600/2/4
f 2308/2/4 2312/2/4 2602/2/4 2601/2/4
f 2312/2/4 2316/2/4 2603/2/4 2602/2/4
f 2316/2/4 2318/2/4 2604/2/4 2603/2/4
f 2318/2/4 2320/2/4 2605/2/4 2604/2/4
f 2284/2/2 2594/2/2 2606/2/2 2321/2/2
f 2320/2/4 2321/2/4 2606/2/4 2605/2/4
f 2286/1/1 2323/1/1 2607/1/1 2595/1/1
f 2288/2/5 2287/2/5 2608/2/5 2324/2/5
f 2290/2/2 2597/2/2 2609/2/2 2610/2/2
f 2287/2/5 2290/2/5 2610/2/5 2608/2/5
f 2323/1/1 2325/1/1 2611/1/1 2607/1/1
f 2324/2/5 2608/2/5 2612/2/5 2326/2/5
f 2610/2/2 2609/2/2 2613/2/2 2614/2/2
f 2608/2/5 2610/2/5 2614/2/5 2612/2/5
f 2325/1/1 2327/1/1 2615/1/1 2611/1/1
f 2326/2/5 2612/2/5 2616/2/5 2328/2/5
f 2614/2/2 2613/2/2 2617/2/2 2618/2/2
f 2612/2/5 2614/2/5 2618/2/5 2616/2/5
f 2327/1/1 2329/1/1 2619/1/1 2615/1/1
f 2328/2/5 2616/2/5 2620/2/5 2330/2/5
f 2618/2/2 2617/2/2 2621/2/2 2622/2/2
f 2616/2/5 2618/2/5 2622/2/5 2620/2/5
f 2329/1/1 2331/1/1 2623/1/1 2619/1/1
f 2330/2/5 2620/2/5 2624/2/5 2332/2/5
f 2622/2/2 2621/2/2 2625/2/2 2626/2/2
f 2620/2/5 2622/2/5 2626/2/5 2624/2/5
f 2331/1/1 2333/1/1 2627/1/1 2623/1/1
f 2332/2/5 2624/2/5 2336/2/5 2334/2/5
f 2626/2/2 2625/2/2 2628/2/2 2337/2/2
f 2624/2/5 2626/2/5 2337/2/5 2336/2/5
f 2333/1/1 2335/1/1 2629/1/1 2627/1/1
f 2345/2/4 2348/2/4 2630/2/4 2631/2/4
f 2348/2/4 2350/2/4 2632/2/4 2630/2/4
f 2337/2/3 2628/2/3 2633/2/3 2341/2/3
f 2350/2/4 2342/2/4 2634/2/4 2632/2/4
f 2341/2/3 2633/2/3 2635/2/3 2636/2/3
f 2342/2/4 2637/2/4 2638/2/4 2634/2/4
f 2341/2/5 2636/2/5 2637/2/5 2342/2/5
f 2636/2/3 2635/2/3 2639/2/3 2640/2/3
f 2637/2/4 2641/2/4 2642/2/4 2638/2/4
f 2636/2/5 2640/2/5 2641/2/5 2637/2/5
f 2640/2/3 2639/2/3 2643/2/3 2644/2/3
f 2641/2/4 2645/2/4 2646/2/4 2642/2/4
f 2640/2/5 2644/2/5 2645/2/5 2641/2/5
f 2644/2/3 2643/2/3 2647/2/3 2648/2/3
f 2645/2/4 2649/2/4 2650/2/4 2646/2/4
f 2644/2/5 2648/2/5 2649/2/5 2645/2/5
f 2648/2/3 2647/2/3 2651/2/3 2652/2/3
f 2649/2/4 2653/2/4 2654/2/4 2650/2/4
f 2648/2/5 2652/2/5 2653/2/5 2649/2/5
f 2652/5/3 2651/5/3 2655/5/3 2656/5/3
f 2653/5/4 2657/5/4 2658/5/4 2654/5/4
f 2652/5/5 2656/5/5 2657/5/5 2653/5/5
f 2656/5/3 2655/5/3 2659/5/3 2660/5/3
f 2657/5/4 2661/5/4 2662/5/4 2658/5/4
f 2656/5/5 2660/5/5 2661/5/5 2657/5/5
f 2660/5/3 2659/5/3 2663/5/3 2664/5/3
f 2660/5/5 2664/5/5 2665/5/5 2661/5/5
f 2666/5/2 2667/5/2 2668/5/2 2669/5/2
f 2664/5/3 2663/5/3 2667/5/3 2666/5/3
f 2664/5/5 2666/5/5 2669/5/5 2665/5/5
f 2335/1/1 2344/1/1 2670/1/1 2629/1/1
f 2345/2/2 2631/2/2 2671/2/2 2346/2/2
f 2661/5/1 2672/5/1 2673/5/1 2662/5/1
f 2661/5/5 2665/5/5 2674/5/5 2672/5/5
f 2669/5/2 2668/5/2 2675/5/2 2676/5/2
f 2665/5/5 2669/5/5 2676/5/5 2674/5/5
f 2344/1/1 2354/1/1 2677/1/1 2670/1/1
f 2346/2/2 2671/2/2 2678/2/2 2355/2/2
f 2672/5/1 2679/5/1 2680/5/1 2673/5/1
f 2672/5/5 2674/5/5 2681/5/5 2679/5/5
f 2676/5/2 2675/5/2 2682/5/2 2683/5/2
f 2674/5/5 2676/5/5 2683/5/5 2681/5/5
f 2363/1/1 2362/1/1 2684/1/1 2685/1/1
f 2363/1/3 2685/1/3 2686/1/3 2364/1/3
f 2685/1/6 2684/1/6 2687/1/6 2686/1/6
f 2367/1/2 2688/1/2 2689/1/2 2368/1/2
f 2364/1/3 2686/1/3 2688/1/3 2367/1/3
f 2686/1/6 2687/1/6 2689/1/6 2688/1/6
f 2354/1/1 2369/1/1 2690/1/1 2677/1/1
f 2355/2/2 2678/2/2 2691/2/2 2370/2/2
f 2679/5/1 2692/5/1 2693/5/1 2680/5/1
f 2679/5/5 2681/5/5 2694/5/5 2692/5/5
f 2683/5/2 2682/5/2 2695/5/2 2696/5/2
f 2681/5/5 2683/5/5 2696/5/5 2694/5/5
f 2377/1/1 2376/1/1 2697/1/1 2698/1/1
f 2377/1/3 2698/1/3 2699/1/3 2378/1/3
f 2378/1/3 2699/1/3 2700/1/3 2379/1/3
f 2379/1/3 2700/1/3 2684/1/3 2362/1/3
f 2368/1/2 2689/1/2 2701/1/2 2380/1/2
f 2369/1/1 2381/1/1 2702/1/1 2690/1/1
f 2370/2/2 2691/2/2 2703/2/2 2382/2/2
f 2692/5/1 2704/5/1 2705/5/1 2693/5/1
f 2692/5/5 2694/5/5 2706/5/5 2704/5/5
f 2696/5/2 2695/5/2 2707/5/2 2708/5/2
f 2694/5/5 2696/5/5 2708/5/5 2706/5/5
f 2376/1/1 2388/1/1 2709/1/1 2697/1/1
f 2380/1/2 2701/1/2 2710/1/2 2389/1/2
f 2381/1/1 2390/1/1 2711/1/1 2702/1/1
f 2382/2/2 2703/2/2 2712/2/2 2391/2/2
f 2704/5/1 2713/5/1 2714/5/1 2705/5/1
f 2704/5/5 2706/5/5 2715/5/5 2713/5/5
f 2708/5/2 2707/5/2 2716/5/2 2717/5/2
f 2706/5/5 2708/5/5 2717/5/5 2715/5/5
f 2388/1/1 2397/1/1 2718/1/1 2709/1/1
f 2389/1/2 2710/1/2 2719/1/2 2398/1/2
f 2390/1/1 2399/1/1 2720/1/1 2711/1/1
f 2391/2/2 2712/2/2 2721/2/2 2400/2/2
f 2713/5/1 2722/5/1 2723/5/1 2714/5/1
f 2713/5/5 2715/5/5 2724/5/5 2722/5/5
f 2717/5/2 2716/5/2 2725/5/2 2726/5/2
f 2715/5/5 2717/5/5 2726/5/5 2724/5/5
f 2397/1/1 2406/1/1 2727/1/1 2718/1/1
f 2398/1/2 2719/1/2 2728/1/2 2407/1/2
f 2399/1/1 2408/1/1 2729/1/1 2720/1/1
f 2400/2/2 2721/2/2 2730/2/2 2409/2/2
f 2722/5/1 2731/5/1 2732/5/1 2723/5/1
f 2722/5/5 2724/5/5 2733/5/5 2731/5/5
f 2726/5/2 2725/5/2 2734/5/2 2735/5/2
f 2724/5/5 2726/5/5 2735/5/5 2733/5/5
f 2406/1/1 2415/1/1 2736/1/1 2727/1/1
f 2407/1/2 2728/1/2 2737/1/2 2416/1/2
f 2408/1/1 2417/1/1 2738/1/1 2729/1/1
f 2417/1/4 2418/1/4 2739/1/4 2738/1/4
f 2409/2/2 2730/2/2 2740/2/2 2419/2/2
f 2731/5/1 2741/5/1 2742/5/1 2732/5/1
f 2731/5/5 2733/5/5 2743/5/5 2741/5/5
f 2735/5/2 2734/5/2 2744/5/2 2745/5/2
f 2733/5/5 2735/5/5 2745/5/5 2743/5/5
f 2415/1/1 2425/1/1 2746/1/1 2736/1/1
f 2416/1/2 2737/1/2 2747/1/2 2426/1/2
f 2418/1/1 2427/1/1 2748/1/1 2739/1/1
f 2419/2/2 2740/2/2 2749/2/2 2428/2/2
f 2741/5/1 2750/5/1 2751/5/1 2742/5/1
f 2741/5/5 2743/5/5 2752/5/5 2750/5/5
f 2745/5/2 2744/5/2 2753/5/2 2754/5/2
f 2743/5/5 2745/5/5 2754/5/5 2752/5/5
f 2425/1/1 2434/1/1 2755/1/1 2746/1/1
f 2426/1/2 2747/1/2 2756/1/2 2435/1/2
f 2436/1/4 2435/1/4 2756/1/4 2757/1/4
f 2427/1/1 2437/1/1 2758/1/1 2748/1/1
f 2428/2/2 2749/2/2 2759/2/2 2438/2/2
f 2750/5/1 2760/5/1 2761/5/1 2751/5/1
f 2750/5/5 2752/5/5 2762/5/5 2760/5/5
f 2754/5/2 2753/5/2 2763/5/2 2764/5/2
f 2752/5/5 2754/5/5 2764/5/5 2762/5/5
f 2434/1/1 2444/1/1 2765/1/1 2755/1/1
f 2446/1/4 2445/1/4 2766/1/4 2767/1/4
f 2436/1/2 2757/1/2 2768/1/2 2447/1/2
f 2445/1/4 2447/1/4 2768/1/4 2766/1/4
f 2437/1/1 2448/1/1 2769/1/1 2758/1/1
f 2450/2/4 2449/2/4 2770/2/4 2771/2/4
f 2438/2/2 2759/2/2 2772/2/2 2451/2/2
f 2760/5/1 2773/5/1 2774/5/1 2761/5/1
f 2760/5/5 2762/5/5 2775/5/5 2773/5/5
f 2764/5/2 2763/5/2 2776/5/2 2777/5/2
f 2762/5/5 2764/5/5 2777/5/5 2775/5/5
f 2444/1/1 2457/1/1 2778/1/1 2765/1/1
f 2457/1/4 2458/1/4 2779/1/4 2778/1/4
f 2446/1/2 2767/1/2 2780/1/2 2459/1/2
f 2458/1/4 2459/1/4 2780/1/4 2779/1/4
f 2450/1/2 2771/1/2 2781/1/2 2460/1/2
f 2448/1/1 2461/1/1 2782/1/1 2769/1/1
f 2461/1/4 2460/1/4 2781/1/4 2782/1/4
f 2449/2/1 2462/2/1 2783/2/1 2770/2/1
f 2462/2/4 2463/2/4 2784/2/4 2783/2/4
f 2463/2/4 2464/2/4 2785/2/4 2784/2/4
f 2464/2/4 2465/2/4 2786/2/4 2785/2/4
f 2451/2/3 2772/2/3 2787/2/3 2452/2/3
f 2465/2/4 2466/2/4 2788/2/4 2786/2/4
f 2452/2/3 2787/2/3 2789/2/3 2453/2/3
f 2466/2/4 2468/2/4 2790/2/4 2788/2/4
f 2453/2/3 2789/2/3 2791/2/3 2455/2/3
f 2468/2/4 2469/2/4 2792/2/4 2790/2/4
f 2455/2/3 2791/2/3 2793/2/3 2794/2/3
f 2469/2/4 2795/2/4 2796/2/4 2792/2/4
f 2455/2/5 2794/2/5 2795/2/5 2469/2/5
f 2794/2/3 2793/2/3 2797/2/3 2798/2/3
f 2795/2/4 2799/2/4 2800/2/4 2796/2/4
f 2794/2/5 2798/2/5 2799/2/5 2795/2/5
f 2798/2/3 2797/2/3 2801/2/3 2802/2/3
f 2799/2/4 2803/2/4 2804/2/4 2800/2/4
f 2798/2/5 2802/2/5 2803/2/5 2799/2/5
f 2802/2/3 2801/2/3 2805/2/3 2806/2/3
f 2803/2/4 2807/2/4 2808/2/4 2804/2/4
f 2802/2/5 2806/2/5 2807/2/5 2803/2/5
f 2806/2/3 2805/2/3 2809/2/3 2810/2/3
f 2807/2/4 2811/2/4 2812/2/4 2808/2/4
f 2806/2/5 2810/2/5 2811/2/5 2807/2/5
f 2810/5/3 2809/5/3 2813/5/3 2814/5/3
f 2811/5/4 2815/5/4 2816/5/4 2812/5/4
f 2810/5/5 2814/5/5 2815/5/5 2811/5/5
f 2814/5/3 2813/5/3 2774/5/3 2773/5/3
f 2815/5/4 2817/5/4 2818/5/4 2816/5/4
f 2814/5/5 2773/5/5 2817/5/5 2815/5/5
f 2817/5/4 2819/5/4 2820/5/4 2818/5/4
f 2773/5/5 2775/5/5 2819/5/5 2817/5/5
f 2777/5/2 2776/5/2 2821/5/2 2822/5/2
f 2819/5/4 2822/5/4 2821/5/4 2820/5/4
f 2775/5/5 2777/5/5 2822/5/5 2819/5/5
f 2471/1/2 2823/1/2 2824/1/2 2472/1/2
f 2474/1/1 2473/1/1 2825/1/1 2826/1/1
f 2474/1/3 2826/1/3 2823/1/3 2471/1/3
f 2476/2/1 2475/2/1 2827/2/1 2828/2/1
f 2476/2/3 2828/2/3 2829/2/3 2477/2/3
f 2478/2/2 2830/2/2 2831/2/2 2479/2/2
f 2477/2/3 2829/2/3 2830/2/3 2478/2/3
f 2473/1/1 2486/1/1 2832/1/1 2825/1/1
f 2472/1/3 2824/1/3 2827/1/3 2475/1/3
f 2487/2/2 2833/2/2 2834/2/2 2488/2/2
f 2479/2/3 2831/2/3 2833/2/3 2487/2/3
f 2490/2/1 2489/2/1 2835/2/1 2836/2/1
f 2490/2/3 2836/2/3 2837/2/3 2480/2/3
f 2480/2/3 2837/2/3 2838/2/3 2483/2/3
f 2483/2/3 2838/2/3 2839/2/3 2485/2/3
f 2485/2/3 2839/2/3 2840/2/3 2491/2/3
f 2491/2/3 2840/2/3 2841/2/3 2492/2/3
f 2492/2/3 2841/2/3 2842/2/3 2493/2/3
f 2493/2/3 2842/2/3 2843/2/3 2494/2/3
f 2494/2/3 2843/2/3 2844/2/3 2495/2/3
f 2495/2/3 2844/2/3 2845/2/3 2496/2/3
f 2496/2/3 2845/2/3 2846/2/3 2497/2/3
f 2497/2/3 2846/2/3 2847/2/3 2498/2/3
f 2499/2/2 2848/2/2 2849/2/2 2500/2/2
f 2498/2/3 2847/2/3 2848/2/3 2499/2/3
f 2486/1/1 2501/1/1 2850/1/1 2832/1/1
f 2501/1/4 2502/1/4 2851/1/4 2850/1/4
f 2488/2/3 2834/2/3 2835/2/3 2489/2/3
f 2500/2/2 2849/2/2 2852/2/2 2503/2/2
f 2502/1/1 2504/1/1 2853/1/1 2851/1/1
f 2503/2/2 2852/2/2 2854/2/2 2511/2/2
f 2513/1/1 2512/1/1 2855/1/1 2856/1/1
f 2513/1/3 2856/1/3 2857/1/3 2514/1/3
f 2514/1/3 2857/1/3 2858/1/3 2515/1/3
f 2516/1/2 2859/1/2 2860/1/2 2517/1/2
f 2515/1/3 2858/1/3 2859/1/3 2516/1/3
f 2504/1/1 2518/1/1 2861/1/1 2853/1/1
f 2511/2/2 2854/2/2 2862/2/2 2525/2/2
f 2512/1/1 2526/1/1 2863/1/1 2855/1/1
f 2517/1/3 2860/1/3 2864/1/3 2527/1/3
f 2527/1/3 2864/1/3 2865/1/3 2528/1/3
f 2528/1/3 2865/1/3 2866/1/3 2867/1/3
f 2528/1/5 2867/1/5 2868/1/5 2529/1/5
f 2867/1/3 2866/1/3 2869/1/3 2870/1/3
f 2867/1/5 2870/1/5 2871/1/5 2868/1/5
f 2870/1/3 2869/1/3 2872/1/3 2873/1/3
f 2870/1/5 2873/1/5 2874/1/5 2871/1/5
f 2873/1/3 2872/1/3 2875/1/3 2876/1/3
f 2873/1/5 2876/1/5 2877/1/5 2874/1/5
f 2876/1/3 2875/1/3 2878/1/3 2879/1/3
f 2876/1/5 2879/1/5 2880/1/5 2877/1/5
f 2879/1/3 2878/1/3 2881/1/3 2882/1/3
f 2880/1/4 2883/1/4 2884/1/4 2885/1/4
f 2879/1/5 2882/1/5 2883/1/5 2880/1/5
f 2886/1/2 2887/1/2 2888/1/2 2889/1/2
f 2882/1/3 2881/1/3 2887/1/3 2886/1/3
f 2883/1/4 2889/1/4 2888/1/4 2884/1/4
f 2882/1/5 2886/1/5 2889/1/5 2883/1/5
f 2531/1/1 2530/1/1 2890/1/1 2891/1/1
f 2531/1/3 2891/1/3 2861/1/3 2518/1/3
f 2525/2/2 2862/2/2 2892/2/2 2538/2/2
f 2526/1/1 2539/1/1 2893/1/1 2863/1/1
f 2529/1/5 2868/1/5 2894/1/5 2540/1/5
f 2868/1/5 2871/1/5 2895/1/5 2894/1/5
f 2871/1/5 2874/1/5 2896/1/5 2895/1/5
f 2874/1/5 2877/1/5 2897/1/5 2896/1/5
f 2880/1/2 2885/1/2 2898/1/2 2899/1/2
f 2877/1/5 2880/1/5 2899/1/5 2897/1/5
f 2530/1/1 2541/1/1 2900/1/1 2890/1/1
f 2538/2/2 2892/2/2 2901/2/2 2548/2/2
f 2539/1/1 2549/1/1 2902/1/1 2893/1/1
f 2540/1/5 2894/1/5 2903/1/5 2550/1/5
f 2894/1/5 2895/1/5 2904/1/5 2903/1/5
f 2895/1/5 2896/1/5 2905/1/5 2904/1/5
f 2896/1/5 2897/1/5 2906/1/5 2905/1/5
f 2899/1/2 2898/1/2 2907/1/2 2908/1/2
f 2897/1/5 2899/1/5 2908/1/5 2906/1/5
f 2541/1/1 2551/1/1 2909/1/1 2900/1/1
f 2548/2/2 2901/2/2 2910/2/2 2558/2/2
f 2549/1/1 2559/1/1 2911/1/1 2902/1/1
f 2550/1/5 2903/1/5 2912/1/5 2560/1/5
f 2903/1/5 2904/1/5 2913/1/5 2912/1/5
f 2904/1/5 2905/1/5 2914/1/5 2913/1/5
f 2905/1/5 2906/1/5 2915/1/5 2914/1/5
f 2908/1/2 2907/1/2 2916/1/2 2917/1/2
f 2906/1/5 2908/1/5 2917/1/5 2915/1/5
f 2551/1/1 2561/1/1 2918/1/1 2909/1/1
f 2558/2/2 2910/2/2 2919/2/2 2568/2/2
f 2559/1/1 2569/1/1 2920/1/1 2911/1/1
f 2560/1/5 2912/1/5 2921/1/5 2570/1/5
f 2912/1/5 2913/1/5 2922/1/5 2921/1/5
f 2913/1/5 2914/1/5 2923/1/5 2922/1/5
f 2914/1/5 2915/1/5 2924/1/5 2923/1/5
f 2917/1/2 2916/1/2 2925/1/2 2926/1/2
f 2915/1/5 2917/1/5 2926/1/5 2924/1/5
f 2561/1/1 2571/1/1 2927/1/1 2918/1/1
f 2568/2/2 2919/2/2 2928/2/2 2578/2/2
f 2569/1/1 2579/1/1 2929/1/1 2920/1/1
f 2579/1/4 2580/1/4 2930/1/4 2929/1/4
f 2580/1/4 2581/1/4 2931/1/4 2930/1/4
f 2581/1/4 2582/1/4 2932/1/4 2931/1/4
f 2582/1/4 2583/1/4 2933/1/4 2932/1/4
f 2583/1/4 2584/1/4 2934/1/4 2933/1/4
f 2584/1/4 2935/1/4 2936/1/4 2934/1/4
f 2570/1/5 2921/1/5 2935/1/5 2584/1/5
f 2935/1/4 2937/1/4 2938/1/4 2936/1/4
f 2921/1/5 2922/1/5 2937/1/5 2935/1/5
f 2937/1/4 2939/1/4 2940/1/4 2938/1/4
f 2922/1/5 2923/1/5 2939/1/5 2937/1/5
f 2939/1/4 2941/1/4 2942/1/4 2940/1/4
f 2923/1/5 2924/1/5 2941/1/5 2939/1/5
f 2926/1/2 2925/1/2 2943/1/2 2944/1/2
f 2941/1/4 2944/1/4 2943/1/4 2942/1/4
f 2924/1/5 2926/1/5 2944/1/5 2941/1/5
f 2571/1/1 2585/1/1 2945/1/1 2927/1/1
f 2578/2/2 2928/2/2 2946/2/2 2592/2/2
f 2585/1/1 2593/1/1 2947/1/1 2945/1/1
f 2592/2/2 2946/2/2 2948/2/2 2594/2/2
f 2593/1/1 2595/1/1 2949/1/1 2947/1/1
f 2598/2/4 2599/2/4 2950/2/4 2951/2/4
f 2599/2/4 2600/2/4 2952/2/4 2950/2/4
f 2600/2/4 2601/2/4 2953/2/4 2952/2/4
f 2601/2/4 2602/2/4 2954/2/4 2953/2/4
f 2602/2/4 2603/2/4 2955/2/4 2954/2/4
f 2603/2/4 2604/2/4 2956/2/4 2955/2/4
f 2604/2/4 2605/2/4 2957/2/4 2956/2/4
f 2594/2/2 2948/2/2 2958/2/2 2606/2/2
f 2605/2/4 2606/2/4 2958/2/4 2957/2/4
f 2595/1/1 2607/1/1 2959/1/1 2949/1/1
f 2597/2/5 2596/2/5 2960/2/5 2609/2/5
f 2598/2/2 2951/2/2 2961/2/2 2962/2/2
f 2596/2/5 2598/2/5 2962/2/5 2960/2/5
f 2607/1/1 2611/1/1 2963/1/1 2959/1/1
f 2609/2/5 2960/2/5 2964/2/5 2613/2/5
f 2962/2/2 2961/2/2 2965/2/2 2966/2/2
f 2960/2/5 2962/2/5 2966/2/5 2964/2/5
f 2611/1/1 2615/1/1 2967/1/1 2963/1/1
f 2613/2/5 2964/2/5 2968/2/5 2617/2/5
f 2966/2/2 2965/2/2 2969/2/2 2970/2/2
f 2964/2/5 2966/2/5 2970/2/5 2968/2/5
f 2615/1/1 2619/1/1 2971/1/1 2967/1/1
f 2617/2/5 2968/2/5 2972/2/5 2621/2/5
f 2970/2/2 2969/2/2 2973/2/2 2974/2/2
f 2968/2/5 2970/2/5 2974/2/5 2972/2/5
f 2619/1/1 2623/1/1 2975/1/1 2971/1/1
f 2621/2/5 2972/2/5 2976/2/5 2625/2/5
f 2974/2/2 2973/2/2 2977/2/2 2978/2/2
f 2972/2/5 2974/2/5 2978/2/5 2976/2/5
f 2623/1/1 2627/1/1 2979/1/1 2975/1/1
f 2625/2/5 2976/2/5 2633/2/5 2628/2/5
f 2978/2/2 2977/2/2 2980/2/2 2635/2/2
f 2976/2/5 2978/2/5 2635/2/5 2633/2/5
f 2627/1/1 2629/1/1 2981/1/1 2979/1/1
f 2635/2/3 2980/2/3 2982/2/3 2639/2/3
f 2639/2/3 2982/2/3 2983/2/3 2643/2/3
f 2643/2/3 2983/2/3 2984/2/3 2647/2/3
f 2647/2/3 2984/2/3 2985/2/3 2651/2/3
f 2651/2/3 2985/2/3 2986/2/3 2655/2/3
f 2655/2/3 2986/2/3 2987/2/3 2659/2/3
f 2659/2/3 2987/2/3 2988/2/3 2663/2/3
f 2667/2/2 2989/2/2 2990/2/2 2668/2/2
f 2663/2/3 2988/2/3 2989/2/3 2667/2/3
f 2629/1/1 2670/1/1 2991/1/1 2981/1/1
f 2631/2/5 2630/2/5 2992/2/5 2671/2/5
f 2630/2/5 2632/2/5 2993/2/5 2992/2/5
f 2632/2/5 2634/2/5 2994/2/5 2993/2/5
f 2634/5/5 2638/5/5 2995/5/5 2994/5/5
f 2638/5/5 2642/5/5 2996/5/5 2995/5/5
f 2642/5/5 2646/5/5 2997/5/5 2996/5/5
f 2646/5/5 2650/5/5 2998/5/5 2997/5/5
f 2650/5/5 2654/5/5 2999/5/5 2998/5/5
f 2654/5/5 2658/5/5 3000/5/5 2999/5/5
f 2658/6/5 2662/6/5 2673/6/5 3000/6/5
f 2668/2/2 2990/2/2 3001/2/2 2675/2/2
f 2670/1/1 2677/1/1 3002/1/1 2991/1/1
f 2671/2/5 2992/2/5 3003/2/5 2678/2/5
f 2992/2/5 2993/2/5 3004/2/5 3003/2/5
f 2993/2/5 2994/2/5 3005/2/5 3004/2/5
f 2994/5/5 2995/5/5 3006/5/5 3005/5/5
f 2995/5/5 2996/5/5 3007/5/5 3006/5/5
f 2996/5/5 2997/5/5 3008/5/5 3007/5/5
f 2997/5/5 2998/5/5 3009/5/5 3008/5/5
f 2998/5/5 2999/5/5 3010/5/5 3009/5/5
f 2999/5/5 3000/5/5 3011/5/5 3010/5/5
f 3000/6/5 2673/6/5 2680/6/5 3011/6/5
f 2675/2/2 3001/2/2 3012/2/2 2682/2/2
f 3013/1/1 3014/1/1 3015/1/1 3016/1/1
f 3013/1/3 3016/1/3 3017/1/3 3018/1/3
f 3013/1/5 3018/1/5 3019/1/5 3014/1/5
f 3020/1/2 3021/1/2 3022/1/2 3023/1/2
f 3018/1/3 3017/1/3 3021/1/3 3020/1/3
f 3018/1/5 3020/1/5 3023/1/5 3019/1/5
f 2677/1/1 2690/1/1 3024/1/1 3002/1/1
f 2678/2/5 3003/2/5 3025/2/5 2691/2/5
f 3003/2/5 3004/2/5 3026/2/5 3025/2/5
f 3004/2/5 3005/2/5 3027/2/5 3026/2/5
f 3005/5/5 3006/5/5 3028/5/5 3027/5/5
f 3006/5/5 3007/5/5 3029/5/5 3028/5/5
f 3007/5/5 3008/5/5 3030/5/5 3029/5/5
f 3008/5/5 3009/5/5 3031/5/5 3030/5/5
f 3009/5/5 3010/5/5 3032/5/5 3031/5/5
f 3010/5/5 3011/5/5 3033/5/5 3032/5/5
f 3011/6/5 2680/6/5 2693/6/5 3033/6/5
f 2682/2/2 3012/2/2 3034/2/2 2695/2/2
f 2698/1/1 2697/1/1 3035/1/1 3036/1/1
f 2698/1/3 3036/1/3 3037/1/3 2699/1/3
f 2699/1/3 3037/1/3 3038/1/3 2700/1/3
f 2700/1/3 3038/1/3 3039/1/3 2684/1/3
f 2684/1/3 3039/1/3 3040/1/3 2687/1/3
f 2687/1/3 3040/1/3 3041/1/3 2689/1/3
f 2689/1/3 3041/1/3 3042/1/3 3043/1/3
f 2689/1/5 3043/1/5 3044/1/5 2701/1/5
f 3043/1/3 3042/1/3 3045/1/3 3046/1/3
f 3043/1/5 3046/1/5 3047/1/5 3044/1/5
f 3046/1/3 3045/1/3 3015/1/3 3014/1/3
f 3046/1/5 3014/1/5 3048/1/5 3047/1/5
f 3014/1/5 3019/1/5 3049/1/5 3048/1/5
f 3023/1/2 3022/1/2 3050/1/2 3051/1/2
f 3019/1/5 3023/1/5 3051/1/5 3049/1/5
f 2690/1/1 2702/1/1 3052/1/1 3024/1/1
f 2691/2/5 3025/2/5 3053/2/5 2703/2/5
f 3025/2/5 3026/2/5 3054/2/5 3053/2/5
f 3026/2/5 3027/2/5 3055/2/5 3054/2/5
f 3027/5/5 3028/5/5 3056/5/5 3055/5/5
f 3028/5/5 3029/5/5 3057/5/5 3056/5/5
f 3029/5/5 3030/5/5 3058/5/5 3057/5/5
f 3030/5/5 3031/5/5 3059/5/5 3058/5/5
f 3031/5/5 3032/5/5 3060/5/5 3059/5/5
f 3032/5/5 3033/5/5 3061/5/5 3060/5/5
f 3033/6/5 2693/6/5 2705/6/5 3061/6/5
f 2695/2/2 3034/2/2 3062/2/2 2707/2/2
f 2697/1/1 2709/1/1 3063/1/1 3035/1/1
f 2701/1/5 3044/1/5 3064/1/5 2710/1/5
f 3044/1/5 3047/1/5 3065/1/5 3064/1/5
f 3047/1/5 3048/1/5 3066/1/5 3065/1/5
f 3048/1/5 3049/1/5 3067/1/5 3066/1/5
f 3051/1/2 3050/1/2 3068/1/2 3069/1/2
f 3049/1/5 3051/1/5 3069/1/5 3067/1/5
f 2702/1/1 2711/1/1 3070/1/1 3052/1/1
f 2703/2/5 3053/2/5 3071/2/5 2712/2/5
f 3053/2/5 3054/2/5 3072/2/5 3071/2/5
f 3054/2/5 3055/2/5 3073/2/5 3072/2/5
f 3055/5/5 3056/5/5 3074/5/5 3073/5/5
f 3056/5/5 3057/5/5 3075/5/5 3074/5/5
f 3057/5/5 3058/5/5 3076/5/5 3075/5/5
f 3058/5/5 3059/5/5 3077/5/5 3076/5/5
f 3059/5/5 3060/5/5 3078/5/5 3077/5/5
f 3060/5/5 3061/5/5 3079/5/5 3078/5/5
f 3061/6/5 2705/6/5 2714/6/5 3079/6/5
f 2707/2/2 3062/2/2 3080/2/2 2716/2/2
f 2709/1/1 2718/1/1 3081/1/1 3063/1/1
f 2710/1/5 3064/1/5 3082/1/5 2719/1/5
f 3064/1/5 3065/1/5 3083/1/5 3082/1/5
f 3065/1/5 3066/1/5 3084/1/5 3083/1/5
f 3066/1/5 3067/1/5 3085/1/5 3084/1/5
f 3069/1/2 3068/1/2 3086/1/2 3087/1/2
f 3067/1/5 3069/1/5 3087/1/5 3085/1/5
f 2711/1/1 2720/1/1 3088/1/1 3070/1/1
f 2712/2/5 3071/2/5 3089/2/5 2721/2/5
f 3071/2/5 3072/2/5 3090/2/5 3089/2/5
f 3072/2/5 3073/2/5 3091/2/5 3090/2/5
f 3073/6/5 3074/6/5 3092/6/5 3091/6/5
f 3074/6/5 3075/6/5 3093/6/5 3092/6/5
f 3075/6/5 3076/6/5 3094/6/5 3093/6/5
f 3076/6/5 3077/6/5 3095/6/5 3094/6/5
f 3077/6/5 3078/6/5 3096/6/5 3095/6/5
f 3078/6/5 3079/6/5 3097/6/5 3096/6/5
f 3079/6/5 2714/6/5 2723/6/5 3097/6/5
f 2716/2/2 3080/2/2 3098/2/2 2725/2/2
f 2718/1/1 2727/1/1 3099/1/1 3081/1/1
f 2719/1/5 3082/1/5 3100/1/5 2728/1/5
f 3082/1/5 3083/1/5 3101/1/5 3100/1/5
f 3083/1/5 3084/1/5 3102/1/5 3101/1/5
f 3084/1/5 3085/1/5 3103/1/5 3102/1/5
f 3087/1/2 3086/1/2 3104/1/2 3105/1/2
f 3085/1/5 3087/1/5 3105/1/5 3103/1/5
f 2720/1/1 2729/1/1 3106/1/1 3088/1/1
f 2721/2/5 3089/2/5 3107/2/5 2730/2/5
f 3089/2/5 3090/2/5 3108/2/5 3107/2/5
f 3090/2/5 3091/2/5 3109/2/5 3108/2/5
f 3091/6/5 3092/6/5 3110/6/5 3109/6/5
f 3092/6/5 3093/6/5 3111/6/5 3110/6/5
f 3093/6/5 3094/6/5 3112/6/5 3111/6/5
f 3094/6/5 3095/6/5 3113/6/5 3112/6/5
f 3095/6/5 3096/6/5 3114/6/5 3113/6/5
f 3096/6/5 3097/6/5 3115/6/5 3114/6/5
f 3097/6/5 2723/6/5 2732/6/5 3115/6/5
f 2725/2/2 3098/2/2 3116/2/2 2734/2/2
f 2727/1/1 2736/1/1 3117/1/1 3099/1/1
f 2728/1/5 3100/1/5 3118/1/5 2737/1/5
f 3100/1/5 3101/1/5 3119/1/5 3118/1/5
f 3101/1/5 3102/1/5 3120/1/5 3119/1/5
f 3120/1/4 3121/1/4 3122/1/4 3123/1/4
f 3102/1/5 3103/1/5 3121/1/5 3120/1/5
f 3105/1/2 3104/1/2 3124/1/2 3125/1/2
f 3121/1/4 3125/1/4 3124/1/4 3122/1/4
f 3103/1/5 3105/1/5 3125/1/5 3121/1/5
f 2729/1/1 2738/1/1 3126/1/1 3106/1/1
f 2738/1/4 2739/1/4 3127/1/4 3126/1/4
f 2730/2/5 3107/2/5 3128/2/5 2740/2/5
f 3107/2/5 3108/2/5 3129/2/5 3128/2/5
f 3108/2/5 3109/2/5 3130/2/5 3129/2/5
f 3109/6/5 3110/6/5 3131/6/5 3130/6/5
f 3110/6/5 3111/6/5 3132/6/5 3131/6/5
f 3111/6/5 3112/6/5 3133/6/5 3132/6/5
f 3112/6/5 3113/6/5 3134/6/5 3133/6/5
f 3113/6/5 3114/6/5 3135/6/5 3134/6/5
f 3114/6/5 3115/6/5 3136/6/5 3135/6/5
f 3115/6/5 2732/6/5 2742/6/5 3136/6/5
f 2734/2/2 3116/2/2 3137/2/2 2744/2/2
f 2736/1/1 2746/1/1 3138/1/1 3117/1/1
f 2737/1/5 3118/1/5 3139/1/5 2747/1/5
f 3139/1/4 3140/1/4 3141/1/4 3142/1/4
f 3118/1/5 3119/1/5 3140/1/5 3139/1/5
f 3120/1/2 3123/1/2 3143/1/2 3144/1/2
f 3140/1/4 3144/1/4 3143/1/4 3141/1/4
f 3119/1/5 3120/1/5 3144/1/5 3140/1/5
f 2739/1/1 2748/1/1 3145/1/1 3127/1/1
f 2740/2/5 3128/2/5 3146/2/5 2749/2/5
f 3128/2/5 3129/2/5 3147/2/5 3146/2/5
f 3129/2/5 3130/2/5 3148/2/5 3147/2/5
f 3130/6/5 3131/6/5 3149/6/5 3148/6/5
f 3131/6/5 3132/6/5 3150/6/5 3149/6/5
f 3132/6/5 3133/6/5 3151/6/5 3150/6/5
f 3133/6/5 3134/6/5 3152/6/5 3151/6/5
f 3134/6/5 3135/6/5 3153/6/5 3152/6/5
f 3135/6/5 3136/6/5 3154/6/5 3153/6/5
f 3136/6/5 2742/6/5 2751/6/5 3154/6/5
f 2744/2/2 3137/2/2 3155/2/2 2753/2/2
f 2746/1/1 2755/1/1 3156/1/1 3138/1/1
f 2757/1/4 2756/1/4 3157/1/4 3158/1/4
f 3139/1/2 3142/1/2 3159/1/2 3160/1/2
f 2756/1/4 3160/1/4 3159/1/4 3157/1/4
f 2747/1/5 3139/1/5 3160/1/5 2756/1/5
f 2748/1/1 2758/1/1 3161/1/1 3145/1/1
f 2749/2/5 3146/2/5 3162/2/5 2759/2/5
f 3146/2/5 3147/2/5 3163/2/5 3162/2/5
f 3147/2/5 3148/2/5 3164/2/5 3163/2/5
f 3148/6/5 3149/6/5 3165/6/5 3164/6/5
f 3149/6/5 3150/6/5 3166/6/5 3165/6/5
f 3150/6/5 3151/6/5 3167/6/5 3166/6/5
f 3151/6/5 3152/6/5 3168/6/5 3167/6/5
f 3152/6/5 3153/6/5 3169/6/5 3168/6/5
f 3153/6/5 3154/6/5 3170/6/5 3169/6/5
f 3154/6/5 2751/6/5 2761/6/5 3170/6/5
f 2753/2/2 3155/2/2 3171/2/2 2763/2/2
f 2755/1/1 2765/1/1 3172/1/1 3156/1/1
f 2767/1/4 2766/1/4 3173/1/4 3174/1/4
f 2757/1/2 3158/1/2 3175/1/2 2768/1/2
f 2766/1/4 2768/1/4 3175/1/4 3173/1/4
f 2758/1/1 2769/1/1 3176/1/1 3161/1/1
f 2771/2/4 2770/2/4 3177/2/4 3178/2/4
f 2759/2/5 3162/2/5 2787/2/5 2772/2/5
f 3162/2/5 3163/2/5 2789/2/5 2787/2/5
f 3163/2/5 3164/2/5 2791/2/5 2789/2/5
f 3164/6/5 3165/6/5 2793/6/5 2791/6/5
f 3165/6/5 3166/6/5 2797/6/5 2793/6/5
f 3166/6/5 3167/6/5 2801/6/5 2797/6/5
f 3167/6/5 3168/6/5 2805/6/5 2801/6/5
f 3168/6/5 3169/6/5 2809/6/5 2805/6/5
f 3169/6/5 3170/6/5 2813/6/5 2809/6/5
f 3170/6/5 2761/6/5 2774/6/5 2813/6/5
f 2763/2/2 3171/2/2 3179/2/2 2776/2/2
f 2765/1/1 2778/1/1 3180/1/1 3172/1/1
f 2778/1/4 2779/1/4 3181/1/4 3180/1/4
f 2767/1/2 3174/1/2 3182/1/2 2780/1/2
f 2779/1/4 2780/1/4 3182/1/4 3181/1/4
f 2771/1/2 3178/1/2 3183/1/2 2781/1/2
f 2769/1/1 2782/1/1 3184/1/1 3176/1/1
f 2782/1/4 2781/1/4 3183/1/4 3184/1/4
f 2770/2/1 2783/2/1 3185/2/1 3177/2/1
f 2783/2/4 2784/2/4 3186/2/4 3185/2/4
f 2784/2/4 2785/2/4 3187/2/4 3186/2/4
f 2785/2/4 2786/2/4 3188/2/4 3187/2/4
f 2786/2/4 2788/2/4 3189/2/4 3188/2/4
f 2788/2/4 2790/2/4 3190/2/4 3189/2/4
f 2790/2/4 2792/2/4 3191/2/4 3190/2/4
f 2792/2/4 2796/2/4 3192/2/4 3191/2/4
f 2796/2/4 2800/2/4 3193/2/4 3192/2/4
f 2800/2/4 2804/2/4 3194/2/4 3193/2/4
f 2804/2/4 2808/2/4 3195/2/4 3194/2/4
f 2808/2/4 2812/2/4 3196/2/4 3195/2/4
f 2812/2/4 2816/2/4 3197/2/4 3196/2/4
f 2816/2/4 2818/2/4 3198/2/4 3197/2/4
f 2818/2/4 2820/2/4 3199/2/4 3198/2/4
f 2776/2/2 3179/2/2 3200/2/2 2821/2/2
f 2820/2/4 2821/2/4 3200/2/4 3199/2/4
f 2823/1/2 3201/1/2 3202/1/2 2824/1/2
f 2826/1/1 2825/1/1 3203/1/1 3204/1/1
f 2826/1/3 3204/1/3 3201/1/3 2823/1/3
f 2828/2/1 2827/2/1 3205/2/1 3206/2/1
f 2828/2/3 3206/2/3 3207/2/3 2829/2/3
f 2830/2/2 3208/2/2 3209/2/2 2831/2/2
f 2829/2/3 3207/2/3 3208/2/3 2830/2/3
f 2825/1/1 2832/1/1 3210/1/1 3203/1/1
f 2824/1/3 3202/1/3 3205/1/3 2827/1/3
f 2833/2/2 3211/2/2 3212/2/2 2834/2/2
f 2831/2/3 3209/2/3 3211/2/3 2833/2/3
f 2836/2/1 2835/2/1 3213/2/1 3214/2/1
f 2836/2/3 3214/2/3 3215/2/3 2837/2/3
f 3214/2/6 3213/2/6 3216/2/6 3215/2/6
f 2837/2/3 3215/2/3 3217/2/3 2838/2/3
f 3215/2/6 3216/2/6 3218/2/6 3217/2/6
f 2838/2/3 3217/2/3 3219/2/3 2839/2/3
f 3217/2/6 3218/2/6 3220/2/6 3219/2/6
f 2839/2/3 3219/2/3 3221/2/3 2840/2/3
f 2840/2/3 3221/2/3 3222/2/3 2841/2/3
f 2841/2/3 3222/2/3 3223/2/3 2842/2/3
f 2842/2/3 3223/2/3 3224/2/3 2843/2/3
f 3223/2/6 3225/2/6 3226/2/6 3224/2/6
f 2843/2/3 3224/2/3 3227/2/3 2844/2/3
f 3224/2/6 3226/2/6 3228/2/6 3227/2/6
f 2844/2/3 3227/2/3 3229/2/3 2845/2/3
f 3227/2/6 3228/2/6 3230/2/6 3229/2/6
f 2845/2/3 3229/2/3 3231/2/3 2846/2/3
f 3229/2/6 3230/2/6 3232/2/6 3231/2/6
f 2846/2/3 3231/2/3 3233/2/3 2847/2/3
f 3231/2/6 3232/2/6 3234/2/6 3233/2/6
f 2848/2/2 3235/2/2 3236/2/2 2849/2/2
f 2847/2/3 3233/2/3 3235/2/3 2848/2/3
f 3233/2/6 3234/2/6 3236/2/6 3235/2/6
f 2832/1/1 2850/1/1 3237/1/1 3210/1/1
f 2850/1/4 2851/1/4 3238/1/4 3237/1/4
f 2834/2/3 3212/2/3 3213/2/3 2835/2/3
f 2849/2/2 3236/2/2 3239/2/2 2852/2/2
f 2851/1/1 2853/1/1 3240/1/1 3238/1/1
f 2852/2/2 3239/2/2 3241/2/2 2854/2/2
f 2856/1/1 2855/1/1 3242/1/1 3243/1/1
f 2856/1/3 3243/1/3 3244/1/3 2857/1/3
f 2857/1/3 3244/1/3 3245/1/3 2858/1/3
f 2859/1/2 3246/1/2 3247/1/2 2860/1/2
f 2858/1/3 3245/1/3 3246/1/3 2859/1/3
f 2853/1/1 2861/1/1 3248/1/1 3240/1/1
f 2854/2/2 3241/2/2 3249/2/2 2862/2/2
f 2855/1/1 2863/1/1 3250/1/1 3242/1/1
f 2860/1/3 3247/1/3 3251/1/3 2864/1/3
f 2864/1/3 3251/1/3 3252/1/3 2865/1/3
f 2865/1/3 3252/1/3 3253/1/3 2866/1/3
f 2866/1/3 3253/1/3 3254/1/3 2869/1/3
f 2869/1/3 3254/1/3 3255/1/3 2872/1/3
f 2872/1/3 3255/1/3 3256/1/3 2875/1/3
f 2875/1/3 3256/1/3 3257/1/3 2878/1/3
f 2878/1/3 3257/1/3 3258/1/3 2881/1/3
f 2881/1/3 3258/1/3 3259/1/3 2887/1/3
f 2887/1/3 3259/1/3 3260/1/3 3261/1/3
f 2887/1/5 3261/1/5 3262/1/5 2888/1/5
f 3261/1/3 3260/1/3 3263/1/3 2891/1/3
f 3261/1/5 2891/1/5 2890/1/5 3262/1/5
f 2891/1/3 3263/1/3 3248/1/3 2861/1/3
f 2862/2/2 3249/2/2 3264/2/2 2892/2/2
f 2863/1/1 2893/1/1 3265/1/1 3250/1/1
f 2885/1/5 2884/1/5 3266/1/5 2898/1/5
f 2884/1/5 2888/1/5 3267/1/5 3266/1/5
f 2888/1/5 3262/1/5 3268/1/5 3267/1/5
f 3262/1/5 2890/1/5 2900/1/5 3268/1/5
f 2892/2/2 3264/2/2 3269/2/2 2901/2/2
f 2893/1/1 2902/1/1 3270/1/1 3265/1/1
f 2898/1/5 3266/1/5 3271/1/5 2907/1/5
f 3266/1/5 3267/1/5 3272/1/5 3271/1/5
f 3267/1/5 3268/1/5 3273/1/5 3272/1/5
f 3268/1/5 2900/1/5 2909/1/5 3273/1/5
f 2901/2/2 3269/2/2 3274/2/2 2910/2/2
f 2902/1/1 2911/1/1 3275/1/1 3270/1/1
f 2907/1/5 3271/1/5 3276/1/5 2916/1/5
f 3271/1/5 3272/1/5 3277/1/5 3276/1/5
f 3272/1/5 3273/1/5 3278/1/5 3277/1/5
f 3273/1/5 2909/1/5 2918/1/5 3278/1/5
f 2910/2/2 3274/2/2 3279/2/2 2919/2/2
f 2911/1/1 2920/1/1 3280/1/1 3275/1/1
f 2916/1/5 3276/1/5 3281/1/5 2925/1/5
f 3276/1/5 3277/1/5 3282/1/5 3281/1/5
f 3277/1/5 3278/1/5 3283/1/5 3282/1/5
f 3278/1/5 2918/1/5 2927/1/5 3283/1/5
f 2919/2/2 3279/2/2 3284/2/2 2928/2/2
f 2920/1/1 2929/1/1 3285/1/1 3280/1/1
f 2929/1/4 2930/1/4 3286/1/4 3285/1/4
f 2930/1/4 2931/1/4 3287/1/4 3286/1/4
f 2931/1/4 2932/1/4 3288/1/4 3287/1/4
f 2932/1/4 2933/1/4 3289/1/4 3288/1/4
f 2933/1/4 2934/1/4 3290/1/4 3289/1/4
f 2934/1/4 2936/1/4 3291/1/4 3290/1/4
f 2936/1/4 2938/1/4 3292/1/4 3291/1/4
f 2938/1/4 2940/1/4 3293/1/4 3292/1/4
f 2940/1/4 2942/1/4 3294/1/4 3293/1/4
f 2942/1/4 2943/1/4 3295/1/4 3294/1/4
f 2925/1/5 3281/1/5 3296/1/5 2943/1/5
f 3281/1/5 3282/1/5 3297/1/5 3296/1/5
f 3282/1/5 3283/1/5 3298/1/5 3297/1/5
f 3283/1/5 2927/1/5 2945/1/5 3298/1/5
f 2928/2/2 3284/2/2 3299/2/2 2946/2/2
f 2943/1/1 3300/1/1 3301/1/1 3295/1/1
f 2943/1/5 3296/1/5 3302/1/5 3300/1/5
f 3296/1/5 3297/1/5 3303/1/5 3302/1/5
f 3297/1/5 3298/1/5 3304/1/5 3303/1/5
f 3298/1/5 2945/1/5 2947/1/5 3304/1/5
f 2946/2/2 3299/2/2 3305/2/2 2948/2/2
f 3300/1/1 3306/1/1 3307/1/1 3301/1/1
f 3300/1/5 3302/1/5 3308/1/5 3306/1/5
f 3302/1/5 3303/1/5 3309/1/5 3308/1/5
f 3303/1/5 3304/1/5 3310/1/5 3309/1/5
f 3304/1/5 2947/1/5 2949/1/5 3310/1/5
f 2951/2/4 2950/2/4 3311/2/4 3312/2/4
f 2950/2/4 2952/2/4 3313/2/4 3311/2/4
f 2952/2/4 2953/2/4 3314/2/4 3313/2/4
f 2953/2/4 2954/2/4 3315/2/4 3314/2/4
f 2954/2/4 2955/2/4 3316/2/4 3315/2/4
f 2955/2/4 2956/2/4 3317/2/4 3316/2/4
f 2956/2/4 2957/2/4 3318/2/4 3317/2/4
f 2948/2/2 3305/2/2 3319/2/2 2958/2/2
f 2957/2/4 2958/2/4 3319/2/4 3318/2/4
f 3306/1/1 3320/1/1 3321/1/1 3307/1/1
f 3306/1/5 3308/1/5 3322/1/5 3320/1/5
f 3308/1/5 3309/1/5 3323/1/5 3322/1/5
f 3309/1/5 3310/1/5 3324/1/5 3323/1/5
f 3310/1/5 2949/1/5 2959/1/5 3324/1/5
f 2951/2/2 3312/2/2 3325/2/2 2961/2/2
f 3320/1/1 3326/1/1 3327/1/1 3321/1/1
f 3320/1/5 3322/1/5 3328/1/5 3326/1/5
f 3322/1/5 3323/1/5 3329/1/5 3328/1/5
f 3323/1/5 3324/1/5 3330/1/5 3329/1/5
f 3324/1/5 2959/1/5 2963/1/5 3330/1/5
f 2961/2/2 3325/2/2 3331/2/2 2965/2/2
f 3326/1/1 3332/1/1 3333/1/1 3327/1/1
f 3326/1/5 3328/1/5 3334/1/5 3332/1/5
f 3328/1/5 3329/1/5 3335/1/5 3334/1/5
f 3329/1/5 3330/1/5 3336/1/5 3335/1/5
f 3330/1/5 2963/1/5 2967/1/5 3336/1/5
f 2965/2/2 3331/2/2 3337/2/2 2969/2/2
f 3332/1/1 3338/1/1 3339/1/1 3333/1/1
f 3332/1/5 3334/1/5 3340/1/5 3338/1/5
f 3334/1/5 3335/1/5 3341/1/5 3340/1/5
f 3335/1/5 3336/1/5 3342/1/5 3341/1/5
f 3336/1/5 2967/1/5 2971/1/5 3342/1/5
f 2969/2/2 3337/2/2 3343/2/2 2973/2/2
f 3338/1/1 3344/1/1 3345/1/1 3339/1/1
f 3338/1/5 3340/1/5 3346/1/5 3344/1/5
f 3340/1/5 3341/1/5 3347/1/5 3346/1/5
f 3341/1/5 3342/1/5 3348/1/5 3347/1/5
f 3342/1/5 2971/1/5 2975/1/5 3348/1/5
f 2973/2/2 3343/2/2 3349/2/2 2977/2/2
f 3344/1/1 3350/1/1 3351/1/1 3345/1/1
f 3344/1/5 3346/1/5 3352/1/5 3350/1/5
f 3346/1/5 3347/1/5 3353/1/5 3352/1/5
f 3347/1/5 3348/1/5 3354/1/5 3353/1/5
f 3348/1/5 2975/1/5 2979/1/5 3354/1/5
f 2977/2/2 3349/2/2 3355/2/2 2980/2/2
f 3350/1/1 3356/1/1 3357/1/1 3351/1/1
f 3350/1/5 3352/1/5 3358/1/5 3356/1/5
f 3352/1/5 3353/1/5 3359/1/5 3358/1/5
f 3353/1/5 3354/1/5 3360/1/5 3359/1/5
f 3354/1/5 2979/1/5 2981/1/5 3360/1/5
f 2980/2/3 3355/2/3 3361/2/3 2982/2/3
f 2982/2/3 3361/2/3 3362/2/3 2983/2/3
f 2983/2/3 3362/2/3 3363/2/3 2984/2/3
f 3362/2/6 3364/2/6 3365/2/6 3363/2/6
f 2984/2/3 3363/2/3 3366/2/3 2985/2/3
f 3363/2/6 3365/2/6 3367/2/6 3366/2/6
f 2985/2/3 3366/2/3 3368/2/3 2986/2/3
f 3366/2/6 3367/2/6 3369/2/6 3368/2/6
f 2986/2/3 3368/2/3 3370/2/3 2987/2/3
f 3368/2/6 3369/2/6 3371/2/6 3370/2/6
f 2987/2/3 3370/2/3 3372/2/3 2988/2/3
f 3370/2/6 3371/2/6 3373/2/6 3372/2/6
f 2989/2/2 3374/2/2 3375/2/2 2990/2/2
f 2988/2/3 3372/2/3 3374/2/3 2989/2/3
f 3372/2/6 3373/2/6 3375/2/6 3374/2/6
f 3356/1/1 3376/1/1 3377/1/1 3357/1/1
f 3356/1/5 3358/1/5 3378/1/5 3376/1/5
f 3358/1/5 3359/1/5 3379/1/5 3378/1/5
f 3359/1/5 3360/1/5 3380/1/5 3379/1/5
f 3360/1/5 2981/1/5 2991/1/5 3380/1/5
f 3364/2/6 3381/2/6 3382/2/6 3365/2/6
f 3365/2/6 3382/2/6 3383/2/6 3367/2/6
f 3367/2/6 3383/2/6 3384/2/6 3369/2/6
f 3369/2/6 3384/2/6 3385/2/6 3371/2/6
f 3371/2/6 3385/2/6 3386/2/6 3373/2/6
f 2990/2/2 3375/2/2 3387/2/2 3001/2/2
f 3373/2/6 3386/2/6 3387/2/6 3375/2/6
f 3376/1/1 3021/1/1 3388/1/1 3377/1/1
f 3376/1/5 3378/1/5 3389/1/5 3021/1/5
f 3378/1/5 3379/1/5 3390/1/5 3389/1/5
f 3379/1/5 3380/1/5 3391/1/5 3390/1/5
f 3380/1/5 2991/1/5 3002/1/5 3391/1/5
f 3381/2/6 3392/2/6 3393/2/6 3382/2/6
f 3382/2/6 3393/2/6 3394/2/6 3383/2/6
f 3383/2/6 3394/2/6 3395/2/6 3384/2/6
f 3384/2/6 3395/2/6 3396/2/6 3385/2/6
f 3385/2/6 3396/2/6 3397/2/6 3386/2/6
f 3001/2/2 3387/2/2 3398/2/2 3012/2/2
f 3386/2/6 3397/2/6 3398/2/6 3387/2/6
f 3016/1/1 3015/1/1 3399/1/1 3400/1/1
f 3016/1/3 3400/1/3 3401/1/3 3017/1/3
f 3017/1/3 3401/1/3 3388/1/3 3021/1/3
f 3021/1/5 3389/1/5 3402/1/5 3022/1/5
f 3389/1/5 3390/1/5 3403/1/5 3402/1/5
f 3390/1/5 3391/1/5 3404/1/5 3403/1/5
f 3391/1/5 3002/1/5 3024/1/5 3404/1/5
f 3392/2/6 3405/2/6 3406/2/6 3393/2/6
f 3393/2/6 3406/2/6 3407/2/6 3394/2/6
f 3394/2/6 3407/2/6 3408/2/6 3395/2/6
f 3395/2/6 3408/2/6 3409/2/6 3396/2/6
f 3396/2/6 3409/2/6 3410/2/6 3397/2/6
f 3012/2/2 3398/2/2 3411/2/2 3034/2/2
f 3397/2/6 3410/2/6 3411/2/6 3398/2/6
f 3036/1/1 3035/1/1 3412/1/1 3413/1/1
f 3036/1/3 3413/1/3 3414/1/3 3037/1/3
f 3037/1/3 3414/1/3 3415/1/3 3038/1/3
f 3038/1/3 3415/1/3 3416/1/3 3039/1/3
f 3039/1/3 3416/1/3 3417/1/3 3040/1/3
f 3040/1/3 3417/1/3 3418/1/3 3041/1/3
f 3041/1/3 3418/1/3 3419/1/3 3042/1/3
f 3042/1/3 3419/1/3 3420/1/3 3045/1/3
f 3045/1/3 3420/1/3 3399/1/3 3015/1/3
f 3022/1/5 3402/1/5 3421/1/5 3050/1/5
f 3402/1/5 3403/1/5 3422/1/5 3421/1/5
f 3403/1/5 3404/1/5 3423/1/5 3422/1/5
f 3404/1/5 3024/1/5 3052/1/5 3423/1/5
f 3405/2/6 3424/2/6 3425/2/6 3406/2/6
f 3406/2/6 3425/2/6 3426/2/6 3407/2/6
f 3407/2/6 3426/2/6 3427/2/6 3408/2/6
f 3408/2/6 3427/2/6 3428/2/6 3409/2/6
f 3409/2/6 3428/2/6 3429/2/6 3410/2/6
f 3034/2/2 3411/2/2 3430/2/2 3062/2/2
f 3410/2/6 3429/2/6 3430/2/6 3411/2/6
f 3035/1/1 3063/1/1 3431/1/1 3412/1/1
f 3050/1/5 3421/1/5 3432/1/5 3068/1/5
f 3421/1/5 3422/1/5 3433/1/5 3432/1/5
f 3422/1/5 3423/1/5 3434/1/5 3433/1/5
f 3423/1/5 3052/1/5 3070/1/5 3434/1/5
f 3424/2/6 3435/2/6 3436/2/6 3425/2/6
f 3425/2/6 3436/2/6 3437/2/6 3426/2/6
f 3426/2/6 3437/2/6 3438/2/6 3427/2/6
f 3427/2/6 3438/2/6 3439/2/6 3428/2/6
f 3428/2/6 3439/2/6 3440/2/6 3429/2/6
f 3062/2/2 3430/2/2 3441/2/2 3080/2/2
f 3429/2/6 3440/2/6 3441/2/6 3430/2/6
f 3063/1/1 3081/1/1 3442/1/1 3431/1/1
f 3068/1/5 3432/1/5 3443/1/5 3086/1/5
f 3432/1/5 3433/1/5 3444/1/5 3443/1/5
f 3433/1/5 3434/1/5 3445/1/5 3444/1/5
f 3434/1/5 3070/1/5 3088/1/5 3445/1/5
f 3435/2/6 3446/2/6 3447/2/6 3436/2/6
f 3436/2/6 3447/2/6 3448/2/6 3437/2/6
f 3437/2/6 3448/2/6 3449/2/6 3438/2/6
f 3438/2/6 3449/2/6 3450/2/6 3439/2/6
f 3439/2/6 3450/2/6 3451/2/6 3440/2/6
f 3080/2/2 3441/2/2 3452/2/2 3098/2/2
f 3440/2/6 3451/2/6 3452/2/6 3441/2/6
f 3081/1/1 3099/1/1 3453/1/1 3442/1/1
f 3086/1/5 3443/1/5 3454/1/5 3104/1/5
f 3443/1/5 3444/1/5 3455/1/5 3454/1/5
f 3444/1/5 3445/1/5 3456/1/5 3455/1/5
f 3445/1/5 3088/1/5 3106/1/5 3456/1/5
f 3446/2/6 3457/2/6 3458/2/6 3447/2/6
f 3447/2/6 3458/2/6 3459/2/6 3448/2/6
f 3448/2/6 3459/2/6 3460/2/6 3449/2/6
f 3449/2/6 3460/2/6 3461/2/6 3450/2/6
f 3450/2/6 3461/2/6 3462/2/6 3451/2/6
f 3098/2/2 3452/2/2 3463/2/2 3116/2/2
f 3451/2/6 3462/2/6 3463/2/6 3452/2/6
f 3099/1/1 3117/1/1 3464/1/1 3453/1/1
f 3123/1/4 3122/1/4 3465/1/4 3466/1/4
f 3122/1/4 3124/1/4 3467/1/4 3465/1/4
f 3124/1/4 3468/1/4 3469/1/4 3467/1/4
f 3104/1/5 3454/1/5 3468/1/5 3124/1/5
f 3468/1/4 3470/1/4 3471/1/4 3469/1/4
f 3454/1/5 3455/1/5 3470/1/5 3468/1/5
f 3470/1/4 3472/1/4 3473/1/4 3471/1/4
f 3455/1/5 3456/1/5 3472/1/5 3470/1/5
f 3472/1/4 3126/1/4 3474/1/4 3473/1/4
f 3456/1/5 3106/1/5 3126/1/5 3472/1/5
f 3126/1/4 3127/1/4 3475/1/4 3474/1/4
f 3457/2/6 3476/2/6 3477/2/6 3458/2/6
f 3458/2/6 3477/2/6 3478/2/6 3459/2/6
f 3459/2/6 3478/2/6 3479/2/6 3460/2/6
f 3460/2/6 3479/2/6 3480/2/6 3461/2/6
f 3461/2/6 3480/2/6 3481/2/6 3462/2/6
f 3116/2/2 3463/2/2 3482/2/2 3137/2/2
f 3462/2/6 3481/2/6 3482/2/6 3463/2/6
f 3117/1/1 3138/1/1 3483/1/1 3464/1/1
f 3142/1/4 3141/1/4 3484/1/4 3485/1/4
f 3123/1/2 3466/1/2 3486/1/2 3143/1/2
f 3141/1/4 3143/1/4 3486/1/4 3484/1/4
f 3127/1/1 3145/1/1 3487/1/1 3475/1/1
f 3476/2/6 3488/2/6 3489/2/6 3477/2/6
f 3477/2/6 3489/2/6 3490/2/6 3478/2/6
f 3478/2/6 3490/2/6 3491/2/6 3479/2/6
f 3479/2/6 3491/2/6 3492/2/6 3480/2/6
f 3480/2/6 3492/2/6 3493/2/6 3481/2/6
f 3137/2/2 3482/2/2 3494/2/2 3155/2/2
f 3481/2/6 3493/2/6 3494/2/6 3482/2/6
f 3138/1/1 3156/1/1 3495/1/1 3483/1/1
f 3158/1/4 3157/1/4 3496/1/4 3497/1/4
f 3142/1/2 3485/1/2 3498/1/2 3159/1/2
f 3157/1/4 3159/1/4 3498/1/4 3496/1/4
f 3145/1/1 3161/1/1 3499/1/1 3487/1/1
f 3488/2/6 3500/2/6 3501/2/6 3489/2/6
f 3489/2/6 3501/2/6 3502/2/6 3490/2/6
f 3490/2/6 3502/2/6 3503/2/6 3491/2/6
f 3491/2/6 3503/2/6 3504/2/6 3492/2/6
f 3492/2/6 3504/2/6 3505/2/6 3493/2/6
f 3155/2/2 3494/2/2 3506/2/2 3171/2/2
f 3493/2/6 3505/2/6 3506/2/6 3494/2/6
f 3156/1/1 3172/1/1 3507/1/1 3495/1/1
f 3174/1/4 3173/1/4 3508/1/4 3509/1/4
f 3158/1/2 3497/1/2 3510/1/2 3175/1/2
f 3173/1/4 3175/1/4 3510/1/4 3508/1/4
f 3161/1/1 3176/1/1 3511/1/1 3499/1/1
f 3178/2/4 3177/2/4 3512/2/4 3513/2/4
f 3500/2/6 3514/2/6 3515/2/6 3501/2/6
f 3501/2/6 3515/2/6 3516/2/6 3502/2/6
f 3502/2/6 3516/2/6 3517/2/6 3503/2/6
f 3503/2/6 3517/2/6 3518/2/6 3504/2/6
f 3504/2/6 3518/2/6 3519/2/6 3505/2/6
f 3171/2/2 3506/2/2 3520/2/2 3179/2/2
f 3505/2/6 3519/2/6 3520/2/6 3506/2/6
f 3172/1/1 3180/1/1 3521/1/1 3507/1/1
f 3180/1/4 3181/1/4 3522/1/4 3521/1/4
f 3174/1/2 3509/1/2 3523/1/2 3182/1/2
f 3181/1/4 3182/1/4 3523/1/4 3522/1/4
f 3178/1/2 3513/1/2 3524/1/2 3183/1/2
f 3176/1/1 3184/1/1 3525/1/1 3511/1/1
f 3184/1/4 3183/1/4 3524/1/4 3525/1/4
f 3177/2/1 3185/2/1 3526/2/1 3512/2/1
f 3185/2/4 3186/2/4 3527/2/4 3526/2/4
f 3186/2/4 3187/2/4 3528/2/4 3527/2/4
f 3187/2/4 3188/2/4 3529/2/4 3528/2/4
f 3188/2/4 3189/2/4 3530/2/4 3529/2/4
f 3189/2/4 3190/2/4 3531/2/4 3530/2/4
f 3190/2/4 3191/2/4 3532/2/4 3531/2/4
f 3191/2/4 3192/2/4 3533/2/4 3532/2/4
f 3192/2/4 3193/2/4 3534/2/4 3533/2/4
f 3193/2/4 3194/2/4 3535/2/4 3534/2/4
f 3194/2/4 3195/2/4 3536/2/4 3535/2/4
f 3514/2/6 3535/2/6 3536/2/6 3515/2/6
f 3195/2/4 3196/2/4 3537/2/4 3536/2/4
f 3515/2/6 3536/2/6 3537/2/6 3516/2/6
f 3196/2/4 3197/2/4 3538/2/4 3537/2/4
f 3516/2/6 3537/2/6 3538/2/6 3517/2/6
f 3197/2/4 3198/2/4 3539/2/4 3538/2/4
f 3517/2/6 3538/2/6 3539/2/6 3518/2/6
f 3198/2/4 3199/2/4 3540/2/4 3539/2/4
f 3518/2/6 3539/2/6 3540/2/6 3519/2/6
f 3179/2/2 3520/2/2 3541/2/2 3200/2/2
f 3199/2/4 3200/2/4 3541/2/4 3540/2/4
f 3519/2/6 3540/2/6 3541/2/6 3520/2/6
f 3542/1/2 3543/1/2 3544/1/2 3545/1/2
f 3546/1/1 3547/1/1 3548/1/1 3549/1/1
f 3546/1/3 3549/1/3 3543/1/3 3542/1/3
f 3546/1/5 3542/1/5 3545/1/5 3547/1/5
f 3201/1/2 3550/1/2 3551/1/2 3202/1/2
f 3204/1/1 3203/1/1 3552/1/1 3553/1/1
f 3204/1/3 3553/1/3 3550/1/3 3201/1/3
f 3206/2/1 3205/2/1 3554/2/1 3555/2/1
f 3206/2/3 3555/2/3 3556/2/3 3207/2/3
f 3208/2/2 3557/2/2 3558/2/2 3209/2/2
f 3207/2/3 3556/2/3 3557/2/3 3208/2/3
f 3559/2/1 3219/2/1 3560/2/1 3561/2/1
f 3559/2/3 3561/2/3 3562/2/3 3563/2/3
f 3559/2/5 3563/2/5 3221/2/5 3219/2/5
f 3563/2/3 3562/2/3 3564/2/3 3565/2/3
f 3563/2/5 3565/2/5 3222/2/5 3221/2/5
f 3566/2/2 3567/2/2 3568/2/2 3223/2/2
f 3565/2/3 3564/2/3 3567/2/3 3566/2/3
f 3565/2/5 3566/2/5 3223/2/5 3222/2/5
f 3545/1/2 3544/1/2 3569/1/2 3570/1/2
f 3547/1/1 3571/1/1 3572/1/1 3548/1/1
f 3547/1/5 3545/1/5 3570/1/5 3571/1/5
f 3203/1/1 3210/1/1 3573/1/1 3552/1/1
f 3202/1/3 3551/1/3 3554/1/3 3205/1/3
f 3211/2/2 3574/2/2 3575/2/2 3212/2/2
f 3209/2/3 3558/2/3 3574/2/3 3211/2/3
f 3219/2/1 3220/2/1 3576/2/1 3560/2/1
f 3223/2/2 3568/2/2 3577/2/2 3225/2/2
f 3571/1/1 3578/1/1 3579/1/1 3572/1/1
f 3571/1/5 3570/1/5 3580/1/5 3578/1/5
f 3581/1/2 3582/1/2 3583/1/2 3584/1/2
f 3570/1/3 3569/1/3 3582/1/3 3581/1/3
f 3570/1/5 3581/1/5 3584/1/5 3580/1/5
f 3210/1/1 3237/1/1 3585/1/1 3573/1/1
f 3237/1/4 3238/1/4 3586/1/4 3585/1/4
f 3212/2/3 3575/2/3 3587/2/3 3213/2/3
f 3213/2/3 3587/2/3 3588/2/3 3216/2/3
f 3216/2/3 3588/2/3 3589/2/3 3218/2/3
f 3218/2/3 3589/2/3 3576/2/3 3220/2/3
f 3225/2/3 3577/2/3 3590/2/3 3226/2/3
f 3577/2/6 3591/2/6 3592/2/6 3590/2/6
f 3226/2/3 3590/2/3 3593/2/3 3228/2/3
f 3590/2/6 3592/2/6 3594/2/6 3593/2/6
f 3228/2/3 3593/2/3 3595/2/3 3230/2/3
f 3593/2/6 3594/2/6 3596/2/6 3595/2/6
f 3230/2/3 3595/2/3 3597/2/3 3232/2/3
f 3595/2/6 3596/2/6 3598/2/6 3597/2/6
f 3232/2/3 3597/2/3 3599/2/3 3234/2/3
f 3597/2/6 3598/2/6 3600/2/6 3599/2/6
f 3236/2/2 3601/2/2 3602/2/2 3239/2/2
f 3234/2/3 3599/2/3 3601/2/3 3236/2/3
f 3599/2/6 3600/2/6 3602/2/6 3601/2/6
f 3578/1/1 3243/1/1 3603/1/1 3579/1/1
f 3578/1/5 3580/1/5 3244/1/5 3243/1/5
f 3580/1/5 3584/1/5 3245/1/5 3244/1/5
f 3604/1/2 3605/1/2 3606/1/2 3246/1/2
f 3584/1/3 3583/1/3 3605/1/3 3604/1/3
f 3584/1/5 3604/1/5 3246/1/5 3245/1/5
f 3238/1/1 3240/1/1 3607/1/1 3586/1/1
f 3591/2/6 3608/2/6 3609/2/6 3592/2/6
f 3592/2/6 3609/2/6 3610/2/6 3594/2/6
f 3594/2/6 3610/2/6 3611/2/6 3596/2/6
f 3596/2/6 3611/2/6 3612/2/6 3598/2/6
f 3598/2/6 3612/2/6 3613/2/6 3600/2/6
f 3239/2/2 3602/2/2 3614/2/2 3241/2/2
f 3600/2/6 3613/2/6 3614/2/6 3602/2/6
f 3243/1/1 3242/1/1 3615/1/1 3603/1/1
f 3246/1/2 3606/1/2 3616/1/2 3247/1/2
f 3240/1/1 3248/1/1 3617/1/1 3607/1/1
f 3608/2/6 3618/2/6 3619/2/6 3609/2/6
f 3609/2/6 3619/2/6 3620/2/6 3610/2/6
f 3610/2/6 3620/2/6 3621/2/6 3611/2/6
f 3611/2/6 3621/2/6 3622/2/6 3612/2/6
f 3612/2/6 3622/2/6 3623/2/6 3613/2/6
f 3241/2/2 3614/2/2 3624/2/2 3249/2/2
f 3613/2/6 3623/2/6 3624/2/6 3614/2/6
f 3242/1/1 3250/1/1 3625/1/1 3615/1/1
f 3247/1/3 3616/1/3 3626/1/3 3251/1/3
f 3251/1/3 3626/1/3 3627/1/3 3252/1/3
f 3252/1/3 3627/1/3 3628/1/3 3253/1/3
f 3253/1/3 3628/1/3 3629/1/3 3254/1/3
f 3254/1/3 3629/1/3 3630/1/3 3255/1/3
f 3255/1/3 3630/1/3 3631/1/3 3256/1/3
f 3256/1/3 3631/1/3 3632/1/3 3257/1/3
f 3257/1/3 3632/1/3 3633/1/3 3258/1/3
f 3258/1/3 3633/1/3 3634/1/3 3259/1/3
f 3259/1/3 3634/1/3 3635/1/3 3260/1/3
f 3260/1/3 3635/1/3 3636/1/3 3263/1/3
f 3263/1/3 3636/1/3 3617/1/3 3248/1/3
f 3618/2/6 3637/2/6 3638/2/6 3619/2/6
f 3619/2/6 3638/2/6 3639/2/6 3620/2/6
f 3620/2/6 3639/2/6 3640/2/6 3621/2/6
f 3621/2/6 3640/2/6 3641/2/6 3622/2/6
f 3622/2/6 3641/2/6 3642/2/6 3623/2/6
f 3249/2/2 3624/2/2 3643/2/2 3264/2/2
f 3623/2/6 3642/2/6 3643/2/6 3624/2/6
f 3250/1/1 3265/1/1 3644/1/1 3625/1/1
f 3637/2/6 3645/2/6 3646/2/6 3638/2/6
f 3638/2/6 3646/2/6 3647/2/6 3639/2/6
f 3639/2/6 3647/2/6 3648/2/6 3640/2/6
f 3640/2/6 3648/2/6 3649/2/6 3641/2/6
f 3641/2/6 3649/2/6 3650/2/6 3642/2/6
f 3264/2/2 3643/2/2 3651/2/2 3269/2/2
f 3642/2/6 3650/2/6 3651/2/6 3643/2/6
f 3265/1/1 3270/1/1 3652/1/1 3644/1/1
f 3645/2/6 3653/2/6 3654/2/6 3646/2/6
f 3646/2/6 3654/2/6 3655/2/6 3647/2/6
f 3647/2/6 3655/2/6 3656/2/6 3648/2/6
f 3648/2/6 3656/2/6 3657/2/6 3649/2/6
f 3649/2/6 3657/2/6 3658/2/6 3650/2/6
f 3269/2/2 3651/2/2 3659/2/2 3274/2/2
f 3650/2/6 3658/2/6 3659/2/6 3651/2/6
f 3270/1/1 3275/1/1 3660/1/1 3652/1/1
f 3653/2/6 3661/2/6 3662/2/6 3654/2/6
f 3654/2/6 3662/2/6 3663/2/6 3655/2/6
f 3655/2/6 3663/2/6 3664/2/6 3656/2/6
f 3656/2/6 3664/2/6 3665/2/6 3657/2/6
f 3657/2/6 3665/2/6 3666/2/6 3658/2/6
f 3274/2/2 3659/2/2 3667/2/2 3279/2/2
f 3658/2/6 3666/2/6 3667/2/6 3659/2/6
f 3275/1/1 3280/1/1 3668/1/1 3660/1/1
f 3661/2/6 3669/2/6 3670/2/6 3662/2/6
f 3662/2/6 3670/2/6 3671/2/6 3663/2/6
f 3663/2/6 3671/2/6 3672/2/6 3664/2/6
f 3664/2/6 3672/2/6 3673/2/6 3665/2/6
f 3665/2/6 3673/2/6 3674/2/6 3666/2/6
f 3279/2/2 3667/2/2 3675/2/2 3284/2/2
f 3666/2/6 3674/2/6 3675/2/6 3667/2/6
f 3280/1/1 3285/1/1 3676/1/1 3668/1/1
f 3288/1/4 3289/1/4 3677/1/4 3678/1/4
f 3289/1/4 3290/1/4 3679/1/4 3677/1/4
f 3290/1/4 3291/1/4 3680/1/4 3679/1/4
f 3291/1/4 3292/1/4 3681/1/4 3680/1/4
f 3292/1/4 3293/1/4 3682/1/4 3681/1/4
f 3293/1/4 3294/1/4 3683/1/4 3682/1/4
f 3669/2/6 3684/2/6 3685/2/6 3670/2/6
f 3670/2/6 3685/2/6 3686/2/6 3671/2/6
f 3671/2/6 3686/2/6 3687/2/6 3672/2/6
f 3672/2/6 3687/2/6 3688/2/6 3673/2/6
f 3673/2/6 3688/2/6 3689/2/6 3674/2/6
f 3284/2/2 3675/2/2 3690/2/2 3299/2/2
f 3674/2/6 3689/2/6 3690/2/6 3675/2/6
f 3285/1/1 3691/1/1 3692/1/1 3676/1/1
f 3285/1/5 3286/1/5 3693/1/5 3691/1/5
f 3693/1/4 3694/1/4 3695/1/4 3696/1/4
f 3286/1/5 3287/1/5 3694/1/5 3693/1/5
f 3288/1/2 3678/1/2 3697/1/2 3698/1/2
f 3694/1/4 3698/1/4 3697/1/4 3695/1/4
f 3287/1/5 3288/1/5 3698/1/5 3694/1/5
f 3294/1/1 3699/1/1 3700/1/1 3683/1/1
f 3294/1/5 3295/1/5 3301/1/5 3699/1/5
f 3684/2/6 3701/2/6 3702/2/6 3685/2/6
f 3685/2/6 3702/2/6 3703/2/6 3686/2/6
f 3686/2/6 3703/2/6 3704/2/6 3687/2/6
f 3687/2/6 3704/2/6 3705/2/6 3688/2/6
f 3688/2/6 3705/2/6 3706/2/6 3689/2/6
f 3299/2/2 3690/2/2 3707/2/2 3305/2/2
f 3689/2/6 3706/2/6 3707/2/6 3690/2/6
f 3693/1/2 3696/1/2 3708/1/2 3709/1/2
f 3691/1/1 3710/1/1 3711/1/1 3692/1/1
f 3710/1/4 3709/1/4 3708/1/4 3711/1/4
f 3691/1/5 3693/1/5 3709/1/5 3710/1/5
f 3699/1/1 3712/1/1 3713/1/1 3700/1/1
f 3699/1/5 3301/1/5 3307/1/5 3712/1/5
f 3312/2/4 3311/2/4 3714/2/4 3715/2/4
f 3311/2/4 3313/2/4 3716/2/4 3714/2/4
f 3313/2/4 3314/2/4 3717/2/4 3716/2/4
f 3701/2/6 3716/2/6 3717/2/6 3702/2/6
f 3314/2/4 3315/2/4 3718/2/4 3717/2/4
f 3702/2/6 3717/2/6 3718/2/6 3703/2/6
f 3315/2/4 3316/2/4 3719/2/4 3718/2/4
f 3703/2/6 3718/2/6 3719/2/6 3704/2/6
f 3316/2/4 3317/2/4 3720/2/4 3719/2/4
f 3704/2/6 3719/2/6 3720/2/6 3705/2/6
f 3317/2/4 3318/2/4 3721/2/4 3720/2/4
f 3705/2/6 3720/2/6 3721/2/6 3706/2/6
f 3305/2/2 3707/2/2 3722/2/2 3319/2/2
f 3318/2/4 3319/2/4 3722/2/4 3721/2/4
f 3706/2/6 3721/2/6 3722/2/6 3707/2/6
f 3712/1/1 3723/1/1 3724/1/1 3713/1/1
f 3712/1/5 3307/1/5 3321/1/5 3723/1/5
f 3312/2/2 3715/2/2 3725/2/2 3325/2/2
f 3723/1/1 3726/1/1 3727/1/1 3724/1/1
f 3726/1/4 3327/1/4 3728/1/4 3727/1/4
f 3723/1/5 3321/1/5 3327/1/5 3726/1/5
f 3325/2/2 3725/2/2 3729/2/2 3331/2/2
f 3327/1/1 3333/1/1 3730/1/1 3728/1/1
f 3331/2/2 3729/2/2 3731/2/2 3337/2/2
f 3333/1/1 3339/1/1 3732/1/1 3730/1/1
f 3337/2/2 3731/2/2 3733/2/2 3343/2/2
f 3339/1/1 3345/1/1 3734/1/1 3732/1/1
f 3343/2/2 3733/2/2 3735/2/2 3349/2/2
f 3345/1/1 3351/1/1 3736/1/1 3734/1/1
f 3349/2/2 3735/2/2 3737/2/2 3355/2/2
f 3351/1/1 3357/1/1 3738/1/1 3736/1/1
f 3355/2/3 3737/2/3 3739/2/3 3361/2/3
f 3362/2/2 3740/2/2 3741/2/2 3364/2/2
f 3361/2/3 3739/2/3 3740/2/3 3362/2/3
f 3357/1/1 3377/1/1 3742/1/1 3738/1/1
f 3364/2/2 3741/2/2 3743/2/2 3381/2/2
f 3377/1/1 3388/1/1 3744/1/1 3742/1/1
f 3381/2/2 3743/2/2 3745/2/2 3392/2/2
f 3400/1/1 3399/1/1 3746/1/1 3747/1/1
f 3400/1/3 3747/1/3 3748/1/3 3401/1/3
f 3401/1/3 3748/1/3 3744/1/3 3388/1/3
f 3392/2/2 3745/2/2 3749/2/2 3405/2/2
f 3413/1/1 3412/1/1 3750/1/1 3751/1/1
f 3413/1/3 3751/1/3 3752/1/3 3414/1/3
f 3414/1/3 3752/1/3 3753/1/3 3415/1/3
f 3415/1/3 3753/1/3 3754/1/3 3416/1/3
f 3416/1/3 3754/1/3 3755/1/3 3417/1/3
f 3417/1/3 3755/1/3 3756/1/3 3418/1/3
f 3418/1/3 3756/1/3 3757/1/3 3419/1/3
f 3419/1/3 3757/1/3 3758/1/3 3420/1/3
f 3420/1/3 3758/1/3 3746/1/3 3399/1/3
f 3405/2/2 3749/2/2 3759/2/2 3424/2/2
f 3412/1/1 3431/1/1 3760/1/1 3750/1/1
f 3424/2/2 3759/2/2 3761/2/2 3435/2/2
f 3431/1/1 3442/1/1 3762/1/1 3760/1/1
f 3435/2/2 3761/2/2 3763/2/2 3446/2/2
f 3442/1/1 3453/1/1 3764/1/1 3762/1/1
f 3446/2/2 3763/2/2 3765/2/2 3457/2/2
f 3453/1/1 3464/1/1 3766/1/1 3764/1/1
f 3466/1/4 3465/1/4 3767/1/4 3768/1/4
f 3465/1/4 3467/1/4 3769/1/4 3767/1/4
f 3467/1/4 3469/1/4 3770/1/4 3769/1/4
f 3469/1/4 3471/1/4 3771/1/4 3770/1/4
f 3471/1/4 3473/1/4 3772/1/4 3771/1/4
f 3473/1/4 3474/1/4 3773/1/4 3772/1/4
f 3474/1/4 3475/1/4 3774/1/4 3773/1/4
f 3457/2/2 3765/2/2 3775/2/2 3476/2/2
f 3464/1/1 3483/1/1 3776/1/1 3766/1/1
f 3485/1/4 3484/1/4 3777/1/4 3778/1/4
f 3466/1/2 3768/1/2 3779/1/2 3486/1/2
f 3484/1/4 3486/1/4 3779/1/4 3777/1/4
f 3475/1/1 3487/1/1 3780/1/1 3774/1/1
f 3476/2/2 3775/2/2 3781/2/2 3488/2/2
f 3483/1/1 3495/1/1 3782/1/1 3776/1/1
f 3497/1/4 3496/1/4 3783/1/4 3784/1/4
f 3485/1/2 3778/1/2 3785/1/2 3498/1/2
f 3496/1/4 3498/1/4 3785/1/4 3783/1/4
f 3487/1/1 3499/1/1 3786/1/1 3780/1/1
f 3488/2/2 3781/2/2 3787/2/2 3500/2/2
f 3495/1/1 3507/1/1 3788/1/1 3782/1/1
f 3509/1/4 3508/1/4 3789/1/4 3790/1/4
f 3497/1/2 3784/1/2 3791/1/2 3510/1/2
f 3508/1/4 3510/1/4 3791/1/4 3789/1/4
f 3499/1/1 3511/1/1 3792/1/1 3786/1/1
f 3513/2/4 3512/2/4 3793/2/4 3794/2/4
f 3500/2/2 3787/2/2 3795/2/2 3514/2/2
f 3507/1/1 3521/1/1 3796/1/1 3788/1/1
f 3521/1/4 3522/1/4 3797/1/4 3796/1/4
f 3509/1/2 3790/1/2 3798/1/2 3523/1/2
f 3522/1/4 3523/1/4 3798/1/4 3797/1/4
f 3513/1/2 3794/1/2 3799/1/2 3524/1/2
f 3511/1/1 3525/1/1 3800/1/1 3792/1/1
f 3525/1/4 3524/1/4 3799/1/4 3800/1/4
f 3512/2/1 3526/2/1 3801/2/1 3793/2/1
f 3526/2/4 3527/2/4 3802/2/4 3801/2/4
f 3527/2/4 3528/2/4 3803/2/4 3802/2/4
f 3528/2/4 3529/2/4 3804/2/4 3803/2/4
f 3529/2/4 3530/2/4 3805/2/4 3804/2/4
f 3530/2/4 3531/2/4 3806/2/4 3805/2/4
f 3531/2/4 3532/2/4 3807/2/4 3806/2/4
f 3532/2/4 3533/2/4 3808/2/4 3807/2/4
f 3533/2/4 3534/2/4 3809/2/4 3808/2/4
f 3514/2/2 3795/2/2 3810/2/2 3535/2/2
f 3534/2/4 3535/2/4 3810/2/4 3809/2/4
f 3543/1/2 3811/1/2 3812/1/2 3544/1/2
f 3549/1/1 3548/1/1 3813/1/1 3814/1/1
f 3549/1/3 3814/1/3 3811/1/3 3543/1/3
f 3550/1/2 3815/1/2 3816/1/2 3551/1/2
f 3553/1/1 3552/1/1 3817/1/1 3818/1/1
f 3553/1/3 3818/1/3 3815/1/3 3550/1/3
f 3555/2/1 3554/2/1 3819/2/1 3820/2/1
f 3555/2/3 3820/2/3 3821/2/3 3556/2/3
f 3557/2/2 3822/2/2 3823/2/2 3558/2/2
f 3556/2/3 3821/2/3 3822/2/3 3557/2/3
f 3561/2/1 3560/2/1 3824/2/1 3825/2/1
f 3561/2/3 3825/2/3 3826/2/3 3562/2/3
f 3562/2/3 3826/2/3 3827/2/3 3564/2/3
f 3567/2/2 3828/2/2 3829/2/2 3568/2/2
f 3564/2/3 3827/2/3 3828/2/3 3567/2/3
f 3544/1/2 3812/1/2 3830/1/2 3569/1/2
f 3548/1/1 3572/1/1 3831/1/1 3813/1/1
f 3552/1/1 3573/1/1 3832/1/1 3817/1/1
f 3551/1/3 3816/1/3 3819/1/3 3554/1/3
f 3574/2/2 3833/2/2 3834/2/2 3575/2/2
f 3558/2/3 3823/2/3 3833/2/3 3574/2/3
f 3823/2/6 3835/2/6 3834/2/6 3833/2/6
f 3560/2/1 3576/2/1 3836/2/1 3824/2/1
f 3568/2/2 3829/2/2 3837/2/2 3577/2/2
f 3572/1/1 3579/1/1 3838/1/1 3831/1/1
f 3582/1/2 3839/1/2 3840/1/2 3583/1/2
f 3569/1/3 3830/1/3 3839/1/3 3582/1/3
f 3573/1/1 3585/1/1 3841/1/1 3832/1/1
f 3575/2/3 3834/2/3 3842/2/3 3587/2/3
f 3587/2/3 3842/2/3 3843/2/3 3588/2/3
f 3588/2/3 3843/2/3 3844/2/3 3589/2/3
f 3589/2/3 3844/2/3 3836/2/3 3576/2/3
f 3577/2/2 3837/2/2 3845/2/2 3591/2/2
f 3579/1/1 3603/1/1 3846/1/1 3838/1/1
f 3583/1/3 3840/1/3 3847/1/3 3605/1/3
f 3605/1/3 3847/1/3 3848/1/3 3849/1/3
f 3605/1/5 3849/1/5 3850/1/5 3606/1/5
f 3849/1/3 3848/1/3 3851/1/3 3852/1/3
f 3849/1/5 3852/1/5 3853/1/5 3850/1/5
f 3852/1/3 3851/1/3 3854/1/3 3855/1/3
f 3852/1/5 3855/1/5 3856/1/5 3853/1/5
f 3855/1/3 3854/1/3 3857/1/3 3858/1/3
f 3855/1/5 3858/1/5 3859/1/5 3856/1/5
f 3858/1/3 3857/1/3 3860/1/3 3861/1/3
f 3858/1/5 3861/1/5 3862/1/5 3859/1/5
f 3861/1/3 3860/1/3 3863/1/3 3864/1/3
f 3861/1/5 3864/1/5 3865/1/5 3862/1/5
f 3864/1/3 3863/1/3 3866/1/3 3867/1/3
f 3864/1/5 3867/1/5 3868/1/5 3865/1/5
f 3867/1/3 3866/1/3 3869/1/3 3870/1/3
f 3867/1/5 3870/1/5 3871/1/5 3868/1/5
f 3870/1/3 3869/1/3 3872/1/3 3873/1/3
f 3870/1/5 3873/1/5 3874/1/5 3871/1/5
f 3873/1/3 3872/1/3 3875/1/3 3876/1/3
f 3873/1/5 3876/1/5 3877/1/5 3874/1/5
f 3876/1/3 3875/1/3 3841/1/3 3585/1/3
f 3876/1/5 3585/1/5 3878/1/5 3877/1/5
f 3585/1/5 3586/1/5 3607/1/5 3878/1/5
f 3591/2/2 3845/2/2 3879/2/2 3608/2/2
f 3603/1/1 3615/1/1 3880/1/1 3846/1/1
f 3606/1/5 3850/1/5 3626/1/5 3616/1/5
f 3850/1/5 3853/1/5 3627/1/5 3626/1/5
f 3853/1/5 3856/1/5 3628/1/5 3627/1/5
f 3856/1/5 3859/1/5 3629/1/5 3628/1/5
f 3859/1/5 3862/1/5 3630/1/5 3629/1/5
f 3862/1/5 3865/1/5 3631/1/5 3630/1/5
f 3865/1/5 3868/1/5 3632/1/5 3631/1/5
f 3868/1/5 3871/1/5 3633/1/5 3632/1/5
f 3871/1/5 3874/1/5 3634/1/5 3633/1/5
f 3874/1/5 3877/1/5 3635/1/5 3634/1/5
f 3877/1/5 3878/1/5 3636/1/5 3635/1/5
f 3878/1/5 3607/1/5 3617/1/5 3636/1/5
f 3608/2/2 3879/2/2 3881/2/2 3618/2/2
f 3615/1/1 3625/1/1 3882/1/1 3880/1/1
f 3880/1/6 3882/1/6 3883/1/6 3884/1/6
f 3884/1/6 3883/1/6 3885/1/6 3886/1/6
f 3886/1/6 3885/1/6 3887/1/6 3888/1/6
f 3888/1/6 3887/1/6 3889/1/6 3890/1/6
f 3890/1/6 3889/1/6 3891/1/6 3892/1/6
f 3892/1/6 3891/1/6 3893/1/6 3894/1/6
f 3894/1/6 3893/1/6 3895/1/6 3896/1/6
f 3896/1/6 3895/1/6 3897/1/6 3898/1/6
f 3898/1/6 3897/1/6 3899/1/6 3900/1/6
f 3900/1/6 3899/1/6 3901/1/6 3902/1/6
f 3618/2/2 3881/2/2 3903/2/2 3637/2/2
f 3625/1/1 3644/1/1 3904/1/1 3882/1/1
f 3882/1/6 3904/1/6 3905/1/6 3883/1/6
f 3883/1/6 3905/1/6 3906/1/6 3885/1/6
f 3885/1/6 3906/1/6 3907/1/6 3887/1/6
f 3887/1/6 3907/1/6 3908/1/6 3889/1/6
f 3889/1/6 3908/1/6 3909/1/6 3891/1/6
f 3891/1/6 3909/1/6 3910/1/6 3893/1/6
f 3893/1/6 3910/1/6 3911/1/6 3895/1/6
f 3895/1/6 3911/1/6 3912/1/6 3897/1/6
f 3897/1/6 3912/1/6 3913/1/6 3899/1/6
f 3899/1/6 3913/1/6 3914/1/6 3901/1/6
f 3637/2/2 3903/2/2 3915/2/2 3645/2/2
f 3644/1/1 3652/1/1 3916/1/1 3904/1/1
f 3904/1/6 3916/1/6 3917/1/6 3905/1/6
f 3905/1/6 3917/1/6 3918/1/6 3906/1/6
f 3906/1/6 3918/1/6 3919/1/6 3907/1/6
f 3907/1/6 3919/1/6 3920/1/6 3908/1/6
f 3908/1/6 3920/1/6 3921/1/6 3909/1/6
f 3909/1/6 3921/1/6 3922/1/6 3910/1/6
f 3910/1/6 3922/1/6 3923/1/6 3911/1/6
f 3911/1/6 3923/1/6 3924/1/6 3912/1/6
f 3912/1/6 3924/1/6 3925/1/6 3913/1/6
f 3913/1/6 3925/1/6 3926/1/6 3914/1/6
f 3645/2/2 3915/2/2 3927/2/2 3653/2/2
f 3652/1/1 3660/1/1 3928/1/1 3916/1/1
f 3916/1/6 3928/1/6 3929/1/6 3917/1/6
f 3917/1/6 3929/1/6 3930/1/6 3918/1/6
f 3918/1/6 3930/1/6 3931/1/6 3919/1/6
f 3919/1/6 3931/1/6 3932/1/6 3920/1/6
f 3920/1/6 3932/1/6 3933/1/6 3921/1/6
f 3921/1/6 3933/1/6 3934/1/6 3922/1/6
f 3922/1/6 3934/1/6 3935/1/6 3923/1/6
f 3923/1/6 3935/1/6 3936/1/6 3924/1/6
f 3924/1/6 3936/1/6 3937/1/6 3925/1/6
f 3925/1/6 3937/1/6 3938/1/6 3926/1/6
f 3653/2/2 3927/2/2 3939/2/2 3661/2/2
f 3660/1/1 3668/1/1 3940/1/1 3928/1/1
f 3928/1/6 3940/1/6 3941/1/6 3929/1/6
f 3929/1/6 3941/1/6 3942/1/6 3930/1/6
f 3930/1/6 3942/1/6 3943/1/6 3931/1/6
f 3931/1/6 3943/1/6 3944/1/6 3932/1/6
f 3932/1/6 3944/1/6 3945/1/6 3933/1/6
f 3933/1/6 3945/1/6 3946/1/6 3934/1/6
f 3934/1/6 3946/1/6 3947/1/6 3935/1/6
f 3935/1/6 3947/1/6 3948/1/6 3936/1/6
f 3936/1/6 3948/1/6 3949/1/6 3937/1/6
f 3937/1/6 3949/1/6 3950/1/6 3938/1/6
f 3661/2/2 3939/2/2 3951/2/2 3669/2/2
f 3668/1/1 3676/1/1 3952/1/1 3940/1/1
f 3940/1/6 3952/1/6 3953/1/6 3941/1/6
f 3941/1/6 3953/1/6 3954/1/6 3942/1/6
f 3942/1/6 3954/1/6 3955/1/6 3943/1/6
f 3943/1/6 3955/1/6 3956/1/6 3944/1/6
f 3944/1/6 3956/1/6 3957/1/6 3945/1/6
f 3945/1/6 3957/1/6 3958/1/6 3946/1/6
f 3946/1/6 3958/1/6 3959/1/6 3947/1/6
f 3947/1/6 3959/1/6 3960/1/6 3948/1/6
f 3948/1/6 3960/1/6 3961/1/6 3949/1/6
f 3949/1/6 3961/1/6 3962/1/6 3950/1/6
f 3669/2/2 3951/2/2 3963/2/2 3684/2/2
f 3676/1/1 3692/1/1 3964/1/1 3952/1/1
f 3952/1/6 3964/1/6 3965/1/6 3953/1/6
f 3696/1/4 3695/1/4 3966/1/4 3965/1/4
f 3953/1/6 3965/1/6 3966/1/6 3954/1/6
f 3695/1/4 3697/1/4 3967/1/4 3966/1/4
f 3954/1/6 3966/1/6 3967/1/6 3955/1/6
f 3697/1/4 3968/1/4 3969/1/4 3967/1/4
f 3955/1/6 3967/1/6 3969/1/6 3956/1/6
f 3678/1/5 3677/1/5 3968/1/5 3697/1/5
f 3968/1/4 3970/1/4 3971/1/4 3969/1/4
f 3956/1/6 3969/1/6 3971/1/6 3957/1/6
f 3677/1/5 3679/1/5 3970/1/5 3968/1/5
f 3970/1/4 3972/1/4 3973/1/4 3971/1/4
f 3957/1/6 3971/1/6 3973/1/6 3958/1/6
f 3679/1/5 3680/1/5 3972/1/5 3970/1/5
f 3972/1/4 3974/1/4 3975/1/4 3973/1/4
f 3958/1/6 3973/1/6 3975/1/6 3959/1/6
f 3680/1/5 3681/1/5 3974/1/5 3972/1/5
f 3974/1/4 3976/1/4 3977/1/4 3975/1/4
f 3959/1/6 3975/1/6 3977/1/6 3960/1/6
f 3681/1/5 3682/1/5 3976/1/5 3974/1/5
f 3976/1/4 3700/1/4 3978/1/4 3977/1/4
f 3960/1/6 3977/1/6 3978/1/6 3961/1/6
f 3682/1/5 3683/1/5 3700/1/5 3976/1/5
f 3961/1/6 3978/1/6 3979/1/6 3962/1/6
f 3684/2/2 3963/2/2 3980/2/2 3701/2/2
f 3696/1/2 3965/1/2 3981/1/2 3708/1/2
f 3692/1/1 3711/1/1 3982/1/1 3964/1/1
f 3711/1/4 3708/1/4 3981/1/4 3982/1/4
f 3964/1/6 3982/1/6 3981/1/6 3965/1/6
f 3700/1/1 3713/1/1 3983/1/1 3978/1/1
f 3978/1/6 3983/1/6 3984/1/6 3979/1/6
f 3715/2/4 3714/2/4 3985/2/4 3986/2/4
f 3701/2/2 3980/2/2 3987/2/2 3716/2/2
f 3714/2/4 3716/2/4 3987/2/4 3985/2/4
f 3713/1/1 3724/1/1 3988/1/1 3983/1/1
f 3983/1/6 3988/1/6 3989/1/6 3984/1/6
f 3715/2/2 3986/2/2 3990/2/2 3725/2/2
f 3724/1/1 3727/1/1 3991/1/1 3988/1/1
f 3727/1/4 3728/1/4 3992/1/4 3991/1/4
f 3988/1/6 3991/1/6 3992/1/6 3989/1/6
f 3725/2/2 3990/2/2 3993/2/2 3729/2/2
f 3728/1/1 3730/1/1 3994/1/1 3992/1/1
f 3729/2/2 3993/2/2 3995/2/2 3731/2/2
f 3730/1/1 3732/1/1 3996/1/1 3994/1/1
f 3997/3/2 3998/3/2 3999/3/2 4000/3/2
f 3731/3/3 3995/3/3 3998/3/3 3997/3/3
f 3733/3/4 4000/3/4 3999/3/4 4001/3/4
f 3731/3/5 3997/3/5 4000/3/5 3733/3/5
f 3732/1/1 3734/1/1 4002/1/1 3996/1/1
f 3733/2/2 4001/2/2 4003/2/2 3735/2/2
f 3734/1/1 3736/1/1 4004/1/1 4002/1/1
f 3735/2/2 4003/2/2 4005/2/2 3737/2/2
f 3736/1/1 3738/1/1 4006/1/1 4004/1/1
f 3737/2/3 4005/2/3 4007/2/3 3739/2/3
f 3740/2/2 4008/2/2 4009/2/2 3741/2/2
f 3739/2/3 4007/2/3 4008/2/3 3740/2/3
f 3738/1/1 3742/1/1 4010/1/1 4006/1/1
f 3741/2/2 4009/2/2 4011/2/2 3743/2/2
f 3742/1/1 3744/1/1 4012/1/1 4010/1/1
f 3743/2/2 4011/2/2 4013/2/2 3745/2/2
f 4014/1/1 3754/1/1 4015/1/1 4016/1/1
f 4014/1/3 4016/1/3 4017/1/3 4018/1/3
f 4014/1/5 4018/1/5 3755/1/5 3754/1/5
f 4018/1/3 4017/1/3 4019/1/3 4020/1/3
f 4018/1/5 4020/1/5 3756/1/5 3755/1/5
f 4020/1/3 4019/1/3 4021/1/3 4022/1/3
f 4020/1/5 4022/1/5 3757/1/5 3756/1/5
f 4022/1/3 4021/1/3 4023/1/3 4024/1/3
f 4022/1/5 4024/1/5 3758/1/5 3757/1/5
f 4024/1/3 4023/1/3 4025/1/3 3747/1/3
f 4024/1/5 3747/1/5 3746/1/5 3758/1/5
f 3747/1/3 4025/1/3 4026/1/3 3748/1/3
f 3748/1/3 4026/1/3 4012/1/3 3744/1/3
f 3745/2/2 4013/2/2 4027/2/2 3749/2/2
f 3751/1/1 3750/1/1 4028/1/1 4029/1/1
f 3751/1/3 4029/1/3 4030/1/3 3752/1/3
f 3752/1/3 4030/1/3 4031/1/3 3753/1/3
f 3753/1/3 4031/1/3 4015/1/3 3754/1/3
f 3749/2/2 4027/2/2 4032/2/2 3759/2/2
f 3750/1/1 3760/1/1 4033/1/1 4028/1/1
f 3759/2/2 4032/2/2 4034/2/2 3761/2/2
f 3760/1/1 3762/1/1 4035/1/1 4033/1/1
f 3761/2/2 4034/2/2 4036/2/2 3763/2/2
f 3762/1/1 3764/1/1 4037/1/1 4035/1/1
f 3763/2/2 4036/2/2 4038/2/2 3765/2/2
f 3764/1/1 3766/1/1 4039/1/1 4037/1/1
f 3768/1/4 3767/1/4 4040/1/4 4041/1/4
f 3767/1/4 3769/1/4 4042/1/4 4040/1/4
f 3769/1/4 3770/1/4 4043/1/4 4042/1/4
f 3770/1/4 3771/1/4 4044/1/4 4043/1/4
f 3771/1/4 3772/1/4 4045/1/4 4044/1/4
f 3772/1/4 3773/1/4 4046/1/4 4045/1/4
f 3773/1/4 3774/1/4 4047/1/4 4046/1/4
f 3765/2/2 4038/2/2 4048/2/2 3775/2/2
f 3766/1/1 3776/1/1 4049/1/1 4039/1/1
f 3778/1/4 3777/1/4 4050/1/4 4051/1/4
f 3768/1/2 4041/1/2 4052/1/2 3779/1/2
f 3777/1/4 3779/1/4 4052/1/4 4050/1/4
f 3774/1/1 3780/1/1 4053/1/1 4047/1/1
f 3775/2/2 4048/2/2 4054/2/2 3781/2/2
f 3776/1/1 3782/1/1 4055/1/1 4049/1/1
f 3784/1/4 3783/1/4 4056/1/4 4057/1/4
f 3778/1/2 4051/1/2 4058/1/2 3785/1/2
f 3783/1/4 3785/1/4 4058/1/4 4056/1/4
f 3780/1/1 3786/1/1 4059/1/1 4053/1/1
f 3781/2/2 4054/2/2 4060/2/2 3787/2/2
f 3782/1/1 3788/1/1 4061/1/1 4055/1/1
f 3790/1/4 3789/1/4 4062/1/4 4063/1/4
f 3784/1/2 4057/1/2 4064/1/2 3791/1/2
f 3789/1/4 3791/1/4 4064/1/4 4062/1/4
f 3786/1/1 3792/1/1 4065/1/1 4059/1/1
f 3794/2/4 3793/2/4 4066/2/4 4067/2/4
f 3787/2/2 4060/2/2 4068/2/2 3795/2/2
f 3788/1/1 3796/1/1 4069/1/1 4061/1/1
f 3796/1/4 3797/1/4 4070/1/4 4069/1/4
f 3790/1/2 4063/1/2 4071/1/2 3798/1/2
f 3797/1/4 3798/1/4 4071/1/4 4070/1/4
f 3794/1/2 4067/1/2 4072/1/2 3799/1/2
f 3792/1/1 3800/1/1 4073/1/1 4065/1/1
f 3800/1/4 3799/1/4 4072/1/4 4073/1/4
f 3793/2/1 3801/2/1 4074/2/1 4066/2/1
f 3801/2/4 3802/2/4 4075/2/4 4074/2/4
f 3802/2/4 3803/2/4 4076/2/4 4075/2/4
f 3803/2/4 3804/2/4 4077/2/4 4076/2/4
f 3804/2/4 3805/2/4 4078/2/4 4077/2/4
f 3805/2/4 3806/2/4 4079/2/4 4078/2/4
f 3806/2/4 3807/2/4 4080/2/4 4079/2/4
f 3807/2/4 3808/2/4 4081/2/4 4080/2/4
f 3808/2/4 3809/2/4 4082/2/4 4081/2/4
f 3795/2/2 4068/2/2 4083/2/2 3810/2/2
f 3809/2/4 3810/2/4 4083/2/4 4082/2/4
f 3811/1/2 4084/1/2 4085/1/2 3812/1/2
f 3814/1/1 3813/1/1 4086/1/1 4087/1/1
f 3814/1/3 4087/1/3 4084/1/3 3811/1/3
f 3815/1/2 4088/1/2 4089/1/2 3816/1/2
f 3818/1/1 3817/1/1 4090/1/1 4091/1/1
f 3818/1/3 4091/1/3 4088/1/3 3815/1/3
f 3820/2/1 3819/2/1 4092/2/1 4093/2/1
f 3820/2/3 4093/2/3 4094/2/3 3821/2/3
f 3822/2/2 4095/2/2 4096/2/2 3823/2/2
f 3821/2/3 4094/2/3 4095/2/3 3822/2/3
f 3825/2/1 3824/2/1 4097/2/1 4098/2/1
f 3825/2/3 4098/2/3 4099/2/3 3826/2/3
f 4098/2/6 4097/2/6 4100/2/6 4099/2/6
f 3826/2/3 4099/2/3 4101/2/3 3827/2/3
f 4099/2/6 4100/2/6 4102/2/6 4101/2/6
f 3828/2/2 4103/2/2 4104/2/2 3829/2/2
f 3827/2/3 4101/2/3 4103/2/3 3828/2/3
f 4101/2/6 4102/2/6 4104/2/6 4103/2/6
f 3812/1/2 4085/1/2 4105/1/2 3830/1/2
f 3813/1/1 3831/1/1 4106/1/1 4086/1/1
f 3817/1/1 3832/1/1 4107/1/1 4090/1/1
f 3816/1/3 4089/1/3 4092/1/3 3819/1/3
f 3823/2/2 4096/2/2 4108/2/2 3835/2/2
f 3824/2/1 3836/2/1 4109/2/1 4097/2/1
f 4097/2/6 4109/2/6 4110/2/6 4100/2/6
f 4100/2/6 4110/2/6 4111/2/6 4102/2/6
f 3829/2/2 4104/2/2 4112/2/2 3837/2/2
f 4102/2/6 4111/2/6 4112/2/6 4104/2/6
f 3831/1/1 3838/1/1 4113/1/1 4106/1/1
f 3830/1/3 4105/1/3 4114/1/3 3839/1/3
f 3839/1/3 4114/1/3 4115/1/3 4116/1/3
f 3839/1/5 4116/1/5 3847/1/5 3840/1/5
f 4116/1/3 4115/1/3 4117/1/3 4118/1/3
f 4116/1/5 4118/1/5 3848/1/5 3847/1/5
f 4118/1/3 4117/1/3 4119/1/3 4120/1/3
f 4118/1/5 4120/1/5 3851/1/5 3848/1/5
f 4120/1/3 4119/1/3 4121/1/3 4122/1/3
f 4120/1/5 4122/1/5 3854/1/5 3851/1/5
f 4122/1/3 4121/1/3 4123/1/3 4124/1/3
f 4122/1/5 4124/1/5 3857/1/5 3854/1/5
f 4124/1/3 4123/1/3 4125/1/3 4126/1/3
f 4124/1/5 4126/1/5 3860/1/5 3857/1/5
f 4126/1/3 4125/1/3 4127/1/3 4128/1/3
f 4126/1/5 4128/1/5 3863/1/5 3860/1/5
f 4128/1/3 4127/1/3 4129/1/3 4130/1/3
f 4128/1/5 4130/1/5 3866/1/5 3863/1/5
f 4130/1/3 4129/1/3 4131/1/3 4132/1/3
f 4130/1/5 4132/1/5 3869/1/5 3866/1/5
f 4132/1/3 4131/1/3 4133/1/3 4134/1/3
f 4132/1/5 4134/1/5 3872/1/5 3869/1/5
f 4134/1/3 4133/1/3 4135/1/3 4136/1/3
f 4134/1/5 4136/1/5 3875/1/5 3872/1/5
f 4136/1/3 4135/1/3 4107/1/3 3832/1/3
f 4136/1/5 3832/1/5 3841/1/5 3875/1/5
f 3835/2/3 4108/2/3 4137/2/3 3834/2/3
f 3834/2/3 4137/2/3 4138/2/3 3842/2/3
f 3842/2/3 4138/2/3 4139/2/3 3843/2/3
f 3843/2/3 4139/2/3 4140/2/3 3844/2/3
f 3844/2/3 4140/2/3 4109/2/3 3836/2/3
f 3837/2/2 4112/2/2 4141/2/2 3845/2/2
f 3838/1/1 3846/1/1 4142/1/1 4113/1/1
f 3845/2/2 4141/2/2 4143/2/2 3879/2/2
f 3846/1/1 3880/1/1 4144/1/1 4142/1/1
f 3880/1/4 3884/1/4 4145/1/4 4144/1/4
f 3884/1/4 3886/1/4 4146/1/4 4145/1/4
f 3886/1/4 3888/1/4 4147/1/4 4146/1/4
f 3888/1/4 3890/1/4 4148/1/4 4147/1/4
f 3890/1/4 3892/1/4 4149/1/4 4148/1/4
f 3892/1/4 3894/1/4 4150/1/4 4149/1/4
f 3894/1/4 3896/1/4 4151/1/4 4150/1/4
f 3896/1/4 3898/1/4 4152/1/4 4151/1/4
f 3898/1/4 3900/1/4 4153/1/4 4152/1/4
f 3900/1/4 3902/1/4 4154/1/4 4153/1/4
f 3879/2/2 4143/2/2 4155/2/2 3881/2/2
f 3902/1/1 3901/1/1 4156/1/1 4154/1/1
f 3881/2/2 4155/2/2 4157/2/2 3903/2/2
f 3901/1/1 3914/1/1 4158/1/1 4156/1/1
f 3903/2/2 4157/2/2 4159/2/2 3915/2/2
f 3914/1/1 3926/1/1 4160/1/1 4158/1/1
f 3915/2/2 4159/2/2 4161/2/2 3927/2/2
f 3926/1/1 3938/1/1 4162/1/1 4160/1/1
f 3927/2/2 4161/2/2 4163/2/2 3939/2/2
f 3938/1/1 3950/1/1 4164/1/1 4162/1/1
f 3939/2/2 4163/2/2 4165/2/2 3951/2/2
f 3950/1/1 3962/1/1 4166/1/1 4164/1/1
f 3951/2/2 4165/2/2 4167/2/2 3963/2/2
f 3962/1/1 3979/1/1 4168/1/1 4166/1/1
f 3963/2/2 4167/2/2 4169/2/2 3980/2/2
f 3979/1/1 3984/1/1 4170/1/1 4168/1/1
f 3980/2/2 4169/2/2 4171/2/2 3987/2/2
f 3985/2/4 3987/2/4 4171/2/4 4172/2/4
f 3984/1/1 3989/1/1 4173/1/1 4170/1/1
f 3985/2/2 4172/2/2 4174/2/2 4175/2/2
f 3986/2/5 3985/2/5 4175/2/5 3990/2/5
f 3989/1/1 3992/1/1 4176/1/1 4173/1/1
f 4175/2/2 4174/2/2 4177/2/2 4178/2/2
f 3990/2/5 4175/2/5 4178/2/5 3993/2/5
f 3992/1/1 3994/1/1 4179/1/1 4176/1/1
f 4178/2/2 4177/2/2 4180/2/2 3998/2/2
f 3993/2/5 4178/2/5 3998/2/5 3995/2/5
f 3994/1/1 3996/1/1 4181/1/1 4179/1/1
f 3998/2/2 4180/2/2 4182/2/2 3999/2/2
f 3996/1/1 4002/1/1 4183/1/1 4181/1/1
f 3999/2/2 4182/2/2 4184/2/2 4185/2/2
f 4001/2/5 3999/2/5 4185/2/5 4003/2/5
f 4002/1/1 4004/1/1 4186/1/1 4183/1/1
f 4185/2/2 4184/2/2 4187/2/2 4007/2/2
f 4003/2/5 4185/2/5 4007/2/5 4005/2/5
f 4004/1/1 4006/1/1 4188/1/1 4186/1/1
f 4008/2/2 4189/2/2 4190/2/2 4009/2/2
f 4007/2/3 4187/2/3 4189/2/3 4008/2/3
f 4006/1/1 4010/1/1 4191/1/1 4188/1/1
f 4009/2/2 4190/2/2 4192/2/2 4011/2/2
f 4010/1/1 4012/1/1 4193/1/1 4191/1/1
f 4011/2/2 4192/2/2 4194/2/2 4013/2/2
f 4016/1/1 4015/1/1 4195/1/1 4196/1/1
f 4016/1/3 4196/1/3 4197/1/3 4017/1/3
f 4017/1/3 4197/1/3 4198/1/3 4019/1/3
f 4019/1/3 4198/1/3 4199/1/3 4021/1/3
f 4021/1/3 4199/1/3 4200/1/3 4023/1/3
f 4023/1/3 4200/1/3 4201/1/3 4025/1/3
f 4025/1/3 4201/1/3 4202/1/3 4026/1/3
f 4026/1/3 4202/1/3 4193/1/3 4012/1/3
f 4013/2/2 4194/2/2 4203/2/2 4027/2/2
f 4029/1/1 4028/1/1 4204/1/1 4205/1/1
f 4029/1/3 4205/1/3 4206/1/3 4030/1/3
f 4030/1/3 4206/1/3 4207/1/3 4031/1/3
f 4031/1/3 4207/1/3 4195/1/3 4015/1/3
f 4027/2/2 4203/2/2 4208/2/2 4032/2/2
f 4028/1/1 4033/1/1 4209/1/1 4204/1/1
f 4032/2/2 4208/2/2 4210/2/2 4034/2/2
f 4033/1/1 4035/1/1 4211/1/1 4209/1/1
f 4034/2/2 4210/2/2 4212/2/2 4036/2/2
f 4035/1/1 4037/1/1 4213/1/1 4211/1/1
f 4036/2/2 4212/2/2 4214/2/2 4038/2/2
f 4037/1/1 4039/1/1 4215/1/1 4213/1/1
f 4041/1/4 4040/1/4 4216/1/4 4217/1/4
f 4040/1/4 4042/1/4 4218/1/4 4216/1/4
f 4042/1/4 4043/1/4 4219/1/4 4218/1/4
f 4043/1/4 4044/1/4 4220/1/4 4219/1/4
f 4044/1/4 4045/1/4 4221/1/4 4220/1/4
f 4045/1/4 4046/1/4 4222/1/4 4221/1/4
f 4046/1/4 4047/1/4 4223/1/4 4222/1/4
f 4038/2/2 4214/2/2 4224/2/2 4048/2/2
f 4039/1/1 4049/1/1 4225/1/1 4215/1/1
f 4051/1/4 4050/1/4 4226/1/4 4227/1/4
f 4041/1/2 4217/1/2 4228/1/2 4052/1/2
f 4050/1/4 4052/1/4 4228/1/4 4226/1/4
f 4047/1/1 4053/1/1 4229/1/1 4223/1/1
f 4048/2/2 4224/2/2 4230/2/2 4054/2/2
f 4049/1/1 4055/1/1 4231/1/1 4225/1/1
f 4057/1/4 4056/1/4 4232/1/4 4233/1/4
f 4051/1/2 4227/1/2 4234/1/2 4058/1/2
f 4056/1/4 4058/1/4 4234/1/4 4232/1/4
f 4053/1/1 4059/1/1 4235/1/1 4229/1/1
f 4236/2/6 4237/2/6 4238/2/6 4239/2/6
f 4054/2/2 4230/2/2 4240/2/2 4060/2/2
f 4055/1/1 4061/1/1 4241/1/1 4231/1/1
f 4063/1/4 4062/1/4 4242/1/4 4243/1/4
f 4057/1/2 4233/1/2 4244/1/2 4064/1/2
f 4062/1/4 4064/1/4 4244/1/4 4242/1/4
f 4059/1/1 4065/1/1 4245/1/1 4235/1/1
f 4067/2/4 4066/2/4 4246/2/4 4247/2/4
f 4060/2/2 4240/2/2 4248/2/2 4068/2/2
f 4061/1/1 4069/1/1 4249/1/1 4241/1/1
f 4069/1/4 4070/1/4 4250/1/4 4249/1/4
f 4063/1/2 4243/1/2 4251/1/2 4071/1/2
f 4070/1/4 4071/1/4 4251/1/4 4250/1/4
f 4067/1/2 4247/1/2 4252/1/2 4072/1/2
f 4065/1/1 4073/1/1 4253/1/1 4245/1/1
f 4073/1/4 4072/1/4 4252/1/4 4253/1/4
f 4066/2/1 4074/2/1 4254/2/1 4246/2/1
f 4074/2/4 4075/2/4 4255/2/4 4254/2/4
f 4075/2/4 4076/2/4 4256/2/4 4255/2/4
f 4076/2/4 4077/2/4 4257/2/4 4256/2/4
f 4077/2/4 4078/2/4 4258/2/4 4257/2/4
f 4078/2/4 4079/2/4 4259/2/4 4258/2/4
f 4079/2/4 4080/2/4 4260/2/4 4259/2/4
f 4080/2/4 4081/2/4 4261/2/4 4260/2/4
f 4081/2/4 4082/2/4 4262/2/4 4261/2/4
f 4068/2/2 4248/2/2 4263/2/2 4083/2/2
f 4082/2/4 4083/2/4 4263/2/4 4262/2/4
f 4084/1/2 4264/1/2 4265/1/2 4085/1/2
f 4087/1/1 4086/1/1 4266/1/1 4267/1/1
f 4087/1/3 4267/1/3 4264/1/3 4084/1/3
f 4088/1/2 4268/1/2 4269/1/2 4089/1/2
f 4091/1/1 4090/1/1 4270/1/1 4271/1/1
f 4091/1/3 4271/1/3 4268/1/3 4088/1/3
f 4093/2/1 4092/2/1 4272/2/1 4273/2/1
f 4093/2/3 4273/2/3 4274/2/3 4094/2/3
f 4095/2/2 4275/2/2 4276/2/2 4096/2/2
f 4094/2/3 4274/2/3 4275/2/3 4095/2/3
f 4085/1/2 4265/1/2 4277/1/2 4105/1/2
f 4086/1/1 4106/1/1 4278/1/1 4266/1/1
f 4090/1/1 4107/1/1 4279/1/1 4270/1/1
f 4089/1/3 4269/1/3 4272/1/3 4092/1/3
f 4096/2/2 4276/2/2 4280/2/2 4108/2/2
f 4106/1/1 4113/1/1 4281/1/1 4278/1/1
f 4105/1/3 4277/1/3 4282/1/3 4114/1/3
f 4114/1/3 4282/1/3 4283/1/3 4115/1/3
f 4115/1/3 4283/1/3 4284/1/3 4117/1/3
f 4117/1/3 4284/1/3 4285/1/3 4119/1/3
f 4119/1/3 4285/1/3 4286/1/3 4121/1/3
f 4121/1/3 4286/1/3 4287/1/3 4123/1/3
f 4123/1/3 4287/1/3 4288/1/3 4125/1/3
f 4125/1/3 4288/1/3 4289/1/3 4127/1/3
f 4127/1/3 4289/1/3 4290/1/3 4129/1/3
f 4129/1/3 4290/1/3 4291/1/3 4131/1/3
f 4131/1/3 4291/1/3 4292/1/3 4133/1/3
f 4133/1/3 4292/1/3 4293/1/3 4135/1/3
f 4135/1/3 4293/1/3 4279/1/3 4107/1/3
f 4108/2/3 4280/2/3 4294/2/3 4137/2/3
f 4137/2/3 4294/2/3 4295/2/3 4138/2/3
f 4138/2/3 4295/2/3 4296/2/3 4139/2/3
f 4139/2/3 4296/2/3 4297/2/3 4140/2/3
f 4140/2/3 4297/2/3 4298/2/3 4109/2/3
f 4109/2/3 4298/2/3 4299/2/3 4110/2/3
f 4298/2/6 4300/2/6 4301/2/6 4299/2/6
f 4110/2/3 4299/2/3 4302/2/3 4111/2/3
f 4299/2/6 4301/2/6 4303/2/6 4302/2/6
f 4112/2/2 4304/2/2 4305/2/2 4141/2/2
f 4111/2/3 4302/2/3 4304/2/3 4112/2/3
f 4302/2/6 4303/2/6 4305/2/6 4304/2/6
f 4113/1/1 4142/1/1 4306/1/1 4281/1/1
f 4141/2/2 4305/2/2 4307/2/2 4143/2/2
f 4142/1/1 4144/1/1 4308/1/1 4306/1/1
f 4144/1/4 4145/1/4 4309/1/4 4308/1/4
f 4145/1/4 4146/1/4 4310/1/4 4309/1/4
f 4146/1/4 4147/1/4 4311/1/4 4310/1/4
f 4147/1/4 4148/1/4 4312/1/4 4311/1/4
f 4148/1/4 4149/1/4 4313/1/4 4312/1/4
f 4149/1/4 4150/1/4 4314/1/4 4313/1/4
f 4150/1/4 4151/1/4 4315/1/4 4314/1/4
f 4151/1/4 4152/1/4 4316/1/4 4315/1/4
f 4152/1/4 4153/1/4 4317/1/4 4316/1/4
f 4153/1/4 4154/1/4 4318/1/4 4317/1/4
f 4143/2/2 4307/2/2 4319/2/2 4155/2/2
f 4154/1/1 4156/1/1 4320/1/1 4318/1/1
f 4155/2/2 4319/2/2 4321/2/2 4157/2/2
f 4156/1/1 4158/1/1 4322/1/1 4320/1/1
f 4157/2/2 4321/2/2 4323/2/2 4159/2/2
f 4158/1/1 4160/1/1 4324/1/1 4322/1/1
f 4159/2/2 4323/2/2 4325/2/2 4161/2/2
f 4160/1/1 4162/1/1 4326/1/1 4324/1/1
f 4161/2/2 4325/2/2 4327/2/2 4163/2/2
f 4162/1/1 4164/1/1 4328/1/1 4326/1/1
f 4163/2/2 4327/2/2 4329/2/2 4165/2/2
f 4164/1/1 4166/1/1 4330/1/1 4328/1/1
f 4165/2/2 4329/2/2 4331/2/2 4167/2/2
f 4166/1/1 4168/1/1 4332/1/1 4330/1/1
f 4167/2/2 4331/2/2 4333/2/2 4169/2/2
f 4168/1/1 4170/1/1 4334/1/1 4332/1/1
f 4169/2/2 4333/2/2 4335/2/2 4171/2/2
f 4172/2/4 4171/2/4 4335/2/4 4336/2/4
f 4170/1/1 4173/1/1 4337/1/1 4334/1/1
f 4172/2/2 4336/2/2 4338/2/2 4174/2/2
f 4173/1/1 4176/1/1 4339/1/1 4337/1/1
f 4174/2/2 4338/2/2 4340/2/2 4177/2/2
f 4176/1/1 4179/1/1 4341/1/1 4339/1/1
f 4177/2/2 4340/2/2 4342/2/2 4180/2/2
f 4179/1/1 4181/1/1 4343/1/1 4341/1/1
f 4180/2/2 4342/2/2 4344/2/2 4182/2/2
f 4181/1/1 4183/1/1 4345/1/1 4343/1/1
f 4182/2/2 4344/2/2 4346/2/2 4184/2/2
f 4183/1/1 4186/1/1 4347/1/1 4345/1/1
f 4348/3/2 4349/3/2 4350/3/2 4189/3/2
f 4184/3/3 4346/3/3 4349/3/3 4348/3/3
f 4184/3/5 4348/3/5 4189/3/5 4187/3/5
f 4186/1/1 4188/1/1 4351/1/1 4347/1/1
f 4189/2/2 4350/2/2 4352/2/2 4190/2/2
f 4188/1/1 4191/1/1 4353/1/1 4351/1/1
f 4190/2/2 4352/2/2 4354/2/2 4192/2/2
f 4191/1/1 4193/1/1 4355/1/1 4353/1/1
f 4192/2/2 4354/2/2 4356/2/2 4194/2/2
f 4196/1/1 4195/1/1 4357/1/1 4358/1/1
f 4196/1/3 4358/1/3 4359/1/3 4197/1/3
f 4358/1/6 4357/1/6 4360/1/6 4359/1/6
f 4197/1/3 4359/1/3 4361/1/3 4198/1/3
f 4359/1/6 4360/1/6 4362/1/6 4361/1/6
f 4198/1/3 4361/1/3 4363/1/3 4199/1/3
f 4361/1/6 4362/1/6 4364/1/6 4363/1/6
f 4199/1/3 4363/1/3 4365/1/3 4200/1/3
f 4363/1/6 4364/1/6 4366/1/6 4365/1/6
f 4200/1/3 4365/1/3 4367/1/3 4201/1/3
f 4365/1/6 4366/1/6 4368/1/6 4367/1/6
f 4201/1/3 4367/1/3 4369/1/3 4202/1/3
f 4202/1/3 4369/1/3 4355/1/3 4193/1/3
f 4194/2/2 4356/2/2 4370/2/2 4203/2/2
f 4205/1/1 4204/1/1 4371/1/1 4372/1/1
f 4205/1/3 4372/1/3 4373/1/3 4206/1/3
f 4206/1/3 4373/1/3 4374/1/3 4207/1/3
f 4207/1/3 4374/1/3 4357/1/3 4195/1/3
f 4203/2/2 4370/2/2 4375/2/2 4208/2/2
f 4204/1/1 4209/1/1 4376/1/1 4371/1/1
f 4208/2/2 4375/2/2 4377/2/2 4210/2/2
f 4209/1/1 4211/1/1 4378/1/1 4376/1/1
f 4210/2/2 4377/2/2 4379/2/2 4212/2/2
f 4211/1/1 4213/1/1 4380/1/1 4378/1/1
f 4212/2/2 4379/2/2 4381/2/2 4214/2/2
f 4213/1/1 4215/1/1 4382/1/1 4380/1/1
f 4217/1/4 4216/1/4 4383/1/4 4384/1/4
f 4216/1/4 4218/1/4 4385/1/4 4383/1/4
f 4218/1/4 4219/1/4 4386/1/4 4385/1/4
f 4219/1/4 4220/1/4 4387/1/4 4386/1/4
f 4220/1/4 4221/1/4 4388/1/4 4387/1/4
f 4221/1/4 4222/1/4 4389/1/4 4388/1/4
f 4222/1/4 4223/1/4 4390/1/4 4389/1/4
f 4214/2/2 4381/2/2 4391/2/2 4224/2/2
f 4215/1/1 4225/1/1 4392/1/1 4382/1/1
f 4227/1/4 4226/1/4 4393/1/4 4394/1/4
f 4217/1/2 4384/1/2 4395/1/2 4228/1/2
f 4226/1/4 4228/1/4 4395/1/4 4393/1/4
f 4223/1/1 4229/1/1 4396/1/1 4390/1/1
f 4236/2/4 4239/2/4 4397/2/4 4398/2/4
f 4224/2/2 4391/2/2 4399/2/2 4230/2/2
f 4225/1/1 4231/1/1 4400/1/1 4392/1/1
f 4233/1/4 4232/1/4 4401/1/4 4402/1/4
f 4227/1/2 4394/1/2 4403/1/2 4234/1/2
f 4232/1/4 4234/1/4 4403/1/4 4401/1/4
f 4229/1/1 4235/1/1 4404/1/1 4396/1/1
f 4236/2/2 4398/2/2 4405/2/2 4237/2/2
f 4239/2/1 4238/2/1 4406/2/1 4397/2/1
f 4230/2/2 4399/2/2 4407/2/2 4240/2/2
f 4231/1/1 4241/1/1 4408/1/1 4400/1/1
f 4243/1/4 4242/1/4 4409/1/4 4410/1/4
f 4233/1/2 4402/1/2 4411/1/2 4244/1/2
f 4242/1/4 4244/1/4 4411/1/4 4409/1/4
f 4235/1/1 4245/1/1 4412/1/1 4404/1/1
f 4247/2/4 4246/2/4 4413/2/4 4414/2/4
f 4237/2/3 4405/2/3 4406/2/3 4238/2/3
f 4240/2/2 4407/2/2 4415/2/2 4248/2/2
f 4241/1/1 4249/1/1 4416/1/1 4408/1/1
f 4249/1/4 4250/1/4 4417/1/4 4416/1/4
f 4243/1/2 4410/1/2 4418/1/2 4251/1/2
f 4250/1/4 4251/1/4 4418/1/4 4417/1/4
f 4247/1/2 4414/1/2 4419/1/2 4252/1/2
f 4245/1/1 4253/1/1 4420/1/1 4412/1/1
f 4253/1/4 4252/1/4 4419/1/4 4420/1/4
f 4246/2/1 4254/2/1 4421/2/1 4413/2/1
f 4254/2/4 4255/2/4 4422/2/4 4421/2/4
f 4255/2/4 4256/2/4 4423/2/4 4422/2/4
f 4256/2/4 4257/2/4 4424/2/4 4423/2/4
f 4257/2/4 4258/2/4 4425/2/4 4424/2/4
f 4258/2/4 4259/2/4 4426/2/4 4425/2/4
f 4259/2/4 4260/2/4 4427/2/4 4426/2/4
f 4260/2/4 4261/2/4 4428/2/4 4427/2/4
f 4261/2/4 4262/2/4 4429/2/4 4428/2/4
f 4248/2/2 4415/2/2 4430/2/2 4263/2/2
f 4262/2/4 4263/2/4 4430/2/4 4429/2/4
f 4264/1/2 4431/1/2 4432/1/2 4265/1/2
f 4267/1/1 4266/1/1 4433/1/1 4434/1/1
f 4267/1/3 4434/1/3 4431/1/3 4264/1/3
f 4435/1/1 4436/1/1 4437/1/1 4438/1/1
f 4435/1/3 4438/1/3 4439/1/3 4440/1/3
f 4435/1/5 4440/1/5 4441/1/5 4436/1/5
f 4440/1/3 4439/1/3 4442/1/3 4443/1/3
f 4440/1/5 4443/1/5 4444/1/5 4441/1/5
f 4443/1/3 4442/1/3 4445/1/3 4271/1/3
f 4443/1/5 4271/1/5 4270/1/5 4444/1/5
f 4268/1/2 4446/1/2 4447/1/2 4269/1/2
f 4271/1/3 4445/1/3 4446/1/3 4268/1/3
f 4273/2/1 4272/2/1 4448/2/1 4449/2/1
f 4273/2/3 4449/2/3 4450/2/3 4274/2/3
f 4275/2/2 4451/2/2 4452/2/2 4276/2/2
f 4274/2/3 4450/2/3 4451/2/3 4275/2/3
f 4266/1/1 4278/1/1 4453/1/1 4433/1/1
f 4265/1/3 4432/1/3 4454/1/3 4455/1/3
f 4265/1/5 4455/1/5 4282/1/5 4277/1/5
f 4455/1/3 4454/1/3 4456/1/3 4457/1/3
f 4455/1/5 4457/1/5 4283/1/5 4282/1/5
f 4457/1/3 4456/1/3 4458/1/3 4459/1/3
f 4457/1/5 4459/1/5 4284/1/5 4283/1/5
f 4459/1/3 4458/1/3 4460/1/3 4461/1/3
f 4459/1/5 4461/1/5 4285/1/5 4284/1/5
f 4461/1/3 4460/1/3 4462/1/3 4463/1/3
f 4461/1/5 4463/1/5 4286/1/5 4285/1/5
f 4463/1/3 4462/1/3 4464/1/3 4465/1/3
f 4463/1/5 4465/1/5 4287/1/5 4286/1/5
f 4465/1/3 4464/1/3 4466/1/3 4467/1/3
f 4465/1/5 4467/1/5 4288/1/5 4287/1/5
f 4467/1/3 4466/1/3 4468/1/3 4469/1/3
f 4467/1/5 4469/1/5 4289/1/5 4288/1/5
f 4469/1/3 4468/1/3 4470/1/3 4471/1/3
f 4469/1/5 4471/1/5 4290/1/5 4289/1/5
f 4471/1/3 4470/1/3 4437/1/3 4436/1/3
f 4471/1/5 4436/1/5 4291/1/5 4290/1/5
f 4436/1/5 4441/1/5 4292/1/5 4291/1/5
f 4441/1/5 4444/1/5 4293/1/5 4292/1/5
f 4444/1/5 4270/1/5 4279/1/5 4293/1/5
f 4269/1/3 4447/1/3 4448/1/3 4272/1/3
f 4276/2/2 4452/2/2 4472/2/2 4280/2/2
f 4278/1/1 4281/1/1 4473/1/1 4453/1/1
f 4280/2/3 4472/2/3 4474/2/3 4294/2/3
f 4294/2/3 4474/2/3 4475/2/3 4295/2/3
f 4295/2/3 4475/2/3 4476/2/3 4296/2/3
f 4296/2/3 4476/2/3 4477/2/3 4297/2/3
f 4298/2/2 4478/2/2 4479/2/2 4300/2/2
f 4297/2/3 4477/2/3 4478/2/3 4298/2/3
f 4281/1/1 4306/1/1 4480/1/1 4473/1/1
f 4300/2/3 4479/2/3 4481/2/3 4301/2/3
f 4301/2/3 4481/2/3 4482/2/3 4303/2/3
f 4305/2/2 4483/2/2 4484/2/2 4307/2/2
f 4303/2/3 4482/2/3 4483/2/3 4305/2/3
f 4306/1/1 4308/1/1 4485/1/1 4480/1/1
f 4308/1/4 4309/1/4 4486/1/4 4485/1/4
f 4309/1/4 4310/1/4 4487/1/4 4486/1/4
f 4310/1/4 4311/1/4 4488/1/4 4487/1/4
f 4311/1/4 4312/1/4 4489/1/4 4488/1/4
f 4312/1/4 4313/1/4 4490/1/4 4489/1/4
f 4313/1/4 4314/1/4 4491/1/4 4490/1/4
f 4314/1/4 4315/1/4 4492/1/4 4491/1/4
f 4315/1/4 4316/1/4 4493/1/4 4492/1/4
f 4316/1/4 4317/1/4 4494/1/4 4493/1/4
f 4317/1/4 4318/1/4 4495/1/4 4494/1/4
f 4307/2/2 4484/2/2 4496/2/2 4319/2/2
f 4318/1/1 4320/1/1 4497/1/1 4495/1/1
f 4319/2/2 4496/2/2 4498/2/2 4321/2/2
f 4320/1/1 4322/1/1 4499/1/1 4497/1/1
f 4321/2/2 4498/2/2 4500/2/2 4323/2/2
f 4322/1/1 4324/1/1 4501/1/1 4499/1/1
f 4323/2/2 4500/2/2 4502/2/2 4325/2/2
f 4324/1/1 4326/1/1 4503/1/1 4501/1/1
f 4325/2/2 4502/2/2 4504/2/2 4327/2/2
f 4326/1/1 4328/1/1 4505/1/1 4503/1/1
f 4327/2/2 4504/2/2 4506/2/2 4329/2/2
f 4328/1/1 4330/1/1 4507/1/1 4505/1/1
f 4329/2/2 4506/2/2 4508/2/2 4331/2/2
f 4330/1/1 4332/1/1 4509/1/1 4507/1/1
f 4331/2/2 4508/2/2 4510/2/2 4333/2/2
f 4332/1/1 4334/1/1 4511/1/1 4509/1/1
f 4333/2/2 4510/2/2 4512/2/2 4335/2/2
f 4334/1/1 4337/1/1 4513/1/1 4511/1/1
f 4335/2/2 4512/2/2 4514/2/2 4515/2/2
f 4336/2/5 4335/2/5 4515/2/5 4338/2/5
f 4337/1/1 4339/1/1 4516/1/1 4513/1/1
f 4515/2/2 4514/2/2 4517/2/2 4518/2/2
f 4338/2/5 4515/2/5 4518/2/5 4340/2/5
f 4339/1/1 4341/1/1 4519/1/1 4516/1/1
f 4518/2/2 4517/2/2 4520/2/2 4521/2/2
f 4340/2/5 4518/2/5 4521/2/5 4342/2/5
f 4341/1/1 4343/1/1 4522/1/1 4519/1/1
f 4521/2/2 4520/2/2 4523/2/2 4524/2/2
f 4342/2/5 4521/2/5 4524/2/5 4344/2/5
f 4343/1/1 4345/1/1 4525/1/1 4522/1/1
f 4524/2/2 4523/2/2 4526/2/2 4349/2/2
f 4344/2/5 4524/2/5 4349/2/5 4346/2/5
f 4345/1/1 4347/1/1 4527/1/1 4525/1/1
f 4349/2/2 4526/2/2 4528/2/2 4350/2/2
f 4347/1/1 4351/1/1 4529/1/1 4527/1/1
f 4350/2/2 4528/2/2 4530/2/2 4352/2/2
f 4351/1/1 4353/1/1 4531/1/1 4529/1/1
f 4352/2/2 4530/2/2 4532/2/2 4354/2/2
f 4353/1/1 4355/1/1 4533/1/1 4531/1/1
f 4354/2/2 4532/2/2 4534/2/2 4356/2/2
f 4367/1/1 4368/1/1 4535/1/1 4536/1/1
f 4367/1/3 4536/1/3 4537/1/3 4369/1/3
f 4369/1/3 4537/1/3 4533/1/3 4355/1/3
f 4356/2/2 4534/2/2 4538/2/2 4370/2/2
f 4372/1/1 4371/1/1 4539/1/1 4540/1/1
f 4372/1/3 4540/1/3 4541/1/3 4373/1/3
f 4373/1/3 4541/1/3 4542/1/3 4374/1/3
f 4374/1/3 4542/1/3 4543/1/3 4357/1/3
f 4357/1/3 4543/1/3 4544/1/3 4360/1/3
f 4360/1/3 4544/1/3 4545/1/3 4362/1/3
f 4362/1/3 4545/1/3 4546/1/3 4364/1/3
f 4364/1/3 4546/1/3 4547/1/3 4366/1/3
f 4366/1/3 4547/1/3 4535/1/3 4368/1/3
f 4370/2/2 4538/2/2 4548/2/2 4375/2/2
f 4371/1/1 4376/1/1 4549/1/1 4539/1/1
f 4375/2/2 4548/2/2 4550/2/2 4377/2/2
f 4376/1/1 4378/1/1 4551/1/1 4549/1/1
f 4377/2/2 4550/2/2 4552/2/2 4379/2/2
f 4378/1/1 4380/1/1 4553/1/1 4551/1/1
f 4379/2/2 4552/2/2 4554/2/2 4381/2/2
f 4380/1/1 4382/1/1 4555/1/1 4553/1/1
f 4384/1/4 4383/1/4 4556/1/4 4557/1/4
f 4383/1/4 4385/1/4 4558/1/4 4556/1/4
f 4385/1/4 4386/1/4 4559/1/4 4558/1/4
f 4386/1/4 4387/1/4 4560/1/4 4559/1/4
f 4387/1/4 4388/1/4 4561/1/4 4560/1/4
f 4388/1/4 4389/1/4 4562/1/4 4561/1/4
f 4389/1/4 4390/1/4 4563/1/4 4562/1/4
f 4381/2/2 4554/2/2 4564/2/2 4391/2/2
f 4382/1/1 4392/1/1 4565/1/1 4555/1/1
f 4394/1/4 4393/1/4 4566/1/4 4567/1/4
f 4384/1/2 4557/1/2 4568/1/2 4395/1/2
f 4393/1/4 4395/1/4 4568/1/4 4566/1/4
f 4390/1/1 4396/1/1 4569/1/1 4563/1/1
f 4391/2/2 4564/2/2 4570/2/2 4399/2/2
f 4392/1/1 4400/1/1 4571/1/1 4565/1/1
f 4402/1/4 4401/1/4 4572/1/4 4573/1/4
f 4394/1/2 4567/1/2 4574/1/2 4403/1/2
f 4401/1/4 4403/1/4 4574/1/4 4572/1/4
f 4396/1/1 4404/1/1 4575/1/1 4569/1/1
f 4398/2/5 4397/2/5 4406/2/5 4405/2/5
f 4399/2/2 4570/2/2 4576/2/2 4407/2/2
f 4400/1/1 4408/1/1 4577/1/1 4571/1/1
f 4410/1/4 4409/1/4 4578/1/4 4579/1/4
f 4402/1/2 4573/1/2 4580/1/2 4411/1/2
f 4409/1/4 4411/1/4 4580/1/4 4578/1/4
f 4404/1/1 4412/1/1 4581/1/1 4575/1/1
f 4414/2/4 4413/2/4 4582/2/4 4583/2/4
f 4407/2/2 4576/2/2 4584/2/2 4415/2/2
f 4408/1/1 4416/1/1 4585/1/1 4577/1/1
f 4416/1/4 4417/1/4 4586/1/4 4585/1/4
f 4410/1/2 4579/1/2 4587/1/2 4418/1/2
f 4417/1/4 4418/1/4 4587/1/4 4586/1/4
f 4414/1/2 4583/1/2 4588/1/2 4419/1/2
f 4412/1/1 4420/1/1 4589/1/1 4581/1/1
f 4420/1/4 4419/1/4 4588/1/4 4589/1/4
f 4413/2/1 4421/2/1 4590/2/1 4582/2/1
f 4421/2/4 4422/2/4 4591/2/4 4590/2/4
f 4422/2/4 4423/2/4 4592/2/4 4591/2/4
f 4423/2/4 4424/2/4 4593/2/4 4592/2/4
f 4424/2/4 4425/2/4 4594/2/4 4593/2/4
f 4425/2/4 4426/2/4 4595/2/4 4594/2/4
f 4426/2/4 4427/2/4 4596/2/4 4595/2/4
f 4427/2/4 4428/2/4 4597/2/4 4596/2/4
f 4428/2/4 4429/2/4 4598/2/4 4597/2/4
f 4415/2/2 4584/2/2 4599/2/2 4430/2/2
f 4429/2/4 4430/2/4 4599/2/4 4598/2/4
f 4434/1/1 4433/1/1 4600/1/1 4601/1/1
f 4434/1/3 4601/1/3 4602/1/3 4431/1/3
f 4601/1/6 4600/1/6 4603/1/6 4602/1/6
f 4431/1/3 4602/1/3 4604/1/3 4605/1/3
f 4602/1/6 4603/1/6 4606/1/6 4604/1/6
f 4431/1/5 4605/1/5 4454/1/5 4432/1/5
f 4605/1/3 4604/1/3 4607/1/3 4608/1/3
f 4604/1/6 4606/1/6 4609/1/6 4607/1/6
f 4605/1/5 4608/1/5 4456/1/5 4454/1/5
f 4608/1/3 4607/1/3 4610/1/3 4611/1/3
f 4607/1/6 4609/1/6 4612/1/6 4610/1/6
f 4608/1/5 4611/1/5 4458/1/5 4456/1/5
f 4611/1/3 4610/1/3 4613/1/3 4614/1/3
f 4610/1/6 4612/1/6 4615/1/6 4613/1/6
f 4611/1/5 4614/1/5 4460/1/5 4458/1/5
f 4614/1/3 4613/1/3 4616/1/3 4617/1/3
f 4613/1/6 4615/1/6 4618/1/6 4616/1/6
f 4614/1/5 4617/1/5 4462/1/5 4460/1/5
f 4617/1/3 4616/1/3 4619/1/3 4620/1/3
f 4616/1/6 4618/1/6 4621/1/6 4619/1/6
f 4617/1/5 4620/1/5 4464/1/5 4462/1/5
f 4620/1/3 4619/1/3 4622/1/3 4623/1/3
f 4619/1/6 4621/1/6 4624/1/6 4622/1/6
f 4620/1/5 4623/1/5 4466/1/5 4464/1/5
f 4623/1/3 4622/1/3 4625/1/3 4626/1/3
f 4622/1/6 4624/1/6 4627/1/6 4625/1/6
f 4623/1/5 4626/1/5 4468/1/5 4466/1/5
f 4626/1/3 4625/1/3 4628/1/3 4629/1/3
f 4625/1/6 4627/1/6 4630/1/6 4628/1/6
f 4626/1/5 4629/1/5 4470/1/5 4468/1/5
f 4629/1/3 4628/1/3 4631/1/3 4438/1/3
f 4628/1/6 4630/1/6 4632/1/6 4631/1/6
f 4629/1/5 4438/1/5 4437/1/5 4470/1/5
f 4438/1/3 4631/1/3 4633/1/3 4439/1/3
f 4631/1/6 4632/1/6 4634/1/6 4633/1/6
f 4439/1/3 4633/1/3 4635/1/3 4442/1/3
f 4633/1/6 4634/1/6 4636/1/6 4635/1/6
f 4442/1/3 4635/1/3 4637/1/3 4445/1/3
f 4446/1/2 4638/1/2 4639/1/2 4447/1/2
f 4445/1/3 4637/1/3 4638/1/3 4446/1/3
f 4449/2/1 4448/2/1 4640/2/1 4641/2/1
f 4449/2/3 4641/2/3 4642/2/3 4450/2/3
f 4450/2/3 4642/2/3 4643/2/3 4451/2/3
f 4644/2/2 4645/2/2 4646/2/2 4647/2/2
f 4451/2/3 4643/2/3 4645/2/3 4644/2/3
f 4451/2/5 4644/2/5 4647/2/5 4452/2/5
f 4433/1/1 4453/1/1 4648/1/1 4600/1/1
f 4600/1/6 4648/1/6 4649/1/6 4603/1/6
f 4603/1/6 4649/1/6 4650/1/6 4606/1/6
f 4606/1/6 4650/1/6 4651/1/6 4609/1/6
f 4609/1/6 4651/1/6 4652/1/6 4612/1/6
f 4612/1/6 4652/1/6 4653/1/6 4615/1/6
f 4615/1/6 4653/1/6 4654/1/6 4618/1/6
f 4618/1/6 4654/1/6 4655/1/6 4621/1/6
f 4621/1/6 4655/1/6 4656/1/6 4624/1/6
f 4624/1/6 4656/1/6 4657/1/6 4627/1/6
f 4627/1/6 4657/1/6 4658/1/6 4630/1/6
f 4630/1/6 4658/1/6 4659/1/6 4632/1/6
f 4632/1/6 4659/1/6 4660/1/6 4634/1/6
f 4634/1/6 4660/1/6 4661/1/6 4636/1/6
f 4447/1/3 4639/1/3 4640/1/3 4448/1/3
f 4647/2/2 4646/2/2 4662/2/2 4474/2/2
f 4452/2/5 4647/2/5 4474/2/5 4472/2/5
f 4453/1/1 4473/1/1 4663/1/1 4648/1/1
f 4648/1/6 4663/1/6 4664/1/6 4649/1/6
f 4649/1/6 4664/1/6 4665/1/6 4650/1/6
f 4650/1/6 4665/1/6 4666/1/6 4651/1/6
f 4651/1/6 4666/1/6 4667/1/6 4652/1/6
f 4652/1/6 4667/1/6 4668/1/6 4653/1/6
f 4653/1/6 4668/1/6 4669/1/6 4654/1/6
f 4654/1/6 4669/1/6 4670/1/6 4655/1/6
f 4655/1/6 4670/1/6 4671/1/6 4656/1/6
f 4656/1/6 4671/1/6 4672/1/6 4657/1/6
f 4657/1/6 4672/1/6 4673/1/6 4658/1/6
f 4658/1/6 4673/1/6 4674/1/6 4659/1/6
f 4659/1/6 4674/1/6 4675/1/6 4660/1/6
f 4660/1/6 4675/1/6 4676/1/6 4661/1/6
f 4474/2/3 4662/2/3 4677/2/3 4475/2/3
f 4475/2/3 4677/2/3 4678/2/3 4476/2/3
f 4476/2/3 4678/2/3 4679/2/3 4477/2/3
f 4478/2/2 4680/2/2 4681/2/2 4479/2/2
f 4477/2/3 4679/2/3 4680/2/3 4478/2/3
f 4473/1/1 4480/1/1 4682/1/1 4663/1/1
f 4663/1/6 4682/1/6 4683/1/6 4664/1/6
f 4664/1/6 4683/1/6 4684/1/6 4665/1/6
f 4665/1/6 4684/1/6 4685/1/6 4666/1/6
f 4666/1/6 4685/1/6 4686/1/6 4667/1/6
f 4667/1/6 4686/1/6 4687/1/6 4668/1/6
f 4668/1/6 4687/1/6 4688/1/6 4669/1/6
f 4669/1/6 4688/1/6 4689/1/6 4670/1/6
f 4670/1/6 4689/1/6 4690/1/6 4671/1/6
f 4671/1/6 4690/1/6 4691/1/6 4672/1/6
f 4672/1/6 4691/1/6 4692/1/6 4673/1/6
f 4673/1/6 4692/1/6 4693/1/6 4674/1/6
f 4674/1/6 4693/1/6 4694/1/6 4675/1/6
f 4675/1/6 4694/1/6 4695/1/6 4676/1/6
f 4479/2/3 4681/2/3 4696/2/3 4481/2/3
f 4481/2/3 4696/2/3 4697/2/3 4482/2/3
f 4483/2/2 4698/2/2 4699/2/2 4484/2/2
f 4482/2/3 4697/2/3 4698/2/3 4483/2/3
f 4480/1/1 4485/1/1 4700/1/1 4682/1/1
f 4485/1/4 4486/1/4 4701/1/4 4700/1/4
f 4682/1/6 4700/1/6 4701/1/6 4683/1/6
f 4486/1/4 4487/1/4 4702/1/4 4701/1/4
f 4683/1/6 4701/1/6 4702/1/6 4684/1/6
f 4487/1/4 4488/1/4 4703/1/4 4702/1/4
f 4684/1/6 4702/1/6 4703/1/6 4685/1/6
f 4488/1/4 4489/1/4 4704/1/4 4703/1/4
f 4685/1/6 4703/1/6 4704/1/6 4686/1/6
f 4489/1/4 4490/1/4 4705/1/4 4704/1/4
f 4686/1/6 4704/1/6 4705/1/6 4687/1/6
f 4490/1/4 4491/1/4 4706/1/4 4705/1/4
f 4687/1/6 4705/1/6 4706/1/6 4688/1/6
f 4491/1/4 4492/1/4 4707/1/4 4706/1/4
f 4688/1/6 4706/1/6 4707/1/6 4689/1/6
f 4492/1/4 4493/1/4 4708/1/4 4707/1/4
f 4689/1/6 4707/1/6 4708/1/6 4690/1/6
f 4493/1/4 4494/1/4 4709/1/4 4708/1/4
f 4690/1/6 4708/1/6 4709/1/6 4691/1/6
f 4494/1/4 4495/1/4 4710/1/4 4709/1/4
f 4691/1/6 4709/1/6 4710/1/6 4692/1/6
f 4692/1/6 4710/1/6 4711/1/6 4693/1/6
f 4693/1/6 4711/1/6 4712/1/6 4694/1/6
f 4694/1/6 4712/1/6 4713/1/6 4695/1/6
f 4484/2/2 4699/2/2 4714/2/2 4496/2/2
f 4495/1/1 4497/1/1 4715/1/1 4710/1/1
f 4496/2/2 4714/2/2 4716/2/2 4498/2/2
f 4497/1/1 4499/1/1 4717/1/1 4715/1/1
f 4498/2/2 4716/2/2 4718/2/2 4500/2/2
f 4499/1/1 4501/1/1 4719/1/1 4717/1/1
f 4500/2/2 4718/2/2 4720/2/2 4502/2/2
f 4501/1/1 4503/1/1 4721/1/1 4719/1/1
f 4502/2/2 4720/2/2 4722/2/2 4504/2/2
f 4503/1/1 4505/1/1 4723/1/1 4721/1/1
f 4504/2/2 4722/2/2 4724/2/2 4506/2/2
f 4505/1/1 4507/1/1 4725/1/1 4723/1/1
f 4506/2/2 4724/2/2 4726/2/2 4508/2/2
f 4507/1/1 4509/1/1 4727/1/1 4725/1/1
f 4508/2/2 4726/2/2 4728/2/2 4510/2/2
f 4509/1/1 4511/1/1 4729/1/1 4727/1/1
f 4510/2/2 4728/2/2 4730/2/2 4512/2/2
f 4511/1/1 4513/1/1 4731/1/1 4729/1/1
f 4512/2/2 4730/2/2 4732/2/2 4514/2/2
f 4513/1/1 4516/1/1 4733/1/1 4731/1/1
f 4514/2/2 4732/2/2 4734/2/2 4517/2/2
f 4516/1/1 4519/1/1 4735/1/1 4733/1/1
f 4517/2/2 4734/2/2 4736/2/2 4520/2/2
f 4519/1/1 4522/1/1 4737/1/1 4735/1/1
f 4520/2/2 4736/2/2 4738/2/2 4523/2/2
f 4522/1/1 4525/1/1 4739/1/1 4737/1/1
f 4523/2/2 4738/2/2 4740/2/2 4526/2/2
f 4525/1/1 4527/1/1 4741/1/1 4739/1/1
f 4526/2/2 4740/2/2 4742/2/2 4528/2/2
f 4527/1/1 4529/1/1 4743/1/1 4741/1/1
f 4528/2/2 4742/2/2 4744/2/2 4530/2/2
f 4529/1/1 4531/1/1 4745/1/1 4743/1/1
f 4530/2/2 4744/2/2 4746/2/2 4532/2/2
f 4531/1/1 4533/1/1 4747/1/1 4745/1/1
f 4532/2/2 4746/2/2 4748/2/2 4534/2/2
f 4536/1/1 4535/1/1 4749/1/1 4750/1/1
f 4536/1/3 4750/1/3 4751/1/3 4537/1/3
f 4537/1/3 4751/1/3 4747/1/3 4533/1/3
f 4534/2/2 4748/2/2 4752/2/2 4538/2/2
f 4540/1/1 4539/1/1 4753/1/1 4754/1/1
f 4540/1/3 4754/1/3 4755/1/3 4541/1/3
f 4541/1/3 4755/1/3 4756/1/3 4542/1/3
f 4542/1/3 4756/1/3 4757/1/3 4543/1/3
f 4543/1/3 4757/1/3 4758/1/3 4544/1/3
f 4544/1/3 4758/1/3 4759/1/3 4545/1/3
f 4545/1/3 4759/1/3 4760/1/3 4546/1/3
f 4546/1/3 4760/1/3 4761/1/3 4547/1/3
f 4547/1/3 4761/1/3 4749/1/3 4535/1/3
f 4538/2/2 4752/2/2 4762/2/2 4548/2/2
f 4539/1/1 4549/1/1 4763/1/1 4753/1/1
f 4548/2/2 4762/2/2 4764/2/2 4550/2/2
f 4549/1/1 4551/1/1 4765/1/1 4763/1/1
f 4550/2/2 4764/2/2 4766/2/2 4552/2/2
f 4551/1/1 4553/1/1 4767/1/1 4765/1/1
f 4552/2/2 4766/2/2 4768/2/2 4554/2/2
f 4553/1/1 4555/1/1 4769/1/1 4767/1/1
f 4557/1/4 4556/1/4 4770/1/4 4771/1/4
f 4556/1/4 4558/1/4 4772/1/4 4770/1/4
f 4558/1/4 4559/1/4 4773/1/4 4772/1/4
f 4559/1/4 4560/1/4 4774/1/4 4773/1/4
f 4560/1/4 4561/1/4 4775/1/4 4774/1/4
f 4561/1/4 4562/1/4 4776/1/4 4775/1/4
f 4562/1/4 4563/1/4 4777/1/4 4776/1/4
f 4554/2/2 4768/2/2 4778/2/2 4564/2/2
f 4555/1/1 4565/1/1 4779/1/1 4769/1/1
f 4567/1/4 4566/1/4 4780/1/4 4781/1/4
f 4557/1/2 4771/1/2 4782/1/2 4568/1/2
f 4566/1/4 4568/1/4 4782/1/4 4780/1/4
f 4563/1/1 4569/1/1 4783/1/1 4777/1/1
f 4564/2/2 4778/2/2 4784/2/2 4570/2/2
f 4565/1/1 4571/1/1 4785/1/1 4779/1/1
f 4573/1/4 4572/1/4 4786/1/4 4787/1/4
f 4567/1/2 4781/1/2 4788/1/2 4574/1/2
f 4572/1/4 4574/1/4 4788/1/4 4786/1/4
f 4569/1/1 4575/1/1 4789/1/1 4783/1/1
f 4570/2/2 4784/2/2 4790/2/2 4576/2/2
f 4571/1/1 4577/1/1 4791/1/1 4785/1/1
f 4579/1/4 4578/1/4 4792/1/4 4793/1/4
f 4573/1/2 4787/1/2 4794/1/2 4580/1/2
f 4578/1/4 4580/1/4 4794/1/4 4792/1/4
f 4575/1/1 4581/1/1 4795/1/1 4789/1/1
f 4583/2/4 4582/2/4 4796/2/4 4797/2/4
f 4576/2/2 4790/2/2 4798/2/2 4584/2/2
f 4577/1/1 4585/1/1 4799/1/1 4791/1/1
f 4585/1/4 4586/1/4 4800/1/4 4799/1/4
f 4579/1/2 4793/1/2 4801/1/2 4587/1/2
f 4586/1/4 4587/1/4 4801/1/4 4800/1/4
f 4583/1/2 4797/1/2 4802/1/2 4588/1/2
f 4581/1/1 4589/1/1 4803/1/1 4795/1/1
f 4589/1/4 4588/1/4 4802/1/4 4803/1/4
f 4582/2/1 4590/2/1 4804/2/1 4796/2/1
f 4590/2/4 4591/2/4 4805/2/4 4804/2/4
f 4591/2/4 4592/2/4 4806/2/4 4805/2/4
f 4592/2/4 4593/2/4 4807/2/4 4806/2/4
f 4593/2/4 4594/2/4 4808/2/4 4807/2/4
f 4594/2/4 4595/2/4 4809/2/4 4808/2/4
f 4595/2/4 4596/2/4 4810/2/4 4809/2/4
f 4596/2/4 4597/2/4 4811/2/4 4810/2/4
f 4597/2/4 4598/2/4 4812/2/4 4811/2/4
f 4584/2/2 4798/2/2 4813/2/2 4599/2/2
f 4598/2/4 4599/2/4 4813/2/4 4812/2/4
f 4635/1/1 4636/1/1 4814/1/1 4815/1/1
f 4635/1/3 4815/1/3 4816/1/3 4637/1/3
f 4638/1/2 4817/1/2 4818/1/2 4639/1/2
f 4637/1/3 4816/1/3 4817/1/3 4638/1/3
f 4641/2/1 4640/2/1 4819/2/1 4820/2/1
f 4641/2/3 4820/2/3 4821/2/3 4642/2/3
f 4642/2/3 4821/2/3 4822/2/3 4643/2/3
f 4645/2/2 4823/2/2 4824/2/2 4646/2/2
f 4643/2/3 4822/2/3 4823/2/3 4645/2/3
f 4636/1/1 4661/1/1 4825/1/1 4814/1/1
f 4639/1/3 4818/1/3 4819/1/3 4640/1/3
f 4646/2/2 4824/2/2 4826/2/2 4662/2/2
f 4661/1/1 4676/1/1 4827/1/1 4825/1/1
f 4662/2/3 4826/2/3 4828/2/3 4677/2/3
f 4677/2/3 4828/2/3 4829/2/3 4678/2/3
f 4678/2/3 4829/2/3 4830/2/3 4679/2/3
f 4680/2/2 4831/2/2 4832/2/2 4681/2/2
f 4679/2/3 4830/2/3 4831/2/3 4680/2/3
f 4676/1/1 4695/1/1 4833/1/1 4827/1/1
f 4681/2/3 4832/2/3 4834/2/3 4696/2/3
f 4696/2/3 4834/2/3 4835/2/3 4697/2/3
f 4698/2/2 4836/2/2 4837/2/2 4699/2/2
f 4697/2/3 4835/2/3 4836/2/3 4698/2/3
f 4695/1/1 4713/1/1 4838/1/1 4833/1/1
f 4699/2/2 4837/2/2 4839/2/2 4714/2/2
f 4710/1/1 4715/1/1 4840/1/1 4841/1/1
f 4710/1/3 4841/1/3 4842/1/3 4711/1/3
f 4711/1/3 4842/1/3 4843/1/3 4712/1/3
f 4712/1/3 4843/1/3 4838/1/3 4713/1/3
f 4714/2/2 4839/2/2 4844/2/2 4716/2/2
f 4715/1/1 4717/1/1 4845/1/1 4840/1/1
f 4716/2/2 4844/2/2 4846/2/2 4718/2/2
f 4717/1/1 4719/1/1 4847/1/1 4845/1/1
f 4718/2/2 4846/2/2 4848/2/2 4720/2/2
f 4719/1/1 4721/1/1 4849/1/1 4847/1/1
f 4720/2/2 4848/2/2 4850/2/2 4722/2/2
f 4721/1/1 4723/1/1 4851/1/1 4849/1/1
f 4722/2/2 4850/2/2 4852/2/2 4724/2/2
f 4723/1/1 4725/1/1 4853/1/1 4851/1/1
f 4724/2/2 4852/2/2 4854/2/2 4726/2/2
f 4725/1/1 4727/1/1 4855/1/1 4853/1/1
f 4726/2/2 4854/2/2 4856/2/2 4728/2/2
f 4727/1/1 4729/1/1 4857/1/1 4855/1/1
f 4728/2/2 4856/2/2 4858/2/2 4730/2/2
f 4729/1/1 4731/1/1 4859/1/1 4857/1/1
f 4730/2/2 4858/2/2 4860/2/2 4732/2/2
f 4731/1/1 4733/1/1 4861/1/1 4859/1/1
f 4732/2/2 4860/2/2 4862/2/2 4734/2/2
f 4733/1/1 4735/1/1 4863/1/1 4861/1/1
f 4734/2/2 4862/2/2 4864/2/2 4736/2/2
f 4735/1/1 4737/1/1 4865/1/1 4863/1/1
f 4736/2/2 4864/2/2 4866/2/2 4738/2/2
f 4737/1/1 4739/1/1 4867/1/1 4865/1/1
f 4738/2/2 4866/2/2 4868/2/2 4740/2/2
f 4739/1/1 4741/1/1 4869/1/1 4867/1/1
f 4740/2/2 4868/2/2 4870/2/2 4742/2/2
f 4741/1/1 4743/1/1 4871/1/1 4869/1/1
f 4742/2/2 4870/2/2 4872/2/2 4744/2/2
f 4743/1/1 4745/1/1 4873/1/1 4871/1/1
f 4744/2/2 4872/2/2 4874/2/2 4746/2/2
f 4745/1/1 4747/1/1 4875/1/1 4873/1/1
f 4746/2/2 4874/2/2 4876/2/2 4748/2/2
f 4750/1/1 4749/1/1 4877/1/1 4878/1/1
f 4750/1/3 4878/1/3 4879/1/3 4751/1/3
f 4751/1/3 4879/1/3 4875/1/3 4747/1/3
f 4748/2/2 4876/2/2 4880/2/2 4752/2/2
f 4754/1/1 4753/1/1 4881/1/1 4882/1/1
f 4754/1/3 4882/1/3 4883/1/3 4755/1/3
f 4755/1/3 4883/1/3 4884/1/3 4756/1/3
f 4756/1/3 4884/1/3 4885/1/3 4757/1/3
f 4757/1/3 4885/1/3 4886/1/3 4758/1/3
f 4758/1/3 4886/1/3 4887/1/3 4759/1/3
f 4759/1/3 4887/1/3 4888/1/3 4760/1/3
f 4760/1/3 4888/1/3 4889/1/3 4761/1/3
f 4761/1/3 4889/1/3 4877/1/3 4749/1/3
f 4752/2/2 4880/2/2 4890/2/2 4762/2/2
f 4753/1/1 4763/1/1 4891/1/1 4881/1/1
f 4762/2/2 4890/2/2 4892/2/2 4764/2/2
f 4763/1/1 4765/1/1 4893/1/1 4891/1/1
f 4764/2/2 4892/2/2 4894/2/2 4766/2/2
f 4765/1/1 4767/1/1 4895/1/1 4893/1/1
f 4766/2/2 4894/2/2 4896/2/2 4768/2/2
f 4767/1/1 4769/1/1 4897/1/1 4895/1/1
f 4771/1/4 4770/1/4 4898/1/4 4899/1/4
f 4770/1/4 4772/1/4 4900/1/4 4898/1/4
f 4772/1/4 4773/1/4 4901/1/4 4900/1/4
f 4773/1/4 4774/1/4 4902/1/4 4901/1/4
f 4774/1/4 4775/1/4 4903/1/4 4902/1/4
f 4775/1/4 4776/1/4 4904/1/4 4903/1/4
f 4776/1/4 4777/1/4 4905/1/4 4904/1/4
f 4768/2/2 4896/2/2 4906/2/2 4778/2/2
f 4769/1/1 4779/1/1 4907/1/1 4897/1/1
f 4781/1/4 4780/1/4 4908/1/4 4909/1/4
f 4771/1/2 4899/1/2 4910/1/2 4782/1/2
f 4780/1/4 4782/1/4 4910/1/4 4908/1/4
f 4777/1/1 4783/1/1 4911/1/1 4905/1/1
f 4778/2/2 4906/2/2 4912/2/2 4784/2/2
f 4779/1/1 4785/1/1 4913/1/1 4907/1/1
f 4787/1/4 4786/1/4 4914/1/4 4915/1/4
f 4781/1/2 4909/1/2 4916/1/2 4788/1/2
f 4786/1/4 4788/1/4 4916/1/4 4914/1/4
f 4783/1/1 4789/1/1 4917/1/1 4911/1/1
f 4784/2/2 4912/2/2 4918/2/2 4790/2/2
f 4785/1/1 4791/1/1 4919/1/1 4913/1/1
f 4793/1/4 4792/1/4 4920/1/4 4921/1/4
f 4787/1/2 4915/1/2 4922/1/2 4794/1/2
f 4792/1/4 4794/1/4 4922/1/4 4920/1/4
f 4789/1/1 4795/1/1 4923/1/1 4917/1/1
f 4797/2/4 4796/2/4 4924/2/4 4925/2/4
f 4790/2/2 4918/2/2 4926/2/2 4798/2/2
f 4791/1/1 4799/1/1 4927/1/1 4919/1/1
f 4799/1/4 4800/1/4 4928/1/4 4927/1/4
f 4793/1/2 4921/1/2 4929/1/2 4801/1/2
f 4800/1/4 4801/1/4 4929/1/4 4928/1/4
f 4797/1/2 4925/1/2 4930/1/2 4802/1/2
f 4795/1/1 4803/1/1 4931/1/1 4923/1/1
f 4803/1/4 4802/1/4 4930/1/4 4931/1/4
f 4796/2/1 4804/2/1 4932/2/1 4924/2/1
f 4804/2/4 4805/2/4 4933/2/4 4932/2/4
f 4805/2/4 4806/2/4 4934/2/4 4933/2/4
f 4806/2/4 4807/2/4 4935/2/4 4934/2/4
f 4807/2/4 4808/2/4 4936/2/4 4935/2/4
f 4808/2/4 4809/2/4 4937/2/4 4936/2/4
f 4809/2/4 4810/2/4 4938/2/4 4937/2/4
f 4810/2/4 4811/2/4 4939/2/4 4938/2/4
f 4811/2/4 4812/2/4 4940/2/4 4939/2/4
f 4798/2/2 4926/2/2 4941/2/2 4813/2/2
f 4812/2/4 4813/2/4 4941/2/4 4940/2/4
f 4815/1/1 4814/1/1 4942/1/1 4943/1/1
f 4815/1/3 4943/1/3 4944/1/3 4816/1/3
f 4817/1/2 4945/1/2 4946/1/2 4818/1/2
f 4816/1/3 4944/1/3 4945/1/3 4817/1/3
f 4820/2/1 4819/2/1 4947/2/1 4948/2/1
f 4820/2/3 4948/2/3 4949/2/3 4821/2/3
f 4821/2/3 4949/2/3 4950/2/3 4822/2/3
f 4823/2/2 4951/2/2 4952/2/2 4824/2/2
f 4822/2/3 4950/2/3 4951/2/3 4823/2/3
f 4814/1/1 4825/1/1 4953/1/1 4942/1/1
f 4818/1/3 4946/1/3 4947/1/3 4819/1/3
f 4824/2/2 4952/2/2 4954/2/2 4826/2/2
f 4825/1/1 4827/1/1 4955/1/1 4953/1/1
f 4826/2/3 4954/2/3 4956/2/3 4828/2/3
f 4828/2/3 4956/2/3 4957/2/3 4829/2/3
f 4829/2/3 4957/2/3 4958/2/3 4830/2/3
f 4831/2/2 4959/2/2 4960/2/2 4832/2/2
f 4830/2/3 4958/2/3 4959/2/3 4831/2/3
f 4827/1/1 4833/1/1 4961/1/1 4955/1/1
f 4832/2/3 4960/2/3 4962/2/3 4834/2/3
f 4834/2/3 4962/2/3 4963/2/3 4835/2/3
f 4836/2/2 4964/2/2 4965/2/2 4837/2/2
f 4835/2/3 4963/2/3 4964/2/3 4836/2/3
f 4833/1/1 4838/1/1 4966/1/1 4961/1/1
f 4837/2/2 4965/2/2 4967/2/2 4839/2/2
f 4841/1/1 4840/1/1 4968/1/1 4969/1/1
f 4841/1/3 4969/1/3 4970/1/3 4842/1/3
f 4842/1/3 4970/1/3 4971/1/3 4843/1/3
f 4843/1/3 4971/1/3 4966/1/3 4838/1/3
f 4839/2/2 4967/2/2 4972/2/2 4844/2/2
f 4840/1/1 4845/1/1 4973/1/1 4968/1/1
f 4844/2/2 4972/2/2 4974/2/2 4846/2/2
f 4845/1/1 4847/1/1 4975/1/1 4973/1/1
f 4846/2/2 4974/2/2 4976/2/2 4848/2/2
f 4847/1/1 4849/1/1 4977/1/1 4975/1/1
f 4848/2/2 4976/2/2 4978/2/2 4850/2/2
f 4849/1/1 4851/1/1 4979/1/1 4977/1/1
f 4850/2/2 4978/2/2 4980/2/2 4852/2/2
f 4851/1/1 4853/1/1 4981/1/1 4979/1/1
f 4852/2/2 4980/2/2 4982/2/2 4854/2/2
f 4853/1/1 4855/1/1 4983/1/1 4981/1/1
f 4854/2/2 4982/2/2 4984/2/2 4856/2/2
f 4855/1/1 4857/1/1 4985/1/1 4983/1/1
f 4856/2/2 4984/2/2 4986/2/2 4858/2/2
f 4857/1/1 4859/1/1 4987/1/1 4985/1/1
f 4858/2/2 4986/2/2 4988/2/2 4860/2/2
f 4859/1/1 4861/1/1 4989/1/1 4987/1/1
f 4860/2/2 4988/2/2 4990/2/2 4862/2/2
f 4861/1/1 4863/1/1 4991/1/1 4989/1/1
f 4862/2/2 4990/2/2 4992/2/2 4864/2/2
f 4863/1/1 4865/1/1 4993/1/1 4991/1/1
f 4864/2/2 4992/2/2 4994/2/2 4866/2/2
f 4865/1/1 4867/1/1 4995/1/1 4993/1/1
f 4866/2/2 4994/2/2 4996/2/2 4868/2/2
f 4867/1/1 4869/1/1 4997/1/1 4995/1/1
f 4868/2/2 4996/2/2 4998/2/2 4870/2/2
f 4869/1/1 4871/1/1 4999/1/1 4997/1/1
f 4870/2/2 4998/2/2 5000/2/2 4872/2/2
f 4871/1/1 4873/1/1 5001/1/1 4999/1/1
f 4872/2/2 5000/2/2 5002/2/2 4874/2/2
f 4873/1/1 4875/1/1 5003/1/1 5001/1/1
f 4874/2/2 5002/2/2 5004/2/2 4876/2/2
f 4878/1/1 4877/1/1 5005/1/1 5006/1/1
f 4878/1/3 5006/1/3 5007/1/3 4879/1/3
f 4879/1/3 5007/1/3 5003/1/3 4875/1/3
f 4876/2/2 5004/2/2 5008/2/2 4880/2/2
f 4882/1/1 4881/1/1 5009/1/1 5010/1/1
f 4882/1/3 5010/1/3 5011/1/3 4883/1/3
f 4883/1/3 5011/1/3 5012/1/3 4884/1/3
f 4884/1/3 5012/1/3 5013/1/3 4885/1/3
f 4885/1/3 5013/1/3 5014/1/3 4886/1/3
f 4886/1/3 5014/1/3 5015/1/3 4887/1/3
f 4887/1/3 5015/1/3 5016/1/3 4888/1/3
f 4888/1/3 5016/1/3 5017/1/3 4889/1/3
f 4889/1/3 5017/1/3 5005/1/3 4877/1/3
f 4880/2/2 5008/2/2 5018/2/2 4890/2/2
f 4881/1/1 4891/1/1 5019/1/1 5009/1/1
f 4890/2/2 5018/2/2 5020/2/2 4892/2/2
f 4891/1/1 4893/1/1 5021/1/1 5019/1/1
f 5022/1/6 5023/1/6 5024/1/6 5025/1/6
f 5025/1/6 5024/1/6 5026/1/6 5027/1/6
f 4892/2/2 5020/2/2 5028/2/2 4894/2/2
f 4893/1/1 4895/1/1 5029/1/1 5021/1/1
f 5023/1/6 5030/1/6 5031/1/6 5024/1/6
f 5024/1/6 5031/1/6 5032/1/6 5026/1/6
f 4894/2/2 5028/2/2 5033/2/2 4896/2/2
f 4895/1/1 4897/1/1 5034/1/1 5029/1/1
f 4896/2/2 5033/2/2 5035/2/2 4906/2/2
f 4897/1/1 4907/1/1 5036/1/1 5034/1/1
f 4909/1/4 4908/1/4 5037/1/4 5038/1/4
f 4908/1/4 4910/1/4 5039/1/4 5037/1/4
f 4910/1/4 5040/1/4 5041/1/4 5039/1/4
f 4899/1/5 4898/1/5 5040/1/5 4910/1/5
f 5040/1/4 5042/1/4 5043/1/4 5041/1/4
f 4898/1/5 4900/1/5 5042/1/5 5040/1/5
f 5042/1/4 5044/1/4 5045/1/4 5043/1/4
f 4900/1/5 4901/1/5 5044/1/5 5042/1/5
f 5044/1/4 5046/1/4 5047/1/4 5045/1/4
f 4901/1/5 4902/1/5 5046/1/5 5044/1/5
f 5046/1/4 5048/1/4 5049/1/4 5047/1/4
f 4902/1/5 4903/1/5 5048/1/5 5046/1/5
f 5048/1/4 5050/1/4 5051/1/4 5049/1/4
f 4903/1/5 4904/1/5 5050/1/5 5048/1/5
f 5050/1/4 4911/1/4 5052/1/4 5051/1/4
f 4904/1/5 4905/1/5 4911/1/5 5050/1/5
f 4906/2/2 5035/2/2 5053/2/2 4912/2/2
f 4907/1/1 4913/1/1 5054/1/1 5036/1/1
f 4915/1/4 4914/1/4 5055/1/4 5056/1/4
f 4909/1/2 5038/1/2 5057/1/2 4916/1/2
f 4914/1/4 4916/1/4 5057/1/4 5055/1/4
f 4911/1/1 4917/1/1 5058/1/1 5052/1/1
f 4912/2/2 5053/2/2 5059/2/2 4918/2/2
f 4913/1/1 4919/1/1 5060/1/1 5054/1/1
f 4921/1/4 4920/1/4 5061/1/4 5062/1/4
f 4915/1/2 5056/1/2 5063/1/2 4922/1/2
f 4920/1/4 4922/1/4 5063/1/4 5061/1/4
f 4917/1/1 4923/1/1 5064/1/1 5058/1/1
f 4925/2/4 4924/2/4 5065/2/4 5066/2/4
f 4918/2/2 5059/2/2 5067/2/2 4926/2/2
f 4919/1/1 4927/1/1 5068/1/1 5060/1/1
f 4927/1/4 4928/1/4 5069/1/4 5068/1/4
f 4921/1/2 5062/1/2 5070/1/2 4929/1/2
f 4928/1/4 4929/1/4 5070/1/4 5069/1/4
f 4925/1/2 5066/1/2 5071/1/2 4930/1/2
f 4923/1/1 4931/1/1 5072/1/1 5064/1/1
f 4931/1/4 4930/1/4 5071/1/4 5072/1/4
f 4924/2/1 4932/2/1 5073/2/1 5065/2/1
f 4932/2/4 4933/2/4 5074/2/4 5073/2/4
f 4933/2/4 4934/2/4 5075/2/4 5074/2/4
f 4934/2/4 4935/2/4 5076/2/4 5075/2/4
f 4935/2/4 4936/2/4 5077/2/4 5076/2/4
f 4936/2/4 4937/2/4 5078/2/4 5077/2/4
f 4937/2/4 4938/2/4 5079/2/4 5078/2/4
f 4938/2/4 4939/2/4 5080/2/4 5079/2/4
f 4939/2/4 4940/2/4 5081/2/4 5080/2/4
f 4926/2/2 5067/2/2 5082/2/2 4941/2/2
f 4940/2/4 4941/2/4 5082/2/4 5081/2/4
f 4943/1/1 4942/1/1 5083/1/1 5084/1/1
f 4943/1/3 5084/1/3 5085/1/3 4944/1/3
f 4945/1/2 5086/1/2 5087/1/2 4946/1/2
f 4944/1/3 5085/1/3 5086/1/3 4945/1/3
f 4948/2/1 4947/2/1 5088/2/1 5089/2/1
f 4948/2/3 5089/2/3 5090/2/3 4949/2/3
f 4949/2/3 5090/2/3 5091/2/3 4950/2/3
f 4951/2/2 5092/2/2 5093/2/2 4952/2/2
f 4950/2/3 5091/2/3 5092/2/3 4951/2/3
f 4942/1/1 4953/1/1 5094/1/1 5083/1/1
f 4946/1/3 5087/1/3 5088/1/3 4947/1/3
f 4952/2/2 5093/2/2 5095/2/2 4954/2/2
f 4953/1/1 4955/1/1 5096/1/1 5094/1/1
f 4954/2/3 5095/2/3 5097/2/3 4956/2/3
f 4956/2/3 5097/2/3 5098/2/3 4957/2/3
f 4957/2/3 5098/2/3 5099/2/3 4958/2/3
f 4959/2/2 5100/2/2 5101/2/2 4960/2/2
f 4958/2/3 5099/2/3 5100/2/3 4959/2/3
f 4955/1/1 4961/1/1 5102/1/1 5096/1/1
f 4960/2/3 5101/2/3 5103/2/3 4962/2/3
f 4962/2/3 5103/2/3 5104/2/3 4963/2/3
f 4964/2/2 5105/2/2 5106/2/2 4965/2/2
f 4963/2/3 5104/2/3 5105/2/3 4964/2/3
f 4961/1/1 4966/1/1 5107/1/1 5102/1/1
f 4965/2/2 5106/2/2 5108/2/2 4967/2/2
f 4969/1/1 4968/1/1 5109/1/1 5110/1/1
f 4969/1/3 5110/1/3 5111/1/3 4970/1/3
f 4970/1/3 5111/1/3 5112/1/3 4971/1/3
f 4971/1/3 5112/1/3 5107/1/3 4966/1/3
f 4967/2/2 5108/2/2 5113/2/2 4972/2/2
f 4968/1/1 4973/1/1 5114/1/1 5109/1/1
f 4972/2/2 5113/2/2 5115/2/2 4974/2/2
f 4973/1/1 4975/1/1 5116/1/1 5114/1/1
f 4974/2/2 5115/2/2 5117/2/2 4976/2/2
f 4975/1/1 4977/1/1 5118/1/1 5116/1/1
f 4976/2/2 5117/2/2 5119/2/2 4978/2/2
f 4977/1/1 4979/1/1 5120/1/1 5118/1/1
f 4978/2/2 5119/2/2 5121/2/2 4980/2/2
f 4979/1/1 4981/1/1 5122/1/1 5120/1/1
f 4980/2/2 5121/2/2 5123/2/2 4982/2/2
f 4981/1/1 4983/1/1 5124/1/1 5122/1/1
f 4982/2/2 5123/2/2 5125/2/2 4984/2/2
f 4983/1/1 4985/1/1 5126/1/1 5124/1/1
f 4984/2/2 5125/2/2 5127/2/2 4986/2/2
f 4985/1/1 4987/1/1 5128/1/1 5126/1/1
f 4986/2/2 5127/2/2 5129/2/2 4988/2/2
f 4987/1/1 4989/1/1 5130/1/1 5128/1/1
f 4988/2/2 5129/2/2 5131/2/2 4990/2/2
f 4989/1/1 4991/1/1 5132/1/1 5130/1/1
f 4990/2/2 5131/2/2 5133/2/2 4992/2/2
f 4991/1/1 4993/1/1 5134/1/1 5132/1/1
f 4992/2/2 5133/2/2 5135/2/2 4994/2/2
f 4993/1/1 4995/1/1 5136/1/1 5134/1/1
f 4994/2/2 5135/2/2 5137/2/2 4996/2/2
f 4995/1/1 4997/1/1 5138/1/1 5136/1/1
f 4996/2/2 5137/2/2 5139/2/2 4998/2/2
f 4997/1/1 4999/1/1 5140/1/1 5138/1/1
f 4998/2/2 5139/2/2 5141/2/2 5000/2/2
f 4999/1/1 5001/1/1 5142/1/1 5140/1/1
f 5000/2/2 5141/2/2 5143/2/2 5002/2/2
f 5001/1/1 5003/1/1 5144/1/1 5142/1/1
f 5002/2/2 5143/2/2 5145/2/2 5004/2/2
f 5006/1/1 5005/1/1 5146/1/1 5147/1/1
f 5006/1/3 5147/1/3 5148/1/3 5007/1/3
f 5007/1/3 5148/1/3 5144/1/3 5003/1/3
f 5004/2/2 5145/2/2 5149/2/2 5008/2/2
f 5010/1/1 5009/1/1 5150/1/1 5151/1/1
f 5010/1/3 5151/1/3 5152/1/3 5011/1/3
f 5011/1/3 5152/1/3 5153/1/3 5012/1/3
f 5012/1/3 5153/1/3 5154/1/3 5013/1/3
f 5013/1/3 5154/1/3 5155/1/3 5014/1/3
f 5014/1/3 5155/1/3 5156/1/3 5015/1/3
f 5015/1/3 5156/1/3 5157/1/3 5016/1/3
f 5016/1/3 5157/1/3 5158/1/3 5017/1/3
f 5017/1/3 5158/1/3 5146/1/3 5005/1/3
f 5008/2/2 5149/2/2 5159/2/2 5018/2/2
f 5009/1/1 5019/1/1 5160/1/1 5150/1/1
f 5022/1/4 5025/1/4 5161/1/4 5162/1/4
f 5025/1/4 5027/1/4 5163/1/4 5161/1/4
f 5018/2/2 5159/2/2 5164/2/2 5020/2/2
f 5019/1/1 5021/1/1 5165/1/1 5160/1/1
f 5022/1/2 5162/1/2 5166/1/2 5023/1/2
f 5027/1/1 5026/1/1 5167/1/1 5163/1/1
f 5020/2/2 5164/2/2 5168/2/2 5028/2/2
f 5021/1/1 5029/1/1 5169/1/1 5165/1/1
f 5023/1/2 5166/1/2 5170/1/2 5030/1/2
f 5026/1/1 5032/1/1 5171/1/1 5167/1/1
f 5028/2/2 5168/2/2 5172/2/2 5033/2/2
f 5029/1/1 5034/1/1 5173/1/1 5169/1/1
f 5030/1/3 5170/1/3 5174/1/3 5031/1/3
f 5170/1/6 5175/1/6 5176/1/6 5174/1/6
f 5031/1/3 5174/1/3 5171/1/3 5032/1/3
f 5174/1/6 5176/1/6 5177/1/6 5171/1/6
f 5033/2/2 5172/2/2 5178/2/2 5035/2/2
f 5034/1/1 5036/1/1 5179/1/1 5173/1/1
f 5038/1/4 5037/1/4 5180/1/4 5181/1/4
f 5037/1/4 5039/1/4 5182/1/4 5180/1/4
f 5039/1/4 5041/1/4 5183/1/4 5182/1/4
f 5041/1/4 5043/1/4 5184/1/4 5183/1/4
f 5043/1/4 5045/1/4 5185/1/4 5184/1/4
f 5045/1/4 5047/1/4 5186/1/4 5185/1/4
f 5047/1/4 5049/1/4 5187/1/4 5186/1/4
f 5049/1/4 5051/1/4 5188/1/4 5187/1/4
f 5051/1/4 5052/1/4 5189/1/4 5188/1/4
f 5035/2/2 5178/2/2 5190/2/2 5053/2/2
f 5036/1/1 5054/1/1 5191/1/1 5179/1/1
f 5192/1/6 5193/1/6 5194/1/6 5195/1/6
f 5056/1/4 5055/1/4 5196/1/4 5197/1/4
f 5038/1/2 5181/1/2 5198/1/2 5057/1/2
f 5055/1/4 5057/1/4 5198/1/4 5196/1/4
f 5052/1/1 5058/1/1 5199/1/1 5189/1/1
f 5053/2/2 5190/2/2 5200/2/2 5059/2/2
f 5054/1/1 5060/1/1 5201/1/1 5191/1/1
f 5062/1/4 5061/1/4 5202/1/4 5203/1/4
f 5056/1/2 5197/1/2 5204/1/2 5063/1/2
f 5061/1/4 5063/1/4 5204/1/4 5202/1/4
f 5058/1/1 5064/1/1 5205/1/1 5199/1/1
f 5066/2/4 5065/2/4 5206/2/4 5207/2/4
f 5059/2/2 5200/2/2 5208/2/2 5067/2/2
f 5060/1/1 5068/1/1 5209/1/1 5201/1/1
f 5068/1/4 5069/1/4 5210/1/4 5209/1/4
f 5062/1/2 5203/1/2 5211/1/2 5070/1/2
f 5069/1/4 5070/1/4 5211/1/4 5210/1/4
f 5066/1/2 5207/1/2 5212/1/2 5071/1/2
f 5064/1/1 5072/1/1 5213/1/1 5205/1/1
f 5072/1/4 5071/1/4 5212/1/4 5213/1/4
f 5065/2/1 5073/2/1 5214/2/1 5206/2/1
f 5073/2/4 5074/2/4 5215/2/4 5214/2/4
f 5074/2/4 5075/2/4 5216/2/4 5215/2/4
f 5075/2/4 5076/2/4 5217/2/4 5216/2/4
f 5076/2/4 5077/2/4 5218/2/4 5217/2/4
f 5077/2/4 5078/2/4 5219/2/4 5218/2/4
f 5078/2/4 5079/2/4 5220/2/4 5219/2/4
f 5079/2/4 5080/2/4 5221/2/4 5220/2/4
f 5080/2/4 5081/2/4 5222/2/4 5221/2/4
f 5067/2/2 5208/2/2 5223/2/2 5082/2/2
f 5081/2/4 5082/2/4 5223/2/4 5222/2/4
f 5084/1/1 5083/1/1 5224/1/1 5225/1/1
f 5084/1/3 5225/1/3 5226/1/3 5085/1/3
f 5086/1/2 5227/1/2 5228/1/2 5087/1/2
f 5085/1/3 5226/1/3 5227/1/3 5086/1/3
f 5089/2/1 5088/2/1 5229/2/1 5230/2/1
f 5089/2/3 5230/2/3 5231/2/3 5090/2/3
f 5090/2/3 5231/2/3 5232/2/3 5091/2/3
f 5092/2/2 5233/2/2 5234/2/2 5093/2/2
f 5091/2/3 5232/2/3 5233/2/3 5092/2/3
f 5083/1/1 5094/1/1 5235/1/1 5224/1/1
f 5087/1/3 5228/1/3 5229/1/3 5088/1/3
f 5093/2/2 5234/2/2 5236/2/2 5095/2/2
f 5094/1/1 5096/1/1 5237/1/1 5235/1/1
f 5095/2/3 5236/2/3 5238/2/3 5097/2/3
f 5097/2/3 5238/2/3 5239/2/3 5098/2/3
f 5098/2/3 5239/2/3 5240/2/3 5099/2/3
f 5100/2/2 5241/2/2 5242/2/2 5101/2/2
f 5099/2/3 5240/2/3 5241/2/3 5100/2/3
f 5096/1/1 5102/1/1 5243/1/1 5237/1/1
f 5101/2/3 5242/2/3 5244/2/3 5103/2/3
f 5103/2/3 5244/2/3 5245/2/3 5104/2/3
f 5105/2/2 5246/2/2 5247/2/2 5106/2/2
f 5104/2/3 5245/2/3 5246/2/3 5105/2/3
f 5102/1/1 5107/1/1 5248/1/1 5243/1/1
f 5106/2/2 5247/2/2 5249/2/2 5108/2/2
f 5110/1/1 5109/1/1 5250/1/1 5251/1/1
f 5110/1/3 5251/1/3 5252/1/3 5111/1/3
f 5111/1/3 5252/1/3 5253/1/3 5112/1/3
f 5112/1/3 5253/1/3 5248/1/3 5107/1/3
f 5108/2/2 5249/2/2 5254/2/2 5113/2/2
f 5109/1/1 5114/1/1 5255/1/1 5250/1/1
f 5113/2/2 5254/2/2 5256/2/2 5115/2/2
f 5114/1/1 5116/1/1 5257/1/1 5255/1/1
f 5115/2/2 5256/2/2 5258/2/2 5117/2/2
f 5116/1/1 5118/1/1 5259/1/1 5257/1/1
f 5117/2/2 5258/2/2 5260/2/2 5119/2/2
f 5118/1/1 5120/1/1 5261/1/1 5259/1/1
f 5119/2/2 5260/2/2 5262/2/2 5121/2/2
f 5120/1/1 5122/1/1 5263/1/1 5261/1/1
f 5264/2/6 5265/2/6 5266/2/6 5267/2/6
f 5121/2/2 5262/2/2 5268/2/2 5123/2/2
f 5122/1/1 5124/1/1 5269/1/1 5263/1/1
f 5265/2/6 5270/2/6 5271/2/6 5266/2/6
f 5123/2/2 5268/2/2 5272/2/2 5125/2/2
f 5124/1/1 5126/1/1 5273/1/1 5269/1/1
f 5270/2/6 5274/2/6 5275/2/6 5271/2/6
f 5125/2/2 5272/2/2 5276/2/2 5127/2/2
f 5126/1/1 5128/1/1 5277/1/1 5273/1/1
f 5274/2/6 5278/2/6 5279/2/6 5275/2/6
f 5127/2/2 5276/2/2 5280/2/2 5129/2/2
f 5128/1/1 5130/1/1 5281/1/1 5277/1/1
f 5278/2/6 5282/2/6 5283/2/6 5279/2/6
f 5129/2/2 5280/2/2 5284/2/2 5131/2/2
f 5130/1/1 5132/1/1 5285/1/1 5281/1/1
f 5282/2/6 5286/2/6 5287/2/6 5283/2/6
f 5131/2/2 5284/2/2 5288/2/2 5133/2/2
f 5132/1/1 5134/1/1 5289/1/1 5285/1/1
f 5286/2/6 5290/2/6 5291/2/6 5287/2/6
f 5133/2/2 5288/2/2 5292/2/2 5135/2/2
f 5134/1/1 5136/1/1 5293/1/1 5289/1/1
f 5290/2/6 5294/2/6 5295/2/6 5291/2/6
f 5135/2/2 5292/2/2 5296/2/2 5137/2/2
f 5136/1/1 5138/1/1 5297/1/1 5293/1/1
f 5294/2/6 5298/2/6 5299/2/6 5295/2/6
f 5137/2/2 5296/2/2 5300/2/2 5139/2/2
f 5138/1/1 5140/1/1 5301/1/1 5297/1/1
f 5139/2/2 5300/2/2 5302/2/2 5141/2/2
f 5140/1/1 5142/1/1 5303/1/1 5301/1/1
f 5141/2/2 5302/2/2 5304/2/2 5143/2/2
f 5142/1/1 5144/1/1 5305/1/1 5303/1/1
f 5303/1/6 5305/1/6 5306/1/6 5307/1/6
f 5143/2/2 5304/2/2 5308/2/2 5145/2/2
f 5309/1/1 5154/1/1 5310/1/1 5311/1/1
f 5309/1/3 5311/1/3 5312/1/3 5313/1/3
f 5311/1/6 5310/1/6 5314/1/6 5312/1/6
f 5309/1/5 5313/1/5 5155/1/5 5154/1/5
f 5313/1/3 5312/1/3 5315/1/3 5316/1/3
f 5312/1/6 5314/1/6 5317/1/6 5315/1/6
f 5313/1/5 5316/1/5 5156/1/5 5155/1/5
f 5316/1/3 5315/1/3 5318/1/3 5319/1/3
f 5315/1/6 5317/1/6 5320/1/6 5318/1/6
f 5316/1/5 5319/1/5 5157/1/5 5156/1/5
f 5319/1/3 5318/1/3 5321/1/3 5322/1/3
f 5318/1/6 5320/1/6 5323/1/6 5321/1/6
f 5319/1/5 5322/1/5 5158/1/5 5157/1/5
f 5322/1/3 5321/1/3 5324/1/3 5147/1/3
f 5321/1/6 5323/1/6 5325/1/6 5324/1/6
f 5322/1/5 5147/1/5 5146/1/5 5158/1/5
f 5147/1/3 5324/1/3 5326/1/3 5148/1/3
f 5324/1/6 5325/1/6 5327/1/6 5326/1/6
f 5148/1/3 5326/1/3 5305/1/3 5144/1/3
f 5326/1/6 5327/1/6 5328/1/6 5305/1/6
f 5305/1/6 5328/1/6 5329/1/6 5306/1/6
f 5145/2/2 5308/2/2 5330/2/2 5149/2/2
f 5151/1/1 5150/1/1 5331/1/1 5332/1/1
f 5151/1/3 5332/1/3 5333/1/3 5152/1/3
f 5332/1/6 5331/1/6 5334/1/6 5333/1/6
f 5152/1/3 5333/1/3 5335/1/3 5153/1/3
f 5333/1/6 5334/1/6 5336/1/6 5335/1/6
f 5153/1/3 5335/1/3 5310/1/3 5154/1/3
f 5335/1/6 5336/1/6 5337/1/6 5310/1/6
f 5310/1/6 5337/1/6 5338/1/6 5314/1/6
f 5314/1/6 5338/1/6 5339/1/6 5317/1/6
f 5317/1/6 5339/1/6 5340/1/6 5320/1/6
f 5320/1/6 5340/1/6 5341/1/6 5323/1/6
f 5323/1/6 5341/1/6 5342/1/6 5325/1/6
f 5325/1/6 5342/1/6 5343/1/6 5327/1/6
f 5327/1/6 5343/1/6 5344/1/6 5328/1/6
f 5328/1/6 5344/1/6 5345/1/6 5329/1/6
f 5149/2/2 5330/2/2 5346/2/2 5159/2/2
f 5150/1/1 5160/1/1 5347/1/1 5331/1/1
f 5331/1/6 5347/1/6 5348/1/6 5334/1/6
f 5334/1/6 5348/1/6 5349/1/6 5336/1/6
f 5162/1/4 5161/1/4 5350/1/4 5349/1/4
f 5336/1/6 5349/1/6 5350/1/6 5337/1/6
f 5161/1/4 5163/1/4 5351/1/4 5350/1/4
f 5337/1/6 5350/1/6 5351/1/6 5338/1/6
f 5338/1/6 5351/1/6 5352/1/6 5339/1/6
f 5339/1/6 5352/1/6 5353/1/6 5340/1/6
f 5340/1/6 5353/1/6 5354/1/6 5341/1/6
f 5341/1/6 5354/1/6 5355/1/6 5342/1/6
f 5342/1/6 5355/1/6 5356/1/6 5343/1/6
f 5343/1/6 5356/1/6 5357/1/6 5344/1/6
f 5344/1/6 5357/1/6 5358/1/6 5345/1/6
f 5159/2/2 5346/2/2 5359/2/2 5164/2/2
f 5160/1/1 5165/1/1 5360/1/1 5347/1/1
f 5347/1/6 5360/1/6 5361/1/6 5348/1/6
f 5162/1/2 5349/1/2 5362/1/2 5166/1/2
f 5348/1/6 5361/1/6 5362/1/6 5349/1/6
f 5163/1/1 5167/1/1 5363/1/1 5351/1/1
f 5351/1/6 5363/1/6 5364/1/6 5352/1/6
f 5352/1/6 5364/1/6 5365/1/6 5353/1/6
f 5353/1/6 5365/1/6 5366/1/6 5354/1/6
f 5354/1/6 5366/1/6 5367/1/6 5355/1/6
f 5355/1/6 5367/1/6 5368/1/6 5356/1/6
f 5356/1/6 5368/1/6 5369/1/6 5357/1/6
f 5357/1/6 5369/1/6 5370/1/6 5358/1/6
f 5164/2/2 5359/2/2 5371/2/2 5168/2/2
f 5165/1/1 5169/1/1 5372/1/1 5360/1/1
f 5360/1/6 5372/1/6 5373/1/6 5361/1/6
f 5166/1/2 5362/1/2 5374/1/2 5170/1/2
f 5361/1/6 5373/1/6 5374/1/6 5362/1/6
f 5167/1/1 5171/1/1 5375/1/1 5363/1/1
f 5363/1/6 5375/1/6 5376/1/6 5364/1/6
f 5364/1/6 5376/1/6 5377/1/6 5365/1/6
f 5365/1/6 5377/1/6 5378/1/6 5366/1/6
f 5366/1/6 5378/1/6 5379/1/6 5367/1/6
f 5367/1/6 5379/1/6 5380/1/6 5368/1/6
f 5368/1/6 5380/1/6 5381/1/6 5369/1/6
f 5369/1/6 5381/1/6 5382/1/6 5370/1/6
f 5168/2/2 5371/2/2 5383/2/2 5172/2/2
f 5169/1/1 5173/1/1 5384/1/1 5372/1/1
f 5372/1/6 5384/1/6 5385/1/6 5373/1/6
f 5170/1/2 5374/1/2 5386/1/2 5175/1/2
f 5373/1/6 5385/1/6 5386/1/6 5374/1/6
f 5171/1/1 5177/1/1 5387/1/1 5375/1/1
f 5375/1/6 5387/1/6 5388/1/6 5376/1/6
f 5376/1/6 5388/1/6 5389/1/6 5377/1/6
f 5377/1/6 5389/1/6 5390/1/6 5378/1/6
f 5378/1/6 5390/1/6 5391/1/6 5379/1/6
f 5379/1/6 5391/1/6 5392/1/6 5380/1/6
f 5380/1/6 5392/1/6 5393/1/6 5381/1/6
f 5381/1/6 5393/1/6 5394/1/6 5382/1/6
f 5172/2/2 5383/2/2 5395/2/2 5178/2/2
f 5173/1/1 5179/1/1 5396/1/1 5384/1/1
f 5384/1/6 5396/1/6 5397/1/6 5385/1/6
f 5385/1/6 5397/1/6 5398/1/6 5386/1/6
f 5175/1/3 5386/1/3 5399/1/3 5176/1/3
f 5192/1/4 5195/1/4 5400/1/4 5398/1/4
f 5386/1/6 5398/1/6 5400/1/6 5399/1/6
f 5176/1/3 5399/1/3 5387/1/3 5177/1/3
f 5399/1/6 5400/1/6 5401/1/6 5387/1/6
f 5387/1/6 5401/1/6 5402/1/6 5388/1/6
f 5388/1/6 5402/1/6 5403/1/6 5389/1/6
f 5389/1/6 5403/1/6 5404/1/6 5390/1/6
f 5390/1/6 5404/1/6 5405/1/6 5391/1/6
f 5391/1/6 5405/1/6 5406/1/6 5392/1/6
f 5392/1/6 5406/1/6 5407/1/6 5393/1/6
f 5393/1/6 5407/1/6 5408/1/6 5394/1/6
f 5178/2/2 5395/2/2 5409/2/2 5190/2/2
f 5179/1/1 5191/1/1 5410/1/1 5396/1/1
f 5396/1/6 5410/1/6 5411/1/6 5397/1/6
f 5192/1/2 5398/1/2 5412/1/2 5193/1/2
f 5397/1/6 5411/1/6 5412/1/6 5398/1/6
f 5195/1/1 5194/1/1 5413/1/1 5400/1/1
f 5400/1/6 5413/1/6 5414/1/6 5401/1/6
f 5197/1/4 5196/1/4 5415/1/4 5414/1/4
f 5401/1/6 5414/1/6 5415/1/6 5402/1/6
f 5196/1/4 5198/1/4 5416/1/4 5415/1/4
f 5402/1/6 5415/1/6 5416/1/6 5403/1/6
f 5198/1/4 5417/1/4 5418/1/4 5416/1/4
f 5403/1/6 5416/1/6 5418/1/6 5404/1/6
f 5181/1/5 5180/1/5 5417/1/5 5198/1/5
f 5417/1/4 5419/1/4 5420/1/4 5418/1/4
f 5404/1/6 5418/1/6 5420/1/6 5405/1/6
f 5180/1/5 5182/1/5 5419/1/5 5417/1/5
f 5419/1/4 5421/1/4 5422/1/4 5420/1/4
f 5405/1/6 5420/1/6 5422/1/6 5406/1/6
f 5182/1/5 5183/1/5 5421/1/5 5419/1/5
f 5421/1/4 5423/1/4 5424/1/4 5422/1/4
f 5406/1/6 5422/1/6 5424/1/6 5407/1/6
f 5183/1/5 5184/1/5 5423/1/5 5421/1/5
f 5423/1/4 5425/1/4 5426/1/4 5424/1/4
f 5407/1/6 5424/1/6 5426/1/6 5408/1/6
f 5184/1/5 5185/1/5 5425/1/5 5423/1/5
f 5425/1/4 5427/1/4 5428/1/4 5426/1/4
f 5185/1/5 5186/1/5 5427/1/5 5425/1/5
f 5427/1/4 5429/1/4 5430/1/4 5428/1/4
f 5186/1/5 5187/1/5 5429/1/5 5427/1/5
f 5429/1/4 5431/1/4 5432/1/4 5430/1/4
f 5187/1/5 5188/1/5 5431/1/5 5429/1/5
f 5431/1/4 5199/1/4 5433/1/4 5432/1/4
f 5188/1/5 5189/1/5 5199/1/5 5431/1/5
f 5190/2/2 5409/2/2 5434/2/2 5200/2/2
f 5191/1/1 5201/1/1 5435/1/1 5410/1/1
f 5410/1/6 5435/1/6 5436/1/6 5411/1/6
f 5411/1/6 5436/1/6 5437/1/6 5412/1/6
f 5193/1/3 5412/1/3 5413/1/3 5194/1/3
f 5203/1/4 5202/1/4 5438/1/4 5437/1/4
f 5412/1/6 5437/1/6 5438/1/6 5413/1/6
f 5197/1/2 5414/1/2 5439/1/2 5204/1/2
f 5202/1/4 5204/1/4 5439/1/4 5438/1/4
f 5413/1/6 5438/1/6 5439/1/6 5414/1/6
f 5199/1/1 5205/1/1 5440/1/1 5433/1/1
f 5207/2/4 5206/2/4 5441/2/4 5442/2/4
f 5200/2/2 5434/2/2 5443/2/2 5208/2/2
f 5201/1/1 5209/1/1 5444/1/1 5435/1/1
f 5209/1/4 5210/1/4 5445/1/4 5444/1/4
f 5203/1/2 5437/1/2 5446/1/2 5211/1/2
f 5210/1/4 5211/1/4 5446/1/4 5445/1/4
f 5207/1/2 5442/1/2 5447/1/2 5212/1/2
f 5205/1/1 5213/1/1 5448/1/1 5440/1/1
f 5213/1/4 5212/1/4 5447/1/4 5448/1/4
f 5206/2/1 5214/2/1 5449/2/1 5441/2/1
f 5214/2/4 5215/2/4 5450/2/4 5449/2/4
f 5215/2/4 5216/2/4 5451/2/4 5450/2/4
f 5216/2/4 5217/2/4 5452/2/4 5451/2/4
f 5217/2/4 5218/2/4 5453/2/4 5452/2/4
f 5218/2/4 5219/2/4 5454/2/4 5453/2/4
f 5219/2/4 5220/2/4 5455/2/4 5454/2/4
f 5220/2/4 5221/2/4 5456/2/4 5455/2/4
f 5221/2/4 5222/2/4 5457/2/4 5456/2/4
f 5208/2/2 5443/2/2 5458/2/2 5223/2/2
f 5222/2/4 5223/2/4 5458/2/4 5457/2/4
f 5225/1/1 5224/1/1 5459/1/1 5460/1/1
f 5225/1/3 5460/1/3 5461/1/3 5226/1/3
f 5227/1/2 5462/1/2 5463/1/2 5228/1/2
f 5226/1/3 5461/1/3 5462/1/3 5227/1/3
f 5230/2/1 5229/2/1 5464/2/1 5465/2/1
f 5230/2/3 5465/2/3 5466/2/3 5231/2/3
f 5231/2/3 5466/2/3 5467/2/3 5232/2/3
f 5233/2/2 5468/2/2 5469/2/2 5234/2/2
f 5232/2/3 5467/2/3 5468/2/3 5233/2/3
f 5224/1/1 5235/1/1 5470/1/1 5459/1/1
f 5228/1/3 5463/1/3 5464/1/3 5229/1/3
f 5234/2/2 5469/2/2 5471/2/2 5236/2/2
f 5235/1/1 5237/1/1 5472/1/1 5470/1/1
f 5236/2/3 5471/2/3 5473/2/3 5238/2/3
f 5238/2/3 5473/2/3 5474/2/3 5239/2/3
f 5239/2/3 5474/2/3 5475/2/3 5240/2/3
f 5241/2/2 5476/2/2 5477/2/2 5242/2/2
f 5240/2/3 5475/2/3 5476/2/3 5241/2/3
f 5237/1/1 5243/1/1 5478/1/1 5472/1/1
f 5242/2/3 5477/2/3 5479/2/3 5244/2/3
f 5244/2/3 5479/2/3 5480/2/3 5245/2/3
f 5246/2/2 5481/2/2 5482/2/2 5247/2/2
f 5245/2/3 5480/2/3 5481/2/3 5246/2/3
f 5243/1/1 5248/1/1 5483/1/1 5478/1/1
f 5247/2/2 5482/2/2 5484/2/2 5249/2/2
f 5251/1/1 5250/1/1 5485/1/1 5486/1/1
f 5251/1/3 5486/1/3 5487/1/3 5252/1/3
f 5252/1/3 5487/1/3 5488/1/3 5253/1/3
f 5253/1/3 5488/1/3 5483/1/3 5248/1/3
f 5249/2/2 5484/2/2 5489/2/2 5254/2/2
f 5250/1/1 5255/1/1 5490/1/1 5485/1/1
f 5254/2/2 5489/2/2 5491/2/2 5256/2/2
f 5255/1/1 5257/1/1 5492/1/1 5490/1/1
f 5256/2/2 5491/2/2 5493/2/2 5258/2/2
f 5257/1/1 5259/1/1 5494/1/1 5492/1/1
f 5258/2/2 5493/2/2 5495/2/2 5260/2/2
f 5259/1/1 5261/1/1 5496/1/1 5494/1/1
f 5264/2/4 5267/2/4 5497/2/4 5498/2/4
f 5260/2/2 5495/2/2 5499/2/2 5262/2/2
f 5261/1/1 5263/1/1 5500/1/1 5496/1/1
f 5264/2/2 5498/2/2 5501/2/2 5265/2/2
f 5262/2/2 5499/2/2 5502/2/2 5268/2/2
f 5267/2/1 5266/2/1 5503/2/1 5497/2/1
f 5263/1/1 5269/1/1 5504/1/1 5500/1/1
f 5265/2/2 5501/2/2 5505/2/2 5270/2/2
f 5268/2/2 5502/2/2 5506/2/2 5272/2/2
f 5266/2/1 5271/2/1 5507/2/1 5503/2/1
f 5269/1/1 5273/1/1 5508/1/1 5504/1/1
f 5270/2/2 5505/2/2 5509/2/2 5274/2/2
f 5272/2/2 5506/2/2 5510/2/2 5276/2/2
f 5271/2/1 5275/2/1 5511/2/1 5507/2/1
f 5273/1/1 5277/1/1 5512/1/1 5508/1/1
f 5274/2/2 5509/2/2 5513/2/2 5278/2/2
f 5276/2/2 5510/2/2 5514/2/2 5280/2/2
f 5275/2/1 5279/2/1 5515/2/1 5511/2/1
f 5277/1/1 5281/1/1 5516/1/1 5512/1/1
f 5278/2/2 5513/2/2 5517/2/2 5282/2/2
f 5280/2/2 5514/2/2 5518/2/2 5284/2/2
f 5279/2/1 5283/2/1 5519/2/1 5515/2/1
f 5281/1/1 5285/1/1 5520/1/1 5516/1/1
f 5282/2/2 5517/2/2 5521/2/2 5286/2/2
f 5284/2/2 5518/2/2 5522/2/2 5288/2/2
f 5283/2/1 5287/2/1 5523/2/1 5519/2/1
f 5285/1/1 5289/1/1 5524/1/1 5520/1/1
f 5286/2/2 5521/2/2 5525/2/2 5290/2/2
f 5288/2/2 5522/2/2 5526/2/2 5292/2/2
f 5287/2/1 5291/2/1 5527/2/1 5523/2/1
f 5289/1/1 5293/1/1 5528/1/1 5524/1/1
f 5290/2/2 5525/2/2 5529/2/2 5294/2/2
f 5292/2/2 5526/2/2 5530/2/2 5296/2/2
f 5291/2/1 5295/2/1 5531/2/1 5527/2/1
f 5293/1/1 5297/1/1 5532/1/1 5528/1/1
f 5294/2/2 5529/2/2 5533/2/2 5298/2/2
f 5296/2/2 5530/2/2 5534/2/2 5300/2/2
f 5295/2/1 5299/2/1 5535/2/1 5531/2/1
f 5297/1/1 5301/1/1 5536/1/1 5532/1/1
f 5298/2/3 5533/2/3 5535/2/3 5299/2/3
f 5300/2/2 5534/2/2 5537/2/2 5302/2/2
f 5301/1/1 5303/1/1 5538/1/1 5536/1/1
f 5303/1/4 5307/1/4 5539/1/4 5538/1/4
f 5302/2/2 5537/2/2 5540/2/2 5304/2/2
f 5307/1/1 5306/1/1 5541/1/1 5539/1/1
f 5304/2/2 5540/2/2 5542/2/2 5308/2/2
f 5306/1/1 5329/1/1 5543/1/1 5541/1/1
f 5308/2/2 5542/2/2 5544/2/2 5330/2/2
f 5329/1/1 5345/1/1 5545/1/1 5543/1/1
f 5330/2/2 5544/2/2 5546/2/2 5346/2/2
f 5345/1/1 5358/1/1 5547/1/1 5545/1/1
f 5346/2/2 5546/2/2 5548/2/2 5359/2/2
f 5358/1/1 5370/1/1 5549/1/1 5547/1/1
f 5359/2/2 5548/2/2 5550/2/2 5371/2/2
f 5370/1/1 5382/1/1 5551/1/1 5549/1/1
f 5371/2/2 5550/2/2 5552/2/2 5383/2/2
f 5382/1/1 5394/1/1 5553/1/1 5551/1/1
f 5383/2/2 5552/2/2 5554/2/2 5395/2/2
f 5394/1/1 5408/1/1 5555/1/1 5553/1/1
f 5395/2/2 5554/2/2 5556/2/2 5409/2/2
f 5408/1/1 5426/1/1 5557/1/1 5555/1/1
f 5409/2/2 5556/2/2 5558/2/2 5434/2/2
f 5426/1/1 5559/1/1 5560/1/1 5557/1/1
f 5426/1/5 5428/1/5 5561/1/5 5559/1/5
f 5428/1/5 5430/1/5 5562/1/5 5561/1/5
f 5430/1/5 5432/1/5 5563/1/5 5562/1/5
f 5432/1/5 5433/1/5 5440/1/5 5563/1/5
f 5442/2/4 5441/2/4 5564/2/4 5565/2/4
f 5434/2/2 5558/2/2 5566/2/2 5443/2/2
f 5435/1/1 5444/1/1 5567/1/1 5568/1/1
f 5435/1/3 5568/1/3 5569/1/3 5436/1/3
f 5444/1/4 5445/1/4 5570/1/4 5567/1/4
f 5436/1/3 5569/1/3 5571/1/3 5437/1/3
f 5445/1/4 5446/1/4 5572/1/4 5570/1/4
f 5437/1/3 5571/1/3 5573/1/3 5438/1/3
f 5446/1/4 5574/1/4 5575/1/4 5572/1/4
f 5437/1/5 5438/1/5 5574/1/5 5446/1/5
f 5438/1/3 5573/1/3 5576/1/3 5439/1/3
f 5574/1/4 5577/1/4 5578/1/4 5575/1/4
f 5438/1/5 5439/1/5 5577/1/5 5574/1/5
f 5439/1/3 5576/1/3 5579/1/3 5580/1/3
f 5577/1/4 5581/1/4 5582/1/4 5578/1/4
f 5439/1/5 5580/1/5 5581/1/5 5577/1/5
f 5580/1/3 5579/1/3 5583/1/3 5584/1/3
f 5581/1/4 5585/1/4 5586/1/4 5582/1/4
f 5580/1/5 5584/1/5 5585/1/5 5581/1/5
f 5584/1/3 5583/1/3 5587/1/3 5588/1/3
f 5585/1/4 5589/1/4 5590/1/4 5586/1/4
f 5584/1/5 5588/1/5 5589/1/5 5585/1/5
f 5588/1/3 5587/1/3 5591/1/3 5592/1/3
f 5589/1/4 5593/1/4 5594/1/4 5590/1/4
f 5588/1/5 5592/1/5 5593/1/5 5589/1/5
f 5592/1/3 5591/1/3 5595/1/3 5596/1/3
f 5593/1/4 5597/1/4 5598/1/4 5594/1/4
f 5592/1/5 5596/1/5 5597/1/5 5593/1/5
f 5596/1/3 5595/1/3 5599/1/3 5600/1/3
f 5597/1/4 5601/1/4 5602/1/4 5598/1/4
f 5596/1/5 5600/1/5 5601/1/5 5597/1/5
f 5600/1/3 5599/1/3 5560/1/3 5559/1/3
f 5601/1/4 5603/1/4 5604/1/4 5602/1/4
f 5600/1/5 5559/1/5 5603/1/5 5601/1/5
f 5603/1/4 5605/1/4 5606/1/4 5604/1/4
f 5559/1/5 5561/1/5 5605/1/5 5603/1/5
f 5605/1/4 5607/1/4 5608/1/4 5606/1/4
f 5561/1/5 5562/1/5 5607/1/5 5605/1/5
f 5607/1/4 5609/1/4 5610/1/4 5608/1/4
f 5562/1/5 5563/1/5 5609/1/5 5607/1/5
f 5609/1/4 5448/1/4 5611/1/4 5610/1/4
f 5563/1/5 5440/1/5 5448/1/5 5609/1/5
f 5442/1/2 5565/1/2 5612/1/2 5447/1/2
f 5448/1/4 5447/1/4 5612/1/4 5611/1/4
f 5441/2/1 5449/2/1 5613/2/1 5564/2/1
f 5449/2/4 5450/2/4 5614/2/4 5613/2/4
f 5450/2/4 5451/2/4 5615/2/4 5614/2/4
f 5451/2/4 5452/2/4 5616/2/4 5615/2/4
f 5452/2/4 5453/2/4 5617/2/4 5616/2/4
f 5453/2/4 5454/2/4 5618/2/4 5617/2/4
f 5454/2/4 5455/2/4 5619/2/4 5618/2/4
f 5455/2/4 5456/2/4 5620/2/4 5619/2/4
f 5456/2/4 5457/2/4 5621/2/4 5620/2/4
f 5443/2/2 5566/2/2 5622/2/2 5458/2/2
f 5457/2/4 5458/2/4 5622/2/4 5621/2/4
f 5460/1/1 5459/1/1 5623/1/1 5624/1/1
f 5460/1/3 5624/1/3 5625/1/3 5461/1/3
f 5462/1/2 5626/1/2 5627/1/2 5463/1/2
f 5461/1/3 5625/1/3 5626/1/3 5462/1/3
f 5465/2/1 5464/2/1 5628/2/1 5629/2/1
f 5465/2/3 5629/2/3 5630/2/3 5466/2/3
f 5466/2/3 5630/2/3 5631/2/3 5467/2/3
f 5468/2/2 5632/2/2 5633/2/2 5469/2/2
f 5467/2/3 5631/2/3 5632/2/3 5468/2/3
f 5459/1/1 5470/1/1 5634/1/1 5623/1/1
f 5463/1/3 5627/1/3 5628/1/3 5464/1/3
f 5469/2/2 5633/2/2 5635/2/2 5471/2/2
f 5470/1/1 5472/1/1 5636/1/1 5634/1/1
f 5471/2/3 5635/2/3 5637/2/3 5473/2/3
f 5473/2/3 5637/2/3 5638/2/3 5474/2/3
f 5474/2/3 5638/2/3 5639/2/3 5475/2/3
f 5475/2/3 5639/2/3 5640/2/3 5476/2/3
f 5476/2/3 5640/2/3 5641/2/3 5642/2/3
f 5476/2/5 5642/2/5 5479/2/5 5477/2/5
f 5643/2/2 5644/2/2 5645/2/2 5480/2/2
f 5642/2/3 5641/2/3 5644/2/3 5643/2/3
f 5642/2/5 5643/2/5 5480/2/5 5479/2/5
f 5472/1/1 5478/1/1 5646/1/1 5636/1/1
f 5481/2/2 5647/2/2 5648/2/2 5482/2/2
f 5480/2/3 5645/2/3 5647/2/3 5481/2/3
f 5478/1/1 5483/1/1 5649/1/1 5646/1/1
f 5482/2/2 5648/2/2 5650/2/2 5484/2/2
f 5486/1/1 5485/1/1 5651/1/1 5652/1/1
f 5486/1/3 5652/1/3 5653/1/3 5487/1/3
f 5652/1/6 5651/1/6 5654/1/6 5653/1/6
f 5487/1/3 5653/1/3 5655/1/3 5488/1/3
f 5488/1/3 5655/1/3 5649/1/3 5483/1/3
f 5484/2/2 5650/2/2 5656/2/2 5489/2/2
f 5485/1/1 5490/1/1 5657/1/1 5651/1/1
f 5489/2/2 5656/2/2 5658/2/2 5491/2/2
f 5490/1/1 5492/1/1 5659/1/1 5657/1/1
f 5491/2/2 5658/2/2 5660/2/2 5493/2/2
f 5492/1/1 5494/1/1 5661/1/1 5659/1/1
f 5659/1/6 5661/1/6 5662/1/6 5663/1/6
f 5663/1/6 5662/1/6 5664/1/6 5665/1/6
f 5493/2/2 5660/2/2 5666/2/2 5495/2/2
f 5494/1/1 5496/1/1 5667/1/1 5661/1/1
f 5661/1/6 5667/1/6 5668/1/6 5662/1/6
f 5662/1/6 5668/1/6 5669/1/6 5664/1/6
f 5498/2/4 5497/2/4 5670/2/4 5671/2/4
f 5495/2/2 5666/2/2 5672/2/2 5499/2/2
f 5496/1/1 5500/1/1 5673/1/1 5667/1/1
f 5667/1/6 5673/1/6 5674/1/6 5668/1/6
f 5668/1/6 5674/1/6 5675/1/6 5669/1/6
f 5498/2/2 5671/2/2 5676/2/2 5501/2/2
f 5499/2/2 5672/2/2 5677/2/2 5502/2/2
f 5497/2/1 5503/2/1 5678/2/1 5670/2/1
f 5500/1/1 5504/1/1 5679/1/1 5673/1/1
f 5673/1/6 5679/1/6 5680/1/6 5674/1/6
f 5674/1/6 5680/1/6 5681/1/6 5675/1/6
f 5501/2/2 5676/2/2 5682/2/2 5505/2/2
f 5502/2/2 5677/2/2 5683/2/2 5506/2/2
f 5503/2/1 5507/2/1 5684/2/1 5678/2/1
f 5504/1/1 5508/1/1 5685/1/1 5679/1/1
f 5679/1/6 5685/1/6 5686/1/6 5680/1/6
f 5680/1/6 5686/1/6 5687/1/6 5681/1/6
f 5505/2/2 5682/2/2 5688/2/2 5509/2/2
f 5506/2/2 5683/2/2 5689/2/2 5510/2/2
f 5507/2/1 5511/2/1 5690/2/1 5684/2/1
f 5508/1/1 5512/1/1 5691/1/1 5685/1/1
f 5685/1/6 5691/1/6 5692/1/6 5686/1/6
f 5686/1/6 5692/1/6 5693/1/6 5687/1/6
f 5509/2/2 5688/2/2 5694/2/2 5513/2/2
f 5510/2/2 5689/2/2 5695/2/2 5514/2/2
f 5511/2/1 5515/2/1 5696/2/1 5690/2/1
f 5512/1/1 5516/1/1 5697/1/1 5691/1/1
f 5691/1/6 5697/1/6 5698/1/6 5692/1/6
f 5692/1/6 5698/1/6 5699/1/6 5693/1/6
f 5513/2/2 5694/2/2 5700/2/2 5517/2/2
f 5514/2/2 5695/2/2 5701/2/2 5518/2/2
f 5515/2/1 5519/2/1 5702/2/1 5696/2/1
f 5516/1/1 5520/1/1 5703/1/1 5697/1/1
f 5697/1/6 5703/1/6 5704/1/6 5698/1/6
f 5698/1/6 5704/1/6 5705/1/6 5699/1/6
f 5517/2/2 5700/2/2 5706/2/2 5521/2/2
f 5518/2/2 5701/2/2 5707/2/2 5522/2/2
f 5519/2/1 5523/2/1 5708/2/1 5702/2/1
f 5520/1/1 5524/1/1 5709/1/1 5703/1/1
f 5703/1/6 5709/1/6 5710/1/6 5704/1/6
f 5704/1/6 5710/1/6 5711/1/6 5705/1/6
f 5521/2/2 5706/2/2 5712/2/2 5525/2/2
f 5522/2/2 5707/2/2 5713/2/2 5526/2/2
f 5523/2/1 5527/2/1 5714/2/1 5708/2/1
f 5524/1/1 5528/1/1 5715/1/1 5709/1/1
f 5709/1/6 5715/1/6 5716/1/6 5710/1/6
f 5710/1/6 5716/1/6 5717/1/6 5711/1/6
f 5525/2/2 5712/2/2 5718/2/2 5529/2/2
f 5526/2/2 5713/2/2 5719/2/2 5530/2/2
f 5527/2/1 5531/2/1 5720/2/1 5714/2/1
f 5528/1/1 5532/1/1 5721/1/1 5715/1/1
f 5715/1/6 5721/1/6 5722/1/6 5716/1/6
f 5716/1/6 5722/1/6 5723/1/6 5717/1/6
f 5529/2/2 5718/2/2 5724/2/2 5533/2/2
f 5530/2/2 5719/2/2 5725/2/2 5534/2/2
f 5531/2/1 5535/2/1 5726/2/1 5720/2/1
f 5532/1/1 5536/1/1 5727/1/1 5721/1/1
f 5721/1/6 5727/1/6 5728/1/6 5722/1/6
f 5722/1/6 5728/1/6 5729/1/6 5723/1/6
f 5533/2/3 5724/2/3 5726/2/3 5535/2/3
f 5534/2/2 5725/2/2 5730/2/2 5537/2/2
f 5536/1/1 5538/1/1 5731/1/1 5727/1/1
f 5538/1/4 5539/1/4 5732/1/4 5731/1/4
f 5727/1/6 5731/1/6 5732/1/6 5728/1/6
f 5728/1/6 5732/1/6 5733/1/6 5729/1/6
f 5537/2/2 5730/2/2 5734/2/2 5540/2/2
f 5539/1/1 5541/1/1 5735/1/1 5732/1/1
f 5732/1/6 5735/1/6 5736/1/6 5733/1/6
f 5540/2/2 5734/2/2 5737/2/2 5542/2/2
f 5541/1/1 5543/1/1 5738/1/1 5735/1/1
f 5735/1/6 5738/1/6 5739/1/6 5736/1/6
f 5542/2/2 5737/2/2 5740/2/2 5544/2/2
f 5543/1/1 5545/1/1 5741/1/1 5738/1/1
f 5738/1/6 5741/1/6 5742/1/6 5739/1/6
f 5544/2/2 5740/2/2 5743/2/2 5546/2/2
f 5545/1/1 5547/1/1 5744/1/1 5741/1/1
f 5741/1/6 5744/1/6 5745/1/6 5742/1/6
f 5546/2/2 5743/2/2 5746/2/2 5548/2/2
f 5547/1/1 5549/1/1 5747/1/1 5744/1/1
f 5744/1/6 5747/1/6 5748/1/6 5745/1/6
f 5548/2/2 5746/2/2 5749/2/2 5550/2/2
f 5549/1/1 5551/1/1 5750/1/1 5747/1/1
f 5747/1/6 5750/1/6 5751/1/6 5748/1/6
f 5550/2/2 5749/2/2 5752/2/2 5552/2/2
f 5551/1/1 5553/1/1 5753/1/1 5750/1/1
f 5750/1/6 5753/1/6 5754/1/6 5751/1/6
f 5552/2/2 5752/2/2 5755/2/2 5554/2/2
f 5553/1/1 5555/1/1 5756/1/1 5753/1/1
f 5753/1/6 5756/1/6 5757/1/6 5754/1/6
f 5554/2/2 5755/2/2 5758/2/2 5556/2/2
f 5555/1/1 5557/1/1 5759/1/1 5756/1/1
f 5756/1/6 5759/1/6 5760/1/6 5757/1/6
f 5556/2/2 5758/2/2 5761/2/2 5558/2/2
f 5557/1/1 5560/1/1 5762/1/1 5759/1/1
f 5565/2/4 5564/2/4 5763/2/4 5764/2/4
f 5558/2/2 5761/2/2 5765/2/2 5566/2/2
f 5568/1/1 5567/1/1 5766/1/1 5767/1/1
f 5568/1/3 5767/1/3 5768/1/3 5569/1/3
f 5567/1/4 5570/1/4 5769/1/4 5766/1/4
f 5767/1/6 5766/1/6 5769/1/6 5768/1/6
f 5569/1/3 5768/1/3 5770/1/3 5571/1/3
f 5570/1/4 5572/1/4 5771/1/4 5769/1/4
f 5768/1/6 5769/1/6 5771/1/6 5770/1/6
f 5571/1/3 5770/1/3 5772/1/3 5573/1/3
f 5572/1/4 5575/1/4 5773/1/4 5771/1/4
f 5770/1/6 5771/1/6 5773/1/6 5772/1/6
f 5573/1/3 5772/1/3 5774/1/3 5576/1/3
f 5575/1/4 5578/1/4 5775/1/4 5773/1/4
f 5772/1/6 5773/1/6 5775/1/6 5774/1/6
f 5576/1/3 5774/1/3 5776/1/3 5579/1/3
f 5578/1/4 5582/1/4 5777/1/4 5775/1/4
f 5579/1/3 5776/1/3 5778/1/3 5583/1/3
f 5582/1/4 5586/1/4 5779/1/4 5777/1/4
f 5583/1/3 5778/1/3 5780/1/3 5587/1/3
f 5586/1/4 5590/1/4 5781/1/4 5779/1/4
f 5587/1/3 5780/1/3 5782/1/3 5591/1/3
f 5590/1/4 5594/1/4 5783/1/4 5781/1/4
f 5591/1/3 5782/1/3 5784/1/3 5595/1/3
f 5594/1/4 5598/1/4 5785/1/4 5783/1/4
f 5595/1/3 5784/1/3 5786/1/3 5599/1/3
f 5598/1/4 5602/1/4 5787/1/4 5785/1/4
f 5599/1/3 5786/1/3 5762/1/3 5560/1/3
f 5602/1/4 5604/1/4 5788/1/4 5787/1/4
f 5604/1/4 5606/1/4 5789/1/4 5788/1/4
f 5606/1/4 5608/1/4 5790/1/4 5789/1/4
f 5608/1/4 5610/1/4 5791/1/4 5790/1/4
f 5610/1/4 5611/1/4 5792/1/4 5791/1/4
f 5565/1/2 5764/1/2 5793/1/2 5612/1/2
f 5611/1/4 5612/1/4 5793/1/4 5792/1/4
f 5564/2/1 5613/2/1 5794/2/1 5763/2/1
f 5613/2/4 5614/2/4 5795/2/4 5794/2/4
f 5614/2/4 5615/2/4 5796/2/4 5795/2/4
f 5615/2/4 5616/2/4 5797/2/4 5796/2/4
f 5616/2/4 5617/2/4 5798/2/4 5797/2/4
f 5617/2/4 5618/2/4 5799/2/4 5798/2/4
f 5618/2/4 5619/2/4 5800/2/4 5799/2/4
f 5619/2/4 5620/2/4 5801/2/4 5800/2/4
f 5620/2/4 5621/2/4 5802/2/4 5801/2/4
f 5566/2/2 5765/2/2 5803/2/2 5622/2/2
f 5621/2/4 5622/2/4 5803/2/4 5802/2/4
f 5624/1/1 5623/1/1 5804/1/1 5805/1/1
f 5624/1/3 5805/1/3 5806/1/3 5625/1/3
f 5626/1/2 5807/1/2 5808/1/2 5627/1/2
f 5625/1/3 5806/1/3 5807/1/3 5626/1/3
f 5629/2/1 5628/2/1 5809/2/1 5810/2/1
f 5629/2/3 5810/2/3 5811/2/3 5630/2/3
f 5630/2/3 5811/2/3 5812/2/3 5631/2/3
f 5632/2/2 5813/2/2 5814/2/2 5633/2/2
f 5631/2/3 5812/2/3 5813/2/3 5632/2/3
f 5623/1/1 5634/1/1 5815/1/1 5804/1/1
f 5627/1/3 5808/1/3 5809/1/3 5628/1/3
f 5633/2/2 5814/2/2 5816/2/2 5635/2/2
f 5634/1/1 5636/1/1 5817/1/1 5815/1/1
f 5635/2/3 5816/2/3 5818/2/3 5637/2/3
f 5637/2/3 5818/2/3 5819/2/3 5638/2/3
f 5638/2/3 5819/2/3 5820/2/3 5639/2/3
f 5639/2/3 5820/2/3 5821/2/3 5640/2/3
f 5640/2/3 5821/2/3 5822/2/3 5641/2/3
f 5644/2/2 5823/2/2 5824/2/2 5645/2/2
f 5641/2/3 5822/2/3 5823/2/3 5644/2/3
f 5636/1/1 5646/1/1 5825/1/1 5817/1/1
f 5647/2/2 5826/2/2 5827/2/2 5648/2/2
f 5645/2/3 5824/2/3 5826/2/3 5647/2/3
f 5646/1/1 5649/1/1 5828/1/1 5825/1/1
f 5648/2/2 5827/2/2 5829/2/2 5650/2/2
f 5653/1/1 5654/1/1 5830/1/1 5831/1/1
f 5653/1/3 5831/1/3 5832/1/3 5655/1/3
f 5655/1/3 5832/1/3 5828/1/3 5649/1/3
f 5650/2/2 5829/2/2 5833/2/2 5656/2/2
f 5651/1/1 5657/1/1 5834/1/1 5835/1/1
f 5651/1/3 5835/1/3 5830/1/3 5654/1/3
f 5835/1/6 5834/1/6 5836/1/6 5830/1/6
f 5656/2/2 5833/2/2 5837/2/2 5658/2/2
f 5657/1/1 5659/1/1 5838/1/1 5834/1/1
f 5659/1/4 5663/1/4 5839/1/4 5838/1/4
f 5834/1/6 5838/1/6 5839/1/6 5836/1/6
f 5663/1/4 5665/1/4 5840/1/4 5839/1/4
f 5658/2/2 5837/2/2 5841/2/2 5660/2/2
f 5665/1/1 5664/1/1 5842/1/1 5840/1/1
f 5660/2/2 5841/2/2 5843/2/2 5666/2/2
f 5664/1/1 5669/1/1 5844/1/1 5842/1/1
f 5671/2/4 5670/2/4 5845/2/4 5846/2/4
f 5666/2/2 5843/2/2 5847/2/2 5672/2/2
f 5669/1/1 5675/1/1 5848/1/1 5844/1/1
f 5671/2/2 5846/2/2 5849/2/2 5676/2/2
f 5672/2/2 5847/2/2 5850/2/2 5677/2/2
f 5670/2/1 5678/2/1 5851/2/1 5845/2/1
f 5675/1/1 5681/1/1 5852/1/1 5848/1/1
f 5676/2/2 5849/2/2 5853/2/2 5682/2/2
f 5677/2/2 5850/2/2 5854/2/2 5683/2/2
f 5678/2/1 5684/2/1 5855/2/1 5851/2/1
f 5681/1/1 5687/1/1 5856/1/1 5852/1/1
f 5682/2/2 5853/2/2 5857/2/2 5688/2/2
f 5683/2/2 5854/2/2 5858/2/2 5689/2/2
f 5684/2/1 5690/2/1 5859/2/1 5855/2/1
f 5687/1/1 5693/1/1 5860/1/1 5856/1/1
f 5688/2/2 5857/2/2 5861/2/2 5694/2/2
f 5689/2/2 5858/2/2 5862/2/2 5695/2/2
f 5690/2/1 5696/2/1 5863/2/1 5859/2/1
f 5693/1/1 5699/1/1 5864/1/1 5860/1/1
f 5694/2/2 5861/2/2 5865/2/2 5700/2/2
f 5695/2/2 5862/2/2 5866/2/2 5701/2/2
f 5696/2/1 5702/2/1 5867/2/1 5863/2/1
f 5699/1/1 5705/1/1 5868/1/1 5864/1/1
f 5700/2/2 5865/2/2 5869/2/2 5706/2/2
f 5701/2/2 5866/2/2 5870/2/2 5707/2/2
f 5702/2/1 5708/2/1 5871/2/1 5867/2/1
f 5705/1/1 5711/1/1 5872/1/1 5868/1/1
f 5706/2/2 5869/2/2 5873/2/2 5712/2/2
f 5707/2/2 5870/2/2 5874/2/2 5713/2/2
f 5708/2/1 5714/2/1 5875/2/1 5871/2/1
f 5711/1/1 5717/1/1 5876/1/1 5872/1/1
f 5712/2/2 5873/2/2 5877/2/2 5718/2/2
f 5713/2/2 5874/2/2 5878/2/2 5719/2/2
f 5714/2/1 5720/2/1 5879/2/1 5875/2/1
f 5717/1/1 5723/1/1 5880/1/1 5876/1/1
f 5718/2/2 5877/2/2 5881/2/2 5724/2/2
f 5719/2/2 5878/2/2 5882/2/2 5725/2/2
f 5720/2/1 5726/2/1 5883/2/1 5879/2/1
f 5723/1/1 5729/1/1 5884/1/1 5880/1/1
f 5724/2/3 5881/2/3 5883/2/3 5726/2/3
f 5725/2/2 5882/2/2 5885/2/2 5730/2/2
f 5729/1/1 5733/1/1 5886/1/1 5884/1/1
f 5730/2/2 5885/2/2 5887/2/2 5734/2/2
f 5733/1/1 5736/1/1 5888/1/1 5886/1/1
f 5734/2/2 5887/2/2 5889/2/2 5737/2/2
f 5736/1/1 5739/1/1 5890/1/1 5888/1/1
f 5737/2/2 5889/2/2 5891/2/2 5740/2/2
f 5739/1/1 5742/1/1 5892/1/1 5890/1/1
f 5740/2/2 5891/2/2 5893/2/2 5743/2/2
f 5742/1/1 5745/1/1 5894/1/1 5892/1/1
f 5743/2/2 5893/2/2 5895/2/2 5746/2/2
f 5745/1/1 5748/1/1 5896/1/1 5894/1/1
f 5746/2/2 5895/2/2 5897/2/2 5749/2/2
f 5748/1/1 5751/1/1 5898/1/1 5896/1/1
f 5749/2/2 5897/2/2 5899/2/2 5752/2/2
f 5751/1/1 5754/1/1 5900/1/1 5898/1/1
f 5752/2/2 5899/2/2 5901/2/2 5755/2/2
f 5754/1/1 5757/1/1 5902/1/1 5900/1/1
f 5755/2/2 5901/2/2 5903/2/2 5758/2/2
f 5757/1/1 5760/1/1 5904/1/1 5902/1/1
f 5758/2/2 5903/2/2 5905/2/2 5761/2/2
f 5906/1/1 5774/1/1 5907/1/1 5908/1/1
f 5906/1/3 5908/1/3 5909/1/3 5910/1/3
f 5908/1/6 5907/1/6 5911/1/6 5909/1/6
f 5906/1/5 5910/1/5 5776/1/5 5774/1/5
f 5910/1/3 5909/1/3 5912/1/3 5913/1/3
f 5909/1/6 5911/1/6 5914/1/6 5912/1/6
f 5910/1/5 5913/1/5 5778/1/5 5776/1/5
f 5913/1/3 5912/1/3 5915/1/3 5916/1/3
f 5912/1/6 5914/1/6 5917/1/6 5915/1/6
f 5913/1/5 5916/1/5 5780/1/5 5778/1/5
f 5916/1/3 5915/1/3 5918/1/3 5919/1/3
f 5915/1/6 5917/1/6 5920/1/6 5918/1/6
f 5916/1/5 5919/1/5 5782/1/5 5780/1/5
f 5919/1/3 5918/1/3 5921/1/3 5922/1/3
f 5918/1/6 5920/1/6 5923/1/6 5921/1/6
f 5919/1/5 5922/1/5 5784/1/5 5782/1/5
f 5922/1/3 5921/1/3 5924/1/3 5925/1/3
f 5921/1/6 5923/1/6 5926/1/6 5924/1/6
f 5922/1/5 5925/1/5 5786/1/5 5784/1/5
f 5925/1/3 5924/1/3 5927/1/3 5759/1/3
f 5924/1/6 5926/1/6 5928/1/6 5927/1/6
f 5925/1/5 5759/1/5 5762/1/5 5786/1/5
f 5759/1/3 5927/1/3 5904/1/3 5760/1/3
f 5927/1/6 5928/1/6 5929/1/6 5904/1/6
f 5764/2/4 5763/2/4 5930/2/4 5931/2/4
f 5761/2/2 5905/2/2 5932/2/2 5765/2/2
f 5774/1/1 5775/1/1 5933/1/1 5907/1/1
f 5775/1/4 5777/1/4 5934/1/4 5933/1/4
f 5907/1/6 5933/1/6 5934/1/6 5911/1/6
f 5777/1/4 5779/1/4 5935/1/4 5934/1/4
f 5911/1/6 5934/1/6 5935/1/6 5914/1/6
f 5779/1/4 5781/1/4 5936/1/4 5935/1/4
f 5914/1/6 5935/1/6 5936/1/6 5917/1/6
f 5781/1/4 5783/1/4 5937/1/4 5936/1/4
f 5917/1/6 5936/1/6 5937/1/6 5920/1/6
f 5783/1/4 5785/1/4 5938/1/4 5937/1/4
f 5920/1/6 5937/1/6 5938/1/6 5923/1/6
f 5785/1/4 5787/1/4 5939/1/4 5938/1/4
f 5923/1/6 5938/1/6 5939/1/6 5926/1/6
f 5787/1/4 5788/1/4 5940/1/4 5939/1/4
f 5926/1/6 5939/1/6 5940/1/6 5928/1/6
f 5788/1/4 5789/1/4 5941/1/4 5940/1/4
f 5928/1/6 5940/1/6 5941/1/6 5929/1/6
f 5789/1/4 5790/1/4 5942/1/4 5941/1/4
f 5790/1/4 5791/1/4 5943/1/4 5942/1/4
f 5791/1/4 5792/1/4 5944/1/4 5943/1/4
f 5764/1/2 5931/1/2 5945/1/2 5793/1/2
f 5792/1/4 5793/1/4 5945/1/4 5944/1/4
f 5763/2/1 5794/2/1 5946/2/1 5930/2/1
f 5794/2/4 5795/2/4 5947/2/4 5946/2/4
f 5795/2/4 5796/2/4 5948/2/4 5947/2/4
f 5796/2/4 5797/2/4 5949/2/4 5948/2/4
f 5797/2/4 5798/2/4 5950/2/4 5949/2/4
f 5798/2/4 5799/2/4 5951/2/4 5950/2/4
f 5799/2/4 5800/2/4 5952/2/4 5951/2/4
f 5800/2/4 5801/2/4 5953/2/4 5952/2/4
f 5801/2/4 5802/2/4 5954/2/4 5953/2/4
f 5765/2/2 5932/2/2 5955/2/2 5803/2/2
f 5802/2/4 5803/2/4 5955/2/4 5954/2/4
f 5805/1/1 5804/1/1 5956/1/1 5957/1/1
f 5805/1/3 5957/1/3 5958/1/3 5806/1/3
f 5807/1/2 5959/1/2 5960/1/2 5808/1/2
f 5806/1/3 5958/1/3 5959/1/3 5807/1/3
f 5810/2/1 5809/2/1 5961/2/1 5962/2/1
f 5810/2/3 5962/2/3 5963/2/3 5811/2/3
f 5811/2/3 5963/2/3 5964/2/3 5812/2/3
f 5813/2/2 5965/2/2 5966/2/2 5814/2/2
f 5812/2/3 5964/2/3 5965/2/3 5813/2/3
f 5804/1/1 5815/1/1 5967/1/1 5956/1/1
f 5808/1/3 5960/1/3 5961/1/3 5809/1/3
f 5814/2/2 5966/2/2 5968/2/2 5816/2/2
f 5815/1/1 5817/1/1 5969/1/1 5967/1/1
f 5816/2/3 5968/2/3 5970/2/3 5818/2/3
f 5818/2/3 5970/2/3 5971/2/3 5819/2/3
f 5819/2/3 5971/2/3 5972/2/3 5820/2/3
f 5820/2/3 5972/2/3 5973/2/3 5821/2/3
f 5821/2/3 5973/2/3 5974/2/3 5822/2/3
f 5823/2/2 5975/2/2 5976/2/2 5824/2/2
f 5822/2/3 5974/2/3 5975/2/3 5823/2/3
f 5817/1/1 5825/1/1 5977/1/1 5969/1/1
f 5826/2/2 5978/2/2 5979/2/2 5827/2/2
f 5824/2/3 5976/2/3 5978/2/3 5826/2/3
f 5825/1/1 5828/1/1 5980/1/1 5977/1/1
f 5827/2/2 5979/2/2 5981/2/2 5829/2/2
f 5831/1/1 5830/1/1 5982/1/1 5983/1/1
f 5831/1/3 5983/1/3 5984/1/3 5832/1/3
f 5983/1/6 5982/1/6 5985/1/6 5984/1/6
f 5832/1/3 5984/1/3 5980/1/3 5828/1/3
f 5984/1/6 5985/1/6 5986/1/6 5980/1/6
f 5829/2/2 5981/2/2 5987/2/2 5833/2/2
f 5830/1/1 5836/1/1 5988/1/1 5982/1/1
f 5982/1/6 5988/1/6 5989/1/6 5985/1/6
f 5985/1/6 5989/1/6 5990/1/6 5986/1/6
f 5833/2/2 5987/2/2 5991/2/2 5837/2/2
f 5836/1/1 5839/1/1 5992/1/1 5988/1/1
f 5839/1/4 5840/1/4 5993/1/4 5992/1/4
f 5988/1/6 5992/1/6 5993/1/6 5989/1/6
f 5989/1/6 5993/1/6 5994/1/6 5990/1/6
f 5837/2/2 5991/2/2 5995/2/2 5841/2/2
f 5840/1/1 5842/1/1 5996/1/1 5993/1/1
f 5993/1/6 5996/1/6 5997/1/6 5994/1/6
f 5841/2/2 5995/2/2 5998/2/2 5843/2/2
f 5842/1/1 5844/1/1 5999/1/1 5996/1/1
f 5996/1/6 5999/1/6 6000/1/6 5997/1/6
f 5846/2/4 5845/2/4 6001/2/4 6002/2/4
f 5843/2/2 5998/2/2 6003/2/2 5847/2/2
f 5844/1/1 5848/1/1 6004/1/1 5999/1/1
f 5999/1/6 6004/1/6 6005/1/6 6000/1/6
f 5846/2/2 6002/2/2 6006/2/2 5849/2/2
f 5847/2/2 6003/2/2 6007/2/2 5850/2/2
f 5845/2/1 5851/2/1 6008/2/1 6001/2/1
f 5848/1/1 5852/1/1 6009/1/1 6004/1/1
f 6004/1/6 6009/1/6 6010/1/6 6005/1/6
f 5849/2/2 6006/2/2 6011/2/2 5853/2/2
f 5850/2/2 6007/2/2 6012/2/2 5854/2/2
f 5851/2/1 5855/2/1 6013/2/1 6008/2/1
f 5852/1/1 5856/1/1 6014/1/1 6009/1/1
f 6009/1/6 6014/1/6 6015/1/6 6010/1/6
f 5853/2/2 6011/2/2 6016/2/2 5857/2/2
f 5854/2/2 6012/2/2 6017/2/2 5858/2/2
f 5855/2/1 5859/2/1 6018/2/1 6013/2/1
f 5856/1/1 5860/1/1 6019/1/1 6014/1/1
f 6014/1/6 6019/1/6 6020/1/6 6015/1/6
f 5857/2/2 6016/2/2 6021/2/2 5861/2/2
f 5858/2/2 6017/2/2 6022/2/2 5862/2/2
f 5859/2/1 5863/2/1 6023/2/1 6018/2/1
f 5860/1/1 5864/1/1 6024/1/1 6019/1/1
f 6019/1/6 6024/1/6 6025/1/6 6020/1/6
f 5861/2/2 6021/2/2 6026/2/2 5865/2/2
f 5862/2/2 6022/2/2 6027/2/2 5866/2/2
f 5863/2/1 5867/2/1 6028/2/1 6023/2/1
f 5864/1/1 5868/1/1 6029/1/1 6024/1/1
f 6024/1/6 6029/1/6 6030/1/6 6025/1/6
f 5865/2/2 6026/2/2 6031/2/2 5869/2/2
f 5866/2/2 6027/2/2 6032/2/2 5870/2/2
f 5867/2/1 5871/2/1 6033/2/1 6028/2/1
f 5868/1/1 5872/1/1 6034/1/1 6029/1/1
f 6029/1/6 6034/1/6 6035/1/6 6030/1/6
f 5869/2/2 6031/2/2 6036/2/2 5873/2/2
f 5870/2/2 6032/2/2 6037/2/2 5874/2/2
f 5871/2/1 5875/2/1 6038/2/1 6033/2/1
f 5872/1/1 5876/1/1 6039/1/1 6034/1/1
f 6034/1/6 6039/1/6 6040/1/6 6035/1/6
f 5873/2/2 6036/2/2 6041/2/2 5877/2/2
f 5874/2/2 6037/2/2 6042/2/2 5878/2/2
f 5875/2/1 5879/2/1 6043/2/1 6038/2/1
f 5876/1/1 5880/1/1 6044/1/1 6039/1/1
f 6039/1/6 6044/1/6 6045/1/6 6040/1/6
f 5877/2/2 6041/2/2 6046/2/2 5881/2/2
f 5878/2/2 6042/2/2 6047/2/2 5882/2/2
f 5879/2/1 5883/2/1 6048/2/1 6043/2/1
f 5880/1/1 5884/1/1 6049/1/1 6044/1/1
f 6044/1/6 6049/1/6 6050/1/6 6045/1/6
f 6051/1/6 6052/1/6 6053/1/6 6054/1/6
f 5881/2/3 6046/2/3 6048/2/3 5883/2/3
f 5882/2/2 6047/2/2 6055/2/2 5885/2/2
f 5884/1/1 5886/1/1 6056/1/1 6049/1/1
f 6049/1/6 6056/1/6 6057/1/6 6050/1/6
f 6052/1/6 6058/1/6 6059/1/6 6053/1/6
f 5885/2/2 6055/2/2 6060/2/2 5887/2/2
f 5886/1/1 5888/1/1 6061/1/1 6056/1/1
f 6056/1/6 6061/1/6 6062/1/6 6057/1/6
f 6058/1/6 6063/1/6 6064/1/6 6059/1/6
f 5887/2/2 6060/2/2 6065/2/2 5889/2/2
f 5888/1/1 5890/1/1 6066/1/1 6061/1/1
f 6061/1/6 6066/1/6 6067/1/6 6062/1/6
f 6063/1/6 6068/1/6 6069/1/6 6064/1/6
f 5889/2/2 6065/2/2 6070/2/2 5891/2/2
f 5890/1/1 5892/1/1 6071/1/1 6066/1/1
f 6066/1/6 6071/1/6 6072/1/6 6067/1/6
f 6068/1/6 6073/1/6 6074/1/6 6069/1/6
f 5891/2/2 6070/2/2 6075/2/2 5893/2/2
f 5892/1/1 5894/1/1 6076/1/1 6071/1/1
f 6071/1/6 6076/1/6 6077/1/6 6072/1/6
f 6073/1/6 6078/1/6 6079/1/6 6074/1/6
f 5893/2/2 6075/2/2 6080/2/2 5895/2/2
f 5894/1/1 5896/1/1 6081/1/1 6076/1/1
f 6076/1/6 6081/1/6 6082/1/6 6077/1/6
f 6078/1/6 6083/1/6 6084/1/6 6079/1/6
f 5895/2/2 6080/2/2 6085/2/2 5897/2/2
f 5896/1/1 5898/1/1 6086/1/1 6081/1/1
f 6081/1/6 6086/1/6 6087/1/6 6082/1/6
f 6083/1/6 6088/1/6 6089/1/6 6084/1/6
f 5897/2/2 6085/2/2 6090/2/2 5899/2/2
f 5898/1/1 5900/1/1 6091/1/1 6086/1/1
f 6086/1/6 6091/1/6 6092/1/6 6087/1/6
f 6088/1/6 6093/1/6 6094/1/6 6089/1/6
f 5899/2/2 6090/2/2 6095/2/2 5901/2/2
f 5900/1/1 5902/1/1 6096/1/1 6091/1/1
f 6091/1/6 6096/1/6 6097/1/6 6092/1/6
f 6093/1/6 6098/1/6 6099/1/6 6094/1/6
f 5901/2/2 6095/2/2 6100/2/2 5903/2/2
f 5902/1/1 5904/1/1 6101/1/1 6096/1/1
f 6096/1/6 6101/1/6 6102/1/6 6097/1/6
f 6098/1/6 6103/1/6 6104/1/6 6099/1/6
f 5903/2/2 6100/2/2 6105/2/2 5905/2/2
f 5904/1/1 5929/1/1 6106/1/1 6101/1/1
f 6101/1/6 6106/1/6 6107/1/6 6102/1/6
f 6103/1/6 6108/1/6 6109/1/6 6104/1/6
f 5931/2/4 5930/2/4 6110/2/4 6109/2/4
f 5905/2/2 6105/2/2 6111/2/2 5932/2/2
f 5929/1/1 5941/1/1 6112/1/1 6106/1/1
f 5941/1/4 5942/1/4 6113/1/4 6112/1/4
f 6106/1/6 6112/1/6 6113/1/6 6107/1/6
f 5942/1/4 5943/1/4 6114/1/4 6113/1/4
f 5943/1/4 5944/1/4 6115/1/4 6114/1/4
f 5931/1/2 6109/1/2 6116/1/2 5945/1/2
f 5944/1/4 5945/1/4 6116/1/4 6115/1/4
f 5930/2/1 5946/2/1 6117/2/1 6110/2/1
f 5946/2/4 5947/2/4 6118/2/4 6117/2/4
f 5947/2/4 5948/2/4 6119/2/4 6118/2/4
f 5948/2/4 5949/2/4 6120/2/4 6119/2/4
f 5949/2/4 5950/2/4 6121/2/4 6120/2/4
f 5950/2/4 5951/2/4 6122/2/4 6121/2/4
f 5951/2/4 5952/2/4 6123/2/4 6122/2/4
f 5952/2/4 5953/2/4 6124/2/4 6123/2/4
f 5953/2/4 5954/2/4 6125/2/4 6124/2/4
f 5932/2/2 6111/2/2 6126/2/2 5955/2/2
f 5954/2/4 5955/2/4 6126/2/4 6125/2/4
f 5957/1/1 5956/1/1 6127/1/1 6128/1/1
f 5957/1/3 6128/1/3 6129/1/3 5958/1/3
f 5959/1/2 6130/1/2 6131/1/2 5960/1/2
f 5958/1/3 6129/1/3 6130/1/3 5959/1/3
f 5962/2/1 5961/2/1 6132/2/1 6133/2/1
f 5962/2/3 6133/2/3 6134/2/3 5963/2/3
f 5963/2/3 6134/2/3 6135/2/3 5964/2/3
f 5964/2/3 6135/2/3 6136/2/3 5965/2/3
f 5965/2/3 6136/2/3 6137/2/3 6138/2/3
f 5965/2/5 6138/2/5 6139/2/5 5966/2/5
f 6138/2/3 6137/2/3 6140/2/3 6141/2/3
f 6138/2/5 6141/2/5 6142/2/5 6139/2/5
f 6141/2/3 6140/2/3 6143/2/3 6144/2/3
f 6141/2/5 6144/2/5 6145/2/5 6142/2/5
f 6144/2/3 6143/2/3 6146/2/3 6147/2/3
f 6144/2/5 6147/2/5 6148/2/5 6145/2/5
f 6147/2/3 6146/2/3 6149/2/3 6150/2/3
f 6147/2/5 6150/2/5 6151/2/5 6148/2/5
f 6152/2/2 6153/2/2 6154/2/2 6155/2/2
f 6150/2/3 6149/2/3 6153/2/3 6152/2/3
f 6150/2/5 6152/2/5 6155/2/5 6151/2/5
f 5956/1/1 5967/1/1 6156/1/1 6127/1/1
f 6127/1/6 6156/1/6 6157/1/6 6158/1/6
f 5960/1/3 6131/1/3 6132/1/3 5961/1/3
f 6131/1/6 6159/1/6 6160/1/6 6132/1/6
f 5966/2/5 6139/2/5 5970/2/5 5968/2/5
f 6139/2/5 6142/2/5 5971/2/5 5970/2/5
f 6142/2/5 6145/2/5 5972/2/5 5971/2/5
f 6145/2/5 6148/2/5 5973/2/5 5972/2/5
f 6148/2/5 6151/2/5 5974/2/5 5973/2/5
f 6155/2/2 6154/2/2 6161/2/2 5975/2/2
f 6151/2/5 6155/2/5 5975/2/5 5974/2/5
f 5967/1/1 5969/1/1 6162/1/1 6156/1/1
f 6156/1/6 6162/1/6 6163/1/6 6157/1/6
f 6159/1/6 6164/1/6 6165/1/6 6160/1/6
f 5975/2/2 6161/2/2 6166/2/2 5976/2/2
f 5969/1/1 5977/1/1 6167/1/1 6162/1/1
f 6162/1/6 6167/1/6 6168/1/6 6163/1/6
f 6164/1/6 6169/1/6 6170/1/6 6165/1/6
f 5978/2/2 6171/2/2 6172/2/2 5979/2/2
f 5976/2/3 6166/2/3 6171/2/3 5978/2/3
f 5977/1/1 5980/1/1 6173/1/1 6167/1/1
f 6167/1/6 6173/1/6 6174/1/6 6168/1/6
f 6169/1/6 6175/1/6 6176/1/6 6170/1/6
f 5979/2/2 6172/2/2 6177/2/2 5981/2/2
f 5980/1/1 5986/1/1 6178/1/1 6173/1/1
f 6173/1/6 6178/1/6 6179/1/6 6174/1/6
f 6175/1/6 6180/1/6 6181/1/6 6176/1/6
f 5981/2/2 6177/2/2 6182/2/2 5987/2/2
f 5986/1/1 5990/1/1 6183/1/1 6178/1/1
f 6178/1/6 6183/1/6 6184/1/6 6179/1/6
f 6180/1/6 6185/1/6 6186/1/6 6181/1/6
f 5987/2/2 6182/2/2 6187/2/2 5991/2/2
f 5990/1/1 5994/1/1 6188/1/1 6183/1/1
f 6183/1/6 6188/1/6 6189/1/6 6184/1/6
f 6185/1/6 6190/1/6 6191/1/6 6186/1/6
f 5991/2/2 6187/2/2 6192/2/2 5995/2/2
f 5994/1/1 5997/1/1 6193/1/1 6188/1/1
f 6188/1/6 6193/1/6 6194/1/6 6189/1/6
f 6190/1/6 6195/1/6 6196/1/6 6191/1/6
f 5995/2/2 6192/2/2 6197/2/2 5998/2/2
f 5997/1/1 6000/1/1 6198/1/1 6193/1/1
f 6193/1/6 6198/1/6 6199/1/6 6194/1/6
f 6195/1/6 6200/1/6 6201/1/6 6196/1/6
f 5998/2/2 6197/2/2 6202/2/2 6003/2/2
f 6000/1/1 6005/1/1 6203/1/1 6198/1/1
f 6198/1/6 6203/1/6 6204/1/6 6199/1/6
f 6200/1/6 6205/1/6 6206/1/6 6201/1/6
f 6002/2/5 6001/2/5 6008/2/5 6006/2/5
f 6003/2/2 6202/2/2 6207/2/2 6007/2/2
f 6005/1/1 6010/1/1 6208/1/1 6203/1/1
f 6203/1/6 6208/1/6 6209/1/6 6204/1/6
f 6006/2/5 6008/2/5 6013/2/5 6011/2/5
f 6007/2/2 6207/2/2 6210/2/2 6012/2/2
f 6010/1/1 6015/1/1 6211/1/1 6208/1/1
f 6208/1/6 6211/1/6 6212/1/6 6209/1/6
f 6209/1/6 6212/1/6 6213/1/6 6214/1/6
f 6011/2/5 6013/2/5 6018/2/5 6016/2/5
f 6012/2/2 6210/2/2 6215/2/2 6017/2/2
f 6015/1/1 6020/1/1 6216/1/1 6211/1/1
f 6211/1/6 6216/1/6 6217/1/6 6212/1/6
f 6212/1/6 6217/1/6 6218/1/6 6213/1/6
f 6016/2/5 6018/2/5 6023/2/5 6021/2/5
f 6017/2/2 6215/2/2 6219/2/2 6022/2/2
f 6020/1/1 6025/1/1 6220/1/1 6216/1/1
f 6216/1/6 6220/1/6 6221/1/6 6217/1/6
f 6217/1/6 6221/1/6 6222/1/6 6218/1/6
f 6021/2/5 6023/2/5 6028/2/5 6026/2/5
f 6022/2/2 6219/2/2 6223/2/2 6027/2/2
f 6025/1/1 6030/1/1 6224/1/1 6220/1/1
f 6220/1/6 6224/1/6 6225/1/6 6221/1/6
f 6221/1/6 6225/1/6 6226/1/6 6222/1/6
f 6026/2/5 6028/2/5 6033/2/5 6031/2/5
f 6027/2/2 6223/2/2 6227/2/2 6032/2/2
f 6030/1/1 6035/1/1 6228/1/1 6224/1/1
f 6224/1/6 6228/1/6 6229/1/6 6225/1/6
f 6225/1/6 6229/1/6 6230/1/6 6226/1/6
f 6031/2/5 6033/2/5 6038/2/5 6036/2/5
f 6032/2/2 6227/2/2 6231/2/2 6037/2/2
f 6035/1/1 6040/1/1 6232/1/1 6228/1/1
f 6228/1/6 6232/1/6 6233/1/6 6229/1/6
f 6229/1/6 6233/1/6 6234/1/6 6230/1/6
f 6036/2/5 6038/2/5 6043/2/5 6041/2/5
f 6037/2/2 6231/2/2 6235/2/2 6042/2/2
f 6040/1/1 6045/1/1 6236/1/1 6232/1/1
f 6232/1/6 6236/1/6 6237/1/6 6233/1/6
f 6051/1/4 6054/1/4 6238/1/4 6239/1/4
f 6041/2/5 6043/2/5 6048/2/5 6046/2/5
f 6042/2/2 6235/2/2 6240/2/2 6047/2/2
f 6045/1/1 6050/1/1 6241/1/1 6236/1/1
f 6236/1/6 6241/1/6 6242/1/6 6237/1/6
f 6051/1/2 6239/1/2 6243/1/2 6052/1/2
f 6054/2/1 6053/2/1 6244/2/1 6238/2/1
f 6047/2/2 6240/2/2 6245/2/2 6055/2/2
f 6050/1/1 6057/1/1 6246/1/1 6241/1/1
f 6241/1/6 6246/1/6 6247/1/6 6242/1/6
f 6052/1/2 6243/1/2 6248/1/2 6058/1/2
f 6053/2/1 6059/2/1 6249/2/1 6244/2/1
f 6055/2/2 6245/2/2 6250/2/2 6060/2/2
f 6057/1/1 6062/1/1 6251/1/1 6246/1/1
f 6246/1/6 6251/1/6 6252/1/6 6247/1/6
f 6058/1/2 6248/1/2 6253/1/2 6063/1/2
f 6059/2/1 6064/2/1 6254/2/1 6249/2/1
f 6060/2/2 6250/2/2 6255/2/2 6065/2/2
f 6062/1/1 6067/1/1 6256/1/1 6251/1/1
f 6251/1/6 6256/1/6 6257/1/6 6252/1/6
f 6063/1/2 6253/1/2 6258/1/2 6068/1/2
f 6064/2/1 6069/2/1 6259/2/1 6254/2/1
f 6065/2/2 6255/2/2 6260/2/2 6070/2/2
f 6067/1/1 6072/1/1 6261/1/1 6256/1/1
f 6256/1/6 6261/1/6 6262/1/6 6257/1/6
f 6068/1/2 6258/1/2 6263/1/2 6073/1/2
f 6069/2/1 6074/2/1 6264/2/1 6259/2/1
f 6070/2/2 6260/2/2 6265/2/2 6075/2/2
f 6072/1/1 6077/1/1 6266/1/1 6261/1/1
f 6261/1/6 6266/1/6 6267/1/6 6262/1/6
f 6073/1/2 6263/1/2 6268/1/2 6078/1/2
f 6074/2/1 6079/2/1 6269/2/1 6264/2/1
f 6075/2/2 6265/2/2 6270/2/2 6080/2/2
f 6077/1/1 6082/1/1 6271/1/1 6266/1/1
f 6266/1/6 6271/1/6 6272/1/6 6267/1/6
f 6078/1/2 6268/1/2 6273/1/2 6083/1/2
f 6079/2/1 6084/2/1 6274/2/1 6269/2/1
f 6080/2/2 6270/2/2 6275/2/2 6085/2/2
f 6082/1/1 6087/1/1 6276/1/1 6271/1/1
f 6271/1/6 6276/1/6 6277/1/6 6272/1/6
f 6083/1/2 6273/1/2 6278/1/2 6088/1/2
f 6084/2/1 6089/2/1 6279/2/1 6274/2/1
f 6085/2/2 6275/2/2 6280/2/2 6090/2/2
f 6087/1/1 6092/1/1 6281/1/1 6276/1/1
f 6276/1/6 6281/1/6 6282/1/6 6277/1/6
f 6088/1/2 6278/1/2 6283/1/2 6093/1/2
f 6089/2/1 6094/2/1 6284/2/1 6279/2/1
f 6090/2/2 6280/2/2 6285/2/2 6095/2/2
f 6092/1/1 6097/1/1 6286/1/1 6281/1/1
f 6281/1/6 6286/1/6 6287/1/6 6282/1/6
f 6093/1/2 6283/1/2 6288/1/2 6098/1/2
f 6094/2/1 6099/2/1 6289/2/1 6284/2/1
f 6095/2/2 6285/2/2 6290/2/2 6100/2/2
f 6097/1/1 6102/1/1 6291/1/1 6286/1/1
f 6286/1/6 6291/1/6 6292/1/6 6287/1/6
f 6098/1/2 6288/1/2 6293/1/2 6103/1/2
f 6099/2/1 6104/2/1 6294/2/1 6289/2/1
f 6100/2/2 6290/2/2 6295/2/2 6105/2/2
f 6102/1/1 6107/1/1 6296/1/1 6291/1/1
f 6291/1/6 6296/1/6 6297/1/6 6292/1/6
f 6103/1/2 6293/1/2 6298/1/2 6108/1/2
f 6104/2/1 6109/2/1 6299/2/1 6294/2/1
f 6109/2/4 6110/2/4 6300/2/4 6299/2/4
f 6105/2/2 6295/2/2 6301/2/2 6111/2/2
f 6107/1/1 6113/1/1 6302/1/1 6296/1/1
f 6113/1/4 6114/1/4 6303/1/4 6302/1/4
f 6296/1/6 6302/1/6 6303/1/6 6297/1/6
f 6114/1/4 6115/1/4 6304/1/4 6303/1/4
f 6109/1/2 6299/1/2 6305/1/2 6116/1/2
f 6108/1/3 6298/1/3 6299/1/3 6109/1/3
f 6115/1/4 6116/1/4 6305/1/4 6304/1/4
f 6110/2/1 6117/2/1 6306/2/1 6300/2/1
f 6117/2/4 6118/2/4 6307/2/4 6306/2/4
f 6118/2/4 6119/2/4 6308/2/4 6307/2/4
f 6119/2/4 6120/2/4 6309/2/4 6308/2/4
f 6120/2/4 6121/2/4 6310/2/4 6309/2/4
f 6121/2/4 6122/2/4 6311/2/4 6310/2/4
f 6122/2/4 6123/2/4 6312/2/4 6311/2/4
f 6123/2/4 6124/2/4 6313/2/4 6312/2/4
f 6124/2/4 6125/2/4 6314/2/4 6313/2/4
f 6111/2/2 6301/2/2 6315/2/2 6126/2/2
f 6125/2/4 6126/2/4 6315/2/4 6314/2/4
f 6128/1/1 6127/1/1 6316/1/1 6317/1/1
f 6128/1/3 6317/1/3 6318/1/3 6129/1/3
f 6127/1/4 6158/1/4 6319/1/4 6316/1/4
f 6317/1/6 6316/1/6 6319/1/6 6318/1/6
f 6130/1/2 6320/1/2 6321/1/2 6131/1/2
f 6129/1/3 6318/1/3 6320/1/3 6130/1/3
f 6318/1/6 6319/1/6 6321/1/6 6320/1/6
f 6133/2/1 6132/2/1 6322/2/1 6323/2/1
f 6133/2/3 6323/2/3 6324/2/3 6134/2/3
f 6323/2/6 6322/2/6 6325/2/6 6324/2/6
f 6134/2/3 6324/2/3 6326/2/3 6135/2/3
f 6324/2/6 6325/2/6 6327/2/6 6326/2/6
f 6135/2/3 6326/2/3 6328/2/3 6136/2/3
f 6326/2/6 6327/2/6 6329/2/6 6328/2/6
f 6136/2/3 6328/2/3 6330/2/3 6137/2/3
f 6328/2/6 6329/2/6 6331/2/6 6330/2/6
f 6137/2/3 6330/2/3 6332/2/3 6140/2/3
f 6330/2/6 6331/2/6 6333/2/6 6332/2/6
f 6140/2/3 6332/2/3 6334/2/3 6143/2/3
f 6332/2/6 6333/2/6 6335/2/6 6334/2/6
f 6143/2/3 6334/2/3 6336/2/3 6146/2/3
f 6334/2/6 6335/2/6 6337/2/6 6336/2/6
f 6146/2/3 6336/2/3 6338/2/3 6149/2/3
f 6336/2/6 6337/2/6 6339/2/6 6338/2/6
f 6153/2/2 6340/2/2 6341/2/2 6154/2/2
f 6149/2/3 6338/2/3 6340/2/3 6153/2/3
f 6338/2/6 6339/2/6 6341/2/6 6340/2/6
f 6131/1/2 6321/1/2 6342/1/2 6159/1/2
f 6158/1/1 6157/1/1 6343/1/1 6319/1/1
f 6319/1/6 6343/1/6 6342/1/6 6321/1/6
f 6132/2/1 6160/2/1 6344/2/1 6322/2/1
f 6322/2/6 6344/2/6 6345/2/6 6325/2/6
f 6325/2/6 6345/2/6 6346/2/6 6327/2/6
f 6327/2/6 6346/2/6 6347/2/6 6329/2/6
f 6329/2/6 6347/2/6 6348/2/6 6331/2/6
f 6331/2/6 6348/2/6 6349/2/6 6333/2/6
f 6333/2/6 6349/2/6 6350/2/6 6335/2/6
f 6335/2/6 6350/2/6 6351/2/6 6337/2/6
f 6337/2/6 6351/2/6 6352/2/6 6339/2/6
f 6154/2/2 6341/2/2 6353/2/2 6161/2/2
f 6339/2/6 6352/2/6 6353/2/6 6341/2/6
f 6159/1/2 6342/1/2 6354/1/2 6164/1/2
f 6157/1/1 6163/1/1 6355/1/1 6343/1/1
f 6343/1/6 6355/1/6 6354/1/6 6342/1/6
f 6160/2/1 6165/2/1 6356/2/1 6344/2/1
f 6344/2/6 6356/2/6 6357/2/6 6345/2/6
f 6345/2/6 6357/2/6 6358/2/6 6346/2/6
f 6346/2/6 6358/2/6 6359/2/6 6347/2/6
f 6347/2/6 6359/2/6 6360/2/6 6348/2/6
f 6348/2/6 6360/2/6 6361/2/6 6349/2/6
f 6349/2/6 6361/2/6 6362/2/6 6350/2/6
f 6350/2/6 6362/2/6 6363/2/6 6351/2/6
f 6351/2/6 6363/2/6 6364/2/6 6352/2/6
f 6161/2/2 6353/2/2 6365/2/2 6166/2/2
f 6352/2/6 6364/2/6 6365/2/6 6353/2/6
f 6164/1/2 6354/1/2 6366/1/2 6169/1/2
f 6163/1/1 6168/1/1 6367/1/1 6355/1/1
f 6355/1/6 6367/1/6 6366/1/6 6354/1/6
f 6165/2/1 6170/2/1 6368/2/1 6356/2/1
f 6356/2/6 6368/2/6 6369/2/6 6357/2/6
f 6357/2/6 6369/2/6 6370/2/6 6358/2/6
f 6358/2/6 6370/2/6 6371/2/6 6359/2/6
f 6359/2/6 6371/2/6 6372/2/6 6360/2/6
f 6360/2/6 6372/2/6 6373/2/6 6361/2/6
f 6361/2/6 6373/2/6 6374/2/6 6362/2/6
f 6362/2/6 6374/2/6 6375/2/6 6363/2/6
f 6363/2/6 6375/2/6 6376/2/6 6364/2/6
f 6364/2/6 6376/2/6 6377/2/6 6365/2/6
f 6171/2/2 6378/2/2 6379/2/2 6172/2/2
f 6166/2/3 6365/2/3 6378/2/3 6171/2/3
f 6365/2/6 6377/2/6 6379/2/6 6378/2/6
f 6169/1/2 6366/1/2 6380/1/2 6175/1/2
f 6168/1/1 6174/1/1 6381/1/1 6367/1/1
f 6367/1/6 6381/1/6 6380/1/6 6366/1/6
f 6170/2/1 6176/2/1 6382/2/1 6368/2/1
f 6368/2/6 6382/2/6 6383/2/6 6369/2/6
f 6369/2/6 6383/2/6 6384/2/6 6370/2/6
f 6370/2/6 6384/2/6 6385/2/6 6371/2/6
f 6371/2/6 6385/2/6 6386/2/6 6372/2/6
f 6372/2/6 6386/2/6 6387/2/6 6373/2/6
f 6373/2/6 6387/2/6 6388/2/6 6374/2/6
f 6374/2/6 6388/2/6 6389/2/6 6375/2/6
f 6375/2/6 6389/2/6 6390/2/6 6376/2/6
f 6376/2/6 6390/2/6 6391/2/6 6377/2/6
f 6172/2/2 6379/2/2 6392/2/2 6177/2/2
f 6377/2/6 6391/2/6 6392/2/6 6379/2/6
f 6175/1/2 6380/1/2 6393/1/2 6180/1/2
f 6174/1/1 6179/1/1 6394/1/1 6381/1/1
f 6381/1/6 6394/1/6 6393/1/6 6380/1/6
f 6176/2/1 6181/2/1 6395/2/1 6382/2/1
f 6382/2/6 6395/2/6 6396/2/6 6383/2/6
f 6383/2/6 6396/2/6 6397/2/6 6384/2/6
f 6384/2/6 6397/2/6 6398/2/6 6385/2/6
f 6385/2/6 6398/2/6 6399/2/6 6386/2/6
f 6386/2/6 6399/2/6 6400/2/6 6387/2/6
f 6387/2/6 6400/2/6 6401/2/6 6388/2/6
f 6388/2/6 6401/2/6 6402/2/6 6389/2/6
f 6389/2/6 6402/2/6 6403/2/6 6390/2/6
f 6390/2/6 6403/2/6 6404/2/6 6391/2/6
f 6177/2/2 6392/2/2 6405/2/2 6182/2/2
f 6391/2/6 6404/2/6 6405/2/6 6392/2/6
f 6180/1/2 6393/1/2 6406/1/2 6185/1/2
f 6179/1/1 6184/1/1 6407/1/1 6394/1/1
f 6394/1/6 6407/1/6 6406/1/6 6393/1/6
f 6181/2/1 6186/2/1 6408/2/1 6395/2/1
f 6395/2/6 6408/2/6 6409/2/6 6396/2/6
f 6396/2/6 6409/2/6 6410/2/6 6397/2/6
f 6397/2/6 6410/2/6 6411/2/6 6398/2/6
f 6398/2/6 6411/2/6 6412/2/6 6399/2/6
f 6399/2/6 6412/2/6 6413/2/6 6400/2/6
f 6400/2/6 6413/2/6 6414/2/6 6401/2/6
f 6401/2/6 6414/2/6 6415/2/6 6402/2/6
f 6402/2/6 6415/2/6 6416/2/6 6403/2/6
f 6403/2/6 6416/2/6 6417/2/6 6404/2/6
f 6182/2/2 6405/2/2 6418/2/2 6187/2/2
f 6404/2/6 6417/2/6 6418/2/6 6405/2/6
f 6185/1/2 6406/1/2 6419/1/2 6190/1/2
f 6184/1/1 6189/1/1 6420/1/1 6407/1/1
f 6407/1/6 6420/1/6 6419/1/6 6406/1/6
f 6186/2/1 6191/2/1 6421/2/1 6408/2/1
f 6408/2/6 6421/2/6 6422/2/6 6409/2/6
f 6409/2/6 6422/2/6 6423/2/6 6410/2/6
f 6410/2/6 6423/2/6 6424/2/6 6411/2/6
f 6411/2/6 6424/2/6 6425/2/6 6412/2/6
f 6412/2/6 6425/2/6 6426/2/6 6413/2/6
f 6413/2/6 6426/2/6 6427/2/6 6414/2/6
f 6414/2/6 6427/2/6 6428/2/6 6415/2/6
f 6415/2/6 6428/2/6 6429/2/6 6416/2/6
f 6416/2/6 6429/2/6 6430/2/6 6417/2/6
f 6187/2/2 6418/2/2 6431/2/2 6192/2/2
f 6417/2/6 6430/2/6 6431/2/6 6418/2/6
f 6190/1/2 6419/1/2 6432/1/2 6195/1/2
f 6189/1/1 6194/1/1 6433/1/1 6420/1/1
f 6420/1/6 6433/1/6 6432/1/6 6419/1/6
f 6191/2/1 6196/2/1 6434/2/1 6421/2/1
f 6421/2/6 6434/2/6 6435/2/6 6422/2/6
f 6422/2/6 6435/2/6 6436/2/6 6423/2/6
f 6423/2/6 6436/2/6 6437/2/6 6424/2/6
f 6424/2/6 6437/2/6 6438/2/6 6425/2/6
f 6425/2/6 6438/2/6 6439/2/6 6426/2/6
f 6426/2/6 6439/2/6 6440/2/6 6427/2/6
f 6427/2/6 6440/2/6 6441/2/6 6428/2/6
f 6428/2/6 6441/2/6 6442/2/6 6429/2/6
f 6429/2/6 6442/2/6 6443/2/6 6430/2/6
f 6192/2/2 6431/2/2 6444/2/2 6197/2/2
f 6430/2/6 6443/2/6 6444/2/6 6431/2/6
f 6195/1/2 6432/1/2 6445/1/2 6200/1/2
f 6194/1/1 6199/1/1 6446/1/1 6433/1/1
f 6433/1/6 6446/1/6 6445/1/6 6432/1/6
f 6196/2/1 6201/2/1 6447/2/1 6434/2/1
f 6434/2/6 6447/2/6 6448/2/6 6435/2/6
f 6435/2/6 6448/2/6 6449/2/6 6436/2/6
f 6436/2/6 6449/2/6 6450/2/6 6437/2/6
f 6437/2/6 6450/2/6 6451/2/6 6438/2/6
f 6438/2/6 6451/2/6 6452/2/6 6439/2/6
f 6439/2/6 6452/2/6 6453/2/6 6440/2/6
f 6440/2/6 6453/2/6 6454/2/6 6441/2/6
f 6441/2/6 6454/2/6 6455/2/6 6442/2/6
f 6442/2/6 6455/2/6 6456/2/6 6443/2/6
f 6197/2/2 6444/2/2 6457/2/2 6202/2/2
f 6443/2/6 6456/2/6 6457/2/6 6444/2/6
f 6200/1/2 6445/1/2 6458/1/2 6205/1/2
f 6199/1/1 6204/1/1 6459/1/1 6446/1/1
f 6446/1/6 6459/1/6 6458/1/6 6445/1/6
f 6201/2/1 6206/2/1 6460/2/1 6447/2/1
f 6447/2/6 6460/2/6 6461/2/6 6448/2/6
f 6448/2/6 6461/2/6 6462/2/6 6449/2/6
f 6449/2/6 6462/2/6 6463/2/6 6450/2/6
f 6450/2/6 6463/2/6 6464/2/6 6451/2/6
f 6451/2/6 6464/2/6 6465/2/6 6452/2/6
f 6452/2/6 6465/2/6 6466/2/6 6453/2/6
f 6453/2/6 6466/2/6 6467/2/6 6454/2/6
f 6454/2/6 6467/2/6 6468/2/6 6455/2/6
f 6455/2/6 6468/2/6 6469/2/6 6456/2/6
f 6202/2/2 6457/2/2 6470/2/2 6207/2/2
f 6456/2/6 6469/2/6 6470/2/6 6457/2/6
f 6204/1/1 6209/1/1 6471/1/1 6459/1/1
f 6209/1/4 6214/1/4 6472/1/4 6471/1/4
f 6459/1/6 6471/1/6 6472/1/6 6458/1/6
f 6205/1/3 6458/1/3 6460/1/3 6206/1/3
f 6458/1/6 6472/1/6 6473/1/6 6460/1/6
f 6460/2/6 6473/2/6 6474/2/6 6461/2/6
f 6461/2/6 6474/2/6 6475/2/6 6462/2/6
f 6462/2/6 6475/2/6 6476/2/6 6463/2/6
f 6463/2/6 6476/2/6 6477/2/6 6464/2/6
f 6464/2/6 6477/2/6 6478/2/6 6465/2/6
f 6465/2/6 6478/2/6 6479/2/6 6466/2/6
f 6466/2/6 6479/2/6 6480/2/6 6467/2/6
f 6467/2/6 6480/2/6 6481/2/6 6468/2/6
f 6468/2/6 6481/2/6 6482/2/6 6469/2/6
f 6207/2/2 6470/2/2 6483/2/2 6210/2/2
f 6469/2/6 6482/2/6 6483/2/6 6470/2/6
f 6214/1/1 6213/1/1 6484/1/1 6472/1/1
f 6472/1/6 6484/1/6 6485/1/6 6473/1/6
f 6473/2/6 6485/2/6 6486/2/6 6474/2/6
f 6474/2/6 6486/2/6 6487/2/6 6475/2/6
f 6475/2/6 6487/2/6 6488/2/6 6476/2/6
f 6476/2/6 6488/2/6 6489/2/6 6477/2/6
f 6477/2/6 6489/2/6 6490/2/6 6478/2/6
f 6478/2/6 6490/2/6 6491/2/6 6479/2/6
f 6479/2/6 6491/2/6 6492/2/6 6480/2/6
f 6480/2/6 6492/2/6 6493/2/6 6481/2/6
f 6481/2/6 6493/2/6 6494/2/6 6482/2/6
f 6210/2/2 6483/2/2 6495/2/2 6215/2/2
f 6482/2/6 6494/2/6 6495/2/6 6483/2/6
f 6213/1/1 6218/1/1 6496/1/1 6484/1/1
f 6484/1/6 6496/1/6 6497/1/6 6485/1/6
f 6485/2/6 6497/2/6 6498/2/6 6486/2/6
f 6486/2/6 6498/2/6 6499/2/6 6487/2/6
f 6487/2/6 6499/2/6 6500/2/6 6488/2/6
f 6488/2/6 6500/2/6 6501/2/6 6489/2/6
f 6489/2/6 6501/2/6 6502/2/6 6490/2/6
f 6490/2/6 6502/2/6 6503/2/6 6491/2/6
f 6491/2/6 6503/2/6 6504/2/6 6492/2/6
f 6492/2/6 6504/2/6 6505/2/6 6493/2/6
f 6493/2/6 6505/2/6 6506/2/6 6494/2/6
f 6215/2/2 6495/2/2 6507/2/2 6219/2/2
f 6494/2/6 6506/2/6 6507/2/6 6495/2/6
f 6218/1/1 6222/1/1 6508/1/1 6496/1/1
f 6496/1/6 6508/1/6 6509/1/6 6497/1/6
f 6497/2/6 6509/2/6 6510/2/6 6498/2/6
f 6498/2/6 6510/2/6 6511/2/6 6499/2/6
f 6499/2/6 6511/2/6 6512/2/6 6500/2/6
f 6500/2/6 6512/2/6 6513/2/6 6501/2/6
f 6501/2/6 6513/2/6 6514/2/6 6502/2/6
f 6502/2/6 6514/2/6 6515/2/6 6503/2/6
f 6503/2/6 6515/2/6 6516/2/6 6504/2/6
f 6504/2/6 6516/2/6 6517/2/6 6505/2/6
f 6505/2/6 6517/2/6 6518/2/6 6506/2/6
f 6219/2/2 6507/2/2 6519/2/2 6223/2/2
f 6506/2/6 6518/2/6 6519/2/6 6507/2/6
f 6222/1/1 6226/1/1 6520/1/1 6508/1/1
f 6508/1/6 6520/1/6 6521/1/6 6509/1/6
f 6509/2/6 6521/2/6 6522/2/6 6510/2/6
f 6510/2/6 6522/2/6 6523/2/6 6511/2/6
f 6511/2/6 6523/2/6 6524/2/6 6512/2/6
f 6512/2/6 6524/2/6 6525/2/6 6513/2/6
f 6513/2/6 6525/2/6 6526/2/6 6514/2/6
f 6514/2/6 6526/2/6 6527/2/6 6515/2/6
f 6515/2/6 6527/2/6 6528/2/6 6516/2/6
f 6516/2/6 6528/2/6 6529/2/6 6517/2/6
f 6517/2/6 6529/2/6 6530/2/6 6518/2/6
f 6223/2/2 6519/2/2 6531/2/2 6227/2/2
f 6518/2/6 6530/2/6 6531/2/6 6519/2/6
f 6226/1/1 6230/1/1 6532/1/1 6520/1/1
f 6520/1/6 6532/1/6 6533/1/6 6521/1/6
f 6521/2/6 6533/2/6 6534/2/6 6522/2/6
f 6522/2/6 6534/2/6 6535/2/6 6523/2/6
f 6523/2/6 6535/2/6 6536/2/6 6524/2/6
f 6524/2/6 6536/2/6 6537/2/6 6525/2/6
f 6525/2/6 6537/2/6 6538/2/6 6526/2/6
f 6526/2/6 6538/2/6 6539/2/6 6527/2/6
f 6527/2/6 6539/2/6 6540/2/6 6528/2/6
f 6528/2/6 6540/2/6 6541/2/6 6529/2/6
f 6529/2/6 6541/2/6 6542/2/6 6530/2/6
f 6227/2/2 6531/2/2 6543/2/2 6231/2/2
f 6530/2/6 6542/2/6 6543/2/6 6531/2/6
f 6230/1/1 6234/1/1 6544/1/1 6532/1/1
f 6532/1/6 6544/1/6 6545/1/6 6533/1/6
f 6533/2/6 6545/2/6 6546/2/6 6534/2/6
f 6534/2/6 6546/2/6 6547/2/6 6535/2/6
f 6535/2/6 6547/2/6 6548/2/6 6536/2/6
f 6536/2/6 6548/2/6 6549/2/6 6537/2/6
f 6537/2/6 6549/2/6 6550/2/6 6538/2/6
f 6538/2/6 6550/2/6 6551/2/6 6539/2/6
f 6539/2/6 6551/2/6 6552/2/6 6540/2/6
f 6540/2/6 6552/2/6 6553/2/6 6541/2/6
f 6541/2/6 6553/2/6 6554/2/6 6542/2/6
f 6231/2/2 6543/2/2 6555/2/2 6235/2/2
f 6542/2/6 6554/2/6 6555/2/6 6543/2/6
f 6233/1/1 6237/1/1 6556/1/1 6557/1/1
f 6233/1/3 6557/1/3 6544/1/3 6234/1/3
f 6557/1/6 6556/1/6 6558/1/6 6544/1/6
f 6239/1/4 6238/1/4 6559/1/4 6558/1/4
f 6544/1/6 6558/1/6 6559/1/6 6545/1/6
f 6545/2/6 6559/2/6 6560/2/6 6546/2/6
f 6546/2/6 6560/2/6 6561/2/6 6547/2/6
f 6547/2/6 6561/2/6 6562/2/6 6548/2/6
f 6548/2/6 6562/2/6 6563/2/6 6549/2/6
f 6549/2/6 6563/2/6 6564/2/6 6550/2/6
f 6550/2/6 6564/2/6 6565/2/6 6551/2/6
f 6551/2/6 6565/2/6 6566/2/6 6552/2/6
f 6552/2/6 6566/2/6 6567/2/6 6553/2/6
f 6553/2/6 6567/2/6 6568/2/6 6554/2/6
f 6235/2/2 6555/2/2 6569/2/2 6240/2/2
f 6554/2/6 6568/2/6 6569/2/6 6555/2/6
f 6239/1/2 6558/1/2 6570/1/2 6243/1/2
f 6237/1/1 6242/1/1 6571/1/1 6556/1/1
f 6556/1/6 6571/1/6 6570/1/6 6558/1/6
f 6238/2/1 6244/2/1 6572/2/1 6559/2/1
f 6559/2/6 6572/2/6 6573/2/6 6560/2/6
f 6560/2/6 6573/2/6 6574/2/6 6561/2/6
f 6561/2/6 6574/2/6 6575/2/6 6562/2/6
f 6562/2/6 6575/2/6 6576/2/6 6563/2/6
f 6563/2/6 6576/2/6 6577/2/6 6564/2/6
f 6564/2/6 6577/2/6 6578/2/6 6565/2/6
f 6565/2/6 6578/2/6 6579/2/6 6566/2/6
f 6566/2/6 6579/2/6 6580/2/6 6567/2/6
f 6567/2/6 6580/2/6 6581/2/6 6568/2/6
f 6240/2/2 6569/2/2 6582/2/2 6245/2/2
f 6568/2/6 6581/2/6 6582/2/6 6569/2/6
f 6243/1/2 6570/1/2 6583/1/2 6248/1/2
f 6242/1/1 6247/1/1 6584/1/1 6571/1/1
f 6571/1/6 6584/1/6 6583/1/6 6570/1/6
f 6244/2/1 6249/2/1 6585/2/1 6572/2/1
f 6572/2/6 6585/2/6 6586/2/6 6573/2/6
f 6573/2/6 6586/2/6 6587/2/6 6574/2/6
f 6574/2/6 6587/2/6 6588/2/6 6575/2/6
f 6575/2/6 6588/2/6 6589/2/6 6576/2/6
f 6576/2/6 6589/2/6 6590/2/6 6577/2/6
f 6577/2/6 6590/2/6 6591/2/6 6578/2/6
f 6578/2/6 6591/2/6 6592/2/6 6579/2/6
f 6579/2/6 6592/2/6 6593/2/6 6580/2/6
f 6580/2/6 6593/2/6 6594/2/6 6581/2/6
f 6245/2/2 6582/2/2 6595/2/2 6250/2/2
f 6581/2/6 6594/2/6 6595/2/6 6582/2/6
f 6248/1/2 6583/1/2 6596/1/2 6253/1/2
f 6247/1/1 6252/1/1 6597/1/1 6584/1/1
f 6584/1/6 6597/1/6 6596/1/6 6583/1/6
f 6249/2/1 6254/2/1 6598/2/1 6585/2/1
f 6585/2/6 6598/2/6 6599/2/6 6586/2/6
f 6586/2/6 6599/2/6 6600/2/6 6587/2/6
f 6587/2/6 6600/2/6 6601/2/6 6588/2/6
f 6588/2/6 6601/2/6 6602/2/6 6589/2/6
f 6589/2/6 6602/2/6 6603/2/6 6590/2/6
f 6590/2/6 6603/2/6 6604/2/6 6591/2/6
f 6591/2/6 6604/2/6 6605/2/6 6592/2/6
f 6592/2/6 6605/2/6 6606/2/6 6593/2/6
f 6593/2/6 6606/2/6 6607/2/6 6594/2/6
f 6250/2/2 6595/2/2 6608/2/2 6255/2/2
f 6594/2/6 6607/2/6 6608/2/6 6595/2/6
f 6253/1/2 6596/1/2 6609/1/2 6258/1/2
f 6252/1/1 6257/1/1 6610/1/1 6597/1/1
f 6597/1/6 6610/1/6 6609/1/6 6596/1/6
f 6254/2/1 6259/2/1 6611/2/1 6598/2/1
f 6598/2/6 6611/2/6 6612/2/6 6599/2/6
f 6599/2/6 6612/2/6 6613/2/6 6600/2/6
f 6600/2/6 6613/2/6 6614/2/6 6601/2/6
f 6601/2/6 6614/2/6 6615/2/6 6602/2/6
f 6602/2/6 6615/2/6 6616/2/6 6603/2/6
f 6603/2/6 6616/2/6 6617/2/6 6604/2/6
f 6604/2/6 6617/2/6 6618/2/6 6605/2/6
f 6605/2/6 6618/2/6 6619/2/6 6606/2/6
f 6606/2/6 6619/2/6 6620/2/6 6607/2/6
f 6255/2/2 6608/2/2 6621/2/2 6260/2/2
f 6607/2/6 6620/2/6 6621/2/6 6608/2/6
f 6258/1/2 6609/1/2 6622/1/2 6263/1/2
f 6257/1/1 6262/1/1 6623/1/1 6610/1/1
f 6610/1/6 6623/1/6 6622/1/6 6609/1/6
f 6259/2/1 6264/2/1 6624/2/1 6611/2/1
f 6611/2/6 6624/2/6 6625/2/6 6612/2/6
f 6612/2/6 6625/2/6 6626/2/6 6613/2/6
f 6613/2/6 6626/2/6 6627/2/6 6614/2/6
f 6614/2/6 6627/2/6 6628/2/6 6615/2/6
f 6615/2/6 6628/2/6 6629/2/6 6616/2/6
f 6616/2/6 6629/2/6 6630/2/6 6617/2/6
f 6617/2/6 6630/2/6 6631/2/6 6618/2/6
f 6618/2/6 6631/2/6 6632/2/6 6619/2/6
f 6619/2/6 6632/2/6 6633/2/6 6620/2/6
f 6260/2/2 6621/2/2 6634/2/2 6265/2/2
f 6620/2/6 6633/2/6 6634/2/6 6621/2/6
f 6263/1/2 6622/1/2 6635/1/2 6268/1/2
f 6262/1/1 6267/1/1 6636/1/1 6623/1/1
f 6623/1/6 6636/1/6 6635/1/6 6622/1/6
f 6264/2/1 6269/2/1 6637/2/1 6624/2/1
f 6624/2/6 6637/2/6 6638/2/6 6625/2/6
f 6625/2/6 6638/2/6 6639/2/6 6626/2/6
f 6626/2/6 6639/2/6 6640/2/6 6627/2/6
f 6627/2/6 6640/2/6 6641/2/6 6628/2/6
f 6628/2/6 6641/2/6 6642/2/6 6629/2/6
f 6629/2/6 6642/2/6 6643/2/6 6630/2/6
f 6630/2/6 6643/2/6 6644/2/6 6631/2/6
f 6631/2/6 6644/2/6 6645/2/6 6632/2/6
f 6632/2/6 6645/2/6 6646/2/6 6633/2/6
f 6265/2/2 6634/2/2 6647/2/2 6270/2/2
f 6633/2/6 6646/2/6 6647/2/6 6634/2/6
f 6268/1/2 6635/1/2 6648/1/2 6273/1/2
f 6267/1/1 6272/1/1 6649/1/1 6636/1/1
f 6636/1/6 6649/1/6 6648/1/6 6635/1/6
f 6269/2/1 6274/2/1 6650/2/1 6637/2/1
f 6637/2/6 6650/2/6 6651/2/6 6638/2/6
f 6638/2/6 6651/2/6 6652/2/6 6639/2/6
f 6639/2/6 6652/2/6 6653/2/6 6640/2/6
f 6640/2/6 6653/2/6 6654/2/6 6641/2/6
f 6641/2/6 6654/2/6 6655/2/6 6642/2/6
f 6642/2/6 6655/2/6 6656/2/6 6643/2/6
f 6643/2/6 6656/2/6 6657/2/6 6644/2/6
f 6644/2/6 6657/2/6 6658/2/6 6645/2/6
f 6645/2/6 6658/2/6 6659/2/6 6646/2/6
f 6270/2/2 6647/2/2 6660/2/2 6275/2/2
f 6646/2/6 6659/2/6 6660/2/6 6647/2/6
f 6273/1/2 6648/1/2 6661/1/2 6278/1/2
f 6272/1/1 6277/1/1 6662/1/1 6649/1/1
f 6649/1/6 6662/1/6 6661/1/6 6648/1/6
f 6274/2/1 6279/2/1 6663/2/1 6650/2/1
f 6650/2/6 6663/2/6 6664/2/6 6651/2/6
f 6651/2/6 6664/2/6 6665/2/6 6652/2/6
f 6652/2/6 6665/2/6 6666/2/6 6653/2/6
f 6653/2/6 6666/2/6 6667/2/6 6654/2/6
f 6654/2/6 6667/2/6 6668/2/6 6655/2/6
f 6655/2/6 6668/2/6 6669/2/6 6656/2/6
f 6656/2/6 6669/2/6 6670/2/6 6657/2/6
f 6657/2/6 6670/2/6 6671/2/6 6658/2/6
f 6658/2/6 6671/2/6 6672/2/6 6659/2/6
f 6275/2/2 6660/2/2 6673/2/2 6280/2/2
f 6659/2/6 6672/2/6 6673/2/6 6660/2/6
f 6278/1/2 6661/1/2 6674/1/2 6283/1/2
f 6277/1/1 6282/1/1 6675/1/1 6662/1/1
f 6662/1/6 6675/1/6 6674/1/6 6661/1/6
f 6279/2/1 6284/2/1 6676/2/1 6663/2/1
f 6663/2/6 6676/2/6 6677/2/6 6664/2/6
f 6664/2/6 6677/2/6 6678/2/6 6665/2/6
f 6665/2/6 6678/2/6 6679/2/6 6666/2/6
f 6666/2/6 6679/2/6 6680/2/6 6667/2/6
f 6667/2/6 6680/2/6 6681/2/6 6668/2/6
f 6668/2/6 6681/2/6 6682/2/6 6669/2/6
f 6669/2/6 6682/2/6 6683/2/6 6670/2/6
f 6670/2/6 6683/2/6 6684/2/6 6671/2/6
f 6671/2/6 6684/2/6 6685/2/6 6672/2/6
f 6280/2/2 6673/2/2 6686/2/2 6285/2/2
f 6672/2/6 6685/2/6 6686/2/6 6673/2/6
f 6283/1/2 6674/1/2 6687/1/2 6288/1/2
f 6282/1/1 6287/1/1 6688/1/1 6675/1/1
f 6675/1/6 6688/1/6 6687/1/6 6674/1/6
f 6284/2/1 6289/2/1 6689/2/1 6676/2/1
f 6676/2/6 6689/2/6 6690/2/6 6677/2/6
f 6677/2/6 6690/2/6 6691/2/6 6678/2/6
f 6678/2/6 6691/2/6 6692/2/6 6679/2/6
f 6679/2/6 6692/2/6 6693/2/6 6680/2/6
f 6680/2/6 6693/2/6 6694/2/6 6681/2/6
f 6681/2/6 6694/2/6 6695/2/6 6682/2/6
f 6682/2/6 6695/2/6 6696/2/6 6683/2/6
f 6683/2/6 6696/2/6 6697/2/6 6684/2/6
f 6684/2/6 6697/2/6 6698/2/6 6685/2/6
f 6285/2/2 6686/2/2 6699/2/2 6290/2/2
f 6685/2/6 6698/2/6 6699/2/6 6686/2/6
f 6288/1/2 6687/1/2 6700/1/2 6293/1/2
f 6287/1/1 6292/1/1 6701/1/1 6688/1/1
f 6688/1/6 6701/1/6 6700/1/6 6687/1/6
f 6289/2/1 6294/2/1 6702/2/1 6689/2/1
f 6689/2/6 6702/2/6 6703/2/6 6690/2/6
f 6690/2/6 6703/2/6 6704/2/6 6691/2/6
f 6691/2/6 6704/2/6 6705/2/6 6692/2/6
f 6692/2/6 6705/2/6 6706/2/6 6693/2/6
f 6693/2/6 6706/2/6 6707/2/6 6694/2/6
f 6694/2/6 6707/2/6 6708/2/6 6695/2/6
f 6695/2/6 6708/2/6 6709/2/6 6696/2/6
f 6696/2/6 6709/2/6 6710/2/6 6697/2/6
f 6697/2/6 6710/2/6 6711/2/6 6698/2/6
f 6290/2/2 6699/2/2 6712/2/2 6295/2/2
f 6698/2/6 6711/2/6 6712/2/6 6699/2/6
f 6293/1/2 6700/1/2 6713/1/2 6298/1/2
f 6292/1/1 6297/1/1 6714/1/1 6701/1/1
f 6701/1/6 6714/1/6 6713/1/6 6700/1/6
f 6294/2/1 6299/2/1 6715/2/1 6702/2/1
f 6702/2/6 6715/2/6 6716/2/6 6703/2/6
f 6703/2/6 6716/2/6 6717/2/6 6704/2/6
f 6704/2/6 6717/2/6 6718/2/6 6705/2/6
f 6705/2/6 6718/2/6 6719/2/6 6706/2/6
f 6706/2/6 6719/2/6 6720/2/6 6707/2/6
f 6707/2/6 6720/2/6 6721/2/6 6708/2/6
f 6708/2/6 6721/2/6 6722/2/6 6709/2/6
f 6709/2/6 6722/2/6 6723/2/6 6710/2/6
f 6710/2/6 6723/2/6 6724/2/6 6711/2/6
f 6295/2/2 6712/2/2 6725/2/2 6301/2/2
f 6711/2/6 6724/2/6 6725/2/6 6712/2/6
f 6297/1/1 6303/1/1 6726/1/1 6714/1/1
f 6303/1/4 6304/1/4 6727/1/4 6726/1/4
f 6714/1/6 6726/1/6 6727/1/6 6713/1/6
f 6298/1/3 6713/1/3 6715/1/3 6299/1/3
f 6304/1/4 6305/1/4 6728/1/4 6727/1/4
f 6713/1/6 6727/1/6 6728/1/6 6715/1/6
f 6305/2/4 6306/2/4 6729/2/4 6728/2/4
f 6715/2/6 6728/2/6 6729/2/6 6716/2/6
f 6299/2/5 6300/2/5 6306/2/5 6305/2/5
f 6306/2/4 6307/2/4 6730/2/4 6729/2/4
f 6716/2/6 6729/2/6 6730/2/6 6717/2/6
f 6307/2/4 6308/2/4 6731/2/4 6730/2/4
f 6717/2/6 6730/2/6 6731/2/6 6718/2/6
f 6308/2/4 6309/2/4 6732/2/4 6731/2/4
f 6718/2/6 6731/2/6 6732/2/6 6719/2/6
f 6309/2/4 6310/2/4 6733/2/4 6732/2/4
f 6719/2/6 6732/2/6 6733/2/6 6720/2/6
f 6310/2/4 6311/2/4 6734/2/4 6733/2/4
f 6720/2/6 6733/2/6 6734/2/6 6721/2/6
f 6311/2/4 6312/2/4 6735/2/4 6734/2/4
f 6721/2/6 6734/2/6 6735/2/6 6722/2/6
f 6312/2/4 6313/2/4 6736/2/4 6735/2/4
f 6722/2/6 6735/2/6 6736/2/6 6723/2/6
f 6313/2/4 6314/2/4 6737/2/4 6736/2/4
f 6723/2/6 6736/2/6 6737/2/6 6724/2/6
f 6301/2/2 6725/2/2 6738/2/2 6315/2/2
f 6314/2/4 6315/2/4 6738/2/4 6737/2/4
f 6724/2/6 6737/2/6 6738/2/6 6725/2/6
