# MagicaVoxel @ Ephtracy

# group
o 

# material
mtllib PlantasVoxel pivot-3.mtl
usemtl palette

# normals
vn -1 0 0
vn 1 0 0
vn 0 0 1
vn 0 0 -1
vn 0 -1 0
vn 0 1 0

# texcoords
vt 0.814453 0.5
vt 0.818359 0.5
vt 0.822266 0.5
vt 0.826172 0.5
vt 0.830078 0.5
vt 0.833984 0.5
vt 0.837891 0.5
vt 0.841797 0.5
vt 0.869141 0.5
vt 0.873047 0.5
vt 0.880859 0.5
vt 0.904297 0.5
vt 0.908203 0.5
vt 0.919922 0.5

# verts
v -1.6 0.5 0.8
v -1.6 0.5 0.7
v -1.6 0.9 0.8
v -1.6 0.9 0.7
v -1.5 0.3 0.7
v -1.5 0.3 0.6
v -1.5 0.5 0.7
v -1.5 0.5 0.6
v -1.5 0.6 0.7
v -1.5 0.6 0.5
v -1.5 0.9 0.7
v -1.5 0.9 0.6
v -1.5 0.9 0.5
v -1.5 1 0.7
v -1.5 1 0.6
v -1.5 1 0.5
v -1.5 1.1 0.6
v -1.5 1.1 0.5
v -1.4 0.2 0.6
v -1.4 0.2 0.5
v -1.4 0.3 0.6
v -1.4 0.3 0.5
v -1.4 0.5 0.7
v -1.4 0.5 0.6
v -1.4 0.5 0.5
v -1.4 0.6 0.7
v -1.4 0.6 0.6
v -1.4 0.9 0.6
v -1.4 0.9 0.5
v -1.4 1 0.6
v -1.4 1 0.5
v -1.4 1.1 0.5
v -1.4 1.1 0.4
v -1.4 1.2 0.5
v -1.4 1.2 0.4
v -1.3 0.1 0.5
v -1.3 0.1 0.2
v -1.3 0.2 0.5
v -1.3 0.3 0.5
v -1.3 0.3 0.4
v -1.3 0.3 0.2
v -1.3 0.5 0.6
v -1.3 0.5 0.5
v -1.3 0.6 0.6
v -1.3 0.6 0.5
v -1.3 0.6 0.4
v -1.3 1 0.5
v -1.3 1 0.4
v -1.3 1.1 0.5
v -1.3 1.1 0.4
v -1.3 1.2 0.4
v -1.3 1.2 0.3
v -1.3 1.3 0.4
v -1.3 1.3 0.3
v -1.2 0 0.2
v -1.2 0 -0.4
v -1.2 0.1 0.2
v -1.2 0.1 -0.4
v -1.2 0.1 -0.7
v -1.2 0.2 0.2
v -1.2 0.2 -0.4
v -1.2 0.2 -0.7
v -1.2 0.2 -0.8
v -1.2 0.3 0.4
v -1.2 0.3 0.3
v -1.2 0.3 -0.4
v -1.2 0.3 -0.8
v -1.2 0.4 0.4
v -1.2 0.4 0.3
v -1.2 0.6 0.5
v -1.2 0.6 0.4
v -1.2 0.8 0.5
v -1.2 0.8 0.4
v -1.2 1.2 0.1
v -1.2 1.2 -0.3
v -1.2 1.3 0.3
v -1.2 1.3 0.1
v -1.2 1.3 -0.3
v -1.2 1.3 -0.5
v -1.2 1.4 0.3
v -1.2 1.4 0.1
v -1.2 1.4 -0.3
v -1.2 1.4 -0.5
v -1.2 2.3 -0.1
v -1.2 2.3 -0.2
v -1.2 2.6 -0.1
v -1.2 2.6 -0.2
v -1.1 0.3 -0.8
v -1.1 0.3 -0.9
v -1.1 0.4 0.8
v -1.1 0.4 0.7
v -1.1 0.4 -0.8
v -1.1 0.4 -0.9
v -1.1 0.5 0.8
v -1.1 0.5 0.7
v -1.1 0.8 0.5
v -1.1 0.8 0.4
v -1.1 0.9 0.5
v -1.1 0.9 0.4
v -1.1 1.1 -0.6
v -1.1 1.1 -0.7
v -1.1 1.2 -0.5
v -1.1 1.2 -0.6
v -1.1 1.2 -0.7
v -1.1 1.3 -0.5
v -1.1 1.3 -0.6
v -1.1 1.6 0.2
v -1.1 1.6 0.1
v -1.1 1.7 0.2
v -1.1 1.7 0.1
v -1.1 2.1 -0.1
v -1.1 2.1 -0.2
v -1.1 2.2 -0.1
v -1.1 2.2 -0.2
v -1.1 2.3 -0.1
v -1.1 2.3 -0.2
v -1 0.4 -0.9
v -1 0.4 -1
v -1 0.9 0.5
v -1 0.9 0.4
v -1 0.9 -0.8
v -1 0.9 -0.9
v -1 0.9 -1
v -1 1 0.5
v -1 1 0.4
v -1 1 -0.7
v -1 1 -0.8
v -1 1 -0.9
v -1 1.1 -0.5
v -1 1.1 -0.6
v -1 1.1 -0.7
v -1 1.1 -0.8
v -1 1.2 0.2
v -1 1.2 0.1
v -1 1.2 -0.5
v -1 1.2 -0.6
v -1 1.3 0.2
v -1 1.3 0.1
v -1 1.6 -0.3
v -1 1.6 -0.4
v -1 1.8 -0.3
v -1 1.8 -0.4
v -1 2 -0.1
v -1 2 -0.2
v -1 2.1 -0.1
v -1 2.1 -0.2
v -0.9 0.3 0.6
v -0.9 0.3 0.5
v -0.9 0.3 -0.7
v -0.9 0.3 -0.8
v -0.9 0.4 0.6
v -0.9 0.4 0.5
v -0.9 0.4 -0.7
v -0.9 0.4 -0.8
v -0.9 1.1 0.4
v -0.9 1.1 0.3
v -0.9 1.2 0.4
v -0.9 1.2 0.3
v -0.9 1.2 0.2
v -0.9 1.2 -0.3
v -0.9 1.2 -0.5
v -0.9 1.3 0.3
v -0.9 1.3 0.2
v -0.9 1.3 -0.3
v -0.9 1.3 -0.5
v -0.9 1.5 0.2
v -0.9 1.5 0.1
v -0.9 1.5 -0.3
v -0.9 1.5 -0.4
v -0.9 1.6 0.2
v -0.9 1.6 0.1
v -0.9 1.6 -0.3
v -0.9 1.6 -0.4
v -0.9 1.9 -0.1
v -0.9 1.9 -0.2
v -0.9 2 -0.1
v -0.9 2 -0.2
v -0.8 0.3 -0.6
v -0.8 0.3 -0.7
v -0.8 0.4 -0.6
v -0.8 0.4 -0.7
v -0.8 0.4 -0.8
v -0.8 0.4 -0.9
v -0.8 0.6 -0.8
v -0.8 0.6 -0.9
v -0.8 1.1 0.3
v -0.8 1.1 -0.5
v -0.8 1.2 0.3
v -0.8 1.2 0.2
v -0.8 1.2 -0.3
v -0.8 1.2 -0.5
v -0.8 1.2 -0.6
v -0.8 1.2 -0.7
v -0.8 1.3 0.1
v -0.8 1.3 0
v -0.8 1.3 -0.1
v -0.8 1.3 -0.2
v -0.8 1.3 -0.3
v -0.8 1.3 -0.6
v -0.8 1.3 -0.7
v -0.8 1.4 0.2
v -0.8 1.4 0.1
v -0.8 1.4 0
v -0.8 1.4 -0.1
v -0.8 1.4 -0.2
v -0.8 1.4 -0.3
v -0.8 1.5 0.2
v -0.8 1.5 0.1
v -0.8 1.6 0
v -0.8 1.6 -0.1
v -0.8 1.7 0
v -0.8 1.7 -0.1
v -0.8 1.8 -0.1
v -0.8 1.8 -0.2
v -0.8 1.9 -0.1
v -0.8 1.9 -0.2
v -0.7 0.4 -0.7
v -0.7 0.4 -0.8
v -0.7 0.5 -0.7
v -0.7 0.5 -0.8
v -0.7 0.6 -0.8
v -0.7 0.6 -0.9
v -0.7 0.7 -0.8
v -0.7 0.7 -0.9
v -0.7 1 0.4
v -0.7 1 -0.7
v -0.7 1.1 0.4
v -0.7 1.1 -0.5
v -0.7 1.1 -0.7
v -0.7 1.4 0.1
v -0.7 1.4 0
v -0.7 1.4 -0.3
v -0.7 1.4 -0.4
v -0.7 1.5 0.1
v -0.7 1.5 -0.3
v -0.7 1.5 -0.4
v -0.7 1.6 0.1
v -0.7 1.6 0
v -0.6 0.7 -0.8
v -0.6 0.7 -0.9
v -0.6 0.8 -0.8
v -0.6 0.8 -0.9
v -0.6 0.9 0.4
v -0.6 0.9 -0.8
v -0.6 1 0.4
v -0.6 1 -0.7
v -0.6 1 -0.8
v -0.6 1.3 -0.1
v -0.6 1.3 -0.2
v -0.6 1.3 -0.6
v -0.6 1.3 -0.7
v -0.6 1.4 0.2
v -0.6 1.4 0.1
v -0.6 1.4 -0.6
v -0.6 1.4 -0.7
v -0.6 1.4 -0.9
v -0.6 1.5 0.2
v -0.6 1.5 0.1
v -0.6 1.5 -0.1
v -0.6 1.5 -0.2
v -0.6 1.5 -0.5
v -0.6 1.5 -0.6
v -0.6 1.5 -0.7
v -0.6 1.5 -0.9
v -0.6 1.6 -0.5
v -0.6 1.6 -0.6
v -0.6 1.7 -0.1
v -0.6 1.7 -0.2
v -0.6 1.8 -0.1
v -0.6 1.8 -0.2
v -0.5 0.7 0.8
v -0.5 0.7 0.7
v -0.5 0.8 0.8
v -0.5 0.8 0.7
v -0.5 0.8 -0.8
v -0.5 0.8 -0.9
v -0.5 0.9 -0.8
v -0.5 0.9 -0.9
v -0.5 1.1 -0.2
v -0.5 1.1 -0.3
v -0.5 1.2 0.4
v -0.5 1.2 0.3
v -0.5 1.2 -0.2
v -0.5 1.2 -0.3
v -0.5 1.3 0.4
v -0.5 1.3 0.3
v -0.5 1.3 0.2
v -0.5 1.4 0.3
v -0.5 1.4 0.2
v -0.5 1.4 0.1
v -0.5 1.4 0
v -0.5 1.5 0.1
v -0.5 1.5 -0.1
v -0.5 1.5 -0.2
v -0.5 1.6 0.1
v -0.5 1.6 0
v -0.5 1.7 -0.1
v -0.5 1.7 -0.2
v -0.4 0.8 0.4
v -0.4 0.8 -0.6
v -0.4 0.8 -0.7
v -0.4 0.8 -0.8
v -0.4 0.9 0.4
v -0.4 0.9 -0.6
v -0.4 0.9 -0.7
v -0.4 0.9 -0.8
v -0.4 1.1 -0.3
v -0.4 1.1 -0.4
v -0.4 1.2 0.2
v -0.4 1.2 0.1
v -0.4 1.2 0
v -0.4 1.2 -0.1
v -0.4 1.2 -0.2
v -0.4 1.2 -0.3
v -0.4 1.2 -0.4
v -0.4 1.3 -0.5
v -0.4 1.3 -0.6
v -0.4 1.4 0.2
v -0.4 1.4 0.1
v -0.4 1.4 0
v -0.4 1.4 -0.1
v -0.4 1.4 -0.2
v -0.4 1.5 -0.1
v -0.4 1.5 -0.2
v -0.4 1.5 -0.3
v -0.4 1.5 -0.4
v -0.4 1.5 -0.5
v -0.4 1.5 -0.6
v -0.4 1.7 -0.2
v -0.4 1.7 -0.3
v -0.4 1.7 -0.4
v -0.4 1.7 -0.5
v -0.4 1.8 -0.2
v -0.4 1.8 -0.3
v -0.4 2.1 -0.4
v -0.4 2.1 -0.5
v -0.3 0.6 0.8
v -0.3 0.6 0.7
v -0.3 0.7 0.8
v -0.3 0.7 0.7
v -0.3 0.8 -0.6
v -0.3 0.8 -0.7
v -0.3 0.9 -0.6
v -0.3 0.9 -0.7
v -0.3 1.2 0.3
v -0.3 1.2 0.2
v -0.3 1.2 0.1
v -0.3 1.2 0
v -0.3 1.2 -0.1
v -0.3 1.2 -0.2
v -0.3 1.2 -0.5
v -0.3 1.2 -0.6
v -0.3 1.3 0.3
v -0.3 1.3 -0.5
v -0.3 1.3 -0.6
v -0.3 1.4 0.3
v -0.3 1.4 0.2
v -0.3 1.4 0.1
v -0.3 1.4 0
v -0.3 1.4 -0.1
v -0.3 1.4 -0.2
v -0.3 1.5 0.1
v -0.3 1.5 0
v -0.3 1.5 -0.1
v -0.3 1.7 0
v -0.3 1.7 -0.1
v -0.3 1.7 -0.2
v -0.3 1.8 -0.2
v -0.3 2 -0.1
v -0.3 2 -0.2
v -0.2 0.3 0.6
v -0.2 0.3 0.5
v -0.2 0.4 0.8
v -0.2 0.4 0.7
v -0.2 0.4 0.6
v -0.2 0.4 0.5
v -0.2 0.5 0.7
v -0.2 0.5 0.6
v -0.2 0.6 0.8
v -0.2 0.6 0.7
v -0.2 0.6 0.6
v -0.2 0.7 0.7
v -0.2 0.7 0.6
v -0.2 1.1 -0.4
v -0.2 1.1 -0.5
v -0.2 1.2 0.4
v -0.2 1.2 0.3
v -0.2 1.2 0.2
v -0.2 1.2 0.1
v -0.2 1.2 -0.2
v -0.2 1.2 -0.3
v -0.2 1.2 -0.4
v -0.2 1.2 -0.5
v -0.2 1.3 0.4
v -0.2 1.3 0.3
v -0.2 1.3 -0.5
v -0.2 1.4 0.2
v -0.2 1.4 -0.2
v -0.2 1.4 -0.3
v -0.2 1.4 -0.4
v -0.2 1.4 -0.5
v -0.2 1.4 -0.6
v -0.2 1.5 0.2
v -0.2 1.5 0.1
v -0.2 1.5 0
v -0.2 1.7 0.1
v -0.2 1.7 0
v -0.2 1.7 -0.2
v -0.2 1.7 -0.3
v -0.2 1.7 -0.4
v -0.2 1.7 -0.5
v -0.2 1.7 -0.6
v -0.2 1.7 -0.7
v -0.2 1.9 -0.2
v -0.2 1.9 -0.3
v -0.2 1.9 -0.6
v -0.2 1.9 -0.7
v -0.1 1.1 -0.6
v -0.1 1.1 -0.7
v -0.1 1.2 0.3
v -0.1 1.2 0.2
v -0.1 1.2 0
v -0.1 1.2 -0.1
v -0.1 1.2 -0.6
v -0.1 1.3 0.3
v -0.1 1.3 0.2
v -0.1 1.3 -0.6
v -0.1 1.3 -0.7
v -0.1 1.4 0
v -0.1 1.4 -0.1
v -0.1 1.5 0.2
v -0.1 1.5 0.1
v -0.1 1.5 0
v -0.1 1.5 -0.1
v -0.1 1.6 0.2
v -0.1 1.6 0.1
v -0.1 1.6 0
v -0.1 1.6 -0.1
v -0.1 1.7 0
v -0.1 1.8 0
v -0.1 1.8 -0.1
v 0 1.2 0.1
v 0 1.2 0
v 0 1.2 -0.1
v 0 1.2 -0.2
v 0 1.2 -0.4
v 0 1.2 -0.5
v 0 1.3 -0.7
v 0 1.3 -0.8
v 0 1.4 0.1
v 0 1.4 0
v 0 1.4 -0.1
v 0 1.5 -0.1
v 0 1.5 -0.3
v 0 1.5 -0.4
v 0 1.5 -0.5
v 0 1.5 -0.7
v 0 1.5 -0.8
v 0 1.5 -0.9
v 0 1.6 -0.1
v 0 1.7 -0.1
v 0 1.7 -0.2
v 0 1.7 -0.3
v 0 1.7 -0.4
v 0 1.7 -0.8
v 0 1.7 -0.9
v 0 1.8 -0.3
v 0 1.8 -0.4
v 0 2 -0.3
v 0 2 -0.4
v 0 2.1 -0.3
v 0 2.1 -0.4
v 0 2.2 -0.3
v 0 2.2 -0.4
v 0 2.4 -0.3
v 0 2.4 -0.4
v 0.1 1.2 0.3
v 0.1 1.2 0.2
v 0.1 1.3 0.3
v 0.1 1.3 0.2
v 0.1 1.3 0.1
v 0.1 1.4 0.2
v 0.1 1.4 0.1
v 0.1 1.4 0
v 0.1 1.5 0.1
v 0.1 1.5 0
v 0.1 1.6 0.1
v 0.1 1.6 0
v 0.1 2.4 -0.3
v 0.1 2.4 -0.4
v 0.1 2.5 -0.3
v 0.1 2.5 -0.4
v 0.2 1 0.6
v 0.2 1 0.5
v 0.2 1.1 0.6
v 0.2 1.1 0.5
v 0.2 1.1 0.4
v 0.2 1.1 -0.1
v 0.2 1.1 -0.3
v 0.2 1.1 -0.6
v 0.2 1.1 -0.7
v 0.2 1.2 0.5
v 0.2 1.2 0.4
v 0.2 1.2 -0.1
v 0.2 1.2 -0.3
v 0.2 1.2 -0.4
v 0.2 1.2 -0.5
v 0.2 1.2 -0.6
v 0.2 1.2 -0.7
v 0.2 1.3 0.3
v 0.2 1.3 0.2
v 0.2 1.3 -0.4
v 0.2 1.3 -0.5
v 0.2 1.3 -0.6
v 0.2 1.4 0.2
v 0.2 1.5 0.3
v 0.2 1.5 0.2
v 0.2 1.5 0.1
v 0.2 1.5 -0.5
v 0.2 1.5 -0.6
v 0.2 1.5 -0.7
v 0.2 1.6 0.2
v 0.2 1.6 0.1
v 0.2 1.7 -0.6
v 0.2 1.7 -0.7
v 0.2 1.7 -0.8
v 0.2 1.8 -0.7
v 0.2 1.8 -0.8
v 0.2 2.5 -0.3
v 0.2 2.5 -0.4
v 0.2 2.6 -0.3
v 0.2 2.6 -0.4
v 0.3 0.8 0.7
v 0.3 0.8 0.6
v 0.3 0.9 0.7
v 0.3 0.9 0.6
v 0.3 1.1 0
v 0.3 1.1 -0.1
v 0.3 1.1 -0.3
v 0.3 1.1 -0.4
v 0.3 1.2 0.4
v 0.3 1.2 0.3
v 0.3 1.2 0.2
v 0.3 1.2 0.1
v 0.3 1.2 0
v 0.3 1.2 -0.1
v 0.3 1.2 -0.2
v 0.3 1.2 -0.3
v 0.3 1.2 -0.4
v 0.3 1.3 -0.4
v 0.3 1.4 0.4
v 0.3 1.4 0.3
v 0.3 1.4 -0.3
v 0.3 1.4 -0.4
v 0.3 1.5 0.2
v 0.3 1.5 0.1
v 0.3 1.6 0.2
v 0.3 1.6 0.1
v 0.3 1.6 0
v 0.3 1.6 -0.1
v 0.3 1.6 -0.2
v 0.3 1.7 0.2
v 0.3 1.7 0
v 0.3 1.9 0
v 0.3 1.9 -0.1
v 0.3 2.6 -0.3
v 0.3 2.6 -0.4
v 0.3 2.7 -0.3
v 0.3 2.7 -0.4
v 0.4 0.3 0.6
v 0.4 0.3 0.5
v 0.4 0.4 0.8
v 0.4 0.4 0.7
v 0.4 0.4 0.6
v 0.4 0.4 0.5
v 0.4 0.5 0.7
v 0.4 0.5 0.6
v 0.4 0.6 0.8
v 0.4 0.6 0.7
v 0.4 0.6 0.6
v 0.4 0.7 0.7
v 0.4 0.7 0.6
v 0.4 1.2 0.5
v 0.4 1.2 0.4
v 0.4 1.2 0.1
v 0.4 1.2 0
v 0.4 1.2 -0.5
v 0.4 1.2 -0.6
v 0.4 1.3 0.5
v 0.4 1.3 0.4
v 0.4 1.3 0.3
v 0.4 1.3 0.2
v 0.4 1.4 0.3
v 0.4 1.4 0.2
v 0.4 1.4 0.1
v 0.4 1.4 0
v 0.4 1.4 -0.1
v 0.4 1.4 -0.3
v 0.4 1.4 -0.4
v 0.4 1.4 -0.5
v 0.4 1.4 -0.6
v 0.4 1.6 0
v 0.4 1.6 -0.1
v 0.4 1.6 -0.2
v 0.4 1.6 -0.3
v 0.4 1.6 -0.4
v 0.4 1.8 -0.1
v 0.4 1.8 -0.2
v 0.4 1.9 0
v 0.4 1.9 -0.1
v 0.4 2 0
v 0.4 2 -0.1
v 0.5 0.5 0.6
v 0.5 0.5 0.5
v 0.5 0.6 0.8
v 0.5 0.6 0.7
v 0.5 0.6 0.6
v 0.5 0.6 0.5
v 0.5 0.7 0.7
v 0.5 0.7 0.6
v 0.5 0.8 0.8
v 0.5 0.8 0.7
v 0.5 0.8 0.6
v 0.5 0.8 0.5
v 0.5 1.1 -0.3
v 0.5 1.1 -0.4
v 0.5 1.2 0.3
v 0.5 1.2 0.2
v 0.5 1.2 -0.2
v 0.5 1.2 -0.3
v 0.5 1.2 -0.4
v 0.5 1.3 0.6
v 0.5 1.3 0.5
v 0.5 1.3 0.4
v 0.5 1.3 0.3
v 0.5 1.3 0.2
v 0.5 1.3 -0.2
v 0.5 1.3 -0.3
v 0.5 1.4 0.6
v 0.5 1.4 0.5
v 0.5 1.4 0.4
v 0.5 1.4 -0.5
v 0.5 1.4 -0.6
v 0.5 1.5 0.5
v 0.5 1.5 0.4
v 0.5 1.5 0.3
v 0.5 1.5 -0.5
v 0.5 1.5 -0.6
v 0.5 1.6 0.4
v 0.5 1.6 0.3
v 0.5 1.6 -0.3
v 0.5 1.6 -0.4
v 0.5 1.7 -0.3
v 0.5 1.7 -0.4
v 0.5 1.8 -0.1
v 0.5 1.8 -0.2
v 0.5 1.9 -0.1
v 0.5 1.9 -0.2
v 0.5 2 0
v 0.5 2 -0.1
v 0.5 2.1 0
v 0.5 2.1 -0.1
v 0.5 2.2 0
v 0.5 2.2 -0.1
v 0.5 2.4 0
v 0.5 2.4 -0.1
v 0.6 1.2 0.2
v 0.6 1.2 0.1
v 0.6 1.2 -0.5
v 0.6 1.2 -0.6
v 0.6 1.3 0.2
v 0.6 1.3 0.1
v 0.6 1.3 0
v 0.6 1.3 -0.2
v 0.6 1.3 -0.3
v 0.6 1.3 -0.5
v 0.6 1.3 -0.6
v 0.6 1.4 0.6
v 0.6 1.4 0.5
v 0.6 1.4 0.2
v 0.6 1.4 0
v 0.6 1.5 0.5
v 0.6 1.5 -0.2
v 0.6 1.5 -0.3
v 0.6 1.5 -0.5
v 0.6 1.5 -0.6
v 0.6 1.6 0.6
v 0.6 1.6 0.5
v 0.6 1.6 0.4
v 0.6 1.6 0.3
v 0.6 1.6 -0.5
v 0.6 1.6 -0.6
v 0.6 1.7 0.4
v 0.6 1.7 0.3
v 0.6 1.9 -0.1
v 0.6 1.9 -0.2
v 0.6 2 -0.1
v 0.6 2 -0.2
v 0.6 2.4 0
v 0.6 2.4 -0.1
v 0.6 2.5 0
v 0.6 2.5 -0.1
v 0.6 2.6 0
v 0.6 2.6 -0.1
v 0.7 1.2 0.3
v 0.7 1.2 0.2
v 0.7 1.2 -0.3
v 0.7 1.2 -0.5
v 0.7 1.3 0.3
v 0.7 1.3 0.2
v 0.7 1.3 -0.3
v 0.7 1.3 -0.5
v 0.7 1.4 0.1
v 0.7 1.4 0
v 0.7 1.5 0.1
v 0.7 1.5 0
v 0.7 1.5 -0.2
v 0.7 1.5 -0.3
v 0.7 1.6 -0.2
v 0.7 1.6 -0.3
v 0.7 1.6 -0.5
v 0.7 1.6 -0.6
v 0.7 1.7 0.4
v 0.7 1.7 0.3
v 0.7 1.7 -0.5
v 0.7 1.7 -0.6
v 0.7 1.8 0.4
v 0.7 1.8 0.3
v 0.7 2.6 0
v 0.7 2.6 -0.1
v 0.7 2.7 0
v 0.7 2.7 -0.1
v 0.8 0.3 0.6
v 0.8 0.3 0.5
v 0.8 0.4 0.6
v 0.8 0.4 0.5
v 0.8 1 0.5
v 0.8 1 0.4
v 0.8 1 -0.4
v 0.8 1 -0.5
v 0.8 1.1 0.5
v 0.8 1.1 0.4
v 0.8 1.1 -0.4
v 0.8 1.1 -0.5
v 0.8 1.2 0.1
v 0.8 1.2 0
v 0.8 1.2 -0.2
v 0.8 1.2 -0.3
v 0.8 1.3 0.2
v 0.8 1.3 0.1
v 0.8 1.3 0
v 0.8 1.3 -0.2
v 0.8 1.3 -0.3
v 0.8 1.3 -0.4
v 0.8 1.3 -0.5
v 0.8 1.4 0.2
v 0.8 1.4 0.1
v 0.8 1.4 -0.4
v 0.8 1.4 -0.5
v 0.8 1.5 0
v 0.8 1.5 -0.1
v 0.8 1.6 0
v 0.8 1.6 -0.1
v 0.8 1.6 -0.2
v 0.8 1.6 -0.3
v 0.8 1.7 -0.2
v 0.8 1.7 -0.3
v 0.8 1.8 0.4
v 0.8 1.8 0.3
v 0.8 1.9 0.4
v 0.8 1.9 0.3
v 0.8 2.7 0
v 0.8 2.7 -0.1
v 0.8 2.8 0
v 0.8 2.8 -0.1
v 0.9 1 0.4
v 0.9 1 0.3
v 0.9 1.1 0.4
v 0.9 1.1 0.3
v 0.9 1.4 0.2
v 0.9 1.4 0.1
v 0.9 1.5 0.2
v 0.9 1.5 0.1
v 0.9 1.6 0
v 0.9 1.6 -0.1
v 0.9 1.7 0
v 0.9 1.7 -0.1
v 0.9 2.8 0
v 0.9 2.8 -0.1
v 0.9 2.9 0
v 0.9 2.9 -0.1
v 1 0.2 0.2
v 1 0.2 0.1
v 1 0.3 0.2
v 1 0.3 0.1
v 1 0.9 0.1
v 1 0.9 0
v 1 1 0.1
v 1 1 0
v 1 1.4 -0.4
v 1 1.4 -0.5
v 1 1.5 -0.4
v 1 1.5 -0.5
v 1.1 0.2 0.1
v 1.1 0.2 0
v 1.1 0.3 0.1
v 1.1 0.3 0
v 1.1 0.9 0.5
v 1.1 0.9 0.3
v 1.1 0.9 0.2
v 1.1 0.9 0.1
v 1.1 1 0.5
v 1.1 1 0.4
v 1.1 1 0.3
v 1.1 1 0.2
v 1.1 1 0.1
v 1.1 1.1 0.4
v 1.1 1.1 0.3
v 1.1 1.1 0.2
v 1.1 1.1 0.1
v 1.1 1.2 0.2
v 1.1 1.2 0.1
v 1.2 0.9 0.3
v 1.2 0.9 0.2
v 1.2 1 0.3
v 1.2 1 0.2
v 1.2 1 0.1
v 1.2 1 -0.4
v 1.2 1.1 0.3
v 1.2 1.1 0.1
v 1.2 1.1 0
v 1.2 1.1 -0.2
v 1.2 1.1 -0.4
v 1.2 1.2 0.1
v 1.2 1.2 0
v 1.2 1.2 -0.2
v 1.2 1.2 -0.4
v 1.3 0.3 -0.4
v 1.3 0.3 -0.6
v 1.3 0.4 -0.4
v 1.3 0.4 -0.6
v 1.3 0.9 -0.4
v 1.3 0.9 -0.8
v 1.3 1 -0.4
v 1.3 1 -0.7
v 1.3 1 -0.8
v 1.3 1.1 -0.4
v 1.3 1.1 -0.7
v -1.1 0.3 0.6
v -1.1 0.3 0.5
v -1.1 0.4 0.6
v -1.1 0.4 0.5
v -0.9 1.6 0.2
v -0.9 1.6 0.1
v -0.9 1.6 -0.3
v -0.9 1.6 -0.4
v -0.9 1.7 0.2
v -0.9 1.7 0.1
v -0.9 1.8 -0.3
v -0.9 1.8 -0.4
v -0.9 2.5 -0.1
v -0.9 2.5 -0.2
v -0.9 2.6 -0.1
v -0.9 2.6 -0.2
v -0.8 1.5 0.2
v -0.8 1.5 0.1
v -0.8 1.6 0.2
v -0.8 1.6 0.1
v -0.8 2.4 -0.1
v -0.8 2.4 -0.2
v -0.8 2.5 -0.1
v -0.8 2.5 -0.2
v -0.7 1.2 0.4
v -0.7 1.2 0.3
v -0.7 1.2 -0.6
v -0.7 1.2 -0.7
v -0.7 1.3 0.4
v -0.7 1.3 0.3
v -0.7 1.3 0.2
v -0.7 1.3 0.1
v -0.7 1.3 0
v -0.7 1.3 -0.1
v -0.7 1.3 -0.2
v -0.7 1.3 -0.3
v -0.7 1.3 -0.4
v -0.7 1.3 -0.5
v -0.7 1.3 -0.6
v -0.7 1.3 -0.7
v -0.7 1.4 0.3
v -0.7 1.4 0.2
v -0.7 1.4 0.1
v -0.7 1.4 0
v -0.7 1.4 -0.1
v -0.7 1.4 -0.2
v -0.7 1.4 -0.3
v -0.7 1.4 -0.4
v -0.7 1.4 -0.5
v -0.7 1.5 0.2
v -0.7 1.5 0.1
v -0.7 1.5 -0.3
v -0.7 1.5 -0.4
v -0.7 1.6 0
v -0.7 1.6 -0.1
v -0.7 1.6 -0.3
v -0.7 1.6 -0.4
v -0.7 1.7 0
v -0.7 1.7 -0.1
v -0.7 2.3 -0.1
v -0.7 2.3 -0.2
v -0.7 2.4 -0.1
v -0.7 2.4 -0.2
v -0.6 0.6 0.8
v -0.6 0.6 0.7
v -0.6 0.7 0.7
v -0.6 0.8 0.8
v -0.6 0.8 0.7
v -0.6 1.1 -0.2
v -0.6 1.1 -0.3
v -0.6 1.2 0.1
v -0.6 1.2 -0.1
v -0.6 1.2 -0.2
v -0.6 1.2 -0.3
v -0.6 1.2 -0.5
v -0.6 1.3 0.1
v -0.6 1.3 -0.1
v -0.6 1.3 -0.2
v -0.6 1.3 -0.3
v -0.6 1.3 -0.4
v -0.6 1.3 -0.5
v -0.6 1.4 0.1
v -0.6 1.4 0
v -0.6 1.5 0.1
v -0.6 1.5 -0.3
v -0.6 1.5 -0.4
v -0.6 1.6 0.1
v -0.6 1.6 0
v -0.6 2.1 -0.1
v -0.6 2.1 -0.2
v -0.6 2.3 -0.1
v -0.6 2.3 -0.2
v -0.5 0.3 0.6
v -0.5 0.3 0.5
v -0.5 0.4 0.8
v -0.5 0.4 0.7
v -0.5 0.4 0.6
v -0.5 0.4 0.5
v -0.5 0.5 0.7
v -0.5 0.5 0.6
v -0.5 0.6 0.8
v -0.5 0.6 0.7
v -0.5 0.6 0.6
v -0.5 0.7 0.7
v -0.5 0.7 0.6
v -0.5 1.1 -0.3
v -0.5 1.1 -0.4
v -0.5 1.2 0.2
v -0.5 1.2 0.1
v -0.5 1.2 -0.1
v -0.5 1.2 -0.2
v -0.5 1.2 -0.3
v -0.5 1.2 -0.4
v -0.5 1.2 -0.5
v -0.5 1.2 -0.6
v -0.5 1.3 0.2
v -0.5 1.3 0.1
v -0.5 1.3 -0.5
v -0.5 1.3 -0.6
v -0.5 1.3 -0.7
v -0.5 1.4 0.2
v -0.5 1.4 0.1
v -0.5 1.4 -0.6
v -0.5 1.4 -0.7
v -0.5 1.4 -0.9
v -0.5 1.5 0.2
v -0.5 1.5 0.1
v -0.5 1.5 -0.1
v -0.5 1.5 -0.2
v -0.5 1.5 -0.7
v -0.5 1.5 -0.9
v -0.5 1.9 -0.1
v -0.5 1.9 -0.2
v -0.5 2.1 -0.1
v -0.5 2.1 -0.2
v -0.4 1 0.6
v -0.4 1 0.5
v -0.4 1.1 0.6
v -0.4 1.1 0.5
v -0.4 1.2 0.3
v -0.4 1.2 0.2
v -0.4 1.3 0.3
v -0.4 1.4 0.3
v -0.4 1.4 0.2
v -0.4 1.4 0.1
v -0.4 1.4 0
v -0.4 1.5 -0.5
v -0.4 1.5 -0.6
v -0.4 1.6 0.1
v -0.4 1.6 0
v -0.4 1.6 -0.5
v -0.4 1.6 -0.6
v -0.4 1.7 -0.1
v -0.4 1.7 -0.2
v -0.4 1.8 -0.1
v -0.4 1.8 -0.2
v -0.4 1.9 -0.1
v -0.4 1.9 -0.2
v -0.3 0.8 0.7
v -0.3 0.8 0.6
v -0.3 0.9 0.7
v -0.3 0.9 0.6
v -0.3 1.1 -0.4
v -0.3 1.1 -0.5
v -0.3 1.2 0.4
v -0.3 1.2 0.3
v -0.3 1.2 0.2
v -0.3 1.2 0.1
v -0.3 1.2 0
v -0.3 1.2 -0.1
v -0.3 1.2 -0.2
v -0.3 1.2 -0.3
v -0.3 1.2 -0.4
v -0.3 1.2 -0.5
v -0.3 1.3 0.4
v -0.3 1.3 0.3
v -0.3 1.3 -0.5
v -0.3 1.3 -0.6
v -0.3 1.4 0.2
v -0.3 1.4 0.1
v -0.3 1.4 0
v -0.3 1.4 -0.1
v -0.3 1.5 -0.2
v -0.3 1.5 -0.3
v -0.3 1.5 -0.4
v -0.3 1.5 -0.5
v -0.3 1.5 -0.6
v -0.3 1.7 -0.2
v -0.3 1.7 -0.3
v -0.3 1.7 -0.4
v -0.3 1.7 -0.5
v -0.3 1.8 -0.2
v -0.3 1.8 -0.3
v -0.3 2.1 -0.4
v -0.3 2.1 -0.5
v -0.2 1.1 0.5
v -0.2 1.1 0.4
v -0.2 1.1 -0.6
v -0.2 1.1 -0.7
v -0.2 1.2 0.5
v -0.2 1.2 0.4
v -0.2 1.2 0.3
v -0.2 1.2 0.2
v -0.2 1.2 0.1
v -0.2 1.2 0
v -0.2 1.2 -0.1
v -0.2 1.2 -0.2
v -0.2 1.2 -0.5
v -0.2 1.2 -0.6
v -0.2 1.2 -0.7
v -0.2 1.3 0.3
v -0.2 1.3 -0.5
v -0.2 1.3 -0.6
v -0.2 1.4 0.3
v -0.2 1.4 0.2
v -0.2 1.4 -0.2
v -0.2 1.5 0.1
v -0.2 1.5 0
v -0.2 1.5 -0.1
v -0.2 1.7 0
v -0.2 1.7 -0.1
v -0.2 1.7 -0.2
v -0.2 1.9 -0.2
v -0.2 2 -0.1
v -0.2 2 -0.2
v -0.1 1.2 0.4
v -0.1 1.2 0.3
v -0.1 1.2 0.2
v -0.1 1.2 0.1
v -0.1 1.2 -0.2
v -0.1 1.2 -0.3
v -0.1 1.2 -0.4
v -0.1 1.2 -0.5
v -0.1 1.3 0.4
v -0.1 1.3 0.3
v -0.1 1.3 0.2
v -0.1 1.4 -0.2
v -0.1 1.4 -0.3
v -0.1 1.4 -0.4
v -0.1 1.4 -0.5
v -0.1 1.4 -0.6
v -0.1 1.5 0.2
v -0.1 1.5 0.1
v -0.1 1.5 0
v -0.1 1.6 0.1
v -0.1 1.6 0
v -0.1 1.7 0.1
v -0.1 1.7 0
v -0.1 1.7 -0.2
v -0.1 1.7 -0.3
v -0.1 1.7 -0.4
v -0.1 1.7 -0.5
v -0.1 1.7 -0.6
v -0.1 1.7 -0.7
v -0.1 1.9 -0.2
v -0.1 1.9 -0.3
v -0.1 1.9 -0.6
v -0.1 1.9 -0.7
v 0 1.1 -0.6
v 0 1.1 -0.7
v 0 1.2 0.3
v 0 1.2 0.2
v 0 1.2 0
v 0 1.2 -0.1
v 0 1.2 -0.6
v 0 1.3 0.3
v 0 1.3 0.2
v 0 1.3 -0.6
v 0 1.3 -0.7
v 0 1.4 0
v 0 1.4 -0.1
v 0 1.5 0.2
v 0 1.5 0.1
v 0 1.5 0
v 0 1.5 -0.1
v 0 1.6 0.2
v 0 1.6 0.1
v 0 1.6 0
v 0 1.6 -0.1
v 0 1.7 -0.1
v 0 1.8 0
v 0 1.8 -0.1
v 0.1 0.3 0.6
v 0.1 0.3 0.5
v 0.1 0.4 0.8
v 0.1 0.4 0.7
v 0.1 0.4 0.6
v 0.1 0.4 0.5
v 0.1 0.5 0.7
v 0.1 0.5 0.6
v 0.1 0.6 0.8
v 0.1 0.6 0.7
v 0.1 0.6 0.6
v 0.1 0.7 0.7
v 0.1 0.7 0.6
v 0.1 0.7 0.5
v 0.1 0.8 0.6
v 0.1 0.8 0.5
v 0.1 1.1 -0.1
v 0.1 1.1 -0.3
v 0.1 1.2 0.1
v 0.1 1.2 0
v 0.1 1.2 -0.1
v 0.1 1.2 -0.2
v 0.1 1.2 -0.3
v 0.1 1.2 -0.4
v 0.1 1.2 -0.5
v 0.1 1.3 0.1
v 0.1 1.3 -0.7
v 0.1 1.3 -0.8
v 0.1 1.4 0.1
v 0.1 1.4 0
v 0.1 1.5 -0.3
v 0.1 1.5 -0.4
v 0.1 1.5 -0.5
v 0.1 1.5 -0.7
v 0.1 1.5 -0.8
v 0.1 1.5 -0.9
v 0.1 1.7 -0.1
v 0.1 1.7 -0.2
v 0.1 1.7 -0.3
v 0.1 1.7 -0.4
v 0.1 1.7 -0.8
v 0.1 1.7 -0.9
v 0.1 1.8 -0.3
v 0.1 1.8 -0.4
v 0.1 2 -0.3
v 0.1 2 -0.4
v 0.1 2.1 -0.3
v 0.1 2.1 -0.4
v 0.2 0.6 0.8
v 0.2 0.6 0.7
v 0.2 0.7 0.8
v 0.2 0.7 0.7
v 0.2 0.8 0.4
v 0.2 0.8 -0.8
v 0.2 0.9 0.4
v 0.2 0.9 -0.8
v 0.2 1.1 0
v 0.2 1.1 -0.1
v 0.2 1.1 -0.3
v 0.2 1.1 -0.4
v 0.2 1.2 0
v 0.2 1.2 -0.1
v 0.2 1.2 -0.3
v 0.2 1.2 -0.4
v 0.2 1.3 0.2
v 0.2 1.3 0.1
v 0.2 1.4 0.2
v 0.2 1.4 0.1
v 0.2 1.4 0
v 0.2 1.5 0.1
v 0.2 1.5 0
v 0.2 1.6 0.1
v 0.2 1.6 0
v 0.3 1.2 0.3
v 0.3 1.2 0.2
v 0.3 1.2 -0.4
v 0.3 1.2 -0.5
v 0.3 1.3 -0.4
v 0.3 1.3 -0.5
v 0.3 1.3 -0.6
v 0.3 1.4 0.3
v 0.3 1.4 0.2
v 0.3 1.5 -0.5
v 0.3 1.5 -0.6
v 0.3 1.5 -0.7
v 0.3 1.7 -0.6
v 0.3 1.7 -0.7
v 0.3 1.7 -0.8
v 0.3 1.8 -0.7
v 0.3 1.8 -0.8
v 0.3 2.1 -0.3
v 0.3 2.1 -0.4
v 0.3 2.2 -0.3
v 0.3 2.2 -0.4
v 0.4 0.5 0.6
v 0.4 0.5 0.5
v 0.4 0.6 0.6
v 0.4 0.6 0.5
v 0.4 0.7 0.8
v 0.4 0.7 0.7
v 0.4 0.7 0.6
v 0.4 0.7 0.5
v 0.4 0.8 0.8
v 0.4 0.8 0.7
v 0.4 1.1 -0.3
v 0.4 1.1 -0.4
v 0.4 1.2 0.2
v 0.4 1.2 0.1
v 0.4 1.2 -0.1
v 0.4 1.2 -0.2
v 0.4 1.2 -0.3
v 0.4 1.2 -0.4
v 0.4 1.3 0.2
v 0.4 1.4 0.1
v 0.4 1.4 -0.1
v 0.4 1.4 -0.3
v 0.4 1.4 -0.4
v 0.4 1.5 0.2
v 0.4 1.6 0.1
v 0.4 1.6 0
v 0.4 1.6 -0.1
v 0.4 1.6 -0.2
v 0.4 1.7 0.2
v 0.4 1.7 0
v 0.4 1.8 0
v 0.4 1.8 -0.1
v 0.4 2.2 -0.3
v 0.4 2.2 -0.4
v 0.4 2.3 -0.3
v 0.4 2.3 -0.4
v 0.4 2.4 -0.3
v 0.4 2.4 -0.4
v 0.5 0.3 0.6
v 0.5 0.3 0.5
v 0.5 0.4 0.6
v 0.5 0.4 0.5
v 0.5 0.8 0.5
v 0.5 0.8 0.4
v 0.5 0.9 0.5
v 0.5 0.9 0.4
v 0.5 1.2 0.1
v 0.5 1.2 0
v 0.5 1.2 -0.5
v 0.5 1.2 -0.6
v 0.5 1.3 0.4
v 0.5 1.3 0.2
v 0.5 1.4 0.4
v 0.5 1.4 0.3
v 0.5 1.4 0.1
v 0.5 1.4 0
v 0.5 1.4 -0.1
v 0.5 1.4 -0.3
v 0.5 1.4 -0.4
v 0.5 1.4 -0.5
v 0.5 1.4 -0.6
v 0.5 1.5 0.3
v 0.5 1.5 0.2
v 0.5 1.6 0
v 0.5 1.6 -0.1
v 0.5 1.6 -0.2
v 0.5 1.6 -0.3
v 0.5 1.6 -0.4
v 0.5 1.7 -0.1
v 0.5 1.7 -0.2
v 0.5 1.8 0
v 0.5 1.8 -0.1
v 0.5 1.9 0
v 0.5 1.9 -0.1
v 0.5 2.4 -0.3
v 0.5 2.4 -0.4
v 0.5 2.5 -0.3
v 0.5 2.5 -0.4
v 0.5 2.6 -0.3
v 0.5 2.6 -0.4
v 0.5 2.7 -0.3
v 0.5 2.7 -0.4
v 0.6 0.7 0.5
v 0.6 0.7 0.4
v 0.6 0.8 0.5
v 0.6 0.8 0.4
v 0.6 0.9 0.5
v 0.6 0.9 -0.8
v 0.6 1 0.5
v 0.6 1 -0.7
v 0.6 1 -0.8
v 0.6 1.2 0.5
v 0.6 1.2 0.2
v 0.6 1.2 -0.2
v 0.6 1.2 -0.3
v 0.6 1.3 0.6
v 0.6 1.3 0.5
v 0.6 1.3 0.4
v 0.6 1.3 0.2
v 0.6 1.3 -0.2
v 0.6 1.3 -0.3
v 0.6 1.4 0.6
v 0.6 1.4 0.5
v 0.6 1.4 -0.5
v 0.6 1.4 -0.6
v 0.6 1.5 0.5
v 0.6 1.5 0.4
v 0.6 1.5 0.3
v 0.6 1.5 -0.5
v 0.6 1.5 -0.6
v 0.6 1.6 0.4
v 0.6 1.6 0.3
v 0.6 1.6 -0.3
v 0.6 1.6 -0.4
v 0.6 1.7 -0.1
v 0.6 1.7 -0.2
v 0.6 1.7 -0.3
v 0.6 1.7 -0.4
v 0.6 1.8 -0.1
v 0.6 1.8 -0.2
v 0.6 1.9 0
v 0.6 1.9 -0.1
v 0.6 1.9 -0.2
v 0.6 2 0
v 0.6 2 -0.1
v 0.7 0.6 0.5
v 0.7 0.6 0.4
v 0.7 0.7 0.5
v 0.7 0.7 0.4
v 0.7 1 0.5
v 0.7 1 0.2
v 0.7 1 -0.4
v 0.7 1 -0.7
v 0.7 1.1 0.5
v 0.7 1.1 0.2
v 0.7 1.1 -0.4
v 0.7 1.1 -0.7
v 0.7 1.2 -0.5
v 0.7 1.2 -0.6
v 0.7 1.3 0.2
v 0.7 1.3 0.1
v 0.7 1.3 -0.2
v 0.7 1.3 -0.3
v 0.7 1.3 -0.5
v 0.7 1.3 -0.6
v 0.7 1.4 0.6
v 0.7 1.4 0.5
v 0.7 1.4 0.2
v 0.7 1.4 0.1
v 0.7 1.5 -0.2
v 0.7 1.5 -0.3
v 0.7 1.5 -0.5
v 0.7 1.5 -0.6
v 0.7 1.6 0.6
v 0.7 1.6 0.5
v 0.7 1.6 0.4
v 0.7 1.6 0.3
v 0.7 1.6 -0.5
v 0.7 1.6 -0.6
v 0.7 1.7 0.4
v 0.7 1.7 0.3
v 0.7 1.9 -0.1
v 0.7 1.9 -0.2
v 0.7 2 0
v 0.7 2 -0.1
v 0.7 2 -0.2
v 0.7 2.1 0
v 0.7 2.1 -0.1
v 0.8 0.3 0.5
v 0.8 0.3 0.4
v 0.8 0.4 0.6
v 0.8 0.4 0.5
v 0.8 0.4 0.4
v 0.8 0.5 0.6
v 0.8 0.5 0.5
v 0.8 0.6 0.5
v 0.8 0.6 0.4
v 0.8 0.7 0.6
v 0.8 0.7 0.5
v 0.8 1.2 0.3
v 0.8 1.2 0.2
v 0.8 1.2 -0.4
v 0.8 1.2 -0.5
v 0.8 1.3 0.3
v 0.8 1.3 0.2
v 0.8 1.3 0.1
v 0.8 1.3 0
v 0.8 1.3 -0.4
v 0.8 1.3 -0.5
v 0.8 1.4 0.1
v 0.8 1.5 0.1
v 0.8 1.5 0
v 0.8 1.5 -0.2
v 0.8 1.5 -0.3
v 0.8 1.6 -0.2
v 0.8 1.6 -0.3
v 0.8 1.6 -0.5
v 0.8 1.6 -0.6
v 0.8 1.7 0.4
v 0.8 1.7 0.3
v 0.8 1.7 -0.5
v 0.8 1.7 -0.6
v 0.8 1.8 0.4
v 0.8 1.8 0.3
v 0.8 2.1 0
v 0.8 2.1 -0.1
v 0.8 2.2 0
v 0.8 2.2 -0.1
v 0.9 0.2 0.6
v 0.9 0.2 0.5
v 0.9 0.3 0.7
v 0.9 0.3 0.6
v 0.9 0.3 0.5
v 0.9 0.3 0.4
v 0.9 0.3 0.3
v 0.9 0.4 0.8
v 0.9 0.4 0.7
v 0.9 0.4 0.6
v 0.9 0.4 0.5
v 0.9 0.4 0.4
v 0.9 0.4 0.3
v 0.9 0.7 0.8
v 0.9 0.7 0.7
v 0.9 0.7 0.6
v 0.9 0.7 0.5
v 0.9 0.9 0.6
v 0.9 0.9 0.5
v 0.9 1 0.2
v 0.9 1 -0.5
v 0.9 1.1 0.2
v 0.9 1.1 0
v 0.9 1.1 -0.2
v 0.9 1.1 -0.4
v 0.9 1.1 -0.5
v 0.9 1.2 0.2
v 0.9 1.2 0
v 0.9 1.2 -0.2
v 0.9 1.2 -0.4
v 0.9 1.3 0.2
v 0.9 1.3 0.1
v 0.9 1.4 0.2
v 0.9 1.4 0.1
v 0.9 1.5 0
v 0.9 1.5 -0.1
v 0.9 1.6 0
v 0.9 1.6 -0.1
v 0.9 1.6 -0.2
v 0.9 1.6 -0.3
v 0.9 1.7 -0.2
v 0.9 1.7 -0.3
v 0.9 1.8 0.4
v 0.9 1.8 0.3
v 0.9 1.9 0.4
v 0.9 1.9 0.3
v 0.9 2.2 0
v 0.9 2.2 -0.1
v 0.9 2.3 0
v 0.9 2.3 -0.1
v 1 0.1 0.5
v 1 0.1 0.2
v 1 0.2 0.5
v 1 0.2 0.2
v 1 0.3 0.5
v 1 0.3 0.2
v 1 0.7 0.8
v 1 0.7 0.7
v 1 0.7 0.6
v 1 0.8 -0.8
v 1 0.8 -0.9
v 1 0.9 0.8
v 1 0.9 0.7
v 1 0.9 0.6
v 1 0.9 -0.8
v 1 0.9 -0.9
v 1 1 0.4
v 1 1 0.3
v 1 1.1 0.4
v 1 1.1 0.3
v 1 1.3 -0.4
v 1 1.3 -0.5
v 1 1.4 -0.4
v 1 1.4 -0.5
v 1 1.6 0
v 1 1.6 -0.1
v 1 1.7 0
v 1 1.7 -0.1
v 1 2.3 0
v 1 2.3 -0.1
v 1 2.4 0
v 1 2.4 -0.1
v 1 2.5 0
v 1 2.5 -0.1
v 1 2.6 0
v 1 2.6 -0.1
v 1.1 0 0.2
v 1.1 0 0.1
v 1.1 0.2 0.2
v 1.1 0.2 0.1
v 1.1 0.3 0.2
v 1.1 0.3 0.1
v 1.1 0.4 -0.7
v 1.1 0.4 -0.8
v 1.1 0.5 -0.7
v 1.1 0.5 -0.8
v 1.1 0.7 -0.8
v 1.1 0.7 -0.9
v 1.1 0.8 -0.8
v 1.1 0.8 -0.9
v 1.1 0.9 0.7
v 1.1 0.9 0.5
v 1.1 0.9 0.1
v 1.1 0.9 0
v 1.1 1 0.7
v 1.1 1 0.6
v 1.1 1 0.5
v 1.1 1 0.1
v 1.1 1 0
v 1.1 1.1 0.6
v 1.1 1.1 0.5
v 1.1 1.4 0.2
v 1.1 1.4 0.1
v 1.1 1.4 -0.4
v 1.1 1.4 -0.5
v 1.1 1.5 0.2
v 1.1 1.5 0.1
v 1.1 1.5 -0.4
v 1.1 1.5 -0.5
v 1.1 2.4 0
v 1.1 2.4 -0.1
v 1.1 2.5 0
v 1.1 2.5 -0.1
v 1.1 2.6 0
v 1.1 2.6 -0.1
v 1.1 2.7 0
v 1.1 2.7 -0.1
v 1.1 2.9 0
v 1.1 2.9 -0.1
v 1.2 0 0.1
v 1.2 0 0
v 1.2 0.2 0.1
v 1.2 0.2 0
v 1.2 0.3 0.1
v 1.2 0.3 0
v 1.2 0.6 -0.8
v 1.2 0.6 -0.9
v 1.2 0.7 -0.8
v 1.2 0.7 -0.9
v 1.2 0.9 0.5
v 1.2 0.9 0.3
v 1.2 1 0.5
v 1.2 1 0.3
v 1.2 1.1 0.5
v 1.2 1.1 0.3
v 1.2 1.1 0.1
v 1.2 1.2 0.5
v 1.2 1.2 0.2
v 1.2 1.2 0.1
v 1.3 0 0
v 1.3 0 -0.4
v 1.3 0.1 -0.4
v 1.3 0.2 0
v 1.3 0.2 -0.4
v 1.3 0.5 -0.8
v 1.3 0.5 -0.9
v 1.3 0.6 -0.8
v 1.3 0.6 -0.9
v 1.3 0.9 0.3
v 1.3 0.9 0.1
v 1.3 1 0.3
v 1.3 1 0.1
v 1.3 1 -0.4
v 1.3 1.1 0.3
v 1.3 1.1 0.1
v 1.3 1.1 0
v 1.3 1.1 -0.2
v 1.3 1.1 -0.4
v 1.3 1.2 0.2
v 1.3 1.2 0.1
v 1.3 1.2 0
v 1.3 1.2 -0.2
v 1.3 1.2 -0.4
v 1.3 1.3 0.2
v 1.3 1.3 0
v 1.3 1.3 -0.2
v 1.3 1.3 -0.4
v 1.4 0.1 -0.4
v 1.4 0.1 -0.7
v 1.4 0.2 -0.7
v 1.4 0.3 -0.7
v 1.4 0.3 -0.8
v 1.4 0.4 -0.4
v 1.4 0.4 -0.7
v 1.4 0.4 -0.8
v 1.4 0.4 -0.9
v 1.4 0.5 -0.8
v 1.4 0.5 -0.9
v 1.4 0.9 -0.4
v 1.4 0.9 -0.8
v 1.4 1 -0.7
v 1.4 1 -0.8
v 1.4 1.1 -0.4
v 1.4 1.1 -0.7
v 1.4 1.2 -0.4
v 1.4 1.2 -0.7
v 1.5 0.2 -0.7
v 1.5 0.2 -0.8
v 1.5 0.3 -0.7
v 1.5 0.3 -0.8
v 1.5 0.3 -0.9
v 1.5 0.4 -0.8
v 1.5 0.4 -0.9
v 1.5 0.9 -0.8
v 1.5 0.9 -0.9
v 1.5 1 -0.7
v 1.5 1 -0.8
v 1.5 1 -0.9
v 1.5 1.1 -0.7
v 1.5 1.1 -0.8
v 1.6 0.4 -0.9
v 1.6 0.4 -1
v 1.6 0.9 -0.9
v 1.6 0.9 -1
v -1.6 0.5 0.8
v -1.6 0.9 0.8
v -1.5 0.5 0.8
v -1.5 0.6 0.8
v -1.5 0.9 0.8
v -1.3 0.8 0.8
v -1.3 0.9 0.8
v -1.2 0.5 0.8
v -1.2 0.6 0.8
v -1.2 0.7 0.8
v -1.2 0.8 0.8
v -1.1 0.4 0.8
v -1.1 0.5 0.8
v -1.1 0.6 0.8
v -1.1 0.7 0.8
v -1 0.5 0.8
v -1 0.6 0.8
v -0.7 0.6 0.8
v -0.7 0.8 0.8
v -0.6 0.4 0.8
v -0.6 0.6 0.8
v -0.6 0.8 0.8
v -0.6 0.9 0.8
v -0.5 0.4 0.8
v -0.5 0.6 0.8
v -0.5 0.7 0.8
v -0.5 0.8 0.8
v -0.5 0.9 0.8
v -0.3 0.6 0.8
v -0.3 0.7 0.8
v -0.3 0.8 0.8
v -0.2 0.4 0.8
v -0.2 0.6 0.8
v -0.2 0.7 0.8
v -0.1 0.4 0.8
v -0.1 0.6 0.8
v 0 0.4 0.8
v 0 0.6 0.8
v 0.1 0.4 0.8
v 0.1 0.6 0.8
v 0.1 0.7 0.8
v 0.2 0.6 0.8
v 0.2 0.7 0.8
v 0.2 0.8 0.8
v 0.4 0.4 0.8
v 0.4 0.6 0.8
v 0.4 0.7 0.8
v 0.4 0.8 0.8
v 0.4 0.9 0.8
v 0.5 0.4 0.8
v 0.5 0.6 0.8
v 0.5 0.8 0.8
v 0.6 0.4 0.8
v 0.6 0.5 0.8
v 0.6 0.6 0.8
v 0.6 0.8 0.8
v 0.8 0.4 0.8
v 0.8 0.5 0.8
v 0.8 0.7 0.8
v 0.8 0.8 0.8
v 0.8 0.9 0.8
v 0.9 0.4 0.8
v 0.9 0.7 0.8
v 0.9 0.9 0.8
v 1 0.7 0.8
v 1 0.9 0.8
v -1.5 0.3 0.7
v -1.5 0.5 0.7
v -1.5 0.9 0.7
v -1.5 1 0.7
v -1.4 0.3 0.7
v -1.4 0.5 0.7
v -1.4 0.9 0.7
v -1.4 1 0.7
v -1.3 0.9 0.7
v -1.2 0.5 0.7
v -1.1 0.4 0.7
v -1.1 0.5 0.7
v -1.1 0.9 0.7
v -1.1 1 0.7
v -1 0.9 0.7
v -1 1 0.7
v -0.9 0.3 0.7
v -0.9 0.4 0.7
v -0.8 0.9 0.7
v -0.8 1 0.7
v -0.6 0.4 0.7
v -0.6 0.6 0.7
v -0.6 0.7 0.7
v -0.6 0.8 0.7
v -0.6 0.9 0.7
v -0.6 1 0.7
v -0.5 0.3 0.7
v -0.5 0.4 0.7
v -0.5 0.5 0.7
v -0.5 0.6 0.7
v -0.5 0.7 0.7
v -0.5 0.8 0.7
v -0.5 0.9 0.7
v -0.3 0.9 0.7
v -0.3 1 0.7
v -0.2 0.3 0.7
v -0.2 0.4 0.7
v -0.2 0.5 0.7
v -0.1 0.4 0.7
v 0 0.4 0.7
v 0.1 0.3 0.7
v 0.1 0.4 0.7
v 0.1 0.5 0.7
v 0.2 0.9 0.7
v 0.2 1 0.7
v 0.4 0.3 0.7
v 0.4 0.4 0.7
v 0.4 0.5 0.7
v 0.4 0.6 0.7
v 0.4 0.7 0.7
v 0.4 0.8 0.7
v 0.4 0.9 0.7
v 0.5 0.3 0.7
v 0.5 0.4 0.7
v 0.5 0.6 0.7
v 0.5 0.7 0.7
v 0.5 0.8 0.7
v 0.6 0.4 0.7
v 0.6 0.9 0.7
v 0.6 1 0.7
v 0.7 0.9 0.7
v 0.7 1 0.7
v 0.8 0.3 0.7
v 0.8 0.4 0.7
v 0.8 0.9 0.7
v 0.8 1 0.7
v 0.9 0.3 0.7
v 0.9 0.4 0.7
v 0.9 0.9 0.7
v 0.9 1 0.7
v 1 0.9 0.7
v 1 1 0.7
v 1.1 0.9 0.7
v 1.1 1 0.7
v -1.5 1 0.6
v -1.5 1.1 0.6
v -1.4 0.2 0.6
v -1.4 0.3 0.6
v -1.4 1 0.6
v -1.4 1.1 0.6
v -1.3 1 0.6
v -1.3 1.1 0.6
v -1.2 0.2 0.6
v -1.2 0.3 0.6
v -1.1 1 0.6
v -1 1 0.6
v -0.9 0.3 0.6
v -0.8 1 0.6
v -0.6 1 0.6
v -0.6 1.1 0.6
v -0.5 0.3 0.6
v -0.5 0.5 0.6
v -0.5 0.6 0.6
v -0.5 0.7 0.6
v -0.4 0.5 0.6
v -0.4 0.6 0.6
v -0.4 1 0.6
v -0.4 1.1 0.6
v -0.3 0.2 0.6
v -0.3 0.3 0.6
v -0.3 0.8 0.6
v -0.3 0.9 0.6
v -0.2 0.3 0.6
v -0.2 0.5 0.6
v -0.2 0.6 0.6
v -0.2 0.7 0.6
v -0.2 0.8 0.6
v 0.1 0.3 0.6
v 0.1 0.5 0.6
v 0.1 0.6 0.6
v 0.1 0.7 0.6
v 0.1 0.8 0.6
v 0.2 0.9 0.6
v 0.2 1 0.6
v 0.2 1.1 0.6
v 0.3 0.5 0.6
v 0.3 0.6 0.6
v 0.3 0.8 0.6
v 0.3 0.9 0.6
v 0.4 0.3 0.6
v 0.4 0.5 0.6
v 0.4 0.6 0.6
v 0.4 0.7 0.6
v 0.5 0.3 0.6
v 0.5 1.3 0.6
v 0.5 1.4 0.6
v 0.6 1 0.6
v 0.6 1.1 0.6
v 0.6 1.3 0.6
v 0.6 1.4 0.6
v 0.6 1.6 0.6
v 0.7 0.2 0.6
v 0.7 0.3 0.6
v 0.7 1 0.6
v 0.7 1.4 0.6
v 0.7 1.6 0.6
v 0.8 0.2 0.6
v 0.8 0.3 0.6
v 0.8 1 0.6
v 0.8 1.1 0.6
v 0.9 0.2 0.6
v 0.9 0.3 0.6
v 0.9 1 0.6
v 0.9 1.1 0.6
v 1 1 0.6
v 1.1 1 0.6
v 1.1 1.1 0.6
v -1.4 1.1 0.5
v -1.4 1.2 0.5
v -1.3 0.1 0.5
v -1.3 0.2 0.5
v -1.3 1.1 0.5
v -1.3 1.2 0.5
v -1.2 0.2 0.5
v -1.1 0.3 0.5
v -1.1 0.4 0.5
v -0.9 0.3 0.5
v -0.9 0.4 0.5
v -0.9 1.1 0.5
v -0.9 1.2 0.5
v -0.8 0.1 0.5
v -0.8 0.2 0.5
v -0.7 1.1 0.5
v -0.7 1.2 0.5
v -0.6 1.1 0.5
v -0.6 1.2 0.5
v -0.5 0.3 0.5
v -0.5 0.4 0.5
v -0.4 1 0.5
v -0.4 1.1 0.5
v -0.3 0.2 0.5
v -0.3 0.3 0.5
v -0.3 1 0.5
v -0.2 0.3 0.5
v -0.2 0.4 0.5
v -0.2 1.1 0.5
v -0.2 1.2 0.5
v 0.1 0.3 0.5
v 0.1 0.4 0.5
v 0.1 0.7 0.5
v 0.1 0.8 0.5
v 0.2 1 0.5
v 0.2 1.1 0.5
v 0.2 1.2 0.5
v 0.4 0.3 0.5
v 0.4 0.4 0.5
v 0.4 0.5 0.5
v 0.4 0.6 0.5
v 0.4 0.7 0.5
v 0.4 0.8 0.5
v 0.4 1.2 0.5
v 0.4 1.3 0.5
v 0.5 0.3 0.5
v 0.5 0.4 0.5
v 0.5 0.5 0.5
v 0.5 0.6 0.5
v 0.5 0.8 0.5
v 0.5 1.2 0.5
v 0.5 1.3 0.5
v 0.5 1.4 0.5
v 0.5 1.5 0.5
v 0.6 0.4 0.5
v 0.6 1.1 0.5
v 0.6 1.2 0.5
v 0.6 1.3 0.5
v 0.6 1.4 0.5
v 0.6 1.5 0.5
v 0.7 0.2 0.5
v 0.7 0.3 0.5
v 0.8 0.2 0.5
v 0.8 0.3 0.5
v 0.8 0.4 0.5
v 0.8 1.1 0.5
v 0.8 1.2 0.5
v 0.9 0.1 0.5
v 0.9 0.2 0.5
v 0.9 0.3 0.5
v 0.9 1.1 0.5
v 1 0.1 0.5
v 1 0.2 0.5
v 1 0.3 0.5
v 1.1 0.9 0.5
v 1.1 1 0.5
v 1.1 1.1 0.5
v 1.2 0.9 0.5
v 1.2 1 0.5
v 1.2 1.1 0.5
v 1.2 1.2 0.5
v -1.3 1.2 0.4
v -1.3 1.3 0.4
v -1.2 1.2 0.4
v -1.2 1.3 0.4
v -1.1 1.2 0.4
v -1.1 1.3 0.4
v -0.9 1.2 0.4
v -0.9 1.3 0.4
v -0.8 1.2 0.4
v -0.8 1.3 0.4
v -0.7 1.2 0.4
v -0.7 1.3 0.4
v -0.5 1.2 0.4
v -0.5 1.3 0.4
v -0.3 1.2 0.4
v -0.3 1.3 0.4
v -0.2 1.1 0.4
v -0.2 1.2 0.4
v -0.2 1.3 0.4
v -0.1 1.1 0.4
v -0.1 1.2 0.4
v -0.1 1.3 0.4
v 0 1.1 0.4
v 0 1.2 0.4
v 0.2 1.1 0.4
v 0.2 1.2 0.4
v 0.3 1.2 0.4
v 0.3 1.4 0.4
v 0.4 1.2 0.4
v 0.4 1.3 0.4
v 0.5 1.3 0.4
v 0.5 1.4 0.4
v 0.5 1.5 0.4
v 0.5 1.6 0.4
v 0.6 1.5 0.4
v 0.6 1.6 0.4
v 0.6 1.7 0.4
v 0.7 1.6 0.4
v 0.7 1.7 0.4
v 0.7 1.8 0.4
v 0.8 0.3 0.4
v 0.8 0.4 0.4
v 0.8 1.7 0.4
v 0.8 1.8 0.4
v 0.8 1.9 0.4
v 0.9 0.3 0.4
v 0.9 0.4 0.4
v 0.9 1.8 0.4
v 0.9 1.9 0.4
v -1.2 1.3 0.3
v -1.2 1.4 0.3
v -1.1 1.3 0.3
v -0.9 1.3 0.3
v -0.8 1.3 0.3
v -0.8 1.4 0.3
v -0.7 1.2 0.3
v -0.7 1.3 0.3
v -0.7 1.4 0.3
v -0.6 1.2 0.3
v -0.5 1.2 0.3
v -0.5 1.3 0.3
v -0.5 1.4 0.3
v -0.4 1.3 0.3
v -0.4 1.4 0.3
v -0.3 1.2 0.3
v -0.3 1.3 0.3
v -0.3 1.4 0.3
v -0.2 1.2 0.3
v -0.2 1.3 0.3
v -0.2 1.4 0.3
v -0.1 1.2 0.3
v -0.1 1.3 0.3
v 0 1.2 0.3
v 0 1.3 0.3
v 0.1 1.2 0.3
v 0.1 1.3 0.3
v 0.2 1.3 0.3
v 0.2 1.5 0.3
v 0.3 1.2 0.3
v 0.3 1.4 0.3
v 0.4 1.4 0.3
v 0.4 1.5 0.3
v 0.5 1.4 0.3
v 0.5 1.5 0.3
v 0.7 1.2 0.3
v 0.7 1.3 0.3
v 0.8 1.2 0.3
v 0.8 1.3 0.3
v 1.2 0.9 0.3
v 1.2 1 0.3
v 1.2 1.1 0.3
v 1.3 0.9 0.3
v 1.3 1 0.3
v 1.3 1.1 0.3
v -1.2 0 0.2
v -1.2 0.1 0.2
v -1.1 1.6 0.2
v -1.1 1.7 0.2
v -1 1.2 0.2
v -1 1.3 0.2
v -0.9 1.2 0.2
v -0.9 1.3 0.2
v -0.9 1.5 0.2
v -0.9 1.6 0.2
v -0.9 1.7 0.2
v -0.8 0.1 0.2
v -0.8 1.4 0.2
v -0.8 1.5 0.2
v -0.8 1.6 0.2
v -0.7 1.3 0.2
v -0.7 1.4 0.2
v -0.7 1.5 0.2
v -0.6 1.3 0.2
v -0.6 1.4 0.2
v -0.6 1.5 0.2
v -0.5 1.3 0.2
v -0.5 1.4 0.2
v -0.5 1.5 0.2
v -0.4 1.2 0.2
v -0.4 1.4 0.2
v -0.3 1.2 0.2
v -0.3 1.4 0.2
v -0.2 1.2 0.2
v -0.2 1.4 0.2
v -0.2 1.5 0.2
v -0.1 1.2 0.2
v -0.1 1.3 0.2
v -0.1 1.5 0.2
v -0.1 1.6 0.2
v 0 1.5 0.2
v 0 1.6 0.2
v 0.1 1.3 0.2
v 0.1 1.4 0.2
v 0.2 1.3 0.2
v 0.2 1.4 0.2
v 0.2 1.5 0.2
v 0.2 1.6 0.2
v 0.3 1.2 0.2
v 0.3 1.4 0.2
v 0.3 1.6 0.2
v 0.3 1.7 0.2
v 0.4 1.2 0.2
v 0.4 1.3 0.2
v 0.4 1.4 0.2
v 0.4 1.5 0.2
v 0.4 1.7 0.2
v 0.6 1.2 0.2
v 0.6 1.3 0.2
v 0.6 1.4 0.2
v 0.7 1 0.2
v 0.7 1.1 0.2
v 0.7 1.2 0.2
v 0.7 1.3 0.2
v 0.7 1.4 0.2
v 0.8 1.1 0.2
v 0.8 1.2 0.2
v 0.8 1.3 0.2
v 0.8 1.4 0.2
v 0.9 0.1 0.2
v 0.9 1 0.2
v 0.9 1.1 0.2
v 0.9 1.3 0.2
v 0.9 1.4 0.2
v 0.9 1.5 0.2
v 1 0.1 0.2
v 1 0.2 0.2
v 1 0.3 0.2
v 1.1 0 0.2
v 1.1 0.2 0.2
v 1.1 0.3 0.2
v 1.1 0.9 0.2
v 1.1 1 0.2
v 1.1 1.4 0.2
v 1.1 1.5 0.2
v 1.2 0.9 0.2
v 1.2 1 0.2
v 1.2 1.2 0.2
v 1.3 1.2 0.2
v 1.3 1.3 0.2
v -1.2 1.2 0.1
v -1.2 1.3 0.1
v -1 1.2 0.1
v -1 1.3 0.1
v -0.7 1.4 0.1
v -0.7 1.5 0.1
v -0.7 1.6 0.1
v -0.6 1.4 0.1
v -0.6 1.5 0.1
v -0.6 1.6 0.1
v -0.5 1.4 0.1
v -0.5 1.5 0.1
v -0.5 1.6 0.1
v -0.4 1.4 0.1
v -0.4 1.6 0.1
v -0.3 1.2 0.1
v -0.3 1.4 0.1
v -0.3 1.5 0.1
v -0.2 1.2 0.1
v -0.2 1.5 0.1
v -0.2 1.7 0.1
v -0.1 1.5 0.1
v -0.1 1.6 0.1
v -0.1 1.7 0.1
v 0 1.2 0.1
v 0 1.4 0.1
v 0.1 1.2 0.1
v 0.1 1.3 0.1
v 0.1 1.4 0.1
v 0.1 1.5 0.1
v 0.1 1.6 0.1
v 0.2 1.4 0.1
v 0.2 1.5 0.1
v 0.2 1.6 0.1
v 0.4 1.2 0.1
v 0.4 1.4 0.1
v 0.5 1.2 0.1
v 0.5 1.4 0.1
v 0.7 1.3 0.1
v 0.7 1.4 0.1
v 0.7 1.5 0.1
v 0.8 1.3 0.1
v 0.8 1.4 0.1
v 0.8 1.5 0.1
v 1 0.9 0.1
v 1 1 0.1
v 1.1 0 0.1
v 1.1 0.2 0.1
v 1.1 0.3 0.1
v 1.1 0.9 0.1
v 1.1 1 0.1
v 1.2 0 0.1
v 1.2 0.2 0.1
v 1.2 0.3 0.1
v 1.2 1.1 0.1
v 1.2 1.2 0.1
v 1.3 1.1 0.1
v 1.3 1.2 0.1
v -0.8 1.6 0
v -0.8 1.7 0
v -0.7 1.6 0
v -0.7 1.7 0
v -0.4 1.2 0
v -0.4 1.4 0
v -0.3 1.2 0
v -0.3 1.4 0
v -0.3 1.5 0
v -0.3 1.7 0
v -0.2 1.5 0
v -0.2 1.7 0
v -0.1 1.2 0
v -0.1 1.4 0
v -0.1 1.5 0
v -0.1 1.6 0
v -0.1 1.7 0
v -0.1 1.8 0
v 0 1.2 0
v 0 1.4 0
v 0 1.5 0
v 0 1.6 0
v 0 1.8 0
v 0.3 1.7 0
v 0.3 1.9 0
v 0.4 1.4 0
v 0.4 1.6 0
v 0.4 1.7 0
v 0.4 1.8 0
v 0.4 1.9 0
v 0.4 2 0
v 0.5 1.4 0
v 0.5 1.6 0
v 0.5 1.8 0
v 0.5 1.9 0
v 0.5 2 0
v 0.5 2.1 0
v 0.5 2.2 0
v 0.5 2.4 0
v 0.6 1.9 0
v 0.6 2 0
v 0.6 2.1 0
v 0.6 2.2 0
v 0.6 2.3 0
v 0.6 2.4 0
v 0.6 2.5 0
v 0.6 2.6 0
v 0.7 2 0
v 0.7 2.1 0
v 0.7 2.2 0
v 0.7 2.3 0
v 0.7 2.5 0
v 0.7 2.6 0
v 0.7 2.7 0
v 0.8 1.5 0
v 0.8 1.6 0
v 0.8 2.1 0
v 0.8 2.2 0
v 0.8 2.3 0
v 0.8 2.4 0
v 0.8 2.5 0
v 0.8 2.6 0
v 0.8 2.7 0
v 0.8 2.8 0
v 0.9 1.1 0
v 0.9 1.2 0
v 0.9 1.5 0
v 0.9 1.6 0
v 0.9 1.7 0
v 0.9 2.2 0
v 0.9 2.3 0
v 0.9 2.4 0
v 0.9 2.5 0
v 0.9 2.6 0
v 0.9 2.7 0
v 0.9 2.8 0
v 0.9 2.9 0
v 1 1.6 0
v 1 1.7 0
v 1 2.3 0
v 1 2.4 0
v 1 2.5 0
v 1 2.6 0
v 1 2.7 0
v 1 2.8 0
v 1 2.9 0
v 1.1 2.4 0
v 1.1 2.5 0
v 1.1 2.6 0
v 1.1 2.7 0
v 1.1 2.9 0
v 1.2 0 0
v 1.2 0.2 0
v 1.2 1.1 0
v 1.2 1.2 0
v 1.3 0 0
v 1.3 0.2 0
v -1.2 2.3 -0.1
v -1.2 2.6 -0.1
v -1.1 2.1 -0.1
v -1.1 2.2 -0.1
v -1.1 2.3 -0.1
v -1.1 2.4 -0.1
v -1.1 2.5 -0.1
v -1.1 2.6 -0.1
v -1 2 -0.1
v -1 2.1 -0.1
v -1 2.2 -0.1
v -1 2.4 -0.1
v -1 2.5 -0.1
v -1 2.6 -0.1
v -0.9 1.9 -0.1
v -0.9 2 -0.1
v -0.9 2.1 -0.1
v -0.9 2.2 -0.1
v -0.9 2.3 -0.1
v -0.9 2.5 -0.1
v -0.9 2.6 -0.1
v -0.8 1.8 -0.1
v -0.8 1.9 -0.1
v -0.8 2 -0.1
v -0.8 2.1 -0.1
v -0.8 2.2 -0.1
v -0.8 2.3 -0.1
v -0.8 2.4 -0.1
v -0.8 2.5 -0.1
v -0.7 1.9 -0.1
v -0.7 2 -0.1
v -0.7 2.1 -0.1
v -0.7 2.3 -0.1
v -0.7 2.4 -0.1
v -0.6 1.2 -0.1
v -0.6 1.3 -0.1
v -0.6 1.5 -0.1
v -0.6 1.7 -0.1
v -0.6 1.8 -0.1
v -0.6 1.9 -0.1
v -0.6 2 -0.1
v -0.6 2.1 -0.1
v -0.6 2.3 -0.1
v -0.5 1.2 -0.1
v -0.5 1.5 -0.1
v -0.5 1.7 -0.1
v -0.5 1.8 -0.1
v -0.5 1.9 -0.1
v -0.5 2.1 -0.1
v -0.4 1.4 -0.1
v -0.4 1.5 -0.1
v -0.4 1.7 -0.1
v -0.4 1.8 -0.1
v -0.4 1.9 -0.1
v -0.3 1.2 -0.1
v -0.3 1.4 -0.1
v -0.3 1.5 -0.1
v -0.3 1.7 -0.1
v -0.3 2 -0.1
v -0.2 1.2 -0.1
v -0.2 1.5 -0.1
v -0.2 1.7 -0.1
v -0.2 2 -0.1
v 0 1.2 -0.1
v 0 1.4 -0.1
v 0 1.5 -0.1
v 0 1.6 -0.1
v 0 1.7 -0.1
v 0.1 1.2 -0.1
v 0.1 1.7 -0.1
v 0.2 1.1 -0.1
v 0.2 1.2 -0.1
v 0.3 1.1 -0.1
v 0.3 1.2 -0.1
v 0.3 1.6 -0.1
v 0.4 1.2 -0.1
v 0.4 1.4 -0.1
v 0.4 1.6 -0.1
v 0.4 1.8 -0.1
v 0.5 1.6 -0.1
v 0.5 1.7 -0.1
v 0.5 1.8 -0.1
v 0.5 1.9 -0.1
v 0.6 1.7 -0.1
v 0.6 1.8 -0.1
v 0.6 1.9 -0.1
v 0.6 2 -0.1
v 0.7 1.9 -0.1
v 0.7 2 -0.1
v -0.4 1.2 -0.2
v -0.4 1.4 -0.2
v -0.4 1.7 -0.2
v -0.4 1.8 -0.2
v -0.3 1.2 -0.2
v -0.3 1.4 -0.2
v -0.3 1.7 -0.2
v -0.3 1.8 -0.2
v -0.2 1.2 -0.2
v -0.2 1.4 -0.2
v -0.2 1.7 -0.2
v -0.2 1.9 -0.2
v -0.1 1.2 -0.2
v -0.1 1.4 -0.2
v -0.1 1.7 -0.2
v -0.1 1.9 -0.2
v 0.5 1.2 -0.2
v 0.5 1.3 -0.2
v 0.6 1.2 -0.2
v 0.6 1.3 -0.2
v 0.6 1.5 -0.2
v 0.7 1.3 -0.2
v 0.7 1.5 -0.2
v 0.7 1.6 -0.2
v 0.8 1.2 -0.2
v 0.8 1.3 -0.2
v 0.8 1.5 -0.2
v 0.8 1.6 -0.2
v 0.8 1.7 -0.2
v 0.9 1.6 -0.2
v 0.9 1.7 -0.2
v 1.3 1.2 -0.2
v 1.3 1.3 -0.2
v -1.2 1.3 -0.3
v -1.2 1.4 -0.3
v -1 1.6 -0.3
v -1 1.8 -0.3
v -0.9 1.5 -0.3
v -0.9 1.6 -0.3
v -0.9 1.8 -0.3
v -0.8 1.3 -0.3
v -0.8 1.4 -0.3
v -0.7 1.3 -0.3
v -0.7 1.4 -0.3
v -0.7 1.5 -0.3
v -0.7 1.6 -0.3
v -0.6 1.1 -0.3
v -0.6 1.2 -0.3
v -0.6 1.3 -0.3
v -0.6 1.5 -0.3
v -0.5 1.1 -0.3
v -0.5 1.2 -0.3
v -0.4 1.5 -0.3
v -0.4 1.7 -0.3
v -0.3 1.5 -0.3
v -0.3 1.7 -0.3
v -0.2 1.4 -0.3
v -0.2 1.7 -0.3
v -0.1 1.4 -0.3
v -0.1 1.7 -0.3
v 0 1.5 -0.3
v 0 1.7 -0.3
v 0 1.8 -0.3
v 0 2 -0.3
v 0 2.1 -0.3
v 0 2.2 -0.3
v 0 2.4 -0.3
v 0.1 1.1 -0.3
v 0.1 1.2 -0.3
v 0.1 1.5 -0.3
v 0.1 1.7 -0.3
v 0.1 1.8 -0.3
v 0.1 2 -0.3
v 0.1 2.1 -0.3
v 0.1 2.2 -0.3
v 0.1 2.3 -0.3
v 0.1 2.4 -0.3
v 0.1 2.5 -0.3
v 0.2 1.1 -0.3
v 0.2 1.2 -0.3
v 0.2 2.2 -0.3
v 0.2 2.3 -0.3
v 0.2 2.4 -0.3
v 0.2 2.5 -0.3
v 0.2 2.6 -0.3
v 0.3 1.2 -0.3
v 0.3 1.4 -0.3
v 0.3 2.1 -0.3
v 0.3 2.2 -0.3
v 0.3 2.3 -0.3
v 0.3 2.5 -0.3
v 0.3 2.6 -0.3
v 0.3 2.7 -0.3
v 0.4 1.2 -0.3
v 0.4 1.4 -0.3
v 0.4 1.6 -0.3
v 0.4 2.2 -0.3
v 0.4 2.3 -0.3
v 0.4 2.4 -0.3
v 0.4 2.5 -0.3
v 0.4 2.6 -0.3
v 0.4 2.7 -0.3
v 0.5 1.4 -0.3
v 0.5 1.6 -0.3
v 0.5 1.7 -0.3
v 0.5 2.4 -0.3
v 0.5 2.5 -0.3
v 0.5 2.6 -0.3
v 0.5 2.7 -0.3
v 0.6 1.6 -0.3
v 0.6 1.7 -0.3
v 0.7 1.2 -0.3
v 0.7 1.3 -0.3
v 0.8 1.2 -0.3
v 0.8 1.3 -0.3
v -1.2 0.2 -0.4
v -1.2 0.3 -0.4
v -1.1 0.2 -0.4
v -1.1 0.3 -0.4
v -0.5 1.1 -0.4
v -0.5 1.2 -0.4
v -0.4 1.1 -0.4
v -0.4 1.2 -0.4
v -0.4 1.7 -0.4
v -0.4 2.1 -0.4
v -0.3 1.7 -0.4
v -0.3 2.1 -0.4
v -0.2 1.2 -0.4
v -0.2 1.4 -0.4
v -0.1 1.2 -0.4
v -0.1 1.4 -0.4
v 0 1.2 -0.4
v 0 1.5 -0.4
v 0.1 1.2 -0.4
v 0.1 1.5 -0.4
v 0.2 1.1 -0.4
v 0.2 1.2 -0.4
v 0.2 1.3 -0.4
v 0.3 1.1 -0.4
v 0.3 1.2 -0.4
v 0.3 1.3 -0.4
v 0.4 1.1 -0.4
v 0.4 1.2 -0.4
v 0.5 1.1 -0.4
v 0.5 1.2 -0.4
v 0.8 1.3 -0.4
v 0.8 1.4 -0.4
v 0.9 1.1 -0.4
v 0.9 1.2 -0.4
v 1 1.3 -0.4
v 1 1.4 -0.4
v 1 1.5 -0.4
v 1.1 1.4 -0.4
v 1.1 1.5 -0.4
v 1.2 1.1 -0.4
v 1.2 1.2 -0.4
v 1.3 0.1 -0.4
v 1.3 0.2 -0.4
v 1.3 0.3 -0.4
v 1.3 0.4 -0.4
v 1.3 0.9 -0.4
v 1.3 1 -0.4
v 1.3 1.1 -0.4
v 1.3 1.2 -0.4
v 1.4 0.1 -0.4
v 1.4 0.4 -0.4
v 1.4 0.9 -0.4
v 1.4 1.1 -0.4
v 1.4 1.2 -0.4
v -1.1 1.2 -0.5
v -1.1 1.3 -0.5
v -1 1.1 -0.5
v -1 1.2 -0.5
v -1 1.3 -0.5
v -0.9 1.2 -0.5
v -0.9 1.3 -0.5
v -0.8 1.1 -0.5
v -0.8 1.2 -0.5
v -0.6 1.2 -0.5
v -0.6 1.3 -0.5
v -0.6 1.5 -0.5
v -0.6 1.6 -0.5
v -0.5 1.2 -0.5
v -0.5 1.3 -0.5
v -0.4 1.3 -0.5
v -0.4 1.5 -0.5
v -0.4 1.6 -0.5
v -0.3 1.1 -0.5
v -0.3 1.2 -0.5
v -0.3 1.3 -0.5
v -0.3 1.5 -0.5
v -0.2 1.1 -0.5
v -0.2 1.2 -0.5
v -0.2 1.3 -0.5
v -0.2 1.4 -0.5
v -0.2 1.7 -0.5
v -0.1 1.4 -0.5
v -0.1 1.7 -0.5
v 0.2 1.3 -0.5
v 0.2 1.5 -0.5
v 0.3 1.3 -0.5
v 0.3 1.5 -0.5
v 0.4 1.2 -0.5
v 0.4 1.4 -0.5
v 0.5 1.2 -0.5
v 0.5 1.4 -0.5
v 0.5 1.5 -0.5
v 0.6 1.2 -0.5
v 0.6 1.3 -0.5
v 0.6 1.4 -0.5
v 0.6 1.5 -0.5
v 0.6 1.6 -0.5
v 0.7 1.2 -0.5
v 0.7 1.3 -0.5
v 0.7 1.5 -0.5
v 0.7 1.6 -0.5
v 0.7 1.7 -0.5
v 0.8 1.6 -0.5
v 0.8 1.7 -0.5
v -1.1 1.1 -0.6
v -1.1 1.2 -0.6
v -1 1.1 -0.6
v -1 1.2 -0.6
v -0.8 0.3 -0.6
v -0.8 0.4 -0.6
v -0.6 1.3 -0.6
v -0.6 1.4 -0.6
v -0.5 1.3 -0.6
v -0.5 1.4 -0.6
v -0.2 1.7 -0.6
v -0.2 1.9 -0.6
v -0.1 1.2 -0.6
v -0.1 1.3 -0.6
v -0.1 1.7 -0.6
v -0.1 1.9 -0.6
v 0 1.2 -0.6
v 0 1.3 -0.6
v 0.2 1.5 -0.6
v 0.2 1.7 -0.6
v 0.3 1.5 -0.6
v 0.3 1.7 -0.6
v 1.3 0.3 -0.6
v 1.3 0.4 -0.6
v -1 1 -0.7
v -1 1.1 -0.7
v -0.9 0.3 -0.7
v -0.9 0.4 -0.7
v -0.9 1 -0.7
v -0.9 1.1 -0.7
v -0.8 0.3 -0.7
v -0.8 0.4 -0.7
v -0.7 0.4 -0.7
v -0.7 0.5 -0.7
v -0.7 1 -0.7
v -0.7 1.1 -0.7
v -0.6 1.4 -0.7
v -0.6 1.5 -0.7
v -0.5 1.4 -0.7
v -0.5 1.5 -0.7
v -0.4 0.8 -0.7
v -0.4 0.9 -0.7
v -0.3 0.8 -0.7
v -0.3 0.9 -0.7
v 0 1.3 -0.7
v 0 1.5 -0.7
v 0.1 1.3 -0.7
v 0.1 1.5 -0.7
v 0.2 1.7 -0.7
v 0.2 1.8 -0.7
v 0.3 1.7 -0.7
v 0.3 1.8 -0.7
v 0.7 1 -0.7
v 0.7 1.1 -0.7
v 0.9 1.1 -0.7
v 1.1 0.4 -0.7
v 1.1 0.5 -0.7
v 1.3 1 -0.7
v 1.3 1.1 -0.7
v 1.4 0.2 -0.7
v 1.4 0.3 -0.7
v 1.4 1 -0.7
v 1.4 1.1 -0.7
v 1.5 0.2 -0.7
v 1.5 0.3 -0.7
v 1.5 1 -0.7
v 1.5 1.1 -0.7
v -1.1 0.3 -0.8
v -1.1 0.4 -0.8
v -1 0.3 -0.8
v -1 0.4 -0.8
v -1 0.9 -0.8
v -1 1 -0.8
v -0.9 0.3 -0.8
v -0.9 0.4 -0.8
v -0.9 0.9 -0.8
v -0.9 1 -0.8
v -0.8 0.4 -0.8
v -0.8 0.6 -0.8
v -0.7 0.4 -0.8
v -0.7 0.5 -0.8
v -0.7 0.6 -0.8
v -0.7 0.7 -0.8
v -0.6 0.7 -0.8
v -0.6 0.8 -0.8
v -0.6 0.9 -0.8
v -0.6 1 -0.8
v -0.5 0.8 -0.8
v -0.5 0.9 -0.8
v -0.4 0.8 -0.8
v -0.4 0.9 -0.8
v 0 1.5 -0.8
v 0 1.7 -0.8
v 0.1 1.5 -0.8
v 0.1 1.7 -0.8
v 0.2 0.8 -0.8
v 0.2 0.9 -0.8
v 0.6 0.9 -0.8
v 0.6 1 -0.8
v 0.9 0.5 -0.8
v 0.9 0.6 -0.8
v 0.9 0.7 -0.8
v 1 0.5 -0.8
v 1 0.6 -0.8
v 1 0.8 -0.8
v 1 0.9 -0.8
v 1.1 0.4 -0.8
v 1.1 0.5 -0.8
v 1.1 0.7 -0.8
v 1.1 0.8 -0.8
v 1.1 0.9 -0.8
v 1.1 1 -0.8
v 1.2 0.4 -0.8
v 1.2 0.5 -0.8
v 1.2 0.6 -0.8
v 1.2 0.7 -0.8
v 1.3 0.5 -0.8
v 1.3 0.6 -0.8
v 1.3 0.9 -0.8
v 1.3 1 -0.8
v 1.4 0.3 -0.8
v 1.4 0.4 -0.8
v 1.4 0.5 -0.8
v 1.4 0.9 -0.8
v 1.4 1 -0.8
v 1.5 0.3 -0.8
v 1.5 0.4 -0.8
v 1.5 0.9 -0.8
v 1.5 1 -0.8
v -1 0.4 -0.9
v -1 0.9 -0.9
v -0.9 0.4 -0.9
v -0.9 0.9 -0.9
v -0.8 0.4 -0.9
v -0.8 0.6 -0.9
v -0.7 0.6 -0.9
v -0.7 0.7 -0.9
v -0.6 0.7 -0.9
v -0.6 0.8 -0.9
v -0.5 0.8 -0.9
v -0.5 0.9 -0.9
v 1 0.8 -0.9
v 1 0.9 -0.9
v 1.1 0.7 -0.9
v 1.1 0.8 -0.9
v 1.1 0.9 -0.9
v 1.2 0.6 -0.9
v 1.2 0.7 -0.9
v 1.2 0.8 -0.9
v 1.3 0.5 -0.9
v 1.3 0.6 -0.9
v 1.3 0.8 -0.9
v 1.3 0.9 -0.9
v 1.4 0.4 -0.9
v 1.4 0.5 -0.9
v 1.4 0.9 -0.9
v 1.5 0.4 -0.9
v 1.5 0.5 -0.9
v 1.5 0.6 -0.9
v 1.5 0.9 -0.9
v 1.6 0.4 -0.9
v 1.6 0.9 -0.9
v -1.6 0.5 0.7
v -1.6 0.9 0.7
v -1.5 0.5 0.7
v -1.5 0.6 0.7
v -1.5 0.9 0.7
v -1.4 0.5 0.7
v -1.4 0.6 0.7
v -0.3 0.6 0.7
v -0.3 0.7 0.7
v -0.3 0.8 0.7
v -0.3 0.9 0.7
v -0.2 0.6 0.7
v -0.2 0.7 0.7
v -0.2 0.8 0.7
v 0.1 0.6 0.7
v 0.1 0.7 0.7
v 0.1 0.8 0.7
v 0.2 0.6 0.7
v 0.2 0.7 0.7
v 0.2 0.9 0.7
v 0.3 0.8 0.7
v 0.3 0.9 0.7
v -1.5 0.3 0.6
v -1.5 0.5 0.6
v -1.5 0.9 0.6
v -1.5 1 0.6
v -1.4 0.3 0.6
v -1.4 0.5 0.6
v -1.4 0.6 0.6
v -1.4 0.9 0.6
v -1.4 1 0.6
v -1.3 0.5 0.6
v -1.3 0.6 0.6
v -1.1 0.3 0.6
v -1.1 0.4 0.6
v -0.9 0.3 0.6
v -0.9 0.4 0.6
v -0.5 0.3 0.6
v -0.5 0.4 0.6
v -0.3 0.3 0.6
v -0.2 0.3 0.6
v -0.2 0.4 0.6
v 0.1 0.3 0.6
v 0.1 0.4 0.6
v 0.1 0.7 0.6
v 0.1 0.8 0.6
v 0.4 0.3 0.6
v 0.4 0.4 0.6
v 0.4 0.5 0.6
v 0.4 0.6 0.6
v 0.4 0.7 0.6
v 0.4 0.8 0.6
v 0.5 0.3 0.6
v 0.5 0.4 0.6
v 0.5 0.5 0.6
v 0.5 0.6 0.6
v 0.5 0.7 0.6
v 0.5 0.8 0.6
v 0.6 0.4 0.6
v 0.7 0.3 0.6
v 0.8 0.3 0.6
v 0.8 0.4 0.6
v 0.8 0.5 0.6
v 0.8 0.7 0.6
v 0.9 0.4 0.6
v 0.9 0.7 0.6
v 0.9 0.9 0.6
v 1 0.7 0.6
v 1 0.9 0.6
v -1.5 0.6 0.5
v -1.5 0.9 0.5
v -1.5 1 0.5
v -1.5 1.1 0.5
v -1.4 0.2 0.5
v -1.4 0.3 0.5
v -1.4 0.5 0.5
v -1.4 0.9 0.5
v -1.4 1 0.5
v -1.4 1.1 0.5
v -1.3 0.2 0.5
v -1.3 0.3 0.5
v -1.3 0.5 0.5
v -1.3 0.6 0.5
v -1.3 0.8 0.5
v -1.3 0.9 0.5
v -1.3 1 0.5
v -1.3 1.1 0.5
v -1.2 0.6 0.5
v -1.2 0.8 0.5
v -1.1 0.8 0.5
v -1.1 0.9 0.5
v -1.1 1 0.5
v -1 0.9 0.5
v -1 1 0.5
v 0.5 0.8 0.5
v 0.5 0.9 0.5
v 0.6 0.7 0.5
v 0.6 0.8 0.5
v 0.6 0.9 0.5
v 0.6 1 0.5
v 0.6 1.4 0.5
v 0.6 1.5 0.5
v 0.6 1.6 0.5
v 0.7 0.6 0.5
v 0.7 0.7 0.5
v 0.7 0.9 0.5
v 0.7 1 0.5
v 0.7 1.1 0.5
v 0.7 1.4 0.5
v 0.7 1.6 0.5
v 0.8 0.3 0.5
v 0.8 0.4 0.5
v 0.8 0.6 0.5
v 0.8 0.7 0.5
v 0.8 0.8 0.5
v 0.8 0.9 0.5
v 0.8 1 0.5
v 0.8 1.1 0.5
v 0.9 0.3 0.5
v 0.9 0.4 0.5
v 0.9 0.7 0.5
v 0.9 0.9 0.5
v 0.9 1 0.5
v 1 0.9 0.5
v 1 1 0.5
v 1.1 0.9 0.5
v 1.1 1 0.5
v -1.4 1.1 0.4
v -1.4 1.2 0.4
v -1.3 0.3 0.4
v -1.3 0.6 0.4
v -1.3 1 0.4
v -1.3 1.1 0.4
v -1.3 1.2 0.4
v -1.2 0.3 0.4
v -1.2 0.4 0.4
v -1.2 0.6 0.4
v -1.2 0.8 0.4
v -1.2 1.2 0.4
v -1.1 0.4 0.4
v -1.1 0.8 0.4
v -1.1 0.9 0.4
v -1.1 1.2 0.4
v -1 0.9 0.4
v -1 1 0.4
v -0.9 1.1 0.4
v -0.9 1.2 0.4
v -0.8 0.4 0.4
v -0.8 1.1 0.4
v -0.7 1 0.4
v -0.7 1.1 0.4
v -0.6 0.9 0.4
v -0.6 1 0.4
v -0.4 0.8 0.4
v -0.4 0.9 0.4
v 0.2 0.8 0.4
v 0.2 0.9 0.4
v 0.5 0.8 0.4
v 0.5 0.9 0.4
v 0.5 1.3 0.4
v 0.5 1.4 0.4
v 0.5 1.5 0.4
v 0.6 0.7 0.4
v 0.6 0.8 0.4
v 0.6 1.3 0.4
v 0.6 1.5 0.4
v 0.7 0.6 0.4
v 0.7 0.7 0.4
v 0.8 0.4 0.4
v 0.8 0.6 0.4
v 0.8 1 0.4
v 0.8 1.1 0.4
v 0.9 1 0.4
v 0.9 1.1 0.4
v 1 1 0.4
v 1 1.1 0.4
v 1.1 1 0.4
v 1.1 1.1 0.4
v -1.3 1.2 0.3
v -1.3 1.3 0.3
v -1.2 0.3 0.3
v -1.2 0.4 0.3
v -1.2 1.2 0.3
v -1.2 1.3 0.3
v -1.1 1.2 0.3
v -1.1 1.3 0.3
v -0.9 1.1 0.3
v -0.9 1.2 0.3
v -0.9 1.3 0.3
v -0.8 0.3 0.3
v -0.8 0.4 0.3
v -0.8 1.1 0.3
v -0.8 1.2 0.3
v -0.4 1.2 0.3
v -0.4 1.3 0.3
v -0.3 1.2 0.3
v -0.3 1.3 0.3
v -0.2 1.2 0.3
v -0.2 1.3 0.3
v -0.1 1.2 0.3
v -0.1 1.3 0.3
v 0.3 1.2 0.3
v 0.3 1.4 0.3
v 0.4 1.2 0.3
v 0.4 1.3 0.3
v 0.4 1.4 0.3
v 0.5 1.2 0.3
v 0.5 1.3 0.3
v 0.5 1.5 0.3
v 0.5 1.6 0.3
v 0.6 1.5 0.3
v 0.6 1.6 0.3
v 0.6 1.7 0.3
v 0.7 1.6 0.3
v 0.7 1.7 0.3
v 0.7 1.8 0.3
v 0.8 1.7 0.3
v 0.8 1.8 0.3
v 0.8 1.9 0.3
v 0.9 0.3 0.3
v 0.9 0.4 0.3
v 0.9 1 0.3
v 0.9 1.1 0.3
v 0.9 1.8 0.3
v 0.9 1.9 0.3
v 1 1 0.3
v 1 1.1 0.3
v 1.1 0.9 0.3
v 1.1 1 0.3
v 1.1 1.1 0.3
v 1.2 0.9 0.3
v 1.2 1 0.3
v 1.2 1.1 0.3
v -1.3 0.1 0.2
v -1.3 0.3 0.2
v -1.2 0.1 0.2
v -1.2 0.2 0.2
v -0.8 0.2 0.2
v -0.8 0.3 0.2
v -0.5 1.2 0.2
v -0.5 1.3 0.2
v -0.5 1.4 0.2
v -0.4 1.2 0.2
v -0.4 1.4 0.2
v -0.3 1.2 0.2
v -0.3 1.4 0.2
v -0.2 1.2 0.2
v -0.2 1.4 0.2
v -0.1 1.2 0.2
v -0.1 1.3 0.2
v 0 1.2 0.2
v 0 1.3 0.2
v 0.1 1.2 0.2
v 0.1 1.3 0.2
v 0.2 1.3 0.2
v 0.2 1.4 0.2
v 0.2 1.5 0.2
v 0.3 1.2 0.2
v 0.3 1.5 0.2
v 0.4 1.3 0.2
v 0.4 1.5 0.2
v 0.5 1.2 0.2
v 0.5 1.3 0.2
v 0.5 1.5 0.2
v 0.6 1.2 0.2
v 0.6 1.3 0.2
v 0.9 0.2 0.2
v 0.9 1.1 0.2
v 0.9 1.2 0.2
v 1 0.2 0.2
v 1 0.3 0.2
v 1.1 1.1 0.2
v 1.1 1.2 0.2
v -1.2 1.3 0.1
v -1.2 1.4 0.1
v -1.1 1.6 0.1
v -1.1 1.7 0.1
v -0.9 1.5 0.1
v -0.9 1.6 0.1
v -0.9 1.7 0.1
v -0.8 1.3 0.1
v -0.8 1.4 0.1
v -0.8 1.5 0.1
v -0.8 1.6 0.1
v -0.7 1.3 0.1
v -0.7 1.4 0.1
v -0.7 1.5 0.1
v -0.6 1.2 0.1
v -0.6 1.3 0.1
v -0.6 1.4 0.1
v -0.6 1.5 0.1
v -0.5 1.2 0.1
v -0.5 1.3 0.1
v -0.5 1.4 0.1
v -0.5 1.5 0.1
v -0.4 1.2 0.1
v -0.4 1.4 0.1
v -0.3 1.2 0.1
v -0.3 1.4 0.1
v -0.2 1.2 0.1
v -0.2 1.5 0.1
v -0.1 1.2 0.1
v -0.1 1.5 0.1
v -0.1 1.6 0.1
v 0 1.5 0.1
v 0 1.6 0.1
v 0.1 1.3 0.1
v 0.1 1.4 0.1
v 0.2 1.3 0.1
v 0.2 1.4 0.1
v 0.2 1.5 0.1
v 0.2 1.6 0.1
v 0.3 1.2 0.1
v 0.3 1.5 0.1
v 0.3 1.6 0.1
v 0.4 1.2 0.1
v 0.4 1.4 0.1
v 0.4 1.6 0.1
v 0.6 1.2 0.1
v 0.6 1.3 0.1
v 0.7 1.2 0.1
v 0.7 1.3 0.1
v 0.8 1.2 0.1
v 0.8 1.3 0.1
v 0.8 1.4 0.1
v 0.9 1.3 0.1
v 0.9 1.4 0.1
v 0.9 1.5 0.1
v 1 0.2 0.1
v 1 0.3 0.1
v 1.1 0.2 0.1
v 1.1 0.3 0.1
v 1.1 0.9 0.1
v 1.1 1 0.1
v 1.1 1.1 0.1
v 1.1 1.2 0.1
v 1.1 1.4 0.1
v 1.1 1.5 0.1
v 1.2 0.9 0.1
v 1.2 1 0.1
v 1.2 1.1 0.1
v 1.2 1.2 0.1
v 1.3 0.9 0.1
v 1.3 1 0.1
v -0.7 1.4 0
v -0.7 1.6 0
v -0.6 1.4 0
v -0.6 1.6 0
v -0.5 1.4 0
v -0.5 1.6 0
v -0.4 1.4 0
v -0.4 1.6 0
v -0.3 1.2 0
v -0.3 1.4 0
v -0.3 1.5 0
v -0.2 1.2 0
v -0.2 1.5 0
v -0.2 1.7 0
v -0.1 1.5 0
v -0.1 1.6 0
v -0.1 1.7 0
v 0 1.2 0
v 0 1.4 0
v 0.1 1.2 0
v 0.1 1.4 0
v 0.1 1.5 0
v 0.1 1.6 0
v 0.2 1.1 0
v 0.2 1.2 0
v 0.2 1.4 0
v 0.2 1.5 0
v 0.2 1.6 0
v 0.3 1.1 0
v 0.3 1.2 0
v 0.4 1.2 0
v 0.4 1.4 0
v 0.5 1.2 0
v 0.5 1.4 0
v 0.6 1.3 0
v 0.6 1.4 0
v 0.7 1.4 0
v 0.7 1.5 0
v 0.8 1.2 0
v 0.8 1.3 0
v 0.8 1.5 0
v 1 0.9 0
v 1 1 0
v 1.1 0.2 0
v 1.1 0.3 0
v 1.1 0.9 0
v 1.1 1 0
v 1.2 0.2 0
v 1.2 0.3 0
v 1.3 1.2 0
v 1.3 1.3 0
v -0.8 1.6 -0.1
v -0.8 1.7 -0.1
v -0.7 1.6 -0.1
v -0.7 1.7 -0.1
v -0.4 1.2 -0.1
v -0.4 1.4 -0.1
v -0.3 1.2 -0.1
v -0.3 1.4 -0.1
v -0.1 1.2 -0.1
v -0.1 1.4 -0.1
v -0.1 1.5 -0.1
v -0.1 1.6 -0.1
v -0.1 1.8 -0.1
v 0 1.2 -0.1
v 0 1.4 -0.1
v 0 1.5 -0.1
v 0 1.6 -0.1
v 0 1.7 -0.1
v 0 1.8 -0.1
v 0.1 1.1 -0.1
v 0.1 1.2 -0.1
v 0.2 1.1 -0.1
v 0.2 1.2 -0.1
v 0.3 1.6 -0.1
v 0.3 1.9 -0.1
v 0.4 1.4 -0.1
v 0.4 1.6 -0.1
v 0.4 1.8 -0.1
v 0.4 1.9 -0.1
v 0.4 2 -0.1
v 0.5 1.4 -0.1
v 0.5 1.6 -0.1
v 0.5 1.8 -0.1
v 0.5 1.9 -0.1
v 0.5 2 -0.1
v 0.5 2.1 -0.1
v 0.5 2.2 -0.1
v 0.5 2.4 -0.1
v 0.6 1.9 -0.1
v 0.6 2 -0.1
v 0.6 2.1 -0.1
v 0.6 2.2 -0.1
v 0.6 2.3 -0.1
v 0.6 2.4 -0.1
v 0.6 2.5 -0.1
v 0.6 2.6 -0.1
v 0.7 2 -0.1
v 0.7 2.1 -0.1
v 0.7 2.2 -0.1
v 0.7 2.3 -0.1
v 0.7 2.5 -0.1
v 0.7 2.6 -0.1
v 0.7 2.7 -0.1
v 0.8 1.5 -0.1
v 0.8 1.6 -0.1
v 0.8 2.1 -0.1
v 0.8 2.2 -0.1
v 0.8 2.3 -0.1
v 0.8 2.4 -0.1
v 0.8 2.5 -0.1
v 0.8 2.6 -0.1
v 0.8 2.7 -0.1
v 0.8 2.8 -0.1
v 0.9 1.5 -0.1
v 0.9 1.6 -0.1
v 0.9 1.7 -0.1
v 0.9 2.2 -0.1
v 0.9 2.3 -0.1
v 0.9 2.4 -0.1
v 0.9 2.5 -0.1
v 0.9 2.6 -0.1
v 0.9 2.7 -0.1
v 0.9 2.8 -0.1
v 0.9 2.9 -0.1
v 1 1.6 -0.1
v 1 1.7 -0.1
v 1 2.3 -0.1
v 1 2.4 -0.1
v 1 2.5 -0.1
v 1 2.6 -0.1
v 1 2.7 -0.1
v 1 2.8 -0.1
v 1 2.9 -0.1
v 1.1 2.4 -0.1
v 1.1 2.5 -0.1
v 1.1 2.6 -0.1
v 1.1 2.7 -0.1
v 1.1 2.9 -0.1
v -1.2 2.3 -0.2
v -1.2 2.6 -0.2
v -1.1 2.1 -0.2
v -1.1 2.2 -0.2
v -1.1 2.3 -0.2
v -1.1 2.4 -0.2
v -1.1 2.5 -0.2
v -1.1 2.6 -0.2
v -1 2 -0.2
v -1 2.1 -0.2
v -1 2.2 -0.2
v -1 2.4 -0.2
v -1 2.5 -0.2
v -1 2.6 -0.2
v -0.9 1.9 -0.2
v -0.9 2 -0.2
v -0.9 2.1 -0.2
v -0.9 2.2 -0.2
v -0.9 2.3 -0.2
v -0.9 2.5 -0.2
v -0.9 2.6 -0.2
v -0.8 1.8 -0.2
v -0.8 1.9 -0.2
v -0.8 2 -0.2
v -0.8 2.1 -0.2
v -0.8 2.2 -0.2
v -0.8 2.3 -0.2
v -0.8 2.4 -0.2
v -0.8 2.5 -0.2
v -0.7 1.9 -0.2
v -0.7 2 -0.2
v -0.7 2.1 -0.2
v -0.7 2.3 -0.2
v -0.7 2.4 -0.2
v -0.6 1.1 -0.2
v -0.6 1.2 -0.2
v -0.6 1.3 -0.2
v -0.6 1.5 -0.2
v -0.6 1.7 -0.2
v -0.6 1.8 -0.2
v -0.6 1.9 -0.2
v -0.6 2 -0.2
v -0.6 2.1 -0.2
v -0.6 2.3 -0.2
v -0.5 1.1 -0.2
v -0.5 1.2 -0.2
v -0.5 1.5 -0.2
v -0.5 1.7 -0.2
v -0.5 1.8 -0.2
v -0.5 1.9 -0.2
v -0.5 2.1 -0.2
v -0.4 1.5 -0.2
v -0.4 1.7 -0.2
v -0.4 1.8 -0.2
v -0.4 1.9 -0.2
v -0.3 1.2 -0.2
v -0.3 1.5 -0.2
v -0.3 1.7 -0.2
v -0.3 1.8 -0.2
v -0.3 2 -0.2
v -0.2 1.2 -0.2
v -0.2 1.4 -0.2
v -0.2 1.7 -0.2
v -0.2 1.9 -0.2
v -0.2 2 -0.2
v 0 1.2 -0.2
v 0 1.7 -0.2
v 0.1 1.2 -0.2
v 0.1 1.7 -0.2
v 0.3 1.2 -0.2
v 0.3 1.6 -0.2
v 0.4 1.2 -0.2
v 0.4 1.6 -0.2
v 0.4 1.8 -0.2
v 0.5 1.6 -0.2
v 0.5 1.7 -0.2
v 0.5 1.8 -0.2
v 0.5 1.9 -0.2
v 0.6 1.7 -0.2
v 0.6 1.8 -0.2
v 0.6 1.9 -0.2
v 0.6 2 -0.2
v 0.7 1.9 -0.2
v 0.7 2 -0.2
v 0.9 1.1 -0.2
v 0.9 1.2 -0.2
v 1.2 1.1 -0.2
v 1.2 1.2 -0.2
v -1.2 1.2 -0.3
v -1.2 1.3 -0.3
v -0.9 1.2 -0.3
v -0.9 1.3 -0.3
v -0.5 1.1 -0.3
v -0.5 1.2 -0.3
v -0.4 1.1 -0.3
v -0.4 1.2 -0.3
v -0.4 1.5 -0.3
v -0.4 1.7 -0.3
v -0.4 1.8 -0.3
v -0.3 1.2 -0.3
v -0.3 1.5 -0.3
v -0.3 1.7 -0.3
v -0.3 1.8 -0.3
v -0.2 1.2 -0.3
v -0.2 1.4 -0.3
v -0.2 1.7 -0.3
v -0.2 1.9 -0.3
v -0.1 1.2 -0.3
v -0.1 1.4 -0.3
v -0.1 1.7 -0.3
v -0.1 1.9 -0.3
v 0.2 1.1 -0.3
v 0.2 1.2 -0.3
v 0.3 1.1 -0.3
v 0.3 1.2 -0.3
v 0.4 1.1 -0.3
v 0.4 1.2 -0.3
v 0.5 1.1 -0.3
v 0.5 1.2 -0.3
v 0.5 1.3 -0.3
v 0.6 1.2 -0.3
v 0.6 1.3 -0.3
v 0.6 1.5 -0.3
v 0.7 1.3 -0.3
v 0.7 1.5 -0.3
v 0.7 1.6 -0.3
v 0.8 1.5 -0.3
v 0.8 1.6 -0.3
v 0.8 1.7 -0.3
v 0.9 1.6 -0.3
v 0.9 1.7 -0.3
v -1.2 0 -0.4
v -1.2 0.1 -0.4
v -1.1 0.1 -0.4
v -1 1.6 -0.4
v -1 1.8 -0.4
v -0.9 1.5 -0.4
v -0.9 1.6 -0.4
v -0.9 1.8 -0.4
v -0.7 1.3 -0.4
v -0.7 1.4 -0.4
v -0.7 1.5 -0.4
v -0.7 1.6 -0.4
v -0.6 1.3 -0.4
v -0.6 1.5 -0.4
v -0.4 1.5 -0.4
v -0.4 1.7 -0.4
v -0.3 1.1 -0.4
v -0.3 1.2 -0.4
v -0.3 1.5 -0.4
v -0.3 1.7 -0.4
v -0.2 1.1 -0.4
v -0.2 1.2 -0.4
v -0.2 1.4 -0.4
v -0.2 1.7 -0.4
v -0.1 1.4 -0.4
v -0.1 1.7 -0.4
v 0 1.5 -0.4
v 0 1.7 -0.4
v 0 1.8 -0.4
v 0 2 -0.4
v 0 2.1 -0.4
v 0 2.2 -0.4
v 0 2.4 -0.4
v 0.1 1.5 -0.4
v 0.1 1.7 -0.4
v 0.1 1.8 -0.4
v 0.1 2 -0.4
v 0.1 2.1 -0.4
v 0.1 2.2 -0.4
v 0.1 2.3 -0.4
v 0.1 2.4 -0.4
v 0.1 2.5 -0.4
v 0.2 2.2 -0.4
v 0.2 2.3 -0.4
v 0.2 2.4 -0.4
v 0.2 2.5 -0.4
v 0.2 2.6 -0.4
v 0.3 1.2 -0.4
v 0.3 1.3 -0.4
v 0.3 1.4 -0.4
v 0.3 2.1 -0.4
v 0.3 2.2 -0.4
v 0.3 2.3 -0.4
v 0.3 2.5 -0.4
v 0.3 2.6 -0.4
v 0.3 2.7 -0.4
v 0.4 1.2 -0.4
v 0.4 1.4 -0.4
v 0.4 1.6 -0.4
v 0.4 2.2 -0.4
v 0.4 2.3 -0.4
v 0.4 2.4 -0.4
v 0.4 2.5 -0.4
v 0.4 2.6 -0.4
v 0.4 2.7 -0.4
v 0.5 1.4 -0.4
v 0.5 1.6 -0.4
v 0.5 1.7 -0.4
v 0.5 2.4 -0.4
v 0.5 2.5 -0.4
v 0.5 2.6 -0.4
v 0.5 2.7 -0.4
v 0.6 1.6 -0.4
v 0.6 1.7 -0.4
v 0.7 1 -0.4
v 0.7 1.1 -0.4
v 0.8 1 -0.4
v 0.8 1.1 -0.4
v 0.8 1.2 -0.4
v 0.8 1.3 -0.4
v 0.9 1.2 -0.4
v 1 1.3 -0.4
v 1.2 1 -0.4
v 1.2 1.1 -0.4
v 1.3 0 -0.4
v 1.3 0.1 -0.4
v 1.3 1 -0.4
v 1.3 1.1 -0.4
v 1.3 1.2 -0.4
v 1.3 1.3 -0.4
v -1.2 1.3 -0.5
v -1.2 1.4 -0.5
v -1.1 1.3 -0.5
v -1 1.3 -0.5
v -0.8 1.3 -0.5
v -0.8 1.4 -0.5
v -0.7 1.3 -0.5
v -0.7 1.4 -0.5
v -0.4 1.7 -0.5
v -0.4 2.1 -0.5
v -0.3 1.7 -0.5
v -0.3 2.1 -0.5
v -0.2 1.2 -0.5
v -0.2 1.3 -0.5
v -0.2 1.4 -0.5
v -0.1 1.2 -0.5
v -0.1 1.4 -0.5
v 0 1.2 -0.5
v 0 1.5 -0.5
v 0.1 1.2 -0.5
v 0.1 1.5 -0.5
v 0.2 1.2 -0.5
v 0.2 1.3 -0.5
v 0.3 1.2 -0.5
v 0.3 1.3 -0.5
v 0.7 1.2 -0.5
v 0.7 1.3 -0.5
v 0.8 1 -0.5
v 0.8 1.1 -0.5
v 0.8 1.2 -0.5
v 0.8 1.3 -0.5
v 0.8 1.4 -0.5
v 0.9 1 -0.5
v 0.9 1.1 -0.5
v 1 1.3 -0.5
v 1 1.4 -0.5
v 1 1.5 -0.5
v 1.1 1.4 -0.5
v 1.1 1.5 -0.5
v -1.1 1.2 -0.6
v -1.1 1.3 -0.6
v -1 1.2 -0.6
v -1 1.3 -0.6
v -0.8 1.2 -0.6
v -0.8 1.3 -0.6
v -0.7 1.2 -0.6
v -0.7 1.3 -0.6
v -0.6 1.2 -0.6
v -0.6 1.3 -0.6
v -0.6 1.5 -0.6
v -0.6 1.6 -0.6
v -0.5 1.2 -0.6
v -0.5 1.3 -0.6
v -0.4 0.8 -0.6
v -0.4 0.9 -0.6
v -0.4 1.3 -0.6
v -0.4 1.5 -0.6
v -0.4 1.6 -0.6
v -0.3 0.8 -0.6
v -0.3 0.9 -0.6
v -0.3 1.2 -0.6
v -0.3 1.3 -0.6
v -0.3 1.5 -0.6
v -0.2 1.1 -0.6
v -0.2 1.2 -0.6
v -0.2 1.3 -0.6
v -0.2 1.4 -0.6
v -0.2 1.7 -0.6
v -0.1 1.1 -0.6
v -0.1 1.2 -0.6
v -0.1 1.4 -0.6
v -0.1 1.7 -0.6
v 0 1.1 -0.6
v 0 1.2 -0.6
v 0.2 1.1 -0.6
v 0.2 1.2 -0.6
v 0.2 1.3 -0.6
v 0.2 1.5 -0.6
v 0.3 1.3 -0.6
v 0.3 1.5 -0.6
v 0.4 1.2 -0.6
v 0.4 1.4 -0.6
v 0.5 1.2 -0.6
v 0.5 1.4 -0.6
v 0.5 1.5 -0.6
v 0.6 1.2 -0.6
v 0.6 1.3 -0.6
v 0.6 1.4 -0.6
v 0.6 1.5 -0.6
v 0.6 1.6 -0.6
v 0.7 1.2 -0.6
v 0.7 1.3 -0.6
v 0.7 1.5 -0.6
v 0.7 1.6 -0.6
v 0.7 1.7 -0.6
v 0.8 1.6 -0.6
v 0.8 1.7 -0.6
v -1.2 0.1 -0.7
v -1.2 0.2 -0.7
v -1.1 0.1 -0.7
v -1.1 0.2 -0.7
v -1.1 1.1 -0.7
v -1.1 1.2 -0.7
v -1 1.1 -0.7
v -1 1.2 -0.7
v -0.9 1.1 -0.7
v -0.8 1.2 -0.7
v -0.8 1.3 -0.7
v -0.7 1.1 -0.7
v -0.7 1.2 -0.7
v -0.7 1.3 -0.7
v -0.6 1.1 -0.7
v -0.6 1.2 -0.7
v -0.6 1.3 -0.7
v -0.6 1.4 -0.7
v -0.5 1.3 -0.7
v -0.5 1.4 -0.7
v -0.4 1.1 -0.7
v -0.2 1.1 -0.7
v -0.2 1.2 -0.7
v -0.2 1.7 -0.7
v -0.2 1.9 -0.7
v -0.1 1.1 -0.7
v -0.1 1.3 -0.7
v -0.1 1.7 -0.7
v -0.1 1.9 -0.7
v 0 1.1 -0.7
v 0 1.3 -0.7
v 0.2 1.1 -0.7
v 0.2 1.2 -0.7
v 0.2 1.5 -0.7
v 0.2 1.7 -0.7
v 0.3 1.5 -0.7
v 0.3 1.7 -0.7
v 0.5 0.2 -0.7
v 0.6 1.1 -0.7
v 0.6 1.2 -0.7
v 0.9 1.1 -0.7
v 0.9 1.2 -0.7
v 1.3 0.1 -0.7
v 1.3 0.2 -0.7
v 1.3 1.1 -0.7
v 1.3 1.2 -0.7
v 1.4 0.1 -0.7
v 1.4 0.2 -0.7
v 1.4 1.1 -0.7
v 1.4 1.2 -0.7
v -1.2 0.2 -0.8
v -1.2 0.3 -0.8
v -1.1 0.2 -0.8
v -1.1 0.3 -0.8
v -1 0.3 -0.8
v -1 1 -0.8
v -1 1.1 -0.8
v -0.9 1 -0.8
v -0.9 1.1 -0.8
v -0.6 1 -0.8
v -0.6 1.1 -0.8
v -0.4 1 -0.8
v -0.4 1.1 -0.8
v -0.3 1 -0.8
v 0 1.3 -0.8
v 0 1.5 -0.8
v 0.1 1.3 -0.8
v 0.1 1.5 -0.8
v 0.2 1 -0.8
v 0.2 1.1 -0.8
v 0.2 1.7 -0.8
v 0.2 1.8 -0.8
v 0.3 1.7 -0.8
v 0.3 1.8 -0.8
v 0.5 0.2 -0.8
v 0.5 0.3 -0.8
v 0.6 1 -0.8
v 0.6 1.1 -0.8
v 0.9 0.3 -0.8
v 1.1 1 -0.8
v 1.3 1 -0.8
v 1.3 1.1 -0.8
v 1.4 0.2 -0.8
v 1.4 0.3 -0.8
v 1.4 1 -0.8
v 1.4 1.1 -0.8
v 1.5 0.2 -0.8
v 1.5 0.3 -0.8
v 1.5 1 -0.8
v 1.5 1.1 -0.8
v -1.1 0.3 -0.9
v -1.1 0.4 -0.9
v -1 0.3 -0.9
v -1 0.4 -0.9
v -1 0.9 -0.9
v -1 1 -0.9
v -0.9 0.4 -0.9
v -0.9 0.9 -0.9
v -0.9 1 -0.9
v -0.6 1.4 -0.9
v -0.6 1.5 -0.9
v -0.5 1.4 -0.9
v -0.5 1.5 -0.9
v -0.3 0.9 -0.9
v -0.3 1 -0.9
v 0 1.5 -0.9
v 0 1.7 -0.9
v 0.1 1.5 -0.9
v 0.1 1.7 -0.9
v 0.2 0.9 -0.9
v 0.2 1 -0.9
v 0.9 0.3 -0.9
v 0.9 0.4 -0.9
v 1.1 0.9 -0.9
v 1.1 1 -0.9
v 1.2 0.4 -0.9
v 1.3 0.9 -0.9
v 1.4 0.3 -0.9
v 1.4 0.4 -0.9
v 1.4 0.9 -0.9
v 1.4 1 -0.9
v 1.5 0.3 -0.9
v 1.5 0.4 -0.9
v 1.5 0.9 -0.9
v 1.5 1 -0.9
v -1 0.4 -1
v -1 0.9 -1
v -0.9 0.4 -1
v -0.9 0.9 -1
v 0.8 0.5 -1
v 0.8 0.6 -1
v 0.9 0.6 -1
v 0.9 0.7 -1
v 1 0.5 -1
v 1 0.6 -1
v 1.2 0.4 -1
v 1.2 0.5 -1
v 1.2 0.7 -1
v 1.2 0.8 -1
v 1.3 0.8 -1
v 1.3 0.9 -1
v 1.5 0.4 -1
v 1.5 0.5 -1
v 1.5 0.6 -1
v 1.5 0.9 -1
v 1.6 0.4 -1
v 1.6 0.9 -1
v -1.2 0 0.2
v 1.1 0 0.2
v 1.1 0 0.1
v 1.2 0 0.1
v 1.2 0 0
v 1.3 0 0
v -1.2 0 -0.4
v 1.3 0 -0.4
v -1.3 0.1 0.5
v -0.8 0.1 0.5
v 0.9 0.1 0.5
v 1 0.1 0.5
v -1.3 0.1 0.2
v -1.2 0.1 0.2
v -0.8 0.1 0.2
v 0.9 0.1 0.2
v 1 0.1 0.2
v -1.2 0.1 -0.4
v -1.1 0.1 -0.4
v 1.3 0.1 -0.4
v 1.4 0.1 -0.4
v -1.2 0.1 -0.7
v -1.1 0.1 -0.7
v 1.3 0.1 -0.7
v 1.4 0.1 -0.7
v -1.4 0.2 0.6
v -1.2 0.2 0.6
v -0.3 0.2 0.6
v 0.7 0.2 0.6
v 0.8 0.2 0.6
v 0.9 0.2 0.6
v -1.4 0.2 0.5
v -1.3 0.2 0.5
v -1.2 0.2 0.5
v -0.8 0.2 0.5
v -0.3 0.2 0.5
v 0.7 0.2 0.5
v 0.8 0.2 0.5
v 0.9 0.2 0.5
v -1.2 0.2 -0.7
v -1.1 0.2 -0.7
v 0.5 0.2 -0.7
v 1.3 0.2 -0.7
v 1.4 0.2 -0.7
v 1.5 0.2 -0.7
v -1.2 0.2 -0.8
v -1.1 0.2 -0.8
v 0.5 0.2 -0.8
v 1.4 0.2 -0.8
v 1.5 0.2 -0.8
v -1.5 0.3 0.7
v -1.4 0.3 0.7
v -0.9 0.3 0.7
v -0.5 0.3 0.7
v -0.2 0.3 0.7
v 0.1 0.3 0.7
v 0.4 0.3 0.7
v 0.5 0.3 0.7
v 0.8 0.3 0.7
v 0.9 0.3 0.7
v -1.5 0.3 0.6
v -1.4 0.3 0.6
v -1.2 0.3 0.6
v -0.9 0.3 0.6
v -0.5 0.3 0.6
v -0.3 0.3 0.6
v -0.2 0.3 0.6
v 0.1 0.3 0.6
v 0.4 0.3 0.6
v 0.5 0.3 0.6
v 0.7 0.3 0.6
v 0.8 0.3 0.6
v 0.9 0.3 0.6
v -1.1 0.3 -0.8
v -1 0.3 -0.8
v 0.5 0.3 -0.8
v 0.9 0.3 -0.8
v 1.4 0.3 -0.8
v 1.5 0.3 -0.8
v -1.1 0.3 -0.9
v -1 0.3 -0.9
v 0.9 0.3 -0.9
v 1.4 0.3 -0.9
v 1.5 0.3 -0.9
v -1.1 0.4 0.8
v -0.6 0.4 0.8
v -0.5 0.4 0.8
v -0.2 0.4 0.8
v -0.1 0.4 0.8
v 0 0.4 0.8
v 0.1 0.4 0.8
v 0.4 0.4 0.8
v 0.5 0.4 0.8
v 0.6 0.4 0.8
v 0.8 0.4 0.8
v 0.9 0.4 0.8
v -1.1 0.4 0.7
v -0.9 0.4 0.7
v -0.6 0.4 0.7
v -0.5 0.4 0.7
v -0.2 0.4 0.7
v -0.1 0.4 0.7
v 0 0.4 0.7
v 0.1 0.4 0.7
v 0.4 0.4 0.7
v 0.5 0.4 0.7
v 0.6 0.4 0.7
v 0.8 0.4 0.7
v 0.9 0.4 0.7
v -1.1 0.4 0.6
v -0.9 0.4 0.6
v -0.5 0.4 0.6
v -0.2 0.4 0.6
v 0.1 0.4 0.6
v 0.4 0.4 0.6
v 0.5 0.4 0.6
v 0.6 0.4 0.6
v 0.8 0.4 0.6
v -1.1 0.4 0.5
v -0.9 0.4 0.5
v -0.5 0.4 0.5
v -0.2 0.4 0.5
v 0.1 0.4 0.5
v 0.4 0.4 0.5
v 0.5 0.4 0.5
v 0.6 0.4 0.5
v 0.8 0.4 0.5
v -1 0.4 -0.9
v -0.9 0.4 -0.9
v 0.9 0.4 -0.9
v 1.2 0.4 -0.9
v 1.4 0.4 -0.9
v 1.5 0.4 -0.9
v 1.6 0.4 -0.9
v -1 0.4 -1
v -0.9 0.4 -1
v 1.2 0.4 -1
v 1.5 0.4 -1
v 1.6 0.4 -1
v -1.6 0.5 0.8
v -1.5 0.5 0.8
v -1.2 0.5 0.8
v -1.1 0.5 0.8
v -1.6 0.5 0.7
v -1.5 0.5 0.7
v -1.4 0.5 0.7
v -1.2 0.5 0.7
v -1.1 0.5 0.7
v -0.3 0.6 0.8
v -0.2 0.6 0.8
v 0.1 0.6 0.8
v 0.2 0.6 0.8
v -1.5 0.6 0.7
v -1.4 0.6 0.7
v -0.3 0.6 0.7
v -0.2 0.6 0.7
v 0.1 0.6 0.7
v 0.2 0.6 0.7
v -1.4 0.6 0.6
v -1.3 0.6 0.6
v -1.5 0.6 0.5
v -1.3 0.6 0.5
v -0.5 0.7 0.8
v -0.3 0.7 0.8
v 0.2 0.7 0.8
v 0.4 0.7 0.8
v 0.9 0.7 0.8
v 1 0.7 0.8
v -0.5 0.7 0.7
v -0.3 0.7 0.7
v -0.2 0.7 0.7
v 0.1 0.7 0.7
v 0.2 0.7 0.7
v 0.4 0.7 0.7
v 0.9 0.7 0.7
v 1 0.7 0.7
v -0.5 0.7 0.6
v -0.2 0.7 0.6
v 0.1 0.7 0.6
v 0.4 0.7 0.6
v 0.8 0.7 0.6
v 0.9 0.7 0.6
v 1 0.7 0.6
v 0.8 0.7 0.5
v 0.9 0.7 0.5
v -0.6 0.8 0.8
v -0.5 0.8 0.8
v 0.4 0.8 0.8
v 0.5 0.8 0.8
v -0.6 0.8 0.7
v -0.5 0.8 0.7
v 0.4 0.8 0.7
v 0.5 0.8 0.7
v 0.1 0.8 0.6
v 0.4 0.8 0.6
v 0.5 0.8 0.6
v 0.1 0.8 0.5
v 0.4 0.8 0.5
v 0.5 0.8 0.5
v -0.4 0.8 0.4
v 0.2 0.8 0.4
v -0.4 0.8 -0.6
v -0.3 0.8 -0.6
v -0.4 0.8 -0.7
v -0.3 0.8 -0.7
v -0.4 0.8 -0.8
v 0.2 0.8 -0.8
v -0.3 0.9 0.7
v 0.2 0.9 0.7
v 0.3 0.9 0.7
v 1 0.9 0.7
v 1.1 0.9 0.7
v -0.3 0.9 0.6
v 0.2 0.9 0.6
v 0.3 0.9 0.6
v 0.9 0.9 0.6
v 1 0.9 0.6
v 0.5 0.9 0.5
v 0.6 0.9 0.5
v 0.9 0.9 0.5
v 1 0.9 0.5
v 1.1 0.9 0.5
v 1.2 0.9 0.5
v -0.6 0.9 0.4
v -0.4 0.9 0.4
v 0.2 0.9 0.4
v 0.5 0.9 0.4
v 1.1 0.9 0.3
v 1.2 0.9 0.3
v 1.3 0.9 0.3
v 1.1 0.9 0.2
v 1.2 0.9 0.2
v 1 0.9 0.1
v 1.1 0.9 0.1
v 1.2 0.9 0.1
v 1.3 0.9 0.1
v 1 0.9 0
v 1.1 0.9 0
v 1.3 0.9 -0.4
v 1.4 0.9 -0.4
v -0.4 0.9 -0.6
v -0.3 0.9 -0.6
v -0.4 0.9 -0.7
v -0.3 0.9 -0.7
v -1 0.9 -0.8
v -0.9 0.9 -0.8
v -0.6 0.9 -0.8
v -0.5 0.9 -0.8
v -0.4 0.9 -0.8
v 0.2 0.9 -0.8
v 0.6 0.9 -0.8
v 1 0.9 -0.8
v 1.1 0.9 -0.8
v 1.3 0.9 -0.8
v 1.4 0.9 -0.8
v 1.5 0.9 -0.8
v -1 0.9 -0.9
v -0.9 0.9 -0.9
v -0.5 0.9 -0.9
v 1 0.9 -0.9
v 1.1 0.9 -0.9
v 1.3 0.9 -0.9
v 1.4 0.9 -0.9
v 1.5 0.9 -0.9
v -1.5 1 0.6
v -1.4 1 0.6
v -1.5 1 0.5
v -1.4 1 0.5
v -1.3 1 0.5
v -1.1 1 0.5
v -1 1 0.5
v 0.6 1 0.5
v 0.7 1 0.5
v 0.8 1 0.5
v 0.9 1 0.5
v 1 1 0.5
v 1.1 1 0.5
v -1.3 1 0.4
v -1 1 0.4
v -0.7 1 0.4
v -0.6 1 0.4
v 0.8 1 0.4
v 0.9 1 0.4
v 1 1 0.4
v 1.1 1 0.4
v 0.9 1 0.3
v 1 1 0.3
v 0.7 1 0.2
v 0.9 1 0.2
v 1.2 1 0.1
v 1.3 1 0.1
v 0.7 1 -0.4
v 0.8 1 -0.4
v 1.2 1 -0.4
v 1.3 1 -0.4
v 0.8 1 -0.5
v 0.9 1 -0.5
v -1 1 -0.7
v -0.9 1 -0.7
v -0.7 1 -0.7
v -0.6 1 -0.7
v 0.6 1 -0.7
v 0.7 1 -0.7
v 1.3 1 -0.7
v 1.4 1 -0.7
v 1.5 1 -0.7
v -1 1 -0.8
v -0.9 1 -0.8
v -0.6 1 -0.8
v 0.6 1 -0.8
v 1.1 1 -0.8
v 1.3 1 -0.8
v 1.4 1 -0.8
v 1.5 1 -0.8
v -1.4 1.1 0.5
v -1.3 1.1 0.5
v 0.7 1.1 0.5
v 0.8 1.1 0.5
v -1.4 1.1 0.4
v -1.3 1.1 0.4
v -0.9 1.1 0.4
v -0.8 1.1 0.4
v -0.7 1.1 0.4
v 0.8 1.1 0.4
v 0.9 1.1 0.4
v 1 1.1 0.4
v 1.1 1.1 0.4
v -0.9 1.1 0.3
v -0.8 1.1 0.3
v 0.9 1.1 0.3
v 1 1.1 0.3
v 1.1 1.1 0.3
v 1.2 1.1 0.3
v 0.7 1.1 0.2
v 0.8 1.1 0.2
v 0.9 1.1 0.2
v 1.1 1.1 0.2
v 1.1 1.1 0.1
v 1.2 1.1 0.1
v 0.9 1.1 0
v 1.2 1.1 0
v 0.9 1.1 -0.2
v 1.2 1.1 -0.2
v 0.7 1.1 -0.4
v 0.8 1.1 -0.4
v 0.9 1.1 -0.4
v 1.2 1.1 -0.4
v 1.3 1.1 -0.4
v -1 1.1 -0.5
v -0.8 1.1 -0.5
v -0.7 1.1 -0.5
v 0.8 1.1 -0.5
v 0.9 1.1 -0.5
v -1.1 1.1 -0.6
v -1 1.1 -0.6
v -0.8 1.1 -0.6
v -1.1 1.1 -0.7
v -1 1.1 -0.7
v -0.9 1.1 -0.7
v -0.7 1.1 -0.7
v 0.7 1.1 -0.7
v 0.9 1.1 -0.7
v 1.3 1.1 -0.7
v -1.3 1.2 0.4
v -1.2 1.2 0.4
v -1.1 1.2 0.4
v -0.9 1.2 0.4
v -1.3 1.2 0.3
v -1.2 1.2 0.3
v -1.1 1.2 0.3
v -0.9 1.2 0.3
v -0.8 1.2 0.3
v -1 1.2 0.2
v -0.9 1.2 0.2
v -0.8 1.2 0.2
v 0.9 1.2 0.2
v 1.1 1.2 0.2
v 1.2 1.2 0.2
v 1.3 1.2 0.2
v -1.2 1.2 0.1
v -1 1.2 0.1
v 1.1 1.2 0.1
v 1.2 1.2 0.1
v 1.3 1.2 0.1
v 0.9 1.2 0
v 1.2 1.2 0
v 0.9 1.2 -0.2
v 1.2 1.2 -0.2
v -1.2 1.2 -0.3
v -0.9 1.2 -0.3
v -0.8 1.2 -0.3
v 0.9 1.2 -0.4
v 1.2 1.2 -0.4
v -1.1 1.2 -0.5
v -1 1.2 -0.5
v -0.9 1.2 -0.5
v -0.8 1.2 -0.5
v -1.1 1.2 -0.6
v -1 1.2 -0.6
v 0.5 1.3 0.6
v 0.6 1.3 0.6
v 0.5 1.3 0.5
v 0.6 1.3 0.5
v -1.2 1.3 0.3
v -1.1 1.3 0.3
v -0.9 1.3 0.3
v 0.4 1.3 0.3
v 0.5 1.3 0.3
v -1 1.3 0.2
v -0.9 1.3 0.2
v 0.1 1.3 0.2
v 0.2 1.3 0.2
v 0.4 1.3 0.2
v 0.5 1.3 0.2
v -1.2 1.3 0.1
v -1 1.3 0.1
v 0.1 1.3 0.1
v 0.2 1.3 0.1
v 0.6 1.3 0.1
v 0.7 1.3 0.1
v 0.8 1.3 0.1
v 0.6 1.3 0
v 0.8 1.3 0
v 0.6 1.3 -0.2
v 0.7 1.3 -0.2
v -1.2 1.3 -0.3
v -0.9 1.3 -0.3
v 0.6 1.3 -0.3
v 0.7 1.3 -0.3
v 0.8 1.3 -0.4
v 1 1.3 -0.4
v -1.2 1.3 -0.5
v -1.1 1.3 -0.5
v -1 1.3 -0.5
v -0.9 1.3 -0.5
v -0.4 1.3 -0.5
v -0.3 1.3 -0.5
v 0.2 1.3 -0.5
v 0.3 1.3 -0.5
v 0.8 1.3 -0.5
v 1 1.3 -0.5
v -0.6 1.3 -0.6
v -0.5 1.3 -0.6
v -0.4 1.3 -0.6
v -0.3 1.3 -0.6
v 0.2 1.3 -0.6
v 0.3 1.3 -0.6
v -0.6 1.3 -0.7
v -0.5 1.3 -0.7
v 0 1.3 -0.7
v 0.1 1.3 -0.7
v 0 1.3 -0.8
v 0.1 1.3 -0.8
v 0.6 1.4 0.6
v 0.7 1.4 0.6
v 0.6 1.4 0.5
v 0.7 1.4 0.5
v 0.3 1.4 0.3
v 0.4 1.4 0.3
v 0.3 1.4 0.2
v 0.4 1.4 0.2
v 0.9 1.4 0.2
v 1.1 1.4 0.2
v -0.7 1.4 0.1
v -0.6 1.4 0.1
v -0.5 1.4 0.1
v -0.4 1.4 0.1
v 0.1 1.4 0.1
v 0.2 1.4 0.1
v 0.9 1.4 0.1
v 1.1 1.4 0.1
v -0.7 1.4 0
v -0.6 1.4 0
v -0.5 1.4 0
v -0.4 1.4 0
v 0.1 1.4 0
v 0.2 1.4 0
v 0.4 1.4 0
v 0.5 1.4 0
v -0.4 1.4 -0.1
v -0.3 1.4 -0.1
v 0.4 1.4 -0.1
v 0.5 1.4 -0.1
v -0.4 1.4 -0.2
v -0.3 1.4 -0.2
v -0.2 1.4 -0.3
v -0.1 1.4 -0.3
v 0.4 1.4 -0.3
v 0.5 1.4 -0.3
v -0.2 1.4 -0.4
v -0.1 1.4 -0.4
v 0.4 1.4 -0.4
v 0.5 1.4 -0.4
v 1 1.4 -0.4
v 1.1 1.4 -0.4
v -0.2 1.4 -0.5
v -0.1 1.4 -0.5
v 0.5 1.4 -0.5
v 0.6 1.4 -0.5
v 1 1.4 -0.5
v 1.1 1.4 -0.5
v -0.2 1.4 -0.6
v -0.1 1.4 -0.6
v 0.5 1.4 -0.6
v 0.6 1.4 -0.6
v -0.6 1.4 -0.7
v -0.5 1.4 -0.7
v -0.6 1.4 -0.9
v -0.5 1.4 -0.9
v 0.5 1.5 0.4
v 0.6 1.5 0.4
v 0.5 1.5 0.3
v 0.6 1.5 0.3
v -0.9 1.5 0.2
v -0.8 1.5 0.2
v -0.1 1.5 0.2
v 0 1.5 0.2
v 0.2 1.5 0.2
v 0.3 1.5 0.2
v -0.9 1.5 0.1
v -0.8 1.5 0.1
v -0.2 1.5 0.1
v -0.1 1.5 0.1
v 0 1.5 0.1
v 0.2 1.5 0.1
v 0.3 1.5 0.1
v -0.3 1.5 0
v -0.2 1.5 0
v -0.1 1.5 0
v 0.8 1.5 0
v 0.9 1.5 0
v -0.5 1.5 -0.1
v -0.4 1.5 -0.1
v -0.3 1.5 -0.1
v -0.2 1.5 -0.1
v 0.8 1.5 -0.1
v 0.9 1.5 -0.1
v -0.5 1.5 -0.2
v -0.4 1.5 -0.2
v 0.7 1.5 -0.2
v 0.8 1.5 -0.2
v -0.9 1.5 -0.3
v -0.7 1.5 -0.3
v -0.4 1.5 -0.3
v -0.3 1.5 -0.3
v 0 1.5 -0.3
v 0.1 1.5 -0.3
v 0.7 1.5 -0.3
v 0.8 1.5 -0.3
v -0.9 1.5 -0.4
v -0.7 1.5 -0.4
v -0.4 1.5 -0.4
v -0.3 1.5 -0.4
v 0 1.5 -0.4
v 0.1 1.5 -0.4
v -0.6 1.5 -0.5
v -0.4 1.5 -0.5
v 0.6 1.5 -0.5
v 0.7 1.5 -0.5
v -0.6 1.5 -0.6
v -0.4 1.5 -0.6
v 0.2 1.5 -0.6
v 0.3 1.5 -0.6
v 0.6 1.5 -0.6
v 0.7 1.5 -0.6
v 0.2 1.5 -0.7
v 0.3 1.5 -0.7
v 0 1.5 -0.8
v 0.1 1.5 -0.8
v 0 1.5 -0.9
v 0.1 1.5 -0.9
v 0.6 1.6 0.4
v 0.7 1.6 0.4
v 0.6 1.6 0.3
v 0.7 1.6 0.3
v -1.1 1.6 0.2
v -0.9 1.6 0.2
v -1.1 1.6 0.1
v -0.9 1.6 0.1
v 0.3 1.6 0.1
v 0.4 1.6 0.1
v -0.8 1.6 0
v -0.7 1.6 0
v -0.1 1.6 0
v 0 1.6 0
v 0.3 1.6 0
v 0.4 1.6 0
v 0.9 1.6 0
v 1 1.6 0
v -0.8 1.6 -0.1
v -0.7 1.6 -0.1
v -0.1 1.6 -0.1
v 0 1.6 -0.1
v 0.3 1.6 -0.1
v 0.4 1.6 -0.1
v 0.5 1.6 -0.1
v 0.9 1.6 -0.1
v 1 1.6 -0.1
v 0.4 1.6 -0.2
v 0.5 1.6 -0.2
v 0.8 1.6 -0.2
v 0.9 1.6 -0.2
v -1 1.6 -0.3
v -0.9 1.6 -0.3
v 0.5 1.6 -0.3
v 0.6 1.6 -0.3
v 0.8 1.6 -0.3
v 0.9 1.6 -0.3
v -1 1.6 -0.4
v -0.9 1.6 -0.4
v 0.5 1.6 -0.4
v 0.6 1.6 -0.4
v 0.7 1.6 -0.5
v 0.8 1.6 -0.5
v 0.7 1.6 -0.6
v 0.8 1.6 -0.6
v 0.7 1.7 0.4
v 0.8 1.7 0.4
v 0.7 1.7 0.3
v 0.8 1.7 0.3
v -0.6 1.7 -0.1
v -0.5 1.7 -0.1
v 0.5 1.7 -0.1
v 0.6 1.7 -0.1
v -0.6 1.7 -0.2
v -0.5 1.7 -0.2
v -0.4 1.7 -0.2
v -0.3 1.7 -0.2
v -0.2 1.7 -0.2
v -0.1 1.7 -0.2
v 0.5 1.7 -0.2
v 0.6 1.7 -0.2
v -0.4 1.7 -0.3
v -0.3 1.7 -0.3
v -0.2 1.7 -0.3
v -0.1 1.7 -0.3
v -0.4 1.7 -0.4
v -0.3 1.7 -0.4
v -0.4 1.7 -0.5
v -0.3 1.7 -0.5
v -0.2 1.7 -0.6
v -0.1 1.7 -0.6
v -0.2 1.7 -0.7
v -0.1 1.7 -0.7
v 0.2 1.7 -0.7
v 0.3 1.7 -0.7
v 0.2 1.7 -0.8
v 0.3 1.7 -0.8
v 0.8 1.8 0.4
v 0.9 1.8 0.4
v 0.8 1.8 0.3
v 0.9 1.8 0.3
v 0.4 1.8 0
v 0.5 1.8 0
v -0.8 1.8 -0.1
v -0.6 1.8 -0.1
v 0.4 1.8 -0.1
v 0.5 1.8 -0.1
v -0.8 1.8 -0.2
v -0.6 1.8 -0.2
v 0.5 1.9 0
v 0.6 1.9 0
v -0.9 1.9 -0.1
v -0.8 1.9 -0.1
v 0.5 1.9 -0.1
v 0.6 1.9 -0.1
v 0.7 1.9 -0.1
v -0.9 1.9 -0.2
v -0.8 1.9 -0.2
v 0.6 1.9 -0.2
v 0.7 1.9 -0.2
v 0.6 2 0
v 0.7 2 0
v -1 2 -0.1
v -0.9 2 -0.1
v 0.6 2 -0.1
v 0.7 2 -0.1
v -1 2 -0.2
v -0.9 2 -0.2
v 0.7 2.1 0
v 0.8 2.1 0
v -1.1 2.1 -0.1
v -1 2.1 -0.1
v 0.7 2.1 -0.1
v 0.8 2.1 -0.1
v -1.1 2.1 -0.2
v -1 2.1 -0.2
v 0.1 2.1 -0.3
v 0.3 2.1 -0.3
v 0.1 2.1 -0.4
v 0.3 2.1 -0.4
v 0.8 2.2 0
v 0.9 2.2 0
v 0.8 2.2 -0.1
v 0.9 2.2 -0.1
v 0.3 2.2 -0.3
v 0.4 2.2 -0.3
v 0.3 2.2 -0.4
v 0.4 2.2 -0.4
v 0.9 2.3 0
v 1 2.3 0
v -1.2 2.3 -0.1
v -1.1 2.3 -0.1
v 0.9 2.3 -0.1
v 1 2.3 -0.1
v -1.2 2.3 -0.2
v -1.1 2.3 -0.2
v 1 2.4 0
v 1.1 2.4 0
v 1 2.4 -0.1
v 1.1 2.4 -0.1
v 0.4 2.4 -0.3
v 0.5 2.4 -0.3
v 0.4 2.4 -0.4
v 0.5 2.4 -0.4
v 1 2.6 0
v 1.1 2.6 0
v 1 2.6 -0.1
v 1.1 2.6 -0.1
v -1.2 0.2 0.2
v -0.8 0.2 0.2
v 0.9 0.2 0.2
v 1 0.2 0.2
v 0.9 0.2 0.1
v 1 0.2 0.1
v 1.1 0.2 0.1
v 1 0.2 0
v 1.1 0.2 0
v 1.2 0.2 0
v 1.3 0.2 0
v 1.1 0.2 -0.1
v 1.2 0.2 -0.1
v -1.2 0.2 -0.4
v -1.1 0.2 -0.4
v 1.3 0.2 -0.4
v -1.1 0.3 0.6
v -0.9 0.3 0.6
v -0.5 0.3 0.6
v -0.3 0.3 0.6
v -0.2 0.3 0.6
v 0.1 0.3 0.6
v 0.4 0.3 0.6
v 0.5 0.3 0.6
v 0.7 0.3 0.6
v 0.8 0.3 0.6
v -1.1 0.3 0.5
v -0.9 0.3 0.5
v -0.5 0.3 0.5
v -0.3 0.3 0.5
v -0.2 0.3 0.5
v 0.1 0.3 0.5
v 0.4 0.3 0.5
v 0.5 0.3 0.5
v 0.7 0.3 0.5
v 0.8 0.3 0.5
v 0.9 0.3 0.5
v 1 0.3 0.5
v -1.3 0.3 0.4
v -1.2 0.3 0.4
v 0.8 0.3 0.4
v 0.9 0.3 0.4
v -1.2 0.3 0.3
v -0.8 0.3 0.3
v 0.9 0.3 0.3
v -1.3 0.3 0.2
v -0.8 0.3 0.2
v 1 0.3 0.2
v 1.1 0.3 0.2
v 1 0.3 0.1
v 1.1 0.3 0.1
v 1.2 0.3 0.1
v 1.1 0.3 0
v 1.2 0.3 0
v -1.2 0.3 -0.4
v -1.1 0.3 -0.4
v 1.3 0.3 -0.4
v -0.8 0.3 -0.6
v 1.3 0.3 -0.6
v -1.1 0.3 -0.7
v -0.9 0.3 -0.7
v -0.8 0.3 -0.7
v 1.4 0.3 -0.7
v 1.5 0.3 -0.7
v -1.2 0.3 -0.8
v -1.1 0.3 -0.8
v -1 0.3 -0.8
v -0.9 0.3 -0.8
v 1.4 0.3 -0.8
v 1.5 0.3 -0.8
v 0.8 0.4 0.6
v 0.9 0.4 0.6
v 0.8 0.4 0.5
v 0.9 0.4 0.5
v -1.2 0.4 0.4
v -1.1 0.4 0.4
v -0.8 0.4 0.4
v 0.8 0.4 0.4
v 0.9 0.4 0.4
v -1.2 0.4 0.3
v -0.8 0.4 0.3
v 0.9 0.4 0.3
v 1.3 0.4 -0.4
v 1.4 0.4 -0.4
v -0.8 0.4 -0.6
v 1.3 0.4 -0.6
v -0.9 0.4 -0.7
v -0.8 0.4 -0.7
v -0.7 0.4 -0.7
v 1.1 0.4 -0.7
v 1.3 0.4 -0.7
v 1.4 0.4 -0.7
v -1.1 0.4 -0.8
v -1 0.4 -0.8
v -0.9 0.4 -0.8
v -0.8 0.4 -0.8
v -0.7 0.4 -0.8
v 1.1 0.4 -0.8
v 1.2 0.4 -0.8
v 1.4 0.4 -0.8
v 1.5 0.4 -0.8
v -1.1 0.4 -0.9
v -1 0.4 -0.9
v -0.9 0.4 -0.9
v -0.8 0.4 -0.9
v 1.4 0.4 -0.9
v 1.5 0.4 -0.9
v -1.5 0.5 0.7
v -1.4 0.5 0.7
v -0.5 0.5 0.7
v -0.2 0.5 0.7
v 0.1 0.5 0.7
v 0.4 0.5 0.7
v -1.5 0.5 0.6
v -1.4 0.5 0.6
v -1.3 0.5 0.6
v -0.5 0.5 0.6
v -0.4 0.5 0.6
v -0.2 0.5 0.6
v 0.1 0.5 0.6
v 0.3 0.5 0.6
v 0.4 0.5 0.6
v 0.5 0.5 0.6
v -1.4 0.5 0.5
v -1.3 0.5 0.5
v 0.4 0.5 0.5
v 0.5 0.5 0.5
v -0.7 0.5 -0.7
v 1.1 0.5 -0.7
v -0.7 0.5 -0.8
v 0.9 0.5 -0.8
v 1 0.5 -0.8
v 1.1 0.5 -0.8
v 1.3 0.5 -0.8
v 1.4 0.5 -0.8
v 1.3 0.5 -0.9
v 1.4 0.5 -0.9
v -0.6 0.6 0.8
v -0.5 0.6 0.8
v 0.4 0.6 0.8
v 0.5 0.6 0.8
v -0.6 0.6 0.7
v -0.5 0.6 0.7
v 0.4 0.6 0.7
v 0.5 0.6 0.7
v -1.3 0.6 0.5
v -1.2 0.6 0.5
v 0.7 0.6 0.5
v 0.8 0.6 0.5
v -1.3 0.6 0.4
v -1.2 0.6 0.4
v 0.7 0.6 0.4
v 0.8 0.6 0.4
v -0.8 0.6 -0.8
v -0.7 0.6 -0.8
v 1.2 0.6 -0.8
v 1.3 0.6 -0.8
v -0.8 0.6 -0.9
v -0.7 0.6 -0.9
v 1.2 0.6 -0.9
v 1.3 0.6 -0.9
v 0.1 0.7 0.6
v 0.4 0.7 0.6
v 0.1 0.7 0.5
v 0.4 0.7 0.5
v 0.6 0.7 0.5
v 0.7 0.7 0.5
v 0.6 0.7 0.4
v 0.7 0.7 0.4
v -0.7 0.7 -0.8
v -0.6 0.7 -0.8
v 1.1 0.7 -0.8
v 1.2 0.7 -0.8
v -0.7 0.7 -0.9
v -0.6 0.7 -0.9
v 1.1 0.7 -0.9
v 1.2 0.7 -0.9
v -0.3 0.8 0.7
v -0.2 0.8 0.7
v 0.1 0.8 0.7
v 0.3 0.8 0.7
v -0.3 0.8 0.6
v -0.2 0.8 0.6
v 0.1 0.8 0.6
v 0.3 0.8 0.6
v -1.2 0.8 0.5
v -1.1 0.8 0.5
v 0.5 0.8 0.5
v 0.6 0.8 0.5
v -1.2 0.8 0.4
v -1.1 0.8 0.4
v 0.5 0.8 0.4
v 0.6 0.8 0.4
v -0.6 0.8 -0.8
v -0.5 0.8 -0.8
v 1 0.8 -0.8
v 1.1 0.8 -0.8
v -0.6 0.8 -0.9
v -0.5 0.8 -0.9
v 1 0.8 -0.9
v 1.1 0.8 -0.9
v -1.6 0.9 0.8
v -1.5 0.9 0.8
v -1.3 0.9 0.8
v -0.6 0.9 0.8
v -0.5 0.9 0.8
v 0.4 0.9 0.8
v 0.8 0.9 0.8
v 0.9 0.9 0.8
v 1 0.9 0.8
v -1.6 0.9 0.7
v -1.5 0.9 0.7
v -1.4 0.9 0.7
v -1.3 0.9 0.7
v -1.1 0.9 0.7
v -1 0.9 0.7
v -0.8 0.9 0.7
v -0.6 0.9 0.7
v -0.5 0.9 0.7
v -0.3 0.9 0.7
v 0.2 0.9 0.7
v 0.4 0.9 0.7
v 0.6 0.9 0.7
v 0.7 0.9 0.7
v 0.8 0.9 0.7
v 0.9 0.9 0.7
v 1 0.9 0.7
v -1.5 0.9 0.6
v -1.4 0.9 0.6
v -1.5 0.9 0.5
v -1.4 0.9 0.5
v -1.1 0.9 0.5
v -1 0.9 0.5
v -1.1 0.9 0.4
v -1 0.9 0.4
v -1 0.9 -0.9
v -0.9 0.9 -0.9
v -0.3 0.9 -0.9
v 0.2 0.9 -0.9
v 1.1 0.9 -0.9
v 1.3 0.9 -0.9
v 1.4 0.9 -0.9
v 1.5 0.9 -0.9
v 1.6 0.9 -0.9
v -1 0.9 -1
v -0.9 0.9 -1
v 1.3 0.9 -1
v 1.5 0.9 -1
v 1.6 0.9 -1
v -1.5 1 0.7
v -1.4 1 0.7
v -1.1 1 0.7
v -1 1 0.7
v -0.8 1 0.7
v -0.6 1 0.7
v -0.3 1 0.7
v 0.2 1 0.7
v 0.6 1 0.7
v 0.7 1 0.7
v 0.8 1 0.7
v 0.9 1 0.7
v 1 1 0.7
v 1.1 1 0.7
v -1.5 1 0.6
v -1.4 1 0.6
v -1.3 1 0.6
v -1.1 1 0.6
v -1 1 0.6
v -0.8 1 0.6
v -0.6 1 0.6
v -0.4 1 0.6
v -0.3 1 0.6
v 0.2 1 0.6
v 0.6 1 0.6
v 0.7 1 0.6
v 0.8 1 0.6
v 0.9 1 0.6
v 1 1 0.6
v 1.1 1 0.6
v -0.4 1 0.5
v -0.3 1 0.5
v 0.2 1 0.5
v 1.1 1 0.2
v 1.2 1 0.2
v 1 1 0.1
v 1.1 1 0.1
v 1.2 1 0.1
v 1 1 0
v 1.1 1 0
v -1 1 -0.8
v -0.9 1 -0.8
v -0.6 1 -0.8
v -0.4 1 -0.8
v -0.3 1 -0.8
v 0.2 1 -0.8
v 0.6 1 -0.8
v 1.1 1 -0.8
v 1.3 1 -0.8
v 1.4 1 -0.8
v 1.5 1 -0.8
v -1 1 -0.9
v -0.9 1 -0.9
v -0.3 1 -0.9
v 0.2 1 -0.9
v 1.1 1 -0.9
v 1.4 1 -0.9
v 1.5 1 -0.9
v -1.5 1.1 0.6
v -1.4 1.1 0.6
v -1.3 1.1 0.6
v -0.6 1.1 0.6
v -0.4 1.1 0.6
v 0.2 1.1 0.6
v 0.6 1.1 0.6
v 0.8 1.1 0.6
v 0.9 1.1 0.6
v 1.1 1.1 0.6
v -1.5 1.1 0.5
v -1.4 1.1 0.5
v -1.3 1.1 0.5
v -0.9 1.1 0.5
v -0.7 1.1 0.5
v -0.6 1.1 0.5
v -0.4 1.1 0.5
v -0.2 1.1 0.5
v 0.2 1.1 0.5
v 0.6 1.1 0.5
v 0.8 1.1 0.5
v 0.9 1.1 0.5
v 1.1 1.1 0.5
v -0.2 1.1 0.4
v -0.1 1.1 0.4
v 0 1.1 0.4
v 0.2 1.1 0.4
v 1.2 1.1 0.3
v 1.3 1.1 0.3
v 1.2 1.1 0.1
v 1.3 1.1 0.1
v 0.2 1.1 0
v 0.3 1.1 0
v 0.1 1.1 -0.1
v 0.2 1.1 -0.1
v 0.3 1.1 -0.1
v -0.6 1.1 -0.2
v -0.5 1.1 -0.2
v -0.6 1.1 -0.3
v -0.5 1.1 -0.3
v -0.4 1.1 -0.3
v 0.1 1.1 -0.3
v 0.2 1.1 -0.3
v 0.3 1.1 -0.3
v 0.4 1.1 -0.3
v 0.5 1.1 -0.3
v -0.5 1.1 -0.4
v -0.4 1.1 -0.4
v -0.3 1.1 -0.4
v -0.2 1.1 -0.4
v 0.2 1.1 -0.4
v 0.3 1.1 -0.4
v 0.4 1.1 -0.4
v 0.5 1.1 -0.4
v -0.3 1.1 -0.5
v -0.2 1.1 -0.5
v -0.2 1.1 -0.6
v -0.1 1.1 -0.6
v 0 1.1 -0.6
v 0.2 1.1 -0.6
v -1 1.1 -0.7
v -0.9 1.1 -0.7
v -0.7 1.1 -0.7
v -0.6 1.1 -0.7
v -0.4 1.1 -0.7
v -0.2 1.1 -0.7
v -0.1 1.1 -0.7
v 0 1.1 -0.7
v 0.2 1.1 -0.7
v 0.6 1.1 -0.7
v 0.9 1.1 -0.7
v 1.3 1.1 -0.7
v 1.4 1.1 -0.7
v 1.5 1.1 -0.7
v -1 1.1 -0.8
v -0.9 1.1 -0.8
v -0.6 1.1 -0.8
v -0.4 1.1 -0.8
v 0.2 1.1 -0.8
v 0.6 1.1 -0.8
v 1.3 1.1 -0.8
v 1.4 1.1 -0.8
v 1.5 1.1 -0.8
v -1.4 1.2 0.5
v -1.3 1.2 0.5
v -0.9 1.2 0.5
v -0.7 1.2 0.5
v -0.6 1.2 0.5
v -0.2 1.2 0.5
v 0.2 1.2 0.5
v 0.4 1.2 0.5
v 0.6 1.2 0.5
v 0.8 1.2 0.5
v 1.2 1.2 0.5
v -1.4 1.2 0.4
v -1.3 1.2 0.4
v -1.2 1.2 0.4
v -1.1 1.2 0.4
v -0.9 1.2 0.4
v -0.8 1.2 0.4
v -0.7 1.2 0.4
v -0.6 1.2 0.4
v -0.5 1.2 0.4
v -0.3 1.2 0.4
v -0.2 1.2 0.4
v -0.1 1.2 0.4
v 0 1.2 0.4
v 0.2 1.2 0.4
v 0.3 1.2 0.4
v 0.4 1.2 0.4
v -0.7 1.2 0.3
v -0.6 1.2 0.3
v -0.5 1.2 0.3
v -0.4 1.2 0.3
v -0.3 1.2 0.3
v -0.2 1.2 0.3
v -0.1 1.2 0.3
v 0 1.2 0.3
v 0.1 1.2 0.3
v 0.3 1.2 0.3
v 0.4 1.2 0.3
v 0.5 1.2 0.3
v 0.7 1.2 0.3
v 0.8 1.2 0.3
v -0.5 1.2 0.2
v -0.4 1.2 0.2
v -0.3 1.2 0.2
v -0.2 1.2 0.2
v -0.1 1.2 0.2
v 0 1.2 0.2
v 0.1 1.2 0.2
v 0.3 1.2 0.2
v 0.4 1.2 0.2
v 0.5 1.2 0.2
v 0.6 1.2 0.2
v 0.7 1.2 0.2
v 0.8 1.2 0.2
v 1.2 1.2 0.2
v -0.6 1.2 0.1
v -0.5 1.2 0.1
v -0.4 1.2 0.1
v -0.3 1.2 0.1
v -0.2 1.2 0.1
v -0.1 1.2 0.1
v 0 1.2 0.1
v 0.1 1.2 0.1
v 0.3 1.2 0.1
v 0.4 1.2 0.1
v 0.5 1.2 0.1
v 0.6 1.2 0.1
v 0.7 1.2 0.1
v 0.8 1.2 0.1
v -0.4 1.2 0
v -0.3 1.2 0
v -0.2 1.2 0
v -0.1 1.2 0
v 0 1.2 0
v 0.1 1.2 0
v 0.2 1.2 0
v 0.3 1.2 0
v 0.4 1.2 0
v 0.5 1.2 0
v 0.8 1.2 0
v 1.3 1.2 0
v -0.6 1.2 -0.1
v -0.5 1.2 -0.1
v -0.4 1.2 -0.1
v -0.3 1.2 -0.1
v -0.2 1.2 -0.1
v -0.1 1.2 -0.1
v 0 1.2 -0.1
v 0.1 1.2 -0.1
v 0.2 1.2 -0.1
v 0.3 1.2 -0.1
v 0.4 1.2 -0.1
v -0.5 1.2 -0.2
v -0.4 1.2 -0.2
v -0.3 1.2 -0.2
v -0.2 1.2 -0.2
v -0.1 1.2 -0.2
v 0 1.2 -0.2
v 0.1 1.2 -0.2
v 0.3 1.2 -0.2
v 0.4 1.2 -0.2
v 0.5 1.2 -0.2
v 0.6 1.2 -0.2
v 0.8 1.2 -0.2
v 1.3 1.2 -0.2
v -0.6 1.2 -0.3
v -0.5 1.2 -0.3
v -0.4 1.2 -0.3
v -0.3 1.2 -0.3
v -0.2 1.2 -0.3
v -0.1 1.2 -0.3
v 0.1 1.2 -0.3
v 0.2 1.2 -0.3
v 0.3 1.2 -0.3
v 0.4 1.2 -0.3
v 0.5 1.2 -0.3
v 0.6 1.2 -0.3
v 0.7 1.2 -0.3
v 0.8 1.2 -0.3
v -0.5 1.2 -0.4
v -0.4 1.2 -0.4
v -0.3 1.2 -0.4
v -0.2 1.2 -0.4
v -0.1 1.2 -0.4
v 0 1.2 -0.4
v 0.1 1.2 -0.4
v 0.2 1.2 -0.4
v 0.3 1.2 -0.4
v 0.4 1.2 -0.4
v 0.5 1.2 -0.4
v 0.6 1.2 -0.4
v 0.8 1.2 -0.4
v 0.9 1.2 -0.4
v 1.3 1.2 -0.4
v 1.4 1.2 -0.4
v -0.6 1.2 -0.5
v -0.5 1.2 -0.5
v -0.4 1.2 -0.5
v -0.3 1.2 -0.5
v -0.2 1.2 -0.5
v -0.1 1.2 -0.5
v 0 1.2 -0.5
v 0.1 1.2 -0.5
v 0.2 1.2 -0.5
v 0.3 1.2 -0.5
v 0.4 1.2 -0.5
v 0.5 1.2 -0.5
v 0.6 1.2 -0.5
v 0.7 1.2 -0.5
v 0.8 1.2 -0.5
v -1.1 1.2 -0.6
v -1 1.2 -0.6
v -0.8 1.2 -0.6
v -0.7 1.2 -0.6
v -0.6 1.2 -0.6
v -0.5 1.2 -0.6
v -0.3 1.2 -0.6
v -0.2 1.2 -0.6
v -0.1 1.2 -0.6
v 0 1.2 -0.6
v 0.2 1.2 -0.6
v 0.4 1.2 -0.6
v 0.5 1.2 -0.6
v 0.6 1.2 -0.6
v 0.7 1.2 -0.6
v -1.1 1.2 -0.7
v -1 1.2 -0.7
v -0.8 1.2 -0.7
v -0.7 1.2 -0.7
v -0.6 1.2 -0.7
v -0.2 1.2 -0.7
v 0.2 1.2 -0.7
v 0.6 1.2 -0.7
v 0.9 1.2 -0.7
v 1.3 1.2 -0.7
v 1.4 1.2 -0.7
v 0.4 1.3 0.5
v 0.5 1.3 0.5
v -1.3 1.3 0.4
v -1.2 1.3 0.4
v -1.1 1.3 0.4
v -0.9 1.3 0.4
v -0.8 1.3 0.4
v -0.7 1.3 0.4
v -0.5 1.3 0.4
v -0.3 1.3 0.4
v -0.2 1.3 0.4
v -0.1 1.3 0.4
v 0.4 1.3 0.4
v 0.5 1.3 0.4
v 0.6 1.3 0.4
v -1.3 1.3 0.3
v -1.2 1.3 0.3
v -1.1 1.3 0.3
v -0.9 1.3 0.3
v -0.8 1.3 0.3
v -0.7 1.3 0.3
v -0.5 1.3 0.3
v -0.4 1.3 0.3
v -0.3 1.3 0.3
v -0.2 1.3 0.3
v -0.1 1.3 0.3
v 0 1.3 0.3
v 0.1 1.3 0.3
v 0.2 1.3 0.3
v 0.7 1.3 0.3
v 0.8 1.3 0.3
v -0.7 1.3 0.2
v -0.6 1.3 0.2
v -0.5 1.3 0.2
v -0.1 1.3 0.2
v 0 1.3 0.2
v 0.1 1.3 0.2
v 0.2 1.3 0.2
v 0.5 1.3 0.2
v 0.6 1.3 0.2
v 0.7 1.3 0.2
v 0.8 1.3 0.2
v 0.9 1.3 0.2
v 1.3 1.3 0.2
v -1.2 1.3 0.1
v -0.8 1.3 0.1
v -0.7 1.3 0.1
v -0.6 1.3 0.1
v 0.7 1.3 0.1
v 0.8 1.3 0.1
v 0.9 1.3 0.1
v -0.8 1.3 0
v -0.7 1.3 0
v 0.8 1.3 0
v 1.3 1.3 0
v -0.8 1.3 -0.1
v -0.7 1.3 -0.1
v -0.6 1.3 -0.1
v -0.8 1.3 -0.2
v -0.7 1.3 -0.2
v -0.6 1.3 -0.2
v 0.5 1.3 -0.2
v 0.6 1.3 -0.2
v 0.8 1.3 -0.2
v 1.3 1.3 -0.2
v -1.2 1.3 -0.3
v -0.8 1.3 -0.3
v -0.7 1.3 -0.3
v -0.6 1.3 -0.3
v 0.5 1.3 -0.3
v 0.6 1.3 -0.3
v 0.7 1.3 -0.3
v 0.8 1.3 -0.3
v -0.7 1.3 -0.4
v -0.6 1.3 -0.4
v 0.2 1.3 -0.4
v 0.3 1.3 -0.4
v 0.8 1.3 -0.4
v 1 1.3 -0.4
v 1.3 1.3 -0.4
v -1.1 1.3 -0.5
v -1 1.3 -0.5
v -0.8 1.3 -0.5
v -0.7 1.3 -0.5
v -0.6 1.3 -0.5
v -0.5 1.3 -0.5
v -0.3 1.3 -0.5
v -0.2 1.3 -0.5
v 0.2 1.3 -0.5
v 0.3 1.3 -0.5
v 0.6 1.3 -0.5
v 0.7 1.3 -0.5
v 0.8 1.3 -0.5
v -1.1 1.3 -0.6
v -1 1.3 -0.6
v -0.8 1.3 -0.6
v -0.7 1.3 -0.6
v -0.6 1.3 -0.6
v -0.5 1.3 -0.6
v -0.3 1.3 -0.6
v -0.2 1.3 -0.6
v -0.1 1.3 -0.6
v 0 1.3 -0.6
v 0.6 1.3 -0.6
v 0.7 1.3 -0.6
v -0.8 1.3 -0.7
v -0.7 1.3 -0.7
v -0.1 1.3 -0.7
v 0 1.3 -0.7
v 0.5 1.4 0.6
v 0.6 1.4 0.6
v 0.5 1.4 0.5
v 0.6 1.4 0.5
v 0.3 1.4 0.4
v 0.5 1.4 0.4
v -1.2 1.4 0.3
v -0.8 1.4 0.3
v -0.7 1.4 0.3
v -0.5 1.4 0.3
v -0.4 1.4 0.3
v -0.3 1.4 0.3
v -0.2 1.4 0.3
v 0.3 1.4 0.3
v 0.4 1.4 0.3
v 0.5 1.4 0.3
v -0.8 1.4 0.2
v -0.7 1.4 0.2
v -0.6 1.4 0.2
v -0.5 1.4 0.2
v -0.4 1.4 0.2
v -0.3 1.4 0.2
v -0.2 1.4 0.2
v 0.1 1.4 0.2
v 0.2 1.4 0.2
v 0.6 1.4 0.2
v 0.7 1.4 0.2
v 0.8 1.4 0.2
v 0.9 1.4 0.2
v -1.2 1.4 0.1
v -0.8 1.4 0.1
v -0.7 1.4 0.1
v -0.6 1.4 0.1
v -0.4 1.4 0.1
v -0.3 1.4 0.1
v 0 1.4 0.1
v 0.1 1.4 0.1
v 0.2 1.4 0.1
v 0.4 1.4 0.1
v 0.5 1.4 0.1
v 0.7 1.4 0.1
v 0.8 1.4 0.1
v 0.9 1.4 0.1
v -0.8 1.4 0
v -0.7 1.4 0
v -0.4 1.4 0
v -0.3 1.4 0
v 0 1.4 0
v 0.1 1.4 0
v 0.4 1.4 0
v 0.5 1.4 0
v 0.6 1.4 0
v 0.7 1.4 0
v -0.8 1.4 -0.1
v -0.7 1.4 -0.1
v -0.4 1.4 -0.1
v -0.3 1.4 -0.1
v -0.8 1.4 -0.2
v -0.7 1.4 -0.2
v -0.2 1.4 -0.2
v -0.1 1.4 -0.2
v -1.2 1.4 -0.3
v -0.8 1.4 -0.3
v -0.7 1.4 -0.3
v -0.2 1.4 -0.3
v -0.1 1.4 -0.3
v 0.3 1.4 -0.3
v 0.4 1.4 -0.3
v -0.8 1.4 -0.4
v -0.7 1.4 -0.4
v -0.2 1.4 -0.4
v -0.1 1.4 -0.4
v 0.3 1.4 -0.4
v 0.4 1.4 -0.4
v 0.8 1.4 -0.4
v 1 1.4 -0.4
v -1.2 1.4 -0.5
v -0.8 1.4 -0.5
v -0.7 1.4 -0.5
v -0.2 1.4 -0.5
v -0.1 1.4 -0.5
v 0.4 1.4 -0.5
v 0.5 1.4 -0.5
v 0.8 1.4 -0.5
v 1 1.4 -0.5
v -0.6 1.4 -0.6
v -0.5 1.4 -0.6
v 0.4 1.4 -0.6
v 0.5 1.4 -0.6
v -0.6 1.4 -0.7
v -0.5 1.4 -0.7
v 0.5 1.5 0.5
v 0.6 1.5 0.5
v 0.5 1.5 0.4
v 0.6 1.5 0.4
v 0.2 1.5 0.3
v 0.4 1.5 0.3
v 0.5 1.5 0.3
v -0.8 1.5 0.2
v -0.7 1.5 0.2
v -0.6 1.5 0.2
v -0.5 1.5 0.2
v -0.2 1.5 0.2
v -0.1 1.5 0.2
v 0.2 1.5 0.2
v 0.4 1.5 0.2
v 0.5 1.5 0.2
v 0.9 1.5 0.2
v 1.1 1.5 0.2
v -0.8 1.5 0.1
v -0.7 1.5 0.1
v -0.6 1.5 0.1
v -0.5 1.5 0.1
v -0.3 1.5 0.1
v -0.2 1.5 0.1
v -0.1 1.5 0.1
v 0.7 1.5 0.1
v 0.8 1.5 0.1
v 0.9 1.5 0.1
v 1.1 1.5 0.1
v -0.3 1.5 0
v -0.2 1.5 0
v -0.1 1.5 0
v 0 1.5 0
v 0.7 1.5 0
v 0.8 1.5 0
v -0.6 1.5 -0.1
v -0.5 1.5 -0.1
v -0.1 1.5 -0.1
v 0 1.5 -0.1
v -0.6 1.5 -0.2
v -0.5 1.5 -0.2
v -0.4 1.5 -0.2
v -0.3 1.5 -0.2
v 0.6 1.5 -0.2
v 0.7 1.5 -0.2
v -0.7 1.5 -0.3
v -0.6 1.5 -0.3
v -0.4 1.5 -0.3
v -0.3 1.5 -0.3
v 0.6 1.5 -0.3
v 0.7 1.5 -0.3
v -0.7 1.5 -0.4
v -0.6 1.5 -0.4
v 0 1.5 -0.4
v 0.1 1.5 -0.4
v 1 1.5 -0.4
v 1.1 1.5 -0.4
v -0.4 1.5 -0.5
v -0.3 1.5 -0.5
v 0 1.5 -0.5
v 0.1 1.5 -0.5
v 0.2 1.5 -0.5
v 0.3 1.5 -0.5
v 0.5 1.5 -0.5
v 0.6 1.5 -0.5
v 1 1.5 -0.5
v 1.1 1.5 -0.5
v -0.4 1.5 -0.6
v -0.3 1.5 -0.6
v 0.2 1.5 -0.6
v 0.3 1.5 -0.6
v 0.5 1.5 -0.6
v 0.6 1.5 -0.6
v -0.6 1.5 -0.7
v -0.5 1.5 -0.7
v 0 1.5 -0.7
v 0.1 1.5 -0.7
v 0 1.5 -0.8
v 0.1 1.5 -0.8
v -0.6 1.5 -0.9
v -0.5 1.5 -0.9
v 0.6 1.6 0.6
v 0.7 1.6 0.6
v 0.6 1.6 0.5
v 0.7 1.6 0.5
v 0.5 1.6 0.4
v 0.6 1.6 0.4
v 0.5 1.6 0.3
v 0.6 1.6 0.3
v -0.9 1.6 0.2
v -0.8 1.6 0.2
v -0.1 1.6 0.2
v 0 1.6 0.2
v 0.2 1.6 0.2
v 0.3 1.6 0.2
v -0.9 1.6 0.1
v -0.8 1.6 0.1
v -0.7 1.6 0.1
v -0.6 1.6 0.1
v -0.5 1.6 0.1
v -0.4 1.6 0.1
v -0.1 1.6 0.1
v 0 1.6 0.1
v 0.1 1.6 0.1
v 0.2 1.6 0.1
v 0.3 1.6 0.1
v -0.7 1.6 0
v -0.6 1.6 0
v -0.5 1.6 0
v -0.4 1.6 0
v 0.1 1.6 0
v 0.2 1.6 0
v 0.4 1.6 0
v 0.5 1.6 0
v 0.8 1.6 0
v 0.9 1.6 0
v 0.3 1.6 -0.1
v 0.4 1.6 -0.1
v 0.5 1.6 -0.1
v 0.8 1.6 -0.1
v 0.9 1.6 -0.1
v 0.3 1.6 -0.2
v 0.4 1.6 -0.2
v 0.7 1.6 -0.2
v 0.8 1.6 -0.2
v -0.9 1.6 -0.3
v -0.7 1.6 -0.3
v 0.4 1.6 -0.3
v 0.5 1.6 -0.3
v 0.7 1.6 -0.3
v 0.8 1.6 -0.3
v -0.9 1.6 -0.4
v -0.7 1.6 -0.4
v 0.4 1.6 -0.4
v 0.5 1.6 -0.4
v -0.6 1.6 -0.5
v -0.4 1.6 -0.5
v 0.6 1.6 -0.5
v 0.7 1.6 -0.5
v -0.6 1.6 -0.6
v -0.4 1.6 -0.6
v 0.6 1.6 -0.6
v 0.7 1.6 -0.6
v 0.6 1.7 0.4
v 0.7 1.7 0.4
v 0.6 1.7 0.3
v 0.7 1.7 0.3
v -1.1 1.7 0.2
v -0.9 1.7 0.2
v 0.3 1.7 0.2
v 0.4 1.7 0.2
v -1.1 1.7 0.1
v -0.9 1.7 0.1
v -0.2 1.7 0.1
v -0.1 1.7 0.1
v -0.8 1.7 0
v -0.7 1.7 0
v -0.3 1.7 0
v -0.2 1.7 0
v -0.1 1.7 0
v 0.3 1.7 0
v 0.4 1.7 0
v 0.9 1.7 0
v 1 1.7 0
v -0.8 1.7 -0.1
v -0.7 1.7 -0.1
v -0.4 1.7 -0.1
v -0.3 1.7 -0.1
v -0.2 1.7 -0.1
v 0 1.7 -0.1
v 0.1 1.7 -0.1
v 0.9 1.7 -0.1
v 1 1.7 -0.1
v -0.4 1.7 -0.2
v -0.3 1.7 -0.2
v 0 1.7 -0.2
v 0.1 1.7 -0.2
v 0.8 1.7 -0.2
v 0.9 1.7 -0.2
v -0.4 1.7 -0.3
v -0.3 1.7 -0.3
v -0.2 1.7 -0.3
v -0.1 1.7 -0.3
v 0.5 1.7 -0.3
v 0.6 1.7 -0.3
v 0.8 1.7 -0.3
v 0.9 1.7 -0.3
v -0.4 1.7 -0.4
v -0.3 1.7 -0.4
v -0.2 1.7 -0.4
v -0.1 1.7 -0.4
v 0.5 1.7 -0.4
v 0.6 1.7 -0.4
v -0.2 1.7 -0.5
v -0.1 1.7 -0.5
v 0.7 1.7 -0.5
v 0.8 1.7 -0.5
v -0.2 1.7 -0.6
v -0.1 1.7 -0.6
v 0.2 1.7 -0.6
v 0.3 1.7 -0.6
v 0.7 1.7 -0.6
v 0.8 1.7 -0.6
v 0.2 1.7 -0.7
v 0.3 1.7 -0.7
v 0 1.7 -0.8
v 0.1 1.7 -0.8
v 0 1.7 -0.9
v 0.1 1.7 -0.9
v 0.7 1.8 0.4
v 0.8 1.8 0.4
v 0.7 1.8 0.3
v 0.8 1.8 0.3
v -0.1 1.8 0
v 0 1.8 0
v -0.1 1.8 -0.1
v 0 1.8 -0.1
v 0.4 1.8 -0.1
v 0.5 1.8 -0.1
v -0.4 1.8 -0.2
v -0.3 1.8 -0.2
v 0.4 1.8 -0.2
v 0.5 1.8 -0.2
v -1 1.8 -0.3
v -0.9 1.8 -0.3
v -0.4 1.8 -0.3
v -0.3 1.8 -0.3
v -1 1.8 -0.4
v -0.9 1.8 -0.4
v 0.2 1.8 -0.7
v 0.3 1.8 -0.7
v 0.2 1.8 -0.8
v 0.3 1.8 -0.8
v 0.8 1.9 0.4
v 0.9 1.9 0.4
v 0.8 1.9 0.3
v 0.9 1.9 0.3
v 0.3 1.9 0
v 0.4 1.9 0
v -0.5 1.9 -0.1
v -0.4 1.9 -0.1
v 0.3 1.9 -0.1
v 0.4 1.9 -0.1
v 0.5 1.9 -0.1
v 0.6 1.9 -0.1
v -0.5 1.9 -0.2
v -0.4 1.9 -0.2
v -0.2 1.9 -0.2
v -0.1 1.9 -0.2
v 0.5 1.9 -0.2
v 0.6 1.9 -0.2
v -0.2 1.9 -0.3
v -0.1 1.9 -0.3
v -0.2 1.9 -0.6
v -0.1 1.9 -0.6
v -0.2 1.9 -0.7
v -0.1 1.9 -0.7
v 0.4 2 0
v 0.5 2 0
v -0.3 2 -0.1
v -0.2 2 -0.1
v 0.4 2 -0.1
v 0.5 2 -0.1
v 0.6 2 -0.1
v 0.7 2 -0.1
v -0.3 2 -0.2
v -0.2 2 -0.2
v 0.6 2 -0.2
v 0.7 2 -0.2
v -0.6 2.1 -0.1
v -0.5 2.1 -0.1
v -0.6 2.1 -0.2
v -0.5 2.1 -0.2
v -0.4 2.1 -0.4
v -0.3 2.1 -0.4
v -0.4 2.1 -0.5
v -0.3 2.1 -0.5
v -0.7 2.3 -0.1
v -0.6 2.3 -0.1
v -0.7 2.3 -0.2
v -0.6 2.3 -0.2
v 0.5 2.4 0
v 0.6 2.4 0
v -0.8 2.4 -0.1
v -0.7 2.4 -0.1
v 0.5 2.4 -0.1
v 0.6 2.4 -0.1
v -0.8 2.4 -0.2
v -0.7 2.4 -0.2
v 0 2.4 -0.3
v 0.1 2.4 -0.3
v 0 2.4 -0.4
v 0.1 2.4 -0.4
v 1 2.5 0
v 1.1 2.5 0
v -0.9 2.5 -0.1
v -0.8 2.5 -0.1
v 1 2.5 -0.1
v 1.1 2.5 -0.1
v -0.9 2.5 -0.2
v -0.8 2.5 -0.2
v 0.1 2.5 -0.3
v 0.2 2.5 -0.3
v 0.1 2.5 -0.4
v 0.2 2.5 -0.4
v 0.6 2.6 0
v 0.7 2.6 0
v -1.2 2.6 -0.1
v -1.1 2.6 -0.1
v -1 2.6 -0.1
v -0.9 2.6 -0.1
v 0.6 2.6 -0.1
v 0.7 2.6 -0.1
v -1.2 2.6 -0.2
v -1.1 2.6 -0.2
v -1 2.6 -0.2
v -0.9 2.6 -0.2
v 0.2 2.6 -0.3
v 0.3 2.6 -0.3
v 0.2 2.6 -0.4
v 0.3 2.6 -0.4
v 0.7 2.7 0
v 0.8 2.7 0
v 0.7 2.7 -0.1
v 0.8 2.7 -0.1
v 0.3 2.7 -0.3
v 0.4 2.7 -0.3
v 0.5 2.7 -0.3
v 0.3 2.7 -0.4
v 0.4 2.7 -0.4
v 0.5 2.7 -0.4
v 0.8 2.8 0
v 0.9 2.8 0
v 0.8 2.8 -0.1
v 0.9 2.8 -0.1
v 0.9 2.9 0
v 1 2.9 0
v 1.1 2.9 0
v 0.9 2.9 -0.1
v 1 2.9 -0.1
v 1.1 2.9 -0.1

# faces
f 3/6/1 2/6/1 1/6/1
f 4/6/1 2/6/1 3/6/1
f 7/6/1 6/6/1 5/6/1
f 8/6/1 6/6/1 7/6/1
f 11/3/1 10/3/1 9/3/1
f 12/3/1 10/3/1 11/3/1
f 13/3/1 10/3/1 12/3/1
f 14/6/1 12/6/1 11/6/1
f 15/6/1 12/6/1 14/6/1
f 17/6/1 16/6/1 15/6/1
f 18/6/1 16/6/1 17/6/1
f 21/6/1 20/6/1 19/6/1
f 22/6/1 20/6/1 21/6/1
f 24/3/1 22/3/1 21/3/1
f 25/3/1 22/3/1 24/3/1
f 26/4/1 24/4/1 23/4/1
f 27/4/1 24/4/1 26/4/1
f 30/3/1 29/3/1 28/3/1
f 31/3/1 29/3/1 30/3/1
f 34/6/1 33/6/1 32/6/1
f 35/6/1 33/6/1 34/6/1
f 38/6/1 37/6/1 36/6/1
f 39/6/1 37/6/1 38/6/1
f 40/6/1 37/6/1 39/6/1
f 41/6/1 37/6/1 40/6/1
f 43/4/1 40/4/1 39/4/1
f 44/4/1 43/4/1 42/4/1
f 45/4/1 40/4/1 43/4/1
f 45/4/1 43/4/1 44/4/1
f 46/4/1 40/4/1 45/4/1
f 49/4/1 48/4/1 47/4/1
f 50/4/1 48/4/1 49/4/1
f 53/6/1 52/6/1 51/6/1
f 54/6/1 52/6/1 53/6/1
f 57/6/1 56/6/1 55/6/1
f 58/6/1 56/6/1 57/6/1
f 60/6/1 58/6/1 57/6/1
f 60/6/1 59/6/1 58/6/1
f 61/6/1 59/6/1 60/6/1
f 62/6/1 59/6/1 61/6/1
f 66/6/1 63/6/1 62/6/1
f 66/6/1 62/6/1 61/6/1
f 67/6/1 63/6/1 66/6/1
f 68/6/1 65/6/1 64/6/1
f 69/6/1 65/6/1 68/6/1
f 72/4/1 71/4/1 70/4/1
f 73/4/1 71/4/1 72/4/1
f 77/6/1 75/6/1 74/6/1
f 78/6/1 75/6/1 77/6/1
f 80/6/1 77/6/1 76/6/1
f 81/6/1 77/6/1 80/6/1
f 82/6/1 79/6/1 78/6/1
f 83/6/1 79/6/1 82/6/1
f 86/1/1 85/1/1 84/1/1
f 87/1/1 85/1/1 86/1/1
f 92/6/1 89/6/1 88/6/1
f 93/6/1 89/6/1 92/6/1
f 94/4/1 91/4/1 90/4/1
f 95/4/1 91/4/1 94/4/1
f 98/3/1 97/3/1 96/3/1
f 99/3/1 97/3/1 98/3/1
f 103/6/1 101/6/1 100/6/1
f 104/6/1 101/6/1 103/6/1
f 105/6/1 103/6/1 102/6/1
f 106/6/1 103/6/1 105/6/1
f 109/14/1 108/14/1 107/14/1
f 110/14/1 108/14/1 109/14/1
f 113/2/1 112/2/1 111/2/1
f 114/2/1 112/2/1 113/2/1
f 115/1/1 114/1/1 113/1/1
f 116/1/1 114/1/1 115/1/1
f 122/6/1 118/6/1 117/6/1
f 123/6/1 118/6/1 122/6/1
f 124/4/1 120/4/1 119/4/1
f 125/4/1 120/4/1 124/4/1
f 127/6/1 122/6/1 121/6/1
f 128/6/1 122/6/1 127/6/1
f 131/6/1 127/6/1 126/6/1
f 132/6/1 127/6/1 131/6/1
f 135/6/1 130/6/1 129/6/1
f 136/6/1 130/6/1 135/6/1
f 137/6/1 134/6/1 133/6/1
f 138/6/1 134/6/1 137/6/1
f 141/10/1 140/10/1 139/10/1
f 142/10/1 140/10/1 141/10/1
f 145/1/1 144/1/1 143/1/1
f 146/1/1 144/1/1 145/1/1
f 151/4/1 148/4/1 147/4/1
f 152/4/1 148/4/1 151/4/1
f 153/4/1 150/4/1 149/4/1
f 154/4/1 150/4/1 153/4/1
f 157/4/1 156/4/1 155/4/1
f 158/4/1 156/4/1 157/4/1
f 162/8/1 159/8/1 158/8/1
f 163/8/1 159/8/1 162/8/1
f 164/8/1 161/8/1 160/8/1
f 165/8/1 161/8/1 164/8/1
f 170/14/1 167/14/1 166/14/1
f 171/14/1 167/14/1 170/14/1
f 172/10/1 169/10/1 168/10/1
f 173/10/1 169/10/1 172/10/1
f 176/1/1 175/1/1 174/1/1
f 177/1/1 175/1/1 176/1/1
f 180/3/1 179/3/1 178/3/1
f 181/3/1 179/3/1 180/3/1
f 184/4/1 183/4/1 182/4/1
f 185/4/1 183/4/1 184/4/1
f 188/8/1 187/8/1 186/8/1
f 189/8/1 187/8/1 188/8/1
f 190/8/1 187/8/1 189/8/1
f 191/8/1 187/8/1 190/8/1
f 199/8/1 193/8/1 192/8/1
f 200/8/1 193/8/1 199/8/1
f 202/14/1 195/14/1 194/14/1
f 203/10/1 196/10/1 195/10/1
f 203/14/1 195/14/1 202/14/1
f 204/14/1 197/14/1 196/14/1
f 204/10/1 196/10/1 203/10/1
f 205/10/1 198/10/1 197/10/1
f 205/14/1 197/14/1 204/14/1
f 206/10/1 198/10/1 205/10/1
f 207/14/1 202/14/1 201/14/1
f 208/14/1 202/14/1 207/14/1
f 211/9/1 210/9/1 209/9/1
f 212/9/1 210/9/1 211/9/1
f 215/1/1 214/1/1 213/1/1
f 216/1/1 214/1/1 215/1/1
f 219/4/1 218/4/1 217/4/1
f 220/4/1 218/4/1 219/4/1
f 223/4/1 222/4/1 221/4/1
f 224/4/1 222/4/1 223/4/1
f 227/8/1 226/8/1 225/8/1
f 228/8/1 226/8/1 227/8/1
f 229/8/1 226/8/1 228/8/1
f 234/9/1 231/9/1 230/9/1
f 235/10/1 233/10/1 232/10/1
f 236/10/1 233/10/1 235/10/1
f 237/9/1 231/9/1 234/9/1
f 238/9/1 231/9/1 237/9/1
f 241/4/1 240/4/1 239/4/1
f 242/4/1 240/4/1 241/4/1
f 245/8/1 244/8/1 243/8/1
f 246/8/1 244/8/1 245/8/1
f 247/8/1 244/8/1 246/8/1
f 254/10/1 251/10/1 250/10/1
f 255/10/1 251/10/1 254/10/1
f 257/9/1 253/9/1 252/9/1
f 258/9/1 253/9/1 257/9/1
f 259/1/1 249/1/1 248/1/1
f 260/1/1 249/1/1 259/1/1
f 263/10/1 256/10/1 255/10/1
f 264/10/1 256/10/1 263/10/1
f 265/9/1 262/9/1 261/9/1
f 266/9/1 262/9/1 265/9/1
f 269/2/1 268/2/1 267/2/1
f 270/2/1 268/2/1 269/2/1
f 273/3/1 272/3/1 271/3/1
f 274/3/1 272/3/1 273/3/1
f 277/4/1 276/4/1 275/4/1
f 278/4/1 276/4/1 277/4/1
f 283/10/1 280/10/1 279/10/1
f 284/10/1 280/10/1 283/10/1
f 285/9/1 282/9/1 281/9/1
f 286/9/1 282/9/1 285/9/1
f 288/9/1 287/9/1 286/9/1
f 289/9/1 287/9/1 288/9/1
f 292/2/1 291/2/1 290/2/1
f 295/2/1 291/2/1 292/2/1
f 296/2/1 291/2/1 295/2/1
f 297/1/1 294/1/1 293/1/1
f 298/1/1 294/1/1 297/1/1
f 303/8/1 300/8/1 299/8/1
f 304/8/1 300/8/1 303/8/1
f 305/8/1 302/8/1 301/8/1
f 306/8/1 302/8/1 305/8/1
f 314/14/1 308/14/1 307/14/1
f 315/14/1 308/14/1 314/14/1
f 318/1/1 310/1/1 309/1/1
f 319/1/1 310/1/1 318/1/1
f 320/9/1 312/9/1 311/9/1
f 321/9/1 312/9/1 320/9/1
f 322/14/1 314/14/1 313/14/1
f 323/9/1 322/9/1 321/9/1
f 324/14/1 314/14/1 322/14/1
f 324/9/1 322/9/1 323/9/1
f 325/14/1 314/14/1 324/14/1
f 327/9/1 317/9/1 316/9/1
f 328/9/1 317/9/1 327/9/1
f 330/14/1 326/14/1 325/14/1
f 331/14/1 326/14/1 330/14/1
f 333/9/1 330/9/1 329/9/1
f 334/9/1 330/9/1 333/9/1
f 335/14/1 332/14/1 331/14/1
f 336/14/1 332/14/1 335/14/1
f 339/3/1 338/3/1 337/3/1
f 340/3/1 338/3/1 339/3/1
f 343/8/1 342/8/1 341/8/1
f 344/8/1 342/8/1 343/8/1
f 353/10/1 346/10/1 345/10/1
f 354/9/1 352/9/1 351/9/1
f 355/9/1 352/9/1 354/9/1
f 356/10/1 346/10/1 353/10/1
f 357/10/1 346/10/1 356/10/1
f 358/14/1 348/14/1 347/14/1
f 359/14/1 348/14/1 358/14/1
f 360/10/1 350/10/1 349/10/1
f 361/10/1 350/10/1 360/10/1
f 362/14/1 359/14/1 358/14/1
f 363/14/1 359/14/1 362/14/1
f 365/14/1 364/14/1 363/14/1
f 366/14/1 364/14/1 365/14/1
f 368/10/1 367/10/1 366/10/1
f 369/10/1 368/10/1 366/10/1
f 370/10/1 368/10/1 369/10/1
f 375/5/1 372/5/1 371/5/1
f 376/5/1 372/5/1 375/5/1
f 377/3/1 374/3/1 373/3/1
f 379/3/1 377/3/1 373/3/1
f 380/7/1 378/7/1 377/7/1
f 380/3/1 377/3/1 379/3/1
f 381/7/1 378/7/1 380/7/1
f 382/11/1 381/11/1 380/11/1
f 383/11/1 381/11/1 382/11/1
f 392/9/1 385/9/1 384/9/1
f 393/9/1 385/9/1 392/9/1
f 394/10/1 387/10/1 386/10/1
f 395/10/1 387/10/1 394/10/1
f 396/10/1 393/10/1 392/10/1
f 397/9/1 389/9/1 388/9/1
f 398/14/1 391/14/1 390/14/1
f 399/14/1 391/14/1 398/14/1
f 400/10/1 396/10/1 392/10/1
f 401/10/1 396/10/1 400/10/1
f 403/9/1 389/9/1 397/9/1
f 404/9/1 389/9/1 403/9/1
f 406/9/1 405/9/1 404/9/1
f 407/9/1 405/9/1 406/9/1
f 409/14/1 400/14/1 399/14/1
f 410/14/1 400/14/1 409/14/1
f 411/10/1 402/10/1 401/10/1
f 412/10/1 402/10/1 411/10/1
f 414/14/1 409/14/1 408/14/1
f 415/14/1 409/14/1 414/14/1
f 416/10/1 413/10/1 412/10/1
f 417/10/1 413/10/1 416/10/1
f 424/10/1 419/10/1 418/10/1
f 425/9/1 421/9/1 420/9/1
f 426/9/1 421/9/1 425/9/1
f 427/10/1 419/10/1 424/10/1
f 428/10/1 419/10/1 427/10/1
f 429/14/1 423/14/1 422/14/1
f 430/14/1 423/14/1 429/14/1
f 433/10/1 430/10/1 429/10/1
f 434/10/1 430/10/1 433/10/1
f 435/10/1 432/10/1 431/10/1
f 436/10/1 432/10/1 435/10/1
f 439/9/1 438/9/1 437/9/1
f 440/9/1 438/9/1 439/9/1
f 441/9/1 438/9/1 440/9/1
f 450/10/1 443/10/1 442/10/1
f 451/10/1 443/10/1 450/10/1
f 452/9/1 445/9/1 444/9/1
f 453/9/1 445/9/1 452/9/1
f 455/1/1 447/1/1 446/1/1
f 456/1/1 447/1/1 455/1/1
f 457/10/1 449/10/1 448/10/1
f 458/10/1 449/10/1 457/10/1
f 460/9/1 445/9/1 453/9/1
f 461/9/1 445/9/1 460/9/1
f 462/9/1 445/9/1 461/9/1
f 463/2/1 455/2/1 454/2/1
f 464/2/1 455/2/1 463/2/1
f 465/10/1 459/10/1 458/10/1
f 466/10/1 459/10/1 465/10/1
f 467/1/1 464/1/1 463/1/1
f 468/1/1 464/1/1 467/1/1
f 469/2/1 468/2/1 467/2/1
f 470/2/1 468/2/1 469/2/1
f 471/1/1 470/1/1 469/1/1
f 472/1/1 470/1/1 471/1/1
f 473/2/1 472/2/1 471/2/1
f 474/2/1 472/2/1 473/2/1
f 475/1/1 474/1/1 473/1/1
f 476/1/1 474/1/1 475/1/1
f 479/14/1 478/14/1 477/14/1
f 480/14/1 478/14/1 479/14/1
f 482/14/1 481/14/1 480/14/1
f 483/14/1 481/14/1 482/14/1
f 485/14/1 484/14/1 483/14/1
f 486/14/1 484/14/1 485/14/1
f 487/10/1 486/10/1 485/10/1
f 488/10/1 486/10/1 487/10/1
f 491/1/1 490/1/1 489/1/1
f 492/1/1 490/1/1 491/1/1
f 495/8/1 494/8/1 493/8/1
f 496/8/1 494/8/1 495/8/1
f 502/9/1 497/9/1 496/9/1
f 503/9/1 497/9/1 502/9/1
f 504/14/1 499/14/1 498/14/1
f 505/14/1 499/14/1 504/14/1
f 508/9/1 501/9/1 500/9/1
f 509/9/1 501/9/1 508/9/1
f 512/14/1 507/14/1 506/14/1
f 513/14/1 507/14/1 512/14/1
f 515/14/1 511/14/1 510/14/1
f 516/14/1 515/14/1 510/14/1
f 517/14/1 515/14/1 516/14/1
f 519/14/1 514/14/1 513/14/1
f 520/14/1 514/14/1 519/14/1
f 522/10/1 518/10/1 517/10/1
f 523/10/1 518/10/1 522/10/1
f 524/14/1 521/14/1 520/14/1
f 525/14/1 521/14/1 524/14/1
f 527/14/1 526/14/1 525/14/1
f 528/14/1 526/14/1 527/14/1
f 531/1/1 530/1/1 529/1/1
f 532/1/1 530/1/1 531/1/1
f 535/4/1 534/4/1 533/4/1
f 536/4/1 534/4/1 535/4/1
f 545/14/1 538/14/1 537/14/1
f 546/14/1 538/14/1 545/14/1
f 548/14/1 540/14/1 539/14/1
f 549/14/1 540/14/1 548/14/1
f 550/9/1 549/9/1 548/9/1
f 551/10/1 542/10/1 541/10/1
f 552/10/1 542/10/1 551/10/1
f 553/9/1 550/9/1 548/9/1
f 554/9/1 550/9/1 553/9/1
f 555/10/1 544/10/1 543/10/1
f 556/10/1 544/10/1 555/10/1
f 560/1/1 547/1/1 546/1/1
f 561/1/1 547/1/1 560/1/1
f 562/10/1 559/10/1 558/10/1
f 562/10/1 558/10/1 557/10/1
f 563/1/1 560/1/1 559/1/1
f 563/10/1 559/10/1 562/10/1
f 564/1/1 560/1/1 563/1/1
f 565/1/1 560/1/1 564/1/1
f 568/1/1 567/1/1 566/1/1
f 569/1/1 567/1/1 568/1/1
f 574/5/1 571/5/1 570/5/1
f 575/5/1 571/5/1 574/5/1
f 576/3/1 573/3/1 572/3/1
f 578/3/1 576/3/1 572/3/1
f 579/12/1 577/12/1 576/12/1
f 579/3/1 576/3/1 578/3/1
f 580/12/1 577/12/1 579/12/1
f 581/12/1 580/12/1 579/12/1
f 582/12/1 580/12/1 581/12/1
f 589/9/1 584/9/1 583/9/1
f 590/9/1 584/9/1 589/9/1
f 593/10/1 592/10/1 591/10/1
f 594/10/1 592/10/1 593/10/1
f 595/14/1 586/14/1 585/14/1
f 596/14/1 586/14/1 595/14/1
f 600/14/1 588/14/1 587/14/1
f 601/14/1 588/14/1 600/14/1
f 602/14/1 597/14/1 596/14/1
f 603/14/1 597/14/1 602/14/1
f 605/9/1 599/9/1 598/9/1
f 606/9/1 599/9/1 605/9/1
f 607/14/1 604/14/1 603/14/1
f 608/14/1 604/14/1 607/14/1
f 611/1/1 610/1/1 609/1/1
f 612/1/1 610/1/1 611/1/1
f 617/4/1 614/4/1 613/4/1
f 618/4/1 614/4/1 617/4/1
f 619/3/1 616/3/1 615/3/1
f 620/3/1 618/3/1 617/3/1
f 621/3/1 619/3/1 615/3/1
f 622/3/1 619/3/1 621/3/1
f 623/3/1 618/3/1 620/3/1
f 624/3/1 618/3/1 623/3/1
f 630/14/1 626/14/1 625/14/1
f 631/14/1 626/14/1 630/14/1
f 635/14/1 628/14/1 627/14/1
f 636/14/1 628/14/1 635/14/1
f 637/10/1 630/10/1 629/10/1
f 638/10/1 630/10/1 637/10/1
f 639/9/1 633/9/1 632/9/1
f 640/14/1 634/14/1 633/14/1
f 640/9/1 633/9/1 639/9/1
f 641/14/1 634/14/1 640/14/1
f 644/14/1 641/14/1 640/14/1
f 645/14/1 641/14/1 644/14/1
f 647/14/1 643/14/1 642/14/1
f 648/14/1 643/14/1 647/14/1
f 649/10/1 646/10/1 645/10/1
f 650/10/1 646/10/1 649/10/1
f 653/9/1 652/9/1 651/9/1
f 654/9/1 652/9/1 653/9/1
f 657/10/1 656/10/1 655/10/1
f 658/10/1 656/10/1 657/10/1
f 661/1/1 660/1/1 659/1/1
f 662/1/1 660/1/1 661/1/1
f 663/2/1 662/2/1 661/2/1
f 664/2/1 662/2/1 663/2/1
f 665/1/1 664/1/1 663/1/1
f 666/1/1 664/1/1 665/1/1
f 671/14/1 668/14/1 667/14/1
f 672/14/1 668/14/1 671/14/1
f 676/9/1 670/9/1 669/9/1
f 677/9/1 670/9/1 676/9/1
f 680/14/1 672/14/1 671/14/1
f 680/14/1 673/14/1 672/14/1
f 681/14/1 673/14/1 680/14/1
f 682/9/1 679/9/1 678/9/1
f 683/10/1 675/10/1 674/10/1
f 684/10/1 675/10/1 683/10/1
f 687/9/1 682/9/1 678/9/1
f 688/9/1 682/9/1 687/9/1
f 691/14/1 686/14/1 685/14/1
f 692/14/1 686/14/1 691/14/1
f 693/10/1 690/10/1 689/10/1
f 694/10/1 690/10/1 693/10/1
f 697/9/1 696/9/1 695/9/1
f 698/9/1 696/9/1 697/9/1
f 701/13/1 700/13/1 699/13/1
f 702/13/1 700/13/1 701/13/1
f 703/1/1 702/1/1 701/1/1
f 704/1/1 702/1/1 703/1/1
f 709/9/1 706/9/1 705/9/1
f 710/9/1 706/9/1 709/9/1
f 711/9/1 708/9/1 707/9/1
f 712/9/1 708/9/1 711/9/1
f 715/14/1 714/14/1 713/14/1
f 716/14/1 714/14/1 715/14/1
f 719/10/1 718/10/1 717/10/1
f 720/10/1 718/10/1 719/10/1
f 725/14/1 722/14/1 721/14/1
f 726/14/1 722/14/1 725/14/1
f 727/14/1 724/14/1 723/14/1
f 728/14/1 724/14/1 727/14/1
f 731/1/1 730/1/1 729/1/1
f 732/1/1 730/1/1 731/1/1
f 735/3/1 734/3/1 733/3/1
f 736/3/1 734/3/1 735/3/1
f 741/5/1 738/5/1 737/5/1
f 742/5/1 738/5/1 741/5/1
f 743/8/1 740/8/1 739/8/1
f 744/8/1 740/8/1 743/8/1
f 750/6/1 746/6/1 745/6/1
f 751/6/1 746/6/1 750/6/1
f 752/6/1 748/6/1 747/6/1
f 753/6/1 748/6/1 752/6/1
f 756/9/1 750/9/1 749/9/1
f 757/9/1 750/9/1 756/9/1
f 758/9/1 755/9/1 754/9/1
f 759/9/1 755/9/1 758/9/1
f 762/14/1 761/14/1 760/14/1
f 763/14/1 761/14/1 762/14/1
f 766/10/1 765/10/1 764/10/1
f 767/10/1 765/10/1 766/10/1
f 770/14/1 769/14/1 768/14/1
f 771/14/1 769/14/1 770/14/1
f 774/2/1 773/2/1 772/2/1
f 775/2/1 773/2/1 774/2/1
f 778/4/1 777/4/1 776/4/1
f 779/4/1 777/4/1 778/4/1
f 782/9/1 781/9/1 780/9/1
f 783/9/1 781/9/1 782/9/1
f 786/14/1 785/14/1 784/14/1
f 787/14/1 785/14/1 786/14/1
f 790/2/1 789/2/1 788/2/1
f 791/2/1 789/2/1 790/2/1
f 794/3/1 793/3/1 792/3/1
f 795/3/1 793/3/1 794/3/1
f 798/4/1 797/4/1 796/4/1
f 799/4/1 797/4/1 798/4/1
f 802/9/1 801/9/1 800/9/1
f 803/9/1 801/9/1 802/9/1
f 806/3/1 805/3/1 804/3/1
f 807/3/1 805/3/1 806/3/1
f 812/8/1 809/8/1 808/8/1
f 813/8/1 809/8/1 812/8/1
f 814/8/1 809/8/1 813/8/1
f 815/4/1 811/4/1 810/4/1
f 816/4/1 811/4/1 815/4/1
f 817/4/1 814/4/1 813/4/1
f 818/4/1 814/4/1 817/4/1
f 821/3/1 820/3/1 819/3/1
f 822/3/1 820/3/1 821/3/1
f 825/8/1 824/8/1 823/8/1
f 826/8/1 824/8/1 825/8/1
f 829/4/1 826/4/1 825/4/1
f 829/4/1 828/4/1 827/4/1
f 829/4/1 827/4/1 826/4/1
f 830/4/1 828/4/1 829/4/1
f 831/4/1 828/4/1 830/4/1
f 832/4/1 828/4/1 831/4/1
f 833/4/1 828/4/1 832/4/1
f 834/3/1 831/3/1 830/3/1
f 835/3/1 831/3/1 834/3/1
f 836/4/1 833/4/1 832/4/1
f 837/4/1 833/4/1 836/4/1
f 840/6/1 839/6/1 838/6/1
f 841/6/1 839/6/1 840/6/1
f 844/3/1 843/3/1 842/3/1
f 845/3/1 843/3/1 844/3/1
f 846/3/1 843/3/1 845/3/1
f 847/3/1 845/3/1 844/3/1
f 848/3/1 845/3/1 847/3/1
f 849/3/2 850/3/2 851/3/2
f 851/3/2 850/3/2 852/3/2
f 853/14/2 854/14/2 857/14/2
f 857/14/2 854/14/2 858/14/2
f 855/10/2 856/10/2 859/10/2
f 859/10/2 856/10/2 860/10/2
f 861/2/2 862/2/2 863/2/2
f 863/2/2 862/2/2 864/2/2
f 865/14/2 866/14/2 867/14/2
f 867/14/2 866/14/2 868/14/2
f 869/1/2 870/1/2 871/1/2
f 871/1/2 870/1/2 872/1/2
f 873/8/2 874/8/2 877/8/2
f 877/8/2 874/8/2 878/8/2
f 875/8/2 876/8/2 887/8/2
f 887/8/2 876/8/2 888/8/2
f 878/9/2 879/9/2 889/9/2
f 889/9/2 879/9/2 890/9/2
f 880/14/2 881/14/2 891/14/2
f 881/10/2 882/10/2 892/10/2
f 891/14/2 881/14/2 892/14/2
f 882/14/2 883/14/2 893/14/2
f 892/10/2 882/10/2 893/10/2
f 883/10/2 884/10/2 894/10/2
f 893/14/2 883/14/2 894/14/2
f 894/10/2 884/10/2 895/10/2
f 885/9/2 886/9/2 896/9/2
f 896/9/2 886/9/2 897/9/2
f 890/14/2 891/14/2 898/14/2
f 898/14/2 891/14/2 899/14/2
f 900/10/2 901/10/2 904/10/2
f 904/10/2 901/10/2 905/10/2
f 902/9/2 903/9/2 906/9/2
f 906/9/2 903/9/2 907/9/2
f 908/2/2 909/2/2 910/2/2
f 910/2/2 909/2/2 911/2/2
f 912/3/2 913/3/2 914/3/2
f 912/3/2 914/3/2 915/3/2
f 915/3/2 914/3/2 916/3/2
f 917/9/2 918/9/2 921/9/2
f 921/9/2 918/9/2 922/9/2
f 919/10/2 920/10/2 924/10/2
f 924/10/2 920/10/2 925/10/2
f 921/10/2 922/10/2 926/10/2
f 922/14/2 923/14/2 927/14/2
f 926/10/2 922/10/2 927/10/2
f 927/14/2 923/14/2 928/14/2
f 928/14/2 923/14/2 929/14/2
f 930/9/2 931/9/2 932/9/2
f 927/10/2 928/10/2 933/10/2
f 933/10/2 928/10/2 934/10/2
f 932/9/2 931/9/2 935/9/2
f 935/9/2 931/9/2 936/9/2
f 937/1/2 938/1/2 939/1/2
f 939/1/2 938/1/2 940/1/2
f 941/4/2 942/4/2 945/4/2
f 945/4/2 942/4/2 946/4/2
f 943/3/2 944/3/2 947/3/2
f 943/3/2 947/3/2 949/3/2
f 947/12/2 948/12/2 950/12/2
f 949/3/2 947/3/2 950/3/2
f 950/12/2 948/12/2 951/12/2
f 950/12/2 951/12/2 952/12/2
f 952/12/2 951/12/2 953/12/2
f 954/10/2 955/10/2 960/10/2
f 960/10/2 955/10/2 961/10/2
f 956/14/2 957/14/2 964/14/2
f 964/14/2 957/14/2 965/14/2
f 962/10/2 963/10/2 966/10/2
f 966/10/2 963/10/2 967/10/2
f 964/9/2 965/9/2 969/9/2
f 969/9/2 965/9/2 970/9/2
f 967/10/2 968/10/2 971/10/2
f 971/10/2 968/10/2 972/10/2
f 969/9/2 970/9/2 974/9/2
f 974/9/2 970/9/2 975/9/2
f 958/1/2 959/1/2 976/1/2
f 976/1/2 959/1/2 977/1/2
f 972/10/2 973/10/2 978/10/2
f 978/10/2 973/10/2 979/10/2
f 980/1/2 981/1/2 982/1/2
f 982/1/2 981/1/2 983/1/2
f 984/8/2 985/8/2 986/8/2
f 986/8/2 985/8/2 987/8/2
f 988/9/2 989/9/2 990/9/2
f 990/9/2 989/9/2 991/9/2
f 991/9/2 989/9/2 992/9/2
f 993/2/2 994/2/2 997/2/2
f 997/2/2 994/2/2 998/2/2
f 995/9/2 996/9/2 999/9/2
f 999/9/2 996/9/2 1000/9/2
f 1001/1/2 1002/1/2 1003/1/2
f 1003/1/2 1002/1/2 1004/1/2
f 1003/2/2 1004/2/2 1005/2/2
f 1005/2/2 1004/2/2 1006/2/2
f 1007/5/2 1008/5/2 1009/5/2
f 1009/5/2 1008/5/2 1010/5/2
f 1011/14/2 1012/14/2 1021/14/2
f 1021/14/2 1012/14/2 1022/14/2
f 1013/9/2 1014/9/2 1023/9/2
f 1023/9/2 1014/9/2 1024/9/2
f 1015/1/2 1016/1/2 1027/1/2
f 1027/1/2 1016/1/2 1028/1/2
f 1017/9/2 1018/9/2 1029/9/2
f 1029/9/2 1018/9/2 1030/9/2
f 1019/14/2 1020/14/2 1031/14/2
f 1031/14/2 1020/14/2 1032/14/2
f 1025/9/2 1026/9/2 1034/9/2
f 1034/9/2 1026/9/2 1035/9/2
f 1032/14/2 1033/14/2 1037/14/2
f 1037/14/2 1033/14/2 1038/14/2
f 1036/9/2 1037/9/2 1040/9/2
f 1040/9/2 1037/9/2 1041/9/2
f 1038/14/2 1039/14/2 1042/14/2
f 1042/14/2 1039/14/2 1043/14/2
f 1044/9/2 1045/9/2 1048/9/2
f 1048/9/2 1045/9/2 1049/9/2
f 1046/9/2 1047/9/2 1057/9/2
f 1057/9/2 1047/9/2 1058/9/2
f 1050/10/2 1051/10/2 1059/10/2
f 1056/9/2 1057/9/2 1060/9/2
f 1060/9/2 1057/9/2 1061/9/2
f 1059/10/2 1051/10/2 1062/10/2
f 1062/10/2 1051/10/2 1063/10/2
f 1054/10/2 1055/10/2 1064/10/2
f 1052/14/2 1053/14/2 1065/14/2
f 1065/14/2 1053/14/2 1066/14/2
f 1054/10/2 1064/10/2 1067/10/2
f 1066/14/2 1067/14/2 1068/14/2
f 1067/10/2 1064/10/2 1069/10/2
f 1068/14/2 1067/14/2 1069/14/2
f 1069/10/2 1064/10/2 1070/10/2
f 1069/10/2 1070/10/2 1071/10/2
f 1069/10/2 1071/10/2 1072/10/2
f 1072/10/2 1071/10/2 1073/10/2
f 1074/10/2 1075/10/2 1082/10/2
f 1082/10/2 1075/10/2 1083/10/2
f 1076/9/2 1077/9/2 1084/9/2
f 1078/14/2 1079/14/2 1085/14/2
f 1085/14/2 1079/14/2 1086/14/2
f 1080/10/2 1081/10/2 1087/10/2
f 1087/10/2 1081/10/2 1088/10/2
f 1084/9/2 1077/9/2 1090/9/2
f 1090/9/2 1077/9/2 1091/9/2
f 1091/9/2 1092/9/2 1093/9/2
f 1093/9/2 1092/9/2 1094/9/2
f 1093/9/2 1094/9/2 1095/9/2
f 1095/9/2 1094/9/2 1096/9/2
f 1086/14/2 1087/14/2 1098/14/2
f 1098/14/2 1087/14/2 1099/14/2
f 1088/10/2 1089/10/2 1100/10/2
f 1100/10/2 1089/10/2 1101/10/2
f 1097/14/2 1098/14/2 1103/14/2
f 1103/14/2 1098/14/2 1104/14/2
f 1101/10/2 1102/10/2 1105/10/2
f 1105/10/2 1102/10/2 1106/10/2
f 1107/10/2 1108/10/2 1113/10/2
f 1109/9/2 1110/9/2 1114/9/2
f 1114/9/2 1110/9/2 1115/9/2
f 1113/10/2 1108/10/2 1116/10/2
f 1116/10/2 1108/10/2 1117/10/2
f 1111/14/2 1112/14/2 1118/14/2
f 1118/14/2 1112/14/2 1119/14/2
f 1118/10/2 1119/10/2 1122/10/2
f 1122/10/2 1119/10/2 1123/10/2
f 1120/10/2 1121/10/2 1124/10/2
f 1124/10/2 1121/10/2 1125/10/2
f 1126/9/2 1127/9/2 1128/9/2
f 1126/9/2 1128/9/2 1129/9/2
f 1129/9/2 1128/9/2 1130/9/2
f 1131/5/2 1132/5/2 1135/5/2
f 1135/5/2 1132/5/2 1136/5/2
f 1133/3/2 1134/3/2 1137/3/2
f 1133/3/2 1137/3/2 1139/3/2
f 1137/7/2 1138/7/2 1140/7/2
f 1139/3/2 1137/3/2 1140/3/2
f 1140/7/2 1138/7/2 1141/7/2
f 1140/11/2 1141/11/2 1142/11/2
f 1142/11/2 1141/11/2 1143/11/2
f 1143/4/2 1144/4/2 1145/4/2
f 1145/4/2 1144/4/2 1146/4/2
f 1147/10/2 1148/10/2 1151/10/2
f 1151/10/2 1148/10/2 1152/10/2
f 1152/10/2 1148/10/2 1153/10/2
f 1149/10/2 1150/10/2 1156/10/2
f 1156/10/2 1150/10/2 1159/10/2
f 1159/10/2 1150/10/2 1160/10/2
f 1154/1/2 1155/1/2 1162/1/2
f 1162/1/2 1155/1/2 1163/1/2
f 1157/10/2 1158/10/2 1164/10/2
f 1164/10/2 1158/10/2 1165/10/2
f 1151/9/2 1152/9/2 1167/9/2
f 1167/9/2 1152/9/2 1168/9/2
f 1161/2/2 1162/2/2 1169/2/2
f 1169/2/2 1162/2/2 1170/2/2
f 1165/10/2 1166/10/2 1171/10/2
f 1171/10/2 1166/10/2 1172/10/2
f 1169/1/2 1170/1/2 1173/1/2
f 1173/1/2 1170/1/2 1174/1/2
f 1173/2/2 1174/2/2 1175/2/2
f 1175/2/2 1174/2/2 1176/2/2
f 1175/1/2 1176/1/2 1177/1/2
f 1177/1/2 1176/1/2 1178/1/2
f 1179/3/2 1180/3/2 1181/3/2
f 1181/3/2 1180/3/2 1182/3/2
f 1183/8/2 1184/8/2 1185/8/2
f 1185/8/2 1184/8/2 1186/8/2
f 1187/14/2 1188/14/2 1191/14/2
f 1191/14/2 1188/14/2 1192/14/2
f 1189/14/2 1190/14/2 1193/14/2
f 1193/14/2 1190/14/2 1194/14/2
f 1195/14/2 1196/14/2 1197/14/2
f 1197/14/2 1196/14/2 1198/14/2
f 1198/14/2 1199/14/2 1200/14/2
f 1200/14/2 1199/14/2 1201/14/2
f 1200/10/2 1201/10/2 1202/10/2
f 1202/10/2 1201/10/2 1203/10/2
f 1206/14/2 1207/14/2 1208/14/2
f 1208/14/2 1207/14/2 1209/14/2
f 1204/14/2 1205/14/2 1211/14/2
f 1211/14/2 1205/14/2 1212/14/2
f 1209/14/2 1210/14/2 1213/14/2
f 1213/14/2 1210/14/2 1214/14/2
f 1214/14/2 1215/14/2 1216/14/2
f 1216/14/2 1215/14/2 1217/14/2
f 1217/14/2 1218/14/2 1219/14/2
f 1219/14/2 1218/14/2 1220/14/2
f 1221/1/2 1222/1/2 1223/1/2
f 1223/1/2 1222/1/2 1224/1/2
f 1225/12/2 1226/12/2 1227/12/2
f 1227/12/2 1226/12/2 1228/12/2
f 1227/11/2 1228/11/2 1231/11/2
f 1231/11/2 1228/11/2 1232/11/2
f 1229/3/2 1230/3/2 1233/3/2
f 1233/3/2 1230/3/2 1234/3/2
f 1235/14/2 1236/14/2 1241/14/2
f 1241/14/2 1236/14/2 1242/14/2
f 1237/10/2 1238/10/2 1243/10/2
f 1243/10/2 1238/10/2 1244/10/2
f 1239/1/2 1240/1/2 1245/1/2
f 1241/9/2 1242/9/2 1246/9/2
f 1246/9/2 1242/9/2 1247/9/2
f 1243/10/2 1244/10/2 1248/10/2
f 1248/10/2 1244/10/2 1249/10/2
f 1245/1/2 1240/1/2 1251/1/2
f 1251/1/2 1240/1/2 1252/1/2
f 1249/10/2 1250/10/2 1253/10/2
f 1248/10/2 1249/10/2 1253/10/2
f 1250/1/2 1251/1/2 1254/1/2
f 1253/10/2 1250/10/2 1254/10/2
f 1254/1/2 1251/1/2 1255/1/2
f 1255/1/2 1251/1/2 1256/1/2
f 1257/1/2 1258/1/2 1259/1/2
f 1259/1/2 1258/1/2 1260/1/2
f 1259/2/2 1260/2/2 1261/2/2
f 1261/2/2 1260/2/2 1262/2/2
f 1263/5/2 1264/5/2 1265/5/2
f 1265/5/2 1264/5/2 1266/5/2
f 1267/3/2 1268/3/2 1269/3/2
f 1269/3/2 1268/3/2 1270/3/2
f 1275/10/2 1276/10/2 1277/10/2
f 1277/10/2 1276/10/2 1278/10/2
f 1271/14/2 1272/14/2 1279/14/2
f 1279/14/2 1272/14/2 1280/14/2
f 1273/14/2 1274/14/2 1284/14/2
f 1284/14/2 1274/14/2 1285/14/2
f 1278/10/2 1276/10/2 1286/10/2
f 1286/10/2 1276/10/2 1287/10/2
f 1280/14/2 1281/14/2 1288/14/2
f 1288/14/2 1281/14/2 1289/14/2
f 1282/9/2 1283/9/2 1291/9/2
f 1291/9/2 1283/9/2 1292/9/2
f 1289/14/2 1290/14/2 1293/14/2
f 1293/14/2 1290/14/2 1294/14/2
f 1295/2/2 1296/2/2 1297/2/2
f 1297/2/2 1296/2/2 1298/2/2
f 1299/2/2 1300/2/2 1301/2/2
f 1301/2/2 1300/2/2 1302/2/2
f 1301/13/2 1302/13/2 1303/13/2
f 1303/13/2 1302/13/2 1304/13/2
f 1303/2/2 1304/2/2 1305/2/2
f 1305/2/2 1304/2/2 1306/2/2
f 1307/3/2 1308/3/2 1309/3/2
f 1309/3/2 1308/3/2 1310/3/2
f 1311/8/2 1312/8/2 1313/8/2
f 1313/8/2 1312/8/2 1314/8/2
f 1314/8/2 1312/8/2 1315/8/2
f 1316/14/2 1317/14/2 1321/14/2
f 1321/14/2 1317/14/2 1322/14/2
f 1322/14/2 1317/14/2 1323/14/2
f 1318/10/2 1319/10/2 1324/10/2
f 1324/10/2 1319/10/2 1325/10/2
f 1320/9/2 1321/9/2 1326/9/2
f 1321/14/2 1322/14/2 1327/14/2
f 1326/9/2 1321/9/2 1327/9/2
f 1327/14/2 1322/14/2 1330/14/2
f 1330/14/2 1322/14/2 1331/14/2
f 1328/14/2 1329/14/2 1333/14/2
f 1333/14/2 1329/14/2 1334/14/2
f 1331/10/2 1332/10/2 1335/10/2
f 1335/10/2 1332/10/2 1336/10/2
f 1337/9/2 1338/9/2 1341/9/2
f 1341/9/2 1338/9/2 1342/9/2
f 1339/9/2 1340/9/2 1343/9/2
f 1343/9/2 1340/9/2 1344/9/2
f 1343/10/2 1344/10/2 1346/10/2
f 1346/10/2 1344/10/2 1347/10/2
f 1345/2/2 1346/2/2 1348/2/2
f 1348/2/2 1346/2/2 1349/2/2
f 1350/3/2 1351/3/2 1352/3/2
f 1352/3/2 1351/3/2 1353/3/2
f 1354/8/2 1355/8/2 1358/8/2
f 1358/8/2 1355/8/2 1359/8/2
f 1356/8/2 1357/8/2 1360/8/2
f 1360/8/2 1357/8/2 1361/8/2
f 1362/9/2 1363/9/2 1368/9/2
f 1368/9/2 1363/9/2 1369/9/2
f 1364/14/2 1365/14/2 1372/14/2
f 1372/14/2 1365/14/2 1373/14/2
f 1366/10/2 1367/10/2 1374/10/2
f 1374/10/2 1367/10/2 1375/10/2
f 1370/9/2 1371/9/2 1378/9/2
f 1378/9/2 1371/9/2 1379/9/2
f 1376/14/2 1377/14/2 1382/14/2
f 1382/14/2 1377/14/2 1383/14/2
f 1380/10/2 1381/10/2 1384/10/2
f 1384/10/2 1381/10/2 1385/10/2
f 1386/9/2 1387/9/2 1389/9/2
f 1389/9/2 1387/9/2 1390/9/2
f 1388/2/2 1389/2/2 1391/2/2
f 1391/2/2 1389/2/2 1392/2/2
f 1393/3/2 1394/3/2 1396/3/2
f 1396/3/2 1394/3/2 1397/3/2
f 1395/5/2 1396/5/2 1398/5/2
f 1396/3/2 1397/3/2 1399/3/2
f 1398/5/2 1396/5/2 1399/5/2
f 1398/4/2 1399/4/2 1400/4/2
f 1399/3/2 1397/3/2 1400/3/2
f 1400/3/2 1397/3/2 1401/3/2
f 1398/4/2 1400/4/2 1402/4/2
f 1402/4/2 1400/4/2 1403/4/2
f 1404/9/2 1405/9/2 1408/9/2
f 1408/9/2 1405/9/2 1409/9/2
f 1406/9/2 1407/9/2 1412/9/2
f 1412/9/2 1407/9/2 1413/9/2
f 1410/14/2 1411/14/2 1414/14/2
f 1414/14/2 1411/14/2 1415/14/2
f 1415/14/2 1411/14/2 1416/14/2
f 1417/10/2 1418/10/2 1419/10/2
f 1419/10/2 1418/10/2 1420/10/2
f 1421/14/2 1422/14/2 1425/14/2
f 1425/14/2 1422/14/2 1426/14/2
f 1423/14/2 1424/14/2 1427/14/2
f 1427/14/2 1424/14/2 1428/14/2
f 1429/1/2 1430/1/2 1431/1/2
f 1431/1/2 1430/1/2 1432/1/2
f 1433/8/2 1434/8/2 1436/8/2
f 1436/8/2 1434/8/2 1437/8/2
f 1435/8/2 1436/8/2 1441/8/2
f 1436/3/2 1437/3/2 1442/3/2
f 1441/8/2 1436/8/2 1442/8/2
f 1442/3/2 1437/3/2 1443/3/2
f 1438/3/2 1439/3/2 1444/3/2
f 1444/3/2 1439/3/2 1445/3/2
f 1440/8/2 1441/8/2 1446/8/2
f 1441/6/2 1442/6/2 1447/6/2
f 1446/8/2 1441/8/2 1447/8/2
f 1447/6/2 1442/6/2 1448/6/2
f 1448/4/2 1449/4/2 1450/4/2
f 1450/4/2 1449/4/2 1451/4/2
f 1452/8/2 1453/8/2 1454/8/2
f 1454/8/2 1453/8/2 1455/8/2
f 1455/8/2 1453/8/2 1456/8/2
f 1456/8/2 1453/8/2 1457/8/2
f 1457/8/2 1453/8/2 1458/8/2
f 1454/6/2 1455/6/2 1459/6/2
f 1459/6/2 1455/6/2 1460/6/2
f 1456/6/2 1457/6/2 1461/6/2
f 1461/6/2 1457/6/2 1462/6/2
f 1463/9/2 1464/9/2 1465/9/2
f 1465/9/2 1464/9/2 1466/9/2
f 1467/14/2 1468/14/2 1469/14/2
f 1469/14/2 1468/14/2 1470/14/2
f 1471/10/2 1472/10/2 1473/10/2
f 1473/10/2 1472/10/2 1474/10/2
f 1475/14/2 1476/14/2 1477/14/2
f 1477/14/2 1476/14/2 1478/14/2
f 1479/2/2 1480/2/2 1481/2/2
f 1481/2/2 1480/2/2 1482/2/2
f 1483/8/2 1484/8/2 1485/8/2
f 1485/8/2 1484/8/2 1486/8/2
f 1485/3/2 1486/3/2 1487/3/2
f 1487/3/2 1486/3/2 1488/3/2
f 1489/8/2 1490/8/2 1494/8/2
f 1490/6/2 1491/6/2 1495/6/2
f 1494/8/2 1490/8/2 1495/8/2
f 1495/6/2 1491/6/2 1496/6/2
f 1492/4/2 1493/4/2 1497/4/2
f 1497/4/2 1493/4/2 1498/4/2
f 1499/4/2 1500/4/2 1501/4/2
f 1501/4/2 1500/4/2 1502/4/2
f 1503/9/2 1504/9/2 1505/9/2
f 1505/9/2 1504/9/2 1506/9/2
f 1507/14/2 1508/14/2 1509/14/2
f 1509/14/2 1508/14/2 1510/14/2
f 1511/1/2 1512/1/2 1513/1/2
f 1513/1/2 1512/1/2 1514/1/2
f 1515/1/2 1516/1/2 1517/1/2
f 1517/1/2 1516/1/2 1518/1/2
f 1519/6/2 1520/6/2 1521/6/2
f 1521/6/2 1520/6/2 1522/6/2
f 1521/3/2 1522/3/2 1523/3/2
f 1523/3/2 1522/3/2 1524/3/2
f 1525/4/2 1526/4/2 1527/4/2
f 1527/4/2 1526/4/2 1528/4/2
f 1529/4/2 1530/4/2 1531/4/2
f 1531/4/2 1530/4/2 1532/4/2
f 1533/8/2 1534/8/2 1537/8/2
f 1537/8/2 1534/8/2 1538/8/2
f 1538/8/2 1534/8/2 1539/8/2
f 1535/4/2 1536/4/2 1540/4/2
f 1540/4/2 1536/4/2 1541/4/2
f 1538/4/2 1539/4/2 1542/4/2
f 1542/4/2 1539/4/2 1543/4/2
f 1544/9/2 1545/9/2 1548/9/2
f 1548/9/2 1545/9/2 1549/9/2
f 1546/9/2 1547/9/2 1550/9/2
f 1550/9/2 1547/9/2 1551/9/2
f 1552/1/2 1553/1/2 1554/1/2
f 1554/1/2 1553/1/2 1555/1/2
f 1556/2/2 1557/2/2 1558/2/2
f 1558/2/2 1557/2/2 1559/2/2
f 1558/1/2 1559/1/2 1560/1/2
f 1560/1/2 1559/1/2 1561/1/2
f 1562/6/2 1563/6/2 1564/6/2
f 1564/6/2 1563/6/2 1565/6/2
f 1564/3/2 1565/3/2 1566/3/2
f 1566/3/2 1565/3/2 1567/3/2
f 1568/3/2 1569/3/2 1570/3/2
f 1570/3/2 1569/3/2 1571/3/2
f 1572/8/2 1573/8/2 1574/8/2
f 1574/8/2 1573/8/2 1575/8/2
f 1574/4/2 1575/4/2 1576/4/2
f 1576/4/2 1575/4/2 1577/4/2
f 1576/3/2 1577/3/2 1579/3/2
f 1577/3/2 1578/3/2 1579/3/2
f 1579/3/2 1578/3/2 1580/3/2
f 1580/3/2 1578/3/2 1581/3/2
f 1582/6/2 1583/6/2 1584/6/2
f 1582/6/2 1584/6/2 1585/6/2
f 1585/6/2 1584/6/2 1586/6/2
f 1587/4/2 1588/4/2 1589/4/2
f 1589/4/2 1588/4/2 1590/4/2
f 1591/8/2 1592/8/2 1593/8/2
f 1593/8/2 1592/8/2 1594/8/2
f 1593/4/2 1594/4/2 1596/4/2
f 1594/4/2 1595/4/2 1596/4/2
f 1596/4/2 1595/4/2 1597/4/2
f 1597/4/2 1595/4/2 1598/4/2
f 1598/4/2 1595/4/2 1599/4/2
f 1599/4/2 1595/4/2 1600/4/2
f 1597/3/2 1598/3/2 1602/3/2
f 1598/6/2 1599/6/2 1603/6/2
f 1602/3/2 1598/3/2 1603/3/2
f 1599/4/2 1600/4/2 1604/4/2
f 1603/6/2 1599/6/2 1604/6/2
f 1604/4/2 1600/4/2 1605/4/2
f 1602/6/2 1603/6/2 1606/6/2
f 1601/6/2 1602/6/2 1606/6/2
f 1606/6/2 1603/6/2 1607/6/2
f 1604/6/2 1605/6/2 1608/6/2
f 1608/6/2 1605/6/2 1609/6/2
f 1610/6/2 1611/6/2 1612/6/2
f 1610/6/2 1612/6/2 1613/6/2
f 1610/6/2 1613/6/2 1615/6/2
f 1613/4/2 1614/4/2 1616/4/2
f 1615/6/2 1613/6/2 1616/6/2
f 1616/4/2 1614/4/2 1617/4/2
f 1617/3/2 1618/3/2 1619/3/2
f 1619/3/2 1618/3/2 1620/3/2
f 1621/3/2 1622/3/2 1623/3/2
f 1623/3/2 1622/3/2 1624/3/2
f 1621/3/2 1623/3/2 1625/3/2
f 1625/3/2 1623/3/2 1626/3/2
f 1625/6/2 1626/6/2 1627/6/2
f 1627/6/2 1626/6/2 1628/6/2
f 1629/6/2 1630/6/2 1631/6/2
f 1631/6/2 1630/6/2 1632/6/2
f 1632/6/2 1633/6/2 1634/6/2
f 1634/6/2 1633/6/2 1635/6/2
f 1636/6/2 1637/6/2 1639/6/2
f 1639/6/2 1637/6/2 1640/6/2
f 1638/6/2 1639/6/2 1641/6/2
f 1641/6/2 1639/6/2 1642/6/2
f 1643/6/2 1644/6/2 1645/6/2
f 1645/6/2 1644/6/2 1646/6/2
f 1649/6/3 1648/6/3 1647/6/3
f 1650/6/3 1648/6/3 1649/6/3
f 1651/6/3 1648/6/3 1650/6/3
f 1652/3/3 1651/3/3 1650/3/3
f 1653/3/3 1651/3/3 1652/3/3
f 1654/4/3 1650/4/3 1649/4/3
f 1655/3/3 1652/3/3 1650/3/3
f 1655/4/3 1650/4/3 1654/4/3
f 1656/3/3 1652/3/3 1655/3/3
f 1657/4/3 1653/4/3 1652/4/3
f 1657/3/3 1652/3/3 1656/3/3
f 1659/5/3 1655/5/3 1654/5/3
f 1660/3/3 1656/3/3 1655/3/3
f 1660/5/3 1655/5/3 1659/5/3
f 1661/4/3 1657/4/3 1656/4/3
f 1661/3/3 1656/3/3 1660/3/3
f 1662/4/3 1659/4/3 1658/4/3
f 1662/5/3 1660/5/3 1659/5/3
f 1663/4/3 1661/4/3 1660/4/3
f 1663/5/3 1660/5/3 1662/5/3
f 1664/4/3 1663/4/3 1662/4/3
f 1664/4/3 1661/4/3 1663/4/3
f 1665/4/3 1657/4/3 1661/4/3
f 1665/4/3 1661/4/3 1664/4/3
f 1665/4/3 1653/4/3 1657/4/3
f 1666/4/3 1664/4/3 1662/4/3
f 1666/4/3 1662/4/3 1658/4/3
f 1667/3/3 1665/3/3 1664/3/3
f 1667/4/3 1664/4/3 1666/4/3
f 1668/4/3 1653/4/3 1665/4/3
f 1668/3/3 1665/3/3 1667/3/3
f 1669/4/3 1653/4/3 1668/4/3
f 1670/3/3 1667/3/3 1666/3/3
f 1671/3/3 1667/3/3 1670/3/3
f 1673/3/3 1669/3/3 1668/3/3
f 1674/3/3 1669/3/3 1673/3/3
f 1676/3/3 1673/3/3 1672/3/3
f 1677/4/3 1674/4/3 1673/4/3
f 1677/3/3 1673/3/3 1676/3/3
f 1679/3/3 1676/3/3 1675/3/3
f 1680/4/3 1677/4/3 1676/4/3
f 1680/3/3 1676/3/3 1679/3/3
f 1681/3/3 1679/3/3 1678/3/3
f 1682/4/3 1680/4/3 1679/4/3
f 1682/3/3 1679/3/3 1681/3/3
f 1683/4/3 1682/4/3 1681/4/3
f 1684/4/3 1680/4/3 1682/4/3
f 1684/4/3 1682/4/3 1683/4/3
f 1685/3/3 1684/3/3 1683/3/3
f 1686/4/3 1680/4/3 1684/4/3
f 1686/3/3 1684/3/3 1685/3/3
f 1687/4/3 1677/4/3 1680/4/3
f 1687/4/3 1680/4/3 1686/4/3
f 1688/3/3 1687/3/3 1686/3/3
f 1689/4/3 1677/4/3 1687/4/3
f 1689/3/3 1687/3/3 1688/3/3
f 1690/4/3 1674/4/3 1677/4/3
f 1690/4/3 1677/4/3 1689/4/3
f 1693/3/3 1690/3/3 1689/3/3
f 1694/4/3 1674/4/3 1690/4/3
f 1694/3/3 1690/3/3 1693/3/3
f 1695/4/3 1674/4/3 1694/4/3
f 1696/3/3 1692/3/3 1691/3/3
f 1697/3/3 1692/3/3 1696/3/3
f 1698/3/3 1695/3/3 1694/3/3
f 1699/4/3 1697/4/3 1696/4/3
f 1700/4/3 1697/4/3 1699/4/3
f 1701/3/3 1698/3/3 1697/3/3
f 1701/4/3 1697/4/3 1700/4/3
f 1702/3/3 1695/3/3 1698/3/3
f 1702/3/3 1698/3/3 1701/3/3
f 1703/5/3 1700/5/3 1699/5/3
f 1704/4/3 1701/4/3 1700/4/3
f 1704/5/3 1700/5/3 1703/5/3
f 1704/4/3 1702/4/3 1701/4/3
f 1705/4/3 1702/4/3 1704/4/3
f 1706/3/3 1695/3/3 1702/3/3
f 1706/4/3 1702/4/3 1705/4/3
f 1707/3/3 1695/3/3 1706/3/3
f 1708/8/3 1705/8/3 1704/8/3
f 1708/8/3 1704/8/3 1703/8/3
f 1709/4/3 1707/4/3 1706/4/3
f 1709/8/3 1705/8/3 1708/8/3
f 1709/4/3 1706/4/3 1705/4/3
f 1710/4/3 1707/4/3 1709/4/3
f 1711/8/3 1710/8/3 1709/8/3
f 1712/8/3 1710/8/3 1711/8/3
f 1717/6/3 1714/6/3 1713/6/3
f 1718/6/3 1714/6/3 1717/6/3
f 1719/6/3 1716/6/3 1715/6/3
f 1720/6/3 1716/6/3 1719/6/3
f 1721/3/3 1720/3/3 1719/3/3
f 1722/3/3 1718/3/3 1717/3/3
f 1723/3/3 1722/3/3 1717/3/3
f 1724/3/3 1722/3/3 1723/3/3
f 1725/3/3 1720/3/3 1721/3/3
f 1726/3/3 1720/3/3 1725/3/3
f 1727/4/3 1726/4/3 1725/4/3
f 1728/4/3 1726/4/3 1727/4/3
f 1729/3/3 1723/3/3 1717/3/3
f 1730/3/3 1723/3/3 1729/3/3
f 1731/3/3 1728/3/3 1727/3/3
f 1732/3/3 1728/3/3 1731/3/3
f 1733/4/3 1730/4/3 1729/4/3
f 1737/5/3 1732/5/3 1731/5/3
f 1738/5/3 1732/5/3 1737/5/3
f 1739/4/3 1733/4/3 1729/4/3
f 1740/4/3 1733/4/3 1739/4/3
f 1742/12/3 1735/12/3 1734/12/3
f 1743/11/3 1736/11/3 1735/11/3
f 1743/12/3 1735/12/3 1742/12/3
f 1744/11/3 1736/11/3 1743/11/3
f 1745/4/3 1738/4/3 1737/4/3
f 1746/4/3 1738/4/3 1745/4/3
f 1747/4/3 1738/4/3 1746/4/3
f 1748/3/3 1740/3/3 1739/3/3
f 1749/12/3 1741/12/3 1740/12/3
f 1749/3/3 1740/3/3 1748/3/3
f 1750/12/3 1741/12/3 1749/12/3
f 1751/4/3 1749/4/3 1748/4/3
f 1752/4/3 1751/4/3 1748/4/3
f 1753/4/3 1752/4/3 1748/4/3
f 1754/4/3 1752/4/3 1753/4/3
f 1756/8/3 1747/8/3 1746/8/3
f 1757/8/3 1747/8/3 1756/8/3
f 1758/3/3 1754/3/3 1753/3/3
f 1759/12/3 1755/12/3 1754/12/3
f 1759/3/3 1754/3/3 1758/3/3
f 1760/12/3 1755/12/3 1759/12/3
f 1764/3/3 1757/3/3 1756/3/3
f 1765/4/3 1759/4/3 1758/4/3
f 1766/4/3 1759/4/3 1765/4/3
f 1767/12/3 1762/12/3 1761/12/3
f 1768/11/3 1763/11/3 1762/11/3
f 1768/12/3 1762/12/3 1767/12/3
f 1769/11/3 1763/11/3 1768/11/3
f 1770/3/3 1766/3/3 1765/3/3
f 1771/3/3 1757/3/3 1764/3/3
f 1772/3/3 1757/3/3 1771/3/3
f 1773/4/3 1772/4/3 1771/4/3
f 1774/4/3 1772/4/3 1773/4/3
f 1775/3/3 1770/3/3 1765/3/3
f 1776/3/3 1770/3/3 1775/3/3
f 1777/5/3 1774/5/3 1773/5/3
f 1778/5/3 1774/5/3 1777/5/3
f 1779/8/3 1776/8/3 1775/8/3
f 1780/8/3 1776/8/3 1779/8/3
f 1781/4/3 1778/4/3 1777/4/3
f 1782/4/3 1778/4/3 1781/4/3
f 1783/5/3 1782/5/3 1781/5/3
f 1784/5/3 1782/5/3 1783/5/3
f 1785/8/3 1784/8/3 1783/8/3
f 1786/8/3 1784/8/3 1785/8/3
f 1791/6/3 1788/6/3 1787/6/3
f 1792/6/3 1788/6/3 1791/6/3
f 1793/3/3 1792/3/3 1791/3/3
f 1794/3/3 1792/3/3 1793/3/3
f 1795/6/3 1790/6/3 1789/6/3
f 1796/6/3 1790/6/3 1795/6/3
f 1797/4/3 1794/4/3 1793/4/3
f 1798/4/3 1794/4/3 1797/4/3
f 1799/3/3 1796/3/3 1795/3/3
f 1800/4/3 1794/4/3 1798/4/3
f 1801/4/3 1794/4/3 1800/4/3
f 1802/4/3 1794/4/3 1801/4/3
f 1803/3/3 1799/3/3 1795/3/3
f 1807/12/3 1805/12/3 1804/12/3
f 1808/11/3 1806/11/3 1805/11/3
f 1808/12/3 1805/12/3 1807/12/3
f 1809/8/3 1802/8/3 1801/8/3
f 1810/8/3 1802/8/3 1809/8/3
f 1811/3/3 1803/3/3 1795/3/3
f 1812/3/3 1803/3/3 1811/3/3
f 1815/4/3 1812/4/3 1811/4/3
f 1816/7/3 1808/7/3 1807/7/3
f 1817/11/3 1806/11/3 1808/11/3
f 1817/7/3 1808/7/3 1816/7/3
f 1818/11/3 1806/11/3 1817/11/3
f 1819/8/3 1814/8/3 1813/8/3
f 1820/4/3 1815/4/3 1811/4/3
f 1824/8/3 1814/8/3 1819/8/3
f 1825/8/3 1814/8/3 1824/8/3
f 1828/7/3 1822/7/3 1821/7/3
f 1829/11/3 1823/11/3 1822/11/3
f 1829/7/3 1822/7/3 1828/7/3
f 1830/8/3 1825/8/3 1824/8/3
f 1831/8/3 1825/8/3 1830/8/3
f 1832/4/3 1820/4/3 1811/4/3
f 1833/12/3 1829/12/3 1828/12/3
f 1834/11/3 1823/11/3 1829/11/3
f 1834/12/3 1829/12/3 1833/12/3
f 1835/11/3 1823/11/3 1834/11/3
f 1836/4/3 1832/4/3 1811/4/3
f 1839/8/3 1827/8/3 1826/8/3
f 1840/8/3 1827/8/3 1839/8/3
f 1841/9/3 1838/9/3 1837/9/3
f 1842/9/3 1838/9/3 1841/9/3
f 1844/4/3 1836/4/3 1811/4/3
f 1845/4/3 1836/4/3 1844/4/3
f 1846/3/3 1840/3/3 1839/3/3
f 1847/9/3 1843/9/3 1842/9/3
f 1848/9/3 1843/9/3 1847/9/3
f 1849/5/3 1845/5/3 1844/5/3
f 1850/5/3 1845/5/3 1849/5/3
f 1851/3/3 1840/3/3 1846/3/3
f 1852/3/3 1840/3/3 1851/3/3
f 1853/8/3 1850/8/3 1849/8/3
f 1854/8/3 1850/8/3 1853/8/3
f 1855/5/3 1852/5/3 1851/5/3
f 1856/5/3 1852/5/3 1855/5/3
f 1857/4/3 1856/4/3 1855/4/3
f 1858/4/3 1856/4/3 1857/4/3
f 1859/4/3 1856/4/3 1858/4/3
f 1864/6/3 1861/6/3 1860/6/3
f 1865/6/3 1861/6/3 1864/6/3
f 1866/6/3 1863/6/3 1862/6/3
f 1869/6/3 1868/6/3 1867/6/3
f 1870/6/3 1868/6/3 1869/6/3
f 1871/3/3 1865/3/3 1864/3/3
f 1872/3/3 1865/3/3 1871/3/3
f 1873/6/3 1866/6/3 1862/6/3
f 1874/6/3 1866/6/3 1873/6/3
f 1875/4/3 1872/4/3 1871/4/3
f 1876/4/3 1872/4/3 1875/4/3
f 1877/8/3 1876/8/3 1875/8/3
f 1878/8/3 1876/8/3 1877/8/3
f 1882/9/3 1878/9/3 1877/9/3
f 1883/3/3 1874/3/3 1873/3/3
f 1884/3/3 1880/3/3 1879/3/3
f 1885/9/3 1882/9/3 1881/9/3
f 1886/3/3 1880/3/3 1884/3/3
f 1887/3/3 1880/3/3 1886/3/3
f 1888/9/3 1882/9/3 1885/9/3
f 1888/9/3 1878/9/3 1882/9/3
f 1889/9/3 1878/9/3 1888/9/3
f 1894/9/3 1888/9/3 1885/9/3
f 1895/9/3 1888/9/3 1894/9/3
f 1897/3/3 1891/3/3 1890/3/3
f 1898/3/3 1891/3/3 1897/3/3
f 1901/3/3 1893/3/3 1892/3/3
f 1902/3/3 1893/3/3 1901/3/3
f 1903/9/3 1896/9/3 1895/9/3
f 1907/3/3 1901/3/3 1900/3/3
f 1907/3/3 1900/3/3 1899/3/3
f 1907/3/3 1902/3/3 1901/3/3
f 1908/3/3 1902/3/3 1907/3/3
f 1909/3/3 1902/3/3 1908/3/3
f 1910/9/3 1903/9/3 1895/9/3
f 1910/9/3 1904/9/3 1903/9/3
f 1911/9/3 1904/9/3 1910/9/3
f 1914/3/3 1906/3/3 1905/3/3
f 1915/9/3 1910/9/3 1895/9/3
f 1916/14/3 1911/14/3 1910/14/3
f 1916/9/3 1910/9/3 1915/9/3
f 1917/14/3 1911/14/3 1916/14/3
f 1918/14/3 1913/14/3 1912/14/3
f 1919/14/3 1913/14/3 1918/14/3
f 1920/3/3 1883/3/3 1873/3/3
f 1921/3/3 1914/3/3 1905/3/3
f 1922/3/3 1920/3/3 1873/3/3
f 1923/3/3 1914/3/3 1921/3/3
f 1924/3/3 1914/3/3 1923/3/3
f 1925/8/3 1916/8/3 1915/8/3
f 1926/8/3 1916/8/3 1925/8/3
f 1927/3/3 1922/3/3 1873/3/3
f 1928/3/3 1922/3/3 1927/3/3
f 1930/3/3 1926/3/3 1925/3/3
f 1931/8/3 1928/8/3 1927/8/3
f 1932/3/3 1929/3/3 1928/3/3
f 1932/8/3 1928/8/3 1931/8/3
f 1933/3/3 1929/3/3 1932/3/3
f 1936/3/3 1926/3/3 1930/3/3
f 1937/8/3 1935/8/3 1934/8/3
f 1938/4/3 1936/4/3 1935/4/3
f 1938/8/3 1935/8/3 1937/8/3
f 1939/3/3 1926/3/3 1936/3/3
f 1939/4/3 1936/4/3 1938/4/3
f 1940/3/3 1926/3/3 1939/3/3
f 1943/6/3 1942/6/3 1941/6/3
f 1944/6/3 1942/6/3 1943/6/3
f 1945/3/3 1944/3/3 1943/3/3
f 1946/3/3 1944/3/3 1945/3/3
f 1947/5/3 1946/5/3 1945/5/3
f 1948/5/3 1946/5/3 1947/5/3
f 1949/4/3 1948/4/3 1947/4/3
f 1950/4/3 1948/4/3 1949/4/3
f 1951/8/3 1950/8/3 1949/8/3
f 1952/8/3 1950/8/3 1951/8/3
f 1955/9/3 1954/9/3 1953/9/3
f 1956/9/3 1954/9/3 1955/9/3
f 1960/10/3 1958/10/3 1957/10/3
f 1960/10/3 1959/10/3 1958/10/3
f 1961/10/3 1959/10/3 1960/10/3
f 1962/10/3 1959/10/3 1961/10/3
f 1963/9/3 1961/9/3 1960/9/3
f 1964/9/3 1961/9/3 1963/9/3
f 1965/14/3 1964/14/3 1963/14/3
f 1966/14/3 1964/14/3 1965/14/3
f 1969/10/3 1968/10/3 1967/10/3
f 1970/10/3 1968/10/3 1969/10/3
f 1971/10/3 1968/10/3 1970/10/3
f 1972/10/3 1968/10/3 1971/10/3
f 1975/10/3 1974/10/3 1973/10/3
f 1976/10/3 1974/10/3 1975/10/3
f 1978/10/3 1977/10/3 1976/10/3
f 1979/10/3 1977/10/3 1978/10/3
f 1983/14/3 1980/14/3 1979/14/3
f 1984/14/3 1980/14/3 1983/14/3
f 1986/3/3 1982/3/3 1981/3/3
f 1987/3/3 1982/3/3 1986/3/3
f 1988/14/3 1985/14/3 1984/14/3
f 1989/14/3 1985/14/3 1988/14/3
f 1992/6/3 1991/6/3 1990/6/3
f 1993/6/3 1991/6/3 1992/6/3
f 1994/6/3 1991/6/3 1993/6/3
f 1995/6/3 1991/6/3 1994/6/3
f 1997/9/3 1995/9/3 1994/9/3
f 1998/9/3 1995/9/3 1997/9/3
f 1999/9/3 1997/9/3 1996/9/3
f 2000/9/3 1997/9/3 1999/9/3
f 2001/9/3 1997/9/3 2000/9/3
f 2003/9/3 2002/9/3 2001/9/3
f 2004/9/3 2002/9/3 2003/9/3
f 2008/10/3 2006/10/3 2005/10/3
f 2008/10/3 2007/10/3 2006/10/3
f 2009/10/3 2007/10/3 2008/10/3
f 2010/10/3 2007/10/3 2009/10/3
f 2013/9/3 2012/9/3 2011/9/3
f 2014/9/3 2012/9/3 2013/9/3
f 2017/14/3 2016/14/3 2015/14/3
f 2019/14/3 2017/14/3 2015/14/3
f 2019/14/3 2018/14/3 2017/14/3
f 2020/14/3 2018/14/3 2019/14/3
f 2021/14/3 2018/14/3 2020/14/3
f 2022/14/3 2018/14/3 2021/14/3
f 2023/10/3 2022/10/3 2021/10/3
f 2024/10/3 2022/10/3 2023/10/3
f 2027/9/3 2026/9/3 2025/9/3
f 2028/9/3 2026/9/3 2027/9/3
f 2032/8/3 2030/8/3 2029/8/3
f 2033/4/3 2031/4/3 2030/4/3
f 2033/8/3 2030/8/3 2032/8/3
f 2034/4/3 2031/4/3 2033/4/3
f 2041/6/3 2040/6/3 2039/6/3
f 2042/6/3 2040/6/3 2041/6/3
f 2044/14/3 2038/14/3 2037/14/3
f 2045/14/3 2038/14/3 2044/14/3
f 2046/6/3 2036/6/3 2035/6/3
f 2048/14/3 2044/14/3 2043/14/3
f 2049/14/3 2044/14/3 2048/14/3
f 2051/14/3 2048/14/3 2047/14/3
f 2052/14/3 2048/14/3 2051/14/3
f 2053/14/3 2051/14/3 2050/14/3
f 2054/14/3 2051/14/3 2053/14/3
f 2056/9/3 2054/9/3 2053/9/3
f 2056/9/3 2055/9/3 2054/9/3
f 2057/9/3 2055/9/3 2056/9/3
f 2058/9/3 2055/9/3 2057/9/3
f 2061/1/3 2060/1/3 2059/1/3
f 2062/1/3 2060/1/3 2061/1/3
f 2066/9/3 2064/9/3 2063/9/3
f 2066/9/3 2065/9/3 2064/9/3
f 2067/9/3 2065/9/3 2066/9/3
f 2068/9/3 2065/9/3 2067/9/3
f 2070/10/3 2069/10/3 2068/10/3
f 2071/10/3 2069/10/3 2070/10/3
f 2074/14/3 2073/14/3 2072/14/3
f 2075/14/3 2073/14/3 2074/14/3
f 2080/10/3 2077/10/3 2076/10/3
f 2082/10/3 2079/10/3 2078/10/3
f 2083/10/3 2079/10/3 2082/10/3
f 2084/10/3 2079/10/3 2083/10/3
f 2085/10/3 2080/10/3 2076/10/3
f 2085/10/3 2081/10/3 2080/10/3
f 2086/10/3 2081/10/3 2085/10/3
f 2092/14/3 2088/14/3 2087/14/3
f 2092/14/3 2089/14/3 2088/14/3
f 2093/14/3 2089/14/3 2092/14/3
f 2094/14/3 2089/14/3 2093/14/3
f 2095/8/3 2091/8/3 2090/8/3
f 2099/6/3 2046/6/3 2035/6/3
f 2100/8/3 2095/8/3 2090/8/3
f 2101/8/3 2095/8/3 2100/8/3
f 2102/9/3 2098/9/3 2097/9/3
f 2102/6/3 2097/6/3 2096/6/3
f 2103/9/3 2098/9/3 2102/9/3
f 2105/6/3 2099/6/3 2035/6/3
f 2108/6/3 2105/6/3 2035/6/3
f 2108/6/3 2106/6/3 2105/6/3
f 2109/3/3 2107/3/3 2106/3/3
f 2109/6/3 2106/6/3 2108/6/3
f 2110/3/3 2107/3/3 2109/3/3
f 2113/9/3 2104/9/3 2103/9/3
f 2114/9/3 2104/9/3 2113/9/3
f 2115/4/3 2112/4/3 2111/4/3
f 2116/4/3 2112/4/3 2115/4/3
f 2117/6/3 2102/6/3 2096/6/3
f 2118/6/3 2102/6/3 2117/6/3
f 2119/6/3 2102/6/3 2118/6/3
f 2122/6/3 2121/6/3 2120/6/3
f 2123/6/3 2121/6/3 2122/6/3
f 2127/9/3 2125/9/3 2124/9/3
f 2127/9/3 2126/9/3 2125/9/3
f 2128/9/3 2126/9/3 2127/9/3
f 2129/9/3 2126/9/3 2128/9/3
f 2133/2/3 2131/2/3 2130/2/3
f 2133/2/3 2132/2/3 2131/2/3
f 2134/2/3 2132/2/3 2133/2/3
f 2138/14/3 2136/14/3 2135/14/3
f 2138/14/3 2137/14/3 2136/14/3
f 2139/14/3 2137/14/3 2138/14/3
f 2141/9/3 2140/9/3 2139/9/3
f 2142/9/3 2140/9/3 2141/9/3
f 2143/9/3 2140/9/3 2142/9/3
f 2146/10/3 2145/10/3 2144/10/3
f 2147/10/3 2145/10/3 2146/10/3
f 2148/10/3 2145/10/3 2147/10/3
f 2151/14/3 2149/14/3 2148/14/3
f 2152/10/3 2150/10/3 2149/10/3
f 2152/14/3 2149/14/3 2151/14/3
f 2153/10/3 2150/10/3 2152/10/3
f 2156/14/3 2155/14/3 2154/14/3
f 2157/14/3 2155/14/3 2156/14/3
f 2161/14/3 2159/14/3 2158/14/3
f 2161/14/3 2160/14/3 2159/14/3
f 2162/14/3 2160/14/3 2161/14/3
f 2163/14/3 2160/14/3 2162/14/3
f 2169/4/3 2165/4/3 2164/4/3
f 2170/4/3 2165/4/3 2169/4/3
f 2171/6/3 2167/6/3 2166/6/3
f 2172/3/3 2168/3/3 2167/3/3
f 2172/6/3 2167/6/3 2171/6/3
f 2173/3/3 2168/3/3 2172/3/3
f 2176/3/3 2175/3/3 2174/3/3
f 2177/3/3 2175/3/3 2176/3/3
f 2180/9/3 2179/9/3 2178/9/3
f 2181/9/3 2179/9/3 2180/9/3
f 2184/9/3 2183/9/3 2182/9/3
f 2185/9/3 2183/9/3 2184/9/3
f 2188/14/3 2187/14/3 2186/14/3
f 2189/14/3 2187/14/3 2188/14/3
f 2196/14/3 2191/14/3 2190/14/3
f 2197/10/3 2192/10/3 2191/10/3
f 2197/14/3 2191/14/3 2196/14/3
f 2198/10/3 2192/10/3 2197/10/3
f 2199/9/3 2194/9/3 2193/9/3
f 2199/9/3 2195/9/3 2194/9/3
f 2200/9/3 2195/9/3 2199/9/3
f 2205/1/3 2202/1/3 2201/1/3
f 2206/1/3 2202/1/3 2205/1/3
f 2207/1/3 2202/1/3 2206/1/3
f 2209/14/3 2204/14/3 2203/14/3
f 2210/14/3 2204/14/3 2209/14/3
f 2211/2/3 2207/2/3 2206/2/3
f 2212/1/3 2208/1/3 2207/1/3
f 2212/2/3 2207/2/3 2211/2/3
f 2213/1/3 2208/1/3 2212/1/3
f 2217/2/3 2213/2/3 2212/2/3
f 2218/1/3 2214/1/3 2213/1/3
f 2218/2/3 2213/2/3 2217/2/3
f 2219/2/3 2215/2/3 2214/2/3
f 2219/1/3 2214/1/3 2218/1/3
f 2220/1/3 2216/1/3 2215/1/3
f 2220/2/3 2215/2/3 2219/2/3
f 2221/1/3 2216/1/3 2220/1/3
f 2222/1/3 2216/1/3 2221/1/3
f 2225/2/3 2219/2/3 2218/2/3
f 2226/1/3 2220/1/3 2219/1/3
f 2226/2/3 2219/2/3 2225/2/3
f 2227/2/3 2221/2/3 2220/2/3
f 2227/1/3 2220/1/3 2226/1/3
f 2228/13/3 2223/13/3 2222/13/3
f 2228/2/3 2221/2/3 2227/2/3
f 2228/13/3 2222/13/3 2221/13/3
f 2229/1/3 2224/1/3 2223/1/3
f 2229/13/3 2223/13/3 2228/13/3
f 2230/1/3 2224/1/3 2229/1/3
f 2234/1/3 2227/1/3 2226/1/3
f 2235/13/3 2228/13/3 2227/13/3
f 2235/1/3 2227/1/3 2234/1/3
f 2236/2/3 2229/2/3 2228/2/3
f 2236/13/3 2228/13/3 2235/13/3
f 2237/2/3 2229/2/3 2236/2/3
f 2238/13/3 2230/13/3 2229/13/3
f 2238/2/3 2229/2/3 2237/2/3
f 2239/1/3 2231/1/3 2230/1/3
f 2239/13/3 2230/13/3 2238/13/3
f 2240/1/3 2231/1/3 2239/1/3
f 2244/14/3 2233/14/3 2232/14/3
f 2245/14/3 2233/14/3 2244/14/3
f 2247/2/3 2236/2/3 2235/2/3
f 2248/1/3 2237/1/3 2236/1/3
f 2248/2/3 2236/2/3 2247/2/3
f 2249/13/3 2238/13/3 2237/13/3
f 2249/1/3 2237/1/3 2248/1/3
f 2250/2/3 2239/2/3 2238/2/3
f 2250/13/3 2238/13/3 2249/13/3
f 2251/13/3 2240/13/3 2239/13/3
f 2251/2/3 2239/2/3 2250/2/3
f 2252/2/3 2241/2/3 2240/2/3
f 2252/13/3 2240/13/3 2251/13/3
f 2253/2/3 2241/2/3 2252/2/3
f 2255/14/3 2246/14/3 2245/14/3
f 2256/14/3 2246/14/3 2255/14/3
f 2257/1/3 2249/1/3 2248/1/3
f 2258/2/3 2250/2/3 2249/2/3
f 2258/1/3 2249/1/3 2257/1/3
f 2259/1/3 2251/1/3 2250/1/3
f 2259/2/3 2250/2/3 2258/2/3
f 2260/2/3 2252/2/3 2251/2/3
f 2260/1/3 2251/1/3 2259/1/3
f 2261/13/3 2253/13/3 2252/13/3
f 2261/2/3 2252/2/3 2260/2/3
f 2262/2/3 2254/2/3 2253/2/3
f 2262/13/3 2253/13/3 2261/13/3
f 2263/2/3 2254/2/3 2262/2/3
f 2264/1/3 2259/1/3 2258/1/3
f 2265/1/3 2259/1/3 2264/1/3
f 2266/2/3 2261/2/3 2260/2/3
f 2267/1/3 2263/1/3 2262/1/3
f 2267/2/3 2261/2/3 2266/2/3
f 2267/1/3 2262/1/3 2261/1/3
f 2268/1/3 2263/1/3 2267/1/3
f 2271/6/3 2243/6/3 2242/6/3
f 2272/6/3 2243/6/3 2271/6/3
f 2273/6/3 2270/6/3 2269/6/3
f 2274/6/3 2270/6/3 2273/6/3
f 2279/1/3 2276/1/3 2275/1/3
f 2280/1/3 2276/1/3 2279/1/3
f 2281/1/3 2276/1/3 2280/1/3
f 2282/1/3 2276/1/3 2281/1/3
f 2284/2/3 2278/2/3 2277/2/3
f 2285/1/3 2279/1/3 2278/1/3
f 2285/2/3 2278/2/3 2284/2/3
f 2286/13/3 2280/13/3 2279/13/3
f 2286/2/3 2281/2/3 2280/2/3
f 2287/13/3 2282/13/3 2281/13/3
f 2287/2/3 2281/2/3 2286/2/3
f 2288/13/3 2282/13/3 2287/13/3
f 2290/1/3 2284/1/3 2283/1/3
f 2291/13/3 2285/13/3 2284/13/3
f 2291/1/3 2284/1/3 2290/1/3
f 2292/1/3 2279/1/3 2285/1/3
f 2292/13/3 2285/13/3 2291/13/3
f 2293/13/3 2286/13/3 2279/13/3
f 2293/1/3 2279/1/3 2292/1/3
f 2293/13/3 2287/13/3 2286/13/3
f 2294/2/3 2288/2/3 2287/2/3
f 2294/13/3 2287/13/3 2293/13/3
f 2295/2/3 2288/2/3 2294/2/3
f 2297/1/3 2290/1/3 2289/1/3
f 2298/2/3 2291/2/3 2290/2/3
f 2298/2/3 2292/2/3 2291/2/3
f 2298/1/3 2290/1/3 2297/1/3
f 2299/2/3 2292/2/3 2298/2/3
f 2300/13/3 2293/13/3 2292/13/3
f 2300/2/3 2292/2/3 2299/2/3
f 2301/1/3 2294/1/3 2293/1/3
f 2301/13/3 2293/13/3 2300/13/3
f 2302/1/3 2294/1/3 2301/1/3
f 2303/1/3 2294/1/3 2302/1/3
f 2304/1/3 2297/1/3 2296/1/3
f 2304/13/3 2298/13/3 2297/13/3
f 2305/1/3 2299/1/3 2298/1/3
f 2305/13/3 2298/13/3 2304/13/3
f 2306/13/3 2300/13/3 2299/13/3
f 2306/1/3 2299/1/3 2305/1/3
f 2306/13/3 2301/13/3 2300/13/3
f 2307/2/3 2302/2/3 2301/2/3
f 2307/13/3 2301/13/3 2306/13/3
f 2308/2/3 2302/2/3 2307/2/3
f 2313/1/3 2304/1/3 2296/1/3
f 2314/2/3 2305/2/3 2304/2/3
f 2314/1/3 2304/1/3 2313/1/3
f 2315/13/3 2306/13/3 2305/13/3
f 2315/2/3 2305/2/3 2314/2/3
f 2316/1/3 2307/1/3 2306/1/3
f 2316/13/3 2306/13/3 2315/13/3
f 2317/1/3 2307/1/3 2316/1/3
f 2318/1/3 2311/1/3 2310/1/3
f 2318/1/3 2310/1/3 2309/1/3
f 2319/1/3 2311/1/3 2318/1/3
f 2320/2/3 2313/2/3 2312/2/3
f 2321/1/3 2314/1/3 2313/1/3
f 2321/1/3 2315/1/3 2314/1/3
f 2321/2/3 2313/2/3 2320/2/3
f 2321/1/3 2316/1/3 2315/1/3
f 2322/1/3 2316/1/3 2321/1/3
f 2323/1/3 2316/1/3 2322/1/3
f 2325/1/3 2320/1/3 2319/1/3
f 2325/1/3 2321/1/3 2320/1/3
f 2326/1/3 2321/1/3 2325/1/3
f 2327/2/3 2322/2/3 2321/2/3
f 2327/1/3 2321/1/3 2326/1/3
f 2328/2/3 2322/2/3 2327/2/3
f 2330/9/3 2326/9/3 2325/9/3
f 2330/9/3 2325/9/3 2324/9/3
f 2331/9/3 2326/9/3 2330/9/3
f 2332/9/3 2326/9/3 2331/9/3
f 2334/10/3 2330/10/3 2329/10/3
f 2334/10/3 2331/10/3 2330/10/3
f 2335/10/3 2331/10/3 2334/10/3
f 2336/10/3 2333/10/3 2332/10/3
f 2337/10/3 2333/10/3 2336/10/3
f 2343/9/3 2339/9/3 2338/9/3
f 2343/9/3 2342/9/3 2341/9/3
f 2343/9/3 2341/9/3 2340/9/3
f 2343/9/3 2340/9/3 2339/9/3
f 2344/9/3 2342/9/3 2343/9/3
f 2347/14/3 2346/14/3 2345/14/3
f 2348/14/3 2346/14/3 2347/14/3
f 2350/1/3 2349/1/3 2348/1/3
f 2351/1/3 2349/1/3 2350/1/3
f 2352/1/3 2349/1/3 2351/1/3
f 2354/14/3 2353/14/3 2352/14/3
f 2355/14/3 2353/14/3 2354/14/3
f 2356/14/3 2353/14/3 2355/14/3
f 2358/9/3 2356/9/3 2355/9/3
f 2359/10/3 2357/10/3 2356/10/3
f 2359/9/3 2356/9/3 2358/9/3
f 2360/10/3 2357/10/3 2359/10/3
f 2362/9/3 2361/9/3 2360/9/3
f 2363/9/3 2361/9/3 2362/9/3
f 2368/14/3 2365/14/3 2364/14/3
f 2369/14/3 2365/14/3 2368/14/3
f 2370/9/3 2367/9/3 2366/9/3
f 2371/9/3 2367/9/3 2370/9/3
f 2376/14/3 2373/14/3 2372/14/3
f 2377/14/3 2373/14/3 2376/14/3
f 2378/14/3 2375/14/3 2374/14/3
f 2379/14/3 2375/14/3 2378/14/3
f 2382/10/3 2381/10/3 2380/10/3
f 2383/10/3 2381/10/3 2382/10/3
f 2385/10/3 2384/10/3 2383/10/3
f 2386/10/3 2384/10/3 2385/10/3
f 2390/10/3 2387/10/3 2386/10/3
f 2391/10/3 2387/10/3 2390/10/3
f 2393/10/3 2392/10/3 2391/10/3
f 2394/10/3 2392/10/3 2393/10/3
f 2395/6/3 2389/6/3 2388/6/3
f 2396/6/3 2389/6/3 2395/6/3
f 2402/10/3 2400/10/3 2399/10/3
f 2403/10/3 2400/10/3 2402/10/3
f 2404/6/3 2398/6/3 2397/6/3
f 2405/6/3 2398/6/3 2404/6/3
f 2408/10/3 2402/10/3 2401/10/3
f 2409/10/3 2402/10/3 2408/10/3
f 2412/10/3 2407/10/3 2406/10/3
f 2412/10/3 2408/10/3 2407/10/3
f 2413/10/3 2408/10/3 2412/10/3
f 2414/10/3 2411/10/3 2410/10/3
f 2415/10/3 2411/10/3 2414/10/3
f 2418/14/3 2417/14/3 2416/14/3
f 2419/14/3 2417/14/3 2418/14/3
f 2422/14/3 2421/14/3 2420/14/3
f 2423/14/3 2421/14/3 2422/14/3
f 2433/2/3 2425/2/3 2424/2/3
f 2434/1/3 2426/1/3 2425/1/3
f 2434/2/3 2425/2/3 2433/2/3
f 2435/2/3 2427/2/3 2426/2/3
f 2435/1/3 2426/1/3 2434/1/3
f 2436/1/3 2428/1/3 2427/1/3
f 2436/2/3 2427/2/3 2435/2/3
f 2437/2/3 2429/2/3 2428/2/3
f 2437/1/3 2428/1/3 2436/1/3
f 2438/1/3 2430/1/3 2429/1/3
f 2438/2/3 2429/2/3 2437/2/3
f 2439/1/3 2430/1/3 2438/1/3
f 2440/1/3 2430/1/3 2439/1/3
f 2442/14/3 2432/14/3 2431/14/3
f 2443/14/3 2432/14/3 2442/14/3
f 2444/2/3 2439/2/3 2438/2/3
f 2444/1/3 2438/1/3 2437/1/3
f 2445/13/3 2440/13/3 2439/13/3
f 2445/2/3 2439/2/3 2444/2/3
f 2446/1/3 2441/1/3 2440/1/3
f 2446/13/3 2440/13/3 2445/13/3
f 2447/1/3 2441/1/3 2446/1/3
f 2451/1/3 2444/1/3 2437/1/3
f 2452/13/3 2445/13/3 2444/13/3
f 2452/1/3 2444/1/3 2451/1/3
f 2453/2/3 2446/2/3 2445/2/3
f 2453/13/3 2445/13/3 2452/13/3
f 2454/1/3 2448/1/3 2447/1/3
f 2454/13/3 2447/13/3 2446/13/3
f 2455/1/3 2448/1/3 2454/1/3
f 2457/9/3 2450/9/3 2449/9/3
f 2458/9/3 2450/9/3 2457/9/3
f 2460/1/3 2453/1/3 2452/1/3
f 2461/2/3 2446/2/3 2453/2/3
f 2461/1/3 2453/1/3 2460/1/3
f 2462/13/3 2454/13/3 2446/13/3
f 2462/2/3 2446/2/3 2461/2/3
f 2463/2/3 2455/2/3 2454/2/3
f 2463/13/3 2454/13/3 2462/13/3
f 2464/1/3 2456/1/3 2455/1/3
f 2464/2/3 2455/2/3 2463/2/3
f 2465/1/3 2456/1/3 2464/1/3
f 2466/9/3 2459/9/3 2458/9/3
f 2467/9/3 2459/9/3 2466/9/3
f 2469/2/3 2463/2/3 2462/2/3
f 2470/13/3 2464/13/3 2463/13/3
f 2470/2/3 2463/2/3 2469/2/3
f 2471/2/3 2465/2/3 2464/2/3
f 2471/13/3 2464/13/3 2470/13/3
f 2472/2/3 2465/2/3 2471/2/3
f 2473/9/3 2468/9/3 2467/9/3
f 2474/9/3 2468/9/3 2473/9/3
f 2477/9/3 2476/9/3 2475/9/3
f 2478/9/3 2476/9/3 2477/9/3
f 2481/6/3 2480/6/3 2479/6/3
f 2482/6/3 2480/6/3 2481/6/3
f 2485/10/3 2484/10/3 2483/10/3
f 2486/10/3 2484/10/3 2485/10/3
f 2489/14/3 2488/14/3 2487/14/3
f 2490/14/3 2488/14/3 2489/14/3
f 2493/10/3 2492/10/3 2491/10/3
f 2494/10/3 2492/10/3 2493/10/3
f 2497/1/3 2496/1/3 2495/1/3
f 2498/1/3 2496/1/3 2497/1/3
f 2502/10/3 2500/10/3 2499/10/3
f 2503/14/3 2501/14/3 2500/14/3
f 2503/10/3 2500/10/3 2502/10/3
f 2504/14/3 2501/14/3 2503/14/3
f 2507/10/3 2506/10/3 2505/10/3
f 2508/10/3 2506/10/3 2507/10/3
f 2513/9/3 2510/9/3 2509/9/3
f 2514/9/3 2510/9/3 2513/9/3
f 2516/9/3 2515/9/3 2514/9/3
f 2517/9/3 2515/9/3 2516/9/3
f 2518/3/3 2512/3/3 2511/3/3
f 2519/3/3 2512/3/3 2518/3/3
f 2521/3/3 2482/3/3 2481/3/3
f 2522/3/3 2482/3/3 2521/3/3
f 2528/6/3 2521/6/3 2520/6/3
f 2528/6/3 2522/6/3 2521/6/3
f 2528/6/3 2523/6/3 2522/6/3
f 2529/6/3 2523/6/3 2528/6/3
f 2530/3/3 2526/3/3 2525/3/3
f 2530/3/3 2525/3/3 2524/3/3
f 2531/6/3 2527/6/3 2526/6/3
f 2531/3/3 2526/3/3 2530/3/3
f 2532/6/3 2527/6/3 2531/6/3
f 2536/6/3 2534/6/3 2533/6/3
f 2537/6/3 2534/6/3 2536/6/3
f 2538/6/3 2536/6/3 2535/6/3
f 2538/4/3 2537/4/3 2536/4/3
f 2539/4/3 2537/4/3 2538/4/3
f 2540/6/3 2538/6/3 2535/6/3
f 2541/6/3 2538/6/3 2540/6/3
f 2546/10/3 2543/10/3 2542/10/3
f 2547/10/3 2543/10/3 2546/10/3
f 2549/9/3 2545/9/3 2544/9/3
f 2550/9/3 2545/9/3 2549/9/3
f 2553/9/3 2549/9/3 2548/9/3
f 2554/9/3 2549/9/3 2553/9/3
f 2555/10/3 2552/10/3 2551/10/3
f 2556/9/3 2553/9/3 2552/9/3
f 2556/10/3 2552/10/3 2555/10/3
f 2557/9/3 2553/9/3 2556/9/3
f 2560/10/3 2559/10/3 2558/10/3
f 2561/10/3 2559/10/3 2560/10/3
f 2564/14/3 2563/14/3 2562/14/3
f 2565/14/3 2563/14/3 2564/14/3
f 2568/14/3 2567/14/3 2566/14/3
f 2569/14/3 2567/14/3 2568/14/3
f 2573/14/3 2570/14/3 2569/14/3
f 2574/14/3 2570/14/3 2573/14/3
f 2576/9/3 2572/9/3 2571/9/3
f 2577/9/3 2572/9/3 2576/9/3
f 2578/14/3 2575/14/3 2574/14/3
f 2579/14/3 2575/14/3 2578/14/3
f 2581/14/3 2580/14/3 2579/14/3
f 2582/14/3 2580/14/3 2581/14/3
f 2585/6/3 2584/6/3 2583/6/3
f 2586/6/3 2584/6/3 2585/6/3
f 2591/10/3 2590/10/3 2589/10/3
f 2592/10/3 2590/10/3 2591/10/3
f 2597/10/3 2594/10/3 2593/10/3
f 2598/10/3 2594/10/3 2597/10/3
f 2599/10/3 2596/10/3 2595/10/3
f 2600/10/3 2596/10/3 2599/10/3
f 2603/14/3 2602/14/3 2601/14/3
f 2604/14/3 2602/14/3 2603/14/3
f 2605/3/3 2588/3/3 2587/3/3
f 2606/3/3 2588/3/3 2605/3/3
f 2611/6/3 2608/6/3 2607/6/3
f 2612/6/3 2608/6/3 2611/6/3
f 2613/4/3 2610/4/3 2609/4/3
f 2614/4/3 2610/4/3 2613/4/3
f 2617/4/3 2612/4/3 2611/4/3
f 2618/4/3 2612/4/3 2617/4/3
f 2621/10/3 2620/10/3 2619/10/3
f 2622/10/3 2620/10/3 2621/10/3
f 2625/8/3 2624/8/3 2623/8/3
f 2626/8/3 2624/8/3 2625/8/3
f 2629/10/3 2628/10/3 2627/10/3
f 2630/10/3 2628/10/3 2629/10/3
f 2633/14/3 2632/14/3 2631/14/3
f 2634/14/3 2632/14/3 2633/14/3
f 2637/4/3 2636/4/3 2635/4/3
f 2638/4/3 2616/4/3 2615/4/3
f 2639/4/3 2616/4/3 2638/4/3
f 2640/4/3 2637/4/3 2635/4/3
f 2641/4/3 2637/4/3 2640/4/3
f 2646/6/3 2643/6/3 2642/6/3
f 2647/6/3 2643/6/3 2646/6/3
f 2648/6/3 2645/6/3 2644/6/3
f 2649/6/3 2645/6/3 2648/6/3
f 2652/6/3 2651/6/3 2650/6/3
f 2653/6/3 2651/6/3 2652/6/3
f 2656/4/3 2653/4/3 2652/4/3
f 2657/4/3 2653/4/3 2656/4/3
f 2658/6/3 2655/6/3 2654/6/3
f 2659/6/3 2655/6/3 2658/6/3
f 2662/4/3 2661/4/3 2660/4/3
f 2663/4/3 2661/4/3 2662/4/3
f 2664/4/3 2661/4/3 2663/4/3
f 2666/4/3 2665/4/3 2664/4/3
f 2666/4/3 2664/4/3 2663/4/3
f 2668/4/3 2659/4/3 2658/4/3
f 2669/4/3 2659/4/3 2668/4/3
f 2670/4/3 2667/4/3 2666/4/3
f 2672/4/3 2670/4/3 2666/4/3
f 2672/4/3 2671/4/3 2670/4/3
f 2673/4/3 2671/4/3 2672/4/3
f 2676/10/3 2675/10/3 2674/10/3
f 2677/10/3 2675/10/3 2676/10/3
f 2678/4/3 2672/4/3 2666/4/3
f 2680/4/3 2679/4/3 2678/4/3
f 2682/4/3 2666/4/3 2663/4/3
f 2682/4/3 2681/4/3 2680/4/3
f 2682/4/3 2680/4/3 2678/4/3
f 2682/4/3 2678/4/3 2666/4/3
f 2683/4/3 2681/4/3 2682/4/3
f 2684/4/3 2681/4/3 2683/4/3
f 2685/5/3 2683/5/3 2682/5/3
f 2686/3/3 2684/3/3 2683/3/3
f 2686/5/3 2683/5/3 2685/5/3
f 2687/4/3 2681/4/3 2684/4/3
f 2688/4/3 2681/4/3 2687/4/3
f 2690/4/3 2686/4/3 2685/4/3
f 2691/3/3 2684/3/3 2686/3/3
f 2691/4/3 2687/4/3 2684/4/3
f 2692/4/3 2687/4/3 2691/4/3
f 2693/4/3 2681/4/3 2688/4/3
f 2694/4/3 2681/4/3 2693/4/3
f 2695/4/3 2690/4/3 2689/4/3
f 2696/4/3 2686/4/3 2690/4/3
f 2696/4/3 2690/4/3 2695/4/3
f 2697/3/3 2691/3/3 2686/3/3
f 2697/4/3 2686/4/3 2696/4/3
f 2698/3/3 2691/3/3 2697/3/3
f 2699/3/3 2696/3/3 2695/3/3
f 2699/4/3 2697/4/3 2696/4/3
f 2700/4/3 2697/4/3 2699/4/3
f 2701/3/3 2694/3/3 2693/3/3
f 2702/3/3 2694/3/3 2701/3/3
f 2704/3/3 2699/3/3 2695/3/3
f 2705/3/3 2699/3/3 2704/3/3
f 2708/6/3 2704/6/3 2703/6/3
f 2709/6/3 2704/6/3 2708/6/3
f 2710/6/3 2707/6/3 2706/6/3
f 2711/6/3 2707/6/3 2710/6/3
f 2714/6/3 2713/6/3 2712/6/3
f 2715/6/3 2713/6/3 2714/6/3
f 2716/4/3 2715/4/3 2714/4/3
f 2717/4/3 2715/4/3 2716/4/3
f 2718/4/3 2715/4/3 2717/4/3
f 2719/4/3 2715/4/3 2718/4/3
f 2720/4/3 2715/4/3 2719/4/3
f 2721/4/3 2715/4/3 2720/4/3
f 2722/4/3 2715/4/3 2721/4/3
f 2723/4/3 2715/4/3 2722/4/3
f 2727/4/3 2725/4/3 2724/4/3
f 2728/4/3 2725/4/3 2727/4/3
f 2730/4/3 2727/4/3 2726/4/3
f 2730/4/3 2728/4/3 2727/4/3
f 2731/4/3 2728/4/3 2730/4/3
f 2733/3/3 2730/3/3 2729/3/3
f 2733/3/3 2731/3/3 2730/3/3
f 2734/4/3 2728/4/3 2731/4/3
f 2734/3/3 2731/3/3 2733/3/3
f 2735/4/3 2728/4/3 2734/4/3
f 2737/4/3 2733/4/3 2732/4/3
f 2738/3/3 2734/3/3 2733/3/3
f 2738/3/3 2735/3/3 2734/3/3
f 2739/3/3 2737/3/3 2736/3/3
f 2740/4/3 2733/4/3 2737/4/3
f 2740/3/3 2737/3/3 2739/3/3
f 2741/3/3 2738/3/3 2733/3/3
f 2741/4/3 2733/4/3 2740/4/3
f 2742/3/3 2738/3/3 2741/3/3
f 2743/6/3 2740/6/3 2739/6/3
f 2743/6/3 2741/6/3 2740/6/3
f 2743/6/3 2742/6/3 2741/6/3
f 2744/6/3 2742/6/3 2743/6/3
f 2745/6/4 2746/6/4 2747/6/4
f 2747/6/4 2746/6/4 2748/6/4
f 2748/6/4 2746/6/4 2749/6/4
f 2747/4/4 2748/4/4 2750/4/4
f 2750/4/4 2748/4/4 2751/4/4
f 2752/3/4 2753/3/4 2756/3/4
f 2756/3/4 2753/3/4 2757/3/4
f 2754/4/4 2755/4/4 2758/4/4
f 2758/4/4 2755/4/4 2761/4/4
f 2759/3/4 2760/3/4 2762/3/4
f 2762/3/4 2760/3/4 2763/3/4
f 2761/4/4 2755/4/4 2764/4/4
f 2761/4/4 2764/4/4 2765/4/4
f 2765/4/4 2764/4/4 2766/4/4
f 2767/6/4 2768/6/4 2771/6/4
f 2771/6/4 2768/6/4 2772/6/4
f 2769/6/4 2770/6/4 2774/6/4
f 2774/6/4 2770/6/4 2775/6/4
f 2772/4/4 2773/4/4 2776/4/4
f 2776/4/4 2773/4/4 2777/4/4
f 2778/3/4 2779/3/4 2780/3/4
f 2780/3/4 2779/3/4 2781/3/4
f 2782/3/4 2783/3/4 2784/3/4
f 2784/3/4 2783/3/4 2785/3/4
f 2785/3/4 2783/3/4 2786/3/4
f 2787/3/4 2788/3/4 2791/3/4
f 2791/3/4 2788/3/4 2792/3/4
f 2789/11/4 2790/11/4 2795/11/4
f 2795/11/4 2790/11/4 2796/11/4
f 2793/12/4 2794/12/4 2799/12/4
f 2794/12/4 2795/12/4 2799/12/4
f 2799/12/4 2795/12/4 2800/12/4
f 2795/11/4 2796/11/4 2801/11/4
f 2800/12/4 2795/12/4 2801/12/4
f 2801/11/4 2796/11/4 2802/11/4
f 2797/3/4 2798/3/4 2803/3/4
f 2797/3/4 2803/3/4 2804/3/4
f 2804/3/4 2803/3/4 2805/3/4
f 2805/3/4 2803/3/4 2806/3/4
f 2807/6/4 2808/6/4 2809/6/4
f 2806/6/4 2807/6/4 2809/6/4
f 2809/6/4 2808/6/4 2810/6/4
f 2810/6/4 2811/6/4 2812/6/4
f 2812/6/4 2811/6/4 2813/6/4
f 2814/3/4 2815/3/4 2821/3/4
f 2816/6/4 2817/6/4 2822/6/4
f 2822/6/4 2817/6/4 2823/6/4
f 2818/6/4 2819/6/4 2824/6/4
f 2819/3/4 2820/3/4 2825/3/4
f 2824/6/4 2819/6/4 2825/6/4
f 2825/3/4 2820/3/4 2826/3/4
f 2814/3/4 2821/3/4 2827/3/4
f 2821/3/4 2822/3/4 2827/3/4
f 2822/3/4 2823/3/4 2827/3/4
f 2827/3/4 2823/3/4 2828/3/4
f 2828/3/4 2823/3/4 2829/3/4
f 2829/3/4 2823/3/4 2830/3/4
f 2830/3/4 2823/3/4 2831/3/4
f 2827/3/4 2828/3/4 2832/3/4
f 2828/4/4 2829/4/4 2833/4/4
f 2832/3/4 2828/3/4 2833/3/4
f 2833/4/4 2829/4/4 2834/4/4
f 2829/3/4 2830/3/4 2835/3/4
f 2834/4/4 2829/4/4 2835/4/4
f 2835/3/4 2830/3/4 2836/3/4
f 2835/4/4 2836/4/4 2837/4/4
f 2837/4/4 2836/4/4 2838/4/4
f 2839/3/4 2840/3/4 2842/3/4
f 2842/3/4 2840/3/4 2843/3/4
f 2841/4/4 2842/4/4 2849/4/4
f 2843/4/4 2844/4/4 2850/4/4
f 2842/3/4 2843/3/4 2850/3/4
f 2850/4/4 2844/4/4 2851/4/4
f 2846/9/4 2847/9/4 2853/9/4
f 2845/9/4 2846/9/4 2853/9/4
f 2853/9/4 2847/9/4 2854/9/4
f 2848/4/4 2849/4/4 2857/4/4
f 2849/4/4 2842/4/4 2858/4/4
f 2857/4/4 2849/4/4 2858/4/4
f 2842/3/4 2850/3/4 2859/3/4
f 2858/4/4 2842/4/4 2859/4/4
f 2850/5/4 2851/5/4 2860/5/4
f 2859/3/4 2850/3/4 2860/3/4
f 2851/3/4 2852/3/4 2861/3/4
f 2860/5/4 2851/5/4 2861/5/4
f 2861/3/4 2852/3/4 2862/3/4
f 2855/3/4 2856/3/4 2863/3/4
f 2863/3/4 2856/3/4 2864/3/4
f 2859/4/4 2860/4/4 2865/4/4
f 2858/4/4 2859/4/4 2865/4/4
f 2860/4/4 2861/4/4 2865/4/4
f 2865/4/4 2861/4/4 2866/4/4
f 2866/4/4 2861/4/4 2867/4/4
f 2866/5/4 2867/5/4 2868/5/4
f 2868/5/4 2867/5/4 2869/5/4
f 2868/8/4 2869/8/4 2870/8/4
f 2870/8/4 2869/8/4 2871/8/4
f 2872/6/4 2873/6/4 2877/6/4
f 2877/6/4 2873/6/4 2878/6/4
f 2874/4/4 2875/4/4 2879/4/4
f 2879/4/4 2875/4/4 2880/4/4
f 2880/4/4 2875/4/4 2881/4/4
f 2877/3/4 2878/3/4 2883/3/4
f 2881/4/4 2882/4/4 2884/4/4
f 2880/4/4 2881/4/4 2884/4/4
f 2884/4/4 2882/4/4 2885/4/4
f 2877/3/4 2883/3/4 2887/3/4
f 2885/3/4 2886/3/4 2888/3/4
f 2884/3/4 2885/3/4 2888/3/4
f 2876/4/4 2877/4/4 2889/4/4
f 2877/3/4 2887/3/4 2890/3/4
f 2888/4/4 2889/4/4 2890/4/4
f 2889/4/4 2877/4/4 2890/4/4
f 2890/3/4 2887/3/4 2891/3/4
f 2884/3/4 2888/3/4 2892/3/4
f 2888/4/4 2890/4/4 2893/4/4
f 2888/4/4 2893/4/4 2894/4/4
f 2894/4/4 2893/4/4 2895/4/4
f 2892/3/4 2888/3/4 2896/3/4
f 2888/4/4 2894/4/4 2896/4/4
f 2896/4/4 2894/4/4 2897/4/4
f 2892/3/4 2896/3/4 2898/3/4
f 2898/3/4 2896/3/4 2899/3/4
f 2892/3/4 2898/3/4 2900/3/4
f 2892/3/4 2900/3/4 2902/3/4
f 2900/3/4 2901/3/4 2902/3/4
f 2902/3/4 2901/3/4 2903/3/4
f 2892/3/4 2902/3/4 2907/3/4
f 2907/3/4 2902/3/4 2908/3/4
f 2905/14/4 2906/14/4 2909/14/4
f 2904/14/4 2905/14/4 2909/14/4
f 2909/14/4 2906/14/4 2910/14/4
f 2892/3/4 2907/3/4 2911/3/4
f 2911/3/4 2907/3/4 2912/3/4
f 2892/3/4 2911/3/4 2913/3/4
f 2913/3/4 2911/3/4 2914/3/4
f 2915/5/4 2916/5/4 2917/5/4
f 2917/5/4 2916/5/4 2918/5/4
f 2919/4/4 2920/4/4 2921/4/4
f 2921/4/4 2920/4/4 2922/4/4
f 2923/6/4 2924/6/4 2927/6/4
f 2927/6/4 2924/6/4 2928/6/4
f 2927/3/4 2928/3/4 2929/3/4
f 2929/3/4 2928/3/4 2930/3/4
f 2929/5/4 2930/5/4 2932/5/4
f 2932/5/4 2930/5/4 2933/5/4
f 2925/6/4 2926/6/4 2934/6/4
f 2934/6/4 2926/6/4 2935/6/4
f 2931/4/4 2932/4/4 2936/4/4
f 2936/4/4 2932/4/4 2937/4/4
f 2938/9/4 2939/9/4 2940/9/4
f 2940/9/4 2939/9/4 2941/9/4
f 2942/10/4 2943/10/4 2944/10/4
f 2944/10/4 2943/10/4 2945/10/4
f 2946/10/4 2947/10/4 2948/10/4
f 2948/10/4 2947/10/4 2949/10/4
f 2949/10/4 2947/10/4 2950/10/4
f 2948/14/4 2949/14/4 2951/14/4
f 2951/14/4 2949/14/4 2952/14/4
f 2953/10/4 2954/10/4 2955/10/4
f 2955/10/4 2954/10/4 2956/10/4
f 2956/10/4 2957/10/4 2958/10/4
f 2958/10/4 2957/10/4 2959/10/4
f 2959/14/4 2960/14/4 2961/14/4
f 2961/14/4 2960/14/4 2962/14/4
f 2934/3/4 2935/3/4 2964/3/4
f 2964/3/4 2935/3/4 2965/3/4
f 2962/14/4 2963/14/4 2968/14/4
f 2968/14/4 2963/14/4 2969/14/4
f 2966/4/4 2967/4/4 2970/4/4
f 2970/4/4 2967/4/4 2971/4/4
f 2972/8/4 2973/8/4 2975/8/4
f 2973/4/4 2974/4/4 2976/4/4
f 2975/8/4 2973/8/4 2976/8/4
f 2976/4/4 2974/4/4 2977/4/4
f 2978/6/4 2979/6/4 2980/6/4
f 2980/6/4 2979/6/4 2981/6/4
f 2981/6/4 2979/6/4 2982/6/4
f 2982/6/4 2979/6/4 2983/6/4
f 2984/9/4 2985/9/4 2987/9/4
f 2985/9/4 2986/9/4 2987/9/4
f 2987/9/4 2986/9/4 2988/9/4
f 2989/10/4 2990/10/4 2991/10/4
f 2991/10/4 2990/10/4 2992/10/4
f 2993/9/4 2994/9/4 2995/9/4
f 2995/9/4 2994/9/4 2996/9/4
f 2997/14/4 2998/14/4 2999/14/4
f 2999/14/4 3000/14/4 3002/14/4
f 3000/14/4 3001/14/4 3002/14/4
f 2997/14/4 2999/14/4 3002/14/4
f 3002/14/4 3001/14/4 3003/14/4
f 3004/10/4 3005/10/4 3007/10/4
f 3007/10/4 3005/10/4 3008/10/4
f 3006/14/4 3007/14/4 3009/14/4
f 3009/14/4 3007/14/4 3010/14/4
f 2982/3/4 2983/3/4 3011/3/4
f 3011/3/4 2983/3/4 3014/3/4
f 3014/3/4 2983/3/4 3015/3/4
f 3012/3/4 3013/3/4 3016/3/4
f 3016/3/4 3013/3/4 3017/3/4
f 3020/14/4 3021/14/4 3023/14/4
f 3023/14/4 3021/14/4 3024/14/4
f 3018/6/4 3019/6/4 3025/6/4
f 3025/6/4 3019/6/4 3026/6/4
f 3022/14/4 3023/14/4 3027/14/4
f 3027/14/4 3023/14/4 3028/14/4
f 3026/14/4 3027/14/4 3030/14/4
f 3030/14/4 3027/14/4 3031/14/4
f 3029/14/4 3030/14/4 3033/14/4
f 3033/14/4 3030/14/4 3034/14/4
f 3032/14/4 3033/14/4 3036/14/4
f 3034/9/4 3035/9/4 3037/9/4
f 3036/14/4 3033/14/4 3037/14/4
f 3033/9/4 3034/9/4 3037/9/4
f 3037/9/4 3035/9/4 3038/9/4
f 3038/9/4 3035/9/4 3039/9/4
f 3040/1/4 3041/1/4 3042/1/4
f 3042/1/4 3041/1/4 3043/1/4
f 3044/9/4 3045/9/4 3046/9/4
f 3046/9/4 3045/9/4 3047/9/4
f 3047/10/4 3048/10/4 3049/10/4
f 3049/10/4 3048/10/4 3050/10/4
f 3051/14/4 3052/14/4 3053/14/4
f 3053/14/4 3052/14/4 3054/14/4
f 3055/10/4 3056/10/4 3058/10/4
f 3058/10/4 3056/10/4 3059/10/4
f 3057/10/4 3058/10/4 3060/10/4
f 3058/10/4 3059/10/4 3060/10/4
f 3060/10/4 3059/10/4 3061/10/4
f 3061/10/4 3059/10/4 3062/10/4
f 3063/14/4 3064/14/4 3065/14/4
f 3065/14/4 3064/14/4 3066/14/4
f 3065/9/4 3066/9/4 3067/9/4
f 3067/9/4 3066/9/4 3068/9/4
f 3068/9/4 3069/9/4 3070/9/4
f 3070/9/4 3069/9/4 3071/9/4
f 3073/3/4 3074/3/4 3075/3/4
f 3075/3/4 3074/3/4 3076/3/4
f 3071/9/4 3072/9/4 3081/9/4
f 3081/9/4 3072/9/4 3082/9/4
f 3077/4/4 3078/4/4 3083/4/4
f 3083/4/4 3078/4/4 3084/4/4
f 3079/3/4 3080/3/4 3085/3/4
f 3085/3/4 3080/3/4 3086/3/4
f 3083/8/4 3084/8/4 3087/8/4
f 3087/8/4 3084/8/4 3088/8/4
f 3089/9/4 3090/9/4 3091/9/4
f 3091/9/4 3090/9/4 3092/9/4
f 3093/2/4 3094/2/4 3095/2/4
f 3095/2/4 3094/2/4 3096/2/4
f 3097/14/4 3098/14/4 3100/14/4
f 3098/14/4 3099/14/4 3100/14/4
f 3100/14/4 3099/14/4 3101/14/4
f 3101/9/4 3102/9/4 3103/9/4
f 3103/9/4 3102/9/4 3104/9/4
f 3104/9/4 3102/9/4 3105/9/4
f 3106/10/4 3107/10/4 3108/10/4
f 3108/10/4 3107/10/4 3109/10/4
f 3109/14/4 3110/14/4 3114/14/4
f 3110/10/4 3111/10/4 3115/10/4
f 3114/14/4 3110/14/4 3115/14/4
f 3115/10/4 3111/10/4 3116/10/4
f 3112/14/4 3113/14/4 3117/14/4
f 3117/14/4 3113/14/4 3118/14/4
f 3119/14/4 3120/14/4 3121/14/4
f 3121/14/4 3120/14/4 3122/14/4
f 3123/14/4 3124/14/4 3125/14/4
f 3123/14/4 3125/14/4 3128/14/4
f 3125/14/4 3126/14/4 3128/14/4
f 3128/14/4 3126/14/4 3129/14/4
f 3130/4/4 3131/4/4 3134/4/4
f 3134/4/4 3131/4/4 3135/4/4
f 3132/3/4 3133/3/4 3136/3/4
f 3136/3/4 3133/3/4 3137/3/4
f 3127/6/4 3128/6/4 3138/6/4
f 3138/6/4 3128/6/4 3139/6/4
f 3140/9/4 3141/9/4 3142/9/4
f 3142/9/4 3141/9/4 3143/9/4
f 3144/9/4 3145/9/4 3146/9/4
f 3146/9/4 3145/9/4 3147/9/4
f 3148/14/4 3149/14/4 3153/14/4
f 3149/10/4 3150/10/4 3154/10/4
f 3153/14/4 3149/14/4 3154/14/4
f 3154/10/4 3150/10/4 3155/10/4
f 3151/9/4 3152/9/4 3156/9/4
f 3156/9/4 3152/9/4 3157/9/4
f 3157/9/4 3152/9/4 3158/9/4
f 3159/14/4 3160/14/4 3161/14/4
f 3161/14/4 3160/14/4 3162/14/4
f 3163/1/4 3164/1/4 3166/1/4
f 3166/1/4 3164/1/4 3167/1/4
f 3167/1/4 3164/1/4 3168/1/4
f 3165/14/4 3166/14/4 3170/14/4
f 3170/14/4 3166/14/4 3171/14/4
f 3167/2/4 3168/2/4 3172/2/4
f 3168/1/4 3169/1/4 3173/1/4
f 3172/2/4 3168/2/4 3173/2/4
f 3173/1/4 3169/1/4 3174/1/4
f 3173/2/4 3174/2/4 3178/2/4
f 3174/1/4 3175/1/4 3179/1/4
f 3178/2/4 3174/2/4 3179/2/4
f 3175/2/4 3176/2/4 3180/2/4
f 3179/1/4 3175/1/4 3180/1/4
f 3176/1/4 3177/1/4 3181/1/4
f 3180/2/4 3176/2/4 3181/2/4
f 3181/1/4 3177/1/4 3182/1/4
f 3182/1/4 3177/1/4 3183/1/4
f 3179/2/4 3180/2/4 3186/2/4
f 3180/1/4 3181/1/4 3187/1/4
f 3186/2/4 3180/2/4 3187/2/4
f 3181/2/4 3182/2/4 3188/2/4
f 3187/1/4 3181/1/4 3188/1/4
f 3183/13/4 3184/13/4 3189/13/4
f 3188/2/4 3182/2/4 3189/2/4
f 3182/13/4 3183/13/4 3189/13/4
f 3184/1/4 3185/1/4 3190/1/4
f 3189/13/4 3184/13/4 3190/13/4
f 3190/1/4 3185/1/4 3191/1/4
f 3187/1/4 3188/1/4 3195/1/4
f 3188/13/4 3189/13/4 3196/13/4
f 3195/1/4 3188/1/4 3196/1/4
f 3189/2/4 3190/2/4 3197/2/4
f 3196/13/4 3189/13/4 3197/13/4
f 3197/2/4 3190/2/4 3198/2/4
f 3190/13/4 3191/13/4 3199/13/4
f 3198/2/4 3190/2/4 3199/2/4
f 3191/1/4 3192/1/4 3200/1/4
f 3199/13/4 3191/13/4 3200/13/4
f 3200/1/4 3192/1/4 3201/1/4
f 3193/14/4 3194/14/4 3203/14/4
f 3203/14/4 3194/14/4 3204/14/4
f 3196/2/4 3197/2/4 3206/2/4
f 3197/1/4 3198/1/4 3207/1/4
f 3206/2/4 3197/2/4 3207/2/4
f 3198/13/4 3199/13/4 3208/13/4
f 3207/1/4 3198/1/4 3208/1/4
f 3199/2/4 3200/2/4 3209/2/4
f 3208/13/4 3199/13/4 3209/13/4
f 3200/13/4 3201/13/4 3210/13/4
f 3209/2/4 3200/2/4 3210/2/4
f 3201/2/4 3202/2/4 3211/2/4
f 3210/13/4 3201/13/4 3211/13/4
f 3211/2/4 3202/2/4 3212/2/4
f 3204/14/4 3205/14/4 3214/14/4
f 3214/14/4 3205/14/4 3215/14/4
f 3207/1/4 3208/1/4 3216/1/4
f 3208/2/4 3209/2/4 3217/2/4
f 3216/1/4 3208/1/4 3217/1/4
f 3209/1/4 3210/1/4 3218/1/4
f 3217/2/4 3209/2/4 3218/2/4
f 3210/2/4 3211/2/4 3219/2/4
f 3218/1/4 3210/1/4 3219/1/4
f 3211/13/4 3212/13/4 3220/13/4
f 3219/2/4 3211/2/4 3220/2/4
f 3212/2/4 3213/2/4 3221/2/4
f 3220/13/4 3212/13/4 3221/13/4
f 3221/2/4 3213/2/4 3222/2/4
f 3217/1/4 3218/1/4 3223/1/4
f 3223/1/4 3218/1/4 3224/1/4
f 3219/2/4 3220/2/4 3225/2/4
f 3221/1/4 3222/1/4 3226/1/4
f 3225/2/4 3220/2/4 3226/2/4
f 3220/1/4 3221/1/4 3226/1/4
f 3226/1/4 3222/1/4 3227/1/4
f 3228/1/4 3229/1/4 3232/1/4
f 3232/1/4 3229/1/4 3233/1/4
f 3233/1/4 3229/1/4 3234/1/4
f 3234/1/4 3229/1/4 3235/1/4
f 3230/2/4 3231/2/4 3237/2/4
f 3231/1/4 3232/1/4 3238/1/4
f 3237/2/4 3231/2/4 3238/2/4
f 3232/13/4 3233/13/4 3239/13/4
f 3233/2/4 3234/2/4 3239/2/4
f 3234/13/4 3235/13/4 3240/13/4
f 3239/2/4 3234/2/4 3240/2/4
f 3240/13/4 3235/13/4 3241/13/4
f 3236/1/4 3237/1/4 3243/1/4
f 3237/13/4 3238/13/4 3244/13/4
f 3243/1/4 3237/1/4 3244/1/4
f 3238/1/4 3232/1/4 3245/1/4
f 3244/13/4 3238/13/4 3245/13/4
f 3232/13/4 3239/13/4 3246/13/4
f 3245/1/4 3232/1/4 3246/1/4
f 3239/13/4 3240/13/4 3246/13/4
f 3240/2/4 3241/2/4 3247/2/4
f 3246/13/4 3240/13/4 3247/13/4
f 3247/2/4 3241/2/4 3248/2/4
f 3242/1/4 3243/1/4 3250/1/4
f 3243/2/4 3244/2/4 3251/2/4
f 3244/2/4 3245/2/4 3251/2/4
f 3250/1/4 3243/1/4 3251/1/4
f 3251/2/4 3245/2/4 3252/2/4
f 3245/13/4 3246/13/4 3253/13/4
f 3252/2/4 3245/2/4 3253/2/4
f 3246/1/4 3247/1/4 3254/1/4
f 3253/13/4 3246/13/4 3254/13/4
f 3254/1/4 3247/1/4 3255/1/4
f 3255/1/4 3247/1/4 3256/1/4
f 3249/1/4 3250/1/4 3257/1/4
f 3250/13/4 3251/13/4 3257/13/4
f 3251/1/4 3252/1/4 3258/1/4
f 3257/13/4 3251/13/4 3258/13/4
f 3252/13/4 3253/13/4 3259/13/4
f 3258/1/4 3252/1/4 3259/1/4
f 3253/13/4 3254/13/4 3259/13/4
f 3254/2/4 3255/2/4 3260/2/4
f 3259/13/4 3254/13/4 3260/13/4
f 3260/2/4 3255/2/4 3261/2/4
f 3249/1/4 3257/1/4 3267/1/4
f 3257/2/4 3258/2/4 3268/2/4
f 3267/1/4 3257/1/4 3268/1/4
f 3258/13/4 3259/13/4 3269/13/4
f 3268/2/4 3258/2/4 3269/2/4
f 3259/1/4 3260/1/4 3270/1/4
f 3269/13/4 3259/13/4 3270/13/4
f 3270/1/4 3260/1/4 3271/1/4
f 3262/10/4 3263/10/4 3272/10/4
f 3264/1/4 3265/1/4 3273/1/4
f 3272/10/4 3263/10/4 3273/10/4
f 3263/1/4 3264/1/4 3273/1/4
f 3273/1/4 3265/1/4 3274/1/4
f 3266/2/4 3267/2/4 3275/2/4
f 3267/1/4 3268/1/4 3276/1/4
f 3268/1/4 3269/1/4 3276/1/4
f 3275/2/4 3267/2/4 3276/2/4
f 3269/1/4 3270/1/4 3276/1/4
f 3276/1/4 3270/1/4 3277/1/4
f 3277/1/4 3270/1/4 3278/1/4
f 3274/1/4 3275/1/4 3279/1/4
f 3275/1/4 3276/1/4 3279/1/4
f 3279/1/4 3276/1/4 3280/1/4
f 3276/2/4 3277/2/4 3281/2/4
f 3280/1/4 3276/1/4 3281/1/4
f 3281/2/4 3277/2/4 3282/2/4
f 3279/9/4 3280/9/4 3284/9/4
f 3284/9/4 3280/9/4 3285/9/4
f 3285/10/4 3286/10/4 3288/10/4
f 3286/10/4 3287/10/4 3288/10/4
f 3284/10/4 3285/10/4 3288/10/4
f 3283/10/4 3284/10/4 3288/10/4
f 3288/10/4 3287/10/4 3289/10/4
f 3289/10/4 3287/10/4 3290/10/4
f 3290/10/4 3287/10/4 3291/10/4
f 3291/10/4 3287/10/4 3292/10/4
f 3293/9/4 3294/9/4 3295/9/4
f 3295/9/4 3294/9/4 3296/9/4
f 3297/1/4 3298/1/4 3299/1/4
f 3299/1/4 3298/1/4 3300/1/4
f 3300/14/4 3301/14/4 3302/14/4
f 3302/14/4 3301/14/4 3303/14/4
f 3303/14/4 3301/14/4 3304/14/4
f 3303/9/4 3304/9/4 3306/9/4
f 3304/10/4 3305/10/4 3307/10/4
f 3306/9/4 3304/9/4 3307/9/4
f 3307/10/4 3305/10/4 3308/10/4
f 3308/9/4 3309/9/4 3310/9/4
f 3310/9/4 3309/9/4 3311/9/4
f 3312/6/4 3313/6/4 3314/6/4
f 3314/6/4 3313/6/4 3315/6/4
f 3316/6/4 3317/6/4 3318/6/4
f 3318/6/4 3317/6/4 3319/6/4
f 3320/10/4 3321/10/4 3322/10/4
f 3322/10/4 3321/10/4 3323/10/4
f 3323/14/4 3324/14/4 3327/14/4
f 3327/14/4 3324/14/4 3328/14/4
f 3325/9/4 3326/9/4 3329/9/4
f 3329/9/4 3326/9/4 3330/9/4
f 3331/14/4 3332/14/4 3335/14/4
f 3335/14/4 3332/14/4 3336/14/4
f 3333/14/4 3334/14/4 3337/14/4
f 3337/14/4 3334/14/4 3338/14/4
f 3339/14/4 3340/14/4 3341/14/4
f 3341/14/4 3340/14/4 3342/14/4
f 3343/14/4 3344/14/4 3345/14/4
f 3345/14/4 3344/14/4 3346/14/4
f 3346/10/4 3347/10/4 3348/10/4
f 3348/10/4 3347/10/4 3349/10/4
f 3349/10/4 3350/10/4 3351/10/4
f 3351/10/4 3350/10/4 3352/10/4
f 3352/10/4 3353/10/4 3354/10/4
f 3354/10/4 3353/10/4 3355/10/4
f 3355/10/4 3356/10/4 3357/10/4
f 3357/10/4 3356/10/4 3358/10/4
f 3359/6/4 3360/6/4 3361/6/4
f 3362/10/4 3363/10/4 3365/10/4
f 3365/10/4 3363/10/4 3366/10/4
f 3364/10/4 3365/10/4 3369/10/4
f 3369/10/4 3365/10/4 3370/10/4
f 3367/10/4 3368/10/4 3371/10/4
f 3368/10/4 3369/10/4 3371/10/4
f 3371/10/4 3369/10/4 3372/10/4
f 3373/14/4 3374/14/4 3377/14/4
f 3377/14/4 3374/14/4 3378/14/4
f 3375/14/4 3376/14/4 3379/14/4
f 3379/14/4 3376/14/4 3380/14/4
f 3381/14/4 3382/14/4 3383/14/4
f 3383/14/4 3382/14/4 3384/14/4
f 3385/2/4 3386/2/4 3392/2/4
f 3386/1/4 3387/1/4 3393/1/4
f 3392/2/4 3386/2/4 3393/2/4
f 3387/2/4 3388/2/4 3394/2/4
f 3393/1/4 3387/1/4 3394/1/4
f 3388/1/4 3389/1/4 3395/1/4
f 3394/2/4 3388/2/4 3395/2/4
f 3389/2/4 3390/2/4 3396/2/4
f 3395/1/4 3389/1/4 3396/1/4
f 3390/1/4 3391/1/4 3397/1/4
f 3396/2/4 3390/2/4 3397/2/4
f 3397/1/4 3391/1/4 3398/1/4
f 3398/1/4 3391/1/4 3399/1/4
f 3397/2/4 3398/2/4 3401/2/4
f 3396/1/4 3397/1/4 3401/1/4
f 3398/13/4 3399/13/4 3402/13/4
f 3401/2/4 3398/2/4 3402/2/4
f 3399/1/4 3400/1/4 3403/1/4
f 3402/13/4 3399/13/4 3403/13/4
f 3403/1/4 3400/1/4 3404/1/4
f 3396/1/4 3401/1/4 3409/1/4
f 3401/13/4 3402/13/4 3410/13/4
f 3409/1/4 3401/1/4 3410/1/4
f 3402/2/4 3403/2/4 3411/2/4
f 3410/13/4 3402/13/4 3411/13/4
f 3403/13/4 3404/13/4 3412/13/4
f 3404/1/4 3405/1/4 3412/1/4
f 3412/1/4 3405/1/4 3413/1/4
f 3407/9/4 3408/9/4 3415/9/4
f 3406/9/4 3407/9/4 3415/9/4
f 3415/9/4 3408/9/4 3416/9/4
f 3410/1/4 3411/1/4 3418/1/4
f 3411/2/4 3403/2/4 3419/2/4
f 3418/1/4 3411/1/4 3419/1/4
f 3403/13/4 3412/13/4 3420/13/4
f 3419/2/4 3403/2/4 3420/2/4
f 3412/2/4 3413/2/4 3421/2/4
f 3420/13/4 3412/13/4 3421/13/4
f 3413/1/4 3414/1/4 3422/1/4
f 3421/2/4 3413/2/4 3422/2/4
f 3422/1/4 3414/1/4 3423/1/4
f 3416/9/4 3417/9/4 3424/9/4
f 3424/9/4 3417/9/4 3425/9/4
f 3420/2/4 3421/2/4 3427/2/4
f 3421/13/4 3422/13/4 3428/13/4
f 3427/2/4 3421/2/4 3428/2/4
f 3422/2/4 3423/2/4 3429/2/4
f 3428/13/4 3422/13/4 3429/13/4
f 3429/2/4 3423/2/4 3430/2/4
f 3425/9/4 3426/9/4 3431/9/4
f 3431/9/4 3426/9/4 3432/9/4
f 3433/8/4 3434/8/4 3435/8/4
f 3435/8/4 3434/8/4 3436/8/4
f 3437/6/4 3438/6/4 3439/6/4
f 3439/6/4 3438/6/4 3440/6/4
f 3359/6/4 3361/6/4 3443/6/4
f 3443/6/4 3361/6/4 3444/6/4
f 3441/4/4 3442/4/4 3445/4/4
f 3445/4/4 3442/4/4 3446/4/4
f 3439/6/4 3440/6/4 3447/6/4
f 3447/6/4 3440/6/4 3448/6/4
f 3449/6/4 3450/6/4 3451/6/4
f 3451/6/4 3450/6/4 3452/6/4
f 3452/6/4 3450/6/4 3453/6/4
f 3453/6/4 3450/6/4 3454/6/4
f 3453/9/4 3454/9/4 3455/9/4
f 3455/9/4 3454/9/4 3456/9/4
f 3457/14/4 3458/14/4 3459/14/4
f 3459/14/4 3458/14/4 3460/14/4
f 3461/10/4 3462/10/4 3464/10/4
f 3462/10/4 3463/10/4 3464/10/4
f 3464/10/4 3463/10/4 3465/10/4
f 3466/1/4 3467/1/4 3468/1/4
f 3468/1/4 3467/1/4 3469/1/4
f 3470/14/4 3471/14/4 3472/14/4
f 3472/14/4 3471/14/4 3473/14/4
f 3474/9/4 3475/9/4 3478/9/4
f 3478/9/4 3475/9/4 3479/9/4
f 3476/8/4 3477/8/4 3481/8/4
f 3481/8/4 3477/8/4 3482/8/4
f 3479/9/4 3480/9/4 3483/9/4
f 3483/9/4 3480/9/4 3484/9/4
f 3484/9/4 3485/9/4 3486/9/4
f 3486/9/4 3485/9/4 3487/9/4
f 3488/6/4 3489/6/4 3490/6/4
f 3490/6/4 3489/6/4 3491/6/4
f 3490/4/4 3491/4/4 3492/4/4
f 3492/4/4 3491/4/4 3493/4/4
f 3494/9/4 3495/9/4 3496/9/4
f 3496/9/4 3495/9/4 3497/9/4
f 3496/10/4 3497/10/4 3500/10/4
f 3500/10/4 3497/10/4 3501/10/4
f 3498/9/4 3499/9/4 3505/9/4
f 3505/9/4 3499/9/4 3506/9/4
f 3502/8/4 3503/8/4 3507/8/4
f 3507/8/4 3503/8/4 3508/8/4
f 3504/9/4 3505/9/4 3510/9/4
f 3510/9/4 3505/9/4 3511/9/4
f 3509/9/4 3510/9/4 3513/9/4
f 3513/9/4 3510/9/4 3514/9/4
f 3512/10/4 3513/10/4 3517/10/4
f 3517/10/4 3513/10/4 3518/10/4
f 3515/10/4 3516/10/4 3519/10/4
f 3519/10/4 3516/10/4 3520/10/4
f 3521/10/4 3522/10/4 3523/10/4
f 3523/10/4 3522/10/4 3524/10/4
f 3525/14/4 3526/14/4 3527/14/4
f 3527/14/4 3526/14/4 3528/14/4
f 3529/14/4 3530/14/4 3531/14/4
f 3531/14/4 3530/14/4 3532/14/4
f 3532/14/4 3533/14/4 3536/14/4
f 3536/14/4 3533/14/4 3537/14/4
f 3534/9/4 3535/9/4 3539/9/4
f 3539/9/4 3535/9/4 3540/9/4
f 3537/14/4 3538/14/4 3541/14/4
f 3541/14/4 3538/14/4 3542/14/4
f 3542/14/4 3543/14/4 3544/14/4
f 3544/14/4 3543/14/4 3545/14/4
f 3546/6/4 3547/6/4 3548/6/4
f 3548/6/4 3547/6/4 3549/6/4
f 3550/6/4 3551/6/4 3552/6/4
f 3552/6/4 3551/6/4 3553/6/4
f 3552/4/4 3553/4/4 3554/4/4
f 3554/4/4 3553/4/4 3555/4/4
f 3554/4/4 3555/4/4 3557/4/4
f 3555/8/4 3556/8/4 3558/8/4
f 3557/4/4 3555/4/4 3558/4/4
f 3558/8/4 3556/8/4 3559/8/4
f 3557/8/4 3558/8/4 3560/8/4
f 3560/8/4 3558/8/4 3561/8/4
f 3562/10/4 3563/10/4 3564/10/4
f 3564/10/4 3563/10/4 3565/10/4
f 3560/9/4 3561/9/4 3566/9/4
f 3566/9/4 3561/9/4 3567/9/4
f 3567/9/4 3561/9/4 3568/9/4
f 3569/10/4 3570/10/4 3573/10/4
f 3573/10/4 3570/10/4 3574/10/4
f 3571/10/4 3572/10/4 3575/10/4
f 3575/10/4 3572/10/4 3576/10/4
f 3579/14/4 3580/14/4 3581/14/4
f 3581/14/4 3580/14/4 3582/14/4
f 3548/3/4 3549/3/4 3583/3/4
f 3577/9/4 3578/9/4 3584/9/4
f 3584/9/4 3578/9/4 3585/9/4
f 3584/8/4 3585/8/4 3586/8/4
f 3586/8/4 3585/8/4 3587/8/4
f 3548/3/4 3583/3/4 3588/3/4
f 3588/3/4 3583/3/4 3589/3/4
f 3586/3/4 3587/3/4 3590/3/4
f 3590/3/4 3587/3/4 3591/3/4
f 3588/6/4 3589/6/4 3592/6/4
f 3592/6/4 3589/6/4 3593/6/4
f 3590/6/4 3591/6/4 3594/6/4
f 3594/6/4 3591/6/4 3595/6/4
f 3596/6/4 3597/6/4 3598/6/4
f 3598/6/4 3597/6/4 3599/6/4
f 3598/4/4 3599/4/4 3600/4/4
f 3601/6/4 3602/6/4 3603/6/4
f 3603/6/4 3602/6/4 3604/6/4
f 3603/4/4 3604/4/4 3605/4/4
f 3605/4/4 3604/4/4 3606/4/4
f 3605/8/4 3606/8/4 3607/8/4
f 3607/8/4 3606/8/4 3608/8/4
f 3607/9/4 3608/9/4 3609/9/4
f 3610/10/4 3611/10/4 3612/10/4
f 3612/10/4 3611/10/4 3613/10/4
f 3609/9/4 3608/9/4 3614/9/4
f 3614/9/4 3608/9/4 3615/9/4
f 3616/14/4 3617/14/4 3618/14/4
f 3618/14/4 3617/14/4 3619/14/4
f 3598/4/4 3600/4/4 3620/4/4
f 3620/4/4 3600/4/4 3621/4/4
f 3614/8/4 3615/8/4 3622/8/4
f 3622/8/4 3615/8/4 3623/8/4
f 3620/3/4 3621/3/4 3624/3/4
f 3622/4/4 3623/4/4 3625/4/4
f 3625/4/4 3623/4/4 3626/4/4
f 3626/4/4 3623/4/4 3627/4/4
f 3620/3/4 3624/3/4 3628/3/4
f 3628/3/4 3624/3/4 3629/3/4
f 3626/3/4 3627/3/4 3630/3/4
f 3630/3/4 3627/3/4 3631/3/4
f 3628/6/4 3629/6/4 3632/6/4
f 3632/6/4 3629/6/4 3633/6/4
f 3630/6/4 3631/6/4 3634/6/4
f 3634/6/4 3631/6/4 3635/6/4
f 3636/6/4 3637/6/4 3638/6/4
f 3638/6/4 3637/6/4 3639/6/4
f 3638/4/4 3639/4/4 3642/4/4
f 3640/6/4 3641/6/4 3643/6/4
f 3643/6/4 3641/6/4 3644/6/4
f 3645/10/4 3646/10/4 3647/10/4
f 3647/10/4 3646/10/4 3648/10/4
f 3643/4/4 3644/4/4 3649/4/4
f 3649/4/4 3644/4/4 3650/4/4
f 3651/10/4 3652/10/4 3653/10/4
f 3653/10/4 3652/10/4 3654/10/4
f 3649/8/4 3650/8/4 3655/8/4
f 3655/8/4 3650/8/4 3656/8/4
f 3638/4/4 3642/4/4 3657/4/4
f 3657/4/4 3642/4/4 3658/4/4
f 3655/4/4 3656/4/4 3659/4/4
f 3659/4/4 3656/4/4 3660/4/4
f 3657/3/4 3658/3/4 3661/3/4
f 3659/3/4 3660/3/4 3662/3/4
f 3657/3/4 3661/3/4 3663/3/4
f 3663/3/4 3661/3/4 3664/3/4
f 3662/3/4 3660/3/4 3665/3/4
f 3665/3/4 3660/3/4 3666/3/4
f 3663/6/4 3664/6/4 3667/6/4
f 3667/6/4 3664/6/4 3668/6/4
f 3665/6/4 3666/6/4 3669/6/4
f 3669/6/4 3666/6/4 3670/6/4
f 3671/6/4 3672/6/4 3673/6/4
f 3673/6/4 3672/6/4 3674/6/4
f 3673/4/4 3674/4/4 3675/4/4
f 3675/4/4 3674/4/4 3676/4/4
f 3675/5/4 3676/5/4 3677/5/4
f 3676/4/4 3674/4/4 3677/4/4
f 3677/4/4 3674/4/4 3678/4/4
f 3673/4/4 3675/4/4 3679/4/4
f 3675/5/4 3677/5/4 3679/5/4
f 3677/3/4 3678/3/4 3680/3/4
f 3679/5/4 3677/5/4 3680/5/4
f 3673/4/4 3679/4/4 3681/4/4
f 3679/4/4 3680/4/4 3681/4/4
f 3681/4/4 3680/4/4 3682/4/4
f 3678/4/4 3674/4/4 3683/4/4
f 3680/3/4 3678/3/4 3683/3/4
f 3683/4/4 3674/4/4 3684/4/4
f 3683/3/4 3684/3/4 3685/3/4
f 3684/4/4 3674/4/4 3685/4/4
f 3685/4/4 3674/4/4 3686/4/4
f 3681/3/4 3682/3/4 3687/3/4
f 3682/4/4 3680/4/4 3688/4/4
f 3687/3/4 3682/3/4 3688/3/4
f 3680/3/4 3683/3/4 3689/3/4
f 3688/4/4 3680/4/4 3689/4/4
f 3683/3/4 3685/3/4 3689/3/4
f 3685/3/4 3686/3/4 3689/3/4
f 3689/3/4 3686/3/4 3690/3/4
f 3687/6/4 3688/6/4 3691/6/4
f 3688/6/4 3689/6/4 3691/6/4
f 3689/6/4 3690/6/4 3691/6/4
f 3691/6/4 3690/6/4 3692/6/4
f 3695/6/5 3694/6/5 3693/6/5
f 3697/6/5 3696/6/5 3695/6/5
f 3699/6/5 3695/6/5 3693/6/5
f 3699/6/5 3698/6/5 3697/6/5
f 3699/6/5 3697/6/5 3695/6/5
f 3700/6/5 3698/6/5 3699/6/5
f 3705/6/5 3702/6/5 3701/6/5
f 3706/6/5 3702/6/5 3705/6/5
f 3707/3/5 3703/3/5 3702/3/5
f 3707/6/5 3702/6/5 3706/6/5
f 3708/8/5 3704/8/5 3703/8/5
f 3708/3/5 3703/3/5 3707/3/5
f 3709/8/5 3704/8/5 3708/8/5
f 3714/6/5 3711/6/5 3710/6/5
f 3715/3/5 3712/3/5 3711/3/5
f 3715/6/5 3711/6/5 3714/6/5
f 3716/6/5 3713/6/5 3712/6/5
f 3716/3/5 3712/3/5 3715/3/5
f 3717/6/5 3713/6/5 3716/6/5
f 3724/6/5 3719/6/5 3718/6/5
f 3725/6/5 3719/6/5 3724/6/5
f 3726/3/5 3720/3/5 3719/3/5
f 3726/6/5 3719/6/5 3725/6/5
f 3727/3/5 3720/3/5 3726/3/5
f 3728/4/5 3721/4/5 3720/4/5
f 3728/3/5 3720/3/5 3727/3/5
f 3729/5/5 3722/5/5 3721/5/5
f 3729/4/5 3721/4/5 3728/4/5
f 3730/8/5 3723/8/5 3722/8/5
f 3730/5/5 3722/5/5 3729/5/5
f 3731/8/5 3723/8/5 3730/8/5
f 3738/6/5 3733/6/5 3732/6/5
f 3739/4/5 3734/4/5 3733/4/5
f 3739/6/5 3733/6/5 3738/6/5
f 3740/3/5 3735/3/5 3734/3/5
f 3740/4/5 3734/4/5 3739/4/5
f 3740/3/5 3736/3/5 3735/3/5
f 3741/6/5 3737/6/5 3736/6/5
f 3741/3/5 3736/3/5 3740/3/5
f 3742/6/5 3737/6/5 3741/6/5
f 3753/6/5 3744/6/5 3743/6/5
f 3754/3/5 3745/3/5 3744/3/5
f 3754/6/5 3744/6/5 3753/6/5
f 3755/3/5 3745/3/5 3754/3/5
f 3756/4/5 3746/4/5 3745/4/5
f 3756/3/5 3745/3/5 3755/3/5
f 3757/3/5 3747/3/5 3746/3/5
f 3757/4/5 3746/4/5 3756/4/5
f 3758/3/5 3747/3/5 3757/3/5
f 3759/4/5 3748/4/5 3747/4/5
f 3759/3/5 3747/3/5 3758/3/5
f 3760/3/5 3749/3/5 3748/3/5
f 3760/4/5 3748/4/5 3759/4/5
f 3761/4/5 3750/4/5 3749/4/5
f 3761/3/5 3749/3/5 3760/3/5
f 3762/3/5 3751/3/5 3750/3/5
f 3762/4/5 3750/4/5 3761/4/5
f 3763/3/5 3751/3/5 3762/3/5
f 3764/8/5 3752/8/5 3751/8/5
f 3764/3/5 3751/3/5 3763/3/5
f 3765/8/5 3752/8/5 3764/8/5
f 3772/6/5 3767/6/5 3766/6/5
f 3773/4/5 3769/4/5 3768/4/5
f 3773/6/5 3767/6/5 3772/6/5
f 3773/4/5 3768/4/5 3767/4/5
f 3774/3/5 3770/3/5 3769/3/5
f 3774/4/5 3769/4/5 3773/4/5
f 3775/6/5 3771/6/5 3770/6/5
f 3775/3/5 3770/3/5 3774/3/5
f 3776/6/5 3771/6/5 3775/6/5
f 3789/4/5 3778/4/5 3777/4/5
f 3790/4/5 3778/4/5 3789/4/5
f 3791/3/5 3779/3/5 3778/3/5
f 3791/4/5 3778/4/5 3790/4/5
f 3792/3/5 3779/3/5 3791/3/5
f 3793/3/5 3781/3/5 3780/3/5
f 3794/4/5 3782/4/5 3781/4/5
f 3794/3/5 3781/3/5 3793/3/5
f 3795/3/5 3783/3/5 3782/3/5
f 3795/4/5 3782/4/5 3794/4/5
f 3796/3/5 3783/3/5 3795/3/5
f 3797/3/5 3785/3/5 3784/3/5
f 3798/4/5 3786/4/5 3785/4/5
f 3798/3/5 3785/3/5 3797/3/5
f 3799/5/5 3787/5/5 3786/5/5
f 3799/4/5 3786/4/5 3798/4/5
f 3800/8/5 3788/8/5 3787/8/5
f 3800/5/5 3787/5/5 3799/5/5
f 3801/8/5 3788/8/5 3800/8/5
f 3811/4/5 3803/4/5 3802/4/5
f 3812/4/5 3803/4/5 3811/4/5
f 3813/12/5 3805/12/5 3804/12/5
f 3814/12/5 3805/12/5 3813/12/5
f 3815/12/5 3807/12/5 3806/12/5
f 3816/12/5 3807/12/5 3815/12/5
f 3817/4/5 3809/4/5 3808/4/5
f 3818/5/5 3810/5/5 3809/5/5
f 3818/4/5 3809/4/5 3817/4/5
f 3819/5/5 3810/5/5 3818/5/5
f 3827/6/5 3821/6/5 3820/6/5
f 3828/4/5 3822/4/5 3821/4/5
f 3828/6/5 3821/6/5 3827/6/5
f 3828/4/5 3823/4/5 3822/4/5
f 3829/3/5 3825/3/5 3824/3/5
f 3829/4/5 3823/4/5 3828/4/5
f 3829/3/5 3824/3/5 3823/3/5
f 3830/6/5 3826/6/5 3825/6/5
f 3830/3/5 3825/3/5 3829/3/5
f 3831/6/5 3826/6/5 3830/6/5
f 3836/6/5 3833/6/5 3832/6/5
f 3837/4/5 3834/4/5 3833/4/5
f 3837/6/5 3833/6/5 3836/6/5
f 3838/4/5 3834/4/5 3837/4/5
f 3839/5/5 3835/5/5 3834/5/5
f 3839/4/5 3834/4/5 3838/4/5
f 3840/5/5 3835/5/5 3839/5/5
f 3847/3/5 3842/3/5 3841/3/5
f 3848/3/5 3842/3/5 3847/3/5
f 3849/3/5 3844/3/5 3843/3/5
f 3850/3/5 3844/3/5 3849/3/5
f 3851/3/5 3846/3/5 3845/3/5
f 3853/3/5 3851/3/5 3845/3/5
f 3853/3/5 3852/3/5 3851/3/5
f 3854/3/5 3852/3/5 3853/3/5
f 3861/3/5 3856/3/5 3855/3/5
f 3862/3/5 3856/3/5 3861/3/5
f 3865/3/5 3858/3/5 3857/3/5
f 3866/3/5 3858/3/5 3865/3/5
f 3867/8/5 3860/8/5 3859/8/5
f 3868/8/5 3860/8/5 3867/8/5
f 3869/11/5 3863/11/5 3862/11/5
f 3869/11/5 3862/11/5 3861/11/5
f 3870/11/5 3863/11/5 3869/11/5
f 3871/11/5 3866/11/5 3865/11/5
f 3871/11/5 3865/11/5 3864/11/5
f 3872/11/5 3866/11/5 3871/11/5
f 3874/6/5 3868/6/5 3867/6/5
f 3875/6/5 3868/6/5 3874/6/5
f 3876/4/5 3874/4/5 3873/4/5
f 3877/4/5 3874/4/5 3876/4/5
f 3882/3/5 3879/3/5 3878/3/5
f 3883/3/5 3879/3/5 3882/3/5
f 3884/3/5 3881/3/5 3880/3/5
f 3885/3/5 3881/3/5 3884/3/5
f 3889/8/5 3887/8/5 3886/8/5
f 3890/3/5 3888/3/5 3887/3/5
f 3890/8/5 3887/8/5 3889/8/5
f 3891/3/5 3888/3/5 3890/3/5
f 3894/8/5 3893/8/5 3892/8/5
f 3895/8/5 3893/8/5 3894/8/5
f 3897/8/5 3893/8/5 3895/8/5
f 3898/8/5 3897/8/5 3896/8/5
f 3899/8/5 3893/8/5 3897/8/5
f 3899/8/5 3897/8/5 3898/8/5
f 3905/8/5 3901/8/5 3900/8/5
f 3906/3/5 3902/3/5 3901/3/5
f 3906/8/5 3901/8/5 3905/8/5
f 3907/3/5 3902/3/5 3906/3/5
f 3909/8/5 3904/8/5 3903/8/5
f 3912/5/5 3909/5/5 3908/5/5
f 3913/8/5 3904/8/5 3909/8/5
f 3913/5/5 3909/5/5 3912/5/5
f 3914/8/5 3904/8/5 3913/8/5
f 3919/8/5 3911/8/5 3910/8/5
f 3920/8/5 3915/8/5 3914/8/5
f 3921/8/5 3915/8/5 3920/8/5
f 3924/8/5 3922/8/5 3921/8/5
f 3926/4/5 3924/4/5 3923/4/5
f 3927/8/5 3922/8/5 3924/8/5
f 3927/4/5 3924/4/5 3926/4/5
f 3928/8/5 3922/8/5 3927/8/5
f 3929/4/5 3926/4/5 3925/4/5
f 3930/4/5 3926/4/5 3929/4/5
f 3933/8/5 3917/8/5 3916/8/5
f 3935/8/5 3933/8/5 3916/8/5
f 3935/8/5 3934/8/5 3933/8/5
f 3936/8/5 3934/8/5 3935/8/5
f 3939/8/5 3935/8/5 3916/8/5
f 3940/8/5 3935/8/5 3939/8/5
f 3941/8/5 3935/8/5 3940/8/5
f 3942/8/5 3919/8/5 3918/8/5
f 3943/8/5 3911/8/5 3919/8/5
f 3943/8/5 3919/8/5 3942/8/5
f 3946/3/5 3932/3/5 3931/3/5
f 3947/3/5 3932/3/5 3946/3/5
f 3949/6/5 3938/6/5 3937/6/5
f 3950/4/5 3940/4/5 3939/4/5
f 3950/6/5 3938/6/5 3949/6/5
f 3950/4/5 3939/4/5 3938/4/5
f 3951/4/5 3940/4/5 3950/4/5
f 3952/4/5 3945/4/5 3944/4/5
f 3953/3/5 3947/3/5 3946/3/5
f 3953/4/5 3945/4/5 3952/4/5
f 3953/3/5 3946/3/5 3945/3/5
f 3954/3/5 3947/3/5 3953/3/5
f 3955/6/5 3948/6/5 3947/6/5
f 3955/3/5 3947/3/5 3954/3/5
f 3956/6/5 3948/6/5 3955/6/5
f 3959/6/5 3958/6/5 3957/6/5
f 3960/6/5 3958/6/5 3959/6/5
f 3970/4/5 3962/4/5 3961/4/5
f 3970/4/5 3963/4/5 3962/4/5
f 3971/4/5 3963/4/5 3970/4/5
f 3974/5/5 3967/5/5 3966/5/5
f 3975/4/5 3969/4/5 3968/4/5
f 3975/5/5 3967/5/5 3974/5/5
f 3975/4/5 3968/4/5 3967/4/5
f 3976/4/5 3969/4/5 3975/4/5
f 3977/4/5 3969/4/5 3976/4/5
f 3978/4/5 3976/4/5 3975/4/5
f 3979/4/5 3976/4/5 3978/4/5
f 3980/8/5 3965/8/5 3964/8/5
f 3984/8/5 3981/8/5 3980/8/5
f 3984/8/5 3980/8/5 3964/8/5
f 3985/8/5 3981/8/5 3984/8/5
f 3986/4/5 3983/4/5 3982/4/5
f 3987/4/5 3983/4/5 3986/4/5
f 3988/8/5 3981/8/5 3985/8/5
f 3989/8/5 3981/8/5 3988/8/5
f 3992/8/5 3973/8/5 3972/8/5
f 3993/8/5 3973/8/5 3992/8/5
f 3994/8/5 3984/8/5 3964/8/5
f 3995/8/5 3984/8/5 3994/8/5
f 3999/6/5 3991/6/5 3990/6/5
f 4000/4/5 3993/4/5 3992/4/5
f 4000/6/5 3991/6/5 3999/6/5
f 4000/4/5 3992/4/5 3991/4/5
f 4001/4/5 3993/4/5 4000/4/5
f 4002/4/5 3996/4/5 3995/4/5
f 4002/4/5 3995/4/5 3994/4/5
f 4003/4/5 3996/4/5 4002/4/5
f 4004/4/5 3996/4/5 4003/4/5
f 4005/6/5 3998/6/5 3997/6/5
f 4006/6/5 3998/6/5 4005/6/5
f 4011/6/5 4008/6/5 4007/6/5
f 4012/6/5 4008/6/5 4011/6/5
f 4016/8/5 4010/8/5 4009/8/5
f 4020/4/5 4014/4/5 4013/4/5
f 4021/8/5 4015/8/5 4014/8/5
f 4021/4/5 4014/4/5 4020/4/5
f 4022/3/5 4017/3/5 4016/3/5
f 4023/3/5 4019/3/5 4018/3/5
f 4024/3/5 4019/3/5 4023/3/5
f 4026/8/5 4016/8/5 4009/8/5
f 4027/3/5 4022/3/5 4016/3/5
f 4027/8/5 4016/8/5 4026/8/5
f 4027/3/5 4025/3/5 4024/3/5
f 4027/3/5 4023/3/5 4022/3/5
f 4027/3/5 4024/3/5 4023/3/5
f 4028/3/5 4025/3/5 4027/3/5
f 4029/3/5 4025/3/5 4028/3/5
f 4030/3/5 4025/3/5 4029/3/5
f 4031/3/5 4025/3/5 4030/3/5
f 4034/6/5 4033/6/5 4032/6/5
f 4035/6/5 4033/6/5 4034/6/5
f 4042/8/5 4015/8/5 4021/8/5
f 4043/8/5 4015/8/5 4042/8/5
f 4044/8/5 4037/8/5 4036/8/5
f 4045/3/5 4040/3/5 4039/3/5
f 4045/3/5 4039/3/5 4038/3/5
f 4047/6/5 4042/6/5 4041/6/5
f 4048/4/5 4043/4/5 4042/4/5
f 4048/6/5 4042/6/5 4047/6/5
f 4049/6/5 4047/6/5 4046/6/5
f 4050/4/5 4048/4/5 4047/4/5
f 4050/6/5 4047/6/5 4049/6/5
f 4051/4/5 4048/4/5 4050/4/5
f 4052/4/5 4043/4/5 4048/4/5
f 4052/4/5 4048/4/5 4051/4/5
f 4053/8/5 4044/8/5 4036/8/5
f 4053/8/5 4045/8/5 4044/8/5
f 4054/3/5 4040/3/5 4045/3/5
f 4054/8/5 4045/8/5 4053/8/5
f 4055/3/5 4040/3/5 4054/3/5
f 4060/6/5 4057/6/5 4056/6/5
f 4061/3/5 4058/3/5 4057/3/5
f 4061/6/5 4057/6/5 4060/6/5
f 4062/5/5 4059/5/5 4058/5/5
f 4062/3/5 4058/3/5 4061/3/5
f 4063/5/5 4059/5/5 4062/5/5
f 4066/8/5 4064/8/5 4063/8/5
f 4067/8/5 4064/8/5 4066/8/5
f 4073/6/5 4066/6/5 4065/6/5
f 4073/6/5 4067/6/5 4066/6/5
f 4074/6/5 4069/6/5 4068/6/5
f 4075/6/5 4071/6/5 4070/6/5
f 4076/6/5 4071/6/5 4075/6/5
f 4077/6/5 4074/6/5 4068/6/5
f 4077/6/5 4075/6/5 4074/6/5
f 4078/6/5 4075/6/5 4077/6/5
f 4081/6/5 4073/6/5 4072/6/5
f 4082/6/5 4067/6/5 4073/6/5
f 4082/6/5 4073/6/5 4081/6/5
f 4083/6/5 4067/6/5 4082/6/5
f 4084/6/5 4080/6/5 4079/6/5
f 4085/6/5 4080/6/5 4084/6/5
f 4088/8/5 4083/8/5 4082/8/5
f 4089/8/5 4083/8/5 4088/8/5
f 4090/6/5 4087/6/5 4086/6/5
f 4091/6/5 4087/6/5 4090/6/5
f 4094/9/5 4093/9/5 4092/9/5
f 4095/9/5 4093/9/5 4094/9/5
f 4101/6/5 4097/6/5 4096/6/5
f 4101/6/5 4098/6/5 4097/6/5
f 4102/6/5 4098/6/5 4101/6/5
f 4105/10/5 4100/10/5 4099/10/5
f 4106/10/5 4100/10/5 4105/10/5
f 4107/6/5 4101/6/5 4096/6/5
f 4108/6/5 4101/6/5 4107/6/5
f 4109/14/5 4104/14/5 4103/14/5
f 4110/14/5 4104/14/5 4109/14/5
f 4114/14/5 4113/14/5 4112/14/5
f 4114/14/5 4112/14/5 4111/14/5
f 4115/14/5 4113/14/5 4114/14/5
f 4120/10/5 4117/10/5 4116/10/5
f 4121/10/5 4117/10/5 4120/10/5
f 4124/6/5 4119/6/5 4118/6/5
f 4125/6/5 4119/6/5 4124/6/5
f 4126/6/5 4119/6/5 4125/6/5
f 4127/6/5 4119/6/5 4126/6/5
f 4132/9/5 4123/9/5 4122/9/5
f 4133/9/5 4123/9/5 4132/9/5
f 4136/9/5 4129/9/5 4128/9/5
f 4137/9/5 4129/9/5 4136/9/5
f 4138/14/5 4131/14/5 4130/14/5
f 4139/14/5 4131/14/5 4138/14/5
f 4140/10/5 4135/10/5 4134/10/5
f 4141/10/5 4135/10/5 4140/10/5
f 4144/10/5 4143/10/5 4142/10/5
f 4145/10/5 4143/10/5 4144/10/5
f 4148/9/5 4147/9/5 4146/9/5
f 4149/9/5 4147/9/5 4148/9/5
f 4152/14/5 4151/14/5 4150/14/5
f 4153/14/5 4151/14/5 4152/14/5
f 4162/9/5 4155/9/5 4154/9/5
f 4163/9/5 4155/9/5 4162/9/5
f 4164/9/5 4157/9/5 4156/9/5
f 4165/9/5 4157/9/5 4164/9/5
f 4166/2/5 4159/2/5 4158/2/5
f 4167/2/5 4159/2/5 4166/2/5
f 4168/14/5 4161/14/5 4160/14/5
f 4169/14/5 4161/14/5 4168/14/5
f 4174/14/5 4171/14/5 4170/14/5
f 4175/14/5 4171/14/5 4174/14/5
f 4176/9/5 4173/9/5 4172/9/5
f 4177/9/5 4173/9/5 4176/9/5
f 4182/14/5 4179/14/5 4178/14/5
f 4183/14/5 4179/14/5 4182/14/5
f 4184/9/5 4181/9/5 4180/9/5
f 4185/9/5 4181/9/5 4184/9/5
f 4192/9/5 4187/9/5 4186/9/5
f 4193/9/5 4187/9/5 4192/9/5
f 4194/10/5 4189/10/5 4188/10/5
f 4195/10/5 4189/10/5 4194/10/5
f 4196/14/5 4191/14/5 4190/14/5
f 4197/14/5 4191/14/5 4196/14/5
f 4200/10/5 4199/10/5 4198/10/5
f 4201/10/5 4199/10/5 4200/10/5
f 4204/10/5 4203/10/5 4202/10/5
f 4205/10/5 4203/10/5 4204/10/5
f 4212/14/5 4207/14/5 4206/14/5
f 4213/14/5 4207/14/5 4212/14/5
f 4215/10/5 4209/10/5 4208/10/5
f 4216/10/5 4209/10/5 4215/10/5
f 4217/10/5 4211/10/5 4210/10/5
f 4218/10/5 4211/10/5 4217/10/5
f 4220/9/5 4215/9/5 4214/9/5
f 4221/9/5 4215/9/5 4220/9/5
f 4226/14/5 4220/14/5 4219/14/5
f 4227/14/5 4220/14/5 4226/14/5
f 4228/14/5 4223/14/5 4222/14/5
f 4229/14/5 4223/14/5 4228/14/5
f 4230/1/5 4225/1/5 4224/1/5
f 4231/1/5 4225/1/5 4230/1/5
f 4240/10/5 4233/10/5 4232/10/5
f 4241/10/5 4233/10/5 4240/10/5
f 4242/10/5 4235/10/5 4234/10/5
f 4243/10/5 4235/10/5 4242/10/5
f 4244/14/5 4237/14/5 4236/14/5
f 4245/14/5 4237/14/5 4244/14/5
f 4246/2/5 4239/2/5 4238/2/5
f 4247/2/5 4239/2/5 4246/2/5
f 4252/9/5 4249/9/5 4248/9/5
f 4253/9/5 4249/9/5 4252/9/5
f 4256/14/5 4251/14/5 4250/14/5
f 4257/14/5 4251/14/5 4256/14/5
f 4258/14/5 4255/14/5 4254/14/5
f 4259/14/5 4255/14/5 4258/14/5
f 4262/10/5 4261/10/5 4260/10/5
f 4263/10/5 4261/10/5 4262/10/5
f 4266/10/5 4265/10/5 4264/10/5
f 4267/10/5 4265/10/5 4266/10/5
f 4270/14/5 4269/14/5 4268/14/5
f 4271/14/5 4269/14/5 4270/14/5
f 4278/10/5 4273/10/5 4272/10/5
f 4279/10/5 4273/10/5 4278/10/5
f 4282/9/5 4275/9/5 4274/9/5
f 4283/9/5 4275/9/5 4282/9/5
f 4284/9/5 4277/9/5 4276/9/5
f 4285/9/5 4277/9/5 4284/9/5
f 4286/1/5 4279/1/5 4278/1/5
f 4287/1/5 4279/1/5 4286/1/5
f 4289/14/5 4281/14/5 4280/14/5
f 4290/14/5 4281/14/5 4289/14/5
f 4291/14/5 4288/14/5 4287/14/5
f 4292/14/5 4288/14/5 4291/14/5
f 4299/10/5 4294/10/5 4293/10/5
f 4300/10/5 4294/10/5 4299/10/5
f 4301/10/5 4296/10/5 4295/10/5
f 4302/10/5 4296/10/5 4301/10/5
f 4303/9/5 4298/9/5 4297/9/5
f 4304/9/5 4298/9/5 4303/9/5
f 4307/14/5 4306/14/5 4305/14/5
f 4308/14/5 4306/14/5 4307/14/5
f 4311/14/5 4310/14/5 4309/14/5
f 4312/14/5 4310/14/5 4311/14/5
f 4317/2/5 4314/2/5 4313/2/5
f 4318/2/5 4314/2/5 4317/2/5
f 4323/9/5 4316/9/5 4315/9/5
f 4324/9/5 4316/9/5 4323/9/5
f 4325/9/5 4320/9/5 4319/9/5
f 4326/9/5 4320/9/5 4325/9/5
f 4327/14/5 4322/14/5 4321/14/5
f 4328/14/5 4322/14/5 4327/14/5
f 4331/14/5 4330/14/5 4329/14/5
f 4332/14/5 4330/14/5 4331/14/5
f 4335/10/5 4334/10/5 4333/10/5
f 4336/10/5 4334/10/5 4335/10/5
f 4339/14/5 4338/14/5 4337/14/5
f 4340/14/5 4338/14/5 4339/14/5
f 4343/14/5 4342/14/5 4341/14/5
f 4344/14/5 4342/14/5 4343/14/5
f 4349/2/5 4346/2/5 4345/2/5
f 4350/2/5 4346/2/5 4349/2/5
f 4351/1/5 4348/1/5 4347/1/5
f 4352/1/5 4348/1/5 4351/1/5
f 4357/2/5 4354/2/5 4353/2/5
f 4358/2/5 4354/2/5 4357/2/5
f 4360/1/5 4356/1/5 4355/1/5
f 4361/1/5 4356/1/5 4360/1/5
f 4362/9/5 4359/9/5 4358/9/5
f 4363/9/5 4359/9/5 4362/9/5
f 4368/2/5 4365/2/5 4364/2/5
f 4369/2/5 4365/2/5 4368/2/5
f 4370/1/5 4367/1/5 4366/1/5
f 4371/1/5 4367/1/5 4370/1/5
f 4376/1/5 4373/1/5 4372/1/5
f 4377/1/5 4373/1/5 4376/1/5
f 4378/2/5 4375/2/5 4374/2/5
f 4379/2/5 4375/2/5 4378/2/5
f 4382/1/5 4381/1/5 4380/1/5
f 4383/1/5 4381/1/5 4382/1/5
f 4386/2/5 4385/2/5 4384/2/5
f 4387/2/5 4385/2/5 4386/2/5
f 4390/1/5 4389/1/5 4388/1/5
f 4391/1/5 4389/1/5 4390/1/5
f 4396/1/5 4393/1/5 4392/1/5
f 4397/1/5 4393/1/5 4396/1/5
f 4398/1/5 4395/1/5 4394/1/5
f 4399/1/5 4395/1/5 4398/1/5
f 4402/1/5 4401/1/5 4400/1/5
f 4403/1/5 4401/1/5 4402/1/5
f 4406/2/5 4405/2/5 4404/2/5
f 4407/2/5 4405/2/5 4406/2/5
f 4410/2/5 4409/2/5 4408/2/5
f 4411/2/5 4409/2/5 4410/2/5
f 4412/6/6 4413/6/6 4416/6/6
f 4414/3/6 4415/3/6 4416/3/6
f 4413/6/6 4414/6/6 4416/6/6
f 4416/3/6 4415/3/6 4417/3/6
f 4416/6/6 4417/6/6 4419/6/6
f 4417/3/6 4418/3/6 4419/3/6
f 4419/3/6 4418/3/6 4420/3/6
f 4419/6/6 4420/6/6 4423/6/6
f 4420/3/6 4421/3/6 4423/3/6
f 4421/6/6 4422/6/6 4424/6/6
f 4423/3/6 4421/3/6 4424/3/6
f 4412/6/6 4416/6/6 4425/6/6
f 4416/6/6 4419/6/6 4425/6/6
f 4423/6/6 4424/6/6 4425/6/6
f 4419/6/6 4423/6/6 4425/6/6
f 4425/6/6 4424/6/6 4426/6/6
f 4424/6/6 4422/6/6 4427/6/6
f 4426/6/6 4424/6/6 4427/6/6
f 4428/3/6 4429/3/6 4438/3/6
f 4438/3/6 4429/3/6 4439/3/6
f 4430/3/6 4431/3/6 4440/3/6
f 4431/4/6 4432/4/6 4441/4/6
f 4440/3/6 4431/3/6 4441/3/6
f 4441/4/6 4432/4/6 4442/4/6
f 4433/4/6 4434/4/6 4443/4/6
f 4443/4/6 4434/4/6 4444/4/6
f 4435/4/6 4436/4/6 4445/4/6
f 4436/5/6 4437/5/6 4446/5/6
f 4445/4/6 4436/4/6 4446/4/6
f 4446/5/6 4437/5/6 4447/5/6
f 4448/3/6 4449/3/6 4452/3/6
f 4447/3/6 4448/3/6 4452/3/6
f 4452/3/6 4449/3/6 4453/3/6
f 4450/6/6 4451/6/6 4454/6/6
f 4453/3/6 4449/3/6 4456/3/6
f 4454/6/6 4455/6/6 4457/6/6
f 4450/6/6 4454/6/6 4457/6/6
f 4455/3/6 4456/3/6 4458/3/6
f 4457/6/6 4455/6/6 4458/6/6
f 4456/3/6 4449/3/6 4459/3/6
f 4458/3/6 4456/3/6 4459/3/6
f 4459/3/6 4460/3/6 4461/3/6
f 4461/3/6 4460/3/6 4462/3/6
f 4462/3/6 4463/3/6 4464/3/6
f 4464/3/6 4463/3/6 4465/3/6
f 4467/3/6 4468/3/6 4469/3/6
f 4469/3/6 4468/3/6 4470/3/6
f 4466/6/6 4467/6/6 4471/6/6
f 4467/3/6 4469/3/6 4471/3/6
f 4471/3/6 4469/3/6 4472/3/6
f 4472/3/6 4469/3/6 4473/3/6
f 4466/6/6 4471/6/6 4476/6/6
f 4471/4/6 4472/4/6 4477/4/6
f 4476/6/6 4471/6/6 4477/6/6
f 4477/4/6 4472/4/6 4478/4/6
f 4478/4/6 4472/4/6 4479/4/6
f 4474/6/6 4475/6/6 4480/6/6
f 4480/6/6 4475/6/6 4481/6/6
f 4482/3/6 4483/3/6 4484/3/6
f 4484/3/6 4483/3/6 4485/3/6
f 4486/6/6 4487/6/6 4491/6/6
f 4487/6/6 4488/6/6 4491/6/6
f 4489/3/6 4490/3/6 4492/3/6
f 4491/6/6 4488/6/6 4492/6/6
f 4488/3/6 4489/3/6 4492/3/6
f 4492/3/6 4490/3/6 4493/3/6
f 4494/6/6 4495/6/6 4497/6/6
f 4496/3/6 4497/3/6 4499/3/6
f 4499/3/6 4497/3/6 4500/3/6
f 4500/3/6 4497/3/6 4501/3/6
f 4497/6/6 4495/6/6 4502/6/6
f 4501/3/6 4497/3/6 4502/3/6
f 4502/6/6 4495/6/6 4503/6/6
f 4498/4/6 4499/4/6 4506/4/6
f 4499/4/6 4500/4/6 4506/4/6
f 4506/4/6 4500/4/6 4507/4/6
f 4507/4/6 4500/4/6 4508/4/6
f 4502/4/6 4503/4/6 4509/4/6
f 4501/4/6 4502/4/6 4509/4/6
f 4509/4/6 4503/4/6 4510/4/6
f 4510/4/6 4503/4/6 4511/4/6
f 4504/6/6 4505/6/6 4513/6/6
f 4505/4/6 4506/4/6 4514/4/6
f 4513/6/6 4505/6/6 4514/6/6
f 4506/4/6 4507/4/6 4514/4/6
f 4514/4/6 4507/4/6 4515/4/6
f 4515/4/6 4507/4/6 4516/4/6
f 4511/6/6 4512/6/6 4517/6/6
f 4517/6/6 4512/6/6 4518/6/6
f 4519/6/6 4520/6/6 4525/6/6
f 4525/6/6 4520/6/6 4526/6/6
f 4521/12/6 4522/12/6 4528/12/6
f 4528/12/6 4522/12/6 4529/12/6
f 4529/12/6 4522/12/6 4530/12/6
f 4523/12/6 4524/12/6 4531/12/6
f 4531/12/6 4524/12/6 4532/12/6
f 4532/12/6 4524/12/6 4533/12/6
f 4526/3/6 4527/3/6 4535/3/6
f 4535/3/6 4527/3/6 4536/3/6
f 4533/5/6 4534/5/6 4537/5/6
f 4537/5/6 4534/5/6 4538/5/6
f 4539/4/6 4540/4/6 4541/4/6
f 4541/4/6 4540/4/6 4542/4/6
f 4542/4/6 4540/4/6 4543/4/6
f 4543/4/6 4540/4/6 4544/4/6
f 4545/3/6 4546/3/6 4547/3/6
f 4547/3/6 4546/3/6 4548/3/6
f 4549/3/6 4550/3/6 4553/3/6
f 4553/3/6 4550/3/6 4554/3/6
f 4551/3/6 4552/3/6 4555/3/6
f 4555/3/6 4552/3/6 4556/3/6
f 4557/4/6 4558/4/6 4561/4/6
f 4561/4/6 4558/4/6 4562/4/6
f 4559/3/6 4560/3/6 4563/3/6
f 4563/3/6 4560/3/6 4564/3/6
f 4565/4/6 4566/4/6 4569/4/6
f 4569/4/6 4566/4/6 4570/4/6
f 4567/4/6 4568/4/6 4571/4/6
f 4571/4/6 4568/4/6 4572/4/6
f 4573/11/6 4574/11/6 4575/11/6
f 4575/11/6 4574/11/6 4576/11/6
f 4577/3/6 4578/3/6 4579/3/6
f 4579/3/6 4578/3/6 4580/3/6
f 4581/4/6 4582/4/6 4585/4/6
f 4585/4/6 4582/4/6 4586/4/6
f 4583/3/6 4584/3/6 4587/3/6
f 4587/3/6 4584/3/6 4588/3/6
f 4589/11/6 4590/11/6 4593/11/6
f 4590/4/6 4591/4/6 4594/4/6
f 4593/11/6 4590/11/6 4594/11/6
f 4591/11/6 4592/11/6 4595/11/6
f 4594/4/6 4591/4/6 4595/4/6
f 4595/11/6 4592/11/6 4596/11/6
f 4597/4/6 4598/4/6 4601/4/6
f 4601/4/6 4598/4/6 4602/4/6
f 4599/3/6 4600/3/6 4603/3/6
f 4603/3/6 4600/3/6 4604/3/6
f 4605/4/6 4606/4/6 4609/4/6
f 4609/4/6 4606/4/6 4610/4/6
f 4607/4/6 4608/4/6 4611/4/6
f 4611/4/6 4608/4/6 4612/4/6
f 4613/6/6 4614/6/6 4622/6/6
f 4614/3/6 4615/3/6 4623/3/6
f 4622/6/6 4614/6/6 4623/6/6
f 4623/3/6 4615/3/6 4624/3/6
f 4615/4/6 4616/4/6 4625/4/6
f 4624/3/6 4615/3/6 4625/3/6
f 4625/4/6 4616/4/6 4626/4/6
f 4626/4/6 4616/4/6 4627/4/6
f 4627/4/6 4616/4/6 4628/4/6
f 4616/3/6 4617/3/6 4629/3/6
f 4628/4/6 4616/4/6 4629/4/6
f 4617/4/6 4618/4/6 4630/4/6
f 4629/3/6 4617/3/6 4630/3/6
f 4630/4/6 4618/4/6 4631/4/6
f 4631/4/6 4618/4/6 4632/4/6
f 4618/3/6 4619/3/6 4633/3/6
f 4632/4/6 4618/4/6 4633/4/6
f 4633/3/6 4619/3/6 4634/3/6
f 4634/3/6 4619/3/6 4635/3/6
f 4619/4/6 4620/4/6 4636/4/6
f 4635/3/6 4619/3/6 4636/3/6
f 4620/8/6 4621/8/6 4637/8/6
f 4636/4/6 4620/4/6 4637/4/6
f 4637/8/6 4621/8/6 4638/8/6
f 4639/3/6 4640/3/6 4641/3/6
f 4641/3/6 4640/3/6 4642/3/6
f 4643/3/6 4644/3/6 4645/3/6
f 4645/3/6 4644/3/6 4646/3/6
f 4647/6/6 4648/6/6 4656/6/6
f 4649/4/6 4650/4/6 4657/4/6
f 4656/6/6 4648/6/6 4657/6/6
f 4648/4/6 4649/4/6 4657/4/6
f 4650/4/6 4651/4/6 4657/4/6
f 4651/4/6 4652/4/6 4657/4/6
f 4653/3/6 4654/3/6 4658/3/6
f 4657/4/6 4652/4/6 4658/4/6
f 4652/3/6 4653/3/6 4658/3/6
f 4654/6/6 4655/6/6 4659/6/6
f 4658/3/6 4654/3/6 4659/3/6
f 4659/6/6 4655/6/6 4660/6/6
f 4661/6/6 4662/6/6 4675/6/6
f 4662/3/6 4663/3/6 4676/3/6
f 4675/6/6 4662/6/6 4676/6/6
f 4676/3/6 4663/3/6 4677/3/6
f 4663/4/6 4664/4/6 4678/4/6
f 4677/3/6 4663/3/6 4678/3/6
f 4664/3/6 4665/3/6 4679/3/6
f 4678/4/6 4664/4/6 4679/4/6
f 4665/5/6 4666/5/6 4680/5/6
f 4679/3/6 4665/3/6 4680/3/6
f 4666/4/6 4667/4/6 4681/4/6
f 4680/5/6 4666/5/6 4681/5/6
f 4681/4/6 4667/4/6 4682/4/6
f 4667/8/6 4668/8/6 4683/8/6
f 4682/4/6 4667/4/6 4683/4/6
f 4668/3/6 4669/3/6 4684/3/6
f 4683/8/6 4668/8/6 4684/8/6
f 4669/4/6 4670/4/6 4685/4/6
f 4684/3/6 4669/3/6 4685/3/6
f 4670/5/6 4671/5/6 4686/5/6
f 4685/4/6 4670/4/6 4686/4/6
f 4671/4/6 4672/4/6 4687/4/6
f 4686/5/6 4671/5/6 4687/5/6
f 4672/5/6 4673/5/6 4688/5/6
f 4687/4/6 4672/4/6 4688/4/6
f 4673/8/6 4674/8/6 4689/8/6
f 4688/5/6 4673/5/6 4689/5/6
f 4689/8/6 4674/8/6 4690/8/6
f 4682/8/6 4683/8/6 4691/8/6
f 4683/9/6 4684/9/6 4692/9/6
f 4691/8/6 4683/8/6 4692/8/6
f 4692/9/6 4684/9/6 4693/9/6
f 4694/4/6 4695/4/6 4697/4/6
f 4697/4/6 4695/4/6 4698/4/6
f 4696/4/6 4697/4/6 4699/4/6
f 4699/4/6 4697/4/6 4700/4/6
f 4701/6/6 4702/6/6 4712/6/6
f 4702/4/6 4703/4/6 4713/4/6
f 4712/6/6 4702/6/6 4713/6/6
f 4703/4/6 4704/4/6 4713/4/6
f 4704/4/6 4705/4/6 4713/4/6
f 4705/8/6 4706/8/6 4714/8/6
f 4713/4/6 4705/4/6 4714/4/6
f 4707/4/6 4708/4/6 4715/4/6
f 4714/8/6 4706/8/6 4715/8/6
f 4706/4/6 4707/4/6 4715/4/6
f 4709/3/6 4710/3/6 4716/3/6
f 4715/4/6 4708/4/6 4716/4/6
f 4708/3/6 4709/3/6 4716/3/6
f 4710/6/6 4711/6/6 4717/6/6
f 4716/3/6 4710/3/6 4717/3/6
f 4717/6/6 4711/6/6 4718/6/6
f 4719/6/6 4720/6/6 4729/6/6
f 4720/3/6 4721/3/6 4730/3/6
f 4729/6/6 4720/6/6 4730/6/6
f 4721/4/6 4722/4/6 4731/4/6
f 4730/3/6 4721/3/6 4731/3/6
f 4731/4/6 4722/4/6 4732/4/6
f 4732/4/6 4722/4/6 4733/4/6
f 4722/8/6 4723/8/6 4734/8/6
f 4733/4/6 4722/4/6 4734/4/6
f 4734/8/6 4723/8/6 4735/8/6
f 4724/8/6 4725/8/6 4737/8/6
f 4725/3/6 4726/3/6 4738/3/6
f 4737/8/6 4725/8/6 4738/8/6
f 4726/5/6 4727/5/6 4739/5/6
f 4738/3/6 4726/3/6 4739/3/6
f 4727/4/6 4728/4/6 4740/4/6
f 4739/5/6 4727/5/6 4740/5/6
f 4740/4/6 4728/4/6 4741/4/6
f 4736/9/6 4737/9/6 4742/9/6
f 4742/9/6 4737/9/6 4743/9/6
f 4743/9/6 4737/9/6 4744/9/6
f 4744/9/6 4737/9/6 4745/9/6
f 4746/4/6 4747/4/6 4748/4/6
f 4748/4/6 4747/4/6 4749/4/6
f 4750/9/6 4751/9/6 4753/9/6
f 4753/9/6 4751/9/6 4754/9/6
f 4755/9/6 4756/9/6 4757/9/6
f 4757/9/6 4756/9/6 4758/9/6
f 4752/9/6 4753/9/6 4760/9/6
f 4760/9/6 4753/9/6 4761/9/6
f 4758/9/6 4759/9/6 4765/9/6
f 4765/9/6 4759/9/6 4766/9/6
f 4761/9/6 4762/9/6 4769/9/6
f 4769/9/6 4762/9/6 4770/9/6
f 4763/9/6 4764/9/6 4771/9/6
f 4771/9/6 4764/9/6 4772/9/6
f 4767/9/6 4768/9/6 4773/9/6
f 4773/9/6 4768/9/6 4774/9/6
f 4775/9/6 4776/9/6 4784/9/6
f 4784/9/6 4776/9/6 4785/9/6
f 4777/9/6 4778/9/6 4786/9/6
f 4786/9/6 4778/9/6 4787/9/6
f 4779/6/6 4780/6/6 4793/6/6
f 4780/4/6 4781/4/6 4794/4/6
f 4793/6/6 4780/6/6 4794/6/6
f 4781/4/6 4782/4/6 4794/4/6
f 4782/8/6 4783/8/6 4795/8/6
f 4794/4/6 4782/4/6 4795/4/6
f 4786/9/6 4787/9/6 4796/9/6
f 4795/8/6 4783/8/6 4796/8/6
f 4784/9/6 4785/9/6 4796/9/6
f 4783/9/6 4784/9/6 4796/9/6
f 4785/9/6 4786/9/6 4796/9/6
f 4787/8/6 4788/8/6 4797/8/6
f 4796/9/6 4787/9/6 4797/9/6
f 4789/4/6 4790/4/6 4798/4/6
f 4797/8/6 4788/8/6 4798/8/6
f 4788/4/6 4789/4/6 4798/4/6
f 4790/3/6 4791/3/6 4799/3/6
f 4798/4/6 4790/4/6 4799/4/6
f 4791/6/6 4792/6/6 4800/6/6
f 4799/3/6 4791/3/6 4800/3/6
f 4800/6/6 4792/6/6 4801/6/6
f 4802/6/6 4803/6/6 4813/6/6
f 4803/3/6 4804/3/6 4814/3/6
f 4813/6/6 4803/6/6 4814/6/6
f 4814/3/6 4804/3/6 4815/3/6
f 4815/3/6 4804/3/6 4816/3/6
f 4804/4/6 4805/4/6 4817/4/6
f 4816/3/6 4804/3/6 4817/3/6
f 4817/4/6 4805/4/6 4818/4/6
f 4805/8/6 4806/8/6 4819/8/6
f 4818/4/6 4805/4/6 4819/4/6
f 4806/9/6 4807/9/6 4820/9/6
f 4819/8/6 4806/8/6 4820/8/6
f 4820/9/6 4807/9/6 4821/9/6
f 4821/9/6 4807/9/6 4822/9/6
f 4822/9/6 4807/9/6 4823/9/6
f 4808/9/6 4809/9/6 4826/9/6
f 4826/9/6 4809/9/6 4827/9/6
f 4827/9/6 4809/9/6 4828/9/6
f 4819/8/6 4820/8/6 4829/8/6
f 4820/14/6 4821/14/6 4830/14/6
f 4829/8/6 4820/8/6 4830/8/6
f 4830/14/6 4821/14/6 4831/14/6
f 4822/14/6 4823/14/6 4833/14/6
f 4833/14/6 4823/14/6 4834/14/6
f 4824/9/6 4825/9/6 4835/9/6
f 4826/14/6 4827/14/6 4836/14/6
f 4825/14/6 4826/14/6 4836/14/6
f 4835/9/6 4825/9/6 4836/9/6
f 4836/14/6 4827/14/6 4837/14/6
f 4837/14/6 4827/14/6 4838/14/6
f 4810/8/6 4811/8/6 4841/8/6
f 4811/3/6 4812/3/6 4842/3/6
f 4841/8/6 4811/8/6 4842/8/6
f 4832/14/6 4833/14/6 4844/14/6
f 4844/14/6 4833/14/6 4845/14/6
f 4834/10/6 4835/10/6 4846/10/6
f 4846/10/6 4835/10/6 4847/10/6
f 4836/10/6 4837/10/6 4848/10/6
f 4848/10/6 4837/10/6 4849/10/6
f 4838/14/6 4839/14/6 4850/14/6
f 4839/14/6 4840/14/6 4850/14/6
f 4850/14/6 4840/14/6 4851/14/6
f 4851/14/6 4840/14/6 4852/14/6
f 4810/8/6 4841/8/6 4853/8/6
f 4853/8/6 4841/8/6 4854/8/6
f 4842/3/6 4812/3/6 4855/3/6
f 4855/3/6 4812/3/6 4856/3/6
f 4843/14/6 4844/14/6 4858/14/6
f 4858/14/6 4844/14/6 4859/14/6
f 4845/10/6 4846/10/6 4860/10/6
f 4860/10/6 4846/10/6 4861/10/6
f 4848/10/6 4849/10/6 4862/10/6
f 4847/10/6 4848/10/6 4862/10/6
f 4862/10/6 4849/10/6 4863/10/6
f 4849/14/6 4850/14/6 4864/14/6
f 4863/10/6 4849/10/6 4864/10/6
f 4864/14/6 4850/14/6 4865/14/6
f 4851/14/6 4852/14/6 4866/14/6
f 4852/14/6 4853/14/6 4866/14/6
f 4866/14/6 4853/14/6 4867/14/6
f 4867/14/6 4853/14/6 4868/14/6
f 4859/14/6 4860/14/6 4871/14/6
f 4858/10/6 4859/10/6 4871/10/6
f 4857/10/6 4858/10/6 4871/10/6
f 4871/14/6 4860/14/6 4872/14/6
f 4861/14/6 4862/14/6 4873/14/6
f 4862/10/6 4863/10/6 4874/10/6
f 4873/14/6 4862/14/6 4874/14/6
f 4874/10/6 4863/10/6 4875/10/6
f 4864/14/6 4865/14/6 4876/14/6
f 4865/14/6 4866/14/6 4876/14/6
f 4876/14/6 4866/14/6 4877/14/6
f 4877/14/6 4866/14/6 4878/14/6
f 4878/14/6 4866/14/6 4879/14/6
f 4867/14/6 4868/14/6 4880/14/6
f 4869/9/6 4870/9/6 4881/9/6
f 4868/9/6 4869/9/6 4881/9/6
f 4857/10/6 4871/10/6 4883/10/6
f 4883/10/6 4871/10/6 4884/10/6
f 4884/10/6 4871/10/6 4885/10/6
f 4873/14/6 4874/14/6 4886/14/6
f 4872/14/6 4873/14/6 4886/14/6
f 4886/14/6 4874/14/6 4887/14/6
f 4887/14/6 4874/14/6 4888/14/6
f 4875/10/6 4876/10/6 4889/10/6
f 4876/14/6 4877/14/6 4890/14/6
f 4889/10/6 4876/10/6 4890/10/6
f 4890/14/6 4877/14/6 4891/14/6
f 4879/14/6 4880/14/6 4892/14/6
f 4878/14/6 4879/14/6 4892/14/6
f 4892/14/6 4880/14/6 4893/14/6
f 4884/10/6 4885/10/6 4894/10/6
f 4885/14/6 4886/14/6 4895/14/6
f 4894/10/6 4885/10/6 4895/10/6
f 4895/14/6 4886/14/6 4896/14/6
f 4887/14/6 4888/14/6 4897/14/6
f 4888/10/6 4889/10/6 4898/10/6
f 4897/14/6 4888/14/6 4898/14/6
f 4898/10/6 4889/10/6 4899/10/6
f 4891/14/6 4892/14/6 4901/14/6
f 4893/14/6 4880/14/6 4902/14/6
f 4880/14/6 4868/14/6 4903/14/6
f 4902/14/6 4880/14/6 4903/14/6
f 4868/9/6 4881/9/6 4904/9/6
f 4903/14/6 4868/14/6 4904/14/6
f 4881/6/6 4882/6/6 4905/6/6
f 4904/9/6 4881/9/6 4905/9/6
f 4905/6/6 4882/6/6 4906/6/6
f 4894/10/6 4895/10/6 4908/10/6
f 4908/10/6 4895/10/6 4909/10/6
f 4896/14/6 4897/14/6 4910/14/6
f 4910/14/6 4897/14/6 4911/14/6
f 4898/14/6 4899/14/6 4912/14/6
f 4899/10/6 4900/10/6 4913/10/6
f 4891/14/6 4901/14/6 4914/14/6
f 4902/14/6 4903/14/6 4914/14/6
f 4901/14/6 4902/14/6 4914/14/6
f 4914/14/6 4903/14/6 4915/14/6
f 4915/14/6 4903/14/6 4916/14/6
f 4916/14/6 4903/14/6 4917/14/6
f 4904/9/6 4905/9/6 4918/9/6
f 4918/9/6 4905/9/6 4919/9/6
f 4919/9/6 4905/9/6 4920/9/6
f 4907/10/6 4908/10/6 4921/10/6
f 4911/14/6 4912/14/6 4922/14/6
f 4910/14/6 4911/14/6 4922/14/6
f 4909/14/6 4910/14/6 4922/14/6
f 4922/14/6 4912/14/6 4923/14/6
f 4923/14/6 4912/14/6 4924/14/6
f 4912/14/6 4899/14/6 4925/14/6
f 4924/14/6 4912/14/6 4925/14/6
f 4899/10/6 4913/10/6 4926/10/6
f 4925/14/6 4899/14/6 4926/14/6
f 4913/14/6 4914/14/6 4927/14/6
f 4926/10/6 4913/10/6 4927/10/6
f 4927/14/6 4914/14/6 4928/14/6
f 4917/14/6 4918/14/6 4931/14/6
f 4918/9/6 4919/9/6 4932/9/6
f 4931/14/6 4918/14/6 4932/14/6
f 4907/10/6 4921/10/6 4937/10/6
f 4921/10/6 4922/10/6 4937/10/6
f 4937/10/6 4922/10/6 4938/10/6
f 4922/14/6 4923/14/6 4939/14/6
f 4938/10/6 4922/10/6 4939/10/6
f 4939/14/6 4923/14/6 4940/14/6
f 4925/14/6 4926/14/6 4942/14/6
f 4942/14/6 4926/14/6 4943/14/6
f 4927/10/6 4928/10/6 4944/10/6
f 4944/10/6 4928/10/6 4945/10/6
f 4931/10/6 4932/10/6 4946/10/6
f 4930/10/6 4931/10/6 4946/10/6
f 4929/10/6 4930/10/6 4946/10/6
f 4946/10/6 4932/10/6 4947/10/6
f 4947/10/6 4932/10/6 4948/10/6
f 4932/9/6 4919/9/6 4949/9/6
f 4948/10/6 4932/10/6 4949/10/6
f 4949/9/6 4919/9/6 4950/9/6
f 4933/8/6 4934/8/6 4951/8/6
f 4939/10/6 4940/10/6 4957/10/6
f 4938/10/6 4939/10/6 4957/10/6
f 4957/10/6 4940/10/6 4958/10/6
f 4944/10/6 4945/10/6 4959/10/6
f 4943/10/6 4944/10/6 4959/10/6
f 4942/10/6 4943/10/6 4959/10/6
f 4941/10/6 4942/10/6 4959/10/6
f 4945/10/6 4946/10/6 4959/10/6
f 4946/10/6 4947/10/6 4959/10/6
f 4959/10/6 4947/10/6 4960/10/6
f 4960/10/6 4947/10/6 4961/10/6
f 4961/10/6 4947/10/6 4962/10/6
f 4962/10/6 4947/10/6 4963/10/6
f 4948/10/6 4949/10/6 4964/10/6
f 4964/10/6 4949/10/6 4965/10/6
f 4950/8/6 4951/8/6 4966/8/6
f 4952/6/6 4953/6/6 4967/6/6
f 4953/4/6 4954/4/6 4968/4/6
f 4967/6/6 4953/6/6 4968/6/6
f 4968/4/6 4954/4/6 4969/4/6
f 4955/8/6 4956/8/6 4970/8/6
f 4957/9/6 4958/9/6 4971/9/6
f 4970/8/6 4956/8/6 4971/8/6
f 4956/9/6 4957/9/6 4971/9/6
f 4958/9/6 4959/9/6 4971/9/6
f 4971/9/6 4959/9/6 4972/9/6
f 4964/9/6 4965/9/6 4973/9/6
f 4962/9/6 4963/9/6 4973/9/6
f 4963/9/6 4964/9/6 4973/9/6
f 4965/8/6 4966/8/6 4974/8/6
f 4973/9/6 4965/9/6 4974/9/6
f 4934/3/6 4935/3/6 4975/3/6
f 4974/8/6 4966/8/6 4975/8/6
f 4951/8/6 4934/8/6 4975/8/6
f 4966/8/6 4951/8/6 4975/8/6
f 4935/6/6 4936/6/6 4976/6/6
f 4975/3/6 4935/3/6 4976/3/6
f 4976/6/6 4936/6/6 4977/6/6
f 4978/9/6 4979/9/6 4990/9/6
f 4990/9/6 4979/9/6 4991/9/6
f 4980/6/6 4981/6/6 4993/6/6
f 4981/3/6 4982/3/6 4994/3/6
f 4993/6/6 4981/6/6 4994/6/6
f 4982/5/6 4983/5/6 4995/5/6
f 4994/3/6 4982/3/6 4995/3/6
f 4983/4/6 4984/4/6 4996/4/6
f 4995/5/6 4983/5/6 4996/5/6
f 4984/8/6 4985/8/6 4997/8/6
f 4996/4/6 4984/4/6 4997/4/6
f 4997/8/6 4985/8/6 4998/8/6
f 4986/9/6 4987/9/6 4999/9/6
f 4999/9/6 4987/9/6 5000/9/6
f 5000/9/6 4987/9/6 5001/9/6
f 4988/10/6 4989/10/6 5002/10/6
f 5002/10/6 4989/10/6 5003/10/6
f 4998/9/6 4999/9/6 5009/9/6
f 5009/9/6 4999/9/6 5010/9/6
f 5010/9/6 4999/9/6 5011/9/6
f 5003/9/6 5004/9/6 5012/9/6
f 5012/9/6 5004/9/6 5013/9/6
f 5005/14/6 5006/14/6 5014/14/6
f 5014/14/6 5006/14/6 5015/14/6
f 4991/14/6 4992/14/6 5016/14/6
f 5016/14/6 4992/14/6 5017/14/6
f 5007/9/6 5008/9/6 5018/9/6
f 5018/9/6 5008/9/6 5019/9/6
f 5018/9/6 5019/9/6 5026/9/6
f 5026/9/6 5019/9/6 5027/9/6
f 5020/6/6 5021/6/6 5028/6/6
f 5022/6/6 5023/6/6 5029/6/6
f 5024/10/6 5025/10/6 5030/10/6
f 5027/6/6 5028/6/6 5031/6/6
f 5028/6/6 5021/6/6 5032/6/6
f 5031/6/6 5028/6/6 5032/6/6
f 5022/6/6 5029/6/6 5033/6/6
f 5030/10/6 5025/10/6 5034/10/6
f 5034/10/6 5025/10/6 5035/10/6
f 5022/6/6 5033/6/6 5036/6/6
f 5034/10/6 5035/10/6 5037/10/6
f 5037/10/6 5035/10/6 5038/10/6
f 5022/6/6 5036/6/6 5043/6/6
f 5043/6/6 5036/6/6 5044/6/6
f 5037/10/6 5038/10/6 5045/10/6
f 5045/10/6 5038/10/6 5046/10/6
f 5039/10/6 5040/10/6 5047/10/6
f 5047/10/6 5040/10/6 5048/10/6
f 5041/6/6 5042/6/6 5050/6/6
f 5049/9/6 5050/9/6 5055/9/6
f 5050/6/6 5042/6/6 5055/6/6
f 5055/6/6 5042/6/6 5056/6/6
f 5056/6/6 5042/6/6 5057/6/6
f 5051/14/6 5052/14/6 5061/14/6
f 5061/14/6 5052/14/6 5062/14/6
f 5053/14/6 5054/14/6 5066/14/6
f 5066/14/6 5054/14/6 5067/14/6
f 5049/9/6 5055/9/6 5069/9/6
f 5069/9/6 5055/9/6 5070/9/6
f 5058/6/6 5059/6/6 5071/6/6
f 5059/4/6 5060/4/6 5072/4/6
f 5071/6/6 5059/6/6 5072/6/6
f 5060/8/6 5061/8/6 5073/8/6
f 5072/4/6 5060/4/6 5073/4/6
f 5061/9/6 5062/9/6 5074/9/6
f 5073/8/6 5061/8/6 5074/8/6
f 5062/10/6 5063/10/6 5075/10/6
f 5074/9/6 5062/9/6 5075/9/6
f 5075/10/6 5063/10/6 5076/10/6
f 5064/9/6 5065/9/6 5077/9/6
f 5077/9/6 5065/9/6 5078/9/6
f 5068/9/6 5069/9/6 5081/9/6
f 5081/9/6 5069/9/6 5082/9/6
f 5073/8/6 5074/8/6 5083/8/6
f 5083/8/6 5074/8/6 5084/8/6
f 5079/10/6 5080/10/6 5085/10/6
f 5085/10/6 5080/10/6 5086/10/6
f 5087/9/6 5088/9/6 5089/9/6
f 5089/9/6 5088/9/6 5090/9/6
f 5091/10/6 5092/10/6 5100/10/6
f 5100/10/6 5092/10/6 5101/10/6
f 5101/10/6 5092/10/6 5102/10/6
f 5093/6/6 5094/6/6 5103/6/6
f 5094/9/6 5095/9/6 5103/9/6
f 5103/9/6 5095/9/6 5104/9/6
f 5096/9/6 5097/9/6 5106/9/6
f 5106/9/6 5097/9/6 5107/9/6
f 5098/10/6 5099/10/6 5108/10/6
f 5108/10/6 5099/10/6 5109/10/6
f 5093/6/6 5103/6/6 5116/6/6
f 5116/6/6 5103/6/6 5117/6/6
f 5104/14/6 5105/14/6 5118/14/6
f 5118/14/6 5105/14/6 5119/14/6
f 5107/1/6 5108/1/6 5120/1/6
f 5120/1/6 5108/1/6 5121/1/6
f 5110/14/6 5111/14/6 5123/14/6
f 5123/14/6 5111/14/6 5124/14/6
f 5112/14/6 5113/14/6 5127/14/6
f 5114/9/6 5115/9/6 5128/9/6
f 5128/9/6 5115/9/6 5129/9/6
f 5117/14/6 5118/14/6 5130/14/6
f 5130/14/6 5118/14/6 5131/14/6
f 5122/10/6 5123/10/6 5134/10/6
f 5134/10/6 5123/10/6 5135/10/6
f 5125/14/6 5126/14/6 5136/14/6
f 5136/14/6 5126/14/6 5137/14/6
f 5112/14/6 5127/14/6 5138/14/6
f 5138/14/6 5127/14/6 5139/14/6
f 5130/10/6 5131/10/6 5140/10/6
f 5140/10/6 5131/10/6 5141/10/6
f 5132/9/6 5133/9/6 5142/9/6
f 5142/9/6 5133/9/6 5143/9/6
f 5140/14/6 5141/14/6 5144/14/6
f 5144/14/6 5141/14/6 5145/14/6
f 5144/10/6 5145/10/6 5149/10/6
f 5149/10/6 5145/10/6 5150/10/6
f 5146/14/6 5147/14/6 5151/14/6
f 5151/14/6 5147/14/6 5152/14/6
f 5149/14/6 5150/14/6 5155/14/6
f 5148/6/6 5149/6/6 5155/6/6
f 5155/14/6 5150/14/6 5156/14/6
f 5153/9/6 5154/9/6 5159/9/6
f 5159/9/6 5154/9/6 5160/9/6
f 5148/6/6 5155/6/6 5163/6/6
f 5155/9/6 5156/9/6 5164/9/6
f 5163/6/6 5155/6/6 5164/6/6
f 5164/9/6 5156/9/6 5165/9/6
f 5157/10/6 5158/10/6 5166/10/6
f 5166/10/6 5158/10/6 5167/10/6
f 5161/9/6 5162/9/6 5170/9/6
f 5170/9/6 5162/9/6 5171/9/6
f 5168/14/6 5169/14/6 5174/14/6
f 5174/14/6 5169/14/6 5175/14/6
f 5172/10/6 5173/10/6 5176/10/6
f 5176/10/6 5173/10/6 5177/10/6
f 5178/14/6 5179/14/6 5180/14/6
f 5180/14/6 5179/14/6 5181/14/6
f 5182/14/6 5183/14/6 5191/14/6
f 5183/10/6 5184/10/6 5192/10/6
f 5191/14/6 5183/14/6 5192/14/6
f 5192/10/6 5184/10/6 5193/10/6
f 5185/14/6 5186/14/6 5196/14/6
f 5196/14/6 5186/14/6 5197/14/6
f 5187/9/6 5188/9/6 5198/9/6
f 5198/9/6 5188/9/6 5199/9/6
f 5189/9/6 5190/9/6 5201/9/6
f 5201/9/6 5190/9/6 5202/9/6
f 5194/9/6 5195/9/6 5205/9/6
f 5205/9/6 5195/9/6 5206/9/6
f 5200/14/6 5201/14/6 5207/14/6
f 5207/14/6 5201/14/6 5208/14/6
f 5203/14/6 5204/14/6 5211/14/6
f 5211/14/6 5204/14/6 5212/14/6
f 5209/10/6 5210/10/6 5215/10/6
f 5215/10/6 5210/10/6 5216/10/6
f 5213/1/6 5214/1/6 5217/1/6
f 5217/1/6 5214/1/6 5218/1/6
f 5219/14/6 5220/14/6 5225/14/6
f 5225/14/6 5220/14/6 5226/14/6
f 5221/10/6 5222/10/6 5227/10/6
f 5227/10/6 5222/10/6 5228/10/6
f 5223/10/6 5224/10/6 5229/10/6
f 5229/10/6 5224/10/6 5230/10/6
f 5231/1/6 5232/1/6 5237/1/6
f 5237/1/6 5232/1/6 5238/1/6
f 5233/9/6 5234/9/6 5243/9/6
f 5243/9/6 5234/9/6 5244/9/6
f 5235/9/6 5236/9/6 5245/9/6
f 5245/9/6 5236/9/6 5246/9/6
f 5239/14/6 5240/14/6 5247/14/6
f 5247/14/6 5240/14/6 5248/14/6
f 5241/14/6 5242/14/6 5249/14/6
f 5249/14/6 5242/14/6 5250/14/6
f 5253/10/6 5254/10/6 5255/10/6
f 5255/10/6 5254/10/6 5256/10/6
f 5251/10/6 5252/10/6 5257/10/6
f 5257/10/6 5252/10/6 5258/10/6
f 5259/9/6 5260/9/6 5261/9/6
f 5261/9/6 5260/9/6 5262/9/6
f 5263/10/6 5264/10/6 5265/10/6
f 5265/10/6 5264/10/6 5266/10/6
f 5267/14/6 5268/14/6 5273/14/6
f 5273/14/6 5268/14/6 5274/14/6
f 5269/10/6 5270/10/6 5279/10/6
f 5279/10/6 5270/10/6 5280/10/6
f 5271/10/6 5272/10/6 5282/10/6
f 5282/10/6 5272/10/6 5283/10/6
f 5275/9/6 5276/9/6 5284/9/6
f 5284/9/6 5276/9/6 5285/9/6
f 5277/2/6 5278/2/6 5286/2/6
f 5286/2/6 5278/2/6 5287/2/6
f 5281/10/6 5282/10/6 5288/10/6
f 5288/10/6 5282/10/6 5289/10/6
f 5290/14/6 5291/14/6 5295/14/6
f 5295/14/6 5291/14/6 5296/14/6
f 5292/14/6 5293/14/6 5297/14/6
f 5297/14/6 5293/14/6 5298/14/6
f 5294/1/6 5295/1/6 5299/1/6
f 5299/1/6 5295/1/6 5300/1/6
f 5301/10/6 5302/10/6 5307/10/6
f 5307/10/6 5302/10/6 5308/10/6
f 5303/10/6 5304/10/6 5309/10/6
f 5309/10/6 5304/10/6 5310/10/6
f 5305/9/6 5306/9/6 5311/9/6
f 5311/9/6 5306/9/6 5312/9/6
f 5313/9/6 5314/9/6 5317/9/6
f 5317/9/6 5314/9/6 5318/9/6
f 5315/14/6 5316/14/6 5319/14/6
f 5319/14/6 5316/14/6 5320/14/6
f 5321/10/6 5322/10/6 5323/10/6
f 5323/10/6 5322/10/6 5324/10/6
f 5325/14/6 5326/14/6 5329/14/6
f 5329/14/6 5326/14/6 5330/14/6
f 5331/9/6 5332/9/6 5336/9/6
f 5336/9/6 5332/9/6 5337/9/6
f 5327/10/6 5328/10/6 5338/10/6
f 5338/10/6 5328/10/6 5339/10/6
f 5333/9/6 5334/9/6 5342/9/6
f 5342/9/6 5334/9/6 5343/9/6
f 5335/14/6 5336/14/6 5345/14/6
f 5345/14/6 5336/14/6 5346/14/6
f 5340/14/6 5341/14/6 5349/14/6
f 5349/14/6 5341/14/6 5350/14/6
f 5344/9/6 5345/9/6 5351/9/6
f 5351/9/6 5345/9/6 5352/9/6
f 5347/9/6 5348/9/6 5353/9/6
f 5353/9/6 5348/9/6 5354/9/6
f 5355/10/6 5356/10/6 5363/10/6
f 5363/10/6 5356/10/6 5364/10/6
f 5357/14/6 5358/14/6 5365/14/6
f 5365/14/6 5358/14/6 5366/14/6
f 5359/14/6 5360/14/6 5367/14/6
f 5367/14/6 5360/14/6 5368/14/6
f 5361/9/6 5362/9/6 5369/9/6
f 5369/9/6 5362/9/6 5370/9/6
f 5371/10/6 5372/10/6 5375/10/6
f 5375/10/6 5372/10/6 5376/10/6
f 5373/14/6 5374/14/6 5379/14/6
f 5379/14/6 5374/14/6 5380/14/6
f 5377/14/6 5378/14/6 5381/14/6
f 5381/14/6 5378/14/6 5382/14/6
f 5383/10/6 5384/10/6 5385/10/6
f 5385/10/6 5384/10/6 5386/10/6
f 5387/14/6 5388/14/6 5389/14/6
f 5389/14/6 5388/14/6 5390/14/6
f 5391/9/6 5392/9/6 5393/9/6
f 5393/9/6 5392/9/6 5394/9/6
f 5395/14/6 5396/14/6 5399/14/6
f 5399/14/6 5396/14/6 5400/14/6
f 5397/9/6 5398/9/6 5403/9/6
f 5403/9/6 5398/9/6 5404/9/6
f 5401/10/6 5402/10/6 5405/10/6
f 5405/10/6 5402/10/6 5406/10/6
f 5407/14/6 5408/14/6 5409/14/6
f 5409/14/6 5408/14/6 5410/14/6
f 5411/14/6 5412/14/6 5413/14/6
f 5413/14/6 5412/14/6 5414/14/6
f 5415/1/6 5416/1/6 5419/1/6
f 5419/1/6 5416/1/6 5420/1/6
f 5417/2/6 5418/2/6 5423/2/6
f 5423/2/6 5418/2/6 5424/2/6
f 5421/10/6 5422/10/6 5427/10/6
f 5427/10/6 5422/10/6 5428/10/6
f 5425/14/6 5426/14/6 5429/14/6
f 5429/14/6 5426/14/6 5430/14/6
f 5431/10/6 5432/10/6 5433/10/6
f 5433/10/6 5432/10/6 5434/10/6
f 5435/1/6 5436/1/6 5439/1/6
f 5439/1/6 5436/1/6 5440/1/6
f 5437/10/6 5438/10/6 5443/10/6
f 5443/10/6 5438/10/6 5444/10/6
f 5441/9/6 5442/9/6 5445/9/6
f 5445/9/6 5442/9/6 5446/9/6
f 5447/1/6 5448/1/6 5449/1/6
f 5449/1/6 5448/1/6 5450/1/6
f 5451/14/6 5452/14/6 5453/14/6
f 5453/14/6 5452/14/6 5454/14/6
f 5455/1/6 5456/1/6 5457/1/6
f 5457/1/6 5456/1/6 5458/1/6
f 5459/1/6 5460/1/6 5463/1/6
f 5463/1/6 5460/1/6 5464/1/6
f 5461/2/6 5462/2/6 5465/2/6
f 5465/2/6 5462/2/6 5466/2/6
f 5467/1/6 5468/1/6 5469/1/6
f 5469/1/6 5468/1/6 5470/1/6
f 5471/1/6 5472/1/6 5475/1/6
f 5475/1/6 5472/1/6 5476/1/6
f 5473/1/6 5474/1/6 5477/1/6
f 5477/1/6 5474/1/6 5478/1/6
f 5479/1/6 5480/1/6 5481/1/6
f 5481/1/6 5480/1/6 5482/1/6
f 5483/1/6 5484/1/6 5489/1/6
f 5489/1/6 5484/1/6 5490/1/6
f 5485/1/6 5486/1/6 5491/1/6
f 5486/13/6 5487/13/6 5492/13/6
f 5491/1/6 5486/1/6 5492/1/6
f 5487/2/6 5488/2/6 5493/2/6
f 5492/13/6 5487/13/6 5493/13/6
f 5493/2/6 5488/2/6 5494/2/6
f 5495/1/6 5496/1/6 5497/1/6
f 5497/1/6 5496/1/6 5498/1/6
f 5499/1/6 5500/1/6 5501/1/6
f 5501/1/6 5500/1/6 5502/1/6
f 5503/1/6 5504/1/6 5506/1/6
f 5504/2/6 5505/2/6 5507/2/6
f 5506/1/6 5504/1/6 5507/1/6
f 5507/2/6 5505/2/6 5508/2/6
f 5509/2/6 5510/2/6 5511/2/6
f 5511/2/6 5510/2/6 5512/2/6
f 5513/2/6 5514/2/6 5516/2/6
f 5514/1/6 5515/1/6 5517/1/6
f 5516/2/6 5514/2/6 5517/2/6
f 5517/1/6 5515/1/6 5518/1/6
