mtllib Pino_romeron_Juan_Esteban_Acosta_Peña_fase_4.mtl
o Pino_romeron_Juan_Esteban_Acosta_Peña_fase_4
v -16.0000 -15.0000 12.0000
v -15.0000 -15.0000 12.0000
v -15.0000 -15.0000 11.0000
v -16.0000 -15.0000 11.0000
v -16.0000 -16.0000 12.0000
v -16.0000 -16.0000 11.0000
v -15.0000 -16.0000 11.0000
v -15.0000 -16.0000 12.0000
v -16.0000 -16.0000 10.0000
v -15.0000 -16.0000 10.0000
v -16.0000 -15.0000 10.0000
v -15.0000 -15.0000 10.0000
v -16.0000 -14.0000 11.0000
v -15.0000 -14.0000 11.0000
v -15.0000 -14.0000 10.0000
v -16.0000 -14.0000 10.0000
v -15.0000 -14.0000 9.0000
v -16.0000 -14.0000 9.0000
v -16.0000 -15.0000 9.0000
v -15.0000 -15.0000 9.0000
v -16.0000 -8.0000 3.0000
v -15.0000 -8.0000 3.0000
v -15.0000 -8.0000 2.0000
v -16.0000 -8.0000 2.0000
v -16.0000 -9.0000 3.0000
v -16.0000 -9.0000 2.0000
v -15.0000 -9.0000 2.0000
v -15.0000 -9.0000 3.0000
v -16.0000 -6.0000 3.0000
v -15.0000 -6.0000 3.0000
v -15.0000 -6.0000 2.0000
v -16.0000 -6.0000 2.0000
v -16.0000 -7.0000 3.0000
v -16.0000 -7.0000 2.0000
v -15.0000 -7.0000 2.0000
v -15.0000 -7.0000 3.0000
v -16.0000 -11.0000 2.0000
v -16.0000 -11.0000 1.0000
v -15.0000 -11.0000 1.0000
v -15.0000 -11.0000 2.0000
v -15.0000 -10.0000 2.0000
v -16.0000 -10.0000 2.0000
v -16.0000 -10.0000 1.0000
v -15.0000 -9.0000 1.0000
v -16.0000 -9.0000 1.0000
v -15.0000 -10.0000 1.0000
v -15.0000 -7.0000 1.0000
v -16.0000 -7.0000 1.0000
v -16.0000 -8.0000 1.0000
v -15.0000 -8.0000 1.0000
v -16.0000 -6.0000 1.0000
v -15.0000 -6.0000 1.0000
v -15.0000 -5.0000 2.0000
v -16.0000 -5.0000 2.0000
v -16.0000 -5.0000 1.0000
v -15.0000 -5.0000 1.0000
v -16.0000 -4.0000 2.0000
v -15.0000 -4.0000 2.0000
v -15.0000 -4.0000 1.0000
v -16.0000 -4.0000 1.0000
v -16.0000 -12.0000 1.0000
v -16.0000 -12.0000 -0.0000
v -15.0000 -12.0000 -0.0000
v -15.0000 -12.0000 1.0000
v -16.0000 -11.0000 -0.0000
v -15.0000 -11.0000 -0.0000
v -15.0000 -10.0000 -0.0000
v -16.0000 -10.0000 -0.0000
v -15.0000 -6.0000 -0.0000
v -16.0000 -6.0000 -0.0000
v -16.0000 -7.0000 -0.0000
v -15.0000 -7.0000 -0.0000
v -16.0000 -3.0000 1.0000
v -15.0000 -3.0000 1.0000
v -15.0000 -3.0000 -0.0000
v -16.0000 -3.0000 -0.0000
v -16.0000 -4.0000 -0.0000
v -15.0000 -4.0000 -0.0000
v -16.0000 -10.0000 -1.0000
v -15.0000 -10.0000 -1.0000
v -15.0000 -9.0000 -0.0000
v -16.0000 -9.0000 -0.0000
v -16.0000 -9.0000 -1.0000
v -15.0000 -9.0000 -1.0000
v -16.0000 -8.0000 -0.0000
v -15.0000 -8.0000 -0.0000
v -15.0000 -8.0000 -1.0000
v -16.0000 -8.0000 -1.0000
v -15.0000 -6.0000 -1.0000
v -16.0000 -6.0000 -1.0000
v -16.0000 -7.0000 -1.0000
v -15.0000 -7.0000 -1.0000
v -15.0000 -3.0000 -1.0000
v -16.0000 -3.0000 -1.0000
v -16.0000 -4.0000 -1.0000
v -15.0000 -4.0000 -1.0000
v -16.0000 -1.0000 -0.0000
v -15.0000 -1.0000 -0.0000
v -15.0000 -1.0000 -1.0000
v -16.0000 -1.0000 -1.0000
v -16.0000 -2.0000 -0.0000
v -16.0000 -2.0000 -1.0000
v -15.0000 -2.0000 -1.0000
v -15.0000 -2.0000 -0.0000
v -16.0000 -6.0000 -2.0000
v -15.0000 -6.0000 -2.0000
v -15.0000 -5.0000 -1.0000
v -16.0000 -5.0000 -1.0000
v -16.0000 -5.0000 -2.0000
v -15.0000 -5.0000 -2.0000
v -15.0000 -4.0000 -2.0000
v -16.0000 -4.0000 -2.0000
v -15.0000 -2.0000 -2.0000
v -16.0000 -2.0000 -2.0000
v -16.0000 -3.0000 -2.0000
v -15.0000 -3.0000 -2.0000
v -15.0000 -3.0000 -3.0000
v -16.0000 -3.0000 -3.0000
v -16.0000 -4.0000 -3.0000
v -15.0000 -4.0000 -3.0000
v -16.0000 -1.0000 -2.0000
v -15.0000 -1.0000 -2.0000
v -15.0000 -1.0000 -3.0000
v -16.0000 -1.0000 -3.0000
v -16.0000 -2.0000 -3.0000
v -15.0000 -2.0000 -3.0000
v -14.0000 -15.0000 10.0000
v -14.0000 -15.0000 9.0000
v -15.0000 -16.0000 9.0000
v -14.0000 -16.0000 9.0000
v -14.0000 -16.0000 10.0000
v -15.0000 -16.0000 8.0000
v -14.0000 -16.0000 8.0000
v -15.0000 -15.0000 8.0000
v -14.0000 -15.0000 8.0000
v -14.0000 -14.0000 9.0000
v -14.0000 -14.0000 8.0000
v -15.0000 -14.0000 8.0000
v -14.0000 -14.0000 7.0000
v -15.0000 -14.0000 7.0000
v -15.0000 -15.0000 7.0000
v -14.0000 -15.0000 7.0000
v -15.0000 -15.0000 6.0000
v -14.0000 -15.0000 6.0000
v -14.0000 -15.0000 5.0000
v -15.0000 -15.0000 5.0000
v -15.0000 -16.0000 6.0000
v -15.0000 -16.0000 5.0000
v -14.0000 -16.0000 5.0000
v -14.0000 -16.0000 6.0000
v -14.0000 -15.0000 4.0000
v -15.0000 -15.0000 4.0000
v -15.0000 -16.0000 4.0000
v -14.0000 -16.0000 4.0000
v -14.0000 -15.0000 3.0000
v -15.0000 -15.0000 3.0000
v -15.0000 -16.0000 3.0000
v -14.0000 -16.0000 3.0000
v -15.0000 -13.0000 4.0000
v -15.0000 -13.0000 3.0000
v -14.0000 -13.0000 3.0000
v -14.0000 -13.0000 4.0000
v -14.0000 -12.0000 4.0000
v -15.0000 -12.0000 4.0000
v -15.0000 -12.0000 3.0000
v -14.0000 -12.0000 3.0000
v -14.0000 -11.0000 4.0000
v -15.0000 -11.0000 4.0000
v -15.0000 -11.0000 3.0000
v -14.0000 -11.0000 3.0000
v -14.0000 -10.0000 4.0000
v -15.0000 -10.0000 4.0000
v -15.0000 -10.0000 3.0000
v -14.0000 -10.0000 3.0000
v -15.0000 -9.0000 4.0000
v -14.0000 -9.0000 4.0000
v -14.0000 -9.0000 3.0000
v -15.0000 -15.0000 2.0000
v -14.0000 -15.0000 2.0000
v -14.0000 -14.0000 3.0000
v -15.0000 -14.0000 3.0000
v -15.0000 -14.0000 2.0000
v -14.0000 -14.0000 2.0000
v -14.0000 -13.0000 2.0000
v -15.0000 -13.0000 2.0000
v -14.0000 -15.0000 1.0000
v -15.0000 -15.0000 1.0000
v -15.0000 -16.0000 2.0000
v -15.0000 -16.0000 1.0000
v -14.0000 -16.0000 1.0000
v -14.0000 -16.0000 2.0000
v -15.0000 -13.0000 1.0000
v -14.0000 -13.0000 1.0000
v -14.0000 -12.0000 2.0000
v -15.0000 -12.0000 2.0000
v -14.0000 -12.0000 1.0000
v -14.0000 -11.0000 2.0000
v -14.0000 -11.0000 1.0000
v -14.0000 -10.0000 2.0000
v -14.0000 -10.0000 1.0000
v -14.0000 -9.0000 2.0000
v -14.0000 -9.0000 1.0000
v -14.0000 -8.0000 2.0000
v -14.0000 -8.0000 1.0000
v -14.0000 -7.0000 2.0000
v -14.0000 -7.0000 1.0000
v -14.0000 -6.0000 2.0000
v -14.0000 -6.0000 1.0000
v -14.0000 -5.0000 1.0000
v -14.0000 -5.0000 2.0000
v -14.0000 -4.0000 2.0000
v -14.0000 -4.0000 1.0000
v -14.0000 -3.0000 2.0000
v -15.0000 -3.0000 2.0000
v -14.0000 -3.0000 1.0000
v -15.0000 -2.0000 2.0000
v -14.0000 -2.0000 2.0000
v -14.0000 -2.0000 1.0000
v -15.0000 -2.0000 1.0000
v -15.0000 -1.0000 1.0000
v -14.0000 -1.0000 1.0000
v -14.0000 -1.0000 -0.0000
v -14.0000 -2.0000 -0.0000
v -14.0000 -3.0000 -1.0000
v -14.0000 -3.0000 -0.0000
v -14.0000 -2.0000 -1.0000
v -15.0000 0.0000 -0.0000
v -14.0000 0.0000 -0.0000
v -14.0000 0.0000 -1.0000
v -15.0000 0.0000 -1.0000
v -14.0000 -1.0000 -1.0000
v -14.0000 -7.0000 -1.0000
v -14.0000 -7.0000 -2.0000
v -15.0000 -7.0000 -2.0000
v -15.0000 -8.0000 -2.0000
v -14.0000 -8.0000 -2.0000
v -14.0000 -8.0000 -1.0000
v -14.0000 -1.0000 -2.0000
v -14.0000 -2.0000 -2.0000
v -14.0000 -6.0000 -2.0000
v -14.0000 -6.0000 -3.0000
v -15.0000 -6.0000 -3.0000
v -15.0000 -7.0000 -3.0000
v -14.0000 -7.0000 -3.0000
v -14.0000 -4.0000 -2.0000
v -14.0000 -4.0000 -3.0000
v -15.0000 -5.0000 -3.0000
v -14.0000 -5.0000 -3.0000
v -14.0000 -5.0000 -2.0000
v -15.0000 0.0000 -2.0000
v -14.0000 0.0000 -2.0000
v -14.0000 0.0000 -3.0000
v -15.0000 0.0000 -3.0000
v -14.0000 -1.0000 -3.0000
v -14.0000 -2.0000 -3.0000
v -14.0000 -2.0000 -4.0000
v -15.0000 -2.0000 -4.0000
v -15.0000 -3.0000 -4.0000
v -14.0000 -3.0000 -4.0000
v -14.0000 -3.0000 -3.0000
v -14.0000 -15.0000 11.0000
v -13.0000 -15.0000 11.0000
v -13.0000 -15.0000 10.0000
v -14.0000 -16.0000 11.0000
v -13.0000 -16.0000 10.0000
v -13.0000 -16.0000 11.0000
v -14.0000 -14.0000 10.0000
v -13.0000 -14.0000 10.0000
v -13.0000 -14.0000 9.0000
v -13.0000 -15.0000 9.0000
v -13.0000 -15.0000 8.0000
v -13.0000 -15.0000 7.0000
v -14.0000 -16.0000 7.0000
v -13.0000 -16.0000 7.0000
v -13.0000 -16.0000 8.0000
v -13.0000 -16.0000 6.0000
v -13.0000 -14.0000 7.0000
v -13.0000 -14.0000 6.0000
v -14.0000 -14.0000 6.0000
v -13.0000 -15.0000 6.0000
v -13.0000 -16.0000 5.0000
v -13.0000 -14.0000 5.0000
v -14.0000 -14.0000 5.0000
v -13.0000 -16.0000 4.0000
v -13.0000 -15.0000 4.0000
v -13.0000 -14.0000 4.0000
v -14.0000 -14.0000 4.0000
v -13.0000 -13.0000 4.0000
v -13.0000 -13.0000 3.0000
v -13.0000 -14.0000 3.0000
v -13.0000 -15.0000 2.0000
v -13.0000 -15.0000 3.0000
v -13.0000 -12.0000 3.0000
v -13.0000 -13.0000 2.0000
v -13.0000 -12.0000 2.0000
v -13.0000 -11.0000 3.0000
v -13.0000 -11.0000 2.0000
v -13.0000 -9.0000 2.0000
v -13.0000 -9.0000 3.0000
v -13.0000 -8.0000 3.0000
v -14.0000 -8.0000 3.0000
v -13.0000 -8.0000 2.0000
v -13.0000 -7.0000 3.0000
v -14.0000 -7.0000 3.0000
v -13.0000 -7.0000 2.0000
v -14.0000 -6.0000 3.0000
v -13.0000 -6.0000 3.0000
v -13.0000 -6.0000 2.0000
v -14.0000 -3.0000 3.0000
v -13.0000 -3.0000 3.0000
v -13.0000 -3.0000 2.0000
v -14.0000 -4.0000 3.0000
v -13.0000 -4.0000 2.0000
v -13.0000 -4.0000 3.0000
v -13.0000 -15.0000 1.0000
v -14.0000 -14.0000 1.0000
v -13.0000 -14.0000 1.0000
v -13.0000 -13.0000 1.0000
v -13.0000 -10.0000 2.0000
v -13.0000 -8.0000 1.0000
v -13.0000 -7.0000 1.0000
v -13.0000 -5.0000 2.0000
v -13.0000 -4.0000 1.0000
v -13.0000 -5.0000 1.0000
v -13.0000 -15.0000 -0.0000
v -14.0000 -15.0000 -0.0000
v -14.0000 -16.0000 -0.0000
v -13.0000 -16.0000 -0.0000
v -13.0000 -16.0000 1.0000
v -14.0000 -13.0000 -0.0000
v -13.0000 -13.0000 -0.0000
v -14.0000 -12.0000 -0.0000
v -13.0000 -12.0000 -0.0000
v -14.0000 -11.0000 -0.0000
v -13.0000 -11.0000 -0.0000
v -13.0000 -12.0000 1.0000
v -13.0000 -11.0000 1.0000
v -14.0000 -10.0000 -0.0000
v -13.0000 -10.0000 -0.0000
v -13.0000 -10.0000 1.0000
v -14.0000 -9.0000 -0.0000
v -13.0000 -9.0000 -0.0000
v -13.0000 -9.0000 1.0000
v -14.0000 -8.0000 -0.0000
v -13.0000 -8.0000 -0.0000
v -14.0000 -7.0000 -0.0000
v -13.0000 -7.0000 -0.0000
v -14.0000 -6.0000 -0.0000
v -13.0000 -6.0000 -0.0000
v -13.0000 -5.0000 -0.0000
v -14.0000 -5.0000 -0.0000
v -13.0000 -3.0000 -0.0000
v -13.0000 -3.0000 1.0000
v -13.0000 -2.0000 1.0000
v -13.0000 -1.0000 1.0000
v -14.0000 0.0000 1.0000
v -13.0000 0.0000 1.0000
v -13.0000 0.0000 -0.0000
v -13.0000 -15.0000 -1.0000
v -14.0000 -15.0000 -1.0000
v -14.0000 -16.0000 -1.0000
v -13.0000 -16.0000 -1.0000
v -14.0000 -4.0000 -0.0000
v -14.0000 -4.0000 -1.0000
v -13.0000 -4.0000 -1.0000
v -13.0000 -4.0000 -0.0000
v -13.0000 -3.0000 -1.0000
v -14.0000 1.0000 -0.0000
v -13.0000 1.0000 -0.0000
v -13.0000 1.0000 -1.0000
v -14.0000 1.0000 -1.0000
v -13.0000 0.0000 -1.0000
v -13.0000 -7.0000 -1.0000
v -13.0000 -7.0000 -2.0000
v -13.0000 -8.0000 -2.0000
v -13.0000 -8.0000 -1.0000
v -14.0000 -5.0000 -1.0000
v -13.0000 -5.0000 -1.0000
v -13.0000 -5.0000 -2.0000
v -14.0000 -6.0000 -1.0000
v -13.0000 -6.0000 -2.0000
v -13.0000 -6.0000 -1.0000
v -14.0000 -3.0000 -2.0000
v -13.0000 -3.0000 -2.0000
v -13.0000 -2.0000 -2.0000
v -13.0000 0.0000 -2.0000
v -13.0000 -1.0000 -2.0000
v -13.0000 -6.0000 -3.0000
v -13.0000 -7.0000 -3.0000
v -13.0000 -1.0000 -3.0000
v -13.0000 -2.0000 -3.0000
v -13.0000 -3.0000 -3.0000
v -13.0000 -3.0000 -4.0000
v -14.0000 -4.0000 -4.0000
v -13.0000 -4.0000 -4.0000
v -13.0000 -4.0000 -3.0000
v -13.0000 -15.0000 13.0000
v -12.0000 -15.0000 13.0000
v -12.0000 -15.0000 12.0000
v -13.0000 -15.0000 12.0000
v -13.0000 -16.0000 13.0000
v -13.0000 -16.0000 12.0000
v -12.0000 -16.0000 12.0000
v -12.0000 -16.0000 13.0000
v -12.0000 -15.0000 7.0000
v -12.0000 -15.0000 6.0000
v -12.0000 -16.0000 6.0000
v -12.0000 -16.0000 7.0000
v -12.0000 -16.0000 5.0000
v -12.0000 -14.0000 6.0000
v -12.0000 -14.0000 5.0000
v -12.0000 -15.0000 5.0000
v -12.0000 -16.0000 4.0000
v -12.0000 -15.0000 4.0000
v -12.0000 -14.0000 4.0000
v -13.0000 -13.0000 5.0000
v -12.0000 -13.0000 5.0000
v -12.0000 -13.0000 4.0000
v -13.0000 -16.0000 3.0000
v -12.0000 -16.0000 3.0000
v -12.0000 -15.0000 3.0000
v -12.0000 -14.0000 3.0000
v -12.0000 -13.0000 3.0000
v -13.0000 -12.0000 4.0000
v -12.0000 -12.0000 4.0000
v -12.0000 -12.0000 3.0000
v -13.0000 -16.0000 2.0000
v -12.0000 -16.0000 2.0000
v -12.0000 -15.0000 2.0000
v -12.0000 -14.0000 2.0000
v -12.0000 -13.0000 2.0000
v -12.0000 -11.0000 2.0000
v -12.0000 -11.0000 3.0000
v -12.0000 -10.0000 3.0000
v -13.0000 -10.0000 3.0000
v -12.0000 -10.0000 2.0000
v -12.0000 -9.0000 3.0000
v -12.0000 -9.0000 2.0000
v -12.0000 -6.0000 2.0000
v -12.0000 -6.0000 3.0000
v -12.0000 -5.0000 3.0000
v -13.0000 -5.0000 3.0000
v -12.0000 -5.0000 2.0000
v -12.0000 -4.0000 3.0000
v -12.0000 -4.0000 2.0000
v -12.0000 -16.0000 1.0000
v -12.0000 -15.0000 1.0000
v -12.0000 -14.0000 1.0000
v -12.0000 -13.0000 1.0000
v -12.0000 -12.0000 2.0000
v -12.0000 -12.0000 1.0000
v -12.0000 -11.0000 1.0000
v -12.0000 -10.0000 1.0000
v -12.0000 -9.0000 1.0000
v -12.0000 -8.0000 2.0000
v -12.0000 -8.0000 1.0000
v -12.0000 -7.0000 1.0000
v -12.0000 -7.0000 2.0000
v -12.0000 -3.0000 2.0000
v -12.0000 -2.0000 2.0000
v -13.0000 -2.0000 2.0000
v -13.0000 -1.0000 2.0000
v -12.0000 -1.0000 2.0000
v -12.0000 -1.0000 1.0000
v -12.0000 -2.0000 1.0000
v -12.0000 -15.0000 -0.0000
v -12.0000 -14.0000 -0.0000
v -13.0000 -14.0000 -0.0000
v -12.0000 -13.0000 -0.0000
v -12.0000 -12.0000 -0.0000
v -12.0000 -8.0000 -0.0000
v -12.0000 -7.0000 -0.0000
v -12.0000 -6.0000 -0.0000
v -12.0000 -6.0000 1.0000
v -12.0000 -5.0000 -0.0000
v -12.0000 -5.0000 1.0000
v -12.0000 -4.0000 -0.0000
v -12.0000 -4.0000 1.0000
v -12.0000 0.0000 1.0000
v -12.0000 0.0000 -0.0000
v -12.0000 -1.0000 -0.0000
v -12.0000 -14.0000 -1.0000
v -13.0000 -14.0000 -1.0000
v -12.0000 -15.0000 -1.0000
v -13.0000 -12.0000 -1.0000
v -12.0000 -12.0000 -1.0000
v -12.0000 -11.0000 -0.0000
v -13.0000 -11.0000 -1.0000
v -12.0000 -11.0000 -1.0000
v -12.0000 -10.0000 -0.0000
v -13.0000 -10.0000 -1.0000
v -12.0000 -10.0000 -1.0000
v -12.0000 -9.0000 -0.0000
v -13.0000 -9.0000 -1.0000
v -12.0000 -9.0000 -1.0000
v -12.0000 -8.0000 -1.0000
v -12.0000 -7.0000 -1.0000
v -12.0000 -5.0000 -1.0000
v -12.0000 -4.0000 -1.0000
v -12.0000 1.0000 -0.0000
v -12.0000 1.0000 -1.0000
v -12.0000 0.0000 -1.0000
v -13.0000 -16.0000 -2.0000
v -12.0000 -16.0000 -2.0000
v -12.0000 -16.0000 -1.0000
v -13.0000 -15.0000 -2.0000
v -12.0000 -14.0000 -2.0000
v -13.0000 -14.0000 -2.0000
v -12.0000 -15.0000 -2.0000
v -12.0000 -6.0000 -1.0000
v -12.0000 -6.0000 -2.0000
v -12.0000 -7.0000 -2.0000
v -13.0000 -4.0000 -2.0000
v -12.0000 -4.0000 -2.0000
v -12.0000 -2.0000 -2.0000
v -12.0000 -3.0000 -2.0000
v -12.0000 0.0000 -2.0000
v -12.0000 -1.0000 -2.0000
v -12.0000 -1.0000 -1.0000
v -12.0000 -15.0000 -3.0000
v -13.0000 -15.0000 -3.0000
v -13.0000 -16.0000 -3.0000
v -12.0000 -16.0000 -3.0000
v -12.0000 -3.0000 -3.0000
v -12.0000 -4.0000 -3.0000
v -12.0000 -1.0000 -3.0000
v -12.0000 -2.0000 -3.0000
v -12.0000 -15.0000 -4.0000
v -13.0000 -15.0000 -4.0000
v -13.0000 -16.0000 -4.0000
v -12.0000 -16.0000 -4.0000
v -12.0000 -4.0000 -4.0000
v -13.0000 -5.0000 -3.0000
v -13.0000 -5.0000 -4.0000
v -12.0000 -5.0000 -4.0000
v -12.0000 -5.0000 -3.0000
v -11.0000 -15.0000 12.0000
v -11.0000 -15.0000 11.0000
v -12.0000 -15.0000 11.0000
v -12.0000 -16.0000 11.0000
v -11.0000 -16.0000 11.0000
v -11.0000 -16.0000 12.0000
v -12.0000 -14.0000 11.0000
v -11.0000 -14.0000 11.0000
v -11.0000 -14.0000 10.0000
v -12.0000 -14.0000 10.0000
v -12.0000 -15.0000 10.0000
v -11.0000 -15.0000 10.0000
v -11.0000 -15.0000 9.0000
v -12.0000 -15.0000 9.0000
v -12.0000 -16.0000 10.0000
v -12.0000 -16.0000 9.0000
v -11.0000 -16.0000 9.0000
v -11.0000 -16.0000 10.0000
v -12.0000 -14.0000 8.0000
v -11.0000 -14.0000 8.0000
v -11.0000 -14.0000 7.0000
v -12.0000 -14.0000 7.0000
v -12.0000 -15.0000 8.0000
v -11.0000 -15.0000 7.0000
v -11.0000 -15.0000 8.0000
v -11.0000 -16.0000 6.0000
v -11.0000 -16.0000 7.0000
v -11.0000 -15.0000 6.0000
v -11.0000 -14.0000 6.0000
v -11.0000 -15.0000 5.0000
v -11.0000 -16.0000 5.0000
v -11.0000 -15.0000 4.0000
v -11.0000 -16.0000 4.0000
v -11.0000 -15.0000 3.0000
v -11.0000 -16.0000 3.0000
v -12.0000 -10.0000 4.0000
v -11.0000 -10.0000 4.0000
v -11.0000 -10.0000 3.0000
v -12.0000 -11.0000 4.0000
v -11.0000 -11.0000 3.0000
v -11.0000 -11.0000 4.0000
v -11.0000 -15.0000 2.0000
v -11.0000 -16.0000 2.0000
v -11.0000 -11.0000 2.0000
v -11.0000 -12.0000 2.0000
v -11.0000 -12.0000 3.0000
v -12.0000 -8.0000 3.0000
v -11.0000 -8.0000 2.0000
v -11.0000 -8.0000 3.0000
v -11.0000 -7.0000 3.0000
v -12.0000 -7.0000 3.0000
v -11.0000 -7.0000 2.0000
v -11.0000 -6.0000 3.0000
v -11.0000 -6.0000 2.0000
v -11.0000 -16.0000 1.0000
v -11.0000 -14.0000 2.0000
v -11.0000 -14.0000 1.0000
v -11.0000 -15.0000 1.0000
v -11.0000 -10.0000 2.0000
v -11.0000 -10.0000 1.0000
v -11.0000 -11.0000 1.0000
v -11.0000 -7.0000 1.0000
v -11.0000 -6.0000 1.0000
v -11.0000 -5.0000 2.0000
v -11.0000 -5.0000 1.0000
v -11.0000 -4.0000 2.0000
v -11.0000 -4.0000 1.0000
v -11.0000 -3.0000 2.0000
v -11.0000 -2.0000 2.0000
v -11.0000 -2.0000 1.0000
v -11.0000 -3.0000 1.0000
v -11.0000 -15.0000 -0.0000
v -12.0000 -16.0000 -0.0000
v -11.0000 -16.0000 -0.0000
v -11.0000 -12.0000 -0.0000
v -11.0000 -12.0000 1.0000
v -11.0000 -11.0000 -0.0000
v -11.0000 -10.0000 -0.0000
v -11.0000 -9.0000 1.0000
v -11.0000 -9.0000 -0.0000
v -11.0000 -8.0000 1.0000
v -11.0000 -8.0000 -0.0000
v -11.0000 -5.0000 -0.0000
v -11.0000 -6.0000 -0.0000
v -11.0000 -4.0000 -0.0000
v -11.0000 -1.0000 1.0000
v -11.0000 -1.0000 -0.0000
v -11.0000 -2.0000 -0.0000
v -11.0000 -15.0000 -1.0000
v -11.0000 -16.0000 -1.0000
v -11.0000 -13.0000 -0.0000
v -11.0000 -13.0000 -1.0000
v -12.0000 -13.0000 -1.0000
v -11.0000 -14.0000 -1.0000
v -11.0000 -14.0000 -0.0000
v -11.0000 -8.0000 -1.0000
v -11.0000 -7.0000 -0.0000
v -11.0000 -7.0000 -1.0000
v -11.0000 -6.0000 -1.0000
v -11.0000 -5.0000 -1.0000
v -11.0000 -4.0000 -1.0000
v -11.0000 0.0000 -0.0000
v -11.0000 0.0000 -1.0000
v -11.0000 -1.0000 -1.0000
v -11.0000 -15.0000 -2.0000
v -11.0000 -16.0000 -2.0000
v -11.0000 -4.0000 -2.0000
v -11.0000 -3.0000 -2.0000
v -11.0000 -1.0000 -2.0000
v -11.0000 -2.0000 -2.0000
v -11.0000 -2.0000 -1.0000
v -12.0000 -5.0000 -2.0000
v -11.0000 -5.0000 -2.0000
v -11.0000 -5.0000 -3.0000
v -12.0000 -6.0000 -3.0000
v -11.0000 -6.0000 -3.0000
v -11.0000 -6.0000 -2.0000
v -11.0000 -2.0000 -3.0000
v -11.0000 -3.0000 -3.0000
v -11.0000 -16.0000 8.0000
v -10.0000 -16.0000 8.0000
v -10.0000 -16.0000 9.0000
v -10.0000 -15.0000 9.0000
v -10.0000 -15.0000 8.0000
v -11.0000 -14.0000 9.0000
v -10.0000 -14.0000 9.0000
v -10.0000 -14.0000 8.0000
v -10.0000 -15.0000 7.0000
v -10.0000 -16.0000 7.0000
v -11.0000 11.0000 7.0000
v -10.0000 11.0000 7.0000
v -10.0000 11.0000 6.0000
v -11.0000 11.0000 6.0000
v -11.0000 10.0000 7.0000
v -11.0000 10.0000 6.0000
v -10.0000 10.0000 6.0000
v -10.0000 10.0000 7.0000
v -11.0000 9.0000 6.0000
v -11.0000 9.0000 5.0000
v -10.0000 9.0000 5.0000
v -10.0000 9.0000 6.0000
v -11.0000 10.0000 5.0000
v -10.0000 10.0000 5.0000
v -10.0000 11.0000 5.0000
v -11.0000 11.0000 5.0000
v -11.0000 12.0000 6.0000
v -10.0000 12.0000 6.0000
v -10.0000 12.0000 5.0000
v -11.0000 12.0000 5.0000
v -11.0000 9.0000 4.0000
v -10.0000 9.0000 4.0000
v -11.0000 10.0000 4.0000
v -10.0000 10.0000 4.0000
v -10.0000 11.0000 4.0000
v -11.0000 11.0000 4.0000
v -10.0000 12.0000 4.0000
v -11.0000 12.0000 4.0000
v -10.0000 11.0000 3.0000
v -11.0000 11.0000 3.0000
v -11.0000 10.0000 3.0000
v -10.0000 10.0000 3.0000
v -10.0000 -15.0000 3.0000
v -10.0000 -15.0000 2.0000
v -10.0000 -16.0000 2.0000
v -10.0000 -16.0000 3.0000
v -11.0000 -13.0000 3.0000
v -10.0000 -13.0000 3.0000
v -10.0000 -13.0000 2.0000
v -11.0000 -13.0000 2.0000
v -11.0000 -14.0000 3.0000
v -10.0000 -14.0000 2.0000
v -10.0000 -14.0000 3.0000
v -10.0000 -10.0000 2.0000
v -10.0000 -10.0000 3.0000
v -10.0000 -9.0000 3.0000
v -11.0000 -9.0000 3.0000
v -11.0000 -9.0000 2.0000
v -10.0000 -9.0000 2.0000
v -10.0000 -8.0000 3.0000
v -10.0000 -8.0000 2.0000
v -10.0000 -15.0000 1.0000
v -10.0000 -16.0000 1.0000
v -10.0000 -13.0000 1.0000
v -11.0000 -13.0000 1.0000
v -10.0000 -14.0000 1.0000
v -10.0000 -5.0000 1.0000
v -10.0000 -5.0000 2.0000
v -10.0000 -4.0000 2.0000
v -10.0000 -3.0000 2.0000
v -10.0000 -3.0000 1.0000
v -10.0000 -15.0000 -0.0000
v -10.0000 -16.0000 -0.0000
v -10.0000 -12.0000 1.0000
v -10.0000 -12.0000 -0.0000
v -10.0000 -13.0000 -0.0000
v -10.0000 -8.0000 -0.0000
v -10.0000 -8.0000 1.0000
v -10.0000 -7.0000 1.0000
v -10.0000 -7.0000 -0.0000
v -10.0000 -6.0000 1.0000
v -10.0000 -6.0000 -0.0000
v -10.0000 -5.0000 -0.0000
v -10.0000 -2.0000 1.0000
v -10.0000 -2.0000 -0.0000
v -10.0000 -8.0000 -1.0000
v -11.0000 -9.0000 -1.0000
v -10.0000 -9.0000 -1.0000
v -10.0000 -9.0000 -0.0000
v -10.0000 -6.0000 -1.0000
v -10.0000 -5.0000 -1.0000
v -10.0000 -3.0000 -0.0000
v -10.0000 -3.0000 -1.0000
v -10.0000 -2.0000 -1.0000
v -10.0000 -1.0000 -0.0000
v -10.0000 -1.0000 -1.0000
v -10.0000 -5.0000 -2.0000
v -10.0000 -4.0000 -2.0000
v -10.0000 -4.0000 -1.0000
v -10.0000 -3.0000 -2.0000
v -10.0000 -2.0000 -2.0000
v -10.0000 -3.0000 -3.0000
v -11.0000 -4.0000 -3.0000
v -10.0000 -4.0000 -3.0000
v -11.0000 9.0000 -5.0000
v -10.0000 9.0000 -5.0000
v -10.0000 9.0000 -6.0000
v -11.0000 9.0000 -6.0000
v -11.0000 8.0000 -5.0000
v -11.0000 8.0000 -6.0000
v -10.0000 8.0000 -6.0000
v -10.0000 8.0000 -5.0000
v -11.0000 7.0000 -6.0000
v -11.0000 7.0000 -7.0000
v -10.0000 7.0000 -7.0000
v -10.0000 7.0000 -6.0000
v -11.0000 8.0000 -7.0000
v -10.0000 8.0000 -7.0000
v -10.0000 9.0000 -7.0000
v -11.0000 9.0000 -7.0000
v -11.0000 10.0000 -6.0000
v -10.0000 10.0000 -6.0000
v -10.0000 10.0000 -7.0000
v -11.0000 10.0000 -7.0000
v -11.0000 7.0000 -8.0000
v -10.0000 7.0000 -8.0000
v -11.0000 8.0000 -8.0000
v -10.0000 8.0000 -8.0000
v -10.0000 9.0000 -8.0000
v -11.0000 9.0000 -8.0000
v -10.0000 10.0000 -8.0000
v -11.0000 10.0000 -8.0000
v -10.0000 9.0000 -9.0000
v -11.0000 9.0000 -9.0000
v -11.0000 8.0000 -9.0000
v -10.0000 8.0000 -9.0000
v -10.0000 -15.0000 11.0000
v -9.0000 -15.0000 11.0000
v -9.0000 -15.0000 10.0000
v -10.0000 -15.0000 10.0000
v -10.0000 -16.0000 11.0000
v -10.0000 -16.0000 10.0000
v -9.0000 -16.0000 10.0000
v -9.0000 -16.0000 11.0000
v -10.0000 -14.0000 10.0000
v -9.0000 -14.0000 10.0000
v -9.0000 -14.0000 9.0000
v -9.0000 -15.0000 9.0000
v -9.0000 -15.0000 7.0000
v -9.0000 -15.0000 6.0000
v -10.0000 -15.0000 6.0000
v -10.0000 -16.0000 6.0000
v -9.0000 -16.0000 6.0000
v -9.0000 -16.0000 7.0000
v -10.0000 9.0000 7.0000
v -9.0000 9.0000 6.0000
v -9.0000 9.0000 7.0000
v -9.0000 10.0000 7.0000
v -9.0000 11.0000 7.0000
v -9.0000 11.0000 6.0000
v -9.0000 10.0000 6.0000
v -10.0000 12.0000 7.0000
v -9.0000 12.0000 7.0000
v -9.0000 12.0000 6.0000
v -9.0000 -15.0000 5.0000
v -10.0000 -15.0000 5.0000
v -10.0000 -16.0000 5.0000
v -9.0000 -16.0000 5.0000
v -10.0000 8.0000 6.0000
v -10.0000 8.0000 5.0000
v -9.0000 8.0000 5.0000
v -9.0000 8.0000 6.0000
v -9.0000 9.0000 5.0000
v -9.0000 10.0000 5.0000
v -9.0000 11.0000 5.0000
v -10.0000 13.0000 6.0000
v -9.0000 13.0000 6.0000
v -9.0000 13.0000 5.0000
v -10.0000 13.0000 5.0000
v -9.0000 12.0000 5.0000
v -10.0000 -14.0000 5.0000
v -9.0000 -14.0000 5.0000
v -9.0000 -14.0000 4.0000
v -10.0000 -14.0000 4.0000
v -10.0000 -15.0000 4.0000
v -9.0000 -15.0000 4.0000
v -9.0000 10.0000 4.0000
v -9.0000 9.0000 4.0000
v -9.0000 12.0000 4.0000
v -9.0000 11.0000 4.0000
v -9.0000 -14.0000 3.0000
v -9.0000 -15.0000 3.0000
v -10.0000 9.0000 3.0000
v -9.0000 9.0000 3.0000
v -9.0000 10.0000 3.0000
v -9.0000 11.0000 3.0000
v -9.0000 12.0000 3.0000
v -10.0000 12.0000 3.0000
v -10.0000 -4.0000 3.0000
v -9.0000 -4.0000 3.0000
v -9.0000 -4.0000 2.0000
v -10.0000 -5.0000 3.0000
v -9.0000 -5.0000 2.0000
v -9.0000 -5.0000 3.0000
v -10.0000 -7.0000 2.0000
v -9.0000 -7.0000 2.0000
v -9.0000 -7.0000 1.0000
v -9.0000 -8.0000 1.0000
v -9.0000 -8.0000 2.0000
v -10.0000 -6.0000 2.0000
v -9.0000 -6.0000 1.0000
v -9.0000 -6.0000 2.0000
v -9.0000 -3.0000 2.0000
v -9.0000 -3.0000 1.0000
v -9.0000 -4.0000 1.0000
v -9.0000 -6.0000 -0.0000
v -9.0000 -2.0000 1.0000
v -9.0000 -2.0000 -0.0000
v -9.0000 -3.0000 -0.0000
v -9.0000 -8.0000 -1.0000
v -9.0000 -8.0000 -0.0000
v -9.0000 -7.0000 -0.0000
v -10.0000 -7.0000 -1.0000
v -9.0000 -7.0000 -1.0000
v -9.0000 -6.0000 -1.0000
v -9.0000 -5.0000 -1.0000
v -9.0000 -3.0000 -1.0000
v -9.0000 -4.0000 -1.0000
v -9.0000 -4.0000 -0.0000
v -9.0000 -4.0000 -2.0000
v -9.0000 -5.0000 -2.0000
v -10.0000 7.0000 -5.0000
v -9.0000 7.0000 -6.0000
v -9.0000 7.0000 -5.0000
v -9.0000 8.0000 -5.0000
v -9.0000 9.0000 -5.0000
v -9.0000 9.0000 -6.0000
v -9.0000 8.0000 -6.0000
v -10.0000 10.0000 -5.0000
v -9.0000 10.0000 -5.0000
v -9.0000 10.0000 -6.0000
v -9.0000 8.0000 -7.0000
v -9.0000 7.0000 -7.0000
v -9.0000 10.0000 -7.0000
v -9.0000 9.0000 -7.0000
v -9.0000 8.0000 -8.0000
v -9.0000 7.0000 -8.0000
v -9.0000 9.0000 -8.0000
v -10.0000 11.0000 -7.0000
v -9.0000 11.0000 -7.0000
v -9.0000 11.0000 -8.0000
v -10.0000 11.0000 -8.0000
v -9.0000 10.0000 -8.0000
v -10.0000 7.0000 -9.0000
v -9.0000 7.0000 -9.0000
v -9.0000 8.0000 -9.0000
v -9.0000 9.0000 -9.0000
v -9.0000 10.0000 -9.0000
v -10.0000 10.0000 -9.0000
v -10.0000 -14.0000 -10.0000
v -9.0000 -14.0000 -10.0000
v -9.0000 -14.0000 -11.0000
v -10.0000 -14.0000 -11.0000
v -10.0000 -15.0000 -10.0000
v -10.0000 -15.0000 -11.0000
v -9.0000 -15.0000 -11.0000
v -9.0000 -15.0000 -10.0000
v -8.0000 9.0000 6.0000
v -8.0000 9.0000 7.0000
v -8.0000 10.0000 7.0000
v -8.0000 10.0000 6.0000
v -8.0000 11.0000 7.0000
v -8.0000 11.0000 6.0000
v -8.0000 12.0000 7.0000
v -8.0000 12.0000 6.0000
v -8.0000 10.0000 5.0000
v -8.0000 9.0000 5.0000
v -8.0000 12.0000 5.0000
v -8.0000 11.0000 5.0000
v -9.0000 8.0000 4.0000
v -8.0000 8.0000 4.0000
v -8.0000 8.0000 5.0000
v -8.0000 9.0000 4.0000
v -8.0000 10.0000 4.0000
v -8.0000 11.0000 4.0000
v -8.0000 13.0000 5.0000
v -8.0000 13.0000 4.0000
v -9.0000 13.0000 4.0000
v -8.0000 12.0000 4.0000
v -8.0000 9.0000 3.0000
v -8.0000 10.0000 3.0000
v -8.0000 11.0000 3.0000
v -8.0000 12.0000 3.0000
v -8.0000 -5.0000 3.0000
v -8.0000 -5.0000 2.0000
v -9.0000 -6.0000 3.0000
v -8.0000 -6.0000 2.0000
v -8.0000 -6.0000 3.0000
v -8.0000 -7.0000 1.0000
v -8.0000 -7.0000 2.0000
v -8.0000 -4.0000 2.0000
v -8.0000 -4.0000 1.0000
v -8.0000 -8.0000 -0.0000
v -8.0000 -8.0000 1.0000
v -8.0000 -7.0000 -0.0000
v -8.0000 -3.0000 1.0000
v -8.0000 -3.0000 -0.0000
v -8.0000 -4.0000 -0.0000
v -8.0000 -7.0000 -1.0000
v -8.0000 -6.0000 -1.0000
v -8.0000 -6.0000 -0.0000
v -8.0000 -4.0000 -1.0000
v -8.0000 -5.0000 -1.0000
v -8.0000 -5.0000 -0.0000
v -9.0000 -7.0000 -2.0000
v -8.0000 -7.0000 -2.0000
v -9.0000 -6.0000 -2.0000
v -8.0000 -6.0000 -2.0000
v -8.0000 -5.0000 -2.0000
v -9.0000 6.0000 -5.0000
v -9.0000 6.0000 -6.0000
v -8.0000 6.0000 -6.0000
v -8.0000 6.0000 -5.0000
v -8.0000 7.0000 -5.0000
v -8.0000 8.0000 -5.0000
v -8.0000 7.0000 -6.0000
v -8.0000 8.0000 -6.0000
v -8.0000 9.0000 -5.0000
v -8.0000 9.0000 -6.0000
v -8.0000 10.0000 -5.0000
v -8.0000 10.0000 -6.0000
v -9.0000 6.0000 -7.0000
v -8.0000 6.0000 -7.0000
v -8.0000 8.0000 -7.0000
v -8.0000 9.0000 -7.0000
v -9.0000 11.0000 -6.0000
v -8.0000 11.0000 -6.0000
v -8.0000 11.0000 -7.0000
v -8.0000 10.0000 -7.0000
v -9.0000 -8.0000 -7.0000
v -8.0000 -8.0000 -7.0000
v -8.0000 -8.0000 -8.0000
v -9.0000 -8.0000 -8.0000
v -9.0000 -9.0000 -7.0000
v -9.0000 -9.0000 -8.0000
v -8.0000 -9.0000 -8.0000
v -8.0000 -9.0000 -7.0000
v -9.0000 6.0000 -8.0000
v -8.0000 6.0000 -8.0000
v -8.0000 7.0000 -8.0000
v -8.0000 8.0000 -8.0000
v -8.0000 10.0000 -8.0000
v -8.0000 9.0000 -8.0000
v -9.0000 -11.0000 -8.0000
v -9.0000 -11.0000 -9.0000
v -8.0000 -11.0000 -9.0000
v -8.0000 -11.0000 -8.0000
v -8.0000 -10.0000 -8.0000
v -9.0000 -10.0000 -8.0000
v -9.0000 -10.0000 -9.0000
v -8.0000 -10.0000 -9.0000
v -8.0000 -9.0000 -9.0000
v -9.0000 -9.0000 -9.0000
v -8.0000 7.0000 -9.0000
v -8.0000 8.0000 -9.0000
v -8.0000 9.0000 -9.0000
v -8.0000 10.0000 -9.0000
v -9.0000 -14.0000 -9.0000
v -8.0000 -14.0000 -9.0000
v -8.0000 -14.0000 -10.0000
v -9.0000 -15.0000 -9.0000
v -8.0000 -15.0000 -10.0000
v -8.0000 -15.0000 -9.0000
v -7.0000 11.0000 7.0000
v -7.0000 11.0000 6.0000
v -7.0000 10.0000 6.0000
v -7.0000 10.0000 7.0000
v -7.0000 9.0000 5.0000
v -7.0000 9.0000 6.0000
v -7.0000 10.0000 5.0000
v -7.0000 11.0000 5.0000
v -7.0000 12.0000 6.0000
v -7.0000 12.0000 5.0000
v -7.0000 9.0000 4.0000
v -7.0000 10.0000 4.0000
v -7.0000 11.0000 4.0000
v -7.0000 12.0000 4.0000
v -7.0000 13.0000 5.0000
v -7.0000 13.0000 4.0000
v -8.0000 -5.0000 4.0000
v -7.0000 -5.0000 4.0000
v -7.0000 -5.0000 3.0000
v -8.0000 -6.0000 4.0000
v -7.0000 -6.0000 3.0000
v -7.0000 -6.0000 4.0000
v -7.0000 11.0000 3.0000
v -7.0000 10.0000 3.0000
v -8.0000 -7.0000 3.0000
v -7.0000 -7.0000 2.0000
v -7.0000 -7.0000 3.0000
v -7.0000 -6.0000 2.0000
v -8.0000 -4.0000 3.0000
v -7.0000 -4.0000 3.0000
v -7.0000 -4.0000 2.0000
v -8.0000 8.0000 3.0000
v -7.0000 8.0000 3.0000
v -7.0000 8.0000 2.0000
v -8.0000 8.0000 2.0000
v -8.0000 7.0000 3.0000
v -8.0000 7.0000 2.0000
v -7.0000 7.0000 2.0000
v -7.0000 7.0000 3.0000
v -8.0000 -8.0000 2.0000
v -7.0000 -8.0000 1.0000
v -7.0000 -8.0000 2.0000
v -7.0000 -7.0000 1.0000
v -8.0000 -3.0000 2.0000
v -7.0000 -3.0000 2.0000
v -7.0000 -3.0000 1.0000
v -8.0000 5.0000 2.0000
v -8.0000 5.0000 1.0000
v -7.0000 5.0000 1.0000
v -7.0000 5.0000 2.0000
v -7.0000 6.0000 2.0000
v -8.0000 6.0000 2.0000
v -8.0000 6.0000 1.0000
v -7.0000 6.0000 1.0000
v -7.0000 7.0000 1.0000
v -8.0000 7.0000 1.0000
v -7.0000 -7.0000 -0.0000
v -7.0000 -6.0000 -0.0000
v -7.0000 -6.0000 1.0000
v -7.0000 -4.0000 -0.0000
v -7.0000 -5.0000 -0.0000
v -7.0000 -3.0000 -0.0000
v -7.0000 -5.0000 -1.0000
v -7.0000 -6.0000 -1.0000
v -7.0000 -3.0000 -1.0000
v -8.0000 -3.0000 -1.0000
v -7.0000 -4.0000 -1.0000
v -7.0000 -5.0000 -2.0000
v -8.0000 -4.0000 -2.0000
v -7.0000 -3.0000 -2.0000
v -8.0000 -3.0000 -2.0000
v -7.0000 -4.0000 -2.0000
v -7.0000 -4.0000 -3.0000
v -8.0000 -4.0000 -3.0000
v -8.0000 -5.0000 -3.0000
v -7.0000 -5.0000 -3.0000
v -7.0000 -4.0000 -4.0000
v -8.0000 -4.0000 -4.0000
v -8.0000 -5.0000 -4.0000
v -7.0000 -5.0000 -4.0000
v -7.0000 -5.0000 -5.0000
v -8.0000 -5.0000 -5.0000
v -8.0000 -6.0000 -4.0000
v -8.0000 -6.0000 -5.0000
v -7.0000 -6.0000 -5.0000
v -7.0000 -6.0000 -4.0000
v -8.0000 8.0000 -4.0000
v -7.0000 8.0000 -4.0000
v -7.0000 8.0000 -5.0000
v -8.0000 7.0000 -4.0000
v -7.0000 7.0000 -5.0000
v -7.0000 7.0000 -4.0000
v -7.0000 -6.0000 -6.0000
v -8.0000 -6.0000 -6.0000
v -8.0000 -7.0000 -5.0000
v -8.0000 -7.0000 -6.0000
v -7.0000 -7.0000 -6.0000
v -7.0000 -7.0000 -5.0000
v -7.0000 7.0000 -6.0000
v -7.0000 6.0000 -6.0000
v -7.0000 6.0000 -5.0000
v -7.0000 9.0000 -5.0000
v -7.0000 9.0000 -6.0000
v -7.0000 8.0000 -6.0000
v -8.0000 -13.0000 -6.0000
v -8.0000 -13.0000 -7.0000
v -7.0000 -13.0000 -7.0000
v -7.0000 -13.0000 -6.0000
v -7.0000 -12.0000 -6.0000
v -8.0000 -12.0000 -6.0000
v -8.0000 -12.0000 -7.0000
v -7.0000 -12.0000 -7.0000
v -8.0000 -11.0000 -6.0000
v -7.0000 -11.0000 -6.0000
v -7.0000 -11.0000 -7.0000
v -8.0000 -11.0000 -7.0000
v -8.0000 -9.0000 -6.0000
v -7.0000 -9.0000 -7.0000
v -7.0000 -9.0000 -6.0000
v -7.0000 -8.0000 -6.0000
v -8.0000 -8.0000 -6.0000
v -7.0000 -7.0000 -7.0000
v -8.0000 -7.0000 -7.0000
v -7.0000 6.0000 -7.0000
v -7.0000 10.0000 -6.0000
v -7.0000 10.0000 -7.0000
v -7.0000 9.0000 -7.0000
v -8.0000 -15.0000 -7.0000
v -8.0000 -15.0000 -8.0000
v -7.0000 -15.0000 -8.0000
v -7.0000 -15.0000 -7.0000
v -7.0000 -14.0000 -7.0000
v -8.0000 -14.0000 -7.0000
v -8.0000 -14.0000 -8.0000
v -7.0000 -14.0000 -8.0000
v -7.0000 -13.0000 -8.0000
v -8.0000 -13.0000 -8.0000
v -7.0000 -11.0000 -8.0000
v -7.0000 -10.0000 -7.0000
v -8.0000 -10.0000 -7.0000
v -7.0000 -10.0000 -8.0000
v -7.0000 -7.0000 -8.0000
v -8.0000 -7.0000 -8.0000
v -7.0000 -8.0000 -8.0000
v -7.0000 6.0000 -8.0000
v -7.0000 7.0000 -8.0000
v -7.0000 8.0000 -8.0000
v -7.0000 7.0000 -7.0000
v -7.0000 8.0000 -7.0000
v -7.0000 9.0000 -8.0000
v -7.0000 10.0000 -8.0000
v -7.0000 -15.0000 -9.0000
v -8.0000 -16.0000 -8.0000
v -8.0000 -16.0000 -9.0000
v -7.0000 -16.0000 -9.0000
v -7.0000 -16.0000 -8.0000
v -8.0000 -13.0000 -9.0000
v -7.0000 -13.0000 -9.0000
v -7.0000 -12.0000 -8.0000
v -8.0000 -12.0000 -8.0000
v -8.0000 -12.0000 -9.0000
v -7.0000 -12.0000 -9.0000
v -7.0000 -11.0000 -9.0000
v -7.0000 -10.0000 -9.0000
v -7.0000 -8.0000 -9.0000
v -8.0000 -8.0000 -9.0000
v -7.0000 -9.0000 -9.0000
v -7.0000 9.0000 -9.0000
v -7.0000 8.0000 -9.0000
v -8.0000 -11.0000 -10.0000
v -7.0000 -11.0000 -10.0000
v -8.0000 -10.0000 -10.0000
v -7.0000 -10.0000 -10.0000
v -7.0000 -9.0000 -10.0000
v -8.0000 -9.0000 -10.0000
v -7.0000 13.0000 6.0000
v -6.0000 13.0000 6.0000
v -6.0000 13.0000 5.0000
v -6.0000 12.0000 5.0000
v -6.0000 12.0000 6.0000
v -6.0000 11.0000 4.0000
v -6.0000 11.0000 5.0000
v -6.0000 12.0000 4.0000
v -6.0000 13.0000 4.0000
v -7.0000 14.0000 5.0000
v -6.0000 14.0000 5.0000
v -6.0000 14.0000 4.0000
v -7.0000 14.0000 4.0000
v -7.0000 -4.0000 4.0000
v -6.0000 -4.0000 4.0000
v -6.0000 -4.0000 3.0000
v -6.0000 -5.0000 3.0000
v -6.0000 -5.0000 4.0000
v -7.0000 7.0000 4.0000
v -6.0000 7.0000 3.0000
v -6.0000 7.0000 4.0000
v -6.0000 8.0000 4.0000
v -7.0000 8.0000 4.0000
v -6.0000 8.0000 3.0000
v -6.0000 9.0000 4.0000
v -6.0000 9.0000 3.0000
v -7.0000 9.0000 3.0000
v -6.0000 -6.0000 2.0000
v -6.0000 -6.0000 3.0000
v -7.0000 -3.0000 3.0000
v -6.0000 -3.0000 3.0000
v -6.0000 -3.0000 2.0000
v -7.0000 4.0000 3.0000
v -7.0000 4.0000 2.0000
v -6.0000 4.0000 2.0000
v -6.0000 4.0000 3.0000
v -6.0000 5.0000 3.0000
v -7.0000 5.0000 3.0000
v -6.0000 5.0000 2.0000
v -7.0000 6.0000 3.0000
v -6.0000 6.0000 3.0000
v -6.0000 6.0000 2.0000
v -6.0000 -7.0000 1.0000
v -6.0000 -7.0000 2.0000
v -6.0000 -6.0000 1.0000
v -7.0000 -2.0000 2.0000
v -6.0000 -2.0000 2.0000
v -6.0000 -2.0000 1.0000
v -7.0000 -2.0000 1.0000
v -6.0000 -6.0000 -0.0000
v -6.0000 -2.0000 -0.0000
v -7.0000 -2.0000 -0.0000
v -7.0000 5.0000 -0.0000
v -6.0000 5.0000 -0.0000
v -6.0000 5.0000 1.0000
v -6.0000 6.0000 1.0000
v -7.0000 6.0000 -0.0000
v -6.0000 6.0000 -0.0000
v -6.0000 7.0000 1.0000
v -6.0000 7.0000 -0.0000
v -7.0000 7.0000 -0.0000
v -7.0000 9.0000 1.0000
v -7.0000 9.0000 -0.0000
v -6.0000 9.0000 -0.0000
v -6.0000 9.0000 1.0000
v -6.0000 10.0000 1.0000
v -7.0000 10.0000 1.0000
v -7.0000 10.0000 -0.0000
v -6.0000 10.0000 -0.0000
v -7.0000 11.0000 1.0000
v -6.0000 11.0000 1.0000
v -6.0000 11.0000 -0.0000
v -7.0000 11.0000 -0.0000
v -6.0000 -6.0000 -1.0000
v -6.0000 -2.0000 -1.0000
v -7.0000 -2.0000 -1.0000
v -7.0000 2.0000 -0.0000
v -7.0000 2.0000 -1.0000
v -6.0000 2.0000 -1.0000
v -6.0000 2.0000 -0.0000
v -6.0000 3.0000 -0.0000
v -7.0000 3.0000 -0.0000
v -7.0000 3.0000 -1.0000
v -6.0000 3.0000 -1.0000
v -6.0000 4.0000 -0.0000
v -7.0000 4.0000 -0.0000
v -7.0000 4.0000 -1.0000
v -6.0000 4.0000 -1.0000
v -6.0000 5.0000 -1.0000
v -7.0000 5.0000 -1.0000
v -7.0000 -6.0000 -2.0000
v -6.0000 -6.0000 -2.0000
v -6.0000 -2.0000 -2.0000
v -7.0000 -2.0000 -2.0000
v -7.0000 0.0000 -1.0000
v -7.0000 0.0000 -2.0000
v -6.0000 0.0000 -2.0000
v -6.0000 0.0000 -1.0000
v -6.0000 1.0000 -1.0000
v -7.0000 1.0000 -1.0000
v -7.0000 1.0000 -2.0000
v -6.0000 1.0000 -2.0000
v -6.0000 2.0000 -2.0000
v -7.0000 2.0000 -2.0000
v -7.0000 5.0000 -2.0000
v -6.0000 5.0000 -2.0000
v -6.0000 6.0000 -1.0000
v -7.0000 6.0000 -1.0000
v -7.0000 6.0000 -2.0000
v -6.0000 6.0000 -2.0000
v -7.0000 7.0000 -1.0000
v -6.0000 7.0000 -1.0000
v -6.0000 7.0000 -2.0000
v -7.0000 7.0000 -2.0000
v -7.0000 9.0000 -1.0000
v -7.0000 9.0000 -2.0000
v -6.0000 9.0000 -2.0000
v -6.0000 9.0000 -1.0000
v -6.0000 10.0000 -1.0000
v -7.0000 10.0000 -1.0000
v -7.0000 10.0000 -2.0000
v -6.0000 10.0000 -2.0000
v -7.0000 11.0000 -1.0000
v -6.0000 11.0000 -1.0000
v -6.0000 11.0000 -2.0000
v -7.0000 11.0000 -2.0000
v -7.0000 -6.0000 -3.0000
v -6.0000 -6.0000 -3.0000
v -7.0000 -3.0000 -3.0000
v -6.0000 -2.0000 -3.0000
v -7.0000 -2.0000 -3.0000
v -6.0000 -3.0000 -3.0000
v -6.0000 0.0000 -3.0000
v -7.0000 0.0000 -3.0000
v -7.0000 -1.0000 -2.0000
v -7.0000 -1.0000 -3.0000
v -6.0000 -1.0000 -3.0000
v -6.0000 -1.0000 -2.0000
v -6.0000 -6.0000 -4.0000
v -6.0000 -3.0000 -4.0000
v -7.0000 -3.0000 -4.0000
v -6.0000 -4.0000 -4.0000
v -7.0000 -7.0000 -4.0000
v -6.0000 -7.0000 -5.0000
v -6.0000 -7.0000 -4.0000
v -6.0000 -4.0000 -5.0000
v -7.0000 -4.0000 -5.0000
v -6.0000 -5.0000 -5.0000
v -7.0000 0.0000 -4.0000
v -6.0000 0.0000 -4.0000
v -6.0000 0.0000 -5.0000
v -7.0000 0.0000 -5.0000
v -7.0000 -1.0000 -4.0000
v -7.0000 -1.0000 -5.0000
v -6.0000 -1.0000 -5.0000
v -6.0000 -1.0000 -4.0000
v -7.0000 6.0000 -4.0000
v -6.0000 6.0000 -5.0000
v -6.0000 6.0000 -4.0000
v -6.0000 7.0000 -4.0000
v -6.0000 8.0000 -4.0000
v -6.0000 8.0000 -5.0000
v -6.0000 7.0000 -5.0000
v -7.0000 9.0000 -4.0000
v -6.0000 9.0000 -4.0000
v -6.0000 9.0000 -5.0000
v -7.0000 -15.0000 -5.0000
v -6.0000 -15.0000 -5.0000
v -6.0000 -15.0000 -6.0000
v -7.0000 -15.0000 -6.0000
v -7.0000 -16.0000 -5.0000
v -7.0000 -16.0000 -6.0000
v -6.0000 -16.0000 -6.0000
v -6.0000 -16.0000 -5.0000
v -7.0000 -10.0000 -5.0000
v -6.0000 -10.0000 -5.0000
v -6.0000 -10.0000 -6.0000
v -7.0000 -10.0000 -6.0000
v -7.0000 -11.0000 -5.0000
v -6.0000 -11.0000 -6.0000
v -6.0000 -11.0000 -5.0000
v -7.0000 -9.0000 -5.0000
v -6.0000 -9.0000 -6.0000
v -6.0000 -9.0000 -5.0000
v -6.0000 -8.0000 -5.0000
v -7.0000 -8.0000 -5.0000
v -6.0000 -5.0000 -6.0000
v -7.0000 -5.0000 -6.0000
v -6.0000 -6.0000 -6.0000
v -6.0000 0.0000 -6.0000
v -7.0000 0.0000 -6.0000
v -7.0000 -1.0000 -6.0000
v -6.0000 -1.0000 -6.0000
v -6.0000 7.0000 -6.0000
v -6.0000 6.0000 -6.0000
v -6.0000 9.0000 -6.0000
v -6.0000 8.0000 -6.0000
v -6.0000 -15.0000 -7.0000
v -7.0000 -16.0000 -7.0000
v -6.0000 -16.0000 -7.0000
v -7.0000 -14.0000 -6.0000
v -6.0000 -14.0000 -7.0000
v -6.0000 -14.0000 -6.0000
v -6.0000 -13.0000 -6.0000
v -6.0000 -13.0000 -7.0000
v -6.0000 -12.0000 -6.0000
v -6.0000 -12.0000 -7.0000
v -6.0000 -10.0000 -7.0000
v -6.0000 -6.0000 -7.0000
v -7.0000 -6.0000 -7.0000
v -6.0000 -7.0000 -7.0000
v -6.0000 6.0000 -7.0000
v -6.0000 7.0000 -7.0000
v -6.0000 8.0000 -7.0000
v -6.0000 9.0000 -7.0000
v -6.0000 -15.0000 -8.0000
v -6.0000 -16.0000 -8.0000
v -6.0000 -12.0000 -8.0000
v -6.0000 -11.0000 -7.0000
v -6.0000 -11.0000 -8.0000
v -6.0000 -10.0000 -8.0000
v -6.0000 -9.0000 -8.0000
v -6.0000 -9.0000 -7.0000
v -6.0000 -8.0000 -8.0000
v -6.0000 -8.0000 -7.0000
v -6.0000 -7.0000 -8.0000
v -6.0000 7.0000 -8.0000
v -6.0000 6.0000 -8.0000
v -6.0000 -16.0000 -9.0000
v -6.0000 -15.0000 -9.0000
v -6.0000 -14.0000 -8.0000
v -6.0000 -14.0000 -9.0000
v -7.0000 -14.0000 -9.0000
v -6.0000 -13.0000 -8.0000
v -6.0000 -13.0000 -9.0000
v -6.0000 -12.0000 -9.0000
v -6.0000 -10.0000 -9.0000
v -6.0000 -11.0000 -9.0000
v -6.0000 -9.0000 -9.0000
v -6.0000 -7.0000 -9.0000
v -7.0000 -7.0000 -9.0000
v -6.0000 -8.0000 -9.0000
v -6.0000 -14.0000 -10.0000
v -7.0000 -14.0000 -10.0000
v -7.0000 -15.0000 -10.0000
v -6.0000 -15.0000 -10.0000
v -6.0000 -11.0000 -10.0000
v -7.0000 -12.0000 -10.0000
v -6.0000 -12.0000 -10.0000
v -6.0000 -8.0000 -10.0000
v -7.0000 -8.0000 -10.0000
v -6.0000 -9.0000 -10.0000
v -6.0000 -15.0000 -11.0000
v -7.0000 -15.0000 -11.0000
v -7.0000 -16.0000 -10.0000
v -7.0000 -16.0000 -11.0000
v -6.0000 -16.0000 -11.0000
v -6.0000 -16.0000 -10.0000
v -7.0000 -14.0000 -12.0000
v -6.0000 -14.0000 -12.0000
v -6.0000 -14.0000 -13.0000
v -7.0000 -14.0000 -13.0000
v -7.0000 -15.0000 -12.0000
v -7.0000 -15.0000 -13.0000
v -6.0000 -15.0000 -13.0000
v -6.0000 -15.0000 -12.0000
v -6.0000 -15.0000 -14.0000
v -7.0000 -15.0000 -14.0000
v -7.0000 -16.0000 -13.0000
v -7.0000 -16.0000 -14.0000
v -6.0000 -16.0000 -14.0000
v -6.0000 -16.0000 -13.0000
v -6.0000 -1.0000 12.0000
v -5.0000 -1.0000 12.0000
v -5.0000 -1.0000 11.0000
v -6.0000 -1.0000 11.0000
v -6.0000 -2.0000 12.0000
v -6.0000 -2.0000 11.0000
v -5.0000 -2.0000 11.0000
v -5.0000 -2.0000 12.0000
v -6.0000 14.0000 6.0000
v -5.0000 14.0000 6.0000
v -5.0000 14.0000 5.0000
v -5.0000 13.0000 5.0000
v -5.0000 13.0000 6.0000
v -6.0000 -4.0000 5.0000
v -5.0000 -4.0000 5.0000
v -5.0000 -4.0000 4.0000
v -6.0000 -5.0000 5.0000
v -5.0000 -5.0000 4.0000
v -5.0000 -5.0000 5.0000
v -6.0000 7.0000 5.0000
v -5.0000 7.0000 4.0000
v -5.0000 7.0000 5.0000
v -5.0000 8.0000 5.0000
v -6.0000 8.0000 5.0000
v -5.0000 8.0000 4.0000
v -5.0000 9.0000 5.0000
v -6.0000 9.0000 5.0000
v -5.0000 9.0000 4.0000
v -6.0000 10.0000 5.0000
v -5.0000 10.0000 5.0000
v -5.0000 10.0000 4.0000
v -6.0000 10.0000 4.0000
v -5.0000 11.0000 4.0000
v -5.0000 11.0000 5.0000
v -5.0000 12.0000 5.0000
v -5.0000 12.0000 4.0000
v -5.0000 13.0000 4.0000
v -6.0000 15.0000 5.0000
v -5.0000 15.0000 5.0000
v -5.0000 15.0000 4.0000
v -6.0000 15.0000 4.0000
v -5.0000 14.0000 4.0000
v -6.0000 -6.0000 4.0000
v -5.0000 -6.0000 3.0000
v -5.0000 -6.0000 4.0000
v -6.0000 -3.0000 4.0000
v -5.0000 -3.0000 4.0000
v -5.0000 -3.0000 3.0000
v -6.0000 4.0000 4.0000
v -5.0000 4.0000 3.0000
v -5.0000 4.0000 4.0000
v -5.0000 5.0000 4.0000
v -6.0000 5.0000 4.0000
v -5.0000 5.0000 3.0000
v -6.0000 6.0000 4.0000
v -5.0000 6.0000 4.0000
v -5.0000 6.0000 3.0000
v -5.0000 12.0000 3.0000
v -6.0000 12.0000 3.0000
v -6.0000 11.0000 3.0000
v -5.0000 11.0000 3.0000
v -5.0000 14.0000 3.0000
v -6.0000 14.0000 3.0000
v -6.0000 13.0000 3.0000
v -5.0000 13.0000 3.0000
v -6.0000 -7.0000 3.0000
v -5.0000 -7.0000 2.0000
v -5.0000 -7.0000 3.0000
v -6.0000 -2.0000 3.0000
v -5.0000 -2.0000 3.0000
v -5.0000 -2.0000 2.0000
v -5.0000 4.0000 2.0000
v -6.0000 3.0000 3.0000
v -6.0000 3.0000 2.0000
v -5.0000 3.0000 2.0000
v -5.0000 3.0000 3.0000
v -6.0000 10.0000 3.0000
v -5.0000 10.0000 3.0000
v -5.0000 10.0000 2.0000
v -6.0000 10.0000 2.0000
v -6.0000 9.0000 2.0000
v -5.0000 9.0000 2.0000
v -5.0000 9.0000 3.0000
v -6.0000 -8.0000 2.0000
v -6.0000 -8.0000 1.0000
v -5.0000 -8.0000 1.0000
v -5.0000 -8.0000 2.0000
v -5.0000 -7.0000 1.0000
v -6.0000 -1.0000 2.0000
v -5.0000 -1.0000 2.0000
v -5.0000 -1.0000 1.0000
v -6.0000 -1.0000 1.0000
v -5.0000 3.0000 1.0000
v -6.0000 3.0000 1.0000
v -6.0000 2.0000 2.0000
v -6.0000 2.0000 1.0000
v -5.0000 2.0000 1.0000
v -5.0000 2.0000 2.0000
v -6.0000 11.0000 2.0000
v -5.0000 11.0000 2.0000
v -5.0000 11.0000 1.0000
v -5.0000 10.0000 1.0000
v -6.0000 -7.0000 -0.0000
v -5.0000 -7.0000 -0.0000
v -5.0000 -1.0000 -0.0000
v -6.0000 -1.0000 -0.0000
v -5.0000 3.0000 -0.0000
v -5.0000 2.0000 -0.0000
v -5.0000 7.0000 -0.0000
v -5.0000 7.0000 1.0000
v -5.0000 8.0000 1.0000
v -6.0000 8.0000 1.0000
v -6.0000 8.0000 -0.0000
v -5.0000 8.0000 -0.0000
v -5.0000 9.0000 1.0000
v -5.0000 9.0000 -0.0000
v -6.0000 12.0000 1.0000
v -5.0000 12.0000 1.0000
v -5.0000 12.0000 -0.0000
v -6.0000 12.0000 -0.0000
v -5.0000 11.0000 -0.0000
v -6.0000 -7.0000 -1.0000
v -5.0000 -7.0000 -1.0000
v -5.0000 -1.0000 -1.0000
v -6.0000 -1.0000 -1.0000
v -5.0000 3.0000 -1.0000
v -5.0000 2.0000 -1.0000
v -5.0000 10.0000 -1.0000
v -5.0000 10.0000 -0.0000
v -5.0000 11.0000 -1.0000
v -5.0000 12.0000 -1.0000
v -6.0000 12.0000 -1.0000
v -6.0000 13.0000 -0.0000
v -5.0000 13.0000 -0.0000
v -5.0000 13.0000 -1.0000
v -6.0000 13.0000 -1.0000
v -6.0000 -7.0000 -2.0000
v -5.0000 -7.0000 -2.0000
v -5.0000 -1.0000 -2.0000
v -5.0000 3.0000 -2.0000
v -6.0000 3.0000 -2.0000
v -5.0000 2.0000 -2.0000
v -5.0000 7.0000 -2.0000
v -5.0000 7.0000 -1.0000
v -5.0000 8.0000 -1.0000
v -6.0000 8.0000 -1.0000
v -6.0000 8.0000 -2.0000
v -5.0000 8.0000 -2.0000
v -5.0000 9.0000 -1.0000
v -5.0000 9.0000 -2.0000
v -5.0000 12.0000 -2.0000
v -6.0000 12.0000 -2.0000
v -5.0000 11.0000 -2.0000
v -6.0000 -7.0000 -3.0000
v -5.0000 -7.0000 -3.0000
v -5.0000 -1.0000 -3.0000
v -5.0000 -2.0000 -3.0000
v -5.0000 3.0000 -3.0000
v -6.0000 3.0000 -3.0000
v -6.0000 2.0000 -3.0000
v -5.0000 2.0000 -3.0000
v -5.0000 11.0000 -3.0000
v -6.0000 11.0000 -3.0000
v -6.0000 10.0000 -3.0000
v -5.0000 10.0000 -3.0000
v -5.0000 10.0000 -2.0000
v -5.0000 -7.0000 -4.0000
v -5.0000 -2.0000 -4.0000
v -6.0000 -2.0000 -4.0000
v -5.0000 -3.0000 -4.0000
v -5.0000 0.0000 -3.0000
v -5.0000 0.0000 -4.0000
v -5.0000 -1.0000 -4.0000
v -6.0000 6.0000 -3.0000
v -5.0000 6.0000 -4.0000
v -5.0000 6.0000 -3.0000
v -5.0000 7.0000 -3.0000
v -6.0000 7.0000 -3.0000
v -5.0000 8.0000 -3.0000
v -6.0000 8.0000 -3.0000
v -5.0000 8.0000 -4.0000
v -5.0000 7.0000 -4.0000
v -5.0000 9.0000 -3.0000
v -6.0000 9.0000 -3.0000
v -5.0000 9.0000 -4.0000
v -5.0000 10.0000 -4.0000
v -6.0000 10.0000 -4.0000
v -6.0000 13.0000 -3.0000
v -6.0000 13.0000 -4.0000
v -5.0000 13.0000 -4.0000
v -5.0000 13.0000 -3.0000
v -5.0000 14.0000 -3.0000
v -6.0000 14.0000 -3.0000
v -6.0000 14.0000 -4.0000
v -5.0000 14.0000 -4.0000
v -6.0000 15.0000 -3.0000
v -5.0000 15.0000 -3.0000
v -5.0000 15.0000 -4.0000
v -6.0000 15.0000 -4.0000
v -6.0000 -15.0000 -4.0000
v -5.0000 -15.0000 -4.0000
v -5.0000 -15.0000 -5.0000
v -6.0000 -16.0000 -4.0000
v -5.0000 -16.0000 -5.0000
v -5.0000 -16.0000 -4.0000
v -6.0000 -9.0000 -4.0000
v -5.0000 -9.0000 -4.0000
v -5.0000 -9.0000 -5.0000
v -6.0000 -10.0000 -4.0000
v -5.0000 -10.0000 -5.0000
v -5.0000 -10.0000 -4.0000
v -6.0000 -8.0000 -4.0000
v -5.0000 -8.0000 -5.0000
v -5.0000 -8.0000 -4.0000
v -5.0000 -3.0000 -5.0000
v -6.0000 -3.0000 -5.0000
v -5.0000 -4.0000 -5.0000
v -5.0000 7.0000 -5.0000
v -5.0000 6.0000 -5.0000
v -5.0000 10.0000 -5.0000
v -6.0000 10.0000 -5.0000
v -5.0000 9.0000 -5.0000
v -6.0000 11.0000 -4.0000
v -6.0000 11.0000 -5.0000
v -5.0000 11.0000 -5.0000
v -5.0000 11.0000 -4.0000
v -5.0000 12.0000 -4.0000
v -6.0000 12.0000 -4.0000
v -6.0000 12.0000 -5.0000
v -5.0000 12.0000 -5.0000
v -5.0000 13.0000 -5.0000
v -6.0000 13.0000 -5.0000
v -6.0000 -14.0000 -5.0000
v -5.0000 -14.0000 -5.0000
v -5.0000 -14.0000 -6.0000
v -5.0000 -15.0000 -6.0000
v -5.0000 -9.0000 -6.0000
v -5.0000 -4.0000 -6.0000
v -6.0000 -4.0000 -6.0000
v -5.0000 -5.0000 -6.0000
v -5.0000 7.0000 -6.0000
v -5.0000 6.0000 -6.0000
v -5.0000 8.0000 -6.0000
v -5.0000 8.0000 -5.0000
v -5.0000 9.0000 -6.0000
v -5.0000 10.0000 -6.0000
v -6.0000 10.0000 -6.0000
v -5.0000 -14.0000 -7.0000
v -5.0000 -15.0000 -7.0000
v -5.0000 -11.0000 -6.0000
v -5.0000 -11.0000 -7.0000
v -5.0000 -12.0000 -7.0000
v -5.0000 -12.0000 -6.0000
v -5.0000 -10.0000 -7.0000
v -5.0000 -10.0000 -6.0000
v -5.0000 -9.0000 -7.0000
v -5.0000 -8.0000 -7.0000
v -5.0000 -8.0000 -6.0000
v -5.0000 -5.0000 -7.0000
v -6.0000 -5.0000 -7.0000
v -5.0000 -6.0000 -7.0000
v -5.0000 0.0000 -6.0000
v -5.0000 0.0000 -7.0000
v -6.0000 0.0000 -7.0000
v -6.0000 -1.0000 -7.0000
v -5.0000 -1.0000 -7.0000
v -5.0000 -1.0000 -6.0000
v -5.0000 7.0000 -7.0000
v -5.0000 8.0000 -7.0000
v -5.0000 9.0000 -7.0000
v -5.0000 -14.0000 -8.0000
v -5.0000 -15.0000 -8.0000
v -5.0000 -12.0000 -8.0000
v -5.0000 -13.0000 -8.0000
v -5.0000 -13.0000 -7.0000
v -5.0000 -10.0000 -8.0000
v -5.0000 -11.0000 -8.0000
v -5.0000 -8.0000 -8.0000
v -5.0000 -7.0000 -8.0000
v -5.0000 -7.0000 -7.0000
v -5.0000 -6.0000 -8.0000
v -6.0000 -6.0000 -8.0000
v -5.0000 0.0000 -8.0000
v -6.0000 0.0000 -8.0000
v -6.0000 -1.0000 -8.0000
v -5.0000 -1.0000 -8.0000
v -5.0000 -14.0000 -9.0000
v -5.0000 -13.0000 -9.0000
v -5.0000 -12.0000 -9.0000
v -5.0000 -11.0000 -9.0000
v -5.0000 -9.0000 -9.0000
v -5.0000 -9.0000 -8.0000
v -5.0000 -8.0000 -9.0000
v -5.0000 -7.0000 -9.0000
v -5.0000 -15.0000 -9.0000
v -5.0000 -15.0000 -10.0000
v -5.0000 -16.0000 -10.0000
v -5.0000 -16.0000 -9.0000
v -5.0000 -13.0000 -10.0000
v -6.0000 -13.0000 -10.0000
v -5.0000 -14.0000 -10.0000
v -5.0000 -11.0000 -10.0000
v -5.0000 -10.0000 -9.0000
v -6.0000 -10.0000 -10.0000
v -5.0000 -10.0000 -10.0000
v -5.0000 -9.0000 -10.0000
v -6.0000 -14.0000 -11.0000
v -5.0000 -14.0000 -11.0000
v -6.0000 -13.0000 -11.0000
v -5.0000 -13.0000 -11.0000
v -5.0000 -12.0000 -10.0000
v -6.0000 -12.0000 -11.0000
v -5.0000 -12.0000 -11.0000
v -5.0000 -11.0000 -11.0000
v -6.0000 -11.0000 -11.0000
v -5.0000 -14.0000 -12.0000
v -5.0000 -15.0000 -12.0000
v -5.0000 -15.0000 -11.0000
v -5.0000 -15.0000 -13.0000
v -6.0000 -16.0000 -12.0000
v -5.0000 -16.0000 -13.0000
v -5.0000 -16.0000 -12.0000
v -5.0000 -1.0000 13.0000
v -4.0000 -1.0000 13.0000
v -4.0000 -1.0000 12.0000
v -5.0000 -2.0000 13.0000
v -4.0000 -2.0000 12.0000
v -4.0000 -2.0000 13.0000
v -5.0000 -3.0000 12.0000
v -5.0000 -3.0000 11.0000
v -4.0000 -3.0000 11.0000
v -4.0000 -3.0000 12.0000
v -4.0000 -1.0000 11.0000
v -4.0000 -2.0000 11.0000
v -5.0000 0.0000 12.0000
v -4.0000 0.0000 12.0000
v -4.0000 0.0000 11.0000
v -5.0000 0.0000 11.0000
v -4.0000 -2.0000 10.0000
v -5.0000 -2.0000 10.0000
v -5.0000 -3.0000 10.0000
v -4.0000 -3.0000 10.0000
v -5.0000 -4.0000 6.0000
v -4.0000 -4.0000 6.0000
v -4.0000 -4.0000 5.0000
v -5.0000 -5.0000 6.0000
v -4.0000 -5.0000 5.0000
v -4.0000 -5.0000 6.0000
v -5.0000 8.0000 6.0000
v -4.0000 8.0000 5.0000
v -4.0000 8.0000 6.0000
v -4.0000 9.0000 6.0000
v -5.0000 9.0000 6.0000
v -4.0000 9.0000 5.0000
v -4.0000 10.0000 6.0000
v -5.0000 10.0000 6.0000
v -4.0000 10.0000 5.0000
v -4.0000 11.0000 6.0000
v -5.0000 11.0000 6.0000
v -4.0000 11.0000 5.0000
v -4.0000 12.0000 6.0000
v -5.0000 12.0000 6.0000
v -4.0000 12.0000 5.0000
v -4.0000 13.0000 6.0000
v -4.0000 13.0000 5.0000
v -5.0000 -6.0000 5.0000
v -4.0000 -6.0000 4.0000
v -4.0000 -6.0000 5.0000
v -5.0000 -3.0000 5.0000
v -4.0000 -3.0000 5.0000
v -4.0000 -3.0000 4.0000
v -5.0000 5.0000 5.0000
v -4.0000 5.0000 4.0000
v -4.0000 5.0000 5.0000
v -4.0000 6.0000 5.0000
v -5.0000 6.0000 5.0000
v -4.0000 6.0000 4.0000
v -4.0000 7.0000 5.0000
v -4.0000 7.0000 4.0000
v -4.0000 15.0000 5.0000
v -4.0000 15.0000 4.0000
v -4.0000 14.0000 4.0000
v -4.0000 14.0000 5.0000
v -5.0000 -7.0000 4.0000
v -4.0000 -7.0000 3.0000
v -4.0000 -7.0000 4.0000
v -5.0000 -2.0000 4.0000
v -4.0000 -2.0000 4.0000
v -4.0000 -2.0000 3.0000
v -5.0000 -1.0000 4.0000
v -5.0000 -1.0000 3.0000
v -4.0000 -1.0000 3.0000
v -4.0000 -1.0000 4.0000
v -4.0000 0.0000 4.0000
v -5.0000 0.0000 4.0000
v -5.0000 0.0000 3.0000
v -4.0000 0.0000 3.0000
v -4.0000 1.0000 4.0000
v -5.0000 1.0000 4.0000
v -5.0000 1.0000 3.0000
v -4.0000 1.0000 3.0000
v -5.0000 2.0000 4.0000
v -4.0000 2.0000 4.0000
v -4.0000 2.0000 3.0000
v -5.0000 2.0000 3.0000
v -4.0000 10.0000 3.0000
v -4.0000 10.0000 4.0000
v -4.0000 11.0000 4.0000
v -4.0000 12.0000 4.0000
v -4.0000 12.0000 3.0000
v -4.0000 11.0000 3.0000
v -4.0000 13.0000 4.0000
v -4.0000 13.0000 3.0000
v -4.0000 14.0000 3.0000
v -4.0000 15.0000 3.0000
v -5.0000 15.0000 3.0000
v -5.0000 -8.0000 3.0000
v -4.0000 -8.0000 2.0000
v -4.0000 -8.0000 3.0000
v -4.0000 -1.0000 2.0000
v -4.0000 3.0000 3.0000
v -4.0000 3.0000 2.0000
v -4.0000 2.0000 2.0000
v -4.0000 11.0000 2.0000
v -4.0000 10.0000 2.0000
v -5.0000 -9.0000 2.0000
v -5.0000 -9.0000 1.0000
v -4.0000 -9.0000 1.0000
v -4.0000 -9.0000 2.0000
v -4.0000 -8.0000 1.0000
v -5.0000 0.0000 2.0000
v -4.0000 0.0000 2.0000
v -4.0000 0.0000 1.0000
v -5.0000 0.0000 1.0000
v -4.0000 3.0000 1.0000
v -4.0000 4.0000 2.0000
v -5.0000 4.0000 1.0000
v -4.0000 4.0000 1.0000
v -5.0000 5.0000 2.0000
v -4.0000 5.0000 2.0000
v -4.0000 5.0000 1.0000
v -5.0000 5.0000 1.0000
v -4.0000 11.0000 1.0000
v -4.0000 12.0000 2.0000
v -5.0000 12.0000 2.0000
v -4.0000 12.0000 1.0000
v -5.0000 13.0000 2.0000
v -4.0000 13.0000 2.0000
v -4.0000 13.0000 1.0000
v -5.0000 13.0000 1.0000
v -5.0000 -8.0000 -0.0000
v -4.0000 -8.0000 -0.0000
v -4.0000 0.0000 -0.0000
v -5.0000 0.0000 -0.0000
v -5.0000 5.0000 -0.0000
v -4.0000 5.0000 -0.0000
v -4.0000 6.0000 1.0000
v -5.0000 6.0000 1.0000
v -5.0000 6.0000 -0.0000
v -4.0000 6.0000 -0.0000
v -4.0000 7.0000 1.0000
v -4.0000 7.0000 -0.0000
v -5.0000 14.0000 1.0000
v -4.0000 14.0000 1.0000
v -4.0000 14.0000 -0.0000
v -5.0000 14.0000 -0.0000
v -4.0000 13.0000 -0.0000
v -5.0000 -8.0000 -1.0000
v -4.0000 -8.0000 -1.0000
v -4.0000 0.0000 -1.0000
v -5.0000 0.0000 -1.0000
v -4.0000 8.0000 -1.0000
v -4.0000 8.0000 -0.0000
v -4.0000 9.0000 -0.0000
v -4.0000 9.0000 -1.0000
v -4.0000 10.0000 -0.0000
v -4.0000 10.0000 -1.0000
v -5.0000 15.0000 -0.0000
v -4.0000 15.0000 -0.0000
v -4.0000 15.0000 -1.0000
v -5.0000 15.0000 -1.0000
v -5.0000 14.0000 -1.0000
v -4.0000 14.0000 -1.0000
v -5.0000 -8.0000 -2.0000
v -4.0000 -8.0000 -2.0000
v -4.0000 0.0000 -2.0000
v -5.0000 0.0000 -2.0000
v -5.0000 5.0000 -1.0000
v -5.0000 5.0000 -2.0000
v -4.0000 5.0000 -2.0000
v -4.0000 5.0000 -1.0000
v -4.0000 6.0000 -1.0000
v -5.0000 6.0000 -1.0000
v -5.0000 6.0000 -2.0000
v -4.0000 6.0000 -2.0000
v -4.0000 7.0000 -1.0000
v -4.0000 7.0000 -2.0000
v -4.0000 14.0000 -2.0000
v -5.0000 14.0000 -2.0000
v -5.0000 13.0000 -2.0000
v -4.0000 13.0000 -2.0000
v -4.0000 13.0000 -1.0000
v -5.0000 -8.0000 -3.0000
v -4.0000 -8.0000 -3.0000
v -4.0000 0.0000 -3.0000
v -4.0000 -1.0000 -3.0000
v -4.0000 6.0000 -3.0000
v -4.0000 8.0000 -2.0000
v -4.0000 8.0000 -3.0000
v -4.0000 7.0000 -3.0000
v -4.0000 11.0000 -3.0000
v -4.0000 11.0000 -2.0000
v -4.0000 12.0000 -2.0000
v -5.0000 12.0000 -3.0000
v -4.0000 12.0000 -3.0000
v -4.0000 13.0000 -3.0000
v -5.0000 16.0000 -2.0000
v -4.0000 16.0000 -2.0000
v -4.0000 16.0000 -3.0000
v -5.0000 16.0000 -3.0000
v -5.0000 15.0000 -2.0000
v -4.0000 15.0000 -3.0000
v -4.0000 15.0000 -2.0000
v -5.0000 -15.0000 -3.0000
v -4.0000 -15.0000 -3.0000
v -4.0000 -15.0000 -4.0000
v -5.0000 -16.0000 -3.0000
v -4.0000 -16.0000 -4.0000
v -4.0000 -16.0000 -3.0000
v -5.0000 -9.0000 -3.0000
v -4.0000 -9.0000 -4.0000
v -4.0000 -9.0000 -3.0000
v -4.0000 -8.0000 -4.0000
v -4.0000 -1.0000 -4.0000
v -4.0000 -2.0000 -4.0000
v -4.0000 3.0000 -3.0000
v -4.0000 3.0000 -4.0000
v -5.0000 3.0000 -4.0000
v -5.0000 2.0000 -4.0000
v -4.0000 2.0000 -4.0000
v -4.0000 2.0000 -3.0000
v -4.0000 7.0000 -4.0000
v -4.0000 6.0000 -4.0000
v -4.0000 11.0000 -4.0000
v -4.0000 10.0000 -4.0000
v -4.0000 10.0000 -3.0000
v -4.0000 -8.0000 -5.0000
v -4.0000 -2.0000 -5.0000
v -5.0000 -2.0000 -5.0000
v -4.0000 -3.0000 -5.0000
v -4.0000 0.0000 -4.0000
v -4.0000 0.0000 -5.0000
v -5.0000 0.0000 -5.0000
v -5.0000 -1.0000 -5.0000
v -4.0000 -1.0000 -5.0000
v -5.0000 4.0000 -4.0000
v -4.0000 4.0000 -4.0000
v -4.0000 4.0000 -5.0000
v -5.0000 4.0000 -5.0000
v -5.0000 3.0000 -5.0000
v -4.0000 3.0000 -5.0000
v -4.0000 7.0000 -5.0000
v -4.0000 6.0000 -5.0000
v -4.0000 -15.0000 -5.0000
v -4.0000 -15.0000 -6.0000
v -5.0000 -16.0000 -6.0000
v -4.0000 -16.0000 -6.0000
v -4.0000 -16.0000 -5.0000
v -5.0000 -11.0000 -5.0000
v -4.0000 -11.0000 -5.0000
v -4.0000 -11.0000 -6.0000
v -5.0000 -12.0000 -5.0000
v -4.0000 -12.0000 -6.0000
v -4.0000 -12.0000 -5.0000
v -4.0000 -9.0000 -6.0000
v -4.0000 -9.0000 -5.0000
v -4.0000 -8.0000 -6.0000
v -4.0000 -3.0000 -6.0000
v -5.0000 -3.0000 -6.0000
v -4.0000 -4.0000 -6.0000
v -4.0000 3.0000 -6.0000
v -5.0000 3.0000 -6.0000
v -5.0000 2.0000 -5.0000
v -5.0000 2.0000 -6.0000
v -4.0000 2.0000 -6.0000
v -4.0000 2.0000 -5.0000
v -4.0000 7.0000 -6.0000
v -4.0000 6.0000 -6.0000
v -4.0000 9.0000 -6.0000
v -4.0000 9.0000 -5.0000
v -4.0000 10.0000 -5.0000
v -4.0000 10.0000 -6.0000
v -4.0000 11.0000 -5.0000
v -4.0000 11.0000 -6.0000
v -5.0000 11.0000 -6.0000
v -4.0000 -15.0000 -7.0000
v -5.0000 -16.0000 -7.0000
v -4.0000 -16.0000 -7.0000
v -4.0000 -8.0000 -7.0000
v -4.0000 -7.0000 -7.0000
v -4.0000 -7.0000 -6.0000
v -4.0000 -4.0000 -7.0000
v -5.0000 -4.0000 -7.0000
v -4.0000 -5.0000 -7.0000
v -4.0000 2.0000 -7.0000
v -5.0000 2.0000 -7.0000
v -5.0000 1.0000 -6.0000
v -5.0000 1.0000 -7.0000
v -4.0000 1.0000 -7.0000
v -4.0000 1.0000 -6.0000
v -5.0000 12.0000 -6.0000
v -4.0000 12.0000 -6.0000
v -4.0000 12.0000 -7.0000
v -5.0000 12.0000 -7.0000
v -5.0000 11.0000 -7.0000
v -4.0000 11.0000 -7.0000
v -4.0000 -15.0000 -8.0000
v -5.0000 -16.0000 -8.0000
v -4.0000 -16.0000 -8.0000
v -4.0000 -13.0000 -7.0000
v -4.0000 -13.0000 -8.0000
v -4.0000 -14.0000 -8.0000
v -4.0000 -14.0000 -7.0000
v -4.0000 -9.0000 -7.0000
v -4.0000 -9.0000 -8.0000
v -4.0000 -10.0000 -8.0000
v -4.0000 -10.0000 -7.0000
v -4.0000 -7.0000 -8.0000
v -4.0000 -6.0000 -8.0000
v -4.0000 -6.0000 -7.0000
v -4.0000 -5.0000 -8.0000
v -5.0000 -5.0000 -8.0000
v -4.0000 1.0000 -8.0000
v -5.0000 1.0000 -8.0000
v -4.0000 0.0000 -8.0000
v -4.0000 0.0000 -7.0000
v -5.0000 5.0000 -7.0000
v -5.0000 5.0000 -8.0000
v -4.0000 5.0000 -8.0000
v -4.0000 5.0000 -7.0000
v -4.0000 6.0000 -7.0000
v -5.0000 6.0000 -7.0000
v -5.0000 6.0000 -8.0000
v -4.0000 6.0000 -8.0000
v -4.0000 7.0000 -7.0000
v -5.0000 7.0000 -8.0000
v -4.0000 7.0000 -8.0000
v -4.0000 8.0000 -7.0000
v -5.0000 8.0000 -8.0000
v -4.0000 8.0000 -8.0000
v -4.0000 9.0000 -7.0000
v -4.0000 9.0000 -8.0000
v -5.0000 9.0000 -8.0000
v -4.0000 -14.0000 -9.0000
v -4.0000 -15.0000 -9.0000
v -4.0000 -12.0000 -8.0000
v -4.0000 -12.0000 -9.0000
v -4.0000 -13.0000 -9.0000
v -4.0000 -10.0000 -9.0000
v -4.0000 -11.0000 -9.0000
v -4.0000 -11.0000 -8.0000
v -4.0000 -6.0000 -9.0000
v -5.0000 -6.0000 -9.0000
v -4.0000 -7.0000 -9.0000
v -4.0000 -15.0000 -10.0000
v -4.0000 -14.0000 -10.0000
v -4.0000 -13.0000 -10.0000
v -4.0000 -11.0000 -10.0000
v -4.0000 -12.0000 -10.0000
v -5.0000 -16.0000 -11.0000
v -4.0000 -16.0000 -11.0000
v -4.0000 -16.0000 -10.0000
v -4.0000 -15.0000 -11.0000
v -4.0000 -14.0000 -11.0000
v -4.0000 -15.0000 -12.0000
v -4.0000 -16.0000 -12.0000
v -4.0000 -1.0000 14.0000
v -3.0000 -1.0000 14.0000
v -3.0000 -1.0000 13.0000
v -4.0000 -2.0000 14.0000
v -3.0000 -2.0000 13.0000
v -3.0000 -2.0000 14.0000
v -4.0000 -3.0000 13.0000
v -3.0000 -3.0000 12.0000
v -3.0000 -3.0000 13.0000
v -4.0000 0.0000 13.0000
v -3.0000 0.0000 13.0000
v -3.0000 0.0000 12.0000
v -3.0000 -1.0000 12.0000
v -4.0000 -4.0000 12.0000
v -4.0000 -4.0000 11.0000
v -3.0000 -4.0000 11.0000
v -3.0000 -4.0000 12.0000
v -3.0000 0.0000 11.0000
v -3.0000 -1.0000 11.0000
v -4.0000 1.0000 12.0000
v -3.0000 1.0000 12.0000
v -3.0000 1.0000 11.0000
v -4.0000 1.0000 11.0000
v -4.0000 -4.0000 10.0000
v -3.0000 -4.0000 10.0000
v -3.0000 -3.0000 10.0000
v -3.0000 -1.0000 10.0000
v -4.0000 -1.0000 10.0000
v -3.0000 -2.0000 10.0000
v -3.0000 -2.0000 9.0000
v -4.0000 -2.0000 9.0000
v -4.0000 -3.0000 9.0000
v -3.0000 -3.0000 9.0000
v -4.0000 -4.0000 9.0000
v -3.0000 -4.0000 9.0000
v -3.0000 -4.0000 8.0000
v -4.0000 -4.0000 8.0000
v -4.0000 -5.0000 9.0000
v -4.0000 -5.0000 8.0000
v -3.0000 -5.0000 8.0000
v -3.0000 -5.0000 9.0000
v -3.0000 -4.0000 7.0000
v -4.0000 -4.0000 7.0000
v -4.0000 -5.0000 7.0000
v -3.0000 -5.0000 7.0000
v -4.0000 -7.0000 7.0000
v -3.0000 -7.0000 7.0000
v -3.0000 -7.0000 6.0000
v -4.0000 -7.0000 6.0000
v -4.0000 -8.0000 7.0000
v -4.0000 -8.0000 6.0000
v -3.0000 -8.0000 6.0000
v -3.0000 -8.0000 7.0000
v -4.0000 -2.0000 7.0000
v -3.0000 -2.0000 7.0000
v -3.0000 -2.0000 6.0000
v -4.0000 -2.0000 6.0000
v -4.0000 -3.0000 7.0000
v -4.0000 -3.0000 6.0000
v -3.0000 -3.0000 6.0000
v -3.0000 -3.0000 7.0000
v -4.0000 9.0000 7.0000
v -3.0000 9.0000 7.0000
v -3.0000 9.0000 6.0000
v -4.0000 8.0000 7.0000
v -3.0000 8.0000 6.0000
v -3.0000 8.0000 7.0000
v -3.0000 -7.0000 5.0000
v -4.0000 -7.0000 5.0000
v -4.0000 -8.0000 5.0000
v -3.0000 -8.0000 5.0000
v -4.0000 -6.0000 6.0000
v -3.0000 -6.0000 5.0000
v -3.0000 -6.0000 6.0000
v -3.0000 -5.0000 6.0000
v -3.0000 -4.0000 6.0000
v -3.0000 -3.0000 5.0000
v -4.0000 5.0000 6.0000
v -3.0000 5.0000 6.0000
v -3.0000 5.0000 5.0000
v -4.0000 4.0000 6.0000
v -4.0000 4.0000 5.0000
v -3.0000 4.0000 5.0000
v -3.0000 4.0000 6.0000
v -3.0000 -7.0000 4.0000
v -4.0000 -2.0000 5.0000
v -3.0000 -2.0000 5.0000
v -3.0000 -2.0000 4.0000
v -4.0000 -1.0000 5.0000
v -3.0000 -1.0000 4.0000
v -3.0000 -1.0000 5.0000
v -3.0000 0.0000 5.0000
v -4.0000 0.0000 5.0000
v -3.0000 0.0000 4.0000
v -4.0000 1.0000 5.0000
v -3.0000 1.0000 5.0000
v -3.0000 1.0000 4.0000
v -3.0000 6.0000 5.0000
v -3.0000 6.0000 4.0000
v -3.0000 5.0000 4.0000
v -3.0000 7.0000 4.0000
v -3.0000 7.0000 5.0000
v -3.0000 8.0000 5.0000
v -4.0000 8.0000 4.0000
v -3.0000 8.0000 4.0000
v -3.0000 9.0000 5.0000
v -3.0000 9.0000 4.0000
v -4.0000 9.0000 4.0000
v -3.0000 15.0000 5.0000
v -3.0000 15.0000 4.0000
v -3.0000 14.0000 4.0000
v -3.0000 14.0000 5.0000
v -4.0000 -8.0000 4.0000
v -3.0000 -8.0000 3.0000
v -3.0000 -8.0000 4.0000
v -3.0000 -1.0000 3.0000
v -4.0000 3.0000 4.0000
v -3.0000 3.0000 4.0000
v -3.0000 3.0000 3.0000
v -3.0000 2.0000 3.0000
v -3.0000 2.0000 4.0000
v -4.0000 9.0000 3.0000
v -3.0000 9.0000 3.0000
v -3.0000 10.0000 4.0000
v -3.0000 11.0000 4.0000
v -3.0000 11.0000 3.0000
v -3.0000 10.0000 3.0000
v -4.0000 16.0000 4.0000
v -3.0000 16.0000 4.0000
v -3.0000 16.0000 3.0000
v -4.0000 16.0000 3.0000
v -3.0000 15.0000 3.0000
v -4.0000 -9.0000 3.0000
v -3.0000 -9.0000 2.0000
v -3.0000 -9.0000 3.0000
v -3.0000 0.0000 3.0000
v -3.0000 0.0000 2.0000
v -3.0000 3.0000 2.0000
v -3.0000 4.0000 3.0000
v -4.0000 4.0000 3.0000
v -3.0000 4.0000 2.0000
v -4.0000 5.0000 3.0000
v -3.0000 5.0000 3.0000
v -3.0000 5.0000 2.0000
v -4.0000 8.0000 3.0000
v -4.0000 8.0000 2.0000
v -3.0000 8.0000 2.0000
v -3.0000 8.0000 3.0000
v -4.0000 9.0000 2.0000
v -3.0000 9.0000 2.0000
v -3.0000 10.0000 2.0000
v -3.0000 12.0000 3.0000
v -3.0000 12.0000 2.0000
v -3.0000 11.0000 2.0000
v -3.0000 -9.0000 1.0000
v -3.0000 1.0000 2.0000
v -4.0000 1.0000 2.0000
v -4.0000 1.0000 1.0000
v -3.0000 2.0000 2.0000
v -4.0000 2.0000 1.0000
v -3.0000 3.0000 1.0000
v -3.0000 5.0000 1.0000
v -3.0000 6.0000 2.0000
v -4.0000 6.0000 2.0000
v -3.0000 6.0000 1.0000
v -3.0000 7.0000 2.0000
v -4.0000 7.0000 2.0000
v -3.0000 7.0000 1.0000
v -3.0000 8.0000 1.0000
v -4.0000 8.0000 1.0000
v -4.0000 14.0000 2.0000
v -3.0000 14.0000 2.0000
v -3.0000 14.0000 1.0000
v -3.0000 13.0000 1.0000
v -3.0000 13.0000 2.0000
v -4.0000 16.0000 2.0000
v -3.0000 16.0000 2.0000
v -3.0000 16.0000 1.0000
v -4.0000 16.0000 1.0000
v -4.0000 15.0000 2.0000
v -4.0000 15.0000 1.0000
v -3.0000 15.0000 1.0000
v -3.0000 15.0000 2.0000
v -4.0000 -9.0000 -0.0000
v -3.0000 -9.0000 -0.0000
v -4.0000 1.0000 -0.0000
v -4.0000 2.0000 -0.0000
v -3.0000 3.0000 -0.0000
v -4.0000 3.0000 -0.0000
v -3.0000 16.0000 -0.0000
v -4.0000 16.0000 -0.0000
v -3.0000 15.0000 -0.0000
v -4.0000 -9.0000 -1.0000
v -3.0000 -9.0000 -1.0000
v -4.0000 1.0000 -1.0000
v -4.0000 2.0000 -1.0000
v -3.0000 3.0000 -1.0000
v -4.0000 3.0000 -1.0000
v -3.0000 6.0000 -1.0000
v -3.0000 6.0000 -0.0000
v -3.0000 7.0000 -0.0000
v -3.0000 7.0000 -1.0000
v -3.0000 8.0000 -0.0000
v -3.0000 8.0000 -1.0000
v -3.0000 16.0000 -1.0000
v -4.0000 16.0000 -1.0000
v -3.0000 15.0000 -1.0000
v -4.0000 -9.0000 -2.0000
v -3.0000 -9.0000 -2.0000
v -4.0000 1.0000 -2.0000
v -4.0000 2.0000 -2.0000
v -3.0000 3.0000 -2.0000
v -4.0000 3.0000 -2.0000
v -3.0000 16.0000 -2.0000
v -3.0000 15.0000 -2.0000
v -3.0000 -9.0000 -3.0000
v -4.0000 1.0000 -3.0000
v -3.0000 1.0000 -3.0000
v -3.0000 0.0000 -3.0000
v -3.0000 2.0000 -3.0000
v -3.0000 3.0000 -3.0000
v -4.0000 5.0000 -3.0000
v -3.0000 5.0000 -3.0000
v -3.0000 5.0000 -2.0000
v -3.0000 6.0000 -2.0000
v -3.0000 6.0000 -3.0000
v -3.0000 7.0000 -2.0000
v -3.0000 7.0000 -3.0000
v -3.0000 8.0000 -2.0000
v -3.0000 8.0000 -3.0000
v -3.0000 14.0000 -2.0000
v -3.0000 14.0000 -3.0000
v -4.0000 14.0000 -3.0000
v -3.0000 13.0000 -3.0000
v -3.0000 13.0000 -2.0000
v -3.0000 16.0000 -3.0000
v -3.0000 15.0000 -3.0000
v -3.0000 -9.0000 -4.0000
v -3.0000 0.0000 -4.0000
v -3.0000 -1.0000 -4.0000
v -3.0000 3.0000 -4.0000
v -3.0000 4.0000 -3.0000
v -4.0000 4.0000 -3.0000
v -3.0000 4.0000 -4.0000
v -3.0000 5.0000 -4.0000
v -4.0000 5.0000 -4.0000
v -3.0000 7.0000 -4.0000
v -3.0000 6.0000 -4.0000
v -4.0000 8.0000 -4.0000
v -3.0000 8.0000 -4.0000
v -3.0000 9.0000 -3.0000
v -4.0000 9.0000 -3.0000
v -4.0000 9.0000 -4.0000
v -3.0000 9.0000 -4.0000
v -3.0000 10.0000 -3.0000
v -3.0000 10.0000 -4.0000
v -3.0000 12.0000 -3.0000
v -3.0000 12.0000 -4.0000
v -4.0000 12.0000 -4.0000
v -3.0000 11.0000 -4.0000
v -3.0000 11.0000 -3.0000
v -3.0000 14.0000 -4.0000
v -4.0000 14.0000 -4.0000
v -4.0000 13.0000 -4.0000
v -3.0000 13.0000 -4.0000
v -3.0000 -9.0000 -5.0000
v -3.0000 -8.0000 -5.0000
v -3.0000 -1.0000 -5.0000
v -3.0000 -2.0000 -5.0000
v -3.0000 3.0000 -5.0000
v -3.0000 2.0000 -5.0000
v -3.0000 2.0000 -4.0000
v -3.0000 7.0000 -5.0000
v -3.0000 6.0000 -5.0000
v -3.0000 9.0000 -5.0000
v -3.0000 10.0000 -5.0000
v -3.0000 11.0000 -5.0000
v -4.0000 -10.0000 -5.0000
v -3.0000 -10.0000 -5.0000
v -3.0000 -10.0000 -6.0000
v -4.0000 -10.0000 -6.0000
v -3.0000 -11.0000 -6.0000
v -3.0000 -11.0000 -5.0000
v -3.0000 -8.0000 -6.0000
v -3.0000 -7.0000 -6.0000
v -3.0000 -2.0000 -6.0000
v -4.0000 -2.0000 -6.0000
v -3.0000 -3.0000 -6.0000
v -3.0000 0.0000 -5.0000
v -3.0000 0.0000 -6.0000
v -4.0000 0.0000 -6.0000
v -4.0000 -1.0000 -6.0000
v -3.0000 -1.0000 -6.0000
v -3.0000 7.0000 -6.0000
v -3.0000 8.0000 -5.0000
v -4.0000 8.0000 -5.0000
v -4.0000 8.0000 -6.0000
v -3.0000 8.0000 -6.0000
v -3.0000 9.0000 -6.0000
v -3.0000 -7.0000 -7.0000
v -3.0000 -6.0000 -7.0000
v -3.0000 -3.0000 -7.0000
v -4.0000 -3.0000 -7.0000
v -3.0000 -4.0000 -7.0000
v -3.0000 10.0000 -6.0000
v -3.0000 10.0000 -7.0000
v -4.0000 10.0000 -7.0000
v -3.0000 9.0000 -7.0000
v -4.0000 13.0000 -6.0000
v -3.0000 13.0000 -6.0000
v -3.0000 13.0000 -7.0000
v -4.0000 13.0000 -7.0000
v -3.0000 12.0000 -7.0000
v -3.0000 12.0000 -6.0000
v -3.0000 -10.0000 -7.0000
v -3.0000 -10.0000 -8.0000
v -4.0000 -11.0000 -7.0000
v -3.0000 -11.0000 -8.0000
v -3.0000 -11.0000 -7.0000
v -3.0000 -6.0000 -8.0000
v -3.0000 -5.0000 -8.0000
v -3.0000 -4.0000 -8.0000
v -4.0000 -4.0000 -8.0000
v -3.0000 -15.0000 -8.0000
v -3.0000 -15.0000 -9.0000
v -4.0000 -16.0000 -9.0000
v -3.0000 -16.0000 -9.0000
v -3.0000 -16.0000 -8.0000
v -3.0000 -11.0000 -9.0000
v -3.0000 -12.0000 -9.0000
v -3.0000 -12.0000 -8.0000
v -4.0000 -9.0000 -9.0000
v -3.0000 -9.0000 -9.0000
v -3.0000 -9.0000 -8.0000
v -3.0000 -8.0000 -8.0000
v -4.0000 -8.0000 -8.0000
v -4.0000 -8.0000 -9.0000
v -3.0000 -8.0000 -9.0000
v -3.0000 -7.0000 -8.0000
v -3.0000 -7.0000 -9.0000
v -3.0000 0.0000 -8.0000
v -3.0000 0.0000 -9.0000
v -4.0000 0.0000 -9.0000
v -4.0000 -1.0000 -8.0000
v -4.0000 -1.0000 -9.0000
v -3.0000 -1.0000 -9.0000
v -3.0000 -1.0000 -8.0000
v -4.0000 2.0000 -8.0000
v -4.0000 2.0000 -9.0000
v -3.0000 2.0000 -9.0000
v -3.0000 2.0000 -8.0000
v -3.0000 3.0000 -8.0000
v -4.0000 3.0000 -8.0000
v -4.0000 3.0000 -9.0000
v -3.0000 3.0000 -9.0000
v -3.0000 4.0000 -8.0000
v -4.0000 4.0000 -8.0000
v -4.0000 4.0000 -9.0000
v -3.0000 4.0000 -9.0000
v -3.0000 5.0000 -8.0000
v -3.0000 5.0000 -9.0000
v -4.0000 5.0000 -9.0000
v -3.0000 8.0000 -8.0000
v -3.0000 8.0000 -9.0000
v -4.0000 8.0000 -9.0000
v -4.0000 7.0000 -9.0000
v -3.0000 7.0000 -9.0000
v -3.0000 7.0000 -8.0000
v -3.0000 -15.0000 -10.0000
v -3.0000 -16.0000 -10.0000
v -2.0000 -2.0000 14.0000
v -2.0000 -2.0000 13.0000
v -3.0000 -3.0000 14.0000
v -2.0000 -3.0000 13.0000
v -2.0000 -3.0000 14.0000
v -3.0000 -4.0000 13.0000
v -2.0000 -4.0000 12.0000
v -2.0000 -4.0000 13.0000
v -2.0000 -1.0000 13.0000
v -2.0000 -1.0000 12.0000
v -2.0000 -2.0000 12.0000
v -3.0000 -6.0000 12.0000
v -3.0000 -6.0000 11.0000
v -2.0000 -6.0000 11.0000
v -2.0000 -6.0000 12.0000
v -2.0000 -5.0000 12.0000
v -3.0000 -5.0000 12.0000
v -3.0000 -5.0000 11.0000
v -2.0000 0.0000 12.0000
v -2.0000 0.0000 11.0000
v -2.0000 -1.0000 11.0000
v -3.0000 -6.0000 10.0000
v -2.0000 -6.0000 10.0000
v -3.0000 -5.0000 10.0000
v -2.0000 -5.0000 10.0000
v -2.0000 -4.0000 10.0000
v -2.0000 -1.0000 10.0000
v -2.0000 -4.0000 9.0000
v -2.0000 -3.0000 9.0000
v -2.0000 -1.0000 9.0000
v -3.0000 -1.0000 9.0000
v -2.0000 -2.0000 9.0000
v -2.0000 -2.0000 10.0000
v -3.0000 -6.0000 9.0000
v -2.0000 -6.0000 9.0000
v -2.0000 -6.0000 8.0000
v -3.0000 -6.0000 8.0000
v -3.0000 -7.0000 9.0000
v -3.0000 -7.0000 8.0000
v -2.0000 -7.0000 8.0000
v -2.0000 -7.0000 9.0000
v -2.0000 -2.0000 8.0000
v -3.0000 -2.0000 8.0000
v -3.0000 -3.0000 8.0000
v -2.0000 -3.0000 8.0000
v -2.0000 -6.0000 7.0000
v -3.0000 -6.0000 7.0000
v -2.0000 -7.0000 7.0000
v -2.0000 -2.0000 7.0000
v -2.0000 -3.0000 7.0000
v -2.0000 -4.0000 7.0000
v -2.0000 -4.0000 6.0000
v -2.0000 -5.0000 6.0000
v -2.0000 -5.0000 7.0000
v -3.0000 0.0000 7.0000
v -2.0000 0.0000 7.0000
v -2.0000 0.0000 6.0000
v -3.0000 0.0000 6.0000
v -3.0000 -1.0000 7.0000
v -3.0000 -1.0000 6.0000
v -2.0000 -1.0000 6.0000
v -2.0000 -1.0000 7.0000
v -3.0000 10.0000 7.0000
v -2.0000 10.0000 7.0000
v -2.0000 10.0000 6.0000
v -3.0000 10.0000 6.0000
v -2.0000 9.0000 6.0000
v -2.0000 9.0000 7.0000
v -2.0000 -7.0000 5.0000
v -2.0000 -7.0000 6.0000
v -2.0000 -6.0000 6.0000
v -2.0000 -3.0000 6.0000
v -2.0000 -2.0000 6.0000
v -2.0000 -2.0000 5.0000
v -2.0000 0.0000 5.0000
v -2.0000 -1.0000 5.0000
v -2.0000 4.0000 6.0000
v -2.0000 4.0000 5.0000
v -3.0000 3.0000 6.0000
v -3.0000 3.0000 5.0000
v -2.0000 3.0000 5.0000
v -2.0000 3.0000 6.0000
v -3.0000 6.0000 6.0000
v -2.0000 6.0000 6.0000
v -2.0000 6.0000 5.0000
v -2.0000 5.0000 5.0000
v -2.0000 5.0000 6.0000
v -3.0000 10.0000 5.0000
v -2.0000 10.0000 5.0000
v -2.0000 11.0000 6.0000
v -3.0000 11.0000 6.0000
v -3.0000 11.0000 5.0000
v -2.0000 11.0000 5.0000
v -2.0000 12.0000 6.0000
v -3.0000 12.0000 6.0000
v -3.0000 12.0000 5.0000
v -2.0000 12.0000 5.0000
v -2.0000 13.0000 6.0000
v -3.0000 13.0000 6.0000
v -3.0000 13.0000 5.0000
v -2.0000 13.0000 5.0000
v -3.0000 14.0000 6.0000
v -2.0000 14.0000 6.0000
v -2.0000 14.0000 5.0000
v -2.0000 -8.0000 4.0000
v -2.0000 -8.0000 5.0000
v -2.0000 -1.0000 4.0000
v -2.0000 3.0000 4.0000
v -3.0000 2.0000 5.0000
v -2.0000 2.0000 4.0000
v -2.0000 2.0000 5.0000
v -2.0000 5.0000 4.0000
v -2.0000 6.0000 4.0000
v -2.0000 7.0000 5.0000
v -2.0000 7.0000 4.0000
v -3.0000 -9.0000 4.0000
v -2.0000 -9.0000 3.0000
v -2.0000 -9.0000 4.0000
v -2.0000 0.0000 4.0000
v -2.0000 0.0000 3.0000
v -3.0000 7.0000 3.0000
v -2.0000 7.0000 3.0000
v -2.0000 8.0000 4.0000
v -2.0000 9.0000 4.0000
v -2.0000 10.0000 4.0000
v -2.0000 10.0000 3.0000
v -2.0000 9.0000 3.0000
v -3.0000 -10.0000 3.0000
v -3.0000 -10.0000 2.0000
v -2.0000 -10.0000 2.0000
v -2.0000 -10.0000 3.0000
v -2.0000 1.0000 3.0000
v -3.0000 1.0000 3.0000
v -2.0000 2.0000 3.0000
v -2.0000 3.0000 3.0000
v -2.0000 3.0000 2.0000
v -3.0000 6.0000 3.0000
v -2.0000 6.0000 2.0000
v -2.0000 6.0000 3.0000
v -2.0000 7.0000 2.0000
v -2.0000 8.0000 2.0000
v -2.0000 9.0000 2.0000
v -3.0000 14.0000 3.0000
v -2.0000 14.0000 3.0000
v -2.0000 14.0000 2.0000
v -3.0000 13.0000 3.0000
v -2.0000 13.0000 2.0000
v -2.0000 13.0000 3.0000
v -2.0000 16.0000 3.0000
v -2.0000 16.0000 2.0000
v -2.0000 15.0000 2.0000
v -2.0000 15.0000 3.0000
v -3.0000 -10.0000 1.0000
v -2.0000 -10.0000 1.0000
v -2.0000 4.0000 2.0000
v -3.0000 4.0000 1.0000
v -2.0000 5.0000 2.0000
v -2.0000 6.0000 1.0000
v -2.0000 13.0000 1.0000
v -3.0000 12.0000 1.0000
v -2.0000 12.0000 1.0000
v -2.0000 12.0000 2.0000
v -2.0000 14.0000 1.0000
v -2.0000 16.0000 1.0000
v -3.0000 -10.0000 -0.0000
v -2.0000 -10.0000 -0.0000
v -3.0000 4.0000 -0.0000
v -3.0000 5.0000 -0.0000
v -2.0000 6.0000 -0.0000
v -3.0000 14.0000 -0.0000
v -2.0000 14.0000 -0.0000
v -2.0000 16.0000 -0.0000
v -3.0000 -10.0000 -1.0000
v -2.0000 -10.0000 -1.0000
v -3.0000 4.0000 -1.0000
v -3.0000 5.0000 -1.0000
v -2.0000 6.0000 -1.0000
v -3.0000 14.0000 -1.0000
v -2.0000 14.0000 -1.0000
v -2.0000 16.0000 -1.0000
v -3.0000 -10.0000 -2.0000
v -2.0000 -10.0000 -2.0000
v -3.0000 4.0000 -2.0000
v -2.0000 6.0000 -2.0000
v -2.0000 14.0000 -2.0000
v -2.0000 16.0000 -2.0000
v -3.0000 -10.0000 -3.0000
v -2.0000 -10.0000 -3.0000
v -2.0000 4.0000 -3.0000
v -2.0000 3.0000 -3.0000
v -2.0000 5.0000 -3.0000
v -2.0000 6.0000 -3.0000
v -2.0000 13.0000 -2.0000
v -2.0000 13.0000 -3.0000
v -3.0000 12.0000 -2.0000
v -2.0000 12.0000 -3.0000
v -2.0000 12.0000 -2.0000
v -2.0000 14.0000 -3.0000
v -2.0000 15.0000 -3.0000
v -2.0000 16.0000 -3.0000
v -3.0000 -10.0000 -4.0000
v -2.0000 -10.0000 -4.0000
v -3.0000 1.0000 -4.0000
v -2.0000 1.0000 -4.0000
v -2.0000 0.0000 -4.0000
v -2.0000 2.0000 -4.0000
v -2.0000 3.0000 -4.0000
v -2.0000 6.0000 -4.0000
v -2.0000 7.0000 -3.0000
v -2.0000 7.0000 -4.0000
v -2.0000 8.0000 -3.0000
v -2.0000 8.0000 -4.0000
v -2.0000 9.0000 -3.0000
v -2.0000 9.0000 -4.0000
v -2.0000 16.0000 -4.0000
v -3.0000 16.0000 -4.0000
v -3.0000 15.0000 -4.0000
v -2.0000 15.0000 -4.0000
v -2.0000 -10.0000 -5.0000
v -2.0000 -9.0000 -5.0000
v -2.0000 0.0000 -5.0000
v -2.0000 -1.0000 -5.0000
v -2.0000 3.0000 -5.0000
v -2.0000 4.0000 -4.0000
v -3.0000 4.0000 -5.0000
v -2.0000 4.0000 -5.0000
v -2.0000 5.0000 -4.0000
v -2.0000 5.0000 -5.0000
v -3.0000 5.0000 -5.0000
v -2.0000 8.0000 -5.0000
v -2.0000 9.0000 -5.0000
v -2.0000 10.0000 -4.0000
v -2.0000 10.0000 -5.0000
v -2.0000 12.0000 -4.0000
v -2.0000 12.0000 -5.0000
v -3.0000 12.0000 -5.0000
v -2.0000 11.0000 -5.0000
v -2.0000 11.0000 -4.0000
v -3.0000 13.0000 -5.0000
v -2.0000 13.0000 -5.0000
v -2.0000 13.0000 -4.0000
v -2.0000 14.0000 -4.0000
v -3.0000 14.0000 -5.0000
v -2.0000 14.0000 -5.0000
v -2.0000 15.0000 -5.0000
v -3.0000 15.0000 -5.0000
v -3.0000 -9.0000 -6.0000
v -2.0000 -9.0000 -6.0000
v -2.0000 -8.0000 -6.0000
v -2.0000 -1.0000 -6.0000
v -2.0000 -2.0000 -6.0000
v -2.0000 3.0000 -6.0000
v -3.0000 3.0000 -6.0000
v -3.0000 2.0000 -6.0000
v -2.0000 2.0000 -6.0000
v -2.0000 2.0000 -5.0000
v -3.0000 5.0000 -6.0000
v -2.0000 5.0000 -6.0000
v -2.0000 6.0000 -5.0000
v -3.0000 6.0000 -6.0000
v -2.0000 6.0000 -6.0000
v -2.0000 7.0000 -5.0000
v -2.0000 7.0000 -6.0000
v -3.0000 -8.0000 -7.0000
v -2.0000 -8.0000 -7.0000
v -2.0000 -7.0000 -7.0000
v -2.0000 -2.0000 -7.0000
v -3.0000 -2.0000 -7.0000
v -2.0000 -3.0000 -7.0000
v -2.0000 0.0000 -6.0000
v -2.0000 0.0000 -7.0000
v -3.0000 0.0000 -7.0000
v -3.0000 -1.0000 -7.0000
v -2.0000 -1.0000 -7.0000
v -3.0000 4.0000 -6.0000
v -2.0000 4.0000 -6.0000
v -2.0000 4.0000 -7.0000
v -3.0000 4.0000 -7.0000
v -3.0000 3.0000 -7.0000
v -2.0000 3.0000 -7.0000
v -2.0000 10.0000 -6.0000
v -2.0000 10.0000 -7.0000
v -2.0000 9.0000 -7.0000
v -2.0000 9.0000 -6.0000
v -3.0000 14.0000 -6.0000
v -2.0000 14.0000 -6.0000
v -2.0000 14.0000 -7.0000
v -3.0000 14.0000 -7.0000
v -2.0000 13.0000 -7.0000
v -2.0000 13.0000 -6.0000
v -3.0000 -9.0000 -7.0000
v -2.0000 -9.0000 -7.0000
v -2.0000 -9.0000 -8.0000
v -2.0000 -10.0000 -8.0000
v -2.0000 -10.0000 -7.0000
v -2.0000 -7.0000 -8.0000
v -2.0000 -6.0000 -8.0000
v -2.0000 -3.0000 -8.0000
v -3.0000 -3.0000 -8.0000
v -2.0000 -4.0000 -8.0000
v -2.0000 3.0000 -8.0000
v -2.0000 4.0000 -8.0000
v -2.0000 5.0000 -7.0000
v -3.0000 5.0000 -7.0000
v -2.0000 5.0000 -8.0000
v -3.0000 6.0000 -7.0000
v -2.0000 6.0000 -7.0000
v -2.0000 6.0000 -8.0000
v -3.0000 6.0000 -8.0000
v -3.0000 -6.0000 -9.0000
v -2.0000 -6.0000 -9.0000
v -3.0000 -5.0000 -9.0000
v -2.0000 -5.0000 -9.0000
v -2.0000 -4.0000 -9.0000
v -3.0000 -4.0000 -9.0000
v -2.0000 8.0000 -9.0000
v -2.0000 8.0000 -8.0000
v -2.0000 9.0000 -8.0000
v -3.0000 9.0000 -8.0000
v -3.0000 9.0000 -9.0000
v -2.0000 9.0000 -9.0000
v -2.0000 10.0000 -8.0000
v -3.0000 10.0000 -8.0000
v -3.0000 10.0000 -9.0000
v -2.0000 10.0000 -9.0000
v -3.0000 11.0000 -8.0000
v -2.0000 11.0000 -8.0000
v -2.0000 11.0000 -9.0000
v -3.0000 11.0000 -9.0000
v -3.0000 -1.0000 -10.0000
v -2.0000 -1.0000 -10.0000
v -2.0000 -1.0000 -9.0000
v -2.0000 0.0000 -9.0000
v -3.0000 0.0000 -10.0000
v -2.0000 0.0000 -10.0000
v -2.0000 1.0000 -9.0000
v -3.0000 1.0000 -9.0000
v -3.0000 1.0000 -10.0000
v -2.0000 1.0000 -10.0000
v -2.0000 2.0000 -9.0000
v -3.0000 2.0000 -10.0000
v -2.0000 2.0000 -10.0000
v -2.0000 3.0000 -9.0000
v -2.0000 3.0000 -10.0000
v -3.0000 3.0000 -10.0000
v -3.0000 5.0000 -10.0000
v -2.0000 5.0000 -10.0000
v -2.0000 5.0000 -9.0000
v -2.0000 6.0000 -9.0000
v -3.0000 6.0000 -9.0000
v -3.0000 6.0000 -10.0000
v -2.0000 6.0000 -10.0000
v -2.0000 7.0000 -9.0000
v -3.0000 7.0000 -10.0000
v -2.0000 7.0000 -10.0000
v -2.0000 8.0000 -10.0000
v -3.0000 8.0000 -10.0000
v -2.0000 -8.0000 14.0000
v -2.0000 -8.0000 13.0000
v -1.0000 -8.0000 13.0000
v -1.0000 -8.0000 14.0000
v -1.0000 -7.0000 14.0000
v -2.0000 -7.0000 14.0000
v -2.0000 -7.0000 13.0000
v -1.0000 -7.0000 13.0000
v -2.0000 -6.0000 14.0000
v -1.0000 -6.0000 14.0000
v -1.0000 -6.0000 13.0000
v -2.0000 -6.0000 13.0000
v -2.0000 -5.0000 14.0000
v -2.0000 -5.0000 13.0000
v -1.0000 -5.0000 13.0000
v -1.0000 -5.0000 14.0000
v -1.0000 -4.0000 14.0000
v -2.0000 -4.0000 14.0000
v -1.0000 -3.0000 14.0000
v -1.0000 -3.0000 13.0000
v -1.0000 -6.0000 12.0000
v -1.0000 -2.0000 13.0000
v -1.0000 -2.0000 12.0000
v -2.0000 -7.0000 12.0000
v -2.0000 -7.0000 11.0000
v -1.0000 -7.0000 11.0000
v -1.0000 -7.0000 12.0000
v -1.0000 -1.0000 12.0000
v -1.0000 -1.0000 11.0000
v -2.0000 -7.0000 10.0000
v -1.0000 -7.0000 10.0000
v -1.0000 -6.0000 10.0000
v -1.0000 -1.0000 10.0000
v -1.0000 -2.0000 10.0000
v -1.0000 -2.0000 11.0000
v -1.0000 0.0000 11.0000
v -1.0000 0.0000 10.0000
v -2.0000 0.0000 10.0000
v -1.0000 -7.0000 9.0000
v -2.0000 -8.0000 10.0000
v -2.0000 -8.0000 9.0000
v -1.0000 -8.0000 9.0000
v -1.0000 -8.0000 10.0000
v -1.0000 -6.0000 9.0000
v -2.0000 -5.0000 9.0000
v -1.0000 -5.0000 9.0000
v -1.0000 -3.0000 9.0000
v -1.0000 -4.0000 9.0000
v -1.0000 -2.0000 9.0000
v -1.0000 -4.0000 8.0000
v -2.0000 -4.0000 8.0000
v -2.0000 -5.0000 8.0000
v -1.0000 -5.0000 8.0000
v -1.0000 -7.0000 8.0000
v -1.0000 -7.0000 7.0000
v -2.0000 -8.0000 8.0000
v -2.0000 -8.0000 7.0000
v -1.0000 -8.0000 7.0000
v -1.0000 -8.0000 8.0000
v -1.0000 -4.0000 7.0000
v -1.0000 -5.0000 7.0000
v -2.0000 1.0000 8.0000
v -1.0000 1.0000 8.0000
v -1.0000 1.0000 7.0000
v -2.0000 1.0000 7.0000
v -2.0000 0.0000 8.0000
v -1.0000 0.0000 7.0000
v -1.0000 0.0000 8.0000
v -1.0000 -7.0000 6.0000
v -2.0000 -8.0000 6.0000
v -1.0000 -8.0000 6.0000
v -1.0000 -6.0000 6.0000
v -1.0000 -6.0000 7.0000
v -1.0000 -3.0000 7.0000
v -1.0000 -3.0000 6.0000
v -1.0000 -1.0000 7.0000
v -1.0000 -1.0000 6.0000
v -1.0000 -2.0000 6.0000
v -1.0000 -2.0000 7.0000
v -2.0000 2.0000 7.0000
v -1.0000 2.0000 7.0000
v -1.0000 2.0000 6.0000
v -2.0000 2.0000 6.0000
v -2.0000 1.0000 6.0000
v -1.0000 1.0000 6.0000
v -2.0000 3.0000 7.0000
v -1.0000 3.0000 6.0000
v -1.0000 3.0000 7.0000
v -1.0000 4.0000 7.0000
v -2.0000 4.0000 7.0000
v -1.0000 4.0000 6.0000
v -1.0000 5.0000 7.0000
v -2.0000 5.0000 7.0000
v -1.0000 5.0000 6.0000
v -2.0000 6.0000 7.0000
v -1.0000 6.0000 7.0000
v -1.0000 6.0000 6.0000
v -1.0000 10.0000 6.0000
v -1.0000 10.0000 7.0000
v -1.0000 11.0000 7.0000
v -2.0000 11.0000 7.0000
v -1.0000 11.0000 6.0000
v -1.0000 12.0000 7.0000
v -2.0000 12.0000 7.0000
v -1.0000 12.0000 6.0000
v -1.0000 13.0000 7.0000
v -2.0000 13.0000 7.0000
v -1.0000 13.0000 6.0000
v -2.0000 14.0000 7.0000
v -1.0000 14.0000 7.0000
v -1.0000 14.0000 6.0000
v -1.0000 -8.0000 5.0000
v -1.0000 -1.0000 5.0000
v -1.0000 3.0000 5.0000
v -1.0000 2.0000 5.0000
v -1.0000 6.0000 5.0000
v -1.0000 7.0000 6.0000
v -2.0000 7.0000 6.0000
v -1.0000 7.0000 5.0000
v -1.0000 8.0000 6.0000
v -2.0000 8.0000 6.0000
v -2.0000 8.0000 5.0000
v -1.0000 8.0000 5.0000
v -1.0000 9.0000 6.0000
v -2.0000 9.0000 5.0000
v -1.0000 9.0000 5.0000
v -1.0000 10.0000 5.0000
v -2.0000 15.0000 6.0000
v -1.0000 15.0000 6.0000
v -1.0000 15.0000 5.0000
v -2.0000 15.0000 5.0000
v -1.0000 14.0000 5.0000
v -2.0000 -9.0000 5.0000
v -1.0000 -9.0000 4.0000
v -1.0000 -9.0000 5.0000
v -1.0000 0.0000 5.0000
v -1.0000 0.0000 4.0000
v -1.0000 3.0000 4.0000
v -1.0000 4.0000 5.0000
v -2.0000 4.0000 4.0000
v -1.0000 4.0000 4.0000
v -1.0000 5.0000 5.0000
v -1.0000 5.0000 4.0000
v -2.0000 -10.0000 4.0000
v -1.0000 -10.0000 3.0000
v -1.0000 -10.0000 4.0000
v -1.0000 1.0000 4.0000
v -2.0000 1.0000 4.0000
v -1.0000 2.0000 4.0000
v -1.0000 3.0000 3.0000
v -1.0000 7.0000 3.0000
v -1.0000 7.0000 4.0000
v -1.0000 8.0000 4.0000
v -1.0000 9.0000 4.0000
v -1.0000 9.0000 3.0000
v -2.0000 11.0000 4.0000
v -1.0000 11.0000 4.0000
v -1.0000 11.0000 3.0000
v -2.0000 11.0000 3.0000
v -1.0000 10.0000 3.0000
v -1.0000 10.0000 4.0000
v -2.0000 14.0000 4.0000
v -1.0000 14.0000 4.0000
v -1.0000 14.0000 3.0000
v -2.0000 13.0000 4.0000
v -1.0000 13.0000 3.0000
v -1.0000 13.0000 4.0000
v -2.0000 16.0000 4.0000
v -1.0000 16.0000 4.0000
v -1.0000 16.0000 3.0000
v -2.0000 15.0000 4.0000
v -1.0000 15.0000 3.0000
v -1.0000 15.0000 4.0000
v -1.0000 -10.0000 2.0000
v -1.0000 4.0000 3.0000
v -2.0000 4.0000 3.0000
v -1.0000 5.0000 3.0000
v -2.0000 5.0000 3.0000
v -1.0000 6.0000 3.0000
v -1.0000 6.0000 2.0000
v -1.0000 7.0000 2.0000
v -1.0000 8.0000 2.0000
v -1.0000 9.0000 2.0000
v -1.0000 14.0000 2.0000
v -1.0000 16.0000 2.0000
v -1.0000 -10.0000 1.0000
v -1.0000 7.0000 1.0000
v -2.0000 7.0000 1.0000
v -1.0000 13.0000 1.0000
v -1.0000 13.0000 2.0000
v -1.0000 16.0000 1.0000
v -1.0000 -10.0000 -0.0000
v -2.0000 7.0000 -0.0000
v -1.0000 8.0000 1.0000
v -2.0000 8.0000 1.0000
v -2.0000 8.0000 -0.0000
v -2.0000 9.0000 1.0000
v -1.0000 9.0000 1.0000
v -1.0000 9.0000 -0.0000
v -2.0000 9.0000 -0.0000
v -1.0000 12.0000 1.0000
v -1.0000 12.0000 -0.0000
v -2.0000 12.0000 -0.0000
v -2.0000 11.0000 1.0000
v -2.0000 11.0000 -0.0000
v -1.0000 11.0000 -0.0000
v -1.0000 11.0000 1.0000
v -2.0000 13.0000 -0.0000
v -1.0000 13.0000 -0.0000
v -1.0000 16.0000 -0.0000
v -1.0000 -10.0000 -1.0000
v -2.0000 7.0000 -1.0000
v -2.0000 8.0000 -1.0000
v -1.0000 9.0000 -1.0000
v -2.0000 9.0000 -1.0000
v -2.0000 13.0000 -1.0000
v -1.0000 13.0000 -1.0000
v -1.0000 16.0000 -1.0000
v -1.0000 -10.0000 -2.0000
v -2.0000 7.0000 -2.0000
v -2.0000 8.0000 -2.0000
v -1.0000 9.0000 -2.0000
v -2.0000 9.0000 -2.0000
v -2.0000 12.0000 -1.0000
v -1.0000 12.0000 -1.0000
v -1.0000 12.0000 -2.0000
v -2.0000 11.0000 -1.0000
v -2.0000 11.0000 -2.0000
v -1.0000 11.0000 -2.0000
v -1.0000 11.0000 -1.0000
v -1.0000 13.0000 -2.0000
v -1.0000 16.0000 -2.0000
v -1.0000 -10.0000 -3.0000
v -1.0000 7.0000 -3.0000
v -1.0000 6.0000 -3.0000
v -1.0000 8.0000 -3.0000
v -1.0000 9.0000 -3.0000
v -1.0000 13.0000 -3.0000
v -1.0000 14.0000 -3.0000
v -1.0000 16.0000 -3.0000
v -1.0000 -10.0000 -4.0000
v -1.0000 4.0000 -4.0000
v -1.0000 3.0000 -4.0000
v -1.0000 5.0000 -4.0000
v -1.0000 6.0000 -4.0000
v -1.0000 14.0000 -4.0000
v -1.0000 15.0000 -4.0000
v -1.0000 16.0000 -4.0000
v -1.0000 -10.0000 -5.0000
v -2.0000 1.0000 -5.0000
v -1.0000 1.0000 -5.0000
v -1.0000 0.0000 -5.0000
v -1.0000 2.0000 -5.0000
v -1.0000 3.0000 -5.0000
v -1.0000 5.0000 -5.0000
v -1.0000 6.0000 -5.0000
v -1.0000 7.0000 -4.0000
v -1.0000 7.0000 -5.0000
v -1.0000 8.0000 -4.0000
v -1.0000 8.0000 -5.0000
v -1.0000 11.0000 -5.0000
v -1.0000 11.0000 -4.0000
v -1.0000 12.0000 -4.0000
v -1.0000 12.0000 -5.0000
v -1.0000 13.0000 -4.0000
v -1.0000 13.0000 -5.0000
v -1.0000 16.0000 -5.0000
v -2.0000 16.0000 -5.0000
v -1.0000 15.0000 -5.0000
v -2.0000 -10.0000 -6.0000
v -1.0000 -10.0000 -6.0000
v -1.0000 -9.0000 -6.0000
v -1.0000 0.0000 -6.0000
v -1.0000 -1.0000 -6.0000
v -1.0000 3.0000 -6.0000
v -1.0000 4.0000 -5.0000
v -1.0000 4.0000 -6.0000
v -1.0000 5.0000 -6.0000
v -1.0000 14.0000 -5.0000
v -1.0000 14.0000 -6.0000
v -1.0000 13.0000 -6.0000
v -1.0000 -9.0000 -7.0000
v -1.0000 -8.0000 -7.0000
v -1.0000 -1.0000 -7.0000
v -1.0000 -2.0000 -7.0000
v -1.0000 3.0000 -7.0000
v -2.0000 2.0000 -7.0000
v -1.0000 2.0000 -7.0000
v -1.0000 2.0000 -6.0000
v -2.0000 11.0000 -6.0000
v -1.0000 11.0000 -6.0000
v -1.0000 11.0000 -7.0000
v -2.0000 11.0000 -7.0000
v -1.0000 10.0000 -7.0000
v -1.0000 10.0000 -6.0000
v -1.0000 13.0000 -7.0000
v -2.0000 12.0000 -6.0000
v -2.0000 12.0000 -7.0000
v -1.0000 12.0000 -7.0000
v -1.0000 12.0000 -6.0000
v -2.0000 15.0000 -6.0000
v -1.0000 15.0000 -6.0000
v -1.0000 15.0000 -7.0000
v -2.0000 15.0000 -7.0000
v -1.0000 14.0000 -7.0000
v -2.0000 -8.0000 -8.0000
v -1.0000 -8.0000 -8.0000
v -1.0000 -7.0000 -8.0000
v -1.0000 -2.0000 -8.0000
v -2.0000 -2.0000 -8.0000
v -1.0000 -3.0000 -8.0000
v -1.0000 0.0000 -7.0000
v -1.0000 0.0000 -8.0000
v -2.0000 0.0000 -8.0000
v -2.0000 -1.0000 -8.0000
v -1.0000 -1.0000 -8.0000
v -1.0000 6.0000 -8.0000
v -1.0000 6.0000 -7.0000
v -1.0000 7.0000 -7.0000
v -2.0000 7.0000 -7.0000
v -2.0000 7.0000 -8.0000
v -1.0000 7.0000 -8.0000
v -2.0000 8.0000 -7.0000
v -1.0000 8.0000 -7.0000
v -1.0000 8.0000 -8.0000
v -1.0000 12.0000 -8.0000
v -2.0000 12.0000 -8.0000
v -1.0000 11.0000 -8.0000
v -2.0000 -7.0000 -9.0000
v -1.0000 -7.0000 -9.0000
v -1.0000 -6.0000 -9.0000
v -1.0000 -3.0000 -9.0000
v -2.0000 -3.0000 -9.0000
v -1.0000 -4.0000 -9.0000
v -2.0000 1.0000 -8.0000
v -1.0000 1.0000 -8.0000
v -1.0000 1.0000 -9.0000
v -1.0000 0.0000 -9.0000
v -2.0000 -6.0000 -10.0000
v -1.0000 -6.0000 -10.0000
v -2.0000 -5.0000 -10.0000
v -1.0000 -5.0000 -10.0000
v -1.0000 -4.0000 -10.0000
v -2.0000 -4.0000 -10.0000
v -1.0000 -1.0000 -10.0000
v -1.0000 -1.0000 -9.0000
v -1.0000 2.0000 -9.0000
v -1.0000 2.0000 -10.0000
v -1.0000 3.0000 -10.0000
v -1.0000 3.0000 -9.0000
v -1.0000 4.0000 -9.0000
v -2.0000 4.0000 -9.0000
v -2.0000 4.0000 -10.0000
v -1.0000 4.0000 -10.0000
v -1.0000 5.0000 -9.0000
v -1.0000 5.0000 -10.0000
v -1.0000 8.0000 -9.0000
v -1.0000 8.0000 -10.0000
v -1.0000 7.0000 -10.0000
v -1.0000 7.0000 -9.0000
v -1.0000 11.0000 -9.0000
v -1.0000 11.0000 -10.0000
v -2.0000 11.0000 -10.0000
v -2.0000 10.0000 -10.0000
v -1.0000 10.0000 -10.0000
v -1.0000 10.0000 -9.0000
v -2.0000 -4.0000 -11.0000
v -1.0000 -4.0000 -11.0000
v -1.0000 -3.0000 -10.0000
v -2.0000 -3.0000 -10.0000
v -2.0000 -3.0000 -11.0000
v -1.0000 -3.0000 -11.0000
v -1.0000 -2.0000 -10.0000
v -2.0000 -2.0000 -10.0000
v -2.0000 -2.0000 -11.0000
v -1.0000 -2.0000 -11.0000
v -2.0000 -1.0000 -11.0000
v -1.0000 -1.0000 -11.0000
v -2.0000 0.0000 -11.0000
v -1.0000 0.0000 -11.0000
v -2.0000 1.0000 -11.0000
v -1.0000 2.0000 -11.0000
v -2.0000 2.0000 -11.0000
v -1.0000 1.0000 -11.0000
v -1.0000 1.0000 -12.0000
v -2.0000 1.0000 -12.0000
v -2.0000 0.0000 -12.0000
v -1.0000 0.0000 -12.0000
v -1.0000 -5.0000 15.0000
v 0.0000 -5.0000 14.0000
v 0.0000 -5.0000 15.0000
v 0.0000 -4.0000 15.0000
v -1.0000 -4.0000 15.0000
v -1.0000 -3.0000 15.0000
v 0.0000 -3.0000 15.0000
v 0.0000 -3.0000 14.0000
v 0.0000 -6.0000 13.0000
v 0.0000 -6.0000 14.0000
v -1.0000 -2.0000 14.0000
v 0.0000 -2.0000 14.0000
v 0.0000 -2.0000 13.0000
v 0.0000 -7.0000 12.0000
v 0.0000 -7.0000 13.0000
v 0.0000 -2.0000 12.0000
v -1.0000 -8.0000 12.0000
v -1.0000 -8.0000 11.0000
v 0.0000 -8.0000 11.0000
v 0.0000 -8.0000 12.0000
v 0.0000 -1.0000 12.0000
v 0.0000 -1.0000 11.0000
v 0.0000 -2.0000 11.0000
v 0.0000 -8.0000 10.0000
v 0.0000 -7.0000 10.0000
v 0.0000 -2.0000 10.0000
v 0.0000 -7.0000 9.0000
v 0.0000 -6.0000 9.0000
v 0.0000 -2.0000 9.0000
v 0.0000 -3.0000 9.0000
v 0.0000 0.0000 10.0000
v 0.0000 0.0000 9.0000
v -1.0000 0.0000 9.0000
v -1.0000 -1.0000 9.0000
v 0.0000 -1.0000 9.0000
v 0.0000 -1.0000 10.0000
v 0.0000 -7.0000 8.0000
v 0.0000 -8.0000 8.0000
v 0.0000 -8.0000 9.0000
v -1.0000 -6.0000 8.0000
v 0.0000 -6.0000 8.0000
v 0.0000 -3.0000 8.0000
v -1.0000 -3.0000 8.0000
v 0.0000 -1.0000 8.0000
v -1.0000 -1.0000 8.0000
v -1.0000 -2.0000 8.0000
v 0.0000 -2.0000 8.0000
v -1.0000 1.0000 9.0000
v 0.0000 1.0000 9.0000
v 0.0000 1.0000 8.0000
v 0.0000 0.0000 8.0000
v 0.0000 -6.0000 7.0000
v 0.0000 -3.0000 7.0000
v 0.0000 -1.0000 7.0000
v 0.0000 -2.0000 7.0000
v -1.0000 2.0000 8.0000
v 0.0000 2.0000 7.0000
v 0.0000 2.0000 8.0000
v 0.0000 3.0000 8.0000
v -1.0000 3.0000 8.0000
v 0.0000 3.0000 7.0000
v 0.0000 4.0000 8.0000
v -1.0000 4.0000 8.0000
v 0.0000 4.0000 7.0000
v 0.0000 5.0000 8.0000
v -1.0000 5.0000 8.0000
v 0.0000 5.0000 7.0000
v -1.0000 6.0000 8.0000
v 0.0000 6.0000 8.0000
v 0.0000 6.0000 7.0000
v -1.0000 10.0000 8.0000
v 0.0000 10.0000 7.0000
v 0.0000 10.0000 8.0000
v 0.0000 11.0000 8.0000
v -1.0000 11.0000 8.0000
v 0.0000 12.0000 8.0000
v -1.0000 12.0000 8.0000
v 0.0000 13.0000 8.0000
v -1.0000 13.0000 8.0000
v -1.0000 14.0000 8.0000
v 0.0000 14.0000 8.0000
v 0.0000 14.0000 7.0000
v 0.0000 -7.0000 6.0000
v 0.0000 -7.0000 7.0000
v 0.0000 -2.0000 6.0000
v 0.0000 5.0000 6.0000
v 0.0000 6.0000 6.0000
v 0.0000 7.0000 7.0000
v -1.0000 7.0000 7.0000
v 0.0000 8.0000 7.0000
v -1.0000 8.0000 7.0000
v 0.0000 8.0000 6.0000
v 0.0000 7.0000 6.0000
v 0.0000 9.0000 7.0000
v -1.0000 9.0000 7.0000
v 0.0000 9.0000 6.0000
v 0.0000 10.0000 6.0000
v 0.0000 11.0000 6.0000
v 0.0000 12.0000 6.0000
v 0.0000 13.0000 6.0000
v 0.0000 14.0000 6.0000
v -1.0000 15.0000 7.0000
v 0.0000 15.0000 7.0000
v 0.0000 15.0000 6.0000
v -1.0000 -9.0000 6.0000
v 0.0000 -9.0000 5.0000
v 0.0000 -9.0000 6.0000
v 0.0000 -8.0000 6.0000
v 0.0000 -1.0000 6.0000
v -1.0000 0.0000 6.0000
v 0.0000 0.0000 6.0000
v 0.0000 0.0000 5.0000
v 0.0000 7.0000 5.0000
v 0.0000 6.0000 5.0000
v -1.0000 -10.0000 5.0000
v 0.0000 -10.0000 4.0000
v 0.0000 -10.0000 5.0000
v 0.0000 1.0000 5.0000
v -1.0000 1.0000 5.0000
v 0.0000 2.0000 5.0000
v 0.0000 3.0000 5.0000
v 0.0000 3.0000 4.0000
v 0.0000 6.0000 4.0000
v -1.0000 6.0000 4.0000
v 0.0000 5.0000 4.0000
v 0.0000 5.0000 5.0000
v 0.0000 8.0000 5.0000
v 0.0000 8.0000 4.0000
v 0.0000 7.0000 4.0000
v -1.0000 11.0000 5.0000
v 0.0000 11.0000 5.0000
v 0.0000 11.0000 4.0000
v 0.0000 10.0000 4.0000
v 0.0000 10.0000 5.0000
v -1.0000 16.0000 5.0000
v 0.0000 16.0000 5.0000
v 0.0000 16.0000 4.0000
v 0.0000 15.0000 4.0000
v 0.0000 15.0000 5.0000
v 0.0000 -10.0000 3.0000
v 0.0000 4.0000 4.0000
v 0.0000 9.0000 4.0000
v 0.0000 10.0000 3.0000
v 0.0000 11.0000 3.0000
v 0.0000 12.0000 4.0000
v -1.0000 12.0000 4.0000
v -1.0000 12.0000 3.0000
v 0.0000 12.0000 3.0000
v 0.0000 13.0000 4.0000
v 0.0000 13.0000 3.0000
v 0.0000 14.0000 3.0000
v 0.0000 14.0000 4.0000
v 0.0000 16.0000 3.0000
v 0.0000 -10.0000 2.0000
v 0.0000 10.0000 2.0000
v -1.0000 10.0000 2.0000
v 0.0000 9.0000 2.0000
v 0.0000 13.0000 2.0000
v 0.0000 16.0000 2.0000
v 0.0000 -10.0000 1.0000
v 0.0000 9.0000 1.0000
v -1.0000 10.0000 1.0000
v 0.0000 10.0000 1.0000
v 0.0000 11.0000 2.0000
v -1.0000 11.0000 2.0000
v 0.0000 12.0000 2.0000
v -1.0000 12.0000 2.0000
v 0.0000 16.0000 1.0000
v 0.0000 -10.0000 -0.0000
v -1.0000 10.0000 -0.0000
v 0.0000 16.0000 -0.0000
v 0.0000 -10.0000 -1.0000
v -1.0000 10.0000 -1.0000
v 0.0000 16.0000 -1.0000
v 0.0000 -10.0000 -2.0000
v -1.0000 10.0000 -2.0000
v 0.0000 16.0000 -2.0000
v 0.0000 -10.0000 -3.0000
v -1.0000 10.0000 -3.0000
v 0.0000 10.0000 -3.0000
v 0.0000 9.0000 -3.0000
v -1.0000 11.0000 -3.0000
v 0.0000 11.0000 -3.0000
v -1.0000 12.0000 -3.0000
v 0.0000 12.0000 -3.0000
v 0.0000 13.0000 -3.0000
v 0.0000 16.0000 -3.0000
v 0.0000 -10.0000 -4.0000
v 0.0000 7.0000 -4.0000
v 0.0000 6.0000 -4.0000
v 0.0000 8.0000 -4.0000
v 0.0000 9.0000 -4.0000
v -1.0000 9.0000 -4.0000
v 0.0000 13.0000 -4.0000
v 0.0000 14.0000 -4.0000
v 0.0000 16.0000 -4.0000
v 0.0000 -10.0000 -5.0000
v 0.0000 4.0000 -5.0000
v 0.0000 3.0000 -5.0000
v 0.0000 5.0000 -5.0000
v 0.0000 6.0000 -5.0000
v 0.0000 8.0000 -5.0000
v -1.0000 9.0000 -5.0000
v 0.0000 10.0000 -4.0000
v -1.0000 10.0000 -4.0000
v -1.0000 10.0000 -5.0000
v 0.0000 11.0000 -4.0000
v 0.0000 11.0000 -5.0000
v 0.0000 10.0000 -5.0000
v 0.0000 13.0000 -5.0000
v 0.0000 12.0000 -5.0000
v 0.0000 12.0000 -4.0000
v 0.0000 14.0000 -5.0000
v 0.0000 15.0000 -5.0000
v 0.0000 16.0000 -5.0000
v 0.0000 -10.0000 -6.0000
v -1.0000 1.0000 -6.0000
v 0.0000 1.0000 -6.0000
v 0.0000 0.0000 -6.0000
v 0.0000 2.0000 -6.0000
v 0.0000 3.0000 -6.0000
v -1.0000 8.0000 -6.0000
v 0.0000 8.0000 -6.0000
v -1.0000 9.0000 -6.0000
v 0.0000 9.0000 -6.0000
v 0.0000 10.0000 -6.0000
v 0.0000 16.0000 -6.0000
v -1.0000 16.0000 -6.0000
v 0.0000 15.0000 -6.0000
v -1.0000 -10.0000 -7.0000
v 0.0000 -10.0000 -7.0000
v 0.0000 -9.0000 -7.0000
v 0.0000 0.0000 -7.0000
v 0.0000 -1.0000 -7.0000
v 0.0000 10.0000 -7.0000
v 0.0000 11.0000 -6.0000
v 0.0000 11.0000 -7.0000
v 0.0000 12.0000 -6.0000
v 0.0000 12.0000 -7.0000
v 0.0000 15.0000 -7.0000
v 0.0000 14.0000 -7.0000
v 0.0000 14.0000 -6.0000
v -1.0000 -9.0000 -8.0000
v 0.0000 -9.0000 -8.0000
v 0.0000 -8.0000 -8.0000
v 0.0000 -1.0000 -8.0000
v 0.0000 -2.0000 -8.0000
v 0.0000 3.0000 -7.0000
v 0.0000 3.0000 -8.0000
v -1.0000 3.0000 -8.0000
v -1.0000 2.0000 -8.0000
v 0.0000 2.0000 -8.0000
v 0.0000 2.0000 -7.0000
v 0.0000 8.0000 -8.0000
v 0.0000 8.0000 -7.0000
v 0.0000 9.0000 -7.0000
v -1.0000 9.0000 -7.0000
v -1.0000 9.0000 -8.0000
v 0.0000 9.0000 -8.0000
v 0.0000 10.0000 -8.0000
v -1.0000 10.0000 -8.0000
v 0.0000 14.0000 -8.0000
v -1.0000 14.0000 -8.0000
v -1.0000 13.0000 -8.0000
v 0.0000 13.0000 -8.0000
v 0.0000 13.0000 -7.0000
v -1.0000 -8.0000 -9.0000
v 0.0000 -8.0000 -9.0000
v 0.0000 -7.0000 -9.0000
v 0.0000 -2.0000 -9.0000
v -1.0000 -2.0000 -9.0000
v 0.0000 -3.0000 -9.0000
v 0.0000 -1.0000 -9.0000
v 0.0000 0.0000 -8.0000
v 0.0000 1.0000 -8.0000
v 0.0000 2.0000 -9.0000
v -1.0000 5.0000 -8.0000
v 0.0000 5.0000 -9.0000
v 0.0000 5.0000 -8.0000
v 0.0000 6.0000 -8.0000
v -1.0000 6.0000 -9.0000
v 0.0000 6.0000 -9.0000
v 0.0000 7.0000 -8.0000
v 0.0000 7.0000 -9.0000
v 0.0000 8.0000 -9.0000
v 0.0000 13.0000 -9.0000
v -1.0000 13.0000 -9.0000
v -1.0000 12.0000 -9.0000
v 0.0000 12.0000 -9.0000
v 0.0000 12.0000 -8.0000
v -1.0000 -7.0000 -10.0000
v 0.0000 -7.0000 -10.0000
v 0.0000 -6.0000 -10.0000
v 0.0000 -3.0000 -10.0000
v 0.0000 -4.0000 -10.0000
v 0.0000 -1.0000 -10.0000
v 0.0000 2.0000 -10.0000
v 0.0000 8.0000 -10.0000
v 0.0000 9.0000 -9.0000
v -1.0000 9.0000 -9.0000
v -1.0000 9.0000 -10.0000
v 0.0000 9.0000 -10.0000
v 0.0000 10.0000 -9.0000
v 0.0000 10.0000 -10.0000
v 0.0000 11.0000 -9.0000
v 0.0000 11.0000 -10.0000
v 0.0000 12.0000 -10.0000
v -1.0000 12.0000 -10.0000
v -1.0000 -6.0000 -11.0000
v 0.0000 -6.0000 -11.0000
v -1.0000 -5.0000 -11.0000
v 0.0000 -5.0000 -11.0000
v 0.0000 -4.0000 -11.0000
v 0.0000 -1.0000 -11.0000
v 0.0000 3.0000 -10.0000
v 0.0000 3.0000 -11.0000
v -1.0000 3.0000 -11.0000
v 0.0000 2.0000 -11.0000
v -1.0000 -1.0000 -12.0000
v 0.0000 -1.0000 -12.0000
v 0.0000 0.0000 -12.0000
v 0.0000 1.0000 -12.0000
v 0.0000 2.0000 -12.0000
v -1.0000 2.0000 -12.0000
v 1.0000 -5.0000 14.0000
v 1.0000 -5.0000 15.0000
v 1.0000 -4.0000 15.0000
v 1.0000 -4.0000 14.0000
v 1.0000 -3.0000 15.0000
v 1.0000 -3.0000 14.0000
v 1.0000 -6.0000 13.0000
v 1.0000 -6.0000 14.0000
v 1.0000 -5.0000 13.0000
v 1.0000 -2.0000 14.0000
v 1.0000 -2.0000 13.0000
v 1.0000 -3.0000 13.0000
v 1.0000 -7.0000 12.0000
v 1.0000 -7.0000 13.0000
v 1.0000 -6.0000 12.0000
v 1.0000 -2.0000 12.0000
v 1.0000 -8.0000 11.0000
v 1.0000 -8.0000 12.0000
v 1.0000 -7.0000 11.0000
v 1.0000 -1.0000 12.0000
v 1.0000 -1.0000 11.0000
v 1.0000 -2.0000 11.0000
v 1.0000 -8.0000 10.0000
v 1.0000 -7.0000 10.0000
v 1.0000 -2.0000 10.0000
v 1.0000 -7.0000 9.0000
v 1.0000 -6.0000 9.0000
v 1.0000 -6.0000 10.0000
v 1.0000 -2.0000 9.0000
v 1.0000 -3.0000 9.0000
v 1.0000 0.0000 10.0000
v 1.0000 0.0000 9.0000
v 1.0000 -1.0000 9.0000
v 1.0000 -1.0000 10.0000
v 1.0000 -7.0000 8.0000
v 1.0000 -8.0000 8.0000
v 1.0000 -8.0000 9.0000
v 1.0000 -6.0000 8.0000
v 1.0000 -5.0000 8.0000
v 1.0000 -5.0000 9.0000
v 1.0000 -3.0000 8.0000
v 1.0000 -4.0000 9.0000
v 1.0000 -4.0000 8.0000
v 1.0000 -1.0000 8.0000
v 1.0000 -2.0000 8.0000
v 1.0000 1.0000 9.0000
v 1.0000 1.0000 8.0000
v 1.0000 0.0000 8.0000
v 1.0000 -6.0000 7.0000
v 1.0000 -5.0000 7.0000
v 1.0000 -3.0000 7.0000
v 1.0000 -4.0000 7.0000
v 1.0000 -1.0000 7.0000
v 1.0000 -2.0000 7.0000
v 1.0000 2.0000 7.0000
v 1.0000 2.0000 8.0000
v 1.0000 3.0000 8.0000
v 1.0000 3.0000 7.0000
v 1.0000 4.0000 8.0000
v 1.0000 4.0000 7.0000
v 1.0000 5.0000 8.0000
v 1.0000 5.0000 7.0000
v 1.0000 6.0000 8.0000
v 1.0000 6.0000 7.0000
v 1.0000 10.0000 7.0000
v 1.0000 10.0000 8.0000
v 1.0000 11.0000 8.0000
v 1.0000 11.0000 7.0000
v 1.0000 12.0000 8.0000
v 1.0000 12.0000 7.0000
v 1.0000 13.0000 8.0000
v 1.0000 13.0000 7.0000
v 1.0000 14.0000 8.0000
v 1.0000 14.0000 7.0000
v 1.0000 -7.0000 6.0000
v 1.0000 -7.0000 7.0000
v 1.0000 -6.0000 6.0000
v 1.0000 -2.0000 6.0000
v 1.0000 -3.0000 6.0000
v 1.0000 5.0000 6.0000
v 1.0000 6.0000 6.0000
v 1.0000 7.0000 7.0000
v 1.0000 7.0000 6.0000
v 1.0000 8.0000 7.0000
v 1.0000 8.0000 6.0000
v 1.0000 9.0000 7.0000
v 1.0000 9.0000 6.0000
v 1.0000 10.0000 6.0000
v 1.0000 11.0000 6.0000
v 1.0000 12.0000 6.0000
v 1.0000 13.0000 6.0000
v 1.0000 14.0000 6.0000
v 1.0000 15.0000 7.0000
v 1.0000 15.0000 6.0000
v 1.0000 -9.0000 5.0000
v 1.0000 -9.0000 6.0000
v 1.0000 -8.0000 6.0000
v 1.0000 -8.0000 5.0000
v 1.0000 -1.0000 6.0000
v 1.0000 0.0000 6.0000
v 1.0000 0.0000 5.0000
v 1.0000 -1.0000 5.0000
v 1.0000 7.0000 5.0000
v 1.0000 6.0000 5.0000
v 1.0000 -10.0000 4.0000
v 1.0000 -10.0000 5.0000
v 1.0000 -9.0000 4.0000
v 1.0000 1.0000 5.0000
v 1.0000 0.0000 4.0000
v 1.0000 1.0000 4.0000
v 1.0000 2.0000 5.0000
v 1.0000 2.0000 4.0000
v 1.0000 3.0000 5.0000
v 1.0000 3.0000 4.0000
v 1.0000 6.0000 4.0000
v 1.0000 5.0000 4.0000
v 1.0000 5.0000 5.0000
v 0.0000 9.0000 5.0000
v 1.0000 9.0000 5.0000
v 1.0000 9.0000 4.0000
v 1.0000 8.0000 4.0000
v 1.0000 8.0000 5.0000
v 1.0000 11.0000 5.0000
v 1.0000 11.0000 4.0000
v 1.0000 10.0000 4.0000
v 1.0000 10.0000 5.0000
v 1.0000 16.0000 5.0000
v 1.0000 16.0000 4.0000
v 1.0000 15.0000 4.0000
v 1.0000 15.0000 5.0000
v 1.0000 -10.0000 3.0000
v 1.0000 4.0000 4.0000
v 1.0000 3.0000 3.0000
v 1.0000 4.0000 3.0000
v 1.0000 5.0000 3.0000
v 1.0000 6.0000 3.0000
v 1.0000 7.0000 4.0000
v 1.0000 7.0000 3.0000
v 1.0000 10.0000 3.0000
v 1.0000 9.0000 3.0000
v 1.0000 11.0000 3.0000
v 1.0000 12.0000 4.0000
v 1.0000 12.0000 3.0000
v 1.0000 13.0000 4.0000
v 1.0000 13.0000 3.0000
v 1.0000 14.0000 3.0000
v 1.0000 14.0000 4.0000
v 1.0000 15.0000 3.0000
v 1.0000 16.0000 3.0000
v 1.0000 -10.0000 2.0000
v 1.0000 6.0000 2.0000
v 1.0000 7.0000 2.0000
v 1.0000 10.0000 2.0000
v 1.0000 9.0000 2.0000
v 1.0000 13.0000 2.0000
v 1.0000 14.0000 2.0000
v 1.0000 16.0000 2.0000
v 1.0000 -10.0000 1.0000
v 1.0000 7.0000 1.0000
v 1.0000 8.0000 1.0000
v 1.0000 8.0000 2.0000
v 1.0000 9.0000 1.0000
v 1.0000 10.0000 1.0000
v 1.0000 11.0000 2.0000
v 1.0000 11.0000 1.0000
v 1.0000 12.0000 2.0000
v 1.0000 12.0000 1.0000
v 1.0000 13.0000 1.0000
v 1.0000 16.0000 1.0000
v 1.0000 -10.0000 -0.0000
v 1.0000 9.0000 -0.0000
v 1.0000 10.0000 -0.0000
v 1.0000 11.0000 -0.0000
v 1.0000 12.0000 -0.0000
v 1.0000 13.0000 -0.0000
v 1.0000 16.0000 -0.0000
v 1.0000 -10.0000 -1.0000
v 1.0000 9.0000 -1.0000
v 1.0000 10.0000 -1.0000
v 1.0000 11.0000 -1.0000
v 1.0000 12.0000 -1.0000
v 1.0000 13.0000 -1.0000
v 1.0000 16.0000 -1.0000
v 1.0000 -10.0000 -2.0000
v 1.0000 9.0000 -2.0000
v 1.0000 10.0000 -2.0000
v 1.0000 11.0000 -2.0000
v 1.0000 12.0000 -2.0000
v 1.0000 13.0000 -2.0000
v 1.0000 16.0000 -2.0000
v 1.0000 -10.0000 -3.0000
v 1.0000 9.0000 -3.0000
v 1.0000 10.0000 -3.0000
v 1.0000 11.0000 -3.0000
v 1.0000 12.0000 -3.0000
v 1.0000 13.0000 -3.0000
v 1.0000 16.0000 -3.0000
v 1.0000 -10.0000 -4.0000
v 1.0000 7.0000 -4.0000
v 1.0000 6.0000 -4.0000
v 1.0000 6.0000 -3.0000
v 1.0000 7.0000 -3.0000
v 1.0000 8.0000 -4.0000
v 1.0000 8.0000 -3.0000
v 1.0000 9.0000 -4.0000
v 1.0000 10.0000 -4.0000
v 1.0000 11.0000 -4.0000
v 1.0000 13.0000 -4.0000
v 1.0000 14.0000 -4.0000
v 1.0000 14.0000 -3.0000
v 1.0000 16.0000 -4.0000
v 1.0000 -10.0000 -5.0000
v 1.0000 4.0000 -5.0000
v 1.0000 3.0000 -5.0000
v 1.0000 3.0000 -4.0000
v 1.0000 4.0000 -4.0000
v 1.0000 5.0000 -5.0000
v 1.0000 5.0000 -4.0000
v 1.0000 6.0000 -5.0000
v 1.0000 8.0000 -5.0000
v 1.0000 9.0000 -5.0000
v 1.0000 10.0000 -5.0000
v 1.0000 13.0000 -5.0000
v 1.0000 12.0000 -5.0000
v 1.0000 12.0000 -4.0000
v 1.0000 14.0000 -5.0000
v 1.0000 15.0000 -5.0000
v 1.0000 15.0000 -4.0000
v 1.0000 16.0000 -5.0000
v 1.0000 -10.0000 -6.0000
v 1.0000 1.0000 -6.0000
v 1.0000 0.0000 -6.0000
v 1.0000 0.0000 -5.0000
v 1.0000 1.0000 -5.0000
v 1.0000 2.0000 -6.0000
v 1.0000 2.0000 -5.0000
v 1.0000 3.0000 -6.0000
v 1.0000 8.0000 -6.0000
v 1.0000 9.0000 -6.0000
v 1.0000 10.0000 -6.0000
v 1.0000 16.0000 -6.0000
v 1.0000 15.0000 -6.0000
v 1.0000 -10.0000 -7.0000
v 1.0000 -9.0000 -7.0000
v 1.0000 -9.0000 -6.0000
v 1.0000 0.0000 -7.0000
v 1.0000 -1.0000 -7.0000
v 1.0000 -1.0000 -6.0000
v 1.0000 10.0000 -7.0000
v 1.0000 11.0000 -6.0000
v 1.0000 11.0000 -7.0000
v 1.0000 12.0000 -6.0000
v 1.0000 12.0000 -7.0000
v 1.0000 15.0000 -7.0000
v 1.0000 14.0000 -7.0000
v 1.0000 14.0000 -6.0000
v 1.0000 -9.0000 -8.0000
v 1.0000 -8.0000 -8.0000
v 1.0000 -8.0000 -7.0000
v 1.0000 -1.0000 -8.0000
v 1.0000 -2.0000 -8.0000
v 1.0000 -2.0000 -7.0000
v 1.0000 3.0000 -7.0000
v 1.0000 3.0000 -8.0000
v 1.0000 2.0000 -8.0000
v 1.0000 2.0000 -7.0000
v 1.0000 8.0000 -8.0000
v 1.0000 8.0000 -7.0000
v 1.0000 9.0000 -7.0000
v 1.0000 9.0000 -8.0000
v 1.0000 10.0000 -8.0000
v 1.0000 14.0000 -8.0000
v 1.0000 13.0000 -8.0000
v 1.0000 13.0000 -7.0000
v 1.0000 -8.0000 -9.0000
v 1.0000 -7.0000 -9.0000
v 1.0000 -7.0000 -8.0000
v 1.0000 -2.0000 -9.0000
v 1.0000 -3.0000 -9.0000
v 1.0000 -3.0000 -8.0000
v 1.0000 -1.0000 -9.0000
v 1.0000 0.0000 -8.0000
v 1.0000 0.0000 -9.0000
v 1.0000 1.0000 -8.0000
v 1.0000 2.0000 -9.0000
v 1.0000 1.0000 -9.0000
v 1.0000 5.0000 -9.0000
v 1.0000 5.0000 -8.0000
v 1.0000 6.0000 -8.0000
v 1.0000 6.0000 -9.0000
v 1.0000 7.0000 -8.0000
v 1.0000 7.0000 -9.0000
v 1.0000 8.0000 -9.0000
v 1.0000 13.0000 -9.0000
v 1.0000 12.0000 -9.0000
v 1.0000 12.0000 -8.0000
v 1.0000 -7.0000 -10.0000
v 1.0000 -6.0000 -10.0000
v 1.0000 -6.0000 -9.0000
v 1.0000 -3.0000 -10.0000
v 1.0000 -4.0000 -10.0000
v 1.0000 -4.0000 -9.0000
v 1.0000 -1.0000 -10.0000
v 0.0000 3.0000 -9.0000
v 1.0000 3.0000 -9.0000
v 1.0000 3.0000 -10.0000
v 1.0000 2.0000 -10.0000
v 1.0000 8.0000 -10.0000
v 1.0000 9.0000 -9.0000
v 1.0000 9.0000 -10.0000
v 1.0000 10.0000 -9.0000
v 1.0000 10.0000 -10.0000
v 1.0000 11.0000 -9.0000
v 1.0000 11.0000 -10.0000
v 1.0000 12.0000 -10.0000
v 1.0000 -6.0000 -11.0000
v 1.0000 -5.0000 -11.0000
v 1.0000 -5.0000 -10.0000
v 1.0000 -4.0000 -11.0000
v 1.0000 -1.0000 -11.0000
v 1.0000 2.0000 -11.0000
v 1.0000 -1.0000 -12.0000
v 1.0000 0.0000 -12.0000
v 1.0000 0.0000 -11.0000
v 1.0000 1.0000 -12.0000
v 1.0000 2.0000 -12.0000
v 1.0000 1.0000 -11.0000
v 1.0000 -8.0000 14.0000
v 1.0000 -8.0000 13.0000
v 2.0000 -8.0000 13.0000
v 2.0000 -8.0000 14.0000
v 2.0000 -7.0000 14.0000
v 1.0000 -7.0000 14.0000
v 2.0000 -7.0000 13.0000
v 2.0000 -6.0000 14.0000
v 2.0000 -6.0000 13.0000
v 2.0000 -5.0000 13.0000
v 2.0000 -5.0000 14.0000
v 2.0000 -4.0000 14.0000
v 2.0000 -4.0000 13.0000
v 2.0000 -3.0000 14.0000
v 2.0000 -3.0000 13.0000
v 2.0000 -6.0000 12.0000
v 2.0000 -5.0000 12.0000
v 2.0000 -4.0000 12.0000
v 2.0000 -2.0000 13.0000
v 2.0000 -2.0000 12.0000
v 2.0000 -7.0000 11.0000
v 2.0000 -7.0000 12.0000
v 2.0000 -6.0000 11.0000
v 2.0000 -1.0000 12.0000
v 2.0000 -1.0000 11.0000
v 2.0000 -7.0000 10.0000
v 2.0000 -6.0000 10.0000
v 2.0000 -1.0000 10.0000
v 2.0000 -2.0000 10.0000
v 1.0000 0.0000 11.0000
v 2.0000 0.0000 11.0000
v 2.0000 0.0000 10.0000
v 2.0000 -7.0000 9.0000
v 2.0000 -8.0000 9.0000
v 2.0000 -8.0000 10.0000
v 2.0000 -6.0000 9.0000
v 2.0000 -5.0000 9.0000
v 2.0000 -5.0000 10.0000
v 2.0000 -4.0000 9.0000
v 2.0000 -4.0000 10.0000
v 2.0000 -3.0000 9.0000
v 2.0000 -2.0000 9.0000
v 2.0000 -4.0000 8.0000
v 2.0000 -5.0000 8.0000
v 2.0000 -7.0000 8.0000
v 2.0000 -7.0000 7.0000
v 1.0000 -8.0000 7.0000
v 2.0000 -8.0000 7.0000
v 2.0000 -8.0000 8.0000
v 2.0000 -4.0000 7.0000
v 2.0000 -5.0000 7.0000
v 2.0000 1.0000 8.0000
v 2.0000 1.0000 7.0000
v 1.0000 1.0000 7.0000
v 1.0000 0.0000 7.0000
v 2.0000 0.0000 7.0000
v 2.0000 0.0000 8.0000
v 2.0000 -7.0000 6.0000
v 2.0000 -8.0000 6.0000
v 2.0000 -6.0000 6.0000
v 2.0000 -6.0000 7.0000
v 2.0000 -5.0000 6.0000
v 2.0000 -3.0000 7.0000
v 2.0000 -3.0000 6.0000
v 2.0000 -4.0000 6.0000
v 2.0000 -1.0000 7.0000
v 2.0000 -1.0000 6.0000
v 2.0000 -2.0000 6.0000
v 2.0000 -2.0000 7.0000
v 2.0000 2.0000 7.0000
v 2.0000 2.0000 6.0000
v 1.0000 2.0000 6.0000
v 1.0000 1.0000 6.0000
v 2.0000 1.0000 6.0000
v 1.0000 3.0000 6.0000
v 2.0000 3.0000 6.0000
v 2.0000 3.0000 7.0000
v 2.0000 4.0000 7.0000
v 1.0000 4.0000 6.0000
v 2.0000 4.0000 6.0000
v 2.0000 5.0000 7.0000
v 2.0000 5.0000 6.0000
v 2.0000 6.0000 7.0000
v 2.0000 6.0000 6.0000
v 2.0000 10.0000 6.0000
v 2.0000 10.0000 7.0000
v 2.0000 11.0000 7.0000
v 2.0000 11.0000 6.0000
v 2.0000 12.0000 7.0000
v 2.0000 12.0000 6.0000
v 2.0000 13.0000 7.0000
v 2.0000 13.0000 6.0000
v 2.0000 14.0000 7.0000
v 2.0000 14.0000 6.0000
v 2.0000 -8.0000 5.0000
v 2.0000 -7.0000 5.0000
v 2.0000 -1.0000 5.0000
v 2.0000 -2.0000 5.0000
v 2.0000 3.0000 5.0000
v 2.0000 2.0000 5.0000
v 2.0000 6.0000 5.0000
v 2.0000 7.0000 6.0000
v 2.0000 7.0000 5.0000
v 2.0000 8.0000 6.0000
v 2.0000 8.0000 5.0000
v 2.0000 9.0000 6.0000
v 2.0000 9.0000 5.0000
v 2.0000 10.0000 5.0000
v 2.0000 15.0000 6.0000
v 2.0000 15.0000 5.0000
v 1.0000 14.0000 5.0000
v 2.0000 14.0000 5.0000
v 2.0000 -9.0000 4.0000
v 2.0000 -9.0000 5.0000
v 2.0000 -8.0000 4.0000
v 2.0000 0.0000 5.0000
v 2.0000 0.0000 4.0000
v 2.0000 -1.0000 4.0000
v 2.0000 3.0000 4.0000
v 2.0000 4.0000 5.0000
v 1.0000 4.0000 5.0000
v 2.0000 4.0000 4.0000
v 2.0000 5.0000 5.0000
v 2.0000 5.0000 4.0000
v 2.0000 -10.0000 3.0000
v 2.0000 -10.0000 4.0000
v 2.0000 -9.0000 3.0000
v 2.0000 1.0000 4.0000
v 2.0000 0.0000 3.0000
v 2.0000 1.0000 3.0000
v 2.0000 2.0000 4.0000
v 2.0000 2.0000 3.0000
v 2.0000 3.0000 3.0000
v 2.0000 7.0000 3.0000
v 2.0000 7.0000 4.0000
v 2.0000 8.0000 4.0000
v 2.0000 9.0000 4.0000
v 2.0000 9.0000 3.0000
v 2.0000 11.0000 4.0000
v 2.0000 11.0000 3.0000
v 2.0000 10.0000 3.0000
v 2.0000 10.0000 4.0000
v 2.0000 14.0000 4.0000
v 2.0000 14.0000 3.0000
v 2.0000 13.0000 3.0000
v 2.0000 13.0000 4.0000
v 2.0000 16.0000 4.0000
v 2.0000 16.0000 3.0000
v 2.0000 15.0000 3.0000
v 2.0000 15.0000 4.0000
v 2.0000 -10.0000 2.0000
v 2.0000 4.0000 3.0000
v 2.0000 3.0000 2.0000
v 2.0000 4.0000 2.0000
v 2.0000 5.0000 3.0000
v 2.0000 5.0000 2.0000
v 2.0000 6.0000 3.0000
v 2.0000 6.0000 2.0000
v 2.0000 7.0000 2.0000
v 2.0000 8.0000 2.0000
v 2.0000 9.0000 2.0000
v 2.0000 14.0000 2.0000
v 2.0000 15.0000 2.0000
v 2.0000 16.0000 2.0000
v 2.0000 -10.0000 1.0000
v 2.0000 7.0000 1.0000
v 2.0000 6.0000 1.0000
v 2.0000 13.0000 1.0000
v 2.0000 13.0000 2.0000
v 2.0000 14.0000 1.0000
v 2.0000 16.0000 1.0000
v 2.0000 -10.0000 -0.0000
v 2.0000 6.0000 -0.0000
v 2.0000 7.0000 -0.0000
v 2.0000 8.0000 1.0000
v 2.0000 8.0000 -0.0000
v 2.0000 9.0000 1.0000
v 2.0000 9.0000 -0.0000
v 2.0000 12.0000 1.0000
v 2.0000 12.0000 -0.0000
v 2.0000 11.0000 -0.0000
v 2.0000 11.0000 1.0000
v 2.0000 13.0000 -0.0000
v 2.0000 14.0000 -0.0000
v 2.0000 16.0000 -0.0000
v 2.0000 -10.0000 -1.0000
v 2.0000 6.0000 -1.0000
v 2.0000 7.0000 -1.0000
v 2.0000 8.0000 -1.0000
v 2.0000 9.0000 -1.0000
v 2.0000 13.0000 -1.0000
v 2.0000 14.0000 -1.0000
v 2.0000 16.0000 -1.0000
v 2.0000 -10.0000 -2.0000
v 2.0000 6.0000 -2.0000
v 2.0000 7.0000 -2.0000
v 2.0000 8.0000 -2.0000
v 2.0000 9.0000 -2.0000
v 2.0000 12.0000 -1.0000
v 2.0000 12.0000 -2.0000
v 2.0000 11.0000 -2.0000
v 2.0000 11.0000 -1.0000
v 2.0000 13.0000 -2.0000
v 2.0000 14.0000 -2.0000
v 2.0000 16.0000 -2.0000
v 2.0000 -10.0000 -3.0000
v 2.0000 7.0000 -3.0000
v 2.0000 6.0000 -3.0000
v 2.0000 8.0000 -3.0000
v 2.0000 9.0000 -3.0000
v 2.0000 13.0000 -3.0000
v 2.0000 14.0000 -3.0000
v 2.0000 16.0000 -3.0000
v 2.0000 -10.0000 -4.0000
v 2.0000 4.0000 -4.0000
v 2.0000 3.0000 -4.0000
v 2.0000 3.0000 -3.0000
v 2.0000 4.0000 -3.0000
v 2.0000 5.0000 -4.0000
v 2.0000 5.0000 -3.0000
v 2.0000 6.0000 -4.0000
v 2.0000 14.0000 -4.0000
v 2.0000 15.0000 -4.0000
v 2.0000 15.0000 -3.0000
v 2.0000 16.0000 -4.0000
v 2.0000 -10.0000 -5.0000
v 2.0000 1.0000 -5.0000
v 2.0000 0.0000 -5.0000
v 2.0000 0.0000 -4.0000
v 2.0000 1.0000 -4.0000
v 2.0000 2.0000 -5.0000
v 2.0000 2.0000 -4.0000
v 2.0000 3.0000 -5.0000
v 2.0000 5.0000 -5.0000
v 2.0000 6.0000 -5.0000
v 2.0000 7.0000 -4.0000
v 1.0000 7.0000 -5.0000
v 2.0000 7.0000 -5.0000
v 2.0000 8.0000 -4.0000
v 2.0000 8.0000 -5.0000
v 1.0000 11.0000 -5.0000
v 2.0000 11.0000 -5.0000
v 2.0000 11.0000 -4.0000
v 2.0000 12.0000 -4.0000
v 2.0000 12.0000 -5.0000
v 2.0000 13.0000 -4.0000
v 2.0000 13.0000 -5.0000
v 2.0000 16.0000 -5.0000
v 2.0000 15.0000 -5.0000
v 2.0000 -10.0000 -6.0000
v 2.0000 -9.0000 -6.0000
v 2.0000 -9.0000 -5.0000
v 2.0000 0.0000 -6.0000
v 2.0000 -1.0000 -6.0000
v 2.0000 -1.0000 -5.0000
v 2.0000 3.0000 -6.0000
v 2.0000 4.0000 -5.0000
v 1.0000 4.0000 -6.0000
v 2.0000 4.0000 -6.0000
v 2.0000 5.0000 -6.0000
v 1.0000 5.0000 -6.0000
v 2.0000 14.0000 -5.0000
v 2.0000 14.0000 -6.0000
v 1.0000 13.0000 -6.0000
v 2.0000 13.0000 -6.0000
v 2.0000 -9.0000 -7.0000
v 2.0000 -8.0000 -7.0000
v 2.0000 -8.0000 -6.0000
v 2.0000 -1.0000 -7.0000
v 2.0000 -2.0000 -7.0000
v 2.0000 -2.0000 -6.0000
v 2.0000 3.0000 -7.0000
v 2.0000 2.0000 -7.0000
v 2.0000 2.0000 -6.0000
v 2.0000 11.0000 -6.0000
v 2.0000 11.0000 -7.0000
v 2.0000 10.0000 -7.0000
v 2.0000 10.0000 -6.0000
v 2.0000 13.0000 -7.0000
v 2.0000 12.0000 -7.0000
v 2.0000 12.0000 -6.0000
v 2.0000 15.0000 -6.0000
v 2.0000 15.0000 -7.0000
v 2.0000 14.0000 -7.0000
v 2.0000 -8.0000 -8.0000
v 2.0000 -7.0000 -8.0000
v 2.0000 -7.0000 -7.0000
v 2.0000 -2.0000 -8.0000
v 2.0000 -3.0000 -8.0000
v 2.0000 -3.0000 -7.0000
v 2.0000 0.0000 -7.0000
v 2.0000 0.0000 -8.0000
v 2.0000 -1.0000 -8.0000
v 1.0000 6.0000 -7.0000
v 2.0000 6.0000 -8.0000
v 2.0000 6.0000 -7.0000
v 2.0000 7.0000 -7.0000
v 1.0000 7.0000 -7.0000
v 2.0000 7.0000 -8.0000
v 2.0000 8.0000 -7.0000
v 2.0000 8.0000 -8.0000
v 2.0000 12.0000 -8.0000
v 1.0000 11.0000 -8.0000
v 2.0000 11.0000 -8.0000
v 2.0000 -7.0000 -9.0000
v 2.0000 -6.0000 -9.0000
v 2.0000 -6.0000 -8.0000
v 2.0000 -3.0000 -9.0000
v 2.0000 -4.0000 -9.0000
v 2.0000 -4.0000 -8.0000
v 2.0000 1.0000 -8.0000
v 2.0000 1.0000 -9.0000
v 2.0000 0.0000 -9.0000
v 2.0000 -6.0000 -10.0000
v 2.0000 -5.0000 -10.0000
v 2.0000 -5.0000 -9.0000
v 2.0000 -4.0000 -10.0000
v 2.0000 -1.0000 -10.0000
v 2.0000 -1.0000 -9.0000
v 2.0000 2.0000 -9.0000
v 2.0000 2.0000 -10.0000
v 2.0000 3.0000 -10.0000
v 2.0000 3.0000 -9.0000
v 2.0000 4.0000 -9.0000
v 1.0000 4.0000 -9.0000
v 1.0000 4.0000 -10.0000
v 2.0000 4.0000 -10.0000
v 2.0000 5.0000 -9.0000
v 2.0000 5.0000 -10.0000
v 1.0000 5.0000 -10.0000
v 2.0000 8.0000 -9.0000
v 2.0000 8.0000 -10.0000
v 1.0000 7.0000 -10.0000
v 2.0000 7.0000 -10.0000
v 2.0000 7.0000 -9.0000
v 2.0000 11.0000 -9.0000
v 2.0000 11.0000 -10.0000
v 2.0000 10.0000 -10.0000
v 2.0000 10.0000 -9.0000
v 2.0000 -4.0000 -11.0000
v 2.0000 -3.0000 -10.0000
v 1.0000 -3.0000 -11.0000
v 2.0000 -3.0000 -11.0000
v 2.0000 -2.0000 -10.0000
v 1.0000 -2.0000 -10.0000
v 1.0000 -2.0000 -11.0000
v 2.0000 -2.0000 -11.0000
v 2.0000 -1.0000 -11.0000
v 2.0000 0.0000 -11.0000
v 2.0000 0.0000 -10.0000
v 2.0000 1.0000 -11.0000
v 2.0000 1.0000 -10.0000
v 2.0000 2.0000 -11.0000
v 2.0000 1.0000 -12.0000
v 2.0000 0.0000 -12.0000
v 2.0000 -2.0000 14.0000
v 3.0000 -2.0000 14.0000
v 3.0000 -2.0000 13.0000
v 3.0000 -3.0000 13.0000
v 3.0000 -3.0000 14.0000
v 3.0000 -4.0000 12.0000
v 3.0000 -4.0000 13.0000
v 3.0000 -3.0000 12.0000
v 2.0000 -1.0000 13.0000
v 3.0000 -1.0000 13.0000
v 3.0000 -1.0000 12.0000
v 3.0000 -6.0000 11.0000
v 3.0000 -6.0000 12.0000
v 3.0000 -5.0000 12.0000
v 3.0000 -5.0000 11.0000
v 3.0000 -4.0000 11.0000
v 2.0000 0.0000 12.0000
v 3.0000 0.0000 12.0000
v 3.0000 0.0000 11.0000
v 3.0000 -1.0000 11.0000
v 3.0000 -6.0000 10.0000
v 3.0000 -5.0000 10.0000
v 3.0000 -4.0000 10.0000
v 3.0000 -1.0000 10.0000
v 3.0000 -4.0000 9.0000
v 3.0000 -3.0000 9.0000
v 3.0000 -3.0000 10.0000
v 3.0000 -1.0000 9.0000
v 2.0000 -1.0000 9.0000
v 3.0000 -2.0000 9.0000
v 3.0000 -2.0000 10.0000
v 3.0000 -6.0000 9.0000
v 3.0000 -6.0000 8.0000
v 2.0000 -6.0000 8.0000
v 3.0000 -7.0000 8.0000
v 3.0000 -7.0000 9.0000
v 3.0000 -2.0000 8.0000
v 2.0000 -2.0000 8.0000
v 2.0000 -3.0000 8.0000
v 3.0000 -3.0000 8.0000
v 3.0000 -6.0000 7.0000
v 3.0000 -7.0000 7.0000
v 3.0000 -2.0000 7.0000
v 3.0000 -3.0000 7.0000
v 3.0000 -4.0000 7.0000
v 3.0000 -4.0000 6.0000
v 3.0000 -5.0000 6.0000
v 3.0000 -5.0000 7.0000
v 3.0000 0.0000 7.0000
v 3.0000 0.0000 6.0000
v 2.0000 0.0000 6.0000
v 3.0000 -1.0000 6.0000
v 3.0000 -1.0000 7.0000
v 3.0000 10.0000 7.0000
v 3.0000 10.0000 6.0000
v 2.0000 9.0000 7.0000
v 3.0000 9.0000 6.0000
v 3.0000 9.0000 7.0000
v 3.0000 -7.0000 5.0000
v 3.0000 -7.0000 6.0000
v 3.0000 -6.0000 6.0000
v 3.0000 -6.0000 5.0000
v 3.0000 -3.0000 6.0000
v 3.0000 -2.0000 6.0000
v 3.0000 -2.0000 5.0000
v 3.0000 -3.0000 5.0000
v 3.0000 0.0000 5.0000
v 3.0000 -1.0000 5.0000
v 3.0000 4.0000 6.0000
v 3.0000 4.0000 5.0000
v 3.0000 3.0000 5.0000
v 3.0000 3.0000 6.0000
v 3.0000 6.0000 6.0000
v 3.0000 6.0000 5.0000
v 3.0000 5.0000 5.0000
v 3.0000 5.0000 6.0000
v 3.0000 10.0000 5.0000
v 3.0000 11.0000 6.0000
v 2.0000 11.0000 5.0000
v 3.0000 11.0000 5.0000
v 3.0000 12.0000 6.0000
v 2.0000 12.0000 5.0000
v 3.0000 12.0000 5.0000
v 3.0000 13.0000 6.0000
v 2.0000 13.0000 5.0000
v 3.0000 13.0000 5.0000
v 3.0000 14.0000 6.0000
v 3.0000 14.0000 5.0000
v 3.0000 -8.0000 4.0000
v 3.0000 -8.0000 5.0000
v 3.0000 -7.0000 4.0000
v 3.0000 -1.0000 4.0000
v 3.0000 -2.0000 4.0000
v 3.0000 3.0000 4.0000
v 3.0000 2.0000 4.0000
v 3.0000 2.0000 5.0000
v 3.0000 5.0000 4.0000
v 2.0000 6.0000 4.0000
v 3.0000 6.0000 4.0000
v 3.0000 7.0000 5.0000
v 3.0000 7.0000 4.0000
v 3.0000 -9.0000 3.0000
v 3.0000 -9.0000 4.0000
v 3.0000 -8.0000 3.0000
v 3.0000 0.0000 4.0000
v 3.0000 0.0000 3.0000
v 3.0000 -1.0000 3.0000
v 3.0000 7.0000 3.0000
v 3.0000 8.0000 4.0000
v 3.0000 8.0000 3.0000
v 3.0000 9.0000 4.0000
v 3.0000 9.0000 3.0000
v 3.0000 10.0000 4.0000
v 3.0000 10.0000 3.0000
v 3.0000 -10.0000 2.0000
v 3.0000 -10.0000 3.0000
v 3.0000 -9.0000 2.0000
v 3.0000 1.0000 3.0000
v 3.0000 0.0000 2.0000
v 3.0000 1.0000 2.0000
v 3.0000 2.0000 3.0000
v 3.0000 2.0000 2.0000
v 3.0000 3.0000 3.0000
v 3.0000 3.0000 2.0000
v 3.0000 6.0000 2.0000
v 3.0000 6.0000 3.0000
v 3.0000 7.0000 2.0000
v 3.0000 8.0000 2.0000
v 3.0000 9.0000 2.0000
v 3.0000 14.0000 3.0000
v 3.0000 14.0000 2.0000
v 3.0000 13.0000 2.0000
v 3.0000 13.0000 3.0000
v 3.0000 16.0000 3.0000
v 3.0000 16.0000 2.0000
v 3.0000 15.0000 2.0000
v 3.0000 15.0000 3.0000
v 3.0000 -10.0000 1.0000
v 3.0000 -9.0000 1.0000
v 3.0000 4.0000 2.0000
v 3.0000 3.0000 1.0000
v 3.0000 4.0000 1.0000
v 3.0000 5.0000 2.0000
v 3.0000 5.0000 1.0000
v 3.0000 6.0000 1.0000
v 3.0000 13.0000 1.0000
v 2.0000 12.0000 2.0000
v 3.0000 12.0000 1.0000
v 3.0000 12.0000 2.0000
v 3.0000 14.0000 1.0000
v 3.0000 15.0000 1.0000
v 3.0000 16.0000 1.0000
v 3.0000 -10.0000 -0.0000
v 3.0000 -9.0000 -0.0000
v 3.0000 3.0000 -0.0000
v 3.0000 4.0000 -0.0000
v 3.0000 5.0000 -0.0000
v 3.0000 6.0000 -0.0000
v 3.0000 14.0000 -0.0000
v 3.0000 15.0000 -0.0000
v 3.0000 16.0000 -0.0000
v 3.0000 -10.0000 -1.0000
v 3.0000 -9.0000 -1.0000
v 3.0000 3.0000 -1.0000
v 3.0000 4.0000 -1.0000
v 3.0000 5.0000 -1.0000
v 3.0000 6.0000 -1.0000
v 3.0000 14.0000 -1.0000
v 3.0000 15.0000 -1.0000
v 3.0000 16.0000 -1.0000
v 3.0000 -10.0000 -2.0000
v 3.0000 -9.0000 -2.0000
v 3.0000 3.0000 -2.0000
v 3.0000 4.0000 -2.0000
v 3.0000 5.0000 -2.0000
v 3.0000 6.0000 -2.0000
v 3.0000 14.0000 -2.0000
v 3.0000 15.0000 -2.0000
v 3.0000 16.0000 -2.0000
v 3.0000 -10.0000 -3.0000
v 3.0000 -9.0000 -3.0000
v 3.0000 4.0000 -3.0000
v 3.0000 3.0000 -3.0000
v 3.0000 5.0000 -3.0000
v 3.0000 6.0000 -3.0000
v 3.0000 13.0000 -2.0000
v 3.0000 13.0000 -3.0000
v 2.0000 12.0000 -3.0000
v 3.0000 12.0000 -3.0000
v 3.0000 12.0000 -2.0000
v 3.0000 14.0000 -3.0000
v 3.0000 15.0000 -3.0000
v 3.0000 16.0000 -3.0000
v 3.0000 -10.0000 -4.0000
v 3.0000 -9.0000 -4.0000
v 3.0000 1.0000 -4.0000
v 3.0000 0.0000 -4.0000
v 3.0000 0.0000 -3.0000
v 3.0000 1.0000 -3.0000
v 3.0000 2.0000 -4.0000
v 3.0000 2.0000 -3.0000
v 3.0000 3.0000 -4.0000
v 3.0000 6.0000 -4.0000
v 3.0000 7.0000 -3.0000
v 3.0000 7.0000 -4.0000
v 3.0000 8.0000 -3.0000
v 3.0000 8.0000 -4.0000
v 3.0000 9.0000 -3.0000
v 3.0000 9.0000 -4.0000
v 2.0000 9.0000 -4.0000
v 3.0000 16.0000 -4.0000
v 3.0000 15.0000 -4.0000
v 3.0000 -10.0000 -5.0000
v 3.0000 -9.0000 -5.0000
v 3.0000 0.0000 -5.0000
v 3.0000 -1.0000 -5.0000
v 3.0000 -1.0000 -4.0000
v 3.0000 3.0000 -5.0000
v 3.0000 4.0000 -4.0000
v 3.0000 4.0000 -5.0000
v 3.0000 5.0000 -4.0000
v 3.0000 5.0000 -5.0000
v 3.0000 8.0000 -5.0000
v 2.0000 9.0000 -5.0000
v 3.0000 9.0000 -5.0000
v 2.0000 10.0000 -4.0000
v 3.0000 10.0000 -4.0000
v 3.0000 10.0000 -5.0000
v 2.0000 10.0000 -5.0000
v 3.0000 12.0000 -4.0000
v 3.0000 12.0000 -5.0000
v 3.0000 11.0000 -5.0000
v 3.0000 11.0000 -4.0000
v 3.0000 13.0000 -5.0000
v 3.0000 13.0000 -4.0000
v 3.0000 14.0000 -4.0000
v 3.0000 14.0000 -5.0000
v 3.0000 15.0000 -5.0000
v 3.0000 -9.0000 -6.0000
v 3.0000 -8.0000 -6.0000
v 3.0000 -8.0000 -5.0000
v 3.0000 -1.0000 -6.0000
v 3.0000 -2.0000 -6.0000
v 3.0000 -2.0000 -5.0000
v 3.0000 3.0000 -6.0000
v 3.0000 2.0000 -6.0000
v 3.0000 2.0000 -5.0000
v 3.0000 5.0000 -6.0000
v 3.0000 6.0000 -5.0000
v 2.0000 6.0000 -6.0000
v 3.0000 6.0000 -6.0000
v 3.0000 7.0000 -5.0000
v 3.0000 7.0000 -6.0000
v 2.0000 7.0000 -6.0000
v 3.0000 -8.0000 -7.0000
v 3.0000 -7.0000 -7.0000
v 3.0000 -7.0000 -6.0000
v 3.0000 -2.0000 -7.0000
v 3.0000 -3.0000 -7.0000
v 3.0000 -3.0000 -6.0000
v 3.0000 0.0000 -6.0000
v 3.0000 0.0000 -7.0000
v 3.0000 -1.0000 -7.0000
v 3.0000 4.0000 -6.0000
v 3.0000 4.0000 -7.0000
v 2.0000 4.0000 -7.0000
v 3.0000 3.0000 -7.0000
v 3.0000 10.0000 -6.0000
v 3.0000 10.0000 -7.0000
v 2.0000 9.0000 -6.0000
v 2.0000 9.0000 -7.0000
v 3.0000 9.0000 -7.0000
v 3.0000 9.0000 -6.0000
v 3.0000 14.0000 -6.0000
v 3.0000 14.0000 -7.0000
v 3.0000 13.0000 -7.0000
v 3.0000 13.0000 -6.0000
v 3.0000 -9.0000 -7.0000
v 3.0000 -9.0000 -8.0000
v 2.0000 -9.0000 -8.0000
v 2.0000 -10.0000 -7.0000
v 2.0000 -10.0000 -8.0000
v 3.0000 -10.0000 -8.0000
v 3.0000 -10.0000 -7.0000
v 3.0000 -7.0000 -8.0000
v 3.0000 -6.0000 -8.0000
v 3.0000 -6.0000 -7.0000
v 3.0000 -3.0000 -8.0000
v 3.0000 -4.0000 -8.0000
v 3.0000 -4.0000 -7.0000
v 2.0000 3.0000 -8.0000
v 3.0000 3.0000 -8.0000
v 2.0000 4.0000 -8.0000
v 3.0000 4.0000 -8.0000
v 3.0000 5.0000 -7.0000
v 2.0000 5.0000 -7.0000
v 2.0000 5.0000 -8.0000
v 3.0000 5.0000 -8.0000
v 3.0000 6.0000 -7.0000
v 3.0000 6.0000 -8.0000
v 3.0000 -6.0000 -9.0000
v 3.0000 -5.0000 -9.0000
v 3.0000 -5.0000 -8.0000
v 3.0000 -4.0000 -9.0000
v 3.0000 8.0000 -9.0000
v 3.0000 8.0000 -8.0000
v 3.0000 9.0000 -8.0000
v 2.0000 9.0000 -8.0000
v 2.0000 9.0000 -9.0000
v 3.0000 9.0000 -9.0000
v 3.0000 10.0000 -8.0000
v 2.0000 10.0000 -8.0000
v 3.0000 10.0000 -9.0000
v 3.0000 11.0000 -8.0000
v 3.0000 11.0000 -9.0000
v 3.0000 -1.0000 -10.0000
v 3.0000 -1.0000 -9.0000
v 3.0000 0.0000 -9.0000
v 3.0000 0.0000 -10.0000
v 3.0000 1.0000 -9.0000
v 3.0000 1.0000 -10.0000
v 3.0000 2.0000 -9.0000
v 3.0000 2.0000 -10.0000
v 3.0000 3.0000 -9.0000
v 3.0000 3.0000 -10.0000
v 3.0000 5.0000 -10.0000
v 3.0000 5.0000 -9.0000
v 3.0000 6.0000 -9.0000
v 2.0000 6.0000 -9.0000
v 2.0000 6.0000 -10.0000
v 3.0000 6.0000 -10.0000
v 3.0000 7.0000 -9.0000
v 3.0000 7.0000 -10.0000
v 3.0000 8.0000 -10.0000
v 3.0000 -1.0000 14.0000
v 4.0000 -1.0000 14.0000
v 4.0000 -1.0000 13.0000
v 4.0000 -2.0000 13.0000
v 4.0000 -2.0000 14.0000
v 4.0000 -3.0000 12.0000
v 4.0000 -3.0000 13.0000
v 4.0000 -2.0000 12.0000
v 3.0000 0.0000 13.0000
v 4.0000 0.0000 13.0000
v 4.0000 0.0000 12.0000
v 4.0000 -1.0000 12.0000
v 4.0000 -4.0000 11.0000
v 4.0000 -4.0000 12.0000
v 4.0000 -3.0000 11.0000
v 4.0000 0.0000 11.0000
v 4.0000 -1.0000 11.0000
v 3.0000 1.0000 12.0000
v 4.0000 1.0000 12.0000
v 4.0000 1.0000 11.0000
v 3.0000 1.0000 11.0000
v 4.0000 -4.0000 10.0000
v 4.0000 -3.0000 10.0000
v 4.0000 -1.0000 10.0000
v 4.0000 -2.0000 10.0000
v 4.0000 -2.0000 11.0000
v 4.0000 -2.0000 9.0000
v 4.0000 -3.0000 9.0000
v 4.0000 -4.0000 9.0000
v 4.0000 -4.0000 8.0000
v 3.0000 -4.0000 8.0000
v 3.0000 -5.0000 9.0000
v 3.0000 -5.0000 8.0000
v 4.0000 -5.0000 8.0000
v 4.0000 -5.0000 9.0000
v 4.0000 -4.0000 7.0000
v 4.0000 -5.0000 7.0000
v 4.0000 -7.0000 7.0000
v 4.0000 -7.0000 6.0000
v 3.0000 -8.0000 7.0000
v 3.0000 -8.0000 6.0000
v 4.0000 -8.0000 6.0000
v 4.0000 -8.0000 7.0000
v 4.0000 -2.0000 7.0000
v 4.0000 -2.0000 6.0000
v 4.0000 -3.0000 6.0000
v 4.0000 -3.0000 7.0000
v 4.0000 9.0000 7.0000
v 4.0000 9.0000 6.0000
v 3.0000 8.0000 7.0000
v 3.0000 8.0000 6.0000
v 4.0000 8.0000 6.0000
v 4.0000 8.0000 7.0000
v 4.0000 -7.0000 5.0000
v 4.0000 -8.0000 5.0000
v 4.0000 -6.0000 5.0000
v 4.0000 -6.0000 6.0000
v 4.0000 -5.0000 6.0000
v 4.0000 -5.0000 5.0000
v 4.0000 -4.0000 6.0000
v 4.0000 -3.0000 5.0000
v 4.0000 -4.0000 5.0000
v 4.0000 5.0000 6.0000
v 4.0000 5.0000 5.0000
v 4.0000 4.0000 5.0000
v 4.0000 4.0000 6.0000
v 4.0000 -7.0000 4.0000
v 4.0000 -6.0000 4.0000
v 4.0000 -2.0000 5.0000
v 4.0000 -2.0000 4.0000
v 4.0000 -3.0000 4.0000
v 4.0000 -1.0000 4.0000
v 4.0000 -1.0000 5.0000
v 4.0000 0.0000 5.0000
v 4.0000 0.0000 4.0000
v 3.0000 1.0000 5.0000
v 4.0000 1.0000 5.0000
v 4.0000 1.0000 4.0000
v 3.0000 1.0000 4.0000
v 4.0000 6.0000 5.0000
v 4.0000 6.0000 4.0000
v 4.0000 5.0000 4.0000
v 4.0000 7.0000 4.0000
v 4.0000 7.0000 5.0000
v 4.0000 8.0000 5.0000
v 3.0000 8.0000 5.0000
v 4.0000 8.0000 4.0000
v 3.0000 9.0000 5.0000
v 4.0000 9.0000 5.0000
v 4.0000 9.0000 4.0000
v 3.0000 15.0000 5.0000
v 4.0000 15.0000 5.0000
v 4.0000 15.0000 4.0000
v 3.0000 15.0000 4.0000
v 3.0000 14.0000 4.0000
v 4.0000 14.0000 4.0000
v 4.0000 14.0000 5.0000
v 4.0000 -8.0000 3.0000
v 4.0000 -8.0000 4.0000
v 4.0000 -7.0000 3.0000
v 4.0000 -1.0000 3.0000
v 4.0000 -2.0000 3.0000
v 4.0000 3.0000 4.0000
v 4.0000 3.0000 3.0000
v 4.0000 2.0000 3.0000
v 4.0000 2.0000 4.0000
v 4.0000 9.0000 3.0000
v 4.0000 10.0000 4.0000
v 4.0000 10.0000 3.0000
v 3.0000 11.0000 4.0000
v 4.0000 11.0000 4.0000
v 4.0000 11.0000 3.0000
v 3.0000 11.0000 3.0000
v 3.0000 16.0000 4.0000
v 4.0000 16.0000 4.0000
v 4.0000 16.0000 3.0000
v 4.0000 15.0000 3.0000
v 4.0000 -9.0000 2.0000
v 4.0000 -9.0000 3.0000
v 4.0000 -8.0000 2.0000
v 4.0000 0.0000 3.0000
v 4.0000 0.0000 2.0000
v 4.0000 -1.0000 2.0000
v 4.0000 3.0000 2.0000
v 4.0000 4.0000 3.0000
v 3.0000 4.0000 3.0000
v 4.0000 4.0000 2.0000
v 3.0000 5.0000 3.0000
v 4.0000 5.0000 3.0000
v 4.0000 5.0000 2.0000
v 4.0000 8.0000 2.0000
v 4.0000 8.0000 3.0000
v 4.0000 9.0000 2.0000
v 4.0000 10.0000 2.0000
v 3.0000 10.0000 2.0000
v 3.0000 12.0000 3.0000
v 4.0000 12.0000 3.0000
v 4.0000 12.0000 2.0000
v 3.0000 11.0000 2.0000
v 4.0000 11.0000 2.0000
v 4.0000 -9.0000 1.0000
v 4.0000 1.0000 2.0000
v 4.0000 0.0000 1.0000
v 4.0000 1.0000 1.0000
v 4.0000 2.0000 2.0000
v 4.0000 2.0000 1.0000
v 4.0000 3.0000 1.0000
v 4.0000 5.0000 1.0000
v 4.0000 6.0000 2.0000
v 4.0000 6.0000 1.0000
v 4.0000 7.0000 2.0000
v 3.0000 7.0000 1.0000
v 4.0000 7.0000 1.0000
v 4.0000 8.0000 1.0000
v 3.0000 8.0000 1.0000
v 4.0000 14.0000 2.0000
v 4.0000 14.0000 1.0000
v 4.0000 13.0000 1.0000
v 4.0000 13.0000 2.0000
v 4.0000 16.0000 2.0000
v 4.0000 16.0000 1.0000
v 4.0000 15.0000 1.0000
v 4.0000 15.0000 2.0000
v 4.0000 -9.0000 -0.0000
v 4.0000 -8.0000 -0.0000
v 4.0000 -8.0000 1.0000
v 4.0000 0.0000 -0.0000
v 4.0000 1.0000 -0.0000
v 4.0000 2.0000 -0.0000
v 4.0000 3.0000 -0.0000
v 4.0000 16.0000 -0.0000
v 4.0000 15.0000 -0.0000
v 4.0000 -9.0000 -1.0000
v 4.0000 -8.0000 -1.0000
v 4.0000 0.0000 -1.0000
v 4.0000 1.0000 -1.0000
v 4.0000 2.0000 -1.0000
v 4.0000 3.0000 -1.0000
v 4.0000 6.0000 -1.0000
v 4.0000 6.0000 -0.0000
v 4.0000 7.0000 -0.0000
v 3.0000 7.0000 -0.0000
v 3.0000 7.0000 -1.0000
v 4.0000 7.0000 -1.0000
v 3.0000 8.0000 -0.0000
v 4.0000 8.0000 -0.0000
v 4.0000 8.0000 -1.0000
v 3.0000 8.0000 -1.0000
v 4.0000 16.0000 -1.0000
v 4.0000 15.0000 -1.0000
v 4.0000 -9.0000 -2.0000
v 4.0000 -8.0000 -2.0000
v 4.0000 0.0000 -2.0000
v 4.0000 1.0000 -2.0000
v 4.0000 2.0000 -2.0000
v 4.0000 3.0000 -2.0000
v 4.0000 16.0000 -2.0000
v 4.0000 15.0000 -2.0000
v 4.0000 -9.0000 -3.0000
v 4.0000 -8.0000 -3.0000
v 4.0000 1.0000 -3.0000
v 4.0000 0.0000 -3.0000
v 4.0000 2.0000 -3.0000
v 4.0000 3.0000 -3.0000
v 4.0000 5.0000 -3.0000
v 4.0000 5.0000 -2.0000
v 4.0000 6.0000 -2.0000
v 4.0000 6.0000 -3.0000
v 4.0000 7.0000 -2.0000
v 3.0000 7.0000 -2.0000
v 4.0000 7.0000 -3.0000
v 3.0000 8.0000 -2.0000
v 4.0000 8.0000 -2.0000
v 4.0000 8.0000 -3.0000
v 4.0000 14.0000 -2.0000
v 4.0000 14.0000 -3.0000
v 4.0000 13.0000 -3.0000
v 4.0000 13.0000 -2.0000
v 4.0000 16.0000 -3.0000
v 4.0000 15.0000 -3.0000
v 4.0000 -9.0000 -4.0000
v 4.0000 0.0000 -4.0000
v 4.0000 -1.0000 -4.0000
v 4.0000 -1.0000 -3.0000
v 4.0000 3.0000 -4.0000
v 4.0000 4.0000 -3.0000
v 4.0000 4.0000 -4.0000
v 4.0000 5.0000 -4.0000
v 4.0000 8.0000 -4.0000
v 4.0000 9.0000 -3.0000
v 4.0000 9.0000 -4.0000
v 3.0000 10.0000 -3.0000
v 4.0000 10.0000 -3.0000
v 4.0000 10.0000 -4.0000
v 4.0000 12.0000 -3.0000
v 4.0000 12.0000 -4.0000
v 3.0000 11.0000 -3.0000
v 4.0000 11.0000 -4.0000
v 4.0000 11.0000 -3.0000
v 4.0000 14.0000 -4.0000
v 4.0000 13.0000 -4.0000
v 4.0000 -9.0000 -5.0000
v 4.0000 -8.0000 -5.0000
v 4.0000 -8.0000 -4.0000
v 4.0000 -1.0000 -5.0000
v 4.0000 -2.0000 -5.0000
v 4.0000 -2.0000 -4.0000
v 4.0000 3.0000 -5.0000
v 4.0000 2.0000 -5.0000
v 4.0000 2.0000 -4.0000
v 4.0000 9.0000 -5.0000
v 4.0000 10.0000 -5.0000
v 4.0000 11.0000 -5.0000
v 4.0000 -10.0000 -5.0000
v 4.0000 -10.0000 -6.0000
v 3.0000 -10.0000 -6.0000
v 3.0000 -11.0000 -5.0000
v 3.0000 -11.0000 -6.0000
v 4.0000 -11.0000 -6.0000
v 4.0000 -11.0000 -5.0000
v 4.0000 -8.0000 -6.0000
v 4.0000 -7.0000 -6.0000
v 4.0000 -2.0000 -6.0000
v 4.0000 -3.0000 -6.0000
v 4.0000 -3.0000 -5.0000
v 4.0000 0.0000 -5.0000
v 4.0000 0.0000 -6.0000
v 4.0000 -1.0000 -6.0000
v 4.0000 7.0000 -6.0000
v 4.0000 7.0000 -5.0000
v 4.0000 8.0000 -5.0000
v 3.0000 8.0000 -6.0000
v 4.0000 8.0000 -6.0000
v 4.0000 9.0000 -6.0000
v 4.0000 -7.0000 -7.0000
v 4.0000 -6.0000 -7.0000
v 4.0000 -3.0000 -7.0000
v 4.0000 -4.0000 -7.0000
v 4.0000 -4.0000 -6.0000
v 4.0000 10.0000 -6.0000
v 4.0000 10.0000 -7.0000
v 4.0000 9.0000 -7.0000
v 4.0000 13.0000 -6.0000
v 4.0000 13.0000 -7.0000
v 3.0000 12.0000 -6.0000
v 3.0000 12.0000 -7.0000
v 4.0000 12.0000 -7.0000
v 4.0000 12.0000 -6.0000
v 4.0000 -10.0000 -7.0000
v 4.0000 -10.0000 -8.0000
v 3.0000 -11.0000 -7.0000
v 3.0000 -11.0000 -8.0000
v 4.0000 -11.0000 -8.0000
v 4.0000 -11.0000 -7.0000
v 4.0000 -6.0000 -8.0000
v 4.0000 -5.0000 -8.0000
v 4.0000 -4.0000 -8.0000
v 4.0000 -5.0000 -7.0000
v 3.0000 -15.0000 -8.0000
v 4.0000 -15.0000 -8.0000
v 4.0000 -15.0000 -9.0000
v 3.0000 -15.0000 -9.0000
v 3.0000 -16.0000 -8.0000
v 3.0000 -16.0000 -9.0000
v 4.0000 -16.0000 -9.0000
v 4.0000 -16.0000 -8.0000
v 4.0000 -11.0000 -9.0000
v 3.0000 -11.0000 -9.0000
v 3.0000 -12.0000 -8.0000
v 3.0000 -12.0000 -9.0000
v 4.0000 -12.0000 -9.0000
v 4.0000 -12.0000 -8.0000
v 3.0000 -9.0000 -9.0000
v 4.0000 -9.0000 -9.0000
v 4.0000 -9.0000 -8.0000
v 4.0000 -8.0000 -8.0000
v 3.0000 -8.0000 -8.0000
v 3.0000 -8.0000 -9.0000
v 4.0000 -8.0000 -9.0000
v 4.0000 -7.0000 -8.0000
v 4.0000 -7.0000 -9.0000
v 3.0000 -7.0000 -9.0000
v 3.0000 0.0000 -8.0000
v 4.0000 0.0000 -8.0000
v 4.0000 0.0000 -9.0000
v 3.0000 -1.0000 -8.0000
v 4.0000 -1.0000 -9.0000
v 4.0000 -1.0000 -8.0000
v 3.0000 2.0000 -8.0000
v 4.0000 2.0000 -9.0000
v 4.0000 2.0000 -8.0000
v 4.0000 3.0000 -8.0000
v 4.0000 3.0000 -9.0000
v 4.0000 4.0000 -8.0000
v 3.0000 4.0000 -9.0000
v 4.0000 4.0000 -9.0000
v 4.0000 5.0000 -8.0000
v 4.0000 5.0000 -9.0000
v 4.0000 8.0000 -8.0000
v 4.0000 8.0000 -9.0000
v 3.0000 7.0000 -8.0000
v 4.0000 7.0000 -9.0000
v 4.0000 7.0000 -8.0000
v 4.0000 -15.0000 -10.0000
v 3.0000 -15.0000 -10.0000
v 3.0000 -16.0000 -10.0000
v 4.0000 -16.0000 -10.0000
v 5.0000 -1.0000 13.0000
v 5.0000 -1.0000 12.0000
v 5.0000 -2.0000 12.0000
v 5.0000 -2.0000 13.0000
v 5.0000 -3.0000 11.0000
v 5.0000 -3.0000 12.0000
v 5.0000 -2.0000 11.0000
v 5.0000 -1.0000 11.0000
v 5.0000 0.0000 12.0000
v 5.0000 0.0000 11.0000
v 5.0000 -2.0000 10.0000
v 5.0000 -3.0000 10.0000
v 5.0000 -4.0000 6.0000
v 5.0000 -4.0000 5.0000
v 5.0000 -5.0000 5.0000
v 5.0000 -5.0000 6.0000
v 5.0000 8.0000 5.0000
v 5.0000 8.0000 6.0000
v 5.0000 9.0000 6.0000
v 5.0000 9.0000 5.0000
v 5.0000 10.0000 6.0000
v 4.0000 10.0000 6.0000
v 4.0000 10.0000 5.0000
v 5.0000 10.0000 5.0000
v 5.0000 11.0000 6.0000
v 4.0000 11.0000 6.0000
v 4.0000 11.0000 5.0000
v 5.0000 11.0000 5.0000
v 5.0000 12.0000 6.0000
v 4.0000 12.0000 6.0000
v 4.0000 12.0000 5.0000
v 5.0000 12.0000 5.0000
v 5.0000 13.0000 6.0000
v 4.0000 13.0000 6.0000
v 4.0000 13.0000 5.0000
v 5.0000 13.0000 5.0000
v 4.0000 14.0000 6.0000
v 5.0000 14.0000 6.0000
v 5.0000 14.0000 5.0000
v 5.0000 -6.0000 4.0000
v 5.0000 -6.0000 5.0000
v 5.0000 -5.0000 4.0000
v 5.0000 -3.0000 5.0000
v 5.0000 -3.0000 4.0000
v 5.0000 -4.0000 4.0000
v 5.0000 5.0000 4.0000
v 5.0000 5.0000 5.0000
v 5.0000 6.0000 5.0000
v 5.0000 6.0000 4.0000
v 5.0000 7.0000 5.0000
v 5.0000 7.0000 4.0000
v 5.0000 -7.0000 3.0000
v 5.0000 -7.0000 4.0000
v 5.0000 -6.0000 3.0000
v 5.0000 -2.0000 4.0000
v 5.0000 -2.0000 3.0000
v 5.0000 -3.0000 3.0000
v 5.0000 -1.0000 3.0000
v 5.0000 -1.0000 4.0000
v 5.0000 0.0000 4.0000
v 5.0000 0.0000 3.0000
v 5.0000 1.0000 4.0000
v 4.0000 1.0000 3.0000
v 5.0000 1.0000 3.0000
v 5.0000 2.0000 4.0000
v 5.0000 2.0000 3.0000
v 5.0000 10.0000 3.0000
v 5.0000 10.0000 4.0000
v 5.0000 11.0000 4.0000
v 5.0000 11.0000 3.0000
v 5.0000 12.0000 4.0000
v 4.0000 12.0000 4.0000
v 5.0000 12.0000 3.0000
v 5.0000 13.0000 4.0000
v 4.0000 13.0000 4.0000
v 4.0000 13.0000 3.0000
v 5.0000 13.0000 3.0000
v 5.0000 14.0000 4.0000
v 4.0000 14.0000 3.0000
v 5.0000 14.0000 3.0000
v 5.0000 15.0000 4.0000
v 5.0000 15.0000 3.0000
v 5.0000 -8.0000 2.0000
v 5.0000 -8.0000 3.0000
v 5.0000 -7.0000 2.0000
v 5.0000 -1.0000 2.0000
v 5.0000 -2.0000 2.0000
v 5.0000 3.0000 3.0000
v 5.0000 3.0000 2.0000
v 5.0000 2.0000 2.0000
v 5.0000 11.0000 2.0000
v 5.0000 10.0000 2.0000
v 5.0000 -9.0000 1.0000
v 5.0000 -9.0000 2.0000
v 5.0000 -8.0000 1.0000
v 5.0000 0.0000 2.0000
v 5.0000 0.0000 1.0000
v 5.0000 -1.0000 1.0000
v 5.0000 3.0000 1.0000
v 5.0000 4.0000 2.0000
v 4.0000 4.0000 1.0000
v 5.0000 4.0000 1.0000
v 5.0000 5.0000 2.0000
v 5.0000 5.0000 1.0000
v 4.0000 11.0000 1.0000
v 5.0000 11.0000 1.0000
v 5.0000 12.0000 2.0000
v 4.0000 12.0000 1.0000
v 5.0000 12.0000 1.0000
v 5.0000 13.0000 2.0000
v 5.0000 13.0000 1.0000
v 5.0000 -8.0000 -0.0000
v 5.0000 -7.0000 -0.0000
v 5.0000 -7.0000 1.0000
v 5.0000 0.0000 -0.0000
v 5.0000 -1.0000 -0.0000
v 4.0000 5.0000 -0.0000
v 5.0000 5.0000 -0.0000
v 5.0000 6.0000 1.0000
v 5.0000 6.0000 -0.0000
v 5.0000 7.0000 1.0000
v 5.0000 7.0000 -0.0000
v 5.0000 14.0000 1.0000
v 5.0000 14.0000 -0.0000
v 4.0000 14.0000 -0.0000
v 4.0000 13.0000 -0.0000
v 5.0000 13.0000 -0.0000
v 5.0000 -8.0000 -1.0000
v 5.0000 -7.0000 -1.0000
v 5.0000 0.0000 -1.0000
v 5.0000 -1.0000 -1.0000
v 5.0000 8.0000 -1.0000
v 5.0000 8.0000 -0.0000
v 5.0000 9.0000 -0.0000
v 4.0000 9.0000 -0.0000
v 4.0000 9.0000 -1.0000
v 5.0000 9.0000 -1.0000
v 4.0000 10.0000 -0.0000
v 5.0000 10.0000 -0.0000
v 5.0000 10.0000 -1.0000
v 4.0000 10.0000 -1.0000
v 5.0000 15.0000 -0.0000
v 5.0000 15.0000 -1.0000
v 4.0000 14.0000 -1.0000
v 5.0000 14.0000 -1.0000
v 5.0000 -8.0000 -2.0000
v 5.0000 -7.0000 -2.0000
v 5.0000 0.0000 -2.0000
v 5.0000 -1.0000 -2.0000
v 4.0000 5.0000 -1.0000
v 5.0000 5.0000 -2.0000
v 5.0000 5.0000 -1.0000
v 5.0000 6.0000 -1.0000
v 5.0000 6.0000 -2.0000
v 5.0000 7.0000 -1.0000
v 5.0000 7.0000 -2.0000
v 5.0000 14.0000 -2.0000
v 4.0000 13.0000 -1.0000
v 5.0000 13.0000 -2.0000
v 5.0000 13.0000 -1.0000
v 5.0000 -8.0000 -3.0000
v 5.0000 -7.0000 -3.0000
v 5.0000 0.0000 -3.0000
v 5.0000 -1.0000 -3.0000
v 4.0000 11.0000 -2.0000
v 5.0000 11.0000 -3.0000
v 5.0000 11.0000 -2.0000
v 5.0000 12.0000 -2.0000
v 4.0000 12.0000 -2.0000
v 5.0000 12.0000 -3.0000
v 5.0000 13.0000 -3.0000
v 5.0000 16.0000 -2.0000
v 5.0000 16.0000 -3.0000
v 5.0000 15.0000 -3.0000
v 5.0000 15.0000 -2.0000
v 4.0000 -15.0000 -3.0000
v 5.0000 -15.0000 -3.0000
v 5.0000 -15.0000 -4.0000
v 4.0000 -15.0000 -4.0000
v 4.0000 -16.0000 -3.0000
v 4.0000 -16.0000 -4.0000
v 5.0000 -16.0000 -4.0000
v 5.0000 -16.0000 -3.0000
v 5.0000 -9.0000 -4.0000
v 5.0000 -9.0000 -3.0000
v 5.0000 -8.0000 -4.0000
v 5.0000 -7.0000 -4.0000
v 5.0000 -1.0000 -4.0000
v 5.0000 -2.0000 -4.0000
v 5.0000 -2.0000 -3.0000
v 5.0000 3.0000 -3.0000
v 5.0000 3.0000 -4.0000
v 5.0000 2.0000 -4.0000
v 5.0000 2.0000 -3.0000
v 5.0000 11.0000 -4.0000
v 5.0000 10.0000 -4.0000
v 5.0000 10.0000 -3.0000
v 5.0000 -8.0000 -5.0000
v 5.0000 -2.0000 -5.0000
v 5.0000 -3.0000 -5.0000
v 5.0000 -3.0000 -4.0000
v 5.0000 0.0000 -4.0000
v 5.0000 0.0000 -5.0000
v 5.0000 -1.0000 -5.0000
v 5.0000 4.0000 -4.0000
v 5.0000 4.0000 -5.0000
v 4.0000 4.0000 -5.0000
v 5.0000 3.0000 -5.0000
v 4.0000 -15.0000 -5.0000
v 5.0000 -15.0000 -5.0000
v 5.0000 -15.0000 -6.0000
v 4.0000 -15.0000 -6.0000
v 4.0000 -16.0000 -5.0000
v 4.0000 -16.0000 -6.0000
v 5.0000 -16.0000 -6.0000
v 5.0000 -16.0000 -5.0000
v 5.0000 -11.0000 -5.0000
v 5.0000 -11.0000 -6.0000
v 4.0000 -12.0000 -5.0000
v 4.0000 -12.0000 -6.0000
v 5.0000 -12.0000 -6.0000
v 5.0000 -12.0000 -5.0000
v 4.0000 -9.0000 -6.0000
v 5.0000 -9.0000 -6.0000
v 5.0000 -9.0000 -5.0000
v 5.0000 -8.0000 -6.0000
v 5.0000 -3.0000 -6.0000
v 5.0000 -4.0000 -6.0000
v 5.0000 -4.0000 -5.0000
v 5.0000 3.0000 -6.0000
v 4.0000 3.0000 -6.0000
v 4.0000 2.0000 -6.0000
v 5.0000 2.0000 -6.0000
v 5.0000 2.0000 -5.0000
v 5.0000 9.0000 -6.0000
v 5.0000 9.0000 -5.0000
v 5.0000 10.0000 -5.0000
v 5.0000 10.0000 -6.0000
v 5.0000 11.0000 -5.0000
v 5.0000 11.0000 -6.0000
v 4.0000 11.0000 -6.0000
v 5.0000 -15.0000 -7.0000
v 4.0000 -15.0000 -7.0000
v 4.0000 -16.0000 -7.0000
v 5.0000 -16.0000 -7.0000
v 4.0000 -8.0000 -7.0000
v 5.0000 -8.0000 -7.0000
v 5.0000 -7.0000 -7.0000
v 5.0000 -4.0000 -7.0000
v 5.0000 -5.0000 -7.0000
v 5.0000 -5.0000 -6.0000
v 5.0000 2.0000 -7.0000
v 4.0000 2.0000 -7.0000
v 4.0000 1.0000 -6.0000
v 4.0000 1.0000 -7.0000
v 5.0000 1.0000 -7.0000
v 5.0000 1.0000 -6.0000
v 5.0000 9.0000 -7.0000
v 4.0000 8.0000 -7.0000
v 5.0000 8.0000 -7.0000
v 5.0000 8.0000 -6.0000
v 5.0000 12.0000 -6.0000
v 5.0000 12.0000 -7.0000
v 4.0000 11.0000 -7.0000
v 5.0000 11.0000 -7.0000
v 5.0000 -15.0000 -8.0000
v 5.0000 -16.0000 -8.0000
v 4.0000 -13.0000 -7.0000
v 5.0000 -13.0000 -7.0000
v 5.0000 -13.0000 -8.0000
v 4.0000 -13.0000 -8.0000
v 4.0000 -14.0000 -7.0000
v 4.0000 -14.0000 -8.0000
v 5.0000 -14.0000 -8.0000
v 5.0000 -14.0000 -7.0000
v 4.0000 -9.0000 -7.0000
v 5.0000 -9.0000 -7.0000
v 5.0000 -9.0000 -8.0000
v 5.0000 -10.0000 -8.0000
v 5.0000 -10.0000 -7.0000
v 5.0000 -7.0000 -8.0000
v 5.0000 -5.0000 -8.0000
v 5.0000 -6.0000 -8.0000
v 5.0000 -6.0000 -7.0000
v 5.0000 1.0000 -8.0000
v 4.0000 1.0000 -8.0000
v 4.0000 0.0000 -7.0000
v 5.0000 0.0000 -8.0000
v 5.0000 0.0000 -7.0000
v 4.0000 5.0000 -7.0000
v 5.0000 5.0000 -8.0000
v 5.0000 5.0000 -7.0000
v 5.0000 6.0000 -7.0000
v 4.0000 6.0000 -7.0000
v 4.0000 6.0000 -8.0000
v 5.0000 6.0000 -8.0000
v 5.0000 7.0000 -7.0000
v 4.0000 7.0000 -7.0000
v 5.0000 7.0000 -8.0000
v 5.0000 8.0000 -8.0000
v 5.0000 9.0000 -8.0000
v 4.0000 9.0000 -8.0000
v 5.0000 -14.0000 -9.0000
v 4.0000 -14.0000 -9.0000
v 5.0000 -15.0000 -9.0000
v 5.0000 -12.0000 -8.0000
v 5.0000 -12.0000 -9.0000
v 4.0000 -13.0000 -9.0000
v 5.0000 -13.0000 -9.0000
v 5.0000 -10.0000 -9.0000
v 4.0000 -10.0000 -9.0000
v 5.0000 -11.0000 -9.0000
v 5.0000 -11.0000 -8.0000
v 5.0000 -6.0000 -9.0000
v 4.0000 -6.0000 -9.0000
v 5.0000 -7.0000 -9.0000
v 5.0000 -15.0000 -10.0000
v 5.0000 -14.0000 -10.0000
v 4.0000 -14.0000 -10.0000
v 5.0000 -13.0000 -10.0000
v 4.0000 -13.0000 -10.0000
v 5.0000 -11.0000 -10.0000
v 4.0000 -11.0000 -10.0000
v 4.0000 -12.0000 -10.0000
v 5.0000 -12.0000 -10.0000
v 4.0000 -16.0000 -11.0000
v 5.0000 -16.0000 -11.0000
v 5.0000 -16.0000 -10.0000
v 5.0000 -15.0000 -11.0000
v 4.0000 -15.0000 -11.0000
v 5.0000 -14.0000 -11.0000
v 4.0000 -14.0000 -11.0000
v 5.0000 -15.0000 -12.0000
v 4.0000 -15.0000 -12.0000
v 4.0000 -16.0000 -12.0000
v 5.0000 -16.0000 -12.0000
v 6.0000 -1.0000 12.0000
v 6.0000 -1.0000 11.0000
v 6.0000 -2.0000 11.0000
v 6.0000 -2.0000 12.0000
v 6.0000 -4.0000 5.0000
v 6.0000 -4.0000 4.0000
v 6.0000 -5.0000 4.0000
v 6.0000 -5.0000 5.0000
v 6.0000 7.0000 4.0000
v 6.0000 7.0000 5.0000
v 6.0000 8.0000 5.0000
v 5.0000 8.0000 4.0000
v 6.0000 8.0000 4.0000
v 6.0000 9.0000 5.0000
v 5.0000 9.0000 4.0000
v 6.0000 9.0000 4.0000
v 6.0000 10.0000 5.0000
v 6.0000 10.0000 4.0000
v 6.0000 -6.0000 3.0000
v 6.0000 -6.0000 4.0000
v 6.0000 -5.0000 3.0000
v 6.0000 -3.0000 4.0000
v 6.0000 -3.0000 3.0000
v 6.0000 -4.0000 3.0000
v 5.0000 4.0000 4.0000
v 5.0000 4.0000 3.0000
v 6.0000 4.0000 3.0000
v 6.0000 4.0000 4.0000
v 6.0000 5.0000 4.0000
v 5.0000 5.0000 3.0000
v 6.0000 5.0000 3.0000
v 6.0000 6.0000 4.0000
v 6.0000 6.0000 3.0000
v 5.0000 6.0000 3.0000
v 6.0000 13.0000 4.0000
v 6.0000 13.0000 3.0000
v 6.0000 12.0000 3.0000
v 6.0000 12.0000 4.0000
v 6.0000 -7.0000 2.0000
v 6.0000 -7.0000 3.0000
v 6.0000 -6.0000 2.0000
v 6.0000 -2.0000 3.0000
v 6.0000 -2.0000 2.0000
v 6.0000 -3.0000 2.0000
v 6.0000 4.0000 2.0000
v 6.0000 3.0000 2.0000
v 6.0000 3.0000 3.0000
v 6.0000 10.0000 3.0000
v 6.0000 10.0000 2.0000
v 5.0000 9.0000 3.0000
v 5.0000 9.0000 2.0000
v 6.0000 9.0000 2.0000
v 6.0000 9.0000 3.0000
v 6.0000 12.0000 2.0000
v 6.0000 14.0000 3.0000
v 6.0000 14.0000 2.0000
v 5.0000 14.0000 2.0000
v 6.0000 13.0000 2.0000
v 6.0000 -8.0000 1.0000
v 6.0000 -8.0000 2.0000
v 6.0000 -7.0000 1.0000
v 6.0000 -1.0000 2.0000
v 6.0000 -1.0000 1.0000
v 6.0000 -2.0000 1.0000
v 6.0000 3.0000 1.0000
v 5.0000 2.0000 1.0000
v 6.0000 2.0000 1.0000
v 6.0000 2.0000 2.0000
v 6.0000 11.0000 2.0000
v 6.0000 11.0000 1.0000
v 5.0000 10.0000 1.0000
v 6.0000 10.0000 1.0000
v 6.0000 12.0000 1.0000
v 6.0000 13.0000 1.0000
v 6.0000 14.0000 1.0000
v 6.0000 -7.0000 -0.0000
v 6.0000 -6.0000 -0.0000
v 6.0000 -6.0000 1.0000
v 6.0000 -1.0000 -0.0000
v 6.0000 -2.0000 -0.0000
v 6.0000 3.0000 -0.0000
v 5.0000 3.0000 -0.0000
v 5.0000 2.0000 -0.0000
v 6.0000 2.0000 -0.0000
v 6.0000 7.0000 -0.0000
v 6.0000 7.0000 1.0000
v 6.0000 8.0000 1.0000
v 5.0000 8.0000 1.0000
v 6.0000 8.0000 -0.0000
v 5.0000 9.0000 1.0000
v 6.0000 9.0000 1.0000
v 6.0000 9.0000 -0.0000
v 6.0000 12.0000 -0.0000
v 5.0000 12.0000 -0.0000
v 5.0000 11.0000 -0.0000
v 6.0000 11.0000 -0.0000
v 5.0000 15.0000 1.0000
v 6.0000 15.0000 1.0000
v 6.0000 15.0000 -0.0000
v 6.0000 14.0000 -0.0000
v 6.0000 -7.0000 -1.0000
v 6.0000 -6.0000 -1.0000
v 6.0000 -1.0000 -1.0000
v 6.0000 -2.0000 -1.0000
v 6.0000 3.0000 -1.0000
v 5.0000 3.0000 -1.0000
v 5.0000 2.0000 -1.0000
v 6.0000 2.0000 -1.0000
v 6.0000 10.0000 -1.0000
v 6.0000 10.0000 -0.0000
v 5.0000 11.0000 -1.0000
v 6.0000 11.0000 -1.0000
v 6.0000 12.0000 -1.0000
v 5.0000 12.0000 -1.0000
v 6.0000 13.0000 -0.0000
v 6.0000 13.0000 -1.0000
v 6.0000 15.0000 -1.0000
v 6.0000 14.0000 -1.0000
v 6.0000 -7.0000 -2.0000
v 6.0000 -6.0000 -2.0000
v 6.0000 -1.0000 -2.0000
v 6.0000 -2.0000 -2.0000
v 6.0000 3.0000 -2.0000
v 5.0000 3.0000 -2.0000
v 5.0000 2.0000 -2.0000
v 6.0000 2.0000 -2.0000
v 6.0000 7.0000 -2.0000
v 6.0000 7.0000 -1.0000
v 6.0000 8.0000 -1.0000
v 5.0000 8.0000 -2.0000
v 6.0000 8.0000 -2.0000
v 6.0000 9.0000 -1.0000
v 6.0000 9.0000 -2.0000
v 5.0000 9.0000 -2.0000
v 6.0000 12.0000 -2.0000
v 6.0000 11.0000 -2.0000
v 6.0000 -7.0000 -3.0000
v 6.0000 -6.0000 -3.0000
v 6.0000 -1.0000 -3.0000
v 6.0000 -2.0000 -3.0000
v 6.0000 3.0000 -3.0000
v 6.0000 2.0000 -3.0000
v 6.0000 11.0000 -3.0000
v 5.0000 10.0000 -2.0000
v 6.0000 10.0000 -3.0000
v 6.0000 10.0000 -2.0000
v 6.0000 -7.0000 -4.0000
v 6.0000 -6.0000 -4.0000
v 6.0000 -2.0000 -4.0000
v 6.0000 -3.0000 -4.0000
v 6.0000 -3.0000 -3.0000
v 6.0000 0.0000 -3.0000
v 6.0000 0.0000 -4.0000
v 6.0000 -1.0000 -4.0000
v 5.0000 13.0000 -4.0000
v 6.0000 13.0000 -4.0000
v 6.0000 13.0000 -3.0000
v 6.0000 14.0000 -3.0000
v 5.0000 14.0000 -3.0000
v 5.0000 14.0000 -4.0000
v 6.0000 14.0000 -4.0000
v 6.0000 15.0000 -3.0000
v 6.0000 15.0000 -4.0000
v 5.0000 15.0000 -4.0000
v 6.0000 -15.0000 -4.0000
v 6.0000 -15.0000 -5.0000
v 6.0000 -16.0000 -5.0000
v 6.0000 -16.0000 -4.0000
v 6.0000 -9.0000 -4.0000
v 6.0000 -9.0000 -5.0000
v 5.0000 -10.0000 -4.0000
v 5.0000 -10.0000 -5.0000
v 6.0000 -10.0000 -5.0000
v 6.0000 -10.0000 -4.0000
v 6.0000 -8.0000 -5.0000
v 6.0000 -8.0000 -4.0000
v 6.0000 -7.0000 -5.0000
v 6.0000 -3.0000 -5.0000
v 6.0000 -4.0000 -5.0000
v 6.0000 -4.0000 -4.0000
v 6.0000 11.0000 -5.0000
v 6.0000 11.0000 -4.0000
v 6.0000 12.0000 -4.0000
v 5.0000 12.0000 -4.0000
v 5.0000 12.0000 -5.0000
v 6.0000 12.0000 -5.0000
v 6.0000 13.0000 -5.0000
v 5.0000 13.0000 -5.0000
v 5.0000 -14.0000 -5.0000
v 6.0000 -14.0000 -5.0000
v 6.0000 -14.0000 -6.0000
v 5.0000 -14.0000 -6.0000
v 6.0000 -15.0000 -6.0000
v 6.0000 -9.0000 -6.0000
v 6.0000 -4.0000 -6.0000
v 6.0000 -5.0000 -6.0000
v 6.0000 -5.0000 -5.0000
v 6.0000 3.0000 -6.0000
v 6.0000 3.0000 -5.0000
v 6.0000 4.0000 -5.0000
v 5.0000 4.0000 -6.0000
v 6.0000 4.0000 -6.0000
v 6.0000 5.0000 -5.0000
v 5.0000 5.0000 -5.0000
v 5.0000 5.0000 -6.0000
v 6.0000 5.0000 -6.0000
v 5.0000 6.0000 -5.0000
v 6.0000 6.0000 -5.0000
v 6.0000 6.0000 -6.0000
v 5.0000 6.0000 -6.0000
v 6.0000 9.0000 -5.0000
v 6.0000 9.0000 -6.0000
v 5.0000 8.0000 -5.0000
v 6.0000 8.0000 -6.0000
v 6.0000 8.0000 -5.0000
v 6.0000 -14.0000 -7.0000
v 6.0000 -15.0000 -7.0000
v 6.0000 -11.0000 -6.0000
v 6.0000 -11.0000 -7.0000
v 5.0000 -11.0000 -7.0000
v 5.0000 -12.0000 -7.0000
v 6.0000 -12.0000 -7.0000
v 6.0000 -12.0000 -6.0000
v 5.0000 -10.0000 -6.0000
v 6.0000 -10.0000 -7.0000
v 6.0000 -10.0000 -6.0000
v 6.0000 -9.0000 -7.0000
v 6.0000 -8.0000 -7.0000
v 6.0000 -5.0000 -7.0000
v 6.0000 -6.0000 -7.0000
v 6.0000 -6.0000 -6.0000
v 5.0000 0.0000 -6.0000
v 6.0000 0.0000 -6.0000
v 6.0000 0.0000 -7.0000
v 5.0000 -1.0000 -6.0000
v 5.0000 -1.0000 -7.0000
v 6.0000 -1.0000 -7.0000
v 6.0000 -1.0000 -6.0000
v 6.0000 3.0000 -7.0000
v 5.0000 3.0000 -7.0000
v 6.0000 2.0000 -7.0000
v 6.0000 2.0000 -6.0000
v 6.0000 6.0000 -7.0000
v 6.0000 7.0000 -6.0000
v 5.0000 7.0000 -6.0000
v 6.0000 9.0000 -7.0000
v 6.0000 8.0000 -7.0000
v 6.0000 10.0000 -6.0000
v 6.0000 10.0000 -7.0000
v 5.0000 10.0000 -7.0000
v 6.0000 -14.0000 -8.0000
v 6.0000 -15.0000 -8.0000
v 6.0000 -12.0000 -8.0000
v 6.0000 -13.0000 -8.0000
v 6.0000 -13.0000 -7.0000
v 6.0000 -10.0000 -8.0000
v 6.0000 -11.0000 -8.0000
v 5.0000 -8.0000 -8.0000
v 6.0000 -8.0000 -8.0000
v 6.0000 -6.0000 -8.0000
v 6.0000 -7.0000 -8.0000
v 6.0000 -7.0000 -7.0000
v 6.0000 0.0000 -8.0000
v 5.0000 -1.0000 -8.0000
v 6.0000 -1.0000 -8.0000
v 5.0000 3.0000 -8.0000
v 6.0000 3.0000 -8.0000
v 6.0000 4.0000 -7.0000
v 5.0000 4.0000 -7.0000
v 5.0000 4.0000 -8.0000
v 6.0000 4.0000 -8.0000
v 6.0000 5.0000 -7.0000
v 6.0000 5.0000 -8.0000
v 6.0000 6.0000 -8.0000
v 6.0000 7.0000 -8.0000
v 6.0000 8.0000 -8.0000
v 6.0000 7.0000 -7.0000
v 6.0000 -14.0000 -9.0000
v 6.0000 -12.0000 -9.0000
v 6.0000 -13.0000 -9.0000
v 6.0000 -11.0000 -9.0000
v 5.0000 -9.0000 -9.0000
v 6.0000 -9.0000 -9.0000
v 6.0000 -9.0000 -8.0000
v 5.0000 -8.0000 -9.0000
v 6.0000 -8.0000 -9.0000
v 6.0000 -7.0000 -9.0000
v 6.0000 -15.0000 -9.0000
v 6.0000 -15.0000 -10.0000
v 5.0000 -16.0000 -9.0000
v 6.0000 -16.0000 -10.0000
v 6.0000 -16.0000 -9.0000
v 6.0000 -13.0000 -10.0000
v 6.0000 -14.0000 -10.0000
v 6.0000 -11.0000 -10.0000
v 6.0000 -10.0000 -9.0000
v 5.0000 -10.0000 -10.0000
v 6.0000 -10.0000 -10.0000
v 6.0000 -9.0000 -10.0000
v 5.0000 -9.0000 -10.0000
v 6.0000 -14.0000 -11.0000
v 5.0000 -13.0000 -11.0000
v 6.0000 -13.0000 -11.0000
v 6.0000 -12.0000 -10.0000
v 5.0000 -12.0000 -11.0000
v 6.0000 -12.0000 -11.0000
v 6.0000 -11.0000 -11.0000
v 5.0000 -11.0000 -11.0000
v 6.0000 -14.0000 -12.0000
v 5.0000 -14.0000 -12.0000
v 6.0000 -15.0000 -12.0000
v 6.0000 -15.0000 -11.0000
v 6.0000 -15.0000 -13.0000
v 5.0000 -15.0000 -13.0000
v 5.0000 -16.0000 -13.0000
v 6.0000 -16.0000 -13.0000
v 6.0000 -16.0000 -12.0000
v 7.0000 -4.0000 4.0000
v 7.0000 -4.0000 3.0000
v 7.0000 -5.0000 3.0000
v 7.0000 -5.0000 4.0000
v 6.0000 7.0000 3.0000
v 7.0000 7.0000 3.0000
v 7.0000 7.0000 4.0000
v 7.0000 8.0000 4.0000
v 6.0000 8.0000 3.0000
v 7.0000 8.0000 3.0000
v 7.0000 9.0000 4.0000
v 7.0000 9.0000 3.0000
v 7.0000 -6.0000 2.0000
v 7.0000 -6.0000 3.0000
v 7.0000 -3.0000 3.0000
v 7.0000 -3.0000 2.0000
v 7.0000 -4.0000 2.0000
v 7.0000 4.0000 2.0000
v 7.0000 4.0000 3.0000
v 7.0000 5.0000 3.0000
v 6.0000 5.0000 2.0000
v 7.0000 5.0000 2.0000
v 7.0000 6.0000 3.0000
v 7.0000 6.0000 2.0000
v 6.0000 6.0000 2.0000
v 7.0000 13.0000 3.0000
v 7.0000 13.0000 2.0000
v 7.0000 12.0000 2.0000
v 7.0000 12.0000 3.0000
v 7.0000 -7.0000 1.0000
v 7.0000 -7.0000 2.0000
v 7.0000 -6.0000 1.0000
v 7.0000 -2.0000 2.0000
v 7.0000 -2.0000 1.0000
v 7.0000 -3.0000 1.0000
v 7.0000 12.0000 1.0000
v 7.0000 14.0000 2.0000
v 7.0000 14.0000 1.0000
v 7.0000 13.0000 1.0000
v 7.0000 -6.0000 -0.0000
v 7.0000 -2.0000 -0.0000
v 7.0000 -3.0000 -0.0000
v 6.0000 5.0000 1.0000
v 6.0000 5.0000 -0.0000
v 7.0000 5.0000 -0.0000
v 7.0000 5.0000 1.0000
v 7.0000 6.0000 1.0000
v 6.0000 6.0000 1.0000
v 6.0000 6.0000 -0.0000
v 7.0000 6.0000 -0.0000
v 7.0000 7.0000 1.0000
v 7.0000 7.0000 -0.0000
v 7.0000 9.0000 -0.0000
v 7.0000 9.0000 1.0000
v 7.0000 10.0000 1.0000
v 7.0000 10.0000 -0.0000
v 7.0000 11.0000 1.0000
v 7.0000 11.0000 -0.0000
v 7.0000 12.0000 -0.0000
v 7.0000 15.0000 1.0000
v 7.0000 15.0000 -0.0000
v 7.0000 14.0000 -0.0000
v 7.0000 -6.0000 -1.0000
v 7.0000 -5.0000 -0.0000
v 7.0000 -5.0000 -1.0000
v 7.0000 -4.0000 -1.0000
v 7.0000 -4.0000 -0.0000
v 7.0000 -2.0000 -1.0000
v 7.0000 -3.0000 -1.0000
v 7.0000 2.0000 -1.0000
v 7.0000 2.0000 -0.0000
v 7.0000 3.0000 -0.0000
v 7.0000 3.0000 -1.0000
v 7.0000 4.0000 -0.0000
v 6.0000 4.0000 -0.0000
v 6.0000 4.0000 -1.0000
v 7.0000 4.0000 -1.0000
v 7.0000 5.0000 -1.0000
v 6.0000 5.0000 -1.0000
v 7.0000 12.0000 -1.0000
v 7.0000 13.0000 -1.0000
v 7.0000 14.0000 -1.0000
v 7.0000 -6.0000 -2.0000
v 7.0000 -5.0000 -2.0000
v 7.0000 -2.0000 -2.0000
v 7.0000 -3.0000 -2.0000
v 6.0000 0.0000 -1.0000
v 6.0000 0.0000 -2.0000
v 7.0000 0.0000 -2.0000
v 7.0000 0.0000 -1.0000
v 7.0000 1.0000 -1.0000
v 6.0000 1.0000 -1.0000
v 6.0000 1.0000 -2.0000
v 7.0000 1.0000 -2.0000
v 7.0000 2.0000 -2.0000
v 6.0000 5.0000 -2.0000
v 7.0000 5.0000 -2.0000
v 7.0000 6.0000 -1.0000
v 6.0000 6.0000 -1.0000
v 6.0000 6.0000 -2.0000
v 7.0000 6.0000 -2.0000
v 7.0000 7.0000 -1.0000
v 7.0000 7.0000 -2.0000
v 7.0000 9.0000 -2.0000
v 7.0000 9.0000 -1.0000
v 7.0000 10.0000 -1.0000
v 7.0000 10.0000 -2.0000
v 7.0000 11.0000 -1.0000
v 7.0000 11.0000 -2.0000
v 7.0000 -6.0000 -3.0000
v 7.0000 -5.0000 -3.0000
v 7.0000 -4.0000 -2.0000
v 7.0000 -4.0000 -3.0000
v 7.0000 -3.0000 -3.0000
v 7.0000 -2.0000 -3.0000
v 7.0000 0.0000 -3.0000
v 7.0000 -1.0000 -3.0000
v 7.0000 -1.0000 -2.0000
v 7.0000 -6.0000 -4.0000
v 7.0000 -5.0000 -4.0000
v 7.0000 -3.0000 -4.0000
v 7.0000 -4.0000 -4.0000
v 7.0000 -7.0000 -5.0000
v 7.0000 -7.0000 -4.0000
v 7.0000 -6.0000 -5.0000
v 7.0000 -4.0000 -5.0000
v 7.0000 -5.0000 -5.0000
v 7.0000 0.0000 -4.0000
v 7.0000 0.0000 -5.0000
v 6.0000 0.0000 -5.0000
v 6.0000 -1.0000 -5.0000
v 7.0000 -1.0000 -5.0000
v 7.0000 -1.0000 -4.0000
v 7.0000 -15.0000 -5.0000
v 7.0000 -15.0000 -6.0000
v 6.0000 -16.0000 -6.0000
v 7.0000 -16.0000 -6.0000
v 7.0000 -16.0000 -5.0000
v 7.0000 -10.0000 -5.0000
v 7.0000 -10.0000 -6.0000
v 6.0000 -11.0000 -5.0000
v 7.0000 -11.0000 -6.0000
v 7.0000 -11.0000 -5.0000
v 7.0000 -9.0000 -6.0000
v 7.0000 -9.0000 -5.0000
v 7.0000 -8.0000 -5.0000
v 7.0000 -8.0000 -6.0000
v 7.0000 -7.0000 -6.0000
v 7.0000 -5.0000 -6.0000
v 7.0000 -6.0000 -6.0000
v 7.0000 0.0000 -6.0000
v 7.0000 -1.0000 -6.0000
v 7.0000 6.0000 -6.0000
v 7.0000 6.0000 -5.0000
v 7.0000 7.0000 -5.0000
v 6.0000 7.0000 -5.0000
v 7.0000 7.0000 -6.0000
v 7.0000 8.0000 -5.0000
v 7.0000 8.0000 -6.0000
v 7.0000 -15.0000 -7.0000
v 6.0000 -16.0000 -7.0000
v 7.0000 -16.0000 -7.0000
v 7.0000 -14.0000 -7.0000
v 7.0000 -14.0000 -6.0000
v 7.0000 -13.0000 -6.0000
v 6.0000 -13.0000 -6.0000
v 7.0000 -13.0000 -7.0000
v 7.0000 -12.0000 -6.0000
v 7.0000 -12.0000 -7.0000
v 7.0000 -10.0000 -7.0000
v 7.0000 -9.0000 -7.0000
v 7.0000 -6.0000 -7.0000
v 7.0000 -7.0000 -7.0000
v 7.0000 4.0000 -7.0000
v 7.0000 4.0000 -6.0000
v 7.0000 5.0000 -6.0000
v 7.0000 8.0000 -7.0000
v 7.0000 7.0000 -7.0000
v 7.0000 -15.0000 -8.0000
v 6.0000 -16.0000 -8.0000
v 7.0000 -16.0000 -8.0000
v 7.0000 -12.0000 -8.0000
v 7.0000 -11.0000 -7.0000
v 7.0000 -11.0000 -8.0000
v 7.0000 -7.0000 -8.0000
v 7.0000 4.0000 -8.0000
v 7.0000 5.0000 -8.0000
v 7.0000 6.0000 -8.0000
v 7.0000 7.0000 -8.0000
v 7.0000 -16.0000 -9.0000
v 7.0000 -15.0000 -9.0000
v 7.0000 -14.0000 -8.0000
v 7.0000 -14.0000 -9.0000
v 7.0000 -13.0000 -8.0000
v 7.0000 -13.0000 -9.0000
v 7.0000 -12.0000 -9.0000
v 7.0000 -10.0000 -9.0000
v 7.0000 -11.0000 -9.0000
v 7.0000 -10.0000 -8.0000
v 7.0000 -9.0000 -9.0000
v 7.0000 -7.0000 -9.0000
v 7.0000 -8.0000 -9.0000
v 7.0000 -8.0000 -8.0000
v 7.0000 -14.0000 -10.0000
v 7.0000 -15.0000 -10.0000
v 7.0000 -11.0000 -10.0000
v 7.0000 -12.0000 -10.0000
v 7.0000 -8.0000 -10.0000
v 6.0000 -8.0000 -10.0000
v 7.0000 -9.0000 -10.0000
v 7.0000 -15.0000 -11.0000
v 6.0000 -16.0000 -11.0000
v 7.0000 -16.0000 -11.0000
v 7.0000 -16.0000 -10.0000
v 7.0000 -14.0000 -12.0000
v 7.0000 -14.0000 -13.0000
v 6.0000 -14.0000 -13.0000
v 7.0000 -15.0000 -13.0000
v 7.0000 -15.0000 -12.0000
v 7.0000 -15.0000 -14.0000
v 6.0000 -15.0000 -14.0000
v 6.0000 -16.0000 -14.0000
v 7.0000 -16.0000 -14.0000
v 7.0000 -16.0000 -13.0000
v 8.0000 -5.0000 4.0000
v 8.0000 -5.0000 3.0000
v 7.0000 -6.0000 4.0000
v 8.0000 -6.0000 3.0000
v 8.0000 -6.0000 4.0000
v 7.0000 -7.0000 3.0000
v 8.0000 -7.0000 2.0000
v 8.0000 -7.0000 3.0000
v 8.0000 -6.0000 2.0000
v 8.0000 -4.0000 3.0000
v 8.0000 -4.0000 2.0000
v 8.0000 -5.0000 2.0000
v 8.0000 8.0000 3.0000
v 8.0000 8.0000 2.0000
v 7.0000 8.0000 2.0000
v 7.0000 7.0000 2.0000
v 8.0000 7.0000 2.0000
v 8.0000 7.0000 3.0000
v 7.0000 -8.0000 2.0000
v 7.0000 -8.0000 1.0000
v 8.0000 -8.0000 1.0000
v 8.0000 -8.0000 2.0000
v 8.0000 -7.0000 1.0000
v 8.0000 -3.0000 2.0000
v 8.0000 -3.0000 1.0000
v 8.0000 -4.0000 1.0000
v 8.0000 5.0000 1.0000
v 8.0000 5.0000 2.0000
v 8.0000 6.0000 2.0000
v 8.0000 6.0000 1.0000
v 8.0000 7.0000 1.0000
v 7.0000 11.0000 2.0000
v 8.0000 11.0000 1.0000
v 8.0000 11.0000 2.0000
v 8.0000 12.0000 2.0000
v 8.0000 13.0000 2.0000
v 8.0000 13.0000 1.0000
v 8.0000 12.0000 1.0000
v 7.0000 -7.0000 -0.0000
v 8.0000 -7.0000 -0.0000
v 8.0000 -6.0000 -0.0000
v 8.0000 -4.0000 -0.0000
v 8.0000 -5.0000 -0.0000
v 8.0000 -3.0000 -0.0000
v 8.0000 11.0000 -0.0000
v 8.0000 14.0000 1.0000
v 8.0000 14.0000 -0.0000
v 8.0000 13.0000 -0.0000
v 8.0000 -5.0000 -1.0000
v 8.0000 -6.0000 -1.0000
v 8.0000 -3.0000 -1.0000
v 8.0000 -4.0000 -1.0000
v 8.0000 11.0000 -1.0000
v 8.0000 12.0000 -1.0000
v 8.0000 14.0000 -1.0000
v 8.0000 -5.0000 -2.0000
v 8.0000 -4.0000 -2.0000
v 8.0000 -3.0000 -2.0000
v 7.0000 12.0000 -2.0000
v 8.0000 12.0000 -2.0000
v 7.0000 13.0000 -2.0000
v 8.0000 13.0000 -2.0000
v 8.0000 14.0000 -2.0000
v 7.0000 14.0000 -2.0000
v 8.0000 -4.0000 -3.0000
v 8.0000 -5.0000 -3.0000
v 8.0000 -4.0000 -4.0000
v 8.0000 -5.0000 -4.0000
v 8.0000 -5.0000 -5.0000
v 8.0000 -6.0000 -5.0000
v 8.0000 -6.0000 -4.0000
v 8.0000 -6.0000 -6.0000
v 8.0000 -7.0000 -6.0000
v 8.0000 -7.0000 -5.0000
v 7.0000 4.0000 -5.0000
v 8.0000 4.0000 -6.0000
v 8.0000 4.0000 -5.0000
v 8.0000 5.0000 -5.0000
v 7.0000 5.0000 -5.0000
v 8.0000 6.0000 -5.0000
v 8.0000 6.0000 -6.0000
v 8.0000 -13.0000 -7.0000
v 8.0000 -13.0000 -6.0000
v 8.0000 -12.0000 -6.0000
v 8.0000 -12.0000 -7.0000
v 8.0000 -11.0000 -6.0000
v 8.0000 -11.0000 -7.0000
v 8.0000 -9.0000 -7.0000
v 8.0000 -9.0000 -6.0000
v 8.0000 -8.0000 -6.0000
v 8.0000 -8.0000 -7.0000
v 8.0000 -7.0000 -7.0000
v 7.0000 3.0000 -6.0000
v 7.0000 3.0000 -7.0000
v 8.0000 3.0000 -7.0000
v 8.0000 3.0000 -6.0000
v 8.0000 4.0000 -7.0000
v 8.0000 5.0000 -7.0000
v 8.0000 5.0000 -6.0000
v 8.0000 6.0000 -7.0000
v 8.0000 7.0000 -6.0000
v 8.0000 7.0000 -7.0000
v 8.0000 -15.0000 -8.0000
v 8.0000 -15.0000 -7.0000
v 8.0000 -14.0000 -7.0000
v 8.0000 -14.0000 -8.0000
v 8.0000 -13.0000 -8.0000
v 8.0000 -11.0000 -8.0000
v 8.0000 -10.0000 -7.0000
v 8.0000 -10.0000 -8.0000
v 8.0000 -9.0000 -8.0000
v 8.0000 -7.0000 -8.0000
v 8.0000 -8.0000 -8.0000
v 7.0000 3.0000 -8.0000
v 8.0000 3.0000 -8.0000
v 8.0000 4.0000 -8.0000
v 8.0000 5.0000 -8.0000
v 8.0000 6.0000 -8.0000
v 8.0000 7.0000 -8.0000
v 8.0000 -15.0000 -9.0000
v 8.0000 -16.0000 -9.0000
v 8.0000 -16.0000 -8.0000
v 8.0000 -13.0000 -9.0000
v 8.0000 -12.0000 -8.0000
v 8.0000 -12.0000 -9.0000
v 8.0000 -11.0000 -9.0000
v 8.0000 -10.0000 -9.0000
v 8.0000 -8.0000 -9.0000
v 8.0000 -9.0000 -9.0000
v 7.0000 4.0000 -9.0000
v 8.0000 4.0000 -9.0000
v 7.0000 5.0000 -9.0000
v 8.0000 5.0000 -9.0000
v 8.0000 6.0000 -9.0000
v 7.0000 6.0000 -9.0000
v 8.0000 -11.0000 -10.0000
v 7.0000 -10.0000 -10.0000
v 8.0000 -10.0000 -10.0000
v 8.0000 -9.0000 -10.0000
v 9.0000 -5.0000 3.0000
v 9.0000 -5.0000 2.0000
v 9.0000 -6.0000 2.0000
v 9.0000 -6.0000 3.0000
v 9.0000 -7.0000 1.0000
v 9.0000 -7.0000 2.0000
v 9.0000 -6.0000 1.0000
v 9.0000 -4.0000 2.0000
v 9.0000 -4.0000 1.0000
v 8.0000 10.0000 2.0000
v 9.0000 10.0000 2.0000
v 9.0000 10.0000 1.0000
v 8.0000 10.0000 1.0000
v 8.0000 9.0000 2.0000
v 8.0000 9.0000 1.0000
v 9.0000 9.0000 1.0000
v 9.0000 9.0000 2.0000
v 9.0000 12.0000 2.0000
v 9.0000 12.0000 1.0000
v 9.0000 11.0000 1.0000
v 9.0000 11.0000 2.0000
v 8.0000 -8.0000 -0.0000
v 9.0000 -8.0000 -0.0000
v 9.0000 -8.0000 1.0000
v 9.0000 -7.0000 -0.0000
v 9.0000 -6.0000 -0.0000
v 9.0000 -3.0000 1.0000
v 9.0000 -3.0000 -0.0000
v 9.0000 -4.0000 -0.0000
v 8.0000 8.0000 1.0000
v 8.0000 8.0000 -0.0000
v 9.0000 8.0000 -0.0000
v 9.0000 8.0000 1.0000
v 8.0000 9.0000 -0.0000
v 8.0000 10.0000 -0.0000
v 9.0000 13.0000 1.0000
v 9.0000 13.0000 -0.0000
v 9.0000 12.0000 -0.0000
v 8.0000 -7.0000 -1.0000
v 9.0000 -7.0000 -1.0000
v 9.0000 -4.0000 -1.0000
v 9.0000 -5.0000 -1.0000
v 8.0000 8.0000 -1.0000
v 9.0000 8.0000 -1.0000
v 8.0000 9.0000 -1.0000
v 9.0000 9.0000 -1.0000
v 8.0000 10.0000 -1.0000
v 9.0000 11.0000 -1.0000
v 9.0000 10.0000 -1.0000
v 9.0000 12.0000 -1.0000
v 9.0000 14.0000 -0.0000
v 9.0000 14.0000 -1.0000
v 9.0000 13.0000 -1.0000
v 8.0000 -7.0000 -2.0000
v 9.0000 -7.0000 -2.0000
v 8.0000 -6.0000 -2.0000
v 9.0000 -6.0000 -2.0000
v 9.0000 -6.0000 -1.0000
v 9.0000 -5.0000 -2.0000
v 9.0000 10.0000 -2.0000
v 8.0000 10.0000 -2.0000
v 8.0000 9.0000 -2.0000
v 9.0000 9.0000 -2.0000
v 9.0000 12.0000 -2.0000
v 9.0000 13.0000 -2.0000
v 9.0000 14.0000 -2.0000
v 8.0000 3.0000 -5.0000
v 9.0000 3.0000 -6.0000
v 9.0000 3.0000 -5.0000
v 9.0000 4.0000 -5.0000
v 9.0000 4.0000 -6.0000
v 9.0000 5.0000 -5.0000
v 9.0000 5.0000 -6.0000
v 9.0000 6.0000 -5.0000
v 9.0000 6.0000 -6.0000
v 8.0000 7.0000 -5.0000
v 9.0000 7.0000 -5.0000
v 9.0000 7.0000 -6.0000
v 9.0000 4.0000 -7.0000
v 9.0000 3.0000 -7.0000
v 9.0000 7.0000 -7.0000
v 9.0000 6.0000 -7.0000
v 9.0000 -8.0000 -7.0000
v 9.0000 -8.0000 -8.0000
v 9.0000 -9.0000 -8.0000
v 9.0000 -9.0000 -7.0000
v 9.0000 4.0000 -8.0000
v 9.0000 3.0000 -8.0000
v 9.0000 7.0000 -8.0000
v 9.0000 6.0000 -8.0000
v 9.0000 -11.0000 -9.0000
v 9.0000 -11.0000 -8.0000
v 9.0000 -10.0000 -8.0000
v 9.0000 -10.0000 -9.0000
v 9.0000 -9.0000 -9.0000
v 8.0000 3.0000 -9.0000
v 9.0000 3.0000 -9.0000
v 9.0000 4.0000 -9.0000
v 9.0000 5.0000 -8.0000
v 9.0000 5.0000 -9.0000
v 9.0000 6.0000 -9.0000
v 9.0000 7.0000 -9.0000
v 8.0000 7.0000 -9.0000
v 8.0000 -14.0000 -9.0000
v 9.0000 -14.0000 -9.0000
v 9.0000 -14.0000 -10.0000
v 8.0000 -14.0000 -10.0000
v 8.0000 -15.0000 -10.0000
v 9.0000 -15.0000 -10.0000
v 9.0000 -15.0000 -9.0000
v 9.0000 -15.0000 11.0000
v 10.0000 -15.0000 11.0000
v 10.0000 -15.0000 10.0000
v 9.0000 -15.0000 10.0000
v 9.0000 -16.0000 11.0000
v 9.0000 -16.0000 10.0000
v 10.0000 -16.0000 10.0000
v 10.0000 -16.0000 11.0000
v 9.0000 -14.0000 10.0000
v 10.0000 -14.0000 10.0000
v 10.0000 -14.0000 9.0000
v 9.0000 -14.0000 9.0000
v 9.0000 -15.0000 9.0000
v 10.0000 -15.0000 9.0000
v 9.0000 -15.0000 7.0000
v 10.0000 -15.0000 7.0000
v 10.0000 -15.0000 6.0000
v 9.0000 -15.0000 6.0000
v 9.0000 -16.0000 7.0000
v 9.0000 -16.0000 6.0000
v 10.0000 -16.0000 6.0000
v 10.0000 -16.0000 7.0000
v 10.0000 -15.0000 5.0000
v 9.0000 -15.0000 5.0000
v 9.0000 -16.0000 5.0000
v 10.0000 -16.0000 5.0000
v 9.0000 -14.0000 5.0000
v 10.0000 -14.0000 5.0000
v 10.0000 -14.0000 4.0000
v 9.0000 -14.0000 4.0000
v 9.0000 -15.0000 4.0000
v 10.0000 -15.0000 4.0000
v 10.0000 -14.0000 3.0000
v 9.0000 -14.0000 3.0000
v 9.0000 -15.0000 3.0000
v 10.0000 -15.0000 3.0000
v 9.0000 -4.0000 3.0000
v 10.0000 -4.0000 3.0000
v 10.0000 -4.0000 2.0000
v 10.0000 -5.0000 2.0000
v 10.0000 -5.0000 3.0000
v 10.0000 -7.0000 2.0000
v 10.0000 -7.0000 1.0000
v 9.0000 -8.0000 2.0000
v 10.0000 -8.0000 1.0000
v 10.0000 -8.0000 2.0000
v 10.0000 -6.0000 1.0000
v 10.0000 -6.0000 2.0000
v 10.0000 -5.0000 1.0000
v 9.0000 -3.0000 2.0000
v 10.0000 -3.0000 2.0000
v 10.0000 -3.0000 1.0000
v 9.0000 8.0000 2.0000
v 10.0000 8.0000 1.0000
v 10.0000 8.0000 2.0000
v 10.0000 9.0000 2.0000
v 10.0000 10.0000 2.0000
v 10.0000 11.0000 2.0000
v 10.0000 11.0000 1.0000
v 10.0000 -6.0000 -0.0000
v 10.0000 -5.0000 -0.0000
v 9.0000 -2.0000 1.0000
v 10.0000 -2.0000 1.0000
v 10.0000 -2.0000 -0.0000
v 9.0000 -2.0000 -0.0000
v 10.0000 -3.0000 -0.0000
v 10.0000 8.0000 -0.0000
v 10.0000 12.0000 1.0000
v 10.0000 12.0000 -0.0000
v 10.0000 11.0000 -0.0000
v 9.0000 -8.0000 -1.0000
v 10.0000 -8.0000 -1.0000
v 10.0000 -8.0000 -0.0000
v 10.0000 -7.0000 -0.0000
v 10.0000 -7.0000 -1.0000
v 10.0000 -6.0000 -1.0000
v 10.0000 -5.0000 -1.0000
v 10.0000 -3.0000 -1.0000
v 9.0000 -3.0000 -1.0000
v 10.0000 -4.0000 -1.0000
v 9.0000 7.0000 -0.0000
v 9.0000 7.0000 -1.0000
v 10.0000 7.0000 -1.0000
v 10.0000 7.0000 -0.0000
v 10.0000 8.0000 -1.0000
v 10.0000 12.0000 -1.0000
v 10.0000 11.0000 -1.0000
v 10.0000 13.0000 -0.0000
v 10.0000 13.0000 -1.0000
v 10.0000 -4.0000 -2.0000
v 9.0000 -4.0000 -2.0000
v 10.0000 -5.0000 -2.0000
v 9.0000 8.0000 -2.0000
v 10.0000 8.0000 -2.0000
v 10.0000 9.0000 -2.0000
v 10.0000 10.0000 -2.0000
v 10.0000 11.0000 -2.0000
v 9.0000 11.0000 -2.0000
v 10.0000 13.0000 -2.0000
v 10.0000 12.0000 -2.0000
v 10.0000 4.0000 -6.0000
v 10.0000 4.0000 -5.0000
v 10.0000 5.0000 -5.0000
v 10.0000 5.0000 -6.0000
v 10.0000 6.0000 -5.0000
v 10.0000 6.0000 -6.0000
v 10.0000 3.0000 -7.0000
v 10.0000 3.0000 -6.0000
v 10.0000 4.0000 -7.0000
v 10.0000 5.0000 -7.0000
v 9.0000 5.0000 -7.0000
v 10.0000 7.0000 -6.0000
v 10.0000 7.0000 -7.0000
v 10.0000 6.0000 -7.0000
v 10.0000 3.0000 -8.0000
v 10.0000 4.0000 -8.0000
v 10.0000 5.0000 -8.0000
v 10.0000 6.0000 -8.0000
v 10.0000 7.0000 -8.0000
v 10.0000 4.0000 -9.0000
v 10.0000 5.0000 -9.0000
v 10.0000 6.0000 -9.0000
v 10.0000 -14.0000 -10.0000
v 10.0000 -14.0000 -11.0000
v 9.0000 -14.0000 -11.0000
v 9.0000 -15.0000 -11.0000
v 10.0000 -15.0000 -11.0000
v 10.0000 -15.0000 -10.0000
v 10.0000 -16.0000 9.0000
v 10.0000 -16.0000 8.0000
v 11.0000 -16.0000 8.0000
v 11.0000 -16.0000 9.0000
v 11.0000 -15.0000 9.0000
v 11.0000 -15.0000 8.0000
v 10.0000 -15.0000 8.0000
v 11.0000 -14.0000 9.0000
v 11.0000 -14.0000 8.0000
v 10.0000 -14.0000 8.0000
v 11.0000 -15.0000 7.0000
v 11.0000 -16.0000 7.0000
v 11.0000 -15.0000 3.0000
v 11.0000 -15.0000 2.0000
v 10.0000 -15.0000 2.0000
v 10.0000 -16.0000 3.0000
v 10.0000 -16.0000 2.0000
v 11.0000 -16.0000 2.0000
v 11.0000 -16.0000 3.0000
v 10.0000 -13.0000 3.0000
v 11.0000 -13.0000 3.0000
v 11.0000 -13.0000 2.0000
v 10.0000 -13.0000 2.0000
v 10.0000 -14.0000 2.0000
v 11.0000 -14.0000 2.0000
v 11.0000 -14.0000 3.0000
v 10.0000 -10.0000 3.0000
v 10.0000 -10.0000 2.0000
v 11.0000 -10.0000 2.0000
v 11.0000 -10.0000 3.0000
v 11.0000 -9.0000 3.0000
v 10.0000 -9.0000 3.0000
v 10.0000 -9.0000 2.0000
v 11.0000 -9.0000 2.0000
v 10.0000 -8.0000 3.0000
v 11.0000 -8.0000 3.0000
v 11.0000 -8.0000 2.0000
v 11.0000 -15.0000 1.0000
v 10.0000 -15.0000 1.0000
v 10.0000 -16.0000 1.0000
v 11.0000 -16.0000 1.0000
v 11.0000 -13.0000 1.0000
v 10.0000 -13.0000 1.0000
v 10.0000 -14.0000 1.0000
v 11.0000 -14.0000 1.0000
v 11.0000 -5.0000 1.0000
v 11.0000 -5.0000 2.0000
v 11.0000 -4.0000 2.0000
v 11.0000 -3.0000 2.0000
v 11.0000 -3.0000 1.0000
v 11.0000 8.0000 1.0000
v 11.0000 8.0000 2.0000
v 11.0000 9.0000 2.0000
v 11.0000 9.0000 1.0000
v 11.0000 10.0000 2.0000
v 11.0000 11.0000 2.0000
v 11.0000 11.0000 1.0000
v 11.0000 10.0000 1.0000
v 11.0000 -15.0000 -0.0000
v 10.0000 -15.0000 -0.0000
v 10.0000 -16.0000 -0.0000
v 11.0000 -16.0000 -0.0000
v 10.0000 -12.0000 1.0000
v 11.0000 -12.0000 1.0000
v 11.0000 -12.0000 -0.0000
v 10.0000 -12.0000 -0.0000
v 10.0000 -13.0000 -0.0000
v 11.0000 -13.0000 -0.0000
v 11.0000 -8.0000 -0.0000
v 11.0000 -8.0000 1.0000
v 11.0000 -7.0000 1.0000
v 11.0000 -7.0000 -0.0000
v 11.0000 -6.0000 1.0000
v 11.0000 -6.0000 -0.0000
v 11.0000 -5.0000 -0.0000
v 11.0000 -4.0000 -0.0000
v 11.0000 -4.0000 1.0000
v 11.0000 -2.0000 1.0000
v 11.0000 -2.0000 -0.0000
v 10.0000 7.0000 1.0000
v 11.0000 7.0000 -0.0000
v 11.0000 7.0000 1.0000
v 11.0000 8.0000 -0.0000
v 11.0000 11.0000 -0.0000
v 11.0000 -8.0000 -1.0000
v 10.0000 -9.0000 -0.0000
v 10.0000 -9.0000 -1.0000
v 11.0000 -9.0000 -1.0000
v 11.0000 -9.0000 -0.0000
v 11.0000 -6.0000 -1.0000
v 11.0000 -5.0000 -1.0000
v 10.0000 -2.0000 -1.0000
v 10.0000 -1.0000 -0.0000
v 11.0000 -1.0000 -0.0000
v 11.0000 -1.0000 -1.0000
v 10.0000 -1.0000 -1.0000
v 11.0000 -2.0000 -1.0000
v 11.0000 8.0000 -1.0000
v 11.0000 12.0000 -0.0000
v 11.0000 12.0000 -1.0000
v 11.0000 11.0000 -1.0000
v 11.0000 -5.0000 -2.0000
v 11.0000 -4.0000 -2.0000
v 11.0000 -4.0000 -1.0000
v 10.0000 -3.0000 -2.0000
v 11.0000 -2.0000 -2.0000
v 10.0000 -2.0000 -2.0000
v 11.0000 -3.0000 -2.0000
v 11.0000 8.0000 -2.0000
v 11.0000 9.0000 -2.0000
v 11.0000 9.0000 -1.0000
v 11.0000 10.0000 -2.0000
v 11.0000 11.0000 -2.0000
v 11.0000 10.0000 -1.0000
v 11.0000 -3.0000 -3.0000
v 10.0000 -3.0000 -3.0000
v 10.0000 -4.0000 -3.0000
v 11.0000 -4.0000 -3.0000
v 11.0000 6.0000 -6.0000
v 11.0000 6.0000 -7.0000
v 11.0000 5.0000 -7.0000
v 11.0000 5.0000 -6.0000
v 11.0000 5.0000 -8.0000
v 11.0000 4.0000 -8.0000
v 11.0000 4.0000 -7.0000
v 11.0000 -15.0000 12.0000
v 12.0000 -15.0000 12.0000
v 12.0000 -15.0000 11.0000
v 11.0000 -15.0000 11.0000
v 11.0000 -16.0000 12.0000
v 11.0000 -16.0000 11.0000
v 12.0000 -16.0000 11.0000
v 12.0000 -16.0000 12.0000
v 11.0000 -14.0000 11.0000
v 12.0000 -14.0000 11.0000
v 12.0000 -14.0000 10.0000
v 11.0000 -14.0000 10.0000
v 11.0000 -15.0000 10.0000
v 12.0000 -15.0000 10.0000
v 12.0000 -15.0000 9.0000
v 11.0000 -16.0000 10.0000
v 12.0000 -16.0000 9.0000
v 12.0000 -16.0000 10.0000
v 12.0000 -14.0000 8.0000
v 12.0000 -14.0000 7.0000
v 11.0000 -14.0000 7.0000
v 12.0000 -15.0000 7.0000
v 12.0000 -15.0000 8.0000
v 11.0000 -16.0000 6.0000
v 12.0000 -16.0000 6.0000
v 12.0000 -16.0000 7.0000
v 11.0000 -15.0000 6.0000
v 12.0000 -14.0000 6.0000
v 11.0000 -14.0000 6.0000
v 12.0000 -15.0000 6.0000
v 12.0000 -15.0000 5.0000
v 11.0000 -15.0000 5.0000
v 11.0000 -16.0000 5.0000
v 12.0000 -16.0000 5.0000
v 12.0000 -15.0000 4.0000
v 11.0000 -15.0000 4.0000
v 11.0000 -16.0000 4.0000
v 12.0000 -16.0000 4.0000
v 12.0000 -15.0000 3.0000
v 12.0000 -16.0000 3.0000
v 11.0000 -10.0000 4.0000
v 12.0000 -10.0000 4.0000
v 12.0000 -10.0000 3.0000
v 11.0000 -11.0000 4.0000
v 11.0000 -11.0000 3.0000
v 12.0000 -11.0000 3.0000
v 12.0000 -11.0000 4.0000
v 12.0000 -15.0000 2.0000
v 12.0000 -16.0000 2.0000
v 12.0000 -11.0000 2.0000
v 11.0000 -11.0000 2.0000
v 11.0000 -12.0000 3.0000
v 11.0000 -12.0000 2.0000
v 12.0000 -12.0000 2.0000
v 12.0000 -12.0000 3.0000
v 12.0000 -8.0000 2.0000
v 12.0000 -8.0000 3.0000
v 12.0000 -7.0000 3.0000
v 11.0000 -7.0000 3.0000
v 11.0000 -7.0000 2.0000
v 12.0000 -7.0000 2.0000
v 11.0000 -6.0000 3.0000
v 12.0000 -6.0000 3.0000
v 12.0000 -6.0000 2.0000
v 11.0000 -6.0000 2.0000
v 12.0000 -16.0000 1.0000
v 12.0000 -14.0000 2.0000
v 12.0000 -14.0000 1.0000
v 12.0000 -15.0000 1.0000
v 12.0000 -10.0000 2.0000
v 12.0000 -10.0000 1.0000
v 11.0000 -10.0000 1.0000
v 11.0000 -11.0000 1.0000
v 12.0000 -11.0000 1.0000
v 12.0000 -7.0000 1.0000
v 12.0000 -6.0000 1.0000
v 12.0000 -5.0000 2.0000
v 12.0000 -4.0000 2.0000
v 12.0000 -4.0000 1.0000
v 12.0000 -5.0000 1.0000
v 12.0000 -3.0000 2.0000
v 11.0000 -2.0000 2.0000
v 12.0000 -2.0000 2.0000
v 12.0000 -2.0000 1.0000
v 12.0000 10.0000 2.0000
v 12.0000 10.0000 1.0000
v 12.0000 9.0000 1.0000
v 12.0000 9.0000 2.0000
v 12.0000 -15.0000 -0.0000
v 12.0000 -16.0000 -0.0000
v 12.0000 -12.0000 -0.0000
v 12.0000 -12.0000 1.0000
v 11.0000 -11.0000 -0.0000
v 12.0000 -11.0000 -0.0000
v 11.0000 -10.0000 -0.0000
v 12.0000 -10.0000 -0.0000
v 12.0000 -9.0000 1.0000
v 11.0000 -9.0000 1.0000
v 12.0000 -9.0000 -0.0000
v 12.0000 -8.0000 1.0000
v 12.0000 -8.0000 -0.0000
v 12.0000 -5.0000 -0.0000
v 12.0000 -6.0000 -0.0000
v 12.0000 -4.0000 -0.0000
v 11.0000 -1.0000 1.0000
v 12.0000 -1.0000 1.0000
v 12.0000 -1.0000 -0.0000
v 12.0000 8.0000 -0.0000
v 12.0000 8.0000 1.0000
v 12.0000 9.0000 -0.0000
v 12.0000 10.0000 -0.0000
v 12.0000 11.0000 1.0000
v 12.0000 11.0000 -0.0000
v 12.0000 -15.0000 -1.0000
v 11.0000 -15.0000 -1.0000
v 11.0000 -16.0000 -1.0000
v 12.0000 -16.0000 -1.0000
v 12.0000 -13.0000 -0.0000
v 12.0000 -13.0000 -1.0000
v 11.0000 -13.0000 -1.0000
v 11.0000 -14.0000 -0.0000
v 11.0000 -14.0000 -1.0000
v 12.0000 -14.0000 -1.0000
v 12.0000 -14.0000 -0.0000
v 12.0000 -8.0000 -1.0000
v 12.0000 -7.0000 -0.0000
v 11.0000 -7.0000 -1.0000
v 12.0000 -7.0000 -1.0000
v 12.0000 -6.0000 -1.0000
v 12.0000 -5.0000 -1.0000
v 12.0000 -4.0000 -1.0000
v 11.0000 0.0000 -0.0000
v 12.0000 0.0000 -0.0000
v 12.0000 0.0000 -1.0000
v 11.0000 0.0000 -1.0000
v 12.0000 -1.0000 -1.0000
v 12.0000 8.0000 -1.0000
v 12.0000 9.0000 -1.0000
v 12.0000 10.0000 -1.0000
v 12.0000 11.0000 -1.0000
v 12.0000 -15.0000 -2.0000
v 11.0000 -15.0000 -2.0000
v 11.0000 -16.0000 -2.0000
v 12.0000 -16.0000 -2.0000
v 12.0000 -4.0000 -2.0000
v 12.0000 -3.0000 -2.0000
v 12.0000 -1.0000 -2.0000
v 11.0000 -1.0000 -2.0000
v 12.0000 -2.0000 -2.0000
v 12.0000 10.0000 -2.0000
v 12.0000 9.0000 -2.0000
v 12.0000 -5.0000 -2.0000
v 12.0000 -5.0000 -3.0000
v 11.0000 -5.0000 -3.0000
v 11.0000 -6.0000 -2.0000
v 11.0000 -6.0000 -3.0000
v 12.0000 -6.0000 -3.0000
v 12.0000 -6.0000 -2.0000
v 12.0000 -2.0000 -3.0000
v 11.0000 -2.0000 -3.0000
v 12.0000 -3.0000 -3.0000
v 12.0000 -15.0000 13.0000
v 13.0000 -15.0000 13.0000
v 13.0000 -15.0000 12.0000
v 12.0000 -16.0000 13.0000
v 13.0000 -16.0000 12.0000
v 13.0000 -16.0000 13.0000
v 13.0000 -15.0000 7.0000
v 13.0000 -15.0000 6.0000
v 13.0000 -16.0000 6.0000
v 13.0000 -16.0000 7.0000
v 13.0000 -16.0000 5.0000
v 13.0000 -14.0000 6.0000
v 13.0000 -14.0000 5.0000
v 12.0000 -14.0000 5.0000
v 13.0000 -16.0000 4.0000
v 12.0000 -14.0000 4.0000
v 12.0000 -13.0000 5.0000
v 13.0000 -13.0000 5.0000
v 13.0000 -13.0000 4.0000
v 12.0000 -13.0000 4.0000
v 13.0000 -14.0000 4.0000
v 13.0000 -16.0000 3.0000
v 13.0000 -15.0000 3.0000
v 13.0000 -15.0000 4.0000
v 13.0000 -14.0000 3.0000
v 12.0000 -14.0000 3.0000
v 12.0000 -13.0000 3.0000
v 12.0000 -12.0000 4.0000
v 13.0000 -12.0000 4.0000
v 13.0000 -12.0000 3.0000
v 13.0000 -13.0000 3.0000
v 13.0000 -16.0000 2.0000
v 13.0000 -15.0000 2.0000
v 13.0000 -13.0000 2.0000
v 12.0000 -13.0000 2.0000
v 13.0000 -11.0000 2.0000
v 13.0000 -11.0000 3.0000
v 13.0000 -10.0000 3.0000
v 13.0000 -10.0000 2.0000
v 12.0000 -9.0000 3.0000
v 13.0000 -9.0000 3.0000
v 13.0000 -9.0000 2.0000
v 12.0000 -9.0000 2.0000
v 13.0000 -6.0000 2.0000
v 13.0000 -6.0000 3.0000
v 13.0000 -5.0000 3.0000
v 12.0000 -5.0000 3.0000
v 13.0000 -5.0000 2.0000
v 12.0000 -4.0000 3.0000
v 13.0000 -4.0000 3.0000
v 13.0000 -4.0000 2.0000
v 13.0000 -16.0000 1.0000
v 13.0000 -15.0000 1.0000
v 12.0000 -13.0000 1.0000
v 13.0000 -12.0000 2.0000
v 13.0000 -11.0000 1.0000
v 13.0000 -12.0000 1.0000
v 13.0000 -10.0000 1.0000
v 13.0000 -9.0000 1.0000
v 13.0000 -8.0000 2.0000
v 13.0000 -8.0000 1.0000
v 13.0000 -7.0000 1.0000
v 13.0000 -7.0000 2.0000
v 13.0000 -3.0000 2.0000
v 13.0000 -4.0000 1.0000
v 13.0000 -3.0000 1.0000
v 13.0000 -2.0000 2.0000
v 13.0000 -2.0000 1.0000
v 12.0000 -1.0000 2.0000
v 13.0000 -1.0000 2.0000
v 13.0000 -1.0000 1.0000
v 13.0000 -15.0000 -0.0000
v 13.0000 -14.0000 -0.0000
v 13.0000 -14.0000 1.0000
v 13.0000 -13.0000 -0.0000
v 13.0000 -13.0000 1.0000
v 13.0000 -12.0000 -0.0000
v 13.0000 -8.0000 -0.0000
v 13.0000 -6.0000 -0.0000
v 13.0000 -7.0000 -0.0000
v 13.0000 -5.0000 -0.0000
v 13.0000 -5.0000 1.0000
v 13.0000 -4.0000 -0.0000
v 13.0000 -3.0000 -0.0000
v 12.0000 0.0000 1.0000
v 13.0000 0.0000 1.0000
v 13.0000 0.0000 -0.0000
v 13.0000 -14.0000 -1.0000
v 13.0000 -15.0000 -1.0000
v 12.0000 -12.0000 -1.0000
v 13.0000 -12.0000 -1.0000
v 13.0000 -11.0000 -0.0000
v 12.0000 -11.0000 -1.0000
v 13.0000 -11.0000 -1.0000
v 13.0000 -10.0000 -0.0000
v 12.0000 -10.0000 -1.0000
v 13.0000 -10.0000 -1.0000
v 13.0000 -9.0000 -0.0000
v 12.0000 -9.0000 -1.0000
v 13.0000 -9.0000 -1.0000
v 13.0000 -8.0000 -1.0000
v 13.0000 -7.0000 -1.0000
v 13.0000 -5.0000 -1.0000
v 13.0000 -4.0000 -1.0000
v 12.0000 1.0000 -0.0000
v 13.0000 1.0000 -0.0000
v 13.0000 1.0000 -1.0000
v 12.0000 1.0000 -1.0000
v 13.0000 0.0000 -1.0000
v 13.0000 -16.0000 -2.0000
v 13.0000 -16.0000 -1.0000
v 13.0000 -15.0000 -2.0000
v 13.0000 -14.0000 -2.0000
v 12.0000 -14.0000 -2.0000
v 13.0000 -6.0000 -1.0000
v 13.0000 -6.0000 -2.0000
v 12.0000 -7.0000 -2.0000
v 13.0000 -7.0000 -2.0000
v 13.0000 -4.0000 -2.0000
v 13.0000 -3.0000 -2.0000
v 13.0000 -3.0000 -1.0000
v 13.0000 -2.0000 -2.0000
v 13.0000 0.0000 -2.0000
v 12.0000 0.0000 -2.0000
v 13.0000 -1.0000 -2.0000
v 13.0000 -15.0000 -3.0000
v 12.0000 -15.0000 -3.0000
v 12.0000 -16.0000 -3.0000
v 13.0000 -16.0000 -3.0000
v 13.0000 -3.0000 -3.0000
v 12.0000 -4.0000 -3.0000
v 13.0000 -4.0000 -3.0000
v 13.0000 -1.0000 -3.0000
v 12.0000 -1.0000 -3.0000
v 13.0000 -2.0000 -3.0000
v 13.0000 -15.0000 -4.0000
v 12.0000 -15.0000 -4.0000
v 12.0000 -16.0000 -4.0000
v 13.0000 -16.0000 -4.0000
v 13.0000 -4.0000 -4.0000
v 12.0000 -4.0000 -4.0000
v 12.0000 -5.0000 -4.0000
v 13.0000 -5.0000 -4.0000
v 13.0000 -5.0000 -3.0000
v 13.0000 -15.0000 11.0000
v 14.0000 -15.0000 11.0000
v 14.0000 -15.0000 10.0000
v 13.0000 -15.0000 10.0000
v 13.0000 -16.0000 11.0000
v 13.0000 -16.0000 10.0000
v 14.0000 -16.0000 10.0000
v 14.0000 -16.0000 11.0000
v 13.0000 -14.0000 10.0000
v 14.0000 -14.0000 10.0000
v 14.0000 -14.0000 9.0000
v 13.0000 -14.0000 9.0000
v 13.0000 -15.0000 9.0000
v 14.0000 -15.0000 9.0000
v 13.0000 -15.0000 8.0000
v 14.0000 -15.0000 8.0000
v 14.0000 -15.0000 7.0000
v 13.0000 -16.0000 8.0000
v 14.0000 -16.0000 7.0000
v 14.0000 -16.0000 8.0000
v 14.0000 -16.0000 6.0000
v 14.0000 -15.0000 6.0000
v 13.0000 -14.0000 7.0000
v 14.0000 -14.0000 7.0000
v 14.0000 -14.0000 6.0000
v 14.0000 -16.0000 5.0000
v 14.0000 -14.0000 5.0000
v 14.0000 -15.0000 5.0000
v 14.0000 -16.0000 4.0000
v 14.0000 -15.0000 4.0000
v 14.0000 -14.0000 4.0000
v 14.0000 -13.0000 4.0000
v 14.0000 -13.0000 3.0000
v 14.0000 -14.0000 3.0000
v 14.0000 -15.0000 2.0000
v 14.0000 -15.0000 3.0000
v 14.0000 -12.0000 3.0000
v 14.0000 -13.0000 2.0000
v 14.0000 -12.0000 2.0000
v 14.0000 -11.0000 3.0000
v 14.0000 -11.0000 2.0000
v 14.0000 -9.0000 2.0000
v 14.0000 -9.0000 3.0000
v 14.0000 -8.0000 3.0000
v 13.0000 -8.0000 3.0000
v 14.0000 -8.0000 2.0000
v 14.0000 -7.0000 3.0000
v 13.0000 -7.0000 3.0000
v 14.0000 -7.0000 2.0000
v 14.0000 -6.0000 3.0000
v 14.0000 -6.0000 2.0000
v 13.0000 -3.0000 3.0000
v 14.0000 -3.0000 3.0000
v 14.0000 -3.0000 2.0000
v 14.0000 -4.0000 2.0000
v 14.0000 -4.0000 3.0000
v 14.0000 -15.0000 1.0000
v 14.0000 -14.0000 1.0000
v 14.0000 -14.0000 2.0000
v 14.0000 -13.0000 1.0000
v 14.0000 -10.0000 2.0000
v 14.0000 -5.0000 2.0000
v 14.0000 -6.0000 1.0000
v 14.0000 -5.0000 1.0000
v 14.0000 -4.0000 1.0000
v 14.0000 -15.0000 -0.0000
v 13.0000 -16.0000 -0.0000
v 14.0000 -16.0000 -0.0000
v 14.0000 -16.0000 1.0000
v 14.0000 -13.0000 -0.0000
v 14.0000 -12.0000 -0.0000
v 14.0000 -12.0000 1.0000
v 14.0000 -11.0000 -0.0000
v 14.0000 -11.0000 1.0000
v 14.0000 -10.0000 -0.0000
v 14.0000 -10.0000 1.0000
v 14.0000 -9.0000 -0.0000
v 14.0000 -9.0000 1.0000
v 14.0000 -8.0000 -0.0000
v 14.0000 -8.0000 1.0000
v 14.0000 -7.0000 -0.0000
v 14.0000 -7.0000 1.0000
v 14.0000 -6.0000 -0.0000
v 14.0000 -5.0000 -0.0000
v 14.0000 -3.0000 -0.0000
v 14.0000 -3.0000 1.0000
v 14.0000 -2.0000 1.0000
v 14.0000 -2.0000 -0.0000
v 14.0000 -1.0000 1.0000
v 14.0000 0.0000 1.0000
v 14.0000 0.0000 -0.0000
v 14.0000 -1.0000 -0.0000
v 14.0000 -15.0000 -1.0000
v 14.0000 -16.0000 -1.0000
v 14.0000 -4.0000 -1.0000
v 14.0000 -4.0000 -0.0000
v 14.0000 -3.0000 -1.0000
v 14.0000 1.0000 -0.0000
v 14.0000 1.0000 -1.0000
v 14.0000 0.0000 -1.0000
v 14.0000 -7.0000 -1.0000
v 14.0000 -7.0000 -2.0000
v 13.0000 -8.0000 -2.0000
v 14.0000 -8.0000 -2.0000
v 14.0000 -8.0000 -1.0000
v 14.0000 -5.0000 -1.0000
v 14.0000 -5.0000 -2.0000
v 13.0000 -5.0000 -2.0000
v 14.0000 -6.0000 -2.0000
v 14.0000 -6.0000 -1.0000
v 14.0000 -3.0000 -2.0000
v 14.0000 -2.0000 -2.0000
v 14.0000 -2.0000 -1.0000
v 14.0000 0.0000 -2.0000
v 14.0000 -1.0000 -2.0000
v 14.0000 -1.0000 -1.0000
v 14.0000 -6.0000 -3.0000
v 13.0000 -6.0000 -3.0000
v 13.0000 -7.0000 -3.0000
v 14.0000 -7.0000 -3.0000
v 14.0000 -1.0000 -3.0000
v 14.0000 -2.0000 -3.0000
v 14.0000 -3.0000 -3.0000
v 14.0000 -3.0000 -4.0000
v 13.0000 -3.0000 -4.0000
v 14.0000 -4.0000 -4.0000
v 14.0000 -4.0000 -3.0000
v 15.0000 -15.0000 10.0000
v 15.0000 -15.0000 9.0000
v 14.0000 -16.0000 9.0000
v 15.0000 -16.0000 9.0000
v 15.0000 -16.0000 10.0000
v 15.0000 -16.0000 8.0000
v 15.0000 -15.0000 8.0000
v 15.0000 -14.0000 9.0000
v 15.0000 -14.0000 8.0000
v 14.0000 -14.0000 8.0000
v 15.0000 -14.0000 7.0000
v 15.0000 -15.0000 7.0000
v 15.0000 -15.0000 6.0000
v 15.0000 -15.0000 5.0000
v 15.0000 -16.0000 5.0000
v 15.0000 -16.0000 6.0000
v 15.0000 -15.0000 4.0000
v 15.0000 -16.0000 4.0000
v 15.0000 -15.0000 3.0000
v 14.0000 -16.0000 3.0000
v 15.0000 -16.0000 3.0000
v 15.0000 -13.0000 3.0000
v 15.0000 -13.0000 4.0000
v 15.0000 -12.0000 4.0000
v 14.0000 -12.0000 4.0000
v 15.0000 -12.0000 3.0000
v 15.0000 -11.0000 4.0000
v 14.0000 -11.0000 4.0000
v 15.0000 -11.0000 3.0000
v 15.0000 -10.0000 4.0000
v 14.0000 -10.0000 4.0000
v 14.0000 -10.0000 3.0000
v 15.0000 -10.0000 3.0000
v 14.0000 -9.0000 4.0000
v 15.0000 -9.0000 4.0000
v 15.0000 -9.0000 3.0000
v 15.0000 -15.0000 2.0000
v 15.0000 -14.0000 3.0000
v 15.0000 -14.0000 2.0000
v 15.0000 -13.0000 2.0000
v 15.0000 -15.0000 1.0000
v 14.0000 -16.0000 2.0000
v 15.0000 -16.0000 1.0000
v 15.0000 -16.0000 2.0000
v 15.0000 -13.0000 1.0000
v 15.0000 -12.0000 2.0000
v 15.0000 -12.0000 1.0000
v 15.0000 -11.0000 2.0000
v 15.0000 -11.0000 1.0000
v 15.0000 -10.0000 2.0000
v 15.0000 -10.0000 1.0000
v 15.0000 -9.0000 2.0000
v 15.0000 -9.0000 1.0000
v 15.0000 -8.0000 2.0000
v 15.0000 -8.0000 1.0000
v 15.0000 -7.0000 2.0000
v 15.0000 -7.0000 1.0000
v 15.0000 -6.0000 2.0000
v 15.0000 -6.0000 1.0000
v 15.0000 -5.0000 1.0000
v 15.0000 -5.0000 2.0000
v 15.0000 -4.0000 2.0000
v 15.0000 -4.0000 1.0000
v 15.0000 -3.0000 2.0000
v 15.0000 -3.0000 1.0000
v 14.0000 -2.0000 2.0000
v 15.0000 -2.0000 2.0000
v 15.0000 -2.0000 1.0000
v 15.0000 -1.0000 1.0000
v 15.0000 -1.0000 -0.0000
v 15.0000 -2.0000 -0.0000
v 15.0000 -3.0000 -1.0000
v 15.0000 -3.0000 -0.0000
v 15.0000 -2.0000 -1.0000
v 15.0000 0.0000 -0.0000
v 15.0000 0.0000 -1.0000
v 15.0000 -1.0000 -1.0000
v 15.0000 -7.0000 -1.0000
v 15.0000 -7.0000 -2.0000
v 15.0000 -8.0000 -2.0000
v 15.0000 -8.0000 -1.0000
v 15.0000 -1.0000 -2.0000
v 15.0000 -2.0000 -2.0000
v 15.0000 -6.0000 -2.0000
v 15.0000 -6.0000 -3.0000
v 15.0000 -7.0000 -3.0000
v 14.0000 -4.0000 -2.0000
v 15.0000 -4.0000 -2.0000
v 15.0000 -4.0000 -3.0000
v 14.0000 -5.0000 -3.0000
v 15.0000 -5.0000 -3.0000
v 15.0000 -5.0000 -2.0000
v 15.0000 0.0000 -2.0000
v 15.0000 0.0000 -3.0000
v 14.0000 0.0000 -3.0000
v 15.0000 -1.0000 -3.0000
v 15.0000 -2.0000 -3.0000
v 15.0000 -2.0000 -4.0000
v 14.0000 -2.0000 -4.0000
v 15.0000 -3.0000 -4.0000
v 15.0000 -3.0000 -3.0000
v 15.0000 -15.0000 12.0000
v 16.0000 -15.0000 12.0000
v 16.0000 -15.0000 11.0000
v 15.0000 -15.0000 11.0000
v 15.0000 -16.0000 12.0000
v 15.0000 -16.0000 11.0000
v 16.0000 -16.0000 11.0000
v 16.0000 -16.0000 12.0000
v 16.0000 -16.0000 10.0000
v 16.0000 -15.0000 10.0000
v 15.0000 -14.0000 11.0000
v 16.0000 -14.0000 11.0000
v 16.0000 -14.0000 10.0000
v 15.0000 -14.0000 10.0000
v 16.0000 -14.0000 9.0000
v 16.0000 -15.0000 9.0000
v 15.0000 -8.0000 3.0000
v 16.0000 -8.0000 3.0000
v 16.0000 -8.0000 2.0000
v 16.0000 -9.0000 2.0000
v 16.0000 -9.0000 3.0000
v 15.0000 -6.0000 3.0000
v 16.0000 -6.0000 3.0000
v 16.0000 -6.0000 2.0000
v 15.0000 -7.0000 3.0000
v 16.0000 -7.0000 2.0000
v 16.0000 -7.0000 3.0000
v 16.0000 -11.0000 1.0000
v 16.0000 -11.0000 2.0000
v 16.0000 -10.0000 2.0000
v 16.0000 -10.0000 1.0000
v 16.0000 -9.0000 1.0000
v 16.0000 -7.0000 1.0000
v 16.0000 -8.0000 1.0000
v 16.0000 -6.0000 1.0000
v 16.0000 -5.0000 2.0000
v 16.0000 -5.0000 1.0000
v 16.0000 -4.0000 2.0000
v 16.0000 -4.0000 1.0000
v 15.0000 -12.0000 -0.0000
v 16.0000 -12.0000 -0.0000
v 16.0000 -12.0000 1.0000
v 15.0000 -11.0000 -0.0000
v 16.0000 -11.0000 -0.0000
v 16.0000 -10.0000 -0.0000
v 15.0000 -10.0000 -0.0000
v 16.0000 -6.0000 -0.0000
v 15.0000 -6.0000 -0.0000
v 15.0000 -7.0000 -0.0000
v 16.0000 -7.0000 -0.0000
v 16.0000 -3.0000 1.0000
v 16.0000 -3.0000 -0.0000
v 15.0000 -4.0000 -0.0000
v 16.0000 -4.0000 -0.0000
v 15.0000 -10.0000 -1.0000
v 16.0000 -10.0000 -1.0000
v 16.0000 -9.0000 -0.0000
v 15.0000 -9.0000 -0.0000
v 15.0000 -9.0000 -1.0000
v 16.0000 -9.0000 -1.0000
v 15.0000 -8.0000 -0.0000
v 16.0000 -8.0000 -0.0000
v 16.0000 -8.0000 -1.0000
v 16.0000 -6.0000 -1.0000
v 15.0000 -6.0000 -1.0000
v 16.0000 -7.0000 -1.0000
v 16.0000 -3.0000 -1.0000
v 15.0000 -4.0000 -1.0000
v 16.0000 -4.0000 -1.0000
v 16.0000 -1.0000 -0.0000
v 16.0000 -1.0000 -1.0000
v 16.0000 -2.0000 -1.0000
v 16.0000 -2.0000 -0.0000
v 16.0000 -6.0000 -2.0000
v 16.0000 -5.0000 -1.0000
v 15.0000 -5.0000 -1.0000
v 16.0000 -5.0000 -2.0000
v 16.0000 -4.0000 -2.0000
v 16.0000 -2.0000 -2.0000
v 15.0000 -3.0000 -2.0000
v 16.0000 -3.0000 -2.0000
v 16.0000 -3.0000 -3.0000
v 16.0000 -4.0000 -3.0000
v 16.0000 -1.0000 -2.0000
v 16.0000 -1.0000 -3.0000
v 16.0000 -2.0000 -3.0000
vt 0.001953 0.500000
vt 0.005859 0.500000
vt 0.009766 0.500000
vt 0.013672 0.500000
vt 0.017578 0.500000
vt 0.021484 0.500000
vt 0.025391 0.500000
vt 0.029297 0.500000
vt 0.033203 0.500000
vt 0.037109 0.500000
vt 0.041016 0.500000
vt 0.044922 0.500000
vn 0.0 -1.0 0.0
vn 0.0 1.0 0.0
vn 0.0 0.0 1.0
vn 0.0 0.0 -1.0
vn -1.0 0.0 0.0
vn 1.0 0.0 0.0
usemtl mat_Pino_romeron_Juan_Esteban_Acosta_Peña_fase_4
s off
f 1/1/2 2/1/2 3/1/2 4/1/2
f 5/1/1 6/1/1 7/1/1 8/1/1
f 5/1/3 8/1/3 2/1/3 1/1/3
f 8/1/6 7/1/6 3/1/6 2/1/6
f 5/1/5 1/1/5 4/1/5 6/1/5
f 6/2/1 9/2/1 10/2/1 7/2/1
f 9/2/4 11/2/4 12/2/4 10/2/4
f 7/2/6 10/2/6 12/2/6 3/2/6
f 6/2/5 4/2/5 11/2/5 9/2/5
f 13/3/2 14/3/2 15/3/2 16/3/2
f 4/3/3 3/3/3 14/3/3 13/3/3
f 3/3/6 12/3/6 15/3/6 14/3/6
f 4/3/5 13/3/5 16/3/5 11/3/5
f 16/4/2 15/4/2 17/4/2 18/4/2
f 11/4/1 19/4/1 20/4/1 12/4/1
f 19/4/4 18/4/4 17/4/4 20/4/4
f 12/4/6 20/4/6 17/4/6 15/4/6
f 11/4/5 16/4/5 18/4/5 19/4/5
f 21/4/2 22/4/2 23/4/2 24/4/2
f 25/4/1 26/4/1 27/4/1 28/4/1
f 25/4/3 28/4/3 22/4/3 21/4/3
f 26/4/4 24/4/4 23/4/4 27/4/4
f 28/4/6 27/4/6 23/4/6 22/4/6
f 25/4/5 21/4/5 24/4/5 26/4/5
f 29/5/2 30/5/2 31/5/2 32/5/2
f 33/5/1 34/5/1 35/5/1 36/5/1
f 33/5/3 36/5/3 30/5/3 29/5/3
f 34/5/4 32/5/4 31/5/4 35/5/4
f 36/5/6 35/5/6 31/5/6 30/5/6
f 33/5/5 29/5/5 32/5/5 34/5/5
f 37/4/1 38/4/1 39/4/1 40/4/1
f 37/4/3 40/4/3 41/4/3 42/4/3
f 37/4/5 42/4/5 43/4/5 38/4/5
f 26/5/2 27/5/2 44/5/2 45/5/2
f 42/5/3 41/5/3 27/5/3 26/5/3
f 43/5/4 45/5/4 44/5/4 46/5/4
f 42/5/5 26/5/5 45/5/5 43/5/5
f 34/5/2 35/5/2 47/5/2 48/5/2
f 24/5/1 49/5/1 50/5/1 23/5/1
f 24/5/3 23/5/3 35/5/3 34/5/3
f 49/5/4 48/5/4 47/5/4 50/5/4
f 24/5/5 34/5/5 48/5/5 49/5/5
f 32/6/1 51/6/1 52/6/1 31/6/1
f 32/6/3 31/6/3 53/6/3 54/6/3
f 51/6/4 55/6/4 56/6/4 52/6/4
f 31/6/6 52/6/6 56/6/6 53/6/6
f 32/6/5 54/6/5 55/6/5 51/6/5
f 57/6/2 58/6/2 59/6/2 60/6/2
f 54/6/3 53/6/3 58/6/3 57/6/3
f 55/6/4 60/6/4 59/6/4 56/6/4
f 54/6/5 57/6/5 60/6/5 55/6/5
f 61/5/1 62/5/1 63/5/1 64/5/1
f 61/5/3 64/5/3 39/5/3 38/5/3
f 62/5/4 65/5/4 66/5/4 63/5/4
f 64/5/6 63/5/6 66/5/6 39/5/6
f 61/5/5 38/5/5 65/5/5 62/5/5
f 43/5/2 46/5/2 67/5/2 68/5/2
f 65/5/4 68/5/4 67/5/4 66/5/4
f 39/5/6 66/5/6 67/5/6 46/5/6
f 38/5/5 43/5/5 68/5/5 65/5/5
f 51/2/2 52/2/2 69/2/2 70/2/2
f 48/2/1 71/2/1 72/2/1 47/2/1
f 48/2/3 47/2/3 52/2/3 51/2/3
f 47/2/6 72/2/6 69/2/6 52/2/6
f 48/2/5 51/2/5 70/2/5 71/2/5
f 73/5/2 74/5/2 75/5/2 76/5/2
f 60/5/1 77/5/1 78/5/1 59/5/1
f 60/5/3 59/5/3 74/5/3 73/5/3
f 59/5/6 78/5/6 75/5/6 74/5/6
f 60/5/5 73/5/5 76/5/5 77/5/5
f 68/4/1 79/4/1 80/4/1 67/4/1
f 68/4/3 67/4/3 81/4/3 82/4/3
f 79/4/4 83/4/4 84/4/4 80/4/4
f 67/4/6 80/4/6 84/4/6 81/4/6
f 68/4/5 82/4/5 83/4/5 79/4/5
f 85/5/2 86/5/2 87/5/2 88/5/2
f 82/5/3 81/5/3 86/5/3 85/5/3
f 83/5/4 88/5/4 87/5/4 84/5/4
f 81/5/6 84/5/6 87/5/6 86/5/6
f 82/5/5 85/5/5 88/5/5 83/5/5
f 70/5/2 69/5/2 89/5/2 90/5/2
f 71/5/1 91/5/1 92/5/1 72/5/1
f 91/5/4 90/5/4 89/5/4 92/5/4
f 72/5/6 92/5/6 89/5/6 69/5/6
f 71/5/5 70/5/5 90/5/5 91/5/5
f 76/5/2 75/5/2 93/5/2 94/5/2
f 77/5/1 95/5/1 96/5/1 78/5/1
f 95/5/4 94/5/4 93/5/4 96/5/4
f 78/5/6 96/5/6 93/5/6 75/5/6
f 77/5/5 76/5/5 94/5/5 95/5/5
f 97/4/2 98/4/2 99/4/2 100/4/2
f 101/4/1 102/4/1 103/4/1 104/4/1
f 101/4/3 104/4/3 98/4/3 97/4/3
f 102/4/4 100/4/4 99/4/4 103/4/4
f 101/4/5 97/4/5 100/4/5 102/4/5
f 90/6/1 105/6/1 106/6/1 89/6/1
f 90/6/3 89/6/3 107/6/3 108/6/3
f 105/6/4 109/6/4 110/6/4 106/6/4
f 89/6/6 106/6/6 110/6/6 107/6/6
f 90/6/5 108/6/5 109/6/5 105/6/5
f 95/6/2 96/6/2 111/6/2 112/6/2
f 108/6/3 107/6/3 96/6/3 95/6/3
f 109/6/4 112/6/4 111/6/4 110/6/4
f 107/6/6 110/6/6 111/6/6 96/6/6
f 108/6/5 95/6/5 112/6/5 109/6/5
f 102/5/2 103/5/2 113/5/2 114/5/2
f 94/5/1 115/5/1 116/5/1 93/5/1
f 94/5/3 93/5/3 103/5/3 102/5/3
f 115/5/4 114/5/4 113/5/4 116/5/4
f 93/5/6 116/5/6 113/5/6 103/5/6
f 94/5/5 102/5/5 114/5/5 115/5/5
f 115/2/2 116/2/2 117/2/2 118/2/2
f 112/2/1 119/2/1 120/2/1 111/2/1
f 112/2/3 111/2/3 116/2/3 115/2/3
f 119/2/4 118/2/4 117/2/4 120/2/4
f 111/2/6 120/2/6 117/2/6 116/2/6
f 112/2/5 115/2/5 118/2/5 119/2/5
f 121/5/2 122/5/2 123/5/2 124/5/2
f 114/5/1 125/5/1 126/5/1 113/5/1
f 114/5/3 113/5/3 122/5/3 121/5/3
f 125/5/4 124/5/4 123/5/4 126/5/4
f 113/5/6 126/5/6 123/5/6 122/5/6
f 114/5/5 121/5/5 124/5/5 125/5/5
f 12/1/2 127/1/2 128/1/2 20/1/2
f 10/1/1 129/1/1 130/1/1 131/1/1
f 10/1/3 131/1/3 127/1/3 12/1/3
f 131/1/6 130/1/6 128/1/6 127/1/6
f 10/1/5 12/1/5 20/1/5 129/1/5
f 129/2/1 132/2/1 133/2/1 130/2/1
f 132/2/4 134/2/4 135/2/4 133/2/4
f 130/2/6 133/2/6 135/2/6 128/2/6
f 129/2/5 20/2/5 134/2/5 132/2/5
f 17/5/2 136/5/2 137/5/2 138/5/2
f 20/5/3 128/5/3 136/5/3 17/5/3
f 128/5/6 135/5/6 137/5/6 136/5/6
f 20/5/5 17/5/5 138/5/5 134/5/5
f 138/2/2 137/2/2 139/2/2 140/2/2
f 134/2/1 141/2/1 142/2/1 135/2/1
f 141/2/4 140/2/4 139/2/4 142/2/4
f 135/2/6 142/2/6 139/2/6 137/2/6
f 134/2/5 138/2/5 140/2/5 141/2/5
f 143/2/2 144/2/2 145/2/2 146/2/2
f 147/2/1 148/2/1 149/2/1 150/2/1
f 147/2/3 150/2/3 144/2/3 143/2/3
f 147/2/5 143/2/5 146/2/5 148/2/5
f 146/2/2 145/2/2 151/2/2 152/2/2
f 148/2/1 153/2/1 154/2/1 149/2/1
f 148/2/5 146/2/5 152/2/5 153/2/5
f 152/2/2 151/2/2 155/2/2 156/2/2
f 153/2/1 157/2/1 158/2/1 154/2/1
f 157/2/4 156/2/4 155/2/4 158/2/4
f 154/2/6 158/2/6 155/2/6 151/2/6
f 153/2/5 152/2/5 156/2/5 157/2/5
f 159/5/1 160/5/1 161/5/1 162/5/1
f 159/5/3 162/5/3 163/5/3 164/5/3
f 160/5/4 165/5/4 166/5/4 161/5/4
f 162/5/6 161/5/6 166/5/6 163/5/6
f 159/5/5 164/5/5 165/5/5 160/5/5
f 164/1/3 163/1/3 167/1/3 168/1/3
f 165/1/4 169/1/4 170/1/4 166/1/4
f 163/1/6 166/1/6 170/1/6 167/1/6
f 164/1/5 168/1/5 169/1/5 165/1/5
f 168/5/3 167/5/3 171/5/3 172/5/3
f 169/5/4 173/5/4 174/5/4 170/5/4
f 167/5/6 170/5/6 174/5/6 171/5/6
f 168/5/5 172/5/5 173/5/5 169/5/5
f 175/1/2 176/1/2 177/1/2 28/1/2
f 172/1/3 171/1/3 176/1/3 175/1/3
f 173/1/4 28/1/4 177/1/4 174/1/4
f 171/1/6 174/1/6 177/1/6 176/1/6
f 172/1/5 175/1/5 28/1/5 173/1/5
f 156/5/1 178/5/1 179/5/1 155/5/1
f 156/5/3 155/5/3 180/5/3 181/5/3
f 178/5/4 182/5/4 183/5/4 179/5/4
f 156/5/5 181/5/5 182/5/5 178/5/5
f 160/2/2 161/2/2 184/2/2 185/2/2
f 181/2/3 180/2/3 161/2/3 160/2/3
f 182/2/4 185/2/4 184/2/4 183/2/4
f 181/2/5 160/2/5 185/2/5 182/2/5
f 178/2/2 179/2/2 186/2/2 187/2/2
f 188/2/1 189/2/1 190/2/1 191/2/1
f 188/2/3 191/2/3 179/2/3 178/2/3
f 189/2/4 187/2/4 186/2/4 190/2/4
f 191/2/6 190/2/6 186/2/6 179/2/6
f 188/2/5 178/2/5 187/2/5 189/2/5
f 185/2/1 192/2/1 193/2/1 184/2/1
f 185/2/3 184/2/3 194/2/3 195/2/3
f 192/2/4 64/2/4 196/2/4 193/2/4
f 185/2/5 195/2/5 64/2/5 192/2/5
f 195/4/3 194/4/3 197/4/3 40/4/3
f 64/4/4 39/4/4 198/4/4 196/4/4
f 195/4/5 40/4/5 39/4/5 64/4/5
f 40/2/3 197/2/3 199/2/3 41/2/3
f 39/2/4 46/2/4 200/2/4 198/2/4
f 41/2/3 199/2/3 201/2/3 27/2/3
f 46/2/4 44/2/4 202/2/4 200/2/4
f 27/2/3 201/2/3 203/2/3 23/2/3
f 44/2/4 50/2/4 204/2/4 202/2/4
f 27/2/5 23/2/5 50/2/5 44/2/5
f 23/5/3 203/5/3 205/5/3 35/5/3
f 50/5/4 47/5/4 206/5/4 204/5/4
f 31/6/2 207/6/2 208/6/2 52/6/2
f 35/6/3 205/6/3 207/6/3 31/6/3
f 47/6/4 52/6/4 208/6/4 206/6/4
f 35/6/5 31/6/5 52/6/5 47/6/5
f 53/4/1 56/4/1 209/4/1 210/4/1
f 53/4/3 210/4/3 211/4/3 58/4/3
f 56/4/4 59/4/4 212/4/4 209/4/4
f 58/2/3 211/2/3 213/2/3 214/2/3
f 59/2/4 74/2/4 215/2/4 212/2/4
f 211/2/6 212/2/6 215/2/6 213/2/6
f 58/2/5 214/2/5 74/2/5 59/2/5
f 216/1/2 217/1/2 218/1/2 219/1/2
f 214/1/3 213/1/3 217/1/3 216/1/3
f 74/1/4 219/1/4 218/1/4 215/1/4
f 213/1/6 215/1/6 218/1/6 217/1/6
f 214/1/5 216/1/5 219/1/5 74/1/5
f 220/5/2 221/5/2 222/5/2 98/5/2
f 219/5/1 104/5/1 223/5/1 218/5/1
f 219/5/3 218/5/3 221/5/3 220/5/3
f 219/5/5 220/5/5 98/5/5 104/5/5
f 75/2/1 93/2/1 224/2/1 225/2/1
f 75/2/3 225/2/3 223/2/3 104/2/3
f 93/2/4 103/2/4 226/2/4 224/2/4
f 75/2/5 104/2/5 103/2/5 93/2/5
f 227/5/2 228/5/2 229/5/2 230/5/2
f 98/5/3 222/5/3 228/5/3 227/5/3
f 99/5/4 230/5/4 229/5/4 231/5/4
f 98/5/5 227/5/5 230/5/5 99/5/5
f 92/4/2 232/4/2 233/4/2 234/4/2
f 87/4/1 235/4/1 236/4/1 237/4/1
f 87/4/3 237/4/3 232/4/3 92/4/3
f 235/4/4 234/4/4 233/4/4 236/4/4
f 87/4/5 92/4/5 234/4/5 235/4/5
f 99/5/2 231/5/2 238/5/2 122/5/2
f 103/5/1 113/5/1 239/5/1 226/5/1
f 113/5/4 122/5/4 238/5/4 239/5/4
f 103/5/5 99/5/5 122/5/5 113/5/5
f 106/2/2 240/2/2 241/2/2 242/2/2
f 234/2/1 243/2/1 244/2/1 233/2/1
f 234/2/3 233/2/3 240/2/3 106/2/3
f 243/2/4 242/2/4 241/2/4 244/2/4
f 234/2/5 106/2/5 242/2/5 243/2/5
f 111/4/2 245/4/2 246/4/2 120/4/2
f 110/4/1 247/4/1 248/4/1 249/4/1
f 110/4/3 249/4/3 245/4/3 111/4/3
f 247/4/4 120/4/4 246/4/4 248/4/4
f 249/4/6 248/4/6 246/4/6 245/4/6
f 110/4/5 111/4/5 120/4/5 247/4/5
f 250/4/2 251/4/2 252/4/2 253/4/2
f 122/4/1 123/4/1 254/4/1 238/4/1
f 122/4/3 238/4/3 251/4/3 250/4/3
f 123/4/4 253/4/4 252/4/4 254/4/4
f 238/4/6 254/4/6 252/4/6 251/4/6
f 122/4/5 250/4/5 253/4/5 123/4/5
f 126/2/2 255/2/2 256/2/2 257/2/2
f 117/2/1 258/2/1 259/2/1 260/2/1
f 117/2/3 260/2/3 255/2/3 126/2/3
f 258/2/4 257/2/4 256/2/4 259/2/4
f 260/2/6 259/2/6 256/2/6 255/2/6
f 117/2/5 126/2/5 257/2/5 258/2/5
f 261/6/2 262/6/2 263/6/2 127/6/2
f 264/6/1 131/6/1 265/6/1 266/6/1
f 264/6/3 266/6/3 262/6/3 261/6/3
f 131/6/4 127/6/4 263/6/4 265/6/4
f 266/6/6 265/6/6 263/6/6 262/6/6
f 264/6/5 261/6/5 127/6/5 131/6/5
f 267/6/2 268/6/2 269/6/2 136/6/2
f 127/6/1 128/6/1 270/6/1 263/6/1
f 127/6/3 263/6/3 268/6/3 267/6/3
f 128/6/4 136/6/4 269/6/4 270/6/4
f 263/6/6 270/6/6 269/6/6 268/6/6
f 127/6/5 267/6/5 136/6/5 128/6/5
f 135/5/2 271/5/2 272/5/2 142/5/2
f 133/5/1 273/5/1 274/5/1 275/5/1
f 133/5/3 275/5/3 271/5/3 135/5/3
f 275/5/6 274/5/6 272/5/6 271/5/6
f 133/5/5 135/5/5 142/5/5 273/5/5
f 273/4/1 150/4/1 276/4/1 274/4/1
f 273/4/5 142/4/5 144/4/5 150/4/5
f 139/1/2 277/1/2 278/1/2 279/1/2
f 142/1/3 272/1/3 277/1/3 139/1/3
f 272/1/6 280/1/6 278/1/6 277/1/6
f 142/1/5 139/1/5 279/1/5 144/1/5
f 150/6/1 149/6/1 281/6/1 276/6/1
f 279/6/2 278/6/2 282/6/2 283/6/2
f 144/6/5 279/6/5 283/6/5 145/6/5
f 149/6/1 154/6/1 284/6/1 281/6/1
f 154/6/4 151/6/4 285/6/4 284/6/4
f 283/6/2 282/6/2 286/6/2 287/6/2
f 151/6/4 287/6/4 286/6/4 285/6/4
f 145/6/5 283/6/5 287/6/5 151/6/5
f 162/4/2 288/4/2 289/4/2 161/4/2
f 287/4/1 180/4/1 290/4/1 286/4/1
f 287/4/3 286/4/3 288/4/3 162/4/3
f 287/4/5 162/4/5 161/4/5 180/4/5
f 155/6/1 179/6/1 291/6/1 292/6/1
f 155/6/3 292/6/3 290/6/3 180/6/3
f 161/6/3 289/6/3 293/6/3 166/6/3
f 289/6/6 294/6/6 295/6/6 293/6/6
f 161/6/5 166/6/5 194/6/5 184/6/5
f 170/6/2 296/6/2 297/6/2 197/6/2
f 166/6/3 293/6/3 296/6/3 170/6/3
f 293/6/6 295/6/6 297/6/6 296/6/6
f 166/6/5 170/6/5 197/6/5 194/6/5
f 177/5/1 201/5/1 298/5/1 299/5/1
f 177/5/3 299/5/3 300/5/3 301/5/3
f 299/5/6 298/5/6 302/5/6 300/5/6
f 177/5/5 301/5/5 203/5/5 201/5/5
f 301/5/3 300/5/3 303/5/3 304/5/3
f 300/5/6 302/5/6 305/5/6 303/5/6
f 301/5/5 304/5/5 205/5/5 203/5/5
f 306/1/2 307/1/2 308/1/2 207/1/2
f 304/1/3 303/1/3 307/1/3 306/1/3
f 303/1/6 305/1/6 308/1/6 307/1/6
f 304/1/5 306/1/5 207/1/5 205/1/5
f 309/5/2 310/5/2 311/5/2 213/5/2
f 312/5/1 211/5/1 313/5/1 314/5/1
f 312/5/3 314/5/3 310/5/3 309/5/3
f 211/5/4 213/5/4 311/5/4 313/5/4
f 314/5/6 313/5/6 311/5/6 310/5/6
f 312/5/5 309/5/5 213/5/5 211/5/5
f 179/2/1 186/2/1 315/2/1 291/2/1
f 186/2/4 316/2/4 317/2/4 315/2/4
f 179/2/5 183/2/5 316/2/5 186/2/5
f 316/2/4 193/2/4 318/2/4 317/2/4
f 183/2/5 184/2/5 193/2/5 316/2/5
f 197/2/3 297/2/3 319/2/3 199/2/3
f 199/5/3 319/5/3 298/5/3 201/5/3
f 302/5/6 320/5/6 321/5/6 305/5/6
f 207/5/3 308/5/3 322/5/3 210/5/3
f 207/5/5 210/5/5 209/5/5 208/5/5
f 211/5/2 313/5/2 323/5/2 212/5/2
f 210/5/3 322/5/3 313/5/3 211/5/3
f 209/5/4 212/5/4 323/5/4 324/5/4
f 186/5/2 315/5/2 325/5/2 326/5/2
f 190/5/1 327/5/1 328/5/1 329/5/1
f 190/5/3 329/5/3 315/5/3 186/5/3
f 329/5/6 328/5/6 325/5/6 315/5/6
f 190/5/5 186/5/5 326/5/5 327/5/5
f 193/5/1 330/5/1 331/5/1 318/5/1
f 330/5/4 332/5/4 333/5/4 331/5/4
f 193/5/5 196/5/5 332/5/5 330/5/5
f 332/5/4 334/5/4 335/5/4 333/5/4
f 336/5/6 333/5/6 335/5/6 337/5/6
f 196/5/5 198/5/5 334/5/5 332/5/5
f 334/5/4 338/5/4 339/5/4 335/5/4
f 337/5/6 335/5/6 339/5/6 340/5/6
f 198/5/5 200/5/5 338/5/5 334/5/5
f 338/2/4 341/2/4 342/2/4 339/2/4
f 340/2/6 339/2/6 342/2/6 343/2/6
f 200/2/5 202/2/5 341/2/5 338/2/5
f 341/2/4 344/2/4 345/2/4 342/2/4
f 343/2/6 342/2/6 345/2/6 320/2/6
f 202/2/5 204/2/5 344/2/5 341/2/5
f 344/2/4 346/2/4 347/2/4 345/2/4
f 204/2/5 206/2/5 346/2/5 344/2/5
f 346/2/4 348/2/4 349/2/4 347/2/4
f 206/2/5 208/2/5 348/2/5 346/2/5
f 209/2/2 324/2/2 350/2/2 351/2/2
f 348/2/4 351/2/4 350/2/4 349/2/4
f 208/2/5 209/2/5 351/2/5 348/2/5
f 215/2/1 225/2/1 352/2/1 353/2/1
f 215/2/3 353/2/3 354/2/3 218/2/3
f 215/2/5 218/2/5 223/2/5 225/2/5
f 218/6/3 354/6/3 355/6/3 221/6/3
f 356/1/2 357/1/2 358/1/2 228/1/2
f 221/1/3 355/1/3 357/1/3 356/1/3
f 221/1/5 356/1/5 228/1/5 222/1/5
f 326/4/2 325/4/2 359/4/2 360/4/2
f 327/4/1 361/4/1 362/4/1 328/4/1
f 361/4/4 360/4/4 359/4/4 362/4/4
f 328/4/6 362/4/6 359/4/6 325/4/6
f 327/4/5 326/4/5 360/4/5 361/4/5
f 363/2/1 364/2/1 365/2/1 366/2/1
f 363/2/3 366/2/3 352/2/3 225/2/3
f 364/2/4 224/2/4 367/2/4 365/2/4
f 363/2/5 225/2/5 224/2/5 364/2/5
f 368/2/2 369/2/2 370/2/2 371/2/2
f 228/2/3 358/2/3 369/2/3 368/2/3
f 229/2/4 371/2/4 370/2/4 372/2/4
f 228/2/5 368/2/5 371/2/5 229/2/5
f 232/5/2 373/5/2 374/5/2 233/5/2
f 237/5/1 236/5/1 375/5/1 376/5/1
f 237/5/3 376/5/3 373/5/3 232/5/3
f 236/5/4 233/5/4 374/5/4 375/5/4
f 376/5/6 375/5/6 374/5/6 373/5/6
f 377/2/2 378/2/2 379/2/2 249/2/2
f 380/2/1 240/2/1 381/2/1 382/2/1
f 380/2/3 382/2/3 378/2/3 377/2/3
f 240/2/4 249/2/4 379/2/4 381/2/4
f 382/2/6 381/2/6 379/2/6 378/2/6
f 380/2/5 377/2/5 249/2/5 240/2/5
f 224/5/1 383/5/1 384/5/1 367/5/1
f 383/5/4 239/5/4 385/5/4 384/5/4
f 224/5/5 226/5/5 239/5/5 383/5/5
f 229/4/2 372/4/2 386/4/2 251/4/2
f 238/4/4 251/4/4 386/4/4 387/4/4
f 231/4/5 229/4/5 251/4/5 238/4/5
f 240/5/2 381/5/2 388/5/2 241/5/2
f 233/5/1 244/5/1 389/5/1 374/5/1
f 233/5/3 374/5/3 381/5/3 240/5/3
f 244/5/4 241/5/4 388/5/4 389/5/4
f 374/5/6 389/5/6 388/5/6 381/5/6
f 238/2/2 387/2/2 390/2/2 254/2/2
f 239/2/1 255/2/1 391/2/1 385/2/1
f 255/2/4 254/2/4 390/2/4 391/2/4
f 239/2/5 238/2/5 254/2/5 255/2/5
f 260/1/2 392/1/2 393/1/2 259/1/2
f 246/1/1 394/1/1 395/1/1 396/1/1
f 246/1/3 396/1/3 392/1/3 260/1/3
f 394/1/4 259/1/4 393/1/4 395/1/4
f 396/1/6 395/1/6 393/1/6 392/1/6
f 246/1/5 260/1/5 259/1/5 394/1/5
f 397/3/2 398/3/2 399/3/2 400/3/2
f 401/3/1 402/3/1 403/3/1 404/3/1
f 401/3/3 404/3/3 398/3/3 397/3/3
f 402/3/4 400/3/4 399/3/4 403/3/4
f 404/3/6 403/3/6 399/3/6 398/3/6
f 401/3/5 397/3/5 400/3/5 402/3/5
f 272/6/2 405/6/2 406/6/2 280/6/2
f 274/6/1 276/6/1 407/6/1 408/6/1
f 274/6/3 408/6/3 405/6/3 272/6/3
f 276/4/1 281/4/1 409/4/1 407/4/1
f 278/6/2 410/6/2 411/6/2 282/6/2
f 280/6/3 406/6/3 410/6/3 278/6/3
f 406/6/6 412/6/6 411/6/6 410/6/6
f 281/6/1 284/6/1 413/6/1 409/6/1
f 412/6/6 414/6/6 415/6/6 411/6/6
f 416/1/2 417/1/2 418/1/2 288/1/2
f 282/1/3 411/1/3 417/1/3 416/1/3
f 411/1/6 415/1/6 418/1/6 417/1/6
f 282/1/5 416/1/5 288/1/5 286/1/5
f 284/6/1 419/6/1 420/6/1 413/6/1
f 284/6/5 285/6/5 292/6/5 419/6/5
f 414/6/6 421/6/6 422/6/6 415/6/6
f 285/6/5 286/6/5 290/6/5 292/6/5
f 415/6/6 422/6/6 423/6/6 418/6/6
f 424/6/2 425/6/2 426/6/2 293/6/2
f 288/6/3 418/6/3 425/6/3 424/6/3
f 289/6/4 293/6/4 426/6/4 423/6/4
f 418/6/6 423/6/6 426/6/6 425/6/6
f 288/6/5 424/6/5 293/6/5 289/6/5
f 419/6/1 427/6/1 428/6/1 420/6/1
f 419/6/5 292/6/5 291/6/5 427/6/5
f 421/6/6 429/6/6 430/6/6 422/6/6
f 289/6/2 423/6/2 431/6/2 294/6/2
f 422/6/6 430/6/6 431/6/6 423/6/6
f 296/2/1 297/2/1 432/2/1 433/2/1
f 296/2/3 433/2/3 434/2/3 435/2/3
f 433/2/6 432/2/6 436/2/6 434/2/6
f 296/2/5 435/2/5 319/2/5 297/2/5
f 299/5/2 437/5/2 438/5/2 298/5/2
f 435/5/3 434/5/3 437/5/3 299/5/3
f 434/5/6 436/5/6 438/5/6 437/5/6
f 435/5/5 299/5/5 298/5/5 319/5/5
f 307/5/1 308/5/1 439/5/1 440/5/1
f 307/5/3 440/5/3 441/5/3 442/5/3
f 440/5/6 439/5/6 443/5/6 441/5/6
f 307/5/5 442/5/5 322/5/5 308/5/5
f 314/5/2 444/5/2 445/5/2 313/5/2
f 442/5/3 441/5/3 444/5/3 314/5/3
f 441/5/6 443/5/6 445/5/6 444/5/6
f 442/5/5 314/5/5 313/5/5 322/5/5
f 427/2/1 329/2/1 446/2/1 428/2/1
f 329/2/4 315/2/4 447/2/4 446/2/4
f 427/2/5 291/2/5 315/2/5 329/2/5
f 430/2/6 448/2/6 449/2/6 431/2/6
f 294/2/3 431/2/3 450/2/3 295/2/3
f 431/2/6 449/2/6 451/2/6 450/2/6
f 295/5/3 450/5/3 432/5/3 297/5/3
f 336/5/4 337/5/4 452/5/4 451/5/4
f 450/5/6 451/5/6 452/5/6 432/5/6
f 337/2/4 340/2/4 453/2/4 452/2/4
f 340/4/4 343/4/4 454/4/4 453/4/4
f 436/4/6 453/4/6 454/4/6 438/4/6
f 302/1/2 455/1/2 456/1/2 320/1/2
f 298/1/3 438/1/3 455/1/3 302/1/3
f 343/1/4 320/1/4 456/1/4 454/1/4
f 438/1/6 454/1/6 456/1/6 455/1/6
f 305/5/1 321/5/1 457/5/1 458/5/1
f 305/5/3 458/5/3 439/5/3 308/5/3
f 313/1/3 445/1/3 459/1/3 311/1/3
f 313/1/5 311/1/5 353/1/5 323/1/5
f 311/4/3 459/4/3 460/4/3 461/4/3
f 311/4/5 461/4/5 354/4/5 353/4/5
f 462/5/2 463/5/2 464/5/2 355/5/2
f 461/5/3 460/5/3 463/5/3 462/5/3
f 460/5/6 465/5/6 464/5/6 463/5/6
f 461/5/5 462/5/5 355/5/5 354/5/5
f 315/2/1 325/2/1 466/2/1 447/2/1
f 447/2/6 466/2/6 467/2/6 448/2/6
f 315/2/5 317/2/5 468/2/5 325/2/5
f 468/2/4 331/2/4 469/2/4 467/2/4
f 448/2/6 467/2/6 469/2/6 449/2/6
f 317/2/5 318/2/5 331/2/5 468/2/5
f 336/2/2 451/2/2 470/2/2 333/2/2
f 331/2/4 333/2/4 470/2/4 469/2/4
f 449/2/6 469/2/6 470/2/6 451/2/6
f 320/2/1 345/2/1 471/2/1 456/2/1
f 320/2/3 456/2/3 457/2/3 321/2/3
f 456/2/6 471/2/6 472/2/6 457/2/6
f 347/2/4 349/2/4 473/2/4 472/2/4
f 457/2/6 472/2/6 473/2/6 474/2/6
f 349/2/4 350/2/4 475/2/4 473/2/4
f 476/2/6 475/2/6 477/2/6 478/2/6
f 324/2/5 323/2/5 366/2/5 350/2/5
f 323/2/5 353/2/5 352/2/5 366/2/5
f 357/1/2 479/1/2 480/1/2 358/1/2
f 355/1/3 464/1/3 479/1/3 357/1/3
f 464/1/6 481/1/6 480/1/6 479/1/6
f 468/2/2 467/2/2 482/2/2 483/2/2
f 325/2/1 359/2/1 484/2/1 466/2/1
f 466/2/6 484/2/6 482/2/6 467/2/6
f 325/2/5 468/2/5 483/2/5 359/2/5
f 333/2/1 485/2/1 486/2/1 470/2/1
f 333/2/3 470/2/3 487/2/3 335/2/3
f 485/2/4 488/2/4 489/2/4 486/2/4
f 470/2/6 486/2/6 489/2/6 487/2/6
f 333/2/5 335/2/5 488/2/5 485/2/5
f 335/2/3 487/2/3 490/2/3 339/2/3
f 488/2/4 491/2/4 492/2/4 489/2/4
f 487/2/6 489/2/6 492/2/6 490/2/6
f 335/2/5 339/2/5 491/2/5 488/2/5
f 339/5/3 490/5/3 493/5/3 342/5/3
f 491/5/4 494/5/4 495/5/4 492/5/4
f 490/5/6 492/5/6 495/5/6 493/5/6
f 339/5/5 342/5/5 494/5/5 491/5/5
f 342/4/3 493/4/3 471/4/3 345/4/3
f 494/4/4 376/4/4 496/4/4 495/4/4
f 493/4/6 495/4/6 496/4/6 471/4/6
f 342/4/5 345/4/5 376/4/5 494/4/5
f 347/2/2 472/2/2 497/2/2 373/2/2
f 376/2/4 373/2/4 497/2/4 496/2/4
f 345/2/5 347/2/5 373/2/5 376/2/5
f 350/2/1 378/2/1 498/2/1 475/2/1
f 378/2/4 365/2/4 499/2/4 498/2/4
f 350/2/5 366/2/5 365/2/5 378/2/5
f 369/4/2 500/4/2 501/4/2 370/4/2
f 358/4/3 480/4/3 500/4/3 369/4/3
f 372/4/4 370/4/4 501/4/4 502/4/4
f 480/4/6 502/4/6 501/4/6 500/4/6
f 362/2/1 503/2/1 504/2/1 505/2/1
f 362/2/3 505/2/3 484/2/3 359/2/3
f 362/2/5 359/2/5 506/2/5 503/2/5
f 483/5/2 482/5/2 507/5/2 508/5/2
f 506/5/4 508/5/4 507/5/4 509/5/4
f 484/5/6 509/5/6 507/5/6 482/5/6
f 359/5/5 483/5/5 508/5/5 506/5/5
f 382/5/2 510/5/2 511/5/2 381/5/2
f 373/5/1 374/5/1 512/5/1 497/5/1
f 373/5/3 497/5/3 510/5/3 382/5/3
f 374/5/4 381/5/4 511/5/4 512/5/4
f 497/5/6 512/5/6 511/5/6 510/5/6
f 373/5/5 382/5/5 381/5/5 374/5/5
f 365/5/1 513/5/1 514/5/1 499/5/1
f 365/5/5 367/5/5 384/5/5 513/5/5
f 384/6/4 385/6/4 515/6/4 516/6/4
f 372/2/2 502/2/2 517/2/2 386/2/2
f 387/2/4 386/2/4 517/2/4 518/2/4
f 519/2/6 518/2/6 517/2/6 502/2/6
f 506/3/2 509/3/2 520/3/2 521/3/2
f 503/3/1 522/3/1 523/3/1 504/3/1
f 504/3/6 523/3/6 520/3/6 509/3/6
f 503/3/5 506/3/5 521/3/5 522/3/5
f 384/5/2 516/5/2 524/5/2 392/5/2
f 513/5/1 396/5/1 525/5/1 514/5/1
f 396/5/4 392/5/4 524/5/4 525/5/4
f 514/5/6 525/5/6 524/5/6 516/5/6
f 513/5/5 384/5/5 392/5/5 396/5/5
f 387/5/2 518/5/2 526/5/2 390/5/2
f 385/5/1 391/5/1 527/5/1 515/5/1
f 391/5/4 390/5/4 526/5/4 527/5/4
f 515/5/6 527/5/6 526/5/6 518/5/6
f 521/3/2 520/3/2 528/3/2 529/3/2
f 522/3/1 530/3/1 531/3/1 523/3/1
f 530/3/4 529/3/4 528/3/4 531/3/4
f 523/3/6 531/3/6 528/3/6 520/3/6
f 522/3/5 521/3/5 529/3/5 530/3/5
f 396/2/2 525/2/2 532/2/2 395/2/2
f 533/2/1 534/2/1 535/2/1 536/2/1
f 533/2/3 536/2/3 525/2/3 396/2/3
f 534/2/4 395/2/4 532/2/4 535/2/4
f 536/2/6 535/2/6 532/2/6 525/2/6
f 533/2/5 396/2/5 395/2/5 534/2/5
f 399/3/2 537/3/2 538/3/2 539/3/2
f 403/3/1 540/3/1 541/3/1 542/3/1
f 403/3/3 542/3/3 537/3/3 399/3/3
f 540/3/4 539/3/4 538/3/4 541/3/4
f 542/3/6 541/3/6 538/3/6 537/3/6
f 403/3/5 399/3/5 539/3/5 540/3/5
f 543/3/2 544/3/2 545/3/2 546/3/2
f 539/3/1 547/3/1 548/3/1 538/3/1
f 539/3/3 538/3/3 544/3/3 543/3/3
f 547/3/4 546/3/4 545/3/4 548/3/4
f 538/3/6 548/3/6 545/3/6 544/3/6
f 539/3/5 543/3/5 546/3/5 547/3/5
f 547/6/2 548/6/2 549/6/2 550/6/2
f 551/6/1 552/6/1 553/6/1 554/6/1
f 551/6/3 554/6/3 548/6/3 547/6/3
f 552/6/4 550/6/4 549/6/4 553/6/4
f 554/6/6 553/6/6 549/6/6 548/6/6
f 551/6/5 547/6/5 550/6/5 552/6/5
f 555/6/2 556/6/2 557/6/2 558/6/2
f 559/6/1 405/6/1 560/6/1 561/6/1
f 559/6/3 561/6/3 556/6/3 555/6/3
f 561/6/6 560/6/6 557/6/6 556/6/6
f 559/6/5 555/6/5 558/6/5 405/6/5
f 408/6/1 407/6/1 562/6/1 563/6/1
f 408/6/3 563/6/3 560/6/3 405/6/3
f 563/6/6 562/6/6 564/6/6 560/6/6
f 558/6/2 557/6/2 565/6/2 410/6/2
f 406/6/4 410/6/4 565/6/4 564/6/4
f 560/6/6 564/6/6 565/6/6 557/6/6
f 405/6/5 558/6/5 410/6/5 406/6/5
f 406/6/2 564/6/2 566/6/2 412/6/2
f 407/6/1 409/6/1 567/6/1 562/6/1
f 562/6/6 567/6/6 566/6/6 564/6/6
f 412/1/2 566/1/2 568/1/2 414/1/2
f 409/1/1 413/1/1 569/1/1 567/1/1
f 567/1/6 569/1/6 568/1/6 566/1/6
f 414/6/2 568/6/2 570/6/2 421/6/2
f 413/6/1 420/6/1 571/6/1 569/6/1
f 569/6/6 571/6/6 570/6/6 568/6/6
f 572/5/2 573/5/2 574/5/2 434/5/2
f 575/5/1 433/5/1 576/5/1 577/5/1
f 575/5/3 577/5/3 573/5/3 572/5/3
f 433/5/4 434/5/4 574/5/4 576/5/4
f 577/5/6 576/5/6 574/5/6 573/5/6
f 575/5/5 572/5/5 434/5/5 433/5/5
f 421/4/2 570/4/2 578/4/2 429/4/2
f 420/4/1 428/4/1 579/4/1 571/4/1
f 433/5/2 576/5/2 580/5/2 432/5/2
f 426/5/1 450/5/1 581/5/1 582/5/1
f 426/5/3 582/5/3 576/5/3 433/5/3
f 450/5/4 432/5/4 580/5/4 581/5/4
f 582/5/6 581/5/6 580/5/6 576/5/6
f 426/5/5 433/5/5 432/5/5 450/5/5
f 583/6/1 455/6/1 584/6/1 585/6/1
f 583/6/3 585/6/3 586/6/3 587/6/3
f 455/6/4 458/6/4 588/6/4 584/6/4
f 585/6/6 584/6/6 588/6/6 586/6/6
f 583/6/5 587/6/5 458/6/5 455/6/5
f 440/6/2 589/6/2 590/6/2 439/6/2
f 587/6/3 586/6/3 589/6/3 440/6/3
f 586/6/6 588/6/6 590/6/6 589/6/6
f 587/6/5 440/6/5 439/6/5 458/6/5
f 428/2/1 446/2/1 591/2/1 579/2/1
f 430/2/2 592/2/2 593/2/2 448/2/2
f 429/2/3 578/2/3 592/2/3 430/2/3
f 447/2/4 448/2/4 593/2/4 594/2/4
f 578/2/6 594/2/6 593/2/6 592/2/6
f 436/2/2 595/2/2 596/2/2 453/2/2
f 432/2/1 452/2/1 597/2/1 580/2/1
f 432/2/3 580/2/3 595/2/3 436/2/3
f 580/2/6 597/2/6 596/2/6 595/2/6
f 458/5/1 457/5/1 598/5/1 588/5/1
f 457/5/4 474/5/4 599/5/4 598/5/4
f 588/5/6 598/5/6 599/5/6 590/5/6
f 439/5/3 590/5/3 600/5/3 443/5/3
f 590/5/6 599/5/6 601/5/6 600/5/6
f 443/2/3 600/2/3 602/2/3 445/2/3
f 476/2/4 478/2/4 603/2/4 601/2/4
f 445/5/3 602/5/3 604/5/3 459/5/3
f 460/5/2 605/5/2 606/5/2 465/5/2
f 459/5/3 604/5/3 605/5/3 460/5/3
f 604/5/6 607/5/6 606/5/6 605/5/6
f 447/2/2 594/2/2 608/2/2 466/2/2
f 446/2/1 609/2/1 610/2/1 591/2/1
f 446/2/5 447/2/5 466/2/5 609/2/5
f 451/6/1 470/6/1 611/6/1 612/6/1
f 451/6/3 612/6/3 597/6/3 452/6/3
f 470/6/4 487/6/4 613/6/4 611/6/4
f 612/6/6 611/6/6 613/6/6 597/6/6
f 451/6/5 452/6/5 487/6/5 470/6/5
f 487/2/4 490/2/4 614/2/4 613/2/4
f 597/2/6 613/2/6 614/2/6 596/2/6
f 452/2/5 453/2/5 490/2/5 487/2/5
f 453/5/3 596/5/3 615/5/3 454/5/3
f 490/5/4 493/5/4 616/5/4 614/5/4
f 596/5/6 614/5/6 616/5/6 615/5/6
f 453/5/5 454/5/5 493/5/5 490/5/5
f 456/5/2 617/5/2 618/5/2 471/5/2
f 454/5/3 615/5/3 617/5/3 456/5/3
f 493/5/4 471/5/4 618/5/4 616/5/4
f 615/5/6 616/5/6 618/5/6 617/5/6
f 454/5/5 456/5/5 471/5/5 493/5/5
f 476/2/2 601/2/2 619/2/2 475/2/2
f 474/2/1 473/2/1 620/2/1 599/2/1
f 473/2/4 475/2/4 619/2/4 620/2/4
f 599/2/6 620/2/6 619/2/6 601/2/6
f 478/2/1 477/2/1 621/2/1 603/2/1
f 464/1/2 622/1/2 623/1/2 481/1/2
f 465/1/3 606/1/3 622/1/3 464/1/3
f 606/1/6 624/1/6 623/1/6 622/1/6
f 466/1/2 608/1/2 625/1/2 484/1/2
f 609/1/1 505/1/1 626/1/1 610/1/1
f 610/1/6 626/1/6 625/1/6 608/1/6
f 609/1/5 466/1/5 484/1/5 505/1/5
f 469/1/2 627/1/2 628/1/2 629/1/2
f 467/1/1 482/1/1 630/1/1 631/1/1
f 467/1/3 631/1/3 627/1/3 469/1/3
f 482/1/4 629/1/4 628/1/4 630/1/4
f 631/1/6 630/1/6 628/1/6 627/1/6
f 467/1/5 469/1/5 629/1/5 482/1/5
f 471/5/1 496/5/1 632/5/1 618/5/1
f 471/5/3 618/5/3 633/5/3 472/5/3
f 496/5/4 497/5/4 634/5/4 632/5/4
f 618/5/6 632/5/6 634/5/6 633/5/6
f 473/2/2 620/2/2 635/2/2 510/2/2
f 472/2/3 633/2/3 620/2/3 473/2/3
f 497/2/4 510/2/4 635/2/4 634/2/4
f 633/2/6 634/2/6 635/2/6 620/2/6
f 472/2/5 473/2/5 510/2/5 497/2/5
f 475/2/1 498/2/1 636/2/1 619/2/1
f 475/2/3 619/2/3 621/2/3 477/2/3
f 498/2/4 499/2/4 637/2/4 636/2/4
f 480/5/2 638/5/2 639/5/2 502/5/2
f 481/5/3 623/5/3 638/5/3 480/5/3
f 519/5/4 502/5/4 639/5/4 640/5/4
f 623/5/6 640/5/6 639/5/6 638/5/6
f 484/4/2 625/4/2 641/4/2 509/4/2
f 505/4/1 504/4/1 642/4/1 626/4/1
f 504/4/4 509/4/4 641/4/4 642/4/4
f 626/4/6 642/4/6 641/4/6 625/4/6
f 499/5/1 514/5/1 643/5/1 637/5/1
f 514/5/4 516/5/4 644/5/4 643/5/4
f 519/4/2 640/4/2 645/4/2 518/4/2
f 515/4/4 518/4/4 645/4/4 646/4/4
f 647/4/6 646/4/6 645/4/6 640/4/6
f 648/5/2 649/5/2 650/5/2 536/5/2
f 511/5/1 651/5/1 652/5/1 653/5/1
f 511/5/3 653/5/3 649/5/3 648/5/3
f 651/5/4 536/5/4 650/5/4 652/5/4
f 653/5/6 652/5/6 650/5/6 649/5/6
f 511/5/5 648/5/5 536/5/5 651/5/5
f 515/5/2 646/5/2 654/5/2 527/5/2
f 516/5/1 524/5/1 655/5/1 644/5/1
f 524/5/4 527/5/4 654/5/4 655/5/4
f 644/5/6 655/5/6 654/5/6 646/5/6
f 516/5/5 515/5/5 527/5/5 524/5/5
f 553/2/1 656/2/1 657/2/1 658/2/1
f 553/2/3 658/2/3 659/2/3 549/2/3
f 658/2/6 657/2/6 660/2/6 659/2/6
f 553/2/5 549/2/5 561/2/5 656/2/5
f 661/4/2 662/4/2 663/4/2 556/4/2
f 549/4/3 659/4/3 662/4/3 661/4/3
f 561/4/4 556/4/4 663/4/4 660/4/4
f 659/4/6 660/4/6 663/4/6 662/4/6
f 549/4/5 661/4/5 556/4/5 561/4/5
f 561/2/2 660/2/2 664/2/2 560/2/2
f 656/2/1 563/2/1 665/2/1 657/2/1
f 563/2/4 560/2/4 664/2/4 665/2/4
f 657/2/6 665/2/6 664/2/6 660/2/6
f 656/2/5 561/2/5 560/2/5 563/2/5
f 666/7/2 667/7/2 668/7/2 669/7/2
f 670/7/1 671/7/1 672/7/1 673/7/1
f 670/7/3 673/7/3 667/7/3 666/7/3
f 670/7/5 666/7/5 669/7/5 671/7/5
f 674/8/1 675/8/1 676/8/1 677/8/1
f 674/8/3 677/8/3 672/8/3 671/8/3
f 674/8/5 671/8/5 678/8/5 675/8/5
f 672/9/6 679/9/6 680/9/6 668/9/6
f 671/9/5 669/9/5 681/9/5 678/9/5
f 682/10/2 683/10/2 684/10/2 685/10/2
f 669/10/3 668/10/3 683/10/3 682/10/3
f 669/10/5 682/10/5 685/10/5 681/10/5
f 675/9/1 686/9/1 687/9/1 676/9/1
f 686/9/4 688/9/4 689/9/4 687/9/4
f 675/9/5 678/9/5 688/9/5 686/9/5
f 679/9/6 689/9/6 690/9/6 680/9/6
f 678/9/5 681/9/5 691/9/5 688/9/5
f 685/9/2 684/9/2 692/9/2 693/9/2
f 691/9/4 693/9/4 692/9/4 690/9/4
f 681/9/5 685/9/5 693/9/5 691/9/5
f 691/9/2 690/9/2 694/9/2 695/9/2
f 688/9/1 696/9/1 697/9/1 689/9/1
f 696/9/4 695/9/4 694/9/4 697/9/4
f 688/9/5 691/9/5 695/9/5 696/9/5
f 570/6/2 698/6/2 699/6/2 578/6/2
f 571/6/1 579/6/1 700/6/1 701/6/1
f 571/6/3 701/6/3 698/6/3 570/6/3
f 701/6/6 700/6/6 699/6/6 698/6/6
f 702/6/2 703/6/2 704/6/2 705/6/2
f 706/6/1 592/6/1 707/6/1 708/6/1
f 706/6/3 708/6/3 703/6/3 702/6/3
f 708/6/6 707/6/6 704/6/6 703/6/6
f 706/6/5 702/6/5 705/6/5 592/6/5
f 574/5/1 595/5/1 709/5/1 710/5/1
f 574/5/3 710/5/3 711/5/3 712/5/3
f 595/5/4 713/5/4 714/5/4 709/5/4
f 710/5/6 709/5/6 714/5/6 711/5/6
f 574/5/5 712/5/5 713/5/5 595/5/5
f 585/4/2 715/4/2 716/4/2 584/4/2
f 712/4/3 711/4/3 715/4/3 585/4/3
f 713/4/4 584/4/4 716/4/4 714/4/4
f 711/4/6 714/4/6 716/4/6 715/4/6
f 712/4/5 585/4/5 584/4/5 713/4/5
f 578/5/2 699/5/2 717/5/2 594/5/2
f 579/5/1 591/5/1 718/5/1 700/5/1
f 700/5/6 718/5/6 717/5/6 699/5/6
f 705/5/2 704/5/2 719/5/2 720/5/2
f 592/5/1 593/5/1 721/5/1 707/5/1
f 593/5/4 720/5/4 719/5/4 721/5/4
f 707/5/6 721/5/6 719/5/6 704/5/6
f 592/5/5 705/5/5 720/5/5 593/5/5
f 600/5/1 601/5/1 722/5/1 723/5/1
f 600/5/3 723/5/3 724/5/3 602/5/3
f 604/1/2 725/1/2 726/1/2 607/1/2
f 602/1/3 724/1/3 725/1/3 604/1/3
f 594/5/2 717/5/2 727/5/2 608/5/2
f 591/5/1 610/5/1 728/5/1 718/5/1
f 610/5/4 608/5/4 727/5/4 728/5/4
f 718/5/6 728/5/6 727/5/6 717/5/6
f 612/2/2 729/2/2 730/2/2 611/2/2
f 720/2/1 627/2/1 731/2/1 719/2/1
f 720/2/3 719/2/3 729/2/3 612/2/3
f 627/2/4 611/2/4 730/2/4 731/2/4
f 719/2/6 731/2/6 730/2/6 729/2/6
f 720/2/5 612/2/5 611/2/5 627/2/5
f 617/5/1 618/5/1 732/5/1 733/5/1
f 617/5/3 733/5/3 734/5/3 598/5/3
f 618/5/4 633/5/4 735/5/4 732/5/4
f 733/5/6 732/5/6 735/5/6 734/5/6
f 617/5/5 598/5/5 633/5/5 618/5/5
f 599/4/2 736/4/2 737/4/2 620/4/2
f 598/4/3 734/4/3 736/4/3 599/4/3
f 633/4/4 620/4/4 737/4/4 735/4/4
f 734/4/6 735/4/6 737/4/6 736/4/6
f 598/4/5 599/4/5 620/4/5 633/4/5
f 601/2/1 619/2/1 738/2/1 722/2/1
f 601/2/5 603/2/5 621/2/5 619/2/5
f 606/2/2 739/2/2 740/2/2 624/2/2
f 607/2/3 726/2/3 739/2/3 606/2/3
f 618/1/2 732/1/2 741/1/2 632/1/2
f 616/1/1 742/1/1 743/1/1 744/1/1
f 616/1/3 744/1/3 732/1/3 618/1/3
f 742/1/4 632/1/4 741/1/4 743/1/4
f 744/1/6 743/1/6 741/1/6 732/1/6
f 616/1/5 618/1/5 632/1/5 742/1/5
f 620/5/1 635/5/1 745/5/1 737/5/1
f 620/5/3 737/5/3 738/5/3 619/5/3
f 635/5/4 636/5/4 746/5/4 745/5/4
f 620/5/5 619/5/5 636/5/5 635/5/5
f 747/2/6 748/2/6 749/2/6 740/2/6
f 623/2/2 750/2/2 751/2/2 640/2/2
f 624/2/3 740/2/3 750/2/3 623/2/3
f 647/2/4 640/2/4 751/2/4 749/2/4
f 740/2/6 749/2/6 751/2/6 750/2/6
f 636/2/1 649/2/1 752/2/1 746/2/1
f 649/2/4 643/2/4 753/2/4 752/2/4
f 636/2/5 637/2/5 643/2/5 649/2/5
f 754/2/6 753/2/6 755/2/6 748/2/6
f 647/2/2 749/2/2 756/2/2 646/2/2
f 644/2/4 646/2/4 756/2/4 755/2/4
f 748/2/6 755/2/6 756/2/6 749/2/6
f 644/5/2 755/5/2 757/5/2 655/5/2
f 643/5/1 758/5/1 759/5/1 753/5/1
f 758/5/4 655/5/4 757/5/4 759/5/4
f 753/5/6 759/5/6 757/5/6 755/5/6
f 643/5/5 644/5/5 655/5/5 758/5/5
f 760/9/2 761/9/2 762/9/2 763/9/2
f 764/9/1 765/9/1 766/9/1 767/9/1
f 764/9/3 767/9/3 761/9/3 760/9/3
f 764/9/5 760/9/5 763/9/5 765/9/5
f 768/7/1 769/7/1 770/7/1 771/7/1
f 768/7/3 771/7/3 766/7/3 765/7/3
f 768/7/5 765/7/5 772/7/5 769/7/5
f 766/9/6 773/9/6 774/9/6 762/9/6
f 765/9/5 763/9/5 775/9/5 772/9/5
f 776/8/2 777/8/2 778/8/2 779/8/2
f 763/8/3 762/8/3 777/8/3 776/8/3
f 763/8/5 776/8/5 779/8/5 775/8/5
f 769/7/1 780/7/1 781/7/1 770/7/1
f 780/7/4 782/7/4 783/7/4 781/7/4
f 769/7/5 772/7/5 782/7/5 780/7/5
f 773/10/6 783/10/6 784/10/6 774/10/6
f 772/10/5 775/10/5 785/10/5 782/10/5
f 779/8/2 778/8/2 786/8/2 787/8/2
f 785/8/4 787/8/4 786/8/4 784/8/4
f 775/8/5 779/8/5 787/8/5 785/8/5
f 785/9/2 784/9/2 788/9/2 789/9/2
f 782/9/1 790/9/1 791/9/1 783/9/1
f 790/9/4 789/9/4 788/9/4 791/9/4
f 782/9/5 785/9/5 789/9/5 790/9/5
f 792/3/2 793/3/2 794/3/2 795/3/2
f 796/3/1 797/3/1 798/3/1 799/3/1
f 796/3/3 799/3/3 793/3/3 792/3/3
f 797/3/4 795/3/4 794/3/4 798/3/4
f 799/3/6 798/3/6 794/3/6 793/3/6
f 796/3/5 792/3/5 795/3/5 797/3/5
f 800/5/2 801/5/2 802/5/2 662/5/2
f 795/5/1 659/5/1 803/5/1 794/5/1
f 795/5/3 794/5/3 801/5/3 800/5/3
f 659/5/4 662/5/4 802/5/4 803/5/4
f 794/5/6 803/5/6 802/5/6 801/5/6
f 795/5/5 800/5/5 662/5/5 659/5/5
f 664/6/2 804/6/2 805/6/2 806/6/2
f 665/6/1 807/6/1 808/6/1 809/6/1
f 665/6/3 809/6/3 804/6/3 664/6/3
f 809/6/6 808/6/6 805/6/6 804/6/6
f 665/6/5 664/6/5 806/6/5 807/6/5
f 810/7/1 677/7/1 811/7/1 812/7/1
f 810/7/3 812/7/3 813/7/3 673/7/3
f 810/7/5 673/7/5 672/7/5 677/7/5
f 673/7/3 813/7/3 814/7/3 667/7/3
f 672/7/4 668/7/4 815/7/4 816/7/4
f 817/8/2 818/8/2 819/8/2 683/8/2
f 667/8/3 814/8/3 818/8/3 817/8/3
f 667/8/5 817/8/5 683/8/5 668/8/5
f 806/6/2 805/6/2 820/6/2 821/6/2
f 807/6/1 822/6/1 823/6/1 808/6/1
f 822/6/4 821/6/4 820/6/4 823/6/4
f 808/6/6 823/6/6 820/6/6 805/6/6
f 807/6/5 806/6/5 821/6/5 822/6/5
f 824/7/1 825/7/1 826/7/1 827/7/1
f 824/7/3 827/7/3 811/7/3 677/7/3
f 825/7/4 676/7/4 828/7/4 826/7/4
f 827/7/6 826/7/6 828/7/6 811/7/6
f 824/7/5 677/7/5 676/7/5 825/7/5
f 672/8/2 816/8/2 829/8/2 679/8/2
f 668/8/1 680/8/1 830/8/1 815/8/1
f 831/7/2 832/7/2 833/7/2 834/7/2
f 683/7/3 819/7/3 832/7/3 831/7/3
f 684/7/4 834/7/4 833/7/4 835/7/4
f 819/7/6 835/7/6 833/7/6 832/7/6
f 683/7/5 831/7/5 834/7/5 684/7/5
f 836/6/2 837/6/2 838/6/2 839/6/2
f 821/6/1 840/6/1 841/6/1 820/6/1
f 821/6/3 820/6/3 837/6/3 836/6/3
f 820/6/6 841/6/6 838/6/6 837/6/6
f 821/6/5 836/6/5 839/6/5 840/6/5
f 679/8/2 829/8/2 842/8/2 689/8/2
f 676/8/1 687/8/1 843/8/1 828/8/1
f 684/9/2 835/9/2 844/9/2 692/9/2
f 680/9/1 690/9/1 845/9/1 830/9/1
f 839/6/2 838/6/2 846/6/2 708/6/2
f 840/6/1 698/6/1 847/6/1 841/6/1
f 698/6/4 708/6/4 846/6/4 847/6/4
f 841/6/6 847/6/6 846/6/6 838/6/6
f 840/6/5 839/6/5 708/6/5 698/6/5
f 687/8/1 848/8/1 849/8/1 843/8/1
f 848/8/4 697/8/4 850/8/4 849/8/4
f 687/8/5 689/8/5 697/8/5 848/8/5
f 689/9/3 842/9/3 845/9/3 690/9/3
f 697/9/4 694/9/4 851/9/4 850/9/4
f 692/7/2 844/7/2 852/7/2 853/7/2
f 694/7/4 853/7/4 852/7/4 851/7/4
f 690/7/5 692/7/5 853/7/5 694/7/5
f 854/5/2 855/5/2 856/5/2 724/5/2
f 857/5/1 723/5/1 858/5/1 859/5/1
f 857/5/3 859/5/3 855/5/3 854/5/3
f 859/5/6 858/5/6 856/5/6 855/5/6
f 857/5/5 854/5/5 724/5/5 723/5/5
f 860/4/2 861/4/2 862/4/2 734/4/2
f 716/4/1 733/4/1 863/4/1 864/4/1
f 716/4/3 864/4/3 861/4/3 860/4/3
f 733/4/4 734/4/4 862/4/4 863/4/4
f 864/4/6 863/4/6 862/4/6 861/4/6
f 716/4/5 860/4/5 734/4/5 733/4/5
f 865/2/1 736/2/1 866/2/1 867/2/1
f 865/2/3 867/2/3 858/2/3 723/2/3
f 865/2/5 723/2/5 722/2/5 736/2/5
f 725/4/2 868/4/2 869/4/2 726/4/2
f 724/4/3 856/4/3 868/4/3 725/4/3
f 856/4/6 870/4/6 869/4/6 868/4/6
f 736/2/1 737/2/1 871/2/1 866/2/1
f 736/2/5 722/2/5 738/2/5 737/2/5
f 739/5/2 872/5/2 873/5/2 740/5/2
f 726/5/3 869/5/3 872/5/3 739/5/3
f 747/5/4 740/5/4 873/5/4 874/5/4
f 869/5/6 874/5/6 873/5/6 872/5/6
f 732/4/1 741/4/1 875/4/1 876/4/1
f 732/4/3 876/4/3 877/4/3 735/4/3
f 741/4/4 878/4/4 879/4/4 875/4/4
f 876/4/6 875/4/6 879/4/6 877/4/6
f 732/4/5 735/4/5 878/4/5 741/4/5
f 735/5/3 877/5/3 871/5/3 737/5/3
f 878/5/4 745/5/4 880/5/4 879/5/4
f 735/5/5 737/5/5 745/5/5 878/5/5
f 745/2/4 746/2/4 881/2/4 880/2/4
f 747/2/2 874/2/2 882/2/2 748/2/2
f 754/2/4 748/2/4 882/2/4 883/2/4
f 884/2/6 883/2/6 882/2/6 874/2/6
f 754/2/2 883/2/2 885/2/2 753/2/2
f 746/2/1 752/2/1 886/2/1 881/2/1
f 752/2/4 753/2/4 885/2/4 886/2/4
f 881/2/6 886/2/6 885/2/6 883/2/6
f 887/7/1 771/7/1 888/7/1 889/7/1
f 887/7/3 889/7/3 890/7/3 767/7/3
f 887/7/5 767/7/5 766/7/5 771/7/5
f 767/8/3 890/8/3 891/8/3 761/8/3
f 766/8/4 762/8/4 892/8/4 893/8/4
f 894/8/2 895/8/2 896/8/2 777/8/2
f 761/8/3 891/8/3 895/8/3 894/8/3
f 761/8/5 894/8/5 777/8/5 762/8/5
f 766/7/2 893/7/2 897/7/2 773/7/2
f 771/7/1 770/7/1 898/7/1 888/7/1
f 777/9/2 896/9/2 899/9/2 778/9/2
f 762/9/1 774/9/1 900/9/1 892/9/1
f 773/7/2 897/7/2 901/7/2 783/7/2
f 770/7/1 781/7/1 902/7/1 898/7/1
f 774/9/1 784/9/1 903/9/1 900/9/1
f 904/11/2 905/11/2 906/11/2 907/11/2
f 778/11/3 899/11/3 905/11/3 904/11/3
f 786/11/4 907/11/4 906/11/4 908/11/4
f 899/11/6 908/11/6 906/11/6 905/11/6
f 778/11/5 904/11/5 907/11/5 786/11/5
f 781/7/1 909/7/1 910/7/1 902/7/1
f 909/7/4 791/7/4 911/7/4 910/7/4
f 781/7/5 783/7/5 791/7/5 909/7/5
f 783/9/3 901/9/3 903/9/3 784/9/3
f 791/9/4 788/9/4 912/9/4 911/9/4
f 786/9/2 908/9/2 913/9/2 914/9/2
f 788/9/4 914/9/4 913/9/4 912/9/4
f 784/9/5 786/9/5 914/9/5 788/9/5
f 915/1/2 916/1/2 917/1/2 918/1/2
f 919/1/1 920/1/1 921/1/1 922/1/1
f 919/1/3 922/1/3 916/1/3 915/1/3
f 920/1/4 918/1/4 917/1/4 921/1/4
f 922/1/6 921/1/6 917/1/6 916/1/6
f 919/1/5 915/1/5 918/1/5 920/1/5
f 812/8/1 811/8/1 923/8/1 924/8/1
f 812/8/3 924/8/3 925/8/3 813/8/3
f 924/8/6 923/8/6 926/8/6 925/8/6
f 813/7/3 925/7/3 927/7/3 814/7/3
f 816/7/4 815/7/4 928/7/4 926/7/4
f 818/9/2 929/9/2 930/9/2 819/9/2
f 814/9/3 927/9/3 929/9/3 818/9/3
f 927/9/6 928/9/6 930/9/6 929/9/6
f 816/8/2 926/8/2 931/8/2 829/8/2
f 811/8/1 828/8/1 932/8/1 923/8/1
f 819/9/2 930/9/2 933/9/2 835/9/2
f 815/9/1 830/9/1 934/9/1 928/9/1
f 826/8/1 935/8/1 936/8/1 937/8/1
f 826/8/3 937/8/3 932/8/3 828/8/3
f 935/8/4 843/8/4 938/8/4 936/8/4
f 937/8/6 936/8/6 938/8/6 932/8/6
f 826/8/5 828/8/5 843/8/5 935/8/5
f 829/8/2 931/8/2 939/8/2 842/8/2
f 830/9/1 845/9/1 940/9/1 934/9/1
f 833/8/2 941/8/2 942/8/2 943/8/2
f 835/8/3 933/8/3 941/8/3 833/8/3
f 844/8/4 943/8/4 942/8/4 944/8/4
f 835/8/5 833/8/5 943/8/5 844/8/5
f 843/8/1 849/8/1 945/8/1 938/8/1
f 849/8/4 850/8/4 946/8/4 945/8/4
f 938/8/6 945/8/6 946/8/6 939/8/6
f 842/9/3 939/9/3 940/9/3 845/9/3
f 850/9/4 851/9/4 947/9/4 946/9/4
f 844/9/2 944/9/2 948/9/2 852/9/2
f 851/9/4 852/9/4 948/9/4 947/9/4
f 940/9/6 947/9/6 948/9/6 944/9/6
f 859/2/2 949/2/2 950/2/2 858/2/2
f 951/2/1 867/2/1 952/2/1 953/2/1
f 951/2/3 953/2/3 949/2/3 859/2/3
f 951/2/5 859/2/5 858/2/5 867/2/5
f 861/5/1 862/5/1 954/5/1 955/5/1
f 861/5/3 955/5/3 952/5/3 867/5/3
f 861/5/5 867/5/5 866/5/5 862/5/5
f 856/5/2 956/5/2 957/5/2 870/5/2
f 858/5/3 950/5/3 956/5/3 856/5/3
f 863/1/1 876/1/1 958/1/1 959/1/1
f 863/1/3 959/1/3 954/1/3 862/1/3
f 876/1/4 877/1/4 960/1/4 958/1/4
f 959/1/6 958/1/6 960/1/6 954/1/6
f 863/1/5 862/1/5 877/1/5 876/1/5
f 862/5/5 866/5/5 871/5/5 877/5/5
f 869/4/2 961/4/2 962/4/2 874/4/2
f 870/4/3 957/4/3 961/4/3 869/4/3
f 884/4/4 874/4/4 962/4/4 963/4/4
f 877/5/1 879/5/1 964/5/1 960/5/1
f 960/5/6 964/5/6 965/5/6 966/5/6
f 884/2/2 963/2/2 967/2/2 883/2/2
f 881/2/4 883/2/4 967/2/4 968/2/4
f 969/2/6 968/2/6 967/2/6 963/2/6
f 879/5/1 970/5/1 971/5/1 964/5/1
f 970/5/4 972/5/4 973/5/4 971/5/4
f 964/5/6 971/5/6 973/5/6 965/5/6
f 879/5/5 880/5/5 972/5/5 970/5/5
f 881/5/2 968/5/2 974/5/2 886/5/2
f 972/5/4 886/5/4 974/5/4 973/5/4
f 965/5/6 973/5/6 974/5/6 968/5/6
f 880/5/5 881/5/5 886/5/5 972/5/5
f 975/8/1 976/8/1 977/8/1 978/8/1
f 975/8/3 978/8/3 979/8/3 889/8/3
f 975/8/5 889/8/5 888/8/5 976/8/5
f 889/7/3 979/7/3 980/7/3 890/7/3
f 979/7/6 981/7/6 982/7/6 980/7/6
f 890/8/3 980/8/3 983/8/3 891/8/3
f 893/8/4 892/8/4 984/8/4 982/8/4
f 895/8/2 985/8/2 986/8/2 896/8/2
f 891/8/3 983/8/3 985/8/3 895/8/3
f 983/8/6 984/8/6 986/8/6 985/8/6
f 976/8/1 987/8/1 988/8/1 977/8/1
f 976/8/5 888/8/5 898/8/5 987/8/5
f 893/7/2 982/7/2 989/7/2 897/7/2
f 892/9/1 900/9/1 990/9/1 984/9/1
f 991/9/2 992/9/2 993/9/2 905/9/2
f 896/9/3 986/9/3 992/9/3 991/9/3
f 899/9/4 905/9/4 993/9/4 994/9/4
f 986/9/6 994/9/6 993/9/6 992/9/6
f 896/9/5 991/9/5 905/9/5 899/9/5
f 995/2/2 996/2/2 997/2/2 998/2/2
f 999/2/1 1000/2/1 1001/2/1 1002/2/1
f 999/2/3 1002/2/3 996/2/3 995/2/3
f 1000/2/4 998/2/4 997/2/4 1001/2/4
f 999/2/5 995/2/5 998/2/5 1000/2/5
f 987/11/1 1003/11/1 1004/11/1 988/11/1
f 1003/11/4 902/11/4 1005/11/4 1004/11/4
f 987/11/5 898/11/5 902/11/5 1003/11/5
f 897/7/2 989/7/2 1006/7/2 901/7/2
f 899/9/2 994/9/2 1007/9/2 908/9/2
f 900/9/1 903/9/1 1008/9/1 990/9/1
f 1009/5/1 1010/5/1 1011/5/1 1012/5/1
f 1009/5/3 1012/5/3 1013/5/3 1014/5/3
f 1010/5/4 1015/5/4 1016/5/4 1011/5/4
f 1012/5/6 1011/5/6 1016/5/6 1013/5/6
f 1009/5/5 1014/5/5 1015/5/5 1010/5/5
f 1000/6/2 1001/6/2 1017/6/2 1018/6/2
f 1014/6/3 1013/6/3 1001/6/3 1000/6/3
f 1015/6/4 1018/6/4 1017/6/4 1016/6/4
f 1014/6/5 1000/6/5 1018/6/5 1015/6/5
f 902/9/1 910/9/1 1019/9/1 1005/9/1
f 910/9/4 911/9/4 1020/9/4 1019/9/4
f 1005/9/6 1019/9/6 1020/9/6 1006/9/6
f 901/9/3 1006/9/3 1008/9/3 903/9/3
f 911/9/4 912/9/4 1021/9/4 1020/9/4
f 908/9/2 1007/9/2 1022/9/2 913/9/2
f 912/9/4 913/9/4 1022/9/4 1021/9/4
f 1008/9/6 1021/9/6 1022/9/6 1007/9/6
f 1023/5/2 1024/5/2 1025/5/2 916/5/2
f 1026/5/1 922/5/1 1027/5/1 1028/5/1
f 1026/5/3 1028/5/3 1024/5/3 1023/5/3
f 922/5/4 916/5/4 1025/5/4 1027/5/4
f 1028/5/6 1027/5/6 1025/5/6 1024/5/6
f 1026/5/5 1023/5/5 916/5/5 922/5/5
f 927/11/2 1029/11/2 1030/11/2 928/11/2
f 925/11/1 926/11/1 1031/11/1 1032/11/1
f 925/11/3 1032/11/3 1029/11/3 927/11/3
f 1032/11/6 1031/11/6 1030/11/6 1029/11/6
f 923/9/1 932/9/1 1033/9/1 1034/9/1
f 923/9/3 1034/9/3 1031/9/3 926/9/3
f 1034/9/6 1033/9/6 1035/9/6 1031/9/6
f 1031/9/6 1035/9/6 1036/9/6 1030/9/6
f 926/9/5 928/9/5 934/9/5 931/9/5
f 930/7/2 1037/7/2 1038/7/2 933/7/2
f 928/7/3 1030/7/3 1037/7/3 930/7/3
f 1030/7/6 1036/7/6 1038/7/6 1037/7/6
f 932/9/1 938/9/1 1039/9/1 1033/9/1
f 938/9/4 939/9/4 1040/9/4 1039/9/4
f 1033/9/6 1039/9/6 1040/9/6 1035/9/6
f 1035/9/6 1040/9/6 1041/9/6 1036/9/6
f 931/9/5 934/9/5 940/9/5 939/9/5
f 940/9/4 944/9/4 1042/9/4 1041/9/4
f 941/8/2 1043/8/2 1044/8/2 942/8/2
f 933/8/3 1038/8/3 1043/8/3 941/8/3
f 944/8/4 942/8/4 1044/8/4 1042/8/4
f 1045/6/2 1046/6/2 1047/6/2 949/6/2
f 1048/6/1 953/6/1 1049/6/1 1050/6/1
f 1048/6/3 1050/6/3 1046/6/3 1045/6/3
f 1050/6/6 1049/6/6 1047/6/6 1046/6/6
f 1048/6/5 1045/6/5 949/6/5 953/6/5
f 940/9/2 1041/9/2 1051/9/2 947/9/2
f 939/9/1 946/9/1 1052/9/1 1040/9/1
f 946/9/4 947/9/4 1051/9/4 1052/9/4
f 1040/9/6 1052/9/6 1051/9/6 1041/9/6
f 1053/5/1 955/5/1 1054/5/1 1055/5/1
f 1053/5/3 1055/5/3 1049/5/3 953/5/3
f 1055/5/6 1054/5/6 1056/5/6 1049/5/6
f 1053/5/5 953/5/5 952/5/5 955/5/5
f 1057/5/2 1058/5/2 1059/5/2 956/5/2
f 949/5/3 1047/5/3 1058/5/3 1057/5/3
f 949/5/5 1057/5/5 956/5/5 950/5/5
f 1060/9/2 1061/9/2 1062/9/2 1063/9/2
f 1064/9/1 1065/9/1 1066/9/1 1067/9/1
f 1064/9/3 1067/9/3 1061/9/3 1060/9/3
f 1065/9/4 1063/9/4 1062/9/4 1066/9/4
f 1067/9/6 1066/9/6 1062/9/6 1061/9/6
f 1064/9/5 1060/9/5 1063/9/5 1065/9/5
f 1068/5/1 959/5/1 1069/5/1 1070/5/1
f 1068/5/3 1070/5/3 1054/5/3 955/5/3
f 959/5/4 954/5/4 1071/5/4 1069/5/4
f 1070/5/6 1069/5/6 1071/5/6 1054/5/6
f 1068/5/5 955/5/5 954/5/5 959/5/5
f 1072/4/2 1073/4/2 1074/4/2 961/4/2
f 956/4/3 1059/4/3 1073/4/3 1072/4/3
f 956/4/5 1072/4/5 961/4/5 957/4/5
f 1075/9/1 1076/9/1 1077/9/1 1078/9/1
f 1075/9/3 1078/9/3 1079/9/3 1080/9/3
f 1076/9/4 1081/9/4 1082/9/4 1077/9/4
f 1078/9/6 1077/9/6 1082/9/6 1079/9/6
f 1075/9/5 1080/9/5 1081/9/5 1076/9/5
f 1065/9/2 1066/9/2 1083/9/2 1084/9/2
f 1080/9/3 1079/9/3 1066/9/3 1065/9/3
f 1081/9/4 1084/9/4 1083/9/4 1082/9/4
f 1079/9/6 1082/9/6 1083/9/6 1066/9/6
f 1080/9/5 1065/9/5 1084/9/5 1081/9/5
f 954/1/1 960/1/1 1085/1/1 1071/1/1
f 960/1/4 966/1/4 1086/1/4 1085/1/4
f 1071/1/6 1085/1/6 1086/1/6 1087/1/6
f 969/2/4 963/2/4 1088/2/4 1089/2/4
f 961/2/2 1074/2/2 1090/2/2 962/2/2
f 969/2/2 1089/2/2 1091/2/2 968/2/2
f 966/2/1 965/2/1 1092/2/1 1086/2/1
f 965/2/4 968/2/4 1091/2/4 1092/2/4
f 962/2/2 1090/2/2 1093/2/2 1094/2/2
f 963/2/1 967/2/1 1095/2/1 1088/2/1
f 963/2/5 962/2/5 1094/2/5 967/2/5
f 968/2/1 974/2/1 1096/2/1 1091/2/1
f 968/2/3 1091/2/3 1095/2/3 967/2/3
f 968/2/5 967/2/5 1097/2/5 974/2/5
f 1094/2/2 1093/2/2 1098/2/2 1099/2/2
f 1097/2/4 1099/2/4 1098/2/4 1100/2/4
f 967/2/5 1094/2/5 1099/2/5 1097/2/5
f 1097/5/2 1100/5/2 1101/5/2 1102/5/2
f 974/5/1 1103/5/1 1104/5/1 1096/5/1
f 974/5/5 1097/5/5 1102/5/5 1103/5/5
f 1102/5/2 1101/5/2 1105/5/2 1106/5/2
f 1103/5/1 1107/5/1 1108/5/1 1104/5/1
f 1107/5/4 1106/5/4 1105/5/4 1108/5/4
f 1103/5/5 1102/5/5 1106/5/5 1107/5/5
f 1107/1/2 1108/1/2 1109/1/2 1110/1/2
f 1111/1/1 1112/1/1 1113/1/1 1114/1/1
f 1111/1/3 1114/1/3 1108/1/3 1107/1/3
f 1112/1/4 1110/1/4 1109/1/4 1113/1/4
f 1111/1/5 1107/1/5 1110/1/5 1112/1/5
f 1115/7/2 1116/7/2 1117/7/2 980/7/2
f 1118/7/1 979/7/1 1119/7/1 1120/7/1
f 1118/7/3 1120/7/3 1116/7/3 1115/7/3
f 979/7/4 980/7/4 1117/7/4 1119/7/4
f 1118/7/5 1115/7/5 980/7/5 979/7/5
f 1112/5/2 1113/5/2 1121/5/2 1122/5/2
f 1123/5/1 1124/5/1 1125/5/1 1126/5/1
f 1123/5/3 1126/5/3 1113/5/3 1112/5/3
f 1124/5/4 1122/5/4 1121/5/4 1125/5/4
f 1123/5/5 1112/5/5 1122/5/5 1124/5/5
f 979/8/2 1119/8/2 1127/8/2 981/8/2
f 978/8/1 977/8/1 1128/8/1 1129/8/1
f 978/8/3 1129/8/3 1119/8/3 979/8/3
f 983/9/2 1130/9/2 1131/9/2 984/9/2
f 980/9/1 982/9/1 1132/9/1 1117/9/1
f 980/9/3 1117/9/3 1130/9/3 983/9/3
f 1133/6/1 1134/6/1 1135/6/1 1136/6/1
f 1133/6/3 1136/6/3 1137/6/3 1138/6/3
f 1134/6/4 1139/6/4 1140/6/4 1135/6/4
f 1133/6/5 1138/6/5 1139/6/5 1134/6/5
f 1141/6/2 1142/6/2 1143/6/2 1144/6/2
f 1138/6/3 1137/6/3 1142/6/3 1141/6/3
f 1139/6/4 1144/6/4 1143/6/4 1140/6/4
f 1137/6/6 1140/6/6 1143/6/6 1142/6/6
f 1138/6/5 1141/6/5 1144/6/5 1139/6/5
f 1145/1/1 1002/1/1 1146/1/1 1147/1/1
f 1145/1/3 1147/1/3 1148/1/3 1149/1/3
f 1145/1/5 1149/1/5 996/1/5 1002/1/5
f 1124/5/2 1125/5/2 1150/5/2 1151/5/2
f 1149/5/3 1148/5/3 1125/5/3 1124/5/3
f 1149/5/5 1124/5/5 1151/5/5 996/5/5
f 977/8/1 988/8/1 1152/8/1 1128/8/1
f 981/7/3 1127/7/3 1132/7/3 982/7/3
f 982/9/5 984/9/5 990/9/5 989/9/5
f 986/9/2 1153/9/2 1154/9/2 994/9/2
f 984/9/3 1131/9/3 1153/9/3 986/9/3
f 1131/9/6 1155/9/6 1154/9/6 1153/9/6
f 1156/4/1 1157/4/1 1158/4/1 1159/4/1
f 1156/4/3 1159/4/3 1160/4/3 1161/4/3
f 1157/4/4 1162/4/4 1163/4/4 1158/4/4
f 1159/4/6 1158/4/6 1163/4/6 1160/4/6
f 1156/4/5 1161/4/5 1162/4/5 1157/4/5
f 1134/5/2 1135/5/2 1164/5/2 1165/5/2
f 1161/5/3 1160/5/3 1135/5/3 1134/5/3
f 1162/5/4 1165/5/4 1164/5/4 1163/5/4
f 1160/5/6 1163/5/6 1164/5/6 1135/5/6
f 1161/5/5 1134/5/5 1165/5/5 1162/5/5
f 1144/5/1 1012/5/1 1166/5/1 1143/5/1
f 1144/5/3 1143/5/3 1167/5/3 1168/5/3
f 1012/5/4 1013/5/4 1169/5/4 1166/5/4
f 1144/5/5 1168/5/5 1013/5/5 1012/5/5
f 1168/2/3 1167/2/3 1146/2/3 1002/2/3
f 1168/2/5 1002/2/5 1001/2/5 1013/2/5
f 1151/6/2 1150/6/2 1170/6/2 1171/6/2
f 997/6/4 1171/6/4 1170/6/4 1172/6/4
f 996/6/5 1151/6/5 1171/6/5 997/6/5
f 988/9/1 1004/9/1 1173/9/1 1152/9/1
f 1004/9/4 1005/9/4 1174/9/4 1173/9/4
f 1005/7/4 1006/7/4 1175/7/4 1174/7/4
f 1176/7/6 1174/7/6 1175/7/6 1177/7/6
f 1177/9/6 1175/9/6 1178/9/6 1155/9/6
f 989/9/5 990/9/5 1008/9/5 1006/9/5
f 994/7/2 1154/7/2 1179/7/2 1007/7/2
f 1008/7/4 1007/7/4 1179/7/4 1178/7/4
f 1155/7/6 1178/7/6 1179/7/6 1154/7/6
f 1157/5/2 1158/5/2 1180/5/2 1028/5/2
f 1181/5/1 1182/5/1 1183/5/1 1184/5/1
f 1181/5/3 1184/5/3 1158/5/3 1157/5/3
f 1182/5/4 1028/5/4 1180/5/4 1183/5/4
f 1181/5/5 1157/5/5 1028/5/5 1182/5/5
f 1165/5/1 1185/5/1 1186/5/1 1164/5/1
f 1165/5/3 1164/5/3 1187/5/3 1188/5/3
f 1185/5/4 1189/5/4 1190/5/4 1186/5/4
f 1164/5/6 1186/5/6 1190/5/6 1187/5/6
f 1165/5/5 1188/5/5 1189/5/5 1185/5/5
f 1012/5/2 1166/5/2 1191/5/2 1011/5/2
f 1188/5/3 1187/5/3 1166/5/3 1012/5/3
f 1189/5/4 1011/5/4 1191/5/4 1190/5/4
f 1188/5/5 1012/5/5 1011/5/5 1189/5/5
f 1013/2/1 1016/2/1 1192/2/1 1169/2/1
f 997/4/2 1172/4/2 1193/4/2 1194/4/2
f 1017/4/4 1194/4/4 1193/4/4 1195/4/4
f 1001/4/5 997/4/5 1194/4/5 1017/4/5
f 1008/8/2 1178/8/2 1196/8/2 1021/8/2
f 1006/8/1 1020/8/1 1197/8/1 1175/8/1
f 1020/8/4 1021/8/4 1196/8/4 1197/8/4
f 1175/8/6 1197/8/6 1196/8/6 1178/8/6
f 1011/1/1 1198/1/1 1199/1/1 1191/1/1
f 1011/1/3 1191/1/3 1192/1/3 1016/1/3
f 1198/1/4 1200/1/4 1201/1/4 1199/1/4
f 1191/1/6 1199/1/6 1201/1/6 1192/1/6
f 1011/1/5 1016/1/5 1200/1/5 1198/1/5
f 1017/2/2 1195/2/2 1202/2/2 1203/2/2
f 1200/2/4 1203/2/4 1202/2/4 1201/2/4
f 1192/2/6 1201/2/6 1202/2/6 1195/2/6
f 1016/2/5 1017/2/5 1203/2/5 1200/2/5
f 1204/10/2 1205/10/2 1206/10/2 1043/10/2
f 1037/10/1 1038/10/1 1207/10/1 1208/10/1
f 1037/10/3 1208/10/3 1205/10/3 1204/10/3
f 1208/10/6 1207/10/6 1206/10/6 1205/10/6
f 1037/10/5 1204/10/5 1043/10/5 1038/10/5
f 1036/8/1 1041/8/1 1209/8/1 1210/8/1
f 1036/8/3 1210/8/3 1207/8/3 1038/8/3
f 1041/8/4 1042/8/4 1211/8/4 1209/8/4
f 1042/7/4 1044/7/4 1212/7/4 1211/7/4
f 1213/11/2 1214/11/2 1215/11/2 1216/11/2
f 1043/11/3 1206/11/3 1214/11/3 1213/11/3
f 1044/11/4 1216/11/4 1215/11/4 1212/11/4
f 1206/11/6 1212/11/6 1215/11/6 1214/11/6
f 1043/11/5 1213/11/5 1216/11/5 1044/11/5
f 1217/6/2 1218/6/2 1219/6/2 1058/6/2
f 1046/6/1 1047/6/1 1220/6/1 1221/6/1
f 1046/6/3 1221/6/3 1218/6/3 1217/6/3
f 1046/6/5 1217/6/5 1058/6/5 1047/6/5
f 1222/11/1 1067/11/1 1223/11/1 1224/11/1
f 1222/11/3 1224/11/3 1225/11/3 1226/11/3
f 1067/11/4 1061/11/4 1227/11/4 1223/11/4
f 1224/11/6 1223/11/6 1227/11/6 1225/11/6
f 1222/11/5 1226/11/5 1061/11/5 1067/11/5
f 1039/8/2 1228/8/2 1229/8/2 1230/8/2
f 1226/8/3 1225/8/3 1228/8/3 1039/8/3
f 1061/8/4 1230/8/4 1229/8/4 1227/8/4
f 1225/8/6 1227/8/6 1229/8/6 1228/8/6
f 1226/8/5 1039/8/5 1230/8/5 1061/8/5
f 1049/4/1 1056/4/1 1231/4/1 1232/4/1
f 1049/4/3 1232/4/3 1220/4/3 1047/4/3
f 1233/5/2 1234/5/2 1235/5/2 1073/5/2
f 1058/5/3 1219/5/3 1234/5/3 1233/5/3
f 1058/5/5 1233/5/5 1073/5/5 1059/5/5
f 1236/8/1 1237/8/1 1238/8/1 1239/8/1
f 1236/8/3 1239/8/3 1240/8/3 1241/8/3
f 1237/8/4 1078/8/4 1242/8/4 1238/8/4
f 1239/8/6 1238/8/6 1242/8/6 1240/8/6
f 1236/8/5 1241/8/5 1078/8/5 1237/8/5
f 1243/11/2 1244/11/2 1245/11/2 1079/11/2
f 1241/11/3 1240/11/3 1244/11/3 1243/11/3
f 1078/11/4 1079/11/4 1245/11/4 1242/11/4
f 1240/11/6 1242/11/6 1245/11/6 1244/11/6
f 1241/11/5 1243/11/5 1079/11/5 1078/11/5
f 1054/5/1 1071/5/1 1246/5/1 1247/5/1
f 1054/5/3 1247/5/3 1231/5/3 1056/5/3
f 1071/5/4 1087/5/4 1248/5/4 1246/5/4
f 1249/5/2 1250/5/2 1251/5/2 1252/5/2
f 1073/5/3 1235/5/3 1250/5/3 1249/5/3
f 1073/5/5 1249/5/5 1252/5/5 1074/5/5
f 1087/2/1 1086/2/1 1253/2/1 1248/2/1
f 1252/2/2 1251/2/2 1254/2/2 1255/2/2
f 1074/2/5 1252/2/5 1255/2/5 1090/2/5
f 1077/7/1 1256/7/1 1257/7/1 1258/7/1
f 1077/7/3 1258/7/3 1259/7/3 1082/7/3
f 1256/7/4 1260/7/4 1261/7/4 1257/7/4
f 1258/7/6 1257/7/6 1261/7/6 1259/7/6
f 1077/7/5 1082/7/5 1260/7/5 1256/7/5
f 1083/7/2 1262/7/2 1263/7/2 1264/7/2
f 1082/7/3 1259/7/3 1262/7/3 1083/7/3
f 1260/7/4 1264/7/4 1263/7/4 1261/7/4
f 1259/7/6 1261/7/6 1263/7/6 1262/7/6
f 1082/7/5 1083/7/5 1264/7/5 1260/7/5
f 1265/8/1 1266/8/1 1267/8/1 1268/8/1
f 1265/8/3 1268/8/3 1269/8/3 1270/8/3
f 1266/8/4 1271/8/4 1272/8/4 1267/8/4
f 1268/8/6 1267/8/6 1272/8/6 1269/8/6
f 1265/8/5 1270/8/5 1271/8/5 1266/8/5
f 1273/7/2 1274/7/2 1275/7/2 1276/7/2
f 1270/7/3 1269/7/3 1274/7/3 1273/7/3
f 1271/7/4 1276/7/4 1275/7/4 1272/7/4
f 1269/7/6 1272/7/6 1275/7/6 1274/7/6
f 1270/7/5 1273/7/5 1276/7/5 1271/7/5
f 1086/2/1 1092/2/1 1277/2/1 1253/2/1
f 1089/2/5 1088/2/5 1095/2/5 1091/2/5
f 1255/2/2 1254/2/2 1278/2/2 1279/2/2
f 1090/2/5 1255/2/5 1279/2/5 1093/2/5
f 1280/11/1 1281/11/1 1282/11/1 1283/11/1
f 1280/11/3 1283/11/3 1284/11/3 1285/11/3
f 1281/11/4 1286/11/4 1287/11/4 1282/11/4
f 1280/11/5 1285/11/5 1286/11/5 1281/11/5
f 1285/8/3 1284/8/3 1288/8/3 1289/8/3
f 1286/8/4 1290/8/4 1291/8/4 1287/8/4
f 1284/8/6 1287/8/6 1291/8/6 1288/8/6
f 1285/8/5 1289/8/5 1290/8/5 1286/8/5
f 1256/7/2 1257/7/2 1292/7/2 1293/7/2
f 1289/7/3 1288/7/3 1257/7/3 1256/7/3
f 1290/7/4 1293/7/4 1292/7/4 1291/7/4
f 1288/7/6 1291/7/6 1292/7/6 1257/7/6
f 1289/7/5 1256/7/5 1293/7/5 1290/7/5
f 1092/2/1 1294/2/1 1295/2/1 1277/2/1
f 1092/2/5 1091/2/5 1096/2/5 1294/2/5
f 1279/2/2 1278/2/2 1296/2/2 1297/2/2
f 1093/2/5 1279/2/5 1297/2/5 1098/2/5
f 1298/1/1 1299/1/1 1300/1/1 1301/1/1
f 1298/1/3 1301/1/3 1302/1/3 1303/1/3
f 1299/1/4 1304/1/4 1305/1/4 1300/1/4
f 1301/1/6 1300/1/6 1305/1/6 1302/1/6
f 1298/1/5 1303/1/5 1304/1/5 1299/1/5
f 1281/10/2 1282/10/2 1306/10/2 1307/10/2
f 1303/10/3 1302/10/3 1282/10/3 1281/10/3
f 1304/10/4 1307/10/4 1306/10/4 1305/10/4
f 1302/10/6 1305/10/6 1306/10/6 1282/10/6
f 1303/10/5 1281/10/5 1307/10/5 1304/10/5
f 1293/10/1 1308/10/1 1309/10/1 1292/10/1
f 1293/10/3 1292/10/3 1310/10/3 1311/10/3
f 1308/10/4 1312/10/4 1313/10/4 1309/10/4
f 1292/10/6 1309/10/6 1313/10/6 1310/10/6
f 1293/10/5 1311/10/5 1312/10/5 1308/10/5
f 1314/8/2 1315/8/2 1316/8/2 1317/8/2
f 1311/8/3 1310/8/3 1315/8/3 1314/8/3
f 1312/8/4 1317/8/4 1316/8/4 1313/8/4
f 1310/8/6 1313/8/6 1316/8/6 1315/8/6
f 1311/8/5 1314/8/5 1317/8/5 1312/8/5
f 1318/9/1 1319/9/1 1320/9/1 1321/9/1
f 1318/9/3 1321/9/3 1322/9/3 1323/9/3
f 1319/9/4 1324/9/4 1325/9/4 1320/9/4
f 1321/9/6 1320/9/6 1325/9/6 1322/9/6
f 1318/9/5 1323/9/5 1324/9/5 1319/9/5
f 1326/11/2 1327/11/2 1328/11/2 1329/11/2
f 1323/11/3 1322/11/3 1327/11/3 1326/11/3
f 1324/11/4 1329/11/4 1328/11/4 1325/11/4
f 1322/11/6 1325/11/6 1328/11/6 1327/11/6
f 1323/11/5 1326/11/5 1329/11/5 1324/11/5
f 1294/6/1 1330/6/1 1331/6/1 1295/6/1
f 1294/6/5 1096/6/5 1104/6/5 1330/6/5
f 1100/2/5 1098/2/5 1332/2/5 1101/2/5
f 1297/6/2 1296/6/2 1333/6/2 1334/6/2
f 1332/6/4 1334/6/4 1333/6/4 1335/6/4
f 1098/6/5 1297/6/5 1334/6/5 1332/6/5
f 1299/5/2 1300/5/2 1336/5/2 1337/5/2
f 1338/5/1 1339/5/1 1340/5/1 1341/5/1
f 1338/5/3 1341/5/3 1300/5/3 1299/5/3
f 1339/5/4 1337/5/4 1336/5/4 1340/5/4
f 1341/5/6 1340/5/6 1336/5/6 1300/5/6
f 1338/5/5 1299/5/5 1337/5/5 1339/5/5
f 1330/2/1 1114/2/1 1342/2/1 1331/2/1
f 1330/2/5 1104/2/5 1108/2/5 1114/2/5
f 1332/2/2 1335/2/2 1343/2/2 1344/2/2
f 1105/2/4 1344/2/4 1343/2/4 1345/2/4
f 1101/2/5 1332/2/5 1344/2/5 1105/2/5
f 1346/5/1 1126/5/1 1347/5/1 1348/5/1
f 1346/5/3 1348/5/3 1342/5/3 1114/5/3
f 1346/5/5 1114/5/5 1113/5/5 1126/5/5
f 1105/6/2 1345/6/2 1349/6/2 1350/6/2
f 1109/6/4 1350/6/4 1349/6/4 1351/6/4
f 1108/6/5 1105/6/5 1350/6/5 1109/6/5
f 1352/6/2 1353/6/2 1354/6/2 1355/6/2
f 1356/6/1 1357/6/1 1358/6/1 1359/6/1
f 1356/6/3 1359/6/3 1353/6/3 1352/6/3
f 1359/6/6 1358/6/6 1354/6/6 1353/6/6
f 1356/6/5 1352/6/5 1355/6/5 1357/6/5
f 1360/8/1 1129/8/1 1361/8/1 1362/8/1
f 1360/8/3 1362/8/3 1363/8/3 1120/8/3
f 1360/8/5 1120/8/5 1119/8/5 1129/8/5
f 1120/7/3 1363/7/3 1364/7/3 1116/7/3
f 1119/7/4 1117/7/4 1365/7/4 1366/7/4
f 1363/7/6 1366/7/6 1365/7/6 1364/7/6
f 1367/8/2 1368/8/2 1369/8/2 1130/8/2
f 1116/8/3 1364/8/3 1368/8/3 1367/8/3
f 1364/8/6 1365/8/6 1369/8/6 1368/8/6
f 1116/8/5 1367/8/5 1130/8/5 1117/8/5
f 1370/1/2 1371/1/2 1372/1/2 1373/1/2
f 1374/1/1 1375/1/1 1376/1/1 1377/1/1
f 1374/1/3 1377/1/3 1371/1/3 1370/1/3
f 1377/1/6 1376/1/6 1372/1/6 1371/1/6
f 1374/1/5 1370/1/5 1373/1/5 1375/1/5
f 1378/5/2 1379/5/2 1380/5/2 1381/5/2
f 1382/5/1 1142/5/1 1383/5/1 1384/5/1
f 1382/5/3 1384/5/3 1379/5/3 1378/5/3
f 1142/5/4 1381/5/4 1380/5/4 1383/5/4
f 1384/5/6 1383/5/6 1380/5/6 1379/5/6
f 1382/5/5 1378/5/5 1381/5/5 1142/5/5
f 1385/1/1 1147/1/1 1386/1/1 1387/1/1
f 1385/1/3 1387/1/3 1388/1/3 1389/1/3
f 1385/1/5 1389/1/5 1148/1/5 1147/1/5
f 1389/5/3 1388/5/3 1347/5/3 1126/5/3
f 1389/5/5 1126/5/5 1125/5/5 1148/5/5
f 1109/2/2 1351/2/2 1390/2/2 1391/2/2
f 1121/2/4 1391/2/4 1390/2/4 1392/2/4
f 1113/2/5 1109/2/5 1391/2/5 1121/2/5
f 1355/6/2 1354/6/2 1393/6/2 1394/6/2
f 1357/6/1 1395/6/1 1396/6/1 1358/6/1
f 1395/6/4 1394/6/4 1393/6/4 1396/6/4
f 1358/6/6 1396/6/6 1393/6/6 1354/6/6
f 1357/6/5 1355/6/5 1394/6/5 1395/6/5
f 1119/8/2 1366/8/2 1397/8/2 1127/8/2
f 1129/8/1 1128/8/1 1398/8/1 1361/8/1
f 1130/8/2 1369/8/2 1399/8/2 1131/8/2
f 1117/8/1 1132/8/1 1400/8/1 1365/8/1
f 1373/5/2 1372/5/2 1401/5/2 1159/5/2
f 1375/5/1 1402/5/1 1403/5/1 1376/5/1
f 1376/5/6 1403/5/6 1401/5/6 1372/5/6
f 1375/5/5 1373/5/5 1159/5/5 1402/5/5
f 1404/2/1 1160/2/1 1405/2/1 1406/2/1
f 1404/2/3 1406/2/3 1407/2/3 1136/2/3
f 1160/2/4 1135/2/4 1408/2/4 1405/2/4
f 1406/2/6 1405/2/6 1408/2/6 1407/2/6
f 1404/2/5 1136/2/5 1135/2/5 1160/2/5
f 1137/1/2 1409/1/2 1410/1/2 1140/1/2
f 1136/1/3 1407/1/3 1409/1/3 1137/1/3
f 1135/1/4 1140/1/4 1410/1/4 1408/1/4
f 1407/1/6 1408/1/6 1410/1/6 1409/1/6
f 1381/2/1 1167/2/1 1411/2/1 1380/2/1
f 1381/2/3 1380/2/3 1386/2/3 1147/2/3
f 1381/2/5 1147/2/5 1146/2/5 1167/2/5
f 1121/6/2 1392/6/2 1412/6/2 1413/6/2
f 1150/6/4 1413/6/4 1412/6/4 1414/6/4
f 1125/6/5 1121/6/5 1413/6/5 1150/6/5
f 1128/8/1 1152/8/1 1415/8/1 1398/8/1
f 1398/8/6 1415/8/6 1416/8/6 1397/8/6
f 1127/7/3 1397/7/3 1400/7/3 1132/7/3
f 1176/7/4 1177/7/4 1417/7/4 1416/7/4
f 1131/7/2 1399/7/2 1418/7/2 1155/7/2
f 1177/7/4 1155/7/4 1418/7/4 1417/7/4
f 1159/5/2 1401/5/2 1419/5/2 1158/5/2
f 1402/5/1 1184/5/1 1420/5/1 1403/5/1
f 1403/5/6 1420/5/6 1419/5/6 1401/5/6
f 1402/5/5 1159/5/5 1158/5/5 1184/5/5
f 1140/2/1 1187/2/1 1421/2/1 1410/2/1
f 1140/2/3 1410/2/3 1422/2/3 1143/2/3
f 1410/2/6 1421/2/6 1423/2/6 1422/2/6
f 1140/2/5 1143/2/5 1166/2/5 1187/2/5
f 1143/5/3 1422/5/3 1411/5/3 1167/5/3
f 1411/2/6 1424/2/6 1425/2/6 1426/2/6
f 1426/2/6 1425/2/6 1427/2/6 1428/2/6
f 1150/5/2 1414/5/2 1429/5/2 1170/5/2
f 1176/9/2 1416/9/2 1430/9/2 1174/9/2
f 1152/9/1 1173/9/1 1431/9/1 1415/9/1
f 1173/9/4 1174/9/4 1430/9/4 1431/9/4
f 1415/9/6 1431/9/6 1430/9/6 1416/9/6
f 1184/5/1 1183/5/1 1432/5/1 1420/5/1
f 1183/5/4 1180/5/4 1433/5/4 1432/5/4
f 1420/5/6 1432/5/6 1433/5/6 1419/5/6
f 1158/1/3 1419/1/3 1434/1/3 1163/1/3
f 1419/1/6 1433/1/6 1435/1/6 1434/1/6
f 1158/1/5 1163/1/5 1436/1/5 1180/1/5
f 1164/2/2 1437/2/2 1438/2/2 1186/2/2
f 1163/2/3 1434/2/3 1437/2/3 1164/2/3
f 1436/2/4 1186/2/4 1438/2/4 1435/2/4
f 1163/2/5 1164/2/5 1186/2/5 1436/2/5
f 1187/2/1 1190/2/1 1439/2/1 1421/2/1
f 1191/5/4 1192/5/4 1440/5/4 1441/5/4
f 1423/5/6 1441/5/6 1440/5/6 1424/5/6
f 1166/5/5 1169/5/5 1192/5/5 1191/5/5
f 1192/2/4 1195/2/4 1442/2/4 1440/2/4
f 1424/2/6 1440/2/6 1442/2/6 1425/2/6
f 1170/6/2 1429/6/2 1443/6/2 1444/6/2
f 1193/6/4 1444/6/4 1443/6/4 1445/6/4
f 1172/6/5 1170/6/5 1444/6/5 1193/6/5
f 1436/1/2 1435/1/2 1446/1/2 1447/1/2
f 1180/1/1 1448/1/1 1449/1/1 1433/1/1
f 1448/1/4 1447/1/4 1446/1/4 1449/1/4
f 1433/1/6 1449/1/6 1446/1/6 1435/1/6
f 1180/1/5 1436/1/5 1447/1/5 1448/1/5
f 1191/2/2 1441/2/2 1450/2/2 1199/2/2
f 1190/2/1 1451/2/1 1452/2/1 1439/2/1
f 1451/2/4 1199/2/4 1450/2/4 1452/2/4
f 1439/2/6 1452/2/6 1450/2/6 1441/2/6
f 1190/2/5 1191/2/5 1199/2/5 1451/2/5
f 1193/6/2 1445/6/2 1453/6/2 1454/6/2
f 1195/6/1 1202/6/1 1455/6/1 1442/6/1
f 1202/6/4 1454/6/4 1453/6/4 1455/6/4
f 1442/6/6 1455/6/6 1453/6/6 1445/6/6
f 1195/6/5 1193/6/5 1454/6/5 1202/6/5
f 1448/5/2 1449/5/2 1456/5/2 1457/5/2
f 1458/5/1 1459/5/1 1460/5/1 1461/5/1
f 1458/5/3 1461/5/3 1449/5/3 1448/5/3
f 1459/5/4 1457/5/4 1456/5/4 1460/5/4
f 1461/5/6 1460/5/6 1456/5/6 1449/5/6
f 1458/5/5 1448/5/5 1457/5/5 1459/5/5
f 1462/4/2 1463/4/2 1464/4/2 1465/4/2
f 1466/4/1 1467/4/1 1468/4/1 1469/4/1
f 1466/4/3 1469/4/3 1463/4/3 1462/4/3
f 1467/4/4 1465/4/4 1464/4/4 1468/4/4
f 1469/4/6 1468/4/6 1464/4/6 1463/4/6
f 1466/4/5 1462/4/5 1465/4/5 1467/4/5
f 1467/1/2 1468/1/2 1470/1/2 1471/1/2
f 1472/1/1 1473/1/1 1474/1/1 1475/1/1
f 1472/1/3 1475/1/3 1468/1/3 1467/1/3
f 1473/1/4 1471/1/4 1470/1/4 1474/1/4
f 1475/1/6 1474/1/6 1470/1/6 1468/1/6
f 1472/1/5 1467/1/5 1471/1/5 1473/1/5
f 1476/2/2 1477/2/2 1478/2/2 1479/2/2
f 1480/2/1 1481/2/1 1482/2/1 1483/2/1
f 1480/2/3 1483/2/3 1477/2/3 1476/2/3
f 1481/2/4 1479/2/4 1478/2/4 1482/2/4
f 1480/2/5 1476/2/5 1479/2/5 1481/2/5
f 1484/8/2 1485/8/2 1486/8/2 1214/8/2
f 1205/8/1 1206/8/1 1487/8/1 1488/8/1
f 1205/8/3 1488/8/3 1485/8/3 1484/8/3
f 1206/8/4 1214/8/4 1486/8/4 1487/8/4
f 1488/8/6 1487/8/6 1486/8/6 1485/8/6
f 1205/8/5 1484/8/5 1214/8/5 1206/8/5
f 1489/1/2 1490/1/2 1491/1/2 1218/1/2
f 1492/1/1 1221/1/1 1493/1/1 1494/1/1
f 1492/1/3 1494/1/3 1490/1/3 1489/1/3
f 1492/1/5 1489/1/5 1218/1/5 1221/1/5
f 1495/8/1 1224/8/1 1496/8/1 1497/8/1
f 1495/8/3 1497/8/3 1498/8/3 1499/8/3
f 1224/8/4 1225/8/4 1500/8/4 1496/8/4
f 1497/8/6 1496/8/6 1500/8/6 1498/8/6
f 1495/8/5 1499/8/5 1225/8/5 1224/8/5
f 1499/8/3 1498/8/3 1501/8/3 1502/8/3
f 1225/8/4 1228/8/4 1503/8/4 1500/8/4
f 1498/8/6 1500/8/6 1503/8/6 1501/8/6
f 1499/8/5 1502/8/5 1228/8/5 1225/8/5
f 1504/8/2 1505/8/2 1506/8/2 1507/8/2
f 1502/8/3 1501/8/3 1505/8/3 1504/8/3
f 1228/8/4 1507/8/4 1506/8/4 1503/8/4
f 1501/8/6 1503/8/6 1506/8/6 1505/8/6
f 1502/8/5 1504/8/5 1507/8/5 1228/8/5
f 1210/8/1 1209/8/1 1508/8/1 1509/8/1
f 1210/8/3 1509/8/3 1510/8/3 1207/8/3
f 1509/8/6 1508/8/6 1511/8/6 1510/8/6
f 1206/8/2 1487/8/2 1512/8/2 1212/8/2
f 1207/8/3 1510/8/3 1487/8/3 1206/8/3
f 1211/8/4 1212/8/4 1512/8/4 1511/8/4
f 1510/8/6 1511/8/6 1512/8/6 1487/8/6
f 1513/9/2 1514/9/2 1515/9/2 1516/9/2
f 1214/9/1 1215/9/1 1517/9/1 1486/9/1
f 1214/9/3 1486/9/3 1514/9/3 1513/9/3
f 1215/9/4 1516/9/4 1515/9/4 1517/9/4
f 1214/9/5 1513/9/5 1516/9/5 1215/9/5
f 1518/4/1 1232/4/1 1519/4/1 1520/4/1
f 1518/4/3 1520/4/3 1493/4/3 1221/4/3
f 1518/4/5 1221/4/5 1220/4/5 1232/4/5
f 1521/2/2 1522/2/2 1523/2/2 1234/2/2
f 1218/2/3 1491/2/3 1522/2/3 1521/2/3
f 1218/2/5 1521/2/5 1234/2/5 1219/2/5
f 1524/11/1 1239/11/1 1525/11/1 1526/11/1
f 1524/11/3 1526/11/3 1527/11/3 1528/11/3
f 1239/11/4 1240/11/4 1529/11/4 1525/11/4
f 1526/11/6 1525/11/6 1529/11/6 1527/11/6
f 1524/11/5 1528/11/5 1240/11/5 1239/11/5
f 1530/7/2 1531/7/2 1532/7/2 1244/7/2
f 1528/7/3 1527/7/3 1531/7/3 1530/7/3
f 1240/7/4 1244/7/4 1532/7/4 1529/7/4
f 1527/7/6 1529/7/6 1532/7/6 1531/7/6
f 1528/7/5 1530/7/5 1244/7/5 1240/7/5
f 1211/8/2 1511/8/2 1533/8/2 1534/8/2
f 1209/8/1 1535/8/1 1536/8/1 1508/8/1
f 1535/8/4 1534/8/4 1533/8/4 1536/8/4
f 1209/8/5 1211/8/5 1534/8/5 1535/8/5
f 1215/9/2 1517/9/2 1537/9/2 1538/9/2
f 1212/9/1 1539/9/1 1540/9/1 1512/9/1
f 1212/9/3 1512/9/3 1517/9/3 1215/9/3
f 1539/9/4 1538/9/4 1537/9/4 1540/9/4
f 1212/9/5 1215/9/5 1538/9/5 1539/9/5
f 1541/6/1 1247/6/1 1542/6/1 1543/6/1
f 1541/6/3 1543/6/3 1519/6/3 1232/6/3
f 1541/6/5 1232/6/5 1231/6/5 1247/6/5
f 1544/5/2 1545/5/2 1546/5/2 1250/5/2
f 1234/5/3 1523/5/3 1545/5/3 1544/5/3
f 1234/5/5 1544/5/5 1250/5/5 1235/5/5
f 1239/8/2 1525/8/2 1547/8/2 1238/8/2
f 1548/8/1 1549/8/1 1550/8/1 1551/8/1
f 1548/8/3 1551/8/3 1525/8/3 1239/8/3
f 1549/8/4 1238/8/4 1547/8/4 1550/8/4
f 1551/8/6 1550/8/6 1547/8/6 1525/8/6
f 1548/8/5 1239/8/5 1238/8/5 1549/8/5
f 1552/8/2 1553/8/2 1554/8/2 1555/8/2
f 1229/8/1 1556/8/1 1557/8/1 1558/8/1
f 1229/8/3 1558/8/3 1553/8/3 1552/8/3
f 1556/8/4 1555/8/4 1554/8/4 1557/8/4
f 1558/8/6 1557/8/6 1554/8/6 1553/8/6
f 1229/8/5 1552/8/5 1555/8/5 1556/8/5
f 1559/5/1 1560/5/1 1561/5/1 1562/5/1
f 1559/5/3 1562/5/3 1542/5/3 1247/5/3
f 1560/5/4 1246/5/4 1563/5/4 1561/5/4
f 1559/5/5 1247/5/5 1246/5/5 1560/5/5
f 1564/2/2 1565/2/2 1566/2/2 1567/2/2
f 1250/2/3 1546/2/3 1565/2/3 1564/2/3
f 1250/2/5 1564/2/5 1567/2/5 1251/2/5
f 1549/5/2 1550/5/2 1568/5/2 1569/5/2
f 1570/5/1 1571/5/1 1572/5/1 1573/5/1
f 1570/5/3 1573/5/3 1550/5/3 1549/5/3
f 1573/5/6 1572/5/6 1568/5/6 1550/5/6
f 1570/5/5 1549/5/5 1569/5/5 1571/5/5
f 1574/7/2 1575/7/2 1576/7/2 1274/7/2
f 1555/7/1 1269/7/1 1577/7/1 1554/7/1
f 1555/7/3 1554/7/3 1575/7/3 1574/7/3
f 1269/7/4 1274/7/4 1576/7/4 1577/7/4
f 1554/7/6 1577/7/6 1576/7/6 1575/7/6
f 1555/7/5 1574/7/5 1274/7/5 1269/7/5
f 1246/2/1 1578/2/1 1579/2/1 1563/2/1
f 1246/2/5 1248/2/5 1253/2/5 1578/2/5
f 1567/5/2 1566/5/2 1580/5/2 1581/5/2
f 1251/5/5 1567/5/5 1581/5/5 1254/5/5
f 1569/9/2 1568/9/2 1582/9/2 1284/9/2
f 1571/9/1 1283/9/1 1583/9/1 1572/9/1
f 1572/9/6 1583/9/6 1582/9/6 1568/9/6
f 1571/9/5 1569/9/5 1284/9/5 1283/9/5
f 1262/8/1 1263/8/1 1584/8/1 1585/8/1
f 1262/8/3 1585/8/3 1586/8/3 1587/8/3
f 1263/8/4 1588/8/4 1589/8/4 1584/8/4
f 1585/8/6 1584/8/6 1589/8/6 1586/8/6
f 1262/8/5 1587/8/5 1588/8/5 1263/8/5
f 1268/7/2 1590/7/2 1591/7/2 1267/7/2
f 1587/7/3 1586/7/3 1590/7/3 1268/7/3
f 1588/7/4 1267/7/4 1591/7/4 1589/7/4
f 1586/7/6 1589/7/6 1591/7/6 1590/7/6
f 1587/7/5 1268/7/5 1267/7/5 1588/7/5
f 1592/10/2 1593/10/2 1594/10/2 1595/10/2
f 1274/10/1 1275/10/1 1596/10/1 1576/10/1
f 1274/10/3 1576/10/3 1593/10/3 1592/10/3
f 1576/10/6 1596/10/6 1594/10/6 1593/10/6
f 1274/10/5 1592/10/5 1595/10/5 1275/10/5
f 1578/2/1 1597/2/1 1598/2/1 1579/2/1
f 1578/2/5 1253/2/5 1277/2/5 1597/2/5
f 1581/2/2 1580/2/2 1599/2/2 1600/2/2
f 1254/2/5 1581/2/5 1600/2/5 1278/2/5
f 1284/9/2 1582/9/2 1601/9/2 1287/9/2
f 1283/9/1 1282/9/1 1602/9/1 1583/9/1
f 1583/9/6 1602/9/6 1601/9/6 1582/9/6
f 1272/9/1 1322/9/1 1603/9/1 1604/9/1
f 1272/9/3 1604/9/3 1596/9/3 1275/9/3
f 1322/9/4 1327/9/4 1605/9/4 1603/9/4
f 1604/9/6 1603/9/6 1605/9/6 1596/9/6
f 1272/9/5 1275/9/5 1327/9/5 1322/9/5
f 1596/8/6 1605/8/6 1606/8/6 1594/8/6
f 1275/8/5 1595/8/5 1607/8/5 1327/8/5
f 1608/8/2 1609/8/2 1610/8/2 1611/8/2
f 1595/8/3 1594/8/3 1609/8/3 1608/8/3
f 1607/8/4 1611/8/4 1610/8/4 1606/8/4
f 1594/8/6 1606/8/6 1610/8/6 1609/8/6
f 1595/8/5 1608/8/5 1611/8/5 1607/8/5
f 1597/5/1 1612/5/1 1613/5/1 1598/5/1
f 1597/5/5 1277/5/5 1295/5/5 1612/5/5
f 1600/5/2 1599/5/2 1614/5/2 1341/5/2
f 1278/5/5 1600/5/5 1341/5/5 1296/5/5
f 1287/9/2 1601/9/2 1615/9/2 1616/9/2
f 1282/9/1 1306/9/1 1617/9/1 1602/9/1
f 1602/9/6 1617/9/6 1615/9/6 1601/9/6
f 1282/9/5 1287/9/5 1616/9/5 1306/9/5
f 1315/7/1 1316/7/1 1618/7/1 1619/7/1
f 1315/7/3 1619/7/3 1620/7/3 1621/7/3
f 1316/7/4 1622/7/4 1623/7/4 1618/7/4
f 1619/7/6 1618/7/6 1623/7/6 1620/7/6
f 1315/7/5 1621/7/5 1622/7/5 1316/7/5
f 1321/9/2 1624/9/2 1625/9/2 1320/9/2
f 1621/9/3 1620/9/3 1624/9/3 1321/9/3
f 1622/9/4 1320/9/4 1625/9/4 1623/9/4
f 1620/9/6 1623/9/6 1625/9/6 1624/9/6
f 1621/9/5 1321/9/5 1320/9/5 1622/9/5
f 1607/9/2 1606/9/2 1626/9/2 1627/9/2
f 1327/9/1 1328/9/1 1628/9/1 1605/9/1
f 1328/9/4 1627/9/4 1626/9/4 1628/9/4
f 1605/9/6 1628/9/6 1626/9/6 1606/9/6
f 1327/9/5 1607/9/5 1627/9/5 1328/9/5
f 1612/6/1 1629/6/1 1630/6/1 1613/6/1
f 1612/6/5 1295/6/5 1331/6/5 1629/6/5
f 1341/2/2 1614/2/2 1631/2/2 1340/2/2
f 1333/2/4 1340/2/4 1631/2/4 1632/2/4
f 1296/2/5 1341/2/5 1340/2/5 1333/2/5
f 1616/9/2 1615/9/2 1633/9/2 1634/9/2
f 1306/9/1 1635/9/1 1636/9/1 1617/9/1
f 1635/9/4 1634/9/4 1633/9/4 1636/9/4
f 1617/9/6 1636/9/6 1633/9/6 1615/9/6
f 1306/9/5 1616/9/5 1634/9/5 1635/9/5
f 1328/10/2 1628/10/2 1637/10/2 1638/10/2
f 1325/10/1 1639/10/1 1640/10/1 1641/10/1
f 1325/10/3 1641/10/3 1628/10/3 1328/10/3
f 1639/10/4 1638/10/4 1637/10/4 1640/10/4
f 1641/10/6 1640/10/6 1637/10/6 1628/10/6
f 1325/10/5 1328/10/5 1638/10/5 1639/10/5
f 1629/2/1 1348/2/1 1642/2/1 1630/2/1
f 1629/2/5 1331/2/5 1342/2/5 1348/2/5
f 1333/5/2 1632/5/2 1643/5/2 1644/5/2
f 1343/5/4 1644/5/4 1643/5/4 1645/5/4
f 1335/5/5 1333/5/5 1644/5/5 1343/5/5
f 1336/2/2 1646/2/2 1647/2/2 1353/2/2
f 1340/2/1 1359/2/1 1648/2/1 1631/2/1
f 1340/2/3 1631/2/3 1646/2/3 1336/2/3
f 1359/2/4 1353/2/4 1647/2/4 1648/2/4
f 1631/2/6 1648/2/6 1647/2/6 1646/2/6
f 1340/2/5 1336/2/5 1353/2/5 1359/2/5
f 1649/8/1 1362/8/1 1650/8/1 1651/8/1
f 1649/8/3 1651/8/3 1652/8/3 1653/8/3
f 1649/8/5 1653/8/5 1363/8/5 1362/8/5
f 1653/7/3 1652/7/3 1654/7/3 1655/7/3
f 1363/7/4 1364/7/4 1656/7/4 1657/7/4
f 1652/7/6 1657/7/6 1656/7/6 1654/7/6
f 1653/7/5 1655/7/5 1364/7/5 1363/7/5
f 1655/8/3 1654/8/3 1658/8/3 1659/8/3
f 1364/8/4 1368/8/4 1660/8/4 1656/8/4
f 1654/8/6 1656/8/6 1660/8/6 1658/8/6
f 1655/8/5 1659/8/5 1368/8/5 1364/8/5
f 1639/8/2 1640/8/2 1661/8/2 1662/8/2
f 1659/8/3 1658/8/3 1640/8/3 1639/8/3
f 1658/8/6 1660/8/6 1661/8/6 1640/8/6
f 1659/8/5 1639/8/5 1662/8/5 1368/8/5
f 1663/9/1 1664/9/1 1665/9/1 1666/9/1
f 1663/9/3 1666/9/3 1667/9/3 1668/9/3
f 1664/9/4 1669/9/4 1670/9/4 1665/9/4
f 1666/9/6 1665/9/6 1670/9/6 1667/9/6
f 1663/9/5 1668/9/5 1669/9/5 1664/9/5
f 1671/9/2 1672/9/2 1673/9/2 1674/9/2
f 1668/9/3 1667/9/3 1672/9/3 1671/9/3
f 1669/9/4 1674/9/4 1673/9/4 1670/9/4
f 1667/9/6 1670/9/6 1673/9/6 1672/9/6
f 1668/9/5 1671/9/5 1674/9/5 1669/9/5
f 1675/1/2 1676/1/2 1677/1/2 1371/1/2
f 1678/1/1 1377/1/1 1679/1/1 1680/1/1
f 1678/1/3 1680/1/3 1676/1/3 1675/1/3
f 1377/1/4 1371/1/4 1677/1/4 1679/1/4
f 1680/1/6 1679/1/6 1677/1/6 1676/1/6
f 1678/1/5 1675/1/5 1371/1/5 1377/1/5
f 1681/5/2 1682/5/2 1683/5/2 1387/5/2
f 1684/5/1 1379/5/1 1685/5/1 1686/5/1
f 1684/5/3 1686/5/3 1682/5/3 1681/5/3
f 1379/5/4 1387/5/4 1683/5/4 1685/5/4
f 1686/5/6 1685/5/6 1683/5/6 1682/5/6
f 1684/5/5 1681/5/5 1387/5/5 1379/5/5
f 1687/6/1 1388/6/1 1688/6/1 1689/6/1
f 1687/6/3 1689/6/3 1642/6/3 1348/6/3
f 1687/6/5 1348/6/5 1347/6/5 1388/6/5
f 1343/1/2 1645/1/2 1690/1/2 1691/1/2
f 1349/1/4 1691/1/4 1690/1/4 1692/1/4
f 1345/1/5 1343/1/5 1691/1/5 1349/1/5
f 1363/8/2 1657/8/2 1693/8/2 1366/8/2
f 1362/8/1 1361/8/1 1694/8/1 1650/8/1
f 1662/8/2 1661/8/2 1695/8/2 1696/8/2
f 1368/8/1 1369/8/1 1697/8/1 1660/8/1
f 1660/8/6 1697/8/6 1695/8/6 1661/8/6
f 1368/8/5 1662/8/5 1696/8/5 1369/8/5
f 1698/8/1 1699/8/1 1700/8/1 1701/8/1
f 1698/8/3 1701/8/3 1702/8/3 1703/8/3
f 1699/8/4 1704/8/4 1705/8/4 1700/8/4
f 1701/8/6 1700/8/6 1705/8/6 1702/8/6
f 1698/8/5 1703/8/5 1704/8/5 1699/8/5
f 1664/9/2 1665/9/2 1706/9/2 1707/9/2
f 1703/9/3 1702/9/3 1665/9/3 1664/9/3
f 1704/9/4 1707/9/4 1706/9/4 1705/9/4
f 1702/9/6 1705/9/6 1706/9/6 1665/9/6
f 1703/9/5 1664/9/5 1707/9/5 1704/9/5
f 1708/5/2 1709/5/2 1710/5/2 1406/5/2
f 1371/5/1 1372/5/1 1711/5/1 1677/5/1
f 1371/5/3 1677/5/3 1709/5/3 1708/5/3
f 1677/5/6 1711/5/6 1710/5/6 1709/5/6
f 1371/5/5 1708/5/5 1406/5/5 1372/5/5
f 1387/2/1 1386/2/1 1712/2/1 1683/2/1
f 1387/2/3 1683/2/3 1688/2/3 1388/2/3
f 1349/4/2 1692/4/2 1713/4/2 1714/4/2
f 1390/4/4 1714/4/4 1713/4/4 1715/4/4
f 1351/4/5 1349/4/5 1714/4/5 1390/4/5
f 1366/8/2 1693/8/2 1716/8/2 1397/8/2
f 1361/8/1 1398/8/1 1717/8/1 1694/8/1
f 1398/8/4 1397/8/4 1716/8/4 1717/8/4
f 1365/8/1 1400/8/1 1718/8/1 1719/8/1
f 1365/8/3 1719/8/3 1697/8/3 1369/8/3
f 1719/8/6 1718/8/6 1720/8/6 1697/8/6
f 1696/8/2 1695/8/2 1721/8/2 1722/8/2
f 1399/8/4 1722/8/4 1721/8/4 1720/8/4
f 1369/8/5 1696/8/5 1722/8/5 1399/8/5
f 1406/2/2 1710/2/2 1723/2/2 1405/2/2
f 1372/2/1 1401/2/1 1724/2/1 1711/2/1
f 1711/2/6 1724/2/6 1723/2/6 1710/2/6
f 1372/2/5 1406/2/5 1405/2/5 1401/2/5
f 1383/4/2 1725/4/2 1726/4/2 1422/4/2
f 1409/4/1 1410/4/1 1727/4/1 1728/4/1
f 1409/4/3 1728/4/3 1725/4/3 1383/4/3
f 1410/4/4 1422/4/4 1726/4/4 1727/4/4
f 1728/4/6 1727/4/6 1726/4/6 1725/4/6
f 1409/4/5 1383/4/5 1422/4/5 1410/4/5
f 1380/2/1 1411/2/1 1729/2/1 1730/2/1
f 1380/2/3 1730/2/3 1712/2/3 1386/2/3
f 1411/2/4 1426/2/4 1731/2/4 1729/2/4
f 1730/2/6 1729/2/6 1731/2/6 1712/2/6
f 1426/2/4 1428/2/4 1732/2/4 1731/2/4
f 1712/2/6 1731/2/6 1732/2/6 1733/2/6
f 1390/2/2 1715/2/2 1734/2/2 1735/2/2
f 1412/2/4 1735/2/4 1734/2/4 1736/2/4
f 1392/2/5 1390/2/5 1735/2/5 1412/2/5
f 1393/6/2 1737/6/2 1738/6/2 1739/6/2
f 1396/6/1 1740/6/1 1741/6/1 1742/6/1
f 1396/6/3 1742/6/3 1737/6/3 1393/6/3
f 1742/6/6 1741/6/6 1738/6/6 1737/6/6
f 1396/6/5 1393/6/5 1739/6/5 1740/6/5
f 1397/7/1 1416/7/1 1743/7/1 1716/7/1
f 1397/7/3 1716/7/3 1718/7/3 1400/7/3
f 1416/7/4 1417/7/4 1744/7/4 1743/7/4
f 1716/7/6 1743/7/6 1744/7/6 1718/7/6
f 1399/8/2 1720/8/2 1745/8/2 1418/8/2
f 1417/8/4 1418/8/4 1745/8/4 1744/8/4
f 1718/8/6 1744/8/6 1745/8/6 1720/8/6
f 1405/5/2 1723/5/2 1746/5/2 1434/5/2
f 1401/5/1 1419/5/1 1747/5/1 1724/5/1
f 1419/5/4 1434/5/4 1746/5/4 1747/5/4
f 1724/5/6 1747/5/6 1746/5/6 1723/5/6
f 1401/5/5 1405/5/5 1434/5/5 1419/5/5
f 1410/4/2 1727/4/2 1748/4/2 1421/4/2
f 1408/4/1 1437/4/1 1749/4/1 1750/4/1
f 1408/4/3 1750/4/3 1727/4/3 1410/4/3
f 1750/4/6 1749/4/6 1748/4/6 1727/4/6
f 1408/4/5 1410/4/5 1421/4/5 1437/4/5
f 1411/2/2 1729/2/2 1751/2/2 1424/2/2
f 1422/2/1 1423/2/1 1752/2/1 1726/2/1
f 1422/2/3 1726/2/3 1729/2/3 1411/2/3
f 1423/2/4 1424/2/4 1751/2/4 1752/2/4
f 1726/2/6 1752/2/6 1751/2/6 1729/2/6
f 1428/2/1 1427/2/1 1753/2/1 1732/2/1
f 1732/2/6 1753/2/6 1754/2/6 1755/2/6
f 1412/4/2 1736/4/2 1756/4/2 1757/4/2
f 1429/4/4 1757/4/4 1756/4/4 1754/4/4
f 1414/4/5 1412/4/5 1757/4/5 1429/4/5
f 1739/5/2 1738/5/2 1758/5/2 1759/5/2
f 1740/5/1 1760/5/1 1761/5/1 1741/5/1
f 1760/5/4 1759/5/4 1758/5/4 1761/5/4
f 1741/5/6 1761/5/6 1758/5/6 1738/5/6
f 1740/5/5 1739/5/5 1759/5/5 1760/5/5
f 1434/5/1 1435/5/1 1762/5/1 1746/5/1
f 1434/5/3 1746/5/3 1749/5/3 1437/5/3
f 1746/5/6 1762/5/6 1763/5/6 1749/5/6
f 1438/2/4 1439/2/4 1764/2/4 1763/2/4
f 1437/2/5 1421/2/5 1439/2/5 1438/2/5
f 1423/2/2 1752/2/2 1765/2/2 1441/2/2
f 1421/2/3 1748/2/3 1752/2/3 1423/2/3
f 1439/2/4 1441/2/4 1765/2/4 1764/2/4
f 1748/2/6 1764/2/6 1765/2/6 1752/2/6
f 1425/2/1 1442/2/1 1766/2/1 1767/2/1
f 1425/2/3 1767/2/3 1753/2/3 1427/2/3
f 1442/2/4 1445/2/4 1768/2/4 1766/2/4
f 1767/2/6 1766/2/6 1768/2/6 1753/2/6
f 1429/5/2 1754/5/2 1769/5/2 1443/5/2
f 1445/5/4 1443/5/4 1769/5/4 1768/5/4
f 1753/5/6 1768/5/6 1769/5/6 1754/5/6
f 1433/2/2 1770/2/2 1771/2/2 1449/2/2
f 1432/2/1 1461/2/1 1772/2/1 1773/2/1
f 1432/2/3 1773/2/3 1770/2/3 1433/2/3
f 1461/2/4 1449/2/4 1771/2/4 1772/2/4
f 1773/2/6 1772/2/6 1771/2/6 1770/2/6
f 1432/2/5 1433/2/5 1449/2/5 1461/2/5
f 1438/2/2 1763/2/2 1774/2/2 1775/2/2
f 1435/2/1 1446/2/1 1776/2/1 1762/2/1
f 1435/2/5 1438/2/5 1775/2/5 1446/2/5
f 1441/2/1 1450/2/1 1777/2/1 1765/2/1
f 1441/2/3 1765/2/3 1778/2/3 1440/2/3
f 1450/2/4 1779/2/4 1780/2/4 1777/2/4
f 1765/2/6 1777/2/6 1780/2/6 1778/2/6
f 1441/2/5 1440/2/5 1779/2/5 1450/2/5
f 1442/1/2 1766/1/2 1781/1/2 1455/1/2
f 1440/1/3 1778/1/3 1766/1/3 1442/1/3
f 1779/1/4 1455/1/4 1781/1/4 1780/1/4
f 1778/1/6 1780/1/6 1781/1/6 1766/1/6
f 1440/1/5 1442/1/5 1455/1/5 1779/1/5
f 1446/1/1 1782/1/1 1783/1/1 1776/1/1
f 1782/1/4 1784/1/4 1785/1/4 1783/1/4
f 1776/1/6 1783/1/6 1785/1/6 1774/1/6
f 1446/1/5 1775/1/5 1784/1/5 1782/1/5
f 1775/5/3 1774/5/3 1786/5/3 1452/5/3
f 1784/5/4 1787/5/4 1788/5/4 1785/5/4
f 1774/5/6 1785/5/6 1788/5/6 1786/5/6
f 1775/5/5 1452/5/5 1787/5/5 1784/5/5
f 1450/5/2 1777/5/2 1789/5/2 1790/5/2
f 1452/5/3 1786/5/3 1777/5/3 1450/5/3
f 1787/5/4 1790/5/4 1789/5/4 1788/5/4
f 1786/5/6 1788/5/6 1789/5/6 1777/5/6
f 1452/5/5 1450/5/5 1790/5/5 1787/5/5
f 1782/6/2 1783/6/2 1791/6/2 1463/6/2
f 1456/6/1 1469/6/1 1792/6/1 1793/6/1
f 1456/6/3 1793/6/3 1783/6/3 1782/6/3
f 1469/6/4 1463/6/4 1791/6/4 1792/6/4
f 1793/6/6 1792/6/6 1791/6/6 1783/6/6
f 1456/6/5 1782/6/5 1463/6/5 1469/6/5
f 1469/2/2 1792/2/2 1794/2/2 1468/2/2
f 1795/2/1 1475/2/1 1796/2/1 1797/2/1
f 1795/2/3 1797/2/3 1792/2/3 1469/2/3
f 1475/2/4 1468/2/4 1794/2/4 1796/2/4
f 1797/2/6 1796/2/6 1794/2/6 1792/2/6
f 1795/2/5 1469/2/5 1468/2/5 1475/2/5
f 1798/5/2 1799/5/2 1800/5/2 1477/5/2
f 1801/5/1 1483/5/1 1802/5/1 1803/5/1
f 1801/5/3 1803/5/3 1799/5/3 1798/5/3
f 1801/5/5 1798/5/5 1477/5/5 1483/5/5
f 1804/2/1 1805/2/1 1806/2/1 1807/2/1
f 1804/2/3 1807/2/3 1802/2/3 1483/2/3
f 1804/2/5 1483/2/5 1482/2/5 1805/2/5
f 1482/2/4 1478/2/4 1808/2/4 1809/2/4
f 1810/2/2 1811/2/2 1812/2/2 1813/2/2
f 1477/2/3 1800/2/3 1811/2/3 1810/2/3
f 1478/2/4 1813/2/4 1812/2/4 1808/2/4
f 1477/2/5 1810/2/5 1813/2/5 1478/2/5
f 1482/2/2 1809/2/2 1814/2/2 1815/2/2
f 1805/2/1 1816/2/1 1817/2/1 1806/2/1
f 1816/2/4 1815/2/4 1814/2/4 1817/2/4
f 1805/2/5 1482/2/5 1815/2/5 1816/2/5
f 1818/6/2 1819/6/2 1820/6/2 1490/6/2
f 1821/6/1 1494/6/1 1822/6/1 1823/6/1
f 1821/6/3 1823/6/3 1819/6/3 1818/6/3
f 1821/6/5 1818/6/5 1490/6/5 1494/6/5
f 1824/9/1 1498/9/1 1825/9/1 1826/9/1
f 1824/9/3 1826/9/3 1827/9/3 1828/9/3
f 1498/9/4 1501/9/4 1829/9/4 1825/9/4
f 1826/9/6 1825/9/6 1829/9/6 1827/9/6
f 1824/9/5 1828/9/5 1501/9/5 1498/9/5
f 1828/11/3 1827/11/3 1830/11/3 1831/11/3
f 1501/11/4 1505/11/4 1832/11/4 1829/11/4
f 1827/11/6 1829/11/6 1832/11/6 1830/11/6
f 1828/11/5 1831/11/5 1505/11/5 1501/11/5
f 1831/11/3 1830/11/3 1833/11/3 1834/11/3
f 1505/11/4 1509/11/4 1835/11/4 1832/11/4
f 1830/11/6 1832/11/6 1835/11/6 1833/11/6
f 1831/11/5 1834/11/5 1509/11/5 1505/11/5
f 1834/9/3 1833/9/3 1836/9/3 1837/9/3
f 1509/9/4 1510/9/4 1838/9/4 1835/9/4
f 1833/9/6 1835/9/6 1838/9/6 1836/9/6
f 1834/9/5 1837/9/5 1510/9/5 1509/9/5
f 1488/11/2 1839/11/2 1840/11/2 1487/11/2
f 1837/11/3 1836/11/3 1839/11/3 1488/11/3
f 1510/11/4 1487/11/4 1840/11/4 1838/11/4
f 1836/11/6 1838/11/6 1840/11/6 1839/11/6
f 1837/11/5 1488/11/5 1487/11/5 1510/11/5
f 1841/5/1 1520/5/1 1842/5/1 1843/5/1
f 1841/5/3 1843/5/3 1822/5/3 1494/5/3
f 1841/5/5 1494/5/5 1493/5/5 1520/5/5
f 1844/5/2 1845/5/2 1846/5/2 1522/5/2
f 1490/5/3 1820/5/3 1845/5/3 1844/5/3
f 1490/5/5 1844/5/5 1522/5/5 1491/5/5
f 1847/8/1 1527/8/1 1848/8/1 1849/8/1
f 1847/8/3 1849/8/3 1850/8/3 1851/8/3
f 1527/8/4 1531/8/4 1852/8/4 1848/8/4
f 1847/8/5 1851/8/5 1531/8/5 1527/8/5
f 1497/7/2 1853/7/2 1854/7/2 1496/7/2
f 1851/7/3 1850/7/3 1853/7/3 1497/7/3
f 1531/7/4 1496/7/4 1854/7/4 1852/7/4
f 1850/7/6 1852/7/6 1854/7/6 1853/7/6
f 1851/7/5 1497/7/5 1496/7/5 1531/7/5
f 1514/11/2 1855/11/2 1856/11/2 1515/11/2
f 1486/11/1 1517/11/1 1857/11/1 1858/11/1
f 1486/11/3 1858/11/3 1855/11/3 1514/11/3
f 1859/2/1 1543/2/1 1860/2/1 1861/2/1
f 1859/2/3 1861/2/3 1842/2/3 1520/2/3
f 1859/2/5 1520/2/5 1519/2/5 1543/2/5
f 1862/5/2 1863/5/2 1864/5/2 1545/5/2
f 1522/5/3 1846/5/3 1863/5/3 1862/5/3
f 1522/5/5 1862/5/5 1545/5/5 1523/5/5
f 1865/2/1 1866/2/1 1867/2/1 1868/2/1
f 1865/2/3 1868/2/3 1869/2/3 1870/2/3
f 1866/2/4 1871/2/4 1872/2/4 1867/2/4
f 1868/2/6 1867/2/6 1872/2/6 1869/2/6
f 1865/2/5 1870/2/5 1871/2/5 1866/2/5
f 1870/2/3 1869/2/3 1873/2/3 1874/2/3
f 1871/2/4 1875/2/4 1876/2/4 1872/2/4
f 1869/2/6 1872/2/6 1876/2/6 1873/2/6
f 1870/2/5 1874/2/5 1875/2/5 1871/2/5
f 1877/2/2 1878/2/2 1879/2/2 1880/2/2
f 1874/2/3 1873/2/3 1878/2/3 1877/2/3
f 1875/2/4 1880/2/4 1879/2/4 1876/2/4
f 1873/2/6 1876/2/6 1879/2/6 1878/2/6
f 1874/2/5 1877/2/5 1880/2/5 1875/2/5
f 1506/11/1 1553/11/1 1881/11/1 1882/11/1
f 1506/11/3 1882/11/3 1883/11/3 1508/11/3
f 1506/11/5 1508/11/5 1536/11/5 1553/11/5
f 1508/8/3 1883/8/3 1884/8/3 1511/8/3
f 1536/8/4 1533/8/4 1885/8/4 1886/8/4
f 1883/8/6 1886/8/6 1885/8/6 1884/8/6
f 1511/11/3 1884/11/3 1887/11/3 1512/11/3
f 1533/11/4 1540/11/4 1888/11/4 1885/11/4
f 1884/11/6 1885/11/6 1888/11/6 1887/11/6
f 1511/11/5 1512/11/5 1540/11/5 1533/11/5
f 1512/9/3 1887/9/3 1857/9/3 1517/9/3
f 1540/9/4 1537/9/4 1889/9/4 1888/9/4
f 1887/9/6 1888/9/6 1889/9/6 1857/9/6
f 1515/11/2 1856/11/2 1890/11/2 1891/11/2
f 1537/11/4 1891/11/4 1890/11/4 1889/11/4
f 1857/11/6 1889/11/6 1890/11/6 1856/11/6
f 1517/11/5 1515/11/5 1891/11/5 1537/11/5
f 1892/5/1 1562/5/1 1893/5/1 1894/5/1
f 1892/5/3 1894/5/3 1860/5/3 1543/5/3
f 1892/5/5 1543/5/5 1542/5/5 1562/5/5
f 1866/2/2 1867/2/2 1895/2/2 1565/2/2
f 1545/2/3 1864/2/3 1867/2/3 1866/2/3
f 1545/2/5 1866/2/5 1565/2/5 1546/2/5
f 1551/1/2 1896/1/2 1897/1/2 1550/1/2
f 1880/1/1 1573/1/1 1898/1/1 1879/1/1
f 1880/1/3 1879/1/3 1896/1/3 1551/1/3
f 1573/1/4 1550/1/4 1897/1/4 1898/1/4
f 1879/1/6 1898/1/6 1897/1/6 1896/1/6
f 1880/1/5 1551/1/5 1550/1/5 1573/1/5
f 1536/8/2 1886/8/2 1899/8/2 1575/8/2
f 1553/8/1 1554/8/1 1900/8/1 1881/8/1
f 1554/8/4 1575/8/4 1899/8/4 1900/8/4
f 1881/8/6 1900/8/6 1899/8/6 1886/8/6
f 1553/8/5 1536/8/5 1575/8/5 1554/8/5
f 1901/2/1 1902/2/1 1903/2/1 1904/2/1
f 1901/2/3 1904/2/3 1893/2/3 1562/2/3
f 1902/2/4 1561/2/4 1905/2/4 1903/2/4
f 1901/2/5 1562/2/5 1561/2/5 1902/2/5
f 1906/4/2 1907/4/2 1908/4/2 1909/4/2
f 1565/4/3 1895/4/3 1907/4/3 1906/4/3
f 1565/4/5 1906/4/5 1909/4/5 1566/4/5
f 1550/10/1 1568/10/1 1910/10/1 1897/10/1
f 1550/10/3 1897/10/3 1911/10/3 1547/10/3
f 1568/10/4 1912/10/4 1913/10/4 1910/10/4
f 1897/10/6 1910/10/6 1913/10/6 1911/10/6
f 1550/10/5 1547/10/5 1912/10/5 1568/10/5
f 1914/9/2 1915/9/2 1916/9/2 1917/9/2
f 1547/9/3 1911/9/3 1915/9/3 1914/9/3
f 1912/9/4 1917/9/4 1916/9/4 1913/9/4
f 1911/9/6 1913/9/6 1916/9/6 1915/9/6
f 1547/9/5 1914/9/5 1917/9/5 1912/9/5
f 1575/8/1 1576/8/1 1918/8/1 1899/8/1
f 1575/8/3 1899/8/3 1919/8/3 1920/8/3
f 1576/8/4 1593/8/4 1921/8/4 1918/8/4
f 1899/8/6 1918/8/6 1921/8/6 1919/8/6
f 1575/8/5 1920/8/5 1593/8/5 1576/8/5
f 1922/11/2 1923/11/2 1924/11/2 1925/11/2
f 1920/11/3 1919/11/3 1923/11/3 1922/11/3
f 1593/11/4 1925/11/4 1924/11/4 1921/11/4
f 1919/11/6 1921/11/6 1924/11/6 1923/11/6
f 1920/11/5 1922/11/5 1925/11/5 1593/11/5
f 1561/2/1 1926/2/1 1927/2/1 1905/2/1
f 1561/2/5 1563/2/5 1579/2/5 1926/2/5
f 1909/2/2 1908/2/2 1928/2/2 1929/2/2
f 1566/2/5 1909/2/5 1929/2/5 1580/2/5
f 1917/9/1 1930/9/1 1931/9/1 1916/9/1
f 1917/9/3 1916/9/3 1932/9/3 1933/9/3
f 1930/9/4 1934/9/4 1935/9/4 1931/9/4
f 1916/9/6 1931/9/6 1935/9/6 1932/9/6
f 1917/9/5 1933/9/5 1934/9/5 1930/9/5
f 1585/8/2 1936/8/2 1937/8/2 1584/8/2
f 1933/8/3 1932/8/3 1936/8/3 1585/8/3
f 1934/8/4 1584/8/4 1937/8/4 1935/8/4
f 1932/8/6 1935/8/6 1937/8/6 1936/8/6
f 1933/8/5 1585/8/5 1584/8/5 1934/8/5
f 1938/10/2 1939/10/2 1940/10/2 1941/10/2
f 1925/10/1 1609/10/1 1942/10/1 1924/10/1
f 1925/10/3 1924/10/3 1939/10/3 1938/10/3
f 1609/10/4 1941/10/4 1940/10/4 1942/10/4
f 1924/10/6 1942/10/6 1940/10/6 1939/10/6
f 1925/10/5 1938/10/5 1941/10/5 1609/10/5
f 1926/2/1 1943/2/1 1944/2/1 1927/2/1
f 1926/2/5 1579/2/5 1598/2/5 1943/2/5
f 1929/5/2 1928/5/2 1945/5/2 1946/5/2
f 1580/5/5 1929/5/5 1946/5/5 1599/5/5
f 1589/7/1 1620/7/1 1947/7/1 1948/7/1
f 1589/7/3 1948/7/3 1949/7/3 1591/7/3
f 1620/7/4 1624/7/4 1950/7/4 1947/7/4
f 1948/7/6 1947/7/6 1950/7/6 1949/7/6
f 1589/7/5 1591/7/5 1624/7/5 1620/7/5
f 1604/9/2 1951/9/2 1952/9/2 1603/9/2
f 1591/9/3 1949/9/3 1951/9/3 1604/9/3
f 1624/9/4 1603/9/4 1952/9/4 1950/9/4
f 1949/9/6 1950/9/6 1952/9/6 1951/9/6
f 1591/9/5 1604/9/5 1603/9/5 1624/9/5
f 1953/7/2 1954/7/2 1955/7/2 1956/7/2
f 1941/7/1 1957/7/1 1958/7/1 1940/7/1
f 1941/7/3 1940/7/3 1954/7/3 1953/7/3
f 1957/7/4 1956/7/4 1955/7/4 1958/7/4
f 1940/7/6 1958/7/6 1955/7/6 1954/7/6
f 1941/7/5 1953/7/5 1956/7/5 1957/7/5
f 1943/2/1 1959/2/1 1960/2/1 1944/2/1
f 1943/2/5 1598/2/5 1613/2/5 1959/2/5
f 1946/2/2 1945/2/2 1961/2/2 1962/2/2
f 1599/2/5 1946/2/5 1962/2/5 1614/2/5
f 1963/8/1 1964/8/1 1965/8/1 1966/8/1
f 1963/8/3 1966/8/3 1967/8/3 1968/8/3
f 1964/8/4 1969/8/4 1970/8/4 1965/8/4
f 1966/8/6 1965/8/6 1970/8/6 1967/8/6
f 1963/8/5 1968/8/5 1969/8/5 1964/8/5
f 1619/8/2 1971/8/2 1972/8/2 1618/8/2
f 1968/8/3 1967/8/3 1971/8/3 1619/8/3
f 1967/8/6 1970/8/6 1972/8/6 1971/8/6
f 1968/8/5 1619/8/5 1618/8/5 1969/8/5
f 1957/7/2 1958/7/2 1973/7/2 1974/7/2
f 1610/7/1 1975/7/1 1976/7/1 1977/7/1
f 1610/7/3 1977/7/3 1958/7/3 1957/7/3
f 1975/7/4 1974/7/4 1973/7/4 1976/7/4
f 1977/7/6 1976/7/6 1973/7/6 1958/7/6
f 1610/7/5 1957/7/5 1974/7/5 1975/7/5
f 1959/5/1 1978/5/1 1979/5/1 1960/5/1
f 1959/5/5 1613/5/5 1630/5/5 1978/5/5
f 1962/2/2 1961/2/2 1980/2/2 1646/2/2
f 1631/2/4 1646/2/4 1980/2/4 1981/2/4
f 1614/2/5 1962/2/5 1646/2/5 1631/2/5
f 1969/8/1 1651/8/1 1982/8/1 1970/8/1
f 1969/8/5 1618/8/5 1652/8/5 1651/8/5
f 1623/8/2 1983/8/2 1984/8/2 1654/8/2
f 1618/8/3 1972/8/3 1983/8/3 1623/8/3
f 1652/8/4 1654/8/4 1984/8/4 1985/8/4
f 1618/8/5 1623/8/5 1654/8/5 1652/8/5
f 1628/7/1 1637/7/1 1986/7/1 1987/7/1
f 1628/7/3 1987/7/3 1988/7/3 1626/7/3
f 1637/7/4 1989/7/4 1990/7/4 1986/7/4
f 1987/7/6 1986/7/6 1990/7/6 1988/7/6
f 1628/7/5 1626/7/5 1989/7/5 1637/7/5
f 1975/9/2 1976/9/2 1991/9/2 1666/9/2
f 1626/9/3 1988/9/3 1976/9/3 1975/9/3
f 1989/9/4 1666/9/4 1991/9/4 1990/9/4
f 1988/9/6 1990/9/6 1991/9/6 1976/9/6
f 1626/9/5 1975/9/5 1666/9/5 1989/9/5
f 1992/10/2 1993/10/2 1994/10/2 1995/10/2
f 1996/10/1 1672/10/1 1997/10/1 1998/10/1
f 1996/10/3 1998/10/3 1993/10/3 1992/10/3
f 1672/10/4 1995/10/4 1994/10/4 1997/10/4
f 1996/10/5 1992/10/5 1995/10/5 1672/10/5
f 1999/3/2 2000/3/2 2001/3/2 1676/3/2
f 2002/3/1 1680/3/1 2003/3/1 2004/3/1
f 2002/3/3 2004/3/3 2000/3/3 1999/3/3
f 1680/3/4 1676/3/4 2001/3/4 2003/3/4
f 2004/3/6 2003/3/6 2001/3/6 2000/3/6
f 2002/3/5 1999/3/5 1676/3/5 1680/3/5
f 2005/5/1 1682/5/1 2006/5/1 2007/5/1
f 2005/5/3 2007/5/3 1979/5/3 1978/5/3
f 1682/5/4 1689/5/4 2008/5/4 2006/5/4
f 2005/5/5 1978/5/5 1689/5/5 1682/5/5
f 1978/5/5 1630/5/5 1642/5/5 1689/5/5
f 1631/2/2 1981/2/2 2009/2/2 1648/2/2
f 1643/2/4 1648/2/4 2009/2/4 2010/2/4
f 1632/2/5 1631/2/5 1648/2/5 1643/2/5
f 1633/9/2 2011/9/2 2012/9/2 2013/9/2
f 1636/9/1 2014/9/1 2015/9/1 2016/9/1
f 1636/9/3 2016/9/3 2011/9/3 1633/9/3
f 2014/9/4 2013/9/4 2012/9/4 2015/9/4
f 2016/9/6 2015/9/6 2012/9/6 2011/9/6
f 1636/9/5 1633/9/5 2013/9/5 2014/9/5
f 1652/8/2 1985/8/2 2017/8/2 1657/8/2
f 1651/8/1 1650/8/1 2018/8/1 1982/8/1
f 1637/7/2 1986/7/2 2019/7/2 1701/7/2
f 1640/7/1 1661/7/1 2020/7/1 2021/7/1
f 1640/7/3 2021/7/3 1986/7/3 1637/7/3
f 1661/7/4 1701/7/4 2019/7/4 2020/7/4
f 2021/7/6 2020/7/6 2019/7/6 1986/7/6
f 1640/7/5 1637/7/5 1701/7/5 1661/7/5
f 1689/2/1 1688/2/1 2022/2/1 2008/2/1
f 1643/5/2 2010/5/2 2023/5/2 2024/5/2
f 1690/5/4 2024/5/4 2023/5/4 2025/5/4
f 1645/5/5 1643/5/5 2024/5/5 1690/5/5
f 1647/6/2 2026/6/2 2027/6/2 2028/6/2
f 1648/6/1 2029/6/1 2030/6/1 2009/6/1
f 1648/6/3 2009/6/3 2026/6/3 1647/6/3
f 2029/6/4 2028/6/4 2027/6/4 2030/6/4
f 2009/6/6 2030/6/6 2027/6/6 2026/6/6
f 1648/6/5 1647/6/5 2028/6/5 2029/6/5
f 2031/9/2 2032/9/2 2033/9/2 2034/9/2
f 2013/9/1 2035/9/1 2036/9/1 2012/9/1
f 2013/9/3 2012/9/3 2032/9/3 2031/9/3
f 2035/9/4 2034/9/4 2033/9/4 2036/9/4
f 2012/9/6 2036/9/6 2033/9/6 2032/9/6
f 2013/9/5 2031/9/5 2034/9/5 2035/9/5
f 1657/8/2 2017/8/2 2037/8/2 1693/8/2
f 1650/8/1 1694/8/1 2038/8/1 2018/8/1
f 1677/6/2 2039/6/2 2040/6/2 1711/6/2
f 1679/6/1 2041/6/1 2042/6/1 2043/6/1
f 1679/6/3 2043/6/3 2039/6/3 1677/6/3
f 2043/6/6 2042/6/6 2040/6/6 2039/6/6
f 1679/6/5 1677/6/5 1711/6/5 2041/6/5
f 2044/6/2 2045/6/2 2046/6/2 1725/6/2
f 2047/6/1 1728/6/1 2048/6/1 2049/6/1
f 2047/6/3 2049/6/3 2045/6/3 2044/6/3
f 1728/6/4 1725/6/4 2046/6/4 2048/6/4
f 2049/6/6 2048/6/6 2046/6/6 2045/6/6
f 2047/6/5 2044/6/5 1725/6/5 1728/6/5
f 1683/1/1 1712/1/1 2050/1/1 2051/1/1
f 1683/1/3 2051/1/3 2022/1/3 1688/1/3
f 1712/1/4 1733/1/4 2052/1/4 2050/1/4
f 2051/1/6 2050/1/6 2052/1/6 2022/1/6
f 1690/1/2 2025/1/2 2053/1/2 2054/1/2
f 1713/1/4 2054/1/4 2053/1/4 2055/1/4
f 1692/1/5 1690/1/5 2054/1/5 1713/1/5
f 2035/9/2 2036/9/2 2056/9/2 2057/9/2
f 2058/9/1 2059/9/1 2060/9/1 2061/9/1
f 2058/9/3 2061/9/3 2036/9/3 2035/9/3
f 2059/9/4 2057/9/4 2056/9/4 2060/9/4
f 2061/9/6 2060/9/6 2056/9/6 2036/9/6
f 2058/9/5 2035/9/5 2057/9/5 2059/9/5
f 1693/8/2 2037/8/2 2062/8/2 1716/8/2
f 1694/8/1 1717/8/1 2063/8/1 2038/8/1
f 1717/8/4 1716/8/4 2062/8/4 2063/8/4
f 2038/8/6 2063/8/6 2062/8/6 2037/8/6
f 1697/7/1 1720/7/1 2064/7/1 2065/7/1
f 1697/7/3 2065/7/3 2066/7/3 1695/7/3
f 1720/7/4 1721/7/4 2067/7/4 2064/7/4
f 2065/7/6 2064/7/6 2067/7/6 2066/7/6
f 1700/7/2 2068/7/2 2069/7/2 2070/7/2
f 1695/7/3 2066/7/3 2068/7/3 1700/7/3
f 1721/7/4 2070/7/4 2069/7/4 2067/7/4
f 2066/7/6 2067/7/6 2069/7/6 2068/7/6
f 1695/7/5 1700/7/5 2070/7/5 1721/7/5
f 1711/2/2 2040/2/2 2071/2/2 1724/2/2
f 2041/2/1 2072/2/1 2073/2/1 2042/2/1
f 2042/2/6 2073/2/6 2071/2/6 2040/2/6
f 2041/2/5 1711/2/5 1724/2/5 2072/2/5
f 1733/2/1 1732/2/1 2074/2/1 2052/2/1
f 1732/2/4 1755/2/4 2075/2/4 2074/2/4
f 2052/2/6 2074/2/6 2075/2/6 2076/2/6
f 1713/4/2 2055/4/2 2077/4/2 2078/4/2
f 1734/4/4 2078/4/4 2077/4/4 2079/4/4
f 1715/4/5 1713/4/5 2078/4/5 1734/4/5
f 2059/9/2 2060/9/2 2080/9/2 2081/9/2
f 2082/9/1 2083/9/1 2084/9/1 2085/9/1
f 2082/9/3 2085/9/3 2060/9/3 2059/9/3
f 2083/9/4 2081/9/4 2080/9/4 2084/9/4
f 2085/9/6 2084/9/6 2080/9/6 2060/9/6
f 2082/9/5 2059/9/5 2081/9/5 2083/9/5
f 2086/7/2 2087/7/2 2088/7/2 2089/7/2
f 2070/7/1 2090/7/1 2091/7/1 2069/7/1
f 2070/7/3 2069/7/3 2087/7/3 2086/7/3
f 2090/7/4 2089/7/4 2088/7/4 2091/7/4
f 2069/7/6 2091/7/6 2088/7/6 2087/7/6
f 2070/7/5 2086/7/5 2089/7/5 2090/7/5
f 1724/2/2 2071/2/2 2092/2/2 1747/2/2
f 2072/2/1 2093/2/1 2094/2/1 2073/2/1
f 2093/2/4 1747/2/4 2092/2/4 2094/2/4
f 2073/2/6 2094/2/6 2092/2/6 2071/2/6
f 2072/2/5 1724/2/5 1747/2/5 2093/2/5
f 1750/5/2 2095/5/2 2096/5/2 1749/5/2
f 1723/5/1 1746/5/1 2097/5/1 2098/5/1
f 1723/5/3 2098/5/3 2095/5/3 1750/5/3
f 1746/5/4 1749/5/4 2096/5/4 2097/5/4
f 2098/5/6 2097/5/6 2096/5/6 2095/5/6
f 1723/5/5 1750/5/5 1749/5/5 1746/5/5
f 1731/2/2 2099/2/2 2100/2/2 1767/2/2
f 1729/2/1 1751/2/1 2101/2/1 2102/2/1
f 1729/2/3 2102/2/3 2099/2/3 1731/2/3
f 1751/2/4 1767/2/4 2100/2/4 2101/2/4
f 2102/2/6 2101/2/6 2100/2/6 2099/2/6
f 1729/2/5 1731/2/5 1767/2/5 1751/2/5
f 1755/2/1 1754/2/1 2103/2/1 2075/2/1
f 2075/2/6 2103/2/6 2104/2/6 2105/2/6
f 1734/5/2 2079/5/2 2106/5/2 2107/5/2
f 1756/5/4 2107/5/4 2106/5/4 2104/5/4
f 1736/5/5 1734/5/5 2107/5/5 1756/5/5
f 2083/5/2 2084/5/2 2108/5/2 2109/5/2
f 1738/5/1 1758/5/1 2110/5/1 2111/5/1
f 1738/5/3 2111/5/3 2084/5/3 2083/5/3
f 1758/5/4 2109/5/4 2108/5/4 2110/5/4
f 2111/5/6 2110/5/6 2108/5/6 2084/5/6
f 1738/5/5 2083/5/5 2109/5/5 1758/5/5
f 2112/8/1 2113/8/1 2114/8/1 2115/8/1
f 2112/8/3 2115/8/3 2116/8/3 2117/8/3
f 2113/8/4 2118/8/4 2119/8/4 2114/8/4
f 2115/8/6 2114/8/6 2119/8/6 2116/8/6
f 2112/8/5 2117/8/5 2118/8/5 2113/8/5
f 2117/8/3 2116/8/3 2120/8/3 1743/8/3
f 2118/8/4 2121/8/4 2122/8/4 2119/8/4
f 2116/8/6 2119/8/6 2122/8/6 2120/8/6
f 2117/8/5 1743/8/5 2121/8/5 2118/8/5
f 1743/10/3 2120/10/3 2123/10/3 1744/10/3
f 2121/10/4 2124/10/4 2125/10/4 2122/10/4
f 2120/10/6 2122/10/6 2125/10/6 2123/10/6
f 1743/10/5 1744/10/5 2124/10/5 2121/10/5
f 1745/8/2 2126/8/2 2127/8/2 2128/8/2
f 1744/8/3 2123/8/3 2126/8/3 1745/8/3
f 2124/8/4 2128/8/4 2127/8/4 2125/8/4
f 2123/8/6 2125/8/6 2127/8/6 2126/8/6
f 1744/8/5 1745/8/5 2128/8/5 2124/8/5
f 1746/2/2 2097/2/2 2129/2/2 1762/2/2
f 1747/2/1 1770/2/1 2130/2/1 2092/2/1
f 1747/2/3 2092/2/3 2097/2/3 1746/2/3
f 2092/2/6 2130/2/6 2129/2/6 2097/2/6
f 1747/2/5 1746/2/5 1762/2/5 1770/2/5
f 1748/2/2 2131/2/2 2132/2/2 1764/2/2
f 1749/2/1 1763/2/1 2133/2/1 2096/2/1
f 1749/2/3 2096/2/3 2131/2/3 1748/2/3
f 1763/2/4 1764/2/4 2132/2/4 2133/2/4
f 2096/2/6 2133/2/6 2132/2/6 2131/2/6
f 1751/4/2 2101/4/2 2134/4/2 1778/4/2
f 1752/4/1 1765/4/1 2135/4/1 2136/4/1
f 1752/4/3 2136/4/3 2101/4/3 1751/4/3
f 1765/4/4 1778/4/4 2134/4/4 2135/4/4
f 2136/4/6 2135/4/6 2134/4/6 2101/4/6
f 1752/4/5 1751/4/5 1778/4/5 1765/4/5
f 1756/6/2 2104/6/2 2137/6/2 2138/6/2
f 1754/6/1 1769/6/1 2139/6/1 2103/6/1
f 1769/6/4 2138/6/4 2137/6/4 2139/6/4
f 2103/6/6 2139/6/6 2137/6/6 2104/6/6
f 1754/6/5 1756/6/5 2138/6/5 1769/6/5
f 1770/2/1 1771/2/1 2140/2/1 2130/2/1
f 2130/2/6 2140/2/6 2141/2/6 2129/2/6
f 1770/2/5 1762/2/5 1776/2/5 1771/2/5
f 1763/4/2 2133/4/2 2142/4/2 1774/4/2
f 1762/4/3 2129/4/3 2133/4/3 1763/4/3
f 1776/4/4 1774/4/4 2142/4/4 2141/4/4
f 2129/4/6 2141/4/6 2142/4/6 2133/4/6
f 1765/2/2 2135/2/2 2143/2/2 1777/2/2
f 1764/2/1 1786/2/1 2144/2/1 2132/2/1
f 1764/2/3 2132/2/3 2135/2/3 1765/2/3
f 1786/2/4 1777/2/4 2143/2/4 2144/2/4
f 2132/2/6 2144/2/6 2143/2/6 2135/2/6
f 1764/2/5 1765/2/5 1777/2/5 1786/2/5
f 1772/5/1 2145/5/1 2146/5/1 2147/5/1
f 1772/5/3 2147/5/3 2140/5/3 1771/5/3
f 2147/5/6 2146/5/6 2148/5/6 2140/5/6
f 1772/5/5 1771/5/5 1793/5/5 2145/5/5
f 1776/5/2 2141/5/2 2149/5/2 1783/5/2
f 1793/5/4 1783/5/4 2149/5/4 2148/5/4
f 2140/5/6 2148/5/6 2149/5/6 2141/5/6
f 1771/5/5 1776/5/5 1783/5/5 1793/5/5
f 1793/5/2 2148/5/2 2150/5/2 1792/5/2
f 2145/5/1 1797/5/1 2151/5/1 2146/5/1
f 1797/5/4 1792/5/4 2150/5/4 2151/5/4
f 2146/5/6 2151/5/6 2150/5/6 2148/5/6
f 2145/5/5 1793/5/5 1792/5/5 1797/5/5
f 2152/3/2 2153/3/2 2154/3/2 1799/3/2
f 2155/3/1 1803/3/1 2156/3/1 2157/3/1
f 2155/3/3 2157/3/3 2153/3/3 2152/3/3
f 2157/3/6 2156/3/6 2154/3/6 2153/3/6
f 2155/3/5 2152/3/5 1799/3/5 1803/3/5
f 2158/1/1 1807/1/1 2159/1/1 2160/1/1
f 2158/1/3 2160/1/3 2156/1/3 1803/1/3
f 2158/1/5 1803/1/5 1802/1/5 1807/1/5
f 2161/5/2 2162/5/2 2163/5/2 1811/5/2
f 1799/5/3 2154/5/3 2162/5/3 2161/5/3
f 2154/5/6 2164/5/6 2163/5/6 2162/5/6
f 1799/5/5 2161/5/5 1811/5/5 1800/5/5
f 2165/5/1 2166/5/1 2167/5/1 2168/5/1
f 2165/5/3 2168/5/3 2159/5/3 1807/5/3
f 2165/5/5 1807/5/5 1806/5/5 2166/5/5
f 1808/2/4 1812/2/4 2169/2/4 2170/2/4
f 2171/3/2 2172/3/2 2173/3/2 2174/3/2
f 1811/3/3 2163/3/3 2172/3/3 2171/3/3
f 1812/3/4 2174/3/4 2173/3/4 2169/3/4
f 2163/3/6 2169/3/6 2173/3/6 2172/3/6
f 1811/3/5 2171/3/5 2174/3/5 1812/3/5
f 2166/5/1 2175/5/1 2176/5/1 2167/5/1
f 2175/5/4 1817/5/4 2177/5/4 2176/5/4
f 2166/5/5 1806/5/5 1817/5/5 2175/5/5
f 1808/2/2 2170/2/2 2178/2/2 2179/2/2
f 1814/2/4 2179/2/4 2178/2/4 2180/2/4
f 1809/2/5 1808/2/5 2179/2/5 1814/2/5
f 1814/5/2 2180/5/2 2181/5/2 2182/5/2
f 1817/5/1 2183/5/1 2184/5/1 2177/5/1
f 2183/5/4 2182/5/4 2181/5/4 2184/5/4
f 1817/5/5 1814/5/5 2182/5/5 2183/5/5
f 2185/4/2 2186/4/2 2187/4/2 2188/4/2
f 2189/4/1 2190/4/1 2191/4/1 2192/4/1
f 2189/4/3 2192/4/3 2186/4/3 2185/4/3
f 2192/4/6 2191/4/6 2187/4/6 2186/4/6
f 2189/4/5 2185/4/5 2188/4/5 2190/4/5
f 2188/5/2 2187/5/2 2193/5/2 2194/5/2
f 2190/5/1 2195/5/1 2196/5/1 2191/5/1
f 2195/5/4 2194/5/4 2193/5/4 2196/5/4
f 2191/5/6 2196/5/6 2193/5/6 2187/5/6
f 2190/5/5 2188/5/5 2194/5/5 2195/5/5
f 2197/1/2 2198/1/2 2199/1/2 2200/1/2
f 2201/1/1 2202/1/1 2203/1/1 2204/1/1
f 2201/1/3 2204/1/3 2198/1/3 2197/1/3
f 2204/1/6 2203/1/6 2199/1/6 2198/1/6
f 2201/1/5 2197/1/5 2200/1/5 2202/1/5
f 2205/2/2 2206/2/2 2207/2/2 2208/2/2
f 2209/2/1 2210/2/1 2211/2/1 2212/2/1
f 2209/2/3 2212/2/3 2206/2/3 2205/2/3
f 2210/2/4 2208/2/4 2207/2/4 2211/2/4
f 2212/2/6 2211/2/6 2207/2/6 2206/2/6
f 2209/2/5 2205/2/5 2208/2/5 2210/2/5
f 2213/9/2 2214/9/2 2215/9/2 1827/9/2
f 2216/9/1 1826/9/1 2217/9/1 2218/9/1
f 2216/9/3 2218/9/3 2214/9/3 2213/9/3
f 1826/9/4 1827/9/4 2215/9/4 2217/9/4
f 2218/9/6 2217/9/6 2215/9/6 2214/9/6
f 2216/9/5 2213/9/5 1827/9/5 1826/9/5
f 2200/2/2 2199/2/2 2219/2/2 2220/2/2
f 2202/2/1 2221/2/1 2222/2/1 2203/2/1
f 2221/2/4 2220/2/4 2219/2/4 2222/2/4
f 2203/2/6 2222/2/6 2219/2/6 2199/2/6
f 2202/2/5 2200/2/5 2220/2/5 2221/2/5
f 2223/1/1 1843/1/1 2224/1/1 2225/1/1
f 2223/1/3 2225/1/3 2226/1/3 1823/1/3
f 2223/1/5 1823/1/5 1822/1/5 1843/1/5
f 1823/6/3 2226/6/3 2227/6/3 1819/6/3
f 2210/6/2 2211/6/2 2228/6/2 1845/6/2
f 1819/6/3 2227/6/3 2211/6/3 2210/6/3
f 1819/6/5 2210/6/5 1845/6/5 1820/6/5
f 2229/9/2 2230/9/2 2231/9/2 1849/9/2
f 2232/9/1 2233/9/1 2234/9/1 2235/9/1
f 2232/9/3 2235/9/3 2230/9/3 2229/9/3
f 2233/9/4 1849/9/4 2231/9/4 2234/9/4
f 2235/9/6 2234/9/6 2231/9/6 2230/9/6
f 2232/9/5 2229/9/5 1849/9/5 2233/9/5
f 2220/2/1 1861/2/1 2236/2/1 2219/2/1
f 2220/2/3 2219/2/3 2224/2/3 1843/2/3
f 2220/2/5 1843/2/5 1842/2/5 1861/2/5
f 2237/5/2 2238/5/2 2239/5/2 1863/5/2
f 1845/5/3 2228/5/3 2238/5/3 2237/5/3
f 1845/5/5 2237/5/5 1863/5/5 1846/5/5
f 2240/6/1 1868/6/1 2241/6/1 2242/6/1
f 2240/6/3 2242/6/3 2243/6/3 2244/6/3
f 1868/6/4 1869/6/4 2245/6/4 2241/6/4
f 2242/6/6 2241/6/6 2245/6/6 2243/6/6
f 2240/6/5 2244/6/5 1869/6/5 1868/6/5
f 2246/1/2 2247/1/2 2248/1/2 1873/1/2
f 2244/1/3 2243/1/3 2247/1/3 2246/1/3
f 1869/1/4 1873/1/4 2248/1/4 2245/1/4
f 2243/1/6 2245/1/6 2248/1/6 2247/1/6
f 2244/1/5 2246/1/5 1873/1/5 1869/1/5
f 1850/9/2 2249/9/2 2250/9/2 1852/9/2
f 1849/9/1 1848/9/1 2251/9/1 2231/9/1
f 1849/9/3 2231/9/3 2249/9/3 1850/9/3
f 1848/9/4 1852/9/4 2250/9/4 2251/9/4
f 1853/9/1 1854/9/1 2252/9/1 2253/9/1
f 1853/9/3 2253/9/3 2254/9/3 1825/9/3
f 1854/9/4 2255/9/4 2256/9/4 2252/9/4
f 2253/9/6 2252/9/6 2256/9/6 2254/9/6
f 1853/9/5 1825/9/5 2255/9/5 1854/9/5
f 1829/9/2 2257/9/2 2258/9/2 2259/9/2
f 1825/9/3 2254/9/3 2257/9/3 1829/9/3
f 2255/9/4 2259/9/4 2258/9/4 2256/9/4
f 2254/9/6 2256/9/6 2258/9/6 2257/9/6
f 1825/9/5 1829/9/5 2259/9/5 2255/9/5
f 1855/11/2 2260/11/2 2261/11/2 1856/11/2
f 1858/11/1 1857/11/1 2262/11/1 2263/11/1
f 1858/11/3 2263/11/3 2260/11/3 1855/11/3
f 1857/11/4 1856/11/4 2261/11/4 2262/11/4
f 2263/11/6 2262/11/6 2261/11/6 2260/11/6
f 2264/5/1 1894/5/1 2265/5/1 2266/5/1
f 2264/5/3 2266/5/3 2236/5/3 1861/5/3
f 2264/5/5 1861/5/5 1860/5/5 1894/5/5
f 1868/2/2 2241/2/2 2267/2/2 1867/2/2
f 1863/2/3 2239/2/3 2241/2/3 1868/2/3
f 1863/2/5 1868/2/5 1867/2/5 1864/2/5
f 2268/7/2 2269/7/2 2270/7/2 1896/7/2
f 1878/7/1 1879/7/1 2271/7/1 2272/7/1
f 1878/7/3 2272/7/3 2269/7/3 2268/7/3
f 1879/7/4 1896/7/4 2270/7/4 2271/7/4
f 2272/7/6 2271/7/6 2270/7/6 2269/7/6
f 1878/7/5 2268/7/5 1896/7/5 1879/7/5
f 2259/9/1 2273/9/1 2274/9/1 2258/9/1
f 2259/9/3 2258/9/3 2275/9/3 1882/9/3
f 2259/9/5 1882/9/5 1881/9/5 2273/9/5
f 1883/9/2 2276/9/2 2277/9/2 1886/9/2
f 1882/9/3 2275/9/3 2276/9/3 1883/9/3
f 1881/9/4 1886/9/4 2277/9/4 2278/9/4
f 2275/9/6 2278/9/6 2277/9/6 2276/9/6
f 2279/11/2 2280/11/2 2281/11/2 2282/11/2
f 1856/11/1 1890/11/1 2283/11/1 2261/11/1
f 1856/11/3 2261/11/3 2280/11/3 2279/11/3
f 1890/11/4 2282/11/4 2281/11/4 2283/11/4
f 2261/11/6 2283/11/6 2281/11/6 2280/11/6
f 1856/11/5 2279/11/5 2282/11/5 1890/11/5
f 2284/4/1 1904/4/1 2285/4/1 2286/4/1
f 2284/4/3 2286/4/3 2265/4/3 1894/4/3
f 2284/4/5 1894/4/5 1893/4/5 1904/4/5
f 1872/5/2 2287/5/2 2288/5/2 1907/5/2
f 1867/5/3 2267/5/3 2287/5/3 1872/5/3
f 1867/5/5 1872/5/5 1907/5/5 1895/5/5
f 1896/9/1 1897/9/1 2289/9/1 2270/9/1
f 1896/9/3 2270/9/3 2290/9/3 2291/9/3
f 1897/9/4 1911/9/4 2292/9/4 2289/9/4
f 2270/9/6 2289/9/6 2292/9/6 2290/9/6
f 1896/9/5 2291/9/5 1911/9/5 1897/9/5
f 2293/9/2 2294/9/2 2295/9/2 1915/9/2
f 2291/9/3 2290/9/3 2294/9/3 2293/9/3
f 1911/9/4 1915/9/4 2295/9/4 2292/9/4
f 2290/9/6 2292/9/6 2295/9/6 2294/9/6
f 2291/9/5 2293/9/5 1915/9/5 1911/9/5
f 2296/9/1 2297/9/1 2298/9/1 2299/9/1
f 2296/9/3 2299/9/3 2274/9/3 2273/9/3
f 2297/9/4 2300/9/4 2301/9/4 2298/9/4
f 2296/9/5 2273/9/5 2300/9/5 2297/9/5
f 1881/9/2 2278/9/2 2302/9/2 1900/9/2
f 2300/9/4 1900/9/4 2302/9/4 2301/9/4
f 2274/9/6 2301/9/6 2302/9/6 2278/9/6
f 2273/9/5 1881/9/5 1900/9/5 2300/9/5
f 1885/9/2 2303/9/2 2304/9/2 1919/9/2
f 1886/9/1 1899/9/1 2305/9/1 2277/9/1
f 1886/9/3 2277/9/3 2303/9/3 1885/9/3
f 1899/9/4 1919/9/4 2304/9/4 2305/9/4
f 2277/9/6 2305/9/6 2304/9/6 2303/9/6
f 1886/9/5 1885/9/5 1919/9/5 1899/9/5
f 1904/2/1 1903/2/1 2306/2/1 2285/2/1
f 1907/2/3 2288/2/3 2307/2/3 2308/2/3
f 1907/2/5 2308/2/5 2309/2/5 1908/2/5
f 2308/1/3 2307/1/3 2310/1/3 1898/1/3
f 2308/1/5 1898/1/5 2311/1/5 2309/1/5
f 1897/2/2 2289/2/2 2312/2/2 1910/2/2
f 1898/2/3 2310/2/3 2289/2/3 1897/2/3
f 1898/2/5 1897/2/5 1910/2/5 2311/2/5
f 1915/9/1 1916/9/1 2313/9/1 2295/9/1
f 1915/9/3 2295/9/3 2314/9/3 2315/9/3
f 1916/9/4 1932/9/4 2316/9/4 2313/9/4
f 1915/9/5 2315/9/5 1932/9/5 1916/9/5
f 2315/9/3 2314/9/3 2317/9/3 2318/9/3
f 1932/9/4 1936/9/4 2319/9/4 2316/9/4
f 2314/9/6 2316/9/6 2319/9/6 2317/9/6
f 2315/9/5 2318/9/5 1936/9/5 1932/9/5
f 2297/9/2 2298/9/2 2320/9/2 2321/9/2
f 2318/9/3 2317/9/3 2298/9/3 2297/9/3
f 1936/9/4 2321/9/4 2320/9/4 2319/9/4
f 2317/9/6 2319/9/6 2320/9/6 2298/9/6
f 2318/9/5 2297/9/5 2321/9/5 1936/9/5
f 2322/8/2 2323/8/2 2324/8/2 1939/8/2
f 1923/8/1 1924/8/1 2325/8/1 2326/8/1
f 1923/8/3 2326/8/3 2323/8/3 2322/8/3
f 1924/8/4 1939/8/4 2324/8/4 2325/8/4
f 2326/8/6 2325/8/6 2324/8/6 2323/8/6
f 1923/8/5 2322/8/5 1939/8/5 1924/8/5
f 2327/10/2 2328/10/2 2329/10/2 2330/10/2
f 2331/10/1 2332/10/1 2333/10/1 2334/10/1
f 2331/10/3 2334/10/3 2328/10/3 2327/10/3
f 2331/10/5 2327/10/5 2330/10/5 2332/10/5
f 1903/2/1 2335/2/1 2336/2/1 2306/2/1
f 1903/2/5 1905/2/5 1927/2/5 2335/2/5
f 1908/2/5 2309/2/5 2337/2/5 1928/2/5
f 2309/2/5 2311/2/5 2338/2/5 2337/2/5
f 1910/2/2 2312/2/2 2339/2/2 2340/2/2
f 2311/2/5 1910/2/5 2340/2/5 2338/2/5
f 2330/9/2 2329/9/2 2341/9/2 2342/9/2
f 2332/9/1 1954/9/1 2343/9/1 2333/9/1
f 2332/9/5 2330/9/5 2342/9/5 1954/9/5
f 2335/2/1 2344/2/1 2345/2/1 2336/2/1
f 2335/2/5 1927/2/5 1944/2/5 2344/2/5
f 1928/2/5 2337/2/5 2346/2/5 1945/2/5
f 2337/5/5 2338/5/5 2347/5/5 2346/5/5
f 2340/2/2 2339/2/2 2348/2/2 2349/2/2
f 2338/2/5 2340/2/5 2349/2/5 2347/2/5
f 1935/9/1 1967/9/1 2350/9/1 2351/9/1
f 1935/9/3 2351/9/3 2352/9/3 1937/9/3
f 1967/9/4 1971/9/4 2353/9/4 2350/9/4
f 2351/9/6 2350/9/6 2353/9/6 2352/9/6
f 1935/9/5 1937/9/5 1971/9/5 1967/9/5
f 1948/9/2 2354/9/2 2355/9/2 1947/9/2
f 1937/9/3 2352/9/3 2354/9/3 1948/9/3
f 1971/9/4 1947/9/4 2355/9/4 2353/9/4
f 2352/9/6 2353/9/6 2355/9/6 2354/9/6
f 1937/9/5 1948/9/5 1947/9/5 1971/9/5
f 2342/8/2 2341/8/2 2356/8/2 2357/8/2
f 1954/8/1 1955/8/1 2358/8/1 2343/8/1
f 1954/8/5 2342/8/5 2357/8/5 1955/8/5
f 2344/2/1 2359/2/1 2360/2/1 2345/2/1
f 2344/2/5 1944/2/5 1960/2/5 2359/2/5
f 1945/2/5 2346/2/5 2361/2/5 1961/2/5
f 2346/8/5 2347/8/5 2362/8/5 2361/8/5
f 2349/9/2 2348/9/2 2363/9/2 2364/9/2
f 2347/9/5 2349/9/5 2364/9/5 2362/9/5
f 2357/8/2 2356/8/2 2365/8/2 1993/8/2
f 1955/8/1 1998/8/1 2366/8/1 2358/8/1
f 1955/8/5 2357/8/5 1993/8/5 1998/8/5
f 2359/5/1 2007/5/1 2367/5/1 2360/5/1
f 2359/5/5 1960/5/5 1979/5/5 2007/5/5
f 1980/5/4 2368/5/4 2369/5/4 2370/5/4
f 1961/5/5 2361/5/5 2368/5/5 1980/5/5
f 2368/8/4 2016/8/4 2371/8/4 2369/8/4
f 2361/8/5 2362/8/5 2016/8/5 2368/8/5
f 2364/9/2 2363/9/2 2372/9/2 2011/9/2
f 2016/9/4 2011/9/4 2372/9/4 2371/9/4
f 2362/9/5 2364/9/5 2011/9/5 2016/9/5
f 1965/8/1 2373/8/1 2374/8/1 2375/8/1
f 1965/8/3 2375/8/3 2376/8/3 1970/8/3
f 2373/8/4 1982/8/4 2377/8/4 2374/8/4
f 1965/8/5 1970/8/5 1982/8/5 2373/8/5
f 1970/8/3 2376/8/3 2378/8/3 1972/8/3
f 2376/8/6 2377/8/6 2379/8/6 2378/8/6
f 1983/8/2 2380/8/2 2381/8/2 1984/8/2
f 1972/8/3 2378/8/3 2380/8/3 1983/8/3
f 1985/8/4 1984/8/4 2381/8/4 2379/8/4
f 2378/8/6 2379/8/6 2381/8/6 2380/8/6
f 1973/9/2 2382/9/2 2383/9/2 2384/9/2
f 1976/9/1 1991/9/1 2385/9/1 2386/9/1
f 1976/9/3 2386/9/3 2382/9/3 1973/9/3
f 2386/9/6 2385/9/6 2383/9/6 2382/9/6
f 1976/9/5 1973/9/5 2384/9/5 1991/9/5
f 1993/9/2 2365/9/2 2387/9/2 1994/9/2
f 1998/9/1 1997/9/1 2388/9/1 2366/9/1
f 1997/9/4 1994/9/4 2387/9/4 2388/9/4
f 2007/5/1 2006/5/1 2389/5/1 2367/5/1
f 1980/2/2 2370/2/2 2390/2/2 2026/2/2
f 2009/2/4 2026/2/4 2390/2/4 2391/2/4
f 1981/2/5 1980/2/5 2026/2/5 2009/2/5
f 2011/9/1 2012/9/1 2392/9/1 2372/9/1
f 2011/9/3 2372/9/3 2393/9/3 2394/9/3
f 2012/9/4 2032/9/4 2395/9/4 2392/9/4
f 2372/9/6 2392/9/6 2395/9/6 2393/9/6
f 2011/9/5 2394/9/5 2032/9/5 2012/9/5
f 2373/2/2 2374/2/2 2396/2/2 2397/2/2
f 2394/2/3 2393/2/3 2374/2/3 2373/2/3
f 2032/2/4 2397/2/4 2396/2/4 2395/2/4
f 2393/2/6 2395/2/6 2396/2/6 2374/2/6
f 2394/2/5 2373/2/5 2397/2/5 2032/2/5
f 1985/8/2 2379/8/2 2398/8/2 2017/8/2
f 1982/8/1 2018/8/1 2399/8/1 2377/8/1
f 1984/8/1 2400/8/1 2401/8/1 2381/8/1
f 1984/8/3 2381/8/3 2402/8/3 2403/8/3
f 2400/8/4 2404/8/4 2405/8/4 2401/8/4
f 1984/8/5 2403/8/5 2404/8/5 2400/8/5
f 2021/7/2 2406/7/2 2407/7/2 2020/7/2
f 2403/7/3 2402/7/3 2406/7/3 2021/7/3
f 2402/7/6 2405/7/6 2407/7/6 2406/7/6
f 2403/7/5 2021/7/5 2020/7/5 2404/7/5
f 1990/7/2 2408/7/2 2409/7/2 2410/7/2
f 1986/7/1 2019/7/1 2411/7/1 2412/7/1
f 1986/7/3 2412/7/3 2408/7/3 1990/7/3
f 2019/7/4 2410/7/4 2409/7/4 2411/7/4
f 2412/7/6 2411/7/6 2409/7/6 2408/7/6
f 1986/7/5 1990/7/5 2410/7/5 2019/7/5
f 2384/9/2 2383/9/2 2413/9/2 2414/9/2
f 1991/9/1 2415/9/1 2416/9/1 2385/9/1
f 2415/9/4 2414/9/4 2413/9/4 2416/9/4
f 2385/9/6 2416/9/6 2413/9/6 2383/9/6
f 1991/9/5 2384/9/5 2414/9/5 2415/9/5
f 2006/2/1 2051/2/1 2417/2/1 2389/2/1
f 2051/2/4 2022/2/4 2418/2/4 2417/2/4
f 2006/2/5 2008/2/5 2022/2/5 2051/2/5
f 2009/6/2 2391/6/2 2419/6/2 2030/6/2
f 2023/6/4 2030/6/4 2419/6/4 2420/6/4
f 2010/6/5 2009/6/5 2030/6/5 2023/6/5
f 2012/7/2 2392/7/2 2421/7/2 2036/7/2
f 2015/7/1 2061/7/1 2422/7/1 2423/7/1
f 2015/7/3 2423/7/3 2392/7/3 2012/7/3
f 2061/7/4 2036/7/4 2421/7/4 2422/7/4
f 2423/7/6 2422/7/6 2421/7/6 2392/7/6
f 2015/7/5 2012/7/5 2036/7/5 2061/7/5
f 2017/7/2 2398/7/2 2424/7/2 2037/7/2
f 2018/7/1 2038/7/1 2425/7/1 2399/7/1
f 2038/7/4 2037/7/4 2424/7/4 2425/7/4
f 2399/7/6 2425/7/6 2424/7/6 2398/7/6
f 2404/7/1 2065/7/1 2426/7/1 2405/7/1
f 2065/7/4 2066/7/4 2427/7/4 2426/7/4
f 2404/7/5 2020/7/5 2066/7/5 2065/7/5
f 2019/7/2 2411/7/2 2428/7/2 2068/7/2
f 2020/7/3 2407/7/3 2411/7/3 2019/7/3
f 2066/7/4 2068/7/4 2428/7/4 2427/7/4
f 2407/7/6 2427/7/6 2428/7/6 2411/7/6
f 2020/7/5 2019/7/5 2068/7/5 2066/7/5
f 2429/6/2 2430/6/2 2431/6/2 2432/6/2
f 2045/6/1 2046/6/1 2433/6/1 2434/6/1
f 2045/6/3 2434/6/3 2430/6/3 2429/6/3
f 2046/6/4 2432/6/4 2431/6/4 2433/6/4
f 2434/6/6 2433/6/6 2431/6/6 2430/6/6
f 2045/6/5 2429/6/5 2432/6/5 2046/6/5
f 2022/2/1 2052/2/1 2435/2/1 2418/2/1
f 2052/2/4 2076/2/4 2436/2/4 2435/2/4
f 2023/5/2 2420/5/2 2437/5/2 2438/5/2
f 2053/5/4 2438/5/4 2437/5/4 2439/5/4
f 2025/5/5 2023/5/5 2438/5/5 2053/5/5
f 2027/6/2 2440/6/2 2441/6/2 2442/6/2
f 2030/6/1 2443/6/1 2444/6/1 2419/6/1
f 2030/6/3 2419/6/3 2440/6/3 2027/6/3
f 2443/6/4 2442/6/4 2441/6/4 2444/6/4
f 2419/6/6 2444/6/6 2441/6/6 2440/6/6
f 2030/6/5 2027/6/5 2442/6/5 2443/6/5
f 2037/8/1 2062/8/1 2445/8/1 2424/8/1
f 2037/8/3 2424/8/3 2446/8/3 2447/8/3
f 2062/8/4 2448/8/4 2449/8/4 2445/8/4
f 2424/8/6 2445/8/6 2449/8/6 2446/8/6
f 2037/8/5 2447/8/5 2448/8/5 2062/8/5
f 2065/8/2 2426/8/2 2450/8/2 2064/8/2
f 2447/8/3 2446/8/3 2426/8/3 2065/8/3
f 2448/8/4 2064/8/4 2450/8/4 2449/8/4
f 2446/8/6 2449/8/6 2450/8/6 2426/8/6
f 2447/8/5 2065/8/5 2064/8/5 2448/8/5
f 2076/2/1 2075/2/1 2451/2/1 2436/2/1
f 2075/2/4 2105/2/4 2452/2/4 2451/2/4
f 2053/5/2 2439/5/2 2453/5/2 2454/5/2
f 2077/5/4 2454/5/4 2453/5/4 2455/5/4
f 2055/5/5 2053/5/5 2454/5/5 2077/5/5
f 2067/7/2 2456/7/2 2457/7/2 2458/7/2
f 2064/7/1 2126/7/1 2459/7/1 2450/7/1
f 2064/7/3 2450/7/3 2456/7/3 2067/7/3
f 2126/7/4 2458/7/4 2457/7/4 2459/7/4
f 2064/7/5 2067/7/5 2458/7/5 2126/7/5
f 2460/9/2 2461/9/2 2462/9/2 2463/9/2
f 2087/9/1 2088/9/1 2464/9/1 2465/9/1
f 2087/9/3 2465/9/3 2461/9/3 2460/9/3
f 2088/9/4 2463/9/4 2462/9/4 2464/9/4
f 2465/9/6 2464/9/6 2462/9/6 2461/9/6
f 2087/9/5 2460/9/5 2463/9/5 2088/9/5
f 2102/5/2 2466/5/2 2467/5/2 2101/5/2
f 2468/5/1 2136/5/1 2469/5/1 2470/5/1
f 2468/5/3 2470/5/3 2466/5/3 2102/5/3
f 2136/5/4 2101/5/4 2467/5/4 2469/5/4
f 2470/5/6 2469/5/6 2467/5/6 2466/5/6
f 2468/5/5 2102/5/5 2101/5/5 2136/5/5
f 2105/4/1 2104/4/1 2471/4/1 2452/4/1
f 2104/4/4 2106/4/4 2472/4/4 2471/4/4
f 2077/4/2 2455/4/2 2473/4/2 2474/4/2
f 2106/4/4 2474/4/4 2473/4/4 2472/4/4
f 2079/4/5 2077/4/5 2474/4/5 2106/4/5
f 2092/5/2 2475/5/2 2476/5/2 2130/5/2
f 2094/5/1 2477/5/1 2478/5/1 2479/5/1
f 2094/5/3 2479/5/3 2475/5/3 2092/5/3
f 2479/5/6 2478/5/6 2476/5/6 2475/5/6
f 2094/5/5 2092/5/5 2130/5/5 2477/5/5
f 2136/2/2 2469/2/2 2480/2/2 2135/2/2
f 2131/2/1 2132/2/1 2481/2/1 2482/2/1
f 2131/2/3 2482/2/3 2469/2/3 2136/2/3
f 2132/2/4 2135/2/4 2480/2/4 2481/2/4
f 2482/2/6 2481/2/6 2480/2/6 2469/2/6
f 2131/2/5 2136/2/5 2135/2/5 2132/2/5
f 2100/4/1 2483/4/1 2484/4/1 2485/4/1
f 2100/4/3 2485/4/3 2486/4/3 2487/4/3
f 2483/4/4 2488/4/4 2489/4/4 2484/4/4
f 2485/4/6 2484/4/6 2489/4/6 2486/4/6
f 2100/4/5 2487/4/5 2488/4/5 2483/4/5
f 2103/4/2 2490/4/2 2491/4/2 2139/4/2
f 2487/4/3 2486/4/3 2490/4/3 2103/4/3
f 2488/4/4 2139/4/4 2491/4/4 2489/4/4
f 2486/4/6 2489/4/6 2491/4/6 2490/4/6
f 2487/4/5 2103/4/5 2139/4/5 2488/4/5
f 2110/4/2 2492/4/2 2493/4/2 2494/4/2
f 2495/4/1 2496/4/1 2497/4/1 2498/4/1
f 2495/4/3 2498/4/3 2492/4/3 2110/4/3
f 2496/4/4 2494/4/4 2493/4/4 2497/4/4
f 2498/4/6 2497/4/6 2493/4/6 2492/4/6
f 2495/4/5 2110/4/5 2494/4/5 2496/4/5
f 2499/7/1 2500/7/1 2501/7/1 2502/7/1
f 2499/7/3 2502/7/3 2503/7/3 2504/7/3
f 2500/7/4 2505/7/4 2506/7/4 2501/7/4
f 2502/7/6 2501/7/6 2506/7/6 2503/7/6
f 2499/7/5 2504/7/5 2505/7/5 2500/7/5
f 2504/7/3 2503/7/3 2507/7/3 2508/7/3
f 2505/7/4 2509/7/4 2510/7/4 2506/7/4
f 2503/7/6 2506/7/6 2510/7/6 2507/7/6
f 2504/7/5 2508/7/5 2509/7/5 2505/7/5
f 2114/9/2 2511/9/2 2512/9/2 2513/9/2
f 2508/9/3 2507/9/3 2511/9/3 2114/9/3
f 2509/9/4 2513/9/4 2512/9/4 2510/9/4
f 2507/9/6 2510/9/6 2512/9/6 2511/9/6
f 2508/9/5 2114/9/5 2513/9/5 2509/9/5
f 2125/8/2 2514/8/2 2515/8/2 2516/8/2
f 2122/8/1 2517/8/1 2518/8/1 2519/8/1
f 2122/8/3 2519/8/3 2514/8/3 2125/8/3
f 2517/8/4 2516/8/4 2515/8/4 2518/8/4
f 2519/8/6 2518/8/6 2515/8/6 2514/8/6
f 2122/8/5 2125/8/5 2516/8/5 2517/8/5
f 2130/1/2 2476/1/2 2520/1/2 2140/1/2
f 2477/1/1 2147/1/1 2521/1/1 2478/1/1
f 2147/1/4 2140/1/4 2520/1/4 2521/1/4
f 2478/1/6 2521/1/6 2520/1/6 2476/1/6
f 2477/1/5 2130/1/5 2140/1/5 2147/1/5
f 2157/3/2 2522/3/2 2523/3/2 2156/3/2
f 2524/3/1 2160/3/1 2525/3/1 2526/3/1
f 2524/3/3 2526/3/3 2522/3/3 2157/3/3
f 2526/3/6 2525/3/6 2523/3/6 2522/3/6
f 2524/3/5 2157/3/5 2156/3/5 2160/3/5
f 2527/4/1 2168/4/1 2528/4/1 2529/4/1
f 2527/4/3 2529/4/3 2525/4/3 2160/4/3
f 2527/4/5 2160/4/5 2159/4/5 2168/4/5
f 2154/2/2 2530/2/2 2531/2/2 2164/2/2
f 2156/2/3 2523/2/3 2530/2/3 2154/2/3
f 2523/2/6 2532/2/6 2531/2/6 2530/2/6
f 2533/6/1 2534/6/1 2535/6/1 2536/6/1
f 2533/6/3 2536/6/3 2537/6/3 2538/6/3
f 2533/6/5 2538/6/5 2539/6/5 2534/6/5
f 2538/5/3 2537/5/3 2528/5/3 2168/5/3
f 2538/5/5 2168/5/5 2167/5/5 2539/5/5
f 2163/3/2 2540/3/2 2541/3/2 2169/3/2
f 2164/3/3 2531/3/3 2540/3/3 2163/3/3
f 2170/3/4 2169/3/4 2541/3/4 2542/3/4
f 2531/3/6 2542/3/6 2541/3/6 2540/3/6
f 2534/6/1 2543/6/1 2544/6/1 2535/6/1
f 2543/6/4 2545/6/4 2546/6/4 2544/6/4
f 2534/6/5 2539/6/5 2545/6/5 2543/6/5
f 2545/5/4 2176/5/4 2547/5/4 2546/5/4
f 2539/5/5 2167/5/5 2176/5/5 2545/5/5
f 2170/2/2 2542/2/2 2548/2/2 2178/2/2
f 2176/5/1 2186/5/1 2549/5/1 2547/5/1
f 2186/5/4 2184/5/4 2550/5/4 2549/5/4
f 2176/5/5 2177/5/5 2184/5/5 2186/5/5
f 2178/2/2 2548/2/2 2551/2/2 2552/2/2
f 2181/2/4 2552/2/4 2551/2/4 2553/2/4
f 2554/2/6 2553/2/6 2551/2/6 2548/2/6
f 2180/2/5 2178/2/5 2552/2/5 2181/2/5
f 2555/6/2 2556/6/2 2557/6/2 2558/6/2
f 2559/6/1 2560/6/1 2561/6/1 2562/6/1
f 2559/6/3 2562/6/3 2556/6/3 2555/6/3
f 2562/6/6 2561/6/6 2557/6/6 2556/6/6
f 2559/6/5 2555/6/5 2558/6/5 2560/6/5
f 2181/5/2 2553/5/2 2563/5/2 2564/5/2
f 2184/5/1 2565/5/1 2566/5/1 2550/5/1
f 2550/5/6 2566/5/6 2563/5/6 2553/5/6
f 2184/5/5 2181/5/5 2564/5/5 2565/5/5
f 2558/6/2 2557/6/2 2567/6/2 2568/6/2
f 2560/6/1 2198/6/1 2569/6/1 2561/6/1
f 2198/6/4 2568/6/4 2567/6/4 2569/6/4
f 2561/6/6 2569/6/6 2567/6/6 2557/6/6
f 2560/6/5 2558/6/5 2568/6/5 2198/6/5
f 2564/2/2 2563/2/2 2570/2/2 2206/2/2
f 2565/2/1 2212/2/1 2571/2/1 2566/2/1
f 2212/2/4 2206/2/4 2570/2/4 2571/2/4
f 2566/2/6 2571/2/6 2570/2/6 2563/2/6
f 2565/2/5 2564/2/5 2206/2/5 2212/2/5
f 2193/5/2 2572/5/2 2573/5/2 2227/5/2
f 2196/5/1 2226/5/1 2574/5/1 2575/5/1
f 2196/5/3 2575/5/3 2572/5/3 2193/5/3
f 2196/5/5 2193/5/5 2227/5/5 2226/5/5
f 2576/6/2 2577/6/2 2578/6/2 2579/6/2
f 2580/6/1 2581/6/1 2582/6/1 2583/6/1
f 2580/6/3 2583/6/3 2577/6/3 2576/6/3
f 2583/6/6 2582/6/6 2578/6/6 2577/6/6
f 2580/6/5 2576/6/5 2579/6/5 2581/6/5
f 2584/7/2 2585/7/2 2586/7/2 2587/7/2
f 2214/7/1 2215/7/1 2588/7/1 2589/7/1
f 2214/7/3 2589/7/3 2585/7/3 2584/7/3
f 2215/7/4 2587/7/4 2586/7/4 2588/7/4
f 2589/7/6 2588/7/6 2586/7/6 2585/7/6
f 2214/7/5 2584/7/5 2587/7/5 2215/7/5
f 2199/6/1 2219/6/1 2590/6/1 2591/6/1
f 2199/6/3 2591/6/3 2592/6/3 2225/6/3
f 2199/6/5 2225/6/5 2224/6/5 2219/6/5
f 2225/6/3 2592/6/3 2574/6/3 2226/6/3
f 2227/6/3 2573/6/3 2593/6/3 2211/6/3
f 2207/5/2 2594/5/2 2595/5/2 2238/5/2
f 2211/5/3 2593/5/3 2594/5/3 2207/5/3
f 2211/5/5 2207/5/5 2238/5/5 2228/5/5
f 2579/6/2 2578/6/2 2596/6/2 2243/6/2
f 2581/6/1 2242/6/1 2597/6/1 2582/6/1
f 2242/6/4 2243/6/4 2596/6/4 2597/6/4
f 2582/6/6 2597/6/6 2596/6/6 2578/6/6
f 2581/6/5 2579/6/5 2243/6/5 2242/6/5
f 2235/9/2 2598/9/2 2599/9/2 2234/9/2
f 2600/9/1 2601/9/1 2602/9/1 2603/9/1
f 2600/9/3 2603/9/3 2598/9/3 2235/9/3
f 2601/9/4 2234/9/4 2599/9/4 2602/9/4
f 2603/9/6 2602/9/6 2599/9/6 2598/9/6
f 2600/9/5 2235/9/5 2234/9/5 2601/9/5
f 2604/10/2 2605/10/2 2606/10/2 2249/10/2
f 2230/10/1 2231/10/1 2607/10/1 2608/10/1
f 2230/10/3 2608/10/3 2605/10/3 2604/10/3
f 2608/10/6 2607/10/6 2606/10/6 2605/10/6
f 2230/10/5 2604/10/5 2249/10/5 2231/10/5
f 2587/7/1 2609/7/1 2610/7/1 2586/7/1
f 2587/7/3 2586/7/3 2611/7/3 2612/7/3
f 2609/7/4 2613/7/4 2614/7/4 2610/7/4
f 2586/7/6 2610/7/6 2614/7/6 2611/7/6
f 2587/7/5 2612/7/5 2613/7/5 2609/7/5
f 2612/9/3 2611/9/3 2615/9/3 2616/9/3
f 2613/9/4 2617/9/4 2618/9/4 2614/9/4
f 2611/9/6 2614/9/6 2618/9/6 2615/9/6
f 2612/9/5 2616/9/5 2617/9/5 2613/9/5
f 2616/11/3 2615/11/3 2619/11/3 2620/11/3
f 2617/11/4 2621/11/4 2622/11/4 2618/11/4
f 2615/11/6 2618/11/6 2622/11/6 2619/11/6
f 2616/11/5 2620/11/5 2621/11/5 2617/11/5
f 2623/11/2 2624/11/2 2625/11/2 2263/11/2
f 2620/11/3 2619/11/3 2624/11/3 2623/11/3
f 2621/11/4 2263/11/4 2625/11/4 2622/11/4
f 2619/11/6 2622/11/6 2625/11/6 2624/11/6
f 2620/11/5 2623/11/5 2263/11/5 2621/11/5
f 2222/6/1 2266/6/1 2626/6/1 2627/6/1
f 2222/6/3 2627/6/3 2590/6/3 2219/6/3
f 2222/6/5 2219/6/5 2236/6/5 2266/6/5
f 2242/6/2 2597/6/2 2628/6/2 2241/6/2
f 2238/6/3 2595/6/3 2597/6/3 2242/6/3
f 2238/6/5 2242/6/5 2241/6/5 2239/6/5
f 2601/2/2 2602/2/2 2629/2/2 2269/2/2
f 2630/2/1 2272/2/1 2631/2/1 2632/2/1
f 2630/2/3 2632/2/3 2602/2/3 2601/2/3
f 2272/2/4 2269/2/4 2629/2/4 2631/2/4
f 2632/2/6 2631/2/6 2629/2/6 2602/2/6
f 2630/2/5 2601/2/5 2269/2/5 2272/2/5
f 2231/9/1 2251/9/1 2633/9/1 2607/9/1
f 2251/9/4 2250/9/4 2634/9/4 2633/9/4
f 2607/9/6 2633/9/6 2634/9/6 2606/9/6
f 2253/9/2 2635/9/2 2636/9/2 2252/9/2
f 2249/9/3 2606/9/3 2635/9/3 2253/9/3
f 2250/9/4 2252/9/4 2636/9/4 2634/9/4
f 2606/9/6 2634/9/6 2636/9/6 2635/9/6
f 2249/9/5 2253/9/5 2252/9/5 2250/9/5
f 2637/2/1 2286/2/1 2638/2/1 2639/2/1
f 2637/2/3 2639/2/3 2626/2/3 2266/2/3
f 2637/2/5 2266/2/5 2265/2/5 2286/2/5
f 2245/2/2 2640/2/2 2641/2/2 2287/2/2
f 2241/2/3 2628/2/3 2640/2/3 2245/2/3
f 2241/2/5 2245/2/5 2287/2/5 2267/2/5
f 2252/2/1 2642/2/1 2643/2/1 2636/2/1
f 2252/2/3 2636/2/3 2644/2/3 2256/2/3
f 2252/2/5 2256/2/5 2299/2/5 2642/2/5
f 2256/2/3 2644/2/3 2645/2/3 2258/2/3
f 2256/2/5 2258/2/5 2274/2/5 2299/2/5
f 2275/9/2 2646/9/2 2647/9/2 2278/9/2
f 2258/9/3 2645/9/3 2646/9/3 2275/9/3
f 2274/9/4 2278/9/4 2647/9/4 2648/9/4
f 2645/9/6 2648/9/6 2647/9/6 2646/9/6
f 2649/4/1 2650/4/1 2651/4/1 2652/4/1
f 2649/4/3 2652/4/3 2638/4/3 2286/4/3
f 2649/4/5 2286/4/5 2285/4/5 2650/4/5
f 2287/2/3 2641/2/3 2653/2/3 2654/2/3
f 2287/2/5 2654/2/5 2307/2/5 2288/2/5
f 2654/4/3 2653/4/3 2655/4/3 2271/4/3
f 2654/4/5 2271/4/5 2310/4/5 2307/4/5
f 2270/4/2 2656/4/2 2657/4/2 2289/4/2
f 2271/4/3 2655/4/3 2656/4/3 2270/4/3
f 2271/4/5 2270/4/5 2289/4/5 2310/4/5
f 2658/2/1 2314/2/1 2659/2/1 2660/2/1
f 2658/2/3 2660/2/3 2643/2/3 2642/2/3
f 2314/2/4 2317/2/4 2661/2/4 2659/2/4
f 2660/2/6 2659/2/6 2661/2/6 2643/2/6
f 2658/2/5 2642/2/5 2317/2/5 2314/2/5
f 2317/9/4 2298/9/4 2662/9/4 2661/9/4
f 2642/9/5 2299/9/5 2298/9/5 2317/9/5
f 2274/9/2 2648/9/2 2663/9/2 2301/9/2
f 2298/9/4 2301/9/4 2663/9/4 2662/9/4
f 2664/9/2 2665/9/2 2666/9/2 2323/9/2
f 2667/9/1 2326/9/1 2668/9/1 2669/9/1
f 2667/9/3 2669/9/3 2665/9/3 2664/9/3
f 2326/9/4 2323/9/4 2666/9/4 2668/9/4
f 2669/9/6 2668/9/6 2666/9/6 2665/9/6
f 2667/9/5 2664/9/5 2323/9/5 2326/9/5
f 2281/11/2 2670/11/2 2671/11/2 2328/11/2
f 2283/11/1 2334/11/1 2672/11/1 2673/11/1
f 2283/11/3 2673/11/3 2670/11/3 2281/11/3
f 2283/11/5 2281/11/5 2328/11/5 2334/11/5
f 2650/4/1 2674/4/1 2675/4/1 2651/4/1
f 2650/4/5 2285/4/5 2306/4/5 2674/4/5
f 2289/9/3 2657/9/3 2676/9/3 2292/9/3
f 2289/9/5 2292/9/5 2677/9/5 2312/9/5
f 2292/9/3 2676/9/3 2678/9/3 2295/9/3
f 2292/9/5 2295/9/5 2313/9/5 2677/9/5
f 2314/9/2 2659/9/2 2679/9/2 2316/9/2
f 2295/9/3 2678/9/3 2659/9/3 2314/9/3
f 2326/11/2 2668/11/2 2680/11/2 2325/11/2
f 2304/11/1 2681/11/1 2682/11/1 2683/11/1
f 2304/11/3 2683/11/3 2668/11/3 2326/11/3
f 2681/11/4 2325/11/4 2680/11/4 2682/11/4
f 2683/11/6 2682/11/6 2680/11/6 2668/11/6
f 2304/11/5 2326/11/5 2325/11/5 2681/11/5
f 2323/9/1 2324/9/1 2684/9/1 2666/9/1
f 2323/9/3 2666/9/3 2672/9/3 2334/9/3
f 2323/9/5 2334/9/5 2333/9/5 2324/9/5
f 2328/8/2 2671/8/2 2685/8/2 2329/8/2
f 2674/6/1 2686/6/1 2687/6/1 2675/6/1
f 2674/6/5 2306/6/5 2336/6/5 2686/6/5
f 2312/9/5 2677/9/5 2688/9/5 2339/9/5
f 2677/9/5 2313/9/5 2689/9/5 2688/9/5
f 2316/9/2 2679/9/2 2690/9/2 2351/9/2
f 2313/9/5 2316/9/5 2351/9/5 2689/9/5
f 2324/9/1 2691/9/1 2692/9/1 2684/9/1
f 2324/9/5 2333/9/5 2343/9/5 2691/9/5
f 2329/9/2 2685/9/2 2693/9/2 2341/9/2
f 2686/6/1 2694/6/1 2695/6/1 2687/6/1
f 2686/6/5 2336/6/5 2345/6/5 2694/6/5
f 2339/9/5 2688/9/5 2696/9/5 2348/9/5
f 2688/9/5 2689/9/5 2697/9/5 2696/9/5
f 2351/9/2 2690/9/2 2698/9/2 2350/9/2
f 2689/9/5 2351/9/5 2350/9/5 2697/9/5
f 2691/8/1 2699/8/1 2700/8/1 2692/8/1
f 2691/8/5 2343/8/5 2358/8/5 2699/8/5
f 2341/8/2 2693/8/2 2701/8/2 2356/8/2
f 2694/1/1 2702/1/1 2703/1/1 2695/1/1
f 2694/1/5 2345/1/5 2360/1/5 2702/1/5
f 2348/8/5 2696/8/5 2704/8/5 2363/8/5
f 2696/9/5 2697/9/5 2375/9/5 2704/9/5
f 2350/8/2 2698/8/2 2705/8/2 2376/8/2
f 2697/8/5 2350/8/5 2376/8/5 2375/8/5
f 2699/7/1 2382/7/1 2706/7/1 2700/7/1
f 2699/7/5 2358/7/5 2366/7/5 2382/7/5
f 2356/10/2 2701/10/2 2707/10/2 2365/10/2
f 2702/4/1 2708/4/1 2709/4/1 2703/4/1
f 2702/4/5 2360/4/5 2367/4/5 2708/4/5
f 2372/9/4 2393/9/4 2710/9/4 2711/9/4
f 2363/9/5 2704/9/5 2393/9/5 2372/9/5
f 2393/9/4 2374/9/4 2712/9/4 2710/9/4
f 2704/9/5 2375/9/5 2374/9/5 2393/9/5
f 2376/8/2 2705/8/2 2713/8/2 2377/8/2
f 2374/8/4 2377/8/4 2713/8/4 2712/8/4
f 2386/9/2 2714/9/2 2715/9/2 2385/9/2
f 2716/9/1 2408/9/1 2717/9/1 2718/9/1
f 2716/9/3 2718/9/3 2714/9/3 2386/9/3
f 2408/9/4 2385/9/4 2715/9/4 2717/9/4
f 2718/9/6 2717/9/6 2715/9/6 2714/9/6
f 2716/9/5 2386/9/5 2385/9/5 2408/9/5
f 2382/9/1 2383/9/1 2719/9/1 2706/9/1
f 2383/9/4 2388/9/4 2720/9/4 2719/9/4
f 2382/9/5 2366/9/5 2388/9/5 2383/9/5
f 2365/9/2 2707/9/2 2721/9/2 2387/9/2
f 2708/6/1 2722/6/1 2723/6/1 2709/6/1
f 2708/6/5 2367/6/5 2389/6/5 2722/6/5
f 2390/2/4 2724/2/4 2725/2/4 2726/2/4
f 2370/2/5 2369/2/5 2724/2/5 2390/2/5
f 2724/8/4 2423/8/4 2727/8/4 2725/8/4
f 2369/8/5 2371/8/5 2423/8/5 2724/8/5
f 2372/9/2 2711/9/2 2728/9/2 2392/9/2
f 2423/9/4 2392/9/4 2728/9/4 2727/9/4
f 2371/9/5 2372/9/5 2392/9/5 2423/9/5
f 2377/8/1 2399/8/1 2729/8/1 2713/8/1
f 2377/8/3 2713/8/3 2730/8/3 2379/8/3
f 2399/8/4 2398/8/4 2731/8/4 2729/8/4
f 2713/8/6 2729/8/6 2731/8/6 2730/8/6
f 2379/8/3 2730/8/3 2732/8/3 2381/8/3
f 2398/8/4 2401/8/4 2733/8/4 2731/8/4
f 2730/8/6 2731/8/6 2733/8/6 2732/8/6
f 2379/8/5 2381/8/5 2401/8/5 2398/8/5
f 2402/8/2 2734/8/2 2735/8/2 2405/8/2
f 2381/8/3 2732/8/3 2734/8/3 2402/8/3
f 2732/8/6 2733/8/6 2735/8/6 2734/8/6
f 2387/10/2 2721/10/2 2736/10/2 2737/10/2
f 2388/10/1 2738/10/1 2739/10/1 2720/10/1
f 2738/10/4 2737/10/4 2736/10/4 2739/10/4
f 2388/10/5 2387/10/5 2737/10/5 2738/10/5
f 2722/4/1 2430/4/1 2740/4/1 2723/4/1
f 2430/4/4 2417/4/4 2741/4/4 2740/4/4
f 2722/4/5 2389/4/5 2417/4/5 2430/4/5
f 2390/4/2 2726/4/2 2742/4/2 2440/4/2
f 2419/4/4 2440/4/4 2742/4/4 2743/4/4
f 2391/4/5 2390/4/5 2440/4/5 2419/4/5
f 2392/7/1 2421/7/1 2744/7/1 2728/7/1
f 2392/7/3 2728/7/3 2745/7/3 2395/7/3
f 2421/7/4 2746/7/4 2747/7/4 2744/7/4
f 2728/7/6 2744/7/6 2747/7/6 2745/7/6
f 2392/7/5 2395/7/5 2746/7/5 2421/7/5
f 2396/9/2 2748/9/2 2749/9/2 2750/9/2
f 2395/9/3 2745/9/3 2748/9/3 2396/9/3
f 2746/9/4 2750/9/4 2749/9/4 2747/9/4
f 2745/9/6 2747/9/6 2749/9/6 2748/9/6
f 2395/9/5 2396/9/5 2750/9/5 2746/9/5
f 2401/8/1 2446/8/1 2751/8/1 2733/8/1
f 2446/8/4 2426/8/4 2752/8/4 2751/8/4
f 2733/8/6 2751/8/6 2752/8/6 2735/8/6
f 2401/8/5 2405/8/5 2426/8/5 2446/8/5
f 2407/9/2 2753/9/2 2754/9/2 2427/9/2
f 2405/9/3 2735/9/3 2753/9/3 2407/9/3
f 2426/9/4 2427/9/4 2754/9/4 2752/9/4
f 2735/9/6 2752/9/6 2754/9/6 2753/9/6
f 2409/9/2 2755/9/2 2756/9/2 2757/9/2
f 2411/9/1 2428/9/1 2758/9/1 2759/9/1
f 2411/9/3 2759/9/3 2755/9/3 2409/9/3
f 2428/9/4 2757/9/4 2756/9/4 2758/9/4
f 2411/9/5 2409/9/5 2757/9/5 2428/9/5
f 2416/9/1 2760/9/1 2761/9/1 2762/9/1
f 2416/9/3 2762/9/3 2763/9/3 2413/9/3
f 2760/9/4 2764/9/4 2765/9/4 2761/9/4
f 2762/9/6 2761/9/6 2765/9/6 2763/9/6
f 2416/9/5 2413/9/5 2764/9/5 2760/9/5
f 2738/9/2 2739/9/2 2766/9/2 2767/9/2
f 2413/9/3 2763/9/3 2739/9/3 2738/9/3
f 2764/9/4 2767/9/4 2766/9/4 2765/9/4
f 2763/9/6 2765/9/6 2766/9/6 2739/9/6
f 2413/9/5 2738/9/5 2767/9/5 2764/9/5
f 2417/4/1 2768/4/1 2769/4/1 2741/4/1
f 2768/4/4 2435/4/4 2770/4/4 2769/4/4
f 2417/4/5 2418/4/5 2435/4/5 2768/4/5
f 2419/4/2 2743/4/2 2771/4/2 2444/4/2
f 2437/4/4 2444/4/4 2771/4/4 2772/4/4
f 2420/4/5 2419/4/5 2444/4/5 2437/4/5
f 2421/8/2 2744/8/2 2773/8/2 2774/8/2
f 2422/8/1 2775/8/1 2776/8/1 2777/8/1
f 2422/8/3 2777/8/3 2744/8/3 2421/8/3
f 2775/8/4 2774/8/4 2773/8/4 2776/8/4
f 2777/8/6 2776/8/6 2773/8/6 2744/8/6
f 2422/8/5 2421/8/5 2774/8/5 2775/8/5
f 2750/8/1 2778/8/1 2779/8/1 2749/8/1
f 2750/8/3 2749/8/3 2780/8/3 2425/8/3
f 2778/8/4 2781/8/4 2782/8/4 2779/8/4
f 2749/8/6 2779/8/6 2782/8/6 2780/8/6
f 2750/8/5 2425/8/5 2781/8/5 2778/8/5
f 2424/8/2 2783/8/2 2784/8/2 2445/8/2
f 2425/8/3 2780/8/3 2783/8/3 2424/8/3
f 2781/8/4 2445/8/4 2784/8/4 2782/8/4
f 2780/8/6 2782/8/6 2784/8/6 2783/8/6
f 2425/8/5 2424/8/5 2445/8/5 2781/8/5
f 2435/4/1 2785/4/1 2786/4/1 2770/4/1
f 2785/4/4 2451/4/4 2787/4/4 2786/4/4
f 2435/4/5 2436/4/5 2451/4/5 2785/4/5
f 2437/4/2 2772/4/2 2788/4/2 2789/4/2
f 2453/4/4 2789/4/4 2788/4/4 2790/4/4
f 2439/4/5 2437/4/5 2789/4/5 2453/4/5
f 2441/4/2 2791/4/2 2792/4/2 2793/4/2
f 2444/4/1 2794/4/1 2795/4/1 2771/4/1
f 2444/4/3 2771/4/3 2791/4/3 2441/4/3
f 2794/4/4 2793/4/4 2792/4/4 2795/4/4
f 2771/4/6 2795/4/6 2792/4/6 2791/4/6
f 2444/4/5 2441/4/5 2793/4/5 2794/4/5
f 2796/9/2 2797/9/2 2798/9/2 2799/9/2
f 2774/9/1 2800/9/1 2801/9/1 2773/9/1
f 2774/9/3 2773/9/3 2797/9/3 2796/9/3
f 2773/9/6 2801/9/6 2798/9/6 2797/9/6
f 2774/9/5 2796/9/5 2799/9/5 2800/9/5
f 2456/9/2 2802/9/2 2803/9/2 2457/9/2
f 2450/9/1 2459/9/1 2804/9/1 2805/9/1
f 2450/9/3 2805/9/3 2802/9/3 2456/9/3
f 2459/9/4 2457/9/4 2803/9/4 2804/9/4
f 2805/9/6 2804/9/6 2803/9/6 2802/9/6
f 2806/9/2 2807/9/2 2808/9/2 2809/9/2
f 2461/9/1 2462/9/1 2810/9/1 2811/9/1
f 2461/9/3 2811/9/3 2807/9/3 2806/9/3
f 2462/9/4 2809/9/4 2808/9/4 2810/9/4
f 2811/9/6 2810/9/6 2808/9/6 2807/9/6
f 2461/9/5 2806/9/5 2809/9/5 2462/9/5
f 2812/4/2 2813/4/2 2814/4/2 2485/4/2
f 2466/4/1 2467/4/1 2815/4/1 2816/4/1
f 2466/4/3 2816/4/3 2813/4/3 2812/4/3
f 2467/4/4 2485/4/4 2814/4/4 2815/4/4
f 2816/4/6 2815/4/6 2814/4/6 2813/4/6
f 2466/4/5 2812/4/5 2485/4/5 2467/4/5
f 2451/4/1 2490/4/1 2817/4/1 2787/4/1
f 2490/4/4 2471/4/4 2818/4/4 2817/4/4
f 2451/4/5 2452/4/5 2471/4/5 2490/4/5
f 2453/4/2 2790/4/2 2819/4/2 2820/4/2
f 2473/4/4 2820/4/4 2819/4/4 2821/4/4
f 2455/4/5 2453/4/5 2820/4/5 2473/4/5
f 2800/9/1 2503/9/1 2822/9/1 2801/9/1
f 2503/9/4 2507/9/4 2823/9/4 2822/9/4
f 2801/9/6 2822/9/6 2823/9/6 2798/9/6
f 2800/9/5 2799/9/5 2507/9/5 2503/9/5
f 2799/9/3 2798/9/3 2824/9/3 2825/9/3
f 2507/9/4 2511/9/4 2826/9/4 2823/9/4
f 2798/9/6 2823/9/6 2826/9/6 2824/9/6
f 2799/9/5 2825/9/5 2511/9/5 2507/9/5
f 2827/8/2 2828/8/2 2829/8/2 2830/8/2
f 2825/8/3 2824/8/3 2828/8/3 2827/8/3
f 2511/8/4 2830/8/4 2829/8/4 2826/8/4
f 2824/8/6 2826/8/6 2829/8/6 2828/8/6
f 2825/8/5 2827/8/5 2830/8/5 2511/8/5
f 2471/4/1 2831/4/1 2832/4/1 2818/4/1
f 2831/4/4 2833/4/4 2834/4/4 2832/4/4
f 2471/4/5 2472/4/5 2833/4/5 2831/4/5
f 2473/4/2 2821/4/2 2835/4/2 2836/4/2
f 2833/4/4 2836/4/4 2835/4/4 2834/4/4
f 2472/4/5 2473/4/5 2836/4/5 2833/4/5
f 2514/8/1 2515/8/1 2837/8/1 2838/8/1
f 2514/8/3 2838/8/3 2839/8/3 2840/8/3
f 2515/8/4 2841/8/4 2842/8/4 2837/8/4
f 2838/8/6 2837/8/6 2842/8/6 2839/8/6
f 2514/8/5 2840/8/5 2841/8/5 2515/8/5
f 2840/9/3 2839/9/3 2843/9/3 2844/9/3
f 2841/9/4 2845/9/4 2846/9/4 2842/9/4
f 2839/9/6 2842/9/6 2846/9/6 2843/9/6
f 2840/9/5 2844/9/5 2845/9/5 2841/9/5
f 2847/9/2 2848/9/2 2849/9/2 2850/9/2
f 2844/9/3 2843/9/3 2848/9/3 2847/9/3
f 2845/9/4 2850/9/4 2849/9/4 2846/9/4
f 2843/9/6 2846/9/6 2849/9/6 2848/9/6
f 2844/9/5 2847/9/5 2850/9/5 2845/9/5
f 2497/4/1 2851/4/1 2852/4/1 2853/4/1
f 2497/4/3 2853/4/3 2854/4/3 2493/4/3
f 2851/4/4 2855/4/4 2856/4/4 2852/4/4
f 2497/4/5 2493/4/5 2855/4/5 2851/4/5
f 2493/4/3 2854/4/3 2857/4/3 2858/4/3
f 2855/4/4 2859/4/4 2860/4/4 2856/4/4
f 2493/4/5 2858/4/5 2859/4/5 2855/4/5
f 2858/9/3 2857/9/3 2861/9/3 2501/9/3
f 2859/9/4 2862/9/4 2863/9/4 2860/9/4
f 2858/9/5 2501/9/5 2862/9/5 2859/9/5
f 2506/7/2 2864/7/2 2865/7/2 2866/7/2
f 2501/7/3 2861/7/3 2864/7/3 2506/7/3
f 2862/7/4 2866/7/4 2865/7/4 2863/7/4
f 2861/7/6 2863/7/6 2865/7/6 2864/7/6
f 2501/7/5 2506/7/5 2866/7/5 2862/7/5
f 2512/9/1 2867/9/1 2868/9/1 2869/9/1
f 2512/9/3 2869/9/3 2870/9/3 2871/9/3
f 2867/9/4 2872/9/4 2873/9/4 2868/9/4
f 2869/9/6 2868/9/6 2873/9/6 2870/9/6
f 2512/9/5 2871/9/5 2872/9/5 2867/9/5
f 2871/9/3 2870/9/3 2874/9/3 2518/9/3
f 2872/9/4 2875/9/4 2876/9/4 2873/9/4
f 2870/9/6 2873/9/6 2876/9/6 2874/9/6
f 2871/9/5 2518/9/5 2875/9/5 2872/9/5
f 2515/9/2 2837/9/2 2877/9/2 2878/9/2
f 2518/9/3 2874/9/3 2837/9/3 2515/9/3
f 2875/9/4 2878/9/4 2877/9/4 2876/9/4
f 2518/9/5 2515/9/5 2878/9/5 2875/9/5
f 2879/12/1 2880/12/1 2881/12/1 2882/12/1
f 2879/12/3 2882/12/3 2883/12/3 2884/12/3
f 2880/12/4 2885/12/4 2886/12/4 2881/12/4
f 2882/12/6 2881/12/6 2886/12/6 2883/12/6
f 2879/12/5 2884/12/5 2885/12/5 2880/12/5
f 2887/5/2 2888/5/2 2889/5/2 2890/5/2
f 2884/5/3 2883/5/3 2888/5/3 2887/5/3
f 2885/5/4 2890/5/4 2889/5/4 2886/5/4
f 2883/5/6 2886/5/6 2889/5/6 2888/5/6
f 2884/5/5 2887/5/5 2890/5/5 2885/5/5
f 2891/3/1 2892/3/1 2893/3/1 2894/3/1
f 2891/3/3 2894/3/3 2895/3/3 2896/3/3
f 2891/3/5 2896/3/5 2529/3/5 2892/3/5
f 2526/3/2 2897/3/2 2898/3/2 2525/3/2
f 2896/3/3 2895/3/3 2897/3/3 2526/3/3
f 2896/3/5 2526/3/5 2525/3/5 2529/3/5
f 2890/6/1 2536/6/1 2899/6/1 2889/6/1
f 2890/6/3 2889/6/3 2893/6/3 2892/6/3
f 2890/6/5 2892/6/5 2537/6/5 2536/6/5
f 2892/2/5 2529/2/5 2528/2/5 2537/2/5
f 2523/5/2 2900/5/2 2901/5/2 2532/5/2
f 2525/5/3 2898/5/3 2900/5/3 2523/5/3
f 2902/6/1 2903/6/1 2904/6/1 2905/6/1
f 2902/6/3 2905/6/3 2899/6/3 2536/6/3
f 2902/6/5 2536/6/5 2535/6/5 2903/6/5
f 2531/2/2 2906/2/2 2907/2/2 2542/2/2
f 2532/2/3 2901/2/3 2906/2/3 2531/2/3
f 2903/6/1 2908/6/1 2909/6/1 2904/6/1
f 2908/6/4 2544/6/4 2910/6/4 2909/6/4
f 2903/6/5 2535/6/5 2544/6/5 2908/6/5
f 2554/5/4 2548/5/4 2911/5/4 2912/5/4
f 2913/5/6 2912/5/6 2911/5/6 2907/5/6
f 2541/6/2 2914/6/2 2915/6/2 2916/6/2
f 2542/6/3 2907/6/3 2914/6/3 2541/6/3
f 2548/6/4 2916/6/4 2915/6/4 2911/6/4
f 2907/6/6 2911/6/6 2915/6/6 2914/6/6
f 2542/6/5 2541/6/5 2916/6/5 2548/6/5
f 2908/6/2 2909/6/2 2917/6/2 2562/6/2
f 2918/6/1 2919/6/1 2920/6/1 2921/6/1
f 2918/6/3 2921/6/3 2909/6/3 2908/6/3
f 2919/6/4 2562/6/4 2917/6/4 2920/6/4
f 2921/6/6 2920/6/6 2917/6/6 2909/6/6
f 2918/6/5 2908/6/5 2562/6/5 2919/6/5
f 2544/6/1 2556/6/1 2922/6/1 2910/6/1
f 2556/6/4 2923/6/4 2924/6/4 2922/6/4
f 2544/6/5 2546/6/5 2923/6/5 2556/6/5
f 2546/5/5 2547/5/5 2549/5/5 2923/5/5
f 2549/5/4 2550/5/4 2925/5/4 2926/5/4
f 2554/5/2 2912/5/2 2927/5/2 2553/5/2
f 2550/5/4 2553/5/4 2927/5/4 2925/5/4
f 2549/5/2 2926/5/2 2928/5/2 2929/5/2
f 2923/5/1 2930/5/1 2931/5/1 2924/5/1
f 2923/5/5 2549/5/5 2929/5/5 2930/5/5
f 2561/6/2 2932/6/2 2933/6/2 2569/6/2
f 2934/6/1 2935/6/1 2936/6/1 2937/6/1
f 2934/6/3 2937/6/3 2932/6/3 2561/6/3
f 2937/6/6 2936/6/6 2933/6/6 2932/6/6
f 2934/6/5 2561/6/5 2569/6/5 2935/6/5
f 2929/2/2 2928/2/2 2938/2/2 2572/2/2
f 2930/2/1 2575/2/1 2939/2/1 2931/2/1
f 2930/2/5 2929/2/5 2572/2/5 2575/2/5
f 2940/3/2 2941/3/2 2942/3/2 2943/3/2
f 2944/3/1 2577/3/1 2945/3/1 2946/3/1
f 2944/3/3 2946/3/3 2941/3/3 2940/3/3
f 2577/3/4 2943/3/4 2942/3/4 2945/3/4
f 2946/3/6 2945/3/6 2942/3/6 2941/3/6
f 2944/3/5 2940/3/5 2943/3/5 2577/3/5
f 2569/6/2 2933/6/2 2947/6/2 2591/6/2
f 2935/6/1 2948/6/1 2949/6/1 2936/6/1
f 2936/6/6 2949/6/6 2947/6/6 2933/6/6
f 2935/6/5 2569/6/5 2591/6/5 2948/6/5
f 2567/6/1 2592/6/1 2950/6/1 2951/6/1
f 2567/6/3 2951/6/3 2939/6/3 2575/6/3
f 2567/6/5 2575/6/5 2574/6/5 2592/6/5
f 2571/2/2 2952/2/2 2953/2/2 2593/2/2
f 2572/2/3 2938/2/3 2952/2/3 2571/2/3
f 2572/2/5 2571/2/5 2593/2/5 2573/2/5
f 2583/6/2 2954/6/2 2955/6/2 2582/6/2
f 2570/6/1 2594/6/1 2956/6/1 2957/6/1
f 2570/6/3 2957/6/3 2954/6/3 2583/6/3
f 2957/6/6 2956/6/6 2955/6/6 2954/6/6
f 2570/6/5 2583/6/5 2582/6/5 2594/6/5
f 2958/6/2 2959/6/2 2960/6/2 2961/6/2
f 2943/6/1 2962/6/1 2963/6/1 2942/6/1
f 2943/6/3 2942/6/3 2959/6/3 2958/6/3
f 2962/6/4 2961/6/4 2960/6/4 2963/6/4
f 2942/6/6 2963/6/6 2960/6/6 2959/6/6
f 2943/6/5 2958/6/5 2961/6/5 2962/6/5
f 2964/2/1 2603/2/1 2965/2/1 2966/2/1
f 2964/2/3 2966/2/3 2967/2/3 2968/2/3
f 2603/2/4 2598/2/4 2969/2/4 2965/2/4
f 2966/2/6 2965/2/6 2969/2/6 2967/2/6
f 2964/2/5 2968/2/5 2598/2/5 2603/2/5
f 2968/7/3 2967/7/3 2970/7/3 2971/7/3
f 2598/7/4 2608/7/4 2972/7/4 2969/7/4
f 2967/7/6 2969/7/6 2972/7/6 2970/7/6
f 2968/7/5 2971/7/5 2608/7/5 2598/7/5
f 2973/11/2 2974/11/2 2975/11/2 2605/11/2
f 2971/11/3 2970/11/3 2974/11/3 2973/11/3
f 2608/11/4 2605/11/4 2975/11/4 2972/11/4
f 2971/11/5 2973/11/5 2605/11/5 2608/11/5
f 2585/9/1 2586/9/1 2976/9/1 2977/9/1
f 2585/9/3 2977/9/3 2978/9/3 2979/9/3
f 2586/9/4 2611/9/4 2980/9/4 2976/9/4
f 2585/9/5 2979/9/5 2611/9/5 2586/9/5
f 2979/7/3 2978/7/3 2981/7/3 2982/7/3
f 2611/7/4 2615/7/4 2983/7/4 2980/7/4
f 2979/7/5 2982/7/5 2615/7/5 2611/7/5
f 2982/8/3 2981/8/3 2984/8/3 2985/8/3
f 2615/8/4 2619/8/4 2986/8/4 2983/8/4
f 2982/8/5 2985/8/5 2619/8/5 2615/8/5
f 2987/9/2 2988/9/2 2989/9/2 2624/9/2
f 2985/9/3 2984/9/3 2988/9/3 2987/9/3
f 2619/9/4 2624/9/4 2989/9/4 2986/9/4
f 2985/9/5 2987/9/5 2624/9/5 2619/9/5
f 2948/6/1 2627/6/1 2990/6/1 2949/6/1
f 2948/6/5 2591/6/5 2590/6/5 2627/6/5
f 2591/6/3 2947/6/3 2950/6/3 2592/6/3
f 2593/2/3 2953/2/3 2956/2/3 2594/2/3
f 2582/6/2 2955/6/2 2991/6/2 2597/6/2
f 2594/6/5 2582/6/5 2597/6/5 2595/6/5
f 2603/2/2 2965/2/2 2992/2/2 2602/2/2
f 2961/2/1 2632/2/1 2993/2/1 2960/2/1
f 2961/2/3 2960/2/3 2965/2/3 2603/2/3
f 2632/2/4 2602/2/4 2992/2/4 2993/2/4
f 2960/2/6 2993/2/6 2992/2/6 2965/2/6
f 2961/2/5 2603/2/5 2602/2/5 2632/2/5
f 2605/8/1 2606/8/1 2994/8/1 2975/8/1
f 2605/8/3 2975/8/3 2995/8/3 2996/8/3
f 2606/8/4 2635/8/4 2997/8/4 2994/8/4
f 2605/8/5 2996/8/5 2635/8/5 2606/8/5
f 2996/8/3 2995/8/3 2998/8/3 2999/8/3
f 2635/8/4 3000/8/4 3001/8/4 2997/8/4
f 2995/8/6 2997/8/6 3001/8/6 2998/8/6
f 2996/8/5 2999/8/5 3000/8/5 2635/8/5
f 2999/8/3 2998/8/3 3002/8/3 2588/8/3
f 3000/8/4 3003/8/4 3004/8/4 3001/8/4
f 2998/8/6 3001/8/6 3004/8/6 3002/8/6
f 2999/8/5 2588/8/5 3003/8/5 3000/8/5
f 2586/8/2 2976/8/2 3005/8/2 2610/8/2
f 2588/8/3 3002/8/3 2976/8/3 2586/8/3
f 3003/8/4 2610/8/4 3005/8/4 3004/8/4
f 3002/8/6 3004/8/6 3005/8/6 2976/8/6
f 2588/8/5 2586/8/5 2610/8/5 3003/8/5
f 3006/9/2 3007/9/2 3008/9/2 3009/9/2
f 2624/9/1 2625/9/1 3010/9/1 2989/9/1
f 2624/9/3 2989/9/3 3007/9/3 3006/9/3
f 2625/9/4 3009/9/4 3008/9/4 3010/9/4
f 2989/9/6 3010/9/6 3008/9/6 3007/9/6
f 2624/9/5 3006/9/5 3009/9/5 2625/9/5
f 3011/1/1 2639/1/1 3012/1/1 3013/1/1
f 3011/1/3 3013/1/3 2990/1/3 2627/1/3
f 3011/1/5 2627/1/5 2626/1/5 2639/1/5
f 2596/6/2 3014/6/2 3015/6/2 2640/6/2
f 2597/6/3 2991/6/3 3014/6/3 2596/6/3
f 2597/6/5 2596/6/5 2640/6/5 2628/6/5
f 2602/9/1 2629/9/1 3016/9/1 2992/9/1
f 2602/9/3 2992/9/3 3017/9/3 2599/9/3
f 2629/9/4 3018/9/4 3019/9/4 3016/9/4
f 2992/9/6 3016/9/6 3019/9/6 3017/9/6
f 2602/9/5 2599/9/5 3018/9/5 2629/9/5
f 2607/9/2 3020/9/2 3021/9/2 2633/9/2
f 2599/9/3 3017/9/3 3020/9/3 2607/9/3
f 3018/9/4 2633/9/4 3021/9/4 3019/9/4
f 3017/9/6 3019/9/6 3021/9/6 3020/9/6
f 2599/9/5 2607/9/5 2633/9/5 3018/9/5
f 3022/6/1 2652/6/1 3023/6/1 3024/6/1
f 3022/6/3 3024/6/3 3012/6/3 2639/6/3
f 3022/6/5 2639/6/5 2638/6/5 2652/6/5
f 2640/2/3 3015/2/3 3025/2/3 3026/2/3
f 2640/2/5 3026/2/5 2653/2/5 2641/2/5
f 3026/2/3 3025/2/3 3027/2/3 2631/2/3
f 3026/2/5 2631/2/5 2655/2/5 2653/2/5
f 2629/2/2 3016/2/2 3028/2/2 2656/2/2
f 2631/2/3 3027/2/3 3016/2/3 2629/2/3
f 2631/2/5 2629/2/5 2656/2/5 2655/2/5
f 2636/2/1 2643/2/1 3029/2/1 3030/2/1
f 2636/2/3 3030/2/3 3031/2/3 2644/2/3
f 2645/9/2 3032/9/2 3033/9/2 2648/9/2
f 2644/9/3 3031/9/3 3032/9/3 2645/9/3
f 3034/9/2 3035/9/2 3036/9/2 3037/9/2
f 2646/9/1 2647/9/1 3038/9/1 3039/9/1
f 2646/9/3 3039/9/3 3035/9/3 3034/9/3
f 2647/9/4 3037/9/4 3036/9/4 3038/9/4
f 3039/9/6 3038/9/6 3036/9/6 3035/9/6
f 2646/9/5 3034/9/5 3037/9/5 2647/9/5
f 3040/9/2 3041/9/2 3042/9/2 2665/9/2
f 3043/9/1 2669/9/1 3044/9/1 3045/9/1
f 3043/9/3 3045/9/3 3041/9/3 3040/9/3
f 2669/9/4 2665/9/4 3042/9/4 3044/9/4
f 3045/9/6 3044/9/6 3042/9/6 3041/9/6
f 3043/9/5 3040/9/5 2665/9/5 2669/9/5
f 3046/8/2 3047/8/2 3048/8/2 2670/8/2
f 3049/8/1 2673/8/1 3050/8/1 3051/8/1
f 3049/8/3 3051/8/3 3047/8/3 3046/8/3
f 3049/8/5 3046/8/5 2670/8/5 2673/8/5
f 2652/2/1 2651/2/1 3052/2/1 3023/2/1
f 2656/9/3 3028/9/3 3053/9/3 3054/9/3
f 2656/9/5 3054/9/5 2676/9/5 2657/9/5
f 3054/9/3 3053/9/3 3055/9/3 3056/9/3
f 3054/9/5 3056/9/5 2678/9/5 2676/9/5
f 2660/9/2 3057/9/2 3058/9/2 2659/9/2
f 3056/9/3 3055/9/3 3057/9/3 2660/9/3
f 3056/9/5 2660/9/5 2659/9/5 2678/9/5
f 2643/9/1 2661/9/1 3059/9/1 3029/9/1
f 2661/9/4 2662/9/4 3060/9/4 3059/9/4
f 2648/9/2 3033/9/2 3061/9/2 2663/9/2
f 2662/9/4 2663/9/4 3061/9/4 3060/9/4
f 2665/10/1 2666/10/1 3062/10/1 3042/10/1
f 2665/10/3 3042/10/3 3050/10/3 2673/10/3
f 2665/10/5 2673/10/5 2672/10/5 2666/10/5
f 2670/9/2 3048/9/2 3063/9/2 2671/9/2
f 2651/4/1 2675/4/1 3064/4/1 3052/4/1
f 2661/9/2 3059/9/2 3065/9/2 3066/9/2
f 2659/9/3 3058/9/3 3059/9/3 2661/9/3
f 2659/9/5 2661/9/5 3066/9/5 2679/9/5
f 2668/9/1 2680/9/1 3067/9/1 3068/9/1
f 2668/9/3 3068/9/3 3062/9/3 2666/9/3
f 2668/9/5 2666/9/5 2684/9/5 2680/9/5
f 2671/9/2 3063/9/2 3069/9/2 2685/9/2
f 2675/4/1 2687/4/1 3070/4/1 3064/4/1
f 2679/9/5 3066/9/5 3071/9/5 2690/9/5
f 3066/9/3 3065/9/3 3072/9/3 3073/9/3
f 3066/9/5 3073/9/5 3074/9/5 3071/9/5
f 3075/9/2 3076/9/2 3077/9/2 3078/9/2
f 3073/9/3 3072/9/3 3076/9/3 3075/9/3
f 3073/9/5 3075/9/5 3078/9/5 3074/9/5
f 2682/9/2 3079/9/2 3080/9/2 3081/9/2
f 3082/9/1 3083/9/1 3084/9/1 3085/9/1
f 3082/9/3 3085/9/3 3079/9/3 2682/9/3
f 3083/9/4 3081/9/4 3080/9/4 3084/9/4
f 3082/9/5 2682/9/5 3081/9/5 3083/9/5
f 2680/9/1 3086/9/1 3087/9/1 3067/9/1
f 2680/9/5 2684/9/5 2692/9/5 3086/9/5
f 2685/9/2 3069/9/2 3088/9/2 2693/9/2
f 2687/6/1 2695/6/1 3089/6/1 3070/6/1
f 2690/9/5 3071/9/5 3090/9/5 2698/9/5
f 3071/9/5 3074/9/5 3091/9/5 3090/9/5
f 3078/9/2 3077/9/2 3092/9/2 3093/9/2
f 3074/9/5 3078/9/5 3093/9/5 3091/9/5
f 3086/8/1 3094/8/1 3095/8/1 3087/8/1
f 3086/8/5 2692/8/5 2700/8/5 3094/8/5
f 2693/8/2 3088/8/2 3096/8/2 2701/8/2
f 2695/2/1 2703/2/1 3097/2/1 3089/2/1
f 2698/9/5 3090/9/5 3098/9/5 2705/9/5
f 3090/9/5 3091/9/5 3099/9/5 3098/9/5
f 3093/2/2 3092/2/2 3100/2/2 3101/2/2
f 3091/2/5 3093/2/5 3101/2/5 3099/2/5
f 3102/9/2 3103/9/2 3104/9/2 2718/9/2
f 3105/9/1 3106/9/1 3107/9/1 3108/9/1
f 3105/9/3 3108/9/3 3103/9/3 3102/9/3
f 3106/9/4 2718/9/4 3104/9/4 3107/9/4
f 3105/9/5 3102/9/5 2718/9/5 3106/9/5
f 3094/8/1 2714/8/1 3109/8/1 3095/8/1
f 3094/8/5 2700/8/5 2706/8/5 2714/8/5
f 2701/8/2 3096/8/2 3110/8/2 2707/8/2
f 2703/2/1 2709/2/1 3111/2/1 3097/2/1
f 2713/9/4 2730/9/4 3112/9/4 3113/9/4
f 2705/9/5 3098/9/5 2730/9/5 2713/9/5
f 2730/9/4 2732/9/4 3114/9/4 3112/9/4
f 3098/9/5 3099/9/5 2732/9/5 2730/9/5
f 3101/9/2 3100/9/2 3115/9/2 2734/9/2
f 2732/9/4 2734/9/4 3115/9/4 3114/9/4
f 3099/9/5 3101/9/5 2734/9/5 2732/9/5
f 2714/9/1 2715/9/1 3116/9/1 3109/9/1
f 2715/9/4 2719/9/4 3117/9/4 3116/9/4
f 2714/9/5 2706/9/5 2719/9/5 2715/9/5
f 2707/9/2 3110/9/2 3118/9/2 2721/9/2
f 2709/6/1 2723/6/1 3119/6/1 3111/6/1
f 2728/9/4 2745/9/4 3120/9/4 3121/9/4
f 2711/9/5 2710/9/5 2745/9/5 2728/9/5
f 2745/9/4 2748/9/4 3122/9/4 3120/9/4
f 2710/9/5 2712/9/5 2748/9/5 2745/9/5
f 2713/9/2 3113/9/2 3123/9/2 2729/9/2
f 2712/9/5 2713/9/5 2729/9/5 2748/9/5
f 2719/9/1 2763/9/1 3124/9/1 3117/9/1
f 2763/9/4 2739/9/4 3125/9/4 3124/9/4
f 2719/9/5 2720/9/5 2739/9/5 2763/9/5
f 2721/9/2 3118/9/2 3126/9/2 2736/9/2
f 2723/4/1 2740/4/1 3127/4/1 3119/4/1
f 2742/6/4 3128/6/4 3129/6/4 3130/6/4
f 2726/6/5 2725/6/5 3128/6/5 2742/6/5
f 3128/9/4 2777/9/4 3131/9/4 3129/9/4
f 2725/9/5 2727/9/5 2777/9/5 3128/9/5
f 2728/9/2 3121/9/2 3132/9/2 2744/9/2
f 2777/9/4 2744/9/4 3132/9/4 3131/9/4
f 2727/9/5 2728/9/5 2744/9/5 2777/9/5
f 2748/9/1 2749/9/1 3133/9/1 3122/9/1
f 2749/9/4 2780/9/4 3134/9/4 3133/9/4
f 2748/9/5 2729/9/5 2780/9/5 2749/9/5
f 2729/9/3 3123/9/3 3135/9/3 2731/9/3
f 2780/9/4 2783/9/4 3136/9/4 3134/9/4
f 3123/9/6 3134/9/6 3136/9/6 3135/9/6
f 2729/9/5 2731/9/5 2783/9/5 2780/9/5
f 2733/9/2 3137/9/2 3138/9/2 2751/9/2
f 2731/9/3 3135/9/3 3137/9/3 2733/9/3
f 2783/9/4 2751/9/4 3138/9/4 3136/9/4
f 3135/9/6 3136/9/6 3138/9/6 3137/9/6
f 2731/9/5 2733/9/5 2751/9/5 2783/9/5
f 2759/9/1 2758/9/1 3139/9/1 3140/9/1
f 2759/9/3 3140/9/3 3141/9/3 2755/9/3
f 2758/9/4 2756/9/4 3142/9/4 3139/9/4
f 3140/9/6 3139/9/6 3142/9/6 3141/9/6
f 2762/9/2 3143/9/2 3144/9/2 2761/9/2
f 2755/9/3 3141/9/3 3143/9/3 2762/9/3
f 2756/9/4 2761/9/4 3144/9/4 3142/9/4
f 2755/9/5 2762/9/5 2761/9/5 2756/9/5
f 2736/7/2 3126/7/2 3145/7/2 3146/7/2
f 2739/7/1 2766/7/1 3147/7/1 3125/7/1
f 2766/7/4 3146/7/4 3145/7/4 3147/7/4
f 2739/7/5 2736/7/5 3146/7/5 2766/7/5
f 2740/4/1 3148/4/1 3149/4/1 3127/4/1
f 3148/4/4 2769/4/4 3150/4/4 3149/4/4
f 2740/4/5 2741/4/5 2769/4/5 3148/4/5
f 2742/4/2 3130/4/2 3151/4/2 2791/4/2
f 2771/4/4 2791/4/4 3151/4/4 3152/4/4
f 2743/4/5 2742/4/5 2791/4/5 2771/4/5
f 2744/9/1 2773/9/1 3153/9/1 3132/9/1
f 2744/9/3 3132/9/3 3154/9/3 2747/9/3
f 2773/9/4 2797/9/4 3155/9/4 3153/9/4
f 3132/9/6 3153/9/6 3155/9/6 3154/9/6
f 2744/9/5 2747/9/5 2797/9/5 2773/9/5
f 2749/9/2 3133/9/2 3156/9/2 2779/9/2
f 2747/9/3 3154/9/3 3133/9/3 2749/9/3
f 2797/9/4 2779/9/4 3156/9/4 3155/9/4
f 3154/9/6 3155/9/6 3156/9/6 3133/9/6
f 2747/9/5 2749/9/5 2779/9/5 2797/9/5
f 2765/7/2 3157/7/2 3158/7/2 2807/7/2
f 2761/7/1 2811/7/1 3159/7/1 3144/7/1
f 2761/7/3 3144/7/3 3157/7/3 2765/7/3
f 2811/7/4 2807/7/4 3158/7/4 3159/7/4
f 3144/7/6 3159/7/6 3158/7/6 3157/7/6
f 2761/7/5 2765/7/5 2807/7/5 2811/7/5
f 2769/4/1 2813/4/1 3160/4/1 3150/4/1
f 2813/4/4 2786/4/4 3161/4/4 3160/4/4
f 2769/4/5 2770/4/5 2786/4/5 2813/4/5
f 2771/4/2 3152/4/2 3162/4/2 2795/4/2
f 2788/4/4 2795/4/4 3162/4/4 3163/4/4
f 2772/4/5 2771/4/5 2795/4/5 2788/4/5
f 2773/7/2 3153/7/2 3164/7/2 2801/7/2
f 2776/7/1 3165/7/1 3166/7/1 3167/7/1
f 2776/7/3 3167/7/3 3153/7/3 2773/7/3
f 3165/7/4 2801/7/4 3164/7/4 3166/7/4
f 3167/7/6 3166/7/6 3164/7/6 3153/7/6
f 2776/7/5 2773/7/5 2801/7/5 3165/7/5
f 3168/9/2 3169/9/2 3170/9/2 3171/9/2
f 2802/9/1 2803/9/1 3172/9/1 3173/9/1
f 2802/9/3 3173/9/3 3169/9/3 3168/9/3
f 2803/9/4 3171/9/4 3170/9/4 3172/9/4
f 2802/9/5 3168/9/5 3171/9/5 2803/9/5
f 2811/8/2 3159/8/2 3174/8/2 2810/8/2
f 3175/8/1 3176/8/1 3177/8/1 3178/8/1
f 3175/8/3 3178/8/3 3159/8/3 2811/8/3
f 3176/8/4 2810/8/4 3174/8/4 3177/8/4
f 3178/8/6 3177/8/6 3174/8/6 3159/8/6
f 3175/8/5 2811/8/5 2810/8/5 3176/8/5
f 3179/7/2 3180/7/2 3181/7/2 3182/7/2
f 2807/7/1 2808/7/1 3183/7/1 3158/7/1
f 2807/7/3 3158/7/3 3180/7/3 3179/7/3
f 2808/7/4 3182/7/4 3181/7/4 3183/7/4
f 2807/7/5 3179/7/5 3182/7/5 2808/7/5
f 2786/4/1 3184/4/1 3185/4/1 3161/4/1
f 3184/4/4 2817/4/4 3186/4/4 3185/4/4
f 2786/4/5 2787/4/5 2817/4/5 3184/4/5
f 2788/1/2 3163/1/2 3187/1/2 3188/1/2
f 2819/1/4 3188/1/4 3187/1/4 3189/1/4
f 2790/1/5 2788/1/5 3188/1/5 2819/1/5
f 2792/4/2 3190/4/2 3191/4/2 3192/4/2
f 2795/4/1 3193/4/1 3194/4/1 3162/4/1
f 2795/4/3 3162/4/3 3190/4/3 2792/4/3
f 3193/4/4 3192/4/4 3191/4/4 3194/4/4
f 3162/4/6 3194/4/6 3191/4/6 3190/4/6
f 2795/4/5 2792/4/5 3192/4/5 3193/4/5
f 2828/9/1 2829/9/1 3195/9/1 3196/9/1
f 2828/9/3 3196/9/3 3197/9/3 3198/9/3
f 2829/9/4 3199/9/4 3200/9/4 3195/9/4
f 3196/9/6 3195/9/6 3200/9/6 3197/9/6
f 2828/9/5 3198/9/5 3199/9/5 2829/9/5
f 3201/9/2 3202/9/2 3203/9/2 2838/9/2
f 3198/9/3 3197/9/3 3202/9/3 3201/9/3
f 3199/9/4 2838/9/4 3203/9/4 3200/9/4
f 3197/9/6 3200/9/6 3203/9/6 3202/9/6
f 3198/9/5 3201/9/5 2838/9/5 3199/9/5
f 3176/11/2 3177/11/2 3204/11/2 3205/11/2
f 3171/11/1 2848/11/1 3206/11/1 3170/11/1
f 3171/11/3 3170/11/3 3177/11/3 3176/11/3
f 2848/11/4 3205/11/4 3204/11/4 3206/11/4
f 3170/11/6 3206/11/6 3204/11/6 3177/11/6
f 3171/11/5 3176/11/5 3205/11/5 2848/11/5
f 2817/4/1 3207/4/1 3208/4/1 3186/4/1
f 3207/4/4 2832/4/4 3209/4/4 3208/4/4
f 2817/4/5 2818/4/5 2832/4/5 3207/4/5
f 2819/1/2 3189/1/2 3210/1/2 3211/1/2
f 2835/1/4 3211/1/4 3210/1/4 3212/1/4
f 2821/1/5 2819/1/5 3211/1/5 2835/1/5
f 3213/5/2 3214/5/2 3215/5/2 2857/5/2
f 3192/5/1 2854/5/1 3216/5/1 3191/5/1
f 3192/5/3 3191/5/3 3214/5/3 3213/5/3
f 3192/5/5 3213/5/5 2857/5/5 2854/5/5
f 2832/4/1 3217/4/1 3218/4/1 3209/4/1
f 3217/4/4 3219/4/4 3220/4/4 3218/4/4
f 2832/4/5 2834/4/5 3219/4/5 3217/4/5
f 2835/4/2 3212/4/2 3221/4/2 3222/4/2
f 3219/4/4 3222/4/4 3221/4/4 3220/4/4
f 2834/4/5 2835/4/5 3222/4/5 3219/4/5
f 2853/4/1 2852/4/1 3223/4/1 3224/4/1
f 2853/4/3 3224/4/3 3216/4/3 2854/4/3
f 2861/11/2 3225/11/2 3226/11/2 2863/11/2
f 2857/11/3 3215/11/3 3225/11/3 2861/11/3
f 2864/11/1 2865/11/1 3227/11/1 3228/11/1
f 2864/11/3 3228/11/3 3229/11/3 3230/11/3
f 2865/11/4 3231/11/4 3232/11/4 3227/11/4
f 3228/11/6 3227/11/6 3232/11/6 3229/11/6
f 2864/11/5 3230/11/5 3231/11/5 2865/11/5
f 2869/10/2 3233/10/2 3234/10/2 2868/10/2
f 3230/10/3 3229/10/3 3233/10/3 2869/10/3
f 3231/10/4 2868/10/4 3234/10/4 3232/10/4
f 3229/10/6 3232/10/6 3234/10/6 3233/10/6
f 3230/10/5 2869/10/5 2868/10/5 3231/10/5
f 2837/9/2 3235/9/2 3236/9/2 2877/9/2
f 2874/9/1 2876/9/1 3237/9/1 3238/9/1
f 2874/9/3 3238/9/3 3235/9/3 2837/9/3
f 2876/9/4 2877/9/4 3236/9/4 3237/9/4
f 3238/9/6 3237/9/6 3236/9/6 3235/9/6
f 2849/7/2 3239/7/2 3240/7/2 3241/7/2
f 2846/7/1 3242/7/1 3243/7/1 3244/7/1
f 2846/7/3 3244/7/3 3239/7/3 2849/7/3
f 3242/7/4 3241/7/4 3240/7/4 3243/7/4
f 2846/7/5 2849/7/5 3241/7/5 3242/7/5
f 3222/4/1 3245/4/1 3246/4/1 3221/4/1
f 3222/4/3 3221/4/3 3247/4/3 3248/4/3
f 3245/4/4 3249/4/4 3250/4/4 3246/4/4
f 3221/4/6 3246/4/6 3250/4/6 3247/4/6
f 3222/4/5 3248/4/5 3249/4/5 3245/4/5
f 3248/4/3 3247/4/3 3251/4/3 3252/4/3
f 3249/4/4 3253/4/4 3254/4/4 3250/4/4
f 3247/4/6 3250/4/6 3254/4/6 3251/4/6
f 3248/4/5 3252/4/5 3253/4/5 3249/4/5
f 3252/4/3 3251/4/3 3223/4/3 2852/4/3
f 3253/4/4 3255/4/4 3256/4/4 3254/4/4
f 3251/4/6 3254/4/6 3256/4/6 3223/4/6
f 3252/4/5 2852/4/5 3255/4/5 3253/4/5
f 3255/1/4 3257/1/4 3258/1/4 3256/1/4
f 2852/1/5 2856/1/5 3257/1/5 3255/1/5
f 2856/1/5 2860/1/5 3259/1/5 3257/1/5
f 2863/11/2 3226/11/2 3260/11/2 3261/11/2
f 3259/11/4 3261/11/4 3260/11/4 3262/11/4
f 2860/11/5 2863/11/5 3261/11/5 3259/11/5
f 3259/5/2 3262/5/2 3263/5/2 3264/5/2
f 3257/5/1 3265/5/1 3266/5/1 3258/5/1
f 3265/5/4 3264/5/4 3263/5/4 3266/5/4
f 3257/5/5 3259/5/5 3264/5/5 3265/5/5
f 3267/12/1 2894/12/1 3268/12/1 3269/12/1
f 3267/12/3 3269/12/3 3270/12/3 3271/12/3
f 3267/12/5 3271/12/5 2895/12/5 2894/12/5
f 3272/12/2 3273/12/2 3274/12/2 2897/12/2
f 3271/12/3 3270/12/3 3273/12/3 3272/12/3
f 3271/12/5 3272/12/5 2897/12/5 2895/12/5
f 2888/3/1 2889/3/1 3275/3/1 3276/3/1
f 2888/3/3 3276/3/3 3268/3/3 2894/3/3
f 2888/3/5 2894/3/5 2893/3/5 2889/3/5
f 3277/3/2 3278/3/2 3279/3/2 2900/3/2
f 2897/3/3 3274/3/3 3278/3/3 3277/3/3
f 2897/3/5 3277/3/5 2900/3/5 2898/3/5
f 2886/4/1 2905/4/1 3280/4/1 3281/4/1
f 2886/4/3 3281/4/3 3275/4/3 2889/4/3
f 2886/4/5 2889/4/5 2899/4/5 2905/4/5
f 2900/2/2 3279/2/2 3282/2/2 2901/2/2
f 3283/1/1 3284/1/1 3285/1/1 3286/1/1
f 3283/1/3 3286/1/3 3280/1/3 2905/1/3
f 3283/1/5 2905/1/5 2904/1/5 3284/1/5
f 2906/1/2 3287/1/2 3288/1/2 2907/1/2
f 2901/1/3 3282/1/3 3287/1/3 2906/1/3
f 2913/1/4 2907/1/4 3288/1/4 3289/1/4
f 3284/6/1 2921/6/1 3290/6/1 3285/6/1
f 2921/6/4 2909/6/4 3291/6/4 3290/6/4
f 3284/6/5 2904/6/5 2909/6/5 2921/6/5
f 2913/5/2 3289/5/2 3292/5/2 2912/5/2
f 2909/2/1 2917/2/1 3293/2/1 3291/2/1
f 2917/2/4 2922/2/4 3294/2/4 3293/2/4
f 2909/2/5 2910/2/5 2922/2/5 2917/2/5
f 2912/5/2 3292/5/2 3295/5/2 2927/5/2
f 2925/5/4 2927/5/4 3295/5/4 3296/5/4
f 2915/5/2 3297/5/2 3298/5/2 3299/5/2
f 2911/5/1 3300/5/1 3301/5/1 3302/5/1
f 2911/5/3 3302/5/3 3297/5/3 2915/5/3
f 3300/5/4 3299/5/4 3298/5/4 3301/5/4
f 2911/5/5 2915/5/5 3299/5/5 3300/5/5
f 2917/1/2 3293/1/2 3303/1/2 2932/1/2
f 2920/1/1 2937/1/1 3304/1/1 3305/1/1
f 2920/1/3 3305/1/3 3293/1/3 2917/1/3
f 2937/1/4 2932/1/4 3303/1/4 3304/1/4
f 2920/1/5 2917/1/5 2932/1/5 2937/1/5
f 2922/2/1 3306/2/1 3307/2/1 3294/2/1
f 2922/2/5 2924/2/5 2931/2/5 3306/2/5
f 2925/5/2 3296/5/2 3308/5/2 3309/5/2
f 2926/5/5 2925/5/5 3309/5/5 2928/5/5
f 3300/2/2 3301/2/2 3310/2/2 3311/2/2
f 2927/2/1 3312/2/1 3313/2/1 3295/2/1
f 2927/2/3 3295/2/3 3301/2/3 3300/2/3
f 2927/2/5 3300/2/5 3311/2/5 3312/2/5
f 3314/5/2 3315/5/2 3316/5/2 2941/5/2
f 3299/5/1 2946/5/1 3317/5/1 3298/5/1
f 3299/5/3 3298/5/3 3315/5/3 3314/5/3
f 2946/5/4 2941/5/4 3316/5/4 3317/5/4
f 3299/5/5 3314/5/5 2941/5/5 2946/5/5
f 3306/2/1 2951/2/1 3318/2/1 3307/2/1
f 3306/2/5 2931/2/5 2939/2/5 2951/2/5
f 3309/2/2 3308/2/2 3319/2/2 2952/2/2
f 2928/2/5 3309/2/5 2952/2/5 2938/2/5
f 3311/2/2 3310/2/2 3320/2/2 2954/2/2
f 3312/2/1 2957/2/1 3321/2/1 3313/2/1
f 2957/2/4 2954/2/4 3320/2/4 3321/2/4
f 3312/2/5 3311/2/5 2954/2/5 2957/2/5
f 3322/9/1 2959/9/1 3323/9/1 3324/9/1
f 3322/9/3 3324/9/3 3325/9/3 3326/9/3
f 2959/9/4 2966/9/4 3327/9/4 3323/9/4
f 3322/9/5 3326/9/5 2966/9/5 2959/9/5
f 3326/8/3 3325/8/3 3328/8/3 3329/8/3
f 2966/8/4 2967/8/4 3330/8/4 3327/8/4
f 3326/8/5 3329/8/5 2967/8/5 2966/8/5
f 3329/9/3 3328/9/3 3331/9/3 3332/9/3
f 2967/9/4 2970/9/4 3333/9/4 3330/9/4
f 3329/9/5 3332/9/5 2970/9/5 2967/9/5
f 3334/8/2 3335/8/2 3336/8/2 2974/8/2
f 3332/8/3 3331/8/3 3335/8/3 3334/8/3
f 3332/8/5 3334/8/5 2974/8/5 2970/8/5
f 3337/8/1 2977/8/1 3338/8/1 3339/8/1
f 3337/8/3 3339/8/3 3340/8/3 3341/8/3
f 3337/8/5 3341/8/5 2978/8/5 2977/8/5
f 3341/7/3 3340/7/3 3342/7/3 3343/7/3
f 3341/7/5 3343/7/5 2981/7/5 2978/7/5
f 3343/9/3 3342/9/3 3344/9/3 3345/9/3
f 3343/9/5 3345/9/5 2984/9/5 2981/9/5
f 3346/9/2 3347/9/2 3348/9/2 2988/9/2
f 3345/9/3 3344/9/3 3347/9/3 3346/9/3
f 3345/9/5 3346/9/5 2988/9/5 2984/9/5
f 2933/2/1 2947/2/1 3349/2/1 3350/2/1
f 2933/2/3 3350/2/3 3318/2/3 2951/2/3
f 2933/2/5 2951/2/5 2950/2/5 2947/2/5
f 2957/2/2 3321/2/2 3351/2/2 2956/2/2
f 2952/2/3 3319/2/3 3321/2/3 2957/2/3
f 2952/2/5 2957/2/5 2956/2/5 2953/2/5
f 2970/8/1 2972/8/1 3352/8/1 3333/8/1
f 2972/8/4 2975/8/4 3353/8/4 3352/8/4
f 2974/11/3 3336/11/3 3354/11/3 3355/11/3
f 2974/11/5 3355/11/5 2995/11/5 2975/11/5
f 3355/9/3 3354/9/3 3356/9/3 3357/9/3
f 2995/9/4 2998/9/4 3358/9/4 3359/9/4
f 3355/9/5 3357/9/5 2998/9/5 2995/9/5
f 3357/8/3 3356/8/3 3360/8/3 3361/8/3
f 2998/8/4 3002/8/4 3362/8/4 3358/8/4
f 3357/8/5 3361/8/5 3002/8/5 2998/8/5
f 3361/8/3 3360/8/3 3338/8/3 2977/8/3
f 3002/8/4 2976/8/4 3363/8/4 3362/8/4
f 3361/8/5 2977/8/5 2976/8/5 3002/8/5
f 2976/9/4 2980/9/4 3364/9/4 3363/9/4
f 2980/9/4 2983/9/4 3365/9/4 3364/9/4
f 2983/9/4 2986/9/4 3366/9/4 3365/9/4
f 2986/9/4 2989/9/4 3367/9/4 3366/9/4
f 3368/9/2 3369/9/2 3370/9/2 3007/9/2
f 2988/9/3 3348/9/3 3369/9/3 3368/9/3
f 2989/9/4 3007/9/4 3370/9/4 3367/9/4
f 2988/9/5 3368/9/5 3007/9/5 2989/9/5
f 3371/6/1 3013/6/1 3372/6/1 3373/6/1
f 3371/6/3 3373/6/3 3374/6/3 2949/6/3
f 3371/6/5 2949/6/5 2990/6/5 3013/6/5
f 2949/6/3 3374/6/3 3349/6/3 2947/6/3
f 2956/2/3 3351/2/3 3375/2/3 2955/2/3
f 3376/5/2 3377/5/2 3378/5/2 3014/5/2
f 2955/5/3 3375/5/3 3377/5/3 3376/5/3
f 2955/5/5 3376/5/5 3014/5/5 2991/5/5
f 2995/8/2 3359/8/2 3379/8/2 2997/8/2
f 2975/8/1 2994/8/1 3380/8/1 3353/8/1
f 2994/8/4 2997/8/4 3379/8/4 3380/8/4
f 3381/4/1 3024/4/1 3382/4/1 3383/4/1
f 3381/4/3 3383/4/3 3372/4/3 3013/4/3
f 3381/4/5 3013/4/5 3012/4/5 3024/4/5
f 3014/5/3 3378/5/3 3384/5/3 3385/5/3
f 3014/5/5 3385/5/5 3025/5/5 3015/5/5
f 3385/4/3 3384/4/3 3386/4/3 2993/4/3
f 3385/4/5 2993/4/5 3027/4/5 3025/4/5
f 2992/5/2 3387/5/2 3388/5/2 3016/5/2
f 2993/5/3 3386/5/3 3387/5/3 2992/5/3
f 2993/5/5 2992/5/5 3016/5/5 3027/5/5
f 2994/9/2 3380/9/2 3389/9/2 3390/9/2
f 3020/9/1 3021/9/1 3391/9/1 3392/9/1
f 3020/9/3 3392/9/3 3380/9/3 2994/9/3
f 3020/9/5 2994/9/5 3390/9/5 3021/9/5
f 3001/9/2 3393/9/2 3394/9/2 3031/9/2
f 2997/9/1 3030/9/1 3395/9/1 3379/9/1
f 2997/9/3 3379/9/3 3393/9/3 3001/9/3
f 3379/9/6 3395/9/6 3394/9/6 3393/9/6
f 2997/9/5 3001/9/5 3031/9/5 3030/9/5
f 3396/9/2 3397/9/2 3398/9/2 3035/9/2
f 3005/9/1 3039/9/1 3399/9/1 3400/9/1
f 3005/9/3 3400/9/3 3397/9/3 3396/9/3
f 3039/9/4 3035/9/4 3398/9/4 3399/9/4
f 3005/9/5 3396/9/5 3035/9/5 3039/9/5
f 3401/7/2 3402/7/2 3403/7/2 3047/7/2
f 3008/7/1 3051/7/1 3404/7/1 3405/7/1
f 3008/7/3 3405/7/3 3402/7/3 3401/7/3
f 3008/7/5 3401/7/5 3047/7/5 3051/7/5
f 3024/6/1 3023/6/1 3406/6/1 3382/6/1
f 3016/9/3 3388/9/3 3407/9/3 3019/9/3
f 3016/9/5 3019/9/5 3053/9/5 3028/9/5
f 3019/9/3 3407/9/3 3391/9/3 3021/9/3
f 3019/9/5 3021/9/5 3055/9/5 3053/9/5
f 3021/9/5 3390/9/5 3057/9/5 3055/9/5
f 3390/9/3 3389/9/3 3395/9/3 3030/9/3
f 3390/9/5 3030/9/5 3029/9/5 3057/9/5
f 3031/9/3 3394/9/3 3408/9/3 3032/9/3
f 3039/9/2 3399/9/2 3409/9/2 3038/9/2
f 3032/9/3 3408/9/3 3399/9/3 3039/9/3
f 3032/9/5 3039/9/5 3038/9/5 3033/9/5
f 3035/9/1 3036/9/1 3410/9/1 3398/9/1
f 3035/9/3 3398/9/3 3411/9/3 3412/9/3
f 3036/9/4 3413/9/4 3414/9/4 3410/9/4
f 3035/9/5 3412/9/5 3413/9/5 3036/9/5
f 3045/9/2 3415/9/2 3416/9/2 3044/9/2
f 3412/9/3 3411/9/3 3415/9/3 3045/9/3
f 3413/9/4 3044/9/4 3416/9/4 3414/9/4
f 3412/9/5 3045/9/5 3044/9/5 3413/9/5
f 3041/9/1 3042/9/1 3417/9/1 3418/9/1
f 3041/9/3 3418/9/3 3404/9/3 3051/9/3
f 3041/9/5 3051/9/5 3050/9/5 3042/9/5
f 3047/8/2 3403/8/2 3419/8/2 3048/8/2
f 3023/2/1 3052/2/1 3420/2/1 3406/2/1
f 3057/9/5 3029/9/5 3059/9/5 3058/9/5
f 3038/9/2 3409/9/2 3421/9/2 3422/9/2
f 3061/9/4 3422/9/4 3421/9/4 3423/9/4
f 3033/9/5 3038/9/5 3422/9/5 3061/9/5
f 3044/9/1 3068/9/1 3424/9/1 3416/9/1
f 3044/9/3 3416/9/3 3417/9/3 3042/9/3
f 3044/9/5 3042/9/5 3062/9/5 3068/9/5
f 3048/9/2 3419/9/2 3425/9/2 3063/9/2
f 3052/1/1 3064/1/1 3426/1/1 3420/1/1
f 3059/9/5 3060/9/5 3072/9/5 3065/9/5
f 3061/9/2 3423/9/2 3427/9/2 3076/9/2
f 3060/9/5 3061/9/5 3076/9/5 3072/9/5
f 3422/9/1 3428/9/1 3429/9/1 3421/9/1
f 3422/9/3 3421/9/3 3430/9/3 3431/9/3
f 3422/9/5 3431/9/5 3085/9/5 3428/9/5
f 3431/9/3 3430/9/3 3432/9/3 3433/9/3
f 3431/9/5 3433/9/5 3079/9/5 3085/9/5
f 3433/9/3 3432/9/3 3424/9/3 3068/9/3
f 3433/9/5 3068/9/5 3067/9/5 3079/9/5
f 3063/9/2 3425/9/2 3434/9/2 3069/9/2
f 3064/4/1 3070/4/1 3435/4/1 3426/4/1
f 3076/2/3 3427/2/3 3429/2/3 3428/2/3
f 3076/2/5 3428/2/5 3436/2/5 3077/2/5
f 3428/9/5 3085/9/5 3084/9/5 3436/9/5
f 3079/9/5 3067/9/5 3087/9/5 3080/9/5
f 3069/9/2 3434/9/2 3437/9/2 3088/9/2
f 3070/4/1 3089/4/1 3438/4/1 3435/4/1
f 3077/9/5 3436/9/5 3439/9/5 3092/9/5
f 3436/9/5 3084/9/5 3108/9/5 3439/9/5
f 3084/9/5 3080/9/5 3103/9/5 3108/9/5
f 3080/9/5 3087/9/5 3095/9/5 3103/9/5
f 3088/9/2 3437/9/2 3440/9/2 3096/9/2
f 3089/6/1 3097/6/1 3441/6/1 3438/6/1
f 3092/2/5 3439/2/5 3442/2/5 3100/2/5
f 3439/2/5 3108/2/5 3107/2/5 3442/2/5
f 3103/9/5 3095/9/5 3109/9/5 3104/9/5
f 3096/9/2 3440/9/2 3443/9/2 3110/9/2
f 3097/2/1 3111/2/1 3444/2/1 3441/2/1
f 3115/2/4 3445/2/4 3446/2/4 3447/2/4
f 3100/2/5 3442/2/5 3445/2/5 3115/2/5
f 3445/9/4 3448/9/4 3449/9/4 3446/9/4
f 3442/9/5 3107/9/5 3448/9/5 3445/9/5
f 3448/9/4 3450/9/4 3451/9/4 3449/9/4
f 3107/9/5 3104/9/5 3450/9/5 3448/9/5
f 3450/9/4 3116/9/4 3452/9/4 3451/9/4
f 3104/9/5 3109/9/5 3116/9/5 3450/9/5
f 3110/9/2 3443/9/2 3453/9/2 3118/9/2
f 3111/6/1 3119/6/1 3454/6/1 3444/6/1
f 3123/9/4 3135/9/4 3455/9/4 3456/9/4
f 3113/9/5 3112/9/5 3135/9/5 3123/9/5
f 3135/9/4 3137/9/4 3457/9/4 3455/9/4
f 3112/9/5 3114/9/5 3137/9/5 3135/9/5
f 3115/9/2 3447/9/2 3458/9/2 3459/9/2
f 3114/9/5 3115/9/5 3459/9/5 3137/9/5
f 3116/9/1 3143/9/1 3460/9/1 3452/9/1
f 3143/9/4 3124/9/4 3461/9/4 3460/9/4
f 3116/9/5 3117/9/5 3124/9/5 3143/9/5
f 3118/9/2 3453/9/2 3462/9/2 3126/9/2
f 3119/1/1 3127/1/1 3463/1/1 3454/1/1
f 3132/2/4 3154/2/4 3464/2/4 3465/2/4
f 3121/2/5 3120/2/5 3154/2/5 3132/2/5
f 3154/2/4 3133/2/4 3466/2/4 3464/2/4
f 3120/2/5 3122/2/5 3133/2/5 3154/2/5
f 3123/2/2 3456/2/2 3467/2/2 3134/2/2
f 3133/2/4 3134/2/4 3467/2/4 3466/2/4
f 3137/9/1 3138/9/1 3468/9/1 3457/9/1
f 3137/9/5 3459/9/5 3469/9/5 3138/9/5
f 3459/9/3 3458/9/3 3470/9/3 3471/9/3
f 3459/9/5 3471/9/5 3472/9/5 3469/9/5
f 3140/9/2 3473/9/2 3474/9/2 3139/9/2
f 3471/9/3 3470/9/3 3473/9/3 3140/9/3
f 3472/9/4 3139/9/4 3474/9/4 3475/9/4
f 3470/9/6 3475/9/6 3474/9/6 3473/9/6
f 3471/9/5 3140/9/5 3139/9/5 3472/9/5
f 3143/9/2 3460/9/2 3476/9/2 3144/9/2
f 3141/9/1 3142/9/1 3477/9/1 3478/9/1
f 3141/9/3 3478/9/3 3460/9/3 3143/9/3
f 3142/9/4 3144/9/4 3476/9/4 3477/9/4
f 3124/9/1 3157/9/1 3479/9/1 3461/9/1
f 3157/9/4 3147/9/4 3480/9/4 3479/9/4
f 3124/9/5 3125/9/5 3147/9/5 3157/9/5
f 3126/9/2 3462/9/2 3481/9/2 3145/9/2
f 3127/6/1 3149/6/1 3482/6/1 3463/6/1
f 3151/11/4 3483/11/4 3484/11/4 3485/11/4
f 3130/11/5 3129/11/5 3483/11/5 3151/11/5
f 3483/9/4 3167/9/4 3486/9/4 3484/9/4
f 3129/9/5 3131/9/5 3167/9/5 3483/9/5
f 3132/9/2 3465/9/2 3487/9/2 3153/9/2
f 3167/9/4 3153/9/4 3487/9/4 3486/9/4
f 3131/9/5 3132/9/5 3153/9/5 3167/9/5
f 3138/9/1 3488/9/1 3489/9/1 3468/9/1
f 3488/9/4 3490/9/4 3491/9/4 3489/9/4
f 3138/9/5 3469/9/5 3490/9/5 3488/9/5
f 3472/9/2 3475/9/2 3492/9/2 3173/9/2
f 3490/9/4 3173/9/4 3492/9/4 3491/9/4
f 3469/9/5 3472/9/5 3173/9/5 3490/9/5
f 3145/8/2 3481/8/2 3493/8/2 3494/8/2
f 3147/8/1 3180/8/1 3495/8/1 3480/8/1
f 3180/8/4 3494/8/4 3493/8/4 3495/8/4
f 3147/8/5 3145/8/5 3494/8/5 3180/8/5
f 3149/6/1 3496/6/1 3497/6/1 3482/6/1
f 3496/6/4 3160/6/4 3498/6/4 3497/6/4
f 3149/6/5 3150/6/5 3160/6/5 3496/6/5
f 3151/2/2 3485/2/2 3499/2/2 3190/2/2
f 3162/2/4 3190/2/4 3499/2/4 3500/2/4
f 3152/2/5 3151/2/5 3190/2/5 3162/2/5
f 3173/9/1 3172/9/1 3501/9/1 3492/9/1
f 3173/9/3 3492/9/3 3502/9/3 3169/9/3
f 3172/9/4 3170/9/4 3503/9/4 3501/9/4
f 3178/8/2 3504/8/2 3505/8/2 3177/8/2
f 3169/8/3 3502/8/3 3504/8/3 3178/8/3
f 3170/8/4 3177/8/4 3505/8/4 3503/8/4
f 3169/8/5 3178/8/5 3177/8/5 3170/8/5
f 3180/8/2 3495/8/2 3506/8/2 3181/8/2
f 3158/8/1 3183/8/1 3507/8/1 3508/8/1
f 3158/8/3 3508/8/3 3495/8/3 3180/8/3
f 3183/8/4 3181/8/4 3506/8/4 3507/8/4
f 3160/6/1 3509/6/1 3510/6/1 3498/6/1
f 3509/6/4 3185/6/4 3511/6/4 3510/6/4
f 3160/6/5 3161/6/5 3185/6/5 3509/6/5
f 3162/2/2 3500/2/2 3512/2/2 3194/2/2
f 3187/2/4 3194/2/4 3512/2/4 3513/2/4
f 3163/2/5 3162/2/5 3194/2/5 3187/2/5
f 3164/9/2 3514/9/2 3515/9/2 3516/9/2
f 3166/9/1 3517/9/1 3518/9/1 3519/9/1
f 3166/9/3 3519/9/3 3514/9/3 3164/9/3
f 3517/9/4 3516/9/4 3515/9/4 3518/9/4
f 3166/9/5 3164/9/5 3516/9/5 3517/9/5
f 3202/9/1 3203/9/1 3520/9/1 3521/9/1
f 3202/9/3 3521/9/3 3522/9/3 3523/9/3
f 3203/9/4 3524/9/4 3525/9/4 3520/9/4
f 3202/9/5 3523/9/5 3524/9/5 3203/9/5
f 3172/9/2 3501/9/2 3526/9/2 3527/9/2
f 3523/9/3 3522/9/3 3501/9/3 3172/9/3
f 3524/9/4 3527/9/4 3526/9/4 3525/9/4
f 3523/9/5 3172/9/5 3527/9/5 3524/9/5
f 3183/8/2 3507/8/2 3528/8/2 3529/8/2
f 3174/8/1 3530/8/1 3531/8/1 3532/8/1
f 3174/8/3 3532/8/3 3507/8/3 3183/8/3
f 3530/8/4 3529/8/4 3528/8/4 3531/8/4
f 3174/8/5 3183/8/5 3529/8/5 3530/8/5
f 3185/6/1 3533/6/1 3534/6/1 3511/6/1
f 3533/6/4 3208/6/4 3535/6/4 3534/6/4
f 3185/6/5 3186/6/5 3208/6/5 3533/6/5
f 3187/5/2 3513/5/2 3536/5/2 3537/5/2
f 3210/5/4 3537/5/4 3536/5/4 3538/5/4
f 3189/5/5 3187/5/5 3537/5/5 3210/5/5
f 3194/2/1 3224/2/1 3539/2/1 3512/2/1
f 3194/2/3 3512/2/3 3540/2/3 3191/2/3
f 3194/2/5 3191/2/5 3216/2/5 3224/2/5
f 3191/2/3 3540/2/3 3541/2/3 3214/2/3
f 3517/9/2 3518/9/2 3542/9/2 3225/9/2
f 3214/9/3 3541/9/3 3518/9/3 3517/9/3
f 3214/9/5 3517/9/5 3225/9/5 3215/9/5
f 3543/11/1 3233/11/1 3544/11/1 3545/11/1
f 3543/11/3 3545/11/3 3546/11/3 3195/11/3
f 3233/11/4 3547/11/4 3548/11/4 3544/11/4
f 3543/11/5 3195/11/5 3547/11/5 3233/11/5
f 3195/10/3 3546/10/3 3549/10/3 3200/10/3
f 3547/10/4 3238/10/4 3550/10/4 3548/10/4
f 3195/10/5 3200/10/5 3238/10/5 3547/10/5
f 3203/9/2 3520/9/2 3551/9/2 3235/9/2
f 3200/9/3 3549/9/3 3520/9/3 3203/9/3
f 3238/9/4 3235/9/4 3551/9/4 3550/9/4
f 3200/9/5 3203/9/5 3235/9/5 3238/9/5
f 3530/9/2 3531/9/2 3552/9/2 3553/9/2
f 3204/9/1 3554/9/1 3555/9/1 3556/9/1
f 3204/9/3 3556/9/3 3531/9/3 3530/9/3
f 3554/9/4 3553/9/4 3552/9/4 3555/9/4
f 3204/9/5 3530/9/5 3553/9/5 3554/9/5
f 3208/2/1 3557/2/1 3558/2/1 3535/2/1
f 3557/2/4 3218/2/4 3559/2/4 3558/2/4
f 3208/2/5 3209/2/5 3218/2/5 3557/2/5
f 3210/1/2 3538/1/2 3560/1/2 3247/1/2
f 3221/1/4 3247/1/4 3560/1/4 3561/1/4
f 3212/1/5 3210/1/5 3247/1/5 3221/1/5
f 3224/2/1 3223/2/1 3562/2/1 3539/2/1
f 3225/11/2 3542/11/2 3563/11/2 3226/11/2
f 3235/7/1 3236/7/1 3564/7/1 3551/7/1
f 3235/7/3 3551/7/3 3565/7/3 3566/7/3
f 3236/7/4 3567/7/4 3568/7/4 3564/7/4
f 3235/7/5 3566/7/5 3567/7/5 3236/7/5
f 3566/7/3 3565/7/3 3569/7/3 3244/7/3
f 3567/7/4 3243/7/4 3570/7/4 3568/7/4
f 3566/7/5 3244/7/5 3243/7/5 3567/7/5
f 3244/11/3 3569/11/3 3571/11/3 3239/11/3
f 3243/11/4 3240/11/4 3572/11/4 3570/11/4
f 3554/7/2 3555/7/2 3573/7/2 3574/7/2
f 3239/7/3 3571/7/3 3555/7/3 3554/7/3
f 3240/7/4 3574/7/4 3573/7/4 3572/7/4
f 3239/7/5 3554/7/5 3574/7/5 3240/7/5
f 3218/4/1 3575/4/1 3576/4/1 3559/4/1
f 3575/4/4 3577/4/4 3578/4/4 3576/4/4
f 3218/4/5 3220/4/5 3577/4/5 3575/4/5
f 3221/5/2 3561/5/2 3579/5/2 3246/5/2
f 3577/5/4 3246/5/4 3579/5/4 3578/5/4
f 3220/5/5 3221/5/5 3246/5/5 3577/5/5
f 3223/2/1 3256/2/1 3580/2/1 3562/2/1
f 3227/11/2 3581/11/2 3582/11/2 3583/11/2
f 3226/11/3 3563/11/3 3581/11/3 3227/11/3
f 3260/11/4 3583/11/4 3582/11/4 3584/11/4
f 3563/11/6 3584/11/6 3582/11/6 3581/11/6
f 3226/11/5 3227/11/5 3583/11/5 3260/11/5
f 3256/5/1 3585/5/1 3586/5/1 3580/5/1
f 3585/5/4 3266/5/4 3587/5/4 3586/5/4
f 3256/5/5 3258/5/5 3266/5/5 3585/5/5
f 3266/5/4 3263/5/4 3588/5/4 3587/5/4
f 3260/11/2 3584/11/2 3589/11/2 3590/11/2
f 3263/11/4 3590/11/4 3589/11/4 3588/11/4
f 3262/11/5 3260/11/5 3590/11/5 3263/11/5
f 3269/12/1 3268/12/1 3591/12/1 3592/12/1
f 3269/12/3 3592/12/3 3593/12/3 3270/12/3
f 3592/12/6 3591/12/6 3594/12/6 3593/12/6
f 3273/12/2 3595/12/2 3596/12/2 3274/12/2
f 3270/12/3 3593/12/3 3595/12/3 3273/12/3
f 3593/12/6 3594/12/6 3596/12/6 3595/12/6
f 3276/3/1 3275/3/1 3597/3/1 3598/3/1
f 3276/3/3 3598/3/3 3591/3/3 3268/3/3
f 3598/3/6 3597/3/6 3599/3/6 3591/3/6
f 3278/3/2 3600/3/2 3601/3/2 3279/3/2
f 3274/3/3 3596/3/3 3600/3/3 3278/3/3
f 3596/3/6 3602/3/6 3601/3/6 3600/3/6
f 3281/5/1 3280/5/1 3603/5/1 3604/5/1
f 3281/5/3 3604/5/3 3597/5/3 3275/5/3
f 3604/5/6 3603/5/6 3605/5/6 3597/5/6
f 3279/2/2 3601/2/2 3606/2/2 3282/2/2
f 3286/6/1 3285/6/1 3607/6/1 3608/6/1
f 3286/6/3 3608/6/3 3603/6/3 3280/6/3
f 3608/6/6 3607/6/6 3609/6/6 3603/6/6
f 3287/5/2 3610/5/2 3611/5/2 3288/5/2
f 3282/5/3 3606/5/3 3610/5/3 3287/5/3
f 3289/5/4 3288/5/4 3611/5/4 3612/5/4
f 3285/6/1 3290/6/1 3613/6/1 3607/6/1
f 3290/6/4 3291/6/4 3614/6/4 3613/6/4
f 3607/6/6 3613/6/6 3614/6/6 3609/6/6
f 3289/5/2 3612/5/2 3615/5/2 3292/5/2
f 3291/2/1 3293/2/1 3616/2/1 3614/2/1
f 3293/2/4 3294/2/4 3617/2/4 3616/2/4
f 3614/2/6 3616/2/6 3617/2/6 3618/2/6
f 3292/5/2 3615/5/2 3619/5/2 3295/5/2
f 3296/5/4 3295/5/4 3619/5/4 3620/5/4
f 3297/5/2 3621/5/2 3622/5/2 3298/5/2
f 3302/5/1 3301/5/1 3623/5/1 3624/5/1
f 3302/5/3 3624/5/3 3621/5/3 3297/5/3
f 3301/5/4 3298/5/4 3622/5/4 3623/5/4
f 3624/5/6 3623/5/6 3622/5/6 3621/5/6
f 3293/4/2 3616/4/2 3625/4/2 3303/4/2
f 3305/4/1 3304/4/1 3626/4/1 3627/4/1
f 3305/4/3 3627/4/3 3616/4/3 3293/4/3
f 3304/4/4 3303/4/4 3625/4/4 3626/4/4
f 3627/4/6 3626/4/6 3625/4/6 3616/4/6
f 3294/2/1 3307/2/1 3628/2/1 3617/2/1
f 3617/2/6 3628/2/6 3629/2/6 3630/2/6
f 3296/5/2 3620/5/2 3631/5/2 3308/5/2
f 3632/5/6 3633/5/6 3631/5/6 3620/5/6
f 3301/2/2 3623/2/2 3634/2/2 3310/2/2
f 3295/2/1 3313/2/1 3635/2/1 3619/2/1
f 3295/2/3 3619/2/3 3623/2/3 3301/2/3
f 3619/2/6 3635/2/6 3634/2/6 3623/2/6
f 3315/5/2 3636/5/2 3637/5/2 3316/5/2
f 3298/5/1 3317/5/1 3638/5/1 3622/5/1
f 3298/5/3 3622/5/3 3636/5/3 3315/5/3
f 3317/5/4 3316/5/4 3637/5/4 3638/5/4
f 3622/5/6 3638/5/6 3637/5/6 3636/5/6
f 3307/2/1 3318/2/1 3639/2/1 3628/2/1
f 3628/2/6 3639/2/6 3640/2/6 3629/2/6
f 3308/2/2 3631/2/2 3641/2/2 3319/2/2
f 3633/2/6 3642/2/6 3641/2/6 3631/2/6
f 3310/2/2 3634/2/2 3643/2/2 3320/2/2
f 3313/2/1 3321/2/1 3644/2/1 3635/2/1
f 3321/2/4 3320/2/4 3643/2/4 3644/2/4
f 3635/2/6 3644/2/6 3643/2/6 3634/2/6
f 3324/1/1 3323/1/1 3645/1/1 3646/1/1
f 3324/1/3 3646/1/3 3647/1/3 3325/1/3
f 3323/1/4 3327/1/4 3648/1/4 3645/1/4
f 3646/1/6 3645/1/6 3648/1/6 3647/1/6
f 3325/11/3 3647/11/3 3649/11/3 3328/11/3
f 3327/11/4 3330/11/4 3650/11/4 3648/11/4
f 3647/11/6 3648/11/6 3650/11/6 3649/11/6
f 3328/9/3 3649/9/3 3651/9/3 3331/9/3
f 3330/9/4 3333/9/4 3652/9/4 3650/9/4
f 3649/9/6 3650/9/6 3652/9/6 3651/9/6
f 3335/8/2 3653/8/2 3654/8/2 3336/8/2
f 3331/8/3 3651/8/3 3653/8/3 3335/8/3
f 3651/8/6 3652/8/6 3654/8/6 3653/8/6
f 3339/10/1 3338/10/1 3655/10/1 3656/10/1
f 3339/10/3 3656/10/3 3657/10/3 3340/10/3
f 3656/10/6 3655/10/6 3658/10/6 3657/10/6
f 3340/9/3 3657/9/3 3659/9/3 3342/9/3
f 3657/9/6 3658/9/6 3660/9/6 3659/9/6
f 3342/8/3 3659/8/3 3661/8/3 3344/8/3
f 3659/8/6 3660/8/6 3662/8/6 3661/8/6
f 3347/8/2 3663/8/2 3664/8/2 3348/8/2
f 3344/8/3 3661/8/3 3663/8/3 3347/8/3
f 3661/8/6 3662/8/6 3664/8/6 3663/8/6
f 3350/4/1 3349/4/1 3665/4/1 3666/4/1
f 3350/4/3 3666/4/3 3639/4/3 3318/4/3
f 3666/4/6 3665/4/6 3667/4/6 3639/4/6
f 3321/2/2 3644/2/2 3668/2/2 3351/2/2
f 3319/2/3 3641/2/3 3644/2/3 3321/2/3
f 3641/2/6 3669/2/6 3668/2/6 3644/2/6
f 3333/9/1 3352/9/1 3670/9/1 3652/9/1
f 3352/9/4 3353/9/4 3671/9/4 3670/9/4
f 3336/10/3 3654/10/3 3672/10/3 3354/10/3
f 3654/10/6 3671/10/6 3673/10/6 3672/10/6
f 3354/8/3 3672/8/3 3674/8/3 3356/8/3
f 3359/8/4 3358/8/4 3675/8/4 3673/8/4
f 3672/8/6 3673/8/6 3675/8/6 3674/8/6
f 3356/8/3 3674/8/3 3676/8/3 3360/8/3
f 3358/8/4 3362/8/4 3677/8/4 3675/8/4
f 3674/8/6 3675/8/6 3677/8/6 3676/8/6
f 3360/8/3 3676/8/3 3655/8/3 3338/8/3
f 3362/8/4 3363/8/4 3678/8/4 3677/8/4
f 3676/8/6 3677/8/6 3678/8/6 3655/8/6
f 3363/8/4 3364/8/4 3679/8/4 3678/8/4
f 3364/8/4 3365/8/4 3680/8/4 3679/8/4
f 3365/8/4 3366/8/4 3681/8/4 3680/8/4
f 3366/8/4 3367/8/4 3682/8/4 3681/8/4
f 3369/9/2 3683/9/2 3684/9/2 3370/9/2
f 3348/9/3 3664/9/3 3683/9/3 3369/9/3
f 3367/9/4 3370/9/4 3684/9/4 3682/9/4
f 3664/9/6 3682/9/6 3684/9/6 3683/9/6
f 3373/6/1 3372/6/1 3685/6/1 3686/6/1
f 3373/6/3 3686/6/3 3687/6/3 3374/6/3
f 3686/6/6 3685/6/6 3688/6/6 3687/6/6
f 3374/6/3 3687/6/3 3665/6/3 3349/6/3
f 3351/2/3 3668/2/3 3689/2/3 3375/2/3
f 3377/5/2 3690/5/2 3691/5/2 3378/5/2
f 3375/5/3 3689/5/3 3690/5/3 3377/5/3
f 3689/5/6 3692/5/6 3691/5/6 3690/5/6
f 3359/8/2 3673/8/2 3693/8/2 3379/8/2
f 3353/8/1 3380/8/1 3694/8/1 3671/8/1
f 3380/8/4 3379/8/4 3693/8/4 3694/8/4
f 3383/6/1 3382/6/1 3695/6/1 3696/6/1
f 3383/6/3 3696/6/3 3685/6/3 3372/6/3
f 3696/6/6 3695/6/6 3697/6/6 3685/6/6
f 3378/5/3 3691/5/3 3698/5/3 3384/5/3
f 3691/5/6 3699/5/6 3700/5/6 3698/5/6
f 3384/5/3 3698/5/3 3701/5/3 3386/5/3
f 3698/5/6 3700/5/6 3702/5/6 3701/5/6
f 3387/5/2 3703/5/2 3704/5/2 3388/5/2
f 3386/5/3 3701/5/3 3703/5/3 3387/5/3
f 3701/5/6 3702/5/6 3704/5/6 3703/5/6
f 3380/9/2 3694/9/2 3705/9/2 3389/9/2
f 3392/9/1 3391/9/1 3706/9/1 3707/9/1
f 3392/9/3 3707/9/3 3694/9/3 3380/9/3
f 3707/9/6 3706/9/6 3705/9/6 3694/9/6
f 3708/8/2 3709/8/2 3710/8/2 3408/8/2
f 3393/8/1 3394/8/1 3711/8/1 3712/8/1
f 3393/8/3 3712/8/3 3709/8/3 3708/8/3
f 3712/8/6 3711/8/6 3710/8/6 3709/8/6
f 3393/8/5 3708/8/5 3408/8/5 3394/8/5
f 3397/8/2 3713/8/2 3714/8/2 3398/8/2
f 3400/8/1 3399/8/1 3715/8/1 3716/8/1
f 3400/8/3 3716/8/3 3713/8/3 3397/8/3
f 3399/8/4 3398/8/4 3714/8/4 3715/8/4
f 3716/8/6 3715/8/6 3714/8/6 3713/8/6
f 3402/8/2 3717/8/2 3718/8/2 3403/8/2
f 3405/8/1 3404/8/1 3719/8/1 3720/8/1
f 3405/8/3 3720/8/3 3717/8/3 3402/8/3
f 3720/8/6 3719/8/6 3718/8/6 3717/8/6
f 3382/6/1 3406/6/1 3721/6/1 3695/6/1
f 3388/9/3 3704/9/3 3722/9/3 3407/9/3
f 3704/9/6 3723/9/6 3724/9/6 3722/9/6
f 3407/9/3 3722/9/3 3706/9/3 3391/9/3
f 3722/9/6 3724/9/6 3725/9/6 3706/9/6
f 3706/9/6 3725/9/6 3726/9/6 3705/9/6
f 3389/8/3 3705/8/3 3727/8/3 3395/8/3
f 3705/8/6 3726/8/6 3728/8/6 3727/8/6
f 3395/8/3 3727/8/3 3711/8/3 3394/8/3
f 3399/8/2 3715/8/2 3729/8/2 3409/8/2
f 3408/8/3 3710/8/3 3715/8/3 3399/8/3
f 3710/8/6 3730/8/6 3729/8/6 3715/8/6
f 3398/8/1 3410/8/1 3731/8/1 3714/8/1
f 3398/8/3 3714/8/3 3732/8/3 3411/8/3
f 3410/8/4 3414/8/4 3733/8/4 3731/8/4
f 3714/8/6 3731/8/6 3733/8/6 3732/8/6
f 3415/8/2 3734/8/2 3735/8/2 3416/8/2
f 3411/8/3 3732/8/3 3734/8/3 3415/8/3
f 3414/8/4 3416/8/4 3735/8/4 3733/8/4
f 3732/8/6 3733/8/6 3735/8/6 3734/8/6
f 3418/9/1 3417/9/1 3736/9/1 3737/9/1
f 3418/9/3 3737/9/3 3719/9/3 3404/9/3
f 3737/9/6 3736/9/6 3738/9/6 3719/9/6
f 3403/8/2 3718/8/2 3739/8/2 3419/8/2
f 3406/2/1 3420/2/1 3740/2/1 3721/2/1
f 3726/8/6 3741/8/6 3742/8/6 3728/8/6
f 3409/8/2 3729/8/2 3743/8/2 3421/8/2
f 3423/8/4 3421/8/4 3743/8/4 3744/8/4
f 3730/8/6 3744/8/6 3743/8/6 3729/8/6
f 3416/8/1 3424/8/1 3745/8/1 3735/8/1
f 3416/8/3 3735/8/3 3736/8/3 3417/8/3
f 3735/8/6 3745/8/6 3746/8/6 3736/8/6
f 3419/9/2 3739/9/2 3747/9/2 3425/9/2
f 3420/4/1 3426/4/1 3748/4/1 3740/4/1
f 3742/8/6 3749/8/6 3750/8/6 3751/8/6
f 3423/8/2 3744/8/2 3752/8/2 3427/8/2
f 3751/8/6 3750/8/6 3752/8/6 3744/8/6
f 3421/8/1 3429/8/1 3753/8/1 3743/8/1
f 3421/8/3 3743/8/3 3754/8/3 3430/8/3
f 3743/8/6 3753/8/6 3755/8/6 3754/8/6
f 3430/8/3 3754/8/3 3756/8/3 3432/8/3
f 3754/8/6 3755/8/6 3757/8/6 3756/8/6
f 3432/8/3 3756/8/3 3745/8/3 3424/8/3
f 3756/8/6 3757/8/6 3758/8/6 3745/8/6
f 3425/9/2 3747/9/2 3759/9/2 3434/9/2
f 3426/4/1 3435/4/1 3760/4/1 3748/4/1
f 3427/9/3 3752/9/3 3753/9/3 3429/9/3
f 3752/9/6 3761/9/6 3762/9/6 3753/9/6
f 3753/9/6 3762/9/6 3763/9/6 3755/9/6
f 3757/9/6 3764/9/6 3765/9/6 3758/9/6
f 3434/8/2 3759/8/2 3766/8/2 3437/8/2
f 3435/6/1 3438/6/1 3767/6/1 3760/6/1
f 3761/9/6 3768/9/6 3769/9/6 3762/9/6
f 3762/9/6 3769/9/6 3770/9/6 3763/9/6
f 3763/9/6 3770/9/6 3771/9/6 3764/9/6
f 3764/9/6 3771/9/6 3772/9/6 3765/9/6
f 3437/9/2 3766/9/2 3773/9/2 3440/9/2
f 3438/6/1 3441/6/1 3774/6/1 3767/6/1
f 3768/2/6 3775/2/6 3776/2/6 3769/2/6
f 3769/9/6 3776/9/6 3777/9/6 3770/9/6
f 3771/9/6 3778/9/6 3779/9/6 3772/9/6
f 3440/9/2 3773/9/2 3780/9/2 3443/9/2
f 3441/4/1 3444/4/1 3781/4/1 3774/4/1
f 3775/9/6 3782/9/6 3783/9/6 3776/9/6
f 3776/9/6 3783/9/6 3784/9/6 3777/9/6
f 3449/9/4 3451/9/4 3785/9/4 3784/9/4
f 3777/9/6 3784/9/6 3785/9/6 3778/9/6
f 3451/9/4 3452/9/4 3786/9/4 3785/9/4
f 3778/9/6 3785/9/6 3786/9/6 3779/9/6
f 3443/9/2 3780/9/2 3787/9/2 3453/9/2
f 3444/6/1 3454/6/1 3788/6/1 3781/6/1
f 3456/9/4 3455/9/4 3789/9/4 3790/9/4
f 3791/9/6 3790/9/6 3789/9/6 3792/9/6
f 3455/9/4 3457/9/4 3793/9/4 3789/9/4
f 3792/9/6 3789/9/6 3793/9/6 3794/9/6
f 3794/2/6 3793/2/6 3795/2/6 3782/2/6
f 3782/9/6 3795/9/6 3796/9/6 3783/9/6
f 3447/9/5 3446/9/5 3470/9/5 3458/9/5
f 3449/9/2 3784/9/2 3797/9/2 3473/9/2
f 3470/9/4 3473/9/4 3797/9/4 3796/9/4
f 3783/9/6 3796/9/6 3797/9/6 3784/9/6
f 3446/9/5 3449/9/5 3473/9/5 3470/9/5
f 3452/9/1 3460/9/1 3798/9/1 3786/9/1
f 3460/9/4 3461/9/4 3799/9/4 3798/9/4
f 3786/9/6 3798/9/6 3799/9/6 3800/9/6
f 3453/9/2 3787/9/2 3801/9/2 3462/9/2
f 3454/6/1 3463/6/1 3802/6/1 3788/6/1
f 3465/2/4 3464/2/4 3803/2/4 3804/2/4
f 3805/2/6 3804/2/6 3803/2/6 3806/2/6
f 3464/2/4 3466/2/4 3807/2/4 3803/2/4
f 3806/2/6 3803/2/6 3807/2/6 3808/2/6
f 3456/2/2 3790/2/2 3809/2/2 3467/2/2
f 3466/2/4 3467/2/4 3809/2/4 3807/2/4
f 3457/9/1 3468/9/1 3810/9/1 3793/9/1
f 3793/9/6 3810/9/6 3811/9/6 3795/9/6
f 3470/2/2 3796/2/2 3812/2/2 3475/2/2
f 3795/2/6 3811/2/6 3812/2/6 3796/2/6
f 3460/9/2 3798/9/2 3813/9/2 3476/9/2
f 3478/9/1 3477/9/1 3814/9/1 3815/9/1
f 3478/9/3 3815/9/3 3798/9/3 3460/9/3
f 3477/9/4 3476/9/4 3813/9/4 3814/9/4
f 3461/9/1 3479/9/1 3816/9/1 3799/9/1
f 3479/9/4 3480/9/4 3817/9/4 3816/9/4
f 3799/9/6 3816/9/6 3817/9/6 3818/9/6
f 3462/9/2 3801/9/2 3819/9/2 3481/9/2
f 3463/6/1 3482/6/1 3820/6/1 3802/6/1
f 3485/2/4 3484/2/4 3821/2/4 3822/2/4
f 3823/2/6 3822/2/6 3821/2/6 3824/2/6
f 3484/9/4 3486/9/4 3825/9/4 3821/9/4
f 3824/9/6 3821/9/6 3825/9/6 3826/9/6
f 3465/9/2 3804/9/2 3827/9/2 3487/9/2
f 3486/9/4 3487/9/4 3827/9/4 3825/9/4
f 3826/9/6 3825/9/6 3827/9/6 3804/9/6
f 3468/10/1 3489/10/1 3828/10/1 3810/10/1
f 3489/10/4 3491/10/4 3829/10/4 3828/10/4
f 3810/10/6 3828/10/6 3829/10/6 3811/10/6
f 3475/9/2 3812/9/2 3830/9/2 3492/9/2
f 3491/9/4 3492/9/4 3830/9/4 3829/9/4
f 3811/9/6 3829/9/6 3830/9/6 3812/9/6
f 3481/10/2 3819/10/2 3831/10/2 3493/10/2
f 3480/10/1 3495/10/1 3832/10/1 3817/10/1
f 3495/10/4 3493/10/4 3831/10/4 3832/10/4
f 3817/10/6 3832/10/6 3831/10/6 3819/10/6
f 3482/6/1 3497/6/1 3833/6/1 3820/6/1
f 3497/6/4 3498/6/4 3834/6/4 3833/6/4
f 3820/6/6 3833/6/6 3834/6/6 3835/6/6
f 3485/2/2 3822/2/2 3836/2/2 3499/2/2
f 3500/2/4 3499/2/4 3836/2/4 3837/2/4
f 3838/2/6 3837/2/6 3836/2/6 3822/2/6
f 3492/9/1 3501/9/1 3839/9/1 3830/9/1
f 3492/9/3 3830/9/3 3840/9/3 3502/9/3
f 3501/9/4 3503/9/4 3841/9/4 3839/9/4
f 3504/9/2 3842/9/2 3843/9/2 3505/9/2
f 3502/9/3 3840/9/3 3842/9/3 3504/9/3
f 3503/9/4 3505/9/4 3843/9/4 3841/9/4
f 3840/9/6 3841/9/6 3843/9/6 3842/9/6
f 3495/9/2 3832/9/2 3844/9/2 3506/9/2
f 3508/9/1 3507/9/1 3845/9/1 3846/9/1
f 3508/9/3 3846/9/3 3832/9/3 3495/9/3
f 3507/9/4 3506/9/4 3844/9/4 3845/9/4
f 3498/6/1 3510/6/1 3847/6/1 3834/6/1
f 3510/6/4 3511/6/4 3848/6/4 3847/6/4
f 3834/6/6 3847/6/6 3848/6/6 3849/6/6
f 3500/2/2 3837/2/2 3850/2/2 3512/2/2
f 3513/2/4 3512/2/4 3850/2/4 3851/2/4
f 3852/2/6 3851/2/6 3850/2/6 3837/2/6
f 3514/8/2 3853/8/2 3854/8/2 3515/8/2
f 3519/8/1 3518/8/1 3855/8/1 3856/8/1
f 3519/8/3 3856/8/3 3853/8/3 3514/8/3
f 3518/8/4 3515/8/4 3854/8/4 3855/8/4
f 3856/8/6 3855/8/6 3854/8/6 3853/8/6
f 3521/7/1 3520/7/1 3857/7/1 3858/7/1
f 3521/7/3 3858/7/3 3859/7/3 3522/7/3
f 3520/7/4 3525/7/4 3860/7/4 3857/7/4
f 3858/7/6 3857/7/6 3860/7/6 3859/7/6
f 3501/8/2 3839/8/2 3861/8/2 3526/8/2
f 3522/8/3 3859/8/3 3839/8/3 3501/8/3
f 3525/8/4 3526/8/4 3861/8/4 3860/8/4
f 3859/8/6 3860/8/6 3861/8/6 3839/8/6
f 3507/10/2 3845/10/2 3862/10/2 3528/10/2
f 3532/10/1 3531/10/1 3863/10/1 3864/10/1
f 3532/10/3 3864/10/3 3845/10/3 3507/10/3
f 3531/10/4 3528/10/4 3862/10/4 3863/10/4
f 3864/10/6 3863/10/6 3862/10/6 3845/10/6
f 3511/6/1 3534/6/1 3865/6/1 3848/6/1
f 3534/6/4 3535/6/4 3866/6/4 3865/6/4
f 3848/6/6 3865/6/6 3866/6/6 3867/6/6
f 3513/5/2 3851/5/2 3868/5/2 3536/5/2
f 3538/5/4 3536/5/4 3868/5/4 3869/5/4
f 3870/5/6 3869/5/6 3868/5/6 3851/5/6
f 3512/2/1 3539/2/1 3871/2/1 3850/2/1
f 3512/2/3 3850/2/3 3872/2/3 3540/2/3
f 3850/2/6 3871/2/6 3873/2/6 3872/2/6
f 3540/2/3 3872/2/3 3874/2/3 3541/2/3
f 3518/8/2 3855/8/2 3875/8/2 3542/8/2
f 3541/8/3 3874/8/3 3855/8/3 3518/8/3
f 3874/8/6 3876/8/6 3875/8/6 3855/8/6
f 3545/8/1 3544/8/1 3877/8/1 3878/8/1
f 3545/8/3 3878/8/3 3879/8/3 3546/8/3
f 3544/8/4 3548/8/4 3880/8/4 3877/8/4
f 3878/8/6 3877/8/6 3880/8/6 3879/8/6
f 3546/7/3 3879/7/3 3881/7/3 3549/7/3
f 3548/7/4 3550/7/4 3882/7/4 3880/7/4
f 3879/7/6 3880/7/6 3882/7/6 3881/7/6
f 3520/8/2 3857/8/2 3883/8/2 3551/8/2
f 3549/8/3 3881/8/3 3857/8/3 3520/8/3
f 3550/8/4 3551/8/4 3883/8/4 3882/8/4
f 3881/8/6 3882/8/6 3883/8/6 3857/8/6
f 3531/7/2 3863/7/2 3884/7/2 3552/7/2
f 3556/7/1 3555/7/1 3885/7/1 3886/7/1
f 3556/7/3 3886/7/3 3863/7/3 3531/7/3
f 3555/7/4 3552/7/4 3884/7/4 3885/7/4
f 3886/7/6 3885/7/6 3884/7/6 3863/7/6
f 3535/4/1 3558/4/1 3887/4/1 3866/4/1
f 3558/4/4 3559/4/4 3888/4/4 3887/4/4
f 3866/4/6 3887/4/6 3888/4/6 3889/4/6
f 3538/5/2 3869/5/2 3890/5/2 3560/5/2
f 3561/5/4 3560/5/4 3890/5/4 3891/5/4
f 3892/5/6 3891/5/6 3890/5/6 3869/5/6
f 3539/2/1 3562/2/1 3893/2/1 3871/2/1
f 3894/11/2 3895/11/2 3896/11/2 3581/11/2
f 3542/11/3 3875/11/3 3895/11/3 3894/11/3
f 3563/11/4 3581/11/4 3896/11/4 3897/11/4
f 3875/11/6 3897/11/6 3896/11/6 3895/11/6
f 3542/11/5 3894/11/5 3581/11/5 3563/11/5
f 3551/8/1 3564/8/1 3898/8/1 3883/8/1
f 3551/8/3 3883/8/3 3899/8/3 3565/8/3
f 3564/8/4 3568/8/4 3900/8/4 3898/8/4
f 3883/8/6 3898/8/6 3900/8/6 3899/8/6
f 3565/8/3 3899/8/3 3901/8/3 3569/8/3
f 3568/8/4 3570/8/4 3902/8/4 3900/8/4
f 3899/8/6 3900/8/6 3902/8/6 3901/8/6
f 3569/10/3 3901/10/3 3903/10/3 3571/10/3
f 3570/10/4 3572/10/4 3904/10/4 3902/10/4
f 3555/9/2 3885/9/2 3905/9/2 3573/9/2
f 3571/9/3 3903/9/3 3885/9/3 3555/9/3
f 3572/9/4 3573/9/4 3905/9/4 3904/9/4
f 3903/9/6 3904/9/6 3905/9/6 3885/9/6
f 3559/2/1 3576/2/1 3906/2/1 3888/2/1
f 3576/2/4 3578/2/4 3907/2/4 3906/2/4
f 3888/2/6 3906/2/6 3907/2/6 3908/2/6
f 3561/5/2 3891/5/2 3909/5/2 3579/5/2
f 3578/5/4 3579/5/4 3909/5/4 3907/5/4
f 3908/5/6 3907/5/6 3909/5/6 3891/5/6
f 3562/2/1 3580/2/1 3910/2/1 3893/2/1
f 3563/11/2 3897/11/2 3911/11/2 3584/11/2
f 3580/5/1 3586/5/1 3912/5/1 3910/5/1
f 3586/5/4 3587/5/4 3913/5/4 3912/5/4
f 3910/5/6 3912/5/6 3913/5/6 3914/5/6
f 3587/9/4 3588/9/4 3915/9/4 3913/9/4
f 3584/11/2 3911/11/2 3916/11/2 3589/11/2
f 3588/11/4 3589/11/4 3916/11/4 3915/11/4
f 3917/11/6 3915/11/6 3916/11/6 3911/11/6
f 3918/12/1 3919/12/1 3920/12/1 3921/12/1
f 3918/12/3 3921/12/3 3922/12/3 3923/12/3
f 3919/12/4 3604/12/4 3924/12/4 3920/12/4
f 3921/12/6 3920/12/6 3924/12/6 3922/12/6
f 3918/12/5 3923/12/5 3604/12/5 3919/12/5
f 3598/3/2 3925/3/2 3926/3/2 3597/3/2
f 3923/3/3 3922/3/3 3925/3/3 3598/3/3
f 3604/3/4 3597/3/4 3926/3/4 3924/3/4
f 3922/3/6 3924/3/6 3926/3/6 3925/3/6
f 3923/3/5 3598/3/5 3597/3/5 3604/3/5
f 3591/3/1 3599/3/1 3927/3/1 3928/3/1
f 3591/3/3 3928/3/3 3929/3/3 3594/3/3
f 3928/3/6 3927/3/6 3930/3/6 3929/3/6
f 3596/3/2 3931/3/2 3932/3/2 3602/3/2
f 3594/3/3 3929/3/3 3931/3/3 3596/3/3
f 3929/3/6 3930/3/6 3932/3/6 3931/3/6
f 3597/6/1 3605/6/1 3933/6/1 3926/6/1
f 3597/6/3 3926/6/3 3927/6/3 3599/6/3
f 3926/6/6 3933/6/6 3934/6/6 3927/6/6
f 3927/2/6 3934/2/6 3935/2/6 3930/2/6
f 3601/5/2 3936/5/2 3937/5/2 3606/5/2
f 3602/5/3 3932/5/3 3936/5/3 3601/5/3
f 3603/6/1 3609/6/1 3938/6/1 3939/6/1
f 3603/6/3 3939/6/3 3933/6/3 3605/6/3
f 3939/6/6 3938/6/6 3940/6/6 3933/6/6
f 3610/2/2 3941/2/2 3942/2/2 3611/2/2
f 3606/2/3 3937/2/3 3941/2/3 3610/2/3
f 3609/6/1 3614/6/1 3943/6/1 3938/6/1
f 3614/6/4 3618/6/4 3944/6/4 3943/6/4
f 3938/6/6 3943/6/6 3944/6/6 3940/6/6
f 3615/5/4 3624/5/4 3945/5/4 3946/5/4
f 3612/5/5 3611/5/5 3624/5/5 3615/5/5
f 3947/1/2 3948/1/2 3949/1/2 3621/1/2
f 3611/1/3 3942/1/3 3948/1/3 3947/1/3
f 3624/1/4 3621/1/4 3949/1/4 3945/1/4
f 3942/1/6 3945/1/6 3949/1/6 3948/1/6
f 3611/1/5 3947/1/5 3621/1/5 3624/1/5
f 3614/6/2 3943/6/2 3950/6/2 3616/6/2
f 3613/6/1 3627/6/1 3951/6/1 3952/6/1
f 3613/6/3 3952/6/3 3943/6/3 3614/6/3
f 3627/6/4 3616/6/4 3950/6/4 3951/6/4
f 3952/6/6 3951/6/6 3950/6/6 3943/6/6
f 3613/6/5 3614/6/5 3616/6/5 3627/6/5
f 3618/4/1 3617/4/1 3953/4/1 3944/4/1
f 3617/4/4 3630/4/4 3954/4/4 3953/4/4
f 3944/4/6 3953/4/6 3954/4/6 3955/4/6
f 3955/5/6 3954/5/6 3956/5/6 3957/5/6
f 3632/5/4 3620/5/4 3958/5/4 3956/5/4
f 3615/5/2 3946/5/2 3959/5/2 3619/5/2
f 3620/5/4 3619/5/4 3959/5/4 3958/5/4
f 3632/5/2 3956/5/2 3960/5/2 3633/5/2
f 3630/5/1 3629/5/1 3961/5/1 3954/5/1
f 3954/5/6 3961/5/6 3960/5/6 3956/5/6
f 3625/6/2 3962/6/2 3963/6/2 3666/6/2
f 3626/6/1 3964/6/1 3965/6/1 3966/6/1
f 3626/6/3 3966/6/3 3962/6/3 3625/6/3
f 3966/6/6 3965/6/6 3963/6/6 3962/6/6
f 3626/6/5 3625/6/5 3666/6/5 3964/6/5
f 3633/2/2 3960/2/2 3967/2/2 3642/2/2
f 3629/2/1 3640/2/1 3968/2/1 3961/2/1
f 3961/2/6 3968/2/6 3967/2/6 3960/2/6
f 3637/3/2 3969/3/2 3970/3/2 3971/3/2
f 3638/3/1 3972/3/1 3973/3/1 3974/3/1
f 3638/3/3 3974/3/3 3969/3/3 3637/3/3
f 3972/3/4 3971/3/4 3970/3/4 3973/3/4
f 3974/3/6 3973/3/6 3970/3/6 3969/3/6
f 3638/3/5 3637/3/5 3971/3/5 3972/3/5
f 3666/6/2 3963/6/2 3975/6/2 3665/6/2
f 3964/6/1 3687/6/1 3976/6/1 3965/6/1
f 3965/6/6 3976/6/6 3975/6/6 3963/6/6
f 3964/6/5 3666/6/5 3665/6/5 3687/6/5
f 3639/6/1 3667/6/1 3977/6/1 3978/6/1
f 3639/6/3 3978/6/3 3968/6/3 3640/6/3
f 3978/6/6 3977/6/6 3979/6/6 3968/6/6
f 3641/2/2 3980/2/2 3981/2/2 3669/2/2
f 3642/2/3 3967/2/3 3980/2/3 3641/2/3
f 3967/2/6 3982/2/6 3981/2/6 3980/2/6
f 3643/6/2 3983/6/2 3984/6/2 3689/6/2
f 3644/6/1 3668/6/1 3985/6/1 3986/6/1
f 3644/6/3 3986/6/3 3983/6/3 3643/6/3
f 3986/6/6 3985/6/6 3984/6/6 3983/6/6
f 3644/6/5 3643/6/5 3689/6/5 3668/6/5
f 3645/6/2 3987/6/2 3988/6/2 3989/6/2
f 3971/6/1 3990/6/1 3991/6/1 3970/6/1
f 3971/6/3 3970/6/3 3987/6/3 3645/6/3
f 3990/6/4 3989/6/4 3988/6/4 3991/6/4
f 3970/6/6 3991/6/6 3988/6/6 3987/6/6
f 3971/6/5 3645/6/5 3989/6/5 3990/6/5
f 3648/9/1 3992/9/1 3993/9/1 3994/9/1
f 3648/9/3 3994/9/3 3995/9/3 3650/9/3
f 3992/9/4 3996/9/4 3997/9/4 3993/9/4
f 3994/9/6 3993/9/6 3997/9/6 3995/9/6
f 3648/9/5 3650/9/5 3996/9/5 3992/9/5
f 3650/11/3 3995/11/3 3998/11/3 3652/11/3
f 3996/11/4 3670/11/4 3999/11/4 3997/11/4
f 3995/11/6 3997/11/6 3999/11/6 3998/11/6
f 3650/11/5 3652/11/5 3670/11/5 3996/11/5
f 3654/11/2 4000/11/2 4001/11/2 3671/11/2
f 3652/11/3 3998/11/3 4000/11/3 3654/11/3
f 3670/11/4 3671/11/4 4001/11/4 3999/11/4
f 3998/11/6 3999/11/6 4001/11/6 4000/11/6
f 3655/8/1 3678/8/1 4002/8/1 4003/8/1
f 3655/8/3 4003/8/3 4004/8/3 3658/8/3
f 3678/8/4 3679/8/4 4005/8/4 4002/8/4
f 4003/8/6 4002/8/6 4005/8/6 4004/8/6
f 3658/11/3 4004/11/3 4006/11/3 3660/11/3
f 3679/11/4 3680/11/4 4007/11/4 4005/11/4
f 4004/11/6 4005/11/6 4007/11/6 4006/11/6
f 3660/11/3 4006/11/3 4008/11/3 3662/11/3
f 3680/11/4 3681/11/4 4009/11/4 4007/11/4
f 4006/11/6 4007/11/6 4009/11/6 4008/11/6
f 3664/10/2 4010/10/2 4011/10/2 3682/10/2
f 3662/10/3 4008/10/3 4010/10/3 3664/10/3
f 3681/10/4 3682/10/4 4011/10/4 4009/10/4
f 4008/10/6 4009/10/6 4011/10/6 4010/10/6
f 3687/6/1 3688/6/1 4012/6/1 3976/6/1
f 3976/6/6 4012/6/6 4013/6/6 3975/6/6
f 3665/6/3 3975/6/3 3977/6/3 3667/6/3
f 3669/2/3 3981/2/3 3985/2/3 3668/2/3
f 3689/6/2 3984/6/2 4014/6/2 3692/6/2
f 3985/6/6 4015/6/6 4014/6/6 3984/6/6
f 3992/9/2 3993/9/2 4016/9/2 3703/9/2
f 3989/9/1 3701/9/1 4017/9/1 3988/9/1
f 3989/9/3 3988/9/3 3993/9/3 3992/9/3
f 3701/9/4 3703/9/4 4016/9/4 4017/9/4
f 3988/9/6 4017/9/6 4016/9/6 3993/9/6
f 3989/9/5 3992/9/5 3703/9/5 3701/9/5
f 3671/7/1 3694/7/1 4018/7/1 4001/7/1
f 3671/7/3 4001/7/3 4019/7/3 3673/7/3
f 3694/7/4 3693/7/4 4020/7/4 4018/7/4
f 4001/7/6 4018/7/6 4020/7/6 4019/7/6
f 3673/9/3 4019/9/3 4021/9/3 3675/9/3
f 3693/9/4 3712/9/4 4022/9/4 4020/9/4
f 4019/9/6 4020/9/6 4022/9/6 4021/9/6
f 3673/9/5 3675/9/5 3712/9/5 3693/9/5
f 3675/8/3 4021/8/3 4023/8/3 3677/8/3
f 3712/8/4 3709/8/4 4024/8/4 4022/8/4
f 4021/8/6 4022/8/6 4024/8/6 4023/8/6
f 3675/8/5 3677/8/5 3709/8/5 3712/8/5
f 3678/11/2 4002/11/2 4025/11/2 3716/11/2
f 3677/11/3 4023/11/3 4002/11/3 3678/11/3
f 3709/11/4 3716/11/4 4025/11/4 4024/11/4
f 4023/11/6 4024/11/6 4025/11/6 4002/11/6
f 3677/11/5 3678/11/5 3716/11/5 3709/11/5
f 3684/11/2 4026/11/2 4027/11/2 3720/11/2
f 3682/11/1 4028/11/1 4029/11/1 4011/11/1
f 3682/11/3 4011/11/3 4026/11/3 3684/11/3
f 4028/11/4 3720/11/4 4027/11/4 4029/11/4
f 4011/11/6 4029/11/6 4027/11/6 4026/11/6
f 3682/11/5 3684/11/5 3720/11/5 4028/11/5
f 3685/5/1 3697/5/1 4030/5/1 4031/5/1
f 3685/5/3 4031/5/3 4012/5/3 3688/5/3
f 4031/5/6 4030/5/6 4032/5/6 4012/5/6
f 3691/6/2 4033/6/2 4034/6/2 3699/6/2
f 3692/6/3 4014/6/3 4033/6/3 3691/6/3
f 4014/6/6 4035/6/6 4034/6/6 4033/6/6
f 3703/9/1 3704/9/1 4036/9/1 4016/9/1
f 3703/9/3 4016/9/3 4037/9/3 4038/9/3
f 3704/9/4 3722/9/4 4039/9/4 4036/9/4
f 4016/9/6 4036/9/6 4039/9/6 4037/9/6
f 3703/9/5 4038/9/5 3722/9/5 3704/9/5
f 3707/9/2 4040/9/2 4041/9/2 3706/9/2
f 4038/9/3 4037/9/3 4040/9/3 3707/9/3
f 3722/9/4 3706/9/4 4041/9/4 4039/9/4
f 4037/9/6 4039/9/6 4041/9/6 4040/9/6
f 4038/9/5 3707/9/5 3706/9/5 3722/9/5
f 3695/1/1 3721/1/1 4042/1/1 4043/1/1
f 3695/1/3 4043/1/3 4030/1/3 3697/1/3
f 4043/1/6 4042/1/6 4044/1/6 4030/1/6
f 3699/2/3 4034/2/3 4045/2/3 3700/2/3
f 4034/2/6 4046/2/6 4047/2/6 4045/2/6
f 3700/2/3 4045/2/3 4048/2/3 3702/2/3
f 4045/2/6 4047/2/6 4049/2/6 4048/2/6
f 3704/2/2 4036/2/2 4050/2/2 3723/2/2
f 3702/2/3 4048/2/3 4036/2/3 3704/2/3
f 4048/2/6 4049/2/6 4050/2/6 4036/2/6
f 3727/8/1 3728/8/1 4051/8/1 4052/8/1
f 3727/8/3 4052/8/3 4053/8/3 3711/8/3
f 3710/8/2 4054/8/2 4055/8/2 3730/8/2
f 3711/8/3 4053/8/3 4054/8/3 3710/8/3
f 3714/8/2 4056/8/2 4057/8/2 3731/8/2
f 3715/8/1 3729/8/1 4058/8/1 4059/8/1
f 3715/8/3 4059/8/3 4056/8/3 3714/8/3
f 3729/8/4 3731/8/4 4057/8/4 4058/8/4
f 4059/8/6 4058/8/6 4057/8/6 4056/8/6
f 3715/8/5 3714/8/5 3731/8/5 3729/8/5
f 3737/8/2 4060/8/2 4061/8/2 3736/8/2
f 3734/8/1 3735/8/1 4062/8/1 4063/8/1
f 3734/8/3 4063/8/3 4060/8/3 3737/8/3
f 3735/8/4 3736/8/4 4061/8/4 4062/8/4
f 4063/8/6 4062/8/6 4061/8/6 4060/8/6
f 3734/8/5 3737/8/5 3736/8/5 3735/8/5
f 3718/7/2 4064/7/2 4065/7/2 3739/7/2
f 3719/7/1 3738/7/1 4066/7/1 4067/7/1
f 3719/7/3 4067/7/3 4064/7/3 3718/7/3
f 4067/7/6 4066/7/6 4065/7/6 4064/7/6
f 3721/2/1 3740/2/1 4068/2/1 4042/2/1
f 3723/9/3 4050/9/3 4069/9/3 3724/9/3
f 4050/9/6 4070/9/6 4071/9/6 4069/9/6
f 3724/9/3 4069/9/3 4072/9/3 3725/9/3
f 4069/9/6 4071/9/6 4073/9/6 4072/9/6
f 3726/9/2 4074/9/2 4075/9/2 3741/9/2
f 3725/9/3 4072/9/3 4074/9/3 3726/9/3
f 4072/9/6 4073/9/6 4075/9/6 4074/9/6
f 3728/8/1 3742/8/1 4076/8/1 4051/8/1
f 3742/8/4 3751/8/4 4077/8/4 4076/8/4
f 3730/8/2 4055/8/2 4078/8/2 3744/8/2
f 3751/8/4 3744/8/4 4078/8/4 4077/8/4
f 3736/8/1 3746/8/1 4079/8/1 4061/8/1
f 3736/8/3 4061/8/3 4066/8/3 3738/8/3
f 4061/8/6 4079/8/6 4080/8/6 4066/8/6
f 3739/8/2 4065/8/2 4081/8/2 3747/8/2
f 3740/4/1 3748/4/1 4082/4/1 4068/4/1
f 3742/8/2 4076/8/2 4083/8/2 3749/8/2
f 3741/8/3 4075/8/3 4076/8/3 3742/8/3
f 4075/8/6 4084/8/6 4083/8/6 4076/8/6
f 3745/8/1 3758/8/1 4085/8/1 4086/8/1
f 3745/8/3 4086/8/3 4079/8/3 3746/8/3
f 4086/8/6 4085/8/6 4087/8/6 4079/8/6
f 3747/8/2 4081/8/2 4088/8/2 3759/8/2
f 3748/4/1 3760/4/1 4089/4/1 4082/4/1
f 4084/9/6 4090/9/6 4091/9/6 4083/9/6
f 3749/9/3 4083/9/3 4092/9/3 3750/9/3
f 4083/9/6 4091/9/6 4093/9/6 4092/9/6
f 3752/2/2 4094/2/2 4095/2/2 3761/2/2
f 3750/2/3 4092/2/3 4094/2/3 3752/2/3
f 4092/2/6 4093/2/6 4095/2/6 4094/2/6
f 3757/11/2 4096/11/2 4097/11/2 3764/11/2
f 3755/11/1 3763/11/1 4098/11/1 4099/11/1
f 3755/11/3 4099/11/3 4096/11/3 3757/11/3
f 3763/11/4 3764/11/4 4097/11/4 4098/11/4
f 4099/11/6 4098/11/6 4097/11/6 4096/11/6
f 3758/9/1 3765/9/1 4100/9/1 4085/9/1
f 4085/9/6 4100/9/6 4101/9/6 4087/9/6
f 3759/10/2 4088/10/2 4102/10/2 3766/10/2
f 3760/6/1 3767/6/1 4103/6/1 4089/6/1
f 4090/2/6 4104/2/6 4105/2/6 4091/2/6
f 4091/2/6 4105/2/6 4106/2/6 4093/2/6
f 3761/2/2 4095/2/2 4107/2/2 3768/2/2
f 4093/2/6 4106/2/6 4107/2/6 4095/2/6
f 3765/2/1 3772/2/1 4108/2/1 4100/2/1
f 4100/2/6 4108/2/6 4109/2/6 4101/2/6
f 3766/9/2 4102/9/2 4110/9/2 3773/9/2
f 3767/2/1 3774/2/1 4111/2/1 4103/2/1
f 4104/9/6 4112/9/6 4113/9/6 4105/9/6
f 4105/9/6 4113/9/6 4114/9/6 4106/9/6
f 3768/2/2 4107/2/2 4115/2/2 3775/2/2
f 4106/2/6 4114/2/6 4115/2/6 4107/2/6
f 3771/9/2 4116/9/2 4117/9/2 3778/9/2
f 3770/9/1 3777/9/1 4118/9/1 4119/9/1
f 3770/9/3 4119/9/3 4116/9/3 3771/9/3
f 3777/9/4 3778/9/4 4117/9/4 4118/9/4
f 4119/9/6 4118/9/6 4117/9/6 4116/9/6
f 3772/2/1 3779/2/1 4120/2/1 4108/2/1
f 4108/2/6 4120/2/6 4121/2/6 4109/2/6
f 3773/9/2 4110/9/2 4122/9/2 3780/9/2
f 3774/2/1 3781/2/1 4123/2/1 4111/2/1
f 3791/9/4 3792/9/4 4124/9/4 4125/9/4
f 4112/9/6 4125/9/6 4124/9/6 4113/9/6
f 3792/9/4 3794/9/4 4126/9/4 4124/9/4
f 4113/9/6 4124/9/6 4126/9/6 4114/9/6
f 3775/8/2 4115/8/2 4127/8/2 3782/8/2
f 3794/8/4 3782/8/4 4127/8/4 4126/8/4
f 4114/8/6 4126/8/6 4127/8/6 4115/8/6
f 3779/2/1 3786/2/1 4128/2/1 4120/2/1
f 3786/2/4 3800/2/4 4129/2/4 4128/2/4
f 4120/2/6 4128/2/6 4129/2/6 4121/2/6
f 3780/8/2 4122/8/2 4130/8/2 3787/8/2
f 3781/1/1 3788/1/1 4131/1/1 4123/1/1
f 3805/9/4 3806/9/4 4132/9/4 4133/9/4
f 4134/9/6 4133/9/6 4132/9/6 4135/9/6
f 3806/9/4 3808/9/4 4136/9/4 4132/9/4
f 4135/9/6 4132/9/6 4136/9/6 4137/9/6
f 3791/9/2 4125/9/2 4138/9/2 3790/9/2
f 4137/9/6 4136/9/6 4138/9/6 4125/9/6
f 3800/9/1 3799/9/1 4139/9/1 4129/9/1
f 3799/9/4 3818/9/4 4140/9/4 4139/9/4
f 4129/9/6 4139/9/6 4140/9/6 4141/9/6
f 3787/9/2 4130/9/2 4142/9/2 3801/9/2
f 3788/6/1 3802/6/1 4143/6/1 4131/6/1
f 3823/7/4 3824/7/4 4144/7/4 4145/7/4
f 4146/7/6 4145/7/6 4144/7/6 4147/7/6
f 3824/9/4 3826/9/4 4148/9/4 4144/9/4
f 4147/9/6 4144/9/6 4148/9/6 4149/9/6
f 3805/9/2 4133/9/2 4150/9/2 3804/9/2
f 3826/9/4 3804/9/4 4150/9/4 4148/9/4
f 4149/9/6 4148/9/6 4150/9/6 4133/9/6
f 3808/9/1 3807/9/1 4151/9/1 4136/9/1
f 3807/9/4 3809/9/4 4152/9/4 4151/9/4
f 4136/9/6 4151/9/6 4152/9/6 4138/9/6
f 3790/9/3 4138/9/3 4153/9/3 3789/9/3
f 3809/9/4 4154/9/4 4155/9/4 4152/9/4
f 4138/9/6 4152/9/6 4155/9/6 4153/9/6
f 3790/9/5 3789/9/5 4154/9/5 3809/9/5
f 3793/9/2 4156/9/2 4157/9/2 3810/9/2
f 3789/9/3 4153/9/3 4156/9/3 3793/9/3
f 4154/9/4 3810/9/4 4157/9/4 4155/9/4
f 4153/9/6 4155/9/6 4157/9/6 4156/9/6
f 3789/9/5 3793/9/5 3810/9/5 4154/9/5
f 3797/9/1 4158/9/1 4159/9/1 4160/9/1
f 3797/9/3 4160/9/3 4161/9/3 3815/9/3
f 4158/9/4 3814/9/4 4162/9/4 4159/9/4
f 3797/9/5 3815/9/5 3814/9/5 4158/9/5
f 3798/9/2 4163/9/2 4164/9/2 3813/9/2
f 3815/9/3 4161/9/3 4163/9/3 3798/9/3
f 3814/9/4 3813/9/4 4164/9/4 4162/9/4
f 4161/9/6 4162/9/6 4164/9/6 4163/9/6
f 3801/8/2 4142/8/2 4165/8/2 3819/8/2
f 3818/8/1 3817/8/1 4166/8/1 4140/8/1
f 3817/8/4 3819/8/4 4165/8/4 4166/8/4
f 4140/8/6 4166/8/6 4165/8/6 4142/8/6
f 3802/4/1 3820/4/1 4167/4/1 4143/4/1
f 3820/4/4 3835/4/4 4168/4/4 4167/4/4
f 4143/4/6 4167/4/6 4168/4/6 4169/4/6
f 3823/6/2 4145/6/2 4170/6/2 3822/6/2
f 3838/6/4 3822/6/4 4170/6/4 4171/6/4
f 4172/6/6 4171/6/6 4170/6/6 4145/6/6
f 3804/9/1 3827/9/1 4173/9/1 4150/9/1
f 3804/9/3 4150/9/3 4174/9/3 3803/9/3
f 3827/9/4 4175/9/4 4176/9/4 4173/9/4
f 4150/9/6 4173/9/6 4176/9/6 4174/9/6
f 3804/9/5 3803/9/5 4175/9/5 3827/9/5
f 3807/9/2 4151/9/2 4177/9/2 4178/9/2
f 3803/9/3 4174/9/3 4151/9/3 3807/9/3
f 4175/9/4 4178/9/4 4177/9/4 4176/9/4
f 4174/9/6 4176/9/6 4177/9/6 4151/9/6
f 3803/9/5 3807/9/5 4178/9/5 4175/9/5
f 3816/7/2 4179/7/2 4180/7/2 3846/7/2
f 3813/7/1 4181/7/1 4182/7/1 4164/7/1
f 3813/7/3 4164/7/3 4179/7/3 3816/7/3
f 4181/7/4 3846/7/4 4180/7/4 4182/7/4
f 4164/7/6 4182/7/6 4180/7/6 4179/7/6
f 3813/7/5 3816/7/5 3846/7/5 4181/7/5
f 3835/5/1 3834/5/1 4183/5/1 4168/5/1
f 3834/5/4 3849/5/4 4184/5/4 4183/5/4
f 4168/5/6 4183/5/6 4184/5/6 4185/5/6
f 3838/6/2 4171/6/2 4186/6/2 3837/6/2
f 3852/6/4 3837/6/4 4186/6/4 4187/6/4
f 4188/6/6 4187/6/6 4186/6/6 4171/6/6
f 3827/9/2 4173/9/2 4189/9/2 3853/9/2
f 3825/9/1 3856/9/1 4190/9/1 4191/9/1
f 3825/9/3 4191/9/3 4173/9/3 3827/9/3
f 3856/9/4 3853/9/4 4189/9/4 4190/9/4
f 4191/9/6 4190/9/6 4189/9/6 4173/9/6
f 3825/9/5 3827/9/5 3853/9/5 3856/9/5
f 3840/8/2 4192/8/2 4193/8/2 3841/8/2
f 3830/8/1 3839/8/1 4194/8/1 4195/8/1
f 3830/8/3 4195/8/3 4192/8/3 3840/8/3
f 3839/8/4 3841/8/4 4193/8/4 4194/8/4
f 4195/8/6 4194/8/6 4193/8/6 4192/8/6
f 4181/10/2 4182/10/2 4196/10/2 3864/10/2
f 3842/10/1 3843/10/1 4197/10/1 4198/10/1
f 3842/10/3 4198/10/3 4182/10/3 4181/10/3
f 3843/10/4 3864/10/4 4196/10/4 4197/10/4
f 4198/10/6 4197/10/6 4196/10/6 4182/10/6
f 3842/10/5 4181/10/5 3864/10/5 3843/10/5
f 3832/9/2 4199/9/2 4200/9/2 3844/9/2
f 3846/9/1 3845/9/1 4201/9/1 4180/9/1
f 3846/9/3 4180/9/3 4199/9/3 3832/9/3
f 3845/9/4 3844/9/4 4200/9/4 4201/9/4
f 4180/9/6 4201/9/6 4200/9/6 4199/9/6
f 3849/6/1 3848/6/1 4202/6/1 4184/6/1
f 3848/6/4 3867/6/4 4203/6/4 4202/6/4
f 4184/6/6 4202/6/6 4203/6/6 4204/6/6
f 3852/2/2 4187/2/2 4205/2/2 3851/2/2
f 3870/2/4 3851/2/4 4205/2/4 4206/2/4
f 4207/2/6 4206/2/6 4205/2/6 4187/2/6
f 3836/6/2 4208/6/2 4209/6/2 3872/6/2
f 3837/6/1 3850/6/1 4210/6/1 4186/6/1
f 3837/6/3 4186/6/3 4208/6/3 3836/6/3
f 3850/6/4 3872/6/4 4209/6/4 4210/6/4
f 4186/6/6 4210/6/6 4209/6/6 4208/6/6
f 3837/6/5 3836/6/5 3872/6/5 3850/6/5
f 4211/8/1 3879/8/1 4212/8/1 4213/8/1
f 4211/8/3 4213/8/3 4214/8/3 4215/8/3
f 3879/8/4 3881/8/4 4216/8/4 4212/8/4
f 4213/8/6 4212/8/6 4216/8/6 4214/8/6
f 4211/8/5 4215/8/5 3881/8/5 3879/8/5
f 3858/8/2 4217/8/2 4218/8/2 3857/8/2
f 4215/8/3 4214/8/3 4217/8/3 3858/8/3
f 3881/8/4 3857/8/4 4218/8/4 4216/8/4
f 4214/8/6 4216/8/6 4218/8/6 4217/8/6
f 4215/8/5 3858/8/5 3857/8/5 3881/8/5
f 3843/7/2 4197/7/2 4219/7/2 3886/7/2
f 3841/7/1 4220/7/1 4221/7/1 4193/7/1
f 3841/7/3 4193/7/3 4197/7/3 3843/7/3
f 4220/7/4 3886/7/4 4219/7/4 4221/7/4
f 4193/7/6 4221/7/6 4219/7/6 4197/7/6
f 3841/7/5 3843/7/5 3886/7/5 4220/7/5
f 3867/6/1 3866/6/1 4222/6/1 4203/6/1
f 3866/6/4 3889/6/4 4223/6/4 4222/6/4
f 4203/6/6 4222/6/6 4223/6/6 4224/6/6
f 3870/5/2 4206/5/2 4225/5/2 3869/5/2
f 3892/5/4 3869/5/4 4225/5/4 4226/5/4
f 4227/5/6 4226/5/6 4225/5/6 4206/5/6
f 3874/4/2 4228/4/2 4229/4/2 3876/4/2
f 3872/4/1 3873/4/1 4230/4/1 4209/4/1
f 3872/4/3 4209/4/3 4228/4/3 3874/4/3
f 4209/4/6 4230/4/6 4229/4/6 4228/4/6
f 3889/6/1 3888/6/1 4231/6/1 4223/6/1
f 3888/6/4 3908/6/4 4232/6/4 4231/6/4
f 4223/6/6 4231/6/6 4232/6/6 4233/6/6
f 3892/5/2 4226/5/2 4234/5/2 3891/5/2
f 3908/5/4 3891/5/4 4234/5/4 4232/5/4
f 4233/5/6 4232/5/6 4234/5/6 4226/5/6
f 3871/2/1 3893/2/1 4235/2/1 4236/2/1
f 3871/2/3 4236/2/3 4230/2/3 3873/2/3
f 3875/8/2 4237/8/2 4238/8/2 3897/8/2
f 3876/8/3 4229/8/3 4237/8/3 3875/8/3
f 3895/8/1 3896/8/1 4239/8/1 4240/8/1
f 3895/8/3 4240/8/3 4241/8/3 4242/8/3
f 3896/8/4 4243/8/4 4244/8/4 4239/8/4
f 4240/8/6 4239/8/6 4244/8/6 4241/8/6
f 3895/8/5 4242/8/5 4243/8/5 3896/8/5
f 3877/8/2 4245/8/2 4246/8/2 4247/8/2
f 4242/8/3 4241/8/3 4245/8/3 3877/8/3
f 4243/8/4 4247/8/4 4246/8/4 4244/8/4
f 4241/8/6 4244/8/6 4246/8/6 4245/8/6
f 4242/8/5 3877/8/5 4247/8/5 4243/8/5
f 3883/8/2 4248/8/2 4249/8/2 3898/8/2
f 3882/8/1 4250/8/1 4251/8/1 4252/8/1
f 3882/8/3 4252/8/3 4248/8/3 3883/8/3
f 4250/8/4 3898/8/4 4249/8/4 4251/8/4
f 3882/8/5 3883/8/5 3898/8/5 4250/8/5
f 3903/9/2 4253/9/2 4254/9/2 3904/9/2
f 3901/9/1 3902/9/1 4255/9/1 4256/9/1
f 3901/9/3 4256/9/3 4253/9/3 3903/9/3
f 3902/9/4 3904/9/4 4254/9/4 4255/9/4
f 4256/9/6 4255/9/6 4254/9/6 4253/9/6
f 3891/1/1 3909/1/1 4257/1/1 4234/1/1
f 3891/1/3 4234/1/3 4258/1/3 3890/1/3
f 3909/1/4 4259/1/4 4260/1/4 4257/1/4
f 4234/1/6 4257/1/6 4260/1/6 4258/1/6
f 3891/1/5 3890/1/5 4259/1/5 3909/1/5
f 3890/5/3 4258/5/3 4261/5/3 4262/5/3
f 4259/5/4 4263/5/4 4264/5/4 4260/5/4
f 4258/5/6 4260/5/6 4264/5/6 4261/5/6
f 3890/5/5 4262/5/5 4263/5/5 4259/5/5
f 4262/5/3 4261/5/3 4235/5/3 3893/5/3
f 4263/5/4 3910/5/4 4265/5/4 4264/5/4
f 4261/5/6 4264/5/6 4265/5/6 4235/5/6
f 4262/5/5 3893/5/5 3910/5/5 4263/5/5
f 3910/6/4 3914/6/4 4266/6/4 4265/6/4
f 4235/6/6 4265/6/6 4266/6/6 4267/6/6
f 4267/9/6 4266/9/6 4268/9/6 4269/9/6
f 3897/7/2 4238/7/2 4270/7/2 3911/7/2
f 3917/7/4 3911/7/4 4270/7/4 4268/7/4
f 4269/7/6 4268/7/6 4270/7/6 4238/7/6
f 3917/9/2 4268/9/2 4271/9/2 3915/9/2
f 3914/9/1 3913/9/1 4272/9/1 4266/9/1
f 3913/9/4 3915/9/4 4271/9/4 4272/9/4
f 4266/9/6 4272/9/6 4271/9/6 4268/9/6
f 4273/3/2 4274/3/2 4275/3/2 3936/3/2
f 3931/3/1 3932/3/1 4276/3/1 4277/3/1
f 3931/3/3 4277/3/3 4274/3/3 4273/3/3
f 4277/3/6 4276/3/6 4275/3/6 4274/3/6
f 3931/3/5 4273/3/5 3936/3/5 3932/3/5
f 3930/5/1 3935/5/1 4278/5/1 4279/5/1
f 3930/5/3 4279/5/3 4276/5/3 3932/5/3
f 4279/5/6 4278/5/6 4280/5/6 4276/5/6
f 4281/4/2 4282/4/2 4283/4/2 3941/4/2
f 3936/4/3 4275/4/3 4282/4/3 4281/4/3
f 3936/4/5 4281/4/5 3941/4/5 3937/4/5
f 3933/6/1 3940/6/1 4284/6/1 4285/6/1
f 3933/6/3 4285/6/3 4286/6/3 3934/6/3
f 4285/6/6 4284/6/6 4287/6/6 4286/6/6
f 3934/5/3 4286/5/3 4278/5/3 3935/5/3
f 4286/5/6 4287/5/6 4288/5/6 4278/5/6
f 4289/3/2 4290/3/2 4291/3/2 3948/3/2
f 3941/3/3 4283/3/3 4290/3/3 4289/3/3
f 3942/3/4 3948/3/4 4291/3/4 4292/3/4
f 3941/3/5 4289/3/5 3948/3/5 3942/3/5
f 3940/6/1 3944/6/1 4293/6/1 4284/6/1
f 3944/6/4 3955/6/4 4294/6/4 4293/6/4
f 4284/6/6 4293/6/6 4294/6/6 4287/6/6
f 3955/5/4 3957/5/4 4295/5/4 4294/5/4
f 4287/5/6 4294/5/6 4295/5/6 4288/5/6
f 3942/2/2 4292/2/2 4296/2/2 3945/2/2
f 3957/5/1 3956/5/1 4297/5/1 4295/5/1
f 3956/5/4 3958/5/4 4298/5/4 4297/5/4
f 4295/5/6 4297/5/6 4298/5/6 4299/5/6
f 3945/2/2 4296/2/2 4300/2/2 4301/2/2
f 3959/2/4 4301/2/4 4300/2/4 4302/2/4
f 4303/2/6 4302/2/6 4300/2/6 4296/2/6
f 3946/2/5 3945/2/5 4301/2/5 3959/2/5
f 3953/1/2 4304/1/2 4305/1/2 4306/1/2
f 3950/1/1 3962/1/1 4307/1/1 4308/1/1
f 3950/1/3 4308/1/3 4304/1/3 3953/1/3
f 4308/1/6 4307/1/6 4305/1/6 4304/1/6
f 3950/1/5 3953/1/5 4306/1/5 3962/1/5
f 3959/5/2 4302/5/2 4309/5/2 4310/5/2
f 3958/5/1 4311/5/1 4312/5/1 4298/5/1
f 4298/5/6 4312/5/6 4309/5/6 4302/5/6
f 3958/5/5 3959/5/5 4310/5/5 4311/5/5
f 4306/6/2 4305/6/2 4313/6/2 3978/6/2
f 3962/6/1 3963/6/1 4314/6/1 4307/6/1
f 3963/6/4 3978/6/4 4313/6/4 4314/6/4
f 4307/6/6 4314/6/6 4313/6/6 4305/6/6
f 3962/6/5 4306/6/5 3978/6/5 3963/6/5
f 4310/2/2 4309/2/2 4315/2/2 3986/2/2
f 4311/2/1 3980/2/1 4316/2/1 4312/2/1
f 3980/2/4 3986/2/4 4315/2/4 4316/2/4
f 4312/2/6 4316/2/6 4315/2/6 4309/2/6
f 4311/2/5 4310/2/5 3986/2/5 3980/2/5
f 3967/5/2 4317/5/2 4318/5/2 3982/5/2
f 3968/5/1 3979/5/1 4319/5/1 4320/5/1
f 3968/5/3 4320/5/3 4317/5/3 3967/5/3
f 4320/5/6 4319/5/6 4318/5/6 4317/5/6
f 3973/6/2 4321/6/2 4322/6/2 4323/6/2
f 3983/6/1 3984/6/1 4324/6/1 4325/6/1
f 3983/6/3 4325/6/3 4321/6/3 3973/6/3
f 4325/6/6 4324/6/6 4322/6/6 4321/6/6
f 3983/6/5 3973/6/5 4323/6/5 3984/6/5
f 4003/8/2 4326/8/2 4327/8/2 4002/8/2
f 4328/8/1 4023/8/1 4329/8/1 4330/8/1
f 4328/8/3 4330/8/3 4326/8/3 4003/8/3
f 4023/8/4 4002/8/4 4327/8/4 4329/8/4
f 4330/8/6 4329/8/6 4327/8/6 4326/8/6
f 4328/8/5 4003/8/5 4002/8/5 4023/8/5
f 3975/6/1 4013/6/1 4331/6/1 4332/6/1
f 3975/6/3 4332/6/3 4333/6/3 3977/6/3
f 4332/6/6 4331/6/6 4334/6/6 4333/6/6
f 3977/4/3 4333/4/3 4319/4/3 3979/4/3
f 3982/6/3 4318/6/3 4335/6/3 3981/6/3
f 3985/5/2 4336/5/2 4337/5/2 4015/5/2
f 3981/5/3 4335/5/3 4336/5/3 3985/5/3
f 4335/5/6 4338/5/6 4337/5/6 4336/5/6
f 4323/6/2 4322/6/2 4339/6/2 4033/6/2
f 3984/6/1 4014/6/1 4340/6/1 4324/6/1
f 4014/6/4 4033/6/4 4339/6/4 4340/6/4
f 4324/6/6 4340/6/6 4339/6/6 4322/6/6
f 3984/6/5 4323/6/5 4033/6/5 4014/6/5
f 3997/7/2 4341/7/2 4342/7/2 4037/7/2
f 3993/7/1 4016/7/1 4343/7/1 4344/7/1
f 3993/7/3 4344/7/3 4341/7/3 3997/7/3
f 4016/7/4 4037/7/4 4342/7/4 4343/7/4
f 4344/7/6 4343/7/6 4342/7/6 4341/7/6
f 3993/7/5 3997/7/5 4037/7/5 4016/7/5
f 4001/9/2 4345/9/2 4346/9/2 4018/9/2
f 3999/9/1 4040/9/1 4347/9/1 4348/9/1
f 3999/9/3 4348/9/3 4345/9/3 4001/9/3
f 4348/9/6 4347/9/6 4346/9/6 4345/9/6
f 3999/9/5 4001/9/5 4018/9/5 4040/9/5
f 4002/11/1 4025/11/1 4349/11/1 4327/11/1
f 4002/11/3 4327/11/3 4350/11/3 4005/11/3
f 4025/11/4 4351/11/4 4352/11/4 4349/11/4
f 4327/11/6 4349/11/6 4352/11/6 4350/11/6
f 4002/11/5 4005/11/5 4351/11/5 4025/11/5
f 4005/8/3 4350/8/3 4353/8/3 4007/8/3
f 4351/8/4 4354/8/4 4355/8/4 4352/8/4
f 4350/8/6 4352/8/6 4355/8/6 4353/8/6
f 4005/8/5 4007/8/5 4354/8/5 4351/8/5
f 4007/8/3 4353/8/3 4356/8/3 4009/8/3
f 4354/8/4 4357/8/4 4358/8/4 4355/8/4
f 4353/8/6 4355/8/6 4358/8/6 4356/8/6
f 4007/8/5 4009/8/5 4357/8/5 4354/8/5
f 4011/7/2 4359/7/2 4360/7/2 4029/7/2
f 4009/7/3 4356/7/3 4359/7/3 4011/7/3
f 4357/7/4 4029/7/4 4360/7/4 4358/7/4
f 4356/7/6 4358/7/6 4360/7/6 4359/7/6
f 4009/7/5 4011/7/5 4029/7/5 4357/7/5
f 4012/6/1 4032/6/1 4361/6/1 4362/6/1
f 4012/6/3 4362/6/3 4331/6/3 4013/6/3
f 4362/6/6 4361/6/6 4363/6/6 4331/6/6
f 4014/6/2 4340/6/2 4364/6/2 4035/6/2
f 4015/6/3 4337/6/3 4340/6/3 4014/6/3
f 4337/6/6 4365/6/6 4364/6/6 4340/6/6
f 4016/9/2 4343/9/2 4366/9/2 4036/9/2
f 4017/9/1 4048/9/1 4367/9/1 4368/9/1
f 4017/9/3 4368/9/3 4343/9/3 4016/9/3
f 4048/9/4 4036/9/4 4366/9/4 4367/9/4
f 4368/9/6 4367/9/6 4366/9/6 4343/9/6
f 4017/9/5 4016/9/5 4036/9/5 4048/9/5
f 4040/9/1 4041/9/1 4369/9/1 4347/9/1
f 4041/9/4 4370/9/4 4371/9/4 4369/9/4
f 4040/9/5 4018/9/5 4370/9/5 4041/9/5
f 4020/11/2 4372/11/2 4373/11/2 4052/11/2
f 4018/11/3 4346/11/3 4372/11/3 4020/11/3
f 4370/11/4 4052/11/4 4373/11/4 4371/11/4
f 4346/11/6 4371/11/6 4373/11/6 4372/11/6
f 4018/11/5 4020/11/5 4052/11/5 4370/11/5
f 4030/1/1 4044/1/1 4374/1/1 4375/1/1
f 4030/1/3 4375/1/3 4361/1/3 4032/1/3
f 4375/1/6 4374/1/6 4376/1/6 4361/1/6
f 4034/2/2 4377/2/2 4378/2/2 4046/2/2
f 4035/2/3 4364/2/3 4377/2/3 4034/2/3
f 4364/2/6 4379/2/6 4378/2/6 4377/2/6
f 4052/8/1 4051/8/1 4380/8/1 4373/8/1
f 4052/8/3 4373/8/3 4381/8/3 4053/8/3
f 4373/8/6 4380/8/6 4382/8/6 4381/8/6
f 4053/7/3 4381/7/3 4383/7/3 4054/7/3
f 4381/7/6 4382/7/6 4384/7/6 4383/7/6
f 4059/8/2 4385/8/2 4386/8/2 4058/8/2
f 4054/8/3 4383/8/3 4385/8/3 4059/8/3
f 4055/8/4 4058/8/4 4386/8/4 4384/8/4
f 4054/8/5 4059/8/5 4058/8/5 4055/8/5
f 4042/4/1 4068/4/1 4387/4/1 4388/4/1
f 4042/4/3 4388/4/3 4374/4/3 4044/4/3
f 4388/4/6 4387/4/6 4389/4/6 4374/4/6
f 4046/1/3 4378/1/3 4390/1/3 4047/1/3
f 4378/1/6 4391/1/6 4392/1/6 4390/1/6
f 4047/7/3 4390/7/3 4393/7/3 4049/7/3
f 4390/7/6 4392/7/6 4394/7/6 4393/7/6
f 4050/7/2 4395/7/2 4396/7/2 4070/7/2
f 4049/7/3 4393/7/3 4395/7/3 4050/7/3
f 4393/7/6 4394/7/6 4396/7/6 4395/7/6
f 4074/8/1 4075/8/1 4397/8/1 4398/8/1
f 4074/8/3 4398/8/3 4380/8/3 4051/8/3
f 4075/8/4 4076/8/4 4399/8/4 4397/8/4
f 4398/8/6 4397/8/6 4399/8/6 4380/8/6
f 4074/8/5 4051/8/5 4076/8/5 4075/8/5
f 4076/8/4 4077/8/4 4400/8/4 4399/8/4
f 4380/8/6 4399/8/6 4400/8/6 4382/8/6
f 4055/8/2 4384/8/2 4401/8/2 4078/8/2
f 4077/8/4 4078/8/4 4401/8/4 4400/8/4
f 4061/8/2 4402/8/2 4403/8/2 4079/8/2
f 4062/8/1 4086/8/1 4404/8/1 4405/8/1
f 4062/8/3 4405/8/3 4402/8/3 4061/8/3
f 4086/8/4 4079/8/4 4403/8/4 4404/8/4
f 4405/8/6 4404/8/6 4403/8/6 4402/8/6
f 4062/8/5 4061/8/5 4079/8/5 4086/8/5
f 4065/8/2 4406/8/2 4407/8/2 4081/8/2
f 4066/8/1 4080/8/1 4408/8/1 4409/8/1
f 4066/8/3 4409/8/3 4406/8/3 4065/8/3
f 4409/8/6 4408/8/6 4407/8/6 4406/8/6
f 4068/4/1 4082/4/1 4410/4/1 4387/4/1
f 4387/4/6 4410/4/6 4411/4/6 4389/4/6
f 4070/7/3 4396/7/3 4412/7/3 4071/7/3
f 4396/7/6 4413/7/6 4414/7/6 4412/7/6
f 4071/5/3 4412/5/3 4415/5/3 4073/5/3
f 4412/5/6 4414/5/6 4416/5/6 4415/5/6
f 4075/5/2 4397/5/2 4417/5/2 4084/5/2
f 4073/5/3 4415/5/3 4397/5/3 4075/5/3
f 4086/8/2 4404/8/2 4418/8/2 4085/8/2
f 4419/8/1 4096/8/1 4420/8/1 4421/8/1
f 4419/8/3 4421/8/3 4404/8/3 4086/8/3
f 4096/8/4 4085/8/4 4418/8/4 4420/8/4
f 4421/8/6 4420/8/6 4418/8/6 4404/8/6
f 4419/8/5 4086/8/5 4085/8/5 4096/8/5
f 4079/8/1 4087/8/1 4422/8/1 4403/8/1
f 4079/8/3 4403/8/3 4408/8/3 4080/8/3
f 4403/8/6 4422/8/6 4423/8/6 4408/8/6
f 4081/8/2 4407/8/2 4424/8/2 4088/8/2
f 4082/6/1 4089/6/1 4425/6/1 4410/6/1
f 4410/6/6 4425/6/6 4426/6/6 4411/6/6
f 4413/5/6 4427/5/6 4428/5/6 4414/5/6
f 4414/5/6 4428/5/6 4429/5/6 4416/5/6
f 4084/2/2 4417/2/2 4430/2/2 4090/2/2
f 4416/2/6 4429/2/6 4430/2/6 4417/2/6
f 4087/9/1 4101/9/1 4431/9/1 4422/9/1
f 4422/9/6 4431/9/6 4432/9/6 4423/9/6
f 4088/9/2 4424/9/2 4433/9/2 4102/9/2
f 4089/6/1 4103/6/1 4434/6/1 4425/6/1
f 4425/6/6 4434/6/6 4435/6/6 4426/6/6
f 4427/5/6 4436/5/6 4437/5/6 4428/5/6
f 4428/5/6 4437/5/6 4438/5/6 4429/5/6
f 4090/2/2 4430/2/2 4439/2/2 4104/2/2
f 4429/2/6 4438/2/6 4439/2/6 4430/2/6
f 4101/11/1 4109/11/1 4440/11/1 4431/11/1
f 4431/11/6 4440/11/6 4441/11/6 4432/11/6
f 4102/9/2 4433/9/2 4442/9/2 4110/9/2
f 4103/4/1 4111/4/1 4443/4/1 4434/4/1
f 4434/4/6 4443/4/6 4444/4/6 4435/4/6
f 4436/9/6 4445/9/6 4446/9/6 4437/9/6
f 4437/9/6 4446/9/6 4447/9/6 4438/9/6
f 4104/9/2 4439/9/2 4448/9/2 4112/9/2
f 4438/9/6 4447/9/6 4448/9/6 4439/9/6
f 4109/9/1 4121/9/1 4449/9/1 4440/9/1
f 4440/9/6 4449/9/6 4450/9/6 4441/9/6
f 4110/9/2 4442/9/2 4451/9/2 4122/9/2
f 4111/2/1 4123/2/1 4452/2/1 4443/2/1
f 4443/2/6 4452/2/6 4453/2/6 4444/2/6
f 4134/9/4 4135/9/4 4454/9/4 4455/9/4
f 4445/9/6 4455/9/6 4454/9/6 4446/9/6
f 4135/9/4 4137/9/4 4456/9/4 4454/9/4
f 4446/9/6 4454/9/6 4456/9/6 4447/9/6
f 4112/9/2 4448/9/2 4457/9/2 4125/9/2
f 4137/9/4 4125/9/4 4457/9/4 4456/9/4
f 4120/9/2 4458/9/2 4459/9/2 4128/9/2
f 4117/9/1 4460/9/1 4461/9/1 4462/9/1
f 4117/9/3 4462/9/3 4458/9/3 4120/9/3
f 4460/9/4 4128/9/4 4459/9/4 4461/9/4
f 4462/9/6 4461/9/6 4459/9/6 4458/9/6
f 4117/9/5 4120/9/5 4128/9/5 4460/9/5
f 4121/9/1 4129/9/1 4463/9/1 4449/9/1
f 4129/9/4 4141/9/4 4464/9/4 4463/9/4
f 4449/9/6 4463/9/6 4464/9/6 4450/9/6
f 4122/10/2 4451/10/2 4465/10/2 4130/10/2
f 4123/6/1 4131/6/1 4466/6/1 4452/6/1
f 4452/6/6 4466/6/6 4467/6/6 4453/6/6
f 4146/2/4 4147/2/4 4468/2/4 4469/2/4
f 4470/2/6 4469/2/6 4468/2/6 4471/2/6
f 4147/9/4 4149/9/4 4472/9/4 4468/9/4
f 4471/9/6 4468/9/6 4472/9/6 4473/9/6
f 4134/9/2 4455/9/2 4474/9/2 4133/9/2
f 4149/9/4 4133/9/4 4474/9/4 4472/9/4
f 4473/9/6 4472/9/6 4474/9/6 4455/9/6
f 4125/8/1 4138/8/1 4475/8/1 4457/8/1
f 4125/8/3 4457/8/3 4476/8/3 4124/8/3
f 4138/8/4 4153/8/4 4477/8/4 4475/8/4
f 4457/8/6 4475/8/6 4477/8/6 4476/8/6
f 4125/8/5 4124/8/5 4153/8/5 4138/8/5
f 4124/8/3 4476/8/3 4478/8/3 4126/8/3
f 4153/8/4 4156/8/4 4479/8/4 4477/8/4
f 4476/8/6 4477/8/6 4479/8/6 4478/8/6
f 4124/8/5 4126/8/5 4156/8/5 4153/8/5
f 4127/9/2 4480/9/2 4481/9/2 4482/9/2
f 4126/9/3 4478/9/3 4480/9/3 4127/9/3
f 4126/9/5 4127/9/5 4482/9/5 4156/9/5
f 4130/9/2 4465/9/2 4483/9/2 4142/9/2
f 4141/9/1 4140/9/1 4484/9/1 4464/9/1
f 4140/9/4 4142/9/4 4483/9/4 4484/9/4
f 4464/9/6 4484/9/6 4483/9/6 4465/9/6
f 4131/1/1 4143/1/1 4485/1/1 4466/1/1
f 4143/1/4 4169/1/4 4486/1/4 4485/1/4
f 4466/1/6 4485/1/6 4486/1/6 4467/1/6
f 4146/6/2 4469/6/2 4487/6/2 4145/6/2
f 4172/6/4 4145/6/4 4487/6/4 4488/6/4
f 4489/6/6 4488/6/6 4487/6/6 4469/6/6
f 4133/9/1 4150/9/1 4490/9/1 4474/9/1
f 4133/9/3 4474/9/3 4491/9/3 4132/9/3
f 4150/9/4 4174/9/4 4492/9/4 4490/9/4
f 4474/9/6 4490/9/6 4492/9/6 4491/9/6
f 4133/9/5 4132/9/5 4174/9/5 4150/9/5
f 4136/9/2 4493/9/2 4494/9/2 4151/9/2
f 4132/9/3 4491/9/3 4493/9/3 4136/9/3
f 4174/9/4 4151/9/4 4494/9/4 4492/9/4
f 4491/9/6 4492/9/6 4494/9/6 4493/9/6
f 4132/9/5 4136/9/5 4151/9/5 4174/9/5
f 4156/9/1 4157/9/1 4495/9/1 4479/9/1
f 4157/9/4 4496/9/4 4497/9/4 4495/9/4
f 4479/9/6 4495/9/6 4497/9/6 4481/9/6
f 4156/9/5 4482/9/5 4496/9/5 4157/9/5
f 4498/9/2 4499/9/2 4500/9/2 4501/9/2
f 4482/9/3 4481/9/3 4499/9/3 4498/9/3
f 4496/9/4 4501/9/4 4500/9/4 4497/9/4
f 4482/9/5 4498/9/5 4501/9/5 4496/9/5
f 4161/9/2 4502/9/2 4503/9/2 4162/9/2
f 4160/9/1 4159/9/1 4504/9/1 4505/9/1
f 4160/9/3 4505/9/3 4502/9/3 4161/9/3
f 4159/9/4 4162/9/4 4503/9/4 4504/9/4
f 4505/9/6 4504/9/6 4503/9/6 4502/9/6
f 4163/9/1 4164/9/1 4506/9/1 4507/9/1
f 4163/9/3 4507/9/3 4508/9/3 4139/9/3
f 4164/9/4 4179/9/4 4509/9/4 4506/9/4
f 4507/9/6 4506/9/6 4509/9/6 4508/9/6
f 4163/9/5 4139/9/5 4179/9/5 4164/9/5
f 4140/7/2 4484/7/2 4510/7/2 4166/7/2
f 4139/7/3 4508/7/3 4484/7/3 4140/7/3
f 4179/7/4 4166/7/4 4510/7/4 4509/7/4
f 4508/7/6 4509/7/6 4510/7/6 4484/7/6
f 4139/7/5 4140/7/5 4166/7/5 4179/7/5
f 4169/5/1 4168/5/1 4511/5/1 4486/5/1
f 4168/5/4 4185/5/4 4512/5/4 4511/5/4
f 4486/5/6 4511/5/6 4512/5/6 4513/5/6
f 4172/6/2 4488/6/2 4514/6/2 4171/6/2
f 4188/6/4 4171/6/4 4514/6/4 4515/6/4
f 4516/6/6 4515/6/6 4514/6/6 4488/6/6
f 4150/9/2 4490/9/2 4517/9/2 4173/9/2
f 4148/9/1 4191/9/1 4518/9/1 4519/9/1
f 4148/9/3 4519/9/3 4490/9/3 4150/9/3
f 4191/9/4 4173/9/4 4517/9/4 4518/9/4
f 4519/9/6 4518/9/6 4517/9/6 4490/9/6
f 4148/9/5 4150/9/5 4173/9/5 4191/9/5
f 4151/9/1 4177/9/1 4520/9/1 4494/9/1
f 4151/9/3 4494/9/3 4521/9/3 4152/9/3
f 4177/9/4 4522/9/4 4523/9/4 4520/9/4
f 4494/9/6 4520/9/6 4523/9/6 4521/9/6
f 4151/9/5 4152/9/5 4522/9/5 4177/9/5
f 4155/8/2 4524/8/2 4525/8/2 4526/8/2
f 4152/8/3 4521/8/3 4524/8/3 4155/8/3
f 4522/8/4 4526/8/4 4525/8/4 4523/8/4
f 4521/8/6 4523/8/6 4525/8/6 4524/8/6
f 4152/8/5 4155/8/5 4526/8/5 4522/8/5
f 4185/6/1 4184/6/1 4527/6/1 4512/6/1
f 4184/6/4 4204/6/4 4528/6/4 4527/6/4
f 4512/6/6 4527/6/6 4528/6/6 4529/6/6
f 4188/6/2 4515/6/2 4530/6/2 4187/6/2
f 4207/6/4 4187/6/4 4530/6/4 4531/6/4
f 4532/6/6 4531/6/6 4530/6/6 4515/6/6
f 4170/6/2 4533/6/2 4534/6/2 4208/6/2
f 4171/6/1 4186/6/1 4535/6/1 4514/6/1
f 4171/6/3 4514/6/3 4533/6/3 4170/6/3
f 4186/6/4 4208/6/4 4534/6/4 4535/6/4
f 4514/6/6 4535/6/6 4534/6/6 4533/6/6
f 4171/6/5 4170/6/5 4208/6/5 4186/6/5
f 4176/9/2 4536/9/2 4537/9/2 4538/9/2
f 4173/9/1 4189/9/1 4539/9/1 4517/9/1
f 4173/9/3 4517/9/3 4536/9/3 4176/9/3
f 4517/9/6 4539/9/6 4537/9/6 4536/9/6
f 4173/9/5 4176/9/5 4538/9/5 4189/9/5
f 4195/9/2 4540/9/2 4541/9/2 4194/9/2
f 4542/9/1 4543/9/1 4544/9/1 4545/9/1
f 4542/9/3 4545/9/3 4540/9/3 4195/9/3
f 4543/9/4 4194/9/4 4541/9/4 4544/9/4
f 4542/9/5 4195/9/5 4194/9/5 4543/9/5
f 4180/7/2 4546/7/2 4547/7/2 4201/7/2
f 4182/7/1 4196/7/1 4548/7/1 4549/7/1
f 4182/7/3 4549/7/3 4546/7/3 4180/7/3
f 4196/7/4 4201/7/4 4547/7/4 4548/7/4
f 4549/7/6 4548/7/6 4547/7/6 4546/7/6
f 4182/7/5 4180/7/5 4201/7/5 4196/7/5
f 4183/5/2 4550/5/2 4551/5/2 4552/5/2
f 4553/5/1 4554/5/1 4555/5/1 4556/5/1
f 4553/5/3 4556/5/3 4550/5/3 4183/5/3
f 4554/5/4 4552/5/4 4551/5/4 4555/5/4
f 4556/5/6 4555/5/6 4551/5/6 4550/5/6
f 4553/5/5 4183/5/5 4552/5/5 4554/5/5
f 4204/6/1 4203/6/1 4557/6/1 4528/6/1
f 4203/6/4 4224/6/4 4558/6/4 4557/6/4
f 4528/6/6 4557/6/6 4558/6/6 4559/6/6
f 4207/4/2 4531/4/2 4560/4/2 4206/4/2
f 4227/4/4 4206/4/4 4560/4/4 4561/4/4
f 4562/4/6 4561/4/6 4560/4/6 4531/4/6
f 4189/9/1 4563/9/1 4564/9/1 4539/9/1
f 4563/9/4 4565/9/4 4566/9/4 4564/9/4
f 4539/9/6 4564/9/6 4566/9/6 4537/9/6
f 4189/9/5 4538/9/5 4565/9/5 4563/9/5
f 4538/11/3 4537/11/3 4567/11/3 4568/11/3
f 4565/11/4 4569/11/4 4570/11/4 4566/11/4
f 4537/11/6 4566/11/6 4570/11/6 4567/11/6
f 4538/11/5 4568/11/5 4569/11/5 4565/11/5
f 4213/7/2 4571/7/2 4572/7/2 4212/7/2
f 4568/7/3 4567/7/3 4571/7/3 4213/7/3
f 4569/7/4 4212/7/4 4572/7/4 4570/7/4
f 4567/7/6 4570/7/6 4572/7/6 4571/7/6
f 4568/7/5 4213/7/5 4212/7/5 4569/7/5
f 4224/1/1 4223/1/1 4573/1/1 4558/1/1
f 4223/1/4 4233/1/4 4574/1/4 4573/1/4
f 4558/1/6 4573/1/6 4574/1/6 4575/1/6
f 4227/6/2 4561/6/2 4576/6/2 4226/6/2
f 4233/6/4 4226/6/4 4576/6/4 4574/6/4
f 4575/6/6 4574/6/6 4576/6/6 4561/6/6
f 4218/9/1 4248/9/1 4577/9/1 4578/9/1
f 4218/9/3 4578/9/3 4579/9/3 4580/9/3
f 4248/9/4 4581/9/4 4582/9/4 4577/9/4
f 4578/9/6 4577/9/6 4582/9/6 4579/9/6
f 4218/9/5 4580/9/5 4581/9/5 4248/9/5
f 4580/9/3 4579/9/3 4583/9/3 4584/9/3
f 4581/9/4 4256/9/4 4585/9/4 4582/9/4
f 4579/9/6 4582/9/6 4585/9/6 4583/9/6
f 4580/9/5 4584/9/5 4256/9/5 4581/9/5
f 4221/11/2 4586/11/2 4587/11/2 4253/11/2
f 4584/11/3 4583/11/3 4586/11/3 4221/11/3
f 4256/11/4 4253/11/4 4587/11/4 4585/11/4
f 4583/11/6 4585/11/6 4587/11/6 4586/11/6
f 4584/11/5 4221/11/5 4253/11/5 4256/11/5
f 4236/5/1 4235/5/1 4588/5/1 4589/5/1
f 4236/5/3 4589/5/3 4590/5/3 4230/5/3
f 4235/5/4 4267/5/4 4591/5/4 4588/5/4
f 4589/5/6 4588/5/6 4591/5/6 4590/5/6
f 4230/4/3 4590/4/3 4592/4/3 4229/4/3
f 4267/4/4 4269/4/4 4593/4/4 4591/4/4
f 4590/4/6 4591/4/6 4593/4/6 4592/4/6
f 4229/9/3 4592/9/3 4594/9/3 4237/9/3
f 4269/9/4 4238/9/4 4595/9/4 4593/9/4
f 4592/9/6 4593/9/6 4595/9/6 4594/9/6
f 4240/9/2 4596/9/2 4597/9/2 4239/9/2
f 4237/9/3 4594/9/3 4596/9/3 4240/9/3
f 4238/9/4 4239/9/4 4597/9/4 4595/9/4
f 4594/9/6 4595/9/6 4597/9/6 4596/9/6
f 4237/9/5 4240/9/5 4239/9/5 4238/9/5
f 4245/11/1 4246/11/1 4598/11/1 4599/11/1
f 4245/11/3 4599/11/3 4600/11/3 4601/11/3
f 4246/11/4 4602/11/4 4603/11/4 4598/11/4
f 4599/11/6 4598/11/6 4603/11/6 4600/11/6
f 4245/11/5 4601/11/5 4602/11/5 4246/11/5
f 4601/7/3 4600/7/3 4604/7/3 4252/7/3
f 4602/7/4 4251/7/4 4605/7/4 4603/7/4
f 4600/7/6 4603/7/6 4605/7/6 4604/7/6
f 4601/7/5 4252/7/5 4251/7/5 4602/7/5
f 4248/10/2 4577/10/2 4606/10/2 4249/10/2
f 4252/10/3 4604/10/3 4577/10/3 4248/10/3
f 4251/10/4 4249/10/4 4606/10/4 4605/10/4
f 4604/10/6 4605/10/6 4606/10/6 4577/10/6
f 4607/6/2 4608/6/2 4609/6/2 4282/6/2
f 4274/6/1 4275/6/1 4610/6/1 4611/6/1
f 4274/6/3 4611/6/3 4608/6/3 4607/6/3
f 4611/6/6 4610/6/6 4609/6/6 4608/6/6
f 4274/6/5 4607/6/5 4282/6/5 4275/6/5
f 4276/2/1 4280/2/1 4612/2/1 4613/2/1
f 4276/2/3 4613/2/3 4610/2/3 4275/2/3
f 4613/2/6 4612/2/6 4614/2/6 4610/2/6
f 4615/3/2 4616/3/2 4617/3/2 4290/3/2
f 4282/3/3 4609/3/3 4616/3/3 4615/3/3
f 4609/3/6 4618/3/6 4617/3/6 4616/3/6
f 4282/3/5 4615/3/5 4290/3/5 4283/3/5
f 4278/5/1 4288/5/1 4619/5/1 4620/5/1
f 4278/5/3 4620/5/3 4612/5/3 4280/5/3
f 4620/5/6 4619/5/6 4621/5/6 4612/5/6
f 4292/2/4 4291/2/4 4622/2/4 4623/2/4
f 4624/3/2 4625/3/2 4626/3/2 4627/3/2
f 4290/3/3 4617/3/3 4625/3/3 4624/3/3
f 4291/3/4 4627/3/4 4626/3/4 4622/3/4
f 4617/3/6 4622/3/6 4626/3/6 4625/3/6
f 4290/3/5 4624/3/5 4627/3/5 4291/3/5
f 4288/5/1 4295/5/1 4628/5/1 4619/5/1
f 4295/5/4 4299/5/4 4629/5/4 4628/5/4
f 4619/5/6 4628/5/6 4629/5/6 4621/5/6
f 4292/2/2 4623/2/2 4630/2/2 4296/2/2
f 4303/2/4 4296/2/4 4630/2/4 4631/2/4
f 4632/2/6 4631/2/6 4630/2/6 4623/2/6
f 4303/5/2 4631/5/2 4633/5/2 4302/5/2
f 4299/5/1 4298/5/1 4634/5/1 4629/5/1
f 4298/5/4 4302/5/4 4633/5/4 4634/5/4
f 4629/5/6 4634/5/6 4633/5/6 4631/5/6
f 4297/6/2 4635/6/2 4636/6/2 4637/6/2
f 4638/6/1 4639/6/1 4640/6/1 4641/6/1
f 4638/6/3 4641/6/3 4635/6/3 4297/6/3
f 4641/6/6 4640/6/6 4636/6/6 4635/6/6
f 4638/6/5 4297/6/5 4637/6/5 4639/6/5
f 4637/5/2 4636/5/2 4642/5/2 4317/5/2
f 4639/5/1 4320/5/1 4643/5/1 4640/5/1
f 4320/5/4 4317/5/4 4642/5/4 4643/5/4
f 4640/5/6 4643/5/6 4642/5/6 4636/5/6
f 4639/5/5 4637/5/5 4317/5/5 4320/5/5
f 4314/5/2 4644/5/2 4645/5/2 4332/5/2
f 4646/5/1 4647/5/1 4648/5/1 4649/5/1
f 4646/5/3 4649/5/3 4644/5/3 4314/5/3
f 4649/5/6 4648/5/6 4645/5/6 4644/5/6
f 4646/5/5 4314/5/5 4332/5/5 4647/5/5
f 4315/2/2 4650/2/2 4651/2/2 4336/2/2
f 4316/2/1 4335/2/1 4652/2/1 4653/2/1
f 4316/2/3 4653/2/3 4650/2/3 4315/2/3
f 4335/2/4 4336/2/4 4651/2/4 4652/2/4
f 4653/2/6 4652/2/6 4651/2/6 4650/2/6
f 4316/2/5 4315/2/5 4336/2/5 4335/2/5
f 4330/8/2 4654/8/2 4655/8/2 4329/8/2
f 4656/8/1 4657/8/1 4658/8/1 4659/8/1
f 4656/8/3 4659/8/3 4654/8/3 4330/8/3
f 4657/8/4 4329/8/4 4655/8/4 4658/8/4
f 4659/8/6 4658/8/6 4655/8/6 4654/8/6
f 4656/8/5 4330/8/5 4329/8/5 4657/8/5
f 4332/2/2 4645/2/2 4660/2/2 4331/2/2
f 4647/2/1 4362/2/1 4661/2/1 4648/2/1
f 4362/2/4 4331/2/4 4660/2/4 4661/2/4
f 4648/2/6 4661/2/6 4660/2/6 4645/2/6
f 4647/2/5 4332/2/5 4331/2/5 4362/2/5
f 4333/5/1 4334/5/1 4662/5/1 4663/5/1
f 4333/5/3 4663/5/3 4664/5/3 4319/5/3
f 4663/5/6 4662/5/6 4665/5/6 4664/5/6
f 4319/4/3 4664/4/3 4666/4/3 4318/4/3
f 4335/6/2 4652/6/2 4667/6/2 4338/6/2
f 4318/6/3 4666/6/3 4652/6/3 4335/6/3
f 4666/6/6 4668/6/6 4667/6/6 4652/6/6
f 4348/11/2 4669/11/2 4670/11/2 4347/11/2
f 4341/11/1 4342/11/1 4671/11/1 4672/11/1
f 4341/11/3 4672/11/3 4669/11/3 4348/11/3
f 4342/11/4 4347/11/4 4670/11/4 4671/11/4
f 4672/11/6 4671/11/6 4670/11/6 4669/11/6
f 4341/11/5 4348/11/5 4347/11/5 4342/11/5
f 4331/2/1 4363/2/1 4673/2/1 4660/2/1
f 4331/2/3 4660/2/3 4662/2/3 4334/2/3
f 4660/2/6 4673/2/6 4674/2/6 4662/2/6
f 4337/5/2 4675/5/2 4676/5/2 4365/5/2
f 4338/5/3 4667/5/3 4675/5/3 4337/5/3
f 4667/5/6 4677/5/6 4676/5/6 4675/5/6
f 4340/6/1 4364/6/1 4678/6/1 4679/6/1
f 4340/6/3 4679/6/3 4680/6/3 4339/6/3
f 4364/6/4 4377/6/4 4681/6/4 4678/6/4
f 4679/6/6 4678/6/6 4681/6/6 4680/6/6
f 4340/6/5 4339/6/5 4377/6/5 4364/6/5
f 4682/9/2 4683/9/2 4684/9/2 4685/9/2
f 4339/9/3 4680/9/3 4683/9/3 4682/9/3
f 4377/9/4 4685/9/4 4684/9/4 4681/9/4
f 4680/9/6 4681/9/6 4684/9/6 4683/9/6
f 4339/9/5 4682/9/5 4685/9/5 4377/9/5
f 4346/7/2 4686/7/2 4687/7/2 4371/7/2
f 4347/7/1 4369/7/1 4688/7/1 4670/7/1
f 4347/7/3 4670/7/3 4686/7/3 4346/7/3
f 4369/7/4 4371/7/4 4687/7/4 4688/7/4
f 4372/8/1 4373/8/1 4689/8/1 4690/8/1
f 4372/8/3 4690/8/3 4691/8/3 4692/8/3
f 4373/8/4 4381/8/4 4693/8/4 4689/8/4
f 4690/8/6 4689/8/6 4693/8/6 4691/8/6
f 4372/8/5 4692/8/5 4381/8/5 4373/8/5
f 4694/8/2 4695/8/2 4696/8/2 4383/8/2
f 4692/8/3 4691/8/3 4695/8/3 4694/8/3
f 4381/8/4 4383/8/4 4696/8/4 4693/8/4
f 4691/8/6 4693/8/6 4696/8/6 4695/8/6
f 4692/8/5 4694/8/5 4383/8/5 4381/8/5
f 4697/9/2 4698/9/2 4699/9/2 4700/9/2
f 4360/9/1 4701/9/1 4702/9/1 4703/9/1
f 4360/9/3 4703/9/3 4698/9/3 4697/9/3
f 4701/9/4 4700/9/4 4699/9/4 4702/9/4
f 4703/9/6 4702/9/6 4699/9/6 4698/9/6
f 4360/9/5 4697/9/5 4700/9/5 4701/9/5
f 4361/5/1 4376/5/1 4704/5/1 4705/5/1
f 4361/5/3 4705/5/3 4673/5/3 4363/5/3
f 4705/5/6 4704/5/6 4706/5/6 4673/5/6
f 4364/2/2 4678/2/2 4707/2/2 4379/2/2
f 4365/2/3 4676/2/3 4678/2/3 4364/2/3
f 4676/2/6 4708/2/6 4707/2/6 4678/2/6
f 4366/9/2 4709/9/2 4710/9/2 4395/9/2
f 4367/9/1 4393/9/1 4711/9/1 4712/9/1
f 4367/9/3 4712/9/3 4709/9/3 4366/9/3
f 4393/9/4 4395/9/4 4710/9/4 4711/9/4
f 4712/9/6 4711/9/6 4710/9/6 4709/9/6
f 4367/9/5 4366/9/5 4395/9/5 4393/9/5
f 4383/8/1 4384/8/1 4713/8/1 4696/8/1
f 4383/8/3 4696/8/3 4714/8/3 4385/8/3
f 4696/8/6 4713/8/6 4715/8/6 4714/8/6
f 4716/8/2 4717/8/2 4718/8/2 4719/8/2
f 4385/8/3 4714/8/3 4717/8/3 4716/8/3
f 4386/8/4 4719/8/4 4718/8/4 4715/8/4
f 4385/8/5 4716/8/5 4719/8/5 4386/8/5
f 4720/10/2 4721/10/2 4722/10/2 4406/10/2
f 4700/10/1 4409/10/1 4723/10/1 4699/10/1
f 4700/10/3 4699/10/3 4721/10/3 4720/10/3
f 4409/10/4 4406/10/4 4722/10/4 4723/10/4
f 4699/10/6 4723/10/6 4722/10/6 4721/10/6
f 4700/10/5 4720/10/5 4406/10/5 4409/10/5
f 4374/5/1 4389/5/1 4724/5/1 4725/5/1
f 4374/5/3 4725/5/3 4704/5/3 4376/5/3
f 4725/5/6 4724/5/6 4726/5/6 4704/5/6
f 4378/5/2 4727/5/2 4728/5/2 4391/5/2
f 4379/5/3 4707/5/3 4727/5/3 4378/5/3
f 4707/5/6 4729/5/6 4728/5/6 4727/5/6
f 4395/7/1 4396/7/1 4730/7/1 4710/7/1
f 4395/7/3 4710/7/3 4731/7/3 4732/7/3
f 4396/7/4 4412/7/4 4733/7/4 4730/7/4
f 4710/7/6 4730/7/6 4733/7/6 4731/7/6
f 4395/7/5 4732/7/5 4412/7/5 4396/7/5
f 4734/9/2 4735/9/2 4736/9/2 4415/9/2
f 4732/9/3 4731/9/3 4735/9/3 4734/9/3
f 4412/9/4 4415/9/4 4736/9/4 4733/9/4
f 4731/9/6 4733/9/6 4736/9/6 4735/9/6
f 4732/9/5 4734/9/5 4415/9/5 4412/9/5
f 4382/8/1 4400/8/1 4737/8/1 4738/8/1
f 4382/8/3 4738/8/3 4713/8/3 4384/8/3
f 4400/8/4 4401/8/4 4739/8/4 4737/8/4
f 4738/8/6 4737/8/6 4739/8/6 4713/8/6
f 4386/8/2 4715/8/2 4740/8/2 4741/8/2
f 4401/8/4 4741/8/4 4740/8/4 4739/8/4
f 4713/8/6 4739/8/6 4740/8/6 4715/8/6
f 4384/8/5 4386/8/5 4741/8/5 4401/8/5
f 4742/7/2 4743/7/2 4744/7/2 4421/7/2
f 4719/7/1 4745/7/1 4746/7/1 4718/7/1
f 4719/7/3 4718/7/3 4743/7/3 4742/7/3
f 4745/7/4 4421/7/4 4744/7/4 4746/7/4
f 4718/7/6 4746/7/6 4744/7/6 4743/7/6
f 4719/7/5 4742/7/5 4421/7/5 4745/7/5
f 4389/2/1 4411/2/1 4747/2/1 4724/2/1
f 4391/9/3 4728/9/3 4748/9/3 4392/9/3
f 4728/9/6 4749/9/6 4750/9/6 4748/9/6
f 4392/7/3 4748/7/3 4751/7/3 4394/7/3
f 4748/7/6 4750/7/6 4752/7/6 4751/7/6
f 4396/7/2 4730/7/2 4753/7/2 4413/7/2
f 4394/7/3 4751/7/3 4730/7/3 4396/7/3
f 4751/7/6 4752/7/6 4753/7/6 4730/7/6
f 4415/9/1 4416/9/1 4754/9/1 4736/9/1
f 4415/9/3 4736/9/3 4755/9/3 4397/9/3
f 4416/9/4 4417/9/4 4756/9/4 4754/9/4
f 4736/9/6 4754/9/6 4756/9/6 4755/9/6
f 4397/8/3 4755/8/3 4757/8/3 4399/8/3
f 4417/8/4 4758/8/4 4759/8/4 4756/8/4
f 4755/8/6 4756/8/6 4759/8/6 4757/8/6
f 4397/8/5 4399/8/5 4758/8/5 4417/8/5
f 4400/8/2 4737/8/2 4760/8/2 4761/8/2
f 4399/8/3 4757/8/3 4737/8/3 4400/8/3
f 4758/8/4 4761/8/4 4760/8/4 4759/8/4
f 4757/8/6 4759/8/6 4760/8/6 4737/8/6
f 4399/8/5 4400/8/5 4761/8/5 4758/8/5
f 4403/8/2 4762/8/2 4763/8/2 4422/8/2
f 4404/8/1 4418/8/1 4764/8/1 4765/8/1
f 4404/8/3 4765/8/3 4762/8/3 4403/8/3
f 4418/8/4 4422/8/4 4763/8/4 4764/8/4
f 4765/8/6 4764/8/6 4763/8/6 4762/8/6
f 4404/8/5 4403/8/5 4422/8/5 4418/8/5
f 4407/9/2 4766/9/2 4767/9/2 4424/9/2
f 4408/9/1 4423/9/1 4768/9/1 4769/9/1
f 4408/9/3 4769/9/3 4766/9/3 4407/9/3
f 4769/9/6 4768/9/6 4767/9/6 4766/9/6
f 4411/2/1 4426/2/1 4770/2/1 4747/2/1
f 4747/2/6 4770/2/6 4771/2/6 4772/2/6
f 4749/9/6 4773/9/6 4774/9/6 4750/9/6
f 4750/9/6 4774/9/6 4775/9/6 4752/9/6
f 4413/9/2 4753/9/2 4776/9/2 4427/9/2
f 4752/9/6 4775/9/6 4776/9/6 4753/9/6
f 4424/9/2 4767/9/2 4777/9/2 4433/9/2
f 4423/9/1 4432/9/1 4778/9/1 4768/9/1
f 4768/9/6 4778/9/6 4777/9/6 4767/9/6
f 4426/2/1 4435/2/1 4779/2/1 4770/2/1
f 4770/2/6 4779/2/6 4780/2/6 4771/2/6
f 4773/11/6 4781/11/6 4782/11/6 4774/11/6
f 4774/8/6 4782/8/6 4783/8/6 4775/8/6
f 4427/9/2 4776/9/2 4784/9/2 4436/9/2
f 4775/9/6 4783/9/6 4784/9/6 4776/9/6
f 4430/9/1 4439/9/1 4785/9/1 4786/9/1
f 4430/9/3 4786/9/3 4787/9/3 4788/9/3
f 4439/9/4 4789/9/4 4790/9/4 4785/9/4
f 4786/9/6 4785/9/6 4790/9/6 4787/9/6
f 4430/9/5 4788/9/5 4789/9/5 4439/9/5
f 4791/9/2 4792/9/2 4793/9/2 4794/9/2
f 4788/9/3 4787/9/3 4792/9/3 4791/9/3
f 4789/9/4 4794/9/4 4793/9/4 4790/9/4
f 4787/9/6 4790/9/6 4793/9/6 4792/9/6
f 4788/9/5 4791/9/5 4794/9/5 4789/9/5
f 4433/9/2 4777/9/2 4795/9/2 4442/9/2
f 4432/9/1 4441/9/1 4796/9/1 4778/9/1
f 4778/9/6 4796/9/6 4795/9/6 4777/9/6
f 4435/2/1 4444/2/1 4797/2/1 4779/2/1
f 4779/2/6 4797/2/6 4798/2/6 4780/2/6
f 4781/9/6 4799/9/6 4800/9/6 4782/9/6
f 4782/10/6 4800/10/6 4801/10/6 4783/10/6
f 4436/9/2 4784/9/2 4802/9/2 4445/9/2
f 4783/9/6 4801/9/6 4802/9/6 4784/9/6
f 4442/11/2 4795/11/2 4803/11/2 4451/11/2
f 4441/11/1 4450/11/1 4804/11/1 4796/11/1
f 4796/11/6 4804/11/6 4803/11/6 4795/11/6
f 4444/5/1 4453/5/1 4805/5/1 4797/5/1
f 4797/5/6 4805/5/6 4806/5/6 4798/5/6
f 4470/5/4 4471/5/4 4807/5/4 4808/5/4
f 4799/5/6 4808/5/6 4807/5/6 4800/5/6
f 4471/9/4 4473/9/4 4809/9/4 4807/9/4
f 4800/9/6 4807/9/6 4809/9/6 4801/9/6
f 4445/9/2 4802/9/2 4810/9/2 4455/9/2
f 4473/9/4 4455/9/4 4810/9/4 4809/9/4
f 4801/9/6 4809/9/6 4810/9/6 4802/9/6
f 4447/8/1 4456/8/1 4811/8/1 4812/8/1
f 4447/8/3 4812/8/3 4813/8/3 4448/8/3
f 4456/8/4 4457/8/4 4814/8/4 4811/8/4
f 4812/8/6 4811/8/6 4814/8/6 4813/8/6
f 4448/8/3 4813/8/3 4815/8/3 4816/8/3
f 4457/8/4 4476/8/4 4817/8/4 4814/8/4
f 4813/8/6 4814/8/6 4817/8/6 4815/8/6
f 4448/8/5 4816/8/5 4476/8/5 4457/8/5
f 4818/8/2 4819/8/2 4820/8/2 4478/8/2
f 4816/8/3 4815/8/3 4819/8/3 4818/8/3
f 4476/8/4 4478/8/4 4820/8/4 4817/8/4
f 4815/8/6 4817/8/6 4820/8/6 4819/8/6
f 4816/8/5 4818/8/5 4478/8/5 4476/8/5
f 4449/9/2 4821/9/2 4822/9/2 4463/9/2
f 4458/9/1 4459/9/1 4823/9/1 4824/9/1
f 4458/9/3 4824/9/3 4821/9/3 4449/9/3
f 4824/9/6 4823/9/6 4822/9/6 4821/9/6
f 4458/9/5 4449/9/5 4463/9/5 4459/9/5
f 4451/8/2 4803/8/2 4825/8/2 4465/8/2
f 4450/8/1 4464/8/1 4826/8/1 4804/8/1
f 4464/8/4 4465/8/4 4825/8/4 4826/8/4
f 4453/5/1 4467/5/1 4827/5/1 4805/5/1
f 4470/2/2 4808/2/2 4828/2/2 4469/2/2
f 4489/2/4 4469/2/4 4828/2/4 4829/2/4
f 4830/2/6 4829/2/6 4828/2/6 4808/2/6
f 4455/10/1 4474/10/1 4831/10/1 4810/10/1
f 4455/10/3 4810/10/3 4832/10/3 4454/10/3
f 4474/10/4 4491/10/4 4833/10/4 4831/10/4
f 4810/10/6 4831/10/6 4833/10/6 4832/10/6
f 4455/10/5 4454/10/5 4491/10/5 4474/10/5
f 4456/9/2 4811/9/2 4834/9/2 4493/9/2
f 4454/9/3 4832/9/3 4811/9/3 4456/9/3
f 4491/9/4 4493/9/4 4834/9/4 4833/9/4
f 4832/9/6 4833/9/6 4834/9/6 4811/9/6
f 4454/9/5 4456/9/5 4493/9/5 4491/9/5
f 4478/9/1 4479/9/1 4835/9/1 4820/9/1
f 4478/9/3 4820/9/3 4836/9/3 4480/9/3
f 4479/9/4 4481/9/4 4837/9/4 4835/9/4
f 4820/9/6 4835/9/6 4837/9/6 4836/9/6
f 4838/7/2 4839/7/2 4840/7/2 4499/7/2
f 4480/7/3 4836/7/3 4839/7/3 4838/7/3
f 4836/7/6 4837/7/6 4840/7/6 4839/7/6
f 4480/7/5 4838/7/5 4499/7/5 4481/7/5
f 4461/7/2 4841/7/2 4842/7/2 4502/7/2
f 4843/7/1 4505/7/1 4844/7/1 4845/7/1
f 4843/7/3 4845/7/3 4841/7/3 4461/7/3
f 4505/7/4 4502/7/4 4842/7/4 4844/7/4
f 4845/7/6 4844/7/6 4842/7/6 4841/7/6
f 4843/7/5 4461/7/5 4502/7/5 4505/7/5
f 4463/11/2 4822/11/2 4846/11/2 4508/11/2
f 4459/11/1 4507/11/1 4847/11/1 4823/11/1
f 4507/11/4 4508/11/4 4846/11/4 4847/11/4
f 4823/11/6 4847/11/6 4846/11/6 4822/11/6
f 4459/11/5 4463/11/5 4508/11/5 4507/11/5
f 4467/2/1 4486/2/1 4848/2/1 4827/2/1
f 4486/2/4 4513/2/4 4849/2/4 4848/2/4
f 4827/2/6 4848/2/6 4849/2/6 4850/2/6
f 4489/6/2 4829/6/2 4851/6/2 4488/6/2
f 4516/6/4 4488/6/4 4851/6/4 4852/6/4
f 4853/6/6 4852/6/6 4851/6/6 4829/6/6
f 4474/9/2 4831/9/2 4854/9/2 4490/9/2
f 4472/9/1 4519/9/1 4855/9/1 4856/9/1
f 4472/9/3 4856/9/3 4831/9/3 4474/9/3
f 4519/9/4 4490/9/4 4854/9/4 4855/9/4
f 4856/9/6 4855/9/6 4854/9/6 4831/9/6
f 4472/9/5 4474/9/5 4490/9/5 4519/9/5
f 4481/9/1 4497/9/1 4857/9/1 4837/9/1
f 4497/9/4 4500/9/4 4858/9/4 4857/9/4
f 4837/9/6 4857/9/6 4858/9/6 4840/9/6
f 4505/9/2 4844/9/2 4859/9/2 4504/9/2
f 4499/9/3 4840/9/3 4844/9/3 4505/9/3
f 4500/9/4 4504/9/4 4859/9/4 4858/9/4
f 4840/9/6 4858/9/6 4859/9/6 4844/9/6
f 4499/9/5 4505/9/5 4504/9/5 4500/9/5
f 4485/6/2 4860/6/2 4861/6/2 4862/6/2
f 4863/6/1 4864/6/1 4865/6/1 4866/6/1
f 4863/6/3 4866/6/3 4860/6/3 4485/6/3
f 4864/6/4 4862/6/4 4861/6/4 4865/6/4
f 4866/6/6 4865/6/6 4861/6/6 4860/6/6
f 4863/6/5 4485/6/5 4862/6/5 4864/6/5
f 4513/2/1 4512/2/1 4867/2/1 4849/2/1
f 4512/2/4 4529/2/4 4868/2/4 4867/2/4
f 4516/5/2 4852/5/2 4869/5/2 4515/5/2
f 4532/5/4 4515/5/4 4869/5/4 4870/5/4
f 4871/5/6 4870/5/6 4869/5/6 4852/5/6
f 4487/6/2 4872/6/2 4873/6/2 4533/6/2
f 4488/6/1 4514/6/1 4874/6/1 4851/6/1
f 4488/6/3 4851/6/3 4872/6/3 4487/6/3
f 4514/6/4 4533/6/4 4873/6/4 4874/6/4
f 4851/6/6 4874/6/6 4873/6/6 4872/6/6
f 4488/6/5 4487/6/5 4533/6/5 4514/6/5
f 4524/8/1 4525/8/1 4875/8/1 4876/8/1
f 4524/8/3 4876/8/3 4877/8/3 4495/8/3
f 4525/8/4 4878/8/4 4879/8/4 4875/8/4
f 4876/8/6 4875/8/6 4879/8/6 4877/8/6
f 4524/8/5 4495/8/5 4878/8/5 4525/8/5
f 4497/9/2 4857/9/2 4880/9/2 4545/9/2
f 4495/9/3 4877/9/3 4857/9/3 4497/9/3
f 4878/9/4 4545/9/4 4880/9/4 4879/9/4
f 4877/9/6 4879/9/6 4880/9/6 4857/9/6
f 4495/9/5 4497/9/5 4545/9/5 4878/9/5
f 4529/2/1 4528/2/1 4881/2/1 4868/2/1
f 4528/2/4 4559/2/4 4882/2/4 4881/2/4
f 4532/5/2 4870/5/2 4883/5/2 4531/5/2
f 4562/5/4 4531/5/4 4883/5/4 4884/5/4
f 4885/5/6 4884/5/6 4883/5/6 4870/5/6
f 4540/9/2 4886/9/2 4887/9/2 4541/9/2
f 4545/9/1 4544/9/1 4888/9/1 4880/9/1
f 4545/9/3 4880/9/3 4886/9/3 4540/9/3
f 4544/9/4 4541/9/4 4887/9/4 4888/9/4
f 4880/9/6 4888/9/6 4887/9/6 4886/9/6
f 4549/7/2 4889/7/2 4890/7/2 4548/7/2
f 4891/7/1 4892/7/1 4893/7/1 4894/7/1
f 4891/7/3 4894/7/3 4889/7/3 4549/7/3
f 4892/7/4 4548/7/4 4890/7/4 4893/7/4
f 4894/7/6 4893/7/6 4890/7/6 4889/7/6
f 4891/7/5 4549/7/5 4548/7/5 4892/7/5
f 4556/5/2 4895/5/2 4896/5/2 4555/5/2
f 4897/5/1 4898/5/1 4899/5/1 4900/5/1
f 4897/5/3 4900/5/3 4895/5/3 4556/5/3
f 4898/5/4 4555/5/4 4896/5/4 4899/5/4
f 4900/5/6 4899/5/6 4896/5/6 4895/5/6
f 4897/5/5 4556/5/5 4555/5/5 4898/5/5
f 4559/5/1 4558/5/1 4901/5/1 4882/5/1
f 4558/5/4 4575/5/4 4902/5/4 4901/5/4
f 4562/5/2 4884/5/2 4903/5/2 4561/5/2
f 4575/5/4 4561/5/4 4903/5/4 4902/5/4
f 4904/5/6 4902/5/6 4903/5/6 4884/5/6
f 4905/4/2 4906/4/2 4907/4/2 4908/4/2
f 4909/4/1 4910/4/1 4911/4/1 4912/4/1
f 4909/4/3 4912/4/3 4906/4/3 4905/4/3
f 4912/4/6 4911/4/6 4907/4/6 4906/4/6
f 4909/4/5 4905/4/5 4908/4/5 4910/4/5
f 4898/2/2 4899/2/2 4913/2/2 4914/2/2
f 4915/2/1 4916/2/1 4917/2/1 4918/2/1
f 4915/2/3 4918/2/3 4899/2/3 4898/2/3
f 4916/2/4 4914/2/4 4913/2/4 4917/2/4
f 4918/2/6 4917/2/6 4913/2/6 4899/2/6
f 4915/2/5 4898/2/5 4914/2/5 4916/2/5
f 4551/2/1 4919/2/1 4920/2/1 4921/2/1
f 4551/2/3 4921/2/3 4922/2/3 4923/2/3
f 4919/2/4 4924/2/4 4925/2/4 4920/2/4
f 4921/2/6 4920/2/6 4925/2/6 4922/2/6
f 4551/2/5 4923/2/5 4924/2/5 4919/2/5
f 4557/2/2 4926/2/2 4927/2/2 4928/2/2
f 4923/2/3 4922/2/3 4926/2/3 4557/2/3
f 4924/2/4 4928/2/4 4927/2/4 4925/2/4
f 4922/2/6 4925/2/6 4927/2/6 4926/2/6
f 4923/2/5 4557/2/5 4928/2/5 4924/2/5
f 4929/6/2 4930/6/2 4931/6/2 4590/6/2
f 4932/6/1 4589/6/1 4933/6/1 4934/6/1
f 4932/6/3 4934/6/3 4930/6/3 4929/6/3
f 4589/6/4 4590/6/4 4931/6/4 4933/6/4
f 4934/6/6 4933/6/6 4931/6/6 4930/6/6
f 4932/6/5 4929/6/5 4590/6/5 4589/6/5
f 4935/9/1 4594/9/1 4936/9/1 4937/9/1
f 4935/9/3 4937/9/3 4938/9/3 4564/9/3
f 4594/9/4 4596/9/4 4939/9/4 4936/9/4
f 4937/9/6 4936/9/6 4939/9/6 4938/9/6
f 4935/9/5 4564/9/5 4596/9/5 4594/9/5
f 4564/9/3 4938/9/3 4940/9/3 4566/9/3
f 4596/9/4 4941/9/4 4942/9/4 4939/9/4
f 4938/9/6 4939/9/6 4942/9/6 4940/9/6
f 4564/9/5 4566/9/5 4941/9/5 4596/9/5
f 4570/7/2 4943/7/2 4944/7/2 4599/7/2
f 4566/7/3 4940/7/3 4943/7/3 4570/7/3
f 4941/7/4 4599/7/4 4944/7/4 4942/7/4
f 4940/7/6 4942/7/6 4944/7/6 4943/7/6
f 4566/7/5 4570/7/5 4599/7/5 4941/7/5
f 4578/8/2 4945/8/2 4946/8/2 4577/8/2
f 4947/8/1 4604/8/1 4948/8/1 4949/8/1
f 4947/8/3 4949/8/3 4945/8/3 4578/8/3
f 4604/8/4 4577/8/4 4946/8/4 4948/8/4
f 4949/8/6 4948/8/6 4946/8/6 4945/8/6
f 4947/8/5 4578/8/5 4577/8/5 4604/8/5
f 4908/5/2 4907/5/2 4950/5/2 4951/5/2
f 4910/5/1 4952/5/1 4953/5/1 4911/5/1
f 4952/5/4 4951/5/4 4950/5/4 4953/5/4
f 4911/5/6 4953/5/6 4950/5/6 4907/5/6
f 4910/5/5 4908/5/5 4951/5/5 4952/5/5
f 4609/5/2 4954/5/2 4955/5/2 4618/5/2
f 4610/5/1 4614/5/1 4956/5/1 4957/5/1
f 4610/5/3 4957/5/3 4954/5/3 4609/5/3
f 4957/5/6 4956/5/6 4955/5/6 4954/5/6
f 4612/2/1 4621/2/1 4958/2/1 4959/2/1
f 4612/2/3 4959/2/3 4956/2/3 4614/2/3
f 4959/2/6 4958/2/6 4960/2/6 4956/2/6
f 4632/2/4 4623/2/4 4961/2/4 4960/2/4
f 4617/2/2 4962/2/2 4963/2/2 4622/2/2
f 4618/2/3 4955/2/3 4962/2/3 4617/2/3
f 4623/2/4 4622/2/4 4963/2/4 4961/2/4
f 4955/2/6 4961/2/6 4963/2/6 4962/2/6
f 4632/2/2 4960/2/2 4964/2/2 4631/2/2
f 4621/2/1 4629/2/1 4965/2/1 4958/2/1
f 4629/2/4 4631/2/4 4964/2/4 4965/2/4
f 4958/2/6 4965/2/6 4964/2/6 4960/2/6
f 4666/1/2 4966/1/2 4967/1/2 4668/1/2
f 4664/1/1 4665/1/1 4968/1/1 4969/1/1
f 4664/1/3 4969/1/3 4966/1/3 4666/1/3
f 4969/1/6 4968/1/6 4967/1/6 4966/1/6
f 4658/9/1 4691/9/1 4970/9/1 4971/9/1
f 4658/9/3 4971/9/3 4972/9/3 4655/9/3
f 4691/9/4 4695/9/4 4973/9/4 4970/9/4
f 4971/9/6 4970/9/6 4973/9/6 4972/9/6
f 4658/9/5 4655/9/5 4695/9/5 4691/9/5
f 4655/9/3 4972/9/3 4974/9/3 4975/9/3
f 4695/9/4 4976/9/4 4977/9/4 4973/9/4
f 4972/9/6 4973/9/6 4977/9/6 4974/9/6
f 4655/9/5 4975/9/5 4976/9/5 4695/9/5
f 4975/9/3 4974/9/3 4978/9/3 4979/9/3
f 4976/9/4 4980/9/4 4981/9/4 4977/9/4
f 4974/9/6 4977/9/6 4981/9/6 4978/9/6
f 4975/9/5 4979/9/5 4980/9/5 4976/9/5
f 4979/10/3 4978/10/3 4982/10/3 4983/10/3
f 4980/10/4 4984/10/4 4985/10/4 4981/10/4
f 4978/10/6 4981/10/6 4985/10/6 4982/10/6
f 4979/10/5 4983/10/5 4984/10/5 4980/10/5
f 4983/9/3 4982/9/3 4986/9/3 4987/9/3
f 4984/9/4 4988/9/4 4989/9/4 4985/9/4
f 4982/9/6 4985/9/6 4989/9/6 4986/9/6
f 4983/9/5 4987/9/5 4988/9/5 4984/9/5
f 4990/9/2 4991/9/2 4992/9/2 4703/9/2
f 4987/9/3 4986/9/3 4991/9/3 4990/9/3
f 4988/9/4 4703/9/4 4992/9/4 4989/9/4
f 4986/9/6 4989/9/6 4992/9/6 4991/9/6
f 4987/9/5 4990/9/5 4703/9/5 4988/9/5
f 4662/5/1 4674/5/1 4993/5/1 4994/5/1
f 4662/5/3 4994/5/3 4968/5/3 4665/5/3
f 4994/5/6 4993/5/6 4995/5/6 4968/5/6
f 4667/5/2 4996/5/2 4997/5/2 4677/5/2
f 4668/5/3 4967/5/3 4996/5/3 4667/5/3
f 4967/5/6 4998/5/6 4997/5/6 4996/5/6
f 4670/9/1 4688/9/1 4999/9/1 5000/9/1
f 4670/9/3 5000/9/3 5001/9/3 4686/9/3
f 4688/9/4 4687/9/4 5002/9/4 4999/9/4
f 5000/9/6 4999/9/6 5002/9/6 5001/9/6
f 4690/10/2 5003/10/2 5004/10/2 4689/10/2
f 4686/10/3 5001/10/3 5003/10/3 4690/10/3
f 4687/10/4 4689/10/4 5004/10/4 5002/10/4
f 5001/10/6 5002/10/6 5004/10/6 5003/10/6
f 4686/10/5 4690/10/5 4689/10/5 4687/10/5
f 4673/2/1 4706/2/1 5005/2/1 5006/2/1
f 4673/2/3 5006/2/3 4993/2/3 4674/2/3
f 5006/2/6 5005/2/6 5007/2/6 4993/2/6
f 4676/5/2 5008/5/2 5009/5/2 4708/5/2
f 4677/5/3 4997/5/3 5008/5/3 4676/5/3
f 4997/5/6 5010/5/6 5009/5/6 5008/5/6
f 4678/1/1 4707/1/1 5011/1/1 5012/1/1
f 4678/1/3 5012/1/3 5013/1/3 4681/1/3
f 4707/1/4 4727/1/4 5014/1/4 5011/1/4
f 5012/1/6 5011/1/6 5014/1/6 5013/1/6
f 4678/1/5 4681/1/5 4727/1/5 4707/1/5
f 4681/9/3 5013/9/3 5015/9/3 4684/9/3
f 4727/9/4 5016/9/4 5017/9/4 5014/9/4
f 5013/9/6 5014/9/6 5017/9/6 5015/9/6
f 4681/9/5 4684/9/5 5016/9/5 4727/9/5
f 4712/7/2 5018/7/2 5019/7/2 4711/7/2
f 4684/7/3 5015/7/3 5018/7/3 4712/7/3
f 5016/7/4 4711/7/4 5019/7/4 5017/7/4
f 5015/7/6 5017/7/6 5019/7/6 5018/7/6
f 4684/7/5 4712/7/5 4711/7/5 5016/7/5
f 4714/8/1 4715/8/1 5020/8/1 5021/8/1
f 4714/8/3 5021/8/3 5022/8/3 4717/8/3
f 5021/8/6 5020/8/6 5023/8/6 5022/8/6
f 4717/8/3 5022/8/3 5024/8/3 5025/8/3
f 4718/8/4 4743/8/4 5026/8/4 5023/8/4
f 5022/8/6 5023/8/6 5026/8/6 5024/8/6
f 4717/8/5 5025/8/5 4743/8/5 4718/8/5
f 5025/11/3 5024/11/3 5027/11/3 5028/11/3
f 4743/11/4 5029/11/4 5030/11/4 5026/11/4
f 5025/11/5 5028/11/5 5029/11/5 4743/11/5
f 5028/10/3 5027/10/3 5031/10/3 4702/10/3
f 5029/10/4 5032/10/4 5033/10/4 5030/10/4
f 5027/10/6 5030/10/6 5033/10/6 5031/10/6
f 5028/10/5 4702/10/5 5032/10/5 5029/10/5
f 4699/10/2 5034/10/2 5035/10/2 4723/10/2
f 4702/10/3 5031/10/3 5034/10/3 4699/10/3
f 5032/10/4 4723/10/4 5035/10/4 5033/10/4
f 5031/10/6 5033/10/6 5035/10/6 5034/10/6
f 4702/10/5 4699/10/5 4723/10/5 5032/10/5
f 4704/5/1 4726/5/1 5036/5/1 5037/5/1
f 4704/5/3 5037/5/3 5005/5/3 4706/5/3
f 5037/5/6 5036/5/6 5038/5/6 5005/5/6
f 4707/2/2 5011/2/2 5039/2/2 4729/2/2
f 4708/2/3 5009/2/3 5011/2/3 4707/2/3
f 5009/2/6 5040/2/6 5039/2/6 5011/2/6
f 4710/7/2 5041/7/2 5042/7/2 4730/7/2
f 4711/7/1 4751/7/1 5043/7/1 5019/7/1
f 4711/7/3 5019/7/3 5041/7/3 4710/7/3
f 4751/7/4 4730/7/4 5042/7/4 5043/7/4
f 5019/7/6 5043/7/6 5042/7/6 5041/7/6
f 4711/7/5 4710/7/5 4730/7/5 4751/7/5
f 4718/11/2 5023/11/2 5044/11/2 4746/11/2
f 4715/11/1 4740/11/1 5045/11/1 5020/11/1
f 4740/11/4 4746/11/4 5044/11/4 5045/11/4
f 5020/11/6 5045/11/6 5044/11/6 5023/11/6
f 4715/11/5 4718/11/5 4746/11/5 4740/11/5
f 4724/1/1 4747/1/1 5046/1/1 5047/1/1
f 4724/1/3 5047/1/3 5036/1/3 4726/1/3
f 4747/1/4 4772/1/4 5048/1/4 5046/1/4
f 5047/1/6 5046/1/6 5048/1/6 5036/1/6
f 4728/5/2 5049/5/2 5050/5/2 4749/5/2
f 4729/5/3 5039/5/3 5049/5/3 4728/5/3
f 5039/5/6 5051/5/6 5050/5/6 5049/5/6
f 4730/7/1 4753/7/1 5052/7/1 5042/7/1
f 4730/7/3 5042/7/3 5053/7/3 4733/7/3
f 4753/7/4 5054/7/4 5055/7/4 5052/7/4
f 5042/7/6 5052/7/6 5055/7/6 5053/7/6
f 4730/7/5 4733/7/5 5054/7/5 4753/7/5
f 4736/8/2 5056/8/2 5057/8/2 4754/8/2
f 4733/8/3 5053/8/3 5056/8/3 4736/8/3
f 5054/8/4 4754/8/4 5057/8/4 5055/8/4
f 5053/8/6 5055/8/6 5057/8/6 5056/8/6
f 4733/8/5 4736/8/5 4754/8/5 5054/8/5
f 4746/7/1 5058/7/1 5059/7/1 5044/7/1
f 4746/7/3 5044/7/3 5060/7/3 4744/7/3
f 5058/7/4 5061/7/4 5062/7/4 5059/7/4
f 5044/7/6 5059/7/6 5062/7/6 5060/7/6
f 4746/7/5 4744/7/5 5061/7/5 5058/7/5
f 4765/8/2 5063/8/2 5064/8/2 4764/8/2
f 4744/8/3 5060/8/3 5063/8/3 4765/8/3
f 5061/8/4 4764/8/4 5064/8/4 5062/8/4
f 4744/8/5 4765/8/5 4764/8/5 5061/8/5
f 4772/1/1 4771/1/1 5065/1/1 5048/1/1
f 5048/1/6 5065/1/6 5066/1/6 5067/1/6
f 4749/2/2 5050/2/2 5068/2/2 4773/2/2
f 5051/2/6 5069/2/6 5068/2/6 5050/2/6
f 4754/7/1 5070/7/1 5071/7/1 5057/7/1
f 4754/7/3 5057/7/3 5072/7/3 4756/7/3
f 5070/7/4 4786/7/4 5073/7/4 5071/7/4
f 5057/7/6 5071/7/6 5073/7/6 5072/7/6
f 4754/7/5 4756/7/5 4786/7/5 5070/7/5
f 4759/8/2 5074/8/2 5075/8/2 4787/8/2
f 4756/8/3 5072/8/3 5074/8/3 4759/8/3
f 4786/8/4 4787/8/4 5075/8/4 5073/8/4
f 5072/8/6 5073/8/6 5075/8/6 5074/8/6
f 4756/8/5 4759/8/5 4787/8/5 4786/8/5
f 4763/7/2 5076/7/2 5077/7/2 5078/7/2
f 4764/7/1 5079/7/1 5080/7/1 5064/7/1
f 4764/7/3 5064/7/3 5076/7/3 4763/7/3
f 5079/7/4 5078/7/4 5077/7/4 5080/7/4
f 5064/7/6 5080/7/6 5077/7/6 5076/7/6
f 4764/7/5 4763/7/5 5078/7/5 5079/7/5
f 4771/1/1 4780/1/1 5081/1/1 5065/1/1
f 5065/1/6 5081/1/6 5082/1/6 5066/1/6
f 4773/1/2 5068/1/2 5083/1/2 4781/1/2
f 5069/1/6 5084/1/6 5083/1/6 5068/1/6
f 4792/8/1 4793/8/1 5085/8/1 5086/8/1
f 4792/8/3 5086/8/3 5087/8/3 5088/8/3
f 4793/8/4 5089/8/4 5090/8/4 5085/8/4
f 5086/8/6 5085/8/6 5090/8/6 5087/8/6
f 4792/8/5 5088/8/5 5089/8/5 4793/8/5
f 5091/8/2 5092/8/2 5093/8/2 5094/8/2
f 5088/8/3 5087/8/3 5092/8/3 5091/8/3
f 5089/8/4 5094/8/4 5093/8/4 5090/8/4
f 5087/8/6 5090/8/6 5093/8/6 5092/8/6
f 5088/8/5 5091/8/5 5094/8/5 5089/8/5
f 4778/11/2 5095/11/2 5096/11/2 4796/11/2
f 5078/11/1 5097/11/1 5098/11/1 5077/11/1
f 5078/11/3 5077/11/3 5095/11/3 4778/11/3
f 5097/11/4 4796/11/4 5096/11/4 5098/11/4
f 5078/11/5 4778/11/5 4796/11/5 5097/11/5
f 4780/2/1 4798/2/1 5099/2/1 5081/2/1
f 5081/2/6 5099/2/6 5100/2/6 5082/2/6
f 4781/2/2 5083/2/2 5101/2/2 4799/2/2
f 5084/2/6 5102/2/6 5101/2/6 5083/2/6
f 5103/11/1 4812/11/1 5104/11/1 5105/11/1
f 5103/11/3 5105/11/3 5106/11/3 4785/11/3
f 4812/11/4 4813/11/4 5107/11/4 5104/11/4
f 5105/11/6 5104/11/6 5107/11/6 5106/11/6
f 5103/11/5 4785/11/5 4813/11/5 4812/11/5
f 4790/8/2 5108/8/2 5109/8/2 4815/8/2
f 4785/8/3 5106/8/3 5108/8/3 4790/8/3
f 4813/8/4 4815/8/4 5109/8/4 5107/8/4
f 5106/8/6 5107/8/6 5109/8/6 5108/8/6
f 4785/8/5 4790/8/5 4815/8/5 4813/8/5
f 5097/7/2 5098/7/2 5110/7/2 4821/7/2
f 5111/7/1 4824/7/1 5112/7/1 5113/7/1
f 5111/7/3 5113/7/3 5098/7/3 5097/7/3
f 4824/7/4 4821/7/4 5110/7/4 5112/7/4
f 5113/7/6 5112/7/6 5110/7/6 5098/7/6
f 5111/7/5 5097/7/5 4821/7/5 4824/7/5
f 4798/5/1 4806/5/1 5114/5/1 5099/5/1
f 5099/5/6 5114/5/6 5115/5/6 5100/5/6
f 4799/2/2 5101/2/2 5116/2/2 4808/2/2
f 4830/2/4 4808/2/4 5116/2/4 5117/2/4
f 5102/2/6 5117/2/6 5116/2/6 5101/2/6
f 5118/8/1 4845/8/1 5119/8/1 5120/8/1
f 5118/8/3 5120/8/3 5121/8/3 5122/8/3
f 4845/8/4 4841/8/4 5123/8/4 5119/8/4
f 5120/8/6 5119/8/6 5123/8/6 5121/8/6
f 5118/8/5 5122/8/5 4841/8/5 4845/8/5
f 4824/8/2 5112/8/2 5124/8/2 4823/8/2
f 5122/8/3 5121/8/3 5112/8/3 4824/8/3
f 4841/8/4 4823/8/4 5124/8/4 5123/8/4
f 5121/8/6 5123/8/6 5124/8/6 5112/8/6
f 5122/8/5 4824/8/5 4823/8/5 4841/8/5
f 4803/9/2 5125/9/2 5126/9/2 4825/9/2
f 4804/9/1 4826/9/1 5127/9/1 5128/9/1
f 4804/9/3 5128/9/3 5125/9/3 4803/9/3
f 4826/9/4 4825/9/4 5126/9/4 5127/9/4
f 5128/9/6 5127/9/6 5126/9/6 5125/9/6
f 5129/3/2 5130/3/2 5131/3/2 5132/3/2
f 5133/3/1 5134/3/1 5135/3/1 5136/3/1
f 5133/3/3 5136/3/3 5130/3/3 5129/3/3
f 5134/3/4 5132/3/4 5131/3/4 5135/3/4
f 5136/3/6 5135/3/6 5131/3/6 5130/3/6
f 5133/3/5 5129/3/5 5132/3/5 5134/3/5
f 4805/5/1 4827/5/1 5137/5/1 5138/5/1
f 4805/5/3 5138/5/3 5114/5/3 4806/5/3
f 4827/5/4 4850/5/4 5139/5/4 5137/5/4
f 5138/5/6 5137/5/6 5139/5/6 5114/5/6
f 5114/5/6 5139/5/6 5140/5/6 5115/5/6
f 4830/2/2 5117/2/2 5141/2/2 4829/2/2
f 4853/2/4 4829/2/4 5141/2/4 5142/2/4
f 5143/2/6 5142/2/6 5141/2/6 5117/2/6
f 4810/9/2 5144/9/2 5145/9/2 4831/9/2
f 4809/9/1 4856/9/1 5146/9/1 5147/9/1
f 4809/9/3 5147/9/3 5144/9/3 4810/9/3
f 4856/9/4 4831/9/4 5145/9/4 5146/9/4
f 5147/9/6 5146/9/6 5145/9/6 5144/9/6
f 4809/9/5 4810/9/5 4831/9/5 4856/9/5
f 4845/11/2 5119/11/2 5148/11/2 4844/11/2
f 4839/11/1 4840/11/1 5149/11/1 5150/11/1
f 4839/11/3 5150/11/3 5119/11/3 4845/11/3
f 4840/11/4 4844/11/4 5148/11/4 5149/11/4
f 5150/11/6 5149/11/6 5148/11/6 5119/11/6
f 4839/11/5 4845/11/5 4844/11/5 4840/11/5
f 4850/2/1 4849/2/1 5151/2/1 5139/2/1
f 4853/5/2 5142/5/2 5152/5/2 4852/5/2
f 4871/5/4 4852/5/4 5152/5/4 5153/5/4
f 5154/5/6 5153/5/6 5152/5/6 5142/5/6
f 4828/6/2 5155/6/2 5156/6/2 4872/6/2
f 4829/6/1 4851/6/1 5157/6/1 5141/6/1
f 4829/6/3 5141/6/3 5155/6/3 4828/6/3
f 4851/6/4 4872/6/4 5156/6/4 5157/6/4
f 5141/6/6 5157/6/6 5156/6/6 5155/6/6
f 4829/6/5 4828/6/5 4872/6/5 4851/6/5
f 4833/11/2 5158/11/2 5159/11/2 5160/11/2
f 4831/11/1 4854/11/1 5161/11/1 5145/11/1
f 4831/11/3 5145/11/3 5158/11/3 4833/11/3
f 4854/11/4 5160/11/4 5159/11/4 5161/11/4
f 5145/11/6 5161/11/6 5159/11/6 5158/11/6
f 4831/11/5 4833/11/5 5160/11/5 4854/11/5
f 5162/6/2 5163/6/2 5164/6/2 5165/6/2
f 5166/6/1 5167/6/1 5168/6/1 5169/6/1
f 5166/6/3 5169/6/3 5163/6/3 5162/6/3
f 5169/6/6 5168/6/6 5164/6/6 5163/6/6
f 5166/6/5 5162/6/5 5165/6/5 5167/6/5
f 4866/6/2 5170/6/2 5171/6/2 4865/6/2
f 5172/6/1 5173/6/1 5174/6/1 5175/6/1
f 5172/6/3 5175/6/3 5170/6/3 4866/6/3
f 5173/6/4 4865/6/4 5171/6/4 5174/6/4
f 5175/6/6 5174/6/6 5171/6/6 5170/6/6
f 5172/6/5 4866/6/5 4865/6/5 5173/6/5
f 4848/2/1 5176/2/1 5177/2/1 5178/2/1
f 4848/2/3 5178/2/3 5151/2/3 4849/2/3
f 5176/2/4 4867/2/4 5179/2/4 5177/2/4
f 4848/2/5 4849/2/5 4867/2/5 5176/2/5
f 4871/2/2 5153/2/2 5180/2/2 4870/2/2
f 4885/2/4 4870/2/4 5180/2/4 5181/2/4
f 5182/2/6 5181/2/6 5180/2/6 5153/2/6
f 4854/9/2 5161/9/2 5183/9/2 5184/9/2
f 4855/9/1 5185/9/1 5186/9/1 5187/9/1
f 4855/9/3 5187/9/3 5161/9/3 4854/9/3
f 5185/9/4 5184/9/4 5183/9/4 5186/9/4
f 5187/9/6 5186/9/6 5183/9/6 5161/9/6
f 4855/9/5 4854/9/5 5184/9/5 5185/9/5
f 4857/8/1 4880/8/1 5188/8/1 5189/8/1
f 4857/8/3 5189/8/3 5190/8/3 4858/8/3
f 4880/8/4 4886/8/4 5191/8/4 5188/8/4
f 5189/8/6 5188/8/6 5191/8/6 5190/8/6
f 4857/8/5 4858/8/5 4886/8/5 4880/8/5
f 4859/8/2 5192/8/2 5193/8/2 5194/8/2
f 4858/8/3 5190/8/3 5192/8/3 4859/8/3
f 4886/8/4 5194/8/4 5193/8/4 5191/8/4
f 5190/8/6 5191/8/6 5193/8/6 5192/8/6
f 4858/8/5 4859/8/5 5194/8/5 4886/8/5
f 5165/2/2 5164/2/2 5195/2/2 5196/2/2
f 5167/2/1 5197/2/1 5198/2/1 5168/2/1
f 5168/2/6 5198/2/6 5195/2/6 5164/2/6
f 5167/2/5 5165/2/5 5196/2/5 5197/2/5
f 4867/2/1 5199/2/1 5200/2/1 5179/2/1
f 5199/2/4 4881/2/4 5201/2/4 5200/2/4
f 4867/2/5 4868/2/5 4881/2/5 5199/2/5
f 4885/6/2 5181/6/2 5202/6/2 4884/6/2
f 4904/6/4 4884/6/4 5202/6/4 5203/6/4
f 5204/6/6 5203/6/6 5202/6/6 5181/6/6
f 5185/9/2 5186/9/2 5205/9/2 5206/9/2
f 5207/9/1 5208/9/1 5209/9/1 5210/9/1
f 5207/9/3 5210/9/3 5186/9/3 5185/9/3
f 5208/9/4 5206/9/4 5205/9/4 5209/9/4
f 5210/9/6 5209/9/6 5205/9/6 5186/9/6
f 5207/9/5 5185/9/5 5206/9/5 5208/9/5
f 4880/8/2 5188/8/2 5211/8/2 4888/8/2
f 4879/8/1 5212/8/1 5213/8/1 5214/8/1
f 4879/8/3 5214/8/3 5188/8/3 4880/8/3
f 4879/8/5 4880/8/5 4888/8/5 5212/8/5
f 4894/8/2 5215/8/2 5216/8/2 4893/8/2
f 5194/8/1 5217/8/1 5218/8/1 5193/8/1
f 5194/8/3 5193/8/3 5215/8/3 4894/8/3
f 5217/8/4 4893/8/4 5216/8/4 5218/8/4
f 5193/8/6 5218/8/6 5216/8/6 5215/8/6
f 5194/8/5 4894/8/5 4893/8/5 5217/8/5
f 5196/2/2 5195/2/2 5219/2/2 4906/2/2
f 5197/2/1 4912/2/1 5220/2/1 5198/2/1
f 4912/2/4 4906/2/4 5219/2/4 5220/2/4
f 5198/2/6 5220/2/6 5219/2/6 5195/2/6
f 5197/2/5 5196/2/5 4906/2/5 4912/2/5
f 5221/5/2 5222/5/2 5223/5/2 5224/5/2
f 5225/5/1 5226/5/1 5227/5/1 5228/5/1
f 5225/5/3 5228/5/3 5222/5/3 5221/5/3
f 5226/5/4 5224/5/4 5223/5/4 5227/5/4
f 5228/5/6 5227/5/6 5223/5/6 5222/5/6
f 5225/5/5 5221/5/5 5224/5/5 5226/5/5
f 5229/2/2 5230/2/2 5231/2/2 4921/2/2
f 4895/2/1 4896/2/1 5232/2/1 5233/2/1
f 4895/2/3 5233/2/3 5230/2/3 5229/2/3
f 4896/2/4 4921/2/4 5231/2/4 5232/2/4
f 5233/2/6 5232/2/6 5231/2/6 5230/2/6
f 4895/2/5 5229/2/5 4921/2/5 4896/2/5
f 4881/2/1 4926/2/1 5234/2/1 5201/2/1
f 4881/2/5 4882/2/5 4901/2/5 4926/2/5
f 4904/5/2 5203/5/2 5235/5/2 4902/5/2
f 4901/5/4 4902/5/4 5235/5/4 5236/5/4
f 5237/5/6 5236/5/6 5235/5/6 5203/5/6
f 5208/5/2 5209/5/2 5238/5/2 5239/5/2
f 5240/5/1 4930/5/1 5241/5/1 5242/5/1
f 5240/5/3 5242/5/3 5209/5/3 5208/5/3
f 4930/5/4 5239/5/4 5238/5/4 5241/5/4
f 5242/5/6 5241/5/6 5238/5/6 5209/5/6
f 5240/5/5 5208/5/5 5239/5/5 4930/5/5
f 5243/9/1 4943/9/1 5244/9/1 5245/9/1
f 5243/9/3 5245/9/3 5246/9/3 5247/9/3
f 4943/9/4 5248/9/4 5249/9/4 5244/9/4
f 5245/9/6 5244/9/6 5249/9/6 5246/9/6
f 5243/9/5 5247/9/5 5248/9/5 4943/9/5
f 5247/9/3 5246/9/3 5250/9/3 5251/9/3
f 5248/9/4 4949/9/4 5252/9/4 5249/9/4
f 5247/9/5 5251/9/5 4949/9/5 5248/9/5
f 5251/9/3 5250/9/3 5213/9/3 5212/9/3
f 4949/9/4 4945/9/4 5253/9/4 5252/9/4
f 5251/9/5 5212/9/5 4945/9/5 4949/9/5
f 4888/9/2 5211/9/2 5254/9/2 5255/9/2
f 4945/9/4 5255/9/4 5254/9/4 5253/9/4
f 5213/9/6 5253/9/6 5254/9/6 5211/9/6
f 5212/9/5 4888/9/5 5255/9/5 4945/9/5
f 5226/2/2 5227/2/2 5256/2/2 5257/2/2
f 4906/2/1 4907/2/1 5258/2/1 5219/2/1
f 4906/2/3 5219/2/3 5227/2/3 5226/2/3
f 5219/2/6 5258/2/6 5256/2/6 5227/2/6
f 4906/2/5 5226/2/5 5257/2/5 4907/2/5
f 4918/2/2 5259/2/2 5260/2/2 4917/2/2
f 5224/2/1 5261/2/1 5262/2/1 5223/2/1
f 5224/2/3 5223/2/3 5259/2/3 4918/2/3
f 5261/2/4 4917/2/4 5260/2/4 5262/2/4
f 5224/2/5 4918/2/5 4917/2/5 5261/2/5
f 4896/2/2 5232/2/2 5263/2/2 5264/2/2
f 4899/2/1 4913/2/1 5265/2/1 5266/2/1
f 4899/2/3 5266/2/3 5232/2/3 4896/2/3
f 4913/2/4 5264/2/4 5263/2/4 5265/2/4
f 5266/2/6 5265/2/6 5263/2/6 5232/2/6
f 4899/2/5 4896/2/5 5264/2/5 4913/2/5
f 4901/6/2 5236/6/2 5267/6/2 5268/6/2
f 4926/6/1 4927/6/1 5269/6/1 5234/6/1
f 4927/6/4 5268/6/4 5267/6/4 5269/6/4
f 5234/6/6 5269/6/6 5267/6/6 5236/6/6
f 4926/6/5 4901/6/5 5268/6/5 4927/6/5
f 4907/2/1 4950/2/1 5270/2/1 5258/2/1
f 5258/2/6 5270/2/6 5271/2/6 5256/2/6
f 4907/2/5 5257/2/5 5272/2/5 4950/2/5
f 5261/2/2 5262/2/2 5273/2/2 5274/2/2
f 5257/2/3 5256/2/3 5262/2/3 5261/2/3
f 5272/2/4 5274/2/4 5273/2/4 5271/2/4
f 5257/2/5 5261/2/5 5274/2/5 5272/2/5
f 4913/2/2 5265/2/2 5275/2/2 5276/2/2
f 4917/2/1 5277/2/1 5278/2/1 5260/2/1
f 4917/2/3 5260/2/3 5265/2/3 4913/2/3
f 5277/2/4 5276/2/4 5275/2/4 5278/2/4
f 5260/2/6 5278/2/6 5275/2/6 5265/2/6
f 4917/2/5 4913/2/5 5276/2/5 5277/2/5
f 4953/5/1 5279/5/1 5280/5/1 5281/5/1
f 4953/5/3 5281/5/3 5270/5/3 4950/5/3
f 5281/5/6 5280/5/6 5282/5/6 5270/5/6
f 4953/5/5 4950/5/5 5283/5/5 5279/5/5
f 5272/5/2 5271/5/2 5284/5/2 5285/5/2
f 5283/5/4 5285/5/4 5284/5/4 5282/5/4
f 5270/5/6 5282/5/6 5284/5/6 5271/5/6
f 4950/5/5 5272/5/5 5285/5/5 5283/5/5
f 5283/5/2 5282/5/2 5286/5/2 5287/5/2
f 5279/5/1 5288/5/1 5289/5/1 5280/5/1
f 5288/5/4 5287/5/4 5286/5/4 5289/5/4
f 5280/5/6 5289/5/6 5286/5/6 5282/5/6
f 5279/5/5 5283/5/5 5287/5/5 5288/5/5
f 4955/1/2 5290/1/2 5291/1/2 4961/1/2
f 4956/1/1 4960/1/1 5292/1/1 5293/1/1
f 4956/1/3 5293/1/3 5290/1/3 4955/1/3
f 4960/1/4 4961/1/4 5291/1/4 5292/1/4
f 5293/1/6 5292/1/6 5291/1/6 5290/1/6
f 4967/5/2 5294/5/2 5295/5/2 4998/5/2
f 4968/5/1 4995/5/1 5296/5/1 5297/5/1
f 4968/5/3 5297/5/3 5294/5/3 4967/5/3
f 5297/5/6 5296/5/6 5295/5/6 5294/5/6
f 5003/7/1 5004/7/1 5298/7/1 5299/7/1
f 5003/7/3 5299/7/3 5300/7/3 4970/7/3
f 5004/7/4 5301/7/4 5302/7/4 5298/7/4
f 5299/7/6 5298/7/6 5302/7/6 5300/7/6
f 5003/7/5 4970/7/5 5301/7/5 5004/7/5
f 4970/9/3 5300/9/3 5303/9/3 4973/9/3
f 5301/9/4 5304/9/4 5305/9/4 5302/9/4
f 5300/9/6 5302/9/6 5305/9/6 5303/9/6
f 4970/9/5 4973/9/5 5304/9/5 5301/9/5
f 4977/9/2 5306/9/2 5307/9/2 5021/9/2
f 4973/9/3 5303/9/3 5306/9/3 4977/9/3
f 5304/9/4 5021/9/4 5307/9/4 5305/9/4
f 5303/9/6 5305/9/6 5307/9/6 5306/9/6
f 4973/9/5 4977/9/5 5021/9/5 5304/9/5
f 4993/2/1 5007/2/1 5308/2/1 5309/2/1
f 4993/2/3 5309/2/3 5296/2/3 4995/2/3
f 5309/2/6 5308/2/6 5310/2/6 5296/2/6
f 4997/1/2 5311/1/2 5312/1/2 5010/1/2
f 4998/1/3 5295/1/3 5311/1/3 4997/1/3
f 5295/1/6 5313/1/6 5312/1/6 5311/1/6
f 5314/8/1 5315/8/1 5316/8/1 5317/8/1
f 5314/8/3 5317/8/3 5318/8/3 4999/8/3
f 5315/8/4 5319/8/4 5320/8/4 5316/8/4
f 5317/8/6 5316/8/6 5320/8/6 5318/8/6
f 5314/8/5 4999/8/5 5319/8/5 5315/8/5
f 5002/11/2 5321/11/2 5322/11/2 5323/11/2
f 4999/11/3 5318/11/3 5321/11/3 5002/11/3
f 5319/11/4 5323/11/4 5322/11/4 5320/11/4
f 5318/11/6 5320/11/6 5322/11/6 5321/11/6
f 4999/11/5 5002/11/5 5323/11/5 5319/11/5
f 5027/7/2 5324/7/2 5325/7/2 5030/7/2
f 5024/7/1 5026/7/1 5326/7/1 5327/7/1
f 5024/7/3 5327/7/3 5324/7/3 5027/7/3
f 5327/7/6 5326/7/6 5325/7/6 5324/7/6
f 5005/6/1 5038/6/1 5328/6/1 5329/6/1
f 5005/6/3 5329/6/3 5308/6/3 5007/6/3
f 5329/6/6 5328/6/6 5330/6/6 5308/6/6
f 5009/1/2 5331/1/2 5332/1/2 5040/1/2
f 5010/1/3 5312/1/3 5331/1/3 5009/1/3
f 5312/1/6 5333/1/6 5332/1/6 5331/1/6
f 5315/8/2 5316/8/2 5334/8/2 5053/8/2
f 5041/8/1 5042/8/1 5335/8/1 5336/8/1
f 5041/8/3 5336/8/3 5316/8/3 5315/8/3
f 5042/8/4 5053/8/4 5334/8/4 5335/8/4
f 5336/8/6 5335/8/6 5334/8/6 5316/8/6
f 5041/8/5 5315/8/5 5053/8/5 5042/8/5
f 5020/8/2 5337/8/2 5338/8/2 5045/8/2
f 5339/8/1 5340/8/1 5341/8/1 5342/8/1
f 5339/8/3 5342/8/3 5337/8/3 5020/8/3
f 5340/8/4 5045/8/4 5338/8/4 5341/8/4
f 5342/8/6 5341/8/6 5338/8/6 5337/8/6
f 5339/8/5 5020/8/5 5045/8/5 5340/8/5
f 5026/8/1 5060/8/1 5343/8/1 5326/8/1
f 5026/8/5 5030/8/5 5063/8/5 5060/8/5
f 5033/7/2 5344/7/2 5345/7/2 5346/7/2
f 5030/7/3 5325/7/3 5344/7/3 5033/7/3
f 5325/7/6 5347/7/6 5345/7/6 5344/7/6
f 5030/7/5 5033/7/5 5346/7/5 5063/7/5
f 5036/5/1 5048/5/1 5348/5/1 5349/5/1
f 5036/5/3 5349/5/3 5328/5/3 5038/5/3
f 5048/5/4 5067/5/4 5350/5/4 5348/5/4
f 5349/5/6 5348/5/6 5350/5/6 5328/5/6
f 5039/2/2 5351/2/2 5352/2/2 5051/2/2
f 5040/2/3 5332/2/3 5351/2/3 5039/2/3
f 5332/2/6 5353/2/6 5352/2/6 5351/2/6
f 5042/10/2 5335/10/2 5354/10/2 5052/10/2
f 5043/10/1 5355/10/1 5356/10/1 5357/10/1
f 5043/10/3 5357/10/3 5335/10/3 5042/10/3
f 5357/10/6 5356/10/6 5354/10/6 5335/10/6
f 5043/10/5 5042/10/5 5052/10/5 5355/10/5
f 5044/7/2 5358/7/2 5359/7/2 5059/7/2
f 5045/7/1 5360/7/1 5361/7/1 5338/7/1
f 5045/7/3 5338/7/3 5358/7/3 5044/7/3
f 5360/7/4 5059/7/4 5359/7/4 5361/7/4
f 5338/7/6 5361/7/6 5359/7/6 5358/7/6
f 5045/7/5 5044/7/5 5059/7/5 5360/7/5
f 5060/8/1 5062/8/1 5362/8/1 5343/8/1
f 5062/8/4 5064/8/4 5363/8/4 5362/8/4
f 5346/8/2 5345/8/2 5364/8/2 5076/8/2
f 5064/8/4 5076/8/4 5364/8/4 5363/8/4
f 5063/8/5 5346/8/5 5076/8/5 5064/8/5
f 5067/2/1 5066/2/1 5365/2/1 5350/2/1
f 5350/2/6 5365/2/6 5366/2/6 5367/2/6
f 5051/5/2 5352/5/2 5368/5/2 5069/5/2
f 5353/5/6 5369/5/6 5368/5/6 5352/5/6
f 5052/9/2 5354/9/2 5370/9/2 5371/9/2
f 5355/9/1 5372/9/1 5373/9/1 5356/9/1
f 5356/9/6 5373/9/6 5370/9/6 5354/9/6
f 5355/9/5 5052/9/5 5371/9/5 5372/9/5
f 5074/8/1 5075/8/1 5374/8/1 5375/8/1
f 5074/8/3 5375/8/3 5376/8/3 5377/8/3
f 5075/8/4 5086/8/4 5378/8/4 5374/8/4
f 5375/8/6 5374/8/6 5378/8/6 5376/8/6
f 5074/8/5 5377/8/5 5086/8/5 5075/8/5
f 5379/8/2 5380/8/2 5381/8/2 5087/8/2
f 5377/8/3 5376/8/3 5380/8/3 5379/8/3
f 5086/8/4 5087/8/4 5381/8/4 5378/8/4
f 5376/8/6 5378/8/6 5381/8/6 5380/8/6
f 5377/8/5 5379/8/5 5087/8/5 5086/8/5
f 5062/7/2 5362/7/2 5382/7/2 5383/7/2
f 5059/7/1 5384/7/1 5385/7/1 5359/7/1
f 5059/7/3 5359/7/3 5362/7/3 5062/7/3
f 5359/7/6 5385/7/6 5382/7/6 5362/7/6
f 5059/7/5 5062/7/5 5383/7/5 5384/7/5
f 5386/8/2 5387/8/2 5388/8/2 5095/8/2
f 5076/8/1 5077/8/1 5389/8/1 5364/8/1
f 5076/8/3 5364/8/3 5387/8/3 5386/8/3
f 5076/8/5 5386/8/5 5095/8/5 5077/8/5
f 5066/4/1 5082/4/1 5390/4/1 5365/4/1
f 5365/4/6 5390/4/6 5391/4/6 5366/4/6
f 5069/2/2 5368/2/2 5392/2/2 5084/2/2
f 5369/2/6 5393/2/6 5392/2/6 5368/2/6
f 5371/8/2 5370/8/2 5394/8/2 5395/8/2
f 5372/8/1 5396/8/1 5397/8/1 5373/8/1
f 5372/8/5 5371/8/5 5395/8/5 5396/8/5
f 5092/8/1 5093/8/1 5398/8/1 5399/8/1
f 5092/8/3 5399/8/3 5385/8/3 5384/8/3
f 5093/8/4 5400/8/4 5401/8/4 5398/8/4
f 5399/8/6 5398/8/6 5401/8/6 5385/8/6
f 5092/8/5 5384/8/5 5400/8/5 5093/8/5
f 5385/8/6 5401/8/6 5402/8/6 5382/8/6
f 5384/8/5 5383/8/5 5403/8/5 5400/8/5
f 5080/8/2 5404/8/2 5405/8/2 5113/8/2
f 5383/8/3 5382/8/3 5404/8/3 5080/8/3
f 5403/8/4 5113/8/4 5405/8/4 5402/8/4
f 5383/8/5 5080/8/5 5113/8/5 5403/8/5
f 5095/8/2 5388/8/2 5406/8/2 5096/8/2
f 5077/8/1 5098/8/1 5407/8/1 5389/8/1
f 5098/8/4 5096/8/4 5406/8/4 5407/8/4
f 5389/8/6 5407/8/6 5406/8/6 5388/8/6
f 5082/4/1 5100/4/1 5408/4/1 5390/4/1
f 5390/4/6 5408/4/6 5409/4/6 5391/4/6
f 5084/5/2 5392/5/2 5410/5/2 5102/5/2
f 5393/5/6 5411/5/6 5410/5/6 5392/5/6
f 5395/8/2 5394/8/2 5412/8/2 5413/8/2
f 5396/8/1 5414/8/1 5415/8/1 5397/8/1
f 5397/8/6 5415/8/6 5412/8/6 5394/8/6
f 5396/8/5 5395/8/5 5413/8/5 5414/8/5
f 5108/7/1 5109/7/1 5416/7/1 5417/7/1
f 5108/7/3 5417/7/3 5418/7/3 5085/7/3
f 5109/7/4 5419/7/4 5420/7/4 5416/7/4
f 5417/7/6 5416/7/6 5420/7/6 5418/7/6
f 5108/7/5 5085/7/5 5419/7/5 5109/7/5
f 5090/8/2 5421/8/2 5422/8/2 5423/8/2
f 5085/8/3 5418/8/3 5421/8/3 5090/8/3
f 5419/8/4 5423/8/4 5422/8/4 5420/8/4
f 5418/8/6 5420/8/6 5422/8/6 5421/8/6
f 5085/8/5 5090/8/5 5423/8/5 5419/8/5
f 5403/8/2 5402/8/2 5424/8/2 5121/8/2
f 5400/8/1 5120/8/1 5425/8/1 5401/8/1
f 5120/8/4 5121/8/4 5424/8/4 5425/8/4
f 5401/8/6 5425/8/6 5424/8/6 5402/8/6
f 5400/8/5 5403/8/5 5121/8/5 5120/8/5
f 5100/6/1 5115/6/1 5426/6/1 5408/6/1
f 5408/6/6 5426/6/6 5427/6/6 5409/6/6
f 5102/2/2 5410/2/2 5428/2/2 5117/2/2
f 5143/2/4 5117/2/4 5428/2/4 5429/2/4
f 5411/2/6 5429/2/6 5428/2/6 5410/2/6
f 5413/8/2 5412/8/2 5430/8/2 5144/8/2
f 5414/8/1 5147/8/1 5431/8/1 5415/8/1
f 5147/8/4 5144/8/4 5430/8/4 5431/8/4
f 5415/8/6 5431/8/6 5430/8/6 5412/8/6
f 5414/8/5 5413/8/5 5144/8/5 5147/8/5
f 5120/10/2 5425/10/2 5432/10/2 5119/10/2
f 5433/10/1 5150/10/1 5434/10/1 5435/10/1
f 5433/10/3 5435/10/3 5425/10/3 5120/10/3
f 5150/10/4 5119/10/4 5432/10/4 5434/10/4
f 5435/10/6 5434/10/6 5432/10/6 5425/10/6
f 5433/10/5 5120/10/5 5119/10/5 5150/10/5
f 5115/2/1 5140/2/1 5436/2/1 5426/2/1
f 5426/2/6 5436/2/6 5437/2/6 5427/2/6
f 5143/1/2 5429/1/2 5438/1/2 5142/1/2
f 5154/1/4 5142/1/4 5438/1/4 5439/1/4
f 5440/1/6 5439/1/6 5438/1/6 5429/1/6
f 5116/2/2 5441/2/2 5442/2/2 5155/2/2
f 5117/2/1 5141/2/1 5443/2/1 5428/2/1
f 5117/2/3 5428/2/3 5441/2/3 5116/2/3
f 5141/2/4 5155/2/4 5442/2/4 5443/2/4
f 5428/2/6 5443/2/6 5442/2/6 5441/2/6
f 5117/2/5 5116/2/5 5155/2/5 5141/2/5
f 5124/8/1 5444/8/1 5445/8/1 5446/8/1
f 5124/8/3 5446/8/3 5447/8/3 5448/8/3
f 5444/8/4 5449/8/4 5450/8/4 5445/8/4
f 5446/8/6 5445/8/6 5450/8/6 5447/8/6
f 5124/8/5 5448/8/5 5449/8/5 5444/8/5
f 5127/7/2 5451/7/2 5452/7/2 5453/7/2
f 5448/7/3 5447/7/3 5451/7/3 5127/7/3
f 5449/7/4 5453/7/4 5452/7/4 5450/7/4
f 5447/7/6 5450/7/6 5452/7/6 5451/7/6
f 5448/7/5 5127/7/5 5453/7/5 5449/7/5
f 5131/4/2 5454/4/2 5455/4/2 5163/4/2
f 5135/4/1 5169/4/1 5456/4/1 5457/4/1
f 5135/4/3 5457/4/3 5454/4/3 5131/4/3
f 5169/4/4 5163/4/4 5455/4/4 5456/4/4
f 5457/4/6 5456/4/6 5455/4/6 5454/4/6
f 5135/4/5 5131/4/5 5163/4/5 5169/4/5
f 5137/5/2 5458/5/2 5459/5/2 5178/5/2
f 5460/5/1 5461/5/1 5462/5/1 5463/5/1
f 5460/5/3 5463/5/3 5458/5/3 5137/5/3
f 5461/5/4 5178/5/4 5459/5/4 5462/5/4
f 5463/5/6 5462/5/6 5459/5/6 5458/5/6
f 5460/5/5 5137/5/5 5178/5/5 5461/5/5
f 5139/6/1 5151/6/1 5464/6/1 5465/6/1
f 5139/6/3 5465/6/3 5436/6/3 5140/6/3
f 5465/6/6 5464/6/6 5466/6/6 5436/6/6
f 5154/4/2 5439/4/2 5467/4/2 5153/4/2
f 5182/4/4 5153/4/4 5467/4/4 5468/4/4
f 5469/4/6 5468/4/6 5467/4/6 5439/4/6
f 5148/10/1 5192/10/1 5470/10/1 5471/10/1
f 5148/10/3 5471/10/3 5472/10/3 5473/10/3
f 5192/10/4 5474/10/4 5475/10/4 5470/10/4
f 5471/10/6 5470/10/6 5475/10/6 5472/10/6
f 5148/10/5 5473/10/5 5474/10/5 5192/10/5
f 5444/8/2 5445/8/2 5476/8/2 5477/8/2
f 5473/8/3 5472/8/3 5445/8/3 5444/8/3
f 5474/8/4 5477/8/4 5476/8/4 5475/8/4
f 5472/8/6 5475/8/6 5476/8/6 5445/8/6
f 5473/8/5 5444/8/5 5477/8/5 5474/8/5
f 5478/4/2 5479/4/2 5480/4/2 5481/4/2
f 5163/4/1 5164/4/1 5482/4/1 5455/4/1
f 5163/4/3 5455/4/3 5479/4/3 5478/4/3
f 5455/4/6 5482/4/6 5480/4/6 5479/4/6
f 5163/4/5 5478/4/5 5481/4/5 5164/4/5
f 5178/2/1 5177/2/1 5483/2/1 5459/2/1
f 5178/2/3 5459/2/3 5464/2/3 5151/2/3
f 5182/5/2 5468/5/2 5484/5/2 5181/5/2
f 5204/5/4 5181/5/4 5484/5/4 5485/5/4
f 5486/5/6 5485/5/6 5484/5/6 5468/5/6
f 5161/8/1 5183/8/1 5487/8/1 5488/8/1
f 5161/8/3 5488/8/3 5489/8/3 5159/8/3
f 5183/8/4 5490/8/4 5491/8/4 5487/8/4
f 5488/8/6 5487/8/6 5491/8/6 5489/8/6
f 5161/8/5 5159/8/5 5490/8/5 5183/8/5
f 5159/7/3 5489/7/3 5492/7/3 5493/7/3
f 5490/7/4 5494/7/4 5495/7/4 5491/7/4
f 5489/7/6 5491/7/6 5495/7/6 5492/7/6
f 5159/7/5 5493/7/5 5494/7/5 5490/7/5
f 5496/8/2 5497/8/2 5498/8/2 5499/8/2
f 5493/8/3 5492/8/3 5497/8/3 5496/8/3
f 5494/8/4 5499/8/4 5498/8/4 5495/8/4
f 5492/8/6 5495/8/6 5498/8/6 5497/8/6
f 5493/8/5 5496/8/5 5499/8/5 5494/8/5
f 5189/8/2 5500/8/2 5501/8/2 5188/8/2
f 5502/8/1 5214/8/1 5503/8/1 5504/8/1
f 5502/8/3 5504/8/3 5500/8/3 5189/8/3
f 5504/8/6 5503/8/6 5501/8/6 5500/8/6
f 5502/8/5 5189/8/5 5188/8/5 5214/8/5
f 5481/2/2 5480/2/2 5505/2/2 5228/2/2
f 5164/2/1 5195/2/1 5506/2/1 5482/2/1
f 5482/2/6 5506/2/6 5505/2/6 5480/2/6
f 5164/2/5 5481/2/5 5228/2/5 5195/2/5
f 5171/5/2 5507/5/2 5508/5/2 5509/5/2
f 5174/5/1 5510/5/1 5511/5/1 5512/5/1
f 5174/5/3 5512/5/3 5507/5/3 5171/5/3
f 5510/5/4 5509/5/4 5508/5/4 5511/5/4
f 5512/5/6 5511/5/6 5508/5/6 5507/5/6
f 5174/5/5 5171/5/5 5509/5/5 5510/5/5
f 5513/1/1 5233/1/1 5514/1/1 5515/1/1
f 5513/1/3 5515/1/3 5483/1/3 5177/1/3
f 5233/1/4 5230/1/4 5516/1/4 5514/1/4
f 5513/1/5 5177/1/5 5230/1/5 5233/1/5
f 5230/2/4 5200/2/4 5517/2/4 5516/2/4
f 5177/2/5 5179/2/5 5200/2/5 5230/2/5
f 5204/2/2 5485/2/2 5518/2/2 5203/2/2
f 5237/2/4 5203/2/4 5518/2/4 5519/2/4
f 5520/2/6 5519/2/6 5518/2/6 5485/2/6
f 5521/6/2 5522/6/2 5523/6/2 5242/6/2
f 5524/6/1 5525/6/1 5526/6/1 5527/6/1
f 5524/6/3 5527/6/3 5522/6/3 5521/6/3
f 5527/6/6 5526/6/6 5523/6/6 5522/6/6
f 5524/6/5 5521/6/5 5242/6/5 5525/6/5
f 5183/8/2 5487/8/2 5528/8/2 5529/8/2
f 5186/8/1 5205/8/1 5530/8/1 5531/8/1
f 5186/8/3 5531/8/3 5487/8/3 5183/8/3
f 5205/8/4 5529/8/4 5528/8/4 5530/8/4
f 5531/8/6 5530/8/6 5528/8/6 5487/8/6
f 5186/8/5 5183/8/5 5529/8/5 5205/8/5
f 5499/8/1 5246/8/1 5532/8/1 5498/8/1
f 5499/8/3 5498/8/3 5533/8/3 5534/8/3
f 5499/8/5 5534/8/5 5250/8/5 5246/8/5
f 5534/7/3 5533/7/3 5503/7/3 5214/7/3
f 5534/7/5 5214/7/5 5213/7/5 5250/7/5
f 5213/8/4 5211/8/4 5535/8/4 5536/8/4
f 5503/8/6 5536/8/6 5535/8/6 5501/8/6
f 5191/8/2 5537/8/2 5538/8/2 5539/8/2
f 5188/8/3 5501/8/3 5537/8/3 5191/8/3
f 5211/8/4 5539/8/4 5538/8/4 5535/8/4
f 5501/8/6 5535/8/6 5538/8/6 5537/8/6
f 5188/8/5 5191/8/5 5539/8/5 5211/8/5
f 5228/1/2 5505/1/2 5540/1/2 5227/1/2
f 5195/1/1 5219/1/1 5541/1/1 5506/1/1
f 5219/1/4 5227/1/4 5540/1/4 5541/1/4
f 5506/1/6 5541/1/6 5540/1/6 5505/1/6
f 5195/1/5 5228/1/5 5227/1/5 5219/1/5
f 5510/4/2 5511/4/2 5542/4/2 5259/4/2
f 5222/4/1 5223/4/1 5543/4/1 5544/4/1
f 5222/4/3 5544/4/3 5511/4/3 5510/4/3
f 5544/4/6 5543/4/6 5542/4/6 5511/4/6
f 5222/4/5 5510/4/5 5259/4/5 5223/4/5
f 5233/2/2 5514/2/2 5545/2/2 5232/2/2
f 5509/2/1 5266/2/1 5546/2/1 5508/2/1
f 5509/2/3 5508/2/3 5514/2/3 5233/2/3
f 5266/2/4 5232/2/4 5545/2/4 5546/2/4
f 5509/2/5 5233/2/5 5232/2/5 5266/2/5
f 5200/2/1 5547/2/1 5548/2/1 5517/2/1
f 5200/2/5 5201/2/5 5234/2/5 5547/2/5
f 5237/5/2 5519/5/2 5549/5/2 5236/5/2
f 5234/5/4 5236/5/4 5549/5/4 5550/5/4
f 5551/5/6 5550/5/6 5549/5/6 5519/5/6
f 5242/1/2 5523/1/2 5552/1/2 5241/1/2
f 5525/1/1 5553/1/1 5554/1/1 5526/1/1
f 5553/1/4 5241/1/4 5552/1/4 5554/1/4
f 5526/1/6 5554/1/6 5552/1/6 5523/1/6
f 5525/1/5 5242/1/5 5241/1/5 5553/1/5
f 5529/9/1 5555/9/1 5556/9/1 5528/9/1
f 5529/9/3 5528/9/3 5557/9/3 5558/9/3
f 5555/9/4 5559/9/4 5560/9/4 5556/9/4
f 5528/9/6 5556/9/6 5560/9/6 5557/9/6
f 5529/9/5 5558/9/5 5559/9/5 5555/9/5
f 5245/7/2 5561/7/2 5562/7/2 5244/7/2
f 5558/7/3 5557/7/3 5561/7/3 5245/7/3
f 5559/7/4 5244/7/4 5562/7/4 5560/7/4
f 5558/7/5 5245/7/5 5244/7/5 5559/7/5
f 5246/8/1 5249/8/1 5563/8/1 5532/8/1
f 5249/8/4 5252/8/4 5564/8/4 5563/8/4
f 5213/9/2 5536/9/2 5565/9/2 5253/9/2
f 5252/9/4 5253/9/4 5565/9/4 5564/9/4
f 5566/9/6 5564/9/6 5565/9/6 5536/9/6
f 5227/5/1 5256/5/1 5567/5/1 5540/5/1
f 5227/5/3 5540/5/3 5543/5/3 5223/5/3
f 5227/5/5 5223/5/5 5262/5/5 5256/5/5
f 5262/2/4 5260/2/4 5568/2/4 5569/2/4
f 5543/2/6 5569/2/6 5568/2/6 5542/2/6
f 5266/2/2 5546/2/2 5570/2/2 5265/2/2
f 5259/2/3 5542/2/3 5546/2/3 5266/2/3
f 5260/2/4 5265/2/4 5570/2/4 5568/2/4
f 5259/2/5 5266/2/5 5265/2/5 5260/2/5
f 5231/2/1 5571/2/1 5572/2/1 5573/2/1
f 5231/2/3 5573/2/3 5548/2/3 5547/2/3
f 5571/2/4 5574/2/4 5575/2/4 5572/2/4
f 5231/2/5 5547/2/5 5574/2/5 5571/2/5
f 5234/5/2 5550/5/2 5576/5/2 5269/5/2
f 5574/5/4 5269/5/4 5576/5/4 5575/5/4
f 5547/5/5 5234/5/5 5269/5/5 5574/5/5
f 5258/2/2 5577/2/2 5578/2/2 5270/2/2
f 5579/2/1 5281/2/1 5580/2/1 5581/2/1
f 5579/2/3 5581/2/3 5577/2/3 5258/2/3
f 5281/2/4 5270/2/4 5578/2/4 5580/2/4
f 5581/2/6 5580/2/6 5578/2/6 5577/2/6
f 5579/2/5 5258/2/5 5270/2/5 5281/2/5
f 5262/2/2 5569/2/2 5582/2/2 5273/2/2
f 5256/2/1 5271/2/1 5583/2/1 5567/2/1
f 5567/2/6 5583/2/6 5582/2/6 5569/2/6
f 5265/1/1 5275/1/1 5584/1/1 5570/1/1
f 5265/1/3 5570/1/3 5585/1/3 5263/1/3
f 5275/1/4 5586/1/4 5587/1/4 5584/1/4
f 5570/1/6 5584/1/6 5587/1/6 5585/1/6
f 5265/1/5 5263/1/5 5586/1/5 5275/1/5
f 5571/5/2 5572/5/2 5588/5/2 5589/5/2
f 5263/5/3 5585/5/3 5572/5/3 5571/5/3
f 5586/5/4 5589/5/4 5588/5/4 5587/5/4
f 5585/5/6 5587/5/6 5588/5/6 5572/5/6
f 5263/5/5 5571/5/5 5589/5/5 5586/5/5
f 5271/5/1 5284/5/1 5590/5/1 5583/5/1
f 5284/5/4 5591/5/4 5592/5/4 5590/5/4
f 5583/5/6 5590/5/6 5592/5/6 5582/5/6
f 5271/5/5 5273/5/5 5591/5/5 5284/5/5
f 5273/5/3 5582/5/3 5593/5/3 5278/5/3
f 5591/5/4 5594/5/4 5595/5/4 5592/5/4
f 5582/5/6 5592/5/6 5595/5/6 5593/5/6
f 5273/5/5 5278/5/5 5594/5/5 5591/5/5
f 5275/4/2 5584/4/2 5596/4/2 5597/4/2
f 5278/4/3 5593/4/3 5584/4/3 5275/4/3
f 5594/4/4 5597/4/4 5596/4/4 5595/4/4
f 5593/4/6 5595/4/6 5596/4/6 5584/4/6
f 5278/4/5 5275/4/5 5597/4/5 5594/4/5
f 5284/4/2 5590/4/2 5598/4/2 5599/4/2
f 5282/4/1 5286/4/1 5600/4/1 5601/4/1
f 5282/4/3 5601/4/3 5590/4/3 5284/4/3
f 5286/4/4 5599/4/4 5598/4/4 5600/4/4
f 5601/4/6 5600/4/6 5598/4/6 5590/4/6
f 5282/4/5 5284/4/5 5599/4/5 5286/4/5
f 5286/4/2 5600/4/2 5602/4/2 5603/4/2
f 5289/4/1 5604/4/1 5605/4/1 5606/4/1
f 5289/4/3 5606/4/3 5600/4/3 5286/4/3
f 5604/4/4 5603/4/4 5602/4/4 5605/4/4
f 5606/4/6 5605/4/6 5602/4/6 5600/4/6
f 5289/4/5 5286/4/5 5603/4/5 5604/4/5
f 5295/4/2 5607/4/2 5608/4/2 5313/4/2
f 5296/4/1 5310/4/1 5609/4/1 5610/4/1
f 5296/4/3 5610/4/3 5607/4/3 5295/4/3
f 5610/4/6 5609/4/6 5608/4/6 5607/4/6
f 5298/8/1 5611/8/1 5612/8/1 5613/8/1
f 5298/8/3 5613/8/3 5614/8/3 5302/8/3
f 5611/8/4 5615/8/4 5616/8/4 5612/8/4
f 5613/8/6 5612/8/6 5616/8/6 5614/8/6
f 5298/8/5 5302/8/5 5615/8/5 5611/8/5
f 5305/8/2 5617/8/2 5618/8/2 5342/8/2
f 5302/8/3 5614/8/3 5617/8/3 5305/8/3
f 5615/8/4 5342/8/4 5618/8/4 5616/8/4
f 5614/8/6 5616/8/6 5618/8/6 5617/8/6
f 5302/8/5 5305/8/5 5342/8/5 5615/8/5
f 5308/6/1 5330/6/1 5619/6/1 5620/6/1
f 5308/6/3 5620/6/3 5609/6/3 5310/6/3
f 5312/5/2 5621/5/2 5622/5/2 5333/5/2
f 5313/5/3 5608/5/3 5621/5/3 5312/5/3
f 5608/5/6 5623/5/6 5622/5/6 5621/5/6
f 5316/8/1 5334/8/1 5624/8/1 5625/8/1
f 5316/8/3 5625/8/3 5626/8/3 5320/8/3
f 5334/8/4 5627/8/4 5628/8/4 5624/8/4
f 5625/8/6 5624/8/6 5628/8/6 5626/8/6
f 5316/8/5 5320/8/5 5627/8/5 5334/8/5
f 5322/11/2 5629/11/2 5630/11/2 5631/11/2
f 5320/11/3 5626/11/3 5629/11/3 5322/11/3
f 5627/11/4 5631/11/4 5630/11/4 5628/11/4
f 5626/11/6 5628/11/6 5630/11/6 5629/11/6
f 5320/11/5 5322/11/5 5631/11/5 5627/11/5
f 5325/11/2 5632/11/2 5633/11/2 5347/11/2
f 5326/11/1 5343/11/1 5634/11/1 5635/11/1
f 5326/11/3 5635/11/3 5632/11/3 5325/11/3
f 5635/11/6 5634/11/6 5633/11/6 5632/11/6
f 5328/4/1 5350/4/1 5636/4/1 5637/4/1
f 5328/4/3 5637/4/3 5619/4/3 5330/4/3
f 5350/4/4 5367/4/4 5638/4/4 5636/4/4
f 5332/5/2 5639/5/2 5640/5/2 5353/5/2
f 5333/5/3 5622/5/3 5639/5/3 5332/5/3
f 5622/5/6 5641/5/6 5640/5/6 5639/5/6
f 5343/8/1 5362/8/1 5642/8/1 5634/8/1
f 5345/10/2 5643/10/2 5644/10/2 5364/10/2
f 5347/10/3 5633/10/3 5643/10/3 5345/10/3
f 5633/10/6 5645/10/6 5644/10/6 5643/10/6
f 5367/2/1 5366/2/1 5646/2/1 5638/2/1
f 5353/2/2 5640/2/2 5647/2/2 5369/2/2
f 5641/2/6 5648/2/6 5647/2/6 5640/2/6
f 5649/8/1 5650/8/1 5651/8/1 5652/8/1
f 5649/8/3 5652/8/3 5653/8/3 5654/8/3
f 5650/8/4 5655/8/4 5656/8/4 5651/8/4
f 5652/8/6 5651/8/6 5656/8/6 5653/8/6
f 5649/8/5 5654/8/5 5655/8/5 5650/8/5
f 5375/7/2 5657/7/2 5658/7/2 5374/7/2
f 5654/7/3 5653/7/3 5657/7/3 5375/7/3
f 5655/7/4 5374/7/4 5658/7/4 5656/7/4
f 5653/7/6 5656/7/6 5658/7/6 5657/7/6
f 5654/7/5 5375/7/5 5374/7/5 5655/7/5
f 5380/8/1 5381/8/1 5659/8/1 5660/8/1
f 5380/8/3 5660/8/3 5661/8/3 5361/8/3
f 5381/8/4 5399/8/4 5662/8/4 5659/8/4
f 5660/8/6 5659/8/6 5662/8/6 5661/8/6
f 5380/8/5 5361/8/5 5399/8/5 5381/8/5
f 5359/11/2 5663/11/2 5664/11/2 5385/11/2
f 5361/11/3 5661/11/3 5663/11/3 5359/11/3
f 5399/11/4 5385/11/4 5664/11/4 5662/11/4
f 5661/11/6 5662/11/6 5664/11/6 5663/11/6
f 5361/11/5 5359/11/5 5385/11/5 5399/11/5
f 5362/8/1 5382/8/1 5665/8/1 5642/8/1
f 5362/8/5 5363/8/5 5404/8/5 5382/8/5
f 5363/8/5 5364/8/5 5389/8/5 5404/8/5
f 5387/7/2 5666/7/2 5667/7/2 5388/7/2
f 5364/7/3 5644/7/3 5666/7/3 5387/7/3
f 5389/7/4 5388/7/4 5667/7/4 5668/7/4
f 5644/7/6 5668/7/6 5667/7/6 5666/7/6
f 5366/4/1 5391/4/1 5669/4/1 5646/4/1
f 5670/2/6 5671/2/6 5672/2/6 5673/2/6
f 5369/1/2 5647/1/2 5674/1/2 5393/1/2
f 5648/1/6 5675/1/6 5674/1/6 5647/1/6
f 5373/7/1 5397/7/1 5676/7/1 5677/7/1
f 5373/7/3 5677/7/3 5678/7/3 5370/7/3
f 5397/7/4 5394/7/4 5679/7/4 5676/7/4
f 5677/7/6 5676/7/6 5679/7/6 5678/7/6
f 5370/11/3 5678/11/3 5680/11/3 5681/11/3
f 5394/11/4 5682/11/4 5683/11/4 5679/11/4
f 5678/11/6 5679/11/6 5683/11/6 5680/11/6
f 5370/11/5 5681/11/5 5682/11/5 5394/11/5
f 5650/11/2 5651/11/2 5684/11/2 5685/11/2
f 5681/11/3 5680/11/3 5651/11/3 5650/11/3
f 5682/11/4 5685/11/4 5684/11/4 5683/11/4
f 5680/11/6 5683/11/6 5684/11/6 5651/11/6
f 5681/11/5 5650/11/5 5685/11/5 5682/11/5
f 5382/8/1 5402/8/1 5686/8/1 5665/8/1
f 5402/8/4 5405/8/4 5687/8/4 5686/8/4
f 5389/8/2 5668/8/2 5688/8/2 5407/8/2
f 5405/8/4 5407/8/4 5688/8/4 5687/8/4
f 5404/8/5 5389/8/5 5407/8/5 5405/8/5
f 5391/4/1 5409/4/1 5689/4/1 5669/4/1
f 5669/4/6 5689/4/6 5690/4/6 5671/4/6
f 5393/2/2 5674/2/2 5691/2/2 5411/2/2
f 5675/2/6 5692/2/6 5691/2/6 5674/2/6
f 5693/9/1 5694/9/1 5695/9/1 5696/9/1
f 5693/9/3 5696/9/3 5697/9/3 5698/9/3
f 5694/9/4 5699/9/4 5700/9/4 5695/9/4
f 5696/9/6 5695/9/6 5700/9/6 5697/9/6
f 5693/9/5 5698/9/5 5699/9/5 5694/9/5
f 5397/10/2 5676/10/2 5701/10/2 5415/10/2
f 5698/10/3 5697/10/3 5676/10/3 5397/10/3
f 5699/10/4 5415/10/4 5701/10/4 5700/10/4
f 5697/10/6 5700/10/6 5701/10/6 5676/10/6
f 5698/10/5 5397/10/5 5415/10/5 5699/10/5
f 5685/7/1 5702/7/1 5703/7/1 5684/7/1
f 5685/7/3 5684/7/3 5704/7/3 5705/7/3
f 5702/7/4 5706/7/4 5707/7/4 5703/7/4
f 5684/7/6 5703/7/6 5707/7/6 5704/7/6
f 5685/7/5 5705/7/5 5706/7/5 5702/7/5
f 5417/7/2 5708/7/2 5709/7/2 5416/7/2
f 5705/7/3 5704/7/3 5708/7/3 5417/7/3
f 5706/7/4 5416/7/4 5709/7/4 5707/7/4
f 5704/7/6 5707/7/6 5709/7/6 5708/7/6
f 5705/7/5 5417/7/5 5416/7/5 5706/7/5
f 5421/8/1 5422/8/1 5710/8/1 5711/8/1
f 5421/8/3 5711/8/3 5712/8/3 5398/8/3
f 5422/8/4 5435/8/4 5713/8/4 5710/8/4
f 5711/8/6 5710/8/6 5713/8/6 5712/8/6
f 5421/8/5 5398/8/5 5435/8/5 5422/8/5
f 5401/7/2 5714/7/2 5715/7/2 5425/7/2
f 5398/7/3 5712/7/3 5714/7/3 5401/7/3
f 5435/7/4 5425/7/4 5715/7/4 5713/7/4
f 5712/7/6 5713/7/6 5715/7/6 5714/7/6
f 5398/7/5 5401/7/5 5425/7/5 5435/7/5
f 5409/6/1 5427/6/1 5716/6/1 5689/6/1
f 5689/6/6 5716/6/6 5717/6/6 5690/6/6
f 5718/2/6 5719/2/6 5720/2/6 5692/2/6
f 5411/6/2 5691/6/2 5721/6/2 5429/6/2
f 5440/6/4 5429/6/4 5721/6/4 5720/6/4
f 5692/6/6 5720/6/6 5721/6/6 5691/6/6
f 5694/4/2 5695/4/2 5722/4/2 5441/4/2
f 5410/4/1 5428/4/1 5723/4/1 5724/4/1
f 5410/4/3 5724/4/3 5695/4/3 5694/4/3
f 5428/4/4 5441/4/4 5722/4/4 5723/4/4
f 5724/4/6 5723/4/6 5722/4/6 5695/4/6
f 5410/4/5 5694/4/5 5441/4/5 5428/4/5
f 5427/2/1 5437/2/1 5725/2/1 5716/2/1
f 5716/2/6 5725/2/6 5726/2/6 5717/2/6
f 5440/2/2 5720/2/2 5727/2/2 5439/2/2
f 5469/2/4 5439/2/4 5727/2/4 5728/2/4
f 5719/2/6 5728/2/6 5727/2/6 5720/2/6
f 5436/5/1 5466/5/1 5729/5/1 5730/5/1
f 5436/5/3 5730/5/3 5725/5/3 5437/5/3
f 5730/5/6 5729/5/6 5731/5/6 5725/5/6
f 5469/6/2 5728/6/2 5732/6/2 5468/6/2
f 5486/6/4 5468/6/4 5732/6/4 5733/6/4
f 5726/6/6 5733/6/6 5732/6/6 5728/6/6
f 5442/6/2 5734/6/2 5735/6/2 5736/6/2
f 5443/6/1 5737/6/1 5738/6/1 5739/6/1
f 5443/6/3 5739/6/3 5734/6/3 5442/6/3
f 5739/6/6 5738/6/6 5735/6/6 5734/6/6
f 5443/6/5 5442/6/5 5736/6/5 5737/6/5
f 5455/4/2 5740/4/2 5741/4/2 5482/4/2
f 5456/4/1 5742/4/1 5743/4/1 5744/4/1
f 5456/4/3 5744/4/3 5740/4/3 5455/4/3
f 5744/4/6 5743/4/6 5741/4/6 5740/4/6
f 5456/4/5 5455/4/5 5482/4/5 5742/4/5
f 5462/4/2 5745/4/2 5746/4/2 5515/4/2
f 5747/4/1 5507/4/1 5748/4/1 5749/4/1
f 5747/4/3 5749/4/3 5745/4/3 5462/4/3
f 5507/4/4 5515/4/4 5746/4/4 5748/4/4
f 5749/4/6 5748/4/6 5746/4/6 5745/4/6
f 5747/4/5 5462/4/5 5515/4/5 5507/4/5
f 5459/2/1 5483/2/1 5750/2/1 5751/2/1
f 5459/2/3 5751/2/3 5752/2/3 5464/2/3
f 5751/2/6 5750/2/6 5753/2/6 5752/2/6
f 5464/1/3 5752/1/3 5729/1/3 5466/1/3
f 5752/1/6 5753/1/6 5754/1/6 5729/1/6
f 5486/4/2 5733/4/2 5755/4/2 5485/4/2
f 5520/4/4 5485/4/4 5755/4/4 5756/4/4
f 5731/4/6 5756/4/6 5755/4/6 5733/4/6
f 5736/6/2 5735/6/2 5757/6/2 5522/6/2
f 5737/6/1 5527/6/1 5758/6/1 5738/6/1
f 5527/6/4 5522/6/4 5757/6/4 5758/6/4
f 5738/6/6 5758/6/6 5757/6/6 5735/6/6
f 5737/6/5 5736/6/5 5522/6/5 5527/6/5
f 5497/8/1 5498/8/1 5759/8/1 5760/8/1
f 5497/8/3 5760/8/3 5761/8/3 5762/8/3
f 5760/8/6 5759/8/6 5763/8/6 5761/8/6
f 5497/8/5 5762/8/5 5533/8/5 5498/8/5
f 5504/8/2 5764/8/2 5765/8/2 5503/8/2
f 5762/8/3 5761/8/3 5764/8/3 5504/8/3
f 5761/8/6 5763/8/6 5765/8/6 5764/8/6
f 5762/8/5 5504/8/5 5503/8/5 5533/8/5
f 5482/5/2 5741/5/2 5766/5/2 5506/5/2
f 5742/5/1 5767/5/1 5768/5/1 5743/5/1
f 5743/5/6 5768/5/6 5766/5/6 5741/5/6
f 5742/5/5 5482/5/5 5506/5/5 5767/5/5
f 5480/2/1 5505/2/1 5769/2/1 5770/2/1
f 5480/2/3 5770/2/3 5771/2/3 5772/2/3
f 5505/2/4 5544/2/4 5773/2/4 5769/2/4
f 5770/2/6 5769/2/6 5773/2/6 5771/2/6
f 5480/2/5 5772/2/5 5544/2/5 5505/2/5
f 5512/6/2 5774/6/2 5775/6/2 5511/6/2
f 5772/6/3 5771/6/3 5774/6/3 5512/6/3
f 5544/6/4 5511/6/4 5775/6/4 5773/6/4
f 5772/6/5 5512/6/5 5511/6/5 5544/6/5
f 5515/2/1 5514/2/1 5776/2/1 5746/2/1
f 5515/2/3 5746/2/3 5750/2/3 5483/2/3
f 5746/2/6 5776/2/6 5777/2/6 5750/2/6
f 5520/6/2 5756/6/2 5778/6/2 5519/6/2
f 5551/6/4 5519/6/4 5778/6/4 5779/6/4
f 5754/6/6 5779/6/6 5778/6/6 5756/6/6
f 5491/8/1 5557/8/1 5780/8/1 5781/8/1
f 5491/8/3 5781/8/3 5782/8/3 5495/8/3
f 5491/8/5 5495/8/5 5561/8/5 5557/8/5
f 5495/8/3 5782/8/3 5759/8/3 5498/8/3
f 5495/8/5 5498/8/5 5532/8/5 5561/8/5
f 5503/8/2 5765/8/2 5783/8/2 5536/8/2
f 5566/8/4 5536/8/4 5783/8/4 5784/8/4
f 5763/8/6 5784/8/6 5783/8/6 5765/8/6
f 5506/5/2 5766/5/2 5785/5/2 5541/5/2
f 5767/5/1 5786/5/1 5787/5/1 5768/5/1
f 5768/5/6 5787/5/6 5785/5/6 5766/5/6
f 5767/5/5 5506/5/5 5541/5/5 5786/5/5
f 5511/4/1 5542/4/1 5788/4/1 5775/4/1
f 5511/4/3 5775/4/3 5789/4/3 5508/4/3
f 5775/4/6 5788/4/6 5790/4/6 5789/4/6
f 5511/4/5 5508/4/5 5546/4/5 5542/4/5
f 5508/5/3 5789/5/3 5776/5/3 5514/5/3
f 5514/2/5 5516/2/5 5573/2/5 5545/2/5
f 5516/2/5 5517/2/5 5548/2/5 5573/2/5
f 5551/5/2 5779/5/2 5791/5/2 5550/5/2
f 5557/9/1 5560/9/1 5792/9/1 5780/9/1
f 5560/9/4 5562/9/4 5793/9/4 5792/9/4
f 5562/9/4 5563/9/4 5794/9/4 5793/9/4
f 5561/9/5 5532/9/5 5563/9/5 5562/9/5
f 5566/11/2 5784/11/2 5795/11/2 5564/11/2
f 5563/11/4 5564/11/4 5795/11/4 5794/11/4
f 5786/5/1 5581/5/1 5796/5/1 5787/5/1
f 5581/5/4 5577/5/4 5797/5/4 5796/5/4
f 5786/5/5 5541/5/5 5577/5/5 5581/5/5
f 5541/6/3 5785/6/3 5798/6/3 5540/6/3
f 5785/6/6 5797/6/6 5799/6/6 5798/6/6
f 5541/6/5 5540/6/5 5567/6/5 5577/6/5
f 5543/1/2 5800/1/2 5801/1/2 5569/1/2
f 5540/1/3 5798/1/3 5800/1/3 5543/1/3
f 5567/1/4 5569/1/4 5801/1/4 5799/1/4
f 5798/1/6 5799/1/6 5801/1/6 5800/1/6
f 5542/2/1 5568/2/1 5802/2/1 5788/2/1
f 5570/5/4 5585/5/4 5803/5/4 5804/5/4
f 5790/5/6 5804/5/6 5803/5/6 5805/5/6
f 5546/5/5 5545/5/5 5585/5/5 5570/5/5
f 5585/2/4 5572/2/4 5806/2/4 5803/2/4
f 5545/2/5 5573/2/5 5572/2/5 5585/2/5
f 5550/1/2 5791/1/2 5807/1/2 5576/1/2
f 5575/1/4 5576/1/4 5807/1/4 5808/1/4
f 5809/1/6 5808/1/6 5807/1/6 5791/1/6
f 5567/2/2 5799/2/2 5810/2/2 5583/2/2
f 5577/2/1 5578/2/1 5811/2/1 5797/2/1
f 5578/2/4 5583/2/4 5810/2/4 5811/2/4
f 5797/2/6 5811/2/6 5810/2/6 5799/2/6
f 5577/2/5 5567/2/5 5583/2/5 5578/2/5
f 5570/2/2 5804/2/2 5812/2/2 5584/2/2
f 5568/2/1 5593/2/1 5813/2/1 5802/2/1
f 5593/2/4 5584/2/4 5812/2/4 5813/2/4
f 5802/2/6 5813/2/6 5812/2/6 5804/2/6
f 5568/2/5 5570/2/5 5584/2/5 5593/2/5
f 5575/6/2 5808/6/2 5814/6/2 5815/6/2
f 5572/6/1 5588/6/1 5816/6/1 5806/6/1
f 5588/6/4 5815/6/4 5814/6/4 5816/6/4
f 5806/6/6 5816/6/6 5814/6/6 5808/6/6
f 5572/6/5 5575/6/5 5815/6/5 5588/6/5
f 5578/5/2 5811/5/2 5817/5/2 5601/5/2
f 5580/5/1 5818/5/1 5819/5/1 5820/5/1
f 5580/5/3 5820/5/3 5811/5/3 5578/5/3
f 5818/5/4 5601/5/4 5817/5/4 5819/5/4
f 5820/5/6 5819/5/6 5817/5/6 5811/5/6
f 5580/5/5 5578/5/5 5601/5/5 5818/5/5
f 5598/1/2 5821/1/2 5822/1/2 5823/1/2
f 5600/1/1 5602/1/1 5824/1/1 5825/1/1
f 5600/1/3 5825/1/3 5821/1/3 5598/1/3
f 5602/1/4 5823/1/4 5822/1/4 5824/1/4
f 5825/1/6 5824/1/6 5822/1/6 5821/1/6
f 5600/1/5 5598/1/5 5823/1/5 5602/1/5
f 5602/3/2 5824/3/2 5826/3/2 5827/3/2
f 5605/3/1 5828/3/1 5829/3/1 5830/3/1
f 5605/3/3 5830/3/3 5824/3/3 5602/3/3
f 5828/3/4 5827/3/4 5826/3/4 5829/3/4
f 5830/3/6 5829/3/6 5826/3/6 5824/3/6
f 5605/3/5 5602/3/5 5827/3/5 5828/3/5
f 5610/1/2 5831/1/2 5832/1/2 5609/1/2
f 5833/1/1 5620/1/1 5834/1/1 5835/1/1
f 5833/1/3 5835/1/3 5831/1/3 5610/1/3
f 5835/1/6 5834/1/6 5832/1/6 5831/1/6
f 5833/1/5 5610/1/5 5609/1/5 5620/1/5
f 5836/1/1 5637/1/1 5837/1/1 5838/1/1
f 5836/1/3 5838/1/3 5834/1/3 5620/1/3
f 5838/1/6 5837/1/6 5839/1/6 5834/1/6
f 5836/1/5 5620/1/5 5619/1/5 5637/1/5
f 5608/5/2 5840/5/2 5841/5/2 5623/5/2
f 5609/5/3 5832/5/3 5840/5/3 5608/5/3
f 5832/5/6 5842/5/6 5841/5/6 5840/5/6
f 5616/8/2 5843/8/2 5844/8/2 5845/8/2
f 5612/8/1 5846/8/1 5847/8/1 5848/8/1
f 5612/8/3 5848/8/3 5843/8/3 5616/8/3
f 5846/8/4 5845/8/4 5844/8/4 5847/8/4
f 5848/8/6 5847/8/6 5844/8/6 5843/8/6
f 5612/8/5 5616/8/5 5845/8/5 5846/8/5
f 5849/5/1 5850/5/1 5851/5/1 5852/5/1
f 5849/5/3 5852/5/3 5837/5/3 5637/5/3
f 5850/5/4 5636/5/4 5853/5/4 5851/5/4
f 5852/5/6 5851/5/6 5853/5/6 5837/5/6
f 5849/5/5 5637/5/5 5636/5/5 5850/5/5
f 5622/2/2 5854/2/2 5855/2/2 5641/2/2
f 5623/2/3 5841/2/3 5854/2/3 5622/2/3
f 5841/2/6 5856/2/6 5855/2/6 5854/2/6
f 5628/8/1 5652/8/1 5857/8/1 5858/8/1
f 5628/8/3 5858/8/3 5859/8/3 5630/8/3
f 5652/8/4 5653/8/4 5860/8/4 5857/8/4
f 5858/8/6 5857/8/6 5860/8/6 5859/8/6
f 5628/8/5 5630/8/5 5653/8/5 5652/8/5
f 5846/8/2 5847/8/2 5861/8/2 5657/8/2
f 5630/8/3 5859/8/3 5847/8/3 5846/8/3
f 5653/8/4 5657/8/4 5861/8/4 5860/8/4
f 5859/8/6 5860/8/6 5861/8/6 5847/8/6
f 5630/8/5 5846/8/5 5657/8/5 5653/8/5
f 5862/8/1 5663/8/1 5863/8/1 5864/8/1
f 5862/8/3 5864/8/3 5865/8/3 5634/8/3
f 5862/8/5 5634/8/5 5642/8/5 5663/8/5
f 5633/8/2 5866/8/2 5867/8/2 5645/8/2
f 5634/8/3 5865/8/3 5866/8/3 5633/8/3
f 5865/8/6 5868/8/6 5867/8/6 5866/8/6
f 5636/5/1 5869/5/1 5870/5/1 5853/5/1
f 5869/5/4 5646/5/4 5871/5/4 5870/5/4
f 5636/5/5 5638/5/5 5646/5/5 5869/5/5
f 5670/2/4 5673/2/4 5872/2/4 5873/2/4
f 5641/2/2 5855/2/2 5874/2/2 5648/2/2
f 5663/8/1 5664/8/1 5875/8/1 5863/8/1
f 5663/8/5 5642/8/5 5665/8/5 5664/8/5
f 5644/8/2 5876/8/2 5877/8/2 5668/8/2
f 5645/8/3 5867/8/3 5876/8/3 5644/8/3
f 5867/8/6 5878/8/6 5877/8/6 5876/8/6
f 5670/2/2 5873/2/2 5879/2/2 5671/2/2
f 5646/2/1 5669/2/1 5880/2/1 5871/2/1
f 5669/2/4 5671/2/4 5879/2/4 5880/2/4
f 5648/2/2 5874/2/2 5881/2/2 5675/2/2
f 5673/2/1 5672/2/1 5882/2/1 5872/2/1
f 5872/2/6 5882/2/6 5881/2/6 5874/2/6
f 5664/8/1 5714/8/1 5883/8/1 5875/8/1
f 5714/8/4 5686/8/4 5884/8/4 5883/8/4
f 5664/8/5 5665/8/5 5686/8/5 5714/8/5
f 5668/8/2 5877/8/2 5885/8/2 5688/8/2
f 5671/2/1 5690/2/1 5886/2/1 5879/2/1
f 5671/2/3 5879/2/3 5882/2/3 5672/2/3
f 5879/2/6 5886/2/6 5887/2/6 5882/2/6
f 5675/2/2 5881/2/2 5888/2/2 5692/2/2
f 5718/2/4 5692/2/4 5888/2/4 5887/2/4
f 5882/2/6 5887/2/6 5888/2/6 5881/2/6
f 5686/8/1 5889/8/1 5890/8/1 5884/8/1
f 5889/8/4 5891/8/4 5892/8/4 5890/8/4
f 5686/8/5 5687/8/5 5891/8/5 5889/8/5
f 5688/8/2 5885/8/2 5893/8/2 5894/8/2
f 5891/8/4 5894/8/4 5893/8/4 5892/8/4
f 5687/8/5 5688/8/5 5894/8/5 5891/8/5
f 5718/1/2 5887/1/2 5895/1/2 5719/1/2
f 5690/1/1 5717/1/1 5896/1/1 5886/1/1
f 5886/1/6 5896/1/6 5895/1/6 5887/1/6
f 5719/1/2 5895/1/2 5897/1/2 5728/1/2
f 5717/1/1 5726/1/1 5898/1/1 5896/1/1
f 5726/1/4 5728/1/4 5897/1/4 5898/1/4
f 5896/1/6 5898/1/6 5897/1/6 5895/1/6
f 5726/2/2 5898/2/2 5899/2/2 5733/2/2
f 5725/2/1 5731/2/1 5900/2/1 5901/2/1
f 5725/2/3 5901/2/3 5898/2/3 5726/2/3
f 5731/2/4 5733/2/4 5899/2/4 5900/2/4
f 5901/2/6 5900/2/6 5899/2/6 5898/2/6
f 5731/5/2 5900/5/2 5902/5/2 5756/5/2
f 5729/5/1 5754/5/1 5903/5/1 5904/5/1
f 5729/5/3 5904/5/3 5900/5/3 5731/5/3
f 5754/5/4 5756/5/4 5902/5/4 5903/5/4
f 5904/5/6 5903/5/6 5902/5/6 5900/5/6
f 5905/8/1 5781/8/1 5906/8/1 5907/8/1
f 5905/8/3 5907/8/3 5908/8/3 5909/8/3
f 5905/8/5 5909/8/5 5782/8/5 5781/8/5
f 5760/8/2 5910/8/2 5911/8/2 5759/8/2
f 5909/8/3 5908/8/3 5910/8/3 5760/8/3
f 5909/8/5 5760/8/5 5759/8/5 5782/8/5
f 5771/6/1 5773/6/1 5912/6/1 5913/6/1
f 5771/6/3 5913/6/3 5914/6/3 5774/6/3
f 5773/6/4 5775/6/4 5915/6/4 5912/6/4
f 5913/6/6 5912/6/6 5915/6/6 5914/6/6
f 5748/4/2 5916/4/2 5917/4/2 5789/4/2
f 5774/4/3 5914/4/3 5916/4/3 5748/4/3
f 5775/4/4 5789/4/4 5917/4/4 5915/4/4
f 5914/4/6 5915/4/6 5917/4/6 5916/4/6
f 5774/4/5 5748/4/5 5789/4/5 5775/4/5
f 5750/4/1 5777/4/1 5918/4/1 5919/4/1
f 5750/4/3 5919/4/3 5920/4/3 5753/4/3
f 5919/4/6 5918/4/6 5921/4/6 5920/4/6
f 5754/4/2 5903/4/2 5922/4/2 5779/4/2
f 5753/4/3 5920/4/3 5903/4/3 5754/4/3
f 5920/4/6 5921/4/6 5922/4/6 5903/4/6
f 5923/8/1 5924/8/1 5925/8/1 5926/8/1
f 5923/8/3 5926/8/3 5906/8/3 5781/8/3
f 5923/8/5 5781/8/5 5780/8/5 5924/8/5
f 5906/8/6 5927/8/6 5928/8/6 5929/8/6
f 5929/8/6 5928/8/6 5930/8/6 5911/8/6
f 5763/8/2 5931/8/2 5932/8/2 5784/8/2
f 5759/8/3 5911/8/3 5931/8/3 5763/8/3
f 5766/2/1 5785/2/1 5933/2/1 5934/2/1
f 5766/2/3 5934/2/3 5935/2/3 5769/2/3
f 5785/2/4 5798/2/4 5936/2/4 5933/2/4
f 5934/2/6 5933/2/6 5936/2/6 5935/2/6
f 5766/2/5 5769/2/5 5798/2/5 5785/2/5
f 5773/4/2 5912/4/2 5937/4/2 5800/4/2
f 5769/4/3 5935/4/3 5912/4/3 5773/4/3
f 5798/4/4 5800/4/4 5937/4/4 5936/4/4
f 5935/4/6 5936/4/6 5937/4/6 5912/4/6
f 5769/4/5 5773/4/5 5800/4/5 5798/4/5
f 5789/5/1 5790/5/1 5938/5/1 5917/5/1
f 5789/5/3 5917/5/3 5939/5/3 5776/5/3
f 5790/5/4 5805/5/4 5940/5/4 5938/5/4
f 5917/5/6 5938/5/6 5940/5/6 5939/5/6
f 5776/2/3 5939/2/3 5918/2/3 5777/2/3
f 5939/2/6 5940/2/6 5941/2/6 5918/2/6
f 5779/6/2 5922/6/2 5942/6/2 5791/6/2
f 5809/6/4 5791/6/4 5942/6/4 5943/6/4
f 5921/6/6 5943/6/6 5942/6/6 5922/6/6
f 5924/9/1 5944/9/1 5945/9/1 5925/9/1
f 5944/9/4 5792/9/4 5946/9/4 5945/9/4
f 5924/9/5 5780/9/5 5792/9/5 5944/9/5
f 5927/9/6 5946/9/6 5947/9/6 5928/9/6
f 5928/9/6 5947/9/6 5948/9/6 5930/9/6
f 5784/9/2 5932/9/2 5949/9/2 5795/9/2
f 5794/9/4 5795/9/4 5949/9/4 5948/9/4
f 5785/1/2 5933/1/2 5950/1/2 5797/1/2
f 5787/1/1 5796/1/1 5951/1/1 5952/1/1
f 5787/1/3 5952/1/3 5933/1/3 5785/1/3
f 5796/1/4 5797/1/4 5950/1/4 5951/1/4
f 5952/1/6 5951/1/6 5950/1/6 5933/1/6
f 5800/5/1 5801/5/1 5953/5/1 5937/5/1
f 5800/5/3 5937/5/3 5954/5/3 5788/5/3
f 5801/5/4 5802/5/4 5955/5/4 5953/5/4
f 5937/5/6 5953/5/6 5955/5/6 5954/5/6
f 5800/5/5 5788/5/5 5802/5/5 5801/5/5
f 5790/5/2 5938/5/2 5956/5/2 5804/5/2
f 5788/5/3 5954/5/3 5938/5/3 5790/5/3
f 5802/5/4 5804/5/4 5956/5/4 5955/5/4
f 5954/5/6 5955/5/6 5956/5/6 5938/5/6
f 5805/2/1 5803/2/1 5957/2/1 5940/2/1
f 5809/2/2 5943/2/2 5958/2/2 5808/2/2
f 5806/2/4 5808/2/4 5958/2/4 5959/2/4
f 5941/2/6 5959/2/6 5958/2/6 5943/2/6
f 5792/10/1 5960/10/1 5961/10/1 5946/10/1
f 5960/10/4 5962/10/4 5963/10/4 5961/10/4
f 5792/10/5 5793/10/5 5962/10/5 5960/10/5
f 5794/8/2 5948/8/2 5964/8/2 5965/8/2
f 5962/8/4 5965/8/4 5964/8/4 5963/8/4
f 5793/8/5 5794/8/5 5965/8/5 5962/8/5
f 5804/4/1 5812/4/1 5966/4/1 5956/4/1
f 5804/4/3 5956/4/3 5957/4/3 5803/4/3
f 5812/4/4 5967/4/4 5968/4/4 5966/4/4
f 5956/4/6 5966/4/6 5968/4/6 5957/4/6
f 5804/4/5 5803/4/5 5967/4/5 5812/4/5
f 5806/2/2 5959/2/2 5969/2/2 5816/2/2
f 5967/2/4 5816/2/4 5969/2/4 5968/2/4
f 5957/2/6 5968/2/6 5969/2/6 5959/2/6
f 5803/2/5 5806/2/5 5816/2/5 5967/2/5
f 5832/4/2 5970/4/2 5971/4/2 5842/4/2
f 5834/4/1 5839/4/1 5972/4/1 5973/4/1
f 5834/4/3 5973/4/3 5970/4/3 5832/4/3
f 5973/4/6 5972/4/6 5971/4/6 5970/4/6
f 5837/5/1 5853/5/1 5974/5/1 5975/5/1
f 5837/5/3 5975/5/3 5972/5/3 5839/5/3
f 5975/5/6 5974/5/6 5976/5/6 5972/5/6
f 5841/5/2 5977/5/2 5978/5/2 5856/5/2
f 5842/5/3 5971/5/3 5977/5/3 5841/5/3
f 5979/9/2 5980/9/2 5981/9/2 5982/9/2
f 5983/9/1 5984/9/1 5985/9/1 5986/9/1
f 5983/9/3 5986/9/3 5980/9/3 5979/9/3
f 5983/9/5 5979/9/5 5982/9/5 5984/9/5
f 5865/7/2 5987/7/2 5988/7/2 5868/7/2
f 5864/7/1 5863/7/1 5989/7/1 5990/7/1
f 5864/7/3 5990/7/3 5987/7/3 5865/7/3
f 5990/7/6 5989/7/6 5988/7/6 5987/7/6
f 5851/1/1 5991/1/1 5992/1/1 5993/1/1
f 5851/1/3 5993/1/3 5974/1/3 5853/1/3
f 5991/1/4 5870/1/4 5994/1/4 5992/1/4
f 5993/1/6 5992/1/6 5994/1/6 5974/1/6
f 5851/1/5 5853/1/5 5870/1/5 5991/1/5
f 5974/5/6 5994/5/6 5995/5/6 5976/5/6
f 5855/5/2 5996/5/2 5997/5/2 5874/5/2
f 5856/5/3 5978/5/3 5996/5/3 5855/5/3
f 5872/5/4 5874/5/4 5997/5/4 5998/5/4
f 5999/9/1 6000/9/1 6001/9/1 6002/9/1
f 5999/9/3 6002/9/3 5985/9/3 5984/9/3
f 5999/9/5 5984/9/5 6003/9/5 6000/9/5
f 5984/9/5 5982/9/5 6004/9/5 6003/9/5
f 5982/9/3 5981/9/3 5989/9/3 5863/9/3
f 5982/9/5 5863/9/5 5875/9/5 6004/9/5
f 5867/9/2 6005/9/2 6006/9/2 5878/9/2
f 5868/9/3 5988/9/3 6005/9/3 5867/9/3
f 5988/9/6 6007/9/6 6006/9/6 6005/9/6
f 5870/5/1 6008/5/1 6009/5/1 5994/5/1
f 5870/5/5 5871/5/5 5880/5/5 6008/5/5
f 5872/2/2 5998/2/2 6010/2/2 5882/2/2
f 5879/2/4 5882/2/4 6010/2/4 6011/2/4
f 5873/2/5 5872/2/5 5882/2/5 5879/2/5
f 6000/9/1 6012/9/1 6013/9/1 6001/9/1
f 6012/9/4 6014/9/4 6015/9/4 6013/9/4
f 6000/9/5 6003/9/5 6014/9/5 6012/9/5
f 6003/9/5 6004/9/5 6016/9/5 6014/9/5
f 6016/9/4 5883/9/4 6017/9/4 6018/9/4
f 6004/9/5 5875/9/5 5883/9/5 6016/9/5
f 5883/11/4 5884/11/4 6019/11/4 6017/11/4
f 5877/9/2 6020/9/2 6021/9/2 5885/9/2
f 5878/9/3 6006/9/3 6020/9/3 5877/9/3
f 6006/9/6 6022/9/6 6021/9/6 6020/9/6
f 6008/5/1 6023/5/1 6024/5/1 6009/5/1
f 6023/5/4 6025/5/4 6026/5/4 6024/5/4
f 6009/5/6 6024/5/6 6026/5/6 6027/5/6
f 6008/5/5 5880/5/5 6025/5/5 6023/5/5
f 5879/5/2 6011/5/2 6028/5/2 5886/5/2
f 6025/5/4 5886/5/4 6028/5/4 6026/5/4
f 6027/5/6 6026/5/6 6028/5/6 6011/5/6
f 5880/5/5 5879/5/5 5886/5/5 6025/5/5
f 6016/9/2 6018/9/2 6029/9/2 6030/9/2
f 6014/9/1 6031/9/1 6032/9/1 6015/9/1
f 6031/9/4 6030/9/4 6029/9/4 6032/9/4
f 6014/9/5 6016/9/5 6030/9/5 6031/9/5
f 5884/9/1 5890/9/1 6033/9/1 6019/9/1
f 5890/9/4 5892/9/4 6034/9/4 6033/9/4
f 5885/9/2 6021/9/2 6035/9/2 5893/9/2
f 5892/9/4 5893/9/4 6035/9/4 6034/9/4
f 6022/9/6 6034/9/6 6035/9/6 6021/9/6
f 6036/11/1 5926/11/1 6037/11/1 6038/11/1
f 6036/11/3 6038/11/3 6039/11/3 5907/11/3
f 6038/11/6 6037/11/6 6040/11/6 6039/11/6
f 6036/11/5 5907/11/5 5906/11/5 5926/11/5
f 5907/10/3 6039/10/3 6041/10/3 5908/10/3
f 5906/10/4 5929/10/4 6042/10/4 6040/10/4
f 5908/9/3 6041/9/3 6043/9/3 5910/9/3
f 5929/9/4 5911/9/4 6044/9/4 6042/9/4
f 6045/11/2 6046/11/2 6047/11/2 5931/11/2
f 5910/11/3 6043/11/3 6046/11/3 6045/11/3
f 6043/11/6 6044/11/6 6047/11/6 6046/11/6
f 5910/11/5 6045/11/5 5931/11/5 5911/11/5
f 5906/9/2 6040/9/2 6048/9/2 5927/9/2
f 5926/9/1 5925/9/1 6049/9/1 6037/9/1
f 5931/9/2 6047/9/2 6050/9/2 5932/9/2
f 5911/9/1 5930/9/1 6051/9/1 6044/9/1
f 5921/2/2 6052/2/2 6053/2/2 5943/2/2
f 5918/2/1 5941/2/1 6054/2/1 6055/2/1
f 5918/2/3 6055/2/3 6052/2/3 5921/2/3
f 5941/2/4 5943/2/4 6053/2/4 6054/2/4
f 6055/2/6 6054/2/6 6053/2/6 6052/2/6
f 5927/9/2 6048/9/2 6056/9/2 5946/9/2
f 5925/9/1 5945/9/1 6057/9/1 6049/9/1
f 5932/9/2 6050/9/2 6058/9/2 5949/9/2
f 5930/9/1 5948/9/1 6059/9/1 6051/9/1
f 5938/5/1 5956/5/1 6060/5/1 6061/5/1
f 5938/5/3 6061/5/3 6062/5/3 5940/5/3
f 5956/5/4 5957/5/4 6063/5/4 6060/5/4
f 6061/5/6 6060/5/6 6063/5/6 6062/5/6
f 5938/5/5 5940/5/5 5957/5/5 5956/5/5
f 5941/6/2 6054/6/2 6064/6/2 5959/6/2
f 5940/6/3 6062/6/3 6054/6/3 5941/6/3
f 5957/6/4 5959/6/4 6064/6/4 6063/6/4
f 6062/6/6 6063/6/6 6064/6/6 6054/6/6
f 5945/9/1 6065/9/1 6066/9/1 6057/9/1
f 6065/9/4 5961/9/4 6067/9/4 6066/9/4
f 6057/9/6 6066/9/6 6067/9/6 6056/9/6
f 5945/9/5 5946/9/5 5961/9/5 6065/9/5
f 5946/9/3 6056/9/3 6068/9/3 5947/9/3
f 5961/9/4 5963/9/4 6069/9/4 6067/9/4
f 5947/9/3 6068/9/3 6059/9/3 5948/9/3
f 5963/9/4 5964/9/4 6070/9/4 6069/9/4
f 5949/11/2 6058/11/2 6071/11/2 6072/11/2
f 5964/11/4 6072/11/4 6071/11/4 6070/11/4
f 6059/11/6 6070/11/6 6071/11/6 6058/11/6
f 5948/11/5 5949/11/5 6072/11/5 5964/11/5
f 6073/4/2 6074/4/2 6075/4/2 6076/4/2
f 5950/4/1 6077/4/1 6078/4/1 6079/4/1
f 5950/4/3 6079/4/3 6074/4/3 6073/4/3
f 6077/4/4 6076/4/4 6075/4/4 6078/4/4
f 6079/4/6 6078/4/6 6075/4/6 6074/4/6
f 5950/4/5 6073/4/5 6076/4/5 6077/4/5
f 6080/1/2 6081/1/2 6082/1/2 6083/1/2
f 6084/1/1 6085/1/1 6086/1/1 6087/1/1
f 6084/1/3 6087/1/3 6081/1/3 6080/1/3
f 6085/1/4 6083/1/4 6082/1/4 6086/1/4
f 6087/1/6 6086/1/6 6082/1/6 6081/1/6
f 6084/1/5 6080/1/5 6083/1/5 6085/1/5
f 6088/4/2 6089/4/2 6090/4/2 6091/4/2
f 6083/4/1 6092/4/1 6093/4/1 6082/4/1
f 6083/4/3 6082/4/3 6089/4/3 6088/4/3
f 6092/4/4 6091/4/4 6090/4/4 6093/4/4
f 6082/4/6 6093/4/6 6090/4/6 6089/4/6
f 6083/4/5 6088/4/5 6091/4/5 6092/4/5
f 6094/6/2 6095/6/2 6096/6/2 6097/6/2
f 6098/6/1 6099/6/1 6100/6/1 6101/6/1
f 6098/6/3 6101/6/3 6095/6/3 6094/6/3
f 6101/6/6 6100/6/6 6096/6/6 6095/6/6
f 6098/6/5 6094/6/5 6097/6/5 6099/6/5
f 6097/1/2 6096/1/2 6102/1/2 6103/1/2
f 6099/1/1 6104/1/1 6105/1/1 6100/1/1
f 6104/1/4 6103/1/4 6102/1/4 6105/1/4
f 6100/1/6 6105/1/6 6102/1/6 6096/1/6
f 6099/1/5 6097/1/5 6103/1/5 6104/1/5
f 6106/1/2 6107/1/2 6108/1/2 6109/1/2
f 6103/1/1 6110/1/1 6111/1/1 6102/1/1
f 6103/1/3 6102/1/3 6107/1/3 6106/1/3
f 6102/1/6 6111/1/6 6108/1/6 6107/1/6
f 6103/1/5 6106/1/5 6109/1/5 6110/1/5
f 6109/6/2 6108/6/2 6112/6/2 6113/6/2
f 6110/6/1 6114/6/1 6115/6/1 6111/6/1
f 6114/6/4 6113/6/4 6112/6/4 6115/6/4
f 6111/6/6 6115/6/6 6112/6/6 6108/6/6
f 6110/6/5 6109/6/5 6113/6/5 6114/6/5
f 6116/5/2 6117/5/2 6118/5/2 5977/5/2
f 5970/5/1 5971/5/1 6119/5/1 6120/5/1
f 5970/5/3 6120/5/3 6117/5/3 6116/5/3
f 6120/5/6 6119/5/6 6118/5/6 6117/5/6
f 5970/5/5 6116/5/5 5977/5/5 5971/5/5
f 5975/5/2 6121/5/2 6122/5/2 5974/5/2
f 6123/5/1 5993/5/1 6124/5/1 6125/5/1
f 6123/5/3 6125/5/3 6121/5/3 5975/5/3
f 5993/5/4 5974/5/4 6122/5/4 6124/5/4
f 6125/5/6 6124/5/6 6122/5/6 6121/5/6
f 6123/5/5 5975/5/5 5974/5/5 5993/5/5
f 5972/2/1 5976/2/1 6126/2/1 6127/2/1
f 5972/2/3 6127/2/3 6119/2/3 5971/2/3
f 6127/2/6 6126/2/6 6128/2/6 6119/2/6
f 6129/6/2 6130/6/2 6131/6/2 5996/6/2
f 5977/6/3 6118/6/3 6130/6/3 6129/6/3
f 5977/6/5 6129/6/5 5996/6/5 5978/6/5
f 6132/9/1 6002/9/1 6133/9/1 6134/9/1
f 6132/9/3 6134/9/3 6135/9/3 5986/9/3
f 6132/9/5 5986/9/5 5985/9/5 6002/9/5
f 5986/10/3 6135/10/3 6136/10/3 5980/10/3
f 5990/9/2 6137/9/2 6138/9/2 5989/9/2
f 5980/9/3 6136/9/3 6137/9/3 5990/9/3
f 5980/9/5 5990/9/5 5989/9/5 5981/9/5
f 5976/2/1 5995/2/1 6139/2/1 6126/2/1
f 6126/2/6 6139/2/6 6140/2/6 6128/2/6
f 6141/5/2 6142/5/2 6143/5/2 6144/5/2
f 5996/5/3 6131/5/3 6142/5/3 6141/5/3
f 5997/5/4 6144/5/4 6143/5/4 6145/5/4
f 5996/5/5 6141/5/5 6144/5/5 5997/5/5
f 6002/8/1 6001/8/1 6146/8/1 6133/8/1
f 5988/11/2 6147/11/2 6148/11/2 6007/11/2
f 5989/11/3 6138/11/3 6147/11/3 5988/11/3
f 6138/11/6 6149/11/6 6148/11/6 6147/11/6
f 5992/5/1 6150/5/1 6151/5/1 6152/5/1
f 5992/5/3 6152/5/3 6153/5/3 5994/5/3
f 6150/5/4 6009/5/4 6154/5/4 6151/5/4
f 6152/5/6 6151/5/6 6154/5/6 6153/5/6
f 5992/5/5 5994/5/5 6009/5/5 6150/5/5
f 5994/5/3 6153/5/3 6139/5/3 5995/5/3
f 6009/5/4 6027/5/4 6155/5/4 6154/5/4
f 6153/5/6 6154/5/6 6155/5/6 6139/5/6
f 6027/2/4 6011/2/4 6156/2/4 6155/2/4
f 5997/2/2 6145/2/2 6157/2/2 6158/2/2
f 6010/2/4 6158/2/4 6157/2/4 6159/2/4
f 5998/2/5 5997/2/5 6158/2/5 6010/2/5
f 6160/11/1 6161/11/1 6162/11/1 6163/11/1
f 6160/11/3 6163/11/3 6146/11/3 6001/11/3
f 6161/11/4 6013/11/4 6164/11/4 6162/11/4
f 6163/11/6 6162/11/6 6164/11/6 6146/11/6
f 6160/11/5 6001/11/5 6013/11/5 6161/11/5
f 6017/7/4 6019/7/4 6165/7/4 6166/7/4
f 6006/8/2 6167/8/2 6168/8/2 6022/8/2
f 6007/8/3 6148/8/3 6167/8/3 6006/8/3
f 6148/8/6 6165/8/6 6168/8/6 6167/8/6
f 6010/2/2 6159/2/2 6169/2/2 6170/2/2
f 6011/2/1 6028/2/1 6171/2/1 6156/2/1
f 6028/2/4 6170/2/4 6169/2/4 6171/2/4
f 6011/2/5 6010/2/5 6170/2/5 6028/2/5
f 6013/9/1 6172/9/1 6173/9/1 6164/9/1
f 6172/9/4 6032/9/4 6174/9/4 6173/9/4
f 6013/9/5 6015/9/5 6032/9/5 6172/9/5
f 6032/9/4 6029/9/4 6175/9/4 6174/9/4
f 6017/9/2 6166/9/2 6176/9/2 6177/9/2
f 6029/9/4 6177/9/4 6176/9/4 6175/9/4
f 6018/9/5 6017/9/5 6177/9/5 6029/9/5
f 6022/9/2 6168/9/2 6178/9/2 6034/9/2
f 6019/9/1 6033/9/1 6179/9/1 6165/9/1
f 6033/9/4 6034/9/4 6178/9/4 6179/9/4
f 6165/9/6 6179/9/6 6178/9/6 6168/9/6
f 6039/7/1 6040/7/1 6180/7/1 6181/7/1
f 6039/7/3 6181/7/3 6182/7/3 6041/7/3
f 6181/7/6 6180/7/6 6183/7/6 6182/7/6
f 6043/8/2 6184/8/2 6185/8/2 6044/8/2
f 6041/8/3 6182/8/3 6184/8/3 6043/8/3
f 6182/8/6 6183/8/6 6185/8/6 6184/8/6
f 6037/9/1 6049/9/1 6186/9/1 6187/9/1
f 6037/9/3 6187/9/3 6180/9/3 6040/9/3
f 6187/9/6 6186/9/6 6188/9/6 6180/9/6
f 6180/9/6 6188/9/6 6189/9/6 6183/9/6
f 6040/9/5 6042/9/5 6190/9/5 6048/9/5
f 6042/8/5 6044/8/5 6051/8/5 6190/8/5
f 6047/7/2 6191/7/2 6192/7/2 6050/7/2
f 6044/7/3 6185/7/3 6191/7/3 6047/7/3
f 6185/7/6 6193/7/6 6192/7/6 6191/7/6
f 6049/10/1 6057/10/1 6194/10/1 6186/10/1
f 6057/10/4 6056/10/4 6195/10/4 6194/10/4
f 6186/10/6 6194/10/6 6195/10/6 6188/10/6
f 6048/9/5 6190/9/5 6068/9/5 6056/9/5
f 6189/9/6 6196/9/6 6197/9/6 6193/9/6
f 6190/9/5 6051/9/5 6059/9/5 6068/9/5
f 6050/9/2 6192/9/2 6198/9/2 6058/9/2
f 6059/9/4 6058/9/4 6198/9/4 6197/9/4
f 6193/9/6 6197/9/6 6198/9/6 6192/9/6
f 6056/7/1 6067/7/1 6199/7/1 6195/7/1
f 6067/7/4 6069/7/4 6200/7/4 6199/7/4
f 6195/7/6 6199/7/6 6200/7/6 6196/7/6
f 6059/8/2 6197/8/2 6201/8/2 6070/8/2
f 6069/8/4 6070/8/4 6201/8/4 6200/8/4
f 6196/8/6 6200/8/6 6201/8/6 6197/8/6
f 6075/4/2 6202/4/2 6203/4/2 6204/4/2
f 6078/4/1 6205/4/1 6206/4/1 6207/4/1
f 6078/4/3 6207/4/3 6202/4/3 6075/4/3
f 6205/4/4 6204/4/4 6203/4/4 6206/4/4
f 6207/4/6 6206/4/6 6203/4/6 6202/4/6
f 6078/4/5 6075/4/5 6204/4/5 6205/4/5
f 6208/2/1 6209/2/1 6210/2/1 6211/2/1
f 6208/2/3 6211/2/3 6212/2/3 6093/2/3
f 6211/2/6 6210/2/6 6213/2/6 6212/2/6
f 6208/2/5 6093/2/5 6214/2/5 6209/2/5
f 6090/5/2 6215/5/2 6216/5/2 6217/5/2
f 6093/5/3 6212/5/3 6215/5/3 6090/5/3
f 6214/5/4 6217/5/4 6216/5/4 6213/5/4
f 6212/5/6 6213/5/6 6216/5/6 6215/5/6
f 6093/5/5 6090/5/5 6217/5/5 6214/5/5
f 6214/2/2 6213/2/2 6218/2/2 6095/2/2
f 6209/2/1 6101/2/1 6219/2/1 6210/2/1
f 6101/2/4 6095/2/4 6218/2/4 6219/2/4
f 6210/2/6 6219/2/6 6218/2/6 6213/2/6
f 6209/2/5 6214/2/5 6095/2/5 6101/2/5
f 6115/6/2 6220/6/2 6221/6/2 6222/6/2
f 6223/6/1 6224/6/1 6225/6/1 6226/6/1
f 6223/6/3 6226/6/3 6220/6/3 6115/6/3
f 6223/6/5 6115/6/5 6222/6/5 6224/6/5
f 6227/4/2 6228/4/2 6229/4/2 6230/4/2
f 6112/4/1 6231/4/1 6232/4/1 6233/4/1
f 6112/4/3 6233/4/3 6228/4/3 6227/4/3
f 6233/4/6 6232/4/6 6229/4/6 6228/4/6
f 6112/4/5 6227/4/5 6230/4/5 6231/4/5
f 6234/5/1 6235/5/1 6236/5/1 6237/5/1
f 6234/5/3 6237/5/3 6238/5/3 6239/5/3
f 6235/5/4 6240/5/4 6241/5/4 6236/5/4
f 6237/5/6 6236/5/6 6241/5/6 6238/5/6
f 6234/5/5 6239/5/5 6240/5/5 6235/5/5
f 6242/5/2 6243/5/2 6244/5/2 6125/5/2
f 6239/5/3 6238/5/3 6243/5/3 6242/5/3
f 6240/5/4 6125/5/4 6244/5/4 6241/5/4
f 6238/5/6 6241/5/6 6244/5/6 6243/5/6
f 6239/5/5 6242/5/5 6125/5/5 6240/5/5
f 6222/5/2 6221/5/2 6245/5/2 6246/5/2
f 6224/5/1 6247/5/1 6248/5/1 6225/5/1
f 6224/5/5 6222/5/5 6246/5/5 6247/5/5
f 6230/5/2 6229/5/2 6249/5/2 6250/5/2
f 6231/5/1 6251/5/1 6252/5/1 6232/5/1
f 6251/5/4 6250/5/4 6249/5/4 6252/5/4
f 6232/5/6 6252/5/6 6249/5/6 6229/5/6
f 6231/5/5 6230/5/5 6250/5/5 6251/5/5
f 6119/4/1 6128/4/1 6253/4/1 6254/4/1
f 6119/4/3 6254/4/3 6255/4/3 6118/4/3
f 6130/5/2 6256/5/2 6257/5/2 6131/5/2
f 6118/5/3 6255/5/3 6256/5/3 6130/5/3
f 6134/9/1 6133/9/1 6258/9/1 6259/9/1
f 6134/9/3 6259/9/3 6260/9/3 6135/9/3
f 6259/9/6 6258/9/6 6261/9/6 6260/9/6
f 6135/8/3 6260/8/3 6262/8/3 6136/8/3
f 6137/9/2 6263/9/2 6264/9/2 6138/9/2
f 6136/9/3 6262/9/3 6263/9/3 6137/9/3
f 6262/9/6 6265/9/6 6264/9/6 6263/9/6
f 6246/5/2 6245/5/2 6266/5/2 6267/5/2
f 6247/5/1 6268/5/1 6269/5/1 6248/5/1
f 6268/5/4 6267/5/4 6266/5/4 6269/5/4
f 6247/5/5 6246/5/5 6267/5/5 6268/5/5
f 6270/1/2 6271/1/2 6272/1/2 6273/1/2
f 6250/1/1 6274/1/1 6275/1/1 6249/1/1
f 6250/1/3 6249/1/3 6271/1/3 6270/1/3
f 6274/1/4 6273/1/4 6272/1/4 6275/1/4
f 6249/1/6 6275/1/6 6272/1/6 6271/1/6
f 6250/1/5 6270/1/5 6273/1/5 6274/1/5
f 6124/5/1 6152/5/1 6276/5/1 6277/5/1
f 6124/5/3 6277/5/3 6278/5/3 6122/5/3
f 6152/5/4 6153/5/4 6279/5/4 6276/5/4
f 6277/5/6 6276/5/6 6279/5/6 6278/5/6
f 6124/5/5 6122/5/5 6153/5/5 6152/5/5
f 6126/6/2 6280/6/2 6281/6/2 6139/6/2
f 6122/6/3 6278/6/3 6280/6/3 6126/6/3
f 6153/6/4 6139/6/4 6281/6/4 6279/6/4
f 6278/6/6 6279/6/6 6281/6/6 6280/6/6
f 6122/6/5 6126/6/5 6139/6/5 6153/6/5
f 6128/2/1 6140/2/1 6282/2/1 6253/2/1
f 6253/2/6 6282/2/6 6283/2/6 6284/2/6
f 6142/4/2 6285/4/2 6286/4/2 6143/4/2
f 6131/4/3 6257/4/3 6285/4/3 6142/4/3
f 6287/8/1 6163/8/1 6288/8/1 6289/8/1
f 6287/8/3 6289/8/3 6258/8/3 6133/8/3
f 6163/8/4 6146/8/4 6290/8/4 6288/8/4
f 6289/8/6 6288/8/6 6290/8/6 6258/8/6
f 6287/8/5 6133/8/5 6146/8/5 6163/8/5
f 6138/8/2 6264/8/2 6291/8/2 6149/8/2
f 6152/5/2 6276/5/2 6292/5/2 6151/5/2
f 6293/5/1 6294/5/1 6295/5/1 6296/5/1
f 6293/5/3 6296/5/3 6276/5/3 6152/5/3
f 6294/5/4 6151/5/4 6292/5/4 6295/5/4
f 6296/5/6 6295/5/6 6292/5/6 6276/5/6
f 6293/5/5 6152/5/5 6151/5/5 6294/5/5
f 6139/5/1 6155/5/1 6297/5/1 6281/5/1
f 6139/5/3 6281/5/3 6282/5/3 6140/5/3
f 6155/5/4 6156/5/4 6298/5/4 6297/5/4
f 6281/5/6 6297/5/6 6298/5/6 6282/5/6
f 6145/2/5 6143/2/5 6299/2/5 6157/2/5
f 6300/2/2 6301/2/2 6302/2/2 6303/2/2
f 6143/2/3 6286/2/3 6301/2/3 6300/2/3
f 6299/2/4 6303/2/4 6302/2/4 6304/2/4
f 6143/2/5 6300/2/5 6303/2/5 6299/2/5
f 6146/8/1 6164/8/1 6305/8/1 6290/8/1
f 6148/7/2 6306/7/2 6307/7/2 6165/7/2
f 6149/7/3 6291/7/3 6306/7/3 6148/7/3
f 6166/7/4 6165/7/4 6307/7/4 6308/7/4
f 6291/7/6 6308/7/6 6307/7/6 6306/7/6
f 6156/2/1 6171/2/1 6309/2/1 6298/2/1
f 6171/2/4 6169/2/4 6310/2/4 6309/2/4
f 6298/2/6 6309/2/6 6310/2/6 6311/2/6
f 6159/2/5 6157/2/5 6312/2/5 6169/2/5
f 6299/2/2 6304/2/2 6313/2/2 6314/2/2
f 6312/2/4 6314/2/4 6313/2/4 6315/2/4
f 6157/2/5 6299/2/5 6314/2/5 6312/2/5
f 6164/7/1 6173/7/1 6316/7/1 6305/7/1
f 6173/7/4 6174/7/4 6317/7/4 6316/7/4
f 6305/7/6 6316/7/6 6317/7/6 6318/7/6
f 6174/9/4 6175/9/4 6319/9/4 6317/9/4
f 6166/9/2 6308/9/2 6320/9/2 6176/9/2
f 6175/9/4 6176/9/4 6320/9/4 6319/9/4
f 6321/9/6 6319/9/6 6320/9/6 6308/9/6
f 6312/5/2 6315/5/2 6322/5/2 6323/5/2
f 6169/5/1 6324/5/1 6325/5/1 6310/5/1
f 6324/5/4 6323/5/4 6322/5/4 6325/5/4
f 6310/5/6 6325/5/6 6322/5/6 6315/5/6
f 6169/5/5 6312/5/5 6323/5/5 6324/5/5
f 6185/7/2 6326/7/2 6327/7/2 6193/7/2
f 6183/7/1 6189/7/1 6328/7/1 6329/7/1
f 6183/7/3 6329/7/3 6326/7/3 6185/7/3
f 6189/7/4 6193/7/4 6327/7/4 6328/7/4
f 6329/7/6 6328/7/6 6327/7/6 6326/7/6
f 6189/9/2 6328/9/2 6330/9/2 6196/9/2
f 6188/9/1 6195/9/1 6331/9/1 6332/9/1
f 6188/9/3 6332/9/3 6328/9/3 6189/9/3
f 6195/9/4 6196/9/4 6330/9/4 6331/9/4
f 6332/9/6 6331/9/6 6330/9/6 6328/9/6
f 6333/6/2 6334/6/2 6335/6/2 6336/6/2
f 6337/6/1 6338/6/1 6339/6/1 6340/6/1
f 6337/6/3 6340/6/3 6334/6/3 6333/6/3
f 6338/6/4 6336/6/4 6335/6/4 6339/6/4
f 6340/6/6 6339/6/6 6335/6/6 6334/6/6
f 6337/6/5 6333/6/5 6336/6/5 6338/6/5
f 6341/5/2 6342/5/2 6343/5/2 6344/5/2
f 6336/5/1 6345/5/1 6346/5/1 6335/5/1
f 6336/5/3 6335/5/3 6342/5/3 6341/5/3
f 6345/5/4 6344/5/4 6343/5/4 6346/5/4
f 6335/5/6 6346/5/6 6343/5/6 6342/5/6
f 6336/5/5 6341/5/5 6344/5/5 6345/5/5
f 6345/6/2 6346/6/2 6347/6/2 6212/6/2
f 6348/6/1 6211/6/1 6349/6/1 6350/6/1
f 6348/6/3 6350/6/3 6346/6/3 6345/6/3
f 6211/6/4 6212/6/4 6347/6/4 6349/6/4
f 6350/6/6 6349/6/6 6347/6/6 6346/6/6
f 6348/6/5 6345/6/5 6212/6/5 6211/6/5
f 6216/6/2 6351/6/2 6352/6/2 6353/6/2
f 6213/6/1 6218/6/1 6354/6/1 6355/6/1
f 6213/6/3 6355/6/3 6351/6/3 6216/6/3
f 6355/6/6 6354/6/6 6352/6/6 6351/6/6
f 6213/6/5 6216/6/5 6353/6/5 6218/6/5
f 6219/4/1 6356/4/1 6357/4/1 6358/4/1
f 6219/4/3 6358/4/3 6354/4/3 6218/4/3
f 6219/4/5 6218/4/5 6359/4/5 6356/4/5
f 6353/6/2 6352/6/2 6360/6/2 6361/6/2
f 6359/6/4 6361/6/4 6360/6/4 6362/6/4
f 6354/6/6 6362/6/6 6360/6/6 6352/6/6
f 6218/6/5 6353/6/5 6361/6/5 6359/6/5
f 6359/6/2 6362/6/2 6363/6/2 6364/6/2
f 6356/6/1 6365/6/1 6366/6/1 6357/6/1
f 6356/6/5 6359/6/5 6364/6/5 6365/6/5
f 6364/6/2 6363/6/2 6367/6/2 6368/6/2
f 6365/6/1 6369/6/1 6370/6/1 6366/6/1
f 6365/6/5 6364/6/5 6368/6/5 6369/6/5
f 6368/6/2 6367/6/2 6371/6/2 6220/6/2
f 6369/6/1 6226/6/1 6372/6/1 6370/6/1
f 6369/6/5 6368/6/5 6220/6/5 6226/6/5
f 6373/4/2 6374/4/2 6375/4/2 6237/4/2
f 6376/4/1 6377/4/1 6378/4/1 6379/4/1
f 6376/4/3 6379/4/3 6374/4/3 6373/4/3
f 6377/4/4 6237/4/4 6375/4/4 6378/4/4
f 6379/4/6 6378/4/6 6375/4/6 6374/4/6
f 6376/4/5 6373/4/5 6237/4/5 6377/4/5
f 6220/6/2 6371/6/2 6380/6/2 6221/6/2
f 6226/6/1 6225/6/1 6381/6/1 6372/6/1
f 6377/5/2 6378/5/2 6382/5/2 6383/5/2
f 6384/5/1 6385/5/1 6386/5/1 6387/5/1
f 6384/5/3 6387/5/3 6378/5/3 6377/5/3
f 6385/5/4 6383/5/4 6382/5/4 6386/5/4
f 6387/5/6 6386/5/6 6382/5/6 6378/5/6
f 6384/5/5 6377/5/5 6383/5/5 6385/5/5
f 6243/6/1 6244/6/1 6388/6/1 6389/6/1
f 6243/6/3 6389/6/3 6390/6/3 6391/6/3
f 6244/6/4 6392/6/4 6393/6/4 6388/6/4
f 6389/6/6 6388/6/6 6393/6/6 6390/6/6
f 6243/6/5 6391/6/5 6392/6/5 6244/6/5
f 6394/1/2 6395/1/2 6396/1/2 6397/1/2
f 6391/1/3 6390/1/3 6395/1/3 6394/1/3
f 6390/1/6 6393/1/6 6396/1/6 6395/1/6
f 6391/1/5 6394/1/5 6397/1/5 6392/1/5
f 6225/2/1 6248/2/1 6398/2/1 6381/2/1
f 6232/2/2 6399/2/2 6400/2/2 6252/2/2
f 6221/2/3 6380/2/3 6399/2/3 6232/2/3
f 6245/2/4 6252/2/4 6400/2/4 6401/2/4
f 6221/2/5 6232/2/5 6252/2/5 6245/2/5
f 6236/2/2 6402/2/2 6403/2/2 6404/2/2
f 6383/2/1 6405/2/1 6406/2/1 6382/2/1
f 6383/2/3 6382/2/3 6402/2/3 6236/2/3
f 6383/2/5 6236/2/5 6404/2/5 6405/2/5
f 6392/5/1 6278/5/1 6407/5/1 6393/5/1
f 6278/5/4 6280/5/4 6408/5/4 6407/5/4
f 6392/5/5 6397/5/5 6280/5/5 6278/5/5
f 6397/5/3 6396/5/3 6409/5/3 6254/5/3
f 6397/5/5 6254/5/5 6253/5/5 6280/5/5
f 6254/2/3 6409/2/3 6410/2/3 6255/2/3
f 6253/2/4 6284/2/4 6411/2/4 6412/2/4
f 6255/5/3 6410/5/3 6413/5/3 6256/5/3
f 6414/5/2 6415/5/2 6416/5/2 6285/5/2
f 6256/5/3 6413/5/3 6415/5/3 6414/5/3
f 6256/5/5 6414/5/5 6285/5/5 6257/5/5
f 6262/8/2 6417/8/2 6418/8/2 6265/8/2
f 6260/8/1 6261/8/1 6419/8/1 6420/8/1
f 6260/8/3 6420/8/3 6417/8/3 6262/8/3
f 6420/8/6 6419/8/6 6418/8/6 6417/8/6
f 6245/2/2 6401/2/2 6421/2/2 6266/2/2
f 6248/2/1 6269/2/1 6422/2/1 6398/2/1
f 6398/2/6 6422/2/6 6421/2/6 6401/2/6
f 6271/6/1 6272/6/1 6423/6/1 6424/6/1
f 6271/6/3 6424/6/3 6406/6/3 6405/6/3
f 6272/6/4 6425/6/4 6426/6/4 6423/6/4
f 6424/6/6 6423/6/6 6426/6/6 6406/6/6
f 6271/6/5 6405/6/5 6425/6/5 6272/6/5
f 6425/2/4 6427/2/4 6428/2/4 6426/2/4
f 6406/2/6 6426/2/6 6428/2/6 6403/2/6
f 6405/2/5 6404/2/5 6427/2/5 6425/2/5
f 6404/5/3 6403/5/3 6429/5/3 6430/5/3
f 6427/5/4 6296/5/4 6431/5/4 6428/5/4
f 6403/5/6 6428/5/6 6431/5/6 6429/5/6
f 6404/5/5 6430/5/5 6296/5/5 6427/5/5
f 6277/5/2 6432/5/2 6433/5/2 6276/5/2
f 6430/5/3 6429/5/3 6432/5/3 6277/5/3
f 6296/5/4 6276/5/4 6433/5/4 6431/5/4
f 6429/5/6 6431/5/6 6433/5/6 6432/5/6
f 6430/5/5 6277/5/5 6276/5/5 6296/5/5
f 6253/2/2 6412/2/2 6434/2/2 6282/2/2
f 6280/2/1 6281/2/1 6435/2/1 6408/2/1
f 6281/2/4 6282/2/4 6434/2/4 6435/2/4
f 6280/2/5 6253/2/5 6282/2/5 6281/2/5
f 6284/2/1 6283/2/1 6436/2/1 6411/2/1
f 6437/2/2 6438/2/2 6439/2/2 6301/2/2
f 6285/2/3 6416/2/3 6438/2/3 6437/2/3
f 6285/2/5 6437/2/5 6301/2/5 6286/2/5
f 6258/7/1 6290/7/1 6440/7/1 6441/7/1
f 6258/7/3 6441/7/3 6419/7/3 6261/7/3
f 6441/7/6 6440/7/6 6442/7/6 6419/7/6
f 6419/7/6 6442/7/6 6443/7/6 6418/7/6
f 6264/9/2 6444/9/2 6445/9/2 6291/9/2
f 6265/9/3 6418/9/3 6444/9/3 6264/9/3
f 6418/9/6 6443/9/6 6445/9/6 6444/9/6
f 6266/2/2 6421/2/2 6446/2/2 6447/2/2
f 6269/2/1 6448/2/1 6449/2/1 6422/2/1
f 6422/2/6 6449/2/6 6446/2/6 6421/2/6
f 6269/2/5 6266/2/5 6447/2/5 6448/2/5
f 6275/5/2 6450/5/2 6451/5/2 6452/5/2
f 6453/5/1 6454/5/1 6455/5/1 6456/5/1
f 6453/5/3 6456/5/3 6450/5/3 6275/5/3
f 6454/5/4 6452/5/4 6451/5/4 6455/5/4
f 6456/5/6 6455/5/6 6451/5/6 6450/5/6
f 6453/5/5 6275/5/5 6452/5/5 6454/5/5
f 6276/5/1 6292/5/1 6457/5/1 6433/5/1
f 6276/5/3 6433/5/3 6458/5/3 6279/5/3
f 6292/5/4 6459/5/4 6460/5/4 6457/5/4
f 6276/5/5 6279/5/5 6459/5/5 6292/5/5
f 6281/2/2 6435/2/2 6461/2/2 6297/2/2
f 6279/2/3 6458/2/3 6435/2/3 6281/2/3
f 6459/2/4 6297/2/4 6461/2/4 6460/2/4
f 6458/2/6 6460/2/6 6461/2/6 6435/2/6
f 6279/2/5 6281/2/5 6297/2/5 6459/2/5
f 6282/2/1 6298/2/1 6462/2/1 6434/2/1
f 6282/2/3 6434/2/3 6436/2/3 6283/2/3
f 6298/2/4 6311/2/4 6463/2/4 6462/2/4
f 6464/5/2 6465/5/2 6466/5/2 6467/5/2
f 6301/5/3 6439/5/3 6465/5/3 6464/5/3
f 6302/5/4 6467/5/4 6466/5/4 6468/5/4
f 6301/5/5 6464/5/5 6467/5/5 6302/5/5
f 6290/9/1 6305/9/1 6469/9/1 6440/9/1
f 6305/9/4 6318/9/4 6470/9/4 6469/9/4
f 6440/9/6 6469/9/6 6470/9/6 6442/9/6
f 6442/9/6 6470/9/6 6471/9/6 6443/9/6
f 6291/10/2 6445/10/2 6472/10/2 6308/10/2
f 6321/10/4 6308/10/4 6472/10/4 6471/10/4
f 6443/10/6 6471/10/6 6472/10/6 6445/10/6
f 6447/2/2 6446/2/2 6473/2/2 6474/2/2
f 6448/2/1 6475/2/1 6476/2/1 6449/2/1
f 6475/2/4 6474/2/4 6473/2/4 6476/2/4
f 6448/2/5 6447/2/5 6474/2/5 6475/2/5
f 6311/5/1 6310/5/1 6477/5/1 6463/5/1
f 6310/5/4 6315/5/4 6478/5/4 6477/5/4
f 6302/2/2 6468/2/2 6479/2/2 6480/2/2
f 6313/2/4 6480/2/4 6479/2/4 6481/2/4
f 6304/2/5 6302/2/5 6480/2/5 6313/2/5
f 6321/10/2 6471/10/2 6482/10/2 6319/10/2
f 6318/10/1 6317/10/1 6483/10/1 6470/10/1
f 6317/10/4 6319/10/4 6482/10/4 6483/10/4
f 6470/10/6 6483/10/6 6482/10/6 6471/10/6
f 6309/1/2 6484/1/2 6485/1/2 6486/1/2
f 6487/1/1 6488/1/1 6489/1/1 6490/1/1
f 6487/1/3 6490/1/3 6484/1/3 6309/1/3
f 6488/1/4 6486/1/4 6485/1/4 6489/1/4
f 6490/1/6 6489/1/6 6485/1/6 6484/1/6
f 6487/1/5 6309/1/5 6486/1/5 6488/1/5
f 6313/5/2 6481/5/2 6491/5/2 6492/5/2
f 6315/5/1 6322/5/1 6493/5/1 6478/5/1
f 6322/5/4 6492/5/4 6491/5/4 6493/5/4
f 6478/5/6 6493/5/6 6491/5/6 6481/5/6
f 6315/5/5 6313/5/5 6492/5/5 6322/5/5
f 6494/3/2 6495/3/2 6496/3/2 6334/3/2
f 6497/3/1 6340/3/1 6498/3/1 6499/3/1
f 6497/3/3 6499/3/3 6495/3/3 6494/3/3
f 6340/3/4 6334/3/4 6496/3/4 6498/3/4
f 6499/3/6 6498/3/6 6496/3/6 6495/3/6
f 6497/3/5 6494/3/5 6334/3/5 6340/3/5
f 6354/6/2 6500/6/2 6501/6/2 6362/6/2
f 6358/6/1 6357/6/1 6502/6/1 6503/6/1
f 6358/6/3 6503/6/3 6500/6/3 6354/6/3
f 6357/6/1 6366/6/1 6504/6/1 6502/6/1
f 6360/4/2 6505/4/2 6506/4/2 6507/4/2
f 6362/4/3 6501/4/3 6505/4/3 6360/4/3
f 6362/4/5 6360/4/5 6507/4/5 6363/4/5
f 6366/4/1 6370/4/1 6508/4/1 6504/4/1
f 6363/6/5 6507/6/5 6509/6/5 6367/6/5
f 6510/1/2 6511/1/2 6512/1/2 6513/1/2
f 6507/1/3 6506/1/3 6511/1/3 6510/1/3
f 6506/1/6 6514/1/6 6512/1/6 6511/1/6
f 6507/1/5 6510/1/5 6513/1/5 6509/1/5
f 6370/6/1 6372/6/1 6515/6/1 6508/6/1
f 6508/6/6 6515/6/6 6516/6/6 6517/6/6
f 6517/6/6 6516/6/6 6518/6/6 6514/6/6
f 6367/6/5 6509/6/5 6519/6/5 6371/6/5
f 6509/6/5 6513/6/5 6520/6/5 6519/6/5
f 6521/4/2 6522/4/2 6523/4/2 6387/4/2
f 6513/4/3 6512/4/3 6522/4/3 6521/4/3
f 6520/4/4 6387/4/4 6523/4/4 6524/4/4
f 6512/4/6 6524/4/6 6523/4/6 6522/4/6
f 6513/4/5 6521/4/5 6387/4/5 6520/4/5
f 6372/4/1 6381/4/1 6525/4/1 6515/4/1
f 6515/4/6 6525/4/6 6526/4/6 6516/4/6
f 6371/6/5 6519/6/5 6399/6/5 6380/6/5
f 6520/6/2 6524/6/2 6527/6/2 6528/6/2
f 6519/6/5 6520/6/5 6528/6/5 6399/6/5
f 6378/2/1 6382/2/1 6529/2/1 6530/2/1
f 6378/2/3 6530/2/3 6531/2/3 6375/2/3
f 6530/2/6 6529/2/6 6532/2/6 6531/2/6
f 6378/2/5 6375/2/5 6402/2/5 6382/2/5
f 6533/5/2 6534/5/2 6535/5/2 6536/5/2
f 6375/5/3 6531/5/3 6534/5/3 6533/5/3
f 6531/5/6 6532/5/6 6535/5/6 6534/5/6
f 6375/5/5 6533/5/5 6536/5/5 6402/5/5
f 6395/5/1 6396/5/1 6537/5/1 6538/5/1
f 6395/5/3 6538/5/3 6539/5/3 6540/5/3
f 6538/5/6 6537/5/6 6541/5/6 6539/5/6
f 6395/5/5 6540/5/5 6409/5/5 6396/5/5
f 6542/5/2 6543/5/2 6544/5/2 6410/5/2
f 6540/5/3 6539/5/3 6543/5/3 6542/5/3
f 6539/5/6 6541/5/6 6544/5/6 6543/5/6
f 6540/5/5 6542/5/5 6410/5/5 6409/5/5
f 6381/1/1 6398/1/1 6545/1/1 6525/1/1
f 6398/1/4 6401/1/4 6546/1/4 6545/1/4
f 6525/1/6 6545/1/6 6546/1/6 6526/1/6
f 6399/2/5 6528/2/5 6547/2/5 6400/2/5
f 6528/1/3 6527/1/3 6548/1/3 6386/1/3
f 6528/1/5 6386/1/5 6424/1/5 6547/1/5
f 6386/5/3 6548/5/3 6529/5/3 6382/5/3
f 6424/5/4 6406/5/4 6549/5/4 6550/5/4
f 6386/5/5 6382/5/5 6406/5/5 6424/5/5
f 6406/2/4 6403/2/4 6551/2/4 6549/2/4
f 6403/2/4 6429/2/4 6552/2/4 6551/2/4
f 6402/2/5 6536/2/5 6429/2/5 6403/2/5
f 6388/1/2 6553/1/2 6554/1/2 6432/1/2
f 6536/1/3 6535/1/3 6553/1/3 6388/1/3
f 6429/1/4 6432/1/4 6554/1/4 6552/1/4
f 6536/1/5 6388/1/5 6432/1/5 6429/1/5
f 6393/5/1 6407/5/1 6555/5/1 6556/5/1
f 6393/5/3 6556/5/3 6537/5/3 6396/5/3
f 6410/5/3 6544/5/3 6557/5/3 6413/5/3
f 6544/5/6 6558/5/6 6559/5/6 6557/5/6
f 6413/1/3 6557/1/3 6560/1/3 6415/1/3
f 6557/1/6 6559/1/6 6561/1/6 6560/1/6
f 6562/5/2 6563/5/2 6564/5/2 6438/5/2
f 6415/5/3 6560/5/3 6563/5/3 6562/5/3
f 6560/5/6 6561/5/6 6564/5/6 6563/5/6
f 6415/5/5 6562/5/5 6438/5/5 6416/5/5
f 6401/2/1 6421/2/1 6565/2/1 6546/2/1
f 6546/2/6 6565/2/6 6566/2/6 6567/2/6
f 6401/2/5 6400/2/5 6456/2/5 6421/2/5
f 6456/2/4 6450/2/4 6568/2/4 6566/2/4
f 6567/2/6 6566/2/6 6568/2/6 6569/2/6
f 6400/2/5 6547/2/5 6450/2/5 6456/2/5
f 6424/2/2 6550/2/2 6570/2/2 6423/2/2
f 6450/2/4 6423/2/4 6570/2/4 6568/2/4
f 6547/2/5 6424/2/5 6423/2/5 6450/2/5
f 6432/2/1 6433/2/1 6571/2/1 6554/2/1
f 6432/2/3 6554/2/3 6555/2/3 6407/2/3
f 6432/2/5 6407/2/5 6458/2/5 6433/2/5
f 6458/2/4 6435/2/4 6572/2/4 6573/2/4
f 6407/2/5 6408/2/5 6435/2/5 6458/2/5
f 6435/2/4 6434/2/4 6574/2/4 6572/2/4
f 6575/2/6 6574/2/6 6576/2/6 6558/2/6
f 6412/2/5 6411/2/5 6436/2/5 6434/2/5
f 6558/2/6 6576/2/6 6577/2/6 6559/2/6
f 6578/1/2 6579/1/2 6580/1/2 6465/1/2
f 6438/1/3 6564/1/3 6579/1/3 6578/1/3
f 6438/1/5 6578/1/5 6465/1/5 6439/1/5
f 6456/4/2 6566/4/2 6581/4/2 6455/4/2
f 6421/4/1 6446/4/1 6582/4/1 6565/4/1
f 6565/4/6 6582/4/6 6581/4/6 6566/4/6
f 6421/4/5 6456/4/5 6455/4/5 6446/4/5
f 6423/2/1 6583/2/1 6584/2/1 6570/2/1
f 6423/2/3 6570/2/3 6585/2/3 6426/2/3
f 6583/2/4 6586/2/4 6587/2/4 6584/2/4
f 6570/2/6 6584/2/6 6587/2/6 6585/2/6
f 6423/2/5 6426/2/5 6586/2/5 6583/2/5
f 6426/1/3 6585/1/3 6588/1/3 6428/1/3
f 6586/1/4 6589/1/4 6590/1/4 6587/1/4
f 6585/1/6 6587/1/6 6590/1/6 6588/1/6
f 6426/1/5 6428/1/5 6589/1/5 6586/1/5
f 6428/5/3 6588/5/3 6591/5/3 6431/5/3
f 6589/5/4 6592/5/4 6593/5/4 6590/5/4
f 6588/5/6 6590/5/6 6593/5/6 6591/5/6
f 6428/5/5 6431/5/5 6592/5/5 6589/5/5
f 6431/2/3 6591/2/3 6571/2/3 6433/2/3
f 6592/2/4 6457/2/4 6594/2/4 6593/2/4
f 6591/2/6 6593/2/6 6594/2/6 6571/2/6
f 6431/2/5 6433/2/5 6457/2/5 6592/2/5
f 6458/2/2 6573/2/2 6595/2/2 6460/2/2
f 6457/2/4 6460/2/4 6595/2/4 6594/2/4
f 6571/2/6 6594/2/6 6595/2/6 6573/2/6
f 6434/2/1 6462/2/1 6596/2/1 6574/2/1
f 6462/2/4 6463/2/4 6597/2/4 6596/2/4
f 6574/2/6 6596/2/6 6597/2/6 6576/2/6
f 6598/4/2 6599/4/2 6600/4/2 6601/4/2
f 6465/4/3 6580/4/3 6599/4/3 6598/4/3
f 6466/4/4 6601/4/4 6600/4/4 6602/4/4
f 6465/4/5 6598/4/5 6601/4/5 6466/4/5
f 6449/2/1 6476/2/1 6603/2/1 6604/2/1
f 6449/2/3 6604/2/3 6582/2/3 6446/2/3
f 6604/2/6 6603/2/6 6605/2/6 6582/2/6
f 6455/5/2 6581/5/2 6606/5/2 6607/5/2
f 6473/5/4 6607/5/4 6606/5/4 6605/5/4
f 6582/5/6 6605/5/6 6606/5/6 6581/5/6
f 6446/5/5 6455/5/5 6607/5/5 6473/5/5
f 6461/5/2 6608/5/2 6609/5/2 6490/5/2
f 6460/5/1 6610/5/1 6611/5/1 6595/5/1
f 6460/5/3 6595/5/3 6608/5/3 6461/5/3
f 6610/5/4 6490/5/4 6609/5/4 6611/5/4
f 6595/5/6 6611/5/6 6609/5/6 6608/5/6
f 6460/5/5 6461/5/5 6490/5/5 6610/5/5
f 6463/5/1 6477/5/1 6612/5/1 6597/5/1
f 6597/5/6 6612/5/6 6613/5/6 6614/5/6
f 6478/6/4 6481/6/4 6615/6/4 6613/6/4
f 6466/2/2 6602/2/2 6616/2/2 6617/2/2
f 6479/2/4 6617/2/4 6616/2/4 6618/2/4
f 6468/2/5 6466/2/5 6617/2/5 6479/2/5
f 6473/6/2 6605/6/2 6619/6/2 6620/6/2
f 6476/6/1 6621/6/1 6622/6/1 6603/6/1
f 6603/6/6 6622/6/6 6619/6/6 6605/6/6
f 6476/6/5 6473/6/5 6620/6/5 6621/6/5
f 6478/5/2 6613/5/2 6623/5/2 6493/5/2
f 6477/5/1 6624/5/1 6625/5/1 6612/5/1
f 6624/5/4 6493/5/4 6623/5/4 6625/5/4
f 6612/5/6 6625/5/6 6623/5/6 6613/5/6
f 6477/5/5 6478/5/5 6493/5/5 6624/5/5
f 6479/5/2 6618/5/2 6626/5/2 6627/5/2
f 6481/5/1 6491/5/1 6628/5/1 6615/5/1
f 6491/5/4 6627/5/4 6626/5/4 6628/5/4
f 6481/5/5 6479/5/5 6627/5/5 6491/5/5
f 6620/3/2 6619/3/2 6629/3/2 6630/3/2
f 6621/3/1 6631/3/1 6632/3/1 6622/3/1
f 6631/3/4 6630/3/4 6629/3/4 6632/3/4
f 6622/3/6 6632/3/6 6629/3/6 6619/3/6
f 6621/3/5 6620/3/5 6630/3/5 6631/3/5
f 6624/2/2 6625/2/2 6633/2/2 6634/2/2
f 6485/2/1 6635/2/1 6636/2/1 6637/2/1
f 6485/2/3 6637/2/3 6625/2/3 6624/2/3
f 6635/2/4 6634/2/4 6633/2/4 6636/2/4
f 6637/2/6 6636/2/6 6633/2/6 6625/2/6
f 6485/2/5 6624/2/5 6634/2/5 6635/2/5
f 6638/1/2 6639/1/2 6640/1/2 6641/1/2
f 6642/1/1 6643/1/1 6644/1/1 6645/1/1
f 6642/1/3 6645/1/3 6639/1/3 6638/1/3
f 6643/1/4 6641/1/4 6640/1/4 6644/1/4
f 6645/1/6 6644/1/6 6640/1/6 6639/1/6
f 6642/1/5 6638/1/5 6641/1/5 6643/1/5
f 6646/6/2 6647/6/2 6648/6/2 6649/6/2
f 6641/6/1 6650/6/1 6651/6/1 6640/6/1
f 6641/6/3 6640/6/3 6647/6/3 6646/6/3
f 6650/6/4 6649/6/4 6648/6/4 6651/6/4
f 6640/6/6 6651/6/6 6648/6/6 6647/6/6
f 6641/6/5 6646/6/5 6649/6/5 6650/6/5
f 6652/5/2 6653/5/2 6654/5/2 6500/5/2
f 6655/5/1 6503/5/1 6656/5/1 6657/5/1
f 6655/5/3 6657/5/3 6653/5/3 6652/5/3
f 6657/5/6 6656/5/6 6654/5/6 6653/5/6
f 6655/5/5 6652/5/5 6500/5/5 6503/5/5
f 6503/6/1 6502/6/1 6658/6/1 6656/6/1
f 6656/6/6 6658/6/6 6659/6/6 6654/6/6
f 6660/3/2 6661/3/2 6662/3/2 6505/3/2
f 6500/3/3 6654/3/3 6661/3/3 6660/3/3
f 6654/3/6 6659/3/6 6662/3/6 6661/3/6
f 6500/3/5 6660/3/5 6505/3/5 6501/3/5
f 6502/6/1 6504/6/1 6663/6/1 6658/6/1
f 6505/3/2 6662/3/2 6664/3/2 6506/3/2
f 6659/3/6 6665/3/6 6664/3/6 6662/3/6
f 6504/6/1 6508/6/1 6666/6/1 6663/6/1
f 6508/6/4 6517/6/4 6667/6/4 6666/6/4
f 6506/3/2 6664/3/2 6668/3/2 6514/3/2
f 6517/3/4 6514/3/4 6668/3/4 6667/3/4
f 6665/3/6 6667/3/6 6668/3/6 6664/3/6
f 6512/4/2 6669/4/2 6670/4/2 6524/4/2
f 6514/4/1 6518/4/1 6671/4/1 6668/4/1
f 6514/4/3 6668/4/3 6669/4/3 6512/4/3
f 6668/4/6 6671/4/6 6670/4/6 6669/4/6
f 6516/6/1 6526/6/1 6672/6/1 6673/6/1
f 6516/6/3 6673/6/3 6671/6/3 6518/6/3
f 6524/6/3 6670/6/3 6674/6/3 6523/6/3
f 6670/6/6 6675/6/6 6676/6/6 6674/6/6
f 6524/6/5 6523/6/5 6548/6/5 6527/6/5
f 6530/6/2 6677/6/2 6678/6/2 6529/6/2
f 6523/6/3 6674/6/3 6677/6/3 6530/6/3
f 6674/6/6 6676/6/6 6678/6/6 6677/6/6
f 6523/6/5 6530/6/5 6529/6/5 6548/6/5
f 6534/4/1 6535/4/1 6679/4/1 6680/4/1
f 6534/4/3 6680/4/3 6681/4/3 6682/4/3
f 6680/4/6 6679/4/6 6683/4/6 6681/4/6
f 6534/4/5 6682/4/5 6553/4/5 6535/4/5
f 6682/5/3 6681/5/3 6684/5/3 6685/5/3
f 6681/5/6 6683/5/6 6686/5/6 6684/5/6
f 6682/5/5 6685/5/5 6556/5/5 6553/5/5
f 6538/5/2 6687/5/2 6688/5/2 6537/5/2
f 6685/5/3 6684/5/3 6687/5/3 6538/5/3
f 6684/5/6 6686/5/6 6688/5/6 6687/5/6
f 6685/5/5 6538/5/5 6537/5/5 6556/5/5
f 6689/5/2 6690/5/2 6691/5/2 6557/5/2
f 6543/5/1 6544/5/1 6692/5/1 6693/5/1
f 6543/5/3 6693/5/3 6690/5/3 6689/5/3
f 6544/5/4 6557/5/4 6691/5/4 6692/5/4
f 6693/5/6 6692/5/6 6691/5/6 6690/5/6
f 6543/5/5 6689/5/5 6557/5/5 6544/5/5
f 6526/2/1 6546/2/1 6694/2/1 6672/2/1
f 6546/2/4 6567/2/4 6695/2/4 6694/2/4
f 6672/2/6 6694/2/6 6695/2/6 6696/2/6
f 6567/2/4 6569/2/4 6697/2/4 6695/2/4
f 6696/2/6 6695/2/6 6697/2/6 6675/2/6
f 6529/2/3 6678/2/3 6698/2/3 6532/2/3
f 6532/5/3 6698/5/3 6679/5/3 6535/5/3
f 6553/5/5 6556/5/5 6555/5/5 6554/5/5
f 6537/5/3 6688/5/3 6699/5/3 6541/5/3
f 6688/5/6 6700/5/6 6701/5/6 6699/5/6
f 6544/5/2 6692/5/2 6702/5/2 6558/5/2
f 6541/5/3 6699/5/3 6692/5/3 6544/5/3
f 6575/5/4 6558/5/4 6702/5/4 6701/5/4
f 6546/4/2 6694/4/2 6703/4/2 6565/4/2
f 6545/4/1 6704/4/1 6705/4/1 6706/4/1
f 6545/4/3 6706/4/3 6694/4/3 6546/4/3
f 6706/4/6 6705/4/6 6703/4/6 6694/4/6
f 6545/4/5 6546/4/5 6565/4/5 6704/4/5
f 6569/5/1 6568/5/1 6707/5/1 6697/5/1
f 6568/5/4 6570/5/4 6708/5/4 6707/5/4
f 6697/5/6 6707/5/6 6708/5/6 6709/5/6
f 6570/5/4 6585/5/4 6710/5/4 6708/5/4
f 6709/5/6 6708/5/6 6710/5/6 6711/5/6
f 6550/5/5 6549/5/5 6585/5/5 6570/5/5
f 6585/5/4 6588/5/4 6712/5/4 6710/5/4
f 6711/5/6 6710/5/6 6712/5/6 6713/5/6
f 6549/5/5 6551/5/5 6588/5/5 6585/5/5
f 6588/2/4 6591/2/4 6714/2/4 6712/2/4
f 6713/2/6 6712/2/6 6714/2/6 6715/2/6
f 6551/2/5 6552/2/5 6591/2/5 6588/2/5
f 6591/4/4 6571/4/4 6716/4/4 6714/4/4
f 6715/4/6 6714/4/6 6716/4/6 6717/4/6
f 6552/4/5 6554/4/5 6571/4/5 6591/4/5
f 6571/2/4 6573/2/4 6718/2/4 6716/2/4
f 6717/2/6 6716/2/6 6718/2/6 6719/2/6
f 6573/2/4 6572/2/4 6720/2/4 6718/2/4
f 6719/2/6 6718/2/6 6720/2/6 6700/2/6
f 6575/4/2 6701/4/2 6721/4/2 6574/4/2
f 6572/4/4 6574/4/4 6721/4/4 6720/4/4
f 6700/4/6 6720/4/6 6721/4/6 6701/4/6
f 6559/2/1 6577/2/1 6722/2/1 6723/2/1
f 6559/2/3 6723/2/3 6724/2/3 6561/2/3
f 6723/2/6 6722/2/6 6725/2/6 6724/2/6
f 6561/4/3 6724/4/3 6726/4/3 6564/4/3
f 6579/4/2 6727/4/2 6728/4/2 6580/4/2
f 6564/4/3 6726/4/3 6727/4/3 6579/4/3
f 6726/4/6 6729/4/6 6728/4/6 6727/4/6
f 6565/1/2 6703/1/2 6730/1/2 6582/1/2
f 6704/1/1 6604/1/1 6731/1/1 6705/1/1
f 6604/1/4 6582/1/4 6730/1/4 6731/1/4
f 6705/1/6 6731/1/6 6730/1/6 6703/1/6
f 6704/1/5 6565/1/5 6582/1/5 6604/1/5
f 6576/2/1 6597/2/1 6732/2/1 6733/2/1
f 6576/2/3 6733/2/3 6722/2/3 6577/2/3
f 6597/2/4 6614/2/4 6734/2/4 6732/2/4
f 6733/2/6 6732/2/6 6734/2/6 6722/2/6
f 6599/1/2 6735/1/2 6736/1/2 6600/1/2
f 6580/1/3 6728/1/3 6735/1/3 6599/1/3
f 6602/1/4 6600/1/4 6736/1/4 6737/1/4
f 6728/1/6 6737/1/6 6736/1/6 6735/1/6
f 6595/5/2 6738/5/2 6739/5/2 6611/5/2
f 6594/5/1 6740/5/1 6741/5/1 6742/5/1
f 6594/5/3 6742/5/3 6738/5/3 6595/5/3
f 6740/5/4 6611/5/4 6739/5/4 6741/5/4
f 6594/5/5 6595/5/5 6611/5/5 6740/5/5
f 6596/1/2 6743/1/2 6744/1/2 6745/1/2
f 6608/1/1 6609/1/1 6746/1/1 6747/1/1
f 6608/1/3 6747/1/3 6743/1/3 6596/1/3
f 6609/1/4 6745/1/4 6744/1/4 6746/1/4
f 6747/1/6 6746/1/6 6744/1/6 6743/1/6
f 6608/1/5 6596/1/5 6745/1/5 6609/1/5
f 6614/5/1 6613/5/1 6748/5/1 6734/5/1
f 6613/5/4 6615/5/4 6749/5/4 6748/5/4
f 6734/5/6 6748/5/6 6749/5/6 6750/5/6
f 6602/2/2 6737/2/2 6751/2/2 6616/2/2
f 6618/2/4 6616/2/4 6751/2/4 6752/2/4
f 6753/2/6 6752/2/6 6751/2/6 6737/2/6
f 6609/5/2 6746/5/2 6754/5/2 6755/5/2
f 6611/5/1 6756/5/1 6757/5/1 6739/5/1
f 6611/5/3 6739/5/3 6746/5/3 6609/5/3
f 6756/5/4 6755/5/4 6754/5/4 6757/5/4
f 6611/5/5 6609/5/5 6755/5/5 6756/5/5
f 6618/2/2 6752/2/2 6758/2/2 6626/2/2
f 6615/2/1 6628/2/1 6759/2/1 6749/2/1
f 6628/2/4 6626/2/4 6758/2/4 6759/2/4
f 6749/2/6 6759/2/6 6758/2/6 6752/2/6
f 6623/1/2 6760/1/2 6761/1/2 6762/1/2
f 6625/1/1 6633/1/1 6763/1/1 6764/1/1
f 6625/1/3 6764/1/3 6760/1/3 6623/1/3
f 6633/1/4 6762/1/4 6761/1/4 6763/1/4
f 6764/1/6 6763/1/6 6761/1/6 6760/1/6
f 6625/1/5 6623/1/5 6762/1/5 6633/1/5
f 6640/6/2 6765/6/2 6766/6/2 6651/6/2
f 6644/6/1 6767/6/1 6768/6/1 6769/6/1
f 6644/6/3 6769/6/3 6765/6/3 6640/6/3
f 6769/6/6 6768/6/6 6766/6/6 6765/6/6
f 6644/6/5 6640/6/5 6651/6/5 6767/6/5
f 6767/2/1 6657/2/1 6770/2/1 6768/2/1
f 6657/2/4 6653/2/4 6771/2/4 6770/2/4
f 6768/2/6 6770/2/6 6771/2/6 6766/2/6
f 6767/2/5 6651/2/5 6653/2/5 6657/2/5
f 6648/1/2 6772/1/2 6773/1/2 6774/1/2
f 6651/1/3 6766/1/3 6772/1/3 6648/1/3
f 6766/1/6 6771/1/6 6773/1/6 6772/1/6
f 6651/1/5 6648/1/5 6774/1/5 6653/1/5
f 6774/2/2 6773/2/2 6775/2/2 6661/2/2
f 6653/2/1 6654/2/1 6776/2/1 6771/2/1
f 6654/2/4 6661/2/4 6775/2/4 6776/2/4
f 6771/2/6 6776/2/6 6775/2/6 6773/2/6
f 6653/2/5 6774/2/5 6661/2/5 6654/2/5
f 6659/2/2 6777/2/2 6778/2/2 6665/2/2
f 6658/2/1 6663/2/1 6779/2/1 6780/2/1
f 6658/2/3 6780/2/3 6777/2/3 6659/2/3
f 6780/2/6 6779/2/6 6778/2/6 6777/2/6
f 6665/1/2 6778/1/2 6781/1/2 6667/1/2
f 6663/1/1 6666/1/1 6782/1/1 6779/1/1
f 6779/1/6 6782/1/6 6781/1/6 6778/1/6
f 6667/2/2 6781/2/2 6783/2/2 6673/2/2
f 6666/2/1 6784/2/1 6785/2/1 6782/2/1
f 6784/2/4 6673/2/4 6783/2/4 6785/2/4
f 6782/2/6 6785/2/6 6783/2/6 6781/2/6
f 6666/2/5 6667/2/5 6673/2/5 6784/2/5
f 6669/5/1 6670/5/1 6786/5/1 6787/5/1
f 6669/5/3 6787/5/3 6788/5/3 6789/5/3
f 6670/5/4 6674/5/4 6790/5/4 6786/5/4
f 6787/5/6 6786/5/6 6790/5/6 6788/5/6
f 6669/5/5 6789/5/5 6674/5/5 6670/5/5
f 6789/1/3 6788/1/3 6791/1/3 6792/1/3
f 6674/1/4 6677/1/4 6793/1/4 6790/1/4
f 6788/1/6 6790/1/6 6793/1/6 6791/1/6
f 6789/1/5 6792/1/5 6677/1/5 6674/1/5
f 6792/5/3 6791/5/3 6794/5/3 6795/5/3
f 6677/5/4 6796/5/4 6797/5/4 6793/5/4
f 6791/5/6 6793/5/6 6797/5/6 6794/5/6
f 6792/5/5 6795/5/5 6796/5/5 6677/5/5
f 6798/5/2 6799/5/2 6800/5/2 6680/5/2
f 6795/5/3 6794/5/3 6799/5/3 6798/5/3
f 6796/5/4 6680/5/4 6800/5/4 6797/5/4
f 6794/5/6 6797/5/6 6800/5/6 6799/5/6
f 6795/5/5 6798/5/5 6680/5/5 6796/5/5
f 6673/1/1 6672/1/1 6801/1/1 6783/1/1
f 6673/1/3 6783/1/3 6802/1/3 6671/1/3
f 6672/1/4 6696/1/4 6803/1/4 6801/1/4
f 6783/1/6 6801/1/6 6803/1/6 6802/1/6
f 6670/1/2 6786/1/2 6804/1/2 6675/1/2
f 6671/1/3 6802/1/3 6786/1/3 6670/1/3
f 6696/1/4 6675/1/4 6804/1/4 6803/1/4
f 6802/1/6 6803/1/6 6804/1/6 6786/1/6
f 6672/4/2 6801/4/2 6805/4/2 6694/4/2
f 6806/4/1 6706/4/1 6807/4/1 6808/4/1
f 6806/4/3 6808/4/3 6801/4/3 6672/4/3
f 6706/4/4 6694/4/4 6805/4/4 6807/4/4
f 6808/4/6 6807/4/6 6805/4/6 6801/4/6
f 6806/4/5 6672/4/5 6694/4/5 6706/4/5
f 6675/2/1 6697/2/1 6809/2/1 6804/2/1
f 6675/2/3 6804/2/3 6810/2/3 6676/2/3
f 6697/2/4 6709/2/4 6811/2/4 6809/2/4
f 6804/2/6 6809/2/6 6811/2/6 6810/2/6
f 6676/2/3 6810/2/3 6812/2/3 6678/2/3
f 6709/2/4 6711/2/4 6813/2/4 6811/2/4
f 6810/2/6 6811/2/6 6813/2/6 6812/2/6
f 6678/2/3 6812/2/3 6814/2/3 6698/2/3
f 6711/2/4 6713/2/4 6815/2/4 6813/2/4
f 6698/2/3 6814/2/3 6816/2/3 6679/2/3
f 6713/2/4 6715/2/4 6817/2/4 6815/2/4
f 6679/2/3 6816/2/3 6818/2/3 6683/2/3
f 6715/2/4 6717/2/4 6819/2/4 6817/2/4
f 6816/2/6 6817/2/6 6819/2/6 6818/2/6
f 6683/5/3 6818/5/3 6820/5/3 6686/5/3
f 6717/5/4 6719/5/4 6821/5/4 6819/5/4
f 6688/6/2 6822/6/2 6823/6/2 6700/6/2
f 6686/6/3 6820/6/3 6822/6/3 6688/6/3
f 6719/6/4 6700/6/4 6823/6/4 6821/6/4
f 6820/6/6 6821/6/6 6823/6/6 6822/6/6
f 6699/5/1 6701/5/1 6824/5/1 6825/5/1
f 6699/5/3 6825/5/3 6826/5/3 6692/5/3
f 6701/5/4 6702/5/4 6827/5/4 6824/5/4
f 6692/1/3 6826/1/3 6828/1/3 6691/1/3
f 6702/1/4 6723/1/4 6829/1/4 6827/1/4
f 6826/1/6 6827/1/6 6829/1/6 6828/1/6
f 6692/1/5 6691/1/5 6723/1/5 6702/1/5
f 6830/6/2 6831/6/2 6832/6/2 6724/6/2
f 6691/6/3 6828/6/3 6831/6/3 6830/6/3
f 6723/6/4 6724/6/4 6832/6/4 6829/6/4
f 6828/6/6 6829/6/6 6832/6/6 6831/6/6
f 6691/6/5 6830/6/5 6724/6/5 6723/6/5
f 6726/5/2 6833/5/2 6834/5/2 6729/5/2
f 6724/5/1 6725/5/1 6835/5/1 6832/5/1
f 6724/5/3 6832/5/3 6833/5/3 6726/5/3
f 6832/5/6 6835/5/6 6834/5/6 6833/5/6
f 6722/2/1 6734/2/1 6836/2/1 6837/2/1
f 6722/2/3 6837/2/3 6835/2/3 6725/2/3
f 6734/2/4 6750/2/4 6838/2/4 6836/2/4
f 6837/2/6 6836/2/6 6838/2/6 6835/2/6
f 6728/4/2 6839/4/2 6840/4/2 6737/4/2
f 6729/4/3 6834/4/3 6839/4/3 6728/4/3
f 6753/4/4 6737/4/4 6840/4/4 6841/4/4
f 6834/4/6 6841/4/6 6840/4/6 6839/4/6
f 6738/2/2 6842/2/2 6843/2/2 6739/2/2
f 6742/2/1 6741/2/1 6844/2/1 6845/2/1
f 6742/2/3 6845/2/3 6842/2/3 6738/2/3
f 6741/2/4 6739/2/4 6843/2/4 6844/2/4
f 6845/2/6 6844/2/6 6843/2/6 6842/2/6
f 6753/5/2 6841/5/2 6846/5/2 6752/5/2
f 6750/5/1 6749/5/1 6847/5/1 6838/5/1
f 6749/5/4 6752/5/4 6846/5/4 6847/5/4
f 6838/5/6 6847/5/6 6846/5/6 6841/5/6
f 6746/2/2 6848/2/2 6849/2/2 6754/2/2
f 6739/2/1 6757/2/1 6850/2/1 6843/2/1
f 6739/2/3 6843/2/3 6848/2/3 6746/2/3
f 6757/2/4 6754/2/4 6849/2/4 6850/2/4
f 6843/2/6 6850/2/6 6849/2/6 6848/2/6
f 6851/5/2 6852/5/2 6853/5/2 6764/5/2
f 6744/5/1 6854/5/1 6855/5/1 6856/5/1
f 6744/5/3 6856/5/3 6852/5/3 6851/5/3
f 6854/5/4 6764/5/4 6853/5/4 6855/5/4
f 6856/5/6 6855/5/6 6853/5/6 6852/5/6
f 6744/5/5 6851/5/5 6764/5/5 6854/5/5
f 6751/2/2 6857/2/2 6858/2/2 6859/2/2
f 6752/2/1 6758/2/1 6860/2/1 6846/2/1
f 6752/2/3 6846/2/3 6857/2/3 6751/2/3
f 6758/2/4 6859/2/4 6858/2/4 6860/2/4
f 6846/2/6 6860/2/6 6858/2/6 6857/2/6
f 6752/2/5 6751/2/5 6859/2/5 6758/2/5
f 6759/2/2 6861/2/2 6862/2/2 6863/2/2
f 6760/2/1 6761/2/1 6864/2/1 6865/2/1
f 6760/2/3 6865/2/3 6861/2/3 6759/2/3
f 6761/2/4 6863/2/4 6862/2/4 6864/2/4
f 6865/2/6 6864/2/6 6862/2/6 6861/2/6
f 6760/2/5 6759/2/5 6863/2/5 6761/2/5
f 6866/3/2 6867/3/2 6868/3/2 6869/3/2
f 6870/3/1 6871/3/1 6872/3/1 6873/3/1
f 6870/3/3 6873/3/3 6867/3/3 6866/3/3
f 6873/3/6 6872/3/6 6868/3/6 6867/3/6
f 6870/3/5 6866/3/5 6869/3/5 6871/3/5
f 6871/2/1 6769/2/1 6874/2/1 6872/2/1
f 6769/2/4 6765/2/4 6875/2/4 6874/2/4
f 6872/2/6 6874/2/6 6875/2/6 6868/2/6
f 6871/2/5 6869/2/5 6765/2/5 6769/2/5
f 6876/4/2 6877/4/2 6878/4/2 6879/4/2
f 6869/4/3 6868/4/3 6877/4/3 6876/4/3
f 6868/4/6 6875/4/6 6878/4/6 6877/4/6
f 6869/4/5 6876/4/5 6879/4/5 6765/4/5
f 6879/5/2 6878/5/2 6880/5/2 6772/5/2
f 6765/5/1 6766/5/1 6881/5/1 6875/5/1
f 6766/5/4 6772/5/4 6880/5/4 6881/5/4
f 6875/5/6 6881/5/6 6880/5/6 6878/5/6
f 6765/5/5 6879/5/5 6772/5/5 6766/5/5
f 6882/6/2 6883/6/2 6884/6/2 6818/6/2
f 6800/6/1 6816/6/1 6885/6/1 6886/6/1
f 6800/6/3 6886/6/3 6883/6/3 6882/6/3
f 6816/6/4 6818/6/4 6884/6/4 6885/6/4
f 6886/6/6 6885/6/6 6884/6/6 6883/6/6
f 6800/6/5 6882/6/5 6818/6/5 6816/6/5
f 6887/5/2 6888/5/2 6889/5/2 6822/5/2
f 6890/5/1 6820/5/1 6891/5/1 6892/5/1
f 6890/5/3 6892/5/3 6888/5/3 6887/5/3
f 6820/5/4 6822/5/4 6889/5/4 6891/5/4
f 6892/5/6 6891/5/6 6889/5/6 6888/5/6
f 6890/5/5 6887/5/5 6822/5/5 6820/5/5
f 6812/4/1 6813/4/1 6893/4/1 6894/4/1
f 6812/4/3 6894/4/3 6895/4/3 6814/4/3
f 6894/4/6 6893/4/6 6896/4/6 6895/4/6
f 6816/5/2 6885/5/2 6897/5/2 6817/5/2
f 6814/5/3 6895/5/3 6885/5/3 6816/5/3
f 6815/5/4 6817/5/4 6897/5/4 6896/5/4
f 6895/5/6 6896/5/6 6897/5/6 6885/5/6
f 6820/5/2 6891/5/2 6898/5/2 6821/5/2
f 6818/5/1 6819/5/1 6899/5/1 6884/5/1
f 6818/5/3 6884/5/3 6891/5/3 6820/5/3
f 6819/5/4 6821/5/4 6898/5/4 6899/5/4
f 6884/5/6 6899/5/6 6898/5/6 6891/5/6
f 6822/6/1 6823/6/1 6900/6/1 6889/6/1
f 6822/6/3 6889/6/3 6901/6/3 6825/6/3
f 6823/6/4 6824/6/4 6902/6/4 6900/6/4
f 6889/6/6 6900/6/6 6902/6/6 6901/6/6
f 6822/6/5 6825/6/5 6824/6/5 6823/6/5
f 6826/1/2 6903/1/2 6904/1/2 6827/1/2
f 6825/1/3 6901/1/3 6903/1/3 6826/1/3
f 6824/1/4 6827/1/4 6904/1/4 6902/1/4
f 6901/1/6 6902/1/6 6904/1/6 6903/1/6
f 6811/5/1 6905/5/1 6906/5/1 6907/5/1
f 6811/5/3 6907/5/3 6893/5/3 6813/5/3
f 6905/5/4 6908/5/4 6909/5/4 6906/5/4
f 6907/5/6 6906/5/6 6909/5/6 6893/5/6
f 6811/5/5 6813/5/5 6908/5/5 6905/5/5
f 6815/1/2 6896/1/2 6910/1/2 6911/1/2
f 6908/1/4 6911/1/4 6910/1/4 6909/1/4
f 6893/1/6 6909/1/6 6910/1/6 6896/1/6
f 6813/1/5 6815/1/5 6911/1/5 6908/1/5
f 6823/2/2 6900/2/2 6912/2/2 6913/2/2
f 6821/2/1 6914/2/1 6915/2/1 6898/2/1
f 6821/2/3 6898/2/3 6900/2/3 6823/2/3
f 6898/2/6 6915/2/6 6912/2/6 6900/2/6
f 6821/2/5 6823/2/5 6913/2/5 6914/2/5
f 6829/4/2 6916/4/2 6917/4/2 6837/4/2
f 6827/4/1 6918/4/1 6919/4/1 6904/4/1
f 6827/4/3 6904/4/3 6916/4/3 6829/4/3
f 6904/4/6 6919/4/6 6917/4/6 6916/4/6
f 6827/4/5 6829/4/5 6837/4/5 6918/4/5
f 6911/2/1 6920/2/1 6921/2/1 6910/2/1
f 6911/2/3 6910/2/3 6922/2/3 6923/2/3
f 6920/2/4 6924/2/4 6925/2/4 6921/2/4
f 6910/2/6 6921/2/6 6925/2/6 6922/2/6
f 6911/2/5 6923/2/5 6924/2/5 6920/2/5
f 6926/5/2 6927/5/2 6928/5/2 6845/5/2
f 6923/5/3 6922/5/3 6927/5/3 6926/5/3
f 6924/5/4 6845/5/4 6928/5/4 6925/5/4
f 6922/5/6 6925/5/6 6928/5/6 6927/5/6
f 6923/5/5 6926/5/5 6845/5/5 6924/5/5
f 6913/5/2 6912/5/2 6929/5/2 6930/5/2
f 6914/5/1 6842/5/1 6931/5/1 6915/5/1
f 6842/5/4 6930/5/4 6929/5/4 6931/5/4
f 6915/5/6 6931/5/6 6929/5/6 6912/5/6
f 6914/5/5 6913/5/5 6930/5/5 6842/5/5
f 6837/5/2 6917/5/2 6932/5/2 6836/5/2
f 6918/5/1 6933/5/1 6934/5/1 6919/5/1
f 6933/5/4 6836/5/4 6932/5/4 6934/5/4
f 6919/5/6 6934/5/6 6932/5/6 6917/5/6
f 6918/5/5 6837/5/5 6836/5/5 6933/5/5
f 6834/2/2 6935/2/2 6936/2/2 6841/2/2
f 6835/2/1 6838/2/1 6937/2/1 6938/2/1
f 6835/2/3 6938/2/3 6935/2/3 6834/2/3
f 6838/2/4 6841/2/4 6936/2/4 6937/2/4
f 6938/2/6 6937/2/6 6936/2/6 6935/2/6
f 6930/4/1 6848/4/1 6939/4/1 6929/4/1
f 6930/4/3 6929/4/3 6940/4/3 6941/4/3
f 6848/4/4 6856/4/4 6942/4/4 6939/4/4
f 6929/4/6 6939/4/6 6942/4/6 6940/4/6
f 6930/4/5 6941/4/5 6856/4/5 6848/4/5
f 6933/6/2 6934/6/2 6943/6/2 6852/6/2
f 6941/6/3 6940/6/3 6934/6/3 6933/6/3
f 6856/6/4 6852/6/4 6943/6/4 6942/6/4
f 6940/6/6 6942/6/6 6943/6/6 6934/6/6
f 6941/6/5 6933/6/5 6852/6/5 6856/6/5
f 6838/1/2 6937/1/2 6944/1/2 6847/1/2
f 6836/1/1 6945/1/1 6946/1/1 6932/1/1
f 6836/1/3 6932/1/3 6937/1/3 6838/1/3
f 6945/1/4 6847/1/4 6944/1/4 6946/1/4
f 6932/1/6 6946/1/6 6944/1/6 6937/1/6
f 6836/1/5 6838/1/5 6847/1/5 6945/1/5
f 6945/2/2 6946/2/2 6947/2/2 6865/2/2
f 6852/2/1 6853/2/1 6948/2/1 6943/2/1
f 6852/2/3 6943/2/3 6946/2/3 6945/2/3
f 6853/2/4 6865/2/4 6947/2/4 6948/2/4
f 6943/2/6 6948/2/6 6947/2/6 6946/2/6
f 6852/2/5 6945/2/5 6865/2/5 6853/2/5
f 6846/5/2 6949/5/2 6950/5/2 6860/5/2
f 6847/5/1 6861/5/1 6951/5/1 6944/5/1
f 6847/5/3 6944/5/3 6949/5/3 6846/5/3
f 6861/5/4 6860/5/4 6950/5/4 6951/5/4
f 6944/5/6 6951/5/6 6950/5/6 6949/5/6
f 6847/5/5 6846/5/5 6860/5/5 6861/5/5
