mtllib Sietecueros_Karoll_Alexandra_Duran_Vásquez_fase_4.mtl
o Sietecueros_Karoll_Alexandra_Duran_Vásquez_fase_4
v -20.0000 5.0000 -4.0000
v -20.0000 5.0000 -5.0000
v -19.0000 5.0000 -5.0000
v -19.0000 5.0000 -4.0000
v -19.0000 6.0000 -4.0000
v -20.0000 6.0000 -4.0000
v -20.0000 6.0000 -5.0000
v -20.0000 7.0000 -4.0000
v -19.0000 7.0000 -4.0000
v -19.0000 7.0000 -5.0000
v -20.0000 7.0000 -5.0000
v -19.0000 6.0000 -5.0000
v -19.0000 6.0000 -6.0000
v -20.0000 6.0000 -6.0000
v -20.0000 5.0000 -6.0000
v -19.0000 5.0000 -6.0000
v -20.0000 5.0000 -7.0000
v -19.0000 5.0000 -7.0000
v -20.0000 6.0000 -7.0000
v -20.0000 7.0000 -6.0000
v -19.0000 7.0000 -6.0000
v -19.0000 7.0000 -7.0000
v -20.0000 7.0000 -7.0000
v -19.0000 6.0000 -7.0000
v -19.0000 6.0000 -8.0000
v -20.0000 6.0000 -8.0000
v -20.0000 5.0000 -8.0000
v -19.0000 5.0000 -8.0000
v -19.0000 6.0000 -2.0000
v -18.0000 6.0000 -2.0000
v -18.0000 6.0000 -3.0000
v -19.0000 6.0000 -3.0000
v -19.0000 5.0000 -2.0000
v -19.0000 5.0000 -3.0000
v -18.0000 5.0000 -3.0000
v -18.0000 5.0000 -2.0000
v -18.0000 6.0000 -4.0000
v -18.0000 5.0000 -4.0000
v -19.0000 11.0000 -3.0000
v -18.0000 11.0000 -3.0000
v -18.0000 11.0000 -4.0000
v -19.0000 11.0000 -4.0000
v -19.0000 10.0000 -3.0000
v -19.0000 10.0000 -4.0000
v -18.0000 10.0000 -4.0000
v -18.0000 10.0000 -3.0000
v -18.0000 5.0000 -5.0000
v -18.0000 7.0000 -4.0000
v -18.0000 7.0000 -5.0000
v -18.0000 5.0000 -6.0000
v -18.0000 7.0000 -6.0000
v -18.0000 5.0000 -7.0000
v -18.0000 7.0000 -7.0000
v -18.0000 5.0000 -8.0000
v -18.0000 6.0000 -8.0000
v -18.0000 7.0000 -8.0000
v -19.0000 7.0000 -8.0000
v -18.0000 7.0000 -9.0000
v -19.0000 7.0000 -9.0000
v -19.0000 6.0000 -9.0000
v -18.0000 6.0000 -9.0000
v -18.0000 5.0000 20.0000
v -17.0000 5.0000 20.0000
v -17.0000 5.0000 19.0000
v -18.0000 5.0000 19.0000
v -18.0000 4.0000 20.0000
v -18.0000 4.0000 19.0000
v -17.0000 4.0000 19.0000
v -17.0000 4.0000 20.0000
v -18.0000 11.0000 20.0000
v -17.0000 11.0000 20.0000
v -17.0000 11.0000 19.0000
v -18.0000 11.0000 19.0000
v -18.0000 10.0000 20.0000
v -18.0000 10.0000 19.0000
v -17.0000 10.0000 19.0000
v -17.0000 10.0000 20.0000
v -18.0000 17.0000 20.0000
v -17.0000 17.0000 20.0000
v -17.0000 17.0000 19.0000
v -18.0000 17.0000 19.0000
v -18.0000 16.0000 20.0000
v -18.0000 16.0000 19.0000
v -17.0000 16.0000 19.0000
v -17.0000 16.0000 20.0000
v -18.0000 10.0000 18.0000
v -17.0000 10.0000 18.0000
v -18.0000 11.0000 18.0000
v -17.0000 11.0000 18.0000
v -18.0000 12.0000 19.0000
v -17.0000 12.0000 19.0000
v -17.0000 12.0000 18.0000
v -18.0000 12.0000 18.0000
v -18.0000 16.0000 18.0000
v -17.0000 16.0000 18.0000
v -18.0000 17.0000 18.0000
v -17.0000 17.0000 18.0000
v -18.0000 18.0000 19.0000
v -17.0000 18.0000 19.0000
v -17.0000 18.0000 18.0000
v -18.0000 18.0000 18.0000
v -18.0000 4.0000 18.0000
v -18.0000 4.0000 17.0000
v -17.0000 4.0000 17.0000
v -17.0000 4.0000 18.0000
v -17.0000 5.0000 18.0000
v -18.0000 5.0000 18.0000
v -18.0000 5.0000 17.0000
v -17.0000 5.0000 17.0000
v -17.0000 6.0000 18.0000
v -18.0000 6.0000 18.0000
v -18.0000 6.0000 17.0000
v -17.0000 6.0000 17.0000
v -17.0000 7.0000 18.0000
v -18.0000 7.0000 18.0000
v -18.0000 7.0000 17.0000
v -17.0000 8.0000 18.0000
v -18.0000 8.0000 18.0000
v -18.0000 8.0000 17.0000
v -18.0000 9.0000 18.0000
v -17.0000 9.0000 18.0000
v -17.0000 9.0000 17.0000
v -18.0000 9.0000 17.0000
v -18.0000 11.0000 17.0000
v -17.0000 11.0000 17.0000
v -18.0000 12.0000 17.0000
v -17.0000 12.0000 17.0000
v -18.0000 13.0000 18.0000
v -17.0000 13.0000 18.0000
v -17.0000 13.0000 17.0000
v -18.0000 13.0000 17.0000
v -18.0000 17.0000 17.0000
v -17.0000 17.0000 17.0000
v -18.0000 18.0000 17.0000
v -17.0000 18.0000 17.0000
v -18.0000 19.0000 18.0000
v -17.0000 19.0000 18.0000
v -17.0000 19.0000 17.0000
v -18.0000 19.0000 17.0000
v -18.0000 6.0000 16.0000
v -17.0000 6.0000 16.0000
v -18.0000 7.0000 16.0000
v -18.0000 8.0000 16.0000
v -18.0000 9.0000 16.0000
v -18.0000 10.0000 17.0000
v -17.0000 10.0000 17.0000
v -17.0000 10.0000 16.0000
v -18.0000 10.0000 16.0000
v -18.0000 12.0000 16.0000
v -17.0000 12.0000 16.0000
v -18.0000 13.0000 16.0000
v -17.0000 13.0000 16.0000
v -18.0000 14.0000 17.0000
v -17.0000 14.0000 17.0000
v -17.0000 14.0000 16.0000
v -18.0000 14.0000 16.0000
v -18.0000 18.0000 16.0000
v -17.0000 18.0000 16.0000
v -18.0000 19.0000 16.0000
v -17.0000 19.0000 16.0000
v -18.0000 20.0000 17.0000
v -17.0000 20.0000 17.0000
v -17.0000 20.0000 16.0000
v -18.0000 20.0000 16.0000
v -18.0000 4.0000 16.0000
v -18.0000 4.0000 15.0000
v -17.0000 4.0000 15.0000
v -17.0000 4.0000 16.0000
v -17.0000 5.0000 16.0000
v -18.0000 5.0000 16.0000
v -18.0000 5.0000 15.0000
v -18.0000 6.0000 15.0000
v -18.0000 7.0000 15.0000
v -18.0000 8.0000 15.0000
v -18.0000 9.0000 15.0000
v -18.0000 10.0000 15.0000
v -17.0000 11.0000 16.0000
v -18.0000 11.0000 16.0000
v -18.0000 11.0000 15.0000
v -17.0000 12.0000 15.0000
v -18.0000 12.0000 15.0000
v -18.0000 15.0000 16.0000
v -17.0000 15.0000 16.0000
v -17.0000 15.0000 15.0000
v -18.0000 15.0000 15.0000
v -18.0000 14.0000 15.0000
v -17.0000 14.0000 15.0000
v -17.0000 20.0000 15.0000
v -18.0000 20.0000 15.0000
v -18.0000 19.0000 15.0000
v -17.0000 19.0000 15.0000
v -18.0000 2.0000 15.0000
v -18.0000 2.0000 14.0000
v -17.0000 2.0000 14.0000
v -17.0000 2.0000 15.0000
v -17.0000 3.0000 15.0000
v -18.0000 3.0000 15.0000
v -18.0000 3.0000 14.0000
v -17.0000 3.0000 14.0000
v -18.0000 4.0000 14.0000
v -17.0000 4.0000 14.0000
v -18.0000 5.0000 14.0000
v -17.0000 5.0000 14.0000
v -18.0000 6.0000 14.0000
v -18.0000 7.0000 14.0000
v -18.0000 8.0000 14.0000
v -18.0000 9.0000 14.0000
v -18.0000 10.0000 14.0000
v -18.0000 11.0000 14.0000
v -18.0000 12.0000 14.0000
v -18.0000 13.0000 15.0000
v -17.0000 13.0000 15.0000
v -17.0000 13.0000 14.0000
v -18.0000 13.0000 14.0000
v -18.0000 16.0000 15.0000
v -17.0000 16.0000 15.0000
v -17.0000 16.0000 14.0000
v -18.0000 16.0000 14.0000
v -18.0000 15.0000 14.0000
v -17.0000 15.0000 14.0000
v -18.0000 5.0000 13.0000
v -17.0000 5.0000 13.0000
v -18.0000 6.0000 13.0000
v -17.0000 6.0000 13.0000
v -18.0000 7.0000 13.0000
v -17.0000 7.0000 13.0000
v -18.0000 8.0000 13.0000
v -17.0000 8.0000 13.0000
v -18.0000 9.0000 13.0000
v -17.0000 9.0000 13.0000
v -18.0000 10.0000 13.0000
v -17.0000 10.0000 13.0000
v -18.0000 11.0000 13.0000
v -17.0000 11.0000 13.0000
v -18.0000 12.0000 13.0000
v -17.0000 12.0000 13.0000
v -18.0000 13.0000 13.0000
v -17.0000 13.0000 13.0000
v -18.0000 14.0000 14.0000
v -17.0000 14.0000 14.0000
v -17.0000 14.0000 13.0000
v -18.0000 14.0000 13.0000
v -18.0000 17.0000 14.0000
v -17.0000 17.0000 14.0000
v -17.0000 17.0000 13.0000
v -18.0000 17.0000 13.0000
v -18.0000 16.0000 13.0000
v -17.0000 16.0000 13.0000
v -18.0000 4.0000 13.0000
v -17.0000 4.0000 13.0000
v -17.0000 4.0000 12.0000
v -18.0000 4.0000 12.0000
v -18.0000 3.0000 13.0000
v -18.0000 3.0000 12.0000
v -17.0000 3.0000 12.0000
v -17.0000 3.0000 13.0000
v -18.0000 18.0000 13.0000
v -17.0000 18.0000 13.0000
v -17.0000 18.0000 12.0000
v -18.0000 18.0000 12.0000
v -18.0000 17.0000 12.0000
v -17.0000 17.0000 12.0000
v -18.0000 2.0000 12.0000
v -17.0000 2.0000 12.0000
v -17.0000 2.0000 11.0000
v -18.0000 2.0000 11.0000
v -18.0000 1.0000 12.0000
v -18.0000 1.0000 11.0000
v -17.0000 1.0000 11.0000
v -17.0000 1.0000 12.0000
v -18.0000 3.0000 11.0000
v -17.0000 3.0000 11.0000
v -18.0000 4.0000 11.0000
v -17.0000 4.0000 11.0000
v -17.0000 5.0000 12.0000
v -18.0000 5.0000 12.0000
v -18.0000 5.0000 11.0000
v -17.0000 5.0000 11.0000
v -18.0000 6.0000 12.0000
v -17.0000 6.0000 12.0000
v -17.0000 6.0000 11.0000
v -18.0000 6.0000 11.0000
v -18.0000 11.0000 12.0000
v -18.0000 11.0000 11.0000
v -17.0000 11.0000 11.0000
v -17.0000 11.0000 12.0000
v -17.0000 12.0000 12.0000
v -18.0000 12.0000 12.0000
v -18.0000 12.0000 11.0000
v -17.0000 12.0000 11.0000
v -17.0000 13.0000 12.0000
v -18.0000 13.0000 12.0000
v -18.0000 13.0000 11.0000
v -17.0000 14.0000 12.0000
v -18.0000 14.0000 12.0000
v -18.0000 14.0000 11.0000
v -17.0000 15.0000 12.0000
v -18.0000 15.0000 12.0000
v -18.0000 15.0000 11.0000
v -18.0000 16.0000 12.0000
v -17.0000 16.0000 12.0000
v -17.0000 16.0000 11.0000
v -18.0000 16.0000 11.0000
v -18.0000 19.0000 12.0000
v -17.0000 19.0000 12.0000
v -17.0000 19.0000 11.0000
v -18.0000 19.0000 11.0000
v -18.0000 18.0000 11.0000
v -17.0000 18.0000 11.0000
v -18.0000 1.0000 10.0000
v -17.0000 1.0000 10.0000
v -17.0000 2.0000 10.0000
v -18.0000 2.0000 10.0000
v -17.0000 3.0000 10.0000
v -18.0000 3.0000 10.0000
v -18.0000 6.0000 10.0000
v -17.0000 6.0000 10.0000
v -17.0000 7.0000 11.0000
v -18.0000 7.0000 11.0000
v -18.0000 7.0000 10.0000
v -17.0000 8.0000 11.0000
v -18.0000 8.0000 11.0000
v -18.0000 8.0000 10.0000
v -17.0000 9.0000 11.0000
v -18.0000 9.0000 11.0000
v -18.0000 9.0000 10.0000
v -18.0000 10.0000 11.0000
v -17.0000 10.0000 11.0000
v -17.0000 10.0000 10.0000
v -18.0000 10.0000 10.0000
v -18.0000 12.0000 10.0000
v -17.0000 12.0000 10.0000
v -18.0000 13.0000 10.0000
v -17.0000 13.0000 10.0000
v -18.0000 14.0000 10.0000
v -17.0000 14.0000 10.0000
v -18.0000 15.0000 10.0000
v -17.0000 15.0000 10.0000
v -18.0000 16.0000 10.0000
v -18.0000 17.0000 11.0000
v -17.0000 17.0000 11.0000
v -17.0000 17.0000 10.0000
v -18.0000 17.0000 10.0000
v -18.0000 20.0000 11.0000
v -17.0000 20.0000 11.0000
v -17.0000 20.0000 10.0000
v -18.0000 20.0000 10.0000
v -18.0000 19.0000 10.0000
v -17.0000 19.0000 10.0000
v -18.0000 1.0000 9.0000
v -17.0000 1.0000 9.0000
v -17.0000 2.0000 9.0000
v -18.0000 2.0000 9.0000
v -17.0000 3.0000 9.0000
v -18.0000 3.0000 9.0000
v -18.0000 5.0000 10.0000
v -18.0000 5.0000 9.0000
v -17.0000 5.0000 9.0000
v -17.0000 5.0000 10.0000
v -18.0000 6.0000 9.0000
v -18.0000 7.0000 9.0000
v -18.0000 8.0000 9.0000
v -18.0000 9.0000 9.0000
v -17.0000 10.0000 9.0000
v -18.0000 10.0000 9.0000
v -18.0000 15.0000 9.0000
v -17.0000 15.0000 9.0000
v -18.0000 16.0000 9.0000
v -17.0000 16.0000 9.0000
v -18.0000 17.0000 9.0000
v -17.0000 17.0000 9.0000
v -18.0000 18.0000 10.0000
v -17.0000 18.0000 10.0000
v -17.0000 18.0000 9.0000
v -18.0000 18.0000 9.0000
v -18.0000 1.0000 8.0000
v -17.0000 1.0000 8.0000
v -18.0000 2.0000 8.0000
v -17.0000 3.0000 8.0000
v -18.0000 3.0000 8.0000
v -18.0000 5.0000 8.0000
v -17.0000 5.0000 8.0000
v -18.0000 6.0000 8.0000
v -18.0000 7.0000 8.0000
v -18.0000 8.0000 8.0000
v -17.0000 8.0000 8.0000
v -17.0000 7.0000 8.0000
v -18.0000 9.0000 8.0000
v -17.0000 9.0000 8.0000
v -18.0000 10.0000 8.0000
v -17.0000 11.0000 9.0000
v -18.0000 11.0000 9.0000
v -18.0000 11.0000 8.0000
v -17.0000 12.0000 9.0000
v -18.0000 12.0000 9.0000
v -18.0000 12.0000 8.0000
v -18.0000 13.0000 9.0000
v -17.0000 13.0000 9.0000
v -17.0000 13.0000 8.0000
v -18.0000 13.0000 8.0000
v -17.0000 12.0000 8.0000
v -18.0000 17.0000 8.0000
v -17.0000 17.0000 8.0000
v -18.0000 18.0000 8.0000
v -17.0000 18.0000 8.0000
v -18.0000 19.0000 9.0000
v -17.0000 19.0000 9.0000
v -17.0000 19.0000 8.0000
v -18.0000 19.0000 8.0000
v -18.0000 1.0000 7.0000
v -17.0000 1.0000 7.0000
v -17.0000 2.0000 7.0000
v -17.0000 2.0000 8.0000
v -18.0000 2.0000 7.0000
v -17.0000 3.0000 7.0000
v -18.0000 3.0000 7.0000
v -18.0000 4.0000 8.0000
v -18.0000 4.0000 7.0000
v -17.0000 4.0000 7.0000
v -17.0000 4.0000 8.0000
v -18.0000 5.0000 7.0000
v -18.0000 6.0000 7.0000
v -17.0000 7.0000 7.0000
v -18.0000 7.0000 7.0000
v -18.0000 9.0000 7.0000
v -17.0000 9.0000 7.0000
v -18.0000 10.0000 7.0000
v -17.0000 10.0000 7.0000
v -18.0000 11.0000 7.0000
v -17.0000 12.0000 7.0000
v -18.0000 12.0000 7.0000
v -17.0000 17.0000 7.0000
v -18.0000 17.0000 7.0000
v -18.0000 16.0000 8.0000
v -18.0000 16.0000 7.0000
v -17.0000 16.0000 7.0000
v -17.0000 16.0000 8.0000
v -18.0000 1.0000 6.0000
v -17.0000 1.0000 6.0000
v -18.0000 2.0000 6.0000
v -17.0000 3.0000 6.0000
v -18.0000 3.0000 6.0000
v -18.0000 4.0000 6.0000
v -17.0000 4.0000 6.0000
v -18.0000 5.0000 6.0000
v -18.0000 6.0000 6.0000
v -18.0000 7.0000 6.0000
v -18.0000 8.0000 7.0000
v -17.0000 8.0000 7.0000
v -17.0000 8.0000 6.0000
v -18.0000 8.0000 6.0000
v -18.0000 10.0000 6.0000
v -17.0000 10.0000 6.0000
v -18.0000 11.0000 6.0000
v -17.0000 11.0000 6.0000
v -17.0000 12.0000 6.0000
v -18.0000 12.0000 6.0000
v -18.0000 14.0000 7.0000
v -17.0000 14.0000 7.0000
v -17.0000 14.0000 6.0000
v -18.0000 14.0000 6.0000
v -18.0000 13.0000 7.0000
v -18.0000 13.0000 6.0000
v -17.0000 13.0000 6.0000
v -17.0000 13.0000 7.0000
v -17.0000 16.0000 6.0000
v -18.0000 16.0000 6.0000
v -18.0000 15.0000 7.0000
v -18.0000 15.0000 6.0000
v -17.0000 15.0000 6.0000
v -17.0000 15.0000 7.0000
v -18.0000 1.0000 5.0000
v -17.0000 1.0000 5.0000
v -18.0000 2.0000 5.0000
v -17.0000 3.0000 5.0000
v -18.0000 3.0000 5.0000
v -18.0000 4.0000 5.0000
v -17.0000 4.0000 5.0000
v -18.0000 5.0000 5.0000
v -18.0000 6.0000 5.0000
v -18.0000 7.0000 5.0000
v -18.0000 8.0000 5.0000
v -17.0000 9.0000 6.0000
v -18.0000 9.0000 6.0000
v -18.0000 9.0000 5.0000
v -17.0000 10.0000 5.0000
v -18.0000 10.0000 5.0000
v -18.0000 16.0000 5.0000
v -17.0000 16.0000 5.0000
v -17.0000 17.0000 6.0000
v -18.0000 17.0000 6.0000
v -18.0000 17.0000 5.0000
v -18.0000 18.0000 6.0000
v -17.0000 18.0000 6.0000
v -17.0000 18.0000 5.0000
v -18.0000 18.0000 5.0000
v -18.0000 1.0000 4.0000
v -17.0000 1.0000 4.0000
v -18.0000 2.0000 4.0000
v -17.0000 3.0000 4.0000
v -18.0000 3.0000 4.0000
v -17.0000 2.0000 4.0000
v -18.0000 4.0000 4.0000
v -17.0000 4.0000 4.0000
v -18.0000 5.0000 4.0000
v -18.0000 6.0000 4.0000
v -18.0000 7.0000 4.0000
v -18.0000 8.0000 4.0000
v -18.0000 9.0000 4.0000
v -18.0000 10.0000 4.0000
v -17.0000 11.0000 5.0000
v -18.0000 11.0000 5.0000
v -18.0000 11.0000 4.0000
v -18.0000 12.0000 5.0000
v -17.0000 12.0000 5.0000
v -17.0000 12.0000 4.0000
v -18.0000 12.0000 4.0000
v -18.0000 16.0000 4.0000
v -17.0000 16.0000 4.0000
v -18.0000 17.0000 4.0000
v -17.0000 17.0000 4.0000
v -18.0000 18.0000 4.0000
v -17.0000 19.0000 5.0000
v -18.0000 19.0000 5.0000
v -18.0000 19.0000 4.0000
v -18.0000 20.0000 5.0000
v -17.0000 20.0000 5.0000
v -17.0000 20.0000 4.0000
v -18.0000 20.0000 4.0000
v -17.0000 2.0000 3.0000
v -18.0000 2.0000 3.0000
v -18.0000 1.0000 3.0000
v -17.0000 1.0000 3.0000
v -18.0000 4.0000 3.0000
v -17.0000 4.0000 3.0000
v -18.0000 5.0000 3.0000
v -18.0000 6.0000 3.0000
v -18.0000 7.0000 3.0000
v -18.0000 8.0000 3.0000
v -18.0000 9.0000 3.0000
v -18.0000 10.0000 3.0000
v -18.0000 11.0000 3.0000
v -18.0000 12.0000 3.0000
v -18.0000 13.0000 4.0000
v -17.0000 13.0000 4.0000
v -17.0000 13.0000 3.0000
v -18.0000 13.0000 3.0000
v -18.0000 17.0000 3.0000
v -17.0000 17.0000 3.0000
v -18.0000 18.0000 3.0000
v -17.0000 18.0000 3.0000
v -18.0000 19.0000 3.0000
v -17.0000 20.0000 3.0000
v -18.0000 20.0000 3.0000
v -17.0000 19.0000 3.0000
v -17.0000 19.0000 4.0000
v -17.0000 2.0000 2.0000
v -18.0000 2.0000 2.0000
v -18.0000 1.0000 2.0000
v -17.0000 1.0000 2.0000
v -18.0000 3.0000 3.0000
v -18.0000 3.0000 2.0000
v -17.0000 3.0000 2.0000
v -17.0000 3.0000 3.0000
v -18.0000 4.0000 2.0000
v -17.0000 4.0000 2.0000
v -18.0000 5.0000 2.0000
v -18.0000 6.0000 2.0000
v -18.0000 7.0000 2.0000
v -18.0000 8.0000 2.0000
v -18.0000 9.0000 2.0000
v -18.0000 10.0000 2.0000
v -18.0000 11.0000 2.0000
v -18.0000 12.0000 2.0000
v -17.0000 13.0000 2.0000
v -18.0000 13.0000 2.0000
v -17.0000 19.0000 2.0000
v -18.0000 19.0000 2.0000
v -18.0000 18.0000 2.0000
v -17.0000 18.0000 2.0000
v -17.0000 2.0000 1.0000
v -18.0000 2.0000 1.0000
v -18.0000 1.0000 1.0000
v -17.0000 1.0000 1.0000
v -18.0000 4.0000 1.0000
v -17.0000 4.0000 1.0000
v -18.0000 5.0000 1.0000
v -17.0000 5.0000 1.0000
v -18.0000 6.0000 1.0000
v -18.0000 7.0000 1.0000
v -18.0000 8.0000 1.0000
v -18.0000 9.0000 1.0000
v -18.0000 10.0000 1.0000
v -18.0000 11.0000 1.0000
v -18.0000 12.0000 1.0000
v -17.0000 13.0000 1.0000
v -18.0000 13.0000 1.0000
v -18.0000 16.0000 2.0000
v -17.0000 16.0000 2.0000
v -17.0000 16.0000 1.0000
v -18.0000 16.0000 1.0000
v -18.0000 15.0000 2.0000
v -18.0000 15.0000 1.0000
v -17.0000 15.0000 1.0000
v -17.0000 15.0000 2.0000
v -18.0000 0.0000 1.0000
v -18.0000 0.0000 -0.0000
v -17.0000 0.0000 -0.0000
v -17.0000 0.0000 1.0000
v -17.0000 1.0000 -0.0000
v -18.0000 1.0000 -0.0000
v -18.0000 2.0000 -0.0000
v -18.0000 3.0000 1.0000
v -17.0000 3.0000 1.0000
v -17.0000 3.0000 -0.0000
v -18.0000 3.0000 -0.0000
v -18.0000 5.0000 -0.0000
v -17.0000 5.0000 -0.0000
v -18.0000 6.0000 -0.0000
v -18.0000 7.0000 -0.0000
v -18.0000 8.0000 -0.0000
v -18.0000 9.0000 -0.0000
v -18.0000 10.0000 -0.0000
v -18.0000 11.0000 -0.0000
v -18.0000 12.0000 -0.0000
v -17.0000 12.0000 -0.0000
v -17.0000 11.0000 -0.0000
v -17.0000 13.0000 -0.0000
v -18.0000 13.0000 -0.0000
v -18.0000 0.0000 -1.0000
v -17.0000 0.0000 -1.0000
v -18.0000 1.0000 -1.0000
v -18.0000 2.0000 -1.0000
v -18.0000 3.0000 -1.0000
v -17.0000 4.0000 -0.0000
v -18.0000 4.0000 -0.0000
v -18.0000 4.0000 -1.0000
v -18.0000 5.0000 -1.0000
v -18.0000 6.0000 -1.0000
v -18.0000 7.0000 -1.0000
v -18.0000 8.0000 -1.0000
v -18.0000 9.0000 -1.0000
v -18.0000 10.0000 -1.0000
v -17.0000 11.0000 -1.0000
v -18.0000 11.0000 -1.0000
v -18.0000 13.0000 -1.0000
v -17.0000 13.0000 -1.0000
v -17.0000 14.0000 -0.0000
v -18.0000 14.0000 -0.0000
v -18.0000 14.0000 -1.0000
v -17.0000 14.0000 -1.0000
v -18.0000 15.0000 -0.0000
v -17.0000 15.0000 -0.0000
v -17.0000 15.0000 -1.0000
v -18.0000 15.0000 -1.0000
v -18.0000 0.0000 -2.0000
v -17.0000 0.0000 -2.0000
v -18.0000 1.0000 -2.0000
v -18.0000 2.0000 -2.0000
v -18.0000 3.0000 -2.0000
v -18.0000 4.0000 -2.0000
v -18.0000 7.0000 -2.0000
v -18.0000 8.0000 -2.0000
v -18.0000 9.0000 -2.0000
v -18.0000 10.0000 -2.0000
v -18.0000 11.0000 -2.0000
v -18.0000 12.0000 -1.0000
v -17.0000 12.0000 -1.0000
v -17.0000 12.0000 -2.0000
v -18.0000 12.0000 -2.0000
v -17.0000 15.0000 -2.0000
v -18.0000 15.0000 -2.0000
v -18.0000 14.0000 -2.0000
v -17.0000 14.0000 -2.0000
v -18.0000 17.0000 -1.0000
v -17.0000 17.0000 -1.0000
v -17.0000 17.0000 -2.0000
v -18.0000 17.0000 -2.0000
v -18.0000 16.0000 -1.0000
v -18.0000 16.0000 -2.0000
v -17.0000 16.0000 -2.0000
v -17.0000 16.0000 -1.0000
v -18.0000 0.0000 -3.0000
v -17.0000 0.0000 -3.0000
v -18.0000 1.0000 -3.0000
v -17.0000 1.0000 -3.0000
v -18.0000 2.0000 -3.0000
v -18.0000 3.0000 -3.0000
v -17.0000 3.0000 -3.0000
v -17.0000 2.0000 -3.0000
v -18.0000 4.0000 -3.0000
v -17.0000 4.0000 -3.0000
v -18.0000 7.0000 -3.0000
v -18.0000 8.0000 -3.0000
v -17.0000 8.0000 -3.0000
v -17.0000 7.0000 -3.0000
v -18.0000 9.0000 -3.0000
v -18.0000 12.0000 -3.0000
v -17.0000 13.0000 -2.0000
v -18.0000 13.0000 -2.0000
v -18.0000 13.0000 -3.0000
v -18.0000 14.0000 -3.0000
v -17.0000 15.0000 -3.0000
v -18.0000 15.0000 -3.0000
v -18.0000 16.0000 -3.0000
v -17.0000 16.0000 -3.0000
v -18.0000 17.0000 -3.0000
v -17.0000 17.0000 -3.0000
v -18.0000 18.0000 -2.0000
v -17.0000 18.0000 -2.0000
v -17.0000 18.0000 -3.0000
v -18.0000 18.0000 -3.0000
v -17.0000 2.0000 -4.0000
v -18.0000 2.0000 -4.0000
v -18.0000 1.0000 -4.0000
v -17.0000 1.0000 -4.0000
v -18.0000 4.0000 -4.0000
v -17.0000 4.0000 -4.0000
v -17.0000 7.0000 -4.0000
v -18.0000 8.0000 -4.0000
v -17.0000 8.0000 -4.0000
v -18.0000 9.0000 -4.0000
v -17.0000 9.0000 -4.0000
v -18.0000 12.0000 -4.0000
v -18.0000 13.0000 -4.0000
v -18.0000 14.0000 -4.0000
v -17.0000 14.0000 -4.0000
v -17.0000 13.0000 -4.0000
v -18.0000 15.0000 -4.0000
v -17.0000 16.0000 -4.0000
v -18.0000 16.0000 -4.0000
v -17.0000 15.0000 -4.0000
v -17.0000 2.0000 -5.0000
v -18.0000 2.0000 -5.0000
v -18.0000 1.0000 -5.0000
v -17.0000 1.0000 -5.0000
v -18.0000 4.0000 -5.0000
v -17.0000 4.0000 -5.0000
v -17.0000 7.0000 -5.0000
v -18.0000 9.0000 -5.0000
v -17.0000 9.0000 -5.0000
v -18.0000 10.0000 -5.0000
v -17.0000 10.0000 -5.0000
v -18.0000 11.0000 -5.0000
v -18.0000 12.0000 -5.0000
v -17.0000 13.0000 -5.0000
v -18.0000 13.0000 -5.0000
v -17.0000 15.0000 -5.0000
v -18.0000 15.0000 -5.0000
v -18.0000 14.0000 -5.0000
v -17.0000 14.0000 -5.0000
v -17.0000 2.0000 -6.0000
v -18.0000 2.0000 -6.0000
v -18.0000 1.0000 -6.0000
v -17.0000 1.0000 -6.0000
v -18.0000 4.0000 -6.0000
v -17.0000 4.0000 -6.0000
v -17.0000 8.0000 -5.0000
v -18.0000 8.0000 -5.0000
v -18.0000 8.0000 -6.0000
v -17.0000 9.0000 -6.0000
v -18.0000 9.0000 -6.0000
v -18.0000 10.0000 -6.0000
v -17.0000 10.0000 -6.0000
v -18.0000 11.0000 -6.0000
v -17.0000 11.0000 -6.0000
v -18.0000 12.0000 -6.0000
v -17.0000 13.0000 -6.0000
v -18.0000 13.0000 -6.0000
v -18.0000 4.0000 -7.0000
v -17.0000 4.0000 -7.0000
v -18.0000 8.0000 -7.0000
v -17.0000 8.0000 -7.0000
v -17.0000 7.0000 -7.0000
v -18.0000 9.0000 -7.0000
v -17.0000 10.0000 -7.0000
v -18.0000 10.0000 -7.0000
v -18.0000 11.0000 -7.0000
v -17.0000 11.0000 -7.0000
v -18.0000 12.0000 -7.0000
v -17.0000 12.0000 -7.0000
v -17.0000 12.0000 -6.0000
v -17.0000 13.0000 -7.0000
v -18.0000 13.0000 -7.0000
v -18.0000 4.0000 -8.0000
v -17.0000 4.0000 -8.0000
v -17.0000 7.0000 -8.0000
v -18.0000 8.0000 -8.0000
v -17.0000 8.0000 -8.0000
v -18.0000 9.0000 -8.0000
v -17.0000 9.0000 -8.0000
v -18.0000 10.0000 -8.0000
v -17.0000 10.0000 -8.0000
v -17.0000 11.0000 -8.0000
v -18.0000 11.0000 -8.0000
v -18.0000 16.0000 -7.0000
v -18.0000 16.0000 -8.0000
v -17.0000 16.0000 -8.0000
v -17.0000 16.0000 -7.0000
v -17.0000 17.0000 -7.0000
v -18.0000 17.0000 -7.0000
v -18.0000 17.0000 -8.0000
v -18.0000 18.0000 -7.0000
v -17.0000 18.0000 -7.0000
v -17.0000 18.0000 -8.0000
v -18.0000 18.0000 -8.0000
v -18.0000 20.0000 -7.0000
v -17.0000 20.0000 -7.0000
v -17.0000 20.0000 -8.0000
v -18.0000 20.0000 -8.0000
v -18.0000 19.0000 -7.0000
v -18.0000 19.0000 -8.0000
v -17.0000 19.0000 -8.0000
v -17.0000 19.0000 -7.0000
v -18.0000 4.0000 -9.0000
v -17.0000 4.0000 -9.0000
v -18.0000 5.0000 -9.0000
v -17.0000 8.0000 -9.0000
v -18.0000 8.0000 -9.0000
v -18.0000 10.0000 -9.0000
v -17.0000 10.0000 -9.0000
v -18.0000 11.0000 -9.0000
v -17.0000 11.0000 -9.0000
v -18.0000 12.0000 -8.0000
v -17.0000 12.0000 -8.0000
v -17.0000 12.0000 -9.0000
v -18.0000 12.0000 -9.0000
v -18.0000 16.0000 -9.0000
v -17.0000 16.0000 -9.0000
v -18.0000 17.0000 -9.0000
v -17.0000 18.0000 -9.0000
v -18.0000 18.0000 -9.0000
v -18.0000 4.0000 -10.0000
v -17.0000 4.0000 -10.0000
v -18.0000 5.0000 -10.0000
v -17.0000 5.0000 -10.0000
v -18.0000 6.0000 -10.0000
v -18.0000 7.0000 -10.0000
v -18.0000 8.0000 -10.0000
v -17.0000 9.0000 -9.0000
v -18.0000 9.0000 -9.0000
v -18.0000 9.0000 -10.0000
v -17.0000 10.0000 -10.0000
v -18.0000 10.0000 -10.0000
v -18.0000 13.0000 -9.0000
v -17.0000 13.0000 -9.0000
v -17.0000 13.0000 -10.0000
v -18.0000 13.0000 -10.0000
v -18.0000 12.0000 -10.0000
v -17.0000 12.0000 -10.0000
v -18.0000 15.0000 -9.0000
v -18.0000 15.0000 -10.0000
v -17.0000 15.0000 -10.0000
v -17.0000 15.0000 -9.0000
v -18.0000 16.0000 -10.0000
v -17.0000 16.0000 -10.0000
v -18.0000 17.0000 -10.0000
v -17.0000 18.0000 -10.0000
v -18.0000 18.0000 -10.0000
v -18.0000 5.0000 -11.0000
v -17.0000 5.0000 -11.0000
v -18.0000 6.0000 -11.0000
v -18.0000 7.0000 -11.0000
v -18.0000 8.0000 -11.0000
v -18.0000 9.0000 -11.0000
v -18.0000 10.0000 -11.0000
v -18.0000 11.0000 -10.0000
v -17.0000 11.0000 -10.0000
v -17.0000 11.0000 -11.0000
v -18.0000 11.0000 -11.0000
v -17.0000 10.0000 -11.0000
v -18.0000 16.0000 -11.0000
v -17.0000 16.0000 -11.0000
v -18.0000 17.0000 -11.0000
v -17.0000 17.0000 -11.0000
v -17.0000 18.0000 -11.0000
v -18.0000 18.0000 -11.0000
v -18.0000 4.0000 -11.0000
v -17.0000 4.0000 -11.0000
v -17.0000 4.0000 -12.0000
v -18.0000 4.0000 -12.0000
v -18.0000 3.0000 -11.0000
v -18.0000 3.0000 -12.0000
v -17.0000 3.0000 -12.0000
v -17.0000 3.0000 -11.0000
v -18.0000 5.0000 -12.0000
v -17.0000 5.0000 -12.0000
v -18.0000 6.0000 -12.0000
v -18.0000 7.0000 -12.0000
v -18.0000 8.0000 -12.0000
v -17.0000 8.0000 -12.0000
v -17.0000 7.0000 -12.0000
v -18.0000 9.0000 -12.0000
v -17.0000 9.0000 -12.0000
v -17.0000 10.0000 -12.0000
v -18.0000 10.0000 -12.0000
v -17.0000 18.0000 -12.0000
v -18.0000 18.0000 -12.0000
v -18.0000 17.0000 -12.0000
v -17.0000 17.0000 -12.0000
v -17.0000 4.0000 -13.0000
v -18.0000 4.0000 -13.0000
v -18.0000 3.0000 -13.0000
v -17.0000 3.0000 -13.0000
v -18.0000 5.0000 -13.0000
v -17.0000 5.0000 -13.0000
v -18.0000 6.0000 -13.0000
v -17.0000 6.0000 -13.0000
v -17.0000 7.0000 -13.0000
v -18.0000 7.0000 -13.0000
v -18.0000 12.0000 -12.0000
v -17.0000 12.0000 -12.0000
v -17.0000 12.0000 -13.0000
v -18.0000 12.0000 -13.0000
v -18.0000 11.0000 -12.0000
v -18.0000 11.0000 -13.0000
v -17.0000 11.0000 -13.0000
v -17.0000 11.0000 -12.0000
v -18.0000 16.0000 -12.0000
v -17.0000 16.0000 -12.0000
v -17.0000 16.0000 -13.0000
v -18.0000 16.0000 -13.0000
v -18.0000 15.0000 -12.0000
v -18.0000 15.0000 -13.0000
v -17.0000 15.0000 -13.0000
v -17.0000 15.0000 -12.0000
v -18.0000 8.0000 -13.0000
v -18.0000 8.0000 -14.0000
v -17.0000 8.0000 -14.0000
v -17.0000 8.0000 -13.0000
v -17.0000 9.0000 -13.0000
v -18.0000 9.0000 -13.0000
v -18.0000 9.0000 -14.0000
v -17.0000 9.0000 -14.0000
v -17.0000 10.0000 -13.0000
v -18.0000 10.0000 -13.0000
v -18.0000 10.0000 -14.0000
v -17.0000 10.0000 -14.0000
v -18.0000 11.0000 -14.0000
v -17.0000 11.0000 -14.0000
v -17.0000 12.0000 -14.0000
v -18.0000 12.0000 -14.0000
v -17.0000 1.0000 20.0000
v -17.0000 1.0000 19.0000
v -16.0000 1.0000 19.0000
v -16.0000 1.0000 20.0000
v -16.0000 2.0000 20.0000
v -17.0000 2.0000 20.0000
v -17.0000 2.0000 19.0000
v -16.0000 3.0000 20.0000
v -17.0000 3.0000 20.0000
v -16.0000 2.0000 19.0000
v -16.0000 3.0000 19.0000
v -17.0000 3.0000 19.0000
v -16.0000 4.0000 20.0000
v -16.0000 4.0000 19.0000
v -17.0000 6.0000 20.0000
v -17.0000 6.0000 19.0000
v -16.0000 6.0000 19.0000
v -16.0000 6.0000 20.0000
v -16.0000 7.0000 20.0000
v -17.0000 7.0000 20.0000
v -17.0000 7.0000 19.0000
v -16.0000 8.0000 20.0000
v -17.0000 8.0000 20.0000
v -17.0000 8.0000 19.0000
v -17.0000 9.0000 20.0000
v -16.0000 9.0000 20.0000
v -16.0000 9.0000 19.0000
v -17.0000 9.0000 19.0000
v -16.0000 8.0000 19.0000
v -17.0000 1.0000 18.0000
v -16.0000 1.0000 18.0000
v -17.0000 2.0000 18.0000
v -16.0000 2.0000 18.0000
v -17.0000 3.0000 18.0000
v -16.0000 5.0000 19.0000
v -16.0000 10.0000 19.0000
v -16.0000 11.0000 19.0000
v -16.0000 12.0000 19.0000
v -16.0000 13.0000 19.0000
v -17.0000 13.0000 19.0000
v -16.0000 14.0000 19.0000
v -17.0000 14.0000 19.0000
v -17.0000 14.0000 18.0000
v -16.0000 15.0000 19.0000
v -17.0000 15.0000 19.0000
v -17.0000 15.0000 18.0000
v -16.0000 16.0000 19.0000
v -16.0000 17.0000 19.0000
v -16.0000 18.0000 19.0000
v -17.0000 19.0000 19.0000
v -16.0000 19.0000 19.0000
v -16.0000 19.0000 18.0000
v -17.0000 2.0000 17.0000
v -16.0000 2.0000 17.0000
v -17.0000 3.0000 17.0000
v -17.0000 15.0000 17.0000
v -17.0000 16.0000 17.0000
v -16.0000 19.0000 17.0000
v -17.0000 1.0000 17.0000
v -17.0000 1.0000 16.0000
v -16.0000 1.0000 16.0000
v -16.0000 1.0000 17.0000
v -17.0000 2.0000 16.0000
v -17.0000 3.0000 16.0000
v -17.0000 16.0000 16.0000
v -17.0000 17.0000 16.0000
v -16.0000 20.0000 17.0000
v -16.0000 20.0000 16.0000
v -16.0000 19.0000 16.0000
v -17.0000 1.0000 15.0000
v -16.0000 1.0000 15.0000
v -17.0000 17.0000 15.0000
v -17.0000 18.0000 15.0000
v -16.0000 19.0000 15.0000
v -17.0000 1.0000 14.0000
v -16.0000 1.0000 14.0000
v -16.0000 2.0000 14.0000
v -16.0000 3.0000 14.0000
v -17.0000 18.0000 14.0000
v -16.0000 19.0000 14.0000
v -17.0000 19.0000 14.0000
v -16.0000 18.0000 14.0000
v -16.0000 3.0000 13.0000
v -17.0000 15.0000 13.0000
v -16.0000 18.0000 13.0000
v -17.0000 1.0000 13.0000
v -16.0000 1.0000 12.0000
v -16.0000 1.0000 13.0000
v -16.0000 2.0000 13.0000
v -17.0000 2.0000 13.0000
v -16.0000 2.0000 12.0000
v -17.0000 7.0000 12.0000
v -17.0000 8.0000 12.0000
v -17.0000 9.0000 12.0000
v -17.0000 10.0000 12.0000
v -17.0000 19.0000 13.0000
v -16.0000 19.0000 13.0000
v -16.0000 19.0000 12.0000
v -16.0000 2.0000 11.0000
v -16.0000 19.0000 11.0000
v -16.0000 2.0000 10.0000
v -17.0000 4.0000 10.0000
v -17.0000 11.0000 10.0000
v -16.0000 19.0000 10.0000
v -16.0000 2.0000 9.0000
v -17.0000 4.0000 9.0000
v -17.0000 14.0000 9.0000
v -16.0000 19.0000 9.0000
v -16.0000 18.0000 9.0000
v -16.0000 18.0000 10.0000
v -16.0000 1.0000 8.0000
v -16.0000 1.0000 9.0000
v -16.0000 2.0000 8.0000
v -17.0000 14.0000 8.0000
v -17.0000 15.0000 8.0000
v -16.0000 18.0000 8.0000
v -16.0000 2.0000 7.0000
v -16.0000 3.0000 7.0000
v -16.0000 3.0000 8.0000
v -17.0000 18.0000 7.0000
v -16.0000 19.0000 8.0000
v -16.0000 19.0000 7.0000
v -17.0000 19.0000 7.0000
v -16.0000 1.0000 6.0000
v -16.0000 1.0000 7.0000
v -16.0000 2.0000 6.0000
v -16.0000 19.0000 6.0000
v -17.0000 19.0000 6.0000
v -16.0000 1.0000 5.0000
v -16.0000 2.0000 5.0000
v -17.0000 13.0000 5.0000
v -17.0000 14.0000 5.0000
v -17.0000 15.0000 5.0000
v -16.0000 16.0000 5.0000
v -16.0000 15.0000 5.0000
v -17.0000 20.0000 6.0000
v -16.0000 20.0000 6.0000
v -16.0000 20.0000 5.0000
v -16.0000 19.0000 5.0000
v -16.0000 1.0000 4.0000
v -16.0000 2.0000 4.0000
v -17.0000 14.0000 4.0000
v -16.0000 15.0000 4.0000
v -17.0000 15.0000 4.0000
v -16.0000 16.0000 4.0000
v -16.0000 20.0000 4.0000
v -16.0000 19.0000 4.0000
v -16.0000 2.0000 3.0000
v -17.0000 14.0000 3.0000
v -17.0000 15.0000 3.0000
v -17.0000 16.0000 3.0000
v -16.0000 19.0000 3.0000
v -16.0000 2.0000 2.0000
v -17.0000 14.0000 2.0000
v -17.0000 17.0000 2.0000
v -16.0000 19.0000 2.0000
v -16.0000 2.0000 1.0000
v -17.0000 14.0000 1.0000
v -17.0000 17.0000 1.0000
v -17.0000 18.0000 1.0000
v -17.0000 19.0000 1.0000
v -17.0000 20.0000 2.0000
v -16.0000 20.0000 2.0000
v -16.0000 20.0000 1.0000
v -17.0000 20.0000 1.0000
v -16.0000 19.0000 1.0000
v -16.0000 0.0000 1.0000
v -16.0000 0.0000 -0.0000
v -17.0000 -1.0000 1.0000
v -17.0000 -1.0000 -0.0000
v -16.0000 -1.0000 -0.0000
v -16.0000 -1.0000 1.0000
v -16.0000 1.0000 -0.0000
v -16.0000 1.0000 1.0000
v -17.0000 16.0000 -0.0000
v -17.0000 17.0000 -0.0000
v -17.0000 18.0000 -0.0000
v -16.0000 19.0000 -0.0000
v -17.0000 19.0000 -0.0000
v -16.0000 18.0000 -0.0000
v -17.0000 -1.0000 -1.0000
v -16.0000 -1.0000 -1.0000
v -16.0000 18.0000 -1.0000
v -17.0000 18.0000 -1.0000
v -17.0000 -1.0000 -2.0000
v -16.0000 -1.0000 -2.0000
v -16.0000 18.0000 -2.0000
v -17.0000 -1.0000 -3.0000
v -16.0000 -1.0000 -3.0000
v -16.0000 0.0000 -3.0000
v -16.0000 1.0000 -3.0000
v -16.0000 18.0000 -3.0000
v -16.0000 1.0000 -4.0000
v -17.0000 3.0000 -4.0000
v -16.0000 3.0000 -4.0000
v -16.0000 2.0000 -4.0000
v -17.0000 17.0000 -4.0000
v -17.0000 18.0000 -4.0000
v -16.0000 19.0000 -3.0000
v -17.0000 19.0000 -3.0000
v -17.0000 19.0000 -4.0000
v -17.0000 20.0000 -3.0000
v -16.0000 20.0000 -3.0000
v -16.0000 20.0000 -4.0000
v -17.0000 20.0000 -4.0000
v -16.0000 19.0000 -4.0000
v -16.0000 2.0000 -5.0000
v -16.0000 1.0000 -5.0000
v -17.0000 3.0000 -5.0000
v -16.0000 3.0000 -5.0000
v -16.0000 14.0000 -5.0000
v -16.0000 13.0000 -5.0000
v -17.0000 16.0000 -5.0000
v -17.0000 17.0000 -5.0000
v -17.0000 18.0000 -5.0000
v -16.0000 19.0000 -5.0000
v -17.0000 19.0000 -5.0000
v -16.0000 2.0000 -6.0000
v -16.0000 1.0000 -6.0000
v -17.0000 3.0000 -6.0000
v -16.0000 3.0000 -6.0000
v -16.0000 12.0000 -6.0000
v -16.0000 11.0000 -6.0000
v -16.0000 13.0000 -6.0000
v -17.0000 14.0000 -6.0000
v -16.0000 14.0000 -6.0000
v -17.0000 15.0000 -6.0000
v -17.0000 16.0000 -6.0000
v -17.0000 17.0000 -6.0000
v -17.0000 18.0000 -6.0000
v -16.0000 19.0000 -6.0000
v -17.0000 19.0000 -6.0000
v -16.0000 2.0000 -7.0000
v -17.0000 2.0000 -7.0000
v -17.0000 1.0000 -7.0000
v -16.0000 1.0000 -7.0000
v -17.0000 3.0000 -7.0000
v -16.0000 3.0000 -7.0000
v -16.0000 11.0000 -7.0000
v -16.0000 12.0000 -7.0000
v -16.0000 13.0000 -7.0000
v -17.0000 14.0000 -7.0000
v -17.0000 15.0000 -7.0000
v -16.0000 19.0000 -7.0000
v -17.0000 1.0000 -8.0000
v -16.0000 1.0000 -8.0000
v -17.0000 2.0000 -8.0000
v -17.0000 3.0000 -8.0000
v -16.0000 11.0000 -8.0000
v -17.0000 13.0000 -8.0000
v -16.0000 13.0000 -8.0000
v -17.0000 14.0000 -8.0000
v -17.0000 15.0000 -8.0000
v -16.0000 19.0000 -8.0000
v -17.0000 1.0000 -9.0000
v -16.0000 1.0000 -9.0000
v -17.0000 2.0000 -9.0000
v -16.0000 2.0000 -9.0000
v -17.0000 3.0000 -9.0000
v -16.0000 12.0000 -8.0000
v -16.0000 12.0000 -9.0000
v -16.0000 13.0000 -9.0000
v -17.0000 14.0000 -9.0000
v -16.0000 19.0000 -9.0000
v -17.0000 19.0000 -9.0000
v -16.0000 18.0000 -9.0000
v -17.0000 2.0000 -10.0000
v -16.0000 2.0000 -10.0000
v -17.0000 3.0000 -10.0000
v -17.0000 14.0000 -10.0000
v -16.0000 14.0000 -10.0000
v -16.0000 13.0000 -10.0000
v -16.0000 18.0000 -10.0000
v -17.0000 2.0000 -11.0000
v -16.0000 2.0000 -11.0000
v -16.0000 3.0000 -11.0000
v -17.0000 12.0000 -11.0000
v -16.0000 13.0000 -11.0000
v -17.0000 13.0000 -11.0000
v -17.0000 14.0000 -11.0000
v -16.0000 14.0000 -11.0000
v -16.0000 15.0000 -11.0000
v -16.0000 15.0000 -10.0000
v -17.0000 15.0000 -11.0000
v -16.0000 16.0000 -11.0000
v -16.0000 16.0000 -10.0000
v -16.0000 17.0000 -11.0000
v -16.0000 17.0000 -10.0000
v -16.0000 18.0000 -11.0000
v -16.0000 3.0000 -12.0000
v -16.0000 4.0000 -12.0000
v -16.0000 12.0000 -12.0000
v -16.0000 11.0000 -12.0000
v -16.0000 13.0000 -12.0000
v -17.0000 13.0000 -12.0000
v -17.0000 14.0000 -12.0000
v -16.0000 14.0000 -12.0000
v -16.0000 15.0000 -12.0000
v -16.0000 16.0000 -12.0000
v -16.0000 4.0000 -13.0000
v -16.0000 5.0000 -13.0000
v -16.0000 10.0000 -13.0000
v -16.0000 9.0000 -13.0000
v -16.0000 11.0000 -13.0000
v -16.0000 13.0000 -13.0000
v -17.0000 13.0000 -13.0000
v -16.0000 12.0000 -13.0000
v -17.0000 5.0000 -14.0000
v -16.0000 5.0000 -14.0000
v -17.0000 6.0000 -14.0000
v -16.0000 6.0000 -14.0000
v -17.0000 7.0000 -14.0000
v -16.0000 7.0000 -14.0000
v -16.0000 8.0000 -14.0000
v -16.0000 7.0000 -13.0000
v -16.0000 8.0000 -13.0000
v -16.0000 9.0000 -14.0000
v -15.0000 2.0000 20.0000
v -15.0000 2.0000 19.0000
v -15.0000 1.0000 19.0000
v -15.0000 1.0000 20.0000
v -15.0000 4.0000 19.0000
v -15.0000 4.0000 20.0000
v -15.0000 5.0000 20.0000
v -16.0000 5.0000 20.0000
v -15.0000 6.0000 20.0000
v -15.0000 5.0000 19.0000
v -15.0000 6.0000 19.0000
v -15.0000 7.0000 20.0000
v -15.0000 7.0000 19.0000
v -15.0000 8.0000 20.0000
v -15.0000 8.0000 19.0000
v -16.0000 16.0000 20.0000
v -15.0000 16.0000 19.0000
v -15.0000 16.0000 20.0000
v -15.0000 17.0000 20.0000
v -16.0000 17.0000 20.0000
v -15.0000 17.0000 19.0000
v -15.0000 18.0000 20.0000
v -16.0000 18.0000 20.0000
v -16.0000 19.0000 20.0000
v -15.0000 19.0000 20.0000
v -15.0000 19.0000 19.0000
v -15.0000 1.0000 18.0000
v -15.0000 3.0000 19.0000
v -15.0000 9.0000 19.0000
v -15.0000 10.0000 19.0000
v -15.0000 11.0000 19.0000
v -15.0000 12.0000 19.0000
v -15.0000 13.0000 19.0000
v -15.0000 14.0000 19.0000
v -15.0000 15.0000 19.0000
v -15.0000 19.0000 18.0000
v -15.0000 1.0000 17.0000
v -15.0000 19.0000 17.0000
v -15.0000 1.0000 16.0000
v -15.0000 19.0000 16.0000
v -15.0000 1.0000 15.0000
v -15.0000 19.0000 15.0000
v -15.0000 1.0000 14.0000
v -15.0000 2.0000 14.0000
v -15.0000 2.0000 15.0000
v -15.0000 19.0000 14.0000
v -15.0000 1.0000 13.0000
v -15.0000 2.0000 13.0000
v -15.0000 19.0000 13.0000
v -15.0000 2.0000 12.0000
v -15.0000 19.0000 12.0000
v -15.0000 2.0000 11.0000
v -15.0000 19.0000 11.0000
v -15.0000 2.0000 10.0000
v -15.0000 19.0000 10.0000
v -15.0000 18.0000 10.0000
v -15.0000 2.0000 9.0000
v -15.0000 18.0000 9.0000
v -15.0000 2.0000 8.0000
v -15.0000 3.0000 8.0000
v -15.0000 19.0000 9.0000
v -15.0000 19.0000 8.0000
v -15.0000 3.0000 7.0000
v -16.0000 20.0000 8.0000
v -15.0000 20.0000 8.0000
v -15.0000 20.0000 7.0000
v -16.0000 20.0000 7.0000
v -15.0000 2.0000 6.0000
v -15.0000 2.0000 7.0000
v -15.0000 20.0000 6.0000
v -15.0000 19.0000 6.0000
v -15.0000 2.0000 5.0000
v -15.0000 19.0000 5.0000
v -15.0000 2.0000 4.0000
v -15.0000 19.0000 4.0000
v -16.0000 1.0000 3.0000
v -15.0000 1.0000 3.0000
v -15.0000 1.0000 4.0000
v -15.0000 2.0000 3.0000
v -15.0000 18.0000 4.0000
v -15.0000 18.0000 3.0000
v -15.0000 19.0000 3.0000
v -15.0000 20.0000 4.0000
v -15.0000 20.0000 3.0000
v -16.0000 20.0000 3.0000
v -16.0000 1.0000 2.0000
v -15.0000 1.0000 2.0000
v -15.0000 2.0000 2.0000
v -15.0000 18.0000 2.0000
v -15.0000 19.0000 2.0000
v -15.0000 20.0000 2.0000
v -15.0000 1.0000 1.0000
v -15.0000 2.0000 1.0000
v -15.0000 19.0000 1.0000
v -15.0000 18.0000 1.0000
v -16.0000 -3.0000 1.0000
v -16.0000 -3.0000 -0.0000
v -15.0000 -3.0000 -0.0000
v -15.0000 -3.0000 1.0000
v -15.0000 -2.0000 1.0000
v -16.0000 -2.0000 1.0000
v -16.0000 -2.0000 -0.0000
v -15.0000 -1.0000 1.0000
v -15.0000 -1.0000 -0.0000
v -15.0000 1.0000 -0.0000
v -15.0000 2.0000 -0.0000
v -15.0000 19.0000 -0.0000
v -16.0000 -3.0000 -1.0000
v -15.0000 -3.0000 -1.0000
v -16.0000 -2.0000 -1.0000
v -15.0000 0.0000 -0.0000
v -15.0000 -1.0000 -1.0000
v -15.0000 0.0000 -1.0000
v -15.0000 1.0000 -1.0000
v -15.0000 19.0000 -1.0000
v -16.0000 19.0000 -1.0000
v -16.0000 -3.0000 -2.0000
v -15.0000 -3.0000 -2.0000
v -16.0000 -2.0000 -2.0000
v -15.0000 -1.0000 -2.0000
v -15.0000 0.0000 -2.0000
v -15.0000 1.0000 -2.0000
v -15.0000 19.0000 -2.0000
v -16.0000 19.0000 -2.0000
v -16.0000 -3.0000 -3.0000
v -15.0000 -3.0000 -3.0000
v -16.0000 -2.0000 -3.0000
v -15.0000 -2.0000 -3.0000
v -15.0000 -1.0000 -3.0000
v -15.0000 -2.0000 -2.0000
v -15.0000 0.0000 -3.0000
v -15.0000 1.0000 -3.0000
v -15.0000 19.0000 -3.0000
v -15.0000 1.0000 -4.0000
v -15.0000 20.0000 -3.0000
v -15.0000 20.0000 -4.0000
v -15.0000 1.0000 -5.0000
v -15.0000 2.0000 -5.0000
v -15.0000 2.0000 -4.0000
v -15.0000 20.0000 -5.0000
v -16.0000 20.0000 -5.0000
v -15.0000 1.0000 -6.0000
v -15.0000 2.0000 -6.0000
v -15.0000 12.0000 -6.0000
v -15.0000 11.0000 -6.0000
v -15.0000 20.0000 -6.0000
v -16.0000 20.0000 -6.0000
v -15.0000 19.0000 -6.0000
v -15.0000 1.0000 -7.0000
v -15.0000 11.0000 -7.0000
v -15.0000 12.0000 -7.0000
v -15.0000 19.0000 -7.0000
v -15.0000 1.0000 -8.0000
v -15.0000 2.0000 -8.0000
v -15.0000 2.0000 -7.0000
v -15.0000 11.0000 -8.0000
v -15.0000 12.0000 -8.0000
v -15.0000 19.0000 -8.0000
v -15.0000 1.0000 -9.0000
v -15.0000 2.0000 -9.0000
v -15.0000 19.0000 -9.0000
v -16.0000 1.0000 -10.0000
v -15.0000 1.0000 -10.0000
v -15.0000 2.0000 -10.0000
v -15.0000 15.0000 -10.0000
v -15.0000 14.0000 -10.0000
v -15.0000 14.0000 -9.0000
v -15.0000 15.0000 -9.0000
v -15.0000 16.0000 -10.0000
v -15.0000 16.0000 -9.0000
v -15.0000 17.0000 -10.0000
v -15.0000 17.0000 -9.0000
v -15.0000 18.0000 -10.0000
v -15.0000 18.0000 -9.0000
v -15.0000 19.0000 -10.0000
v -16.0000 19.0000 -10.0000
v -15.0000 2.0000 -11.0000
v -15.0000 3.0000 -11.0000
v -15.0000 14.0000 -11.0000
v -15.0000 13.0000 -11.0000
v -15.0000 13.0000 -10.0000
v -16.0000 20.0000 -10.0000
v -15.0000 20.0000 -10.0000
v -15.0000 20.0000 -11.0000
v -16.0000 20.0000 -11.0000
v -16.0000 19.0000 -11.0000
v -15.0000 19.0000 -11.0000
v -15.0000 3.0000 -12.0000
v -15.0000 13.0000 -12.0000
v -16.0000 3.0000 -13.0000
v -15.0000 3.0000 -13.0000
v -15.0000 4.0000 -13.0000
v -15.0000 6.0000 -12.0000
v -15.0000 6.0000 -13.0000
v -15.0000 7.0000 -13.0000
v -15.0000 7.0000 -12.0000
v -15.0000 8.0000 -13.0000
v -15.0000 8.0000 -12.0000
v -15.0000 9.0000 -13.0000
v -15.0000 9.0000 -12.0000
v -15.0000 10.0000 -13.0000
v -15.0000 11.0000 -13.0000
v -15.0000 12.0000 -13.0000
v -15.0000 13.0000 -13.0000
v -16.0000 4.0000 -14.0000
v -15.0000 4.0000 -14.0000
v -15.0000 5.0000 -14.0000
v -15.0000 6.0000 -14.0000
v -15.0000 7.0000 -14.0000
v -15.0000 9.0000 -14.0000
v -15.0000 8.0000 -14.0000
v -15.0000 3.0000 20.0000
v -14.0000 3.0000 19.0000
v -14.0000 3.0000 20.0000
v -14.0000 4.0000 20.0000
v -14.0000 4.0000 19.0000
v -14.0000 5.0000 20.0000
v -14.0000 5.0000 19.0000
v -15.0000 9.0000 20.0000
v -14.0000 9.0000 20.0000
v -14.0000 9.0000 19.0000
v -14.0000 8.0000 19.0000
v -14.0000 8.0000 20.0000
v -14.0000 17.0000 19.0000
v -14.0000 17.0000 20.0000
v -14.0000 18.0000 20.0000
v -14.0000 18.0000 19.0000
v -14.0000 19.0000 20.0000
v -14.0000 19.0000 19.0000
v -14.0000 1.0000 18.0000
v -14.0000 1.0000 19.0000
v -14.0000 2.0000 19.0000
v -14.0000 2.0000 18.0000
v -14.0000 4.0000 18.0000
v -14.0000 5.0000 18.0000
v -14.0000 6.0000 19.0000
v -14.0000 6.0000 18.0000
v -14.0000 7.0000 19.0000
v -14.0000 10.0000 19.0000
v -14.0000 11.0000 19.0000
v -14.0000 12.0000 19.0000
v -14.0000 13.0000 19.0000
v -14.0000 14.0000 19.0000
v -14.0000 15.0000 19.0000
v -14.0000 16.0000 19.0000
v -14.0000 19.0000 18.0000
v -14.0000 1.0000 17.0000
v -14.0000 2.0000 17.0000
v -14.0000 19.0000 17.0000
v -14.0000 18.0000 18.0000
v -14.0000 18.0000 17.0000
v -14.0000 1.0000 16.0000
v -14.0000 2.0000 16.0000
v -14.0000 19.0000 16.0000
v -14.0000 1.0000 15.0000
v -14.0000 2.0000 15.0000
v -14.0000 19.0000 15.0000
v -14.0000 2.0000 14.0000
v -14.0000 19.0000 14.0000
v -14.0000 2.0000 13.0000
v -14.0000 19.0000 13.0000
v -14.0000 2.0000 12.0000
v -14.0000 19.0000 12.0000
v -14.0000 2.0000 11.0000
v -14.0000 19.0000 11.0000
v -14.0000 2.0000 10.0000
v -14.0000 19.0000 10.0000
v -14.0000 2.0000 9.0000
v -14.0000 19.0000 9.0000
v -14.0000 2.0000 8.0000
v -14.0000 19.0000 8.0000
v -15.0000 1.0000 8.0000
v -15.0000 1.0000 7.0000
v -14.0000 1.0000 7.0000
v -14.0000 1.0000 8.0000
v -14.0000 2.0000 7.0000
v -14.0000 20.0000 8.0000
v -14.0000 20.0000 7.0000
v -14.0000 2.0000 6.0000
v -14.0000 20.0000 6.0000
v -14.0000 19.0000 6.0000
v -14.0000 19.0000 7.0000
v -14.0000 2.0000 5.0000
v -14.0000 19.0000 5.0000
v -14.0000 18.0000 6.0000
v -14.0000 18.0000 5.0000
v -14.0000 2.0000 4.0000
v -14.0000 19.0000 4.0000
v -14.0000 18.0000 4.0000
v -14.0000 2.0000 3.0000
v -14.0000 18.0000 3.0000
v -14.0000 2.0000 2.0000
v -14.0000 18.0000 2.0000
v -14.0000 2.0000 1.0000
v -14.0000 18.0000 1.0000
v -15.0000 -4.0000 1.0000
v -15.0000 -4.0000 -0.0000
v -14.0000 -4.0000 -0.0000
v -14.0000 -4.0000 1.0000
v -14.0000 -3.0000 1.0000
v -14.0000 -2.0000 1.0000
v -14.0000 -1.0000 1.0000
v -14.0000 -1.0000 -0.0000
v -14.0000 -2.0000 -0.0000
v -14.0000 2.0000 -0.0000
v -14.0000 19.0000 1.0000
v -14.0000 19.0000 -0.0000
v -15.0000 -4.0000 -1.0000
v -14.0000 -4.0000 -1.0000
v -14.0000 -1.0000 -1.0000
v -14.0000 -2.0000 -1.0000
v -14.0000 1.0000 -1.0000
v -14.0000 1.0000 -0.0000
v -14.0000 19.0000 -1.0000
v -15.0000 -4.0000 -2.0000
v -14.0000 -4.0000 -2.0000
v -14.0000 -1.0000 -2.0000
v -14.0000 -2.0000 -2.0000
v -14.0000 1.0000 -2.0000
v -14.0000 19.0000 -2.0000
v -15.0000 -4.0000 -3.0000
v -14.0000 -4.0000 -3.0000
v -14.0000 -3.0000 -3.0000
v -14.0000 -2.0000 -3.0000
v -14.0000 1.0000 -3.0000
v -14.0000 2.0000 -3.0000
v -14.0000 2.0000 -2.0000
v -14.0000 19.0000 -3.0000
v -14.0000 1.0000 -4.0000
v -14.0000 2.0000 -4.0000
v -14.0000 20.0000 -3.0000
v -14.0000 20.0000 -4.0000
v -14.0000 2.0000 -5.0000
v -14.0000 20.0000 -5.0000
v -14.0000 19.0000 -4.0000
v -14.0000 19.0000 -5.0000
v -14.0000 2.0000 -6.0000
v -14.0000 12.0000 -6.0000
v -14.0000 11.0000 -6.0000
v -14.0000 20.0000 -6.0000
v -14.0000 19.0000 -6.0000
v -14.0000 1.0000 -7.0000
v -14.0000 1.0000 -6.0000
v -14.0000 2.0000 -7.0000
v -14.0000 11.0000 -7.0000
v -14.0000 12.0000 -7.0000
v -14.0000 20.0000 -7.0000
v -15.0000 20.0000 -7.0000
v -14.0000 19.0000 -7.0000
v -14.0000 2.0000 -8.0000
v -14.0000 11.0000 -8.0000
v -14.0000 12.0000 -8.0000
v -14.0000 20.0000 -8.0000
v -15.0000 20.0000 -8.0000
v -14.0000 2.0000 -9.0000
v -14.0000 15.0000 -9.0000
v -14.0000 14.0000 -9.0000
v -14.0000 16.0000 -9.0000
v -14.0000 17.0000 -9.0000
v -14.0000 18.0000 -9.0000
v -14.0000 20.0000 -9.0000
v -15.0000 20.0000 -9.0000
v -14.0000 1.0000 -10.0000
v -14.0000 1.0000 -9.0000
v -14.0000 2.0000 -10.0000
v -14.0000 14.0000 -10.0000
v -14.0000 13.0000 -10.0000
v -14.0000 13.0000 -9.0000
v -14.0000 18.0000 -10.0000
v -14.0000 19.0000 -10.0000
v -14.0000 20.0000 -10.0000
v -15.0000 1.0000 -11.0000
v -14.0000 1.0000 -11.0000
v -14.0000 2.0000 -11.0000
v -14.0000 13.0000 -11.0000
v -14.0000 12.0000 -10.0000
v -14.0000 12.0000 -11.0000
v -14.0000 20.0000 -11.0000
v -14.0000 19.0000 -11.0000
v -15.0000 2.0000 -12.0000
v -14.0000 2.0000 -12.0000
v -14.0000 3.0000 -12.0000
v -14.0000 7.0000 -12.0000
v -14.0000 6.0000 -12.0000
v -14.0000 9.0000 -12.0000
v -14.0000 8.0000 -12.0000
v -14.0000 13.0000 -12.0000
v -14.0000 3.0000 -13.0000
v -14.0000 4.0000 -13.0000
v -14.0000 6.0000 -13.0000
v -14.0000 8.0000 -13.0000
v -14.0000 7.0000 -13.0000
v -14.0000 9.0000 -13.0000
v -14.0000 10.0000 -13.0000
v -14.0000 10.0000 -12.0000
v -14.0000 11.0000 -13.0000
v -14.0000 11.0000 -12.0000
v -14.0000 12.0000 -13.0000
v -14.0000 13.0000 -13.0000
v -14.0000 4.0000 -14.0000
v -14.0000 5.0000 -14.0000
v -14.0000 6.0000 -14.0000
v -14.0000 11.0000 -14.0000
v -15.0000 11.0000 -14.0000
v -15.0000 10.0000 -14.0000
v -14.0000 10.0000 -14.0000
v -14.0000 7.0000 20.0000
v -13.0000 7.0000 20.0000
v -13.0000 7.0000 19.0000
v -14.0000 6.0000 20.0000
v -13.0000 6.0000 19.0000
v -13.0000 6.0000 20.0000
v -14.0000 14.0000 20.0000
v -13.0000 14.0000 20.0000
v -13.0000 14.0000 19.0000
v -14.0000 13.0000 20.0000
v -13.0000 13.0000 19.0000
v -13.0000 13.0000 20.0000
v -13.0000 2.0000 18.0000
v -13.0000 2.0000 19.0000
v -13.0000 3.0000 19.0000
v -13.0000 4.0000 19.0000
v -13.0000 4.0000 18.0000
v -13.0000 6.0000 18.0000
v -13.0000 8.0000 19.0000
v -13.0000 9.0000 19.0000
v -13.0000 10.0000 19.0000
v -13.0000 11.0000 19.0000
v -13.0000 12.0000 19.0000
v -13.0000 15.0000 19.0000
v -13.0000 16.0000 19.0000
v -13.0000 17.0000 19.0000
v -13.0000 18.0000 19.0000
v -13.0000 19.0000 19.0000
v -13.0000 19.0000 18.0000
v -13.0000 18.0000 18.0000
v -13.0000 2.0000 17.0000
v -13.0000 5.0000 18.0000
v -13.0000 18.0000 17.0000
v -13.0000 2.0000 16.0000
v -13.0000 19.0000 17.0000
v -13.0000 19.0000 16.0000
v -13.0000 18.0000 16.0000
v -13.0000 2.0000 15.0000
v -13.0000 19.0000 15.0000
v -14.0000 1.0000 14.0000
v -13.0000 1.0000 14.0000
v -13.0000 1.0000 15.0000
v -13.0000 19.0000 14.0000
v -14.0000 1.0000 13.0000
v -13.0000 1.0000 13.0000
v -13.0000 19.0000 13.0000
v -14.0000 1.0000 12.0000
v -13.0000 1.0000 12.0000
v -13.0000 19.0000 12.0000
v -14.0000 1.0000 11.0000
v -13.0000 1.0000 11.0000
v -13.0000 19.0000 11.0000
v -14.0000 1.0000 10.0000
v -13.0000 1.0000 10.0000
v -14.0000 20.0000 11.0000
v -13.0000 20.0000 11.0000
v -13.0000 20.0000 10.0000
v -14.0000 20.0000 10.0000
v -14.0000 1.0000 9.0000
v -13.0000 1.0000 9.0000
v -13.0000 20.0000 9.0000
v -14.0000 20.0000 9.0000
v -13.0000 19.0000 10.0000
v -13.0000 19.0000 9.0000
v -13.0000 1.0000 8.0000
v -13.0000 2.0000 8.0000
v -13.0000 20.0000 8.0000
v -13.0000 19.0000 8.0000
v -13.0000 2.0000 7.0000
v -13.0000 20.0000 7.0000
v -13.0000 19.0000 7.0000
v -13.0000 2.0000 6.0000
v -13.0000 19.0000 6.0000
v -13.0000 18.0000 6.0000
v -13.0000 2.0000 5.0000
v -13.0000 18.0000 5.0000
v -13.0000 2.0000 4.0000
v -13.0000 19.0000 5.0000
v -13.0000 19.0000 4.0000
v -13.0000 2.0000 3.0000
v -13.0000 19.0000 3.0000
v -14.0000 19.0000 3.0000
v -13.0000 2.0000 2.0000
v -14.0000 19.0000 2.0000
v -13.0000 19.0000 2.0000
v -13.0000 18.0000 2.0000
v -14.0000 20.0000 3.0000
v -13.0000 20.0000 3.0000
v -13.0000 20.0000 2.0000
v -14.0000 20.0000 2.0000
v -14.0000 1.0000 2.0000
v -14.0000 1.0000 1.0000
v -13.0000 1.0000 1.0000
v -13.0000 1.0000 2.0000
v -13.0000 2.0000 1.0000
v -13.0000 18.0000 1.0000
v -14.0000 -6.0000 1.0000
v -14.0000 -6.0000 -0.0000
v -13.0000 -6.0000 -0.0000
v -13.0000 -6.0000 1.0000
v -13.0000 -5.0000 1.0000
v -14.0000 -5.0000 1.0000
v -14.0000 -5.0000 -0.0000
v -13.0000 -4.0000 1.0000
v -13.0000 -3.0000 1.0000
v -13.0000 -4.0000 -0.0000
v -13.0000 -3.0000 -0.0000
v -13.0000 -2.0000 1.0000
v -13.0000 -2.0000 -0.0000
v -13.0000 1.0000 -0.0000
v -13.0000 2.0000 -0.0000
v -13.0000 19.0000 1.0000
v -14.0000 20.0000 1.0000
v -13.0000 20.0000 1.0000
v -13.0000 20.0000 -0.0000
v -14.0000 20.0000 -0.0000
v -14.0000 -6.0000 -1.0000
v -13.0000 -6.0000 -1.0000
v -14.0000 -5.0000 -1.0000
v -13.0000 -4.0000 -1.0000
v -13.0000 -3.0000 -1.0000
v -13.0000 -2.0000 -1.0000
v -13.0000 1.0000 -1.0000
v -13.0000 2.0000 -1.0000
v -13.0000 20.0000 -1.0000
v -14.0000 20.0000 -1.0000
v -13.0000 19.0000 -1.0000
v -14.0000 -6.0000 -2.0000
v -13.0000 -6.0000 -2.0000
v -14.0000 -5.0000 -2.0000
v -13.0000 -4.0000 -2.0000
v -13.0000 -3.0000 -2.0000
v -13.0000 -2.0000 -2.0000
v -13.0000 1.0000 -2.0000
v -13.0000 2.0000 -2.0000
v -13.0000 19.0000 -2.0000
v -14.0000 -6.0000 -3.0000
v -13.0000 -6.0000 -3.0000
v -14.0000 -5.0000 -3.0000
v -13.0000 -5.0000 -3.0000
v -13.0000 -4.0000 -3.0000
v -13.0000 -3.0000 -3.0000
v -13.0000 -2.0000 -3.0000
v -13.0000 2.0000 -3.0000
v -13.0000 19.0000 -3.0000
v -13.0000 2.0000 -4.0000
v -13.0000 20.0000 -3.0000
v -13.0000 20.0000 -4.0000
v -13.0000 19.0000 -4.0000
v -13.0000 2.0000 -5.0000
v -13.0000 19.0000 -5.0000
v -13.0000 2.0000 -6.0000
v -13.0000 12.0000 -6.0000
v -13.0000 11.0000 -6.0000
v -13.0000 19.0000 -6.0000
v -13.0000 2.0000 -7.0000
v -13.0000 11.0000 -7.0000
v -13.0000 12.0000 -7.0000
v -13.0000 19.0000 -7.0000
v -13.0000 2.0000 -8.0000
v -13.0000 11.0000 -8.0000
v -13.0000 12.0000 -8.0000
v -13.0000 20.0000 -7.0000
v -13.0000 20.0000 -8.0000
v -13.0000 19.0000 -8.0000
v -13.0000 2.0000 -9.0000
v -13.0000 14.0000 -9.0000
v -13.0000 13.0000 -9.0000
v -13.0000 15.0000 -9.0000
v -13.0000 16.0000 -9.0000
v -13.0000 20.0000 -9.0000
v -13.0000 2.0000 -10.0000
v -13.0000 13.0000 -10.0000
v -13.0000 12.0000 -10.0000
v -14.0000 16.0000 -10.0000
v -13.0000 16.0000 -10.0000
v -14.0000 17.0000 -10.0000
v -13.0000 17.0000 -10.0000
v -13.0000 18.0000 -10.0000
v -13.0000 19.0000 -10.0000
v -13.0000 20.0000 -10.0000
v -13.0000 1.0000 -11.0000
v -13.0000 1.0000 -10.0000
v -13.0000 2.0000 -11.0000
v -13.0000 12.0000 -11.0000
v -13.0000 20.0000 -11.0000
v -13.0000 19.0000 -11.0000
v -14.0000 1.0000 -12.0000
v -13.0000 1.0000 -12.0000
v -13.0000 2.0000 -12.0000
v -13.0000 3.0000 -12.0000
v -13.0000 7.0000 -12.0000
v -13.0000 6.0000 -12.0000
v -13.0000 9.0000 -12.0000
v -13.0000 8.0000 -12.0000
v -13.0000 10.0000 -12.0000
v -13.0000 11.0000 -12.0000
v -13.0000 13.0000 -11.0000
v -13.0000 13.0000 -12.0000
v -13.0000 2.0000 -13.0000
v -14.0000 2.0000 -13.0000
v -14.0000 1.0000 -13.0000
v -13.0000 1.0000 -13.0000
v -13.0000 3.0000 -13.0000
v -13.0000 4.0000 -13.0000
v -13.0000 4.0000 -12.0000
v -13.0000 5.0000 -13.0000
v -13.0000 5.0000 -12.0000
v -13.0000 6.0000 -13.0000
v -13.0000 8.0000 -13.0000
v -13.0000 7.0000 -13.0000
v -13.0000 11.0000 -13.0000
v -13.0000 12.0000 -13.0000
v -13.0000 12.0000 -12.0000
v -13.0000 13.0000 -13.0000
v -14.0000 14.0000 -12.0000
v -13.0000 14.0000 -12.0000
v -13.0000 14.0000 -13.0000
v -14.0000 14.0000 -13.0000
v -13.0000 4.0000 -14.0000
v -13.0000 5.0000 -14.0000
v -13.0000 6.0000 -14.0000
v -14.0000 13.0000 -14.0000
v -13.0000 13.0000 -14.0000
v -14.0000 14.0000 -14.0000
v -13.0000 14.0000 -14.0000
v -13.0000 15.0000 -13.0000
v -14.0000 15.0000 -13.0000
v -14.0000 15.0000 -14.0000
v -13.0000 15.0000 -14.0000
v -14.0000 16.0000 -13.0000
v -13.0000 16.0000 -13.0000
v -13.0000 16.0000 -14.0000
v -14.0000 16.0000 -14.0000
v -13.0000 10.0000 20.0000
v -12.0000 10.0000 19.0000
v -12.0000 10.0000 20.0000
v -12.0000 11.0000 20.0000
v -13.0000 11.0000 20.0000
v -13.0000 12.0000 20.0000
v -12.0000 12.0000 20.0000
v -12.0000 12.0000 19.0000
v -12.0000 11.0000 19.0000
v -12.0000 13.0000 19.0000
v -12.0000 13.0000 20.0000
v -12.0000 14.0000 20.0000
v -12.0000 15.0000 20.0000
v -13.0000 15.0000 20.0000
v -13.0000 16.0000 20.0000
v -12.0000 16.0000 20.0000
v -12.0000 16.0000 19.0000
v -12.0000 2.0000 18.0000
v -12.0000 2.0000 19.0000
v -12.0000 3.0000 19.0000
v -12.0000 4.0000 19.0000
v -12.0000 5.0000 19.0000
v -13.0000 5.0000 19.0000
v -12.0000 6.0000 19.0000
v -12.0000 7.0000 19.0000
v -12.0000 8.0000 19.0000
v -12.0000 9.0000 19.0000
v -12.0000 17.0000 19.0000
v -12.0000 18.0000 19.0000
v -12.0000 19.0000 19.0000
v -12.0000 19.0000 18.0000
v -12.0000 18.0000 18.0000
v -13.0000 1.0000 18.0000
v -13.0000 1.0000 17.0000
v -12.0000 1.0000 17.0000
v -12.0000 1.0000 18.0000
v -12.0000 18.0000 17.0000
v -13.0000 1.0000 16.0000
v -12.0000 1.0000 16.0000
v -12.0000 2.0000 16.0000
v -12.0000 2.0000 17.0000
v -12.0000 18.0000 16.0000
v -12.0000 1.0000 15.0000
v -12.0000 2.0000 15.0000
v -12.0000 19.0000 16.0000
v -12.0000 19.0000 15.0000
v -12.0000 1.0000 14.0000
v -12.0000 2.0000 14.0000
v -13.0000 20.0000 15.0000
v -12.0000 20.0000 15.0000
v -12.0000 20.0000 14.0000
v -13.0000 20.0000 14.0000
v -12.0000 1.0000 13.0000
v -12.0000 20.0000 13.0000
v -13.0000 20.0000 13.0000
v -12.0000 1.0000 12.0000
v -12.0000 20.0000 12.0000
v -13.0000 20.0000 12.0000
v -12.0000 19.0000 12.0000
v -12.0000 19.0000 13.0000
v -12.0000 1.0000 11.0000
v -12.0000 19.0000 11.0000
v -12.0000 1.0000 10.0000
v -12.0000 20.0000 11.0000
v -12.0000 20.0000 10.0000
v -12.0000 19.0000 10.0000
v -12.0000 1.0000 9.0000
v -12.0000 2.0000 9.0000
v -12.0000 2.0000 10.0000
v -12.0000 19.0000 9.0000
v -12.0000 1.0000 8.0000
v -12.0000 2.0000 8.0000
v -12.0000 19.0000 8.0000
v -12.0000 2.0000 7.0000
v -12.0000 19.0000 7.0000
v -12.0000 2.0000 6.0000
v -12.0000 20.0000 7.0000
v -12.0000 20.0000 6.0000
v -13.0000 20.0000 6.0000
v -12.0000 19.0000 6.0000
v -12.0000 2.0000 5.0000
v -12.0000 19.0000 5.0000
v -13.0000 1.0000 5.0000
v -13.0000 1.0000 4.0000
v -12.0000 1.0000 4.0000
v -12.0000 1.0000 5.0000
v -12.0000 2.0000 4.0000
v -12.0000 19.0000 4.0000
v -12.0000 2.0000 3.0000
v -13.0000 20.0000 4.0000
v -12.0000 20.0000 4.0000
v -12.0000 20.0000 3.0000
v -12.0000 19.0000 3.0000
v -12.0000 2.0000 2.0000
v -12.0000 19.0000 2.0000
v -12.0000 2.0000 1.0000
v -12.0000 19.0000 1.0000
v -12.0000 -6.0000 -0.0000
v -12.0000 -6.0000 1.0000
v -12.0000 -5.0000 1.0000
v -12.0000 -4.0000 1.0000
v -12.0000 -4.0000 -0.0000
v -12.0000 -5.0000 -0.0000
v -12.0000 2.0000 -0.0000
v -12.0000 20.0000 1.0000
v -12.0000 20.0000 -0.0000
v -12.0000 19.0000 -0.0000
v -12.0000 -6.0000 -1.0000
v -12.0000 -4.0000 -1.0000
v -12.0000 -5.0000 -1.0000
v -12.0000 2.0000 -1.0000
v -12.0000 20.0000 -1.0000
v -12.0000 19.0000 -1.0000
v -12.0000 -6.0000 -2.0000
v -12.0000 -4.0000 -2.0000
v -12.0000 -5.0000 -2.0000
v -12.0000 2.0000 -2.0000
v -12.0000 20.0000 -2.0000
v -13.0000 20.0000 -2.0000
v -12.0000 19.0000 -2.0000
v -12.0000 -6.0000 -3.0000
v -12.0000 -5.0000 -3.0000
v -12.0000 -4.0000 -3.0000
v -12.0000 2.0000 -3.0000
v -12.0000 19.0000 -3.0000
v -13.0000 1.0000 -3.0000
v -13.0000 1.0000 -4.0000
v -12.0000 1.0000 -4.0000
v -12.0000 1.0000 -3.0000
v -12.0000 2.0000 -4.0000
v -12.0000 19.0000 -4.0000
v -13.0000 1.0000 -5.0000
v -12.0000 1.0000 -5.0000
v -12.0000 2.0000 -5.0000
v -12.0000 19.0000 -5.0000
v -13.0000 1.0000 -6.0000
v -12.0000 1.0000 -6.0000
v -12.0000 12.0000 -6.0000
v -12.0000 11.0000 -6.0000
v -12.0000 19.0000 -6.0000
v -13.0000 1.0000 -7.0000
v -12.0000 1.0000 -7.0000
v -12.0000 2.0000 -7.0000
v -12.0000 11.0000 -7.0000
v -12.0000 12.0000 -7.0000
v -12.0000 19.0000 -7.0000
v -12.0000 2.0000 -8.0000
v -12.0000 11.0000 -8.0000
v -12.0000 12.0000 -8.0000
v -12.0000 19.0000 -8.0000
v -12.0000 2.0000 -9.0000
v -12.0000 20.0000 -8.0000
v -12.0000 20.0000 -9.0000
v -12.0000 19.0000 -9.0000
v -12.0000 2.0000 -10.0000
v -13.0000 14.0000 -10.0000
v -12.0000 14.0000 -10.0000
v -12.0000 13.0000 -10.0000
v -13.0000 15.0000 -10.0000
v -12.0000 15.0000 -10.0000
v -12.0000 14.0000 -9.0000
v -12.0000 15.0000 -9.0000
v -12.0000 16.0000 -10.0000
v -12.0000 17.0000 -10.0000
v -12.0000 18.0000 -10.0000
v -12.0000 17.0000 -9.0000
v -12.0000 18.0000 -9.0000
v -12.0000 19.0000 -10.0000
v -12.0000 20.0000 -10.0000
v -12.0000 2.0000 -11.0000
v -12.0000 13.0000 -11.0000
v -12.0000 2.0000 -12.0000
v -12.0000 3.0000 -12.0000
v -12.0000 5.0000 -12.0000
v -12.0000 4.0000 -12.0000
v -12.0000 9.0000 -12.0000
v -12.0000 8.0000 -12.0000
v -12.0000 12.0000 -12.0000
v -12.0000 11.0000 -12.0000
v -12.0000 13.0000 -12.0000
v -12.0000 12.0000 -11.0000
v -13.0000 14.0000 -11.0000
v -12.0000 14.0000 -11.0000
v -12.0000 14.0000 -12.0000
v -12.0000 2.0000 -13.0000
v -12.0000 1.0000 -13.0000
v -12.0000 1.0000 -12.0000
v -12.0000 4.0000 -13.0000
v -12.0000 3.0000 -13.0000
v -12.0000 5.0000 -13.0000
v -12.0000 6.0000 -13.0000
v -12.0000 7.0000 -13.0000
v -12.0000 8.0000 -13.0000
v -13.0000 9.0000 -13.0000
v -12.0000 9.0000 -13.0000
v -13.0000 10.0000 -13.0000
v -12.0000 10.0000 -13.0000
v -12.0000 11.0000 -13.0000
v -12.0000 13.0000 -13.0000
v -12.0000 14.0000 -13.0000
v -13.0000 15.0000 -12.0000
v -12.0000 15.0000 -12.0000
v -12.0000 15.0000 -13.0000
v -12.0000 2.0000 -14.0000
v -13.0000 2.0000 -14.0000
v -13.0000 1.0000 -14.0000
v -12.0000 1.0000 -14.0000
v -12.0000 15.0000 -14.0000
v -12.0000 14.0000 -14.0000
v -13.0000 17.0000 -13.0000
v -12.0000 17.0000 -13.0000
v -12.0000 17.0000 -14.0000
v -13.0000 17.0000 -14.0000
v -12.0000 16.0000 -14.0000
v -12.0000 16.0000 -13.0000
v -11.0000 11.0000 20.0000
v -11.0000 11.0000 19.0000
v -11.0000 10.0000 19.0000
v -11.0000 10.0000 20.0000
v -11.0000 13.0000 19.0000
v -11.0000 13.0000 20.0000
v -11.0000 14.0000 20.0000
v -11.0000 14.0000 19.0000
v -11.0000 15.0000 20.0000
v -11.0000 15.0000 19.0000
v -11.0000 16.0000 20.0000
v -11.0000 16.0000 19.0000
v -12.0000 17.0000 20.0000
v -11.0000 17.0000 20.0000
v -11.0000 17.0000 19.0000
v -12.0000 19.0000 20.0000
v -11.0000 19.0000 20.0000
v -11.0000 19.0000 19.0000
v -12.0000 18.0000 20.0000
v -11.0000 18.0000 19.0000
v -11.0000 18.0000 20.0000
v -12.0000 1.0000 19.0000
v -11.0000 1.0000 18.0000
v -11.0000 1.0000 19.0000
v -11.0000 2.0000 19.0000
v -11.0000 2.0000 18.0000
v -11.0000 3.0000 19.0000
v -11.0000 4.0000 19.0000
v -11.0000 5.0000 19.0000
v -11.0000 6.0000 19.0000
v -11.0000 5.0000 18.0000
v -11.0000 6.0000 18.0000
v -11.0000 7.0000 19.0000
v -11.0000 7.0000 18.0000
v -11.0000 8.0000 19.0000
v -11.0000 9.0000 19.0000
v -11.0000 12.0000 19.0000
v -11.0000 19.0000 18.0000
v -11.0000 1.0000 17.0000
v -11.0000 2.0000 17.0000
v -11.0000 19.0000 17.0000
v -12.0000 19.0000 17.0000
v -11.0000 2.0000 16.0000
v -11.0000 19.0000 16.0000
v -11.0000 2.0000 15.0000
v -11.0000 19.0000 15.0000
v -11.0000 2.0000 14.0000
v -11.0000 20.0000 15.0000
v -11.0000 20.0000 14.0000
v -11.0000 19.0000 14.0000
v -11.0000 1.0000 13.0000
v -11.0000 1.0000 14.0000
v -11.0000 2.0000 13.0000
v -11.0000 20.0000 13.0000
v -11.0000 19.0000 13.0000
v -11.0000 1.0000 12.0000
v -11.0000 2.0000 12.0000
v -11.0000 19.0000 12.0000
v -11.0000 1.0000 11.0000
v -11.0000 2.0000 11.0000
v -11.0000 19.0000 11.0000
v -11.0000 1.0000 10.0000
v -11.0000 2.0000 10.0000
v -11.0000 19.0000 10.0000
v -11.0000 2.0000 9.0000
v -11.0000 19.0000 9.0000
v -11.0000 2.0000 8.0000
v -11.0000 19.0000 8.0000
v -11.0000 18.0000 9.0000
v -11.0000 18.0000 8.0000
v -12.0000 1.0000 7.0000
v -11.0000 1.0000 7.0000
v -11.0000 1.0000 8.0000
v -11.0000 19.0000 7.0000
v -12.0000 1.0000 6.0000
v -11.0000 1.0000 6.0000
v -11.0000 19.0000 6.0000
v -11.0000 1.0000 5.0000
v -11.0000 19.0000 5.0000
v -11.0000 1.0000 4.0000
v -11.0000 19.0000 4.0000
v -12.0000 1.0000 3.0000
v -11.0000 1.0000 3.0000
v -11.0000 19.0000 3.0000
v -12.0000 1.0000 2.0000
v -11.0000 1.0000 2.0000
v -11.0000 19.0000 2.0000
v -12.0000 1.0000 1.0000
v -11.0000 1.0000 1.0000
v -11.0000 19.0000 1.0000
v -12.0000 -7.0000 1.0000
v -12.0000 -7.0000 -0.0000
v -11.0000 -7.0000 -0.0000
v -11.0000 -7.0000 1.0000
v -11.0000 -6.0000 1.0000
v -11.0000 -5.0000 1.0000
v -11.0000 -5.0000 -0.0000
v -12.0000 1.0000 -0.0000
v -11.0000 1.0000 -0.0000
v -11.0000 2.0000 -0.0000
v -11.0000 19.0000 -0.0000
v -12.0000 -7.0000 -1.0000
v -11.0000 -7.0000 -1.0000
v -11.0000 -5.0000 -1.0000
v -11.0000 2.0000 -1.0000
v -11.0000 19.0000 -1.0000
v -12.0000 -7.0000 -2.0000
v -11.0000 -7.0000 -2.0000
v -11.0000 -5.0000 -2.0000
v -11.0000 2.0000 -2.0000
v -11.0000 20.0000 -1.0000
v -11.0000 20.0000 -2.0000
v -11.0000 19.0000 -2.0000
v -12.0000 -7.0000 -3.0000
v -11.0000 -7.0000 -3.0000
v -11.0000 -6.0000 -3.0000
v -11.0000 -5.0000 -3.0000
v -11.0000 2.0000 -3.0000
v -11.0000 19.0000 -3.0000
v -11.0000 2.0000 -4.0000
v -11.0000 19.0000 -4.0000
v -11.0000 2.0000 -5.0000
v -12.0000 20.0000 -4.0000
v -11.0000 20.0000 -4.0000
v -11.0000 20.0000 -5.0000
v -12.0000 20.0000 -5.0000
v -11.0000 1.0000 -6.0000
v -11.0000 1.0000 -5.0000
v -11.0000 2.0000 -6.0000
v -11.0000 12.0000 -6.0000
v -11.0000 11.0000 -6.0000
v -11.0000 20.0000 -6.0000
v -12.0000 20.0000 -6.0000
v -11.0000 1.0000 -7.0000
v -11.0000 2.0000 -7.0000
v -11.0000 11.0000 -7.0000
v -11.0000 12.0000 -7.0000
v -11.0000 20.0000 -7.0000
v -12.0000 20.0000 -7.0000
v -11.0000 19.0000 -6.0000
v -11.0000 19.0000 -7.0000
v -12.0000 1.0000 -8.0000
v -11.0000 1.0000 -8.0000
v -11.0000 2.0000 -8.0000
v -11.0000 11.0000 -8.0000
v -11.0000 12.0000 -8.0000
v -11.0000 20.0000 -8.0000
v -11.0000 19.0000 -8.0000
v -11.0000 2.0000 -9.0000
v -11.0000 15.0000 -9.0000
v -11.0000 14.0000 -9.0000
v -11.0000 18.0000 -9.0000
v -11.0000 17.0000 -9.0000
v -11.0000 19.0000 -9.0000
v -11.0000 2.0000 -10.0000
v -11.0000 14.0000 -10.0000
v -11.0000 13.0000 -10.0000
v -11.0000 15.0000 -10.0000
v -11.0000 16.0000 -10.0000
v -11.0000 17.0000 -10.0000
v -12.0000 1.0000 -10.0000
v -12.0000 1.0000 -11.0000
v -11.0000 1.0000 -11.0000
v -11.0000 1.0000 -10.0000
v -11.0000 2.0000 -11.0000
v -11.0000 13.0000 -11.0000
v -11.0000 12.0000 -11.0000
v -11.0000 1.0000 -12.0000
v -11.0000 2.0000 -12.0000
v -11.0000 12.0000 -12.0000
v -11.0000 11.0000 -12.0000
v -11.0000 14.0000 -11.0000
v -11.0000 14.0000 -12.0000
v -11.0000 13.0000 -12.0000
v -11.0000 2.0000 -13.0000
v -11.0000 3.0000 -13.0000
v -11.0000 5.0000 -13.0000
v -11.0000 4.0000 -13.0000
v -11.0000 7.0000 -13.0000
v -11.0000 6.0000 -13.0000
v -11.0000 8.0000 -13.0000
v -11.0000 7.0000 -12.0000
v -11.0000 8.0000 -12.0000
v -11.0000 9.0000 -13.0000
v -11.0000 10.0000 -13.0000
v -11.0000 11.0000 -13.0000
v -12.0000 16.0000 -12.0000
v -11.0000 16.0000 -12.0000
v -11.0000 16.0000 -13.0000
v -11.0000 15.0000 -13.0000
v -11.0000 15.0000 -12.0000
v -11.0000 4.0000 -14.0000
v -12.0000 4.0000 -14.0000
v -12.0000 3.0000 -14.0000
v -11.0000 3.0000 -14.0000
v -11.0000 6.0000 -14.0000
v -12.0000 6.0000 -14.0000
v -12.0000 5.0000 -14.0000
v -11.0000 5.0000 -14.0000
v -11.0000 17.0000 -13.0000
v -11.0000 17.0000 -14.0000
v -11.0000 16.0000 -14.0000
v -11.0000 3.0000 20.0000
v -10.0000 3.0000 20.0000
v -10.0000 3.0000 19.0000
v -11.0000 2.0000 20.0000
v -10.0000 2.0000 19.0000
v -10.0000 2.0000 20.0000
v -11.0000 5.0000 20.0000
v -10.0000 5.0000 20.0000
v -10.0000 5.0000 19.0000
v -11.0000 4.0000 20.0000
v -10.0000 4.0000 19.0000
v -10.0000 4.0000 20.0000
v -10.0000 10.0000 20.0000
v -10.0000 10.0000 19.0000
v -11.0000 9.0000 20.0000
v -10.0000 9.0000 19.0000
v -10.0000 9.0000 20.0000
v -10.0000 19.0000 20.0000
v -10.0000 19.0000 19.0000
v -10.0000 18.0000 19.0000
v -10.0000 18.0000 20.0000
v -10.0000 2.0000 18.0000
v -10.0000 5.0000 18.0000
v -10.0000 7.0000 18.0000
v -10.0000 7.0000 19.0000
v -10.0000 8.0000 19.0000
v -10.0000 11.0000 19.0000
v -10.0000 12.0000 19.0000
v -10.0000 13.0000 19.0000
v -10.0000 14.0000 19.0000
v -10.0000 15.0000 19.0000
v -10.0000 16.0000 19.0000
v -10.0000 17.0000 19.0000
v -10.0000 16.0000 18.0000
v -10.0000 17.0000 18.0000
v -11.0000 20.0000 19.0000
v -10.0000 20.0000 19.0000
v -10.0000 20.0000 18.0000
v -11.0000 20.0000 18.0000
v -10.0000 2.0000 17.0000
v -10.0000 6.0000 18.0000
v -10.0000 20.0000 17.0000
v -11.0000 20.0000 17.0000
v -10.0000 19.0000 17.0000
v -10.0000 19.0000 18.0000
v -10.0000 2.0000 16.0000
v -10.0000 19.0000 16.0000
v -10.0000 2.0000 15.0000
v -10.0000 19.0000 15.0000
v -10.0000 2.0000 14.0000
v -10.0000 19.0000 14.0000
v -10.0000 2.0000 13.0000
v -10.0000 19.0000 13.0000
v -10.0000 2.0000 12.0000
v -10.0000 19.0000 12.0000
v -10.0000 18.0000 13.0000
v -10.0000 18.0000 12.0000
v -10.0000 2.0000 11.0000
v -10.0000 19.0000 11.0000
v -10.0000 2.0000 10.0000
v -10.0000 19.0000 10.0000
v -10.0000 18.0000 11.0000
v -10.0000 18.0000 10.0000
v -11.0000 1.0000 9.0000
v -10.0000 1.0000 9.0000
v -10.0000 1.0000 10.0000
v -10.0000 2.0000 9.0000
v -10.0000 19.0000 9.0000
v -10.0000 18.0000 9.0000
v -10.0000 1.0000 8.0000
v -10.0000 2.0000 8.0000
v -10.0000 18.0000 8.0000
v -10.0000 1.0000 7.0000
v -10.0000 2.0000 7.0000
v -10.0000 19.0000 8.0000
v -10.0000 19.0000 7.0000
v -10.0000 1.0000 6.0000
v -10.0000 19.0000 6.0000
v -10.0000 1.0000 5.0000
v -11.0000 20.0000 6.0000
v -10.0000 20.0000 6.0000
v -10.0000 20.0000 5.0000
v -11.0000 20.0000 5.0000
v -10.0000 19.0000 5.0000
v -10.0000 1.0000 4.0000
v -10.0000 19.0000 4.0000
v -10.0000 1.0000 3.0000
v -10.0000 19.0000 3.0000
v -10.0000 1.0000 2.0000
v -10.0000 19.0000 2.0000
v -10.0000 1.0000 1.0000
v -10.0000 19.0000 1.0000
v -10.0000 -7.0000 -0.0000
v -10.0000 -7.0000 1.0000
v -10.0000 -6.0000 1.0000
v -10.0000 -5.0000 1.0000
v -10.0000 -5.0000 -0.0000
v -10.0000 1.0000 -0.0000
v -11.0000 20.0000 1.0000
v -10.0000 20.0000 1.0000
v -10.0000 20.0000 -0.0000
v -11.0000 20.0000 -0.0000
v -10.0000 19.0000 -0.0000
v -10.0000 -7.0000 -1.0000
v -10.0000 -5.0000 -1.0000
v -11.0000 1.0000 -1.0000
v -10.0000 1.0000 -1.0000
v -10.0000 19.0000 -1.0000
v -10.0000 -7.0000 -2.0000
v -10.0000 -5.0000 -2.0000
v -11.0000 1.0000 -2.0000
v -10.0000 1.0000 -2.0000
v -10.0000 2.0000 -2.0000
v -10.0000 19.0000 -2.0000
v -10.0000 -7.0000 -3.0000
v -10.0000 -6.0000 -3.0000
v -10.0000 -5.0000 -3.0000
v -10.0000 2.0000 -3.0000
v -10.0000 19.0000 -3.0000
v -10.0000 2.0000 -4.0000
v -10.0000 19.0000 -4.0000
v -10.0000 18.0000 -3.0000
v -10.0000 18.0000 -4.0000
v -10.0000 2.0000 -5.0000
v -10.0000 20.0000 -4.0000
v -10.0000 20.0000 -5.0000
v -10.0000 19.0000 -5.0000
v -10.0000 2.0000 -6.0000
v -10.0000 12.0000 -6.0000
v -10.0000 11.0000 -6.0000
v -10.0000 20.0000 -6.0000
v -10.0000 19.0000 -6.0000
v -10.0000 2.0000 -7.0000
v -10.0000 11.0000 -7.0000
v -10.0000 12.0000 -7.0000
v -10.0000 19.0000 -7.0000
v -10.0000 1.0000 -8.0000
v -10.0000 1.0000 -7.0000
v -10.0000 2.0000 -8.0000
v -10.0000 11.0000 -8.0000
v -10.0000 12.0000 -8.0000
v -10.0000 19.0000 -8.0000
v -11.0000 1.0000 -9.0000
v -10.0000 1.0000 -9.0000
v -10.0000 2.0000 -9.0000
v -10.0000 19.0000 -9.0000
v -10.0000 2.0000 -10.0000
v -11.0000 18.0000 -10.0000
v -11.0000 19.0000 -10.0000
v -11.0000 20.0000 -9.0000
v -10.0000 20.0000 -9.0000
v -10.0000 20.0000 -10.0000
v -11.0000 20.0000 -10.0000
v -10.0000 19.0000 -10.0000
v -10.0000 2.0000 -11.0000
v -11.0000 15.0000 -11.0000
v -11.0000 16.0000 -11.0000
v -11.0000 17.0000 -11.0000
v -10.0000 17.0000 -11.0000
v -10.0000 16.0000 -11.0000
v -11.0000 18.0000 -11.0000
v -10.0000 18.0000 -11.0000
v -10.0000 17.0000 -10.0000
v -10.0000 18.0000 -10.0000
v -10.0000 19.0000 -11.0000
v -11.0000 19.0000 -11.0000
v -10.0000 1.0000 -12.0000
v -10.0000 1.0000 -11.0000
v -10.0000 2.0000 -12.0000
v -10.0000 8.0000 -12.0000
v -10.0000 7.0000 -12.0000
v -10.0000 13.0000 -12.0000
v -10.0000 12.0000 -12.0000
v -10.0000 14.0000 -12.0000
v -10.0000 15.0000 -12.0000
v -10.0000 16.0000 -12.0000
v -11.0000 1.0000 -13.0000
v -10.0000 1.0000 -13.0000
v -10.0000 2.0000 -13.0000
v -10.0000 3.0000 -13.0000
v -10.0000 6.0000 -13.0000
v -10.0000 5.0000 -13.0000
v -10.0000 7.0000 -13.0000
v -10.0000 8.0000 -13.0000
v -10.0000 9.0000 -13.0000
v -10.0000 10.0000 -13.0000
v -10.0000 9.0000 -12.0000
v -10.0000 10.0000 -12.0000
v -10.0000 12.0000 -13.0000
v -11.0000 12.0000 -13.0000
v -10.0000 11.0000 -13.0000
v -10.0000 15.0000 -13.0000
v -11.0000 17.0000 -12.0000
v -10.0000 17.0000 -12.0000
v -10.0000 17.0000 -13.0000
v -10.0000 16.0000 -13.0000
v -10.0000 3.0000 -14.0000
v -10.0000 4.0000 -14.0000
v -10.0000 4.0000 -13.0000
v -10.0000 5.0000 -14.0000
v -10.0000 11.0000 -14.0000
v -11.0000 11.0000 -14.0000
v -11.0000 10.0000 -14.0000
v -10.0000 10.0000 -14.0000
v -10.0000 16.0000 -14.0000
v -11.0000 15.0000 -14.0000
v -10.0000 15.0000 -14.0000
v -9.0000 3.0000 20.0000
v -9.0000 3.0000 19.0000
v -9.0000 2.0000 19.0000
v -9.0000 2.0000 20.0000
v -9.0000 5.0000 20.0000
v -9.0000 5.0000 19.0000
v -9.0000 4.0000 19.0000
v -9.0000 4.0000 20.0000
v -10.0000 12.0000 20.0000
v -9.0000 12.0000 19.0000
v -9.0000 12.0000 20.0000
v -9.0000 13.0000 20.0000
v -10.0000 13.0000 20.0000
v -9.0000 13.0000 19.0000
v -9.0000 14.0000 20.0000
v -10.0000 14.0000 20.0000
v -10.0000 15.0000 20.0000
v -9.0000 15.0000 20.0000
v -9.0000 15.0000 19.0000
v -9.0000 2.0000 18.0000
v -9.0000 3.0000 18.0000
v -9.0000 4.0000 18.0000
v -9.0000 5.0000 18.0000
v -10.0000 6.0000 19.0000
v -9.0000 6.0000 18.0000
v -9.0000 6.0000 19.0000
v -9.0000 7.0000 19.0000
v -9.0000 7.0000 18.0000
v -9.0000 8.0000 19.0000
v -9.0000 9.0000 19.0000
v -9.0000 10.0000 19.0000
v -9.0000 11.0000 19.0000
v -9.0000 10.0000 18.0000
v -9.0000 11.0000 18.0000
v -9.0000 12.0000 18.0000
v -9.0000 16.0000 19.0000
v -9.0000 16.0000 18.0000
v -9.0000 17.0000 18.0000
v -9.0000 17.0000 19.0000
v -9.0000 18.0000 19.0000
v -9.0000 19.0000 19.0000
v -9.0000 20.0000 19.0000
v -9.0000 20.0000 18.0000
v -9.0000 19.0000 18.0000
v -9.0000 2.0000 17.0000
v -9.0000 19.0000 17.0000
v -9.0000 2.0000 16.0000
v -9.0000 19.0000 16.0000
v -9.0000 18.0000 17.0000
v -9.0000 18.0000 16.0000
v -9.0000 2.0000 15.0000
v -9.0000 19.0000 15.0000
v -9.0000 2.0000 14.0000
v -9.0000 19.0000 14.0000
v -9.0000 2.0000 13.0000
v -9.0000 19.0000 13.0000
v -9.0000 18.0000 13.0000
v -9.0000 2.0000 12.0000
v -9.0000 18.0000 12.0000
v -9.0000 2.0000 11.0000
v -9.0000 19.0000 12.0000
v -9.0000 19.0000 11.0000
v -9.0000 18.0000 11.0000
v -9.0000 2.0000 10.0000
v -9.0000 18.0000 10.0000
v -9.0000 2.0000 9.0000
v -9.0000 18.0000 9.0000
v -10.0000 -19.0000 9.0000
v -9.0000 -19.0000 9.0000
v -9.0000 -19.0000 8.0000
v -10.0000 -19.0000 8.0000
v -10.0000 -20.0000 9.0000
v -10.0000 -20.0000 8.0000
v -9.0000 -20.0000 8.0000
v -9.0000 -20.0000 9.0000
v -9.0000 2.0000 8.0000
v -9.0000 19.0000 9.0000
v -9.0000 19.0000 8.0000
v -9.0000 -19.0000 7.0000
v -10.0000 -19.0000 7.0000
v -10.0000 -20.0000 7.0000
v -9.0000 -20.0000 7.0000
v -9.0000 2.0000 7.0000
v -9.0000 19.0000 7.0000
v -9.0000 -19.0000 6.0000
v -10.0000 -19.0000 6.0000
v -10.0000 -20.0000 6.0000
v -9.0000 -20.0000 6.0000
v -9.0000 1.0000 6.0000
v -9.0000 1.0000 7.0000
v -10.0000 20.0000 7.0000
v -9.0000 20.0000 7.0000
v -9.0000 20.0000 6.0000
v -9.0000 19.0000 6.0000
v -9.0000 -19.0000 5.0000
v -10.0000 -19.0000 5.0000
v -10.0000 -20.0000 5.0000
v -9.0000 -20.0000 5.0000
v -9.0000 1.0000 5.0000
v -9.0000 19.0000 5.0000
v -9.0000 -19.0000 4.0000
v -10.0000 -19.0000 4.0000
v -10.0000 -20.0000 4.0000
v -9.0000 -20.0000 4.0000
v -9.0000 1.0000 4.0000
v -9.0000 19.0000 4.0000
v -9.0000 -19.0000 3.0000
v -10.0000 -19.0000 3.0000
v -10.0000 -20.0000 3.0000
v -9.0000 -20.0000 3.0000
v -9.0000 1.0000 3.0000
v -10.0000 20.0000 4.0000
v -9.0000 20.0000 4.0000
v -9.0000 20.0000 3.0000
v -10.0000 20.0000 3.0000
v -9.0000 19.0000 3.0000
v -9.0000 -19.0000 2.0000
v -10.0000 -19.0000 2.0000
v -10.0000 -20.0000 2.0000
v -9.0000 -20.0000 2.0000
v -9.0000 1.0000 2.0000
v -9.0000 20.0000 2.0000
v -10.0000 20.0000 2.0000
v -9.0000 19.0000 2.0000
v -9.0000 -19.0000 1.0000
v -10.0000 -19.0000 1.0000
v -10.0000 -20.0000 1.0000
v -9.0000 -20.0000 1.0000
v -9.0000 1.0000 1.0000
v -9.0000 18.0000 2.0000
v -9.0000 18.0000 1.0000
v -9.0000 19.0000 1.0000
v -9.0000 20.0000 1.0000
v -9.0000 -19.0000 -0.0000
v -10.0000 -19.0000 -0.0000
v -10.0000 -20.0000 -0.0000
v -9.0000 -20.0000 -0.0000
v -9.0000 -7.0000 -0.0000
v -9.0000 -7.0000 1.0000
v -9.0000 -6.0000 1.0000
v -9.0000 -5.0000 1.0000
v -9.0000 -5.0000 -0.0000
v -9.0000 1.0000 -0.0000
v -9.0000 19.0000 -0.0000
v -9.0000 18.0000 -0.0000
v -9.0000 -19.0000 -1.0000
v -10.0000 -19.0000 -1.0000
v -10.0000 -20.0000 -1.0000
v -9.0000 -20.0000 -1.0000
v -9.0000 -7.0000 -1.0000
v -9.0000 -5.0000 -1.0000
v -9.0000 1.0000 -1.0000
v -9.0000 19.0000 -1.0000
v -9.0000 -19.0000 -2.0000
v -10.0000 -19.0000 -2.0000
v -10.0000 -20.0000 -2.0000
v -9.0000 -20.0000 -2.0000
v -9.0000 -7.0000 -2.0000
v -9.0000 -5.0000 -2.0000
v -9.0000 1.0000 -2.0000
v -9.0000 19.0000 -2.0000
v -9.0000 18.0000 -1.0000
v -9.0000 18.0000 -2.0000
v -9.0000 -19.0000 -3.0000
v -10.0000 -19.0000 -3.0000
v -10.0000 -20.0000 -3.0000
v -9.0000 -20.0000 -3.0000
v -9.0000 -7.0000 -3.0000
v -9.0000 -6.0000 -3.0000
v -9.0000 -5.0000 -3.0000
v -10.0000 1.0000 -3.0000
v -9.0000 1.0000 -3.0000
v -9.0000 2.0000 -3.0000
v -9.0000 19.0000 -3.0000
v -9.0000 18.0000 -3.0000
v -9.0000 -19.0000 -4.0000
v -10.0000 -19.0000 -4.0000
v -10.0000 -20.0000 -4.0000
v -9.0000 -20.0000 -4.0000
v -9.0000 2.0000 -4.0000
v -9.0000 18.0000 -4.0000
v -9.0000 -19.0000 -5.0000
v -10.0000 -19.0000 -5.0000
v -10.0000 -20.0000 -5.0000
v -9.0000 -20.0000 -5.0000
v -9.0000 2.0000 -5.0000
v -9.0000 19.0000 -4.0000
v -9.0000 19.0000 -5.0000
v -9.0000 -19.0000 -6.0000
v -10.0000 -19.0000 -6.0000
v -10.0000 -20.0000 -6.0000
v -9.0000 -20.0000 -6.0000
v -9.0000 2.0000 -6.0000
v -9.0000 12.0000 -6.0000
v -9.0000 11.0000 -6.0000
v -9.0000 19.0000 -6.0000
v -9.0000 -19.0000 -7.0000
v -10.0000 -19.0000 -7.0000
v -10.0000 -20.0000 -7.0000
v -9.0000 -20.0000 -7.0000
v -9.0000 2.0000 -7.0000
v -9.0000 11.0000 -7.0000
v -9.0000 12.0000 -7.0000
v -9.0000 19.0000 -7.0000
v -9.0000 -19.0000 -8.0000
v -10.0000 -19.0000 -8.0000
v -10.0000 -20.0000 -8.0000
v -9.0000 -20.0000 -8.0000
v -9.0000 2.0000 -8.0000
v -9.0000 11.0000 -8.0000
v -9.0000 12.0000 -8.0000
v -10.0000 20.0000 -7.0000
v -9.0000 20.0000 -7.0000
v -9.0000 20.0000 -8.0000
v -10.0000 20.0000 -8.0000
v -9.0000 -19.0000 -9.0000
v -10.0000 -19.0000 -9.0000
v -10.0000 -20.0000 -9.0000
v -9.0000 -20.0000 -9.0000
v -9.0000 2.0000 -9.0000
v -9.0000 20.0000 -9.0000
v -9.0000 19.0000 -8.0000
v -9.0000 19.0000 -9.0000
v -9.0000 -19.0000 -10.0000
v -10.0000 -19.0000 -10.0000
v -10.0000 -20.0000 -10.0000
v -9.0000 -20.0000 -10.0000
v -9.0000 2.0000 -10.0000
v -9.0000 18.0000 -10.0000
v -9.0000 17.0000 -10.0000
v -9.0000 19.0000 -10.0000
v -9.0000 20.0000 -10.0000
v -9.0000 2.0000 -11.0000
v -9.0000 17.0000 -11.0000
v -9.0000 16.0000 -11.0000
v -9.0000 16.0000 -10.0000
v -9.0000 20.0000 -11.0000
v -10.0000 20.0000 -11.0000
v -9.0000 19.0000 -11.0000
v -9.0000 2.0000 -12.0000
v -9.0000 8.0000 -12.0000
v -9.0000 7.0000 -12.0000
v -9.0000 10.0000 -12.0000
v -9.0000 9.0000 -12.0000
v -9.0000 14.0000 -12.0000
v -9.0000 13.0000 -12.0000
v -9.0000 16.0000 -12.0000
v -9.0000 1.0000 -13.0000
v -9.0000 1.0000 -12.0000
v -9.0000 2.0000 -13.0000
v -9.0000 3.0000 -13.0000
v -9.0000 4.0000 -13.0000
v -9.0000 3.0000 -12.0000
v -9.0000 4.0000 -12.0000
v -9.0000 5.0000 -13.0000
v -9.0000 6.0000 -13.0000
v -9.0000 7.0000 -13.0000
v -9.0000 6.0000 -12.0000
v -9.0000 9.0000 -13.0000
v -9.0000 8.0000 -13.0000
v -9.0000 10.0000 -13.0000
v -9.0000 12.0000 -13.0000
v -9.0000 11.0000 -13.0000
v -9.0000 13.0000 -13.0000
v -10.0000 13.0000 -13.0000
v -9.0000 12.0000 -12.0000
v -10.0000 14.0000 -13.0000
v -9.0000 14.0000 -13.0000
v -9.0000 16.0000 -13.0000
v -9.0000 15.0000 -13.0000
v -9.0000 15.0000 -12.0000
v -9.0000 17.0000 -12.0000
v -9.0000 17.0000 -13.0000
v -9.0000 11.0000 -14.0000
v -9.0000 10.0000 -14.0000
v -9.0000 15.0000 -14.0000
v -10.0000 14.0000 -14.0000
v -9.0000 14.0000 -14.0000
v -8.0000 13.0000 19.0000
v -8.0000 13.0000 20.0000
v -8.0000 14.0000 20.0000
v -8.0000 14.0000 19.0000
v -8.0000 15.0000 20.0000
v -8.0000 15.0000 19.0000
v -9.0000 17.0000 20.0000
v -8.0000 17.0000 19.0000
v -8.0000 17.0000 20.0000
v -8.0000 18.0000 20.0000
v -9.0000 18.0000 20.0000
v -9.0000 19.0000 20.0000
v -8.0000 19.0000 20.0000
v -8.0000 19.0000 19.0000
v -8.0000 5.0000 19.0000
v -8.0000 5.0000 18.0000
v -8.0000 4.0000 18.0000
v -8.0000 4.0000 19.0000
v -8.0000 7.0000 18.0000
v -8.0000 7.0000 19.0000
v -8.0000 8.0000 19.0000
v -8.0000 9.0000 19.0000
v -8.0000 10.0000 19.0000
v -8.0000 10.0000 18.0000
v -8.0000 12.0000 18.0000
v -8.0000 12.0000 19.0000
v -8.0000 16.0000 19.0000
v -8.0000 20.0000 19.0000
v -8.0000 20.0000 18.0000
v -8.0000 19.0000 18.0000
v -8.0000 2.0000 17.0000
v -8.0000 2.0000 18.0000
v -8.0000 3.0000 18.0000
v -8.0000 6.0000 18.0000
v -8.0000 11.0000 18.0000
v -8.0000 19.0000 17.0000
v -8.0000 18.0000 17.0000
v -8.0000 2.0000 16.0000
v -8.0000 18.0000 16.0000
v -8.0000 2.0000 15.0000
v -8.0000 19.0000 16.0000
v -9.0000 20.0000 16.0000
v -8.0000 20.0000 16.0000
v -8.0000 20.0000 15.0000
v -9.0000 20.0000 15.0000
v -8.0000 19.0000 15.0000
v -8.0000 2.0000 14.0000
v -8.0000 19.0000 14.0000
v -9.0000 1.0000 14.0000
v -9.0000 1.0000 13.0000
v -8.0000 1.0000 13.0000
v -8.0000 1.0000 14.0000
v -8.0000 19.0000 13.0000
v -9.0000 1.0000 12.0000
v -8.0000 1.0000 12.0000
v -8.0000 19.0000 12.0000
v -8.0000 18.0000 13.0000
v -8.0000 18.0000 12.0000
v -9.0000 1.0000 11.0000
v -8.0000 1.0000 11.0000
v -8.0000 19.0000 11.0000
v -9.0000 1.0000 10.0000
v -8.0000 1.0000 10.0000
v -8.0000 19.0000 10.0000
v -9.0000 19.0000 10.0000
v -9.0000 1.0000 9.0000
v -8.0000 1.0000 9.0000
v -9.0000 20.0000 10.0000
v -8.0000 20.0000 10.0000
v -8.0000 20.0000 9.0000
v -9.0000 20.0000 9.0000
v -8.0000 -19.0000 9.0000
v -8.0000 -19.0000 8.0000
v -8.0000 -20.0000 8.0000
v -8.0000 -20.0000 9.0000
v -9.0000 1.0000 8.0000
v -8.0000 1.0000 8.0000
v -8.0000 2.0000 8.0000
v -8.0000 20.0000 8.0000
v -9.0000 20.0000 8.0000
v -8.0000 19.0000 8.0000
v -8.0000 19.0000 9.0000
v -8.0000 -19.0000 7.0000
v -8.0000 -20.0000 7.0000
v -8.0000 2.0000 7.0000
v -8.0000 19.0000 7.0000
v -8.0000 -19.0000 6.0000
v -8.0000 -20.0000 6.0000
v -8.0000 1.0000 6.0000
v -8.0000 1.0000 7.0000
v -8.0000 19.0000 6.0000
v -8.0000 -19.0000 5.0000
v -8.0000 -20.0000 5.0000
v -8.0000 1.0000 5.0000
v -8.0000 20.0000 6.0000
v -8.0000 20.0000 5.0000
v -9.0000 20.0000 5.0000
v -8.0000 19.0000 5.0000
v -8.0000 -19.0000 4.0000
v -8.0000 -20.0000 4.0000
v -8.0000 1.0000 4.0000
v -8.0000 20.0000 4.0000
v -8.0000 19.0000 4.0000
v -8.0000 -19.0000 3.0000
v -8.0000 -20.0000 3.0000
v -8.0000 1.0000 3.0000
v -8.0000 19.0000 3.0000
v -8.0000 -19.0000 2.0000
v -8.0000 -20.0000 2.0000
v -8.0000 1.0000 2.0000
v -8.0000 19.0000 2.0000
v -8.0000 18.0000 2.0000
v -8.0000 -19.0000 1.0000
v -8.0000 -20.0000 1.0000
v -9.0000 -6.0000 2.0000
v -8.0000 -6.0000 2.0000
v -8.0000 -6.0000 1.0000
v -9.0000 -7.0000 2.0000
v -8.0000 -7.0000 1.0000
v -8.0000 -7.0000 2.0000
v -8.0000 1.0000 1.0000
v -8.0000 18.0000 1.0000
v -8.0000 -19.0000 -0.0000
v -8.0000 -20.0000 -0.0000
v -8.0000 -7.0000 -0.0000
v -8.0000 -5.0000 1.0000
v -8.0000 -5.0000 -0.0000
v -8.0000 1.0000 -0.0000
v -8.0000 18.0000 -0.0000
v -8.0000 -19.0000 -1.0000
v -8.0000 -20.0000 -1.0000
v -8.0000 -7.0000 -1.0000
v -8.0000 -5.0000 -1.0000
v -8.0000 1.0000 -1.0000
v -8.0000 19.0000 -0.0000
v -8.0000 19.0000 -1.0000
v -8.0000 18.0000 -1.0000
v -8.0000 -19.0000 -2.0000
v -8.0000 -20.0000 -2.0000
v -8.0000 -7.0000 -2.0000
v -8.0000 -5.0000 -2.0000
v -8.0000 1.0000 -2.0000
v -8.0000 18.0000 -2.0000
v -8.0000 -19.0000 -3.0000
v -8.0000 -20.0000 -3.0000
v -8.0000 -7.0000 -3.0000
v -8.0000 -6.0000 -3.0000
v -8.0000 -5.0000 -3.0000
v -8.0000 1.0000 -3.0000
v -8.0000 19.0000 -2.0000
v -8.0000 19.0000 -3.0000
v -8.0000 18.0000 -3.0000
v -8.0000 -19.0000 -4.0000
v -8.0000 -20.0000 -4.0000
v -9.0000 1.0000 -4.0000
v -8.0000 1.0000 -4.0000
v -8.0000 18.0000 -4.0000
v -8.0000 -19.0000 -5.0000
v -8.0000 -20.0000 -5.0000
v -9.0000 1.0000 -5.0000
v -8.0000 1.0000 -5.0000
v -8.0000 2.0000 -5.0000
v -8.0000 19.0000 -4.0000
v -8.0000 19.0000 -5.0000
v -8.0000 18.0000 -5.0000
v -8.0000 -19.0000 -6.0000
v -8.0000 -20.0000 -6.0000
v -8.0000 2.0000 -6.0000
v -8.0000 12.0000 -6.0000
v -8.0000 11.0000 -6.0000
v -8.0000 19.0000 -6.0000
v -8.0000 -19.0000 -7.0000
v -8.0000 -20.0000 -7.0000
v -8.0000 2.0000 -7.0000
v -8.0000 11.0000 -7.0000
v -8.0000 12.0000 -7.0000
v -9.0000 20.0000 -6.0000
v -8.0000 20.0000 -6.0000
v -8.0000 20.0000 -7.0000
v -8.0000 -19.0000 -8.0000
v -8.0000 -20.0000 -8.0000
v -8.0000 2.0000 -8.0000
v -8.0000 11.0000 -8.0000
v -8.0000 12.0000 -8.0000
v -8.0000 20.0000 -8.0000
v -8.0000 19.0000 -8.0000
v -8.0000 -19.0000 -9.0000
v -8.0000 -20.0000 -9.0000
v -8.0000 2.0000 -9.0000
v -8.0000 19.0000 -9.0000
v -8.0000 -19.0000 -10.0000
v -8.0000 -20.0000 -10.0000
v -8.0000 2.0000 -10.0000
v -8.0000 17.0000 -10.0000
v -8.0000 16.0000 -10.0000
v -8.0000 18.0000 -10.0000
v -8.0000 20.0000 -9.0000
v -8.0000 20.0000 -10.0000
v -8.0000 2.0000 -11.0000
v -8.0000 16.0000 -11.0000
v -9.0000 18.0000 -11.0000
v -8.0000 18.0000 -11.0000
v -8.0000 19.0000 -11.0000
v -8.0000 20.0000 -11.0000
v -8.0000 2.0000 -12.0000
v -8.0000 4.0000 -12.0000
v -8.0000 3.0000 -12.0000
v -8.0000 7.0000 -12.0000
v -8.0000 6.0000 -12.0000
v -8.0000 8.0000 -12.0000
v -8.0000 13.0000 -12.0000
v -8.0000 12.0000 -12.0000
v -8.0000 14.0000 -12.0000
v -8.0000 16.0000 -12.0000
v -8.0000 15.0000 -12.0000
v -8.0000 3.0000 -13.0000
v -8.0000 2.0000 -13.0000
v -8.0000 4.0000 -13.0000
v -8.0000 5.0000 -13.0000
v -8.0000 5.0000 -12.0000
v -8.0000 6.0000 -13.0000
v -8.0000 8.0000 -13.0000
v -8.0000 10.0000 -13.0000
v -8.0000 9.0000 -13.0000
v -8.0000 11.0000 -13.0000
v -8.0000 12.0000 -13.0000
v -8.0000 11.0000 -12.0000
v -8.0000 15.0000 -13.0000
v -8.0000 14.0000 -13.0000
v -8.0000 17.0000 -12.0000
v -8.0000 17.0000 -13.0000
v -8.0000 16.0000 -13.0000
v -8.0000 9.0000 -14.0000
v -9.0000 9.0000 -14.0000
v -9.0000 8.0000 -14.0000
v -8.0000 8.0000 -14.0000
v -8.0000 15.0000 -14.0000
v -8.0000 14.0000 -14.0000
v -8.0000 8.0000 20.0000
v -7.0000 8.0000 19.0000
v -7.0000 8.0000 20.0000
v -7.0000 9.0000 20.0000
v -8.0000 9.0000 20.0000
v -8.0000 10.0000 20.0000
v -7.0000 10.0000 20.0000
v -7.0000 10.0000 19.0000
v -7.0000 9.0000 19.0000
v -8.0000 12.0000 20.0000
v -7.0000 12.0000 20.0000
v -7.0000 12.0000 19.0000
v -8.0000 11.0000 20.0000
v -8.0000 11.0000 19.0000
v -7.0000 11.0000 19.0000
v -7.0000 11.0000 20.0000
v -7.0000 17.0000 19.0000
v -7.0000 17.0000 20.0000
v -7.0000 18.0000 20.0000
v -7.0000 19.0000 20.0000
v -7.0000 19.0000 19.0000
v -8.0000 3.0000 19.0000
v -7.0000 3.0000 18.0000
v -7.0000 3.0000 19.0000
v -7.0000 4.0000 19.0000
v -7.0000 5.0000 19.0000
v -7.0000 5.0000 18.0000
v -8.0000 6.0000 19.0000
v -7.0000 6.0000 18.0000
v -7.0000 6.0000 19.0000
v -7.0000 7.0000 19.0000
v -7.0000 13.0000 19.0000
v -7.0000 14.0000 19.0000
v -7.0000 15.0000 19.0000
v -7.0000 16.0000 19.0000
v -7.0000 20.0000 19.0000
v -7.0000 20.0000 18.0000
v -7.0000 2.0000 17.0000
v -7.0000 2.0000 18.0000
v -7.0000 20.0000 17.0000
v -8.0000 20.0000 17.0000
v -7.0000 19.0000 17.0000
v -7.0000 2.0000 16.0000
v -7.0000 19.0000 16.0000
v -7.0000 2.0000 15.0000
v -7.0000 20.0000 16.0000
v -7.0000 20.0000 15.0000
v -7.0000 19.0000 15.0000
v -7.0000 2.0000 14.0000
v -7.0000 19.0000 14.0000
v -7.0000 18.0000 15.0000
v -7.0000 18.0000 14.0000
v -7.0000 1.0000 13.0000
v -7.0000 1.0000 14.0000
v -7.0000 19.0000 13.0000
v -7.0000 18.0000 13.0000
v -7.0000 1.0000 12.0000
v -7.0000 18.0000 12.0000
v -7.0000 1.0000 11.0000
v -7.0000 19.0000 12.0000
v -7.0000 19.0000 11.0000
v -7.0000 1.0000 10.0000
v -8.0000 20.0000 11.0000
v -7.0000 20.0000 11.0000
v -7.0000 20.0000 10.0000
v -7.0000 1.0000 9.0000
v -7.0000 20.0000 9.0000
v -7.0000 19.0000 9.0000
v -7.0000 19.0000 10.0000
v -7.0000 -19.0000 9.0000
v -7.0000 -19.0000 8.0000
v -7.0000 -20.0000 8.0000
v -7.0000 -20.0000 9.0000
v -7.0000 1.0000 8.0000
v -7.0000 2.0000 8.0000
v -7.0000 19.0000 8.0000
v -7.0000 -20.0000 7.0000
v -8.0000 -18.0000 8.0000
v -7.0000 -18.0000 8.0000
v -7.0000 -18.0000 7.0000
v -8.0000 -18.0000 7.0000
v -7.0000 2.0000 7.0000
v -7.0000 19.0000 7.0000
v -7.0000 -20.0000 6.0000
v -7.0000 -18.0000 6.0000
v -8.0000 -18.0000 6.0000
v -7.0000 1.0000 6.0000
v -7.0000 1.0000 7.0000
v -7.0000 2.0000 6.0000
v -7.0000 19.0000 6.0000
v -7.0000 -20.0000 5.0000
v -7.0000 -18.0000 5.0000
v -8.0000 -18.0000 5.0000
v -7.0000 1.0000 5.0000
v -7.0000 19.0000 5.0000
v -7.0000 -20.0000 4.0000
v -7.0000 -18.0000 4.0000
v -8.0000 -18.0000 4.0000
v -7.0000 1.0000 4.0000
v -7.0000 19.0000 4.0000
v -7.0000 -20.0000 3.0000
v -7.0000 -18.0000 3.0000
v -8.0000 -18.0000 3.0000
v -7.0000 1.0000 3.0000
v -7.0000 20.0000 4.0000
v -7.0000 20.0000 3.0000
v -8.0000 20.0000 3.0000
v -7.0000 19.0000 3.0000
v -7.0000 -20.0000 2.0000
v -7.0000 -18.0000 2.0000
v -8.0000 -18.0000 2.0000
v -7.0000 1.0000 2.0000
v -7.0000 19.0000 2.0000
v -7.0000 18.0000 2.0000
v -7.0000 -20.0000 1.0000
v -7.0000 -18.0000 1.0000
v -8.0000 -18.0000 1.0000
v -7.0000 -6.0000 2.0000
v -7.0000 -6.0000 1.0000
v -7.0000 -7.0000 1.0000
v -7.0000 -7.0000 2.0000
v -7.0000 1.0000 1.0000
v -7.0000 18.0000 1.0000
v -7.0000 -20.0000 -0.0000
v -7.0000 -18.0000 -0.0000
v -8.0000 -18.0000 -0.0000
v -7.0000 -7.0000 -0.0000
v -7.0000 -5.0000 1.0000
v -7.0000 -5.0000 -0.0000
v -7.0000 1.0000 -0.0000
v -8.0000 19.0000 1.0000
v -7.0000 19.0000 1.0000
v -7.0000 19.0000 -0.0000
v -7.0000 18.0000 -0.0000
v -7.0000 -20.0000 -1.0000
v -7.0000 -18.0000 -1.0000
v -8.0000 -18.0000 -1.0000
v -7.0000 -7.0000 -1.0000
v -7.0000 -5.0000 -1.0000
v -7.0000 1.0000 -1.0000
v -7.0000 18.0000 -1.0000
v -7.0000 -20.0000 -2.0000
v -7.0000 -18.0000 -2.0000
v -8.0000 -18.0000 -2.0000
v -7.0000 -7.0000 -2.0000
v -7.0000 -5.0000 -2.0000
v -7.0000 1.0000 -2.0000
v -7.0000 18.0000 -2.0000
v -7.0000 -20.0000 -3.0000
v -7.0000 -18.0000 -3.0000
v -8.0000 -18.0000 -3.0000
v -7.0000 -7.0000 -3.0000
v -7.0000 -6.0000 -3.0000
v -7.0000 -5.0000 -3.0000
v -7.0000 1.0000 -3.0000
v -7.0000 18.0000 -3.0000
v -7.0000 -20.0000 -4.0000
v -7.0000 -18.0000 -4.0000
v -8.0000 -18.0000 -4.0000
v -7.0000 1.0000 -4.0000
v -7.0000 18.0000 -4.0000
v -7.0000 -20.0000 -5.0000
v -7.0000 -18.0000 -5.0000
v -8.0000 -18.0000 -5.0000
v -7.0000 1.0000 -5.0000
v -7.0000 18.0000 -5.0000
v -7.0000 -20.0000 -6.0000
v -7.0000 -18.0000 -6.0000
v -8.0000 -18.0000 -6.0000
v -8.0000 1.0000 -6.0000
v -7.0000 1.0000 -6.0000
v -7.0000 2.0000 -6.0000
v -7.0000 12.0000 -6.0000
v -7.0000 11.0000 -6.0000
v -7.0000 19.0000 -5.0000
v -7.0000 19.0000 -6.0000
v -7.0000 -20.0000 -7.0000
v -7.0000 -18.0000 -7.0000
v -8.0000 -18.0000 -7.0000
v -7.0000 2.0000 -7.0000
v -7.0000 11.0000 -7.0000
v -7.0000 12.0000 -7.0000
v -7.0000 20.0000 -6.0000
v -7.0000 20.0000 -7.0000
v -7.0000 -20.0000 -8.0000
v -7.0000 -18.0000 -8.0000
v -8.0000 -18.0000 -8.0000
v -7.0000 -19.0000 -8.0000
v -7.0000 2.0000 -8.0000
v -7.0000 11.0000 -8.0000
v -7.0000 12.0000 -8.0000
v -7.0000 20.0000 -8.0000
v -7.0000 19.0000 -8.0000
v -7.0000 -19.0000 -9.0000
v -7.0000 -20.0000 -9.0000
v -7.0000 2.0000 -9.0000
v -7.0000 19.0000 -9.0000
v -7.0000 -19.0000 -10.0000
v -7.0000 -20.0000 -10.0000
v -8.0000 1.0000 -9.0000
v -8.0000 1.0000 -10.0000
v -7.0000 1.0000 -10.0000
v -7.0000 1.0000 -9.0000
v -7.0000 2.0000 -10.0000
v -7.0000 18.0000 -10.0000
v -7.0000 17.0000 -10.0000
v -7.0000 20.0000 -9.0000
v -7.0000 20.0000 -10.0000
v -7.0000 2.0000 -11.0000
v -7.0000 17.0000 -11.0000
v -8.0000 17.0000 -11.0000
v -7.0000 18.0000 -11.0000
v -7.0000 19.0000 -11.0000
v -7.0000 20.0000 -11.0000
v -7.0000 2.0000 -12.0000
v -7.0000 4.0000 -12.0000
v -7.0000 3.0000 -12.0000
v -7.0000 5.0000 -12.0000
v -7.0000 6.0000 -12.0000
v -7.0000 7.0000 -12.0000
v -7.0000 12.0000 -12.0000
v -7.0000 11.0000 -12.0000
v -7.0000 13.0000 -12.0000
v -7.0000 16.0000 -12.0000
v -7.0000 15.0000 -12.0000
v -7.0000 17.0000 -12.0000
v -7.0000 20.0000 -12.0000
v -8.0000 20.0000 -12.0000
v -8.0000 19.0000 -12.0000
v -7.0000 19.0000 -12.0000
v -8.0000 1.0000 -12.0000
v -8.0000 1.0000 -13.0000
v -7.0000 1.0000 -13.0000
v -7.0000 1.0000 -12.0000
v -7.0000 2.0000 -13.0000
v -7.0000 3.0000 -13.0000
v -8.0000 7.0000 -13.0000
v -7.0000 7.0000 -13.0000
v -7.0000 8.0000 -13.0000
v -7.0000 9.0000 -13.0000
v -7.0000 8.0000 -12.0000
v -7.0000 9.0000 -12.0000
v -7.0000 10.0000 -13.0000
v -7.0000 11.0000 -13.0000
v -7.0000 10.0000 -12.0000
v -8.0000 13.0000 -13.0000
v -7.0000 13.0000 -13.0000
v -7.0000 14.0000 -13.0000
v -7.0000 14.0000 -12.0000
v -7.0000 15.0000 -13.0000
v -7.0000 17.0000 -13.0000
v -7.0000 16.0000 -13.0000
v -7.0000 17.0000 -14.0000
v -8.0000 17.0000 -14.0000
v -8.0000 16.0000 -14.0000
v -7.0000 16.0000 -14.0000
v -7.0000 3.0000 20.0000
v -6.0000 3.0000 19.0000
v -6.0000 3.0000 20.0000
v -6.0000 4.0000 20.0000
v -7.0000 4.0000 20.0000
v -7.0000 5.0000 20.0000
v -6.0000 5.0000 20.0000
v -6.0000 5.0000 19.0000
v -6.0000 9.0000 20.0000
v -6.0000 9.0000 19.0000
v -6.0000 8.0000 19.0000
v -6.0000 8.0000 20.0000
v -6.0000 11.0000 19.0000
v -6.0000 11.0000 20.0000
v -6.0000 12.0000 20.0000
v -6.0000 13.0000 20.0000
v -7.0000 13.0000 20.0000
v -6.0000 14.0000 20.0000
v -7.0000 14.0000 20.0000
v -7.0000 15.0000 20.0000
v -6.0000 15.0000 20.0000
v -6.0000 15.0000 19.0000
v -6.0000 17.0000 19.0000
v -6.0000 17.0000 20.0000
v -6.0000 18.0000 20.0000
v -6.0000 19.0000 20.0000
v -6.0000 18.0000 19.0000
v -6.0000 19.0000 19.0000
v -7.0000 20.0000 20.0000
v -6.0000 20.0000 20.0000
v -6.0000 20.0000 19.0000
v -7.0000 2.0000 19.0000
v -6.0000 2.0000 19.0000
v -6.0000 2.0000 18.0000
v -7.0000 1.0000 19.0000
v -7.0000 1.0000 18.0000
v -6.0000 1.0000 18.0000
v -6.0000 1.0000 19.0000
v -6.0000 3.0000 18.0000
v -6.0000 6.0000 19.0000
v -6.0000 7.0000 19.0000
v -6.0000 7.0000 18.0000
v -6.0000 8.0000 18.0000
v -6.0000 10.0000 19.0000
v -6.0000 16.0000 19.0000
v -6.0000 20.0000 18.0000
v -7.0000 1.0000 17.0000
v -6.0000 1.0000 17.0000
v -6.0000 2.0000 17.0000
v -6.0000 20.0000 17.0000
v -6.0000 19.0000 17.0000
v -6.0000 2.0000 16.0000
v -6.0000 19.0000 16.0000
v -6.0000 2.0000 15.0000
v -6.0000 19.0000 15.0000
v -6.0000 18.0000 15.0000
v -6.0000 20.0000 16.0000
v -6.0000 20.0000 15.0000
v -6.0000 2.0000 14.0000
v -6.0000 18.0000 14.0000
v -6.0000 1.0000 13.0000
v -6.0000 1.0000 14.0000
v -6.0000 2.0000 13.0000
v -6.0000 18.0000 13.0000
v -6.0000 1.0000 12.0000
v -6.0000 19.0000 13.0000
v -6.0000 19.0000 12.0000
v -6.0000 1.0000 11.0000
v -6.0000 19.0000 11.0000
v -6.0000 1.0000 10.0000
v -6.0000 20.0000 11.0000
v -6.0000 20.0000 10.0000
v -6.0000 19.0000 10.0000
v -6.0000 1.0000 9.0000
v -6.0000 19.0000 9.0000
v -6.0000 -19.0000 9.0000
v -6.0000 -19.0000 8.0000
v -6.0000 -20.0000 8.0000
v -6.0000 -20.0000 9.0000
v -6.0000 1.0000 8.0000
v -6.0000 2.0000 8.0000
v -6.0000 19.0000 8.0000
v -6.0000 -20.0000 7.0000
v -6.0000 -18.0000 8.0000
v -6.0000 -18.0000 7.0000
v -6.0000 2.0000 7.0000
v -6.0000 19.0000 7.0000
v -6.0000 -20.0000 6.0000
v -6.0000 -18.0000 6.0000
v -6.0000 2.0000 6.0000
v -6.0000 19.0000 6.0000
v -6.0000 -20.0000 5.0000
v -6.0000 -18.0000 5.0000
v -6.0000 1.0000 5.0000
v -6.0000 1.0000 6.0000
v -7.0000 20.0000 6.0000
v -6.0000 20.0000 6.0000
v -6.0000 20.0000 5.0000
v -7.0000 20.0000 5.0000
v -6.0000 19.0000 5.0000
v -6.0000 -20.0000 4.0000
v -6.0000 -18.0000 4.0000
v -6.0000 1.0000 4.0000
v -6.0000 19.0000 4.0000
v -6.0000 -20.0000 3.0000
v -6.0000 -18.0000 3.0000
v -6.0000 1.0000 3.0000
v -6.0000 19.0000 3.0000
v -6.0000 -20.0000 2.0000
v -6.0000 -18.0000 2.0000
v -6.0000 1.0000 2.0000
v -6.0000 19.0000 2.0000
v -6.0000 -20.0000 1.0000
v -6.0000 -18.0000 1.0000
v -6.0000 -6.0000 2.0000
v -6.0000 -6.0000 1.0000
v -6.0000 -7.0000 1.0000
v -6.0000 -7.0000 2.0000
v -6.0000 1.0000 1.0000
v -6.0000 19.0000 1.0000
v -6.0000 -20.0000 -0.0000
v -6.0000 -18.0000 -0.0000
v -6.0000 -7.0000 -0.0000
v -6.0000 -5.0000 1.0000
v -6.0000 -5.0000 -0.0000
v -6.0000 1.0000 -0.0000
v -7.0000 20.0000 1.0000
v -6.0000 20.0000 1.0000
v -6.0000 20.0000 -0.0000
v -7.0000 20.0000 -0.0000
v -6.0000 19.0000 -0.0000
v -6.0000 -20.0000 -1.0000
v -6.0000 -18.0000 -1.0000
v -6.0000 -7.0000 -1.0000
v -6.0000 -5.0000 -1.0000
v -6.0000 1.0000 -1.0000
v -6.0000 19.0000 -1.0000
v -7.0000 19.0000 -1.0000
v -6.0000 18.0000 -1.0000
v -6.0000 -20.0000 -2.0000
v -6.0000 -18.0000 -2.0000
v -6.0000 -7.0000 -2.0000
v -6.0000 -5.0000 -2.0000
v -6.0000 1.0000 -2.0000
v -6.0000 18.0000 -2.0000
v -6.0000 -20.0000 -3.0000
v -6.0000 -18.0000 -3.0000
v -6.0000 -7.0000 -3.0000
v -6.0000 -6.0000 -3.0000
v -6.0000 -5.0000 -3.0000
v -6.0000 1.0000 -3.0000
v -7.0000 19.0000 -2.0000
v -6.0000 19.0000 -2.0000
v -6.0000 19.0000 -3.0000
v -7.0000 19.0000 -3.0000
v -6.0000 -20.0000 -4.0000
v -6.0000 -18.0000 -4.0000
v -6.0000 1.0000 -4.0000
v -6.0000 19.0000 -4.0000
v -7.0000 19.0000 -4.0000
v -6.0000 -20.0000 -5.0000
v -6.0000 -18.0000 -5.0000
v -6.0000 1.0000 -5.0000
v -6.0000 19.0000 -5.0000
v -6.0000 -20.0000 -6.0000
v -6.0000 -18.0000 -6.0000
v -6.0000 1.0000 -6.0000
v -6.0000 12.0000 -6.0000
v -6.0000 11.0000 -6.0000
v -6.0000 19.0000 -6.0000
v -6.0000 -20.0000 -7.0000
v -6.0000 -18.0000 -7.0000
v -7.0000 1.0000 -7.0000
v -6.0000 1.0000 -7.0000
v -6.0000 11.0000 -7.0000
v -6.0000 12.0000 -7.0000
v -6.0000 20.0000 -6.0000
v -6.0000 20.0000 -7.0000
v -6.0000 19.0000 -7.0000
v -6.0000 -20.0000 -8.0000
v -6.0000 -18.0000 -8.0000
v -6.0000 -19.0000 -8.0000
v -7.0000 1.0000 -8.0000
v -6.0000 1.0000 -8.0000
v -6.0000 2.0000 -8.0000
v -6.0000 11.0000 -8.0000
v -6.0000 12.0000 -8.0000
v -6.0000 20.0000 -8.0000
v -6.0000 19.0000 -8.0000
v -6.0000 -19.0000 -9.0000
v -6.0000 -20.0000 -9.0000
v -6.0000 2.0000 -9.0000
v -6.0000 19.0000 -9.0000
v -6.0000 -19.0000 -10.0000
v -6.0000 -20.0000 -10.0000
v -6.0000 1.0000 -10.0000
v -6.0000 1.0000 -9.0000
v -6.0000 2.0000 -10.0000
v -6.0000 20.0000 -9.0000
v -6.0000 20.0000 -10.0000
v -7.0000 1.0000 -11.0000
v -6.0000 1.0000 -11.0000
v -6.0000 2.0000 -11.0000
v -6.0000 4.0000 -10.0000
v -6.0000 4.0000 -11.0000
v -6.0000 5.0000 -11.0000
v -6.0000 5.0000 -10.0000
v -6.0000 20.0000 -11.0000
v -6.0000 2.0000 -12.0000
v -6.0000 3.0000 -12.0000
v -6.0000 4.0000 -12.0000
v -6.0000 5.0000 -12.0000
v -6.0000 6.0000 -12.0000
v -6.0000 7.0000 -12.0000
v -6.0000 9.0000 -12.0000
v -6.0000 8.0000 -12.0000
v -6.0000 11.0000 -12.0000
v -6.0000 10.0000 -12.0000
v -6.0000 12.0000 -12.0000
v -6.0000 11.0000 -11.0000
v -6.0000 12.0000 -11.0000
v -6.0000 13.0000 -12.0000
v -6.0000 14.0000 -12.0000
v -7.0000 18.0000 -12.0000
v -6.0000 20.0000 -12.0000
v -6.0000 19.0000 -12.0000
v -6.0000 19.0000 -11.0000
v -6.0000 8.0000 -13.0000
v -6.0000 7.0000 -13.0000
v -6.0000 10.0000 -13.0000
v -6.0000 9.0000 -13.0000
v -6.0000 14.0000 -13.0000
v -6.0000 15.0000 -13.0000
v -6.0000 15.0000 -12.0000
v -6.0000 16.0000 -13.0000
v -7.0000 18.0000 -13.0000
v -6.0000 18.0000 -13.0000
v -6.0000 17.0000 -13.0000
v -6.0000 19.0000 -13.0000
v -7.0000 19.0000 -13.0000
v -6.0000 17.0000 -14.0000
v -6.0000 16.0000 -14.0000
v -6.0000 19.0000 -14.0000
v -7.0000 19.0000 -14.0000
v -7.0000 18.0000 -14.0000
v -6.0000 18.0000 -14.0000
v -5.0000 3.0000 19.0000
v -5.0000 3.0000 20.0000
v -5.0000 4.0000 20.0000
v -5.0000 5.0000 20.0000
v -5.0000 5.0000 19.0000
v -6.0000 10.0000 20.0000
v -5.0000 10.0000 19.0000
v -5.0000 10.0000 20.0000
v -5.0000 11.0000 20.0000
v -5.0000 12.0000 20.0000
v -5.0000 11.0000 19.0000
v -5.0000 12.0000 19.0000
v -5.0000 13.0000 20.0000
v -5.0000 13.0000 19.0000
v -5.0000 14.0000 20.0000
v -5.0000 15.0000 20.0000
v -5.0000 15.0000 19.0000
v -6.0000 16.0000 20.0000
v -5.0000 16.0000 19.0000
v -5.0000 16.0000 20.0000
v -5.0000 17.0000 20.0000
v -5.0000 18.0000 20.0000
v -5.0000 18.0000 19.0000
v -5.0000 3.0000 18.0000
v -5.0000 6.0000 19.0000
v -5.0000 7.0000 19.0000
v -5.0000 7.0000 18.0000
v -5.0000 8.0000 18.0000
v -5.0000 8.0000 19.0000
v -5.0000 9.0000 19.0000
v -5.0000 9.0000 18.0000
v -5.0000 10.0000 18.0000
v -5.0000 19.0000 19.0000
v -5.0000 20.0000 19.0000
v -5.0000 20.0000 18.0000
v -5.0000 19.0000 18.0000
v -5.0000 1.0000 17.0000
v -5.0000 1.0000 18.0000
v -5.0000 2.0000 18.0000
v -5.0000 2.0000 17.0000
v -5.0000 20.0000 17.0000
v -5.0000 19.0000 17.0000
v -5.0000 2.0000 16.0000
v -5.0000 19.0000 16.0000
v -6.0000 1.0000 16.0000
v -6.0000 1.0000 15.0000
v -5.0000 1.0000 15.0000
v -5.0000 1.0000 16.0000
v -5.0000 2.0000 15.0000
v -5.0000 19.0000 15.0000
v -5.0000 18.0000 15.0000
v -5.0000 20.0000 16.0000
v -5.0000 20.0000 15.0000
v -5.0000 2.0000 14.0000
v -5.0000 18.0000 14.0000
v -5.0000 2.0000 13.0000
v -6.0000 19.0000 14.0000
v -5.0000 19.0000 14.0000
v -5.0000 19.0000 13.0000
v -5.0000 1.0000 12.0000
v -5.0000 1.0000 13.0000
v -5.0000 19.0000 12.0000
v -5.0000 1.0000 11.0000
v -5.0000 19.0000 11.0000
v -5.0000 1.0000 10.0000
v -5.0000 19.0000 10.0000
v -5.0000 1.0000 9.0000
v -5.0000 13.0000 10.0000
v -5.0000 13.0000 9.0000
v -5.0000 14.0000 9.0000
v -5.0000 14.0000 10.0000
v -5.0000 15.0000 9.0000
v -5.0000 15.0000 10.0000
v -5.0000 16.0000 9.0000
v -5.0000 16.0000 10.0000
v -5.0000 20.0000 10.0000
v -5.0000 20.0000 9.0000
v -6.0000 20.0000 9.0000
v -5.0000 -19.0000 9.0000
v -5.0000 -19.0000 8.0000
v -5.0000 -20.0000 8.0000
v -5.0000 -20.0000 9.0000
v -5.0000 1.0000 8.0000
v -5.0000 2.0000 8.0000
v -5.0000 20.0000 8.0000
v -6.0000 20.0000 8.0000
v -5.0000 -20.0000 7.0000
v -5.0000 -18.0000 8.0000
v -5.0000 -18.0000 7.0000
v -5.0000 2.0000 7.0000
v -5.0000 20.0000 7.0000
v -6.0000 20.0000 7.0000
v -5.0000 -20.0000 6.0000
v -5.0000 -17.0000 7.0000
v -6.0000 -17.0000 7.0000
v -6.0000 -17.0000 6.0000
v -5.0000 -16.0000 7.0000
v -6.0000 -16.0000 7.0000
v -6.0000 -16.0000 6.0000
v -5.0000 -15.0000 7.0000
v -6.0000 -15.0000 7.0000
v -6.0000 -15.0000 6.0000
v -5.0000 -14.0000 7.0000
v -6.0000 -14.0000 7.0000
v -6.0000 -14.0000 6.0000
v -5.0000 -13.0000 7.0000
v -6.0000 -13.0000 7.0000
v -6.0000 -13.0000 6.0000
v -5.0000 -12.0000 7.0000
v -6.0000 -12.0000 7.0000
v -6.0000 -12.0000 6.0000
v -5.0000 -11.0000 7.0000
v -6.0000 -11.0000 7.0000
v -6.0000 -11.0000 6.0000
v -5.0000 -10.0000 7.0000
v -6.0000 -10.0000 7.0000
v -6.0000 -10.0000 6.0000
v -5.0000 -9.0000 7.0000
v -6.0000 -9.0000 7.0000
v -6.0000 -9.0000 6.0000
v -5.0000 -8.0000 7.0000
v -6.0000 -8.0000 7.0000
v -6.0000 -8.0000 6.0000
v -5.0000 -7.0000 7.0000
v -6.0000 -7.0000 7.0000
v -6.0000 -7.0000 6.0000
v -5.0000 -6.0000 7.0000
v -6.0000 -6.0000 7.0000
v -6.0000 -6.0000 6.0000
v -5.0000 -5.0000 7.0000
v -6.0000 -5.0000 7.0000
v -6.0000 -5.0000 6.0000
v -5.0000 -4.0000 7.0000
v -6.0000 -4.0000 7.0000
v -6.0000 -4.0000 6.0000
v -5.0000 -3.0000 7.0000
v -6.0000 -3.0000 7.0000
v -6.0000 -3.0000 6.0000
v -5.0000 -2.0000 7.0000
v -6.0000 -2.0000 7.0000
v -6.0000 -2.0000 6.0000
v -5.0000 -1.0000 7.0000
v -6.0000 -1.0000 7.0000
v -6.0000 -1.0000 6.0000
v -6.0000 0.0000 7.0000
v -5.0000 0.0000 7.0000
v -5.0000 0.0000 6.0000
v -6.0000 0.0000 6.0000
v -6.0000 1.0000 7.0000
v -5.0000 1.0000 6.0000
v -5.0000 1.0000 7.0000
v -5.0000 20.0000 6.0000
v -5.0000 19.0000 6.0000
v -5.0000 19.0000 7.0000
v -5.0000 -20.0000 5.0000
v -6.0000 -17.0000 5.0000
v -6.0000 -16.0000 5.0000
v -6.0000 -15.0000 5.0000
v -6.0000 -14.0000 5.0000
v -6.0000 -13.0000 5.0000
v -6.0000 -12.0000 5.0000
v -6.0000 -11.0000 5.0000
v -6.0000 -10.0000 5.0000
v -6.0000 -9.0000 5.0000
v -6.0000 -8.0000 5.0000
v -6.0000 -7.0000 5.0000
v -6.0000 -6.0000 5.0000
v -5.0000 -6.0000 5.0000
v -5.0000 -7.0000 5.0000
v -6.0000 -5.0000 5.0000
v -5.0000 -5.0000 5.0000
v -6.0000 -4.0000 5.0000
v -6.0000 -3.0000 5.0000
v -6.0000 -2.0000 5.0000
v -6.0000 -1.0000 5.0000
v -6.0000 0.0000 5.0000
v -5.0000 19.0000 5.0000
v -5.0000 -20.0000 4.0000
v -6.0000 -17.0000 4.0000
v -6.0000 -16.0000 4.0000
v -6.0000 -15.0000 4.0000
v -6.0000 -14.0000 4.0000
v -6.0000 -13.0000 4.0000
v -6.0000 -12.0000 4.0000
v -6.0000 -11.0000 4.0000
v -6.0000 -10.0000 4.0000
v -6.0000 -9.0000 4.0000
v -6.0000 -8.0000 4.0000
v -5.0000 -7.0000 4.0000
v -6.0000 -7.0000 4.0000
v -6.0000 -5.0000 4.0000
v -5.0000 -5.0000 4.0000
v -6.0000 -4.0000 4.0000
v -6.0000 -3.0000 4.0000
v -6.0000 -2.0000 4.0000
v -6.0000 -1.0000 4.0000
v -6.0000 0.0000 4.0000
v -5.0000 19.0000 4.0000
v -5.0000 -20.0000 3.0000
v -6.0000 -17.0000 3.0000
v -6.0000 -16.0000 3.0000
v -6.0000 -15.0000 3.0000
v -6.0000 -14.0000 3.0000
v -6.0000 -13.0000 3.0000
v -6.0000 -12.0000 3.0000
v -6.0000 -11.0000 3.0000
v -6.0000 -10.0000 3.0000
v -6.0000 -9.0000 3.0000
v -6.0000 -8.0000 3.0000
v -5.0000 -7.0000 3.0000
v -6.0000 -7.0000 3.0000
v -6.0000 -5.0000 3.0000
v -5.0000 -5.0000 3.0000
v -6.0000 -4.0000 3.0000
v -6.0000 -3.0000 3.0000
v -6.0000 -2.0000 3.0000
v -5.0000 -2.0000 3.0000
v -5.0000 -3.0000 3.0000
v -6.0000 -1.0000 3.0000
v -6.0000 0.0000 3.0000
v -5.0000 19.0000 3.0000
v -5.0000 -20.0000 2.0000
v -6.0000 -17.0000 2.0000
v -6.0000 -16.0000 2.0000
v -6.0000 -15.0000 2.0000
v -6.0000 -14.0000 2.0000
v -6.0000 -13.0000 2.0000
v -6.0000 -12.0000 2.0000
v -6.0000 -11.0000 2.0000
v -6.0000 -10.0000 2.0000
v -6.0000 -9.0000 2.0000
v -6.0000 -8.0000 2.0000
v -5.0000 -6.0000 3.0000
v -6.0000 -6.0000 3.0000
v -6.0000 -5.0000 2.0000
v -6.0000 -4.0000 2.0000
v -5.0000 -3.0000 2.0000
v -6.0000 -3.0000 2.0000
v -6.0000 -2.0000 2.0000
v -5.0000 -2.0000 2.0000
v -6.0000 -1.0000 2.0000
v -6.0000 0.0000 2.0000
v -6.0000 20.0000 3.0000
v -5.0000 20.0000 3.0000
v -5.0000 20.0000 2.0000
v -6.0000 20.0000 2.0000
v -5.0000 19.0000 2.0000
v -5.0000 -20.0000 1.0000
v -6.0000 -17.0000 1.0000
v -6.0000 -16.0000 1.0000
v -6.0000 -15.0000 1.0000
v -6.0000 -14.0000 1.0000
v -6.0000 -13.0000 1.0000
v -6.0000 -12.0000 1.0000
v -6.0000 -11.0000 1.0000
v -6.0000 -10.0000 1.0000
v -6.0000 -9.0000 1.0000
v -6.0000 -8.0000 1.0000
v -6.0000 -4.0000 1.0000
v -6.0000 -3.0000 1.0000
v -6.0000 -2.0000 1.0000
v -6.0000 -1.0000 1.0000
v -6.0000 0.0000 1.0000
v -5.0000 19.0000 1.0000
v -5.0000 -20.0000 -0.0000
v -6.0000 -17.0000 -0.0000
v -6.0000 -16.0000 -0.0000
v -6.0000 -15.0000 -0.0000
v -6.0000 -14.0000 -0.0000
v -6.0000 -13.0000 -0.0000
v -6.0000 -12.0000 -0.0000
v -6.0000 -11.0000 -0.0000
v -6.0000 -10.0000 -0.0000
v -6.0000 -9.0000 -0.0000
v -6.0000 -8.0000 -0.0000
v -6.0000 -4.0000 -0.0000
v -6.0000 -3.0000 -0.0000
v -6.0000 -2.0000 -0.0000
v -6.0000 -1.0000 -0.0000
v -6.0000 0.0000 -0.0000
v -5.0000 19.0000 -0.0000
v -5.0000 -20.0000 -1.0000
v -6.0000 -17.0000 -1.0000
v -6.0000 -16.0000 -1.0000
v -6.0000 -15.0000 -1.0000
v -6.0000 -14.0000 -1.0000
v -6.0000 -13.0000 -1.0000
v -6.0000 -12.0000 -1.0000
v -6.0000 -11.0000 -1.0000
v -6.0000 -10.0000 -1.0000
v -6.0000 -9.0000 -1.0000
v -6.0000 -8.0000 -1.0000
v -6.0000 -4.0000 -1.0000
v -6.0000 -3.0000 -1.0000
v -6.0000 -2.0000 -1.0000
v -6.0000 -1.0000 -1.0000
v -6.0000 0.0000 -1.0000
v -5.0000 19.0000 -1.0000
v -5.0000 -20.0000 -2.0000
v -6.0000 -17.0000 -2.0000
v -6.0000 -16.0000 -2.0000
v -6.0000 -15.0000 -2.0000
v -6.0000 -14.0000 -2.0000
v -6.0000 -13.0000 -2.0000
v -6.0000 -12.0000 -2.0000
v -6.0000 -11.0000 -2.0000
v -6.0000 -10.0000 -2.0000
v -6.0000 -9.0000 -2.0000
v -6.0000 -8.0000 -2.0000
v -6.0000 -4.0000 -2.0000
v -6.0000 -3.0000 -2.0000
v -6.0000 -2.0000 -2.0000
v -6.0000 -1.0000 -2.0000
v -6.0000 0.0000 -2.0000
v -5.0000 12.0000 -1.0000
v -5.0000 12.0000 -2.0000
v -5.0000 13.0000 -2.0000
v -5.0000 13.0000 -1.0000
v -5.0000 14.0000 -2.0000
v -5.0000 14.0000 -1.0000
v -5.0000 15.0000 -2.0000
v -5.0000 15.0000 -1.0000
v -5.0000 16.0000 -2.0000
v -5.0000 16.0000 -1.0000
v -6.0000 20.0000 -1.0000
v -5.0000 20.0000 -1.0000
v -5.0000 20.0000 -2.0000
v -6.0000 20.0000 -2.0000
v -5.0000 -20.0000 -3.0000
v -6.0000 -17.0000 -3.0000
v -6.0000 -16.0000 -3.0000
v -6.0000 -15.0000 -3.0000
v -6.0000 -14.0000 -3.0000
v -6.0000 -13.0000 -3.0000
v -6.0000 -12.0000 -3.0000
v -6.0000 -11.0000 -3.0000
v -6.0000 -10.0000 -3.0000
v -6.0000 -9.0000 -3.0000
v -6.0000 -8.0000 -3.0000
v -6.0000 -4.0000 -3.0000
v -6.0000 -3.0000 -3.0000
v -6.0000 -2.0000 -3.0000
v -6.0000 -1.0000 -3.0000
v -6.0000 0.0000 -3.0000
v -5.0000 12.0000 -3.0000
v -5.0000 13.0000 -3.0000
v -5.0000 14.0000 -3.0000
v -5.0000 15.0000 -3.0000
v -5.0000 16.0000 -3.0000
v -5.0000 20.0000 -3.0000
v -6.0000 20.0000 -3.0000
v -5.0000 19.0000 -3.0000
v -5.0000 -20.0000 -4.0000
v -6.0000 -17.0000 -4.0000
v -6.0000 -16.0000 -4.0000
v -6.0000 -15.0000 -4.0000
v -6.0000 -14.0000 -4.0000
v -6.0000 -13.0000 -4.0000
v -6.0000 -12.0000 -4.0000
v -6.0000 -11.0000 -4.0000
v -6.0000 -10.0000 -4.0000
v -6.0000 -9.0000 -4.0000
v -6.0000 -8.0000 -4.0000
v -6.0000 -7.0000 -4.0000
v -6.0000 -6.0000 -4.0000
v -6.0000 -5.0000 -4.0000
v -6.0000 -4.0000 -4.0000
v -6.0000 -3.0000 -4.0000
v -6.0000 -2.0000 -4.0000
v -6.0000 -1.0000 -4.0000
v -6.0000 0.0000 -4.0000
v -5.0000 12.0000 -4.0000
v -5.0000 13.0000 -4.0000
v -5.0000 14.0000 -4.0000
v -5.0000 15.0000 -4.0000
v -5.0000 16.0000 -4.0000
v -5.0000 19.0000 -4.0000
v -5.0000 -20.0000 -5.0000
v -6.0000 -17.0000 -5.0000
v -6.0000 -16.0000 -5.0000
v -6.0000 -15.0000 -5.0000
v -6.0000 -14.0000 -5.0000
v -6.0000 -13.0000 -5.0000
v -6.0000 -12.0000 -5.0000
v -6.0000 -11.0000 -5.0000
v -6.0000 -10.0000 -5.0000
v -6.0000 -9.0000 -5.0000
v -6.0000 -8.0000 -5.0000
v -6.0000 -7.0000 -5.0000
v -6.0000 -6.0000 -5.0000
v -6.0000 -5.0000 -5.0000
v -6.0000 -4.0000 -5.0000
v -6.0000 -3.0000 -5.0000
v -6.0000 -2.0000 -5.0000
v -6.0000 -1.0000 -5.0000
v -6.0000 0.0000 -5.0000
v -5.0000 12.0000 -5.0000
v -5.0000 13.0000 -5.0000
v -5.0000 14.0000 -5.0000
v -5.0000 15.0000 -5.0000
v -5.0000 16.0000 -5.0000
v -5.0000 19.0000 -5.0000
v -5.0000 -20.0000 -6.0000
v -6.0000 -17.0000 -6.0000
v -5.0000 -17.0000 -6.0000
v -5.0000 -18.0000 -6.0000
v -6.0000 -16.0000 -6.0000
v -5.0000 -16.0000 -6.0000
v -6.0000 -15.0000 -6.0000
v -5.0000 -15.0000 -6.0000
v -6.0000 -14.0000 -6.0000
v -5.0000 -14.0000 -6.0000
v -6.0000 -13.0000 -6.0000
v -5.0000 -13.0000 -6.0000
v -6.0000 -12.0000 -6.0000
v -5.0000 -12.0000 -6.0000
v -6.0000 -11.0000 -6.0000
v -5.0000 -11.0000 -6.0000
v -6.0000 -10.0000 -6.0000
v -5.0000 -10.0000 -6.0000
v -6.0000 -9.0000 -6.0000
v -5.0000 -9.0000 -6.0000
v -6.0000 -8.0000 -6.0000
v -5.0000 -8.0000 -6.0000
v -6.0000 -7.0000 -6.0000
v -5.0000 -7.0000 -6.0000
v -6.0000 -6.0000 -6.0000
v -5.0000 -6.0000 -6.0000
v -6.0000 -5.0000 -6.0000
v -5.0000 -5.0000 -6.0000
v -6.0000 -4.0000 -6.0000
v -5.0000 -4.0000 -6.0000
v -6.0000 -3.0000 -6.0000
v -5.0000 -3.0000 -6.0000
v -6.0000 -2.0000 -6.0000
v -5.0000 -2.0000 -6.0000
v -6.0000 -1.0000 -6.0000
v -5.0000 -1.0000 -6.0000
v -6.0000 0.0000 -6.0000
v -5.0000 0.0000 -6.0000
v -5.0000 1.0000 -6.0000
v -5.0000 12.0000 -6.0000
v -5.0000 11.0000 -6.0000
v -5.0000 13.0000 -6.0000
v -5.0000 14.0000 -6.0000
v -5.0000 15.0000 -6.0000
v -5.0000 16.0000 -6.0000
v -5.0000 19.0000 -6.0000
v -5.0000 -20.0000 -7.0000
v -5.0000 -18.0000 -7.0000
v -5.0000 1.0000 -7.0000
v -5.0000 11.0000 -7.0000
v -5.0000 12.0000 -7.0000
v -5.0000 13.0000 -7.0000
v -5.0000 14.0000 -7.0000
v -5.0000 15.0000 -7.0000
v -5.0000 16.0000 -7.0000
v -5.0000 19.0000 -7.0000
v -5.0000 -20.0000 -8.0000
v -5.0000 -18.0000 -8.0000
v -5.0000 -19.0000 -8.0000
v -5.0000 1.0000 -8.0000
v -5.0000 2.0000 -8.0000
v -5.0000 11.0000 -8.0000
v -5.0000 12.0000 -8.0000
v -5.0000 13.0000 -8.0000
v -5.0000 14.0000 -8.0000
v -5.0000 15.0000 -8.0000
v -5.0000 16.0000 -8.0000
v -5.0000 20.0000 -7.0000
v -5.0000 20.0000 -8.0000
v -5.0000 -19.0000 -9.0000
v -5.0000 -20.0000 -9.0000
v -5.0000 2.0000 -9.0000
v -5.0000 20.0000 -9.0000
v -5.0000 -19.0000 -10.0000
v -5.0000 -20.0000 -10.0000
v -5.0000 2.0000 -10.0000
v -5.0000 5.0000 -10.0000
v -5.0000 4.0000 -10.0000
v -5.0000 20.0000 -10.0000
v -5.0000 1.0000 -11.0000
v -5.0000 1.0000 -10.0000
v -5.0000 2.0000 -11.0000
v -5.0000 4.0000 -11.0000
v -5.0000 5.0000 -11.0000
v -5.0000 12.0000 -11.0000
v -5.0000 11.0000 -11.0000
v -5.0000 20.0000 -11.0000
v -5.0000 19.0000 -11.0000
v -6.0000 1.0000 -12.0000
v -5.0000 1.0000 -12.0000
v -5.0000 2.0000 -12.0000
v -5.0000 3.0000 -12.0000
v -5.0000 4.0000 -12.0000
v -5.0000 3.0000 -11.0000
v -5.0000 5.0000 -12.0000
v -5.0000 6.0000 -12.0000
v -5.0000 7.0000 -12.0000
v -5.0000 11.0000 -12.0000
v -5.0000 10.0000 -12.0000
v -5.0000 12.0000 -12.0000
v -5.0000 13.0000 -12.0000
v -5.0000 14.0000 -12.0000
v -5.0000 15.0000 -12.0000
v -5.0000 19.0000 -12.0000
v -5.0000 7.0000 -13.0000
v -5.0000 8.0000 -13.0000
v -5.0000 10.0000 -13.0000
v -5.0000 9.0000 -13.0000
v -5.0000 9.0000 -12.0000
v -5.0000 15.0000 -13.0000
v -5.0000 16.0000 -13.0000
v -5.0000 18.0000 -13.0000
v -5.0000 17.0000 -13.0000
v -5.0000 19.0000 -13.0000
v -5.0000 9.0000 -14.0000
v -6.0000 9.0000 -14.0000
v -6.0000 8.0000 -14.0000
v -5.0000 8.0000 -14.0000
v -5.0000 17.0000 -14.0000
v -5.0000 16.0000 -14.0000
v -4.0000 3.0000 19.0000
v -4.0000 3.0000 20.0000
v -4.0000 4.0000 20.0000
v -4.0000 5.0000 20.0000
v -5.0000 6.0000 20.0000
v -4.0000 6.0000 20.0000
v -4.0000 6.0000 19.0000
v -4.0000 11.0000 20.0000
v -4.0000 11.0000 19.0000
v -4.0000 10.0000 19.0000
v -4.0000 10.0000 20.0000
v -4.0000 13.0000 19.0000
v -4.0000 13.0000 20.0000
v -4.0000 14.0000 20.0000
v -4.0000 15.0000 20.0000
v -4.0000 15.0000 19.0000
v -4.0000 14.0000 19.0000
v -4.0000 16.0000 19.0000
v -4.0000 16.0000 20.0000
v -4.0000 17.0000 20.0000
v -4.0000 18.0000 20.0000
v -4.0000 18.0000 19.0000
v -5.0000 2.0000 19.0000
v -4.0000 2.0000 18.0000
v -4.0000 2.0000 19.0000
v -4.0000 7.0000 19.0000
v -4.0000 8.0000 19.0000
v -4.0000 8.0000 18.0000
v -4.0000 10.0000 18.0000
v -4.0000 11.0000 18.0000
v -4.0000 12.0000 19.0000
v -4.0000 19.0000 19.0000
v -4.0000 19.0000 18.0000
v -4.0000 2.0000 17.0000
v -4.0000 9.0000 18.0000
v -4.0000 9.0000 17.0000
v -4.0000 10.0000 17.0000
v -4.0000 20.0000 18.0000
v -4.0000 20.0000 17.0000
v -4.0000 2.0000 16.0000
v -4.0000 20.0000 16.0000
v -4.0000 19.0000 16.0000
v -4.0000 2.0000 15.0000
v -4.0000 19.0000 15.0000
v -5.0000 1.0000 14.0000
v -4.0000 1.0000 14.0000
v -4.0000 1.0000 15.0000
v -4.0000 2.0000 14.0000
v -4.0000 19.0000 14.0000
v -4.0000 18.0000 15.0000
v -4.0000 18.0000 14.0000
v -4.0000 2.0000 13.0000
v -4.0000 19.0000 13.0000
v -4.0000 18.0000 13.0000
v -4.0000 1.0000 12.0000
v -4.0000 1.0000 13.0000
v -4.0000 2.0000 12.0000
v -4.0000 19.0000 12.0000
v -4.0000 1.0000 11.0000
v -4.0000 19.0000 11.0000
v -4.0000 1.0000 10.0000
v -4.0000 14.0000 10.0000
v -4.0000 13.0000 10.0000
v -4.0000 15.0000 10.0000
v -4.0000 16.0000 10.0000
v -5.0000 20.0000 11.0000
v -4.0000 20.0000 11.0000
v -4.0000 20.0000 10.0000
v -4.0000 1.0000 9.0000
v -4.0000 11.0000 10.0000
v -4.0000 11.0000 9.0000
v -4.0000 12.0000 9.0000
v -4.0000 12.0000 10.0000
v -4.0000 13.0000 9.0000
v -4.0000 16.0000 9.0000
v -4.0000 20.0000 9.0000
v -4.0000 -19.0000 9.0000
v -4.0000 -19.0000 8.0000
v -4.0000 -20.0000 8.0000
v -4.0000 -20.0000 9.0000
v -4.0000 1.0000 8.0000
v -4.0000 11.0000 8.0000
v -4.0000 12.0000 8.0000
v -4.0000 14.0000 9.0000
v -4.0000 15.0000 9.0000
v -4.0000 20.0000 8.0000
v -4.0000 -20.0000 7.0000
v -4.0000 -18.0000 8.0000
v -4.0000 -18.0000 7.0000
v -4.0000 1.0000 7.0000
v -4.0000 20.0000 7.0000
v -4.0000 19.0000 7.0000
v -4.0000 19.0000 8.0000
v -4.0000 -20.0000 6.0000
v -4.0000 -17.0000 7.0000
v -4.0000 -16.0000 7.0000
v -4.0000 -15.0000 7.0000
v -4.0000 -14.0000 7.0000
v -4.0000 -13.0000 7.0000
v -4.0000 -12.0000 7.0000
v -4.0000 -11.0000 7.0000
v -4.0000 -10.0000 7.0000
v -4.0000 -9.0000 7.0000
v -4.0000 -8.0000 7.0000
v -4.0000 -7.0000 7.0000
v -4.0000 -6.0000 7.0000
v -4.0000 -5.0000 7.0000
v -4.0000 -4.0000 7.0000
v -4.0000 -3.0000 7.0000
v -4.0000 -2.0000 7.0000
v -4.0000 -1.0000 7.0000
v -4.0000 0.0000 7.0000
v -4.0000 0.0000 6.0000
v -4.0000 1.0000 6.0000
v -4.0000 19.0000 6.0000
v -4.0000 -20.0000 5.0000
v -4.0000 19.0000 5.0000
v -4.0000 18.0000 6.0000
v -4.0000 18.0000 5.0000
v -4.0000 -20.0000 4.0000
v -5.0000 -6.0000 4.0000
v -4.0000 19.0000 4.0000
v -4.0000 -20.0000 3.0000
v -4.0000 19.0000 3.0000
v -4.0000 -20.0000 2.0000
v -4.0000 20.0000 3.0000
v -4.0000 20.0000 2.0000
v -4.0000 19.0000 2.0000
v -4.0000 -20.0000 1.0000
v -4.0000 19.0000 1.0000
v -4.0000 -20.0000 -0.0000
v -4.0000 11.0000 1.0000
v -4.0000 11.0000 -0.0000
v -4.0000 12.0000 -0.0000
v -4.0000 12.0000 1.0000
v -4.0000 19.0000 -0.0000
v -4.0000 -20.0000 -1.0000
v -4.0000 11.0000 -1.0000
v -4.0000 12.0000 -1.0000
v -4.0000 13.0000 -1.0000
v -4.0000 14.0000 -1.0000
v -4.0000 15.0000 -1.0000
v -4.0000 16.0000 -1.0000
v -4.0000 19.0000 -1.0000
v -4.0000 -20.0000 -2.0000
v -4.0000 12.0000 -2.0000
v -4.0000 11.0000 -2.0000
v -4.0000 16.0000 -2.0000
v -4.0000 20.0000 -1.0000
v -4.0000 20.0000 -2.0000
v -4.0000 -20.0000 -3.0000
v -4.0000 12.0000 -3.0000
v -4.0000 11.0000 -3.0000
v -4.0000 16.0000 -3.0000
v -4.0000 20.0000 -3.0000
v -4.0000 19.0000 -3.0000
v -4.0000 -20.0000 -4.0000
v -4.0000 12.0000 -4.0000
v -4.0000 11.0000 -4.0000
v -4.0000 16.0000 -4.0000
v -4.0000 19.0000 -4.0000
v -4.0000 -20.0000 -5.0000
v -4.0000 12.0000 -5.0000
v -4.0000 11.0000 -5.0000
v -4.0000 16.0000 -5.0000
v -5.0000 20.0000 -4.0000
v -4.0000 20.0000 -4.0000
v -4.0000 20.0000 -5.0000
v -5.0000 20.0000 -5.0000
v -4.0000 19.0000 -5.0000
v -4.0000 -20.0000 -6.0000
v -4.0000 -17.0000 -6.0000
v -4.0000 -18.0000 -6.0000
v -4.0000 -16.0000 -6.0000
v -4.0000 -15.0000 -6.0000
v -4.0000 -14.0000 -6.0000
v -4.0000 -13.0000 -6.0000
v -4.0000 -12.0000 -6.0000
v -4.0000 -11.0000 -6.0000
v -4.0000 -10.0000 -6.0000
v -4.0000 -9.0000 -6.0000
v -4.0000 -8.0000 -6.0000
v -4.0000 -7.0000 -6.0000
v -4.0000 -6.0000 -6.0000
v -4.0000 -7.0000 -5.0000
v -4.0000 -6.0000 -5.0000
v -4.0000 -5.0000 -6.0000
v -4.0000 -5.0000 -5.0000
v -4.0000 -4.0000 -6.0000
v -4.0000 -3.0000 -6.0000
v -4.0000 -2.0000 -6.0000
v -4.0000 -1.0000 -6.0000
v -4.0000 0.0000 -6.0000
v -4.0000 1.0000 -6.0000
v -4.0000 12.0000 -6.0000
v -4.0000 11.0000 -6.0000
v -4.0000 16.0000 -6.0000
v -4.0000 19.0000 -6.0000
v -4.0000 -20.0000 -7.0000
v -4.0000 -18.0000 -7.0000
v -4.0000 1.0000 -7.0000
v -4.0000 11.0000 -7.0000
v -4.0000 16.0000 -7.0000
v -4.0000 19.0000 -7.0000
v -4.0000 -20.0000 -8.0000
v -4.0000 -18.0000 -8.0000
v -4.0000 -19.0000 -8.0000
v -4.0000 1.0000 -8.0000
v -4.0000 11.0000 -8.0000
v -4.0000 16.0000 -8.0000
v -4.0000 20.0000 -7.0000
v -4.0000 20.0000 -8.0000
v -4.0000 19.0000 -8.0000
v -4.0000 -19.0000 -9.0000
v -4.0000 -20.0000 -9.0000
v -5.0000 1.0000 -9.0000
v -4.0000 1.0000 -9.0000
v -4.0000 2.0000 -9.0000
v -4.0000 12.0000 -8.0000
v -4.0000 13.0000 -8.0000
v -4.0000 14.0000 -8.0000
v -4.0000 15.0000 -8.0000
v -4.0000 20.0000 -9.0000
v -4.0000 -19.0000 -10.0000
v -4.0000 -20.0000 -10.0000
v -4.0000 2.0000 -10.0000
v -4.0000 5.0000 -10.0000
v -4.0000 4.0000 -10.0000
v -4.0000 20.0000 -10.0000
v -4.0000 19.0000 -9.0000
v -4.0000 19.0000 -10.0000
v -4.0000 2.0000 -11.0000
v -4.0000 4.0000 -11.0000
v -4.0000 3.0000 -11.0000
v -4.0000 5.0000 -11.0000
v -4.0000 18.0000 -10.0000
v -4.0000 18.0000 -11.0000
v -4.0000 19.0000 -11.0000
v -4.0000 20.0000 -11.0000
v -4.0000 1.0000 -12.0000
v -4.0000 1.0000 -11.0000
v -4.0000 2.0000 -12.0000
v -4.0000 3.0000 -12.0000
v -4.0000 5.0000 -12.0000
v -4.0000 6.0000 -12.0000
v -4.0000 6.0000 -11.0000
v -4.0000 10.0000 -12.0000
v -4.0000 9.0000 -12.0000
v -4.0000 13.0000 -12.0000
v -4.0000 12.0000 -12.0000
v -4.0000 19.0000 -12.0000
v -4.0000 3.0000 -13.0000
v -5.0000 3.0000 -13.0000
v -5.0000 2.0000 -13.0000
v -4.0000 2.0000 -13.0000
v -5.0000 6.0000 -13.0000
v -4.0000 6.0000 -13.0000
v -4.0000 7.0000 -13.0000
v -4.0000 8.0000 -13.0000
v -4.0000 9.0000 -13.0000
v -4.0000 10.0000 -13.0000
v -5.0000 11.0000 -13.0000
v -4.0000 11.0000 -13.0000
v -4.0000 12.0000 -13.0000
v -5.0000 12.0000 -13.0000
v -5.0000 13.0000 -13.0000
v -4.0000 13.0000 -13.0000
v -5.0000 14.0000 -13.0000
v -4.0000 14.0000 -13.0000
v -4.0000 15.0000 -13.0000
v -4.0000 16.0000 -13.0000
v -4.0000 17.0000 -13.0000
v -5.0000 20.0000 -12.0000
v -4.0000 20.0000 -12.0000
v -4.0000 20.0000 -13.0000
v -5.0000 20.0000 -13.0000
v -4.0000 19.0000 -13.0000
v -4.0000 2.0000 -14.0000
v -5.0000 2.0000 -14.0000
v -5.0000 1.0000 -13.0000
v -5.0000 1.0000 -14.0000
v -4.0000 1.0000 -14.0000
v -4.0000 1.0000 -13.0000
v -4.0000 9.0000 -14.0000
v -4.0000 8.0000 -14.0000
v -5.0000 11.0000 -14.0000
v -4.0000 11.0000 -14.0000
v -5.0000 12.0000 -14.0000
v -4.0000 12.0000 -14.0000
v -4.0000 13.0000 -14.0000
v -5.0000 13.0000 -14.0000
v -4.0000 17.0000 -14.0000
v -5.0000 18.0000 -14.0000
v -4.0000 18.0000 -14.0000
v -4.0000 19.0000 -14.0000
v -5.0000 19.0000 -14.0000
v -4.0000 2.0000 20.0000
v -3.0000 2.0000 19.0000
v -3.0000 2.0000 20.0000
v -3.0000 3.0000 20.0000
v -3.0000 4.0000 20.0000
v -3.0000 5.0000 20.0000
v -3.0000 6.0000 20.0000
v -3.0000 6.0000 19.0000
v -3.0000 14.0000 20.0000
v -3.0000 14.0000 19.0000
v -3.0000 13.0000 19.0000
v -3.0000 13.0000 20.0000
v -3.0000 15.0000 19.0000
v -3.0000 15.0000 20.0000
v -3.0000 16.0000 20.0000
v -3.0000 17.0000 20.0000
v -3.0000 18.0000 20.0000
v -3.0000 18.0000 19.0000
v -3.0000 17.0000 19.0000
v -3.0000 2.0000 18.0000
v -3.0000 7.0000 19.0000
v -3.0000 8.0000 19.0000
v -3.0000 8.0000 18.0000
v -3.0000 11.0000 18.0000
v -3.0000 11.0000 19.0000
v -3.0000 12.0000 19.0000
v -3.0000 12.0000 18.0000
v -3.0000 13.0000 18.0000
v -3.0000 14.0000 18.0000
v -3.0000 19.0000 19.0000
v -3.0000 19.0000 18.0000
v -3.0000 2.0000 17.0000
v -3.0000 9.0000 18.0000
v -3.0000 9.0000 17.0000
v -3.0000 10.0000 17.0000
v -3.0000 10.0000 18.0000
v -3.0000 20.0000 18.0000
v -3.0000 20.0000 17.0000
v -3.0000 2.0000 16.0000
v -3.0000 20.0000 16.0000
v -3.0000 19.0000 16.0000
v -3.0000 19.0000 17.0000
v -3.0000 2.0000 15.0000
v -3.0000 19.0000 15.0000
v -3.0000 18.0000 15.0000
v -3.0000 18.0000 16.0000
v -3.0000 1.0000 14.0000
v -3.0000 1.0000 15.0000
v -3.0000 2.0000 14.0000
v -3.0000 18.0000 14.0000
v -3.0000 2.0000 13.0000
v -3.0000 18.0000 13.0000
v -3.0000 2.0000 12.0000
v -3.0000 19.0000 13.0000
v -4.0000 20.0000 13.0000
v -3.0000 20.0000 13.0000
v -3.0000 20.0000 12.0000
v -4.0000 20.0000 12.0000
v -3.0000 1.0000 11.0000
v -3.0000 1.0000 12.0000
v -3.0000 20.0000 11.0000
v -3.0000 1.0000 10.0000
v -3.0000 12.0000 10.0000
v -3.0000 11.0000 10.0000
v -3.0000 14.0000 10.0000
v -3.0000 13.0000 10.0000
v -3.0000 15.0000 10.0000
v -3.0000 16.0000 10.0000
v -3.0000 20.0000 10.0000
v -3.0000 1.0000 9.0000
v -3.0000 11.0000 9.0000
v -3.0000 13.0000 9.0000
v -3.0000 12.0000 9.0000
v -3.0000 16.0000 9.0000
v -3.0000 20.0000 9.0000
v -3.0000 19.0000 10.0000
v -3.0000 19.0000 9.0000
v -3.0000 -19.0000 9.0000
v -3.0000 -19.0000 8.0000
v -3.0000 -20.0000 8.0000
v -3.0000 -20.0000 9.0000
v -3.0000 1.0000 8.0000
v -3.0000 11.0000 8.0000
v -3.0000 12.0000 8.0000
v -3.0000 14.0000 9.0000
v -3.0000 15.0000 9.0000
v -3.0000 20.0000 8.0000
v -3.0000 19.0000 8.0000
v -3.0000 -20.0000 7.0000
v -3.0000 -18.0000 8.0000
v -3.0000 -18.0000 7.0000
v -3.0000 1.0000 7.0000
v -3.0000 19.0000 7.0000
v -3.0000 -20.0000 6.0000
v -3.0000 -17.0000 7.0000
v -3.0000 -16.0000 7.0000
v -3.0000 -15.0000 7.0000
v -3.0000 -14.0000 7.0000
v -3.0000 -13.0000 7.0000
v -3.0000 -12.0000 7.0000
v -3.0000 -11.0000 7.0000
v -3.0000 -10.0000 7.0000
v -3.0000 -9.0000 7.0000
v -3.0000 -8.0000 7.0000
v -3.0000 -7.0000 7.0000
v -3.0000 -6.0000 7.0000
v -3.0000 -5.0000 7.0000
v -3.0000 -4.0000 7.0000
v -3.0000 -3.0000 7.0000
v -3.0000 -2.0000 7.0000
v -3.0000 -1.0000 7.0000
v -3.0000 0.0000 7.0000
v -3.0000 0.0000 6.0000
v -3.0000 1.0000 6.0000
v -3.0000 19.0000 6.0000
v -3.0000 18.0000 6.0000
v -3.0000 -20.0000 5.0000
v -3.0000 18.0000 5.0000
v -3.0000 -20.0000 4.0000
v -3.0000 19.0000 5.0000
v -3.0000 19.0000 4.0000
v -3.0000 -20.0000 3.0000
v -3.0000 19.0000 3.0000
v -3.0000 -20.0000 2.0000
v -3.0000 19.0000 2.0000
v -3.0000 -20.0000 1.0000
v -3.0000 12.0000 1.0000
v -3.0000 11.0000 1.0000
v -3.0000 19.0000 1.0000
v -3.0000 -20.0000 -0.0000
v -3.0000 11.0000 -0.0000
v -3.0000 12.0000 -0.0000
v -3.0000 19.0000 -0.0000
v -3.0000 -20.0000 -1.0000
v -3.0000 11.0000 -1.0000
v -3.0000 12.0000 -1.0000
v -3.0000 13.0000 -1.0000
v -3.0000 14.0000 -1.0000
v -3.0000 15.0000 -1.0000
v -3.0000 16.0000 -1.0000
v -4.0000 20.0000 -0.0000
v -3.0000 20.0000 -0.0000
v -3.0000 20.0000 -1.0000
v -3.0000 -20.0000 -2.0000
v -3.0000 11.0000 -2.0000
v -3.0000 16.0000 -2.0000
v -3.0000 20.0000 -2.0000
v -3.0000 -20.0000 -3.0000
v -3.0000 11.0000 -3.0000
v -3.0000 16.0000 -3.0000
v -3.0000 20.0000 -3.0000
v -3.0000 19.0000 -3.0000
v -3.0000 -20.0000 -4.0000
v -3.0000 11.0000 -4.0000
v -3.0000 16.0000 -4.0000
v -3.0000 19.0000 -4.0000
v -3.0000 -20.0000 -5.0000
v -3.0000 -6.0000 -5.0000
v -3.0000 -7.0000 -5.0000
v -3.0000 -5.0000 -5.0000
v -3.0000 11.0000 -5.0000
v -3.0000 16.0000 -5.0000
v -3.0000 19.0000 -5.0000
v -3.0000 -20.0000 -6.0000
v -3.0000 -17.0000 -6.0000
v -3.0000 -18.0000 -6.0000
v -3.0000 -16.0000 -6.0000
v -3.0000 -15.0000 -6.0000
v -3.0000 -14.0000 -6.0000
v -3.0000 -13.0000 -6.0000
v -3.0000 -12.0000 -6.0000
v -3.0000 -11.0000 -6.0000
v -3.0000 -10.0000 -6.0000
v -3.0000 -9.0000 -6.0000
v -3.0000 -8.0000 -6.0000
v -3.0000 -7.0000 -6.0000
v -3.0000 -5.0000 -6.0000
v -3.0000 -4.0000 -6.0000
v -3.0000 -3.0000 -6.0000
v -3.0000 -2.0000 -6.0000
v -3.0000 -1.0000 -6.0000
v -3.0000 0.0000 -6.0000
v -3.0000 1.0000 -6.0000
v -3.0000 11.0000 -6.0000
v -3.0000 16.0000 -6.0000
v -3.0000 19.0000 -6.0000
v -3.0000 -20.0000 -7.0000
v -3.0000 -18.0000 -7.0000
v -3.0000 1.0000 -7.0000
v -3.0000 11.0000 -7.0000
v -3.0000 16.0000 -7.0000
v -3.0000 19.0000 -7.0000
v -3.0000 -20.0000 -8.0000
v -3.0000 -18.0000 -8.0000
v -3.0000 -19.0000 -8.0000
v -3.0000 1.0000 -8.0000
v -3.0000 11.0000 -8.0000
v -3.0000 16.0000 -8.0000
v -3.0000 19.0000 -8.0000
v -3.0000 -19.0000 -9.0000
v -3.0000 -20.0000 -9.0000
v -3.0000 1.0000 -9.0000
v -3.0000 12.0000 -8.0000
v -3.0000 13.0000 -8.0000
v -3.0000 14.0000 -8.0000
v -3.0000 15.0000 -8.0000
v -3.0000 20.0000 -8.0000
v -3.0000 20.0000 -9.0000
v -3.0000 19.0000 -9.0000
v -3.0000 -19.0000 -10.0000
v -3.0000 -20.0000 -10.0000
v -4.0000 1.0000 -10.0000
v -3.0000 1.0000 -10.0000
v -3.0000 2.0000 -10.0000
v -3.0000 19.0000 -10.0000
v -3.0000 18.0000 -10.0000
v -3.0000 2.0000 -11.0000
v -3.0000 6.0000 -11.0000
v -3.0000 5.0000 -11.0000
v -3.0000 18.0000 -11.0000
v -3.0000 1.0000 -12.0000
v -3.0000 1.0000 -11.0000
v -3.0000 2.0000 -12.0000
v -4.0000 4.0000 -12.0000
v -3.0000 5.0000 -12.0000
v -3.0000 4.0000 -12.0000
v -3.0000 6.0000 -12.0000
v -3.0000 19.0000 -11.0000
v -3.0000 19.0000 -12.0000
v -3.0000 1.0000 -13.0000
v -3.0000 2.0000 -13.0000
v -3.0000 3.0000 -13.0000
v -3.0000 4.0000 -13.0000
v -4.0000 4.0000 -13.0000
v -3.0000 6.0000 -13.0000
v -3.0000 7.0000 -13.0000
v -3.0000 7.0000 -12.0000
v -3.0000 8.0000 -13.0000
v -3.0000 10.0000 -13.0000
v -3.0000 9.0000 -13.0000
v -3.0000 11.0000 -13.0000
v -3.0000 12.0000 -13.0000
v -3.0000 14.0000 -13.0000
v -3.0000 13.0000 -13.0000
v -3.0000 13.0000 -12.0000
v -3.0000 14.0000 -12.0000
v -3.0000 15.0000 -13.0000
v -3.0000 17.0000 -13.0000
v -3.0000 16.0000 -13.0000
v -3.0000 20.0000 -12.0000
v -3.0000 20.0000 -13.0000
v -3.0000 19.0000 -13.0000
v -3.0000 7.0000 -14.0000
v -4.0000 7.0000 -14.0000
v -4.0000 6.0000 -14.0000
v -3.0000 6.0000 -14.0000
v -3.0000 9.0000 -14.0000
v -3.0000 8.0000 -14.0000
v -3.0000 13.0000 -14.0000
v -3.0000 12.0000 -14.0000
v -3.0000 16.0000 -14.0000
v -4.0000 16.0000 -14.0000
v -4.0000 15.0000 -14.0000
v -3.0000 15.0000 -14.0000
v -3.0000 17.0000 -14.0000
v -3.0000 18.0000 -14.0000
v -3.0000 18.0000 -13.0000
v -3.0000 19.0000 -14.0000
v -2.0000 2.0000 19.0000
v -2.0000 2.0000 20.0000
v -2.0000 3.0000 20.0000
v -2.0000 4.0000 20.0000
v -2.0000 5.0000 20.0000
v -2.0000 6.0000 20.0000
v -2.0000 6.0000 19.0000
v -3.0000 8.0000 20.0000
v -2.0000 8.0000 20.0000
v -2.0000 8.0000 19.0000
v -3.0000 7.0000 20.0000
v -2.0000 7.0000 19.0000
v -2.0000 7.0000 20.0000
v -2.0000 15.0000 19.0000
v -2.0000 15.0000 20.0000
v -2.0000 16.0000 20.0000
v -2.0000 16.0000 19.0000
v -2.0000 17.0000 20.0000
v -2.0000 17.0000 19.0000
v -2.0000 2.0000 18.0000
v -3.0000 9.0000 19.0000
v -2.0000 9.0000 19.0000
v -2.0000 9.0000 18.0000
v -2.0000 13.0000 19.0000
v -2.0000 13.0000 18.0000
v -2.0000 12.0000 18.0000
v -2.0000 12.0000 19.0000
v -2.0000 14.0000 18.0000
v -2.0000 14.0000 19.0000
v -2.0000 18.0000 19.0000
v -2.0000 19.0000 19.0000
v -3.0000 20.0000 19.0000
v -2.0000 20.0000 19.0000
v -2.0000 20.0000 18.0000
v -2.0000 2.0000 17.0000
v -2.0000 10.0000 18.0000
v -2.0000 11.0000 18.0000
v -2.0000 13.0000 17.0000
v -2.0000 14.0000 17.0000
v -2.0000 15.0000 17.0000
v -2.0000 15.0000 18.0000
v -2.0000 20.0000 17.0000
v -2.0000 19.0000 17.0000
v -2.0000 19.0000 18.0000
v -2.0000 2.0000 16.0000
v -2.0000 19.0000 16.0000
v -2.0000 18.0000 16.0000
v -2.0000 2.0000 15.0000
v -2.0000 18.0000 15.0000
v -2.0000 2.0000 14.0000
v -2.0000 19.0000 15.0000
v -2.0000 19.0000 14.0000
v -3.0000 19.0000 14.0000
v -2.0000 2.0000 13.0000
v -2.0000 19.0000 13.0000
v -2.0000 2.0000 12.0000
v -2.0000 20.0000 13.0000
v -2.0000 20.0000 12.0000
v -2.0000 1.0000 11.0000
v -2.0000 1.0000 12.0000
v -2.0000 2.0000 11.0000
v -2.0000 20.0000 11.0000
v -2.0000 1.0000 10.0000
v -2.0000 12.0000 10.0000
v -2.0000 11.0000 10.0000
v -2.0000 14.0000 10.0000
v -2.0000 13.0000 10.0000
v -2.0000 15.0000 10.0000
v -2.0000 16.0000 10.0000
v -2.0000 20.0000 10.0000
v -2.0000 19.0000 10.0000
v -2.0000 1.0000 9.0000
v -2.0000 11.0000 9.0000
v -2.0000 13.0000 9.0000
v -2.0000 12.0000 9.0000
v -2.0000 16.0000 9.0000
v -2.0000 19.0000 9.0000
v -2.0000 -19.0000 9.0000
v -2.0000 -19.0000 8.0000
v -2.0000 -20.0000 8.0000
v -2.0000 -20.0000 9.0000
v -2.0000 1.0000 8.0000
v -2.0000 11.0000 8.0000
v -2.0000 12.0000 8.0000
v -2.0000 14.0000 9.0000
v -2.0000 15.0000 9.0000
v -2.0000 19.0000 8.0000
v -2.0000 -20.0000 7.0000
v -2.0000 -18.0000 8.0000
v -2.0000 -18.0000 7.0000
v -2.0000 1.0000 7.0000
v -2.0000 20.0000 8.0000
v -2.0000 20.0000 7.0000
v -3.0000 20.0000 7.0000
v -2.0000 19.0000 7.0000
v -2.0000 -20.0000 6.0000
v -2.0000 -17.0000 7.0000
v -2.0000 -16.0000 7.0000
v -2.0000 -15.0000 7.0000
v -2.0000 -14.0000 7.0000
v -2.0000 -13.0000 7.0000
v -2.0000 -12.0000 7.0000
v -2.0000 -11.0000 7.0000
v -2.0000 -10.0000 7.0000
v -2.0000 -9.0000 7.0000
v -2.0000 -8.0000 7.0000
v -2.0000 -7.0000 7.0000
v -2.0000 -6.0000 7.0000
v -2.0000 -5.0000 7.0000
v -2.0000 -4.0000 7.0000
v -2.0000 -3.0000 7.0000
v -2.0000 -2.0000 7.0000
v -2.0000 -1.0000 7.0000
v -2.0000 0.0000 7.0000
v -2.0000 0.0000 6.0000
v -2.0000 1.0000 6.0000
v -2.0000 19.0000 6.0000
v -2.0000 -20.0000 5.0000
v -2.0000 19.0000 5.0000
v -2.0000 -20.0000 4.0000
v -2.0000 19.0000 4.0000
v -2.0000 -20.0000 3.0000
v -2.0000 19.0000 3.0000
v -2.0000 -20.0000 2.0000
v -2.0000 19.0000 2.0000
v -2.0000 -20.0000 1.0000
v -2.0000 12.0000 1.0000
v -2.0000 11.0000 1.0000
v -2.0000 19.0000 1.0000
v -2.0000 -20.0000 -0.0000
v -2.0000 11.0000 -0.0000
v -2.0000 12.0000 -0.0000
v -3.0000 20.0000 1.0000
v -2.0000 20.0000 1.0000
v -2.0000 20.0000 -0.0000
v -2.0000 -20.0000 -1.0000
v -2.0000 11.0000 -1.0000
v -2.0000 12.0000 -1.0000
v -2.0000 13.0000 -1.0000
v -2.0000 14.0000 -1.0000
v -2.0000 15.0000 -1.0000
v -2.0000 16.0000 -1.0000
v -2.0000 20.0000 -1.0000
v -2.0000 -20.0000 -2.0000
v -2.0000 11.0000 -2.0000
v -2.0000 16.0000 -2.0000
v -2.0000 20.0000 -2.0000
v -2.0000 19.0000 -1.0000
v -2.0000 19.0000 -2.0000
v -2.0000 -20.0000 -3.0000
v -2.0000 11.0000 -3.0000
v -2.0000 16.0000 -3.0000
v -2.0000 20.0000 -3.0000
v -2.0000 -20.0000 -4.0000
v -2.0000 -13.0000 -3.0000
v -2.0000 -13.0000 -4.0000
v -2.0000 -12.0000 -4.0000
v -2.0000 -12.0000 -3.0000
v -2.0000 11.0000 -4.0000
v -2.0000 16.0000 -4.0000
v -2.0000 20.0000 -4.0000
v -3.0000 20.0000 -4.0000
v -2.0000 19.0000 -4.0000
v -2.0000 -20.0000 -5.0000
v -2.0000 -6.0000 -5.0000
v -2.0000 -7.0000 -5.0000
v -2.0000 -5.0000 -5.0000
v -2.0000 11.0000 -5.0000
v -2.0000 16.0000 -5.0000
v -2.0000 19.0000 -5.0000
v -2.0000 -20.0000 -6.0000
v -2.0000 -17.0000 -6.0000
v -2.0000 -18.0000 -6.0000
v -2.0000 -16.0000 -6.0000
v -2.0000 -15.0000 -6.0000
v -2.0000 -14.0000 -6.0000
v -2.0000 -13.0000 -6.0000
v -2.0000 -14.0000 -5.0000
v -2.0000 -13.0000 -5.0000
v -2.0000 -12.0000 -6.0000
v -2.0000 -12.0000 -5.0000
v -2.0000 -11.0000 -6.0000
v -2.0000 -11.0000 -5.0000
v -2.0000 -10.0000 -6.0000
v -2.0000 -10.0000 -5.0000
v -2.0000 -9.0000 -6.0000
v -2.0000 -9.0000 -5.0000
v -2.0000 -8.0000 -6.0000
v -2.0000 -7.0000 -6.0000
v -2.0000 -5.0000 -6.0000
v -2.0000 -4.0000 -6.0000
v -2.0000 -3.0000 -6.0000
v -2.0000 -2.0000 -6.0000
v -2.0000 -1.0000 -6.0000
v -2.0000 0.0000 -6.0000
v -2.0000 1.0000 -6.0000
v -2.0000 11.0000 -6.0000
v -2.0000 16.0000 -6.0000
v -2.0000 19.0000 -6.0000
v -2.0000 -20.0000 -7.0000
v -2.0000 -18.0000 -7.0000
v -2.0000 1.0000 -7.0000
v -2.0000 11.0000 -7.0000
v -2.0000 16.0000 -7.0000
v -2.0000 19.0000 -7.0000
v -2.0000 -20.0000 -8.0000
v -2.0000 -18.0000 -8.0000
v -2.0000 -19.0000 -8.0000
v -2.0000 1.0000 -8.0000
v -2.0000 11.0000 -8.0000
v -2.0000 16.0000 -8.0000
v -2.0000 19.0000 -8.0000
v -2.0000 -19.0000 -9.0000
v -2.0000 -20.0000 -9.0000
v -2.0000 1.0000 -9.0000
v -2.0000 12.0000 -8.0000
v -2.0000 13.0000 -8.0000
v -2.0000 14.0000 -8.0000
v -2.0000 15.0000 -8.0000
v -2.0000 20.0000 -8.0000
v -2.0000 20.0000 -9.0000
v -2.0000 19.0000 -9.0000
v -2.0000 -19.0000 -10.0000
v -2.0000 -20.0000 -10.0000
v -2.0000 1.0000 -10.0000
v -2.0000 19.0000 -10.0000
v -2.0000 1.0000 -11.0000
v -2.0000 2.0000 -11.0000
v -2.0000 2.0000 -10.0000
v -2.0000 6.0000 -11.0000
v -2.0000 5.0000 -11.0000
v -2.0000 19.0000 -11.0000
v -2.0000 2.0000 -12.0000
v -2.0000 5.0000 -12.0000
v -2.0000 4.0000 -12.0000
v -2.0000 6.0000 -12.0000
v -2.0000 7.0000 -12.0000
v -2.0000 14.0000 -12.0000
v -2.0000 13.0000 -12.0000
v -2.0000 19.0000 -12.0000
v -2.0000 1.0000 -13.0000
v -2.0000 1.0000 -12.0000
v -2.0000 2.0000 -13.0000
v -2.0000 3.0000 -13.0000
v -2.0000 4.0000 -13.0000
v -2.0000 7.0000 -13.0000
v -2.0000 8.0000 -13.0000
v -2.0000 12.0000 -13.0000
v -2.0000 11.0000 -13.0000
v -2.0000 13.0000 -13.0000
v -2.0000 14.0000 -13.0000
v -2.0000 15.0000 -13.0000
v -2.0000 17.0000 -13.0000
v -2.0000 16.0000 -13.0000
v -2.0000 18.0000 -13.0000
v -2.0000 19.0000 -13.0000
v -2.0000 20.0000 -12.0000
v -2.0000 20.0000 -13.0000
v -2.0000 4.0000 -14.0000
v -3.0000 4.0000 -14.0000
v -3.0000 3.0000 -14.0000
v -2.0000 3.0000 -14.0000
v -2.0000 7.0000 -14.0000
v -2.0000 6.0000 -14.0000
v -2.0000 6.0000 -13.0000
v -2.0000 8.0000 -14.0000
v -2.0000 9.0000 -14.0000
v -2.0000 9.0000 -13.0000
v -3.0000 10.0000 -14.0000
v -2.0000 10.0000 -14.0000
v -2.0000 11.0000 -14.0000
v -3.0000 11.0000 -14.0000
v -2.0000 13.0000 -14.0000
v -2.0000 12.0000 -14.0000
v -2.0000 16.0000 -14.0000
v -2.0000 15.0000 -14.0000
v -2.0000 20.0000 -14.0000
v -3.0000 20.0000 -14.0000
v -2.0000 19.0000 -14.0000
v -1.0000 2.0000 19.0000
v -1.0000 2.0000 20.0000
v -1.0000 3.0000 20.0000
v -1.0000 4.0000 20.0000
v -1.0000 5.0000 20.0000
v -1.0000 6.0000 20.0000
v -1.0000 6.0000 19.0000
v -1.0000 7.0000 19.0000
v -1.0000 7.0000 20.0000
v -1.0000 8.0000 20.0000
v -1.0000 9.0000 20.0000
v -2.0000 9.0000 20.0000
v -2.0000 10.0000 20.0000
v -1.0000 10.0000 20.0000
v -1.0000 10.0000 19.0000
v -2.0000 10.0000 19.0000
v -1.0000 17.0000 20.0000
v -1.0000 17.0000 19.0000
v -1.0000 16.0000 19.0000
v -1.0000 16.0000 20.0000
v -1.0000 2.0000 18.0000
v -2.0000 11.0000 19.0000
v -1.0000 11.0000 19.0000
v -1.0000 11.0000 18.0000
v -1.0000 14.0000 18.0000
v -1.0000 14.0000 19.0000
v -1.0000 15.0000 19.0000
v -1.0000 15.0000 18.0000
v -1.0000 18.0000 19.0000
v -1.0000 17.0000 18.0000
v -1.0000 18.0000 18.0000
v -1.0000 19.0000 19.0000
v -1.0000 19.0000 18.0000
v -1.0000 20.0000 19.0000
v -1.0000 20.0000 18.0000
v -1.0000 2.0000 17.0000
v -1.0000 12.0000 18.0000
v -1.0000 13.0000 18.0000
v -1.0000 13.0000 17.0000
v -1.0000 15.0000 17.0000
v -1.0000 19.0000 17.0000
v -1.0000 2.0000 16.0000
v -1.0000 14.0000 17.0000
v -1.0000 19.0000 16.0000
v -1.0000 2.0000 15.0000
v -1.0000 19.0000 15.0000
v -2.0000 1.0000 15.0000
v -2.0000 1.0000 14.0000
v -1.0000 1.0000 14.0000
v -1.0000 1.0000 15.0000
v -1.0000 2.0000 14.0000
v -1.0000 19.0000 14.0000
v -1.0000 2.0000 13.0000
v -1.0000 19.0000 13.0000
v -1.0000 2.0000 12.0000
v -1.0000 20.0000 13.0000
v -1.0000 20.0000 12.0000
v -1.0000 2.0000 11.0000
v -1.0000 20.0000 11.0000
v -1.0000 19.0000 12.0000
v -1.0000 19.0000 11.0000
v -1.0000 1.0000 10.0000
v -1.0000 1.0000 11.0000
v -1.0000 2.0000 10.0000
v -1.0000 12.0000 10.0000
v -1.0000 11.0000 10.0000
v -1.0000 13.0000 10.0000
v -1.0000 14.0000 10.0000
v -1.0000 15.0000 10.0000
v -1.0000 16.0000 10.0000
v -1.0000 20.0000 10.0000
v -1.0000 19.0000 10.0000
v -1.0000 1.0000 9.0000
v -1.0000 11.0000 9.0000
v -1.0000 16.0000 9.0000
v -1.0000 19.0000 9.0000
v -1.0000 -19.0000 9.0000
v -1.0000 -19.0000 8.0000
v -1.0000 -20.0000 8.0000
v -1.0000 -20.0000 9.0000
v -1.0000 1.0000 8.0000
v -1.0000 11.0000 8.0000
v -1.0000 12.0000 8.0000
v -1.0000 12.0000 9.0000
v -1.0000 13.0000 9.0000
v -1.0000 14.0000 9.0000
v -1.0000 15.0000 9.0000
v -2.0000 20.0000 9.0000
v -1.0000 20.0000 9.0000
v -1.0000 20.0000 8.0000
v -1.0000 -20.0000 7.0000
v -1.0000 -18.0000 8.0000
v -1.0000 -18.0000 7.0000
v -2.0000 -11.0000 8.0000
v -1.0000 -11.0000 7.0000
v -1.0000 -11.0000 8.0000
v -1.0000 -10.0000 8.0000
v -2.0000 -10.0000 8.0000
v -2.0000 -9.0000 8.0000
v -1.0000 -9.0000 8.0000
v -1.0000 -9.0000 7.0000
v -1.0000 1.0000 7.0000
v -1.0000 20.0000 7.0000
v -1.0000 19.0000 7.0000
v -1.0000 -20.0000 6.0000
v -1.0000 -17.0000 7.0000
v -1.0000 -16.0000 7.0000
v -1.0000 -15.0000 7.0000
v -1.0000 -14.0000 7.0000
v -1.0000 -13.0000 7.0000
v -1.0000 -12.0000 7.0000
v -1.0000 -8.0000 7.0000
v -1.0000 -7.0000 7.0000
v -1.0000 -6.0000 7.0000
v -1.0000 -5.0000 7.0000
v -1.0000 -4.0000 7.0000
v -1.0000 -3.0000 7.0000
v -1.0000 -2.0000 7.0000
v -1.0000 -1.0000 7.0000
v -1.0000 0.0000 7.0000
v -1.0000 0.0000 6.0000
v -1.0000 1.0000 6.0000
v -1.0000 19.0000 6.0000
v -1.0000 -20.0000 5.0000
v -2.0000 20.0000 6.0000
v -1.0000 20.0000 6.0000
v -1.0000 20.0000 5.0000
v -2.0000 20.0000 5.0000
v -1.0000 19.0000 5.0000
v -1.0000 -20.0000 4.0000
v -1.0000 19.0000 4.0000
v -1.0000 -20.0000 3.0000
v -2.0000 20.0000 4.0000
v -1.0000 20.0000 4.0000
v -1.0000 20.0000 3.0000
v -2.0000 20.0000 3.0000
v -1.0000 19.0000 3.0000
v -1.0000 -20.0000 2.0000
v -1.0000 19.0000 2.0000
v -1.0000 -20.0000 1.0000
v -1.0000 12.0000 1.0000
v -1.0000 11.0000 1.0000
v -1.0000 19.0000 1.0000
v -1.0000 -20.0000 -0.0000
v -1.0000 11.0000 -0.0000
v -1.0000 12.0000 -0.0000
v -1.0000 20.0000 1.0000
v -1.0000 20.0000 -0.0000
v -1.0000 19.0000 -0.0000
v -1.0000 -20.0000 -1.0000
v -1.0000 11.0000 -1.0000
v -1.0000 12.0000 -1.0000
v -1.0000 13.0000 -1.0000
v -1.0000 14.0000 -1.0000
v -1.0000 15.0000 -1.0000
v -1.0000 16.0000 -1.0000
v -1.0000 20.0000 -1.0000
v -1.0000 19.0000 -1.0000
v -1.0000 -20.0000 -2.0000
v -1.0000 -13.0000 -1.0000
v -1.0000 -13.0000 -2.0000
v -1.0000 -12.0000 -2.0000
v -1.0000 -12.0000 -1.0000
v -1.0000 11.0000 -2.0000
v -1.0000 16.0000 -2.0000
v -1.0000 19.0000 -2.0000
v -1.0000 -20.0000 -3.0000
v -1.0000 -12.0000 -3.0000
v -1.0000 -13.0000 -3.0000
v -1.0000 11.0000 -3.0000
v -1.0000 16.0000 -3.0000
v -1.0000 20.0000 -2.0000
v -1.0000 20.0000 -3.0000
v -1.0000 -20.0000 -4.0000
v -1.0000 -13.0000 -4.0000
v -1.0000 -12.0000 -4.0000
v -1.0000 11.0000 -4.0000
v -1.0000 16.0000 -4.0000
v -1.0000 20.0000 -4.0000
v -1.0000 19.0000 -4.0000
v -1.0000 -20.0000 -5.0000
v -1.0000 -13.0000 -5.0000
v -1.0000 -14.0000 -5.0000
v -1.0000 -14.0000 -4.0000
v -1.0000 -12.0000 -5.0000
v -1.0000 -11.0000 -5.0000
v -1.0000 -10.0000 -5.0000
v -1.0000 -9.0000 -5.0000
v -1.0000 -6.0000 -5.0000
v -1.0000 -7.0000 -5.0000
v -1.0000 -5.0000 -5.0000
v -1.0000 11.0000 -5.0000
v -1.0000 16.0000 -5.0000
v -1.0000 19.0000 -5.0000
v -1.0000 -20.0000 -6.0000
v -1.0000 -17.0000 -6.0000
v -1.0000 -18.0000 -6.0000
v -1.0000 -16.0000 -6.0000
v -1.0000 -15.0000 -6.0000
v -1.0000 -14.0000 -6.0000
v -1.0000 -9.0000 -6.0000
v -1.0000 -8.0000 -6.0000
v -1.0000 -7.0000 -6.0000
v -1.0000 -5.0000 -6.0000
v -1.0000 -4.0000 -6.0000
v -1.0000 -3.0000 -6.0000
v -1.0000 -2.0000 -6.0000
v -1.0000 -1.0000 -6.0000
v -1.0000 0.0000 -6.0000
v -1.0000 1.0000 -6.0000
v -1.0000 11.0000 -6.0000
v -1.0000 16.0000 -6.0000
v -2.0000 20.0000 -5.0000
v -1.0000 20.0000 -5.0000
v -1.0000 20.0000 -6.0000
v -2.0000 20.0000 -6.0000
v -1.0000 19.0000 -6.0000
v -1.0000 -20.0000 -7.0000
v -1.0000 -18.0000 -7.0000
v -1.0000 1.0000 -7.0000
v -1.0000 2.0000 -7.0000
v -1.0000 2.0000 -6.0000
v -1.0000 3.0000 -7.0000
v -1.0000 3.0000 -6.0000
v -1.0000 4.0000 -7.0000
v -1.0000 4.0000 -6.0000
v -1.0000 5.0000 -7.0000
v -1.0000 5.0000 -6.0000
v -1.0000 6.0000 -7.0000
v -1.0000 6.0000 -6.0000
v -1.0000 7.0000 -7.0000
v -1.0000 7.0000 -6.0000
v -1.0000 8.0000 -7.0000
v -1.0000 8.0000 -6.0000
v -1.0000 9.0000 -7.0000
v -1.0000 9.0000 -6.0000
v -1.0000 11.0000 -7.0000
v -1.0000 16.0000 -7.0000
v -1.0000 19.0000 -7.0000
v -1.0000 -20.0000 -8.0000
v -1.0000 -18.0000 -8.0000
v -1.0000 -19.0000 -8.0000
v -1.0000 1.0000 -8.0000
v -1.0000 11.0000 -8.0000
v -1.0000 16.0000 -8.0000
v -1.0000 19.0000 -8.0000
v -1.0000 -19.0000 -9.0000
v -1.0000 -20.0000 -9.0000
v -1.0000 1.0000 -9.0000
v -1.0000 12.0000 -8.0000
v -1.0000 13.0000 -8.0000
v -1.0000 14.0000 -8.0000
v -1.0000 15.0000 -8.0000
v -1.0000 19.0000 -9.0000
v -1.0000 -19.0000 -10.0000
v -1.0000 -20.0000 -10.0000
v -1.0000 1.0000 -10.0000
v -1.0000 2.0000 -10.0000
v -1.0000 19.0000 -10.0000
v -1.0000 2.0000 -11.0000
v -1.0000 19.0000 -11.0000
v -1.0000 2.0000 -12.0000
v -1.0000 6.0000 -12.0000
v -1.0000 5.0000 -12.0000
v -1.0000 7.0000 -12.0000
v -1.0000 6.0000 -11.0000
v -1.0000 7.0000 -11.0000
v -1.0000 8.0000 -12.0000
v -1.0000 8.0000 -11.0000
v -1.0000 14.0000 -12.0000
v -1.0000 13.0000 -12.0000
v -2.0000 20.0000 -11.0000
v -1.0000 20.0000 -11.0000
v -1.0000 20.0000 -12.0000
v -1.0000 19.0000 -12.0000
v -1.0000 1.0000 -13.0000
v -1.0000 1.0000 -12.0000
v -1.0000 2.0000 -13.0000
v -1.0000 5.0000 -13.0000
v -2.0000 5.0000 -13.0000
v -1.0000 4.0000 -13.0000
v -1.0000 4.0000 -12.0000
v -1.0000 7.0000 -13.0000
v -1.0000 8.0000 -13.0000
v -1.0000 9.0000 -13.0000
v -1.0000 12.0000 -13.0000
v -1.0000 11.0000 -13.0000
v -1.0000 13.0000 -13.0000
v -1.0000 14.0000 -13.0000
v -1.0000 19.0000 -13.0000
v -1.0000 18.0000 -13.0000
v -2.0000 2.0000 -14.0000
v -1.0000 2.0000 -14.0000
v -1.0000 3.0000 -14.0000
v -1.0000 3.0000 -13.0000
v -1.0000 4.0000 -14.0000
v -1.0000 9.0000 -14.0000
v -1.0000 10.0000 -14.0000
v -1.0000 10.0000 -13.0000
v -1.0000 11.0000 -14.0000
v -2.0000 14.0000 -14.0000
v -1.0000 14.0000 -14.0000
v -1.0000 15.0000 -14.0000
v -1.0000 16.0000 -14.0000
v -2.0000 17.0000 -14.0000
v -1.0000 17.0000 -14.0000
v -1.0000 18.0000 -14.0000
v -2.0000 18.0000 -14.0000
v -1.0000 20.0000 -13.0000
v -1.0000 20.0000 -14.0000
v -1.0000 19.0000 -14.0000
v 0.0000 2.0000 19.0000
v 0.0000 2.0000 20.0000
v 0.0000 3.0000 20.0000
v 0.0000 4.0000 20.0000
v 0.0000 5.0000 20.0000
v 0.0000 6.0000 20.0000
v 0.0000 6.0000 19.0000
v 0.0000 7.0000 19.0000
v 0.0000 7.0000 20.0000
v 0.0000 8.0000 20.0000
v 0.0000 8.0000 19.0000
v 0.0000 9.0000 20.0000
v 0.0000 10.0000 20.0000
v 0.0000 10.0000 19.0000
v 0.0000 9.0000 19.0000
v -1.0000 12.0000 20.0000
v 0.0000 12.0000 20.0000
v 0.0000 12.0000 19.0000
v -1.0000 12.0000 19.0000
v -1.0000 11.0000 20.0000
v 0.0000 11.0000 19.0000
v 0.0000 11.0000 20.0000
v 0.0000 16.0000 20.0000
v 0.0000 16.0000 19.0000
v -1.0000 15.0000 20.0000
v 0.0000 15.0000 19.0000
v 0.0000 15.0000 20.0000
v 0.0000 2.0000 18.0000
v 0.0000 10.0000 18.0000
v 0.0000 11.0000 18.0000
v -1.0000 13.0000 19.0000
v 0.0000 13.0000 19.0000
v 0.0000 13.0000 18.0000
v 0.0000 15.0000 18.0000
v 0.0000 17.0000 19.0000
v 0.0000 17.0000 18.0000
v 0.0000 2.0000 17.0000
v 0.0000 13.0000 17.0000
v 0.0000 14.0000 17.0000
v 0.0000 14.0000 18.0000
v 0.0000 18.0000 18.0000
v 0.0000 19.0000 18.0000
v 0.0000 20.0000 18.0000
v 0.0000 20.0000 17.0000
v -1.0000 20.0000 17.0000
v 0.0000 2.0000 16.0000
v 0.0000 20.0000 16.0000
v -1.0000 20.0000 16.0000
v 0.0000 19.0000 16.0000
v 0.0000 2.0000 15.0000
v 0.0000 19.0000 15.0000
v 0.0000 2.0000 14.0000
v 0.0000 19.0000 14.0000
v 0.0000 2.0000 13.0000
v 0.0000 19.0000 13.0000
v 0.0000 2.0000 12.0000
v 0.0000 20.0000 13.0000
v 0.0000 20.0000 12.0000
v 0.0000 19.0000 12.0000
v 0.0000 2.0000 11.0000
v 0.0000 19.0000 11.0000
v 0.0000 2.0000 10.0000
v 0.0000 13.0000 10.0000
v 0.0000 12.0000 10.0000
v 0.0000 14.0000 10.0000
v 0.0000 15.0000 10.0000
v 0.0000 16.0000 10.0000
v 0.0000 20.0000 11.0000
v 0.0000 20.0000 10.0000
v 0.0000 1.0000 9.0000
v 0.0000 1.0000 10.0000
v 0.0000 2.0000 9.0000
v 0.0000 12.0000 9.0000
v 0.0000 11.0000 9.0000
v 0.0000 16.0000 9.0000
v 0.0000 20.0000 9.0000
v 0.0000 -19.0000 9.0000
v 0.0000 -19.0000 8.0000
v 0.0000 -20.0000 8.0000
v 0.0000 -20.0000 9.0000
v 0.0000 1.0000 8.0000
v 0.0000 11.0000 8.0000
v 0.0000 12.0000 8.0000
v 0.0000 13.0000 9.0000
v 0.0000 14.0000 9.0000
v 0.0000 15.0000 9.0000
v 0.0000 20.0000 8.0000
v 0.0000 -20.0000 7.0000
v 0.0000 -18.0000 8.0000
v 0.0000 -18.0000 7.0000
v -1.0000 -12.0000 8.0000
v 0.0000 -12.0000 7.0000
v 0.0000 -12.0000 8.0000
v 0.0000 -11.0000 8.0000
v 0.0000 -10.0000 8.0000
v 0.0000 -11.0000 7.0000
v 0.0000 -10.0000 7.0000
v 0.0000 -9.0000 8.0000
v 0.0000 -9.0000 7.0000
v 0.0000 1.0000 7.0000
v 0.0000 20.0000 7.0000
v 0.0000 19.0000 7.0000
v 0.0000 19.0000 8.0000
v 0.0000 -20.0000 6.0000
v 0.0000 -17.0000 7.0000
v 0.0000 -16.0000 7.0000
v 0.0000 -15.0000 7.0000
v 0.0000 -14.0000 7.0000
v 0.0000 -13.0000 7.0000
v 0.0000 -8.0000 7.0000
v 0.0000 -7.0000 7.0000
v 0.0000 -6.0000 7.0000
v 0.0000 -5.0000 7.0000
v 0.0000 -4.0000 7.0000
v 0.0000 -3.0000 7.0000
v 0.0000 -2.0000 7.0000
v 0.0000 -1.0000 7.0000
v 0.0000 0.0000 7.0000
v 0.0000 0.0000 6.0000
v 0.0000 1.0000 6.0000
v 0.0000 19.0000 6.0000
v 0.0000 -20.0000 5.0000
v 0.0000 20.0000 6.0000
v 0.0000 20.0000 5.0000
v 0.0000 19.0000 5.0000
v 0.0000 -20.0000 4.0000
v 0.0000 19.0000 4.0000
v 0.0000 -20.0000 3.0000
v 0.0000 20.0000 4.0000
v 0.0000 20.0000 3.0000
v 0.0000 19.0000 3.0000
v 0.0000 -20.0000 2.0000
v 0.0000 19.0000 2.0000
v 0.0000 -20.0000 1.0000
v -1.0000 20.0000 2.0000
v 0.0000 20.0000 2.0000
v 0.0000 20.0000 1.0000
v 0.0000 19.0000 1.0000
v 0.0000 -20.0000 -0.0000
v 0.0000 19.0000 -0.0000
v 0.0000 -20.0000 -1.0000
v 0.0000 -12.0000 -1.0000
v 0.0000 -13.0000 -1.0000
v 0.0000 13.0000 -1.0000
v 0.0000 12.0000 -1.0000
v 0.0000 14.0000 -1.0000
v 0.0000 15.0000 -1.0000
v 0.0000 16.0000 -1.0000
v 0.0000 19.0000 -1.0000
v 0.0000 -20.0000 -2.0000
v 0.0000 -13.0000 -2.0000
v 0.0000 -12.0000 -2.0000
v 0.0000 12.0000 -2.0000
v -1.0000 12.0000 -2.0000
v 0.0000 16.0000 -2.0000
v 0.0000 20.0000 -1.0000
v 0.0000 20.0000 -2.0000
v 0.0000 19.0000 -2.0000
v 0.0000 -20.0000 -3.0000
v 0.0000 12.0000 -3.0000
v -1.0000 12.0000 -3.0000
v 0.0000 16.0000 -3.0000
v 0.0000 20.0000 -3.0000
v 0.0000 -20.0000 -4.0000
v 0.0000 -13.0000 -4.0000
v 0.0000 -14.0000 -4.0000
v 0.0000 -12.0000 -4.0000
v 0.0000 12.0000 -4.0000
v -1.0000 12.0000 -4.0000
v 0.0000 16.0000 -4.0000
v 0.0000 20.0000 -4.0000
v 0.0000 -20.0000 -5.0000
v 0.0000 -14.0000 -5.0000
v 0.0000 -12.0000 -5.0000
v 0.0000 -11.0000 -5.0000
v 0.0000 -10.0000 -5.0000
v 0.0000 -9.0000 -5.0000
v 0.0000 12.0000 -5.0000
v -1.0000 12.0000 -5.0000
v 0.0000 16.0000 -5.0000
v 0.0000 20.0000 -5.0000
v 0.0000 19.0000 -5.0000
v 0.0000 -20.0000 -6.0000
v 0.0000 -17.0000 -6.0000
v 0.0000 -18.0000 -6.0000
v 0.0000 -16.0000 -6.0000
v 0.0000 -15.0000 -6.0000
v 0.0000 -14.0000 -6.0000
v 0.0000 -9.0000 -6.0000
v 0.0000 -8.0000 -6.0000
v 0.0000 -7.0000 -6.0000
v -1.0000 -6.0000 -6.0000
v 0.0000 -6.0000 -6.0000
v 0.0000 -5.0000 -6.0000
v 0.0000 -4.0000 -6.0000
v 0.0000 -3.0000 -6.0000
v 0.0000 -2.0000 -6.0000
v 0.0000 -1.0000 -6.0000
v 0.0000 0.0000 -6.0000
v 0.0000 1.0000 -6.0000
v 0.0000 2.0000 -6.0000
v 0.0000 3.0000 -6.0000
v 0.0000 4.0000 -6.0000
v 0.0000 5.0000 -6.0000
v 0.0000 6.0000 -6.0000
v 0.0000 7.0000 -6.0000
v 0.0000 8.0000 -6.0000
v 0.0000 9.0000 -6.0000
v 0.0000 12.0000 -6.0000
v -1.0000 12.0000 -6.0000
v 0.0000 16.0000 -6.0000
v 0.0000 19.0000 -6.0000
v 0.0000 -20.0000 -7.0000
v 0.0000 -18.0000 -7.0000
v 0.0000 9.0000 -7.0000
v 0.0000 12.0000 -7.0000
v -1.0000 12.0000 -7.0000
v 0.0000 16.0000 -7.0000
v 0.0000 19.0000 -7.0000
v 0.0000 -20.0000 -8.0000
v 0.0000 -18.0000 -8.0000
v 0.0000 -19.0000 -8.0000
v 0.0000 1.0000 -8.0000
v 0.0000 1.0000 -7.0000
v 0.0000 2.0000 -7.0000
v 0.0000 3.0000 -7.0000
v 0.0000 4.0000 -7.0000
v 0.0000 5.0000 -7.0000
v 0.0000 6.0000 -7.0000
v 0.0000 7.0000 -7.0000
v 0.0000 8.0000 -7.0000
v 0.0000 12.0000 -8.0000
v 0.0000 16.0000 -8.0000
v 0.0000 19.0000 -8.0000
v 0.0000 18.0000 -7.0000
v 0.0000 18.0000 -8.0000
v 0.0000 -19.0000 -9.0000
v 0.0000 -20.0000 -9.0000
v 0.0000 1.0000 -9.0000
v 0.0000 13.0000 -8.0000
v 0.0000 14.0000 -8.0000
v 0.0000 15.0000 -8.0000
v 0.0000 19.0000 -9.0000
v 0.0000 -19.0000 -10.0000
v 0.0000 -20.0000 -10.0000
v 0.0000 1.0000 -10.0000
v 0.0000 2.0000 -10.0000
v 0.0000 19.0000 -10.0000
v 0.0000 2.0000 -11.0000
v 0.0000 7.0000 -11.0000
v 0.0000 6.0000 -11.0000
v 0.0000 8.0000 -11.0000
v -1.0000 20.0000 -10.0000
v 0.0000 20.0000 -10.0000
v 0.0000 20.0000 -11.0000
v 0.0000 19.0000 -11.0000
v -1.0000 1.0000 -11.0000
v 0.0000 1.0000 -12.0000
v 0.0000 1.0000 -11.0000
v 0.0000 5.0000 -12.0000
v 0.0000 4.0000 -12.0000
v 0.0000 6.0000 -12.0000
v 0.0000 8.0000 -12.0000
v 0.0000 14.0000 -12.0000
v 0.0000 13.0000 -12.0000
v 0.0000 19.0000 -12.0000
v 0.0000 1.0000 -13.0000
v 0.0000 2.0000 -13.0000
v 0.0000 3.0000 -13.0000
v 0.0000 4.0000 -13.0000
v 0.0000 8.0000 -13.0000
v 0.0000 9.0000 -13.0000
v 0.0000 10.0000 -13.0000
v 0.0000 11.0000 -13.0000
v 0.0000 13.0000 -13.0000
v 0.0000 12.0000 -13.0000
v 0.0000 14.0000 -13.0000
v 0.0000 19.0000 -13.0000
v 0.0000 18.0000 -13.0000
v 0.0000 4.0000 -14.0000
v 0.0000 3.0000 -14.0000
v 0.0000 12.0000 -14.0000
v -1.0000 12.0000 -14.0000
v 0.0000 11.0000 -14.0000
v 0.0000 14.0000 -14.0000
v 0.0000 15.0000 -14.0000
v 0.0000 15.0000 -13.0000
v 0.0000 16.0000 -14.0000
v 0.0000 17.0000 -14.0000
v 0.0000 16.0000 -13.0000
v 0.0000 17.0000 -13.0000
v 0.0000 18.0000 -14.0000
v 1.0000 2.0000 19.0000
v 1.0000 2.0000 20.0000
v 1.0000 3.0000 20.0000
v 1.0000 4.0000 20.0000
v 1.0000 5.0000 20.0000
v 1.0000 6.0000 20.0000
v 1.0000 7.0000 20.0000
v 1.0000 7.0000 19.0000
v 1.0000 6.0000 19.0000
v 1.0000 9.0000 20.0000
v 1.0000 9.0000 19.0000
v 1.0000 8.0000 19.0000
v 1.0000 8.0000 20.0000
v 1.0000 16.0000 20.0000
v 1.0000 16.0000 19.0000
v 1.0000 15.0000 19.0000
v 1.0000 15.0000 20.0000
v 0.0000 20.0000 20.0000
v 1.0000 20.0000 20.0000
v 1.0000 20.0000 19.0000
v 0.0000 20.0000 19.0000
v 0.0000 19.0000 20.0000
v 0.0000 19.0000 19.0000
v 1.0000 19.0000 19.0000
v 1.0000 19.0000 20.0000
v 1.0000 2.0000 18.0000
v 1.0000 7.0000 18.0000
v 1.0000 8.0000 18.0000
v 1.0000 10.0000 19.0000
v 1.0000 10.0000 18.0000
v 1.0000 11.0000 18.0000
v 1.0000 11.0000 19.0000
v 1.0000 12.0000 19.0000
v 1.0000 13.0000 19.0000
v 1.0000 13.0000 18.0000
v 1.0000 12.0000 18.0000
v 0.0000 14.0000 19.0000
v 1.0000 14.0000 18.0000
v 1.0000 14.0000 19.0000
v 1.0000 17.0000 19.0000
v 1.0000 18.0000 19.0000
v 0.0000 18.0000 19.0000
v 1.0000 20.0000 18.0000
v 1.0000 2.0000 17.0000
v 1.0000 20.0000 17.0000
v 0.0000 1.0000 17.0000
v 0.0000 1.0000 16.0000
v 1.0000 1.0000 16.0000
v 1.0000 1.0000 17.0000
v 1.0000 2.0000 16.0000
v 1.0000 20.0000 16.0000
v 1.0000 2.0000 15.0000
v 1.0000 20.0000 15.0000
v 0.0000 20.0000 15.0000
v 1.0000 19.0000 15.0000
v 1.0000 2.0000 14.0000
v 1.0000 19.0000 14.0000
v 1.0000 2.0000 13.0000
v 1.0000 19.0000 13.0000
v 1.0000 2.0000 12.0000
v 1.0000 19.0000 12.0000
v 0.0000 1.0000 12.0000
v 0.0000 1.0000 11.0000
v 1.0000 1.0000 11.0000
v 1.0000 1.0000 12.0000
v 1.0000 2.0000 11.0000
v 1.0000 20.0000 12.0000
v 1.0000 20.0000 11.0000
v 1.0000 2.0000 10.0000
v 1.0000 13.0000 10.0000
v 1.0000 12.0000 10.0000
v 1.0000 14.0000 10.0000
v 1.0000 15.0000 10.0000
v 1.0000 16.0000 10.0000
v 1.0000 20.0000 10.0000
v 1.0000 2.0000 9.0000
v 1.0000 12.0000 9.0000
v 1.0000 11.0000 9.0000
v 1.0000 16.0000 9.0000
v 1.0000 20.0000 9.0000
v 1.0000 19.0000 10.0000
v 1.0000 19.0000 9.0000
v 1.0000 -19.0000 9.0000
v 1.0000 -19.0000 8.0000
v 1.0000 -20.0000 8.0000
v 1.0000 -20.0000 9.0000
v 1.0000 1.0000 8.0000
v 1.0000 1.0000 9.0000
v 1.0000 2.0000 8.0000
v 1.0000 11.0000 8.0000
v 1.0000 12.0000 8.0000
v 1.0000 13.0000 9.0000
v 1.0000 14.0000 9.0000
v 1.0000 15.0000 9.0000
v 1.0000 20.0000 8.0000
v 1.0000 19.0000 8.0000
v 1.0000 -20.0000 7.0000
v 1.0000 -18.0000 8.0000
v 1.0000 -18.0000 7.0000
v 1.0000 -11.0000 8.0000
v 1.0000 -11.0000 7.0000
v 1.0000 -12.0000 7.0000
v 1.0000 -12.0000 8.0000
v 1.0000 -9.0000 8.0000
v 1.0000 -9.0000 7.0000
v 1.0000 -10.0000 7.0000
v 1.0000 -10.0000 8.0000
v 1.0000 1.0000 7.0000
v 1.0000 11.0000 7.0000
v 1.0000 12.0000 7.0000
v 1.0000 19.0000 7.0000
v 1.0000 -20.0000 6.0000
v 1.0000 -17.0000 7.0000
v 1.0000 -16.0000 7.0000
v 1.0000 -15.0000 7.0000
v 1.0000 -14.0000 7.0000
v 1.0000 -13.0000 7.0000
v 1.0000 -8.0000 7.0000
v 1.0000 -7.0000 7.0000
v 1.0000 -6.0000 7.0000
v 1.0000 -5.0000 7.0000
v 1.0000 -4.0000 7.0000
v 1.0000 -3.0000 7.0000
v 1.0000 -2.0000 7.0000
v 1.0000 -1.0000 7.0000
v 1.0000 0.0000 7.0000
v 1.0000 0.0000 6.0000
v 1.0000 -1.0000 6.0000
v 1.0000 1.0000 6.0000
v 1.0000 11.0000 6.0000
v 1.0000 12.0000 6.0000
v 1.0000 19.0000 6.0000
v 1.0000 -20.0000 5.0000
v 1.0000 11.0000 5.0000
v 1.0000 12.0000 5.0000
v 1.0000 19.0000 5.0000
v 1.0000 -20.0000 4.0000
v 1.0000 11.0000 4.0000
v 1.0000 12.0000 4.0000
v 1.0000 19.0000 4.0000
v 1.0000 -20.0000 3.0000
v 1.0000 11.0000 3.0000
v 1.0000 12.0000 3.0000
v 1.0000 19.0000 3.0000
v 1.0000 -20.0000 2.0000
v 1.0000 11.0000 2.0000
v 1.0000 12.0000 2.0000
v 1.0000 20.0000 3.0000
v 1.0000 20.0000 2.0000
v 1.0000 -20.0000 1.0000
v 1.0000 20.0000 1.0000
v 1.0000 -20.0000 -0.0000
v 1.0000 20.0000 -0.0000
v 0.0000 20.0000 -0.0000
v 1.0000 19.0000 -0.0000
v 1.0000 -20.0000 -1.0000
v 1.0000 13.0000 -1.0000
v 1.0000 12.0000 -1.0000
v 1.0000 14.0000 -1.0000
v 1.0000 15.0000 -1.0000
v 1.0000 16.0000 -1.0000
v 1.0000 19.0000 -1.0000
v 1.0000 -20.0000 -2.0000
v 1.0000 12.0000 -2.0000
v 1.0000 16.0000 -2.0000
v 1.0000 19.0000 -2.0000
v 1.0000 -20.0000 -3.0000
v 1.0000 12.0000 -3.0000
v 1.0000 16.0000 -3.0000
v 1.0000 20.0000 -2.0000
v 1.0000 20.0000 -3.0000
v 1.0000 19.0000 -3.0000
v 1.0000 -20.0000 -4.0000
v 1.0000 -13.0000 -4.0000
v 1.0000 -14.0000 -4.0000
v 1.0000 -12.0000 -4.0000
v 1.0000 12.0000 -4.0000
v 1.0000 16.0000 -4.0000
v 1.0000 20.0000 -4.0000
v 1.0000 -20.0000 -5.0000
v 1.0000 -14.0000 -5.0000
v 1.0000 -12.0000 -5.0000
v 1.0000 -11.0000 -5.0000
v 1.0000 -10.0000 -5.0000
v 1.0000 -9.0000 -5.0000
v 1.0000 12.0000 -5.0000
v 1.0000 16.0000 -5.0000
v 1.0000 20.0000 -5.0000
v 1.0000 19.0000 -5.0000
v 1.0000 -20.0000 -6.0000
v 1.0000 -17.0000 -6.0000
v 1.0000 -18.0000 -6.0000
v 1.0000 -16.0000 -6.0000
v 1.0000 -15.0000 -6.0000
v 1.0000 -14.0000 -6.0000
v 1.0000 -9.0000 -6.0000
v 1.0000 -8.0000 -6.0000
v 1.0000 -7.0000 -6.0000
v 1.0000 -6.0000 -6.0000
v 1.0000 -5.0000 -6.0000
v 1.0000 -4.0000 -6.0000
v 1.0000 -3.0000 -6.0000
v 1.0000 -2.0000 -6.0000
v 1.0000 -1.0000 -6.0000
v 1.0000 1.0000 -6.0000
v 1.0000 0.0000 -6.0000
v 1.0000 2.0000 -6.0000
v 1.0000 3.0000 -6.0000
v 1.0000 4.0000 -6.0000
v 1.0000 5.0000 -6.0000
v 1.0000 6.0000 -6.0000
v 1.0000 7.0000 -6.0000
v 1.0000 8.0000 -6.0000
v 1.0000 9.0000 -6.0000
v 1.0000 12.0000 -6.0000
v 1.0000 16.0000 -6.0000
v 1.0000 19.0000 -6.0000
v 1.0000 -20.0000 -7.0000
v 1.0000 -18.0000 -7.0000
v 1.0000 0.0000 -7.0000
v 0.0000 0.0000 -7.0000
v 0.0000 -1.0000 -7.0000
v 1.0000 -1.0000 -7.0000
v 1.0000 9.0000 -7.0000
v 1.0000 12.0000 -7.0000
v 1.0000 16.0000 -7.0000
v 1.0000 19.0000 -7.0000
v 1.0000 18.0000 -7.0000
v 1.0000 -20.0000 -8.0000
v 1.0000 -18.0000 -8.0000
v 1.0000 -19.0000 -8.0000
v 1.0000 0.0000 -8.0000
v 0.0000 0.0000 -8.0000
v 0.0000 -1.0000 -8.0000
v 1.0000 -1.0000 -8.0000
v 1.0000 1.0000 -8.0000
v 1.0000 1.0000 -7.0000
v 1.0000 2.0000 -7.0000
v 1.0000 3.0000 -7.0000
v 1.0000 4.0000 -7.0000
v 1.0000 5.0000 -7.0000
v 1.0000 6.0000 -7.0000
v 1.0000 7.0000 -7.0000
v 1.0000 8.0000 -7.0000
v 1.0000 12.0000 -8.0000
v 1.0000 16.0000 -8.0000
v 1.0000 18.0000 -8.0000
v 1.0000 -19.0000 -9.0000
v 1.0000 -20.0000 -9.0000
v 1.0000 1.0000 -9.0000
v 1.0000 13.0000 -8.0000
v 1.0000 14.0000 -8.0000
v 1.0000 15.0000 -8.0000
v 1.0000 19.0000 -8.0000
v 1.0000 19.0000 -9.0000
v 1.0000 -19.0000 -10.0000
v 1.0000 -20.0000 -10.0000
v 1.0000 1.0000 -10.0000
v 1.0000 2.0000 -10.0000
v 0.0000 20.0000 -9.0000
v 1.0000 20.0000 -9.0000
v 1.0000 20.0000 -10.0000
v 1.0000 19.0000 -10.0000
v 1.0000 2.0000 -11.0000
v 1.0000 7.0000 -11.0000
v 1.0000 6.0000 -11.0000
v 1.0000 20.0000 -11.0000
v 1.0000 1.0000 -12.0000
v 1.0000 1.0000 -11.0000
v 1.0000 2.0000 -12.0000
v 1.0000 5.0000 -12.0000
v 1.0000 4.0000 -12.0000
v 1.0000 6.0000 -12.0000
v 0.0000 7.0000 -12.0000
v 1.0000 7.0000 -12.0000
v 1.0000 14.0000 -12.0000
v 1.0000 13.0000 -12.0000
v 1.0000 20.0000 -12.0000
v 0.0000 20.0000 -12.0000
v 1.0000 19.0000 -12.0000
v 1.0000 1.0000 -13.0000
v 1.0000 3.0000 -13.0000
v 1.0000 2.0000 -13.0000
v 1.0000 4.0000 -13.0000
v 1.0000 6.0000 -13.0000
v 0.0000 6.0000 -13.0000
v 0.0000 5.0000 -13.0000
v 1.0000 5.0000 -13.0000
v 0.0000 7.0000 -13.0000
v 1.0000 7.0000 -13.0000
v 1.0000 8.0000 -13.0000
v 1.0000 9.0000 -13.0000
v 1.0000 11.0000 -13.0000
v 1.0000 10.0000 -13.0000
v 1.0000 12.0000 -13.0000
v 1.0000 13.0000 -13.0000
v 1.0000 14.0000 -13.0000
v 1.0000 15.0000 -13.0000
v 1.0000 17.0000 -13.0000
v 1.0000 16.0000 -13.0000
v 1.0000 18.0000 -13.0000
v 1.0000 19.0000 -13.0000
v 1.0000 2.0000 -14.0000
v 0.0000 2.0000 -14.0000
v 0.0000 1.0000 -14.0000
v 1.0000 1.0000 -14.0000
v 1.0000 4.0000 -14.0000
v 1.0000 3.0000 -14.0000
v 1.0000 10.0000 -14.0000
v 0.0000 10.0000 -14.0000
v 0.0000 9.0000 -14.0000
v 1.0000 9.0000 -14.0000
v 1.0000 16.0000 -14.0000
v 1.0000 15.0000 -14.0000
v 2.0000 2.0000 19.0000
v 2.0000 2.0000 20.0000
v 2.0000 3.0000 20.0000
v 2.0000 4.0000 20.0000
v 2.0000 5.0000 20.0000
v 2.0000 6.0000 20.0000
v 2.0000 6.0000 19.0000
v 2.0000 5.0000 19.0000
v 1.0000 12.0000 20.0000
v 2.0000 12.0000 20.0000
v 2.0000 12.0000 19.0000
v 1.0000 11.0000 20.0000
v 2.0000 11.0000 19.0000
v 2.0000 11.0000 20.0000
v 1.0000 18.0000 20.0000
v 2.0000 18.0000 20.0000
v 2.0000 18.0000 19.0000
v 1.0000 17.0000 20.0000
v 2.0000 17.0000 19.0000
v 2.0000 17.0000 20.0000
v 2.0000 2.0000 18.0000
v 2.0000 7.0000 19.0000
v 2.0000 7.0000 18.0000
v 2.0000 8.0000 18.0000
v 2.0000 8.0000 19.0000
v 2.0000 9.0000 19.0000
v 2.0000 10.0000 19.0000
v 2.0000 12.0000 18.0000
v 2.0000 13.0000 18.0000
v 2.0000 13.0000 19.0000
v 2.0000 14.0000 19.0000
v 2.0000 15.0000 19.0000
v 2.0000 16.0000 19.0000
v 2.0000 19.0000 19.0000
v 2.0000 20.0000 19.0000
v 2.0000 20.0000 18.0000
v 2.0000 2.0000 17.0000
v 2.0000 20.0000 17.0000
v 2.0000 2.0000 16.0000
v 2.0000 20.0000 16.0000
v 1.0000 1.0000 15.0000
v 2.0000 1.0000 15.0000
v 2.0000 1.0000 16.0000
v 2.0000 2.0000 15.0000
v 2.0000 20.0000 15.0000
v 2.0000 19.0000 15.0000
v 2.0000 19.0000 16.0000
v 2.0000 2.0000 14.0000
v 2.0000 19.0000 14.0000
v 2.0000 2.0000 13.0000
v 1.0000 20.0000 14.0000
v 2.0000 20.0000 14.0000
v 2.0000 20.0000 13.0000
v 1.0000 20.0000 13.0000
v 2.0000 2.0000 12.0000
v 2.0000 20.0000 12.0000
v 2.0000 19.0000 13.0000
v 2.0000 19.0000 12.0000
v 2.0000 2.0000 11.0000
v 2.0000 20.0000 11.0000
v 2.0000 2.0000 10.0000
v 2.0000 13.0000 10.0000
v 2.0000 12.0000 10.0000
v 2.0000 14.0000 10.0000
v 2.0000 15.0000 10.0000
v 2.0000 16.0000 10.0000
v 2.0000 20.0000 10.0000
v 2.0000 19.0000 10.0000
v 2.0000 2.0000 9.0000
v 2.0000 12.0000 9.0000
v 2.0000 11.0000 9.0000
v 2.0000 16.0000 9.0000
v 2.0000 19.0000 9.0000
v 2.0000 -19.0000 9.0000
v 2.0000 -19.0000 8.0000
v 2.0000 -20.0000 8.0000
v 2.0000 -20.0000 9.0000
v 2.0000 2.0000 8.0000
v 2.0000 11.0000 8.0000
v 2.0000 12.0000 8.0000
v 2.0000 13.0000 9.0000
v 2.0000 14.0000 9.0000
v 2.0000 15.0000 9.0000
v 2.0000 19.0000 8.0000
v 2.0000 -20.0000 7.0000
v 2.0000 -18.0000 8.0000
v 2.0000 -18.0000 7.0000
v 2.0000 -12.0000 7.0000
v 2.0000 -12.0000 8.0000
v 2.0000 -11.0000 8.0000
v 2.0000 -11.0000 7.0000
v 2.0000 -10.0000 8.0000
v 2.0000 -9.0000 8.0000
v 2.0000 -9.0000 7.0000
v 2.0000 1.0000 7.0000
v 2.0000 1.0000 8.0000
v 2.0000 11.0000 7.0000
v 2.0000 12.0000 7.0000
v 2.0000 19.0000 7.0000
v 2.0000 -20.0000 6.0000
v 2.0000 -17.0000 7.0000
v 2.0000 -16.0000 7.0000
v 2.0000 -15.0000 7.0000
v 2.0000 -14.0000 7.0000
v 2.0000 -13.0000 7.0000
v 2.0000 -8.0000 7.0000
v 2.0000 -7.0000 7.0000
v 2.0000 -6.0000 7.0000
v 2.0000 -5.0000 7.0000
v 2.0000 -4.0000 7.0000
v 2.0000 -3.0000 7.0000
v 2.0000 -2.0000 7.0000
v 2.0000 -1.0000 7.0000
v 2.0000 -1.0000 6.0000
v 2.0000 1.0000 6.0000
v 2.0000 11.0000 6.0000
v 2.0000 12.0000 6.0000
v 2.0000 19.0000 6.0000
v 2.0000 -20.0000 5.0000
v 2.0000 0.0000 6.0000
v 2.0000 11.0000 5.0000
v 2.0000 12.0000 5.0000
v 1.0000 20.0000 6.0000
v 2.0000 20.0000 6.0000
v 2.0000 20.0000 5.0000
v 1.0000 20.0000 5.0000
v 2.0000 19.0000 5.0000
v 2.0000 -20.0000 4.0000
v 2.0000 11.0000 4.0000
v 2.0000 12.0000 4.0000
v 2.0000 19.0000 4.0000
v 2.0000 -20.0000 3.0000
v 2.0000 11.0000 3.0000
v 2.0000 12.0000 3.0000
v 2.0000 19.0000 3.0000
v 2.0000 -20.0000 2.0000
v 2.0000 11.0000 2.0000
v 2.0000 12.0000 2.0000
v 2.0000 20.0000 3.0000
v 2.0000 20.0000 2.0000
v 2.0000 -20.0000 1.0000
v 2.0000 20.0000 1.0000
v 2.0000 -20.0000 -0.0000
v 2.0000 20.0000 -0.0000
v 2.0000 -20.0000 -1.0000
v 2.0000 13.0000 -1.0000
v 2.0000 12.0000 -1.0000
v 2.0000 14.0000 -1.0000
v 2.0000 15.0000 -1.0000
v 2.0000 16.0000 -1.0000
v 2.0000 20.0000 -1.0000
v 1.0000 20.0000 -1.0000
v 2.0000 19.0000 -1.0000
v 2.0000 -20.0000 -2.0000
v 2.0000 12.0000 -2.0000
v 2.0000 16.0000 -2.0000
v 2.0000 19.0000 -2.0000
v 2.0000 -20.0000 -3.0000
v 2.0000 12.0000 -3.0000
v 2.0000 16.0000 -3.0000
v 2.0000 19.0000 -3.0000
v 2.0000 -20.0000 -4.0000
v 2.0000 -13.0000 -4.0000
v 2.0000 -14.0000 -4.0000
v 2.0000 -12.0000 -4.0000
v 2.0000 12.0000 -4.0000
v 2.0000 16.0000 -4.0000
v 2.0000 20.0000 -3.0000
v 2.0000 20.0000 -4.0000
v 2.0000 -20.0000 -5.0000
v 2.0000 -14.0000 -5.0000
v 2.0000 -12.0000 -5.0000
v 2.0000 -11.0000 -5.0000
v 2.0000 -10.0000 -5.0000
v 2.0000 -9.0000 -5.0000
v 2.0000 12.0000 -5.0000
v 2.0000 16.0000 -5.0000
v 2.0000 20.0000 -5.0000
v 2.0000 19.0000 -5.0000
v 2.0000 -20.0000 -6.0000
v 2.0000 -17.0000 -6.0000
v 2.0000 -18.0000 -6.0000
v 2.0000 -16.0000 -6.0000
v 2.0000 -15.0000 -6.0000
v 2.0000 -14.0000 -6.0000
v 2.0000 -9.0000 -6.0000
v 2.0000 -8.0000 -6.0000
v 2.0000 -7.0000 -6.0000
v 2.0000 -6.0000 -6.0000
v 2.0000 -5.0000 -6.0000
v 2.0000 -4.0000 -6.0000
v 2.0000 -3.0000 -6.0000
v 2.0000 -2.0000 -6.0000
v 2.0000 -1.0000 -6.0000
v 2.0000 1.0000 -6.0000
v 2.0000 0.0000 -6.0000
v 2.0000 2.0000 -6.0000
v 2.0000 3.0000 -6.0000
v 2.0000 4.0000 -6.0000
v 2.0000 5.0000 -6.0000
v 2.0000 6.0000 -6.0000
v 2.0000 7.0000 -6.0000
v 2.0000 8.0000 -6.0000
v 2.0000 9.0000 -6.0000
v 2.0000 12.0000 -6.0000
v 2.0000 16.0000 -6.0000
v 2.0000 19.0000 -6.0000
v 2.0000 -20.0000 -7.0000
v 2.0000 -18.0000 -7.0000
v 2.0000 0.0000 -7.0000
v 2.0000 -1.0000 -7.0000
v 2.0000 9.0000 -7.0000
v 2.0000 12.0000 -7.0000
v 2.0000 16.0000 -7.0000
v 1.0000 20.0000 -6.0000
v 2.0000 20.0000 -6.0000
v 2.0000 20.0000 -7.0000
v 1.0000 20.0000 -7.0000
v 2.0000 19.0000 -7.0000
v 2.0000 -20.0000 -8.0000
v 2.0000 -18.0000 -8.0000
v 2.0000 -19.0000 -8.0000
v 2.0000 0.0000 -8.0000
v 2.0000 -1.0000 -8.0000
v 2.0000 1.0000 -8.0000
v 2.0000 1.0000 -7.0000
v 2.0000 2.0000 -7.0000
v 2.0000 3.0000 -7.0000
v 2.0000 4.0000 -7.0000
v 2.0000 5.0000 -7.0000
v 2.0000 6.0000 -7.0000
v 2.0000 7.0000 -7.0000
v 2.0000 8.0000 -7.0000
v 2.0000 12.0000 -8.0000
v 2.0000 16.0000 -8.0000
v 2.0000 19.0000 -8.0000
v 2.0000 -19.0000 -9.0000
v 2.0000 -20.0000 -9.0000
v 2.0000 1.0000 -9.0000
v 2.0000 13.0000 -8.0000
v 2.0000 14.0000 -8.0000
v 2.0000 15.0000 -8.0000
v 2.0000 19.0000 -9.0000
v 2.0000 -19.0000 -10.0000
v 2.0000 -20.0000 -10.0000
v 2.0000 1.0000 -10.0000
v 2.0000 2.0000 -10.0000
v 2.0000 19.0000 -10.0000
v 2.0000 2.0000 -11.0000
v 2.0000 20.0000 -10.0000
v 2.0000 20.0000 -11.0000
v 2.0000 2.0000 -12.0000
v 2.0000 6.0000 -12.0000
v 2.0000 5.0000 -12.0000
v 2.0000 7.0000 -12.0000
v 2.0000 20.0000 -12.0000
v 2.0000 1.0000 -13.0000
v 2.0000 1.0000 -12.0000
v 2.0000 2.0000 -13.0000
v 2.0000 3.0000 -13.0000
v 2.0000 5.0000 -13.0000
v 2.0000 4.0000 -13.0000
v 2.0000 7.0000 -13.0000
v 2.0000 8.0000 -13.0000
v 2.0000 9.0000 -13.0000
v 2.0000 10.0000 -13.0000
v 2.0000 12.0000 -13.0000
v 2.0000 11.0000 -13.0000
v 2.0000 13.0000 -13.0000
v 2.0000 14.0000 -13.0000
v 2.0000 15.0000 -13.0000
v 2.0000 16.0000 -13.0000
v 2.0000 17.0000 -13.0000
v 2.0000 18.0000 -13.0000
v 2.0000 19.0000 -13.0000
v 2.0000 20.0000 -13.0000
v 1.0000 20.0000 -13.0000
v 2.0000 19.0000 -12.0000
v 2.0000 2.0000 -14.0000
v 2.0000 1.0000 -14.0000
v 2.0000 4.0000 -14.0000
v 2.0000 3.0000 -14.0000
v 2.0000 11.0000 -14.0000
v 1.0000 11.0000 -14.0000
v 2.0000 10.0000 -14.0000
v 3.0000 2.0000 19.0000
v 3.0000 2.0000 20.0000
v 3.0000 3.0000 20.0000
v 3.0000 4.0000 20.0000
v 3.0000 5.0000 20.0000
v 3.0000 5.0000 19.0000
v 3.0000 4.0000 19.0000
v 2.0000 9.0000 20.0000
v 3.0000 9.0000 20.0000
v 3.0000 9.0000 19.0000
v 2.0000 8.0000 20.0000
v 3.0000 8.0000 19.0000
v 3.0000 8.0000 20.0000
v 2.0000 13.0000 20.0000
v 3.0000 13.0000 19.0000
v 3.0000 13.0000 20.0000
v 3.0000 14.0000 20.0000
v 2.0000 14.0000 20.0000
v 2.0000 15.0000 20.0000
v 3.0000 15.0000 20.0000
v 3.0000 15.0000 19.0000
v 3.0000 2.0000 18.0000
v 3.0000 6.0000 19.0000
v 3.0000 7.0000 19.0000
v 3.0000 10.0000 19.0000
v 3.0000 11.0000 19.0000
v 3.0000 12.0000 19.0000
v 3.0000 12.0000 18.0000
v 3.0000 13.0000 18.0000
v 3.0000 16.0000 19.0000
v 3.0000 17.0000 19.0000
v 3.0000 18.0000 19.0000
v 3.0000 19.0000 19.0000
v 3.0000 20.0000 19.0000
v 3.0000 20.0000 18.0000
v 3.0000 19.0000 18.0000
v 3.0000 2.0000 17.0000
v 3.0000 20.0000 17.0000
v 3.0000 19.0000 17.0000
v 3.0000 2.0000 16.0000
v 3.0000 20.0000 16.0000
v 3.0000 19.0000 16.0000
v 3.0000 1.0000 15.0000
v 3.0000 1.0000 16.0000
v 3.0000 2.0000 15.0000
v 3.0000 19.0000 15.0000
v 3.0000 2.0000 14.0000
v 3.0000 20.0000 15.0000
v 3.0000 20.0000 14.0000
v 3.0000 2.0000 13.0000
v 3.0000 3.0000 13.0000
v 3.0000 3.0000 14.0000
v 3.0000 20.0000 13.0000
v 3.0000 19.0000 13.0000
v 3.0000 2.0000 12.0000
v 3.0000 19.0000 12.0000
v 3.0000 2.0000 11.0000
v 3.0000 20.0000 12.0000
v 3.0000 20.0000 11.0000
v 3.0000 2.0000 10.0000
v 3.0000 20.0000 10.0000
v 3.0000 19.0000 10.0000
v 3.0000 2.0000 9.0000
v 3.0000 11.0000 10.0000
v 3.0000 11.0000 9.0000
v 3.0000 12.0000 9.0000
v 3.0000 12.0000 10.0000
v 3.0000 13.0000 9.0000
v 3.0000 13.0000 10.0000
v 3.0000 14.0000 9.0000
v 3.0000 14.0000 10.0000
v 3.0000 15.0000 9.0000
v 3.0000 15.0000 10.0000
v 3.0000 16.0000 9.0000
v 3.0000 16.0000 10.0000
v 3.0000 19.0000 9.0000
v 3.0000 -19.0000 9.0000
v 3.0000 -19.0000 8.0000
v 3.0000 -20.0000 8.0000
v 3.0000 -20.0000 9.0000
v 3.0000 2.0000 8.0000
v 3.0000 11.0000 8.0000
v 3.0000 12.0000 8.0000
v 2.0000 20.0000 9.0000
v 3.0000 20.0000 9.0000
v 3.0000 20.0000 8.0000
v 2.0000 20.0000 8.0000
v 3.0000 19.0000 8.0000
v 3.0000 -20.0000 7.0000
v 3.0000 -18.0000 8.0000
v 3.0000 -18.0000 7.0000
v 3.0000 -11.0000 7.0000
v 3.0000 -11.0000 8.0000
v 3.0000 -10.0000 8.0000
v 3.0000 -10.0000 7.0000
v 3.0000 -9.0000 8.0000
v 3.0000 -9.0000 7.0000
v 3.0000 1.0000 7.0000
v 3.0000 1.0000 8.0000
v 3.0000 11.0000 7.0000
v 3.0000 12.0000 7.0000
v 3.0000 19.0000 7.0000
v 3.0000 -20.0000 6.0000
v 3.0000 -17.0000 7.0000
v 3.0000 -16.0000 7.0000
v 3.0000 -15.0000 7.0000
v 3.0000 -14.0000 7.0000
v 3.0000 -13.0000 7.0000
v 3.0000 -12.0000 7.0000
v 3.0000 -8.0000 7.0000
v 3.0000 -7.0000 7.0000
v 3.0000 -6.0000 7.0000
v 3.0000 -5.0000 7.0000
v 3.0000 -4.0000 7.0000
v 3.0000 -3.0000 7.0000
v 3.0000 -2.0000 7.0000
v 3.0000 -1.0000 7.0000
v 3.0000 -1.0000 6.0000
v 2.0000 0.0000 7.0000
v 3.0000 0.0000 6.0000
v 3.0000 0.0000 7.0000
v 3.0000 11.0000 6.0000
v 3.0000 12.0000 6.0000
v 3.0000 19.0000 6.0000
v 3.0000 -20.0000 5.0000
v 3.0000 11.0000 5.0000
v 3.0000 12.0000 5.0000
v 3.0000 20.0000 6.0000
v 3.0000 20.0000 5.0000
v 3.0000 -20.0000 4.0000
v 3.0000 11.0000 4.0000
v 3.0000 12.0000 4.0000
v 3.0000 20.0000 4.0000
v 2.0000 20.0000 4.0000
v 3.0000 19.0000 4.0000
v 3.0000 19.0000 5.0000
v 3.0000 -20.0000 3.0000
v 3.0000 11.0000 3.0000
v 3.0000 12.0000 3.0000
v 3.0000 19.0000 3.0000
v 3.0000 -20.0000 2.0000
v 3.0000 11.0000 2.0000
v 3.0000 12.0000 2.0000
v 3.0000 20.0000 3.0000
v 3.0000 20.0000 2.0000
v 3.0000 19.0000 2.0000
v 3.0000 -20.0000 1.0000
v 3.0000 20.0000 1.0000
v 3.0000 -20.0000 -0.0000
v 3.0000 20.0000 -0.0000
v 3.0000 -20.0000 -1.0000
v 3.0000 20.0000 -1.0000
v 3.0000 19.0000 -1.0000
v 3.0000 -20.0000 -2.0000
v 3.0000 12.0000 -1.0000
v 3.0000 12.0000 -2.0000
v 3.0000 13.0000 -2.0000
v 3.0000 13.0000 -1.0000
v 2.0000 13.0000 -2.0000
v 3.0000 14.0000 -2.0000
v 3.0000 14.0000 -1.0000
v 2.0000 14.0000 -2.0000
v 3.0000 15.0000 -2.0000
v 3.0000 15.0000 -1.0000
v 2.0000 15.0000 -2.0000
v 3.0000 16.0000 -2.0000
v 3.0000 16.0000 -1.0000
v 3.0000 19.0000 -2.0000
v 3.0000 -20.0000 -3.0000
v 3.0000 1.0000 -2.0000
v 3.0000 1.0000 -3.0000
v 3.0000 2.0000 -3.0000
v 3.0000 2.0000 -2.0000
v 2.0000 13.0000 -3.0000
v 3.0000 13.0000 -3.0000
v 3.0000 14.0000 -3.0000
v 2.0000 14.0000 -3.0000
v 3.0000 15.0000 -3.0000
v 2.0000 15.0000 -3.0000
v 3.0000 16.0000 -3.0000
v 3.0000 19.0000 -3.0000
v 3.0000 -20.0000 -4.0000
v 3.0000 -13.0000 -4.0000
v 3.0000 -14.0000 -4.0000
v 3.0000 -12.0000 -4.0000
v 3.0000 1.0000 -4.0000
v 3.0000 2.0000 -4.0000
v 2.0000 13.0000 -4.0000
v 3.0000 13.0000 -4.0000
v 3.0000 14.0000 -4.0000
v 2.0000 14.0000 -4.0000
v 3.0000 15.0000 -4.0000
v 2.0000 15.0000 -4.0000
v 3.0000 16.0000 -4.0000
v 3.0000 20.0000 -3.0000
v 3.0000 20.0000 -4.0000
v 3.0000 19.0000 -4.0000
v 3.0000 -20.0000 -5.0000
v 3.0000 -14.0000 -5.0000
v 3.0000 -12.0000 -5.0000
v 3.0000 -11.0000 -5.0000
v 3.0000 -10.0000 -5.0000
v 3.0000 -9.0000 -5.0000
v 2.0000 13.0000 -5.0000
v 3.0000 13.0000 -5.0000
v 3.0000 14.0000 -5.0000
v 2.0000 14.0000 -5.0000
v 3.0000 15.0000 -5.0000
v 2.0000 15.0000 -5.0000
v 3.0000 16.0000 -5.0000
v 3.0000 20.0000 -5.0000
v 3.0000 19.0000 -5.0000
v 3.0000 -20.0000 -6.0000
v 3.0000 -17.0000 -6.0000
v 3.0000 -18.0000 -6.0000
v 3.0000 -16.0000 -6.0000
v 3.0000 -15.0000 -6.0000
v 3.0000 -14.0000 -6.0000
v 3.0000 -9.0000 -6.0000
v 3.0000 -8.0000 -6.0000
v 3.0000 -7.0000 -6.0000
v 3.0000 -6.0000 -6.0000
v 3.0000 -7.0000 -5.0000
v 3.0000 -6.0000 -5.0000
v 3.0000 -5.0000 -6.0000
v 3.0000 -5.0000 -5.0000
v 3.0000 -4.0000 -6.0000
v 3.0000 -3.0000 -6.0000
v 3.0000 -2.0000 -6.0000
v 3.0000 -1.0000 -6.0000
v 3.0000 1.0000 -6.0000
v 3.0000 0.0000 -6.0000
v 3.0000 2.0000 -6.0000
v 3.0000 3.0000 -6.0000
v 3.0000 4.0000 -6.0000
v 3.0000 5.0000 -6.0000
v 3.0000 6.0000 -6.0000
v 3.0000 7.0000 -6.0000
v 3.0000 8.0000 -6.0000
v 3.0000 9.0000 -6.0000
v 3.0000 12.0000 -5.0000
v 3.0000 12.0000 -6.0000
v 3.0000 13.0000 -6.0000
v 2.0000 13.0000 -6.0000
v 3.0000 14.0000 -6.0000
v 2.0000 14.0000 -6.0000
v 3.0000 15.0000 -6.0000
v 2.0000 15.0000 -6.0000
v 3.0000 16.0000 -6.0000
v 3.0000 19.0000 -6.0000
v 3.0000 -20.0000 -7.0000
v 3.0000 -18.0000 -7.0000
v 3.0000 0.0000 -7.0000
v 3.0000 -1.0000 -7.0000
v 3.0000 9.0000 -7.0000
v 2.0000 13.0000 -7.0000
v 2.0000 14.0000 -7.0000
v 2.0000 15.0000 -7.0000
v 3.0000 19.0000 -7.0000
v 3.0000 -20.0000 -8.0000
v 3.0000 -18.0000 -8.0000
v 3.0000 -19.0000 -8.0000
v 3.0000 0.0000 -8.0000
v 3.0000 -1.0000 -8.0000
v 3.0000 1.0000 -8.0000
v 3.0000 1.0000 -7.0000
v 3.0000 2.0000 -7.0000
v 3.0000 3.0000 -7.0000
v 3.0000 4.0000 -7.0000
v 3.0000 5.0000 -7.0000
v 3.0000 6.0000 -7.0000
v 3.0000 7.0000 -7.0000
v 3.0000 8.0000 -7.0000
v 3.0000 19.0000 -8.0000
v 3.0000 -19.0000 -9.0000
v 3.0000 -20.0000 -9.0000
v 3.0000 1.0000 -9.0000
v 3.0000 19.0000 -9.0000
v 3.0000 -19.0000 -10.0000
v 3.0000 -20.0000 -10.0000
v 3.0000 1.0000 -10.0000
v 3.0000 19.0000 -10.0000
v 2.0000 1.0000 -11.0000
v 3.0000 1.0000 -11.0000
v 3.0000 2.0000 -11.0000
v 3.0000 20.0000 -10.0000
v 3.0000 20.0000 -11.0000
v 3.0000 19.0000 -11.0000
v 3.0000 2.0000 -12.0000
v 3.0000 6.0000 -12.0000
v 3.0000 5.0000 -12.0000
v 3.0000 20.0000 -12.0000
v 3.0000 19.0000 -12.0000
v 3.0000 2.0000 -13.0000
v 3.0000 3.0000 -13.0000
v 3.0000 5.0000 -13.0000
v 3.0000 4.0000 -13.0000
v 2.0000 6.0000 -13.0000
v 3.0000 6.0000 -13.0000
v 3.0000 7.0000 -13.0000
v 3.0000 8.0000 -13.0000
v 3.0000 9.0000 -13.0000
v 3.0000 10.0000 -13.0000
v 3.0000 14.0000 -13.0000
v 3.0000 13.0000 -13.0000
v 3.0000 15.0000 -13.0000
v 3.0000 14.0000 -12.0000
v 3.0000 15.0000 -12.0000
v 3.0000 16.0000 -13.0000
v 3.0000 17.0000 -13.0000
v 3.0000 19.0000 -13.0000
v 3.0000 2.0000 -14.0000
v 3.0000 1.0000 -14.0000
v 3.0000 1.0000 -13.0000
v 3.0000 4.0000 -14.0000
v 3.0000 3.0000 -14.0000
v 3.0000 10.0000 -14.0000
v 3.0000 11.0000 -14.0000
v 3.0000 11.0000 -13.0000
v 2.0000 12.0000 -14.0000
v 3.0000 12.0000 -14.0000
v 3.0000 13.0000 -14.0000
v 2.0000 13.0000 -14.0000
v 2.0000 17.0000 -14.0000
v 3.0000 17.0000 -14.0000
v 2.0000 18.0000 -14.0000
v 3.0000 18.0000 -14.0000
v 3.0000 18.0000 -13.0000
v 3.0000 19.0000 -14.0000
v 2.0000 19.0000 -14.0000
v 4.0000 2.0000 19.0000
v 4.0000 2.0000 20.0000
v 4.0000 3.0000 20.0000
v 4.0000 4.0000 20.0000
v 4.0000 4.0000 19.0000
v 4.0000 3.0000 19.0000
v 4.0000 5.0000 19.0000
v 4.0000 5.0000 20.0000
v 4.0000 6.0000 20.0000
v 3.0000 6.0000 20.0000
v 4.0000 6.0000 19.0000
v 3.0000 7.0000 20.0000
v 4.0000 7.0000 20.0000
v 4.0000 7.0000 19.0000
v 4.0000 9.0000 19.0000
v 4.0000 9.0000 20.0000
v 4.0000 10.0000 20.0000
v 3.0000 10.0000 20.0000
v 3.0000 11.0000 20.0000
v 4.0000 11.0000 20.0000
v 4.0000 11.0000 19.0000
v 4.0000 13.0000 19.0000
v 4.0000 13.0000 20.0000
v 4.0000 14.0000 20.0000
v 4.0000 15.0000 20.0000
v 4.0000 15.0000 19.0000
v 4.0000 14.0000 19.0000
v 3.0000 17.0000 20.0000
v 4.0000 17.0000 20.0000
v 4.0000 17.0000 19.0000
v 3.0000 16.0000 20.0000
v 4.0000 16.0000 19.0000
v 4.0000 16.0000 20.0000
v 4.0000 2.0000 18.0000
v 4.0000 8.0000 19.0000
v 4.0000 12.0000 19.0000
v 4.0000 12.0000 18.0000
v 4.0000 13.0000 18.0000
v 4.0000 18.0000 19.0000
v 4.0000 19.0000 19.0000
v 4.0000 19.0000 18.0000
v 4.0000 2.0000 17.0000
v 4.0000 19.0000 17.0000
v 4.0000 2.0000 16.0000
v 4.0000 20.0000 17.0000
v 4.0000 20.0000 16.0000
v 4.0000 19.0000 16.0000
v 4.0000 2.0000 15.0000
v 4.0000 19.0000 15.0000
v 4.0000 2.0000 14.0000
v 4.0000 3.0000 14.0000
v 4.0000 20.0000 15.0000
v 4.0000 20.0000 14.0000
v 4.0000 3.0000 13.0000
v 4.0000 20.0000 13.0000
v 4.0000 19.0000 13.0000
v 4.0000 19.0000 14.0000
v 4.0000 2.0000 12.0000
v 4.0000 2.0000 13.0000
v 4.0000 3.0000 12.0000
v 4.0000 19.0000 12.0000
v 4.0000 2.0000 11.0000
v 4.0000 3.0000 11.0000
v 4.0000 20.0000 12.0000
v 4.0000 20.0000 11.0000
v 3.0000 1.0000 11.0000
v 3.0000 1.0000 10.0000
v 4.0000 1.0000 10.0000
v 4.0000 1.0000 11.0000
v 4.0000 2.0000 10.0000
v 4.0000 12.0000 10.0000
v 4.0000 11.0000 10.0000
v 4.0000 13.0000 10.0000
v 4.0000 14.0000 10.0000
v 4.0000 15.0000 10.0000
v 4.0000 16.0000 10.0000
v 4.0000 20.0000 10.0000
v 3.0000 1.0000 9.0000
v 4.0000 1.0000 9.0000
v 4.0000 11.0000 9.0000
v 4.0000 16.0000 9.0000
v 4.0000 20.0000 9.0000
v 4.0000 19.0000 9.0000
v 4.0000 -19.0000 9.0000
v 4.0000 -19.0000 8.0000
v 4.0000 -20.0000 8.0000
v 4.0000 -20.0000 9.0000
v 4.0000 1.0000 8.0000
v 4.0000 11.0000 8.0000
v 4.0000 12.0000 8.0000
v 4.0000 12.0000 9.0000
v 4.0000 13.0000 9.0000
v 4.0000 14.0000 9.0000
v 4.0000 15.0000 9.0000
v 4.0000 19.0000 8.0000
v 4.0000 -20.0000 7.0000
v 4.0000 -18.0000 8.0000
v 4.0000 -18.0000 7.0000
v 4.0000 1.0000 7.0000
v 4.0000 11.0000 7.0000
v 4.0000 12.0000 7.0000
v 4.0000 19.0000 7.0000
v 4.0000 -20.0000 6.0000
v 4.0000 -17.0000 7.0000
v 4.0000 -16.0000 7.0000
v 4.0000 -15.0000 7.0000
v 4.0000 -14.0000 7.0000
v 4.0000 -13.0000 7.0000
v 4.0000 -12.0000 7.0000
v 4.0000 -11.0000 7.0000
v 4.0000 -10.0000 7.0000
v 4.0000 -9.0000 7.0000
v 4.0000 -8.0000 7.0000
v 4.0000 -7.0000 7.0000
v 4.0000 -6.0000 7.0000
v 4.0000 -5.0000 7.0000
v 4.0000 -4.0000 7.0000
v 4.0000 -3.0000 7.0000
v 4.0000 -2.0000 7.0000
v 4.0000 -1.0000 7.0000
v 4.0000 -1.0000 6.0000
v 4.0000 0.0000 6.0000
v 4.0000 0.0000 7.0000
v 4.0000 1.0000 6.0000
v 4.0000 11.0000 6.0000
v 4.0000 12.0000 6.0000
v 3.0000 20.0000 7.0000
v 4.0000 20.0000 7.0000
v 4.0000 20.0000 6.0000
v 4.0000 -20.0000 5.0000
v 4.0000 11.0000 5.0000
v 4.0000 12.0000 5.0000
v 4.0000 20.0000 5.0000
v 4.0000 19.0000 5.0000
v 4.0000 -20.0000 4.0000
v 4.0000 11.0000 4.0000
v 4.0000 12.0000 4.0000
v 4.0000 19.0000 4.0000
v 4.0000 -20.0000 3.0000
v 4.0000 11.0000 3.0000
v 4.0000 12.0000 3.0000
v 4.0000 19.0000 3.0000
v 4.0000 -20.0000 2.0000
v 4.0000 11.0000 2.0000
v 4.0000 12.0000 2.0000
v 4.0000 19.0000 2.0000
v 4.0000 -20.0000 1.0000
v 4.0000 20.0000 2.0000
v 4.0000 20.0000 1.0000
v 4.0000 -20.0000 -0.0000
v 4.0000 20.0000 -0.0000
v 4.0000 -20.0000 -1.0000
v 4.0000 13.0000 -1.0000
v 4.0000 12.0000 -1.0000
v 4.0000 14.0000 -1.0000
v 4.0000 15.0000 -1.0000
v 4.0000 16.0000 -1.0000
v 4.0000 20.0000 -1.0000
v 4.0000 19.0000 -1.0000
v 4.0000 -20.0000 -2.0000
v 4.0000 2.0000 -2.0000
v 4.0000 1.0000 -2.0000
v 4.0000 12.0000 -2.0000
v 4.0000 16.0000 -2.0000
v 4.0000 19.0000 -2.0000
v 4.0000 -20.0000 -3.0000
v 4.0000 1.0000 -3.0000
v 4.0000 2.0000 -3.0000
v 4.0000 13.0000 -2.0000
v 4.0000 13.0000 -3.0000
v 4.0000 16.0000 -3.0000
v 4.0000 19.0000 -3.0000
v 4.0000 -20.0000 -4.0000
v 4.0000 1.0000 -4.0000
v 4.0000 2.0000 -4.0000
v 4.0000 13.0000 -4.0000
v 4.0000 16.0000 -4.0000
v 4.0000 19.0000 -4.0000
v 4.0000 -20.0000 -5.0000
v 3.0000 -13.0000 -5.0000
v 4.0000 -13.0000 -5.0000
v 4.0000 -14.0000 -5.0000
v 4.0000 -12.0000 -5.0000
v 4.0000 -11.0000 -5.0000
v 4.0000 -10.0000 -5.0000
v 4.0000 -9.0000 -5.0000
v 4.0000 -6.0000 -5.0000
v 4.0000 -7.0000 -5.0000
v 4.0000 -5.0000 -5.0000
v 4.0000 13.0000 -5.0000
v 4.0000 12.0000 -5.0000
v 4.0000 16.0000 -5.0000
v 4.0000 20.0000 -4.0000
v 4.0000 20.0000 -5.0000
v 4.0000 19.0000 -5.0000
v 4.0000 -20.0000 -6.0000
v 4.0000 -17.0000 -6.0000
v 4.0000 -18.0000 -6.0000
v 4.0000 -16.0000 -6.0000
v 4.0000 -15.0000 -6.0000
v 4.0000 -14.0000 -6.0000
v 4.0000 -9.0000 -6.0000
v 4.0000 -8.0000 -6.0000
v 4.0000 -7.0000 -6.0000
v 4.0000 -5.0000 -6.0000
v 4.0000 -4.0000 -6.0000
v 4.0000 -3.0000 -6.0000
v 4.0000 -2.0000 -6.0000
v 4.0000 -1.0000 -6.0000
v 4.0000 1.0000 -6.0000
v 4.0000 0.0000 -6.0000
v 4.0000 2.0000 -6.0000
v 4.0000 3.0000 -6.0000
v 4.0000 4.0000 -6.0000
v 4.0000 5.0000 -6.0000
v 4.0000 6.0000 -6.0000
v 4.0000 7.0000 -6.0000
v 4.0000 8.0000 -6.0000
v 4.0000 9.0000 -6.0000
v 4.0000 12.0000 -6.0000
v 4.0000 16.0000 -6.0000
v 4.0000 19.0000 -6.0000
v 4.0000 -20.0000 -7.0000
v 4.0000 -18.0000 -7.0000
v 4.0000 0.0000 -7.0000
v 4.0000 -1.0000 -7.0000
v 4.0000 9.0000 -7.0000
v 4.0000 13.0000 -6.0000
v 4.0000 14.0000 -6.0000
v 4.0000 15.0000 -6.0000
v 4.0000 19.0000 -7.0000
v 4.0000 -20.0000 -8.0000
v 4.0000 -18.0000 -8.0000
v 4.0000 -19.0000 -8.0000
v 4.0000 0.0000 -8.0000
v 4.0000 -1.0000 -8.0000
v 4.0000 1.0000 -8.0000
v 4.0000 1.0000 -7.0000
v 4.0000 2.0000 -7.0000
v 4.0000 3.0000 -7.0000
v 4.0000 4.0000 -7.0000
v 4.0000 5.0000 -7.0000
v 4.0000 6.0000 -7.0000
v 4.0000 7.0000 -7.0000
v 4.0000 8.0000 -7.0000
v 4.0000 19.0000 -8.0000
v 4.0000 -19.0000 -9.0000
v 4.0000 -20.0000 -9.0000
v 4.0000 1.0000 -9.0000
v 4.0000 19.0000 -9.0000
v 4.0000 -19.0000 -10.0000
v 4.0000 -20.0000 -10.0000
v 4.0000 1.0000 -10.0000
v 4.0000 19.0000 -10.0000
v 4.0000 1.0000 -11.0000
v 4.0000 19.0000 -11.0000
v 3.0000 1.0000 -12.0000
v 4.0000 1.0000 -12.0000
v 4.0000 2.0000 -12.0000
v 4.0000 15.0000 -12.0000
v 4.0000 14.0000 -12.0000
v 4.0000 20.0000 -11.0000
v 4.0000 20.0000 -12.0000
v 4.0000 19.0000 -12.0000
v 4.0000 2.0000 -13.0000
v 4.0000 3.0000 -13.0000
v 4.0000 5.0000 -13.0000
v 4.0000 4.0000 -13.0000
v 4.0000 6.0000 -13.0000
v 4.0000 7.0000 -13.0000
v 4.0000 9.0000 -13.0000
v 4.0000 8.0000 -13.0000
v 4.0000 10.0000 -13.0000
v 4.0000 11.0000 -13.0000
v 4.0000 14.0000 -13.0000
v 4.0000 13.0000 -13.0000
v 4.0000 15.0000 -13.0000
v 4.0000 16.0000 -13.0000
v 4.0000 16.0000 -12.0000
v 4.0000 17.0000 -13.0000
v 4.0000 18.0000 -13.0000
v 4.0000 19.0000 -13.0000
v 4.0000 4.0000 -14.0000
v 4.0000 3.0000 -14.0000
v 4.0000 8.0000 -14.0000
v 3.0000 8.0000 -14.0000
v 3.0000 7.0000 -14.0000
v 4.0000 7.0000 -14.0000
v 4.0000 11.0000 -14.0000
v 4.0000 12.0000 -14.0000
v 4.0000 13.0000 -14.0000
v 4.0000 19.0000 -14.0000
v 4.0000 18.0000 -14.0000
v 4.0000 1.0000 20.0000
v 4.0000 1.0000 19.0000
v 5.0000 1.0000 19.0000
v 5.0000 1.0000 20.0000
v 5.0000 2.0000 20.0000
v 5.0000 2.0000 19.0000
v 5.0000 3.0000 20.0000
v 5.0000 3.0000 19.0000
v 4.0000 8.0000 20.0000
v 5.0000 8.0000 19.0000
v 5.0000 8.0000 20.0000
v 5.0000 9.0000 20.0000
v 5.0000 9.0000 19.0000
v 5.0000 10.0000 20.0000
v 5.0000 11.0000 20.0000
v 5.0000 11.0000 19.0000
v 5.0000 14.0000 20.0000
v 5.0000 14.0000 19.0000
v 5.0000 13.0000 19.0000
v 5.0000 13.0000 20.0000
v 5.0000 16.0000 19.0000
v 5.0000 16.0000 20.0000
v 5.0000 17.0000 20.0000
v 4.0000 18.0000 20.0000
v 5.0000 18.0000 20.0000
v 5.0000 18.0000 19.0000
v 5.0000 2.0000 18.0000
v 5.0000 4.0000 19.0000
v 5.0000 5.0000 19.0000
v 5.0000 6.0000 19.0000
v 5.0000 7.0000 19.0000
v 5.0000 12.0000 19.0000
v 5.0000 15.0000 19.0000
v 5.0000 14.0000 18.0000
v 5.0000 15.0000 18.0000
v 5.0000 16.0000 18.0000
v 5.0000 19.0000 19.0000
v 4.0000 20.0000 19.0000
v 5.0000 20.0000 19.0000
v 5.0000 20.0000 18.0000
v 4.0000 20.0000 18.0000
v 5.0000 19.0000 18.0000
v 5.0000 2.0000 17.0000
v 5.0000 19.0000 17.0000
v 5.0000 2.0000 16.0000
v 5.0000 20.0000 17.0000
v 5.0000 20.0000 16.0000
v 5.0000 19.0000 16.0000
v 5.0000 2.0000 15.0000
v 5.0000 20.0000 15.0000
v 5.0000 2.0000 14.0000
v 5.0000 3.0000 14.0000
v 5.0000 20.0000 14.0000
v 5.0000 19.0000 14.0000
v 5.0000 3.0000 13.0000
v 5.0000 19.0000 13.0000
v 5.0000 3.0000 12.0000
v 5.0000 19.0000 12.0000
v 5.0000 3.0000 11.0000
v 5.0000 20.0000 12.0000
v 5.0000 20.0000 11.0000
v 5.0000 2.0000 10.0000
v 5.0000 2.0000 11.0000
v 5.0000 12.0000 10.0000
v 5.0000 11.0000 10.0000
v 5.0000 13.0000 10.0000
v 5.0000 14.0000 10.0000
v 5.0000 15.0000 10.0000
v 5.0000 16.0000 10.0000
v 5.0000 20.0000 10.0000
v 5.0000 1.0000 9.0000
v 5.0000 1.0000 10.0000
v 5.0000 11.0000 9.0000
v 5.0000 16.0000 9.0000
v 5.0000 20.0000 9.0000
v 5.0000 19.0000 9.0000
v 5.0000 19.0000 10.0000
v 5.0000 -19.0000 9.0000
v 5.0000 -19.0000 8.0000
v 5.0000 -20.0000 8.0000
v 5.0000 -20.0000 9.0000
v 5.0000 1.0000 8.0000
v 5.0000 11.0000 8.0000
v 5.0000 12.0000 8.0000
v 5.0000 12.0000 9.0000
v 5.0000 13.0000 9.0000
v 5.0000 14.0000 9.0000
v 5.0000 15.0000 9.0000
v 5.0000 19.0000 8.0000
v 5.0000 -20.0000 7.0000
v 5.0000 -18.0000 8.0000
v 5.0000 -18.0000 7.0000
v 5.0000 1.0000 7.0000
v 5.0000 11.0000 7.0000
v 5.0000 12.0000 7.0000
v 5.0000 19.0000 7.0000
v 5.0000 -20.0000 6.0000
v 5.0000 -17.0000 7.0000
v 5.0000 -16.0000 7.0000
v 5.0000 -15.0000 7.0000
v 5.0000 -14.0000 7.0000
v 5.0000 -13.0000 7.0000
v 5.0000 -12.0000 7.0000
v 5.0000 -11.0000 7.0000
v 5.0000 -10.0000 7.0000
v 5.0000 -9.0000 7.0000
v 5.0000 -8.0000 7.0000
v 5.0000 -7.0000 7.0000
v 5.0000 -6.0000 7.0000
v 5.0000 -5.0000 7.0000
v 5.0000 -4.0000 7.0000
v 5.0000 -3.0000 7.0000
v 5.0000 -2.0000 7.0000
v 5.0000 -1.0000 7.0000
v 5.0000 -1.0000 6.0000
v 5.0000 1.0000 6.0000
v 5.0000 11.0000 6.0000
v 5.0000 12.0000 6.0000
v 5.0000 20.0000 7.0000
v 5.0000 20.0000 6.0000
v 5.0000 -20.0000 5.0000
v 5.0000 0.0000 6.0000
v 5.0000 11.0000 5.0000
v 5.0000 12.0000 5.0000
v 5.0000 20.0000 5.0000
v 5.0000 19.0000 5.0000
v 5.0000 -20.0000 4.0000
v 5.0000 11.0000 4.0000
v 5.0000 12.0000 4.0000
v 5.0000 19.0000 4.0000
v 5.0000 -20.0000 3.0000
v 5.0000 11.0000 3.0000
v 5.0000 12.0000 3.0000
v 5.0000 19.0000 3.0000
v 5.0000 -20.0000 2.0000
v 5.0000 11.0000 2.0000
v 5.0000 12.0000 2.0000
v 5.0000 19.0000 2.0000
v 5.0000 -20.0000 1.0000
v 5.0000 20.0000 2.0000
v 5.0000 20.0000 1.0000
v 5.0000 -20.0000 -0.0000
v 5.0000 20.0000 -0.0000
v 5.0000 -20.0000 -1.0000
v 5.0000 13.0000 -1.0000
v 5.0000 12.0000 -1.0000
v 5.0000 14.0000 -1.0000
v 5.0000 15.0000 -1.0000
v 5.0000 16.0000 -1.0000
v 5.0000 20.0000 -1.0000
v 5.0000 19.0000 -1.0000
v 5.0000 19.0000 -0.0000
v 5.0000 -20.0000 -2.0000
v 5.0000 2.0000 -2.0000
v 5.0000 1.0000 -2.0000
v 5.0000 12.0000 -2.0000
v 5.0000 16.0000 -2.0000
v 5.0000 19.0000 -2.0000
v 5.0000 -20.0000 -3.0000
v 5.0000 1.0000 -3.0000
v 5.0000 2.0000 -3.0000
v 5.0000 13.0000 -2.0000
v 5.0000 13.0000 -3.0000
v 5.0000 16.0000 -3.0000
v 5.0000 19.0000 -3.0000
v 5.0000 -20.0000 -4.0000
v 5.0000 13.0000 -4.0000
v 5.0000 16.0000 -4.0000
v 5.0000 19.0000 -4.0000
v 5.0000 -20.0000 -5.0000
v 5.0000 -6.0000 -5.0000
v 5.0000 -7.0000 -5.0000
v 5.0000 -5.0000 -5.0000
v 5.0000 13.0000 -5.0000
v 5.0000 12.0000 -5.0000
v 5.0000 16.0000 -5.0000
v 5.0000 19.0000 -5.0000
v 5.0000 -20.0000 -6.0000
v 5.0000 -17.0000 -6.0000
v 5.0000 -18.0000 -6.0000
v 5.0000 -16.0000 -6.0000
v 5.0000 -15.0000 -6.0000
v 5.0000 -14.0000 -6.0000
v 4.0000 -13.0000 -6.0000
v 5.0000 -13.0000 -6.0000
v 4.0000 -12.0000 -6.0000
v 5.0000 -12.0000 -6.0000
v 4.0000 -11.0000 -6.0000
v 5.0000 -11.0000 -6.0000
v 4.0000 -10.0000 -6.0000
v 5.0000 -10.0000 -6.0000
v 5.0000 -9.0000 -6.0000
v 5.0000 -8.0000 -6.0000
v 5.0000 -7.0000 -6.0000
v 5.0000 -5.0000 -6.0000
v 5.0000 -4.0000 -6.0000
v 5.0000 -3.0000 -6.0000
v 5.0000 -2.0000 -6.0000
v 5.0000 1.0000 -6.0000
v 5.0000 0.0000 -6.0000
v 5.0000 2.0000 -6.0000
v 5.0000 3.0000 -6.0000
v 5.0000 4.0000 -6.0000
v 5.0000 5.0000 -6.0000
v 5.0000 6.0000 -6.0000
v 5.0000 7.0000 -6.0000
v 5.0000 8.0000 -6.0000
v 5.0000 9.0000 -6.0000
v 5.0000 12.0000 -6.0000
v 5.0000 16.0000 -6.0000
v 5.0000 19.0000 -6.0000
v 5.0000 -20.0000 -7.0000
v 5.0000 -18.0000 -7.0000
v 4.0000 -2.0000 -7.0000
v 5.0000 -2.0000 -7.0000
v 5.0000 -1.0000 -7.0000
v 5.0000 -1.0000 -6.0000
v 5.0000 0.0000 -7.0000
v 5.0000 9.0000 -7.0000
v 5.0000 13.0000 -6.0000
v 5.0000 14.0000 -6.0000
v 5.0000 15.0000 -6.0000
v 5.0000 19.0000 -7.0000
v 5.0000 -20.0000 -8.0000
v 5.0000 -18.0000 -8.0000
v 5.0000 -19.0000 -8.0000
v 5.0000 1.0000 -8.0000
v 5.0000 1.0000 -7.0000
v 5.0000 2.0000 -7.0000
v 5.0000 3.0000 -7.0000
v 5.0000 4.0000 -7.0000
v 5.0000 5.0000 -7.0000
v 5.0000 6.0000 -7.0000
v 5.0000 7.0000 -7.0000
v 5.0000 8.0000 -7.0000
v 5.0000 19.0000 -8.0000
v 5.0000 -19.0000 -9.0000
v 5.0000 -20.0000 -9.0000
v 5.0000 1.0000 -9.0000
v 4.0000 20.0000 -8.0000
v 5.0000 20.0000 -8.0000
v 5.0000 20.0000 -9.0000
v 4.0000 20.0000 -9.0000
v 5.0000 19.0000 -9.0000
v 5.0000 -19.0000 -10.0000
v 5.0000 -20.0000 -10.0000
v 5.0000 1.0000 -10.0000
v 5.0000 19.0000 -10.0000
v 5.0000 1.0000 -11.0000
v 5.0000 19.0000 -11.0000
v 5.0000 1.0000 -12.0000
v 5.0000 2.0000 -12.0000
v 5.0000 16.0000 -12.0000
v 5.0000 15.0000 -12.0000
v 5.0000 20.0000 -11.0000
v 5.0000 20.0000 -12.0000
v 5.0000 19.0000 -12.0000
v 5.0000 2.0000 -13.0000
v 5.0000 3.0000 -13.0000
v 5.0000 4.0000 -13.0000
v 5.0000 5.0000 -13.0000
v 5.0000 7.0000 -13.0000
v 5.0000 6.0000 -13.0000
v 5.0000 6.0000 -12.0000
v 5.0000 7.0000 -12.0000
v 5.0000 8.0000 -13.0000
v 5.0000 9.0000 -13.0000
v 5.0000 11.0000 -13.0000
v 5.0000 10.0000 -13.0000
v 5.0000 15.0000 -13.0000
v 5.0000 14.0000 -13.0000
v 5.0000 16.0000 -13.0000
v 5.0000 17.0000 -13.0000
v 5.0000 18.0000 -13.0000
v 5.0000 19.0000 -13.0000
v 5.0000 18.0000 -12.0000
v 5.0000 6.0000 -14.0000
v 4.0000 6.0000 -14.0000
v 4.0000 5.0000 -14.0000
v 5.0000 5.0000 -14.0000
v 5.0000 10.0000 -14.0000
v 4.0000 10.0000 -14.0000
v 4.0000 9.0000 -14.0000
v 5.0000 9.0000 -14.0000
v 5.0000 11.0000 -14.0000
v 5.0000 12.0000 -14.0000
v 5.0000 12.0000 -13.0000
v 5.0000 13.0000 -14.0000
v 5.0000 14.0000 -14.0000
v 4.0000 14.0000 -14.0000
v 5.0000 18.0000 -14.0000
v 5.0000 19.0000 -14.0000
v 4.0000 20.0000 -13.0000
v 5.0000 20.0000 -13.0000
v 5.0000 20.0000 -14.0000
v 4.0000 20.0000 -14.0000
v 6.0000 2.0000 20.0000
v 6.0000 2.0000 19.0000
v 6.0000 1.0000 19.0000
v 6.0000 1.0000 20.0000
v 5.0000 6.0000 20.0000
v 6.0000 6.0000 19.0000
v 6.0000 6.0000 20.0000
v 6.0000 7.0000 20.0000
v 5.0000 7.0000 20.0000
v 6.0000 8.0000 20.0000
v 6.0000 8.0000 19.0000
v 6.0000 9.0000 19.0000
v 6.0000 9.0000 20.0000
v 6.0000 10.0000 20.0000
v 6.0000 11.0000 20.0000
v 6.0000 11.0000 19.0000
v 6.0000 10.0000 19.0000
v 6.0000 14.0000 20.0000
v 6.0000 14.0000 19.0000
v 6.0000 13.0000 19.0000
v 6.0000 13.0000 20.0000
v 6.0000 16.0000 19.0000
v 6.0000 16.0000 20.0000
v 6.0000 17.0000 20.0000
v 6.0000 18.0000 20.0000
v 5.0000 19.0000 20.0000
v 6.0000 19.0000 20.0000
v 6.0000 19.0000 19.0000
v 5.0000 1.0000 18.0000
v 6.0000 1.0000 18.0000
v 6.0000 3.0000 19.0000
v 6.0000 2.0000 18.0000
v 6.0000 3.0000 18.0000
v 6.0000 4.0000 19.0000
v 6.0000 5.0000 19.0000
v 6.0000 12.0000 19.0000
v 6.0000 11.0000 18.0000
v 6.0000 12.0000 18.0000
v 6.0000 13.0000 18.0000
v 6.0000 14.0000 18.0000
v 6.0000 16.0000 18.0000
v 6.0000 19.0000 18.0000
v 5.0000 1.0000 17.0000
v 6.0000 1.0000 17.0000
v 6.0000 15.0000 18.0000
v 6.0000 20.0000 18.0000
v 6.0000 20.0000 17.0000
v 6.0000 19.0000 17.0000
v 5.0000 1.0000 16.0000
v 6.0000 1.0000 16.0000
v 6.0000 2.0000 16.0000
v 6.0000 19.0000 16.0000
v 6.0000 2.0000 15.0000
v 6.0000 20.0000 16.0000
v 6.0000 20.0000 15.0000
v 6.0000 19.0000 15.0000
v 6.0000 2.0000 14.0000
v 6.0000 20.0000 14.0000
v 6.0000 19.0000 14.0000
v 5.0000 2.0000 13.0000
v 6.0000 2.0000 13.0000
v 6.0000 19.0000 13.0000
v 5.0000 2.0000 12.0000
v 6.0000 2.0000 12.0000
v 5.0000 20.0000 13.0000
v 6.0000 20.0000 13.0000
v 6.0000 20.0000 12.0000
v 5.0000 1.0000 12.0000
v 5.0000 1.0000 11.0000
v 6.0000 1.0000 11.0000
v 6.0000 1.0000 12.0000
v 6.0000 20.0000 11.0000
v 6.0000 1.0000 10.0000
v 6.0000 20.0000 10.0000
v 6.0000 19.0000 10.0000
v 6.0000 19.0000 11.0000
v 6.0000 1.0000 9.0000
v 6.0000 19.0000 9.0000
v 6.0000 -19.0000 9.0000
v 6.0000 -19.0000 8.0000
v 6.0000 -20.0000 8.0000
v 6.0000 -20.0000 9.0000
v 6.0000 1.0000 8.0000
v 6.0000 20.0000 9.0000
v 6.0000 20.0000 8.0000
v 5.0000 20.0000 8.0000
v 6.0000 19.0000 8.0000
v 6.0000 -20.0000 7.0000
v 6.0000 -18.0000 8.0000
v 6.0000 -18.0000 7.0000
v 6.0000 1.0000 7.0000
v 6.0000 19.0000 7.0000
v 6.0000 -20.0000 6.0000
v 6.0000 -17.0000 7.0000
v 6.0000 -16.0000 7.0000
v 6.0000 -15.0000 7.0000
v 6.0000 -14.0000 7.0000
v 6.0000 -13.0000 7.0000
v 6.0000 -12.0000 7.0000
v 6.0000 -11.0000 7.0000
v 6.0000 -10.0000 7.0000
v 6.0000 -9.0000 7.0000
v 6.0000 -8.0000 7.0000
v 6.0000 -7.0000 7.0000
v 6.0000 -6.0000 7.0000
v 6.0000 -5.0000 7.0000
v 6.0000 -4.0000 7.0000
v 6.0000 -3.0000 7.0000
v 6.0000 -2.0000 7.0000
v 6.0000 -1.0000 7.0000
v 5.0000 0.0000 7.0000
v 6.0000 0.0000 7.0000
v 6.0000 0.0000 6.0000
v 6.0000 1.0000 6.0000
v 6.0000 12.0000 6.0000
v 6.0000 11.0000 6.0000
v 6.0000 20.0000 7.0000
v 6.0000 20.0000 6.0000
v 6.0000 -20.0000 5.0000
v 6.0000 11.0000 5.0000
v 6.0000 12.0000 5.0000
v 6.0000 20.0000 5.0000
v 6.0000 -20.0000 4.0000
v 6.0000 11.0000 4.0000
v 6.0000 12.0000 4.0000
v 6.0000 20.0000 4.0000
v 5.0000 20.0000 4.0000
v 6.0000 19.0000 4.0000
v 6.0000 -20.0000 3.0000
v 6.0000 11.0000 3.0000
v 6.0000 12.0000 3.0000
v 6.0000 19.0000 3.0000
v 6.0000 -20.0000 2.0000
v 6.0000 11.0000 2.0000
v 6.0000 12.0000 2.0000
v 6.0000 19.0000 2.0000
v 6.0000 -20.0000 1.0000
v 6.0000 20.0000 2.0000
v 6.0000 20.0000 1.0000
v 6.0000 19.0000 1.0000
v 6.0000 -20.0000 -0.0000
v 6.0000 20.0000 -0.0000
v 6.0000 19.0000 -0.0000
v 6.0000 -20.0000 -1.0000
v 6.0000 19.0000 -1.0000
v 6.0000 -20.0000 -2.0000
v 6.0000 2.0000 -2.0000
v 6.0000 1.0000 -2.0000
v 5.0000 14.0000 -2.0000
v 5.0000 15.0000 -2.0000
v 6.0000 20.0000 -1.0000
v 6.0000 20.0000 -2.0000
v 5.0000 20.0000 -2.0000
v 6.0000 19.0000 -2.0000
v 6.0000 -20.0000 -3.0000
v 6.0000 1.0000 -3.0000
v 6.0000 2.0000 -3.0000
v 5.0000 14.0000 -3.0000
v 5.0000 15.0000 -3.0000
v 6.0000 20.0000 -3.0000
v 5.0000 20.0000 -3.0000
v 6.0000 -20.0000 -4.0000
v 5.0000 14.0000 -4.0000
v 5.0000 15.0000 -4.0000
v 6.0000 20.0000 -4.0000
v 5.0000 20.0000 -4.0000
v 6.0000 19.0000 -4.0000
v 6.0000 -20.0000 -5.0000
v 6.0000 -6.0000 -5.0000
v 6.0000 -7.0000 -5.0000
v 6.0000 -5.0000 -5.0000
v 5.0000 14.0000 -5.0000
v 5.0000 15.0000 -5.0000
v 6.0000 19.0000 -5.0000
v 6.0000 -20.0000 -6.0000
v 6.0000 -17.0000 -6.0000
v 6.0000 -18.0000 -6.0000
v 6.0000 -16.0000 -6.0000
v 6.0000 -15.0000 -6.0000
v 6.0000 -14.0000 -6.0000
v 6.0000 -13.0000 -6.0000
v 6.0000 -12.0000 -6.0000
v 6.0000 -11.0000 -6.0000
v 6.0000 -10.0000 -6.0000
v 6.0000 -9.0000 -6.0000
v 6.0000 -8.0000 -6.0000
v 6.0000 -7.0000 -6.0000
v 6.0000 -5.0000 -6.0000
v 6.0000 -4.0000 -6.0000
v 6.0000 -3.0000 -6.0000
v 6.0000 -2.0000 -6.0000
v 6.0000 -1.0000 -6.0000
v 6.0000 0.0000 -6.0000
v 6.0000 1.0000 -6.0000
v 6.0000 2.0000 -6.0000
v 6.0000 3.0000 -6.0000
v 6.0000 4.0000 -6.0000
v 6.0000 5.0000 -6.0000
v 6.0000 6.0000 -6.0000
v 6.0000 7.0000 -6.0000
v 6.0000 8.0000 -6.0000
v 6.0000 9.0000 -6.0000
v 6.0000 19.0000 -6.0000
v 6.0000 -20.0000 -7.0000
v 6.0000 -18.0000 -7.0000
v 6.0000 9.0000 -7.0000
v 6.0000 19.0000 -7.0000
v 6.0000 -20.0000 -8.0000
v 6.0000 -18.0000 -8.0000
v 6.0000 -19.0000 -8.0000
v 6.0000 1.0000 -8.0000
v 6.0000 1.0000 -7.0000
v 6.0000 2.0000 -7.0000
v 6.0000 3.0000 -7.0000
v 6.0000 4.0000 -7.0000
v 6.0000 5.0000 -7.0000
v 6.0000 6.0000 -7.0000
v 6.0000 7.0000 -7.0000
v 6.0000 8.0000 -7.0000
v 6.0000 19.0000 -8.0000
v 6.0000 -19.0000 -9.0000
v 6.0000 -20.0000 -9.0000
v 6.0000 1.0000 -9.0000
v 6.0000 18.0000 -8.0000
v 6.0000 18.0000 -9.0000
v 6.0000 19.0000 -9.0000
v 6.0000 20.0000 -8.0000
v 6.0000 20.0000 -9.0000
v 6.0000 -19.0000 -10.0000
v 6.0000 -20.0000 -10.0000
v 6.0000 1.0000 -10.0000
v 6.0000 19.0000 -10.0000
v 6.0000 1.0000 -11.0000
v 6.0000 19.0000 -11.0000
v 6.0000 1.0000 -12.0000
v 6.0000 2.0000 -12.0000
v 6.0000 2.0000 -11.0000
v 6.0000 7.0000 -12.0000
v 6.0000 6.0000 -12.0000
v 6.0000 16.0000 -12.0000
v 6.0000 15.0000 -12.0000
v 6.0000 19.0000 -12.0000
v 6.0000 18.0000 -12.0000
v 6.0000 2.0000 -13.0000
v 6.0000 4.0000 -13.0000
v 6.0000 3.0000 -13.0000
v 6.0000 5.0000 -13.0000
v 6.0000 6.0000 -13.0000
v 6.0000 5.0000 -12.0000
v 6.0000 7.0000 -13.0000
v 6.0000 8.0000 -13.0000
v 6.0000 8.0000 -12.0000
v 6.0000 9.0000 -13.0000
v 6.0000 9.0000 -12.0000
v 6.0000 12.0000 -13.0000
v 6.0000 11.0000 -13.0000
v 6.0000 15.0000 -13.0000
v 6.0000 14.0000 -13.0000
v 6.0000 14.0000 -12.0000
v 6.0000 16.0000 -13.0000
v 6.0000 17.0000 -13.0000
v 6.0000 18.0000 -13.0000
v 6.0000 17.0000 -12.0000
v 6.0000 3.0000 -14.0000
v 5.0000 3.0000 -14.0000
v 5.0000 2.0000 -14.0000
v 6.0000 2.0000 -14.0000
v 6.0000 9.0000 -14.0000
v 6.0000 10.0000 -14.0000
v 6.0000 11.0000 -14.0000
v 6.0000 12.0000 -14.0000
v 6.0000 13.0000 -14.0000
v 6.0000 14.0000 -14.0000
v 6.0000 4.0000 20.0000
v 7.0000 4.0000 19.0000
v 7.0000 4.0000 20.0000
v 7.0000 5.0000 20.0000
v 6.0000 5.0000 20.0000
v 7.0000 6.0000 20.0000
v 7.0000 7.0000 20.0000
v 7.0000 8.0000 20.0000
v 7.0000 8.0000 19.0000
v 7.0000 10.0000 20.0000
v 7.0000 10.0000 19.0000
v 7.0000 9.0000 19.0000
v 7.0000 9.0000 20.0000
v 6.0000 15.0000 20.0000
v 6.0000 15.0000 19.0000
v 7.0000 15.0000 19.0000
v 7.0000 15.0000 20.0000
v 7.0000 16.0000 20.0000
v 7.0000 17.0000 20.0000
v 7.0000 18.0000 20.0000
v 7.0000 19.0000 20.0000
v 7.0000 19.0000 19.0000
v 7.0000 2.0000 19.0000
v 7.0000 2.0000 18.0000
v 7.0000 1.0000 18.0000
v 7.0000 1.0000 19.0000
v 7.0000 3.0000 18.0000
v 7.0000 3.0000 19.0000
v 7.0000 11.0000 19.0000
v 7.0000 11.0000 18.0000
v 7.0000 14.0000 18.0000
v 7.0000 14.0000 19.0000
v 7.0000 19.0000 18.0000
v 7.0000 1.0000 17.0000
v 7.0000 2.0000 17.0000
v 7.0000 12.0000 18.0000
v 7.0000 13.0000 18.0000
v 7.0000 20.0000 18.0000
v 7.0000 20.0000 17.0000
v 7.0000 19.0000 17.0000
v 7.0000 1.0000 16.0000
v 7.0000 2.0000 16.0000
v 7.0000 20.0000 16.0000
v 7.0000 19.0000 16.0000
v 6.0000 1.0000 15.0000
v 7.0000 1.0000 15.0000
v 7.0000 2.0000 15.0000
v 7.0000 19.0000 15.0000
v 7.0000 2.0000 14.0000
v 7.0000 20.0000 15.0000
v 7.0000 20.0000 14.0000
v 7.0000 19.0000 14.0000
v 6.0000 1.0000 14.0000
v 6.0000 1.0000 13.0000
v 7.0000 1.0000 13.0000
v 7.0000 1.0000 14.0000
v 7.0000 2.0000 13.0000
v 7.0000 19.0000 13.0000
v 7.0000 2.0000 12.0000
v 7.0000 20.0000 13.0000
v 7.0000 20.0000 12.0000
v 7.0000 1.0000 11.0000
v 7.0000 1.0000 12.0000
v 7.0000 2.0000 11.0000
v 7.0000 20.0000 11.0000
v 7.0000 19.0000 11.0000
v 7.0000 1.0000 10.0000
v 7.0000 19.0000 10.0000
v 7.0000 1.0000 9.0000
v 7.0000 20.0000 10.0000
v 7.0000 20.0000 9.0000
v 7.0000 19.0000 9.0000
v 7.0000 -19.0000 9.0000
v 7.0000 -19.0000 8.0000
v 7.0000 -20.0000 8.0000
v 7.0000 -20.0000 9.0000
v 7.0000 1.0000 8.0000
v 7.0000 2.0000 8.0000
v 7.0000 2.0000 9.0000
v 7.0000 19.0000 8.0000
v 7.0000 -20.0000 7.0000
v 7.0000 -18.0000 8.0000
v 7.0000 -18.0000 7.0000
v 7.0000 1.0000 7.0000
v 7.0000 2.0000 7.0000
v 7.0000 19.0000 7.0000
v 7.0000 -20.0000 6.0000
v 7.0000 -17.0000 7.0000
v 7.0000 -16.0000 7.0000
v 7.0000 -15.0000 7.0000
v 7.0000 -14.0000 7.0000
v 7.0000 -13.0000 7.0000
v 7.0000 -12.0000 7.0000
v 7.0000 -11.0000 7.0000
v 7.0000 -10.0000 7.0000
v 7.0000 -9.0000 7.0000
v 7.0000 -8.0000 7.0000
v 7.0000 -7.0000 7.0000
v 7.0000 -6.0000 7.0000
v 7.0000 -5.0000 7.0000
v 7.0000 -4.0000 7.0000
v 7.0000 -3.0000 7.0000
v 7.0000 -2.0000 7.0000
v 7.0000 -1.0000 7.0000
v 7.0000 0.0000 7.0000
v 7.0000 0.0000 6.0000
v 7.0000 1.0000 6.0000
v 7.0000 12.0000 6.0000
v 7.0000 11.0000 6.0000
v 7.0000 20.0000 7.0000
v 7.0000 20.0000 6.0000
v 7.0000 -20.0000 5.0000
v 7.0000 11.0000 5.0000
v 7.0000 12.0000 5.0000
v 7.0000 20.0000 5.0000
v 7.0000 -20.0000 4.0000
v 7.0000 11.0000 4.0000
v 7.0000 12.0000 4.0000
v 7.0000 20.0000 4.0000
v 7.0000 19.0000 4.0000
v 7.0000 -20.0000 3.0000
v 7.0000 11.0000 3.0000
v 7.0000 12.0000 3.0000
v 7.0000 19.0000 3.0000
v 7.0000 -20.0000 2.0000
v 7.0000 11.0000 2.0000
v 7.0000 12.0000 2.0000
v 7.0000 19.0000 2.0000
v 7.0000 -20.0000 1.0000
v 7.0000 19.0000 1.0000
v 7.0000 -20.0000 -0.0000
v 7.0000 19.0000 -0.0000
v 7.0000 -20.0000 -1.0000
v 7.0000 19.0000 -1.0000
v 7.0000 -20.0000 -2.0000
v 7.0000 19.0000 -2.0000
v 7.0000 -20.0000 -3.0000
v 7.0000 20.0000 -2.0000
v 7.0000 20.0000 -3.0000
v 7.0000 -20.0000 -4.0000
v 7.0000 20.0000 -4.0000
v 7.0000 19.0000 -4.0000
v 7.0000 19.0000 -3.0000
v 7.0000 -20.0000 -5.0000
v 7.0000 19.0000 -5.0000
v 7.0000 -20.0000 -6.0000
v 7.0000 -17.0000 -6.0000
v 7.0000 -18.0000 -6.0000
v 7.0000 -16.0000 -6.0000
v 7.0000 -15.0000 -6.0000
v 7.0000 -14.0000 -6.0000
v 7.0000 -13.0000 -6.0000
v 7.0000 -12.0000 -6.0000
v 7.0000 -11.0000 -6.0000
v 7.0000 -10.0000 -6.0000
v 7.0000 -9.0000 -6.0000
v 7.0000 -8.0000 -6.0000
v 7.0000 -7.0000 -6.0000
v 6.0000 -6.0000 -6.0000
v 7.0000 -6.0000 -6.0000
v 7.0000 -5.0000 -6.0000
v 7.0000 -4.0000 -6.0000
v 7.0000 -3.0000 -6.0000
v 7.0000 -2.0000 -6.0000
v 7.0000 -1.0000 -6.0000
v 7.0000 0.0000 -6.0000
v 7.0000 1.0000 -6.0000
v 7.0000 2.0000 -6.0000
v 7.0000 3.0000 -6.0000
v 7.0000 4.0000 -6.0000
v 7.0000 5.0000 -6.0000
v 7.0000 6.0000 -6.0000
v 7.0000 7.0000 -6.0000
v 7.0000 8.0000 -6.0000
v 7.0000 9.0000 -6.0000
v 7.0000 18.0000 -5.0000
v 7.0000 18.0000 -6.0000
v 7.0000 19.0000 -6.0000
v 6.0000 20.0000 -5.0000
v 7.0000 20.0000 -5.0000
v 7.0000 20.0000 -6.0000
v 6.0000 20.0000 -6.0000
v 7.0000 -20.0000 -7.0000
v 7.0000 -18.0000 -7.0000
v 7.0000 9.0000 -7.0000
v 7.0000 18.0000 -7.0000
v 7.0000 19.0000 -7.0000
v 7.0000 20.0000 -7.0000
v 6.0000 20.0000 -7.0000
v 7.0000 -20.0000 -8.0000
v 7.0000 -18.0000 -8.0000
v 7.0000 -19.0000 -8.0000
v 7.0000 1.0000 -8.0000
v 7.0000 1.0000 -7.0000
v 7.0000 2.0000 -7.0000
v 7.0000 3.0000 -7.0000
v 7.0000 4.0000 -7.0000
v 7.0000 5.0000 -7.0000
v 7.0000 6.0000 -7.0000
v 7.0000 7.0000 -7.0000
v 7.0000 8.0000 -7.0000
v 7.0000 19.0000 -8.0000
v 7.0000 18.0000 -8.0000
v 7.0000 -19.0000 -9.0000
v 7.0000 -20.0000 -9.0000
v 7.0000 1.0000 -9.0000
v 7.0000 18.0000 -9.0000
v 7.0000 -19.0000 -10.0000
v 7.0000 -20.0000 -10.0000
v 7.0000 1.0000 -10.0000
v 7.0000 2.0000 -10.0000
v 7.0000 2.0000 -9.0000
v 7.0000 19.0000 -9.0000
v 7.0000 19.0000 -10.0000
v 7.0000 1.0000 -11.0000
v 7.0000 2.0000 -11.0000
v 7.0000 19.0000 -11.0000
v 7.0000 2.0000 -12.0000
v 7.0000 6.0000 -12.0000
v 7.0000 5.0000 -12.0000
v 7.0000 7.0000 -12.0000
v 7.0000 8.0000 -12.0000
v 7.0000 9.0000 -12.0000
v 7.0000 8.0000 -11.0000
v 7.0000 9.0000 -11.0000
v 7.0000 15.0000 -12.0000
v 7.0000 14.0000 -12.0000
v 7.0000 18.0000 -12.0000
v 7.0000 17.0000 -12.0000
v 7.0000 19.0000 -12.0000
v 6.0000 1.0000 -13.0000
v 7.0000 1.0000 -13.0000
v 7.0000 1.0000 -12.0000
v 7.0000 3.0000 -13.0000
v 7.0000 2.0000 -13.0000
v 7.0000 5.0000 -13.0000
v 7.0000 4.0000 -13.0000
v 7.0000 4.0000 -12.0000
v 7.0000 9.0000 -13.0000
v 7.0000 12.0000 -13.0000
v 7.0000 11.0000 -13.0000
v 7.0000 14.0000 -13.0000
v 7.0000 15.0000 -13.0000
v 7.0000 16.0000 -13.0000
v 7.0000 17.0000 -13.0000
v 7.0000 2.0000 -14.0000
v 6.0000 1.0000 -14.0000
v 7.0000 1.0000 -14.0000
v 7.0000 4.0000 -14.0000
v 6.0000 4.0000 -14.0000
v 7.0000 3.0000 -14.0000
v 7.0000 9.0000 -14.0000
v 7.0000 10.0000 -14.0000
v 7.0000 10.0000 -13.0000
v 7.0000 11.0000 -14.0000
v 7.0000 12.0000 -14.0000
v 7.0000 13.0000 -14.0000
v 7.0000 13.0000 -13.0000
v 7.0000 14.0000 -14.0000
v 7.0000 3.0000 20.0000
v 8.0000 3.0000 19.0000
v 8.0000 3.0000 20.0000
v 8.0000 4.0000 20.0000
v 8.0000 4.0000 19.0000
v 8.0000 5.0000 20.0000
v 8.0000 5.0000 19.0000
v 8.0000 6.0000 20.0000
v 8.0000 6.0000 19.0000
v 8.0000 7.0000 20.0000
v 8.0000 8.0000 20.0000
v 8.0000 8.0000 19.0000
v 8.0000 10.0000 20.0000
v 8.0000 10.0000 19.0000
v 8.0000 9.0000 19.0000
v 8.0000 9.0000 20.0000
v 7.0000 13.0000 20.0000
v 8.0000 13.0000 20.0000
v 8.0000 13.0000 19.0000
v 7.0000 13.0000 19.0000
v 7.0000 12.0000 20.0000
v 7.0000 12.0000 19.0000
v 8.0000 12.0000 19.0000
v 8.0000 12.0000 20.0000
v 8.0000 15.0000 19.0000
v 8.0000 15.0000 20.0000
v 8.0000 16.0000 20.0000
v 8.0000 17.0000 20.0000
v 8.0000 18.0000 20.0000
v 8.0000 19.0000 20.0000
v 7.0000 20.0000 20.0000
v 8.0000 20.0000 20.0000
v 8.0000 20.0000 19.0000
v 7.0000 20.0000 19.0000
v 8.0000 19.0000 19.0000
v 8.0000 3.0000 18.0000
v 8.0000 8.0000 18.0000
v 8.0000 9.0000 18.0000
v 8.0000 11.0000 19.0000
v 8.0000 11.0000 18.0000
v 8.0000 10.0000 18.0000
v 8.0000 12.0000 18.0000
v 8.0000 14.0000 19.0000
v 8.0000 13.0000 18.0000
v 8.0000 14.0000 18.0000
v 8.0000 19.0000 18.0000
v 8.0000 2.0000 17.0000
v 8.0000 2.0000 18.0000
v 8.0000 19.0000 17.0000
v 8.0000 2.0000 16.0000
v 8.0000 20.0000 17.0000
v 8.0000 20.0000 16.0000
v 8.0000 19.0000 16.0000
v 8.0000 1.0000 15.0000
v 8.0000 1.0000 16.0000
v 8.0000 2.0000 15.0000
v 8.0000 20.0000 15.0000
v 8.0000 19.0000 15.0000
v 8.0000 1.0000 14.0000
v 8.0000 2.0000 14.0000
v 8.0000 19.0000 14.0000
v 8.0000 1.0000 13.0000
v 8.0000 2.0000 13.0000
v 8.0000 20.0000 14.0000
v 8.0000 20.0000 13.0000
v 8.0000 1.0000 12.0000
v 8.0000 2.0000 12.0000
v 8.0000 20.0000 12.0000
v 8.0000 19.0000 13.0000
v 8.0000 19.0000 12.0000
v 8.0000 2.0000 11.0000
v 8.0000 20.0000 11.0000
v 8.0000 19.0000 11.0000
v 8.0000 1.0000 10.0000
v 8.0000 1.0000 11.0000
v 8.0000 2.0000 10.0000
v 8.0000 19.0000 10.0000
v 8.0000 1.0000 9.0000
v 8.0000 2.0000 9.0000
v 8.0000 20.0000 10.0000
v 8.0000 20.0000 9.0000
v 8.0000 19.0000 9.0000
v 8.0000 -19.0000 9.0000
v 8.0000 -19.0000 8.0000
v 8.0000 -20.0000 8.0000
v 8.0000 -20.0000 9.0000
v 8.0000 2.0000 8.0000
v 8.0000 19.0000 8.0000
v 8.0000 -20.0000 7.0000
v 8.0000 -18.0000 8.0000
v 8.0000 -18.0000 7.0000
v 8.0000 2.0000 7.0000
v 7.0000 20.0000 8.0000
v 8.0000 20.0000 8.0000
v 8.0000 20.0000 7.0000
v 8.0000 19.0000 7.0000
v 8.0000 -20.0000 6.0000
v 8.0000 -17.0000 7.0000
v 8.0000 -18.0000 6.0000
v 8.0000 -17.0000 6.0000
v 8.0000 -16.0000 7.0000
v 8.0000 -16.0000 6.0000
v 8.0000 -15.0000 7.0000
v 8.0000 -15.0000 6.0000
v 8.0000 -14.0000 7.0000
v 8.0000 -14.0000 6.0000
v 8.0000 -13.0000 7.0000
v 8.0000 -13.0000 6.0000
v 8.0000 -12.0000 7.0000
v 8.0000 -12.0000 6.0000
v 8.0000 -11.0000 7.0000
v 8.0000 -11.0000 6.0000
v 8.0000 -10.0000 7.0000
v 8.0000 -10.0000 6.0000
v 8.0000 -9.0000 7.0000
v 8.0000 -9.0000 6.0000
v 8.0000 -8.0000 7.0000
v 8.0000 -8.0000 6.0000
v 8.0000 -7.0000 7.0000
v 8.0000 -7.0000 6.0000
v 8.0000 -6.0000 7.0000
v 8.0000 -6.0000 6.0000
v 8.0000 -5.0000 7.0000
v 8.0000 -5.0000 6.0000
v 8.0000 -4.0000 7.0000
v 8.0000 -4.0000 6.0000
v 8.0000 -3.0000 7.0000
v 8.0000 -3.0000 6.0000
v 8.0000 -2.0000 7.0000
v 8.0000 -2.0000 6.0000
v 8.0000 -1.0000 7.0000
v 8.0000 -1.0000 6.0000
v 8.0000 0.0000 7.0000
v 8.0000 0.0000 6.0000
v 8.0000 1.0000 6.0000
v 8.0000 1.0000 7.0000
v 8.0000 12.0000 6.0000
v 8.0000 11.0000 6.0000
v 8.0000 20.0000 6.0000
v 8.0000 19.0000 6.0000
v 8.0000 -20.0000 5.0000
v 8.0000 -18.0000 5.0000
v 8.0000 -17.0000 5.0000
v 8.0000 -16.0000 5.0000
v 8.0000 -15.0000 5.0000
v 8.0000 -14.0000 5.0000
v 8.0000 -13.0000 5.0000
v 8.0000 -12.0000 5.0000
v 8.0000 -11.0000 5.0000
v 8.0000 -10.0000 5.0000
v 8.0000 -9.0000 5.0000
v 8.0000 -8.0000 5.0000
v 8.0000 -7.0000 5.0000
v 8.0000 -6.0000 5.0000
v 8.0000 -5.0000 5.0000
v 8.0000 -4.0000 5.0000
v 8.0000 -3.0000 5.0000
v 8.0000 -2.0000 5.0000
v 8.0000 -1.0000 5.0000
v 8.0000 0.0000 5.0000
v 8.0000 1.0000 5.0000
v 8.0000 11.0000 5.0000
v 8.0000 12.0000 5.0000
v 8.0000 20.0000 5.0000
v 8.0000 -20.0000 4.0000
v 8.0000 -18.0000 4.0000
v 8.0000 -17.0000 4.0000
v 8.0000 -16.0000 4.0000
v 8.0000 -15.0000 4.0000
v 8.0000 -14.0000 4.0000
v 8.0000 -13.0000 4.0000
v 8.0000 -12.0000 4.0000
v 8.0000 -11.0000 4.0000
v 8.0000 -10.0000 4.0000
v 8.0000 -9.0000 4.0000
v 8.0000 -8.0000 4.0000
v 8.0000 -7.0000 4.0000
v 8.0000 -6.0000 4.0000
v 8.0000 -5.0000 4.0000
v 8.0000 -4.0000 4.0000
v 8.0000 -3.0000 4.0000
v 8.0000 -2.0000 4.0000
v 8.0000 -1.0000 4.0000
v 8.0000 0.0000 4.0000
v 8.0000 1.0000 4.0000
v 8.0000 11.0000 4.0000
v 8.0000 12.0000 4.0000
v 8.0000 20.0000 4.0000
v 8.0000 -20.0000 3.0000
v 8.0000 -18.0000 3.0000
v 8.0000 -17.0000 3.0000
v 8.0000 -16.0000 3.0000
v 8.0000 -15.0000 3.0000
v 8.0000 -14.0000 3.0000
v 8.0000 -13.0000 3.0000
v 8.0000 -12.0000 3.0000
v 8.0000 -11.0000 3.0000
v 8.0000 -10.0000 3.0000
v 8.0000 -9.0000 3.0000
v 8.0000 -8.0000 3.0000
v 8.0000 -7.0000 3.0000
v 8.0000 -6.0000 3.0000
v 8.0000 -5.0000 3.0000
v 8.0000 -4.0000 3.0000
v 8.0000 -3.0000 3.0000
v 8.0000 -2.0000 3.0000
v 8.0000 -1.0000 3.0000
v 8.0000 0.0000 3.0000
v 8.0000 1.0000 3.0000
v 8.0000 11.0000 3.0000
v 8.0000 12.0000 3.0000
v 8.0000 20.0000 3.0000
v 7.0000 20.0000 3.0000
v 8.0000 19.0000 3.0000
v 8.0000 -20.0000 2.0000
v 8.0000 -18.0000 2.0000
v 8.0000 -17.0000 2.0000
v 8.0000 -16.0000 2.0000
v 8.0000 -15.0000 2.0000
v 8.0000 -14.0000 2.0000
v 8.0000 -13.0000 2.0000
v 8.0000 -12.0000 2.0000
v 8.0000 -11.0000 2.0000
v 8.0000 -10.0000 2.0000
v 8.0000 -7.0000 2.0000
v 8.0000 -6.0000 2.0000
v 8.0000 -5.0000 2.0000
v 8.0000 -4.0000 2.0000
v 8.0000 -3.0000 2.0000
v 8.0000 -2.0000 2.0000
v 8.0000 -1.0000 2.0000
v 8.0000 0.0000 2.0000
v 8.0000 1.0000 2.0000
v 8.0000 11.0000 2.0000
v 8.0000 12.0000 2.0000
v 8.0000 19.0000 2.0000
v 8.0000 -20.0000 1.0000
v 8.0000 -18.0000 1.0000
v 8.0000 -17.0000 1.0000
v 8.0000 -16.0000 1.0000
v 8.0000 -15.0000 1.0000
v 8.0000 -14.0000 1.0000
v 8.0000 -13.0000 1.0000
v 8.0000 -12.0000 1.0000
v 8.0000 -11.0000 1.0000
v 8.0000 -10.0000 1.0000
v 8.0000 -7.0000 1.0000
v 8.0000 -6.0000 1.0000
v 8.0000 -5.0000 1.0000
v 8.0000 -4.0000 1.0000
v 8.0000 -3.0000 1.0000
v 8.0000 -2.0000 1.0000
v 8.0000 -1.0000 1.0000
v 8.0000 0.0000 1.0000
v 8.0000 1.0000 1.0000
v 8.0000 19.0000 1.0000
v 8.0000 -20.0000 -0.0000
v 8.0000 -18.0000 -0.0000
v 8.0000 -17.0000 -0.0000
v 8.0000 -16.0000 -0.0000
v 8.0000 -15.0000 -0.0000
v 8.0000 -14.0000 -0.0000
v 8.0000 -13.0000 -0.0000
v 8.0000 -12.0000 -0.0000
v 8.0000 -11.0000 -0.0000
v 8.0000 -10.0000 -0.0000
v 8.0000 -7.0000 -0.0000
v 8.0000 -6.0000 -0.0000
v 8.0000 -5.0000 -0.0000
v 8.0000 -4.0000 -0.0000
v 8.0000 -3.0000 -0.0000
v 8.0000 -2.0000 -0.0000
v 8.0000 -1.0000 -0.0000
v 8.0000 0.0000 -0.0000
v 8.0000 1.0000 -0.0000
v 8.0000 19.0000 -0.0000
v 8.0000 -20.0000 -1.0000
v 8.0000 -18.0000 -1.0000
v 8.0000 -17.0000 -1.0000
v 8.0000 -16.0000 -1.0000
v 8.0000 -15.0000 -1.0000
v 8.0000 -14.0000 -1.0000
v 8.0000 -13.0000 -1.0000
v 8.0000 -12.0000 -1.0000
v 8.0000 -11.0000 -1.0000
v 8.0000 -10.0000 -1.0000
v 8.0000 -7.0000 -1.0000
v 8.0000 -6.0000 -1.0000
v 8.0000 -5.0000 -1.0000
v 8.0000 -4.0000 -1.0000
v 8.0000 -3.0000 -1.0000
v 8.0000 -2.0000 -1.0000
v 8.0000 -1.0000 -1.0000
v 8.0000 0.0000 -1.0000
v 8.0000 1.0000 -1.0000
v 8.0000 19.0000 -1.0000
v 8.0000 -20.0000 -2.0000
v 8.0000 -18.0000 -2.0000
v 8.0000 -17.0000 -2.0000
v 8.0000 -16.0000 -2.0000
v 8.0000 -15.0000 -2.0000
v 8.0000 -14.0000 -2.0000
v 8.0000 -13.0000 -2.0000
v 8.0000 -12.0000 -2.0000
v 8.0000 -11.0000 -2.0000
v 8.0000 -10.0000 -2.0000
v 8.0000 -7.0000 -2.0000
v 8.0000 -6.0000 -2.0000
v 8.0000 -5.0000 -2.0000
v 8.0000 -4.0000 -2.0000
v 8.0000 -3.0000 -2.0000
v 8.0000 -2.0000 -2.0000
v 8.0000 -1.0000 -2.0000
v 8.0000 0.0000 -2.0000
v 8.0000 1.0000 -2.0000
v 8.0000 19.0000 -2.0000
v 8.0000 -20.0000 -3.0000
v 8.0000 -18.0000 -3.0000
v 8.0000 -17.0000 -3.0000
v 8.0000 -16.0000 -3.0000
v 8.0000 -15.0000 -3.0000
v 8.0000 -14.0000 -3.0000
v 8.0000 -13.0000 -3.0000
v 8.0000 -12.0000 -3.0000
v 8.0000 -11.0000 -3.0000
v 8.0000 -10.0000 -3.0000
v 8.0000 -9.0000 -3.0000
v 8.0000 -9.0000 -2.0000
v 8.0000 -8.0000 -3.0000
v 8.0000 -8.0000 -2.0000
v 8.0000 -7.0000 -3.0000
v 8.0000 -6.0000 -3.0000
v 8.0000 -5.0000 -3.0000
v 8.0000 -4.0000 -3.0000
v 8.0000 -3.0000 -3.0000
v 8.0000 -2.0000 -3.0000
v 8.0000 -1.0000 -3.0000
v 8.0000 0.0000 -3.0000
v 8.0000 1.0000 -3.0000
v 8.0000 20.0000 -2.0000
v 8.0000 20.0000 -3.0000
v 8.0000 19.0000 -3.0000
v 8.0000 -20.0000 -4.0000
v 8.0000 -18.0000 -4.0000
v 8.0000 -17.0000 -4.0000
v 8.0000 -16.0000 -4.0000
v 8.0000 -15.0000 -4.0000
v 8.0000 -14.0000 -4.0000
v 8.0000 -13.0000 -4.0000
v 8.0000 -12.0000 -4.0000
v 8.0000 -11.0000 -4.0000
v 8.0000 -10.0000 -4.0000
v 8.0000 -9.0000 -4.0000
v 8.0000 -8.0000 -4.0000
v 8.0000 -7.0000 -4.0000
v 8.0000 -6.0000 -4.0000
v 8.0000 -5.0000 -4.0000
v 8.0000 -4.0000 -4.0000
v 8.0000 -3.0000 -4.0000
v 8.0000 -2.0000 -4.0000
v 8.0000 -1.0000 -4.0000
v 8.0000 0.0000 -4.0000
v 8.0000 1.0000 -4.0000
v 8.0000 19.0000 -4.0000
v 8.0000 -20.0000 -5.0000
v 8.0000 -18.0000 -5.0000
v 8.0000 -17.0000 -5.0000
v 8.0000 -16.0000 -5.0000
v 8.0000 -15.0000 -5.0000
v 8.0000 -14.0000 -5.0000
v 8.0000 -13.0000 -5.0000
v 8.0000 -12.0000 -5.0000
v 8.0000 -11.0000 -5.0000
v 8.0000 -10.0000 -5.0000
v 8.0000 -9.0000 -5.0000
v 8.0000 -8.0000 -5.0000
v 8.0000 -7.0000 -5.0000
v 8.0000 -6.0000 -5.0000
v 8.0000 -5.0000 -5.0000
v 8.0000 -4.0000 -5.0000
v 8.0000 -3.0000 -5.0000
v 8.0000 -2.0000 -5.0000
v 8.0000 -1.0000 -5.0000
v 8.0000 0.0000 -5.0000
v 8.0000 1.0000 -5.0000
v 8.0000 19.0000 -5.0000
v 8.0000 18.0000 -5.0000
v 8.0000 -20.0000 -6.0000
v 8.0000 -17.0000 -6.0000
v 8.0000 -18.0000 -6.0000
v 8.0000 -16.0000 -6.0000
v 8.0000 -15.0000 -6.0000
v 8.0000 -14.0000 -6.0000
v 8.0000 -13.0000 -6.0000
v 8.0000 -12.0000 -6.0000
v 8.0000 -11.0000 -6.0000
v 8.0000 -10.0000 -6.0000
v 8.0000 -9.0000 -6.0000
v 8.0000 -8.0000 -6.0000
v 8.0000 -7.0000 -6.0000
v 8.0000 -6.0000 -6.0000
v 8.0000 -5.0000 -6.0000
v 8.0000 -4.0000 -6.0000
v 8.0000 -3.0000 -6.0000
v 8.0000 -2.0000 -6.0000
v 8.0000 -1.0000 -6.0000
v 8.0000 0.0000 -6.0000
v 8.0000 1.0000 -6.0000
v 8.0000 2.0000 -6.0000
v 8.0000 2.0000 -5.0000
v 8.0000 3.0000 -6.0000
v 8.0000 3.0000 -5.0000
v 8.0000 4.0000 -6.0000
v 8.0000 5.0000 -6.0000
v 8.0000 6.0000 -6.0000
v 8.0000 7.0000 -6.0000
v 8.0000 8.0000 -6.0000
v 8.0000 9.0000 -6.0000
v 8.0000 18.0000 -6.0000
v 8.0000 -20.0000 -7.0000
v 8.0000 -18.0000 -7.0000
v 8.0000 9.0000 -7.0000
v 8.0000 18.0000 -7.0000
v 8.0000 -20.0000 -8.0000
v 8.0000 -18.0000 -8.0000
v 8.0000 -19.0000 -8.0000
v 8.0000 1.0000 -8.0000
v 8.0000 1.0000 -7.0000
v 8.0000 2.0000 -7.0000
v 8.0000 2.0000 -8.0000
v 8.0000 3.0000 -7.0000
v 8.0000 4.0000 -7.0000
v 8.0000 5.0000 -7.0000
v 8.0000 6.0000 -7.0000
v 8.0000 7.0000 -7.0000
v 8.0000 8.0000 -7.0000
v 8.0000 18.0000 -8.0000
v 8.0000 -19.0000 -9.0000
v 8.0000 -20.0000 -9.0000
v 8.0000 1.0000 -9.0000
v 8.0000 2.0000 -9.0000
v 8.0000 18.0000 -9.0000
v 8.0000 -19.0000 -10.0000
v 8.0000 -20.0000 -10.0000
v 8.0000 2.0000 -10.0000
v 8.0000 19.0000 -9.0000
v 8.0000 19.0000 -10.0000
v 8.0000 18.0000 -10.0000
v 8.0000 2.0000 -11.0000
v 8.0000 9.0000 -11.0000
v 8.0000 8.0000 -11.0000
v 8.0000 17.0000 -10.0000
v 8.0000 17.0000 -11.0000
v 8.0000 18.0000 -11.0000
v 8.0000 19.0000 -11.0000
v 8.0000 2.0000 -12.0000
v 8.0000 5.0000 -12.0000
v 8.0000 4.0000 -12.0000
v 8.0000 7.0000 -12.0000
v 8.0000 6.0000 -12.0000
v 8.0000 8.0000 -12.0000
v 8.0000 9.0000 -12.0000
v 8.0000 19.0000 -12.0000
v 8.0000 1.0000 -13.0000
v 8.0000 1.0000 -12.0000
v 8.0000 2.0000 -13.0000
v 8.0000 3.0000 -13.0000
v 8.0000 4.0000 -13.0000
v 8.0000 3.0000 -12.0000
v 8.0000 6.0000 -13.0000
v 7.0000 6.0000 -13.0000
v 8.0000 5.0000 -13.0000
v 8.0000 9.0000 -13.0000
v 8.0000 10.0000 -13.0000
v 8.0000 10.0000 -12.0000
v 8.0000 13.0000 -13.0000
v 8.0000 12.0000 -13.0000
v 8.0000 15.0000 -13.0000
v 8.0000 14.0000 -13.0000
v 8.0000 16.0000 -13.0000
v 8.0000 17.0000 -13.0000
v 7.0000 18.0000 -13.0000
v 8.0000 18.0000 -13.0000
v 8.0000 17.0000 -12.0000
v 8.0000 18.0000 -12.0000
v 8.0000 19.0000 -13.0000
v 7.0000 19.0000 -13.0000
v 8.0000 2.0000 -14.0000
v 8.0000 1.0000 -14.0000
v 8.0000 10.0000 -14.0000
v 8.0000 11.0000 -14.0000
v 8.0000 12.0000 -14.0000
v 8.0000 14.0000 -14.0000
v 8.0000 13.0000 -14.0000
v 9.0000 3.0000 20.0000
v 9.0000 3.0000 19.0000
v 8.0000 2.0000 20.0000
v 8.0000 2.0000 19.0000
v 9.0000 2.0000 19.0000
v 9.0000 2.0000 20.0000
v 9.0000 6.0000 19.0000
v 9.0000 6.0000 20.0000
v 9.0000 7.0000 20.0000
v 9.0000 8.0000 20.0000
v 9.0000 8.0000 19.0000
v 9.0000 7.0000 19.0000
v 8.0000 11.0000 20.0000
v 9.0000 11.0000 19.0000
v 9.0000 11.0000 20.0000
v 9.0000 12.0000 20.0000
v 9.0000 13.0000 20.0000
v 9.0000 13.0000 19.0000
v 9.0000 15.0000 19.0000
v 9.0000 15.0000 20.0000
v 9.0000 16.0000 20.0000
v 9.0000 17.0000 20.0000
v 9.0000 16.0000 19.0000
v 9.0000 17.0000 19.0000
v 9.0000 18.0000 20.0000
v 9.0000 19.0000 20.0000
v 9.0000 19.0000 19.0000
v 8.0000 1.0000 19.0000
v 8.0000 1.0000 18.0000
v 9.0000 1.0000 18.0000
v 9.0000 1.0000 19.0000
v 9.0000 4.0000 19.0000
v 9.0000 5.0000 19.0000
v 9.0000 8.0000 18.0000
v 9.0000 10.0000 19.0000
v 9.0000 10.0000 18.0000
v 9.0000 9.0000 18.0000
v 9.0000 9.0000 19.0000
v 9.0000 11.0000 18.0000
v 9.0000 13.0000 18.0000
v 9.0000 14.0000 18.0000
v 9.0000 14.0000 19.0000
v 9.0000 20.0000 19.0000
v 9.0000 20.0000 18.0000
v 8.0000 20.0000 18.0000
v 8.0000 1.0000 17.0000
v 9.0000 1.0000 17.0000
v 9.0000 20.0000 17.0000
v 9.0000 19.0000 17.0000
v 9.0000 1.0000 16.0000
v 9.0000 2.0000 16.0000
v 9.0000 19.0000 16.0000
v 9.0000 2.0000 15.0000
v 9.0000 20.0000 16.0000
v 9.0000 20.0000 15.0000
v 9.0000 19.0000 15.0000
v 9.0000 2.0000 14.0000
v 9.0000 19.0000 14.0000
v 9.0000 2.0000 13.0000
v 9.0000 20.0000 14.0000
v 9.0000 20.0000 13.0000
v 9.0000 19.0000 13.0000
v 9.0000 2.0000 12.0000
v 9.0000 19.0000 12.0000
v 9.0000 2.0000 11.0000
v 9.0000 19.0000 11.0000
v 9.0000 2.0000 10.0000
v 9.0000 3.0000 10.0000
v 9.0000 3.0000 11.0000
v 9.0000 20.0000 11.0000
v 9.0000 20.0000 10.0000
v 9.0000 2.0000 9.0000
v 9.0000 20.0000 9.0000
v 9.0000 19.0000 9.0000
v 9.0000 19.0000 10.0000
v 9.0000 -19.0000 9.0000
v 9.0000 -19.0000 8.0000
v 9.0000 -20.0000 8.0000
v 9.0000 -20.0000 9.0000
v 8.0000 1.0000 8.0000
v 9.0000 1.0000 8.0000
v 9.0000 1.0000 9.0000
v 9.0000 2.0000 8.0000
v 9.0000 19.0000 8.0000
v 9.0000 -20.0000 7.0000
v 9.0000 -18.0000 8.0000
v 9.0000 -18.0000 7.0000
v 9.0000 -19.0000 7.0000
v 9.0000 1.0000 7.0000
v 9.0000 2.0000 7.0000
v 9.0000 19.0000 7.0000
v 9.0000 -20.0000 6.0000
v 9.0000 -18.0000 6.0000
v 9.0000 -19.0000 6.0000
v 9.0000 1.0000 6.0000
v 9.0000 2.0000 6.0000
v 9.0000 12.0000 6.0000
v 9.0000 11.0000 6.0000
v 9.0000 19.0000 6.0000
v 9.0000 -20.0000 5.0000
v 9.0000 -18.0000 5.0000
v 9.0000 -19.0000 5.0000
v 9.0000 1.0000 5.0000
v 9.0000 2.0000 5.0000
v 9.0000 11.0000 5.0000
v 9.0000 12.0000 5.0000
v 9.0000 20.0000 6.0000
v 9.0000 20.0000 5.0000
v 9.0000 19.0000 5.0000
v 9.0000 -20.0000 4.0000
v 9.0000 -18.0000 4.0000
v 9.0000 -19.0000 4.0000
v 9.0000 1.0000 4.0000
v 9.0000 2.0000 4.0000
v 9.0000 20.0000 4.0000
v 9.0000 19.0000 4.0000
v 9.0000 -20.0000 3.0000
v 9.0000 -18.0000 3.0000
v 9.0000 -19.0000 3.0000
v 9.0000 1.0000 3.0000
v 9.0000 12.0000 3.0000
v 9.0000 11.0000 3.0000
v 9.0000 20.0000 3.0000
v 9.0000 19.0000 3.0000
v 9.0000 -20.0000 2.0000
v 9.0000 -18.0000 2.0000
v 9.0000 -19.0000 2.0000
v 9.0000 -10.0000 2.0000
v 9.0000 -10.0000 3.0000
v 9.0000 -9.0000 3.0000
v 9.0000 -9.0000 2.0000
v 9.0000 -8.0000 3.0000
v 9.0000 -7.0000 3.0000
v 9.0000 -7.0000 2.0000
v 9.0000 -8.0000 2.0000
v 9.0000 1.0000 2.0000
v 9.0000 11.0000 2.0000
v 9.0000 12.0000 2.0000
v 9.0000 19.0000 2.0000
v 9.0000 -20.0000 1.0000
v 9.0000 -18.0000 1.0000
v 9.0000 -19.0000 1.0000
v 9.0000 -10.0000 1.0000
v 9.0000 -9.0000 1.0000
v 9.0000 -7.0000 1.0000
v 9.0000 1.0000 1.0000
v 9.0000 19.0000 1.0000
v 9.0000 -20.0000 -0.0000
v 9.0000 -18.0000 -0.0000
v 9.0000 -19.0000 -0.0000
v 9.0000 -10.0000 -0.0000
v 9.0000 -7.0000 -0.0000
v 9.0000 1.0000 -0.0000
v 9.0000 19.0000 -0.0000
v 9.0000 -20.0000 -1.0000
v 9.0000 -18.0000 -1.0000
v 9.0000 -19.0000 -1.0000
v 9.0000 -10.0000 -1.0000
v 9.0000 -9.0000 -1.0000
v 9.0000 -9.0000 -0.0000
v 9.0000 -7.0000 -1.0000
v 9.0000 -8.0000 -0.0000
v 9.0000 -8.0000 -1.0000
v 9.0000 1.0000 -1.0000
v 9.0000 19.0000 -1.0000
v 9.0000 -20.0000 -2.0000
v 9.0000 -18.0000 -2.0000
v 9.0000 -19.0000 -2.0000
v 9.0000 -10.0000 -2.0000
v 9.0000 -9.0000 -2.0000
v 9.0000 -8.0000 -2.0000
v 9.0000 -7.0000 -2.0000
v 9.0000 1.0000 -2.0000
v 9.0000 19.0000 -2.0000
v 9.0000 -20.0000 -3.0000
v 9.0000 -18.0000 -3.0000
v 9.0000 -19.0000 -3.0000
v 9.0000 1.0000 -3.0000
v 9.0000 19.0000 -3.0000
v 9.0000 -20.0000 -4.0000
v 9.0000 -18.0000 -4.0000
v 9.0000 -19.0000 -4.0000
v 9.0000 1.0000 -4.0000
v 9.0000 19.0000 -4.0000
v 9.0000 -20.0000 -5.0000
v 9.0000 -18.0000 -5.0000
v 9.0000 -19.0000 -5.0000
v 9.0000 1.0000 -5.0000
v 9.0000 2.0000 -5.0000
v 9.0000 3.0000 -5.0000
v 9.0000 19.0000 -5.0000
v 9.0000 18.0000 -5.0000
v 9.0000 -20.0000 -6.0000
v 9.0000 -18.0000 -6.0000
v 9.0000 -19.0000 -6.0000
v 9.0000 3.0000 -6.0000
v 9.0000 4.0000 -6.0000
v 9.0000 5.0000 -6.0000
v 9.0000 6.0000 -6.0000
v 9.0000 7.0000 -6.0000
v 9.0000 8.0000 -6.0000
v 9.0000 9.0000 -6.0000
v 9.0000 18.0000 -6.0000
v 9.0000 -20.0000 -7.0000
v 9.0000 -18.0000 -7.0000
v 9.0000 -19.0000 -7.0000
v 9.0000 9.0000 -7.0000
v 9.0000 18.0000 -7.0000
v 9.0000 -20.0000 -8.0000
v 9.0000 -18.0000 -8.0000
v 9.0000 -19.0000 -8.0000
v 9.0000 2.0000 -8.0000
v 9.0000 2.0000 -7.0000
v 9.0000 3.0000 -7.0000
v 9.0000 4.0000 -7.0000
v 9.0000 5.0000 -7.0000
v 9.0000 6.0000 -7.0000
v 9.0000 7.0000 -7.0000
v 9.0000 8.0000 -7.0000
v 9.0000 18.0000 -8.0000
v 9.0000 -19.0000 -9.0000
v 9.0000 -20.0000 -9.0000
v 9.0000 2.0000 -9.0000
v 9.0000 18.0000 -9.0000
v 9.0000 -19.0000 -10.0000
v 9.0000 -20.0000 -10.0000
v 9.0000 2.0000 -10.0000
v 9.0000 18.0000 -10.0000
v 9.0000 17.0000 -10.0000
v 9.0000 2.0000 -11.0000
v 9.0000 17.0000 -11.0000
v 9.0000 19.0000 -10.0000
v 9.0000 19.0000 -11.0000
v 9.0000 18.0000 -11.0000
v 9.0000 2.0000 -12.0000
v 9.0000 4.0000 -12.0000
v 9.0000 3.0000 -12.0000
v 9.0000 5.0000 -12.0000
v 9.0000 8.0000 -12.0000
v 9.0000 7.0000 -12.0000
v 9.0000 9.0000 -12.0000
v 9.0000 10.0000 -12.0000
v 9.0000 18.0000 -12.0000
v 9.0000 17.0000 -12.0000
v 9.0000 19.0000 -12.0000
v 8.0000 20.0000 -11.0000
v 9.0000 20.0000 -11.0000
v 9.0000 20.0000 -12.0000
v 8.0000 20.0000 -12.0000
v 9.0000 3.0000 -13.0000
v 9.0000 2.0000 -13.0000
v 9.0000 5.0000 -13.0000
v 9.0000 6.0000 -13.0000
v 9.0000 7.0000 -13.0000
v 8.0000 7.0000 -13.0000
v 9.0000 6.0000 -12.0000
v 9.0000 10.0000 -13.0000
v 9.0000 14.0000 -13.0000
v 9.0000 13.0000 -13.0000
v 9.0000 15.0000 -13.0000
v 9.0000 16.0000 -13.0000
v 9.0000 15.0000 -12.0000
v 9.0000 16.0000 -12.0000
v 9.0000 17.0000 -13.0000
v 9.0000 19.0000 -13.0000
v 9.0000 18.0000 -13.0000
v 9.0000 10.0000 -14.0000
v 9.0000 11.0000 -14.0000
v 9.0000 11.0000 -13.0000
v 9.0000 12.0000 -14.0000
v 9.0000 13.0000 -14.0000
v 9.0000 1.0000 20.0000
v 10.0000 1.0000 19.0000
v 10.0000 1.0000 20.0000
v 10.0000 2.0000 20.0000
v 10.0000 3.0000 20.0000
v 10.0000 3.0000 19.0000
v 10.0000 2.0000 19.0000
v 9.0000 5.0000 20.0000
v 10.0000 5.0000 20.0000
v 10.0000 5.0000 19.0000
v 9.0000 4.0000 20.0000
v 10.0000 4.0000 19.0000
v 10.0000 4.0000 20.0000
v 10.0000 7.0000 20.0000
v 10.0000 7.0000 19.0000
v 10.0000 6.0000 19.0000
v 10.0000 6.0000 20.0000
v 9.0000 10.0000 20.0000
v 10.0000 10.0000 20.0000
v 10.0000 10.0000 19.0000
v 9.0000 9.0000 20.0000
v 10.0000 9.0000 19.0000
v 10.0000 9.0000 20.0000
v 10.0000 11.0000 19.0000
v 10.0000 11.0000 20.0000
v 10.0000 12.0000 20.0000
v 10.0000 13.0000 20.0000
v 10.0000 13.0000 19.0000
v 9.0000 14.0000 20.0000
v 10.0000 14.0000 19.0000
v 10.0000 14.0000 20.0000
v 10.0000 15.0000 20.0000
v 10.0000 16.0000 20.0000
v 10.0000 16.0000 19.0000
v 10.0000 17.0000 19.0000
v 10.0000 17.0000 20.0000
v 10.0000 18.0000 20.0000
v 10.0000 19.0000 20.0000
v 10.0000 19.0000 19.0000
v 10.0000 1.0000 18.0000
v 10.0000 8.0000 19.0000
v 10.0000 8.0000 18.0000
v 10.0000 9.0000 18.0000
v 10.0000 20.0000 19.0000
v 10.0000 20.0000 18.0000
v 10.0000 1.0000 17.0000
v 10.0000 20.0000 17.0000
v 10.0000 19.0000 18.0000
v 10.0000 19.0000 17.0000
v 10.0000 1.0000 16.0000
v 10.0000 20.0000 16.0000
v 10.0000 19.0000 16.0000
v 9.0000 1.0000 15.0000
v 10.0000 1.0000 15.0000
v 10.0000 2.0000 15.0000
v 10.0000 20.0000 15.0000
v 10.0000 19.0000 15.0000
v 10.0000 2.0000 14.0000
v 10.0000 19.0000 14.0000
v 10.0000 2.0000 13.0000
v 10.0000 19.0000 13.0000
v 10.0000 2.0000 12.0000
v 10.0000 20.0000 13.0000
v 10.0000 20.0000 12.0000
v 9.0000 20.0000 12.0000
v 10.0000 19.0000 12.0000
v 10.0000 2.0000 11.0000
v 10.0000 3.0000 11.0000
v 10.0000 20.0000 11.0000
v 10.0000 3.0000 10.0000
v 10.0000 20.0000 10.0000
v 10.0000 19.0000 10.0000
v 10.0000 2.0000 9.0000
v 10.0000 2.0000 10.0000
v 10.0000 19.0000 9.0000
v 10.0000 -19.0000 9.0000
v 10.0000 -19.0000 8.0000
v 10.0000 -20.0000 8.0000
v 10.0000 -20.0000 9.0000
v 10.0000 2.0000 8.0000
v 10.0000 19.0000 8.0000
v 10.0000 -19.0000 7.0000
v 10.0000 -20.0000 7.0000
v 10.0000 2.0000 7.0000
v 9.0000 20.0000 8.0000
v 10.0000 20.0000 8.0000
v 10.0000 20.0000 7.0000
v 9.0000 20.0000 7.0000
v 10.0000 -19.0000 6.0000
v 10.0000 -20.0000 6.0000
v 10.0000 2.0000 6.0000
v 10.0000 12.0000 6.0000
v 10.0000 11.0000 6.0000
v 10.0000 20.0000 6.0000
v 10.0000 19.0000 6.0000
v 10.0000 19.0000 7.0000
v 10.0000 -19.0000 5.0000
v 10.0000 -20.0000 5.0000
v 10.0000 2.0000 5.0000
v 10.0000 11.0000 5.0000
v 10.0000 12.0000 5.0000
v 10.0000 19.0000 5.0000
v 10.0000 -19.0000 4.0000
v 10.0000 -20.0000 4.0000
v 10.0000 2.0000 4.0000
v 10.0000 19.0000 4.0000
v 10.0000 -19.0000 3.0000
v 10.0000 -20.0000 3.0000
v 10.0000 1.0000 3.0000
v 10.0000 1.0000 4.0000
v 10.0000 2.0000 3.0000
v 10.0000 12.0000 3.0000
v 10.0000 11.0000 3.0000
v 10.0000 19.0000 3.0000
v 10.0000 -19.0000 2.0000
v 10.0000 -20.0000 2.0000
v 10.0000 -8.0000 3.0000
v 10.0000 -8.0000 2.0000
v 10.0000 -9.0000 2.0000
v 10.0000 -9.0000 3.0000
v 10.0000 1.0000 2.0000
v 10.0000 2.0000 2.0000
v 10.0000 11.0000 2.0000
v 10.0000 12.0000 2.0000
v 10.0000 19.0000 2.0000
v 10.0000 -19.0000 1.0000
v 10.0000 -20.0000 1.0000
v 10.0000 -9.0000 1.0000
v 10.0000 -7.0000 2.0000
v 10.0000 -7.0000 1.0000
v 10.0000 -8.0000 1.0000
v 10.0000 1.0000 1.0000
v 10.0000 2.0000 1.0000
v 10.0000 19.0000 1.0000
v 10.0000 -19.0000 -0.0000
v 10.0000 -20.0000 -0.0000
v 10.0000 -10.0000 -0.0000
v 10.0000 -10.0000 1.0000
v 10.0000 -9.0000 -0.0000
v 10.0000 -7.0000 -0.0000
v 10.0000 -8.0000 -0.0000
v 10.0000 1.0000 -0.0000
v 10.0000 2.0000 -0.0000
v 10.0000 19.0000 -0.0000
v 10.0000 -19.0000 -1.0000
v 10.0000 -20.0000 -1.0000
v 10.0000 -8.0000 -1.0000
v 10.0000 -9.0000 -1.0000
v 10.0000 1.0000 -1.0000
v 10.0000 2.0000 -1.0000
v 10.0000 19.0000 -1.0000
v 10.0000 -19.0000 -2.0000
v 10.0000 -20.0000 -2.0000
v 10.0000 -8.0000 -2.0000
v 10.0000 -9.0000 -2.0000
v 10.0000 1.0000 -2.0000
v 10.0000 2.0000 -2.0000
v 10.0000 19.0000 -2.0000
v 10.0000 -19.0000 -3.0000
v 10.0000 -20.0000 -3.0000
v 10.0000 1.0000 -3.0000
v 10.0000 2.0000 -3.0000
v 10.0000 19.0000 -3.0000
v 10.0000 -19.0000 -4.0000
v 10.0000 -20.0000 -4.0000
v 10.0000 1.0000 -4.0000
v 10.0000 2.0000 -4.0000
v 10.0000 19.0000 -4.0000
v 10.0000 -19.0000 -5.0000
v 10.0000 -20.0000 -5.0000
v 10.0000 1.0000 -5.0000
v 10.0000 2.0000 -5.0000
v 10.0000 19.0000 -5.0000
v 10.0000 -19.0000 -6.0000
v 10.0000 -20.0000 -6.0000
v 9.0000 2.0000 -6.0000
v 10.0000 2.0000 -6.0000
v 10.0000 3.0000 -6.0000
v 10.0000 4.0000 -6.0000
v 10.0000 5.0000 -6.0000
v 10.0000 6.0000 -6.0000
v 10.0000 7.0000 -6.0000
v 10.0000 8.0000 -6.0000
v 10.0000 9.0000 -6.0000
v 10.0000 19.0000 -6.0000
v 9.0000 19.0000 -6.0000
v 10.0000 18.0000 -6.0000
v 10.0000 -19.0000 -7.0000
v 10.0000 -20.0000 -7.0000
v 10.0000 9.0000 -7.0000
v 10.0000 18.0000 -7.0000
v 10.0000 -19.0000 -8.0000
v 10.0000 -20.0000 -8.0000
v 10.0000 2.0000 -8.0000
v 10.0000 2.0000 -7.0000
v 10.0000 3.0000 -7.0000
v 10.0000 4.0000 -7.0000
v 10.0000 5.0000 -7.0000
v 10.0000 6.0000 -7.0000
v 10.0000 7.0000 -7.0000
v 10.0000 8.0000 -7.0000
v 10.0000 18.0000 -8.0000
v 10.0000 -19.0000 -9.0000
v 10.0000 -20.0000 -9.0000
v 10.0000 2.0000 -9.0000
v 9.0000 19.0000 -8.0000
v 10.0000 19.0000 -8.0000
v 10.0000 19.0000 -9.0000
v 9.0000 19.0000 -9.0000
v 10.0000 18.0000 -9.0000
v 10.0000 -19.0000 -10.0000
v 10.0000 -20.0000 -10.0000
v 10.0000 2.0000 -10.0000
v 10.0000 18.0000 -10.0000
v 10.0000 17.0000 -10.0000
v 10.0000 2.0000 -11.0000
v 10.0000 17.0000 -11.0000
v 9.0000 1.0000 -11.0000
v 9.0000 1.0000 -12.0000
v 10.0000 1.0000 -12.0000
v 10.0000 1.0000 -11.0000
v 10.0000 2.0000 -12.0000
v 10.0000 7.0000 -12.0000
v 10.0000 6.0000 -12.0000
v 10.0000 6.0000 -11.0000
v 10.0000 7.0000 -11.0000
v 10.0000 8.0000 -12.0000
v 10.0000 8.0000 -11.0000
v 10.0000 10.0000 -12.0000
v 10.0000 9.0000 -12.0000
v 10.0000 16.0000 -12.0000
v 10.0000 15.0000 -12.0000
v 10.0000 17.0000 -12.0000
v 10.0000 16.0000 -11.0000
v 9.0000 1.0000 -13.0000
v 10.0000 1.0000 -13.0000
v 10.0000 2.0000 -13.0000
v 10.0000 3.0000 -13.0000
v 9.0000 4.0000 -13.0000
v 10.0000 4.0000 -13.0000
v 10.0000 3.0000 -12.0000
v 10.0000 4.0000 -12.0000
v 10.0000 5.0000 -13.0000
v 10.0000 5.0000 -12.0000
v 10.0000 6.0000 -13.0000
v 10.0000 7.0000 -13.0000
v 9.0000 8.0000 -13.0000
v 10.0000 8.0000 -13.0000
v 10.0000 9.0000 -13.0000
v 9.0000 9.0000 -13.0000
v 10.0000 10.0000 -13.0000
v 10.0000 11.0000 -13.0000
v 10.0000 15.0000 -13.0000
v 10.0000 14.0000 -13.0000
v 10.0000 19.0000 -12.0000
v 10.0000 19.0000 -13.0000
v 10.0000 18.0000 -13.0000
v 10.0000 18.0000 -12.0000
v 10.0000 7.0000 -14.0000
v 9.0000 7.0000 -14.0000
v 9.0000 6.0000 -14.0000
v 10.0000 6.0000 -14.0000
v 10.0000 9.0000 -14.0000
v 9.0000 9.0000 -14.0000
v 9.0000 8.0000 -14.0000
v 10.0000 8.0000 -14.0000
v 10.0000 11.0000 -14.0000
v 10.0000 12.0000 -14.0000
v 10.0000 12.0000 -13.0000
v 10.0000 13.0000 -14.0000
v 10.0000 14.0000 -14.0000
v 9.0000 14.0000 -14.0000
v 11.0000 2.0000 20.0000
v 11.0000 2.0000 19.0000
v 11.0000 1.0000 19.0000
v 11.0000 1.0000 20.0000
v 11.0000 3.0000 19.0000
v 11.0000 3.0000 20.0000
v 11.0000 4.0000 20.0000
v 11.0000 5.0000 20.0000
v 11.0000 5.0000 19.0000
v 11.0000 4.0000 19.0000
v 11.0000 10.0000 20.0000
v 11.0000 10.0000 19.0000
v 11.0000 9.0000 19.0000
v 11.0000 9.0000 20.0000
v 11.0000 11.0000 19.0000
v 11.0000 11.0000 20.0000
v 11.0000 12.0000 20.0000
v 11.0000 13.0000 20.0000
v 11.0000 13.0000 19.0000
v 11.0000 12.0000 19.0000
v 11.0000 14.0000 19.0000
v 11.0000 14.0000 20.0000
v 11.0000 15.0000 20.0000
v 11.0000 16.0000 20.0000
v 11.0000 16.0000 19.0000
v 11.0000 17.0000 19.0000
v 11.0000 17.0000 20.0000
v 11.0000 18.0000 20.0000
v 11.0000 19.0000 20.0000
v 11.0000 19.0000 19.0000
v 11.0000 18.0000 19.0000
v 11.0000 1.0000 18.0000
v 11.0000 6.0000 19.0000
v 11.0000 7.0000 19.0000
v 11.0000 8.0000 19.0000
v 11.0000 13.0000 18.0000
v 11.0000 14.0000 18.0000
v 11.0000 20.0000 19.0000
v 11.0000 20.0000 18.0000
v 11.0000 19.0000 18.0000
v 11.0000 1.0000 17.0000
v 11.0000 19.0000 17.0000
v 11.0000 1.0000 16.0000
v 11.0000 19.0000 16.0000
v 11.0000 1.0000 15.0000
v 11.0000 19.0000 15.0000
v 10.0000 1.0000 14.0000
v 11.0000 1.0000 14.0000
v 11.0000 2.0000 14.0000
v 11.0000 19.0000 14.0000
v 11.0000 2.0000 13.0000
v 11.0000 19.0000 13.0000
v 11.0000 2.0000 12.0000
v 11.0000 19.0000 12.0000
v 11.0000 2.0000 11.0000
v 11.0000 20.0000 12.0000
v 11.0000 20.0000 11.0000
v 11.0000 2.0000 10.0000
v 11.0000 20.0000 10.0000
v 11.0000 19.0000 10.0000
v 11.0000 19.0000 11.0000
v 10.0000 1.0000 10.0000
v 10.0000 1.0000 9.0000
v 11.0000 1.0000 9.0000
v 11.0000 1.0000 10.0000
v 11.0000 2.0000 9.0000
v 11.0000 19.0000 9.0000
v 10.0000 0.0000 9.0000
v 10.0000 0.0000 8.0000
v 11.0000 0.0000 8.0000
v 11.0000 0.0000 9.0000
v 11.0000 1.0000 8.0000
v 10.0000 1.0000 8.0000
v 10.0000 20.0000 9.0000
v 11.0000 20.0000 9.0000
v 11.0000 20.0000 8.0000
v 10.0000 0.0000 7.0000
v 11.0000 0.0000 7.0000
v 10.0000 1.0000 7.0000
v 11.0000 1.0000 7.0000
v 11.0000 20.0000 7.0000
v 11.0000 19.0000 7.0000
v 10.0000 1.0000 6.0000
v 11.0000 1.0000 6.0000
v 11.0000 19.0000 6.0000
v 10.0000 1.0000 5.0000
v 11.0000 1.0000 5.0000
v 11.0000 2.0000 5.0000
v 11.0000 19.0000 5.0000
v 11.0000 2.0000 4.0000
v 10.0000 20.0000 5.0000
v 11.0000 20.0000 5.0000
v 11.0000 20.0000 4.0000
v 10.0000 20.0000 4.0000
v 11.0000 2.0000 3.0000
v 11.0000 20.0000 3.0000
v 10.0000 20.0000 3.0000
v 11.0000 -8.0000 3.0000
v 11.0000 -8.0000 2.0000
v 11.0000 -9.0000 2.0000
v 11.0000 -9.0000 3.0000
v 11.0000 2.0000 2.0000
v 11.0000 20.0000 2.0000
v 10.0000 20.0000 2.0000
v 11.0000 19.0000 2.0000
v 11.0000 -8.0000 1.0000
v 11.0000 -9.0000 1.0000
v 11.0000 2.0000 1.0000
v 11.0000 19.0000 1.0000
v 11.0000 -8.0000 -0.0000
v 11.0000 -9.0000 -0.0000
v 11.0000 2.0000 -0.0000
v 10.0000 20.0000 1.0000
v 11.0000 20.0000 1.0000
v 11.0000 20.0000 -0.0000
v 10.0000 20.0000 -0.0000
v 11.0000 19.0000 -0.0000
v 11.0000 -8.0000 -1.0000
v 11.0000 -9.0000 -1.0000
v 11.0000 2.0000 -1.0000
v 11.0000 20.0000 -1.0000
v 10.0000 20.0000 -1.0000
v 11.0000 -8.0000 -2.0000
v 11.0000 -9.0000 -2.0000
v 11.0000 2.0000 -2.0000
v 11.0000 20.0000 -2.0000
v 10.0000 20.0000 -2.0000
v 11.0000 2.0000 -3.0000
v 11.0000 20.0000 -3.0000
v 10.0000 20.0000 -3.0000
v 11.0000 2.0000 -4.0000
v 11.0000 20.0000 -4.0000
v 10.0000 20.0000 -4.0000
v 11.0000 19.0000 -4.0000
v 11.0000 2.0000 -5.0000
v 11.0000 19.0000 -5.0000
v 10.0000 1.0000 -6.0000
v 11.0000 1.0000 -6.0000
v 11.0000 1.0000 -5.0000
v 11.0000 2.0000 -6.0000
v 11.0000 3.0000 -6.0000
v 11.0000 4.0000 -6.0000
v 11.0000 5.0000 -6.0000
v 11.0000 6.0000 -6.0000
v 11.0000 7.0000 -6.0000
v 11.0000 8.0000 -6.0000
v 11.0000 9.0000 -6.0000
v 11.0000 19.0000 -6.0000
v 11.0000 18.0000 -6.0000
v 11.0000 18.0000 -5.0000
v 11.0000 9.0000 -7.0000
v 11.0000 18.0000 -7.0000
v 10.0000 1.0000 -7.0000
v 10.0000 1.0000 -8.0000
v 11.0000 1.0000 -8.0000
v 11.0000 1.0000 -7.0000
v 11.0000 2.0000 -7.0000
v 11.0000 2.0000 -8.0000
v 11.0000 3.0000 -7.0000
v 11.0000 4.0000 -7.0000
v 11.0000 5.0000 -7.0000
v 11.0000 6.0000 -7.0000
v 11.0000 7.0000 -7.0000
v 11.0000 8.0000 -7.0000
v 11.0000 18.0000 -8.0000
v 11.0000 2.0000 -9.0000
v 11.0000 19.0000 -8.0000
v 11.0000 19.0000 -9.0000
v 11.0000 18.0000 -9.0000
v 11.0000 2.0000 -10.0000
v 11.0000 18.0000 -10.0000
v 11.0000 17.0000 -10.0000
v 11.0000 2.0000 -11.0000
v 11.0000 7.0000 -11.0000
v 11.0000 6.0000 -11.0000
v 11.0000 8.0000 -11.0000
v 11.0000 17.0000 -11.0000
v 11.0000 16.0000 -11.0000
v 11.0000 2.0000 -12.0000
v 11.0000 4.0000 -12.0000
v 11.0000 3.0000 -12.0000
v 11.0000 5.0000 -12.0000
v 11.0000 6.0000 -12.0000
v 11.0000 8.0000 -12.0000
v 11.0000 9.0000 -12.0000
v 11.0000 16.0000 -12.0000
v 11.0000 1.0000 -13.0000
v 11.0000 1.0000 -12.0000
v 11.0000 2.0000 -13.0000
v 11.0000 3.0000 -13.0000
v 11.0000 9.0000 -13.0000
v 11.0000 10.0000 -13.0000
v 11.0000 11.0000 -13.0000
v 11.0000 12.0000 -13.0000
v 11.0000 15.0000 -13.0000
v 11.0000 14.0000 -13.0000
v 11.0000 16.0000 -13.0000
v 10.0000 16.0000 -13.0000
v 11.0000 15.0000 -12.0000
v 10.0000 1.0000 -14.0000
v 11.0000 1.0000 -14.0000
v 10.0000 2.0000 -14.0000
v 11.0000 2.0000 -14.0000
v 11.0000 3.0000 -14.0000
v 10.0000 3.0000 -14.0000
v 11.0000 12.0000 -14.0000
v 11.0000 13.0000 -14.0000
v 11.0000 13.0000 -13.0000
v 11.0000 14.0000 -14.0000
v 12.0000 4.0000 20.0000
v 12.0000 4.0000 19.0000
v 12.0000 3.0000 19.0000
v 12.0000 3.0000 20.0000
v 11.0000 6.0000 20.0000
v 12.0000 6.0000 20.0000
v 12.0000 6.0000 19.0000
v 12.0000 5.0000 19.0000
v 12.0000 5.0000 20.0000
v 11.0000 8.0000 20.0000
v 12.0000 8.0000 20.0000
v 12.0000 8.0000 19.0000
v 11.0000 7.0000 20.0000
v 12.0000 7.0000 19.0000
v 12.0000 7.0000 20.0000
v 12.0000 9.0000 19.0000
v 12.0000 9.0000 20.0000
v 12.0000 10.0000 20.0000
v 12.0000 11.0000 20.0000
v 12.0000 12.0000 20.0000
v 12.0000 12.0000 19.0000
v 12.0000 14.0000 19.0000
v 12.0000 14.0000 20.0000
v 12.0000 15.0000 20.0000
v 12.0000 15.0000 19.0000
v 12.0000 16.0000 20.0000
v 12.0000 16.0000 19.0000
v 12.0000 18.0000 20.0000
v 12.0000 18.0000 19.0000
v 12.0000 17.0000 19.0000
v 12.0000 17.0000 20.0000
v 12.0000 1.0000 18.0000
v 12.0000 1.0000 19.0000
v 12.0000 2.0000 19.0000
v 12.0000 2.0000 18.0000
v 12.0000 13.0000 19.0000
v 12.0000 13.0000 18.0000
v 12.0000 14.0000 18.0000
v 12.0000 15.0000 18.0000
v 12.0000 16.0000 18.0000
v 12.0000 17.0000 18.0000
v 12.0000 18.0000 18.0000
v 12.0000 19.0000 19.0000
v 12.0000 19.0000 18.0000
v 12.0000 1.0000 17.0000
v 12.0000 2.0000 17.0000
v 12.0000 13.0000 17.0000
v 12.0000 14.0000 17.0000
v 12.0000 17.0000 17.0000
v 12.0000 18.0000 17.0000
v 12.0000 19.0000 17.0000
v 12.0000 1.0000 16.0000
v 12.0000 2.0000 16.0000
v 12.0000 19.0000 16.0000
v 12.0000 1.0000 15.0000
v 12.0000 2.0000 15.0000
v 12.0000 19.0000 15.0000
v 12.0000 1.0000 14.0000
v 12.0000 2.0000 14.0000
v 11.0000 20.0000 15.0000
v 12.0000 20.0000 15.0000
v 12.0000 20.0000 14.0000
v 11.0000 20.0000 14.0000
v 12.0000 19.0000 14.0000
v 12.0000 2.0000 13.0000
v 12.0000 20.0000 13.0000
v 11.0000 20.0000 13.0000
v 12.0000 19.0000 13.0000
v 11.0000 1.0000 13.0000
v 11.0000 1.0000 12.0000
v 12.0000 1.0000 12.0000
v 12.0000 1.0000 13.0000
v 12.0000 2.0000 12.0000
v 12.0000 19.0000 12.0000
v 11.0000 1.0000 11.0000
v 12.0000 1.0000 11.0000
v 12.0000 2.0000 11.0000
v 12.0000 20.0000 12.0000
v 12.0000 20.0000 11.0000
v 12.0000 19.0000 11.0000
v 12.0000 2.0000 10.0000
v 12.0000 19.0000 10.0000
v 12.0000 2.0000 9.0000
v 12.0000 19.0000 9.0000
v 12.0000 1.0000 8.0000
v 12.0000 1.0000 9.0000
v 12.0000 20.0000 9.0000
v 12.0000 20.0000 8.0000
v 12.0000 0.0000 7.0000
v 12.0000 0.0000 8.0000
v 12.0000 20.0000 7.0000
v 12.0000 19.0000 7.0000
v 11.0000 0.0000 6.0000
v 12.0000 0.0000 6.0000
v 12.0000 1.0000 6.0000
v 12.0000 1.0000 7.0000
v 12.0000 19.0000 6.0000
v 12.0000 1.0000 5.0000
v 11.0000 20.0000 6.0000
v 12.0000 20.0000 6.0000
v 12.0000 20.0000 5.0000
v 11.0000 0.0000 5.0000
v 11.0000 0.0000 4.0000
v 12.0000 0.0000 4.0000
v 12.0000 0.0000 5.0000
v 11.0000 1.0000 4.0000
v 12.0000 1.0000 4.0000
v 12.0000 2.0000 4.0000
v 12.0000 20.0000 4.0000
v 12.0000 2.0000 3.0000
v 12.0000 20.0000 3.0000
v 12.0000 2.0000 2.0000
v 12.0000 20.0000 2.0000
v 12.0000 19.0000 3.0000
v 12.0000 19.0000 2.0000
v 12.0000 -8.0000 2.0000
v 12.0000 -8.0000 1.0000
v 12.0000 -9.0000 1.0000
v 12.0000 -9.0000 2.0000
v 12.0000 2.0000 1.0000
v 12.0000 20.0000 1.0000
v 12.0000 19.0000 1.0000
v 12.0000 -8.0000 -0.0000
v 12.0000 -9.0000 -0.0000
v 12.0000 2.0000 -0.0000
v 12.0000 19.0000 -0.0000
v 12.0000 -8.0000 -1.0000
v 12.0000 -9.0000 -1.0000
v 12.0000 2.0000 -1.0000
v 12.0000 20.0000 -0.0000
v 12.0000 20.0000 -1.0000
v 12.0000 19.0000 -1.0000
v 12.0000 -9.0000 -2.0000
v 12.0000 -8.0000 -2.0000
v 12.0000 -7.0000 -1.0000
v 11.0000 -7.0000 -1.0000
v 11.0000 -7.0000 -2.0000
v 12.0000 -7.0000 -2.0000
v 11.0000 -6.0000 -1.0000
v 12.0000 -6.0000 -1.0000
v 12.0000 -6.0000 -2.0000
v 11.0000 -6.0000 -2.0000
v 11.0000 1.0000 -1.0000
v 11.0000 1.0000 -2.0000
v 12.0000 1.0000 -2.0000
v 12.0000 1.0000 -1.0000
v 12.0000 20.0000 -2.0000
v 12.0000 19.0000 -2.0000
v 11.0000 1.0000 -3.0000
v 12.0000 1.0000 -3.0000
v 12.0000 20.0000 -3.0000
v 11.0000 1.0000 -4.0000
v 12.0000 1.0000 -4.0000
v 12.0000 2.0000 -4.0000
v 12.0000 2.0000 -3.0000
v 12.0000 20.0000 -4.0000
v 12.0000 19.0000 -4.0000
v 12.0000 2.0000 -5.0000
v 12.0000 19.0000 -5.0000
v 12.0000 18.0000 -5.0000
v 12.0000 1.0000 -6.0000
v 12.0000 1.0000 -5.0000
v 12.0000 2.0000 -6.0000
v 12.0000 3.0000 -6.0000
v 12.0000 4.0000 -6.0000
v 12.0000 5.0000 -6.0000
v 12.0000 6.0000 -6.0000
v 12.0000 7.0000 -6.0000
v 12.0000 8.0000 -6.0000
v 12.0000 9.0000 -6.0000
v 12.0000 18.0000 -6.0000
v 12.0000 9.0000 -7.0000
v 12.0000 19.0000 -6.0000
v 12.0000 19.0000 -7.0000
v 11.0000 19.0000 -7.0000
v 12.0000 18.0000 -7.0000
v 12.0000 1.0000 -8.0000
v 12.0000 1.0000 -7.0000
v 12.0000 2.0000 -7.0000
v 12.0000 3.0000 -7.0000
v 12.0000 4.0000 -7.0000
v 12.0000 5.0000 -7.0000
v 12.0000 6.0000 -7.0000
v 12.0000 7.0000 -7.0000
v 12.0000 8.0000 -7.0000
v 12.0000 18.0000 -8.0000
v 11.0000 1.0000 -9.0000
v 12.0000 1.0000 -9.0000
v 12.0000 2.0000 -9.0000
v 12.0000 18.0000 -9.0000
v 12.0000 2.0000 -10.0000
v 12.0000 18.0000 -10.0000
v 12.0000 17.0000 -10.0000
v 11.0000 1.0000 -10.0000
v 11.0000 1.0000 -11.0000
v 12.0000 1.0000 -11.0000
v 12.0000 1.0000 -10.0000
v 12.0000 4.0000 -10.0000
v 12.0000 4.0000 -11.0000
v 12.0000 5.0000 -11.0000
v 12.0000 5.0000 -10.0000
v 12.0000 7.0000 -11.0000
v 12.0000 6.0000 -11.0000
v 12.0000 17.0000 -11.0000
v 12.0000 16.0000 -11.0000
v 12.0000 1.0000 -12.0000
v 12.0000 2.0000 -12.0000
v 12.0000 4.0000 -12.0000
v 12.0000 3.0000 -12.0000
v 12.0000 3.0000 -11.0000
v 12.0000 5.0000 -12.0000
v 12.0000 6.0000 -12.0000
v 11.0000 7.0000 -12.0000
v 12.0000 7.0000 -12.0000
v 12.0000 8.0000 -12.0000
v 12.0000 16.0000 -12.0000
v 12.0000 15.0000 -12.0000
v 12.0000 3.0000 -13.0000
v 12.0000 2.0000 -13.0000
v 12.0000 5.0000 -13.0000
v 11.0000 5.0000 -13.0000
v 11.0000 4.0000 -13.0000
v 12.0000 4.0000 -13.0000
v 11.0000 8.0000 -13.0000
v 12.0000 8.0000 -13.0000
v 12.0000 9.0000 -13.0000
v 12.0000 10.0000 -13.0000
v 12.0000 12.0000 -13.0000
v 12.0000 11.0000 -13.0000
v 12.0000 13.0000 -13.0000
v 12.0000 15.0000 -13.0000
v 12.0000 3.0000 -14.0000
v 12.0000 2.0000 -14.0000
v 12.0000 11.0000 -14.0000
v 11.0000 11.0000 -14.0000
v 11.0000 10.0000 -14.0000
v 12.0000 10.0000 -14.0000
v 12.0000 13.0000 -14.0000
v 12.0000 14.0000 -14.0000
v 12.0000 15.0000 -14.0000
v 11.0000 15.0000 -14.0000
v 12.0000 2.0000 20.0000
v 13.0000 2.0000 19.0000
v 13.0000 2.0000 20.0000
v 13.0000 3.0000 20.0000
v 13.0000 4.0000 20.0000
v 13.0000 4.0000 19.0000
v 13.0000 3.0000 19.0000
v 13.0000 8.0000 20.0000
v 13.0000 8.0000 19.0000
v 13.0000 7.0000 19.0000
v 13.0000 7.0000 20.0000
v 13.0000 9.0000 19.0000
v 13.0000 9.0000 20.0000
v 13.0000 10.0000 20.0000
v 13.0000 11.0000 20.0000
v 13.0000 12.0000 20.0000
v 13.0000 12.0000 19.0000
v 13.0000 11.0000 19.0000
v 13.0000 2.0000 18.0000
v 13.0000 5.0000 19.0000
v 13.0000 6.0000 19.0000
v 13.0000 13.0000 19.0000
v 13.0000 13.0000 18.0000
v 13.0000 12.0000 18.0000
v 13.0000 2.0000 17.0000
v 13.0000 13.0000 17.0000
v 13.0000 14.0000 17.0000
v 13.0000 14.0000 18.0000
v 13.0000 15.0000 18.0000
v 13.0000 16.0000 18.0000
v 13.0000 15.0000 17.0000
v 13.0000 16.0000 17.0000
v 13.0000 17.0000 18.0000
v 13.0000 17.0000 17.0000
v 13.0000 2.0000 16.0000
v 13.0000 18.0000 17.0000
v 13.0000 19.0000 17.0000
v 13.0000 18.0000 16.0000
v 13.0000 19.0000 16.0000
v 12.0000 20.0000 17.0000
v 13.0000 20.0000 17.0000
v 13.0000 20.0000 16.0000
v 12.0000 20.0000 16.0000
v 13.0000 2.0000 15.0000
v 13.0000 19.0000 15.0000
v 13.0000 18.0000 15.0000
v 13.0000 2.0000 14.0000
v 13.0000 19.0000 14.0000
v 13.0000 2.0000 13.0000
v 13.0000 20.0000 14.0000
v 13.0000 20.0000 13.0000
v 13.0000 19.0000 13.0000
v 13.0000 2.0000 12.0000
v 13.0000 20.0000 12.0000
v 13.0000 19.0000 12.0000
v 13.0000 1.0000 11.0000
v 13.0000 1.0000 12.0000
v 13.0000 2.0000 11.0000
v 13.0000 20.0000 11.0000
v 13.0000 2.0000 10.0000
v 13.0000 20.0000 10.0000
v 12.0000 20.0000 10.0000
v 13.0000 2.0000 9.0000
v 13.0000 20.0000 9.0000
v 12.0000 0.0000 9.0000
v 13.0000 0.0000 8.0000
v 13.0000 0.0000 9.0000
v 13.0000 1.0000 9.0000
v 13.0000 1.0000 8.0000
v 13.0000 2.0000 8.0000
v 13.0000 20.0000 8.0000
v 13.0000 0.0000 7.0000
v 13.0000 1.0000 7.0000
v 13.0000 20.0000 7.0000
v 13.0000 19.0000 7.0000
v 13.0000 19.0000 8.0000
v 13.0000 1.0000 6.0000
v 13.0000 19.0000 6.0000
v 13.0000 0.0000 5.0000
v 13.0000 0.0000 6.0000
v 13.0000 20.0000 6.0000
v 13.0000 20.0000 5.0000
v 13.0000 0.0000 4.0000
v 13.0000 1.0000 4.0000
v 13.0000 20.0000 4.0000
v 12.0000 1.0000 3.0000
v 13.0000 1.0000 3.0000
v 13.0000 20.0000 3.0000
v 13.0000 19.0000 3.0000
v 13.0000 19.0000 4.0000
v 12.0000 -7.0000 3.0000
v 13.0000 -7.0000 3.0000
v 13.0000 -7.0000 2.0000
v 12.0000 -7.0000 2.0000
v 12.0000 -8.0000 3.0000
v 13.0000 -8.0000 2.0000
v 13.0000 -8.0000 3.0000
v 12.0000 1.0000 2.0000
v 13.0000 1.0000 2.0000
v 13.0000 2.0000 2.0000
v 13.0000 2.0000 3.0000
v 13.0000 19.0000 2.0000
v 13.0000 -8.0000 1.0000
v 13.0000 -7.0000 1.0000
v 12.0000 -7.0000 1.0000
v 12.0000 -6.0000 2.0000
v 13.0000 -6.0000 2.0000
v 13.0000 -6.0000 1.0000
v 12.0000 -6.0000 1.0000
v 12.0000 1.0000 1.0000
v 13.0000 1.0000 1.0000
v 13.0000 19.0000 1.0000
v 13.0000 -8.0000 -0.0000
v 13.0000 -7.0000 -0.0000
v 12.0000 -7.0000 -0.0000
v 13.0000 -6.0000 -0.0000
v 12.0000 -6.0000 -0.0000
v 12.0000 1.0000 -0.0000
v 13.0000 1.0000 -0.0000
v 13.0000 2.0000 -0.0000
v 13.0000 19.0000 -0.0000
v 13.0000 -8.0000 -1.0000
v 13.0000 -7.0000 -1.0000
v 13.0000 -6.0000 -1.0000
v 13.0000 2.0000 -1.0000
v 13.0000 19.0000 -1.0000
v 13.0000 -8.0000 -2.0000
v 13.0000 -7.0000 -2.0000
v 13.0000 -6.0000 -2.0000
v 13.0000 1.0000 -2.0000
v 13.0000 1.0000 -1.0000
v 13.0000 2.0000 -2.0000
v 13.0000 19.0000 -2.0000
v 13.0000 1.0000 -3.0000
v 13.0000 2.0000 -3.0000
v 13.0000 20.0000 -2.0000
v 13.0000 20.0000 -3.0000
v 13.0000 2.0000 -4.0000
v 13.0000 20.0000 -4.0000
v 13.0000 19.0000 -4.0000
v 13.0000 2.0000 -5.0000
v 13.0000 19.0000 -5.0000
v 13.0000 18.0000 -5.0000
v 13.0000 1.0000 -6.0000
v 13.0000 1.0000 -5.0000
v 13.0000 2.0000 -6.0000
v 13.0000 3.0000 -6.0000
v 13.0000 4.0000 -6.0000
v 13.0000 5.0000 -6.0000
v 13.0000 6.0000 -6.0000
v 13.0000 7.0000 -6.0000
v 13.0000 8.0000 -6.0000
v 13.0000 9.0000 -6.0000
v 13.0000 18.0000 -6.0000
v 13.0000 9.0000 -7.0000
v 13.0000 19.0000 -6.0000
v 13.0000 19.0000 -7.0000
v 13.0000 1.0000 -8.0000
v 13.0000 1.0000 -7.0000
v 13.0000 2.0000 -7.0000
v 13.0000 2.0000 -8.0000
v 13.0000 3.0000 -7.0000
v 13.0000 4.0000 -7.0000
v 13.0000 5.0000 -7.0000
v 13.0000 6.0000 -7.0000
v 13.0000 7.0000 -7.0000
v 13.0000 8.0000 -7.0000
v 13.0000 19.0000 -8.0000
v 12.0000 19.0000 -8.0000
v 13.0000 18.0000 -8.0000
v 13.0000 1.0000 -9.0000
v 13.0000 2.0000 -9.0000
v 13.0000 18.0000 -9.0000
v 13.0000 2.0000 -10.0000
v 13.0000 5.0000 -10.0000
v 13.0000 4.0000 -10.0000
v 13.0000 18.0000 -10.0000
v 13.0000 1.0000 -11.0000
v 13.0000 1.0000 -10.0000
v 13.0000 4.0000 -11.0000
v 13.0000 3.0000 -11.0000
v 13.0000 5.0000 -11.0000
v 13.0000 6.0000 -11.0000
v 13.0000 7.0000 -11.0000
v 13.0000 18.0000 -11.0000
v 12.0000 18.0000 -11.0000
v 13.0000 17.0000 -11.0000
v 13.0000 1.0000 -12.0000
v 13.0000 2.0000 -12.0000
v 13.0000 3.0000 -12.0000
v 13.0000 7.0000 -12.0000
v 13.0000 8.0000 -12.0000
v 13.0000 8.0000 -11.0000
v 13.0000 17.0000 -12.0000
v 12.0000 17.0000 -12.0000
v 12.0000 7.0000 -13.0000
v 13.0000 7.0000 -13.0000
v 13.0000 8.0000 -13.0000
v 13.0000 9.0000 -13.0000
v 13.0000 9.0000 -12.0000
v 13.0000 10.0000 -13.0000
v 13.0000 10.0000 -12.0000
v 13.0000 13.0000 -13.0000
v 13.0000 12.0000 -13.0000
v 12.0000 16.0000 -13.0000
v 13.0000 16.0000 -13.0000
v 13.0000 15.0000 -13.0000
v 13.0000 17.0000 -13.0000
v 12.0000 17.0000 -13.0000
v 13.0000 10.0000 -14.0000
v 13.0000 11.0000 -14.0000
v 13.0000 12.0000 -14.0000
v 12.0000 12.0000 -14.0000
v 13.0000 13.0000 -14.0000
v 13.0000 14.0000 -14.0000
v 13.0000 15.0000 -14.0000
v 13.0000 14.0000 -13.0000
v 14.0000 3.0000 20.0000
v 14.0000 3.0000 19.0000
v 14.0000 2.0000 19.0000
v 14.0000 2.0000 20.0000
v 13.0000 5.0000 20.0000
v 14.0000 5.0000 20.0000
v 14.0000 5.0000 19.0000
v 14.0000 4.0000 19.0000
v 14.0000 4.0000 20.0000
v 13.0000 6.0000 20.0000
v 14.0000 6.0000 19.0000
v 14.0000 6.0000 20.0000
v 14.0000 7.0000 20.0000
v 14.0000 8.0000 20.0000
v 14.0000 8.0000 19.0000
v 14.0000 9.0000 19.0000
v 14.0000 9.0000 20.0000
v 14.0000 10.0000 20.0000
v 14.0000 11.0000 20.0000
v 14.0000 11.0000 19.0000
v 14.0000 2.0000 18.0000
v 14.0000 12.0000 19.0000
v 14.0000 12.0000 18.0000
v 14.0000 2.0000 17.0000
v 14.0000 13.0000 18.0000
v 14.0000 13.0000 17.0000
v 14.0000 15.0000 18.0000
v 14.0000 15.0000 17.0000
v 14.0000 14.0000 17.0000
v 14.0000 14.0000 18.0000
v 14.0000 2.0000 16.0000
v 14.0000 16.0000 17.0000
v 14.0000 17.0000 17.0000
v 14.0000 16.0000 16.0000
v 14.0000 17.0000 16.0000
v 14.0000 18.0000 17.0000
v 14.0000 18.0000 16.0000
v 14.0000 2.0000 15.0000
v 14.0000 18.0000 15.0000
v 14.0000 20.0000 16.0000
v 14.0000 20.0000 15.0000
v 13.0000 20.0000 15.0000
v 14.0000 19.0000 15.0000
v 14.0000 19.0000 16.0000
v 14.0000 2.0000 14.0000
v 14.0000 19.0000 14.0000
v 13.0000 1.0000 14.0000
v 13.0000 1.0000 13.0000
v 14.0000 1.0000 13.0000
v 14.0000 1.0000 14.0000
v 14.0000 2.0000 13.0000
v 14.0000 19.0000 13.0000
v 14.0000 2.0000 12.0000
v 14.0000 3.0000 12.0000
v 14.0000 3.0000 13.0000
v 14.0000 19.0000 12.0000
v 14.0000 2.0000 11.0000
v 14.0000 3.0000 11.0000
v 14.0000 20.0000 12.0000
v 14.0000 20.0000 11.0000
v 14.0000 2.0000 10.0000
v 14.0000 3.0000 10.0000
v 14.0000 20.0000 10.0000
v 14.0000 2.0000 9.0000
v 14.0000 3.0000 9.0000
v 14.0000 20.0000 9.0000
v 14.0000 2.0000 8.0000
v 14.0000 20.0000 8.0000
v 14.0000 19.0000 8.0000
v 14.0000 0.0000 7.0000
v 14.0000 0.0000 8.0000
v 14.0000 1.0000 8.0000
v 14.0000 19.0000 7.0000
v 14.0000 0.0000 6.0000
v 14.0000 19.0000 6.0000
v 14.0000 0.0000 5.0000
v 14.0000 20.0000 6.0000
v 14.0000 20.0000 5.0000
v 14.0000 0.0000 4.0000
v 14.0000 1.0000 4.0000
v 14.0000 1.0000 5.0000
v 14.0000 2.0000 4.0000
v 14.0000 2.0000 5.0000
v 14.0000 20.0000 4.0000
v 14.0000 19.0000 4.0000
v 14.0000 1.0000 3.0000
v 14.0000 2.0000 3.0000
v 14.0000 13.0000 4.0000
v 14.0000 13.0000 3.0000
v 14.0000 14.0000 3.0000
v 14.0000 14.0000 4.0000
v 14.0000 15.0000 3.0000
v 14.0000 15.0000 4.0000
v 14.0000 16.0000 3.0000
v 14.0000 16.0000 4.0000
v 14.0000 19.0000 3.0000
v 14.0000 2.0000 2.0000
v 14.0000 13.0000 2.0000
v 14.0000 14.0000 2.0000
v 14.0000 19.0000 2.0000
v 13.0000 -5.0000 2.0000
v 14.0000 -5.0000 2.0000
v 14.0000 -5.0000 1.0000
v 13.0000 -5.0000 1.0000
v 14.0000 -6.0000 1.0000
v 14.0000 -6.0000 2.0000
v 14.0000 1.0000 1.0000
v 14.0000 1.0000 2.0000
v 14.0000 19.0000 1.0000
v 14.0000 -7.0000 -0.0000
v 14.0000 -7.0000 1.0000
v 14.0000 -6.0000 -0.0000
v 14.0000 -5.0000 -0.0000
v 13.0000 -5.0000 -0.0000
v 14.0000 1.0000 -0.0000
v 14.0000 2.0000 -0.0000
v 14.0000 14.0000 1.0000
v 14.0000 14.0000 -0.0000
v 14.0000 15.0000 -0.0000
v 14.0000 15.0000 1.0000
v 14.0000 16.0000 -0.0000
v 14.0000 16.0000 1.0000
v 14.0000 19.0000 -0.0000
v 14.0000 -7.0000 -1.0000
v 14.0000 -6.0000 -1.0000
v 14.0000 -5.0000 -1.0000
v 13.0000 -5.0000 -1.0000
v 14.0000 2.0000 -1.0000
v 13.0000 20.0000 -0.0000
v 14.0000 20.0000 -0.0000
v 14.0000 20.0000 -1.0000
v 13.0000 20.0000 -1.0000
v 14.0000 19.0000 -1.0000
v 14.0000 -6.0000 -2.0000
v 14.0000 -7.0000 -2.0000
v 14.0000 2.0000 -2.0000
v 14.0000 20.0000 -2.0000
v 14.0000 1.0000 -3.0000
v 14.0000 1.0000 -2.0000
v 14.0000 2.0000 -3.0000
v 14.0000 20.0000 -3.0000
v 14.0000 19.0000 -2.0000
v 14.0000 19.0000 -3.0000
v 14.0000 2.0000 -4.0000
v 14.0000 20.0000 -4.0000
v 14.0000 19.0000 -4.0000
v 14.0000 2.0000 -5.0000
v 14.0000 19.0000 -5.0000
v 14.0000 2.0000 -6.0000
v 14.0000 3.0000 -6.0000
v 14.0000 4.0000 -6.0000
v 14.0000 5.0000 -6.0000
v 14.0000 6.0000 -6.0000
v 14.0000 7.0000 -6.0000
v 14.0000 8.0000 -6.0000
v 14.0000 9.0000 -6.0000
v 14.0000 19.0000 -6.0000
v 14.0000 9.0000 -7.0000
v 14.0000 19.0000 -7.0000
v 14.0000 2.0000 -8.0000
v 14.0000 2.0000 -7.0000
v 14.0000 3.0000 -7.0000
v 14.0000 4.0000 -7.0000
v 14.0000 5.0000 -7.0000
v 14.0000 6.0000 -7.0000
v 14.0000 7.0000 -7.0000
v 14.0000 8.0000 -7.0000
v 14.0000 19.0000 -8.0000
v 14.0000 18.0000 -8.0000
v 14.0000 18.0000 -7.0000
v 14.0000 2.0000 -9.0000
v 14.0000 3.0000 -9.0000
v 14.0000 3.0000 -8.0000
v 14.0000 18.0000 -9.0000
v 14.0000 2.0000 -10.0000
v 14.0000 3.0000 -10.0000
v 14.0000 18.0000 -10.0000
v 14.0000 1.0000 -11.0000
v 14.0000 1.0000 -10.0000
v 14.0000 2.0000 -11.0000
v 14.0000 3.0000 -11.0000
v 14.0000 4.0000 -11.0000
v 14.0000 5.0000 -11.0000
v 14.0000 6.0000 -11.0000
v 14.0000 7.0000 -11.0000
v 14.0000 8.0000 -11.0000
v 14.0000 18.0000 -11.0000
v 14.0000 1.0000 -12.0000
v 14.0000 2.0000 -12.0000
v 14.0000 3.0000 -12.0000
v 14.0000 8.0000 -12.0000
v 14.0000 9.0000 -12.0000
v 14.0000 10.0000 -12.0000
v 14.0000 18.0000 -12.0000
v 13.0000 18.0000 -12.0000
v 14.0000 17.0000 -12.0000
v 13.0000 1.0000 -13.0000
v 14.0000 1.0000 -13.0000
v 13.0000 2.0000 -13.0000
v 14.0000 2.0000 -13.0000
v 14.0000 3.0000 -13.0000
v 13.0000 3.0000 -13.0000
v 14.0000 10.0000 -13.0000
v 14.0000 15.0000 -13.0000
v 14.0000 14.0000 -13.0000
v 14.0000 15.0000 -12.0000
v 14.0000 16.0000 -13.0000
v 14.0000 16.0000 -12.0000
v 14.0000 17.0000 -13.0000
v 14.0000 10.0000 -14.0000
v 14.0000 11.0000 -14.0000
v 14.0000 12.0000 -14.0000
v 14.0000 13.0000 -14.0000
v 14.0000 12.0000 -13.0000
v 14.0000 13.0000 -13.0000
v 14.0000 14.0000 -14.0000
v 14.0000 16.0000 -14.0000
v 13.0000 16.0000 -14.0000
v 14.0000 15.0000 -14.0000
v 15.0000 3.0000 20.0000
v 15.0000 3.0000 19.0000
v 15.0000 2.0000 19.0000
v 15.0000 2.0000 20.0000
v 15.0000 5.0000 20.0000
v 15.0000 5.0000 19.0000
v 15.0000 4.0000 19.0000
v 15.0000 4.0000 20.0000
v 15.0000 6.0000 19.0000
v 15.0000 6.0000 20.0000
v 15.0000 7.0000 20.0000
v 15.0000 8.0000 20.0000
v 15.0000 8.0000 19.0000
v 15.0000 9.0000 19.0000
v 15.0000 9.0000 20.0000
v 15.0000 10.0000 20.0000
v 15.0000 11.0000 20.0000
v 15.0000 11.0000 19.0000
v 15.0000 10.0000 19.0000
v 15.0000 2.0000 18.0000
v 15.0000 12.0000 19.0000
v 15.0000 12.0000 18.0000
v 15.0000 11.0000 18.0000
v 15.0000 2.0000 17.0000
v 15.0000 13.0000 18.0000
v 15.0000 13.0000 17.0000
v 15.0000 15.0000 18.0000
v 15.0000 15.0000 17.0000
v 15.0000 14.0000 17.0000
v 15.0000 14.0000 18.0000
v 15.0000 2.0000 16.0000
v 15.0000 16.0000 17.0000
v 15.0000 16.0000 16.0000
v 15.0000 18.0000 17.0000
v 15.0000 18.0000 16.0000
v 15.0000 17.0000 16.0000
v 15.0000 17.0000 17.0000
v 15.0000 2.0000 15.0000
v 15.0000 19.0000 16.0000
v 15.0000 19.0000 15.0000
v 15.0000 18.0000 15.0000
v 15.0000 2.0000 14.0000
v 15.0000 20.0000 15.0000
v 15.0000 20.0000 14.0000
v 14.0000 20.0000 14.0000
v 15.0000 2.0000 13.0000
v 15.0000 3.0000 13.0000
v 15.0000 20.0000 13.0000
v 14.0000 20.0000 13.0000
v 15.0000 19.0000 13.0000
v 15.0000 3.0000 12.0000
v 15.0000 19.0000 12.0000
v 15.0000 3.0000 11.0000
v 15.0000 20.0000 12.0000
v 15.0000 20.0000 11.0000
v 15.0000 3.0000 10.0000
v 15.0000 20.0000 10.0000
v 15.0000 19.0000 11.0000
v 15.0000 19.0000 10.0000
v 15.0000 3.0000 9.0000
v 15.0000 20.0000 9.0000
v 15.0000 19.0000 9.0000
v 15.0000 2.0000 8.0000
v 15.0000 2.0000 9.0000
v 15.0000 20.0000 8.0000
v 15.0000 0.0000 7.0000
v 15.0000 0.0000 8.0000
v 15.0000 1.0000 8.0000
v 15.0000 1.0000 7.0000
v 15.0000 2.0000 7.0000
v 15.0000 20.0000 7.0000
v 14.0000 20.0000 7.0000
v 15.0000 0.0000 6.0000
v 15.0000 1.0000 6.0000
v 15.0000 2.0000 6.0000
v 15.0000 20.0000 6.0000
v 15.0000 0.0000 5.0000
v 15.0000 1.0000 5.0000
v 15.0000 2.0000 5.0000
v 15.0000 20.0000 5.0000
v 15.0000 2.0000 4.0000
v 15.0000 14.0000 4.0000
v 15.0000 13.0000 4.0000
v 15.0000 15.0000 4.0000
v 15.0000 16.0000 4.0000
v 15.0000 20.0000 4.0000
v 15.0000 19.0000 4.0000
v 15.0000 2.0000 3.0000
v 15.0000 13.0000 3.0000
v 15.0000 16.0000 3.0000
v 15.0000 19.0000 3.0000
v 14.0000 -5.0000 3.0000
v 15.0000 -5.0000 2.0000
v 15.0000 -5.0000 3.0000
v 15.0000 -4.0000 3.0000
v 14.0000 -4.0000 3.0000
v 14.0000 -4.0000 2.0000
v 14.0000 -3.0000 3.0000
v 15.0000 -3.0000 3.0000
v 15.0000 -3.0000 2.0000
v 14.0000 -3.0000 2.0000
v 15.0000 2.0000 2.0000
v 15.0000 13.0000 2.0000
v 15.0000 14.0000 2.0000
v 15.0000 14.0000 3.0000
v 15.0000 15.0000 3.0000
v 15.0000 19.0000 2.0000
v 15.0000 -6.0000 1.0000
v 15.0000 -6.0000 2.0000
v 15.0000 -5.0000 1.0000
v 14.0000 -4.0000 1.0000
v 15.0000 -3.0000 1.0000
v 14.0000 -3.0000 1.0000
v 15.0000 1.0000 1.0000
v 15.0000 1.0000 2.0000
v 15.0000 2.0000 1.0000
v 15.0000 15.0000 1.0000
v 15.0000 14.0000 1.0000
v 15.0000 16.0000 1.0000
v 15.0000 19.0000 1.0000
v 15.0000 -6.0000 -0.0000
v 15.0000 -5.0000 -0.0000
v 14.0000 -4.0000 -0.0000
v 15.0000 -3.0000 -0.0000
v 14.0000 -3.0000 -0.0000
v 15.0000 1.0000 -0.0000
v 15.0000 2.0000 -0.0000
v 15.0000 14.0000 -0.0000
v 15.0000 16.0000 -0.0000
v 14.0000 20.0000 1.0000
v 15.0000 20.0000 1.0000
v 15.0000 20.0000 -0.0000
v 15.0000 19.0000 -0.0000
v 15.0000 -6.0000 -1.0000
v 15.0000 -5.0000 -1.0000
v 14.0000 -4.0000 -1.0000
v 15.0000 -3.0000 -1.0000
v 14.0000 -3.0000 -1.0000
v 14.0000 1.0000 -1.0000
v 15.0000 1.0000 -1.0000
v 15.0000 2.0000 -1.0000
v 15.0000 15.0000 -0.0000
v 15.0000 19.0000 -1.0000
v 15.0000 -6.0000 -2.0000
v 14.0000 -5.0000 -2.0000
v 15.0000 -5.0000 -2.0000
v 14.0000 -4.0000 -2.0000
v 15.0000 -4.0000 -2.0000
v 15.0000 -3.0000 -2.0000
v 14.0000 -3.0000 -2.0000
v 15.0000 2.0000 -2.0000
v 15.0000 20.0000 -1.0000
v 15.0000 20.0000 -2.0000
v 15.0000 19.0000 -2.0000
v 15.0000 2.0000 -3.0000
v 15.0000 19.0000 -3.0000
v 15.0000 18.0000 -2.0000
v 15.0000 18.0000 -3.0000
v 15.0000 2.0000 -4.0000
v 15.0000 19.0000 -4.0000
v 15.0000 2.0000 -5.0000
v 15.0000 20.0000 -4.0000
v 15.0000 20.0000 -5.0000
v 14.0000 20.0000 -5.0000
v 15.0000 19.0000 -5.0000
v 14.0000 1.0000 -5.0000
v 14.0000 1.0000 -6.0000
v 15.0000 1.0000 -6.0000
v 15.0000 1.0000 -5.0000
v 15.0000 2.0000 -6.0000
v 15.0000 3.0000 -6.0000
v 15.0000 4.0000 -6.0000
v 15.0000 5.0000 -6.0000
v 15.0000 6.0000 -6.0000
v 15.0000 7.0000 -6.0000
v 15.0000 8.0000 -6.0000
v 15.0000 9.0000 -6.0000
v 15.0000 19.0000 -6.0000
v 15.0000 9.0000 -7.0000
v 15.0000 19.0000 -7.0000
v 15.0000 18.0000 -7.0000
v 15.0000 2.0000 -8.0000
v 15.0000 2.0000 -7.0000
v 15.0000 3.0000 -7.0000
v 15.0000 3.0000 -8.0000
v 15.0000 4.0000 -7.0000
v 15.0000 5.0000 -7.0000
v 15.0000 6.0000 -7.0000
v 15.0000 7.0000 -7.0000
v 15.0000 8.0000 -7.0000
v 15.0000 18.0000 -8.0000
v 15.0000 3.0000 -9.0000
v 15.0000 19.0000 -8.0000
v 15.0000 19.0000 -9.0000
v 14.0000 19.0000 -9.0000
v 15.0000 18.0000 -9.0000
v 15.0000 3.0000 -10.0000
v 15.0000 18.0000 -10.0000
v 15.0000 3.0000 -11.0000
v 14.0000 19.0000 -10.0000
v 15.0000 19.0000 -10.0000
v 15.0000 19.0000 -11.0000
v 14.0000 19.0000 -11.0000
v 15.0000 18.0000 -11.0000
v 15.0000 3.0000 -12.0000
v 14.0000 4.0000 -12.0000
v 15.0000 4.0000 -12.0000
v 14.0000 5.0000 -12.0000
v 14.0000 6.0000 -12.0000
v 14.0000 7.0000 -12.0000
v 15.0000 7.0000 -12.0000
v 15.0000 6.0000 -12.0000
v 15.0000 9.0000 -12.0000
v 15.0000 8.0000 -12.0000
v 15.0000 16.0000 -12.0000
v 15.0000 15.0000 -12.0000
v 15.0000 18.0000 -12.0000
v 15.0000 3.0000 -13.0000
v 15.0000 2.0000 -13.0000
v 15.0000 2.0000 -12.0000
v 14.0000 4.0000 -13.0000
v 15.0000 4.0000 -13.0000
v 14.0000 5.0000 -13.0000
v 15.0000 5.0000 -13.0000
v 15.0000 6.0000 -13.0000
v 14.0000 6.0000 -13.0000
v 15.0000 8.0000 -13.0000
v 14.0000 8.0000 -13.0000
v 14.0000 7.0000 -13.0000
v 15.0000 7.0000 -13.0000
v 14.0000 9.0000 -13.0000
v 15.0000 9.0000 -13.0000
v 15.0000 13.0000 -13.0000
v 15.0000 12.0000 -13.0000
v 15.0000 14.0000 -13.0000
v 15.0000 15.0000 -13.0000
v 15.0000 14.0000 -12.0000
v 15.0000 16.0000 -13.0000
v 15.0000 17.0000 -13.0000
v 15.0000 18.0000 -13.0000
v 14.0000 18.0000 -13.0000
v 15.0000 3.0000 -14.0000
v 14.0000 3.0000 -14.0000
v 14.0000 2.0000 -14.0000
v 15.0000 2.0000 -14.0000
v 15.0000 8.0000 -14.0000
v 14.0000 8.0000 -14.0000
v 14.0000 7.0000 -14.0000
v 15.0000 7.0000 -14.0000
v 14.0000 9.0000 -14.0000
v 15.0000 9.0000 -14.0000
v 15.0000 10.0000 -14.0000
v 15.0000 11.0000 -14.0000
v 15.0000 10.0000 -13.0000
v 15.0000 11.0000 -13.0000
v 15.0000 12.0000 -14.0000
v 16.0000 5.0000 20.0000
v 16.0000 5.0000 19.0000
v 16.0000 4.0000 19.0000
v 16.0000 4.0000 20.0000
v 16.0000 6.0000 19.0000
v 16.0000 6.0000 20.0000
v 16.0000 7.0000 20.0000
v 16.0000 8.0000 20.0000
v 16.0000 9.0000 20.0000
v 16.0000 8.0000 19.0000
v 16.0000 9.0000 19.0000
v 16.0000 10.0000 20.0000
v 16.0000 10.0000 19.0000
v 15.0000 1.0000 19.0000
v 15.0000 1.0000 18.0000
v 16.0000 1.0000 18.0000
v 16.0000 1.0000 19.0000
v 16.0000 2.0000 19.0000
v 16.0000 2.0000 18.0000
v 16.0000 3.0000 19.0000
v 16.0000 5.0000 18.0000
v 16.0000 6.0000 18.0000
v 16.0000 8.0000 18.0000
v 16.0000 9.0000 18.0000
v 16.0000 10.0000 18.0000
v 16.0000 11.0000 19.0000
v 16.0000 11.0000 18.0000
v 16.0000 12.0000 18.0000
v 16.0000 12.0000 19.0000
v 16.0000 13.0000 19.0000
v 15.0000 13.0000 19.0000
v 16.0000 13.0000 18.0000
v 16.0000 14.0000 19.0000
v 15.0000 14.0000 19.0000
v 16.0000 14.0000 18.0000
v 16.0000 15.0000 19.0000
v 15.0000 15.0000 19.0000
v 15.0000 16.0000 19.0000
v 16.0000 16.0000 19.0000
v 16.0000 16.0000 18.0000
v 15.0000 16.0000 18.0000
v 16.0000 15.0000 18.0000
v 16.0000 2.0000 17.0000
v 16.0000 16.0000 17.0000
v 16.0000 15.0000 17.0000
v 16.0000 2.0000 16.0000
v 16.0000 16.0000 16.0000
v 16.0000 2.0000 15.0000
v 16.0000 17.0000 16.0000
v 16.0000 16.0000 15.0000
v 16.0000 17.0000 15.0000
v 16.0000 18.0000 16.0000
v 16.0000 18.0000 15.0000
v 16.0000 2.0000 14.0000
v 16.0000 19.0000 15.0000
v 16.0000 18.0000 14.0000
v 16.0000 19.0000 14.0000
v 16.0000 20.0000 15.0000
v 16.0000 20.0000 14.0000
v 16.0000 2.0000 13.0000
v 16.0000 18.0000 13.0000
v 16.0000 19.0000 13.0000
v 16.0000 20.0000 13.0000
v 15.0000 2.0000 12.0000
v 16.0000 2.0000 12.0000
v 16.0000 20.0000 12.0000
v 15.0000 2.0000 11.0000
v 16.0000 2.0000 11.0000
v 16.0000 20.0000 11.0000
v 16.0000 19.0000 11.0000
v 15.0000 2.0000 10.0000
v 16.0000 2.0000 10.0000
v 16.0000 19.0000 10.0000
v 16.0000 2.0000 9.0000
v 16.0000 19.0000 9.0000
v 16.0000 2.0000 8.0000
v 16.0000 20.0000 9.0000
v 16.0000 20.0000 8.0000
v 16.0000 19.0000 8.0000
v 16.0000 2.0000 7.0000
v 16.0000 20.0000 7.0000
v 16.0000 2.0000 6.0000
v 16.0000 20.0000 6.0000
v 16.0000 2.0000 5.0000
v 16.0000 20.0000 5.0000
v 16.0000 19.0000 6.0000
v 16.0000 19.0000 5.0000
v 16.0000 2.0000 4.0000
v 16.0000 20.0000 4.0000
v 16.0000 19.0000 4.0000
v 16.0000 2.0000 3.0000
v 16.0000 19.0000 3.0000
v 16.0000 -5.0000 2.0000
v 16.0000 -5.0000 3.0000
v 16.0000 -4.0000 3.0000
v 16.0000 -4.0000 2.0000
v 16.0000 -3.0000 3.0000
v 16.0000 -3.0000 2.0000
v 15.0000 -2.0000 3.0000
v 16.0000 -2.0000 3.0000
v 16.0000 -2.0000 2.0000
v 15.0000 -2.0000 2.0000
v 16.0000 2.0000 2.0000
v 16.0000 19.0000 2.0000
v 16.0000 -5.0000 1.0000
v 16.0000 -4.0000 1.0000
v 16.0000 -3.0000 1.0000
v 16.0000 -2.0000 1.0000
v 15.0000 -2.0000 1.0000
v 16.0000 2.0000 1.0000
v 16.0000 19.0000 1.0000
v 16.0000 -5.0000 -0.0000
v 16.0000 -4.0000 -0.0000
v 16.0000 -3.0000 -0.0000
v 16.0000 -2.0000 -0.0000
v 15.0000 -2.0000 -0.0000
v 16.0000 2.0000 -0.0000
v 16.0000 20.0000 1.0000
v 16.0000 20.0000 -0.0000
v 16.0000 19.0000 -0.0000
v 16.0000 -5.0000 -1.0000
v 16.0000 -4.0000 -1.0000
v 16.0000 -3.0000 -1.0000
v 16.0000 -2.0000 -1.0000
v 15.0000 -2.0000 -1.0000
v 16.0000 2.0000 -1.0000
v 16.0000 18.0000 -0.0000
v 16.0000 18.0000 -1.0000
v 16.0000 19.0000 -1.0000
v 16.0000 20.0000 -1.0000
v 16.0000 -5.0000 -2.0000
v 16.0000 -4.0000 -2.0000
v 16.0000 -3.0000 -2.0000
v 16.0000 -2.0000 -2.0000
v 15.0000 -2.0000 -2.0000
v 16.0000 2.0000 -2.0000
v 16.0000 19.0000 -2.0000
v 16.0000 18.0000 -2.0000
v 16.0000 2.0000 -3.0000
v 16.0000 18.0000 -3.0000
v 16.0000 2.0000 -4.0000
v 16.0000 19.0000 -3.0000
v 16.0000 19.0000 -4.0000
v 16.0000 18.0000 -4.0000
v 16.0000 2.0000 -5.0000
v 16.0000 19.0000 -5.0000
v 16.0000 2.0000 -6.0000
v 16.0000 3.0000 -6.0000
v 16.0000 4.0000 -6.0000
v 16.0000 5.0000 -6.0000
v 16.0000 6.0000 -6.0000
v 16.0000 7.0000 -6.0000
v 16.0000 8.0000 -6.0000
v 16.0000 9.0000 -6.0000
v 16.0000 19.0000 -6.0000
v 16.0000 9.0000 -7.0000
v 16.0000 19.0000 -7.0000
v 16.0000 18.0000 -7.0000
v 16.0000 2.0000 -8.0000
v 16.0000 2.0000 -7.0000
v 16.0000 3.0000 -7.0000
v 16.0000 4.0000 -7.0000
v 16.0000 5.0000 -7.0000
v 16.0000 6.0000 -7.0000
v 16.0000 7.0000 -7.0000
v 16.0000 8.0000 -7.0000
v 16.0000 18.0000 -8.0000
v 15.0000 2.0000 -9.0000
v 16.0000 2.0000 -9.0000
v 16.0000 19.0000 -8.0000
v 16.0000 19.0000 -9.0000
v 15.0000 2.0000 -10.0000
v 16.0000 2.0000 -10.0000
v 16.0000 19.0000 -10.0000
v 15.0000 2.0000 -11.0000
v 16.0000 2.0000 -11.0000
v 16.0000 3.0000 -11.0000
v 16.0000 19.0000 -11.0000
v 16.0000 3.0000 -12.0000
v 16.0000 4.0000 -12.0000
v 16.0000 4.0000 -11.0000
v 16.0000 5.0000 -12.0000
v 16.0000 5.0000 -11.0000
v 16.0000 7.0000 -12.0000
v 16.0000 6.0000 -12.0000
v 16.0000 6.0000 -11.0000
v 16.0000 7.0000 -11.0000
v 16.0000 8.0000 -12.0000
v 16.0000 15.0000 -12.0000
v 16.0000 14.0000 -12.0000
v 16.0000 16.0000 -12.0000
v 16.0000 16.0000 -11.0000
v 16.0000 17.0000 -12.0000
v 16.0000 17.0000 -11.0000
v 16.0000 18.0000 -12.0000
v 16.0000 18.0000 -11.0000
v 16.0000 19.0000 -12.0000
v 15.0000 19.0000 -12.0000
v 16.0000 4.0000 -13.0000
v 16.0000 5.0000 -13.0000
v 16.0000 6.0000 -13.0000
v 16.0000 8.0000 -13.0000
v 16.0000 9.0000 -13.0000
v 16.0000 11.0000 -13.0000
v 16.0000 10.0000 -13.0000
v 16.0000 12.0000 -13.0000
v 16.0000 13.0000 -13.0000
v 16.0000 14.0000 -13.0000
v 16.0000 16.0000 -13.0000
v 16.0000 17.0000 -13.0000
v 16.0000 18.0000 -13.0000
v 16.0000 10.0000 -14.0000
v 16.0000 9.0000 -14.0000
v 16.0000 -2.0000 20.0000
v 16.0000 -2.0000 19.0000
v 17.0000 -2.0000 19.0000
v 17.0000 -2.0000 20.0000
v 17.0000 -1.0000 20.0000
v 16.0000 -1.0000 20.0000
v 17.0000 -1.0000 19.0000
v 16.0000 -1.0000 19.0000
v 17.0000 0.0000 20.0000
v 16.0000 0.0000 20.0000
v 17.0000 0.0000 19.0000
v 16.0000 0.0000 19.0000
v 16.0000 1.0000 20.0000
v 17.0000 1.0000 20.0000
v 17.0000 1.0000 19.0000
v 17.0000 6.0000 19.0000
v 17.0000 6.0000 20.0000
v 17.0000 7.0000 20.0000
v 17.0000 7.0000 19.0000
v 17.0000 8.0000 20.0000
v 17.0000 8.0000 19.0000
v 16.0000 11.0000 20.0000
v 17.0000 11.0000 20.0000
v 17.0000 11.0000 19.0000
v 17.0000 10.0000 19.0000
v 17.0000 10.0000 20.0000
v 16.0000 -2.0000 18.0000
v 17.0000 -2.0000 18.0000
v 17.0000 -1.0000 18.0000
v 16.0000 -1.0000 18.0000
v 17.0000 0.0000 18.0000
v 16.0000 0.0000 18.0000
v 17.0000 1.0000 18.0000
v 17.0000 2.0000 18.0000
v 17.0000 2.0000 19.0000
v 17.0000 3.0000 19.0000
v 17.0000 4.0000 19.0000
v 17.0000 5.0000 19.0000
v 17.0000 5.0000 18.0000
v 17.0000 6.0000 18.0000
v 17.0000 8.0000 18.0000
v 17.0000 10.0000 18.0000
v 17.0000 12.0000 19.0000
v 17.0000 12.0000 18.0000
v 17.0000 15.0000 19.0000
v 17.0000 15.0000 18.0000
v 17.0000 14.0000 18.0000
v 17.0000 14.0000 19.0000
v 16.0000 -2.0000 17.0000
v 17.0000 -2.0000 17.0000
v 17.0000 -1.0000 17.0000
v 16.0000 -1.0000 17.0000
v 17.0000 0.0000 17.0000
v 16.0000 0.0000 17.0000
v 17.0000 1.0000 17.0000
v 16.0000 1.0000 17.0000
v 17.0000 2.0000 17.0000
v 17.0000 9.0000 18.0000
v 17.0000 11.0000 18.0000
v 17.0000 11.0000 17.0000
v 17.0000 12.0000 17.0000
v 17.0000 13.0000 18.0000
v 17.0000 13.0000 17.0000
v 17.0000 14.0000 17.0000
v 17.0000 15.0000 17.0000
v 16.0000 -2.0000 16.0000
v 17.0000 -2.0000 16.0000
v 17.0000 -1.0000 16.0000
v 16.0000 -1.0000 16.0000
v 17.0000 0.0000 16.0000
v 16.0000 0.0000 16.0000
v 17.0000 1.0000 16.0000
v 16.0000 1.0000 16.0000
v 17.0000 2.0000 16.0000
v 17.0000 11.0000 16.0000
v 17.0000 12.0000 16.0000
v 17.0000 13.0000 16.0000
v 17.0000 14.0000 16.0000
v 17.0000 15.0000 16.0000
v 17.0000 16.0000 17.0000
v 17.0000 16.0000 16.0000
v 16.0000 -2.0000 15.0000
v 17.0000 -2.0000 15.0000
v 17.0000 -1.0000 15.0000
v 16.0000 -1.0000 15.0000
v 17.0000 0.0000 15.0000
v 16.0000 0.0000 15.0000
v 17.0000 1.0000 15.0000
v 16.0000 1.0000 15.0000
v 17.0000 2.0000 15.0000
v 17.0000 11.0000 15.0000
v 17.0000 12.0000 15.0000
v 17.0000 13.0000 15.0000
v 17.0000 14.0000 15.0000
v 17.0000 16.0000 15.0000
v 17.0000 15.0000 15.0000
v 16.0000 -2.0000 14.0000
v 17.0000 -2.0000 14.0000
v 17.0000 -1.0000 14.0000
v 16.0000 -1.0000 14.0000
v 17.0000 0.0000 14.0000
v 16.0000 0.0000 14.0000
v 17.0000 1.0000 14.0000
v 16.0000 1.0000 14.0000
v 17.0000 2.0000 14.0000
v 17.0000 17.0000 15.0000
v 17.0000 18.0000 15.0000
v 17.0000 18.0000 14.0000
v 17.0000 17.0000 14.0000
v 17.0000 20.0000 15.0000
v 17.0000 20.0000 14.0000
v 17.0000 19.0000 14.0000
v 17.0000 19.0000 15.0000
v 16.0000 -2.0000 13.0000
v 17.0000 -2.0000 13.0000
v 17.0000 -1.0000 13.0000
v 16.0000 -1.0000 13.0000
v 17.0000 0.0000 13.0000
v 16.0000 0.0000 13.0000
v 17.0000 1.0000 13.0000
v 16.0000 1.0000 13.0000
v 17.0000 2.0000 13.0000
v 17.0000 18.0000 13.0000
v 17.0000 20.0000 13.0000
v 17.0000 19.0000 13.0000
v 16.0000 -2.0000 12.0000
v 17.0000 -2.0000 12.0000
v 17.0000 -1.0000 12.0000
v 16.0000 -1.0000 12.0000
v 17.0000 0.0000 12.0000
v 16.0000 0.0000 12.0000
v 17.0000 1.0000 12.0000
v 16.0000 1.0000 12.0000
v 17.0000 2.0000 12.0000
v 17.0000 20.0000 12.0000
v 16.0000 -2.0000 11.0000
v 17.0000 -2.0000 11.0000
v 17.0000 -1.0000 11.0000
v 16.0000 -1.0000 11.0000
v 17.0000 0.0000 11.0000
v 16.0000 0.0000 11.0000
v 17.0000 1.0000 11.0000
v 16.0000 1.0000 11.0000
v 17.0000 2.0000 11.0000
v 17.0000 20.0000 11.0000
v 16.0000 -2.0000 10.0000
v 17.0000 -2.0000 10.0000
v 17.0000 -1.0000 10.0000
v 16.0000 -1.0000 10.0000
v 17.0000 0.0000 10.0000
v 16.0000 0.0000 10.0000
v 17.0000 1.0000 10.0000
v 16.0000 1.0000 10.0000
v 17.0000 2.0000 10.0000
v 17.0000 20.0000 10.0000
v 16.0000 20.0000 10.0000
v 17.0000 19.0000 10.0000
v 17.0000 19.0000 11.0000
v 16.0000 -2.0000 9.0000
v 17.0000 -2.0000 9.0000
v 17.0000 -1.0000 9.0000
v 16.0000 -1.0000 9.0000
v 17.0000 0.0000 9.0000
v 16.0000 0.0000 9.0000
v 17.0000 1.0000 9.0000
v 16.0000 1.0000 9.0000
v 17.0000 2.0000 9.0000
v 17.0000 19.0000 9.0000
v 16.0000 -2.0000 8.0000
v 17.0000 -2.0000 8.0000
v 17.0000 -1.0000 8.0000
v 16.0000 -1.0000 8.0000
v 17.0000 0.0000 8.0000
v 16.0000 0.0000 8.0000
v 17.0000 1.0000 8.0000
v 16.0000 1.0000 8.0000
v 17.0000 2.0000 8.0000
v 17.0000 19.0000 8.0000
v 16.0000 -2.0000 7.0000
v 17.0000 -2.0000 7.0000
v 17.0000 -1.0000 7.0000
v 16.0000 -1.0000 7.0000
v 17.0000 0.0000 7.0000
v 16.0000 0.0000 7.0000
v 17.0000 1.0000 7.0000
v 16.0000 1.0000 7.0000
v 17.0000 2.0000 7.0000
v 17.0000 20.0000 8.0000
v 17.0000 20.0000 7.0000
v 17.0000 19.0000 7.0000
v 16.0000 -2.0000 6.0000
v 17.0000 -2.0000 6.0000
v 17.0000 -1.0000 6.0000
v 16.0000 -1.0000 6.0000
v 17.0000 0.0000 6.0000
v 16.0000 0.0000 6.0000
v 16.0000 1.0000 6.0000
v 17.0000 20.0000 6.0000
v 17.0000 19.0000 6.0000
v 16.0000 -2.0000 5.0000
v 17.0000 -2.0000 5.0000
v 17.0000 -1.0000 5.0000
v 16.0000 -1.0000 5.0000
v 17.0000 0.0000 5.0000
v 16.0000 0.0000 5.0000
v 16.0000 1.0000 5.0000
v 17.0000 19.0000 5.0000
v 16.0000 -2.0000 4.0000
v 17.0000 -2.0000 4.0000
v 17.0000 -1.0000 4.0000
v 16.0000 -1.0000 4.0000
v 17.0000 0.0000 4.0000
v 16.0000 0.0000 4.0000
v 16.0000 1.0000 4.0000
v 17.0000 19.0000 4.0000
v 17.0000 -2.0000 3.0000
v 17.0000 -1.0000 3.0000
v 16.0000 -1.0000 3.0000
v 17.0000 0.0000 3.0000
v 16.0000 0.0000 3.0000
v 16.0000 1.0000 3.0000
v 17.0000 19.0000 3.0000
v 17.0000 -3.0000 2.0000
v 17.0000 -3.0000 3.0000
v 17.0000 -2.0000 2.0000
v 17.0000 -1.0000 2.0000
v 16.0000 -1.0000 2.0000
v 17.0000 0.0000 2.0000
v 16.0000 0.0000 2.0000
v 16.0000 1.0000 2.0000
v 16.0000 20.0000 3.0000
v 17.0000 20.0000 3.0000
v 17.0000 20.0000 2.0000
v 16.0000 20.0000 2.0000
v 17.0000 19.0000 2.0000
v 17.0000 -3.0000 1.0000
v 17.0000 -2.0000 1.0000
v 17.0000 -1.0000 1.0000
v 16.0000 -1.0000 1.0000
v 17.0000 0.0000 1.0000
v 16.0000 0.0000 1.0000
v 16.0000 1.0000 1.0000
v 17.0000 20.0000 1.0000
v 17.0000 19.0000 1.0000
v 17.0000 -3.0000 -0.0000
v 17.0000 -2.0000 -0.0000
v 17.0000 -1.0000 -0.0000
v 16.0000 -1.0000 -0.0000
v 17.0000 0.0000 -0.0000
v 16.0000 0.0000 -0.0000
v 16.0000 1.0000 -0.0000
v 17.0000 19.0000 -0.0000
v 17.0000 18.0000 -0.0000
v 17.0000 18.0000 1.0000
v 17.0000 -3.0000 -1.0000
v 17.0000 -2.0000 -1.0000
v 17.0000 -1.0000 -1.0000
v 16.0000 -1.0000 -1.0000
v 17.0000 0.0000 -1.0000
v 16.0000 0.0000 -1.0000
v 16.0000 1.0000 -1.0000
v 17.0000 15.0000 -0.0000
v 17.0000 15.0000 -1.0000
v 17.0000 16.0000 -1.0000
v 17.0000 16.0000 -0.0000
v 17.0000 18.0000 -1.0000
v 17.0000 -3.0000 -2.0000
v 17.0000 -2.0000 -2.0000
v 17.0000 -1.0000 -2.0000
v 16.0000 -1.0000 -2.0000
v 17.0000 0.0000 -2.0000
v 16.0000 0.0000 -2.0000
v 16.0000 1.0000 -2.0000
v 17.0000 19.0000 -1.0000
v 17.0000 19.0000 -2.0000
v 17.0000 18.0000 -2.0000
v 16.0000 -2.0000 -3.0000
v 17.0000 -2.0000 -3.0000
v 16.0000 -1.0000 -3.0000
v 17.0000 -1.0000 -3.0000
v 16.0000 0.0000 -3.0000
v 17.0000 0.0000 -3.0000
v 16.0000 1.0000 -3.0000
v 17.0000 19.0000 -3.0000
v 17.0000 18.0000 -3.0000
v 16.0000 0.0000 -4.0000
v 17.0000 0.0000 -4.0000
v 16.0000 1.0000 -4.0000
v 17.0000 2.0000 -4.0000
v 17.0000 1.0000 -4.0000
v 17.0000 18.0000 -4.0000
v 17.0000 1.0000 -5.0000
v 16.0000 1.0000 -5.0000
v 16.0000 0.0000 -5.0000
v 17.0000 0.0000 -5.0000
v 17.0000 2.0000 -5.0000
v 17.0000 19.0000 -4.0000
v 17.0000 19.0000 -5.0000
v 17.0000 18.0000 -5.0000
v 16.0000 1.0000 -6.0000
v 17.0000 1.0000 -6.0000
v 17.0000 17.0000 -5.0000
v 17.0000 17.0000 -6.0000
v 17.0000 18.0000 -6.0000
v 17.0000 19.0000 -6.0000
v 16.0000 20.0000 -5.0000
v 17.0000 20.0000 -5.0000
v 17.0000 20.0000 -6.0000
v 16.0000 20.0000 -6.0000
v 16.0000 0.0000 -6.0000
v 16.0000 0.0000 -7.0000
v 17.0000 0.0000 -7.0000
v 17.0000 0.0000 -6.0000
v 16.0000 1.0000 -7.0000
v 17.0000 1.0000 -7.0000
v 17.0000 2.0000 -7.0000
v 17.0000 19.0000 -7.0000
v 17.0000 2.0000 -8.0000
v 17.0000 19.0000 -8.0000
v 17.0000 2.0000 -9.0000
v 17.0000 19.0000 -9.0000
v 17.0000 18.0000 -8.0000
v 17.0000 18.0000 -9.0000
v 17.0000 2.0000 -10.0000
v 17.0000 16.0000 -9.0000
v 17.0000 16.0000 -10.0000
v 17.0000 17.0000 -10.0000
v 17.0000 17.0000 -9.0000
v 17.0000 19.0000 -10.0000
v 17.0000 18.0000 -10.0000
v 17.0000 2.0000 -11.0000
v 17.0000 4.0000 -11.0000
v 17.0000 3.0000 -11.0000
v 17.0000 5.0000 -11.0000
v 17.0000 7.0000 -11.0000
v 17.0000 6.0000 -11.0000
v 17.0000 17.0000 -11.0000
v 17.0000 16.0000 -11.0000
v 17.0000 18.0000 -11.0000
v 17.0000 19.0000 -11.0000
v 16.0000 1.0000 -11.0000
v 16.0000 1.0000 -12.0000
v 17.0000 1.0000 -12.0000
v 17.0000 1.0000 -11.0000
v 16.0000 2.0000 -12.0000
v 17.0000 2.0000 -12.0000
v 17.0000 3.0000 -12.0000
v 17.0000 6.0000 -12.0000
v 17.0000 5.0000 -12.0000
v 17.0000 7.0000 -12.0000
v 17.0000 8.0000 -12.0000
v 17.0000 15.0000 -12.0000
v 17.0000 14.0000 -12.0000
v 17.0000 16.0000 -12.0000
v 17.0000 3.0000 -13.0000
v 16.0000 3.0000 -13.0000
v 16.0000 2.0000 -13.0000
v 17.0000 2.0000 -13.0000
v 17.0000 8.0000 -13.0000
v 17.0000 11.0000 -13.0000
v 17.0000 10.0000 -13.0000
v 17.0000 12.0000 -13.0000
v 17.0000 14.0000 -13.0000
v 16.0000 8.0000 -14.0000
v 17.0000 8.0000 -14.0000
v 17.0000 9.0000 -14.0000
v 17.0000 10.0000 -14.0000
v 17.0000 9.0000 -13.0000
v 16.0000 12.0000 -14.0000
v 17.0000 12.0000 -14.0000
v 16.0000 13.0000 -14.0000
v 17.0000 13.0000 -14.0000
v 17.0000 14.0000 -14.0000
v 16.0000 14.0000 -14.0000
v 17.0000 9.0000 20.0000
v 17.0000 9.0000 19.0000
v 18.0000 9.0000 19.0000
v 18.0000 9.0000 20.0000
v 18.0000 10.0000 20.0000
v 18.0000 11.0000 20.0000
v 18.0000 11.0000 19.0000
v 18.0000 2.0000 18.0000
v 18.0000 2.0000 19.0000
v 18.0000 3.0000 19.0000
v 18.0000 4.0000 19.0000
v 18.0000 5.0000 19.0000
v 18.0000 5.0000 18.0000
v 18.0000 6.0000 18.0000
v 18.0000 6.0000 19.0000
v 18.0000 7.0000 19.0000
v 18.0000 8.0000 19.0000
v 18.0000 8.0000 18.0000
v 18.0000 9.0000 18.0000
v 18.0000 12.0000 19.0000
v 18.0000 12.0000 18.0000
v 18.0000 11.0000 18.0000
v 18.0000 13.0000 19.0000
v 17.0000 13.0000 19.0000
v 18.0000 13.0000 18.0000
v 18.0000 14.0000 19.0000
v 18.0000 14.0000 18.0000
v 18.0000 2.0000 17.0000
v 18.0000 11.0000 17.0000
v 18.0000 2.0000 16.0000
v 18.0000 11.0000 16.0000
v 18.0000 2.0000 15.0000
v 18.0000 11.0000 15.0000
v 18.0000 15.0000 16.0000
v 18.0000 15.0000 15.0000
v 18.0000 14.0000 15.0000
v 18.0000 14.0000 16.0000
v 18.0000 2.0000 14.0000
v 18.0000 12.0000 15.0000
v 18.0000 13.0000 15.0000
v 18.0000 16.0000 15.0000
v 18.0000 15.0000 14.0000
v 18.0000 16.0000 14.0000
v 18.0000 17.0000 15.0000
v 18.0000 17.0000 14.0000
v 18.0000 2.0000 13.0000
v 18.0000 7.0000 14.0000
v 18.0000 7.0000 13.0000
v 18.0000 8.0000 13.0000
v 18.0000 8.0000 14.0000
v 18.0000 18.0000 14.0000
v 18.0000 18.0000 13.0000
v 18.0000 20.0000 14.0000
v 18.0000 20.0000 13.0000
v 18.0000 19.0000 13.0000
v 18.0000 19.0000 14.0000
v 18.0000 2.0000 12.0000
v 18.0000 20.0000 12.0000
v 18.0000 1.0000 11.0000
v 18.0000 1.0000 12.0000
v 18.0000 2.0000 11.0000
v 18.0000 14.0000 12.0000
v 18.0000 14.0000 11.0000
v 18.0000 15.0000 11.0000
v 18.0000 15.0000 12.0000
v 18.0000 20.0000 11.0000
v 18.0000 19.0000 11.0000
v 18.0000 1.0000 10.0000
v 18.0000 2.0000 10.0000
v 18.0000 19.0000 10.0000
v 18.0000 1.0000 9.0000
v 18.0000 2.0000 9.0000
v 18.0000 16.0000 10.0000
v 18.0000 16.0000 9.0000
v 18.0000 17.0000 9.0000
v 18.0000 17.0000 10.0000
v 18.0000 19.0000 9.0000
v 18.0000 2.0000 8.0000
v 17.0000 20.0000 9.0000
v 18.0000 20.0000 9.0000
v 18.0000 20.0000 8.0000
v 18.0000 19.0000 8.0000
v 18.0000 2.0000 7.0000
v 18.0000 16.0000 8.0000
v 18.0000 16.0000 7.0000
v 18.0000 17.0000 7.0000
v 18.0000 17.0000 8.0000
v 18.0000 18.0000 7.0000
v 18.0000 18.0000 8.0000
v 18.0000 19.0000 7.0000
v 18.0000 0.0000 6.0000
v 18.0000 0.0000 7.0000
v 18.0000 1.0000 7.0000
v 18.0000 16.0000 6.0000
v 18.0000 17.0000 6.0000
v 18.0000 18.0000 6.0000
v 18.0000 19.0000 6.0000
v 18.0000 0.0000 5.0000
v 18.0000 7.0000 6.0000
v 18.0000 7.0000 5.0000
v 18.0000 8.0000 5.0000
v 18.0000 8.0000 6.0000
v 18.0000 16.0000 5.0000
v 18.0000 17.0000 5.0000
v 18.0000 18.0000 5.0000
v 18.0000 19.0000 5.0000
v 18.0000 0.0000 4.0000
v 18.0000 11.0000 5.0000
v 18.0000 11.0000 4.0000
v 18.0000 12.0000 4.0000
v 18.0000 12.0000 5.0000
v 18.0000 15.0000 5.0000
v 18.0000 15.0000 4.0000
v 18.0000 16.0000 4.0000
v 18.0000 19.0000 4.0000
v 18.0000 0.0000 3.0000
v 18.0000 16.0000 3.0000
v 18.0000 17.0000 3.0000
v 18.0000 17.0000 4.0000
v 18.0000 18.0000 3.0000
v 18.0000 18.0000 4.0000
v 18.0000 19.0000 3.0000
v 18.0000 0.0000 2.0000
v 18.0000 16.0000 2.0000
v 18.0000 17.0000 2.0000
v 18.0000 19.0000 2.0000
v 18.0000 0.0000 1.0000
v 18.0000 19.0000 1.0000
v 18.0000 18.0000 1.0000
v 18.0000 0.0000 -0.0000
v 18.0000 16.0000 -0.0000
v 18.0000 15.0000 -0.0000
v 18.0000 18.0000 -0.0000
v 18.0000 17.0000 1.0000
v 18.0000 17.0000 -0.0000
v 18.0000 0.0000 -1.0000
v 18.0000 15.0000 -1.0000
v 18.0000 16.0000 -1.0000
v 18.0000 17.0000 -1.0000
v 18.0000 18.0000 -1.0000
v 18.0000 0.0000 -2.0000
v 18.0000 18.0000 -2.0000
v 18.0000 0.0000 -3.0000
v 18.0000 18.0000 -3.0000
v 18.0000 17.0000 -2.0000
v 18.0000 17.0000 -3.0000
v 17.0000 20.0000 -2.0000
v 18.0000 20.0000 -2.0000
v 18.0000 20.0000 -3.0000
v 17.0000 20.0000 -3.0000
v 18.0000 19.0000 -3.0000
v 18.0000 19.0000 -2.0000
v 18.0000 0.0000 -4.0000
v 18.0000 1.0000 -4.0000
v 18.0000 2.0000 -4.0000
v 18.0000 6.0000 -3.0000
v 18.0000 6.0000 -4.0000
v 18.0000 7.0000 -4.0000
v 18.0000 7.0000 -3.0000
v 18.0000 11.0000 -3.0000
v 18.0000 11.0000 -4.0000
v 18.0000 12.0000 -4.0000
v 18.0000 12.0000 -3.0000
v 18.0000 14.0000 -3.0000
v 18.0000 14.0000 -4.0000
v 18.0000 15.0000 -4.0000
v 18.0000 15.0000 -3.0000
v 18.0000 19.0000 -4.0000
v 18.0000 18.0000 -4.0000
v 18.0000 2.0000 -5.0000
v 18.0000 14.0000 -5.0000
v 18.0000 15.0000 -5.0000
v 18.0000 16.0000 -4.0000
v 18.0000 16.0000 -5.0000
v 18.0000 17.0000 -5.0000
v 18.0000 17.0000 -4.0000
v 18.0000 18.0000 -5.0000
v 18.0000 1.0000 -6.0000
v 18.0000 1.0000 -5.0000
v 18.0000 11.0000 -5.0000
v 18.0000 11.0000 -6.0000
v 18.0000 12.0000 -6.0000
v 18.0000 12.0000 -5.0000
v 18.0000 14.0000 -6.0000
v 18.0000 15.0000 -6.0000
v 18.0000 16.0000 -6.0000
v 18.0000 17.0000 -6.0000
v 18.0000 0.0000 -7.0000
v 18.0000 0.0000 -6.0000
v 18.0000 1.0000 -7.0000
v 18.0000 16.0000 -7.0000
v 18.0000 17.0000 -7.0000
v 18.0000 18.0000 -6.0000
v 18.0000 19.0000 -6.0000
v 18.0000 18.0000 -7.0000
v 18.0000 19.0000 -7.0000
v 18.0000 20.0000 -6.0000
v 18.0000 20.0000 -7.0000
v 17.0000 20.0000 -7.0000
v 17.0000 0.0000 -8.0000
v 18.0000 0.0000 -8.0000
v 17.0000 1.0000 -8.0000
v 18.0000 1.0000 -8.0000
v 18.0000 2.0000 -8.0000
v 18.0000 14.0000 -7.0000
v 18.0000 14.0000 -8.0000
v 18.0000 15.0000 -8.0000
v 18.0000 15.0000 -7.0000
v 18.0000 16.0000 -8.0000
v 18.0000 19.0000 -8.0000
v 18.0000 18.0000 -8.0000
v 18.0000 2.0000 -9.0000
v 18.0000 10.0000 -8.0000
v 18.0000 10.0000 -9.0000
v 18.0000 11.0000 -9.0000
v 18.0000 11.0000 -8.0000
v 18.0000 17.0000 -9.0000
v 18.0000 16.0000 -9.0000
v 18.0000 18.0000 -9.0000
v 18.0000 2.0000 -10.0000
v 18.0000 16.0000 -10.0000
v 18.0000 18.0000 -10.0000
v 18.0000 17.0000 -10.0000
v 18.0000 2.0000 -11.0000
v 18.0000 3.0000 -10.0000
v 18.0000 3.0000 -11.0000
v 18.0000 4.0000 -11.0000
v 18.0000 4.0000 -10.0000
v 18.0000 5.0000 -11.0000
v 18.0000 16.0000 -11.0000
v 18.0000 18.0000 -11.0000
v 18.0000 17.0000 -11.0000
v 18.0000 2.0000 -12.0000
v 18.0000 4.0000 -12.0000
v 17.0000 4.0000 -12.0000
v 18.0000 3.0000 -12.0000
v 18.0000 5.0000 -12.0000
v 18.0000 6.0000 -12.0000
v 18.0000 15.0000 -12.0000
v 18.0000 14.0000 -12.0000
v 18.0000 16.0000 -12.0000
v 18.0000 18.0000 -12.0000
v 17.0000 18.0000 -12.0000
v 17.0000 17.0000 -12.0000
v 18.0000 17.0000 -12.0000
v 18.0000 3.0000 -13.0000
v 18.0000 2.0000 -13.0000
v 17.0000 6.0000 -13.0000
v 18.0000 6.0000 -13.0000
v 18.0000 7.0000 -13.0000
v 18.0000 7.0000 -12.0000
v 17.0000 7.0000 -13.0000
v 18.0000 10.0000 -13.0000
v 18.0000 9.0000 -13.0000
v 18.0000 11.0000 -13.0000
v 18.0000 14.0000 -13.0000
v 17.0000 20.0000 -12.0000
v 18.0000 20.0000 -12.0000
v 18.0000 20.0000 -13.0000
v 17.0000 20.0000 -13.0000
v 17.0000 19.0000 -12.0000
v 17.0000 19.0000 -13.0000
v 18.0000 19.0000 -13.0000
v 18.0000 19.0000 -12.0000
v 18.0000 2.0000 -14.0000
v 17.0000 2.0000 -14.0000
v 17.0000 1.0000 -13.0000
v 17.0000 1.0000 -14.0000
v 18.0000 1.0000 -14.0000
v 18.0000 1.0000 -13.0000
v 17.0000 6.0000 -14.0000
v 18.0000 6.0000 -14.0000
v 17.0000 7.0000 -14.0000
v 18.0000 7.0000 -14.0000
v 18.0000 8.0000 -14.0000
v 18.0000 9.0000 -14.0000
v 17.0000 11.0000 -14.0000
v 18.0000 11.0000 -14.0000
v 18.0000 12.0000 -14.0000
v 18.0000 12.0000 -13.0000
v 18.0000 13.0000 -14.0000
v 18.0000 13.0000 -13.0000
v 18.0000 14.0000 -14.0000
v 19.0000 9.0000 19.0000
v 19.0000 9.0000 20.0000
v 19.0000 10.0000 20.0000
v 19.0000 11.0000 20.0000
v 19.0000 11.0000 19.0000
v 19.0000 2.0000 18.0000
v 19.0000 2.0000 19.0000
v 19.0000 3.0000 19.0000
v 19.0000 3.0000 18.0000
v 19.0000 4.0000 19.0000
v 19.0000 5.0000 19.0000
v 19.0000 4.0000 18.0000
v 19.0000 5.0000 18.0000
v 19.0000 6.0000 19.0000
v 19.0000 7.0000 19.0000
v 19.0000 8.0000 19.0000
v 19.0000 12.0000 19.0000
v 19.0000 12.0000 18.0000
v 19.0000 11.0000 18.0000
v 19.0000 13.0000 19.0000
v 19.0000 13.0000 18.0000
v 19.0000 2.0000 17.0000
v 19.0000 11.0000 17.0000
v 19.0000 2.0000 16.0000
v 19.0000 3.0000 16.0000
v 19.0000 3.0000 17.0000
v 19.0000 4.0000 17.0000
v 19.0000 4.0000 16.0000
v 19.0000 5.0000 16.0000
v 19.0000 5.0000 17.0000
v 19.0000 11.0000 16.0000
v 19.0000 2.0000 15.0000
v 19.0000 3.0000 15.0000
v 19.0000 4.0000 15.0000
v 19.0000 6.0000 16.0000
v 19.0000 6.0000 15.0000
v 19.0000 7.0000 15.0000
v 19.0000 7.0000 16.0000
v 19.0000 8.0000 15.0000
v 19.0000 8.0000 16.0000
v 19.0000 9.0000 15.0000
v 19.0000 9.0000 16.0000
v 19.0000 11.0000 15.0000
v 19.0000 14.0000 16.0000
v 19.0000 14.0000 15.0000
v 18.0000 13.0000 16.0000
v 19.0000 13.0000 15.0000
v 19.0000 13.0000 16.0000
v 19.0000 2.0000 14.0000
v 19.0000 3.0000 14.0000
v 19.0000 4.0000 14.0000
v 19.0000 6.0000 14.0000
v 19.0000 7.0000 14.0000
v 19.0000 8.0000 14.0000
v 19.0000 9.0000 14.0000
v 19.0000 10.0000 14.0000
v 19.0000 10.0000 15.0000
v 19.0000 11.0000 14.0000
v 19.0000 12.0000 15.0000
v 19.0000 12.0000 14.0000
v 19.0000 13.0000 14.0000
v 19.0000 15.0000 15.0000
v 19.0000 15.0000 14.0000
v 19.0000 14.0000 14.0000
v 19.0000 2.0000 13.0000
v 19.0000 3.0000 13.0000
v 19.0000 4.0000 13.0000
v 19.0000 5.0000 13.0000
v 19.0000 5.0000 14.0000
v 19.0000 6.0000 13.0000
v 19.0000 7.0000 13.0000
v 19.0000 8.0000 13.0000
v 19.0000 9.0000 13.0000
v 19.0000 11.0000 13.0000
v 19.0000 12.0000 13.0000
v 19.0000 13.0000 13.0000
v 19.0000 16.0000 14.0000
v 19.0000 17.0000 14.0000
v 19.0000 18.0000 14.0000
v 19.0000 17.0000 13.0000
v 19.0000 18.0000 13.0000
v 19.0000 19.0000 14.0000
v 19.0000 19.0000 13.0000
v 19.0000 2.0000 12.0000
v 19.0000 3.0000 12.0000
v 19.0000 4.0000 12.0000
v 19.0000 7.0000 12.0000
v 19.0000 8.0000 12.0000
v 19.0000 9.0000 12.0000
v 19.0000 12.0000 12.0000
v 19.0000 13.0000 12.0000
v 19.0000 14.0000 12.0000
v 19.0000 14.0000 13.0000
v 19.0000 15.0000 12.0000
v 19.0000 16.0000 13.0000
v 19.0000 16.0000 12.0000
v 19.0000 17.0000 12.0000
v 19.0000 20.0000 13.0000
v 19.0000 20.0000 12.0000
v 19.0000 2.0000 11.0000
v 19.0000 3.0000 11.0000
v 19.0000 4.0000 11.0000
v 19.0000 5.0000 11.0000
v 19.0000 5.0000 12.0000
v 19.0000 7.0000 11.0000
v 19.0000 8.0000 11.0000
v 19.0000 9.0000 11.0000
v 19.0000 14.0000 11.0000
v 19.0000 13.0000 11.0000
v 19.0000 15.0000 11.0000
v 19.0000 16.0000 11.0000
v 19.0000 17.0000 11.0000
v 19.0000 18.0000 11.0000
v 19.0000 18.0000 12.0000
v 19.0000 20.0000 11.0000
v 19.0000 19.0000 12.0000
v 19.0000 19.0000 11.0000
v 19.0000 2.0000 10.0000
v 19.0000 4.0000 10.0000
v 19.0000 5.0000 10.0000
v 19.0000 6.0000 11.0000
v 19.0000 6.0000 10.0000
v 19.0000 7.0000 10.0000
v 19.0000 8.0000 10.0000
v 19.0000 15.0000 10.0000
v 19.0000 16.0000 10.0000
v 19.0000 17.0000 10.0000
v 19.0000 20.0000 10.0000
v 18.0000 20.0000 10.0000
v 19.0000 19.0000 10.0000
v 19.0000 1.0000 9.0000
v 19.0000 1.0000 10.0000
v 19.0000 2.0000 9.0000
v 19.0000 3.0000 9.0000
v 19.0000 3.0000 10.0000
v 19.0000 4.0000 9.0000
v 19.0000 10.0000 10.0000
v 19.0000 10.0000 9.0000
v 19.0000 11.0000 9.0000
v 19.0000 11.0000 10.0000
v 19.0000 12.0000 9.0000
v 19.0000 12.0000 10.0000
v 19.0000 13.0000 9.0000
v 19.0000 13.0000 10.0000
v 19.0000 16.0000 9.0000
v 19.0000 15.0000 9.0000
v 19.0000 17.0000 9.0000
v 19.0000 20.0000 9.0000
v 18.0000 1.0000 8.0000
v 19.0000 1.0000 8.0000
v 19.0000 2.0000 8.0000
v 19.0000 4.0000 8.0000
v 19.0000 5.0000 8.0000
v 19.0000 5.0000 9.0000
v 19.0000 6.0000 8.0000
v 19.0000 6.0000 9.0000
v 19.0000 7.0000 8.0000
v 19.0000 7.0000 9.0000
v 19.0000 9.0000 9.0000
v 19.0000 9.0000 8.0000
v 19.0000 10.0000 8.0000
v 19.0000 11.0000 8.0000
v 19.0000 12.0000 8.0000
v 19.0000 13.0000 8.0000
v 19.0000 14.0000 9.0000
v 19.0000 14.0000 8.0000
v 19.0000 15.0000 8.0000
v 19.0000 16.0000 8.0000
v 19.0000 17.0000 8.0000
v 19.0000 18.0000 8.0000
v 19.0000 18.0000 9.0000
v 19.0000 19.0000 8.0000
v 19.0000 20.0000 8.0000
v 19.0000 19.0000 9.0000
v 19.0000 1.0000 7.0000
v 19.0000 3.0000 8.0000
v 19.0000 3.0000 7.0000
v 19.0000 4.0000 7.0000
v 19.0000 9.0000 7.0000
v 19.0000 10.0000 7.0000
v 19.0000 11.0000 7.0000
v 19.0000 12.0000 7.0000
v 19.0000 13.0000 7.0000
v 19.0000 16.0000 7.0000
v 19.0000 15.0000 7.0000
v 19.0000 20.0000 7.0000
v 18.0000 20.0000 7.0000
v 19.0000 19.0000 7.0000
v 19.0000 0.0000 6.0000
v 19.0000 0.0000 7.0000
v 19.0000 1.0000 6.0000
v 19.0000 2.0000 7.0000
v 19.0000 2.0000 6.0000
v 19.0000 3.0000 6.0000
v 19.0000 5.0000 7.0000
v 19.0000 5.0000 6.0000
v 19.0000 6.0000 6.0000
v 19.0000 6.0000 7.0000
v 19.0000 8.0000 6.0000
v 19.0000 7.0000 6.0000
v 19.0000 7.0000 7.0000
v 19.0000 8.0000 7.0000
v 19.0000 9.0000 6.0000
v 19.0000 10.0000 6.0000
v 19.0000 11.0000 6.0000
v 19.0000 16.0000 6.0000
v 19.0000 15.0000 6.0000
v 19.0000 0.0000 5.0000
v 19.0000 1.0000 5.0000
v 19.0000 7.0000 5.0000
v 19.0000 6.0000 5.0000
v 19.0000 8.0000 5.0000
v 19.0000 9.0000 5.0000
v 19.0000 10.0000 5.0000
v 19.0000 12.0000 5.0000
v 19.0000 11.0000 5.0000
v 19.0000 12.0000 6.0000
v 19.0000 13.0000 5.0000
v 19.0000 13.0000 6.0000
v 19.0000 16.0000 5.0000
v 19.0000 15.0000 5.0000
v 19.0000 0.0000 4.0000
v 19.0000 1.0000 4.0000
v 19.0000 2.0000 4.0000
v 19.0000 2.0000 5.0000
v 19.0000 3.0000 4.0000
v 19.0000 3.0000 5.0000
v 19.0000 4.0000 4.0000
v 19.0000 4.0000 5.0000
v 19.0000 7.0000 4.0000
v 19.0000 8.0000 4.0000
v 19.0000 9.0000 4.0000
v 19.0000 10.0000 4.0000
v 19.0000 11.0000 4.0000
v 19.0000 12.0000 4.0000
v 19.0000 13.0000 4.0000
v 19.0000 14.0000 4.0000
v 19.0000 14.0000 5.0000
v 19.0000 15.0000 4.0000
v 19.0000 16.0000 4.0000
v 19.0000 17.0000 5.0000
v 19.0000 17.0000 4.0000
v 19.0000 18.0000 5.0000
v 19.0000 18.0000 4.0000
v 19.0000 19.0000 5.0000
v 19.0000 19.0000 4.0000
v 18.0000 20.0000 5.0000
v 19.0000 20.0000 5.0000
v 19.0000 20.0000 4.0000
v 18.0000 20.0000 4.0000
v 19.0000 0.0000 3.0000
v 19.0000 1.0000 3.0000
v 19.0000 8.0000 3.0000
v 19.0000 9.0000 3.0000
v 19.0000 11.0000 3.0000
v 19.0000 12.0000 3.0000
v 19.0000 13.0000 3.0000
v 19.0000 14.0000 3.0000
v 19.0000 15.0000 3.0000
v 19.0000 16.0000 3.0000
v 19.0000 19.0000 3.0000
v 19.0000 18.0000 3.0000
v 19.0000 0.0000 2.0000
v 19.0000 1.0000 2.0000
v 19.0000 3.0000 3.0000
v 19.0000 3.0000 2.0000
v 19.0000 4.0000 2.0000
v 19.0000 4.0000 3.0000
v 19.0000 5.0000 2.0000
v 19.0000 5.0000 3.0000
v 19.0000 6.0000 3.0000
v 19.0000 6.0000 2.0000
v 19.0000 7.0000 2.0000
v 19.0000 7.0000 3.0000
v 19.0000 8.0000 2.0000
v 19.0000 9.0000 2.0000
v 19.0000 11.0000 2.0000
v 19.0000 12.0000 2.0000
v 19.0000 13.0000 2.0000
v 19.0000 14.0000 2.0000
v 19.0000 16.0000 2.0000
v 19.0000 17.0000 2.0000
v 19.0000 17.0000 3.0000
v 19.0000 18.0000 2.0000
v 19.0000 19.0000 2.0000
v 19.0000 0.0000 1.0000
v 19.0000 1.0000 1.0000
v 19.0000 5.0000 1.0000
v 19.0000 6.0000 1.0000
v 19.0000 7.0000 1.0000
v 19.0000 8.0000 1.0000
v 19.0000 9.0000 1.0000
v 19.0000 12.0000 1.0000
v 19.0000 13.0000 1.0000
v 19.0000 14.0000 1.0000
v 19.0000 16.0000 1.0000
v 19.0000 17.0000 1.0000
v 19.0000 18.0000 1.0000
v 19.0000 19.0000 1.0000
v 19.0000 0.0000 -0.0000
v 19.0000 1.0000 -0.0000
v 19.0000 3.0000 1.0000
v 19.0000 3.0000 -0.0000
v 19.0000 4.0000 -0.0000
v 19.0000 4.0000 1.0000
v 19.0000 6.0000 -0.0000
v 19.0000 7.0000 -0.0000
v 19.0000 8.0000 -0.0000
v 19.0000 9.0000 -0.0000
v 19.0000 10.0000 -0.0000
v 19.0000 10.0000 1.0000
v 19.0000 11.0000 -0.0000
v 19.0000 11.0000 1.0000
v 19.0000 12.0000 -0.0000
v 19.0000 13.0000 -0.0000
v 19.0000 14.0000 -0.0000
v 19.0000 15.0000 -0.0000
v 19.0000 15.0000 1.0000
v 19.0000 16.0000 -0.0000
v 19.0000 17.0000 -0.0000
v 19.0000 0.0000 -1.0000
v 19.0000 1.0000 -1.0000
v 19.0000 2.0000 -1.0000
v 19.0000 2.0000 -0.0000
v 19.0000 8.0000 -1.0000
v 19.0000 9.0000 -1.0000
v 19.0000 10.0000 -1.0000
v 19.0000 11.0000 -1.0000
v 19.0000 12.0000 -1.0000
v 19.0000 15.0000 -1.0000
v 19.0000 14.0000 -1.0000
v 19.0000 0.0000 -2.0000
v 19.0000 1.0000 -2.0000
v 19.0000 2.0000 -2.0000
v 19.0000 4.0000 -1.0000
v 19.0000 4.0000 -2.0000
v 19.0000 5.0000 -2.0000
v 19.0000 5.0000 -1.0000
v 19.0000 6.0000 -2.0000
v 19.0000 6.0000 -1.0000
v 19.0000 8.0000 -2.0000
v 19.0000 9.0000 -2.0000
v 19.0000 10.0000 -2.0000
v 19.0000 16.0000 -1.0000
v 19.0000 15.0000 -2.0000
v 19.0000 16.0000 -2.0000
v 19.0000 17.0000 -1.0000
v 19.0000 17.0000 -2.0000
v 19.0000 18.0000 -1.0000
v 19.0000 18.0000 -2.0000
v 19.0000 0.0000 -3.0000
v 19.0000 1.0000 -3.0000
v 19.0000 2.0000 -3.0000
v 19.0000 3.0000 -3.0000
v 19.0000 3.0000 -2.0000
v 19.0000 7.0000 -3.0000
v 19.0000 6.0000 -3.0000
v 19.0000 7.0000 -2.0000
v 19.0000 9.0000 -3.0000
v 19.0000 10.0000 -3.0000
v 19.0000 11.0000 -3.0000
v 19.0000 11.0000 -2.0000
v 19.0000 12.0000 -3.0000
v 19.0000 12.0000 -2.0000
v 19.0000 13.0000 -3.0000
v 19.0000 13.0000 -2.0000
v 19.0000 15.0000 -3.0000
v 19.0000 14.0000 -3.0000
v 19.0000 14.0000 -2.0000
v 19.0000 16.0000 -3.0000
v 19.0000 17.0000 -3.0000
v 19.0000 0.0000 -4.0000
v 19.0000 1.0000 -4.0000
v 19.0000 2.0000 -4.0000
v 19.0000 3.0000 -4.0000
v 19.0000 6.0000 -4.0000
v 19.0000 5.0000 -3.0000
v 19.0000 5.0000 -4.0000
v 19.0000 7.0000 -4.0000
v 19.0000 8.0000 -4.0000
v 19.0000 8.0000 -3.0000
v 19.0000 11.0000 -4.0000
v 19.0000 10.0000 -4.0000
v 19.0000 12.0000 -4.0000
v 19.0000 13.0000 -4.0000
v 19.0000 14.0000 -4.0000
v 19.0000 15.0000 -4.0000
v 19.0000 16.0000 -4.0000
v 19.0000 17.0000 -4.0000
v 19.0000 18.0000 -3.0000
v 19.0000 18.0000 -4.0000
v 19.0000 1.0000 -5.0000
v 19.0000 6.0000 -5.0000
v 19.0000 7.0000 -5.0000
v 19.0000 8.0000 -5.0000
v 19.0000 9.0000 -5.0000
v 19.0000 9.0000 -4.0000
v 19.0000 10.0000 -5.0000
v 19.0000 12.0000 -5.0000
v 19.0000 11.0000 -5.0000
v 19.0000 13.0000 -5.0000
v 19.0000 14.0000 -5.0000
v 19.0000 16.0000 -5.0000
v 19.0000 15.0000 -5.0000
v 19.0000 18.0000 -5.0000
v 19.0000 17.0000 -5.0000
v 19.0000 1.0000 -6.0000
v 19.0000 2.0000 -6.0000
v 19.0000 2.0000 -5.0000
v 19.0000 4.0000 -5.0000
v 19.0000 4.0000 -6.0000
v 19.0000 5.0000 -6.0000
v 19.0000 5.0000 -5.0000
v 19.0000 6.0000 -6.0000
v 19.0000 7.0000 -6.0000
v 19.0000 8.0000 -6.0000
v 19.0000 11.0000 -6.0000
v 19.0000 10.0000 -6.0000
v 19.0000 12.0000 -6.0000
v 19.0000 13.0000 -6.0000
v 19.0000 14.0000 -6.0000
v 19.0000 1.0000 -7.0000
v 19.0000 2.0000 -7.0000
v 19.0000 6.0000 -7.0000
v 19.0000 7.0000 -7.0000
v 19.0000 8.0000 -7.0000
v 19.0000 11.0000 -7.0000
v 19.0000 12.0000 -7.0000
v 19.0000 13.0000 -7.0000
v 19.0000 14.0000 -7.0000
v 19.0000 15.0000 -6.0000
v 19.0000 15.0000 -7.0000
v 19.0000 16.0000 -6.0000
v 19.0000 16.0000 -7.0000
v 19.0000 18.0000 -6.0000
v 19.0000 18.0000 -7.0000
v 19.0000 17.0000 -7.0000
v 19.0000 17.0000 -6.0000
v 19.0000 1.0000 -8.0000
v 19.0000 2.0000 -8.0000
v 19.0000 6.0000 -8.0000
v 19.0000 7.0000 -8.0000
v 19.0000 8.0000 -8.0000
v 19.0000 9.0000 -7.0000
v 19.0000 9.0000 -8.0000
v 19.0000 10.0000 -8.0000
v 19.0000 10.0000 -7.0000
v 19.0000 11.0000 -8.0000
v 19.0000 12.0000 -8.0000
v 19.0000 14.0000 -8.0000
v 19.0000 16.0000 -8.0000
v 19.0000 17.0000 -8.0000
v 19.0000 19.0000 -7.0000
v 19.0000 19.0000 -8.0000
v 19.0000 18.0000 -8.0000
v 19.0000 20.0000 -7.0000
v 19.0000 20.0000 -8.0000
v 18.0000 20.0000 -8.0000
v 19.0000 2.0000 -9.0000
v 19.0000 4.0000 -8.0000
v 19.0000 4.0000 -9.0000
v 19.0000 5.0000 -9.0000
v 19.0000 5.0000 -8.0000
v 19.0000 6.0000 -9.0000
v 19.0000 7.0000 -9.0000
v 19.0000 8.0000 -9.0000
v 19.0000 9.0000 -9.0000
v 19.0000 10.0000 -9.0000
v 19.0000 11.0000 -9.0000
v 19.0000 12.0000 -9.0000
v 19.0000 13.0000 -8.0000
v 19.0000 13.0000 -9.0000
v 19.0000 14.0000 -9.0000
v 19.0000 15.0000 -8.0000
v 19.0000 15.0000 -9.0000
v 19.0000 17.0000 -9.0000
v 19.0000 16.0000 -9.0000
v 19.0000 18.0000 -9.0000
v 19.0000 20.0000 -9.0000
v 18.0000 20.0000 -9.0000
v 18.0000 19.0000 -9.0000
v 19.0000 19.0000 -9.0000
v 19.0000 2.0000 -10.0000
v 19.0000 3.0000 -10.0000
v 19.0000 3.0000 -9.0000
v 19.0000 4.0000 -10.0000
v 19.0000 5.0000 -10.0000
v 19.0000 10.0000 -10.0000
v 19.0000 11.0000 -10.0000
v 19.0000 12.0000 -10.0000
v 19.0000 13.0000 -10.0000
v 19.0000 14.0000 -10.0000
v 19.0000 16.0000 -10.0000
v 19.0000 18.0000 -10.0000
v 19.0000 17.0000 -10.0000
v 18.0000 1.0000 -10.0000
v 18.0000 1.0000 -11.0000
v 19.0000 1.0000 -11.0000
v 19.0000 1.0000 -10.0000
v 19.0000 2.0000 -11.0000
v 19.0000 3.0000 -11.0000
v 19.0000 4.0000 -11.0000
v 19.0000 8.0000 -10.0000
v 19.0000 8.0000 -11.0000
v 19.0000 9.0000 -11.0000
v 19.0000 9.0000 -10.0000
v 19.0000 11.0000 -11.0000
v 19.0000 12.0000 -11.0000
v 19.0000 13.0000 -11.0000
v 19.0000 14.0000 -11.0000
v 19.0000 16.0000 -11.0000
v 18.0000 1.0000 -12.0000
v 19.0000 1.0000 -12.0000
v 19.0000 2.0000 -12.0000
v 19.0000 3.0000 -12.0000
v 19.0000 4.0000 -12.0000
v 19.0000 5.0000 -12.0000
v 19.0000 5.0000 -11.0000
v 19.0000 7.0000 -12.0000
v 19.0000 6.0000 -12.0000
v 19.0000 6.0000 -11.0000
v 19.0000 7.0000 -11.0000
v 19.0000 8.0000 -12.0000
v 19.0000 9.0000 -12.0000
v 19.0000 10.0000 -12.0000
v 19.0000 10.0000 -11.0000
v 19.0000 11.0000 -12.0000
v 19.0000 12.0000 -12.0000
v 19.0000 13.0000 -12.0000
v 19.0000 14.0000 -12.0000
v 19.0000 16.0000 -12.0000
v 19.0000 15.0000 -12.0000
v 19.0000 15.0000 -11.0000
v 19.0000 2.0000 -13.0000
v 19.0000 3.0000 -13.0000
v 18.0000 4.0000 -13.0000
v 19.0000 4.0000 -13.0000
v 19.0000 5.0000 -13.0000
v 18.0000 5.0000 -13.0000
v 19.0000 6.0000 -13.0000
v 19.0000 7.0000 -13.0000
v 19.0000 8.0000 -13.0000
v 19.0000 10.0000 -13.0000
v 19.0000 9.0000 -13.0000
v 19.0000 11.0000 -13.0000
v 19.0000 12.0000 -13.0000
v 19.0000 13.0000 -13.0000
v 19.0000 14.0000 -13.0000
v 19.0000 15.0000 -13.0000
v 18.0000 15.0000 -13.0000
v 18.0000 3.0000 -14.0000
v 19.0000 3.0000 -14.0000
v 18.0000 4.0000 -14.0000
v 19.0000 4.0000 -14.0000
v 19.0000 5.0000 -14.0000
v 18.0000 5.0000 -14.0000
v 19.0000 7.0000 -14.0000
v 19.0000 8.0000 -14.0000
v 19.0000 9.0000 -14.0000
v 19.0000 14.0000 -14.0000
v 19.0000 13.0000 -14.0000
v 19.0000 6.0000 20.0000
v 20.0000 6.0000 19.0000
v 20.0000 6.0000 20.0000
v 20.0000 7.0000 20.0000
v 19.0000 7.0000 20.0000
v 20.0000 7.0000 19.0000
v 20.0000 8.0000 20.0000
v 19.0000 8.0000 20.0000
v 20.0000 8.0000 19.0000
v 20.0000 9.0000 20.0000
v 20.0000 9.0000 19.0000
v 20.0000 10.0000 20.0000
v 20.0000 10.0000 19.0000
v 20.0000 11.0000 20.0000
v 20.0000 11.0000 19.0000
v 20.0000 4.0000 19.0000
v 20.0000 4.0000 18.0000
v 20.0000 3.0000 18.0000
v 20.0000 3.0000 19.0000
v 20.0000 5.0000 18.0000
v 20.0000 5.0000 19.0000
v 20.0000 6.0000 18.0000
v 20.0000 7.0000 18.0000
v 20.0000 8.0000 18.0000
v 20.0000 9.0000 18.0000
v 20.0000 10.0000 18.0000
v 20.0000 11.0000 18.0000
v 20.0000 2.0000 17.0000
v 20.0000 2.0000 18.0000
v 20.0000 3.0000 17.0000
v 20.0000 4.0000 17.0000
v 20.0000 5.0000 17.0000
v 20.0000 6.0000 17.0000
v 20.0000 7.0000 17.0000
v 20.0000 8.0000 17.0000
v 20.0000 9.0000 17.0000
v 20.0000 10.0000 17.0000
v 20.0000 11.0000 17.0000
v 20.0000 4.0000 16.0000
v 20.0000 3.0000 16.0000
v 20.0000 5.0000 16.0000
v 20.0000 6.0000 16.0000
v 20.0000 7.0000 16.0000
v 20.0000 8.0000 16.0000
v 20.0000 9.0000 16.0000
v 20.0000 10.0000 16.0000
v 20.0000 11.0000 16.0000
v 20.0000 4.0000 15.0000
v 20.0000 5.0000 15.0000
v 20.0000 6.0000 15.0000
v 20.0000 9.0000 15.0000
v 20.0000 10.0000 15.0000
v 20.0000 11.0000 15.0000
v 20.0000 4.0000 14.0000
v 20.0000 5.0000 14.0000
v 20.0000 6.0000 14.0000
v 20.0000 12.0000 15.0000
v 20.0000 12.0000 14.0000
v 20.0000 11.0000 14.0000
v 20.0000 14.0000 15.0000
v 20.0000 14.0000 14.0000
v 20.0000 13.0000 14.0000
v 20.0000 13.0000 15.0000
v 20.0000 3.0000 14.0000
v 20.0000 3.0000 13.0000
v 20.0000 2.0000 13.0000
v 20.0000 2.0000 14.0000
v 20.0000 7.0000 14.0000
v 20.0000 7.0000 13.0000
v 20.0000 6.0000 13.0000
v 20.0000 9.0000 13.0000
v 20.0000 9.0000 14.0000
v 20.0000 10.0000 14.0000
v 20.0000 10.0000 13.0000
v 20.0000 11.0000 13.0000
v 20.0000 13.0000 13.0000
v 20.0000 14.0000 13.0000
v 20.0000 15.0000 14.0000
v 20.0000 15.0000 13.0000
v 20.0000 16.0000 14.0000
v 20.0000 16.0000 13.0000
v 20.0000 17.0000 14.0000
v 20.0000 17.0000 13.0000
v 20.0000 19.0000 14.0000
v 20.0000 19.0000 13.0000
v 20.0000 18.0000 13.0000
v 20.0000 18.0000 14.0000
v 20.0000 3.0000 12.0000
v 20.0000 2.0000 12.0000
v 20.0000 4.0000 12.0000
v 20.0000 4.0000 13.0000
v 20.0000 5.0000 13.0000
v 20.0000 5.0000 12.0000
v 20.0000 6.0000 12.0000
v 20.0000 7.0000 12.0000
v 20.0000 9.0000 12.0000
v 20.0000 10.0000 12.0000
v 20.0000 11.0000 12.0000
v 20.0000 12.0000 13.0000
v 20.0000 12.0000 12.0000
v 20.0000 14.0000 12.0000
v 20.0000 15.0000 12.0000
v 20.0000 16.0000 12.0000
v 20.0000 17.0000 12.0000
v 20.0000 18.0000 12.0000
v 20.0000 19.0000 12.0000
v 20.0000 20.0000 13.0000
v 20.0000 20.0000 12.0000
v 20.0000 3.0000 11.0000
v 20.0000 2.0000 11.0000
v 20.0000 5.0000 11.0000
v 20.0000 6.0000 11.0000
v 20.0000 7.0000 11.0000
v 20.0000 9.0000 11.0000
v 20.0000 10.0000 11.0000
v 20.0000 11.0000 11.0000
v 20.0000 12.0000 11.0000
v 20.0000 13.0000 12.0000
v 20.0000 13.0000 11.0000
v 20.0000 19.0000 11.0000
v 20.0000 18.0000 11.0000
v 20.0000 2.0000 10.0000
v 20.0000 3.0000 10.0000
v 20.0000 4.0000 11.0000
v 20.0000 4.0000 10.0000
v 20.0000 6.0000 10.0000
v 20.0000 5.0000 10.0000
v 20.0000 8.0000 10.0000
v 20.0000 8.0000 11.0000
v 20.0000 9.0000 10.0000
v 20.0000 10.0000 10.0000
v 20.0000 11.0000 10.0000
v 20.0000 12.0000 10.0000
v 20.0000 13.0000 10.0000
v 20.0000 14.0000 11.0000
v 20.0000 14.0000 10.0000
v 20.0000 15.0000 11.0000
v 20.0000 15.0000 10.0000
v 20.0000 16.0000 10.0000
v 20.0000 16.0000 11.0000
v 20.0000 17.0000 11.0000
v 20.0000 17.0000 10.0000
v 20.0000 18.0000 10.0000
v 20.0000 19.0000 10.0000
v 20.0000 4.0000 9.0000
v 20.0000 5.0000 9.0000
v 20.0000 6.0000 9.0000
v 20.0000 7.0000 10.0000
v 20.0000 7.0000 9.0000
v 20.0000 8.0000 9.0000
v 20.0000 9.0000 9.0000
v 20.0000 10.0000 9.0000
v 20.0000 13.0000 9.0000
v 20.0000 14.0000 9.0000
v 20.0000 15.0000 9.0000
v 20.0000 17.0000 9.0000
v 20.0000 18.0000 9.0000
v 20.0000 19.0000 9.0000
v 20.0000 20.0000 10.0000
v 20.0000 20.0000 9.0000
v 20.0000 2.0000 8.0000
v 20.0000 2.0000 9.0000
v 20.0000 3.0000 9.0000
v 20.0000 3.0000 8.0000
v 20.0000 4.0000 8.0000
v 20.0000 7.0000 8.0000
v 20.0000 8.0000 8.0000
v 20.0000 9.0000 8.0000
v 20.0000 14.0000 8.0000
v 20.0000 13.0000 8.0000
v 20.0000 19.0000 8.0000
v 20.0000 18.0000 8.0000
v 20.0000 1.0000 7.0000
v 20.0000 1.0000 8.0000
v 20.0000 2.0000 7.0000
v 20.0000 3.0000 7.0000
v 20.0000 4.0000 7.0000
v 20.0000 5.0000 8.0000
v 20.0000 5.0000 7.0000
v 20.0000 6.0000 8.0000
v 20.0000 6.0000 7.0000
v 20.0000 7.0000 7.0000
v 20.0000 8.0000 7.0000
v 20.0000 9.0000 7.0000
v 20.0000 13.0000 7.0000
v 20.0000 14.0000 7.0000
v 20.0000 15.0000 8.0000
v 20.0000 15.0000 7.0000
v 20.0000 18.0000 7.0000
v 19.0000 18.0000 7.0000
v 19.0000 17.0000 7.0000
v 20.0000 17.0000 7.0000
v 20.0000 17.0000 8.0000
v 20.0000 2.0000 6.0000
v 20.0000 1.0000 6.0000
v 20.0000 3.0000 6.0000
v 20.0000 4.0000 6.0000
v 20.0000 5.0000 6.0000
v 20.0000 7.0000 6.0000
v 20.0000 6.0000 6.0000
v 20.0000 10.0000 7.0000
v 20.0000 10.0000 6.0000
v 20.0000 9.0000 6.0000
v 20.0000 11.0000 6.0000
v 20.0000 11.0000 7.0000
v 20.0000 12.0000 7.0000
v 20.0000 12.0000 6.0000
v 20.0000 13.0000 6.0000
v 20.0000 14.0000 6.0000
v 20.0000 15.0000 6.0000
v 20.0000 1.0000 5.0000
v 20.0000 2.0000 5.0000
v 20.0000 3.0000 5.0000
v 20.0000 4.0000 5.0000
v 20.0000 5.0000 5.0000
v 20.0000 6.0000 5.0000
v 20.0000 11.0000 5.0000
v 20.0000 10.0000 5.0000
v 20.0000 13.0000 5.0000
v 20.0000 14.0000 5.0000
v 20.0000 15.0000 5.0000
v 20.0000 4.0000 4.0000
v 20.0000 5.0000 4.0000
v 20.0000 6.0000 4.0000
v 20.0000 7.0000 5.0000
v 20.0000 7.0000 4.0000
v 20.0000 1.0000 3.0000
v 20.0000 1.0000 4.0000
v 20.0000 2.0000 4.0000
v 20.0000 2.0000 3.0000
v 20.0000 3.0000 4.0000
v 20.0000 3.0000 3.0000
v 20.0000 4.0000 3.0000
v 20.0000 5.0000 3.0000
v 20.0000 6.0000 3.0000
v 20.0000 7.0000 3.0000
v 20.0000 8.0000 4.0000
v 20.0000 8.0000 3.0000
v 20.0000 9.0000 3.0000
v 20.0000 9.0000 4.0000
v 20.0000 10.0000 4.0000
v 20.0000 10.0000 3.0000
v 20.0000 11.0000 4.0000
v 20.0000 11.0000 3.0000
v 20.0000 14.0000 4.0000
v 20.0000 14.0000 3.0000
v 20.0000 13.0000 3.0000
v 20.0000 13.0000 4.0000
v 20.0000 1.0000 2.0000
v 20.0000 2.0000 2.0000
v 20.0000 3.0000 2.0000
v 20.0000 6.0000 2.0000
v 20.0000 5.0000 2.0000
v 20.0000 8.0000 2.0000
v 20.0000 7.0000 2.0000
v 20.0000 9.0000 2.0000
v 20.0000 10.0000 2.0000
v 20.0000 11.0000 2.0000
v 20.0000 13.0000 2.0000
v 20.0000 12.0000 2.0000
v 20.0000 12.0000 3.0000
v 20.0000 14.0000 2.0000
v 20.0000 15.0000 3.0000
v 20.0000 15.0000 2.0000
v 20.0000 16.0000 3.0000
v 20.0000 16.0000 2.0000
v 20.0000 1.0000 1.0000
v 20.0000 2.0000 1.0000
v 20.0000 3.0000 1.0000
v 20.0000 4.0000 2.0000
v 20.0000 4.0000 1.0000
v 20.0000 5.0000 1.0000
v 20.0000 8.0000 1.0000
v 20.0000 7.0000 1.0000
v 20.0000 9.0000 1.0000
v 20.0000 10.0000 1.0000
v 20.0000 11.0000 1.0000
v 20.0000 12.0000 1.0000
v 20.0000 14.0000 1.0000
v 20.0000 15.0000 1.0000
v 20.0000 16.0000 1.0000
v 20.0000 19.0000 2.0000
v 20.0000 19.0000 1.0000
v 20.0000 18.0000 1.0000
v 20.0000 18.0000 2.0000
v 20.0000 1.0000 -0.0000
v 20.0000 2.0000 -0.0000
v 20.0000 3.0000 -0.0000
v 20.0000 4.0000 -0.0000
v 20.0000 5.0000 -0.0000
v 20.0000 6.0000 1.0000
v 20.0000 6.0000 -0.0000
v 20.0000 8.0000 -0.0000
v 20.0000 7.0000 -0.0000
v 20.0000 13.0000 1.0000
v 20.0000 13.0000 -0.0000
v 20.0000 12.0000 -0.0000
v 20.0000 16.0000 -0.0000
v 20.0000 15.0000 -0.0000
v 20.0000 2.0000 -1.0000
v 20.0000 3.0000 -1.0000
v 20.0000 4.0000 -1.0000
v 20.0000 5.0000 -1.0000
v 20.0000 6.0000 -1.0000
v 20.0000 7.0000 -1.0000
v 20.0000 8.0000 -1.0000
v 20.0000 12.0000 -1.0000
v 20.0000 13.0000 -1.0000
v 20.0000 14.0000 -0.0000
v 20.0000 14.0000 -1.0000
v 20.0000 2.0000 -2.0000
v 20.0000 3.0000 -2.0000
v 20.0000 4.0000 -2.0000
v 20.0000 6.0000 -2.0000
v 20.0000 7.0000 -2.0000
v 20.0000 8.0000 -2.0000
v 20.0000 10.0000 -2.0000
v 20.0000 10.0000 -1.0000
v 20.0000 11.0000 -1.0000
v 20.0000 11.0000 -2.0000
v 20.0000 12.0000 -2.0000
v 20.0000 13.0000 -2.0000
v 20.0000 14.0000 -2.0000
v 20.0000 15.0000 -1.0000
v 20.0000 15.0000 -2.0000
v 20.0000 3.0000 -3.0000
v 20.0000 4.0000 -3.0000
v 20.0000 5.0000 -2.0000
v 20.0000 5.0000 -3.0000
v 20.0000 6.0000 -3.0000
v 20.0000 7.0000 -3.0000
v 20.0000 8.0000 -3.0000
v 20.0000 9.0000 -2.0000
v 20.0000 9.0000 -3.0000
v 20.0000 12.0000 -3.0000
v 20.0000 11.0000 -3.0000
v 20.0000 14.0000 -3.0000
v 20.0000 13.0000 -3.0000
v 20.0000 2.0000 -3.0000
v 20.0000 2.0000 -4.0000
v 20.0000 1.0000 -4.0000
v 20.0000 1.0000 -3.0000
v 20.0000 3.0000 -4.0000
v 20.0000 4.0000 -4.0000
v 20.0000 5.0000 -4.0000
v 20.0000 8.0000 -4.0000
v 20.0000 9.0000 -4.0000
v 20.0000 10.0000 -3.0000
v 20.0000 10.0000 -4.0000
v 20.0000 1.0000 -5.0000
v 20.0000 2.0000 -5.0000
v 20.0000 3.0000 -5.0000
v 20.0000 4.0000 -5.0000
v 20.0000 5.0000 -5.0000
v 20.0000 6.0000 -4.0000
v 20.0000 6.0000 -5.0000
v 20.0000 11.0000 -4.0000
v 20.0000 11.0000 -5.0000
v 20.0000 10.0000 -5.0000
v 20.0000 2.0000 -6.0000
v 20.0000 3.0000 -6.0000
v 20.0000 4.0000 -6.0000
v 20.0000 8.0000 -6.0000
v 20.0000 8.0000 -5.0000
v 20.0000 9.0000 -5.0000
v 20.0000 9.0000 -6.0000
v 20.0000 10.0000 -6.0000
v 20.0000 2.0000 -7.0000
v 20.0000 3.0000 -7.0000
v 20.0000 4.0000 -7.0000
v 20.0000 5.0000 -6.0000
v 20.0000 5.0000 -7.0000
v 20.0000 6.0000 -6.0000
v 20.0000 6.0000 -7.0000
v 20.0000 8.0000 -7.0000
v 20.0000 9.0000 -7.0000
v 20.0000 10.0000 -7.0000
v 20.0000 11.0000 -6.0000
v 20.0000 11.0000 -7.0000
v 20.0000 13.0000 -6.0000
v 20.0000 13.0000 -7.0000
v 20.0000 12.0000 -7.0000
v 20.0000 12.0000 -6.0000
v 20.0000 15.0000 -6.0000
v 20.0000 15.0000 -7.0000
v 20.0000 14.0000 -7.0000
v 20.0000 14.0000 -6.0000
v 20.0000 1.0000 -8.0000
v 20.0000 1.0000 -7.0000
v 20.0000 2.0000 -8.0000
v 20.0000 3.0000 -8.0000
v 20.0000 4.0000 -8.0000
v 20.0000 5.0000 -8.0000
v 20.0000 6.0000 -8.0000
v 20.0000 9.0000 -8.0000
v 20.0000 8.0000 -8.0000
v 20.0000 12.0000 -8.0000
v 20.0000 13.0000 -8.0000
v 20.0000 14.0000 -8.0000
v 20.0000 18.0000 -7.0000
v 20.0000 18.0000 -8.0000
v 20.0000 17.0000 -8.0000
v 20.0000 17.0000 -7.0000
v 20.0000 2.0000 -9.0000
v 20.0000 3.0000 -9.0000
v 20.0000 4.0000 -9.0000
v 20.0000 7.0000 -8.0000
v 20.0000 7.0000 -9.0000
v 20.0000 6.0000 -9.0000
v 20.0000 13.0000 -9.0000
v 20.0000 12.0000 -9.0000
v 20.0000 16.0000 -8.0000
v 20.0000 16.0000 -9.0000
v 20.0000 15.0000 -9.0000
v 20.0000 15.0000 -8.0000
v 20.0000 5.0000 -10.0000
v 20.0000 5.0000 -9.0000
v 20.0000 6.0000 -10.0000
v 20.0000 7.0000 -10.0000
v 20.0000 8.0000 -9.0000
v 20.0000 8.0000 -10.0000
v 20.0000 9.0000 -9.0000
v 20.0000 9.0000 -10.0000
v 20.0000 10.0000 -9.0000
v 20.0000 10.0000 -10.0000
v 20.0000 12.0000 -10.0000
v 20.0000 11.0000 -10.0000
v 20.0000 11.0000 -9.0000
v 20.0000 14.0000 -10.0000
v 20.0000 14.0000 -9.0000
v 20.0000 15.0000 -10.0000
v 20.0000 16.0000 -10.0000
v 20.0000 18.0000 -9.0000
v 20.0000 18.0000 -10.0000
v 20.0000 17.0000 -10.0000
v 20.0000 17.0000 -9.0000
v 20.0000 4.0000 -11.0000
v 20.0000 4.0000 -10.0000
v 20.0000 5.0000 -11.0000
v 20.0000 6.0000 -11.0000
v 20.0000 7.0000 -11.0000
v 20.0000 8.0000 -11.0000
v 20.0000 9.0000 -11.0000
v 20.0000 10.0000 -11.0000
v 20.0000 11.0000 -11.0000
v 20.0000 14.0000 -11.0000
v 20.0000 15.0000 -11.0000
v 20.0000 16.0000 -11.0000
v 20.0000 3.0000 -11.0000
v 20.0000 3.0000 -12.0000
v 20.0000 2.0000 -12.0000
v 20.0000 2.0000 -11.0000
v 20.0000 6.0000 -12.0000
v 20.0000 5.0000 -12.0000
v 20.0000 11.0000 -12.0000
v 20.0000 10.0000 -12.0000
v 20.0000 15.0000 -12.0000
v 20.0000 14.0000 -12.0000
v 20.0000 4.0000 -12.0000
v 20.0000 4.0000 -13.0000
v 20.0000 3.0000 -13.0000
v 20.0000 8.0000 -13.0000
v 20.0000 8.0000 -12.0000
v 20.0000 9.0000 -12.0000
v 20.0000 9.0000 -13.0000
v 20.0000 10.0000 -13.0000
v 20.0000 11.0000 -13.0000
v 20.0000 13.0000 -12.0000
v 20.0000 13.0000 -13.0000
v 20.0000 12.0000 -13.0000
v 20.0000 12.0000 -12.0000
v 20.0000 6.0000 -13.0000
v 20.0000 6.0000 -14.0000
v 19.0000 6.0000 -14.0000
v 20.0000 5.0000 -14.0000
v 20.0000 5.0000 -13.0000
v 20.0000 8.0000 -14.0000
v 20.0000 7.0000 -14.0000
v 20.0000 7.0000 -13.0000
v 20.0000 10.0000 -14.0000
v 19.0000 10.0000 -14.0000
v 20.0000 9.0000 -14.0000
vt 0.001953 0.500000
vt 0.005859 0.500000
vt 0.009766 0.500000
vt 0.013672 0.500000
vt 0.017578 0.500000
vt 0.021484 0.500000
vt 0.025391 0.500000
vt 0.029297 0.500000
vt 0.033203 0.500000
vt 0.037109 0.500000
vt 0.041016 0.500000
vt 0.044922 0.500000
vt 0.048828 0.500000
vt 0.052734 0.500000
vn 0.0 -1.0 0.0
vn 0.0 1.0 0.0
vn 0.0 0.0 1.0
vn 0.0 0.0 -1.0
vn -1.0 0.0 0.0
vn 1.0 0.0 0.0
usemtl mat_Sietecueros_Karoll_Alexandra_Duran_Vásquez_fase_4
s off
f 1/1/1 2/1/1 3/1/1 4/1/1
f 1/1/3 4/1/3 5/1/3 6/1/3
f 1/1/5 6/1/5 7/1/5 2/1/5
f 8/1/2 9/1/2 10/1/2 11/1/2
f 6/1/3 5/1/3 9/1/3 8/1/3
f 7/1/4 11/1/4 10/1/4 12/1/4
f 6/1/5 8/1/5 11/1/5 7/1/5
f 7/1/2 12/1/2 13/1/2 14/1/2
f 2/1/1 15/1/1 16/1/1 3/1/1
f 2/1/5 7/1/5 14/1/5 15/1/5
f 15/1/1 17/1/1 18/1/1 16/1/1
f 15/1/5 14/1/5 19/1/5 17/1/5
f 20/2/2 21/2/2 22/2/2 23/2/2
f 14/2/3 13/2/3 21/2/3 20/2/3
f 19/2/4 23/2/4 22/2/4 24/2/4
f 14/2/5 20/2/5 23/2/5 19/2/5
f 19/1/2 24/1/2 25/1/2 26/1/2
f 17/1/1 27/1/1 28/1/1 18/1/1
f 27/1/4 26/1/4 25/1/4 28/1/4
f 17/1/5 19/1/5 26/1/5 27/1/5
f 29/1/2 30/1/2 31/1/2 32/1/2
f 33/1/1 34/1/1 35/1/1 36/1/1
f 33/1/3 36/1/3 30/1/3 29/1/3
f 33/1/5 29/1/5 32/1/5 34/1/5
f 32/1/2 31/1/2 37/1/2 5/1/2
f 34/1/1 4/1/1 38/1/1 35/1/1
f 34/1/5 32/1/5 5/1/5 4/1/5
f 39/2/2 40/2/2 41/2/2 42/2/2
f 43/2/1 44/2/1 45/2/1 46/2/1
f 43/2/3 46/2/3 40/2/3 39/2/3
f 44/2/4 42/2/4 41/2/4 45/2/4
f 43/2/5 39/2/5 42/2/5 44/2/5
f 4/1/1 3/1/1 47/1/1 38/1/1
f 9/1/2 48/1/2 49/1/2 10/1/2
f 5/1/3 37/1/3 48/1/3 9/1/3
f 3/1/1 16/1/1 50/1/1 47/1/1
f 10/1/2 49/1/2 51/1/2 21/1/2
f 12/1/5 10/1/5 21/1/5 13/1/5
f 16/1/1 18/1/1 52/1/1 50/1/1
f 21/1/2 51/1/2 53/1/2 22/1/2
f 18/1/1 28/1/1 54/1/1 52/1/1
f 28/1/4 25/1/4 55/1/4 54/1/4
f 22/1/2 53/1/2 56/1/2 57/1/2
f 24/1/5 22/1/5 57/1/5 25/1/5
f 57/1/2 56/1/2 58/1/2 59/1/2
f 25/1/1 60/1/1 61/1/1 55/1/1
f 60/1/4 59/1/4 58/1/4 61/1/4
f 25/1/5 57/1/5 59/1/5 60/1/5
f 62/3/2 63/3/2 64/3/2 65/3/2
f 66/3/1 67/3/1 68/3/1 69/3/1
f 66/3/3 69/3/3 63/3/3 62/3/3
f 67/3/4 65/3/4 64/3/4 68/3/4
f 69/3/6 68/3/6 64/3/6 63/3/6
f 66/3/5 62/3/5 65/3/5 67/3/5
f 70/1/2 71/1/2 72/1/2 73/1/2
f 74/1/1 75/1/1 76/1/1 77/1/1
f 74/1/3 77/1/3 71/1/3 70/1/3
f 77/1/6 76/1/6 72/1/6 71/1/6
f 74/1/5 70/1/5 73/1/5 75/1/5
f 78/2/2 79/2/2 80/2/2 81/2/2
f 82/2/1 83/2/1 84/2/1 85/2/1
f 82/2/3 85/2/3 79/2/3 78/2/3
f 85/2/6 84/2/6 80/2/6 79/2/6
f 82/2/5 78/2/5 81/2/5 83/2/5
f 75/2/1 86/2/1 87/2/1 76/2/1
f 86/2/4 88/2/4 89/2/4 87/2/4
f 75/2/5 73/2/5 88/2/5 86/2/5
f 90/2/2 91/2/2 92/2/2 93/2/2
f 73/2/3 72/2/3 91/2/3 90/2/3
f 73/2/5 90/2/5 93/2/5 88/2/5
f 83/2/1 94/2/1 95/2/1 84/2/1
f 94/2/4 96/2/4 97/2/4 95/2/4
f 83/2/5 81/2/5 96/2/5 94/2/5
f 98/1/2 99/1/2 100/1/2 101/1/2
f 81/1/3 80/1/3 99/1/3 98/1/3
f 81/1/5 98/1/5 101/1/5 96/1/5
f 102/3/1 103/3/1 104/3/1 105/3/1
f 102/3/3 105/3/3 106/3/3 107/3/3
f 103/3/4 108/3/4 109/3/4 104/3/4
f 102/3/5 107/3/5 108/3/5 103/3/5
f 107/2/3 106/2/3 110/2/3 111/2/3
f 108/2/4 112/2/4 113/2/4 109/2/4
f 107/2/5 111/2/5 112/2/5 108/2/5
f 111/2/3 110/2/3 114/2/3 115/2/3
f 111/2/5 115/2/5 116/2/5 112/2/5
f 115/1/3 114/1/3 117/1/3 118/1/3
f 115/1/5 118/1/5 119/1/5 116/1/5
f 120/1/2 121/1/2 122/1/2 123/1/2
f 118/1/3 117/1/3 121/1/3 120/1/3
f 118/1/5 120/1/5 123/1/5 119/1/5
f 88/1/1 124/1/1 125/1/1 89/1/1
f 124/1/4 126/1/4 127/1/4 125/1/4
f 88/1/5 93/1/5 126/1/5 124/1/5
f 128/2/2 129/2/2 130/2/2 131/2/2
f 93/2/3 92/2/3 129/2/3 128/2/3
f 93/2/5 128/2/5 131/2/5 126/2/5
f 96/1/1 132/1/1 133/1/1 97/1/1
f 132/1/4 134/1/4 135/1/4 133/1/4
f 96/1/5 101/1/5 134/1/5 132/1/5
f 136/1/2 137/1/2 138/1/2 139/1/2
f 101/1/3 100/1/3 137/1/3 136/1/3
f 101/1/5 136/1/5 139/1/5 134/1/5
f 112/2/1 140/2/1 141/2/1 113/2/1
f 112/2/5 116/2/5 142/2/5 140/2/5
f 116/2/5 119/2/5 143/2/5 142/2/5
f 119/2/5 123/2/5 144/2/5 143/2/5
f 145/2/2 146/2/2 147/2/2 148/2/2
f 123/2/3 122/2/3 146/2/3 145/2/3
f 123/2/5 145/2/5 148/2/5 144/2/5
f 126/1/1 149/1/1 150/1/1 127/1/1
f 149/1/4 151/1/4 152/1/4 150/1/4
f 126/1/5 131/1/5 151/1/5 149/1/5
f 153/1/2 154/1/2 155/1/2 156/1/2
f 131/1/3 130/1/3 154/1/3 153/1/3
f 151/1/4 156/1/4 155/1/4 152/1/4
f 131/1/5 153/1/5 156/1/5 151/1/5
f 134/1/1 157/1/1 158/1/1 135/1/1
f 157/1/4 159/1/4 160/1/4 158/1/4
f 134/1/5 139/1/5 159/1/5 157/1/5
f 161/1/2 162/1/2 163/1/2 164/1/2
f 139/1/3 138/1/3 162/1/3 161/1/3
f 139/1/5 161/1/5 164/1/5 159/1/5
f 165/3/1 166/3/1 167/3/1 168/3/1
f 165/3/3 168/3/3 169/3/3 170/3/3
f 165/3/5 170/3/5 171/3/5 166/3/5
f 170/2/3 169/2/3 141/2/3 140/2/3
f 170/2/5 140/2/5 172/2/5 171/2/5
f 140/2/5 142/2/5 173/2/5 172/2/5
f 142/1/5 143/1/5 174/1/5 173/1/5
f 143/1/5 144/1/5 175/1/5 174/1/5
f 144/1/5 148/1/5 176/1/5 175/1/5
f 148/1/3 147/1/3 177/1/3 178/1/3
f 148/1/5 178/1/5 179/1/5 176/1/5
f 149/1/2 150/1/2 180/1/2 181/1/2
f 178/1/3 177/1/3 150/1/3 149/1/3
f 178/1/5 149/1/5 181/1/5 179/1/5
f 182/1/2 183/1/2 184/1/2 185/1/2
f 156/1/1 186/1/1 187/1/1 155/1/1
f 156/1/3 155/1/3 183/1/3 182/1/3
f 186/1/4 185/1/4 184/1/4 187/1/4
f 156/1/5 182/1/5 185/1/5 186/1/5
f 164/1/2 163/1/2 188/1/2 189/1/2
f 159/1/1 190/1/1 191/1/1 160/1/1
f 190/1/4 189/1/4 188/1/4 191/1/4
f 160/1/6 191/1/6 188/1/6 163/1/6
f 159/1/5 164/1/5 189/1/5 190/1/5
f 192/3/1 193/3/1 194/3/1 195/3/1
f 192/3/3 195/3/3 196/3/3 197/3/3
f 193/3/4 198/3/4 199/3/4 194/3/4
f 192/3/5 197/3/5 198/3/5 193/3/5
f 197/3/3 196/3/3 167/3/3 166/3/3
f 198/3/4 200/3/4 201/3/4 199/3/4
f 197/3/5 166/3/5 200/3/5 198/3/5
f 200/3/4 202/3/4 203/3/4 201/3/4
f 166/3/5 171/3/5 202/3/5 200/3/5
f 171/2/5 172/2/5 204/2/5 202/2/5
f 172/2/5 173/2/5 205/2/5 204/2/5
f 173/1/5 174/1/5 206/1/5 205/1/5
f 174/1/5 175/1/5 207/1/5 206/1/5
f 175/1/5 176/1/5 208/1/5 207/1/5
f 176/1/5 179/1/5 209/1/5 208/1/5
f 179/1/5 181/1/5 210/1/5 209/1/5
f 211/1/2 212/1/2 213/1/2 214/1/2
f 181/1/3 180/1/3 212/1/3 211/1/3
f 181/1/5 211/1/5 214/1/5 210/1/5
f 215/1/2 216/1/2 217/1/2 218/1/2
f 185/1/1 219/1/1 220/1/1 184/1/1
f 185/1/3 184/1/3 216/1/3 215/1/3
f 219/1/4 218/1/4 217/1/4 220/1/4
f 185/1/5 215/1/5 218/1/5 219/1/5
f 202/2/1 221/2/1 222/2/1 203/2/1
f 221/2/4 223/2/4 224/2/4 222/2/4
f 202/2/5 204/2/5 223/2/5 221/2/5
f 223/2/4 225/2/4 226/2/4 224/2/4
f 204/2/5 205/2/5 225/2/5 223/2/5
f 225/1/4 227/1/4 228/1/4 226/1/4
f 205/1/5 206/1/5 227/1/5 225/1/5
f 227/1/4 229/1/4 230/1/4 228/1/4
f 206/1/5 207/1/5 229/1/5 227/1/5
f 229/1/4 231/1/4 232/1/4 230/1/4
f 207/1/5 208/1/5 231/1/5 229/1/5
f 231/1/4 233/1/4 234/1/4 232/1/4
f 208/1/5 209/1/5 233/1/5 231/1/5
f 233/1/4 235/1/4 236/1/4 234/1/4
f 209/1/5 210/1/5 235/1/5 233/1/5
f 235/1/4 237/1/4 238/1/4 236/1/4
f 210/1/5 214/1/5 237/1/5 235/1/5
f 239/1/2 240/1/2 241/1/2 242/1/2
f 214/1/3 213/1/3 240/1/3 239/1/3
f 237/1/4 242/1/4 241/1/4 238/1/4
f 214/1/5 239/1/5 242/1/5 237/1/5
f 243/1/2 244/1/2 245/1/2 246/1/2
f 218/1/1 247/1/1 248/1/1 217/1/1
f 218/1/3 217/1/3 244/1/3 243/1/3
f 247/1/4 246/1/4 245/1/4 248/1/4
f 218/1/5 243/1/5 246/1/5 247/1/5
f 249/2/2 250/2/2 251/2/2 252/2/2
f 253/2/1 254/2/1 255/2/1 256/2/1
f 253/2/3 256/2/3 250/2/3 249/2/3
f 253/2/5 249/2/5 252/2/5 254/2/5
f 257/2/2 258/2/2 259/2/2 260/2/2
f 246/2/1 261/2/1 262/2/1 245/2/1
f 246/2/3 245/2/3 258/2/3 257/2/3
f 261/2/4 260/2/4 259/2/4 262/2/4
f 246/2/5 257/2/5 260/2/5 261/2/5
f 263/3/2 264/3/2 265/3/2 266/3/2
f 267/3/1 268/3/1 269/3/1 270/3/1
f 267/3/3 270/3/3 264/3/3 263/3/3
f 270/3/6 269/3/6 265/3/6 264/3/6
f 267/3/5 263/3/5 266/3/5 268/3/5
f 254/2/1 271/2/1 272/2/1 255/2/1
f 271/2/4 273/2/4 274/2/4 272/2/4
f 254/2/5 252/2/5 273/2/5 271/2/5
f 252/2/3 251/2/3 275/2/3 276/2/3
f 273/2/4 277/2/4 278/2/4 274/2/4
f 252/2/5 276/2/5 277/2/5 273/2/5
f 279/1/2 280/1/2 281/1/2 282/1/2
f 276/1/3 275/1/3 280/1/3 279/1/3
f 277/1/4 282/1/4 281/1/4 278/1/4
f 276/1/5 279/1/5 282/1/5 277/1/5
f 283/1/1 284/1/1 285/1/1 286/1/1
f 283/1/3 286/1/3 287/1/3 288/1/3
f 284/1/4 289/1/4 290/1/4 285/1/4
f 283/1/5 288/1/5 289/1/5 284/1/5
f 288/1/3 287/1/3 291/1/3 292/1/3
f 288/1/5 292/1/5 293/1/5 289/1/5
f 292/2/3 291/2/3 294/2/3 295/2/3
f 292/2/5 295/2/5 296/2/5 293/2/5
f 295/2/3 294/2/3 297/2/3 298/2/3
f 295/2/5 298/2/5 299/2/5 296/2/5
f 300/2/2 301/2/2 302/2/2 303/2/2
f 298/2/3 297/2/3 301/2/3 300/2/3
f 298/2/5 300/2/5 303/2/5 299/2/5
f 304/2/2 305/2/2 306/2/2 307/2/2
f 260/2/1 308/2/1 309/2/1 259/2/1
f 260/2/3 259/2/3 305/2/3 304/2/3
f 308/2/4 307/2/4 306/2/4 309/2/4
f 260/2/5 304/2/5 307/2/5 308/2/5
f 268/3/1 310/3/1 311/3/1 269/3/1
f 269/3/6 311/3/6 312/3/6 265/3/6
f 268/3/5 266/3/5 313/3/5 310/3/5
f 271/3/2 272/3/2 314/3/2 315/3/2
f 266/3/3 265/3/3 272/3/3 271/3/3
f 266/3/5 271/3/5 315/3/5 313/3/5
f 282/1/1 316/1/1 317/1/1 281/1/1
f 282/1/3 281/1/3 318/1/3 319/1/3
f 282/1/5 319/1/5 320/1/5 316/1/5
f 319/2/3 318/2/3 321/2/3 322/2/3
f 319/2/5 322/2/5 323/2/5 320/2/5
f 322/1/3 321/1/3 324/1/3 325/1/3
f 322/1/5 325/1/5 326/1/5 323/1/5
f 327/1/2 328/1/2 329/1/2 330/1/2
f 325/1/3 324/1/3 328/1/3 327/1/3
f 325/1/5 327/1/5 330/1/5 326/1/5
f 289/2/1 331/2/1 332/2/1 290/2/1
f 331/2/4 333/2/4 334/2/4 332/2/4
f 289/2/5 293/2/5 333/2/5 331/2/5
f 333/2/4 335/2/4 336/2/4 334/2/4
f 293/2/5 296/2/5 335/2/5 333/2/5
f 335/1/4 337/1/4 338/1/4 336/1/4
f 296/1/5 299/1/5 337/1/5 335/1/5
f 299/1/5 303/1/5 339/1/5 337/1/5
f 340/2/2 341/2/2 342/2/2 343/2/2
f 303/2/3 302/2/3 341/2/3 340/2/3
f 303/2/5 340/2/5 343/2/5 339/2/5
f 344/1/2 345/1/2 346/1/2 347/1/2
f 307/1/1 348/1/1 349/1/1 306/1/1
f 307/1/3 306/1/3 345/1/3 344/1/3
f 348/1/4 347/1/4 346/1/4 349/1/4
f 306/1/6 349/1/6 346/1/6 345/1/6
f 307/1/5 344/1/5 347/1/5 348/1/5
f 310/3/1 350/3/1 351/3/1 311/3/1
f 311/3/6 351/3/6 352/3/6 312/3/6
f 310/3/5 313/3/5 353/3/5 350/3/5
f 315/2/2 314/2/2 354/2/2 355/2/2
f 313/2/5 315/2/5 355/2/5 353/2/5
f 356/1/1 357/1/1 358/1/1 359/1/1
f 356/1/3 359/1/3 317/1/3 316/1/3
f 356/1/5 316/1/5 360/1/5 357/1/5
f 316/1/5 320/1/5 361/1/5 360/1/5
f 320/2/5 323/2/5 362/2/5 361/2/5
f 323/1/5 326/1/5 363/1/5 362/1/5
f 330/1/2 329/1/2 364/1/2 365/1/2
f 326/1/5 330/1/5 365/1/5 363/1/5
f 337/1/1 366/1/1 367/1/1 338/1/1
f 366/1/4 368/1/4 369/1/4 367/1/4
f 337/1/5 339/1/5 368/1/5 366/1/5
f 368/1/4 370/1/4 371/1/4 369/1/4
f 339/1/5 343/1/5 370/1/5 368/1/5
f 372/1/2 373/1/2 374/1/2 375/1/2
f 343/1/3 342/1/3 373/1/3 372/1/3
f 343/1/5 372/1/5 375/1/5 370/1/5
f 350/3/1 376/3/1 377/3/1 351/3/1
f 350/3/5 353/3/5 378/3/5 376/3/5
f 355/2/2 354/2/2 379/2/2 380/2/2
f 353/2/5 355/2/5 380/2/5 378/2/5
f 357/1/1 381/1/1 382/1/1 358/1/1
f 357/1/5 360/1/5 383/1/5 381/1/5
f 360/1/5 361/1/5 384/1/5 383/1/5
f 384/2/4 385/2/4 386/2/4 387/2/4
f 361/2/5 362/2/5 385/2/5 384/2/5
f 385/1/4 388/1/4 389/1/4 386/1/4
f 362/1/5 363/1/5 388/1/5 385/1/5
f 363/1/5 365/1/5 390/1/5 388/1/5
f 365/2/3 364/2/3 391/2/3 392/2/3
f 365/2/5 392/2/5 393/2/5 390/2/5
f 392/2/3 391/2/3 394/2/3 395/2/3
f 392/2/5 395/2/5 396/2/5 393/2/5
f 397/2/2 398/2/2 399/2/2 400/2/2
f 395/2/3 394/2/3 398/2/3 397/2/3
f 396/2/4 400/2/4 399/2/4 401/2/4
f 395/2/5 397/2/5 400/2/5 396/2/5
f 370/1/1 402/1/1 403/1/1 371/1/1
f 402/1/4 404/1/4 405/1/4 403/1/4
f 370/1/5 375/1/5 404/1/5 402/1/5
f 406/1/2 407/1/2 408/1/2 409/1/2
f 375/1/3 374/1/3 407/1/3 406/1/3
f 404/1/4 409/1/4 408/1/4 405/1/4
f 374/1/6 405/1/6 408/1/6 407/1/6
f 375/1/5 406/1/5 409/1/5 404/1/5
f 376/2/1 410/2/1 411/2/1 377/2/1
f 377/2/6 411/2/6 412/2/6 413/2/6
f 376/2/5 378/2/5 414/2/5 410/2/5
f 380/2/2 379/2/2 415/2/2 416/2/2
f 378/2/5 380/2/5 416/2/5 414/2/5
f 417/3/1 418/3/1 419/3/1 420/3/1
f 417/3/3 420/3/3 382/3/3 381/3/3
f 417/3/5 381/3/5 421/3/5 418/3/5
f 381/1/5 383/1/5 422/1/5 421/1/5
f 384/1/2 387/1/2 423/1/2 424/1/2
f 383/1/5 384/1/5 424/1/5 422/1/5
f 388/2/1 425/2/1 426/2/1 389/2/1
f 425/2/4 427/2/4 428/2/4 426/2/4
f 388/2/5 390/2/5 427/2/5 425/2/5
f 390/2/5 393/2/5 429/2/5 427/2/5
f 396/1/2 401/1/2 430/1/2 431/1/2
f 393/1/5 396/1/5 431/1/5 429/1/5
f 402/1/2 403/1/2 432/1/2 433/1/2
f 434/1/1 435/1/1 436/1/1 437/1/1
f 434/1/3 437/1/3 403/1/3 402/1/3
f 435/1/4 433/1/4 432/1/4 436/1/4
f 434/1/5 402/1/5 433/1/5 435/1/5
f 410/2/1 438/2/1 439/2/1 411/2/1
f 410/2/5 414/2/5 440/2/5 438/2/5
f 416/3/2 415/3/2 441/3/2 442/3/2
f 414/3/5 416/3/5 442/3/5 440/3/5
f 418/3/1 443/3/1 444/3/1 419/3/1
f 418/3/5 421/3/5 445/3/5 443/3/5
f 421/1/5 422/1/5 446/1/5 445/1/5
f 422/1/5 424/1/5 447/1/5 446/1/5
f 448/1/2 449/1/2 450/1/2 451/1/2
f 424/1/3 423/1/3 449/1/3 448/1/3
f 424/1/5 448/1/5 451/1/5 447/1/5
f 427/1/1 452/1/1 453/1/1 428/1/1
f 452/1/4 454/1/4 455/1/4 453/1/4
f 427/1/5 429/1/5 454/1/5 452/1/5
f 431/1/2 430/1/2 456/1/2 457/1/2
f 454/1/4 457/1/4 456/1/4 455/1/4
f 429/1/5 431/1/5 457/1/5 454/1/5
f 458/1/2 459/1/2 460/1/2 461/1/2
f 462/1/1 463/1/1 464/1/1 465/1/1
f 462/1/3 465/1/3 459/1/3 458/1/3
f 463/1/4 461/1/4 460/1/4 464/1/4
f 462/1/5 458/1/5 461/1/5 463/1/5
f 435/1/2 436/1/2 466/1/2 467/1/2
f 468/1/1 469/1/1 470/1/1 471/1/1
f 468/1/3 471/1/3 436/1/3 435/1/3
f 469/1/4 467/1/4 466/1/4 470/1/4
f 468/1/5 435/1/5 467/1/5 469/1/5
f 438/2/1 472/2/1 473/2/1 439/2/1
f 438/2/5 440/2/5 474/2/5 472/2/5
f 442/3/2 441/3/2 475/3/2 476/3/2
f 440/3/5 442/3/5 476/3/5 474/3/5
f 443/3/1 477/3/1 478/3/1 444/3/1
f 443/3/5 445/3/5 479/3/5 477/3/5
f 445/1/5 446/1/5 480/1/5 479/1/5
f 446/1/5 447/1/5 481/1/5 480/1/5
f 447/1/5 451/1/5 482/1/5 481/1/5
f 451/2/3 450/2/3 483/2/3 484/2/3
f 451/2/5 484/2/5 485/2/5 482/2/5
f 452/2/2 453/2/2 486/2/2 487/2/2
f 484/2/3 483/2/3 453/2/3 452/2/3
f 484/2/5 452/2/5 487/2/5 485/2/5
f 467/1/1 488/1/1 489/1/1 466/1/1
f 467/1/3 466/1/3 490/1/3 491/1/3
f 467/1/5 491/1/5 492/1/5 488/1/5
f 493/1/2 494/1/2 495/1/2 496/1/2
f 491/1/3 490/1/3 494/1/3 493/1/3
f 491/1/5 493/1/5 496/1/5 492/1/5
f 472/3/1 497/3/1 498/3/1 473/3/1
f 472/3/5 474/3/5 499/3/5 497/3/5
f 476/3/2 475/3/2 500/3/2 501/3/2
f 499/3/4 501/3/4 500/3/4 502/3/4
f 474/3/5 476/3/5 501/3/5 499/3/5
f 477/3/1 503/3/1 504/3/1 478/3/1
f 477/3/5 479/3/5 505/3/5 503/3/5
f 479/1/5 480/1/5 506/1/5 505/1/5
f 480/1/5 481/1/5 507/1/5 506/1/5
f 481/2/5 482/2/5 508/2/5 507/2/5
f 482/2/5 485/2/5 509/2/5 508/2/5
f 485/1/5 487/1/5 510/1/5 509/1/5
f 487/1/3 486/1/3 511/1/3 512/1/3
f 487/1/5 512/1/5 513/1/5 510/1/5
f 514/1/2 515/1/2 516/1/2 517/1/2
f 512/1/3 511/1/3 515/1/3 514/1/3
f 512/1/5 514/1/5 517/1/5 513/1/5
f 488/1/1 518/1/1 519/1/1 489/1/1
f 518/1/4 520/1/4 521/1/4 519/1/4
f 488/1/5 492/1/5 520/1/5 518/1/5
f 492/1/5 496/1/5 522/1/5 520/1/5
f 496/2/3 495/2/3 523/2/3 524/2/3
f 496/2/5 524/2/5 525/2/5 522/2/5
f 526/2/2 527/2/2 528/2/2 529/2/2
f 524/2/3 523/2/3 527/2/3 526/2/3
f 524/2/5 526/2/5 529/2/5 525/2/5
f 499/3/2 502/3/2 530/3/2 531/3/2
f 497/3/1 532/3/1 533/3/1 498/3/1
f 498/3/6 533/3/6 530/3/6 502/3/6
f 497/3/5 499/3/5 531/3/5 532/3/5
f 503/3/1 534/3/1 535/3/1 504/3/1
f 503/3/5 505/3/5 536/3/5 534/3/5
f 505/1/5 506/1/5 537/1/5 536/1/5
f 506/2/5 507/2/5 538/2/5 537/2/5
f 507/2/5 508/2/5 539/2/5 538/2/5
f 508/2/5 509/2/5 540/2/5 539/2/5
f 509/1/5 510/1/5 541/1/5 540/1/5
f 510/1/5 513/1/5 542/1/5 541/1/5
f 513/1/5 517/1/5 543/1/5 542/1/5
f 544/1/2 545/1/2 546/1/2 547/1/2
f 517/1/3 516/1/3 545/1/3 544/1/3
f 517/1/5 544/1/5 547/1/5 543/1/5
f 520/2/1 548/2/1 549/2/1 521/2/1
f 548/2/4 550/2/4 551/2/4 549/2/4
f 520/2/5 522/2/5 550/2/5 548/2/5
f 522/2/5 525/2/5 552/2/5 550/2/5
f 529/2/2 528/2/2 553/2/2 554/2/2
f 552/2/4 554/2/4 553/2/4 555/2/4
f 556/2/6 555/2/6 553/2/6 528/2/6
f 525/2/5 529/2/5 554/2/5 552/2/5
f 531/3/2 530/3/2 557/3/2 558/3/2
f 532/3/1 559/3/1 560/3/1 533/3/1
f 533/3/6 560/3/6 557/3/6 530/3/6
f 532/3/5 531/3/5 558/3/5 559/3/5
f 561/3/1 562/3/1 563/3/1 564/3/1
f 561/3/3 564/3/3 535/3/3 534/3/3
f 562/3/4 565/3/4 566/3/4 563/3/4
f 561/3/5 534/3/5 565/3/5 562/3/5
f 534/3/5 536/3/5 567/3/5 565/3/5
f 536/1/5 537/1/5 568/1/5 567/1/5
f 537/2/5 538/2/5 569/2/5 568/2/5
f 538/1/5 539/1/5 570/1/5 569/1/5
f 539/1/5 540/1/5 571/1/5 570/1/5
f 540/2/5 541/2/5 572/2/5 571/2/5
f 541/1/5 542/1/5 573/1/5 572/1/5
f 542/1/5 543/1/5 574/1/5 573/1/5
f 547/1/2 546/1/2 575/1/2 576/1/2
f 543/1/5 547/1/5 576/1/5 574/1/5
f 552/1/2 555/1/2 577/1/2 578/1/2
f 550/1/1 579/1/1 580/1/1 551/1/1
f 579/1/4 578/1/4 577/1/4 580/1/4
f 550/1/5 552/1/5 578/1/5 579/1/5
f 558/3/2 557/3/2 581/3/2 582/3/2
f 559/3/1 583/3/1 584/3/1 560/3/1
f 560/3/6 584/3/6 581/3/6 557/3/6
f 559/3/5 558/3/5 582/3/5 583/3/5
f 565/3/1 585/3/1 586/3/1 566/3/1
f 585/3/4 587/3/4 588/3/4 586/3/4
f 565/3/5 567/3/5 587/3/5 585/3/5
f 567/2/5 568/2/5 589/2/5 587/2/5
f 568/1/5 569/1/5 590/1/5 589/1/5
f 569/1/5 570/1/5 591/1/5 590/1/5
f 570/1/5 571/1/5 592/1/5 591/1/5
f 571/2/5 572/2/5 593/2/5 592/2/5
f 572/1/5 573/1/5 594/1/5 593/1/5
f 573/1/5 574/1/5 595/1/5 594/1/5
f 576/1/2 575/1/2 596/1/2 597/1/2
f 574/1/5 576/1/5 597/1/5 595/1/5
f 598/2/2 599/2/2 600/2/2 601/2/2
f 602/2/1 603/2/1 604/2/1 605/2/1
f 602/2/3 605/2/3 599/2/3 598/2/3
f 603/2/4 601/2/4 600/2/4 604/2/4
f 602/2/5 598/2/5 601/2/5 603/2/5
f 606/4/1 607/4/1 608/4/1 609/4/1
f 606/4/3 609/4/3 584/4/3 583/4/3
f 609/4/6 608/4/6 610/4/6 584/4/6
f 606/4/5 583/4/5 611/4/5 607/4/5
f 583/4/5 582/4/5 612/4/5 611/4/5
f 613/4/2 614/4/2 615/4/2 616/4/2
f 582/4/3 581/4/3 614/4/3 613/4/3
f 582/4/5 613/4/5 616/4/5 612/4/5
f 587/2/1 617/2/1 618/2/1 588/2/1
f 587/2/5 589/2/5 619/2/5 617/2/5
f 589/1/5 590/1/5 620/1/5 619/1/5
f 590/1/5 591/1/5 621/1/5 620/1/5
f 591/1/5 592/1/5 622/1/5 621/1/5
f 592/2/5 593/2/5 623/2/5 622/2/5
f 593/1/5 594/1/5 624/1/5 623/1/5
f 624/1/4 625/1/4 626/1/4 627/1/4
f 594/1/5 595/1/5 625/1/5 624/1/5
f 597/1/2 596/1/2 628/1/2 629/1/2
f 625/1/4 629/1/4 628/1/4 626/1/4
f 595/1/5 597/1/5 629/1/5 625/1/5
f 607/4/1 630/4/1 631/4/1 608/4/1
f 607/4/5 611/4/5 632/4/5 630/4/5
f 611/4/5 612/4/5 633/4/5 632/4/5
f 612/4/5 616/4/5 634/4/5 633/4/5
f 616/4/3 615/4/3 635/4/3 636/4/3
f 616/4/5 636/4/5 637/4/5 634/4/5
f 636/2/3 635/2/3 618/2/3 617/2/3
f 636/2/5 617/2/5 638/2/5 637/2/5
f 617/1/5 619/1/5 639/1/5 638/1/5
f 619/1/5 620/1/5 640/1/5 639/1/5
f 620/1/5 621/1/5 641/1/5 640/1/5
f 621/1/5 622/1/5 642/1/5 641/1/5
f 622/2/5 623/2/5 643/2/5 642/2/5
f 624/1/2 627/1/2 644/1/2 645/1/2
f 623/1/5 624/1/5 645/1/5 643/1/5
f 629/2/1 646/2/1 647/2/1 628/2/1
f 629/2/3 628/2/3 648/2/3 649/2/3
f 646/2/4 650/2/4 651/2/4 647/2/4
f 629/2/5 649/2/5 650/2/5 646/2/5
f 652/2/2 653/2/2 654/2/2 655/2/2
f 649/2/3 648/2/3 653/2/3 652/2/3
f 649/2/5 652/2/5 655/2/5 650/2/5
f 630/4/1 656/4/1 657/4/1 631/4/1
f 630/4/5 632/4/5 658/4/5 656/4/5
f 632/4/5 633/4/5 659/4/5 658/4/5
f 633/4/5 634/4/5 660/4/5 659/4/5
f 634/4/5 637/4/5 661/4/5 660/4/5
f 637/2/5 638/2/5 36/2/5 661/2/5
f 638/1/5 639/1/5 30/1/5 36/1/5
f 639/1/5 640/1/5 662/1/5 30/1/5
f 640/1/5 641/1/5 663/1/5 662/1/5
f 641/1/5 642/1/5 664/1/5 663/1/5
f 642/2/5 643/2/5 665/2/5 664/2/5
f 643/1/5 645/1/5 666/1/5 665/1/5
f 667/1/2 668/1/2 669/1/2 670/1/2
f 645/1/3 644/1/3 668/1/3 667/1/3
f 645/1/5 667/1/5 670/1/5 666/1/5
f 655/1/2 654/1/2 671/1/2 672/1/2
f 650/1/1 673/1/1 674/1/1 651/1/1
f 650/1/5 655/1/5 672/1/5 673/1/5
f 675/1/2 676/1/2 677/1/2 678/1/2
f 679/1/1 680/1/1 681/1/1 682/1/1
f 679/1/3 682/1/3 676/1/3 675/1/3
f 679/1/5 675/1/5 678/1/5 680/1/5
f 656/4/1 683/4/1 684/4/1 657/4/1
f 683/4/4 685/4/4 686/4/4 684/4/4
f 656/4/5 658/4/5 685/4/5 683/4/5
f 658/4/5 659/4/5 687/4/5 685/4/5
f 687/4/4 688/4/4 689/4/4 690/4/4
f 659/4/5 660/4/5 688/4/5 687/4/5
f 688/4/4 691/4/4 692/4/4 689/4/4
f 660/4/5 661/4/5 691/4/5 688/4/5
f 661/2/5 36/2/5 35/2/5 691/2/5
f 30/1/5 662/1/5 693/1/5 31/1/5
f 693/1/4 694/1/4 695/1/4 696/1/4
f 662/1/5 663/1/5 694/1/5 693/1/5
f 663/1/5 664/1/5 697/1/5 694/1/5
f 664/1/5 665/1/5 46/1/5 697/1/5
f 665/2/5 666/2/5 40/2/5 46/2/5
f 666/2/5 670/2/5 698/2/5 40/2/5
f 670/2/3 669/2/3 699/2/3 700/2/3
f 670/2/5 700/2/5 701/2/5 698/2/5
f 700/2/3 699/2/3 674/2/3 673/2/3
f 700/2/5 673/2/5 702/2/5 701/2/5
f 672/1/2 671/1/2 703/1/2 704/1/2
f 673/1/5 672/1/5 704/1/5 702/1/5
f 680/1/1 705/1/1 706/1/1 681/1/1
f 705/1/4 707/1/4 708/1/4 706/1/4
f 680/1/5 678/1/5 707/1/5 705/1/5
f 709/1/2 710/1/2 711/1/2 712/1/2
f 678/1/3 677/1/3 710/1/3 709/1/3
f 707/1/4 712/1/4 711/1/4 708/1/4
f 678/1/5 709/1/5 712/1/5 707/1/5
f 687/3/2 690/3/2 713/3/2 714/3/2
f 685/3/1 715/3/1 716/3/1 686/3/1
f 685/3/5 687/3/5 714/3/5 715/3/5
f 691/3/1 717/3/1 718/3/1 692/3/1
f 691/3/5 35/3/5 38/3/5 717/3/5
f 693/1/2 696/1/2 719/1/2 48/1/2
f 31/1/5 693/1/5 48/1/5 37/1/5
f 694/1/1 720/1/1 721/1/1 695/1/1
f 720/1/4 722/1/4 723/1/4 721/1/4
f 694/1/5 697/1/5 722/1/5 720/1/5
f 697/1/5 46/1/5 45/1/5 722/1/5
f 40/2/5 698/2/5 724/2/5 41/2/5
f 698/1/5 701/1/5 725/1/5 724/1/5
f 725/1/4 726/1/4 727/1/4 728/1/4
f 701/1/5 702/1/5 726/1/5 725/1/5
f 702/1/5 704/1/5 729/1/5 726/1/5
f 705/1/2 706/1/2 730/1/2 731/1/2
f 704/1/3 703/1/3 706/1/3 705/1/3
f 729/1/4 731/1/4 730/1/4 732/1/4
f 704/1/5 705/1/5 731/1/5 729/1/5
f 714/3/2 713/3/2 733/3/2 734/3/2
f 715/3/1 735/3/1 736/3/1 716/3/1
f 715/3/5 714/3/5 734/3/5 735/3/5
f 717/3/1 737/3/1 738/3/1 718/3/1
f 717/3/5 38/3/5 47/3/5 737/3/5
f 48/1/2 719/1/2 739/1/2 49/1/2
f 722/1/1 740/1/1 741/1/1 723/1/1
f 740/1/4 742/1/4 743/1/4 741/1/4
f 722/1/5 45/1/5 742/1/5 740/1/5
f 45/1/5 41/1/5 744/1/5 742/1/5
f 41/1/5 724/1/5 745/1/5 744/1/5
f 725/1/2 728/1/2 746/1/2 747/1/2
f 724/1/5 725/1/5 747/1/5 745/1/5
f 729/1/2 732/1/2 748/1/2 749/1/2
f 726/1/1 750/1/1 751/1/1 727/1/1
f 750/1/4 749/1/4 748/1/4 751/1/4
f 726/1/5 729/1/5 749/1/5 750/1/5
f 734/2/2 733/2/2 752/2/2 753/2/2
f 735/2/1 754/2/1 755/2/1 736/2/1
f 754/2/4 753/2/4 752/2/4 755/2/4
f 735/2/5 734/2/5 753/2/5 754/2/5
f 737/3/1 756/3/1 757/3/1 738/3/1
f 737/3/5 47/3/5 50/3/5 756/3/5
f 49/1/3 739/1/3 758/1/3 759/1/3
f 49/1/5 759/1/5 760/1/5 51/1/5
f 740/1/2 741/1/2 761/1/2 762/1/2
f 759/1/3 758/1/3 741/1/3 740/1/3
f 759/1/5 740/1/5 762/1/5 760/1/5
f 742/2/1 763/2/1 764/2/1 743/2/1
f 763/2/4 765/2/4 766/2/4 764/2/4
f 742/2/5 744/2/5 765/2/5 763/2/5
f 744/1/5 745/1/5 767/1/5 765/1/5
f 747/1/2 746/1/2 768/1/2 769/1/2
f 745/1/5 747/1/5 769/1/5 767/1/5
f 756/3/1 770/3/1 771/3/1 757/3/1
f 756/3/5 50/3/5 52/3/5 770/3/5
f 53/1/4 772/1/4 773/1/4 774/1/4
f 51/1/5 760/1/5 772/1/5 53/1/5
f 760/2/5 762/2/5 775/2/5 772/2/5
f 763/2/2 764/2/2 776/2/2 777/2/2
f 762/2/3 761/2/3 764/2/3 763/2/3
f 762/2/5 763/2/5 777/2/5 775/2/5
f 765/1/1 778/1/1 779/1/1 766/1/1
f 778/1/4 780/1/4 781/1/4 779/1/4
f 766/1/6 779/1/6 781/1/6 782/1/6
f 765/1/5 767/1/5 780/1/5 778/1/5
f 769/1/2 768/1/2 783/1/2 784/1/2
f 780/1/4 784/1/4 783/1/4 781/1/4
f 767/1/5 769/1/5 784/1/5 780/1/5
f 770/3/1 785/3/1 786/3/1 771/3/1
f 770/3/5 52/3/5 54/3/5 785/3/5
f 53/1/2 774/1/2 787/1/2 56/1/2
f 772/2/1 788/2/1 789/2/1 773/2/1
f 788/2/4 790/2/4 791/2/4 789/2/4
f 772/2/5 775/2/5 790/2/5 788/2/5
f 790/1/4 792/1/4 793/1/4 791/1/4
f 775/1/5 777/1/5 792/1/5 790/1/5
f 778/1/2 779/1/2 794/1/2 795/1/2
f 777/1/3 776/1/3 779/1/3 778/1/3
f 777/1/5 778/1/5 795/1/5 792/1/5
f 796/1/1 797/1/1 798/1/1 799/1/1
f 796/1/3 799/1/3 800/1/3 801/1/3
f 796/1/5 801/1/5 802/1/5 797/1/5
f 803/1/2 804/1/2 805/1/2 806/1/2
f 801/1/3 800/1/3 804/1/3 803/1/3
f 801/1/5 803/1/5 806/1/5 802/1/5
f 807/1/2 808/1/2 809/1/2 810/1/2
f 811/1/1 812/1/1 813/1/1 814/1/1
f 811/1/3 814/1/3 808/1/3 807/1/3
f 812/1/4 810/1/4 809/1/4 813/1/4
f 814/1/6 813/1/6 809/1/6 808/1/6
f 811/1/5 807/1/5 810/1/5 812/1/5
f 785/3/1 815/3/1 816/3/1 786/3/1
f 785/3/5 54/3/5 817/3/5 815/3/5
f 54/3/5 55/3/5 61/3/5 817/3/5
f 788/2/2 789/2/2 818/2/2 819/2/2
f 56/2/3 787/2/3 789/2/3 788/2/3
f 56/2/5 788/2/5 819/2/5 58/2/5
f 792/1/1 820/1/1 821/1/1 793/1/1
f 820/1/4 822/1/4 823/1/4 821/1/4
f 792/1/5 795/1/5 822/1/5 820/1/5
f 824/2/2 825/2/2 826/2/2 827/2/2
f 795/2/3 794/2/3 825/2/3 824/2/3
f 822/2/4 827/2/4 826/2/4 823/2/4
f 795/2/5 824/2/5 827/2/5 822/2/5
f 797/1/1 828/1/1 829/1/1 798/1/1
f 797/1/5 802/1/5 830/1/5 828/1/5
f 806/1/2 805/1/2 831/1/2 832/1/2
f 802/1/5 806/1/5 832/1/5 830/1/5
f 815/3/1 833/3/1 834/3/1 816/3/1
f 833/3/4 835/3/4 836/3/4 834/3/4
f 815/3/5 817/3/5 835/3/5 833/3/5
f 817/3/5 61/3/5 837/3/5 835/3/5
f 61/1/5 58/1/5 838/1/5 837/1/5
f 58/2/5 819/2/5 839/2/5 838/2/5
f 819/2/3 818/2/3 840/2/3 841/2/3
f 819/2/5 841/2/5 842/2/5 839/2/5
f 820/1/2 821/1/2 843/1/2 844/1/2
f 841/1/3 840/1/3 821/1/3 820/1/3
f 841/1/5 820/1/5 844/1/5 842/1/5
f 845/2/2 846/2/2 847/2/2 848/2/2
f 827/2/1 849/2/1 850/2/1 826/2/1
f 827/2/3 826/2/3 846/2/3 845/2/3
f 849/2/4 848/2/4 847/2/4 850/2/4
f 827/2/5 845/2/5 848/2/5 849/2/5
f 851/1/1 852/1/1 853/1/1 854/1/1
f 851/1/3 854/1/3 829/1/3 828/1/3
f 852/1/4 855/1/4 856/1/4 853/1/4
f 851/1/5 828/1/5 855/1/5 852/1/5
f 828/1/5 830/1/5 857/1/5 855/1/5
f 832/1/2 831/1/2 858/1/2 859/1/2
f 830/1/5 832/1/5 859/1/5 857/1/5
f 835/3/1 860/3/1 861/3/1 836/3/1
f 835/3/5 837/3/5 862/3/5 860/3/5
f 837/1/5 838/1/5 863/1/5 862/1/5
f 838/1/5 839/1/5 864/1/5 863/1/5
f 839/1/5 842/1/5 865/1/5 864/1/5
f 842/1/5 844/1/5 866/1/5 865/1/5
f 867/2/2 868/2/2 869/2/2 870/2/2
f 844/2/3 843/2/3 868/2/3 867/2/3
f 866/2/4 870/2/4 869/2/4 871/2/4
f 844/2/5 867/2/5 870/2/5 866/2/5
f 855/1/1 872/1/1 873/1/1 856/1/1
f 872/1/4 874/1/4 875/1/4 873/1/4
f 855/1/5 857/1/5 874/1/5 872/1/5
f 859/1/2 858/1/2 876/1/2 877/1/2
f 857/1/5 859/1/5 877/1/5 874/1/5
f 878/3/2 879/3/2 880/3/2 881/3/2
f 882/3/1 883/3/1 884/3/1 885/3/1
f 882/3/3 885/3/3 879/3/3 878/3/3
f 882/3/5 878/3/5 881/3/5 883/3/5
f 860/3/1 886/3/1 887/3/1 861/3/1
f 860/3/5 862/3/5 888/3/5 886/3/5
f 862/2/5 863/2/5 889/2/5 888/2/5
f 889/1/4 890/1/4 891/1/4 892/1/4
f 863/1/5 864/1/5 890/1/5 889/1/5
f 890/1/4 893/1/4 894/1/4 891/1/4
f 864/1/5 865/1/5 893/1/5 890/1/5
f 866/1/2 871/1/2 895/1/2 896/1/2
f 893/1/4 896/1/4 895/1/4 894/1/4
f 865/1/5 866/1/5 896/1/5 893/1/5
f 877/1/2 876/1/2 897/1/2 898/1/2
f 874/1/1 899/1/1 900/1/1 875/1/1
f 899/1/4 898/1/4 897/1/4 900/1/4
f 875/1/6 900/1/6 897/1/6 876/1/6
f 874/1/5 877/1/5 898/1/5 899/1/5
f 881/3/2 880/3/2 901/3/2 902/3/2
f 883/3/1 903/3/1 904/3/1 884/3/1
f 903/3/4 902/3/4 901/3/4 904/3/4
f 884/3/6 904/3/6 901/3/6 880/3/6
f 883/3/5 881/3/5 902/3/5 903/3/5
f 886/3/1 905/3/1 906/3/1 887/3/1
f 905/3/4 907/3/4 908/3/4 906/3/4
f 886/3/5 888/3/5 907/3/5 905/3/5
f 889/1/2 892/1/2 909/1/2 910/1/2
f 907/1/4 910/1/4 909/1/4 908/1/4
f 888/1/5 889/1/5 910/1/5 907/1/5
f 911/2/2 912/2/2 913/2/2 914/2/2
f 915/2/1 916/2/1 917/2/1 918/2/1
f 915/2/3 918/2/3 912/2/3 911/2/3
f 918/2/6 917/2/6 913/2/6 912/2/6
f 915/2/5 911/2/5 914/2/5 916/2/5
f 919/2/2 920/2/2 921/2/2 922/2/2
f 923/2/1 924/2/1 925/2/1 926/2/1
f 923/2/3 926/2/3 920/2/3 919/2/3
f 924/2/4 922/2/4 921/2/4 925/2/4
f 926/2/6 925/2/6 921/2/6 920/2/6
f 923/2/5 919/2/5 922/2/5 924/2/5
f 927/1/1 928/1/1 929/1/1 930/1/1
f 927/1/3 930/1/3 931/1/3 932/1/3
f 928/1/4 933/1/4 934/1/4 929/1/4
f 927/1/5 932/1/5 933/1/5 928/1/5
f 932/2/3 931/2/3 935/2/3 936/2/3
f 933/2/4 937/2/4 938/2/4 934/2/4
f 931/2/6 934/2/6 938/2/6 935/2/6
f 932/2/5 936/2/5 937/2/5 933/2/5
f 936/2/3 935/2/3 917/2/3 916/2/3
f 937/2/4 939/2/4 940/2/4 938/2/4
f 935/2/6 938/2/6 940/2/6 917/2/6
f 936/2/5 916/2/5 939/2/5 937/2/5
f 914/1/2 913/1/2 941/1/2 942/1/2
f 939/1/4 942/1/4 941/1/4 940/1/4
f 917/1/6 940/1/6 941/1/6 913/1/6
f 916/1/5 914/1/5 942/1/5 939/1/5
f 943/3/1 944/3/1 945/3/1 946/3/1
f 943/3/3 946/3/3 947/3/3 948/3/3
f 943/3/5 948/3/5 949/3/5 944/3/5
f 948/3/3 947/3/3 950/3/3 951/3/3
f 947/3/6 952/3/6 953/3/6 950/3/6
f 948/3/5 951/3/5 954/3/5 949/3/5
f 69/3/2 955/3/2 956/3/2 68/3/2
f 951/3/3 950/3/3 955/3/3 69/3/3
f 950/3/6 953/3/6 956/3/6 955/3/6
f 951/3/5 69/3/5 68/3/5 954/3/5
f 957/2/1 958/2/1 959/2/1 960/2/1
f 957/2/3 960/2/3 961/2/3 962/2/3
f 957/2/5 962/2/5 963/2/5 958/2/5
f 962/2/3 961/2/3 964/2/3 965/2/3
f 962/2/5 965/2/5 966/2/5 963/2/5
f 967/1/2 968/1/2 969/1/2 970/1/2
f 965/1/3 964/1/3 968/1/3 967/1/3
f 964/1/6 971/1/6 969/1/6 968/1/6
f 965/1/5 967/1/5 970/1/5 966/1/5
f 944/3/1 972/3/1 973/3/1 945/3/1
f 972/3/4 974/3/4 975/3/4 973/3/4
f 944/3/5 949/3/5 974/3/5 972/3/5
f 949/3/5 954/3/5 976/3/5 974/3/5
f 954/3/5 68/3/5 105/3/5 976/3/5
f 68/3/3 956/3/3 977/3/3 64/3/3
f 68/3/5 64/3/5 106/3/5 105/3/5
f 64/1/3 977/1/3 959/1/3 958/1/3
f 64/1/5 958/1/5 110/1/5 106/1/5
f 958/2/5 963/2/5 114/2/5 110/2/5
f 963/1/5 966/1/5 117/1/5 114/1/5
f 966/1/5 970/1/5 121/1/5 117/1/5
f 970/1/3 969/1/3 978/1/3 76/1/3
f 970/1/5 76/1/5 87/1/5 121/1/5
f 76/1/3 978/1/3 979/1/3 72/1/3
f 72/1/3 979/1/3 980/1/3 91/1/3
f 91/2/3 980/2/3 981/2/3 982/2/3
f 91/2/5 982/2/5 129/2/5 92/2/5
f 982/2/3 981/2/3 983/2/3 984/2/3
f 982/2/5 984/2/5 985/2/5 129/2/5
f 984/2/3 983/2/3 986/2/3 987/2/3
f 984/2/5 987/2/5 988/2/5 985/2/5
f 987/2/3 986/2/3 989/2/3 84/2/3
f 987/2/5 84/2/5 95/2/5 988/2/5
f 84/1/3 989/1/3 990/1/3 80/1/3
f 80/2/3 990/2/3 991/2/3 99/2/3
f 992/2/2 993/2/2 994/2/2 137/2/2
f 99/2/3 991/2/3 993/2/3 992/2/3
f 99/2/5 992/2/5 137/2/5 100/2/5
f 974/3/1 995/3/1 996/3/1 975/3/1
f 974/3/5 976/3/5 997/3/5 995/3/5
f 976/3/5 105/3/5 104/3/5 997/3/5
f 121/1/5 87/1/5 146/1/5 122/1/5
f 87/1/5 89/1/5 125/1/5 146/1/5
f 129/1/5 985/1/5 154/1/5 130/1/5
f 985/1/5 988/1/5 998/1/5 154/1/5
f 988/1/5 95/1/5 999/1/5 998/1/5
f 95/1/5 97/1/5 133/1/5 999/1/5
f 137/1/2 994/1/2 1000/1/2 138/1/2
f 1001/3/1 1002/3/1 1003/3/1 1004/3/1
f 1001/3/3 1004/3/3 996/3/3 995/3/3
f 1001/3/5 995/3/5 1005/3/5 1002/3/5
f 995/3/5 997/3/5 1006/3/5 1005/3/5
f 997/3/5 104/3/5 168/3/5 1006/3/5
f 104/3/5 109/3/5 169/3/5 168/3/5
f 109/1/5 113/1/5 141/1/5 169/1/5
f 146/2/5 125/2/5 177/2/5 147/2/5
f 125/1/5 127/1/5 150/1/5 177/1/5
f 154/1/5 998/1/5 183/1/5 155/1/5
f 998/1/5 999/1/5 1007/1/5 183/1/5
f 999/1/5 133/1/5 1008/1/5 1007/1/5
f 133/1/5 135/1/5 158/1/5 1008/1/5
f 162/1/2 1009/1/2 1010/1/2 163/1/2
f 138/1/3 1000/1/3 1009/1/3 162/1/3
f 160/1/4 163/1/4 1010/1/4 1011/1/4
f 1000/1/6 1011/1/6 1010/1/6 1009/1/6
f 1002/3/1 1012/3/1 1013/3/1 1003/3/1
f 1002/3/5 1005/3/5 195/3/5 1012/3/5
f 1005/3/5 1006/3/5 196/3/5 195/3/5
f 1006/3/5 168/3/5 167/3/5 196/3/5
f 150/1/5 152/1/5 212/1/5 180/1/5
f 152/1/5 155/1/5 187/1/5 212/1/5
f 183/1/5 1007/1/5 216/1/5 184/1/5
f 1007/1/5 1008/1/5 1014/1/5 216/1/5
f 1008/1/5 158/1/5 1015/1/5 1014/1/5
f 160/1/2 1011/1/2 1016/1/2 191/1/2
f 158/1/5 160/1/5 191/1/5 1015/1/5
f 1012/3/1 1017/3/1 1018/3/1 1013/3/1
f 1017/3/4 194/3/4 1019/3/4 1018/3/4
f 1012/3/5 195/3/5 194/3/5 1017/3/5
f 194/3/4 199/3/4 1020/3/4 1019/3/4
f 212/1/5 187/1/5 240/1/5 213/1/5
f 187/1/5 184/1/5 220/1/5 240/1/5
f 216/1/5 1014/1/5 244/1/5 217/1/5
f 1014/1/5 1015/1/5 1021/1/5 244/1/5
f 191/1/2 1016/1/2 1022/1/2 1023/1/2
f 1021/1/4 1023/1/4 1022/1/4 1024/1/4
f 1015/1/5 191/1/5 1023/1/5 1021/1/5
f 199/3/1 256/3/1 1025/3/1 1020/3/1
f 199/3/5 201/3/5 250/3/5 256/3/5
f 201/3/5 203/3/5 222/3/5 250/3/5
f 240/1/5 220/1/5 1026/1/5 241/1/5
f 220/1/5 217/1/5 248/1/5 1026/1/5
f 1021/1/2 1024/1/2 1027/1/2 258/1/2
f 244/1/5 1021/1/5 258/1/5 245/1/5
f 1028/2/1 270/2/1 1029/2/1 1030/2/1
f 1028/2/3 1030/2/3 1031/2/3 1032/2/3
f 270/2/4 264/2/4 1033/2/4 1029/2/4
f 1030/2/6 1029/2/6 1033/2/6 1031/2/6
f 1028/2/5 1032/2/5 264/2/5 270/2/5
f 1032/3/3 1031/3/3 1025/3/3 256/3/3
f 1032/3/5 256/3/5 255/3/5 264/3/5
f 250/2/5 222/2/5 275/2/5 251/2/5
f 222/1/5 224/1/5 280/1/5 275/1/5
f 224/1/5 226/1/5 1034/1/5 280/1/5
f 226/1/5 228/1/5 1035/1/5 1034/1/5
f 228/1/5 230/1/5 1036/1/5 1035/1/5
f 230/1/5 232/1/5 1037/1/5 1036/1/5
f 232/1/5 234/1/5 286/1/5 1037/1/5
f 234/1/5 236/1/5 287/1/5 286/1/5
f 236/1/5 238/1/5 291/1/5 287/1/5
f 238/1/5 241/1/5 294/1/5 291/1/5
f 241/1/5 1026/1/5 297/1/5 294/1/5
f 1026/1/5 248/1/5 301/1/5 297/1/5
f 248/1/5 245/1/5 262/1/5 301/1/5
f 1038/1/2 1039/1/2 1040/1/2 305/1/2
f 258/1/3 1027/1/3 1039/1/3 1038/1/3
f 258/1/5 1038/1/5 305/1/5 259/1/5
f 264/3/1 265/3/1 1041/3/1 1033/3/1
f 264/3/5 255/3/5 272/3/5 265/3/5
f 280/1/5 1034/1/5 318/1/5 281/1/5
f 1034/1/5 1035/1/5 321/1/5 318/1/5
f 1035/1/5 1036/1/5 324/1/5 321/1/5
f 1036/1/5 1037/1/5 328/1/5 324/1/5
f 1037/1/5 286/1/5 285/1/5 328/1/5
f 301/2/5 262/2/5 341/2/5 302/2/5
f 262/2/5 259/2/5 309/2/5 341/2/5
f 305/1/2 1040/1/2 1042/1/2 306/1/2
f 265/3/1 312/3/1 1043/3/1 1041/3/1
f 272/3/5 274/3/5 1044/3/5 314/3/5
f 274/3/5 278/3/5 359/3/5 1044/3/5
f 278/1/5 281/1/5 317/1/5 359/1/5
f 328/1/5 285/1/5 1045/1/5 329/1/5
f 285/1/5 290/1/5 332/1/5 1045/1/5
f 341/1/5 309/1/5 373/1/5 342/1/5
f 306/1/2 1042/1/2 1046/1/2 349/1/2
f 309/1/5 306/1/5 349/1/5 373/1/5
f 312/3/1 352/3/1 1047/3/1 1043/3/1
f 314/2/5 1044/2/5 1048/2/5 354/2/5
f 1044/3/5 359/3/5 358/3/5 1048/3/5
f 329/1/5 1045/1/5 391/1/5 364/1/5
f 1045/1/5 332/1/5 394/1/5 391/1/5
f 332/1/5 334/1/5 398/1/5 394/1/5
f 334/1/5 336/1/5 1049/1/5 398/1/5
f 336/1/5 338/1/5 367/1/5 1049/1/5
f 349/1/2 1046/1/2 1050/1/2 407/1/2
f 374/1/4 407/1/4 1050/1/4 1051/1/4
f 1052/1/6 1051/1/6 1050/1/6 1046/1/6
f 373/1/5 349/1/5 407/1/5 374/1/5
f 351/3/1 377/3/1 1053/3/1 1054/3/1
f 351/3/3 1054/3/3 1047/3/3 352/3/3
f 377/3/4 413/3/4 1055/3/4 1053/3/4
f 1054/3/6 1053/3/6 1055/3/6 1047/3/6
f 354/2/5 1048/2/5 420/2/5 379/2/5
f 1048/3/5 358/3/5 382/3/5 420/3/5
f 398/1/5 1049/1/5 1056/1/5 399/1/5
f 1049/1/5 367/1/5 1057/1/5 1056/1/5
f 367/1/5 369/1/5 437/1/5 1057/1/5
f 369/1/5 371/1/5 403/1/5 437/1/5
f 374/1/2 1051/1/2 1058/1/2 405/1/2
f 413/3/1 412/3/1 1059/3/1 1055/3/1
f 1055/3/6 1059/3/6 1060/3/6 1061/3/6
f 379/3/5 420/3/5 419/3/5 415/3/5
f 387/1/5 386/1/5 449/1/5 423/1/5
f 386/1/5 389/1/5 426/1/5 449/1/5
f 401/1/5 399/1/5 465/1/5 430/1/5
f 399/1/5 1056/1/5 459/1/5 465/1/5
f 1056/1/5 1057/1/5 471/1/5 459/1/5
f 1057/1/5 437/1/5 436/1/5 471/1/5
f 403/1/5 405/1/5 1062/1/5 432/1/5
f 408/1/2 1063/1/2 1064/1/2 1065/1/2
f 405/1/3 1058/1/3 1063/1/3 408/1/3
f 405/1/5 408/1/5 1065/1/5 1062/1/5
f 411/3/1 439/3/1 1066/3/1 1067/3/1
f 411/3/3 1067/3/3 1059/3/3 412/3/3
f 1067/3/6 1066/3/6 1068/3/6 1059/3/6
f 415/3/5 419/3/5 444/3/5 441/3/5
f 449/1/5 426/1/5 483/1/5 450/1/5
f 426/1/5 428/1/5 453/1/5 483/1/5
f 430/1/5 465/1/5 464/1/5 456/1/5
f 459/1/5 471/1/5 470/1/5 460/1/5
f 436/1/5 432/1/5 490/1/5 466/1/5
f 432/1/5 1062/1/5 494/1/5 490/1/5
f 1065/1/2 1064/1/2 1069/1/2 1070/1/2
f 1062/1/5 1065/1/5 1070/1/5 494/1/5
f 439/3/1 473/3/1 1071/3/1 1066/3/1
f 1066/3/6 1071/3/6 1072/3/6 1068/3/6
f 441/3/5 444/3/5 478/3/5 475/3/5
f 453/1/5 455/1/5 511/1/5 486/1/5
f 455/1/5 456/1/5 515/1/5 511/1/5
f 456/1/5 464/1/5 1073/1/5 515/1/5
f 464/1/5 460/1/5 1074/1/5 1073/1/5
f 460/1/5 470/1/5 1075/1/5 1074/1/5
f 1075/1/4 489/1/4 1076/1/4 1077/1/4
f 470/1/5 466/1/5 489/1/5 1075/1/5
f 494/1/5 1070/1/5 523/1/5 495/1/5
f 1078/1/2 1079/1/2 1080/1/2 527/1/2
f 1070/1/3 1069/1/3 1079/1/3 1078/1/3
f 1069/1/6 1081/1/6 1080/1/6 1079/1/6
f 1070/1/5 1078/1/5 527/1/5 523/1/5
f 473/3/1 498/3/1 1082/3/1 1071/3/1
f 498/3/4 502/3/4 1083/3/4 1082/3/4
f 1071/3/6 1082/3/6 1083/3/6 1072/3/6
f 475/3/5 478/3/5 504/3/5 500/3/5
f 515/1/5 1073/1/5 545/1/5 516/1/5
f 1073/1/5 1074/1/5 1084/1/5 545/1/5
f 1075/1/2 1077/1/2 1085/1/2 1086/1/2
f 1074/1/5 1075/1/5 1086/1/5 1084/1/5
f 489/1/1 519/1/1 1087/1/1 1076/1/1
f 527/1/2 1080/1/2 1088/1/2 528/1/2
f 556/1/4 528/1/4 1088/1/4 1089/1/4
f 1081/1/6 1089/1/6 1088/1/6 1080/1/6
f 502/3/1 530/3/1 1090/3/1 1083/3/1
f 502/3/5 500/3/5 564/3/5 530/3/5
f 500/3/5 504/3/5 535/3/5 564/3/5
f 545/1/5 1084/1/5 1091/1/5 546/1/5
f 1084/1/5 1086/1/5 1092/1/5 1091/1/5
f 1086/1/3 1085/1/3 1087/1/3 519/1/3
f 1086/1/5 519/1/5 1093/1/5 1092/1/5
f 519/1/5 521/1/5 549/1/5 1093/1/5
f 556/1/2 1089/1/2 1094/1/2 555/1/2
f 530/3/1 557/3/1 1095/3/1 1090/3/1
f 530/3/5 564/3/5 563/3/5 557/3/5
f 546/1/5 1091/1/5 1096/1/5 575/1/5
f 1091/1/5 1092/1/5 605/1/5 1096/1/5
f 1092/1/5 1093/1/5 599/1/5 605/1/5
f 1093/1/5 549/1/5 1097/1/5 599/1/5
f 549/1/5 551/1/5 580/1/5 1097/1/5
f 555/1/2 1094/1/2 1098/1/2 577/1/2
f 557/3/1 581/3/1 1099/3/1 1095/3/1
f 557/3/5 563/3/5 614/3/5 581/3/5
f 563/3/5 566/3/5 586/3/5 614/3/5
f 575/1/5 1096/1/5 1100/1/5 596/1/5
f 1096/1/5 605/1/5 604/1/5 1100/1/5
f 599/1/5 1097/1/5 1101/1/5 600/1/5
f 1097/2/5 580/2/5 1102/2/5 1101/2/5
f 580/1/5 577/1/5 1103/1/5 1102/1/5
f 1104/1/2 1105/1/2 1106/1/2 1107/1/2
f 577/1/3 1098/1/3 1105/1/3 1104/1/3
f 1103/1/4 1107/1/4 1106/1/4 1108/1/4
f 1098/1/6 1108/1/6 1106/1/6 1105/1/6
f 577/1/5 1104/1/5 1107/1/5 1103/1/5
f 609/4/2 1109/4/2 1110/4/2 608/4/2
f 1111/4/1 1112/4/1 1113/4/1 1114/4/1
f 1111/4/3 1114/4/3 1109/4/3 609/4/3
f 1114/4/6 1113/4/6 1110/4/6 1109/4/6
f 1111/4/5 609/4/5 608/4/5 1112/4/5
f 584/4/1 610/4/1 1115/4/1 1116/4/1
f 584/4/3 1116/4/3 1099/4/3 581/4/3
f 614/4/5 586/4/5 635/4/5 615/4/5
f 586/3/5 588/3/5 618/3/5 635/3/5
f 596/1/5 1100/1/5 648/1/5 628/1/5
f 1100/1/5 604/1/5 653/1/5 648/1/5
f 604/1/5 600/1/5 1117/1/5 653/1/5
f 600/2/5 1101/2/5 1118/2/5 1117/2/5
f 1101/1/5 1102/1/5 1119/1/5 1118/1/5
f 1103/1/2 1108/1/2 1120/1/2 1121/1/2
f 1119/1/4 1121/1/4 1120/1/4 1122/1/4
f 1102/1/5 1103/1/5 1121/1/5 1119/1/5
f 1112/4/1 1123/4/1 1124/4/1 1113/4/1
f 1112/4/5 608/4/5 631/4/5 1123/4/5
f 608/4/3 1110/4/3 1115/4/3 610/4/3
f 627/1/5 626/1/5 668/1/5 644/1/5
f 626/1/5 628/1/5 647/1/5 668/1/5
f 653/2/5 1117/2/5 682/2/5 654/2/5
f 1117/1/5 1118/1/5 676/1/5 682/1/5
f 1119/1/2 1122/1/2 1125/1/2 1126/1/2
f 1118/1/5 1119/1/5 1126/1/5 676/1/5
f 1123/4/1 1127/4/1 1128/4/1 1124/4/1
f 1123/4/5 631/4/5 657/4/5 1127/4/5
f 668/1/5 647/1/5 699/1/5 669/1/5
f 647/1/5 651/1/5 674/1/5 699/1/5
f 654/1/5 682/1/5 681/1/5 671/1/5
f 1126/1/2 1125/1/2 1129/1/2 710/1/2
f 676/1/5 1126/1/5 710/1/5 677/1/5
f 1127/4/1 1130/4/1 1131/4/1 1128/4/1
f 1130/4/4 684/4/4 1132/4/4 1131/4/4
f 1127/4/5 657/4/5 684/4/5 1130/4/5
f 684/4/4 686/4/4 1133/4/4 1132/4/4
f 671/1/5 681/1/5 706/1/5 703/1/5
f 710/1/2 1129/1/2 1134/1/2 711/1/2
f 686/3/1 716/3/1 1135/3/1 1133/3/1
f 713/3/4 1136/3/4 1137/3/4 1138/3/4
f 690/3/5 689/3/5 1136/3/5 713/3/5
f 689/3/5 692/3/5 718/3/5 1136/3/5
f 696/1/5 695/1/5 721/1/5 719/1/5
f 706/1/5 708/1/5 1139/1/5 730/1/5
f 708/1/5 711/1/5 1140/1/5 1139/1/5
f 711/1/3 1134/1/3 1141/1/3 1142/1/3
f 711/1/5 1142/1/5 1143/1/5 1140/1/5
f 1144/1/2 1145/1/2 1146/1/2 1147/1/2
f 1142/1/3 1141/1/3 1145/1/3 1144/1/3
f 1143/1/4 1147/1/4 1146/1/4 1148/1/4
f 1142/1/5 1144/1/5 1147/1/5 1143/1/5
f 713/3/2 1138/3/2 1149/3/2 733/3/2
f 716/3/1 736/3/1 1150/3/1 1135/3/1
f 1136/2/1 1151/2/1 1152/2/1 1137/2/1
f 1136/2/5 718/2/5 738/2/5 1151/2/5
f 719/1/5 721/1/5 758/1/5 739/1/5
f 721/1/5 723/1/5 741/1/5 758/1/5
f 746/1/4 751/1/4 1153/1/4 1154/1/4
f 728/1/5 727/1/5 751/1/5 746/1/5
f 732/1/5 730/1/5 1155/1/5 748/1/5
f 730/1/5 1139/1/5 1156/1/5 1155/1/5
f 1139/1/5 1140/1/5 1157/1/5 1156/1/5
f 1143/1/2 1148/1/2 1158/1/2 1159/1/2
f 1140/1/5 1143/1/5 1159/1/5 1157/1/5
f 733/3/2 1149/3/2 1160/3/2 752/3/2
f 736/3/1 755/3/1 1161/3/1 1150/3/1
f 1151/2/1 1162/2/1 1163/2/1 1152/2/1
f 1151/2/5 738/2/5 757/2/5 1162/2/5
f 741/1/5 743/1/5 764/1/5 761/1/5
f 766/1/4 782/1/4 1164/1/4 1165/1/4
f 746/1/2 1154/1/2 1166/1/2 768/1/2
f 751/1/1 1167/1/1 1168/1/1 1153/1/1
f 751/1/5 748/1/5 1169/1/5 1167/1/5
f 748/1/5 1155/1/5 1170/1/5 1169/1/5
f 1155/1/5 1156/1/5 1171/1/5 1170/1/5
f 1156/2/5 1157/2/5 1172/2/5 1171/2/5
f 1159/2/2 1158/2/2 1173/2/2 1174/2/2
f 1157/2/5 1159/2/5 1174/2/5 1172/2/5
f 752/2/2 1160/2/2 1175/2/2 1176/2/2
f 755/2/1 1177/2/1 1178/2/1 1161/2/1
f 755/2/5 752/2/5 1176/2/5 1177/2/5
f 1162/2/1 1179/2/1 1180/2/1 1163/2/1
f 1162/2/5 757/2/5 771/2/5 1179/2/5
f 766/1/2 1165/1/2 1181/1/2 779/1/2
f 764/1/5 766/1/5 779/1/5 776/1/5
f 782/1/1 781/1/1 1182/1/1 1164/1/1
f 781/1/4 783/1/4 1183/1/4 1182/1/4
f 768/1/3 1166/1/3 1168/1/3 1167/1/3
f 768/1/5 1167/1/5 1184/1/5 783/1/5
f 1167/1/5 1169/1/5 1185/1/5 1184/1/5
f 1169/2/5 1170/2/5 799/2/5 1185/2/5
f 1170/2/5 1171/2/5 800/2/5 799/2/5
f 1171/2/5 1172/2/5 804/2/5 800/2/5
f 1174/1/2 1173/1/2 1186/1/2 814/1/2
f 1172/1/5 1174/1/5 814/1/5 804/1/5
f 1177/2/1 1187/2/1 1188/2/1 1178/2/1
f 1177/2/5 1176/2/5 1189/2/5 1187/2/5
f 1176/3/3 1175/3/3 1180/3/3 1179/3/3
f 1176/3/5 1179/3/5 1190/3/5 1189/3/5
f 1179/2/5 771/2/5 786/2/5 1190/2/5
f 774/1/5 773/1/5 789/1/5 787/1/5
f 779/1/2 1181/1/2 1191/1/2 794/1/2
f 783/1/1 1192/1/1 1193/1/1 1183/1/1
f 783/1/5 1184/1/5 1194/1/5 1192/1/5
f 1184/2/5 1185/2/5 1195/2/5 1194/2/5
f 1185/2/5 799/2/5 798/2/5 1195/2/5
f 814/1/2 1186/1/2 1196/1/2 813/1/2
f 804/1/5 814/1/5 813/1/5 805/1/5
f 1187/3/1 1197/3/1 1198/3/1 1188/3/1
f 1197/3/4 1199/3/4 1200/3/4 1198/3/4
f 1187/3/5 1189/3/5 1199/3/5 1197/3/5
f 1189/2/5 1190/2/5 1201/2/5 1199/2/5
f 1190/2/5 786/2/5 816/2/5 1201/2/5
f 789/1/5 791/1/5 840/1/5 818/1/5
f 791/1/5 793/1/5 821/1/5 840/1/5
f 825/1/2 1202/1/2 1203/1/2 826/1/2
f 794/1/3 1191/1/3 1202/1/3 825/1/3
f 1192/2/1 846/2/1 1204/2/1 1193/2/1
f 1192/2/5 1194/2/5 1205/2/5 846/2/5
f 1194/2/5 1195/2/5 854/2/5 1205/2/5
f 1195/1/5 798/1/5 829/1/5 854/1/5
f 813/1/2 1196/1/2 1206/1/2 1207/1/2
f 831/1/4 1207/1/4 1206/1/4 1208/1/4
f 805/1/5 813/1/5 1207/1/5 831/1/5
f 1199/2/1 1209/2/1 1210/2/1 1200/2/1
f 1199/2/5 1201/2/5 1211/2/5 1209/2/5
f 1201/3/5 816/3/5 834/3/5 1211/3/5
f 821/1/5 823/1/5 868/1/5 843/1/5
f 823/1/5 826/1/5 850/1/5 868/1/5
f 826/1/3 1203/1/3 1204/1/3 846/1/3
f 847/2/4 1212/2/4 1213/2/4 1214/2/4
f 846/2/5 1205/2/5 1212/2/5 847/2/5
f 1205/1/5 854/1/5 853/1/5 1212/1/5
f 831/1/2 1208/1/2 1215/1/2 858/1/2
f 1209/2/1 1216/2/1 1217/2/1 1210/2/1
f 1216/2/4 885/2/4 1218/2/4 1217/2/4
f 1209/2/5 1211/2/5 885/2/5 1216/2/5
f 1211/3/5 834/3/5 879/3/5 885/3/5
f 834/3/5 836/3/5 861/3/5 879/3/5
f 868/1/5 850/1/5 1219/1/5 869/1/5
f 847/1/2 1214/1/2 1220/1/2 1221/1/2
f 850/1/5 847/1/5 1221/1/5 1219/1/5
f 1212/1/1 1222/1/1 1223/1/1 1213/1/1
f 1213/1/6 1223/1/6 1224/1/6 1225/1/6
f 1212/1/5 853/1/5 1226/1/5 1222/1/5
f 1225/1/6 1224/1/6 1227/1/6 1228/1/6
f 853/1/5 856/1/5 873/1/5 1226/1/5
f 873/1/4 875/1/4 1229/1/4 1227/1/4
f 1228/1/6 1227/1/6 1229/1/6 1230/1/6
f 858/1/2 1215/1/2 1231/1/2 876/1/2
f 875/1/4 876/1/4 1231/1/4 1229/1/4
f 1230/1/6 1229/1/6 1231/1/6 1215/1/6
f 885/3/1 884/3/1 1232/3/1 1218/3/1
f 884/3/4 880/3/4 1233/3/4 1232/3/4
f 879/3/5 861/3/5 887/3/5 880/3/5
f 871/1/5 869/1/5 918/1/5 895/1/5
f 918/2/4 912/2/4 1234/2/4 1235/2/4
f 869/2/5 1219/2/5 912/2/5 918/2/5
f 1221/1/2 1220/1/2 1236/1/2 1237/1/2
f 1219/1/5 1221/1/5 1237/1/5 912/1/5
f 1222/1/1 1238/1/1 1239/1/1 1223/1/1
f 1238/1/4 926/1/4 1240/1/4 1239/1/4
f 1223/1/6 1239/1/6 1240/1/6 1224/1/6
f 1222/1/5 1226/1/5 926/1/5 1238/1/5
f 873/1/2 1227/1/2 1241/1/2 920/1/2
f 926/1/4 920/1/4 1241/1/4 1240/1/4
f 1224/1/6 1240/1/6 1241/1/6 1227/1/6
f 1226/1/5 873/1/5 920/1/5 926/1/5
f 880/3/1 901/3/1 1242/3/1 1233/3/1
f 901/3/4 906/3/4 1243/3/4 1242/3/4
f 880/3/5 887/3/5 906/3/5 901/3/5
f 892/1/5 891/1/5 930/1/5 909/1/5
f 891/1/5 894/1/5 931/1/5 930/1/5
f 931/1/4 935/1/4 1244/1/4 1245/1/4
f 894/1/5 895/1/5 935/1/5 931/1/5
f 918/2/2 1235/2/2 1246/2/2 917/2/2
f 935/2/4 917/2/4 1246/2/4 1244/2/4
f 895/2/5 918/2/5 917/2/5 935/2/5
f 1237/2/2 1236/2/2 1247/2/2 1248/2/2
f 912/2/1 913/2/1 1249/2/1 1234/2/1
f 913/2/4 1248/2/4 1247/2/4 1249/2/4
f 912/2/5 1237/2/5 1248/2/5 913/2/5
f 906/3/1 1250/3/1 1251/3/1 1243/3/1
f 1250/3/4 1252/3/4 1253/3/4 1251/3/4
f 906/3/5 908/3/5 1252/3/5 1250/3/5
f 1252/1/4 1254/1/4 1255/1/4 1253/1/4
f 908/1/5 909/1/5 1254/1/5 1252/1/5
f 1254/1/4 929/1/4 1256/1/4 1255/1/4
f 1257/1/6 1255/1/6 1256/1/6 1258/1/6
f 909/1/5 930/1/5 929/1/5 1254/1/5
f 931/1/2 1245/1/2 1259/1/2 934/1/2
f 929/1/4 934/1/4 1259/1/4 1256/1/4
f 947/2/2 1260/2/2 1261/2/2 952/2/2
f 946/2/1 945/2/1 1262/2/1 1263/2/1
f 946/2/3 1263/2/3 1260/2/3 947/2/3
f 1263/2/6 1262/2/6 1261/2/6 1260/2/6
f 955/3/1 956/3/1 1264/3/1 1265/3/1
f 955/3/3 1265/3/3 1266/3/3 1267/3/3
f 955/3/5 1267/3/5 977/3/5 956/3/5
f 1267/1/3 1266/1/3 1268/1/3 960/1/3
f 1266/1/6 1269/1/6 1270/1/6 1268/1/6
f 1267/1/5 960/1/5 959/1/5 977/1/5
f 960/1/3 1268/1/3 1271/1/3 961/1/3
f 1268/1/6 1270/1/6 1272/1/6 1271/1/6
f 964/2/2 1273/2/2 1274/2/2 971/2/2
f 961/2/3 1271/2/3 1273/2/3 964/2/3
f 1271/2/6 1272/2/6 1274/2/6 1273/2/6
f 1275/1/1 989/1/1 1276/1/1 1277/1/1
f 1275/1/3 1277/1/3 1278/1/3 1279/1/3
f 1277/1/6 1276/1/6 1280/1/6 1278/1/6
f 1275/1/5 1279/1/5 990/1/5 989/1/5
f 1279/1/3 1278/1/3 1281/1/3 1282/1/3
f 1279/1/5 1282/1/5 991/1/5 990/1/5
f 1283/1/2 1284/1/2 1285/1/2 993/1/2
f 1282/1/3 1281/1/3 1284/1/3 1283/1/3
f 1282/1/5 1283/1/5 993/1/5 991/1/5
f 945/2/1 973/2/1 1286/2/1 1262/2/1
f 952/3/3 1261/3/3 1287/3/3 953/3/3
f 953/3/3 1287/3/3 1264/3/3 956/3/3
f 971/2/3 1274/2/3 1288/2/3 969/2/3
f 969/1/3 1288/1/3 1289/1/3 978/1/3
f 978/1/3 1289/1/3 1290/1/3 979/1/3
f 979/1/3 1290/1/3 1291/1/3 980/1/3
f 980/1/3 1291/1/3 1292/1/3 981/1/3
f 981/1/3 1292/1/3 1293/1/3 983/1/3
f 983/1/3 1293/1/3 1294/1/3 986/1/3
f 986/1/3 1294/1/3 1276/1/3 989/1/3
f 993/1/2 1285/1/2 1295/1/2 994/1/2
f 973/2/1 1004/2/1 1296/2/1 1286/2/1
f 973/2/5 975/2/5 996/2/5 1004/2/5
f 994/1/2 1295/1/2 1297/1/2 1000/1/2
f 1004/2/1 1003/2/1 1298/2/1 1296/2/1
f 1000/1/2 1297/1/2 1299/1/2 1011/1/2
f 1003/2/1 1013/2/1 1300/2/1 1298/2/1
f 1011/1/2 1299/1/2 1301/1/2 1016/1/2
f 1013/2/1 1018/2/1 1302/2/1 1300/2/1
f 1300/2/6 1302/2/6 1303/2/6 1304/2/6
f 1016/1/2 1301/1/2 1305/1/2 1022/1/2
f 1018/2/1 1030/2/1 1306/2/1 1302/2/1
f 1030/2/4 1031/2/4 1307/2/4 1306/2/4
f 1302/2/6 1306/2/6 1307/2/6 1303/2/6
f 1018/2/5 1019/2/5 1031/2/5 1030/2/5
f 1019/3/5 1020/3/5 1025/3/5 1031/3/5
f 1022/1/2 1305/1/2 1308/1/2 1039/1/2
f 1024/1/5 1022/1/5 1039/1/5 1027/1/5
f 1031/3/1 1033/3/1 1309/3/1 1307/3/1
f 1039/1/2 1308/1/2 1310/1/2 1040/1/2
f 1033/3/1 1041/3/1 1311/3/1 1309/3/1
f 1040/1/2 1310/1/2 1312/1/2 1042/1/2
f 1041/3/1 1043/3/1 1313/3/1 1311/3/1
f 1042/1/2 1312/1/2 1314/1/2 1046/1/2
f 1052/1/4 1046/1/4 1314/1/4 1315/1/4
f 1043/3/1 1047/3/1 1316/3/1 1313/3/1
f 1052/1/2 1315/1/2 1317/1/2 1051/1/2
f 1047/3/1 1055/3/1 1318/3/1 1316/3/1
f 1055/3/4 1061/3/4 1319/3/4 1318/3/4
f 1050/1/2 1320/1/2 1321/1/2 1063/1/2
f 1051/1/3 1317/1/3 1320/1/3 1050/1/3
f 1051/1/5 1050/1/5 1063/1/5 1058/1/5
f 1061/3/1 1060/3/1 1322/3/1 1319/3/1
f 1323/1/2 1324/1/2 1325/1/2 1326/1/2
f 1063/1/3 1321/1/3 1324/1/3 1323/1/3
f 1063/1/5 1323/1/5 1326/1/5 1064/1/5
f 1059/3/1 1068/3/1 1327/3/1 1328/3/1
f 1059/3/3 1328/3/3 1322/3/3 1060/3/3
f 1326/1/2 1325/1/2 1329/1/2 1079/1/2
f 1069/1/4 1079/1/4 1329/1/4 1330/1/4
f 1064/1/5 1326/1/5 1079/1/5 1069/1/5
f 1068/3/1 1072/3/1 1331/3/1 1327/3/1
f 1069/1/2 1330/1/2 1332/1/2 1081/1/2
f 1072/3/1 1083/3/1 1333/3/1 1331/3/1
f 1077/1/5 1076/1/5 1087/1/5 1085/1/5
f 1081/1/2 1332/1/2 1334/1/2 1089/1/2
f 1082/3/1 1335/3/1 1336/3/1 1337/3/1
f 1082/3/3 1337/3/3 1333/3/3 1083/3/3
f 1337/3/6 1336/3/6 1338/3/6 1333/3/6
f 1082/3/5 1083/3/5 1090/3/5 1335/3/5
f 1339/1/6 1340/1/6 1341/1/6 1334/1/6
f 1088/1/2 1342/1/2 1343/1/2 1344/1/2
f 1089/1/3 1334/1/3 1342/1/3 1088/1/3
f 1334/1/6 1341/1/6 1343/1/6 1342/1/6
f 1089/1/5 1088/1/5 1344/1/5 1094/1/5
f 1335/3/1 1345/3/1 1346/3/1 1336/3/1
f 1336/3/6 1346/3/6 1347/3/6 1338/3/6
f 1335/3/5 1090/3/5 1095/3/5 1345/3/5
f 1340/1/6 1348/1/6 1349/1/6 1341/1/6
f 1344/1/2 1343/1/2 1350/1/2 1105/1/2
f 1098/1/4 1105/1/4 1350/1/4 1349/1/4
f 1341/1/6 1349/1/6 1350/1/6 1343/1/6
f 1094/1/5 1344/1/5 1105/1/5 1098/1/5
f 1345/3/1 1116/3/1 1351/3/1 1346/3/1
f 1346/3/6 1351/3/6 1352/3/6 1347/3/6
f 1345/3/5 1095/3/5 1099/3/5 1116/3/5
f 1098/1/2 1349/1/2 1353/1/2 1108/1/2
f 1348/1/6 1354/1/6 1353/1/6 1349/1/6
f 1355/4/1 1356/4/1 1357/4/1 1358/4/1
f 1355/4/3 1358/4/3 1359/4/3 1360/4/3
f 1355/4/5 1360/4/5 1361/4/5 1356/4/5
f 1114/4/2 1362/4/2 1363/4/2 1113/4/2
f 1360/4/3 1359/4/3 1362/4/3 1114/4/3
f 1360/4/5 1114/4/5 1113/4/5 1361/4/5
f 1116/4/1 1115/4/1 1364/4/1 1351/4/1
f 1351/4/6 1364/4/6 1365/4/6 1352/4/6
f 1108/1/2 1353/1/2 1366/1/2 1120/1/2
f 1356/4/1 1367/4/1 1368/4/1 1357/4/1
f 1356/4/5 1361/4/5 1369/4/5 1367/4/5
f 1361/4/5 1113/4/5 1124/4/5 1369/4/5
f 1113/4/3 1363/4/3 1370/4/3 1110/4/3
f 1363/4/6 1371/4/6 1372/4/6 1370/4/6
f 1110/4/3 1370/4/3 1364/4/3 1115/4/3
f 1370/4/6 1372/4/6 1373/4/6 1364/4/6
f 1120/1/2 1366/1/2 1374/1/2 1375/1/2
f 1122/1/5 1120/1/5 1375/1/5 1125/1/5
f 1367/4/1 1376/4/1 1377/4/1 1368/4/1
f 1367/4/5 1369/4/5 1378/4/5 1376/4/5
f 1369/4/5 1124/4/5 1128/4/5 1378/4/5
f 1371/4/6 1379/4/6 1380/4/6 1372/4/6
f 1372/4/6 1380/4/6 1381/4/6 1373/4/6
f 1375/1/2 1374/1/2 1382/1/2 1383/1/2
f 1125/1/5 1375/1/5 1383/1/5 1129/1/5
f 1376/4/1 1384/4/1 1385/4/1 1377/4/1
f 1384/4/4 1386/4/4 1387/4/4 1385/4/4
f 1376/4/5 1378/4/5 1386/4/5 1384/4/5
f 1386/4/4 1131/4/4 1388/4/4 1387/4/4
f 1389/4/6 1387/4/6 1388/4/6 1379/4/6
f 1378/4/5 1128/4/5 1131/4/5 1386/4/5
f 1131/4/4 1132/4/4 1390/4/4 1388/4/4
f 1379/4/6 1388/4/6 1390/4/6 1380/4/6
f 1132/4/4 1133/4/4 1391/4/4 1390/4/4
f 1380/4/6 1390/4/6 1391/4/6 1381/4/6
f 1383/1/2 1382/1/2 1392/1/2 1141/1/2
f 1129/1/5 1383/1/5 1141/1/5 1134/1/5
f 1133/3/1 1135/3/1 1393/3/1 1391/3/1
f 1145/1/2 1394/1/2 1395/1/2 1146/1/2
f 1141/1/3 1392/1/3 1394/1/3 1145/1/3
f 1135/3/1 1150/3/1 1396/3/1 1393/3/1
f 1393/3/6 1396/3/6 1397/3/6 1398/3/6
f 1138/3/5 1137/3/5 1152/3/5 1149/3/5
f 1146/1/2 1395/1/2 1399/1/2 1400/1/2
f 1148/1/5 1146/1/5 1400/1/5 1158/1/5
f 1150/3/1 1161/3/1 1401/3/1 1396/3/1
f 1396/3/6 1401/3/6 1402/3/6 1397/3/6
f 1149/3/5 1152/3/5 1163/3/5 1160/3/5
f 1165/1/4 1164/1/4 1403/1/4 1404/1/4
f 1154/1/5 1153/1/5 1168/1/5 1166/1/5
f 1400/1/2 1399/1/2 1405/1/2 1406/1/2
f 1173/1/4 1406/1/4 1405/1/4 1407/1/4
f 1158/1/5 1400/1/5 1406/1/5 1173/1/5
f 1161/3/1 1178/3/1 1408/3/1 1401/3/1
f 1160/3/5 1163/3/5 1180/3/5 1175/3/5
f 1165/1/2 1404/1/2 1409/1/2 1181/1/2
f 1164/1/1 1182/1/1 1410/1/1 1403/1/1
f 1173/1/2 1407/1/2 1411/1/2 1186/1/2
f 1178/2/1 1188/2/1 1412/2/1 1408/2/1
f 1408/2/6 1412/2/6 1413/2/6 1414/2/6
f 1181/1/2 1409/1/2 1415/1/2 1191/1/2
f 1182/1/1 1202/1/1 1416/1/1 1410/1/1
f 1182/1/5 1183/1/5 1193/1/5 1202/1/5
f 1186/1/2 1411/1/2 1417/1/2 1196/1/2
f 1188/2/1 1198/2/1 1418/2/1 1412/2/1
f 1412/2/6 1418/2/6 1419/2/6 1413/2/6
f 1191/1/3 1415/1/3 1416/1/3 1202/1/3
f 1202/1/5 1193/1/5 1204/1/5 1203/1/5
f 1196/1/2 1417/1/2 1420/1/2 1206/1/2
f 1198/3/1 1421/3/1 1422/3/1 1418/3/1
f 1421/3/4 1210/3/4 1423/3/4 1422/3/4
f 1198/3/5 1200/3/5 1210/3/5 1421/3/5
f 1213/1/4 1225/1/4 1424/1/4 1425/1/4
f 1426/1/6 1425/1/6 1424/1/6 1427/1/6
f 1225/2/4 1228/2/4 1428/2/4 1424/2/4
f 1427/2/6 1424/2/6 1428/2/6 1429/2/6
f 1228/1/4 1230/1/4 1430/1/4 1428/1/4
f 1429/1/6 1428/1/6 1430/1/6 1431/1/6
f 1230/1/4 1215/1/4 1432/1/4 1430/1/4
f 1431/1/6 1430/1/6 1432/1/6 1433/1/6
f 1206/1/2 1420/1/2 1434/1/2 1435/1/2
f 1215/1/4 1435/1/4 1434/1/4 1432/1/4
f 1208/1/5 1206/1/5 1435/1/5 1215/1/5
f 1210/3/1 1217/3/1 1436/3/1 1423/3/1
f 1217/3/4 1218/3/4 1437/3/4 1436/3/4
f 1213/1/2 1425/1/2 1438/1/2 1223/1/2
f 1220/1/4 1223/1/4 1438/1/4 1439/1/4
f 1440/1/6 1439/1/6 1438/1/6 1425/1/6
f 1214/1/5 1213/1/5 1223/1/5 1220/1/5
f 1441/2/2 1442/2/2 1443/2/2 1444/2/2
f 1435/2/1 1445/2/1 1446/2/1 1434/2/1
f 1435/2/3 1434/2/3 1442/2/3 1441/2/3
f 1445/2/4 1444/2/4 1443/2/4 1446/2/4
f 1435/2/5 1441/2/5 1444/2/5 1445/2/5
f 1218/3/1 1232/3/1 1447/3/1 1437/3/1
f 1220/1/2 1439/1/2 1448/1/2 1236/1/2
f 1232/3/1 1449/3/1 1450/3/1 1447/3/1
f 1449/3/4 1242/3/4 1451/3/4 1450/3/4
f 1232/3/5 1233/3/5 1242/3/5 1449/3/5
f 1452/2/6 1453/2/6 1454/2/6 1455/2/6
f 1257/2/4 1258/2/4 1456/2/4 1454/2/4
f 1457/1/6 1456/1/6 1458/1/6 1459/1/6
f 1245/2/4 1244/2/4 1460/2/4 1458/2/4
f 1244/2/4 1246/2/4 1461/2/4 1460/2/4
f 1246/1/4 1249/1/4 1462/1/4 1461/1/4
f 1235/1/5 1234/1/5 1249/1/5 1246/1/5
f 1236/1/2 1448/1/2 1463/1/2 1247/1/2
f 1249/1/4 1247/1/4 1463/1/4 1462/1/4
f 1242/1/1 1464/1/1 1465/1/1 1451/1/1
f 1464/1/4 1251/1/4 1466/1/4 1465/1/4
f 1242/1/5 1243/1/5 1251/1/5 1464/1/5
f 1251/1/4 1253/1/4 1467/1/4 1466/1/4
f 1257/1/2 1454/1/2 1468/1/2 1255/1/2
f 1253/1/4 1255/1/4 1468/1/4 1467/1/4
f 1453/1/6 1467/1/6 1468/1/6 1454/1/6
f 1245/2/2 1458/2/2 1469/2/2 1259/2/2
f 1258/2/1 1256/2/1 1470/2/1 1456/2/1
f 1256/2/4 1259/2/4 1469/2/4 1470/2/4
f 1456/2/6 1470/2/6 1469/2/6 1458/2/6
f 1471/3/1 1287/3/1 1472/3/1 1473/3/1
f 1471/3/3 1473/3/3 1474/3/3 1265/3/3
f 1473/3/6 1472/3/6 1475/3/6 1474/3/6
f 1471/3/5 1265/3/5 1264/3/5 1287/3/5
f 1266/3/2 1476/3/2 1477/3/2 1269/3/2
f 1265/3/3 1474/3/3 1476/3/3 1266/3/3
f 1474/3/6 1475/3/6 1477/3/6 1476/3/6
f 1478/2/2 1479/2/2 1480/2/2 1288/2/2
f 1273/2/1 1274/2/1 1481/2/1 1482/2/1
f 1273/2/3 1482/2/3 1479/2/3 1478/2/3
f 1482/2/6 1481/2/6 1480/2/6 1479/2/6
f 1273/2/5 1478/2/5 1288/2/5 1274/2/5
f 1278/1/1 1280/1/1 1483/1/1 1484/1/1
f 1278/1/3 1484/1/3 1485/1/3 1281/1/3
f 1484/1/6 1483/1/6 1486/1/6 1485/1/6
f 1284/1/2 1487/1/2 1488/1/2 1285/1/2
f 1281/1/3 1485/1/3 1487/1/3 1284/1/3
f 1485/1/6 1486/1/6 1488/1/6 1487/1/6
f 1262/2/1 1286/2/1 1489/2/1 1490/2/1
f 1262/2/3 1490/2/3 1491/2/3 1261/2/3
f 1490/2/6 1489/2/6 1492/2/6 1491/2/6
f 1261/2/3 1491/2/3 1472/2/3 1287/2/3
f 1475/3/6 1493/3/6 1494/3/6 1477/3/6
f 1269/1/3 1477/1/3 1495/1/3 1270/1/3
f 1477/1/6 1494/1/6 1496/1/6 1495/1/6
f 1270/1/3 1495/1/3 1497/1/3 1272/1/3
f 1272/1/3 1497/1/3 1481/1/3 1274/1/3
f 1288/2/3 1480/2/3 1498/2/3 1289/2/3
f 1289/2/3 1498/2/3 1499/2/3 1290/2/3
f 1290/1/3 1499/1/3 1500/1/3 1291/1/3
f 1291/1/3 1500/1/3 1501/1/3 1292/1/3
f 1292/1/3 1501/1/3 1502/1/3 1293/1/3
f 1293/1/3 1502/1/3 1503/1/3 1294/1/3
f 1294/1/3 1503/1/3 1504/1/3 1276/1/3
f 1276/1/3 1504/1/3 1483/1/3 1280/1/3
f 1285/1/2 1488/1/2 1505/1/2 1295/1/2
f 1286/3/1 1296/3/1 1506/3/1 1489/3/1
f 1489/3/6 1506/3/6 1507/3/6 1492/3/6
f 1295/1/2 1505/1/2 1508/1/2 1297/1/2
f 1509/1/6 1510/1/6 1508/1/6 1505/1/6
f 1296/3/1 1298/3/1 1511/3/1 1506/3/1
f 1506/3/6 1511/3/6 1512/3/6 1507/3/6
f 1297/1/2 1508/1/2 1513/1/2 1299/1/2
f 1298/3/1 1300/3/1 1514/3/1 1511/3/1
f 1300/3/4 1304/3/4 1515/3/4 1514/3/4
f 1511/3/6 1514/3/6 1515/3/6 1512/3/6
f 1299/1/2 1513/1/2 1516/1/2 1301/1/2
f 1304/3/1 1303/3/1 1517/3/1 1515/3/1
f 1301/1/2 1516/1/2 1518/1/2 1305/1/2
f 1303/3/1 1307/3/1 1519/3/1 1517/3/1
f 1305/1/2 1518/1/2 1520/1/2 1308/1/2
f 1307/3/1 1309/3/1 1521/3/1 1519/3/1
f 1308/1/2 1520/1/2 1522/1/2 1310/1/2
f 1309/3/1 1311/3/1 1523/3/1 1521/3/1
f 1310/1/2 1522/1/2 1524/1/2 1312/1/2
f 1311/3/1 1313/3/1 1525/3/1 1523/3/1
f 1312/1/2 1524/1/2 1526/1/2 1314/1/2
f 1313/3/1 1316/3/1 1527/3/1 1525/3/1
f 1314/1/2 1526/1/2 1528/1/2 1320/1/2
f 1315/1/5 1314/1/5 1320/1/5 1317/1/5
f 1316/3/1 1318/3/1 1529/3/1 1527/3/1
f 1320/1/2 1528/1/2 1530/1/2 1321/1/2
f 1531/3/1 1532/3/1 1533/3/1 1534/3/1
f 1531/3/3 1534/3/3 1529/3/3 1318/3/3
f 1532/3/4 1328/3/4 1535/3/4 1533/3/4
f 1534/3/6 1533/3/6 1535/3/6 1529/3/6
f 1531/3/5 1318/3/5 1328/3/5 1532/3/5
f 1318/3/5 1319/3/5 1322/3/5 1328/3/5
f 1324/1/2 1536/1/2 1537/1/2 1325/1/2
f 1321/1/3 1530/1/3 1536/1/3 1324/1/3
f 1328/3/1 1327/3/1 1538/3/1 1535/3/1
f 1325/1/2 1537/1/2 1539/1/2 1329/1/2
f 1330/1/4 1329/1/4 1539/1/4 1540/1/4
f 1541/1/6 1540/1/6 1539/1/6 1537/1/6
f 1327/3/1 1331/3/1 1542/3/1 1538/3/1
f 1330/1/2 1540/1/2 1543/1/2 1332/1/2
f 1544/1/6 1545/1/6 1543/1/6 1540/1/6
f 1331/3/1 1333/3/1 1546/3/1 1542/3/1
f 1332/1/2 1543/1/2 1547/1/2 1334/1/2
f 1339/1/4 1334/1/4 1547/1/4 1548/1/4
f 1333/3/1 1338/3/1 1549/3/1 1546/3/1
f 1339/1/2 1548/1/2 1550/1/2 1340/1/2
f 1338/3/1 1347/3/1 1551/3/1 1549/3/1
f 1340/1/2 1550/1/2 1552/1/2 1348/1/2
f 1347/3/1 1352/3/1 1553/3/1 1551/3/1
f 1348/1/2 1552/1/2 1554/1/2 1354/1/2
f 1555/4/1 1556/4/1 1557/4/1 1558/4/1
f 1555/4/3 1558/4/3 1559/4/3 1358/4/3
f 1555/4/5 1358/4/5 1357/4/5 1556/4/5
f 1358/4/3 1559/4/3 1560/4/3 1359/4/3
f 1362/4/2 1561/4/2 1562/4/2 1363/4/2
f 1359/4/3 1560/4/3 1561/4/3 1362/4/3
f 1560/4/6 1563/4/6 1562/4/6 1561/4/6
f 1352/3/1 1365/3/1 1564/3/1 1553/3/1
f 1353/1/2 1565/1/2 1566/1/2 1366/1/2
f 1354/1/3 1554/1/3 1565/1/3 1353/1/3
f 1556/4/1 1567/4/1 1568/4/1 1557/4/1
f 1556/4/5 1357/4/5 1368/4/5 1567/4/5
f 1363/4/2 1562/4/2 1569/4/2 1371/4/2
f 1563/4/6 1570/4/6 1569/4/6 1562/4/6
f 1364/3/1 1373/3/1 1571/3/1 1572/3/1
f 1364/3/3 1572/3/3 1564/3/3 1365/3/3
f 1366/1/2 1566/1/2 1573/1/2 1374/1/2
f 1567/4/1 1574/4/1 1575/4/1 1568/4/1
f 1567/4/5 1368/4/5 1377/4/5 1574/4/5
f 1371/4/2 1569/4/2 1576/4/2 1379/4/2
f 1389/4/4 1379/4/4 1576/4/4 1577/4/4
f 1570/4/6 1577/4/6 1576/4/6 1569/4/6
f 1373/3/1 1381/3/1 1578/3/1 1571/3/1
f 1374/1/2 1573/1/2 1579/1/2 1382/1/2
f 1574/4/1 1580/4/1 1581/4/1 1575/4/1
f 1580/4/4 1385/4/4 1582/4/4 1581/4/4
f 1574/4/5 1377/4/5 1385/4/5 1580/4/5
f 1389/4/2 1577/4/2 1583/4/2 1387/4/2
f 1385/4/4 1387/4/4 1583/4/4 1582/4/4
f 1381/3/1 1391/3/1 1584/3/1 1578/3/1
f 1578/3/6 1584/3/6 1585/3/6 1586/3/6
f 1382/1/2 1579/1/2 1587/1/2 1392/1/2
f 1391/3/1 1393/3/1 1588/3/1 1584/3/1
f 1393/3/4 1398/3/4 1589/3/4 1588/3/4
f 1584/3/6 1588/3/6 1589/3/6 1585/3/6
f 1394/1/2 1590/1/2 1591/1/2 1395/1/2
f 1392/1/3 1587/1/3 1590/1/3 1394/1/3
f 1398/3/1 1397/3/1 1592/3/1 1589/3/1
f 1395/1/2 1591/1/2 1593/1/2 1399/1/2
f 1594/1/6 1595/1/6 1593/1/6 1591/1/6
f 1397/3/1 1402/3/1 1596/3/1 1592/3/1
f 1404/1/4 1403/1/4 1597/1/4 1598/1/4
f 1399/1/2 1593/1/2 1599/1/2 1405/1/2
f 1595/1/6 1600/1/6 1599/1/6 1593/1/6
f 1401/3/1 1408/3/1 1601/3/1 1602/3/1
f 1401/3/3 1602/3/3 1596/3/3 1402/3/3
f 1408/3/4 1414/3/4 1603/3/4 1601/3/4
f 1602/3/6 1601/3/6 1603/3/6 1596/3/6
f 1404/1/2 1598/1/2 1604/1/2 1409/1/2
f 1403/1/1 1410/1/1 1605/1/1 1597/1/1
f 1405/1/2 1599/1/2 1606/1/2 1607/1/2
f 1600/1/6 1608/1/6 1606/1/6 1599/1/6
f 1407/1/5 1405/1/5 1607/1/5 1411/1/5
f 1414/3/1 1413/3/1 1609/3/1 1603/3/1
f 1409/1/2 1604/1/2 1610/1/2 1415/1/2
f 1410/1/1 1416/1/1 1611/1/1 1605/1/1
f 1607/1/2 1606/1/2 1612/1/2 1613/1/2
f 1411/1/5 1607/1/5 1613/1/5 1417/1/5
f 1413/3/1 1419/3/1 1614/3/1 1609/3/1
f 1415/1/3 1610/1/3 1611/1/3 1416/1/3
f 1426/1/4 1427/1/4 1615/1/4 1616/1/4
f 1427/1/4 1429/1/4 1617/1/4 1615/1/4
f 1429/1/4 1431/1/4 1618/1/4 1617/1/4
f 1431/1/4 1433/1/4 1619/1/4 1618/1/4
f 1613/2/2 1612/2/2 1620/2/2 1621/2/2
f 1417/2/5 1613/2/5 1621/2/5 1420/2/5
f 1418/2/1 1422/2/1 1622/2/1 1623/2/1
f 1418/2/3 1623/2/3 1614/2/3 1419/2/3
f 1623/2/6 1622/2/6 1624/2/6 1614/2/6
f 1426/1/2 1616/1/2 1625/1/2 1425/1/2
f 1440/1/4 1425/1/4 1625/1/4 1626/1/4
f 1627/1/6 1626/1/6 1625/1/6 1616/1/6
f 1433/1/1 1432/1/1 1628/1/1 1619/1/1
f 1432/1/4 1434/1/4 1629/1/4 1628/1/4
f 1621/1/2 1620/1/2 1630/1/2 1442/1/2
f 1420/1/5 1621/1/5 1442/1/5 1434/1/5
f 1422/3/1 1631/3/1 1632/3/1 1622/3/1
f 1631/3/4 1436/3/4 1633/3/4 1632/3/4
f 1422/3/5 1423/3/5 1436/3/5 1631/3/5
f 1440/1/2 1626/1/2 1634/1/2 1439/1/2
f 1635/1/6 1636/1/6 1634/1/6 1626/1/6
f 1442/2/2 1630/2/2 1637/2/2 1443/2/2
f 1434/2/1 1446/2/1 1638/2/1 1629/2/1
f 1446/2/4 1443/2/4 1637/2/4 1638/2/4
f 1436/3/1 1639/3/1 1640/3/1 1633/3/1
f 1639/3/4 1447/3/4 1641/3/4 1640/3/4
f 1436/3/5 1437/3/5 1447/3/5 1639/3/5
f 1452/1/4 1455/1/4 1642/1/4 1643/1/4
f 1457/1/4 1459/1/4 1644/1/4 1645/1/4
f 1439/1/2 1634/1/2 1646/1/2 1448/1/2
f 1447/3/1 1450/3/1 1647/3/1 1641/3/1
f 1450/3/4 1451/3/4 1648/3/4 1647/3/4
f 1452/3/2 1643/3/2 1649/3/2 1453/3/2
f 1457/2/2 1645/2/2 1650/2/2 1456/2/2
f 1455/2/1 1454/2/1 1651/2/1 1642/2/1
f 1454/2/4 1456/2/4 1650/2/4 1651/2/4
f 1459/1/1 1458/1/1 1652/1/1 1644/1/1
f 1458/1/4 1460/1/4 1653/1/4 1652/1/4
f 1644/1/6 1652/1/6 1653/1/6 1654/1/6
f 1654/1/6 1653/1/6 1655/1/6 1656/1/6
f 1461/1/4 1462/1/4 1657/1/4 1655/1/4
f 1448/1/2 1646/1/2 1658/1/2 1463/1/2
f 1462/1/4 1463/1/4 1658/1/4 1657/1/4
f 1451/1/1 1465/1/1 1659/1/1 1648/1/1
f 1465/1/4 1466/1/4 1660/1/4 1659/1/4
f 1453/1/2 1649/1/2 1661/1/2 1467/1/2
f 1466/1/4 1467/1/4 1661/1/4 1660/1/4
f 1461/2/2 1655/2/2 1662/2/2 1663/2/2
f 1460/2/1 1664/2/1 1665/2/1 1653/2/1
f 1664/2/4 1663/2/4 1662/2/4 1665/2/4
f 1653/2/6 1665/2/6 1662/2/6 1655/2/6
f 1460/2/5 1461/2/5 1663/2/5 1664/2/5
f 1666/1/2 1667/1/2 1668/1/2 1497/1/2
f 1669/1/1 1495/1/1 1670/1/1 1671/1/1
f 1669/1/3 1671/1/3 1667/1/3 1666/1/3
f 1671/1/6 1670/1/6 1668/1/6 1667/1/6
f 1669/1/5 1666/1/5 1497/1/5 1495/1/5
f 1672/2/2 1673/2/2 1674/2/2 1502/2/2
f 1675/2/1 1501/2/1 1676/2/1 1677/2/1
f 1675/2/3 1677/2/3 1673/2/3 1672/2/3
f 1675/2/5 1672/2/5 1502/2/5 1501/2/5
f 1491/2/1 1492/2/1 1678/2/1 1679/2/1
f 1491/2/3 1679/2/3 1680/2/3 1472/2/3
f 1475/2/2 1681/2/2 1682/2/2 1493/2/2
f 1472/2/3 1680/2/3 1681/2/3 1475/2/3
f 1495/1/1 1496/1/1 1683/1/1 1670/1/1
f 1497/1/3 1668/1/3 1684/1/3 1481/1/3
f 1481/1/3 1684/1/3 1685/1/3 1480/1/3
f 1480/1/3 1685/1/3 1686/1/3 1498/1/3
f 1498/2/3 1686/2/3 1687/2/3 1499/2/3
f 1499/2/3 1687/2/3 1688/2/3 1500/2/3
f 1500/2/3 1688/2/3 1676/2/3 1501/2/3
f 1502/2/3 1674/2/3 1689/2/3 1503/2/3
f 1503/2/3 1689/2/3 1690/2/3 1504/2/3
f 1504/2/3 1690/2/3 1691/2/3 1483/2/3
f 1483/2/3 1691/2/3 1692/2/3 1486/2/3
f 1488/1/2 1693/1/2 1694/1/2 1505/1/2
f 1486/1/3 1692/1/3 1693/1/3 1488/1/3
f 1509/1/4 1505/1/4 1694/1/4 1695/1/4
f 1492/3/1 1507/3/1 1696/3/1 1678/3/1
f 1493/3/3 1682/3/3 1697/3/3 1494/3/3
f 1494/1/3 1697/1/3 1683/1/3 1496/1/3
f 1509/1/2 1695/1/2 1698/1/2 1510/1/2
f 1507/3/1 1512/3/1 1699/3/1 1696/3/1
f 1508/1/2 1700/1/2 1701/1/2 1513/1/2
f 1510/1/3 1698/1/3 1700/1/3 1508/1/3
f 1698/1/6 1702/1/6 1701/1/6 1700/1/6
f 1512/3/1 1515/3/1 1703/3/1 1699/3/1
f 1513/1/2 1701/1/2 1704/1/2 1516/1/2
f 1514/3/1 1705/3/1 1706/3/1 1707/3/1
f 1514/3/3 1707/3/3 1703/3/3 1515/3/3
f 1514/3/5 1515/3/5 1517/3/5 1705/3/5
f 1516/1/2 1704/1/2 1708/1/2 1518/1/2
f 1705/3/1 1709/3/1 1710/3/1 1706/3/1
f 1705/3/5 1517/3/5 1519/3/5 1709/3/5
f 1518/1/2 1708/1/2 1711/1/2 1520/1/2
f 1709/3/1 1712/3/1 1713/3/1 1710/3/1
f 1709/3/5 1519/3/5 1521/3/5 1712/3/5
f 1520/1/2 1711/1/2 1714/1/2 1522/1/2
f 1712/3/1 1715/3/1 1716/3/1 1713/3/1
f 1712/3/5 1521/3/5 1523/3/5 1715/3/5
f 1522/1/2 1714/1/2 1717/1/2 1524/1/2
f 1715/3/1 1718/3/1 1719/3/1 1716/3/1
f 1715/3/5 1523/3/5 1525/3/5 1718/3/5
f 1720/1/2 1721/1/2 1722/1/2 1723/1/2
f 1524/1/3 1717/1/3 1721/1/3 1720/1/3
f 1524/1/5 1720/1/5 1723/1/5 1526/1/5
f 1718/3/1 1724/3/1 1725/3/1 1719/3/1
f 1718/3/5 1525/3/5 1527/3/5 1724/3/5
f 1723/1/2 1722/1/2 1726/1/2 1727/1/2
f 1728/1/6 1729/1/6 1726/1/6 1722/1/6
f 1526/1/5 1723/1/5 1727/1/5 1528/1/5
f 1724/3/1 1534/3/1 1730/3/1 1725/3/1
f 1534/3/4 1529/3/4 1731/3/4 1730/3/4
f 1724/3/5 1527/3/5 1529/3/5 1534/3/5
f 1727/1/2 1726/1/2 1732/1/2 1536/1/2
f 1729/1/6 1733/1/6 1732/1/6 1726/1/6
f 1528/1/5 1727/1/5 1536/1/5 1530/1/5
f 1529/3/1 1535/3/1 1734/3/1 1731/3/1
f 1536/1/2 1732/1/2 1735/1/2 1537/1/2
f 1541/1/4 1537/1/4 1735/1/4 1736/1/4
f 1733/1/6 1736/1/6 1735/1/6 1732/1/6
f 1535/3/1 1538/3/1 1737/3/1 1734/3/1
f 1541/1/2 1736/1/2 1738/1/2 1540/1/2
f 1544/1/4 1540/1/4 1738/1/4 1739/1/4
f 1538/3/1 1542/3/1 1740/3/1 1737/3/1
f 1544/1/2 1739/1/2 1741/1/2 1545/1/2
f 1542/3/1 1546/3/1 1742/3/1 1740/3/1
f 1543/1/2 1743/1/2 1744/1/2 1547/1/2
f 1545/1/3 1741/1/3 1743/1/3 1543/1/3
f 1546/3/1 1549/3/1 1745/3/1 1742/3/1
f 1547/1/2 1744/1/2 1746/1/2 1747/1/2
f 1548/1/5 1547/1/5 1747/1/5 1550/1/5
f 1549/3/1 1551/3/1 1748/3/1 1745/3/1
f 1552/1/4 1749/1/4 1750/1/4 1751/1/4
f 1550/1/5 1747/1/5 1749/1/5 1552/1/5
f 1752/1/2 1753/1/2 1754/1/2 1755/1/2
f 1747/1/3 1746/1/3 1753/1/3 1752/1/3
f 1749/1/4 1755/1/4 1754/1/4 1750/1/4
f 1746/1/6 1750/1/6 1754/1/6 1753/1/6
f 1747/1/5 1752/1/5 1755/1/5 1749/1/5
f 1756/3/1 1757/3/1 1758/3/1 1759/3/1
f 1756/3/3 1759/3/3 1748/3/3 1551/3/3
f 1759/3/6 1758/3/6 1760/3/6 1748/3/6
f 1756/3/5 1551/3/5 1553/3/5 1757/3/5
f 1552/1/2 1751/1/2 1761/1/2 1554/1/2
f 1762/4/1 1763/4/1 1764/4/1 1765/4/1
f 1762/4/3 1765/4/3 1766/4/3 1767/4/3
f 1762/4/5 1767/4/5 1768/4/5 1763/4/5
f 1767/4/3 1766/4/3 1769/4/3 1558/4/3
f 1767/4/5 1558/4/5 1557/4/5 1768/4/5
f 1558/4/3 1769/4/3 1770/4/3 1559/4/3
f 1769/4/6 1771/4/6 1772/4/6 1770/4/6
f 1560/4/2 1773/4/2 1774/4/2 1563/4/2
f 1559/4/3 1770/4/3 1773/4/3 1560/4/3
f 1770/4/6 1772/4/6 1774/4/6 1773/4/6
f 1757/3/1 1572/3/1 1775/3/1 1758/3/1
f 1758/3/6 1775/3/6 1776/3/6 1760/3/6
f 1757/3/5 1553/3/5 1564/3/5 1572/3/5
f 1554/1/3 1761/1/3 1777/1/3 1565/1/3
f 1778/1/2 1779/1/2 1780/1/2 1781/1/2
f 1565/1/3 1777/1/3 1779/1/3 1778/1/3
f 1565/1/5 1778/1/5 1781/1/5 1566/1/5
f 1763/4/1 1782/4/1 1783/4/1 1764/4/1
f 1763/4/5 1768/4/5 1784/4/5 1782/4/5
f 1768/4/5 1557/4/5 1568/4/5 1784/4/5
f 1771/4/6 1785/4/6 1786/4/6 1772/4/6
f 1563/4/2 1774/4/2 1787/4/2 1570/4/2
f 1772/4/6 1786/4/6 1787/4/6 1774/4/6
f 1572/3/1 1571/3/1 1788/3/1 1775/3/1
f 1775/3/6 1788/3/6 1789/3/6 1776/3/6
f 1781/1/2 1780/1/2 1790/1/2 1791/1/2
f 1573/1/4 1791/1/4 1790/1/4 1792/1/4
f 1566/1/5 1781/1/5 1791/1/5 1573/1/5
f 1782/4/1 1793/4/1 1794/4/1 1783/4/1
f 1782/4/5 1784/4/5 1795/4/5 1793/4/5
f 1784/4/5 1568/4/5 1575/4/5 1795/4/5
f 1785/4/6 1796/4/6 1797/4/6 1786/4/6
f 1570/4/2 1787/4/2 1798/4/2 1577/4/2
f 1786/4/6 1797/4/6 1798/4/6 1787/4/6
f 1571/2/1 1578/2/1 1799/2/1 1788/2/1
f 1578/2/4 1586/2/4 1800/2/4 1799/2/4
f 1788/2/6 1799/2/6 1800/2/6 1789/2/6
f 1573/1/2 1792/1/2 1801/1/2 1579/1/2
f 1793/4/1 1802/4/1 1803/4/1 1794/4/1
f 1802/4/4 1804/4/4 1805/4/4 1803/4/4
f 1793/4/5 1795/4/5 1804/4/5 1802/4/5
f 1804/4/4 1581/4/4 1806/4/4 1805/4/4
f 1795/4/5 1575/4/5 1581/4/5 1804/4/5
f 1581/4/4 1582/4/4 1807/4/4 1806/4/4
f 1796/4/6 1806/4/6 1807/4/6 1797/4/6
f 1577/4/2 1798/4/2 1808/4/2 1583/4/2
f 1582/4/4 1583/4/4 1808/4/4 1807/4/4
f 1797/4/6 1807/4/6 1808/4/6 1798/4/6
f 1586/3/1 1585/3/1 1809/3/1 1800/3/1
f 1579/1/2 1801/1/2 1810/1/2 1587/1/2
f 1585/3/1 1589/3/1 1811/3/1 1809/3/1
f 1590/1/2 1812/1/2 1813/1/2 1591/1/2
f 1587/1/3 1810/1/3 1812/1/3 1590/1/3
f 1594/1/4 1591/1/4 1813/1/4 1814/1/4
f 1810/1/6 1814/1/6 1813/1/6 1812/1/6
f 1589/3/1 1592/3/1 1815/3/1 1811/3/1
f 1594/1/2 1814/1/2 1816/1/2 1595/1/2
f 1592/3/1 1596/3/1 1817/3/1 1815/3/1
f 1598/1/4 1597/1/4 1818/1/4 1819/1/4
f 1595/1/2 1816/1/2 1820/1/2 1600/1/2
f 1596/3/1 1603/3/1 1821/3/1 1817/3/1
f 1598/1/2 1819/1/2 1822/1/2 1604/1/2
f 1597/1/1 1605/1/1 1823/1/1 1818/1/1
f 1600/1/2 1820/1/2 1824/1/2 1608/1/2
f 1603/3/1 1609/3/1 1825/3/1 1821/3/1
f 1604/1/2 1822/1/2 1826/1/2 1610/1/2
f 1605/1/1 1611/1/1 1827/1/1 1823/1/1
f 1606/1/2 1828/1/2 1829/1/2 1612/1/2
f 1608/1/3 1824/1/3 1828/1/3 1606/1/3
f 1824/1/6 1830/1/6 1829/1/6 1828/1/6
f 1609/3/1 1614/3/1 1831/3/1 1825/3/1
f 1610/1/3 1826/1/3 1827/1/3 1611/1/3
f 1627/1/4 1616/1/4 1832/1/4 1833/1/4
f 1616/1/4 1615/1/4 1834/1/4 1832/1/4
f 1615/1/4 1617/1/4 1835/1/4 1834/1/4
f 1612/1/2 1829/1/2 1836/1/2 1620/1/2
f 1614/3/1 1624/3/1 1837/3/1 1831/3/1
f 1627/1/2 1833/1/2 1838/1/2 1626/1/2
f 1635/1/4 1626/1/4 1838/1/4 1839/1/4
f 1617/1/1 1840/1/1 1841/1/1 1835/1/1
f 1840/1/4 1842/1/4 1843/1/4 1841/1/4
f 1617/1/5 1618/1/5 1842/1/5 1840/1/5
f 1842/1/4 1628/1/4 1844/1/4 1843/1/4
f 1618/1/5 1619/1/5 1628/1/5 1842/1/5
f 1628/1/4 1629/1/4 1845/1/4 1844/1/4
f 1620/1/2 1836/1/2 1846/1/2 1630/1/2
f 1622/2/1 1632/2/1 1847/2/1 1848/2/1
f 1622/2/3 1848/2/3 1837/2/3 1624/2/3
f 1848/2/6 1847/2/6 1849/2/6 1837/2/6
f 1635/1/2 1839/1/2 1850/1/2 1636/1/2
f 1630/2/2 1846/2/2 1851/2/2 1637/2/2
f 1629/2/1 1638/2/1 1852/2/1 1845/2/1
f 1638/2/4 1637/2/4 1851/2/4 1852/2/4
f 1845/2/6 1852/2/6 1851/2/6 1846/2/6
f 1632/3/1 1853/3/1 1854/3/1 1847/3/1
f 1847/3/6 1854/3/6 1855/3/6 1849/3/6
f 1632/3/5 1633/3/5 1640/3/5 1853/3/5
f 1640/3/4 1641/3/4 1856/3/4 1855/3/4
f 1643/1/4 1642/1/4 1857/1/4 1858/1/4
f 1645/1/4 1644/1/4 1859/1/4 1860/1/4
f 1644/1/4 1654/1/4 1861/1/4 1859/1/4
f 1654/1/4 1656/1/4 1862/1/4 1861/1/4
f 1634/1/2 1863/1/2 1864/1/2 1646/1/2
f 1636/1/3 1850/1/3 1863/1/3 1634/1/3
f 1640/3/2 1855/3/2 1865/3/2 1866/3/2
f 1853/3/1 1867/3/1 1868/3/1 1854/3/1
f 1867/3/4 1866/3/4 1865/3/4 1868/3/4
f 1853/3/5 1640/3/5 1866/3/5 1867/3/5
f 1641/3/1 1647/3/1 1869/3/1 1856/3/1
f 1647/3/4 1648/3/4 1870/3/4 1869/3/4
f 1871/3/6 1870/3/6 1872/3/6 1873/3/6
f 1643/3/2 1858/3/2 1874/3/2 1649/3/2
f 1645/1/2 1860/1/2 1875/1/2 1650/1/2
f 1642/1/1 1651/1/1 1876/1/1 1857/1/1
f 1651/1/4 1650/1/4 1875/1/4 1876/1/4
f 1656/1/1 1655/1/1 1877/1/1 1862/1/1
f 1655/1/4 1657/1/4 1878/1/4 1877/1/4
f 1862/1/6 1877/1/6 1878/1/6 1879/1/6
f 1657/1/4 1658/1/4 1880/1/4 1878/1/4
f 1879/1/6 1878/1/6 1880/1/6 1864/1/6
f 1881/1/2 1882/1/2 1883/1/2 1884/1/2
f 1646/1/3 1864/1/3 1882/1/3 1881/1/3
f 1646/1/5 1881/1/5 1884/1/5 1658/1/5
f 1648/2/1 1659/2/1 1885/2/1 1870/2/1
f 1659/2/4 1660/2/4 1886/2/4 1885/2/4
f 1870/2/6 1885/2/6 1886/2/6 1872/2/6
f 1649/2/2 1874/2/2 1887/2/2 1661/2/2
f 1660/2/4 1661/2/4 1887/2/4 1886/2/4
f 1872/2/6 1886/2/6 1887/2/6 1874/2/6
f 1658/2/1 1888/2/1 1889/2/1 1880/2/1
f 1888/2/4 1890/2/4 1891/2/4 1889/2/4
f 1880/2/6 1889/2/6 1891/2/6 1883/2/6
f 1658/2/5 1884/2/5 1890/2/5 1888/2/5
f 1884/1/3 1883/1/3 1892/1/3 1893/1/3
f 1890/1/4 1894/1/4 1895/1/4 1891/1/4
f 1884/1/5 1893/1/5 1894/1/5 1890/1/5
f 1896/1/2 1897/1/2 1898/1/2 1899/1/2
f 1893/1/3 1892/1/3 1897/1/3 1896/1/3
f 1894/1/4 1899/1/4 1898/1/4 1895/1/4
f 1892/1/6 1895/1/6 1898/1/6 1897/1/6
f 1893/1/5 1896/1/5 1899/1/5 1894/1/5
f 1900/1/1 1686/1/1 1901/1/1 1902/1/1
f 1900/1/3 1902/1/3 1903/1/3 1904/1/3
f 1900/1/5 1904/1/5 1687/1/5 1686/1/5
f 1905/1/2 1906/1/2 1907/1/2 1688/1/2
f 1904/1/3 1903/1/3 1906/1/3 1905/1/3
f 1903/1/6 1908/1/6 1907/1/6 1906/1/6
f 1904/1/5 1905/1/5 1688/1/5 1687/1/5
f 1677/1/1 1676/1/1 1909/1/1 1910/1/1
f 1677/1/3 1910/1/3 1911/1/3 1673/1/3
f 1673/1/3 1911/1/3 1912/1/3 1913/1/3
f 1673/1/5 1913/1/5 1689/1/5 1674/1/5
f 1914/1/2 1915/1/2 1916/1/2 1690/1/2
f 1913/1/3 1912/1/3 1915/1/3 1914/1/3
f 1913/1/5 1914/1/5 1690/1/5 1689/1/5
f 1679/3/1 1678/3/1 1917/3/1 1918/3/1
f 1679/3/3 1918/3/3 1919/3/3 1680/3/3
f 1680/2/3 1919/2/3 1920/2/3 1681/2/3
f 1681/2/3 1920/2/3 1921/2/3 1922/2/3
f 1681/2/5 1922/2/5 1697/2/5 1682/2/5
f 1922/1/3 1921/1/3 1923/1/3 1670/1/3
f 1922/1/5 1670/1/5 1683/1/5 1697/1/5
f 1670/1/3 1923/1/3 1924/1/3 1668/1/3
f 1668/1/3 1924/1/3 1925/1/3 1684/1/3
f 1684/1/3 1925/1/3 1926/1/3 1685/1/3
f 1685/1/3 1926/1/3 1901/1/3 1686/1/3
f 1688/1/3 1907/1/3 1909/1/3 1676/1/3
f 1690/1/3 1916/1/3 1927/1/3 1691/1/3
f 1691/2/3 1927/2/3 1928/2/3 1692/2/3
f 1693/2/2 1929/2/2 1930/2/2 1694/2/2
f 1692/2/3 1928/2/3 1929/2/3 1693/2/3
f 1695/2/4 1694/2/4 1930/2/4 1931/2/4
f 1932/3/1 1933/3/1 1934/3/1 1935/3/1
f 1932/3/3 1935/3/3 1917/3/3 1678/3/3
f 1932/3/5 1678/3/5 1696/3/5 1933/3/5
f 1695/1/2 1931/1/2 1936/1/2 1698/1/2
f 1933/3/1 1937/3/1 1938/3/1 1934/3/1
f 1934/3/6 1938/3/6 1939/3/6 1940/3/6
f 1933/3/5 1696/3/5 1699/3/5 1937/3/5
f 1698/1/2 1936/1/2 1941/1/2 1702/1/2
f 1937/3/1 1707/3/1 1942/3/1 1938/3/1
f 1938/3/6 1942/3/6 1943/3/6 1939/3/6
f 1937/3/5 1699/3/5 1703/3/5 1707/3/5
f 1701/1/2 1944/1/2 1945/1/2 1704/1/2
f 1702/1/3 1941/1/3 1944/1/3 1701/1/3
f 1707/3/1 1706/3/1 1946/3/1 1942/3/1
f 1942/3/6 1946/3/6 1947/3/6 1943/3/6
f 1948/1/2 1949/1/2 1950/1/2 1951/1/2
f 1704/1/3 1945/1/3 1949/1/3 1948/1/3
f 1704/1/5 1948/1/5 1951/1/5 1708/1/5
f 1706/3/1 1710/3/1 1952/3/1 1946/3/1
f 1951/1/2 1950/1/2 1953/1/2 1954/1/2
f 1708/1/5 1951/1/5 1954/1/5 1711/1/5
f 1710/3/1 1713/3/1 1955/3/1 1952/3/1
f 1954/1/2 1953/1/2 1956/1/2 1957/1/2
f 1714/1/4 1957/1/4 1956/1/4 1958/1/4
f 1959/1/6 1958/1/6 1956/1/6 1953/1/6
f 1711/1/5 1954/1/5 1957/1/5 1714/1/5
f 1713/3/1 1716/3/1 1960/3/1 1955/3/1
f 1714/1/2 1958/1/2 1961/1/2 1717/1/2
f 1716/3/1 1719/3/1 1962/3/1 1960/3/1
f 1721/1/2 1963/1/2 1964/1/2 1722/1/2
f 1717/1/3 1961/1/3 1963/1/3 1721/1/3
f 1728/1/4 1722/1/4 1964/1/4 1965/1/4
f 1961/1/6 1965/1/6 1964/1/6 1963/1/6
f 1719/3/1 1725/3/1 1966/3/1 1962/3/1
f 1962/3/6 1966/3/6 1967/3/6 1968/3/6
f 1728/1/2 1965/1/2 1969/1/2 1729/1/2
f 1725/3/1 1730/3/1 1970/3/1 1966/3/1
f 1730/3/4 1731/3/4 1971/3/4 1970/3/4
f 1966/3/6 1970/3/6 1971/3/6 1967/3/6
f 1729/1/2 1969/1/2 1972/1/2 1733/1/2
f 1731/3/1 1734/3/1 1973/3/1 1971/3/1
f 1733/1/2 1972/1/2 1974/1/2 1736/1/2
f 1734/3/1 1737/3/1 1975/3/1 1973/3/1
f 1735/1/2 1976/1/2 1977/1/2 1978/1/2
f 1736/1/3 1974/1/3 1976/1/3 1735/1/3
f 1738/1/4 1978/1/4 1977/1/4 1979/1/4
f 1974/1/6 1979/1/6 1977/1/6 1976/1/6
f 1736/1/5 1735/1/5 1978/1/5 1738/1/5
f 1737/3/1 1740/3/1 1980/3/1 1975/3/1
f 1738/1/2 1979/1/2 1981/1/2 1743/1/2
f 1739/1/5 1738/1/5 1743/1/5 1741/1/5
f 1982/3/1 1983/3/1 1984/3/1 1985/3/1
f 1982/3/3 1985/3/3 1980/3/3 1740/3/3
f 1983/3/4 1742/3/4 1986/3/4 1984/3/4
f 1982/3/5 1740/3/5 1742/3/5 1983/3/5
f 1743/1/2 1981/1/2 1987/1/2 1744/1/2
f 1742/3/1 1745/3/1 1988/3/1 1986/3/1
f 1989/1/2 1990/1/2 1991/1/2 1753/1/2
f 1744/1/3 1987/1/3 1990/1/3 1989/1/3
f 1746/1/4 1753/1/4 1991/1/4 1992/1/4
f 1987/1/6 1992/1/6 1991/1/6 1990/1/6
f 1744/1/5 1989/1/5 1753/1/5 1746/1/5
f 1745/3/1 1748/3/1 1993/3/1 1988/3/1
f 1746/1/2 1992/1/2 1994/1/2 1750/1/2
f 1748/3/1 1760/3/1 1995/3/1 1993/3/1
f 1750/1/2 1994/1/2 1996/1/2 1777/1/2
f 1751/1/5 1750/1/5 1777/1/5 1761/1/5
f 1765/4/1 1764/4/1 1997/4/1 1998/4/1
f 1765/4/3 1998/4/3 1999/4/3 1766/4/3
f 1769/4/2 2000/4/2 2001/4/2 1771/4/2
f 1766/4/3 1999/4/3 2000/4/3 1769/4/3
f 1999/4/6 2002/4/6 2001/4/6 2000/4/6
f 1760/3/1 1776/3/1 2003/3/1 1995/3/1
f 1779/1/2 2004/1/2 2005/1/2 1780/1/2
f 1777/1/3 1996/1/3 2004/1/3 1779/1/3
f 1996/1/6 2006/1/6 2005/1/6 2004/1/6
f 1764/4/1 1783/4/1 2007/4/1 1997/4/1
f 1771/4/2 2001/4/2 2008/4/2 1785/4/2
f 2002/4/6 2009/4/6 2008/4/6 2001/4/6
f 1776/3/1 1789/3/1 2010/3/1 2003/3/1
f 1780/1/2 2005/1/2 2011/1/2 1790/1/2
f 2006/1/6 2012/1/6 2011/1/6 2005/1/6
f 1783/4/1 1794/4/1 2013/4/1 2007/4/1
f 1785/4/2 2008/4/2 2014/4/2 1796/4/2
f 2009/4/6 2015/4/6 2014/4/6 2008/4/6
f 1789/3/1 1800/3/1 2016/3/1 2010/3/1
f 1790/1/2 2011/1/2 2017/1/2 2018/1/2
f 1801/1/4 2018/1/4 2017/1/4 2019/1/4
f 1792/1/5 1790/1/5 2018/1/5 1801/1/5
f 1794/4/1 1803/4/1 2020/4/1 2013/4/1
f 1803/4/4 1805/4/4 2021/4/4 2020/4/4
f 1796/4/2 2014/4/2 2022/4/2 1806/4/2
f 1805/4/4 1806/4/4 2022/4/4 2021/4/4
f 2015/4/6 2021/4/6 2022/4/6 2014/4/6
f 1800/3/1 1809/3/1 2023/3/1 2016/3/1
f 1801/1/2 2019/1/2 2024/1/2 1810/1/2
f 2025/2/1 2026/2/1 2027/2/1 2028/2/1
f 2025/2/3 2028/2/3 2023/2/3 1809/2/3
f 2028/2/6 2027/2/6 2029/2/6 2023/2/6
f 2025/2/5 1809/2/5 1811/2/5 2026/2/5
f 1810/1/2 2024/1/2 2030/1/2 1814/1/2
f 2026/2/1 2031/2/1 2032/2/1 2027/2/1
f 2027/2/6 2032/2/6 2033/2/6 2029/2/6
f 2026/2/5 1811/2/5 1815/2/5 2031/2/5
f 1814/1/2 2030/1/2 2034/1/2 1816/1/2
f 2031/3/1 2035/3/1 2036/3/1 2032/3/1
f 2031/3/5 1815/3/5 1817/3/5 2035/3/5
f 1819/1/4 1818/1/4 2037/1/4 2038/1/4
f 1816/1/2 2034/1/2 2039/1/2 1820/1/2
f 2035/3/1 2040/3/1 2041/3/1 2036/3/1
f 2040/3/4 1821/3/4 2042/3/4 2041/3/4
f 2035/3/5 1817/3/5 1821/3/5 2040/3/5
f 1819/1/2 2038/1/2 2043/1/2 1822/1/2
f 1818/1/1 1823/1/1 2044/1/1 2037/1/1
f 1820/1/2 2039/1/2 2045/1/2 1824/1/2
f 1821/3/1 1825/3/1 2046/3/1 2042/3/1
f 1822/1/2 2043/1/2 2047/1/2 1826/1/2
f 1823/1/1 1827/1/1 2048/1/1 2044/1/1
f 1824/1/2 2045/1/2 2049/1/2 1830/1/2
f 1825/3/1 1831/3/1 2050/3/1 2046/3/1
f 1826/1/3 2047/1/3 2048/1/3 1827/1/3
f 1829/1/2 2051/1/2 2052/1/2 1836/1/2
f 1830/1/3 2049/1/3 2051/1/3 1829/1/3
f 2049/1/6 2053/1/6 2052/1/6 2051/1/6
f 1831/3/1 1837/3/1 2054/3/1 2050/3/1
f 1838/1/4 2055/1/4 2056/1/4 2057/1/4
f 1833/1/5 1832/1/5 2055/1/5 1838/1/5
f 2055/1/4 2058/1/4 2059/1/4 2056/1/4
f 2060/1/6 2056/1/6 2059/1/6 2061/1/6
f 1832/1/5 1834/1/5 2058/1/5 2055/1/5
f 2058/1/4 1841/1/4 2062/1/4 2059/1/4
f 1834/1/5 1835/1/5 1841/1/5 2058/1/5
f 1841/1/4 1843/1/4 2063/1/4 2062/1/4
f 1843/1/4 1844/1/4 2064/1/4 2063/1/4
f 2065/1/6 2063/1/6 2064/1/6 2066/1/6
f 1844/1/4 1845/1/4 2067/1/4 2064/1/4
f 2066/1/6 2064/1/6 2067/1/6 2053/1/6
f 1836/1/2 2052/1/2 2068/1/2 1846/1/2
f 1845/1/4 1846/1/4 2068/1/4 2067/1/4
f 2053/1/6 2067/1/6 2068/1/6 2052/1/6
f 1837/3/1 1849/3/1 2069/3/1 2054/3/1
f 1838/1/2 2057/1/2 2070/1/2 1863/1/2
f 1839/1/5 1838/1/5 1863/1/5 1850/1/5
f 1849/3/1 1855/3/1 2071/3/1 2069/3/1
f 1855/3/4 1856/3/4 2072/3/4 2071/3/4
f 1871/3/4 1873/3/4 2073/3/4 2074/3/4
f 1860/1/4 1859/1/4 2075/1/4 2076/1/4
f 1862/1/4 1879/1/4 2077/1/4 2078/1/4
f 1879/1/4 1864/1/4 2079/1/4 2077/1/4
f 2080/1/6 2077/1/6 2079/1/6 2070/1/6
f 2081/1/2 2082/1/2 2083/1/2 1882/1/2
f 1863/1/3 2070/1/3 2082/1/3 2081/1/3
f 1863/1/5 2081/1/5 1882/1/5 1864/1/5
f 1855/3/2 2071/3/2 2084/3/2 1865/3/2
f 1854/3/1 1868/3/1 2085/3/1 2086/3/1
f 1854/3/3 2086/3/3 2071/3/3 1855/3/3
f 2086/3/6 2085/3/6 2084/3/6 2071/3/6
f 1871/3/2 2074/3/2 2087/3/2 1870/3/2
f 1856/3/1 1869/3/1 2088/3/1 2072/3/1
f 1869/3/4 1870/3/4 2087/3/4 2088/3/4
f 1873/3/1 1872/3/1 2089/3/1 2073/3/1
f 1872/3/4 1874/3/4 2090/3/4 2089/3/4
f 1874/1/4 1876/1/4 2091/1/4 2090/1/4
f 1858/1/5 1857/1/5 1876/1/5 1874/1/5
f 1860/1/2 2076/1/2 2092/1/2 1875/1/2
f 1876/1/4 1875/1/4 2092/1/4 2091/1/4
f 1859/1/1 2093/1/1 2094/1/1 2075/1/1
f 2093/1/4 2095/1/4 2096/1/4 2094/1/4
f 1859/1/5 1861/1/5 2095/1/5 2093/1/5
f 1862/1/2 2078/1/2 2097/1/2 1877/1/2
f 2095/1/4 1877/1/4 2097/1/4 2096/1/4
f 1861/1/5 1862/1/5 1877/1/5 2095/1/5
f 1864/1/1 1880/1/1 2098/1/1 2079/1/1
f 1880/1/4 1883/1/4 2099/1/4 2098/1/4
f 2079/1/6 2098/1/6 2099/1/6 2083/1/6
f 2100/5/2 2101/5/2 2102/5/2 1892/5/2
f 1882/5/3 2083/5/3 2101/5/3 2100/5/3
f 2083/5/6 2099/5/6 2102/5/6 2101/5/6
f 1882/5/5 2100/5/5 1892/5/5 1883/5/5
f 1865/1/2 2084/1/2 2103/1/2 2104/1/2
f 1868/1/1 2105/1/1 2106/1/1 2085/1/1
f 2105/1/4 2104/1/4 2103/1/4 2106/1/4
f 2085/1/6 2106/1/6 2103/1/6 2084/1/6
f 1868/1/5 1865/1/5 2104/1/5 2105/1/5
f 1892/1/2 2102/1/2 2107/1/2 1895/1/2
f 1883/1/1 1891/1/1 2108/1/1 2099/1/1
f 1891/1/4 1895/1/4 2107/1/4 2108/1/4
f 2099/1/6 2108/1/6 2107/1/6 2102/1/6
f 2109/1/2 2110/1/2 2111/1/2 2112/1/2
f 1897/1/1 1898/1/1 2113/1/1 2114/1/1
f 1897/1/3 2114/1/3 2110/1/3 2109/1/3
f 1898/1/4 2112/1/4 2111/1/4 2113/1/4
f 1897/1/5 2109/1/5 2112/1/5 1898/1/5
f 1903/1/2 2115/1/2 2116/1/2 1908/1/2
f 1902/1/1 1901/1/1 2117/1/1 2118/1/1
f 1902/1/3 2118/1/3 2115/1/3 1903/1/3
f 2118/1/6 2117/1/6 2116/1/6 2115/1/6
f 1910/1/1 1909/1/1 2119/1/1 2120/1/1
f 1910/1/3 2120/1/3 2121/1/3 1911/1/3
f 2120/1/6 2119/1/6 2122/1/6 2121/1/6
f 1911/1/3 2121/1/3 2123/1/3 1912/1/3
f 2121/1/6 2122/1/6 2124/1/6 2123/1/6
f 1912/1/3 2123/1/3 2125/1/3 1915/1/3
f 2123/1/6 2124/1/6 2126/1/6 2125/1/6
f 2127/1/2 2128/1/2 2129/1/2 1927/1/2
f 1915/1/3 2125/1/3 2128/1/3 2127/1/3
f 2125/1/6 2126/1/6 2129/1/6 2128/1/6
f 1915/1/5 2127/1/5 1927/1/5 1916/1/5
f 2130/1/2 2131/1/2 2132/1/2 1929/1/2
f 2133/1/1 1928/1/1 2134/1/1 2135/1/1
f 2133/1/3 2135/1/3 2131/1/3 2130/1/3
f 2133/1/5 2130/1/5 1929/1/5 1928/1/5
f 2136/3/1 1935/3/1 2137/3/1 2138/3/1
f 2136/3/3 2138/3/3 2139/3/3 1918/3/3
f 2138/3/6 2137/3/6 2140/3/6 2139/3/6
f 2136/3/5 1918/3/5 1917/3/5 1935/3/5
f 1918/3/3 2139/3/3 2141/3/3 1919/3/3
f 1919/3/3 2141/3/3 2142/3/3 1920/3/3
f 1920/2/3 2142/2/3 2143/2/3 1921/2/3
f 1921/2/3 2143/2/3 2144/2/3 1923/2/3
f 2143/2/6 2145/2/6 2146/2/6 2144/2/6
f 1923/2/3 2144/2/3 2147/2/3 1924/2/3
f 2144/2/6 2146/2/6 2148/2/6 2147/2/6
f 1924/1/3 2147/1/3 2149/1/3 1925/1/3
f 1925/1/3 2149/1/3 2150/1/3 1926/1/3
f 1926/1/3 2150/1/3 2117/1/3 1901/1/3
f 1908/1/3 2116/1/3 2151/1/3 1907/1/3
f 1907/1/3 2151/1/3 2119/1/3 1909/1/3
f 1927/1/3 2129/1/3 2134/1/3 1928/1/3
f 1929/1/2 2132/1/2 2152/1/2 1930/1/2
f 1935/3/1 1934/3/1 2153/3/1 2137/3/1
f 1934/3/4 1940/3/4 2154/3/4 2153/3/4
f 2137/3/6 2153/3/6 2154/3/6 2140/3/6
f 1930/1/2 2152/1/2 2155/1/2 2156/1/2
f 1931/1/5 1930/1/5 2156/1/5 1936/1/5
f 1940/3/1 1939/3/1 2157/3/1 2154/3/1
f 2156/1/2 2155/1/2 2158/1/2 1944/1/2
f 1936/1/5 2156/1/5 1944/1/5 1941/1/5
f 1939/3/1 1943/3/1 2159/3/1 2157/3/1
f 1944/1/2 2158/1/2 2160/1/2 1945/1/2
f 1943/3/1 1947/3/1 2161/3/1 2159/3/1
f 1949/1/2 2162/1/2 2163/1/2 1950/1/2
f 1945/1/3 2160/1/3 2162/1/3 1949/1/3
f 2160/1/6 2164/1/6 2163/1/6 2162/1/6
f 1946/3/1 1952/3/1 2165/3/1 2166/3/1
f 1946/3/3 2166/3/3 2161/3/3 1947/3/3
f 2166/3/6 2165/3/6 2167/3/6 2161/3/6
f 1950/1/2 2163/1/2 2168/1/2 1953/1/2
f 1959/1/4 1953/1/4 2168/1/4 2169/1/4
f 2164/1/6 2169/1/6 2168/1/6 2163/1/6
f 1952/3/1 1955/3/1 2170/3/1 2165/3/1
f 2165/3/6 2170/3/6 2171/3/6 2167/3/6
f 1959/1/2 2169/1/2 2172/1/2 1958/1/2
f 1955/3/1 1960/3/1 2173/3/1 2170/3/1
f 2170/3/6 2173/3/6 2174/3/6 2171/3/6
f 1958/1/2 2172/1/2 2175/1/2 1961/1/2
f 1960/2/1 1962/2/1 2176/2/1 2173/2/1
f 1962/2/4 1968/2/4 2177/2/4 2176/2/4
f 2173/2/6 2176/2/6 2177/2/6 2174/2/6
f 1961/1/2 2175/1/2 2178/1/2 1965/1/2
f 1968/3/1 1967/3/1 2179/3/1 2177/3/1
f 1965/1/2 2178/1/2 2180/1/2 1969/1/2
f 1967/3/1 1971/3/1 2181/3/1 2179/3/1
f 1969/1/2 2180/1/2 2182/1/2 1972/1/2
f 2183/1/6 2184/1/6 2182/1/6 2180/1/6
f 1970/2/1 2185/2/1 2186/2/1 2187/2/1
f 1970/2/3 2187/2/3 2181/2/3 1971/2/3
f 1970/2/5 1971/2/5 1973/2/5 2185/2/5
f 1972/1/2 2182/1/2 2188/1/2 1974/1/2
f 2185/2/1 2189/2/1 2190/2/1 2186/2/1
f 2185/2/5 1973/2/5 1975/2/5 2189/2/5
f 1974/1/2 2188/1/2 2191/1/2 1979/1/2
f 2189/2/1 1985/2/1 2192/2/1 2190/2/1
f 2189/2/5 1975/2/5 1980/2/5 1985/2/5
f 1979/1/2 2191/1/2 2193/1/2 1981/1/2
f 1985/2/1 1984/2/1 2194/2/1 2192/2/1
f 1981/1/2 2193/1/2 2195/1/2 1987/1/2
f 1984/2/1 2196/2/1 2197/2/1 2194/2/1
f 1984/2/5 1986/2/5 1988/2/5 2196/2/5
f 1987/1/2 2195/1/2 2198/1/2 1992/1/2
f 2196/3/1 2199/3/1 2200/3/1 2197/3/1
f 2196/3/5 1988/3/5 1993/3/5 2199/3/5
f 1992/1/2 2198/1/2 2201/1/2 1994/1/2
f 2199/3/1 2202/3/1 2203/3/1 2200/3/1
f 2199/3/5 1993/3/5 1995/3/5 2202/3/5
f 1994/1/2 2201/1/2 2204/1/2 1996/1/2
f 2205/4/1 2206/4/1 2207/4/1 2208/4/1
f 2205/4/3 2208/4/3 2209/4/3 1998/4/3
f 2205/4/5 1998/4/5 1997/4/5 2206/4/5
f 1999/4/2 2210/4/2 2211/4/2 2002/4/2
f 1998/4/3 2209/4/3 2210/4/3 1999/4/3
f 2202/3/1 2212/3/1 2213/3/1 2203/3/1
f 2212/3/4 2003/3/4 2214/3/4 2213/3/4
f 2202/3/5 1995/3/5 2003/3/5 2212/3/5
f 1996/1/2 2204/1/2 2215/1/2 2006/1/2
f 2206/4/1 2216/4/1 2217/4/1 2207/4/1
f 2206/4/5 1997/4/5 2007/4/5 2216/4/5
f 2002/4/2 2211/4/2 2218/4/2 2009/4/2
f 2003/3/1 2010/3/1 2219/3/1 2214/3/1
f 2006/1/2 2215/1/2 2220/1/2 2012/1/2
f 2216/4/1 2221/4/1 2222/4/1 2217/4/1
f 2216/4/5 2007/4/5 2013/4/5 2221/4/5
f 2009/4/2 2218/4/2 2223/4/2 2015/4/2
f 2010/3/1 2016/3/1 2224/3/1 2219/3/1
f 2011/1/2 2225/1/2 2226/1/2 2017/1/2
f 2012/1/3 2220/1/3 2225/1/3 2011/1/3
f 2019/1/4 2017/1/4 2226/1/4 2227/1/4
f 2220/1/6 2227/1/6 2226/1/6 2225/1/6
f 2221/4/1 2228/4/1 2229/4/1 2222/4/1
f 2228/4/4 2020/4/4 2230/4/4 2229/4/4
f 2221/4/5 2013/4/5 2020/4/5 2228/4/5
f 2015/4/2 2223/4/2 2231/4/2 2021/4/2
f 2020/4/4 2021/4/4 2231/4/4 2230/4/4
f 2016/3/1 2023/3/1 2232/3/1 2224/3/1
f 2019/1/2 2227/1/2 2233/1/2 2024/1/2
f 2023/3/1 2029/3/1 2234/3/1 2232/3/1
f 2024/1/2 2233/1/2 2235/1/2 2030/1/2
f 2029/3/1 2033/3/1 2236/3/1 2234/3/1
f 2237/1/2 2238/1/2 2239/1/2 2240/1/2
f 2030/1/3 2235/1/3 2238/1/3 2237/1/3
f 2030/1/5 2237/1/5 2240/1/5 2034/1/5
f 2032/2/1 2036/2/1 2241/2/1 2242/2/1
f 2032/2/3 2242/2/3 2236/2/3 2033/2/3
f 2242/2/6 2241/2/6 2243/2/6 2236/2/6
f 2038/1/4 2037/1/4 2244/1/4 2245/1/4
f 2240/1/2 2239/1/2 2246/1/2 2247/1/2
f 2034/1/5 2240/1/5 2247/1/5 2039/1/5
f 2036/3/1 2041/3/1 2248/3/1 2241/3/1
f 2241/3/6 2248/3/6 2249/3/6 2243/3/6
f 2038/1/2 2245/1/2 2250/1/2 2043/1/2
f 2037/1/1 2044/1/1 2251/1/1 2244/1/1
f 2247/1/2 2246/1/2 2252/1/2 2253/1/2
f 2254/1/6 2255/1/6 2252/1/6 2246/1/6
f 2039/1/5 2247/1/5 2253/1/5 2045/1/5
f 2041/3/1 2256/3/1 2257/3/1 2248/3/1
f 2256/3/4 2046/3/4 2258/3/4 2257/3/4
f 2041/3/5 2042/3/5 2046/3/5 2256/3/5
f 2043/1/2 2250/1/2 2259/1/2 2047/1/2
f 2044/1/1 2048/1/1 2260/1/1 2251/1/1
f 2253/1/2 2252/1/2 2261/1/2 2051/1/2
f 2049/1/4 2051/1/4 2261/1/4 2262/1/4
f 2255/1/6 2262/1/6 2261/1/6 2252/1/6
f 2045/1/5 2253/1/5 2051/1/5 2049/1/5
f 2046/3/1 2050/3/1 2263/3/1 2258/3/1
f 2047/1/3 2259/1/3 2260/1/3 2048/1/3
f 2060/1/4 2061/1/4 2264/1/4 2265/1/4
f 2065/1/4 2066/1/4 2266/1/4 2267/1/4
f 2049/1/2 2262/1/2 2268/1/2 2053/1/2
f 2066/1/4 2053/1/4 2268/1/4 2266/1/4
f 2050/3/1 2054/3/1 2269/3/1 2263/3/1
f 2060/1/2 2265/1/2 2270/1/2 2056/1/2
f 2057/1/4 2056/1/4 2270/1/4 2271/1/4
f 2061/1/1 2059/1/1 2272/1/1 2264/1/1
f 2059/1/4 2062/1/4 2273/1/4 2272/1/4
f 2065/1/2 2267/1/2 2274/1/2 2063/1/2
f 2062/1/4 2063/1/4 2274/1/4 2273/1/4
f 2275/3/1 2276/3/1 2277/3/1 2278/3/1
f 2275/3/3 2278/3/3 2269/3/3 2054/3/3
f 2278/3/6 2277/3/6 2279/3/6 2269/3/6
f 2275/3/5 2054/3/5 2069/3/5 2276/3/5
f 2057/1/2 2271/1/2 2280/1/2 2070/1/2
f 2080/1/4 2070/1/4 2280/1/4 2281/1/4
f 2276/2/1 2086/2/1 2282/2/1 2277/2/1
f 2086/2/4 2071/2/4 2283/2/4 2282/2/4
f 2276/2/5 2069/2/5 2071/2/5 2086/2/5
f 2080/1/2 2281/1/2 2284/1/2 2077/1/2
f 2078/1/4 2077/1/4 2284/1/4 2285/1/4
f 2082/2/2 2286/2/2 2287/2/2 2083/2/2
f 2070/2/1 2079/2/1 2288/2/1 2280/2/1
f 2070/2/3 2280/2/3 2286/2/3 2082/2/3
f 2079/2/4 2083/2/4 2287/2/4 2288/2/4
f 2071/2/1 2084/2/1 2289/2/1 2283/2/1
f 2084/2/4 2088/2/4 2290/2/4 2289/2/4
f 2071/2/5 2072/2/5 2088/2/5 2084/2/5
f 2087/3/4 2089/3/4 2291/3/4 2292/3/4
f 2074/3/5 2073/3/5 2089/3/5 2087/3/5
f 2090/1/4 2091/1/4 2293/1/4 2294/1/4
f 2091/1/4 2092/1/4 2295/1/4 2293/1/4
f 2296/1/6 2293/1/6 2295/1/6 2297/1/6
f 2092/1/4 2094/1/4 2298/1/4 2295/1/4
f 2076/1/5 2075/1/5 2094/1/5 2092/1/5
f 2094/1/4 2096/1/4 2299/1/4 2298/1/4
f 2078/1/2 2285/1/2 2300/1/2 2097/1/2
f 2096/1/4 2097/1/4 2300/1/4 2299/1/4
f 2301/1/2 2302/1/2 2303/1/2 2114/1/2
f 2101/1/1 2102/1/1 2304/1/1 2305/1/1
f 2101/1/3 2305/1/3 2302/1/3 2301/1/3
f 2102/1/4 2114/1/4 2303/1/4 2304/1/4
f 2101/1/5 2301/1/5 2114/1/5 2102/1/5
f 2087/2/2 2292/2/2 2306/2/2 2307/2/2
f 2088/2/1 2308/2/1 2309/2/1 2290/2/1
f 2308/2/4 2307/2/4 2306/2/4 2309/2/4
f 2088/2/5 2087/2/5 2307/2/5 2308/2/5
f 2090/1/2 2294/1/2 2310/1/2 2311/1/2
f 2089/1/1 2312/1/1 2313/1/1 2291/1/1
f 2312/1/4 2311/1/4 2310/1/4 2313/1/4
f 2291/1/6 2313/1/6 2310/1/6 2294/1/6
f 2089/1/5 2090/1/5 2311/1/5 2312/1/5
f 2110/1/2 2314/1/2 2315/1/2 2111/1/2
f 2114/1/1 2113/1/1 2316/1/1 2303/1/1
f 2114/1/3 2303/1/3 2314/1/3 2110/1/3
f 2113/1/4 2111/1/4 2315/1/4 2316/1/4
f 2303/1/6 2316/1/6 2315/1/6 2314/1/6
f 2317/3/2 2318/3/2 2319/3/2 2141/3/2
f 2320/3/1 2139/3/1 2321/3/1 2322/3/1
f 2320/3/3 2322/3/3 2318/3/3 2317/3/3
f 2320/3/5 2317/3/5 2141/3/5 2139/3/5
f 2323/3/2 2324/3/2 2325/3/2 2143/3/2
f 2326/3/1 2142/3/1 2327/3/1 2328/3/1
f 2326/3/3 2328/3/3 2324/3/3 2323/3/3
f 2326/3/5 2323/3/5 2143/3/5 2142/3/5
f 2118/2/2 2329/2/2 2330/2/2 2117/2/2
f 2331/2/1 2150/2/1 2332/2/1 2333/2/1
f 2331/2/3 2333/2/3 2329/2/3 2118/2/3
f 2333/2/6 2332/2/6 2330/2/6 2329/2/6
f 2331/2/5 2118/2/5 2117/2/5 2150/2/5
f 2131/1/2 2334/1/2 2335/1/2 2132/1/2
f 2135/1/1 2134/1/1 2336/1/1 2337/1/1
f 2135/1/3 2337/1/3 2334/1/3 2131/1/3
f 2337/1/6 2336/1/6 2335/1/6 2334/1/6
f 2139/3/1 2140/3/1 2338/3/1 2321/3/1
f 2141/3/3 2319/3/3 2327/3/3 2142/3/3
f 2143/3/2 2325/3/2 2339/3/2 2145/3/2
f 2147/2/1 2148/2/1 2340/2/1 2341/2/1
f 2147/2/3 2341/2/3 2342/2/3 2149/2/3
f 2149/2/3 2342/2/3 2332/2/3 2150/2/3
f 2117/1/3 2330/1/3 2343/1/3 2116/1/3
f 2116/1/3 2343/1/3 2344/1/3 2151/1/3
f 2151/1/3 2344/1/3 2345/1/3 2119/1/3
f 2119/1/3 2345/1/3 2346/1/3 2122/1/3
f 2122/1/3 2346/1/3 2347/1/3 2124/1/3
f 2124/1/3 2347/1/3 2348/1/3 2126/1/3
f 2126/1/3 2348/1/3 2349/1/3 2129/1/3
f 2348/1/6 2350/1/6 2351/1/6 2349/1/6
f 2129/1/3 2349/1/3 2336/1/3 2134/1/3
f 2352/1/2 2353/1/2 2354/1/2 2355/1/2
f 2132/1/3 2335/1/3 2353/1/3 2352/1/3
f 2132/1/5 2352/1/5 2355/1/5 2152/1/5
f 2140/3/1 2154/3/1 2356/3/1 2338/3/1
f 2145/1/3 2339/1/3 2357/1/3 2146/1/3
f 2146/2/3 2357/2/3 2340/2/3 2148/2/3
f 2355/1/2 2354/1/2 2358/1/2 2359/1/2
f 2155/1/4 2359/1/4 2358/1/4 2360/1/4
f 2361/1/6 2360/1/6 2358/1/6 2354/1/6
f 2152/1/5 2355/1/5 2359/1/5 2155/1/5
f 2154/3/1 2157/3/1 2362/3/1 2356/3/1
f 2155/1/2 2360/1/2 2363/1/2 2158/1/2
f 2157/3/1 2159/3/1 2364/3/1 2362/3/1
f 2158/1/2 2363/1/2 2365/1/2 2160/1/2
f 2159/3/1 2161/3/1 2366/3/1 2364/3/1
f 2160/1/2 2365/1/2 2367/1/2 2164/1/2
f 2161/3/1 2167/3/1 2368/3/1 2366/3/1
f 2164/1/2 2367/1/2 2369/1/2 2169/1/2
f 2167/3/1 2171/3/1 2370/3/1 2368/3/1
f 2169/1/2 2369/1/2 2371/1/2 2172/1/2
f 2372/1/6 2373/1/6 2371/1/6 2369/1/6
f 2171/3/1 2174/3/1 2374/3/1 2370/3/1
f 2172/1/2 2371/1/2 2375/1/2 2175/1/2
f 2174/3/1 2177/3/1 2376/3/1 2374/3/1
f 2175/1/2 2375/1/2 2377/1/2 2178/1/2
f 2378/1/6 2379/1/6 2377/1/6 2375/1/6
f 2176/2/1 2380/2/1 2381/2/1 2382/2/1
f 2176/2/3 2382/2/3 2376/2/3 2177/2/3
f 2382/2/6 2381/2/6 2383/2/6 2376/2/6
f 2176/2/5 2177/2/5 2179/2/5 2380/2/5
f 2178/1/2 2377/1/2 2384/1/2 2180/1/2
f 2183/1/4 2180/1/4 2384/1/4 2385/1/4
f 2379/1/6 2385/1/6 2384/1/6 2377/1/6
f 2380/3/1 2187/3/1 2386/3/1 2381/3/1
f 2381/3/6 2386/3/6 2387/3/6 2383/3/6
f 2380/3/5 2179/3/5 2181/3/5 2187/3/5
f 2183/1/2 2385/1/2 2388/1/2 2184/1/2
f 2187/3/1 2186/3/1 2389/3/1 2386/3/1
f 2386/3/6 2389/3/6 2390/3/6 2387/3/6
f 2182/1/2 2391/1/2 2392/1/2 2188/1/2
f 2184/1/3 2388/1/3 2391/1/3 2182/1/3
f 2186/3/1 2190/3/1 2393/3/1 2389/3/1
f 2188/1/2 2392/1/2 2394/1/2 2191/1/2
f 2190/3/1 2192/3/1 2395/3/1 2393/3/1
f 2396/1/2 2397/1/2 2398/1/2 2399/1/2
f 2191/1/3 2394/1/3 2397/1/3 2396/1/3
f 2193/1/4 2399/1/4 2398/1/4 2400/1/4
f 2394/1/6 2400/1/6 2398/1/6 2397/1/6
f 2191/1/5 2396/1/5 2399/1/5 2193/1/5
f 2192/3/1 2194/3/1 2401/3/1 2395/3/1
f 2193/1/2 2400/1/2 2402/1/2 2195/1/2
f 2194/3/1 2197/3/1 2403/3/1 2401/3/1
f 2195/1/2 2402/1/2 2404/1/2 2198/1/2
f 2197/3/1 2200/3/1 2405/3/1 2403/3/1
f 2198/1/2 2404/1/2 2406/1/2 2201/1/2
f 2200/3/1 2203/3/1 2407/3/1 2405/3/1
f 2201/1/2 2406/1/2 2408/1/2 2204/1/2
f 2208/4/1 2207/4/1 2409/4/1 2410/4/1
f 2208/4/3 2410/4/3 2411/4/3 2209/4/3
f 2210/4/2 2412/4/2 2413/4/2 2211/4/2
f 2209/4/3 2411/4/3 2412/4/3 2210/4/3
f 2203/3/1 2213/3/1 2414/3/1 2407/3/1
f 2415/1/2 2416/1/2 2417/1/2 2418/1/2
f 2204/1/3 2408/1/3 2416/1/3 2415/1/3
f 2215/1/4 2418/1/4 2417/1/4 2419/1/4
f 2408/1/6 2419/1/6 2417/1/6 2416/1/6
f 2204/1/5 2415/1/5 2418/1/5 2215/1/5
f 2207/4/1 2217/4/1 2420/4/1 2409/4/1
f 2211/4/2 2413/4/2 2421/4/2 2218/4/2
f 2213/3/1 2422/3/1 2423/3/1 2414/3/1
f 2213/3/5 2214/3/5 2219/3/5 2422/3/5
f 2215/1/2 2419/1/2 2424/1/2 2220/1/2
f 2217/4/1 2222/4/1 2425/4/1 2420/4/1
f 2218/4/2 2421/4/2 2426/4/2 2223/4/2
f 2422/3/1 2427/3/1 2428/3/1 2423/3/1
f 2427/3/4 2224/3/4 2429/3/4 2428/3/4
f 2422/3/5 2219/3/5 2224/3/5 2427/3/5
f 2220/1/2 2424/1/2 2430/1/2 2227/1/2
f 2222/4/1 2229/4/1 2431/4/1 2425/4/1
f 2229/4/4 2230/4/4 2432/4/4 2431/4/4
f 2223/4/2 2426/4/2 2433/4/2 2231/4/2
f 2230/4/4 2231/4/4 2433/4/4 2432/4/4
f 2224/3/1 2232/3/1 2434/3/1 2429/3/1
f 2227/1/2 2430/1/2 2435/1/2 2233/1/2
f 2232/3/1 2234/3/1 2436/3/1 2434/3/1
f 2233/1/2 2435/1/2 2437/1/2 2235/1/2
f 2438/1/6 2439/1/6 2437/1/6 2435/1/6
f 2234/3/1 2236/3/1 2440/3/1 2436/3/1
f 2238/1/2 2441/1/2 2442/1/2 2239/1/2
f 2235/1/3 2437/1/3 2441/1/3 2238/1/3
f 2437/1/6 2443/1/6 2442/1/6 2441/1/6
f 2236/3/1 2243/3/1 2444/3/1 2440/3/1
f 2245/1/4 2244/1/4 2445/1/4 2446/1/4
f 2239/1/2 2442/1/2 2447/1/2 2246/1/2
f 2254/1/4 2246/1/4 2447/1/4 2448/1/4
f 2443/1/6 2448/1/6 2447/1/6 2442/1/6
f 2243/3/1 2249/3/1 2449/3/1 2444/3/1
f 2245/1/2 2446/1/2 2450/1/2 2250/1/2
f 2244/1/1 2251/1/1 2451/1/1 2445/1/1
f 2254/1/2 2448/1/2 2452/1/2 2255/1/2
f 2248/3/1 2257/3/1 2453/3/1 2454/3/1
f 2248/3/3 2454/3/3 2449/3/3 2249/3/3
f 2454/3/6 2453/3/6 2455/3/6 2449/3/6
f 2250/1/2 2450/1/2 2456/1/2 2259/1/2
f 2251/1/1 2260/1/1 2457/1/1 2451/1/1
f 2255/1/2 2452/1/2 2458/1/2 2262/1/2
f 2257/3/1 2459/3/1 2460/3/1 2453/3/1
f 2459/3/4 2263/3/4 2461/3/4 2460/3/4
f 2453/3/6 2460/3/6 2461/3/6 2455/3/6
f 2257/3/5 2258/3/5 2263/3/5 2459/3/5
f 2259/1/3 2456/1/3 2457/1/3 2260/1/3
f 2262/1/2 2458/1/2 2462/1/2 2268/1/2
f 2263/3/1 2269/3/1 2463/3/1 2461/3/1
f 2265/1/5 2264/1/5 2272/1/5 2270/1/5
f 2267/1/5 2266/1/5 2464/1/5 2274/1/5
f 2266/1/5 2268/1/5 2465/1/5 2464/1/5
f 2466/1/2 2467/1/2 2468/1/2 2469/1/2
f 2268/1/3 2462/1/3 2467/1/3 2466/1/3
f 2465/1/4 2469/1/4 2468/1/4 2470/1/4
f 2268/1/5 2466/1/5 2469/1/5 2465/1/5
f 2269/3/1 2279/3/1 2471/3/1 2463/3/1
f 2271/1/5 2270/1/5 2286/1/5 2280/1/5
f 2270/1/5 2272/1/5 2472/1/5 2286/1/5
f 2272/1/5 2273/1/5 2473/1/5 2472/1/5
f 2473/1/4 2474/1/4 2475/1/4 2476/1/4
f 2273/1/5 2274/1/5 2474/1/5 2473/1/5
f 2474/1/4 2477/1/4 2478/1/4 2475/1/4
f 2479/1/6 2475/1/6 2478/1/6 2480/1/6
f 2274/1/5 2464/1/5 2477/1/5 2474/1/5
f 2465/1/2 2470/1/2 2481/1/2 2482/1/2
f 2477/1/4 2482/1/4 2481/1/4 2478/1/4
f 2480/1/6 2478/1/6 2481/1/6 2470/1/6
f 2464/1/5 2465/1/5 2482/1/5 2477/1/5
f 2277/2/1 2282/2/1 2483/2/1 2484/2/1
f 2277/2/3 2484/2/3 2471/2/3 2279/2/3
f 2484/2/6 2483/2/6 2485/2/6 2471/2/6
f 2296/1/4 2297/1/4 2486/1/4 2487/1/4
f 2284/1/4 2288/1/4 2488/1/4 2489/1/4
f 2281/1/5 2280/1/5 2288/1/5 2284/1/5
f 2288/1/4 2287/1/4 2490/1/4 2488/1/4
f 2287/1/4 2305/1/4 2491/1/4 2490/1/4
f 2286/1/5 2472/1/5 2305/1/5 2287/1/5
f 2473/1/2 2476/1/2 2492/1/2 2302/1/2
f 2472/1/5 2473/1/5 2302/1/5 2305/1/5
f 2282/2/1 2493/2/1 2494/2/1 2483/2/1
f 2493/2/4 2289/2/4 2495/2/4 2494/2/4
f 2282/2/5 2283/2/5 2289/2/5 2493/2/5
f 2289/2/4 2290/2/4 2496/2/4 2495/2/4
f 2291/3/4 2294/3/4 2497/3/4 2498/3/4
f 2296/1/2 2487/1/2 2499/1/2 2293/1/2
f 2294/1/4 2293/1/4 2499/1/4 2497/1/4
f 2297/1/1 2295/1/1 2500/1/1 2486/1/1
f 2295/1/4 2298/1/4 2501/1/4 2500/1/4
f 2298/1/4 2299/1/4 2502/1/4 2501/1/4
f 2503/1/6 2501/1/6 2502/1/6 2504/1/6
f 2284/1/2 2489/1/2 2505/1/2 2506/1/2
f 2300/1/4 2506/1/4 2505/1/4 2507/1/4
f 2285/1/5 2284/1/5 2506/1/5 2300/1/5
f 2305/5/1 2304/5/1 2508/5/1 2491/5/1
f 2509/2/2 2510/2/2 2511/2/2 2314/2/2
f 2302/2/3 2492/2/3 2510/2/3 2509/2/3
f 2303/2/4 2314/2/4 2511/2/4 2512/2/4
f 2302/2/5 2509/2/5 2314/2/5 2303/2/5
f 2290/2/1 2309/2/1 2513/2/1 2496/2/1
f 2309/2/4 2306/2/4 2514/2/4 2513/2/4
f 2496/2/6 2513/2/6 2514/2/6 2515/2/6
f 2291/1/2 2498/1/2 2516/1/2 2313/1/2
f 2306/1/4 2313/1/4 2516/1/4 2514/1/4
f 2515/1/6 2514/1/6 2516/1/6 2498/1/6
f 2292/1/5 2291/1/5 2313/1/5 2306/1/5
f 2300/1/2 2507/1/2 2517/1/2 2518/1/2
f 2299/1/1 2519/1/1 2520/1/1 2502/1/1
f 2519/1/4 2518/1/4 2517/1/4 2520/1/4
f 2299/1/5 2300/1/5 2518/1/5 2519/1/5
f 2303/2/2 2512/2/2 2521/2/2 2316/2/2
f 2304/2/1 2522/2/1 2523/2/1 2508/2/1
f 2522/2/4 2316/2/4 2521/2/4 2523/2/4
f 2508/2/6 2523/2/6 2521/2/6 2512/2/6
f 2304/2/5 2303/2/5 2316/2/5 2522/2/5
f 2318/3/2 2524/3/2 2525/3/2 2319/3/2
f 2322/3/1 2321/3/1 2526/3/1 2527/3/1
f 2322/3/3 2527/3/3 2524/3/3 2318/3/3
f 2527/3/6 2526/3/6 2525/3/6 2524/3/6
f 2324/3/2 2528/3/2 2529/3/2 2325/3/2
f 2328/3/1 2327/3/1 2530/3/1 2531/3/1
f 2328/3/3 2531/3/3 2528/3/3 2324/3/3
f 2531/3/6 2530/3/6 2529/3/6 2528/3/6
f 2532/2/1 2344/2/1 2533/2/1 2534/2/1
f 2532/2/3 2534/2/3 2535/2/3 2536/2/3
f 2534/2/6 2533/2/6 2537/2/6 2535/2/6
f 2532/2/5 2536/2/5 2345/2/5 2344/2/5
f 2536/2/3 2535/2/3 2538/2/3 2539/2/3
f 2536/2/5 2539/2/5 2346/2/5 2345/2/5
f 2540/1/2 2541/1/2 2542/1/2 2347/1/2
f 2539/1/3 2538/1/3 2541/1/3 2540/1/3
f 2539/1/5 2540/1/5 2347/1/5 2346/1/5
f 2321/3/1 2338/3/1 2543/3/1 2526/3/1
f 2526/3/6 2543/3/6 2544/3/6 2525/3/6
f 2319/3/3 2525/3/3 2530/3/3 2327/3/3
f 2525/3/6 2544/3/6 2545/3/6 2530/3/6
f 2325/3/2 2529/3/2 2546/3/2 2339/3/2
f 2547/1/1 2357/1/1 2548/1/1 2549/1/1
f 2547/1/3 2549/1/3 2550/1/3 2341/1/3
f 2549/1/6 2548/1/6 2551/1/6 2550/1/6
f 2547/1/5 2341/1/5 2340/1/5 2357/1/5
f 2341/1/3 2550/1/3 2552/1/3 2342/1/3
f 2342/1/3 2552/1/3 2553/1/3 2332/1/3
f 2332/1/3 2553/1/3 2554/1/3 2330/1/3
f 2330/2/3 2554/2/3 2555/2/3 2343/2/3
f 2554/2/6 2556/2/6 2557/2/6 2555/2/6
f 2343/2/3 2555/2/3 2533/2/3 2344/2/3
f 2555/2/6 2557/2/6 2558/2/6 2533/2/6
f 2348/1/2 2559/1/2 2560/1/2 2350/1/2
f 2347/1/3 2542/1/3 2559/1/3 2348/1/3
f 2349/1/1 2351/1/1 2561/1/1 2562/1/1
f 2349/1/3 2562/1/3 2563/1/3 2336/1/3
f 2336/1/3 2563/1/3 2564/1/3 2335/1/3
f 2353/1/2 2565/1/2 2566/1/2 2354/1/2
f 2335/1/3 2564/1/3 2565/1/3 2353/1/3
f 2361/1/4 2354/1/4 2566/1/4 2567/1/4
f 2338/3/1 2356/3/1 2568/3/1 2543/3/1
f 2339/1/3 2546/1/3 2548/1/3 2357/1/3
f 2350/1/3 2560/1/3 2561/1/3 2351/1/3
f 2361/1/2 2567/1/2 2569/1/2 2360/1/2
f 2356/3/1 2362/3/1 2570/3/1 2568/3/1
f 2360/1/2 2569/1/2 2571/1/2 2363/1/2
f 2572/1/6 2573/1/6 2571/1/6 2569/1/6
f 2362/3/1 2364/3/1 2574/3/1 2570/3/1
f 2363/1/2 2571/1/2 2575/1/2 2365/1/2
f 2364/3/1 2366/3/1 2576/3/1 2574/3/1
f 2365/1/2 2575/1/2 2577/1/2 2367/1/2
f 2366/3/1 2368/3/1 2578/3/1 2576/3/1
f 2367/1/2 2577/1/2 2579/1/2 2369/1/2
f 2372/1/4 2369/1/4 2579/1/4 2580/1/4
f 2368/3/1 2370/3/1 2581/3/1 2578/3/1
f 2372/1/2 2580/1/2 2582/1/2 2373/1/2
f 2370/3/1 2374/3/1 2583/3/1 2581/3/1
f 2371/1/2 2584/1/2 2585/1/2 2375/1/2
f 2373/1/3 2582/1/3 2584/1/3 2371/1/3
f 2378/1/4 2375/1/4 2585/1/4 2586/1/4
f 2374/2/1 2376/2/1 2587/2/1 2583/2/1
f 2378/1/2 2586/1/2 2588/1/2 2379/1/2
f 2376/2/1 2383/2/1 2589/2/1 2587/2/1
f 2379/1/2 2588/1/2 2590/1/2 2385/1/2
f 2591/4/2 2592/4/2 2593/4/2 2594/4/2
f 2595/4/1 2596/4/1 2597/4/1 2598/4/1
f 2595/4/3 2598/4/3 2592/4/3 2591/4/3
f 2595/4/5 2591/4/5 2594/4/5 2596/4/5
f 2383/2/1 2387/2/1 2599/2/1 2589/2/1
f 2384/1/2 2600/1/2 2601/1/2 2391/1/2
f 2385/1/3 2590/1/3 2600/1/3 2384/1/3
f 2385/1/5 2384/1/5 2391/1/5 2388/1/5
f 2594/4/2 2593/4/2 2602/4/2 2603/4/2
f 2596/4/1 2604/4/1 2605/4/1 2597/4/1
f 2596/4/5 2594/4/5 2603/4/5 2604/4/5
f 2387/2/1 2390/2/1 2606/2/1 2599/2/1
f 2391/1/2 2601/1/2 2607/1/2 2392/1/2
f 2603/4/2 2602/4/2 2608/4/2 2609/4/2
f 2604/4/1 2610/4/1 2611/4/1 2605/4/1
f 2604/4/5 2603/4/5 2609/4/5 2610/4/5
f 2389/3/1 2393/3/1 2612/3/1 2613/3/1
f 2389/3/3 2613/3/3 2606/3/3 2390/3/3
f 2614/1/2 2615/1/2 2616/1/2 2397/1/2
f 2392/1/3 2607/1/3 2615/1/3 2614/1/3
f 2394/1/4 2397/1/4 2616/1/4 2617/1/4
f 2607/1/6 2617/1/6 2616/1/6 2615/1/6
f 2392/1/5 2614/1/5 2397/1/5 2394/1/5
f 2609/4/2 2608/4/2 2618/4/2 2619/4/2
f 2610/4/1 2620/4/1 2621/4/1 2611/4/1
f 2610/4/5 2609/4/5 2619/4/5 2620/4/5
f 2393/3/1 2395/3/1 2622/3/1 2612/3/1
f 2394/1/2 2617/1/2 2623/1/2 2400/1/2
f 2619/4/2 2618/4/2 2624/4/2 2625/4/2
f 2620/4/1 2626/4/1 2627/4/1 2621/4/1
f 2620/4/5 2619/4/5 2625/4/5 2626/4/5
f 2395/3/1 2401/3/1 2628/3/1 2622/3/1
f 2400/1/2 2623/1/2 2629/1/2 2402/1/2
f 2625/4/2 2624/4/2 2630/4/2 2631/4/2
f 2626/4/1 2632/4/1 2633/4/1 2627/4/1
f 2626/4/5 2625/4/5 2631/4/5 2632/4/5
f 2401/3/1 2403/3/1 2634/3/1 2628/3/1
f 2635/1/2 2636/1/2 2637/1/2 2638/1/2
f 2402/1/3 2629/1/3 2636/1/3 2635/1/3
f 2629/1/6 2639/1/6 2637/1/6 2636/1/6
f 2402/1/5 2635/1/5 2638/1/5 2404/1/5
f 2631/4/2 2630/4/2 2640/4/2 2641/4/2
f 2632/4/1 2642/4/1 2643/4/1 2633/4/1
f 2632/4/5 2631/4/5 2641/4/5 2642/4/5
f 2403/3/1 2405/3/1 2644/3/1 2634/3/1
f 2638/1/2 2637/1/2 2645/1/2 2646/1/2
f 2639/1/6 2647/1/6 2645/1/6 2637/1/6
f 2404/1/5 2638/1/5 2646/1/5 2406/1/5
f 2641/4/2 2640/4/2 2648/4/2 2649/4/2
f 2642/4/1 2650/4/1 2651/4/1 2643/4/1
f 2642/4/5 2641/4/5 2649/4/5 2650/4/5
f 2405/3/1 2407/3/1 2652/3/1 2644/3/1
f 2653/1/6 2654/1/6 2655/1/6 2647/1/6
f 2646/1/2 2645/1/2 2656/1/2 2416/1/2
f 2408/1/4 2416/1/4 2656/1/4 2655/1/4
f 2647/1/6 2655/1/6 2656/1/6 2645/1/6
f 2406/1/5 2646/1/5 2416/1/5 2408/1/5
f 2649/4/2 2648/4/2 2657/4/2 2658/4/2
f 2650/4/1 2659/4/1 2660/4/1 2651/4/1
f 2650/4/5 2649/4/5 2658/4/5 2659/4/5
f 2410/4/1 2409/4/1 2661/4/1 2662/4/1
f 2410/4/3 2662/4/3 2663/4/3 2411/4/3
f 2412/4/2 2664/4/2 2665/4/2 2413/4/2
f 2411/4/3 2663/4/3 2664/4/3 2412/4/3
f 2407/3/1 2414/3/1 2666/3/1 2652/3/1
f 2408/1/2 2655/1/2 2667/1/2 2419/1/2
f 2654/1/6 2668/1/6 2667/1/6 2655/1/6
f 2658/4/2 2657/4/2 2669/4/2 2670/4/2
f 2659/4/1 2671/4/1 2672/4/1 2660/4/1
f 2659/4/5 2658/4/5 2670/4/5 2671/4/5
f 2409/4/1 2420/4/1 2673/4/1 2661/4/1
f 2413/4/2 2665/4/2 2674/4/2 2421/4/2
f 2414/3/1 2423/3/1 2675/3/1 2666/3/1
f 2419/1/2 2667/1/2 2676/1/2 2424/1/2
f 2670/4/2 2669/4/2 2677/4/2 2678/4/2
f 2671/4/1 2679/4/1 2680/4/1 2672/4/1
f 2671/4/5 2670/4/5 2678/4/5 2679/4/5
f 2420/4/1 2425/4/1 2681/4/1 2673/4/1
f 2421/4/2 2674/4/2 2682/4/2 2426/4/2
f 2423/3/1 2428/3/1 2683/3/1 2675/3/1
f 2424/1/2 2676/1/2 2684/1/2 2430/1/2
f 2685/1/6 2686/1/6 2684/1/6 2676/1/6
f 2678/4/2 2677/4/2 2687/4/2 2688/4/2
f 2679/4/1 2689/4/1 2690/4/1 2680/4/1
f 2679/4/5 2678/4/5 2688/4/5 2689/4/5
f 2425/4/1 2431/4/1 2691/4/1 2681/4/1
f 2431/4/4 2432/4/4 2692/4/4 2691/4/4
f 2426/4/2 2682/4/2 2693/4/2 2433/4/2
f 2432/4/4 2433/4/4 2693/4/4 2692/4/4
f 2428/3/1 2694/3/1 2695/3/1 2683/3/1
f 2694/3/4 2434/3/4 2696/3/4 2695/3/4
f 2428/3/5 2429/3/5 2434/3/5 2694/3/5
f 2430/1/2 2684/1/2 2697/1/2 2435/1/2
f 2438/1/4 2435/1/4 2697/1/4 2698/1/4
f 2688/4/2 2687/4/2 2699/4/2 2700/4/2
f 2689/4/1 2701/4/1 2702/4/1 2690/4/1
f 2689/4/5 2688/4/5 2700/4/5 2701/4/5
f 2434/3/1 2436/3/1 2703/3/1 2696/3/1
f 2438/1/2 2698/1/2 2704/1/2 2439/1/2
f 2700/4/2 2699/4/2 2705/4/2 2706/4/2
f 2701/4/1 2707/4/1 2708/4/1 2702/4/1
f 2701/4/5 2700/4/5 2706/4/5 2707/4/5
f 2436/3/1 2440/3/1 2709/3/1 2703/3/1
f 2437/1/2 2710/1/2 2711/1/2 2443/1/2
f 2439/1/3 2704/1/3 2710/1/3 2437/1/3
f 2706/4/2 2705/4/2 2712/4/2 2713/4/2
f 2707/4/1 2714/4/1 2715/4/1 2708/4/1
f 2707/4/5 2706/4/5 2713/4/5 2714/4/5
f 2440/3/1 2444/3/1 2716/3/1 2709/3/1
f 2446/1/4 2445/1/4 2717/1/4 2718/1/4
f 2443/1/2 2711/1/2 2719/1/2 2448/1/2
f 2713/6/2 2712/6/2 2720/6/2 2721/6/2
f 2714/6/1 2722/6/1 2723/6/1 2715/6/1
f 2714/6/5 2713/6/5 2721/6/5 2722/6/5
f 2444/3/1 2449/3/1 2724/3/1 2716/3/1
f 2446/1/2 2718/1/2 2725/1/2 2450/1/2
f 2445/1/1 2451/1/1 2726/1/1 2717/1/1
f 2448/1/2 2719/1/2 2727/1/2 2452/1/2
f 2721/6/2 2720/6/2 2728/6/2 2729/6/2
f 2722/6/1 2730/6/1 2731/6/1 2723/6/1
f 2722/6/5 2721/6/5 2729/6/5 2730/6/5
f 2449/3/1 2455/3/1 2732/3/1 2724/3/1
f 2450/1/2 2725/1/2 2733/1/2 2456/1/2
f 2451/1/1 2457/1/1 2734/1/1 2726/1/1
f 2735/1/2 2736/1/2 2737/1/2 2738/1/2
f 2452/1/3 2727/1/3 2736/1/3 2735/1/3
f 2452/1/5 2735/1/5 2738/1/5 2458/1/5
f 2729/6/2 2728/6/2 2739/6/2 2740/6/2
f 2730/6/1 2741/6/1 2742/6/1 2731/6/1
f 2730/6/5 2729/6/5 2740/6/5 2741/6/5
f 2455/3/1 2461/3/1 2743/3/1 2732/3/1
f 2456/1/3 2733/1/3 2734/1/3 2457/1/3
f 2738/1/2 2737/1/2 2744/1/2 2467/1/2
f 2745/1/6 2746/1/6 2744/1/6 2737/1/6
f 2458/1/5 2738/1/5 2467/1/5 2462/1/5
f 2740/6/2 2739/6/2 2747/6/2 2748/6/2
f 2741/6/1 2749/6/1 2750/6/1 2742/6/1
f 2749/6/4 2748/6/4 2747/6/4 2750/6/4
f 2741/6/5 2740/6/5 2748/6/5 2749/6/5
f 2461/3/1 2463/3/1 2751/3/1 2743/3/1
f 2479/1/4 2480/1/4 2752/1/4 2753/1/4
f 2480/1/4 2470/1/4 2754/1/4 2752/1/4
f 2467/1/2 2744/1/2 2755/1/2 2468/1/2
f 2463/3/1 2471/3/1 2756/3/1 2751/3/1
f 2479/1/2 2753/1/2 2757/1/2 2475/1/2
f 2476/1/4 2475/1/4 2757/1/4 2758/1/4
f 2759/1/6 2758/1/6 2757/1/6 2753/1/6
f 2468/1/2 2755/1/2 2760/1/2 2761/1/2
f 2470/1/1 2481/1/1 2762/1/1 2754/1/1
f 2481/1/4 2761/1/4 2760/1/4 2762/1/4
f 2470/1/5 2468/1/5 2761/1/5 2481/1/5
f 2471/3/1 2485/3/1 2763/3/1 2756/3/1
f 2487/1/4 2486/1/4 2764/1/4 2765/1/4
f 2503/1/4 2504/1/4 2766/1/4 2767/1/4
f 2488/1/4 2490/1/4 2768/1/4 2769/1/4
f 2476/1/2 2758/1/2 2770/1/2 2492/1/2
f 2483/2/1 2494/2/1 2771/2/1 2772/2/1
f 2483/2/3 2772/2/3 2763/2/3 2485/2/3
f 2494/2/4 2495/2/4 2773/2/4 2771/2/4
f 2772/2/6 2771/2/6 2773/2/6 2763/2/6
f 2495/3/4 2496/3/4 2774/3/4 2773/3/4
f 2496/3/4 2515/3/4 2775/3/4 2774/3/4
f 2776/3/6 2774/3/6 2775/3/6 2777/3/6
f 2515/3/4 2498/3/4 2778/3/4 2775/3/4
f 2498/3/4 2497/3/4 2779/3/4 2778/3/4
f 2487/1/2 2765/1/2 2780/1/2 2499/1/2
f 2497/1/4 2499/1/4 2780/1/4 2779/1/4
f 2781/1/6 2779/1/6 2780/1/6 2765/1/6
f 2503/1/2 2767/1/2 2782/1/2 2501/1/2
f 2486/1/1 2500/1/1 2783/1/1 2764/1/1
f 2500/1/4 2501/1/4 2782/1/4 2783/1/4
f 2504/1/1 2502/1/1 2784/1/1 2766/1/1
f 2507/2/4 2505/2/4 2785/2/4 2786/2/4
f 2488/2/2 2769/2/2 2787/2/2 2788/2/2
f 2505/2/4 2788/2/4 2787/2/4 2785/2/4
f 2789/2/6 2785/2/6 2787/2/6 2769/2/6
f 2489/2/5 2488/2/5 2788/2/5 2505/2/5
f 2490/1/1 2790/1/1 2791/1/1 2768/1/1
f 2490/1/5 2491/1/5 2508/1/5 2790/1/5
f 2508/1/4 2512/1/4 2792/1/4 2793/1/4
f 2794/1/6 2793/1/6 2792/1/6 2770/1/6
f 2510/1/2 2795/1/2 2796/1/2 2511/1/2
f 2492/1/3 2770/1/3 2795/1/3 2510/1/3
f 2512/1/4 2511/1/4 2796/1/4 2792/1/4
f 2507/2/2 2786/2/2 2797/2/2 2517/2/2
f 2502/2/1 2520/2/1 2798/2/1 2784/2/1
f 2520/2/4 2517/2/4 2797/2/4 2798/2/4
f 2784/2/6 2798/2/6 2797/2/6 2786/2/6
f 2508/2/2 2793/2/2 2799/2/2 2523/2/2
f 2790/2/1 2800/2/1 2801/2/1 2791/2/1
f 2800/2/4 2523/2/4 2799/2/4 2801/2/4
f 2790/2/5 2508/2/5 2523/2/5 2800/2/5
f 2535/2/1 2537/2/1 2802/2/1 2803/2/1
f 2535/2/3 2803/2/3 2804/2/3 2538/2/3
f 2803/2/6 2802/2/6 2805/2/6 2804/2/6
f 2541/2/2 2806/2/2 2807/2/2 2542/2/2
f 2538/2/3 2804/2/3 2806/2/3 2541/2/3
f 2804/2/6 2805/2/6 2807/2/6 2806/2/6
f 2808/2/1 2562/2/1 2809/2/1 2810/2/1
f 2808/2/3 2810/2/3 2811/2/3 2812/2/3
f 2808/2/5 2812/2/5 2563/2/5 2562/2/5
f 2813/2/2 2814/2/2 2815/2/2 2564/2/2
f 2812/2/3 2811/2/3 2814/2/3 2813/2/3
f 2812/2/5 2813/2/5 2564/2/5 2563/2/5
f 2529/3/2 2816/3/2 2817/3/2 2546/3/2
f 2530/3/1 2545/3/1 2818/3/1 2819/3/1
f 2530/3/3 2819/3/3 2816/3/3 2529/3/3
f 2550/1/1 2551/1/1 2820/1/1 2821/1/1
f 2550/1/3 2821/1/3 2822/1/3 2552/1/3
f 2552/1/3 2822/1/3 2823/1/3 2553/1/3
f 2554/1/2 2824/1/2 2825/1/2 2556/1/2
f 2553/1/3 2823/1/3 2824/1/3 2554/1/3
f 2533/1/1 2558/1/1 2826/1/1 2827/1/1
f 2533/1/3 2827/1/3 2802/1/3 2537/1/3
f 2542/2/3 2807/2/3 2828/2/3 2559/2/3
f 2559/2/3 2828/2/3 2809/2/3 2562/2/3
f 2559/2/5 2562/2/5 2561/2/5 2560/2/5
f 2565/2/2 2829/2/2 2830/2/2 2566/2/2
f 2564/2/3 2815/2/3 2829/2/3 2565/2/3
f 2567/2/4 2566/2/4 2830/2/4 2831/2/4
f 2543/2/1 2568/2/1 2832/2/1 2833/2/1
f 2543/2/3 2833/2/3 2834/2/3 2544/2/3
f 2544/3/3 2834/3/3 2818/3/3 2545/3/3
f 2546/1/3 2817/1/3 2835/1/3 2548/1/3
f 2548/1/3 2835/1/3 2820/1/3 2551/1/3
f 2556/1/3 2825/1/3 2836/1/3 2557/1/3
f 2557/1/3 2836/1/3 2826/1/3 2558/1/3
f 2567/1/2 2831/1/2 2837/1/2 2569/1/2
f 2572/1/4 2569/1/4 2837/1/4 2838/1/4
f 2568/2/1 2570/2/1 2839/2/1 2832/2/1
f 2572/1/2 2838/1/2 2840/1/2 2573/1/2
f 2570/2/1 2574/2/1 2841/2/1 2839/2/1
f 2573/1/3 2840/1/3 2842/1/3 2571/1/3
f 2843/1/2 2844/1/2 2845/1/2 2846/1/2
f 2571/1/3 2842/1/3 2844/1/3 2843/1/3
f 2575/1/4 2846/1/4 2845/1/4 2847/1/4
f 2571/1/5 2843/1/5 2846/1/5 2575/1/5
f 2574/2/1 2576/2/1 2848/2/1 2841/2/1
f 2575/1/2 2847/1/2 2849/1/2 2577/1/2
f 2850/2/1 2851/2/1 2852/2/1 2853/2/1
f 2850/2/3 2853/2/3 2848/2/3 2576/2/3
f 2850/2/5 2576/2/5 2578/2/5 2851/2/5
f 2577/1/2 2849/1/2 2854/1/2 2579/1/2
f 2851/2/1 2855/2/1 2856/2/1 2852/2/1
f 2851/2/5 2578/2/5 2581/2/5 2855/2/5
f 2579/1/2 2854/1/2 2857/1/2 2584/1/2
f 2858/1/6 2859/1/6 2857/1/6 2854/1/6
f 2580/1/5 2579/1/5 2584/1/5 2582/1/5
f 2855/2/1 2860/2/1 2861/2/1 2856/2/1
f 2855/2/5 2581/2/5 2583/2/5 2860/2/5
f 2584/1/2 2857/1/2 2862/1/2 2585/1/2
f 2860/2/1 2863/2/1 2864/2/1 2861/2/1
f 2860/2/5 2583/2/5 2587/2/5 2863/2/5
f 2585/1/2 2862/1/2 2865/1/2 2866/1/2
f 2586/1/5 2585/1/5 2866/1/5 2588/1/5
f 2863/3/1 2867/3/1 2868/3/1 2864/3/1
f 2863/3/5 2587/3/5 2589/3/5 2867/3/5
f 2588/1/5 2866/1/5 2600/1/5 2590/1/5
f 2869/1/2 2870/1/2 2871/1/2 2872/1/2
f 2866/1/3 2865/1/3 2870/1/3 2869/1/3
f 2866/1/5 2869/1/5 2872/1/5 2600/1/5
f 2592/4/2 2873/4/2 2874/4/2 2593/4/2
f 2598/4/1 2597/4/1 2875/4/1 2876/4/1
f 2598/4/3 2876/4/3 2873/4/3 2592/4/3
f 2867/3/1 2877/3/1 2878/3/1 2868/3/1
f 2877/3/4 2599/3/4 2879/3/4 2878/3/4
f 2867/3/5 2589/3/5 2599/3/5 2877/3/5
f 2872/1/2 2871/1/2 2880/1/2 2881/1/2
f 2601/1/4 2881/1/4 2880/1/4 2882/1/4
f 2883/1/6 2882/1/6 2880/1/6 2871/1/6
f 2600/1/5 2872/1/5 2881/1/5 2601/1/5
f 2593/4/2 2874/4/2 2884/4/2 2602/4/2
f 2597/4/1 2605/4/1 2885/4/1 2875/4/1
f 2599/3/1 2606/3/1 2886/3/1 2879/3/1
f 2601/1/2 2882/1/2 2887/1/2 2607/1/2
f 2602/4/2 2884/4/2 2888/4/2 2608/4/2
f 2605/4/1 2611/4/1 2889/4/1 2885/4/1
f 2613/3/1 2612/3/1 2890/3/1 2891/3/1
f 2613/3/3 2891/3/3 2886/3/3 2606/3/3
f 2607/1/2 2887/1/2 2892/1/2 2617/1/2
f 2608/4/2 2888/4/2 2893/4/2 2618/4/2
f 2611/4/1 2621/4/1 2894/4/1 2889/4/1
f 2612/3/1 2622/3/1 2895/3/1 2890/3/1
f 2616/1/2 2896/1/2 2897/1/2 2898/1/2
f 2617/1/3 2892/1/3 2896/1/3 2616/1/3
f 2892/1/6 2899/1/6 2897/1/6 2896/1/6
f 2617/1/5 2616/1/5 2898/1/5 2623/1/5
f 2618/4/2 2893/4/2 2900/4/2 2624/4/2
f 2621/4/1 2627/4/1 2901/4/1 2894/4/1
f 2622/3/1 2628/3/1 2902/3/1 2895/3/1
f 2898/1/2 2897/1/2 2903/1/2 2636/1/2
f 2629/1/4 2636/1/4 2903/1/4 2904/1/4
f 2899/1/6 2904/1/6 2903/1/6 2897/1/6
f 2623/1/5 2898/1/5 2636/1/5 2629/1/5
f 2624/4/2 2900/4/2 2905/4/2 2630/4/2
f 2627/4/1 2633/4/1 2906/4/1 2901/4/1
f 2628/3/1 2634/3/1 2907/3/1 2902/3/1
f 2629/1/2 2904/1/2 2908/1/2 2639/1/2
f 2630/4/2 2905/4/2 2909/4/2 2640/4/2
f 2633/4/1 2643/4/1 2910/4/1 2906/4/1
f 2634/3/1 2644/3/1 2911/3/1 2907/3/1
f 2639/1/2 2908/1/2 2912/1/2 2647/1/2
f 2653/1/4 2647/1/4 2912/1/4 2913/1/4
f 2640/4/2 2909/4/2 2914/4/2 2648/4/2
f 2643/4/1 2651/4/1 2915/4/1 2910/4/1
f 2916/4/2 2917/4/2 2918/4/2 2663/4/2
f 2919/4/1 2662/4/1 2920/4/1 2921/4/1
f 2919/4/3 2921/4/3 2917/4/3 2916/4/3
f 2919/4/5 2916/4/5 2663/4/5 2662/4/5
f 2644/3/1 2652/3/1 2922/3/1 2911/3/1
f 2653/1/2 2913/1/2 2923/1/2 2654/1/2
f 2648/4/2 2914/4/2 2924/4/2 2657/4/2
f 2651/4/1 2660/4/1 2925/4/1 2915/4/1
f 2662/4/1 2661/4/1 2926/4/1 2920/4/1
f 2664/4/2 2927/4/2 2928/4/2 2665/4/2
f 2663/4/3 2918/4/3 2927/4/3 2664/4/3
f 2652/3/1 2666/3/1 2929/3/1 2922/3/1
f 2654/1/2 2923/1/2 2930/1/2 2668/1/2
f 2657/4/2 2924/4/2 2931/4/2 2669/4/2
f 2660/4/1 2672/4/1 2932/4/1 2925/4/1
f 2661/4/1 2673/4/1 2933/4/1 2926/4/1
f 2665/4/2 2928/4/2 2934/4/2 2674/4/2
f 2666/3/1 2675/3/1 2935/3/1 2929/3/1
f 2667/1/2 2936/1/2 2937/1/2 2676/1/2
f 2668/1/3 2930/1/3 2936/1/3 2667/1/3
f 2685/1/4 2676/1/4 2937/1/4 2938/1/4
f 2930/1/6 2938/1/6 2937/1/6 2936/1/6
f 2669/4/2 2931/4/2 2939/4/2 2677/4/2
f 2672/4/1 2680/4/1 2940/4/1 2932/4/1
f 2673/4/1 2681/4/1 2941/4/1 2933/4/1
f 2674/4/2 2934/4/2 2942/4/2 2682/4/2
f 2675/3/1 2683/3/1 2943/3/1 2935/3/1
f 2685/1/2 2938/1/2 2944/1/2 2686/1/2
f 2677/4/2 2939/4/2 2945/4/2 2687/4/2
f 2680/4/1 2690/4/1 2946/4/1 2940/4/1
f 2681/4/1 2691/4/1 2947/4/1 2941/4/1
f 2691/4/4 2692/4/4 2948/4/4 2947/4/4
f 2682/4/2 2942/4/2 2949/4/2 2693/4/2
f 2692/4/4 2693/4/4 2949/4/4 2948/4/4
f 2683/3/1 2695/3/1 2950/3/1 2943/3/1
f 2684/1/2 2951/1/2 2952/1/2 2697/1/2
f 2686/1/3 2944/1/3 2951/1/3 2684/1/3
f 2698/1/4 2697/1/4 2952/1/4 2953/1/4
f 2944/1/6 2953/1/6 2952/1/6 2951/1/6
f 2687/4/2 2945/4/2 2954/4/2 2699/4/2
f 2690/4/1 2702/4/1 2955/4/1 2946/4/1
f 2695/3/1 2956/3/1 2957/3/1 2950/3/1
f 2695/3/5 2696/3/5 2703/3/5 2956/3/5
f 2698/1/2 2953/1/2 2958/1/2 2704/1/2
f 2699/6/2 2954/6/2 2959/6/2 2705/6/2
f 2702/6/1 2708/6/1 2960/6/1 2955/6/1
f 2956/3/1 2961/3/1 2962/3/1 2957/3/1
f 2961/3/4 2709/3/4 2963/3/4 2962/3/4
f 2956/3/5 2703/3/5 2709/3/5 2961/3/5
f 2710/1/2 2964/1/2 2965/1/2 2711/1/2
f 2704/1/3 2958/1/3 2964/1/3 2710/1/3
f 2958/1/6 2966/1/6 2965/1/6 2964/1/6
f 2705/6/2 2959/6/2 2967/6/2 2712/6/2
f 2708/6/1 2715/6/1 2968/6/1 2960/6/1
f 2709/3/1 2716/3/1 2969/3/1 2963/3/1
f 2718/1/4 2717/1/4 2970/1/4 2971/1/4
f 2711/1/2 2965/1/2 2972/1/2 2719/1/2
f 2712/6/2 2967/6/2 2973/6/2 2720/6/2
f 2715/6/1 2723/6/1 2974/6/1 2968/6/1
f 2716/3/1 2724/3/1 2975/3/1 2969/3/1
f 2718/1/2 2971/1/2 2976/1/2 2725/1/2
f 2717/1/1 2726/1/1 2977/1/1 2970/1/1
f 2978/1/2 2979/1/2 2980/1/2 2736/1/2
f 2719/1/3 2972/1/3 2979/1/3 2978/1/3
f 2719/1/5 2978/1/5 2736/1/5 2727/1/5
f 2720/6/2 2973/6/2 2981/6/2 2728/6/2
f 2723/6/1 2731/6/1 2982/6/1 2974/6/1
f 2724/3/1 2732/3/1 2983/3/1 2975/3/1
f 2725/1/2 2976/1/2 2984/1/2 2733/1/2
f 2726/1/1 2734/1/1 2985/1/1 2977/1/1
f 2736/1/2 2980/1/2 2986/1/2 2737/1/2
f 2745/1/4 2737/1/4 2986/1/4 2987/1/4
f 2728/4/2 2981/4/2 2988/4/2 2739/4/2
f 2731/4/1 2742/4/1 2989/4/1 2982/4/1
f 2732/3/1 2743/3/1 2990/3/1 2983/3/1
f 2733/1/3 2984/1/3 2985/1/3 2734/1/3
f 2745/1/2 2987/1/2 2991/1/2 2746/1/2
f 2739/4/2 2988/4/2 2992/4/2 2747/4/2
f 2742/4/1 2750/4/1 2993/4/1 2989/4/1
f 2750/4/4 2747/4/4 2992/4/4 2993/4/4
f 2743/3/1 2751/3/1 2994/3/1 2990/3/1
f 2759/1/4 2753/1/4 2995/1/4 2996/1/4
f 2753/1/4 2752/1/4 2997/1/4 2995/1/4
f 2744/1/2 2998/1/2 2999/1/2 2755/1/2
f 2746/1/3 2991/1/3 2998/1/3 2744/1/3
f 2751/3/1 2756/3/1 3000/3/1 2994/3/1
f 2759/1/2 2996/1/2 3001/1/2 2758/1/2
f 2752/1/1 3002/1/1 3003/1/1 2997/1/1
f 3002/1/4 2762/1/4 3004/1/4 3003/1/4
f 2752/1/5 2754/1/5 2762/1/5 3002/1/5
f 2755/1/2 2999/1/2 3005/1/2 2760/1/2
f 2762/1/4 2760/1/4 3005/1/4 3004/1/4
f 2756/3/1 2763/3/1 3006/3/1 3000/3/1
f 2776/3/4 2777/3/4 3007/3/4 3008/3/4
f 2781/2/4 2765/2/4 3009/2/4 3010/2/4
f 2765/2/4 2764/2/4 3011/2/4 3009/2/4
f 2789/1/4 2769/1/4 3012/1/4 3013/1/4
f 2769/1/4 2768/1/4 3014/1/4 3012/1/4
f 2758/1/2 3001/1/2 3015/1/2 2770/1/2
f 2794/1/4 2770/1/4 3015/1/4 3016/1/4
f 2776/3/2 3008/3/2 3017/3/2 2774/3/2
f 2763/3/1 2773/3/1 3018/3/1 3006/3/1
f 2773/3/4 2774/3/4 3017/3/4 3018/3/4
f 2777/3/1 2775/3/1 3019/3/1 3007/3/1
f 2775/3/4 2778/3/4 3020/3/4 3019/3/4
f 3007/3/6 3019/3/6 3020/3/6 3021/3/6
f 2781/1/2 3010/1/2 3022/1/2 2779/1/2
f 2778/1/4 2779/1/4 3022/1/4 3020/1/4
f 3021/1/6 3020/1/6 3022/1/6 3010/1/6
f 2764/1/1 2783/1/1 3023/1/1 3011/1/1
f 2782/2/4 2784/2/4 3024/2/4 3025/2/4
f 2767/2/5 2766/2/5 2784/2/5 2782/2/5
f 2784/2/4 2786/2/4 3026/2/4 3024/2/4
f 2789/1/2 3013/1/2 3027/1/2 2785/1/2
f 2786/1/4 2785/1/4 3027/1/4 3026/1/4
f 3028/1/6 3026/1/6 3027/1/6 3013/1/6
f 2794/1/2 3016/1/2 3029/1/2 2793/1/2
f 2768/1/1 2791/1/1 3030/1/1 3014/1/1
f 2795/1/2 3031/1/2 3032/1/2 2796/1/2
f 2770/1/1 2792/1/1 3033/1/1 3015/1/1
f 2770/1/3 3015/1/3 3031/1/3 2795/1/3
f 2792/1/4 2796/1/4 3032/1/4 3033/1/4
f 2782/2/2 3025/2/2 3034/2/2 3035/2/2
f 2783/2/1 3036/2/1 3037/2/1 3023/2/1
f 3036/2/4 3035/2/4 3034/2/4 3037/2/4
f 3023/2/6 3037/2/6 3034/2/6 3025/2/6
f 2783/2/5 2782/2/5 3035/2/5 3036/2/5
f 2793/2/2 3029/2/2 3038/2/2 2799/2/2
f 2791/2/1 2801/2/1 3039/2/1 3030/2/1
f 2801/2/4 2799/2/4 3038/2/4 3039/2/4
f 3030/2/6 3039/2/6 3038/2/6 3029/2/6
f 3040/1/1 2822/1/1 3041/1/1 3042/1/1
f 3040/1/3 3042/1/3 3043/1/3 3044/1/3
f 3040/1/5 3044/1/5 2823/1/5 2822/1/5
f 3045/1/2 3046/1/2 3047/1/2 2824/1/2
f 3044/1/3 3043/1/3 3046/1/3 3045/1/3
f 3043/1/6 3048/1/6 3047/1/6 3046/1/6
f 3044/1/5 3045/1/5 2824/1/5 2823/1/5
f 3049/1/2 3050/1/2 3051/1/2 2827/1/2
f 3052/1/1 3053/1/1 3054/1/1 3055/1/1
f 3052/1/3 3055/1/3 3050/1/3 3049/1/3
f 3052/1/5 3049/1/5 2827/1/5 3053/1/5
f 2810/1/1 2809/1/1 3056/1/1 3057/1/1
f 2810/1/3 3057/1/3 3058/1/3 2811/1/3
f 2814/2/2 3059/2/2 3060/2/2 2815/2/2
f 2811/2/3 3058/2/3 3059/2/3 2814/2/3
f 3061/3/1 2834/3/1 3062/3/1 3063/3/1
f 3061/3/3 3063/3/3 3064/3/3 2819/3/3
f 3061/3/5 2819/3/5 2818/3/5 2834/3/5
f 2816/3/2 3065/3/2 3066/3/2 2817/3/2
f 2819/3/3 3064/3/3 3065/3/3 2816/3/3
f 3067/1/1 2835/1/1 3068/1/1 3069/1/1
f 3067/1/3 3069/1/3 3070/1/3 2821/1/3
f 3067/1/5 2821/1/5 2820/1/5 2835/1/5
f 2821/1/3 3070/1/3 3041/1/3 2822/1/3
f 2824/1/3 3047/1/3 3054/1/3 3053/1/3
f 2824/1/5 3053/1/5 2836/1/5 2825/1/5
f 3053/1/5 2827/1/5 2826/1/5 2836/1/5
f 2827/1/3 3051/1/3 3071/1/3 2802/1/3
f 2802/1/3 3071/1/3 3072/1/3 2805/1/3
f 2805/1/3 3072/1/3 3073/1/3 2807/1/3
f 2807/1/3 3073/1/3 3074/1/3 2828/1/3
f 2828/1/3 3074/1/3 3056/1/3 2809/1/3
f 2829/1/2 3075/1/2 3076/1/2 2830/1/2
f 2815/1/3 3060/1/3 3075/1/3 2829/1/3
f 2833/2/1 2832/2/1 3077/2/1 3078/2/1
f 2833/2/3 3078/2/3 3062/2/3 2834/2/3
f 2817/1/3 3066/1/3 3068/1/3 2835/1/3
f 2830/1/2 3076/1/2 3079/1/2 3080/1/2
f 2837/1/4 3080/1/4 3079/1/4 3081/1/4
f 2831/1/5 2830/1/5 3080/1/5 2837/1/5
f 2832/3/1 2839/3/1 3082/3/1 3077/3/1
f 2837/1/2 3081/1/2 3083/1/2 2842/1/2
f 2838/1/5 2837/1/5 2842/1/5 2840/1/5
f 2839/3/1 2841/3/1 3084/3/1 3082/3/1
f 2844/1/2 3085/1/2 3086/1/2 2845/1/2
f 2842/1/3 3083/1/3 3085/1/3 2844/1/3
f 2847/1/4 2845/1/4 3086/1/4 3087/1/4
f 2841/3/1 2848/3/1 3088/3/1 3084/3/1
f 2847/1/2 3087/1/2 3089/1/2 2849/1/2
f 3090/1/6 3091/1/6 3089/1/6 3087/1/6
f 2853/3/1 2852/3/1 3092/3/1 3093/3/1
f 2853/3/3 3093/3/3 3088/3/3 2848/3/3
f 2849/1/2 3089/1/2 3094/1/2 2854/1/2
f 2858/1/4 2854/1/4 3094/1/4 3095/1/4
f 3091/1/6 3095/1/6 3094/1/6 3089/1/6
f 2852/3/1 2856/3/1 3096/3/1 3092/3/1
f 2858/7/2 3095/7/2 3097/7/2 2859/7/2
f 2856/3/1 2861/3/1 3098/3/1 3096/3/1
f 2857/7/2 3099/7/2 3100/7/2 2862/7/2
f 2859/7/3 3097/7/3 3099/7/3 2857/7/3
f 2861/3/1 2864/3/1 3101/3/1 3098/3/1
f 3102/7/2 3103/7/2 3104/7/2 2870/7/2
f 2862/7/3 3100/7/3 3103/7/3 3102/7/3
f 2862/7/5 3102/7/5 2870/7/5 2865/7/5
f 2864/3/1 2868/3/1 3105/3/1 3101/3/1
f 2870/7/2 3104/7/2 3106/7/2 2871/7/2
f 2883/7/4 2871/7/4 3106/7/4 3107/7/4
f 3108/7/6 3107/7/6 3106/7/6 3104/7/6
f 2873/4/2 3109/4/2 3110/4/2 2874/4/2
f 2876/4/1 2875/4/1 3111/4/1 3112/4/1
f 2876/4/3 3112/4/3 3109/4/3 2873/4/3
f 2868/3/1 2878/3/1 3113/3/1 3105/3/1
f 2878/3/4 2879/3/4 3114/3/4 3113/3/4
f 2883/7/2 3107/7/2 3115/7/2 2882/7/2
f 2875/4/1 2885/4/1 3116/4/1 3111/4/1
f 3117/4/2 3118/4/2 3119/4/2 3120/4/2
f 2874/4/3 3110/4/3 3118/4/3 3117/4/3
f 2874/4/5 3117/4/5 3120/4/5 2884/4/5
f 2879/3/1 2886/3/1 3121/3/1 3114/3/1
f 2882/7/2 3115/7/2 3122/7/2 2887/7/2
f 2885/4/1 2889/4/1 3123/4/1 3116/4/1
f 3120/4/2 3119/4/2 3124/4/2 3125/4/2
f 2884/4/5 3120/4/5 3125/4/5 2888/4/5
f 2891/3/1 2890/3/1 3126/3/1 3127/3/1
f 2891/3/3 3127/3/3 3121/3/3 2886/3/3
f 3127/3/6 3126/3/6 3128/3/6 3121/3/6
f 2887/7/2 3122/7/2 3129/7/2 2892/7/2
f 2889/4/1 2894/4/1 3130/4/1 3123/4/1
f 3125/4/2 3124/4/2 3131/4/2 3132/4/2
f 2888/4/5 3125/4/5 3132/4/5 2893/4/5
f 2890/3/1 2895/3/1 3133/3/1 3126/3/1
f 2892/7/2 3129/7/2 3134/7/2 2899/7/2
f 2894/4/1 2901/4/1 3135/4/1 3130/4/1
f 3132/4/2 3131/4/2 3136/4/2 3137/4/2
f 2893/4/5 3132/4/5 3137/4/5 2900/4/5
f 2895/3/1 2902/3/1 3138/3/1 3133/3/1
f 2899/7/2 3134/7/2 3139/7/2 2904/7/2
f 2901/4/1 2906/4/1 3140/4/1 3135/4/1
f 3137/4/2 3136/4/2 3141/4/2 3142/4/2
f 2900/4/5 3137/4/5 3142/4/5 2905/4/5
f 2902/3/1 2907/3/1 3143/3/1 3138/3/1
f 2903/7/2 3144/7/2 3145/7/2 3146/7/2
f 2904/7/3 3139/7/3 3144/7/3 2903/7/3
f 2908/7/4 3146/7/4 3145/7/4 3147/7/4
f 3139/7/6 3147/7/6 3145/7/6 3144/7/6
f 2904/7/5 2903/7/5 3146/7/5 2908/7/5
f 2906/4/1 2910/4/1 3148/4/1 3140/4/1
f 3142/4/2 3141/4/2 3149/4/2 3150/4/2
f 2905/4/5 3142/4/5 3150/4/5 2909/4/5
f 2907/3/1 2911/3/1 3151/3/1 3143/3/1
f 2908/7/2 3147/7/2 3152/7/2 2912/7/2
f 2913/7/4 2912/7/4 3152/7/4 3153/7/4
f 2910/4/1 2915/4/1 3154/4/1 3148/4/1
f 3150/4/2 3149/4/2 3155/4/2 3156/4/2
f 2909/4/5 3150/4/5 3156/4/5 2914/4/5
f 2917/4/2 3157/4/2 3158/4/2 2918/4/2
f 2921/4/1 2920/4/1 3159/4/1 3160/4/1
f 2921/4/3 3160/4/3 3157/4/3 2917/4/3
f 2911/3/1 2922/3/1 3161/3/1 3151/3/1
f 2913/7/2 3153/7/2 3162/7/2 2923/7/2
f 2915/4/1 2925/4/1 3163/4/1 3154/4/1
f 3156/4/2 3155/4/2 3164/4/2 3165/4/2
f 2914/4/5 3156/4/5 3165/4/5 2924/4/5
f 2920/4/1 2926/4/1 3166/4/1 3159/4/1
f 2927/4/2 3167/4/2 3168/4/2 2928/4/2
f 2918/4/3 3158/4/3 3167/4/3 2927/4/3
f 2922/3/1 2929/3/1 3169/3/1 3161/3/1
f 3170/7/2 3171/7/2 3172/7/2 2936/7/2
f 2923/7/3 3162/7/3 3171/7/3 3170/7/3
f 2930/7/4 2936/7/4 3172/7/4 3173/7/4
f 2923/7/5 3170/7/5 2936/7/5 2930/7/5
f 2925/4/1 2932/4/1 3174/4/1 3163/4/1
f 3165/4/2 3164/4/2 3175/4/2 3176/4/2
f 2924/4/5 3165/4/5 3176/4/5 2931/4/5
f 2926/4/1 2933/4/1 3177/4/1 3166/4/1
f 2928/4/2 3168/4/2 3178/4/2 2934/4/2
f 2929/3/1 2935/3/1 3179/3/1 3169/3/1
f 2930/7/2 3173/7/2 3180/7/2 2938/7/2
f 2932/4/1 2940/4/1 3181/4/1 3174/4/1
f 3176/4/2 3175/4/2 3182/4/2 3183/4/2
f 2931/4/5 3176/4/5 3183/4/5 2939/4/5
f 2933/4/1 2941/4/1 3184/4/1 3177/4/1
f 2934/4/2 3178/4/2 3185/4/2 2942/4/2
f 2935/3/1 2943/3/1 3186/3/1 3179/3/1
f 2938/7/2 3180/7/2 3187/7/2 2944/7/2
f 2940/4/1 2946/4/1 3188/4/1 3181/4/1
f 3183/4/2 3182/4/2 3189/4/2 3190/4/2
f 2939/4/5 3183/4/5 3190/4/5 2945/4/5
f 2941/4/1 2947/4/1 3191/4/1 3184/4/1
f 2947/4/4 2948/4/4 3192/4/4 3191/4/4
f 2942/4/2 3185/4/2 3193/4/2 2949/4/2
f 2948/4/4 2949/4/4 3193/4/4 3192/4/4
f 2943/3/1 2950/3/1 3194/3/1 3186/3/1
f 2944/7/2 3187/7/2 3195/7/2 2953/7/2
f 2946/4/1 2955/4/1 3196/4/1 3188/4/1
f 3190/6/2 3189/6/2 3197/6/2 3198/6/2
f 2945/6/5 3190/6/5 3198/6/5 2954/6/5
f 2950/3/1 2957/3/1 3199/3/1 3194/3/1
f 2953/7/2 3195/7/2 3200/7/2 2958/7/2
f 2955/4/1 2960/4/1 3201/4/1 3196/4/1
f 3198/6/2 3197/6/2 3202/6/2 3203/6/2
f 2954/6/5 3198/6/5 3203/6/5 2959/6/5
f 2957/3/1 2962/3/1 3204/3/1 3199/3/1
f 2958/7/2 3200/7/2 3205/7/2 2966/7/2
f 2960/4/1 2968/4/1 3206/4/1 3201/4/1
f 3203/6/2 3202/6/2 3207/6/2 3208/6/2
f 2959/6/5 3203/6/5 3208/6/5 2967/6/5
f 2962/3/1 3209/3/1 3210/3/1 3204/3/1
f 3209/3/4 2969/3/4 3211/3/4 3210/3/4
f 2962/3/5 2963/3/5 2969/3/5 3209/3/5
f 2971/1/4 2970/1/4 3212/1/4 3213/1/4
f 2965/7/2 3214/7/2 3215/7/2 2972/7/2
f 2966/7/3 3205/7/3 3214/7/3 2965/7/3
f 2968/4/1 2974/4/1 3216/4/1 3206/4/1
f 3208/6/2 3207/6/2 3217/6/2 3218/6/2
f 2967/6/5 3208/6/5 3218/6/5 2973/6/5
f 2969/3/1 2975/3/1 3219/3/1 3211/3/1
f 2971/1/2 3213/1/2 3220/1/2 2976/1/2
f 2970/7/1 2977/7/1 3221/7/1 3212/7/1
f 2979/7/2 3222/7/2 3223/7/2 2980/7/2
f 2972/7/3 3215/7/3 3222/7/3 2979/7/3
f 2974/4/1 2982/4/1 3224/4/1 3216/4/1
f 3218/4/2 3217/4/2 3225/4/2 3226/4/2
f 2981/4/4 3226/4/4 3225/4/4 3227/4/4
f 2973/4/5 3218/4/5 3226/4/5 2981/4/5
f 2975/3/1 2983/3/1 3228/3/1 3219/3/1
f 2976/1/2 3220/1/2 3229/1/2 2984/1/2
f 2977/7/1 2985/7/1 3230/7/1 3221/7/1
f 2980/7/2 3223/7/2 3231/7/2 2986/7/2
f 2987/7/4 2986/7/4 3231/7/4 3232/7/4
f 2981/4/2 3227/4/2 3233/4/2 2988/4/2
f 2982/4/1 2989/4/1 3234/4/1 3224/4/1
f 2983/3/1 2990/3/1 3235/3/1 3228/3/1
f 2984/1/3 3229/1/3 3230/1/3 2985/1/3
f 2987/1/2 3232/1/2 3236/1/2 2991/1/2
f 2988/4/2 3233/4/2 3237/4/2 2992/4/2
f 2989/4/1 2993/4/1 3238/4/1 3234/4/1
f 2993/4/4 2992/4/4 3237/4/4 3238/4/4
f 3239/3/1 3240/3/1 3241/3/1 3242/3/1
f 3239/3/3 3242/3/3 3235/3/3 2990/3/3
f 3240/3/4 2994/3/4 3243/3/4 3241/3/4
f 3239/3/5 2990/3/5 2994/3/5 3240/3/5
f 2995/1/4 2997/1/4 3244/1/4 3245/1/4
f 2998/1/2 3246/1/2 3247/1/2 2999/1/2
f 2991/1/3 3236/1/3 3246/1/3 2998/1/3
f 2994/3/1 3000/3/1 3248/3/1 3243/3/1
f 2995/1/2 3245/1/2 3249/1/2 3250/1/2
f 2996/1/5 2995/1/5 3250/1/5 3001/1/5
f 2997/1/1 3003/1/1 3251/1/1 3244/1/1
f 3003/1/4 3004/1/4 3252/1/4 3251/1/4
f 2999/1/2 3247/1/2 3253/1/2 3005/1/2
f 3000/3/1 3006/3/1 3254/3/1 3248/3/1
f 3008/3/4 3007/3/4 3255/3/4 3256/3/4
f 3007/2/4 3021/2/4 3257/2/4 3255/2/4
f 3021/2/4 3010/2/4 3258/2/4 3257/2/4
f 3010/2/4 3009/2/4 3259/2/4 3258/2/4
f 3028/1/4 3013/1/4 3260/1/4 3261/1/4
f 3013/1/4 3012/1/4 3262/1/4 3260/1/4
f 3016/1/4 3015/1/4 3263/1/4 3264/1/4
f 3250/1/2 3249/1/2 3265/1/2 3031/1/2
f 3001/1/5 3250/1/5 3031/1/5 3015/1/5
f 3005/1/2 3253/1/2 3266/1/2 3267/1/2
f 3004/1/1 3268/1/1 3269/1/1 3252/1/1
f 3268/1/4 3267/1/4 3266/1/4 3269/1/4
f 3004/1/5 3005/1/5 3267/1/5 3268/1/5
f 3270/3/1 3271/3/1 3272/3/1 3273/3/1
f 3270/3/3 3273/3/3 3254/3/3 3006/3/3
f 3271/3/4 3018/3/4 3274/3/4 3272/3/4
f 3273/3/6 3272/3/6 3274/3/6 3254/3/6
f 3270/3/5 3006/3/5 3018/3/5 3271/3/5
f 3008/3/2 3256/3/2 3275/3/2 3017/3/2
f 3018/3/4 3017/3/4 3275/3/4 3274/3/4
f 3254/3/6 3274/3/6 3275/3/6 3256/3/6
f 3009/2/1 3276/2/1 3277/2/1 3259/2/1
f 3276/2/4 3023/2/4 3278/2/4 3277/2/4
f 3009/2/5 3011/2/5 3023/2/5 3276/2/5
f 3023/2/4 3025/2/4 3279/2/4 3278/2/4
f 3280/2/6 3278/2/6 3279/2/6 3281/2/6
f 3025/1/4 3024/1/4 3282/1/4 3279/1/4
f 3028/1/2 3261/1/2 3283/1/2 3026/1/2
f 3024/1/4 3026/1/4 3283/1/4 3282/1/4
f 3284/1/6 3282/1/6 3283/1/6 3261/1/6
f 3012/1/1 3285/1/1 3286/1/1 3262/1/1
f 3285/1/4 3030/1/4 3287/1/4 3286/1/4
f 3262/1/6 3286/1/6 3287/1/6 3288/1/6
f 3012/1/5 3014/1/5 3030/1/5 3285/1/5
f 3016/1/2 3264/1/2 3289/1/2 3029/1/2
f 3030/1/4 3029/1/4 3289/1/4 3287/1/4
f 3031/1/2 3265/1/2 3290/1/2 3032/1/2
f 3015/1/1 3033/1/1 3291/1/1 3263/1/1
f 3032/1/2 3290/1/2 3292/1/2 3293/1/2
f 3033/1/1 3294/1/1 3295/1/1 3291/1/1
f 3294/1/4 3293/1/4 3292/1/4 3295/1/4
f 3033/1/5 3032/1/5 3293/1/5 3294/1/5
f 3296/2/1 3063/2/1 3297/2/1 3298/2/1
f 3296/2/3 3298/2/3 3299/2/3 3300/2/3
f 3296/2/5 3300/2/5 3064/2/5 3063/2/5
f 3301/3/2 3302/3/2 3303/3/2 3065/3/2
f 3300/3/3 3299/3/3 3302/3/3 3301/3/3
f 3300/3/5 3301/3/5 3065/3/5 3064/3/5
f 3043/1/2 3304/1/2 3305/1/2 3048/1/2
f 3042/1/1 3041/1/1 3306/1/1 3307/1/1
f 3042/1/3 3307/1/3 3304/1/3 3043/1/3
f 3307/1/6 3306/1/6 3305/1/6 3304/1/6
f 3055/1/1 3054/1/1 3308/1/1 3309/1/1
f 3055/1/3 3309/1/3 3310/1/3 3050/1/3
f 3050/1/3 3310/1/3 3311/1/3 3312/1/3
f 3050/1/5 3312/1/5 3071/1/5 3051/1/5
f 3312/1/3 3311/1/3 3313/1/3 3314/1/3
f 3312/1/5 3314/1/5 3072/1/5 3071/1/5
f 3315/1/2 3316/1/2 3317/1/2 3073/1/2
f 3314/1/3 3313/1/3 3316/1/3 3315/1/3
f 3314/1/5 3315/1/5 3073/1/5 3072/1/5
f 3057/1/1 3056/1/1 3318/1/1 3319/1/1
f 3057/1/3 3319/1/3 3320/1/3 3058/1/3
f 3058/2/3 3320/2/3 3321/2/3 3059/2/3
f 3320/2/6 3322/2/6 3323/2/6 3321/2/6
f 3324/1/2 3325/1/2 3326/1/2 3075/1/2
f 3059/1/3 3321/1/3 3325/1/3 3324/1/3
f 3321/1/6 3323/1/6 3326/1/6 3325/1/6
f 3059/1/5 3324/1/5 3075/1/5 3060/1/5
f 3327/3/2 3328/3/2 3329/3/2 3078/3/2
f 3330/3/1 3331/3/1 3332/3/1 3333/3/1
f 3330/3/3 3333/3/3 3328/3/3 3327/3/3
f 3333/3/6 3332/3/6 3329/3/6 3328/3/6
f 3330/3/5 3327/3/5 3078/3/5 3331/3/5
f 3063/2/1 3062/2/1 3334/2/1 3297/2/1
f 3065/1/3 3303/1/3 3335/1/3 3069/1/3
f 3065/1/5 3069/1/5 3068/1/5 3066/1/5
f 3069/1/3 3335/1/3 3336/1/3 3070/1/3
f 3070/1/3 3336/1/3 3306/1/3 3041/1/3
f 3336/1/6 3337/1/6 3338/1/6 3306/1/6
f 3048/1/3 3305/1/3 3339/1/3 3047/1/3
f 3047/1/3 3339/1/3 3308/1/3 3054/1/3
f 3073/1/3 3317/1/3 3340/1/3 3074/1/3
f 3074/1/3 3340/1/3 3318/1/3 3056/1/3
f 3075/1/2 3326/1/2 3341/1/2 3076/1/2
f 3331/3/1 3342/3/1 3343/3/1 3332/3/1
f 3342/3/4 3077/3/4 3344/3/4 3343/3/4
f 3331/3/5 3078/3/5 3077/3/5 3342/3/5
f 3078/2/3 3329/2/3 3334/2/3 3062/2/3
f 3076/1/2 3341/1/2 3345/1/2 3079/1/2
f 3081/1/4 3079/1/4 3345/1/4 3346/1/4
f 3077/3/1 3082/3/1 3347/3/1 3344/3/1
f 3081/1/2 3346/1/2 3348/1/2 3083/1/2
f 3082/3/1 3084/3/1 3349/3/1 3347/3/1
f 3090/1/4 3087/1/4 3350/1/4 3351/1/4
f 3085/1/2 3352/1/2 3353/1/2 3086/1/2
f 3083/1/3 3348/1/3 3352/1/3 3085/1/3
f 3087/1/4 3086/1/4 3353/1/4 3350/1/4
f 3084/3/1 3088/3/1 3354/3/1 3349/3/1
f 3090/1/2 3351/1/2 3355/1/2 3091/1/2
f 3093/3/1 3092/3/1 3356/3/1 3357/3/1
f 3093/3/3 3357/3/3 3354/3/3 3088/3/3
f 3357/3/6 3356/3/6 3358/3/6 3354/3/6
f 3091/1/2 3355/1/2 3359/1/2 3095/1/2
f 3092/3/1 3096/3/1 3360/3/1 3356/3/1
f 3094/7/2 3361/7/2 3362/7/2 3099/7/2
f 3095/7/3 3359/7/3 3361/7/3 3094/7/3
f 3095/7/5 3094/7/5 3099/7/5 3097/7/5
f 3096/3/1 3098/3/1 3363/3/1 3360/3/1
f 3099/7/2 3362/7/2 3364/7/2 3100/7/2
f 3098/3/1 3101/3/1 3365/3/1 3363/3/1
f 3103/7/2 3366/7/2 3367/7/2 3104/7/2
f 3100/7/3 3364/7/3 3366/7/3 3103/7/3
f 3108/7/4 3104/7/4 3367/7/4 3368/7/4
f 3364/7/6 3368/7/6 3367/7/6 3366/7/6
f 3101/3/1 3105/3/1 3369/3/1 3365/3/1
f 3108/7/2 3368/7/2 3370/7/2 3107/7/2
f 3109/4/2 3371/4/2 3372/4/2 3110/4/2
f 3112/4/1 3111/4/1 3373/4/1 3374/4/1
f 3112/4/3 3374/4/3 3371/4/3 3109/4/3
f 3105/3/1 3113/3/1 3375/3/1 3369/3/1
f 3113/3/4 3114/3/4 3376/3/4 3375/3/4
f 3107/7/2 3370/7/2 3377/7/2 3115/7/2
f 3111/4/1 3116/4/1 3378/4/1 3373/4/1
f 3118/4/2 3379/4/2 3380/4/2 3119/4/2
f 3110/4/3 3372/4/3 3379/4/3 3118/4/3
f 3114/3/1 3121/3/1 3381/3/1 3376/3/1
f 3115/7/2 3377/7/2 3382/7/2 3122/7/2
f 3116/4/1 3123/4/1 3383/4/1 3378/4/1
f 3119/4/2 3380/4/2 3384/4/2 3124/4/2
f 3121/3/1 3128/3/1 3385/3/1 3381/3/1
f 3122/7/2 3382/7/2 3386/7/2 3129/7/2
f 3123/4/1 3130/4/1 3387/4/1 3383/4/1
f 3124/4/2 3384/4/2 3388/4/2 3131/4/2
f 3126/3/1 3133/3/1 3389/3/1 3390/3/1
f 3126/3/3 3390/3/3 3385/3/3 3128/3/3
f 3391/7/2 3392/7/2 3393/7/2 3394/7/2
f 3129/7/3 3386/7/3 3392/7/3 3391/7/3
f 3134/7/4 3394/7/4 3393/7/4 3395/7/4
f 3386/7/6 3395/7/6 3393/7/6 3392/7/6
f 3129/7/5 3391/7/5 3394/7/5 3134/7/5
f 3130/4/1 3135/4/1 3396/4/1 3387/4/1
f 3131/4/2 3388/4/2 3397/4/2 3136/4/2
f 3133/3/1 3138/3/1 3398/3/1 3389/3/1
f 3134/7/2 3395/7/2 3399/7/2 3139/7/2
f 3135/4/1 3140/4/1 3400/4/1 3396/4/1
f 3136/4/2 3397/4/2 3401/4/2 3141/4/2
f 3138/3/1 3143/3/1 3402/3/1 3398/3/1
f 3139/7/2 3399/7/2 3403/7/2 3147/7/2
f 3140/4/1 3148/4/1 3404/4/1 3400/4/1
f 3141/4/2 3401/4/2 3405/4/2 3149/4/2
f 3143/3/1 3151/3/1 3406/3/1 3402/3/1
f 3147/7/2 3403/7/2 3407/7/2 3152/7/2
f 3148/4/1 3154/4/1 3408/4/1 3404/4/1
f 3149/6/2 3405/6/2 3409/6/2 3155/6/2
f 3157/4/2 3410/4/2 3411/4/2 3158/4/2
f 3160/4/1 3159/4/1 3412/4/1 3413/4/1
f 3160/4/3 3413/4/3 3410/4/3 3157/4/3
f 3151/3/1 3161/3/1 3414/3/1 3406/3/1
f 3152/7/2 3407/7/2 3415/7/2 3171/7/2
f 3153/7/5 3152/7/5 3171/7/5 3162/7/5
f 3154/4/1 3163/4/1 3416/4/1 3408/4/1
f 3155/6/2 3409/6/2 3417/6/2 3164/6/2
f 3159/4/1 3166/4/1 3418/4/1 3412/4/1
f 3167/4/2 3419/4/2 3420/4/2 3168/4/2
f 3158/4/3 3411/4/3 3419/4/3 3167/4/3
f 3161/3/1 3169/3/1 3421/3/1 3414/3/1
f 3422/7/2 3423/7/2 3424/7/2 3425/7/2
f 3171/7/3 3415/7/3 3423/7/3 3422/7/3
f 3172/7/4 3425/7/4 3424/7/4 3426/7/4
f 3415/7/6 3426/7/6 3424/7/6 3423/7/6
f 3171/7/5 3422/7/5 3425/7/5 3172/7/5
f 3163/4/1 3174/4/1 3427/4/1 3416/4/1
f 3164/6/2 3417/6/2 3428/6/2 3175/6/2
f 3166/4/1 3177/4/1 3429/4/1 3418/4/1
f 3168/4/2 3420/4/2 3430/4/2 3178/4/2
f 3169/3/1 3179/3/1 3431/3/1 3421/3/1
f 3172/7/2 3426/7/2 3432/7/2 3433/7/2
f 3180/7/4 3433/7/4 3432/7/4 3434/7/4
f 3173/7/5 3172/7/5 3433/7/5 3180/7/5
f 3174/4/1 3181/4/1 3435/4/1 3427/4/1
f 3175/6/2 3428/6/2 3436/6/2 3182/6/2
f 3177/4/1 3184/4/1 3437/4/1 3429/4/1
f 3178/4/2 3430/4/2 3438/4/2 3185/4/2
f 3179/3/1 3186/3/1 3439/3/1 3431/3/1
f 3180/7/2 3434/7/2 3440/7/2 3187/7/2
f 3181/4/1 3188/4/1 3441/4/1 3435/4/1
f 3182/6/2 3436/6/2 3442/6/2 3189/6/2
f 3184/4/1 3191/4/1 3443/4/1 3437/4/1
f 3191/4/4 3192/4/4 3444/4/4 3443/4/4
f 3185/4/2 3438/4/2 3445/4/2 3193/4/2
f 3192/4/4 3193/4/4 3445/4/4 3444/4/4
f 3186/3/1 3194/3/1 3446/3/1 3439/3/1
f 3447/7/2 3448/7/2 3449/7/2 3450/7/2
f 3187/7/3 3440/7/3 3448/7/3 3447/7/3
f 3187/7/5 3447/7/5 3450/7/5 3195/7/5
f 3188/4/1 3196/4/1 3451/4/1 3441/4/1
f 3189/4/2 3442/4/2 3452/4/2 3197/4/2
f 3194/3/1 3199/3/1 3453/3/1 3446/3/1
f 3450/7/2 3449/7/2 3454/7/2 3455/7/2
f 3195/7/5 3450/7/5 3455/7/5 3200/7/5
f 3196/4/1 3201/4/1 3456/4/1 3451/4/1
f 3197/4/2 3452/4/2 3457/4/2 3202/4/2
f 3199/3/1 3204/3/1 3458/3/1 3453/3/1
f 3455/7/2 3454/7/2 3459/7/2 3214/7/2
f 3200/7/5 3455/7/5 3214/7/5 3205/7/5
f 3201/4/1 3206/4/1 3460/4/1 3456/4/1
f 3202/4/2 3457/4/2 3461/4/2 3207/4/2
f 3204/3/1 3210/3/1 3462/3/1 3458/3/1
f 3213/1/4 3212/1/4 3463/1/4 3464/1/4
f 3214/7/2 3459/7/2 3465/7/2 3215/7/2
f 3206/4/1 3216/4/1 3466/4/1 3460/4/1
f 3207/4/2 3461/4/2 3467/4/2 3217/4/2
f 3210/3/1 3468/3/1 3469/3/1 3462/3/1
f 3210/3/5 3211/3/5 3219/3/5 3468/3/5
f 3213/1/2 3464/1/2 3470/1/2 3220/1/2
f 3212/7/1 3221/7/1 3471/7/1 3463/7/1
f 3222/7/2 3472/7/2 3473/7/2 3223/7/2
f 3215/7/3 3465/7/3 3472/7/3 3222/7/3
f 3465/7/6 3474/7/6 3473/7/6 3472/7/6
f 3216/4/1 3224/4/1 3475/4/1 3466/4/1
f 3217/4/2 3467/4/2 3476/4/2 3225/4/2
f 3227/4/4 3225/4/4 3476/4/4 3477/4/4
f 3468/3/1 3478/3/1 3479/3/1 3469/3/1
f 3478/3/4 3228/3/4 3480/3/4 3479/3/4
f 3468/3/5 3219/3/5 3228/3/5 3478/3/5
f 3220/1/2 3470/1/2 3481/1/2 3229/1/2
f 3221/7/1 3230/7/1 3482/7/1 3471/7/1
f 3223/7/2 3473/7/2 3483/7/2 3231/7/2
f 3232/7/4 3231/7/4 3483/7/4 3484/7/4
f 3227/4/2 3477/4/2 3485/4/2 3233/4/2
f 3224/4/1 3234/4/1 3486/4/1 3475/4/1
f 3228/3/1 3235/3/1 3487/3/1 3480/3/1
f 3229/1/3 3481/1/3 3482/1/3 3230/1/3
f 3232/1/2 3484/1/2 3488/1/2 3236/1/2
f 3233/4/2 3485/4/2 3489/4/2 3237/4/2
f 3234/4/1 3238/4/1 3490/4/1 3486/4/1
f 3238/4/4 3237/4/4 3489/4/4 3490/4/4
f 3242/2/1 3241/2/1 3491/2/1 3492/2/1
f 3242/2/3 3492/2/3 3487/2/3 3235/2/3
f 3492/2/6 3491/2/6 3493/2/6 3487/2/6
f 3246/1/2 3494/1/2 3495/1/2 3247/1/2
f 3236/1/3 3488/1/3 3494/1/3 3246/1/3
f 3241/3/1 3496/3/1 3497/3/1 3491/3/1
f 3496/3/4 3248/3/4 3498/3/4 3497/3/4
f 3241/3/5 3243/3/5 3248/3/5 3496/3/5
f 3499/3/6 3500/3/6 3501/3/6 3502/3/6
f 3245/1/5 3244/1/5 3251/1/5 3249/1/5
f 3247/1/2 3495/1/2 3503/1/2 3253/1/2
f 3248/3/1 3254/3/1 3504/3/1 3498/3/1
f 3254/3/4 3256/3/4 3505/3/4 3504/3/4
f 3256/2/4 3255/2/4 3506/2/4 3505/2/4
f 3255/2/4 3257/2/4 3507/2/4 3506/2/4
f 3500/2/6 3506/2/6 3507/2/6 3501/2/6
f 3257/3/4 3258/3/4 3508/3/4 3507/3/4
f 3258/1/4 3259/1/4 3509/1/4 3508/1/4
f 3280/1/4 3281/1/4 3510/1/4 3511/1/4
f 3284/1/4 3261/1/4 3512/1/4 3513/1/4
f 3261/1/4 3260/1/4 3514/1/4 3512/1/4
f 3515/1/6 3512/1/6 3514/1/6 3516/1/6
f 3260/1/4 3262/1/4 3517/1/4 3514/1/4
f 3262/1/4 3288/1/4 3518/1/4 3517/1/4
f 3249/1/5 3251/1/5 3519/1/5 3265/1/5
f 3251/1/5 3252/1/5 3269/1/5 3519/1/5
f 3253/1/2 3503/1/2 3520/1/2 3266/1/2
f 3269/1/4 3266/1/4 3520/1/4 3521/1/4
f 3522/1/6 3521/1/6 3520/1/6 3503/1/6
f 3280/1/2 3511/1/2 3523/1/2 3278/1/2
f 3259/1/1 3277/1/1 3524/1/1 3509/1/1
f 3277/1/4 3278/1/4 3523/1/4 3524/1/4
f 3284/1/2 3513/1/2 3525/1/2 3282/1/2
f 3281/1/1 3279/1/1 3526/1/1 3510/1/1
f 3279/1/4 3282/1/4 3525/1/4 3526/1/4
f 3288/1/1 3287/1/1 3527/1/1 3518/1/1
f 3287/1/4 3289/1/4 3528/1/4 3527/1/4
f 3518/1/6 3527/1/6 3528/1/6 3529/1/6
f 3289/1/4 3291/1/4 3530/1/4 3528/1/4
f 3264/1/5 3263/1/5 3291/1/5 3289/1/5
f 3290/1/4 3531/1/4 3532/1/4 3533/1/4
f 3265/1/5 3519/1/5 3531/1/5 3290/1/5
f 3269/1/2 3521/1/2 3534/1/2 3535/1/2
f 3519/1/5 3269/1/5 3535/1/5 3531/1/5
f 3290/1/2 3533/1/2 3536/1/2 3292/1/2
f 3291/1/1 3295/1/1 3537/1/1 3530/1/1
f 3295/1/4 3292/1/4 3536/1/4 3537/1/4
f 3535/1/2 3534/1/2 3538/1/2 3539/1/2
f 3531/1/1 3540/1/1 3541/1/1 3532/1/1
f 3540/1/4 3539/1/4 3538/1/4 3541/1/4
f 3532/1/6 3541/1/6 3538/1/6 3534/1/6
f 3531/1/5 3535/1/5 3539/1/5 3540/1/5
f 3298/2/1 3297/2/1 3542/2/1 3543/2/1
f 3298/2/3 3543/2/3 3544/2/3 3299/2/3
f 3302/3/2 3545/3/2 3546/3/2 3303/3/2
f 3299/3/3 3544/3/3 3545/3/3 3302/3/3
f 3547/1/1 3339/1/1 3548/1/1 3549/1/1
f 3547/1/3 3549/1/3 3550/1/3 3309/1/3
f 3547/1/5 3309/1/5 3308/1/5 3339/1/5
f 3309/1/3 3550/1/3 3551/1/3 3310/1/3
f 3550/1/6 3552/1/6 3553/1/6 3551/1/6
f 3310/1/3 3551/1/3 3554/1/3 3311/1/3
f 3551/1/6 3553/1/6 3555/1/6 3554/1/6
f 3311/1/3 3554/1/3 3556/1/3 3313/1/3
f 3316/1/2 3557/1/2 3558/1/2 3317/1/2
f 3313/1/3 3556/1/3 3557/1/3 3316/1/3
f 3559/1/1 3340/1/1 3560/1/1 3561/1/1
f 3559/1/3 3561/1/3 3562/1/3 3319/1/3
f 3559/1/5 3319/1/5 3318/1/5 3340/1/5
f 3320/2/2 3563/2/2 3564/2/2 3322/2/2
f 3319/2/3 3562/2/3 3563/2/3 3320/2/3
f 3297/3/1 3334/3/1 3565/3/1 3542/3/1
f 3303/1/3 3546/1/3 3566/1/3 3335/1/3
f 3336/1/2 3567/1/2 3568/1/2 3337/1/2
f 3335/1/3 3566/1/3 3567/1/3 3336/1/3
f 3306/1/1 3338/1/1 3569/1/1 3570/1/1
f 3306/1/3 3570/1/3 3571/1/3 3305/1/3
f 3570/1/6 3569/1/6 3572/1/6 3571/1/6
f 3305/1/3 3571/1/3 3548/1/3 3339/1/3
f 3571/1/6 3572/1/6 3573/1/6 3548/1/6
f 3317/1/3 3558/1/3 3560/1/3 3340/1/3
f 3322/1/3 3564/1/3 3574/1/3 3323/1/3
f 3326/1/2 3575/1/2 3576/1/2 3341/1/2
f 3323/1/3 3574/1/3 3575/1/3 3326/1/3
f 3574/1/6 3577/1/6 3576/1/6 3575/1/6
f 3332/3/1 3343/3/1 3578/3/1 3579/3/1
f 3332/3/3 3579/3/3 3580/3/3 3329/3/3
f 3343/3/4 3344/3/4 3581/3/4 3578/3/4
f 3579/3/6 3578/3/6 3581/3/6 3580/3/6
f 3329/3/3 3580/3/3 3565/3/3 3334/3/3
f 3337/1/3 3568/1/3 3569/1/3 3338/1/3
f 3341/1/2 3576/1/2 3582/1/2 3345/1/2
f 3346/1/4 3345/1/4 3582/1/4 3583/1/4
f 3344/3/1 3347/3/1 3584/3/1 3581/3/1
f 3346/1/2 3583/1/2 3585/1/2 3348/1/2
f 3586/3/1 3587/3/1 3588/3/1 3589/3/1
f 3586/3/3 3589/3/3 3584/3/3 3347/3/3
f 3587/3/4 3349/3/4 3590/3/4 3588/3/4
f 3589/3/6 3588/3/6 3590/3/6 3584/3/6
f 3586/3/5 3347/3/5 3349/3/5 3587/3/5
f 3351/1/4 3350/1/4 3591/1/4 3592/1/4
f 3352/1/2 3593/1/2 3594/1/2 3353/1/2
f 3348/1/3 3585/1/3 3593/1/3 3352/1/3
f 3350/1/4 3353/1/4 3594/1/4 3591/1/4
f 3585/1/6 3591/1/6 3594/1/6 3593/1/6
f 3349/3/1 3354/3/1 3595/3/1 3590/3/1
f 3351/1/2 3592/1/2 3596/1/2 3355/1/2
f 3354/3/1 3358/3/1 3597/3/1 3595/3/1
f 3598/7/2 3599/7/2 3600/7/2 3361/7/2
f 3355/7/3 3596/7/3 3599/7/3 3598/7/3
f 3355/7/5 3598/7/5 3361/7/5 3359/7/5
f 3356/3/1 3360/3/1 3601/3/1 3602/3/1
f 3356/3/3 3602/3/3 3597/3/3 3358/3/3
f 3361/7/2 3600/7/2 3603/7/2 3362/7/2
f 3360/3/1 3363/3/1 3604/3/1 3601/3/1
f 3362/7/2 3603/7/2 3605/7/2 3364/7/2
f 3363/3/1 3365/3/1 3606/3/1 3604/3/1
f 3364/7/2 3605/7/2 3607/7/2 3368/7/2
f 3365/3/1 3369/3/1 3608/3/1 3606/3/1
f 3609/7/6 3610/7/6 3611/7/6 3612/7/6
f 3612/7/6 3611/7/6 3613/7/6 3614/7/6
f 3614/7/6 3613/7/6 3615/7/6 3616/7/6
f 3367/7/2 3617/7/2 3618/7/2 3619/7/2
f 3368/7/3 3607/7/3 3617/7/3 3367/7/3
f 3368/7/5 3367/7/5 3619/7/5 3370/7/5
f 3371/4/2 3620/4/2 3621/4/2 3372/4/2
f 3374/4/1 3373/4/1 3622/4/1 3623/4/1
f 3374/4/3 3623/4/3 3620/4/3 3371/4/3
f 3369/3/1 3375/3/1 3624/3/1 3608/3/1
f 3375/3/4 3376/3/4 3625/3/4 3624/3/4
f 3619/7/2 3618/7/2 3626/7/2 3627/7/2
f 3370/7/5 3619/7/5 3627/7/5 3377/7/5
f 3373/4/1 3378/4/1 3628/4/1 3622/4/1
f 3379/4/2 3629/4/2 3630/4/2 3380/4/2
f 3372/4/3 3621/4/3 3629/4/3 3379/4/3
f 3376/3/1 3381/3/1 3631/3/1 3625/3/1
f 3627/7/2 3626/7/2 3632/7/2 3633/7/2
f 3377/7/5 3627/7/5 3633/7/5 3382/7/5
f 3378/4/1 3383/4/1 3634/4/1 3628/4/1
f 3380/4/3 3630/4/3 3635/4/3 3636/4/3
f 3380/4/5 3636/4/5 3637/4/5 3384/4/5
f 3636/4/3 3635/4/3 3638/4/3 3639/4/3
f 3636/4/5 3639/4/5 3640/4/5 3637/4/5
f 3639/4/3 3638/4/3 3641/4/3 3642/4/3
f 3639/4/5 3642/4/5 3643/4/5 3640/4/5
f 3642/4/3 3641/4/3 3644/4/3 3645/4/3
f 3642/4/5 3645/4/5 3646/4/5 3643/4/5
f 3645/4/3 3644/4/3 3647/4/3 3648/4/3
f 3645/4/5 3648/4/5 3649/4/5 3646/4/5
f 3648/4/3 3647/4/3 3650/4/3 3651/4/3
f 3648/4/5 3651/4/5 3652/4/5 3649/4/5
f 3651/4/3 3650/4/3 3653/4/3 3654/4/3
f 3651/4/5 3654/4/5 3655/4/5 3652/4/5
f 3654/4/3 3653/4/3 3656/4/3 3657/4/3
f 3654/4/5 3657/4/5 3658/4/5 3655/4/5
f 3657/4/3 3656/4/3 3659/4/3 3660/4/3
f 3657/4/5 3660/4/5 3661/4/5 3658/4/5
f 3660/4/3 3659/4/3 3662/4/3 3663/4/3
f 3660/4/5 3663/4/5 3664/4/5 3661/4/5
f 3663/4/3 3662/4/3 3665/4/3 3666/4/3
f 3663/4/5 3666/4/5 3667/4/5 3664/4/5
f 3666/4/3 3665/4/3 3668/4/3 3669/4/3
f 3666/4/5 3669/4/5 3670/4/5 3667/4/5
f 3669/4/3 3668/4/3 3671/4/3 3672/4/3
f 3669/4/5 3672/4/5 3673/4/5 3670/4/5
f 3672/4/3 3671/4/3 3674/4/3 3675/4/3
f 3672/4/5 3675/4/5 3676/4/5 3673/4/5
f 3675/4/3 3674/4/3 3677/4/3 3678/4/3
f 3675/4/5 3678/4/5 3679/4/5 3676/4/5
f 3678/4/3 3677/4/3 3680/4/3 3681/4/3
f 3678/4/5 3681/4/5 3682/4/5 3679/4/5
f 3681/4/3 3680/4/3 3683/4/3 3684/4/3
f 3681/4/5 3684/4/5 3685/4/5 3682/4/5
f 3686/4/2 3687/4/2 3688/4/2 3689/4/2
f 3684/4/3 3683/4/3 3687/4/3 3686/4/3
f 3684/4/5 3686/4/5 3689/4/5 3685/4/5
f 3690/3/1 3390/3/1 3691/3/1 3692/3/1
f 3690/3/3 3692/3/3 3631/3/3 3381/3/3
f 3690/3/5 3381/3/5 3385/3/5 3390/3/5
f 3633/7/2 3632/7/2 3693/7/2 3392/7/2
f 3386/7/4 3392/7/4 3693/7/4 3694/7/4
f 3695/7/6 3694/7/6 3693/7/6 3632/7/6
f 3382/7/5 3633/7/5 3392/7/5 3386/7/5
f 3383/4/1 3387/4/1 3696/4/1 3634/4/1
f 3384/4/5 3637/4/5 3697/4/5 3388/4/5
f 3637/4/5 3640/4/5 3698/4/5 3697/4/5
f 3640/4/5 3643/4/5 3699/4/5 3698/4/5
f 3643/4/5 3646/4/5 3700/4/5 3699/4/5
f 3646/4/5 3649/4/5 3701/4/5 3700/4/5
f 3649/4/5 3652/4/5 3702/4/5 3701/4/5
f 3652/4/5 3655/4/5 3703/4/5 3702/4/5
f 3655/4/5 3658/4/5 3704/4/5 3703/4/5
f 3658/4/5 3661/4/5 3705/4/5 3704/4/5
f 3661/4/5 3664/4/5 3706/4/5 3705/4/5
f 3664/4/5 3667/4/5 3707/4/5 3706/4/5
f 3707/4/4 3708/4/4 3709/4/4 3710/4/4
f 3667/4/5 3670/4/5 3708/4/5 3707/4/5
f 3708/4/4 3711/4/4 3712/4/4 3709/4/4
f 3670/4/5 3673/4/5 3711/4/5 3708/4/5
f 3673/4/5 3676/4/5 3713/4/5 3711/4/5
f 3676/4/5 3679/4/5 3714/4/5 3713/4/5
f 3679/4/5 3682/4/5 3715/4/5 3714/4/5
f 3682/4/5 3685/4/5 3716/4/5 3715/4/5
f 3685/4/5 3689/4/5 3717/4/5 3716/4/5
f 3689/4/3 3688/4/3 3691/4/3 3390/4/3
f 3689/4/5 3390/4/5 3389/4/5 3717/4/5
f 3386/7/2 3694/7/2 3718/7/2 3395/7/2
f 3387/4/1 3396/4/1 3719/4/1 3696/4/1
f 3388/4/5 3697/4/5 3720/4/5 3397/4/5
f 3697/4/5 3698/4/5 3721/4/5 3720/4/5
f 3698/4/5 3699/4/5 3722/4/5 3721/4/5
f 3699/4/5 3700/4/5 3723/4/5 3722/4/5
f 3700/4/5 3701/4/5 3724/4/5 3723/4/5
f 3701/4/5 3702/4/5 3725/4/5 3724/4/5
f 3702/4/5 3703/4/5 3726/4/5 3725/4/5
f 3703/4/5 3704/4/5 3727/4/5 3726/4/5
f 3704/4/5 3705/4/5 3728/4/5 3727/4/5
f 3705/4/5 3706/4/5 3729/4/5 3728/4/5
f 3707/4/2 3710/4/2 3730/4/2 3731/4/2
f 3706/4/5 3707/4/5 3731/4/5 3729/4/5
f 3711/4/1 3732/4/1 3733/4/1 3712/4/1
f 3711/4/5 3713/4/5 3734/4/5 3732/4/5
f 3713/4/5 3714/4/5 3735/4/5 3734/4/5
f 3714/4/5 3715/4/5 3736/4/5 3735/4/5
f 3715/4/5 3716/4/5 3737/4/5 3736/4/5
f 3716/4/5 3717/4/5 3738/4/5 3737/4/5
f 3717/4/5 3389/4/5 3398/4/5 3738/4/5
f 3395/7/2 3718/7/2 3739/7/2 3399/7/2
f 3396/4/1 3400/4/1 3740/4/1 3719/4/1
f 3397/6/5 3720/6/5 3741/6/5 3401/6/5
f 3720/4/5 3721/4/5 3742/4/5 3741/4/5
f 3721/4/5 3722/4/5 3743/4/5 3742/4/5
f 3722/4/5 3723/4/5 3744/4/5 3743/4/5
f 3723/4/5 3724/4/5 3745/4/5 3744/4/5
f 3724/4/5 3725/4/5 3746/4/5 3745/4/5
f 3725/4/5 3726/4/5 3747/4/5 3746/4/5
f 3726/4/5 3727/4/5 3748/4/5 3747/4/5
f 3727/4/5 3728/4/5 3749/4/5 3748/4/5
f 3728/4/5 3729/4/5 3750/4/5 3749/4/5
f 3731/4/2 3730/4/2 3751/4/2 3752/4/2
f 3729/4/5 3731/4/5 3752/4/5 3750/4/5
f 3732/4/1 3753/4/1 3754/4/1 3733/4/1
f 3732/4/5 3734/4/5 3755/4/5 3753/4/5
f 3734/4/5 3735/4/5 3756/4/5 3755/4/5
f 3756/4/4 3757/4/4 3758/4/4 3759/4/4
f 3735/4/5 3736/4/5 3757/4/5 3756/4/5
f 3736/4/5 3737/4/5 3760/4/5 3757/4/5
f 3737/4/5 3738/4/5 3761/4/5 3760/4/5
f 3738/4/5 3398/4/5 3402/4/5 3761/4/5
f 3399/7/2 3739/7/2 3762/7/2 3403/7/2
f 3400/4/1 3404/4/1 3763/4/1 3740/4/1
f 3401/6/5 3741/6/5 3764/6/5 3405/6/5
f 3741/4/5 3742/4/5 3765/4/5 3764/4/5
f 3742/4/5 3743/4/5 3766/4/5 3765/4/5
f 3743/4/5 3744/4/5 3767/4/5 3766/4/5
f 3744/4/5 3745/4/5 3768/4/5 3767/4/5
f 3745/4/5 3746/4/5 3769/4/5 3768/4/5
f 3746/4/5 3747/4/5 3770/4/5 3769/4/5
f 3747/4/5 3748/4/5 3771/4/5 3770/4/5
f 3748/4/5 3749/4/5 3772/4/5 3771/4/5
f 3749/4/5 3750/4/5 3773/4/5 3772/4/5
f 3750/4/5 3752/4/5 3413/4/5 3773/4/5
f 3752/4/3 3751/4/3 3774/4/3 3775/4/3
f 3752/4/5 3775/4/5 3410/4/5 3413/4/5
f 3775/4/3 3774/4/3 3754/4/3 3753/4/3
f 3775/4/5 3753/4/5 3776/4/5 3410/4/5
f 3753/4/5 3755/4/5 3777/4/5 3776/4/5
f 3756/4/2 3759/4/2 3778/4/2 3779/4/2
f 3755/4/5 3756/4/5 3779/4/5 3777/4/5
f 3757/4/1 3780/4/1 3781/4/1 3758/4/1
f 3757/4/5 3760/4/5 3782/4/5 3780/4/5
f 3760/4/5 3761/4/5 3783/4/5 3782/4/5
f 3761/4/5 3402/4/5 3406/4/5 3783/4/5
f 3784/7/2 3785/7/2 3786/7/2 3787/7/2
f 3403/7/3 3762/7/3 3785/7/3 3784/7/3
f 3407/7/4 3787/7/4 3786/7/4 3788/7/4
f 3403/7/5 3784/7/5 3787/7/5 3407/7/5
f 3404/4/1 3408/4/1 3789/4/1 3763/4/1
f 3405/6/5 3764/6/5 3790/6/5 3409/6/5
f 3764/4/5 3765/4/5 3791/4/5 3790/4/5
f 3765/4/5 3766/4/5 3792/4/5 3791/4/5
f 3766/4/5 3767/4/5 3793/4/5 3792/4/5
f 3767/4/5 3768/4/5 3794/4/5 3793/4/5
f 3768/4/5 3769/4/5 3795/4/5 3794/4/5
f 3769/4/5 3770/4/5 3796/4/5 3795/4/5
f 3770/4/5 3771/4/5 3797/4/5 3796/4/5
f 3771/4/5 3772/4/5 3798/4/5 3797/4/5
f 3772/4/5 3773/4/5 3799/4/5 3798/4/5
f 3773/4/5 3413/4/5 3412/4/5 3799/4/5
f 3410/4/5 3776/4/5 3419/4/5 3411/4/5
f 3776/4/5 3777/4/5 3800/4/5 3419/4/5
f 3777/4/5 3779/4/5 3801/4/5 3800/4/5
f 3779/4/3 3778/4/3 3781/4/3 3780/4/3
f 3779/4/5 3780/4/5 3802/4/5 3801/4/5
f 3780/4/5 3782/4/5 3803/4/5 3802/4/5
f 3782/4/5 3783/4/5 3804/4/5 3803/4/5
f 3783/4/5 3406/4/5 3414/4/5 3804/4/5
f 3407/7/2 3788/7/2 3805/7/2 3415/7/2
f 3408/4/1 3416/4/1 3806/4/1 3789/4/1
f 3409/6/5 3790/6/5 3807/6/5 3417/6/5
f 3790/4/5 3791/4/5 3808/4/5 3807/4/5
f 3791/4/5 3792/4/5 3809/4/5 3808/4/5
f 3792/4/5 3793/4/5 3810/4/5 3809/4/5
f 3793/4/5 3794/4/5 3811/4/5 3810/4/5
f 3794/4/5 3795/4/5 3812/4/5 3811/4/5
f 3795/4/5 3796/4/5 3813/4/5 3812/4/5
f 3796/4/5 3797/4/5 3814/4/5 3813/4/5
f 3797/4/5 3798/4/5 3815/4/5 3814/4/5
f 3798/4/5 3799/4/5 3816/4/5 3815/4/5
f 3799/4/5 3412/4/5 3418/4/5 3816/4/5
f 3419/4/5 3800/4/5 3817/4/5 3420/4/5
f 3800/4/5 3801/4/5 3818/4/5 3817/4/5
f 3801/4/5 3802/4/5 3819/4/5 3818/4/5
f 3802/4/5 3803/4/5 3820/4/5 3819/4/5
f 3803/4/5 3804/4/5 3821/4/5 3820/4/5
f 3804/4/5 3414/4/5 3421/4/5 3821/4/5
f 3415/7/2 3805/7/2 3822/7/2 3426/7/2
f 3416/4/1 3427/4/1 3823/4/1 3806/4/1
f 3417/6/5 3807/6/5 3824/6/5 3428/6/5
f 3807/4/5 3808/4/5 3825/4/5 3824/4/5
f 3808/4/5 3809/4/5 3826/4/5 3825/4/5
f 3809/4/5 3810/4/5 3827/4/5 3826/4/5
f 3810/4/5 3811/4/5 3828/4/5 3827/4/5
f 3811/4/5 3812/4/5 3829/4/5 3828/4/5
f 3812/4/5 3813/4/5 3830/4/5 3829/4/5
f 3813/4/5 3814/4/5 3831/4/5 3830/4/5
f 3814/4/5 3815/4/5 3832/4/5 3831/4/5
f 3815/4/5 3816/4/5 3833/4/5 3832/4/5
f 3816/4/5 3418/4/5 3429/4/5 3833/4/5
f 3420/4/5 3817/4/5 3834/4/5 3430/4/5
f 3817/4/5 3818/4/5 3835/4/5 3834/4/5
f 3818/4/5 3819/4/5 3836/4/5 3835/4/5
f 3819/4/5 3820/4/5 3837/4/5 3836/4/5
f 3820/4/5 3821/4/5 3838/4/5 3837/4/5
f 3821/4/5 3421/4/5 3431/4/5 3838/4/5
f 3426/7/2 3822/7/2 3839/7/2 3432/7/2
f 3427/4/1 3435/4/1 3840/4/1 3823/4/1
f 3428/6/5 3824/6/5 3841/6/5 3436/6/5
f 3824/4/5 3825/4/5 3842/4/5 3841/4/5
f 3825/4/5 3826/4/5 3843/4/5 3842/4/5
f 3826/4/5 3827/4/5 3844/4/5 3843/4/5
f 3827/4/5 3828/4/5 3845/4/5 3844/4/5
f 3828/4/5 3829/4/5 3846/4/5 3845/4/5
f 3829/4/5 3830/4/5 3847/4/5 3846/4/5
f 3830/4/5 3831/4/5 3848/4/5 3847/4/5
f 3831/4/5 3832/4/5 3849/4/5 3848/4/5
f 3832/4/5 3833/4/5 3850/4/5 3849/4/5
f 3833/4/5 3429/4/5 3437/4/5 3850/4/5
f 3430/4/5 3834/4/5 3851/4/5 3438/4/5
f 3834/4/5 3835/4/5 3852/4/5 3851/4/5
f 3835/4/5 3836/4/5 3853/4/5 3852/4/5
f 3836/4/5 3837/4/5 3854/4/5 3853/4/5
f 3837/4/5 3838/4/5 3855/4/5 3854/4/5
f 3838/4/5 3431/4/5 3439/4/5 3855/4/5
f 3856/7/6 3857/7/6 3858/7/6 3859/7/6
f 3859/7/6 3858/7/6 3860/7/6 3861/7/6
f 3861/7/6 3860/7/6 3862/7/6 3863/7/6
f 3863/7/6 3862/7/6 3864/7/6 3865/7/6
f 3434/7/5 3432/7/5 3448/7/5 3440/7/5
f 3866/7/2 3867/7/2 3868/7/2 3869/7/2
f 3432/7/3 3839/7/3 3867/7/3 3866/7/3
f 3432/7/5 3866/7/5 3869/7/5 3448/7/5
f 3435/4/1 3441/4/1 3870/4/1 3840/4/1
f 3436/6/5 3841/6/5 3871/6/5 3442/6/5
f 3841/6/5 3842/6/5 3872/6/5 3871/6/5
f 3842/4/5 3843/4/5 3873/4/5 3872/4/5
f 3843/4/5 3844/4/5 3874/4/5 3873/4/5
f 3844/4/5 3845/4/5 3875/4/5 3874/4/5
f 3845/4/5 3846/4/5 3876/4/5 3875/4/5
f 3846/4/5 3847/4/5 3877/4/5 3876/4/5
f 3847/4/5 3848/4/5 3878/4/5 3877/4/5
f 3848/4/5 3849/4/5 3879/4/5 3878/4/5
f 3849/4/5 3850/4/5 3880/4/5 3879/4/5
f 3850/4/5 3437/4/5 3443/4/5 3880/4/5
f 3438/4/5 3851/4/5 3881/4/5 3445/4/5
f 3851/4/5 3852/4/5 3882/4/5 3881/4/5
f 3852/4/5 3853/4/5 3883/4/5 3882/4/5
f 3853/4/5 3854/4/5 3884/4/5 3883/4/5
f 3854/4/5 3855/4/5 3885/4/5 3884/4/5
f 3855/4/5 3439/4/5 3446/4/5 3885/4/5
f 3857/7/6 3886/7/6 3887/7/6 3858/7/6
f 3858/7/6 3887/7/6 3888/7/6 3860/7/6
f 3860/7/6 3888/7/6 3889/7/6 3862/7/6
f 3862/7/6 3889/7/6 3890/7/6 3864/7/6
f 3869/7/2 3868/7/2 3891/7/2 3892/7/2
f 3449/7/4 3892/7/4 3891/7/4 3893/7/4
f 3448/7/5 3869/7/5 3892/7/5 3449/7/5
f 3441/4/1 3451/4/1 3894/4/1 3870/4/1
f 3442/4/5 3871/4/5 3895/4/5 3452/4/5
f 3871/6/5 3872/6/5 3896/6/5 3895/6/5
f 3872/4/5 3873/4/5 3897/4/5 3896/4/5
f 3873/4/5 3874/4/5 3898/4/5 3897/4/5
f 3874/4/5 3875/4/5 3899/4/5 3898/4/5
f 3875/4/5 3876/4/5 3900/4/5 3899/4/5
f 3876/4/5 3877/4/5 3901/4/5 3900/4/5
f 3877/4/5 3878/4/5 3902/4/5 3901/4/5
f 3878/4/5 3879/4/5 3903/4/5 3902/4/5
f 3879/4/5 3880/4/5 3904/4/5 3903/4/5
f 3880/4/5 3443/4/5 3905/4/5 3904/4/5
f 3443/4/5 3444/4/5 3906/4/5 3905/4/5
f 3444/4/5 3445/4/5 3907/4/5 3906/4/5
f 3445/4/5 3881/4/5 3908/4/5 3907/4/5
f 3881/4/5 3882/4/5 3909/4/5 3908/4/5
f 3882/4/5 3883/4/5 3910/4/5 3909/4/5
f 3883/4/5 3884/4/5 3911/4/5 3910/4/5
f 3884/4/5 3885/4/5 3912/4/5 3911/4/5
f 3885/4/5 3446/4/5 3453/4/5 3912/4/5
f 3886/7/6 3913/7/6 3914/7/6 3887/7/6
f 3887/7/6 3914/7/6 3915/7/6 3888/7/6
f 3888/7/6 3915/7/6 3916/7/6 3889/7/6
f 3889/7/6 3916/7/6 3917/7/6 3890/7/6
f 3449/7/2 3893/7/2 3918/7/2 3454/7/2
f 3451/4/1 3456/4/1 3919/4/1 3894/4/1
f 3452/4/5 3895/4/5 3920/4/5 3457/4/5
f 3895/6/5 3896/6/5 3921/6/5 3920/6/5
f 3896/4/5 3897/4/5 3922/4/5 3921/4/5
f 3897/4/5 3898/4/5 3923/4/5 3922/4/5
f 3898/4/5 3899/4/5 3924/4/5 3923/4/5
f 3899/4/5 3900/4/5 3925/4/5 3924/4/5
f 3900/4/5 3901/4/5 3926/4/5 3925/4/5
f 3901/4/5 3902/4/5 3927/4/5 3926/4/5
f 3902/4/5 3903/4/5 3928/4/5 3927/4/5
f 3903/4/5 3904/4/5 3929/4/5 3928/4/5
f 3904/4/5 3905/4/5 3930/4/5 3929/4/5
f 3905/4/5 3906/4/5 3931/4/5 3930/4/5
f 3906/4/5 3907/4/5 3932/4/5 3931/4/5
f 3907/4/5 3908/4/5 3933/4/5 3932/4/5
f 3908/4/5 3909/4/5 3934/4/5 3933/4/5
f 3909/4/5 3910/4/5 3935/4/5 3934/4/5
f 3910/4/5 3911/4/5 3936/4/5 3935/4/5
f 3911/4/5 3912/4/5 3937/4/5 3936/4/5
f 3912/4/5 3453/4/5 3458/4/5 3937/4/5
f 3913/7/6 3938/7/6 3939/7/6 3914/7/6
f 3914/7/6 3939/7/6 3940/7/6 3915/7/6
f 3915/7/6 3940/7/6 3941/7/6 3916/7/6
f 3916/7/6 3941/7/6 3942/7/6 3917/7/6
f 3454/7/2 3918/7/2 3943/7/2 3459/7/2
f 3456/4/1 3460/4/1 3944/4/1 3919/4/1
f 3461/4/4 3945/4/4 3946/4/4 3947/4/4
f 3457/4/5 3920/4/5 3945/4/5 3461/4/5
f 3945/6/4 3948/6/4 3949/6/4 3946/6/4
f 3920/6/5 3921/6/5 3948/6/5 3945/6/5
f 3948/6/4 3950/6/4 3951/6/4 3949/6/4
f 3921/6/5 3922/6/5 3950/6/5 3948/6/5
f 3950/4/4 3952/4/4 3953/4/4 3951/4/4
f 3922/4/5 3923/4/5 3952/4/5 3950/4/5
f 3952/4/4 3954/4/4 3955/4/4 3953/4/4
f 3923/4/5 3924/4/5 3954/4/5 3952/4/5
f 3954/4/4 3956/4/4 3957/4/4 3955/4/4
f 3924/4/5 3925/4/5 3956/4/5 3954/4/5
f 3956/4/4 3958/4/4 3959/4/4 3957/4/4
f 3925/4/5 3926/4/5 3958/4/5 3956/4/5
f 3958/4/4 3960/4/4 3961/4/4 3959/4/4
f 3926/4/5 3927/4/5 3960/4/5 3958/4/5
f 3960/4/4 3962/4/4 3963/4/4 3961/4/4
f 3927/4/5 3928/4/5 3962/4/5 3960/4/5
f 3962/4/4 3964/4/4 3965/4/4 3963/4/4
f 3928/4/5 3929/4/5 3964/4/5 3962/4/5
f 3964/4/4 3966/4/4 3967/4/4 3965/4/4
f 3929/4/5 3930/4/5 3966/4/5 3964/4/5
f 3966/4/4 3968/4/4 3969/4/4 3967/4/4
f 3930/4/5 3931/4/5 3968/4/5 3966/4/5
f 3968/4/4 3970/4/4 3971/4/4 3969/4/4
f 3931/4/5 3932/4/5 3970/4/5 3968/4/5
f 3970/4/4 3972/4/4 3973/4/4 3971/4/4
f 3932/4/5 3933/4/5 3972/4/5 3970/4/5
f 3972/4/4 3974/4/4 3975/4/4 3973/4/4
f 3933/4/5 3934/4/5 3974/4/5 3972/4/5
f 3974/4/4 3976/4/4 3977/4/4 3975/4/4
f 3934/4/5 3935/4/5 3976/4/5 3974/4/5
f 3976/4/4 3978/4/4 3979/4/4 3977/4/4
f 3935/4/5 3936/4/5 3978/4/5 3976/4/5
f 3978/4/4 3980/4/4 3981/4/4 3979/4/4
f 3936/4/5 3937/4/5 3980/4/5 3978/4/5
f 3980/4/4 3462/4/4 3982/4/4 3981/4/4
f 3937/4/5 3458/4/5 3462/4/5 3980/4/5
f 3464/1/4 3463/1/4 3983/1/4 3984/1/4
f 3938/7/6 3983/7/6 3985/7/6 3939/7/6
f 3939/7/6 3985/7/6 3986/7/6 3940/7/6
f 3940/7/6 3986/7/6 3987/7/6 3941/7/6
f 3941/7/6 3987/7/6 3988/7/6 3942/7/6
f 3459/7/2 3943/7/2 3989/7/2 3465/7/2
f 3460/4/1 3466/4/1 3990/4/1 3944/4/1
f 3461/4/2 3947/4/2 3991/4/2 3467/4/2
f 3462/3/1 3469/3/1 3992/3/1 3982/3/1
f 3464/1/2 3984/1/2 3993/1/2 3470/1/2
f 3463/7/1 3471/7/1 3994/7/1 3983/7/1
f 3983/7/6 3994/7/6 3995/7/6 3985/7/6
f 3985/7/6 3995/7/6 3996/7/6 3986/7/6
f 3986/7/6 3996/7/6 3997/7/6 3987/7/6
f 3987/7/6 3997/7/6 3998/7/6 3988/7/6
f 3465/7/2 3989/7/2 3999/7/2 3474/7/2
f 3466/4/1 3475/4/1 4000/4/1 3990/4/1
f 3467/4/2 3991/4/2 4001/4/2 3476/4/2
f 3477/4/4 3476/4/4 4001/4/4 4002/4/4
f 3469/3/1 3479/3/1 4003/3/1 3992/3/1
f 3479/3/4 3480/3/4 4004/3/4 4003/3/4
f 3470/1/2 3993/1/2 4005/1/2 3481/1/2
f 3471/7/1 3482/7/1 4006/7/1 3994/7/1
f 3994/7/6 4006/7/6 4007/7/6 3995/7/6
f 3995/7/6 4007/7/6 4008/7/6 3996/7/6
f 3996/7/6 4008/7/6 4009/7/6 3997/7/6
f 3997/7/6 4009/7/6 4010/7/6 3998/7/6
f 3473/7/2 4011/7/2 4012/7/2 3483/7/2
f 3474/7/3 3999/7/3 4011/7/3 3473/7/3
f 3477/4/2 4002/4/2 4013/4/2 3485/4/2
f 3475/4/1 3486/4/1 4014/4/1 4000/4/1
f 3480/3/1 3487/3/1 4015/3/1 4004/3/1
f 3481/1/3 4005/1/3 4006/1/3 3482/1/3
f 3483/1/2 4012/1/2 4016/1/2 3494/1/2
f 3484/1/5 3483/1/5 3494/1/5 3488/1/5
f 3485/4/2 4013/4/2 4017/4/2 3489/4/2
f 3486/4/1 3490/4/1 4018/4/1 4014/4/1
f 3490/4/4 3489/4/4 4017/4/4 4018/4/4
f 3487/3/1 3493/3/1 4019/3/1 4015/3/1
f 3499/3/4 3502/3/4 4020/3/4 4021/3/4
f 3494/1/2 4016/1/2 4022/1/2 3495/1/2
f 3491/2/1 3497/2/1 4023/2/1 4024/2/1
f 3491/2/3 4024/2/3 4019/2/3 3493/2/3
f 4024/2/6 4023/2/6 4025/2/6 4019/2/6
f 3499/3/2 4021/3/2 4026/3/2 3500/3/2
f 3502/1/1 3501/1/1 4027/1/1 4020/1/1
f 3515/1/4 3516/1/4 4028/1/4 4029/1/4
f 3495/1/2 4022/1/2 4030/1/2 3503/1/2
f 3522/1/4 3503/1/4 4030/1/4 4031/1/4
f 3497/3/1 4032/3/1 4033/3/1 4023/3/1
f 4032/3/4 3504/3/4 4034/3/4 4033/3/4
f 3497/3/5 3498/3/5 3504/3/5 4032/3/5
f 3504/3/4 3505/3/4 4035/3/4 4034/3/4
f 3500/3/2 4026/3/2 4036/3/2 3506/3/2
f 3505/3/4 3506/3/4 4036/3/4 4035/3/4
f 4037/3/6 4035/3/6 4036/3/6 4026/3/6
f 3501/1/1 3507/1/1 4038/1/1 4027/1/1
f 3507/1/4 3508/1/4 4039/1/4 4038/1/4
f 3508/1/4 3509/1/4 4040/1/4 4039/1/4
f 3515/1/2 4029/1/2 4041/1/2 3512/1/2
f 3513/1/4 3512/1/4 4041/1/4 4042/1/4
f 3516/1/1 3514/1/1 4043/1/1 4028/1/1
f 3514/1/4 3517/1/4 4044/1/4 4043/1/4
f 3517/1/4 3518/1/4 4045/1/4 4044/1/4
f 3518/1/4 3529/1/4 4046/1/4 4045/1/4
f 3522/1/2 4031/1/2 4047/1/2 3521/1/2
f 3509/1/1 3524/1/1 4048/1/1 4040/1/1
f 3524/1/4 3523/1/4 4049/1/4 4048/1/4
f 3511/1/5 3510/1/5 3526/1/5 3523/1/5
f 3513/1/2 4042/1/2 4050/1/2 3525/1/2
f 3526/1/4 3525/1/4 4050/1/4 4051/1/4
f 4052/1/6 4051/1/6 4050/1/6 4042/1/6
f 3529/1/1 3528/1/1 4053/1/1 4046/1/1
f 3528/1/4 3530/1/4 4054/1/4 4053/1/4
f 3533/1/4 3532/1/4 4055/1/4 4056/1/4
f 3521/1/2 4047/1/2 4057/1/2 3534/1/2
f 3532/1/4 3534/1/4 4057/1/4 4055/1/4
f 3526/1/2 4051/1/2 4058/1/2 4059/1/2
f 3523/1/1 4060/1/1 4061/1/1 4049/1/1
f 4060/1/4 4059/1/4 4058/1/4 4061/1/4
f 3523/1/5 3526/1/5 4059/1/5 4060/1/5
f 3533/1/2 4056/1/2 4062/1/2 3536/1/2
f 3530/1/1 3537/1/1 4063/1/1 4054/1/1
f 3537/1/4 3536/1/4 4062/1/4 4063/1/4
f 4054/1/6 4063/1/6 4062/1/6 4056/1/6
f 3543/3/1 3542/3/1 4064/3/1 4065/3/1
f 3543/3/3 4065/3/3 4066/3/3 3544/3/3
f 3544/2/3 4066/2/3 4067/2/3 3545/2/3
f 4068/1/2 4069/1/2 4070/1/2 3566/1/2
f 3545/1/3 4067/1/3 4069/1/3 4068/1/3
f 3545/1/5 4068/1/5 3566/1/5 3546/1/5
f 3550/1/2 4071/1/2 4072/1/2 3552/1/2
f 3549/1/1 3548/1/1 4073/1/1 4074/1/1
f 3549/1/3 4074/1/3 4071/1/3 3550/1/3
f 4074/1/6 4073/1/6 4072/1/6 4071/1/6
f 3554/1/1 3555/1/1 4075/1/1 4076/1/1
f 3554/1/3 4076/1/3 4077/1/3 3556/1/3
f 3557/1/2 4078/1/2 4079/1/2 3558/1/2
f 3556/1/3 4077/1/3 4078/1/3 3557/1/3
f 4077/1/6 4080/1/6 4079/1/6 4078/1/6
f 3561/1/1 3560/1/1 4081/1/1 4082/1/1
f 3561/1/3 4082/1/3 4083/1/3 3562/1/3
f 3563/2/2 4084/2/2 4085/2/2 3564/2/2
f 3562/2/3 4083/2/3 4084/2/3 3563/2/3
f 4086/3/1 3580/3/1 4087/3/1 4088/3/1
f 4086/3/3 4088/3/3 4064/3/3 3542/3/3
f 4086/3/5 3542/3/5 3565/3/5 3580/3/5
f 3566/1/3 4070/1/3 4089/1/3 3567/1/3
f 3570/1/2 4090/1/2 4091/1/2 3569/1/2
f 3567/1/3 4089/1/3 4090/1/3 3570/1/3
f 3567/1/5 3570/1/5 3569/1/5 3568/1/5
f 3548/1/1 3573/1/1 4092/1/1 4073/1/1
f 4073/1/6 4092/1/6 4093/1/6 4072/1/6
f 3552/1/3 4072/1/3 4094/1/3 3553/1/3
f 3553/1/3 4094/1/3 4075/1/3 3555/1/3
f 3558/1/3 4079/1/3 4081/1/3 3560/1/3
f 3574/1/2 4095/1/2 4096/1/2 3577/1/2
f 3564/1/3 4085/1/3 4095/1/3 3574/1/3
f 3580/3/1 3581/3/1 4097/3/1 4087/3/1
f 3569/1/3 4091/1/3 4098/1/3 3572/1/3
f 3572/1/3 4098/1/3 4092/1/3 3573/1/3
f 4098/1/6 4099/1/6 4100/1/6 4092/1/6
f 3576/1/2 4101/1/2 4102/1/2 3582/1/2
f 3577/1/3 4096/1/3 4101/1/3 3576/1/3
f 3581/3/1 3584/3/1 4103/3/1 4097/3/1
f 3582/1/2 4102/1/2 4104/1/2 3593/1/2
f 3585/1/4 3593/1/4 4104/1/4 4105/1/4
f 3583/1/5 3582/1/5 3593/1/5 3585/1/5
f 3584/3/1 3590/3/1 4106/3/1 4103/3/1
f 3585/1/2 4105/1/2 4107/1/2 3591/1/2
f 3588/3/1 4108/3/1 4109/3/1 4110/3/1
f 3588/3/3 4110/3/3 4106/3/3 3590/3/3
f 4108/3/4 3595/3/4 4111/3/4 4109/3/4
f 3588/3/5 3590/3/5 3595/3/5 4108/3/5
f 3591/1/2 4107/1/2 4112/1/2 3599/1/2
f 4113/1/6 4114/1/6 4112/1/6 4107/1/6
f 3592/1/5 3591/1/5 3599/1/5 3596/1/5
f 3595/3/1 3597/3/1 4115/3/1 4111/3/1
f 3599/7/2 4112/7/2 4116/7/2 3600/7/2
f 4114/7/6 4117/7/6 4116/7/6 4112/7/6
f 3602/3/1 3601/3/1 4118/3/1 4119/3/1
f 3602/3/3 4119/3/3 4115/3/3 3597/3/3
f 4119/3/6 4118/3/6 4120/3/6 4115/3/6
f 3600/7/2 4116/7/2 4121/7/2 3603/7/2
f 3601/3/1 3604/3/1 4122/3/1 4118/3/1
f 3603/7/2 4121/7/2 4123/7/2 3605/7/2
f 3604/3/1 3606/3/1 4124/3/1 4122/3/1
f 3609/1/4 3612/1/4 4125/1/4 4126/1/4
f 3612/1/4 3614/1/4 4127/1/4 4125/1/4
f 3614/1/4 3616/1/4 4128/1/4 4127/1/4
f 4129/7/2 4130/7/2 4131/7/2 3617/7/2
f 3605/7/3 4123/7/3 4130/7/3 4129/7/3
f 3605/7/5 4129/7/5 3617/7/5 3607/7/5
f 3606/3/1 3608/3/1 4132/3/1 4124/3/1
f 4133/1/6 4134/1/6 4135/1/6 4136/1/6
f 3609/1/2 4126/1/2 4137/1/2 3610/1/2
f 3616/7/1 3615/7/1 4138/7/1 4128/7/1
f 3617/7/2 4131/7/2 4139/7/2 3618/7/2
f 3620/4/2 4140/4/2 4141/4/2 3621/4/2
f 3623/4/1 3622/4/1 4142/4/1 4143/4/1
f 3623/4/3 4143/4/3 4140/4/3 3620/4/3
f 3608/3/1 3624/3/1 4144/3/1 4132/3/1
f 4134/1/6 4145/1/6 4146/1/6 4135/1/6
f 3610/1/3 4137/1/3 4147/1/3 3611/1/3
f 3611/1/3 4147/1/3 4148/1/3 3613/1/3
f 3613/1/3 4148/1/3 4138/1/3 3615/1/3
f 3618/7/2 4139/7/2 4149/7/2 3626/7/2
f 3622/4/1 3628/4/1 4150/4/1 4142/4/1
f 3629/4/2 4151/4/2 4152/4/2 3630/4/2
f 3621/4/3 4141/4/3 4151/4/3 3629/4/3
f 3624/3/1 3692/3/1 4153/3/1 4144/3/1
f 3624/3/5 3625/3/5 3631/3/5 3692/3/5
f 3626/7/2 4149/7/2 4154/7/2 3632/7/2
f 3695/7/4 3632/7/4 4154/7/4 4155/7/4
f 4156/7/6 4155/7/6 4154/7/6 4149/7/6
f 3628/4/1 3634/4/1 4157/4/1 4150/4/1
f 3630/4/3 4152/4/3 4158/4/3 3635/4/3
f 3635/4/3 4158/4/3 4159/4/3 3638/4/3
f 3638/4/3 4159/4/3 4160/4/3 3641/4/3
f 3641/4/3 4160/4/3 4161/4/3 3644/4/3
f 3644/4/3 4161/4/3 4162/4/3 3647/4/3
f 3647/4/3 4162/4/3 4163/4/3 3650/4/3
f 3650/4/3 4163/4/3 4164/4/3 3653/4/3
f 3653/4/3 4164/4/3 4165/4/3 3656/4/3
f 3656/4/3 4165/4/3 4166/4/3 3659/4/3
f 3659/4/3 4166/4/3 4167/4/3 3662/4/3
f 3662/4/3 4167/4/3 4168/4/3 3665/4/3
f 3665/4/3 4168/4/3 4169/4/3 3668/4/3
f 3668/4/3 4169/4/3 4170/4/3 3671/4/3
f 3671/4/3 4170/4/3 4171/4/3 3674/4/3
f 3674/4/3 4171/4/3 4172/4/3 3677/4/3
f 3677/4/3 4172/4/3 4173/4/3 3680/4/3
f 3680/4/3 4173/4/3 4174/4/3 3683/4/3
f 3687/4/2 4175/4/2 4176/4/2 3688/4/2
f 3683/4/3 4174/4/3 4175/4/3 3687/4/3
f 3692/3/1 3691/3/1 4177/3/1 4153/3/1
f 3695/7/2 4155/7/2 4178/7/2 3694/7/2
f 3634/4/1 3696/4/1 4179/4/1 4157/4/1
f 3688/4/3 4176/4/3 4177/4/3 3691/4/3
f 3694/7/2 4178/7/2 4180/7/2 3718/7/2
f 4181/7/6 4182/7/6 4180/7/6 4178/7/6
f 3696/4/1 3719/4/1 4183/4/1 4179/4/1
f 3710/4/5 3709/4/5 4184/4/5 3730/4/5
f 3709/4/5 3712/4/5 3733/4/5 4184/4/5
f 3718/7/2 4180/7/2 4185/7/2 3739/7/2
f 3719/4/1 3740/4/1 4186/4/1 4183/4/1
f 3730/4/5 4184/4/5 3774/4/5 3751/4/5
f 4184/4/5 3733/4/5 3754/4/5 3774/4/5
f 3739/7/2 4185/7/2 4187/7/2 3762/7/2
f 3740/4/1 3763/4/1 4188/4/1 4186/4/1
f 3759/4/5 3758/4/5 3781/4/5 3778/4/5
f 3785/7/2 4189/7/2 4190/7/2 3786/7/2
f 3762/7/3 4187/7/3 4189/7/3 3785/7/3
f 3788/7/4 3786/7/4 4190/7/4 4191/7/4
f 4187/7/6 4191/7/6 4190/7/6 4189/7/6
f 3763/4/1 3789/4/1 4192/4/1 4188/4/1
f 3788/7/2 4191/7/2 4193/7/2 3805/7/2
f 3789/4/1 3806/4/1 4194/4/1 4192/4/1
f 4195/1/6 4196/1/6 4197/1/6 4198/1/6
f 3805/7/2 4193/7/2 4199/7/2 3822/7/2
f 3806/4/1 3823/4/1 4200/4/1 4194/4/1
f 4196/1/6 4201/1/6 4202/1/6 4197/1/6
f 3856/1/4 3859/1/4 4203/1/4 4202/1/4
f 3859/1/4 3861/1/4 4204/1/4 4203/1/4
f 3861/1/4 3863/1/4 4205/1/4 4204/1/4
f 3863/1/4 3865/1/4 4206/1/4 4205/1/4
f 3822/7/2 4199/7/2 4207/7/2 3839/7/2
f 3823/4/1 3840/4/1 4208/4/1 4200/4/1
f 3856/1/2 4202/1/2 4209/1/2 3857/1/2
f 4201/1/6 4210/1/6 4209/1/6 4202/1/6
f 3865/7/1 3864/7/1 4211/7/1 4206/7/1
f 3867/7/2 4212/7/2 4213/7/2 3868/7/2
f 3839/7/3 4207/7/3 4212/7/3 3867/7/3
f 3840/4/1 3870/4/1 4214/4/1 4208/4/1
f 3857/1/2 4209/1/2 4215/1/2 3886/1/2
f 4210/1/6 4216/1/6 4215/1/6 4209/1/6
f 3864/7/1 3890/7/1 4217/7/1 4211/7/1
f 3868/7/2 4213/7/2 4218/7/2 3891/7/2
f 3893/7/4 3891/7/4 4218/7/4 4219/7/4
f 3870/4/1 3894/4/1 4220/4/1 4214/4/1
f 3886/1/2 4215/1/2 4221/1/2 3913/1/2
f 4216/1/6 4222/1/6 4221/1/6 4215/1/6
f 3890/7/1 3917/7/1 4223/7/1 4217/7/1
f 3893/7/2 4219/7/2 4224/7/2 3918/7/2
f 3894/4/1 3919/4/1 4225/4/1 4220/4/1
f 3913/1/2 4221/1/2 4226/1/2 3938/1/2
f 4222/1/6 4227/1/6 4226/1/6 4221/1/6
f 3917/7/1 3942/7/1 4228/7/1 4223/7/1
f 4229/7/2 4230/7/2 4231/7/2 4232/7/2
f 3918/7/3 4224/7/3 4230/7/3 4229/7/3
f 3943/7/4 4232/7/4 4231/7/4 4233/7/4
f 4224/7/6 4233/7/6 4231/7/6 4230/7/6
f 3918/7/5 4229/7/5 4232/7/5 3943/7/5
f 3919/4/1 3944/4/1 4234/4/1 4225/4/1
f 3947/4/4 3946/4/4 4235/4/4 4236/4/4
f 3946/4/4 3949/4/4 4237/4/4 4235/4/4
f 3949/4/4 3951/4/4 4238/4/4 4237/4/4
f 3951/6/4 3953/6/4 4239/6/4 4238/6/4
f 3953/6/4 3955/6/4 4240/6/4 4239/6/4
f 3955/6/4 3957/6/4 4241/6/4 4240/6/4
f 3957/6/4 3959/6/4 4242/6/4 4241/6/4
f 3959/6/4 3961/6/4 4243/6/4 4242/6/4
f 3961/4/4 3963/4/4 4244/4/4 4243/4/4
f 3963/4/4 3965/4/4 4245/4/4 4244/4/4
f 3965/4/4 3967/4/4 4246/4/4 4245/4/4
f 3967/4/4 3969/4/4 4247/4/4 4246/4/4
f 4248/4/6 4246/4/6 4247/4/6 4249/4/6
f 3969/4/4 3971/4/4 4250/4/4 4247/4/4
f 4249/4/6 4247/4/6 4250/4/6 4251/4/6
f 3971/4/4 3973/4/4 4252/4/4 4250/4/4
f 3973/4/4 3975/4/4 4253/4/4 4252/4/4
f 3975/4/4 3977/4/4 4254/4/4 4253/4/4
f 3977/4/4 3979/4/4 4255/4/4 4254/4/4
f 3979/4/4 3981/4/4 4256/4/4 4255/4/4
f 3981/4/4 3982/4/4 4257/4/4 4256/4/4
f 3938/1/2 4226/1/2 4258/1/2 3983/1/2
f 3984/1/4 3983/1/4 4258/1/4 4259/1/4
f 4227/1/6 4259/1/6 4258/1/6 4226/1/6
f 3942/7/1 3988/7/1 4260/7/1 4228/7/1
f 3943/7/2 4233/7/2 4261/7/2 3989/7/2
f 3944/4/1 3990/4/1 4262/4/1 4234/4/1
f 3947/4/2 4236/4/2 4263/4/2 3991/4/2
f 3982/3/1 3992/3/1 4264/3/1 4257/3/1
f 3984/1/2 4259/1/2 4265/1/2 3993/1/2
f 3988/7/1 3998/7/1 4266/7/1 4260/7/1
f 3989/7/2 4261/7/2 4267/7/2 3999/7/2
f 3990/4/1 4000/4/1 4268/4/1 4262/4/1
f 3991/4/2 4263/4/2 4269/4/2 4001/4/2
f 4002/4/4 4001/4/4 4269/4/4 4270/4/4
f 3992/3/1 4003/3/1 4271/3/1 4264/3/1
f 3993/1/2 4265/1/2 4272/1/2 4005/1/2
f 3998/7/1 4010/7/1 4273/7/1 4266/7/1
f 4011/7/2 4274/7/2 4275/7/2 4012/7/2
f 3999/7/3 4267/7/3 4274/7/3 4011/7/3
f 4267/7/6 4276/7/6 4275/7/6 4274/7/6
f 4002/4/2 4270/4/2 4277/4/2 4013/4/2
f 4000/4/1 4014/4/1 4278/4/1 4268/4/1
f 4003/3/1 4279/3/1 4280/3/1 4271/3/1
f 4279/3/4 4015/3/4 4281/3/4 4280/3/4
f 4003/3/5 4004/3/5 4015/3/5 4279/3/5
f 4005/1/3 4272/1/3 4282/1/3 4006/1/3
f 4006/1/3 4282/1/3 4283/1/3 4007/1/3
f 4007/1/3 4283/1/3 4284/1/3 4008/1/3
f 4008/1/3 4284/1/3 4285/1/3 4009/1/3
f 4009/1/3 4285/1/3 4273/1/3 4010/1/3
f 4012/1/2 4275/1/2 4286/1/2 4016/1/2
f 4013/4/2 4277/4/2 4287/4/2 4017/4/2
f 4014/4/1 4018/4/1 4288/4/1 4278/4/1
f 4018/4/4 4017/4/4 4287/4/4 4288/4/4
f 4015/3/1 4019/3/1 4289/3/1 4281/3/1
f 4021/3/4 4020/3/4 4290/3/4 4291/3/4
f 4016/1/2 4286/1/2 4292/1/2 4022/1/2
f 4293/1/6 4294/1/6 4292/1/6 4286/1/6
f 4019/3/1 4025/3/1 4295/3/1 4289/3/1
f 4021/3/2 4291/3/2 4296/3/2 4026/3/2
f 4037/3/4 4026/3/4 4296/3/4 4297/3/4
f 4020/1/1 4027/1/1 4298/1/1 4290/1/1
f 4299/1/6 4300/1/6 4301/1/6 4294/1/6
f 4022/1/2 4292/1/2 4302/1/2 4030/1/2
f 4031/1/4 4030/1/4 4302/1/4 4301/1/4
f 4294/1/6 4301/1/6 4302/1/6 4292/1/6
f 4023/2/1 4033/2/1 4303/2/1 4304/2/1
f 4023/2/3 4304/2/3 4295/2/3 4025/2/3
f 4033/2/4 4034/2/4 4305/2/4 4303/2/4
f 4037/3/2 4297/3/2 4306/3/2 4035/3/2
f 4027/1/1 4038/1/1 4307/1/1 4298/1/1
f 4038/1/4 4039/1/4 4308/1/4 4307/1/4
f 4298/1/6 4307/1/6 4308/1/6 4309/1/6
f 4052/1/4 4042/1/4 4310/1/4 4311/1/4
f 4029/1/5 4028/1/5 4043/1/5 4041/1/5
f 4043/1/4 4044/1/4 4312/1/4 4313/1/4
f 4031/1/2 4301/1/2 4314/1/2 4047/1/2
f 4035/2/2 4306/2/2 4315/2/2 4316/2/2
f 4034/2/1 4317/2/1 4318/2/1 4305/2/1
f 4317/2/4 4316/2/4 4315/2/4 4318/2/4
f 4034/2/5 4035/2/5 4316/2/5 4317/2/5
f 4039/1/1 4319/1/1 4320/1/1 4308/1/1
f 4319/1/4 4048/1/4 4321/1/4 4320/1/4
f 4039/1/5 4040/1/5 4048/1/5 4319/1/5
f 4048/1/4 4049/1/4 4322/1/4 4321/1/4
f 4052/1/2 4311/1/2 4323/1/2 4051/1/2
f 4042/1/1 4050/1/1 4324/1/1 4310/1/1
f 4050/1/4 4325/1/4 4326/1/4 4324/1/4
f 4042/1/5 4041/1/5 4325/1/5 4050/1/5
f 4043/1/2 4313/1/2 4327/1/2 4328/1/2
f 4041/1/5 4043/1/5 4328/1/5 4325/1/5
f 4044/1/1 4329/1/1 4330/1/1 4312/1/1
f 4329/1/4 4331/1/4 4332/1/4 4330/1/4
f 4044/1/5 4045/1/5 4331/1/5 4329/1/5
f 4331/1/4 4053/1/4 4333/1/4 4332/1/4
f 4045/1/5 4046/1/5 4053/1/5 4331/1/5
f 4053/1/4 4054/1/4 4334/1/4 4333/1/4
f 4054/1/4 4056/1/4 4335/1/4 4334/1/4
f 4336/1/2 4337/1/2 4338/1/2 4339/1/2
f 4047/1/3 4314/1/3 4337/1/3 4336/1/3
f 4057/1/4 4339/1/4 4338/1/4 4340/1/4
f 4047/1/5 4336/1/5 4339/1/5 4057/1/5
f 4317/1/2 4318/1/2 4341/1/2 4342/1/2
f 4343/1/1 4344/1/1 4345/1/1 4346/1/1
f 4343/1/3 4346/1/3 4318/1/3 4317/1/3
f 4344/1/4 4342/1/4 4341/1/4 4345/1/4
f 4346/1/6 4345/1/6 4341/1/6 4318/1/6
f 4343/1/5 4317/1/5 4342/1/5 4344/1/5
f 4051/1/2 4323/1/2 4347/1/2 4058/1/2
f 4049/1/1 4061/1/1 4348/1/1 4322/1/1
f 4061/1/4 4058/1/4 4347/1/4 4348/1/4
f 4325/1/1 4349/1/1 4350/1/1 4326/1/1
f 4349/1/4 4351/1/4 4352/1/4 4350/1/4
f 4326/1/6 4350/1/6 4352/1/6 4327/1/6
f 4325/1/5 4328/1/5 4351/1/5 4349/1/5
f 4329/1/2 4330/1/2 4353/1/2 4354/1/2
f 4328/1/3 4327/1/3 4330/1/3 4329/1/3
f 4351/1/4 4354/1/4 4353/1/4 4352/1/4
f 4328/1/5 4329/1/5 4354/1/5 4351/1/5
f 4056/1/1 4062/1/1 4355/1/1 4335/1/1
f 4062/1/4 4356/1/4 4357/1/4 4355/1/4
f 4056/1/5 4055/1/5 4356/1/5 4062/1/5
f 4057/1/2 4340/1/2 4358/1/2 4359/1/2
f 4356/1/4 4359/1/4 4358/1/4 4357/1/4
f 4055/1/5 4057/1/5 4359/1/5 4356/1/5
f 4360/3/1 4088/3/1 4361/3/1 4362/3/1
f 4360/3/3 4362/3/3 4363/3/3 4065/3/3
f 4360/3/5 4065/3/5 4064/3/5 4088/3/5
f 4065/3/3 4363/3/3 4364/3/3 4066/3/3
f 4066/2/3 4364/2/3 4365/2/3 4067/2/3
f 4069/2/2 4366/2/2 4367/2/2 4070/2/2
f 4067/2/3 4365/2/3 4366/2/3 4069/2/3
f 4077/1/2 4368/1/2 4369/1/2 4080/1/2
f 4076/1/1 4075/1/1 4370/1/1 4371/1/1
f 4076/1/3 4371/1/3 4368/1/3 4077/1/3
f 4371/1/6 4370/1/6 4369/1/6 4368/1/6
f 4078/1/1 4079/1/1 4372/1/1 4373/1/1
f 4078/1/3 4373/1/3 4374/1/3 4082/1/3
f 4078/1/5 4082/1/5 4081/1/5 4079/1/5
f 4082/1/3 4374/1/3 4375/1/3 4083/1/3
f 4084/2/2 4376/2/2 4377/2/2 4085/2/2
f 4083/2/3 4375/2/3 4376/2/3 4084/2/3
f 4375/2/6 4378/2/6 4377/2/6 4376/2/6
f 4088/3/1 4087/3/1 4379/3/1 4361/3/1
f 4070/1/3 4367/1/3 4380/1/3 4089/1/3
f 4090/1/2 4381/1/2 4382/1/2 4091/1/2
f 4089/1/3 4380/1/3 4381/1/3 4090/1/3
f 4072/1/1 4093/1/1 4383/1/1 4384/1/1
f 4072/1/3 4384/1/3 4385/1/3 4094/1/3
f 4384/1/6 4383/1/6 4386/1/6 4385/1/6
f 4094/1/3 4385/1/3 4370/1/3 4075/1/3
f 4370/1/6 4387/1/6 4388/1/6 4369/1/6
f 4080/1/3 4369/1/3 4372/1/3 4079/1/3
f 4095/1/2 4389/1/2 4390/1/2 4096/1/2
f 4085/1/3 4377/1/3 4389/1/3 4095/1/3
f 4087/3/1 4097/3/1 4391/3/1 4379/3/1
f 4098/1/2 4392/1/2 4393/1/2 4099/1/2
f 4091/1/3 4382/1/3 4392/1/3 4098/1/3
f 4092/1/1 4100/1/1 4394/1/1 4395/1/1
f 4092/1/3 4395/1/3 4383/1/3 4093/1/3
f 4101/1/2 4396/1/2 4397/1/2 4102/1/2
f 4096/1/3 4390/1/3 4396/1/3 4101/1/3
f 4097/3/1 4103/3/1 4398/3/1 4391/3/1
f 4099/1/3 4393/1/3 4394/1/3 4100/1/3
f 4102/1/2 4397/1/2 4399/1/2 4104/1/2
f 4105/1/4 4104/1/4 4399/1/4 4400/1/4
f 4401/1/6 4400/1/6 4399/1/6 4397/1/6
f 4103/3/1 4106/3/1 4402/3/1 4398/3/1
f 4105/1/2 4400/1/2 4403/1/2 4107/1/2
f 4113/1/4 4107/1/4 4403/1/4 4404/1/4
f 4405/1/6 4404/1/6 4403/1/6 4400/1/6
f 4110/2/1 4109/2/1 4406/2/1 4407/2/1
f 4110/2/3 4407/2/3 4402/2/3 4106/2/3
f 4109/2/4 4111/2/4 4408/2/4 4406/2/4
f 4407/2/6 4406/2/6 4408/2/6 4402/2/6
f 4113/1/2 4404/1/2 4409/1/2 4114/1/2
f 4111/3/1 4115/3/1 4410/3/1 4408/3/1
f 4114/7/2 4409/7/2 4411/7/2 4117/7/2
f 4115/3/1 4120/3/1 4412/3/1 4410/3/1
f 4117/7/3 4411/7/3 4413/7/3 4116/7/3
f 4414/7/2 4415/7/2 4416/7/2 4417/7/2
f 4116/7/3 4413/7/3 4415/7/3 4414/7/3
f 4116/7/5 4414/7/5 4417/7/5 4121/7/5
f 4118/3/1 4122/3/1 4418/3/1 4419/3/1
f 4118/3/3 4419/3/3 4412/3/3 4120/3/3
f 4417/7/2 4416/7/2 4420/7/2 4130/7/2
f 4121/7/5 4417/7/5 4130/7/5 4123/7/5
f 4122/3/1 4124/3/1 4421/3/1 4418/3/1
f 4133/1/4 4136/1/4 4422/1/4 4423/1/4
f 4126/1/4 4125/1/4 4424/1/4 4425/1/4
f 4125/1/4 4127/1/4 4426/1/4 4424/1/4
f 4127/1/4 4128/1/4 4427/1/4 4426/1/4
f 4130/7/2 4420/7/2 4428/7/2 4131/7/2
f 4124/3/1 4132/3/1 4429/3/1 4421/3/1
f 4133/1/2 4423/1/2 4430/1/2 4134/1/2
f 4126/1/2 4425/1/2 4431/1/2 4137/1/2
f 4136/1/1 4135/1/1 4432/1/1 4422/1/1
f 4128/7/1 4138/7/1 4433/7/1 4427/7/1
f 4131/7/2 4428/7/2 4434/7/2 4139/7/2
f 4435/7/6 4436/7/6 4434/7/6 4428/7/6
f 4140/4/2 4437/4/2 4438/4/2 4141/4/2
f 4143/4/1 4142/4/1 4439/4/1 4440/4/1
f 4143/4/3 4440/4/3 4437/4/3 4140/4/3
f 4132/3/1 4144/3/1 4441/3/1 4429/3/1
f 4134/1/2 4430/1/2 4442/1/2 4145/1/2
f 4135/1/1 4146/1/1 4443/1/1 4432/1/1
f 4137/1/3 4431/1/3 4444/1/3 4147/1/3
f 4147/1/3 4444/1/3 4445/1/3 4148/1/3
f 4148/1/3 4445/1/3 4433/1/3 4138/1/3
f 4139/7/2 4434/7/2 4446/7/2 4149/7/2
f 4156/7/4 4149/7/4 4446/7/4 4447/7/4
f 4436/7/6 4447/7/6 4446/7/6 4434/7/6
f 4142/4/1 4150/4/1 4448/4/1 4439/4/1
f 4151/4/2 4449/4/2 4450/4/2 4152/4/2
f 4141/4/3 4438/4/3 4449/4/3 4151/4/3
f 4144/3/1 4153/3/1 4451/3/1 4441/3/1
f 4145/1/3 4442/1/3 4443/1/3 4146/1/3
f 4156/7/2 4447/7/2 4452/7/2 4155/7/2
f 4150/4/1 4157/4/1 4453/4/1 4448/4/1
f 4152/4/3 4450/4/3 4454/4/3 4158/4/3
f 4158/4/3 4454/4/3 4455/4/3 4159/4/3
f 4159/4/3 4455/4/3 4456/4/3 4160/4/3
f 4160/4/3 4456/4/3 4457/4/3 4161/4/3
f 4161/4/3 4457/4/3 4458/4/3 4162/4/3
f 4162/4/3 4458/4/3 4459/4/3 4163/4/3
f 4163/4/3 4459/4/3 4460/4/3 4164/4/3
f 4164/4/3 4460/4/3 4461/4/3 4165/4/3
f 4165/4/3 4461/4/3 4462/4/3 4166/4/3
f 4166/4/3 4462/4/3 4463/4/3 4167/4/3
f 4167/4/3 4463/4/3 4464/4/3 4168/4/3
f 4168/4/3 4464/4/3 4465/4/3 4169/4/3
f 4169/4/3 4465/4/3 4466/4/3 4170/4/3
f 4170/4/3 4466/4/3 4467/4/3 4171/4/3
f 4171/4/3 4467/4/3 4468/4/3 4172/4/3
f 4172/4/3 4468/4/3 4469/4/3 4173/4/3
f 4173/4/3 4469/4/3 4470/4/3 4174/4/3
f 4175/4/2 4471/4/2 4472/4/2 4176/4/2
f 4174/4/3 4470/4/3 4471/4/3 4175/4/3
f 4153/3/1 4177/3/1 4473/3/1 4451/3/1
f 4155/7/2 4452/7/2 4474/7/2 4178/7/2
f 4181/7/4 4178/7/4 4474/7/4 4475/7/4
f 4157/4/1 4179/4/1 4476/4/1 4453/4/1
f 4176/4/3 4472/4/3 4473/4/3 4177/4/3
f 4181/7/2 4475/7/2 4477/7/2 4182/7/2
f 4179/4/1 4183/4/1 4478/4/1 4476/4/1
f 4180/7/2 4479/7/2 4480/7/2 4185/7/2
f 4182/7/3 4477/7/3 4479/7/3 4180/7/3
f 4183/4/1 4186/4/1 4481/4/1 4478/4/1
f 4185/7/2 4480/7/2 4482/7/2 4187/7/2
f 4186/4/1 4188/4/1 4483/4/1 4481/4/1
f 4187/7/2 4482/7/2 4484/7/2 4191/7/2
f 4188/4/1 4192/4/1 4485/4/1 4483/4/1
f 4195/1/4 4198/1/4 4486/1/4 4487/1/4
f 4191/7/2 4484/7/2 4488/7/2 4193/7/2
f 4192/4/1 4194/4/1 4489/4/1 4485/4/1
f 4195/1/2 4487/1/2 4490/1/2 4196/1/2
f 4198/1/1 4197/1/1 4491/1/1 4486/1/1
f 4193/7/2 4488/7/2 4492/7/2 4199/7/2
f 4194/4/1 4200/4/1 4493/4/1 4489/4/1
f 4196/1/2 4490/1/2 4494/1/2 4201/1/2
f 4197/1/1 4202/1/1 4495/1/1 4491/1/1
f 4202/1/4 4203/1/4 4496/1/4 4495/1/4
f 4203/1/4 4204/1/4 4497/1/4 4496/1/4
f 4204/1/4 4205/1/4 4498/1/4 4497/1/4
f 4205/1/4 4206/1/4 4499/1/4 4498/1/4
f 4500/7/2 4501/7/2 4502/7/2 4212/7/2
f 4199/7/3 4492/7/3 4501/7/3 4500/7/3
f 4199/7/5 4500/7/5 4212/7/5 4207/7/5
f 4200/4/1 4208/4/1 4503/4/1 4493/4/1
f 4201/1/2 4494/1/2 4504/1/2 4210/1/2
f 4206/7/1 4211/7/1 4505/7/1 4499/7/1
f 4212/7/2 4502/7/2 4506/7/2 4213/7/2
f 4208/4/1 4214/4/1 4507/4/1 4503/4/1
f 4210/1/2 4504/1/2 4508/1/2 4216/1/2
f 4211/7/1 4217/7/1 4509/7/1 4505/7/1
f 4213/7/2 4506/7/2 4510/7/2 4218/7/2
f 4219/7/4 4218/7/4 4510/7/4 4511/7/4
f 4214/4/1 4220/4/1 4512/4/1 4507/4/1
f 4216/1/2 4508/1/2 4513/1/2 4222/1/2
f 4217/7/1 4223/7/1 4514/7/1 4509/7/1
f 4219/7/2 4511/7/2 4515/7/2 4224/7/2
f 4220/4/1 4225/4/1 4516/4/1 4512/4/1
f 4248/8/4 4249/8/4 4517/8/4 4518/8/4
f 4249/8/4 4251/8/4 4519/8/4 4517/8/4
f 4222/1/2 4513/1/2 4520/1/2 4227/1/2
f 4223/7/1 4228/7/1 4521/7/1 4514/7/1
f 4224/7/2 4515/7/2 4522/7/2 4233/7/2
f 4225/4/1 4234/4/1 4523/4/1 4516/4/1
f 4236/4/4 4235/4/4 4524/4/4 4525/4/4
f 4235/4/4 4237/4/4 4526/4/4 4524/4/4
f 4237/4/4 4238/4/4 4527/4/4 4526/4/4
f 4238/4/4 4239/4/4 4528/4/4 4527/4/4
f 4239/4/4 4240/4/4 4529/4/4 4528/4/4
f 4240/4/4 4241/4/4 4530/4/4 4529/4/4
f 4241/4/4 4242/4/4 4531/4/4 4530/4/4
f 4242/6/4 4243/6/4 4532/6/4 4531/6/4
f 4243/6/4 4244/6/4 4533/6/4 4532/6/4
f 4244/4/4 4245/4/4 4534/4/4 4533/4/4
f 4248/4/2 4518/4/2 4535/4/2 4246/4/2
f 4245/4/4 4246/4/4 4535/4/4 4534/4/4
f 4251/4/1 4250/4/1 4536/4/1 4519/4/1
f 4250/4/4 4252/4/4 4537/4/4 4536/4/4
f 4252/4/4 4253/4/4 4538/4/4 4537/4/4
f 4253/4/4 4254/4/4 4539/4/4 4538/4/4
f 4254/4/4 4255/4/4 4540/4/4 4539/4/4
f 4255/4/4 4256/4/4 4541/4/4 4540/4/4
f 4256/4/4 4257/4/4 4542/4/4 4541/4/4
f 4227/1/2 4520/1/2 4543/1/2 4259/1/2
f 4228/7/1 4260/7/1 4544/7/1 4521/7/1
f 4233/7/2 4522/7/2 4545/7/2 4261/7/2
f 4234/4/1 4262/4/1 4546/4/1 4523/4/1
f 4236/4/2 4525/4/2 4547/4/2 4263/4/2
f 4257/3/1 4264/3/1 4548/3/1 4542/3/1
f 4259/1/2 4543/1/2 4549/1/2 4265/1/2
f 4260/7/1 4266/7/1 4550/7/1 4544/7/1
f 4261/7/2 4545/7/2 4551/7/2 4267/7/2
f 4262/4/1 4268/4/1 4552/4/1 4546/4/1
f 4263/4/2 4547/4/2 4553/4/2 4269/4/2
f 4270/4/4 4269/4/4 4553/4/4 4554/4/4
f 4264/3/1 4271/3/1 4555/3/1 4548/3/1
f 4265/1/2 4549/1/2 4556/1/2 4272/1/2
f 4266/7/1 4273/7/1 4557/7/1 4550/7/1
f 4267/7/2 4551/7/2 4558/7/2 4276/7/2
f 4270/4/2 4554/4/2 4559/4/2 4277/4/2
f 4268/4/1 4278/4/1 4560/4/1 4552/4/1
f 4271/3/1 4280/3/1 4561/3/1 4555/3/1
f 4272/1/3 4556/1/3 4562/1/3 4282/1/3
f 4282/1/3 4562/1/3 4563/1/3 4283/1/3
f 4283/1/3 4563/1/3 4564/1/3 4284/1/3
f 4284/1/3 4564/1/3 4565/1/3 4285/1/3
f 4285/1/3 4565/1/3 4557/1/3 4273/1/3
f 4275/1/2 4566/1/2 4567/1/2 4286/1/2
f 4276/1/3 4558/1/3 4566/1/3 4275/1/3
f 4293/1/4 4286/1/4 4567/1/4 4568/1/4
f 4277/4/2 4559/4/2 4569/4/2 4287/4/2
f 4278/4/1 4288/4/1 4570/4/1 4560/4/1
f 4288/4/4 4287/4/4 4569/4/4 4570/4/4
f 4280/3/1 4571/3/1 4572/3/1 4561/3/1
f 4571/3/4 4289/3/4 4573/3/4 4572/3/4
f 4280/3/5 4281/3/5 4289/3/5 4571/3/5
f 4293/1/2 4568/1/2 4574/1/2 4294/1/2
f 4299/1/4 4294/1/4 4574/1/4 4575/1/4
f 4289/3/1 4295/3/1 4576/3/1 4573/3/1
f 4291/3/5 4290/3/5 4298/3/5 4296/3/5
f 4298/1/4 4309/1/4 4577/1/4 4578/1/4
f 4299/1/2 4575/1/2 4579/1/2 4300/1/2
f 4304/2/1 4303/2/1 4580/2/1 4581/2/1
f 4304/2/3 4581/2/3 4576/2/3 4295/2/3
f 4581/2/6 4580/2/6 4582/2/6 4576/2/6
f 4297/3/5 4296/3/5 4583/3/5 4306/3/5
f 4298/3/2 4578/3/2 4584/3/2 4307/3/2
f 4583/3/4 4307/3/4 4584/3/4 4585/3/4
f 4296/3/5 4298/3/5 4307/3/5 4583/3/5
f 4309/1/1 4308/1/1 4586/1/1 4577/1/1
f 4301/1/2 4587/1/2 4588/1/2 4314/1/2
f 4300/1/3 4579/1/3 4587/1/3 4301/1/3
f 4303/2/1 4346/2/1 4589/2/1 4580/2/1
f 4346/2/4 4318/2/4 4590/2/4 4589/2/4
f 4303/2/5 4305/2/5 4318/2/5 4346/2/5
f 4318/2/4 4315/2/4 4591/2/4 4590/2/4
f 4583/3/2 4585/3/2 4592/3/2 4593/3/2
f 4315/3/4 4593/3/4 4592/3/4 4591/3/4
f 4306/3/5 4583/3/5 4593/3/5 4315/3/5
f 4308/1/1 4320/1/1 4594/1/1 4586/1/1
f 4586/1/6 4594/1/6 4595/1/6 4596/1/6
f 4321/1/4 4322/1/4 4597/1/4 4595/1/4
f 4323/1/4 4324/1/4 4598/1/4 4599/1/4
f 4311/1/5 4310/1/5 4324/1/5 4323/1/5
f 4324/1/4 4326/1/4 4600/1/4 4598/1/4
f 4326/1/4 4327/1/4 4601/1/4 4600/1/4
f 4313/1/5 4312/1/5 4330/1/5 4327/1/5
f 4330/2/4 4332/2/4 4602/2/4 4603/2/4
f 4604/2/6 4603/2/6 4602/2/6 4605/2/6
f 4332/1/4 4333/1/4 4606/1/4 4602/1/4
f 4334/1/4 4335/1/4 4607/1/4 4608/1/4
f 4337/1/2 4609/1/2 4610/1/2 4338/1/2
f 4314/1/3 4588/1/3 4609/1/3 4337/1/3
f 4340/1/4 4338/1/4 4610/1/4 4611/1/4
f 4321/1/2 4595/1/2 4612/1/2 4613/1/2
f 4320/1/1 4614/1/1 4615/1/1 4594/1/1
f 4614/1/4 4613/1/4 4612/1/4 4615/1/4
f 4320/1/5 4321/1/5 4613/1/5 4614/1/5
f 4323/1/2 4599/1/2 4616/1/2 4347/1/2
f 4322/1/1 4348/1/1 4617/1/1 4597/1/1
f 4348/1/4 4347/1/4 4616/1/4 4617/1/4
f 4330/1/2 4603/1/2 4618/1/2 4353/1/2
f 4327/1/1 4352/1/1 4619/1/1 4601/1/1
f 4352/1/4 4353/1/4 4618/1/4 4619/1/4
f 4334/1/2 4608/1/2 4620/1/2 4621/1/2
f 4333/1/1 4622/1/1 4623/1/1 4606/1/1
f 4622/1/4 4621/1/4 4620/1/4 4623/1/4
f 4333/1/5 4334/1/5 4621/1/5 4622/1/5
f 4335/1/1 4355/1/1 4624/1/1 4607/1/1
f 4355/1/4 4357/1/4 4625/1/4 4624/1/4
f 4607/1/6 4624/1/6 4625/1/6 4626/1/6
f 4340/2/2 4611/2/2 4627/2/2 4358/2/2
f 4357/2/4 4358/2/4 4627/2/4 4625/2/4
f 4626/2/6 4625/2/6 4627/2/6 4611/2/6
f 4362/3/1 4361/3/1 4628/3/1 4629/3/1
f 4362/3/3 4629/3/3 4630/3/3 4363/3/3
f 4363/3/3 4630/3/3 4631/3/3 4364/3/3
f 4364/3/3 4631/3/3 4632/3/3 4365/3/3
f 4366/2/2 4633/2/2 4634/2/2 4367/2/2
f 4365/2/3 4632/2/3 4633/2/3 4366/2/3
f 4635/1/2 4636/1/2 4637/1/2 4381/1/2
f 4638/1/1 4380/1/1 4639/1/1 4640/1/1
f 4638/1/3 4640/1/3 4636/1/3 4635/1/3
f 4638/1/5 4635/1/5 4381/1/5 4380/1/5
f 4373/1/1 4372/1/1 4641/1/1 4642/1/1
f 4373/1/3 4642/1/3 4643/1/3 4374/1/3
f 4642/1/6 4641/1/6 4644/1/6 4643/1/6
f 4375/1/2 4645/1/2 4646/1/2 4378/1/2
f 4374/1/3 4643/1/3 4645/1/3 4375/1/3
f 4361/3/1 4379/3/1 4647/3/1 4628/3/1
f 4367/2/3 4634/2/3 4639/2/3 4380/2/3
f 4648/1/2 4649/1/2 4650/1/2 4392/1/2
f 4381/1/3 4637/1/3 4649/1/3 4648/1/3
f 4381/1/5 4648/1/5 4392/1/5 4382/1/5
f 4370/1/2 4651/1/2 4652/1/2 4387/1/2
f 4385/1/1 4386/1/1 4653/1/1 4654/1/1
f 4385/1/3 4654/1/3 4651/1/3 4370/1/3
f 4654/1/6 4653/1/6 4652/1/6 4651/1/6
f 4369/1/1 4388/1/1 4655/1/1 4656/1/1
f 4369/1/3 4656/1/3 4641/1/3 4372/1/3
f 4378/1/3 4646/1/3 4657/1/3 4377/1/3
f 4377/1/3 4657/1/3 4658/1/3 4389/1/3
f 4659/1/2 4660/1/2 4661/1/2 4396/1/2
f 4389/1/3 4658/1/3 4660/1/3 4659/1/3
f 4389/1/5 4659/1/5 4396/1/5 4390/1/5
f 4379/3/1 4391/3/1 4662/3/1 4647/3/1
f 4392/1/3 4650/1/3 4663/1/3 4395/1/3
f 4392/1/5 4395/1/5 4394/1/5 4393/1/5
f 4395/1/3 4663/1/3 4664/1/3 4383/1/3
f 4383/1/3 4664/1/3 4653/1/3 4386/1/3
f 4387/1/3 4652/1/3 4655/1/3 4388/1/3
f 4652/1/6 4665/1/6 4666/1/6 4655/1/6
f 4655/1/6 4666/1/6 4667/1/6 4668/1/6
f 4396/1/2 4661/1/2 4669/1/2 4397/1/2
f 4401/1/4 4397/1/4 4669/1/4 4670/1/4
f 4671/1/6 4670/1/6 4669/1/6 4661/1/6
f 4391/3/1 4398/3/1 4672/3/1 4662/3/1
f 4401/1/2 4670/1/2 4673/1/2 4400/1/2
f 4405/1/4 4400/1/4 4673/1/4 4674/1/4
f 4398/3/1 4402/3/1 4675/3/1 4672/3/1
f 4405/1/2 4674/1/2 4676/1/2 4404/1/2
f 4402/3/1 4408/3/1 4677/3/1 4675/3/1
f 4403/1/2 4678/1/2 4679/1/2 4680/1/2
f 4404/1/3 4676/1/3 4678/1/3 4403/1/3
f 4404/1/5 4403/1/5 4680/1/5 4409/1/5
f 4408/3/1 4410/3/1 4681/3/1 4677/3/1
f 4680/7/2 4679/7/2 4682/7/2 4413/7/2
f 4409/7/5 4680/7/5 4413/7/5 4411/7/5
f 4410/2/1 4412/2/1 4683/2/1 4681/2/1
f 4415/7/2 4684/7/2 4685/7/2 4416/7/2
f 4413/7/3 4682/7/3 4684/7/3 4415/7/3
f 4419/3/1 4418/3/1 4686/3/1 4687/3/1
f 4419/3/3 4687/3/3 4683/3/3 4412/3/3
f 4687/3/6 4686/3/6 4688/3/6 4683/3/6
f 4416/7/2 4685/7/2 4689/7/2 4420/7/2
f 4418/3/1 4421/3/1 4690/3/1 4686/3/1
f 4423/1/4 4422/1/4 4691/1/4 4692/1/4
f 4425/1/4 4424/1/4 4693/1/4 4694/1/4
f 4424/1/4 4426/1/4 4695/1/4 4693/1/4
f 4426/1/4 4427/1/4 4696/1/4 4695/1/4
f 4420/7/2 4689/7/2 4697/7/2 4428/7/2
f 4435/7/4 4428/7/4 4697/7/4 4698/7/4
f 4421/3/1 4429/3/1 4699/3/1 4690/3/1
f 4423/1/2 4692/1/2 4700/1/2 4430/1/2
f 4425/1/2 4694/1/2 4701/1/2 4431/1/2
f 4422/1/1 4432/1/1 4702/1/1 4691/1/1
f 4691/1/6 4702/1/6 4701/1/6 4694/1/6
f 4427/7/1 4433/7/1 4703/7/1 4696/7/1
f 4435/7/2 4698/7/2 4704/7/2 4436/7/2
f 4437/4/2 4705/4/2 4706/4/2 4438/4/2
f 4440/4/1 4439/4/1 4707/4/1 4708/4/1
f 4440/4/3 4708/4/3 4705/4/3 4437/4/3
f 4429/3/1 4441/3/1 4709/3/1 4699/3/1
f 4430/1/2 4700/1/2 4710/1/2 4442/1/2
f 4432/1/1 4443/1/1 4711/1/1 4702/1/1
f 4431/1/3 4701/1/3 4712/1/3 4444/1/3
f 4444/1/3 4712/1/3 4713/1/3 4445/1/3
f 4445/1/3 4713/1/3 4703/1/3 4433/1/3
f 4436/7/2 4704/7/2 4714/7/2 4447/7/2
f 4439/4/1 4448/4/1 4715/4/1 4707/4/1
f 4449/4/2 4716/4/2 4717/4/2 4450/4/2
f 4438/4/3 4706/4/3 4716/4/3 4449/4/3
f 4441/3/1 4451/3/1 4718/3/1 4709/3/1
f 4442/1/3 4710/1/3 4711/1/3 4443/1/3
f 4446/7/2 4719/7/2 4720/7/2 4721/7/2
f 4447/7/3 4714/7/3 4719/7/3 4446/7/3
f 4452/7/4 4721/7/4 4720/7/4 4722/7/4
f 4447/7/5 4446/7/5 4721/7/5 4452/7/5
f 4448/4/1 4453/4/1 4723/4/1 4715/4/1
f 4450/4/3 4717/4/3 4724/4/3 4454/4/3
f 4454/4/3 4724/4/3 4725/4/3 4455/4/3
f 4455/4/3 4725/4/3 4726/4/3 4456/4/3
f 4456/4/3 4726/4/3 4727/4/3 4457/4/3
f 4457/4/3 4727/4/3 4728/4/3 4458/4/3
f 4458/4/3 4728/4/3 4729/4/3 4459/4/3
f 4459/4/3 4729/4/3 4730/4/3 4460/4/3
f 4460/4/3 4730/4/3 4731/4/3 4461/4/3
f 4461/4/3 4731/4/3 4732/4/3 4462/4/3
f 4462/4/3 4732/4/3 4733/4/3 4463/4/3
f 4463/4/3 4733/4/3 4734/4/3 4464/4/3
f 4464/4/3 4734/4/3 4735/4/3 4465/4/3
f 4465/4/3 4735/4/3 4736/4/3 4466/4/3
f 4466/4/3 4736/4/3 4737/4/3 4467/4/3
f 4467/4/3 4737/4/3 4738/4/3 4468/4/3
f 4468/4/3 4738/4/3 4739/4/3 4469/4/3
f 4469/4/3 4739/4/3 4740/4/3 4470/4/3
f 4471/4/2 4741/4/2 4742/4/2 4472/4/2
f 4470/4/3 4740/4/3 4741/4/3 4471/4/3
f 4451/3/1 4473/3/1 4743/3/1 4718/3/1
f 4452/7/2 4722/7/2 4744/7/2 4474/7/2
f 4453/4/1 4476/4/1 4745/4/1 4723/4/1
f 4472/4/3 4742/4/3 4743/4/3 4473/4/3
f 4474/7/2 4744/7/2 4746/7/2 4479/7/2
f 4475/7/5 4474/7/5 4479/7/5 4477/7/5
f 4476/4/1 4478/4/1 4747/4/1 4745/4/1
f 4479/7/2 4746/7/2 4748/7/2 4480/7/2
f 4478/4/1 4481/4/1 4749/4/1 4747/4/1
f 4480/7/2 4748/7/2 4750/7/2 4482/7/2
f 4481/4/1 4483/4/1 4751/4/1 4749/4/1
f 4482/7/2 4750/7/2 4752/7/2 4484/7/2
f 4483/4/1 4485/4/1 4753/4/1 4751/4/1
f 4487/1/4 4486/1/4 4754/1/4 4755/1/4
f 4484/7/2 4752/7/2 4756/7/2 4488/7/2
f 4485/4/1 4489/4/1 4757/4/1 4753/4/1
f 4487/1/2 4755/1/2 4758/1/2 4490/1/2
f 4486/1/1 4491/1/1 4759/1/1 4754/1/1
f 4760/7/2 4761/7/2 4762/7/2 4501/7/2
f 4488/7/3 4756/7/3 4761/7/3 4760/7/3
f 4488/7/5 4760/7/5 4501/7/5 4492/7/5
f 4489/4/1 4493/4/1 4763/4/1 4757/4/1
f 4490/1/2 4758/1/2 4764/1/2 4494/1/2
f 4491/1/1 4495/1/1 4765/1/1 4759/1/1
f 4495/1/4 4496/1/4 4766/1/4 4765/1/4
f 4496/1/4 4497/1/4 4767/1/4 4766/1/4
f 4497/1/4 4498/1/4 4768/1/4 4767/1/4
f 4498/1/4 4499/1/4 4769/1/4 4768/1/4
f 4501/7/2 4762/7/2 4770/7/2 4502/7/2
f 4493/4/1 4503/4/1 4771/4/1 4763/4/1
f 4494/1/2 4764/1/2 4772/1/2 4504/1/2
f 4499/7/1 4505/7/1 4773/7/1 4769/7/1
f 4502/7/2 4770/7/2 4774/7/2 4506/7/2
f 4775/7/6 4776/7/6 4774/7/6 4770/7/6
f 4503/4/1 4507/4/1 4777/4/1 4771/4/1
f 4504/1/2 4772/1/2 4778/1/2 4508/1/2
f 4505/7/1 4509/7/1 4779/7/1 4773/7/1
f 4506/2/2 4774/2/2 4780/2/2 4510/2/2
f 4507/4/1 4512/4/1 4781/4/1 4777/4/1
f 4782/4/6 4783/4/6 4784/4/6 4785/4/6
f 4508/1/2 4778/1/2 4786/1/2 4513/1/2
f 4509/7/1 4514/7/1 4787/7/1 4779/7/1
f 4510/7/2 4780/7/2 4788/7/2 4789/7/2
f 4515/7/4 4789/7/4 4788/7/4 4790/7/4
f 4511/7/5 4510/7/5 4789/7/5 4515/7/5
f 4512/4/1 4516/4/1 4791/4/1 4781/4/1
f 4518/9/4 4517/9/4 4792/9/4 4793/9/4
f 4517/8/4 4519/8/4 4794/8/4 4792/8/4
f 4513/1/2 4786/1/2 4795/1/2 4520/1/2
f 4514/7/1 4521/7/1 4796/7/1 4787/7/1
f 4515/7/2 4790/7/2 4797/7/2 4522/7/2
f 4516/4/1 4523/4/1 4798/4/1 4791/4/1
f 4525/4/4 4524/4/4 4799/4/4 4800/4/4
f 4524/4/4 4526/4/4 4801/4/4 4799/4/4
f 4526/4/4 4527/4/4 4802/4/4 4801/4/4
f 4527/4/4 4528/4/4 4803/4/4 4802/4/4
f 4528/4/4 4529/4/4 4804/4/4 4803/4/4
f 4805/4/6 4803/4/6 4804/4/6 4806/4/6
f 4529/4/4 4530/4/4 4807/4/4 4804/4/4
f 4806/4/6 4804/4/6 4807/4/6 4808/4/6
f 4530/4/4 4531/4/4 4809/4/4 4807/4/4
f 4808/4/6 4807/4/6 4809/4/6 4810/4/6
f 4531/4/4 4532/4/4 4811/4/4 4809/4/4
f 4810/4/6 4809/4/6 4811/4/6 4812/4/6
f 4532/6/4 4533/6/4 4813/6/4 4811/6/4
f 4812/6/6 4811/6/6 4813/6/6 4814/6/6
f 4533/6/4 4534/6/4 4815/6/4 4813/6/4
f 4518/4/2 4793/4/2 4816/4/2 4535/4/2
f 4534/4/4 4535/4/4 4816/4/4 4815/4/4
f 4519/4/1 4536/4/1 4817/4/1 4794/4/1
f 4536/4/4 4537/4/4 4818/4/4 4817/4/4
f 4537/4/4 4538/4/4 4819/4/4 4818/4/4
f 4538/4/4 4539/4/4 4820/4/4 4819/4/4
f 4539/4/4 4540/4/4 4821/4/4 4820/4/4
f 4540/4/4 4541/4/4 4822/4/4 4821/4/4
f 4541/4/4 4542/4/4 4823/4/4 4822/4/4
f 4520/1/2 4795/1/2 4824/1/2 4543/1/2
f 4521/7/1 4544/7/1 4825/7/1 4796/7/1
f 4522/7/2 4797/7/2 4826/7/2 4545/7/2
f 4523/4/1 4546/4/1 4827/4/1 4798/4/1
f 4525/4/2 4800/4/2 4828/4/2 4547/4/2
f 4542/3/1 4548/3/1 4829/3/1 4823/3/1
f 4543/1/2 4824/1/2 4830/1/2 4549/1/2
f 4544/7/1 4550/7/1 4831/7/1 4825/7/1
f 4545/7/2 4826/7/2 4832/7/2 4551/7/2
f 4546/4/1 4552/4/1 4833/4/1 4827/4/1
f 4547/4/2 4828/4/2 4834/4/2 4553/4/2
f 4554/4/4 4553/4/4 4834/4/4 4835/4/4
f 4548/3/1 4555/3/1 4836/3/1 4829/3/1
f 4549/1/2 4830/1/2 4837/1/2 4556/1/2
f 4550/7/1 4557/7/1 4838/7/1 4831/7/1
f 4551/7/2 4832/7/2 4839/7/2 4558/7/2
f 4554/4/2 4835/4/2 4840/4/2 4559/4/2
f 4552/4/1 4560/4/1 4841/4/1 4833/4/1
f 4555/3/1 4561/3/1 4842/3/1 4836/3/1
f 4556/1/3 4837/1/3 4843/1/3 4562/1/3
f 4562/1/3 4843/1/3 4844/1/3 4563/1/3
f 4563/1/3 4844/1/3 4845/1/3 4564/1/3
f 4564/1/3 4845/1/3 4846/1/3 4565/1/3
f 4565/1/3 4846/1/3 4838/1/3 4557/1/3
f 4566/1/2 4847/1/2 4848/1/2 4567/1/2
f 4558/1/3 4839/1/3 4847/1/3 4566/1/3
f 4568/1/4 4567/1/4 4848/1/4 4849/1/4
f 4839/1/6 4849/1/6 4848/1/6 4847/1/6
f 4559/6/2 4840/6/2 4850/6/2 4569/6/2
f 4560/6/1 4570/6/1 4851/6/1 4841/6/1
f 4570/6/4 4569/6/4 4850/6/4 4851/6/4
f 4561/3/1 4572/3/1 4852/3/1 4842/3/1
f 4568/1/2 4849/1/2 4853/1/2 4574/1/2
f 4572/3/1 4581/3/1 4854/3/1 4852/3/1
f 4581/3/4 4576/3/4 4855/3/4 4854/3/4
f 4852/3/6 4854/3/6 4855/3/6 4856/3/6
f 4572/3/5 4573/3/5 4576/3/5 4581/3/5
f 4578/1/4 4577/1/4 4857/1/4 4858/1/4
f 4574/1/2 4853/1/2 4859/1/2 4587/1/2
f 4575/1/5 4574/1/5 4587/1/5 4579/1/5
f 4576/3/1 4582/3/1 4860/3/1 4855/3/1
f 4578/3/2 4858/3/2 4861/3/2 4584/3/2
f 4585/3/4 4584/3/4 4861/3/4 4862/3/4
f 4577/1/1 4586/1/1 4863/1/1 4857/1/1
f 4586/1/4 4596/1/4 4864/1/4 4863/1/4
f 4604/1/4 4605/1/4 4865/1/4 4866/1/4
f 4587/1/2 4859/1/2 4867/1/2 4588/1/2
f 4580/2/1 4589/2/1 4868/2/1 4869/2/1
f 4580/2/3 4869/2/3 4860/2/3 4582/2/3
f 4589/2/4 4590/2/4 4870/2/4 4868/2/4
f 4590/3/4 4591/3/4 4871/3/4 4870/3/4
f 4585/3/2 4862/3/2 4872/3/2 4592/3/2
f 4596/1/1 4595/1/1 4873/1/1 4864/1/1
f 4595/1/4 4597/1/4 4874/1/4 4873/1/4
f 4600/1/4 4601/1/4 4875/1/4 4876/1/4
f 4604/1/2 4866/1/2 4877/1/2 4603/1/2
f 4605/2/1 4602/2/1 4878/2/1 4865/2/1
f 4602/2/4 4606/2/4 4879/2/4 4878/2/4
f 4608/1/4 4607/1/4 4880/1/4 4881/1/4
f 4607/1/4 4626/1/4 4882/1/4 4880/1/4
f 4626/1/4 4611/1/4 4883/1/4 4882/1/4
f 4609/1/2 4884/1/2 4885/1/2 4610/1/2
f 4588/1/3 4867/1/3 4884/1/3 4609/1/3
f 4867/1/6 4883/1/6 4885/1/6 4884/1/6
f 4592/1/2 4872/1/2 4886/1/2 4887/1/2
f 4591/1/1 4888/1/1 4889/1/1 4871/1/1
f 4888/1/4 4887/1/4 4886/1/4 4889/1/4
f 4591/1/5 4592/1/5 4887/1/5 4888/1/5
f 4595/1/2 4873/1/2 4890/1/2 4612/1/2
f 4594/1/1 4615/1/1 4891/1/1 4892/1/1
f 4594/1/3 4892/1/3 4873/1/3 4595/1/3
f 4615/1/4 4612/1/4 4890/1/4 4891/1/4
f 4892/1/6 4891/1/6 4890/1/6 4873/1/6
f 4597/1/1 4617/1/1 4893/1/1 4874/1/1
f 4617/1/4 4616/1/4 4894/1/4 4893/1/4
f 4874/1/6 4893/1/6 4894/1/6 4895/1/6
f 4616/1/4 4896/1/4 4897/1/4 4894/1/4
f 4599/1/5 4598/1/5 4896/1/5 4616/1/5
f 4600/1/2 4876/1/2 4898/1/2 4899/1/2
f 4896/1/4 4899/1/4 4898/1/4 4897/1/4
f 4598/1/5 4600/1/5 4899/1/5 4896/1/5
f 4603/1/2 4877/1/2 4900/1/2 4618/1/2
f 4601/1/1 4619/1/1 4901/1/1 4875/1/1
f 4619/1/4 4618/1/4 4900/1/4 4901/1/4
f 4875/1/6 4901/1/6 4900/1/6 4877/1/6
f 4608/1/2 4881/1/2 4902/1/2 4620/1/2
f 4606/1/1 4623/1/1 4903/1/1 4879/1/1
f 4623/1/4 4620/1/4 4902/1/4 4903/1/4
f 4610/2/2 4885/2/2 4904/2/2 4905/2/2
f 4611/2/1 4627/2/1 4906/2/1 4883/2/1
f 4627/2/4 4905/2/4 4904/2/4 4906/2/4
f 4611/2/5 4610/2/5 4905/2/5 4627/2/5
f 4629/3/1 4628/3/1 4907/3/1 4908/3/1
f 4629/3/3 4908/3/3 4909/3/3 4630/3/3
f 4630/3/3 4909/3/3 4910/3/3 4631/3/3
f 4631/3/3 4910/3/3 4911/3/3 4632/3/3
f 4633/1/2 4912/1/2 4913/1/2 4634/1/2
f 4632/1/3 4911/1/3 4912/1/3 4633/1/3
f 4640/2/1 4639/2/1 4914/2/1 4915/2/1
f 4640/2/3 4915/2/3 4916/2/3 4636/2/3
f 4636/1/3 4916/1/3 4917/1/3 4918/1/3
f 4636/1/5 4918/1/5 4649/1/5 4637/1/5
f 4919/1/2 4920/1/2 4921/1/2 4922/1/2
f 4918/1/3 4917/1/3 4920/1/3 4919/1/3
f 4918/1/5 4919/1/5 4922/1/5 4649/1/5
f 4645/1/2 4923/1/2 4924/1/2 4646/1/2
f 4643/1/1 4644/1/1 4925/1/1 4926/1/1
f 4643/1/3 4926/1/3 4923/1/3 4645/1/3
f 4926/1/6 4925/1/6 4924/1/6 4923/1/6
f 4628/3/1 4647/3/1 4927/3/1 4907/3/1
f 4634/2/3 4913/2/3 4914/2/3 4639/2/3
f 4649/1/5 4922/1/5 4663/1/5 4650/1/5
f 4928/1/2 4929/1/2 4930/1/2 4664/1/2
f 4922/1/3 4921/1/3 4929/1/3 4928/1/3
f 4922/1/5 4928/1/5 4664/1/5 4663/1/5
f 4656/1/1 4655/1/1 4931/1/1 4932/1/1
f 4656/1/3 4932/1/3 4933/1/3 4641/1/3
f 4655/1/4 4668/1/4 4934/1/4 4931/1/4
f 4932/1/6 4931/1/6 4934/1/6 4933/1/6
f 4641/1/3 4933/1/3 4925/1/3 4644/1/3
f 4646/1/3 4924/1/3 4935/1/3 4657/1/3
f 4924/1/6 4936/1/6 4937/1/6 4935/1/6
f 4657/1/3 4935/1/3 4938/1/3 4658/1/3
f 4935/1/6 4937/1/6 4939/1/6 4938/1/6
f 4660/1/2 4940/1/2 4941/1/2 4661/1/2
f 4658/1/3 4938/1/3 4940/1/3 4660/1/3
f 4671/1/4 4661/1/4 4941/1/4 4939/1/4
f 4938/1/6 4939/1/6 4941/1/6 4940/1/6
f 4647/3/1 4662/3/1 4942/3/1 4927/3/1
f 4664/1/3 4930/1/3 4943/1/3 4653/1/3
f 4652/1/2 4944/1/2 4945/1/2 4665/1/2
f 4653/1/3 4943/1/3 4944/1/3 4652/1/3
f 4668/1/1 4667/1/1 4946/1/1 4934/1/1
f 4671/1/2 4939/1/2 4947/1/2 4670/1/2
f 4662/3/1 4672/3/1 4948/3/1 4942/3/1
f 4665/1/3 4945/1/3 4949/1/3 4666/1/3
f 4666/1/3 4949/1/3 4946/1/3 4667/1/3
f 4670/1/2 4947/1/2 4950/1/2 4673/1/2
f 4672/3/1 4675/3/1 4951/3/1 4948/3/1
f 4673/1/2 4950/1/2 4952/1/2 4678/1/2
f 4674/1/5 4673/1/5 4678/1/5 4676/1/5
f 4953/2/1 4954/2/1 4955/2/1 4956/2/1
f 4953/2/3 4956/2/3 4951/2/3 4675/2/3
f 4954/2/4 4677/2/4 4957/2/4 4955/2/4
f 4956/2/6 4955/2/6 4957/2/6 4951/2/6
f 4953/2/5 4675/2/5 4677/2/5 4954/2/5
f 4678/1/2 4952/1/2 4958/1/2 4679/1/2
f 4677/2/1 4681/2/1 4959/2/1 4957/2/1
f 4679/7/2 4958/7/2 4960/7/2 4682/7/2
f 4681/2/1 4683/2/1 4961/2/1 4959/2/1
f 4684/7/2 4962/7/2 4963/7/2 4685/7/2
f 4682/7/3 4960/7/3 4962/7/3 4684/7/3
f 4683/3/1 4688/3/1 4964/3/1 4961/3/1
f 4685/7/2 4963/7/2 4965/7/2 4689/7/2
f 4966/7/6 4967/7/6 4965/7/6 4963/7/6
f 4686/3/1 4690/3/1 4968/3/1 4969/3/1
f 4686/3/3 4969/3/3 4964/3/3 4688/3/3
f 4969/3/6 4968/3/6 4970/3/6 4964/3/6
f 4692/1/4 4691/1/4 4971/1/4 4972/1/4
f 4691/1/4 4694/1/4 4973/1/4 4971/1/4
f 4694/1/4 4693/1/4 4974/1/4 4973/1/4
f 4693/1/4 4695/1/4 4975/1/4 4974/1/4
f 4695/1/4 4696/1/4 4976/1/4 4975/1/4
f 4689/7/2 4965/7/2 4977/7/2 4697/7/2
f 4698/7/4 4697/7/4 4977/7/4 4978/7/4
f 4690/3/1 4699/3/1 4979/3/1 4968/3/1
f 4692/1/2 4972/1/2 4980/1/2 4700/1/2
f 4696/7/1 4703/7/1 4981/7/1 4976/7/1
f 4698/7/2 4978/7/2 4982/7/2 4704/7/2
f 4705/4/2 4983/4/2 4984/4/2 4706/4/2
f 4708/4/1 4707/4/1 4985/4/1 4986/4/1
f 4708/4/3 4986/4/3 4983/4/3 4705/4/3
f 4699/3/1 4709/3/1 4987/3/1 4979/3/1
f 4700/1/2 4980/1/2 4988/1/2 4710/1/2
f 4702/1/1 4711/1/1 4989/1/1 4990/1/1
f 4702/1/3 4990/1/3 4991/1/3 4701/1/3
f 4701/1/3 4991/1/3 4992/1/3 4712/1/3
f 4712/1/3 4992/1/3 4993/1/3 4713/1/3
f 4713/1/3 4993/1/3 4981/1/3 4703/1/3
f 4994/7/2 4995/7/2 4996/7/2 4719/7/2
f 4704/7/3 4982/7/3 4995/7/3 4994/7/3
f 4704/7/5 4994/7/5 4719/7/5 4714/7/5
f 4707/4/1 4715/4/1 4997/4/1 4985/4/1
f 4716/4/2 4998/4/2 4999/4/2 4717/4/2
f 4706/4/3 4984/4/3 4998/4/3 4716/4/3
f 5000/10/1 4730/10/1 5001/10/1 5002/10/1
f 5000/10/3 5002/10/3 5003/10/3 5004/10/3
f 5000/10/5 5004/10/5 4731/10/5 4730/10/5
f 5005/10/2 5006/10/2 5007/10/2 4732/10/2
f 5004/10/3 5003/10/3 5006/10/3 5005/10/3
f 5004/10/5 5005/10/5 4732/10/5 4731/10/5
f 4709/3/1 4718/3/1 5008/3/1 4987/3/1
f 4710/1/3 4988/1/3 4989/1/3 4711/1/3
f 4719/7/2 4996/7/2 5009/7/2 4720/7/2
f 4722/7/4 4720/7/4 5009/7/4 5010/7/4
f 4715/4/1 4723/4/1 5011/4/1 4997/4/1
f 4717/4/3 4999/4/3 5012/4/3 4724/4/3
f 4724/4/3 5012/4/3 5013/4/3 4725/4/3
f 4725/4/3 5013/4/3 5014/4/3 4726/4/3
f 4726/4/3 5014/4/3 5015/4/3 4727/4/3
f 4727/4/3 5015/4/3 5016/4/3 4728/4/3
f 4728/4/3 5016/4/3 5017/4/3 4729/4/3
f 4729/4/3 5017/4/3 5001/4/3 4730/4/3
f 4732/4/3 5007/4/3 5018/4/3 4733/4/3
f 4733/4/3 5018/4/3 5019/4/3 4734/4/3
f 4734/4/3 5019/4/3 5020/4/3 4735/4/3
f 4735/4/3 5020/4/3 5021/4/3 4736/4/3
f 4736/4/3 5021/4/3 5022/4/3 4737/4/3
f 4737/4/3 5022/4/3 5023/4/3 4738/4/3
f 4738/4/3 5023/4/3 5024/4/3 4739/4/3
f 4739/4/3 5024/4/3 5025/4/3 4740/4/3
f 4741/4/2 5026/4/2 5027/4/2 4742/4/2
f 4740/4/3 5025/4/3 5026/4/3 4741/4/3
f 4718/3/1 4743/3/1 5028/3/1 5008/3/1
f 4722/7/2 5010/7/2 5029/7/2 4744/7/2
f 4723/4/1 4745/4/1 5030/4/1 5011/4/1
f 4742/4/3 5027/4/3 5028/4/3 4743/4/3
f 5031/7/2 5032/7/2 5033/7/2 5034/7/2
f 4744/7/3 5029/7/3 5032/7/3 5031/7/3
f 4746/7/4 5034/7/4 5033/7/4 5035/7/4
f 4744/7/5 5031/7/5 5034/7/5 4746/7/5
f 4745/4/1 4747/4/1 5036/4/1 5030/4/1
f 4746/7/2 5035/7/2 5037/7/2 4748/7/2
f 4747/4/1 4749/4/1 5038/4/1 5036/4/1
f 5039/7/2 5040/7/2 5041/7/2 5042/7/2
f 4748/7/3 5037/7/3 5040/7/3 5039/7/3
f 4750/7/4 5042/7/4 5041/7/4 5043/7/4
f 4748/7/5 5039/7/5 5042/7/5 4750/7/5
f 4749/4/1 4751/4/1 5044/4/1 5038/4/1
f 4750/7/2 5043/7/2 5045/7/2 4752/7/2
f 4751/4/1 4753/4/1 5046/4/1 5044/4/1
f 4755/1/4 4754/1/4 5047/1/4 5048/1/4
f 4752/7/2 5045/7/2 5049/7/2 4756/7/2
f 4753/4/1 4757/4/1 5050/4/1 5046/4/1
f 4755/1/2 5048/1/2 5051/1/2 4758/1/2
f 4754/1/1 4759/1/1 5052/1/1 5047/1/1
f 4761/2/2 5053/2/2 5054/2/2 4762/2/2
f 4756/2/3 5049/2/3 5053/2/3 4761/2/3
f 5049/2/6 5055/2/6 5054/2/6 5053/2/6
f 4757/4/1 4763/4/1 5056/4/1 5050/4/1
f 4758/1/2 5051/1/2 5057/1/2 4764/1/2
f 4759/1/1 4765/1/1 5058/1/1 5052/1/1
f 4765/1/4 4766/1/4 5059/1/4 5058/1/4
f 4766/1/4 4767/1/4 5060/1/4 5059/1/4
f 4767/1/4 4768/1/4 5061/1/4 5060/1/4
f 4768/1/4 4769/1/4 5062/1/4 5061/1/4
f 4762/7/2 5054/7/2 5063/7/2 4770/7/2
f 4775/7/4 4770/7/4 5063/7/4 5064/7/4
f 5055/7/6 5064/7/6 5063/7/6 5054/7/6
f 4763/4/1 4771/4/1 5065/4/1 5056/4/1
f 5066/4/6 5067/4/6 5068/4/6 5069/4/6
f 4764/1/2 5057/1/2 5070/1/2 4772/1/2
f 4769/7/1 4773/7/1 5071/7/1 5062/7/1
f 4775/7/2 5064/7/2 5072/7/2 4776/7/2
f 4771/4/1 4777/4/1 5073/4/1 5065/4/1
f 4782/4/4 4785/4/4 5074/4/4 5075/4/4
f 4772/1/2 5070/1/2 5076/1/2 4778/1/2
f 4773/7/1 4779/7/1 5077/7/1 5071/7/1
f 4774/2/2 5078/2/2 5079/2/2 4780/2/2
f 4776/2/3 5072/2/3 5078/2/3 4774/2/3
f 4777/4/1 4781/4/1 5080/4/1 5073/4/1
f 4782/4/2 5075/4/2 5081/4/2 4783/4/2
f 4785/4/1 4784/4/1 5082/4/1 5074/4/1
f 4778/1/2 5076/1/2 5083/1/2 4786/1/2
f 4779/7/1 4787/7/1 5084/7/1 5077/7/1
f 4780/7/2 5079/7/2 5085/7/2 4788/7/2
f 4790/7/4 4788/7/4 5085/7/4 5086/7/4
f 4781/4/1 4791/4/1 5087/4/1 5080/4/1
f 4805/11/4 4806/11/4 5088/11/4 5089/11/4
f 5090/11/6 5089/11/6 5088/11/6 5081/11/6
f 4783/11/3 5081/11/3 5082/11/3 4784/11/3
f 4806/11/4 4808/11/4 5091/11/4 5088/11/4
f 5081/11/6 5088/11/6 5091/11/6 5082/11/6
f 4808/11/4 4810/11/4 5092/11/4 5091/11/4
f 4810/11/4 4812/11/4 5093/11/4 5092/11/4
f 4812/11/4 4814/11/4 5094/11/4 5093/11/4
f 4793/8/4 4792/8/4 5095/8/4 5096/8/4
f 4792/8/4 4794/8/4 5097/8/4 5095/8/4
f 4786/1/2 5083/1/2 5098/1/2 4795/1/2
f 4787/7/1 4796/7/1 5099/7/1 5084/7/1
f 4790/7/2 5086/7/2 5100/7/2 4797/7/2
f 4791/4/1 4798/4/1 5101/4/1 5087/4/1
f 4800/4/4 4799/4/4 5102/4/4 5103/4/4
f 4799/4/4 4801/4/4 5104/4/4 5102/4/4
f 4801/4/4 4802/4/4 5105/4/4 5104/4/4
f 4805/4/2 5089/4/2 5106/4/2 4803/4/2
f 4802/4/4 4803/4/4 5106/4/4 5105/4/4
f 4814/6/1 4813/6/1 5107/6/1 5094/6/1
f 4813/6/4 4815/6/4 5108/6/4 5107/6/4
f 4793/6/2 5096/6/2 5109/6/2 4816/6/2
f 4815/6/4 4816/6/4 5109/6/4 5108/6/4
f 4794/4/1 4817/4/1 5110/4/1 5097/4/1
f 4817/4/4 4818/4/4 5111/4/4 5110/4/4
f 4818/4/4 4819/4/4 5112/4/4 5111/4/4
f 4819/4/4 4820/4/4 5113/4/4 5112/4/4
f 4820/4/4 4821/4/4 5114/4/4 5113/4/4
f 4821/4/4 4822/4/4 5115/4/4 5114/4/4
f 4822/4/4 4823/4/4 5116/4/4 5115/4/4
f 4795/1/2 5098/1/2 5117/1/2 4824/1/2
f 4796/7/1 4825/7/1 5118/7/1 5099/7/1
f 5119/7/2 5120/7/2 5121/7/2 5122/7/2
f 4797/7/3 5100/7/3 5120/7/3 5119/7/3
f 4826/7/4 5122/7/4 5121/7/4 5123/7/4
f 5100/7/6 5123/7/6 5121/7/6 5120/7/6
f 4797/7/5 5119/7/5 5122/7/5 4826/7/5
f 4798/4/1 4827/4/1 5124/4/1 5101/4/1
f 4800/4/2 5103/4/2 5125/4/2 4828/4/2
f 4823/3/1 4829/3/1 5126/3/1 5116/3/1
f 5116/3/6 5126/3/6 5127/3/6 5128/3/6
f 5128/3/6 5127/3/6 5129/3/6 5130/3/6
f 5130/3/6 5129/3/6 5131/3/6 5132/3/6
f 5132/3/6 5131/3/6 5133/3/6 5134/3/6
f 5134/1/6 5133/1/6 5135/1/6 5136/1/6
f 5136/1/6 5135/1/6 5137/1/6 5138/1/6
f 5138/1/6 5137/1/6 5139/1/6 5140/1/6
f 5140/1/6 5139/1/6 5141/1/6 5142/1/6
f 4824/1/2 5117/1/2 5143/1/2 4830/1/2
f 4825/7/1 4831/7/1 5144/7/1 5118/7/1
f 4826/7/2 5123/7/2 5145/7/2 4832/7/2
f 4827/4/1 4833/4/1 5146/4/1 5124/4/1
f 4828/4/2 5125/4/2 5147/4/2 4834/4/2
f 4835/4/4 4834/4/4 5147/4/4 5148/4/4
f 4829/3/1 4836/3/1 5149/3/1 5126/3/1
f 4830/1/2 5143/1/2 5150/1/2 4837/1/2
f 4831/7/1 4838/7/1 5151/7/1 5144/7/1
f 4832/7/2 5145/7/2 5152/7/2 4839/7/2
f 4835/6/2 5148/6/2 5153/6/2 4840/6/2
f 4833/6/1 4841/6/1 5154/6/1 5146/6/1
f 4836/3/1 4842/3/1 5155/3/1 5149/3/1
f 4837/1/3 5150/1/3 5156/1/3 4843/1/3
f 4843/1/3 5156/1/3 5157/1/3 4844/1/3
f 4844/1/3 5157/1/3 5158/1/3 4845/1/3
f 4845/1/3 5158/1/3 5159/1/3 4846/1/3
f 4846/1/3 5159/1/3 5151/1/3 4838/1/3
f 4839/1/2 5152/1/2 5160/1/2 4849/1/2
f 4840/6/2 5153/6/2 5161/6/2 4850/6/2
f 4841/6/1 4851/6/1 5162/6/1 5154/6/1
f 4851/6/4 4850/6/4 5161/6/4 5162/6/4
f 4842/3/1 4852/3/1 5163/3/1 5155/3/1
f 4852/3/4 4856/3/4 5164/3/4 5163/3/4
f 4849/1/2 5160/1/2 5165/1/2 4853/1/2
f 4856/3/1 4855/3/1 5166/3/1 5164/3/1
f 4853/1/2 5165/1/2 5167/1/2 4859/1/2
f 4855/3/1 4860/3/1 5168/3/1 5166/3/1
f 4861/1/4 4863/1/4 5169/1/4 5170/1/4
f 4858/1/5 4857/1/5 4863/1/5 4861/1/5
f 4863/2/4 4864/2/4 5171/2/4 5169/2/4
f 5172/2/6 5169/2/6 5171/2/6 5173/2/6
f 5173/2/6 5171/2/6 5174/2/6 5175/2/6
f 4866/1/4 4865/1/4 5176/1/4 5177/1/4
f 5178/1/2 5179/1/2 5180/1/2 4884/1/2
f 4859/1/3 5167/1/3 5179/1/3 5178/1/3
f 4867/1/4 4884/1/4 5180/1/4 5181/1/4
f 5167/1/6 5181/1/6 5180/1/6 5179/1/6
f 4859/1/5 5178/1/5 4884/1/5 4867/1/5
f 4869/3/1 4868/3/1 5182/3/1 5183/3/1
f 4869/3/3 5183/3/3 5168/3/3 4860/3/3
f 4868/3/4 4870/3/4 5184/3/4 5182/3/4
f 4861/3/2 5170/3/2 5185/3/2 5186/3/2
f 4872/3/4 5186/3/4 5185/3/4 5187/3/4
f 5188/3/6 5187/3/6 5185/3/6 5170/3/6
f 4862/3/5 4861/3/5 5186/3/5 4872/3/5
f 4864/1/1 4873/1/1 5189/1/1 5171/1/1
f 4873/1/4 4874/1/4 5190/1/4 5189/1/4
f 5171/1/6 5189/1/6 5190/1/6 5174/1/6
f 4874/1/4 4895/1/4 5191/1/4 5190/1/4
f 4876/1/4 4875/1/4 5192/1/4 5193/1/4
f 4866/2/2 5177/2/2 5194/2/2 4877/2/2
f 4875/2/4 4877/2/4 5194/2/4 5192/2/4
f 4865/1/1 4878/1/1 5195/1/1 5176/1/1
f 4867/1/2 5181/1/2 5196/1/2 4883/1/2
f 4882/1/4 4883/1/4 5196/1/4 5197/1/4
f 4870/1/1 5198/1/1 5199/1/1 5184/1/1
f 5198/1/4 4889/1/4 5200/1/4 5199/1/4
f 5184/1/6 5199/1/6 5200/1/6 5201/1/6
f 4870/1/5 4871/1/5 4889/1/5 5198/1/5
f 4872/1/2 5187/1/2 5202/1/2 4886/1/2
f 4889/1/4 4886/1/4 5202/1/4 5200/1/4
f 4895/1/1 4894/1/1 5203/1/1 5191/1/1
f 4894/1/4 4897/1/4 5204/1/4 5203/1/4
f 5191/1/6 5203/1/6 5204/1/6 5205/1/6
f 4876/1/2 5193/1/2 5206/1/2 4898/1/2
f 4897/1/4 4898/1/4 5206/1/4 5204/1/4
f 5205/1/6 5204/1/6 5206/1/6 5193/1/6
f 4878/2/1 5207/2/1 5208/2/1 5195/2/1
f 5207/2/4 4903/2/4 5209/2/4 5208/2/4
f 4878/2/5 4879/2/5 4903/2/5 5207/2/5
f 4903/1/4 4902/1/4 5210/1/4 5209/1/4
f 4902/2/4 5211/2/4 5212/2/4 5210/2/4
f 4881/2/5 4880/2/5 5211/2/5 4902/2/5
f 4882/2/2 5197/2/2 5213/2/2 5214/2/2
f 5211/2/4 5214/2/4 5213/2/4 5212/2/4
f 4880/2/5 4882/2/5 5214/2/5 5211/2/5
f 4885/2/2 5215/2/2 5216/2/2 4904/2/2
f 4883/2/1 4906/2/1 5217/2/1 5196/2/1
f 4883/2/3 5196/2/3 5215/2/3 4885/2/3
f 4906/2/4 4904/2/4 5216/2/4 5217/2/4
f 5196/2/6 5217/2/6 5216/2/6 5215/2/6
f 4908/3/1 4907/3/1 5218/3/1 5219/3/1
f 4908/3/3 5219/3/3 5220/3/3 4909/3/3
f 4909/3/3 5220/3/3 5221/3/3 4910/3/3
f 4910/3/3 5221/3/3 5222/3/3 4911/3/3
f 4912/1/2 5223/1/2 5224/1/2 4913/1/2
f 4911/1/3 5222/1/3 5223/1/3 4912/1/3
f 4915/2/1 4914/2/1 5225/2/1 5226/2/1
f 4915/2/3 5226/2/3 5227/2/3 4916/2/3
f 5226/2/6 5225/2/6 5228/2/6 5227/2/6
f 4916/2/3 5227/2/3 5229/2/3 4917/2/3
f 4920/2/2 5230/2/2 5231/2/2 4921/2/2
f 4917/2/3 5229/2/3 5230/2/3 4920/2/3
f 5229/2/6 5232/2/6 5231/2/6 5230/2/6
f 5233/1/2 5234/1/2 5235/1/2 5236/1/2
f 5237/1/1 4929/1/1 5238/1/1 5239/1/1
f 5237/1/3 5239/1/3 5234/1/3 5233/1/3
f 5239/1/6 5238/1/6 5235/1/6 5234/1/6
f 5237/1/5 5233/1/5 5236/1/5 4929/1/5
f 4926/1/2 5240/1/2 5241/1/2 4925/1/2
f 5242/1/1 4933/1/1 5243/1/1 5244/1/1
f 5242/1/3 5244/1/3 5240/1/3 4926/1/3
f 5242/1/5 4926/1/5 4925/1/5 4933/1/5
f 4907/3/1 4927/3/1 5245/3/1 5218/3/1
f 4913/1/3 5224/1/3 5225/1/3 4914/1/3
f 4921/1/3 5231/1/3 5238/1/3 4929/1/3
f 5231/1/6 5246/1/6 5247/1/6 5238/1/6
f 4929/1/5 5236/1/5 4943/1/5 4930/1/5
f 5248/1/2 5249/1/2 5250/1/2 4944/1/2
f 5236/1/3 5235/1/3 5249/1/3 5248/1/3
f 5236/1/5 5248/1/5 4944/1/5 4943/1/5
f 4933/1/1 4934/1/1 5251/1/1 5243/1/1
f 4924/1/2 5252/1/2 5253/1/2 4936/1/2
f 4925/1/3 5241/1/3 5252/1/3 4924/1/3
f 4927/3/1 4942/3/1 5254/3/1 5245/3/1
f 4944/1/2 5250/1/2 5255/1/2 4945/1/2
f 4931/1/1 4949/1/1 5256/1/1 5257/1/1
f 4931/1/3 5257/1/3 5251/1/3 4934/1/3
f 4931/1/5 4934/1/5 4946/1/5 4949/1/5
f 4936/1/3 5253/1/3 5258/1/3 4937/1/3
f 4937/1/3 5258/1/3 5259/1/3 4939/1/3
f 4941/1/2 5260/1/2 5261/1/2 5262/1/2
f 4939/1/3 5259/1/3 5260/1/3 4941/1/3
f 4939/1/5 4941/1/5 5262/1/5 4947/1/5
f 4942/3/1 4948/3/1 5263/3/1 5254/3/1
f 4945/1/3 5255/1/3 5256/1/3 4949/1/3
f 5262/1/2 5261/1/2 5264/1/2 5265/1/2
f 4950/1/4 5265/1/4 5264/1/4 5266/1/4
f 4947/1/5 5262/1/5 5265/1/5 4950/1/5
f 4948/2/1 4951/2/1 5267/2/1 5263/2/1
f 4950/1/2 5266/1/2 5268/1/2 4952/1/2
f 4951/2/1 4957/2/1 5269/2/1 5267/2/1
f 4952/1/2 5268/1/2 5270/1/2 4958/1/2
f 4957/2/1 4959/2/1 5271/2/1 5269/2/1
f 4958/7/2 5270/7/2 5272/7/2 4960/7/2
f 4959/3/1 4961/3/1 5273/3/1 5271/3/1
f 4962/7/2 5274/7/2 5275/7/2 4963/7/2
f 4960/7/3 5272/7/3 5274/7/3 4962/7/3
f 4966/7/4 4963/7/4 5275/7/4 5276/7/4
f 5272/7/6 5276/7/6 5275/7/6 5274/7/6
f 4961/3/1 4964/3/1 5277/3/1 5273/3/1
f 4966/7/2 5276/7/2 5278/7/2 4967/7/2
f 4964/3/1 4970/3/1 5279/3/1 5277/3/1
f 4971/1/4 4973/1/4 5280/1/4 5281/1/4
f 4973/1/4 4974/1/4 5282/1/4 5280/1/4
f 4974/1/4 4975/1/4 5283/1/4 5282/1/4
f 4975/1/4 4976/1/4 5284/1/4 5283/1/4
f 4965/2/2 5285/2/2 5286/2/2 4977/2/2
f 4967/2/3 5278/2/3 5285/2/3 4965/2/3
f 4968/3/1 4979/3/1 5287/3/1 5288/3/1
f 4968/3/3 5288/3/3 5279/3/3 4970/3/3
f 5288/3/6 5287/3/6 5289/3/6 5279/3/6
f 4971/1/2 5281/1/2 5290/1/2 4990/1/2
f 4980/1/4 4990/1/4 5290/1/4 5291/1/4
f 4972/1/5 4971/1/5 4990/1/5 4980/1/5
f 4976/7/1 4981/7/1 5292/7/1 5284/7/1
f 4977/7/2 5286/7/2 5293/7/2 4995/7/2
f 4978/7/5 4977/7/5 4995/7/5 4982/7/5
f 4983/4/2 5294/4/2 5295/4/2 4984/4/2
f 4986/4/1 4985/4/1 5296/4/1 5297/4/1
f 4986/4/3 5297/4/3 5294/4/3 4983/4/3
f 4979/3/1 4987/3/1 5298/3/1 5287/3/1
f 4980/1/2 5291/1/2 5299/1/2 4988/1/2
f 4990/1/1 4989/1/1 5300/1/1 5290/1/1
f 4990/1/3 5290/1/3 5301/1/3 4991/1/3
f 4991/1/3 5301/1/3 5302/1/3 4992/1/3
f 4992/1/3 5302/1/3 5303/1/3 4993/1/3
f 4993/1/3 5303/1/3 5292/1/3 4981/1/3
f 4995/7/2 5293/7/2 5304/7/2 4996/7/2
f 4985/4/1 4997/4/1 5305/4/1 5296/4/1
f 4998/4/2 5306/4/2 5307/4/2 4999/4/2
f 4984/4/3 5295/4/3 5306/4/3 4998/4/3
f 5308/10/1 5017/10/1 5309/10/1 5310/10/1
f 5308/10/3 5310/10/3 5311/10/3 5002/10/3
f 5308/10/5 5002/10/5 5001/10/5 5017/10/5
f 5002/10/3 5311/10/3 5312/10/3 5003/10/3
f 5311/10/6 5313/10/6 5314/10/6 5312/10/6
f 5006/10/2 5315/10/2 5316/10/2 5007/10/2
f 5003/10/3 5312/10/3 5315/10/3 5006/10/3
f 4987/3/1 5008/3/1 5317/3/1 5298/3/1
f 4988/1/3 5299/1/3 5300/1/3 4989/1/3
f 4996/7/2 5304/7/2 5318/7/2 5009/7/2
f 5010/7/4 5009/7/4 5318/7/4 5319/7/4
f 5320/7/6 5319/7/6 5318/7/6 5304/7/6
f 4997/4/1 5011/4/1 5321/4/1 5305/4/1
f 4999/4/3 5307/4/3 5322/4/3 5012/4/3
f 5012/4/3 5322/4/3 5323/4/3 5013/4/3
f 5013/4/3 5323/4/3 5324/4/3 5014/4/3
f 5014/4/3 5324/4/3 5325/4/3 5015/4/3
f 5015/4/3 5325/4/3 5326/4/3 5016/4/3
f 5016/4/3 5326/4/3 5309/4/3 5017/4/3
f 5007/4/3 5316/4/3 5327/4/3 5018/4/3
f 5018/4/3 5327/4/3 5328/4/3 5019/4/3
f 5019/4/3 5328/4/3 5329/4/3 5020/4/3
f 5020/4/3 5329/4/3 5330/4/3 5021/4/3
f 5021/4/3 5330/4/3 5331/4/3 5022/4/3
f 5022/4/3 5331/4/3 5332/4/3 5023/4/3
f 5023/4/3 5332/4/3 5333/4/3 5024/4/3
f 5024/4/3 5333/4/3 5334/4/3 5025/4/3
f 5026/4/2 5335/4/2 5336/4/2 5027/4/2
f 5025/4/3 5334/4/3 5335/4/3 5026/4/3
f 5008/3/1 5028/3/1 5337/3/1 5317/3/1
f 5010/7/2 5319/7/2 5338/7/2 5029/7/2
f 5011/4/1 5030/4/1 5339/4/1 5321/4/1
f 5027/4/3 5336/4/3 5337/4/3 5028/4/3
f 5032/2/2 5340/2/2 5341/2/2 5033/2/2
f 5029/2/3 5338/2/3 5340/2/3 5032/2/3
f 5035/2/4 5033/2/4 5341/2/4 5342/2/4
f 5338/2/6 5342/2/6 5341/2/6 5340/2/6
f 5030/4/1 5036/4/1 5343/4/1 5339/4/1
f 5035/7/2 5342/7/2 5344/7/2 5037/7/2
f 5036/4/1 5038/4/1 5345/4/1 5343/4/1
f 5040/2/2 5346/2/2 5347/2/2 5041/2/2
f 5037/2/3 5344/2/3 5346/2/3 5040/2/3
f 5043/2/4 5041/2/4 5347/2/4 5348/2/4
f 5344/2/6 5348/2/6 5347/2/6 5346/2/6
f 5038/4/1 5044/4/1 5349/4/1 5345/4/1
f 5043/7/2 5348/7/2 5350/7/2 5045/7/2
f 5044/4/1 5046/4/1 5351/4/1 5349/4/1
f 5352/7/2 5353/7/2 5354/7/2 5053/7/2
f 5045/7/3 5350/7/3 5353/7/3 5352/7/3
f 5049/7/4 5053/7/4 5354/7/4 5355/7/4
f 5045/7/5 5352/7/5 5053/7/5 5049/7/5
f 5046/4/1 5050/4/1 5356/4/1 5351/4/1
f 5048/1/5 5047/1/5 5052/1/5 5051/1/5
f 5049/7/2 5355/7/2 5357/7/2 5055/7/2
f 5050/4/1 5056/4/1 5358/4/1 5356/4/1
f 5066/4/4 5069/4/4 5359/4/4 5360/4/4
f 5051/1/5 5052/1/5 5058/1/5 5057/1/5
f 5058/1/4 5059/1/4 5361/1/4 5362/1/4
f 5059/1/4 5060/1/4 5363/1/4 5361/1/4
f 5060/1/4 5061/1/4 5364/1/4 5363/1/4
f 5061/1/4 5062/1/4 5365/1/4 5364/1/4
f 5055/7/2 5357/7/2 5366/7/2 5064/7/2
f 5056/4/1 5065/4/1 5367/4/1 5358/4/1
f 5066/4/2 5360/4/2 5368/4/2 5067/4/2
f 5069/4/1 5068/4/1 5369/4/1 5359/4/1
f 5058/1/2 5362/1/2 5370/1/2 5371/1/2
f 5057/1/5 5058/1/5 5371/1/5 5070/1/5
f 5062/7/1 5071/7/1 5372/7/1 5365/7/1
f 5063/2/2 5373/2/2 5374/2/2 5078/2/2
f 5064/2/3 5366/2/3 5373/2/3 5063/2/3
f 5366/2/6 5375/2/6 5374/2/6 5373/2/6
f 5064/2/5 5063/2/5 5078/2/5 5072/2/5
f 5065/4/1 5073/4/1 5376/4/1 5367/4/1
f 5067/4/3 5368/4/3 5369/4/3 5068/4/3
f 5371/1/2 5370/1/2 5377/1/2 5378/1/2
f 5070/1/5 5371/1/5 5378/1/5 5076/1/5
f 5071/7/1 5077/7/1 5379/7/1 5372/7/1
f 5078/7/2 5374/7/2 5380/7/2 5079/7/2
f 5073/4/1 5080/4/1 5381/4/1 5376/4/1
f 5090/12/4 5081/12/4 5382/12/4 5383/12/4
f 5081/12/4 5082/12/4 5384/12/4 5382/12/4
f 5075/12/5 5074/12/5 5082/12/5 5081/12/5
f 5378/1/2 5377/1/2 5385/1/2 5386/1/2
f 5076/1/5 5378/1/5 5386/1/5 5083/1/5
f 5077/7/1 5084/7/1 5387/7/1 5379/7/1
f 5079/7/2 5380/7/2 5388/7/2 5085/7/2
f 5080/4/1 5087/4/1 5389/4/1 5381/4/1
f 5090/4/2 5383/4/2 5390/4/2 5089/4/2
f 5082/11/1 5091/11/1 5391/11/1 5384/11/1
f 5091/11/4 5092/11/4 5392/11/4 5391/11/4
f 5092/11/4 5093/11/4 5393/11/4 5392/11/4
f 5093/11/4 5094/11/4 5394/11/4 5393/11/4
f 5386/1/2 5385/1/2 5395/1/2 5396/1/2
f 5083/1/5 5386/1/5 5396/1/5 5098/1/5
f 5084/7/1 5099/7/1 5397/7/1 5387/7/1
f 5085/7/2 5388/7/2 5398/7/2 5120/7/2
f 5100/7/4 5120/7/4 5398/7/4 5399/7/4
f 5086/7/5 5085/7/5 5120/7/5 5100/7/5
f 5087/4/1 5101/4/1 5400/4/1 5389/4/1
f 5103/4/4 5102/4/4 5401/4/4 5402/4/4
f 5102/4/4 5104/4/4 5403/4/4 5401/4/4
f 5104/4/4 5105/4/4 5404/4/4 5403/4/4
f 5089/4/2 5390/4/2 5405/4/2 5106/4/2
f 5105/4/4 5106/4/4 5405/4/4 5404/4/4
f 5094/4/1 5107/4/1 5406/4/1 5394/4/1
f 5107/4/4 5108/4/4 5407/4/4 5406/4/4
f 5108/6/4 5109/6/4 5408/6/4 5407/6/4
f 5109/4/4 5409/4/4 5410/4/4 5408/4/4
f 5096/4/5 5095/4/5 5409/4/5 5109/4/5
f 5409/4/4 5110/4/4 5411/4/4 5410/4/4
f 5095/4/5 5097/4/5 5110/4/5 5409/4/5
f 5110/4/4 5111/4/4 5412/4/4 5411/4/4
f 5111/4/4 5112/4/4 5413/4/4 5412/4/4
f 5112/4/4 5113/4/4 5414/4/4 5413/4/4
f 5113/4/4 5114/4/4 5415/4/4 5414/4/4
f 5114/4/4 5115/4/4 5416/4/4 5415/4/4
f 5115/4/4 5116/4/4 5417/4/4 5416/4/4
f 5116/1/4 5128/1/4 5418/1/4 5417/1/4
f 5128/1/4 5130/1/4 5419/1/4 5418/1/4
f 5130/3/4 5132/3/4 5420/3/4 5419/3/4
f 5132/3/4 5134/3/4 5421/3/4 5420/3/4
f 5134/1/4 5136/1/4 5422/1/4 5421/1/4
f 5136/1/4 5138/1/4 5423/1/4 5422/1/4
f 5138/1/4 5140/1/4 5424/1/4 5423/1/4
f 5140/1/4 5142/1/4 5425/1/4 5424/1/4
f 5396/1/2 5395/1/2 5426/1/2 5427/1/2
f 5098/1/5 5396/1/5 5427/1/5 5117/1/5
f 5099/7/1 5118/7/1 5428/7/1 5397/7/1
f 5100/7/2 5399/7/2 5429/7/2 5123/7/2
f 5101/4/1 5124/4/1 5430/4/1 5400/4/1
f 5103/4/2 5402/4/2 5431/4/2 5125/4/2
f 5142/1/1 5141/1/1 5432/1/1 5425/1/1
f 5427/1/2 5426/1/2 5433/1/2 5434/1/2
f 5117/1/5 5427/1/5 5434/1/5 5143/1/5
f 5118/7/1 5144/7/1 5435/7/1 5428/7/1
f 5123/7/2 5429/7/2 5436/7/2 5145/7/2
f 5124/4/1 5146/4/1 5437/4/1 5430/4/1
f 5125/6/2 5431/6/2 5438/6/2 5147/6/2
f 5148/6/4 5147/6/4 5438/6/4 5439/6/4
f 5126/3/1 5149/3/1 5440/3/1 5441/3/1
f 5126/3/3 5441/3/3 5442/3/3 5127/3/3
f 5127/3/3 5442/3/3 5443/3/3 5129/3/3
f 5129/3/3 5443/3/3 5444/3/3 5131/3/3
f 5131/3/3 5444/3/3 5445/3/3 5133/3/3
f 5133/1/3 5445/1/3 5446/1/3 5135/1/3
f 5135/1/3 5446/1/3 5447/1/3 5137/1/3
f 5137/1/3 5447/1/3 5448/1/3 5139/1/3
f 5139/1/3 5448/1/3 5432/1/3 5141/1/3
f 5434/1/2 5433/1/2 5449/1/2 5156/1/2
f 5143/1/5 5434/1/5 5156/1/5 5150/1/5
f 5144/7/1 5151/7/1 5450/7/1 5435/7/1
f 5145/7/2 5436/7/2 5451/7/2 5152/7/2
f 5452/7/6 5453/7/6 5451/7/6 5436/7/6
f 5148/6/2 5439/6/2 5454/6/2 5153/6/2
f 5146/6/1 5154/6/1 5455/6/1 5437/6/1
f 5149/3/1 5155/3/1 5456/3/1 5440/3/1
f 5156/1/3 5449/1/3 5457/1/3 5157/1/3
f 5157/1/3 5457/1/3 5458/1/3 5158/1/3
f 5158/1/3 5458/1/3 5459/1/3 5159/1/3
f 5159/1/3 5459/1/3 5450/1/3 5151/1/3
f 5152/1/2 5451/1/2 5460/1/2 5160/1/2
f 5153/4/2 5454/4/2 5461/4/2 5161/4/2
f 5154/4/1 5162/4/1 5462/4/1 5455/4/1
f 5162/4/4 5161/4/4 5461/4/4 5462/4/4
f 5155/3/1 5163/3/1 5463/3/1 5456/3/1
f 5163/3/4 5164/3/4 5464/3/4 5463/3/4
f 5160/1/2 5460/1/2 5465/1/2 5165/1/2
f 5164/3/1 5166/3/1 5466/3/1 5464/3/1
f 5172/1/4 5173/1/4 5467/1/4 5468/1/4
f 5173/1/4 5175/1/4 5469/1/4 5467/1/4
f 5470/1/2 5471/1/2 5472/1/2 5179/1/2
f 5165/1/3 5465/1/3 5471/1/3 5470/1/3
f 5167/1/4 5179/1/4 5472/1/4 5473/1/4
f 5165/1/5 5470/1/5 5179/1/5 5167/1/5
f 5474/3/1 5183/3/1 5475/3/1 5476/3/1
f 5474/3/3 5476/3/3 5466/3/3 5166/3/3
f 5474/3/5 5166/3/5 5168/3/5 5183/3/5
f 5188/3/4 5170/3/4 5477/3/4 5478/3/4
f 5172/1/2 5468/1/2 5479/1/2 5169/1/2
f 5170/1/4 5169/1/4 5479/1/4 5477/1/4
f 5175/1/1 5174/1/1 5480/1/1 5469/1/1
f 5177/1/4 5176/1/4 5481/1/4 5482/1/4
f 5167/1/2 5473/1/2 5483/1/2 5181/1/2
f 5183/3/1 5182/3/1 5484/3/1 5475/3/1
f 5182/3/4 5184/3/4 5485/3/4 5484/3/4
f 5184/3/4 5201/3/4 5486/3/4 5485/3/4
f 5188/3/2 5478/3/2 5487/3/2 5187/3/2
f 5174/1/1 5190/1/1 5488/1/1 5480/1/1
f 5190/1/4 5191/1/4 5489/1/4 5488/1/4
f 5191/1/4 5205/1/4 5490/1/4 5489/1/4
f 5205/1/4 5193/1/4 5491/1/4 5490/1/4
f 5177/1/2 5482/1/2 5492/1/2 5194/1/2
f 5192/1/4 5194/1/4 5492/1/4 5493/1/4
f 5176/1/1 5195/1/1 5494/1/1 5481/1/1
f 5181/1/2 5483/1/2 5495/1/2 5196/1/2
f 5197/1/4 5196/1/4 5495/1/4 5496/1/4
f 5187/1/2 5487/1/2 5497/1/2 5202/1/2
f 5201/1/1 5200/1/1 5498/1/1 5486/1/1
f 5200/1/4 5202/1/4 5497/1/4 5498/1/4
f 5192/2/2 5493/2/2 5499/2/2 5500/2/2
f 5193/2/1 5206/2/1 5501/2/1 5491/2/1
f 5206/2/4 5500/2/4 5499/2/4 5501/2/4
f 5491/2/6 5501/2/6 5499/2/6 5493/2/6
f 5193/2/5 5192/2/5 5500/2/5 5206/2/5
f 5195/2/1 5208/2/1 5502/2/1 5494/2/1
f 5208/2/4 5209/2/4 5503/2/4 5502/2/4
f 5494/2/6 5502/2/6 5503/2/6 5504/2/6
f 5209/2/4 5210/2/4 5505/2/4 5503/2/4
f 5210/2/4 5212/2/4 5506/2/4 5505/2/4
f 5507/2/6 5505/2/6 5506/2/6 5508/2/6
f 5197/2/2 5496/2/2 5509/2/2 5213/2/2
f 5212/2/4 5213/2/4 5509/2/4 5506/2/4
f 5508/2/6 5506/2/6 5509/2/6 5496/2/6
f 5219/2/1 5218/2/1 5510/2/1 5511/2/1
f 5219/2/3 5511/2/3 5512/2/3 5220/2/3
f 5220/3/3 5512/3/3 5513/3/3 5221/3/3
f 5221/3/3 5513/3/3 5514/3/3 5222/3/3
f 5222/1/3 5514/1/3 5515/1/3 5223/1/3
f 5226/1/2 5516/1/2 5517/1/2 5225/1/2
f 5223/1/3 5515/1/3 5516/1/3 5226/1/3
f 5515/1/6 5518/1/6 5517/1/6 5516/1/6
f 5223/1/5 5226/1/5 5225/1/5 5224/1/5
f 5229/1/2 5519/1/2 5520/1/2 5232/1/2
f 5227/1/1 5228/1/1 5521/1/1 5522/1/1
f 5227/1/3 5522/1/3 5519/1/3 5229/1/3
f 5522/1/6 5521/1/6 5520/1/6 5519/1/6
f 5240/1/2 5523/1/2 5524/1/2 5241/1/2
f 5244/1/1 5243/1/1 5525/1/1 5526/1/1
f 5244/1/3 5526/1/3 5523/1/3 5240/1/3
f 5526/1/6 5525/1/6 5524/1/6 5523/1/6
f 5527/1/2 5528/1/2 5529/1/2 5530/1/2
f 5531/1/1 5532/1/1 5533/1/1 5534/1/1
f 5531/1/3 5534/1/3 5528/1/3 5527/1/3
f 5534/1/6 5533/1/6 5529/1/6 5528/1/6
f 5531/1/5 5527/1/5 5530/1/5 5532/1/5
f 5218/2/1 5245/2/1 5535/2/1 5510/2/1
f 5225/1/3 5517/1/3 5521/1/3 5228/1/3
f 5517/1/6 5536/1/6 5537/1/6 5521/1/6
f 5231/2/2 5538/2/2 5539/2/2 5246/2/2
f 5232/2/3 5520/2/3 5538/2/3 5231/2/3
f 5238/2/1 5247/2/1 5540/2/1 5541/2/1
f 5238/2/3 5541/2/3 5542/2/3 5235/2/3
f 5249/1/2 5543/1/2 5544/1/2 5250/1/2
f 5235/1/3 5542/1/3 5543/1/3 5249/1/3
f 5542/1/6 5545/1/6 5544/1/6 5543/1/6
f 5546/1/1 5257/1/1 5547/1/1 5548/1/1
f 5546/1/3 5548/1/3 5525/1/3 5243/1/3
f 5546/1/5 5243/1/5 5251/1/5 5257/1/5
f 5241/1/3 5524/1/3 5549/1/3 5252/1/3
f 5252/1/3 5549/1/3 5550/1/3 5551/1/3
f 5252/1/5 5551/1/5 5258/1/5 5253/1/5
f 5551/1/3 5550/1/3 5533/1/3 5532/1/3
f 5551/1/5 5532/1/5 5259/1/5 5258/1/5
f 5530/1/2 5529/1/2 5552/1/2 5260/1/2
f 5532/1/5 5530/1/5 5260/1/5 5259/1/5
f 5245/2/1 5254/2/1 5553/2/1 5535/2/1
f 5246/2/3 5539/2/3 5540/2/3 5247/2/3
f 5250/1/3 5544/1/3 5547/1/3 5257/1/3
f 5250/1/5 5257/1/5 5256/1/5 5255/1/5
f 5260/1/2 5552/1/2 5554/1/2 5261/1/2
f 5555/2/1 5556/2/1 5557/2/1 5558/2/1
f 5555/2/3 5558/2/3 5553/2/3 5254/2/3
f 5556/2/4 5263/2/4 5559/2/4 5557/2/4
f 5558/2/6 5557/2/6 5559/2/6 5553/2/6
f 5555/2/5 5254/2/5 5263/2/5 5556/2/5
f 5261/1/2 5554/1/2 5560/1/2 5264/1/2
f 5263/2/1 5267/2/1 5561/2/1 5559/2/1
f 5264/1/2 5560/1/2 5562/1/2 5563/1/2
f 5268/1/4 5563/1/4 5562/1/4 5564/1/4
f 5266/1/5 5264/1/5 5563/1/5 5268/1/5
f 5267/3/1 5269/3/1 5565/3/1 5561/3/1
f 5268/1/2 5564/1/2 5566/1/2 5270/1/2
f 5269/3/1 5271/3/1 5567/3/1 5565/3/1
f 5270/7/2 5566/7/2 5568/7/2 5272/7/2
f 5271/3/1 5273/3/1 5569/3/1 5567/3/1
f 5272/7/2 5568/7/2 5570/7/2 5276/7/2
f 5571/3/1 5572/3/1 5573/3/1 5574/3/1
f 5571/3/3 5574/3/3 5569/3/3 5273/3/3
f 5572/3/4 5277/3/4 5575/3/4 5573/3/4
f 5574/3/6 5573/3/6 5575/3/6 5569/3/6
f 5571/3/5 5273/3/5 5277/3/5 5572/3/5
f 5275/2/2 5576/2/2 5577/2/2 5285/2/2
f 5276/2/3 5570/2/3 5576/2/3 5275/2/3
f 5276/2/5 5275/2/5 5285/2/5 5278/2/5
f 5277/3/1 5279/3/1 5578/3/1 5575/3/1
f 5281/1/4 5280/1/4 5579/1/4 5580/1/4
f 5280/1/4 5282/1/4 5581/1/4 5579/1/4
f 5282/1/4 5283/1/4 5582/1/4 5581/1/4
f 5283/1/4 5284/1/4 5583/1/4 5582/1/4
f 5285/7/2 5577/7/2 5584/7/2 5286/7/2
f 5279/3/1 5289/3/1 5585/3/1 5578/3/1
f 5281/1/2 5580/1/2 5586/1/2 5290/1/2
f 5291/1/4 5290/1/4 5586/1/4 5587/1/4
f 5284/7/1 5292/7/1 5588/7/1 5583/7/1
f 5286/7/2 5584/7/2 5589/7/2 5293/7/2
f 5590/7/6 5591/7/6 5589/7/6 5584/7/6
f 5294/4/2 5592/4/2 5593/4/2 5295/4/2
f 5297/4/1 5296/4/1 5594/4/1 5595/4/1
f 5297/4/3 5595/4/3 5592/4/3 5294/4/3
f 5287/3/1 5298/3/1 5596/3/1 5597/3/1
f 5287/3/3 5597/3/3 5585/3/3 5289/3/3
f 5597/3/6 5596/3/6 5598/3/6 5585/3/6
f 5291/1/2 5587/1/2 5599/1/2 5299/1/2
f 5290/1/1 5300/1/1 5600/1/1 5586/1/1
f 5290/1/3 5586/1/3 5601/1/3 5301/1/3
f 5301/1/3 5601/1/3 5602/1/3 5302/1/3
f 5302/1/3 5602/1/3 5603/1/3 5303/1/3
f 5303/1/3 5603/1/3 5588/1/3 5292/1/3
f 5293/7/2 5589/7/2 5604/7/2 5304/7/2
f 5320/7/4 5304/7/4 5604/7/4 5605/7/4
f 5591/7/6 5605/7/6 5604/7/6 5589/7/6
f 5296/4/1 5305/4/1 5606/4/1 5594/4/1
f 5306/4/2 5607/4/2 5608/4/2 5307/4/2
f 5295/4/3 5593/4/3 5607/4/3 5306/4/3
f 5311/10/2 5609/10/2 5610/10/2 5313/10/2
f 5310/10/1 5309/10/1 5611/10/1 5612/10/1
f 5310/10/3 5612/10/3 5609/10/3 5311/10/3
f 5315/10/2 5613/10/2 5614/10/2 5316/10/2
f 5312/10/1 5314/10/1 5615/10/1 5616/10/1
f 5312/10/3 5616/10/3 5613/10/3 5315/10/3
f 5298/3/1 5317/3/1 5617/3/1 5596/3/1
f 5299/1/3 5599/1/3 5600/1/3 5300/1/3
f 5599/1/6 5618/1/6 5619/1/6 5600/1/6
f 5320/7/2 5605/7/2 5620/7/2 5319/7/2
f 5305/4/1 5321/4/1 5621/4/1 5606/4/1
f 5307/4/3 5608/4/3 5622/4/3 5322/4/3
f 5322/4/3 5622/4/3 5623/4/3 5323/4/3
f 5323/4/3 5623/4/3 5624/4/3 5324/4/3
f 5324/4/3 5624/4/3 5625/4/3 5325/4/3
f 5325/4/3 5625/4/3 5626/4/3 5326/4/3
f 5326/4/3 5626/4/3 5611/4/3 5309/4/3
f 5313/4/3 5610/4/3 5615/4/3 5314/4/3
f 5316/4/3 5614/4/3 5627/4/3 5327/4/3
f 5327/4/3 5627/4/3 5628/4/3 5328/4/3
f 5328/4/3 5628/4/3 5629/4/3 5329/4/3
f 5329/4/3 5629/4/3 5630/4/3 5330/4/3
f 5330/4/3 5630/4/3 5631/4/3 5331/4/3
f 5331/4/3 5631/4/3 5632/4/3 5332/4/3
f 5332/4/3 5632/4/3 5633/4/3 5333/4/3
f 5333/4/3 5633/4/3 5634/4/3 5334/4/3
f 5335/4/2 5635/4/2 5636/4/2 5336/4/2
f 5334/4/3 5634/4/3 5635/4/3 5335/4/3
f 5634/4/6 5637/4/6 5636/4/6 5635/4/6
f 5317/3/1 5337/3/1 5638/3/1 5617/3/1
f 5618/1/6 5639/1/6 5640/1/6 5619/1/6
f 5319/7/2 5620/7/2 5641/7/2 5338/7/2
f 5321/4/1 5339/4/1 5642/4/1 5621/4/1
f 5336/4/3 5636/4/3 5638/4/3 5337/4/3
f 5639/1/6 5643/1/6 5644/1/6 5640/1/6
f 5338/7/2 5641/7/2 5645/7/2 5342/7/2
f 5339/4/1 5343/4/1 5646/4/1 5642/4/1
f 5643/1/6 5647/1/6 5648/1/6 5644/1/6
f 5342/7/2 5645/7/2 5649/7/2 5344/7/2
f 5343/4/1 5345/4/1 5650/4/1 5646/4/1
f 5647/1/6 5651/1/6 5652/1/6 5648/1/6
f 5344/7/2 5649/7/2 5653/7/2 5348/7/2
f 5345/4/1 5349/4/1 5654/4/1 5650/4/1
f 5651/1/6 5655/1/6 5656/1/6 5652/1/6
f 5347/7/2 5657/7/2 5658/7/2 5353/7/2
f 5348/7/3 5653/7/3 5657/7/3 5347/7/3
f 5348/7/5 5347/7/5 5353/7/5 5350/7/5
f 5349/4/1 5351/4/1 5659/4/1 5654/4/1
f 5353/7/2 5658/7/2 5660/7/2 5354/7/2
f 5351/4/1 5356/4/1 5661/4/1 5659/4/1
f 5354/7/2 5660/7/2 5662/7/2 5663/7/2
f 5357/7/4 5663/7/4 5662/7/4 5664/7/4
f 5355/7/5 5354/7/5 5663/7/5 5357/7/5
f 5356/4/1 5358/4/1 5665/4/1 5661/4/1
f 5362/1/4 5361/1/4 5666/1/4 5667/1/4
f 5361/1/4 5363/1/4 5668/1/4 5666/1/4
f 5363/1/4 5364/1/4 5669/1/4 5668/1/4
f 5364/1/4 5365/1/4 5670/1/4 5669/1/4
f 5357/7/2 5664/7/2 5671/7/2 5366/7/2
f 5358/4/1 5367/4/1 5672/4/1 5665/4/1
f 5360/4/5 5359/4/5 5369/4/5 5368/4/5
f 5362/1/2 5667/1/2 5673/1/2 5370/1/2
f 5365/7/1 5372/7/1 5674/7/1 5670/7/1
f 5366/7/2 5671/7/2 5675/7/2 5375/7/2
f 5367/4/1 5376/4/1 5676/4/1 5672/4/1
f 5370/1/2 5673/1/2 5677/1/2 5377/1/2
f 5372/7/1 5379/7/1 5678/7/1 5674/7/1
f 5374/7/2 5679/7/2 5680/7/2 5380/7/2
f 5375/7/3 5675/7/3 5679/7/3 5374/7/3
f 5675/7/6 5681/7/6 5680/7/6 5679/7/6
f 5376/4/1 5381/4/1 5682/4/1 5676/4/1
f 5383/12/4 5382/12/4 5683/12/4 5684/12/4
f 5382/12/4 5384/12/4 5685/12/4 5683/12/4
f 5377/1/2 5677/1/2 5686/1/2 5385/1/2
f 5379/7/1 5387/7/1 5687/7/1 5678/7/1
f 5380/7/2 5680/7/2 5688/7/2 5388/7/2
f 5381/4/1 5389/4/1 5689/4/1 5682/4/1
f 5383/4/2 5684/4/2 5690/4/2 5390/4/2
f 5384/11/1 5391/11/1 5691/11/1 5685/11/1
f 5391/11/4 5392/11/4 5692/11/4 5691/11/4
f 5392/11/4 5393/11/4 5693/11/4 5692/11/4
f 5393/11/4 5394/11/4 5694/11/4 5693/11/4
f 5385/1/2 5686/1/2 5695/1/2 5395/1/2
f 5387/7/1 5397/7/1 5696/7/1 5687/7/1
f 5388/7/2 5688/7/2 5697/7/2 5398/7/2
f 5399/7/4 5398/7/4 5697/7/4 5698/7/4
f 5389/4/1 5400/4/1 5699/4/1 5689/4/1
f 5402/4/4 5401/4/4 5700/4/4 5701/4/4
f 5401/4/4 5403/4/4 5702/4/4 5700/4/4
f 5403/4/4 5404/4/4 5703/4/4 5702/4/4
f 5390/4/2 5690/4/2 5704/4/2 5405/4/2
f 5404/4/4 5405/4/4 5704/4/4 5703/4/4
f 5394/4/1 5406/4/1 5705/4/1 5694/4/1
f 5406/4/4 5407/4/4 5706/4/4 5705/4/4
f 5407/6/4 5408/6/4 5707/6/4 5706/6/4
f 5408/6/4 5410/6/4 5708/6/4 5707/6/4
f 5410/6/4 5411/6/4 5709/6/4 5708/6/4
f 5411/4/4 5412/4/4 5710/4/4 5709/4/4
f 5412/4/4 5413/4/4 5711/4/4 5710/4/4
f 5413/4/4 5414/4/4 5712/4/4 5711/4/4
f 5414/4/4 5415/4/4 5713/4/4 5712/4/4
f 5416/4/4 5417/4/4 5714/4/4 5715/4/4
f 5417/1/4 5418/1/4 5716/1/4 5714/1/4
f 5418/3/4 5419/3/4 5717/3/4 5716/3/4
f 5419/3/4 5420/3/4 5718/3/4 5717/3/4
f 5420/3/4 5421/3/4 5719/3/4 5718/3/4
f 5421/1/4 5422/1/4 5720/1/4 5719/1/4
f 5422/1/4 5423/1/4 5721/1/4 5720/1/4
f 5423/1/4 5424/1/4 5722/1/4 5721/1/4
f 5424/1/4 5425/1/4 5723/1/4 5722/1/4
f 5395/1/2 5695/1/2 5724/1/2 5426/1/2
f 5397/7/1 5428/7/1 5725/7/1 5696/7/1
f 5399/7/2 5698/7/2 5726/7/2 5429/7/2
f 5400/4/1 5430/4/1 5727/4/1 5699/4/1
f 5402/4/2 5701/4/2 5728/4/2 5431/4/2
f 5416/4/2 5715/4/2 5729/4/2 5730/4/2
f 5415/4/1 5731/4/1 5732/4/1 5713/4/1
f 5415/4/5 5416/4/5 5730/4/5 5731/4/5
f 5425/1/1 5432/1/1 5733/1/1 5723/1/1
f 5426/1/2 5724/1/2 5734/1/2 5433/1/2
f 5428/7/1 5435/7/1 5735/7/1 5725/7/1
f 5429/7/2 5726/7/2 5736/7/2 5436/7/2
f 5452/7/4 5436/7/4 5736/7/4 5737/7/4
f 5430/4/1 5437/4/1 5738/4/1 5727/4/1
f 5431/6/2 5728/6/2 5739/6/2 5438/6/2
f 5439/6/4 5438/6/4 5739/6/4 5740/6/4
f 5730/4/2 5729/4/2 5741/4/2 5742/4/2
f 5731/4/1 5743/4/1 5744/4/1 5732/4/1
f 5743/4/4 5742/4/4 5741/4/4 5744/4/4
f 5731/4/5 5730/4/5 5742/4/5 5743/4/5
f 5441/2/1 5440/2/1 5745/2/1 5746/2/1
f 5441/2/3 5746/2/3 5747/2/3 5442/2/3
f 5442/3/3 5747/3/3 5748/3/3 5443/3/3
f 5443/3/3 5748/3/3 5749/3/3 5444/3/3
f 5444/3/3 5749/3/3 5750/3/3 5445/3/3
f 5445/3/3 5750/3/3 5751/3/3 5446/3/3
f 5446/1/3 5751/1/3 5752/1/3 5447/1/3
f 5447/1/3 5752/1/3 5753/1/3 5448/1/3
f 5448/1/3 5753/1/3 5733/1/3 5432/1/3
f 5433/1/2 5734/1/2 5754/1/2 5449/1/2
f 5435/7/1 5450/7/1 5755/7/1 5735/7/1
f 5452/7/2 5737/7/2 5756/7/2 5453/7/2
f 5439/4/2 5740/4/2 5757/4/2 5454/4/2
f 5437/4/1 5455/4/1 5758/4/1 5738/4/1
f 5440/3/1 5456/3/1 5759/3/1 5745/3/1
f 5449/1/3 5754/1/3 5760/1/3 5457/1/3
f 5457/1/3 5760/1/3 5761/1/3 5458/1/3
f 5458/1/3 5761/1/3 5762/1/3 5459/1/3
f 5459/1/3 5762/1/3 5755/1/3 5450/1/3
f 5451/1/2 5763/1/2 5764/1/2 5460/1/2
f 5453/1/3 5756/1/3 5763/1/3 5451/1/3
f 5454/4/2 5757/4/2 5765/4/2 5461/4/2
f 5455/4/1 5462/4/1 5766/4/1 5758/4/1
f 5462/4/4 5461/4/4 5765/4/4 5766/4/4
f 5456/3/1 5463/3/1 5767/3/1 5759/3/1
f 5463/3/4 5464/3/4 5768/3/4 5767/3/4
f 5769/1/2 5770/1/2 5771/1/2 5471/1/2
f 5460/1/3 5764/1/3 5770/1/3 5769/1/3
f 5764/1/6 5772/1/6 5771/1/6 5770/1/6
f 5460/1/5 5769/1/5 5471/1/5 5465/1/5
f 5464/3/1 5466/3/1 5773/3/1 5768/3/1
f 5468/1/4 5467/1/4 5774/1/4 5775/1/4
f 5471/1/2 5771/1/2 5776/1/2 5472/1/2
f 5476/3/1 5475/3/1 5777/3/1 5778/3/1
f 5476/3/3 5778/3/3 5773/3/3 5466/3/3
f 5778/3/6 5777/3/6 5779/3/6 5773/3/6
f 5478/3/4 5477/3/4 5780/3/4 5781/3/4
f 5468/1/2 5775/1/2 5782/1/2 5479/1/2
f 5467/1/1 5783/1/1 5784/1/1 5774/1/1
f 5467/1/5 5469/1/5 5480/1/5 5783/1/5
f 5482/1/4 5481/1/4 5785/1/4 5786/1/4
f 5472/1/2 5776/1/2 5787/1/2 5788/1/2
f 5483/1/4 5788/1/4 5787/1/4 5789/1/4
f 5473/1/5 5472/1/5 5788/1/5 5483/1/5
f 5475/3/1 5484/3/1 5790/3/1 5777/3/1
f 5485/3/4 5486/3/4 5791/3/4 5792/3/4
f 5478/3/2 5781/3/2 5793/3/2 5487/3/2
f 5479/2/2 5782/2/2 5794/2/2 5795/2/2
f 5477/2/1 5796/2/1 5797/2/1 5780/2/1
f 5796/2/4 5795/2/4 5794/2/4 5797/2/4
f 5780/2/6 5797/2/6 5794/2/6 5782/2/6
f 5477/2/5 5479/2/5 5795/2/5 5796/2/5
f 5783/2/1 5798/2/1 5799/2/1 5784/2/1
f 5798/2/4 5488/2/4 5800/2/4 5799/2/4
f 5783/2/5 5480/2/5 5488/2/5 5798/2/5
f 5488/2/4 5489/2/4 5801/2/4 5800/2/4
f 5490/1/4 5491/1/4 5802/1/4 5803/1/4
f 5491/1/4 5493/1/4 5804/1/4 5802/1/4
f 5482/1/2 5786/1/2 5805/1/2 5492/1/2
f 5493/1/4 5492/1/4 5805/1/4 5804/1/4
f 5481/1/1 5494/1/1 5806/1/1 5785/1/1
f 5494/1/4 5504/1/4 5807/1/4 5806/1/4
f 5507/1/4 5508/1/4 5808/1/4 5809/1/4
f 5508/1/4 5496/1/4 5810/1/4 5808/1/4
f 5483/1/2 5789/1/2 5811/1/2 5495/1/2
f 5496/1/4 5495/1/4 5811/1/4 5810/1/4
f 5485/1/2 5792/1/2 5812/1/2 5813/1/2
f 5484/1/1 5814/1/1 5815/1/1 5790/1/1
f 5814/1/4 5813/1/4 5812/1/4 5815/1/4
f 5484/1/5 5485/1/5 5813/1/5 5814/1/5
f 5487/1/2 5793/1/2 5816/1/2 5497/1/2
f 5486/1/1 5498/1/1 5817/1/1 5791/1/1
f 5498/1/4 5497/1/4 5816/1/4 5817/1/4
f 5490/2/2 5803/2/2 5818/2/2 5819/2/2
f 5489/2/1 5820/2/1 5821/2/1 5801/2/1
f 5820/2/4 5819/2/4 5818/2/4 5821/2/4
f 5801/2/6 5821/2/6 5818/2/6 5803/2/6
f 5489/2/5 5490/2/5 5819/2/5 5820/2/5
f 5507/1/2 5809/1/2 5822/1/2 5505/1/2
f 5504/1/1 5503/1/1 5823/1/1 5807/1/1
f 5503/1/4 5505/1/4 5822/1/4 5823/1/4
f 5807/1/6 5823/1/6 5822/1/6 5809/1/6
f 5511/2/1 5510/2/1 5824/2/1 5825/2/1
f 5511/2/3 5825/2/3 5826/2/3 5512/2/3
f 5512/3/3 5826/3/3 5827/3/3 5513/3/3
f 5513/3/3 5827/3/3 5828/3/3 5514/3/3
f 5515/1/2 5829/1/2 5830/1/2 5518/1/2
f 5514/1/3 5828/1/3 5829/1/3 5515/1/3
f 5828/1/6 5831/1/6 5830/1/6 5829/1/6
f 5832/2/2 5833/2/2 5834/2/2 5542/2/2
f 5835/2/1 5541/2/1 5836/2/1 5837/2/1
f 5835/2/3 5837/2/3 5833/2/3 5832/2/3
f 5837/2/6 5836/2/6 5834/2/6 5833/2/6
f 5835/2/5 5832/2/5 5542/2/5 5541/2/5
f 5838/1/2 5839/1/2 5840/1/2 5550/1/2
f 5841/1/1 5549/1/1 5842/1/1 5843/1/1
f 5841/1/3 5843/1/3 5839/1/3 5838/1/3
f 5843/1/6 5842/1/6 5840/1/6 5839/1/6
f 5841/1/5 5838/1/5 5550/1/5 5549/1/5
f 5510/3/1 5535/3/1 5844/3/1 5824/3/1
f 5517/1/2 5845/1/2 5846/1/2 5536/1/2
f 5518/1/3 5830/1/3 5845/1/3 5517/1/3
f 5521/1/1 5537/1/1 5847/1/1 5848/1/1
f 5521/1/3 5848/1/3 5849/1/3 5520/1/3
f 5520/1/3 5849/1/3 5850/1/3 5538/1/3
f 5538/2/3 5850/2/3 5836/2/3 5541/2/3
f 5538/2/5 5541/2/5 5540/2/5 5539/2/5
f 5542/1/2 5834/1/2 5851/1/2 5545/1/2
f 5543/2/1 5544/2/1 5852/2/1 5853/2/1
f 5543/2/3 5853/2/3 5854/2/3 5548/2/3
f 5543/2/5 5548/2/5 5547/2/5 5544/2/5
f 5548/1/3 5854/1/3 5855/1/3 5525/1/3
f 5525/1/3 5855/1/3 5856/1/3 5524/1/3
f 5524/1/3 5856/1/3 5842/1/3 5549/1/3
f 5550/1/3 5840/1/3 5857/1/3 5533/1/3
f 5529/1/2 5858/1/2 5859/1/2 5552/1/2
f 5533/1/3 5857/1/3 5858/1/3 5529/1/3
f 5535/3/1 5553/3/1 5860/3/1 5844/3/1
f 5536/1/3 5846/1/3 5847/1/3 5537/1/3
f 5545/2/3 5851/2/3 5852/2/3 5544/2/3
f 5552/1/2 5859/1/2 5861/1/2 5554/1/2
f 5553/3/1 5559/3/1 5862/3/1 5860/3/1
f 5554/1/2 5861/1/2 5863/1/2 5560/1/2
f 5557/3/1 5864/3/1 5865/3/1 5866/3/1
f 5557/3/3 5866/3/3 5862/3/3 5559/3/3
f 5864/3/4 5561/3/4 5867/3/4 5865/3/4
f 5557/3/5 5559/3/5 5561/3/5 5864/3/5
f 5560/1/2 5863/1/2 5868/1/2 5562/1/2
f 5564/1/4 5562/1/4 5868/1/4 5869/1/4
f 5870/1/6 5869/1/6 5868/1/6 5863/1/6
f 5561/3/1 5565/3/1 5871/3/1 5867/3/1
f 5564/1/2 5869/1/2 5872/1/2 5566/1/2
f 5565/3/1 5567/3/1 5873/3/1 5871/3/1
f 5874/2/2 5875/2/2 5876/2/2 5877/2/2
f 5566/2/3 5872/2/3 5875/2/3 5874/2/3
f 5566/2/5 5874/2/5 5877/2/5 5568/2/5
f 5567/3/1 5569/3/1 5878/3/1 5873/3/1
f 5877/7/2 5876/7/2 5879/7/2 5576/7/2
f 5880/7/6 5881/7/6 5879/7/6 5876/7/6
f 5568/7/5 5877/7/5 5576/7/5 5570/7/5
f 5569/3/1 5575/3/1 5882/3/1 5878/3/1
f 5576/7/2 5879/7/2 5883/7/2 5577/7/2
f 5575/3/1 5578/3/1 5884/3/1 5882/3/1
f 5580/1/4 5579/1/4 5885/1/4 5886/1/4
f 5579/1/4 5581/1/4 5887/1/4 5885/1/4
f 5581/1/4 5582/1/4 5888/1/4 5887/1/4
f 5582/1/4 5583/1/4 5889/1/4 5888/1/4
f 5577/7/2 5883/7/2 5890/7/2 5584/7/2
f 5590/7/4 5584/7/4 5890/7/4 5891/7/4
f 5578/3/1 5585/3/1 5892/3/1 5884/3/1
f 5580/1/2 5886/1/2 5893/1/2 5586/1/2
f 5587/1/4 5586/1/4 5893/1/4 5894/1/4
f 5583/7/1 5588/7/1 5895/7/1 5889/7/1
f 5590/7/2 5891/7/2 5896/7/2 5591/7/2
f 5592/4/2 5897/4/2 5898/4/2 5593/4/2
f 5595/4/1 5594/4/1 5899/4/1 5900/4/1
f 5595/4/3 5900/4/3 5897/4/3 5592/4/3
f 5585/3/1 5598/3/1 5901/3/1 5892/3/1
f 5587/1/2 5894/1/2 5902/1/2 5599/1/2
f 5586/1/1 5600/1/1 5903/1/1 5893/1/1
f 5586/1/3 5893/1/3 5904/1/3 5601/1/3
f 5601/1/3 5904/1/3 5905/1/3 5602/1/3
f 5602/1/3 5905/1/3 5906/1/3 5603/1/3
f 5603/1/3 5906/1/3 5895/1/3 5588/1/3
f 5591/7/2 5896/7/2 5907/7/2 5605/7/2
f 5594/4/1 5606/4/1 5908/4/1 5899/4/1
f 5607/4/2 5909/4/2 5910/4/2 5608/4/2
f 5593/4/3 5898/4/3 5909/4/3 5607/4/3
f 5612/10/1 5611/10/1 5911/10/1 5912/10/1
f 5612/10/3 5912/10/3 5913/10/3 5609/10/3
f 5912/10/6 5911/10/6 5914/10/6 5913/10/6
f 5609/10/3 5913/10/3 5915/10/3 5616/10/3
f 5609/10/5 5616/10/5 5615/10/5 5610/10/5
f 5613/10/2 5916/10/2 5917/10/2 5614/10/2
f 5616/10/3 5915/10/3 5916/10/3 5613/10/3
f 5596/3/1 5617/3/1 5918/3/1 5919/3/1
f 5596/3/3 5919/3/3 5901/3/3 5598/3/3
f 5599/1/2 5902/1/2 5920/1/2 5618/1/2
f 5600/1/1 5619/1/1 5921/1/1 5903/1/1
f 5605/7/2 5907/7/2 5922/7/2 5620/7/2
f 5606/4/1 5621/4/1 5923/4/1 5908/4/1
f 5608/4/3 5910/4/3 5924/4/3 5622/4/3
f 5622/4/3 5924/4/3 5925/4/3 5623/4/3
f 5623/4/3 5925/4/3 5926/4/3 5624/4/3
f 5624/4/3 5926/4/3 5927/4/3 5625/4/3
f 5625/4/3 5927/4/3 5928/4/3 5626/4/3
f 5626/4/3 5928/4/3 5911/4/3 5611/4/3
f 5614/4/3 5917/4/3 5929/4/3 5627/4/3
f 5627/4/3 5929/4/3 5930/4/3 5628/4/3
f 5628/4/3 5930/4/3 5931/4/3 5629/4/3
f 5629/4/3 5931/4/3 5932/4/3 5630/4/3
f 5630/4/3 5932/4/3 5933/4/3 5631/4/3
f 5631/4/3 5933/4/3 5934/4/3 5632/4/3
f 5632/4/3 5934/4/3 5935/4/3 5633/4/3
f 5634/4/2 5936/4/2 5937/4/2 5637/4/2
f 5633/4/3 5935/4/3 5936/4/3 5634/4/3
f 5617/3/1 5638/3/1 5938/3/1 5918/3/1
f 5618/1/2 5920/1/2 5939/1/2 5639/1/2
f 5619/1/1 5640/1/1 5940/1/1 5921/1/1
f 5620/7/2 5922/7/2 5941/7/2 5641/7/2
f 5621/4/1 5642/4/1 5942/4/1 5923/4/1
f 5637/4/3 5937/4/3 5943/4/3 5636/4/3
f 5636/4/3 5943/4/3 5938/4/3 5638/4/3
f 5639/1/2 5939/1/2 5944/1/2 5643/1/2
f 5640/1/1 5644/1/1 5945/1/1 5940/1/1
f 5946/7/2 5947/7/2 5948/7/2 5949/7/2
f 5641/7/3 5941/7/3 5947/7/3 5946/7/3
f 5645/7/4 5949/7/4 5948/7/4 5950/7/4
f 5641/7/5 5946/7/5 5949/7/5 5645/7/5
f 5642/4/1 5646/4/1 5951/4/1 5942/4/1
f 5643/1/2 5944/1/2 5952/1/2 5647/1/2
f 5644/1/1 5648/1/1 5953/1/1 5945/1/1
f 5645/7/2 5950/7/2 5954/7/2 5649/7/2
f 5646/4/1 5650/4/1 5955/4/1 5951/4/1
f 5647/1/2 5952/1/2 5956/1/2 5651/1/2
f 5648/1/1 5652/1/1 5957/1/1 5953/1/1
f 5649/7/2 5954/7/2 5958/7/2 5653/7/2
f 5650/4/1 5654/4/1 5959/4/1 5955/4/1
f 5651/1/2 5956/1/2 5960/1/2 5655/1/2
f 5652/1/1 5656/1/1 5961/1/1 5957/1/1
f 5657/7/2 5962/7/2 5963/7/2 5658/7/2
f 5653/7/3 5958/7/3 5962/7/3 5657/7/3
f 5654/4/1 5659/4/1 5964/4/1 5959/4/1
f 5655/1/3 5960/1/3 5961/1/3 5656/1/3
f 5658/7/2 5963/7/2 5965/7/2 5660/7/2
f 5659/4/1 5661/4/1 5966/4/1 5964/4/1
f 5660/7/2 5965/7/2 5967/7/2 5662/7/2
f 5661/4/1 5665/4/1 5968/4/1 5966/4/1
f 5667/1/4 5666/1/4 5969/1/4 5970/1/4
f 5666/1/4 5668/1/4 5971/1/4 5969/1/4
f 5668/1/4 5669/1/4 5972/1/4 5971/1/4
f 5669/1/4 5670/1/4 5973/1/4 5972/1/4
f 5662/7/2 5967/7/2 5974/7/2 5975/7/2
f 5671/7/4 5975/7/4 5974/7/4 5976/7/4
f 5664/7/5 5662/7/5 5975/7/5 5671/7/5
f 5665/4/1 5672/4/1 5977/4/1 5968/4/1
f 5667/1/2 5970/1/2 5978/1/2 5673/1/2
f 5670/7/1 5674/7/1 5979/7/1 5973/7/1
f 5671/7/2 5976/7/2 5980/7/2 5675/7/2
f 5672/4/1 5676/4/1 5981/4/1 5977/4/1
f 5673/1/2 5978/1/2 5982/1/2 5677/1/2
f 5674/7/1 5678/7/1 5983/7/1 5979/7/1
f 5675/7/2 5980/7/2 5984/7/2 5681/7/2
f 5676/4/1 5682/4/1 5985/4/1 5981/4/1
f 5684/12/4 5683/12/4 5986/12/4 5987/12/4
f 5683/12/4 5685/12/4 5988/12/4 5986/12/4
f 5677/1/2 5982/1/2 5989/1/2 5686/1/2
f 5678/7/1 5687/7/1 5990/7/1 5983/7/1
f 5680/7/2 5991/7/2 5992/7/2 5688/7/2
f 5681/7/3 5984/7/3 5991/7/3 5680/7/3
f 5682/4/1 5689/4/1 5993/4/1 5985/4/1
f 5684/4/2 5987/4/2 5994/4/2 5690/4/2
f 5685/11/1 5691/11/1 5995/11/1 5988/11/1
f 5691/11/4 5692/11/4 5996/11/4 5995/11/4
f 5692/11/4 5693/11/4 5997/11/4 5996/11/4
f 5693/11/4 5694/11/4 5998/11/4 5997/11/4
f 5686/1/2 5989/1/2 5999/1/2 5695/1/2
f 5687/7/1 5696/7/1 6000/7/1 5990/7/1
f 5688/7/2 5992/7/2 6001/7/2 5697/7/2
f 5698/7/4 5697/7/4 6001/7/4 6002/7/4
f 5689/4/1 5699/4/1 6003/4/1 5993/4/1
f 5701/4/4 5700/4/4 6004/4/4 6005/4/4
f 5700/4/4 5702/4/4 6006/4/4 6004/4/4
f 5702/4/4 5703/4/4 6007/4/4 6006/4/4
f 5690/4/2 5994/4/2 6008/4/2 5704/4/2
f 5703/4/4 5704/4/4 6008/4/4 6007/4/4
f 5694/4/1 5705/4/1 6009/4/1 5998/4/1
f 5705/4/4 5706/4/4 6010/4/4 6009/4/4
f 5706/4/4 5707/4/4 6011/4/4 6010/4/4
f 5707/4/4 5708/4/4 6012/4/4 6011/4/4
f 5708/6/4 5709/6/4 6013/6/4 6012/6/4
f 5709/6/4 5710/6/4 6014/6/4 6013/6/4
f 5710/4/4 5711/4/4 6015/4/4 6014/4/4
f 5711/4/4 5712/4/4 6016/4/4 6015/4/4
f 5712/4/4 5713/4/4 6017/4/4 6016/4/4
f 5715/4/4 5714/4/4 6018/4/4 6019/4/4
f 5714/3/4 5716/3/4 6020/3/4 6018/3/4
f 5716/3/4 5717/3/4 6021/3/4 6020/3/4
f 5717/3/4 5718/3/4 6022/3/4 6021/3/4
f 5718/3/4 5719/3/4 6023/3/4 6022/3/4
f 5719/1/4 5720/1/4 6024/1/4 6023/1/4
f 5720/1/4 5721/1/4 6025/1/4 6024/1/4
f 5721/1/4 5722/1/4 6026/1/4 6025/1/4
f 5722/1/4 5723/1/4 6027/1/4 6026/1/4
f 5695/1/2 5999/1/2 6028/1/2 5724/1/2
f 5696/7/1 5725/7/1 6029/7/1 6000/7/1
f 5698/7/2 6002/7/2 6030/7/2 5726/7/2
f 5699/4/1 5727/4/1 6031/4/1 6003/4/1
f 5701/4/2 6005/4/2 6032/4/2 5728/4/2
f 5715/4/2 6019/4/2 6033/4/2 5729/4/2
f 5713/4/1 5732/4/1 6034/4/1 6017/4/1
f 5723/1/1 5733/1/1 6035/1/1 6027/1/1
f 5724/1/2 6028/1/2 6036/1/2 5734/1/2
f 5725/7/1 5735/7/1 6037/7/1 6029/7/1
f 6038/7/2 6039/7/2 6040/7/2 6041/7/2
f 5726/7/3 6030/7/3 6039/7/3 6038/7/3
f 5736/7/4 6041/7/4 6040/7/4 6042/7/4
f 6030/7/6 6042/7/6 6040/7/6 6039/7/6
f 5726/7/5 6038/7/5 6041/7/5 5736/7/5
f 5727/4/1 5738/4/1 6043/4/1 6031/4/1
f 5728/6/2 6032/6/2 6044/6/2 5739/6/2
f 5740/6/4 5739/6/4 6044/6/4 6045/6/4
f 5729/4/2 6033/4/2 6046/4/2 5741/4/2
f 5732/4/1 5744/4/1 6047/4/1 6034/4/1
f 5744/4/4 5741/4/4 6046/4/4 6047/4/4
f 5746/2/1 5745/2/1 6048/2/1 6049/2/1
f 5746/2/3 6049/2/3 6050/2/3 5747/2/3
f 5747/3/3 6050/3/3 6051/3/3 5748/3/3
f 5748/3/3 6051/3/3 6052/3/3 5749/3/3
f 5749/3/3 6052/3/3 6053/3/3 5750/3/3
f 5750/1/3 6053/1/3 6054/1/3 5751/1/3
f 5751/1/3 6054/1/3 6055/1/3 5752/1/3
f 5752/1/3 6055/1/3 6056/1/3 5753/1/3
f 5753/1/3 6056/1/3 6035/1/3 5733/1/3
f 5734/1/2 6036/1/2 6057/1/2 5754/1/2
f 5735/7/1 5755/7/1 6058/7/1 6037/7/1
f 5736/7/2 6042/7/2 6059/7/2 5763/7/2
f 5737/7/5 5736/7/5 5763/7/5 5756/7/5
f 5740/4/2 6045/4/2 6060/4/2 5757/4/2
f 5738/4/1 5758/4/1 6061/4/1 6043/4/1
f 5745/2/1 5759/2/1 6062/2/1 6048/2/1
f 5754/1/3 6057/1/3 6063/1/3 5760/1/3
f 5760/1/3 6063/1/3 6064/1/3 5761/1/3
f 5761/1/3 6064/1/3 6065/1/3 5762/1/3
f 5762/1/3 6065/1/3 6058/1/3 5755/1/3
f 5763/1/2 6059/1/2 6066/1/2 5764/1/2
f 5757/4/2 6060/4/2 6067/4/2 5765/4/2
f 5758/4/1 5766/4/1 6068/4/1 6061/4/1
f 5766/4/4 5765/4/4 6067/4/4 6068/4/4
f 5759/3/1 5767/3/1 6069/3/1 6062/3/1
f 5767/3/4 5768/3/4 6070/3/4 6069/3/4
f 5764/1/2 6066/1/2 6071/1/2 5772/1/2
f 5768/3/1 5773/3/1 6072/3/1 6070/3/1
f 5771/1/2 6073/1/2 6074/1/2 5776/1/2
f 5772/1/3 6071/1/3 6073/1/3 5771/1/3
f 5773/3/1 5779/3/1 6075/3/1 6072/3/1
f 5780/1/4 5782/1/4 6076/1/4 6077/1/4
f 5782/1/4 5784/1/4 6078/1/4 6076/1/4
f 5775/1/5 5774/1/5 5784/1/5 5782/1/5
f 5776/1/2 6074/1/2 6079/1/2 5787/1/2
f 5777/3/1 5790/3/1 6080/3/1 6081/3/1
f 5777/3/3 6081/3/3 6075/3/3 5779/3/3
f 6081/3/6 6080/3/6 6082/3/6 6075/3/6
f 5792/3/4 5791/3/4 6083/3/4 6082/3/4
f 5780/2/2 6077/2/2 6084/2/2 5797/2/2
f 5793/2/4 5797/2/4 6084/2/4 6085/2/4
f 5781/2/5 5780/2/5 5797/2/5 5793/2/5
f 5784/1/1 5799/1/1 6086/1/1 6078/1/1
f 5799/1/4 5800/1/4 6087/1/4 6086/1/4
f 5800/1/4 5801/1/4 6088/1/4 6087/1/4
f 5801/1/4 5803/1/4 6089/1/4 6088/1/4
f 5802/1/4 5804/1/4 6090/1/4 6091/1/4
f 5804/1/4 5805/1/4 6092/1/4 6090/1/4
f 5805/1/4 5806/1/4 6093/1/4 6092/1/4
f 5786/1/5 5785/1/5 5806/1/5 5805/1/5
f 5806/13/4 5807/13/4 6094/13/4 6093/13/4
f 5807/1/4 5809/1/4 6095/1/4 6094/1/4
f 5809/1/4 5808/1/4 6096/1/4 6095/1/4
f 5808/1/4 5810/1/4 6097/1/4 6096/1/4
f 5810/1/4 5811/1/4 6098/1/4 6097/1/4
f 5787/1/2 6079/1/2 6099/1/2 6100/1/2
f 5811/1/4 6100/1/4 6099/1/4 6098/1/4
f 6101/1/6 6098/1/6 6099/1/6 6079/1/6
f 5789/1/5 5787/1/5 6100/1/5 5811/1/5
f 5792/1/2 6082/1/2 6102/1/2 5812/1/2
f 5790/1/1 5815/1/1 6103/1/1 6080/1/1
f 5815/1/4 5812/1/4 6102/1/4 6103/1/4
f 5793/1/2 6085/1/2 6104/1/2 5816/1/2
f 5791/1/1 5817/1/1 6105/1/1 6083/1/1
f 5817/1/4 5816/1/4 6104/1/4 6105/1/4
f 5802/2/2 6091/2/2 6106/2/2 6107/2/2
f 5803/2/1 5818/2/1 6108/2/1 6089/2/1
f 5818/2/4 6107/2/4 6106/2/4 6108/2/4
f 5803/2/5 5802/2/5 6107/2/5 5818/2/5
f 5825/3/1 5824/3/1 6109/3/1 6110/3/1
f 5825/3/3 6110/3/3 6111/3/3 5826/3/3
f 5826/2/3 6111/2/3 6112/2/3 5827/2/3
f 5828/3/2 6113/3/2 6114/3/2 5831/3/2
f 5827/3/3 6112/3/3 6113/3/3 5828/3/3
f 6112/3/6 6115/3/6 6114/3/6 6113/3/6
f 6116/1/2 6117/1/2 6118/1/2 5849/1/2
f 6119/1/1 5848/1/1 6120/1/1 6121/1/1
f 6119/1/3 6121/1/3 6117/1/3 6116/1/3
f 6121/1/6 6120/1/6 6118/1/6 6117/1/6
f 6119/1/5 6116/1/5 5849/1/5 5848/1/5
f 6122/2/1 5853/2/1 6123/2/1 6124/2/1
f 6122/2/3 6124/2/3 6125/2/3 6126/2/3
f 6122/2/5 6126/2/5 5854/2/5 5853/2/5
f 6127/2/2 6128/2/2 6129/2/2 5855/2/2
f 6126/2/3 6125/2/3 6128/2/3 6127/2/3
f 6126/2/5 6127/2/5 5855/2/5 5854/2/5
f 5824/3/1 5844/3/1 6130/3/1 6109/3/1
f 5831/1/3 6114/1/3 6131/1/3 5830/1/3
f 5830/1/3 6131/1/3 6132/1/3 5845/1/3
f 5845/1/3 6132/1/3 6120/1/3 5848/1/3
f 5845/1/5 5848/1/5 5847/1/5 5846/1/5
f 5849/1/3 6118/1/3 6133/1/3 5850/1/3
f 5850/1/3 6133/1/3 6134/1/3 5836/1/3
f 5834/1/2 6135/1/2 6136/1/2 5851/1/2
f 5836/1/3 6134/1/3 6135/1/3 5834/1/3
f 5853/1/1 5852/1/1 6137/1/1 6123/1/1
f 5855/2/3 6129/2/3 6138/2/3 5856/2/3
f 5856/2/3 6138/2/3 6139/2/3 5842/2/3
f 5842/2/3 6139/2/3 6140/2/3 5840/2/3
f 5840/2/3 6140/2/3 6141/2/3 5857/2/3
f 5858/2/2 6142/2/2 6143/2/2 5859/2/2
f 5857/2/3 6141/2/3 6142/2/3 5858/2/3
f 6141/2/6 6144/2/6 6143/2/6 6142/2/6
f 5844/3/1 5860/3/1 6145/3/1 6130/3/1
f 5851/1/3 6136/1/3 6137/1/3 5852/1/3
f 5859/1/2 6143/1/2 6146/1/2 5861/1/2
f 6144/1/6 6147/1/6 6146/1/6 6143/1/6
f 5860/3/1 5862/3/1 6148/3/1 6145/3/1
f 5861/1/2 6146/1/2 6149/1/2 5863/1/2
f 5870/1/4 5863/1/4 6149/1/4 6150/1/4
f 5866/3/1 5865/3/1 6151/3/1 6152/3/1
f 5866/3/3 6152/3/3 6148/3/3 5862/3/3
f 5865/3/4 5867/3/4 6153/3/4 6151/3/4
f 6152/3/6 6151/3/6 6153/3/6 6148/3/6
f 5870/1/2 6150/1/2 6154/1/2 5869/1/2
f 5867/3/1 5871/3/1 6155/3/1 6153/3/1
f 5868/1/2 6156/1/2 6157/1/2 5875/1/2
f 5869/1/3 6154/1/3 6156/1/3 5868/1/3
f 5869/1/5 5868/1/5 5875/1/5 5872/1/5
f 5871/3/1 5873/3/1 6158/3/1 6155/3/1
f 6155/3/6 6158/3/6 6159/3/6 6160/3/6
f 5875/7/2 6157/7/2 6161/7/2 5876/7/2
f 5880/7/4 5876/7/4 6161/7/4 6162/7/4
f 5873/3/1 5878/3/1 6163/3/1 6158/3/1
f 5880/7/2 6162/7/2 6164/7/2 5881/7/2
f 5878/3/1 5882/3/1 6165/3/1 6163/3/1
f 5879/7/2 6166/7/2 6167/7/2 5883/7/2
f 5881/7/3 6164/7/3 6166/7/3 5879/7/3
f 5882/3/1 5884/3/1 6168/3/1 6165/3/1
f 5883/1/2 6167/1/2 6169/1/2 5890/1/2
f 5891/1/4 5890/1/4 6169/1/4 6170/1/4
f 5884/3/1 5892/3/1 6171/3/1 6168/3/1
f 6172/1/6 6173/1/6 6174/1/6 6175/1/6
f 6175/1/6 6174/1/6 6176/1/6 6177/1/6
f 5886/1/5 5885/1/5 5904/1/5 5893/1/5
f 6177/1/6 6176/1/6 6178/1/6 6179/1/6
f 5885/1/5 5887/1/5 5905/1/5 5904/1/5
f 6179/1/6 6178/1/6 6180/1/6 6181/1/6
f 5887/1/5 5888/1/5 5906/1/5 5905/1/5
f 6181/1/6 6180/1/6 6182/1/6 6183/1/6
f 5888/1/5 5889/1/5 5895/1/5 5906/1/5
f 5891/1/2 6170/1/2 6184/1/2 5896/1/2
f 5897/4/2 6185/4/2 6186/4/2 5898/4/2
f 5900/4/1 5899/4/1 6187/4/1 6188/4/1
f 5900/4/3 6188/4/3 6185/4/3 5897/4/3
f 5892/3/1 5901/3/1 6189/3/1 6171/3/1
f 6173/1/6 6190/1/6 6191/1/6 6174/1/6
f 5894/1/5 5893/1/5 5903/1/5 5902/1/5
f 6192/1/2 6193/1/2 6194/1/2 6195/1/2
f 5896/1/3 6184/1/3 6193/1/3 6192/1/3
f 5907/1/4 6195/1/4 6194/1/4 6196/1/4
f 6184/1/6 6196/1/6 6194/1/6 6193/1/6
f 5896/1/5 6192/1/5 6195/1/5 5907/1/5
f 5899/4/1 5908/4/1 6197/4/1 6187/4/1
f 5909/4/2 6198/4/2 6199/4/2 5910/4/2
f 5898/4/3 6186/4/3 6198/4/3 5909/4/3
f 5913/10/1 5914/10/1 6200/10/1 6201/10/1
f 5913/10/3 6201/10/3 6202/10/3 5915/10/3
f 6201/10/6 6200/10/6 6203/10/6 6202/10/6
f 5916/10/2 6204/10/2 6205/10/2 5917/10/2
f 5915/10/3 6202/10/3 6204/10/3 5916/10/3
f 6202/10/6 6203/10/6 6205/10/6 6204/10/6
f 5919/3/1 5918/3/1 6206/3/1 6207/3/1
f 5919/3/3 6207/3/3 6189/3/3 5901/3/3
f 6190/1/6 6208/1/6 6209/1/6 6191/1/6
f 5902/1/5 5903/1/5 5921/1/5 5920/1/5
f 5907/1/2 6196/1/2 6210/1/2 5922/1/2
f 5908/4/1 5923/4/1 6211/4/1 6197/4/1
f 5910/4/3 6199/4/3 6212/4/3 5924/4/3
f 5924/4/3 6212/4/3 6213/4/3 5925/4/3
f 5925/4/3 6213/4/3 6214/4/3 5926/4/3
f 5926/4/3 6214/4/3 6215/4/3 5927/4/3
f 5927/4/3 6215/4/3 6216/4/3 5928/4/3
f 5928/4/3 6216/4/3 6217/4/3 5911/4/3
f 5911/4/3 6217/4/3 6200/4/3 5914/4/3
f 5917/4/3 6205/4/3 6218/4/3 5929/4/3
f 5929/4/3 6218/4/3 6219/4/3 5930/4/3
f 5930/4/3 6219/4/3 6220/4/3 5931/4/3
f 5931/4/3 6220/4/3 6221/4/3 5932/4/3
f 5932/4/3 6221/4/3 6222/4/3 5933/4/3
f 5933/4/3 6222/4/3 6223/4/3 5934/4/3
f 5934/4/3 6223/4/3 6224/4/3 5935/4/3
f 5936/4/2 6225/4/2 6226/4/2 5937/4/2
f 5935/4/3 6224/4/3 6225/4/3 5936/4/3
f 6227/4/1 5943/4/1 6228/4/1 6229/4/1
f 6227/4/3 6229/4/3 6206/4/3 5918/4/3
f 6227/4/5 5918/4/5 5938/4/5 5943/4/5
f 6208/1/6 6230/1/6 6231/1/6 6209/1/6
f 5920/1/5 5921/1/5 5940/1/5 5939/1/5
f 5922/1/2 6210/1/2 6232/1/2 5941/1/2
f 5923/4/1 5942/4/1 6233/4/1 6211/4/1
f 5937/4/3 6226/4/3 6228/4/3 5943/4/3
f 6230/1/6 6234/1/6 6235/1/6 6231/1/6
f 5939/1/5 5940/1/5 5945/1/5 5944/1/5
f 5947/1/2 6236/1/2 6237/1/2 5948/1/2
f 5941/1/3 6232/1/3 6236/1/3 5947/1/3
f 5942/4/1 5951/4/1 6238/4/1 6233/4/1
f 6234/1/6 6239/1/6 6240/1/6 6235/1/6
f 5944/1/5 5945/1/5 5953/1/5 5952/1/5
f 5948/1/2 6237/1/2 6241/1/2 6242/1/2
f 5954/1/4 6242/1/4 6241/1/4 6243/1/4
f 6244/1/6 6243/1/6 6241/1/6 6237/1/6
f 5950/1/5 5948/1/5 6242/1/5 5954/1/5
f 5951/4/1 5955/4/1 6245/4/1 6238/4/1
f 6239/1/6 6246/1/6 6247/1/6 6240/1/6
f 5952/1/5 5953/1/5 5957/1/5 5956/1/5
f 5954/1/2 6243/1/2 6248/1/2 5958/1/2
f 5955/4/1 5959/4/1 6249/4/1 6245/4/1
f 6246/1/6 6250/1/6 6251/1/6 6247/1/6
f 5956/1/5 5957/1/5 5961/1/5 5960/1/5
f 5962/1/2 6252/1/2 6253/1/2 5963/1/2
f 5958/1/3 6248/1/3 6252/1/3 5962/1/3
f 6248/1/6 6254/1/6 6253/1/6 6252/1/6
f 5959/4/1 5964/4/1 6255/4/1 6249/4/1
f 5963/1/2 6253/1/2 6256/1/2 5965/1/2
f 5964/4/1 5966/4/1 6257/4/1 6255/4/1
f 5965/1/2 6256/1/2 6258/1/2 5967/1/2
f 5966/4/1 5968/4/1 6259/4/1 6257/4/1
f 5967/1/2 6258/1/2 6260/1/2 5974/1/2
f 5976/1/4 5974/1/4 6260/1/4 6261/1/4
f 5968/4/1 5977/4/1 6262/4/1 6259/4/1
f 6263/1/6 6264/1/6 6265/1/6 6266/1/6
f 5970/1/5 5969/1/5 6267/1/5 5978/1/5
f 6266/1/6 6265/1/6 6268/1/6 6269/1/6
f 5969/1/5 5971/1/5 6270/1/5 6267/1/5
f 6269/1/6 6268/1/6 6271/1/6 6272/1/6
f 5971/1/5 5972/1/5 6273/1/5 6270/1/5
f 6272/1/6 6271/1/6 6274/1/6 6275/1/6
f 5972/1/5 5973/1/5 5979/1/5 6273/1/5
f 5976/1/2 6261/1/2 6276/1/2 5980/1/2
f 5977/4/1 5981/4/1 6277/4/1 6262/4/1
f 6278/1/6 6279/1/6 6280/1/6 6281/1/6
f 5978/1/5 6267/1/5 6282/1/5 5982/1/5
f 6265/1/6 6283/1/6 6284/1/6 6268/1/6
f 6267/1/5 6270/1/5 6285/1/5 6282/1/5
f 6268/1/6 6284/1/6 6286/1/6 6271/1/6
f 6270/1/5 6273/1/5 6287/1/5 6285/1/5
f 6271/1/6 6286/1/6 6288/1/6 6274/1/6
f 6273/1/5 5979/1/5 5983/1/5 6287/1/5
f 5980/1/2 6276/1/2 6289/1/2 5984/1/2
f 5981/4/1 5985/4/1 6290/4/1 6277/4/1
f 5987/12/4 5986/12/4 6291/12/4 6292/12/4
f 5986/12/4 5988/12/4 6293/12/4 6291/12/4
f 6279/1/6 6294/1/6 6295/1/6 6280/1/6
f 5982/1/5 6282/1/5 6296/1/5 5989/1/5
f 6283/1/6 6297/1/6 6298/1/6 6284/1/6
f 6282/1/5 6285/1/5 6299/1/5 6296/1/5
f 6284/1/6 6298/1/6 6300/1/6 6286/1/6
f 6285/1/5 6287/1/5 6301/1/5 6299/1/5
f 6286/1/6 6300/1/6 6302/1/6 6288/1/6
f 6287/1/5 5983/1/5 5990/1/5 6301/1/5
f 5991/1/2 6303/1/2 6304/1/2 5992/1/2
f 5984/1/3 6289/1/3 6303/1/3 5991/1/3
f 6289/1/6 6305/1/6 6304/1/6 6303/1/6
f 5985/4/1 5993/4/1 6306/4/1 6290/4/1
f 5987/4/2 6292/4/2 6307/4/2 5994/4/2
f 5988/11/1 5995/11/1 6308/11/1 6293/11/1
f 5995/11/4 5996/11/4 6309/11/4 6308/11/4
f 5996/11/4 5997/11/4 6310/11/4 6309/11/4
f 5997/11/4 5998/11/4 6311/11/4 6310/11/4
f 5989/1/5 6296/1/5 6312/1/5 5999/1/5
f 6297/1/6 6313/1/6 6314/1/6 6298/1/6
f 6296/1/5 6299/1/5 6315/1/5 6312/1/5
f 6298/1/6 6314/1/6 6316/1/6 6300/1/6
f 6299/1/5 6301/1/5 6317/1/5 6315/1/5
f 6300/1/6 6316/1/6 6318/1/6 6302/1/6
f 6301/1/5 5990/1/5 6000/1/5 6317/1/5
f 5992/1/2 6304/1/2 6319/1/2 6001/1/2
f 6002/1/4 6001/1/4 6319/1/4 6320/1/4
f 5993/4/1 6003/4/1 6321/4/1 6306/4/1
f 6005/4/4 6004/4/4 6322/4/4 6323/4/4
f 6004/4/4 6006/4/4 6324/4/4 6322/4/4
f 6006/4/4 6007/4/4 6325/4/4 6324/4/4
f 5994/4/2 6307/4/2 6326/4/2 6008/4/2
f 6007/4/4 6008/4/4 6326/4/4 6325/4/4
f 5998/4/1 6009/4/1 6327/4/1 6311/4/1
f 6009/4/4 6010/4/4 6328/4/4 6327/4/4
f 6010/4/4 6011/4/4 6329/4/4 6328/4/4
f 6011/4/4 6012/4/4 6330/4/4 6329/4/4
f 6331/4/6 6329/4/6 6330/4/6 6332/4/6
f 6012/4/4 6013/4/4 6333/4/4 6330/4/4
f 6332/4/6 6330/4/6 6333/4/6 6334/4/6
f 6013/6/4 6014/6/4 6335/6/4 6333/6/4
f 6014/6/4 6015/6/4 6336/6/4 6335/6/4
f 6015/6/4 6016/6/4 6337/6/4 6336/6/4
f 6016/4/4 6017/4/4 6338/4/4 6337/4/4
f 6019/4/4 6018/4/4 6339/4/4 6340/4/4
f 6018/1/4 6020/1/4 6341/1/4 6339/1/4
f 6020/1/4 6021/1/4 6342/1/4 6341/1/4
f 6021/3/4 6022/3/4 6343/3/4 6342/3/4
f 6022/3/4 6023/3/4 6344/3/4 6343/3/4
f 6023/1/4 6024/1/4 6345/1/4 6344/1/4
f 6024/1/4 6025/1/4 6346/1/4 6345/1/4
f 6025/1/4 6026/1/4 6347/1/4 6346/1/4
f 6026/1/4 6027/1/4 6348/1/4 6347/1/4
f 6349/1/6 6350/1/6 6351/1/6 6313/1/6
f 5999/1/5 6312/1/5 6352/1/5 6028/1/5
f 6313/1/6 6351/1/6 6353/1/6 6314/1/6
f 6312/1/5 6315/1/5 6354/1/5 6352/1/5
f 6314/1/6 6353/1/6 6355/1/6 6316/1/6
f 6315/1/5 6317/1/5 6356/1/5 6354/1/5
f 6316/1/6 6355/1/6 6357/1/6 6318/1/6
f 6317/1/5 6000/1/5 6029/1/5 6356/1/5
f 6002/1/2 6320/1/2 6358/1/2 6030/1/2
f 6003/4/1 6031/4/1 6359/4/1 6321/4/1
f 6005/4/2 6323/4/2 6360/4/2 6032/4/2
f 6019/4/2 6340/4/2 6361/4/2 6033/4/2
f 6017/4/1 6034/4/1 6362/4/1 6338/4/1
f 6027/1/1 6035/1/1 6363/1/1 6348/1/1
f 6028/1/5 6352/1/5 6364/1/5 6036/1/5
f 6352/1/5 6354/1/5 6365/1/5 6364/1/5
f 6354/1/5 6356/1/5 6366/1/5 6365/1/5
f 6356/1/5 6029/1/5 6037/1/5 6366/1/5
f 6030/1/2 6358/1/2 6367/1/2 6042/1/2
f 6031/4/1 6043/4/1 6368/4/1 6359/4/1
f 6032/6/2 6360/6/2 6369/6/2 6044/6/2
f 6045/6/4 6044/6/4 6369/6/4 6370/6/4
f 6033/6/2 6361/6/2 6371/6/2 6046/6/2
f 6034/6/1 6047/6/1 6372/6/1 6362/6/1
f 6047/6/4 6046/6/4 6371/6/4 6372/6/4
f 6049/3/1 6048/3/1 6373/3/1 6374/3/1
f 6049/3/3 6374/3/3 6375/3/3 6050/3/3
f 6050/3/3 6375/3/3 6376/3/3 6051/3/3
f 6051/3/3 6376/3/3 6377/3/3 6052/3/3
f 6052/3/3 6377/3/3 6378/3/3 6053/3/3
f 6053/1/3 6378/1/3 6379/1/3 6054/1/3
f 6054/1/3 6379/1/3 6380/1/3 6055/1/3
f 6055/1/3 6380/1/3 6381/1/3 6056/1/3
f 6056/1/3 6381/1/3 6363/1/3 6035/1/3
f 6036/1/5 6364/1/5 6063/1/5 6057/1/5
f 6364/1/5 6365/1/5 6064/1/5 6063/1/5
f 6365/1/5 6366/1/5 6065/1/5 6064/1/5
f 6366/1/5 6037/1/5 6058/1/5 6065/1/5
f 6042/1/2 6367/1/2 6382/1/2 6059/1/2
f 6045/4/2 6370/4/2 6383/4/2 6060/4/2
f 6043/4/1 6061/4/1 6384/4/1 6368/4/1
f 6048/3/1 6062/3/1 6385/3/1 6373/3/1
f 6059/1/2 6382/1/2 6386/1/2 6066/1/2
f 6060/4/2 6383/4/2 6387/4/2 6067/4/2
f 6061/4/1 6068/4/1 6388/4/1 6384/4/1
f 6068/4/4 6067/4/4 6387/4/4 6388/4/4
f 6062/2/1 6069/2/1 6389/2/1 6385/2/1
f 6066/1/2 6386/1/2 6390/1/2 6071/1/2
f 6069/3/1 6391/3/1 6392/3/1 6389/3/1
f 6391/3/4 6072/3/4 6393/3/4 6392/3/4
f 6069/3/5 6070/3/5 6072/3/5 6391/3/5
f 6073/1/2 6394/1/2 6395/1/2 6074/1/2
f 6071/1/3 6390/1/3 6394/1/3 6073/1/3
f 6390/1/6 6396/1/6 6395/1/6 6394/1/6
f 6072/3/1 6075/3/1 6397/3/1 6393/3/1
f 6077/1/4 6076/1/4 6398/1/4 6399/1/4
f 6074/1/2 6395/1/2 6400/1/2 6079/1/2
f 6101/1/4 6079/1/4 6400/1/4 6401/1/4
f 6075/3/1 6082/3/1 6402/3/1 6397/3/1
f 6082/3/4 6083/3/4 6403/3/4 6402/3/4
f 6077/3/2 6399/3/2 6404/3/2 6084/3/2
f 6085/3/4 6084/3/4 6404/3/4 6405/3/4
f 6076/1/1 6406/1/1 6407/1/1 6398/1/1
f 6406/1/4 6086/1/4 6408/1/4 6407/1/4
f 6076/1/5 6078/1/5 6086/1/5 6406/1/5
f 6086/1/4 6087/1/4 6409/1/4 6408/1/4
f 6087/1/4 6088/1/4 6410/1/4 6409/1/4
f 6088/1/4 6089/1/4 6411/1/4 6410/1/4
f 6092/1/4 6093/1/4 6412/1/4 6413/1/4
f 6093/13/4 6094/13/4 6414/13/4 6412/13/4
f 6415/13/6 6412/13/6 6414/13/6 6416/13/6
f 6094/1/4 6095/1/4 6417/1/4 6414/1/4
f 6095/1/4 6096/1/4 6418/1/4 6417/1/4
f 6101/1/2 6401/1/2 6419/1/2 6098/1/2
f 6082/1/2 6402/1/2 6420/1/2 6102/1/2
f 6080/1/1 6103/1/1 6421/1/1 6422/1/1
f 6080/1/3 6422/1/3 6402/1/3 6082/1/3
f 6103/1/4 6102/1/4 6420/1/4 6421/1/4
f 6422/1/6 6421/1/6 6420/1/6 6402/1/6
f 6085/1/2 6405/1/2 6423/1/2 6104/1/2
f 6083/1/1 6105/1/1 6424/1/1 6403/1/1
f 6105/1/4 6104/1/4 6423/1/4 6424/1/4
f 6089/1/1 6108/1/1 6425/1/1 6411/1/1
f 6108/1/4 6106/1/4 6426/1/4 6425/1/4
f 6411/1/6 6425/1/6 6426/1/6 6427/1/6
f 6106/1/4 6428/1/4 6429/1/4 6426/1/4
f 6091/1/5 6090/1/5 6428/1/5 6106/1/5
f 6092/1/2 6413/1/2 6430/1/2 6431/1/2
f 6428/1/4 6431/1/4 6430/1/4 6429/1/4
f 6090/1/5 6092/1/5 6431/1/5 6428/1/5
f 6096/1/1 6432/1/1 6433/1/1 6418/1/1
f 6432/1/4 6434/1/4 6435/1/4 6433/1/4
f 6418/1/6 6433/1/6 6435/1/6 6436/1/6
f 6096/1/5 6097/1/5 6434/1/5 6432/1/5
f 6098/1/2 6419/1/2 6437/1/2 6438/1/2
f 6434/1/4 6438/1/4 6437/1/4 6435/1/4
f 6097/1/5 6098/1/5 6438/1/5 6434/1/5
f 6110/3/1 6109/3/1 6439/3/1 6440/3/1
f 6110/3/3 6440/3/3 6441/3/3 6111/3/3
f 6112/2/2 6442/2/2 6443/2/2 6115/2/2
f 6111/2/3 6441/2/3 6442/2/3 6112/2/3
f 6441/2/6 6444/2/6 6443/2/6 6442/2/6
f 6113/1/1 6114/1/1 6445/1/1 6446/1/1
f 6113/1/3 6446/1/3 6447/1/3 6448/1/3
f 6446/1/6 6445/1/6 6449/1/6 6447/1/6
f 6113/1/5 6448/1/5 6131/1/5 6114/1/5
f 6450/1/2 6451/1/2 6452/1/2 6132/1/2
f 6448/1/3 6447/1/3 6451/1/3 6450/1/3
f 6447/1/6 6449/1/6 6452/1/6 6451/1/6
f 6448/1/5 6450/1/5 6132/1/5 6131/1/5
f 6117/1/1 6118/1/1 6453/1/1 6454/1/1
f 6117/1/3 6454/1/3 6455/1/3 6456/1/3
f 6117/1/5 6456/1/5 6133/1/5 6118/1/5
f 6457/1/2 6458/1/2 6459/1/2 6134/1/2
f 6456/1/3 6455/1/3 6458/1/3 6457/1/3
f 6456/1/5 6457/1/5 6134/1/5 6133/1/5
f 6124/1/1 6123/1/1 6460/1/1 6461/1/1
f 6124/1/3 6461/1/3 6462/1/3 6125/1/3
f 6128/1/2 6463/1/2 6464/1/2 6129/1/2
f 6125/1/3 6462/1/3 6463/1/3 6128/1/3
f 6462/1/6 6465/1/6 6464/1/6 6463/1/6
f 6466/2/2 6467/2/2 6468/2/2 6139/2/2
f 6469/2/1 6138/2/1 6470/2/1 6471/2/1
f 6469/2/3 6471/2/3 6467/2/3 6466/2/3
f 6469/2/5 6466/2/5 6139/2/5 6138/2/5
f 6109/3/1 6130/3/1 6472/3/1 6439/3/1
f 6115/2/3 6443/2/3 6445/2/3 6114/2/3
f 6132/1/3 6452/1/3 6473/1/3 6120/1/3
f 6120/1/3 6473/1/3 6453/1/3 6118/1/3
f 6135/1/2 6474/1/2 6475/1/2 6136/1/2
f 6134/1/3 6459/1/3 6474/1/3 6135/1/3
f 6123/1/1 6137/1/1 6476/1/1 6460/1/1
f 6129/1/3 6464/1/3 6470/1/3 6138/1/3
f 6139/2/3 6468/2/3 6477/2/3 6140/2/3
f 6141/1/2 6478/1/2 6479/1/2 6144/1/2
f 6140/1/3 6477/1/3 6478/1/3 6141/1/3
f 6130/3/1 6145/3/1 6480/3/1 6472/3/1
f 6136/1/3 6475/1/3 6476/1/3 6137/1/3
f 6144/1/2 6479/1/2 6481/1/2 6147/1/2
f 6145/3/1 6148/3/1 6482/3/1 6480/3/1
f 6146/1/2 6483/1/2 6484/1/2 6149/1/2
f 6147/1/3 6481/1/3 6483/1/3 6146/1/3
f 6150/1/4 6149/1/4 6484/1/4 6485/1/4
f 6148/3/1 6153/3/1 6486/3/1 6482/3/1
f 6150/1/2 6485/1/2 6487/1/2 6154/1/2
f 6153/3/1 6155/3/1 6488/3/1 6486/3/1
f 6155/3/4 6160/3/4 6489/3/4 6488/3/4
f 6156/1/2 6490/1/2 6491/1/2 6157/1/2
f 6154/1/3 6487/1/3 6490/1/3 6156/1/3
f 6160/3/1 6159/3/1 6492/3/1 6489/3/1
f 6157/7/2 6491/7/2 6493/7/2 6161/7/2
f 6162/7/4 6161/7/4 6493/7/4 6494/7/4
f 6495/7/6 6494/7/6 6493/7/6 6491/7/6
f 6158/3/1 6163/3/1 6496/3/1 6497/3/1
f 6158/3/3 6497/3/3 6492/3/3 6159/3/3
f 6497/3/6 6496/3/6 6498/3/6 6492/3/6
f 6162/7/2 6494/7/2 6499/7/2 6164/7/2
f 6163/3/1 6165/3/1 6500/3/1 6496/3/1
f 6496/3/6 6500/3/6 6501/3/6 6498/3/6
f 6166/7/2 6502/7/2 6503/7/2 6167/7/2
f 6164/7/3 6499/7/3 6502/7/3 6166/7/3
f 6504/3/1 6505/3/1 6506/3/1 6507/3/1
f 6504/3/3 6507/3/3 6500/3/3 6165/3/3
f 6507/3/6 6506/3/6 6508/3/6 6500/3/6
f 6504/3/5 6165/3/5 6168/3/5 6505/3/5
f 6172/1/4 6175/1/4 6509/1/4 6510/1/4
f 6175/1/4 6177/1/4 6511/1/4 6509/1/4
f 6177/1/4 6179/1/4 6512/1/4 6511/1/4
f 6179/1/4 6181/1/4 6513/1/4 6512/1/4
f 6181/1/4 6183/1/4 6514/1/4 6513/1/4
f 6167/7/2 6503/7/2 6515/7/2 6169/7/2
f 6505/3/1 6516/3/1 6517/3/1 6506/3/1
f 6505/3/5 6168/3/5 6171/3/5 6516/3/5
f 6172/1/2 6510/1/2 6518/1/2 6173/1/2
f 6183/7/1 6182/7/1 6519/7/1 6514/7/1
f 6169/7/2 6515/7/2 6520/7/2 6193/7/2
f 6184/7/4 6193/7/4 6520/7/4 6521/7/4
f 6170/7/5 6169/7/5 6193/7/5 6184/7/5
f 6185/4/2 6522/4/2 6523/4/2 6186/4/2
f 6188/4/1 6187/4/1 6524/4/1 6525/4/1
f 6188/4/3 6525/4/3 6522/4/3 6185/4/3
f 6516/3/1 6207/3/1 6526/3/1 6517/3/1
f 6516/3/5 6171/3/5 6189/3/5 6207/3/5
f 6173/1/2 6518/1/2 6527/1/2 6190/1/2
f 6174/1/1 6191/1/1 6528/1/1 6529/1/1
f 6174/1/3 6529/1/3 6530/1/3 6176/1/3
f 6176/1/3 6530/1/3 6531/1/3 6178/1/3
f 6178/1/3 6531/1/3 6532/1/3 6180/1/3
f 6180/1/3 6532/1/3 6519/1/3 6182/1/3
f 6184/7/2 6521/7/2 6533/7/2 6196/7/2
f 6187/4/1 6197/4/1 6534/4/1 6524/4/1
f 6198/4/2 6535/4/2 6536/4/2 6199/4/2
f 6186/4/3 6523/4/3 6535/4/3 6198/4/3
f 6207/3/1 6206/3/1 6537/3/1 6526/3/1
f 6190/1/2 6527/1/2 6538/1/2 6208/1/2
f 6191/1/1 6209/1/1 6539/1/1 6528/1/1
f 6196/7/2 6533/7/2 6540/7/2 6210/7/2
f 6197/4/1 6211/4/1 6541/4/1 6534/4/1
f 6199/4/3 6536/4/3 6542/4/3 6212/4/3
f 6212/4/3 6542/4/3 6543/4/3 6213/4/3
f 6213/4/3 6543/4/3 6544/4/3 6214/4/3
f 6214/4/3 6544/4/3 6545/4/3 6215/4/3
f 6215/4/3 6545/4/3 6546/4/3 6216/4/3
f 6216/4/3 6546/4/3 6547/4/3 6217/4/3
f 6217/4/3 6547/4/3 6548/4/3 6200/4/3
f 6200/4/3 6548/4/3 6549/4/3 6203/4/3
f 6203/4/3 6549/4/3 6550/4/3 6205/4/3
f 6205/4/3 6550/4/3 6551/4/3 6218/4/3
f 6218/4/3 6551/4/3 6552/4/3 6219/4/3
f 6219/4/3 6552/4/3 6553/4/3 6220/4/3
f 6220/4/3 6553/4/3 6554/4/3 6221/4/3
f 6221/4/3 6554/4/3 6555/4/3 6222/4/3
f 6222/4/3 6555/4/3 6556/4/3 6223/4/3
f 6223/4/3 6556/4/3 6557/4/3 6224/4/3
f 6225/4/2 6558/4/2 6559/4/2 6226/4/2
f 6224/4/3 6557/4/3 6558/4/3 6225/4/3
f 6229/4/1 6228/4/1 6560/4/1 6561/4/1
f 6229/4/3 6561/4/3 6537/4/3 6206/4/3
f 6561/4/6 6560/4/6 6562/4/6 6537/4/6
f 6208/1/2 6538/1/2 6563/1/2 6230/1/2
f 6209/1/1 6231/1/1 6564/1/1 6539/1/1
f 6565/7/2 6566/7/2 6567/7/2 6236/7/2
f 6210/7/3 6540/7/3 6566/7/3 6565/7/3
f 6210/7/5 6565/7/5 6236/7/5 6232/7/5
f 6211/4/1 6233/4/1 6568/4/1 6541/4/1
f 6226/4/3 6559/4/3 6560/4/3 6228/4/3
f 6230/1/2 6563/1/2 6569/1/2 6234/1/2
f 6231/1/1 6235/1/1 6570/1/1 6564/1/1
f 6236/7/2 6567/7/2 6571/7/2 6237/7/2
f 6244/7/4 6237/7/4 6571/7/4 6572/7/4
f 6233/4/1 6238/4/1 6573/4/1 6568/4/1
f 6234/1/2 6569/1/2 6574/1/2 6239/1/2
f 6235/1/1 6240/1/1 6575/1/1 6570/1/1
f 6244/7/2 6572/7/2 6576/7/2 6243/7/2
f 6238/4/1 6245/4/1 6577/4/1 6573/4/1
f 6239/1/2 6574/1/2 6578/1/2 6246/1/2
f 6240/1/1 6247/1/1 6579/1/1 6575/1/1
f 6243/7/2 6576/7/2 6580/7/2 6248/7/2
f 6245/4/1 6249/4/1 6581/4/1 6577/4/1
f 6246/1/2 6578/1/2 6582/1/2 6250/1/2
f 6247/1/1 6251/1/1 6583/1/1 6579/1/1
f 6248/7/2 6580/7/2 6584/7/2 6254/7/2
f 6249/4/1 6255/4/1 6585/4/1 6581/4/1
f 6250/1/3 6582/1/3 6583/1/3 6251/1/3
f 6253/7/2 6586/7/2 6587/7/2 6256/7/2
f 6254/7/3 6584/7/3 6586/7/3 6253/7/3
f 6255/4/1 6257/4/1 6588/4/1 6585/4/1
f 6256/7/2 6587/7/2 6589/7/2 6258/7/2
f 6257/4/1 6259/4/1 6590/4/1 6588/4/1
f 6263/1/4 6266/1/4 6591/1/4 6592/1/4
f 6266/1/4 6269/1/4 6593/1/4 6591/1/4
f 6269/1/4 6272/1/4 6594/1/4 6593/1/4
f 6272/1/4 6275/1/4 6595/1/4 6594/1/4
f 6258/7/2 6589/7/2 6596/7/2 6260/7/2
f 6261/7/4 6260/7/4 6596/7/4 6597/7/4
f 6259/4/1 6262/4/1 6598/4/1 6590/4/1
f 6278/1/4 6281/1/4 6599/1/4 6600/1/4
f 6263/1/2 6592/1/2 6601/1/2 6264/1/2
f 6275/7/1 6274/7/1 6602/7/1 6595/7/1
f 6261/7/2 6597/7/2 6603/7/2 6276/7/2
f 6262/4/1 6277/4/1 6604/4/1 6598/4/1
f 6278/4/2 6600/4/2 6605/4/2 6279/4/2
f 6281/3/1 6280/3/1 6606/3/1 6599/3/1
f 6265/1/2 6607/1/2 6608/1/2 6283/1/2
f 6264/1/3 6601/1/3 6607/1/3 6265/1/3
f 6274/7/1 6288/7/1 6609/7/1 6602/7/1
f 6276/7/2 6603/7/2 6610/7/2 6289/7/2
f 6277/4/1 6290/4/1 6611/4/1 6604/4/1
f 6279/4/2 6605/4/2 6612/4/2 6294/4/2
f 6280/3/1 6295/3/1 6613/3/1 6606/3/1
f 6283/1/2 6608/1/2 6614/1/2 6297/1/2
f 6288/7/1 6302/7/1 6615/7/1 6609/7/1
f 6289/7/2 6610/7/2 6616/7/2 6305/7/2
f 6290/4/1 6306/4/1 6617/4/1 6611/4/1
f 6307/11/4 6618/11/4 6619/11/4 6620/11/4
f 6292/11/5 6291/11/5 6618/11/5 6307/11/5
f 6618/11/4 6308/11/4 6621/11/4 6619/11/4
f 6291/11/5 6293/11/5 6308/11/5 6618/11/5
f 6308/11/4 6309/11/4 6622/11/4 6621/11/4
f 6309/11/4 6310/11/4 6623/11/4 6622/11/4
f 6310/11/4 6311/11/4 6624/11/4 6623/11/4
f 6331/8/4 6332/8/4 6625/8/4 6626/8/4
f 6332/8/4 6334/8/4 6627/8/4 6625/8/4
f 6294/1/3 6612/1/3 6613/1/3 6295/1/3
f 6297/1/2 6614/1/2 6628/1/2 6313/1/2
f 6349/1/4 6313/1/4 6628/1/4 6629/1/4
f 6302/7/1 6318/7/1 6630/7/1 6615/7/1
f 6304/7/2 6631/7/2 6632/7/2 6319/7/2
f 6305/7/3 6616/7/3 6631/7/3 6304/7/3
f 6320/7/4 6319/7/4 6632/7/4 6633/7/4
f 6616/7/6 6633/7/6 6632/7/6 6631/7/6
f 6306/4/1 6321/4/1 6634/4/1 6617/4/1
f 6323/6/4 6322/6/4 6635/6/4 6636/6/4
f 6322/4/4 6324/4/4 6637/4/4 6635/4/4
f 6324/4/4 6325/4/4 6638/4/4 6637/4/4
f 6307/4/2 6620/4/2 6639/4/2 6326/4/2
f 6325/4/4 6326/4/4 6639/4/4 6638/4/4
f 6311/4/1 6327/4/1 6640/4/1 6624/4/1
f 6327/4/4 6328/4/4 6641/4/4 6640/4/4
f 6331/4/2 6626/4/2 6642/4/2 6329/4/2
f 6328/4/4 6329/4/4 6642/4/4 6641/4/4
f 6334/4/1 6333/4/1 6643/4/1 6627/4/1
f 6333/4/4 6335/4/4 6644/4/4 6643/4/4
f 6335/4/4 6336/4/4 6645/4/4 6644/4/4
f 6336/6/4 6337/6/4 6646/6/4 6645/6/4
f 6337/6/4 6338/6/4 6647/6/4 6646/6/4
f 6340/4/4 6339/4/4 6648/4/4 6649/4/4
f 6339/1/4 6341/1/4 6650/1/4 6648/1/4
f 6341/1/4 6342/1/4 6651/1/4 6650/1/4
f 6342/3/4 6343/3/4 6652/3/4 6651/3/4
f 6343/3/4 6344/3/4 6653/3/4 6652/3/4
f 6344/1/4 6345/1/4 6654/1/4 6653/1/4
f 6345/1/4 6346/1/4 6655/1/4 6654/1/4
f 6346/1/4 6347/1/4 6656/1/4 6655/1/4
f 6347/1/4 6348/1/4 6657/1/4 6656/1/4
f 6349/1/2 6629/1/2 6658/1/2 6350/1/2
f 6318/7/1 6357/7/1 6659/7/1 6630/7/1
f 6320/7/2 6633/7/2 6660/7/2 6358/7/2
f 6321/4/1 6359/4/1 6661/4/1 6634/4/1
f 6323/6/2 6636/6/2 6662/6/2 6360/6/2
f 6340/4/2 6649/4/2 6663/4/2 6361/4/2
f 6338/4/1 6362/4/1 6664/4/1 6647/4/1
f 6348/1/1 6363/1/1 6665/1/1 6657/1/1
f 6350/1/3 6658/1/3 6666/1/3 6351/1/3
f 6351/1/3 6666/1/3 6667/1/3 6353/1/3
f 6353/1/3 6667/1/3 6668/1/3 6355/1/3
f 6355/1/3 6668/1/3 6659/1/3 6357/1/3
f 6358/1/2 6660/1/2 6669/1/2 6367/1/2
f 6359/4/1 6368/4/1 6670/4/1 6661/4/1
f 6360/6/2 6662/6/2 6671/6/2 6369/6/2
f 6370/6/4 6369/6/4 6671/6/4 6672/6/4
f 6361/6/2 6663/6/2 6673/6/2 6371/6/2
f 6362/6/1 6372/6/1 6674/6/1 6664/6/1
f 6372/6/4 6371/6/4 6673/6/4 6674/6/4
f 6664/6/6 6674/6/6 6673/6/6 6663/6/6
f 6374/3/1 6373/3/1 6675/3/1 6676/3/1
f 6374/3/3 6676/3/3 6677/3/3 6375/3/3
f 6375/3/3 6677/3/3 6678/3/3 6376/3/3
f 6376/3/3 6678/3/3 6679/3/3 6377/3/3
f 6377/3/3 6679/3/3 6680/3/3 6378/3/3
f 6378/1/3 6680/1/3 6681/1/3 6379/1/3
f 6379/1/3 6681/1/3 6682/1/3 6380/1/3
f 6380/1/3 6682/1/3 6683/1/3 6381/1/3
f 6381/1/3 6683/1/3 6665/1/3 6363/1/3
f 6367/1/2 6669/1/2 6684/1/2 6382/1/2
f 6370/4/2 6672/4/2 6685/4/2 6383/4/2
f 6368/4/1 6384/4/1 6686/4/1 6670/4/1
f 6373/3/1 6385/3/1 6687/3/1 6675/3/1
f 6382/1/2 6684/1/2 6688/1/2 6386/1/2
f 6383/4/2 6685/4/2 6689/4/2 6387/4/2
f 6384/4/1 6388/4/1 6690/4/1 6686/4/1
f 6388/4/4 6387/4/4 6689/4/4 6690/4/4
f 6385/3/1 6389/3/1 6691/3/1 6687/3/1
f 6386/1/2 6688/1/2 6692/1/2 6390/1/2
f 6389/2/1 6392/2/1 6693/2/1 6691/2/1
f 6390/1/2 6692/1/2 6694/1/2 6396/1/2
f 6392/3/1 6695/3/1 6696/3/1 6693/3/1
f 6695/3/4 6397/3/4 6697/3/4 6696/3/4
f 6392/3/5 6393/3/5 6397/3/5 6695/3/5
f 6415/1/4 6416/1/4 6698/1/4 6699/1/4
f 6395/2/2 6700/2/2 6701/2/2 6400/2/2
f 6396/2/3 6694/2/3 6700/2/3 6395/2/3
f 6401/2/4 6400/2/4 6701/2/4 6702/2/4
f 6397/3/1 6402/3/1 6703/3/1 6697/3/1
f 6402/3/4 6403/3/4 6704/3/4 6703/3/4
f 6405/3/4 6404/3/4 6705/3/4 6706/3/4
f 6404/1/4 6407/1/4 6707/1/4 6705/1/4
f 6399/1/5 6398/1/5 6407/1/5 6404/1/5
f 6407/1/4 6408/1/4 6708/1/4 6707/1/4
f 6409/1/4 6410/1/4 6709/1/4 6710/1/4
f 6410/1/4 6411/1/4 6711/1/4 6709/1/4
f 6411/1/4 6427/1/4 6712/1/4 6711/1/4
f 6415/1/2 6699/1/2 6713/1/2 6412/1/2
f 6413/1/4 6412/1/4 6713/1/4 6714/1/4
f 6416/1/1 6414/1/1 6715/1/1 6698/1/1
f 6414/1/4 6417/1/4 6716/1/4 6715/1/4
f 6698/1/6 6715/1/6 6716/1/6 6717/1/6
f 6417/1/4 6418/1/4 6718/1/4 6716/1/4
f 6418/1/4 6436/1/4 6719/1/4 6718/1/4
f 6401/1/2 6702/1/2 6720/1/2 6419/1/2
f 6405/2/2 6706/2/2 6721/2/2 6423/2/2
f 6403/2/1 6424/2/1 6722/2/1 6704/2/1
f 6424/2/4 6423/2/4 6721/2/4 6722/2/4
f 6704/2/6 6722/2/6 6721/2/6 6706/2/6
f 6409/1/2 6710/1/2 6723/1/2 6724/1/2
f 6408/1/1 6725/1/1 6726/1/1 6708/1/1
f 6725/1/4 6724/1/4 6723/1/4 6726/1/4
f 6708/1/6 6726/1/6 6723/1/6 6710/1/6
f 6408/1/5 6409/1/5 6724/1/5 6725/1/5
f 6427/1/1 6426/1/1 6727/1/1 6712/1/1
f 6426/1/4 6429/1/4 6728/1/4 6727/1/4
f 6413/1/2 6714/1/2 6729/1/2 6430/1/2
f 6429/1/4 6430/1/4 6729/1/4 6728/1/4
f 6419/1/2 6720/1/2 6730/1/2 6437/1/2
f 6436/1/1 6435/1/1 6731/1/1 6719/1/1
f 6435/1/4 6437/1/4 6730/1/4 6731/1/4
f 6732/3/1 6733/3/1 6734/3/1 6735/3/1
f 6732/3/3 6735/3/3 6736/3/3 6440/3/3
f 6733/3/4 6439/3/4 6737/3/4 6734/3/4
f 6732/3/5 6440/3/5 6439/3/5 6733/3/5
f 6441/3/2 6738/3/2 6739/3/2 6444/3/2
f 6440/3/3 6736/3/3 6738/3/3 6441/3/3
f 6736/3/6 6737/3/6 6739/3/6 6738/3/6
f 6740/1/1 6473/1/1 6741/1/1 6742/1/1
f 6740/1/3 6742/1/3 6743/1/3 6454/1/3
f 6742/1/6 6741/1/6 6744/1/6 6743/1/6
f 6740/1/5 6454/1/5 6453/1/5 6473/1/5
f 6454/1/3 6743/1/3 6745/1/3 6455/1/3
f 6458/1/2 6746/1/2 6747/1/2 6459/1/2
f 6455/1/3 6745/1/3 6746/1/3 6458/1/3
f 6462/1/2 6748/1/2 6749/1/2 6465/1/2
f 6461/1/1 6460/1/1 6750/1/1 6751/1/1
f 6461/1/3 6751/1/3 6748/1/3 6462/1/3
f 6471/1/1 6470/1/1 6752/1/1 6753/1/1
f 6471/1/3 6753/1/3 6754/1/3 6467/1/3
f 6755/2/2 6756/2/2 6757/2/2 6477/2/2
f 6467/2/3 6754/2/3 6756/2/3 6755/2/3
f 6467/2/5 6755/2/5 6477/2/5 6468/2/5
f 6439/3/1 6472/3/1 6758/3/1 6737/3/1
f 6444/3/3 6739/3/3 6759/3/3 6443/3/3
f 6443/2/3 6759/2/3 6760/2/3 6445/2/3
f 6445/1/3 6760/1/3 6761/1/3 6449/1/3
f 6449/1/3 6761/1/3 6762/1/3 6452/1/3
f 6452/1/3 6762/1/3 6741/1/3 6473/1/3
f 6459/1/3 6747/1/3 6763/1/3 6474/1/3
f 6474/2/3 6763/2/3 6750/2/3 6460/2/3
f 6474/2/5 6460/2/5 6476/2/5 6475/2/5
f 6465/1/3 6749/1/3 6764/1/3 6464/1/3
f 6749/1/6 6765/1/6 6766/1/6 6764/1/6
f 6464/1/3 6764/1/3 6752/1/3 6470/1/3
f 6764/1/6 6766/1/6 6767/1/6 6752/1/6
f 6477/1/3 6757/1/3 6768/1/3 6478/1/3
f 6769/1/2 6770/1/2 6771/1/2 6772/1/2
f 6478/1/3 6768/1/3 6770/1/3 6769/1/3
f 6479/1/4 6772/1/4 6771/1/4 6773/1/4
f 6768/1/6 6773/1/6 6771/1/6 6770/1/6
f 6478/1/5 6769/1/5 6772/1/5 6479/1/5
f 6472/3/1 6480/3/1 6774/3/1 6758/3/1
f 6479/1/2 6773/1/2 6775/1/2 6481/1/2
f 6480/3/1 6482/3/1 6776/3/1 6774/3/1
f 6483/1/2 6777/1/2 6778/1/2 6484/1/2
f 6481/1/3 6775/1/3 6777/1/3 6483/1/3
f 6775/1/6 6779/1/6 6778/1/6 6777/1/6
f 6482/3/1 6486/3/1 6780/3/1 6776/3/1
f 6484/1/2 6778/1/2 6781/1/2 6490/1/2
f 6485/1/5 6484/1/5 6490/1/5 6487/1/5
f 6486/3/1 6488/3/1 6782/3/1 6780/3/1
f 6488/3/4 6489/3/4 6783/3/4 6782/3/4
f 6490/1/2 6781/1/2 6784/1/2 6491/1/2
f 6495/1/4 6491/1/4 6784/1/4 6785/1/4
f 6489/3/1 6492/3/1 6786/3/1 6783/3/1
f 6495/7/2 6785/7/2 6787/7/2 6494/7/2
f 6492/3/1 6498/3/1 6788/3/1 6786/3/1
f 6494/7/2 6787/7/2 6789/7/2 6499/7/2
f 6498/3/1 6501/3/1 6790/3/1 6788/3/1
f 6502/7/2 6791/7/2 6792/7/2 6503/7/2
f 6499/7/3 6789/7/3 6791/7/3 6502/7/3
f 6500/3/1 6508/3/1 6793/3/1 6794/3/1
f 6500/3/3 6794/3/3 6790/3/3 6501/3/3
f 6510/1/4 6509/1/4 6795/1/4 6796/1/4
f 6509/1/4 6511/1/4 6797/1/4 6795/1/4
f 6511/1/4 6512/1/4 6798/1/4 6797/1/4
f 6512/1/4 6513/1/4 6799/1/4 6798/1/4
f 6513/1/4 6514/1/4 6800/1/4 6799/1/4
f 6503/7/2 6792/7/2 6801/7/2 6515/7/2
f 6506/3/1 6517/3/1 6802/3/1 6803/3/1
f 6506/3/3 6803/3/3 6793/3/3 6508/3/3
f 6510/1/2 6796/1/2 6804/1/2 6518/1/2
f 6514/7/1 6519/7/1 6805/7/1 6800/7/1
f 6515/7/2 6801/7/2 6806/7/2 6520/7/2
f 6521/7/4 6520/7/4 6806/7/4 6807/7/4
f 6808/7/6 6807/7/6 6806/7/6 6801/7/6
f 6522/4/2 6809/4/2 6810/4/2 6523/4/2
f 6525/4/1 6524/4/1 6811/4/1 6812/4/1
f 6525/4/3 6812/4/3 6809/4/3 6522/4/3
f 6517/3/1 6526/3/1 6813/3/1 6802/3/1
f 6518/1/2 6804/1/2 6814/1/2 6527/1/2
f 6529/1/1 6528/1/1 6815/1/1 6816/1/1
f 6529/1/3 6816/1/3 6817/1/3 6530/1/3
f 6530/1/3 6817/1/3 6818/1/3 6531/1/3
f 6531/1/3 6818/1/3 6819/1/3 6532/1/3
f 6532/1/3 6819/1/3 6805/1/3 6519/1/3
f 6521/7/2 6807/7/2 6820/7/2 6533/7/2
f 6524/4/1 6534/4/1 6821/4/1 6811/4/1
f 6535/4/2 6822/4/2 6823/4/2 6536/4/2
f 6523/4/3 6810/4/3 6822/4/3 6535/4/3
f 6526/3/1 6537/3/1 6824/3/1 6813/3/1
f 6527/1/2 6814/1/2 6825/1/2 6538/1/2
f 6528/1/1 6539/1/1 6826/1/1 6815/1/1
f 6533/7/2 6820/7/2 6827/7/2 6540/7/2
f 6534/4/1 6541/4/1 6828/4/1 6821/4/1
f 6536/4/3 6823/4/3 6829/4/3 6542/4/3
f 6542/4/3 6829/4/3 6830/4/3 6543/4/3
f 6543/4/3 6830/4/3 6831/4/3 6544/4/3
f 6544/4/3 6831/4/3 6832/4/3 6545/4/3
f 6545/4/3 6832/4/3 6833/4/3 6546/4/3
f 6546/4/3 6833/4/3 6834/4/3 6547/4/3
f 6547/4/3 6834/4/3 6835/4/3 6548/4/3
f 6548/4/3 6835/4/3 6836/4/3 6549/4/3
f 6549/4/3 6836/4/3 6837/4/3 6550/4/3
f 6550/4/3 6837/4/3 6838/4/3 6551/4/3
f 6551/4/3 6838/4/3 6839/4/3 6552/4/3
f 6552/4/3 6839/4/3 6840/4/3 6553/4/3
f 6553/4/3 6840/4/3 6841/4/3 6554/4/3
f 6554/4/3 6841/4/3 6842/4/3 6555/4/3
f 6555/4/3 6842/4/3 6843/4/3 6556/4/3
f 6556/4/3 6843/4/3 6844/4/3 6557/4/3
f 6558/4/2 6845/4/2 6846/4/2 6559/4/2
f 6557/4/3 6844/4/3 6845/4/3 6558/4/3
f 6537/3/1 6562/3/1 6847/3/1 6824/3/1
f 6538/1/2 6825/1/2 6848/1/2 6563/1/2
f 6539/1/1 6564/1/1 6849/1/1 6826/1/1
f 6566/7/2 6850/7/2 6851/7/2 6567/7/2
f 6540/7/3 6827/7/3 6850/7/3 6566/7/3
f 6541/4/1 6568/4/1 6852/4/1 6828/4/1
f 6559/4/3 6846/4/3 6853/4/3 6560/4/3
f 6560/4/3 6853/4/3 6847/4/3 6562/4/3
f 6563/1/2 6848/1/2 6854/1/2 6569/1/2
f 6564/1/1 6570/1/1 6855/1/1 6849/1/1
f 6567/7/2 6851/7/2 6856/7/2 6571/7/2
f 6572/7/4 6571/7/4 6856/7/4 6857/7/4
f 6568/4/1 6573/4/1 6858/4/1 6852/4/1
f 6569/1/2 6854/1/2 6859/1/2 6574/1/2
f 6570/1/1 6575/1/1 6860/1/1 6855/1/1
f 6572/7/2 6857/7/2 6861/7/2 6576/7/2
f 6573/4/1 6577/4/1 6862/4/1 6858/4/1
f 6574/1/2 6859/1/2 6863/1/2 6578/1/2
f 6575/1/1 6579/1/1 6864/1/1 6860/1/1
f 6576/7/2 6861/7/2 6865/7/2 6580/7/2
f 6577/4/1 6581/4/1 6866/4/1 6862/4/1
f 6578/1/2 6863/1/2 6867/1/2 6582/1/2
f 6579/1/1 6583/1/1 6868/1/1 6864/1/1
f 6580/7/2 6865/7/2 6869/7/2 6584/7/2
f 6581/4/1 6585/4/1 6870/4/1 6866/4/1
f 6582/1/3 6867/1/3 6868/1/3 6583/1/3
f 6586/7/2 6871/7/2 6872/7/2 6587/7/2
f 6584/7/3 6869/7/3 6871/7/3 6586/7/3
f 6585/4/1 6588/4/1 6873/4/1 6870/4/1
f 6587/7/2 6872/7/2 6874/7/2 6589/7/2
f 6588/4/1 6590/4/1 6875/4/1 6873/4/1
f 6592/1/4 6591/1/4 6876/1/4 6877/1/4
f 6591/1/4 6593/1/4 6878/1/4 6876/1/4
f 6593/1/4 6594/1/4 6879/1/4 6878/1/4
f 6594/1/4 6595/1/4 6880/1/4 6879/1/4
f 6589/7/2 6874/7/2 6881/7/2 6596/7/2
f 6597/7/4 6596/7/4 6881/7/4 6882/7/4
f 6883/7/6 6882/7/6 6881/7/6 6874/7/6
f 6590/4/1 6598/4/1 6884/4/1 6875/4/1
f 6600/1/4 6599/1/4 6885/1/4 6886/1/4
f 6592/1/2 6877/1/2 6887/1/2 6601/1/2
f 6595/7/1 6602/7/1 6888/7/1 6880/7/1
f 6597/7/2 6882/7/2 6889/7/2 6603/7/2
f 6598/4/1 6604/4/1 6890/4/1 6884/4/1
f 6600/4/2 6886/4/2 6891/4/2 6605/4/2
f 6599/3/1 6606/3/1 6892/3/1 6885/3/1
f 6607/1/2 6893/1/2 6894/1/2 6608/1/2
f 6601/1/3 6887/1/3 6893/1/3 6607/1/3
f 6602/7/1 6609/7/1 6895/7/1 6888/7/1
f 6603/7/2 6889/7/2 6896/7/2 6610/7/2
f 6604/4/1 6611/4/1 6897/4/1 6890/4/1
f 6605/1/3 6891/1/3 6892/1/3 6606/1/3
f 6605/1/5 6606/1/5 6613/1/5 6612/1/5
f 6608/1/2 6894/1/2 6898/1/2 6614/1/2
f 6609/7/1 6615/7/1 6899/7/1 6895/7/1
f 6610/7/2 6896/7/2 6900/7/2 6616/7/2
f 6611/4/1 6617/4/1 6901/4/1 6897/4/1
f 6626/9/4 6625/9/4 6902/9/4 6903/9/4
f 6625/8/4 6627/8/4 6904/8/4 6902/8/4
f 6614/1/2 6898/1/2 6905/1/2 6628/1/2
f 6629/1/4 6628/1/4 6905/1/4 6906/1/4
f 6615/7/1 6630/7/1 6907/7/1 6899/7/1
f 6616/7/2 6900/7/2 6908/7/2 6633/7/2
f 6617/4/1 6634/4/1 6909/4/1 6901/4/1
f 6636/6/4 6635/6/4 6910/6/4 6911/6/4
f 6635/4/4 6637/4/4 6912/4/4 6910/4/4
f 6637/4/4 6638/4/4 6913/4/4 6912/4/4
f 6638/4/4 6639/4/4 6914/4/4 6913/4/4
f 6639/4/4 6915/4/4 6916/4/4 6914/4/4
f 6620/4/5 6619/4/5 6915/4/5 6639/4/5
f 6915/4/4 6917/4/4 6918/4/4 6916/4/4
f 6619/4/5 6621/4/5 6917/4/5 6915/4/5
f 6917/4/4 6919/4/4 6920/4/4 6918/4/4
f 6621/4/5 6622/4/5 6919/4/5 6917/4/5
f 6919/4/4 6921/4/4 6922/4/4 6920/4/4
f 6622/4/5 6623/4/5 6921/4/5 6919/4/5
f 6921/4/4 6640/4/4 6923/4/4 6922/4/4
f 6623/4/5 6624/4/5 6640/4/5 6921/4/5
f 6640/4/4 6641/4/4 6924/4/4 6923/4/4
f 6626/4/2 6903/4/2 6925/4/2 6642/4/2
f 6641/4/4 6642/4/4 6925/4/4 6924/4/4
f 6627/4/1 6643/4/1 6926/4/1 6904/4/1
f 6643/4/4 6644/4/4 6927/4/4 6926/4/4
f 6644/4/4 6645/4/4 6928/4/4 6927/4/4
f 6645/4/4 6646/4/4 6929/4/4 6928/4/4
f 6649/4/4 6648/4/4 6930/4/4 6931/4/4
f 6648/1/4 6650/1/4 6932/1/4 6930/1/4
f 6650/1/4 6651/1/4 6933/1/4 6932/1/4
f 6651/3/4 6652/3/4 6934/3/4 6933/3/4
f 6652/3/4 6653/3/4 6935/3/4 6934/3/4
f 6653/1/4 6654/1/4 6936/1/4 6935/1/4
f 6654/1/4 6655/1/4 6937/1/4 6936/1/4
f 6655/1/4 6656/1/4 6938/1/4 6937/1/4
f 6656/1/4 6657/1/4 6939/1/4 6938/1/4
f 6629/1/2 6906/1/2 6940/1/2 6658/1/2
f 6630/7/1 6659/7/1 6941/7/1 6907/7/1
f 6633/7/2 6908/7/2 6942/7/2 6660/7/2
f 6634/4/1 6661/4/1 6943/4/1 6909/4/1
f 6636/4/2 6911/4/2 6944/4/2 6662/4/2
f 6646/4/1 6945/4/1 6946/4/1 6929/4/1
f 6945/4/4 6664/4/4 6947/4/4 6946/4/4
f 6929/4/6 6946/4/6 6947/4/6 6948/4/6
f 6646/4/5 6647/4/5 6664/4/5 6945/4/5
f 6649/4/2 6931/4/2 6949/4/2 6663/4/2
f 6664/4/4 6663/4/4 6949/4/4 6947/4/4
f 6948/4/6 6947/4/6 6949/4/6 6931/4/6
f 6657/1/1 6665/1/1 6950/1/1 6939/1/1
f 6658/1/3 6940/1/3 6951/1/3 6666/1/3
f 6666/1/3 6951/1/3 6952/1/3 6667/1/3
f 6667/1/3 6952/1/3 6953/1/3 6668/1/3
f 6668/1/3 6953/1/3 6941/1/3 6659/1/3
f 6660/1/2 6942/1/2 6954/1/2 6669/1/2
f 6661/4/1 6670/4/1 6955/4/1 6943/4/1
f 6662/4/2 6944/4/2 6956/4/2 6671/4/2
f 6672/4/4 6671/4/4 6956/4/4 6957/4/4
f 6676/3/1 6675/3/1 6958/3/1 6959/3/1
f 6676/3/3 6959/3/3 6960/3/3 6677/3/3
f 6677/3/3 6960/3/3 6961/3/3 6678/3/3
f 6678/3/3 6961/3/3 6962/3/3 6679/3/3
f 6679/3/3 6962/3/3 6963/3/3 6680/3/3
f 6680/1/3 6963/1/3 6964/1/3 6681/1/3
f 6681/1/3 6964/1/3 6965/1/3 6682/1/3
f 6682/1/3 6965/1/3 6966/1/3 6683/1/3
f 6683/1/3 6966/1/3 6950/1/3 6665/1/3
f 6669/1/2 6954/1/2 6967/1/2 6684/1/2
f 6672/4/2 6957/4/2 6968/4/2 6685/4/2
f 6670/4/1 6686/4/1 6969/4/1 6955/4/1
f 6675/3/1 6687/3/1 6970/3/1 6958/3/1
f 6971/1/2 6972/1/2 6973/1/2 6974/1/2
f 6684/1/3 6967/1/3 6972/1/3 6971/1/3
f 6688/1/4 6974/1/4 6973/1/4 6975/1/4
f 6684/1/5 6971/1/5 6974/1/5 6688/1/5
f 6685/4/2 6968/4/2 6976/4/2 6689/4/2
f 6686/4/1 6690/4/1 6977/4/1 6969/4/1
f 6690/4/4 6689/4/4 6976/4/4 6977/4/4
f 6687/3/1 6691/3/1 6978/3/1 6970/3/1
f 6688/1/2 6975/1/2 6979/1/2 6692/1/2
f 6691/3/1 6693/3/1 6980/3/1 6978/3/1
f 6692/1/2 6979/1/2 6981/1/2 6694/1/2
f 6693/2/1 6696/2/1 6982/2/1 6980/2/1
f 6696/2/4 6697/2/4 6983/2/4 6982/2/4
f 6698/2/4 6717/2/4 6984/2/4 6985/2/4
f 6700/1/2 6986/1/2 6987/1/2 6701/1/2
f 6694/1/3 6981/1/3 6986/1/3 6700/1/3
f 6702/1/4 6701/1/4 6987/1/4 6988/1/4
f 6981/1/6 6988/1/6 6987/1/6 6986/1/6
f 6697/2/1 6703/2/1 6989/2/1 6983/2/1
f 6703/2/4 6704/2/4 6990/2/4 6989/2/4
f 6704/3/4 6706/3/4 6991/3/4 6990/3/4
f 6706/3/4 6705/3/4 6992/3/4 6991/3/4
f 6707/1/4 6708/1/4 6993/1/4 6994/1/4
f 6995/1/6 6994/1/6 6993/1/6 6996/1/6
f 6708/1/4 6710/1/4 6997/1/4 6993/1/4
f 6710/1/4 6709/1/4 6998/1/4 6997/1/4
f 6711/1/4 6712/1/4 6999/1/4 7000/1/4
f 6698/1/2 6985/1/2 7001/1/2 6715/1/2
f 6713/1/4 6715/1/4 7001/1/4 7002/1/4
f 6699/1/5 6698/1/5 6715/1/5 6713/1/5
f 6717/2/1 6716/2/1 7003/2/1 6984/2/1
f 6716/2/4 6718/2/4 7004/2/4 7003/2/4
f 6718/1/4 6719/1/4 7005/1/4 7004/1/4
f 6702/2/2 6988/2/2 7006/2/2 6720/2/2
f 7007/2/6 7005/2/6 7006/2/6 6988/2/6
f 6707/1/2 6994/1/2 7008/1/2 7009/1/2
f 6705/1/1 7010/1/1 7011/1/1 6992/1/1
f 7010/1/4 7009/1/4 7008/1/4 7011/1/4
f 6992/1/6 7011/1/6 7008/1/6 6994/1/6
f 6705/1/5 6707/1/5 7009/1/5 7010/1/5
f 6711/1/2 7000/1/2 7012/1/2 7013/1/2
f 6709/1/1 7014/1/1 7015/1/1 6998/1/1
f 7014/1/4 7013/1/4 7012/1/4 7015/1/4
f 6709/1/5 6711/1/5 7013/1/5 7014/1/5
f 6712/1/1 6727/1/1 7016/1/1 6999/1/1
f 6727/1/4 6728/1/4 7017/1/4 7016/1/4
f 6999/1/6 7016/1/6 7017/1/6 7018/1/6
f 6728/1/4 6729/1/4 7019/1/4 7017/1/4
f 6713/1/2 7002/1/2 7020/1/2 7021/1/2
f 6729/1/4 7021/1/4 7020/1/4 7019/1/4
f 6714/1/5 6713/1/5 7021/1/5 6729/1/5
f 6719/1/1 6731/1/1 7022/1/1 7005/1/1
f 6731/1/4 6730/1/4 7023/1/4 7022/1/4
f 7005/1/6 7022/1/6 7023/1/6 7006/1/6
f 7024/1/2 7025/1/2 7026/1/2 7027/1/2
f 6720/1/3 7006/1/3 7025/1/3 7024/1/3
f 6730/1/4 7027/1/4 7026/1/4 7023/1/4
f 7006/1/6 7023/1/6 7026/1/6 7025/1/6
f 6720/1/5 7024/1/5 7027/1/5 6730/1/5
f 6736/3/2 7028/3/2 7029/3/2 6737/3/2
f 6735/3/1 6734/3/1 7030/3/1 7031/3/1
f 6735/3/3 7031/3/3 7028/3/3 6736/3/3
f 7031/3/6 7030/3/6 7029/3/6 7028/3/6
f 7032/2/1 6761/2/1 7033/2/1 7034/2/1
f 7032/2/3 7034/2/3 7035/2/3 7036/2/3
f 7032/2/5 7036/2/5 6762/2/5 6761/2/5
f 6742/1/2 7037/1/2 7038/1/2 6741/1/2
f 7036/1/3 7035/1/3 7037/1/3 6742/1/3
f 7036/1/5 6742/1/5 6741/1/5 6762/1/5
f 6743/1/1 6744/1/1 7039/1/1 7040/1/1
f 6743/1/3 7040/1/3 7041/1/3 6745/1/3
f 6746/1/2 7042/1/2 7043/1/2 6747/1/2
f 6745/1/3 7041/1/3 7042/1/3 6746/1/3
f 7041/1/6 7044/1/6 7043/1/6 7042/1/6
f 6748/2/2 7045/2/2 7046/2/2 6749/2/2
f 6751/2/1 6750/2/1 7047/2/1 7048/2/1
f 6751/2/3 7048/2/3 7045/2/3 6748/2/3
f 7048/2/6 7047/2/6 7046/2/6 7045/2/6
f 6753/1/1 6752/1/1 7049/1/1 7050/1/1
f 6753/1/3 7050/1/3 7051/1/3 6754/1/3
f 6754/2/3 7051/2/3 7052/2/3 6756/2/3
f 7053/3/2 7054/3/2 7055/3/2 6768/3/2
f 6756/3/3 7052/3/3 7054/3/3 7053/3/3
f 6756/3/5 7053/3/5 6768/3/5 6757/3/5
f 6734/3/1 7056/3/1 7057/3/1 7030/3/1
f 6734/3/5 6737/3/5 6758/3/5 7056/3/5
f 6737/3/3 7029/3/3 7058/3/3 6739/3/3
f 7029/3/6 7059/3/6 7060/3/6 7058/3/6
f 6739/3/3 7058/3/3 7061/3/3 6759/3/3
f 6759/3/3 7061/3/3 7062/3/3 6760/3/3
f 6760/2/3 7062/2/3 7033/2/3 6761/2/3
f 6741/1/3 7038/1/3 7039/1/3 6744/1/3
f 6747/1/3 7043/1/3 7063/1/3 6763/1/3
f 7043/1/6 7064/1/6 7065/1/6 7063/1/6
f 6763/2/3 7063/2/3 7047/2/3 6750/2/3
f 7063/2/6 7065/2/6 7066/2/6 7047/2/6
f 6749/1/2 7046/1/2 7067/1/2 6765/1/2
f 7047/1/6 7066/1/6 7067/1/6 7046/1/6
f 6752/1/1 6767/1/1 7068/1/1 7049/1/1
f 6768/1/2 7055/1/2 7069/1/2 6773/1/2
f 7056/3/1 7070/3/1 7071/3/1 7057/3/1
f 7056/3/5 6758/3/5 6774/3/5 7070/3/5
f 6765/1/3 7067/1/3 7072/1/3 6766/1/3
f 6766/1/3 7072/1/3 7068/1/3 6767/1/3
f 6771/1/2 7073/1/2 7074/1/2 6777/1/2
f 6773/1/3 7069/1/3 7073/1/3 6771/1/3
f 6775/1/4 6777/1/4 7074/1/4 7075/1/4
f 6773/1/5 6771/1/5 6777/1/5 6775/1/5
f 7070/3/1 7076/3/1 7077/3/1 7071/3/1
f 7076/3/4 6776/3/4 7078/3/4 7077/3/4
f 7070/3/5 6774/3/5 6776/3/5 7076/3/5
f 6775/1/2 7075/1/2 7079/1/2 6779/1/2
f 6776/3/1 6780/3/1 7080/3/1 7078/3/1
f 6778/1/2 7081/1/2 7082/1/2 6781/1/2
f 6779/1/3 7079/1/3 7081/1/3 6778/1/3
f 7079/1/6 7083/1/6 7082/1/6 7081/1/6
f 6780/3/1 6782/3/1 7084/3/1 7080/3/1
f 6781/1/2 7082/1/2 7085/1/2 6784/1/2
f 6785/1/4 6784/1/4 7085/1/4 7086/1/4
f 6782/3/1 7087/3/1 7088/3/1 7084/3/1
f 6782/3/5 6783/3/5 6786/3/5 7087/3/5
f 6785/1/2 7086/1/2 7089/1/2 6787/1/2
f 7087/3/1 7090/3/1 7091/3/1 7088/3/1
f 7087/3/5 6786/3/5 6788/3/5 7090/3/5
f 7092/1/2 7093/1/2 7094/1/2 6791/1/2
f 6787/1/3 7089/1/3 7093/1/3 7092/1/3
f 6787/1/5 7092/1/5 6791/1/5 6789/1/5
f 7095/3/1 7096/3/1 7097/3/1 7098/3/1
f 7095/3/3 7098/3/3 7091/3/3 7090/3/3
f 7095/3/5 7090/3/5 6794/3/5 7096/3/5
f 7090/3/5 6788/3/5 6790/3/5 6794/3/5
f 6791/1/2 7094/1/2 7099/1/2 6792/1/2
f 7096/3/1 6803/3/1 7100/3/1 7097/3/1
f 7096/3/5 6794/3/5 6793/3/5 6803/3/5
f 6792/1/2 7099/1/2 7101/1/2 6801/1/2
f 6808/1/4 6801/1/4 7101/1/4 7102/1/4
f 7103/1/6 7102/1/6 7101/1/6 7099/1/6
f 6803/3/1 6802/3/1 7104/3/1 7100/3/1
f 6796/1/5 6795/1/5 6816/1/5 6804/1/5
f 6795/1/5 6797/1/5 6817/1/5 6816/1/5
f 6797/1/5 6798/1/5 6818/1/5 6817/1/5
f 6798/1/5 6799/1/5 6819/1/5 6818/1/5
f 6799/1/5 6800/1/5 6805/1/5 6819/1/5
f 6808/1/2 7102/1/2 7105/1/2 6807/1/2
f 6809/4/2 7106/4/2 7107/4/2 6810/4/2
f 6812/4/1 6811/4/1 7108/4/1 7109/4/1
f 6812/4/3 7109/4/3 7106/4/3 6809/4/3
f 6802/3/1 6813/3/1 7110/3/1 7104/3/1
f 6804/1/5 6816/1/5 6815/1/5 6814/1/5
f 6806/1/2 7111/1/2 7112/1/2 7113/1/2
f 6807/1/3 7105/1/3 7111/1/3 6806/1/3
f 6820/1/4 7113/1/4 7112/1/4 7114/1/4
f 7105/1/6 7114/1/6 7112/1/6 7111/1/6
f 6807/1/5 6806/1/5 7113/1/5 6820/1/5
f 6811/4/1 6821/4/1 7115/4/1 7108/4/1
f 6822/4/2 7116/4/2 7117/4/2 6823/4/2
f 6810/4/3 7107/4/3 7116/4/3 6822/4/3
f 6813/3/1 6824/3/1 7118/3/1 7110/3/1
f 6814/1/5 6815/1/5 6826/1/5 6825/1/5
f 6820/1/2 7114/1/2 7119/1/2 6827/1/2
f 6821/4/1 6828/4/1 7120/4/1 7115/4/1
f 6823/4/3 7117/4/3 7121/4/3 6829/4/3
f 6829/4/3 7121/4/3 7122/4/3 6830/4/3
f 6830/4/3 7122/4/3 7123/4/3 6831/4/3
f 6831/4/3 7123/4/3 7124/4/3 6832/4/3
f 6832/4/3 7124/4/3 7125/4/3 6833/4/3
f 6833/4/3 7125/4/3 7126/4/3 6834/4/3
f 6834/4/3 7126/4/3 7127/4/3 6835/4/3
f 6835/4/3 7127/4/3 7128/4/3 6836/4/3
f 6836/4/3 7128/4/3 7129/4/3 6837/4/3
f 6837/4/3 7129/4/3 7130/4/3 6838/4/3
f 6838/4/3 7130/4/3 7131/4/3 6839/4/3
f 6839/4/3 7131/4/3 7132/4/3 6840/4/3
f 6840/4/3 7132/4/3 7133/4/3 6841/4/3
f 6841/4/3 7133/4/3 7134/4/3 6842/4/3
f 6842/4/3 7134/4/3 7135/4/3 6843/4/3
f 6843/4/3 7135/4/3 7136/4/3 6844/4/3
f 6844/4/3 7136/4/3 7137/4/3 6845/4/3
f 7138/4/2 7139/4/2 7140/4/2 6853/4/2
f 6845/4/3 7137/4/3 7139/4/3 7138/4/3
f 6845/4/5 7138/4/5 6853/4/5 6846/4/5
f 6824/3/1 6847/3/1 7141/3/1 7118/3/1
f 6848/1/4 6849/1/4 7142/1/4 7143/1/4
f 6825/1/5 6826/1/5 6849/1/5 6848/1/5
f 6850/1/2 7144/1/2 7145/1/2 6851/1/2
f 6827/1/3 7119/1/3 7144/1/3 6850/1/3
f 6828/4/1 6852/4/1 7146/4/1 7120/4/1
f 6853/4/3 7140/4/3 7141/4/3 6847/4/3
f 6848/1/2 7143/1/2 7147/1/2 6854/1/2
f 6849/1/1 6855/1/1 7148/1/1 7142/1/1
f 6851/1/2 7145/1/2 7149/1/2 6856/1/2
f 6852/4/1 6858/4/1 7150/4/1 7146/4/1
f 6854/1/2 7147/1/2 7151/1/2 6859/1/2
f 6855/1/1 6860/1/1 7152/1/1 7148/1/1
f 6856/1/2 7149/1/2 7153/1/2 7154/1/2
f 6861/1/4 7154/1/4 7153/1/4 7155/1/4
f 6857/1/5 6856/1/5 7154/1/5 6861/1/5
f 6858/4/1 6862/4/1 7156/4/1 7150/4/1
f 6859/1/2 7151/1/2 7157/1/2 6863/1/2
f 6860/1/1 6864/1/1 7158/1/1 7152/1/1
f 6861/1/2 7155/1/2 7159/1/2 6865/1/2
f 6862/4/1 6866/4/1 7160/4/1 7156/4/1
f 6863/1/2 7157/1/2 7161/1/2 6867/1/2
f 6864/1/1 6868/1/1 7162/1/1 7158/1/1
f 6865/1/2 7159/1/2 7163/1/2 6869/1/2
f 6866/4/1 6870/4/1 7164/4/1 7160/4/1
f 6867/1/3 7161/1/3 7162/1/3 6868/1/3
f 6871/1/2 7165/1/2 7166/1/2 6872/1/2
f 6869/1/3 7163/1/3 7165/1/3 6871/1/3
f 7163/1/6 7167/1/6 7166/1/6 7165/1/6
f 6870/4/1 6873/4/1 7168/4/1 7164/4/1
f 6872/1/2 7166/1/2 7169/1/2 6874/1/2
f 6883/1/4 6874/1/4 7169/1/4 7170/1/4
f 7167/1/6 7170/1/6 7169/1/6 7166/1/6
f 6873/4/1 6875/4/1 7171/4/1 7168/4/1
f 6883/1/2 7170/1/2 7172/1/2 6882/1/2
f 6875/4/1 6884/4/1 7173/4/1 7171/4/1
f 6886/1/4 6885/1/4 7174/1/4 7175/1/4
f 6877/1/5 6876/1/5 6893/1/5 6887/1/5
f 6876/1/5 6878/1/5 7176/1/5 6893/1/5
f 6878/1/5 6879/1/5 7177/1/5 7176/1/5
f 6879/1/5 6880/1/5 6888/1/5 7177/1/5
f 6881/1/2 7178/1/2 7179/1/2 7180/1/2
f 6882/1/3 7172/1/3 7178/1/3 6881/1/3
f 7172/1/6 7181/1/6 7179/1/6 7178/1/6
f 6882/1/5 6881/1/5 7180/1/5 6889/1/5
f 6884/4/1 6890/4/1 7182/4/1 7173/4/1
f 6886/4/2 7175/4/2 7183/4/2 6891/4/2
f 6885/3/1 6892/3/1 7184/3/1 7174/3/1
f 6893/1/5 7176/1/5 7185/1/5 6894/1/5
f 7176/1/5 7177/1/5 7186/1/5 7185/1/5
f 7177/1/5 6888/1/5 6895/1/5 7186/1/5
f 7180/1/2 7179/1/2 7187/1/2 7188/1/2
f 6889/1/5 7180/1/5 7188/1/5 6896/1/5
f 6890/4/1 6897/4/1 7189/4/1 7182/4/1
f 6891/1/3 7183/1/3 7184/1/3 6892/1/3
f 6894/1/5 7185/1/5 7190/1/5 6898/1/5
f 7185/1/5 7186/1/5 7191/1/5 7190/1/5
f 7186/1/5 6895/1/5 6899/1/5 7191/1/5
f 7188/1/2 7187/1/2 7192/1/2 7193/1/2
f 6900/1/4 7193/1/4 7192/1/4 7194/1/4
f 6896/1/5 7188/1/5 7193/1/5 6900/1/5
f 6897/4/1 6901/4/1 7195/4/1 7189/4/1
f 6903/8/4 6902/8/4 7196/8/4 7197/8/4
f 6902/8/4 6904/8/4 7198/8/4 7196/8/4
f 6898/1/5 7190/1/5 7199/1/5 6905/1/5
f 7190/1/5 7191/1/5 7200/1/5 7199/1/5
f 7191/1/5 6899/1/5 6907/1/5 7200/1/5
f 6900/1/2 7194/1/2 7201/1/2 6908/1/2
f 6901/4/1 6909/4/1 7202/4/1 7195/4/1
f 6911/6/4 6910/6/4 7203/6/4 7204/6/4
f 6910/6/4 6912/6/4 7205/6/4 7203/6/4
f 6912/4/4 6913/4/4 7206/4/4 7205/4/4
f 6913/4/4 6914/4/4 7207/4/4 7206/4/4
f 6914/4/4 6916/4/4 7208/4/4 7207/4/4
f 6916/4/4 6918/4/4 7209/4/4 7208/4/4
f 6918/4/4 6920/4/4 7210/4/4 7209/4/4
f 6920/4/4 6922/4/4 7211/4/4 7210/4/4
f 6922/4/4 6923/4/4 7212/4/4 7211/4/4
f 6923/4/4 6924/4/4 7213/4/4 7212/4/4
f 6903/4/2 7197/4/2 7214/4/2 6925/4/2
f 6924/4/4 6925/4/4 7214/4/4 7213/4/4
f 6904/4/1 6926/4/1 7215/4/1 7198/4/1
f 6926/4/4 6927/4/4 7216/4/4 7215/4/4
f 6927/4/4 6928/4/4 7217/4/4 7216/4/4
f 6928/4/4 6929/4/4 7218/4/4 7217/4/4
f 6929/4/4 6948/4/4 7219/4/4 7218/4/4
f 6948/4/4 6931/4/4 7220/4/4 7219/4/4
f 6931/4/4 6930/4/4 7221/4/4 7220/4/4
f 6930/1/4 6932/1/4 7222/1/4 7221/1/4
f 6932/3/4 6933/3/4 7223/3/4 7222/3/4
f 6933/3/4 6934/3/4 7224/3/4 7223/3/4
f 6934/1/4 6935/1/4 7225/1/4 7224/1/4
f 6935/1/4 6936/1/4 7226/1/4 7225/1/4
f 6936/1/4 6937/1/4 7227/1/4 7226/1/4
f 6937/1/4 6938/1/4 7228/1/4 7227/1/4
f 6938/1/4 6939/1/4 7229/1/4 7228/1/4
f 6906/1/5 6905/1/5 6951/1/5 6940/1/5
f 6905/1/5 7199/1/5 6952/1/5 6951/1/5
f 7199/1/5 7200/1/5 6953/1/5 6952/1/5
f 7200/1/5 6907/1/5 6941/1/5 6953/1/5
f 6908/1/2 7201/1/2 7230/1/2 6942/1/2
f 6909/4/1 6943/4/1 7231/4/1 7202/4/1
f 6911/4/2 7204/4/2 7232/4/2 6944/4/2
f 6939/1/1 6950/1/1 7233/1/1 7229/1/1
f 6942/1/2 7230/1/2 7234/1/2 6954/1/2
f 6943/4/1 6955/4/1 7235/4/1 7231/4/1
f 6944/4/2 7232/4/2 7236/4/2 6956/4/2
f 6957/4/4 6956/4/4 7236/4/4 7237/4/4
f 6959/3/1 6958/3/1 7238/3/1 7239/3/1
f 6959/3/3 7239/3/3 7240/3/3 6960/3/3
f 6960/3/3 7240/3/3 7241/3/3 6961/3/3
f 6961/3/3 7241/3/3 7242/3/3 6962/3/3
f 6962/1/3 7242/1/3 7243/1/3 6963/1/3
f 6963/1/3 7243/1/3 7244/1/3 6964/1/3
f 6964/1/3 7244/1/3 7245/1/3 6965/1/3
f 6965/1/3 7245/1/3 7246/1/3 6966/1/3
f 6966/1/3 7246/1/3 7233/1/3 6950/1/3
f 6954/1/2 7234/1/2 7247/1/2 6967/1/2
f 6957/4/2 7237/4/2 7248/4/2 6968/4/2
f 6955/4/1 6969/4/1 7249/4/1 7235/4/1
f 6958/3/1 6970/3/1 7250/3/1 7238/3/1
f 7251/1/6 7252/1/6 7253/1/6 7247/1/6
f 6972/1/2 7254/1/2 7255/1/2 6973/1/2
f 6967/1/3 7247/1/3 7254/1/3 6972/1/3
f 6975/1/4 6973/1/4 7255/1/4 7253/1/4
f 7247/1/6 7253/1/6 7255/1/6 7254/1/6
f 6968/4/2 7248/4/2 7256/4/2 6976/4/2
f 6969/4/1 6977/4/1 7257/4/1 7249/4/1
f 6977/4/4 6976/4/4 7256/4/4 7257/4/4
f 6970/3/1 6978/3/1 7258/3/1 7250/3/1
f 6975/1/2 7253/1/2 7259/1/2 6979/1/2
f 6978/3/1 6980/3/1 7260/3/1 7258/3/1
f 6979/1/2 7259/1/2 7261/1/2 6981/1/2
f 6980/2/1 6982/2/1 7262/2/1 7260/2/1
f 6982/2/4 6983/2/4 7263/2/4 7262/2/4
f 7260/2/6 7262/2/6 7263/2/6 7264/2/6
f 6995/1/4 6996/1/4 7265/1/4 7266/1/4
f 6985/1/4 6984/1/4 7267/1/4 7268/1/4
f 6981/13/2 7261/13/2 7269/13/2 6988/13/2
f 7007/13/4 6988/13/4 7269/13/4 7270/13/4
f 6983/3/1 6989/3/1 7271/3/1 7263/3/1
f 6990/3/4 6991/3/4 7272/3/4 7273/3/4
f 6991/1/4 6992/1/4 7274/1/4 7272/1/4
f 6995/1/2 7266/1/2 7275/1/2 6994/1/2
f 6992/1/4 6994/1/4 7275/1/4 7274/1/4
f 7276/1/6 7274/1/6 7275/1/6 7266/1/6
f 6996/1/1 6993/1/1 7277/1/1 7265/1/1
f 6993/1/4 6997/1/4 7278/1/4 7277/1/4
f 7265/1/6 7277/1/6 7278/1/6 7279/1/6
f 6997/1/4 6998/1/4 7280/1/4 7278/1/4
f 7279/1/6 7278/1/6 7280/1/6 7281/1/6
f 6999/1/4 7018/1/4 7282/1/4 7283/1/4
f 6985/2/2 7268/2/2 7284/2/2 7001/2/2
f 7002/2/4 7001/2/4 7284/2/4 7285/2/4
f 7286/2/6 7285/2/6 7284/2/6 7268/2/6
f 6984/2/1 7003/2/1 7287/2/1 7267/2/1
f 7003/2/4 7004/2/4 7288/2/4 7287/2/4
f 7007/2/2 7270/2/2 7289/2/2 7005/2/2
f 7004/2/4 7005/2/4 7289/2/4 7288/2/4
f 7290/2/6 7288/2/6 7289/2/6 7270/2/6
f 6990/2/2 7273/2/2 7291/2/2 7292/2/2
f 6989/2/1 7293/2/1 7294/2/1 7271/2/1
f 7293/2/4 7292/2/4 7291/2/4 7294/2/4
f 7271/2/6 7294/2/6 7291/2/6 7273/2/6
f 6989/2/5 6990/2/5 7292/2/5 7293/2/5
f 6998/1/1 7015/1/1 7295/1/1 7280/1/1
f 7015/1/4 7012/1/4 7296/1/4 7295/1/4
f 6999/1/2 7283/1/2 7297/1/2 7016/1/2
f 7012/1/4 7016/1/4 7297/1/4 7296/1/4
f 7000/1/5 6999/1/5 7016/1/5 7012/1/5
f 7018/1/1 7017/1/1 7298/1/1 7282/1/1
f 7017/1/4 7019/1/4 7299/1/4 7298/1/4
f 7002/1/2 7285/1/2 7300/1/2 7020/1/2
f 7019/1/4 7020/1/4 7300/1/4 7299/1/4
f 7301/3/1 7061/3/1 7302/3/1 7303/3/1
f 7301/3/3 7303/3/3 7304/3/3 7305/3/3
f 7301/3/5 7305/3/5 7062/3/5 7061/3/5
f 7305/3/3 7304/3/3 7306/3/3 7034/3/3
f 7305/3/5 7034/3/5 7033/3/5 7062/3/5
f 7034/2/3 7306/2/3 7307/2/3 7035/2/3
f 7037/1/2 7308/1/2 7309/1/2 7038/1/2
f 7035/1/3 7307/1/3 7308/1/3 7037/1/3
f 7041/1/2 7310/1/2 7311/1/2 7044/1/2
f 7040/1/1 7039/1/1 7312/1/1 7313/1/1
f 7040/1/3 7313/1/3 7310/1/3 7041/1/3
f 7314/1/1 7315/1/1 7316/1/1 7317/1/1
f 7314/1/3 7317/1/3 7318/1/3 7050/1/3
f 7314/1/5 7050/1/5 7049/1/5 7315/1/5
f 7050/1/3 7318/1/3 7319/1/3 7051/1/3
f 7051/2/3 7319/2/3 7320/2/3 7052/2/3
f 7054/3/2 7321/3/2 7322/3/2 7055/3/2
f 7052/3/3 7320/3/3 7321/3/3 7054/3/3
f 7029/3/2 7323/3/2 7324/3/2 7059/3/2
f 7030/3/1 7057/3/1 7325/3/1 7326/3/1
f 7030/3/3 7326/3/3 7323/3/3 7029/3/3
f 7326/3/6 7325/3/6 7324/3/6 7323/3/6
f 7058/3/1 7060/3/1 7327/3/1 7328/3/1
f 7058/3/3 7328/3/3 7302/3/3 7061/3/3
f 7038/1/3 7309/1/3 7312/1/3 7039/1/3
f 7043/1/2 7329/1/2 7330/1/2 7064/1/2
f 7044/1/3 7311/1/3 7329/1/3 7043/1/3
f 7046/1/1 7067/1/1 7331/1/1 7332/1/1
f 7046/1/3 7332/1/3 7316/1/3 7315/1/3
f 7046/1/5 7315/1/5 7072/1/5 7067/1/5
f 7315/1/5 7049/1/5 7068/1/5 7072/1/5
f 7055/1/2 7322/1/2 7333/1/2 7069/1/2
f 7057/3/1 7071/3/1 7334/3/1 7325/3/1
f 7325/3/6 7334/3/6 7335/3/6 7324/3/6
f 7059/3/3 7324/3/3 7327/3/3 7060/3/3
f 7064/1/3 7330/1/3 7336/1/3 7065/1/3
f 7065/2/3 7336/2/3 7337/2/3 7066/2/3
f 7066/1/3 7337/1/3 7331/1/3 7067/1/3
f 7073/1/2 7338/1/2 7339/1/2 7074/1/2
f 7069/1/3 7333/1/3 7338/1/3 7073/1/3
f 7333/1/6 7340/1/6 7339/1/6 7338/1/6
f 7071/3/1 7077/3/1 7341/3/1 7334/3/1
f 7334/3/6 7341/3/6 7342/3/6 7335/3/6
f 7074/1/2 7339/1/2 7343/1/2 7081/1/2
f 7079/1/4 7081/1/4 7343/1/4 7344/1/4
f 7075/1/5 7074/1/5 7081/1/5 7079/1/5
f 7077/3/1 7345/3/1 7346/3/1 7341/3/1
f 7345/3/4 7080/3/4 7347/3/4 7346/3/4
f 7077/3/5 7078/3/5 7080/3/5 7345/3/5
f 7079/1/2 7344/1/2 7348/1/2 7083/1/2
f 7080/3/1 7084/3/1 7349/3/1 7347/3/1
f 7082/1/2 7350/1/2 7351/1/2 7085/1/2
f 7083/1/3 7348/1/3 7350/1/3 7082/1/3
f 7086/1/4 7085/1/4 7351/1/4 7352/1/4
f 7348/1/6 7352/1/6 7351/1/6 7350/1/6
f 7353/2/1 7354/2/1 7355/2/1 7356/2/1
f 7353/2/3 7356/2/3 7349/2/3 7084/2/3
f 7354/2/4 7088/2/4 7357/2/4 7355/2/4
f 7353/2/5 7084/2/5 7088/2/5 7354/2/5
f 7086/1/2 7352/1/2 7358/1/2 7089/1/2
f 7088/3/1 7091/3/1 7359/3/1 7357/3/1
f 7093/1/2 7360/1/2 7361/1/2 7094/1/2
f 7089/1/3 7358/1/3 7360/1/3 7093/1/3
f 7098/2/1 7097/2/1 7362/2/1 7363/2/1
f 7098/2/3 7363/2/3 7359/2/3 7091/2/3
f 7363/2/6 7362/2/6 7364/2/6 7359/2/6
f 7094/1/2 7361/1/2 7365/1/2 7099/1/2
f 7103/1/4 7099/1/4 7365/1/4 7366/1/4
f 7097/3/1 7100/3/1 7367/3/1 7362/3/1
f 7103/1/2 7366/1/2 7368/1/2 7102/1/2
f 7100/3/1 7104/3/1 7369/3/1 7367/3/1
f 7101/1/2 7370/1/2 7371/1/2 7111/1/2
f 7102/1/3 7368/1/3 7370/1/3 7101/1/3
f 7105/1/4 7111/1/4 7371/1/4 7372/1/4
f 7102/1/5 7101/1/5 7111/1/5 7105/1/5
f 7106/4/2 7373/4/2 7374/4/2 7107/4/2
f 7109/4/1 7108/4/1 7375/4/1 7376/4/1
f 7109/4/3 7376/4/3 7373/4/3 7106/4/3
f 7104/3/1 7110/3/1 7377/3/1 7369/3/1
f 7369/3/6 7377/3/6 7378/3/6 7379/3/6
f 7105/1/2 7372/1/2 7380/1/2 7114/1/2
f 7108/4/1 7115/4/1 7381/4/1 7375/4/1
f 7116/4/2 7382/4/2 7383/4/2 7117/4/2
f 7107/4/3 7374/4/3 7382/4/3 7116/4/3
f 7110/3/1 7118/3/1 7384/3/1 7377/3/1
f 7377/3/6 7384/3/6 7385/3/6 7378/3/6
f 7114/1/2 7380/1/2 7386/1/2 7119/1/2
f 7115/4/1 7120/4/1 7387/4/1 7381/4/1
f 7117/4/3 7383/4/3 7388/4/3 7121/4/3
f 7121/4/3 7388/4/3 7389/4/3 7122/4/3
f 7122/4/3 7389/4/3 7390/4/3 7123/4/3
f 7123/4/3 7390/4/3 7391/4/3 7124/4/3
f 7124/4/3 7391/4/3 7392/4/3 7125/4/3
f 7125/4/3 7392/4/3 7393/4/3 7126/4/3
f 7126/4/3 7393/4/3 7394/4/3 7127/4/3
f 7127/4/3 7394/4/3 7395/4/3 7128/4/3
f 7128/4/3 7395/4/3 7396/4/3 7129/4/3
f 7129/4/3 7396/4/3 7397/4/3 7130/4/3
f 7130/4/3 7397/4/3 7398/4/3 7131/4/3
f 7131/4/3 7398/4/3 7399/4/3 7132/4/3
f 7132/4/3 7399/4/3 7400/4/3 7133/4/3
f 7133/4/3 7400/4/3 7401/4/3 7134/4/3
f 7134/4/3 7401/4/3 7402/4/3 7135/4/3
f 7135/4/3 7402/4/3 7403/4/3 7136/4/3
f 7136/4/3 7403/4/3 7404/4/3 7137/4/3
f 7139/4/2 7405/4/2 7406/4/2 7140/4/2
f 7137/4/3 7404/4/3 7405/4/3 7139/4/3
f 7118/3/1 7141/3/1 7407/3/1 7384/3/1
f 7143/1/4 7142/1/4 7408/1/4 7409/1/4
f 7144/1/2 7410/1/2 7411/1/2 7145/1/2
f 7119/1/3 7386/1/3 7410/1/3 7144/1/3
f 7120/4/1 7146/4/1 7412/4/1 7387/4/1
f 7140/4/3 7406/4/3 7407/4/3 7141/4/3
f 7143/1/2 7409/1/2 7413/1/2 7147/1/2
f 7142/1/1 7148/1/1 7414/1/1 7408/1/1
f 7145/1/2 7411/1/2 7415/1/2 7149/1/2
f 7146/4/1 7150/4/1 7416/4/1 7412/4/1
f 7147/1/2 7413/1/2 7417/1/2 7151/1/2
f 7148/1/1 7152/1/1 7418/1/1 7414/1/1
f 7149/1/2 7415/1/2 7419/1/2 7153/1/2
f 7155/1/4 7153/1/4 7419/1/4 7420/1/4
f 7150/4/1 7156/4/1 7421/4/1 7416/4/1
f 7151/1/2 7417/1/2 7422/1/2 7157/1/2
f 7152/1/1 7158/1/1 7423/1/1 7418/1/1
f 7155/1/2 7420/1/2 7424/1/2 7159/1/2
f 7156/4/1 7160/4/1 7425/4/1 7421/4/1
f 7157/1/2 7422/1/2 7426/1/2 7161/1/2
f 7158/1/1 7162/1/1 7427/1/1 7423/1/1
f 7159/1/2 7424/1/2 7428/1/2 7163/1/2
f 7160/4/1 7164/4/1 7429/4/1 7425/4/1
f 7161/1/3 7426/1/3 7427/1/3 7162/1/3
f 7163/1/2 7428/1/2 7430/1/2 7167/1/2
f 7164/4/1 7168/4/1 7431/4/1 7429/4/1
f 7167/1/2 7430/1/2 7432/1/2 7170/1/2
f 7168/4/1 7171/4/1 7433/4/1 7431/4/1
f 7170/1/2 7432/1/2 7434/1/2 7172/1/2
f 7171/4/1 7173/4/1 7435/4/1 7433/4/1
f 7172/1/2 7434/1/2 7436/1/2 7181/1/2
f 7173/4/1 7182/4/1 7437/4/1 7435/4/1
f 7175/1/5 7174/1/5 7184/1/5 7183/1/5
f 7179/1/2 7438/1/2 7439/1/2 7187/1/2
f 7181/1/3 7436/1/3 7438/1/3 7179/1/3
f 7182/4/1 7189/4/1 7440/4/1 7437/4/1
f 7187/1/2 7439/1/2 7441/1/2 7192/1/2
f 7194/1/4 7192/1/4 7441/1/4 7442/1/4
f 7443/1/6 7442/1/6 7441/1/6 7439/1/6
f 7189/4/1 7195/4/1 7444/4/1 7440/4/1
f 7194/1/2 7442/1/2 7445/1/2 7201/1/2
f 7195/4/1 7202/4/1 7446/4/1 7444/4/1
f 7204/4/4 7203/4/4 7447/4/4 7448/4/4
f 7203/6/4 7205/6/4 7449/6/4 7447/6/4
f 7205/6/4 7206/6/4 7450/6/4 7449/6/4
f 7206/6/4 7207/6/4 7451/6/4 7450/6/4
f 7207/6/4 7208/6/4 7452/6/4 7451/6/4
f 7208/4/4 7209/4/4 7453/4/4 7452/4/4
f 7209/4/4 7210/4/4 7454/4/4 7453/4/4
f 7210/4/4 7211/4/4 7455/4/4 7454/4/4
f 7211/4/4 7212/4/4 7456/4/4 7455/4/4
f 7212/4/4 7213/4/4 7457/4/4 7456/4/4
f 7213/4/4 7214/4/4 7458/4/4 7457/4/4
f 7214/4/4 7459/4/4 7460/4/4 7458/4/4
f 7197/4/5 7196/4/5 7459/4/5 7214/4/5
f 7459/4/4 7215/4/4 7461/4/4 7460/4/4
f 7196/4/5 7198/4/5 7215/4/5 7459/4/5
f 7215/4/4 7216/4/4 7462/4/4 7461/4/4
f 7216/4/4 7217/4/4 7463/4/4 7462/4/4
f 7217/4/4 7218/4/4 7464/4/4 7463/4/4
f 7218/4/4 7219/4/4 7465/4/4 7464/4/4
f 7219/4/4 7220/4/4 7466/4/4 7465/4/4
f 7220/4/4 7221/4/4 7467/4/4 7466/4/4
f 7221/3/4 7222/3/4 7468/3/4 7467/3/4
f 7222/3/4 7223/3/4 7469/3/4 7468/3/4
f 7223/3/4 7224/3/4 7470/3/4 7469/3/4
f 7224/1/4 7225/1/4 7471/1/4 7470/1/4
f 7225/1/4 7226/1/4 7472/1/4 7471/1/4
f 7226/1/4 7227/1/4 7473/1/4 7472/1/4
f 7227/1/4 7228/1/4 7474/1/4 7473/1/4
f 7228/1/4 7229/1/4 7475/1/4 7474/1/4
f 7476/1/6 7477/1/6 7478/1/6 7445/1/6
f 7479/1/2 7480/1/2 7481/1/2 7482/1/2
f 7201/1/3 7445/1/3 7480/1/3 7479/1/3
f 7445/1/6 7478/1/6 7481/1/6 7480/1/6
f 7201/1/5 7479/1/5 7482/1/5 7230/1/5
f 7202/4/1 7231/4/1 7483/4/1 7446/4/1
f 7204/4/2 7448/4/2 7484/4/2 7232/4/2
f 7229/1/1 7233/1/1 7485/1/1 7475/1/1
f 7477/1/6 7486/1/6 7487/1/6 7478/1/6
f 7482/1/2 7481/1/2 7488/1/2 7489/1/2
f 7234/1/4 7489/1/4 7488/1/4 7487/1/4
f 7478/1/6 7487/1/6 7488/1/6 7481/1/6
f 7230/1/5 7482/1/5 7489/1/5 7234/1/5
f 7231/4/1 7235/4/1 7490/4/1 7483/4/1
f 7232/4/2 7484/4/2 7491/4/2 7236/4/2
f 7237/4/4 7236/4/4 7491/4/4 7492/4/4
f 7239/3/1 7238/3/1 7493/3/1 7494/3/1
f 7239/3/3 7494/3/3 7495/3/3 7240/3/3
f 7240/3/3 7495/3/3 7496/3/3 7241/3/3
f 7241/3/3 7496/3/3 7497/3/3 7242/3/3
f 7242/1/3 7497/1/3 7498/1/3 7243/1/3
f 7243/1/3 7498/1/3 7499/1/3 7244/1/3
f 7244/1/3 7499/1/3 7500/1/3 7245/1/3
f 7245/1/3 7500/1/3 7501/1/3 7246/1/3
f 7246/1/3 7501/1/3 7485/1/3 7233/1/3
f 7234/1/2 7487/1/2 7502/1/2 7247/1/2
f 7251/1/4 7247/1/4 7502/1/4 7503/1/4
f 7486/1/6 7503/1/6 7502/1/6 7487/1/6
f 7237/4/2 7492/4/2 7504/4/2 7248/4/2
f 7235/4/1 7249/4/1 7505/4/1 7490/4/1
f 7238/3/1 7250/3/1 7506/3/1 7493/3/1
f 7251/1/2 7503/1/2 7507/1/2 7252/1/2
f 7248/4/2 7504/4/2 7508/4/2 7256/4/2
f 7249/4/1 7257/4/1 7509/4/1 7505/4/1
f 7257/4/4 7256/4/4 7508/4/4 7509/4/4
f 7250/3/1 7258/3/1 7510/3/1 7506/3/1
f 7506/3/6 7510/3/6 7511/3/6 7512/3/6
f 7253/1/2 7513/1/2 7514/1/2 7259/1/2
f 7252/1/3 7507/1/3 7513/1/3 7253/1/3
f 7258/3/1 7260/3/1 7515/3/1 7510/3/1
f 7260/3/4 7264/3/4 7516/3/4 7515/3/4
f 7510/3/6 7515/3/6 7516/3/6 7511/3/6
f 7259/1/2 7514/1/2 7517/1/2 7261/1/2
f 7264/3/1 7263/3/1 7518/3/1 7516/3/1
f 7276/1/4 7266/1/4 7519/1/4 7520/1/4
f 7266/1/4 7265/1/4 7521/1/4 7519/1/4
f 7265/1/4 7279/1/4 7522/1/4 7521/1/4
f 7279/2/4 7281/2/4 7523/2/4 7522/2/4
f 7524/2/6 7522/2/6 7523/2/6 7525/2/6
f 7286/5/4 7268/5/4 7526/5/4 7527/5/4
f 7290/5/4 7270/5/4 7528/5/4 7529/5/4
f 7261/13/2 7517/13/2 7530/13/2 7269/13/2
f 7270/13/4 7269/13/4 7530/13/4 7528/13/4
f 7262/2/1 7531/2/1 7532/2/1 7533/2/1
f 7262/2/3 7533/2/3 7518/2/3 7263/2/3
f 7262/2/5 7263/2/5 7271/2/5 7531/2/5
f 7271/3/4 7273/3/4 7534/3/4 7535/3/4
f 7276/1/2 7520/1/2 7536/1/2 7274/1/2
f 7272/1/4 7274/1/4 7536/1/4 7537/1/4
f 7538/1/6 7537/1/6 7536/1/6 7520/1/6
f 7281/1/1 7280/1/1 7539/1/1 7523/1/1
f 7283/1/4 7282/1/4 7540/1/4 7541/1/4
f 7286/5/2 7527/5/2 7542/5/2 7285/5/2
f 7268/1/1 7284/1/1 7543/1/1 7526/1/1
f 7284/1/4 7287/1/4 7544/1/4 7543/1/4
f 7268/1/5 7267/1/5 7287/1/5 7284/1/5
f 7290/1/2 7529/1/2 7545/1/2 7288/1/2
f 7287/1/4 7288/1/4 7545/1/4 7544/1/4
f 7271/2/2 7535/2/2 7546/2/2 7294/2/2
f 7531/2/1 7547/2/1 7548/2/1 7532/2/1
f 7547/2/4 7294/2/4 7546/2/4 7548/2/4
f 7531/2/5 7271/2/5 7294/2/5 7547/2/5
f 7272/1/2 7537/1/2 7549/1/2 7550/1/2
f 7273/1/1 7291/1/1 7551/1/1 7534/1/1
f 7291/1/4 7550/1/4 7549/1/4 7551/1/4
f 7534/1/6 7551/1/6 7549/1/6 7537/1/6
f 7273/1/5 7272/1/5 7550/1/5 7291/1/5
f 7280/1/1 7295/1/1 7552/1/1 7539/1/1
f 7295/1/4 7296/1/4 7553/1/4 7552/1/4
f 7539/1/6 7552/1/6 7553/1/6 7554/1/6
f 7283/1/2 7541/1/2 7555/1/2 7297/1/2
f 7296/1/4 7297/1/4 7555/1/4 7553/1/4
f 7282/1/1 7298/1/1 7556/1/1 7540/1/1
f 7298/1/4 7299/1/4 7557/1/4 7556/1/4
f 7540/1/6 7556/1/6 7557/1/6 7558/1/6
f 7285/1/2 7542/1/2 7559/1/2 7300/1/2
f 7299/1/4 7300/1/4 7559/1/4 7557/1/4
f 7560/3/1 7328/3/1 7561/3/1 7562/3/1
f 7560/3/3 7562/3/3 7563/3/3 7303/3/3
f 7562/3/6 7561/3/6 7564/3/6 7563/3/6
f 7560/3/5 7303/3/5 7302/3/5 7328/3/5
f 7303/3/3 7563/3/3 7565/3/3 7304/3/3
f 7563/3/6 7564/3/6 7566/3/6 7565/3/6
f 7304/3/3 7565/3/3 7567/3/3 7306/3/3
f 7565/3/6 7566/3/6 7568/3/6 7567/3/6
f 7306/1/3 7567/1/3 7569/1/3 7307/1/3
f 7308/2/2 7570/2/2 7571/2/2 7309/2/2
f 7307/2/3 7569/2/3 7570/2/3 7308/2/3
f 7310/1/2 7572/1/2 7573/1/2 7311/1/2
f 7313/1/1 7312/1/1 7574/1/1 7575/1/1
f 7313/1/3 7575/1/3 7572/1/3 7310/1/3
f 7575/1/6 7574/1/6 7573/1/6 7572/1/6
f 7576/2/2 7577/2/2 7578/2/2 7579/2/2
f 7580/2/1 7581/2/1 7582/2/1 7583/2/1
f 7580/2/3 7583/2/3 7577/2/3 7576/2/3
f 7580/2/5 7576/2/5 7579/2/5 7581/2/5
f 7317/1/1 7316/1/1 7584/1/1 7585/1/1
f 7317/1/3 7585/1/3 7586/1/3 7318/1/3
f 7318/1/3 7586/1/3 7587/1/3 7319/1/3
f 7319/2/3 7587/2/3 7588/2/3 7320/2/3
f 7320/3/3 7588/3/3 7589/3/3 7321/3/3
f 7590/3/2 7591/3/2 7592/3/2 7593/3/2
f 7321/3/3 7589/3/3 7591/3/3 7590/3/3
f 7322/3/4 7593/3/4 7592/3/4 7594/3/4
f 7589/3/6 7594/3/6 7592/3/6 7591/3/6
f 7321/3/5 7590/3/5 7593/3/5 7322/3/5
f 7328/3/1 7327/3/1 7595/3/1 7561/3/1
f 7309/1/3 7571/1/3 7574/1/3 7312/1/3
f 7571/1/6 7596/1/6 7597/1/6 7574/1/6
f 7329/1/2 7598/1/2 7599/1/2 7330/1/2
f 7311/1/3 7573/1/3 7598/1/3 7329/1/3
f 7573/1/6 7600/1/6 7599/1/6 7598/1/6
f 7581/1/1 7336/1/1 7601/1/1 7582/1/1
f 7581/1/5 7579/1/5 7337/1/5 7336/1/5
f 7579/1/3 7578/1/3 7602/1/3 7332/1/3
f 7578/1/6 7603/1/6 7604/1/6 7602/1/6
f 7579/1/5 7332/1/5 7331/1/5 7337/1/5
f 7332/1/3 7602/1/3 7584/1/3 7316/1/3
f 7322/1/2 7594/1/2 7605/1/2 7333/1/2
f 7324/3/1 7335/3/1 7606/3/1 7607/3/1
f 7324/3/3 7607/3/3 7595/3/3 7327/3/3
f 7330/1/3 7599/1/3 7601/1/3 7336/1/3
f 7333/1/2 7605/1/2 7608/1/2 7340/1/2
f 7335/3/1 7342/3/1 7609/3/1 7606/3/1
f 7339/1/2 7610/1/2 7611/1/2 7343/1/2
f 7340/1/3 7608/1/3 7610/1/3 7339/1/3
f 7608/1/6 7612/1/6 7611/1/6 7610/1/6
f 7341/3/1 7346/3/1 7613/3/1 7614/3/1
f 7341/3/3 7614/3/3 7609/3/3 7342/3/3
f 7614/3/6 7613/3/6 7615/3/6 7609/3/6
f 7343/1/2 7611/1/2 7616/1/2 7350/1/2
f 7348/1/4 7350/1/4 7616/1/4 7617/1/4
f 7344/1/5 7343/1/5 7350/1/5 7348/1/5
f 7346/2/1 7356/2/1 7618/2/1 7613/2/1
f 7613/2/6 7618/2/6 7619/2/6 7615/2/6
f 7346/2/5 7347/2/5 7349/2/5 7356/2/5
f 7348/1/2 7617/1/2 7620/1/2 7352/1/2
f 7356/2/1 7355/2/1 7621/2/1 7618/2/1
f 7618/2/6 7621/2/6 7622/2/6 7619/2/6
f 7351/1/2 7623/1/2 7624/1/2 7360/1/2
f 7352/1/3 7620/1/3 7623/1/3 7351/1/3
f 7352/1/5 7351/1/5 7360/1/5 7358/1/5
f 7355/4/1 7363/4/1 7625/4/1 7621/4/1
f 7363/4/4 7359/4/4 7626/4/4 7625/4/4
f 7621/4/6 7625/4/6 7626/4/6 7622/4/6
f 7355/4/5 7357/4/5 7359/4/5 7363/4/5
f 7360/1/2 7624/1/2 7627/1/2 7361/1/2
f 7628/1/6 7629/1/6 7627/1/6 7624/1/6
f 7359/3/1 7364/3/1 7630/3/1 7626/3/1
f 7361/1/2 7627/1/2 7631/1/2 7365/1/2
f 7366/1/4 7365/1/4 7631/1/4 7632/1/4
f 7629/1/6 7632/1/6 7631/1/6 7627/1/6
f 7362/3/1 7367/3/1 7633/3/1 7634/3/1
f 7362/3/3 7634/3/3 7630/3/3 7364/3/3
f 7634/3/6 7633/3/6 7635/3/6 7630/3/6
f 7366/1/2 7632/1/2 7636/1/2 7368/1/2
f 7367/3/1 7369/3/1 7637/3/1 7633/3/1
f 7369/3/4 7379/3/4 7638/3/4 7637/3/4
f 7633/3/6 7637/3/6 7638/3/6 7635/3/6
f 7370/1/2 7639/1/2 7640/1/2 7371/1/2
f 7368/1/3 7636/1/3 7639/1/3 7370/1/3
f 7372/1/4 7371/1/4 7640/1/4 7641/1/4
f 7373/4/2 7642/4/2 7643/4/2 7374/4/2
f 7376/4/1 7375/4/1 7644/4/1 7645/4/1
f 7376/4/3 7645/4/3 7642/4/3 7373/4/3
f 7379/3/1 7378/3/1 7646/3/1 7638/3/1
f 7372/1/2 7641/1/2 7647/1/2 7380/1/2
f 7375/4/1 7381/4/1 7648/4/1 7644/4/1
f 7382/4/2 7649/4/2 7650/4/2 7383/4/2
f 7374/4/3 7643/4/3 7649/4/3 7382/4/3
f 7378/3/1 7385/3/1 7651/3/1 7646/3/1
f 7652/1/2 7653/1/2 7654/1/2 7410/1/2
f 7380/1/3 7647/1/3 7653/1/3 7652/1/3
f 7647/1/6 7655/1/6 7654/1/6 7653/1/6
f 7380/1/5 7652/1/5 7410/1/5 7386/1/5
f 7381/4/1 7387/4/1 7656/4/1 7648/4/1
f 7383/4/3 7650/4/3 7657/4/3 7388/4/3
f 7650/4/6 7658/4/6 7659/4/6 7657/4/6
f 7388/4/3 7657/4/3 7660/4/3 7389/4/3
f 7657/4/6 7659/4/6 7661/4/6 7660/4/6
f 7389/4/3 7660/4/3 7662/4/3 7390/4/3
f 7660/4/6 7661/4/6 7663/4/6 7662/4/6
f 7390/4/3 7662/4/3 7664/4/3 7391/4/3
f 7662/4/6 7663/4/6 7665/4/6 7664/4/6
f 7391/4/3 7664/4/3 7666/4/3 7392/4/3
f 7664/4/6 7665/4/6 7667/4/6 7666/4/6
f 7392/4/3 7666/4/3 7668/4/3 7393/4/3
f 7666/4/6 7667/4/6 7669/4/6 7668/4/6
f 7393/4/3 7668/4/3 7670/4/3 7394/4/3
f 7668/4/6 7669/4/6 7671/4/6 7670/4/6
f 7394/4/3 7670/4/3 7672/4/3 7395/4/3
f 7670/4/6 7671/4/6 7673/4/6 7672/4/6
f 7395/4/3 7672/4/3 7674/4/3 7396/4/3
f 7672/4/6 7673/4/6 7675/4/6 7674/4/6
f 7396/4/3 7674/4/3 7676/4/3 7397/4/3
f 7674/4/6 7675/4/6 7677/4/6 7676/4/6
f 7397/4/3 7676/4/3 7678/4/3 7398/4/3
f 7676/4/6 7677/4/6 7679/4/6 7678/4/6
f 7398/4/3 7678/4/3 7680/4/3 7399/4/3
f 7678/4/6 7679/4/6 7681/4/6 7680/4/6
f 7399/4/3 7680/4/3 7682/4/3 7400/4/3
f 7680/4/6 7681/4/6 7683/4/6 7682/4/6
f 7400/4/3 7682/4/3 7684/4/3 7401/4/3
f 7682/4/6 7683/4/6 7685/4/6 7684/4/6
f 7401/4/3 7684/4/3 7686/4/3 7402/4/3
f 7684/4/6 7685/4/6 7687/4/6 7686/4/6
f 7402/4/3 7686/4/3 7688/4/3 7403/4/3
f 7686/4/6 7687/4/6 7689/4/6 7688/4/6
f 7403/4/3 7688/4/3 7690/4/3 7404/4/3
f 7688/4/6 7689/4/6 7691/4/6 7690/4/6
f 7405/4/2 7692/4/2 7693/4/2 7406/4/2
f 7404/4/3 7690/4/3 7692/4/3 7405/4/3
f 7690/4/6 7691/4/6 7693/4/6 7692/4/6
f 7384/3/1 7407/3/1 7694/3/1 7695/3/1
f 7384/3/3 7695/3/3 7651/3/3 7385/3/3
f 7409/1/4 7408/1/4 7696/1/4 7697/1/4
f 7410/1/2 7654/1/2 7698/1/2 7411/1/2
f 7655/1/6 7699/1/6 7698/1/6 7654/1/6
f 7387/4/1 7412/4/1 7700/4/1 7656/4/1
f 7658/4/6 7701/4/6 7702/4/6 7659/4/6
f 7659/4/6 7702/4/6 7703/4/6 7661/4/6
f 7661/4/6 7703/4/6 7704/4/6 7663/4/6
f 7663/4/6 7704/4/6 7705/4/6 7665/4/6
f 7665/4/6 7705/4/6 7706/4/6 7667/4/6
f 7667/4/6 7706/4/6 7707/4/6 7669/4/6
f 7669/4/6 7707/4/6 7708/4/6 7671/4/6
f 7671/4/6 7708/4/6 7709/4/6 7673/4/6
f 7673/4/6 7709/4/6 7710/4/6 7675/4/6
f 7675/4/6 7710/4/6 7711/4/6 7677/4/6
f 7677/4/6 7711/4/6 7712/4/6 7679/4/6
f 7679/4/6 7712/4/6 7713/4/6 7681/4/6
f 7681/4/6 7713/4/6 7714/4/6 7683/4/6
f 7683/4/6 7714/4/6 7715/4/6 7685/4/6
f 7685/4/6 7715/4/6 7716/4/6 7687/4/6
f 7687/4/6 7716/4/6 7717/4/6 7689/4/6
f 7689/4/6 7717/4/6 7718/4/6 7691/4/6
f 7691/4/6 7718/4/6 7719/4/6 7693/4/6
f 7406/4/3 7693/4/3 7694/4/3 7407/4/3
f 7693/4/6 7719/4/6 7720/4/6 7694/4/6
f 7409/1/2 7697/1/2 7721/1/2 7413/1/2
f 7408/1/1 7414/1/1 7722/1/1 7696/1/1
f 7411/1/2 7698/1/2 7723/1/2 7415/1/2
f 7412/4/1 7416/4/1 7724/4/1 7700/4/1
f 7701/4/6 7725/4/6 7726/4/6 7702/4/6
f 7702/4/6 7726/4/6 7727/4/6 7703/4/6
f 7703/4/6 7727/4/6 7728/4/6 7704/4/6
f 7704/4/6 7728/4/6 7729/4/6 7705/4/6
f 7705/4/6 7729/4/6 7730/4/6 7706/4/6
f 7706/4/6 7730/4/6 7731/4/6 7707/4/6
f 7707/4/6 7731/4/6 7732/4/6 7708/4/6
f 7708/4/6 7732/4/6 7733/4/6 7709/4/6
f 7709/4/6 7733/4/6 7734/4/6 7710/4/6
f 7710/4/6 7734/4/6 7735/4/6 7711/4/6
f 7711/4/6 7735/4/6 7736/4/6 7712/4/6
f 7712/4/6 7736/4/6 7737/4/6 7713/4/6
f 7713/4/6 7737/4/6 7738/4/6 7714/4/6
f 7714/4/6 7738/4/6 7739/4/6 7715/4/6
f 7715/4/6 7739/4/6 7740/4/6 7716/4/6
f 7716/4/6 7740/4/6 7741/4/6 7717/4/6
f 7717/4/6 7741/4/6 7742/4/6 7718/4/6
f 7718/4/6 7742/4/6 7743/4/6 7719/4/6
f 7719/4/6 7743/4/6 7744/4/6 7720/4/6
f 7413/1/2 7721/1/2 7745/1/2 7417/1/2
f 7414/1/1 7418/1/1 7746/1/1 7722/1/1
f 7415/1/2 7723/1/2 7747/1/2 7419/1/2
f 7416/4/1 7421/4/1 7748/4/1 7724/4/1
f 7725/4/6 7749/4/6 7750/4/6 7726/4/6
f 7726/4/6 7750/4/6 7751/4/6 7727/4/6
f 7727/4/6 7751/4/6 7752/4/6 7728/4/6
f 7728/4/6 7752/4/6 7753/4/6 7729/4/6
f 7729/4/6 7753/4/6 7754/4/6 7730/4/6
f 7730/4/6 7754/4/6 7755/4/6 7731/4/6
f 7731/4/6 7755/4/6 7756/4/6 7732/4/6
f 7732/4/6 7756/4/6 7757/4/6 7733/4/6
f 7733/4/6 7757/4/6 7758/4/6 7734/4/6
f 7734/4/6 7758/4/6 7759/4/6 7735/4/6
f 7735/4/6 7759/4/6 7760/4/6 7736/4/6
f 7736/4/6 7760/4/6 7761/4/6 7737/4/6
f 7737/4/6 7761/4/6 7762/4/6 7738/4/6
f 7738/4/6 7762/4/6 7763/4/6 7739/4/6
f 7739/4/6 7763/4/6 7764/4/6 7740/4/6
f 7740/4/6 7764/4/6 7765/4/6 7741/4/6
f 7741/4/6 7765/4/6 7766/4/6 7742/4/6
f 7742/4/6 7766/4/6 7767/4/6 7743/4/6
f 7743/4/6 7767/4/6 7768/4/6 7744/4/6
f 7417/1/2 7745/1/2 7769/1/2 7422/1/2
f 7418/1/1 7423/1/1 7770/1/1 7746/1/1
f 7419/1/2 7747/1/2 7771/1/2 7772/1/2
f 7424/1/4 7772/1/4 7771/1/4 7773/1/4
f 7420/1/5 7419/1/5 7772/1/5 7424/1/5
f 7421/4/1 7425/4/1 7774/4/1 7748/4/1
f 7749/4/6 7775/4/6 7776/4/6 7750/4/6
f 7750/4/6 7776/4/6 7777/4/6 7751/4/6
f 7751/4/6 7777/4/6 7778/4/6 7752/4/6
f 7752/4/6 7778/4/6 7779/4/6 7753/4/6
f 7753/4/6 7779/4/6 7780/4/6 7754/4/6
f 7754/4/6 7780/4/6 7781/4/6 7755/4/6
f 7755/4/6 7781/4/6 7782/4/6 7756/4/6
f 7756/4/6 7782/4/6 7783/4/6 7757/4/6
f 7760/4/6 7784/4/6 7785/4/6 7761/4/6
f 7761/4/6 7785/4/6 7786/4/6 7762/4/6
f 7762/4/6 7786/4/6 7787/4/6 7763/4/6
f 7763/4/6 7787/4/6 7788/4/6 7764/4/6
f 7764/4/6 7788/4/6 7789/4/6 7765/4/6
f 7765/4/6 7789/4/6 7790/4/6 7766/4/6
f 7766/4/6 7790/4/6 7791/4/6 7767/4/6
f 7767/4/6 7791/4/6 7792/4/6 7768/4/6
f 7422/1/2 7769/1/2 7793/1/2 7426/1/2
f 7423/1/1 7427/1/1 7794/1/1 7770/1/1
f 7424/1/2 7773/1/2 7795/1/2 7428/1/2
f 7425/4/1 7429/4/1 7796/4/1 7774/4/1
f 7775/4/6 7797/4/6 7798/4/6 7776/4/6
f 7776/4/6 7798/4/6 7799/4/6 7777/4/6
f 7777/4/6 7799/4/6 7800/4/6 7778/4/6
f 7778/4/6 7800/4/6 7801/4/6 7779/4/6
f 7779/4/6 7801/4/6 7802/4/6 7780/4/6
f 7780/4/6 7802/4/6 7803/4/6 7781/4/6
f 7781/4/6 7803/4/6 7804/4/6 7782/4/6
f 7782/4/6 7804/4/6 7805/4/6 7783/4/6
f 7784/4/6 7806/4/6 7807/4/6 7785/4/6
f 7785/4/6 7807/4/6 7808/4/6 7786/4/6
f 7786/4/6 7808/4/6 7809/4/6 7787/4/6
f 7787/4/6 7809/4/6 7810/4/6 7788/4/6
f 7788/4/6 7810/4/6 7811/4/6 7789/4/6
f 7789/4/6 7811/4/6 7812/4/6 7790/4/6
f 7790/4/6 7812/4/6 7813/4/6 7791/4/6
f 7791/4/6 7813/4/6 7814/4/6 7792/4/6
f 7426/1/3 7793/1/3 7794/1/3 7427/1/3
f 7428/1/2 7795/1/2 7815/1/2 7430/1/2
f 7429/4/1 7431/4/1 7816/4/1 7796/4/1
f 7797/4/6 7817/4/6 7818/4/6 7798/4/6
f 7798/4/6 7818/4/6 7819/4/6 7799/4/6
f 7799/4/6 7819/4/6 7820/4/6 7800/4/6
f 7800/4/6 7820/4/6 7821/4/6 7801/4/6
f 7801/4/6 7821/4/6 7822/4/6 7802/4/6
f 7802/4/6 7822/4/6 7823/4/6 7803/4/6
f 7803/4/6 7823/4/6 7824/4/6 7804/4/6
f 7804/4/6 7824/4/6 7825/4/6 7805/4/6
f 7806/4/6 7826/4/6 7827/4/6 7807/4/6
f 7807/4/6 7827/4/6 7828/4/6 7808/4/6
f 7808/4/6 7828/4/6 7829/4/6 7809/4/6
f 7809/4/6 7829/4/6 7830/4/6 7810/4/6
f 7810/4/6 7830/4/6 7831/4/6 7811/4/6
f 7811/4/6 7831/4/6 7832/4/6 7812/4/6
f 7812/4/6 7832/4/6 7833/4/6 7813/4/6
f 7813/4/6 7833/4/6 7834/4/6 7814/4/6
f 7430/1/2 7815/1/2 7835/1/2 7432/1/2
f 7431/4/1 7433/4/1 7836/4/1 7816/4/1
f 7817/4/6 7837/4/6 7838/4/6 7818/4/6
f 7818/4/6 7838/4/6 7839/4/6 7819/4/6
f 7819/4/6 7839/4/6 7840/4/6 7820/4/6
f 7820/4/6 7840/4/6 7841/4/6 7821/4/6
f 7821/4/6 7841/4/6 7842/4/6 7822/4/6
f 7822/4/6 7842/4/6 7843/4/6 7823/4/6
f 7823/4/6 7843/4/6 7844/4/6 7824/4/6
f 7824/4/6 7844/4/6 7845/4/6 7825/4/6
f 7826/4/6 7846/4/6 7847/4/6 7827/4/6
f 7827/4/6 7847/4/6 7848/4/6 7828/4/6
f 7828/4/6 7848/4/6 7849/4/6 7829/4/6
f 7829/4/6 7849/4/6 7850/4/6 7830/4/6
f 7830/4/6 7850/4/6 7851/4/6 7831/4/6
f 7831/4/6 7851/4/6 7852/4/6 7832/4/6
f 7832/4/6 7852/4/6 7853/4/6 7833/4/6
f 7833/4/6 7853/4/6 7854/4/6 7834/4/6
f 7432/1/2 7835/1/2 7855/1/2 7434/1/2
f 7433/4/1 7435/4/1 7856/4/1 7836/4/1
f 7837/4/6 7857/4/6 7858/4/6 7838/4/6
f 7838/4/6 7858/4/6 7859/4/6 7839/4/6
f 7839/4/6 7859/4/6 7860/4/6 7840/4/6
f 7840/4/6 7860/4/6 7861/4/6 7841/4/6
f 7841/4/6 7861/4/6 7862/4/6 7842/4/6
f 7842/4/6 7862/4/6 7863/4/6 7843/4/6
f 7843/4/6 7863/4/6 7864/4/6 7844/4/6
f 7844/4/6 7864/4/6 7865/4/6 7845/4/6
f 7846/4/6 7866/4/6 7867/4/6 7847/4/6
f 7847/4/6 7867/4/6 7868/4/6 7848/4/6
f 7848/4/6 7868/4/6 7869/4/6 7849/4/6
f 7849/4/6 7869/4/6 7870/4/6 7850/4/6
f 7850/4/6 7870/4/6 7871/4/6 7851/4/6
f 7851/4/6 7871/4/6 7872/4/6 7852/4/6
f 7852/4/6 7872/4/6 7873/4/6 7853/4/6
f 7853/4/6 7873/4/6 7874/4/6 7854/4/6
f 7434/1/2 7855/1/2 7875/1/2 7436/1/2
f 7435/4/1 7437/4/1 7876/4/1 7856/4/1
f 7857/4/6 7877/4/6 7878/4/6 7858/4/6
f 7858/4/6 7878/4/6 7879/4/6 7859/4/6
f 7859/4/6 7879/4/6 7880/4/6 7860/4/6
f 7860/4/6 7880/4/6 7881/4/6 7861/4/6
f 7861/4/6 7881/4/6 7882/4/6 7862/4/6
f 7862/4/6 7882/4/6 7883/4/6 7863/4/6
f 7863/4/6 7883/4/6 7884/4/6 7864/4/6
f 7864/4/6 7884/4/6 7885/4/6 7865/4/6
f 7865/4/6 7885/4/6 7886/4/6 7887/4/6
f 7887/4/6 7886/4/6 7888/4/6 7889/4/6
f 7889/4/6 7888/4/6 7890/4/6 7866/4/6
f 7866/4/6 7890/4/6 7891/4/6 7867/4/6
f 7867/4/6 7891/4/6 7892/4/6 7868/4/6
f 7868/4/6 7892/4/6 7893/4/6 7869/4/6
f 7869/4/6 7893/4/6 7894/4/6 7870/4/6
f 7870/4/6 7894/4/6 7895/4/6 7871/4/6
f 7871/4/6 7895/4/6 7896/4/6 7872/4/6
f 7872/4/6 7896/4/6 7897/4/6 7873/4/6
f 7873/2/6 7897/2/6 7898/2/6 7874/2/6
f 7438/1/2 7899/1/2 7900/1/2 7439/1/2
f 7436/1/3 7875/1/3 7899/1/3 7438/1/3
f 7443/1/4 7439/1/4 7900/1/4 7901/1/4
f 7875/1/6 7901/1/6 7900/1/6 7899/1/6
f 7437/4/1 7440/4/1 7902/4/1 7876/4/1
f 7877/4/6 7903/4/6 7904/4/6 7878/4/6
f 7878/4/6 7904/4/6 7905/4/6 7879/4/6
f 7879/4/6 7905/4/6 7906/4/6 7880/4/6
f 7880/4/6 7906/4/6 7907/4/6 7881/4/6
f 7881/4/6 7907/4/6 7908/4/6 7882/4/6
f 7882/4/6 7908/4/6 7909/4/6 7883/4/6
f 7883/4/6 7909/4/6 7910/4/6 7884/4/6
f 7884/4/6 7910/4/6 7911/4/6 7885/4/6
f 7885/4/6 7911/4/6 7912/4/6 7886/4/6
f 7886/4/6 7912/4/6 7913/4/6 7888/4/6
f 7888/4/6 7913/4/6 7914/4/6 7890/4/6
f 7890/4/6 7914/4/6 7915/4/6 7891/4/6
f 7891/4/6 7915/4/6 7916/4/6 7892/4/6
f 7892/4/6 7916/4/6 7917/4/6 7893/4/6
f 7893/4/6 7917/4/6 7918/4/6 7894/4/6
f 7894/4/6 7918/4/6 7919/4/6 7895/4/6
f 7895/4/6 7919/4/6 7920/4/6 7896/4/6
f 7896/4/6 7920/4/6 7921/4/6 7897/4/6
f 7897/4/6 7921/4/6 7922/4/6 7898/4/6
f 7443/1/2 7901/1/2 7923/1/2 7442/1/2
f 7440/4/1 7444/4/1 7924/4/1 7902/4/1
f 7903/4/6 7925/4/6 7926/4/6 7904/4/6
f 7904/4/6 7926/4/6 7927/4/6 7905/4/6
f 7905/4/6 7927/4/6 7928/4/6 7906/4/6
f 7906/4/6 7928/4/6 7929/4/6 7907/4/6
f 7907/4/6 7929/4/6 7930/4/6 7908/4/6
f 7908/4/6 7930/4/6 7931/4/6 7909/4/6
f 7909/4/6 7931/4/6 7932/4/6 7910/4/6
f 7910/4/6 7932/4/6 7933/4/6 7911/4/6
f 7911/4/6 7933/4/6 7934/4/6 7912/4/6
f 7912/4/6 7934/4/6 7935/4/6 7913/4/6
f 7913/4/6 7935/4/6 7936/4/6 7914/4/6
f 7914/4/6 7936/4/6 7937/4/6 7915/4/6
f 7915/4/6 7937/4/6 7938/4/6 7916/4/6
f 7916/4/6 7938/4/6 7939/4/6 7917/4/6
f 7917/4/6 7939/4/6 7940/4/6 7918/4/6
f 7918/4/6 7940/4/6 7941/4/6 7919/4/6
f 7919/4/6 7941/4/6 7942/4/6 7920/4/6
f 7920/4/6 7942/4/6 7943/4/6 7921/4/6
f 7921/4/6 7943/4/6 7944/4/6 7922/4/6
f 7442/1/2 7923/1/2 7945/1/2 7445/1/2
f 7476/1/4 7445/1/4 7945/1/4 7946/1/4
f 7444/4/1 7446/4/1 7947/4/1 7924/4/1
f 7448/4/4 7447/4/4 7948/4/4 7949/4/4
f 7925/4/6 7949/4/6 7948/4/6 7926/4/6
f 7447/4/4 7449/4/4 7950/4/4 7948/4/4
f 7926/4/6 7948/4/6 7950/4/6 7927/4/6
f 7449/4/4 7450/4/4 7951/4/4 7950/4/4
f 7927/4/6 7950/4/6 7951/4/6 7928/4/6
f 7450/4/4 7451/4/4 7952/4/4 7951/4/4
f 7928/4/6 7951/4/6 7952/4/6 7929/4/6
f 7451/6/4 7452/6/4 7953/6/4 7952/6/4
f 7929/6/6 7952/6/6 7953/6/6 7930/6/6
f 7452/6/4 7453/6/4 7954/6/4 7953/6/4
f 7930/6/6 7953/6/6 7954/6/6 7931/6/6
f 7453/6/4 7454/6/4 7955/6/4 7954/6/4
f 7931/6/6 7954/6/6 7955/6/6 7932/6/6
f 7454/6/4 7455/6/4 7956/6/4 7955/6/4
f 7932/6/6 7955/6/6 7956/6/6 7933/6/6
f 7455/4/4 7456/4/4 7957/4/4 7956/4/4
f 7933/4/6 7956/4/6 7957/4/6 7934/4/6
f 7456/4/4 7457/4/4 7958/4/4 7957/4/4
f 7934/4/6 7957/4/6 7958/4/6 7935/4/6
f 7457/4/4 7458/4/4 7959/4/4 7958/4/4
f 7935/4/6 7958/4/6 7959/4/6 7936/4/6
f 7458/4/4 7460/4/4 7960/4/4 7959/4/4
f 7936/4/6 7959/4/6 7960/4/6 7937/4/6
f 7460/4/4 7461/4/4 7961/4/4 7960/4/4
f 7937/4/6 7960/4/6 7961/4/6 7938/4/6
f 7461/4/4 7462/4/4 7962/4/4 7961/4/4
f 7938/4/6 7961/4/6 7962/4/6 7939/4/6
f 7462/4/4 7463/4/4 7963/4/4 7962/4/4
f 7939/4/6 7962/4/6 7963/4/6 7940/4/6
f 7463/4/4 7464/4/4 7964/4/4 7963/4/4
f 7940/4/6 7963/4/6 7964/4/6 7941/4/6
f 7464/4/4 7465/4/4 7965/4/4 7964/4/4
f 7941/4/6 7964/4/6 7965/4/6 7942/4/6
f 7465/4/4 7466/4/4 7966/4/4 7965/4/4
f 7942/4/6 7965/4/6 7966/4/6 7943/4/6
f 7466/4/4 7467/4/4 7967/4/4 7966/4/4
f 7943/4/6 7966/4/6 7967/4/6 7944/4/6
f 7467/3/4 7468/3/4 7968/3/4 7967/3/4
f 7944/3/6 7967/3/6 7968/3/6 7969/3/6
f 7468/3/4 7469/3/4 7970/3/4 7968/3/4
f 7969/3/6 7968/3/6 7970/3/6 7971/3/6
f 7469/3/4 7470/3/4 7972/3/4 7970/3/4
f 7470/1/4 7471/1/4 7973/1/4 7972/1/4
f 7471/1/4 7472/1/4 7974/1/4 7973/1/4
f 7472/1/4 7473/1/4 7975/1/4 7974/1/4
f 7473/1/4 7474/1/4 7976/1/4 7975/1/4
f 7474/1/4 7475/1/4 7977/1/4 7976/1/4
f 7476/1/2 7946/1/2 7978/1/2 7477/1/2
f 7446/4/1 7483/4/1 7979/4/1 7947/4/1
f 7448/4/2 7949/4/2 7980/4/2 7484/4/2
f 7475/1/1 7485/1/1 7981/1/1 7977/1/1
f 7477/1/2 7978/1/2 7982/1/2 7486/1/2
f 7483/4/1 7490/4/1 7983/4/1 7979/4/1
f 7484/4/2 7980/4/2 7984/4/2 7491/4/2
f 7492/4/4 7491/4/4 7984/4/4 7985/4/4
f 7494/3/1 7493/3/1 7986/3/1 7987/3/1
f 7494/3/3 7987/3/3 7988/3/3 7495/3/3
f 7987/3/6 7986/3/6 7989/3/6 7988/3/6
f 7495/3/3 7988/3/3 7990/3/3 7496/3/3
f 7496/3/3 7990/3/3 7991/3/3 7497/3/3
f 7497/1/3 7991/1/3 7992/1/3 7498/1/3
f 7498/1/3 7992/1/3 7993/1/3 7499/1/3
f 7499/1/3 7993/1/3 7994/1/3 7500/1/3
f 7500/1/3 7994/1/3 7995/1/3 7501/1/3
f 7501/1/3 7995/1/3 7981/1/3 7485/1/3
f 7486/1/2 7982/1/2 7996/1/2 7503/1/2
f 7492/4/2 7985/4/2 7997/4/2 7504/4/2
f 7490/4/1 7505/4/1 7998/4/1 7983/4/1
f 7493/3/1 7506/3/1 7999/3/1 7986/3/1
f 7506/3/4 7512/3/4 8000/3/4 7999/3/4
f 7986/3/6 7999/3/6 8000/3/6 7989/3/6
f 7503/1/2 7996/1/2 8001/1/2 7507/1/2
f 7504/4/2 7997/4/2 8002/4/2 7508/4/2
f 7505/4/1 7509/4/1 8003/4/1 7998/4/1
f 7509/4/4 7508/4/4 8002/4/4 8003/4/4
f 7512/3/1 7511/3/1 8004/3/1 8000/3/1
f 7513/1/2 8005/1/2 8006/1/2 7514/1/2
f 7507/1/3 8001/1/3 8005/1/3 7513/1/3
f 8001/1/6 8007/1/6 8006/1/6 8005/1/6
f 7511/3/1 7516/3/1 8008/3/1 8004/3/1
f 7524/1/4 7525/1/4 8009/1/4 8010/1/4
f 8011/1/6 8012/1/6 8013/1/6 8007/1/6
f 7514/1/2 8006/1/2 8014/1/2 7517/1/2
f 7516/3/1 7518/3/1 8015/3/1 8008/3/1
f 7538/1/4 7520/1/4 8016/1/4 8017/1/4
f 7519/1/4 7521/1/4 8018/1/4 8019/1/4
f 7524/1/2 8010/1/2 8020/1/2 7522/1/2
f 7521/1/4 7522/1/4 8020/1/4 8018/1/4
f 7525/1/1 7523/1/1 8021/1/1 8009/1/1
f 7517/5/2 8014/5/2 8022/5/2 7530/5/2
f 7533/3/1 7532/3/1 8023/3/1 8024/3/1
f 7533/3/3 8024/3/3 8015/3/3 7518/3/3
f 8024/3/6 8023/3/6 8025/3/6 8015/3/6
f 7535/3/4 7534/3/4 8026/3/4 8025/3/4
f 7538/3/2 8017/3/2 8027/3/2 7537/3/2
f 7534/3/4 7537/3/4 8027/3/4 8026/3/4
f 8028/3/6 8026/3/6 8027/3/6 8017/3/6
f 7519/1/2 8019/1/2 8029/1/2 8030/1/2
f 7520/1/1 7536/1/1 8031/1/1 8016/1/1
f 7536/1/4 8030/1/4 8029/1/4 8031/1/4
f 7520/1/5 7519/1/5 8030/1/5 7536/1/5
f 7523/2/1 7539/2/1 8032/2/1 8021/2/1
f 7539/2/4 7554/2/4 8033/2/4 8032/2/4
f 8021/2/6 8032/2/6 8033/2/6 8034/2/6
f 7540/5/4 7558/5/4 8035/5/4 8036/5/4
f 7542/1/4 7543/1/4 8037/1/4 8038/1/4
f 7527/1/5 7526/1/5 7543/1/5 7542/1/5
f 7543/1/4 7544/1/4 8039/1/4 8037/1/4
f 7544/1/4 7545/1/4 8040/1/4 8039/1/4
f 7545/1/4 8041/1/4 8042/1/4 8040/1/4
f 8043/1/6 8040/1/6 8042/1/6 8044/1/6
f 7529/1/5 7528/1/5 8041/1/5 7545/1/5
f 7530/13/2 8022/13/2 8045/13/2 8046/13/2
f 8041/13/4 8046/13/4 8045/13/4 8042/13/4
f 7528/13/5 7530/13/5 8046/13/5 8041/13/5
f 7535/2/2 8025/2/2 8047/2/2 7546/2/2
f 7532/2/1 7548/2/1 8048/2/1 8023/2/1
f 7548/2/4 7546/2/4 8047/2/4 8048/2/4
f 8023/2/6 8048/2/6 8047/2/6 8025/2/6
f 7554/2/1 7553/2/1 8049/2/1 8033/2/1
f 7553/2/4 7555/2/4 8050/2/4 8049/2/4
f 7540/1/2 8036/1/2 8051/1/2 7556/1/2
f 7555/1/4 7556/1/4 8051/1/4 8050/1/4
f 7541/1/5 7540/1/5 7556/1/5 7555/1/5
f 7542/2/2 8038/2/2 8052/2/2 7559/2/2
f 7558/2/1 7557/2/1 8053/2/1 8035/2/1
f 7557/2/4 7559/2/4 8052/2/4 8053/2/4
f 8035/2/6 8053/2/6 8052/2/6 8038/2/6
f 7562/3/2 8054/3/2 8055/3/2 7561/3/2
f 8056/3/1 8057/3/1 8058/3/1 8059/3/1
f 8056/3/3 8059/3/3 8054/3/3 7562/3/3
f 8056/3/5 7562/3/5 7561/3/5 8057/3/5
f 7567/1/1 7568/1/1 8060/1/1 8061/1/1
f 7567/1/3 8061/1/3 8062/1/3 7569/1/3
f 7570/1/2 8063/1/2 8064/1/2 7571/1/2
f 7569/1/3 8062/1/3 8063/1/3 7570/1/3
f 8062/1/6 8065/1/6 8064/1/6 8063/1/6
f 8066/2/1 7598/2/1 8067/2/1 8068/2/1
f 8066/2/3 8068/2/3 8069/2/3 7583/2/3
f 8066/2/5 7583/2/5 7582/2/5 7598/2/5
f 7577/2/2 8070/2/2 8071/2/2 7578/2/2
f 7583/2/3 8069/2/3 8070/2/3 7577/2/3
f 7585/1/1 7584/1/1 8072/1/1 8073/1/1
f 7585/1/3 8073/1/3 8074/1/3 7586/1/3
f 7586/1/3 8074/1/3 8075/1/3 7587/1/3
f 8074/1/6 8076/1/6 8077/1/6 8075/1/6
f 7587/2/3 8075/2/3 8078/2/3 7588/2/3
f 7589/3/2 8079/3/2 8080/3/2 7594/3/2
f 7588/3/3 8078/3/3 8079/3/3 7589/3/3
f 8081/3/1 8082/3/1 8083/3/1 8084/3/1
f 8081/3/3 8084/3/3 8058/3/3 8057/3/3
f 8081/3/5 8057/3/5 7607/3/5 8082/3/5
f 8057/3/5 7561/3/5 7595/3/5 7607/3/5
f 7561/3/3 8055/3/3 8085/3/3 7564/3/3
f 7564/3/3 8085/3/3 8086/3/3 7566/3/3
f 7566/3/3 8086/3/3 8060/3/3 7568/3/3
f 7571/1/2 8064/1/2 8087/1/2 7596/1/2
f 7573/1/2 8088/1/2 8089/1/2 7600/1/2
f 7574/1/1 7597/1/1 8090/1/1 8091/1/1
f 7574/1/3 8091/1/3 8088/1/3 7573/1/3
f 7598/1/1 7599/1/1 8092/1/1 8067/1/1
f 7598/1/5 7582/1/5 7601/1/5 7599/1/5
f 7578/1/2 8071/1/2 8093/1/2 7603/1/2
f 7602/1/1 7604/1/1 8094/1/1 8095/1/1
f 7602/1/3 8095/1/3 8072/1/3 7584/1/3
f 7592/1/2 8096/1/2 8097/1/2 8098/1/2
f 7594/1/3 8080/1/3 8096/1/3 7592/1/3
f 7594/1/5 7592/1/5 8098/1/5 7605/1/5
f 8082/3/1 8099/3/1 8100/3/1 8083/3/1
f 8082/3/5 7607/3/5 7606/3/5 8099/3/5
f 7596/2/3 8087/2/3 8090/2/3 7597/2/3
f 7600/1/3 8089/1/3 8092/1/3 7599/1/3
f 7603/1/3 8093/1/3 8094/1/3 7604/1/3
f 8098/1/2 8097/1/2 8101/1/2 7610/1/2
f 7608/1/4 7610/1/4 8101/1/4 8102/1/4
f 7605/1/5 8098/1/5 7610/1/5 7608/1/5
f 8099/2/1 7614/2/1 8103/2/1 8100/2/1
f 7614/2/4 7609/2/4 8104/2/4 8103/2/4
f 8099/2/5 7606/2/5 7609/2/5 7614/2/5
f 7608/1/2 8102/1/2 8105/1/2 7612/1/2
f 7609/3/1 7615/3/1 8106/3/1 8104/3/1
f 7611/1/2 8107/1/2 8108/1/2 7616/1/2
f 7612/1/3 8105/1/3 8107/1/3 7611/1/3
f 7617/1/4 7616/1/4 8108/1/4 8109/1/4
f 7615/3/1 7619/3/1 8110/3/1 8106/3/1
f 7617/1/2 8109/1/2 8111/1/2 7620/1/2
f 7619/3/1 7622/3/1 8112/3/1 8110/3/1
f 7623/1/2 8113/1/2 8114/1/2 7624/1/2
f 7620/1/3 8111/1/3 8113/1/3 7623/1/3
f 7628/1/4 7624/1/4 8114/1/4 8115/1/4
f 8111/1/6 8115/1/6 8114/1/6 8113/1/6
f 7622/3/1 7626/3/1 8116/3/1 8112/3/1
f 7628/1/2 8115/1/2 8117/1/2 7629/1/2
f 7626/3/1 7630/3/1 8118/3/1 8116/3/1
f 7629/1/2 8117/1/2 8119/1/2 7632/1/2
f 7630/3/1 7635/3/1 8120/3/1 8118/3/1
f 8118/3/6 8120/3/6 8121/3/6 8122/3/6
f 7631/1/2 8123/1/2 8124/1/2 7639/1/2
f 7632/1/3 8119/1/3 8123/1/3 7631/1/3
f 7632/1/5 7631/1/5 7639/1/5 7636/1/5
f 7635/3/1 7638/3/1 8125/3/1 8120/3/1
f 7639/1/2 8124/1/2 8126/1/2 7640/1/2
f 7641/1/4 7640/1/4 8126/1/4 8127/1/4
f 8128/1/6 8127/1/6 8126/1/6 8124/1/6
f 7642/4/2 8129/4/2 8130/4/2 7643/4/2
f 7645/4/1 7644/4/1 8131/4/1 8132/4/1
f 7645/4/3 8132/4/3 8129/4/3 7642/4/3
f 7637/3/1 8133/3/1 8134/3/1 8135/3/1
f 7637/3/3 8135/3/3 8125/3/3 7638/3/3
f 8135/3/6 8134/3/6 8136/3/6 8125/3/6
f 7637/3/5 7638/3/5 7646/3/5 8133/3/5
f 7641/1/2 8127/1/2 8137/1/2 7647/1/2
f 7644/4/1 7648/4/1 8138/4/1 8131/4/1
f 7649/4/2 8139/4/2 8140/4/2 7650/4/2
f 7643/4/3 8130/4/3 8139/4/3 7649/4/3
f 8130/4/6 8141/4/6 8140/4/6 8139/4/6
f 8133/3/1 7695/3/1 8142/3/1 8134/3/1
f 8134/3/6 8142/3/6 8143/3/6 8136/3/6
f 8133/3/5 7646/3/5 7651/3/5 7695/3/5
f 7647/1/2 8137/1/2 8144/1/2 7655/1/2
f 7648/4/1 7656/4/1 8145/4/1 8138/4/1
f 7650/4/2 8140/4/2 8146/4/2 7658/4/2
f 8141/4/6 8147/4/6 8146/4/6 8140/4/6
f 7695/3/1 7694/3/1 8148/3/1 8142/3/1
f 8142/3/6 8148/3/6 8149/3/6 8143/3/6
f 7697/1/4 7696/1/4 8150/1/4 8151/1/4
f 7655/1/2 8144/1/2 8152/1/2 7699/1/2
f 7656/4/1 7700/4/1 8153/4/1 8145/4/1
f 7658/4/2 8146/4/2 8154/4/2 7701/4/2
f 8147/4/6 8155/4/6 8154/4/6 8146/4/6
f 7694/3/1 7720/3/1 8156/3/1 8148/3/1
f 8148/3/6 8156/3/6 8157/3/6 8149/3/6
f 7697/1/2 8151/1/2 8158/1/2 7721/1/2
f 7696/1/1 7722/1/1 8159/1/1 8150/1/1
f 7698/1/2 8160/1/2 8161/1/2 7723/1/2
f 7699/1/3 8152/1/3 8160/1/3 7698/1/3
f 8152/1/6 8162/1/6 8161/1/6 8160/1/6
f 7700/4/1 7724/4/1 8163/4/1 8153/4/1
f 7701/4/2 8154/4/2 8164/4/2 7725/4/2
f 8155/4/6 8165/4/6 8164/4/6 8154/4/6
f 7720/3/1 7744/3/1 8166/3/1 8156/3/1
f 8156/3/6 8166/3/6 8167/3/6 8157/3/6
f 7721/1/3 8158/1/3 8159/1/3 7722/1/3
f 7721/1/5 7722/1/5 7746/1/5 7745/1/5
f 7723/1/2 8161/1/2 8168/1/2 7747/1/2
f 8162/1/6 8169/1/6 8168/1/6 8161/1/6
f 7724/4/1 7748/4/1 8170/4/1 8163/4/1
f 7725/4/2 8164/4/2 8171/4/2 7749/4/2
f 8165/4/6 8172/4/6 8171/4/6 8164/4/6
f 7744/3/1 7768/3/1 8173/3/1 8166/3/1
f 7769/1/4 7770/1/4 8174/1/4 8175/1/4
f 7745/1/5 7746/1/5 7770/1/5 7769/1/5
f 7747/1/2 8168/1/2 8176/1/2 7771/1/2
f 7773/1/4 7771/1/4 8176/1/4 8177/1/4
f 8169/1/6 8177/1/6 8176/1/6 8168/1/6
f 7748/4/1 7774/4/1 8178/4/1 8170/4/1
f 7749/4/2 8171/4/2 8179/4/2 7775/4/2
f 8172/4/6 8180/4/6 8179/4/6 8171/4/6
f 7757/4/1 7783/4/1 8181/4/1 8182/4/1
f 7757/4/3 8182/4/3 8183/4/3 7758/4/3
f 8182/4/6 8181/4/6 8184/4/6 8183/4/6
f 7758/4/3 8183/4/3 8185/4/3 7759/4/3
f 7760/4/2 8186/4/2 8187/4/2 7784/4/2
f 7759/4/3 8185/4/3 8186/4/3 7760/4/3
f 8185/4/6 8188/4/6 8187/4/6 8186/4/6
f 7768/3/1 7792/3/1 8189/3/1 8173/3/1
f 7769/1/2 8175/1/2 8190/1/2 7793/1/2
f 7770/1/1 7794/1/1 8191/1/1 8174/1/1
f 7773/1/2 8177/1/2 8192/1/2 7795/1/2
f 7774/4/1 7796/4/1 8193/4/1 8178/4/1
f 7775/4/2 8179/4/2 8194/4/2 7797/4/2
f 8180/4/6 8195/4/6 8194/4/6 8179/4/6
f 7783/4/1 7805/4/1 8196/4/1 8181/4/1
f 8181/4/6 8196/4/6 8197/4/6 8184/4/6
f 7784/4/2 8187/4/2 8198/4/2 7806/4/2
f 7792/3/1 7814/3/1 8199/3/1 8189/3/1
f 7793/1/3 8190/1/3 8191/1/3 7794/1/3
f 7795/1/2 8192/1/2 8200/1/2 7815/1/2
f 7796/4/1 7816/4/1 8201/4/1 8193/4/1
f 7797/4/2 8194/4/2 8202/4/2 7817/4/2
f 8195/4/6 8203/4/6 8202/4/6 8194/4/6
f 7805/4/1 7825/4/1 8204/4/1 8196/4/1
f 7806/4/2 8198/4/2 8205/4/2 7826/4/2
f 7814/3/1 7834/3/1 8206/3/1 8199/3/1
f 7815/1/2 8200/1/2 8207/1/2 7835/1/2
f 7816/4/1 7836/4/1 8208/4/1 8201/4/1
f 7817/4/2 8202/4/2 8209/4/2 7837/4/2
f 8203/4/6 8210/4/6 8209/4/6 8202/4/6
f 7825/4/1 7845/4/1 8211/4/1 8204/4/1
f 8204/4/6 8211/4/6 8212/4/6 8213/4/6
f 7826/4/2 8205/4/2 8214/4/2 7846/4/2
f 8215/4/6 8216/4/6 8214/4/6 8205/4/6
f 7834/3/1 7854/3/1 8217/3/1 8206/3/1
f 7835/1/2 8207/1/2 8218/1/2 7855/1/2
f 7836/4/1 7856/4/1 8219/4/1 8208/4/1
f 7837/4/2 8209/4/2 8220/4/2 7857/4/2
f 8210/4/6 8221/4/6 8220/4/6 8209/4/6
f 7845/4/1 7865/4/1 8222/4/1 8211/4/1
f 7865/4/4 7887/4/4 8223/4/4 8222/4/4
f 8211/4/6 8222/4/6 8223/4/6 8212/4/6
f 7887/4/4 7889/4/4 8224/4/4 8223/4/4
f 7846/4/2 8214/4/2 8225/4/2 7866/4/2
f 7889/4/4 7866/4/4 8225/4/4 8224/4/4
f 8216/4/6 8224/4/6 8225/4/6 8214/4/6
f 7854/3/1 7874/3/1 8226/3/1 8217/3/1
f 7855/1/2 8218/1/2 8227/1/2 7875/1/2
f 7856/4/1 7876/4/1 8228/4/1 8219/4/1
f 7857/4/2 8220/4/2 8229/4/2 7877/4/2
f 8221/4/6 8230/4/6 8229/4/6 8220/4/6
f 7874/3/1 7898/3/1 8231/3/1 8226/3/1
f 7875/1/2 8227/1/2 8232/1/2 7901/1/2
f 7876/4/1 7902/4/1 8233/4/1 8228/4/1
f 7877/4/2 8229/4/2 8234/4/2 7903/4/2
f 8230/4/6 8235/4/6 8234/4/6 8229/4/6
f 7898/2/1 7922/2/1 8236/2/1 8231/2/1
f 7901/1/2 8232/1/2 8237/1/2 7923/1/2
f 7902/4/1 7924/4/1 8238/4/1 8233/4/1
f 7903/4/2 8234/4/2 8239/4/2 7925/4/2
f 8235/4/6 8240/4/6 8239/4/6 8234/4/6
f 7922/2/1 7944/2/1 8241/2/1 8236/2/1
f 7944/2/4 7969/2/4 8242/2/4 8241/2/4
f 7969/3/4 7971/3/4 8243/3/4 8242/3/4
f 7923/1/2 8237/1/2 8244/1/2 7945/1/2
f 7946/1/4 7945/1/4 8244/1/4 8245/1/4
f 7924/4/1 7947/4/1 8246/4/1 8238/4/1
f 7925/4/2 8239/4/2 8247/4/2 7949/4/2
f 8240/4/6 8248/4/6 8247/4/6 8239/4/6
f 7971/3/1 7970/3/1 8249/3/1 8243/3/1
f 7970/3/4 7972/3/4 8250/3/4 8249/3/4
f 7972/1/4 7973/1/4 8251/1/4 8250/1/4
f 7973/1/4 7974/1/4 8252/1/4 8251/1/4
f 7974/1/4 7975/1/4 8253/1/4 8252/1/4
f 7975/1/4 7976/1/4 8254/1/4 8253/1/4
f 7976/1/4 7977/1/4 8255/1/4 8254/1/4
f 7946/1/2 8245/1/2 8256/1/2 7978/1/2
f 7947/4/1 7979/4/1 8257/4/1 8246/4/1
f 7949/4/2 8247/4/2 8258/4/2 7980/4/2
f 8248/4/6 8259/4/6 8258/4/6 8247/4/6
f 7977/1/1 7981/1/1 8260/1/1 8255/1/1
f 7978/1/2 8256/1/2 8261/1/2 7982/1/2
f 7979/4/1 7983/4/1 8262/4/1 8257/4/1
f 7980/4/2 8258/4/2 8263/4/2 7984/4/2
f 7985/4/4 7984/4/4 8263/4/4 8264/4/4
f 8259/4/6 8264/4/6 8263/4/6 8258/4/6
f 7988/3/1 7989/3/1 8265/3/1 8266/3/1
f 7988/3/3 8266/3/3 8267/3/3 7990/3/3
f 7990/3/3 8267/3/3 8268/3/3 7991/3/3
f 7991/1/3 8268/1/3 8269/1/3 7992/1/3
f 7992/1/3 8269/1/3 8270/1/3 7993/1/3
f 7993/1/3 8270/1/3 8271/1/3 7994/1/3
f 7994/1/3 8271/1/3 8272/1/3 7995/1/3
f 7995/1/3 8272/1/3 8260/1/3 7981/1/3
f 7982/1/2 8261/1/2 8273/1/2 7996/1/2
f 7985/4/2 8264/4/2 8274/4/2 7997/4/2
f 7983/4/1 7998/4/1 8275/4/1 8262/4/1
f 7989/3/1 8000/3/1 8276/3/1 8265/3/1
f 7996/1/2 8273/1/2 8277/1/2 8001/1/2
f 7997/4/2 8274/4/2 8278/4/2 8002/4/2
f 7998/4/1 8003/4/1 8279/4/1 8275/4/1
f 8003/4/4 8002/4/4 8278/4/4 8279/4/4
f 8000/3/1 8004/3/1 8280/3/1 8276/3/1
f 8001/1/2 8277/1/2 8281/1/2 8007/1/2
f 8011/1/4 8007/1/4 8281/1/4 8282/1/4
f 8004/3/1 8008/3/1 8283/3/1 8280/3/1
f 8011/1/2 8282/1/2 8284/1/2 8012/1/2
f 8006/1/2 8285/1/2 8286/1/2 8014/1/2
f 8007/1/1 8013/1/1 8287/1/1 8281/1/1
f 8007/1/3 8281/1/3 8285/1/3 8006/1/3
f 8281/1/6 8287/1/6 8286/1/6 8285/1/6
f 8008/3/1 8015/3/1 8288/3/1 8283/3/1
f 8028/3/4 8017/3/4 8289/3/4 8290/3/4
f 8017/1/4 8016/1/4 8291/1/4 8289/1/4
f 8018/1/4 8020/1/4 8292/1/4 8293/1/4
f 8020/1/4 8021/1/4 8294/1/4 8292/1/4
f 8010/1/5 8009/1/5 8021/1/5 8020/1/5
f 8021/1/4 8034/1/4 8295/1/4 8294/1/4
f 8012/5/3 8284/5/3 8287/5/3 8013/5/3
f 8043/5/4 8044/5/4 8296/5/4 8297/5/4
f 8284/5/6 8297/5/6 8296/5/6 8287/5/6
f 8287/5/6 8296/5/6 8298/5/6 8286/5/6
f 8299/13/2 8300/13/2 8301/13/2 8302/13/2
f 8014/13/3 8286/13/3 8300/13/3 8299/13/3
f 8022/13/4 8302/13/4 8301/13/4 8298/13/4
f 8286/13/6 8298/13/6 8301/13/6 8300/13/6
f 8014/13/5 8299/13/5 8302/13/5 8022/13/5
f 8028/3/2 8290/3/2 8303/3/2 8026/3/2
f 8015/3/1 8025/3/1 8304/3/1 8288/3/1
f 8025/3/4 8026/3/4 8303/3/4 8304/3/4
f 8016/1/1 8031/1/1 8305/1/1 8291/1/1
f 8031/1/4 8029/1/4 8306/1/4 8305/1/4
f 8018/2/2 8293/2/2 8307/2/2 8308/2/2
f 8029/2/4 8308/2/4 8307/2/4 8306/2/4
f 8309/2/6 8306/2/6 8307/2/6 8293/2/6
f 8019/2/5 8018/2/5 8308/2/5 8029/2/5
f 8034/1/1 8033/1/1 8310/1/1 8295/1/1
f 8035/5/4 8038/5/4 8311/5/4 8312/5/4
f 8038/1/4 8037/1/4 8313/1/4 8311/1/4
f 8037/1/4 8039/1/4 8314/1/4 8313/1/4
f 8315/1/6 8313/1/6 8314/1/6 8316/1/6
f 8043/1/2 8297/1/2 8317/1/2 8040/1/2
f 8039/1/4 8040/1/4 8317/1/4 8314/1/4
f 8316/1/6 8314/1/6 8317/1/6 8297/1/6
f 8022/13/2 8298/13/2 8318/13/2 8045/13/2
f 8044/13/1 8042/13/1 8319/13/1 8296/13/1
f 8042/13/4 8045/13/4 8318/13/4 8319/13/4
f 8033/2/1 8049/2/1 8320/2/1 8310/2/1
f 8049/2/4 8050/2/4 8321/2/4 8320/2/4
f 8310/2/6 8320/2/6 8321/2/6 8322/2/6
f 8050/2/4 8051/2/4 8323/2/4 8321/2/4
f 8035/2/2 8312/2/2 8324/2/2 8053/2/2
f 8051/2/4 8053/2/4 8324/2/4 8323/2/4
f 8036/2/5 8035/2/5 8053/2/5 8051/2/5
f 8325/2/1 8084/2/1 8326/2/1 8327/2/1
f 8325/2/3 8327/2/3 8328/2/3 8059/2/3
f 8325/2/5 8059/2/5 8058/2/5 8084/2/5
f 8054/3/2 8329/3/2 8330/3/2 8055/3/2
f 8059/3/3 8328/3/3 8329/3/3 8054/3/3
f 8328/3/6 8331/3/6 8330/3/6 8329/3/6
f 8332/3/2 8333/3/2 8334/3/2 8086/3/2
f 8335/3/1 8085/3/1 8336/3/1 8337/3/1
f 8335/3/3 8337/3/3 8333/3/3 8332/3/3
f 8335/3/5 8332/3/5 8086/3/5 8085/3/5
f 8062/1/2 8338/1/2 8339/1/2 8065/1/2
f 8061/1/1 8060/1/1 8340/1/1 8341/1/1
f 8061/1/3 8341/1/3 8338/1/3 8062/1/3
f 8341/1/6 8340/1/6 8339/1/6 8338/1/6
f 8342/2/2 8343/2/2 8344/2/2 8088/2/2
f 8345/2/1 8091/2/1 8346/2/1 8347/2/1
f 8345/2/3 8347/2/3 8343/2/3 8342/2/3
f 8345/2/5 8342/2/5 8088/2/5 8091/2/5
f 8068/1/1 8067/1/1 8348/1/1 8349/1/1
f 8068/1/3 8349/1/3 8350/1/3 8069/1/3
f 8070/1/2 8351/1/2 8352/1/2 8071/1/2
f 8069/1/3 8350/1/3 8351/1/3 8070/1/3
f 8353/1/1 8095/1/1 8354/1/1 8355/1/1
f 8353/1/3 8355/1/3 8356/1/3 8073/1/3
f 8353/1/5 8073/1/5 8072/1/5 8095/1/5
f 8074/1/2 8357/1/2 8358/1/2 8076/1/2
f 8073/1/3 8356/1/3 8357/1/3 8074/1/3
f 8075/2/1 8077/2/1 8359/2/1 8360/2/1
f 8075/2/3 8360/2/3 8361/2/3 8078/2/3
f 8079/3/2 8362/3/2 8363/3/2 8080/3/2
f 8078/3/3 8361/3/3 8362/3/3 8079/3/3
f 8084/2/1 8083/2/1 8364/2/1 8326/2/1
f 8055/3/3 8330/3/3 8336/3/3 8085/3/3
f 8086/3/3 8334/3/3 8340/3/3 8060/3/3
f 8064/1/2 8365/1/2 8366/1/2 8087/1/2
f 8065/1/3 8339/1/3 8365/1/3 8064/1/3
f 8091/2/1 8090/2/1 8367/2/1 8346/2/1
f 8088/1/3 8344/1/3 8348/1/3 8067/1/3
f 8088/1/5 8067/1/5 8092/1/5 8089/1/5
f 8071/1/3 8352/1/3 8354/1/3 8095/1/3
f 8071/1/5 8095/1/5 8094/1/5 8093/1/5
f 8076/1/3 8358/1/3 8359/1/3 8077/1/3
f 8096/1/2 8368/1/2 8369/1/2 8097/1/2
f 8080/1/3 8363/1/3 8368/1/3 8096/1/3
f 8083/2/1 8100/2/1 8370/2/1 8364/2/1
f 8087/2/3 8366/2/3 8367/2/3 8090/2/3
f 8097/1/2 8369/1/2 8371/1/2 8101/1/2
f 8372/1/6 8373/1/6 8371/1/6 8369/1/6
f 8100/2/1 8103/2/1 8374/2/1 8370/2/1
f 8101/1/2 8371/1/2 8375/1/2 8107/1/2
f 8373/1/6 8376/1/6 8375/1/6 8371/1/6
f 8102/1/5 8101/1/5 8107/1/5 8105/1/5
f 8103/2/1 8377/2/1 8378/2/1 8374/2/1
f 8377/2/4 8106/2/4 8379/2/4 8378/2/4
f 8103/2/5 8104/2/5 8106/2/5 8377/2/5
f 8107/1/2 8375/1/2 8380/1/2 8108/1/2
f 8109/1/4 8108/1/4 8380/1/4 8381/1/4
f 8376/1/6 8381/1/6 8380/1/6 8375/1/6
f 8106/3/1 8110/3/1 8382/3/1 8379/3/1
f 8109/1/2 8381/1/2 8383/1/2 8111/1/2
f 8110/3/1 8112/3/1 8384/3/1 8382/3/1
f 8111/1/2 8383/1/2 8385/1/2 8115/1/2
f 8112/3/1 8116/3/1 8386/3/1 8384/3/1
f 8114/1/2 8387/1/2 8388/1/2 8389/1/2
f 8115/1/3 8385/1/3 8387/1/3 8114/1/3
f 8385/1/6 8390/1/6 8388/1/6 8387/1/6
f 8115/1/5 8114/1/5 8389/1/5 8117/1/5
f 8116/3/1 8118/3/1 8391/3/1 8386/3/1
f 8118/3/4 8122/3/4 8392/3/4 8391/3/4
f 8389/1/2 8388/1/2 8393/1/2 8123/1/2
f 8117/1/5 8389/1/5 8123/1/5 8119/1/5
f 8122/3/1 8121/3/1 8394/3/1 8392/3/1
f 8123/1/2 8393/1/2 8395/1/2 8124/1/2
f 8128/1/4 8124/1/4 8395/1/4 8396/1/4
f 8120/3/1 8125/3/1 8397/3/1 8398/3/1
f 8120/3/3 8398/3/3 8394/3/3 8121/3/3
f 8128/1/2 8396/1/2 8399/1/2 8127/1/2
f 8129/4/2 8400/4/2 8401/4/2 8130/4/2
f 8132/4/1 8131/4/1 8402/4/1 8403/4/1
f 8132/4/3 8403/4/3 8400/4/3 8129/4/3
f 8403/4/6 8402/4/6 8401/4/6 8400/4/6
f 8125/3/1 8136/3/1 8404/3/1 8397/3/1
f 8127/1/2 8399/1/2 8405/1/2 8137/1/2
f 8130/4/2 8401/4/2 8406/4/2 8141/4/2
f 8131/4/1 8138/4/1 8407/4/1 8402/4/1
f 8402/4/6 8407/4/6 8406/4/6 8401/4/6
f 8136/3/1 8143/3/1 8408/3/1 8404/3/1
f 8409/1/2 8410/1/2 8411/1/2 8412/1/2
f 8137/1/3 8405/1/3 8410/1/3 8409/1/3
f 8137/1/5 8409/1/5 8412/1/5 8144/1/5
f 8141/4/2 8406/4/2 8413/4/2 8147/4/2
f 8138/4/1 8145/4/1 8414/4/1 8407/4/1
f 8407/4/6 8414/4/6 8413/4/6 8406/4/6
f 8143/3/1 8149/3/1 8415/3/1 8408/3/1
f 8151/1/4 8150/1/4 8416/1/4 8417/1/4
f 8412/1/2 8411/1/2 8418/1/2 8160/1/2
f 8152/1/4 8160/1/4 8418/1/4 8419/1/4
f 8420/1/6 8419/1/6 8418/1/6 8411/1/6
f 8144/1/5 8412/1/5 8160/1/5 8152/1/5
f 8147/4/2 8413/4/2 8421/4/2 8155/4/2
f 8145/4/1 8153/4/1 8422/4/1 8414/4/1
f 8414/4/6 8422/4/6 8421/4/6 8413/4/6
f 8149/3/1 8157/3/1 8423/3/1 8415/3/1
f 8151/1/2 8417/1/2 8424/1/2 8158/1/2
f 8150/1/1 8159/1/1 8425/1/1 8416/1/1
f 8152/1/2 8419/1/2 8426/1/2 8162/1/2
f 8155/4/2 8421/4/2 8427/4/2 8165/4/2
f 8153/4/1 8163/4/1 8428/4/1 8422/4/1
f 8422/4/6 8428/4/6 8427/4/6 8421/4/6
f 8157/3/1 8167/3/1 8429/3/1 8423/3/1
f 8158/1/3 8424/1/3 8425/1/3 8159/1/3
f 8162/1/2 8426/1/2 8430/1/2 8169/1/2
f 8165/4/2 8427/4/2 8431/4/2 8172/4/2
f 8163/4/1 8170/4/1 8432/4/1 8428/4/1
f 8428/4/6 8432/4/6 8431/4/6 8427/4/6
f 8166/3/1 8173/3/1 8433/3/1 8434/3/1
f 8166/3/3 8434/3/3 8429/3/3 8167/3/3
f 8434/3/6 8433/3/6 8435/3/6 8429/3/6
f 8175/1/4 8174/1/4 8436/1/4 8437/1/4
f 8169/1/2 8430/1/2 8438/1/2 8177/1/2
f 8172/4/2 8431/4/2 8439/4/2 8180/4/2
f 8170/4/1 8178/4/1 8440/4/1 8432/4/1
f 8432/4/6 8440/4/6 8439/4/6 8431/4/6
f 8185/4/2 8441/4/2 8442/4/2 8188/4/2
f 8183/4/1 8184/4/1 8443/4/1 8444/4/1
f 8183/4/3 8444/4/3 8441/4/3 8185/4/3
f 8173/3/1 8189/3/1 8445/3/1 8433/3/1
f 8433/3/6 8445/3/6 8446/3/6 8435/3/6
f 8175/1/2 8437/1/2 8447/1/2 8190/1/2
f 8174/1/1 8191/1/1 8448/1/1 8436/1/1
f 8177/1/2 8438/1/2 8449/1/2 8192/1/2
f 8180/4/2 8439/4/2 8450/4/2 8195/4/2
f 8178/4/1 8193/4/1 8451/4/1 8440/4/1
f 8440/4/6 8451/4/6 8450/4/6 8439/4/6
f 8184/4/1 8197/4/1 8452/4/1 8443/4/1
f 8187/4/2 8453/4/2 8454/4/2 8198/4/2
f 8188/4/3 8442/4/3 8453/4/3 8187/4/3
f 8442/4/6 8455/4/6 8454/4/6 8453/4/6
f 8189/3/1 8199/3/1 8456/3/1 8445/3/1
f 8445/3/6 8456/3/6 8457/3/6 8446/3/6
f 8190/1/3 8447/1/3 8448/1/3 8191/1/3
f 8192/1/2 8449/1/2 8458/1/2 8200/1/2
f 8195/4/2 8450/4/2 8459/4/2 8203/4/2
f 8193/4/1 8201/4/1 8460/4/1 8451/4/1
f 8451/4/6 8460/4/6 8459/4/6 8450/4/6
f 8196/4/1 8204/4/1 8461/4/1 8462/4/1
f 8196/4/3 8462/4/3 8452/4/3 8197/4/3
f 8204/4/4 8213/4/4 8463/4/4 8461/4/4
f 8462/4/6 8461/4/6 8463/4/6 8452/4/6
f 8198/4/2 8454/4/2 8464/4/2 8205/4/2
f 8215/4/4 8205/4/4 8464/4/4 8465/4/4
f 8455/4/6 8465/4/6 8464/4/6 8454/4/6
f 8199/3/1 8206/3/1 8466/3/1 8456/3/1
f 8456/3/6 8466/3/6 8467/3/6 8457/3/6
f 8200/1/2 8458/1/2 8468/1/2 8207/1/2
f 8203/4/2 8459/4/2 8469/4/2 8210/4/2
f 8201/4/1 8208/4/1 8470/4/1 8460/4/1
f 8460/4/6 8470/4/6 8469/4/6 8459/4/6
f 8215/4/2 8465/4/2 8471/4/2 8216/4/2
f 8213/4/1 8212/4/1 8472/4/1 8463/4/1
f 8206/3/1 8217/3/1 8473/3/1 8466/3/1
f 8466/3/6 8473/3/6 8474/3/6 8467/3/6
f 8207/1/2 8468/1/2 8475/1/2 8218/1/2
f 8210/4/2 8469/4/2 8476/4/2 8221/4/2
f 8208/4/1 8219/4/1 8477/4/1 8470/4/1
f 8470/4/6 8477/4/6 8476/4/6 8469/4/6
f 8216/4/2 8471/4/2 8478/4/2 8224/4/2
f 8212/4/1 8223/4/1 8479/4/1 8472/4/1
f 8223/4/4 8224/4/4 8478/4/4 8479/4/4
f 8217/3/1 8226/3/1 8480/3/1 8473/3/1
f 8473/3/6 8480/3/6 8481/3/6 8474/3/6
f 8218/1/2 8475/1/2 8482/1/2 8227/1/2
f 8221/4/2 8476/4/2 8483/4/2 8230/4/2
f 8219/4/1 8228/4/1 8484/4/1 8477/4/1
f 8477/4/6 8484/4/6 8483/4/6 8476/4/6
f 8226/3/1 8231/3/1 8485/3/1 8480/3/1
f 8480/3/6 8485/3/6 8486/3/6 8481/3/6
f 8227/1/2 8482/1/2 8487/1/2 8232/1/2
f 8230/4/2 8483/4/2 8488/4/2 8235/4/2
f 8228/4/1 8233/4/1 8489/4/1 8484/4/1
f 8484/4/6 8489/4/6 8488/4/6 8483/4/6
f 8231/3/1 8236/3/1 8490/3/1 8485/3/1
f 8485/3/6 8490/3/6 8491/3/6 8486/3/6
f 8232/1/2 8487/1/2 8492/1/2 8237/1/2
f 8235/4/2 8488/4/2 8493/4/2 8240/4/2
f 8233/4/1 8238/4/1 8494/4/1 8489/4/1
f 8489/4/6 8494/4/6 8493/4/6 8488/4/6
f 8236/2/1 8241/2/1 8495/2/1 8490/2/1
f 8241/2/4 8242/2/4 8496/2/4 8495/2/4
f 8490/2/6 8495/2/6 8496/2/6 8491/2/6
f 8237/1/2 8492/1/2 8497/1/2 8244/1/2
f 8240/4/2 8493/4/2 8498/4/2 8248/4/2
f 8238/4/1 8246/4/1 8499/4/1 8494/4/1
f 8494/4/6 8499/4/6 8498/4/6 8493/4/6
f 8242/3/1 8500/3/1 8501/3/1 8496/3/1
f 8500/3/4 8249/3/4 8502/3/4 8501/3/4
f 8242/3/5 8243/3/5 8249/3/5 8500/3/5
f 8249/3/4 8250/3/4 8503/3/4 8502/3/4
f 8250/1/4 8251/1/4 8504/1/4 8503/1/4
f 8251/1/4 8252/1/4 8505/1/4 8504/1/4
f 8252/1/4 8253/1/4 8506/1/4 8505/1/4
f 8253/1/4 8254/1/4 8507/1/4 8506/1/4
f 8254/1/4 8255/1/4 8508/1/4 8507/1/4
f 8244/1/2 8497/1/2 8509/1/2 8510/1/2
f 8256/1/4 8510/1/4 8509/1/4 8511/1/4
f 8245/1/5 8244/1/5 8510/1/5 8256/1/5
f 8248/4/2 8498/4/2 8512/4/2 8259/4/2
f 8246/4/1 8257/4/1 8513/4/1 8499/4/1
f 8499/4/6 8513/4/6 8512/4/6 8498/4/6
f 8255/1/1 8260/1/1 8514/1/1 8508/1/1
f 8256/1/2 8511/1/2 8515/1/2 8261/1/2
f 8259/4/2 8512/4/2 8516/4/2 8264/4/2
f 8257/4/1 8262/4/1 8517/4/1 8513/4/1
f 8513/4/6 8517/4/6 8516/4/6 8512/4/6
f 8266/3/1 8265/3/1 8518/3/1 8519/3/1
f 8266/3/3 8519/3/3 8520/3/3 8267/3/3
f 8267/3/3 8520/3/3 8521/3/3 8268/3/3
f 8268/1/3 8521/1/3 8522/1/3 8269/1/3
f 8269/1/3 8522/1/3 8523/1/3 8270/1/3
f 8270/1/3 8523/1/3 8524/1/3 8271/1/3
f 8271/1/3 8524/1/3 8525/1/3 8272/1/3
f 8272/1/3 8525/1/3 8514/1/3 8260/1/3
f 8261/1/2 8515/1/2 8526/1/2 8273/1/2
f 8264/4/2 8516/4/2 8527/4/2 8274/4/2
f 8262/4/1 8275/4/1 8528/4/1 8517/4/1
f 8517/4/6 8528/4/6 8527/4/6 8516/4/6
f 8265/3/1 8276/3/1 8529/3/1 8518/3/1
f 8530/1/2 8531/1/2 8532/1/2 8533/1/2
f 8273/1/3 8526/1/3 8531/1/3 8530/1/3
f 8277/1/4 8533/1/4 8532/1/4 8534/1/4
f 8273/1/5 8530/1/5 8533/1/5 8277/1/5
f 8274/4/2 8527/4/2 8535/4/2 8278/4/2
f 8275/4/1 8279/4/1 8536/4/1 8528/4/1
f 8279/4/4 8278/4/4 8535/4/4 8536/4/4
f 8528/4/6 8536/4/6 8535/4/6 8527/4/6
f 8276/3/1 8280/3/1 8537/3/1 8529/3/1
f 8277/1/2 8534/1/2 8538/1/2 8281/1/2
f 8282/1/4 8281/1/4 8538/1/4 8539/1/4
f 8280/3/1 8283/3/1 8540/3/1 8537/3/1
f 8282/1/2 8539/1/2 8541/1/2 8284/1/2
f 8542/3/1 8543/3/1 8544/3/1 8545/3/1
f 8542/3/3 8545/3/3 8540/3/3 8283/3/3
f 8545/3/6 8544/3/6 8546/3/6 8540/3/6
f 8542/3/5 8283/3/5 8288/3/5 8543/3/5
f 8309/1/4 8293/1/4 8547/1/4 8548/1/4
f 8549/1/6 8548/1/6 8547/1/6 8550/1/6
f 8550/1/6 8547/1/6 8551/1/6 8552/1/6
f 8294/1/4 8295/1/4 8553/1/4 8554/1/4
f 8315/5/4 8316/5/4 8555/5/4 8556/5/4
f 8284/5/2 8541/5/2 8557/5/2 8297/5/2
f 8316/5/4 8297/5/4 8557/5/4 8555/5/4
f 8558/5/6 8555/5/6 8557/5/6 8541/5/6
f 8543/3/1 8559/3/1 8560/3/1 8544/3/1
f 8559/3/4 8304/3/4 8561/3/4 8560/3/4
f 8543/3/5 8288/3/5 8304/3/5 8559/3/5
f 8304/3/4 8303/3/4 8562/3/4 8561/3/4
f 8303/3/4 8563/3/4 8564/3/4 8562/3/4
f 8565/3/6 8562/3/6 8564/3/6 8566/3/6
f 8290/3/5 8289/3/5 8563/3/5 8303/3/5
f 8563/1/4 8305/1/4 8567/1/4 8564/1/4
f 8566/1/6 8564/1/6 8567/1/6 8568/1/6
f 8289/1/5 8291/1/5 8305/1/5 8563/1/5
f 8309/2/2 8548/2/2 8569/2/2 8306/2/2
f 8305/2/4 8306/2/4 8569/2/4 8567/2/4
f 8568/2/6 8567/2/6 8569/2/6 8548/2/6
f 8293/2/1 8307/2/1 8570/2/1 8547/2/1
f 8307/2/4 8571/2/4 8572/2/4 8570/2/4
f 8547/2/6 8570/2/6 8572/2/6 8551/2/6
f 8293/2/5 8292/2/5 8571/2/5 8307/2/5
f 8294/1/2 8554/1/2 8573/1/2 8574/1/2
f 8551/1/6 8572/1/6 8573/1/6 8554/1/6
f 8292/1/5 8294/1/5 8574/1/5 8571/1/5
f 8295/1/1 8310/1/1 8575/1/1 8553/1/1
f 8310/1/4 8322/1/4 8576/1/4 8575/1/4
f 8315/1/2 8556/1/2 8577/1/2 8313/1/2
f 8311/1/4 8313/1/4 8577/1/4 8578/1/4
f 8298/13/2 8579/13/2 8580/13/2 8318/13/2
f 8296/13/1 8319/13/1 8581/13/1 8582/13/1
f 8296/13/3 8582/13/3 8579/13/3 8298/13/3
f 8319/13/4 8318/13/4 8580/13/4 8581/13/4
f 8582/13/6 8581/13/6 8580/13/6 8579/13/6
f 8307/2/2 8570/2/2 8583/2/2 8584/2/2
f 8306/2/1 8585/2/1 8586/2/1 8569/2/1
f 8306/2/3 8569/2/3 8570/2/3 8307/2/3
f 8585/2/4 8584/2/4 8583/2/4 8586/2/4
f 8569/2/6 8586/2/6 8583/2/6 8570/2/6
f 8306/2/5 8307/2/5 8584/2/5 8585/2/5
f 8574/2/2 8573/2/2 8587/2/2 8588/2/2
f 8571/2/1 8589/2/1 8590/2/1 8572/2/1
f 8589/2/4 8588/2/4 8587/2/4 8590/2/4
f 8572/2/6 8590/2/6 8587/2/6 8573/2/6
f 8571/2/5 8574/2/5 8588/2/5 8589/2/5
f 8322/1/1 8321/1/1 8591/1/1 8576/1/1
f 8321/1/4 8323/1/4 8592/1/4 8591/1/4
f 8576/1/6 8591/1/6 8592/1/6 8593/1/6
f 8323/1/4 8324/1/4 8594/1/4 8592/1/4
f 8311/1/2 8578/1/2 8595/1/2 8596/1/2
f 8324/1/4 8596/1/4 8595/1/4 8594/1/4
f 8312/1/5 8311/1/5 8596/1/5 8324/1/5
f 8328/2/2 8597/2/2 8598/2/2 8331/2/2
f 8327/2/1 8326/2/1 8599/2/1 8600/2/1
f 8327/2/3 8600/2/3 8597/2/3 8328/2/3
f 8600/2/6 8599/2/6 8598/2/6 8597/2/6
f 8329/3/1 8330/3/1 8601/3/1 8602/3/1
f 8329/3/3 8602/3/3 8603/3/3 8337/3/3
f 8329/3/5 8337/3/5 8336/3/5 8330/3/5
f 8333/3/2 8604/3/2 8605/3/2 8334/3/2
f 8337/3/3 8603/3/3 8604/3/3 8333/3/3
f 8603/3/6 8606/3/6 8605/3/6 8604/3/6
f 8343/2/2 8607/2/2 8608/2/2 8344/2/2
f 8347/2/1 8346/2/1 8609/2/1 8610/2/1
f 8347/2/3 8610/2/3 8607/2/3 8343/2/3
f 8349/1/1 8348/1/1 8611/1/1 8612/1/1
f 8349/1/3 8612/1/3 8613/1/3 8350/1/3
f 8351/1/2 8614/1/2 8615/1/2 8352/1/2
f 8350/1/3 8613/1/3 8614/1/3 8351/1/3
f 8613/1/6 8616/1/6 8615/1/6 8614/1/6
f 8355/1/1 8354/1/1 8617/1/1 8618/1/1
f 8355/1/3 8618/1/3 8619/1/3 8356/1/3
f 8357/1/2 8620/1/2 8621/1/2 8358/1/2
f 8356/1/3 8619/1/3 8620/1/3 8357/1/3
f 8360/3/1 8359/3/1 8622/3/1 8623/3/1
f 8360/3/3 8623/3/3 8624/3/3 8361/3/3
f 8362/3/2 8625/3/2 8626/3/2 8363/3/2
f 8361/3/3 8624/3/3 8625/3/3 8362/3/3
f 8624/3/6 8627/3/6 8626/3/6 8625/3/6
f 8326/3/1 8364/3/1 8628/3/1 8599/3/1
f 8331/3/3 8598/3/3 8601/3/3 8330/3/3
f 8334/3/3 8605/3/3 8629/3/3 8340/3/3
f 8340/1/3 8629/1/3 8630/1/3 8339/1/3
f 8339/1/3 8630/1/3 8631/1/3 8365/1/3
f 8365/1/3 8631/1/3 8609/1/3 8346/1/3
f 8365/1/5 8346/1/5 8367/1/5 8366/1/5
f 8344/2/3 8608/2/3 8611/2/3 8348/2/3
f 8352/1/3 8615/1/3 8617/1/3 8354/1/3
f 8615/1/6 8632/1/6 8633/1/6 8617/1/6
f 8358/1/3 8621/1/3 8622/1/3 8359/1/3
f 8368/1/2 8634/1/2 8635/1/2 8369/1/2
f 8363/1/3 8626/1/3 8634/1/3 8368/1/3
f 8372/1/4 8369/1/4 8635/1/4 8636/1/4
f 8626/1/6 8636/1/6 8635/1/6 8634/1/6
f 8364/3/1 8370/3/1 8637/3/1 8628/3/1
f 8372/1/2 8636/1/2 8638/1/2 8373/1/2
f 8370/3/1 8374/3/1 8639/3/1 8637/3/1
f 8373/1/2 8638/1/2 8640/1/2 8376/1/2
f 8374/3/1 8378/3/1 8641/3/1 8639/3/1
f 8376/1/2 8640/1/2 8642/1/2 8381/1/2
f 8378/3/1 8643/3/1 8644/3/1 8641/3/1
f 8643/3/4 8382/3/4 8645/3/4 8644/3/4
f 8378/3/5 8379/3/5 8382/3/5 8643/3/5
f 8381/1/2 8642/1/2 8646/1/2 8383/1/2
f 8382/3/1 8384/3/1 8647/3/1 8645/3/1
f 8383/1/2 8646/1/2 8648/1/2 8385/1/2
f 8384/3/1 8386/3/1 8649/3/1 8647/3/1
f 8385/1/2 8648/1/2 8650/1/2 8390/1/2
f 8386/3/1 8391/3/1 8651/3/1 8649/3/1
f 8388/1/2 8652/1/2 8653/1/2 8393/1/2
f 8390/1/3 8650/1/3 8652/1/3 8388/1/3
f 8391/3/1 8398/3/1 8654/3/1 8651/3/1
f 8391/3/5 8392/3/5 8394/3/5 8398/3/5
f 8393/1/2 8653/1/2 8655/1/2 8395/1/2
f 8396/1/4 8395/1/4 8655/1/4 8656/1/4
f 8657/1/6 8656/1/6 8655/1/6 8653/1/6
f 8658/2/1 8659/2/1 8660/2/1 8661/2/1
f 8658/2/3 8661/2/3 8654/2/3 8398/2/3
f 8661/2/6 8660/2/6 8662/2/6 8654/2/6
f 8658/2/5 8398/2/5 8397/2/5 8659/2/5
f 8396/1/2 8656/1/2 8663/1/2 8399/1/2
f 8664/4/1 8665/4/1 8666/4/1 8667/4/1
f 8664/4/3 8667/4/3 8660/4/3 8659/4/3
f 8667/4/6 8666/4/6 8668/4/6 8660/4/6
f 8664/4/5 8659/4/5 8669/4/5 8665/4/5
f 8659/2/5 8397/2/5 8404/2/5 8669/2/5
f 8670/1/2 8671/1/2 8672/1/2 8410/1/2
f 8399/1/3 8663/1/3 8671/1/3 8670/1/3
f 8399/1/5 8670/1/5 8410/1/5 8405/1/5
f 8665/4/1 8673/4/1 8674/4/1 8666/4/1
f 8673/4/4 8675/4/4 8676/4/4 8674/4/4
f 8665/4/5 8669/4/5 8675/4/5 8673/4/5
f 8669/3/5 8404/3/5 8408/3/5 8675/3/5
f 8410/1/2 8672/1/2 8677/1/2 8411/1/2
f 8420/1/4 8411/1/4 8677/1/4 8678/1/4
f 8675/3/1 8679/3/1 8680/3/1 8676/3/1
f 8675/3/5 8408/3/5 8415/3/5 8679/3/5
f 8420/1/2 8678/1/2 8681/1/2 8419/1/2
f 8679/3/1 8682/3/1 8683/3/1 8680/3/1
f 8682/3/4 8423/3/4 8684/3/4 8683/3/4
f 8679/3/5 8415/3/5 8423/3/5 8682/3/5
f 8417/1/5 8416/1/5 8425/1/5 8424/1/5
f 8419/1/2 8681/1/2 8685/1/2 8426/1/2
f 8423/3/1 8429/3/1 8686/3/1 8684/3/1
f 8687/1/2 8688/1/2 8689/1/2 8690/1/2
f 8426/1/3 8685/1/3 8688/1/3 8687/1/3
f 8426/1/5 8687/1/5 8690/1/5 8430/1/5
f 8429/3/1 8435/3/1 8691/3/1 8686/3/1
f 8690/1/2 8689/1/2 8692/1/2 8693/1/2
f 8430/1/5 8690/1/5 8693/1/5 8438/1/5
f 8441/4/2 8694/4/2 8695/4/2 8442/4/2
f 8444/4/1 8443/4/1 8696/4/1 8697/4/1
f 8444/4/3 8697/4/3 8694/4/3 8441/4/3
f 8697/4/6 8696/4/6 8695/4/6 8694/4/6
f 8435/3/1 8446/3/1 8698/3/1 8691/3/1
f 8437/1/5 8436/1/5 8448/1/5 8447/1/5
f 8693/1/2 8692/1/2 8699/1/2 8700/1/2
f 8449/1/4 8700/1/4 8699/1/4 8701/1/4
f 8438/1/5 8693/1/5 8700/1/5 8449/1/5
f 8442/4/2 8695/4/2 8702/4/2 8455/4/2
f 8443/4/1 8452/4/1 8703/4/1 8696/4/1
f 8446/3/1 8457/3/1 8704/3/1 8698/3/1
f 8449/1/2 8701/1/2 8705/1/2 8458/1/2
f 8455/4/2 8702/4/2 8706/4/2 8465/4/2
f 8452/4/1 8463/4/1 8707/4/1 8703/4/1
f 8457/3/1 8467/3/1 8708/3/1 8704/3/1
f 8709/1/2 8710/1/2 8711/1/2 8712/1/2
f 8458/1/3 8705/1/3 8710/1/3 8709/1/3
f 8705/1/6 8713/1/6 8711/1/6 8710/1/6
f 8458/1/5 8709/1/5 8712/1/5 8468/1/5
f 8465/4/2 8706/4/2 8714/4/2 8471/4/2
f 8463/4/1 8472/4/1 8715/4/1 8707/4/1
f 8467/3/1 8474/3/1 8716/3/1 8708/3/1
f 8712/1/2 8711/1/2 8717/1/2 8718/1/2
f 8468/1/5 8712/1/5 8718/1/5 8475/1/5
f 8471/4/2 8714/4/2 8719/4/2 8478/4/2
f 8472/4/1 8479/4/1 8720/4/1 8715/4/1
f 8479/4/4 8478/4/4 8719/4/4 8720/4/4
f 8474/3/1 8481/3/1 8721/3/1 8716/3/1
f 8718/1/2 8717/1/2 8722/1/2 8723/1/2
f 8475/1/5 8718/1/5 8723/1/5 8482/1/5
f 8481/3/1 8486/3/1 8724/3/1 8721/3/1
f 8723/1/2 8722/1/2 8725/1/2 8726/1/2
f 8482/1/5 8723/1/5 8726/1/5 8487/1/5
f 8486/3/1 8491/3/1 8727/3/1 8724/3/1
f 8726/1/2 8725/1/2 8728/1/2 8729/1/2
f 8492/1/4 8729/1/4 8728/1/4 8730/1/4
f 8487/1/5 8726/1/5 8729/1/5 8492/1/5
f 8491/3/1 8496/3/1 8731/3/1 8727/3/1
f 8492/1/2 8730/1/2 8732/1/2 8497/1/2
f 8495/2/1 8733/2/1 8734/2/1 8735/2/1
f 8495/2/3 8735/2/3 8731/2/3 8496/2/3
f 8733/2/4 8501/2/4 8736/2/4 8734/2/4
f 8495/2/5 8496/2/5 8501/2/5 8733/2/5
f 8501/3/4 8502/3/4 8737/3/4 8736/3/4
f 8502/3/4 8503/3/4 8738/3/4 8737/3/4
f 8503/1/4 8504/1/4 8739/1/4 8738/1/4
f 8504/1/4 8505/1/4 8740/1/4 8739/1/4
f 8505/1/4 8506/1/4 8741/1/4 8740/1/4
f 8506/1/4 8507/1/4 8742/1/4 8741/1/4
f 8507/1/4 8508/1/4 8743/1/4 8742/1/4
f 8497/1/2 8732/1/2 8744/1/2 8509/1/2
f 8511/1/4 8509/1/4 8744/1/4 8745/1/4
f 8746/1/6 8745/1/6 8744/1/6 8732/1/6
f 8508/1/1 8514/1/1 8747/1/1 8743/1/1
f 8511/1/2 8745/1/2 8748/1/2 8515/1/2
f 8749/3/1 8750/3/1 8751/3/1 8752/3/1
f 8749/3/3 8752/3/3 8753/3/3 8519/3/3
f 8750/3/4 8518/3/4 8754/3/4 8751/3/4
f 8749/3/5 8519/3/5 8518/3/5 8750/3/5
f 8519/3/3 8753/3/3 8755/3/3 8520/3/3
f 8520/3/3 8755/3/3 8756/3/3 8521/3/3
f 8521/1/3 8756/1/3 8757/1/3 8522/1/3
f 8522/1/3 8757/1/3 8758/1/3 8523/1/3
f 8523/1/3 8758/1/3 8759/1/3 8524/1/3
f 8524/1/3 8759/1/3 8760/1/3 8525/1/3
f 8525/1/3 8760/1/3 8747/1/3 8514/1/3
f 8515/1/2 8748/1/2 8761/1/2 8526/1/2
f 8518/3/1 8529/3/1 8762/3/1 8754/3/1
f 8531/1/2 8763/1/2 8764/1/2 8532/1/2
f 8526/1/3 8761/1/3 8763/1/3 8531/1/3
f 8534/1/4 8532/1/4 8764/1/4 8765/1/4
f 8761/1/6 8765/1/6 8764/1/6 8763/1/6
f 8529/3/1 8537/3/1 8766/3/1 8762/3/1
f 8534/1/2 8765/1/2 8767/1/2 8538/1/2
f 8539/1/4 8538/1/4 8767/1/4 8768/1/4
f 8537/3/1 8540/3/1 8769/3/1 8766/3/1
f 8549/1/4 8550/1/4 8770/1/4 8771/1/4
f 8550/1/4 8552/1/4 8772/1/4 8770/1/4
f 8539/1/2 8768/1/2 8773/1/2 8541/1/2
f 8558/1/4 8541/1/4 8773/1/4 8774/1/4
f 8540/3/1 8546/3/1 8775/3/1 8769/3/1
f 8565/3/4 8566/3/4 8776/3/4 8777/3/4
f 8566/1/4 8568/1/4 8778/1/4 8776/1/4
f 8549/1/2 8771/1/2 8779/1/2 8548/1/2
f 8568/1/4 8548/1/4 8779/1/4 8778/1/4
f 8552/1/1 8551/1/1 8780/1/1 8772/1/1
f 8551/1/4 8554/1/4 8781/1/4 8780/1/4
f 8558/5/2 8774/5/2 8782/5/2 8555/5/2
f 8544/3/1 8560/3/1 8783/3/1 8784/3/1
f 8544/3/3 8784/3/3 8775/3/3 8546/3/3
f 8784/3/6 8783/3/6 8785/3/6 8775/3/6
f 8565/3/2 8777/3/2 8786/3/2 8562/3/2
f 8554/1/1 8573/1/1 8787/1/1 8781/1/1
f 8573/1/4 8575/1/4 8788/1/4 8787/1/4
f 8554/1/5 8553/1/5 8575/1/5 8573/1/5
f 8575/1/4 8576/1/4 8789/1/4 8788/1/4
f 8576/1/4 8593/1/4 8790/1/4 8789/1/4
f 8578/1/4 8577/1/4 8791/1/4 8792/1/4
f 8555/1/2 8782/1/2 8793/1/2 8794/1/2
f 8577/1/4 8794/1/4 8793/1/4 8791/1/4
f 8795/1/6 8791/1/6 8793/1/6 8782/1/6
f 8556/1/5 8555/1/5 8794/1/5 8577/1/5
f 8560/1/1 8796/1/1 8797/1/1 8783/1/1
f 8796/1/4 8798/1/4 8799/1/4 8797/1/4
f 8783/1/6 8797/1/6 8799/1/6 8785/1/6
f 8560/1/5 8561/1/5 8798/1/5 8796/1/5
f 8562/1/2 8786/1/2 8800/1/2 8801/1/2
f 8798/1/4 8801/1/4 8800/1/4 8799/1/4
f 8561/1/5 8562/1/5 8801/1/5 8798/1/5
f 8593/1/1 8592/1/1 8802/1/1 8790/1/1
f 8592/1/4 8594/1/4 8803/1/4 8802/1/4
f 8790/1/6 8802/1/6 8803/1/6 8804/1/6
f 8578/1/2 8792/1/2 8805/1/2 8595/1/2
f 8594/1/4 8595/1/4 8805/1/4 8803/1/4
f 8603/3/2 8806/3/2 8807/3/2 8606/3/2
f 8602/3/1 8601/3/1 8808/3/1 8809/3/1
f 8602/3/3 8809/3/3 8806/3/3 8603/3/3
f 8810/3/2 8811/3/2 8812/3/2 8629/3/2
f 8604/3/1 8605/3/1 8813/3/1 8814/3/1
f 8604/3/3 8814/3/3 8811/3/3 8810/3/3
f 8814/3/6 8813/3/6 8812/3/6 8811/3/6
f 8604/3/5 8810/3/5 8629/3/5 8605/3/5
f 8815/1/2 8816/1/2 8817/1/2 8631/1/2
f 8818/1/1 8630/1/1 8819/1/1 8820/1/1
f 8818/1/3 8820/1/3 8816/1/3 8815/1/3
f 8818/1/5 8815/1/5 8631/1/5 8630/1/5
f 8610/1/1 8609/1/1 8821/1/1 8822/1/1
f 8610/1/3 8822/1/3 8823/1/3 8607/1/3
f 8607/2/3 8823/2/3 8824/2/3 8612/2/3
f 8607/2/5 8612/2/5 8611/2/5 8608/2/5
f 8613/2/2 8825/2/2 8826/2/2 8616/2/2
f 8612/2/3 8824/2/3 8825/2/3 8613/2/3
f 8618/1/1 8617/1/1 8827/1/1 8828/1/1
f 8618/1/3 8828/1/3 8829/1/3 8619/1/3
f 8828/1/6 8827/1/6 8830/1/6 8829/1/6
f 8620/1/2 8831/1/2 8832/1/2 8621/1/2
f 8619/1/3 8829/1/3 8831/1/3 8620/1/3
f 8829/1/6 8830/1/6 8832/1/6 8831/1/6
f 8624/3/2 8833/3/2 8834/3/2 8627/3/2
f 8623/3/1 8622/3/1 8835/3/1 8836/3/1
f 8623/3/3 8836/3/3 8833/3/3 8624/3/3
f 8836/3/6 8835/3/6 8834/3/6 8833/3/6
f 8599/2/1 8628/2/1 8837/2/1 8838/2/1
f 8599/2/3 8838/2/3 8839/2/3 8598/2/3
f 8838/2/6 8837/2/6 8840/2/6 8839/2/6
f 8598/2/3 8839/2/3 8808/2/3 8601/2/3
f 8606/3/3 8807/3/3 8813/3/3 8605/3/3
f 8629/1/3 8812/1/3 8819/1/3 8630/1/3
f 8631/1/3 8817/1/3 8821/1/3 8609/1/3
f 8615/1/2 8841/1/2 8842/1/2 8632/1/2
f 8616/1/3 8826/1/3 8841/1/3 8615/1/3
f 8617/1/1 8633/1/1 8843/1/1 8827/1/1
f 8827/1/6 8843/1/6 8844/1/6 8830/1/6
f 8830/1/6 8844/1/6 8845/1/6 8832/1/6
f 8621/1/3 8832/1/3 8835/1/3 8622/1/3
f 8832/1/6 8845/1/6 8846/1/6 8835/1/6
f 8835/1/6 8846/1/6 8847/1/6 8834/1/6
f 8626/1/2 8848/1/2 8849/1/2 8636/1/2
f 8627/1/3 8834/1/3 8848/1/3 8626/1/3
f 8834/1/6 8847/1/6 8849/1/6 8848/1/6
f 8628/3/1 8637/3/1 8850/3/1 8837/3/1
f 8837/3/6 8850/3/6 8851/3/6 8840/3/6
f 8632/1/3 8842/1/3 8843/1/3 8633/1/3
f 8842/1/6 8852/1/6 8853/1/6 8843/1/6
f 8846/1/6 8854/1/6 8855/1/6 8847/1/6
f 8636/1/2 8849/1/2 8856/1/2 8638/1/2
f 8847/1/6 8855/1/6 8856/1/6 8849/1/6
f 8637/3/1 8639/3/1 8857/3/1 8850/3/1
f 8850/3/6 8857/3/6 8858/3/6 8851/3/6
f 8638/1/2 8856/1/2 8859/1/2 8640/1/2
f 8639/3/1 8641/3/1 8860/3/1 8857/3/1
f 8857/3/6 8860/3/6 8861/3/6 8858/3/6
f 8640/1/2 8859/1/2 8862/1/2 8642/1/2
f 8641/3/1 8644/3/1 8863/3/1 8860/3/1
f 8644/3/4 8645/3/4 8864/3/4 8863/3/4
f 8860/3/6 8863/3/6 8864/3/6 8861/3/6
f 8865/1/2 8866/1/2 8867/1/2 8868/1/2
f 8642/1/3 8862/1/3 8866/1/3 8865/1/3
f 8862/1/6 8869/1/6 8867/1/6 8866/1/6
f 8642/1/5 8865/1/5 8868/1/5 8646/1/5
f 8645/3/1 8647/3/1 8870/3/1 8864/3/1
f 8868/1/2 8867/1/2 8871/1/2 8872/1/2
f 8648/1/4 8872/1/4 8871/1/4 8873/1/4
f 8646/1/5 8868/1/5 8872/1/5 8648/1/5
f 8874/4/1 8875/4/1 8876/4/1 8877/4/1
f 8874/4/3 8877/4/3 8870/4/3 8647/4/3
f 8877/4/6 8876/4/6 8878/4/6 8870/4/6
f 8874/4/5 8647/4/5 8649/4/5 8875/4/5
f 8648/1/2 8873/1/2 8879/1/2 8650/1/2
f 8875/4/1 8880/4/1 8881/4/1 8876/4/1
f 8880/4/4 8651/4/4 8882/4/4 8881/4/4
f 8875/4/5 8649/4/5 8651/4/5 8880/4/5
f 8652/1/2 8883/1/2 8884/1/2 8653/1/2
f 8650/1/3 8879/1/3 8883/1/3 8652/1/3
f 8657/1/4 8653/1/4 8884/1/4 8885/1/4
f 8651/3/1 8654/3/1 8886/3/1 8882/3/1
f 8657/1/2 8885/1/2 8887/1/2 8656/1/2
f 8654/2/1 8662/2/1 8888/2/1 8886/2/1
f 8656/1/2 8887/1/2 8889/1/2 8663/1/2
f 8660/3/1 8668/3/1 8890/3/1 8891/3/1
f 8660/3/3 8891/3/3 8888/3/3 8662/3/3
f 8671/1/2 8892/1/2 8893/1/2 8672/1/2
f 8663/1/3 8889/1/3 8892/1/3 8671/1/3
f 8666/4/1 8674/4/1 8894/4/1 8895/4/1
f 8666/4/3 8895/4/3 8890/4/3 8668/4/3
f 8672/1/2 8893/1/2 8896/1/2 8677/1/2
f 8678/1/4 8677/1/4 8896/1/4 8897/1/4
f 8674/4/1 8898/4/1 8899/4/1 8894/4/1
f 8898/4/4 8680/4/4 8900/4/4 8899/4/4
f 8894/4/6 8899/4/6 8900/4/6 8901/4/6
f 8674/4/5 8676/4/5 8680/4/5 8898/4/5
f 8678/1/2 8897/1/2 8902/1/2 8681/1/2
f 8680/3/1 8683/3/1 8903/3/1 8900/3/1
f 8904/1/2 8905/1/2 8906/1/2 8688/1/2
f 8681/1/3 8902/1/3 8905/1/3 8904/1/3
f 8681/1/5 8904/1/5 8688/1/5 8685/1/5
f 8907/4/1 8908/4/1 8909/4/1 8910/4/1
f 8907/4/3 8910/4/3 8903/4/3 8683/4/3
f 8908/4/4 8911/4/4 8912/4/4 8909/4/4
f 8907/4/5 8683/4/5 8911/4/5 8908/4/5
f 8911/3/4 8686/3/4 8913/3/4 8912/3/4
f 8683/3/5 8684/3/5 8686/3/5 8911/3/5
f 8688/1/2 8906/1/2 8914/1/2 8689/1/2
f 8686/3/1 8691/3/1 8915/3/1 8913/3/1
f 8689/1/2 8914/1/2 8916/1/2 8692/1/2
f 8691/3/1 8698/3/1 8917/3/1 8915/3/1
f 8692/1/2 8916/1/2 8918/1/2 8699/1/2
f 8919/1/6 8920/1/6 8918/1/6 8916/1/6
f 8695/4/2 8921/4/2 8922/4/2 8702/4/2
f 8696/4/1 8703/4/1 8923/4/1 8924/4/1
f 8696/4/3 8924/4/3 8921/4/3 8695/4/3
f 8924/4/6 8923/4/6 8922/4/6 8921/4/6
f 8698/3/1 8704/3/1 8925/3/1 8917/3/1
f 8699/1/2 8918/1/2 8926/1/2 8710/1/2
f 8705/1/4 8710/1/4 8926/1/4 8927/1/4
f 8920/1/6 8927/1/6 8926/1/6 8918/1/6
f 8701/1/5 8699/1/5 8710/1/5 8705/1/5
f 8702/4/2 8922/4/2 8928/4/2 8706/4/2
f 8703/4/1 8707/4/1 8929/4/1 8923/4/1
f 8923/4/6 8929/4/6 8928/4/6 8922/4/6
f 8704/3/1 8708/3/1 8930/3/1 8925/3/1
f 8705/1/2 8927/1/2 8931/1/2 8713/1/2
f 8706/4/2 8928/4/2 8932/4/2 8714/4/2
f 8707/4/1 8715/4/1 8933/4/1 8929/4/1
f 8929/4/6 8933/4/6 8932/4/6 8928/4/6
f 8708/3/1 8716/3/1 8934/3/1 8930/3/1
f 8711/1/2 8935/1/2 8936/1/2 8717/1/2
f 8713/1/3 8931/1/3 8935/1/3 8711/1/3
f 8931/1/6 8937/1/6 8936/1/6 8935/1/6
f 8715/4/1 8720/4/1 8938/4/1 8933/4/1
f 8720/4/4 8719/4/4 8939/4/4 8938/4/4
f 8933/4/6 8938/4/6 8939/4/6 8932/4/6
f 8714/4/3 8932/4/3 8940/4/3 8941/4/3
f 8719/4/4 8942/4/4 8943/4/4 8939/4/4
f 8714/4/5 8941/4/5 8942/4/5 8719/4/5
f 8944/4/2 8945/4/2 8946/4/2 8947/4/2
f 8941/4/3 8940/4/3 8945/4/3 8944/4/3
f 8942/4/4 8947/4/4 8946/4/4 8943/4/4
f 8941/4/5 8944/4/5 8947/4/5 8942/4/5
f 8948/3/1 8949/3/1 8950/3/1 8951/3/1
f 8948/3/3 8951/3/3 8934/3/3 8716/3/3
f 8948/3/5 8716/3/5 8721/3/5 8949/3/5
f 8717/1/2 8936/1/2 8952/1/2 8722/1/2
f 8937/1/6 8953/1/6 8952/1/6 8936/1/6
f 8949/3/1 8954/3/1 8955/3/1 8950/3/1
f 8949/3/5 8721/3/5 8724/3/5 8954/3/5
f 8722/1/2 8952/1/2 8956/1/2 8725/1/2
f 8954/3/1 8957/3/1 8958/3/1 8955/3/1
f 8957/3/4 8727/3/4 8959/3/4 8958/3/4
f 8955/3/6 8958/3/6 8959/3/6 8960/3/6
f 8954/3/5 8724/3/5 8727/3/5 8957/3/5
f 8725/1/2 8956/1/2 8961/1/2 8728/1/2
f 8730/1/4 8728/1/4 8961/1/4 8962/1/4
f 8727/3/1 8731/3/1 8963/3/1 8959/3/1
f 8730/1/2 8962/1/2 8964/1/2 8732/1/2
f 8746/1/4 8732/1/4 8964/1/4 8965/1/4
f 8735/3/1 8734/3/1 8966/3/1 8967/3/1
f 8735/3/3 8967/3/3 8963/3/3 8731/3/3
f 8734/3/4 8736/3/4 8968/3/4 8966/3/4
f 8736/3/4 8737/3/4 8969/3/4 8968/3/4
f 8737/3/4 8738/3/4 8970/3/4 8969/3/4
f 8738/1/4 8739/1/4 8971/1/4 8970/1/4
f 8739/1/4 8740/1/4 8972/1/4 8971/1/4
f 8740/1/4 8741/1/4 8973/1/4 8972/1/4
f 8741/1/4 8742/1/4 8974/1/4 8973/1/4
f 8742/1/4 8743/1/4 8975/1/4 8974/1/4
f 8746/1/2 8965/1/2 8976/1/2 8745/1/2
f 8743/1/1 8747/1/1 8977/1/1 8975/1/1
f 8744/1/2 8978/1/2 8979/1/2 8980/1/2
f 8745/1/3 8976/1/3 8978/1/3 8744/1/3
f 8748/1/4 8980/1/4 8979/1/4 8981/1/4
f 8745/1/5 8744/1/5 8980/1/5 8748/1/5
f 8752/2/1 8751/2/1 8982/2/1 8983/2/1
f 8752/2/3 8983/2/3 8984/2/3 8753/2/3
f 8753/3/3 8984/3/3 8985/3/3 8755/3/3
f 8755/3/3 8985/3/3 8986/3/3 8756/3/3
f 8756/1/3 8986/1/3 8987/1/3 8757/1/3
f 8757/1/3 8987/1/3 8988/1/3 8758/1/3
f 8758/1/3 8988/1/3 8989/1/3 8759/1/3
f 8759/1/3 8989/1/3 8990/1/3 8760/1/3
f 8760/1/3 8990/1/3 8977/1/3 8747/1/3
f 8748/1/2 8981/1/2 8991/1/2 8761/1/2
f 8751/3/1 8992/3/1 8993/3/1 8982/3/1
f 8992/3/4 8762/3/4 8994/3/4 8993/3/4
f 8751/3/5 8754/3/5 8762/3/5 8992/3/5
f 8761/1/2 8991/1/2 8995/1/2 8765/1/2
f 8762/3/1 8766/3/1 8996/3/1 8994/3/1
f 8765/1/2 8995/1/2 8997/1/2 8767/1/2
f 8768/1/4 8767/1/4 8997/1/4 8998/1/4
f 8999/3/1 9000/3/1 9001/3/1 9002/3/1
f 8999/3/3 9002/3/3 8996/3/3 8766/3/3
f 8999/3/5 8766/3/5 8769/3/5 9000/3/5
f 9003/1/6 9004/1/6 9005/1/6 9006/1/6
f 8771/1/4 8770/1/4 9007/1/4 9008/1/4
f 8768/1/2 8998/1/2 9009/1/2 8773/1/2
f 8774/1/4 8773/1/4 9009/1/4 9010/1/4
f 9000/3/1 8784/3/1 9011/3/1 9001/3/1
f 8784/3/4 8775/3/4 9012/3/4 9011/3/4
f 9000/3/5 8769/3/5 8775/3/5 8784/3/5
f 8777/2/4 8776/2/4 9013/2/4 9014/2/4
f 9015/2/6 9014/2/6 9013/2/6 9004/2/6
f 9004/1/6 9013/1/6 9016/1/6 9005/1/6
f 8771/1/2 9008/1/2 9017/1/2 8779/1/2
f 8778/1/4 8779/1/4 9017/1/4 9016/1/4
f 9005/1/6 9016/1/6 9017/1/6 9008/1/6
f 8770/1/1 9018/1/1 9019/1/1 9007/1/1
f 9018/1/4 8780/1/4 9020/1/4 9019/1/4
f 8770/1/5 8772/1/5 8780/1/5 9018/1/5
f 8774/5/2 9010/5/2 9021/5/2 8782/5/2
f 8795/5/4 8782/5/4 9021/5/4 9022/5/4
f 8777/3/2 9014/3/2 9023/3/2 8786/3/2
f 8775/3/1 8785/3/1 9024/3/1 9012/3/1
f 9012/3/6 9024/3/6 9023/3/6 9014/3/6
f 8778/2/2 9016/2/2 9025/2/2 9026/2/2
f 8776/2/1 9027/2/1 9028/2/1 9013/2/1
f 9027/2/4 9026/2/4 9025/2/4 9028/2/4
f 9013/2/6 9028/2/6 9025/2/6 9016/2/6
f 8776/2/5 8778/2/5 9026/2/5 9027/2/5
f 8780/1/1 9029/1/1 9030/1/1 9020/1/1
f 9029/1/4 8787/1/4 9031/1/4 9030/1/4
f 8780/1/5 8781/1/5 8787/1/5 9029/1/5
f 8787/1/4 8788/1/4 9032/1/4 9031/1/4
f 8789/1/4 8790/1/4 9033/1/4 9034/1/4
f 8790/5/4 8804/5/4 9035/5/4 9033/5/4
f 8795/5/2 9022/5/2 9036/5/2 8791/5/2
f 8786/1/2 9023/1/2 9037/1/2 8800/1/2
f 8785/1/1 8799/1/1 9038/1/1 9024/1/1
f 8799/1/4 8800/1/4 9037/1/4 9038/1/4
f 9024/1/6 9038/1/6 9037/1/6 9023/1/6
f 8789/1/2 9034/1/2 9039/1/2 9040/1/2
f 8788/1/1 9041/1/1 9042/1/1 9032/1/1
f 9041/1/4 9040/1/4 9039/1/4 9042/1/4
f 8788/1/5 8789/1/5 9040/1/5 9041/1/5
f 8804/1/1 8803/1/1 9043/1/1 9035/1/1
f 8803/1/4 8805/1/4 9044/1/4 9043/1/4
f 8791/1/2 9036/1/2 9045/1/2 9046/1/2
f 8805/1/4 9046/1/4 9045/1/4 9044/1/4
f 8792/1/5 8791/1/5 9046/1/5 8805/1/5
f 9047/2/1 8839/2/1 9048/2/1 9049/2/1
f 9047/2/3 9049/2/3 9050/2/3 8809/2/3
f 9047/2/5 8809/2/5 8808/2/5 8839/2/5
f 8806/2/2 9051/2/2 9052/2/2 8807/2/2
f 8809/2/3 9050/2/3 9051/2/3 8806/2/3
f 9050/2/6 9053/2/6 9052/2/6 9051/2/6
f 8816/1/2 9054/1/2 9055/1/2 8817/1/2
f 8820/1/1 8819/1/1 9056/1/1 9057/1/1
f 8820/1/3 9057/1/3 9054/1/3 8816/1/3
f 8822/1/1 8821/1/1 9058/1/1 9059/1/1
f 8822/1/3 9059/1/3 9060/1/3 8823/1/3
f 8823/2/3 9060/2/3 9061/2/3 8824/2/3
f 8825/2/2 9062/2/2 9063/2/2 8826/2/2
f 8824/2/3 9061/2/3 9062/2/3 8825/2/3
f 9061/2/6 9064/2/6 9063/2/6 9062/2/6
f 8839/3/1 8840/3/1 9065/3/1 9048/3/1
f 8807/3/3 9052/3/3 9066/3/3 8813/3/3
f 8813/3/3 9066/3/3 9067/3/3 8812/3/3
f 8812/1/3 9067/1/3 9056/1/3 8819/1/3
f 8817/1/3 9055/1/3 9058/1/3 8821/1/3
f 8841/2/2 9068/2/2 9069/2/2 8842/2/2
f 8826/2/3 9063/2/3 9068/2/3 8841/2/3
f 9063/2/6 9070/2/6 9069/2/6 9068/2/6
f 8840/3/1 8851/3/1 9071/3/1 9065/3/1
f 8842/1/2 9069/1/2 9072/1/2 8852/1/2
f 8843/1/1 8853/1/1 9073/1/1 9074/1/1
f 8843/1/3 9074/1/3 9075/1/3 8844/1/3
f 8844/1/3 9075/1/3 9076/1/3 8845/1/3
f 9075/1/6 9077/1/6 9078/1/6 9076/1/6
f 8846/1/2 9079/1/2 9080/1/2 8854/1/2
f 8845/1/3 9076/1/3 9079/1/3 8846/1/3
f 9076/1/6 9078/1/6 9080/1/6 9079/1/6
f 8851/3/1 8858/3/1 9081/3/1 9071/3/1
f 8852/1/3 9072/1/3 9073/1/3 8853/1/3
f 8854/1/3 9080/1/3 9082/1/3 8855/1/3
f 8855/1/3 9082/1/3 9083/1/3 8856/1/3
f 9082/1/6 9084/1/6 9085/1/6 9083/1/6
f 9086/1/2 9087/1/2 9088/1/2 9089/1/2
f 8856/1/3 9083/1/3 9087/1/3 9086/1/3
f 8859/1/4 9089/1/4 9088/1/4 9085/1/4
f 9083/1/6 9085/1/6 9088/1/6 9087/1/6
f 8856/1/5 9086/1/5 9089/1/5 8859/1/5
f 8858/3/1 8861/3/1 9090/3/1 9081/3/1
f 8859/1/2 9085/1/2 9091/1/2 8862/1/2
f 9084/1/6 9092/1/6 9091/1/6 9085/1/6
f 8861/3/1 8864/3/1 9093/3/1 9090/3/1
f 8862/1/2 9091/1/2 9094/1/2 8869/1/2
f 8864/3/1 8870/3/1 9095/3/1 9093/3/1
f 8867/1/2 9096/1/2 9097/1/2 8871/1/2
f 8869/1/3 9094/1/3 9096/1/3 8867/1/3
f 9094/1/6 9098/1/6 9097/1/6 9096/1/6
f 8870/3/1 8878/3/1 9099/3/1 9095/3/1
f 8871/1/2 9097/1/2 9100/1/2 8883/1/2
f 9098/1/6 9101/1/6 9100/1/6 9097/1/6
f 8873/1/5 8871/1/5 8883/1/5 8879/1/5
f 8876/4/1 8881/4/1 9102/4/1 9103/4/1
f 8876/4/3 9103/4/3 9099/4/3 8878/4/3
f 8881/4/4 8882/4/4 9104/4/4 9102/4/4
f 9103/4/6 9102/4/6 9104/4/6 9099/4/6
f 8883/1/2 9100/1/2 9105/1/2 8884/1/2
f 8882/3/1 8886/3/1 9106/3/1 9104/3/1
f 8884/1/2 9105/1/2 9107/1/2 9108/1/2
f 8885/1/5 8884/1/5 9108/1/5 8887/1/5
f 8886/3/1 8888/3/1 9109/3/1 9106/3/1
f 9108/1/2 9107/1/2 9110/1/2 8892/1/2
f 8887/1/5 9108/1/5 8892/1/5 8889/1/5
f 9111/4/1 8895/4/1 9112/4/1 9113/4/1
f 9111/4/3 9113/4/3 9114/4/3 8891/4/3
f 9113/4/6 9112/4/6 9115/4/6 9114/4/6
f 9111/4/5 8891/4/5 8890/4/5 8895/4/5
f 8891/3/3 9114/3/3 9109/3/3 8888/3/3
f 9114/3/6 9115/3/6 9116/3/6 9109/3/6
f 8892/1/2 9110/1/2 9117/1/2 8893/1/2
f 8895/4/1 8894/4/1 9118/4/1 9112/4/1
f 8894/4/4 8901/4/4 9119/4/4 9118/4/4
f 8893/1/2 9117/1/2 9120/1/2 8896/1/2
f 8897/1/4 8896/1/4 9120/1/4 9121/1/4
f 9122/1/6 9121/1/6 9120/1/6 9117/1/6
f 8901/3/1 8900/3/1 9123/3/1 9119/3/1
f 8897/1/2 9121/1/2 9124/1/2 8902/1/2
f 8899/4/1 8910/4/1 9125/4/1 9126/4/1
f 8899/4/3 9126/4/3 9123/4/3 8900/4/3
f 8899/4/5 8900/4/5 8903/4/5 8910/4/5
f 8905/1/2 9127/1/2 9128/1/2 8906/1/2
f 8902/1/3 9124/1/3 9127/1/3 8905/1/3
f 8910/4/1 8909/4/1 9129/4/1 9125/4/1
f 8909/4/4 8912/4/4 9130/4/4 9129/4/4
f 8906/1/2 9128/1/2 9131/1/2 8914/1/2
f 8912/4/1 9132/4/1 9133/4/1 9130/4/1
f 8912/4/5 8913/4/5 8915/4/5 9132/4/5
f 8914/1/2 9131/1/2 9134/1/2 8916/1/2
f 8919/1/4 8916/1/4 9134/1/4 9135/1/4
f 9136/1/6 9135/1/6 9134/1/6 9131/1/6
f 9137/4/2 9138/4/2 9139/4/2 9140/4/2
f 9141/4/1 8921/4/1 9142/4/1 9143/4/1
f 9141/4/3 9143/4/3 9138/4/3 9137/4/3
f 9143/4/6 9142/4/6 9139/4/6 9138/4/6
f 9141/4/5 9137/4/5 9140/4/5 8921/4/5
f 9132/3/1 9144/3/1 9145/3/1 9133/3/1
f 9133/3/6 9145/3/6 9146/3/6 9147/3/6
f 9132/3/5 8915/3/5 8917/3/5 9144/3/5
f 8919/1/2 9135/1/2 9148/1/2 8920/1/2
f 8921/4/1 8922/4/1 9149/4/1 9142/4/1
f 9142/4/6 9149/4/6 9150/4/6 9139/4/6
f 8921/4/5 9140/4/5 9151/4/5 8922/4/5
f 9152/4/2 9153/4/2 9154/4/2 9155/4/2
f 9140/4/3 9139/4/3 9153/4/3 9152/4/3
f 9139/4/6 9150/4/6 9154/4/6 9153/4/6
f 9140/4/5 9152/4/5 9155/4/5 9151/4/5
f 9144/3/1 9156/3/1 9157/3/1 9145/3/1
f 9144/3/5 8917/3/5 8925/3/5 9156/3/5
f 8920/1/2 9148/1/2 9158/1/2 8927/1/2
f 8922/4/1 8928/4/1 9159/4/1 9149/4/1
f 9149/4/6 9159/4/6 9160/4/6 9150/4/6
f 8922/4/5 9151/4/5 9161/4/5 8928/4/5
f 9155/4/2 9154/4/2 9162/4/2 9163/4/2
f 9151/4/5 9155/4/5 9163/4/5 9161/4/5
f 9156/3/1 9164/3/1 9165/3/1 9157/3/1
f 9164/3/4 8930/3/4 9166/3/4 9165/3/4
f 9156/3/5 8925/3/5 8930/3/5 9164/3/5
f 8927/1/2 9158/1/2 9167/1/2 8931/1/2
f 8928/4/1 8932/4/1 9168/4/1 9159/4/1
f 9159/4/6 9168/4/6 9169/4/6 9160/4/6
f 8928/4/5 9161/4/5 8940/4/5 8932/4/5
f 9163/4/2 9162/4/2 9170/4/2 8945/4/2
f 9161/4/5 9163/4/5 8945/4/5 8940/4/5
f 8930/3/1 8934/3/1 9171/3/1 9166/3/1
f 8931/1/2 9167/1/2 9172/1/2 8937/1/2
f 8932/4/1 8939/4/1 9173/4/1 9168/4/1
f 8939/4/4 8943/4/4 9174/4/4 9173/4/4
f 9168/4/6 9173/4/6 9174/4/6 9169/4/6
f 8945/4/2 9170/4/2 9175/4/2 8946/4/2
f 8943/4/4 8946/4/4 9175/4/4 9174/4/4
f 8951/3/1 8950/3/1 9176/3/1 9177/3/1
f 8951/3/3 9177/3/3 9171/3/3 8934/3/3
f 9177/3/6 9176/3/6 9178/3/6 9171/3/6
f 8937/1/2 9172/1/2 9179/1/2 8953/1/2
f 8950/3/1 8955/3/1 9180/3/1 9176/3/1
f 8955/3/4 8960/3/4 9181/3/4 9180/3/4
f 8952/1/2 9182/1/2 9183/1/2 8956/1/2
f 8953/1/3 9179/1/3 9182/1/3 8952/1/3
f 8960/3/1 8959/3/1 9184/3/1 9181/3/1
f 8956/1/2 9183/1/2 9185/1/2 8961/1/2
f 8962/1/4 8961/1/4 9185/1/4 9186/1/4
f 8959/3/1 8963/3/1 9187/3/1 9184/3/1
f 8962/1/2 9186/1/2 9188/1/2 8964/1/2
f 8965/1/4 8964/1/4 9188/1/4 9189/1/4
f 8967/3/1 8966/3/1 9190/3/1 9191/3/1
f 8967/3/3 9191/3/3 9187/3/3 8963/3/3
f 8966/3/4 8968/3/4 9192/3/4 9190/3/4
f 9191/3/6 9190/3/6 9192/3/6 9187/3/6
f 8968/3/4 8969/3/4 9193/3/4 9192/3/4
f 8969/3/4 8970/3/4 9194/3/4 9193/3/4
f 8970/1/4 8971/1/4 9195/1/4 9194/1/4
f 8971/1/4 8972/1/4 9196/1/4 9195/1/4
f 8972/1/4 8973/1/4 9197/1/4 9196/1/4
f 8973/1/4 8974/1/4 9198/1/4 9197/1/4
f 8974/1/4 8975/1/4 9199/1/4 9198/1/4
f 8965/1/2 9189/1/2 9200/1/2 8976/1/2
f 8975/1/1 8977/1/1 9201/1/1 9199/1/1
f 8978/1/2 9202/1/2 9203/1/2 8979/1/2
f 8976/1/3 9200/1/3 9202/1/3 8978/1/3
f 8983/2/1 8982/2/1 9204/2/1 9205/2/1
f 8983/2/3 9205/2/3 9206/2/3 8984/2/3
f 9205/2/6 9204/2/6 9207/2/6 9206/2/6
f 8984/3/3 9206/3/3 9208/3/3 8985/3/3
f 8985/3/3 9208/3/3 9209/3/3 8986/3/3
f 8986/1/3 9209/1/3 9210/1/3 8987/1/3
f 8987/1/3 9210/1/3 9211/1/3 8988/1/3
f 8988/1/3 9211/1/3 9212/1/3 8989/1/3
f 8989/1/3 9212/1/3 9213/1/3 8990/1/3
f 8990/1/3 9213/1/3 9201/1/3 8977/1/3
f 8979/1/2 9203/1/2 9214/1/2 9215/1/2
f 8991/1/4 9215/1/4 9214/1/4 9216/1/4
f 8981/1/5 8979/1/5 9215/1/5 8991/1/5
f 8982/2/1 8993/2/1 9217/2/1 9204/2/1
f 8993/2/4 8994/2/4 9218/2/4 9217/2/4
f 9204/2/6 9217/2/6 9218/2/6 9207/2/6
f 8991/1/2 9216/1/2 9219/1/2 8995/1/2
f 8994/3/1 8996/3/1 9220/3/1 9218/3/1
f 9003/1/4 9006/1/4 9221/1/4 9222/1/4
f 8995/1/2 9219/1/2 9223/1/2 8997/1/2
f 9002/3/1 9001/3/1 9224/3/1 9225/3/1
f 9002/3/3 9225/3/3 9220/3/3 8996/3/3
f 9003/3/2 9222/3/2 9226/3/2 9004/3/2
f 9015/3/4 9004/3/4 9226/3/4 9227/3/4
f 9006/1/1 9005/1/1 9228/1/1 9221/1/1
f 9005/1/4 9008/1/4 9229/1/4 9228/1/4
f 9008/2/4 9007/2/4 9230/2/4 9229/2/4
f 8997/1/2 9223/1/2 9231/1/2 9232/1/2
f 9009/1/4 9232/1/4 9231/1/4 9233/1/4
f 8998/1/5 8997/1/5 9232/1/5 9009/1/5
f 9001/3/1 9011/3/1 9234/3/1 9224/3/1
f 9011/3/4 9012/3/4 9235/3/4 9234/3/4
f 9015/3/2 9227/3/2 9236/3/2 9014/3/2
f 9012/3/4 9014/3/4 9236/3/4 9235/3/4
f 9007/2/1 9019/2/1 9237/2/1 9230/2/1
f 9230/2/6 9237/2/6 9238/2/6 9239/2/6
f 9009/13/2 9233/13/2 9240/13/2 9241/13/2
f 9010/13/5 9009/13/5 9241/13/5 9021/13/5
f 9019/1/1 9242/1/1 9243/1/1 9237/1/1
f 9242/1/4 9030/1/4 9244/1/4 9243/1/4
f 9237/1/6 9243/1/6 9244/1/6 9238/1/6
f 9019/1/5 9020/1/5 9030/1/5 9242/1/5
f 9030/2/4 9031/2/4 9245/2/4 9244/2/4
f 9238/2/6 9244/2/6 9245/2/6 9246/2/6
f 9031/2/4 9032/2/4 9247/2/4 9245/2/4
f 9246/2/6 9245/2/6 9247/2/6 9248/2/6
f 9033/5/4 9035/5/4 9249/5/4 9250/5/4
f 9036/1/4 9251/1/4 9252/1/4 9253/1/4
f 9022/1/5 9021/1/5 9251/1/5 9036/1/5
f 9241/2/2 9240/2/2 9254/2/2 9255/2/2
f 9251/2/4 9255/2/4 9254/2/4 9252/2/4
f 9021/2/5 9241/2/5 9255/2/5 9251/2/5
f 9032/1/1 9042/1/1 9256/1/1 9247/1/1
f 9042/1/4 9039/1/4 9257/1/4 9256/1/4
f 9033/1/2 9250/1/2 9258/1/2 9259/1/2
f 9039/1/4 9259/1/4 9258/1/4 9257/1/4
f 9034/1/5 9033/1/5 9259/1/5 9039/1/5
f 9035/1/1 9043/1/1 9260/1/1 9249/1/1
f 9043/1/4 9044/1/4 9261/1/4 9260/1/4
f 9036/2/2 9253/2/2 9262/2/2 9045/2/2
f 9044/2/4 9045/2/4 9262/2/4 9261/2/4
f 9263/2/6 9261/2/6 9262/2/6 9253/2/6
f 9050/3/2 9264/3/2 9265/3/2 9053/3/2
f 9049/3/1 9048/3/1 9266/3/1 9267/3/1
f 9049/3/3 9267/3/3 9264/3/3 9050/3/3
f 9268/3/2 9269/3/2 9270/3/2 9066/3/2
f 9051/3/1 9052/3/1 9271/3/1 9272/3/1
f 9051/3/3 9272/3/3 9269/3/3 9268/3/3
f 9051/3/5 9268/3/5 9066/3/5 9052/3/5
f 9273/1/1 9067/1/1 9274/1/1 9275/1/1
f 9273/1/3 9275/1/3 9276/1/3 9057/1/3
f 9273/1/5 9057/1/5 9056/1/5 9067/1/5
f 9054/1/2 9277/1/2 9278/1/2 9055/1/2
f 9057/1/3 9276/1/3 9277/1/3 9054/1/3
f 9059/1/1 9058/1/1 9279/1/1 9280/1/1
f 9059/1/3 9280/1/3 9281/1/3 9060/1/3
f 9061/2/2 9282/2/2 9283/2/2 9064/2/2
f 9060/2/3 9281/2/3 9282/2/3 9061/2/3
f 9048/3/1 9065/3/1 9284/3/1 9266/3/1
f 9053/2/3 9265/2/3 9271/2/3 9052/2/3
f 9066/3/3 9270/3/3 9274/3/3 9067/3/3
f 9055/1/3 9278/1/3 9279/1/3 9058/1/3
f 9063/1/2 9285/1/2 9286/1/2 9070/1/2
f 9064/1/3 9283/1/3 9285/1/3 9063/1/3
f 9065/3/1 9071/3/1 9287/3/1 9284/3/1
f 9069/1/2 9288/1/2 9289/1/2 9072/1/2
f 9070/1/3 9286/1/3 9288/1/3 9069/1/3
f 9075/2/2 9290/2/2 9291/2/2 9077/2/2
f 9074/2/1 9073/2/1 9292/2/1 9293/2/1
f 9074/2/3 9293/2/3 9290/2/3 9075/2/3
f 9071/3/1 9081/3/1 9294/3/1 9287/3/1
f 9072/2/3 9289/2/3 9292/2/3 9073/2/3
f 9077/1/3 9291/1/3 9295/1/3 9078/1/3
f 9078/1/3 9295/1/3 9296/1/3 9080/1/3
f 9295/1/6 9297/1/6 9298/1/6 9296/1/6
f 9082/1/2 9299/1/2 9300/1/2 9084/1/2
f 9080/1/3 9296/1/3 9299/1/3 9082/1/3
f 9081/3/1 9090/3/1 9301/3/1 9294/3/1
f 9084/1/2 9300/1/2 9302/1/2 9092/1/2
f 9088/1/2 9303/1/2 9304/1/2 9305/1/2
f 9085/1/1 9091/1/1 9306/1/1 9307/1/1
f 9085/1/3 9307/1/3 9303/1/3 9088/1/3
f 9091/1/4 9305/1/4 9304/1/4 9306/1/4
f 9307/1/6 9306/1/6 9304/1/6 9303/1/6
f 9085/1/5 9088/1/5 9305/1/5 9091/1/5
f 9090/3/1 9093/3/1 9308/3/1 9301/3/1
f 9091/1/2 9306/1/2 9309/1/2 9094/1/2
f 9092/1/3 9302/1/3 9306/1/3 9091/1/3
f 9310/3/1 9311/3/1 9312/3/1 9313/3/1
f 9310/3/3 9313/3/3 9308/3/3 9093/3/3
f 9311/3/4 9095/3/4 9314/3/4 9312/3/4
f 9313/3/6 9312/3/6 9314/3/6 9308/3/6
f 9310/3/5 9093/3/5 9095/3/5 9311/3/5
f 9094/1/2 9309/1/2 9315/1/2 9098/1/2
f 9095/3/1 9099/3/1 9316/3/1 9314/3/1
f 9314/3/6 9316/3/6 9317/3/6 9318/3/6
f 9098/1/2 9315/1/2 9319/1/2 9101/1/2
f 9099/3/1 9104/3/1 9320/3/1 9316/3/1
f 9316/3/6 9320/3/6 9321/3/6 9317/3/6
f 9100/1/2 9322/1/2 9323/1/2 9105/1/2
f 9101/1/3 9319/1/3 9322/1/3 9100/1/3
f 9104/3/1 9106/3/1 9324/3/1 9320/3/1
f 9320/3/6 9324/3/6 9325/3/6 9321/3/6
f 9105/1/2 9323/1/2 9326/1/2 9107/1/2
f 9106/3/1 9109/3/1 9327/3/1 9324/3/1
f 9324/3/6 9327/3/6 9328/3/6 9325/3/6
f 9107/1/2 9326/1/2 9329/1/2 9110/1/2
f 9109/3/1 9116/3/1 9330/3/1 9327/3/1
f 9110/1/2 9329/1/2 9331/1/2 9117/1/2
f 9122/1/4 9117/1/4 9331/1/4 9332/1/4
f 9112/4/1 9118/4/1 9333/4/1 9334/4/1
f 9112/4/3 9334/4/3 9335/4/3 9115/4/3
f 9115/3/3 9335/3/3 9330/3/3 9116/3/3
f 9122/1/2 9332/1/2 9336/1/2 9121/1/2
f 9118/4/1 9126/4/1 9337/4/1 9333/4/1
f 9118/4/5 9119/4/5 9123/4/5 9126/4/5
f 9121/1/2 9336/1/2 9338/1/2 9124/1/2
f 9126/4/1 9125/4/1 9339/4/1 9337/4/1
f 9127/1/2 9340/1/2 9341/1/2 9128/1/2
f 9124/1/3 9338/1/3 9340/1/3 9127/1/3
f 9125/4/1 9129/4/1 9342/4/1 9339/4/1
f 9129/4/4 9130/4/4 9343/4/4 9342/4/4
f 9339/4/6 9342/4/6 9343/4/6 9344/4/6
f 9344/3/6 9343/3/6 9345/3/6 9346/3/6
f 9128/1/2 9341/1/2 9347/1/2 9131/1/2
f 9136/1/4 9131/1/4 9347/1/4 9348/1/4
f 9130/4/1 9133/4/1 9349/4/1 9343/4/1
f 9133/4/4 9147/4/4 9350/4/4 9349/4/4
f 9343/4/6 9349/4/6 9350/4/6 9345/4/6
f 9351/1/6 9352/1/6 9353/1/6 9354/1/6
f 9354/1/6 9353/1/6 9355/1/6 9356/1/6
f 9356/1/6 9355/1/6 9357/1/6 9358/1/6
f 9136/1/2 9348/1/2 9359/1/2 9135/1/2
f 9147/3/1 9146/3/1 9360/3/1 9350/3/1
f 9352/1/6 9361/1/6 9362/1/6 9353/1/6
f 9135/1/2 9359/1/2 9363/1/2 9148/1/2
f 9364/4/2 9365/4/2 9366/4/2 9367/4/2
f 9153/4/1 9154/4/1 9368/4/1 9369/4/1
f 9153/4/3 9369/4/3 9365/4/3 9364/4/3
f 9153/4/5 9364/4/5 9367/4/5 9154/4/5
f 9145/3/1 9157/3/1 9370/3/1 9371/3/1
f 9145/3/3 9371/3/3 9360/3/3 9146/3/3
f 9148/1/2 9363/1/2 9372/1/2 9158/1/2
f 9150/4/1 9160/4/1 9373/4/1 9374/4/1
f 9150/4/3 9374/4/3 9368/4/3 9154/4/3
f 9374/4/6 9373/4/6 9375/4/6 9368/4/6
f 9367/4/2 9366/4/2 9376/4/2 9377/4/2
f 9154/4/5 9367/4/5 9377/4/5 9162/4/5
f 9157/3/1 9165/3/1 9378/3/1 9370/3/1
f 9165/3/4 9166/3/4 9379/3/4 9378/3/4
f 9380/1/6 9381/1/6 9382/1/6 9383/1/6
f 9383/1/6 9382/1/6 9384/1/6 9385/1/6
f 9158/1/2 9372/1/2 9386/1/2 9167/1/2
f 9160/4/1 9169/4/1 9387/4/1 9373/4/1
f 9373/4/6 9387/4/6 9388/4/6 9375/4/6
f 9377/4/2 9376/4/2 9389/4/2 9390/4/2
f 9170/4/4 9390/4/4 9389/4/4 9388/4/4
f 9162/4/5 9377/4/5 9390/4/5 9170/4/5
f 9166/3/1 9171/3/1 9391/3/1 9379/3/1
f 9392/1/2 9393/1/2 9394/1/2 9395/1/2
f 9167/1/3 9386/1/3 9393/1/3 9392/1/3
f 9386/1/6 9396/1/6 9394/1/6 9393/1/6
f 9167/1/5 9392/1/5 9395/1/5 9172/1/5
f 9170/4/2 9388/4/2 9397/4/2 9175/4/2
f 9169/4/1 9174/4/1 9398/4/1 9387/4/1
f 9174/4/4 9175/4/4 9397/4/4 9398/4/4
f 9387/4/6 9398/4/6 9397/4/6 9388/4/6
f 9171/3/1 9178/3/1 9399/3/1 9391/3/1
f 9395/1/2 9394/1/2 9400/1/2 9182/1/2
f 9172/1/5 9395/1/5 9182/1/5 9179/1/5
f 9176/2/1 9180/2/1 9401/2/1 9402/2/1
f 9176/2/3 9402/2/3 9399/2/3 9178/2/3
f 9180/2/4 9181/2/4 9403/2/4 9401/2/4
f 9402/2/6 9401/2/6 9403/2/6 9399/2/6
f 9182/1/2 9400/1/2 9404/1/2 9183/1/2
f 9405/1/6 9406/1/6 9404/1/6 9400/1/6
f 9181/3/1 9184/3/1 9407/3/1 9403/3/1
f 9183/1/2 9404/1/2 9408/1/2 9185/1/2
f 9186/1/4 9185/1/4 9408/1/4 9409/1/4
f 9406/1/6 9409/1/6 9408/1/6 9404/1/6
f 9184/3/1 9187/3/1 9410/3/1 9407/3/1
f 9186/1/2 9409/1/2 9411/1/2 9188/1/2
f 9187/2/1 9192/2/1 9412/2/1 9410/2/1
f 9192/2/4 9193/2/4 9413/2/4 9412/2/4
f 9193/3/4 9194/3/4 9414/3/4 9413/3/4
f 9194/1/4 9195/1/4 9415/1/4 9414/1/4
f 9195/1/4 9196/1/4 9416/1/4 9415/1/4
f 9196/1/4 9197/1/4 9417/1/4 9416/1/4
f 9197/1/4 9198/1/4 9418/1/4 9417/1/4
f 9198/1/4 9199/1/4 9419/1/4 9418/1/4
f 9188/1/2 9411/1/2 9420/1/2 9202/1/2
f 9189/1/5 9188/1/5 9202/1/5 9200/1/5
f 9199/1/1 9201/1/1 9421/1/1 9419/1/1
f 9202/1/2 9420/1/2 9422/1/2 9203/1/2
f 9206/3/1 9207/3/1 9423/3/1 9424/3/1
f 9206/3/3 9424/3/3 9425/3/3 9208/3/3
f 9208/3/3 9425/3/3 9426/3/3 9209/3/3
f 9209/1/3 9426/1/3 9427/1/3 9210/1/3
f 9210/1/3 9427/1/3 9428/1/3 9211/1/3
f 9211/1/3 9428/1/3 9429/1/3 9212/1/3
f 9212/1/3 9429/1/3 9430/1/3 9213/1/3
f 9213/1/3 9430/1/3 9421/1/3 9201/1/3
f 9203/1/2 9422/1/2 9431/1/2 9214/1/2
f 9216/1/4 9214/1/4 9431/1/4 9432/1/4
f 9433/1/6 9432/1/6 9431/1/6 9422/1/6
f 9207/3/1 9218/3/1 9434/3/1 9423/3/1
f 9423/3/6 9434/3/6 9435/3/6 9436/3/6
f 9216/1/2 9432/1/2 9437/1/2 9219/1/2
f 9218/3/1 9220/3/1 9438/3/1 9434/3/1
f 9434/3/6 9438/3/6 9439/3/6 9435/3/6
f 9219/1/2 9437/1/2 9440/1/2 9223/1/2
f 9225/2/1 9224/2/1 9441/2/1 9442/2/1
f 9225/2/3 9442/2/3 9438/2/3 9220/2/3
f 9442/2/6 9441/2/6 9443/2/6 9438/2/6
f 9438/3/6 9443/3/6 9444/3/6 9439/3/6
f 9227/3/4 9226/3/4 9445/3/4 9444/3/4
f 9226/1/4 9228/1/4 9446/1/4 9445/1/4
f 9222/1/5 9221/1/5 9228/1/5 9226/1/5
f 9228/1/4 9229/1/4 9447/1/4 9446/1/4
f 9229/1/4 9230/1/4 9448/1/4 9447/1/4
f 9230/1/4 9239/1/4 9449/1/4 9448/1/4
f 9223/1/2 9440/1/2 9450/1/2 9231/1/2
f 9224/2/1 9234/2/1 9451/2/1 9441/2/1
f 9441/2/6 9451/2/6 9452/2/6 9443/2/6
f 9227/3/2 9444/3/2 9453/3/2 9236/3/2
f 9443/3/6 9452/3/6 9453/3/6 9444/3/6
f 9239/1/1 9238/1/1 9454/1/1 9449/1/1
f 9238/1/4 9246/1/4 9455/1/4 9454/1/4
f 9246/1/4 9248/1/4 9456/1/4 9455/1/4
f 9231/1/2 9450/1/2 9457/1/2 9458/1/2
f 9240/1/4 9458/1/4 9457/1/4 9459/1/4
f 9233/1/5 9231/1/5 9458/1/5 9240/1/5
f 9234/2/1 9460/2/1 9461/2/1 9451/2/1
f 9460/2/4 9462/2/4 9463/2/4 9461/2/4
f 9451/2/6 9461/2/6 9463/2/6 9452/2/6
f 9234/2/5 9235/2/5 9462/2/5 9460/2/5
f 9236/3/2 9453/3/2 9464/3/2 9465/3/2
f 9462/3/4 9465/3/4 9464/3/4 9463/3/4
f 9235/3/5 9236/3/5 9465/3/5 9462/3/5
f 9248/1/1 9247/1/1 9466/1/1 9456/1/1
f 9263/1/4 9253/1/4 9467/1/4 9468/1/4
f 9469/2/6 9467/2/6 9470/2/6 9471/2/6
f 9240/1/2 9459/1/2 9472/1/2 9254/1/2
f 9252/1/4 9254/1/4 9472/1/4 9470/1/4
f 9247/1/1 9256/1/1 9473/1/1 9466/1/1
f 9256/1/4 9257/1/4 9474/1/4 9473/1/4
f 9257/2/4 9258/2/4 9475/2/4 9474/2/4
f 9258/2/4 9260/2/4 9476/2/4 9475/2/4
f 9477/2/6 9475/2/6 9476/2/6 9478/2/6
f 9250/2/5 9249/2/5 9260/2/5 9258/2/5
f 9263/2/2 9468/2/2 9479/2/2 9261/2/2
f 9260/2/4 9261/2/4 9479/2/4 9476/2/4
f 9478/2/6 9476/2/6 9479/2/6 9468/2/6
f 9252/2/2 9470/2/2 9480/2/2 9481/2/2
f 9253/2/1 9262/2/1 9482/2/1 9467/2/1
f 9262/2/4 9481/2/4 9480/2/4 9482/2/4
f 9467/2/6 9482/2/6 9480/2/6 9470/2/6
f 9253/2/5 9252/2/5 9481/2/5 9262/2/5
f 9264/3/2 9483/3/2 9484/3/2 9265/3/2
f 9267/3/1 9266/3/1 9485/3/1 9486/3/1
f 9267/3/3 9486/3/3 9483/3/3 9264/3/3
f 9486/3/6 9485/3/6 9484/3/6 9483/3/6
f 9269/2/2 9487/2/2 9488/2/2 9270/2/2
f 9272/2/1 9271/2/1 9489/2/1 9490/2/1
f 9272/2/3 9490/2/3 9487/2/3 9269/2/3
f 9275/1/1 9274/1/1 9491/1/1 9492/1/1
f 9275/1/3 9492/1/3 9493/1/3 9276/1/3
f 9277/1/2 9494/1/2 9495/1/2 9278/1/2
f 9276/1/3 9493/1/3 9494/1/3 9277/1/3
f 9280/1/1 9279/1/1 9496/1/1 9497/1/1
f 9280/1/3 9497/1/3 9498/1/3 9281/1/3
f 9282/2/2 9499/2/2 9500/2/2 9283/2/2
f 9281/2/3 9498/2/3 9499/2/3 9282/2/3
f 9498/2/6 9501/2/6 9500/2/6 9499/2/6
f 9266/3/1 9284/3/1 9502/3/1 9485/3/1
f 9265/2/3 9484/2/3 9489/2/3 9271/2/3
f 9270/3/3 9488/3/3 9491/3/3 9274/3/3
f 9278/1/3 9495/1/3 9496/1/3 9279/1/3
f 9285/1/2 9503/1/2 9504/1/2 9286/1/2
f 9283/1/3 9500/1/3 9503/1/3 9285/1/3
f 9500/1/6 9505/1/6 9504/1/6 9503/1/6
f 9284/3/1 9287/3/1 9506/3/1 9502/3/1
f 9288/1/2 9507/1/2 9508/1/2 9289/1/2
f 9286/1/3 9504/1/3 9507/1/3 9288/1/3
f 9290/2/2 9509/2/2 9510/2/2 9291/2/2
f 9293/2/1 9292/2/1 9511/2/1 9512/2/1
f 9293/2/3 9512/2/3 9509/2/3 9290/2/3
f 9287/3/1 9294/3/1 9513/3/1 9506/3/1
f 9289/1/3 9508/1/3 9511/1/3 9292/1/3
f 9295/1/2 9514/1/2 9515/1/2 9297/1/2
f 9291/1/3 9510/1/3 9514/1/3 9295/1/3
f 9299/2/2 9516/2/2 9517/2/2 9300/2/2
f 9296/2/1 9298/2/1 9518/2/1 9519/2/1
f 9296/2/3 9519/2/3 9516/2/3 9299/2/3
f 9519/2/6 9518/2/6 9517/2/6 9516/2/6
f 9294/3/1 9301/3/1 9520/3/1 9513/3/1
f 9297/1/3 9515/1/3 9518/1/3 9298/1/3
f 9307/1/2 9521/1/2 9522/1/2 9306/1/2
f 9300/1/3 9517/1/3 9521/1/3 9307/1/3
f 9517/1/6 9523/1/6 9522/1/6 9521/1/6
f 9300/1/5 9307/1/5 9306/1/5 9302/1/5
f 9301/3/1 9308/3/1 9524/3/1 9520/3/1
f 9304/1/2 9525/1/2 9526/1/2 9527/1/2
f 9306/1/3 9522/1/3 9525/1/3 9304/1/3
f 9306/1/5 9304/1/5 9527/1/5 9309/1/5
f 9308/3/1 9314/3/1 9528/3/1 9524/3/1
f 9314/3/4 9318/3/4 9529/3/4 9528/3/4
f 9527/7/2 9526/7/2 9530/7/2 9531/7/2
f 9315/7/4 9531/7/4 9530/7/4 9532/7/4
f 9309/7/5 9527/7/5 9531/7/5 9315/7/5
f 9318/3/1 9317/3/1 9533/3/1 9529/3/1
f 9315/7/2 9532/7/2 9534/7/2 9319/7/2
f 9317/3/1 9321/3/1 9535/3/1 9533/3/1
f 9322/7/2 9536/7/2 9537/7/2 9323/7/2
f 9319/7/3 9534/7/3 9536/7/3 9322/7/3
f 9321/3/1 9325/3/1 9538/3/1 9535/3/1
f 9323/7/2 9537/7/2 9539/7/2 9326/7/2
f 9540/7/6 9541/7/6 9539/7/6 9537/7/6
f 9325/3/1 9328/3/1 9542/3/1 9538/3/1
f 9326/1/2 9539/1/2 9543/1/2 9329/1/2
f 9541/1/6 9544/1/6 9543/1/6 9539/1/6
f 9327/3/1 9330/3/1 9545/3/1 9546/3/1
f 9327/3/3 9546/3/3 9542/3/3 9328/3/3
f 9329/7/2 9543/7/2 9547/7/2 9331/7/2
f 9334/4/1 9333/4/1 9548/4/1 9549/4/1
f 9334/4/3 9549/4/3 9550/4/3 9335/4/3
f 9549/4/6 9548/4/6 9551/4/6 9550/4/6
f 9335/3/3 9550/3/3 9545/3/3 9330/3/3
f 9550/3/6 9551/3/6 9552/3/6 9545/3/6
f 9331/7/2 9547/7/2 9553/7/2 9554/7/2
f 9332/7/5 9331/7/5 9554/7/5 9336/7/5
f 9333/4/1 9337/4/1 9555/4/1 9548/4/1
f 9548/4/6 9555/4/6 9556/4/6 9551/4/6
f 9551/3/6 9556/3/6 9557/3/6 9552/3/6
f 9554/1/2 9553/1/2 9558/1/2 9340/1/2
f 9336/1/5 9554/1/5 9340/1/5 9338/1/5
f 9337/4/1 9339/4/1 9559/4/1 9555/4/1
f 9339/4/4 9344/4/4 9560/4/4 9559/4/4
f 9555/4/6 9559/4/6 9560/4/6 9556/4/6
f 9344/3/4 9346/3/4 9561/3/4 9560/3/4
f 9556/3/6 9560/3/6 9561/3/6 9557/3/6
f 9340/1/2 9558/1/2 9562/1/2 9341/1/2
f 9346/3/1 9345/3/1 9563/3/1 9561/3/1
f 9351/1/4 9354/1/4 9564/1/4 9565/1/4
f 9354/1/4 9356/1/4 9566/1/4 9564/1/4
f 9356/1/4 9358/1/4 9567/1/4 9566/1/4
f 9341/1/2 9562/1/2 9568/1/2 9347/1/2
f 9348/1/4 9347/1/4 9568/1/4 9569/1/4
f 9345/3/1 9350/3/1 9570/3/1 9563/3/1
f 9351/1/2 9565/1/2 9571/1/2 9352/1/2
f 9358/7/1 9357/7/1 9572/7/1 9567/7/1
f 9348/7/2 9569/7/2 9573/7/2 9359/7/2
f 9574/4/1 9365/4/1 9575/4/1 9576/4/1
f 9574/4/3 9576/4/3 9577/4/3 9578/4/3
f 9574/4/5 9578/4/5 9579/4/5 9365/4/5
f 9580/4/2 9581/4/2 9582/4/2 9583/4/2
f 9578/4/3 9577/4/3 9581/4/3 9580/4/3
f 9578/4/5 9580/4/5 9583/4/5 9579/4/5
f 9350/3/1 9360/3/1 9584/3/1 9570/3/1
f 9352/1/2 9571/1/2 9585/1/2 9361/1/2
f 9353/1/1 9362/1/1 9586/1/1 9587/1/1
f 9353/1/3 9587/1/3 9588/1/3 9355/1/3
f 9355/1/3 9588/1/3 9572/1/3 9357/1/3
f 9359/7/2 9573/7/2 9589/7/2 9363/7/2
f 9369/4/1 9368/4/1 9590/4/1 9591/4/1
f 9369/4/3 9591/4/3 9575/4/3 9365/4/3
f 9591/4/6 9590/4/6 9592/4/6 9575/4/6
f 9365/4/5 9579/4/5 9593/4/5 9366/4/5
f 9583/4/2 9582/4/2 9594/4/2 9595/4/2
f 9579/4/5 9583/4/5 9595/4/5 9593/4/5
f 9371/3/1 9370/3/1 9596/3/1 9597/3/1
f 9371/3/3 9597/3/3 9584/3/3 9360/3/3
f 9597/3/6 9596/3/6 9598/3/6 9584/3/6
f 9361/1/3 9585/1/3 9586/1/3 9362/1/3
f 9380/1/4 9383/1/4 9599/1/4 9600/1/4
f 9383/1/4 9385/1/4 9601/1/4 9599/1/4
f 9363/7/2 9589/7/2 9602/7/2 9372/7/2
f 9368/4/1 9375/4/1 9603/4/1 9590/4/1
f 9590/4/6 9603/4/6 9604/4/6 9592/4/6
f 9366/4/5 9593/4/5 9605/4/5 9376/4/5
f 9595/4/2 9594/4/2 9606/4/2 9607/4/2
f 9593/4/5 9595/4/5 9607/4/5 9605/4/5
f 9370/3/1 9378/3/1 9608/3/1 9596/3/1
f 9596/3/6 9608/3/6 9609/3/6 9598/3/6
f 9380/1/2 9600/1/2 9610/1/2 9381/1/2
f 9385/7/1 9384/7/1 9611/7/1 9601/7/1
f 9612/7/2 9613/7/2 9614/7/2 9393/7/2
f 9372/7/3 9602/7/3 9613/7/3 9612/7/3
f 9386/7/4 9393/7/4 9614/7/4 9615/7/4
f 9372/7/5 9612/7/5 9393/7/5 9386/7/5
f 9375/4/1 9388/4/1 9616/4/1 9603/4/1
f 9603/4/6 9616/4/6 9617/4/6 9604/4/6
f 9376/4/5 9605/4/5 9618/4/5 9389/4/5
f 9607/4/2 9606/4/2 9619/4/2 9620/4/2
f 9605/4/5 9607/4/5 9620/4/5 9618/4/5
f 9378/3/1 9621/3/1 9622/3/1 9608/3/1
f 9621/3/4 9391/3/4 9623/3/4 9622/3/4
f 9608/3/6 9622/3/6 9623/3/6 9609/3/6
f 9378/3/5 9379/3/5 9391/3/5 9621/3/5
f 9381/1/3 9610/1/3 9624/1/3 9382/1/3
f 9382/1/3 9624/1/3 9611/1/3 9384/1/3
f 9386/1/2 9615/1/2 9625/1/2 9396/1/2
f 9388/4/1 9397/4/1 9626/4/1 9616/4/1
f 9397/4/4 9627/4/4 9628/4/4 9626/4/4
f 9616/4/6 9626/4/6 9628/4/6 9617/4/6
f 9388/4/5 9389/4/5 9627/4/5 9397/4/5
f 9627/4/4 9629/4/4 9630/4/4 9628/4/4
f 9389/4/5 9618/4/5 9629/4/5 9627/4/5
f 9620/4/2 9619/4/2 9631/4/2 9632/4/2
f 9629/4/4 9632/4/4 9631/4/4 9630/4/4
f 9618/4/5 9620/4/5 9632/4/5 9629/4/5
f 9391/3/1 9399/3/1 9633/3/1 9623/3/1
f 9394/1/2 9634/1/2 9635/1/2 9400/1/2
f 9396/1/3 9625/1/3 9634/1/3 9394/1/3
f 9405/1/4 9400/1/4 9635/1/4 9636/1/4
f 9625/1/6 9636/1/6 9635/1/6 9634/1/6
f 9399/3/1 9403/3/1 9637/3/1 9633/3/1
f 9405/1/2 9636/1/2 9638/1/2 9406/1/2
f 9639/1/6 9640/1/6 9638/1/6 9636/1/6
f 9403/3/1 9407/3/1 9641/3/1 9637/3/1
f 9406/1/2 9638/1/2 9642/1/2 9409/1/2
f 9407/3/1 9410/3/1 9643/3/1 9641/3/1
f 9408/1/2 9644/1/2 9645/1/2 9646/1/2
f 9409/1/3 9642/1/3 9644/1/3 9408/1/3
f 9411/1/4 9646/1/4 9645/1/4 9647/1/4
f 9642/1/6 9647/1/6 9645/1/6 9644/1/6
f 9409/1/5 9408/1/5 9646/1/5 9411/1/5
f 9648/2/1 9649/2/1 9650/2/1 9651/2/1
f 9648/2/3 9651/2/3 9643/2/3 9410/2/3
f 9649/2/4 9412/2/4 9652/2/4 9650/2/4
f 9651/2/6 9650/2/6 9652/2/6 9643/2/6
f 9648/2/5 9410/2/5 9412/2/5 9649/2/5
f 9412/2/4 9413/2/4 9653/2/4 9652/2/4
f 9413/3/4 9414/3/4 9654/3/4 9653/3/4
f 9414/1/4 9415/1/4 9655/1/4 9654/1/4
f 9415/1/4 9416/1/4 9656/1/4 9655/1/4
f 9416/1/4 9417/1/4 9657/1/4 9656/1/4
f 9417/1/4 9418/1/4 9658/1/4 9657/1/4
f 9418/1/4 9419/1/4 9659/1/4 9658/1/4
f 9411/1/2 9647/1/2 9660/1/2 9420/1/2
f 9419/1/1 9421/1/1 9661/1/1 9659/1/1
f 9420/1/2 9660/1/2 9662/1/2 9422/1/2
f 9433/1/4 9422/1/4 9662/1/4 9663/1/4
f 9424/3/1 9423/3/1 9664/3/1 9665/3/1
f 9424/3/3 9665/3/3 9666/3/3 9425/3/3
f 9423/3/4 9436/3/4 9667/3/4 9664/3/4
f 9425/3/3 9666/3/3 9668/3/3 9426/3/3
f 9426/1/3 9668/1/3 9669/1/3 9427/1/3
f 9427/1/3 9669/1/3 9670/1/3 9428/1/3
f 9428/1/3 9670/1/3 9671/1/3 9429/1/3
f 9429/1/3 9671/1/3 9672/1/3 9430/1/3
f 9430/1/3 9672/1/3 9661/1/3 9421/1/3
f 9433/1/2 9663/1/2 9673/1/2 9432/1/2
f 9436/3/1 9435/3/1 9674/3/1 9667/3/1
f 9431/1/2 9675/1/2 9676/1/2 9677/1/2
f 9432/1/3 9673/1/3 9675/1/3 9431/1/3
f 9437/1/4 9677/1/4 9676/1/4 9678/1/4
f 9432/1/5 9431/1/5 9677/1/5 9437/1/5
f 9435/3/1 9439/3/1 9679/3/1 9674/3/1
f 9437/1/2 9678/1/2 9680/1/2 9440/1/2
f 9439/3/1 9444/3/1 9681/3/1 9679/3/1
f 9682/1/2 9683/1/2 9684/1/2 9685/1/2
f 9440/1/3 9680/1/3 9683/1/3 9682/1/3
f 9450/1/4 9685/1/4 9684/1/4 9686/1/4
f 9440/1/5 9682/1/5 9685/1/5 9450/1/5
f 9444/3/1 9453/3/1 9687/3/1 9681/3/1
f 9453/3/4 9688/3/4 9689/3/4 9687/3/4
f 9444/3/5 9445/3/5 9688/3/5 9453/3/5
f 9445/1/5 9446/1/5 9690/1/5 9688/1/5
f 9446/1/5 9447/1/5 9691/1/5 9690/1/5
f 9691/1/4 9692/1/4 9693/1/4 9694/1/4
f 9447/1/5 9448/1/5 9692/1/5 9691/1/5
f 9448/1/5 9449/1/5 9454/1/5 9692/1/5
f 9454/1/4 9455/1/4 9695/1/4 9696/1/4
f 9469/1/4 9471/1/4 9697/1/4 9698/1/4
f 9450/1/2 9686/1/2 9699/1/2 9457/1/2
f 9453/2/2 9687/2/2 9700/2/2 9464/2/2
f 9452/2/1 9463/2/1 9701/2/1 9702/2/1
f 9452/2/3 9702/2/3 9687/2/3 9453/2/3
f 9702/2/6 9701/2/6 9700/2/6 9687/2/6
f 9688/1/1 9703/1/1 9704/1/1 9689/1/1
f 9703/1/4 9705/1/4 9706/1/4 9704/1/4
f 9688/1/5 9690/1/5 9705/1/5 9703/1/5
f 9691/2/2 9694/2/2 9707/2/2 9708/2/2
f 9705/2/4 9708/2/4 9707/2/4 9706/2/4
f 9690/2/5 9691/2/5 9708/2/5 9705/2/5
f 9454/2/2 9696/2/2 9709/2/2 9710/2/2
f 9692/2/1 9711/2/1 9712/2/1 9693/2/1
f 9693/2/6 9712/2/6 9709/2/6 9696/2/6
f 9692/2/5 9454/2/5 9710/2/5 9711/2/5
f 9455/1/1 9713/1/1 9714/1/1 9695/1/1
f 9455/1/5 9456/1/5 9466/1/5 9713/1/5
f 9477/1/4 9478/1/4 9715/1/4 9716/1/4
f 9478/1/4 9468/1/4 9717/1/4 9715/1/4
f 9469/2/2 9698/2/2 9718/2/2 9467/2/2
f 9468/2/4 9467/2/4 9718/2/4 9717/2/4
f 9719/2/6 9717/2/6 9718/2/6 9698/2/6
f 9471/1/1 9470/1/1 9720/1/1 9697/1/1
f 9470/1/4 9472/1/4 9721/1/4 9720/1/4
f 9457/13/2 9699/13/2 9722/13/2 9723/13/2
f 9472/13/4 9723/13/4 9722/13/4 9721/13/4
f 9459/13/5 9457/13/5 9723/13/5 9472/13/5
f 9464/2/2 9700/2/2 9724/2/2 9725/2/2
f 9463/2/1 9726/2/1 9727/2/1 9701/2/1
f 9726/2/4 9725/2/4 9724/2/4 9727/2/4
f 9701/2/6 9727/2/6 9724/2/6 9700/2/6
f 9463/2/5 9464/2/5 9725/2/5 9726/2/5
f 9710/2/2 9709/2/2 9728/2/2 9729/2/2
f 9711/2/1 9730/2/1 9731/2/1 9712/2/1
f 9730/2/4 9729/2/4 9728/2/4 9731/2/4
f 9712/2/6 9731/2/6 9728/2/6 9709/2/6
f 9711/2/5 9710/2/5 9729/2/5 9730/2/5
f 9713/2/1 9732/2/1 9733/2/1 9714/2/1
f 9732/2/4 9473/2/4 9734/2/4 9733/2/4
f 9713/2/5 9466/2/5 9473/2/5 9732/2/5
f 9473/2/4 9474/2/4 9735/2/4 9734/2/4
f 9736/2/6 9734/2/6 9735/2/6 9737/2/6
f 9477/2/2 9716/2/2 9738/2/2 9475/2/2
f 9474/2/4 9475/2/4 9738/2/4 9735/2/4
f 9737/2/6 9735/2/6 9738/2/6 9716/2/6
f 9487/2/2 9739/2/2 9740/2/2 9488/2/2
f 9490/2/1 9489/2/1 9741/2/1 9742/2/1
f 9490/2/3 9742/2/3 9739/2/3 9487/2/3
f 9742/2/6 9741/2/6 9740/2/6 9739/2/6
f 9492/1/1 9491/1/1 9743/1/1 9744/1/1
f 9492/1/3 9744/1/3 9745/1/3 9493/1/3
f 9493/1/3 9745/1/3 9746/1/3 9494/1/3
f 9494/2/3 9746/2/3 9747/2/3 9497/2/3
f 9746/2/6 9748/2/6 9749/2/6 9747/2/6
f 9494/2/5 9497/2/5 9496/2/5 9495/2/5
f 9498/2/2 9750/2/2 9751/2/2 9501/2/2
f 9497/2/3 9747/2/3 9750/2/3 9498/2/3
f 9747/2/6 9749/2/6 9751/2/6 9750/2/6
f 9752/3/1 9753/3/1 9754/3/1 9755/3/1
f 9752/3/3 9755/3/3 9756/3/3 9485/3/3
f 9753/3/4 9502/3/4 9757/3/4 9754/3/4
f 9755/3/6 9754/3/6 9757/3/6 9756/3/6
f 9752/3/5 9485/3/5 9502/3/5 9753/3/5
f 9485/3/3 9756/3/3 9758/3/3 9484/3/3
f 9484/3/3 9758/3/3 9741/3/3 9489/3/3
f 9488/2/3 9740/2/3 9743/2/3 9491/2/3
f 9740/2/6 9759/2/6 9760/2/6 9743/2/6
f 9748/1/6 9761/1/6 9762/1/6 9749/1/6
f 9749/1/6 9762/1/6 9763/1/6 9751/1/6
f 9500/1/2 9764/1/2 9765/1/2 9505/1/2
f 9501/1/3 9751/1/3 9764/1/3 9500/1/3
f 9503/1/1 9504/1/1 9766/1/1 9767/1/1
f 9503/1/3 9767/1/3 9768/1/3 9769/1/3
f 9767/1/6 9766/1/6 9770/1/6 9768/1/6
f 9503/1/5 9769/1/5 9507/1/5 9504/1/5
f 9769/1/3 9768/1/3 9771/1/3 9772/1/3
f 9768/1/6 9770/1/6 9773/1/6 9771/1/6
f 9769/1/5 9772/1/5 9512/1/5 9507/1/5
f 9772/1/3 9771/1/3 9774/1/3 9775/1/3
f 9772/1/5 9775/1/5 9509/1/5 9512/1/5
f 9776/2/2 9777/2/2 9778/2/2 9779/2/2
f 9775/2/3 9774/2/3 9777/2/3 9776/2/3
f 9774/2/6 9780/2/6 9778/2/6 9777/2/6
f 9775/2/5 9776/2/5 9779/2/5 9509/2/5
f 9502/3/1 9506/3/1 9781/3/1 9757/3/1
f 9505/1/3 9765/1/3 9766/1/3 9504/1/3
f 9507/1/5 9512/1/5 9511/1/5 9508/1/5
f 9779/2/2 9778/2/2 9782/2/2 9514/2/2
f 9780/2/6 9783/2/6 9782/2/6 9778/2/6
f 9509/2/5 9779/2/5 9514/2/5 9510/2/5
f 9506/3/1 9513/3/1 9784/3/1 9781/3/1
f 9514/1/2 9782/1/2 9785/1/2 9515/1/2
f 9513/3/1 9520/3/1 9786/3/1 9784/3/1
f 9515/2/3 9785/2/3 9787/2/3 9518/2/3
f 9785/2/6 9788/2/6 9789/2/6 9787/2/6
f 9517/2/2 9790/2/2 9791/2/2 9523/2/2
f 9518/2/3 9787/2/3 9790/2/3 9517/2/3
f 9787/2/6 9789/2/6 9791/2/6 9790/2/6
f 9520/3/1 9524/3/1 9792/3/1 9786/3/1
f 9523/1/3 9791/1/3 9793/1/3 9522/1/3
f 9791/1/6 9794/1/6 9795/1/6 9793/1/6
f 9525/1/2 9796/1/2 9797/1/2 9526/1/2
f 9522/1/3 9793/1/3 9796/1/3 9525/1/3
f 9524/3/1 9528/3/1 9798/3/1 9792/3/1
f 9794/1/6 9799/1/6 9800/1/6 9795/1/6
f 9526/1/2 9797/1/2 9801/1/2 9530/1/2
f 9528/3/1 9802/3/1 9803/3/1 9798/3/1
f 9528/3/5 9529/3/5 9533/3/5 9802/3/5
f 9530/1/2 9801/1/2 9804/1/2 9536/1/2
f 9532/1/5 9530/1/5 9536/1/5 9534/1/5
f 9802/3/1 9805/3/1 9806/3/1 9803/3/1
f 9802/3/5 9533/3/5 9535/3/5 9805/3/5
f 9536/7/2 9804/7/2 9807/7/2 9537/7/2
f 9540/7/4 9537/7/4 9807/7/4 9808/7/4
f 9805/3/1 9809/3/1 9810/3/1 9806/3/1
f 9805/3/5 9535/3/5 9538/3/5 9809/3/5
f 9540/7/2 9808/7/2 9811/7/2 9541/7/2
f 9809/3/1 9546/3/1 9812/3/1 9810/3/1
f 9809/3/5 9538/3/5 9542/3/5 9546/3/5
f 9541/1/2 9811/1/2 9813/1/2 9544/1/2
f 9546/3/1 9545/3/1 9814/3/1 9812/3/1
f 9543/7/2 9815/7/2 9816/7/2 9547/7/2
f 9544/7/3 9813/7/3 9815/7/3 9543/7/3
f 9813/7/6 9817/7/6 9816/7/6 9815/7/6
f 9545/3/1 9552/3/1 9818/3/1 9814/3/1
f 9547/7/2 9816/7/2 9819/7/2 9553/7/2
f 9552/3/1 9557/3/1 9820/3/1 9818/3/1
f 9553/1/2 9819/1/2 9821/1/2 9558/1/2
f 9557/3/1 9561/3/1 9822/3/1 9820/3/1
f 9558/1/2 9821/1/2 9823/1/2 9562/1/2
f 9824/1/6 9825/1/6 9823/1/6 9821/1/6
f 9561/3/1 9563/3/1 9826/3/1 9822/3/1
f 9562/1/2 9823/1/2 9827/1/2 9568/1/2
f 9569/1/4 9568/1/4 9827/1/4 9828/1/4
f 9825/1/6 9828/1/6 9827/1/6 9823/1/6
f 9563/3/1 9570/3/1 9829/3/1 9826/3/1
f 9565/7/5 9564/7/5 9587/7/5 9571/7/5
f 9564/7/5 9566/7/5 9588/7/5 9587/7/5
f 9566/7/5 9567/7/5 9572/7/5 9588/7/5
f 9569/7/2 9828/7/2 9830/7/2 9573/7/2
f 9576/4/1 9575/4/1 9831/4/1 9832/4/1
f 9576/4/3 9832/4/3 9833/4/3 9577/4/3
f 9832/4/6 9831/4/6 9834/4/6 9833/4/6
f 9577/4/3 9833/4/3 9835/4/3 9581/4/3
f 9833/4/6 9834/4/6 9836/4/6 9835/4/6
f 9837/4/2 9838/4/2 9839/4/2 9840/4/2
f 9581/4/3 9835/4/3 9838/4/3 9837/4/3
f 9581/4/5 9837/4/5 9840/4/5 9582/4/5
f 9570/3/1 9584/3/1 9841/3/1 9829/3/1
f 9571/7/5 9587/7/5 9586/7/5 9585/7/5
f 9573/7/2 9830/7/2 9842/7/2 9589/7/2
f 9575/4/1 9592/4/1 9843/4/1 9831/4/1
f 9831/4/6 9843/4/6 9844/4/6 9834/4/6
f 9834/4/6 9844/4/6 9845/4/6 9836/4/6
f 9840/4/2 9839/4/2 9846/4/2 9847/4/2
f 9582/4/5 9840/4/5 9847/4/5 9594/4/5
f 9584/3/1 9598/3/1 9848/3/1 9841/3/1
f 9589/1/2 9842/1/2 9849/1/2 9602/1/2
f 9592/4/1 9604/4/1 9850/4/1 9843/4/1
f 9843/4/6 9850/4/6 9851/4/6 9844/4/6
f 9844/4/6 9851/4/6 9852/4/6 9845/4/6
f 9847/4/2 9846/4/2 9853/4/2 9854/4/2
f 9594/4/5 9847/4/5 9854/4/5 9606/4/5
f 9598/3/1 9609/3/1 9855/3/1 9848/3/1
f 9600/1/5 9599/1/5 9624/1/5 9610/1/5
f 9599/1/5 9601/1/5 9611/1/5 9624/1/5
f 9613/1/2 9856/1/2 9857/1/2 9614/1/2
f 9602/1/3 9849/1/3 9856/1/3 9613/1/3
f 9849/1/6 9858/1/6 9857/1/6 9856/1/6
f 9604/4/1 9617/4/1 9859/4/1 9850/4/1
f 9850/4/6 9859/4/6 9860/4/6 9851/4/6
f 9851/4/6 9860/4/6 9861/4/6 9852/4/6
f 9854/4/2 9853/4/2 9862/4/2 9863/4/2
f 9606/4/5 9854/4/5 9863/4/5 9619/4/5
f 9609/3/1 9623/3/1 9864/3/1 9855/3/1
f 9865/1/6 9866/1/6 9867/1/6 9858/1/6
f 9614/1/2 9857/1/2 9868/1/2 9634/1/2
f 9625/1/4 9634/1/4 9868/1/4 9867/1/4
f 9858/1/6 9867/1/6 9868/1/6 9857/1/6
f 9615/1/5 9614/1/5 9634/1/5 9625/1/5
f 9617/4/1 9628/4/1 9869/4/1 9859/4/1
f 9628/4/4 9630/4/4 9870/4/4 9869/4/4
f 9859/4/6 9869/4/6 9870/4/6 9860/4/6
f 9630/4/4 9631/4/4 9871/4/4 9870/4/4
f 9860/4/6 9870/4/6 9871/4/6 9861/4/6
f 9863/4/2 9862/4/2 9872/4/2 9873/4/2
f 9631/4/4 9873/4/4 9872/4/4 9871/4/4
f 9619/4/5 9863/4/5 9873/4/5 9631/4/5
f 9623/3/1 9633/3/1 9874/3/1 9864/3/1
f 9625/1/2 9867/1/2 9875/1/2 9636/1/2
f 9639/1/4 9636/1/4 9875/1/4 9876/1/4
f 9633/3/1 9637/3/1 9877/3/1 9874/3/1
f 9639/1/2 9876/1/2 9878/1/2 9640/1/2
f 9637/3/1 9641/3/1 9879/3/1 9877/3/1
f 9638/1/2 9880/1/2 9881/1/2 9642/1/2
f 9640/1/3 9878/1/3 9880/1/3 9638/1/3
f 9878/1/6 9882/1/6 9881/1/6 9880/1/6
f 9641/3/1 9643/3/1 9883/3/1 9879/3/1
f 9642/1/2 9881/1/2 9884/1/2 9647/1/2
f 9643/3/1 9652/3/1 9885/3/1 9883/3/1
f 9652/3/4 9653/3/4 9886/3/4 9885/3/4
f 9653/3/4 9654/3/4 9887/3/4 9886/3/4
f 9654/1/4 9655/1/4 9888/1/4 9887/1/4
f 9655/1/4 9656/1/4 9889/1/4 9888/1/4
f 9656/1/4 9657/1/4 9890/1/4 9889/1/4
f 9657/1/4 9658/1/4 9891/1/4 9890/1/4
f 9658/1/4 9659/1/4 9892/1/4 9891/1/4
f 9647/1/2 9884/1/2 9893/1/2 9660/1/2
f 9659/1/1 9661/1/1 9894/1/1 9892/1/1
f 9660/1/2 9893/1/2 9895/1/2 9662/1/2
f 9663/1/4 9662/1/4 9895/1/4 9896/1/4
f 9665/3/1 9664/3/1 9897/3/1 9898/3/1
f 9665/3/3 9898/3/3 9899/3/3 9666/3/3
f 9666/3/3 9899/3/3 9900/3/3 9668/3/3
f 9668/1/3 9900/1/3 9901/1/3 9669/1/3
f 9669/1/3 9901/1/3 9902/1/3 9670/1/3
f 9670/1/3 9902/1/3 9903/1/3 9671/1/3
f 9671/1/3 9903/1/3 9904/1/3 9672/1/3
f 9672/1/3 9904/1/3 9894/1/3 9661/1/3
f 9663/1/2 9896/1/2 9905/1/2 9673/1/2
f 9664/3/1 9906/3/1 9907/3/1 9897/3/1
f 9664/3/5 9667/3/5 9674/3/5 9906/3/5
f 9675/1/2 9908/1/2 9909/1/2 9676/1/2
f 9673/1/3 9905/1/3 9908/1/3 9675/1/3
f 9906/3/1 9910/3/1 9911/3/1 9907/3/1
f 9906/3/5 9674/3/5 9679/3/5 9910/3/5
f 9676/1/2 9909/1/2 9912/1/2 9683/1/2
f 9678/1/5 9676/1/5 9683/1/5 9680/1/5
f 9910/3/1 9913/3/1 9914/3/1 9911/3/1
f 9913/3/4 9681/3/4 9915/3/4 9914/3/4
f 9910/3/5 9679/3/5 9681/3/5 9913/3/5
f 9683/1/2 9912/1/2 9916/1/2 9684/1/2
f 9681/2/1 9687/2/1 9917/2/1 9915/2/1
f 9687/2/4 9689/2/4 9918/2/4 9917/2/4
f 9915/2/6 9917/2/6 9918/2/6 9919/2/6
f 9919/1/6 9918/1/6 9920/1/6 9921/1/6
f 9694/1/4 9693/1/4 9922/1/4 9923/1/4
f 9924/1/6 9923/1/6 9922/1/6 9925/1/6
f 9693/1/4 9696/1/4 9926/1/4 9922/1/4
f 9719/1/4 9698/1/4 9927/1/4 9928/1/4
f 9698/1/4 9697/1/4 9929/1/4 9927/1/4
f 9930/2/6 9929/2/6 9931/2/6 9932/2/6
f 9932/2/6 9931/2/6 9933/2/6 9934/2/6
f 9684/1/2 9916/1/2 9935/1/2 9936/1/2
f 9699/1/4 9936/1/4 9935/1/4 9933/1/4
f 9934/1/6 9933/1/6 9935/1/6 9916/1/6
f 9686/1/5 9684/1/5 9936/1/5 9699/1/5
f 9689/2/1 9704/2/1 9937/2/1 9918/2/1
f 9704/2/4 9706/2/4 9938/2/4 9937/2/4
f 9918/2/6 9937/2/6 9938/2/6 9920/2/6
f 9694/2/2 9923/2/2 9939/2/2 9707/2/2
f 9706/2/4 9707/2/4 9939/2/4 9938/2/4
f 9920/2/6 9938/2/6 9939/2/6 9923/2/6
f 9696/1/1 9709/1/1 9940/1/1 9926/1/1
f 9709/1/4 9714/1/4 9941/1/4 9940/1/4
f 9696/1/5 9695/1/5 9714/1/5 9709/1/5
f 9736/1/4 9737/1/4 9942/1/4 9943/1/4
f 9737/1/4 9716/1/4 9944/1/4 9942/1/4
f 9716/1/4 9715/1/4 9945/1/4 9944/1/4
f 9719/1/2 9928/1/2 9946/1/2 9717/1/2
f 9715/1/4 9717/1/4 9946/1/4 9945/1/4
f 9697/1/1 9720/1/1 9947/1/1 9929/1/1
f 9720/1/4 9721/1/4 9948/1/4 9947/1/4
f 9929/1/6 9947/1/6 9948/1/6 9931/1/6
f 9699/13/2 9933/13/2 9949/13/2 9722/13/2
f 9721/13/4 9722/13/4 9949/13/4 9948/13/4
f 9931/13/6 9948/13/6 9949/13/6 9933/13/6
f 9736/1/2 9943/1/2 9950/1/2 9734/1/2
f 9714/1/1 9733/1/1 9951/1/1 9941/1/1
f 9733/1/4 9734/1/4 9950/1/4 9951/1/4
f 9952/4/1 9953/4/1 9954/4/1 9955/4/1
f 9952/4/3 9955/4/3 9956/4/3 9957/4/3
f 9955/4/6 9954/4/6 9958/4/6 9956/4/6
f 9952/4/5 9957/4/5 9959/4/5 9953/4/5
f 9957/4/3 9956/4/3 9960/4/3 9961/4/3
f 9956/4/6 9958/4/6 9962/4/6 9960/4/6
f 9957/4/5 9961/4/5 9963/4/5 9959/4/5
f 9964/4/2 9965/4/2 9966/4/2 9755/4/2
f 9961/4/3 9960/4/3 9965/4/3 9964/4/3
f 9960/4/6 9962/4/6 9966/4/6 9965/4/6
f 9961/4/5 9964/4/5 9755/4/5 9963/4/5
f 9744/2/1 9743/2/1 9967/2/1 9968/2/1
f 9744/2/3 9968/2/3 9969/2/3 9745/2/3
f 9968/2/6 9967/2/6 9970/2/6 9969/2/6
f 9746/2/2 9971/2/2 9972/2/2 9748/2/2
f 9745/2/3 9969/2/3 9971/2/3 9746/2/3
f 9969/2/6 9970/2/6 9972/2/6 9971/2/6
f 9973/1/2 9974/1/2 9975/1/2 9764/1/2
f 9750/1/1 9751/1/1 9976/1/1 9977/1/1
f 9750/1/3 9977/1/3 9974/1/3 9973/1/3
f 9750/1/5 9973/1/5 9764/1/5 9751/1/5
f 9953/4/1 9978/4/1 9979/4/1 9954/4/1
f 9954/4/6 9979/4/6 9980/4/6 9958/4/6
f 9953/4/5 9959/4/5 9981/4/5 9978/4/5
f 9958/4/6 9980/4/6 9982/4/6 9962/4/6
f 9959/4/5 9963/4/5 9983/4/5 9981/4/5
f 9755/4/2 9966/4/2 9984/4/2 9754/4/2
f 9962/4/6 9982/4/6 9984/4/6 9966/4/6
f 9963/4/5 9755/4/5 9754/4/5 9983/4/5
f 9756/3/1 9757/3/1 9985/3/1 9986/3/1
f 9756/3/3 9986/3/3 9987/3/3 9758/3/3
f 9758/3/3 9987/3/3 9988/3/3 9741/3/3
f 9740/3/2 9989/3/2 9990/3/2 9759/3/2
f 9741/3/3 9988/3/3 9989/3/3 9740/3/3
f 9743/2/1 9760/2/1 9991/2/1 9967/2/1
f 9748/1/2 9972/1/2 9992/1/2 9761/1/2
f 9751/1/1 9763/1/1 9993/1/1 9976/1/1
f 9767/1/2 9994/1/2 9995/1/2 9766/1/2
f 9764/1/3 9975/1/3 9994/1/3 9767/1/3
f 9764/1/5 9767/1/5 9766/1/5 9765/1/5
f 9774/1/2 9996/1/2 9997/1/2 9780/1/2
f 9771/1/1 9773/1/1 9998/1/1 9999/1/1
f 9771/1/3 9999/1/3 9996/1/3 9774/1/3
f 9999/1/6 9998/1/6 9997/1/6 9996/1/6
f 9978/4/1 10000/4/1 10001/4/1 9979/4/1
f 9979/4/6 10001/4/6 10002/4/6 9980/4/6
f 9978/4/5 9981/4/5 10003/4/5 10000/4/5
f 9980/4/6 10002/4/6 10004/4/6 9982/4/6
f 9981/4/5 9983/4/5 10005/4/5 10003/4/5
f 9754/4/2 9984/4/2 10006/4/2 10007/4/2
f 9982/4/6 10004/4/6 10006/4/6 9984/4/6
f 9983/4/5 9754/4/5 10007/4/5 10005/4/5
f 9757/3/1 9781/3/1 10008/3/1 9985/3/1
f 9759/2/3 9990/2/3 9991/2/3 9760/2/3
f 9761/1/3 9992/1/3 10009/1/3 9762/1/3
f 9762/1/3 10009/1/3 9993/1/3 9763/1/3
f 10010/1/6 10011/1/6 10012/1/6 9995/1/6
f 9766/1/3 9995/1/3 10013/1/3 9770/1/3
f 9995/1/6 10012/1/6 10014/1/6 10013/1/6
f 9770/1/3 10013/1/3 9998/1/3 9773/1/3
f 10013/1/6 10014/1/6 10015/1/6 9998/1/6
f 9780/1/2 9997/1/2 10016/1/2 9783/1/2
f 9998/1/6 10015/1/6 10016/1/6 9997/1/6
f 10000/4/1 10017/4/1 10018/4/1 10001/4/1
f 10001/4/6 10018/4/6 10019/4/6 10002/4/6
f 10000/4/5 10003/4/5 10020/4/5 10017/4/5
f 10002/4/6 10019/4/6 10021/4/6 10004/4/6
f 10003/4/5 10005/4/5 10022/4/5 10020/4/5
f 10007/4/2 10006/4/2 10023/4/2 10024/4/2
f 10004/4/6 10021/4/6 10023/4/6 10006/4/6
f 10005/4/5 10007/4/5 10024/4/5 10022/4/5
f 9781/3/1 9784/3/1 10025/3/1 10008/3/1
f 10011/1/6 10026/1/6 10027/1/6 10012/1/6
f 10012/1/6 10027/1/6 10028/1/6 10014/1/6
f 10014/1/6 10028/1/6 10029/1/6 10015/1/6
f 10015/1/6 10029/1/6 10030/1/6 10016/1/6
f 9782/1/2 10031/1/2 10032/1/2 9785/1/2
f 9783/1/3 10016/1/3 10031/1/3 9782/1/3
f 10016/1/6 10030/1/6 10032/1/6 10031/1/6
f 10017/4/1 10033/4/1 10034/4/1 10018/4/1
f 10018/4/6 10034/4/6 10035/4/6 10019/4/6
f 10017/4/5 10020/4/5 10036/4/5 10033/4/5
f 10019/4/6 10035/4/6 10037/4/6 10021/4/6
f 10020/4/5 10022/4/5 10038/4/5 10036/4/5
f 10021/4/6 10037/4/6 10039/4/6 10023/4/6
f 10022/4/5 10024/4/5 10040/4/5 10038/4/5
f 10024/3/3 10023/3/3 10025/3/3 9784/3/3
f 10040/3/4 9786/3/4 10041/3/4 10039/3/4
f 10023/3/6 10039/3/6 10041/3/6 10025/3/6
f 10024/3/5 9784/3/5 9786/3/5 10040/3/5
f 10026/1/6 10042/1/6 10043/1/6 10027/1/6
f 10027/1/6 10043/1/6 10044/1/6 10028/1/6
f 10028/1/6 10044/1/6 10045/1/6 10029/1/6
f 9785/1/2 10032/1/2 10046/1/2 9788/1/2
f 10030/1/6 10047/1/6 10046/1/6 10032/1/6
f 10033/4/1 10048/4/1 10049/4/1 10034/4/1
f 10034/4/6 10049/4/6 10050/4/6 10035/4/6
f 10033/4/5 10036/4/5 10051/4/5 10048/4/5
f 10035/4/6 10050/4/6 10052/4/6 10037/4/6
f 10036/4/5 10038/4/5 10053/4/5 10051/4/5
f 10040/4/2 10039/4/2 10054/4/2 10055/4/2
f 10037/4/6 10052/4/6 10054/4/6 10039/4/6
f 10038/4/5 10040/4/5 10055/4/5 10053/4/5
f 9786/3/1 9792/3/1 10056/3/1 10041/3/1
f 9788/1/3 10046/1/3 10057/1/3 9789/1/3
f 9791/2/2 10058/2/2 10059/2/2 9794/2/2
f 9789/2/3 10057/2/3 10058/2/3 9791/2/3
f 10057/2/6 10060/2/6 10059/2/6 10058/2/6
f 9796/1/2 10061/1/2 10062/1/2 9797/1/2
f 9793/1/1 9795/1/1 10063/1/1 10064/1/1
f 9793/1/3 10064/1/3 10061/1/3 9796/1/3
f 10064/1/6 10063/1/6 10062/1/6 10061/1/6
f 10048/4/1 10065/4/1 10066/4/1 10049/4/1
f 10049/4/6 10066/4/6 10067/4/6 10050/4/6
f 10048/4/5 10051/4/5 10068/4/5 10065/4/5
f 10050/4/6 10067/4/6 10069/4/6 10052/4/6
f 10051/4/5 10053/4/5 10070/4/5 10068/4/5
f 10055/4/2 10054/4/2 10071/4/2 10072/4/2
f 10052/4/6 10069/4/6 10071/4/6 10054/4/6
f 10053/4/5 10055/4/5 10072/4/5 10070/4/5
f 9792/3/1 9798/3/1 10073/3/1 10056/3/1
f 9794/1/2 10059/1/2 10074/1/2 9799/1/2
f 9797/1/2 10062/1/2 10075/1/2 9801/1/2
f 9795/1/1 9800/1/1 10076/1/1 10063/1/1
f 10065/4/1 10077/4/1 10078/4/1 10066/4/1
f 10066/4/6 10078/4/6 10079/4/6 10067/4/6
f 10065/4/5 10068/4/5 10080/4/5 10077/4/5
f 10067/4/6 10079/4/6 10081/4/6 10069/4/6
f 10068/4/5 10070/4/5 10082/4/5 10080/4/5
f 10072/4/2 10071/4/2 10083/4/2 10084/4/2
f 10069/4/6 10081/4/6 10083/4/6 10071/4/6
f 10070/4/5 10072/4/5 10084/4/5 10082/4/5
f 9798/3/1 9803/3/1 10085/3/1 10073/3/1
f 9799/1/3 10074/1/3 10076/1/3 9800/1/3
f 9801/1/2 10075/1/2 10086/1/2 9804/1/2
f 10077/4/1 10087/4/1 10088/4/1 10078/4/1
f 10078/4/6 10088/4/6 10089/4/6 10079/4/6
f 10077/4/5 10080/4/5 10090/4/5 10087/4/5
f 10079/4/6 10089/4/6 10091/4/6 10081/4/6
f 10080/4/5 10082/4/5 10092/4/5 10090/4/5
f 10084/4/2 10083/4/2 10093/4/2 10094/4/2
f 10081/4/6 10091/4/6 10093/4/6 10083/4/6
f 10082/4/5 10084/4/5 10094/4/5 10092/4/5
f 9803/3/1 9806/3/1 10095/3/1 10085/3/1
f 9804/1/2 10086/1/2 10096/1/2 9807/1/2
f 10087/4/1 10097/4/1 10098/4/1 10088/4/1
f 10088/4/6 10098/4/6 10099/4/6 10089/4/6
f 10087/4/5 10090/4/5 10100/4/5 10097/4/5
f 10089/4/6 10099/4/6 10101/4/6 10091/4/6
f 10090/4/5 10092/4/5 10102/4/5 10100/4/5
f 10091/4/6 10101/4/6 10103/4/6 10093/4/6
f 10092/4/5 10094/4/5 10104/4/5 10102/4/5
f 10094/3/3 10093/3/3 10095/3/3 9806/3/3
f 10104/3/4 9810/3/4 10105/3/4 10103/3/4
f 10094/3/5 9806/3/5 9810/3/5 10104/3/5
f 9807/1/2 10096/1/2 10106/1/2 10107/1/2
f 9811/1/4 10107/1/4 10106/1/4 10108/1/4
f 10109/1/6 10108/1/6 10106/1/6 10096/1/6
f 9808/1/5 9807/1/5 10107/1/5 9811/1/5
f 10097/4/1 10110/4/1 10111/4/1 10098/4/1
f 10098/4/6 10111/4/6 10112/4/6 10099/4/6
f 10097/4/5 10100/4/5 10113/4/5 10110/4/5
f 10099/4/6 10112/4/6 10114/4/6 10101/4/6
f 10100/4/5 10102/4/5 10115/4/5 10113/4/5
f 10104/4/2 10103/4/2 10116/4/2 10117/4/2
f 10101/4/6 10114/4/6 10116/4/6 10103/4/6
f 10102/4/5 10104/4/5 10117/4/5 10115/4/5
f 9810/3/1 9812/3/1 10118/3/1 10105/3/1
f 9811/1/2 10108/1/2 10119/1/2 9813/1/2
f 10110/4/1 10120/4/1 10121/4/1 10111/4/1
f 10111/4/6 10121/4/6 10122/4/6 10112/4/6
f 10110/4/5 10113/4/5 10123/4/5 10120/4/5
f 10112/4/6 10122/4/6 10124/4/6 10114/4/6
f 10113/4/5 10115/4/5 10125/4/5 10123/4/5
f 10117/4/2 10116/4/2 10126/4/2 10127/4/2
f 10114/4/6 10124/4/6 10126/4/6 10116/4/6
f 10115/4/5 10117/4/5 10127/4/5 10125/4/5
f 9812/3/1 9814/3/1 10128/3/1 10118/3/1
f 9813/7/2 10119/7/2 10129/7/2 9817/7/2
f 10120/4/1 10130/4/1 10131/4/1 10121/4/1
f 10121/4/6 10131/4/6 10132/4/6 10122/4/6
f 10120/4/5 10123/4/5 10133/4/5 10130/4/5
f 10122/4/6 10132/4/6 10134/4/6 10124/4/6
f 10123/4/5 10125/4/5 10135/4/5 10133/4/5
f 10124/4/6 10134/4/6 10136/4/6 10126/4/6
f 10125/4/5 10127/4/5 10137/4/5 10135/4/5
f 10127/3/3 10126/3/3 10128/3/3 9814/3/3
f 10126/3/6 10136/3/6 10138/3/6 10128/3/6
f 10127/3/5 9814/3/5 9818/3/5 10137/3/5
f 9816/7/2 10139/7/2 10140/7/2 9819/7/2
f 9817/7/3 10129/7/3 10139/7/3 9816/7/3
f 10129/7/6 10141/7/6 10140/7/6 10139/7/6
f 10130/4/1 10142/4/1 10143/4/1 10131/4/1
f 10131/4/6 10143/4/6 10144/4/6 10132/4/6
f 10130/4/5 10133/4/5 10145/4/5 10142/4/5
f 10132/4/6 10144/4/6 10146/4/6 10134/4/6
f 10133/4/5 10135/4/5 10147/4/5 10145/4/5
f 10135/4/5 10137/4/5 10148/4/5 10147/4/5
f 10137/3/5 9818/3/5 9820/3/5 10148/3/5
f 9819/1/2 10140/1/2 10149/1/2 9821/1/2
f 9824/1/4 9821/1/4 10149/1/4 10150/1/4
f 10141/1/6 10150/1/6 10149/1/6 10140/1/6
f 10142/4/1 10151/4/1 10152/4/1 10143/4/1
f 10143/4/6 10152/4/6 10153/4/6 10144/4/6
f 10142/4/5 10145/4/5 10154/4/5 10151/4/5
f 10144/4/6 10153/4/6 10155/4/6 10146/4/6
f 10145/4/5 10147/4/5 10156/4/5 10154/4/5
f 10147/4/5 10148/4/5 10157/4/5 10156/4/5
f 10148/3/5 9820/3/5 9822/3/5 10157/3/5
f 9824/1/2 10150/1/2 10158/1/2 9825/1/2
f 10151/4/1 10159/4/1 10160/4/1 10152/4/1
f 10152/4/6 10160/4/6 10161/4/6 10153/4/6
f 10151/4/5 10154/4/5 10162/4/5 10159/4/5
f 10153/4/6 10161/4/6 10163/4/6 10155/4/6
f 10154/4/5 10156/4/5 10164/4/5 10162/4/5
f 10156/4/5 10157/4/5 10165/4/5 10164/4/5
f 10157/4/5 9822/4/5 9826/4/5 10165/4/5
f 9825/1/2 10158/1/2 10166/1/2 9828/1/2
f 10159/4/1 9838/4/1 10167/4/1 10160/4/1
f 10160/4/6 10167/4/6 10168/4/6 10161/4/6
f 10159/4/5 10162/4/5 10169/4/5 9838/4/5
f 10161/4/6 10168/4/6 10170/4/6 10163/4/6
f 10162/4/5 10164/4/5 10171/4/5 10169/4/5
f 10164/4/5 10165/4/5 10172/4/5 10171/4/5
f 10165/4/5 9826/4/5 9829/4/5 10172/4/5
f 9828/1/2 10166/1/2 10173/1/2 9830/1/2
f 9835/4/1 9836/4/1 10174/4/1 10175/4/1
f 9835/4/3 10175/4/3 10167/4/3 9838/4/3
f 10175/4/6 10174/4/6 10176/4/6 10167/4/6
f 10167/4/6 10176/4/6 10177/4/6 10168/4/6
f 9838/4/5 10169/4/5 10178/4/5 9839/4/5
f 10168/4/6 10177/4/6 10179/4/6 10170/4/6
f 10169/4/5 10171/4/5 10180/4/5 10178/4/5
f 10171/4/5 10172/4/5 10181/4/5 10180/4/5
f 10172/3/5 9829/3/5 9841/3/5 10181/3/5
f 10182/1/2 10183/1/2 10184/1/2 10185/1/2
f 9830/1/3 10173/1/3 10183/1/3 10182/1/3
f 10173/1/6 10186/1/6 10184/1/6 10183/1/6
f 9830/1/5 10182/1/5 10185/1/5 9842/1/5
f 9836/4/1 9845/4/1 10187/4/1 10174/4/1
f 10174/4/6 10187/4/6 10188/4/6 10176/4/6
f 10176/4/6 10188/4/6 10189/4/6 10177/4/6
f 9839/4/5 10178/4/5 10190/4/5 9846/4/5
f 10177/4/6 10189/4/6 10191/4/6 10179/4/6
f 10178/4/5 10180/4/5 10192/4/5 10190/4/5
f 10180/4/5 10181/4/5 10193/4/5 10192/4/5
f 10181/3/5 9841/3/5 9848/3/5 10193/3/5
f 10185/1/2 10184/1/2 10194/1/2 9856/1/2
f 9849/1/4 9856/1/4 10194/1/4 10195/1/4
f 10186/1/6 10195/1/6 10194/1/6 10184/1/6
f 9842/1/5 10185/1/5 9856/1/5 9849/1/5
f 9845/4/1 9852/4/1 10196/4/1 10187/4/1
f 10187/4/6 10196/4/6 10197/4/6 10188/4/6
f 10188/4/6 10197/4/6 10198/4/6 10189/4/6
f 9846/4/5 10190/4/5 10199/4/5 9853/4/5
f 10189/4/6 10198/4/6 10200/4/6 10191/4/6
f 10190/4/5 10192/4/5 10201/4/5 10199/4/5
f 10192/4/5 10193/4/5 10202/4/5 10201/4/5
f 10193/3/5 9848/3/5 9855/3/5 10202/3/5
f 9849/1/2 10195/1/2 10203/1/2 9858/1/2
f 9865/1/4 9858/1/4 10203/1/4 10204/1/4
f 10205/1/6 10204/1/6 10203/1/6 10195/1/6
f 9852/4/1 9861/4/1 10206/4/1 10196/4/1
f 10196/4/6 10206/4/6 10207/4/6 10197/4/6
f 10197/4/6 10207/4/6 10208/4/6 10198/4/6
f 9853/4/5 10199/4/5 10209/4/5 9862/4/5
f 10198/4/6 10208/4/6 10210/4/6 10200/4/6
f 10199/4/5 10201/4/5 10211/4/5 10209/4/5
f 10201/4/5 10202/4/5 10212/4/5 10211/4/5
f 10202/3/5 9855/3/5 9864/3/5 10212/3/5
f 10213/1/6 10214/1/6 10215/1/6 10216/1/6
f 9865/1/2 10204/1/2 10217/1/2 9866/1/2
f 9861/4/1 9871/4/1 10218/4/1 10206/4/1
f 9871/4/4 9872/4/4 10219/4/4 10218/4/4
f 10206/4/6 10218/4/6 10219/4/6 10207/4/6
f 10207/4/6 10219/4/6 10220/4/6 10208/4/6
f 9862/4/5 10209/4/5 10221/4/5 9872/4/5
f 10208/4/6 10220/4/6 10222/4/6 10210/4/6
f 10209/4/5 10211/4/5 10223/4/5 10221/4/5
f 10211/4/5 10212/4/5 10224/4/5 10223/4/5
f 10212/3/5 9864/3/5 9874/3/5 10224/3/5
f 9867/1/2 10225/1/2 10226/1/2 9875/1/2
f 9866/1/3 10217/1/3 10225/1/3 9867/1/3
f 10217/1/6 10227/1/6 10226/1/6 10225/1/6
f 9872/4/1 10228/4/1 10229/4/1 10219/4/1
f 10228/4/4 10230/4/4 10231/4/4 10229/4/4
f 10219/4/6 10229/4/6 10231/4/6 10220/4/6
f 9872/4/5 10221/4/5 10230/4/5 10228/4/5
f 10230/4/4 10232/4/4 10233/4/4 10231/4/4
f 10220/4/6 10231/4/6 10233/4/6 10222/4/6
f 10221/4/5 10223/4/5 10232/4/5 10230/4/5
f 10223/4/5 10224/4/5 10234/4/5 10232/4/5
f 10224/3/5 9874/3/5 9877/3/5 10234/3/5
f 9875/1/2 10226/1/2 10235/1/2 9880/1/2
f 9878/1/4 9880/1/4 10235/1/4 10236/1/4
f 10227/1/6 10236/1/6 10235/1/6 10226/1/6
f 9876/1/5 9875/1/5 9880/1/5 9878/1/5
f 10232/4/1 10237/4/1 10238/4/1 10233/4/1
f 10232/4/5 10234/4/5 10239/4/5 10237/4/5
f 10239/4/4 9879/4/4 10240/4/4 10241/4/4
f 10234/4/5 9877/4/5 9879/4/5 10239/4/5
f 9878/1/2 10236/1/2 10242/1/2 9882/1/2
f 10239/4/2 10241/4/2 10243/4/2 10244/4/2
f 10237/4/1 10245/4/1 10246/4/1 10238/4/1
f 10245/4/4 10244/4/4 10243/4/4 10246/4/4
f 10238/4/6 10246/4/6 10243/4/6 10241/4/6
f 10237/4/5 10239/4/5 10244/4/5 10245/4/5
f 9879/3/1 9883/3/1 10247/3/1 10240/3/1
f 9881/1/2 10248/1/2 10249/1/2 9884/1/2
f 9882/1/3 10242/1/3 10248/1/3 9881/1/3
f 10242/1/6 10250/1/6 10249/1/6 10248/1/6
f 10244/4/1 10251/4/1 10252/4/1 10243/4/1
f 10244/4/3 10243/4/3 10247/4/3 9883/4/3
f 10244/4/5 9883/4/5 9885/4/5 10251/4/5
f 10253/2/6 10254/2/6 10255/2/6 10250/2/6
f 10250/1/6 10255/1/6 10256/1/6 10249/1/6
f 10257/1/2 10258/1/2 10259/1/2 10260/1/2
f 9884/1/3 10249/1/3 10258/1/3 10257/1/3
f 9893/1/4 10260/1/4 10259/1/4 10256/1/4
f 10249/1/6 10256/1/6 10259/1/6 10258/1/6
f 9884/1/5 10257/1/5 10260/1/5 9893/1/5
f 10261/4/1 10262/4/1 10263/4/1 10264/4/1
f 10261/4/3 10264/4/3 10252/4/3 10251/4/3
f 10262/4/4 10265/4/4 10266/4/4 10263/4/4
f 10261/4/5 10251/4/5 10265/4/5 10262/4/5
f 10265/4/4 9898/4/4 10267/4/4 10266/4/4
f 10251/4/5 9885/4/5 9898/4/5 10265/4/5
f 9885/3/5 9886/3/5 9899/3/5 9898/3/5
f 9886/3/5 9887/3/5 9900/3/5 9899/3/5
f 9887/1/5 9888/1/5 9901/1/5 9900/1/5
f 9888/1/5 9889/1/5 9902/1/5 9901/1/5
f 9889/1/5 9890/1/5 9903/1/5 9902/1/5
f 9890/1/5 9891/1/5 9904/1/5 9903/1/5
f 9891/1/5 9892/1/5 9894/1/5 9904/1/5
f 9893/1/2 10256/1/2 10268/1/2 9895/1/2
f 9898/3/1 9897/3/1 10269/3/1 10267/3/1
f 9895/1/2 10268/1/2 10270/1/2 9908/1/2
f 9896/1/5 9895/1/5 9908/1/5 9905/1/5
f 9897/3/1 9907/3/1 10271/3/1 10269/3/1
f 9908/1/2 10270/1/2 10272/1/2 9909/1/2
f 10273/1/6 10274/1/6 10272/1/6 10270/1/6
f 9907/3/1 9911/3/1 10275/3/1 10271/3/1
f 10276/1/6 10277/1/6 10278/1/6 10279/1/6
f 9909/1/2 10272/1/2 10280/1/2 9912/1/2
f 10274/1/6 10281/1/6 10280/1/6 10272/1/6
f 9911/3/1 9914/3/1 10282/3/1 10275/3/1
f 9915/3/4 9919/3/4 10283/3/4 10284/3/4
f 9919/1/4 9921/1/4 10285/1/4 10283/1/4
f 9924/1/4 9925/1/4 10286/1/4 10287/1/4
f 9930/1/4 9932/1/4 10288/1/4 10289/1/4
f 10277/1/6 10289/1/6 10288/1/6 10278/1/6
f 9932/1/4 9934/1/4 10290/1/4 10288/1/4
f 9912/1/2 10280/1/2 10291/1/2 9916/1/2
f 9934/1/4 9916/1/4 10291/1/4 10290/1/4
f 10281/1/6 10290/1/6 10291/1/6 10280/1/6
f 10292/3/1 10293/3/1 10294/3/1 10295/3/1
f 10292/3/3 10295/3/3 10282/3/3 9914/3/3
f 10293/3/4 10296/3/4 10297/3/4 10294/3/4
f 10295/3/6 10294/3/6 10297/3/6 10282/3/6
f 10292/3/5 9914/3/5 10296/3/5 10293/3/5
f 9915/3/2 10284/3/2 10298/3/2 9917/3/2
f 9914/3/5 9915/3/5 9917/3/5 10296/3/5
f 9924/1/2 10287/1/2 10299/1/2 9923/1/2
f 9921/1/1 9920/1/1 10300/1/1 10285/1/1
f 9920/1/4 9923/1/4 10299/1/4 10300/1/4
f 9925/1/1 9922/1/1 10301/1/1 10286/1/1
f 9922/1/4 9926/1/4 10302/1/4 10301/1/4
f 9928/1/4 9927/1/4 10303/1/4 10304/1/4
f 9930/2/2 10289/2/2 10305/2/2 9929/2/2
f 9927/2/4 9929/2/4 10305/2/4 10303/2/4
f 9917/3/2 10298/3/2 10306/3/2 10307/3/2
f 10296/3/1 10308/3/1 10309/3/1 10297/3/1
f 10308/3/4 10307/3/4 10306/3/4 10309/3/4
f 10296/3/5 9917/3/5 10307/3/5 10308/3/5
f 9926/1/1 9940/1/1 10310/1/1 10302/1/1
f 9943/2/4 9942/2/4 10311/2/4 10312/2/4
f 9942/2/4 9944/2/4 10313/2/4 10311/2/4
f 9928/1/2 10304/1/2 10314/1/2 9946/1/2
f 9940/1/1 10315/1/1 10316/1/1 10310/1/1
f 10315/1/4 9951/1/4 10317/1/4 10316/1/4
f 9940/1/5 9941/1/5 9951/1/5 10315/1/5
f 9943/2/2 10312/2/2 10318/2/2 9950/2/2
f 9951/2/4 9950/2/4 10318/2/4 10317/2/4
f 10319/2/6 10317/2/6 10318/2/6 10312/2/6
f 9944/2/1 10320/2/1 10321/2/1 10313/2/1
f 10320/2/4 10322/2/4 10323/2/4 10321/2/4
f 9944/2/5 9945/2/5 10322/2/5 10320/2/5
f 9946/2/2 10314/2/2 10324/2/2 10325/2/2
f 10322/2/4 10325/2/4 10324/2/4 10323/2/4
f 9945/2/5 9946/2/5 10325/2/5 10322/2/5
f 10326/1/1 10327/1/1 10328/1/1 10329/1/1
f 10326/1/3 10329/1/3 10330/1/3 9977/1/3
f 10326/1/5 9977/1/5 9976/1/5 10327/1/5
f 9974/1/2 10331/1/2 10332/1/2 9975/1/2
f 9977/1/3 10330/1/3 10331/1/3 9974/1/3
f 9986/3/1 9985/3/1 10333/3/1 10334/3/1
f 9986/3/3 10334/3/3 10335/3/3 9987/3/3
f 9987/3/3 10335/3/3 10336/3/3 9988/3/3
f 9989/3/2 10337/3/2 10338/3/2 9990/3/2
f 9988/3/3 10336/3/3 10337/3/3 9989/3/3
f 9967/1/1 9991/1/1 10339/1/1 10340/1/1
f 9967/1/3 10340/1/3 10341/1/3 9970/1/3
f 9972/2/2 10342/2/2 10343/2/2 9992/2/2
f 9970/2/3 10341/2/3 10342/2/3 9972/2/3
f 10327/1/1 10009/1/1 10344/1/1 10328/1/1
f 10327/1/5 9976/1/5 9993/1/5 10009/1/5
f 9975/1/3 10332/1/3 10345/1/3 9994/1/3
f 10010/1/4 9995/1/4 10346/1/4 10347/1/4
f 9994/1/3 10345/1/3 10348/1/3 10349/1/3
f 9995/1/4 10013/1/4 10350/1/4 10346/1/4
f 9994/1/5 10349/1/5 10013/1/5 9995/1/5
f 9999/1/2 10351/1/2 10352/1/2 9998/1/2
f 10349/1/3 10348/1/3 10351/1/3 9999/1/3
f 10013/1/4 9998/1/4 10352/1/4 10350/1/4
f 10348/1/6 10350/1/6 10352/1/6 10351/1/6
f 10349/1/5 9999/1/5 9998/1/5 10013/1/5
f 9985/3/1 10008/3/1 10353/3/1 10333/3/1
f 9990/3/3 10338/3/3 10339/3/3 9991/3/3
f 9992/1/3 10343/1/3 10344/1/3 10009/1/3
f 10010/1/2 10347/1/2 10354/1/2 10011/1/2
f 10008/3/1 10025/3/1 10355/3/1 10353/3/1
f 10011/1/2 10354/1/2 10356/1/2 10026/1/2
f 10025/3/1 10041/3/1 10357/3/1 10355/3/1
f 10026/1/2 10356/1/2 10358/1/2 10042/1/2
f 10030/1/2 10359/1/2 10360/1/2 10047/1/2
f 10029/1/1 10045/1/1 10361/1/1 10362/1/1
f 10029/1/3 10362/1/3 10359/1/3 10030/1/3
f 10362/1/6 10361/1/6 10360/1/6 10359/1/6
f 10041/3/1 10056/3/1 10363/3/1 10357/3/1
f 10042/1/3 10358/1/3 10364/1/3 10043/1/3
f 10043/1/3 10364/1/3 10365/1/3 10044/1/3
f 10044/1/3 10365/1/3 10361/1/3 10045/1/3
f 10047/1/3 10360/1/3 10366/1/3 10046/1/3
f 10360/1/6 10367/1/6 10368/1/6 10366/1/6
f 10057/1/2 10369/1/2 10370/1/2 10060/1/2
f 10046/1/3 10366/1/3 10369/1/3 10057/1/3
f 10366/1/6 10368/1/6 10370/1/6 10369/1/6
f 10056/3/1 10073/3/1 10371/3/1 10363/3/1
f 10372/1/6 10373/1/6 10374/1/6 10375/1/6
f 10059/1/2 10376/1/2 10377/1/2 10074/1/2
f 10060/1/3 10370/1/3 10376/1/3 10059/1/3
f 10062/1/2 10378/1/2 10379/1/2 10075/1/2
f 10063/1/1 10076/1/1 10380/1/1 10381/1/1
f 10063/1/3 10381/1/3 10378/1/3 10062/1/3
f 10381/1/6 10380/1/6 10379/1/6 10378/1/6
f 10073/3/1 10085/3/1 10382/3/1 10371/3/1
f 10074/1/3 10377/1/3 10380/1/3 10076/1/3
f 10075/1/2 10379/1/2 10383/1/2 10086/1/2
f 10083/3/1 10093/3/1 10384/3/1 10385/3/1
f 10083/3/3 10385/3/3 10382/3/3 10085/3/3
f 10385/3/6 10384/3/6 10386/3/6 10382/3/6
f 10083/3/5 10085/3/5 10095/3/5 10093/3/5
f 10387/1/6 10388/1/6 10389/1/6 10390/1/6
f 10086/1/2 10383/1/2 10391/1/2 10096/1/2
f 10109/1/4 10096/1/4 10391/1/4 10392/1/4
f 10093/3/1 10103/3/1 10393/3/1 10384/3/1
f 10384/3/6 10393/3/6 10394/3/6 10386/3/6
f 10109/1/2 10392/1/2 10395/1/2 10108/1/2
f 10103/3/1 10116/3/1 10396/3/1 10393/3/1
f 10116/3/4 10118/3/4 10397/3/4 10396/3/4
f 10103/3/5 10105/3/5 10118/3/5 10116/3/5
f 10398/1/6 10399/1/6 10400/1/6 10401/1/6
f 10108/1/2 10395/1/2 10402/1/2 10119/1/2
f 10118/3/1 10128/3/1 10403/3/1 10397/3/1
f 10404/1/2 10405/1/2 10406/1/2 10139/1/2
f 10119/1/3 10402/1/3 10405/1/3 10404/1/3
f 10129/1/4 10139/1/4 10406/1/4 10407/1/4
f 10119/1/5 10404/1/5 10139/1/5 10129/1/5
f 10128/3/1 10138/3/1 10408/3/1 10403/3/1
f 10409/1/6 10410/1/6 10411/1/6 10412/1/6
f 10412/1/6 10411/1/6 10413/1/6 10414/1/6
f 10129/1/2 10407/1/2 10415/1/2 10141/1/2
f 10414/1/6 10413/1/6 10415/1/6 10407/1/6
f 10134/4/1 10146/4/1 10416/4/1 10417/4/1
f 10134/4/3 10417/4/3 10418/4/3 10136/4/3
f 10136/4/3 10418/4/3 10408/4/3 10138/4/3
f 10410/1/6 10419/1/6 10420/1/6 10411/1/6
f 10411/1/6 10420/1/6 10421/1/6 10413/1/6
f 10141/1/2 10415/1/2 10422/1/2 10150/1/2
f 10413/1/6 10421/1/6 10422/1/6 10415/1/6
f 10146/4/1 10155/4/1 10423/4/1 10416/4/1
f 10424/1/6 10425/1/6 10426/1/6 10427/1/6
f 10419/1/6 10428/1/6 10429/1/6 10420/1/6
f 10420/1/6 10429/1/6 10430/1/6 10421/1/6
f 10150/1/2 10422/1/2 10431/1/2 10158/1/2
f 10421/1/6 10430/1/6 10431/1/6 10422/1/6
f 10155/4/1 10163/4/1 10432/4/1 10423/4/1
f 10433/1/6 10434/1/6 10435/1/6 10436/1/6
f 10437/1/6 10438/1/6 10439/1/6 10428/1/6
f 10158/1/2 10431/1/2 10440/1/2 10166/1/2
f 10163/4/1 10170/4/1 10441/4/1 10432/4/1
f 10439/1/6 10442/1/6 10443/1/6 10444/1/6
f 10444/1/6 10443/1/6 10445/1/6 10446/1/6
f 10166/1/2 10440/1/2 10447/1/2 10173/1/2
f 10170/4/1 10179/4/1 10448/4/1 10441/4/1
f 10442/1/6 10449/1/6 10450/1/6 10443/1/6
f 10173/1/2 10447/1/2 10451/1/2 10186/1/2
f 10179/4/1 10191/4/1 10452/4/1 10448/4/1
f 10186/1/2 10451/1/2 10453/1/2 10195/1/2
f 10205/1/4 10195/1/4 10453/1/4 10454/1/4
f 10191/4/1 10200/4/1 10455/4/1 10452/4/1
f 10213/1/4 10216/1/4 10456/1/4 10457/1/4
f 10205/1/2 10454/1/2 10458/1/2 10204/1/2
f 10459/1/6 10460/1/6 10458/1/6 10454/1/6
f 10200/4/1 10210/4/1 10461/4/1 10455/4/1
f 10213/1/2 10457/1/2 10462/1/2 10214/1/2
f 10216/1/1 10215/1/1 10463/1/1 10456/1/1
f 10456/1/6 10463/1/6 10464/1/6 10460/1/6
f 10204/1/2 10458/1/2 10465/1/2 10217/1/2
f 10460/1/6 10464/1/6 10465/1/6 10458/1/6
f 10210/4/1 10222/4/1 10466/4/1 10461/4/1
f 10214/1/3 10462/1/3 10463/1/3 10215/1/3
f 10217/1/2 10465/1/2 10467/1/2 10227/1/2
f 10222/4/1 10233/4/1 10468/4/1 10466/4/1
f 10227/1/2 10467/1/2 10469/1/2 10236/1/2
f 10470/1/6 10471/1/6 10469/1/6 10467/1/6
f 10472/1/2 10473/1/2 10474/1/2 10475/1/2
f 10226/1/1 10235/1/1 10476/1/1 10477/1/1
f 10226/1/3 10477/1/3 10473/1/3 10472/1/3
f 10235/1/4 10475/1/4 10474/1/4 10476/1/4
f 10477/1/6 10476/1/6 10474/1/6 10473/1/6
f 10226/1/5 10472/1/5 10475/1/5 10235/1/5
f 10233/4/1 10238/4/1 10478/4/1 10468/4/1
f 10238/4/4 10241/4/4 10479/4/4 10478/4/4
f 10241/4/4 10240/4/4 10480/4/4 10479/4/4
f 10481/1/6 10482/1/6 10483/1/6 10484/1/6
f 10485/1/6 10486/1/6 10487/1/6 10488/1/6
f 10489/1/6 10490/1/6 10491/1/6 10492/1/6
f 10235/1/2 10476/1/2 10493/1/2 10248/1/2
f 10236/1/3 10469/1/3 10476/1/3 10235/1/3
f 10242/1/4 10248/1/4 10493/1/4 10494/1/4
f 10469/1/6 10494/1/6 10493/1/6 10476/1/6
f 10236/1/5 10235/1/5 10248/1/5 10242/1/5
f 10240/3/1 10247/3/1 10495/3/1 10480/3/1
f 10490/1/6 10496/1/6 10497/1/6 10491/1/6
f 10498/1/6 10499/1/6 10500/1/6 10501/1/6
f 10242/1/2 10494/1/2 10502/1/2 10250/1/2
f 10253/1/4 10250/1/4 10502/1/4 10500/1/4
f 10243/3/1 10252/3/1 10503/3/1 10504/3/1
f 10243/3/3 10504/3/3 10495/3/3 10247/3/3
f 10505/1/6 10506/1/6 10507/1/6 10508/1/6
f 10496/1/6 10509/1/6 10510/1/6 10497/1/6
f 10497/1/6 10510/1/6 10511/1/6 10499/1/6
f 10253/2/2 10500/2/2 10512/2/2 10254/2/2
f 10499/2/6 10511/2/6 10512/2/6 10500/2/6
f 10264/4/1 10263/4/1 10513/4/1 10514/4/1
f 10264/4/3 10514/4/3 10503/4/3 10252/4/3
f 10514/4/6 10513/4/6 10515/4/6 10503/4/6
f 10511/1/6 10516/1/6 10517/1/6 10512/1/6
f 10254/1/3 10512/1/3 10518/1/3 10255/1/3
f 10255/1/3 10518/1/3 10519/1/3 10256/1/3
f 10518/1/6 10520/1/6 10521/1/6 10519/1/6
f 10259/1/2 10522/1/2 10523/1/2 10524/1/2
f 10256/1/3 10519/1/3 10522/1/3 10259/1/3
f 10268/1/4 10524/1/4 10523/1/4 10521/1/4
f 10519/1/6 10521/1/6 10523/1/6 10522/1/6
f 10256/1/5 10259/1/5 10524/1/5 10268/1/5
f 10263/4/1 10525/4/1 10526/4/1 10513/4/1
f 10525/4/4 10527/4/4 10528/4/4 10526/4/4
f 10513/4/6 10526/4/6 10528/4/6 10515/4/6
f 10263/4/5 10266/4/5 10527/4/5 10525/4/5
f 10527/3/4 10269/3/4 10529/3/4 10528/3/4
f 10266/3/5 10267/3/5 10269/3/5 10527/3/5
f 10530/7/6 10531/7/6 10532/7/6 10533/7/6
f 10533/7/6 10532/7/6 10534/7/6 10516/7/6
f 10268/7/2 10521/7/2 10535/7/2 10270/7/2
f 10273/7/4 10270/7/4 10535/7/4 10536/7/4
f 10269/3/1 10271/3/1 10537/3/1 10529/3/1
f 10538/1/6 10539/1/6 10540/1/6 10541/1/6
f 10276/7/4 10279/7/4 10542/7/4 10543/7/4
f 10273/7/2 10536/7/2 10544/7/2 10274/7/2
f 10271/3/1 10275/3/1 10545/3/1 10537/3/1
f 10276/1/2 10543/1/2 10546/1/2 10277/1/2
f 10274/1/2 10544/1/2 10547/1/2 10281/1/2
f 10279/1/1 10278/1/1 10548/1/1 10542/1/1
f 10275/3/1 10282/3/1 10549/3/1 10545/3/1
f 10550/3/6 10551/3/6 10552/3/6 10553/3/6
f 10283/3/4 10285/3/4 10554/3/4 10552/3/4
f 10277/1/2 10546/1/2 10555/1/2 10289/1/2
f 10281/1/2 10547/1/2 10556/1/2 10290/1/2
f 10278/1/1 10288/1/1 10557/1/1 10548/1/1
f 10548/1/6 10557/1/6 10556/1/6 10547/1/6
f 10282/2/1 10297/2/1 10558/2/1 10549/2/1
f 10283/3/2 10552/3/2 10559/3/2 10560/3/2
f 10298/3/4 10560/3/4 10559/3/4 10561/3/4
f 10551/3/6 10561/3/6 10559/3/6 10552/3/6
f 10284/3/5 10283/3/5 10560/3/5 10298/3/5
f 10285/1/1 10300/1/1 10562/1/1 10554/1/1
f 10300/1/4 10299/1/4 10563/1/4 10562/1/4
f 10287/1/5 10286/1/5 10301/1/5 10299/1/5
f 10304/1/4 10303/1/4 10564/1/4 10565/1/4
f 10289/1/2 10555/1/2 10566/1/2 10305/1/2
f 10303/1/4 10305/1/4 10566/1/4 10564/1/4
f 10290/1/2 10556/1/2 10567/1/2 10568/1/2
f 10288/1/1 10569/1/1 10570/1/1 10557/1/1
f 10569/1/4 10568/1/4 10567/1/4 10570/1/4
f 10557/1/6 10570/1/6 10567/1/6 10556/1/6
f 10288/1/5 10290/1/5 10568/1/5 10569/1/5
f 10298/2/2 10561/2/2 10571/2/2 10306/2/2
f 10297/2/1 10309/2/1 10572/2/1 10558/2/1
f 10309/2/4 10306/2/4 10571/2/4 10572/2/4
f 10299/2/1 10573/2/1 10574/2/1 10563/2/1
f 10563/2/6 10574/2/6 10575/2/6 10576/2/6
f 10299/2/5 10301/2/5 10577/2/5 10573/2/5
f 10301/1/5 10302/1/5 10310/1/5 10577/1/5
f 10319/1/4 10312/1/4 10578/1/4 10579/1/4
f 10312/1/4 10311/1/4 10580/1/4 10578/1/4
f 10304/1/2 10565/1/2 10581/1/2 10314/1/2
f 10582/1/2 10583/1/2 10584/1/2 10585/1/2
f 10586/1/1 10587/1/1 10588/1/1 10589/1/1
f 10586/1/3 10589/1/3 10583/1/3 10582/1/3
f 10587/1/4 10585/1/4 10584/1/4 10588/1/4
f 10589/1/6 10588/1/6 10584/1/6 10583/1/6
f 10586/1/5 10582/1/5 10585/1/5 10587/1/5
f 10309/3/2 10572/3/2 10590/3/2 10591/3/2
f 10592/3/1 10593/3/1 10594/3/1 10595/3/1
f 10592/3/3 10595/3/3 10572/3/3 10309/3/3
f 10593/3/4 10591/3/4 10590/3/4 10594/3/4
f 10595/3/6 10594/3/6 10590/3/6 10572/3/6
f 10592/3/5 10309/3/5 10591/3/5 10593/3/5
f 10573/3/1 10596/3/1 10597/3/1 10574/3/1
f 10596/3/4 10598/3/4 10599/3/4 10597/3/4
f 10574/3/6 10597/3/6 10599/3/6 10575/3/6
f 10573/3/5 10577/3/5 10598/3/5 10596/3/5
f 10598/3/4 10316/3/4 10600/3/4 10599/3/4
f 10577/3/5 10310/3/5 10316/3/5 10598/3/5
f 10319/1/2 10579/1/2 10601/1/2 10317/1/2
f 10316/1/4 10317/1/4 10601/1/4 10600/1/4
f 10311/2/1 10602/2/1 10603/2/1 10580/2/1
f 10602/2/4 10321/2/4 10604/2/4 10603/2/4
f 10580/2/6 10603/2/6 10604/2/6 10605/2/6
f 10311/2/5 10313/2/5 10321/2/5 10602/2/5
f 10321/2/4 10323/2/4 10606/2/4 10604/2/4
f 10605/2/6 10604/2/6 10606/2/6 10607/2/6
f 10314/1/2 10581/1/2 10608/1/2 10324/1/2
f 10323/1/4 10324/1/4 10608/1/4 10606/1/4
f 10329/2/1 10328/2/1 10609/2/1 10610/2/1
f 10329/2/3 10610/2/3 10611/2/3 10330/2/3
f 10331/2/2 10612/2/2 10613/2/2 10332/2/2
f 10330/2/3 10611/2/3 10612/2/3 10331/2/3
f 10334/3/1 10333/3/1 10614/3/1 10615/3/1
f 10334/3/3 10615/3/3 10616/3/3 10335/3/3
f 10615/3/6 10614/3/6 10617/3/6 10616/3/6
f 10335/3/3 10616/3/3 10618/3/3 10336/3/3
f 10336/3/3 10618/3/3 10619/3/3 10337/3/3
f 10618/3/6 10620/3/6 10621/3/6 10619/3/6
f 10337/3/3 10619/3/3 10622/3/3 10340/3/3
f 10337/3/5 10340/3/5 10339/3/5 10338/3/5
f 10340/1/3 10622/1/3 10623/1/3 10341/1/3
f 10341/1/3 10623/1/3 10624/1/3 10342/1/3
f 10342/2/3 10624/2/3 10609/2/3 10328/2/3
f 10342/2/5 10328/2/5 10344/2/5 10343/2/5
f 10332/1/3 10613/1/3 10625/1/3 10345/1/3
f 10347/1/4 10346/1/4 10626/1/4 10627/1/4
f 10613/1/6 10627/1/6 10626/1/6 10625/1/6
f 10348/1/2 10628/1/2 10629/1/2 10350/1/2
f 10345/1/3 10625/1/3 10628/1/3 10348/1/3
f 10346/1/4 10350/1/4 10629/1/4 10626/1/4
f 10625/1/6 10626/1/6 10629/1/6 10628/1/6
f 10333/3/1 10353/3/1 10630/3/1 10614/3/1
f 10347/1/2 10627/1/2 10631/1/2 10354/1/2
f 10353/3/1 10355/3/1 10632/3/1 10630/3/1
f 10630/3/6 10632/3/6 10633/3/6 10634/3/6
f 10635/3/6 10636/3/6 10637/3/6 10638/3/6
f 10354/1/2 10631/1/2 10639/1/2 10356/1/2
f 10355/3/1 10357/3/1 10640/3/1 10632/3/1
f 10632/3/6 10640/3/6 10641/3/6 10633/3/6
f 10633/3/6 10641/3/6 10642/3/6 10636/3/6
f 10643/1/6 10644/1/6 10645/1/6 10646/1/6
f 10646/1/6 10645/1/6 10647/1/6 10648/1/6
f 10648/2/6 10647/2/6 10649/2/6 10650/2/6
f 10356/1/2 10639/1/2 10651/1/2 10358/1/2
f 10362/2/2 10652/2/2 10653/2/2 10361/2/2
f 10654/2/1 10365/2/1 10655/2/1 10656/2/1
f 10654/2/3 10656/2/3 10652/2/3 10362/2/3
f 10656/2/6 10655/2/6 10653/2/6 10652/2/6
f 10654/2/5 10362/2/5 10361/2/5 10365/2/5
f 10357/3/1 10363/3/1 10657/3/1 10640/3/1
f 10640/3/6 10657/3/6 10658/3/6 10641/3/6
f 10641/3/6 10658/3/6 10659/3/6 10642/3/6
f 10644/1/6 10660/1/6 10661/1/6 10645/1/6
f 10372/1/4 10375/1/4 10662/1/4 10661/1/4
f 10645/1/6 10661/1/6 10662/1/6 10647/1/6
f 10647/2/6 10662/2/6 10663/2/6 10649/2/6
f 10649/1/6 10663/1/6 10664/1/6 10665/1/6
f 10665/1/6 10664/1/6 10666/1/6 10651/1/6
f 10358/1/3 10651/1/3 10667/1/3 10364/1/3
f 10364/2/3 10667/2/3 10655/2/3 10365/2/3
f 10667/2/6 10668/2/6 10669/2/6 10655/2/6
f 10360/1/2 10670/1/2 10671/1/2 10367/1/2
f 10361/1/3 10653/1/3 10670/1/3 10360/1/3
f 10653/1/6 10672/1/6 10671/1/6 10670/1/6
f 10363/3/1 10371/3/1 10673/3/1 10657/3/1
f 10658/3/6 10674/3/6 10675/3/6 10659/3/6
f 10659/2/6 10675/2/6 10676/2/6 10677/2/6
f 10677/3/6 10676/3/6 10678/3/6 10660/3/6
f 10372/1/2 10661/1/2 10679/1/2 10373/1/2
f 10375/2/1 10374/2/1 10680/2/1 10662/2/1
f 10662/2/6 10680/2/6 10681/2/6 10663/2/6
f 10666/1/6 10682/1/6 10683/1/6 10668/1/6
f 10668/1/6 10683/1/6 10684/1/6 10669/1/6
f 10367/1/3 10671/1/3 10685/1/3 10368/1/3
f 10368/1/3 10685/1/3 10686/1/3 10370/1/3
f 10370/1/3 10686/1/3 10687/1/3 10376/1/3
f 10686/1/6 10688/1/6 10689/1/6 10687/1/6
f 10381/2/2 10690/2/2 10691/2/2 10380/2/2
f 10376/2/3 10687/2/3 10690/2/3 10381/2/3
f 10376/2/5 10381/2/5 10380/2/5 10377/2/5
f 10371/3/1 10382/3/1 10692/3/1 10673/3/1
f 10674/2/6 10693/2/6 10694/2/6 10675/2/6
f 10373/1/3 10679/1/3 10680/1/3 10374/1/3
f 10679/1/6 10695/1/6 10696/1/6 10680/1/6
f 10680/2/6 10696/2/6 10697/2/6 10681/2/6
f 10683/1/6 10698/1/6 10699/1/6 10684/1/6
f 10684/1/6 10699/1/6 10700/1/6 10701/1/6
f 10387/1/4 10390/1/4 10702/1/4 10700/1/4
f 10703/1/6 10704/1/6 10705/1/6 10688/1/6
f 10379/1/2 10706/1/2 10707/1/2 10383/1/2
f 10380/1/3 10691/1/3 10706/1/3 10379/1/3
f 10382/3/1 10386/3/1 10708/3/1 10692/3/1
f 10693/3/6 10709/3/6 10710/3/6 10694/3/6
f 10694/3/6 10710/3/6 10711/3/6 10712/3/6
f 10695/1/6 10713/1/6 10714/1/6 10696/1/6
f 10696/2/6 10714/2/6 10715/2/6 10697/2/6
f 10387/1/2 10700/1/2 10716/1/2 10388/1/2
f 10699/1/6 10717/1/6 10716/1/6 10700/1/6
f 10390/1/1 10389/1/1 10718/1/1 10702/1/1
f 10702/1/6 10718/1/6 10719/1/6 10704/1/6
f 10704/1/6 10719/1/6 10720/1/6 10705/1/6
f 10705/1/6 10720/1/6 10721/1/6 10722/1/6
f 10383/1/2 10707/1/2 10723/1/2 10391/1/2
f 10724/1/6 10725/1/6 10723/1/6 10707/1/6
f 10386/3/1 10394/3/1 10726/3/1 10708/3/1
f 10710/3/6 10727/3/6 10728/3/6 10711/3/6
f 10729/1/6 10730/1/6 10731/1/6 10713/1/6
f 10713/1/6 10731/1/6 10732/1/6 10714/1/6
f 10388/1/3 10716/1/3 10718/1/3 10389/1/3
f 10718/1/6 10733/1/6 10734/1/6 10719/1/6
f 10398/1/4 10401/1/4 10735/1/4 10734/1/4
f 10391/1/2 10723/1/2 10736/1/2 10737/1/2
f 10725/1/6 10738/1/6 10736/1/6 10723/1/6
f 10392/1/5 10391/1/5 10737/1/5 10395/1/5
f 10393/3/1 10396/3/1 10739/3/1 10740/3/1
f 10393/3/3 10740/3/3 10726/3/3 10394/3/3
f 10740/3/6 10739/3/6 10741/3/6 10726/3/6
f 10726/3/6 10741/3/6 10742/3/6 10743/3/6
f 10743/3/6 10742/3/6 10744/3/6 10727/3/6
f 10745/1/6 10746/1/6 10747/1/6 10748/1/6
f 10748/1/6 10747/1/6 10749/1/6 10750/1/6
f 10750/2/6 10749/2/6 10751/2/6 10752/2/6
f 10398/1/2 10734/1/2 10753/1/2 10399/1/2
f 10733/1/6 10754/1/6 10753/1/6 10734/1/6
f 10401/1/1 10400/1/1 10755/1/1 10735/1/1
f 10737/1/2 10736/1/2 10756/1/2 10405/1/2
f 10395/1/5 10737/1/5 10405/1/5 10402/1/5
f 10396/3/1 10757/3/1 10758/3/1 10739/3/1
f 10739/3/6 10758/3/6 10759/3/6 10741/3/6
f 10396/3/5 10397/3/5 10403/3/5 10757/3/5
f 10744/3/6 10760/3/6 10761/3/6 10762/3/6
f 10762/3/6 10761/3/6 10763/3/6 10764/3/6
f 10764/1/6 10763/1/6 10765/1/6 10766/1/6
f 10767/1/6 10768/1/6 10769/1/6 10746/1/6
f 10746/1/6 10769/1/6 10770/1/6 10747/1/6
f 10747/2/6 10770/2/6 10771/2/6 10749/2/6
f 10749/2/6 10771/2/6 10772/2/6 10751/2/6
f 10773/1/6 10774/1/6 10775/1/6 10754/1/6
f 10754/1/6 10775/1/6 10776/1/6 10753/1/6
f 10399/1/3 10753/1/3 10755/1/3 10400/1/3
f 10409/1/4 10412/1/4 10777/1/4 10776/1/4
f 10753/1/6 10776/1/6 10777/1/6 10755/1/6
f 10412/1/4 10414/1/4 10778/1/4 10777/1/4
f 10755/1/6 10777/1/6 10778/1/6 10779/1/6
f 10414/1/4 10407/1/4 10780/1/4 10778/1/4
f 10405/1/2 10756/1/2 10781/1/2 10406/1/2
f 10782/1/6 10780/1/6 10781/1/6 10756/1/6
f 10757/3/1 10418/3/1 10783/3/1 10758/3/1
f 10757/3/5 10403/3/5 10408/3/5 10418/3/5
f 10784/3/6 10785/3/6 10786/3/6 10760/3/6
f 10768/1/6 10787/1/6 10788/1/6 10769/1/6
f 10769/1/6 10788/1/6 10789/1/6 10770/1/6
f 10770/1/6 10789/1/6 10790/1/6 10771/1/6
f 10771/1/6 10790/1/6 10791/1/6 10772/1/6
f 10409/1/2 10776/1/2 10792/1/2 10410/1/2
f 10775/1/6 10793/1/6 10792/1/6 10776/1/6
f 10406/1/2 10781/1/2 10794/1/2 10795/1/2
f 10407/1/1 10415/1/1 10796/1/1 10780/1/1
f 10415/1/4 10795/1/4 10794/1/4 10796/1/4
f 10780/1/6 10796/1/6 10794/1/6 10781/1/6
f 10407/1/5 10406/1/5 10795/1/5 10415/1/5
f 10417/4/1 10416/4/1 10797/4/1 10798/4/1
f 10417/4/3 10798/4/3 10783/4/3 10418/4/3
f 10798/4/6 10797/4/6 10799/4/6 10783/4/6
f 10800/3/6 10801/3/6 10802/3/6 10785/3/6
f 10803/3/6 10804/3/6 10805/3/6 10806/3/6
f 10424/2/4 10427/2/4 10807/2/4 10808/2/4
f 10809/2/6 10808/2/6 10807/2/6 10810/2/6
f 10810/1/6 10807/1/6 10811/1/6 10787/1/6
f 10788/1/6 10812/1/6 10813/1/6 10789/1/6
f 10410/1/2 10792/1/2 10814/1/2 10419/1/2
f 10793/1/6 10815/1/6 10814/1/6 10792/1/6
f 10416/4/1 10423/4/1 10816/4/1 10797/4/1
f 10797/4/6 10816/4/6 10817/4/6 10799/4/6
f 10424/1/2 10808/1/2 10818/1/2 10425/1/2
f 10805/1/6 10819/1/6 10818/1/6 10808/1/6
f 10427/2/1 10426/2/1 10820/2/1 10807/2/1
f 10807/2/6 10820/2/6 10821/2/6 10811/2/6
f 10811/1/6 10821/1/6 10822/1/6 10812/1/6
f 10433/1/4 10436/1/4 10823/1/4 10824/1/4
f 10813/1/6 10824/1/6 10823/1/6 10825/1/6
f 10825/2/6 10823/2/6 10826/2/6 10827/2/6
f 10419/1/2 10814/1/2 10828/1/2 10428/1/2
f 10437/1/4 10428/1/4 10828/1/4 10829/1/4
f 10815/1/6 10829/1/6 10828/1/6 10814/1/6
f 10423/4/1 10432/4/1 10830/4/1 10816/4/1
f 10816/4/6 10830/4/6 10831/4/6 10817/4/6
f 10817/4/6 10831/4/6 10832/4/6 10833/4/6
f 10833/3/6 10832/3/6 10834/3/6 10835/3/6
f 10835/3/6 10834/3/6 10836/3/6 10837/3/6
f 10425/1/3 10818/1/3 10820/1/3 10426/1/3
f 10818/1/6 10838/1/6 10839/1/6 10820/1/6
f 10820/1/6 10839/1/6 10840/1/6 10821/1/6
f 10821/1/6 10840/1/6 10841/1/6 10822/1/6
f 10433/1/2 10824/1/2 10842/1/2 10434/1/2
f 10822/1/6 10841/1/6 10842/1/6 10824/1/6
f 10436/2/1 10435/2/1 10843/2/1 10823/2/1
f 10823/2/6 10843/2/6 10844/2/6 10826/2/6
f 10826/1/6 10844/1/6 10845/1/6 10846/1/6
f 10437/1/2 10829/1/2 10847/1/2 10438/1/2
f 10846/1/6 10845/1/6 10847/1/6 10829/1/6
f 10428/1/1 10439/1/1 10848/1/1 10828/1/1
f 10428/1/3 10828/1/3 10849/1/3 10429/1/3
f 10439/1/4 10444/1/4 10850/1/4 10848/1/4
f 10828/1/6 10848/1/6 10850/1/6 10849/1/6
f 10429/1/3 10849/1/3 10851/1/3 10430/1/3
f 10444/1/4 10446/1/4 10852/1/4 10850/1/4
f 10849/1/6 10850/1/6 10852/1/6 10851/1/6
f 10430/1/3 10851/1/3 10853/1/3 10431/1/3
f 10851/1/6 10852/1/6 10854/1/6 10853/1/6
f 10855/1/2 10856/1/2 10857/1/2 10858/1/2
f 10431/1/3 10853/1/3 10856/1/3 10855/1/3
f 10440/1/4 10858/1/4 10857/1/4 10854/1/4
f 10853/1/6 10854/1/6 10857/1/6 10856/1/6
f 10431/1/5 10855/1/5 10858/1/5 10440/1/5
f 10432/4/1 10441/4/1 10859/4/1 10830/4/1
f 10830/4/6 10859/4/6 10860/4/6 10831/4/6
f 10839/1/6 10861/1/6 10862/1/6 10840/1/6
f 10434/1/3 10842/1/3 10843/1/3 10435/1/3
f 10842/1/6 10863/1/6 10864/1/6 10843/1/6
f 10843/2/6 10864/2/6 10865/2/6 10844/2/6
f 10845/1/6 10866/1/6 10867/1/6 10847/1/6
f 10439/1/2 10848/1/2 10868/1/2 10442/1/2
f 10438/1/3 10847/1/3 10848/1/3 10439/1/3
f 10847/1/6 10867/1/6 10868/1/6 10848/1/6
f 10440/1/2 10854/1/2 10869/1/2 10447/1/2
f 10446/1/1 10445/1/1 10870/1/1 10852/1/1
f 10852/1/6 10870/1/6 10869/1/6 10854/1/6
f 10441/4/1 10448/4/1 10871/4/1 10859/4/1
f 10859/4/6 10871/4/6 10872/4/6 10860/4/6
f 10873/3/6 10874/3/6 10875/3/6 10876/3/6
f 10876/3/6 10875/3/6 10877/3/6 10878/3/6
f 10879/1/6 10880/1/6 10881/1/6 10882/1/6
f 10861/1/6 10883/1/6 10884/1/6 10862/1/6
f 10863/1/6 10885/1/6 10886/1/6 10864/1/6
f 10865/1/6 10887/1/6 10888/1/6 10866/1/6
f 10442/1/2 10868/1/2 10889/1/2 10449/1/2
f 10443/1/1 10450/1/1 10890/1/1 10891/1/1
f 10443/1/3 10891/1/3 10870/1/3 10445/1/3
f 10891/1/6 10890/1/6 10892/1/6 10870/1/6
f 10447/1/2 10869/1/2 10893/1/2 10451/1/2
f 10870/1/6 10892/1/6 10893/1/6 10869/1/6
f 10448/4/1 10452/4/1 10894/4/1 10871/4/1
f 10871/4/6 10894/4/6 10895/4/6 10872/4/6
f 10877/3/6 10896/3/6 10897/3/6 10880/3/6
f 10880/1/6 10897/1/6 10898/1/6 10881/1/6
f 10883/1/6 10899/1/6 10900/1/6 10884/1/6
f 10886/1/6 10901/1/6 10902/1/6 10887/1/6
f 10887/1/6 10902/1/6 10903/1/6 10888/1/6
f 10449/1/3 10889/1/3 10890/1/3 10450/1/3
f 10889/1/6 10904/1/6 10905/1/6 10890/1/6
f 10459/1/4 10454/1/4 10906/1/4 10905/1/4
f 10890/1/6 10905/1/6 10906/1/6 10892/1/6
f 10451/1/2 10893/1/2 10907/1/2 10453/1/2
f 10454/1/4 10453/1/4 10907/1/4 10906/1/4
f 10452/4/1 10455/4/1 10908/4/1 10894/4/1
f 10894/4/6 10908/4/6 10909/4/6 10895/4/6
f 10910/3/6 10911/3/6 10912/3/6 10913/3/6
f 10897/1/6 10914/1/6 10915/1/6 10898/1/6
f 10899/1/6 10916/1/6 10917/1/6 10900/1/6
f 10900/1/6 10917/1/6 10918/1/6 10919/1/6
f 10919/1/6 10918/1/6 10920/1/6 10921/1/6
f 10921/1/6 10920/1/6 10922/1/6 10901/1/6
f 10902/1/6 10923/1/6 10924/1/6 10903/1/6
f 10903/1/6 10924/1/6 10925/1/6 10926/1/6
f 10457/1/4 10456/1/4 10927/1/4 10925/1/4
f 10459/1/2 10905/1/2 10928/1/2 10460/1/2
f 10456/1/4 10460/1/4 10928/1/4 10927/1/4
f 10904/1/6 10927/1/6 10928/1/6 10905/1/6
f 10455/4/1 10461/4/1 10929/4/1 10908/4/1
f 10908/4/6 10929/4/6 10930/4/6 10909/4/6
f 10909/4/6 10930/4/6 10931/4/6 10932/4/6
f 10916/1/6 10933/1/6 10934/1/6 10917/1/6
f 10917/1/6 10934/1/6 10935/1/6 10918/1/6
f 10918/1/6 10935/1/6 10936/1/6 10920/1/6
f 10920/1/6 10936/1/6 10937/1/6 10922/1/6
f 10457/1/2 10925/1/2 10938/1/2 10462/1/2
f 10924/1/6 10939/1/6 10938/1/6 10925/1/6
f 10461/4/1 10466/4/1 10940/4/1 10929/4/1
f 10929/4/6 10940/4/6 10941/4/6 10930/4/6
f 10930/4/6 10941/4/6 10942/4/6 10931/4/6
f 10943/3/6 10944/3/6 10945/3/6 10946/3/6
f 10946/3/6 10945/3/6 10947/3/6 10948/3/6
f 10933/1/6 10949/1/6 10950/1/6 10934/1/6
f 10934/1/6 10950/1/6 10951/1/6 10935/1/6
f 10462/3/3 10938/3/3 10952/3/3 10463/3/3
f 10938/3/6 10953/3/6 10954/3/6 10952/3/6
f 10463/3/3 10952/3/3 10955/3/3 10464/3/3
f 10952/3/6 10954/3/6 10956/3/6 10955/3/6
f 10465/3/2 10957/3/2 10958/3/2 10467/3/2
f 10464/3/3 10955/3/3 10957/3/3 10465/3/3
f 10470/3/4 10467/3/4 10958/3/4 10956/3/4
f 10955/3/6 10956/3/6 10958/3/6 10957/3/6
f 10466/4/1 10468/4/1 10959/4/1 10940/4/1
f 10940/4/6 10959/4/6 10960/4/6 10941/4/6
f 10941/4/6 10960/4/6 10961/4/6 10942/4/6
f 10942/3/6 10961/3/6 10962/3/6 10963/3/6
f 10481/1/4 10484/1/4 10964/1/4 10965/1/4
f 10947/1/6 10965/1/6 10964/1/6 10966/1/6
f 10950/1/6 10967/1/6 10968/1/6 10951/1/6
f 10951/1/6 10968/1/6 10969/1/6 10970/1/6
f 10485/1/4 10488/1/4 10971/1/4 10969/1/4
f 10972/3/6 10971/3/6 10973/3/6 10974/3/6
f 10489/2/4 10492/2/4 10975/2/4 10976/2/4
f 10977/2/6 10976/2/6 10975/2/6 10953/2/6
f 10953/3/6 10975/3/6 10978/3/6 10954/3/6
f 10470/3/2 10956/3/2 10979/3/2 10471/3/2
f 10954/3/6 10978/3/6 10979/3/6 10956/3/6
f 10468/4/1 10478/4/1 10980/4/1 10959/4/1
f 10478/4/4 10479/4/4 10981/4/4 10980/4/4
f 10959/4/6 10980/4/6 10981/4/6 10960/4/6
f 10961/3/6 10982/3/6 10983/3/6 10962/3/6
f 10481/3/2 10965/3/2 10984/3/2 10482/3/2
f 10985/3/6 10986/3/6 10984/3/6 10965/3/6
f 10484/2/1 10483/2/1 10987/2/1 10964/2/1
f 10964/2/6 10987/2/6 10988/2/6 10989/2/6
f 10485/1/2 10969/1/2 10990/1/2 10486/1/2
f 10968/1/6 10991/1/6 10990/1/6 10969/1/6
f 10488/3/1 10487/3/1 10992/3/1 10971/3/1
f 10971/3/6 10992/3/6 10993/3/6 10973/3/6
f 10489/3/2 10976/3/2 10994/3/2 10490/3/2
f 10973/3/6 10993/3/6 10994/3/6 10976/3/6
f 10492/2/1 10491/2/1 10995/2/1 10975/2/1
f 10975/2/6 10995/2/6 10996/2/6 10978/2/6
f 10498/3/4 10501/3/4 10997/3/4 10996/3/4
f 10978/3/6 10996/3/6 10997/3/6 10979/3/6
f 10469/3/2 10998/3/2 10999/3/2 10494/3/2
f 10471/3/3 10979/3/3 10998/3/3 10469/3/3
f 10979/3/6 10997/3/6 10999/3/6 10998/3/6
f 10479/3/1 10504/3/1 11000/3/1 10981/3/1
f 10479/3/5 10480/3/5 10495/3/5 10504/3/5
f 10482/1/3 10984/1/3 10987/1/3 10483/1/3
f 10984/1/6 11001/1/6 11002/1/6 10987/1/6
f 10987/1/6 11002/1/6 11003/1/6 10988/1/6
f 10988/2/6 11003/2/6 11004/2/6 11005/2/6
f 11005/1/6 11004/1/6 11006/1/6 10991/1/6
f 10486/1/3 10990/1/3 10992/1/3 10487/1/3
f 10505/1/4 10508/1/4 11007/1/4 11008/1/4
f 10990/1/6 11008/1/6 11007/1/6 10992/1/6
f 10992/1/6 11007/1/6 11009/1/6 10993/1/6
f 10490/1/2 10994/1/2 11010/1/2 10496/1/2
f 10993/1/6 11009/1/6 11010/1/6 10994/1/6
f 10498/2/2 10996/2/2 11011/2/2 10499/2/2
f 10491/2/1 10497/2/1 11012/2/1 10995/2/1
f 10497/2/4 10499/2/4 11011/2/4 11012/2/4
f 10995/2/6 11012/2/6 11011/2/6 10996/2/6
f 10494/1/2 10999/1/2 11013/1/2 10502/1/2
f 10501/1/1 10500/1/1 11014/1/1 10997/1/1
f 10500/1/4 10502/1/4 11013/1/4 11014/1/4
f 10997/1/6 11014/1/6 11013/1/6 10999/1/6
f 10504/3/1 10503/3/1 11015/3/1 11000/3/1
f 11000/3/6 11015/3/6 11016/3/6 11017/3/6
f 11018/1/6 11019/1/6 11020/1/6 11021/1/6
f 11021/1/6 11020/1/6 11022/1/6 11001/1/6
f 11001/1/6 11022/1/6 11023/1/6 11002/1/6
f 11002/1/6 11023/1/6 11024/1/6 11003/1/6
f 10505/1/2 11008/1/2 11025/1/2 10506/1/2
f 11006/1/6 11026/1/6 11025/1/6 11008/1/6
f 10508/1/1 10507/1/1 11027/1/1 11007/1/1
f 11007/1/6 11027/1/6 11028/1/6 11009/1/6
f 10496/1/2 11010/1/2 11029/1/2 10509/1/2
f 11009/1/6 11028/1/6 11029/1/6 11010/1/6
f 10503/3/1 10515/3/1 11030/3/1 11015/3/1
f 11015/3/6 11030/3/6 11031/3/6 11016/3/6
f 11022/1/6 11032/1/6 11033/1/6 11023/1/6
f 11023/1/6 11033/1/6 11034/1/6 11024/1/6
f 10506/1/3 11025/1/3 11027/1/3 10507/1/3
f 11025/1/6 11035/1/6 11036/1/6 11027/1/6
f 11028/1/6 11037/1/6 11038/1/6 11029/1/6
f 10509/1/3 11029/1/3 11039/1/3 10510/1/3
f 10530/1/4 10533/1/4 11040/1/4 11038/1/4
f 10511/2/2 11041/2/2 11042/2/2 10516/2/2
f 10510/2/3 11039/2/3 11041/2/3 10511/2/3
f 10533/2/4 10516/2/4 11042/2/4 11040/2/4
f 11039/2/6 11040/2/6 11042/2/6 11041/2/6
f 10518/2/2 11043/2/2 11044/2/2 10520/2/2
f 10512/2/1 10517/2/1 11045/2/1 11046/2/1
f 10512/2/3 11046/2/3 11043/2/3 10518/2/3
f 11046/2/6 11045/2/6 11044/2/6 11043/2/6
f 10515/3/1 10528/3/1 11047/3/1 11030/3/1
f 10528/3/4 10529/3/4 11048/3/4 11047/3/4
f 11032/1/6 11049/1/6 11050/1/6 11033/1/6
f 11033/1/6 11050/1/6 11051/1/6 11034/1/6
f 11052/2/6 11053/2/6 11054/2/6 11055/2/6
f 10538/1/4 10541/1/4 11056/1/4 11054/1/4
f 11055/1/6 11054/1/6 11056/1/6 11035/1/6
f 11035/7/6 11056/7/6 11057/7/6 11036/7/6
f 10530/7/2 11038/7/2 11058/7/2 10531/7/2
f 10516/2/1 10534/2/1 11059/2/1 11042/2/1
f 10516/2/3 11042/2/3 11045/2/3 10517/2/3
f 11042/2/6 11059/2/6 11060/2/6 11045/2/6
f 10520/7/3 11044/7/3 11061/7/3 10521/7/3
f 10536/7/4 10535/7/4 11062/7/4 11063/7/4
f 11044/7/6 11063/7/6 11062/7/6 11061/7/6
f 10523/7/2 11064/7/2 11065/7/2 11066/7/2
f 10521/7/3 11061/7/3 11064/7/3 10523/7/3
f 11061/7/6 11062/7/6 11065/7/6 11064/7/6
f 10521/7/5 10523/7/5 11066/7/5 10535/7/5
f 10529/3/1 10537/3/1 11067/3/1 11048/3/1
f 11068/3/6 11069/3/6 11070/3/6 11071/3/6
f 11071/1/6 11070/1/6 11072/1/6 11049/1/6
f 11050/1/6 11073/1/6 11074/1/6 11051/1/6
f 11051/1/6 11074/1/6 11075/1/6 11053/1/6
f 10538/2/2 11054/2/2 11076/2/2 10539/2/2
f 11053/2/6 11075/2/6 11076/2/6 11054/2/6
f 10541/7/1 10540/7/1 11077/7/1 11056/7/1
f 11056/7/6 11077/7/6 11078/7/6 11057/7/6
f 11079/7/6 11080/7/6 11081/7/6 11058/7/6
f 10531/7/3 11058/7/3 11082/7/3 10532/7/3
f 11058/7/6 11081/7/6 11083/7/6 11082/7/6
f 10532/7/3 11082/7/3 11059/7/3 10534/7/3
f 10543/2/4 10542/2/4 11084/2/4 11085/2/4
f 11059/2/6 11085/2/6 11084/2/6 11060/2/6
f 10536/2/2 11063/2/2 11086/2/2 10544/2/2
f 11060/2/6 11084/2/6 11086/2/6 11063/2/6
f 11066/7/2 11065/7/2 11087/7/2 11088/7/2
f 10535/7/1 11089/7/1 11090/7/1 11062/7/1
f 11089/7/4 11088/7/4 11087/7/4 11090/7/4
f 11062/7/6 11090/7/6 11087/7/6 11065/7/6
f 10535/7/5 11066/7/5 11088/7/5 11089/7/5
f 10537/3/1 10545/3/1 11091/3/1 11067/3/1
f 11067/3/6 11091/3/6 11092/3/6 11093/3/6
f 10550/2/4 10553/2/4 11094/2/4 11092/2/4
f 11093/2/6 11092/2/6 11094/2/6 11069/2/6
f 11069/1/6 11094/1/6 11095/1/6 11070/1/6
f 10539/1/3 11076/1/3 11077/1/3 10540/1/3
f 11076/1/6 11096/1/6 11097/1/6 11077/1/6
f 11078/1/6 11098/1/6 11099/1/6 11080/1/6
f 11080/1/6 11099/1/6 11100/1/6 11081/1/6
f 10543/1/2 11085/1/2 11101/1/2 10546/1/2
f 10544/1/2 11086/1/2 11102/1/2 10547/1/2
f 10542/1/1 10548/1/1 11103/1/1 11084/1/1
f 10548/1/4 10547/1/4 11102/1/4 11103/1/4
f 11104/2/1 11105/2/1 11106/2/1 11107/2/1
f 11104/2/3 11107/2/3 11091/2/3 10545/2/3
f 11107/2/6 11106/2/6 11108/2/6 11091/2/6
f 11104/2/5 10545/2/5 10549/2/5 11105/2/5
f 10550/3/2 11092/3/2 11109/3/2 10551/3/2
f 11091/3/6 11108/3/6 11109/3/6 11092/3/6
f 10553/2/1 10552/2/1 11110/2/1 11094/2/1
f 11111/1/6 11112/1/6 11113/1/6 11114/1/6
f 11097/1/6 11115/1/6 11116/1/6 11098/1/6
f 11098/1/6 11116/1/6 11117/1/6 11099/1/6
f 11099/1/6 11117/1/6 11118/1/6 11100/1/6
f 10546/1/2 11101/1/2 11119/1/2 10555/1/2
f 11105/2/1 11120/2/1 11121/2/1 11106/2/1
f 11120/2/4 10558/2/4 11122/2/4 11121/2/4
f 11106/2/6 11121/2/6 11122/2/6 11108/2/6
f 11105/2/5 10549/2/5 10558/2/5 11120/2/5
f 10551/3/2 11109/3/2 11123/3/2 10561/3/2
f 10552/2/1 10559/2/1 11124/2/1 11110/2/1
f 11110/2/6 11124/2/6 11125/2/6 11126/2/6
f 10552/2/5 10554/2/5 10562/2/5 10559/2/5
f 10563/1/4 10576/1/4 11127/1/4 11128/1/4
f 11129/1/6 11128/1/6 11127/1/6 11130/1/6
f 11130/1/6 11127/1/6 11131/1/6 11112/1/6
f 11112/1/6 11131/1/6 11132/1/6 11113/1/6
f 11113/1/6 11132/1/6 11133/1/6 11134/1/6
f 11115/2/6 11135/2/6 11136/2/6 11116/2/6
f 11116/1/6 11136/1/6 11137/1/6 11117/1/6
f 11117/1/6 11137/1/6 11138/1/6 11118/1/6
f 10555/1/2 11119/1/2 11139/1/2 10566/1/2
f 10564/1/4 10566/1/4 11139/1/4 11140/1/4
f 11141/1/6 11140/1/6 11139/1/6 11119/1/6
f 10558/2/1 10572/2/1 11142/2/1 11122/2/1
f 10572/2/4 10571/2/4 11143/2/4 11142/2/4
f 11122/2/6 11142/2/6 11143/2/6 11123/2/6
f 10561/3/3 11123/3/3 11124/3/3 10559/3/3
f 10561/3/5 10559/3/5 11144/3/5 10571/3/5
f 11124/2/6 11145/2/6 11146/2/6 11125/2/6
f 10559/2/5 10562/2/5 11147/2/5 11144/2/5
f 10563/2/2 11128/2/2 11148/2/2 10574/2/2
f 11147/2/4 10574/2/4 11148/2/4 11146/2/4
f 11125/2/6 11146/2/6 11148/2/6 11128/2/6
f 10562/2/5 10563/2/5 10574/2/5 11147/2/5
f 10576/2/1 10575/2/1 11149/2/1 11127/2/1
f 11127/2/6 11149/2/6 11150/2/6 11131/2/6
f 10579/1/4 10578/1/4 11151/1/4 11152/1/4
f 10578/1/4 10580/1/4 11153/1/4 11151/1/4
f 10580/2/4 10605/2/4 11154/2/4 11153/2/4
f 11135/2/6 11153/2/6 11154/2/6 11136/2/6
f 10605/2/4 10607/2/4 11155/2/4 11154/2/4
f 11137/1/6 11155/1/6 11156/1/6 11138/1/6
f 10564/2/2 11140/2/2 11157/2/2 11158/2/2
f 10581/2/4 11158/2/4 11157/2/4 11156/2/4
f 11138/2/6 11156/2/6 11157/2/6 11140/2/6
f 10565/2/5 10564/2/5 11158/2/5 10581/2/5
f 10571/2/1 11159/2/1 11160/2/1 11143/2/1
f 11159/2/4 11161/2/4 11162/2/4 11160/2/4
f 11143/2/6 11160/2/6 11162/2/6 11145/2/6
f 10571/2/5 11144/2/5 11161/2/5 11159/2/5
f 11147/3/2 11146/3/2 11163/3/2 11164/3/2
f 11161/3/4 11164/3/4 11163/3/4 11162/3/4
f 11145/3/6 11162/3/6 11163/3/6 11146/3/6
f 11144/3/5 11147/3/5 11164/3/5 11161/3/5
f 10575/2/1 10599/2/1 11165/2/1 11149/2/1
f 10599/2/4 10600/2/4 11166/2/4 11165/2/4
f 10579/2/2 11152/2/2 11167/2/2 10601/2/2
f 10600/2/4 10601/2/4 11167/2/4 11166/2/4
f 11150/2/6 11166/2/6 11167/2/6 11152/2/6
f 10581/2/2 11156/2/2 11168/2/2 10608/2/2
f 10607/2/1 10606/2/1 11169/2/1 11155/2/1
f 10606/2/4 10608/2/4 11168/2/4 11169/2/4
f 11155/2/6 11169/2/6 11168/2/6 11156/2/6
f 11170/1/1 10622/1/1 11171/1/1 11172/1/1
f 11170/1/3 11172/1/3 11173/1/3 11174/1/3
f 11172/1/6 11171/1/6 11175/1/6 11173/1/6
f 11170/1/5 11174/1/5 10623/1/5 10622/1/5
f 11174/1/3 11173/1/3 11176/1/3 11177/1/3
f 11173/1/6 11175/1/6 11178/1/6 11176/1/6
f 11174/1/5 11177/1/5 10624/1/5 10623/1/5
f 11177/1/3 11176/1/3 11179/1/3 10610/1/3
f 11176/1/6 11178/1/6 11180/1/6 11179/1/6
f 11177/1/5 10610/1/5 10609/1/5 10624/1/5
f 10610/1/3 11179/1/3 11181/1/3 10611/1/3
f 11179/1/6 11180/1/6 11182/1/6 11181/1/6
f 10612/2/2 11183/2/2 11184/2/2 10613/2/2
f 10611/2/3 11181/2/3 11183/2/3 10612/2/3
f 11181/2/6 11182/2/6 11184/2/6 11183/2/6
f 10618/3/2 11185/3/2 11186/3/2 10620/3/2
f 10616/3/1 10617/3/1 11187/3/1 11188/3/1
f 10616/3/3 11188/3/3 11185/3/3 10618/3/3
f 11188/3/6 11187/3/6 11186/3/6 11185/3/6
f 10619/3/1 10621/3/1 11189/3/1 11190/3/1
f 10619/3/3 11190/3/3 11171/3/3 10622/3/3
f 11190/3/6 11189/3/6 11191/3/6 11171/3/6
f 11171/1/6 11191/1/6 11192/1/6 11175/1/6
f 11175/1/6 11192/1/6 11193/1/6 11178/1/6
f 11178/1/6 11193/1/6 11194/1/6 11180/1/6
f 11180/2/6 11194/2/6 11195/2/6 11182/2/6
f 10613/1/2 11184/1/2 11196/1/2 10627/1/2
f 11182/1/6 11195/1/6 11196/1/6 11184/1/6
f 10614/3/1 10630/3/1 11197/3/1 11198/3/1
f 10614/3/3 11198/3/3 11187/3/3 10617/3/3
f 10630/3/4 10634/3/4 11199/3/4 11197/3/4
f 11198/3/6 11197/3/6 11199/3/6 11187/3/6
f 11187/3/6 11199/3/6 11200/3/6 11186/3/6
f 10620/2/3 11186/2/3 11189/2/3 10621/2/3
f 10635/2/4 10638/2/4 11201/2/4 11200/2/4
f 11186/2/6 11200/2/6 11201/2/6 11189/2/6
f 11189/3/6 11201/3/6 11202/3/6 11191/3/6
f 11191/1/6 11202/1/6 11203/1/6 11192/1/6
f 11192/1/6 11203/1/6 11204/1/6 11193/1/6
f 11193/2/6 11204/2/6 11205/2/6 11194/2/6
f 11194/2/6 11205/2/6 11206/2/6 11195/2/6
f 10627/1/2 11196/1/2 11207/1/2 10631/1/2
f 11195/1/6 11206/1/6 11207/1/6 11196/1/6
f 10635/3/2 11200/3/2 11208/3/2 10636/3/2
f 10634/3/1 10633/3/1 11209/3/1 11199/3/1
f 10633/3/4 10636/3/4 11208/3/4 11209/3/4
f 11199/3/6 11209/3/6 11208/3/6 11200/3/6
f 10638/3/1 10637/3/1 11210/3/1 11201/3/1
f 11201/3/6 11210/3/6 11211/3/6 11202/3/6
f 10643/1/4 10646/1/4 11212/1/4 11211/1/4
f 11202/1/6 11211/1/6 11212/1/6 11203/1/6
f 10646/1/4 10648/1/4 11213/1/4 11212/1/4
f 11203/1/6 11212/1/6 11213/1/6 11204/1/6
f 10648/2/4 10650/2/4 11214/2/4 11213/2/4
f 11204/2/6 11213/2/6 11214/2/6 11205/2/6
f 11205/1/6 11214/1/6 11215/1/6 11206/1/6
f 10631/1/2 11207/1/2 11216/1/2 10639/1/2
f 11206/1/6 11215/1/6 11216/1/6 11207/1/6
f 10636/2/1 10642/2/1 11217/2/1 11208/2/1
f 10636/2/3 11208/2/3 11210/2/3 10637/2/3
f 11208/2/6 11217/2/6 11218/2/6 11210/2/6
f 10643/3/2 11211/3/2 11219/3/2 10644/3/2
f 11210/3/6 11218/3/6 11219/3/6 11211/3/6
f 10650/1/1 10649/1/1 11220/1/1 11214/1/1
f 10649/1/4 10665/1/4 11221/1/4 11220/1/4
f 11214/1/6 11220/1/6 11221/1/6 11215/1/6
f 10639/1/2 11216/1/2 11222/1/2 10651/1/2
f 10665/1/4 10651/1/4 11222/1/4 11221/1/4
f 11215/1/6 11221/1/6 11222/1/6 11216/1/6
f 10642/2/1 10659/2/1 11223/2/1 11217/2/1
f 10659/2/4 10677/2/4 11224/2/4 11223/2/4
f 11217/2/6 11223/2/6 11224/2/6 11218/2/6
f 10644/3/2 11219/3/2 11225/3/2 10660/3/2
f 10677/3/4 10660/3/4 11225/3/4 11224/3/4
f 11218/3/6 11224/3/6 11225/3/6 11219/3/6
f 10667/1/2 11226/1/2 11227/1/2 10668/1/2
f 10651/1/1 10666/1/1 11228/1/1 11222/1/1
f 10651/1/3 11222/1/3 11226/1/3 10667/1/3
f 10666/1/4 10668/1/4 11227/1/4 11228/1/4
f 11222/1/6 11228/1/6 11227/1/6 11226/1/6
f 10653/2/2 11229/2/2 11230/2/2 10672/2/2
f 10655/2/1 10669/2/1 11231/2/1 11232/2/1
f 10655/2/3 11232/2/3 11229/2/3 10653/2/3
f 11232/2/6 11231/2/6 11230/2/6 11229/2/6
f 10658/3/2 11233/3/2 11234/3/2 10674/3/2
f 10657/3/1 10673/3/1 11235/3/1 11236/3/1
f 10657/3/3 11236/3/3 11233/3/3 10658/3/3
f 11236/3/6 11235/3/6 11234/3/6 11233/3/6
f 10661/1/2 11237/1/2 11238/1/2 10679/1/2
f 10660/1/1 10678/1/1 11239/1/1 11225/1/1
f 10660/1/3 11225/1/3 11237/1/3 10661/1/3
f 11225/1/6 11239/1/6 11238/1/6 11237/1/6
f 10663/1/1 10681/1/1 11240/1/1 11241/1/1
f 10663/1/3 11241/1/3 11242/1/3 10664/1/3
f 11241/1/6 11240/1/6 11243/1/6 11242/1/6
f 10666/1/2 11228/1/2 11244/1/2 10682/1/2
f 10664/1/3 11242/1/3 11228/1/3 10666/1/3
f 11242/1/6 11243/1/6 11244/1/6 11228/1/6
f 10669/1/1 10684/1/1 11245/1/1 11231/1/1
f 10684/1/4 10701/1/4 11246/1/4 11245/1/4
f 11231/1/6 11245/1/6 11246/1/6 11230/1/6
f 10672/2/3 11230/2/3 11247/2/3 10671/2/3
f 11230/2/6 11246/2/6 11248/2/6 11247/2/6
f 10671/1/3 11247/1/3 11249/1/3 10685/1/3
f 11247/1/6 11248/1/6 11250/1/6 11249/1/6
f 10686/1/2 11251/1/2 11252/1/2 10688/1/2
f 10685/1/3 11249/1/3 11251/1/3 10686/1/3
f 10703/1/4 10688/1/4 11252/1/4 11250/1/4
f 11249/1/6 11250/1/6 11252/1/6 11251/1/6
f 10690/1/2 11253/1/2 11254/1/2 10691/1/2
f 10687/1/1 10689/1/1 11255/1/1 11256/1/1
f 10687/1/3 11256/1/3 11253/1/3 10690/1/3
f 11256/1/6 11255/1/6 11254/1/6 11253/1/6
f 10674/3/2 11234/3/2 11257/3/2 10693/3/2
f 10673/3/1 10692/3/1 11258/3/1 11235/3/1
f 11235/3/6 11258/3/6 11257/3/6 11234/3/6
f 10675/3/1 10694/3/1 11259/3/1 11260/3/1
f 10675/3/3 11260/3/3 11261/3/3 10676/3/3
f 10694/3/4 10712/3/4 11262/3/4 11259/3/4
f 11260/3/6 11259/3/6 11262/3/6 11261/3/6
f 10676/3/3 11261/3/3 11239/3/3 10678/3/3
f 11261/3/6 11262/3/6 11263/3/6 11239/3/6
f 10679/1/2 11238/1/2 11264/1/2 10695/1/2
f 11239/1/6 11263/1/6 11264/1/6 11238/1/6
f 10681/1/1 10697/1/1 11265/1/1 11240/1/1
f 11240/1/6 11265/1/6 11266/1/6 11243/1/6
f 11243/1/6 11266/1/6 11267/1/6 11244/1/6
f 10683/2/2 11268/2/2 11269/2/2 10698/2/2
f 10682/2/3 11244/2/3 11268/2/3 10683/2/3
f 11244/2/6 11267/2/6 11269/2/6 11268/2/6
f 10701/2/1 10700/2/1 11270/2/1 11246/2/1
f 10700/2/4 10702/2/4 11271/2/4 11270/2/4
f 11246/2/6 11270/2/6 11271/2/6 11248/2/6
f 10703/1/2 11250/1/2 11272/1/2 10704/1/2
f 10702/1/4 10704/1/4 11272/1/4 11271/1/4
f 11248/1/6 11271/1/6 11272/1/6 11250/1/6
f 10688/1/1 10705/1/1 11273/1/1 11252/1/1
f 10688/1/3 11252/1/3 11255/1/3 10689/1/3
f 10705/1/4 10722/1/4 11274/1/4 11273/1/4
f 11252/1/6 11273/1/6 11274/1/6 11255/1/6
f 11255/1/6 11274/1/6 11275/1/6 11254/1/6
f 10706/1/2 11276/1/2 11277/1/2 10707/1/2
f 10691/1/3 11254/1/3 11276/1/3 10706/1/3
f 10724/1/4 10707/1/4 11277/1/4 11275/1/4
f 11254/1/6 11275/1/6 11277/1/6 11276/1/6
f 10693/3/2 11257/3/2 11278/3/2 10709/3/2
f 10692/3/1 10708/3/1 11279/3/1 11258/3/1
f 11258/3/6 11279/3/6 11278/3/6 11257/3/6
f 10712/3/1 10711/3/1 11280/3/1 11262/3/1
f 11262/3/6 11280/3/6 11281/3/6 11263/3/6
f 10695/1/2 11264/1/2 11282/1/2 10713/1/2
f 10729/1/4 10713/1/4 11282/1/4 11281/1/4
f 11263/1/6 11281/1/6 11282/1/6 11264/1/6
f 10697/1/1 10715/1/1 11283/1/1 11265/1/1
f 11265/1/6 11283/1/6 11284/1/6 11266/1/6
f 11266/1/6 11284/1/6 11285/1/6 11267/1/6
f 11267/2/6 11285/2/6 11286/2/6 11269/2/6
f 10699/1/2 11287/1/2 11288/1/2 10717/1/2
f 10698/1/3 11269/1/3 11287/1/3 10699/1/3
f 11269/1/6 11286/1/6 11288/1/6 11287/1/6
f 10724/1/2 11275/1/2 11289/1/2 10725/1/2
f 10722/1/1 10721/1/1 11290/1/1 11274/1/1
f 11274/1/6 11290/1/6 11289/1/6 11275/1/6
f 10708/3/1 10726/3/1 11291/3/1 11279/3/1
f 10726/3/4 10743/3/4 11292/3/4 11291/3/4
f 11279/3/6 11291/3/6 11292/3/6 11278/3/6
f 10710/2/2 11293/2/2 11294/2/2 10727/2/2
f 10709/2/3 11278/2/3 11293/2/3 10710/2/3
f 10743/2/4 10727/2/4 11294/2/4 11292/2/4
f 11278/2/6 11292/2/6 11294/2/6 11293/2/6
f 10729/3/2 11281/3/2 11295/3/2 10730/3/2
f 10711/3/1 10728/3/1 11296/3/1 11280/3/1
f 11280/3/6 11296/3/6 11295/3/6 11281/3/6
f 10714/2/1 10732/2/1 11297/2/1 11298/2/1
f 10714/2/3 11298/2/3 11283/2/3 10715/2/3
f 11298/2/6 11297/2/6 11299/2/6 11283/2/6
f 11283/1/6 11299/1/6 11300/1/6 11284/1/6
f 10745/1/4 10748/1/4 11301/1/4 11300/1/4
f 11284/1/6 11300/1/6 11301/1/6 11285/1/6
f 10748/2/4 10750/2/4 11302/2/4 11301/2/4
f 11285/2/6 11301/2/6 11302/2/6 11286/2/6
f 10750/2/4 10752/2/4 11303/2/4 11302/2/4
f 11286/2/6 11302/2/6 11303/2/6 11288/2/6
f 10717/1/3 11288/1/3 11304/1/3 10716/1/3
f 11288/1/6 11303/1/6 11305/1/6 11304/1/6
f 10718/2/2 11306/2/2 11307/2/2 10733/2/2
f 10716/2/3 11304/2/3 11306/2/3 10718/2/3
f 11304/2/6 11305/2/6 11307/2/6 11306/2/6
f 10719/1/1 10734/1/1 11308/1/1 11309/1/1
f 10719/1/3 11309/1/3 11310/1/3 10720/1/3
f 10734/1/4 10735/1/4 11311/1/4 11308/1/4
f 11309/1/6 11308/1/6 11311/1/6 11310/1/6
f 10720/1/3 11310/1/3 11290/1/3 10721/1/3
f 11310/1/6 11311/1/6 11312/1/6 11290/1/6
f 10725/1/2 11289/1/2 11313/1/2 10738/1/2
f 11290/1/6 11312/1/6 11313/1/6 11289/1/6
f 10727/3/1 10744/3/1 11314/3/1 11294/3/1
f 10727/3/3 11294/3/3 11296/3/3 10728/3/3
f 10744/3/4 10762/3/4 11315/3/4 11314/3/4
f 11294/3/6 11314/3/6 11315/3/6 11296/3/6
f 10762/3/4 10764/3/4 11316/3/4 11315/3/4
f 11296/3/6 11315/3/6 11316/3/6 11295/3/6
f 10730/1/3 11295/1/3 11317/1/3 10731/1/3
f 10764/1/4 10766/1/4 11318/1/4 11316/1/4
f 11295/1/6 11316/1/6 11318/1/6 11317/1/6
f 10731/2/3 11317/2/3 11297/2/3 10732/2/3
f 11317/2/6 11318/2/6 11319/2/6 11297/2/6
f 11297/1/6 11319/1/6 11320/1/6 11299/1/6
f 10745/1/2 11300/1/2 11321/1/2 10746/1/2
f 10767/1/4 10746/1/4 11321/1/4 11320/1/4
f 11299/1/6 11320/1/6 11321/1/6 11300/1/6
f 10752/1/1 10751/1/1 11322/1/1 11303/1/1
f 11303/1/6 11322/1/6 11323/1/6 11305/1/6
f 10733/1/2 11307/1/2 11324/1/2 10754/1/2
f 10773/1/4 10754/1/4 11324/1/4 11323/1/4
f 11305/1/6 11323/1/6 11324/1/6 11307/1/6
f 10735/1/1 10755/1/1 11325/1/1 11311/1/1
f 10755/1/4 10779/1/4 11326/1/4 11325/1/4
f 11311/1/6 11325/1/6 11326/1/6 11312/1/6
f 11312/1/6 11326/1/6 11327/1/6 11313/1/6
f 10736/1/2 11328/1/2 11329/1/2 10756/1/2
f 10738/1/3 11313/1/3 11328/1/3 10736/1/3
f 10782/1/4 10756/1/4 11329/1/4 11327/1/4
f 11313/1/6 11327/1/6 11329/1/6 11328/1/6
f 10741/3/1 10759/3/1 11330/3/1 11331/3/1
f 10741/3/3 11331/3/3 11332/3/3 10742/3/3
f 11331/3/6 11330/3/6 11333/3/6 11332/3/6
f 10744/2/2 11314/2/2 11334/2/2 10760/2/2
f 10742/2/3 11332/2/3 11314/2/3 10744/2/3
f 10784/2/4 10760/2/4 11334/2/4 11333/2/4
f 11332/2/6 11333/2/6 11334/2/6 11314/2/6
f 10766/2/1 10765/2/1 11335/2/1 11318/2/1
f 11318/2/6 11335/2/6 11336/2/6 11319/2/6
f 10767/1/2 11320/1/2 11337/1/2 10768/1/2
f 11319/1/6 11336/1/6 11337/1/6 11320/1/6
f 10773/1/2 11323/1/2 11338/1/2 10774/1/2
f 10751/1/1 10772/1/1 11339/1/1 11322/1/1
f 11322/1/6 11339/1/6 11338/1/6 11323/1/6
f 10782/1/2 11327/1/2 11340/1/2 10780/1/2
f 10779/1/1 10778/1/1 11341/1/1 11326/1/1
f 10778/1/4 10780/1/4 11340/1/4 11341/1/4
f 11326/1/6 11341/1/6 11340/1/6 11327/1/6
f 10758/3/1 10783/3/1 11342/3/1 11343/3/1
f 10758/3/3 11343/3/3 11330/3/3 10759/3/3
f 11343/3/6 11342/3/6 11344/3/6 11330/3/6
f 10784/2/2 11333/2/2 11345/2/2 10785/2/2
f 10800/2/4 10785/2/4 11345/2/4 11344/2/4
f 11330/2/6 11344/2/6 11345/2/6 11333/2/6
f 10760/3/1 10786/3/1 11346/3/1 11334/3/1
f 10760/3/3 11334/3/3 11347/3/3 10761/3/3
f 11334/3/6 11346/3/6 11348/3/6 11347/3/6
f 10761/3/3 11347/3/3 11349/3/3 10763/3/3
f 10803/3/4 10806/3/4 11350/3/4 11348/3/4
f 11347/3/6 11348/3/6 11350/3/6 11349/3/6
f 10763/1/3 11349/1/3 11335/1/3 10765/1/3
f 11349/1/6 11350/1/6 11351/1/6 11335/1/6
f 10809/2/4 10810/2/4 11352/2/4 11351/2/4
f 11335/2/6 11351/2/6 11352/2/6 11336/2/6
f 10768/1/2 11337/1/2 11353/1/2 10787/1/2
f 10810/1/4 10787/1/4 11353/1/4 11352/1/4
f 11336/1/6 11352/1/6 11353/1/6 11337/1/6
f 10772/1/1 10791/1/1 11354/1/1 11339/1/1
f 11339/1/6 11354/1/6 11355/1/6 11338/1/6
f 10775/1/2 11356/1/2 11357/1/2 10793/1/2
f 10774/1/3 11338/1/3 11356/1/3 10775/1/3
f 11338/1/6 11355/1/6 11357/1/6 11356/1/6
f 10778/1/2 11341/1/2 11358/1/2 11359/1/2
f 10777/1/1 11360/1/1 11361/1/1 11362/1/1
f 10777/1/3 11362/1/3 11341/1/3 10778/1/3
f 11360/1/4 11359/1/4 11358/1/4 11361/1/4
f 11362/1/6 11361/1/6 11358/1/6 11341/1/6
f 10777/1/5 10778/1/5 11359/1/5 11360/1/5
f 10800/3/2 11344/3/2 11363/3/2 10801/3/2
f 10783/3/1 10799/3/1 11364/3/1 11342/3/1
f 11342/3/6 11364/3/6 11363/3/6 11344/3/6
f 10785/3/1 10802/3/1 11365/3/1 11345/3/1
f 10785/3/3 11345/3/3 11346/3/3 10786/3/3
f 11345/3/6 11365/3/6 11366/3/6 11346/3/6
f 10803/3/2 11348/3/2 11367/3/2 10804/3/2
f 11346/3/6 11366/3/6 11367/3/6 11348/3/6
f 10809/1/2 11351/1/2 11368/1/2 10808/1/2
f 10806/1/1 10805/1/1 11369/1/1 11350/1/1
f 10805/1/4 10808/1/4 11368/1/4 11369/1/4
f 11350/1/6 11369/1/6 11368/1/6 11351/1/6
f 10788/1/2 11370/1/2 11371/1/2 10812/1/2
f 10787/1/1 10811/1/1 11372/1/1 11353/1/1
f 10787/1/3 11353/1/3 11370/1/3 10788/1/3
f 10811/1/4 10812/1/4 11371/1/4 11372/1/4
f 11353/1/6 11372/1/6 11371/1/6 11370/1/6
f 10789/2/1 10813/2/1 11373/2/1 11374/2/1
f 10789/2/3 11374/2/3 11375/2/3 10790/2/3
f 10813/2/4 10825/2/4 11376/2/4 11373/2/4
f 11374/2/6 11373/2/6 11376/2/6 11375/2/6
f 10790/2/3 11375/2/3 11354/2/3 10791/2/3
f 10825/2/4 10827/2/4 11377/2/4 11376/2/4
f 11375/2/6 11376/2/6 11377/2/6 11354/2/6
f 11354/1/6 11377/1/6 11378/1/6 11355/1/6
f 10793/1/2 11357/1/2 11379/1/2 10815/1/2
f 11355/1/6 11378/1/6 11379/1/6 11357/1/6
f 10799/3/1 10817/3/1 11380/3/1 11364/3/1
f 10817/3/4 10833/3/4 11381/3/4 11380/3/4
f 11364/3/6 11380/3/6 11381/3/6 11363/3/6
f 10801/2/3 11363/2/3 11365/2/3 10802/2/3
f 10833/2/4 10835/2/4 11382/2/4 11381/2/4
f 11363/2/6 11381/2/6 11382/2/6 11365/2/6
f 10835/3/4 10837/3/4 11383/3/4 11382/3/4
f 11365/3/6 11382/3/6 11383/3/6 11366/3/6
f 11366/3/6 11383/3/6 11384/3/6 11367/3/6
f 10805/3/2 11369/3/2 11385/3/2 10819/3/2
f 10804/3/3 11367/3/3 11369/3/3 10805/3/3
f 11367/3/6 11384/3/6 11385/3/6 11369/3/6
f 10813/1/2 11373/1/2 11386/1/2 10824/1/2
f 10812/1/1 10822/1/1 11387/1/1 11371/1/1
f 10812/1/3 11371/1/3 11373/1/3 10813/1/3
f 10822/1/4 10824/1/4 11386/1/4 11387/1/4
f 11371/1/6 11387/1/6 11386/1/6 11373/1/6
f 10827/1/1 10826/1/1 11388/1/1 11377/1/1
f 10826/1/4 10846/1/4 11389/1/4 11388/1/4
f 11377/1/6 11388/1/6 11389/1/6 11378/1/6
f 10815/1/2 11379/1/2 11390/1/2 10829/1/2
f 10846/1/4 10829/1/4 11390/1/4 11389/1/4
f 11378/1/6 11389/1/6 11390/1/6 11379/1/6
f 10837/3/1 10836/3/1 11391/3/1 11383/3/1
f 11383/3/6 11391/3/6 11392/3/6 11384/3/6
f 11384/3/6 11392/3/6 11393/3/6 11385/3/6
f 10818/1/2 11394/1/2 11395/1/2 10838/1/2
f 10819/1/3 11385/1/3 11394/1/3 10818/1/3
f 11385/1/6 11393/1/6 11395/1/6 11394/1/6
f 10831/3/1 10860/3/1 11396/3/1 11397/3/1
f 10831/3/3 11397/3/3 11398/3/3 10832/3/3
f 11397/3/6 11396/3/6 11399/3/6 11398/3/6
f 10832/2/3 11398/2/3 11400/2/3 10834/2/3
f 11398/2/6 11399/2/6 11401/2/6 11400/2/6
f 10834/3/3 11400/3/3 11391/3/3 10836/3/3
f 10873/3/4 10876/3/4 11402/3/4 11401/3/4
f 11400/3/6 11401/3/6 11402/3/6 11391/3/6
f 10876/3/4 10878/3/4 11403/3/4 11402/3/4
f 11391/3/6 11402/3/6 11403/3/6 11392/3/6
f 11392/3/6 11403/3/6 11404/3/6 11393/3/6
f 10879/1/4 10882/1/4 11405/1/4 11404/1/4
f 11393/1/6 11404/1/6 11405/1/6 11395/1/6
f 10839/2/2 11406/2/2 11407/2/2 10861/2/2
f 10838/2/3 11395/2/3 11406/2/3 10839/2/3
f 11395/2/6 11405/2/6 11407/2/6 11406/2/6
f 10840/1/1 10862/1/1 11408/1/1 11409/1/1
f 10840/1/3 11409/1/3 11410/1/3 10841/1/3
f 11409/1/6 11408/1/6 11411/1/6 11410/1/6
f 10842/1/2 11412/1/2 11413/1/2 10863/1/2
f 10841/1/3 11410/1/3 11412/1/3 10842/1/3
f 11410/1/6 11411/1/6 11413/1/6 11412/1/6
f 10845/1/2 11414/1/2 11415/1/2 10866/1/2
f 10844/1/1 10865/1/1 11416/1/1 11417/1/1
f 10844/1/3 11417/1/3 11414/1/3 10845/1/3
f 10865/1/4 10866/1/4 11415/1/4 11416/1/4
f 11417/1/6 11416/1/6 11415/1/6 11414/1/6
f 10860/3/1 10872/3/1 11418/3/1 11396/3/1
f 11396/3/6 11418/3/6 11419/3/6 11399/3/6
f 10873/2/2 11401/2/2 11420/2/2 10874/2/2
f 11399/2/6 11419/2/6 11420/2/6 11401/2/6
f 10879/3/2 11404/3/2 11421/3/2 10880/3/2
f 10878/3/1 10877/3/1 11422/3/1 11403/3/1
f 10877/3/4 10880/3/4 11421/3/4 11422/3/4
f 11403/3/6 11422/3/6 11421/3/6 11404/3/6
f 10861/2/2 11407/2/2 11423/2/2 10883/2/2
f 10882/2/1 10881/2/1 11424/2/1 11405/2/1
f 11405/2/6 11424/2/6 11423/2/6 11407/2/6
f 10862/1/1 10884/1/1 11425/1/1 11408/1/1
f 11408/1/6 11425/1/6 11426/1/6 11411/1/6
f 10863/1/2 11413/1/2 11427/1/2 10885/1/2
f 11411/1/6 11426/1/6 11427/1/6 11413/1/6
f 10865/2/2 11416/2/2 11428/2/2 10887/2/2
f 10864/2/1 10886/2/1 11429/2/1 11430/2/1
f 10864/2/3 11430/2/3 11416/2/3 10865/2/3
f 10886/2/4 10887/2/4 11428/2/4 11429/2/4
f 11430/2/6 11429/2/6 11428/2/6 11416/2/6
f 10866/1/1 10888/1/1 11431/1/1 11415/1/1
f 10866/1/3 11415/1/3 11432/1/3 10867/1/3
f 11415/1/6 11431/1/6 11433/1/6 11432/1/6
f 10868/1/2 11434/1/2 11435/1/2 10889/1/2
f 10867/1/3 11432/1/3 11434/1/3 10868/1/3
f 11432/1/6 11433/1/6 11435/1/6 11434/1/6
f 10872/3/1 10895/3/1 11436/3/1 11418/3/1
f 11418/3/6 11436/3/6 11437/3/6 11419/3/6
f 11419/2/6 11437/2/6 11438/2/6 11420/2/6
f 10874/3/3 11420/3/3 11439/3/3 10875/3/3
f 10910/3/4 10913/3/4 11440/3/4 11438/3/4
f 11420/3/6 11438/3/6 11440/3/6 11439/3/6
f 10877/3/2 11422/3/2 11441/3/2 10896/3/2
f 10875/3/3 11439/3/3 11422/3/3 10877/3/3
f 11439/3/6 11440/3/6 11441/3/6 11422/3/6
f 10883/2/2 11423/2/2 11442/2/2 10899/2/2
f 10881/2/1 10898/2/1 11443/2/1 11424/2/1
f 11424/2/6 11443/2/6 11442/2/6 11423/2/6
f 10884/1/1 10900/1/1 11444/1/1 11425/1/1
f 10900/1/4 10919/1/4 11445/1/4 11444/1/4
f 11425/1/6 11444/1/6 11445/1/6 11426/1/6
f 10919/1/4 10921/1/4 11446/1/4 11445/1/4
f 11426/1/6 11445/1/6 11446/1/6 11427/1/6
f 10886/2/2 11429/2/2 11447/2/2 10901/2/2
f 10885/2/3 11427/2/3 11429/2/3 10886/2/3
f 10921/2/4 10901/2/4 11447/2/4 11446/2/4
f 11427/2/6 11446/2/6 11447/2/6 11429/2/6
f 10888/1/1 10903/1/1 11448/1/1 11431/1/1
f 10903/1/4 10926/1/4 11449/1/4 11448/1/4
f 11431/1/6 11448/1/6 11449/1/6 11433/1/6
f 10889/1/2 11435/1/2 11450/1/2 10904/1/2
f 11433/1/6 11449/1/6 11450/1/6 11435/1/6
f 10893/1/2 11451/1/2 11452/1/2 10907/1/2
f 10892/1/1 10906/1/1 11453/1/1 11454/1/1
f 10892/1/3 11454/1/3 11451/1/3 10893/1/3
f 10906/1/4 10907/1/4 11452/1/4 11453/1/4
f 11454/1/6 11453/1/6 11452/1/6 11451/1/6
f 10895/2/1 10909/2/1 11455/2/1 11436/2/1
f 10909/2/4 10932/2/4 11456/2/4 11455/2/4
f 11436/2/6 11455/2/6 11456/2/6 11437/2/6
f 10910/3/2 11438/3/2 11457/3/2 10911/3/2
f 11437/3/6 11456/3/6 11457/3/6 11438/3/6
f 10913/3/1 10912/3/1 11458/3/1 11440/3/1
f 11440/3/6 11458/3/6 11459/3/6 11441/3/6
f 10897/3/2 11460/3/2 11461/3/2 10914/3/2
f 10896/3/3 11441/3/3 11460/3/3 10897/3/3
f 11441/3/6 11459/3/6 11461/3/6 11460/3/6
f 10899/2/2 11442/2/2 11462/2/2 10916/2/2
f 10898/2/1 10915/2/1 11463/2/1 11443/2/1
f 11443/2/6 11463/2/6 11462/2/6 11442/2/6
f 10902/2/2 11464/2/2 11465/2/2 10923/2/2
f 10901/2/1 10922/2/1 11466/2/1 11447/2/1
f 10901/2/3 11447/2/3 11464/2/3 10902/2/3
f 11447/2/6 11466/2/6 11465/2/6 11464/2/6
f 10904/1/2 11450/1/2 11467/1/2 10927/1/2
f 10926/1/1 10925/1/1 11468/1/1 11449/1/1
f 10925/1/4 10927/1/4 11467/1/4 11468/1/4
f 11449/1/6 11468/1/6 11467/1/6 11450/1/6
f 10932/2/1 10931/2/1 11469/2/1 11456/2/1
f 11456/2/6 11469/2/6 11470/2/6 11457/2/6
f 10911/3/3 11457/3/3 11458/3/3 10912/3/3
f 11457/3/6 11470/3/6 11471/3/6 11458/3/6
f 10943/3/4 10946/3/4 11472/3/4 11471/3/4
f 11458/3/6 11471/3/6 11472/3/6 11459/3/6
f 10946/3/4 10948/3/4 11473/3/4 11472/3/4
f 11459/3/6 11472/3/6 11473/3/6 11461/3/6
f 10914/1/3 11461/1/3 11463/1/3 10915/1/3
f 11461/1/6 11473/1/6 11474/1/6 11463/1/6
f 10916/2/2 11462/2/2 11475/2/2 10933/2/2
f 11463/2/6 11474/2/6 11475/2/6 11462/2/6
f 10922/2/1 10937/2/1 11476/2/1 11466/2/1
f 11466/2/6 11476/2/6 11477/2/6 11465/2/6
f 10924/1/2 11478/1/2 11479/1/2 10939/1/2
f 10923/1/3 11465/1/3 11478/1/3 10924/1/3
f 11465/1/6 11477/1/6 11479/1/6 11478/1/6
f 10931/2/1 10942/2/1 11480/2/1 11469/2/1
f 10942/2/4 10963/2/4 11481/2/4 11480/2/4
f 11469/2/6 11480/2/6 11481/2/6 11470/2/6
f 10943/3/2 11471/3/2 11482/3/2 10944/3/2
f 11470/3/6 11481/3/6 11482/3/6 11471/3/6
f 10948/1/1 10947/1/1 11483/1/1 11473/1/1
f 10947/1/4 10966/1/4 11484/1/4 11483/1/4
f 11473/1/6 11483/1/6 11484/1/6 11474/1/6
f 10933/2/2 11475/2/2 11485/2/2 10949/2/2
f 11474/2/6 11484/2/6 11485/2/6 11475/2/6
f 10935/1/1 10951/1/1 11486/1/1 11487/1/1
f 10935/1/3 11487/1/3 11488/1/3 10936/1/3
f 10951/1/4 10970/1/4 11489/1/4 11486/1/4
f 11487/1/6 11486/1/6 11489/1/6 11488/1/6
f 10936/1/3 11488/1/3 11476/1/3 10937/1/3
f 11488/1/6 11489/1/6 11490/1/6 11476/1/6
f 10972/2/4 10974/2/4 11491/2/4 11490/2/4
f 11476/2/6 11490/2/6 11491/2/6 11477/2/6
f 11477/3/6 11491/3/6 11492/3/6 11479/3/6
f 10938/3/2 11493/3/2 11494/3/2 10953/3/2
f 10939/3/3 11479/3/3 11493/3/3 10938/3/3
f 10977/3/4 10953/3/4 11494/3/4 11492/3/4
f 11479/3/6 11492/3/6 11494/3/6 11493/3/6
f 10963/3/1 10962/3/1 11495/3/1 11481/3/1
f 11481/3/6 11495/3/6 11496/3/6 11482/3/6
f 10944/3/3 11482/3/3 11497/3/3 10945/3/3
f 11482/3/6 11496/3/6 11498/3/6 11497/3/6
f 10947/3/2 11483/3/2 11499/3/2 10965/3/2
f 10945/3/3 11497/3/3 11483/3/3 10947/3/3
f 10985/3/4 10965/3/4 11499/3/4 11498/3/4
f 11497/3/6 11498/3/6 11499/3/6 11483/3/6
f 10966/2/1 10964/2/1 11500/2/1 11484/2/1
f 10964/2/4 10989/2/4 11501/2/4 11500/2/4
f 11484/2/6 11500/2/6 11501/2/6 11485/2/6
f 10950/1/2 11502/1/2 11503/1/2 10967/1/2
f 10949/1/3 11485/1/3 11502/1/3 10950/1/3
f 11485/1/6 11501/1/6 11503/1/6 11502/1/6
f 10972/1/2 11490/1/2 11504/1/2 10971/1/2
f 10970/1/1 10969/1/1 11505/1/1 11489/1/1
f 10969/1/4 10971/1/4 11504/1/4 11505/1/4
f 11489/1/6 11505/1/6 11504/1/6 11490/1/6
f 10977/2/2 11492/2/2 11506/2/2 10976/2/2
f 10974/2/1 10973/2/1 11507/2/1 11491/2/1
f 10973/2/4 10976/2/4 11506/2/4 11507/2/4
f 11491/2/6 11507/2/6 11506/2/6 11492/2/6
f 10961/2/2 11508/2/2 11509/2/2 10982/2/2
f 10960/2/1 10981/2/1 11510/2/1 11511/2/1
f 10960/2/3 11511/2/3 11508/2/3 10961/2/3
f 11511/2/6 11510/2/6 11509/2/6 11508/2/6
f 10962/3/1 10983/3/1 11512/3/1 11495/3/1
f 11495/3/6 11512/3/6 11513/3/6 11496/3/6
f 10985/3/2 11498/3/2 11514/3/2 10986/3/2
f 11496/3/6 11513/3/6 11514/3/6 11498/3/6
f 10989/2/1 10988/2/1 11515/2/1 11501/2/1
f 10988/2/4 11005/2/4 11516/2/4 11515/2/4
f 11501/2/6 11515/2/6 11516/2/6 11503/2/6
f 10968/1/2 11517/1/2 11518/1/2 10991/1/2
f 10967/1/3 11503/1/3 11517/1/3 10968/1/3
f 11005/1/4 10991/1/4 11518/1/4 11516/1/4
f 11503/1/6 11516/1/6 11518/1/6 11517/1/6
f 10981/2/1 11000/2/1 11519/2/1 11510/2/1
f 11000/2/4 11017/2/4 11520/2/4 11519/2/4
f 11510/2/6 11519/2/6 11520/2/6 11509/2/6
f 10982/3/3 11509/3/3 11512/3/3 10983/3/3
f 11509/3/6 11520/3/6 11521/3/6 11512/3/6
f 11512/3/6 11521/3/6 11522/3/6 11513/3/6
f 11018/3/4 11021/3/4 11523/3/4 11522/3/4
f 11513/3/6 11522/3/6 11523/3/6 11514/3/6
f 10984/3/2 11524/3/2 11525/3/2 11001/3/2
f 10986/3/3 11514/3/3 11524/3/3 10984/3/3
f 11021/3/4 11001/3/4 11525/3/4 11523/3/4
f 11514/3/6 11523/3/6 11525/3/6 11524/3/6
f 10990/1/2 11526/1/2 11527/1/2 11008/1/2
f 10991/1/1 11006/1/1 11528/1/1 11518/1/1
f 10991/1/3 11518/1/3 11526/1/3 10990/1/3
f 11006/1/4 11008/1/4 11527/1/4 11528/1/4
f 11518/1/6 11528/1/6 11527/1/6 11526/1/6
f 11017/2/1 11016/2/1 11529/2/1 11520/2/1
f 11520/2/6 11529/2/6 11530/2/6 11521/2/6
f 11018/3/2 11522/3/2 11531/3/2 11019/3/2
f 11521/3/6 11530/3/6 11531/3/6 11522/3/6
f 11003/2/1 11024/2/1 11532/2/1 11533/2/1
f 11003/2/3 11533/2/3 11534/2/3 11004/2/3
f 11533/2/6 11532/2/6 11535/2/6 11534/2/6
f 11006/1/2 11528/1/2 11536/1/2 11026/1/2
f 11004/1/3 11534/1/3 11528/1/3 11006/1/3
f 11534/1/6 11535/1/6 11536/1/6 11528/1/6
f 11016/2/1 11031/2/1 11537/2/1 11529/2/1
f 11529/2/6 11537/2/6 11538/2/6 11530/2/6
f 11530/3/6 11538/3/6 11539/3/6 11531/3/6
f 11019/1/3 11531/1/3 11540/1/3 11020/1/3
f 11531/1/6 11539/1/6 11541/1/6 11540/1/6
f 11022/1/2 11542/1/2 11543/1/2 11032/1/2
f 11020/1/3 11540/1/3 11542/1/3 11022/1/3
f 11540/1/6 11541/1/6 11543/1/6 11542/1/6
f 11024/2/1 11034/2/1 11544/2/1 11532/2/1
f 11532/2/6 11544/2/6 11545/2/6 11535/2/6
f 11052/1/4 11055/1/4 11546/1/4 11545/1/4
f 11535/1/6 11545/1/6 11546/1/6 11536/1/6
f 11025/1/2 11547/1/2 11548/1/2 11035/1/2
f 11026/1/3 11536/1/3 11547/1/3 11025/1/3
f 11055/1/4 11035/1/4 11548/1/4 11546/1/4
f 11536/1/6 11546/1/6 11548/1/6 11547/1/6
f 11028/1/2 11549/1/2 11550/1/2 11037/1/2
f 11027/1/1 11036/1/1 11551/1/1 11552/1/1
f 11027/1/3 11552/1/3 11549/1/3 11028/1/3
f 11552/1/6 11551/1/6 11550/1/6 11549/1/6
f 11039/2/2 11553/2/2 11554/2/2 11040/2/2
f 11029/2/1 11038/2/1 11555/2/1 11556/2/1
f 11029/2/3 11556/2/3 11553/2/3 11039/2/3
f 11038/2/4 11040/2/4 11554/2/4 11555/2/4
f 11556/2/6 11555/2/6 11554/2/6 11553/2/6
f 11030/3/1 11047/3/1 11557/3/1 11558/3/1
f 11030/3/3 11558/3/3 11537/3/3 11031/3/3
f 11047/3/4 11048/3/4 11559/3/4 11557/3/4
f 11558/3/6 11557/3/6 11559/3/6 11537/3/6
f 11537/2/6 11559/2/6 11560/2/6 11538/2/6
f 11538/3/6 11560/3/6 11561/3/6 11539/3/6
f 11068/1/4 11071/1/4 11562/1/4 11561/1/4
f 11539/1/6 11561/1/6 11562/1/6 11541/1/6
f 11032/1/2 11543/1/2 11563/1/2 11049/1/2
f 11071/1/4 11049/1/4 11563/1/4 11562/1/4
f 11541/1/6 11562/1/6 11563/1/6 11543/1/6
f 11052/2/2 11545/2/2 11564/2/2 11053/2/2
f 11034/2/1 11051/2/1 11565/2/1 11544/2/1
f 11051/2/4 11053/2/4 11564/2/4 11565/2/4
f 11544/2/6 11565/2/6 11564/2/6 11545/2/6
f 11036/1/1 11057/1/1 11566/1/1 11551/1/1
f 11551/1/6 11566/1/6 11567/1/6 11550/1/6
f 11038/1/2 11555/1/2 11568/1/2 11058/1/2
f 11037/1/3 11550/1/3 11555/1/3 11038/1/3
f 11079/1/4 11058/1/4 11568/1/4 11567/1/4
f 11550/1/6 11567/1/6 11568/1/6 11555/1/6
f 11044/1/2 11569/1/2 11570/1/2 11063/1/2
f 11045/1/1 11060/1/1 11571/1/1 11572/1/1
f 11045/1/3 11572/1/3 11569/1/3 11044/1/3
f 11060/1/4 11063/1/4 11570/1/4 11571/1/4
f 11572/1/6 11571/1/6 11570/1/6 11569/1/6
f 11048/2/1 11067/2/1 11573/2/1 11559/2/1
f 11067/2/4 11093/2/4 11574/2/4 11573/2/4
f 11559/2/6 11573/2/6 11574/2/6 11560/2/6
f 11068/2/2 11561/2/2 11575/2/2 11069/2/2
f 11093/2/4 11069/2/4 11575/2/4 11574/2/4
f 11560/2/6 11574/2/6 11575/2/6 11561/2/6
f 11050/1/2 11576/1/2 11577/1/2 11073/1/2
f 11049/1/1 11072/1/1 11578/1/1 11563/1/1
f 11049/1/3 11563/1/3 11576/1/3 11050/1/3
f 11563/1/6 11578/1/6 11577/1/6 11576/1/6
f 11079/1/2 11567/1/2 11579/1/2 11080/1/2
f 11057/1/1 11078/1/1 11580/1/1 11566/1/1
f 11078/1/4 11080/1/4 11579/1/4 11580/1/4
f 11566/1/6 11580/1/6 11579/1/6 11567/1/6
f 11059/2/2 11581/2/2 11582/2/2 11085/2/2
f 11082/2/1 11083/2/1 11583/2/1 11584/2/1
f 11082/2/3 11584/2/3 11581/2/3 11059/2/3
f 11584/2/6 11583/2/6 11582/2/6 11581/2/6
f 11070/1/1 11095/1/1 11585/1/1 11586/1/1
f 11070/1/3 11586/1/3 11578/1/3 11072/1/3
f 11586/1/6 11585/1/6 11587/1/6 11578/1/6
f 11578/1/6 11587/1/6 11588/1/6 11577/1/6
f 11073/1/3 11577/1/3 11589/1/3 11074/1/3
f 11577/1/6 11588/1/6 11590/1/6 11589/1/6
f 11074/1/3 11589/1/3 11591/1/3 11075/1/3
f 11111/1/4 11114/1/4 11592/1/4 11590/1/4
f 11589/1/6 11590/1/6 11592/1/6 11591/1/6
f 11076/2/2 11593/2/2 11594/2/2 11096/2/2
f 11075/2/3 11591/2/3 11593/2/3 11076/2/3
f 11591/2/6 11592/2/6 11594/2/6 11593/2/6
f 11078/1/2 11580/1/2 11595/1/2 11098/1/2
f 11077/1/1 11097/1/1 11596/1/1 11597/1/1
f 11077/1/3 11597/1/3 11580/1/3 11078/1/3
f 11097/1/4 11098/1/4 11595/1/4 11596/1/4
f 11597/1/6 11596/1/6 11595/1/6 11580/1/6
f 11081/1/1 11100/1/1 11598/1/1 11599/1/1
f 11081/1/3 11599/1/3 11583/1/3 11083/1/3
f 11599/1/6 11598/1/6 11600/1/6 11583/1/6
f 11085/1/2 11582/1/2 11601/1/2 11101/1/2
f 11583/1/6 11600/1/6 11601/1/6 11582/1/6
f 11086/2/2 11602/2/2 11603/2/2 11102/2/2
f 11084/2/1 11103/2/1 11604/2/1 11605/2/1
f 11084/2/3 11605/2/3 11602/2/3 11086/2/3
f 11103/2/4 11102/2/4 11603/2/4 11604/2/4
f 11605/2/6 11604/2/6 11603/2/6 11602/2/6
f 11094/2/1 11110/2/1 11606/2/1 11607/2/1
f 11094/2/3 11607/2/3 11585/2/3 11095/2/3
f 11110/2/4 11126/2/4 11608/2/4 11606/2/4
f 11607/2/6 11606/2/6 11608/2/6 11585/2/6
f 11585/1/6 11608/1/6 11609/1/6 11587/1/6
f 11129/1/4 11130/1/4 11610/1/4 11609/1/4
f 11587/1/6 11609/1/6 11610/1/6 11588/1/6
f 11111/1/2 11590/1/2 11611/1/2 11112/1/2
f 11130/1/4 11112/1/4 11611/1/4 11610/1/4
f 11588/1/6 11610/1/6 11611/1/6 11590/1/6
f 11114/2/1 11113/2/1 11612/2/1 11592/2/1
f 11113/2/4 11134/2/4 11613/2/4 11612/2/4
f 11592/2/6 11612/2/6 11613/2/6 11594/2/6
f 11097/1/2 11596/1/2 11614/1/2 11115/1/2
f 11096/1/3 11594/1/3 11596/1/3 11097/1/3
f 11594/1/6 11613/1/6 11614/1/6 11596/1/6
f 11100/1/1 11118/1/1 11615/1/1 11598/1/1
f 11598/1/6 11615/1/6 11616/1/6 11600/1/6
f 11101/1/2 11601/1/2 11617/1/2 11119/1/2
f 11141/1/4 11119/1/4 11617/1/4 11616/1/4
f 11600/1/6 11616/1/6 11617/1/6 11601/1/6
f 11109/3/2 11618/3/2 11619/3/2 11123/3/2
f 11108/3/1 11122/3/1 11620/3/1 11621/3/1
f 11108/3/3 11621/3/3 11618/3/3 11109/3/3
f 11122/3/4 11123/3/4 11619/3/4 11620/3/4
f 11621/3/6 11620/3/6 11619/3/6 11618/3/6
f 11129/1/2 11609/1/2 11622/1/2 11128/1/2
f 11126/1/1 11125/1/1 11623/1/1 11608/1/1
f 11125/1/4 11128/1/4 11622/1/4 11623/1/4
f 11608/1/6 11623/1/6 11622/1/6 11609/1/6
f 11115/2/2 11614/2/2 11624/2/2 11135/2/2
f 11134/2/1 11133/2/1 11625/2/1 11613/2/1
f 11613/2/6 11625/2/6 11624/2/6 11614/2/6
f 11141/1/2 11616/1/2 11626/1/2 11140/1/2
f 11118/1/1 11138/1/1 11627/1/1 11615/1/1
f 11138/1/4 11140/1/4 11626/1/4 11627/1/4
f 11615/1/6 11627/1/6 11626/1/6 11616/1/6
f 11124/2/2 11628/2/2 11629/2/2 11145/2/2
f 11123/2/1 11143/2/1 11630/2/1 11619/2/1
f 11123/2/3 11619/2/3 11628/2/3 11124/2/3
f 11143/2/4 11145/2/4 11629/2/4 11630/2/4
f 11619/2/6 11630/2/6 11629/2/6 11628/2/6
f 11131/1/1 11150/1/1 11631/1/1 11632/1/1
f 11131/1/3 11632/1/3 11633/1/3 11132/1/3
f 11150/1/4 11152/1/4 11634/1/4 11631/1/4
f 11632/1/6 11631/1/6 11634/1/6 11633/1/6
f 11132/1/3 11633/1/3 11625/1/3 11133/1/3
f 11633/1/6 11634/1/6 11635/1/6 11625/1/6
f 11135/2/2 11624/2/2 11636/2/2 11153/2/2
f 11151/2/4 11153/2/4 11636/2/4 11635/2/4
f 11625/2/6 11635/2/6 11636/2/6 11624/2/6
f 11137/2/2 11637/2/2 11638/2/2 11155/2/2
f 11136/2/1 11154/2/1 11639/2/1 11640/2/1
f 11136/2/3 11640/2/3 11637/2/3 11137/2/3
f 11154/2/4 11155/2/4 11638/2/4 11639/2/4
f 11640/2/6 11639/2/6 11638/2/6 11637/2/6
f 11148/2/2 11641/2/2 11642/2/2 11643/2/2
f 11146/2/1 11163/2/1 11644/2/1 11645/2/1
f 11146/2/3 11645/2/3 11641/2/3 11148/2/3
f 11163/2/4 11643/2/4 11642/2/4 11644/2/4
f 11645/2/6 11644/2/6 11642/2/6 11641/2/6
f 11146/2/5 11148/2/5 11643/2/5 11163/2/5
f 11150/2/2 11631/2/2 11646/2/2 11166/2/2
f 11149/2/1 11165/2/1 11647/2/1 11648/2/1
f 11149/2/3 11648/2/3 11631/2/3 11150/2/3
f 11165/2/4 11166/2/4 11646/2/4 11647/2/4
f 11648/2/6 11647/2/6 11646/2/6 11631/2/6
f 11151/1/2 11635/1/2 11649/1/2 11650/1/2
f 11152/1/1 11167/1/1 11651/1/1 11634/1/1
f 11167/1/4 11650/1/4 11649/1/4 11651/1/4
f 11634/1/6 11651/1/6 11649/1/6 11635/1/6
f 11152/1/5 11151/1/5 11650/1/5 11167/1/5
