mtllib Sietecueros_Sergio_Danilo_Palacios_Castillo_fase_4.mtl
o Sietecueros_Sergio_Danilo_Palacios_Castillo_fase_4
v -15.0000 -15.0000 7.0000
v -14.0000 -15.0000 7.0000
v -14.0000 -15.0000 6.0000
v -15.0000 -15.0000 6.0000
v -15.0000 -16.0000 7.0000
v -15.0000 -16.0000 6.0000
v -14.0000 -16.0000 6.0000
v -14.0000 -16.0000 7.0000
v -14.0000 -15.0000 5.0000
v -15.0000 -15.0000 5.0000
v -15.0000 -16.0000 5.0000
v -14.0000 -16.0000 5.0000
v -14.0000 -15.0000 4.0000
v -15.0000 -15.0000 4.0000
v -15.0000 -16.0000 4.0000
v -14.0000 -16.0000 4.0000
v -14.0000 -15.0000 3.0000
v -15.0000 -15.0000 3.0000
v -15.0000 -16.0000 3.0000
v -14.0000 -16.0000 3.0000
v -14.0000 -15.0000 2.0000
v -15.0000 -15.0000 2.0000
v -15.0000 -16.0000 2.0000
v -14.0000 -16.0000 2.0000
v -14.0000 -15.0000 1.0000
v -15.0000 -15.0000 1.0000
v -15.0000 -16.0000 1.0000
v -14.0000 -16.0000 1.0000
v -13.0000 -15.0000 7.0000
v -13.0000 -15.0000 6.0000
v -13.0000 -16.0000 6.0000
v -13.0000 -16.0000 7.0000
v -13.0000 -16.0000 5.0000
v -13.0000 -14.0000 6.0000
v -14.0000 -14.0000 6.0000
v -13.0000 -15.0000 5.0000
v -13.0000 -14.0000 5.0000
v -14.0000 -14.0000 5.0000
v -13.0000 -13.0000 6.0000
v -14.0000 -13.0000 6.0000
v -13.0000 -13.0000 5.0000
v -14.0000 -13.0000 5.0000
v -14.0000 -12.0000 6.0000
v -13.0000 -12.0000 6.0000
v -13.0000 -12.0000 5.0000
v -14.0000 -12.0000 5.0000
v -13.0000 -16.0000 4.0000
v -13.0000 -15.0000 4.0000
v -13.0000 -14.0000 4.0000
v -14.0000 -14.0000 4.0000
v -13.0000 -13.0000 4.0000
v -14.0000 -13.0000 4.0000
v -13.0000 -12.0000 4.0000
v -14.0000 -12.0000 4.0000
v -13.0000 -16.0000 3.0000
v -13.0000 -15.0000 3.0000
v -13.0000 -14.0000 3.0000
v -14.0000 -14.0000 3.0000
v -13.0000 -13.0000 3.0000
v -14.0000 -13.0000 3.0000
v -13.0000 -12.0000 3.0000
v -14.0000 -12.0000 3.0000
v -13.0000 -16.0000 2.0000
v -14.0000 -14.0000 2.0000
v -13.0000 -14.0000 2.0000
v -13.0000 -15.0000 2.0000
v -14.0000 -13.0000 2.0000
v -13.0000 -13.0000 2.0000
v -14.0000 -12.0000 2.0000
v -13.0000 -12.0000 2.0000
v -14.0000 -11.0000 3.0000
v -13.0000 -11.0000 3.0000
v -13.0000 -11.0000 2.0000
v -14.0000 -11.0000 2.0000
v -13.0000 -15.0000 1.0000
v -13.0000 -16.0000 1.0000
v -13.0000 -15.0000 -0.0000
v -14.0000 -15.0000 -0.0000
v -14.0000 -16.0000 -0.0000
v -13.0000 -16.0000 -0.0000
v -14.0000 9.0000 -5.0000
v -13.0000 9.0000 -5.0000
v -13.0000 9.0000 -6.0000
v -14.0000 9.0000 -6.0000
v -14.0000 8.0000 -5.0000
v -14.0000 8.0000 -6.0000
v -13.0000 8.0000 -6.0000
v -13.0000 8.0000 -5.0000
v -13.0000 9.0000 -7.0000
v -14.0000 9.0000 -7.0000
v -14.0000 8.0000 -7.0000
v -13.0000 8.0000 -7.0000
v -13.0000 0.0000 9.0000
v -13.0000 0.0000 8.0000
v -12.0000 0.0000 8.0000
v -12.0000 0.0000 9.0000
v -12.0000 1.0000 9.0000
v -13.0000 1.0000 9.0000
v -13.0000 1.0000 8.0000
v -12.0000 1.0000 8.0000
v -13.0000 2.0000 9.0000
v -12.0000 2.0000 9.0000
v -12.0000 2.0000 8.0000
v -13.0000 2.0000 8.0000
v -13.0000 -15.0000 8.0000
v -12.0000 -15.0000 8.0000
v -12.0000 -15.0000 7.0000
v -13.0000 -16.0000 8.0000
v -12.0000 -16.0000 7.0000
v -12.0000 -16.0000 8.0000
v -12.0000 -16.0000 6.0000
v -12.0000 -14.0000 7.0000
v -13.0000 -14.0000 7.0000
v -12.0000 -14.0000 6.0000
v -12.0000 -15.0000 6.0000
v -12.0000 -13.0000 7.0000
v -13.0000 -13.0000 7.0000
v -12.0000 -13.0000 6.0000
v -13.0000 -12.0000 7.0000
v -12.0000 -12.0000 7.0000
v -12.0000 -12.0000 6.0000
v -12.0000 -15.0000 5.0000
v -12.0000 -16.0000 5.0000
v -12.0000 -12.0000 5.0000
v -12.0000 -11.0000 6.0000
v -13.0000 -11.0000 6.0000
v -13.0000 -11.0000 5.0000
v -12.0000 -10.0000 6.0000
v -13.0000 -10.0000 6.0000
v -13.0000 -10.0000 5.0000
v -12.0000 -9.0000 6.0000
v -13.0000 -9.0000 6.0000
v -13.0000 -9.0000 5.0000
v -13.0000 -8.0000 6.0000
v -12.0000 -8.0000 6.0000
v -12.0000 -8.0000 5.0000
v -13.0000 -8.0000 5.0000
v -12.0000 -15.0000 4.0000
v -12.0000 -16.0000 4.0000
v -12.0000 -12.0000 4.0000
v -12.0000 -11.0000 4.0000
v -12.0000 -11.0000 5.0000
v -13.0000 -11.0000 4.0000
v -12.0000 -10.0000 4.0000
v -12.0000 -10.0000 5.0000
v -13.0000 -10.0000 4.0000
v -12.0000 -9.0000 4.0000
v -12.0000 -9.0000 5.0000
v -13.0000 -9.0000 4.0000
v -12.0000 -8.0000 4.0000
v -13.0000 -8.0000 4.0000
v -12.0000 -7.0000 5.0000
v -13.0000 -7.0000 5.0000
v -12.0000 -7.0000 4.0000
v -13.0000 -7.0000 4.0000
v -12.0000 -6.0000 5.0000
v -13.0000 -6.0000 5.0000
v -12.0000 -6.0000 4.0000
v -13.0000 -6.0000 4.0000
v -12.0000 -5.0000 5.0000
v -13.0000 -5.0000 5.0000
v -12.0000 -5.0000 4.0000
v -13.0000 -5.0000 4.0000
v -13.0000 -4.0000 5.0000
v -12.0000 -4.0000 5.0000
v -12.0000 -4.0000 4.0000
v -13.0000 -4.0000 4.0000
v -12.0000 -15.0000 3.0000
v -12.0000 -16.0000 3.0000
v -12.0000 -12.0000 3.0000
v -12.0000 -11.0000 3.0000
v -12.0000 -10.0000 3.0000
v -13.0000 -10.0000 3.0000
v -12.0000 -9.0000 3.0000
v -13.0000 -9.0000 3.0000
v -12.0000 -8.0000 3.0000
v -13.0000 -8.0000 3.0000
v -12.0000 -7.0000 3.0000
v -13.0000 -7.0000 3.0000
v -12.0000 -6.0000 3.0000
v -13.0000 -6.0000 3.0000
v -12.0000 -5.0000 3.0000
v -13.0000 -5.0000 3.0000
v -12.0000 -4.0000 3.0000
v -13.0000 -4.0000 3.0000
v -12.0000 -15.0000 2.0000
v -12.0000 -16.0000 2.0000
v -12.0000 -12.0000 2.0000
v -12.0000 -11.0000 2.0000
v -13.0000 -10.0000 2.0000
v -12.0000 -10.0000 2.0000
v -13.0000 -9.0000 2.0000
v -12.0000 -9.0000 2.0000
v -13.0000 -8.0000 2.0000
v -12.0000 -8.0000 2.0000
v -13.0000 -7.0000 2.0000
v -12.0000 -7.0000 2.0000
v -13.0000 -6.0000 2.0000
v -12.0000 -6.0000 2.0000
v -13.0000 -5.0000 2.0000
v -12.0000 -5.0000 2.0000
v -12.0000 -4.0000 2.0000
v -13.0000 -4.0000 2.0000
v -12.0000 -16.0000 1.0000
v -12.0000 -14.0000 2.0000
v -13.0000 -14.0000 1.0000
v -12.0000 -14.0000 1.0000
v -12.0000 -15.0000 1.0000
v -12.0000 -13.0000 2.0000
v -13.0000 -13.0000 1.0000
v -12.0000 -13.0000 1.0000
v -13.0000 -12.0000 1.0000
v -12.0000 -12.0000 1.0000
v -12.0000 -11.0000 1.0000
v -13.0000 -11.0000 1.0000
v -12.0000 -15.0000 -0.0000
v -12.0000 -16.0000 -0.0000
v -13.0000 6.0000 -2.0000
v -13.0000 6.0000 -3.0000
v -12.0000 6.0000 -3.0000
v -12.0000 6.0000 -2.0000
v -12.0000 7.0000 -2.0000
v -13.0000 7.0000 -2.0000
v -13.0000 7.0000 -3.0000
v -12.0000 7.0000 -3.0000
v -13.0000 8.0000 -2.0000
v -12.0000 8.0000 -2.0000
v -12.0000 8.0000 -3.0000
v -13.0000 8.0000 -3.0000
v -13.0000 7.0000 -4.0000
v -12.0000 7.0000 -4.0000
v -12.0000 8.0000 -4.0000
v -13.0000 8.0000 -4.0000
v -13.0000 9.0000 -3.0000
v -12.0000 9.0000 -3.0000
v -12.0000 9.0000 -4.0000
v -13.0000 9.0000 -4.0000
v -12.0000 8.0000 -5.0000
v -13.0000 7.0000 -5.0000
v -12.0000 7.0000 -5.0000
v -12.0000 9.0000 -5.0000
v -12.0000 9.0000 -6.0000
v -12.0000 8.0000 -6.0000
v -13.0000 10.0000 -6.0000
v -12.0000 10.0000 -6.0000
v -12.0000 10.0000 -7.0000
v -13.0000 10.0000 -7.0000
v -12.0000 9.0000 -7.0000
v -12.0000 0.0000 13.0000
v -11.0000 0.0000 13.0000
v -11.0000 0.0000 12.0000
v -12.0000 0.0000 12.0000
v -12.0000 -1.0000 13.0000
v -12.0000 -1.0000 12.0000
v -11.0000 -1.0000 12.0000
v -11.0000 -1.0000 13.0000
v -11.0000 0.0000 11.0000
v -12.0000 0.0000 11.0000
v -12.0000 -1.0000 11.0000
v -11.0000 -1.0000 11.0000
v -11.0000 0.0000 10.0000
v -12.0000 0.0000 10.0000
v -12.0000 -1.0000 10.0000
v -11.0000 -1.0000 10.0000
v -12.0000 1.0000 10.0000
v -11.0000 1.0000 10.0000
v -11.0000 1.0000 9.0000
v -11.0000 0.0000 9.0000
v -11.0000 2.0000 9.0000
v -11.0000 2.0000 8.0000
v -11.0000 1.0000 8.0000
v -11.0000 -15.0000 8.0000
v -11.0000 -15.0000 7.0000
v -11.0000 -16.0000 7.0000
v -11.0000 -16.0000 8.0000
v -12.0000 1.0000 7.0000
v -11.0000 1.0000 7.0000
v -12.0000 2.0000 7.0000
v -11.0000 2.0000 7.0000
v -12.0000 3.0000 8.0000
v -11.0000 3.0000 8.0000
v -11.0000 3.0000 7.0000
v -12.0000 3.0000 7.0000
v -11.0000 -16.0000 6.0000
v -11.0000 -14.0000 7.0000
v -11.0000 -13.0000 7.0000
v -11.0000 -13.0000 6.0000
v -11.0000 -14.0000 6.0000
v -11.0000 -12.0000 7.0000
v -11.0000 -12.0000 6.0000
v -11.0000 -16.0000 5.0000
v -11.0000 -14.0000 5.0000
v -12.0000 -14.0000 5.0000
v -11.0000 -15.0000 5.0000
v -11.0000 -15.0000 6.0000
v -11.0000 -12.0000 5.0000
v -11.0000 -11.0000 6.0000
v -11.0000 -11.0000 5.0000
v -11.0000 -10.0000 6.0000
v -11.0000 -10.0000 5.0000
v -11.0000 -9.0000 6.0000
v -11.0000 -9.0000 5.0000
v -11.0000 -8.0000 6.0000
v -11.0000 -8.0000 5.0000
v -11.0000 -7.0000 6.0000
v -12.0000 -7.0000 6.0000
v -11.0000 -7.0000 5.0000
v -11.0000 -6.0000 6.0000
v -12.0000 -6.0000 6.0000
v -11.0000 -6.0000 5.0000
v -11.0000 -5.0000 6.0000
v -12.0000 -5.0000 6.0000
v -11.0000 -5.0000 5.0000
v -12.0000 -4.0000 6.0000
v -11.0000 -4.0000 6.0000
v -11.0000 -4.0000 5.0000
v -11.0000 -15.0000 4.0000
v -11.0000 -16.0000 4.0000
v -11.0000 -5.0000 4.0000
v -11.0000 -3.0000 5.0000
v -12.0000 -3.0000 5.0000
v -12.0000 -3.0000 4.0000
v -12.0000 -2.0000 5.0000
v -11.0000 -2.0000 5.0000
v -11.0000 -2.0000 4.0000
v -12.0000 -2.0000 4.0000
v -11.0000 -15.0000 3.0000
v -11.0000 -16.0000 3.0000
v -11.0000 -5.0000 3.0000
v -11.0000 -4.0000 3.0000
v -11.0000 -4.0000 4.0000
v -11.0000 -3.0000 3.0000
v -11.0000 -3.0000 4.0000
v -12.0000 -3.0000 3.0000
v -11.0000 -2.0000 3.0000
v -12.0000 -2.0000 3.0000
v -11.0000 -15.0000 2.0000
v -11.0000 -16.0000 2.0000
v -11.0000 -10.0000 3.0000
v -11.0000 -10.0000 2.0000
v -11.0000 -11.0000 2.0000
v -11.0000 -11.0000 3.0000
v -11.0000 -4.0000 2.0000
v -12.0000 -3.0000 2.0000
v -11.0000 -3.0000 2.0000
v -11.0000 -2.0000 2.0000
v -12.0000 -2.0000 2.0000
v -11.0000 -15.0000 1.0000
v -11.0000 -16.0000 1.0000
v -11.0000 -11.0000 1.0000
v -12.0000 -10.0000 1.0000
v -11.0000 -10.0000 1.0000
v -11.0000 -9.0000 2.0000
v -12.0000 -9.0000 1.0000
v -11.0000 -9.0000 1.0000
v -11.0000 -8.0000 2.0000
v -12.0000 -8.0000 1.0000
v -11.0000 -8.0000 1.0000
v -11.0000 -7.0000 2.0000
v -12.0000 -7.0000 1.0000
v -11.0000 -7.0000 1.0000
v -11.0000 -6.0000 2.0000
v -12.0000 -6.0000 1.0000
v -11.0000 -6.0000 1.0000
v -11.0000 -5.0000 2.0000
v -12.0000 -5.0000 1.0000
v -11.0000 -5.0000 1.0000
v -11.0000 -4.0000 1.0000
v -12.0000 -4.0000 1.0000
v -11.0000 -16.0000 -0.0000
v -11.0000 -14.0000 1.0000
v -12.0000 -14.0000 -0.0000
v -11.0000 -14.0000 -0.0000
v -11.0000 -15.0000 -0.0000
v -11.0000 -13.0000 1.0000
v -12.0000 -13.0000 -0.0000
v -11.0000 -13.0000 -0.0000
v -11.0000 -12.0000 1.0000
v -12.0000 -12.0000 -0.0000
v -11.0000 -12.0000 -0.0000
v -11.0000 -11.0000 -0.0000
v -12.0000 -11.0000 -0.0000
v -11.0000 -15.0000 -1.0000
v -12.0000 -15.0000 -1.0000
v -12.0000 -16.0000 -1.0000
v -11.0000 -16.0000 -1.0000
v -12.0000 8.0000 -0.0000
v -11.0000 8.0000 -0.0000
v -11.0000 8.0000 -1.0000
v -12.0000 8.0000 -1.0000
v -12.0000 7.0000 -0.0000
v -12.0000 7.0000 -1.0000
v -11.0000 7.0000 -1.0000
v -11.0000 7.0000 -0.0000
v -12.0000 6.0000 -1.0000
v -11.0000 6.0000 -2.0000
v -11.0000 6.0000 -1.0000
v -11.0000 8.0000 -2.0000
v -11.0000 7.0000 -2.0000
v -11.0000 7.0000 -3.0000
v -11.0000 6.0000 -3.0000
v -11.0000 7.0000 -4.0000
v -12.0000 6.0000 -4.0000
v -11.0000 6.0000 -4.0000
v -11.0000 7.0000 -5.0000
v -12.0000 6.0000 -5.0000
v -11.0000 6.0000 -5.0000
v -11.0000 9.0000 -4.0000
v -11.0000 9.0000 -5.0000
v -11.0000 8.0000 -5.0000
v -11.0000 8.0000 -4.0000
v -12.0000 7.0000 -6.0000
v -11.0000 7.0000 -6.0000
v -11.0000 8.0000 -6.0000
v -11.0000 9.0000 -6.0000
v -12.0000 8.0000 -7.0000
v -11.0000 8.0000 -7.0000
v -11.0000 9.0000 -7.0000
v -11.0000 10.0000 -6.0000
v -11.0000 10.0000 -7.0000
v -12.0000 9.0000 -8.0000
v -11.0000 9.0000 -8.0000
v -12.0000 10.0000 -8.0000
v -11.0000 10.0000 -8.0000
v -12.0000 11.0000 -7.0000
v -11.0000 11.0000 -7.0000
v -11.0000 11.0000 -8.0000
v -12.0000 11.0000 -8.0000
v -11.0000 0.0000 14.0000
v -10.0000 0.0000 14.0000
v -10.0000 0.0000 13.0000
v -11.0000 -1.0000 14.0000
v -10.0000 -1.0000 13.0000
v -10.0000 -1.0000 14.0000
v -10.0000 -1.0000 12.0000
v -11.0000 -2.0000 13.0000
v -11.0000 -2.0000 12.0000
v -10.0000 -2.0000 12.0000
v -10.0000 -2.0000 13.0000
v -11.0000 -3.0000 12.0000
v -11.0000 -3.0000 11.0000
v -10.0000 -3.0000 11.0000
v -10.0000 -3.0000 12.0000
v -11.0000 -2.0000 11.0000
v -10.0000 -2.0000 11.0000
v -10.0000 -1.0000 11.0000
v -10.0000 -1.0000 10.0000
v -11.0000 -2.0000 10.0000
v -10.0000 -2.0000 10.0000
v -10.0000 0.0000 10.0000
v -10.0000 0.0000 9.0000
v -11.0000 -1.0000 9.0000
v -10.0000 -1.0000 9.0000
v -11.0000 0.0000 8.0000
v -10.0000 0.0000 8.0000
v -10.0000 1.0000 9.0000
v -10.0000 1.0000 8.0000
v -10.0000 2.0000 9.0000
v -10.0000 2.0000 8.0000
v -10.0000 -15.0000 8.0000
v -10.0000 -15.0000 7.0000
v -10.0000 -16.0000 7.0000
v -10.0000 -16.0000 8.0000
v -10.0000 1.0000 7.0000
v -10.0000 2.0000 7.0000
v -10.0000 3.0000 8.0000
v -10.0000 3.0000 7.0000
v -11.0000 4.0000 8.0000
v -10.0000 4.0000 8.0000
v -10.0000 4.0000 7.0000
v -11.0000 4.0000 7.0000
v -10.0000 -16.0000 6.0000
v -10.0000 -14.0000 7.0000
v -10.0000 -14.0000 6.0000
v -10.0000 -15.0000 6.0000
v -10.0000 -13.0000 7.0000
v -10.0000 -13.0000 6.0000
v -10.0000 -12.0000 7.0000
v -10.0000 -12.0000 6.0000
v -10.0000 -15.0000 5.0000
v -10.0000 -16.0000 5.0000
v -10.0000 -12.0000 5.0000
v -10.0000 -11.0000 6.0000
v -10.0000 -11.0000 5.0000
v -10.0000 -10.0000 6.0000
v -10.0000 -10.0000 5.0000
v -10.0000 -9.0000 6.0000
v -10.0000 -9.0000 5.0000
v -10.0000 -8.0000 6.0000
v -10.0000 -8.0000 5.0000
v -10.0000 -7.0000 6.0000
v -10.0000 -7.0000 5.0000
v -10.0000 -6.0000 6.0000
v -10.0000 -6.0000 5.0000
v -10.0000 -5.0000 6.0000
v -10.0000 -4.0000 6.0000
v -10.0000 -4.0000 5.0000
v -10.0000 -15.0000 4.0000
v -10.0000 -16.0000 4.0000
v -11.0000 -6.0000 4.0000
v -10.0000 -6.0000 4.0000
v -10.0000 -5.0000 4.0000
v -10.0000 -4.0000 4.0000
v -10.0000 -3.0000 5.0000
v -10.0000 -3.0000 4.0000
v -10.0000 -2.0000 5.0000
v -10.0000 -2.0000 4.0000
v -10.0000 -15.0000 3.0000
v -10.0000 -16.0000 3.0000
v -10.0000 -3.0000 3.0000
v -10.0000 -2.0000 3.0000
v -11.0000 -1.0000 4.0000
v -10.0000 -1.0000 4.0000
v -10.0000 -1.0000 3.0000
v -11.0000 -1.0000 3.0000
v -10.0000 -16.0000 2.0000
v -11.0000 -14.0000 3.0000
v -10.0000 -14.0000 3.0000
v -10.0000 -14.0000 2.0000
v -11.0000 -14.0000 2.0000
v -10.0000 -15.0000 2.0000
v -10.0000 -4.0000 2.0000
v -10.0000 -4.0000 3.0000
v -10.0000 -2.0000 2.0000
v -10.0000 -3.0000 2.0000
v -10.0000 -15.0000 1.0000
v -10.0000 -16.0000 1.0000
v -10.0000 -11.0000 1.0000
v -10.0000 -11.0000 2.0000
v -10.0000 -10.0000 2.0000
v -10.0000 -10.0000 1.0000
v -10.0000 -9.0000 2.0000
v -10.0000 -9.0000 1.0000
v -10.0000 -8.0000 2.0000
v -10.0000 -8.0000 1.0000
v -10.0000 -7.0000 2.0000
v -10.0000 -7.0000 1.0000
v -10.0000 -6.0000 2.0000
v -10.0000 -6.0000 1.0000
v -10.0000 -5.0000 2.0000
v -10.0000 -5.0000 1.0000
v -10.0000 -4.0000 1.0000
v -11.0000 -3.0000 1.0000
v -10.0000 -3.0000 1.0000
v -10.0000 -2.0000 1.0000
v -11.0000 -2.0000 1.0000
v -10.0000 -16.0000 -0.0000
v -10.0000 -14.0000 1.0000
v -10.0000 -14.0000 -0.0000
v -10.0000 -15.0000 -0.0000
v -10.0000 -13.0000 1.0000
v -10.0000 -13.0000 -0.0000
v -10.0000 -12.0000 1.0000
v -10.0000 -12.0000 -0.0000
v -10.0000 -11.0000 -0.0000
v -11.0000 6.0000 1.0000
v -11.0000 6.0000 -0.0000
v -10.0000 6.0000 -0.0000
v -10.0000 6.0000 1.0000
v -10.0000 7.0000 1.0000
v -11.0000 7.0000 1.0000
v -11.0000 8.0000 1.0000
v -10.0000 8.0000 1.0000
v -10.0000 8.0000 -0.0000
v -10.0000 7.0000 -0.0000
v -10.0000 -15.0000 -1.0000
v -10.0000 -16.0000 -1.0000
v -10.0000 7.0000 -1.0000
v -10.0000 6.0000 -1.0000
v -10.0000 7.0000 -2.0000
v -10.0000 6.0000 -2.0000
v -10.0000 7.0000 -3.0000
v -10.0000 6.0000 -3.0000
v -10.0000 6.0000 -4.0000
v -11.0000 8.0000 -3.0000
v -10.0000 8.0000 -3.0000
v -10.0000 8.0000 -4.0000
v -11.0000 5.0000 -4.0000
v -11.0000 5.0000 -5.0000
v -10.0000 5.0000 -5.0000
v -10.0000 5.0000 -4.0000
v -10.0000 6.0000 -5.0000
v -10.0000 8.0000 -5.0000
v -11.0000 6.0000 -6.0000
v -10.0000 6.0000 -6.0000
v -10.0000 7.0000 -6.0000
v -10.0000 9.0000 -5.0000
v -10.0000 9.0000 -6.0000
v -11.0000 7.0000 -7.0000
v -10.0000 7.0000 -7.0000
v -10.0000 8.0000 -7.0000
v -10.0000 9.0000 -7.0000
v -10.0000 10.0000 -6.0000
v -10.0000 10.0000 -7.0000
v -10.0000 11.0000 -7.0000
v -10.0000 11.0000 -8.0000
v -10.0000 10.0000 -8.0000
v -10.0000 11.0000 -9.0000
v -11.0000 11.0000 -9.0000
v -11.0000 10.0000 -9.0000
v -10.0000 10.0000 -9.0000
v -9.0000 -1.0000 14.0000
v -9.0000 -1.0000 13.0000
v -10.0000 -2.0000 14.0000
v -9.0000 -2.0000 13.0000
v -9.0000 -2.0000 14.0000
v -10.0000 -5.0000 13.0000
v -10.0000 -5.0000 12.0000
v -9.0000 -5.0000 12.0000
v -9.0000 -5.0000 13.0000
v -9.0000 -4.0000 13.0000
v -10.0000 -4.0000 13.0000
v -10.0000 -4.0000 12.0000
v -9.0000 -4.0000 12.0000
v -9.0000 -3.0000 13.0000
v -10.0000 -3.0000 13.0000
v -9.0000 -3.0000 12.0000
v -9.0000 -2.0000 12.0000
v -9.0000 -1.0000 12.0000
v -9.0000 -1.0000 11.0000
v -9.0000 -2.0000 11.0000
v -9.0000 -1.0000 10.0000
v -9.0000 -2.0000 10.0000
v -9.0000 -1.0000 9.0000
v -10.0000 -2.0000 9.0000
v -9.0000 -2.0000 9.0000
v -10.0000 -1.0000 8.0000
v -9.0000 -1.0000 8.0000
v -9.0000 0.0000 9.0000
v -9.0000 0.0000 8.0000
v -9.0000 1.0000 9.0000
v -9.0000 1.0000 8.0000
v -9.0000 -15.0000 8.0000
v -9.0000 -15.0000 7.0000
v -9.0000 -16.0000 7.0000
v -9.0000 -16.0000 8.0000
v -9.0000 1.0000 7.0000
v -9.0000 2.0000 8.0000
v -9.0000 2.0000 7.0000
v -9.0000 3.0000 8.0000
v -9.0000 3.0000 7.0000
v -9.0000 4.0000 8.0000
v -9.0000 4.0000 7.0000
v -10.0000 6.0000 8.0000
v -9.0000 6.0000 8.0000
v -9.0000 6.0000 7.0000
v -10.0000 6.0000 7.0000
v -10.0000 5.0000 8.0000
v -10.0000 5.0000 7.0000
v -9.0000 5.0000 7.0000
v -9.0000 5.0000 8.0000
v -9.0000 -16.0000 6.0000
v -9.0000 -14.0000 7.0000
v -9.0000 -15.0000 6.0000
v -9.0000 -14.0000 6.0000
v -9.0000 -13.0000 7.0000
v -9.0000 -13.0000 6.0000
v -9.0000 -12.0000 7.0000
v -9.0000 -12.0000 6.0000
v -9.0000 6.0000 6.0000
v -10.0000 6.0000 6.0000
v -10.0000 5.0000 6.0000
v -9.0000 5.0000 6.0000
v -9.0000 -16.0000 5.0000
v -10.0000 -14.0000 5.0000
v -9.0000 -14.0000 5.0000
v -9.0000 -15.0000 5.0000
v -10.0000 -13.0000 5.0000
v -9.0000 -13.0000 5.0000
v -9.0000 -12.0000 5.0000
v -9.0000 -11.0000 6.0000
v -9.0000 -11.0000 5.0000
v -9.0000 -10.0000 6.0000
v -9.0000 -10.0000 5.0000
v -9.0000 -9.0000 6.0000
v -9.0000 -9.0000 5.0000
v -9.0000 -8.0000 6.0000
v -9.0000 -8.0000 5.0000
v -9.0000 -7.0000 6.0000
v -9.0000 -7.0000 5.0000
v -9.0000 -6.0000 6.0000
v -9.0000 -6.0000 5.0000
v -9.0000 -5.0000 6.0000
v -9.0000 -5.0000 5.0000
v -9.0000 -4.0000 6.0000
v -9.0000 -4.0000 5.0000
v -9.0000 -15.0000 4.0000
v -9.0000 -16.0000 4.0000
v -10.0000 -12.0000 4.0000
v -9.0000 -12.0000 4.0000
v -10.0000 -11.0000 4.0000
v -9.0000 -11.0000 4.0000
v -10.0000 -10.0000 4.0000
v -9.0000 -10.0000 4.0000
v -9.0000 -9.0000 4.0000
v -10.0000 -9.0000 4.0000
v -10.0000 -7.0000 4.0000
v -9.0000 -7.0000 4.0000
v -9.0000 -6.0000 4.0000
v -9.0000 -5.0000 4.0000
v -9.0000 -4.0000 4.0000
v -9.0000 -3.0000 5.0000
v -9.0000 -3.0000 4.0000
v -9.0000 -2.0000 5.0000
v -9.0000 -2.0000 4.0000
v -10.0000 -1.0000 5.0000
v -9.0000 -1.0000 5.0000
v -9.0000 -1.0000 4.0000
v -9.0000 -15.0000 3.0000
v -9.0000 -16.0000 3.0000
v -9.0000 -2.0000 3.0000
v -9.0000 0.0000 4.0000
v -10.0000 0.0000 4.0000
v -10.0000 0.0000 3.0000
v -9.0000 1.0000 4.0000
v -10.0000 1.0000 4.0000
v -10.0000 1.0000 3.0000
v -10.0000 2.0000 4.0000
v -9.0000 2.0000 4.0000
v -9.0000 2.0000 3.0000
v -10.0000 2.0000 3.0000
v -9.0000 1.0000 3.0000
v -9.0000 -15.0000 2.0000
v -9.0000 -16.0000 2.0000
v -10.0000 -7.0000 3.0000
v -9.0000 -7.0000 2.0000
v -9.0000 -7.0000 3.0000
v -9.0000 -6.0000 3.0000
v -10.0000 -6.0000 3.0000
v -10.0000 -5.0000 3.0000
v -9.0000 -5.0000 3.0000
v -9.0000 -5.0000 2.0000
v -9.0000 -3.0000 3.0000
v -9.0000 -3.0000 2.0000
v -9.0000 -4.0000 2.0000
v -9.0000 -4.0000 3.0000
v -9.0000 -2.0000 2.0000
v -10.0000 -1.0000 2.0000
v -9.0000 -1.0000 2.0000
v -10.0000 0.0000 2.0000
v -9.0000 0.0000 2.0000
v -9.0000 1.0000 2.0000
v -10.0000 1.0000 2.0000
v -9.0000 -15.0000 1.0000
v -9.0000 -16.0000 1.0000
v -9.0000 -11.0000 1.0000
v -9.0000 -11.0000 2.0000
v -9.0000 -10.0000 2.0000
v -9.0000 -10.0000 1.0000
v -9.0000 -9.0000 2.0000
v -9.0000 -9.0000 1.0000
v -9.0000 -8.0000 2.0000
v -9.0000 -8.0000 1.0000
v -9.0000 -7.0000 1.0000
v -9.0000 -6.0000 1.0000
v -9.0000 -6.0000 2.0000
v -9.0000 -5.0000 1.0000
v -9.0000 -4.0000 1.0000
v -9.0000 -3.0000 1.0000
v -9.0000 -2.0000 1.0000
v -10.0000 6.0000 2.0000
v -9.0000 6.0000 1.0000
v -9.0000 6.0000 2.0000
v -9.0000 7.0000 2.0000
v -10.0000 7.0000 2.0000
v -10.0000 8.0000 2.0000
v -9.0000 8.0000 2.0000
v -9.0000 8.0000 1.0000
v -9.0000 7.0000 1.0000
v -9.0000 -16.0000 -0.0000
v -9.0000 -14.0000 1.0000
v -9.0000 -14.0000 -0.0000
v -9.0000 -15.0000 -0.0000
v -9.0000 -13.0000 1.0000
v -9.0000 -13.0000 -0.0000
v -9.0000 -12.0000 1.0000
v -9.0000 -12.0000 -0.0000
v -9.0000 -11.0000 -0.0000
v -9.0000 7.0000 -0.0000
v -9.0000 6.0000 -0.0000
v -9.0000 -15.0000 -1.0000
v -9.0000 -16.0000 -1.0000
v -9.0000 7.0000 -1.0000
v -9.0000 6.0000 -1.0000
v -10.0000 5.0000 -1.0000
v -10.0000 5.0000 -2.0000
v -9.0000 5.0000 -2.0000
v -9.0000 5.0000 -1.0000
v -9.0000 6.0000 -2.0000
v -9.0000 7.0000 -2.0000
v -9.0000 6.0000 -3.0000
v -10.0000 8.0000 -2.0000
v -9.0000 8.0000 -2.0000
v -9.0000 8.0000 -3.0000
v -9.0000 6.0000 -4.0000
v -9.0000 8.0000 -4.0000
v -9.0000 6.0000 -5.0000
v -9.0000 7.0000 -5.0000
v -9.0000 7.0000 -4.0000
v -9.0000 8.0000 -5.0000
v -10.0000 3.0000 -5.0000
v -10.0000 3.0000 -6.0000
v -9.0000 3.0000 -6.0000
v -9.0000 3.0000 -5.0000
v -9.0000 4.0000 -5.0000
v -10.0000 4.0000 -5.0000
v -10.0000 4.0000 -6.0000
v -9.0000 4.0000 -6.0000
v -9.0000 5.0000 -5.0000
v -10.0000 5.0000 -6.0000
v -9.0000 5.0000 -6.0000
v -9.0000 6.0000 -6.0000
v -9.0000 7.0000 -6.0000
v -9.0000 9.0000 -5.0000
v -9.0000 9.0000 -6.0000
v -9.0000 7.0000 -7.0000
v -9.0000 8.0000 -7.0000
v -9.0000 9.0000 -7.0000
v -10.0000 9.0000 -8.0000
v -9.0000 9.0000 -8.0000
v -9.0000 10.0000 -7.0000
v -9.0000 10.0000 -8.0000
v -9.0000 11.0000 -7.0000
v -9.0000 11.0000 -8.0000
v -9.0000 11.0000 -9.0000
v -9.0000 10.0000 -9.0000
v -8.0000 -1.0000 14.0000
v -8.0000 -1.0000 13.0000
v -8.0000 -2.0000 13.0000
v -8.0000 -2.0000 14.0000
v -8.0000 -2.0000 12.0000
v -8.0000 -3.0000 12.0000
v -8.0000 -3.0000 13.0000
v -8.0000 -1.0000 12.0000
v -8.0000 -1.0000 11.0000
v -8.0000 -2.0000 11.0000
v -8.0000 -1.0000 10.0000
v -8.0000 -2.0000 10.0000
v -8.0000 -1.0000 9.0000
v -8.0000 -2.0000 9.0000
v -8.0000 0.0000 9.0000
v -8.0000 0.0000 8.0000
v -8.0000 -1.0000 8.0000
v -9.0000 -1.0000 7.0000
v -8.0000 -1.0000 7.0000
v -9.0000 0.0000 7.0000
v -8.0000 0.0000 7.0000
v -8.0000 1.0000 8.0000
v -8.0000 1.0000 7.0000
v -8.0000 2.0000 8.0000
v -8.0000 2.0000 7.0000
v -8.0000 3.0000 8.0000
v -8.0000 3.0000 7.0000
v -8.0000 4.0000 8.0000
v -8.0000 4.0000 7.0000
v -8.0000 5.0000 8.0000
v -8.0000 5.0000 7.0000
v -8.0000 6.0000 8.0000
v -8.0000 6.0000 7.0000
v -8.0000 -15.0000 7.0000
v -8.0000 -15.0000 6.0000
v -8.0000 -16.0000 6.0000
v -8.0000 -16.0000 7.0000
v -8.0000 5.0000 6.0000
v -8.0000 6.0000 6.0000
v -9.0000 7.0000 7.0000
v -8.0000 7.0000 7.0000
v -8.0000 7.0000 6.0000
v -9.0000 7.0000 6.0000
v -8.0000 -16.0000 5.0000
v -8.0000 -14.0000 6.0000
v -8.0000 -14.0000 5.0000
v -8.0000 -15.0000 5.0000
v -8.0000 -13.0000 6.0000
v -8.0000 -13.0000 5.0000
v -8.0000 -12.0000 6.0000
v -8.0000 -12.0000 5.0000
v -8.0000 7.0000 5.0000
v -9.0000 7.0000 5.0000
v -9.0000 6.0000 5.0000
v -8.0000 6.0000 5.0000
v -8.0000 -15.0000 4.0000
v -8.0000 -16.0000 4.0000
v -8.0000 -12.0000 4.0000
v -8.0000 -11.0000 5.0000
v -8.0000 -11.0000 4.0000
v -8.0000 -10.0000 5.0000
v -8.0000 -10.0000 4.0000
v -8.0000 -9.0000 5.0000
v -8.0000 -9.0000 4.0000
v -8.0000 -8.0000 5.0000
v -9.0000 -8.0000 4.0000
v -8.0000 -8.0000 4.0000
v -8.0000 -7.0000 5.0000
v -8.0000 -7.0000 4.0000
v -8.0000 -6.0000 5.0000
v -8.0000 -6.0000 4.0000
v -8.0000 -5.0000 5.0000
v -8.0000 -5.0000 4.0000
v -8.0000 -4.0000 5.0000
v -8.0000 -4.0000 4.0000
v -8.0000 -3.0000 5.0000
v -8.0000 -3.0000 4.0000
v -8.0000 -2.0000 5.0000
v -8.0000 -1.0000 5.0000
v -8.0000 0.0000 5.0000
v -9.0000 0.0000 5.0000
v -9.0000 1.0000 5.0000
v -8.0000 1.0000 5.0000
v -8.0000 1.0000 4.0000
v -8.0000 -15.0000 3.0000
v -8.0000 -16.0000 3.0000
v -8.0000 -3.0000 3.0000
v -8.0000 2.0000 4.0000
v -8.0000 2.0000 3.0000
v -8.0000 1.0000 3.0000
v -8.0000 -15.0000 2.0000
v -8.0000 -16.0000 2.0000
v -9.0000 -12.0000 3.0000
v -9.0000 -12.0000 2.0000
v -8.0000 -12.0000 2.0000
v -8.0000 -12.0000 3.0000
v -8.0000 -11.0000 3.0000
v -9.0000 -11.0000 3.0000
v -8.0000 -10.0000 3.0000
v -9.0000 -10.0000 3.0000
v -8.0000 -10.0000 2.0000
v -8.0000 -11.0000 2.0000
v -8.0000 -9.0000 3.0000
v -9.0000 -9.0000 3.0000
v -8.0000 -9.0000 2.0000
v -8.0000 -8.0000 3.0000
v -9.0000 -8.0000 3.0000
v -8.0000 -8.0000 2.0000
v -8.0000 -7.0000 3.0000
v -8.0000 -7.0000 2.0000
v -8.0000 -6.0000 3.0000
v -8.0000 -6.0000 2.0000
v -8.0000 -5.0000 3.0000
v -8.0000 -5.0000 2.0000
v -8.0000 -4.0000 3.0000
v -8.0000 -3.0000 2.0000
v -8.0000 -2.0000 2.0000
v -8.0000 -2.0000 3.0000
v -8.0000 0.0000 2.0000
v -8.0000 -1.0000 2.0000
v -8.0000 1.0000 2.0000
v -8.0000 -15.0000 1.0000
v -8.0000 -16.0000 1.0000
v -8.0000 -11.0000 1.0000
v -8.0000 -12.0000 1.0000
v -8.0000 -5.0000 1.0000
v -8.0000 -4.0000 1.0000
v -8.0000 -4.0000 2.0000
v -8.0000 -3.0000 1.0000
v -8.0000 -2.0000 1.0000
v -8.0000 -1.0000 1.0000
v -9.0000 -1.0000 1.0000
v -8.0000 6.0000 1.0000
v -8.0000 6.0000 2.0000
v -8.0000 7.0000 2.0000
v -8.0000 7.0000 1.0000
v -8.0000 8.0000 2.0000
v -8.0000 8.0000 1.0000
v -8.0000 -16.0000 -0.0000
v -8.0000 -14.0000 1.0000
v -8.0000 -14.0000 -0.0000
v -8.0000 -15.0000 -0.0000
v -8.0000 -13.0000 1.0000
v -8.0000 -13.0000 -0.0000
v -8.0000 -12.0000 -0.0000
v -8.0000 -11.0000 -0.0000
v -8.0000 7.0000 -0.0000
v -8.0000 6.0000 -0.0000
v -8.0000 -15.0000 -1.0000
v -8.0000 -16.0000 -1.0000
v -9.0000 5.0000 -0.0000
v -8.0000 5.0000 -1.0000
v -8.0000 5.0000 -0.0000
v -8.0000 7.0000 -1.0000
v -8.0000 5.0000 -2.0000
v -8.0000 6.0000 -2.0000
v -8.0000 7.0000 -2.0000
v -8.0000 6.0000 -3.0000
v -8.0000 8.0000 -2.0000
v -8.0000 8.0000 -3.0000
v -8.0000 6.0000 -4.0000
v -8.0000 7.0000 -4.0000
v -8.0000 7.0000 -3.0000
v -8.0000 8.0000 -4.0000
v -8.0000 7.0000 -5.0000
v -9.0000 9.0000 -4.0000
v -8.0000 9.0000 -4.0000
v -8.0000 9.0000 -5.0000
v -8.0000 6.0000 -6.0000
v -8.0000 6.0000 -5.0000
v -8.0000 7.0000 -6.0000
v -8.0000 8.0000 -6.0000
v -8.0000 8.0000 -5.0000
v -8.0000 9.0000 -6.0000
v -8.0000 7.0000 -7.0000
v -8.0000 8.0000 -7.0000
v -9.0000 10.0000 -6.0000
v -8.0000 10.0000 -6.0000
v -8.0000 10.0000 -7.0000
v -9.0000 8.0000 -8.0000
v -8.0000 8.0000 -8.0000
v -8.0000 9.0000 -8.0000
v -8.0000 10.0000 -8.0000
v -8.0000 9.0000 -7.0000
v -8.0000 10.0000 -9.0000
v -9.0000 9.0000 -9.0000
v -8.0000 9.0000 -9.0000
v -8.0000 -1.0000 15.0000
v -7.0000 -1.0000 15.0000
v -7.0000 -1.0000 14.0000
v -8.0000 -2.0000 15.0000
v -7.0000 -2.0000 14.0000
v -7.0000 -2.0000 15.0000
v -7.0000 -2.0000 13.0000
v -8.0000 -3.0000 14.0000
v -7.0000 -3.0000 13.0000
v -7.0000 -3.0000 14.0000
v -7.0000 -2.0000 12.0000
v -7.0000 -3.0000 12.0000
v -7.0000 -1.0000 12.0000
v -7.0000 -1.0000 11.0000
v -7.0000 -2.0000 11.0000
v -8.0000 -3.0000 11.0000
v -8.0000 -3.0000 10.0000
v -7.0000 -3.0000 10.0000
v -7.0000 -3.0000 11.0000
v -7.0000 -2.0000 10.0000
v -7.0000 -1.0000 10.0000
v -7.0000 -1.0000 9.0000
v -7.0000 -2.0000 9.0000
v -7.0000 -1.0000 8.0000
v -7.0000 0.0000 9.0000
v -7.0000 0.0000 8.0000
v -8.0000 1.0000 9.0000
v -7.0000 1.0000 9.0000
v -7.0000 1.0000 8.0000
v -7.0000 1.0000 7.0000
v -7.0000 2.0000 8.0000
v -7.0000 2.0000 7.0000
v -7.0000 3.0000 8.0000
v -7.0000 3.0000 7.0000
v -7.0000 4.0000 8.0000
v -7.0000 5.0000 8.0000
v -7.0000 5.0000 7.0000
v -7.0000 -15.0000 7.0000
v -7.0000 -15.0000 6.0000
v -7.0000 -16.0000 6.0000
v -7.0000 -16.0000 7.0000
v -8.0000 3.0000 6.0000
v -7.0000 3.0000 6.0000
v -8.0000 4.0000 6.0000
v -7.0000 4.0000 6.0000
v -7.0000 4.0000 7.0000
v -7.0000 5.0000 6.0000
v -7.0000 6.0000 7.0000
v -7.0000 6.0000 6.0000
v -7.0000 7.0000 7.0000
v -7.0000 7.0000 6.0000
v -7.0000 -16.0000 5.0000
v -7.0000 -14.0000 6.0000
v -7.0000 -14.0000 5.0000
v -7.0000 -15.0000 5.0000
v -7.0000 -13.0000 6.0000
v -7.0000 -13.0000 5.0000
v -7.0000 -12.0000 6.0000
v -7.0000 -12.0000 5.0000
v -7.0000 7.0000 5.0000
v -7.0000 6.0000 5.0000
v -7.0000 -15.0000 4.0000
v -7.0000 -16.0000 4.0000
v -7.0000 -12.0000 4.0000
v -7.0000 -11.0000 5.0000
v -7.0000 -11.0000 4.0000
v -7.0000 -10.0000 5.0000
v -7.0000 -10.0000 4.0000
v -7.0000 -9.0000 5.0000
v -7.0000 -9.0000 4.0000
v -7.0000 -8.0000 5.0000
v -7.0000 -8.0000 4.0000
v -7.0000 -7.0000 5.0000
v -7.0000 -7.0000 4.0000
v -7.0000 -3.0000 4.0000
v -7.0000 -3.0000 5.0000
v -7.0000 -2.0000 5.0000
v -7.0000 -2.0000 4.0000
v -7.0000 -1.0000 5.0000
v -7.0000 0.0000 5.0000
v -7.0000 1.0000 5.0000
v -7.0000 1.0000 4.0000
v -8.0000 8.0000 5.0000
v -7.0000 8.0000 5.0000
v -7.0000 8.0000 4.0000
v -8.0000 8.0000 4.0000
v -8.0000 7.0000 4.0000
v -7.0000 7.0000 4.0000
v -7.0000 -15.0000 3.0000
v -7.0000 -16.0000 3.0000
v -7.0000 -12.0000 3.0000
v -7.0000 -11.0000 3.0000
v -7.0000 -10.0000 3.0000
v -7.0000 -9.0000 3.0000
v -7.0000 -8.0000 3.0000
v -7.0000 -7.0000 3.0000
v -7.0000 -6.0000 4.0000
v -7.0000 -6.0000 3.0000
v -7.0000 -5.0000 4.0000
v -7.0000 -5.0000 3.0000
v -7.0000 -4.0000 4.0000
v -7.0000 -4.0000 3.0000
v -7.0000 -3.0000 3.0000
v -7.0000 -2.0000 3.0000
v -7.0000 2.0000 4.0000
v -7.0000 1.0000 3.0000
v -7.0000 2.0000 3.0000
v -8.0000 3.0000 4.0000
v -7.0000 3.0000 4.0000
v -7.0000 3.0000 3.0000
v -8.0000 3.0000 3.0000
v -7.0000 8.0000 3.0000
v -8.0000 8.0000 3.0000
v -8.0000 7.0000 3.0000
v -7.0000 7.0000 3.0000
v -7.0000 -15.0000 2.0000
v -7.0000 -16.0000 2.0000
v -7.0000 -12.0000 2.0000
v -7.0000 -11.0000 2.0000
v -7.0000 -10.0000 2.0000
v -7.0000 -7.0000 2.0000
v -7.0000 -6.0000 2.0000
v -7.0000 -5.0000 2.0000
v -7.0000 -4.0000 2.0000
v -7.0000 -3.0000 2.0000
v -7.0000 -2.0000 2.0000
v -7.0000 0.0000 2.0000
v -7.0000 -1.0000 2.0000
v -7.0000 -1.0000 3.0000
v -7.0000 0.0000 3.0000
v -7.0000 1.0000 2.0000
v -7.0000 2.0000 2.0000
v -8.0000 2.0000 2.0000
v -8.0000 5.0000 3.0000
v -8.0000 5.0000 2.0000
v -7.0000 5.0000 2.0000
v -7.0000 5.0000 3.0000
v -7.0000 6.0000 3.0000
v -8.0000 6.0000 3.0000
v -7.0000 7.0000 2.0000
v -7.0000 6.0000 2.0000
v -7.0000 8.0000 2.0000
v -7.0000 -16.0000 1.0000
v -7.0000 -14.0000 2.0000
v -8.0000 -14.0000 2.0000
v -7.0000 -14.0000 1.0000
v -7.0000 -15.0000 1.0000
v -7.0000 -13.0000 2.0000
v -8.0000 -13.0000 2.0000
v -7.0000 -13.0000 1.0000
v -7.0000 -12.0000 1.0000
v -7.0000 -4.0000 1.0000
v -7.0000 -3.0000 1.0000
v -7.0000 -2.0000 1.0000
v -7.0000 -1.0000 1.0000
v -7.0000 6.0000 1.0000
v -8.0000 5.0000 1.0000
v -7.0000 5.0000 1.0000
v -7.0000 -15.0000 -0.0000
v -7.0000 -16.0000 -0.0000
v -7.0000 5.0000 -0.0000
v -7.0000 7.0000 1.0000
v -7.0000 7.0000 -0.0000
v -7.0000 5.0000 -1.0000
v -7.0000 7.0000 -1.0000
v -7.0000 5.0000 -2.0000
v -7.0000 6.0000 -2.0000
v -7.0000 6.0000 -1.0000
v -7.0000 7.0000 -2.0000
v -7.0000 6.0000 -3.0000
v -7.0000 7.0000 -3.0000
v -7.0000 8.0000 -2.0000
v -7.0000 8.0000 -3.0000
v -7.0000 8.0000 -4.0000
v -7.0000 7.0000 -4.0000
v -7.0000 7.0000 -5.0000
v -7.0000 8.0000 -5.0000
v -7.0000 9.0000 -4.0000
v -7.0000 9.0000 -5.0000
v -7.0000 8.0000 -6.0000
v -8.0000 10.0000 -5.0000
v -7.0000 10.0000 -5.0000
v -7.0000 10.0000 -6.0000
v -7.0000 7.0000 -7.0000
v -7.0000 7.0000 -6.0000
v -7.0000 8.0000 -7.0000
v -7.0000 9.0000 -7.0000
v -7.0000 9.0000 -6.0000
v -7.0000 10.0000 -7.0000
v -7.0000 9.0000 -8.0000
v -7.0000 8.0000 -8.0000
v -6.0000 -1.0000 15.0000
v -6.0000 -1.0000 14.0000
v -6.0000 -2.0000 14.0000
v -6.0000 -2.0000 15.0000
v -6.0000 -2.0000 13.0000
v -6.0000 -3.0000 13.0000
v -6.0000 -3.0000 14.0000
v -6.0000 -2.0000 12.0000
v -6.0000 -3.0000 12.0000
v -6.0000 -2.0000 11.0000
v -6.0000 -3.0000 11.0000
v -6.0000 -1.0000 11.0000
v -6.0000 -1.0000 10.0000
v -6.0000 -2.0000 10.0000
v -6.0000 -2.0000 9.0000
v -6.0000 -1.0000 9.0000
v -6.0000 0.0000 10.0000
v -7.0000 0.0000 10.0000
v -6.0000 0.0000 9.0000
v -7.0000 1.0000 10.0000
v -6.0000 1.0000 10.0000
v -6.0000 1.0000 9.0000
v -6.0000 0.0000 8.0000
v -6.0000 1.0000 8.0000
v -7.0000 2.0000 9.0000
v -6.0000 2.0000 9.0000
v -6.0000 2.0000 8.0000
v -6.0000 1.0000 7.0000
v -6.0000 2.0000 7.0000
v -6.0000 3.0000 8.0000
v -6.0000 3.0000 7.0000
v -6.0000 4.0000 8.0000
v -6.0000 4.0000 7.0000
v -6.0000 5.0000 8.0000
v -6.0000 5.0000 7.0000
v -6.0000 4.0000 6.0000
v -6.0000 5.0000 6.0000
v -6.0000 6.0000 7.0000
v -6.0000 6.0000 6.0000
v -6.0000 -15.0000 6.0000
v -6.0000 -15.0000 5.0000
v -6.0000 -16.0000 5.0000
v -6.0000 -16.0000 6.0000
v -7.0000 0.0000 6.0000
v -6.0000 0.0000 6.0000
v -6.0000 0.0000 5.0000
v -7.0000 -1.0000 6.0000
v -6.0000 -1.0000 5.0000
v -6.0000 -1.0000 6.0000
v -7.0000 5.0000 5.0000
v -6.0000 5.0000 5.0000
v -6.0000 6.0000 5.0000
v -6.0000 7.0000 6.0000
v -6.0000 7.0000 5.0000
v -7.0000 8.0000 6.0000
v -6.0000 8.0000 6.0000
v -6.0000 8.0000 5.0000
v -6.0000 -16.0000 4.0000
v -6.0000 -14.0000 5.0000
v -6.0000 -15.0000 4.0000
v -6.0000 -14.0000 4.0000
v -7.0000 -14.0000 4.0000
v -6.0000 -13.0000 5.0000
v -6.0000 -13.0000 4.0000
v -7.0000 -13.0000 4.0000
v -6.0000 -12.0000 5.0000
v -6.0000 -12.0000 4.0000
v -6.0000 -2.0000 4.0000
v -6.0000 -2.0000 5.0000
v -6.0000 1.0000 5.0000
v -7.0000 2.0000 5.0000
v -6.0000 2.0000 5.0000
v -6.0000 2.0000 4.0000
v -6.0000 1.0000 4.0000
v -6.0000 -16.0000 3.0000
v -6.0000 -15.0000 3.0000
v -6.0000 -14.0000 3.0000
v -7.0000 -14.0000 3.0000
v -6.0000 -13.0000 3.0000
v -7.0000 -13.0000 3.0000
v -6.0000 -12.0000 3.0000
v -6.0000 -3.0000 3.0000
v -6.0000 -3.0000 4.0000
v -6.0000 -2.0000 3.0000
v -6.0000 -1.0000 3.0000
v -6.0000 -1.0000 4.0000
v -6.0000 0.0000 3.0000
v -6.0000 1.0000 3.0000
v -6.0000 0.0000 4.0000
v -6.0000 3.0000 4.0000
v -6.0000 3.0000 3.0000
v -6.0000 2.0000 3.0000
v -7.0000 6.0000 4.0000
v -6.0000 6.0000 4.0000
v -6.0000 6.0000 3.0000
v -7.0000 5.0000 4.0000
v -6.0000 5.0000 3.0000
v -6.0000 5.0000 4.0000
v -6.0000 8.0000 4.0000
v -6.0000 8.0000 3.0000
v -6.0000 7.0000 3.0000
v -6.0000 7.0000 4.0000
v -6.0000 -16.0000 2.0000
v -6.0000 -14.0000 2.0000
v -6.0000 -15.0000 2.0000
v -6.0000 -13.0000 2.0000
v -6.0000 -12.0000 2.0000
v -6.0000 -6.0000 2.0000
v -6.0000 -6.0000 3.0000
v -6.0000 -5.0000 3.0000
v -6.0000 -5.0000 2.0000
v -6.0000 -4.0000 3.0000
v -6.0000 -3.0000 2.0000
v -6.0000 -2.0000 2.0000
v -6.0000 -1.0000 2.0000
v -6.0000 1.0000 2.0000
v -6.0000 2.0000 2.0000
v -6.0000 3.0000 2.0000
v -7.0000 3.0000 2.0000
v -6.0000 6.0000 2.0000
v -6.0000 5.0000 2.0000
v -6.0000 -15.0000 1.0000
v -6.0000 -16.0000 1.0000
v -7.0000 -5.0000 1.0000
v -6.0000 -5.0000 1.0000
v -6.0000 -4.0000 1.0000
v -6.0000 -3.0000 1.0000
v -6.0000 -2.0000 1.0000
v -6.0000 -1.0000 1.0000
v -6.0000 0.0000 2.0000
v -7.0000 0.0000 1.0000
v -6.0000 0.0000 1.0000
v -6.0000 1.0000 1.0000
v -7.0000 1.0000 1.0000
v -6.0000 5.0000 1.0000
v -6.0000 7.0000 2.0000
v -6.0000 7.0000 1.0000
v -6.0000 -2.0000 -0.0000
v -7.0000 -2.0000 -0.0000
v -7.0000 -3.0000 -0.0000
v -6.0000 -3.0000 -0.0000
v -6.0000 5.0000 -0.0000
v -6.0000 7.0000 -0.0000
v -6.0000 6.0000 1.0000
v -6.0000 6.0000 -0.0000
v -7.0000 1.0000 -0.0000
v -7.0000 1.0000 -1.0000
v -6.0000 1.0000 -1.0000
v -6.0000 1.0000 -0.0000
v -6.0000 2.0000 -0.0000
v -7.0000 2.0000 -0.0000
v -7.0000 2.0000 -1.0000
v -6.0000 2.0000 -1.0000
v -6.0000 3.0000 -0.0000
v -7.0000 3.0000 -0.0000
v -7.0000 3.0000 -1.0000
v -6.0000 3.0000 -1.0000
v -6.0000 4.0000 -0.0000
v -7.0000 4.0000 -0.0000
v -7.0000 4.0000 -1.0000
v -6.0000 4.0000 -1.0000
v -6.0000 5.0000 -1.0000
v -6.0000 6.0000 -1.0000
v -6.0000 7.0000 -1.0000
v -6.0000 7.0000 -2.0000
v -6.0000 6.0000 -2.0000
v -6.0000 6.0000 -3.0000
v -6.0000 7.0000 -3.0000
v -6.0000 8.0000 -2.0000
v -6.0000 8.0000 -3.0000
v -6.0000 7.0000 -4.0000
v -7.0000 9.0000 -3.0000
v -6.0000 9.0000 -3.0000
v -6.0000 9.0000 -4.0000
v -6.0000 7.0000 -5.0000
v -6.0000 8.0000 -5.0000
v -6.0000 8.0000 -4.0000
v -7.0000 10.0000 -4.0000
v -6.0000 10.0000 -4.0000
v -6.0000 10.0000 -5.0000
v -6.0000 8.0000 -6.0000
v -6.0000 9.0000 -6.0000
v -6.0000 10.0000 -6.0000
v -6.0000 9.0000 -5.0000
v -6.0000 -3.0000 15.0000
v -5.0000 -3.0000 14.0000
v -5.0000 -3.0000 15.0000
v -5.0000 -2.0000 15.0000
v -5.0000 -2.0000 14.0000
v -5.0000 -1.0000 15.0000
v -5.0000 -1.0000 14.0000
v -5.0000 -2.0000 13.0000
v -5.0000 -3.0000 13.0000
v -5.0000 -2.0000 12.0000
v -5.0000 -3.0000 12.0000
v -5.0000 -2.0000 11.0000
v -5.0000 -3.0000 11.0000
v -5.0000 -1.0000 11.0000
v -5.0000 -1.0000 10.0000
v -5.0000 -2.0000 10.0000
v -5.0000 -1.0000 9.0000
v -5.0000 0.0000 10.0000
v -5.0000 0.0000 9.0000
v -5.0000 1.0000 10.0000
v -5.0000 1.0000 9.0000
v -5.0000 1.0000 8.0000
v -5.0000 2.0000 9.0000
v -5.0000 2.0000 8.0000
v -6.0000 3.0000 9.0000
v -5.0000 3.0000 9.0000
v -5.0000 3.0000 8.0000
v -5.0000 4.0000 8.0000
v -5.0000 4.0000 7.0000
v -5.0000 3.0000 7.0000
v -6.0000 -4.0000 7.0000
v -6.0000 -4.0000 6.0000
v -5.0000 -4.0000 6.0000
v -5.0000 -4.0000 7.0000
v -5.0000 -3.0000 7.0000
v -6.0000 -3.0000 7.0000
v -6.0000 -3.0000 6.0000
v -5.0000 -3.0000 6.0000
v -5.0000 -2.0000 7.0000
v -6.0000 -2.0000 7.0000
v -6.0000 -2.0000 6.0000
v -5.0000 -2.0000 6.0000
v -5.0000 -1.0000 7.0000
v -6.0000 -1.0000 7.0000
v -5.0000 -1.0000 6.0000
v -5.0000 0.0000 7.0000
v -6.0000 0.0000 7.0000
v -5.0000 0.0000 6.0000
v -5.0000 1.0000 7.0000
v -5.0000 1.0000 6.0000
v -6.0000 1.0000 6.0000
v -5.0000 2.0000 7.0000
v -6.0000 2.0000 6.0000
v -5.0000 2.0000 6.0000
v -6.0000 3.0000 6.0000
v -5.0000 3.0000 6.0000
v -5.0000 4.0000 6.0000
v -5.0000 5.0000 7.0000
v -5.0000 5.0000 6.0000
v -5.0000 6.0000 7.0000
v -5.0000 6.0000 6.0000
v -5.0000 -1.0000 5.0000
v -5.0000 1.0000 5.0000
v -5.0000 0.0000 5.0000
v -5.0000 5.0000 5.0000
v -5.0000 6.0000 5.0000
v -5.0000 7.0000 6.0000
v -5.0000 7.0000 5.0000
v -5.0000 -15.0000 5.0000
v -5.0000 -15.0000 4.0000
v -5.0000 -16.0000 4.0000
v -5.0000 -16.0000 5.0000
v -5.0000 -2.0000 4.0000
v -5.0000 -2.0000 5.0000
v -5.0000 -1.0000 4.0000
v -5.0000 1.0000 4.0000
v -5.0000 0.0000 4.0000
v -5.0000 2.0000 5.0000
v -5.0000 2.0000 4.0000
v -6.0000 3.0000 5.0000
v -5.0000 3.0000 5.0000
v -5.0000 3.0000 4.0000
v -5.0000 7.0000 4.0000
v -5.0000 6.0000 4.0000
v -5.0000 -15.0000 3.0000
v -5.0000 -16.0000 3.0000
v -5.0000 -2.0000 3.0000
v -5.0000 -3.0000 3.0000
v -5.0000 -3.0000 4.0000
v -5.0000 0.0000 3.0000
v -5.0000 -1.0000 3.0000
v -5.0000 2.0000 3.0000
v -5.0000 3.0000 3.0000
v -6.0000 4.0000 4.0000
v -5.0000 4.0000 4.0000
v -5.0000 4.0000 3.0000
v -6.0000 4.0000 3.0000
v -5.0000 6.0000 3.0000
v -5.0000 8.0000 4.0000
v -5.0000 8.0000 3.0000
v -5.0000 7.0000 3.0000
v -5.0000 -15.0000 2.0000
v -5.0000 -16.0000 2.0000
v -5.0000 -5.0000 2.0000
v -5.0000 -5.0000 3.0000
v -5.0000 -4.0000 3.0000
v -5.0000 -4.0000 2.0000
v -5.0000 -3.0000 2.0000
v -5.0000 1.0000 2.0000
v -5.0000 1.0000 3.0000
v -5.0000 2.0000 2.0000
v -5.0000 3.0000 2.0000
v -6.0000 4.0000 2.0000
v -5.0000 4.0000 2.0000
v -5.0000 5.0000 3.0000
v -5.0000 5.0000 2.0000
v -5.0000 7.0000 2.0000
v -5.0000 -5.0000 1.0000
v -5.0000 -4.0000 1.0000
v -5.0000 -3.0000 1.0000
v -5.0000 -1.0000 1.0000
v -5.0000 -1.0000 2.0000
v -5.0000 0.0000 2.0000
v -5.0000 0.0000 1.0000
v -5.0000 1.0000 1.0000
v -5.0000 2.0000 1.0000
v -6.0000 2.0000 1.0000
v -5.0000 5.0000 1.0000
v -5.0000 7.0000 1.0000
v -5.0000 6.0000 1.0000
v -5.0000 -3.0000 -0.0000
v -5.0000 -2.0000 1.0000
v -5.0000 -2.0000 -0.0000
v -6.0000 -1.0000 -0.0000
v -5.0000 -1.0000 -0.0000
v -5.0000 0.0000 -0.0000
v -6.0000 0.0000 -0.0000
v -5.0000 6.0000 -0.0000
v -5.0000 5.0000 -0.0000
v -6.0000 9.0000 1.0000
v -5.0000 9.0000 1.0000
v -5.0000 9.0000 -0.0000
v -6.0000 9.0000 -0.0000
v -6.0000 8.0000 1.0000
v -6.0000 8.0000 -0.0000
v -5.0000 8.0000 -0.0000
v -5.0000 8.0000 1.0000
v -5.0000 6.0000 -1.0000
v -5.0000 5.0000 -1.0000
v -5.0000 7.0000 -1.0000
v -5.0000 7.0000 -0.0000
v -6.0000 8.0000 -1.0000
v -5.0000 9.0000 -1.0000
v -6.0000 9.0000 -1.0000
v -5.0000 8.0000 -1.0000
v -5.0000 6.0000 -2.0000
v -5.0000 8.0000 -2.0000
v -5.0000 6.0000 -3.0000
v -5.0000 7.0000 -3.0000
v -5.0000 7.0000 -2.0000
v -6.0000 9.0000 -2.0000
v -5.0000 9.0000 -2.0000
v -5.0000 9.0000 -3.0000
v -5.0000 7.0000 -4.0000
v -5.0000 8.0000 -4.0000
v -5.0000 9.0000 -4.0000
v -5.0000 8.0000 -5.0000
v -5.0000 10.0000 -4.0000
v -5.0000 10.0000 -5.0000
v -5.0000 9.0000 -5.0000
v -5.0000 9.0000 -6.0000
v -5.0000 8.0000 -6.0000
v -4.0000 -1.0000 15.0000
v -4.0000 -1.0000 14.0000
v -4.0000 -2.0000 14.0000
v -4.0000 -2.0000 15.0000
v -4.0000 -1.0000 13.0000
v -5.0000 -1.0000 13.0000
v -4.0000 -2.0000 13.0000
v -4.0000 -1.0000 12.0000
v -5.0000 -1.0000 12.0000
v -4.0000 -2.0000 12.0000
v -4.0000 -1.0000 11.0000
v -4.0000 -2.0000 11.0000
v -4.0000 -2.0000 10.0000
v -4.0000 -1.0000 10.0000
v -4.0000 0.0000 11.0000
v -5.0000 0.0000 11.0000
v -4.0000 0.0000 10.0000
v -5.0000 1.0000 11.0000
v -4.0000 1.0000 11.0000
v -4.0000 1.0000 10.0000
v -4.0000 0.0000 9.0000
v -4.0000 1.0000 9.0000
v -4.0000 2.0000 10.0000
v -5.0000 2.0000 10.0000
v -4.0000 2.0000 9.0000
v -5.0000 3.0000 10.0000
v -4.0000 3.0000 10.0000
v -4.0000 3.0000 9.0000
v -4.0000 3.0000 8.0000
v -4.0000 2.0000 8.0000
v -4.0000 4.0000 8.0000
v -4.0000 4.0000 7.0000
v -4.0000 3.0000 7.0000
v -4.0000 5.0000 7.0000
v -4.0000 5.0000 6.0000
v -4.0000 4.0000 6.0000
v -5.0000 8.0000 7.0000
v -4.0000 8.0000 7.0000
v -4.0000 8.0000 6.0000
v -5.0000 8.0000 6.0000
v -5.0000 7.0000 7.0000
v -4.0000 7.0000 6.0000
v -4.0000 7.0000 7.0000
v -4.0000 0.0000 6.0000
v -4.0000 0.0000 5.0000
v -4.0000 -1.0000 5.0000
v -4.0000 -1.0000 6.0000
v -4.0000 3.0000 5.0000
v -4.0000 3.0000 6.0000
v -5.0000 4.0000 5.0000
v -4.0000 5.0000 5.0000
v -4.0000 4.0000 5.0000
v -4.0000 6.0000 6.0000
v -4.0000 6.0000 5.0000
v -5.0000 8.0000 5.0000
v -5.0000 9.0000 6.0000
v -4.0000 9.0000 6.0000
v -4.0000 9.0000 5.0000
v -5.0000 9.0000 5.0000
v -4.0000 8.0000 5.0000
v -4.0000 -2.0000 4.0000
v -4.0000 -2.0000 5.0000
v -4.0000 -1.0000 4.0000
v -4.0000 1.0000 5.0000
v -4.0000 1.0000 4.0000
v -4.0000 0.0000 4.0000
v -4.0000 2.0000 5.0000
v -4.0000 2.0000 4.0000
v -4.0000 3.0000 4.0000
v -4.0000 4.0000 4.0000
v -4.0000 6.0000 4.0000
v -4.0000 9.0000 4.0000
v -5.0000 9.0000 4.0000
v -4.0000 8.0000 4.0000
v -4.0000 -2.0000 3.0000
v -4.0000 -3.0000 3.0000
v -4.0000 -3.0000 4.0000
v -4.0000 0.0000 3.0000
v -4.0000 -1.0000 3.0000
v -4.0000 3.0000 3.0000
v -4.0000 4.0000 3.0000
v -5.0000 5.0000 4.0000
v -4.0000 5.0000 4.0000
v -4.0000 5.0000 3.0000
v -4.0000 6.0000 3.0000
v -4.0000 9.0000 3.0000
v -5.0000 9.0000 3.0000
v -4.0000 8.0000 3.0000
v -4.0000 -3.0000 2.0000
v -4.0000 -4.0000 2.0000
v -4.0000 -4.0000 3.0000
v -4.0000 2.0000 2.0000
v -4.0000 2.0000 3.0000
v -4.0000 3.0000 2.0000
v -4.0000 4.0000 2.0000
v -4.0000 5.0000 2.0000
v -5.0000 8.0000 2.0000
v -4.0000 9.0000 2.0000
v -5.0000 9.0000 2.0000
v -4.0000 8.0000 2.0000
v -4.0000 -3.0000 1.0000
v -4.0000 -4.0000 1.0000
v -4.0000 0.0000 1.0000
v -4.0000 0.0000 2.0000
v -4.0000 1.0000 2.0000
v -4.0000 1.0000 1.0000
v -4.0000 2.0000 1.0000
v -4.0000 3.0000 1.0000
v -5.0000 3.0000 1.0000
v -4.0000 5.0000 1.0000
v -4.0000 6.0000 1.0000
v -4.0000 6.0000 2.0000
v -4.0000 9.0000 1.0000
v -4.0000 -2.0000 1.0000
v -4.0000 -2.0000 -0.0000
v -4.0000 -3.0000 -0.0000
v -4.0000 -1.0000 -0.0000
v -4.0000 -1.0000 1.0000
v -4.0000 0.0000 -0.0000
v -4.0000 1.0000 -0.0000
v -5.0000 1.0000 -0.0000
v -4.0000 5.0000 -0.0000
v -5.0000 10.0000 1.0000
v -4.0000 10.0000 1.0000
v -4.0000 10.0000 -0.0000
v -5.0000 10.0000 -0.0000
v -5.0000 -3.0000 -1.0000
v -4.0000 -3.0000 -1.0000
v -5.0000 -2.0000 -1.0000
v -4.0000 -2.0000 -1.0000
v -5.0000 -1.0000 -1.0000
v -4.0000 -1.0000 -1.0000
v -4.0000 0.0000 -1.0000
v -5.0000 0.0000 -1.0000
v -4.0000 5.0000 -1.0000
v -4.0000 6.0000 -1.0000
v -4.0000 6.0000 -0.0000
v -4.0000 10.0000 -1.0000
v -5.0000 10.0000 -1.0000
v -4.0000 6.0000 -2.0000
v -4.0000 7.0000 -2.0000
v -4.0000 10.0000 -2.0000
v -5.0000 10.0000 -2.0000
v -4.0000 9.0000 -2.0000
v -4.0000 7.0000 -3.0000
v -4.0000 9.0000 -3.0000
v -5.0000 5.0000 -3.0000
v -5.0000 5.0000 -4.0000
v -4.0000 5.0000 -4.0000
v -4.0000 5.0000 -3.0000
v -4.0000 6.0000 -3.0000
v -5.0000 6.0000 -4.0000
v -4.0000 6.0000 -4.0000
v -4.0000 7.0000 -4.0000
v -4.0000 8.0000 -4.0000
v -4.0000 8.0000 -3.0000
v -4.0000 9.0000 -4.0000
v -5.0000 10.0000 -3.0000
v -4.0000 10.0000 -3.0000
v -4.0000 10.0000 -4.0000
v -4.0000 5.0000 -5.0000
v -5.0000 5.0000 -5.0000
v -5.0000 4.0000 -4.0000
v -5.0000 4.0000 -5.0000
v -4.0000 4.0000 -5.0000
v -4.0000 4.0000 -4.0000
v -4.0000 9.0000 -5.0000
v -4.0000 8.0000 -5.0000
v -5.0000 11.0000 -4.0000
v -4.0000 11.0000 -4.0000
v -4.0000 11.0000 -5.0000
v -5.0000 11.0000 -5.0000
v -4.0000 10.0000 -5.0000
v -5.0000 10.0000 -6.0000
v -4.0000 10.0000 -6.0000
v -5.0000 11.0000 -6.0000
v -4.0000 11.0000 -6.0000
v -4.0000 12.0000 -5.0000
v -5.0000 12.0000 -5.0000
v -5.0000 12.0000 -6.0000
v -4.0000 12.0000 -6.0000
v -5.0000 13.0000 -5.0000
v -4.0000 13.0000 -5.0000
v -4.0000 13.0000 -6.0000
v -5.0000 13.0000 -6.0000
v -4.0000 13.0000 -7.0000
v -5.0000 13.0000 -7.0000
v -5.0000 12.0000 -7.0000
v -4.0000 12.0000 -7.0000
v -5.0000 14.0000 -7.0000
v -4.0000 14.0000 -7.0000
v -4.0000 14.0000 -8.0000
v -5.0000 14.0000 -8.0000
v -5.0000 13.0000 -8.0000
v -4.0000 13.0000 -8.0000
v -4.0000 14.0000 -9.0000
v -5.0000 14.0000 -9.0000
v -5.0000 13.0000 -9.0000
v -4.0000 13.0000 -9.0000
v -4.0000 0.0000 14.0000
v -3.0000 0.0000 14.0000
v -3.0000 0.0000 13.0000
v -4.0000 0.0000 13.0000
v -3.0000 -1.0000 13.0000
v -3.0000 -1.0000 14.0000
v -3.0000 -1.0000 12.0000
v -3.0000 0.0000 12.0000
v -4.0000 0.0000 12.0000
v -4.0000 1.0000 13.0000
v -3.0000 1.0000 13.0000
v -3.0000 1.0000 12.0000
v -4.0000 1.0000 12.0000
v -3.0000 -1.0000 11.0000
v -3.0000 0.0000 11.0000
v -3.0000 1.0000 11.0000
v -3.0000 0.0000 10.0000
v -3.0000 1.0000 10.0000
v -4.0000 2.0000 11.0000
v -3.0000 2.0000 11.0000
v -3.0000 2.0000 10.0000
v -3.0000 0.0000 9.0000
v -3.0000 1.0000 9.0000
v -3.0000 2.0000 9.0000
v -3.0000 3.0000 10.0000
v -3.0000 3.0000 9.0000
v -3.0000 2.0000 8.0000
v -3.0000 3.0000 8.0000
v -4.0000 4.0000 9.0000
v -3.0000 4.0000 9.0000
v -3.0000 4.0000 8.0000
v -4.0000 6.0000 9.0000
v -3.0000 6.0000 9.0000
v -3.0000 6.0000 8.0000
v -4.0000 6.0000 8.0000
v -4.0000 5.0000 9.0000
v -4.0000 5.0000 8.0000
v -3.0000 5.0000 8.0000
v -3.0000 5.0000 9.0000
v -3.0000 3.0000 7.0000
v -3.0000 5.0000 7.0000
v -3.0000 6.0000 7.0000
v -4.0000 6.0000 7.0000
v -4.0000 7.0000 8.0000
v -3.0000 7.0000 8.0000
v -3.0000 7.0000 7.0000
v -4.0000 2.0000 7.0000
v -4.0000 2.0000 6.0000
v -3.0000 2.0000 6.0000
v -3.0000 2.0000 7.0000
v -3.0000 4.0000 7.0000
v -3.0000 4.0000 6.0000
v -3.0000 5.0000 6.0000
v -3.0000 6.0000 6.0000
v -3.0000 7.0000 6.0000
v -3.0000 8.0000 7.0000
v -3.0000 8.0000 6.0000
v -4.0000 1.0000 6.0000
v -3.0000 1.0000 5.0000
v -3.0000 1.0000 6.0000
v -3.0000 2.0000 5.0000
v -3.0000 8.0000 5.0000
v -3.0000 -2.0000 4.0000
v -3.0000 -2.0000 5.0000
v -3.0000 -1.0000 5.0000
v -3.0000 -1.0000 4.0000
v -3.0000 0.0000 5.0000
v -3.0000 0.0000 4.0000
v -3.0000 1.0000 4.0000
v -3.0000 2.0000 4.0000
v -3.0000 3.0000 4.0000
v -3.0000 4.0000 4.0000
v -3.0000 3.0000 5.0000
v -3.0000 4.0000 5.0000
v -3.0000 6.0000 5.0000
v -3.0000 6.0000 4.0000
v -3.0000 7.0000 4.0000
v -3.0000 7.0000 5.0000
v -3.0000 8.0000 4.0000
v -3.0000 -1.0000 3.0000
v -3.0000 -2.0000 3.0000
v -3.0000 4.0000 3.0000
v -3.0000 8.0000 3.0000
v -3.0000 -4.0000 2.0000
v -3.0000 -4.0000 3.0000
v -3.0000 -3.0000 3.0000
v -4.0000 -2.0000 2.0000
v -3.0000 -1.0000 2.0000
v -4.0000 -1.0000 2.0000
v -3.0000 -2.0000 2.0000
v -3.0000 3.0000 2.0000
v -3.0000 3.0000 3.0000
v -3.0000 4.0000 2.0000
v -3.0000 5.0000 2.0000
v -3.0000 6.0000 2.0000
v -3.0000 8.0000 2.0000
v -3.0000 -4.0000 1.0000
v -3.0000 -2.0000 1.0000
v -3.0000 4.0000 1.0000
v -4.0000 4.0000 1.0000
v -3.0000 3.0000 1.0000
v -3.0000 6.0000 1.0000
v -3.0000 9.0000 2.0000
v -3.0000 9.0000 1.0000
v -3.0000 8.0000 1.0000
v -4.0000 -4.0000 -0.0000
v -3.0000 -4.0000 -0.0000
v -3.0000 -3.0000 -0.0000
v -3.0000 -2.0000 -0.0000
v -3.0000 0.0000 -0.0000
v -3.0000 0.0000 1.0000
v -3.0000 1.0000 1.0000
v -3.0000 1.0000 -0.0000
v -3.0000 2.0000 1.0000
v -4.0000 2.0000 -0.0000
v -3.0000 2.0000 -0.0000
v -3.0000 3.0000 -0.0000
v -4.0000 3.0000 -0.0000
v -3.0000 5.0000 -0.0000
v -3.0000 5.0000 1.0000
v -3.0000 6.0000 -0.0000
v -3.0000 10.0000 1.0000
v -3.0000 9.0000 -0.0000
v -3.0000 10.0000 -0.0000
v -4.0000 11.0000 1.0000
v -3.0000 11.0000 1.0000
v -3.0000 11.0000 -0.0000
v -4.0000 11.0000 -0.0000
v -3.0000 -2.0000 -1.0000
v -3.0000 -3.0000 -1.0000
v -3.0000 -1.0000 -1.0000
v -3.0000 -1.0000 -0.0000
v -3.0000 0.0000 -1.0000
v -3.0000 1.0000 -1.0000
v -4.0000 1.0000 -1.0000
v -3.0000 6.0000 -1.0000
v -3.0000 10.0000 -1.0000
v -4.0000 -3.0000 -2.0000
v -3.0000 -3.0000 -2.0000
v -4.0000 -2.0000 -2.0000
v -4.0000 -1.0000 -2.0000
v -3.0000 0.0000 -2.0000
v -4.0000 0.0000 -2.0000
v -3.0000 -1.0000 -2.0000
v -3.0000 6.0000 -2.0000
v -3.0000 7.0000 -2.0000
v -3.0000 7.0000 -1.0000
v -3.0000 10.0000 -2.0000
v -4.0000 -3.0000 -3.0000
v -3.0000 -3.0000 -3.0000
v -4.0000 -2.0000 -3.0000
v -3.0000 -2.0000 -3.0000
v -3.0000 -1.0000 -3.0000
v -4.0000 -1.0000 -3.0000
v -3.0000 7.0000 -3.0000
v -3.0000 8.0000 -3.0000
v -3.0000 8.0000 -2.0000
v -3.0000 9.0000 -3.0000
v -3.0000 10.0000 -3.0000
v -3.0000 8.0000 -4.0000
v -3.0000 7.0000 -4.0000
v -4.0000 0.0000 -4.0000
v -3.0000 0.0000 -4.0000
v -3.0000 0.0000 -5.0000
v -4.0000 0.0000 -5.0000
v -4.0000 -1.0000 -4.0000
v -4.0000 -1.0000 -5.0000
v -3.0000 -1.0000 -5.0000
v -3.0000 -1.0000 -4.0000
v -3.0000 8.0000 -5.0000
v -4.0000 7.0000 -5.0000
v -3.0000 7.0000 -5.0000
v -3.0000 9.0000 -5.0000
v -3.0000 9.0000 -4.0000
v -3.0000 10.0000 -4.0000
v -3.0000 11.0000 -4.0000
v -3.0000 11.0000 -5.0000
v -4.0000 -3.0000 -5.0000
v -4.0000 -3.0000 -6.0000
v -3.0000 -3.0000 -6.0000
v -3.0000 -3.0000 -5.0000
v -3.0000 -2.0000 -5.0000
v -4.0000 -2.0000 -5.0000
v -4.0000 -2.0000 -6.0000
v -3.0000 -1.0000 -6.0000
v -4.0000 -1.0000 -6.0000
v -3.0000 -2.0000 -6.0000
v -4.0000 9.0000 -6.0000
v -3.0000 9.0000 -6.0000
v -3.0000 10.0000 -6.0000
v -3.0000 11.0000 -6.0000
v -3.0000 13.0000 -5.0000
v -3.0000 13.0000 -6.0000
v -3.0000 12.0000 -6.0000
v -3.0000 12.0000 -5.0000
v -3.0000 -2.0000 -7.0000
v -4.0000 -2.0000 -7.0000
v -4.0000 -3.0000 -7.0000
v -3.0000 -3.0000 -7.0000
v -4.0000 11.0000 -7.0000
v -3.0000 11.0000 -7.0000
v -3.0000 12.0000 -7.0000
v -3.0000 13.0000 -7.0000
v -4.0000 -5.0000 -7.0000
v -4.0000 -5.0000 -8.0000
v -3.0000 -5.0000 -8.0000
v -3.0000 -5.0000 -7.0000
v -3.0000 -4.0000 -7.0000
v -4.0000 -4.0000 -7.0000
v -4.0000 -4.0000 -8.0000
v -3.0000 -4.0000 -8.0000
v -3.0000 -3.0000 -8.0000
v -4.0000 -3.0000 -8.0000
v -3.0000 14.0000 -7.0000
v -3.0000 14.0000 -8.0000
v -3.0000 13.0000 -8.0000
v -3.0000 14.0000 -9.0000
v -3.0000 13.0000 -9.0000
v -4.0000 15.0000 -9.0000
v -3.0000 15.0000 -9.0000
v -3.0000 15.0000 -10.0000
v -4.0000 15.0000 -10.0000
v -4.0000 14.0000 -10.0000
v -3.0000 14.0000 -10.0000
v -3.0000 15.0000 -11.0000
v -4.0000 15.0000 -11.0000
v -4.0000 14.0000 -11.0000
v -3.0000 14.0000 -11.0000
v -4.0000 -15.0000 -11.0000
v -3.0000 -15.0000 -11.0000
v -3.0000 -15.0000 -12.0000
v -4.0000 -15.0000 -12.0000
v -4.0000 -16.0000 -11.0000
v -4.0000 -16.0000 -12.0000
v -3.0000 -16.0000 -12.0000
v -3.0000 -16.0000 -11.0000
v -3.0000 -15.0000 -13.0000
v -4.0000 -15.0000 -13.0000
v -4.0000 -16.0000 -13.0000
v -3.0000 -16.0000 -13.0000
v -3.0000 -15.0000 -14.0000
v -4.0000 -15.0000 -14.0000
v -4.0000 -16.0000 -14.0000
v -3.0000 -16.0000 -14.0000
v -3.0000 2.0000 13.0000
v -2.0000 2.0000 13.0000
v -2.0000 2.0000 12.0000
v -3.0000 2.0000 12.0000
v -2.0000 1.0000 12.0000
v -2.0000 1.0000 13.0000
v -2.0000 1.0000 11.0000
v -2.0000 2.0000 11.0000
v -3.0000 3.0000 12.0000
v -2.0000 3.0000 12.0000
v -2.0000 3.0000 11.0000
v -3.0000 3.0000 11.0000
v -2.0000 2.0000 10.0000
v -2.0000 3.0000 10.0000
v -3.0000 4.0000 11.0000
v -2.0000 4.0000 11.0000
v -2.0000 4.0000 10.0000
v -3.0000 4.0000 10.0000
v -2.0000 3.0000 9.0000
v -2.0000 5.0000 10.0000
v -3.0000 5.0000 10.0000
v -2.0000 4.0000 9.0000
v -2.0000 5.0000 9.0000
v -3.0000 6.0000 10.0000
v -2.0000 6.0000 10.0000
v -2.0000 6.0000 9.0000
v -2.0000 2.0000 8.0000
v -2.0000 2.0000 9.0000
v -2.0000 3.0000 8.0000
v -2.0000 6.0000 8.0000
v -2.0000 5.0000 8.0000
v -2.0000 3.0000 7.0000
v -2.0000 5.0000 7.0000
v -2.0000 4.0000 7.0000
v -2.0000 4.0000 8.0000
v -2.0000 2.0000 6.0000
v -2.0000 2.0000 7.0000
v -2.0000 4.0000 6.0000
v -2.0000 3.0000 6.0000
v -2.0000 2.0000 5.0000
v -2.0000 4.0000 5.0000
v -2.0000 3.0000 5.0000
v -2.0000 5.0000 6.0000
v -2.0000 5.0000 5.0000
v -2.0000 6.0000 6.0000
v -2.0000 7.0000 6.0000
v -2.0000 7.0000 5.0000
v -2.0000 6.0000 5.0000
v -2.0000 8.0000 6.0000
v -2.0000 8.0000 5.0000
v -2.0000 0.0000 4.0000
v -2.0000 0.0000 5.0000
v -2.0000 1.0000 5.0000
v -2.0000 1.0000 4.0000
v -2.0000 2.0000 4.0000
v -2.0000 3.0000 4.0000
v -2.0000 4.0000 4.0000
v -2.0000 6.0000 4.0000
v -2.0000 5.0000 4.0000
v -3.0000 9.0000 5.0000
v -2.0000 9.0000 5.0000
v -2.0000 9.0000 4.0000
v -3.0000 9.0000 4.0000
v -2.0000 8.0000 4.0000
v -2.0000 -2.0000 3.0000
v -2.0000 -2.0000 4.0000
v -2.0000 -1.0000 4.0000
v -2.0000 -1.0000 3.0000
v -2.0000 0.0000 3.0000
v -3.0000 0.0000 3.0000
v -2.0000 4.0000 3.0000
v -2.0000 5.0000 3.0000
v -2.0000 6.0000 3.0000
v -2.0000 7.0000 4.0000
v -2.0000 9.0000 3.0000
v -3.0000 9.0000 3.0000
v -2.0000 -4.0000 2.0000
v -2.0000 -4.0000 3.0000
v -2.0000 -3.0000 3.0000
v -2.0000 -3.0000 2.0000
v -2.0000 -1.0000 2.0000
v -2.0000 -2.0000 2.0000
v -2.0000 4.0000 2.0000
v -2.0000 6.0000 2.0000
v -2.0000 5.0000 2.0000
v -2.0000 7.0000 3.0000
v -2.0000 7.0000 2.0000
v -2.0000 8.0000 2.0000
v -2.0000 8.0000 3.0000
v -2.0000 9.0000 2.0000
v -2.0000 -4.0000 1.0000
v -2.0000 -3.0000 1.0000
v -2.0000 -2.0000 1.0000
v -2.0000 3.0000 1.0000
v -2.0000 3.0000 2.0000
v -2.0000 4.0000 1.0000
v -2.0000 5.0000 1.0000
v -2.0000 6.0000 1.0000
v -2.0000 7.0000 1.0000
v -2.0000 8.0000 1.0000
v -2.0000 -4.0000 -0.0000
v -2.0000 -3.0000 -0.0000
v -2.0000 -2.0000 -0.0000
v -2.0000 3.0000 -0.0000
v -3.0000 4.0000 -0.0000
v -2.0000 4.0000 -0.0000
v -2.0000 5.0000 -0.0000
v -2.0000 6.0000 -0.0000
v -2.0000 7.0000 -0.0000
v -2.0000 9.0000 1.0000
v -2.0000 9.0000 -0.0000
v -2.0000 -2.0000 -1.0000
v -2.0000 -3.0000 -1.0000
v -2.0000 0.0000 -1.0000
v -2.0000 0.0000 -0.0000
v -2.0000 1.0000 -0.0000
v -2.0000 1.0000 -1.0000
v -2.0000 2.0000 -0.0000
v -2.0000 2.0000 -1.0000
v -3.0000 2.0000 -1.0000
v -2.0000 3.0000 -1.0000
v -3.0000 3.0000 -1.0000
v -2.0000 6.0000 -1.0000
v -2.0000 7.0000 -1.0000
v -2.0000 10.0000 -0.0000
v -2.0000 10.0000 -1.0000
v -2.0000 9.0000 -1.0000
v -2.0000 -3.0000 -2.0000
v -2.0000 -1.0000 -1.0000
v -2.0000 -2.0000 -2.0000
v -2.0000 -1.0000 -2.0000
v -2.0000 0.0000 -2.0000
v -3.0000 1.0000 -2.0000
v -2.0000 2.0000 -2.0000
v -3.0000 2.0000 -2.0000
v -2.0000 7.0000 -2.0000
v -2.0000 8.0000 -2.0000
v -2.0000 9.0000 -2.0000
v -2.0000 10.0000 -2.0000
v -3.0000 11.0000 -1.0000
v -2.0000 11.0000 -1.0000
v -2.0000 11.0000 -2.0000
v -3.0000 11.0000 -2.0000
v -2.0000 -3.0000 -3.0000
v -2.0000 -2.0000 -3.0000
v -2.0000 -1.0000 -3.0000
v -2.0000 0.0000 -3.0000
v -3.0000 0.0000 -3.0000
v -3.0000 1.0000 -3.0000
v -2.0000 2.0000 -3.0000
v -3.0000 2.0000 -3.0000
v -2.0000 1.0000 -3.0000
v -2.0000 8.0000 -3.0000
v -2.0000 9.0000 -3.0000
v -2.0000 10.0000 -3.0000
v -2.0000 11.0000 -3.0000
v -3.0000 11.0000 -3.0000
v -3.0000 -3.0000 -4.0000
v -2.0000 -3.0000 -4.0000
v -2.0000 -2.0000 -4.0000
v -3.0000 -2.0000 -4.0000
v -2.0000 -1.0000 -4.0000
v -2.0000 0.0000 -4.0000
v -2.0000 1.0000 -4.0000
v -3.0000 1.0000 -4.0000
v -2.0000 8.0000 -4.0000
v -2.0000 7.0000 -4.0000
v -2.0000 7.0000 -3.0000
v -2.0000 -3.0000 -5.0000
v -2.0000 -2.0000 -5.0000
v -2.0000 -1.0000 -5.0000
v -2.0000 0.0000 -5.0000
v -2.0000 1.0000 -5.0000
v -3.0000 1.0000 -5.0000
v -2.0000 8.0000 -5.0000
v -2.0000 7.0000 -5.0000
v -2.0000 9.0000 -5.0000
v -2.0000 9.0000 -4.0000
v -2.0000 10.0000 -4.0000
v -2.0000 11.0000 -4.0000
v -2.0000 11.0000 -5.0000
v -3.0000 -4.0000 -5.0000
v -3.0000 -4.0000 -6.0000
v -2.0000 -4.0000 -6.0000
v -2.0000 -4.0000 -5.0000
v -2.0000 -3.0000 -6.0000
v -2.0000 -2.0000 -6.0000
v -2.0000 -1.0000 -6.0000
v -2.0000 0.0000 -6.0000
v -3.0000 0.0000 -6.0000
v -3.0000 4.0000 -5.0000
v -3.0000 4.0000 -6.0000
v -2.0000 4.0000 -6.0000
v -2.0000 4.0000 -5.0000
v -2.0000 5.0000 -5.0000
v -3.0000 5.0000 -5.0000
v -3.0000 5.0000 -6.0000
v -2.0000 5.0000 -6.0000
v -2.0000 6.0000 -5.0000
v -3.0000 6.0000 -5.0000
v -3.0000 6.0000 -6.0000
v -2.0000 6.0000 -6.0000
v -3.0000 7.0000 -6.0000
v -2.0000 7.0000 -6.0000
v -3.0000 8.0000 -6.0000
v -2.0000 8.0000 -6.0000
v -2.0000 9.0000 -6.0000
v -2.0000 10.0000 -6.0000
v -2.0000 11.0000 -6.0000
v -2.0000 13.0000 -5.0000
v -2.0000 13.0000 -6.0000
v -2.0000 12.0000 -6.0000
v -2.0000 12.0000 -5.0000
v -2.0000 -4.0000 -7.0000
v -2.0000 -3.0000 -7.0000
v -2.0000 -2.0000 -7.0000
v -3.0000 -1.0000 -7.0000
v -2.0000 -1.0000 -7.0000
v -2.0000 0.0000 -7.0000
v -3.0000 0.0000 -7.0000
v -2.0000 11.0000 -7.0000
v -2.0000 12.0000 -7.0000
v -2.0000 13.0000 -7.0000
v -2.0000 -5.0000 -8.0000
v -2.0000 -5.0000 -7.0000
v -2.0000 -2.0000 -8.0000
v -3.0000 -2.0000 -8.0000
v -2.0000 -3.0000 -8.0000
v -2.0000 14.0000 -7.0000
v -2.0000 14.0000 -8.0000
v -2.0000 13.0000 -8.0000
v -3.0000 -5.0000 -9.0000
v -2.0000 -5.0000 -9.0000
v -3.0000 -4.0000 -9.0000
v -2.0000 -3.0000 -9.0000
v -3.0000 -3.0000 -9.0000
v -2.0000 -4.0000 -9.0000
v -2.0000 14.0000 -9.0000
v -2.0000 13.0000 -9.0000
v -3.0000 -15.0000 -9.0000
v -2.0000 -15.0000 -9.0000
v -2.0000 -15.0000 -10.0000
v -3.0000 -15.0000 -10.0000
v -3.0000 -16.0000 -9.0000
v -3.0000 -16.0000 -10.0000
v -2.0000 -16.0000 -10.0000
v -2.0000 -16.0000 -9.0000
v -2.0000 -4.0000 -10.0000
v -3.0000 -4.0000 -10.0000
v -3.0000 -5.0000 -10.0000
v -2.0000 -5.0000 -10.0000
v -2.0000 15.0000 -9.0000
v -2.0000 15.0000 -10.0000
v -2.0000 14.0000 -10.0000
v -2.0000 -16.0000 -11.0000
v -3.0000 -14.0000 -10.0000
v -2.0000 -14.0000 -10.0000
v -2.0000 -14.0000 -11.0000
v -3.0000 -14.0000 -11.0000
v -3.0000 -8.0000 -10.0000
v -3.0000 -8.0000 -11.0000
v -2.0000 -8.0000 -11.0000
v -2.0000 -8.0000 -10.0000
v -2.0000 -7.0000 -10.0000
v -3.0000 -7.0000 -10.0000
v -2.0000 -7.0000 -11.0000
v -3.0000 -7.0000 -11.0000
v -2.0000 -6.0000 -10.0000
v -3.0000 -6.0000 -10.0000
v -2.0000 -6.0000 -11.0000
v -3.0000 -6.0000 -11.0000
v -3.0000 -5.0000 -11.0000
v -2.0000 -5.0000 -11.0000
v -2.0000 -4.0000 -11.0000
v -3.0000 -4.0000 -11.0000
v -2.0000 14.0000 -11.0000
v -2.0000 15.0000 -11.0000
v -3.0000 16.0000 -10.0000
v -2.0000 16.0000 -10.0000
v -2.0000 16.0000 -11.0000
v -3.0000 16.0000 -11.0000
v -2.0000 -16.0000 -12.0000
v -2.0000 -15.0000 -11.0000
v -2.0000 -15.0000 -12.0000
v -2.0000 -14.0000 -12.0000
v -3.0000 -14.0000 -12.0000
v -2.0000 -13.0000 -11.0000
v -3.0000 -13.0000 -11.0000
v -2.0000 -13.0000 -12.0000
v -3.0000 -13.0000 -12.0000
v -3.0000 -12.0000 -11.0000
v -2.0000 -12.0000 -11.0000
v -2.0000 -12.0000 -12.0000
v -3.0000 -12.0000 -12.0000
v -3.0000 -9.0000 -11.0000
v -3.0000 -9.0000 -12.0000
v -2.0000 -9.0000 -12.0000
v -2.0000 -9.0000 -11.0000
v -3.0000 -8.0000 -12.0000
v -2.0000 -8.0000 -12.0000
v -3.0000 -7.0000 -12.0000
v -2.0000 -7.0000 -12.0000
v -2.0000 -6.0000 -12.0000
v -3.0000 -6.0000 -12.0000
v -2.0000 -16.0000 -13.0000
v -2.0000 -15.0000 -13.0000
v -2.0000 -14.0000 -13.0000
v -3.0000 -14.0000 -13.0000
v -2.0000 -13.0000 -13.0000
v -3.0000 -13.0000 -13.0000
v -2.0000 -12.0000 -13.0000
v -3.0000 -12.0000 -13.0000
v -2.0000 -16.0000 -14.0000
v -3.0000 -14.0000 -14.0000
v -2.0000 -14.0000 -14.0000
v -2.0000 -15.0000 -14.0000
v -3.0000 -13.0000 -14.0000
v -2.0000 -13.0000 -14.0000
v -2.0000 -12.0000 -14.0000
v -3.0000 -12.0000 -14.0000
v -2.0000 -15.0000 -15.0000
v -3.0000 -15.0000 -15.0000
v -3.0000 -16.0000 -15.0000
v -2.0000 -16.0000 -15.0000
v -2.0000 4.0000 12.0000
v -1.0000 4.0000 12.0000
v -1.0000 4.0000 11.0000
v -1.0000 3.0000 11.0000
v -1.0000 3.0000 12.0000
v -1.0000 2.0000 10.0000
v -1.0000 2.0000 11.0000
v -1.0000 3.0000 10.0000
v -1.0000 4.0000 10.0000
v -1.0000 4.0000 9.0000
v -1.0000 3.0000 9.0000
v -1.0000 3.0000 8.0000
v -1.0000 5.0000 9.0000
v -1.0000 5.0000 8.0000
v -1.0000 4.0000 8.0000
v -1.0000 2.0000 7.0000
v -1.0000 2.0000 8.0000
v -1.0000 4.0000 7.0000
v -1.0000 3.0000 7.0000
v -1.0000 3.0000 6.0000
v -1.0000 2.0000 6.0000
v -1.0000 4.0000 6.0000
v -1.0000 5.0000 7.0000
v -1.0000 5.0000 6.0000
v -1.0000 6.0000 7.0000
v -2.0000 6.0000 7.0000
v -1.0000 7.0000 7.0000
v -2.0000 7.0000 7.0000
v -2.0000 8.0000 7.0000
v -1.0000 8.0000 7.0000
v -1.0000 8.0000 6.0000
v -1.0000 7.0000 6.0000
v -2.0000 0.0000 6.0000
v -1.0000 0.0000 5.0000
v -1.0000 0.0000 6.0000
v -1.0000 1.0000 6.0000
v -2.0000 1.0000 6.0000
v -1.0000 3.0000 5.0000
v -1.0000 2.0000 5.0000
v -1.0000 4.0000 5.0000
v -1.0000 5.0000 5.0000
v -1.0000 6.0000 5.0000
v -1.0000 7.0000 5.0000
v -1.0000 8.0000 5.0000
v -2.0000 9.0000 6.0000
v -1.0000 9.0000 6.0000
v -1.0000 9.0000 5.0000
v -2.0000 -1.0000 5.0000
v -1.0000 -1.0000 4.0000
v -1.0000 -1.0000 5.0000
v -1.0000 2.0000 4.0000
v -1.0000 1.0000 4.0000
v -1.0000 3.0000 4.0000
v -1.0000 4.0000 4.0000
v -1.0000 5.0000 4.0000
v -1.0000 6.0000 4.0000
v -1.0000 7.0000 4.0000
v -1.0000 8.0000 4.0000
v -2.0000 10.0000 5.0000
v -1.0000 10.0000 5.0000
v -1.0000 10.0000 4.0000
v -2.0000 10.0000 4.0000
v -1.0000 -1.0000 3.0000
v -1.0000 0.0000 3.0000
v -1.0000 1.0000 3.0000
v -2.0000 1.0000 3.0000
v -1.0000 5.0000 3.0000
v -1.0000 4.0000 3.0000
v -1.0000 6.0000 3.0000
v -1.0000 7.0000 3.0000
v -1.0000 8.0000 3.0000
v -1.0000 10.0000 3.0000
v -2.0000 10.0000 3.0000
v -1.0000 -3.0000 2.0000
v -1.0000 -3.0000 3.0000
v -1.0000 -2.0000 3.0000
v -1.0000 -2.0000 2.0000
v -1.0000 -1.0000 2.0000
v -1.0000 4.0000 2.0000
v -1.0000 5.0000 2.0000
v -1.0000 6.0000 2.0000
v -1.0000 7.0000 2.0000
v -1.0000 8.0000 2.0000
v -1.0000 10.0000 2.0000
v -2.0000 10.0000 2.0000
v -1.0000 -2.0000 1.0000
v -1.0000 -3.0000 1.0000
v -1.0000 4.0000 1.0000
v -1.0000 6.0000 1.0000
v -1.0000 8.0000 1.0000
v -1.0000 10.0000 1.0000
v -2.0000 10.0000 1.0000
v -1.0000 9.0000 1.0000
v -1.0000 -4.0000 -0.0000
v -1.0000 -4.0000 1.0000
v -1.0000 -3.0000 -0.0000
v -1.0000 -2.0000 -0.0000
v -1.0000 3.0000 -0.0000
v -1.0000 3.0000 1.0000
v -1.0000 4.0000 -0.0000
v -1.0000 5.0000 -0.0000
v -1.0000 6.0000 -0.0000
v -1.0000 5.0000 1.0000
v -1.0000 7.0000 -0.0000
v -1.0000 7.0000 1.0000
v -1.0000 8.0000 -0.0000
v -1.0000 9.0000 -0.0000
v -2.0000 -4.0000 -1.0000
v -1.0000 -4.0000 -1.0000
v -1.0000 -3.0000 -1.0000
v -1.0000 -2.0000 -1.0000
v -1.0000 4.0000 -1.0000
v -2.0000 4.0000 -1.0000
v -1.0000 3.0000 -1.0000
v -1.0000 6.0000 -1.0000
v -1.0000 7.0000 -1.0000
v -1.0000 9.0000 -1.0000
v -1.0000 -2.0000 -2.0000
v -1.0000 -3.0000 -2.0000
v -1.0000 0.0000 -2.0000
v -1.0000 0.0000 -1.0000
v -1.0000 1.0000 -1.0000
v -1.0000 1.0000 -2.0000
v -1.0000 2.0000 -1.0000
v -1.0000 2.0000 -2.0000
v -1.0000 3.0000 -2.0000
v -2.0000 3.0000 -2.0000
v -1.0000 4.0000 -2.0000
v -2.0000 4.0000 -2.0000
v -1.0000 7.0000 -2.0000
v -1.0000 8.0000 -2.0000
v -1.0000 9.0000 -2.0000
v -1.0000 11.0000 -1.0000
v -1.0000 11.0000 -2.0000
v -1.0000 10.0000 -2.0000
v -1.0000 10.0000 -1.0000
v -2.0000 -4.0000 -2.0000
v -2.0000 -4.0000 -3.0000
v -1.0000 -4.0000 -3.0000
v -1.0000 -4.0000 -2.0000
v -1.0000 -3.0000 -3.0000
v -1.0000 -2.0000 -3.0000
v -1.0000 0.0000 -3.0000
v -1.0000 1.0000 -3.0000
v -1.0000 2.0000 -3.0000
v -1.0000 3.0000 -3.0000
v -2.0000 3.0000 -3.0000
v -1.0000 8.0000 -3.0000
v -1.0000 9.0000 -3.0000
v -1.0000 11.0000 -3.0000
v -1.0000 10.0000 -3.0000
v -1.0000 -3.0000 -4.0000
v -2.0000 -4.0000 -4.0000
v -1.0000 -4.0000 -4.0000
v -1.0000 0.0000 -4.0000
v -1.0000 1.0000 -4.0000
v -1.0000 2.0000 -4.0000
v -2.0000 2.0000 -4.0000
v -1.0000 3.0000 -4.0000
v -2.0000 3.0000 -4.0000
v -1.0000 8.0000 -4.0000
v -1.0000 7.0000 -4.0000
v -1.0000 7.0000 -3.0000
v -1.0000 10.0000 -4.0000
v -1.0000 9.0000 -4.0000
v -2.0000 -5.0000 -4.0000
v -2.0000 -5.0000 -5.0000
v -1.0000 -5.0000 -5.0000
v -1.0000 -5.0000 -4.0000
v -1.0000 -2.0000 -4.0000
v -1.0000 -2.0000 -5.0000
v -1.0000 -3.0000 -5.0000
v -1.0000 0.0000 -5.0000
v -1.0000 1.0000 -5.0000
v -1.0000 2.0000 -5.0000
v -2.0000 2.0000 -5.0000
v -1.0000 3.0000 -5.0000
v -2.0000 3.0000 -5.0000
v -1.0000 8.0000 -5.0000
v -1.0000 7.0000 -5.0000
v -1.0000 9.0000 -5.0000
v -1.0000 11.0000 -4.0000
v -1.0000 11.0000 -5.0000
v -2.0000 -5.0000 -6.0000
v -1.0000 -5.0000 -6.0000
v -1.0000 -4.0000 -6.0000
v -1.0000 -4.0000 -5.0000
v -1.0000 -3.0000 -6.0000
v -1.0000 0.0000 -6.0000
v -1.0000 1.0000 -6.0000
v -2.0000 1.0000 -6.0000
v -1.0000 2.0000 -6.0000
v -2.0000 2.0000 -6.0000
v -1.0000 9.0000 -6.0000
v -1.0000 10.0000 -6.0000
v -1.0000 11.0000 -6.0000
v -2.0000 -6.0000 -6.0000
v -2.0000 -6.0000 -7.0000
v -1.0000 -6.0000 -7.0000
v -1.0000 -6.0000 -6.0000
v -1.0000 -5.0000 -7.0000
v -1.0000 -4.0000 -7.0000
v -1.0000 -3.0000 -7.0000
v -1.0000 -2.0000 -7.0000
v -1.0000 -2.0000 -6.0000
v -1.0000 -1.0000 -6.0000
v -1.0000 -1.0000 -7.0000
v -1.0000 0.0000 -7.0000
v -1.0000 1.0000 -7.0000
v -2.0000 1.0000 -7.0000
v -1.0000 2.0000 -7.0000
v -2.0000 2.0000 -7.0000
v -2.0000 10.0000 -7.0000
v -1.0000 10.0000 -7.0000
v -1.0000 11.0000 -7.0000
v -1.0000 12.0000 -6.0000
v -1.0000 12.0000 -7.0000
v -2.0000 -6.0000 -8.0000
v -1.0000 -6.0000 -8.0000
v -1.0000 -5.0000 -8.0000
v -1.0000 -4.0000 -8.0000
v -1.0000 -3.0000 -8.0000
v -1.0000 -2.0000 -8.0000
v -1.0000 -1.0000 -8.0000
v -2.0000 -1.0000 -8.0000
v -2.0000 0.0000 -8.0000
v -1.0000 0.0000 -8.0000
v -1.0000 1.0000 -8.0000
v -2.0000 1.0000 -8.0000
v -2.0000 11.0000 -8.0000
v -1.0000 11.0000 -8.0000
v -2.0000 12.0000 -8.0000
v -1.0000 12.0000 -8.0000
v -1.0000 13.0000 -7.0000
v -1.0000 13.0000 -8.0000
v -2.0000 -6.0000 -9.0000
v -1.0000 -6.0000 -9.0000
v -1.0000 -5.0000 -9.0000
v -1.0000 -4.0000 -9.0000
v -1.0000 -3.0000 -9.0000
v -1.0000 -2.0000 -9.0000
v -2.0000 -2.0000 -9.0000
v -1.0000 -1.0000 -9.0000
v -2.0000 -1.0000 -9.0000
v -1.0000 13.0000 -9.0000
v -2.0000 12.0000 -9.0000
v -1.0000 12.0000 -9.0000
v -1.0000 -16.0000 -10.0000
v -1.0000 -16.0000 -9.0000
v -1.0000 -15.0000 -9.0000
v -2.0000 -14.0000 -9.0000
v -1.0000 -14.0000 -9.0000
v -1.0000 -14.0000 -10.0000
v -2.0000 -9.0000 -9.0000
v -2.0000 -9.0000 -10.0000
v -1.0000 -9.0000 -10.0000
v -1.0000 -9.0000 -9.0000
v -1.0000 -8.0000 -9.0000
v -2.0000 -8.0000 -9.0000
v -1.0000 -7.0000 -9.0000
v -2.0000 -7.0000 -9.0000
v -1.0000 -7.0000 -10.0000
v -1.0000 -8.0000 -10.0000
v -1.0000 -6.0000 -10.0000
v -1.0000 -5.0000 -10.0000
v -1.0000 -4.0000 -10.0000
v -1.0000 -3.0000 -10.0000
v -2.0000 -3.0000 -10.0000
v -1.0000 -2.0000 -10.0000
v -2.0000 -2.0000 -10.0000
v -1.0000 14.0000 -9.0000
v -1.0000 14.0000 -10.0000
v -2.0000 13.0000 -10.0000
v -1.0000 13.0000 -10.0000
v -1.0000 -16.0000 -11.0000
v -1.0000 -14.0000 -11.0000
v -1.0000 -15.0000 -11.0000
v -1.0000 -15.0000 -10.0000
v -1.0000 -13.0000 -10.0000
v -2.0000 -13.0000 -10.0000
v -1.0000 -13.0000 -11.0000
v -1.0000 -12.0000 -10.0000
v -2.0000 -12.0000 -10.0000
v -1.0000 -12.0000 -11.0000
v -1.0000 -11.0000 -10.0000
v -2.0000 -11.0000 -10.0000
v -2.0000 -11.0000 -11.0000
v -1.0000 -10.0000 -10.0000
v -2.0000 -10.0000 -10.0000
v -2.0000 -10.0000 -11.0000
v -1.0000 -8.0000 -11.0000
v -1.0000 -9.0000 -11.0000
v -1.0000 -3.0000 -11.0000
v -2.0000 -3.0000 -11.0000
v -1.0000 -4.0000 -11.0000
v -1.0000 14.0000 -11.0000
v -2.0000 13.0000 -11.0000
v -1.0000 13.0000 -11.0000
v -1.0000 -15.0000 -12.0000
v -1.0000 -16.0000 -12.0000
v -1.0000 -12.0000 -12.0000
v -1.0000 -11.0000 -12.0000
v -1.0000 -11.0000 -11.0000
v -2.0000 -11.0000 -12.0000
v -1.0000 -10.0000 -12.0000
v -1.0000 -10.0000 -11.0000
v -2.0000 -10.0000 -12.0000
v -1.0000 -9.0000 -12.0000
v -1.0000 -8.0000 -12.0000
v -1.0000 -7.0000 -12.0000
v -1.0000 -7.0000 -11.0000
v -1.0000 -6.0000 -11.0000
v -1.0000 -6.0000 -12.0000
v -1.0000 -5.0000 -11.0000
v -2.0000 -5.0000 -12.0000
v -1.0000 -5.0000 -12.0000
v -1.0000 -4.0000 -12.0000
v -2.0000 -4.0000 -12.0000
v -2.0000 13.0000 -12.0000
v -1.0000 13.0000 -12.0000
v -2.0000 14.0000 -12.0000
v -1.0000 14.0000 -12.0000
v -1.0000 15.0000 -11.0000
v -2.0000 15.0000 -12.0000
v -1.0000 15.0000 -12.0000
v -1.0000 16.0000 -11.0000
v -1.0000 16.0000 -12.0000
v -2.0000 16.0000 -12.0000
v -1.0000 -15.0000 -13.0000
v -1.0000 -16.0000 -13.0000
v -1.0000 -12.0000 -13.0000
v -1.0000 -11.0000 -13.0000
v -2.0000 -11.0000 -13.0000
v -1.0000 -10.0000 -13.0000
v -2.0000 -10.0000 -13.0000
v -1.0000 -9.0000 -13.0000
v -2.0000 -9.0000 -13.0000
v -2.0000 -8.0000 -13.0000
v -1.0000 -8.0000 -13.0000
v -2.0000 -7.0000 -13.0000
v -1.0000 -7.0000 -13.0000
v -1.0000 -6.0000 -13.0000
v -2.0000 -6.0000 -13.0000
v -1.0000 -16.0000 -14.0000
v -1.0000 -14.0000 -13.0000
v -1.0000 -15.0000 -14.0000
v -1.0000 -14.0000 -14.0000
v -1.0000 -13.0000 -13.0000
v -1.0000 -13.0000 -14.0000
v -1.0000 -12.0000 -14.0000
v -2.0000 -11.0000 -14.0000
v -1.0000 -11.0000 -14.0000
v -2.0000 -10.0000 -14.0000
v -1.0000 -10.0000 -14.0000
v -1.0000 -9.0000 -14.0000
v -2.0000 -9.0000 -14.0000
v -1.0000 -16.0000 -15.0000
v -1.0000 -14.0000 -15.0000
v -2.0000 -14.0000 -15.0000
v -1.0000 -15.0000 -15.0000
v -1.0000 -15.0000 -16.0000
v -2.0000 -15.0000 -16.0000
v -2.0000 -16.0000 -16.0000
v -1.0000 -16.0000 -16.0000
v 0.0000 3.0000 9.0000
v 0.0000 3.0000 10.0000
v 0.0000 4.0000 10.0000
v -1.0000 5.0000 10.0000
v 0.0000 5.0000 10.0000
v 0.0000 5.0000 9.0000
v 0.0000 4.0000 9.0000
v -1.0000 2.0000 9.0000
v 0.0000 2.0000 8.0000
v 0.0000 2.0000 9.0000
v 0.0000 4.0000 8.0000
v 0.0000 3.0000 8.0000
v -1.0000 1.0000 8.0000
v -1.0000 1.0000 7.0000
v 0.0000 1.0000 7.0000
v 0.0000 1.0000 8.0000
v 0.0000 3.0000 7.0000
v 0.0000 4.0000 7.0000
v 0.0000 5.0000 8.0000
v 0.0000 6.0000 8.0000
v -1.0000 6.0000 8.0000
v 0.0000 7.0000 8.0000
v -1.0000 7.0000 8.0000
v -1.0000 8.0000 8.0000
v 0.0000 8.0000 8.0000
v 0.0000 8.0000 7.0000
v 0.0000 7.0000 7.0000
v -1.0000 -2.0000 7.0000
v -1.0000 -2.0000 6.0000
v 0.0000 -2.0000 6.0000
v 0.0000 -2.0000 7.0000
v 0.0000 -1.0000 7.0000
v -1.0000 -1.0000 7.0000
v -1.0000 -1.0000 6.0000
v -1.0000 0.0000 7.0000
v 0.0000 0.0000 7.0000
v 0.0000 0.0000 6.0000
v 0.0000 1.0000 6.0000
v 0.0000 3.0000 6.0000
v 0.0000 4.0000 6.0000
v 0.0000 5.0000 6.0000
v 0.0000 5.0000 7.0000
v 0.0000 7.0000 6.0000
v -1.0000 9.0000 7.0000
v 0.0000 9.0000 7.0000
v 0.0000 9.0000 6.0000
v 0.0000 8.0000 6.0000
v -1.0000 -2.0000 5.0000
v 0.0000 -2.0000 5.0000
v 0.0000 -1.0000 5.0000
v 0.0000 5.0000 5.0000
v 0.0000 6.0000 5.0000
v 0.0000 6.0000 6.0000
v 0.0000 7.0000 5.0000
v 0.0000 8.0000 5.0000
v -1.0000 10.0000 6.0000
v 0.0000 10.0000 6.0000
v 0.0000 10.0000 5.0000
v 0.0000 -1.0000 4.0000
v 0.0000 3.0000 4.0000
v 0.0000 2.0000 4.0000
v 0.0000 4.0000 4.0000
v 0.0000 6.0000 4.0000
v 0.0000 8.0000 4.0000
v 0.0000 9.0000 4.0000
v 0.0000 9.0000 5.0000
v 0.0000 10.0000 4.0000
v 0.0000 -1.0000 3.0000
v 0.0000 0.0000 3.0000
v 0.0000 1.0000 3.0000
v 0.0000 2.0000 3.0000
v -1.0000 2.0000 3.0000
v 0.0000 4.0000 3.0000
v 0.0000 6.0000 3.0000
v 0.0000 5.0000 3.0000
v 0.0000 8.0000 3.0000
v 0.0000 9.0000 3.0000
v -1.0000 11.0000 4.0000
v 0.0000 11.0000 4.0000
v 0.0000 11.0000 3.0000
v -1.0000 11.0000 3.0000
v 0.0000 -1.0000 2.0000
v 0.0000 -2.0000 2.0000
v 0.0000 -2.0000 3.0000
v 0.0000 5.0000 2.0000
v 0.0000 4.0000 2.0000
v 0.0000 8.0000 2.0000
v 0.0000 11.0000 2.0000
v -1.0000 11.0000 2.0000
v 0.0000 -1.0000 1.0000
v -1.0000 -1.0000 1.0000
v 0.0000 -2.0000 1.0000
v 0.0000 4.0000 1.0000
v 0.0000 6.0000 2.0000
v 0.0000 6.0000 1.0000
v 0.0000 5.0000 1.0000
v 0.0000 8.0000 1.0000
v 0.0000 9.0000 1.0000
v 0.0000 9.0000 2.0000
v 0.0000 11.0000 1.0000
v -1.0000 11.0000 1.0000
v 0.0000 10.0000 1.0000
v 0.0000 -3.0000 -0.0000
v 0.0000 -3.0000 1.0000
v 0.0000 -1.0000 -0.0000
v -1.0000 -1.0000 -0.0000
v 0.0000 -2.0000 -0.0000
v 0.0000 5.0000 -0.0000
v 0.0000 4.0000 -0.0000
v 0.0000 7.0000 1.0000
v 0.0000 7.0000 -0.0000
v 0.0000 6.0000 -0.0000
v 0.0000 8.0000 -0.0000
v 0.0000 10.0000 -0.0000
v -1.0000 10.0000 -0.0000
v 0.0000 9.0000 -0.0000
v 0.0000 -4.0000 -1.0000
v 0.0000 -4.0000 -0.0000
v 0.0000 -2.0000 -1.0000
v 0.0000 -3.0000 -1.0000
v 0.0000 3.0000 -1.0000
v 0.0000 3.0000 -0.0000
v 0.0000 5.0000 -1.0000
v -1.0000 5.0000 -1.0000
v 0.0000 6.0000 -1.0000
v 0.0000 7.0000 -1.0000
v 0.0000 9.0000 -1.0000
v -1.0000 -5.0000 -1.0000
v -1.0000 -5.0000 -2.0000
v 0.0000 -5.0000 -2.0000
v 0.0000 -5.0000 -1.0000
v 0.0000 -3.0000 -2.0000
v 0.0000 -4.0000 -2.0000
v 0.0000 3.0000 -2.0000
v 0.0000 5.0000 -2.0000
v -1.0000 5.0000 -2.0000
v 0.0000 4.0000 -2.0000
v 0.0000 7.0000 -2.0000
v 0.0000 8.0000 -2.0000
v 0.0000 9.0000 -2.0000
v 0.0000 -4.0000 -3.0000
v -1.0000 -5.0000 -3.0000
v 0.0000 -5.0000 -3.0000
v 0.0000 4.0000 -3.0000
v -1.0000 4.0000 -3.0000
v 0.0000 3.0000 -3.0000
v 0.0000 8.0000 -3.0000
v 0.0000 10.0000 -2.0000
v 0.0000 10.0000 -3.0000
v -1.0000 -6.0000 -3.0000
v -1.0000 -6.0000 -4.0000
v 0.0000 -6.0000 -4.0000
v 0.0000 -6.0000 -3.0000
v 0.0000 -4.0000 -4.0000
v 0.0000 2.0000 -4.0000
v 0.0000 2.0000 -3.0000
v 0.0000 4.0000 -4.0000
v -1.0000 4.0000 -4.0000
v 0.0000 7.0000 -4.0000
v 0.0000 7.0000 -3.0000
v 0.0000 9.0000 -4.0000
v 0.0000 8.0000 -4.0000
v 0.0000 11.0000 -3.0000
v 0.0000 11.0000 -4.0000
v -1.0000 -6.0000 -5.0000
v 0.0000 -6.0000 -5.0000
v 0.0000 -4.0000 -5.0000
v 0.0000 -5.0000 -5.0000
v 0.0000 -3.0000 -4.0000
v 0.0000 -3.0000 -5.0000
v 0.0000 -2.0000 -4.0000
v 0.0000 -2.0000 -5.0000
v 0.0000 2.0000 -5.0000
v 0.0000 4.0000 -5.0000
v -1.0000 4.0000 -5.0000
v 0.0000 8.0000 -5.0000
v 0.0000 7.0000 -5.0000
v 0.0000 9.0000 -5.0000
v 0.0000 11.0000 -5.0000
v -1.0000 -7.0000 -5.0000
v -1.0000 -7.0000 -6.0000
v 0.0000 -7.0000 -6.0000
v 0.0000 -7.0000 -5.0000
v 0.0000 -5.0000 -6.0000
v 0.0000 2.0000 -6.0000
v -1.0000 3.0000 -6.0000
v 0.0000 4.0000 -6.0000
v -1.0000 4.0000 -6.0000
v 0.0000 3.0000 -6.0000
v 0.0000 9.0000 -6.0000
v 0.0000 10.0000 -6.0000
v 0.0000 11.0000 -6.0000
v -1.0000 -7.0000 -7.0000
v 0.0000 -7.0000 -7.0000
v 0.0000 -5.0000 -7.0000
v 0.0000 3.0000 -7.0000
v -1.0000 3.0000 -7.0000
v 0.0000 2.0000 -7.0000
v 0.0000 10.0000 -7.0000
v 0.0000 12.0000 -6.0000
v 0.0000 12.0000 -7.0000
v -1.0000 -8.0000 -7.0000
v -1.0000 -8.0000 -8.0000
v 0.0000 -8.0000 -8.0000
v 0.0000 -8.0000 -7.0000
v -1.0000 -7.0000 -8.0000
v 0.0000 -5.0000 -8.0000
v 0.0000 -6.0000 -8.0000
v 0.0000 0.0000 -8.0000
v 0.0000 0.0000 -7.0000
v 0.0000 1.0000 -7.0000
v -1.0000 2.0000 -8.0000
v 0.0000 2.0000 -8.0000
v 0.0000 1.0000 -8.0000
v 0.0000 3.0000 -8.0000
v -1.0000 3.0000 -8.0000
v -1.0000 10.0000 -8.0000
v 0.0000 10.0000 -8.0000
v 0.0000 11.0000 -8.0000
v 0.0000 13.0000 -7.0000
v 0.0000 13.0000 -8.0000
v -1.0000 -15.0000 -8.0000
v 0.0000 -15.0000 -8.0000
v 0.0000 -15.0000 -9.0000
v -1.0000 -16.0000 -8.0000
v 0.0000 -16.0000 -9.0000
v 0.0000 -16.0000 -8.0000
v -1.0000 -10.0000 -8.0000
v -1.0000 -10.0000 -9.0000
v 0.0000 -10.0000 -9.0000
v 0.0000 -10.0000 -8.0000
v 0.0000 -9.0000 -8.0000
v -1.0000 -9.0000 -8.0000
v 0.0000 -7.0000 -9.0000
v 0.0000 -8.0000 -9.0000
v 0.0000 -6.0000 -9.0000
v 0.0000 -1.0000 -9.0000
v 0.0000 -1.0000 -8.0000
v -1.0000 0.0000 -9.0000
v 0.0000 1.0000 -9.0000
v -1.0000 1.0000 -9.0000
v 0.0000 0.0000 -9.0000
v -1.0000 11.0000 -9.0000
v 0.0000 11.0000 -9.0000
v 0.0000 13.0000 -9.0000
v 0.0000 12.0000 -9.0000
v 0.0000 -16.0000 -10.0000
v 0.0000 -14.0000 -9.0000
v 0.0000 -14.0000 -10.0000
v 0.0000 -15.0000 -10.0000
v -1.0000 -13.0000 -9.0000
v 0.0000 -13.0000 -9.0000
v 0.0000 -13.0000 -10.0000
v -1.0000 -11.0000 -9.0000
v 0.0000 -11.0000 -10.0000
v 0.0000 -11.0000 -9.0000
v 0.0000 -8.0000 -10.0000
v 0.0000 -9.0000 -10.0000
v 0.0000 -3.0000 -10.0000
v 0.0000 -3.0000 -9.0000
v 0.0000 -2.0000 -9.0000
v -1.0000 -1.0000 -10.0000
v 0.0000 -1.0000 -10.0000
v 0.0000 -2.0000 -10.0000
v 0.0000 0.0000 -10.0000
v -1.0000 0.0000 -10.0000
v -1.0000 8.0000 -9.0000
v -1.0000 8.0000 -10.0000
v 0.0000 8.0000 -10.0000
v 0.0000 8.0000 -9.0000
v 0.0000 9.0000 -9.0000
v -1.0000 9.0000 -9.0000
v -1.0000 9.0000 -10.0000
v 0.0000 9.0000 -10.0000
v 0.0000 10.0000 -9.0000
v -1.0000 10.0000 -9.0000
v -1.0000 10.0000 -10.0000
v 0.0000 10.0000 -10.0000
v -1.0000 11.0000 -10.0000
v 0.0000 11.0000 -10.0000
v 0.0000 12.0000 -10.0000
v -1.0000 12.0000 -10.0000
v 0.0000 14.0000 -9.0000
v 0.0000 14.0000 -10.0000
v 0.0000 13.0000 -10.0000
v 0.0000 -15.0000 -11.0000
v 0.0000 -16.0000 -11.0000
v 0.0000 -14.0000 -11.0000
v 0.0000 -13.0000 -11.0000
v 0.0000 -12.0000 -10.0000
v 0.0000 -12.0000 -11.0000
v 0.0000 -11.0000 -11.0000
v 0.0000 -10.0000 -11.0000
v 0.0000 -9.0000 -11.0000
v 0.0000 -4.0000 -11.0000
v 0.0000 -4.0000 -10.0000
v 0.0000 -2.0000 -11.0000
v -1.0000 -2.0000 -11.0000
v 0.0000 -3.0000 -11.0000
v 0.0000 14.0000 -11.0000
v 0.0000 13.0000 -11.0000
v 0.0000 -15.0000 -12.0000
v 0.0000 -16.0000 -12.0000
v 0.0000 -5.0000 -12.0000
v 0.0000 -5.0000 -11.0000
v 0.0000 -3.0000 -12.0000
v -1.0000 -3.0000 -12.0000
v 0.0000 -4.0000 -12.0000
v 0.0000 14.0000 -12.0000
v 0.0000 15.0000 -11.0000
v 0.0000 15.0000 -12.0000
v 0.0000 16.0000 -11.0000
v 0.0000 16.0000 -12.0000
v 0.0000 -15.0000 -13.0000
v 0.0000 -16.0000 -13.0000
v 0.0000 -8.0000 -12.0000
v 0.0000 -8.0000 -13.0000
v 0.0000 -9.0000 -13.0000
v 0.0000 -9.0000 -12.0000
v 0.0000 -7.0000 -13.0000
v 0.0000 -7.0000 -12.0000
v 0.0000 -6.0000 -12.0000
v -1.0000 -5.0000 -13.0000
v 0.0000 -5.0000 -13.0000
v 0.0000 -6.0000 -13.0000
v 0.0000 -4.0000 -13.0000
v -1.0000 -4.0000 -13.0000
v 0.0000 -15.0000 -14.0000
v 0.0000 -16.0000 -14.0000
v 0.0000 -14.0000 -14.0000
v 0.0000 -14.0000 -13.0000
v 0.0000 -13.0000 -13.0000
v 0.0000 -12.0000 -13.0000
v 0.0000 -11.0000 -13.0000
v 0.0000 -11.0000 -14.0000
v 0.0000 -12.0000 -14.0000
v 0.0000 -10.0000 -13.0000
v 0.0000 -10.0000 -14.0000
v 0.0000 -9.0000 -14.0000
v -1.0000 -8.0000 -14.0000
v 0.0000 -8.0000 -14.0000
v -1.0000 -7.0000 -14.0000
v 0.0000 -7.0000 -14.0000
v 0.0000 -6.0000 -14.0000
v -1.0000 -6.0000 -14.0000
v 0.0000 -16.0000 -15.0000
v 0.0000 -14.0000 -15.0000
v 0.0000 -15.0000 -15.0000
v -1.0000 -13.0000 -15.0000
v 0.0000 -13.0000 -15.0000
v 0.0000 -12.0000 -15.0000
v -1.0000 -12.0000 -15.0000
v 0.0000 -15.0000 -16.0000
v 0.0000 -16.0000 -16.0000
v 0.0000 4.0000 11.0000
v 1.0000 4.0000 11.0000
v 1.0000 4.0000 10.0000
v 0.0000 3.0000 11.0000
v 1.0000 3.0000 10.0000
v 1.0000 3.0000 11.0000
v 0.0000 2.0000 10.0000
v 1.0000 2.0000 9.0000
v 1.0000 2.0000 10.0000
v 1.0000 4.0000 9.0000
v 1.0000 3.0000 9.0000
v 0.0000 1.0000 9.0000
v 1.0000 1.0000 8.0000
v 1.0000 1.0000 9.0000
v 1.0000 3.0000 8.0000
v 1.0000 1.0000 7.0000
v 1.0000 4.0000 8.0000
v 1.0000 4.0000 7.0000
v 1.0000 3.0000 7.0000
v 1.0000 5.0000 8.0000
v 1.0000 5.0000 7.0000
v 1.0000 6.0000 8.0000
v 1.0000 7.0000 8.0000
v 1.0000 8.0000 8.0000
v 0.0000 9.0000 8.0000
v 1.0000 9.0000 8.0000
v 1.0000 9.0000 7.0000
v 1.0000 -2.0000 6.0000
v 1.0000 -2.0000 7.0000
v 1.0000 -1.0000 7.0000
v 1.0000 -1.0000 6.0000
v 1.0000 0.0000 7.0000
v 1.0000 0.0000 6.0000
v 1.0000 1.0000 6.0000
v 1.0000 3.0000 6.0000
v 1.0000 5.0000 6.0000
v 1.0000 6.0000 6.0000
v 1.0000 6.0000 7.0000
v 1.0000 7.0000 6.0000
v 1.0000 8.0000 6.0000
v 0.0000 10.0000 7.0000
v 1.0000 10.0000 7.0000
v 1.0000 10.0000 6.0000
v 1.0000 -2.0000 5.0000
v 1.0000 -1.0000 5.0000
v 1.0000 0.0000 5.0000
v 1.0000 4.0000 6.0000
v 1.0000 5.0000 5.0000
v 1.0000 4.0000 5.0000
v 1.0000 8.0000 5.0000
v 1.0000 9.0000 5.0000
v 1.0000 10.0000 5.0000
v 1.0000 -1.0000 4.0000
v 1.0000 3.0000 4.0000
v 1.0000 2.0000 4.0000
v 1.0000 2.0000 5.0000
v 1.0000 3.0000 5.0000
v 1.0000 4.0000 4.0000
v 1.0000 6.0000 5.0000
v 1.0000 6.0000 4.0000
v 1.0000 9.0000 4.0000
v 0.0000 11.0000 5.0000
v 1.0000 11.0000 5.0000
v 1.0000 11.0000 4.0000
v 1.0000 -1.0000 3.0000
v 1.0000 0.0000 3.0000
v 1.0000 1.0000 3.0000
v 1.0000 2.0000 3.0000
v 1.0000 1.0000 4.0000
v 1.0000 4.0000 3.0000
v 1.0000 6.0000 3.0000
v 1.0000 5.0000 4.0000
v 1.0000 5.0000 3.0000
v 1.0000 9.0000 3.0000
v 1.0000 10.0000 3.0000
v 1.0000 10.0000 4.0000
v 1.0000 11.0000 3.0000
v 1.0000 -1.0000 2.0000
v 1.0000 -2.0000 2.0000
v 1.0000 -2.0000 3.0000
v 1.0000 4.0000 2.0000
v 1.0000 6.0000 2.0000
v 1.0000 8.0000 2.0000
v 1.0000 8.0000 3.0000
v 1.0000 9.0000 2.0000
v 1.0000 11.0000 2.0000
v 1.0000 -1.0000 1.0000
v 1.0000 -2.0000 1.0000
v 1.0000 4.0000 1.0000
v 1.0000 6.0000 1.0000
v 1.0000 5.0000 1.0000
v 1.0000 9.0000 1.0000
v 1.0000 11.0000 1.0000
v 1.0000 -3.0000 -0.0000
v 1.0000 -3.0000 1.0000
v 1.0000 -1.0000 -0.0000
v 1.0000 -2.0000 -0.0000
v 1.0000 5.0000 -0.0000
v 1.0000 4.0000 -0.0000
v 1.0000 8.0000 -0.0000
v 1.0000 8.0000 1.0000
v 1.0000 11.0000 -0.0000
v 0.0000 11.0000 -0.0000
v 1.0000 10.0000 -0.0000
v 1.0000 -4.0000 -1.0000
v 1.0000 -4.0000 -0.0000
v 1.0000 -2.0000 -1.0000
v 1.0000 -3.0000 -1.0000
v 1.0000 3.0000 -1.0000
v 1.0000 3.0000 -0.0000
v 1.0000 5.0000 -1.0000
v 1.0000 4.0000 -1.0000
v 1.0000 6.0000 -1.0000
v 1.0000 6.0000 -0.0000
v 1.0000 7.0000 -0.0000
v 1.0000 7.0000 -1.0000
v 1.0000 10.0000 -1.0000
v 0.0000 10.0000 -1.0000
v 1.0000 9.0000 -1.0000
v 1.0000 -5.0000 -2.0000
v 1.0000 -5.0000 -1.0000
v 1.0000 -4.0000 -2.0000
v 1.0000 -3.0000 -2.0000
v 1.0000 3.0000 -2.0000
v 1.0000 5.0000 -2.0000
v 1.0000 4.0000 -2.0000
v 1.0000 7.0000 -2.0000
v 1.0000 8.0000 -2.0000
v 1.0000 9.0000 -2.0000
v 1.0000 -4.0000 -3.0000
v 1.0000 -5.0000 -3.0000
v 1.0000 4.0000 -3.0000
v 1.0000 3.0000 -3.0000
v 1.0000 8.0000 -3.0000
v 1.0000 10.0000 -2.0000
v 1.0000 10.0000 -3.0000
v 1.0000 9.0000 -3.0000
v 1.0000 -6.0000 -4.0000
v 1.0000 -6.0000 -3.0000
v 1.0000 -5.0000 -4.0000
v 1.0000 -4.0000 -4.0000
v 1.0000 2.0000 -4.0000
v 1.0000 2.0000 -3.0000
v 1.0000 4.0000 -4.0000
v 1.0000 3.0000 -4.0000
v 1.0000 7.0000 -4.0000
v 1.0000 7.0000 -3.0000
v 1.0000 9.0000 -4.0000
v 1.0000 8.0000 -4.0000
v 1.0000 11.0000 -3.0000
v 1.0000 11.0000 -4.0000
v 1.0000 10.0000 -4.0000
v 1.0000 -6.0000 -5.0000
v 1.0000 -5.0000 -5.0000
v 1.0000 -4.0000 -5.0000
v 1.0000 -3.0000 -4.0000
v 1.0000 -3.0000 -5.0000
v 1.0000 -2.0000 -4.0000
v 1.0000 -2.0000 -5.0000
v 1.0000 2.0000 -5.0000
v 1.0000 4.0000 -5.0000
v 1.0000 3.0000 -5.0000
v 1.0000 8.0000 -5.0000
v 1.0000 7.0000 -5.0000
v 1.0000 9.0000 -5.0000
v 0.0000 12.0000 -4.0000
v 1.0000 12.0000 -4.0000
v 1.0000 12.0000 -5.0000
v 0.0000 12.0000 -5.0000
v 1.0000 11.0000 -5.0000
v 1.0000 -7.0000 -6.0000
v 1.0000 -7.0000 -5.0000
v 1.0000 -6.0000 -6.0000
v 1.0000 -5.0000 -6.0000
v 1.0000 2.0000 -6.0000
v 1.0000 3.0000 -6.0000
v 1.0000 4.0000 -6.0000
v 1.0000 9.0000 -6.0000
v 1.0000 11.0000 -6.0000
v 1.0000 -7.0000 -7.0000
v 1.0000 -6.0000 -7.0000
v 1.0000 -5.0000 -7.0000
v 1.0000 3.0000 -7.0000
v 1.0000 2.0000 -7.0000
v 0.0000 9.0000 -7.0000
v 1.0000 9.0000 -7.0000
v 1.0000 10.0000 -7.0000
v 1.0000 12.0000 -6.0000
v 1.0000 12.0000 -7.0000
v 1.0000 -8.0000 -8.0000
v 1.0000 -8.0000 -7.0000
v 1.0000 -7.0000 -8.0000
v 1.0000 -6.0000 -8.0000
v 1.0000 -5.0000 -8.0000
v 1.0000 0.0000 -8.0000
v 1.0000 0.0000 -7.0000
v 1.0000 1.0000 -7.0000
v 1.0000 2.0000 -8.0000
v 1.0000 1.0000 -8.0000
v 1.0000 3.0000 -8.0000
v 1.0000 10.0000 -8.0000
v 1.0000 11.0000 -8.0000
v 1.0000 13.0000 -7.0000
v 1.0000 13.0000 -8.0000
v 1.0000 -15.0000 -8.0000
v 1.0000 -15.0000 -9.0000
v 1.0000 -16.0000 -9.0000
v 1.0000 -16.0000 -8.0000
v 1.0000 -10.0000 -9.0000
v 1.0000 -10.0000 -8.0000
v 1.0000 -9.0000 -8.0000
v 1.0000 -9.0000 -9.0000
v 1.0000 -8.0000 -9.0000
v 1.0000 -7.0000 -9.0000
v 1.0000 -6.0000 -9.0000
v 1.0000 -1.0000 -9.0000
v 1.0000 -1.0000 -8.0000
v 1.0000 0.0000 -9.0000
v 1.0000 1.0000 -9.0000
v 1.0000 11.0000 -9.0000
v 1.0000 13.0000 -9.0000
v 1.0000 -16.0000 -10.0000
v 1.0000 -14.0000 -9.0000
v 1.0000 -14.0000 -10.0000
v 1.0000 -15.0000 -10.0000
v 1.0000 -13.0000 -9.0000
v 1.0000 -13.0000 -10.0000
v 1.0000 -11.0000 -10.0000
v 1.0000 -11.0000 -9.0000
v 1.0000 -10.0000 -10.0000
v 1.0000 -9.0000 -10.0000
v 1.0000 -8.0000 -10.0000
v 1.0000 -3.0000 -10.0000
v 1.0000 -3.0000 -9.0000
v 1.0000 -2.0000 -9.0000
v 1.0000 -1.0000 -10.0000
v 1.0000 -2.0000 -10.0000
v 1.0000 0.0000 -10.0000
v 1.0000 11.0000 -10.0000
v 1.0000 12.0000 -10.0000
v 1.0000 13.0000 -10.0000
v 1.0000 14.0000 -9.0000
v 1.0000 14.0000 -10.0000
v 1.0000 -15.0000 -11.0000
v 1.0000 -16.0000 -11.0000
v 1.0000 -14.0000 -11.0000
v 1.0000 -13.0000 -11.0000
v 1.0000 -12.0000 -10.0000
v 1.0000 -12.0000 -11.0000
v 1.0000 -11.0000 -11.0000
v 1.0000 -10.0000 -11.0000
v 1.0000 -9.0000 -11.0000
v 1.0000 -4.0000 -11.0000
v 1.0000 -4.0000 -10.0000
v 1.0000 -2.0000 -11.0000
v 1.0000 -3.0000 -11.0000
v 1.0000 14.0000 -11.0000
v 1.0000 13.0000 -11.0000
v 1.0000 -15.0000 -12.0000
v 1.0000 -16.0000 -12.0000
v 1.0000 -5.0000 -12.0000
v 1.0000 -5.0000 -11.0000
v 1.0000 -3.0000 -12.0000
v 1.0000 -4.0000 -12.0000
v 1.0000 14.0000 -12.0000
v 1.0000 15.0000 -11.0000
v 1.0000 15.0000 -12.0000
v 1.0000 16.0000 -11.0000
v 1.0000 16.0000 -12.0000
v 1.0000 -15.0000 -13.0000
v 1.0000 -16.0000 -13.0000
v 1.0000 -8.0000 -12.0000
v 1.0000 -8.0000 -13.0000
v 1.0000 -9.0000 -13.0000
v 1.0000 -9.0000 -12.0000
v 1.0000 -7.0000 -13.0000
v 1.0000 -7.0000 -12.0000
v 1.0000 -6.0000 -12.0000
v 1.0000 -5.0000 -13.0000
v 1.0000 -6.0000 -13.0000
v 1.0000 -4.0000 -13.0000
v 1.0000 -15.0000 -14.0000
v 1.0000 -16.0000 -14.0000
v 1.0000 -14.0000 -14.0000
v 1.0000 -14.0000 -13.0000
v 1.0000 -13.0000 -13.0000
v 1.0000 -12.0000 -13.0000
v 1.0000 -11.0000 -13.0000
v 1.0000 -11.0000 -14.0000
v 1.0000 -12.0000 -14.0000
v 1.0000 -10.0000 -13.0000
v 1.0000 -10.0000 -14.0000
v 1.0000 -9.0000 -14.0000
v 1.0000 -8.0000 -14.0000
v 1.0000 -7.0000 -14.0000
v 1.0000 -6.0000 -14.0000
v 1.0000 -16.0000 -15.0000
v 1.0000 -14.0000 -15.0000
v 1.0000 -15.0000 -15.0000
v 1.0000 -13.0000 -15.0000
v 1.0000 -13.0000 -14.0000
v 1.0000 -12.0000 -15.0000
v 1.0000 -15.0000 -16.0000
v 1.0000 -16.0000 -16.0000
v 1.0000 4.0000 12.0000
v 2.0000 4.0000 12.0000
v 2.0000 4.0000 11.0000
v 1.0000 3.0000 12.0000
v 2.0000 3.0000 11.0000
v 2.0000 3.0000 12.0000
v 1.0000 2.0000 11.0000
v 2.0000 2.0000 10.0000
v 2.0000 2.0000 11.0000
v 2.0000 3.0000 10.0000
v 2.0000 4.0000 10.0000
v 2.0000 3.0000 9.0000
v 2.0000 2.0000 9.0000
v 2.0000 1.0000 8.0000
v 2.0000 1.0000 9.0000
v 2.0000 3.0000 8.0000
v 2.0000 1.0000 7.0000
v 2.0000 4.0000 8.0000
v 2.0000 4.0000 7.0000
v 2.0000 3.0000 7.0000
v 2.0000 5.0000 8.0000
v 2.0000 5.0000 7.0000
v 2.0000 6.0000 8.0000
v 2.0000 6.0000 7.0000
v 2.0000 7.0000 8.0000
v 2.0000 8.0000 8.0000
v 2.0000 9.0000 8.0000
v 2.0000 9.0000 7.0000
v 2.0000 0.0000 6.0000
v 2.0000 0.0000 7.0000
v 2.0000 3.0000 6.0000
v 2.0000 6.0000 6.0000
v 2.0000 7.0000 6.0000
v 2.0000 8.0000 6.0000
v 2.0000 10.0000 7.0000
v 2.0000 10.0000 6.0000
v 2.0000 0.0000 5.0000
v 2.0000 1.0000 5.0000
v 2.0000 1.0000 6.0000
v 2.0000 3.0000 5.0000
v 2.0000 2.0000 5.0000
v 2.0000 4.0000 6.0000
v 2.0000 4.0000 5.0000
v 2.0000 6.0000 5.0000
v 2.0000 5.0000 5.0000
v 2.0000 5.0000 6.0000
v 2.0000 8.0000 5.0000
v 2.0000 9.0000 5.0000
v 1.0000 11.0000 6.0000
v 2.0000 11.0000 6.0000
v 2.0000 11.0000 5.0000
v 2.0000 -1.0000 4.0000
v 2.0000 -1.0000 5.0000
v 2.0000 0.0000 4.0000
v 2.0000 2.0000 4.0000
v 2.0000 1.0000 4.0000
v 2.0000 3.0000 4.0000
v 2.0000 4.0000 4.0000
v 2.0000 6.0000 4.0000
v 2.0000 5.0000 4.0000
v 2.0000 9.0000 4.0000
v 2.0000 10.0000 4.0000
v 2.0000 11.0000 4.0000
v 2.0000 -1.0000 3.0000
v 2.0000 0.0000 3.0000
v 2.0000 1.0000 3.0000
v 2.0000 5.0000 3.0000
v 2.0000 4.0000 3.0000
v 2.0000 11.0000 3.0000
v 2.0000 10.0000 3.0000
v 1.0000 -3.0000 3.0000
v 1.0000 -3.0000 2.0000
v 2.0000 -3.0000 2.0000
v 2.0000 -3.0000 3.0000
v 2.0000 -2.0000 3.0000
v 2.0000 -1.0000 2.0000
v 2.0000 -2.0000 2.0000
v 2.0000 4.0000 2.0000
v 2.0000 6.0000 3.0000
v 2.0000 7.0000 3.0000
v 1.0000 7.0000 3.0000
v 1.0000 7.0000 2.0000
v 2.0000 7.0000 2.0000
v 2.0000 6.0000 2.0000
v 2.0000 8.0000 3.0000
v 2.0000 8.0000 2.0000
v 2.0000 9.0000 3.0000
v 2.0000 9.0000 2.0000
v 2.0000 11.0000 2.0000
v 2.0000 -2.0000 1.0000
v 2.0000 -3.0000 1.0000
v 2.0000 4.0000 1.0000
v 2.0000 6.0000 1.0000
v 2.0000 5.0000 1.0000
v 2.0000 5.0000 2.0000
v 2.0000 9.0000 1.0000
v 2.0000 11.0000 1.0000
v 1.0000 -4.0000 1.0000
v 2.0000 -4.0000 -0.0000
v 2.0000 -4.0000 1.0000
v 2.0000 -2.0000 -0.0000
v 1.0000 3.0000 1.0000
v 2.0000 3.0000 -0.0000
v 2.0000 3.0000 1.0000
v 2.0000 5.0000 -0.0000
v 2.0000 4.0000 -0.0000
v 2.0000 8.0000 -0.0000
v 2.0000 8.0000 1.0000
v 2.0000 11.0000 -0.0000
v 2.0000 -4.0000 -1.0000
v 2.0000 -3.0000 -1.0000
v 2.0000 -3.0000 -0.0000
v 2.0000 -2.0000 -1.0000
v 2.0000 4.0000 -1.0000
v 2.0000 3.0000 -1.0000
v 2.0000 6.0000 -1.0000
v 2.0000 6.0000 -0.0000
v 2.0000 7.0000 -0.0000
v 2.0000 7.0000 -1.0000
v 2.0000 10.0000 -1.0000
v 2.0000 9.0000 -1.0000
v 2.0000 11.0000 -1.0000
v 1.0000 11.0000 -1.0000
v 2.0000 -2.0000 -2.0000
v 1.0000 -2.0000 -2.0000
v 2.0000 -3.0000 -2.0000
v 1.0000 0.0000 -1.0000
v 1.0000 0.0000 -2.0000
v 2.0000 0.0000 -2.0000
v 2.0000 0.0000 -1.0000
v 2.0000 1.0000 -1.0000
v 1.0000 1.0000 -1.0000
v 1.0000 1.0000 -2.0000
v 2.0000 2.0000 -1.0000
v 1.0000 2.0000 -1.0000
v 1.0000 2.0000 -2.0000
v 2.0000 2.0000 -2.0000
v 2.0000 3.0000 -2.0000
v 2.0000 4.0000 -2.0000
v 2.0000 7.0000 -2.0000
v 2.0000 8.0000 -2.0000
v 2.0000 9.0000 -2.0000
v 2.0000 -4.0000 -3.0000
v 2.0000 -4.0000 -2.0000
v 2.0000 -3.0000 -3.0000
v 1.0000 -3.0000 -3.0000
v 2.0000 -2.0000 -3.0000
v 1.0000 -2.0000 -3.0000
v 1.0000 0.0000 -3.0000
v 2.0000 0.0000 -3.0000
v 1.0000 1.0000 -3.0000
v 2.0000 3.0000 -3.0000
v 2.0000 2.0000 -3.0000
v 2.0000 9.0000 -3.0000
v 2.0000 8.0000 -3.0000
v 2.0000 -3.0000 -4.0000
v 2.0000 -4.0000 -4.0000
v 1.0000 0.0000 -4.0000
v 2.0000 0.0000 -4.0000
v 1.0000 1.0000 -4.0000
v 2.0000 1.0000 -3.0000
v 2.0000 1.0000 -4.0000
v 2.0000 2.0000 -4.0000
v 2.0000 3.0000 -4.0000
v 2.0000 7.0000 -4.0000
v 2.0000 7.0000 -3.0000
v 2.0000 10.0000 -3.0000
v 2.0000 10.0000 -4.0000
v 2.0000 -5.0000 -5.0000
v 2.0000 -5.0000 -4.0000
v 2.0000 -4.0000 -5.0000
v 2.0000 -3.0000 -5.0000
v 2.0000 -2.0000 -4.0000
v 2.0000 -2.0000 -5.0000
v 1.0000 0.0000 -5.0000
v 2.0000 0.0000 -5.0000
v 1.0000 1.0000 -5.0000
v 2.0000 1.0000 -5.0000
v 2.0000 2.0000 -5.0000
v 2.0000 3.0000 -5.0000
v 2.0000 7.0000 -5.0000
v 2.0000 8.0000 -5.0000
v 2.0000 9.0000 -5.0000
v 2.0000 11.0000 -4.0000
v 2.0000 12.0000 -4.0000
v 2.0000 12.0000 -5.0000
v 2.0000 11.0000 -5.0000
v 2.0000 -5.0000 -6.0000
v 2.0000 -4.0000 -6.0000
v 1.0000 -4.0000 -6.0000
v 2.0000 -3.0000 -6.0000
v 1.0000 -3.0000 -6.0000
v 1.0000 0.0000 -6.0000
v 2.0000 0.0000 -6.0000
v 2.0000 1.0000 -6.0000
v 1.0000 1.0000 -6.0000
v 2.0000 2.0000 -6.0000
v 2.0000 9.0000 -6.0000
v 2.0000 11.0000 -6.0000
v 2.0000 -6.0000 -7.0000
v 2.0000 -6.0000 -6.0000
v 2.0000 -5.0000 -7.0000
v 2.0000 -4.0000 -7.0000
v 1.0000 -4.0000 -7.0000
v 2.0000 -3.0000 -7.0000
v 1.0000 -3.0000 -7.0000
v 1.0000 -2.0000 -6.0000
v 1.0000 -2.0000 -7.0000
v 2.0000 -2.0000 -7.0000
v 2.0000 -2.0000 -6.0000
v 2.0000 -1.0000 -6.0000
v 1.0000 -1.0000 -6.0000
v 1.0000 -1.0000 -7.0000
v 2.0000 0.0000 -7.0000
v 2.0000 1.0000 -7.0000
v 2.0000 2.0000 -7.0000
v 2.0000 9.0000 -7.0000
v 2.0000 10.0000 -7.0000
v 2.0000 10.0000 -6.0000
v 2.0000 12.0000 -6.0000
v 2.0000 12.0000 -7.0000
v 2.0000 -6.0000 -8.0000
v 2.0000 -5.0000 -8.0000
v 1.0000 -4.0000 -8.0000
v 2.0000 -3.0000 -8.0000
v 1.0000 -3.0000 -8.0000
v 1.0000 -2.0000 -8.0000
v 2.0000 -2.0000 -8.0000
v 2.0000 -1.0000 -8.0000
v 2.0000 -1.0000 -7.0000
v 2.0000 0.0000 -8.0000
v 2.0000 1.0000 -8.0000
v 1.0000 9.0000 -8.0000
v 2.0000 9.0000 -8.0000
v 2.0000 10.0000 -8.0000
v 2.0000 11.0000 -8.0000
v 2.0000 11.0000 -7.0000
v 2.0000 13.0000 -7.0000
v 2.0000 13.0000 -8.0000
v 2.0000 -6.0000 -9.0000
v 2.0000 -5.0000 -9.0000
v 1.0000 -5.0000 -9.0000
v 1.0000 -4.0000 -9.0000
v 2.0000 -4.0000 -9.0000
v 2.0000 -3.0000 -9.0000
v 2.0000 -2.0000 -9.0000
v 2.0000 -1.0000 -9.0000
v 1.0000 10.0000 -9.0000
v 2.0000 10.0000 -9.0000
v 2.0000 11.0000 -9.0000
v 2.0000 12.0000 -9.0000
v 2.0000 12.0000 -8.0000
v 2.0000 13.0000 -9.0000
v 2.0000 -16.0000 -10.0000
v 2.0000 -16.0000 -9.0000
v 2.0000 -15.0000 -9.0000
v 2.0000 -14.0000 -9.0000
v 2.0000 -14.0000 -10.0000
v 2.0000 -15.0000 -10.0000
v 2.0000 -9.0000 -10.0000
v 2.0000 -9.0000 -9.0000
v 2.0000 -8.0000 -9.0000
v 2.0000 -8.0000 -10.0000
v 2.0000 -7.0000 -9.0000
v 1.0000 -7.0000 -10.0000
v 2.0000 -7.0000 -10.0000
v 1.0000 -6.0000 -10.0000
v 2.0000 -6.0000 -10.0000
v 2.0000 -5.0000 -10.0000
v 1.0000 -5.0000 -10.0000
v 2.0000 -4.0000 -10.0000
v 2.0000 -3.0000 -10.0000
v 2.0000 -2.0000 -10.0000
v 1.0000 7.0000 -9.0000
v 1.0000 7.0000 -10.0000
v 2.0000 7.0000 -10.0000
v 2.0000 7.0000 -9.0000
v 2.0000 8.0000 -9.0000
v 1.0000 8.0000 -9.0000
v 1.0000 8.0000 -10.0000
v 2.0000 8.0000 -10.0000
v 2.0000 9.0000 -9.0000
v 1.0000 9.0000 -9.0000
v 1.0000 9.0000 -10.0000
v 2.0000 9.0000 -10.0000
v 1.0000 10.0000 -10.0000
v 2.0000 10.0000 -10.0000
v 2.0000 11.0000 -10.0000
v 2.0000 12.0000 -10.0000
v 2.0000 14.0000 -9.0000
v 2.0000 14.0000 -10.0000
v 2.0000 -16.0000 -11.0000
v 2.0000 -14.0000 -11.0000
v 2.0000 -15.0000 -11.0000
v 2.0000 -13.0000 -10.0000
v 2.0000 -13.0000 -11.0000
v 2.0000 -12.0000 -10.0000
v 2.0000 -12.0000 -11.0000
v 2.0000 -11.0000 -10.0000
v 2.0000 -11.0000 -11.0000
v 2.0000 -10.0000 -10.0000
v 2.0000 -10.0000 -11.0000
v 2.0000 -9.0000 -11.0000
v 2.0000 -8.0000 -11.0000
v 1.0000 -8.0000 -11.0000
v 2.0000 -3.0000 -11.0000
v 2.0000 -4.0000 -11.0000
v 1.0000 12.0000 -11.0000
v 2.0000 12.0000 -11.0000
v 2.0000 13.0000 -11.0000
v 2.0000 14.0000 -11.0000
v 2.0000 -15.0000 -12.0000
v 2.0000 -16.0000 -12.0000
v 1.0000 -12.0000 -12.0000
v 2.0000 -12.0000 -12.0000
v 2.0000 -11.0000 -12.0000
v 1.0000 -11.0000 -12.0000
v 2.0000 -10.0000 -12.0000
v 1.0000 -10.0000 -12.0000
v 2.0000 -9.0000 -12.0000
v 2.0000 -8.0000 -12.0000
v 1.0000 -7.0000 -11.0000
v 2.0000 -7.0000 -12.0000
v 2.0000 -7.0000 -11.0000
v 2.0000 -6.0000 -11.0000
v 1.0000 -6.0000 -11.0000
v 2.0000 -5.0000 -11.0000
v 2.0000 -5.0000 -12.0000
v 2.0000 -6.0000 -12.0000
v 2.0000 -4.0000 -12.0000
v 2.0000 14.0000 -12.0000
v 2.0000 15.0000 -11.0000
v 2.0000 16.0000 -11.0000
v 2.0000 16.0000 -12.0000
v 2.0000 -15.0000 -13.0000
v 2.0000 -16.0000 -13.0000
v 2.0000 -12.0000 -13.0000
v 2.0000 -11.0000 -13.0000
v 2.0000 -10.0000 -13.0000
v 2.0000 -9.0000 -13.0000
v 2.0000 -8.0000 -13.0000
v 2.0000 -7.0000 -13.0000
v 2.0000 -6.0000 -13.0000
v 1.0000 14.0000 -13.0000
v 2.0000 14.0000 -13.0000
v 1.0000 15.0000 -13.0000
v 2.0000 15.0000 -13.0000
v 2.0000 16.0000 -13.0000
v 1.0000 16.0000 -13.0000
v 2.0000 -16.0000 -14.0000
v 2.0000 -14.0000 -13.0000
v 2.0000 -13.0000 -13.0000
v 2.0000 -13.0000 -14.0000
v 2.0000 -14.0000 -14.0000
v 2.0000 -12.0000 -14.0000
v 2.0000 -11.0000 -14.0000
v 2.0000 -10.0000 -14.0000
v 2.0000 -9.0000 -14.0000
v 2.0000 -16.0000 -15.0000
v 2.0000 -14.0000 -15.0000
v 2.0000 -15.0000 -15.0000
v 2.0000 -15.0000 -14.0000
v 2.0000 -15.0000 -16.0000
v 2.0000 -16.0000 -16.0000
v 3.0000 4.0000 11.0000
v 3.0000 4.0000 10.0000
v 3.0000 3.0000 10.0000
v 3.0000 3.0000 11.0000
v 3.0000 2.0000 9.0000
v 3.0000 2.0000 10.0000
v 3.0000 4.0000 9.0000
v 2.0000 4.0000 9.0000
v 3.0000 3.0000 9.0000
v 3.0000 1.0000 8.0000
v 3.0000 1.0000 9.0000
v 3.0000 3.0000 8.0000
v 3.0000 1.0000 7.0000
v 3.0000 4.0000 8.0000
v 3.0000 5.0000 8.0000
v 3.0000 5.0000 7.0000
v 3.0000 4.0000 7.0000
v 3.0000 6.0000 8.0000
v 3.0000 6.0000 7.0000
v 3.0000 7.0000 8.0000
v 3.0000 8.0000 8.0000
v 3.0000 9.0000 8.0000
v 3.0000 9.0000 7.0000
v 3.0000 0.0000 6.0000
v 3.0000 0.0000 7.0000
v 3.0000 1.0000 6.0000
v 3.0000 4.0000 6.0000
v 3.0000 3.0000 7.0000
v 3.0000 3.0000 6.0000
v 3.0000 6.0000 6.0000
v 3.0000 8.0000 6.0000
v 3.0000 7.0000 6.0000
v 3.0000 7.0000 7.0000
v 3.0000 8.0000 7.0000
v 3.0000 10.0000 7.0000
v 3.0000 10.0000 6.0000
v 3.0000 1.0000 5.0000
v 3.0000 4.0000 5.0000
v 3.0000 3.0000 5.0000
v 3.0000 5.0000 5.0000
v 3.0000 5.0000 6.0000
v 3.0000 7.0000 5.0000
v 2.0000 7.0000 5.0000
v 3.0000 8.0000 5.0000
v 3.0000 9.0000 5.0000
v 3.0000 11.0000 6.0000
v 3.0000 11.0000 5.0000
v 3.0000 10.0000 5.0000
v 3.0000 0.0000 4.0000
v 3.0000 0.0000 5.0000
v 3.0000 1.0000 4.0000
v 3.0000 2.0000 4.0000
v 3.0000 3.0000 4.0000
v 3.0000 4.0000 4.0000
v 3.0000 6.0000 4.0000
v 3.0000 5.0000 4.0000
v 3.0000 7.0000 4.0000
v 2.0000 7.0000 4.0000
v 3.0000 6.0000 5.0000
v 3.0000 9.0000 4.0000
v 3.0000 10.0000 4.0000
v 3.0000 11.0000 4.0000
v 2.0000 -2.0000 4.0000
v 3.0000 -2.0000 3.0000
v 3.0000 -2.0000 4.0000
v 3.0000 -1.0000 4.0000
v 3.0000 0.0000 3.0000
v 3.0000 -1.0000 3.0000
v 3.0000 5.0000 3.0000
v 3.0000 4.0000 3.0000
v 3.0000 7.0000 3.0000
v 3.0000 6.0000 3.0000
v 3.0000 11.0000 3.0000
v 3.0000 10.0000 3.0000
v 3.0000 -3.0000 2.0000
v 3.0000 -3.0000 3.0000
v 3.0000 -1.0000 2.0000
v 3.0000 -2.0000 2.0000
v 3.0000 4.0000 2.0000
v 3.0000 6.0000 2.0000
v 3.0000 5.0000 2.0000
v 3.0000 7.0000 2.0000
v 3.0000 8.0000 3.0000
v 3.0000 8.0000 2.0000
v 3.0000 9.0000 3.0000
v 3.0000 9.0000 2.0000
v 3.0000 11.0000 2.0000
v 2.0000 -4.0000 2.0000
v 3.0000 -4.0000 1.0000
v 3.0000 -4.0000 2.0000
v 3.0000 -2.0000 1.0000
v 2.0000 3.0000 2.0000
v 3.0000 3.0000 1.0000
v 3.0000 3.0000 2.0000
v 3.0000 5.0000 1.0000
v 3.0000 4.0000 1.0000
v 3.0000 9.0000 1.0000
v 3.0000 11.0000 1.0000
v 3.0000 -4.0000 -0.0000
v 3.0000 -3.0000 -0.0000
v 3.0000 -2.0000 -0.0000
v 3.0000 4.0000 -0.0000
v 3.0000 3.0000 -0.0000
v 3.0000 8.0000 -0.0000
v 3.0000 8.0000 1.0000
v 3.0000 11.0000 -0.0000
v 3.0000 -2.0000 -1.0000
v 3.0000 -3.0000 -1.0000
v 2.0000 0.0000 -0.0000
v 3.0000 0.0000 -1.0000
v 3.0000 0.0000 -0.0000
v 3.0000 1.0000 -0.0000
v 2.0000 1.0000 -0.0000
v 3.0000 2.0000 -0.0000
v 2.0000 2.0000 -0.0000
v 3.0000 1.0000 -1.0000
v 3.0000 2.0000 -1.0000
v 3.0000 3.0000 -1.0000
v 3.0000 7.0000 -1.0000
v 3.0000 7.0000 -0.0000
v 3.0000 10.0000 -1.0000
v 3.0000 9.0000 -1.0000
v 3.0000 11.0000 -1.0000
v 3.0000 10.0000 -0.0000
v 3.0000 -3.0000 -2.0000
v 3.0000 -1.0000 -1.0000
v 2.0000 -1.0000 -1.0000
v 2.0000 -1.0000 -2.0000
v 3.0000 0.0000 -2.0000
v 3.0000 1.0000 -2.0000
v 3.0000 2.0000 -2.0000
v 3.0000 7.0000 -2.0000
v 3.0000 8.0000 -2.0000
v 3.0000 9.0000 -2.0000
v 3.0000 -3.0000 -3.0000
v 2.0000 -1.0000 -3.0000
v 3.0000 -1.0000 -2.0000
v 3.0000 -1.0000 -3.0000
v 3.0000 0.0000 -3.0000
v 3.0000 1.0000 -3.0000
v 3.0000 2.0000 -3.0000
v 3.0000 9.0000 -3.0000
v 3.0000 8.0000 -3.0000
v 3.0000 -3.0000 -4.0000
v 3.0000 -2.0000 -4.0000
v 3.0000 -2.0000 -3.0000
v 3.0000 -1.0000 -4.0000
v 2.0000 -1.0000 -4.0000
v 3.0000 0.0000 -4.0000
v 3.0000 1.0000 -4.0000
v 3.0000 7.0000 -4.0000
v 3.0000 7.0000 -3.0000
v 3.0000 10.0000 -3.0000
v 3.0000 10.0000 -4.0000
v 3.0000 -3.0000 -5.0000
v 3.0000 -2.0000 -5.0000
v 3.0000 -1.0000 -5.0000
v 2.0000 -1.0000 -5.0000
v 3.0000 1.0000 -5.0000
v 3.0000 0.0000 -5.0000
v 3.0000 7.0000 -5.0000
v 3.0000 8.0000 -5.0000
v 3.0000 9.0000 -5.0000
v 3.0000 8.0000 -4.0000
v 3.0000 9.0000 -4.0000
v 3.0000 11.0000 -4.0000
v 3.0000 12.0000 -4.0000
v 3.0000 12.0000 -5.0000
v 3.0000 11.0000 -5.0000
v 3.0000 -4.0000 -6.0000
v 3.0000 -4.0000 -5.0000
v 3.0000 -3.0000 -6.0000
v 3.0000 0.0000 -6.0000
v 3.0000 -1.0000 -6.0000
v 3.0000 9.0000 -6.0000
v 3.0000 10.0000 -6.0000
v 3.0000 11.0000 -6.0000
v 3.0000 -4.0000 -7.0000
v 3.0000 -3.0000 -7.0000
v 3.0000 -1.0000 -7.0000
v 3.0000 -2.0000 -7.0000
v 3.0000 -2.0000 -6.0000
v 3.0000 0.0000 -7.0000
v 3.0000 10.0000 -7.0000
v 3.0000 11.0000 -7.0000
v 3.0000 12.0000 -6.0000
v 3.0000 12.0000 -7.0000
v 3.0000 -5.0000 -8.0000
v 3.0000 -5.0000 -7.0000
v 3.0000 -2.0000 -8.0000
v 3.0000 -3.0000 -8.0000
v 3.0000 11.0000 -8.0000
v 3.0000 12.0000 -8.0000
v 3.0000 13.0000 -7.0000
v 3.0000 13.0000 -8.0000
v 3.0000 -5.0000 -9.0000
v 3.0000 -4.0000 -9.0000
v 3.0000 -4.0000 -8.0000
v 3.0000 -3.0000 -9.0000
v 3.0000 13.0000 -9.0000
v 3.0000 12.0000 -9.0000
v 3.0000 -15.0000 -9.0000
v 3.0000 -15.0000 -10.0000
v 3.0000 -16.0000 -10.0000
v 3.0000 -16.0000 -9.0000
v 3.0000 -4.0000 -10.0000
v 3.0000 -5.0000 -10.0000
v 3.0000 12.0000 -10.0000
v 3.0000 13.0000 -10.0000
v 3.0000 14.0000 -9.0000
v 3.0000 14.0000 -10.0000
v 3.0000 -16.0000 -11.0000
v 3.0000 -15.0000 -11.0000
v 3.0000 -14.0000 -10.0000
v 3.0000 -14.0000 -11.0000
v 3.0000 -8.0000 -11.0000
v 3.0000 -8.0000 -10.0000
v 3.0000 -7.0000 -10.0000
v 3.0000 -7.0000 -11.0000
v 3.0000 -6.0000 -10.0000
v 3.0000 -6.0000 -11.0000
v 3.0000 -5.0000 -11.0000
v 3.0000 -4.0000 -11.0000
v 3.0000 12.0000 -11.0000
v 3.0000 13.0000 -11.0000
v 3.0000 14.0000 -11.0000
v 3.0000 -16.0000 -12.0000
v 3.0000 -15.0000 -12.0000
v 3.0000 -14.0000 -12.0000
v 2.0000 -14.0000 -12.0000
v 3.0000 -13.0000 -11.0000
v 3.0000 -13.0000 -12.0000
v 2.0000 -13.0000 -12.0000
v 3.0000 -12.0000 -11.0000
v 3.0000 -12.0000 -12.0000
v 3.0000 -9.0000 -12.0000
v 3.0000 -9.0000 -11.0000
v 3.0000 -8.0000 -12.0000
v 3.0000 -7.0000 -12.0000
v 3.0000 -6.0000 -12.0000
v 2.0000 13.0000 -12.0000
v 3.0000 13.0000 -12.0000
v 3.0000 14.0000 -12.0000
v 3.0000 15.0000 -11.0000
v 3.0000 16.0000 -11.0000
v 3.0000 16.0000 -12.0000
v 3.0000 -16.0000 -13.0000
v 3.0000 -15.0000 -13.0000
v 3.0000 -14.0000 -13.0000
v 3.0000 -13.0000 -13.0000
v 3.0000 -12.0000 -13.0000
v 3.0000 14.0000 -13.0000
v 3.0000 15.0000 -13.0000
v 3.0000 16.0000 -13.0000
v 3.0000 -16.0000 -14.0000
v 3.0000 -14.0000 -14.0000
v 3.0000 -15.0000 -14.0000
v 3.0000 -13.0000 -14.0000
v 3.0000 -12.0000 -14.0000
v 3.0000 -15.0000 -15.0000
v 3.0000 -16.0000 -15.0000
v 3.0000 4.0000 12.0000
v 4.0000 4.0000 12.0000
v 4.0000 4.0000 11.0000
v 3.0000 3.0000 12.0000
v 4.0000 3.0000 11.0000
v 4.0000 3.0000 12.0000
v 3.0000 2.0000 11.0000
v 4.0000 2.0000 10.0000
v 4.0000 2.0000 11.0000
v 4.0000 4.0000 10.0000
v 4.0000 3.0000 10.0000
v 3.0000 -5.0000 10.0000
v 3.0000 -5.0000 9.0000
v 4.0000 -5.0000 9.0000
v 4.0000 -5.0000 10.0000
v 4.0000 -4.0000 10.0000
v 3.0000 -4.0000 10.0000
v 3.0000 -4.0000 9.0000
v 4.0000 -4.0000 9.0000
v 4.0000 -3.0000 10.0000
v 3.0000 -3.0000 10.0000
v 3.0000 -3.0000 9.0000
v 4.0000 -3.0000 9.0000
v 4.0000 -2.0000 10.0000
v 3.0000 -2.0000 10.0000
v 3.0000 -2.0000 9.0000
v 4.0000 -2.0000 9.0000
v 4.0000 -1.0000 10.0000
v 3.0000 -1.0000 10.0000
v 3.0000 -1.0000 9.0000
v 4.0000 -1.0000 9.0000
v 4.0000 0.0000 10.0000
v 3.0000 0.0000 10.0000
v 3.0000 0.0000 9.0000
v 4.0000 0.0000 9.0000
v 4.0000 1.0000 10.0000
v 3.0000 1.0000 10.0000
v 4.0000 1.0000 9.0000
v 4.0000 2.0000 9.0000
v 4.0000 3.0000 9.0000
v 4.0000 1.0000 8.0000
v 4.0000 3.0000 8.0000
v 4.0000 1.0000 7.0000
v 4.0000 2.0000 7.0000
v 4.0000 2.0000 8.0000
v 4.0000 4.0000 8.0000
v 4.0000 4.0000 7.0000
v 4.0000 3.0000 7.0000
v 4.0000 5.0000 8.0000
v 4.0000 5.0000 7.0000
v 4.0000 6.0000 8.0000
v 4.0000 7.0000 8.0000
v 4.0000 8.0000 8.0000
v 4.0000 8.0000 7.0000
v 4.0000 7.0000 7.0000
v 4.0000 9.0000 8.0000
v 4.0000 9.0000 7.0000
v 4.0000 0.0000 6.0000
v 4.0000 0.0000 7.0000
v 4.0000 1.0000 6.0000
v 4.0000 3.0000 6.0000
v 4.0000 5.0000 6.0000
v 4.0000 7.0000 6.0000
v 4.0000 8.0000 6.0000
v 4.0000 10.0000 7.0000
v 4.0000 10.0000 6.0000
v 4.0000 9.0000 6.0000
v 4.0000 1.0000 5.0000
v 4.0000 2.0000 5.0000
v 4.0000 2.0000 6.0000
v 4.0000 4.0000 6.0000
v 4.0000 4.0000 5.0000
v 4.0000 5.0000 5.0000
v 4.0000 7.0000 5.0000
v 4.0000 6.0000 5.0000
v 4.0000 8.0000 5.0000
v 4.0000 9.0000 5.0000
v 4.0000 10.0000 5.0000
v 3.0000 -2.0000 5.0000
v 4.0000 -2.0000 4.0000
v 4.0000 -2.0000 5.0000
v 4.0000 -1.0000 5.0000
v 3.0000 -1.0000 5.0000
v 4.0000 0.0000 5.0000
v 4.0000 0.0000 4.0000
v 4.0000 -1.0000 4.0000
v 4.0000 1.0000 4.0000
v 4.0000 2.0000 4.0000
v 4.0000 3.0000 4.0000
v 4.0000 4.0000 4.0000
v 4.0000 5.0000 4.0000
v 4.0000 6.0000 4.0000
v 4.0000 9.0000 4.0000
v 4.0000 11.0000 5.0000
v 4.0000 11.0000 4.0000
v 4.0000 10.0000 4.0000
v 4.0000 -1.0000 3.0000
v 4.0000 -2.0000 3.0000
v 4.0000 5.0000 3.0000
v 4.0000 4.0000 3.0000
v 4.0000 7.0000 4.0000
v 4.0000 7.0000 3.0000
v 4.0000 6.0000 3.0000
v 4.0000 9.0000 3.0000
v 4.0000 11.0000 3.0000
v 3.0000 -4.0000 3.0000
v 4.0000 -4.0000 2.0000
v 4.0000 -4.0000 3.0000
v 4.0000 -3.0000 3.0000
v 4.0000 -3.0000 2.0000
v 4.0000 -2.0000 2.0000
v 4.0000 -1.0000 2.0000
v 3.0000 3.0000 3.0000
v 4.0000 3.0000 2.0000
v 4.0000 3.0000 3.0000
v 4.0000 5.0000 2.0000
v 4.0000 4.0000 2.0000
v 4.0000 6.0000 2.0000
v 4.0000 9.0000 2.0000
v 4.0000 11.0000 2.0000
v 4.0000 -4.0000 1.0000
v 4.0000 -2.0000 1.0000
v 4.0000 -3.0000 1.0000
v 4.0000 4.0000 1.0000
v 4.0000 3.0000 1.0000
v 4.0000 6.0000 1.0000
v 3.0000 6.0000 1.0000
v 4.0000 5.0000 1.0000
v 4.0000 9.0000 1.0000
v 4.0000 11.0000 1.0000
v 4.0000 -4.0000 -0.0000
v 4.0000 -3.0000 -0.0000
v 4.0000 -2.0000 -0.0000
v 3.0000 0.0000 1.0000
v 4.0000 0.0000 -0.0000
v 4.0000 0.0000 1.0000
v 4.0000 1.0000 1.0000
v 3.0000 1.0000 1.0000
v 4.0000 2.0000 1.0000
v 3.0000 2.0000 1.0000
v 4.0000 2.0000 -0.0000
v 4.0000 1.0000 -0.0000
v 4.0000 3.0000 -0.0000
v 4.0000 6.0000 -0.0000
v 3.0000 6.0000 -0.0000
v 3.0000 5.0000 -0.0000
v 4.0000 5.0000 -0.0000
v 4.0000 8.0000 -0.0000
v 4.0000 8.0000 1.0000
v 4.0000 11.0000 -0.0000
v 4.0000 10.0000 -0.0000
v 4.0000 10.0000 1.0000
v 4.0000 -2.0000 -1.0000
v 4.0000 -3.0000 -1.0000
v 3.0000 -1.0000 -0.0000
v 4.0000 -1.0000 -1.0000
v 4.0000 -1.0000 -0.0000
v 4.0000 1.0000 -1.0000
v 4.0000 0.0000 -1.0000
v 3.0000 6.0000 -1.0000
v 4.0000 6.0000 -1.0000
v 4.0000 7.0000 -0.0000
v 4.0000 7.0000 -1.0000
v 4.0000 10.0000 -1.0000
v 4.0000 9.0000 -1.0000
v 4.0000 9.0000 -0.0000
v 4.0000 -3.0000 -2.0000
v 4.0000 -2.0000 -2.0000
v 4.0000 -1.0000 -2.0000
v 4.0000 0.0000 -2.0000
v 4.0000 7.0000 -2.0000
v 4.0000 8.0000 -2.0000
v 4.0000 9.0000 -2.0000
v 4.0000 -3.0000 -3.0000
v 4.0000 -2.0000 -3.0000
v 4.0000 -1.0000 -3.0000
v 4.0000 9.0000 -3.0000
v 4.0000 8.0000 -3.0000
v 4.0000 7.0000 -4.0000
v 4.0000 7.0000 -3.0000
v 4.0000 9.0000 -4.0000
v 4.0000 8.0000 -4.0000
v 4.0000 10.0000 -3.0000
v 4.0000 10.0000 -4.0000
v 4.0000 0.0000 -4.0000
v 4.0000 0.0000 -5.0000
v 4.0000 -1.0000 -5.0000
v 4.0000 -1.0000 -4.0000
v 4.0000 8.0000 -5.0000
v 4.0000 7.0000 -5.0000
v 4.0000 9.0000 -5.0000
v 4.0000 11.0000 -4.0000
v 4.0000 12.0000 -4.0000
v 4.0000 12.0000 -5.0000
v 4.0000 11.0000 -5.0000
v 4.0000 -3.0000 -6.0000
v 4.0000 -3.0000 -5.0000
v 4.0000 -2.0000 -5.0000
v 4.0000 -2.0000 -6.0000
v 4.0000 -1.0000 -6.0000
v 4.0000 9.0000 -6.0000
v 4.0000 10.0000 -6.0000
v 4.0000 11.0000 -6.0000
v 4.0000 -2.0000 -7.0000
v 4.0000 -3.0000 -7.0000
v 4.0000 10.0000 -7.0000
v 4.0000 11.0000 -7.0000
v 4.0000 12.0000 -6.0000
v 4.0000 12.0000 -7.0000
v 4.0000 -5.0000 -8.0000
v 4.0000 -5.0000 -7.0000
v 4.0000 -4.0000 -7.0000
v 4.0000 -4.0000 -8.0000
v 4.0000 -3.0000 -8.0000
v 4.0000 11.0000 -8.0000
v 4.0000 12.0000 -8.0000
v 4.0000 13.0000 -7.0000
v 4.0000 13.0000 -8.0000
v 4.0000 13.0000 -9.0000
v 4.0000 12.0000 -9.0000
v 4.0000 14.0000 -9.0000
v 4.0000 14.0000 -10.0000
v 4.0000 13.0000 -10.0000
v 4.0000 14.0000 -11.0000
v 4.0000 13.0000 -11.0000
v 4.0000 -15.0000 -11.0000
v 4.0000 -15.0000 -12.0000
v 4.0000 -16.0000 -12.0000
v 4.0000 -16.0000 -11.0000
v 4.0000 13.0000 -12.0000
v 4.0000 14.0000 -12.0000
v 4.0000 15.0000 -11.0000
v 4.0000 16.0000 -11.0000
v 4.0000 16.0000 -12.0000
v 4.0000 -15.0000 -13.0000
v 4.0000 -16.0000 -13.0000
v 4.0000 14.0000 -13.0000
v 4.0000 15.0000 -13.0000
v 4.0000 15.0000 -12.0000
v 4.0000 16.0000 -13.0000
v 4.0000 -15.0000 -14.0000
v 4.0000 -16.0000 -14.0000
v 5.0000 2.0000 10.0000
v 5.0000 2.0000 11.0000
v 5.0000 3.0000 11.0000
v 5.0000 3.0000 10.0000
v 5.0000 4.0000 11.0000
v 5.0000 4.0000 10.0000
v 5.0000 2.0000 9.0000
v 5.0000 4.0000 9.0000
v 4.0000 4.0000 9.0000
v 5.0000 3.0000 9.0000
v 5.0000 1.0000 8.0000
v 5.0000 1.0000 9.0000
v 5.0000 2.0000 8.0000
v 5.0000 3.0000 8.0000
v 5.0000 2.0000 7.0000
v 5.0000 4.0000 8.0000
v 5.0000 3.0000 7.0000
v 5.0000 4.0000 7.0000
v 5.0000 5.0000 8.0000
v 5.0000 5.0000 7.0000
v 5.0000 6.0000 8.0000
v 5.0000 6.0000 7.0000
v 5.0000 7.0000 8.0000
v 5.0000 7.0000 7.0000
v 5.0000 8.0000 8.0000
v 5.0000 8.0000 7.0000
v 5.0000 0.0000 6.0000
v 5.0000 0.0000 7.0000
v 5.0000 1.0000 7.0000
v 5.0000 1.0000 6.0000
v 5.0000 2.0000 6.0000
v 5.0000 5.0000 6.0000
v 5.0000 4.0000 6.0000
v 5.0000 8.0000 6.0000
v 5.0000 7.0000 6.0000
v 5.0000 9.0000 7.0000
v 5.0000 9.0000 6.0000
v 5.0000 0.0000 5.0000
v 4.0000 -1.0000 6.0000
v 5.0000 -1.0000 5.0000
v 5.0000 -1.0000 6.0000
v 5.0000 2.0000 5.0000
v 5.0000 4.0000 5.0000
v 5.0000 5.0000 5.0000
v 5.0000 7.0000 5.0000
v 5.0000 6.0000 5.0000
v 5.0000 8.0000 5.0000
v 5.0000 10.0000 6.0000
v 5.0000 10.0000 5.0000
v 5.0000 9.0000 5.0000
v 5.0000 -2.0000 4.0000
v 5.0000 -2.0000 5.0000
v 5.0000 -1.0000 4.0000
v 5.0000 1.0000 5.0000
v 5.0000 1.0000 4.0000
v 5.0000 0.0000 4.0000
v 5.0000 2.0000 4.0000
v 5.0000 3.0000 4.0000
v 5.0000 4.0000 4.0000
v 5.0000 6.0000 4.0000
v 5.0000 5.0000 4.0000
v 4.0000 8.0000 4.0000
v 5.0000 8.0000 4.0000
v 5.0000 10.0000 4.0000
v 5.0000 -2.0000 3.0000
v 4.0000 -3.0000 4.0000
v 5.0000 -3.0000 3.0000
v 5.0000 -3.0000 4.0000
v 5.0000 0.0000 3.0000
v 4.0000 0.0000 3.0000
v 5.0000 -1.0000 3.0000
v 5.0000 3.0000 3.0000
v 5.0000 5.0000 3.0000
v 5.0000 4.0000 3.0000
v 5.0000 7.0000 4.0000
v 5.0000 7.0000 3.0000
v 5.0000 6.0000 3.0000
v 4.0000 8.0000 3.0000
v 5.0000 8.0000 3.0000
v 5.0000 11.0000 4.0000
v 5.0000 11.0000 3.0000
v 5.0000 10.0000 3.0000
v 5.0000 -3.0000 2.0000
v 5.0000 -4.0000 2.0000
v 5.0000 -4.0000 3.0000
v 4.0000 2.0000 3.0000
v 4.0000 2.0000 2.0000
v 5.0000 2.0000 2.0000
v 5.0000 2.0000 3.0000
v 5.0000 4.0000 2.0000
v 5.0000 3.0000 2.0000
v 5.0000 6.0000 2.0000
v 5.0000 5.0000 2.0000
v 4.0000 8.0000 2.0000
v 5.0000 8.0000 2.0000
v 5.0000 11.0000 2.0000
v 5.0000 10.0000 2.0000
v 5.0000 -3.0000 1.0000
v 5.0000 -4.0000 1.0000
v 4.0000 0.0000 2.0000
v 5.0000 0.0000 1.0000
v 5.0000 0.0000 2.0000
v 5.0000 1.0000 2.0000
v 4.0000 1.0000 2.0000
v 5.0000 2.0000 1.0000
v 5.0000 1.0000 1.0000
v 5.0000 3.0000 1.0000
v 5.0000 6.0000 1.0000
v 5.0000 5.0000 1.0000
v 5.0000 8.0000 1.0000
v 5.0000 11.0000 1.0000
v 5.0000 10.0000 1.0000
v 5.0000 -2.0000 1.0000
v 5.0000 -2.0000 -0.0000
v 5.0000 -3.0000 -0.0000
v 4.0000 -1.0000 1.0000
v 5.0000 -1.0000 -0.0000
v 5.0000 -1.0000 1.0000
v 5.0000 1.0000 -0.0000
v 5.0000 0.0000 -0.0000
v 5.0000 6.0000 -0.0000
v 5.0000 5.0000 -0.0000
v 5.0000 8.0000 -0.0000
v 5.0000 10.0000 -0.0000
v 5.0000 9.0000 -0.0000
v 5.0000 9.0000 1.0000
v 5.0000 -3.0000 -1.0000
v 5.0000 -2.0000 -1.0000
v 5.0000 -1.0000 -1.0000
v 5.0000 0.0000 -1.0000
v 5.0000 6.0000 -1.0000
v 5.0000 7.0000 -0.0000
v 5.0000 7.0000 -1.0000
v 5.0000 9.0000 -1.0000
v 5.0000 8.0000 -1.0000
v 5.0000 7.0000 -2.0000
v 5.0000 8.0000 -2.0000
v 5.0000 9.0000 -2.0000
v 5.0000 8.0000 -3.0000
v 4.0000 10.0000 -2.0000
v 5.0000 10.0000 -2.0000
v 5.0000 10.0000 -3.0000
v 5.0000 7.0000 -4.0000
v 5.0000 7.0000 -3.0000
v 5.0000 8.0000 -4.0000
v 5.0000 9.0000 -4.0000
v 4.0000 11.0000 -3.0000
v 5.0000 11.0000 -3.0000
v 5.0000 11.0000 -4.0000
v 5.0000 10.0000 -4.0000
v 5.0000 8.0000 -5.0000
v 5.0000 7.0000 -5.0000
v 5.0000 9.0000 -5.0000
v 5.0000 10.0000 -5.0000
v 5.0000 11.0000 -5.0000
v 5.0000 9.0000 -6.0000
v 5.0000 10.0000 -6.0000
v 5.0000 11.0000 -6.0000
v 5.0000 11.0000 -7.0000
v 5.0000 12.0000 -6.0000
v 5.0000 12.0000 -7.0000
v 4.0000 13.0000 -6.0000
v 5.0000 13.0000 -6.0000
v 5.0000 13.0000 -7.0000
v 4.0000 14.0000 -7.0000
v 5.0000 14.0000 -7.0000
v 5.0000 14.0000 -8.0000
v 4.0000 14.0000 -8.0000
v 5.0000 13.0000 -8.0000
v 5.0000 14.0000 -9.0000
v 5.0000 13.0000 -9.0000
v 4.0000 15.0000 -9.0000
v 5.0000 15.0000 -9.0000
v 5.0000 15.0000 -10.0000
v 4.0000 15.0000 -10.0000
v 5.0000 14.0000 -10.0000
v 5.0000 14.0000 -11.0000
v 4.0000 16.0000 -10.0000
v 5.0000 16.0000 -10.0000
v 5.0000 16.0000 -11.0000
v 5.0000 14.0000 -12.0000
v 5.0000 15.0000 -12.0000
v 5.0000 15.0000 -11.0000
v 5.0000 16.0000 -12.0000
v 6.0000 2.0000 9.0000
v 6.0000 2.0000 10.0000
v 6.0000 3.0000 10.0000
v 6.0000 4.0000 10.0000
v 6.0000 4.0000 9.0000
v 6.0000 2.0000 8.0000
v 6.0000 4.0000 8.0000
v 6.0000 3.0000 8.0000
v 6.0000 1.0000 7.0000
v 6.0000 1.0000 8.0000
v 6.0000 2.0000 7.0000
v 6.0000 3.0000 7.0000
v 6.0000 1.0000 6.0000
v 6.0000 2.0000 6.0000
v 6.0000 4.0000 7.0000
v 6.0000 5.0000 7.0000
v 6.0000 4.0000 6.0000
v 6.0000 5.0000 6.0000
v 6.0000 6.0000 7.0000
v 6.0000 6.0000 6.0000
v 6.0000 7.0000 7.0000
v 6.0000 7.0000 6.0000
v 6.0000 8.0000 7.0000
v 6.0000 8.0000 6.0000
v 6.0000 -1.0000 5.0000
v 6.0000 -1.0000 6.0000
v 6.0000 0.0000 6.0000
v 6.0000 0.0000 5.0000
v 6.0000 1.0000 5.0000
v 6.0000 2.0000 5.0000
v 6.0000 5.0000 5.0000
v 6.0000 4.0000 5.0000
v 6.0000 6.0000 5.0000
v 6.0000 7.0000 5.0000
v 6.0000 8.0000 5.0000
v 6.0000 9.0000 6.0000
v 6.0000 9.0000 5.0000
v 5.0000 -15.0000 5.0000
v 6.0000 -15.0000 5.0000
v 6.0000 -15.0000 4.0000
v 5.0000 -15.0000 4.0000
v 5.0000 -16.0000 5.0000
v 5.0000 -16.0000 4.0000
v 6.0000 -16.0000 4.0000
v 6.0000 -16.0000 5.0000
v 6.0000 -2.0000 4.0000
v 6.0000 -2.0000 5.0000
v 6.0000 -1.0000 4.0000
v 6.0000 1.0000 4.0000
v 6.0000 0.0000 4.0000
v 6.0000 2.0000 4.0000
v 6.0000 3.0000 4.0000
v 6.0000 3.0000 5.0000
v 6.0000 4.0000 4.0000
v 6.0000 5.0000 4.0000
v 6.0000 6.0000 4.0000
v 6.0000 8.0000 4.0000
v 6.0000 7.0000 4.0000
v 6.0000 9.0000 4.0000
v 6.0000 10.0000 5.0000
v 6.0000 10.0000 4.0000
v 6.0000 -15.0000 3.0000
v 5.0000 -15.0000 3.0000
v 5.0000 -16.0000 3.0000
v 6.0000 -16.0000 3.0000
v 6.0000 -2.0000 3.0000
v 6.0000 -3.0000 3.0000
v 6.0000 -3.0000 4.0000
v 6.0000 0.0000 3.0000
v 6.0000 -1.0000 3.0000
v 6.0000 2.0000 3.0000
v 6.0000 4.0000 3.0000
v 6.0000 3.0000 3.0000
v 6.0000 5.0000 3.0000
v 6.0000 7.0000 3.0000
v 6.0000 6.0000 3.0000
v 6.0000 8.0000 3.0000
v 6.0000 10.0000 3.0000
v 6.0000 9.0000 3.0000
v 6.0000 -15.0000 2.0000
v 5.0000 -15.0000 2.0000
v 5.0000 -16.0000 2.0000
v 6.0000 -16.0000 2.0000
v 5.0000 -5.0000 3.0000
v 5.0000 -5.0000 2.0000
v 6.0000 -5.0000 2.0000
v 6.0000 -5.0000 3.0000
v 6.0000 -4.0000 3.0000
v 6.0000 -3.0000 2.0000
v 5.0000 1.0000 3.0000
v 6.0000 1.0000 2.0000
v 6.0000 1.0000 3.0000
v 6.0000 3.0000 2.0000
v 6.0000 2.0000 2.0000
v 6.0000 4.0000 2.0000
v 6.0000 5.0000 2.0000
v 6.0000 6.0000 2.0000
v 6.0000 8.0000 2.0000
v 6.0000 10.0000 2.0000
v 6.0000 9.0000 2.0000
v 5.0000 -5.0000 1.0000
v 6.0000 -5.0000 1.0000
v 6.0000 -4.0000 1.0000
v 6.0000 -3.0000 1.0000
v 5.0000 -1.0000 2.0000
v 6.0000 -1.0000 1.0000
v 6.0000 -1.0000 2.0000
v 6.0000 0.0000 2.0000
v 6.0000 1.0000 1.0000
v 6.0000 0.0000 1.0000
v 6.0000 2.0000 1.0000
v 6.0000 6.0000 1.0000
v 6.0000 5.0000 1.0000
v 6.0000 8.0000 1.0000
v 6.0000 10.0000 1.0000
v 6.0000 9.0000 1.0000
v 6.0000 -3.0000 -0.0000
v 6.0000 -2.0000 1.0000
v 6.0000 -2.0000 -0.0000
v 6.0000 -1.0000 -0.0000
v 6.0000 0.0000 -0.0000
v 6.0000 5.0000 -0.0000
v 6.0000 7.0000 1.0000
v 5.0000 7.0000 1.0000
v 6.0000 7.0000 -0.0000
v 6.0000 8.0000 -0.0000
v 6.0000 9.0000 -0.0000
v 5.0000 3.0000 -0.0000
v 5.0000 3.0000 -1.0000
v 6.0000 3.0000 -1.0000
v 6.0000 3.0000 -0.0000
v 6.0000 4.0000 -0.0000
v 5.0000 4.0000 -0.0000
v 5.0000 4.0000 -1.0000
v 6.0000 4.0000 -1.0000
v 5.0000 5.0000 -1.0000
v 6.0000 5.0000 -1.0000
v 6.0000 6.0000 -1.0000
v 6.0000 6.0000 -0.0000
v 6.0000 7.0000 -1.0000
v 6.0000 8.0000 -1.0000
v 6.0000 7.0000 -2.0000
v 6.0000 9.0000 -1.0000
v 6.0000 9.0000 -2.0000
v 6.0000 7.0000 -3.0000
v 6.0000 8.0000 -3.0000
v 6.0000 10.0000 -2.0000
v 5.0000 11.0000 -2.0000
v 6.0000 11.0000 -2.0000
v 6.0000 11.0000 -3.0000
v 6.0000 10.0000 -3.0000
v 6.0000 8.0000 -4.0000
v 6.0000 9.0000 -4.0000
v 6.0000 10.0000 -4.0000
v 6.0000 11.0000 -4.0000
v 6.0000 11.0000 -5.0000
v 6.0000 10.0000 -5.0000
v 6.0000 10.0000 -6.0000
v 6.0000 11.0000 -6.0000
v 6.0000 12.0000 -5.0000
v 5.0000 12.0000 -5.0000
v 6.0000 12.0000 -6.0000
v 5.0000 13.0000 -5.0000
v 6.0000 13.0000 -5.0000
v 6.0000 13.0000 -6.0000
v 6.0000 13.0000 -7.0000
v 6.0000 12.0000 -7.0000
v 6.0000 14.0000 -7.0000
v 6.0000 14.0000 -8.0000
v 6.0000 13.0000 -8.0000
v 6.0000 14.0000 -9.0000
v 6.0000 13.0000 -9.0000
v 6.0000 15.0000 -9.0000
v 6.0000 15.0000 -10.0000
v 6.0000 14.0000 -10.0000
v 6.0000 14.0000 -11.0000
v 6.0000 15.0000 -11.0000
v 6.0000 16.0000 -10.0000
v 6.0000 16.0000 -11.0000
v 7.0000 2.0000 9.0000
v 7.0000 2.0000 10.0000
v 7.0000 3.0000 10.0000
v 7.0000 3.0000 9.0000
v 7.0000 4.0000 10.0000
v 7.0000 4.0000 9.0000
v 7.0000 2.0000 8.0000
v 7.0000 3.0000 8.0000
v 7.0000 4.0000 8.0000
v 7.0000 2.0000 7.0000
v 6.0000 5.0000 8.0000
v 7.0000 5.0000 8.0000
v 7.0000 5.0000 7.0000
v 7.0000 4.0000 7.0000
v 7.0000 2.0000 6.0000
v 7.0000 4.0000 6.0000
v 6.0000 -15.0000 6.0000
v 7.0000 -15.0000 6.0000
v 7.0000 -15.0000 5.0000
v 6.0000 -16.0000 6.0000
v 7.0000 -16.0000 5.0000
v 7.0000 -16.0000 6.0000
v 7.0000 0.0000 6.0000
v 7.0000 0.0000 5.0000
v 7.0000 -1.0000 5.0000
v 7.0000 -1.0000 6.0000
v 7.0000 2.0000 5.0000
v 7.0000 3.0000 5.0000
v 7.0000 4.0000 5.0000
v 7.0000 -16.0000 4.0000
v 7.0000 -14.0000 5.0000
v 6.0000 -14.0000 5.0000
v 7.0000 -15.0000 4.0000
v 7.0000 -14.0000 4.0000
v 6.0000 -14.0000 4.0000
v 7.0000 -13.0000 5.0000
v 6.0000 -13.0000 5.0000
v 7.0000 -13.0000 4.0000
v 6.0000 -13.0000 4.0000
v 6.0000 -12.0000 5.0000
v 7.0000 -12.0000 5.0000
v 7.0000 -12.0000 4.0000
v 6.0000 -12.0000 4.0000
v 7.0000 -2.0000 4.0000
v 7.0000 -2.0000 5.0000
v 7.0000 1.0000 5.0000
v 7.0000 2.0000 4.0000
v 7.0000 1.0000 4.0000
v 7.0000 3.0000 4.0000
v 7.0000 4.0000 4.0000
v 7.0000 5.0000 5.0000
v 7.0000 6.0000 5.0000
v 7.0000 6.0000 4.0000
v 7.0000 5.0000 4.0000
v 7.0000 7.0000 5.0000
v 7.0000 8.0000 5.0000
v 7.0000 8.0000 4.0000
v 7.0000 7.0000 4.0000
v 7.0000 -16.0000 3.0000
v 7.0000 -15.0000 3.0000
v 7.0000 -14.0000 3.0000
v 6.0000 -14.0000 3.0000
v 7.0000 -13.0000 3.0000
v 6.0000 -13.0000 3.0000
v 7.0000 -12.0000 3.0000
v 6.0000 -12.0000 3.0000
v 7.0000 -3.0000 3.0000
v 7.0000 -3.0000 4.0000
v 7.0000 0.0000 3.0000
v 7.0000 -1.0000 3.0000
v 7.0000 1.0000 3.0000
v 7.0000 3.0000 3.0000
v 7.0000 2.0000 3.0000
v 7.0000 5.0000 3.0000
v 7.0000 4.0000 3.0000
v 7.0000 6.0000 3.0000
v 7.0000 7.0000 3.0000
v 7.0000 9.0000 4.0000
v 7.0000 9.0000 3.0000
v 7.0000 8.0000 3.0000
v 7.0000 -16.0000 2.0000
v 6.0000 -14.0000 2.0000
v 7.0000 -14.0000 2.0000
v 7.0000 -15.0000 2.0000
v 6.0000 -13.0000 2.0000
v 7.0000 -13.0000 2.0000
v 7.0000 -12.0000 2.0000
v 6.0000 -12.0000 2.0000
v 6.0000 -6.0000 3.0000
v 6.0000 -6.0000 2.0000
v 7.0000 -6.0000 2.0000
v 7.0000 -6.0000 3.0000
v 7.0000 -5.0000 3.0000
v 7.0000 -5.0000 2.0000
v 7.0000 -4.0000 3.0000
v 7.0000 -3.0000 2.0000
v 7.0000 -2.0000 2.0000
v 7.0000 -2.0000 3.0000
v 6.0000 -2.0000 2.0000
v 7.0000 -1.0000 2.0000
v 7.0000 1.0000 2.0000
v 7.0000 2.0000 2.0000
v 7.0000 3.0000 2.0000
v 7.0000 5.0000 2.0000
v 7.0000 4.0000 2.0000
v 6.0000 7.0000 2.0000
v 7.0000 7.0000 2.0000
v 7.0000 9.0000 2.0000
v 7.0000 -15.0000 1.0000
v 6.0000 -15.0000 1.0000
v 6.0000 -16.0000 1.0000
v 7.0000 -16.0000 1.0000
v 7.0000 -5.0000 1.0000
v 7.0000 -4.0000 1.0000
v 7.0000 -4.0000 2.0000
v 7.0000 -3.0000 1.0000
v 7.0000 -1.0000 1.0000
v 7.0000 -2.0000 1.0000
v 7.0000 0.0000 2.0000
v 7.0000 0.0000 1.0000
v 7.0000 1.0000 1.0000
v 7.0000 6.0000 2.0000
v 7.0000 6.0000 1.0000
v 7.0000 5.0000 1.0000
v 7.0000 7.0000 1.0000
v 7.0000 8.0000 1.0000
v 7.0000 9.0000 1.0000
v 7.0000 -2.0000 -0.0000
v 7.0000 -3.0000 -0.0000
v 7.0000 5.0000 -0.0000
v 7.0000 6.0000 -0.0000
v 7.0000 7.0000 -0.0000
v 7.0000 7.0000 -1.0000
v 7.0000 6.0000 -1.0000
v 7.0000 7.0000 -2.0000
v 7.0000 8.0000 -1.0000
v 7.0000 9.0000 -1.0000
v 6.0000 10.0000 -1.0000
v 7.0000 10.0000 -1.0000
v 7.0000 10.0000 -2.0000
v 7.0000 7.0000 -3.0000
v 7.0000 8.0000 -2.0000
v 7.0000 8.0000 -3.0000
v 7.0000 9.0000 -3.0000
v 7.0000 9.0000 -2.0000
v 7.0000 10.0000 -3.0000
v 6.0000 7.0000 -4.0000
v 7.0000 7.0000 -4.0000
v 7.0000 8.0000 -4.0000
v 7.0000 9.0000 -4.0000
v 7.0000 10.0000 -4.0000
v 7.0000 10.0000 -5.0000
v 7.0000 11.0000 -4.0000
v 6.0000 12.0000 -4.0000
v 7.0000 12.0000 -4.0000
v 7.0000 12.0000 -5.0000
v 7.0000 11.0000 -5.0000
v 7.0000 11.0000 -6.0000
v 7.0000 10.0000 -6.0000
v 7.0000 13.0000 -5.0000
v 7.0000 13.0000 -6.0000
v 7.0000 12.0000 -6.0000
v 7.0000 13.0000 -7.0000
v 7.0000 12.0000 -7.0000
v 7.0000 14.0000 -7.0000
v 7.0000 14.0000 -8.0000
v 7.0000 13.0000 -8.0000
v 7.0000 14.0000 -9.0000
v 7.0000 13.0000 -9.0000
v 7.0000 15.0000 -9.0000
v 7.0000 15.0000 -10.0000
v 7.0000 14.0000 -10.0000
v 7.0000 14.0000 -11.0000
v 7.0000 15.0000 -11.0000
v 7.0000 16.0000 -10.0000
v 7.0000 16.0000 -11.0000
v 8.0000 3.0000 9.0000
v 8.0000 3.0000 10.0000
v 8.0000 4.0000 10.0000
v 8.0000 5.0000 10.0000
v 7.0000 5.0000 10.0000
v 8.0000 4.0000 9.0000
v 8.0000 5.0000 9.0000
v 7.0000 5.0000 9.0000
v 7.0000 6.0000 10.0000
v 8.0000 6.0000 10.0000
v 8.0000 6.0000 9.0000
v 7.0000 6.0000 9.0000
v 8.0000 3.0000 8.0000
v 8.0000 4.0000 8.0000
v 8.0000 5.0000 8.0000
v 8.0000 6.0000 8.0000
v 7.0000 6.0000 8.0000
v 8.0000 2.0000 7.0000
v 8.0000 2.0000 8.0000
v 8.0000 4.0000 7.0000
v 8.0000 5.0000 7.0000
v 8.0000 6.0000 7.0000
v 7.0000 6.0000 7.0000
v 7.0000 7.0000 8.0000
v 8.0000 7.0000 8.0000
v 8.0000 7.0000 7.0000
v 7.0000 7.0000 7.0000
v 7.0000 -15.0000 7.0000
v 8.0000 -15.0000 7.0000
v 8.0000 -15.0000 6.0000
v 7.0000 -16.0000 7.0000
v 8.0000 -16.0000 6.0000
v 8.0000 -16.0000 7.0000
v 8.0000 2.0000 6.0000
v 7.0000 5.0000 6.0000
v 7.0000 6.0000 6.0000
v 8.0000 7.0000 6.0000
v 7.0000 7.0000 6.0000
v 8.0000 6.0000 6.0000
v 8.0000 -16.0000 5.0000
v 8.0000 -14.0000 6.0000
v 7.0000 -14.0000 6.0000
v 8.0000 -14.0000 5.0000
v 8.0000 -15.0000 5.0000
v 8.0000 -13.0000 6.0000
v 7.0000 -13.0000 6.0000
v 8.0000 -13.0000 5.0000
v 7.0000 -12.0000 6.0000
v 8.0000 -12.0000 6.0000
v 8.0000 -12.0000 5.0000
v 8.0000 2.0000 5.0000
v 8.0000 3.0000 5.0000
v 8.0000 7.0000 5.0000
v 8.0000 6.0000 5.0000
v 8.0000 -15.0000 4.0000
v 8.0000 -16.0000 4.0000
v 8.0000 -12.0000 4.0000
v 8.0000 -11.0000 5.0000
v 7.0000 -11.0000 5.0000
v 7.0000 -11.0000 4.0000
v 8.0000 -10.0000 5.0000
v 7.0000 -10.0000 5.0000
v 7.0000 -10.0000 4.0000
v 8.0000 -9.0000 5.0000
v 7.0000 -9.0000 5.0000
v 7.0000 -9.0000 4.0000
v 8.0000 -8.0000 5.0000
v 7.0000 -8.0000 5.0000
v 7.0000 -8.0000 4.0000
v 7.0000 -7.0000 5.0000
v 8.0000 -7.0000 5.0000
v 8.0000 -7.0000 4.0000
v 7.0000 -7.0000 4.0000
v 7.0000 -3.0000 5.0000
v 8.0000 -3.0000 4.0000
v 8.0000 -3.0000 5.0000
v 8.0000 -2.0000 5.0000
v 8.0000 -1.0000 5.0000
v 8.0000 0.0000 5.0000
v 8.0000 1.0000 5.0000
v 8.0000 1.0000 4.0000
v 8.0000 3.0000 4.0000
v 8.0000 4.0000 4.0000
v 8.0000 7.0000 4.0000
v 8.0000 -15.0000 3.0000
v 8.0000 -16.0000 3.0000
v 8.0000 -12.0000 3.0000
v 8.0000 -11.0000 3.0000
v 8.0000 -11.0000 4.0000
v 7.0000 -11.0000 3.0000
v 8.0000 -10.0000 3.0000
v 8.0000 -10.0000 4.0000
v 7.0000 -10.0000 3.0000
v 7.0000 -9.0000 3.0000
v 8.0000 -9.0000 3.0000
v 8.0000 -9.0000 4.0000
v 7.0000 -8.0000 3.0000
v 8.0000 -8.0000 3.0000
v 8.0000 -8.0000 4.0000
v 7.0000 -7.0000 3.0000
v 8.0000 -7.0000 3.0000
v 8.0000 -6.0000 4.0000
v 7.0000 -6.0000 4.0000
v 8.0000 -6.0000 3.0000
v 8.0000 -5.0000 4.0000
v 7.0000 -5.0000 4.0000
v 8.0000 -5.0000 3.0000
v 8.0000 -4.0000 4.0000
v 7.0000 -4.0000 4.0000
v 8.0000 -4.0000 3.0000
v 8.0000 -3.0000 3.0000
v 8.0000 -2.0000 3.0000
v 8.0000 2.0000 4.0000
v 8.0000 3.0000 3.0000
v 8.0000 2.0000 3.0000
v 8.0000 4.0000 3.0000
v 8.0000 7.0000 3.0000
v 8.0000 6.0000 3.0000
v 8.0000 8.0000 4.0000
v 8.0000 8.0000 3.0000
v 8.0000 -15.0000 2.0000
v 8.0000 -16.0000 2.0000
v 8.0000 -12.0000 2.0000
v 7.0000 -11.0000 2.0000
v 8.0000 -11.0000 2.0000
v 8.0000 -10.0000 2.0000
v 7.0000 -10.0000 2.0000
v 7.0000 -7.0000 2.0000
v 8.0000 -7.0000 2.0000
v 8.0000 -6.0000 2.0000
v 8.0000 -5.0000 2.0000
v 8.0000 -4.0000 2.0000
v 8.0000 -3.0000 2.0000
v 8.0000 -2.0000 2.0000
v 8.0000 0.0000 2.0000
v 8.0000 -1.0000 2.0000
v 8.0000 1.0000 2.0000
v 8.0000 2.0000 2.0000
v 8.0000 1.0000 3.0000
v 8.0000 4.0000 2.0000
v 8.0000 5.0000 2.0000
v 8.0000 6.0000 2.0000
v 8.0000 7.0000 2.0000
v 8.0000 9.0000 3.0000
v 8.0000 9.0000 2.0000
v 8.0000 -16.0000 1.0000
v 8.0000 -14.0000 2.0000
v 7.0000 -14.0000 1.0000
v 8.0000 -14.0000 1.0000
v 8.0000 -15.0000 1.0000
v 8.0000 -13.0000 2.0000
v 7.0000 -13.0000 1.0000
v 8.0000 -13.0000 1.0000
v 8.0000 -12.0000 1.0000
v 7.0000 -12.0000 1.0000
v 8.0000 -4.0000 1.0000
v 8.0000 -3.0000 1.0000
v 8.0000 -2.0000 1.0000
v 8.0000 -1.0000 1.0000
v 8.0000 6.0000 1.0000
v 8.0000 5.0000 1.0000
v 8.0000 7.0000 1.0000
v 8.0000 9.0000 1.0000
v 8.0000 -15.0000 -0.0000
v 7.0000 -15.0000 -0.0000
v 7.0000 -16.0000 -0.0000
v 8.0000 -16.0000 -0.0000
v 8.0000 6.0000 -0.0000
v 7.0000 8.0000 -0.0000
v 8.0000 9.0000 -0.0000
v 7.0000 9.0000 -0.0000
v 8.0000 6.0000 -1.0000
v 8.0000 7.0000 -1.0000
v 8.0000 8.0000 -0.0000
v 8.0000 8.0000 -1.0000
v 8.0000 9.0000 -1.0000
v 7.0000 10.0000 -0.0000
v 8.0000 10.0000 -0.0000
v 8.0000 10.0000 -1.0000
v 8.0000 7.0000 -2.0000
v 8.0000 9.0000 -2.0000
v 8.0000 8.0000 -2.0000
v 8.0000 10.0000 -2.0000
v 8.0000 8.0000 -3.0000
v 8.0000 7.0000 -3.0000
v 8.0000 10.0000 -3.0000
v 8.0000 9.0000 -3.0000
v 8.0000 8.0000 -4.0000
v 8.0000 9.0000 -4.0000
v 8.0000 10.0000 -4.0000
v 7.0000 11.0000 -3.0000
v 8.0000 11.0000 -3.0000
v 8.0000 11.0000 -4.0000
v 7.0000 8.0000 -5.0000
v 8.0000 8.0000 -5.0000
v 7.0000 9.0000 -5.0000
v 8.0000 9.0000 -5.0000
v 8.0000 10.0000 -5.0000
v 8.0000 11.0000 -5.0000
v 8.0000 12.0000 -4.0000
v 8.0000 12.0000 -5.0000
v 7.0000 13.0000 -4.0000
v 8.0000 13.0000 -4.0000
v 8.0000 13.0000 -5.0000
v 8.0000 10.0000 -6.0000
v 8.0000 11.0000 -6.0000
v 8.0000 12.0000 -6.0000
v 7.0000 14.0000 -5.0000
v 8.0000 14.0000 -5.0000
v 8.0000 14.0000 -6.0000
v 7.0000 14.0000 -6.0000
v 8.0000 13.0000 -6.0000
v 8.0000 14.0000 -7.0000
v 8.0000 13.0000 -7.0000
v 7.0000 15.0000 -7.0000
v 8.0000 15.0000 -7.0000
v 8.0000 15.0000 -8.0000
v 7.0000 15.0000 -8.0000
v 8.0000 14.0000 -8.0000
v 8.0000 14.0000 -9.0000
v 8.0000 15.0000 -9.0000
v 7.0000 16.0000 -8.0000
v 8.0000 16.0000 -8.0000
v 8.0000 16.0000 -9.0000
v 7.0000 16.0000 -9.0000
v 8.0000 16.0000 -10.0000
v 8.0000 15.0000 -10.0000
v 8.0000 4.0000 12.0000
v 9.0000 4.0000 12.0000
v 9.0000 4.0000 11.0000
v 8.0000 4.0000 11.0000
v 8.0000 3.0000 12.0000
v 8.0000 3.0000 11.0000
v 9.0000 3.0000 11.0000
v 9.0000 3.0000 12.0000
v 9.0000 4.0000 10.0000
v 9.0000 3.0000 10.0000
v 8.0000 1.0000 10.0000
v 8.0000 1.0000 9.0000
v 9.0000 1.0000 9.0000
v 9.0000 1.0000 10.0000
v 9.0000 2.0000 10.0000
v 8.0000 2.0000 10.0000
v 8.0000 2.0000 9.0000
v 9.0000 3.0000 9.0000
v 9.0000 2.0000 9.0000
v 9.0000 4.0000 9.0000
v 9.0000 2.0000 8.0000
v 8.0000 1.0000 8.0000
v 9.0000 1.0000 8.0000
v 9.0000 4.0000 8.0000
v 9.0000 3.0000 8.0000
v 9.0000 2.0000 7.0000
v 9.0000 4.0000 7.0000
v 9.0000 -15.0000 7.0000
v 9.0000 -15.0000 6.0000
v 9.0000 -16.0000 6.0000
v 9.0000 -16.0000 7.0000
v 9.0000 2.0000 6.0000
v 9.0000 5.0000 7.0000
v 9.0000 6.0000 7.0000
v 9.0000 6.0000 6.0000
v 9.0000 -16.0000 5.0000
v 9.0000 -14.0000 6.0000
v 9.0000 -14.0000 5.0000
v 9.0000 -15.0000 5.0000
v 9.0000 -13.0000 6.0000
v 9.0000 -13.0000 5.0000
v 9.0000 -12.0000 6.0000
v 9.0000 -12.0000 5.0000
v 9.0000 2.0000 5.0000
v 9.0000 3.0000 5.0000
v 9.0000 4.0000 6.0000
v 9.0000 4.0000 5.0000
v 9.0000 5.0000 5.0000
v 9.0000 5.0000 6.0000
v 9.0000 6.0000 5.0000
v 9.0000 -15.0000 4.0000
v 9.0000 -16.0000 4.0000
v 9.0000 -12.0000 4.0000
v 9.0000 -11.0000 5.0000
v 9.0000 -11.0000 4.0000
v 9.0000 -10.0000 5.0000
v 9.0000 -10.0000 4.0000
v 9.0000 -9.0000 5.0000
v 9.0000 -9.0000 4.0000
v 9.0000 -8.0000 5.0000
v 9.0000 -8.0000 4.0000
v 9.0000 -7.0000 5.0000
v 9.0000 -7.0000 4.0000
v 9.0000 -6.0000 5.0000
v 8.0000 -6.0000 5.0000
v 9.0000 -6.0000 4.0000
v 9.0000 -5.0000 5.0000
v 8.0000 -5.0000 5.0000
v 9.0000 -5.0000 4.0000
v 9.0000 -4.0000 5.0000
v 8.0000 -4.0000 5.0000
v 9.0000 -4.0000 4.0000
v 9.0000 -3.0000 5.0000
v 9.0000 -3.0000 4.0000
v 9.0000 -2.0000 5.0000
v 9.0000 -1.0000 5.0000
v 9.0000 0.0000 5.0000
v 9.0000 -1.0000 4.0000
v 9.0000 0.0000 4.0000
v 9.0000 1.0000 5.0000
v 9.0000 1.0000 4.0000
v 9.0000 3.0000 4.0000
v 9.0000 4.0000 4.0000
v 9.0000 7.0000 5.0000
v 9.0000 8.0000 5.0000
v 8.0000 8.0000 5.0000
v 8.0000 9.0000 5.0000
v 9.0000 9.0000 5.0000
v 9.0000 9.0000 4.0000
v 8.0000 9.0000 4.0000
v 9.0000 -15.0000 3.0000
v 9.0000 -16.0000 3.0000
v 9.0000 -3.0000 3.0000
v 9.0000 -2.0000 3.0000
v 9.0000 -2.0000 4.0000
v 9.0000 2.0000 4.0000
v 9.0000 2.0000 3.0000
v 9.0000 1.0000 3.0000
v 9.0000 4.0000 3.0000
v 9.0000 7.0000 3.0000
v 9.0000 6.0000 3.0000
v 8.0000 10.0000 4.0000
v 9.0000 10.0000 4.0000
v 9.0000 10.0000 3.0000
v 8.0000 10.0000 3.0000
v 9.0000 9.0000 3.0000
v 9.0000 -15.0000 2.0000
v 9.0000 -16.0000 2.0000
v 9.0000 -12.0000 2.0000
v 9.0000 -12.0000 3.0000
v 9.0000 -11.0000 3.0000
v 9.0000 -11.0000 2.0000
v 9.0000 -10.0000 3.0000
v 9.0000 -10.0000 2.0000
v 9.0000 -9.0000 3.0000
v 8.0000 -9.0000 2.0000
v 9.0000 -9.0000 2.0000
v 9.0000 -8.0000 3.0000
v 8.0000 -8.0000 2.0000
v 9.0000 -8.0000 2.0000
v 9.0000 -7.0000 3.0000
v 9.0000 -7.0000 2.0000
v 9.0000 -6.0000 3.0000
v 9.0000 -6.0000 2.0000
v 9.0000 -5.0000 3.0000
v 9.0000 -5.0000 2.0000
v 9.0000 -4.0000 3.0000
v 9.0000 -4.0000 2.0000
v 9.0000 -3.0000 2.0000
v 9.0000 -2.0000 2.0000
v 9.0000 0.0000 2.0000
v 9.0000 -1.0000 2.0000
v 9.0000 1.0000 2.0000
v 9.0000 4.0000 2.0000
v 9.0000 5.0000 2.0000
v 9.0000 5.0000 3.0000
v 9.0000 6.0000 2.0000
v 9.0000 7.0000 2.0000
v 9.0000 8.0000 3.0000
v 9.0000 8.0000 2.0000
v 9.0000 9.0000 2.0000
v 9.0000 10.0000 2.0000
v 8.0000 10.0000 2.0000
v 9.0000 -15.0000 1.0000
v 9.0000 -16.0000 1.0000
v 9.0000 -11.0000 1.0000
v 8.0000 -11.0000 1.0000
v 9.0000 -12.0000 1.0000
v 8.0000 -5.0000 1.0000
v 9.0000 -5.0000 1.0000
v 9.0000 -4.0000 1.0000
v 9.0000 -3.0000 1.0000
v 9.0000 -2.0000 1.0000
v 9.0000 -1.0000 1.0000
v 8.0000 4.0000 1.0000
v 9.0000 4.0000 1.0000
v 9.0000 5.0000 1.0000
v 9.0000 6.0000 1.0000
v 9.0000 8.0000 1.0000
v 9.0000 9.0000 1.0000
v 9.0000 10.0000 1.0000
v 8.0000 10.0000 1.0000
v 9.0000 -16.0000 -0.0000
v 9.0000 -14.0000 1.0000
v 8.0000 -14.0000 -0.0000
v 9.0000 -14.0000 -0.0000
v 9.0000 -15.0000 -0.0000
v 9.0000 -13.0000 1.0000
v 8.0000 -13.0000 -0.0000
v 9.0000 -13.0000 -0.0000
v 8.0000 -12.0000 -0.0000
v 9.0000 -12.0000 -0.0000
v 9.0000 -11.0000 -0.0000
v 8.0000 -11.0000 -0.0000
v 9.0000 6.0000 -0.0000
v 9.0000 9.0000 -0.0000
v 9.0000 8.0000 -0.0000
v 9.0000 -15.0000 -1.0000
v 8.0000 -15.0000 -1.0000
v 8.0000 -16.0000 -1.0000
v 9.0000 -16.0000 -1.0000
v 9.0000 6.0000 -1.0000
v 9.0000 8.0000 -1.0000
v 9.0000 7.0000 -0.0000
v 9.0000 7.0000 -1.0000
v 8.0000 6.0000 -2.0000
v 9.0000 6.0000 -2.0000
v 9.0000 7.0000 -2.0000
v 9.0000 8.0000 -2.0000
v 9.0000 7.0000 -3.0000
v 9.0000 8.0000 -3.0000
v 9.0000 9.0000 -2.0000
v 9.0000 9.0000 -3.0000
v 9.0000 9.0000 -4.0000
v 9.0000 8.0000 -4.0000
v 9.0000 9.0000 -5.0000
v 9.0000 8.0000 -5.0000
v 9.0000 10.0000 -5.0000
v 9.0000 10.0000 -6.0000
v 8.0000 9.0000 -6.0000
v 9.0000 9.0000 -6.0000
v 8.0000 10.0000 -7.0000
v 9.0000 10.0000 -7.0000
v 9.0000 11.0000 -6.0000
v 9.0000 11.0000 -7.0000
v 8.0000 11.0000 -7.0000
v 9.0000 12.0000 -6.0000
v 9.0000 12.0000 -7.0000
v 8.0000 12.0000 -7.0000
v 8.0000 10.0000 -8.0000
v 9.0000 10.0000 -8.0000
v 8.0000 11.0000 -8.0000
v 9.0000 11.0000 -8.0000
v 9.0000 12.0000 -8.0000
v 8.0000 12.0000 -8.0000
v 9.0000 3.0000 13.0000
v 10.0000 3.0000 13.0000
v 10.0000 3.0000 12.0000
v 9.0000 2.0000 13.0000
v 9.0000 2.0000 12.0000
v 10.0000 2.0000 12.0000
v 10.0000 2.0000 13.0000
v 10.0000 3.0000 11.0000
v 9.0000 2.0000 11.0000
v 10.0000 2.0000 11.0000
v 10.0000 3.0000 10.0000
v 10.0000 2.0000 10.0000
v 10.0000 1.0000 9.0000
v 10.0000 1.0000 10.0000
v 10.0000 3.0000 9.0000
v 10.0000 1.0000 8.0000
v 10.0000 2.0000 8.0000
v 10.0000 4.0000 9.0000
v 10.0000 4.0000 8.0000
v 10.0000 3.0000 8.0000
v 9.0000 -15.0000 8.0000
v 10.0000 -15.0000 8.0000
v 10.0000 -15.0000 7.0000
v 9.0000 -16.0000 8.0000
v 10.0000 -16.0000 7.0000
v 10.0000 -16.0000 8.0000
v 10.0000 2.0000 7.0000
v 9.0000 5.0000 8.0000
v 10.0000 5.0000 8.0000
v 10.0000 5.0000 7.0000
v 10.0000 4.0000 7.0000
v 10.0000 -16.0000 6.0000
v 10.0000 -14.0000 7.0000
v 9.0000 -14.0000 7.0000
v 10.0000 -13.0000 7.0000
v 9.0000 -13.0000 7.0000
v 9.0000 -12.0000 7.0000
v 10.0000 -12.0000 7.0000
v 10.0000 -12.0000 6.0000
v 10.0000 2.0000 6.0000
v 10.0000 3.0000 6.0000
v 10.0000 3.0000 7.0000
v 10.0000 5.0000 6.0000
v 10.0000 4.0000 6.0000
v 10.0000 6.0000 7.0000
v 10.0000 6.0000 6.0000
v 10.0000 -16.0000 5.0000
v 10.0000 -14.0000 5.0000
v 10.0000 -15.0000 5.0000
v 10.0000 -15.0000 6.0000
v 10.0000 -14.0000 6.0000
v 10.0000 -13.0000 5.0000
v 10.0000 -13.0000 6.0000
v 10.0000 -12.0000 5.0000
v 10.0000 -11.0000 6.0000
v 9.0000 -11.0000 6.0000
v 10.0000 -10.0000 6.0000
v 9.0000 -10.0000 6.0000
v 10.0000 -9.0000 6.0000
v 9.0000 -9.0000 6.0000
v 10.0000 -8.0000 6.0000
v 9.0000 -8.0000 6.0000
v 10.0000 -8.0000 5.0000
v 10.0000 -9.0000 5.0000
v 10.0000 -7.0000 6.0000
v 9.0000 -7.0000 6.0000
v 10.0000 -7.0000 5.0000
v 10.0000 -6.0000 6.0000
v 9.0000 -6.0000 6.0000
v 10.0000 -5.0000 6.0000
v 9.0000 -5.0000 6.0000
v 9.0000 -4.0000 6.0000
v 10.0000 -4.0000 6.0000
v 10.0000 -4.0000 5.0000
v 10.0000 2.0000 5.0000
v 10.0000 3.0000 5.0000
v 10.0000 4.0000 5.0000
v 10.0000 6.0000 5.0000
v 10.0000 5.0000 5.0000
v 10.0000 -15.0000 4.0000
v 10.0000 -16.0000 4.0000
v 10.0000 -12.0000 4.0000
v 10.0000 -11.0000 4.0000
v 10.0000 -11.0000 5.0000
v 10.0000 -10.0000 4.0000
v 10.0000 -10.0000 5.0000
v 10.0000 -9.0000 4.0000
v 10.0000 -7.0000 4.0000
v 10.0000 -6.0000 4.0000
v 10.0000 -6.0000 5.0000
v 10.0000 -5.0000 4.0000
v 10.0000 -4.0000 4.0000
v 10.0000 -3.0000 5.0000
v 10.0000 -3.0000 4.0000
v 10.0000 -2.0000 5.0000
v 10.0000 -2.0000 4.0000
v 10.0000 -1.0000 5.0000
v 10.0000 -1.0000 4.0000
v 10.0000 3.0000 4.0000
v 10.0000 4.0000 4.0000
v 10.0000 7.0000 5.0000
v 10.0000 8.0000 5.0000
v 10.0000 7.0000 4.0000
v 10.0000 8.0000 4.0000
v 10.0000 9.0000 5.0000
v 10.0000 9.0000 4.0000
v 10.0000 -15.0000 3.0000
v 10.0000 -16.0000 3.0000
v 10.0000 -2.0000 3.0000
v 10.0000 -1.0000 3.0000
v 10.0000 0.0000 4.0000
v 10.0000 0.0000 3.0000
v 10.0000 1.0000 4.0000
v 10.0000 1.0000 3.0000
v 10.0000 2.0000 4.0000
v 10.0000 2.0000 3.0000
v 10.0000 4.0000 3.0000
v 10.0000 5.0000 3.0000
v 10.0000 9.0000 3.0000
v 10.0000 8.0000 3.0000
v 10.0000 -15.0000 2.0000
v 10.0000 -16.0000 2.0000
v 10.0000 -7.0000 2.0000
v 10.0000 -7.0000 3.0000
v 10.0000 -6.0000 3.0000
v 10.0000 -6.0000 2.0000
v 10.0000 -5.0000 3.0000
v 10.0000 -5.0000 2.0000
v 10.0000 -3.0000 3.0000
v 10.0000 -3.0000 2.0000
v 10.0000 -4.0000 2.0000
v 10.0000 -4.0000 3.0000
v 10.0000 -2.0000 2.0000
v 10.0000 -1.0000 2.0000
v 10.0000 0.0000 2.0000
v 10.0000 1.0000 2.0000
v 10.0000 5.0000 2.0000
v 10.0000 6.0000 2.0000
v 10.0000 6.0000 3.0000
v 10.0000 8.0000 2.0000
v 10.0000 7.0000 3.0000
v 10.0000 7.0000 2.0000
v 10.0000 -15.0000 1.0000
v 10.0000 -16.0000 1.0000
v 10.0000 -11.0000 1.0000
v 10.0000 -11.0000 2.0000
v 10.0000 -10.0000 2.0000
v 9.0000 -10.0000 1.0000
v 10.0000 -10.0000 1.0000
v 10.0000 -9.0000 2.0000
v 9.0000 -9.0000 1.0000
v 10.0000 -9.0000 1.0000
v 10.0000 -8.0000 2.0000
v 9.0000 -8.0000 1.0000
v 10.0000 -8.0000 1.0000
v 9.0000 -7.0000 1.0000
v 10.0000 -7.0000 1.0000
v 9.0000 -6.0000 1.0000
v 10.0000 -6.0000 1.0000
v 10.0000 -5.0000 1.0000
v 10.0000 -4.0000 1.0000
v 10.0000 -3.0000 1.0000
v 10.0000 -2.0000 1.0000
v 10.0000 5.0000 1.0000
v 10.0000 6.0000 1.0000
v 10.0000 8.0000 1.0000
v 10.0000 7.0000 1.0000
v 10.0000 -16.0000 -0.0000
v 10.0000 -14.0000 1.0000
v 10.0000 -14.0000 -0.0000
v 10.0000 -15.0000 -0.0000
v 10.0000 -13.0000 1.0000
v 10.0000 -13.0000 -0.0000
v 10.0000 -12.0000 1.0000
v 10.0000 -12.0000 -0.0000
v 10.0000 -11.0000 -0.0000
v 10.0000 6.0000 -0.0000
v 10.0000 7.0000 -0.0000
v 10.0000 8.0000 -0.0000
v 10.0000 -15.0000 -1.0000
v 10.0000 -16.0000 -1.0000
v 10.0000 7.0000 -1.0000
v 10.0000 6.0000 -1.0000
v 10.0000 6.0000 -2.0000
v 10.0000 7.0000 -2.0000
v 10.0000 8.0000 -1.0000
v 10.0000 8.0000 -2.0000
v 10.0000 9.0000 -2.0000
v 10.0000 9.0000 -3.0000
v 10.0000 8.0000 -3.0000
v 10.0000 9.0000 -4.0000
v 10.0000 8.0000 -4.0000
v 10.0000 9.0000 -5.0000
v 10.0000 8.0000 -5.0000
v 10.0000 10.0000 -5.0000
v 10.0000 10.0000 -6.0000
v 10.0000 9.0000 -6.0000
v 10.0000 10.0000 -7.0000
v 9.0000 9.0000 -7.0000
v 10.0000 9.0000 -7.0000
v 9.0000 9.0000 -8.0000
v 10.0000 9.0000 -8.0000
v 10.0000 10.0000 -8.0000
v 10.0000 11.0000 -7.0000
v 10.0000 11.0000 -8.0000
v 9.0000 10.0000 -9.0000
v 10.0000 10.0000 -9.0000
v 9.0000 11.0000 -9.0000
v 10.0000 11.0000 -9.0000
v 10.0000 12.0000 -8.0000
v 10.0000 12.0000 -9.0000
v 9.0000 12.0000 -9.0000
v 10.0000 12.0000 -10.0000
v 9.0000 12.0000 -10.0000
v 9.0000 11.0000 -10.0000
v 10.0000 11.0000 -10.0000
v 10.0000 1.0000 15.0000
v 11.0000 1.0000 15.0000
v 11.0000 1.0000 14.0000
v 10.0000 1.0000 14.0000
v 10.0000 0.0000 15.0000
v 10.0000 0.0000 14.0000
v 11.0000 0.0000 14.0000
v 11.0000 0.0000 15.0000
v 10.0000 -1.0000 14.0000
v 10.0000 -1.0000 13.0000
v 11.0000 -1.0000 13.0000
v 11.0000 -1.0000 14.0000
v 10.0000 0.0000 13.0000
v 11.0000 0.0000 13.0000
v 10.0000 1.0000 13.0000
v 11.0000 1.0000 13.0000
v 10.0000 2.0000 14.0000
v 11.0000 2.0000 14.0000
v 11.0000 2.0000 13.0000
v 11.0000 2.0000 12.0000
v 10.0000 1.0000 12.0000
v 11.0000 1.0000 12.0000
v 11.0000 2.0000 11.0000
v 10.0000 1.0000 11.0000
v 11.0000 1.0000 11.0000
v 11.0000 1.0000 10.0000
v 11.0000 3.0000 11.0000
v 11.0000 3.0000 10.0000
v 11.0000 2.0000 10.0000
v 11.0000 1.0000 9.0000
v 11.0000 3.0000 9.0000
v 11.0000 2.0000 9.0000
v 11.0000 1.0000 8.0000
v 11.0000 2.0000 8.0000
v 11.0000 3.0000 8.0000
v 11.0000 -15.0000 8.0000
v 11.0000 -15.0000 7.0000
v 11.0000 -16.0000 7.0000
v 11.0000 -16.0000 8.0000
v 11.0000 2.0000 7.0000
v 11.0000 3.0000 7.0000
v 11.0000 4.0000 8.0000
v 11.0000 4.0000 7.0000
v 11.0000 -16.0000 6.0000
v 11.0000 -14.0000 7.0000
v 11.0000 -14.0000 6.0000
v 11.0000 -15.0000 6.0000
v 11.0000 -13.0000 7.0000
v 11.0000 -13.0000 6.0000
v 11.0000 -12.0000 7.0000
v 11.0000 -12.0000 6.0000
v 11.0000 3.0000 6.0000
v 11.0000 5.0000 7.0000
v 11.0000 5.0000 6.0000
v 11.0000 -15.0000 5.0000
v 11.0000 -16.0000 5.0000
v 11.0000 -12.0000 5.0000
v 11.0000 -11.0000 6.0000
v 11.0000 -11.0000 5.0000
v 11.0000 -10.0000 6.0000
v 11.0000 -10.0000 5.0000
v 11.0000 -9.0000 6.0000
v 11.0000 -9.0000 5.0000
v 11.0000 -8.0000 6.0000
v 11.0000 -8.0000 5.0000
v 11.0000 -7.0000 6.0000
v 11.0000 -7.0000 5.0000
v 11.0000 -6.0000 6.0000
v 11.0000 -6.0000 5.0000
v 11.0000 -5.0000 6.0000
v 11.0000 -4.0000 6.0000
v 11.0000 -4.0000 5.0000
v 11.0000 3.0000 5.0000
v 11.0000 6.0000 6.0000
v 11.0000 6.0000 5.0000
v 11.0000 -15.0000 4.0000
v 11.0000 -16.0000 4.0000
v 11.0000 -6.0000 4.0000
v 11.0000 -5.0000 4.0000
v 11.0000 -5.0000 5.0000
v 11.0000 -4.0000 4.0000
v 11.0000 -3.0000 5.0000
v 11.0000 -3.0000 4.0000
v 11.0000 -2.0000 5.0000
v 11.0000 -2.0000 4.0000
v 11.0000 3.0000 4.0000
v 11.0000 4.0000 4.0000
v 11.0000 4.0000 5.0000
v 11.0000 5.0000 4.0000
v 11.0000 5.0000 5.0000
v 11.0000 7.0000 5.0000
v 11.0000 7.0000 4.0000
v 11.0000 -15.0000 3.0000
v 11.0000 -16.0000 3.0000
v 11.0000 -2.0000 3.0000
v 11.0000 -3.0000 3.0000
v 11.0000 4.0000 3.0000
v 11.0000 5.0000 3.0000
v 11.0000 6.0000 3.0000
v 11.0000 6.0000 4.0000
v 11.0000 7.0000 3.0000
v 11.0000 8.0000 4.0000
v 11.0000 8.0000 3.0000
v 11.0000 -16.0000 2.0000
v 10.0000 -14.0000 3.0000
v 11.0000 -14.0000 3.0000
v 11.0000 -14.0000 2.0000
v 10.0000 -14.0000 2.0000
v 11.0000 -15.0000 2.0000
v 11.0000 -4.0000 2.0000
v 11.0000 -4.0000 3.0000
v 11.0000 -2.0000 2.0000
v 11.0000 7.0000 2.0000
v 11.0000 6.0000 2.0000
v 11.0000 -15.0000 1.0000
v 11.0000 -16.0000 1.0000
v 11.0000 -11.0000 1.0000
v 11.0000 -11.0000 2.0000
v 11.0000 -10.0000 2.0000
v 11.0000 -10.0000 1.0000
v 11.0000 -9.0000 2.0000
v 11.0000 -9.0000 1.0000
v 11.0000 -8.0000 2.0000
v 11.0000 -8.0000 1.0000
v 11.0000 -7.0000 2.0000
v 11.0000 -7.0000 1.0000
v 11.0000 -6.0000 2.0000
v 11.0000 -6.0000 1.0000
v 11.0000 -5.0000 2.0000
v 11.0000 -5.0000 1.0000
v 11.0000 -4.0000 1.0000
v 11.0000 -3.0000 1.0000
v 11.0000 -3.0000 2.0000
v 11.0000 -2.0000 1.0000
v 11.0000 7.0000 1.0000
v 11.0000 6.0000 1.0000
v 11.0000 -16.0000 -0.0000
v 11.0000 -14.0000 1.0000
v 11.0000 -14.0000 -0.0000
v 11.0000 -15.0000 -0.0000
v 11.0000 -13.0000 1.0000
v 11.0000 -13.0000 -0.0000
v 11.0000 -12.0000 1.0000
v 11.0000 -12.0000 -0.0000
v 11.0000 -11.0000 -0.0000
v 11.0000 8.0000 1.0000
v 11.0000 8.0000 -0.0000
v 11.0000 7.0000 -0.0000
v 11.0000 -15.0000 -1.0000
v 11.0000 -16.0000 -1.0000
v 11.0000 7.0000 -1.0000
v 11.0000 6.0000 -1.0000
v 11.0000 6.0000 -0.0000
v 11.0000 6.0000 -2.0000
v 11.0000 7.0000 -2.0000
v 11.0000 8.0000 -1.0000
v 11.0000 8.0000 -2.0000
v 11.0000 9.0000 -2.0000
v 11.0000 9.0000 -3.0000
v 11.0000 8.0000 -3.0000
v 11.0000 9.0000 -4.0000
v 11.0000 8.0000 -4.0000
v 11.0000 9.0000 -5.0000
v 11.0000 8.0000 -5.0000
v 11.0000 9.0000 -6.0000
v 10.0000 8.0000 -6.0000
v 11.0000 8.0000 -6.0000
v 11.0000 10.0000 -6.0000
v 11.0000 10.0000 -7.0000
v 11.0000 9.0000 -7.0000
v 11.0000 10.0000 -8.0000
v 11.0000 9.0000 -8.0000
v 10.0000 9.0000 -9.0000
v 11.0000 9.0000 -9.0000
v 11.0000 10.0000 -9.0000
v 11.0000 11.0000 -8.0000
v 11.0000 11.0000 -9.0000
v 10.0000 10.0000 -10.0000
v 11.0000 10.0000 -10.0000
v 11.0000 11.0000 -10.0000
v 11.0000 12.0000 -9.0000
v 11.0000 12.0000 -10.0000
v 11.0000 1.0000 16.0000
v 12.0000 1.0000 16.0000
v 12.0000 1.0000 15.0000
v 11.0000 0.0000 16.0000
v 12.0000 0.0000 15.0000
v 12.0000 0.0000 16.0000
v 12.0000 0.0000 14.0000
v 11.0000 -1.0000 15.0000
v 12.0000 -1.0000 14.0000
v 12.0000 -1.0000 15.0000
v 12.0000 -1.0000 13.0000
v 12.0000 0.0000 13.0000
v 12.0000 1.0000 14.0000
v 12.0000 1.0000 13.0000
v 11.0000 0.0000 12.0000
v 12.0000 0.0000 12.0000
v 12.0000 1.0000 12.0000
v 12.0000 2.0000 13.0000
v 12.0000 2.0000 12.0000
v 12.0000 2.0000 11.0000
v 12.0000 1.0000 11.0000
v 12.0000 2.0000 10.0000
v 12.0000 1.0000 10.0000
v 12.0000 2.0000 9.0000
v 12.0000 1.0000 9.0000
v 12.0000 2.0000 8.0000
v 12.0000 1.0000 8.0000
v 12.0000 -15.0000 8.0000
v 12.0000 -15.0000 7.0000
v 12.0000 -16.0000 7.0000
v 12.0000 -16.0000 8.0000
v 12.0000 3.0000 8.0000
v 12.0000 3.0000 7.0000
v 12.0000 2.0000 7.0000
v 12.0000 -16.0000 6.0000
v 12.0000 -14.0000 7.0000
v 12.0000 -13.0000 7.0000
v 12.0000 -13.0000 6.0000
v 12.0000 -14.0000 6.0000
v 12.0000 -12.0000 7.0000
v 12.0000 -12.0000 6.0000
v 12.0000 3.0000 6.0000
v 12.0000 4.0000 7.0000
v 12.0000 5.0000 7.0000
v 12.0000 5.0000 6.0000
v 12.0000 4.0000 6.0000
v 12.0000 -16.0000 5.0000
v 12.0000 -14.0000 5.0000
v 11.0000 -14.0000 5.0000
v 12.0000 -15.0000 5.0000
v 12.0000 -15.0000 6.0000
v 12.0000 -12.0000 5.0000
v 12.0000 -11.0000 6.0000
v 12.0000 -11.0000 5.0000
v 12.0000 -10.0000 6.0000
v 12.0000 -10.0000 5.0000
v 12.0000 -9.0000 6.0000
v 12.0000 -9.0000 5.0000
v 12.0000 -8.0000 6.0000
v 12.0000 -8.0000 5.0000
v 12.0000 -7.0000 6.0000
v 12.0000 -7.0000 5.0000
v 12.0000 -6.0000 6.0000
v 12.0000 -6.0000 5.0000
v 12.0000 -5.0000 6.0000
v 12.0000 -5.0000 5.0000
v 12.0000 -4.0000 6.0000
v 12.0000 -4.0000 5.0000
v 12.0000 3.0000 5.0000
v 12.0000 4.0000 5.0000
v 12.0000 5.0000 5.0000
v 12.0000 6.0000 6.0000
v 12.0000 6.0000 5.0000
v 12.0000 -15.0000 4.0000
v 12.0000 -16.0000 4.0000
v 12.0000 -5.0000 4.0000
v 12.0000 -3.0000 5.0000
v 12.0000 -4.0000 4.0000
v 12.0000 -3.0000 4.0000
v 12.0000 -2.0000 5.0000
v 12.0000 -2.0000 4.0000
v 12.0000 4.0000 4.0000
v 12.0000 3.0000 4.0000
v 12.0000 5.0000 4.0000
v 12.0000 6.0000 4.0000
v 12.0000 7.0000 5.0000
v 12.0000 7.0000 4.0000
v 12.0000 -15.0000 3.0000
v 12.0000 -16.0000 3.0000
v 11.0000 -5.0000 3.0000
v 12.0000 -5.0000 3.0000
v 12.0000 -4.0000 3.0000
v 12.0000 -3.0000 3.0000
v 12.0000 -2.0000 3.0000
v 11.0000 1.0000 4.0000
v 11.0000 1.0000 3.0000
v 12.0000 1.0000 3.0000
v 12.0000 1.0000 4.0000
v 12.0000 2.0000 4.0000
v 11.0000 2.0000 4.0000
v 11.0000 2.0000 3.0000
v 12.0000 2.0000 3.0000
v 11.0000 3.0000 3.0000
v 12.0000 3.0000 3.0000
v 12.0000 4.0000 3.0000
v 12.0000 5.0000 3.0000
v 12.0000 6.0000 3.0000
v 12.0000 8.0000 4.0000
v 12.0000 8.0000 3.0000
v 12.0000 7.0000 3.0000
v 12.0000 -15.0000 2.0000
v 12.0000 -16.0000 2.0000
v 11.0000 -10.0000 3.0000
v 12.0000 -10.0000 3.0000
v 12.0000 -10.0000 2.0000
v 11.0000 -11.0000 3.0000
v 12.0000 -11.0000 2.0000
v 12.0000 -11.0000 3.0000
v 12.0000 -4.0000 2.0000
v 12.0000 -3.0000 2.0000
v 12.0000 -2.0000 2.0000
v 12.0000 8.0000 2.0000
v 11.0000 8.0000 2.0000
v 12.0000 7.0000 2.0000
v 12.0000 -15.0000 1.0000
v 12.0000 -16.0000 1.0000
v 12.0000 -11.0000 1.0000
v 12.0000 -10.0000 1.0000
v 12.0000 -9.0000 2.0000
v 12.0000 -9.0000 1.0000
v 12.0000 -8.0000 2.0000
v 12.0000 -8.0000 1.0000
v 12.0000 -7.0000 2.0000
v 12.0000 -7.0000 1.0000
v 12.0000 -6.0000 2.0000
v 12.0000 -6.0000 1.0000
v 12.0000 -5.0000 2.0000
v 12.0000 -5.0000 1.0000
v 12.0000 -4.0000 1.0000
v 12.0000 8.0000 1.0000
v 12.0000 7.0000 1.0000
v 12.0000 -16.0000 -0.0000
v 12.0000 -14.0000 1.0000
v 12.0000 -14.0000 -0.0000
v 12.0000 -15.0000 -0.0000
v 12.0000 -13.0000 1.0000
v 12.0000 -13.0000 -0.0000
v 12.0000 -12.0000 1.0000
v 12.0000 -12.0000 -0.0000
v 12.0000 -11.0000 -0.0000
v 12.0000 8.0000 -0.0000
v 12.0000 7.0000 -0.0000
v 12.0000 -15.0000 -1.0000
v 12.0000 -16.0000 -1.0000
v 12.0000 7.0000 -1.0000
v 12.0000 8.0000 -1.0000
v 11.0000 9.0000 -0.0000
v 12.0000 9.0000 -0.0000
v 12.0000 9.0000 -1.0000
v 11.0000 9.0000 -1.0000
v 12.0000 8.0000 -2.0000
v 12.0000 7.0000 -2.0000
v 12.0000 9.0000 -2.0000
v 12.0000 9.0000 -3.0000
v 12.0000 8.0000 -3.0000
v 12.0000 9.0000 -4.0000
v 12.0000 8.0000 -4.0000
v 12.0000 9.0000 -5.0000
v 12.0000 8.0000 -5.0000
v 12.0000 9.0000 -6.0000
v 12.0000 8.0000 -6.0000
v 12.0000 10.0000 -6.0000
v 12.0000 10.0000 -7.0000
v 12.0000 9.0000 -7.0000
v 12.0000 10.0000 -8.0000
v 12.0000 9.0000 -8.0000
v 12.0000 9.0000 -9.0000
v 12.0000 11.0000 -8.0000
v 12.0000 11.0000 -9.0000
v 11.0000 9.0000 -10.0000
v 12.0000 9.0000 -10.0000
v 12.0000 10.0000 -10.0000
v 12.0000 11.0000 -10.0000
v 12.0000 12.0000 -9.0000
v 12.0000 12.0000 -10.0000
v 12.0000 12.0000 -11.0000
v 11.0000 12.0000 -11.0000
v 11.0000 11.0000 -11.0000
v 12.0000 11.0000 -11.0000
v 13.0000 1.0000 16.0000
v 13.0000 1.0000 15.0000
v 13.0000 0.0000 15.0000
v 13.0000 0.0000 16.0000
v 13.0000 0.0000 14.0000
v 13.0000 -1.0000 14.0000
v 13.0000 -1.0000 15.0000
v 13.0000 0.0000 13.0000
v 13.0000 -1.0000 13.0000
v 13.0000 0.0000 12.0000
v 12.0000 -1.0000 12.0000
v 13.0000 -1.0000 12.0000
v 12.0000 0.0000 11.0000
v 13.0000 0.0000 11.0000
v 13.0000 1.0000 12.0000
v 13.0000 1.0000 11.0000
v 13.0000 2.0000 12.0000
v 13.0000 2.0000 11.0000
v 13.0000 2.0000 10.0000
v 13.0000 1.0000 10.0000
v 13.0000 2.0000 9.0000
v 13.0000 1.0000 9.0000
v 13.0000 1.0000 8.0000
v 13.0000 2.0000 8.0000
v 12.0000 3.0000 9.0000
v 13.0000 3.0000 9.0000
v 13.0000 3.0000 8.0000
v 13.0000 -15.0000 8.0000
v 13.0000 -15.0000 7.0000
v 13.0000 -16.0000 7.0000
v 13.0000 -16.0000 8.0000
v 13.0000 3.0000 7.0000
v 13.0000 2.0000 7.0000
v 13.0000 -16.0000 6.0000
v 13.0000 -14.0000 7.0000
v 13.0000 -14.0000 6.0000
v 13.0000 -15.0000 6.0000
v 13.0000 -13.0000 7.0000
v 13.0000 -13.0000 6.0000
v 13.0000 -12.0000 7.0000
v 13.0000 -12.0000 6.0000
v 13.0000 4.0000 7.0000
v 13.0000 4.0000 6.0000
v 13.0000 3.0000 6.0000
v 13.0000 -15.0000 5.0000
v 13.0000 -16.0000 5.0000
v 13.0000 -12.0000 5.0000
v 13.0000 -11.0000 6.0000
v 13.0000 -11.0000 5.0000
v 13.0000 -10.0000 6.0000
v 13.0000 -10.0000 5.0000
v 13.0000 -9.0000 6.0000
v 13.0000 -9.0000 5.0000
v 13.0000 -8.0000 6.0000
v 13.0000 -8.0000 5.0000
v 13.0000 -15.0000 4.0000
v 13.0000 -16.0000 4.0000
v 12.0000 -12.0000 4.0000
v 13.0000 -12.0000 4.0000
v 13.0000 -11.0000 4.0000
v 12.0000 -11.0000 4.0000
v 13.0000 -10.0000 4.0000
v 12.0000 -10.0000 4.0000
v 13.0000 -9.0000 4.0000
v 12.0000 -9.0000 4.0000
v 13.0000 -8.0000 4.0000
v 12.0000 -8.0000 4.0000
v 13.0000 -7.0000 5.0000
v 13.0000 -7.0000 4.0000
v 12.0000 -7.0000 4.0000
v 13.0000 -6.0000 5.0000
v 13.0000 -6.0000 4.0000
v 12.0000 -6.0000 4.0000
v 13.0000 -5.0000 5.0000
v 13.0000 -5.0000 4.0000
v 13.0000 -4.0000 5.0000
v 13.0000 -4.0000 4.0000
v 13.0000 -15.0000 3.0000
v 13.0000 -16.0000 3.0000
v 12.0000 -12.0000 3.0000
v 13.0000 -12.0000 3.0000
v 13.0000 -11.0000 3.0000
v 13.0000 -10.0000 3.0000
v 13.0000 -9.0000 3.0000
v 12.0000 -9.0000 3.0000
v 13.0000 -8.0000 3.0000
v 12.0000 -8.0000 3.0000
v 13.0000 -7.0000 3.0000
v 12.0000 -7.0000 3.0000
v 13.0000 -6.0000 3.0000
v 12.0000 -6.0000 3.0000
v 13.0000 -5.0000 3.0000
v 13.0000 -4.0000 3.0000
v 13.0000 -15.0000 2.0000
v 13.0000 -16.0000 2.0000
v 12.0000 -12.0000 2.0000
v 13.0000 -12.0000 2.0000
v 13.0000 -10.0000 2.0000
v 13.0000 -11.0000 2.0000
v 13.0000 -9.0000 2.0000
v 13.0000 -8.0000 2.0000
v 13.0000 -7.0000 2.0000
v 13.0000 -6.0000 2.0000
v 13.0000 -5.0000 2.0000
v 13.0000 -4.0000 2.0000
v 13.0000 -16.0000 1.0000
v 13.0000 -14.0000 2.0000
v 12.0000 -14.0000 2.0000
v 13.0000 -14.0000 1.0000
v 13.0000 -15.0000 1.0000
v 13.0000 -13.0000 2.0000
v 12.0000 -13.0000 2.0000
v 13.0000 -13.0000 1.0000
v 13.0000 -12.0000 1.0000
v 13.0000 -11.0000 1.0000
v 13.0000 -15.0000 -0.0000
v 13.0000 -16.0000 -0.0000
v 13.0000 7.0000 -0.0000
v 13.0000 7.0000 1.0000
v 13.0000 8.0000 1.0000
v 13.0000 8.0000 -0.0000
v 12.0000 9.0000 1.0000
v 13.0000 9.0000 1.0000
v 13.0000 9.0000 -0.0000
v 13.0000 9.0000 -1.0000
v 13.0000 8.0000 -1.0000
v 13.0000 9.0000 -2.0000
v 13.0000 8.0000 -2.0000
v 13.0000 9.0000 -3.0000
v 13.0000 8.0000 -3.0000
v 12.0000 10.0000 -3.0000
v 13.0000 10.0000 -3.0000
v 13.0000 10.0000 -4.0000
v 12.0000 10.0000 -4.0000
v 13.0000 9.0000 -4.0000
v 13.0000 10.0000 -5.0000
v 12.0000 10.0000 -5.0000
v 13.0000 9.0000 -5.0000
v 13.0000 10.0000 -6.0000
v 13.0000 9.0000 -6.0000
v 12.0000 8.0000 -7.0000
v 13.0000 8.0000 -7.0000
v 13.0000 8.0000 -6.0000
v 13.0000 9.0000 -7.0000
v 13.0000 10.0000 -7.0000
v 13.0000 10.0000 -8.0000
v 13.0000 9.0000 -8.0000
v 12.0000 6.0000 -8.0000
v 12.0000 6.0000 -9.0000
v 13.0000 6.0000 -9.0000
v 13.0000 6.0000 -8.0000
v 13.0000 7.0000 -8.0000
v 12.0000 7.0000 -8.0000
v 12.0000 7.0000 -9.0000
v 13.0000 7.0000 -9.0000
v 13.0000 8.0000 -8.0000
v 12.0000 8.0000 -8.0000
v 12.0000 8.0000 -9.0000
v 13.0000 8.0000 -9.0000
v 13.0000 9.0000 -9.0000
v 13.0000 11.0000 -8.0000
v 13.0000 11.0000 -9.0000
v 13.0000 10.0000 -9.0000
v 13.0000 6.0000 -10.0000
v 12.0000 6.0000 -10.0000
v 12.0000 5.0000 -9.0000
v 12.0000 5.0000 -10.0000
v 13.0000 5.0000 -10.0000
v 13.0000 5.0000 -9.0000
v 13.0000 9.0000 -10.0000
v 13.0000 10.0000 -10.0000
v 13.0000 11.0000 -10.0000
v 12.0000 3.0000 -10.0000
v 12.0000 3.0000 -11.0000
v 13.0000 3.0000 -11.0000
v 13.0000 3.0000 -10.0000
v 13.0000 4.0000 -10.0000
v 12.0000 4.0000 -10.0000
v 12.0000 4.0000 -11.0000
v 13.0000 4.0000 -11.0000
v 13.0000 5.0000 -11.0000
v 12.0000 5.0000 -11.0000
v 13.0000 11.0000 -11.0000
v 12.0000 10.0000 -11.0000
v 13.0000 10.0000 -11.0000
v 13.0000 12.0000 -11.0000
v 13.0000 12.0000 -12.0000
v 12.0000 12.0000 -12.0000
v 12.0000 11.0000 -12.0000
v 13.0000 11.0000 -12.0000
v 14.0000 1.0000 16.0000
v 14.0000 1.0000 15.0000
v 14.0000 0.0000 15.0000
v 14.0000 0.0000 16.0000
v 14.0000 0.0000 14.0000
v 14.0000 -1.0000 14.0000
v 14.0000 -1.0000 15.0000
v 14.0000 0.0000 13.0000
v 14.0000 -1.0000 13.0000
v 14.0000 0.0000 12.0000
v 14.0000 -1.0000 12.0000
v 14.0000 1.0000 12.0000
v 14.0000 1.0000 11.0000
v 14.0000 0.0000 11.0000
v 14.0000 2.0000 11.0000
v 14.0000 2.0000 10.0000
v 14.0000 1.0000 10.0000
v 14.0000 1.0000 9.0000
v 14.0000 2.0000 9.0000
v 13.0000 3.0000 10.0000
v 14.0000 3.0000 10.0000
v 14.0000 3.0000 9.0000
v 14.0000 -15.0000 7.0000
v 14.0000 -15.0000 6.0000
v 14.0000 -16.0000 6.0000
v 14.0000 -16.0000 7.0000
v 14.0000 -16.0000 5.0000
v 14.0000 -14.0000 6.0000
v 14.0000 -15.0000 5.0000
v 14.0000 -14.0000 5.0000
v 13.0000 -14.0000 5.0000
v 14.0000 -13.0000 6.0000
v 14.0000 -13.0000 5.0000
v 13.0000 -13.0000 5.0000
v 14.0000 -12.0000 6.0000
v 14.0000 -12.0000 5.0000
v 14.0000 -16.0000 4.0000
v 14.0000 -15.0000 4.0000
v 14.0000 -14.0000 4.0000
v 13.0000 -14.0000 4.0000
v 14.0000 -13.0000 4.0000
v 13.0000 -13.0000 4.0000
v 14.0000 -12.0000 4.0000
v 14.0000 -16.0000 3.0000
v 14.0000 -15.0000 3.0000
v 14.0000 -14.0000 3.0000
v 13.0000 -14.0000 3.0000
v 14.0000 -13.0000 3.0000
v 13.0000 -13.0000 3.0000
v 14.0000 -12.0000 3.0000
v 14.0000 -16.0000 2.0000
v 14.0000 -14.0000 2.0000
v 14.0000 -15.0000 2.0000
v 14.0000 -13.0000 2.0000
v 14.0000 -12.0000 2.0000
v 14.0000 -11.0000 3.0000
v 14.0000 -11.0000 2.0000
v 14.0000 -15.0000 1.0000
v 14.0000 -16.0000 1.0000
v 14.0000 -15.0000 -0.0000
v 14.0000 -16.0000 -0.0000
v 13.0000 10.0000 -0.0000
v 14.0000 10.0000 -0.0000
v 14.0000 10.0000 -1.0000
v 13.0000 10.0000 -1.0000
v 14.0000 9.0000 -1.0000
v 14.0000 9.0000 -0.0000
v 14.0000 10.0000 -2.0000
v 13.0000 10.0000 -2.0000
v 14.0000 9.0000 -2.0000
v 14.0000 10.0000 -3.0000
v 14.0000 9.0000 -3.0000
v 14.0000 10.0000 -4.0000
v 14.0000 9.0000 -4.0000
v 14.0000 10.0000 -5.0000
v 14.0000 9.0000 -5.0000
v 14.0000 10.0000 -6.0000
v 14.0000 9.0000 -6.0000
v 14.0000 10.0000 -7.0000
v 14.0000 9.0000 -7.0000
v 14.0000 10.0000 -8.0000
v 14.0000 9.0000 -8.0000
v 13.0000 0.0000 -8.0000
v 13.0000 0.0000 -9.0000
v 14.0000 0.0000 -9.0000
v 14.0000 0.0000 -8.0000
v 14.0000 1.0000 -8.0000
v 13.0000 1.0000 -8.0000
v 13.0000 1.0000 -9.0000
v 14.0000 1.0000 -9.0000
v 14.0000 2.0000 -8.0000
v 13.0000 2.0000 -8.0000
v 13.0000 2.0000 -9.0000
v 14.0000 2.0000 -9.0000
v 14.0000 3.0000 -8.0000
v 13.0000 3.0000 -8.0000
v 13.0000 3.0000 -9.0000
v 14.0000 3.0000 -9.0000
v 14.0000 4.0000 -8.0000
v 13.0000 4.0000 -8.0000
v 13.0000 4.0000 -9.0000
v 14.0000 4.0000 -9.0000
v 14.0000 5.0000 -8.0000
v 13.0000 5.0000 -8.0000
v 14.0000 5.0000 -9.0000
v 14.0000 6.0000 -8.0000
v 14.0000 6.0000 -9.0000
v 14.0000 10.0000 -9.0000
v 14.0000 9.0000 -9.0000
v 14.0000 9.0000 -10.0000
v 14.0000 10.0000 -10.0000
v 14.0000 11.0000 -9.0000
v 14.0000 11.0000 -10.0000
v 14.0000 11.0000 -11.0000
v 14.0000 10.0000 -11.0000
v 14.0000 12.0000 -11.0000
v 14.0000 12.0000 -12.0000
v 14.0000 11.0000 -12.0000
v 15.0000 1.0000 16.0000
v 15.0000 1.0000 15.0000
v 15.0000 0.0000 15.0000
v 15.0000 0.0000 16.0000
v 15.0000 1.0000 14.0000
v 14.0000 1.0000 14.0000
v 15.0000 0.0000 14.0000
v 15.0000 0.0000 13.0000
v 15.0000 -1.0000 13.0000
v 15.0000 -1.0000 14.0000
v 15.0000 0.0000 12.0000
v 15.0000 -1.0000 12.0000
v 15.0000 1.0000 12.0000
v 15.0000 1.0000 11.0000
v 15.0000 0.0000 11.0000
v 15.0000 2.0000 11.0000
v 15.0000 2.0000 10.0000
v 15.0000 1.0000 10.0000
v 15.0000 -15.0000 7.0000
v 15.0000 -15.0000 6.0000
v 15.0000 -16.0000 6.0000
v 15.0000 -16.0000 7.0000
v 15.0000 -15.0000 5.0000
v 15.0000 -16.0000 5.0000
v 15.0000 -15.0000 4.0000
v 15.0000 -16.0000 4.0000
v 15.0000 -15.0000 3.0000
v 15.0000 -16.0000 3.0000
v 15.0000 -15.0000 2.0000
v 15.0000 -16.0000 2.0000
v 15.0000 -15.0000 1.0000
v 15.0000 -16.0000 1.0000
v 15.0000 10.0000 -2.0000
v 15.0000 10.0000 -3.0000
v 15.0000 9.0000 -3.0000
v 15.0000 9.0000 -2.0000
v 15.0000 10.0000 -4.0000
v 15.0000 9.0000 -4.0000
v 15.0000 10.0000 -5.0000
v 15.0000 9.0000 -5.0000
v 15.0000 10.0000 -6.0000
v 15.0000 9.0000 -6.0000
v 15.0000 10.0000 -7.0000
v 15.0000 9.0000 -7.0000
v 15.0000 10.0000 -8.0000
v 15.0000 9.0000 -8.0000
v 15.0000 9.0000 -9.0000
v 15.0000 10.0000 -9.0000
v 14.0000 11.0000 -8.0000
v 15.0000 11.0000 -8.0000
v 15.0000 11.0000 -9.0000
v 15.0000 11.0000 -10.0000
v 15.0000 10.0000 -10.0000
v 14.0000 12.0000 -10.0000
v 15.0000 12.0000 -10.0000
v 15.0000 12.0000 -11.0000
v 15.0000 11.0000 -11.0000
v 16.0000 1.0000 14.0000
v 16.0000 1.0000 13.0000
v 15.0000 1.0000 13.0000
v 16.0000 0.0000 13.0000
v 16.0000 0.0000 14.0000
v 16.0000 1.0000 12.0000
v 16.0000 0.0000 12.0000
v 15.0000 11.0000 -4.0000
v 16.0000 11.0000 -4.0000
v 16.0000 11.0000 -5.0000
v 15.0000 11.0000 -5.0000
v 16.0000 10.0000 -5.0000
v 16.0000 10.0000 -4.0000
v 16.0000 11.0000 -6.0000
v 15.0000 11.0000 -6.0000
v 16.0000 10.0000 -6.0000
v 16.0000 11.0000 -7.0000
v 15.0000 11.0000 -7.0000
v 16.0000 10.0000 -7.0000
v 16.0000 11.0000 -8.0000
v 16.0000 10.0000 -8.0000
v 15.0000 12.0000 -8.0000
v 16.0000 12.0000 -8.0000
v 16.0000 12.0000 -9.0000
v 15.0000 12.0000 -9.0000
v 16.0000 11.0000 -9.0000
v 16.0000 12.0000 -10.0000
v 16.0000 11.0000 -10.0000
vt 0.001953 0.500000
vt 0.005859 0.500000
vt 0.009766 0.500000
vt 0.013672 0.500000
vt 0.017578 0.500000
vt 0.021484 0.500000
vt 0.025391 0.500000
vt 0.029297 0.500000
vt 0.033203 0.500000
vt 0.037109 0.500000
vt 0.041016 0.500000
vt 0.044922 0.500000
vt 0.048828 0.500000
vt 0.052734 0.500000
vt 0.056641 0.500000
vt 0.060547 0.500000
vt 0.064453 0.500000
vt 0.068359 0.500000
vn 0.0 -1.0 0.0
vn 0.0 1.0 0.0
vn 0.0 0.0 1.0
vn 0.0 0.0 -1.0
vn -1.0 0.0 0.0
vn 1.0 0.0 0.0
usemtl mat_Sietecueros_Sergio_Danilo_Palacios_Castillo_fase_4
s off
f 1/1/2 2/1/2 3/1/2 4/1/2
f 5/1/1 6/1/1 7/1/1 8/1/1
f 5/1/3 8/1/3 2/1/3 1/1/3
f 5/1/5 1/1/5 4/1/5 6/1/5
f 4/1/2 3/1/2 9/1/2 10/1/2
f 6/1/1 11/1/1 12/1/1 7/1/1
f 6/1/5 4/1/5 10/1/5 11/1/5
f 10/1/2 9/1/2 13/1/2 14/1/2
f 11/1/1 15/1/1 16/1/1 12/1/1
f 11/1/5 10/1/5 14/1/5 15/1/5
f 14/1/2 13/1/2 17/1/2 18/1/2
f 15/1/1 19/1/1 20/1/1 16/1/1
f 15/1/5 14/1/5 18/1/5 19/1/5
f 18/1/2 17/1/2 21/1/2 22/1/2
f 19/1/1 23/1/1 24/1/1 20/1/1
f 19/1/5 18/1/5 22/1/5 23/1/5
f 22/1/2 21/1/2 25/1/2 26/1/2
f 23/1/1 27/1/1 28/1/1 24/1/1
f 27/1/4 26/1/4 25/1/4 28/1/4
f 23/1/5 22/1/5 26/1/5 27/1/5
f 2/1/2 29/1/2 30/1/2 3/1/2
f 8/1/1 7/1/1 31/1/1 32/1/1
f 8/1/3 32/1/3 29/1/3 2/1/3
f 7/2/1 12/2/1 33/2/1 31/2/1
f 3/1/3 30/1/3 34/1/3 35/1/3
f 30/1/6 36/1/6 37/1/6 34/1/6
f 3/1/5 35/1/5 38/1/5 9/1/5
f 35/1/3 34/1/3 39/1/3 40/1/3
f 34/1/6 37/1/6 41/1/6 39/1/6
f 35/1/5 40/1/5 42/1/5 38/1/5
f 43/3/2 44/3/2 45/3/2 46/3/2
f 40/3/3 39/3/3 44/3/3 43/3/3
f 39/3/6 41/3/6 45/3/6 44/3/6
f 40/3/5 43/3/5 46/3/5 42/3/5
f 12/2/1 16/2/1 47/2/1 33/2/1
f 36/3/6 48/3/6 49/3/6 37/3/6
f 9/3/5 38/3/5 50/3/5 13/3/5
f 37/1/6 49/1/6 51/1/6 41/1/6
f 38/1/5 42/1/5 52/1/5 50/1/5
f 46/1/2 45/1/2 53/1/2 54/1/2
f 41/1/6 51/1/6 53/1/6 45/1/6
f 42/1/5 46/1/5 54/1/5 52/1/5
f 16/2/1 20/2/1 55/2/1 47/2/1
f 48/3/6 56/3/6 57/3/6 49/3/6
f 13/3/5 50/3/5 58/3/5 17/3/5
f 49/3/6 57/3/6 59/3/6 51/3/6
f 50/3/5 52/3/5 60/3/5 58/3/5
f 54/3/2 53/3/2 61/3/2 62/3/2
f 51/3/6 59/3/6 61/3/6 53/3/6
f 52/3/5 54/3/5 62/3/5 60/3/5
f 20/2/1 24/2/1 63/2/1 55/2/1
f 21/1/4 64/1/4 65/1/4 66/1/4
f 56/1/6 66/1/6 65/1/6 57/1/6
f 17/1/5 58/1/5 64/1/5 21/1/5
f 64/1/4 67/1/4 68/1/4 65/1/4
f 57/1/6 65/1/6 68/1/6 59/1/6
f 58/1/5 60/1/5 67/1/5 64/1/5
f 67/1/4 69/1/4 70/1/4 68/1/4
f 59/1/6 68/1/6 70/1/6 61/1/6
f 60/1/5 62/1/5 69/1/5 67/1/5
f 71/3/2 72/3/2 73/3/2 74/3/2
f 62/3/3 61/3/3 72/3/3 71/3/3
f 69/3/4 74/3/4 73/3/4 70/3/4
f 62/3/5 71/3/5 74/3/5 69/3/5
f 21/1/2 66/1/2 75/1/2 25/1/2
f 24/1/1 28/1/1 76/1/1 63/1/1
f 25/1/2 75/1/2 77/1/2 78/1/2
f 28/1/1 79/1/1 80/1/1 76/1/1
f 79/1/4 78/1/4 77/1/4 80/1/4
f 28/1/5 25/1/5 78/1/5 79/1/5
f 81/4/2 82/4/2 83/4/2 84/4/2
f 85/4/1 86/4/1 87/4/1 88/4/1
f 85/4/3 88/4/3 82/4/3 81/4/3
f 85/4/5 81/4/5 84/4/5 86/4/5
f 84/4/2 83/4/2 89/4/2 90/4/2
f 86/4/1 91/4/1 92/4/1 87/4/1
f 91/4/4 90/4/4 89/4/4 92/4/4
f 87/4/6 92/4/6 89/4/6 83/4/6
f 86/4/5 84/4/5 90/4/5 91/4/5
f 93/4/1 94/4/1 95/4/1 96/4/1
f 93/4/3 96/4/3 97/4/3 98/4/3
f 94/4/4 99/4/4 100/4/4 95/4/4
f 96/4/6 95/4/6 100/4/6 97/4/6
f 93/4/5 98/4/5 99/4/5 94/4/5
f 101/4/2 102/4/2 103/4/2 104/4/2
f 98/4/3 97/4/3 102/4/3 101/4/3
f 99/4/4 104/4/4 103/4/4 100/4/4
f 98/4/5 101/4/5 104/4/5 99/4/5
f 105/1/2 106/1/2 107/1/2 29/1/2
f 108/1/1 32/1/1 109/1/1 110/1/1
f 108/1/3 110/1/3 106/1/3 105/1/3
f 108/1/5 105/1/5 29/1/5 32/1/5
f 32/2/1 31/2/1 111/2/1 109/2/1
f 29/1/3 107/1/3 112/1/3 113/1/3
f 30/1/4 34/1/4 114/1/4 115/1/4
f 29/1/5 113/1/5 34/1/5 30/1/5
f 113/3/3 112/3/3 116/3/3 117/3/3
f 34/3/4 39/3/4 118/3/4 114/3/4
f 113/3/5 117/3/5 39/3/5 34/3/5
f 119/3/2 120/3/2 121/3/2 44/3/2
f 117/3/3 116/3/3 120/3/3 119/3/3
f 39/3/4 44/3/4 121/3/4 118/3/4
f 117/3/5 119/3/5 44/3/5 39/3/5
f 30/2/2 115/2/2 122/2/2 36/2/2
f 31/2/1 33/2/1 123/2/1 111/2/1
f 44/5/1 45/5/1 124/5/1 121/5/1
f 44/5/3 121/5/3 125/5/3 126/5/3
f 44/5/5 126/5/5 127/5/5 45/5/5
f 126/5/3 125/5/3 128/5/3 129/5/3
f 126/5/5 129/5/5 130/5/5 127/5/5
f 129/5/3 128/5/3 131/5/3 132/5/3
f 129/5/5 132/5/5 133/5/5 130/5/5
f 134/5/2 135/5/2 136/5/2 137/5/2
f 132/5/3 131/5/3 135/5/3 134/5/3
f 132/5/5 134/5/5 137/5/5 133/5/5
f 36/2/2 122/2/2 138/2/2 48/2/2
f 33/2/1 47/2/1 139/2/1 123/2/1
f 45/3/1 53/3/1 140/3/1 124/3/1
f 124/3/6 140/3/6 141/3/6 142/3/6
f 45/3/5 127/3/5 143/3/5 53/3/5
f 142/5/6 141/5/6 144/5/6 145/5/6
f 127/5/5 130/5/5 146/5/5 143/5/5
f 145/5/6 144/5/6 147/5/6 148/5/6
f 130/5/5 133/5/5 149/5/5 146/5/5
f 148/6/6 147/6/6 150/6/6 136/6/6
f 133/6/5 137/6/5 151/6/5 149/6/5
f 137/6/3 136/6/3 152/6/3 153/6/3
f 136/6/6 150/6/6 154/6/6 152/6/6
f 137/6/5 153/6/5 155/6/5 151/6/5
f 153/6/3 152/6/3 156/6/3 157/6/3
f 152/6/6 154/6/6 158/6/6 156/6/6
f 153/6/5 157/6/5 159/6/5 155/6/5
f 157/6/3 156/6/3 160/6/3 161/6/3
f 156/6/6 158/6/6 162/6/6 160/6/6
f 157/6/5 161/6/5 163/6/5 159/6/5
f 164/6/2 165/6/2 166/6/2 167/6/2
f 161/6/3 160/6/3 165/6/3 164/6/3
f 161/6/5 164/6/5 167/6/5 163/6/5
f 48/2/2 138/2/2 168/2/2 56/2/2
f 47/2/1 55/2/1 169/2/1 139/2/1
f 53/3/1 61/3/1 170/3/1 140/3/1
f 140/3/6 170/3/6 171/3/6 141/3/6
f 53/3/5 143/3/5 72/3/5 61/3/5
f 141/3/6 171/3/6 172/3/6 144/3/6
f 143/3/5 146/3/5 173/3/5 72/3/5
f 144/3/6 172/3/6 174/3/6 147/3/6
f 146/3/5 149/3/5 175/3/5 173/3/5
f 147/3/6 174/3/6 176/3/6 150/3/6
f 149/3/5 151/3/5 177/3/5 175/3/5
f 150/3/6 176/3/6 178/3/6 154/3/6
f 151/3/5 155/3/5 179/3/5 177/3/5
f 154/5/6 178/5/6 180/5/6 158/5/6
f 155/5/5 159/5/5 181/5/5 179/5/5
f 158/5/6 180/5/6 182/5/6 162/5/6
f 159/5/5 163/5/5 183/5/5 181/5/5
f 167/5/2 166/5/2 184/5/2 185/5/2
f 163/5/5 167/5/5 185/5/5 183/5/5
f 56/2/2 168/2/2 186/2/2 66/2/2
f 55/2/1 63/2/1 187/2/1 169/2/1
f 61/5/1 70/5/1 188/5/1 170/5/1
f 170/5/6 188/5/6 189/5/6 171/5/6
f 73/6/4 190/6/4 191/6/4 189/6/4
f 72/6/5 173/6/5 190/6/5 73/6/5
f 190/5/4 192/5/4 193/5/4 191/5/4
f 172/5/6 191/5/6 193/5/6 174/5/6
f 173/5/5 175/5/5 192/5/5 190/5/5
f 192/5/4 194/5/4 195/5/4 193/5/4
f 174/5/6 193/5/6 195/5/6 176/5/6
f 175/5/5 177/5/5 194/5/5 192/5/5
f 194/5/4 196/5/4 197/5/4 195/5/4
f 176/5/6 195/5/6 197/5/6 178/5/6
f 177/5/5 179/5/5 196/5/5 194/5/5
f 196/6/4 198/6/4 199/6/4 197/6/4
f 178/6/6 197/6/6 199/6/6 180/6/6
f 179/6/5 181/6/5 198/6/5 196/6/5
f 198/6/4 200/6/4 201/6/4 199/6/4
f 180/6/6 199/6/6 201/6/6 182/6/6
f 181/6/5 183/6/5 200/6/5 198/6/5
f 185/5/2 184/5/2 202/5/2 203/5/2
f 200/5/4 203/5/4 202/5/4 201/5/4
f 182/5/6 201/5/6 202/5/6 184/5/6
f 183/5/5 185/5/5 203/5/5 200/5/5
f 63/2/1 76/2/1 204/2/1 187/2/1
f 66/1/3 186/1/3 205/1/3 65/1/3
f 75/1/4 206/1/4 207/1/4 208/1/4
f 186/1/6 208/1/6 207/1/6 205/1/6
f 66/1/5 65/1/5 206/1/5 75/1/5
f 65/1/3 205/1/3 209/1/3 68/1/3
f 206/1/4 210/1/4 211/1/4 207/1/4
f 205/1/6 207/1/6 211/1/6 209/1/6
f 65/1/5 68/1/5 210/1/5 206/1/5
f 68/3/3 209/3/3 188/3/3 70/3/3
f 210/3/4 212/3/4 213/3/4 211/3/4
f 209/3/6 211/3/6 213/3/6 188/3/6
f 68/3/5 70/3/5 212/3/5 210/3/5
f 73/6/2 189/6/2 214/6/2 215/6/2
f 212/6/4 215/6/4 214/6/4 213/6/4
f 188/6/6 213/6/6 214/6/6 189/6/6
f 70/6/5 73/6/5 215/6/5 212/6/5
f 75/1/2 208/1/2 216/1/2 77/1/2
f 76/1/1 80/1/1 217/1/1 204/1/1
f 80/1/4 77/1/4 216/1/4 217/1/4
f 218/4/1 219/4/1 220/4/1 221/4/1
f 218/4/3 221/4/3 222/4/3 223/4/3
f 219/4/4 224/4/4 225/4/4 220/4/4
f 218/4/5 223/4/5 224/4/5 219/4/5
f 226/4/2 227/4/2 228/4/2 229/4/2
f 223/4/3 222/4/3 227/4/3 226/4/3
f 222/4/6 225/4/6 228/4/6 227/4/6
f 223/4/5 226/4/5 229/4/5 224/4/5
f 224/4/1 230/4/1 231/4/1 225/4/1
f 225/4/6 231/4/6 232/4/6 228/4/6
f 224/4/5 229/4/5 233/4/5 230/4/5
f 234/7/2 235/7/2 236/7/2 237/7/2
f 229/7/3 228/7/3 235/7/3 234/7/3
f 233/7/4 237/7/4 236/7/4 232/7/4
f 228/7/6 232/7/6 236/7/6 235/7/6
f 229/7/5 234/7/5 237/7/5 233/7/5
f 233/4/2 232/4/2 238/4/2 88/4/2
f 230/4/1 239/4/1 240/4/1 231/4/1
f 239/4/4 88/4/4 238/4/4 240/4/4
f 231/4/6 240/4/6 238/4/6 232/4/6
f 230/4/5 233/4/5 88/4/5 239/4/5
f 82/4/2 241/4/2 242/4/2 83/4/2
f 88/4/1 87/4/1 243/4/1 238/4/1
f 88/4/3 238/4/3 241/4/3 82/4/3
f 87/4/4 83/4/4 242/4/4 243/4/4
f 244/7/2 245/7/2 246/7/2 247/7/2
f 83/7/1 89/7/1 248/7/1 242/7/1
f 83/7/3 242/7/3 245/7/3 244/7/3
f 89/7/4 247/7/4 246/7/4 248/7/4
f 83/7/5 244/7/5 247/7/5 89/7/5
f 249/4/2 250/4/2 251/4/2 252/4/2
f 253/4/1 254/4/1 255/4/1 256/4/1
f 253/4/3 256/4/3 250/4/3 249/4/3
f 256/4/6 255/4/6 251/4/6 250/4/6
f 253/4/5 249/4/5 252/4/5 254/4/5
f 252/4/2 251/4/2 257/4/2 258/4/2
f 254/4/1 259/4/1 260/4/1 255/4/1
f 255/4/6 260/4/6 257/4/6 251/4/6
f 254/4/5 252/4/5 258/4/5 259/4/5
f 258/4/2 257/4/2 261/4/2 262/4/2
f 259/4/1 263/4/1 264/4/1 260/4/1
f 263/4/4 262/4/4 261/4/4 264/4/4
f 260/4/6 264/4/6 261/4/6 257/4/6
f 259/4/5 258/4/5 262/4/5 263/4/5
f 265/4/2 266/4/2 267/4/2 97/4/2
f 262/4/1 96/4/1 268/4/1 261/4/1
f 262/4/3 261/4/3 266/4/3 265/4/3
f 96/4/4 97/4/4 267/4/4 268/4/4
f 261/4/6 268/4/6 267/4/6 266/4/6
f 262/4/5 265/4/5 97/4/5 96/4/5
f 102/4/2 269/4/2 270/4/2 103/4/2
f 97/4/1 100/4/1 271/4/1 267/4/1
f 97/4/3 267/4/3 269/4/3 102/4/3
f 106/1/2 272/1/2 273/1/2 107/1/2
f 110/1/1 109/1/1 274/1/1 275/1/1
f 110/1/3 275/1/3 272/1/3 106/1/3
f 100/4/1 276/4/1 277/4/1 271/4/1
f 276/4/4 278/4/4 279/4/4 277/4/4
f 100/4/5 103/4/5 278/4/5 276/4/5
f 280/4/2 281/4/2 282/4/2 283/4/2
f 103/4/3 270/4/3 281/4/3 280/4/3
f 278/4/4 283/4/4 282/4/4 279/4/4
f 103/4/5 280/4/5 283/4/5 278/4/5
f 109/2/1 111/2/1 284/2/1 274/2/1
f 107/1/3 273/1/3 285/1/3 112/1/3
f 112/3/3 285/3/3 286/3/3 116/3/3
f 114/3/4 118/3/4 287/3/4 288/3/4
f 120/3/2 289/3/2 290/3/2 121/3/2
f 116/3/3 286/3/3 289/3/3 120/3/3
f 118/3/4 121/3/4 290/3/4 287/3/4
f 111/2/1 123/2/1 291/2/1 284/2/1
f 114/5/2 288/5/2 292/5/2 293/5/2
f 122/5/4 293/5/4 292/5/4 294/5/4
f 295/5/6 294/5/6 292/5/6 288/5/6
f 115/5/5 114/5/5 293/5/5 122/5/5
f 121/3/1 124/3/1 296/3/1 290/3/1
f 121/3/3 290/3/3 297/3/3 125/3/3
f 124/3/4 142/3/4 298/3/4 296/3/4
f 125/3/3 297/3/3 299/3/3 128/3/3
f 142/3/4 145/3/4 300/3/4 298/3/4
f 128/3/3 299/3/3 301/3/3 131/3/3
f 145/3/4 148/3/4 302/3/4 300/3/4
f 131/3/3 301/3/3 303/3/3 135/3/3
f 148/3/4 136/3/4 304/3/4 302/3/4
f 135/3/3 303/3/3 305/3/3 306/3/3
f 136/3/4 152/3/4 307/3/4 304/3/4
f 135/3/5 306/3/5 152/3/5 136/3/5
f 306/3/3 305/3/3 308/3/3 309/3/3
f 152/3/4 156/3/4 310/3/4 307/3/4
f 306/3/5 309/3/5 156/3/5 152/3/5
f 309/3/3 308/3/3 311/3/3 312/3/3
f 156/3/4 160/3/4 313/3/4 310/3/4
f 309/3/5 312/3/5 160/3/5 156/3/5
f 314/5/2 315/5/2 316/5/2 165/5/2
f 312/5/3 311/5/3 315/5/3 314/5/3
f 312/5/5 314/5/5 165/5/5 160/5/5
f 122/2/2 294/2/2 317/2/2 138/2/2
f 123/2/1 139/2/1 318/2/1 291/2/1
f 160/5/1 162/5/1 319/5/1 313/5/1
f 165/6/3 316/6/3 320/6/3 321/6/3
f 165/6/5 321/6/5 322/6/5 166/6/5
f 323/6/2 324/6/2 325/6/2 326/6/2
f 321/6/3 320/6/3 324/6/3 323/6/3
f 321/6/5 323/6/5 326/6/5 322/6/5
f 138/2/2 317/2/2 327/2/2 168/2/2
f 139/2/1 169/2/1 328/2/1 318/2/1
f 162/5/1 182/5/1 329/5/1 319/5/1
f 182/5/4 184/5/4 330/5/4 329/5/4
f 319/5/6 329/5/6 330/5/6 331/5/6
f 331/5/6 330/5/6 332/5/6 333/5/6
f 166/5/5 322/5/5 334/5/5 184/5/5
f 326/6/2 325/6/2 335/6/2 336/6/2
f 322/6/5 326/6/5 336/6/5 334/6/5
f 168/2/2 327/2/2 337/2/2 186/2/2
f 169/2/1 187/2/1 338/2/1 328/2/1
f 172/5/2 339/5/2 340/5/2 191/5/2
f 171/5/1 189/5/1 341/5/1 342/5/1
f 171/5/3 342/5/3 339/5/3 172/5/3
f 342/5/6 341/5/6 340/5/6 339/5/6
f 184/5/1 202/5/1 343/5/1 330/5/1
f 202/5/4 344/5/4 345/5/4 343/5/4
f 184/5/5 334/5/5 344/5/5 202/5/5
f 336/5/2 335/5/2 346/5/2 347/5/2
f 344/5/4 347/5/4 346/5/4 345/5/4
f 334/5/5 336/5/5 347/5/5 344/5/5
f 186/2/2 337/2/2 348/2/2 208/2/2
f 187/2/1 204/2/1 349/2/1 338/2/1
f 189/5/1 214/5/1 350/5/1 341/5/1
f 214/5/4 351/5/4 352/5/4 350/5/4
f 189/5/5 191/5/5 351/5/5 214/5/5
f 191/5/3 340/5/3 353/5/3 193/5/3
f 351/5/4 354/5/4 355/5/4 352/5/4
f 191/5/5 193/5/5 354/5/5 351/5/5
f 193/8/3 353/8/3 356/8/3 195/8/3
f 354/8/4 357/8/4 358/8/4 355/8/4
f 193/8/5 195/8/5 357/8/5 354/8/5
f 195/8/3 356/8/3 359/8/3 197/8/3
f 357/8/4 360/8/4 361/8/4 358/8/4
f 195/8/5 197/8/5 360/8/5 357/8/5
f 197/5/3 359/5/3 362/5/3 199/5/3
f 360/5/4 363/5/4 364/5/4 361/5/4
f 197/5/5 199/5/5 363/5/5 360/5/5
f 199/5/3 362/5/3 365/5/3 201/5/3
f 363/5/4 366/5/4 367/5/4 364/5/4
f 199/5/5 201/5/5 366/5/5 363/5/5
f 202/5/2 343/5/2 368/5/2 369/5/2
f 201/5/3 365/5/3 343/5/3 202/5/3
f 366/5/4 369/5/4 368/5/4 367/5/4
f 201/5/5 202/5/5 369/5/5 366/5/5
f 204/2/1 217/2/1 370/2/1 349/2/1
f 208/1/3 348/1/3 371/1/3 207/1/3
f 216/1/4 372/1/4 373/1/4 374/1/4
f 208/1/5 207/1/5 372/1/5 216/1/5
f 207/3/3 371/3/3 375/3/3 211/3/3
f 372/3/4 376/3/4 377/3/4 373/3/4
f 207/3/5 211/3/5 376/3/5 372/3/5
f 211/3/3 375/3/3 378/3/3 213/3/3
f 376/3/4 379/3/4 380/3/4 377/3/4
f 211/3/5 213/3/5 379/3/5 376/3/5
f 214/5/2 350/5/2 381/5/2 382/5/2
f 213/5/3 378/5/3 350/5/3 214/5/3
f 379/5/4 382/5/4 381/5/4 380/5/4
f 213/5/5 214/5/5 382/5/5 379/5/5
f 216/1/2 374/1/2 383/1/2 384/1/2
f 217/1/1 385/1/1 386/1/1 370/1/1
f 385/1/4 384/1/4 383/1/4 386/1/4
f 217/1/5 216/1/5 384/1/5 385/1/5
f 387/4/2 388/4/2 389/4/2 390/4/2
f 391/4/1 392/4/1 393/4/1 394/4/1
f 391/4/3 394/4/3 388/4/3 387/4/3
f 394/4/6 393/4/6 389/4/6 388/4/6
f 391/4/5 387/4/5 390/4/5 392/4/5
f 395/4/1 221/4/1 396/4/1 397/4/1
f 395/4/3 397/4/3 393/4/3 392/4/3
f 395/4/5 392/4/5 222/4/5 221/4/5
f 390/7/2 389/7/2 398/7/2 227/7/2
f 222/7/4 227/7/4 398/7/4 399/7/4
f 393/7/6 399/7/6 398/7/6 389/7/6
f 392/7/5 390/7/5 227/7/5 222/7/5
f 222/4/2 399/4/2 400/4/2 225/4/2
f 221/4/1 220/4/1 401/4/1 396/4/1
f 225/4/2 400/4/2 402/4/2 231/4/2
f 220/4/1 403/4/1 404/4/1 401/4/1
f 220/4/5 225/4/5 231/4/5 403/4/5
f 231/4/2 402/4/2 405/4/2 240/4/2
f 403/4/1 406/4/1 407/4/1 404/4/1
f 406/4/4 240/4/4 405/4/4 407/4/4
f 403/4/5 231/4/5 240/4/5 406/4/5
f 236/4/2 408/4/2 409/4/2 241/4/2
f 232/4/1 238/4/1 410/4/1 411/4/1
f 232/4/3 411/4/3 408/4/3 236/4/3
f 411/4/6 410/4/6 409/4/6 408/4/6
f 232/4/5 236/4/5 241/4/5 238/4/5
f 240/4/1 412/4/1 413/4/1 405/4/1
f 240/4/3 405/4/3 410/4/3 238/4/3
f 412/4/4 243/4/4 414/4/4 413/4/4
f 240/4/5 238/4/5 243/4/5 412/4/5
f 241/4/2 409/4/2 415/4/2 242/4/2
f 243/4/1 416/4/1 417/4/1 414/4/1
f 416/4/4 248/4/4 418/4/4 417/4/4
f 243/4/5 242/4/5 248/4/5 416/4/5
f 245/7/2 419/7/2 420/7/2 246/7/2
f 242/7/3 415/7/3 419/7/3 245/7/3
f 248/4/1 421/4/1 422/4/1 418/4/1
f 421/4/4 423/4/4 424/4/4 422/4/4
f 418/4/6 422/4/6 424/4/6 420/4/6
f 248/4/5 246/4/5 423/4/5 421/4/5
f 425/7/2 426/7/2 427/7/2 428/7/2
f 246/7/3 420/7/3 426/7/3 425/7/3
f 423/7/4 428/7/4 427/7/4 424/7/4
f 246/7/5 425/7/5 428/7/5 423/7/5
f 429/4/2 430/4/2 431/4/2 250/4/2
f 432/4/1 256/4/1 433/4/1 434/4/1
f 432/4/3 434/4/3 430/4/3 429/4/3
f 256/4/4 250/4/4 431/4/4 433/4/4
f 434/4/6 433/4/6 431/4/6 430/4/6
f 432/4/5 429/4/5 250/4/5 256/4/5
f 256/4/2 433/4/2 435/4/2 255/4/2
f 436/4/1 437/4/1 438/4/1 439/4/1
f 436/4/3 439/4/3 433/4/3 256/4/3
f 439/4/6 438/4/6 435/4/6 433/4/6
f 436/4/5 256/4/5 255/4/5 437/4/5
f 440/4/1 441/4/1 442/4/1 443/4/1
f 440/4/3 443/4/3 438/4/3 437/4/3
f 441/4/4 444/4/4 445/4/4 442/4/4
f 443/4/6 442/4/6 445/4/6 438/4/6
f 440/4/5 437/4/5 444/4/5 441/4/5
f 255/4/2 435/4/2 446/4/2 260/4/2
f 437/4/5 255/4/5 260/4/5 444/4/5
f 260/4/2 446/4/2 447/4/2 264/4/2
f 444/4/1 448/4/1 449/4/1 445/4/1
f 448/4/4 264/4/4 447/4/4 449/4/4
f 444/4/5 260/4/5 264/4/5 448/4/5
f 261/7/2 450/7/2 451/7/2 268/7/2
f 264/7/1 452/7/1 453/7/1 447/7/1
f 264/7/3 447/7/3 450/7/3 261/7/3
f 452/7/4 268/7/4 451/7/4 453/7/4
f 447/7/6 453/7/6 451/7/6 450/7/6
f 264/7/5 261/7/5 268/7/5 452/7/5
f 268/4/1 454/4/1 455/4/1 451/4/1
f 268/4/3 451/4/3 456/4/3 267/4/3
f 454/4/4 271/4/4 457/4/4 455/4/4
f 268/4/5 267/4/5 271/4/5 454/4/5
f 269/4/2 458/4/2 459/4/2 270/4/2
f 267/4/3 456/4/3 458/4/3 269/4/3
f 456/4/6 457/4/6 459/4/6 458/4/6
f 272/1/2 460/1/2 461/1/2 273/1/2
f 275/1/1 274/1/1 462/1/1 463/1/1
f 275/1/3 463/1/3 460/1/3 272/1/3
f 271/4/1 277/4/1 464/4/1 457/4/1
f 277/4/4 279/4/4 465/4/4 464/4/4
f 270/4/3 459/4/3 466/4/3 281/4/3
f 279/4/4 282/4/4 467/4/4 465/4/4
f 468/4/2 469/4/2 470/4/2 471/4/2
f 281/4/3 466/4/3 469/4/3 468/4/3
f 282/4/4 471/4/4 470/4/4 467/4/4
f 281/4/5 468/4/5 471/4/5 282/4/5
f 274/2/1 284/2/1 472/2/1 462/2/1
f 273/1/3 461/1/3 473/1/3 285/1/3
f 295/1/4 288/1/4 474/1/4 475/1/4
f 285/1/3 473/1/3 476/1/3 286/1/3
f 288/1/4 287/1/4 477/1/4 474/1/4
f 289/1/2 478/1/2 479/1/2 290/1/2
f 286/1/3 476/1/3 478/1/3 289/1/3
f 287/1/4 290/1/4 479/1/4 477/1/4
f 295/2/2 475/2/2 480/2/2 294/2/2
f 284/2/1 291/2/1 481/2/1 472/2/1
f 290/3/1 296/3/1 482/3/1 479/3/1
f 290/3/3 479/3/3 483/3/3 297/3/3
f 296/3/4 298/3/4 484/3/4 482/3/4
f 297/5/3 483/5/3 485/5/3 299/5/3
f 298/5/4 300/5/4 486/5/4 484/5/4
f 299/5/3 485/5/3 487/5/3 301/5/3
f 300/5/4 302/5/4 488/5/4 486/5/4
f 301/5/3 487/5/3 489/5/3 303/5/3
f 302/5/4 304/5/4 490/5/4 488/5/4
f 303/5/3 489/5/3 491/5/3 305/5/3
f 304/5/4 307/5/4 492/5/4 490/5/4
f 305/5/3 491/5/3 493/5/3 308/5/3
f 307/5/4 310/5/4 494/5/4 492/5/4
f 308/3/3 493/3/3 495/3/3 311/3/3
f 315/3/2 496/3/2 497/3/2 316/3/2
f 311/3/3 495/3/3 496/3/3 315/3/3
f 294/2/2 480/2/2 498/2/2 317/2/2
f 291/2/1 318/2/1 499/2/1 481/2/1
f 310/5/1 500/5/1 501/5/1 494/5/1
f 500/5/4 319/5/4 502/5/4 501/5/4
f 310/5/5 313/5/5 319/5/5 500/5/5
f 319/5/4 331/5/4 503/5/4 502/5/4
f 316/3/3 497/3/3 504/3/3 320/3/3
f 331/3/4 333/3/4 505/3/4 503/3/4
f 324/3/2 506/3/2 507/3/2 325/3/2
f 320/3/3 504/3/3 506/3/3 324/3/3
f 317/2/2 498/2/2 508/2/2 327/2/2
f 318/2/1 328/2/1 509/2/1 499/2/1
f 333/5/1 332/5/1 510/5/1 505/5/1
f 505/5/6 510/5/6 511/5/6 507/5/6
f 512/6/2 513/6/2 514/6/2 515/6/2
f 325/6/3 507/6/3 513/6/3 512/6/3
f 335/6/4 515/6/4 514/6/4 511/6/4
f 325/6/5 512/6/5 515/6/5 335/6/5
f 328/2/1 338/2/1 516/2/1 509/2/1
f 517/5/2 518/5/2 519/5/2 520/5/2
f 327/5/3 508/5/3 518/5/3 517/5/3
f 337/5/4 520/5/4 519/5/4 521/5/4
f 508/5/6 521/5/6 519/5/6 518/5/6
f 327/5/5 517/5/5 520/5/5 337/5/5
f 330/5/1 343/5/1 522/5/1 523/5/1
f 330/5/3 523/5/3 510/5/3 332/5/3
f 335/5/2 511/5/2 524/5/2 346/5/2
f 510/5/6 525/5/6 524/5/6 511/5/6
f 337/2/2 521/2/2 526/2/2 348/2/2
f 338/2/1 349/2/1 527/2/1 516/2/1
f 341/5/1 350/5/1 528/5/1 529/5/1
f 341/5/3 529/5/3 530/5/3 340/5/3
f 350/5/4 352/5/4 531/5/4 528/5/4
f 340/5/3 530/5/3 532/5/3 353/5/3
f 352/5/4 355/5/4 533/5/4 531/5/4
f 353/5/3 532/5/3 534/5/3 356/5/3
f 355/5/4 358/5/4 535/5/4 533/5/4
f 356/5/3 534/5/3 536/5/3 359/5/3
f 358/5/4 361/5/4 537/5/4 535/5/4
f 359/5/3 536/5/3 538/5/3 362/5/3
f 361/5/4 364/5/4 539/5/4 537/5/4
f 362/5/3 538/5/3 540/5/3 365/5/3
f 364/5/4 367/5/4 541/5/4 539/5/4
f 365/5/3 540/5/3 522/5/3 343/5/3
f 367/5/4 368/5/4 542/5/4 541/5/4
f 368/5/4 543/5/4 544/5/4 542/5/4
f 343/5/5 345/5/5 543/5/5 368/5/5
f 346/5/2 524/5/2 545/5/2 546/5/2
f 543/5/4 546/5/4 545/5/4 544/5/4
f 345/5/5 346/5/5 546/5/5 543/5/5
f 349/2/1 370/2/1 547/2/1 527/2/1
f 348/1/3 526/1/3 548/1/3 371/1/3
f 374/1/4 373/1/4 549/1/4 550/1/4
f 371/1/3 548/1/3 551/1/3 375/1/3
f 373/1/4 377/1/4 552/1/4 549/1/4
f 375/3/3 551/3/3 553/3/3 378/3/3
f 377/3/4 380/3/4 554/3/4 552/3/4
f 350/5/2 528/5/2 555/5/2 381/5/2
f 378/5/3 553/5/3 528/5/3 350/5/3
f 380/5/4 381/5/4 555/5/4 554/5/4
f 556/4/1 557/4/1 558/4/1 559/4/1
f 556/4/3 559/4/3 560/4/3 561/4/3
f 556/4/5 561/4/5 394/4/5 557/4/5
f 562/4/2 563/4/2 564/4/2 388/4/2
f 561/4/3 560/4/3 563/4/3 562/4/3
f 394/4/4 388/4/4 564/4/4 565/4/4
f 560/4/6 565/4/6 564/4/6 563/4/6
f 561/4/5 562/4/5 388/4/5 394/4/5
f 374/1/2 550/1/2 566/1/2 383/1/2
f 370/1/1 386/1/1 567/1/1 547/1/1
f 386/1/4 383/1/4 566/1/4 567/1/4
f 394/4/2 565/4/2 568/4/2 393/4/2
f 557/4/1 397/4/1 569/4/1 558/4/1
f 557/4/5 394/4/5 393/4/5 397/4/5
f 393/4/2 568/4/2 570/4/2 399/4/2
f 397/4/1 396/4/1 571/4/1 569/4/1
f 399/4/2 570/4/2 572/4/2 400/4/2
f 396/4/1 401/4/1 573/4/1 571/4/1
f 401/4/1 404/4/1 574/4/1 573/4/1
f 575/4/2 576/4/2 577/4/2 411/4/2
f 400/4/3 572/4/3 576/4/3 575/4/3
f 400/4/5 575/4/5 411/4/5 402/4/5
f 578/4/1 579/4/1 580/4/1 581/4/1
f 578/4/3 581/4/3 574/4/3 404/4/3
f 579/4/4 407/4/4 582/4/4 580/4/4
f 581/4/6 580/4/6 582/4/6 574/4/6
f 578/4/5 404/4/5 407/4/5 579/4/5
f 411/4/2 577/4/2 583/4/2 410/4/2
f 402/4/5 411/4/5 410/4/5 405/4/5
f 407/4/1 584/4/1 585/4/1 582/4/1
f 584/4/4 413/4/4 586/4/4 585/4/4
f 407/4/5 405/4/5 413/4/5 584/4/5
f 409/4/2 587/4/2 588/4/2 415/4/2
f 410/4/3 583/4/3 587/4/3 409/4/3
f 413/4/1 589/4/1 590/4/1 586/4/1
f 589/4/4 417/4/4 591/4/4 590/4/4
f 413/4/5 414/4/5 417/4/5 589/4/5
f 417/4/4 418/4/4 592/4/4 591/4/4
f 419/4/2 593/4/2 594/4/2 420/4/2
f 415/4/3 588/4/3 593/4/3 419/4/3
f 418/4/4 420/4/4 594/4/4 592/4/4
f 588/4/6 592/4/6 594/4/6 593/4/6
f 426/4/2 595/4/2 596/4/2 427/4/2
f 420/4/1 424/4/1 597/4/1 594/4/1
f 420/4/3 594/4/3 595/4/3 426/4/3
f 427/4/2 596/4/2 598/4/2 599/4/2
f 424/4/1 600/4/1 601/4/1 597/4/1
f 600/4/4 599/4/4 598/4/4 601/4/4
f 424/4/5 427/4/5 599/4/5 600/4/5
f 434/4/2 602/4/2 603/4/2 433/4/2
f 604/4/1 439/4/1 605/4/1 606/4/1
f 604/4/3 606/4/3 602/4/3 434/4/3
f 439/4/4 433/4/4 603/4/4 605/4/4
f 604/4/5 434/4/5 433/4/5 439/4/5
f 607/6/1 608/6/1 609/6/1 610/6/1
f 607/6/3 610/6/3 611/6/3 612/6/3
f 608/6/4 613/6/4 614/6/4 609/6/4
f 610/6/6 609/6/6 614/6/6 611/6/6
f 607/6/5 612/6/5 613/6/5 608/6/5
f 612/9/3 611/9/3 615/9/3 616/9/3
f 613/9/4 443/9/4 617/9/4 614/9/4
f 611/9/6 614/9/6 617/9/6 615/9/6
f 612/9/5 616/9/5 443/9/5 613/9/5
f 439/4/2 605/4/2 618/4/2 438/4/2
f 616/4/3 615/4/3 605/4/3 439/4/3
f 443/4/4 438/4/4 618/4/4 617/4/4
f 616/4/5 439/4/5 438/4/5 443/4/5
f 435/4/2 619/4/2 620/4/2 446/4/2
f 438/4/1 445/4/1 621/4/1 618/4/1
f 438/4/3 618/4/3 619/4/3 435/4/3
f 446/4/2 620/4/2 622/4/2 447/4/2
f 445/4/1 449/4/1 623/4/1 621/4/1
f 447/4/2 622/4/2 624/4/2 453/4/2
f 449/4/1 625/4/1 626/4/1 623/4/1
f 625/4/4 453/4/4 624/4/4 626/4/4
f 449/4/5 447/4/5 453/4/5 625/4/5
f 453/4/1 627/4/1 628/4/1 624/4/1
f 453/4/3 624/4/3 629/4/3 451/4/3
f 627/4/4 455/4/4 630/4/4 628/4/4
f 453/4/5 451/4/5 455/4/5 627/4/5
f 456/4/2 631/4/2 632/4/2 457/4/2
f 451/4/3 629/4/3 631/4/3 456/4/3
f 455/4/4 457/4/4 632/4/4 630/4/4
f 629/4/6 630/4/6 632/4/6 631/4/6
f 460/1/2 633/1/2 634/1/2 461/1/2
f 463/1/1 462/1/1 635/1/1 636/1/1
f 463/1/3 636/1/3 633/1/3 460/1/3
f 636/1/6 635/1/6 634/1/6 633/1/6
f 457/4/1 464/4/1 637/4/1 632/4/1
f 457/4/3 632/4/3 638/4/3 459/4/3
f 464/4/4 465/4/4 639/4/4 637/4/4
f 459/4/3 638/4/3 640/4/3 466/4/3
f 465/4/4 467/4/4 641/4/4 639/4/4
f 469/4/2 642/4/2 643/4/2 470/4/2
f 466/4/3 640/4/3 642/4/3 469/4/3
f 467/4/4 470/4/4 643/4/4 641/4/4
f 644/4/2 645/4/2 646/4/2 647/4/2
f 648/4/1 649/4/1 650/4/1 651/4/1
f 648/4/3 651/4/3 645/4/3 644/4/3
f 648/4/5 644/4/5 647/4/5 649/4/5
f 462/2/1 472/2/1 652/2/1 635/2/1
f 461/1/3 634/1/3 653/1/3 473/1/3
f 634/1/6 654/1/6 655/1/6 653/1/6
f 473/3/3 653/3/3 656/3/3 476/3/3
f 653/3/6 655/3/6 657/3/6 656/3/6
f 478/3/2 658/3/2 659/3/2 479/3/2
f 476/3/3 656/3/3 658/3/3 478/3/3
f 656/3/6 657/3/6 659/3/6 658/3/6
f 647/4/2 646/4/2 660/4/2 661/4/2
f 649/4/1 662/4/1 663/4/1 650/4/1
f 662/4/4 661/4/4 660/4/4 663/4/4
f 649/4/5 647/4/5 661/4/5 662/4/5
f 472/2/1 481/2/1 664/2/1 652/2/1
f 480/5/4 665/5/4 666/5/4 667/5/4
f 475/5/5 474/5/5 665/5/5 480/5/5
f 665/5/4 668/5/4 669/5/4 666/5/4
f 474/5/5 477/5/5 668/5/5 665/5/5
f 668/5/4 482/5/4 670/5/4 669/5/4
f 477/5/5 479/5/5 482/5/5 668/5/5
f 479/3/3 659/3/3 671/3/3 483/3/3
f 659/3/6 670/3/6 672/3/6 671/3/6
f 483/5/3 671/5/3 673/5/3 485/5/3
f 671/5/6 672/5/6 674/5/6 673/5/6
f 485/5/3 673/5/3 675/5/3 487/5/3
f 673/5/6 674/5/6 676/5/6 675/5/6
f 487/5/3 675/5/3 677/5/3 489/5/3
f 488/5/4 490/5/4 678/5/4 676/5/4
f 675/5/6 676/5/6 678/5/6 677/5/6
f 489/5/3 677/5/3 679/5/3 491/5/3
f 490/5/4 492/5/4 680/5/4 678/5/4
f 677/5/6 678/5/6 680/5/6 679/5/6
f 491/5/3 679/5/3 681/5/3 493/5/3
f 679/5/6 680/5/6 682/5/6 681/5/6
f 493/5/3 681/5/3 683/5/3 495/5/3
f 681/5/6 682/5/6 684/5/6 683/5/6
f 496/5/2 685/5/2 686/5/2 497/5/2
f 495/5/3 683/5/3 685/5/3 496/5/3
f 683/5/6 684/5/6 686/5/6 685/5/6
f 480/2/2 667/2/2 687/2/2 498/2/2
f 481/2/1 499/2/1 688/2/1 664/2/1
f 482/5/1 689/5/1 690/5/1 670/5/1
f 689/5/4 691/5/4 692/5/4 690/5/4
f 482/5/5 484/5/5 691/5/5 689/5/5
f 691/5/4 693/5/4 694/5/4 692/5/4
f 484/5/5 486/5/5 693/5/5 691/5/5
f 488/5/2 676/5/2 695/5/2 696/5/2
f 693/5/4 696/5/4 695/5/4 694/5/4
f 486/5/5 488/5/5 696/5/5 693/5/5
f 492/5/1 697/5/1 698/5/1 680/5/1
f 697/5/4 501/5/4 699/5/4 698/5/4
f 492/5/5 494/5/5 501/5/5 697/5/5
f 501/5/4 502/5/4 700/5/4 699/5/4
f 502/5/4 503/5/4 701/5/4 700/5/4
f 497/5/3 686/5/3 702/5/3 504/5/3
f 503/5/4 505/5/4 703/5/4 701/5/4
f 504/5/3 702/5/3 704/5/3 506/5/3
f 505/5/4 507/5/4 705/5/4 703/5/4
f 706/5/2 707/5/2 708/5/2 513/5/2
f 506/5/3 704/5/3 707/5/3 706/5/3
f 506/5/5 706/5/5 513/5/5 507/5/5
f 498/2/2 687/2/2 709/2/2 508/2/2
f 499/2/1 509/2/1 710/2/1 688/2/1
f 507/5/1 511/5/1 711/5/1 705/5/1
f 513/6/3 708/6/3 712/6/3 713/6/3
f 513/6/5 713/6/5 714/6/5 514/6/5
f 713/6/3 712/6/3 715/6/3 716/6/3
f 713/6/5 716/6/5 717/6/5 714/6/5
f 718/5/2 719/5/2 720/5/2 721/5/2
f 716/5/3 715/5/3 719/5/3 718/5/3
f 717/5/4 721/5/4 720/5/4 722/5/4
f 716/5/5 718/5/5 721/5/5 717/5/5
f 508/2/2 709/2/2 723/2/2 521/2/2
f 509/2/1 516/2/1 724/2/1 710/2/1
f 725/5/1 536/5/1 726/5/1 727/5/1
f 725/5/3 727/5/3 728/5/3 729/5/3
f 725/5/5 729/5/5 538/5/5 536/5/5
f 730/5/2 731/5/2 732/5/2 540/5/2
f 729/5/3 728/5/3 731/5/3 730/5/3
f 729/5/5 730/5/5 540/5/5 538/5/5
f 510/5/2 733/5/2 734/5/2 525/5/2
f 523/5/1 522/5/1 735/5/1 736/5/1
f 523/5/3 736/5/3 733/5/3 510/5/3
f 511/5/1 524/5/1 737/5/1 711/5/1
f 524/5/4 738/5/4 739/5/4 737/5/4
f 511/5/5 514/5/5 738/5/5 524/5/5
f 738/5/4 740/5/4 741/5/4 739/5/4
f 514/5/5 714/5/5 740/5/5 738/5/5
f 717/5/2 722/5/2 742/5/2 743/5/2
f 740/5/4 743/5/4 742/5/4 741/5/4
f 714/5/5 717/5/5 743/5/5 740/5/5
f 521/2/2 723/2/2 744/2/2 526/2/2
f 516/2/1 527/2/1 745/2/1 724/2/1
f 529/5/1 528/5/1 746/5/1 747/5/1
f 529/5/3 747/5/3 748/5/3 530/5/3
f 528/5/4 531/5/4 749/5/4 746/5/4
f 747/5/6 746/5/6 749/5/6 748/5/6
f 530/5/3 748/5/3 750/5/3 532/5/3
f 531/5/4 533/5/4 751/5/4 749/5/4
f 748/5/6 749/5/6 751/5/6 750/5/6
f 532/5/3 750/5/3 752/5/3 534/5/3
f 533/5/4 535/5/4 753/5/4 751/5/4
f 750/5/6 751/5/6 753/5/6 752/5/6
f 534/5/3 752/5/3 726/5/3 536/5/3
f 535/5/4 537/5/4 754/5/4 753/5/4
f 752/5/6 753/5/6 754/5/6 726/5/6
f 537/5/4 539/5/4 755/5/4 754/5/4
f 726/5/6 754/5/6 755/5/6 756/5/6
f 539/5/4 541/5/4 757/5/4 755/5/4
f 756/5/6 755/5/6 757/5/6 732/5/6
f 540/5/3 732/5/3 735/5/3 522/5/3
f 541/5/4 542/5/4 758/5/4 757/5/4
f 542/5/4 544/5/4 759/5/4 758/5/4
f 524/5/2 737/5/2 760/5/2 545/5/2
f 525/5/3 734/5/3 737/5/3 524/5/3
f 544/5/4 545/5/4 760/5/4 759/5/4
f 761/4/1 559/4/1 762/4/1 763/4/1
f 761/4/3 763/4/3 764/4/3 765/4/3
f 761/4/5 765/4/5 560/4/5 559/4/5
f 766/4/2 767/4/2 768/4/2 563/4/2
f 765/4/3 764/4/3 767/4/3 766/4/3
f 560/4/4 563/4/4 768/4/4 769/4/4
f 765/4/5 766/4/5 563/4/5 560/4/5
f 527/2/1 547/2/1 770/2/1 745/2/1
f 526/1/3 744/1/3 771/1/3 548/1/3
f 550/1/4 549/1/4 772/1/4 773/1/4
f 548/1/3 771/1/3 774/1/3 551/1/3
f 549/1/4 552/1/4 775/1/4 772/1/4
f 551/1/3 774/1/3 776/1/3 553/1/3
f 552/1/4 554/1/4 777/1/4 775/1/4
f 528/3/2 746/3/2 778/3/2 555/3/2
f 553/3/3 776/3/3 746/3/3 528/3/3
f 554/3/4 555/3/4 778/3/4 777/3/4
f 560/4/2 769/4/2 779/4/2 565/4/2
f 559/4/1 558/4/1 780/4/1 762/4/1
f 550/1/2 773/1/2 781/1/2 566/1/2
f 547/1/1 567/1/1 782/1/1 770/1/1
f 567/1/4 566/1/4 781/1/4 782/1/4
f 565/4/2 779/4/2 783/4/2 568/4/2
f 558/4/1 569/4/1 784/4/1 780/4/1
f 785/4/1 786/4/1 787/4/1 788/4/1
f 785/4/3 788/4/3 784/4/3 569/4/3
f 786/4/4 571/4/4 789/4/4 787/4/4
f 785/4/5 569/4/5 571/4/5 786/4/5
f 568/4/2 783/4/2 790/4/2 570/4/2
f 571/4/1 573/4/1 791/4/1 789/4/1
f 792/4/2 793/4/2 794/4/2 576/4/2
f 570/4/3 790/4/3 793/4/3 792/4/3
f 570/4/5 792/4/5 576/4/5 572/4/5
f 573/4/1 574/4/1 795/4/1 791/4/1
f 576/4/2 794/4/2 796/4/2 577/4/2
f 574/4/1 582/4/1 797/4/1 795/4/1
f 795/4/6 797/4/6 798/4/6 799/4/6
f 577/7/2 796/7/2 800/7/2 583/7/2
f 801/9/1 802/9/1 803/9/1 804/9/1
f 801/9/3 804/9/3 805/9/3 806/9/3
f 802/9/4 807/9/4 808/9/4 803/9/4
f 804/9/6 803/9/6 808/9/6 805/9/6
f 801/9/5 806/9/5 807/9/5 802/9/5
f 806/9/3 805/9/3 809/9/3 580/9/3
f 807/9/4 810/9/4 811/9/4 808/9/4
f 805/9/6 808/9/6 811/9/6 809/9/6
f 806/9/5 580/9/5 810/9/5 807/9/5
f 580/6/3 809/6/3 797/6/3 582/6/3
f 810/6/4 585/6/4 812/6/4 811/6/4
f 809/6/6 811/6/6 812/6/6 797/6/6
f 580/6/5 582/6/5 585/6/5 810/6/5
f 585/4/4 586/4/4 813/4/4 812/4/4
f 587/7/2 814/7/2 815/7/2 588/7/2
f 583/7/3 800/7/3 814/7/3 587/7/3
f 586/4/1 590/4/1 816/4/1 813/4/1
f 590/4/4 591/4/4 817/4/4 816/4/4
f 588/4/2 815/4/2 818/4/2 592/4/2
f 591/4/4 592/4/4 818/4/4 817/4/4
f 592/4/1 819/4/1 820/4/1 818/4/1
f 592/4/3 818/4/3 821/4/3 594/4/3
f 819/4/4 597/4/4 822/4/4 820/4/4
f 592/4/5 594/4/5 597/4/5 819/4/5
f 595/4/2 823/4/2 824/4/2 596/4/2
f 594/4/3 821/4/3 823/4/3 595/4/3
f 821/4/6 822/4/6 824/4/6 823/4/6
f 596/7/2 824/7/2 825/7/2 598/7/2
f 597/7/1 601/7/1 826/7/1 822/7/1
f 601/7/4 598/7/4 825/7/4 826/7/4
f 822/7/6 826/7/6 825/7/6 824/7/6
f 602/7/2 827/7/2 828/7/2 603/7/2
f 606/7/1 605/7/1 829/7/1 830/7/1
f 606/7/3 830/7/3 827/7/3 602/7/3
f 605/7/4 603/7/4 828/7/4 829/7/4
f 830/7/6 829/7/6 828/7/6 827/7/6
f 605/4/2 829/4/2 831/4/2 618/4/2
f 615/4/1 617/4/1 832/4/1 833/4/1
f 615/4/3 833/4/3 829/4/3 605/4/3
f 617/4/4 618/4/4 831/4/4 832/4/4
f 619/4/2 834/4/2 835/4/2 620/4/2
f 618/4/1 621/4/1 836/4/1 831/4/1
f 618/4/3 831/4/3 834/4/3 619/4/3
f 620/4/2 835/4/2 837/4/2 622/4/2
f 621/4/1 623/4/1 838/4/1 836/4/1
f 622/7/2 837/7/2 839/7/2 624/7/2
f 623/7/1 626/7/1 840/7/1 838/7/1
f 626/7/4 624/7/4 839/7/4 840/7/4
f 629/4/2 841/4/2 842/4/2 630/4/2
f 624/4/1 628/4/1 843/4/1 839/4/1
f 624/4/3 839/4/3 841/4/3 629/4/3
f 628/4/1 844/4/1 845/4/1 843/4/1
f 844/4/4 846/4/4 847/4/4 845/4/4
f 843/4/6 845/4/6 847/4/6 842/4/6
f 628/4/5 630/4/5 846/4/5 844/4/5
f 630/4/3 842/4/3 848/4/3 632/4/3
f 846/4/4 637/4/4 849/4/4 847/4/4
f 842/4/6 847/4/6 849/4/6 848/4/6
f 630/4/5 632/4/5 637/4/5 846/4/5
f 632/4/3 848/4/3 850/4/3 638/4/3
f 637/4/4 639/4/4 851/4/4 849/4/4
f 638/4/3 850/4/3 852/4/3 640/4/3
f 639/4/4 641/4/4 853/4/4 851/4/4
f 640/4/3 852/4/3 854/4/3 642/4/3
f 641/4/4 643/4/4 855/4/4 853/4/4
f 642/4/3 854/4/3 856/4/3 651/4/3
f 643/4/4 650/4/4 857/4/4 855/4/4
f 642/4/5 651/4/5 650/4/5 643/4/5
f 645/4/2 858/4/2 859/4/2 646/4/2
f 651/4/3 856/4/3 858/4/3 645/4/3
f 856/4/6 857/4/6 859/4/6 858/4/6
f 634/1/2 860/1/2 861/1/2 654/1/2
f 635/1/1 652/1/1 862/1/1 863/1/1
f 635/1/3 863/1/3 860/1/3 634/1/3
f 650/4/1 663/4/1 864/4/1 857/4/1
f 663/4/4 660/4/4 865/4/4 864/4/4
f 866/4/2 867/4/2 868/4/2 869/4/2
f 646/4/3 859/4/3 867/4/3 866/4/3
f 646/4/5 866/4/5 869/4/5 660/4/5
f 652/2/1 664/2/1 870/2/1 862/2/1
f 654/1/3 861/1/3 871/1/3 655/1/3
f 667/1/4 666/1/4 872/1/4 873/1/4
f 655/3/3 871/3/3 874/3/3 657/3/3
f 666/3/4 669/3/4 875/3/4 872/3/4
f 659/3/2 876/3/2 877/3/2 670/3/2
f 657/3/3 874/3/3 876/3/3 659/3/3
f 669/3/4 670/3/4 877/3/4 875/3/4
f 869/4/2 868/4/2 878/4/2 879/4/2
f 660/4/1 880/4/1 881/4/1 865/4/1
f 880/4/4 879/4/4 878/4/4 881/4/4
f 660/4/5 869/4/5 879/4/5 880/4/5
f 667/2/2 873/2/2 882/2/2 687/2/2
f 664/2/1 688/2/1 883/2/1 870/2/1
f 670/3/1 690/3/1 884/3/1 877/3/1
f 670/3/3 877/3/3 885/3/3 672/3/3
f 690/3/4 692/3/4 886/3/4 884/3/4
f 672/3/3 885/3/3 887/3/3 674/3/3
f 692/3/4 694/3/4 888/3/4 886/3/4
f 674/3/3 887/3/3 889/3/3 676/3/3
f 694/3/4 695/3/4 890/3/4 888/3/4
f 676/3/3 889/3/3 891/3/3 678/3/3
f 695/3/4 892/3/4 893/3/4 890/3/4
f 676/3/5 678/3/5 892/3/5 695/3/5
f 678/5/3 891/5/3 894/5/3 680/5/3
f 892/5/4 698/5/4 895/5/4 893/5/4
f 678/5/5 680/5/5 698/5/5 892/5/5
f 680/5/3 894/5/3 896/5/3 682/5/3
f 698/5/4 699/5/4 897/5/4 895/5/4
f 894/5/6 895/5/6 897/5/6 896/5/6
f 682/5/3 896/5/3 898/5/3 684/5/3
f 699/5/4 700/5/4 899/5/4 897/5/4
f 896/5/6 897/5/6 899/5/6 898/5/6
f 684/5/3 898/5/3 900/5/3 686/5/3
f 700/5/4 701/5/4 901/5/4 899/5/4
f 898/5/6 899/5/6 901/5/6 900/5/6
f 686/5/3 900/5/3 902/5/3 702/5/3
f 701/5/4 703/5/4 903/5/4 901/5/4
f 900/5/6 901/5/6 903/5/6 902/5/6
f 702/5/3 902/5/3 904/5/3 704/5/3
f 704/5/3 904/5/3 905/5/3 707/5/3
f 707/5/3 905/5/3 906/5/3 907/5/3
f 707/5/5 907/5/5 712/5/5 708/5/5
f 908/5/2 909/5/2 910/5/2 715/5/2
f 907/5/3 906/5/3 909/5/3 908/5/3
f 907/5/5 908/5/5 715/5/5 712/5/5
f 687/2/2 882/2/2 911/2/2 709/2/2
f 688/2/1 710/2/1 912/2/1 883/2/1
f 703/5/1 733/5/1 913/5/1 903/5/1
f 703/5/5 705/5/5 711/5/5 733/5/5
f 719/10/2 914/10/2 915/10/2 720/10/2
f 715/10/3 910/10/3 914/10/3 719/10/3
f 722/10/4 720/10/4 915/10/4 916/10/4
f 709/2/2 911/2/2 917/2/2 723/2/2
f 710/2/1 724/2/1 918/2/1 912/2/1
f 919/5/1 920/5/1 921/5/1 922/5/1
f 919/5/3 922/5/3 923/5/3 924/5/3
f 919/5/5 924/5/5 747/5/5 920/5/5
f 924/5/3 923/5/3 925/5/3 926/5/3
f 747/5/4 748/5/4 927/5/4 928/5/4
f 924/5/5 926/5/5 748/5/5 747/5/5
f 926/5/3 925/5/3 929/5/3 930/5/3
f 748/5/4 750/5/4 931/5/4 927/5/4
f 925/5/6 927/5/6 931/5/6 929/5/6
f 926/5/5 930/5/5 750/5/5 748/5/5
f 930/5/3 929/5/3 932/5/3 933/5/3
f 750/5/4 752/5/4 934/5/4 931/5/4
f 929/5/6 931/5/6 934/5/6 932/5/6
f 930/5/5 933/5/5 752/5/5 750/5/5
f 933/5/3 932/5/3 935/5/3 727/5/3
f 752/5/4 726/5/4 936/5/4 934/5/4
f 932/5/6 934/5/6 936/5/6 935/5/6
f 933/5/5 727/5/5 726/5/5 752/5/5
f 727/5/3 935/5/3 937/5/3 728/5/3
f 726/5/4 756/5/4 938/5/4 936/5/4
f 728/5/3 937/5/3 939/5/3 731/5/3
f 756/5/4 732/5/4 940/5/4 938/5/4
f 731/5/3 939/5/3 941/5/3 736/5/3
f 731/5/5 736/5/5 735/5/5 732/5/5
f 736/5/3 941/5/3 913/5/3 733/5/3
f 913/5/6 942/5/6 943/5/6 944/5/6
f 733/5/5 711/5/5 737/5/5 734/5/5
f 739/5/4 741/5/4 945/5/4 946/5/4
f 722/5/2 916/5/2 947/5/2 742/5/2
f 741/5/4 742/5/4 947/5/4 945/5/4
f 723/2/2 917/2/2 948/2/2 744/2/2
f 724/2/1 745/2/1 949/2/1 918/2/1
f 747/3/2 928/3/2 950/3/2 746/3/2
f 920/3/1 776/3/1 951/3/1 921/3/1
f 921/3/6 951/3/6 950/3/6 928/3/6
f 920/3/5 747/3/5 746/3/5 776/3/5
f 732/5/1 757/5/1 952/5/1 940/5/1
f 757/5/4 758/5/4 953/5/4 952/5/4
f 940/5/6 952/5/6 953/5/6 954/5/6
f 758/5/4 759/5/4 955/5/4 953/5/4
f 759/5/4 760/5/4 956/5/4 955/5/4
f 739/5/2 946/5/2 957/5/2 958/5/2
f 760/5/4 958/5/4 957/5/4 956/5/4
f 737/5/5 739/5/5 958/5/5 760/5/5
f 763/4/1 762/4/1 959/4/1 960/4/1
f 763/4/3 960/4/3 961/4/3 764/4/3
f 960/4/6 959/4/6 962/4/6 961/4/6
f 767/4/2 963/4/2 964/4/2 768/4/2
f 764/4/3 961/4/3 963/4/3 767/4/3
f 769/4/4 768/4/4 964/4/4 962/4/4
f 961/4/6 962/4/6 964/4/6 963/4/6
f 745/2/1 770/2/1 965/2/1 949/2/1
f 744/1/3 948/1/3 966/1/3 771/1/3
f 773/1/4 772/1/4 967/1/4 968/1/4
f 948/1/6 968/1/6 967/1/6 966/1/6
f 771/3/3 966/3/3 969/3/3 774/3/3
f 772/3/4 775/3/4 970/3/4 967/3/4
f 966/3/6 967/3/6 970/3/6 969/3/6
f 774/3/3 969/3/3 951/3/3 776/3/3
f 775/3/4 777/3/4 971/3/4 970/3/4
f 969/3/6 970/3/6 971/3/6 951/3/6
f 746/5/2 950/5/2 972/5/2 778/5/2
f 777/5/4 778/5/4 972/5/4 971/5/4
f 951/5/6 971/5/6 972/5/6 950/5/6
f 769/4/2 962/4/2 973/4/2 779/4/2
f 762/4/1 780/4/1 974/4/1 959/4/1
f 773/1/2 968/1/2 975/1/2 781/1/2
f 770/1/1 782/1/1 976/1/1 965/1/1
f 782/1/4 781/1/4 975/1/4 976/1/4
f 965/1/6 976/1/6 975/1/6 968/1/6
f 977/4/1 788/4/1 978/4/1 979/4/1
f 977/4/3 979/4/3 974/4/3 780/4/3
f 977/4/5 780/4/5 784/4/5 788/4/5
f 779/4/2 973/4/2 980/4/2 783/4/2
f 788/4/1 787/4/1 981/4/1 978/4/1
f 787/4/4 789/4/4 982/4/4 981/4/4
f 783/4/2 980/4/2 983/4/2 790/4/2
f 789/4/1 791/4/1 984/4/1 982/4/1
f 793/4/2 985/4/2 986/4/2 794/4/2
f 790/4/3 983/4/3 985/4/3 793/4/3
f 791/4/1 795/4/1 987/4/1 984/4/1
f 795/4/4 799/4/4 988/4/4 987/4/4
f 984/4/6 987/4/6 988/4/6 989/4/6
f 794/4/2 986/4/2 990/4/2 796/4/2
f 799/4/1 798/4/1 991/4/1 988/4/1
f 992/4/2 993/4/2 994/4/2 814/4/2
f 796/4/3 990/4/3 993/4/3 992/4/3
f 796/4/5 992/4/5 814/4/5 800/4/5
f 797/4/1 812/4/1 995/4/1 996/4/1
f 797/4/3 996/4/3 991/4/3 798/4/3
f 812/4/4 813/4/4 997/4/4 995/4/4
f 996/4/6 995/4/6 997/4/6 991/4/6
f 991/4/6 997/4/6 998/4/6 999/4/6
f 814/4/2 994/4/2 1000/4/2 815/4/2
f 813/4/1 816/4/1 1001/4/1 997/4/1
f 816/4/4 817/4/4 1002/4/4 1001/4/4
f 1003/4/2 1004/4/2 1005/4/2 821/4/2
f 815/4/3 1000/4/3 1004/4/3 1003/4/3
f 815/4/5 1003/4/5 821/4/5 818/4/5
f 817/4/1 1006/4/1 1007/4/1 1002/4/1
f 1006/4/4 820/4/4 1008/4/4 1007/4/4
f 817/4/5 818/4/5 820/4/5 1006/4/5
f 821/4/2 1005/4/2 1009/4/2 822/4/2
f 1010/4/6 1008/4/6 1009/4/6 1005/4/6
f 822/4/2 1009/4/2 1011/4/2 826/4/2
f 820/4/1 1012/4/1 1013/4/1 1008/4/1
f 1012/4/4 826/4/4 1011/4/4 1013/4/4
f 1008/4/6 1013/4/6 1011/4/6 1009/4/6
f 820/4/5 822/4/5 826/4/5 1012/4/5
f 1014/4/2 1015/4/2 1016/4/2 827/4/2
f 1017/4/1 830/4/1 1018/4/1 1019/4/1
f 1017/4/3 1019/4/3 1015/4/3 1014/4/3
f 830/4/4 827/4/4 1016/4/4 1018/4/4
f 1017/4/5 1014/4/5 827/4/5 830/4/5
f 830/4/2 1018/4/2 1020/4/2 829/4/2
f 1021/4/1 833/4/1 1022/4/1 1023/4/1
f 1021/4/3 1023/4/3 1018/4/3 830/4/3
f 1021/4/5 830/4/5 829/4/5 833/4/5
f 829/4/2 1020/4/2 1024/4/2 831/4/2
f 833/4/1 832/4/1 1025/4/1 1022/4/1
f 832/4/4 831/4/4 1024/4/4 1025/4/4
f 834/4/2 1026/4/2 1027/4/2 835/4/2
f 831/4/1 836/4/1 1028/4/1 1024/4/1
f 831/4/3 1024/4/3 1026/4/3 834/4/3
f 1024/4/6 1028/4/6 1027/4/6 1026/4/6
f 1029/4/1 1030/4/1 1031/4/1 1032/4/1
f 1029/4/3 1032/4/3 1028/4/3 836/4/3
f 1030/4/4 838/4/4 1033/4/4 1031/4/4
f 1032/4/6 1031/4/6 1033/4/6 1028/4/6
f 1029/4/5 836/4/5 838/4/5 1030/4/5
f 835/4/2 1027/4/2 1034/4/2 837/4/2
f 837/4/2 1034/4/2 1035/4/2 839/4/2
f 838/4/1 840/4/1 1036/4/1 1033/4/1
f 840/4/4 839/4/4 1035/4/4 1036/4/4
f 839/4/1 843/4/1 1037/4/1 1035/4/1
f 839/4/3 1035/4/3 1038/4/3 841/4/3
f 843/4/4 842/4/4 1039/4/4 1037/4/4
f 1035/4/6 1037/4/6 1039/4/6 1038/4/6
f 1040/4/2 1041/4/2 1042/4/2 848/4/2
f 841/4/3 1038/4/3 1041/4/3 1040/4/3
f 842/4/4 848/4/4 1042/4/4 1039/4/4
f 841/4/5 1040/4/5 848/4/5 842/4/5
f 848/4/1 849/4/1 1043/4/1 1042/4/1
f 848/4/3 1042/4/3 1044/4/3 850/4/3
f 849/4/4 851/4/4 1045/4/4 1043/4/4
f 850/4/3 1044/4/3 1046/4/3 852/4/3
f 851/4/4 853/4/4 1047/4/4 1045/4/4
f 852/4/3 1046/4/3 1048/4/3 854/4/3
f 856/4/2 1049/4/2 1050/4/2 857/4/2
f 854/4/3 1048/4/3 1049/4/3 856/4/3
f 860/1/2 1051/1/2 1052/1/2 861/1/2
f 863/1/1 862/1/1 1053/1/1 1054/1/1
f 863/1/3 1054/1/3 1051/1/3 860/1/3
f 1054/1/6 1053/1/6 1052/1/6 1051/1/6
f 853/4/1 1055/4/1 1056/4/1 1047/4/1
f 1055/4/4 1057/4/4 1058/4/4 1056/4/4
f 1047/4/6 1056/4/6 1058/4/6 1059/4/6
f 853/4/5 855/4/5 1057/4/5 1055/4/5
f 1057/4/4 864/4/4 1060/4/4 1058/4/4
f 855/4/5 857/4/5 864/4/5 1057/4/5
f 857/4/3 1050/4/3 1061/4/3 859/4/3
f 864/4/4 865/4/4 1062/4/4 1060/4/4
f 867/4/2 1063/4/2 1064/4/2 868/4/2
f 859/4/3 1061/4/3 1063/4/3 867/4/3
f 1061/4/6 1062/4/6 1064/4/6 1063/4/6
f 862/2/1 870/2/1 1065/2/1 1053/2/1
f 861/1/3 1052/1/3 1066/1/3 871/1/3
f 873/1/4 872/1/4 1067/1/4 1068/1/4
f 1052/1/6 1068/1/6 1067/1/6 1066/1/6
f 871/3/3 1066/3/3 1069/3/3 874/3/3
f 872/3/4 875/3/4 1070/3/4 1067/3/4
f 1066/3/6 1067/3/6 1070/3/6 1069/3/6
f 876/3/2 1071/3/2 1072/3/2 877/3/2
f 874/3/3 1069/3/3 1071/3/3 876/3/3
f 875/3/4 877/3/4 1072/3/4 1070/3/4
f 1069/3/6 1070/3/6 1072/3/6 1071/3/6
f 868/4/2 1064/4/2 1073/4/2 878/4/2
f 865/4/1 881/4/1 1074/4/1 1062/4/1
f 881/4/4 878/4/4 1073/4/4 1074/4/4
f 873/2/2 1068/2/2 1075/2/2 882/2/2
f 870/2/1 883/2/1 1076/2/1 1065/2/1
f 877/3/1 884/3/1 1077/3/1 1072/3/1
f 877/3/3 1072/3/3 1078/3/3 885/3/3
f 1072/3/6 1077/3/6 1079/3/6 1078/3/6
f 885/5/3 1078/5/3 1080/5/3 887/5/3
f 1078/5/6 1079/5/6 1081/5/6 1080/5/6
f 887/5/3 1080/5/3 1082/5/3 889/5/3
f 1080/5/6 1081/5/6 1083/5/6 1082/5/6
f 889/5/3 1082/5/3 1084/5/3 891/5/3
f 1082/5/6 1083/5/6 1085/5/6 1084/5/6
f 894/5/2 1086/5/2 1087/5/2 895/5/2
f 891/5/3 1084/5/3 1086/5/3 894/5/3
f 1084/5/6 1085/5/6 1087/5/6 1086/5/6
f 902/5/1 903/5/1 1088/5/1 1089/5/1
f 902/5/3 1089/5/3 1090/5/3 904/5/3
f 1089/5/6 1088/5/6 1091/5/6 1090/5/6
f 904/5/3 1090/5/3 1092/5/3 905/5/3
f 905/5/3 1092/5/3 1093/5/3 906/5/3
f 909/5/2 1094/5/2 1095/5/2 910/5/2
f 906/5/3 1093/5/3 1094/5/3 909/5/3
f 1096/4/2 1097/4/2 1098/4/2 1099/4/2
f 878/4/1 1100/4/1 1101/4/1 1073/4/1
f 878/4/3 1073/4/3 1097/4/3 1096/4/3
f 1073/4/6 1101/4/6 1098/4/6 1097/4/6
f 878/4/5 1096/4/5 1099/4/5 1100/4/5
f 882/2/2 1075/2/2 1102/2/2 911/2/2
f 883/2/1 912/2/1 1103/2/1 1076/2/1
f 884/5/1 922/5/1 1104/5/1 1077/5/1
f 1077/5/6 1104/5/6 1105/5/6 1079/5/6
f 884/5/5 886/5/5 923/5/5 922/5/5
f 1079/5/6 1105/5/6 1106/5/6 1081/5/6
f 886/5/5 888/5/5 925/5/5 923/5/5
f 925/5/4 929/5/4 1107/5/4 1106/5/4
f 1081/5/6 1106/5/6 1107/5/6 1083/5/6
f 888/5/5 890/5/5 929/5/5 925/5/5
f 929/5/4 932/5/4 1108/5/4 1107/5/4
f 1083/5/6 1107/5/6 1108/5/6 1085/5/6
f 890/5/5 893/5/5 932/5/5 929/5/5
f 932/5/4 935/5/4 1109/5/4 1108/5/4
f 1085/5/6 1108/5/6 1109/5/6 1087/5/6
f 893/5/5 895/5/5 935/5/5 932/5/5
f 895/5/3 1087/5/3 1110/5/3 897/5/3
f 1087/5/6 1109/5/6 1111/5/6 1110/5/6
f 895/5/5 897/5/5 937/5/5 935/5/5
f 897/5/3 1110/5/3 1112/5/3 899/5/3
f 1110/5/6 1111/5/6 1113/5/6 1112/5/6
f 897/5/5 899/5/5 939/5/5 937/5/5
f 899/5/3 1112/5/3 1114/5/3 901/5/3
f 1112/5/6 1113/5/6 1115/5/6 1114/5/6
f 899/5/5 901/5/5 941/5/5 939/5/5
f 901/5/3 1114/5/3 1088/5/3 903/5/3
f 1114/5/6 1115/5/6 1116/5/6 1088/5/6
f 901/5/5 903/5/5 913/5/5 941/5/5
f 913/5/4 944/5/4 1117/5/4 1116/5/4
f 910/10/3 1095/10/3 1118/10/3 914/10/3
f 1095/10/6 1119/10/6 1120/10/6 1118/10/6
f 1121/10/2 1122/10/2 1123/10/2 1124/10/2
f 914/10/3 1118/10/3 1122/10/3 1121/10/3
f 915/10/4 1124/10/4 1123/10/4 1120/10/4
f 914/10/5 1121/10/5 1124/10/5 915/10/5
f 1099/4/2 1098/4/2 1125/4/2 1126/4/2
f 1100/4/1 1127/4/1 1128/4/1 1101/4/1
f 1100/4/5 1099/4/5 1126/4/5 1127/4/5
f 911/2/2 1102/2/2 1129/2/2 917/2/2
f 912/2/1 918/2/1 1130/2/1 1103/2/1
f 922/3/1 921/3/1 1131/3/1 1104/3/1
f 921/3/4 928/3/4 1132/3/4 1131/3/4
f 1104/3/6 1131/3/6 1132/3/6 1105/3/6
f 925/5/2 1106/5/2 1133/5/2 927/5/2
f 928/5/4 927/5/4 1133/5/4 1132/5/4
f 1105/5/6 1132/5/6 1133/5/6 1106/5/6
f 935/5/1 936/5/1 1134/5/1 1109/5/1
f 936/5/4 938/5/4 1135/5/4 1134/5/4
f 1109/5/6 1134/5/6 1135/5/6 1111/5/6
f 938/5/4 940/5/4 1136/5/4 1135/5/4
f 940/5/4 954/5/4 1137/5/4 1136/5/4
f 913/5/2 1116/5/2 1138/5/2 942/5/2
f 944/5/1 943/5/1 1139/5/1 1117/5/1
f 946/5/4 945/5/4 1140/5/4 1141/5/4
f 1142/5/6 1141/5/6 1140/5/6 1143/5/6
f 945/5/4 947/5/4 1144/5/4 1140/5/4
f 1143/5/6 1140/5/6 1144/5/6 1119/5/6
f 915/10/2 1120/10/2 1145/10/2 1146/10/2
f 947/10/4 1146/10/4 1145/10/4 1144/10/4
f 916/10/5 915/10/5 1146/10/5 947/10/5
f 1147/4/1 1148/4/1 1149/4/1 1150/4/1
f 1147/4/3 1150/4/3 1151/4/3 1152/4/3
f 1147/4/5 1152/4/5 960/4/5 1148/4/5
f 1152/4/3 1151/4/3 1128/4/3 1127/4/3
f 960/4/4 961/4/4 1153/4/4 1154/4/4
f 1151/4/6 1154/4/6 1153/4/6 1128/4/6
f 1152/4/5 1127/4/5 961/4/5 960/4/5
f 1126/4/2 1125/4/2 1155/4/2 963/4/2
f 961/4/4 963/4/4 1155/4/4 1153/4/4
f 1128/4/6 1153/4/6 1155/4/6 1125/4/6
f 1127/4/5 1126/4/5 963/4/5 961/4/5
f 918/2/1 949/2/1 1156/2/1 1130/2/1
f 917/1/3 1129/1/3 1157/1/3 1158/1/3
f 948/1/4 966/1/4 1159/1/4 1160/1/4
f 1129/1/6 1160/1/6 1159/1/6 1157/1/6
f 917/1/5 1158/1/5 966/1/5 948/1/5
f 1158/1/3 1157/1/3 1161/1/3 1162/1/3
f 966/1/4 969/1/4 1163/1/4 1159/1/4
f 1157/1/6 1159/1/6 1163/1/6 1161/1/6
f 1158/1/5 1162/1/5 969/1/5 966/1/5
f 921/3/2 1131/3/2 1164/3/2 951/3/2
f 1162/3/3 1161/3/3 1131/3/3 921/3/3
f 969/3/4 951/3/4 1164/3/4 1163/3/4
f 1161/3/6 1163/3/6 1164/3/6 1131/3/6
f 1162/3/5 921/3/5 951/3/5 969/3/5
f 954/5/1 953/5/1 1165/5/1 1137/5/1
f 953/5/4 955/5/4 1166/5/4 1165/5/4
f 942/5/3 1138/5/3 1139/5/3 943/5/3
f 955/5/4 956/5/4 1167/5/4 1166/5/4
f 946/5/2 1141/5/2 1168/5/2 957/5/2
f 956/5/4 957/5/4 1168/5/4 1167/5/4
f 960/4/2 1154/4/2 1169/4/2 959/4/2
f 1148/4/1 1170/4/1 1171/4/1 1149/4/1
f 1148/4/5 960/4/5 959/4/5 1170/4/5
f 948/1/2 1160/1/2 1172/1/2 968/1/2
f 949/1/1 965/1/1 1173/1/1 1156/1/1
f 965/1/4 968/1/4 1172/1/4 1173/1/4
f 1156/1/6 1173/1/6 1172/1/6 1160/1/6
f 1170/4/1 979/4/1 1174/4/1 1171/4/1
f 1170/4/5 959/4/5 974/4/5 979/4/5
f 962/4/2 1175/4/2 1176/4/2 973/4/2
f 959/4/3 1169/4/3 1175/4/3 962/4/3
f 979/4/1 978/4/1 1177/4/1 1174/4/1
f 973/4/2 1176/4/2 1178/4/2 980/4/2
f 978/4/1 981/4/1 1179/4/1 1177/4/1
f 981/4/4 982/4/4 1180/4/4 1179/4/4
f 1177/4/6 1179/4/6 1180/4/6 1181/4/6
f 980/4/2 1178/4/2 1182/4/2 983/4/2
f 982/4/1 984/4/1 1183/4/1 1180/4/1
f 984/4/4 989/4/4 1184/4/4 1183/4/4
f 985/4/2 1185/4/2 1186/4/2 986/4/2
f 983/4/3 1182/4/3 1185/4/3 985/4/3
f 986/4/2 1186/4/2 1187/4/2 990/4/2
f 989/4/1 988/4/1 1188/4/1 1184/4/1
f 988/4/1 991/4/1 1189/4/1 1188/4/1
f 991/4/4 999/4/4 1190/4/4 1189/4/4
f 993/4/2 1191/4/2 1192/4/2 994/4/2
f 990/4/3 1187/4/3 1191/4/3 993/4/3
f 999/4/1 998/4/1 1193/4/1 1190/4/1
f 1194/7/2 1195/7/2 1196/7/2 1004/7/2
f 994/7/3 1192/7/3 1195/7/3 1194/7/3
f 994/7/5 1194/7/5 1004/7/5 1000/7/5
f 997/4/1 1001/4/1 1197/4/1 1198/4/1
f 997/4/3 1198/4/3 1193/4/3 998/4/3
f 1001/4/4 1002/4/4 1199/4/4 1197/4/4
f 1198/4/6 1197/4/6 1199/4/6 1193/4/6
f 1193/4/6 1199/4/6 1200/4/6 1201/4/6
f 1004/4/2 1196/4/2 1202/4/2 1005/4/2
f 1010/4/4 1005/4/4 1202/4/4 1200/4/4
f 1201/4/6 1200/4/6 1202/4/6 1196/4/6
f 1010/4/2 1200/4/2 1203/4/2 1008/4/2
f 1002/4/1 1007/4/1 1204/4/1 1199/4/1
f 1007/4/4 1008/4/4 1203/4/4 1204/4/4
f 1199/4/6 1204/4/6 1203/4/6 1200/4/6
f 1015/7/2 1205/7/2 1206/7/2 1016/7/2
f 1019/7/1 1018/7/1 1207/7/1 1208/7/1
f 1019/7/3 1208/7/3 1205/7/3 1015/7/3
f 1018/7/4 1016/7/4 1206/7/4 1207/7/4
f 1018/4/2 1207/4/2 1209/4/2 1020/4/2
f 1023/4/1 1022/4/1 1210/4/1 1211/4/1
f 1023/4/3 1211/4/3 1207/4/3 1018/4/3
f 1020/4/2 1209/4/2 1212/4/2 1024/4/2
f 1022/4/1 1025/4/1 1213/4/1 1210/4/1
f 1024/4/2 1212/4/2 1214/4/2 1028/4/2
f 1025/4/1 1032/4/1 1215/4/1 1213/4/1
f 1032/4/4 1028/4/4 1214/4/4 1215/4/4
f 1025/4/5 1024/4/5 1028/4/5 1032/4/5
f 1027/4/2 1216/4/2 1217/4/2 1034/4/2
f 1028/4/1 1033/4/1 1218/4/1 1214/4/1
f 1028/4/3 1214/4/3 1216/4/3 1027/4/3
f 1033/4/1 1036/4/1 1219/4/1 1218/4/1
f 1036/4/4 1035/4/4 1220/4/4 1219/4/4
f 1218/4/6 1219/4/6 1220/4/6 1217/4/6
f 1034/4/3 1217/4/3 1221/4/3 1222/4/3
f 1035/4/4 1038/4/4 1223/4/4 1220/4/4
f 1034/4/5 1222/4/5 1038/4/5 1035/4/5
f 1224/4/2 1225/4/2 1226/4/2 1041/4/2
f 1222/4/3 1221/4/3 1225/4/3 1224/4/3
f 1222/4/5 1224/4/5 1041/4/5 1038/4/5
f 1038/4/1 1039/4/1 1227/4/1 1223/4/1
f 1039/4/4 1042/4/4 1228/4/4 1227/4/4
f 1223/4/6 1227/4/6 1228/4/6 1226/4/6
f 1229/4/2 1230/4/2 1231/4/2 1044/4/2
f 1041/4/3 1226/4/3 1230/4/3 1229/4/3
f 1041/4/5 1229/4/5 1044/4/5 1042/4/5
f 1042/4/1 1043/4/1 1232/4/1 1228/4/1
f 1043/4/4 1045/4/4 1233/4/4 1232/4/4
f 1228/4/6 1232/4/6 1233/4/6 1231/4/6
f 1044/4/3 1231/4/3 1234/4/3 1046/4/3
f 1045/4/4 1047/4/4 1235/4/4 1233/4/4
f 1231/4/6 1233/4/6 1235/4/6 1234/4/6
f 1046/4/3 1234/4/3 1236/4/3 1048/4/3
f 1047/4/4 1059/4/4 1237/4/4 1235/4/4
f 1049/4/2 1238/4/2 1239/4/2 1050/4/2
f 1048/4/3 1236/4/3 1238/4/3 1049/4/3
f 1236/4/6 1237/4/6 1239/4/6 1238/4/6
f 1059/4/1 1058/4/1 1240/4/1 1237/4/1
f 1058/4/4 1060/4/4 1241/4/4 1240/4/4
f 1061/4/2 1242/4/2 1243/4/2 1062/4/2
f 1050/4/3 1239/4/3 1242/4/3 1061/4/3
f 1052/3/2 1244/3/2 1245/3/2 1068/3/2
f 1053/3/1 1065/3/1 1246/3/1 1247/3/1
f 1053/3/3 1247/3/3 1244/3/3 1052/3/3
f 1247/3/6 1246/3/6 1245/3/6 1244/3/6
f 1248/10/2 1249/10/2 1250/10/2 1093/10/2
f 1251/10/1 1092/10/1 1252/10/1 1253/10/1
f 1251/10/3 1253/10/3 1249/10/3 1248/10/3
f 1251/10/5 1248/10/5 1093/10/5 1092/10/5
f 1060/4/1 1254/4/1 1255/4/1 1241/4/1
f 1254/4/4 1074/4/4 1256/4/4 1255/4/4
f 1060/4/5 1062/4/5 1074/4/5 1254/4/5
f 1062/4/3 1243/4/3 1257/4/3 1064/4/3
f 1074/4/4 1073/4/4 1258/4/4 1256/4/4
f 1259/4/2 1260/4/2 1261/4/2 1097/4/2
f 1064/4/3 1257/4/3 1260/4/3 1259/4/3
f 1073/4/4 1097/4/4 1261/4/4 1258/4/4
f 1257/4/6 1258/4/6 1261/4/6 1260/4/6
f 1064/4/5 1259/4/5 1097/4/5 1073/4/5
f 1065/2/1 1076/2/1 1262/2/1 1246/2/1
f 1068/1/3 1245/1/3 1263/1/3 1067/1/3
f 1245/1/6 1264/1/6 1265/1/6 1263/1/6
f 1068/1/5 1067/1/5 1266/1/5 1075/1/5
f 1067/1/3 1263/1/3 1267/1/3 1070/1/3
f 1263/1/6 1265/1/6 1268/1/6 1267/1/6
f 1067/1/5 1070/1/5 1269/1/5 1266/1/5
f 1072/3/2 1270/3/2 1271/3/2 1077/3/2
f 1070/3/3 1267/3/3 1270/3/3 1072/3/3
f 1267/3/6 1268/3/6 1271/3/6 1270/3/6
f 1070/3/5 1072/3/5 1077/3/5 1269/3/5
f 1090/5/1 1091/5/1 1272/5/1 1273/5/1
f 1090/5/3 1273/5/3 1252/5/3 1092/5/3
f 1093/5/3 1250/5/3 1274/5/3 1094/5/3
f 1275/10/2 1276/10/2 1277/10/2 1118/10/2
f 1094/10/3 1274/10/3 1276/10/3 1275/10/3
f 1095/10/4 1118/10/4 1277/10/4 1278/10/4
f 1094/10/5 1275/10/5 1118/10/5 1095/10/5
f 1076/2/1 1103/2/1 1279/2/1 1262/2/1
f 1264/1/6 1280/1/6 1281/1/6 1265/1/6
f 1075/1/5 1266/1/5 1282/1/5 1102/1/5
f 1265/3/6 1281/3/6 1283/3/6 1268/3/6
f 1266/3/5 1269/3/5 1284/3/5 1282/3/5
f 1077/3/2 1271/3/2 1285/3/2 1104/3/2
f 1268/3/6 1283/3/6 1285/3/6 1271/3/6
f 1269/3/5 1077/3/5 1104/3/5 1284/3/5
f 1088/5/1 1116/5/1 1286/5/1 1287/5/1
f 1088/5/3 1287/5/3 1272/5/3 1091/5/3
f 1272/5/6 1288/5/6 1289/5/6 1290/5/6
f 1142/5/4 1143/5/4 1291/5/4 1289/5/4
f 1095/5/2 1278/5/2 1292/5/2 1119/5/2
f 1143/5/4 1119/5/4 1292/5/4 1291/5/4
f 1293/5/6 1291/5/6 1292/5/6 1278/5/6
f 1122/11/2 1294/11/2 1295/11/2 1123/11/2
f 1118/11/1 1120/11/1 1296/11/1 1277/11/1
f 1118/11/3 1277/11/3 1294/11/3 1122/11/3
f 1297/4/2 1298/4/2 1299/4/2 1151/4/2
f 1300/4/1 1150/4/1 1301/4/1 1302/4/1
f 1300/4/3 1302/4/3 1298/4/3 1297/4/3
f 1302/4/6 1301/4/6 1299/4/6 1298/4/6
f 1300/4/5 1297/4/5 1151/4/5 1150/4/5
f 1098/4/2 1303/4/2 1304/4/2 1125/4/2
f 1101/4/1 1128/4/1 1305/4/1 1306/4/1
f 1101/4/3 1306/4/3 1303/4/3 1098/4/3
f 1128/4/4 1125/4/4 1304/4/4 1305/4/4
f 1103/2/1 1130/2/1 1307/2/1 1279/2/1
f 1129/1/4 1157/1/4 1308/1/4 1309/1/4
f 1280/1/6 1309/1/6 1308/1/6 1281/1/6
f 1102/1/5 1282/1/5 1157/1/5 1129/1/5
f 1157/3/4 1161/3/4 1310/3/4 1308/3/4
f 1281/3/6 1308/3/6 1310/3/6 1283/3/6
f 1282/3/5 1284/3/5 1161/3/5 1157/3/5
f 1104/3/2 1285/3/2 1311/3/2 1131/3/2
f 1161/3/4 1131/3/4 1311/3/4 1310/3/4
f 1283/3/6 1310/3/6 1311/3/6 1285/3/6
f 1284/3/5 1104/3/5 1131/3/5 1161/3/5
f 1111/5/1 1135/5/1 1312/5/1 1313/5/1
f 1111/5/3 1313/5/3 1314/5/3 1113/5/3
f 1135/5/4 1136/5/4 1315/5/4 1312/5/4
f 1313/5/6 1312/5/6 1315/5/6 1314/5/6
f 1113/5/3 1314/5/3 1316/5/3 1115/5/3
f 1115/5/3 1316/5/3 1286/5/3 1116/5/3
f 1286/5/6 1317/5/6 1318/5/6 1288/5/6
f 1116/5/5 1117/5/5 1139/5/5 1138/5/5
f 1142/5/2 1289/5/2 1319/5/2 1141/5/2
f 1288/5/6 1318/5/6 1319/5/6 1289/5/6
f 1119/11/1 1144/11/1 1320/11/1 1292/11/1
f 1119/11/3 1292/11/3 1296/11/3 1120/11/3
f 1144/11/4 1145/11/4 1321/11/4 1320/11/4
f 1123/10/2 1295/10/2 1322/10/2 1323/10/2
f 1145/10/4 1323/10/4 1322/10/4 1321/10/4
f 1120/10/5 1123/10/5 1323/10/5 1145/10/5
f 1151/4/2 1299/4/2 1324/4/2 1154/4/2
f 1150/4/1 1149/4/1 1325/4/1 1301/4/1
f 1129/1/2 1309/1/2 1326/1/2 1160/1/2
f 1130/1/1 1156/1/1 1327/1/1 1307/1/1
f 1156/1/4 1160/1/4 1326/1/4 1327/1/4
f 1307/1/6 1327/1/6 1326/1/6 1309/1/6
f 1136/5/1 1328/5/1 1329/5/1 1315/5/1
f 1328/5/4 1165/5/4 1330/5/4 1329/5/4
f 1136/5/5 1137/5/5 1165/5/5 1328/5/5
f 1165/5/4 1166/5/4 1331/5/4 1330/5/4
f 1317/5/6 1331/5/6 1332/5/6 1318/5/6
f 1167/5/4 1168/5/4 1333/5/4 1332/5/4
f 1318/5/6 1332/5/6 1333/5/6 1319/5/6
f 1141/5/3 1319/5/3 1334/5/3 1140/5/3
f 1168/5/4 1335/5/4 1336/5/4 1333/5/4
f 1141/5/5 1140/5/5 1335/5/5 1168/5/5
f 1144/10/2 1320/10/2 1337/10/2 1338/10/2
f 1140/10/3 1334/10/3 1320/10/3 1144/10/3
f 1335/10/4 1338/10/4 1337/10/4 1336/10/4
f 1140/10/5 1144/10/5 1338/10/5 1335/10/5
f 1149/4/1 1171/4/1 1339/4/1 1325/4/1
f 1153/4/2 1340/4/2 1341/4/2 1175/4/2
f 1154/4/3 1324/4/3 1340/4/3 1153/4/3
f 1154/4/5 1153/4/5 1175/4/5 1169/4/5
f 1167/5/2 1332/5/2 1342/5/2 1343/5/2
f 1166/5/1 1344/5/1 1345/5/1 1331/5/1
f 1344/5/4 1343/5/4 1342/5/4 1345/5/4
f 1166/5/5 1167/5/5 1343/5/5 1344/5/5
f 1171/4/1 1174/4/1 1346/4/1 1339/4/1
f 1175/4/2 1341/4/2 1347/4/2 1176/4/2
f 1348/4/6 1349/4/6 1347/4/6 1341/4/6
f 1350/9/1 1351/9/1 1352/9/1 1353/9/1
f 1350/9/3 1353/9/3 1354/9/3 1355/9/3
f 1351/9/4 1356/9/4 1357/9/4 1352/9/4
f 1353/9/6 1352/9/6 1357/9/6 1354/9/6
f 1350/9/5 1355/9/5 1356/9/5 1351/9/5
f 1355/6/3 1354/6/3 1358/6/3 1359/6/3
f 1356/6/4 1360/6/4 1361/6/4 1357/6/4
f 1354/6/6 1357/6/6 1361/6/6 1358/6/6
f 1355/6/5 1359/6/5 1360/6/5 1356/6/5
f 1359/9/3 1358/9/3 1362/9/3 1363/9/3
f 1360/9/4 1364/9/4 1365/9/4 1361/9/4
f 1358/9/6 1361/9/6 1365/9/6 1362/9/6
f 1359/9/5 1363/9/5 1364/9/5 1360/9/5
f 1363/9/3 1362/9/3 1346/9/3 1174/9/3
f 1364/9/4 1177/9/4 1366/9/4 1365/9/4
f 1362/9/6 1365/9/6 1366/9/6 1346/9/6
f 1363/9/5 1174/9/5 1177/9/5 1364/9/5
f 1177/4/4 1181/4/4 1367/4/4 1366/4/4
f 1176/4/2 1347/4/2 1368/4/2 1178/4/2
f 1349/4/6 1367/4/6 1368/4/6 1347/4/6
f 1178/4/2 1368/4/2 1369/4/2 1182/4/2
f 1181/4/1 1180/4/1 1370/4/1 1367/4/1
f 1180/4/1 1183/4/1 1371/4/1 1370/4/1
f 1183/4/4 1184/4/4 1372/4/4 1371/4/4
f 1185/4/2 1373/4/2 1374/4/2 1186/4/2
f 1182/4/3 1369/4/3 1373/4/3 1185/4/3
f 1184/4/1 1188/4/1 1375/4/1 1372/4/1
f 1376/4/2 1377/4/2 1378/4/2 1191/4/2
f 1186/4/3 1374/4/3 1377/4/3 1376/4/3
f 1186/4/5 1376/4/5 1191/4/5 1187/4/5
f 1188/4/1 1189/4/1 1379/4/1 1375/4/1
f 1189/4/4 1190/4/4 1380/4/4 1379/4/4
f 1375/4/6 1379/4/6 1380/4/6 1381/4/6
f 1382/4/2 1383/4/2 1384/4/2 1195/4/2
f 1191/4/3 1378/4/3 1383/4/3 1382/4/3
f 1191/4/5 1382/4/5 1195/4/5 1192/4/5
f 1190/4/1 1193/4/1 1385/4/1 1380/4/1
f 1193/4/4 1201/4/4 1386/4/4 1385/4/4
f 1195/4/2 1384/4/2 1387/4/2 1196/4/2
f 1201/4/4 1196/4/4 1387/4/4 1386/4/4
f 1388/4/6 1386/4/6 1387/4/6 1384/4/6
f 1389/4/1 1211/4/1 1390/4/1 1391/4/1
f 1389/4/3 1391/4/3 1392/4/3 1208/4/3
f 1391/4/6 1390/4/6 1393/4/6 1392/4/6
f 1389/4/5 1208/4/5 1207/4/5 1211/4/5
f 1205/4/2 1394/4/2 1395/4/2 1206/4/2
f 1208/4/3 1392/4/3 1394/4/3 1205/4/3
f 1207/4/4 1206/4/4 1395/4/4 1393/4/4
f 1207/4/2 1393/4/2 1396/4/2 1209/4/2
f 1211/4/1 1210/4/1 1397/4/1 1390/4/1
f 1390/4/6 1397/4/6 1396/4/6 1393/4/6
f 1209/4/2 1396/4/2 1398/4/2 1212/4/2
f 1210/4/1 1213/4/1 1399/4/1 1397/4/1
f 1397/4/6 1399/4/6 1398/4/6 1396/4/6
f 1212/7/2 1398/7/2 1400/7/2 1214/7/2
f 1213/7/1 1215/7/1 1401/7/1 1399/7/1
f 1215/7/4 1214/7/4 1400/7/4 1401/7/4
f 1399/7/6 1401/7/6 1400/7/6 1398/7/6
f 1216/4/2 1402/4/2 1403/4/2 1217/4/2
f 1214/4/1 1218/4/1 1404/4/1 1400/4/1
f 1214/4/3 1400/4/3 1402/4/3 1216/4/3
f 1218/4/4 1217/4/4 1403/4/4 1404/4/4
f 1217/4/1 1220/4/1 1405/4/1 1403/4/1
f 1217/4/3 1403/4/3 1406/4/3 1221/4/3
f 1220/4/4 1223/4/4 1407/4/4 1405/4/4
f 1403/4/6 1405/4/6 1407/4/6 1406/4/6
f 1225/4/2 1408/4/2 1409/4/2 1226/4/2
f 1221/4/3 1406/4/3 1408/4/3 1225/4/3
f 1223/4/4 1226/4/4 1409/4/4 1407/4/4
f 1226/4/1 1228/4/1 1410/4/1 1409/4/1
f 1226/4/3 1409/4/3 1411/4/3 1230/4/3
f 1228/4/4 1231/4/4 1412/4/4 1410/4/4
f 1409/4/6 1410/4/6 1412/4/6 1411/4/6
f 1413/4/2 1414/4/2 1415/4/2 1234/4/2
f 1230/4/3 1411/4/3 1414/4/3 1413/4/3
f 1231/4/4 1234/4/4 1415/4/4 1412/4/4
f 1230/4/5 1413/4/5 1234/4/5 1231/4/5
f 1236/4/2 1416/4/2 1417/4/2 1237/4/2
f 1234/4/1 1235/4/1 1418/4/1 1415/4/1
f 1234/4/3 1415/4/3 1416/4/3 1236/4/3
f 1419/9/1 1420/9/1 1421/9/1 1422/9/1
f 1419/9/3 1422/9/3 1423/9/3 1424/9/3
f 1420/9/4 1425/9/4 1426/9/4 1421/9/4
f 1422/9/6 1421/9/6 1426/9/6 1423/9/6
f 1419/9/5 1424/9/5 1425/9/5 1420/9/5
f 1424/6/3 1423/6/3 1427/6/3 1428/6/3
f 1425/6/4 1429/6/4 1430/6/4 1426/6/4
f 1423/6/6 1426/6/6 1430/6/6 1427/6/6
f 1424/6/5 1428/6/5 1429/6/5 1425/6/5
f 1428/9/3 1427/9/3 1431/9/3 1432/9/3
f 1429/9/4 1253/9/4 1433/9/4 1430/9/4
f 1427/9/6 1430/9/6 1433/9/6 1431/9/6
f 1428/9/5 1432/9/5 1253/9/5 1429/9/5
f 1432/9/3 1431/9/3 1434/9/3 1435/9/3
f 1431/9/6 1433/9/6 1436/9/6 1434/9/6
f 1432/9/5 1435/9/5 1249/9/5 1253/9/5
f 1435/6/3 1434/6/3 1437/6/3 1232/6/3
f 1434/6/6 1436/6/6 1438/6/6 1437/6/6
f 1435/6/5 1232/6/5 1439/6/5 1249/6/5
f 1232/6/3 1437/6/3 1440/6/3 1233/6/3
f 1439/6/4 1441/6/4 1442/6/4 1438/6/4
f 1437/6/6 1438/6/6 1442/6/6 1440/6/6
f 1232/6/5 1233/6/5 1441/6/5 1439/6/5
f 1233/6/3 1440/6/3 1418/6/3 1235/6/3
f 1441/6/4 1443/6/4 1444/6/4 1442/6/4
f 1440/6/6 1442/6/6 1444/6/6 1418/6/6
f 1233/6/5 1235/6/5 1443/6/5 1441/6/5
f 1443/4/4 1240/4/4 1445/4/4 1444/4/4
f 1418/4/6 1444/4/6 1445/4/6 1417/4/6
f 1235/4/5 1237/4/5 1240/4/5 1443/4/5
f 1237/4/3 1417/4/3 1446/4/3 1239/4/3
f 1240/4/4 1241/4/4 1447/4/4 1445/4/4
f 1242/4/2 1448/4/2 1449/4/2 1243/4/2
f 1239/4/3 1446/4/3 1448/4/3 1242/4/3
f 1446/4/6 1447/4/6 1449/4/6 1448/4/6
f 1253/10/1 1252/10/1 1450/10/1 1433/10/1
f 1439/10/2 1438/10/2 1451/10/2 1274/10/2
f 1436/10/6 1452/10/6 1451/10/6 1438/10/6
f 1249/10/5 1439/10/5 1274/10/5 1250/10/5
f 1241/4/1 1255/4/1 1453/4/1 1447/4/1
f 1255/4/4 1256/4/4 1454/4/4 1453/4/4
f 1257/4/2 1455/4/2 1456/4/2 1258/4/2
f 1243/4/3 1449/4/3 1455/4/3 1257/4/3
f 1245/1/2 1457/1/2 1458/1/2 1264/1/2
f 1246/1/1 1262/1/1 1459/1/1 1460/1/1
f 1246/1/3 1460/1/3 1457/1/3 1245/1/3
f 1460/1/6 1459/1/6 1458/1/6 1457/1/6
f 1273/10/1 1272/10/1 1461/10/1 1462/10/1
f 1273/10/3 1462/10/3 1450/10/3 1252/10/3
f 1272/10/4 1290/10/4 1463/10/4 1461/10/4
f 1293/5/4 1278/5/4 1464/5/4 1465/5/4
f 1274/11/3 1451/11/3 1466/11/3 1276/11/3
f 1278/11/4 1277/11/4 1467/11/4 1464/11/4
f 1468/11/2 1469/11/2 1470/11/2 1294/11/2
f 1276/11/3 1466/11/3 1469/11/3 1468/11/3
f 1276/11/5 1468/11/5 1294/11/5 1277/11/5
f 1258/4/2 1456/4/2 1471/4/2 1306/4/2
f 1256/4/1 1298/4/1 1472/4/1 1454/4/1
f 1256/4/5 1258/4/5 1306/4/5 1298/4/5
f 1264/1/2 1458/1/2 1473/1/2 1280/1/2
f 1262/1/1 1279/1/1 1474/1/1 1459/1/1
f 1459/1/6 1474/1/6 1473/1/6 1458/1/6
f 1272/10/2 1461/10/2 1475/10/2 1288/10/2
f 1287/10/1 1286/10/1 1476/10/1 1477/10/1
f 1287/10/3 1477/10/3 1461/10/3 1272/10/3
f 1286/10/4 1288/10/4 1475/10/4 1476/10/4
f 1293/5/2 1465/5/2 1478/5/2 1291/5/2
f 1290/5/1 1289/5/1 1479/5/1 1463/5/1
f 1289/5/4 1291/5/4 1478/5/4 1479/5/4
f 1277/5/1 1296/5/1 1480/5/1 1467/5/1
f 1467/5/6 1480/5/6 1481/5/6 1470/5/6
f 1482/12/2 1483/12/2 1484/12/2 1485/12/2
f 1294/12/3 1470/12/3 1483/12/3 1482/12/3
f 1295/12/4 1485/12/4 1484/12/4 1481/12/4
f 1294/12/5 1482/12/5 1485/12/5 1295/12/5
f 1298/4/1 1299/4/1 1486/4/1 1472/4/1
f 1298/4/5 1306/4/5 1305/4/5 1299/4/5
f 1303/4/2 1487/4/2 1488/4/2 1304/4/2
f 1306/4/3 1471/4/3 1487/4/3 1303/4/3
f 1305/4/4 1304/4/4 1488/4/4 1489/4/4
f 1280/1/2 1473/1/2 1490/1/2 1309/1/2
f 1279/1/1 1307/1/1 1491/1/1 1474/1/1
f 1307/1/4 1309/1/4 1490/1/4 1491/1/4
f 1474/1/6 1491/1/6 1490/1/6 1473/1/6
f 1314/5/1 1315/5/1 1492/5/1 1493/5/1
f 1314/5/3 1493/5/3 1494/5/3 1316/5/3
f 1493/5/6 1492/5/6 1495/5/6 1494/5/6
f 1286/10/2 1476/10/2 1496/10/2 1317/10/2
f 1316/10/3 1494/10/3 1476/10/3 1286/10/3
f 1292/5/1 1320/5/1 1497/5/1 1498/5/1
f 1292/5/3 1498/5/3 1480/5/3 1296/5/3
f 1498/5/6 1497/5/6 1499/5/6 1480/5/6
f 1295/11/2 1481/11/2 1500/11/2 1322/11/2
f 1321/11/4 1322/11/4 1500/11/4 1499/11/4
f 1485/7/1 1501/7/1 1502/7/1 1484/7/1
f 1485/7/3 1484/7/3 1503/7/3 1301/7/3
f 1501/7/4 1325/7/4 1504/7/4 1502/7/4
f 1485/7/5 1301/7/5 1325/7/5 1501/7/5
f 1301/4/3 1503/4/3 1486/4/3 1299/4/3
f 1305/4/2 1489/4/2 1505/4/2 1340/4/2
f 1299/4/5 1305/4/5 1340/4/5 1324/4/5
f 1315/5/1 1329/5/1 1506/5/1 1492/5/1
f 1329/5/4 1330/5/4 1507/5/4 1506/5/4
f 1492/5/6 1506/5/6 1507/5/6 1495/5/6
f 1317/5/2 1496/5/2 1508/5/2 1331/5/2
f 1330/5/4 1331/5/4 1508/5/4 1507/5/4
f 1319/5/1 1333/5/1 1509/5/1 1510/5/1
f 1319/5/3 1510/5/3 1511/5/3 1334/5/3
f 1510/5/6 1509/5/6 1512/5/6 1511/5/6
f 1334/5/3 1511/5/3 1497/5/3 1320/5/3
f 1336/5/4 1337/5/4 1513/5/4 1512/5/4
f 1321/10/2 1499/10/2 1514/10/2 1515/10/2
f 1337/10/4 1515/10/4 1514/10/4 1513/10/4
f 1320/10/5 1321/10/5 1515/10/5 1337/10/5
f 1325/4/1 1339/4/1 1516/4/1 1504/4/1
f 1340/4/2 1505/4/2 1517/4/2 1341/4/2
f 1348/4/4 1341/4/4 1517/4/4 1518/4/4
f 1331/5/1 1345/5/1 1519/5/1 1508/5/1
f 1331/5/3 1508/5/3 1520/5/3 1332/5/3
f 1345/5/4 1342/5/4 1521/5/4 1519/5/4
f 1332/5/3 1520/5/3 1509/5/3 1333/5/3
f 1342/5/4 1522/5/4 1523/5/4 1521/5/4
f 1520/5/6 1521/5/6 1523/5/6 1509/5/6
f 1332/5/5 1333/5/5 1522/5/5 1342/5/5
f 1336/10/2 1512/10/2 1524/10/2 1525/10/2
f 1522/10/4 1525/10/4 1524/10/4 1523/10/4
f 1333/10/5 1336/10/5 1525/10/5 1522/10/5
f 1348/4/2 1518/4/2 1526/4/2 1349/4/2
f 1339/4/1 1346/4/1 1527/4/1 1516/4/1
f 1528/4/2 1529/4/2 1530/4/2 1531/4/2
f 1532/4/1 1533/4/1 1534/4/1 1535/4/1
f 1532/4/3 1535/4/3 1529/4/3 1528/4/3
f 1532/4/5 1528/4/5 1531/4/5 1533/4/5
f 1349/4/2 1526/4/2 1536/4/2 1367/4/2
f 1346/4/1 1366/4/1 1537/4/1 1527/4/1
f 1366/4/4 1367/4/4 1536/4/4 1537/4/4
f 1347/4/1 1368/4/1 1538/4/1 1539/4/1
f 1347/4/3 1539/4/3 1534/4/3 1533/4/3
f 1347/4/5 1533/4/5 1540/4/5 1368/4/5
f 1531/4/2 1530/4/2 1541/4/2 1542/4/2
f 1540/4/4 1542/4/4 1541/4/4 1543/4/4
f 1533/4/5 1531/4/5 1542/4/5 1540/4/5
f 1367/4/1 1370/4/1 1544/4/1 1536/4/1
f 1367/4/3 1536/4/3 1538/4/3 1368/4/3
f 1540/4/2 1543/4/2 1545/4/2 1373/4/2
f 1368/4/5 1540/4/5 1373/4/5 1369/4/5
f 1370/4/1 1371/4/1 1546/4/1 1544/4/1
f 1371/4/4 1372/4/4 1547/4/4 1546/4/4
f 1544/4/6 1546/4/6 1547/4/6 1548/4/6
f 1549/4/2 1550/4/2 1551/4/2 1377/4/2
f 1373/4/3 1545/4/3 1550/4/3 1549/4/3
f 1373/4/5 1549/4/5 1377/4/5 1374/4/5
f 1372/4/1 1375/4/1 1552/4/1 1547/4/1
f 1375/4/4 1381/4/4 1553/4/4 1552/4/4
f 1377/4/2 1551/4/2 1554/4/2 1378/4/2
f 1381/4/1 1380/4/1 1555/4/1 1553/4/1
f 1383/4/2 1556/4/2 1557/4/2 1384/4/2
f 1378/4/3 1554/4/3 1556/4/3 1383/4/3
f 1388/4/4 1384/4/4 1557/4/4 1558/4/4
f 1554/4/6 1558/4/6 1557/4/6 1556/4/6
f 1388/4/2 1558/4/2 1559/4/2 1386/4/2
f 1380/4/1 1385/4/1 1560/4/1 1555/4/1
f 1385/4/4 1386/4/4 1559/4/4 1560/4/4
f 1555/4/6 1560/4/6 1559/4/6 1558/4/6
f 1394/4/2 1561/4/2 1562/4/2 1395/4/2
f 1392/4/1 1393/4/1 1563/4/1 1564/4/1
f 1392/4/3 1564/4/3 1561/4/3 1394/4/3
f 1564/4/6 1563/4/6 1562/4/6 1561/4/6
f 1395/4/2 1562/4/2 1565/4/2 1566/4/2
f 1393/4/1 1396/4/1 1567/4/1 1563/4/1
f 1563/4/6 1567/4/6 1565/4/6 1562/4/6
f 1393/4/5 1395/4/5 1566/4/5 1396/4/5
f 1566/4/2 1565/4/2 1568/4/2 1569/4/2
f 1396/4/1 1398/4/1 1570/4/1 1567/4/1
f 1567/4/6 1570/4/6 1568/4/6 1565/4/6
f 1396/4/5 1566/4/5 1569/4/5 1398/4/5
f 1569/4/2 1568/4/2 1571/4/2 1402/4/2
f 1398/4/1 1400/4/1 1572/4/1 1570/4/1
f 1570/4/6 1572/4/6 1571/4/6 1568/4/6
f 1398/4/5 1569/4/5 1402/4/5 1400/4/5
f 1400/4/1 1404/4/1 1573/4/1 1572/4/1
f 1404/4/4 1403/4/4 1574/4/4 1573/4/4
f 1572/4/6 1573/4/6 1574/4/6 1571/4/6
f 1402/4/3 1571/4/3 1575/4/3 1576/4/3
f 1403/4/4 1406/4/4 1577/4/4 1574/4/4
f 1571/4/6 1574/4/6 1577/4/6 1575/4/6
f 1402/4/5 1576/4/5 1406/4/5 1403/4/5
f 1578/4/2 1579/4/2 1580/4/2 1408/4/2
f 1576/4/3 1575/4/3 1579/4/3 1578/4/3
f 1576/4/5 1578/4/5 1408/4/5 1406/4/5
f 1406/4/1 1407/4/1 1581/4/1 1577/4/1
f 1407/4/4 1409/4/4 1582/4/4 1581/4/4
f 1408/4/3 1580/4/3 1583/4/3 1584/4/3
f 1409/4/4 1411/4/4 1585/4/4 1582/4/4
f 1408/4/5 1584/4/5 1411/4/5 1409/4/5
f 1586/4/2 1587/4/2 1588/4/2 1414/4/2
f 1584/4/3 1583/4/3 1587/4/3 1586/4/3
f 1584/4/5 1586/4/5 1414/4/5 1411/4/5
f 1414/4/2 1588/4/2 1589/4/2 1415/4/2
f 1411/4/1 1412/4/1 1590/4/1 1585/4/1
f 1412/4/4 1415/4/4 1589/4/4 1590/4/4
f 1416/4/2 1591/4/2 1592/4/2 1417/4/2
f 1415/4/1 1418/4/1 1593/4/1 1589/4/1
f 1415/4/3 1589/4/3 1591/4/3 1416/4/3
f 1418/4/4 1417/4/4 1592/4/4 1593/4/4
f 1446/4/2 1594/4/2 1595/4/2 1447/4/2
f 1417/4/1 1445/4/1 1596/4/1 1592/4/1
f 1417/4/3 1592/4/3 1594/4/3 1446/4/3
f 1597/4/2 1598/4/2 1599/4/2 1600/4/2
f 1601/4/1 1455/4/1 1602/4/1 1603/4/1
f 1601/4/3 1603/4/3 1598/4/3 1597/4/3
f 1601/4/5 1597/4/5 1600/4/5 1455/4/5
f 1436/11/2 1604/11/2 1605/11/2 1452/11/2
f 1433/11/1 1450/11/1 1606/11/1 1607/11/1
f 1433/11/3 1607/11/3 1604/11/3 1436/11/3
f 1607/11/6 1606/11/6 1605/11/6 1604/11/6
f 1444/7/1 1469/7/1 1608/7/1 1609/7/1
f 1444/7/3 1609/7/3 1596/7/3 1445/7/3
f 1444/7/5 1445/7/5 1610/7/5 1469/7/5
f 1610/4/4 1453/4/4 1611/4/4 1612/4/4
f 1445/4/5 1447/4/5 1453/4/5 1610/4/5
f 1447/4/3 1595/4/3 1613/4/3 1449/4/3
f 1453/4/4 1454/4/4 1614/4/4 1611/4/4
f 1449/4/3 1613/4/3 1602/4/3 1455/4/3
f 1455/4/5 1600/4/5 1615/4/5 1456/4/5
f 1616/4/2 1617/4/2 1618/4/2 1619/4/2
f 1600/4/3 1599/4/3 1617/4/3 1616/4/3
f 1599/4/6 1620/4/6 1618/4/6 1617/4/6
f 1600/4/5 1616/4/5 1619/4/5 1615/4/5
f 1462/10/1 1461/10/1 1621/10/1 1622/10/1
f 1462/10/3 1622/10/3 1606/10/3 1450/10/3
f 1461/10/4 1463/10/4 1623/10/4 1621/10/4
f 1452/11/3 1605/11/3 1624/11/3 1451/11/3
f 1465/11/4 1464/11/4 1625/11/4 1626/11/4
f 1451/11/3 1624/11/3 1627/11/3 1466/11/3
f 1464/11/4 1467/11/4 1628/11/4 1625/11/4
f 1466/12/3 1627/12/3 1608/12/3 1469/12/3
f 1467/12/4 1470/12/4 1629/12/4 1628/12/4
f 1610/12/2 1612/12/2 1630/12/2 1483/12/2
f 1469/12/5 1610/12/5 1483/12/5 1470/12/5
f 1454/4/1 1472/4/1 1631/4/1 1614/4/1
f 1456/4/5 1615/4/5 1487/4/5 1471/4/5
f 1619/4/2 1618/4/2 1632/4/2 1633/4/2
f 1620/4/6 1634/4/6 1632/4/6 1618/4/6
f 1615/4/5 1619/4/5 1633/4/5 1487/4/5
f 1461/11/2 1621/11/2 1635/11/2 1475/11/2
f 1477/11/1 1476/11/1 1636/11/1 1637/11/1
f 1477/11/3 1637/11/3 1621/11/3 1461/11/3
f 1476/11/4 1475/11/4 1635/11/4 1636/11/4
f 1637/11/6 1636/11/6 1635/11/6 1621/11/6
f 1465/5/2 1626/5/2 1638/5/2 1478/5/2
f 1463/5/1 1479/5/1 1639/5/1 1623/5/1
f 1479/5/4 1478/5/4 1638/5/4 1639/5/4
f 1623/5/6 1639/5/6 1638/5/6 1626/5/6
f 1470/5/1 1481/5/1 1640/5/1 1629/5/1
f 1629/5/6 1640/5/6 1641/5/6 1630/5/6
f 1642/7/2 1643/7/2 1644/7/2 1503/7/2
f 1483/7/3 1630/7/3 1643/7/3 1642/7/3
f 1483/7/5 1642/7/5 1503/7/5 1484/7/5
f 1472/4/1 1486/4/1 1645/4/1 1631/4/1
f 1633/4/2 1632/4/2 1646/4/2 1647/4/2
f 1634/4/6 1648/4/6 1646/4/6 1632/4/6
f 1487/4/5 1633/4/5 1647/4/5 1488/4/5
f 1476/10/2 1636/10/2 1649/10/2 1496/10/2
f 1494/10/1 1495/10/1 1650/10/1 1651/10/1
f 1494/10/3 1651/10/3 1636/10/3 1476/10/3
f 1480/5/1 1499/5/1 1652/5/1 1653/5/1
f 1480/5/3 1653/5/3 1640/5/3 1481/5/3
f 1653/5/6 1652/5/6 1654/5/6 1640/5/6
f 1500/12/4 1502/12/4 1655/12/4 1654/12/4
f 1481/12/5 1484/12/5 1502/12/5 1500/12/5
f 1502/7/4 1504/7/4 1656/7/4 1655/7/4
f 1503/4/3 1644/4/3 1645/4/3 1486/4/3
f 1489/4/5 1488/4/5 1657/4/5 1505/4/5
f 1647/4/2 1646/4/2 1658/4/2 1659/4/2
f 1648/4/6 1660/4/6 1658/4/6 1646/4/6
f 1488/4/5 1647/4/5 1659/4/5 1657/4/5
f 1496/5/2 1649/5/2 1661/5/2 1508/5/2
f 1495/5/1 1507/5/1 1662/5/1 1650/5/1
f 1507/5/4 1508/5/4 1661/5/4 1662/5/4
f 1511/5/1 1512/5/1 1663/5/1 1664/5/1
f 1511/5/3 1664/5/3 1665/5/3 1497/5/3
f 1664/5/6 1663/5/6 1666/5/6 1665/5/6
f 1497/11/3 1665/11/3 1652/11/3 1499/11/3
f 1513/11/4 1514/11/4 1667/11/4 1666/11/4
f 1665/11/6 1666/11/6 1667/11/6 1652/11/6
f 1500/11/2 1654/11/2 1668/11/2 1669/11/2
f 1514/11/4 1669/11/4 1668/11/4 1667/11/4
f 1652/11/6 1667/11/6 1668/11/6 1654/11/6
f 1499/11/5 1500/11/5 1669/11/5 1514/11/5
f 1504/4/1 1516/4/1 1670/4/1 1656/4/1
f 1656/4/6 1670/4/6 1671/4/6 1672/4/6
f 1505/4/5 1657/4/5 1535/4/5 1517/4/5
f 1659/4/2 1658/4/2 1673/4/2 1529/4/2
f 1657/4/5 1659/4/5 1529/4/5 1535/4/5
f 1520/5/2 1674/5/2 1675/5/2 1521/5/2
f 1508/5/1 1519/5/1 1676/5/1 1661/5/1
f 1508/5/3 1661/5/3 1674/5/3 1520/5/3
f 1509/5/1 1523/5/1 1677/5/1 1678/5/1
f 1509/5/3 1678/5/3 1663/5/3 1512/5/3
f 1678/5/6 1677/5/6 1679/5/6 1663/5/6
f 1513/10/2 1666/10/2 1680/10/2 1681/10/2
f 1524/10/4 1681/10/4 1680/10/4 1679/10/4
f 1512/10/5 1513/10/5 1681/10/5 1524/10/5
f 1516/4/1 1527/4/1 1682/4/1 1670/4/1
f 1518/4/5 1517/4/5 1539/4/5 1526/4/5
f 1517/4/5 1535/4/5 1534/4/5 1539/4/5
f 1683/4/2 1684/4/2 1685/4/2 1686/4/2
f 1529/4/3 1673/4/3 1684/4/3 1683/4/3
f 1529/4/5 1683/4/5 1686/4/5 1530/4/5
f 1519/5/1 1687/5/1 1688/5/1 1676/5/1
f 1687/5/4 1689/5/4 1690/5/4 1688/5/4
f 1519/5/5 1521/5/5 1689/5/5 1687/5/5
f 1521/5/3 1675/5/3 1677/5/3 1523/5/3
f 1689/5/4 1691/5/4 1692/5/4 1690/5/4
f 1675/5/6 1690/5/6 1692/5/6 1677/5/6
f 1521/5/5 1523/5/5 1691/5/5 1689/5/5
f 1524/5/2 1679/5/2 1693/5/2 1694/5/2
f 1691/5/4 1694/5/4 1693/5/4 1692/5/4
f 1523/5/5 1524/5/5 1694/5/5 1691/5/5
f 1527/4/1 1537/4/1 1695/4/1 1682/4/1
f 1537/4/4 1536/4/4 1696/4/4 1695/4/4
f 1682/4/6 1695/4/6 1696/4/6 1697/4/6
f 1526/4/5 1539/4/5 1538/4/5 1536/4/5
f 1686/4/2 1685/4/2 1698/4/2 1699/4/2
f 1530/4/5 1686/4/5 1699/4/5 1541/4/5
f 1536/4/1 1544/4/1 1700/4/1 1696/4/1
f 1544/4/4 1548/4/4 1701/4/4 1700/4/4
f 1543/4/5 1541/4/5 1550/4/5 1545/4/5
f 1699/4/2 1698/4/2 1702/4/2 1703/4/2
f 1550/4/4 1703/4/4 1702/4/4 1704/4/4
f 1541/4/5 1699/4/5 1703/4/5 1550/4/5
f 1548/4/1 1547/4/1 1705/4/1 1701/4/1
f 1550/4/2 1704/4/2 1706/4/2 1551/4/2
f 1707/6/1 1708/6/1 1709/6/1 1710/6/1
f 1707/6/3 1710/6/3 1711/6/3 1546/6/3
f 1708/6/4 1712/6/4 1713/6/4 1709/6/4
f 1710/6/6 1709/6/6 1713/6/6 1711/6/6
f 1707/6/5 1546/6/5 1712/6/5 1708/6/5
f 1546/9/3 1711/9/3 1705/9/3 1547/9/3
f 1712/9/4 1552/9/4 1714/9/4 1713/9/4
f 1711/9/6 1713/9/6 1714/9/6 1705/9/6
f 1546/9/5 1547/9/5 1552/9/5 1712/9/5
f 1552/4/4 1553/4/4 1715/4/4 1714/4/4
f 1716/4/6 1715/4/6 1717/4/6 1706/4/6
f 1718/4/2 1719/4/2 1720/4/2 1556/4/2
f 1551/4/3 1706/4/3 1719/4/3 1718/4/3
f 1554/4/4 1556/4/4 1720/4/4 1717/4/4
f 1706/4/6 1717/4/6 1720/4/6 1719/4/6
f 1551/4/5 1718/4/5 1556/4/5 1554/4/5
f 1708/9/2 1709/9/2 1721/9/2 1722/9/2
f 1723/9/1 1724/9/1 1725/9/1 1726/9/1
f 1723/9/3 1726/9/3 1709/9/3 1708/9/3
f 1724/9/4 1722/9/4 1721/9/4 1725/9/4
f 1726/9/6 1725/9/6 1721/9/6 1709/9/6
f 1723/9/5 1708/9/5 1722/9/5 1724/9/5
f 1554/4/2 1717/4/2 1727/4/2 1558/4/2
f 1553/4/1 1555/4/1 1728/4/1 1715/4/1
f 1555/4/4 1558/4/4 1727/4/4 1728/4/4
f 1715/4/6 1728/4/6 1727/4/6 1717/4/6
f 1729/4/2 1730/4/2 1731/4/2 1732/4/2
f 1556/4/1 1557/4/1 1733/4/1 1720/4/1
f 1556/4/3 1720/4/3 1730/4/3 1729/4/3
f 1556/4/5 1729/4/5 1732/4/5 1557/4/5
f 1557/4/1 1734/4/1 1735/4/1 1733/4/1
f 1734/4/4 1736/4/4 1737/4/4 1735/4/4
f 1557/4/5 1732/4/5 1736/4/5 1734/4/5
f 1732/4/3 1731/4/3 1738/4/3 1739/4/3
f 1736/4/4 1740/4/4 1741/4/4 1737/4/4
f 1731/4/6 1737/4/6 1741/4/6 1738/4/6
f 1732/4/5 1739/4/5 1740/4/5 1736/4/5
f 1742/4/2 1743/4/2 1744/4/2 1745/4/2
f 1739/4/3 1738/4/3 1743/4/3 1742/4/3
f 1739/4/5 1742/4/5 1745/4/5 1740/4/5
f 1745/4/2 1744/4/2 1746/4/2 1747/4/2
f 1740/4/1 1748/4/1 1749/4/1 1741/4/1
f 1748/4/4 1747/4/4 1746/4/4 1749/4/4
f 1740/4/5 1745/4/5 1747/4/5 1748/4/5
f 1750/4/2 1751/4/2 1752/4/2 1753/4/2
f 1747/4/1 1754/4/1 1755/4/1 1746/4/1
f 1747/4/3 1746/4/3 1751/4/3 1750/4/3
f 1747/4/5 1750/4/5 1753/4/5 1754/4/5
f 1753/4/2 1752/4/2 1756/4/2 1757/4/2
f 1754/4/1 1758/4/1 1759/4/1 1755/4/1
f 1758/4/4 1757/4/4 1756/4/4 1759/4/4
f 1754/4/5 1753/4/5 1757/4/5 1758/4/5
f 1760/4/2 1761/4/2 1762/4/2 1763/4/2
f 1562/4/1 1565/4/1 1764/4/1 1765/4/1
f 1562/4/3 1765/4/3 1761/4/3 1760/4/3
f 1765/4/6 1764/4/6 1762/4/6 1761/4/6
f 1562/4/5 1760/4/5 1763/4/5 1565/4/5
f 1565/4/1 1568/4/1 1766/4/1 1764/4/1
f 1764/4/6 1766/4/6 1767/4/6 1762/4/6
f 1565/4/5 1763/4/5 1768/4/5 1568/4/5
f 1769/4/2 1770/4/2 1771/4/2 1772/4/2
f 1763/4/3 1762/4/3 1770/4/3 1769/4/3
f 1762/4/6 1767/4/6 1771/4/6 1770/4/6
f 1763/4/5 1769/4/5 1772/4/5 1768/4/5
f 1568/4/1 1571/4/1 1773/4/1 1766/4/1
f 1571/4/4 1575/4/4 1774/4/4 1773/4/4
f 1766/4/6 1773/4/6 1774/4/6 1767/4/6
f 1568/4/5 1768/4/5 1575/4/5 1571/4/5
f 1772/4/2 1771/4/2 1775/4/2 1579/4/2
f 1767/4/6 1774/4/6 1775/4/6 1771/4/6
f 1768/4/5 1772/4/5 1579/4/5 1575/4/5
f 1575/4/1 1577/4/1 1776/4/1 1774/4/1
f 1774/4/6 1776/4/6 1777/4/6 1775/4/6
f 1778/4/2 1779/4/2 1780/4/2 1583/4/2
f 1579/4/3 1775/4/3 1779/4/3 1778/4/3
f 1775/4/6 1777/4/6 1780/4/6 1779/4/6
f 1579/4/5 1778/4/5 1583/4/5 1580/4/5
f 1577/4/1 1581/4/1 1781/4/1 1776/4/1
f 1581/4/4 1582/4/4 1782/4/4 1781/4/4
f 1776/4/6 1781/4/6 1782/4/6 1777/4/6
f 1582/4/4 1585/4/4 1783/4/4 1782/4/4
f 1777/4/6 1782/4/6 1783/4/6 1780/4/6
f 1587/4/2 1784/4/2 1785/4/2 1588/4/2
f 1583/4/3 1780/4/3 1784/4/3 1587/4/3
f 1780/4/6 1783/4/6 1785/4/6 1784/4/6
f 1585/4/1 1590/4/1 1786/4/1 1783/4/1
f 1590/4/4 1589/4/4 1787/4/4 1786/4/4
f 1788/4/2 1789/4/2 1790/4/2 1591/4/2
f 1588/4/3 1785/4/3 1789/4/3 1788/4/3
f 1588/4/5 1788/4/5 1591/4/5 1589/4/5
f 1791/4/2 1792/4/2 1793/4/2 1794/4/2
f 1795/4/1 1796/4/1 1797/4/1 1798/4/1
f 1795/4/3 1798/4/3 1792/4/3 1791/4/3
f 1795/4/5 1791/4/5 1794/4/5 1796/4/5
f 1589/4/1 1593/4/1 1799/4/1 1787/4/1
f 1591/4/3 1790/4/3 1797/4/3 1796/4/3
f 1591/4/5 1796/4/5 1594/4/5 1592/4/5
f 1797/7/6 1800/7/6 1801/7/6 1793/7/6
f 1796/7/5 1794/7/5 1802/7/5 1594/7/5
f 1803/7/2 1804/7/2 1805/7/2 1603/7/2
f 1794/7/3 1793/7/3 1804/7/3 1803/7/3
f 1793/7/6 1801/7/6 1805/7/6 1804/7/6
f 1794/7/5 1803/7/5 1603/7/5 1802/7/5
f 1806/4/1 1807/4/1 1808/4/1 1809/4/1
f 1806/4/3 1809/4/3 1799/4/3 1593/4/3
f 1806/4/5 1593/4/5 1609/4/5 1807/4/5
f 1593/4/5 1592/4/5 1596/4/5 1609/4/5
f 1810/7/6 1811/7/6 1812/7/6 1800/7/6
f 1800/7/6 1812/7/6 1813/7/6 1801/7/6
f 1594/7/5 1802/7/5 1613/7/5 1595/7/5
f 1801/7/6 1813/7/6 1814/7/6 1805/7/6
f 1802/7/5 1603/7/5 1602/7/5 1613/7/5
f 1598/7/2 1815/7/2 1816/7/2 1599/7/2
f 1603/7/3 1805/7/3 1815/7/3 1598/7/3
f 1805/7/6 1814/7/6 1816/7/6 1815/7/6
f 1817/13/1 1624/13/1 1818/13/1 1819/13/1
f 1817/13/3 1819/13/3 1808/13/3 1807/13/3
f 1819/13/6 1818/13/6 1820/13/6 1808/13/6
f 1817/13/5 1807/13/5 1627/13/5 1624/13/5
f 1807/7/5 1609/7/5 1608/7/5 1627/7/5
f 1599/7/2 1816/7/2 1821/7/2 1620/7/2
f 1622/11/1 1621/11/1 1822/11/1 1823/11/1
f 1622/11/3 1823/11/3 1824/11/3 1606/11/3
f 1823/11/6 1822/11/6 1825/11/6 1824/11/6
f 1606/11/3 1824/11/3 1826/11/3 1605/11/3
f 1623/11/4 1626/11/4 1827/11/4 1825/11/4
f 1824/11/6 1825/11/6 1827/11/6 1826/11/6
f 1605/11/3 1826/11/3 1818/11/3 1624/11/3
f 1626/11/4 1625/11/4 1828/11/4 1827/11/4
f 1625/5/4 1628/5/4 1829/5/4 1828/5/4
f 1628/5/4 1629/5/4 1830/5/4 1829/5/4
f 1629/5/4 1630/5/4 1831/5/4 1830/5/4
f 1832/5/6 1830/5/6 1831/5/6 1833/5/6
f 1612/7/5 1611/7/5 1643/7/5 1630/7/5
f 1611/4/5 1614/4/5 1631/4/5 1643/4/5
f 1834/4/6 1835/4/6 1836/4/6 1837/4/6
f 1620/7/2 1821/7/2 1838/7/2 1634/7/2
f 1837/7/6 1836/7/6 1838/7/6 1821/7/6
f 1623/11/2 1825/11/2 1839/11/2 1639/11/2
f 1621/11/1 1635/11/1 1840/11/1 1822/11/1
f 1621/11/5 1623/11/5 1639/11/5 1635/11/5
f 1630/4/1 1641/4/1 1841/4/1 1831/4/1
f 1643/4/5 1631/4/5 1645/4/5 1644/4/5
f 1634/7/2 1838/7/2 1842/7/2 1648/7/2
f 1651/10/1 1650/10/1 1843/10/1 1844/10/1
f 1651/10/3 1844/10/3 1845/10/3 1636/10/3
f 1636/11/3 1845/11/3 1840/11/3 1635/11/3
f 1636/11/5 1635/11/5 1846/11/5 1649/11/5
f 1639/5/2 1839/5/2 1847/5/2 1848/5/2
f 1846/5/4 1848/5/4 1847/5/4 1849/5/4
f 1635/5/5 1639/5/5 1848/5/5 1846/5/5
f 1640/5/1 1654/5/1 1850/5/1 1851/5/1
f 1640/5/3 1851/5/3 1841/5/3 1641/5/3
f 1851/5/6 1850/5/6 1852/5/6 1841/5/6
f 1655/12/4 1656/12/4 1853/12/4 1852/12/4
f 1656/7/4 1672/7/4 1854/7/4 1853/7/4
f 1648/7/2 1842/7/2 1855/7/2 1660/7/2
f 1650/5/1 1662/5/1 1856/5/1 1843/5/1
f 1846/5/2 1849/5/2 1857/5/2 1674/5/2
f 1649/5/5 1846/5/5 1674/5/5 1661/5/5
f 1655/11/2 1852/11/2 1858/11/2 1859/11/2
f 1654/11/1 1668/11/1 1860/11/1 1850/11/1
f 1668/11/4 1859/11/4 1858/11/4 1860/11/4
f 1654/11/5 1655/11/5 1859/11/5 1668/11/5
f 1672/4/1 1671/4/1 1861/4/1 1854/4/1
f 1658/7/2 1862/7/2 1863/7/2 1673/7/2
f 1660/7/3 1855/7/3 1862/7/3 1658/7/3
f 1855/7/6 1864/7/6 1863/7/6 1862/7/6
f 1662/5/1 1865/5/1 1866/5/1 1856/5/1
f 1865/5/4 1676/5/4 1867/5/4 1866/5/4
f 1662/5/5 1661/5/5 1676/5/5 1865/5/5
f 1674/5/2 1857/5/2 1868/5/2 1675/5/2
f 1663/5/1 1679/5/1 1869/5/1 1870/5/1
f 1663/5/3 1870/5/3 1871/5/3 1666/5/3
f 1870/5/6 1869/5/6 1872/5/6 1871/5/6
f 1666/10/3 1871/10/3 1873/10/3 1667/10/3
f 1680/10/4 1874/10/4 1875/10/4 1872/10/4
f 1871/10/6 1872/10/6 1875/10/6 1873/10/6
f 1666/10/5 1667/10/5 1874/10/5 1680/10/5
f 1668/11/2 1860/11/2 1876/11/2 1877/11/2
f 1667/11/3 1873/11/3 1860/11/3 1668/11/3
f 1874/11/4 1877/11/4 1876/11/4 1875/11/4
f 1873/11/6 1875/11/6 1876/11/6 1860/11/6
f 1667/11/5 1668/11/5 1877/11/5 1874/11/5
f 1670/4/1 1682/4/1 1878/4/1 1879/4/1
f 1670/4/3 1879/4/3 1861/4/3 1671/4/3
f 1682/4/4 1697/4/4 1880/4/4 1878/4/4
f 1879/4/6 1878/4/6 1880/4/6 1861/4/6
f 1673/4/3 1863/4/3 1881/4/3 1684/4/3
f 1863/4/6 1882/4/6 1883/4/6 1881/4/6
f 1884/4/2 1885/4/2 1886/4/2 1887/4/2
f 1684/4/3 1881/4/3 1885/4/3 1884/4/3
f 1685/4/4 1887/4/4 1886/4/4 1883/4/4
f 1881/4/6 1883/4/6 1886/4/6 1885/4/6
f 1684/4/5 1884/4/5 1887/4/5 1685/4/5
f 1675/5/2 1868/5/2 1888/5/2 1690/5/2
f 1676/5/1 1688/5/1 1889/5/1 1867/5/1
f 1677/5/1 1692/5/1 1890/5/1 1891/5/1
f 1677/5/3 1891/5/3 1869/5/3 1679/5/3
f 1891/5/6 1890/5/6 1892/5/6 1869/5/6
f 1680/10/2 1872/10/2 1893/10/2 1894/10/2
f 1693/10/4 1894/10/4 1893/10/4 1892/10/4
f 1679/10/5 1680/10/5 1894/10/5 1693/10/5
f 1697/4/1 1696/4/1 1895/4/1 1880/4/1
f 1685/4/2 1883/4/2 1896/4/2 1698/4/2
f 1688/5/1 1897/5/1 1898/5/1 1889/5/1
f 1688/5/5 1690/5/5 1899/5/5 1897/5/5
f 1690/5/3 1888/5/3 1890/5/3 1692/5/3
f 1690/5/5 1692/5/5 1900/5/5 1899/5/5
f 1693/5/2 1892/5/2 1901/5/2 1902/5/2
f 1900/5/4 1902/5/4 1901/5/4 1903/5/4
f 1692/5/5 1693/5/5 1902/5/5 1900/5/5
f 1696/4/1 1700/4/1 1904/4/1 1895/4/1
f 1700/4/4 1701/4/4 1905/4/4 1904/4/4
f 1895/4/6 1904/4/6 1905/4/6 1906/4/6
f 1698/4/2 1896/4/2 1907/4/2 1702/4/2
f 1897/5/1 1908/5/1 1909/5/1 1898/5/1
f 1908/5/4 1910/5/4 1911/5/4 1909/5/4
f 1897/5/5 1899/5/5 1910/5/5 1908/5/5
f 1900/5/2 1903/5/2 1912/5/2 1913/5/2
f 1910/5/4 1913/5/4 1912/5/4 1911/5/4
f 1899/5/5 1900/5/5 1913/5/5 1910/5/5
f 1701/4/1 1705/4/1 1914/4/1 1905/4/1
f 1905/4/6 1914/4/6 1915/4/6 1916/4/6
f 1716/4/4 1706/4/4 1917/4/4 1915/4/4
f 1702/4/2 1907/4/2 1918/4/2 1719/4/2
f 1706/4/4 1719/4/4 1918/4/4 1917/4/4
f 1704/4/5 1702/4/5 1719/4/5 1706/4/5
f 1716/4/2 1915/4/2 1919/4/2 1715/4/2
f 1705/4/1 1714/4/1 1920/4/1 1914/4/1
f 1921/5/2 1922/5/2 1923/5/2 1924/5/2
f 1925/5/1 1926/5/1 1927/5/1 1928/5/1
f 1925/5/3 1928/5/3 1922/5/3 1921/5/3
f 1926/5/4 1924/5/4 1923/5/4 1927/5/4
f 1925/5/5 1921/5/5 1924/5/5 1926/5/5
f 1715/4/2 1919/4/2 1929/4/2 1728/4/2
f 1714/4/1 1930/4/1 1931/4/1 1920/4/1
f 1930/4/4 1728/4/4 1929/4/4 1931/4/4
f 1714/4/5 1715/4/5 1728/4/5 1930/4/5
f 1717/4/1 1727/4/1 1932/4/1 1933/4/1
f 1717/4/3 1933/4/3 1934/4/3 1720/4/3
f 1717/4/5 1720/4/5 1733/4/5 1727/4/5
f 1730/4/2 1935/4/2 1936/4/2 1731/4/2
f 1720/4/3 1934/4/3 1935/4/3 1730/4/3
f 1937/5/1 1938/5/1 1939/5/1 1940/5/1
f 1937/5/3 1940/5/3 1941/5/3 1942/5/3
f 1937/5/5 1942/5/5 1943/5/5 1938/5/5
f 1926/5/2 1927/5/2 1944/5/2 1945/5/2
f 1942/5/3 1941/5/3 1927/5/3 1926/5/3
f 1943/5/4 1945/5/4 1944/5/4 1946/5/4
f 1942/5/5 1926/5/5 1945/5/5 1943/5/5
f 1727/4/1 1947/4/1 1948/4/1 1932/4/1
f 1947/4/4 1735/4/4 1949/4/4 1948/4/4
f 1727/4/5 1733/4/5 1735/4/5 1947/4/5
f 1731/4/2 1936/4/2 1950/4/2 1737/4/2
f 1735/4/4 1737/4/4 1950/4/4 1949/4/4
f 1743/4/2 1951/4/2 1952/4/2 1744/4/2
f 1738/4/1 1741/4/1 1953/4/1 1954/4/1
f 1738/4/3 1954/4/3 1951/4/3 1743/4/3
f 1943/5/2 1946/5/2 1955/5/2 1956/5/2
f 1938/5/1 1957/5/1 1958/5/1 1939/5/1
f 1957/5/4 1956/5/4 1955/5/4 1958/5/4
f 1938/5/5 1943/5/5 1956/5/5 1957/5/5
f 1737/4/1 1959/4/1 1960/4/1 1950/4/1
f 1737/4/3 1950/4/3 1953/4/3 1741/4/3
f 1959/4/4 1749/4/4 1961/4/4 1960/4/4
f 1737/4/5 1741/4/5 1749/4/5 1959/4/5
f 1744/4/2 1952/4/2 1962/4/2 1746/4/2
f 1749/4/4 1746/4/4 1962/4/4 1961/4/4
f 1963/5/1 1964/5/1 1965/5/1 1966/5/1
f 1963/5/3 1966/5/3 1967/5/3 1968/5/3
f 1964/5/4 1969/5/4 1970/5/4 1965/5/4
f 1963/5/5 1968/5/5 1969/5/5 1964/5/5
f 1957/5/2 1958/5/2 1971/5/2 1972/5/2
f 1968/5/3 1967/5/3 1958/5/3 1957/5/3
f 1969/5/4 1972/5/4 1971/5/4 1970/5/4
f 1968/5/5 1957/5/5 1972/5/5 1969/5/5
f 1751/4/2 1973/4/2 1974/4/2 1752/4/2
f 1746/4/1 1755/4/1 1975/4/1 1962/4/1
f 1746/4/3 1962/4/3 1973/4/3 1751/4/3
f 1752/4/2 1974/4/2 1976/4/2 1756/4/2
f 1755/4/1 1759/4/1 1977/4/1 1975/4/1
f 1759/4/4 1756/4/4 1976/4/4 1977/4/4
f 1978/7/2 1979/7/2 1980/7/2 1981/7/2
f 1756/7/1 1982/7/1 1983/7/1 1976/7/1
f 1756/7/3 1976/7/3 1979/7/3 1978/7/3
f 1756/7/5 1978/7/5 1981/7/5 1982/7/5
f 1981/4/2 1980/4/2 1984/4/2 1985/4/2
f 1982/4/1 1986/4/1 1987/4/1 1983/4/1
f 1986/4/4 1985/4/4 1984/4/4 1987/4/4
f 1982/4/5 1981/4/5 1985/4/5 1986/4/5
f 1988/1/2 1989/1/2 1990/1/2 1991/1/2
f 1992/1/1 1993/1/1 1994/1/1 1995/1/1
f 1992/1/3 1995/1/3 1989/1/3 1988/1/3
f 1992/1/5 1988/1/5 1991/1/5 1993/1/5
f 1991/1/2 1990/1/2 1996/1/2 1997/1/2
f 1993/1/1 1998/1/1 1999/1/1 1994/1/1
f 1993/1/5 1991/1/5 1997/1/5 1998/1/5
f 1997/1/2 1996/1/2 2000/1/2 2001/1/2
f 1998/1/1 2002/1/1 2003/1/1 1999/1/1
f 2002/1/4 2001/1/4 2000/1/4 2003/1/4
f 1998/1/5 1997/1/5 2001/1/5 2002/1/5
f 2004/4/2 2005/4/2 2006/4/2 2007/4/2
f 1770/4/1 1771/4/1 2008/4/1 2009/4/1
f 1770/4/3 2009/4/3 2005/4/3 2004/4/3
f 2009/4/6 2008/4/6 2006/4/6 2005/4/6
f 1770/4/5 2004/4/5 2007/4/5 1771/4/5
f 1771/4/1 1775/4/1 2010/4/1 2008/4/1
f 1775/4/4 1779/4/4 2011/4/4 2010/4/4
f 2008/4/6 2010/4/6 2011/4/6 2006/4/6
f 1771/4/5 2007/4/5 1779/4/5 1775/4/5
f 2012/4/2 2013/4/2 2014/4/2 2015/4/2
f 2007/4/3 2006/4/3 2013/4/3 2012/4/3
f 2006/4/6 2011/4/6 2014/4/6 2013/4/6
f 2007/4/5 2012/4/5 2015/4/5 1779/4/5
f 1779/4/1 1780/4/1 2016/4/1 2011/4/1
f 1780/4/4 1784/4/4 2017/4/4 2016/4/4
f 1779/4/5 2015/4/5 1784/4/5 1780/4/5
f 2018/4/2 2019/4/2 2020/4/2 2021/4/2
f 2015/4/3 2014/4/3 2019/4/3 2018/4/3
f 2015/4/5 2018/4/5 2021/4/5 1784/4/5
f 1784/4/1 1785/4/1 2022/4/1 2017/4/1
f 1784/4/5 2021/4/5 1789/4/5 1785/4/5
f 2021/4/3 2020/4/3 2023/4/3 2024/4/3
f 2020/4/6 2025/4/6 2026/4/6 2023/4/6
f 2021/4/5 2024/4/5 1798/4/5 1789/4/5
f 2027/4/2 2028/4/2 2029/4/2 1792/4/2
f 2024/4/3 2023/4/3 2028/4/3 2027/4/3
f 2023/4/6 2026/4/6 2029/4/6 2028/4/6
f 2024/4/5 2027/4/5 1792/4/5 1798/4/5
f 1783/4/1 1786/4/1 2030/4/1 2031/4/1
f 1783/4/3 2031/4/3 2022/4/3 1785/4/3
f 1786/4/4 1787/4/4 2032/4/4 2030/4/4
f 2031/4/6 2030/4/6 2032/4/6 2022/4/6
f 1789/4/5 1798/4/5 1797/4/5 1790/4/5
f 1792/7/2 2029/7/2 2033/7/2 1793/7/2
f 1797/7/4 1793/7/4 2033/7/4 2034/7/4
f 2026/7/6 2034/7/6 2033/7/6 2029/7/6
f 1787/4/1 1799/4/1 2035/4/1 2032/4/1
f 1797/7/2 2034/7/2 2036/7/2 1800/7/2
f 1810/7/4 1800/7/4 2036/7/4 2037/7/4
f 2038/7/6 2037/7/6 2036/7/6 2034/7/6
f 1809/4/1 1808/4/1 2039/4/1 2040/4/1
f 1809/4/3 2040/4/3 2035/4/3 1799/4/3
f 1810/7/2 2037/7/2 2041/7/2 1811/7/2
f 2035/7/6 2042/7/6 2041/7/6 2037/7/6
f 1808/7/1 1820/7/1 2043/7/1 2039/7/1
f 1832/4/4 1833/4/4 2044/4/4 2045/4/4
f 1811/14/3 2041/14/3 2046/14/3 1812/14/3
f 2041/14/6 2044/14/6 2047/14/6 2046/14/6
f 1812/15/3 2046/15/3 2048/15/3 1813/15/3
f 1813/16/3 2048/16/3 2049/16/3 1814/16/3
f 1834/16/4 1837/16/4 2050/16/4 2051/16/4
f 1816/15/2 2052/15/2 2053/15/2 1821/15/2
f 1814/15/3 2049/15/3 2052/15/3 1816/15/3
f 1837/15/4 1821/15/4 2053/15/4 2050/15/4
f 1826/11/1 1827/11/1 2054/11/1 2055/11/1
f 1826/11/3 2055/11/3 2056/11/3 1818/11/3
f 1827/11/4 1828/11/4 2057/11/4 2054/11/4
f 1818/13/3 2056/13/3 2043/13/3 1820/13/3
f 1828/13/4 1829/13/4 2058/13/4 2057/13/4
f 1832/5/2 2045/5/2 2059/5/2 1830/5/2
f 1829/5/4 1830/5/4 2059/5/4 2058/5/4
f 2043/5/6 2058/5/6 2059/5/6 2045/5/6
f 1833/4/1 1831/4/1 2060/4/1 2044/4/1
f 1834/4/2 2051/4/2 2061/4/2 1835/4/2
f 2047/4/6 2062/4/6 2061/4/6 2051/4/6
f 2063/16/2 2064/16/2 2065/16/2 2066/16/2
f 1821/16/1 1838/16/1 2067/16/1 2053/16/1
f 1821/16/3 2053/16/3 2064/16/3 2063/16/3
f 1821/16/5 2063/16/5 2066/16/5 1838/16/5
f 1822/11/1 1840/11/1 2068/11/1 2069/11/1
f 1822/11/3 2069/11/3 2070/11/3 1825/11/3
f 2069/11/6 2068/11/6 2071/11/6 2070/11/6
f 1827/11/2 2054/11/2 2072/11/2 2073/11/2
f 1825/11/3 2070/11/3 2054/11/3 1827/11/3
f 1839/11/4 2073/11/4 2072/11/4 2071/11/4
f 1825/11/5 1827/11/5 2073/11/5 1839/11/5
f 1831/4/1 1841/4/1 2074/4/1 2060/4/1
f 2062/4/6 2075/4/6 2076/4/6 2061/4/6
f 1835/4/3 2061/4/3 2077/4/3 1836/4/3
f 1836/4/3 2077/4/3 2067/4/3 1838/4/3
f 2066/15/2 2065/15/2 2078/15/2 2079/15/2
f 1838/15/5 2066/15/5 2079/15/5 1842/15/5
f 1844/10/1 1843/10/1 2080/10/1 2081/10/1
f 1844/10/3 2081/10/3 2082/10/3 1845/10/3
f 2081/10/6 2080/10/6 2083/10/6 2082/10/6
f 1845/10/3 2082/10/3 2068/10/3 1840/10/3
f 1839/5/2 2071/5/2 2084/5/2 1847/5/2
f 1849/5/4 1847/5/4 2084/5/4 2085/5/4
f 1841/4/1 1852/4/1 2086/4/1 2074/4/1
f 1853/7/4 1854/7/4 2087/7/4 2088/7/4
f 2089/4/6 2090/4/6 2091/4/6 2092/4/6
f 2079/16/2 2078/16/2 2093/16/2 1862/16/2
f 1855/16/4 1862/16/4 2093/16/4 2091/16/4
f 1842/16/5 2079/16/5 1862/16/5 1855/16/5
f 1843/5/1 1856/5/1 2094/5/1 2080/5/1
f 2080/5/6 2094/5/6 2095/5/6 2083/5/6
f 1849/5/2 2085/5/2 2096/5/2 1857/5/2
f 1850/5/1 1860/5/1 2097/5/1 2098/5/1
f 1850/5/3 2098/5/3 2086/5/3 1852/5/3
f 2098/5/6 2097/5/6 2099/5/6 2086/5/6
f 1853/12/2 2088/12/2 2100/12/2 1879/12/2
f 1852/12/5 1853/12/5 1879/12/5 1858/12/5
f 1854/4/1 1861/4/1 2101/4/1 2087/4/1
f 2087/4/6 2101/4/6 2102/4/6 2090/4/6
f 1855/16/2 2091/16/2 2103/16/2 1864/16/2
f 2090/16/6 2102/16/6 2103/16/6 2091/16/6
f 1856/5/1 1866/5/1 2104/5/1 2094/5/1
f 1866/5/4 1867/5/4 2105/5/4 2104/5/4
f 1857/5/2 2096/5/2 2106/5/2 1868/5/2
f 1860/11/1 1876/11/1 2107/11/1 2097/11/1
f 1876/11/4 2108/11/4 2109/11/4 2107/11/4
f 1860/11/5 1858/11/5 2108/11/5 1876/11/5
f 1879/12/2 2100/12/2 2110/12/2 1878/12/2
f 2108/12/4 1878/12/4 2110/12/4 2109/12/4
f 1858/12/5 1879/12/5 1878/12/5 2108/12/5
f 1861/4/1 1880/4/1 2111/4/1 2101/4/1
f 2101/4/6 2111/4/6 2112/4/6 2102/4/6
f 1863/7/2 2113/7/2 2114/7/2 1882/7/2
f 1864/7/3 2103/7/3 2113/7/3 1863/7/3
f 1868/5/2 2106/5/2 2115/5/2 1888/5/2
f 1867/5/1 1889/5/1 2116/5/1 2105/5/1
f 1869/5/1 1892/5/1 2117/5/1 2118/5/1
f 1869/5/3 2118/5/3 2119/5/3 1872/5/3
f 2118/5/6 2117/5/6 2120/5/6 2119/5/6
f 1872/10/3 2119/10/3 2121/10/3 1875/10/3
f 2119/10/6 2120/10/6 2122/10/6 2121/10/6
f 1872/10/5 1875/10/5 2123/10/5 1893/10/5
f 1876/11/2 2107/11/2 2124/11/2 2125/11/2
f 1875/11/3 2121/11/3 2107/11/3 1876/11/3
f 2123/11/4 2125/11/4 2124/11/4 2122/11/4
f 2121/11/6 2122/11/6 2124/11/6 2107/11/6
f 1875/11/5 1876/11/5 2125/11/5 2123/11/5
f 1880/4/1 1895/4/1 2126/4/1 2111/4/1
f 1895/4/4 1906/4/4 2127/4/4 2126/4/4
f 1883/7/2 2128/7/2 2129/7/2 1896/7/2
f 1882/7/3 2114/7/3 2128/7/3 1883/7/3
f 2114/7/6 2130/7/6 2129/7/6 2128/7/6
f 1889/5/1 1898/5/1 2131/5/1 2116/5/1
f 1888/5/3 2115/5/3 2132/5/3 1890/5/3
f 2115/5/6 2133/5/6 2134/5/6 2132/5/6
f 1890/5/3 2132/5/3 2117/5/3 1892/5/3
f 2132/5/6 2134/5/6 2135/5/6 2117/5/6
f 1892/5/5 1893/5/5 2136/5/5 1901/5/5
f 2123/10/2 2122/10/2 2137/10/2 2138/10/2
f 1893/10/5 2123/10/5 2138/10/5 2136/10/5
f 1906/4/1 1905/4/1 2139/4/1 2127/4/1
f 1905/4/4 1916/4/4 2140/4/4 2139/4/4
f 2130/4/6 2141/4/6 2142/4/6 2129/4/6
f 2143/4/2 2144/4/2 2145/4/2 2146/4/2
f 1896/4/3 2129/4/3 2144/4/3 2143/4/3
f 1896/4/5 2143/4/5 2146/4/5 1907/4/5
f 1898/5/1 1909/5/1 2147/5/1 2131/5/1
f 2133/5/6 2148/5/6 2149/5/6 2134/5/6
f 2134/3/6 2149/3/6 2150/3/6 2135/3/6
f 1903/3/5 1901/3/5 2151/3/5 1912/3/5
f 1901/5/5 2136/5/5 2152/5/5 2151/5/5
f 2138/5/2 2137/5/2 2153/5/2 2154/5/2
f 2152/5/4 2154/5/4 2153/5/4 2155/5/4
f 2136/5/5 2138/5/5 2154/5/5 2152/5/5
f 1916/4/1 1915/4/1 2156/4/1 2140/4/1
f 1915/4/4 1917/4/4 2157/4/4 2156/4/4
f 1917/4/4 1918/4/4 2158/4/4 2157/4/4
f 2146/4/2 2145/4/2 2159/4/2 2160/4/2
f 1918/4/4 2160/4/4 2159/4/4 2158/4/4
f 1907/4/5 2146/4/5 2160/4/5 1918/4/5
f 1909/5/1 2161/5/1 2162/5/1 2147/5/1
f 2147/5/6 2162/5/6 2163/5/6 2148/5/6
f 1909/5/5 1911/5/5 2164/5/5 2161/5/5
f 2148/5/6 2163/5/6 2165/5/6 2149/5/6
f 1911/5/5 1912/5/5 1928/5/5 2164/5/5
f 2149/5/6 2165/5/6 2166/5/6 2150/5/6
f 1912/5/5 2151/5/5 1922/5/5 1928/5/5
f 2152/5/2 2155/5/2 2167/5/2 2168/5/2
f 2151/5/5 2152/5/5 2168/5/5 1922/5/5
f 1915/4/2 2156/4/2 2169/4/2 1919/4/2
f 1914/4/1 1920/4/1 2170/4/1 2171/4/1
f 1914/4/3 2171/4/3 2156/4/3 1915/4/3
f 2161/5/1 1940/5/1 2172/5/1 2162/5/1
f 2161/5/5 2164/5/5 1941/5/5 1940/5/5
f 2163/5/6 2173/5/6 2174/5/6 2165/5/6
f 2164/5/5 1928/5/5 1927/5/5 1941/5/5
f 2165/5/6 2174/5/6 2175/5/6 2166/5/6
f 2168/5/2 2167/5/2 2176/5/2 2177/5/2
f 1923/5/4 2177/5/4 2176/5/4 2175/5/4
f 1922/5/5 2168/5/5 2177/5/5 1923/5/5
f 1919/4/2 2169/4/2 2178/4/2 1929/4/2
f 1920/4/1 1931/4/1 2179/4/1 2170/4/1
f 1933/4/1 1932/4/1 2180/4/1 2181/4/1
f 1933/4/3 2181/4/3 2182/4/3 1934/4/3
f 1935/4/2 2183/4/2 2184/4/2 1936/4/2
f 1934/4/3 2182/4/3 2183/4/3 1935/4/3
f 2185/5/1 2186/5/1 2187/5/1 2188/5/1
f 2185/5/3 2188/5/3 2172/5/3 1940/5/3
f 2185/5/5 1940/5/5 1939/5/5 2186/5/5
f 2172/5/6 2189/5/6 2190/5/6 2173/5/6
f 2173/5/6 2190/5/6 2191/5/6 2174/5/6
f 1923/5/2 2175/5/2 2192/5/2 2193/5/2
f 2174/5/6 2191/5/6 2192/5/6 2175/5/6
f 1927/5/5 1923/5/5 2193/5/5 1944/5/5
f 2194/6/1 2195/6/1 2196/6/1 2197/6/1
f 2194/6/3 2197/6/3 2198/6/3 2199/6/3
f 2195/6/4 2200/6/4 2201/6/4 2196/6/4
f 2197/6/6 2196/6/6 2201/6/6 2198/6/6
f 2194/6/5 2199/6/5 2200/6/5 2195/6/5
f 2199/6/3 2198/6/3 2202/6/3 2203/6/3
f 2200/6/4 2204/6/4 2205/6/4 2201/6/4
f 2198/6/6 2201/6/6 2205/6/6 2202/6/6
f 2199/6/5 2203/6/5 2204/6/5 2200/6/5
f 2203/9/3 2202/9/3 2179/9/3 1931/9/3
f 2204/9/4 2206/9/4 2207/9/4 2205/9/4
f 2202/9/6 2205/9/6 2207/9/6 2179/9/6
f 2203/9/5 1931/9/5 2206/9/5 2204/9/5
f 2206/9/4 2208/9/4 2209/9/4 2207/9/4
f 2179/9/6 2207/9/6 2209/9/6 2178/9/6
f 1931/9/5 1929/9/5 2208/9/5 2206/9/5
f 1929/9/3 2178/9/3 2180/9/3 1932/9/3
f 2208/9/4 1948/9/4 2210/9/4 2209/9/4
f 2178/9/6 2209/9/6 2210/9/6 2180/9/6
f 1929/9/5 1932/9/5 1948/9/5 2208/9/5
f 1948/4/4 1949/4/4 2211/4/4 2210/4/4
f 1936/4/2 2184/4/2 2212/4/2 1950/4/2
f 1949/4/4 1950/4/4 2212/4/4 2211/4/4
f 1951/4/2 2213/4/2 2214/4/2 1952/4/2
f 1954/4/1 1953/4/1 2215/4/1 2216/4/1
f 1954/4/3 2216/4/3 2213/4/3 1951/4/3
f 2216/4/6 2215/4/6 2214/4/6 2213/4/6
f 2186/5/1 1967/5/1 2217/5/1 2187/5/1
f 2186/5/5 1939/5/5 1958/5/5 1967/5/5
f 2189/5/6 2218/5/6 2219/5/6 2190/5/6
f 1955/5/4 2220/5/4 2221/5/4 2219/5/4
f 1946/5/5 1944/5/5 2220/5/5 1955/5/5
f 2193/5/2 2192/5/2 2222/5/2 2223/5/2
f 2220/5/4 2223/5/4 2222/5/4 2221/5/4
f 1944/5/5 2193/5/5 2223/5/5 2220/5/5
f 1950/4/1 1960/4/1 2224/4/1 2212/4/1
f 1950/4/3 2212/4/3 2215/4/3 1953/4/3
f 1960/4/4 1961/4/4 2225/4/4 2224/4/4
f 1952/4/2 2214/4/2 2226/4/2 1962/4/2
f 1961/4/4 1962/4/4 2226/4/4 2225/4/4
f 2215/4/6 2225/4/6 2226/4/6 2214/4/6
f 1966/5/1 1965/5/1 2227/5/1 2228/5/1
f 1966/5/3 2228/5/3 2217/5/3 1967/5/3
f 1955/3/2 2219/3/2 2229/3/2 2230/3/2
f 1971/3/4 2230/3/4 2229/3/4 2231/3/4
f 2218/3/6 2231/3/6 2229/3/6 2219/3/6
f 1958/3/5 1955/3/5 2230/3/5 1971/3/5
f 1973/7/2 2232/7/2 2233/7/2 1974/7/2
f 1962/7/1 1975/7/1 2234/7/1 2226/7/1
f 1962/7/3 2226/7/3 2232/7/3 1973/7/3
f 2226/7/6 2234/7/6 2233/7/6 2232/7/6
f 1965/5/1 2235/5/1 2236/5/1 2227/5/1
f 1965/5/5 1970/5/5 2237/5/5 2235/5/5
f 1971/3/2 2231/3/2 2238/3/2 2239/3/2
f 2237/3/4 2239/3/4 2238/3/4 2240/3/4
f 1970/3/5 1971/3/5 2239/3/5 2237/3/5
f 1974/4/2 2233/4/2 2241/4/2 1976/4/2
f 1975/4/1 1977/4/1 2242/4/1 2234/4/1
f 1977/4/4 1976/4/4 2241/4/4 2242/4/4
f 2234/4/6 2242/4/6 2241/4/6 2233/4/6
f 2243/1/2 2244/1/2 2245/1/2 2246/1/2
f 2247/1/1 2248/1/1 2249/1/1 2250/1/1
f 2247/1/3 2250/1/3 2244/1/3 2243/1/3
f 2247/1/5 2243/1/5 2246/1/5 2248/1/5
f 2237/3/2 2240/3/2 2251/3/2 2252/3/2
f 2235/3/1 2253/3/1 2254/3/1 2236/3/1
f 2236/3/6 2254/3/6 2251/3/6 2240/3/6
f 2235/3/5 2237/3/5 2252/3/5 2253/3/5
f 1979/4/2 2255/4/2 2256/4/2 1980/4/2
f 1976/4/1 1983/4/1 2257/4/1 2241/4/1
f 1976/4/3 2241/4/3 2255/4/3 1979/4/3
f 2241/4/6 2257/4/6 2256/4/6 2255/4/6
f 2248/1/1 1995/1/1 2258/1/1 2249/1/1
f 2248/1/5 2246/1/5 1989/1/5 1995/1/5
f 2259/1/2 2260/1/2 2261/1/2 2262/1/2
f 2246/1/3 2245/1/3 2260/1/3 2259/1/3
f 2246/1/5 2259/1/5 2262/1/5 1989/1/5
f 2263/8/1 2264/8/1 2265/8/1 2266/8/1
f 2263/8/3 2266/8/3 2267/8/3 2268/8/3
f 2266/8/6 2265/8/6 2269/8/6 2267/8/6
f 2263/8/5 2268/8/5 2270/8/5 2264/8/5
f 2268/5/3 2267/5/3 2271/5/3 2272/5/3
f 2267/5/6 2269/5/6 2273/5/6 2271/5/6
f 2268/5/5 2272/5/5 2274/5/5 2270/5/5
f 2272/5/3 2271/5/3 2254/5/3 2253/5/3
f 2274/5/4 2275/5/4 2276/5/4 2273/5/4
f 2271/5/6 2273/5/6 2276/5/6 2254/5/6
f 2272/5/5 2253/5/5 2275/5/5 2274/5/5
f 2252/5/2 2251/5/2 2277/5/2 2278/5/2
f 2275/5/4 2278/5/4 2277/5/4 2276/5/4
f 2254/5/6 2276/5/6 2277/5/6 2251/5/6
f 2253/5/5 2252/5/5 2278/5/5 2275/5/5
f 1983/4/1 1987/4/1 2279/4/1 2257/4/1
f 1987/4/4 1984/4/4 2280/4/4 2279/4/4
f 2257/4/6 2279/4/6 2280/4/6 2256/4/6
f 2281/4/2 2282/4/2 2283/4/2 2284/4/2
f 1980/4/3 2256/4/3 2282/4/3 2281/4/3
f 1984/4/4 2284/4/4 2283/4/4 2280/4/4
f 2256/4/6 2280/4/6 2283/4/6 2282/4/6
f 1980/4/5 2281/4/5 2284/4/5 1984/4/5
f 1995/2/1 1994/2/1 2285/2/1 2258/2/1
f 2286/1/6 2287/1/6 2288/1/6 2261/1/6
f 1989/1/5 2262/1/5 2289/1/5 1990/1/5
f 2262/1/3 2261/1/3 2290/1/3 2291/1/3
f 2261/1/6 2288/1/6 2292/1/6 2290/1/6
f 2262/1/5 2291/1/5 2293/1/5 2289/1/5
f 2294/1/2 2295/1/2 2296/1/2 2297/1/2
f 2291/1/3 2290/1/3 2295/1/3 2294/1/3
f 2290/1/6 2292/1/6 2296/1/6 2295/1/6
f 2291/1/5 2294/1/5 2297/1/5 2293/1/5
f 2298/5/1 2299/5/1 2300/5/1 2301/5/1
f 2298/5/3 2301/5/3 2265/5/3 2264/5/3
f 2299/5/4 2302/5/4 2303/5/4 2300/5/4
f 2298/5/5 2264/5/5 2302/5/5 2299/5/5
f 2302/5/4 2304/5/4 2305/5/4 2303/5/4
f 2265/5/6 2303/5/6 2305/5/6 2269/5/6
f 2264/5/5 2270/5/5 2304/5/5 2302/5/5
f 2274/5/2 2273/5/2 2306/5/2 2307/5/2
f 2304/5/4 2307/5/4 2306/5/4 2305/5/4
f 2270/5/5 2274/5/5 2307/5/5 2304/5/5
f 1994/2/1 1999/2/1 2308/2/1 2285/2/1
f 2287/1/6 2309/1/6 2310/1/6 2288/1/6
f 1990/1/5 2289/1/5 2311/1/5 1996/1/5
f 2288/3/6 2310/3/6 2312/3/6 2292/3/6
f 2289/3/5 2293/3/5 2313/3/5 2311/3/5
f 2297/3/2 2296/3/2 2314/3/2 2315/3/2
f 2292/3/6 2312/3/6 2314/3/6 2296/3/6
f 2293/3/5 2297/3/5 2315/3/5 2313/3/5
f 1999/2/1 2003/2/1 2316/2/1 2308/2/1
f 2000/1/4 2317/1/4 2318/1/4 2319/1/4
f 1996/1/5 2311/1/5 2317/1/5 2000/1/5
f 2317/1/4 2320/1/4 2321/1/4 2318/1/4
f 2311/1/5 2313/1/5 2320/1/5 2317/1/5
f 2315/3/2 2314/3/2 2322/3/2 2323/3/2
f 2320/3/4 2323/3/4 2322/3/4 2321/3/4
f 2313/3/5 2315/3/5 2323/3/5 2320/3/5
f 2000/1/2 2319/1/2 2324/1/2 2325/1/2
f 2003/1/1 2326/1/1 2327/1/1 2316/1/1
f 2326/1/4 2325/1/4 2324/1/4 2327/1/4
f 2003/1/5 2000/1/5 2325/1/5 2326/1/5
f 2328/4/2 2329/4/2 2330/4/2 2019/4/2
f 2013/4/1 2014/4/1 2331/4/1 2332/4/1
f 2013/4/3 2332/4/3 2329/4/3 2328/4/3
f 2332/4/6 2331/4/6 2330/4/6 2329/4/6
f 2013/4/5 2328/4/5 2019/4/5 2014/4/5
f 2011/4/1 2016/4/1 2333/4/1 2334/4/1
f 2011/4/3 2334/4/3 2331/4/3 2014/4/3
f 2016/4/4 2017/4/4 2335/4/4 2333/4/4
f 2334/4/6 2333/4/6 2335/4/6 2331/4/6
f 2019/4/2 2330/4/2 2336/4/2 2020/4/2
f 2331/4/6 2335/4/6 2336/4/6 2330/4/6
f 2020/4/2 2336/4/2 2337/4/2 2025/4/2
f 2017/4/1 2022/4/1 2338/4/1 2335/4/1
f 2022/4/1 2032/4/1 2339/4/1 2338/4/1
f 2026/7/2 2340/7/2 2341/7/2 2034/7/2
f 2025/7/3 2337/7/3 2340/7/3 2026/7/3
f 2038/7/4 2034/7/4 2341/7/4 2342/7/4
f 2337/7/6 2342/7/6 2341/7/6 2340/7/6
f 2030/4/1 2040/4/1 2343/4/1 2344/4/1
f 2030/4/3 2344/4/3 2339/4/3 2032/4/3
f 2030/4/5 2032/4/5 2035/4/5 2040/4/5
f 2038/7/2 2342/7/2 2345/7/2 2037/7/2
f 2035/7/4 2037/7/4 2345/7/4 2346/7/4
f 2339/7/6 2346/7/6 2345/7/6 2342/7/6
f 2035/7/2 2346/7/2 2347/7/2 2042/7/2
f 2040/7/1 2039/7/1 2348/7/1 2343/7/1
f 2037/14/1 2041/14/1 2349/14/1 2345/14/1
f 2037/14/3 2345/14/3 2350/14/3 2036/14/3
f 2041/14/4 2046/14/4 2351/14/4 2349/14/4
f 2037/14/5 2036/14/5 2046/14/5 2041/14/5
f 2036/16/3 2350/16/3 2352/16/3 2353/16/3
f 2036/16/5 2353/16/5 2048/16/5 2046/16/5
f 2353/17/3 2352/17/3 2354/17/3 2355/17/3
f 2353/17/5 2355/17/5 2049/17/5 2048/17/5
f 2356/17/2 2357/17/2 2358/17/2 2052/17/2
f 2355/17/3 2354/17/3 2357/17/3 2356/17/3
f 2354/17/6 2359/17/6 2358/17/6 2357/17/6
f 2355/17/5 2356/17/5 2052/17/5 2049/17/5
f 2360/13/1 2055/13/1 2361/13/1 2362/13/1
f 2360/13/3 2362/13/3 2363/13/3 2364/13/3
f 2360/13/5 2364/13/5 2056/13/5 2055/13/5
f 2364/13/3 2363/13/3 2348/13/3 2039/13/3
f 2364/13/5 2039/13/5 2043/13/5 2056/13/5
f 2043/4/4 2045/4/4 2365/4/4 2366/4/4
f 2041/4/2 2349/4/2 2367/4/2 2044/4/2
f 2042/4/3 2347/4/3 2349/4/3 2041/4/3
f 2046/4/1 2047/4/1 2368/4/1 2351/4/1
f 2047/4/4 2051/4/4 2369/4/4 2368/4/4
f 2359/4/6 2370/4/6 2371/4/6 2358/4/6
f 2372/17/2 2373/17/2 2374/17/2 2064/17/2
f 2052/17/3 2358/17/3 2373/17/3 2372/17/3
f 2052/17/5 2372/17/5 2064/17/5 2053/17/5
f 2375/11/1 2070/11/1 2376/11/1 2377/11/1
f 2375/11/3 2377/11/3 2361/11/3 2055/11/3
f 2375/11/5 2055/11/5 2054/11/5 2070/11/5
f 2043/5/2 2366/5/2 2378/5/2 2058/5/2
f 2057/5/4 2058/5/4 2378/5/4 2379/5/4
f 2045/5/1 2059/5/1 2380/5/1 2365/5/1
f 2059/5/4 2060/5/4 2381/5/4 2380/5/4
f 2045/5/5 2044/5/5 2060/5/5 2059/5/5
f 2047/4/2 2368/4/2 2382/4/2 2062/4/2
f 2044/4/3 2367/4/3 2368/4/3 2047/4/3
f 2051/4/1 2061/4/1 2383/4/1 2369/4/1
f 2369/4/6 2383/4/6 2384/4/6 2370/4/6
f 2051/4/5 2050/4/5 2077/4/5 2061/4/5
f 2370/4/6 2384/4/6 2385/4/6 2371/4/6
f 2050/4/5 2053/4/5 2067/4/5 2077/4/5
f 2386/17/2 2387/17/2 2388/17/2 2389/17/2
f 2064/17/3 2374/17/3 2387/17/3 2386/17/3
f 2064/17/5 2386/17/5 2389/17/5 2065/17/5
f 2070/11/1 2071/11/1 2390/11/1 2376/11/1
f 2071/11/4 2072/11/4 2391/11/4 2390/11/4
f 2057/5/2 2379/5/2 2392/5/2 2393/5/2
f 2072/5/4 2393/5/4 2392/5/4 2391/5/4
f 2054/5/5 2057/5/5 2393/5/5 2072/5/5
f 2062/4/2 2382/4/2 2394/4/2 2075/4/2
f 2060/4/1 2074/4/1 2395/4/1 2381/4/1
f 2061/4/1 2076/4/1 2396/4/1 2383/4/1
f 2383/4/6 2396/4/6 2397/4/6 2384/4/6
f 2089/4/4 2092/4/4 2398/4/4 2397/4/4
f 2384/4/6 2397/4/6 2398/4/6 2385/4/6
f 2389/17/2 2388/17/2 2399/17/2 2400/17/2
f 2065/17/5 2389/17/5 2400/17/5 2078/17/5
f 2082/10/1 2083/10/1 2401/10/1 2402/10/1
f 2082/10/3 2402/10/3 2403/10/3 2068/10/3
f 2402/10/6 2401/10/6 2404/10/6 2403/10/6
f 2071/11/2 2390/11/2 2405/11/2 2084/11/2
f 2068/11/3 2403/11/3 2390/11/3 2071/11/3
f 2085/11/4 2084/11/4 2405/11/4 2404/11/4
f 2074/4/1 2086/4/1 2406/4/1 2395/4/1
f 2075/4/3 2394/4/3 2396/4/3 2076/4/3
f 2394/4/6 2407/4/6 2408/4/6 2396/4/6
f 2089/4/2 2397/4/2 2409/4/2 2090/4/2
f 2087/4/4 2090/4/4 2409/4/4 2408/4/4
f 2396/4/6 2408/4/6 2409/4/6 2397/4/6
f 2092/4/1 2091/4/1 2410/4/1 2398/4/1
f 2400/17/2 2399/17/2 2411/17/2 2412/17/2
f 2078/17/5 2400/17/5 2412/17/5 2093/17/5
f 2085/10/2 2404/10/2 2413/10/2 2096/10/2
f 2083/10/1 2095/10/1 2414/10/1 2401/10/1
f 2401/10/6 2414/10/6 2413/10/6 2404/10/6
f 2086/4/1 2099/4/1 2415/4/1 2406/4/1
f 2087/7/2 2408/7/2 2416/7/2 2101/7/2
f 2088/7/5 2087/7/5 2101/7/5 2100/7/5
f 2091/17/1 2103/17/1 2417/17/1 2410/17/1
f 2091/17/5 2093/17/5 2113/17/5 2103/17/5
f 2412/17/2 2411/17/2 2418/17/2 2419/17/2
f 2113/17/4 2419/17/4 2418/17/4 2420/17/4
f 2093/17/5 2412/17/5 2419/17/5 2113/17/5
f 2094/5/1 2104/5/1 2421/5/1 2422/5/1
f 2094/5/3 2422/5/3 2414/5/3 2095/5/3
f 2422/5/6 2421/5/6 2423/5/6 2414/5/6
f 2096/5/2 2413/5/2 2424/5/2 2106/5/2
f 2097/5/1 2107/5/1 2425/5/1 2426/5/1
f 2097/5/3 2426/5/3 2415/5/3 2099/5/3
f 2426/5/6 2425/5/6 2427/5/6 2415/5/6
f 2109/12/4 2110/12/4 2428/12/4 2427/12/4
f 2101/7/2 2416/7/2 2429/7/2 2111/7/2
f 2110/7/4 2111/7/4 2429/7/4 2428/7/4
f 2430/7/6 2428/7/6 2429/7/6 2416/7/6
f 2100/7/5 2101/7/5 2111/7/5 2110/7/5
f 2102/4/1 2112/4/1 2431/4/1 2432/4/1
f 2102/4/3 2432/4/3 2417/4/3 2103/4/3
f 2432/4/6 2431/4/6 2433/4/6 2417/4/6
f 2113/16/2 2420/16/2 2434/16/2 2114/16/2
f 2104/5/1 2435/5/1 2436/5/1 2421/5/1
f 2435/5/4 2116/5/4 2437/5/4 2436/5/4
f 2104/5/5 2105/5/5 2116/5/5 2435/5/5
f 2106/5/2 2424/5/2 2438/5/2 2115/5/2
f 2109/11/2 2427/11/2 2439/11/2 2440/11/2
f 2107/11/1 2124/11/1 2441/11/1 2425/11/1
f 2107/11/5 2109/11/5 2440/11/5 2124/11/5
f 2111/4/1 2126/4/1 2442/4/1 2429/4/1
f 2111/4/3 2429/4/3 2431/4/3 2112/4/3
f 2126/4/4 2127/4/4 2443/4/4 2442/4/4
f 2114/7/2 2434/7/2 2444/7/2 2130/7/2
f 2115/5/2 2438/5/2 2445/5/2 2133/5/2
f 2116/5/1 2131/5/1 2446/5/1 2437/5/1
f 2437/5/6 2446/5/6 2445/5/6 2438/5/6
f 2117/5/1 2135/5/1 2447/5/1 2448/5/1
f 2117/5/3 2448/5/3 2449/5/3 2120/5/3
f 2448/5/6 2447/5/6 2450/5/6 2449/5/6
f 2120/5/3 2449/5/3 2451/5/3 2122/5/3
f 2449/5/6 2450/5/6 2452/5/6 2451/5/6
f 2122/10/3 2451/10/3 2441/10/3 2124/10/3
f 2451/10/6 2452/10/6 2453/10/6 2441/10/6
f 2122/10/5 2124/10/5 2454/10/5 2137/10/5
f 2440/11/2 2439/11/2 2455/11/2 2456/11/2
f 2454/11/4 2456/11/4 2455/11/4 2453/11/4
f 2124/11/5 2440/11/5 2456/11/5 2454/11/5
f 2127/4/1 2139/4/1 2457/4/1 2443/4/1
f 2139/4/4 2140/4/4 2458/4/4 2457/4/4
f 2130/4/2 2444/4/2 2459/4/2 2141/4/2
f 2144/4/2 2460/4/2 2461/4/2 2145/4/2
f 2129/4/1 2142/4/1 2462/4/1 2463/4/1
f 2129/4/3 2463/4/3 2460/4/3 2144/4/3
f 2463/4/6 2462/4/6 2461/4/6 2460/4/6
f 2464/5/1 2465/5/1 2466/5/1 2467/5/1
f 2464/5/3 2467/5/3 2446/5/3 2131/5/3
f 2467/5/6 2466/5/6 2468/5/6 2446/5/6
f 2464/5/5 2131/5/5 2147/5/5 2465/5/5
f 2133/5/2 2445/5/2 2469/5/2 2148/5/2
f 2147/5/4 2148/5/4 2469/5/4 2468/5/4
f 2446/5/6 2468/5/6 2469/5/6 2445/5/6
f 2135/5/1 2150/5/1 2470/5/1 2447/5/1
f 2447/5/6 2470/5/6 2471/5/6 2450/5/6
f 2450/5/6 2471/5/6 2472/5/6 2452/5/6
f 2454/10/2 2453/10/2 2473/10/2 2474/10/2
f 2452/10/6 2472/10/6 2473/10/6 2453/10/6
f 2137/10/5 2454/10/5 2474/10/5 2153/10/5
f 2140/4/1 2156/4/1 2475/4/1 2458/4/1
f 2156/4/4 2157/4/4 2476/4/4 2475/4/4
f 2141/4/3 2459/4/3 2462/4/3 2142/4/3
f 2145/4/2 2461/4/2 2477/4/2 2159/4/2
f 2158/4/4 2159/4/4 2477/4/4 2478/4/4
f 2462/4/6 2478/4/6 2477/4/6 2461/4/6
f 2147/5/2 2468/5/2 2479/5/2 2162/5/2
f 2465/5/1 2480/5/1 2481/5/1 2466/5/1
f 2466/5/6 2481/5/6 2479/5/6 2468/5/6
f 2465/5/5 2147/5/5 2162/5/5 2480/5/5
f 2150/5/1 2166/5/1 2482/5/1 2470/5/1
f 2470/5/6 2482/5/6 2483/5/6 2471/5/6
f 2471/5/6 2483/5/6 2484/5/6 2472/5/6
f 2155/5/5 2153/5/5 2485/5/5 2167/5/5
f 2474/10/2 2473/10/2 2486/10/2 2487/10/2
f 2153/10/5 2474/10/5 2487/10/5 2485/10/5
f 2156/4/2 2475/4/2 2488/4/2 2169/4/2
f 2171/4/1 2170/4/1 2489/4/1 2490/4/1
f 2171/4/3 2490/4/3 2475/4/3 2156/4/3
f 2158/4/2 2478/4/2 2491/4/2 2182/4/2
f 2157/4/1 2181/4/1 2492/4/1 2476/4/1
f 2157/4/5 2158/4/5 2182/4/5 2181/4/5
f 2493/5/1 2494/5/1 2495/5/1 2496/5/1
f 2493/5/3 2496/5/3 2481/5/3 2480/5/3
f 2493/5/5 2480/5/5 2188/5/5 2494/5/5
f 2480/5/5 2162/5/5 2172/5/5 2188/5/5
f 2163/5/2 2497/5/2 2498/5/2 2173/5/2
f 2162/5/3 2479/5/3 2497/5/3 2163/5/3
f 2172/5/4 2173/5/4 2498/5/4 2499/5/4
f 2166/5/1 2175/5/1 2500/5/1 2482/5/1
f 2482/5/6 2500/5/6 2501/5/6 2483/5/6
f 2483/11/6 2501/11/6 2502/11/6 2484/11/6
f 2167/11/5 2485/11/5 2503/11/5 2176/11/5
f 2487/10/2 2486/10/2 2504/10/2 2505/10/2
f 2503/10/4 2505/10/4 2504/10/4 2502/10/4
f 2485/10/5 2487/10/5 2505/10/5 2503/10/5
f 2169/4/2 2488/4/2 2506/4/2 2178/4/2
f 2170/4/1 2179/4/1 2507/4/1 2489/4/1
f 2179/4/4 2178/4/4 2506/4/4 2507/4/4
f 2181/4/1 2180/4/1 2508/4/1 2492/4/1
f 2183/4/2 2509/4/2 2510/4/2 2184/4/2
f 2182/4/3 2491/4/3 2509/4/3 2183/4/3
f 2494/5/1 2511/5/1 2512/5/1 2495/5/1
f 2495/5/6 2512/5/6 2513/5/6 2514/5/6
f 2494/5/5 2188/5/5 2187/5/5 2511/5/5
f 2172/5/2 2499/5/2 2515/5/2 2189/5/2
f 2514/5/6 2513/5/6 2515/5/6 2499/5/6
f 2175/5/1 2192/5/1 2516/5/1 2500/5/1
f 2500/5/6 2516/5/6 2517/5/6 2501/5/6
f 2175/5/5 2176/5/5 2518/5/5 2192/5/5
f 2503/5/2 2502/5/2 2519/5/2 2520/5/2
f 2501/5/6 2517/5/6 2519/5/6 2502/5/6
f 2176/5/5 2503/5/5 2520/5/5 2518/5/5
f 2180/4/1 2210/4/1 2521/4/1 2508/4/1
f 2210/4/4 2211/4/4 2522/4/4 2521/4/4
f 2184/4/2 2510/4/2 2523/4/2 2212/4/2
f 2524/5/1 2525/5/1 2526/5/1 2527/5/1
f 2524/5/3 2527/5/3 2512/5/3 2511/5/3
f 2524/5/5 2511/5/5 2228/5/5 2525/5/5
f 2512/5/6 2528/5/6 2529/5/6 2513/5/6
f 2511/5/5 2187/5/5 2217/5/5 2228/5/5
f 2189/5/2 2515/5/2 2530/5/2 2218/5/2
f 2513/5/6 2529/5/6 2530/5/6 2515/5/6
f 2190/5/1 2219/5/1 2531/5/1 2532/5/1
f 2190/5/3 2532/5/3 2533/5/3 2191/5/3
f 2532/5/6 2531/5/6 2534/5/6 2533/5/6
f 2191/5/3 2533/5/3 2516/5/3 2192/5/3
f 2533/5/6 2534/5/6 2535/5/6 2516/5/6
f 2516/6/6 2535/6/6 2536/6/6 2517/6/6
f 2192/6/5 2518/6/5 2537/6/5 2222/6/5
f 2520/5/2 2519/5/2 2538/5/2 2539/5/2
f 2537/5/4 2539/5/4 2538/5/4 2536/5/4
f 2517/5/6 2536/5/6 2538/5/6 2519/5/6
f 2518/5/5 2520/5/5 2539/5/5 2537/5/5
f 2211/4/1 2540/4/1 2541/4/1 2522/4/1
f 2540/4/4 2224/4/4 2542/4/4 2541/4/4
f 2211/4/5 2212/4/5 2224/4/5 2540/4/5
f 2215/4/2 2543/4/2 2544/4/2 2225/4/2
f 2212/4/3 2523/4/3 2543/4/3 2215/4/3
f 2525/5/1 2545/5/1 2546/5/1 2526/5/1
f 2525/5/5 2228/5/5 2227/5/5 2545/5/5
f 2528/5/6 2547/5/6 2548/5/6 2529/5/6
f 2218/5/2 2530/5/2 2549/5/2 2231/5/2
f 2529/5/6 2548/5/6 2549/5/6 2530/5/6
f 2219/5/1 2229/5/1 2550/5/1 2531/5/1
f 2531/5/6 2550/5/6 2551/5/6 2534/5/6
f 2219/5/5 2221/5/5 2552/5/5 2229/5/5
f 2552/5/4 2553/5/4 2554/5/4 2551/5/4
f 2534/5/6 2551/5/6 2554/5/6 2535/5/6
f 2221/5/5 2222/5/5 2553/5/5 2552/5/5
f 2537/5/2 2536/5/2 2555/5/2 2556/5/2
f 2553/5/4 2556/5/4 2555/5/4 2554/5/4
f 2222/5/5 2537/5/5 2556/5/5 2553/5/5
f 2224/4/1 2557/4/1 2558/4/1 2542/4/1
f 2557/4/4 2559/4/4 2560/4/4 2558/4/4
f 2224/4/5 2225/4/5 2559/4/5 2557/4/5
f 2226/4/2 2561/4/2 2562/4/2 2234/4/2
f 2225/4/3 2544/4/3 2561/4/3 2226/4/3
f 2225/4/5 2226/4/5 2234/4/5 2559/4/5
f 2545/5/1 2563/5/1 2564/5/1 2546/5/1
f 2546/5/6 2564/5/6 2565/5/6 2547/5/6
f 2545/5/5 2227/5/5 2236/5/5 2563/5/5
f 2236/5/4 2240/5/4 2566/5/4 2565/5/4
f 2547/5/6 2565/5/6 2566/5/6 2548/5/6
f 2548/5/6 2566/5/6 2567/5/6 2549/5/6
f 2231/5/3 2549/5/3 2550/5/3 2229/5/3
f 2549/5/6 2567/5/6 2568/5/6 2550/5/6
f 2231/5/5 2229/5/5 2569/5/5 2238/5/5
f 2552/5/2 2551/5/2 2570/5/2 2571/5/2
f 2569/5/4 2571/5/4 2570/5/4 2568/5/4
f 2550/5/6 2568/5/6 2570/5/6 2551/5/6
f 2229/5/5 2552/5/5 2571/5/5 2569/5/5
f 2234/4/2 2562/4/2 2572/4/2 2242/4/2
f 2559/4/1 2573/4/1 2574/4/1 2560/4/1
f 2573/4/4 2242/4/4 2572/4/4 2574/4/4
f 2559/4/5 2234/4/5 2242/4/5 2573/4/5
f 2250/1/1 2249/1/1 2575/1/1 2576/1/1
f 2250/1/3 2576/1/3 2577/1/3 2244/1/3
f 2578/1/2 2579/1/2 2580/1/2 2260/1/2
f 2244/1/3 2577/1/3 2579/1/3 2578/1/3
f 2244/1/5 2578/1/5 2260/1/5 2245/1/5
f 2581/5/1 2582/5/1 2583/5/1 2584/5/1
f 2581/5/3 2584/5/3 2585/5/3 2586/5/3
f 2581/5/5 2586/5/5 2266/5/5 2582/5/5
f 2586/5/3 2585/5/3 2587/5/3 2588/5/3
f 2266/5/4 2267/5/4 2589/5/4 2590/5/4
f 2585/5/6 2590/5/6 2589/5/6 2587/5/6
f 2586/5/5 2588/5/5 2267/5/5 2266/5/5
f 2588/8/3 2587/8/3 2564/8/3 2563/8/3
f 2267/8/4 2271/8/4 2591/8/4 2589/8/4
f 2587/8/6 2589/8/6 2591/8/6 2564/8/6
f 2588/8/5 2563/8/5 2271/8/5 2267/8/5
f 2236/5/2 2565/5/2 2592/5/2 2254/5/2
f 2271/5/4 2254/5/4 2592/5/4 2591/5/4
f 2564/5/6 2591/5/6 2592/5/6 2565/5/6
f 2563/5/5 2236/5/5 2254/5/5 2271/5/5
f 2240/5/1 2251/5/1 2593/5/1 2566/5/1
f 2566/5/6 2593/5/6 2594/5/6 2567/5/6
f 2240/5/5 2238/5/5 2595/5/5 2251/5/5
f 2569/3/2 2568/3/2 2596/3/2 2597/3/2
f 2595/3/4 2597/3/4 2596/3/4 2594/3/4
f 2238/3/5 2569/3/5 2597/3/5 2595/3/5
f 2241/4/2 2598/4/2 2599/4/2 2257/4/2
f 2242/4/1 2600/4/1 2601/4/1 2572/4/1
f 2242/4/3 2572/4/3 2598/4/3 2241/4/3
f 2242/4/5 2241/4/5 2257/4/5 2600/4/5
f 2249/2/1 2258/2/1 2602/2/1 2575/2/1
f 2286/5/4 2261/5/4 2603/5/4 2604/5/4
f 2605/5/6 2604/5/6 2603/5/6 2580/5/6
f 2260/1/3 2580/1/3 2606/1/3 2607/1/3
f 2261/1/4 2290/1/4 2608/1/4 2603/1/4
f 2260/1/5 2607/1/5 2290/1/5 2261/1/5
f 2607/3/3 2606/3/3 2609/3/3 2610/3/3
f 2290/3/4 2295/3/4 2611/3/4 2608/3/4
f 2607/3/5 2610/3/5 2295/3/5 2290/3/5
f 2610/5/3 2609/5/3 2612/5/3 2613/5/3
f 2610/5/5 2613/5/5 2614/5/5 2295/5/5
f 2613/5/3 2612/5/3 2615/5/3 2616/5/3
f 2613/5/5 2616/5/5 2617/5/5 2614/5/5
f 2616/5/3 2615/5/3 2583/5/3 2582/5/3
f 2616/5/5 2582/5/5 2301/5/5 2617/5/5
f 2266/5/2 2590/5/2 2618/5/2 2265/5/2
f 2583/5/6 2619/5/6 2618/5/6 2590/5/6
f 2582/5/5 2266/5/5 2265/5/5 2301/5/5
f 2595/3/2 2594/3/2 2620/3/2 2621/3/2
f 2251/3/1 2277/3/1 2622/3/1 2593/3/1
f 2277/3/4 2621/3/4 2620/3/4 2622/3/4
f 2251/3/5 2595/3/5 2621/3/5 2277/3/5
f 2257/4/2 2599/4/2 2623/4/2 2279/4/2
f 2600/4/1 2624/4/1 2625/4/1 2601/4/1
f 2600/4/5 2257/4/5 2279/4/5 2624/4/5
f 2286/2/2 2604/2/2 2626/2/2 2287/2/2
f 2258/2/1 2285/2/1 2627/2/1 2602/2/1
f 2295/3/1 2296/3/1 2628/3/1 2611/3/1
f 2611/3/6 2628/3/6 2629/3/6 2630/3/6
f 2295/3/5 2614/3/5 2631/3/5 2296/3/5
f 2630/5/6 2629/5/6 2632/5/6 2633/5/6
f 2614/5/5 2617/5/5 2634/5/5 2631/5/5
f 2633/5/6 2632/5/6 2635/5/6 2619/5/6
f 2617/5/5 2301/5/5 2300/5/5 2634/5/5
f 2265/5/2 2618/5/2 2636/5/2 2303/5/2
f 2619/5/6 2635/5/6 2636/5/6 2618/5/6
f 2269/5/1 2305/5/1 2637/5/1 2638/5/1
f 2269/5/3 2638/5/3 2639/5/3 2273/5/3
f 2638/5/6 2637/5/6 2640/5/6 2639/5/6
f 2273/3/3 2639/3/3 2641/3/3 2276/3/3
f 2306/3/4 2642/3/4 2643/3/4 2640/3/4
f 2639/3/6 2640/3/6 2643/3/6 2641/3/6
f 2273/3/5 2276/3/5 2642/3/5 2306/3/5
f 2277/3/2 2622/3/2 2644/3/2 2645/3/2
f 2276/3/3 2641/3/3 2622/3/3 2277/3/3
f 2642/3/4 2645/3/4 2644/3/4 2643/3/4
f 2276/3/5 2277/3/5 2645/3/5 2642/3/5
f 2624/4/1 2646/4/1 2647/4/1 2625/4/1
f 2646/4/4 2648/4/4 2649/4/4 2647/4/4
f 2625/4/6 2647/4/6 2649/4/6 2623/4/6
f 2624/4/5 2279/4/5 2648/4/5 2646/4/5
f 2279/4/3 2623/4/3 2650/4/3 2280/4/3
f 2648/4/4 2651/4/4 2652/4/4 2649/4/4
f 2279/4/5 2280/4/5 2651/4/5 2648/4/5
f 2283/4/2 2653/4/2 2654/4/2 2655/4/2
f 2280/4/3 2650/4/3 2653/4/3 2283/4/3
f 2651/4/4 2655/4/4 2654/4/4 2652/4/4
f 2280/4/5 2283/4/5 2655/4/5 2651/4/5
f 2287/2/2 2626/2/2 2656/2/2 2309/2/2
f 2285/2/1 2308/2/1 2657/2/1 2627/2/1
f 2296/5/1 2314/5/1 2658/5/1 2628/5/1
f 2628/5/6 2658/5/6 2659/5/6 2629/5/6
f 2296/5/5 2631/5/5 2660/5/5 2314/5/5
f 2629/5/6 2659/5/6 2661/5/6 2632/5/6
f 2631/5/5 2634/5/5 2662/5/5 2660/5/5
f 2632/5/6 2661/5/6 2663/5/6 2635/5/6
f 2634/5/5 2300/5/5 2664/5/5 2662/5/5
f 2664/3/4 2665/3/4 2666/3/4 2663/3/4
f 2300/3/5 2303/3/5 2665/3/5 2664/3/5
f 2303/3/3 2636/3/3 2637/3/3 2305/3/3
f 2665/3/4 2667/3/4 2668/3/4 2666/3/4
f 2636/3/6 2666/3/6 2668/3/6 2637/3/6
f 2303/3/5 2305/3/5 2667/3/5 2665/3/5
f 2306/3/2 2640/3/2 2669/3/2 2670/3/2
f 2667/3/4 2670/3/4 2669/3/4 2668/3/4
f 2305/3/5 2306/3/5 2670/3/5 2667/3/5
f 2308/2/1 2316/2/1 2671/2/1 2657/2/1
f 2309/5/3 2656/5/3 2672/5/3 2310/5/3
f 2656/5/6 2673/5/6 2674/5/6 2672/5/6
f 2310/1/3 2672/1/3 2675/1/3 2312/1/3
f 2318/1/4 2321/1/4 2676/1/4 2674/1/4
f 2312/3/3 2675/3/3 2658/3/3 2314/3/3
f 2321/3/4 2322/3/4 2677/3/4 2676/3/4
f 2322/3/4 2678/3/4 2679/3/4 2677/3/4
f 2314/3/5 2660/3/5 2678/3/5 2322/3/5
f 2678/3/4 2680/3/4 2681/3/4 2679/3/4
f 2660/3/5 2662/3/5 2680/3/5 2678/3/5
f 2664/3/2 2663/3/2 2682/3/2 2683/3/2
f 2680/3/4 2683/3/4 2682/3/4 2681/3/4
f 2662/3/5 2664/3/5 2683/3/5 2680/3/5
f 2316/2/1 2327/2/1 2684/2/1 2671/2/1
f 2318/1/2 2674/1/2 2685/1/2 2686/1/2
f 2324/1/4 2686/1/4 2685/1/4 2687/1/4
f 2319/1/5 2318/1/5 2686/1/5 2324/1/5
f 2324/1/2 2687/1/2 2688/1/2 2689/1/2
f 2327/1/1 2690/1/1 2691/1/1 2684/1/1
f 2690/1/4 2689/1/4 2688/1/4 2691/1/4
f 2327/1/5 2324/1/5 2689/1/5 2690/1/5
f 2335/4/1 2338/4/1 2692/4/1 2693/4/1
f 2335/4/3 2693/4/3 2694/4/3 2336/4/3
f 2695/4/2 2696/4/2 2697/4/2 2340/4/2
f 2336/4/3 2694/4/3 2696/4/3 2695/4/3
f 2337/4/4 2340/4/4 2697/4/4 2698/4/4
f 2694/4/6 2698/4/6 2697/4/6 2696/4/6
f 2336/4/5 2695/4/5 2340/4/5 2337/4/5
f 2699/4/1 2344/4/1 2700/4/1 2701/4/1
f 2699/4/3 2701/4/3 2692/4/3 2338/4/3
f 2699/4/5 2338/4/5 2339/4/5 2344/4/5
f 2337/7/2 2698/7/2 2702/7/2 2342/7/2
f 2339/7/4 2342/7/4 2702/7/4 2703/7/4
f 2692/7/6 2703/7/6 2702/7/6 2698/7/6
f 2704/4/1 2705/4/1 2706/4/1 2707/4/1
f 2704/4/3 2707/4/3 2700/4/3 2344/4/3
f 2704/4/5 2344/4/5 2343/4/5 2705/4/5
f 2339/4/2 2703/4/2 2708/4/2 2346/4/2
f 2342/14/1 2345/14/1 2709/14/1 2702/14/1
f 2342/14/3 2702/14/3 2710/14/3 2341/14/3
f 2342/14/5 2341/14/5 2350/14/5 2345/14/5
f 2341/16/3 2710/16/3 2711/16/3 2712/16/3
f 2341/16/5 2712/16/5 2352/16/5 2350/16/5
f 2712/17/3 2711/17/3 2713/17/3 2714/17/3
f 2712/17/5 2714/17/5 2354/17/5 2352/17/5
f 2715/17/2 2716/17/2 2717/17/2 2357/17/2
f 2714/17/3 2713/17/3 2716/17/3 2715/17/3
f 2354/17/4 2357/17/4 2717/17/4 2718/17/4
f 2714/17/5 2715/17/5 2357/17/5 2354/17/5
f 2719/11/1 2720/11/1 2721/11/1 2722/11/1
f 2719/11/3 2722/11/3 2723/11/3 2724/11/3
f 2719/11/5 2724/11/5 2725/11/5 2720/11/5
f 2726/13/2 2727/13/2 2728/13/2 2362/13/2
f 2724/13/3 2723/13/3 2727/13/3 2726/13/3
f 2724/13/5 2726/13/5 2362/13/5 2725/13/5
f 2705/7/1 2363/7/1 2729/7/1 2706/7/1
f 2705/7/5 2343/7/5 2348/7/5 2363/7/5
f 2346/4/2 2708/4/2 2730/4/2 2347/4/2
f 2345/4/1 2349/4/1 2731/4/1 2709/4/1
f 2709/4/6 2731/4/6 2732/4/6 2733/4/6
f 2354/4/2 2718/4/2 2734/4/2 2359/4/2
f 2735/17/2 2736/17/2 2737/17/2 2373/17/2
f 2357/17/1 2358/17/1 2738/17/1 2717/17/1
f 2357/17/3 2717/17/3 2736/17/3 2735/17/3
f 2357/17/5 2735/17/5 2373/17/5 2358/17/5
f 2720/11/1 2739/11/1 2740/11/1 2721/11/1
f 2739/11/4 2377/11/4 2741/11/4 2740/11/4
f 2720/11/5 2725/11/5 2377/11/5 2739/11/5
f 2725/11/5 2362/11/5 2361/11/5 2377/11/5
f 2362/13/3 2728/13/3 2729/13/3 2363/13/3
f 2347/4/3 2730/4/3 2731/4/3 2349/4/3
f 2349/4/5 2351/4/5 2368/4/5 2367/4/5
f 2732/4/6 2742/4/6 2743/4/6 2744/4/6
f 2359/4/2 2734/4/2 2745/4/2 2370/4/2
f 2369/4/4 2370/4/4 2745/4/4 2743/4/4
f 2744/4/6 2743/4/6 2745/4/6 2734/4/6
f 2358/4/1 2371/4/1 2746/4/1 2738/4/1
f 2747/17/2 2748/17/2 2749/17/2 2387/17/2
f 2373/17/3 2737/17/3 2748/17/3 2747/17/3
f 2373/17/5 2747/17/5 2387/17/5 2374/17/5
f 2377/11/1 2376/11/1 2750/11/1 2741/11/1
f 2378/5/4 2380/5/4 2751/5/4 2752/5/4
f 2366/5/5 2365/5/5 2380/5/5 2378/5/5
f 2380/5/4 2381/5/4 2753/5/4 2751/5/4
f 2369/4/2 2743/4/2 2754/4/2 2383/4/2
f 2368/4/5 2369/4/5 2383/4/5 2382/4/5
f 2371/4/1 2385/4/1 2755/4/1 2746/4/1
f 2746/4/6 2755/4/6 2756/4/6 2757/4/6
f 2387/17/2 2749/17/2 2758/17/2 2388/17/2
f 2376/11/1 2390/11/1 2759/11/1 2750/11/1
f 2390/11/4 2391/11/4 2760/11/4 2759/11/4
f 2391/5/4 2392/5/4 2761/5/4 2760/5/4
f 2378/5/2 2752/5/2 2762/5/2 2763/5/2
f 2392/5/4 2763/5/4 2762/5/4 2761/5/4
f 2379/5/5 2378/5/5 2763/5/5 2392/5/5
f 2381/4/1 2395/4/1 2764/4/1 2753/4/1
f 2383/4/2 2754/4/2 2765/4/2 2396/4/2
f 2394/4/4 2396/4/4 2765/4/4 2766/4/4
f 2382/4/5 2383/4/5 2396/4/5 2394/4/5
f 2385/4/1 2398/4/1 2767/4/1 2755/4/1
f 2755/4/6 2767/4/6 2768/4/6 2756/4/6
f 2769/17/2 2770/17/2 2771/17/2 2772/17/2
f 2388/17/3 2758/17/3 2770/17/3 2769/17/3
f 2388/17/5 2769/17/5 2772/17/5 2399/17/5
f 2390/11/2 2759/11/2 2773/11/2 2405/11/2
f 2403/11/1 2404/11/1 2774/11/1 2775/11/1
f 2403/11/3 2775/11/3 2759/11/3 2390/11/3
f 2394/4/2 2766/4/2 2776/4/2 2407/4/2
f 2395/4/1 2406/4/1 2777/4/1 2764/4/1
f 2398/4/1 2410/4/1 2778/4/1 2767/4/1
f 2772/17/2 2771/17/2 2779/17/2 2780/17/2
f 2399/17/5 2772/17/5 2780/17/5 2411/17/5
f 2405/11/2 2773/11/2 2781/11/2 2782/11/2
f 2404/11/1 2413/11/1 2783/11/1 2774/11/1
f 2404/11/5 2405/11/5 2782/11/5 2413/11/5
f 2406/4/1 2415/4/1 2784/4/1 2777/4/1
f 2408/12/2 2785/12/2 2786/12/2 2416/12/2
f 2407/12/3 2776/12/3 2785/12/3 2408/12/3
f 2430/12/4 2416/12/4 2786/12/4 2787/12/4
f 2410/4/1 2417/4/1 2788/4/1 2778/4/1
f 2778/4/6 2788/4/6 2789/4/6 2790/4/6
f 2780/17/2 2779/17/2 2791/17/2 2792/17/2
f 2418/17/4 2792/17/4 2791/17/4 2793/17/4
f 2411/17/5 2780/17/5 2792/17/5 2418/17/5
f 2414/5/1 2423/5/1 2794/5/1 2795/5/1
f 2414/5/3 2795/5/3 2783/5/3 2413/5/3
f 2782/5/2 2781/5/2 2796/5/2 2797/5/2
f 2424/5/4 2797/5/4 2796/5/4 2798/5/4
f 2413/5/5 2782/5/5 2797/5/5 2424/5/5
f 2430/12/2 2787/12/2 2799/12/2 2428/12/2
f 2415/12/1 2427/12/1 2800/12/1 2784/12/1
f 2432/4/2 2801/4/2 2802/4/2 2431/4/2
f 2416/4/1 2429/4/1 2803/4/1 2786/4/1
f 2416/4/3 2786/4/3 2801/4/3 2432/4/3
f 2786/4/6 2803/4/6 2802/4/6 2801/4/6
f 2416/4/5 2432/4/5 2431/4/5 2429/4/5
f 2417/4/1 2433/4/1 2804/4/1 2788/4/1
f 2418/17/2 2793/17/2 2805/17/2 2806/17/2
f 2434/17/4 2806/17/4 2805/17/4 2807/17/4
f 2420/17/5 2418/17/5 2806/17/5 2434/17/5
f 2421/5/1 2436/5/1 2808/5/1 2809/5/1
f 2421/5/3 2809/5/3 2794/5/3 2423/5/3
f 2424/5/2 2798/5/2 2810/5/2 2438/5/2
f 2437/5/4 2438/5/4 2810/5/4 2811/5/4
f 2425/5/1 2441/5/1 2812/5/1 2813/5/1
f 2425/5/3 2813/5/3 2800/5/3 2427/5/3
f 2428/11/2 2799/11/2 2814/11/2 2815/11/2
f 2427/11/5 2428/11/5 2815/11/5 2439/11/5
f 2429/4/1 2442/4/1 2816/4/1 2803/4/1
f 2442/4/4 2443/4/4 2817/4/4 2816/4/4
f 2431/4/3 2802/4/3 2804/4/3 2433/4/3
f 2434/16/2 2807/16/2 2818/16/2 2444/16/2
f 2819/5/1 2820/5/1 2821/5/1 2822/5/1
f 2819/5/3 2822/5/3 2808/5/3 2436/5/3
f 2819/5/5 2436/5/5 2467/5/5 2820/5/5
f 2437/5/2 2811/5/2 2823/5/2 2446/5/2
f 2467/5/4 2446/5/4 2823/5/4 2824/5/4
f 2436/5/5 2437/5/5 2446/5/5 2467/5/5
f 2441/5/1 2453/5/1 2825/5/1 2812/5/1
f 2815/11/2 2814/11/2 2826/11/2 2827/11/2
f 2455/11/4 2827/11/4 2826/11/4 2828/11/4
f 2439/11/5 2815/11/5 2827/11/5 2455/11/5
f 2443/4/1 2457/4/1 2829/4/1 2817/4/1
f 2457/4/4 2458/4/4 2830/4/4 2829/4/4
f 2444/7/2 2818/7/2 2831/7/2 2459/7/2
f 2467/5/2 2824/5/2 2832/5/2 2466/5/2
f 2820/5/1 2833/5/1 2834/5/1 2821/5/1
f 2820/5/5 2467/5/5 2466/5/5 2833/5/5
f 2455/11/2 2828/11/2 2835/11/2 2836/11/2
f 2453/11/1 2473/11/1 2837/11/1 2825/11/1
f 2453/11/5 2455/11/5 2836/11/5 2473/11/5
f 2458/4/1 2475/4/1 2838/4/1 2830/4/1
f 2462/4/2 2839/4/2 2840/4/2 2478/4/2
f 2459/4/3 2831/4/3 2839/4/3 2462/4/3
f 2841/5/1 2842/5/1 2843/5/1 2844/5/1
f 2841/5/3 2844/5/3 2834/5/3 2833/5/3
f 2841/5/5 2833/5/5 2496/5/5 2842/5/5
f 2466/5/2 2832/5/2 2845/5/2 2481/5/2
f 2833/5/5 2466/5/5 2481/5/5 2496/5/5
f 2472/5/1 2484/5/1 2846/5/1 2847/5/1
f 2472/5/3 2847/5/3 2837/5/3 2473/5/3
f 2836/11/2 2835/11/2 2848/11/2 2849/11/2
f 2473/11/5 2836/11/5 2849/11/5 2486/11/5
f 2490/4/1 2489/4/1 2850/4/1 2851/4/1
f 2490/4/3 2851/4/3 2838/4/3 2475/4/3
f 2488/4/4 2492/4/4 2852/4/4 2853/4/4
f 2475/4/5 2476/4/5 2492/4/5 2488/4/5
f 2477/4/2 2854/4/2 2855/4/2 2509/4/2
f 2478/4/3 2840/4/3 2854/4/3 2477/4/3
f 2478/4/5 2477/4/5 2509/4/5 2491/4/5
f 2842/5/1 2856/5/1 2857/5/1 2843/5/1
f 2842/5/5 2496/5/5 2495/5/5 2856/5/5
f 2495/5/4 2514/5/4 2858/5/4 2859/5/4
f 2481/5/3 2845/5/3 2860/5/3 2479/5/3
f 2514/5/4 2499/5/4 2861/5/4 2858/5/4
f 2497/5/2 2862/5/2 2863/5/2 2498/5/2
f 2479/5/3 2860/5/3 2862/5/3 2497/5/3
f 2499/5/4 2498/5/4 2863/5/4 2861/5/4
f 2484/5/1 2502/5/1 2864/5/1 2846/5/1
f 2849/11/2 2848/11/2 2865/11/2 2866/11/2
f 2486/11/5 2849/11/5 2866/11/5 2504/11/5
f 2488/4/2 2853/4/2 2867/4/2 2506/4/2
f 2489/4/1 2507/4/1 2868/4/1 2850/4/1
f 2507/4/4 2506/4/4 2867/4/4 2868/4/4
f 2492/4/1 2508/4/1 2869/4/1 2852/4/1
f 2509/4/2 2855/4/2 2870/4/2 2510/4/2
f 2871/5/1 2872/5/1 2873/5/1 2874/5/1
f 2871/5/3 2874/5/3 2857/5/3 2856/5/3
f 2871/5/5 2856/5/5 2527/5/5 2872/5/5
f 2495/5/2 2859/5/2 2875/5/2 2512/5/2
f 2856/5/5 2495/5/5 2512/5/5 2527/5/5
f 2502/10/1 2519/10/1 2876/10/1 2864/10/1
f 2502/10/5 2504/10/5 2877/10/5 2519/10/5
f 2866/10/2 2865/10/2 2878/10/2 2879/10/2
f 2877/10/4 2879/10/4 2878/10/4 2880/10/4
f 2504/10/5 2866/10/5 2879/10/5 2877/10/5
f 2508/4/1 2521/4/1 2881/4/1 2869/4/1
f 2521/4/4 2522/4/4 2882/4/4 2881/4/4
f 2510/4/2 2870/4/2 2883/4/2 2523/4/2
f 2872/3/1 2884/3/1 2885/3/1 2873/3/1
f 2872/3/5 2527/3/5 2526/3/5 2884/3/5
f 2512/5/2 2875/5/2 2886/5/2 2528/5/2
f 2877/5/2 2880/5/2 2887/5/2 2888/5/2
f 2519/5/1 2538/5/1 2889/5/1 2876/5/1
f 2519/5/5 2877/5/5 2888/5/5 2538/5/5
f 2522/4/1 2541/4/1 2890/4/1 2882/4/1
f 2543/4/2 2891/4/2 2892/4/2 2544/4/2
f 2523/4/3 2883/4/3 2891/4/3 2543/4/3
f 2893/5/1 2894/5/1 2895/5/1 2896/5/1
f 2893/5/3 2896/5/3 2885/5/3 2884/5/3
f 2893/5/5 2884/5/5 2897/5/5 2894/5/5
f 2884/5/5 2526/5/5 2546/5/5 2897/5/5
f 2528/5/2 2886/5/2 2898/5/2 2547/5/2
f 2546/5/4 2547/5/4 2898/5/4 2899/5/4
f 2535/5/1 2554/5/1 2900/5/1 2901/5/1
f 2535/5/3 2901/5/3 2902/5/3 2536/5/3
f 2536/5/3 2902/5/3 2889/5/3 2538/5/3
f 2555/5/4 2903/5/4 2904/5/4 2905/5/4
f 2536/5/5 2538/5/5 2903/5/5 2555/5/5
f 2888/5/2 2887/5/2 2906/5/2 2907/5/2
f 2903/5/4 2907/5/4 2906/5/4 2904/5/4
f 2538/5/5 2888/5/5 2907/5/5 2903/5/5
f 2541/4/1 2908/4/1 2909/4/1 2890/4/1
f 2908/4/4 2558/4/4 2910/4/4 2909/4/4
f 2541/4/5 2542/4/5 2558/4/5 2908/4/5
f 2561/4/2 2911/4/2 2912/4/2 2562/4/2
f 2544/4/3 2892/4/3 2911/4/3 2561/4/3
f 2913/1/2 2914/1/2 2915/1/2 2577/1/2
f 2916/1/1 2576/1/1 2917/1/1 2918/1/1
f 2916/1/3 2918/1/3 2914/1/3 2913/1/3
f 2916/1/5 2913/1/5 2577/1/5 2576/1/5
f 2919/5/1 2920/5/1 2921/5/1 2922/5/1
f 2919/5/3 2922/5/3 2923/5/3 2924/5/3
f 2919/5/5 2924/5/5 2584/5/5 2920/5/5
f 2924/3/3 2923/3/3 2895/3/3 2894/3/3
f 2924/3/5 2894/3/5 2585/3/5 2584/3/5
f 2585/5/4 2587/5/4 2925/5/4 2926/5/4
f 2894/5/5 2897/5/5 2587/5/5 2585/5/5
f 2546/5/2 2899/5/2 2927/5/2 2564/5/2
f 2587/5/4 2564/5/4 2927/5/4 2925/5/4
f 2897/5/5 2546/5/5 2564/5/5 2587/5/5
f 2551/5/1 2570/5/1 2928/5/1 2929/5/1
f 2551/5/3 2929/5/3 2900/5/3 2554/5/3
f 2551/5/5 2554/5/5 2930/5/5 2570/5/5
f 2555/5/2 2905/5/2 2931/5/2 2932/5/2
f 2930/5/4 2932/5/4 2931/5/4 2933/5/4
f 2554/5/5 2555/5/5 2932/5/5 2930/5/5
f 2558/4/1 2934/4/1 2935/4/1 2910/4/1
f 2558/4/5 2560/4/5 2574/4/5 2934/4/5
f 2562/4/2 2912/4/2 2936/4/2 2572/4/2
f 2574/4/4 2572/4/4 2936/4/4 2937/4/4
f 2576/2/1 2575/2/1 2938/2/1 2917/2/1
f 2577/1/3 2915/1/3 2939/1/3 2579/1/3
f 2605/1/4 2580/1/4 2940/1/4 2941/1/4
f 2942/3/2 2943/3/2 2944/3/2 2606/3/2
f 2579/3/3 2939/3/3 2943/3/3 2942/3/3
f 2579/3/5 2942/3/5 2606/3/5 2580/3/5
f 2945/3/1 2612/3/1 2946/3/1 2947/3/1
f 2945/3/3 2947/3/3 2921/3/3 2920/3/3
f 2945/3/5 2920/3/5 2615/3/5 2612/3/5
f 2920/3/5 2584/3/5 2583/3/5 2615/3/5
f 2585/5/2 2926/5/2 2948/5/2 2590/5/2
f 2583/5/4 2590/5/4 2948/5/4 2949/5/4
f 2567/5/1 2594/5/1 2950/5/1 2951/5/1
f 2567/5/3 2951/5/3 2952/5/3 2568/5/3
f 2568/5/3 2952/5/3 2928/5/3 2570/5/3
f 2596/5/4 2953/5/4 2954/5/4 2955/5/4
f 2568/5/5 2570/5/5 2953/5/5 2596/5/5
f 2930/5/2 2933/5/2 2956/5/2 2957/5/2
f 2953/5/4 2957/5/4 2956/5/4 2954/5/4
f 2570/5/5 2930/5/5 2957/5/5 2953/5/5
f 2958/6/1 2959/6/1 2960/6/1 2961/6/1
f 2958/6/3 2961/6/3 2962/6/3 2963/6/3
f 2959/6/4 2964/6/4 2965/6/4 2960/6/4
f 2961/6/6 2960/6/6 2965/6/6 2962/6/6
f 2958/6/5 2963/6/5 2964/6/5 2959/6/5
f 2963/6/3 2962/6/3 2966/6/3 2967/6/3
f 2964/6/4 2968/6/4 2969/6/4 2965/6/4
f 2962/6/6 2965/6/6 2969/6/6 2966/6/6
f 2963/6/5 2967/6/5 2968/6/5 2964/6/5
f 2967/6/3 2966/6/3 2935/6/3 2934/6/3
f 2968/6/4 2970/6/4 2971/6/4 2969/6/4
f 2966/6/6 2969/6/6 2971/6/6 2935/6/6
f 2967/6/5 2934/6/5 2970/6/5 2968/6/5
f 2574/9/2 2937/9/2 2972/9/2 2973/9/2
f 2970/9/4 2973/9/4 2972/9/4 2971/9/4
f 2934/9/5 2574/9/5 2973/9/5 2970/9/5
f 2598/4/2 2974/4/2 2975/4/2 2599/4/2
f 2572/4/1 2601/4/1 2976/4/1 2936/4/1
f 2572/4/3 2936/4/3 2974/4/3 2598/4/3
f 2605/2/2 2941/2/2 2977/2/2 2604/2/2
f 2575/2/1 2602/2/1 2978/2/1 2938/2/1
f 2580/5/1 2603/5/1 2979/5/1 2940/5/1
f 2603/5/4 2608/5/4 2980/5/4 2979/5/4
f 2606/3/3 2944/3/3 2981/3/3 2609/3/3
f 2608/3/4 2611/3/4 2982/3/4 2980/3/4
f 2609/3/3 2981/3/3 2946/3/3 2612/3/3
f 2611/3/4 2630/3/4 2983/3/4 2982/3/4
f 2630/5/4 2633/5/4 2984/5/4 2983/5/4
f 2583/5/2 2949/5/2 2985/5/2 2619/5/2
f 2633/5/4 2619/5/4 2985/5/4 2984/5/4
f 2593/5/1 2622/5/1 2986/5/1 2987/5/1
f 2593/5/3 2987/5/3 2950/5/3 2594/5/3
f 2596/5/2 2955/5/2 2988/5/2 2989/5/2
f 2620/5/4 2989/5/4 2988/5/4 2990/5/4
f 2594/5/5 2596/5/5 2989/5/5 2620/5/5
f 2599/4/2 2975/4/2 2991/4/2 2623/4/2
f 2601/4/1 2625/4/1 2992/4/1 2976/4/1
f 2625/4/4 2623/4/4 2991/4/4 2992/4/4
f 2604/2/2 2977/2/2 2993/2/2 2626/2/2
f 2602/2/1 2627/2/1 2994/2/1 2978/2/1
f 2641/5/1 2643/5/1 2995/5/1 2996/5/1
f 2641/5/3 2996/5/3 2986/5/3 2622/5/3
f 2620/5/2 2990/5/2 2997/5/2 2998/5/2
f 2644/5/4 2998/5/4 2997/5/4 2999/5/4
f 2622/5/5 2620/5/5 2998/5/5 2644/5/5
f 2623/4/1 2649/4/1 3000/4/1 2991/4/1
f 2623/4/3 2991/4/3 3001/4/3 2650/4/3
f 2649/4/4 2652/4/4 3002/4/4 3000/4/4
f 2653/7/2 3003/7/2 3004/7/2 2654/7/2
f 2650/7/3 3001/7/3 3003/7/3 2653/7/3
f 2652/7/4 2654/7/4 3004/7/4 3002/7/4
f 2626/2/2 2993/2/2 3005/2/2 2656/2/2
f 2627/2/1 2657/2/1 3006/2/1 2994/2/1
f 2636/5/2 3007/5/2 3008/5/2 2666/5/2
f 2635/5/1 2663/5/1 3009/5/1 3010/5/1
f 2635/5/3 3010/5/3 3007/5/3 2636/5/3
f 2637/5/1 2668/5/1 3011/5/1 3012/5/1
f 2637/5/3 3012/5/3 3013/5/3 2640/5/3
f 2640/3/3 3013/3/3 2995/3/3 2643/3/3
f 2669/3/4 3014/3/4 3015/3/4 3016/3/4
f 2640/3/5 2643/3/5 3014/3/5 2669/3/5
f 2644/5/2 2999/5/2 3017/5/2 3018/5/2
f 3014/5/4 3018/5/4 3017/5/4 3015/5/4
f 2643/5/5 2644/5/5 3018/5/5 3014/5/5
f 2656/2/2 3005/2/2 3019/2/2 2673/2/2
f 2657/2/1 2671/2/1 3020/2/1 3006/2/1
f 2672/5/1 2674/5/1 3021/5/1 3022/5/1
f 2672/5/3 3022/5/3 3023/5/3 2675/5/3
f 2675/5/3 3023/5/3 3024/5/3 2658/5/3
f 2658/3/3 3024/3/3 3025/3/3 2659/3/3
f 2677/3/4 2679/3/4 3026/3/4 3027/3/4
f 2659/5/3 3025/5/3 3028/5/3 2661/5/3
f 2679/5/4 2681/5/4 3029/5/4 3026/5/4
f 2661/3/3 3028/3/3 3009/3/3 2663/3/3
f 2681/3/4 2682/3/4 3030/3/4 3029/3/4
f 2682/3/4 3031/3/4 3032/3/4 3030/3/4
f 2663/3/5 2666/3/5 3031/3/5 2682/3/5
f 2666/5/3 3008/5/3 3011/5/3 2668/5/3
f 3031/5/4 3033/5/4 3034/5/4 3032/5/4
f 2666/5/5 2668/5/5 3033/5/5 3031/5/5
f 2669/3/2 3016/3/2 3035/3/2 3036/3/2
f 3033/3/4 3036/3/4 3035/3/4 3034/3/4
f 2668/3/5 2669/3/5 3036/3/5 3033/3/5
f 2671/2/1 2684/2/1 3037/2/1 3020/2/1
f 2673/1/3 3019/1/3 3021/1/3 2674/1/3
f 2687/1/4 2685/1/4 3038/1/4 3039/1/4
f 2685/3/4 3040/3/4 3041/3/4 3038/3/4
f 2674/3/5 2676/3/5 3040/3/5 2685/3/5
f 2677/3/2 3027/3/2 3042/3/2 3043/3/2
f 3040/3/4 3043/3/4 3042/3/4 3041/3/4
f 2676/3/5 2677/3/5 3043/3/5 3040/3/5
f 2687/1/2 3039/1/2 3044/1/2 2688/1/2
f 2684/1/1 2691/1/1 3045/1/1 3037/1/1
f 2691/1/4 2688/1/4 3044/1/4 3045/1/4
f 3046/4/2 3047/4/2 3048/4/2 2694/4/2
f 3049/4/1 2693/4/1 3050/4/1 3051/4/1
f 3049/4/3 3051/4/3 3047/4/3 3046/4/3
f 3049/4/5 3046/4/5 2694/4/5 2693/4/5
f 3052/4/1 2701/4/1 3053/4/1 3054/4/1
f 3052/4/3 3054/4/3 3050/4/3 2693/4/3
f 3052/4/5 2693/4/5 2692/4/5 2701/4/5
f 2694/4/2 3048/4/2 3055/4/2 2698/4/2
f 2692/4/4 2698/4/4 3055/4/4 3056/4/4
f 3050/4/6 3056/4/6 3055/4/6 3048/4/6
f 3057/4/1 2707/4/1 3058/4/1 3059/4/1
f 3057/4/3 3059/4/3 3053/4/3 2701/4/3
f 3057/4/5 2701/4/5 2700/4/5 2707/4/5
f 2692/7/2 3056/7/2 3060/7/2 2703/7/2
f 2707/4/1 2706/4/1 3061/4/1 3058/4/1
f 2703/14/3 3060/14/3 3062/14/3 2702/14/3
f 2708/14/4 2709/14/4 3063/14/4 3064/14/4
f 2703/14/5 2702/14/5 2709/14/5 2708/14/5
f 2702/17/3 3062/17/3 3065/17/3 2710/17/3
f 2709/17/4 2733/17/4 3066/17/4 3063/17/4
f 2710/17/3 3065/17/3 3067/17/3 2711/17/3
f 2711/17/3 3067/17/3 3068/17/3 2713/17/3
f 2713/17/3 3068/17/3 3069/17/3 2716/17/3
f 3070/17/2 3071/17/2 3072/17/2 2736/17/2
f 2716/17/3 3069/17/3 3071/17/3 3070/17/3
f 2716/17/5 3070/17/5 2736/17/5 2717/17/5
f 2722/11/1 2721/11/1 3073/11/1 3074/11/1
f 2722/11/3 3074/11/3 3075/11/3 2723/11/3
f 3074/11/6 3073/11/6 3076/11/6 3075/11/6
f 2727/13/2 3077/13/2 3078/13/2 2728/13/2
f 2723/13/3 3075/13/3 3077/13/3 2727/13/3
f 3075/13/6 3076/13/6 3078/13/6 3077/13/6
f 2706/7/1 2729/7/1 3079/7/1 3061/7/1
f 2708/4/2 3064/4/2 3080/4/2 2730/4/2
f 2733/4/1 2732/4/1 3081/4/1 3066/4/1
f 2732/4/4 2744/4/4 3082/4/4 3081/4/4
f 3066/4/6 3081/4/6 3082/4/6 3083/4/6
f 2744/4/4 2734/4/4 3084/4/4 3082/4/4
f 2734/4/4 2738/4/4 3085/4/4 3084/4/4
f 2718/4/5 2717/4/5 2738/4/5 2734/4/5
f 3086/17/2 3087/17/2 3088/17/2 2748/17/2
f 2736/17/3 3072/17/3 3087/17/3 3086/17/3
f 2736/17/5 3086/17/5 2748/17/5 2737/17/5
f 2721/11/1 2740/11/1 3089/11/1 3073/11/1
f 2740/11/4 2741/11/4 3090/11/4 3089/11/4
f 3073/11/6 3089/11/6 3090/11/6 3076/11/6
f 3076/13/6 3090/13/6 3091/13/6 3078/13/6
f 2728/13/3 3078/13/3 3079/13/3 2729/13/3
f 2730/4/3 3080/4/3 3092/4/3 2731/4/3
f 2732/4/2 3081/4/2 3093/4/2 2742/4/2
f 2731/4/3 3092/4/3 3081/4/3 2732/4/3
f 3092/4/6 3094/4/6 3093/4/6 3081/4/6
f 2738/4/1 2746/4/1 3095/4/1 3085/4/1
f 2746/4/4 2757/4/4 3096/4/4 3095/4/4
f 2748/17/2 3088/17/2 3097/17/2 2749/17/2
f 2741/11/1 2750/11/1 3098/11/1 3090/11/1
f 2752/5/4 2751/5/4 3099/5/4 3100/5/4
f 3101/5/6 3100/5/6 3099/5/6 3102/5/6
f 2751/5/4 2753/5/4 3103/5/4 3099/5/4
f 2743/4/2 3104/4/2 3105/4/2 2754/4/2
f 2742/4/3 3093/4/3 3104/4/3 2743/4/3
f 2757/4/1 2756/4/1 3106/4/1 3096/4/1
f 3107/17/2 3108/17/2 3109/17/2 2770/17/2
f 2749/17/3 3097/17/3 3108/17/3 3107/17/3
f 2749/17/5 3107/17/5 2770/17/5 2758/17/5
f 2750/11/1 2759/11/1 3110/11/1 3098/11/1
f 2759/11/4 2760/11/4 3111/11/4 3110/11/4
f 2760/5/4 2761/5/4 3112/5/4 3111/5/4
f 2752/5/2 3100/5/2 3113/5/2 2762/5/2
f 2761/5/4 2762/5/4 3113/5/4 3112/5/4
f 3114/5/6 3112/5/6 3113/5/6 3100/5/6
f 2753/4/1 2764/4/1 3115/4/1 3103/4/1
f 2754/4/2 3105/4/2 3116/4/2 2765/4/2
f 3117/4/6 3118/4/6 3116/4/6 3105/4/6
f 2756/4/1 2768/4/1 3119/4/1 3106/4/1
f 3106/4/6 3119/4/6 3120/4/6 3121/4/6
f 2770/17/2 3109/17/2 3122/17/2 2771/17/2
f 2759/11/2 3110/11/2 3123/11/2 2773/11/2
f 2775/11/1 2774/11/1 3124/11/1 3125/11/1
f 2775/11/3 3125/11/3 3110/11/3 2759/11/3
f 2764/4/1 2777/4/1 3126/4/1 3115/4/1
f 2765/4/2 3116/4/2 3127/4/2 2785/4/2
f 2766/4/5 2765/4/5 2785/4/5 2776/4/5
f 2767/4/1 2778/4/1 3128/4/1 3129/4/1
f 2767/4/3 3129/4/3 3119/4/3 2768/4/3
f 2778/4/4 2790/4/4 3130/4/4 3128/4/4
f 2771/17/2 3122/17/2 3131/17/2 2779/17/2
f 2773/10/2 3123/10/2 3132/10/2 2781/10/2
f 2774/10/1 2783/10/1 3133/10/1 3124/10/1
f 3124/10/6 3133/10/6 3132/10/6 3123/10/6
f 2777/4/1 2784/4/1 3134/4/1 3126/4/1
f 2785/7/2 3127/7/2 3135/7/2 2786/7/2
f 2787/7/4 2786/7/4 3135/7/4 3136/7/4
f 2790/4/1 2789/4/1 3137/4/1 3130/4/1
f 2779/17/2 3131/17/2 3138/17/2 2791/17/2
f 2795/5/1 2794/5/1 3139/5/1 3140/5/1
f 2795/5/3 3140/5/3 3133/5/3 2783/5/3
f 2781/5/2 3132/5/2 3141/5/2 2796/5/2
f 2798/5/4 2796/5/4 3141/5/4 3142/5/4
f 3133/5/6 3142/5/6 3141/5/6 3132/5/6
f 2787/12/2 3136/12/2 3143/12/2 2799/12/2
f 2784/12/1 2800/12/1 3144/12/1 3134/12/1
f 2788/4/1 2804/4/1 3145/4/1 3146/4/1
f 2788/4/3 3146/4/3 3137/4/3 2789/4/3
f 2791/17/2 3138/17/2 3147/17/2 3148/17/2
f 2805/17/4 3148/17/4 3147/17/4 3149/17/4
f 2793/17/5 2791/17/5 3148/17/5 2805/17/5
f 2809/5/1 2808/5/1 3150/5/1 3151/5/1
f 2809/5/3 3151/5/3 3139/5/3 2794/5/3
f 2798/5/2 3142/5/2 3152/5/2 2810/5/2
f 2811/5/4 2810/5/4 3152/5/4 3153/5/4
f 2813/5/1 2812/5/1 3154/5/1 3155/5/1
f 2813/5/3 3155/5/3 3144/5/3 2800/5/3
f 2799/11/2 3143/11/2 3156/11/2 2814/11/2
f 3144/11/6 3157/11/6 3156/11/6 3143/11/6
f 2803/4/1 2816/4/1 3158/4/1 3159/4/1
f 2803/4/3 3159/4/3 3160/4/3 2802/4/3
f 2816/4/4 2817/4/4 3161/4/4 3158/4/4
f 2802/4/3 3160/4/3 3145/4/3 2804/4/3
f 2805/16/2 3149/16/2 3162/16/2 3163/16/2
f 2818/16/4 3163/16/4 3162/16/4 3164/16/4
f 2807/16/5 2805/16/5 3163/16/5 2818/16/5
f 2822/5/1 2821/5/1 3165/5/1 3166/5/1
f 2822/5/3 3166/5/3 3150/5/3 2808/5/3
f 3166/5/6 3165/5/6 3167/5/6 3150/5/6
f 2811/5/2 3153/5/2 3168/5/2 2823/5/2
f 2824/5/4 2823/5/4 3168/5/4 3167/5/4
f 3150/5/6 3167/5/6 3168/5/6 3153/5/6
f 2812/5/1 2825/5/1 3169/5/1 3154/5/1
f 2814/11/2 3156/11/2 3170/11/2 2826/11/2
f 2828/11/4 2826/11/4 3170/11/4 3171/11/4
f 3157/11/6 3171/11/6 3170/11/6 3156/11/6
f 2817/4/1 2829/4/1 3172/4/1 3161/4/1
f 2829/4/4 2830/4/4 3173/4/4 3172/4/4
f 2818/7/2 3164/7/2 3174/7/2 2831/7/2
f 2824/5/2 3167/5/2 3175/5/2 2832/5/2
f 2821/5/1 2834/5/1 3176/5/1 3165/5/1
f 3165/5/6 3176/5/6 3175/5/6 3167/5/6
f 2828/10/2 3171/10/2 3177/10/2 2835/10/2
f 2825/10/1 2837/10/1 3178/10/1 3169/10/1
f 3169/10/6 3178/10/6 3177/10/6 3171/10/6
f 2830/4/1 2838/4/1 3179/4/1 3173/4/1
f 2839/4/2 3180/4/2 3181/4/2 2840/4/2
f 2831/4/3 3174/4/3 3180/4/3 2839/4/3
f 3174/4/6 3182/4/6 3181/4/6 3180/4/6
f 2844/5/1 2843/5/1 3183/5/1 3184/5/1
f 2844/5/3 3184/5/3 3176/5/3 2834/5/3
f 3184/5/6 3183/5/6 3185/5/6 3176/5/6
f 2832/5/2 3175/5/2 3186/5/2 2845/5/2
f 3176/5/6 3185/5/6 3186/5/6 3175/5/6
f 2847/5/1 2846/5/1 3187/5/1 3188/5/1
f 2847/5/3 3188/5/3 3178/5/3 2837/5/3
f 2835/10/2 3177/10/2 3189/10/2 2848/10/2
f 3178/10/6 3190/10/6 3189/10/6 3177/10/6
f 2851/4/1 2850/4/1 3191/4/1 3192/4/1
f 2851/4/3 3192/4/3 3179/4/3 2838/4/3
f 2853/4/4 2852/4/4 3193/4/4 3194/4/4
f 2854/4/2 3195/4/2 3196/4/2 2855/4/2
f 2840/4/3 3181/4/3 3195/4/3 2854/4/3
f 3181/4/6 3197/4/6 3196/4/6 3195/4/6
f 2843/5/1 2857/5/1 3198/5/1 3183/5/1
f 3183/5/6 3198/5/6 3199/5/6 3185/5/6
f 2859/5/4 2858/5/4 3200/5/4 3199/5/4
f 2845/5/3 3186/5/3 3201/5/3 2860/5/3
f 2858/5/4 2861/5/4 3202/5/4 3200/5/4
f 2862/5/2 3203/5/2 3204/5/2 2863/5/2
f 2860/5/3 3201/5/3 3203/5/3 2862/5/3
f 2861/5/4 2863/5/4 3204/5/4 3202/5/4
f 2846/5/1 2864/5/1 3205/5/1 3187/5/1
f 2848/10/2 3189/10/2 3206/10/2 2865/10/2
f 3190/10/6 3207/10/6 3206/10/6 3189/10/6
f 2853/4/2 3194/4/2 3208/4/2 2867/4/2
f 2850/4/1 2868/4/1 3209/4/1 3191/4/1
f 2868/4/4 2867/4/4 3208/4/4 3209/4/4
f 2852/4/1 2869/4/1 3210/4/1 3193/4/1
f 3211/4/2 3212/4/2 3213/4/2 3214/4/2
f 2855/4/3 3196/4/3 3212/4/3 3211/4/3
f 2870/4/4 3214/4/4 3213/4/4 3215/4/4
f 2855/4/5 3211/4/5 3214/4/5 2870/4/5
f 2874/5/1 2873/5/1 3216/5/1 3217/5/1
f 2874/5/3 3217/5/3 3198/5/3 2857/5/3
f 3217/5/6 3216/5/6 3218/5/6 3198/5/6
f 2859/5/2 3199/5/2 3219/5/2 2875/5/2
f 3198/5/6 3218/5/6 3219/5/6 3199/5/6
f 2864/5/1 2876/5/1 3220/5/1 3205/5/1
f 3205/5/6 3220/5/6 3221/5/6 3207/5/6
f 2865/10/2 3206/10/2 3222/10/2 2878/10/2
f 2880/10/4 2878/10/4 3222/10/4 3221/10/4
f 3207/10/6 3221/10/6 3222/10/6 3206/10/6
f 2869/4/1 2881/4/1 3223/4/1 3210/4/1
f 2870/4/2 3215/4/2 3224/4/2 2883/4/2
f 2873/5/1 2885/5/1 3225/5/1 3216/5/1
f 3216/5/6 3225/5/6 3226/5/6 3218/5/6
f 2875/5/2 3219/5/2 3227/5/2 2886/5/2
f 2880/5/2 3221/5/2 3228/5/2 2887/5/2
f 2876/5/1 2889/5/1 3229/5/1 3220/5/1
f 3220/5/6 3229/5/6 3228/5/6 3221/5/6
f 2881/4/1 3230/4/1 3231/4/1 3223/4/1
f 3230/4/4 2890/4/4 3232/4/4 3231/4/4
f 2881/4/5 2882/4/5 2890/4/5 3230/4/5
f 2891/4/2 3233/4/2 3234/4/2 2892/4/2
f 2883/4/3 3224/4/3 3233/4/3 2891/4/3
f 2896/5/1 2895/5/1 3235/5/1 3236/5/1
f 2896/5/3 3236/5/3 3225/5/3 2885/5/3
f 3236/5/6 3235/5/6 3237/5/6 3225/5/6
f 3225/5/6 3237/5/6 3238/5/6 3226/5/6
f 2886/5/2 3227/5/2 3239/5/2 2898/5/2
f 2899/5/4 2898/5/4 3239/5/4 3238/5/4
f 2901/5/1 2900/5/1 3240/5/1 3241/5/1
f 2901/5/3 3241/5/3 3242/5/3 2902/5/3
f 2902/5/3 3242/5/3 3229/5/3 2889/5/3
f 2905/5/4 2904/5/4 3243/5/4 3244/5/4
f 3242/5/6 3244/5/6 3243/5/6 3229/5/6
f 2887/5/2 3228/5/2 3245/5/2 2906/5/2
f 2904/5/4 2906/5/4 3245/5/4 3243/5/4
f 3229/5/6 3243/5/6 3245/5/6 3228/5/6
f 2890/4/1 2909/4/1 3246/4/1 3232/4/1
f 2909/4/4 2910/4/4 3247/4/4 3246/4/4
f 2911/4/2 3248/4/2 3249/4/2 2912/4/2
f 2892/4/3 3234/4/3 3248/4/3 2911/4/3
f 2914/1/2 3250/1/2 3251/1/2 2915/1/2
f 2918/1/1 2917/1/1 3252/1/1 3253/1/1
f 2918/1/3 3253/1/3 3250/1/3 2914/1/3
f 3253/1/6 3252/1/6 3251/1/6 3250/1/6
f 2922/5/1 2921/5/1 3254/5/1 3255/5/1
f 2922/5/3 3255/5/3 3256/5/3 2923/5/3
f 3255/5/6 3254/5/6 3257/5/6 3256/5/6
f 2923/5/3 3256/5/3 3235/5/3 2895/5/3
f 3256/5/6 3257/5/6 3258/5/6 3235/5/6
f 2926/5/4 2925/5/4 3259/5/4 3258/5/4
f 3235/5/6 3258/5/6 3259/5/6 3237/5/6
f 2899/5/2 3238/5/2 3260/5/2 2927/5/2
f 2925/5/4 2927/5/4 3260/5/4 3259/5/4
f 3237/5/6 3259/5/6 3260/5/6 3238/5/6
f 2929/5/1 2928/5/1 3261/5/1 3262/5/1
f 2929/5/3 3262/5/3 3240/5/3 2900/5/3
f 3262/5/6 3261/5/6 3263/5/6 3240/5/6
f 2905/5/2 3244/5/2 3264/5/2 2931/5/2
f 2933/5/4 2931/5/4 3264/5/4 3263/5/4
f 3240/5/6 3263/5/6 3264/5/6 3244/5/6
f 2910/4/1 2935/4/1 3265/4/1 3247/4/1
f 2912/4/2 3249/4/2 3266/4/2 2936/4/2
f 2917/2/1 2938/2/1 3267/2/1 3252/2/1
f 2915/1/3 3251/1/3 3268/1/3 2939/1/3
f 2941/1/4 2940/1/4 3269/1/4 3270/1/4
f 2943/1/2 3271/1/2 3272/1/2 2944/1/2
f 2939/1/3 3268/1/3 3271/1/3 2943/1/3
f 3268/1/6 3269/1/6 3272/1/6 3271/1/6
f 2947/5/1 2946/5/1 3273/5/1 3274/5/1
f 2947/5/3 3274/5/3 3254/5/3 2921/5/3
f 3274/5/6 3273/5/6 3275/5/6 3254/5/6
f 3254/5/6 3275/5/6 3276/5/6 3257/5/6
f 2926/5/2 3258/5/2 3277/5/2 2948/5/2
f 2949/5/4 2948/5/4 3277/5/4 3276/5/4
f 2951/5/1 2950/5/1 3278/5/1 3279/5/1
f 2951/5/3 3279/5/3 3280/5/3 2952/5/3
f 2952/5/3 3280/5/3 3261/5/3 2928/5/3
f 2955/5/4 2954/5/4 3281/5/4 3282/5/4
f 3280/5/6 3282/5/6 3281/5/6 3261/5/6
f 2933/5/2 3263/5/2 3283/5/2 2956/5/2
f 2954/5/4 2956/5/4 3283/5/4 3281/5/4
f 3261/5/6 3281/5/6 3283/5/6 3263/5/6
f 2935/4/1 2971/4/1 3284/4/1 3265/4/1
f 2971/4/4 2972/4/4 3285/4/4 3284/4/4
f 2972/4/4 2976/4/4 3286/4/4 3285/4/4
f 2937/4/5 2936/4/5 2976/4/5 2972/4/5
f 2974/4/2 3287/4/2 3288/4/2 2975/4/2
f 2936/4/3 3266/4/3 3287/4/3 2974/4/3
f 2941/2/2 3270/2/2 3289/2/2 2977/2/2
f 2938/2/1 2978/2/1 3290/2/1 3267/2/1
f 2940/5/1 2979/5/1 3291/5/1 3269/5/1
f 2979/5/4 2980/5/4 3292/5/4 3291/5/4
f 2944/3/3 3272/3/3 3293/3/3 2981/3/3
f 2980/3/4 2982/3/4 3294/3/4 3292/3/4
f 2981/3/3 3293/3/3 3273/3/3 2946/3/3
f 2982/3/4 2983/3/4 3295/3/4 3294/3/4
f 2983/5/4 2984/5/4 3296/5/4 3295/5/4
f 2949/5/2 3276/5/2 3297/5/2 2985/5/2
f 2984/5/4 2985/5/4 3297/5/4 3296/5/4
f 2987/5/1 2986/5/1 3298/5/1 3299/5/1
f 2987/5/3 3299/5/3 3278/5/3 2950/5/3
f 2955/5/2 3282/5/2 3300/5/2 2988/5/2
f 2990/5/4 2988/5/4 3300/5/4 3301/5/4
f 3278/5/6 3301/5/6 3300/5/6 3282/5/6
f 2975/7/2 3288/7/2 3302/7/2 2991/7/2
f 2976/7/1 2992/7/1 3303/7/1 3286/7/1
f 2992/7/4 2991/7/4 3302/7/4 3303/7/4
f 2977/2/2 3289/2/2 3304/2/2 2993/2/2
f 2978/2/1 2994/2/1 3305/2/1 3290/2/1
f 2996/5/1 2995/5/1 3306/5/1 3307/5/1
f 2996/5/3 3307/5/3 3298/5/3 2986/5/3
f 2990/5/2 3301/5/2 3308/5/2 2997/5/2
f 2999/5/4 2997/5/4 3308/5/4 3309/5/4
f 3298/5/6 3309/5/6 3308/5/6 3301/5/6
f 2991/4/1 3000/4/1 3310/4/1 3302/4/1
f 2991/4/3 3302/4/3 3311/4/3 3001/4/3
f 3000/4/4 3002/4/4 3312/4/4 3310/4/4
f 3003/7/2 3313/7/2 3314/7/2 3004/7/2
f 3001/7/3 3311/7/3 3313/7/3 3003/7/3
f 3002/7/4 3004/7/4 3314/7/4 3312/7/4
f 2993/2/2 3304/2/2 3315/2/2 3005/2/2
f 2994/2/1 3006/2/1 3316/2/1 3305/2/1
f 3007/5/2 3317/5/2 3318/5/2 3008/5/2
f 3010/5/1 3009/5/1 3319/5/1 3320/5/1
f 3010/5/3 3320/5/3 3317/5/3 3007/5/3
f 3012/5/1 3011/5/1 3321/5/1 3322/5/1
f 3012/5/3 3322/5/3 3323/5/3 3013/5/3
f 3013/5/3 3323/5/3 3306/5/3 2995/5/3
f 3016/5/4 3015/5/4 3324/5/4 3325/5/4
f 3323/5/6 3325/5/6 3324/5/6 3306/5/6
f 2999/3/2 3309/3/2 3326/3/2 3017/3/2
f 3015/3/4 3017/3/4 3326/3/4 3324/3/4
f 3306/3/6 3324/3/6 3326/3/6 3309/3/6
f 3005/2/2 3315/2/2 3327/2/2 3019/2/2
f 3006/2/1 3020/2/1 3328/2/1 3316/2/1
f 3022/5/1 3021/5/1 3329/5/1 3330/5/1
f 3022/5/3 3330/5/3 3331/5/3 3023/5/3
f 3023/5/3 3331/5/3 3332/5/3 3024/5/3
f 3024/3/3 3332/3/3 3333/3/3 3025/3/3
f 3027/3/4 3026/3/4 3334/3/4 3335/3/4
f 3025/5/3 3333/5/3 3336/5/3 3028/5/3
f 3026/5/4 3029/5/4 3337/5/4 3334/5/4
f 3028/5/3 3336/5/3 3319/5/3 3009/5/3
f 3029/5/4 3030/5/4 3338/5/4 3337/5/4
f 3030/5/4 3032/5/4 3339/5/4 3338/5/4
f 3319/5/6 3338/5/6 3339/5/6 3318/5/6
f 3008/3/3 3318/3/3 3321/3/3 3011/3/3
f 3032/3/4 3034/3/4 3340/3/4 3339/3/4
f 3318/3/6 3339/3/6 3340/3/6 3321/3/6
f 3016/3/2 3325/3/2 3341/3/2 3035/3/2
f 3034/3/4 3035/3/4 3341/3/4 3340/3/4
f 3321/3/6 3340/3/6 3341/3/6 3325/3/6
f 3020/2/1 3037/2/1 3342/2/1 3328/2/1
f 3019/1/3 3327/1/3 3329/1/3 3021/1/3
f 3039/1/4 3038/1/4 3343/1/4 3344/1/4
f 3038/1/4 3041/1/4 3345/1/4 3343/1/4
f 3329/1/6 3343/1/6 3345/1/6 3346/1/6
f 3027/3/2 3335/3/2 3347/3/2 3042/3/2
f 3041/3/4 3042/3/4 3347/3/4 3345/3/4
f 3346/3/6 3345/3/6 3347/3/6 3335/3/6
f 3039/1/2 3344/1/2 3348/1/2 3044/1/2
f 3037/1/1 3045/1/1 3349/1/1 3342/1/1
f 3045/1/4 3044/1/4 3348/1/4 3349/1/4
f 3350/4/2 3351/4/2 3352/4/2 3047/4/2
f 3353/4/1 3051/4/1 3354/4/1 3355/4/1
f 3353/4/3 3355/4/3 3351/4/3 3350/4/3
f 3355/4/6 3354/4/6 3352/4/6 3351/4/6
f 3353/4/5 3350/4/5 3047/4/5 3051/4/5
f 3356/4/1 3054/4/1 3357/4/1 3358/4/1
f 3356/4/3 3358/4/3 3354/4/3 3051/4/3
f 3358/4/6 3357/4/6 3359/4/6 3354/4/6
f 3356/4/5 3051/4/5 3050/4/5 3054/4/5
f 3047/4/2 3352/4/2 3360/4/2 3048/4/2
f 3050/4/4 3048/4/4 3360/4/4 3359/4/4
f 3050/4/2 3359/4/2 3361/4/2 3056/4/2
f 3054/4/1 3053/4/1 3362/4/1 3357/4/1
f 3059/4/1 3058/4/1 3363/4/1 3364/4/1
f 3059/4/3 3364/4/3 3362/4/3 3053/4/3
f 3056/7/2 3361/7/2 3365/7/2 3060/7/2
f 3058/4/1 3061/4/1 3366/4/1 3363/4/1
f 3060/14/3 3365/14/3 3367/14/3 3062/14/3
f 3064/14/4 3063/14/4 3368/14/4 3369/14/4
f 3062/17/3 3367/17/3 3370/17/3 3065/17/3
f 3063/17/4 3066/17/4 3371/17/4 3368/17/4
f 3065/18/3 3370/18/3 3372/18/3 3067/18/3
f 3066/18/4 3083/18/4 3373/18/4 3371/18/4
f 3067/18/3 3372/18/3 3374/18/3 3068/18/3
f 3068/18/3 3374/18/3 3375/18/3 3069/18/3
f 3071/17/2 3376/17/2 3377/17/2 3072/17/2
f 3069/17/3 3375/17/3 3376/17/3 3071/17/3
f 3077/7/1 3078/7/1 3378/7/1 3379/7/1
f 3077/7/3 3379/7/3 3366/7/3 3061/7/3
f 3077/7/5 3061/7/5 3079/7/5 3078/7/5
f 3064/4/2 3369/4/2 3380/4/2 3080/4/2
f 3083/4/1 3082/4/1 3381/4/1 3373/4/1
f 3082/4/4 3084/4/4 3382/4/4 3381/4/4
f 3084/4/4 3085/4/4 3383/4/4 3382/4/4
f 3087/17/2 3384/17/2 3385/17/2 3088/17/2
f 3072/17/3 3377/17/3 3384/17/3 3087/17/3
f 3078/12/1 3091/12/1 3386/12/1 3378/12/1
f 3378/12/6 3386/12/6 3387/12/6 3388/12/6
f 3101/4/4 3102/4/4 3389/4/4 3390/4/4
f 3092/4/2 3391/4/2 3392/4/2 3094/4/2
f 3080/4/3 3380/4/3 3391/4/3 3092/4/3
f 3082/4/2 3381/4/2 3393/4/2 3104/4/2
f 3081/4/1 3093/4/1 3394/4/1 3395/4/1
f 3081/4/3 3395/4/3 3381/4/3 3082/4/3
f 3081/4/5 3082/4/5 3104/4/5 3093/4/5
f 3085/4/1 3095/4/1 3396/4/1 3383/4/1
f 3095/4/4 3096/4/4 3397/4/4 3396/4/4
f 3398/17/2 3399/17/2 3400/17/2 3108/17/2
f 3088/17/3 3385/17/3 3399/17/3 3398/17/3
f 3088/17/5 3398/17/5 3108/17/5 3097/17/5
f 3090/13/1 3098/13/1 3401/13/1 3402/13/1
f 3090/13/3 3402/13/3 3386/13/3 3091/13/3
f 3402/13/6 3401/13/6 3403/13/6 3386/13/6
f 3101/5/2 3390/5/2 3404/5/2 3100/5/2
f 3114/5/4 3100/5/4 3404/5/4 3405/5/4
f 3102/5/1 3099/5/1 3406/5/1 3389/5/1
f 3099/5/4 3103/5/4 3407/5/4 3406/5/4
f 3389/5/6 3406/5/6 3407/5/6 3392/5/6
f 3094/4/3 3392/4/3 3394/4/3 3093/4/3
f 3104/4/2 3393/4/2 3408/4/2 3105/4/2
f 3117/4/4 3105/4/4 3408/4/4 3409/4/4
f 3096/4/1 3106/4/1 3410/4/1 3397/4/1
f 3106/4/4 3121/4/4 3411/4/4 3410/4/4
f 3108/17/2 3400/17/2 3412/17/2 3109/17/2
f 3098/11/1 3110/11/1 3413/11/1 3401/11/1
f 3110/11/4 3111/11/4 3414/11/4 3413/11/4
f 3114/5/2 3405/5/2 3415/5/2 3112/5/2
f 3111/5/4 3112/5/4 3415/5/4 3414/5/4
f 3403/5/6 3414/5/6 3415/5/6 3405/5/6
f 3117/4/2 3409/4/2 3416/4/2 3118/4/2
f 3103/4/1 3115/4/1 3417/4/1 3407/4/1
f 3109/17/2 3412/17/2 3418/17/2 3122/17/2
f 3121/17/1 3120/17/1 3419/17/1 3411/17/1
f 3420/10/1 3421/10/1 3422/10/1 3423/10/1
f 3420/10/3 3423/10/3 3424/10/3 3125/10/3
f 3420/10/5 3125/10/5 3124/10/5 3421/10/5
f 3110/11/2 3413/11/2 3425/11/2 3123/11/2
f 3125/11/3 3424/11/3 3413/11/3 3110/11/3
f 3124/11/4 3123/11/4 3425/11/4 3426/11/4
f 3115/4/1 3126/4/1 3427/4/1 3417/4/1
f 3118/4/3 3416/4/3 3428/4/3 3116/4/3
f 3116/4/3 3428/4/3 3429/4/3 3430/4/3
f 3127/4/4 3431/4/4 3432/4/4 3433/4/4
f 3116/4/5 3430/4/5 3431/4/5 3127/4/5
f 3430/4/3 3429/4/3 3434/4/3 3129/4/3
f 3431/4/4 3128/4/4 3435/4/4 3432/4/4
f 3430/4/5 3129/4/5 3128/4/5 3431/4/5
f 3129/4/3 3434/4/3 3436/4/3 3119/4/3
f 3128/4/4 3130/4/4 3437/4/4 3435/4/4
f 3119/4/3 3436/4/3 3419/4/3 3120/4/3
f 3122/17/2 3418/17/2 3438/17/2 3131/17/2
f 3124/10/2 3426/10/2 3439/10/2 3133/10/2
f 3421/10/1 3140/10/1 3440/10/1 3422/10/1
f 3421/10/5 3124/10/5 3133/10/5 3140/10/5
f 3126/4/1 3134/4/1 3441/4/1 3427/4/1
f 3127/7/2 3433/7/2 3442/7/2 3135/7/2
f 3136/7/4 3135/7/4 3442/7/4 3443/7/4
f 3444/7/6 3443/7/6 3442/7/6 3433/7/6
f 3130/4/1 3137/4/1 3445/4/1 3437/4/1
f 3131/17/2 3438/17/2 3446/17/2 3138/17/2
f 3447/5/1 3151/5/1 3448/5/1 3449/5/1
f 3447/5/3 3449/5/3 3440/5/3 3140/5/3
f 3447/5/5 3140/5/5 3139/5/5 3151/5/5
f 3133/5/2 3439/5/2 3450/5/2 3142/5/2
f 3451/5/1 3155/5/1 3452/5/1 3453/5/1
f 3451/5/3 3453/5/3 3441/5/3 3134/5/3
f 3451/5/5 3134/5/5 3144/5/5 3155/5/5
f 3136/11/2 3443/11/2 3454/11/2 3143/11/2
f 3144/11/4 3143/11/4 3454/11/4 3455/11/4
f 3441/11/6 3455/11/6 3454/11/6 3443/11/6
f 3146/4/1 3145/4/1 3456/4/1 3457/4/1
f 3146/4/3 3457/4/3 3445/4/3 3137/4/3
f 3138/17/2 3446/17/2 3458/17/2 3147/17/2
f 3151/5/1 3150/5/1 3459/5/1 3448/5/1
f 3150/5/4 3153/5/4 3460/5/4 3459/5/4
f 3448/5/6 3459/5/6 3460/5/6 3461/5/6
f 3142/5/2 3450/5/2 3462/5/2 3152/5/2
f 3144/11/2 3455/11/2 3463/11/2 3157/11/2
f 3155/11/1 3154/11/1 3464/11/1 3452/11/1
f 3452/11/6 3464/11/6 3463/11/6 3455/11/6
f 3159/4/1 3158/4/1 3465/4/1 3466/4/1
f 3159/4/3 3466/4/3 3467/4/3 3160/4/3
f 3158/4/4 3161/4/4 3468/4/4 3465/4/4
f 3466/4/6 3465/4/6 3468/4/6 3467/4/6
f 3160/4/3 3467/4/3 3456/4/3 3145/4/3
f 3164/17/4 3162/17/4 3469/17/4 3470/17/4
f 3147/17/2 3458/17/2 3471/17/2 3472/17/2
f 3162/17/4 3472/17/4 3471/17/4 3469/17/4
f 3149/17/5 3147/17/5 3472/17/5 3162/17/5
f 3152/5/2 3462/5/2 3473/5/2 3474/5/2
f 3153/5/1 3168/5/1 3475/5/1 3460/5/1
f 3153/5/5 3152/5/5 3474/5/5 3168/5/5
f 3476/5/1 3477/5/1 3478/5/1 3479/5/1
f 3476/5/3 3479/5/3 3480/5/3 3481/5/3
f 3476/5/5 3481/5/5 3482/5/5 3477/5/5
f 3481/5/3 3480/5/3 3483/5/3 3484/5/3
f 3481/5/5 3484/5/5 3485/5/5 3482/5/5
f 3484/10/3 3483/10/3 3464/10/3 3154/10/3
f 3483/10/6 3486/10/6 3487/10/6 3464/10/6
f 3484/10/5 3154/10/5 3169/10/5 3485/10/5
f 3157/10/2 3463/10/2 3488/10/2 3171/10/2
f 3169/10/4 3171/10/4 3488/10/4 3487/10/4
f 3464/10/6 3487/10/6 3488/10/6 3463/10/6
f 3161/4/1 3172/4/1 3489/4/1 3468/4/1
f 3172/4/4 3173/4/4 3490/4/4 3489/4/4
f 3164/7/2 3470/7/2 3491/7/2 3174/7/2
f 3167/5/1 3175/5/1 3492/5/1 3493/5/1
f 3167/5/3 3493/5/3 3475/5/3 3168/5/3
f 3493/5/6 3492/5/6 3494/5/6 3475/5/6
f 3167/5/5 3168/5/5 3495/5/5 3175/5/5
f 3474/5/2 3473/5/2 3496/5/2 3497/5/2
f 3495/5/4 3497/5/4 3496/5/4 3494/5/4
f 3168/5/5 3474/5/5 3497/5/5 3495/5/5
f 3477/5/1 3498/5/1 3499/5/1 3478/5/1
f 3477/5/5 3482/5/5 3500/5/5 3498/5/5
f 3482/5/5 3485/5/5 3188/5/5 3500/5/5
f 3169/10/2 3487/10/2 3501/10/2 3178/10/2
f 3486/10/6 3502/10/6 3501/10/6 3487/10/6
f 3485/10/5 3169/10/5 3178/10/5 3188/10/5
f 3174/4/2 3491/4/2 3503/4/2 3182/4/2
f 3173/4/1 3179/4/1 3504/4/1 3490/4/1
f 3495/5/2 3494/5/2 3505/5/2 3201/5/2
f 3175/5/1 3186/5/1 3506/5/1 3492/5/1
f 3492/5/6 3506/5/6 3505/5/6 3494/5/6
f 3175/5/5 3495/5/5 3201/5/5 3186/5/5
f 3498/5/1 3507/5/1 3508/5/1 3499/5/1
f 3498/5/5 3500/5/5 3509/5/5 3507/5/5
f 3510/5/6 3511/5/6 3512/5/6 3502/5/6
f 3500/5/5 3188/5/5 3187/5/5 3509/5/5
f 3178/10/2 3501/10/2 3513/10/2 3190/10/2
f 3502/10/6 3512/10/6 3513/10/6 3501/10/6
f 3192/4/1 3191/4/1 3514/4/1 3515/4/1
f 3192/4/3 3515/4/3 3504/4/3 3179/4/3
f 3181/4/2 3516/4/2 3517/4/2 3197/4/2
f 3182/4/3 3503/4/3 3516/4/3 3181/4/3
f 3185/5/1 3199/5/1 3518/5/1 3519/5/1
f 3185/5/3 3519/5/3 3506/5/3 3186/5/3
f 3519/5/6 3518/5/6 3520/5/6 3506/5/6
f 3506/5/6 3520/5/6 3521/5/6 3505/5/6
f 3203/5/2 3522/5/2 3523/5/2 3204/5/2
f 3201/5/3 3505/5/3 3522/5/3 3203/5/3
f 3202/5/4 3204/5/4 3523/5/4 3521/5/4
f 3507/5/1 3524/5/1 3525/5/1 3508/5/1
f 3507/5/5 3509/5/5 3526/5/5 3524/5/5
f 3511/5/6 3527/5/6 3528/5/6 3512/5/6
f 3509/5/5 3187/5/5 3205/5/5 3526/5/5
f 3190/11/2 3513/11/2 3529/11/2 3207/11/2
f 3205/11/4 3207/11/4 3529/11/4 3528/11/4
f 3512/11/6 3528/11/6 3529/11/6 3513/11/6
f 3191/4/1 3209/4/1 3530/4/1 3514/4/1
f 3209/4/4 3208/4/4 3531/4/4 3530/4/4
f 3208/4/4 3210/4/4 3532/4/4 3531/4/4
f 3194/4/5 3193/4/5 3210/4/5 3208/4/5
f 3197/4/3 3517/4/3 3533/4/3 3196/4/3
f 3212/4/2 3534/4/2 3535/4/2 3213/4/2
f 3196/4/3 3533/4/3 3534/4/3 3212/4/3
f 3215/4/4 3213/4/4 3535/4/4 3536/4/4
f 3199/5/1 3219/5/1 3537/5/1 3518/5/1
f 3518/5/6 3537/5/6 3538/5/6 3520/5/6
f 3199/5/5 3200/5/5 3539/5/5 3219/5/5
f 3202/5/2 3521/5/2 3540/5/2 3541/5/2
f 3200/5/5 3202/5/5 3541/5/5 3539/5/5
f 3524/5/1 3542/5/1 3543/5/1 3525/5/1
f 3525/5/6 3543/5/6 3544/5/6 3527/5/6
f 3524/5/5 3526/5/5 3545/5/5 3542/5/5
f 3205/5/2 3528/5/2 3546/5/2 3220/5/2
f 3527/5/6 3544/5/6 3546/5/6 3528/5/6
f 3526/5/5 3205/5/5 3220/5/5 3545/5/5
f 3210/4/1 3223/4/1 3547/4/1 3532/4/1
f 3215/4/2 3536/4/2 3548/4/2 3224/4/2
f 3218/5/1 3226/5/1 3549/5/1 3550/5/1
f 3218/5/3 3550/5/3 3537/5/3 3219/5/3
f 3550/5/6 3549/5/6 3551/5/6 3537/5/6
f 3537/5/6 3551/5/6 3552/5/6 3538/5/6
f 3219/5/5 3539/5/5 3553/5/5 3227/5/5
f 3541/5/2 3540/5/2 3554/5/2 3555/5/2
f 3539/5/5 3541/5/5 3555/5/5 3553/5/5
f 3556/5/1 3557/5/1 3558/5/1 3559/5/1
f 3556/5/3 3559/5/3 3560/5/3 3561/5/3
f 3556/5/5 3561/5/5 3562/5/5 3557/5/5
f 3561/5/3 3560/5/3 3543/5/3 3542/5/3
f 3561/5/5 3542/5/5 3241/5/5 3562/5/5
f 3543/5/6 3563/5/6 3564/5/6 3544/5/6
f 3542/5/5 3545/5/5 3242/5/5 3241/5/5
f 3220/5/2 3546/5/2 3565/5/2 3229/5/2
f 3242/5/4 3229/5/4 3565/5/4 3564/5/4
f 3544/5/6 3564/5/6 3565/5/6 3546/5/6
f 3545/5/5 3220/5/5 3229/5/5 3242/5/5
f 3223/4/1 3231/4/1 3566/4/1 3547/4/1
f 3547/4/6 3566/4/6 3567/4/6 3568/4/6
f 3233/4/2 3569/4/2 3570/4/2 3234/4/2
f 3224/4/3 3548/4/3 3569/4/3 3233/4/3
f 3226/5/1 3238/5/1 3571/5/1 3549/5/1
f 3549/5/6 3571/5/6 3572/5/6 3551/5/6
f 3227/5/5 3553/5/5 3573/5/5 3239/5/5
f 3555/5/2 3554/5/2 3574/5/2 3575/5/2
f 3553/5/5 3555/5/5 3575/5/5 3573/5/5
f 3557/5/1 3576/5/1 3577/5/1 3558/5/1
f 3558/5/6 3577/5/6 3578/5/6 3579/5/6
f 3557/5/5 3562/5/5 3262/5/5 3576/5/5
f 3262/5/4 3240/5/4 3580/5/4 3578/5/4
f 3579/5/6 3578/5/6 3580/5/6 3563/5/6
f 3562/5/5 3241/5/5 3240/5/5 3262/5/5
f 3242/5/2 3564/5/2 3581/5/2 3244/5/2
f 3240/5/4 3244/5/4 3581/5/4 3580/5/4
f 3563/5/6 3580/5/6 3581/5/6 3564/5/6
f 3231/4/1 3582/4/1 3583/4/1 3566/4/1
f 3582/4/4 3246/4/4 3584/4/4 3583/4/4
f 3566/4/6 3583/4/6 3584/4/6 3567/4/6
f 3231/4/5 3232/4/5 3246/4/5 3582/4/5
f 3567/4/6 3584/4/6 3585/4/6 3586/4/6
f 3248/7/2 3587/7/2 3588/7/2 3249/7/2
f 3234/7/3 3570/7/3 3587/7/3 3248/7/3
f 3238/5/1 3260/5/1 3589/5/1 3571/5/1
f 3571/5/6 3589/5/6 3590/5/6 3572/5/6
f 3238/5/5 3239/5/5 3591/5/5 3260/5/5
f 3591/5/4 3592/5/4 3593/5/4 3590/5/4
f 3239/5/5 3573/5/5 3592/5/5 3591/5/5
f 3573/5/5 3575/5/5 3279/5/5 3592/5/5
f 3575/5/3 3574/5/3 3577/5/3 3576/5/3
f 3574/5/6 3594/5/6 3595/5/6 3577/5/6
f 3575/5/5 3576/5/5 3280/5/5 3279/5/5
f 3262/3/2 3578/3/2 3596/3/2 3261/3/2
f 3280/3/4 3261/3/4 3596/3/4 3595/3/4
f 3577/3/6 3595/3/6 3596/3/6 3578/3/6
f 3576/3/5 3262/3/5 3261/3/5 3280/3/5
f 3246/4/1 3597/4/1 3598/4/1 3584/4/1
f 3584/4/6 3598/4/6 3599/4/6 3585/4/6
f 3246/4/5 3247/4/5 3265/4/5 3597/4/5
f 3585/4/6 3599/4/6 3600/4/6 3601/4/6
f 3249/4/2 3588/4/2 3602/4/2 3266/4/2
f 3252/1/1 3267/1/1 3603/1/1 3604/1/1
f 3252/1/3 3604/1/3 3605/1/3 3251/1/3
f 3268/1/2 3606/1/2 3607/1/2 3269/1/2
f 3251/1/3 3605/1/3 3606/1/3 3268/1/3
f 3605/1/6 3608/1/6 3607/1/6 3606/1/6
f 3257/3/1 3276/3/1 3609/3/1 3610/3/1
f 3257/3/3 3610/3/3 3611/3/3 3258/3/3
f 3610/3/6 3609/3/6 3612/3/6 3611/3/6
f 3258/5/3 3611/5/3 3613/5/3 3259/5/3
f 3277/5/4 3614/5/4 3615/5/4 3612/5/4
f 3611/5/6 3612/5/6 3615/5/6 3613/5/6
f 3258/5/5 3259/5/5 3614/5/5 3277/5/5
f 3259/3/3 3613/3/3 3589/3/3 3260/3/3
f 3614/3/4 3616/3/4 3617/3/4 3615/3/4
f 3613/3/6 3615/3/6 3617/3/6 3589/3/6
f 3259/3/5 3260/3/5 3616/3/5 3614/3/5
f 3591/5/2 3590/5/2 3618/5/2 3619/5/2
f 3616/5/4 3619/5/4 3618/5/4 3617/5/4
f 3589/5/6 3617/5/6 3618/5/6 3590/5/6
f 3260/5/5 3591/5/5 3619/5/5 3616/5/5
f 3592/5/1 3299/5/1 3620/5/1 3593/5/1
f 3593/5/6 3620/5/6 3621/5/6 3594/5/6
f 3592/5/5 3279/5/5 3278/5/5 3299/5/5
f 3280/3/2 3595/3/2 3622/3/2 3282/3/2
f 3278/3/4 3282/3/4 3622/3/4 3621/3/4
f 3594/3/6 3621/3/6 3622/3/6 3595/3/6
f 3623/9/1 3624/9/1 3625/9/1 3626/9/1
f 3623/9/3 3626/9/3 3627/9/3 3628/9/3
f 3624/9/4 3629/9/4 3630/9/4 3625/9/4
f 3626/9/6 3625/9/6 3630/9/6 3627/9/6
f 3623/9/5 3628/9/5 3629/9/5 3624/9/5
f 3628/9/3 3627/9/3 3631/9/3 3632/9/3
f 3629/9/4 3633/9/4 3634/9/4 3630/9/4
f 3627/9/6 3630/9/6 3634/9/6 3631/9/6
f 3628/9/5 3632/9/5 3633/9/5 3629/9/5
f 3632/6/3 3631/6/3 3598/6/3 3597/6/3
f 3633/6/4 3635/6/4 3636/6/4 3634/6/4
f 3631/6/6 3634/6/6 3636/6/6 3598/6/6
f 3632/6/5 3597/6/5 3635/6/5 3633/6/5
f 3635/9/4 3284/9/4 3637/9/4 3636/9/4
f 3598/9/6 3636/9/6 3637/9/6 3599/9/6
f 3597/9/5 3265/9/5 3284/9/5 3635/9/5
f 3284/4/4 3285/4/4 3638/4/4 3637/4/4
f 3599/4/6 3637/4/6 3638/4/6 3600/4/6
f 3287/4/2 3639/4/2 3640/4/2 3288/4/2
f 3266/4/3 3602/4/3 3639/4/3 3287/4/3
f 3267/2/1 3290/2/1 3641/2/1 3603/2/1
f 3289/5/4 3291/5/4 3642/5/4 3643/5/4
f 3270/5/5 3269/5/5 3291/5/5 3289/5/5
f 3269/3/3 3607/3/3 3644/3/3 3272/3/3
f 3291/3/4 3292/3/4 3645/3/4 3642/3/4
f 3607/3/6 3642/3/6 3645/3/6 3644/3/6
f 3272/3/3 3644/3/3 3646/3/3 3293/3/3
f 3292/3/4 3294/3/4 3647/3/4 3645/3/4
f 3644/3/6 3645/3/6 3647/3/6 3646/3/6
f 3293/5/3 3646/5/3 3648/5/3 3273/5/3
f 3646/5/6 3647/5/6 3649/5/6 3648/5/6
f 3273/5/3 3648/5/3 3650/5/3 3275/5/3
f 3648/5/6 3649/5/6 3651/5/6 3650/5/6
f 3275/3/3 3650/3/3 3609/3/3 3276/3/3
f 3650/3/6 3651/3/6 3652/3/6 3609/3/6
f 3277/3/2 3612/3/2 3653/3/2 3654/3/2
f 3609/3/6 3652/3/6 3653/3/6 3612/3/6
f 3276/3/5 3277/3/5 3654/3/5 3297/3/5
f 3278/3/2 3621/3/2 3655/3/2 3301/3/2
f 3299/3/1 3298/3/1 3656/3/1 3620/3/1
f 3298/3/4 3301/3/4 3655/3/4 3656/3/4
f 3620/3/6 3656/3/6 3655/3/6 3621/3/6
f 3285/4/1 3657/4/1 3658/4/1 3638/4/1
f 3657/4/4 3303/4/4 3659/4/4 3658/4/4
f 3285/4/5 3286/4/5 3303/4/5 3657/4/5
f 3288/4/2 3640/4/2 3660/4/2 3302/4/2
f 3303/4/4 3302/4/4 3660/4/4 3659/4/4
f 3289/2/2 3643/2/2 3661/2/2 3304/2/2
f 3290/2/1 3305/2/1 3662/2/1 3641/2/1
f 3294/3/1 3663/3/1 3664/3/1 3647/3/1
f 3647/3/6 3664/3/6 3665/3/6 3649/3/6
f 3294/3/5 3295/3/5 3666/3/5 3663/3/5
f 3649/3/6 3665/3/6 3667/3/6 3651/3/6
f 3295/3/5 3296/3/5 3668/3/5 3666/3/5
f 3651/5/6 3667/5/6 3669/5/6 3652/5/6
f 3296/5/5 3297/5/5 3320/5/5 3668/5/5
f 3654/5/2 3653/5/2 3670/5/2 3317/5/2
f 3297/5/5 3654/5/5 3317/5/5 3320/5/5
f 3671/5/1 3322/5/1 3672/5/1 3673/5/1
f 3671/5/3 3673/5/3 3674/5/3 3675/5/3
f 3671/5/5 3675/5/5 3323/5/5 3322/5/5
f 3675/5/3 3674/5/3 3676/5/3 3307/5/3
f 3323/5/4 3306/5/4 3677/5/4 3678/5/4
f 3674/5/6 3678/5/6 3677/5/6 3676/5/6
f 3675/5/5 3307/5/5 3306/5/5 3323/5/5
f 3298/3/2 3656/3/2 3679/3/2 3309/3/2
f 3307/3/3 3676/3/3 3656/3/3 3298/3/3
f 3306/3/4 3309/3/4 3679/3/4 3677/3/4
f 3676/3/6 3677/3/6 3679/3/6 3656/3/6
f 3302/4/1 3310/4/1 3680/4/1 3660/4/1
f 3302/4/3 3660/4/3 3681/4/3 3311/4/3
f 3313/4/2 3682/4/2 3683/4/2 3314/4/2
f 3311/4/3 3681/4/3 3682/4/3 3313/4/3
f 3304/2/2 3661/2/2 3684/2/2 3315/2/2
f 3305/2/1 3316/2/1 3685/2/1 3662/2/1
f 3663/3/1 3332/3/1 3686/3/1 3664/3/1
f 3664/3/6 3686/3/6 3687/3/6 3665/3/6
f 3663/3/5 3666/3/5 3333/3/5 3332/3/5
f 3665/5/6 3687/5/6 3688/5/6 3667/5/6
f 3666/5/5 3668/5/5 3336/5/5 3333/5/5
f 3667/6/6 3688/6/6 3689/6/6 3669/6/6
f 3668/6/5 3320/6/5 3319/6/5 3336/6/5
f 3319/6/4 3318/6/4 3690/6/4 3689/6/4
f 3669/6/6 3689/6/6 3690/6/6 3670/6/6
f 3317/3/3 3670/3/3 3672/3/3 3322/3/3
f 3318/3/4 3321/3/4 3691/3/4 3690/3/4
f 3670/3/6 3690/3/6 3691/3/6 3672/3/6
f 3317/3/5 3322/3/5 3321/3/5 3318/3/5
f 3323/5/2 3678/5/2 3692/5/2 3325/5/2
f 3321/5/4 3325/5/4 3692/5/4 3691/5/4
f 3672/5/6 3691/5/6 3692/5/6 3678/5/6
f 3310/4/1 3693/4/1 3694/4/1 3680/4/1
f 3693/4/4 3695/4/4 3696/4/4 3694/4/4
f 3310/4/5 3312/4/5 3695/4/5 3693/4/5
f 3314/4/2 3683/4/2 3697/4/2 3698/4/2
f 3695/4/4 3698/4/4 3697/4/4 3696/4/4
f 3312/4/5 3314/4/5 3698/4/5 3695/4/5
f 3316/2/1 3328/2/1 3699/2/1 3685/2/1
f 3315/5/3 3684/5/3 3700/5/3 3330/5/3
f 3315/5/5 3330/5/5 3329/5/5 3327/5/5
f 3330/3/3 3700/3/3 3701/3/3 3331/3/3
f 3329/3/4 3346/3/4 3702/3/4 3703/3/4
f 3331/3/3 3701/3/3 3686/3/3 3332/3/3
f 3346/3/4 3335/3/4 3704/3/4 3702/3/4
f 3335/3/4 3334/3/4 3705/3/4 3704/3/4
f 3686/3/6 3704/3/6 3705/3/6 3687/3/6
f 3334/3/4 3337/3/4 3706/3/4 3705/3/4
f 3687/3/6 3705/3/6 3706/3/6 3688/3/6
f 3319/3/2 3689/3/2 3707/3/2 3338/3/2
f 3337/3/4 3338/3/4 3707/3/4 3706/3/4
f 3688/3/6 3706/3/6 3707/3/6 3689/3/6
f 3328/2/1 3342/2/1 3708/2/1 3699/2/1
f 3329/1/2 3703/1/2 3709/1/2 3343/1/2
f 3344/1/4 3343/1/4 3709/1/4 3710/1/4
f 3711/1/6 3710/1/6 3709/1/6 3703/1/6
f 3344/1/2 3710/1/2 3712/1/2 3348/1/2
f 3342/1/1 3349/1/1 3713/1/1 3708/1/1
f 3349/1/4 3348/1/4 3712/1/4 3713/1/4
f 3708/1/6 3713/1/6 3712/1/6 3710/1/6
f 3352/4/2 3714/4/2 3715/4/2 3360/4/2
f 3354/4/1 3359/4/1 3716/4/1 3717/4/1
f 3354/4/3 3717/4/3 3714/4/3 3352/4/3
f 3357/4/1 3362/4/1 3718/4/1 3719/4/1
f 3357/4/3 3719/4/3 3716/4/3 3359/4/3
f 3360/4/2 3715/4/2 3720/4/2 3721/4/2
f 3361/4/4 3721/4/4 3720/4/4 3722/4/4
f 3716/4/6 3722/4/6 3720/4/6 3715/4/6
f 3359/4/5 3360/4/5 3721/4/5 3361/4/5
f 3364/4/1 3363/4/1 3723/4/1 3724/4/1
f 3364/4/3 3724/4/3 3718/4/3 3362/4/3
f 3361/7/2 3722/7/2 3725/7/2 3365/7/2
f 3363/4/1 3366/4/1 3726/4/1 3723/4/1
f 3365/14/3 3725/14/3 3727/14/3 3367/14/3
f 3367/17/3 3727/17/3 3728/17/3 3370/17/3
f 3368/17/4 3371/17/4 3729/17/4 3730/17/4
f 3370/18/3 3728/18/3 3731/18/3 3372/18/3
f 3371/18/4 3373/18/4 3732/18/4 3729/18/4
f 3372/18/3 3731/18/3 3733/18/3 3374/18/3
f 3374/18/3 3733/18/3 3734/18/3 3375/18/3
f 3376/17/2 3735/17/2 3736/17/2 3377/17/2
f 3375/17/3 3734/17/3 3735/17/3 3376/17/3
f 3379/7/1 3378/7/1 3737/7/1 3738/7/1
f 3379/7/3 3738/7/3 3726/7/3 3366/7/3
f 3378/7/4 3388/7/4 3739/7/4 3737/7/4
f 3368/4/2 3730/4/2 3740/4/2 3391/4/2
f 3741/4/6 3742/4/6 3740/4/6 3730/4/6
f 3369/4/5 3368/4/5 3391/4/5 3380/4/5
f 3373/4/1 3381/4/1 3743/4/1 3732/4/1
f 3382/4/4 3383/4/4 3744/4/4 3745/4/4
f 3746/4/6 3745/4/6 3744/4/6 3747/4/6
f 3384/17/2 3748/17/2 3749/17/2 3385/17/2
f 3377/17/3 3736/17/3 3748/17/3 3384/17/3
f 3388/12/1 3387/12/1 3750/12/1 3739/12/1
f 3391/4/2 3740/4/2 3751/4/2 3392/4/2
f 3389/4/4 3392/4/4 3751/4/4 3752/4/4
f 3395/4/1 3394/4/1 3753/4/1 3754/4/1
f 3395/4/3 3754/4/3 3743/4/3 3381/4/3
f 3382/4/2 3745/4/2 3755/4/2 3756/4/2
f 3381/4/5 3382/4/5 3756/4/5 3393/4/5
f 3383/4/1 3396/4/1 3757/4/1 3744/4/1
f 3396/4/4 3397/4/4 3758/4/4 3757/4/4
f 3399/17/2 3759/17/2 3760/17/2 3400/17/2
f 3385/17/3 3749/17/3 3759/17/3 3399/17/3
f 3749/17/6 3761/17/6 3760/17/6 3759/17/6
f 3386/13/1 3403/13/1 3762/13/1 3763/13/1
f 3386/13/3 3763/13/3 3750/13/3 3387/13/3
f 3403/13/4 3405/13/4 3764/13/4 3762/13/4
f 3405/5/4 3404/5/4 3765/5/4 3764/5/4
f 3389/5/2 3752/5/2 3766/5/2 3406/5/2
f 3404/5/4 3406/5/4 3766/5/4 3765/5/4
f 3390/5/5 3389/5/5 3406/5/5 3404/5/5
f 3392/4/1 3407/4/1 3767/4/1 3751/4/1
f 3392/4/3 3751/4/3 3753/4/3 3394/4/3
f 3409/4/4 3408/4/4 3768/4/4 3769/4/4
f 3756/4/2 3755/4/2 3770/4/2 3771/4/2
f 3772/4/6 3768/4/6 3770/4/6 3755/4/6
f 3393/4/5 3756/4/5 3771/4/5 3408/4/5
f 3397/4/1 3410/4/1 3773/4/1 3758/4/1
f 3410/4/4 3411/4/4 3774/4/4 3773/4/4
f 3400/17/2 3760/17/2 3775/17/2 3412/17/2
f 3776/11/1 3424/11/1 3777/11/1 3778/11/1
f 3776/11/3 3778/11/3 3779/11/3 3401/11/3
f 3776/11/5 3401/11/5 3413/11/5 3424/11/5
f 3403/11/2 3762/11/2 3780/11/2 3414/11/2
f 3401/11/3 3779/11/3 3762/11/3 3403/11/3
f 3413/11/4 3414/11/4 3780/11/4 3781/11/4
f 3779/11/6 3781/11/6 3780/11/6 3762/11/6
f 3409/4/2 3769/4/2 3782/4/2 3416/4/2
f 3407/4/1 3417/4/1 3783/4/1 3767/4/1
f 3771/4/2 3770/4/2 3784/4/2 3429/4/2
f 3408/4/1 3428/4/1 3785/4/1 3768/4/1
f 3408/4/5 3771/4/5 3429/4/5 3428/4/5
f 3412/17/2 3775/17/2 3786/17/2 3418/17/2
f 3411/17/1 3419/17/1 3787/17/1 3774/17/1
f 3423/10/1 3422/10/1 3788/10/1 3789/10/1
f 3423/10/3 3789/10/3 3777/10/3 3424/10/3
f 3413/5/2 3781/5/2 3790/5/2 3425/5/2
f 3426/5/4 3425/5/4 3790/5/4 3791/5/4
f 3417/4/1 3427/4/1 3792/4/1 3783/4/1
f 3416/4/3 3782/4/3 3785/4/3 3428/4/3
f 3444/4/4 3433/4/4 3793/4/4 3794/4/4
f 3433/4/4 3432/4/4 3795/4/4 3793/4/4
f 3785/4/6 3793/4/6 3795/4/6 3784/4/6
f 3429/4/3 3784/4/3 3796/4/3 3434/4/3
f 3432/4/4 3435/4/4 3797/4/4 3795/4/4
f 3784/4/6 3795/4/6 3797/4/6 3796/4/6
f 3434/4/3 3796/4/3 3798/4/3 3436/4/3
f 3435/4/4 3437/4/4 3799/4/4 3797/4/4
f 3796/4/6 3797/4/6 3799/4/6 3798/4/6
f 3436/4/3 3798/4/3 3787/4/3 3419/4/3
f 3418/17/2 3786/17/2 3800/17/2 3438/17/2
f 3801/5/1 3449/5/1 3802/5/1 3803/5/1
f 3801/5/3 3803/5/3 3788/5/3 3422/5/3
f 3801/5/5 3422/5/5 3440/5/5 3449/5/5
f 3426/5/2 3791/5/2 3804/5/2 3439/5/2
f 3805/5/1 3453/5/1 3806/5/1 3807/5/1
f 3805/5/3 3807/5/3 3792/5/3 3427/5/3
f 3805/5/5 3427/5/5 3441/5/5 3453/5/5
f 3444/12/2 3794/12/2 3808/12/2 3443/12/2
f 3441/12/4 3443/12/4 3808/12/4 3809/12/4
f 3792/12/6 3809/12/6 3808/12/6 3794/12/6
f 3437/4/1 3445/4/1 3810/4/1 3799/4/1
f 3438/17/2 3800/17/2 3811/17/2 3446/17/2
f 3449/5/1 3448/5/1 3812/5/1 3802/5/1
f 3448/5/4 3461/5/4 3813/5/4 3812/5/4
f 3439/5/2 3804/5/2 3814/5/2 3450/5/2
f 3441/11/2 3809/11/2 3815/11/2 3455/11/2
f 3453/11/1 3452/11/1 3816/11/1 3806/11/1
f 3452/11/4 3455/11/4 3815/11/4 3816/11/4
f 3806/11/6 3816/11/6 3815/11/6 3809/11/6
f 3457/4/1 3456/4/1 3817/4/1 3818/4/1
f 3457/4/3 3818/4/3 3810/4/3 3445/4/3
f 3446/17/2 3811/17/2 3819/17/2 3458/17/2
f 3450/5/2 3814/5/2 3820/5/2 3462/5/2
f 3461/5/1 3460/5/1 3821/5/1 3813/5/1
f 3822/5/1 3479/5/1 3823/5/1 3824/5/1
f 3822/5/3 3824/5/3 3825/5/3 3826/5/3
f 3822/5/5 3826/5/5 3480/5/5 3479/5/5
f 3826/10/3 3825/10/3 3827/10/3 3828/10/3
f 3825/10/6 3829/10/6 3830/10/6 3827/10/6
f 3826/10/5 3828/10/5 3483/10/5 3480/10/5
f 3452/10/2 3816/10/2 3831/10/2 3464/10/2
f 3828/10/3 3827/10/3 3816/10/3 3452/10/3
f 3483/10/4 3464/10/4 3831/10/4 3830/10/4
f 3827/10/6 3830/10/6 3831/10/6 3816/10/6
f 3828/10/5 3452/10/5 3464/10/5 3483/10/5
f 3467/4/1 3468/4/1 3832/4/1 3833/4/1
f 3467/4/3 3833/4/3 3817/4/3 3456/4/3
f 3470/17/4 3469/17/4 3834/17/4 3835/17/4
f 3458/16/2 3819/16/2 3836/16/2 3471/16/2
f 3469/16/4 3471/16/4 3836/16/4 3834/16/4
f 3837/16/6 3834/16/6 3836/16/6 3819/16/6
f 3460/5/1 3475/5/1 3838/5/1 3821/5/1
f 3462/5/3 3820/5/3 3839/5/3 3840/5/3
f 3462/5/5 3840/5/5 3841/5/5 3473/5/5
f 3840/5/3 3839/5/3 3823/5/3 3479/5/3
f 3840/5/5 3479/5/5 3478/5/5 3841/5/5
f 3823/5/6 3842/5/6 3843/5/6 3829/5/6
f 3483/10/2 3830/10/2 3844/10/2 3486/10/2
f 3829/10/6 3843/10/6 3844/10/6 3830/10/6
f 3468/4/1 3489/4/1 3845/4/1 3832/4/1
f 3489/4/4 3490/4/4 3846/4/4 3845/4/4
f 3470/7/2 3835/7/2 3847/7/2 3491/7/2
f 3475/5/1 3494/5/1 3848/5/1 3838/5/1
f 3473/5/5 3841/5/5 3849/5/5 3496/5/5
f 3850/5/6 3851/5/6 3852/5/6 3842/5/6
f 3841/5/5 3478/5/5 3499/5/5 3849/5/5
f 3842/5/6 3852/5/6 3853/5/6 3843/5/6
f 3486/11/2 3844/11/2 3854/11/2 3502/11/2
f 3510/11/4 3502/11/4 3854/11/4 3853/11/4
f 3843/11/6 3853/11/6 3854/11/6 3844/11/6
f 3491/4/2 3847/4/2 3855/4/2 3503/4/2
f 3490/4/1 3504/4/1 3856/4/1 3846/4/1
f 3494/5/1 3505/5/1 3857/5/1 3848/5/1
f 3848/5/6 3857/5/6 3858/5/6 3859/5/6
f 3494/5/5 3496/5/5 3522/5/5 3505/5/5
f 3859/5/6 3858/5/6 3860/5/6 3851/5/6
f 3496/5/5 3849/5/5 3861/5/5 3522/5/5
f 3851/5/6 3860/5/6 3862/5/6 3852/5/6
f 3849/5/5 3499/5/5 3508/5/5 3861/5/5
f 3510/5/2 3853/5/2 3863/5/2 3511/5/2
f 3852/5/6 3862/5/6 3863/5/6 3853/5/6
f 3515/4/1 3514/4/1 3864/4/1 3865/4/1
f 3515/4/3 3865/4/3 3856/4/3 3504/4/3
f 3516/4/2 3866/4/2 3867/4/2 3517/4/2
f 3503/4/3 3855/4/3 3866/4/3 3516/4/3
f 3505/5/1 3521/5/1 3868/5/1 3857/5/1
f 3857/5/6 3868/5/6 3869/5/6 3858/5/6
f 3858/5/6 3869/5/6 3870/5/6 3860/5/6
f 3522/5/5 3861/5/5 3871/5/5 3523/5/5
f 3861/5/5 3508/5/5 3525/5/5 3871/5/5
f 3511/5/2 3863/5/2 3872/5/2 3527/5/2
f 3525/5/4 3527/5/4 3872/5/4 3873/5/4
f 3862/5/6 3873/5/6 3872/5/6 3863/5/6
f 3514/4/1 3530/4/1 3874/4/1 3864/4/1
f 3530/4/4 3531/4/4 3875/4/4 3874/4/4
f 3531/4/4 3532/4/4 3876/4/4 3875/4/4
f 3877/4/6 3875/4/6 3876/4/6 3878/4/6
f 3517/4/3 3867/4/3 3879/4/3 3533/4/3
f 3534/4/2 3880/4/2 3881/4/2 3535/4/2
f 3533/4/3 3879/4/3 3880/4/3 3534/4/3
f 3536/4/4 3535/4/4 3881/4/4 3882/4/4
f 3520/5/1 3538/5/1 3883/5/1 3884/5/1
f 3520/5/3 3884/5/3 3868/5/3 3521/5/3
f 3884/5/6 3883/5/6 3885/5/6 3868/5/6
f 3521/5/5 3523/5/5 3559/5/5 3540/5/5
f 3523/5/5 3871/5/5 3560/5/5 3559/5/5
f 3525/5/2 3873/5/2 3886/5/2 3543/5/2
f 3870/5/6 3887/5/6 3886/5/6 3873/5/6
f 3871/5/5 3525/5/5 3543/5/5 3560/5/5
f 3532/4/1 3547/4/1 3888/4/1 3876/4/1
f 3547/4/4 3568/4/4 3889/4/4 3888/4/4
f 3536/4/2 3882/4/2 3890/4/2 3548/4/2
f 3538/3/1 3552/3/1 3891/3/1 3883/3/1
f 3883/3/6 3891/3/6 3892/3/6 3885/3/6
f 3540/5/5 3559/5/5 3558/5/5 3554/5/5
f 3558/6/4 3579/6/4 3893/6/4 3894/6/4
f 3895/6/6 3894/6/6 3893/6/6 3887/6/6
f 3543/5/2 3886/5/2 3896/5/2 3563/5/2
f 3579/5/4 3563/5/4 3896/5/4 3893/5/4
f 3887/5/6 3893/5/6 3896/5/6 3886/5/6
f 3568/4/1 3567/4/1 3897/4/1 3889/4/1
f 3567/4/4 3586/4/4 3898/4/4 3897/4/4
f 3569/4/2 3899/4/2 3900/4/2 3570/4/2
f 3548/4/3 3890/4/3 3899/4/3 3569/4/3
f 3551/5/1 3572/5/1 3901/5/1 3902/5/1
f 3551/5/3 3902/5/3 3891/5/3 3552/5/3
f 3558/5/2 3894/5/2 3903/5/2 3577/5/2
f 3574/5/4 3577/5/4 3903/5/4 3904/5/4
f 3892/5/6 3904/5/6 3903/5/6 3894/5/6
f 3554/5/5 3558/5/5 3577/5/5 3574/5/5
f 3586/4/1 3585/4/1 3905/4/1 3898/4/1
f 3585/4/4 3601/4/4 3906/4/4 3905/4/4
f 3587/4/2 3907/4/2 3908/4/2 3588/4/2
f 3570/4/3 3900/4/3 3907/4/3 3587/4/3
f 3572/5/1 3590/5/1 3909/5/1 3901/5/1
f 3901/5/6 3909/5/6 3910/5/6 3911/5/6
f 3574/5/2 3904/5/2 3912/5/2 3594/5/2
f 3593/5/4 3594/5/4 3912/5/4 3910/5/4
f 3911/5/6 3910/5/6 3912/5/6 3904/5/6
f 3588/4/2 3908/4/2 3913/4/2 3602/4/2
f 3601/4/1 3600/4/1 3914/4/1 3906/4/1
f 3605/1/2 3915/1/2 3916/1/2 3608/1/2
f 3604/1/1 3603/1/1 3917/1/1 3918/1/1
f 3604/1/3 3918/1/3 3915/1/3 3605/1/3
f 3918/1/6 3917/1/6 3916/1/6 3915/1/6
f 3593/5/2 3910/5/2 3919/5/2 3620/5/2
f 3590/5/1 3618/5/1 3920/5/1 3909/5/1
f 3909/5/6 3920/5/6 3919/5/6 3910/5/6
f 3590/5/5 3593/5/5 3620/5/5 3618/5/5
f 3600/4/1 3638/4/1 3921/4/1 3914/4/1
f 3914/4/6 3921/4/6 3922/4/6 3913/4/6
f 3639/4/2 3923/4/2 3924/4/2 3640/4/2
f 3602/4/3 3913/4/3 3923/4/3 3639/4/3
f 3603/1/1 3641/1/1 3925/1/1 3917/1/1
f 3917/1/6 3925/1/6 3926/1/6 3916/1/6
f 3607/1/2 3927/1/2 3928/1/2 3642/1/2
f 3608/1/3 3916/1/3 3927/1/3 3607/1/3
f 3916/1/6 3926/1/6 3928/1/6 3927/1/6
f 3612/5/1 3653/5/1 3929/5/1 3930/5/1
f 3612/5/3 3930/5/3 3931/5/3 3615/5/3
f 3930/5/6 3929/5/6 3932/5/6 3931/5/6
f 3612/5/5 3615/5/5 3673/5/5 3653/5/5
f 3615/5/3 3931/5/3 3933/5/3 3617/5/3
f 3931/5/6 3932/5/6 3934/5/6 3933/5/6
f 3615/5/5 3617/5/5 3674/5/5 3673/5/5
f 3617/5/3 3933/5/3 3920/5/3 3618/5/3
f 3674/5/4 3676/5/4 3935/5/4 3934/5/4
f 3933/5/6 3934/5/6 3935/5/6 3920/5/6
f 3617/5/5 3618/5/5 3676/5/5 3674/5/5
f 3620/5/2 3919/5/2 3936/5/2 3656/5/2
f 3676/5/4 3656/5/4 3936/5/4 3935/5/4
f 3920/5/6 3935/5/6 3936/5/6 3919/5/6
f 3618/5/5 3620/5/5 3656/5/5 3676/5/5
f 3638/4/1 3658/4/1 3937/4/1 3921/4/1
f 3658/4/4 3659/4/4 3938/4/4 3937/4/4
f 3921/4/6 3937/4/6 3938/4/6 3922/4/6
f 3640/4/2 3924/4/2 3939/4/2 3660/4/2
f 3641/2/1 3662/2/1 3940/2/1 3925/2/1
f 3926/1/6 3941/1/6 3942/1/6 3928/1/6
f 3643/1/5 3642/1/5 3943/1/5 3661/1/5
f 3642/1/3 3928/1/3 3944/1/3 3645/1/3
f 3928/1/6 3942/1/6 3945/1/6 3944/1/6
f 3642/1/5 3645/1/5 3946/1/5 3943/1/5
f 3647/3/2 3947/3/2 3948/3/2 3664/3/2
f 3645/3/3 3944/3/3 3947/3/3 3647/3/3
f 3944/3/6 3945/3/6 3948/3/6 3947/3/6
f 3645/3/5 3647/3/5 3664/3/5 3946/3/5
f 3652/5/1 3669/5/1 3949/5/1 3950/5/1
f 3652/5/3 3950/5/3 3929/5/3 3653/5/3
f 3669/5/4 3670/5/4 3951/5/4 3949/5/4
f 3950/5/6 3949/5/6 3951/5/6 3929/5/6
f 3670/5/4 3672/5/4 3952/5/4 3951/5/4
f 3929/5/6 3951/5/6 3952/5/6 3932/5/6
f 3653/5/5 3673/5/5 3672/5/5 3670/5/5
f 3674/5/2 3934/5/2 3953/5/2 3678/5/2
f 3672/5/4 3678/5/4 3953/5/4 3952/5/4
f 3932/5/6 3952/5/6 3953/5/6 3934/5/6
f 3659/4/1 3954/4/1 3955/4/1 3938/4/1
f 3954/4/4 3680/4/4 3956/4/4 3955/4/4
f 3659/4/5 3660/4/5 3680/4/5 3954/4/5
f 3660/4/3 3939/4/3 3957/4/3 3681/4/3
f 3682/4/2 3958/4/2 3959/4/2 3683/4/2
f 3681/4/3 3957/4/3 3958/4/3 3682/4/3
f 3662/2/1 3685/2/1 3960/2/1 3940/2/1
f 3941/1/6 3961/1/6 3962/1/6 3942/1/6
f 3661/1/5 3943/1/5 3700/1/5 3684/1/5
f 3942/1/6 3962/1/6 3963/1/6 3945/1/6
f 3943/1/5 3946/1/5 3701/1/5 3700/1/5
f 3664/3/2 3948/3/2 3964/3/2 3686/3/2
f 3945/3/6 3963/3/6 3964/3/6 3948/3/6
f 3946/3/5 3664/3/5 3686/3/5 3701/3/5
f 3680/4/1 3694/4/1 3965/4/1 3956/4/1
f 3694/4/4 3696/4/4 3966/4/4 3965/4/4
f 3683/4/2 3959/4/2 3967/4/2 3697/4/2
f 3696/4/4 3697/4/4 3967/4/4 3966/4/4
f 3685/2/1 3699/2/1 3968/2/1 3960/2/1
f 3711/1/4 3703/1/4 3969/1/4 3970/1/4
f 3961/1/6 3970/1/6 3969/1/6 3962/1/6
f 3703/3/4 3702/3/4 3971/3/4 3969/3/4
f 3962/3/6 3969/3/6 3971/3/6 3963/3/6
f 3686/3/2 3964/3/2 3972/3/2 3704/3/2
f 3702/3/4 3704/3/4 3972/3/4 3971/3/4
f 3963/3/6 3971/3/6 3972/3/6 3964/3/6
f 3711/1/2 3970/1/2 3973/1/2 3710/1/2
f 3699/1/1 3708/1/1 3974/1/1 3968/1/1
f 3708/1/4 3710/1/4 3973/1/4 3974/1/4
f 3968/1/6 3974/1/6 3973/1/6 3970/1/6
f 3975/4/2 3976/4/2 3977/4/2 3714/4/2
f 3978/4/1 3717/4/1 3979/4/1 3980/4/1
f 3978/4/3 3980/4/3 3976/4/3 3975/4/3
f 3980/4/6 3979/4/6 3977/4/6 3976/4/6
f 3978/4/5 3975/4/5 3714/4/5 3717/4/5
f 3981/4/1 3719/4/1 3982/4/1 3983/4/1
f 3981/4/3 3983/4/3 3979/4/3 3717/4/3
f 3981/4/5 3717/4/5 3716/4/5 3719/4/5
f 3714/4/2 3977/4/2 3984/4/2 3715/4/2
f 3716/4/4 3715/4/4 3984/4/4 3985/4/4
f 3986/9/1 3987/9/1 3988/9/1 3989/9/1
f 3986/9/3 3989/9/3 3990/9/3 3991/9/3
f 3987/9/4 3992/9/4 3993/9/4 3988/9/4
f 3989/9/6 3988/9/6 3993/9/6 3990/9/6
f 3986/9/5 3991/9/5 3992/9/5 3987/9/5
f 3991/9/3 3990/9/3 3994/9/3 3995/9/3
f 3992/9/4 3996/9/4 3997/9/4 3993/9/4
f 3990/9/6 3993/9/6 3997/9/6 3994/9/6
f 3991/9/5 3995/9/5 3996/9/5 3992/9/5
f 3995/6/3 3994/6/3 3998/6/3 3999/6/3
f 3996/6/4 4000/6/4 4001/6/4 3997/6/4
f 3994/6/6 3997/6/6 4001/6/6 3998/6/6
f 3995/6/5 3999/6/5 4000/6/5 3996/6/5
f 3999/6/3 3998/6/3 4002/6/3 4003/6/3
f 4000/6/4 4004/6/4 4005/6/4 4001/6/4
f 3998/6/6 4001/6/6 4005/6/6 4002/6/6
f 3999/6/5 4003/6/5 4004/6/5 4000/6/5
f 4003/9/3 4002/9/3 4006/9/3 4007/9/3
f 4004/9/4 4008/9/4 4009/9/4 4005/9/4
f 4002/9/6 4005/9/6 4009/9/6 4006/9/6
f 4003/9/5 4007/9/5 4008/9/5 4004/9/5
f 4007/9/3 4006/9/3 4010/9/3 4011/9/3
f 4008/9/4 3724/9/4 4012/9/4 4009/9/4
f 4006/9/6 4009/9/6 4012/9/6 4010/9/6
f 4007/9/5 4011/9/5 3724/9/5 4008/9/5
f 4011/6/3 4010/6/3 3982/6/3 3719/6/3
f 4010/6/6 4012/6/6 4013/6/6 3982/6/6
f 4011/6/5 3719/6/5 3718/6/5 3724/6/5
f 3716/4/2 3985/4/2 4014/4/2 3722/4/2
f 3724/4/1 3723/4/1 4015/4/1 4012/4/1
f 3722/7/2 4014/7/2 4016/7/2 3725/7/2
f 3723/4/1 3726/4/1 4017/4/1 4015/4/1
f 4015/4/6 4017/4/6 4018/4/6 4019/4/6
f 3725/14/3 4016/14/3 4020/14/3 3727/14/3
f 3741/14/4 3730/14/4 4021/14/4 4022/14/4
f 3727/17/3 4020/17/3 4023/17/3 3728/17/3
f 3730/17/4 3729/17/4 4024/17/4 4021/17/4
f 3728/17/3 4023/17/3 4025/17/3 3731/17/3
f 3731/17/3 4025/17/3 4026/17/3 3733/17/3
f 3733/17/3 4026/17/3 4027/17/3 3734/17/3
f 3746/17/4 3747/17/4 4028/17/4 4029/17/4
f 3735/17/2 4030/17/2 4031/17/2 3736/17/2
f 3734/17/3 4027/17/3 4030/17/3 3735/17/3
f 4027/17/6 4028/17/6 4031/17/6 4030/17/6
f 3738/7/1 3737/7/1 4032/7/1 4033/7/1
f 3738/7/3 4033/7/3 4017/7/3 3726/7/3
f 3737/7/4 3739/7/4 4034/7/4 4032/7/4
f 3741/4/2 4022/4/2 4035/4/2 3742/4/2
f 3729/4/1 3754/4/1 4036/4/1 4024/4/1
f 3729/4/5 3732/4/5 3743/4/5 3754/4/5
f 3746/4/2 4029/4/2 4037/4/2 3745/4/2
f 3747/4/1 3744/4/1 4038/4/1 4028/4/1
f 3748/17/2 4039/17/2 4040/17/2 3749/17/2
f 3736/17/3 4031/17/3 4039/17/3 3748/17/3
f 4031/17/6 4041/17/6 4040/17/6 4039/17/6
f 3739/12/1 3750/12/1 4042/12/1 4034/12/1
f 4034/12/6 4042/12/6 4043/12/6 4044/12/6
f 3740/4/2 4045/4/2 4046/4/2 3751/4/2
f 3742/4/3 4035/4/3 4045/4/3 3740/4/3
f 3754/4/1 3753/4/1 4047/4/1 4036/4/1
f 3745/4/2 4037/4/2 4048/4/2 3755/4/2
f 3772/4/4 3755/4/4 4048/4/4 4049/4/4
f 3744/4/1 3757/4/1 4050/4/1 4038/4/1
f 3757/4/4 3758/4/4 4051/4/4 4050/4/4
f 3749/17/2 4040/17/2 4052/17/2 3761/17/2
f 4053/11/1 3778/11/1 4054/11/1 4055/11/1
f 4053/11/3 4055/11/3 4056/11/3 4057/11/3
f 4053/11/5 4057/11/5 3779/11/5 3778/11/5
f 4057/13/3 4056/13/3 4058/13/3 3763/13/3
f 3779/13/4 3762/13/4 4059/13/4 4060/13/4
f 4057/13/5 3763/13/5 3762/13/5 3779/13/5
f 3763/12/3 4058/12/3 4042/12/3 3750/12/3
f 3762/12/4 3764/12/4 4061/12/4 4059/12/4
f 3764/5/4 3765/5/4 4062/5/4 4061/5/4
f 3765/5/4 3766/5/4 4063/5/4 4062/5/4
f 3766/5/4 3767/5/4 4064/5/4 4063/5/4
f 3752/5/5 3751/5/5 3767/5/5 3766/5/5
f 3751/4/3 4046/4/3 4047/4/3 3753/4/3
f 4046/4/6 4064/4/6 4065/4/6 4047/4/6
f 3772/4/2 4049/4/2 4066/4/2 3768/4/2
f 3769/4/4 3768/4/4 4066/4/4 4065/4/4
f 3758/4/1 3773/4/1 4067/4/1 4051/4/1
f 3760/17/2 4068/17/2 4069/17/2 3775/17/2
f 3761/17/3 4052/17/3 4068/17/3 3760/17/3
f 4052/17/6 4070/17/6 4069/17/6 4068/17/6
f 3779/11/2 4060/11/2 4071/11/2 3781/11/2
f 3778/11/1 3777/11/1 4072/11/1 4054/11/1
f 4054/11/6 4072/11/6 4071/11/6 4060/11/6
f 3769/4/2 4065/4/2 4073/4/2 3782/4/2
f 3767/4/1 3783/4/1 4074/4/1 4064/4/1
f 3770/4/2 4075/4/2 4076/4/2 3784/4/2
f 3768/4/1 3785/4/1 4077/4/1 4066/4/1
f 3768/4/3 4066/4/3 4075/4/3 3770/4/3
f 3785/4/4 3784/4/4 4076/4/4 4077/4/4
f 3773/4/1 3798/4/1 4078/4/1 4067/4/1
f 3773/4/5 3774/4/5 3787/4/5 3798/4/5
f 3775/17/2 4069/17/2 4079/17/2 3786/17/2
f 4080/10/1 3803/10/1 4081/10/1 4082/10/1
f 4080/10/3 4082/10/3 4083/10/3 3789/10/3
f 4080/10/5 3789/10/5 3788/10/5 3803/10/5
f 3789/10/3 4083/10/3 4072/10/3 3777/10/3
f 4083/10/6 4084/10/6 4085/10/6 4072/10/6
f 3781/5/2 4071/5/2 4086/5/2 3790/5/2
f 3791/5/4 3790/5/4 4086/5/4 4085/5/4
f 4072/5/6 4085/5/6 4086/5/6 4071/5/6
f 4087/5/1 3807/5/1 4088/5/1 4089/5/1
f 4087/5/3 4089/5/3 4074/5/3 3783/5/3
f 4087/5/5 3783/5/5 3792/5/5 3807/5/5
f 3792/7/4 3794/7/4 4090/7/4 4091/7/4
f 4074/7/6 4091/7/6 4090/7/6 4073/7/6
f 3785/4/2 4077/4/2 4092/4/2 3793/4/2
f 3782/4/3 4073/4/3 4077/4/3 3785/4/3
f 3798/4/1 3799/4/1 4093/4/1 4078/4/1
f 3786/17/2 4079/17/2 4094/17/2 3800/17/2
f 3803/5/1 3802/5/1 4095/5/1 4081/5/1
f 3791/5/2 4085/5/2 4096/5/2 3804/5/2
f 4084/5/6 4097/5/6 4096/5/6 4085/5/6
f 3792/11/2 4091/11/2 4098/11/2 3809/11/2
f 3807/11/1 3806/11/1 4099/11/1 4088/11/1
f 3806/11/4 3809/11/4 4098/11/4 4099/11/4
f 4088/11/6 4099/11/6 4098/11/6 4091/11/6
f 3793/4/2 4092/4/2 4100/4/2 4101/4/2
f 3794/4/1 3808/4/1 4102/4/1 4090/4/1
f 3794/4/5 3793/4/5 4101/4/5 3808/4/5
f 3799/4/1 3810/4/1 4103/4/1 4093/4/1
f 3800/17/2 4094/17/2 4104/17/2 3811/17/2
f 3802/5/1 3812/5/1 4105/5/1 4095/5/1
f 3812/5/4 3813/5/4 4106/5/4 4105/5/4
f 4095/5/6 4105/5/6 4106/5/6 4097/5/6
f 3804/5/2 4096/5/2 4107/5/2 3814/5/2
f 4108/5/1 3824/5/1 4109/5/1 4110/5/1
f 4108/5/3 4110/5/3 4111/5/3 4112/5/3
f 4108/5/5 4112/5/5 3825/5/5 3824/5/5
f 4112/11/3 4111/11/3 4113/11/3 4114/11/3
f 3825/11/4 3827/11/4 4115/11/4 4116/11/4
f 4111/11/6 4116/11/6 4115/11/6 4113/11/6
f 4112/11/5 4114/11/5 3827/11/5 3825/11/5
f 3806/11/2 4099/11/2 4117/11/2 3816/11/2
f 4114/11/3 4113/11/3 4099/11/3 3806/11/3
f 3827/11/4 3816/11/4 4117/11/4 4115/11/4
f 4113/11/6 4115/11/6 4117/11/6 4099/11/6
f 4114/11/5 3806/11/5 3816/11/5 3827/11/5
f 4101/4/2 4100/4/2 4118/4/2 4119/4/2
f 3808/4/1 4120/4/1 4121/4/1 4102/4/1
f 4120/4/4 4119/4/4 4118/4/4 4121/4/4
f 3808/4/5 4101/4/5 4119/4/5 4120/4/5
f 3818/4/1 3817/4/1 4122/4/1 4123/4/1
f 3818/4/3 4123/4/3 4103/4/3 3810/4/3
f 3811/17/2 4104/17/2 4124/17/2 3819/17/2
f 3837/17/4 3819/17/4 4124/17/4 4125/17/4
f 4126/17/6 4125/17/6 4124/17/6 4104/17/6
f 3814/5/2 4107/5/2 4127/5/2 3820/5/2
f 3813/5/1 3821/5/1 4128/5/1 4106/5/1
f 4129/5/1 3839/5/1 4130/5/1 4131/5/1
f 4129/5/3 4131/5/3 4109/5/3 3824/5/3
f 4129/5/5 3824/5/5 3823/5/5 3839/5/5
f 3825/10/2 4116/10/2 4132/10/2 3829/10/2
f 3823/10/4 3829/10/4 4132/10/4 4133/10/4
f 4109/10/6 4133/10/6 4132/10/6 4116/10/6
f 4119/4/1 4134/4/1 4135/4/1 4118/4/1
f 4119/4/3 4118/4/3 4136/4/3 3833/4/3
f 4134/4/4 3832/4/4 4137/4/4 4135/4/4
f 4119/4/5 3833/4/5 3832/4/5 4134/4/5
f 3833/4/3 4136/4/3 4122/4/3 3817/4/3
f 3837/16/2 4125/16/2 4138/16/2 3834/16/2
f 3835/16/4 3834/16/4 4138/16/4 4139/16/4
f 4140/16/6 4139/16/6 4138/16/6 4125/16/6
f 3821/5/1 3838/5/1 4141/5/1 4128/5/1
f 4128/5/6 4141/5/6 4142/5/6 4127/5/6
f 3820/5/3 4127/5/3 4130/5/3 3839/5/3
f 4127/5/6 4142/5/6 4143/5/6 4130/5/6
f 3823/5/2 4133/5/2 4144/5/2 3842/5/2
f 3850/5/4 3842/5/4 4144/5/4 4143/5/4
f 4130/5/6 4143/5/6 4144/5/6 4133/5/6
f 3832/4/1 3845/4/1 4145/4/1 4137/4/1
f 3845/4/4 3846/4/4 4146/4/4 4145/4/4
f 3835/7/2 4139/7/2 4147/7/2 3847/7/2
f 3838/5/1 3848/5/1 4148/5/1 4141/5/1
f 3848/5/4 3859/5/4 4149/5/4 4148/5/4
f 4141/5/6 4148/5/6 4149/5/6 4142/5/6
f 3850/5/2 4143/5/2 4150/5/2 3851/5/2
f 3859/5/4 3851/5/4 4150/5/4 4149/5/4
f 4142/5/6 4149/5/6 4150/5/6 4143/5/6
f 3847/4/2 4147/4/2 4151/4/2 3855/4/2
f 3846/4/1 3856/4/1 4152/4/1 4146/4/1
f 3865/4/1 3864/4/1 4153/4/1 4154/4/1
f 3865/4/3 4154/4/3 4152/4/3 3856/4/3
f 3877/4/4 3878/4/4 4155/4/4 4156/4/4
f 3866/4/2 4157/4/2 4158/4/2 3867/4/2
f 3855/4/3 4151/4/3 4157/4/3 3866/4/3
f 3862/5/2 4159/5/2 4160/5/2 3873/5/2
f 3860/5/1 3870/5/1 4161/5/1 4162/5/1
f 3860/5/3 4162/5/3 4159/5/3 3862/5/3
f 3870/5/4 3873/5/4 4160/5/4 4161/5/4
f 4162/5/6 4161/5/6 4160/5/6 4159/5/6
f 3877/4/2 4156/4/2 4163/4/2 3875/4/2
f 3864/4/1 3874/4/1 4164/4/1 4153/4/1
f 3874/4/4 3875/4/4 4163/4/4 4164/4/4
f 3878/4/1 3876/4/1 4165/4/1 4155/4/1
f 3867/4/3 4158/4/3 4166/4/3 3879/4/3
f 3880/4/2 4167/4/2 4168/4/2 3881/4/2
f 3879/4/3 4166/4/3 4167/4/3 3880/4/3
f 3882/4/4 3881/4/4 4168/4/4 4169/4/4
f 4166/4/6 4169/4/6 4168/4/6 4167/4/6
f 3868/5/1 3885/5/1 4170/5/1 4171/5/1
f 3868/5/3 4171/5/3 4172/5/3 3869/5/3
f 4171/5/6 4170/5/6 4173/5/6 4172/5/6
f 3870/6/2 4161/6/2 4174/6/2 3887/6/2
f 3869/6/3 4172/6/3 4161/6/3 3870/6/3
f 3895/6/4 3887/6/4 4174/6/4 4173/6/4
f 4172/6/6 4173/6/6 4174/6/6 4161/6/6
f 3876/4/1 3888/4/1 4175/4/1 4165/4/1
f 3888/4/4 3889/4/4 4176/4/4 4175/4/4
f 3882/4/2 4169/4/2 4177/4/2 3890/4/2
f 3895/3/2 4173/3/2 4178/3/2 3894/3/2
f 3885/3/1 3892/3/1 4179/3/1 4170/3/1
f 3892/3/4 3894/3/4 4178/3/4 4179/3/4
f 4170/3/6 4179/3/6 4178/3/6 4173/3/6
f 3889/4/1 3897/4/1 4180/4/1 4176/4/1
f 3897/4/4 3898/4/4 4181/4/4 4180/4/4
f 4176/4/6 4180/4/6 4181/4/6 4177/4/6
f 3899/4/2 4182/4/2 4183/4/2 3900/4/2
f 3890/4/3 4177/4/3 4182/4/3 3899/4/3
f 3902/5/1 3901/5/1 4184/5/1 4185/5/1
f 3902/5/3 4185/5/3 4186/5/3 3891/5/3
f 3901/5/4 3911/5/4 4187/5/4 4184/5/4
f 4185/5/6 4184/5/6 4187/5/6 4186/5/6
f 3892/5/2 4179/5/2 4188/5/2 3904/5/2
f 3891/5/3 4186/5/3 4179/5/3 3892/5/3
f 3911/5/4 3904/5/4 4188/5/4 4187/5/4
f 4186/5/6 4187/5/6 4188/5/6 4179/5/6
f 3898/4/1 3905/4/1 4189/4/1 4181/4/1
f 3905/4/4 3906/4/4 4190/4/4 4189/4/4
f 4181/4/6 4189/4/6 4190/4/6 4183/4/6
f 3907/4/2 4191/4/2 4192/4/2 3908/4/2
f 3900/4/3 4183/4/3 4191/4/3 3907/4/3
f 4183/4/6 4190/4/6 4192/4/6 4191/4/6
f 3908/4/2 4192/4/2 4193/4/2 3913/4/2
f 3906/4/1 3914/4/1 4194/4/1 4190/4/1
f 3914/4/4 3913/4/4 4193/4/4 4194/4/4
f 4190/4/6 4194/4/6 4193/4/6 4192/4/6
f 3923/4/2 4195/4/2 4196/4/2 3924/4/2
f 3913/4/1 3922/4/1 4197/4/1 4193/4/1
f 3913/4/3 4193/4/3 4195/4/3 3923/4/3
f 4193/4/6 4197/4/6 4196/4/6 4195/4/6
f 3924/4/2 4196/4/2 4198/4/2 3939/4/2
f 3922/4/1 3938/4/1 4199/4/1 4197/4/1
f 4197/4/6 4199/4/6 4198/4/6 4196/4/6
f 3926/1/2 4200/1/2 4201/1/2 3941/1/2
f 3925/1/1 3940/1/1 4202/1/1 4203/1/1
f 3925/1/3 4203/1/3 4200/1/3 3926/1/3
f 4203/1/6 4202/1/6 4201/1/6 4200/1/6
f 3938/4/1 3955/4/1 4204/4/1 4199/4/1
f 3955/4/4 3956/4/4 4205/4/4 4204/4/4
f 4199/4/6 4204/4/6 4205/4/6 4198/4/6
f 3939/7/3 4198/7/3 4206/7/3 3957/7/3
f 3958/4/2 4207/4/2 4208/4/2 3959/4/2
f 3957/4/3 4206/4/3 4207/4/3 3958/4/3
f 3941/1/2 4201/1/2 4209/1/2 3961/1/2
f 3940/1/1 3960/1/1 4210/1/1 4202/1/1
f 4202/1/6 4210/1/6 4209/1/6 4201/1/6
f 3956/4/1 3965/4/1 4211/4/1 4205/4/1
f 3965/4/4 3966/4/4 4212/4/4 4211/4/4
f 4205/4/6 4211/4/6 4212/4/6 4213/4/6
f 3959/4/2 4208/4/2 4214/4/2 3967/4/2
f 3966/4/4 3967/4/4 4214/4/4 4212/4/4
f 4213/4/6 4212/4/6 4214/4/6 4208/4/6
f 3961/1/2 4209/1/2 4215/1/2 3970/1/2
f 3960/1/1 3968/1/1 4216/1/1 4210/1/1
f 3968/1/4 3970/1/4 4215/1/4 4216/1/4
f 4210/1/6 4216/1/6 4215/1/6 4209/1/6
f 3983/4/1 3982/4/1 4217/4/1 4218/4/1
f 3983/4/3 4218/4/3 4219/4/3 3979/4/3
f 4218/4/6 4217/4/6 4220/4/6 4219/4/6
f 3977/4/2 4221/4/2 4222/4/2 3984/4/2
f 3979/4/3 4219/4/3 4221/4/3 3977/4/3
f 4219/4/6 4220/4/6 4222/4/6 4221/4/6
f 3982/4/1 4013/4/1 4223/4/1 4217/4/1
f 3984/4/2 4222/4/2 4224/4/2 4225/4/2
f 4014/4/4 4225/4/4 4224/4/4 4226/4/4
f 3985/4/5 3984/4/5 4225/4/5 4014/4/5
f 4012/4/1 4015/4/1 4227/4/1 4228/4/1
f 4012/4/3 4228/4/3 4223/4/3 4013/4/3
f 4015/4/4 4019/4/4 4229/4/4 4227/4/4
f 4228/4/6 4227/4/6 4229/4/6 4223/4/6
f 4014/7/2 4226/7/2 4230/7/2 4016/7/2
f 4019/4/1 4018/4/1 4231/4/1 4229/4/1
f 4016/14/3 4230/14/3 4232/14/3 4020/14/3
f 4230/14/6 4233/14/6 4234/14/6 4232/14/6
f 4020/16/3 4232/16/3 4235/16/3 4023/16/3
f 4232/16/6 4234/16/6 4236/16/6 4235/16/6
f 4023/17/3 4235/17/3 4237/17/3 4025/17/3
f 4235/17/6 4236/17/6 4238/17/6 4237/17/6
f 4025/17/3 4237/17/3 4239/17/3 4026/17/3
f 4237/17/6 4238/17/6 4240/17/6 4239/17/6
f 4027/17/2 4241/17/2 4242/17/2 4028/17/2
f 4026/17/3 4239/17/3 4241/17/3 4027/17/3
f 4239/17/6 4240/17/6 4242/17/6 4241/17/6
f 4033/7/1 4032/7/1 4243/7/1 4244/7/1
f 4033/7/3 4244/7/3 4245/7/3 4017/7/3
f 4032/7/4 4034/7/4 4246/7/4 4243/7/4
f 4244/7/6 4243/7/6 4246/7/6 4245/7/6
f 4017/4/3 4245/4/3 4231/4/3 4018/4/3
f 4034/4/4 4044/4/4 4247/4/4 4246/4/4
f 4022/4/5 4021/4/5 4045/4/5 4035/4/5
f 4045/4/4 4036/4/4 4248/4/4 4249/4/4
f 4021/4/5 4024/4/5 4036/4/5 4045/4/5
f 4037/4/4 4038/4/4 4250/4/4 4251/4/4
f 4029/4/5 4028/4/5 4038/4/5 4037/4/5
f 4031/17/2 4252/17/2 4253/17/2 4041/17/2
f 4028/17/3 4242/17/3 4252/17/3 4031/17/3
f 4242/17/6 4250/17/6 4253/17/6 4252/17/6
f 4032/13/2 4243/13/2 4254/13/2 4058/13/2
f 4255/13/1 4056/13/1 4256/13/1 4257/13/1
f 4255/13/3 4257/13/3 4243/13/3 4032/13/3
f 4255/13/5 4032/13/5 4058/13/5 4056/13/5
f 4044/4/1 4043/4/1 4258/4/1 4247/4/1
f 4045/4/2 4249/4/2 4259/4/2 4046/4/2
f 4036/4/1 4047/4/1 4260/4/1 4248/4/1
f 4037/4/2 4251/4/2 4261/4/2 4048/4/2
f 4049/4/4 4048/4/4 4261/4/4 4262/4/4
f 4038/4/1 4050/4/1 4263/4/1 4250/4/1
f 4040/17/2 4264/17/2 4265/17/2 4052/17/2
f 4041/17/3 4253/17/3 4264/17/3 4040/17/3
f 4253/17/6 4266/17/6 4265/17/6 4264/17/6
f 4055/11/1 4054/11/1 4267/11/1 4268/11/1
f 4055/11/3 4268/11/3 4256/11/3 4056/11/3
f 4054/11/4 4060/11/4 4269/11/4 4267/11/4
f 4058/11/3 4254/11/3 4270/11/3 4042/11/3
f 4059/11/4 4061/11/4 4271/11/4 4272/11/4
f 4042/11/3 4270/11/3 4258/11/3 4043/11/3
f 4061/11/4 4062/11/4 4273/11/4 4271/11/4
f 4062/5/4 4063/5/4 4274/5/4 4273/5/4
f 4046/5/2 4259/5/2 4275/5/2 4064/5/2
f 4049/4/2 4262/4/2 4276/4/2 4066/4/2
f 4047/4/1 4065/4/1 4277/4/1 4260/4/1
f 4065/4/4 4066/4/4 4276/4/4 4277/4/4
f 4050/4/1 4278/4/1 4279/4/1 4263/4/1
f 4050/4/5 4051/4/5 4067/4/5 4278/4/5
f 4052/17/2 4265/17/2 4280/17/2 4070/17/2
f 4054/11/2 4267/11/2 4281/11/2 4072/11/2
f 4282/11/1 4083/11/1 4283/11/1 4284/11/1
f 4282/11/3 4284/11/3 4267/11/3 4054/11/3
f 4083/11/4 4072/11/4 4281/11/4 4283/11/4
f 4282/11/5 4054/11/5 4072/11/5 4083/11/5
f 4059/5/2 4272/5/2 4285/5/2 4286/5/2
f 4060/5/1 4071/5/1 4287/5/1 4269/5/1
f 4071/5/4 4286/5/4 4285/5/4 4287/5/4
f 4060/5/5 4059/5/5 4286/5/5 4071/5/5
f 4063/5/1 4089/5/1 4288/5/1 4274/5/1
f 4063/5/5 4064/5/5 4074/5/5 4089/5/5
f 4065/4/2 4277/4/2 4289/4/2 4073/4/2
f 4064/4/3 4275/4/3 4277/4/3 4065/4/3
f 4074/4/4 4073/4/4 4289/4/4 4290/4/4
f 4075/4/2 4291/4/2 4292/4/2 4076/4/2
f 4066/4/1 4077/4/1 4293/4/1 4276/4/1
f 4066/4/3 4276/4/3 4291/4/3 4075/4/3
f 4077/4/4 4076/4/4 4292/4/4 4293/4/4
f 4278/4/1 4294/4/1 4295/4/1 4279/4/1
f 4278/4/5 4067/4/5 4078/4/5 4294/4/5
f 4069/17/2 4296/17/2 4297/17/2 4079/17/2
f 4070/17/3 4280/17/3 4296/17/3 4069/17/3
f 4280/17/6 4298/17/6 4297/17/6 4296/17/6
f 4083/5/2 4283/5/2 4299/5/2 4084/5/2
f 4082/5/1 4081/5/1 4300/5/1 4301/5/1
f 4082/5/3 4301/5/3 4283/5/3 4083/5/3
f 4302/5/1 4303/5/1 4304/5/1 4305/5/1
f 4302/5/3 4305/5/3 4288/5/3 4089/5/3
f 4302/5/5 4089/5/5 4088/5/5 4303/5/5
f 4074/7/2 4290/7/2 4306/7/2 4091/7/2
f 4088/7/4 4091/7/4 4306/7/4 4307/7/4
f 4288/7/6 4307/7/6 4306/7/6 4290/7/6
f 4077/4/2 4293/4/2 4308/4/2 4092/4/2
f 4073/4/1 4090/4/1 4309/4/1 4289/4/1
f 4073/4/3 4289/4/3 4293/4/3 4077/4/3
f 4294/4/1 4310/4/1 4311/4/1 4295/4/1
f 4294/4/5 4078/4/5 4093/4/5 4310/4/5
f 4079/17/2 4297/17/2 4312/17/2 4094/17/2
f 4298/17/6 4313/17/6 4312/17/6 4297/17/6
f 4084/5/2 4299/5/2 4314/5/2 4097/5/2
f 4081/5/1 4095/5/1 4315/5/1 4300/5/1
f 4095/5/4 4097/5/4 4314/5/4 4315/5/4
f 4316/5/1 4110/5/1 4317/5/1 4318/5/1
f 4316/5/3 4318/5/3 4319/5/3 4320/5/3
f 4316/5/5 4320/5/5 4111/5/5 4110/5/5
f 4320/6/3 4319/6/3 4304/6/3 4303/6/3
f 4111/6/4 4113/6/4 4321/6/4 4322/6/4
f 4320/6/5 4303/6/5 4113/6/5 4111/6/5
f 4088/11/2 4307/11/2 4323/11/2 4099/11/2
f 4113/11/4 4099/11/4 4323/11/4 4321/11/4
f 4304/11/6 4321/11/6 4323/11/6 4307/11/6
f 4303/11/5 4088/11/5 4099/11/5 4113/11/5
f 4092/4/2 4308/4/2 4324/4/2 4100/4/2
f 4090/4/1 4102/4/1 4325/4/1 4309/4/1
f 4310/4/1 4123/4/1 4326/4/1 4311/4/1
f 4310/4/5 4093/4/5 4103/4/5 4123/4/5
f 4094/17/2 4312/17/2 4327/17/2 4104/17/2
f 4126/17/4 4104/17/4 4327/17/4 4328/17/4
f 4313/17/6 4328/17/6 4327/17/6 4312/17/6
f 4096/5/2 4329/5/2 4330/5/2 4107/5/2
f 4097/5/1 4106/5/1 4331/5/1 4314/5/1
f 4097/5/3 4314/5/3 4329/5/3 4096/5/3
f 4332/5/1 4131/5/1 4333/5/1 4334/5/1
f 4332/5/3 4334/5/3 4317/5/3 4110/5/3
f 4332/5/5 4110/5/5 4109/5/5 4131/5/5
f 4111/11/2 4322/11/2 4335/11/2 4116/11/2
f 4109/11/4 4116/11/4 4335/11/4 4336/11/4
f 4317/11/6 4336/11/6 4335/11/6 4322/11/6
f 4100/4/2 4324/4/2 4337/4/2 4118/4/2
f 4102/4/1 4121/4/1 4338/4/1 4325/4/1
f 4121/4/4 4118/4/4 4337/4/4 4338/4/4
f 4123/4/1 4122/4/1 4339/4/1 4326/4/1
f 4126/17/2 4328/17/2 4340/17/2 4125/17/2
f 4140/17/4 4125/17/4 4340/17/4 4341/17/4
f 4342/17/6 4341/17/6 4340/17/6 4328/17/6
f 4106/5/1 4128/5/1 4343/5/1 4331/5/1
f 4128/5/4 4127/5/4 4344/5/4 4343/5/4
f 4331/5/6 4343/5/6 4344/5/6 4330/5/6
f 4107/10/3 4330/10/3 4333/10/3 4131/10/3
f 4127/10/4 4130/10/4 4345/10/4 4344/10/4
f 4330/10/6 4344/10/6 4345/10/6 4333/10/6
f 4107/10/5 4131/10/5 4130/10/5 4127/10/5
f 4109/10/2 4336/10/2 4346/10/2 4133/10/2
f 4130/10/4 4133/10/4 4346/10/4 4345/10/4
f 4333/10/6 4345/10/6 4346/10/6 4336/10/6
f 4118/4/1 4135/4/1 4347/4/1 4337/4/1
f 4118/4/3 4337/4/3 4348/4/3 4136/4/3
f 4135/4/4 4137/4/4 4349/4/4 4347/4/4
f 4136/4/3 4348/4/3 4339/4/3 4122/4/3
f 4140/16/2 4341/16/2 4350/16/2 4139/16/2
f 4339/16/6 4351/16/6 4350/16/6 4341/16/6
f 4137/4/1 4145/4/1 4352/4/1 4349/4/1
f 4145/4/4 4146/4/4 4353/4/4 4352/4/4
f 4139/7/2 4350/7/2 4354/7/2 4147/7/2
f 4146/4/1 4152/4/1 4355/4/1 4353/4/1
f 4356/4/2 4357/4/2 4358/4/2 4157/4/2
f 4147/4/3 4354/4/3 4357/4/3 4356/4/3
f 4147/4/5 4356/4/5 4157/4/5 4151/4/5
f 4154/4/1 4153/4/1 4359/4/1 4360/4/1
f 4154/4/3 4360/4/3 4355/4/3 4152/4/3
f 4360/4/6 4359/4/6 4361/4/6 4355/4/6
f 4156/4/4 4155/4/4 4362/4/4 4361/4/4
f 4363/4/2 4364/4/2 4365/4/2 4166/4/2
f 4157/4/3 4358/4/3 4364/4/3 4363/4/3
f 4358/4/6 4366/4/6 4365/4/6 4364/4/6
f 4157/4/5 4363/4/5 4166/4/5 4158/4/5
f 4156/4/2 4361/4/2 4367/4/2 4163/4/2
f 4153/4/1 4164/4/1 4368/4/1 4359/4/1
f 4164/4/4 4163/4/4 4367/4/4 4368/4/4
f 4359/4/6 4368/4/6 4367/4/6 4361/4/6
f 4155/4/1 4165/4/1 4369/4/1 4362/4/1
f 4362/4/6 4369/4/6 4370/4/6 4366/4/6
f 4166/4/2 4365/4/2 4371/4/2 4169/4/2
f 4165/4/1 4175/4/1 4372/4/1 4369/4/1
f 4175/4/4 4176/4/4 4373/4/4 4372/4/4
f 4369/4/6 4372/4/6 4373/4/6 4370/4/6
f 4169/4/2 4371/4/2 4374/4/2 4177/4/2
f 4176/4/4 4177/4/4 4374/4/4 4373/4/4
f 4177/4/1 4181/4/1 4375/4/1 4374/4/1
f 4177/4/3 4374/4/3 4376/4/3 4182/4/3
f 4181/4/4 4183/4/4 4377/4/4 4375/4/4
f 4374/4/6 4375/4/6 4377/4/6 4376/4/6
f 4378/4/2 4379/4/2 4380/4/2 4191/4/2
f 4182/4/3 4376/4/3 4379/4/3 4378/4/3
f 4183/4/4 4191/4/4 4380/4/4 4377/4/4
f 4182/4/5 4378/4/5 4191/4/5 4183/4/5
f 4381/4/2 4382/4/2 4383/4/2 4384/4/2
f 4191/4/1 4192/4/1 4385/4/1 4380/4/1
f 4191/4/3 4380/4/3 4382/4/3 4381/4/3
f 4191/4/5 4381/4/5 4384/4/5 4192/4/5
f 4384/4/2 4383/4/2 4386/4/2 4195/4/2
f 4192/4/1 4193/4/1 4387/4/1 4385/4/1
f 4193/4/4 4195/4/4 4386/4/4 4387/4/4
f 4192/4/5 4384/4/5 4195/4/5 4193/4/5
f 4388/4/2 4389/4/2 4390/4/2 4391/4/2
f 4195/4/1 4196/4/1 4392/4/1 4386/4/1
f 4195/4/3 4386/4/3 4389/4/3 4388/4/3
f 4195/4/5 4388/4/5 4391/4/5 4196/4/5
f 4196/7/1 4198/7/1 4393/7/1 4392/7/1
f 4196/7/5 4391/7/5 4206/7/5 4198/7/5
f 4394/7/2 4395/7/2 4396/7/2 4207/7/2
f 4391/7/3 4390/7/3 4395/7/3 4394/7/3
f 4391/7/5 4394/7/5 4207/7/5 4206/7/5
f 4198/4/1 4205/4/1 4397/4/1 4393/4/1
f 4205/4/4 4213/4/4 4398/4/4 4397/4/4
f 4393/4/6 4397/4/6 4398/4/6 4399/4/6
f 4207/4/2 4396/4/2 4400/4/2 4208/4/2
f 4213/4/4 4208/4/4 4400/4/4 4398/4/4
f 4399/4/6 4398/4/6 4400/4/6 4396/4/6
f 4217/4/1 4223/4/1 4401/4/1 4402/4/1
f 4217/4/3 4402/4/3 4403/4/3 4220/4/3
f 4222/4/2 4404/4/2 4405/4/2 4224/4/2
f 4220/4/3 4403/4/3 4404/4/3 4222/4/3
f 4223/4/1 4229/4/1 4406/4/1 4401/4/1
f 4224/7/2 4405/7/2 4407/7/2 4232/7/2
f 4230/7/4 4232/7/4 4407/7/4 4408/7/4
f 4226/7/5 4224/7/5 4232/7/5 4230/7/5
f 4227/4/1 4245/4/1 4409/4/1 4410/4/1
f 4227/4/3 4410/4/3 4406/4/3 4229/4/3
f 4410/4/6 4409/4/6 4411/4/6 4406/4/6
f 4227/4/5 4229/4/5 4231/4/5 4245/4/5
f 4230/7/2 4408/7/2 4412/7/2 4233/7/2
f 4245/4/1 4246/4/1 4413/4/1 4409/4/1
f 4409/4/6 4413/4/6 4414/4/6 4411/4/6
f 4233/14/3 4412/14/3 4415/14/3 4234/14/3
f 4234/16/3 4415/16/3 4416/16/3 4236/16/3
f 4415/16/6 4417/16/6 4418/16/6 4416/16/6
f 4236/16/3 4416/16/3 4419/16/3 4238/16/3
f 4416/16/6 4418/16/6 4420/16/6 4419/16/6
f 4238/16/3 4419/16/3 4421/16/3 4240/16/3
f 4419/16/6 4420/16/6 4422/16/6 4421/16/6
f 4242/17/2 4423/17/2 4424/17/2 4250/17/2
f 4240/17/3 4421/17/3 4423/17/3 4242/17/3
f 4421/17/6 4422/17/6 4424/17/6 4423/17/6
f 4257/13/1 4256/13/1 4425/13/1 4426/13/1
f 4257/13/3 4426/13/3 4427/13/3 4243/13/3
f 4243/7/3 4427/7/3 4413/7/3 4246/7/3
f 4427/7/6 4428/7/6 4429/7/6 4413/7/6
f 4243/7/5 4246/7/5 4270/7/5 4254/7/5
f 4413/7/6 4429/7/6 4430/7/6 4414/7/6
f 4246/7/5 4247/7/5 4258/7/5 4270/7/5
f 4259/14/4 4260/14/4 4431/14/4 4432/14/4
f 4417/14/6 4432/14/6 4431/14/6 4418/14/6
f 4249/14/5 4248/14/5 4260/14/5 4259/14/5
f 4418/16/6 4431/16/6 4433/16/6 4420/16/6
f 4420/16/6 4433/16/6 4434/16/6 4422/16/6
f 4422/17/6 4434/17/6 4435/17/6 4424/17/6
f 4251/17/5 4250/17/5 4263/17/5 4261/17/5
f 4253/17/2 4436/17/2 4437/17/2 4266/17/2
f 4250/17/3 4424/17/3 4436/17/3 4253/17/3
f 4424/17/6 4435/17/6 4437/17/6 4436/17/6
f 4438/1/2 4439/1/2 4440/1/2 4441/1/2
f 4442/1/1 4443/1/1 4444/1/1 4445/1/1
f 4442/1/3 4445/1/3 4439/1/3 4438/1/3
f 4442/1/5 4438/1/5 4441/1/5 4443/1/5
f 4268/11/1 4267/11/1 4446/11/1 4447/11/1
f 4268/11/3 4447/11/3 4425/11/3 4256/11/3
f 4267/11/4 4269/11/4 4448/11/4 4446/11/4
f 4272/5/4 4271/5/4 4449/5/4 4450/5/4
f 4271/5/4 4273/5/4 4451/5/4 4449/5/4
f 4430/7/6 4451/7/6 4452/7/6 4453/7/6
f 4259/5/2 4432/5/2 4454/5/2 4275/5/2
f 4260/4/1 4277/4/1 4455/4/1 4431/4/1
f 4277/4/4 4276/4/4 4456/4/4 4455/4/4
f 4262/4/5 4261/4/5 4291/4/5 4276/4/5
f 4291/4/4 4279/4/4 4457/4/4 4458/4/4
f 4261/4/5 4263/4/5 4279/4/5 4291/4/5
f 4435/17/6 4457/17/6 4459/17/6 4437/17/6
f 4265/17/2 4460/17/2 4461/17/2 4280/17/2
f 4266/17/3 4437/17/3 4460/17/3 4265/17/3
f 4437/17/6 4459/17/6 4461/17/6 4460/17/6
f 4441/1/2 4440/1/2 4462/1/2 4463/1/2
f 4443/1/1 4464/1/1 4465/1/1 4444/1/1
f 4443/1/5 4441/1/5 4463/1/5 4464/1/5
f 4267/11/2 4446/11/2 4466/11/2 4281/11/2
f 4284/11/1 4283/11/1 4467/11/1 4468/11/1
f 4284/11/3 4468/11/3 4446/11/3 4267/11/3
f 4283/11/4 4281/11/4 4466/11/4 4467/11/4
f 4272/5/2 4450/5/2 4469/5/2 4285/5/2
f 4269/5/1 4287/5/1 4470/5/1 4448/5/1
f 4287/5/4 4285/5/4 4469/5/4 4470/5/4
f 4273/5/1 4305/5/1 4471/5/1 4451/5/1
f 4273/5/5 4274/5/5 4288/5/5 4305/5/5
f 4288/13/4 4290/13/4 4472/13/4 4473/13/4
f 4452/13/6 4473/13/6 4472/13/6 4454/13/6
f 4277/4/2 4455/4/2 4474/4/2 4289/4/2
f 4275/4/3 4454/4/3 4455/4/3 4277/4/3
f 4291/4/2 4458/4/2 4475/4/2 4292/4/2
f 4276/4/1 4293/4/1 4476/4/1 4456/4/1
f 4293/4/4 4292/4/4 4475/4/4 4476/4/4
f 4279/4/1 4295/4/1 4477/4/1 4457/4/1
f 4280/17/2 4461/17/2 4478/17/2 4298/17/2
f 4459/17/6 4479/17/6 4478/17/6 4461/17/6
f 4463/1/2 4462/1/2 4480/1/2 4481/1/2
f 4464/1/1 4482/1/1 4483/1/1 4465/1/1
f 4482/1/4 4481/1/4 4480/1/4 4483/1/4
f 4464/1/5 4463/1/5 4481/1/5 4482/1/5
f 4484/5/1 4485/5/1 4486/5/1 4487/5/1
f 4484/5/3 4487/5/3 4488/5/3 4301/5/3
f 4484/5/5 4301/5/5 4300/5/5 4485/5/5
f 4283/5/2 4467/5/2 4489/5/2 4299/5/2
f 4301/5/3 4488/5/3 4467/5/3 4283/5/3
f 4490/5/1 4319/5/1 4491/5/1 4492/5/1
f 4490/5/3 4492/5/3 4471/5/3 4305/5/3
f 4490/5/5 4305/5/5 4304/5/5 4319/5/5
f 4288/12/2 4473/12/2 4493/12/2 4307/12/2
f 4304/12/4 4307/12/4 4493/12/4 4494/12/4
f 4290/4/1 4306/4/1 4495/4/1 4472/4/1
f 4306/4/4 4309/4/4 4496/4/4 4495/4/4
f 4290/4/5 4289/4/5 4309/4/5 4306/4/5
f 4293/4/2 4476/4/2 4497/4/2 4308/4/2
f 4289/4/3 4474/4/3 4476/4/3 4293/4/3
f 4474/4/6 4496/4/6 4497/4/6 4476/4/6
f 4295/4/1 4311/4/1 4498/4/1 4477/4/1
f 4298/17/2 4478/17/2 4499/17/2 4313/17/2
f 4479/17/6 4500/17/6 4499/17/6 4478/17/6
f 4485/5/1 4501/5/1 4502/5/1 4486/5/1
f 4501/5/4 4315/5/4 4503/5/4 4502/5/4
f 4485/5/5 4300/5/5 4315/5/5 4501/5/5
f 4299/10/2 4489/10/2 4504/10/2 4314/10/2
f 4315/10/4 4314/10/4 4504/10/4 4503/10/4
f 4505/5/1 4334/5/1 4506/5/1 4507/5/1
f 4505/5/3 4507/5/3 4508/5/3 4318/5/3
f 4505/5/5 4318/5/5 4317/5/5 4334/5/5
f 4318/6/3 4508/6/3 4491/6/3 4319/6/3
f 4317/6/4 4322/6/4 4509/6/4 4510/6/4
f 4304/10/2 4494/10/2 4511/10/2 4321/10/2
f 4322/10/4 4321/10/4 4511/10/4 4509/10/4
f 4491/10/6 4509/10/6 4511/10/6 4494/10/6
f 4308/4/2 4497/4/2 4512/4/2 4324/4/2
f 4309/4/1 4325/4/1 4513/4/1 4496/4/1
f 4311/4/1 4326/4/1 4514/4/1 4498/4/1
f 4313/17/2 4499/17/2 4515/17/2 4328/17/2
f 4342/17/4 4328/17/4 4515/17/4 4516/17/4
f 4500/17/6 4516/17/6 4515/17/6 4499/17/6
f 4314/10/1 4331/10/1 4517/10/1 4504/10/1
f 4314/10/3 4504/10/3 4518/10/3 4329/10/3
f 4331/10/4 4330/10/4 4519/10/4 4517/10/4
f 4329/5/3 4518/5/3 4506/5/3 4334/5/3
f 4330/5/4 4333/5/4 4520/5/4 4519/5/4
f 4518/5/6 4519/5/6 4520/5/6 4506/5/6
f 4329/5/5 4334/5/5 4333/5/5 4330/5/5
f 4317/10/2 4510/10/2 4521/10/2 4336/10/2
f 4333/10/4 4336/10/4 4521/10/4 4520/10/4
f 4506/10/6 4520/10/6 4521/10/6 4510/10/6
f 4325/4/1 4338/4/1 4522/4/1 4513/4/1
f 4324/4/3 4512/4/3 4523/4/3 4524/4/3
f 4324/4/5 4524/4/5 4348/4/5 4337/4/5
f 4524/16/3 4523/16/3 4514/16/3 4326/16/3
f 4523/16/6 4525/16/6 4526/16/6 4514/16/6
f 4524/16/5 4326/16/5 4339/16/5 4348/16/5
f 4342/16/2 4516/16/2 4527/16/2 4341/16/2
f 4339/16/4 4341/16/4 4527/16/4 4526/16/4
f 4514/16/6 4526/16/6 4527/16/6 4516/16/6
f 4528/9/1 4529/9/1 4530/9/1 4531/9/1
f 4528/9/3 4531/9/3 4532/9/3 4533/9/3
f 4529/9/4 4534/9/4 4535/9/4 4530/9/4
f 4531/9/6 4530/9/6 4535/9/6 4532/9/6
f 4528/9/5 4533/9/5 4534/9/5 4529/9/5
f 4533/6/3 4532/6/3 4522/6/3 4338/6/3
f 4534/6/4 4536/6/4 4537/6/4 4535/6/4
f 4532/6/6 4535/6/6 4537/6/6 4522/6/6
f 4533/6/5 4338/6/5 4536/6/5 4534/6/5
f 4536/9/4 4347/9/4 4538/9/4 4537/9/4
f 4522/9/6 4537/9/6 4538/9/6 4539/9/6
f 4338/9/5 4337/9/5 4347/9/5 4536/9/5
f 4347/4/4 4349/4/4 4540/4/4 4538/4/4
f 4339/16/2 4526/16/2 4541/16/2 4351/16/2
f 4525/16/6 4540/16/6 4541/16/6 4526/16/6
f 4349/4/1 4352/4/1 4542/4/1 4540/4/1
f 4350/7/2 4543/7/2 4544/7/2 4354/7/2
f 4351/7/3 4541/7/3 4543/7/3 4350/7/3
f 4352/4/1 4360/4/1 4545/4/1 4542/4/1
f 4360/4/4 4355/4/4 4546/4/4 4545/4/4
f 4352/4/5 4353/4/5 4355/4/5 4360/4/5
f 4354/4/3 4544/4/3 4547/4/3 4357/4/3
f 4548/4/2 4549/4/2 4550/4/2 4364/4/2
f 4357/4/3 4547/4/3 4549/4/3 4548/4/3
f 4358/4/4 4364/4/4 4550/4/4 4551/4/4
f 4547/4/6 4551/4/6 4550/4/6 4549/4/6
f 4357/4/5 4548/4/5 4364/4/5 4358/4/5
f 4355/4/1 4361/4/1 4552/4/1 4546/4/1
f 4361/4/4 4362/4/4 4553/4/4 4552/4/4
f 4358/4/2 4551/4/2 4554/4/2 4366/4/2
f 4362/4/4 4366/4/4 4554/4/4 4553/4/4
f 4365/4/2 4555/4/2 4556/4/2 4371/4/2
f 4366/4/1 4370/4/1 4557/4/1 4554/4/1
f 4366/4/3 4554/4/3 4555/4/3 4365/4/3
f 4370/4/1 4373/4/1 4558/4/1 4557/4/1
f 4373/4/4 4374/4/4 4559/4/4 4558/4/4
f 4371/4/3 4556/4/3 4560/4/3 4561/4/3
f 4374/4/4 4376/4/4 4562/4/4 4559/4/4
f 4556/4/6 4559/4/6 4562/4/6 4560/4/6
f 4371/4/5 4561/4/5 4376/4/5 4374/4/5
f 4563/4/2 4564/4/2 4565/4/2 4379/4/2
f 4561/4/3 4560/4/3 4564/4/3 4563/4/3
f 4561/4/5 4563/4/5 4379/4/5 4376/4/5
f 4379/4/2 4565/4/2 4566/4/2 4380/4/2
f 4376/4/1 4377/4/1 4567/4/1 4562/4/1
f 4377/4/4 4380/4/4 4566/4/4 4567/4/4
f 4382/4/2 4568/4/2 4569/4/2 4383/4/2
f 4380/4/1 4385/4/1 4570/4/1 4566/4/1
f 4380/4/3 4566/4/3 4568/4/3 4382/4/3
f 4383/4/2 4569/4/2 4571/4/2 4386/4/2
f 4385/4/1 4387/4/1 4572/4/1 4570/4/1
f 4387/4/4 4386/4/4 4571/4/4 4572/4/4
f 4389/7/2 4573/7/2 4574/7/2 4390/7/2
f 4386/7/1 4392/7/1 4575/7/1 4571/7/1
f 4386/7/3 4571/7/3 4573/7/3 4389/7/3
f 4392/4/1 4393/4/1 4576/4/1 4575/4/1
f 4393/4/4 4399/4/4 4577/4/4 4576/4/4
f 4395/4/2 4578/4/2 4579/4/2 4396/4/2
f 4390/4/3 4574/4/3 4578/4/3 4395/4/3
f 4399/4/4 4396/4/4 4579/4/4 4577/4/4
f 4402/4/1 4401/4/1 4580/4/1 4581/4/1
f 4402/4/3 4581/4/3 4582/4/3 4403/4/3
f 4581/4/6 4580/4/6 4583/4/6 4582/4/6
f 4404/4/2 4584/4/2 4585/4/2 4405/4/2
f 4403/4/3 4582/4/3 4584/4/3 4404/4/3
f 4401/4/1 4406/4/1 4586/4/1 4580/4/1
f 4580/4/6 4586/4/6 4587/4/6 4583/4/6
f 4405/4/2 4585/4/2 4588/4/2 4407/4/2
f 4406/4/1 4411/4/1 4589/4/1 4586/4/1
f 4408/4/5 4407/4/5 4415/4/5 4412/4/5
f 4590/7/2 4591/7/2 4592/7/2 4416/7/2
f 4407/7/3 4588/7/3 4591/7/3 4590/7/3
f 4415/7/4 4416/7/4 4592/7/4 4593/7/4
f 4407/7/5 4590/7/5 4416/7/5 4415/7/5
f 4411/4/1 4414/4/1 4594/4/1 4589/4/1
f 4415/7/2 4593/7/2 4595/7/2 4417/7/2
f 4596/1/2 4597/1/2 4598/1/2 4439/1/2
f 4599/1/1 4445/1/1 4600/1/1 4601/1/1
f 4599/1/3 4601/1/3 4597/1/3 4596/1/3
f 4599/1/5 4596/1/5 4439/1/5 4445/1/5
f 4427/13/2 4602/13/2 4603/13/2 4428/13/2
f 4426/13/1 4425/13/1 4604/13/1 4605/13/1
f 4426/13/3 4605/13/3 4602/13/3 4427/13/3
f 4605/13/6 4604/13/6 4603/13/6 4602/13/6
f 4414/4/1 4430/4/1 4606/4/1 4594/4/1
f 4430/4/4 4453/4/4 4607/4/4 4606/4/4
f 4417/7/2 4595/7/2 4608/7/2 4432/7/2
f 4445/2/1 4444/2/1 4609/2/1 4600/2/1
f 4439/1/3 4598/1/3 4610/1/3 4611/1/3
f 4598/1/6 4612/1/6 4613/1/6 4610/1/6
f 4439/1/5 4611/1/5 4614/1/5 4440/1/5
f 4611/1/3 4610/1/3 4615/1/3 4616/1/3
f 4610/1/6 4613/1/6 4617/1/6 4615/1/6
f 4611/1/5 4616/1/5 4618/1/5 4614/1/5
f 4619/3/2 4620/3/2 4621/3/2 4622/3/2
f 4616/3/3 4615/3/3 4620/3/3 4619/3/3
f 4615/3/6 4617/3/6 4621/3/6 4620/3/6
f 4616/3/5 4619/3/5 4622/3/5 4618/3/5
f 4447/3/1 4446/3/1 4623/3/1 4624/3/1
f 4447/3/3 4624/3/3 4604/3/3 4425/3/3
f 4428/13/3 4603/13/3 4625/13/3 4429/13/3
f 4430/12/2 4606/12/2 4626/12/2 4451/12/2
f 4429/12/3 4625/12/3 4606/12/3 4430/12/3
f 4449/12/4 4451/12/4 4626/12/4 4627/12/4
f 4625/12/6 4627/12/6 4626/12/6 4606/12/6
f 4453/4/1 4452/4/1 4628/4/1 4607/4/1
f 4452/4/4 4454/4/4 4629/4/4 4628/4/4
f 4432/14/3 4608/14/3 4630/14/3 4431/14/3
f 4432/14/5 4431/14/5 4455/14/5 4454/14/5
f 4431/14/3 4630/14/3 4631/14/3 4433/14/3
f 4455/14/4 4456/14/4 4632/14/4 4633/14/4
f 4433/14/3 4631/14/3 4634/14/3 4434/14/3
f 4435/16/2 4635/16/2 4636/16/2 4457/16/2
f 4434/16/3 4634/16/3 4635/16/3 4435/16/3
f 4634/16/6 4637/16/6 4636/16/6 4635/16/6
f 4444/2/1 4465/2/1 4638/2/1 4609/2/1
f 4612/1/6 4639/1/6 4640/1/6 4613/1/6
f 4440/1/5 4614/1/5 4641/1/5 4462/1/5
f 4613/3/6 4640/3/6 4642/3/6 4617/3/6
f 4614/3/5 4618/3/5 4643/3/5 4641/3/5
f 4622/5/2 4621/5/2 4644/5/2 4645/5/2
f 4617/5/6 4642/5/6 4644/5/6 4621/5/6
f 4618/5/5 4622/5/5 4645/5/5 4643/5/5
f 4468/11/1 4467/11/1 4646/11/1 4647/11/1
f 4468/11/3 4647/11/3 4623/11/3 4446/11/3
f 4446/5/5 4448/5/5 4470/5/5 4466/5/5
f 4470/5/4 4469/5/4 4648/5/4 4649/5/4
f 4449/5/2 4627/5/2 4650/5/2 4492/5/2
f 4469/5/4 4492/5/4 4650/5/4 4648/5/4
f 4450/5/5 4449/5/5 4492/5/5 4469/5/5
f 4452/13/2 4628/13/2 4651/13/2 4473/13/2
f 4451/13/1 4471/13/1 4652/13/1 4626/13/1
f 4451/13/3 4626/13/3 4628/13/3 4452/13/3
f 4455/4/2 4633/4/2 4653/4/2 4474/4/2
f 4454/4/1 4472/4/1 4654/4/1 4629/4/1
f 4456/4/1 4476/4/1 4655/4/1 4632/4/1
f 4476/4/4 4475/4/4 4656/4/4 4655/4/4
f 4458/4/5 4457/4/5 4477/4/5 4475/4/5
f 4459/15/2 4657/15/2 4658/15/2 4479/15/2
f 4457/15/3 4636/15/3 4657/15/3 4459/15/3
f 4636/15/6 4659/15/6 4658/15/6 4657/15/6
f 4465/2/1 4483/2/1 4660/2/1 4638/2/1
f 4480/1/4 4661/1/4 4662/1/4 4663/1/4
f 4639/1/6 4663/1/6 4662/1/6 4640/1/6
f 4462/1/5 4641/1/5 4661/1/5 4480/1/5
f 4661/3/4 4664/3/4 4665/3/4 4662/3/4
f 4640/3/6 4662/3/6 4665/3/6 4642/3/6
f 4641/3/5 4643/3/5 4664/3/5 4661/3/5
f 4645/5/2 4644/5/2 4666/5/2 4667/5/2
f 4664/5/4 4667/5/4 4666/5/4 4665/5/4
f 4642/5/6 4665/5/6 4666/5/6 4644/5/6
f 4643/5/5 4645/5/5 4667/5/5 4664/5/5
f 4668/5/1 4669/5/1 4670/5/1 4671/5/1
f 4668/5/3 4671/5/3 4672/5/3 4487/5/3
f 4669/5/4 4486/5/4 4673/5/4 4670/5/4
f 4668/5/5 4487/5/5 4486/5/5 4669/5/5
f 4487/10/3 4672/10/3 4674/10/3 4488/10/3
f 4488/11/3 4674/11/3 4646/11/3 4467/11/3
f 4646/5/6 4675/5/6 4676/5/6 4677/5/6
f 4467/5/5 4466/5/5 4678/5/5 4489/5/5
f 4470/5/2 4649/5/2 4679/5/2 4507/5/2
f 4466/5/5 4470/5/5 4507/5/5 4678/5/5
f 4492/11/1 4491/11/1 4680/11/1 4650/11/1
f 4492/11/3 4650/11/3 4652/11/3 4471/11/3
f 4491/11/4 4494/11/4 4681/11/4 4680/11/4
f 4473/12/2 4651/12/2 4682/12/2 4493/12/2
f 4494/12/4 4493/12/4 4682/12/4 4681/12/4
f 4652/12/6 4681/12/6 4682/12/6 4651/12/6
f 4474/4/2 4653/4/2 4683/4/2 4496/4/2
f 4472/4/1 4495/4/1 4684/4/1 4654/4/1
f 4495/4/4 4496/4/4 4683/4/4 4684/4/4
f 4475/4/1 4685/4/1 4686/4/1 4656/4/1
f 4475/4/5 4477/4/5 4498/4/5 4685/4/5
f 4479/15/2 4658/15/2 4687/15/2 4500/15/2
f 4480/1/2 4663/1/2 4688/1/2 4689/1/2
f 4483/1/1 4690/1/1 4691/1/1 4660/1/1
f 4690/1/4 4689/1/4 4688/1/4 4691/1/4
f 4483/1/5 4480/1/5 4689/1/5 4690/1/5
f 4486/5/1 4502/5/1 4692/5/1 4673/5/1
f 4502/5/4 4503/5/4 4693/5/4 4692/5/4
f 4673/5/6 4692/5/6 4693/5/6 4694/5/6
f 4503/5/4 4504/5/4 4695/5/4 4693/5/4
f 4489/5/5 4678/5/5 4518/5/5 4504/5/5
f 4518/10/4 4506/10/4 4696/10/4 4697/10/4
f 4678/10/5 4507/10/5 4506/10/5 4518/10/5
f 4507/5/3 4679/5/3 4698/5/3 4508/5/3
f 4506/5/4 4510/5/4 4699/5/4 4696/5/4
f 4679/5/6 4696/5/6 4699/5/6 4698/5/6
f 4491/10/2 4680/10/2 4700/10/2 4509/10/2
f 4508/10/3 4698/10/3 4680/10/3 4491/10/3
f 4510/10/4 4509/10/4 4700/10/4 4699/10/4
f 4698/10/6 4699/10/6 4700/10/6 4680/10/6
f 4497/4/2 4701/4/2 4702/4/2 4512/4/2
f 4496/4/1 4513/4/1 4703/4/1 4683/4/1
f 4496/4/3 4683/4/3 4701/4/3 4497/4/3
f 4685/17/1 4523/17/1 4704/17/1 4686/17/1
f 4523/17/4 4514/17/4 4705/17/4 4704/17/4
f 4685/17/5 4498/17/5 4514/17/5 4523/17/5
f 4500/15/2 4687/15/2 4706/15/2 4516/15/2
f 4514/15/4 4516/15/4 4706/15/4 4705/15/4
f 4518/5/2 4697/5/2 4707/5/2 4519/5/2
f 4504/5/1 4517/5/1 4708/5/1 4695/5/1
f 4517/5/4 4519/5/4 4707/5/4 4708/5/4
f 4695/5/6 4708/5/6 4707/5/6 4697/5/6
f 4513/4/1 4522/4/1 4709/4/1 4703/4/1
f 4522/4/4 4539/4/4 4710/4/4 4709/4/4
f 4703/4/6 4709/4/6 4710/4/6 4702/4/6
f 4523/16/2 4704/16/2 4711/16/2 4525/16/2
f 4512/16/3 4702/16/3 4704/16/3 4523/16/3
f 4525/4/2 4711/4/2 4712/4/2 4540/4/2
f 4539/4/1 4538/4/1 4713/4/1 4710/4/1
f 4538/4/4 4540/4/4 4712/4/4 4713/4/4
f 4540/4/1 4542/4/1 4714/4/1 4712/4/1
f 4540/4/3 4712/4/3 4715/4/3 4541/4/3
f 4541/4/3 4715/4/3 4716/4/3 4543/4/3
f 4717/4/2 4718/4/2 4719/4/2 4547/4/2
f 4543/4/3 4716/4/3 4718/4/3 4717/4/3
f 4543/4/5 4717/4/5 4547/4/5 4544/4/5
f 4542/4/1 4545/4/1 4720/4/1 4714/4/1
f 4721/4/6 4722/4/6 4723/4/6 4724/4/6
f 4547/4/2 4719/4/2 4725/4/2 4551/4/2
f 4545/4/1 4726/4/1 4727/4/1 4720/4/1
f 4726/4/4 4552/4/4 4728/4/4 4727/4/4
f 4720/4/6 4727/4/6 4728/4/6 4722/4/6
f 4545/4/5 4546/4/5 4552/4/5 4726/4/5
f 4552/4/4 4553/4/4 4729/4/4 4728/4/4
f 4551/4/2 4725/4/2 4730/4/2 4554/4/2
f 4553/4/4 4554/4/4 4730/4/4 4729/4/4
f 4554/4/1 4557/4/1 4731/4/1 4730/4/1
f 4554/4/3 4730/4/3 4732/4/3 4555/4/3
f 4733/4/2 4734/4/2 4735/4/2 4560/4/2
f 4555/4/3 4732/4/3 4734/4/3 4733/4/3
f 4556/4/4 4560/4/4 4735/4/4 4736/4/4
f 4555/4/5 4733/4/5 4560/4/5 4556/4/5
f 4556/4/2 4736/4/2 4737/4/2 4559/4/2
f 4557/4/1 4558/4/1 4738/4/1 4731/4/1
f 4558/4/4 4559/4/4 4737/4/4 4738/4/4
f 4564/4/2 4739/4/2 4740/4/2 4565/4/2
f 4560/4/1 4562/4/1 4741/4/1 4735/4/1
f 4560/4/3 4735/4/3 4739/4/3 4564/4/3
f 4735/4/6 4741/4/6 4740/4/6 4739/4/6
f 4565/4/2 4740/4/2 4742/4/2 4566/4/2
f 4562/4/1 4567/4/1 4743/4/1 4741/4/1
f 4567/4/4 4566/4/4 4742/4/4 4743/4/4
f 4741/4/6 4743/4/6 4742/4/6 4740/4/6
f 4568/4/2 4744/4/2 4745/4/2 4569/4/2
f 4566/4/1 4570/4/1 4746/4/1 4742/4/1
f 4566/4/3 4742/4/3 4744/4/3 4568/4/3
f 4742/4/6 4746/4/6 4745/4/6 4744/4/6
f 4569/4/2 4745/4/2 4747/4/2 4571/4/2
f 4570/4/1 4572/4/1 4748/4/1 4746/4/1
f 4572/4/4 4571/4/4 4747/4/4 4748/4/4
f 4746/4/6 4748/4/6 4747/4/6 4745/4/6
f 4573/4/2 4749/4/2 4750/4/2 4574/4/2
f 4571/4/1 4575/4/1 4751/4/1 4747/4/1
f 4571/4/3 4747/4/3 4749/4/3 4573/4/3
f 4747/4/6 4751/4/6 4750/4/6 4749/4/6
f 4575/4/1 4576/4/1 4752/4/1 4751/4/1
f 4576/4/4 4577/4/4 4753/4/4 4752/4/4
f 4751/4/6 4752/4/6 4753/4/6 4750/4/6
f 4578/4/2 4754/4/2 4755/4/2 4579/4/2
f 4574/4/3 4750/4/3 4754/4/3 4578/4/3
f 4577/4/4 4579/4/4 4755/4/4 4753/4/4
f 4750/4/6 4753/4/6 4755/4/6 4754/4/6
f 4582/4/1 4583/4/1 4756/4/1 4757/4/1
f 4582/4/3 4757/4/3 4758/4/3 4584/4/3
f 4584/4/3 4758/4/3 4759/4/3 4760/4/3
f 4758/4/6 4761/4/6 4762/4/6 4759/4/6
f 4584/4/5 4760/4/5 4763/4/5 4585/4/5
f 4764/4/2 4765/4/2 4766/4/2 4767/4/2
f 4760/4/3 4759/4/3 4765/4/3 4764/4/3
f 4759/4/6 4762/4/6 4766/4/6 4765/4/6
f 4760/4/5 4764/4/5 4767/4/5 4763/4/5
f 4583/4/1 4587/4/1 4768/4/1 4756/4/1
f 4761/4/6 4769/4/6 4770/4/6 4762/4/6
f 4585/4/5 4763/4/5 4591/4/5 4588/4/5
f 4767/4/2 4766/4/2 4771/4/2 4772/4/2
f 4762/4/6 4770/4/6 4771/4/6 4766/4/6
f 4763/4/5 4767/4/5 4772/4/5 4591/4/5
f 4586/4/1 4589/4/1 4773/4/1 4774/4/1
f 4586/4/3 4774/4/3 4768/4/3 4587/4/3
f 4769/4/6 4775/4/6 4776/4/6 4770/4/6
f 4770/4/6 4776/4/6 4777/4/6 4771/4/6
f 4591/4/5 4772/4/5 4778/4/5 4592/4/5
f 4779/4/2 4780/4/2 4781/4/2 4782/4/2
f 4772/4/3 4771/4/3 4780/4/3 4779/4/3
f 4771/4/6 4777/4/6 4781/4/6 4780/4/6
f 4772/4/5 4779/4/5 4782/4/5 4778/4/5
f 4783/1/2 4784/1/2 4785/1/2 4597/1/2
f 4786/1/1 4601/1/1 4787/1/1 4788/1/1
f 4786/1/3 4788/1/3 4784/1/3 4783/1/3
f 4786/1/5 4783/1/5 4597/1/5 4601/1/5
f 4589/4/1 4594/4/1 4789/4/1 4773/4/1
f 4593/7/5 4592/7/5 4790/7/5 4595/7/5
f 4592/7/5 4778/7/5 4791/7/5 4790/7/5
f 4782/7/2 4781/7/2 4792/7/2 4793/7/2
f 4777/7/6 4794/7/6 4792/7/6 4781/7/6
f 4778/7/5 4782/7/5 4793/7/5 4791/7/5
f 4601/2/1 4600/2/1 4795/2/1 4787/2/1
f 4597/1/3 4785/1/3 4796/1/3 4797/1/3
f 4598/1/4 4610/1/4 4798/1/4 4799/1/4
f 4597/1/5 4797/1/5 4610/1/5 4598/1/5
f 4797/3/3 4796/3/3 4800/3/3 4801/3/3
f 4610/3/4 4615/3/4 4802/3/4 4798/3/4
f 4797/3/5 4801/3/5 4615/3/5 4610/3/5
f 4803/6/2 4804/6/2 4805/6/2 4620/6/2
f 4801/6/3 4800/6/3 4804/6/3 4803/6/3
f 4615/6/4 4620/6/4 4805/6/4 4802/6/4
f 4801/6/5 4803/6/5 4620/6/5 4615/6/5
f 4594/4/1 4606/4/1 4806/4/1 4789/4/1
f 4606/4/4 4607/4/4 4807/4/4 4806/4/4
f 4595/7/5 4790/7/5 4630/7/5 4608/7/5
f 4790/7/5 4791/7/5 4631/7/5 4630/7/5
f 4793/7/2 4792/7/2 4808/7/2 4634/7/2
f 4794/7/6 4809/7/6 4808/7/6 4792/7/6
f 4791/7/5 4793/7/5 4634/7/5 4631/7/5
f 4598/2/2 4799/2/2 4810/2/2 4612/2/2
f 4600/2/1 4609/2/1 4811/2/1 4795/2/1
f 4620/10/1 4621/10/1 4812/10/1 4805/10/1
f 4620/10/3 4805/10/3 4813/10/3 4814/10/3
f 4620/10/5 4814/10/5 4815/10/5 4621/10/5
f 4814/5/3 4813/5/3 4816/5/3 4817/5/3
f 4814/5/5 4817/5/5 4818/5/5 4815/5/5
f 4817/5/3 4816/5/3 4819/5/3 4820/5/3
f 4817/5/5 4820/5/5 4821/5/5 4818/5/5
f 4820/5/3 4819/5/3 4822/5/3 4823/5/3
f 4820/5/5 4823/5/5 4824/5/5 4821/5/5
f 4825/10/2 4826/10/2 4827/10/2 4828/10/2
f 4823/10/3 4822/10/3 4826/10/3 4825/10/3
f 4823/10/5 4825/10/5 4828/10/5 4824/10/5
f 4829/6/1 4647/6/1 4830/6/1 4831/6/1
f 4829/6/3 4831/6/3 4832/6/3 4624/6/3
f 4829/6/5 4624/6/5 4623/6/5 4647/6/5
f 4624/3/3 4832/3/3 4833/3/3 4604/3/3
f 4604/11/3 4833/11/3 4834/11/3 4603/11/3
f 4625/13/2 4835/13/2 4836/13/2 4627/13/2
f 4603/13/3 4834/13/3 4835/13/3 4625/13/3
f 4607/4/1 4628/4/1 4837/4/1 4807/4/1
f 4628/4/4 4629/4/4 4838/4/4 4837/4/4
f 4634/7/2 4808/7/2 4839/7/2 4637/7/2
f 4612/2/2 4810/2/2 4840/2/2 4639/2/2
f 4609/2/1 4638/2/1 4841/2/1 4811/2/1
f 4621/5/1 4644/5/1 4842/5/1 4812/5/1
f 4812/5/6 4842/5/6 4843/5/6 4844/5/6
f 4621/5/5 4815/5/5 4845/5/5 4644/5/5
f 4844/5/6 4843/5/6 4846/5/6 4847/5/6
f 4815/5/5 4818/5/5 4848/5/5 4845/5/5
f 4848/5/4 4849/5/4 4850/5/4 4846/5/4
f 4847/5/6 4846/5/6 4850/5/6 4851/5/6
f 4818/5/5 4821/5/5 4849/5/5 4848/5/5
f 4849/5/4 4852/5/4 4853/5/4 4850/5/4
f 4851/5/6 4850/5/6 4853/5/6 4854/5/6
f 4821/5/5 4824/5/5 4852/5/5 4849/5/5
f 4852/5/4 4855/5/4 4856/5/4 4853/5/4
f 4854/5/6 4853/5/6 4856/5/6 4827/5/6
f 4824/5/5 4828/5/5 4855/5/5 4852/5/5
f 4828/5/3 4827/5/3 4857/5/3 4858/5/3
f 4827/5/6 4856/5/6 4859/5/6 4857/5/6
f 4828/5/5 4858/5/5 4671/5/5 4855/5/5
f 4858/6/3 4857/6/3 4860/6/3 4861/6/3
f 4857/6/6 4859/6/6 4862/6/6 4860/6/6
f 4858/6/5 4861/6/5 4672/6/5 4671/6/5
f 4861/6/3 4860/6/3 4863/6/3 4864/6/3
f 4860/6/6 4862/6/6 4865/6/6 4863/6/6
f 4861/6/5 4864/6/5 4674/6/5 4672/6/5
f 4864/6/3 4863/6/3 4830/6/3 4647/6/3
f 4863/6/6 4865/6/6 4866/6/6 4830/6/6
f 4864/6/5 4647/6/5 4646/6/5 4674/6/5
f 4646/5/4 4677/5/4 4867/5/4 4866/5/4
f 4627/13/3 4836/13/3 4868/13/3 4626/13/3
f 4627/13/5 4626/13/5 4652/13/5 4650/13/5
f 4628/13/2 4837/13/2 4869/13/2 4651/13/2
f 4626/13/3 4868/13/3 4837/13/3 4628/13/3
f 4652/13/4 4651/13/4 4869/13/4 4870/13/4
f 4868/13/6 4870/13/6 4869/13/6 4837/13/6
f 4629/4/1 4654/4/1 4871/4/1 4838/4/1
f 4633/4/5 4632/4/5 4655/4/5 4653/4/5
f 4655/4/4 4656/4/4 4872/4/4 4873/4/4
f 4636/7/2 4874/7/2 4875/7/2 4659/7/2
f 4637/7/3 4839/7/3 4874/7/3 4636/7/3
f 4639/2/2 4840/2/2 4876/2/2 4663/2/2
f 4638/2/1 4660/2/1 4877/2/1 4841/2/1
f 4644/5/1 4666/5/1 4878/5/1 4842/5/1
f 4666/5/4 4879/5/4 4880/5/4 4878/5/4
f 4644/5/5 4845/5/5 4879/5/5 4666/5/5
f 4848/5/2 4846/5/2 4881/5/2 4882/5/2
f 4879/5/4 4882/5/4 4881/5/4 4880/5/4
f 4845/5/5 4848/5/5 4882/5/5 4879/5/5
f 4855/5/1 4883/5/1 4884/5/1 4856/5/1
f 4883/5/4 4670/5/4 4885/5/4 4884/5/4
f 4855/5/5 4671/5/5 4670/5/5 4883/5/5
f 4670/5/4 4673/5/4 4886/5/4 4885/5/4
f 4673/5/4 4694/5/4 4887/5/4 4886/5/4
f 4646/5/2 4866/5/2 4888/5/2 4675/5/2
f 4677/5/1 4676/5/1 4889/5/1 4867/5/1
f 4679/5/4 4698/5/4 4890/5/4 4891/5/4
f 4649/5/5 4648/5/5 4698/5/5 4679/5/5
f 4698/5/4 4680/5/4 4892/5/4 4890/5/4
f 4648/5/5 4650/5/5 4680/5/5 4698/5/5
f 4652/11/2 4870/11/2 4893/11/2 4681/11/2
f 4680/11/4 4681/11/4 4893/11/4 4892/11/4
f 4894/11/6 4892/11/6 4893/11/6 4870/11/6
f 4654/4/1 4684/4/1 4895/4/1 4871/4/1
f 4684/4/4 4683/4/4 4896/4/4 4895/4/4
f 4655/4/2 4873/4/2 4897/4/2 4701/4/2
f 4653/4/5 4655/4/5 4701/4/5 4683/4/5
f 4656/4/1 4686/4/1 4898/4/1 4872/4/1
f 4658/15/2 4899/15/2 4900/15/2 4687/15/2
f 4659/15/3 4875/15/3 4899/15/3 4658/15/3
f 4660/2/1 4691/2/1 4901/2/1 4877/2/1
f 4663/1/3 4876/1/3 4902/1/3 4662/1/3
f 4688/1/4 4903/1/4 4904/1/4 4905/1/4
f 4876/1/6 4905/1/6 4904/1/6 4902/1/6
f 4663/1/5 4662/1/5 4903/1/5 4688/1/5
f 4662/1/3 4902/1/3 4906/1/3 4665/1/3
f 4903/1/4 4907/1/4 4908/1/4 4904/1/4
f 4902/1/6 4904/1/6 4908/1/6 4906/1/6
f 4662/1/5 4665/1/5 4907/1/5 4903/1/5
f 4666/3/2 4878/3/2 4909/3/2 4910/3/2
f 4665/3/3 4906/3/3 4878/3/3 4666/3/3
f 4907/3/4 4910/3/4 4909/3/4 4908/3/4
f 4906/3/6 4908/3/6 4909/3/6 4878/3/6
f 4665/3/5 4666/3/5 4910/3/5 4907/3/5
f 4694/5/1 4693/5/1 4911/5/1 4887/5/1
f 4693/5/4 4695/5/4 4912/5/4 4911/5/4
f 4675/5/3 4888/5/3 4889/5/3 4676/5/3
f 4695/5/4 4697/5/4 4913/5/4 4912/5/4
f 4679/5/2 4891/5/2 4914/5/2 4696/5/2
f 4697/5/4 4696/5/4 4914/5/4 4913/5/4
f 4701/4/2 4897/4/2 4915/4/2 4702/4/2
f 4683/4/1 4703/4/1 4916/4/1 4896/4/1
f 4703/4/4 4702/4/4 4915/4/4 4916/4/4
f 4686/4/1 4704/4/1 4917/4/1 4898/4/1
f 4687/7/2 4900/7/2 4918/7/2 4706/7/2
f 4688/1/2 4905/1/2 4919/1/2 4920/1/2
f 4691/1/1 4921/1/1 4922/1/1 4901/1/1
f 4921/1/4 4920/1/4 4919/1/4 4922/1/4
f 4691/1/5 4688/1/5 4920/1/5 4921/1/5
f 4702/4/1 4710/4/1 4923/4/1 4915/4/1
f 4702/4/3 4915/4/3 4917/4/3 4704/4/3
f 4704/4/5 4705/4/5 4924/4/5 4711/4/5
f 4706/7/2 4918/7/2 4925/7/2 4926/7/2
f 4705/7/5 4706/7/5 4926/7/5 4924/7/5
f 4710/4/1 4713/4/1 4927/4/1 4923/4/1
f 4713/4/4 4712/4/4 4928/4/4 4927/4/4
f 4711/4/5 4924/4/5 4715/4/5 4712/4/5
f 4929/4/6 4930/4/6 4931/4/6 4925/4/6
f 4924/4/5 4926/4/5 4716/4/5 4715/4/5
f 4932/4/2 4933/4/2 4934/4/2 4718/4/2
f 4926/4/3 4925/4/3 4933/4/3 4932/4/3
f 4925/4/6 4931/4/6 4934/4/6 4933/4/6
f 4926/4/5 4932/4/5 4718/4/5 4716/4/5
f 4712/4/1 4714/4/1 4935/4/1 4928/4/1
f 4721/4/4 4724/4/4 4936/4/4 4937/4/4
f 4930/4/6 4937/4/6 4936/4/6 4931/4/6
f 4718/4/2 4934/4/2 4938/4/2 4719/4/2
f 4931/4/6 4936/4/6 4938/4/6 4934/4/6
f 4721/4/2 4937/4/2 4939/4/2 4722/4/2
f 4714/4/1 4720/4/1 4940/4/1 4935/4/1
f 4720/4/4 4722/4/4 4939/4/4 4940/4/4
f 4719/4/2 4938/4/2 4941/4/2 4725/4/2
f 4724/4/1 4723/4/1 4942/4/1 4936/4/1
f 4936/4/6 4942/4/6 4941/4/6 4938/4/6
f 4722/4/1 4728/4/1 4943/4/1 4939/4/1
f 4722/4/3 4939/4/3 4942/4/3 4723/4/3
f 4942/4/6 4944/4/6 4945/4/6 4941/4/6
f 4946/4/2 4947/4/2 4948/4/2 4732/4/2
f 4725/4/3 4941/4/3 4947/4/3 4946/4/3
f 4941/4/6 4945/4/6 4948/4/6 4947/4/6
f 4725/4/5 4946/4/5 4732/4/5 4730/4/5
f 4728/4/1 4949/4/1 4950/4/1 4943/4/1
f 4949/4/4 4951/4/4 4952/4/4 4950/4/4
f 4728/4/5 4729/4/5 4951/4/5 4949/4/5
f 4951/4/4 4731/4/4 4953/4/4 4952/4/4
f 4944/4/6 4952/4/6 4953/4/6 4945/4/6
f 4729/4/5 4730/4/5 4731/4/5 4951/4/5
f 4945/4/6 4953/4/6 4954/4/6 4948/4/6
f 4732/4/3 4948/4/3 4955/4/3 4734/4/3
f 4948/4/6 4954/4/6 4956/4/6 4955/4/6
f 4957/4/2 4958/4/2 4959/4/2 4739/4/2
f 4734/4/3 4955/4/3 4958/4/3 4957/4/3
f 4735/4/4 4739/4/4 4959/4/4 4956/4/4
f 4955/4/6 4956/4/6 4959/4/6 4958/4/6
f 4734/4/5 4957/4/5 4739/4/5 4735/4/5
f 4731/4/1 4738/4/1 4960/4/1 4953/4/1
f 4738/4/4 4737/4/4 4961/4/4 4960/4/4
f 4953/4/6 4960/4/6 4961/4/6 4954/4/6
f 4735/4/2 4956/4/2 4962/4/2 4741/4/2
f 4737/4/4 4741/4/4 4962/4/4 4961/4/4
f 4954/4/6 4961/4/6 4962/4/6 4956/4/6
f 4736/4/5 4735/4/5 4741/4/5 4737/4/5
f 4963/4/2 4964/4/2 4965/4/2 4966/4/2
f 4739/4/1 4740/4/1 4967/4/1 4959/4/1
f 4739/4/3 4959/4/3 4964/4/3 4963/4/3
f 4959/4/6 4967/4/6 4965/4/6 4964/4/6
f 4739/4/5 4963/4/5 4966/4/5 4740/4/5
f 4966/4/2 4965/4/2 4968/4/2 4744/4/2
f 4740/4/1 4742/4/1 4969/4/1 4967/4/1
f 4742/4/4 4744/4/4 4968/4/4 4969/4/4
f 4967/4/6 4969/4/6 4968/4/6 4965/4/6
f 4740/4/5 4966/4/5 4744/4/5 4742/4/5
f 4970/4/2 4971/4/2 4972/4/2 4973/4/2
f 4744/4/1 4745/4/1 4974/4/1 4968/4/1
f 4744/4/3 4968/4/3 4971/4/3 4970/4/3
f 4968/4/6 4974/4/6 4972/4/6 4971/4/6
f 4744/4/5 4970/4/5 4973/4/5 4745/4/5
f 4745/4/1 4747/4/1 4975/4/1 4974/4/1
f 4747/4/4 4749/4/4 4976/4/4 4975/4/4
f 4974/4/6 4975/4/6 4976/4/6 4972/4/6
f 4745/4/5 4973/4/5 4749/4/5 4747/4/5
f 4977/4/2 4978/4/2 4979/4/2 4980/4/2
f 4973/4/3 4972/4/3 4978/4/3 4977/4/3
f 4972/4/6 4976/4/6 4979/4/6 4978/4/6
f 4973/4/5 4977/4/5 4980/4/5 4749/4/5
f 4980/4/2 4979/4/2 4981/4/2 4754/4/2
f 4749/4/1 4750/4/1 4982/4/1 4976/4/1
f 4750/4/4 4754/4/4 4981/4/4 4982/4/4
f 4976/4/6 4982/4/6 4981/4/6 4979/4/6
f 4749/4/5 4980/4/5 4754/4/5 4750/4/5
f 4983/4/2 4984/4/2 4985/4/2 4986/4/2
f 4987/4/1 4988/4/1 4989/4/1 4990/4/1
f 4987/4/3 4990/4/3 4984/4/3 4983/4/3
f 4990/4/6 4989/4/6 4985/4/6 4984/4/6
f 4987/4/5 4983/4/5 4986/4/5 4988/4/5
f 4986/4/2 4985/4/2 4991/4/2 4758/4/2
f 4988/4/1 4757/4/1 4992/4/1 4989/4/1
f 4989/4/6 4992/4/6 4991/4/6 4985/4/6
f 4988/4/5 4986/4/5 4758/4/5 4757/4/5
f 4993/4/1 4994/4/1 4995/4/1 4996/4/1
f 4993/4/3 4996/4/3 4997/4/3 4998/4/3
f 4993/4/5 4998/4/5 4999/4/5 4994/4/5
f 4998/4/3 4997/4/3 4992/4/3 4757/4/3
f 4999/4/4 4756/4/4 5000/4/4 5001/4/4
f 4998/4/5 4757/4/5 4756/4/5 4999/4/5
f 4758/4/2 4991/4/2 5002/4/2 4761/4/2
f 4992/4/6 5000/4/6 5002/4/6 4991/4/6
f 4999/4/2 5001/4/2 5003/4/2 4774/4/2
f 4994/4/1 5004/4/1 5005/4/1 4995/4/1
f 5004/4/4 4774/4/4 5003/4/4 5005/4/4
f 4994/4/5 4999/4/5 4774/4/5 5004/4/5
f 4761/4/2 5002/4/2 5006/4/2 4769/4/2
f 4756/4/1 4768/4/1 5007/4/1 5000/4/1
f 4774/4/1 4773/4/1 5008/4/1 5003/4/1
f 4774/4/3 5003/4/3 5007/4/3 4768/4/3
f 4769/4/2 5006/4/2 5009/4/2 4775/4/2
f 4784/1/2 5010/1/2 5011/1/2 4785/1/2
f 4788/1/1 4787/1/1 5012/1/1 5013/1/1
f 4788/1/3 5013/1/3 5010/1/3 4784/1/3
f 4773/4/1 4789/4/1 5014/4/1 5008/4/1
f 4775/4/3 5009/4/3 5015/4/3 4776/4/3
f 4777/4/2 5016/4/2 5017/4/2 4794/4/2
f 4776/4/3 5015/4/3 5016/4/3 4777/4/3
f 4787/2/1 4795/2/1 5018/2/1 5012/2/1
f 4785/1/3 5011/1/3 5019/1/3 4796/1/3
f 4799/1/4 4798/1/4 5020/1/4 5021/1/4
f 4796/1/3 5019/1/3 5022/1/3 4800/1/3
f 4798/1/4 4802/1/4 5023/1/4 5020/1/4
f 4804/3/2 5024/3/2 5025/3/2 4805/3/2
f 4800/3/3 5022/3/3 5024/3/3 4804/3/3
f 4802/3/4 4805/3/4 5025/3/4 5023/3/4
f 4789/4/1 4806/4/1 5026/4/1 5014/4/1
f 4806/4/4 4807/4/4 5027/4/4 5026/4/4
f 5028/4/6 5029/4/6 5030/4/6 5031/4/6
f 4794/4/2 5017/4/2 5032/4/2 4809/4/2
f 4799/2/2 5021/2/2 5033/2/2 4810/2/2
f 4795/2/1 4811/2/1 5034/2/1 5018/2/1
f 4805/5/1 4812/5/1 5035/5/1 5025/5/1
f 4805/5/3 5025/5/3 5036/5/3 4813/5/3
f 4812/5/4 4844/5/4 5037/5/4 5035/5/4
f 4813/5/3 5036/5/3 5038/5/3 4816/5/3
f 4844/5/4 4847/5/4 5039/5/4 5037/5/4
f 4816/5/3 5038/5/3 5040/5/3 4819/5/3
f 4847/5/4 4851/5/4 5041/5/4 5039/5/4
f 4819/5/3 5040/5/3 5042/5/3 4822/5/3
f 4851/5/4 4854/5/4 5043/5/4 5041/5/4
f 5040/5/6 5041/5/6 5043/5/6 5042/5/6
f 4822/5/3 5042/5/3 5044/5/3 4826/5/3
f 4854/5/4 4827/5/4 5045/5/4 5043/5/4
f 5042/5/6 5043/5/6 5045/5/6 5044/5/6
f 4826/3/3 5044/3/3 5046/3/3 5047/3/3
f 4827/3/4 4857/3/4 5048/3/4 5045/3/4
f 4826/3/5 5047/3/5 4857/3/5 4827/3/5
f 5047/3/3 5046/3/3 5049/3/3 5050/3/3
f 4857/3/4 4860/3/4 5051/3/4 5048/3/4
f 5047/3/5 5050/3/5 4860/3/5 4857/3/5
f 5050/3/3 5049/3/3 5052/3/3 5053/3/3
f 4860/3/4 4863/3/4 5054/3/4 5051/3/4
f 5050/3/5 5053/3/5 4863/3/5 4860/3/5
f 5053/5/3 5052/5/3 5055/5/3 4831/5/3
f 4863/5/4 4830/5/4 5056/5/4 5054/5/4
f 5053/5/5 4831/5/5 4830/5/5 4863/5/5
f 4831/5/3 5055/5/3 5057/5/3 4832/5/3
f 4832/5/3 5057/5/3 5058/5/3 4833/5/3
f 4833/11/3 5058/11/3 5059/11/3 4834/11/3
f 5058/11/6 5060/11/6 5061/11/6 5059/11/6
f 4835/11/2 5062/11/2 5063/11/2 4836/11/2
f 4834/11/3 5059/11/3 5062/11/3 4835/11/3
f 5059/11/6 5061/11/6 5063/11/6 5062/11/6
f 4807/4/1 4837/4/1 5064/4/1 5027/4/1
f 4837/4/4 4838/4/4 5065/4/4 5064/4/4
f 4809/4/3 5032/4/3 5066/4/3 4808/4/3
f 4808/4/3 5066/4/3 5067/4/3 5068/4/3
f 4808/4/5 5068/4/5 4874/4/5 4839/4/5
f 5069/4/2 5070/4/2 5071/4/2 5072/4/2
f 5068/4/3 5067/4/3 5070/4/3 5069/4/3
f 5068/4/5 5069/4/5 5072/4/5 4874/4/5
f 4810/2/2 5033/2/2 5073/2/2 4840/2/2
f 4811/2/1 4841/2/1 5074/2/1 5034/2/1
f 4830/5/1 4866/5/1 5075/5/1 5056/5/1
f 5056/5/6 5075/5/6 5076/5/6 5077/5/6
f 4868/11/2 5078/11/2 5079/11/2 4870/11/2
f 4836/11/3 5063/11/3 5078/11/3 4868/11/3
f 4894/11/4 4870/11/4 5079/11/4 5080/11/4
f 4838/4/1 4871/4/1 5081/4/1 5065/4/1
f 4873/4/4 4872/4/4 5082/4/4 5083/4/4
f 4874/4/5 5072/4/5 4899/4/5 4875/4/5
f 5084/4/2 5085/4/2 5086/4/2 5087/4/2
f 5072/4/3 5071/4/3 5085/4/3 5084/4/3
f 5071/4/6 5088/4/6 5086/4/6 5085/4/6
f 5072/4/5 5084/4/5 5087/4/5 4899/4/5
f 4840/2/2 5073/2/2 5089/2/2 4876/2/2
f 4841/2/1 4877/2/1 5090/2/1 5074/2/1
f 4842/5/1 4878/5/1 5091/5/1 5092/5/1
f 4842/5/3 5092/5/3 5093/5/3 4843/5/3
f 5092/5/6 5091/5/6 5094/5/6 5093/5/6
f 4843/5/3 5093/5/3 5095/5/3 4846/5/3
f 4880/5/4 4881/5/4 5096/5/4 5094/5/4
f 5093/5/6 5094/5/6 5096/5/6 5095/5/6
f 4846/5/3 5095/5/3 5097/5/3 4850/5/3
f 4881/5/4 5098/5/4 5099/5/4 5096/5/4
f 5095/5/6 5096/5/6 5099/5/6 5097/5/6
f 4846/5/5 4850/5/5 5098/5/5 4881/5/5
f 4850/5/3 5097/5/3 5100/5/3 4853/5/3
f 5098/5/4 5101/5/4 5102/5/4 5099/5/4
f 5097/5/6 5099/5/6 5102/5/6 5100/5/6
f 4850/5/5 4853/5/5 5101/5/5 5098/5/5
f 4853/5/3 5100/5/3 5103/5/3 4856/5/3
f 5101/5/4 4884/5/4 5104/5/4 5102/5/4
f 5100/5/6 5102/5/6 5104/5/6 5103/5/6
f 4853/5/5 4856/5/5 4884/5/5 5101/5/5
f 4856/5/3 5103/5/3 5105/5/3 4859/5/3
f 4884/5/4 4885/5/4 5106/5/4 5104/5/4
f 4859/5/3 5105/5/3 5107/5/3 4862/5/3
f 4885/5/4 4886/5/4 5108/5/4 5106/5/4
f 4862/5/3 5107/5/3 5109/5/3 4865/5/3
f 5107/5/6 5108/5/6 5110/5/6 5109/5/6
f 4865/5/3 5109/5/3 5075/5/3 4866/5/3
f 5075/5/6 5111/5/6 5112/5/6 5076/5/6
f 4866/5/5 4867/5/5 4889/5/5 4888/5/5
f 4891/5/4 4890/5/4 5113/5/4 5114/5/4
f 4894/11/2 5080/11/2 5115/11/2 4892/11/2
f 4890/11/4 4892/11/4 5115/11/4 5113/11/4
f 4871/4/1 4895/4/1 5116/4/1 5081/4/1
f 5081/4/6 5116/4/6 5117/4/6 5118/4/6
f 4873/4/2 5083/4/2 5119/4/2 4897/4/2
f 4872/4/1 4898/4/1 5120/4/1 5082/4/1
f 5121/4/6 5122/4/6 5123/4/6 5088/4/6
f 5087/4/2 5086/4/2 5124/4/2 5125/4/2
f 5088/4/6 5123/4/6 5124/4/6 5086/4/6
f 4899/4/5 5087/4/5 5125/4/5 4900/4/5
f 4876/2/2 5089/2/2 5126/2/2 4905/2/2
f 4877/2/1 4901/2/1 5127/2/1 5090/2/1
f 4880/5/2 5094/5/2 5128/5/2 5129/5/2
f 4878/5/1 4909/5/1 5130/5/1 5091/5/1
f 5091/5/6 5130/5/6 5128/5/6 5094/5/6
f 4878/5/5 4880/5/5 5129/5/5 4909/5/5
f 4886/5/1 5131/5/1 5132/5/1 5108/5/1
f 5131/5/4 4911/5/4 5133/5/4 5132/5/4
f 4886/5/5 4887/5/5 4911/5/5 5131/5/5
f 4911/8/4 4912/8/4 5134/8/4 5133/8/4
f 4912/5/4 4913/5/4 5135/5/4 5134/5/4
f 4891/5/2 5114/5/2 5136/5/2 4914/5/2
f 4913/5/4 4914/5/4 5136/5/4 5135/5/4
f 5112/5/6 5135/5/6 5136/5/6 5114/5/6
f 4895/4/1 5137/4/1 5138/4/1 5116/4/1
f 5137/4/4 4916/4/4 5139/4/4 5138/4/4
f 5116/4/6 5138/4/6 5139/4/6 5117/4/6
f 4895/4/5 4896/4/5 4916/4/5 5137/4/5
f 4916/4/4 4915/4/4 5140/4/4 5139/4/4
f 4897/4/3 5119/4/3 5120/4/3 4898/4/3
f 4897/4/5 4898/4/5 4917/4/5 4915/4/5
f 5122/4/6 5141/4/6 5142/4/6 5123/4/6
f 5125/4/2 5124/4/2 5143/4/2 5144/4/2
f 4918/4/4 5144/4/4 5143/4/4 5142/4/4
f 5123/4/6 5142/4/6 5143/4/6 5124/4/6
f 4900/4/5 5125/4/5 5144/4/5 4918/4/5
f 4901/2/1 4922/2/1 5145/2/1 5127/2/1
f 4905/1/3 5126/1/3 5146/1/3 4904/1/3
f 4919/1/4 5147/1/4 5148/1/4 5149/1/4
f 4905/1/5 4904/1/5 5147/1/5 4919/1/5
f 4904/3/3 5146/3/3 5150/3/3 4908/3/3
f 5147/3/4 5151/3/4 5152/3/4 5148/3/4
f 4904/3/5 4908/3/5 5151/3/5 5147/3/5
f 4908/3/3 5150/3/3 5130/3/3 4909/3/3
f 5151/3/4 5153/3/4 5154/3/4 5152/3/4
f 4908/3/5 4909/3/5 5153/3/5 5151/3/5
f 5129/5/2 5128/5/2 5155/5/2 5156/5/2
f 5153/5/4 5156/5/4 5155/5/4 5154/5/4
f 4909/5/5 5129/5/5 5156/5/5 5153/5/5
f 4915/4/1 4923/4/1 5157/4/1 5140/4/1
f 4918/4/2 5142/4/2 5158/4/2 4925/4/2
f 4929/4/4 4925/4/4 5158/4/4 5159/4/4
f 5141/4/6 5159/4/6 5158/4/6 5142/4/6
f 4919/1/2 5149/1/2 5160/1/2 5161/1/2
f 4922/1/1 5162/1/1 5163/1/1 5145/1/1
f 5162/1/4 5161/1/4 5160/1/4 5163/1/4
f 4922/1/5 4919/1/5 5161/1/5 5162/1/5
f 4923/4/1 4927/4/1 5164/4/1 5157/4/1
f 4929/4/2 5159/4/2 5165/4/2 4930/4/2
f 5166/4/6 5167/4/6 5165/4/6 5159/4/6
f 4927/4/1 5168/4/1 5169/4/1 5164/4/1
f 5168/4/4 4935/4/4 5170/4/4 5169/4/4
f 4927/4/5 4928/4/5 4935/4/5 5168/4/5
f 4930/4/2 5165/4/2 5171/4/2 4937/4/2
f 4935/4/1 4940/4/1 5172/4/1 5170/4/1
f 4940/4/4 4939/4/4 5173/4/4 5172/4/4
f 5170/4/6 5172/4/6 5173/4/6 5171/4/6
f 4936/4/2 5174/4/2 5175/4/2 4942/4/2
f 4937/4/3 5171/4/3 5174/4/3 4936/4/3
f 4937/4/5 4936/4/5 4942/4/5 4939/4/5
f 4942/4/2 5175/4/2 5176/4/2 4944/4/2
f 4939/4/1 4943/4/1 5177/4/1 5173/4/1
f 4944/4/2 5176/4/2 5178/4/2 4952/4/2
f 4943/4/1 4950/4/1 5179/4/1 5177/4/1
f 4950/4/4 4952/4/4 5178/4/4 5179/4/4
f 4953/4/2 5180/4/2 5181/4/2 4960/4/2
f 4952/4/1 5182/4/1 5183/4/1 5178/4/1
f 4952/4/3 5178/4/3 5180/4/3 4953/4/3
f 5182/4/4 4960/4/4 5181/4/4 5183/4/4
f 4952/4/5 4953/4/5 4960/4/5 5182/4/5
f 4960/4/1 5184/4/1 5185/4/1 5181/4/1
f 4960/4/3 5181/4/3 5186/4/3 4961/4/3
f 5181/4/6 5185/4/6 5187/4/6 5186/4/6
f 4960/4/5 4961/4/5 5188/4/5 5184/4/5
f 4962/4/2 5189/4/2 5190/4/2 5191/4/2
f 4961/4/3 5186/4/3 5189/4/3 4962/4/3
f 5186/4/6 5187/4/6 5190/4/6 5189/4/6
f 4961/4/5 4962/4/5 5191/4/5 5188/4/5
f 5184/4/1 5192/4/1 5193/4/1 5185/4/1
f 5192/4/4 5194/4/4 5195/4/4 5193/4/4
f 5184/4/5 5188/4/5 5194/4/5 5192/4/5
f 5191/4/2 5190/4/2 5196/4/2 5197/4/2
f 5194/4/4 5197/4/4 5196/4/4 5195/4/4
f 5187/4/6 5195/4/6 5196/4/6 5190/4/6
f 5188/4/5 5191/4/5 5197/4/5 5194/4/5
f 5198/4/2 5199/4/2 5200/4/2 4990/4/2
f 5201/4/1 5202/4/1 5203/4/1 5204/4/1
f 5201/4/3 5204/4/3 5199/4/3 5198/4/3
f 5204/4/6 5203/4/6 5200/4/6 5199/4/6
f 5201/4/5 5198/4/5 4990/4/5 5202/4/5
f 4990/4/2 5200/4/2 5205/4/2 4989/4/2
f 5202/4/1 5206/4/1 5207/4/1 5203/4/1
f 5203/4/6 5207/4/6 5205/4/6 5200/4/6
f 5202/4/5 4990/4/5 4989/4/5 5206/4/5
f 4989/4/2 5205/4/2 5208/4/2 4992/4/2
f 5206/4/1 4997/4/1 5209/4/1 5207/4/1
f 5206/4/5 4989/4/5 4992/4/5 4997/4/5
f 4996/4/1 4995/4/1 5210/4/1 5211/4/1
f 4996/4/3 5211/4/3 5209/4/3 4997/4/3
f 4992/4/2 5208/4/2 5212/4/2 5000/4/2
f 4995/4/1 5005/4/1 5213/4/1 5210/4/1
f 5005/4/4 5003/4/4 5214/4/4 5213/4/4
f 5001/4/5 5000/4/5 5007/4/5 5003/4/5
f 5002/4/2 5215/4/2 5216/4/2 5006/4/2
f 5000/4/3 5212/4/3 5215/4/3 5002/4/3
f 5212/4/6 5217/4/6 5216/4/6 5215/4/6
f 5218/1/2 5219/1/2 5220/1/2 5010/1/2
f 5221/1/1 5013/1/1 5222/1/1 5223/1/1
f 5221/1/3 5223/1/3 5219/1/3 5218/1/3
f 5221/1/5 5218/1/5 5010/1/5 5013/1/5
f 5003/4/1 5008/4/1 5224/4/1 5214/4/1
f 5225/4/2 5226/4/2 5227/4/2 5015/4/2
f 5006/4/3 5216/4/3 5226/4/3 5225/4/3
f 5216/4/6 5228/4/6 5227/4/6 5226/4/6
f 5006/4/5 5225/4/5 5015/4/5 5009/4/5
f 5013/2/1 5012/2/1 5229/2/1 5222/2/1
f 5010/1/3 5220/1/3 5230/1/3 5231/1/3
f 5010/1/5 5231/1/5 5019/1/5 5011/1/5
f 5231/3/3 5230/3/3 5232/3/3 5233/3/3
f 5231/3/5 5233/3/5 5022/3/5 5019/3/5
f 5234/3/2 5235/3/2 5236/3/2 5024/3/2
f 5233/3/3 5232/3/3 5235/3/3 5234/3/3
f 5233/3/5 5234/3/5 5024/3/5 5022/3/5
f 5008/4/1 5014/4/1 5237/4/1 5224/4/1
f 5224/4/6 5237/4/6 5238/4/6 5239/4/6
f 5028/4/4 5031/4/4 5240/4/4 5241/4/4
f 5016/4/2 5242/4/2 5243/4/2 5017/4/2
f 5015/4/3 5227/4/3 5242/4/3 5016/4/3
f 5227/4/6 5240/4/6 5243/4/6 5242/4/6
f 5012/2/1 5018/2/1 5244/2/1 5229/2/1
f 5021/5/4 5020/5/4 5245/5/4 5246/5/4
f 5247/5/6 5246/5/6 5245/5/6 5248/5/6
f 5020/5/4 5023/5/4 5249/5/4 5245/5/4
f 5248/5/6 5245/5/6 5249/5/6 5250/5/6
f 5023/5/4 5025/5/4 5251/5/4 5249/5/4
f 5250/5/6 5249/5/6 5251/5/6 5236/5/6
f 5024/3/3 5236/3/3 5252/3/3 5253/3/3
f 5024/3/5 5253/3/5 5036/3/5 5025/3/5
f 5253/3/3 5252/3/3 5254/3/3 5255/3/3
f 5253/3/5 5255/3/5 5038/3/5 5036/3/5
f 5255/3/3 5254/3/3 5256/3/3 5257/3/3
f 5255/3/5 5257/3/5 5040/3/5 5038/3/5
f 5257/5/3 5256/5/3 5258/5/3 5259/5/3
f 5040/5/4 5042/5/4 5260/5/4 5261/5/4
f 5257/5/5 5259/5/5 5042/5/5 5040/5/5
f 5259/5/3 5258/5/3 5262/5/3 5263/5/3
f 5042/5/4 5044/5/4 5264/5/4 5260/5/4
f 5259/5/5 5263/5/5 5044/5/5 5042/5/5
f 5263/5/3 5262/5/3 5265/5/3 5266/5/3
f 5263/5/5 5266/5/5 5046/5/5 5044/5/5
f 5266/5/3 5265/5/3 5267/5/3 5268/5/3
f 5266/5/5 5268/5/5 5049/5/5 5046/5/5
f 5269/5/2 5270/5/2 5271/5/2 5052/5/2
f 5268/5/3 5267/5/3 5270/5/3 5269/5/3
f 5268/5/5 5269/5/5 5052/5/5 5049/5/5
f 5014/4/1 5026/4/1 5272/4/1 5237/4/1
f 5026/4/4 5027/4/4 5273/4/4 5272/4/4
f 5237/4/6 5272/4/6 5273/4/6 5238/4/6
f 5028/4/2 5241/4/2 5274/4/2 5029/4/2
f 5017/4/2 5243/4/2 5275/4/2 5032/4/2
f 5031/4/1 5030/4/1 5276/4/1 5240/4/1
f 5021/2/2 5246/2/2 5277/2/2 5033/2/2
f 5018/2/1 5034/2/1 5278/2/1 5244/2/1
f 5025/5/1 5035/5/1 5279/5/1 5251/5/1
f 5035/5/4 5037/5/4 5280/5/4 5279/5/4
f 5251/5/6 5279/5/6 5280/5/6 5281/5/6
f 5037/5/4 5039/5/4 5282/5/4 5280/5/4
f 5281/5/6 5280/5/6 5282/5/6 5283/5/6
f 5040/5/2 5261/5/2 5284/5/2 5041/5/2
f 5039/5/4 5041/5/4 5284/5/4 5282/5/4
f 5283/5/6 5282/5/6 5284/5/6 5261/5/6
f 5044/5/1 5045/5/1 5285/5/1 5264/5/1
f 5045/5/4 5048/5/4 5286/5/4 5285/5/4
f 5264/5/6 5285/5/6 5286/5/6 5287/5/6
f 5048/5/4 5051/5/4 5288/5/4 5286/5/4
f 5051/5/4 5054/5/4 5289/5/4 5288/5/4
f 5052/5/3 5271/5/3 5290/5/3 5055/5/3
f 5054/5/4 5056/5/4 5291/5/4 5289/5/4
f 5055/5/3 5290/5/3 5292/5/3 5057/5/3
f 5056/5/4 5077/5/4 5293/5/4 5291/5/4
f 5058/5/2 5294/5/2 5295/5/2 5060/5/2
f 5057/5/3 5292/5/3 5294/5/3 5058/5/3
f 5292/5/6 5293/5/6 5295/5/6 5294/5/6
f 5027/4/1 5064/4/1 5296/4/1 5273/4/1
f 5064/4/4 5065/4/4 5297/4/4 5296/4/4
f 5029/4/3 5274/4/3 5276/4/3 5030/4/3
f 5032/4/3 5275/4/3 5298/4/3 5066/4/3
f 5066/4/3 5298/4/3 5299/4/3 5067/4/3
f 5298/4/6 5300/4/6 5301/4/6 5299/4/6
f 5070/4/2 5302/4/2 5303/4/2 5071/4/2
f 5067/4/3 5299/4/3 5302/4/3 5070/4/3
f 5299/4/6 5301/4/6 5303/4/6 5302/4/6
f 5033/2/2 5277/2/2 5304/2/2 5073/2/2
f 5034/2/1 5074/2/1 5305/2/1 5278/2/1
f 5077/11/1 5076/11/1 5306/11/1 5293/11/1
f 5293/11/6 5306/11/6 5307/11/6 5295/11/6
f 5060/5/3 5295/5/3 5308/5/3 5061/5/3
f 5295/5/6 5307/5/6 5309/5/6 5308/5/6
f 5061/5/3 5308/5/3 5310/5/3 5063/5/3
f 5308/5/6 5309/5/6 5311/5/6 5310/5/6
f 5078/5/2 5312/5/2 5313/5/2 5079/5/2
f 5063/5/3 5310/5/3 5312/5/3 5078/5/3
f 5080/5/4 5079/5/4 5313/5/4 5311/5/4
f 5310/5/6 5311/5/6 5313/5/6 5312/5/6
f 5065/4/1 5081/4/1 5314/4/1 5297/4/1
f 5081/4/4 5118/4/4 5315/4/4 5314/4/4
f 5071/4/2 5303/4/2 5316/4/2 5088/4/2
f 5121/4/4 5088/4/4 5316/4/4 5317/4/4
f 5301/4/6 5317/4/6 5316/4/6 5303/4/6
f 5073/2/2 5304/2/2 5318/2/2 5089/2/2
f 5074/2/1 5090/2/1 5319/2/1 5305/2/1
f 5103/5/1 5104/5/1 5320/5/1 5321/5/1
f 5103/5/3 5321/5/3 5322/5/3 5105/5/3
f 5321/5/6 5320/5/6 5323/5/6 5322/5/6
f 5107/5/2 5324/5/2 5325/5/2 5108/5/2
f 5105/5/3 5322/5/3 5324/5/3 5107/5/3
f 5322/5/6 5323/5/6 5325/5/6 5324/5/6
f 5075/5/2 5326/5/2 5327/5/2 5111/5/2
f 5109/5/1 5110/5/1 5328/5/1 5329/5/1
f 5109/5/3 5329/5/3 5326/5/3 5075/5/3
f 5076/5/1 5112/5/1 5330/5/1 5306/5/1
f 5112/5/4 5114/5/4 5331/5/4 5330/5/4
f 5306/5/6 5330/5/6 5331/5/6 5307/5/6
f 5114/5/4 5113/5/4 5332/5/4 5331/5/4
f 5307/5/6 5331/5/6 5332/5/6 5309/5/6
f 5080/11/2 5311/11/2 5333/11/2 5115/11/2
f 5113/11/4 5115/11/4 5333/11/4 5332/11/4
f 5309/11/6 5332/11/6 5333/11/6 5311/11/6
f 5118/4/1 5117/4/1 5334/4/1 5315/4/1
f 5315/4/6 5334/4/6 5335/4/6 5336/4/6
f 5083/4/5 5082/4/5 5120/4/5 5119/4/5
f 5121/4/2 5317/4/2 5337/4/2 5122/4/2
f 5338/4/6 5339/4/6 5337/4/6 5317/4/6
f 5089/2/2 5318/2/2 5340/2/2 5126/2/2
f 5090/2/1 5127/2/1 5341/2/1 5319/2/1
f 5094/5/1 5128/5/1 5342/5/1 5343/5/1
f 5094/5/3 5343/5/3 5344/5/3 5096/5/3
f 5128/5/4 5345/5/4 5346/5/4 5342/5/4
f 5094/5/5 5096/5/5 5345/5/5 5128/5/5
f 5096/5/3 5344/5/3 5347/5/3 5099/5/3
f 5345/5/4 5348/5/4 5349/5/4 5346/5/4
f 5096/5/5 5099/5/5 5348/5/5 5345/5/5
f 5099/5/3 5347/5/3 5350/5/3 5102/5/3
f 5348/5/4 5351/5/4 5352/5/4 5349/5/4
f 5099/5/5 5102/5/5 5351/5/5 5348/5/5
f 5102/5/3 5350/5/3 5320/5/3 5104/5/3
f 5351/5/4 5353/5/4 5354/5/4 5352/5/4
f 5102/5/5 5104/5/5 5353/5/5 5351/5/5
f 5353/5/4 5355/5/4 5356/5/4 5354/5/4
f 5104/5/5 5106/5/5 5355/5/5 5353/5/5
f 5355/5/4 5132/5/4 5357/5/4 5356/5/4
f 5106/5/5 5108/5/5 5132/5/5 5355/5/5
f 5108/8/3 5325/8/3 5328/8/3 5110/8/3
f 5132/8/4 5133/8/4 5358/8/4 5357/8/4
f 5133/8/4 5134/8/4 5359/8/4 5358/8/4
f 5112/5/2 5330/5/2 5360/5/2 5135/5/2
f 5111/5/3 5327/5/3 5330/5/3 5112/5/3
f 5134/5/4 5135/5/4 5360/5/4 5359/5/4
f 5117/4/1 5139/4/1 5361/4/1 5334/4/1
f 5139/4/4 5140/4/4 5362/4/4 5361/4/4
f 5334/4/6 5361/4/6 5362/4/6 5335/4/6
f 5122/4/2 5337/4/2 5363/4/2 5141/4/2
f 5339/4/6 5364/4/6 5363/4/6 5337/4/6
f 5127/2/1 5145/2/1 5365/2/1 5341/2/1
f 5126/1/3 5340/1/3 5366/1/3 5146/1/3
f 5149/1/4 5148/1/4 5367/1/4 5368/1/4
f 5146/1/3 5366/1/3 5369/1/3 5150/1/3
f 5148/1/4 5152/1/4 5370/1/4 5367/1/4
f 5150/1/3 5369/1/3 5371/1/3 5130/1/3
f 5152/1/4 5154/1/4 5372/1/4 5370/1/4
f 5128/3/2 5342/3/2 5373/3/2 5155/3/2
f 5130/3/3 5371/3/3 5342/3/3 5128/3/3
f 5154/3/4 5155/3/4 5373/3/4 5372/3/4
f 5140/4/1 5157/4/1 5374/4/1 5362/4/1
f 5362/4/6 5374/4/6 5375/4/6 5364/4/6
f 5141/4/2 5363/4/2 5376/4/2 5159/4/2
f 5166/4/4 5159/4/4 5376/4/4 5375/4/4
f 5149/1/2 5368/1/2 5377/1/2 5160/1/2
f 5145/1/1 5163/1/1 5378/1/1 5365/1/1
f 5163/1/4 5160/1/4 5377/1/4 5378/1/4
f 5166/4/2 5375/4/2 5379/4/2 5167/4/2
f 5157/4/1 5164/4/1 5380/4/1 5374/4/1
f 5164/4/1 5169/4/1 5381/4/1 5380/4/1
f 5169/4/4 5170/4/4 5382/4/4 5381/4/4
f 5165/4/2 5383/4/2 5384/4/2 5171/4/2
f 5167/4/3 5379/4/3 5383/4/3 5165/4/3
f 5170/4/4 5171/4/4 5384/4/4 5382/4/4
f 5174/4/2 5385/4/2 5386/4/2 5175/4/2
f 5171/4/1 5173/4/1 5387/4/1 5384/4/1
f 5171/4/3 5384/4/3 5385/4/3 5174/4/3
f 5175/4/2 5386/4/2 5388/4/2 5176/4/2
f 5173/4/1 5177/4/1 5389/4/1 5387/4/1
f 5176/4/2 5388/4/2 5390/4/2 5178/4/2
f 5177/4/1 5179/4/1 5391/4/1 5389/4/1
f 5179/4/4 5178/4/4 5390/4/4 5391/4/4
f 5180/4/2 5392/4/2 5393/4/2 5181/4/2
f 5178/4/1 5183/4/1 5394/4/1 5390/4/1
f 5178/4/3 5390/4/3 5392/4/3 5180/4/3
f 5390/4/6 5394/4/6 5393/4/6 5392/4/6
f 5181/4/2 5393/4/2 5395/4/2 5185/4/2
f 5183/4/1 5396/4/1 5397/4/1 5394/4/1
f 5183/4/5 5181/4/5 5185/4/5 5396/4/5
f 5396/4/1 5398/4/1 5399/4/1 5397/4/1
f 5398/4/4 5193/4/4 5400/4/4 5399/4/4
f 5396/4/5 5185/4/5 5193/4/5 5398/4/5
f 5187/4/2 5401/4/2 5402/4/2 5195/4/2
f 5185/4/3 5395/4/3 5401/4/3 5187/4/3
f 5395/4/6 5400/4/6 5402/4/6 5401/4/6
f 5193/4/1 5403/4/1 5404/4/1 5400/4/1
f 5403/4/4 5405/4/4 5406/4/4 5404/4/4
f 5193/4/5 5195/4/5 5405/4/5 5403/4/5
f 5196/4/2 5407/4/2 5408/4/2 5409/4/2
f 5195/4/3 5402/4/3 5407/4/3 5196/4/3
f 5402/4/6 5406/4/6 5408/4/6 5407/4/6
f 5195/4/5 5196/4/5 5409/4/5 5405/4/5
f 5409/4/2 5408/4/2 5410/4/2 5411/4/2
f 5405/4/1 5412/4/1 5413/4/1 5406/4/1
f 5412/4/4 5411/4/4 5410/4/4 5413/4/4
f 5405/4/5 5409/4/5 5411/4/5 5412/4/5
f 5414/7/2 5415/7/2 5416/7/2 5417/7/2
f 5418/7/1 5419/7/1 5420/7/1 5421/7/1
f 5418/7/3 5421/7/3 5415/7/3 5414/7/3
f 5421/7/6 5420/7/6 5416/7/6 5415/7/6
f 5418/7/5 5414/7/5 5417/7/5 5419/7/5
f 5422/4/1 5423/4/1 5424/4/1 5425/4/1
f 5422/4/3 5425/4/3 5420/4/3 5419/4/3
f 5423/4/4 5426/4/4 5427/4/4 5424/4/4
f 5422/4/5 5419/4/5 5426/4/5 5423/4/5
f 5426/4/4 5428/4/4 5429/4/4 5427/4/4
f 5419/4/5 5417/4/5 5428/4/5 5426/4/5
f 5430/4/2 5431/4/2 5432/4/2 5204/4/2
f 5417/4/3 5416/4/3 5431/4/3 5430/4/3
f 5416/4/6 5429/4/6 5432/4/6 5431/4/6
f 5417/4/5 5430/4/5 5204/4/5 5428/4/5
f 5204/4/2 5432/4/2 5433/4/2 5203/4/2
f 5428/4/1 5434/4/1 5435/4/1 5429/4/1
f 5428/4/5 5204/4/5 5203/4/5 5434/4/5
f 5203/4/2 5433/4/2 5436/4/2 5207/4/2
f 5434/4/1 5437/4/1 5438/4/1 5435/4/1
f 5434/4/5 5203/4/5 5207/4/5 5437/4/5
f 5437/4/1 5211/4/1 5439/4/1 5438/4/1
f 5437/4/5 5207/4/5 5209/4/5 5211/4/5
f 5205/4/2 5440/4/2 5441/4/2 5208/4/2
f 5207/4/3 5436/4/3 5440/4/3 5205/4/3
f 5436/4/6 5442/4/6 5441/4/6 5440/4/6
f 5211/4/1 5210/4/1 5443/4/1 5439/4/1
f 5208/4/2 5441/4/2 5444/4/2 5212/4/2
f 5442/4/6 5445/4/6 5444/4/6 5441/4/6
f 5210/4/1 5213/4/1 5446/4/1 5443/4/1
f 5213/4/4 5214/4/4 5447/4/4 5446/4/4
f 5212/4/2 5444/4/2 5448/4/2 5217/4/2
f 5445/4/6 5447/4/6 5448/4/6 5444/4/6
f 5219/1/2 5449/1/2 5450/1/2 5220/1/2
f 5223/1/1 5222/1/1 5451/1/1 5452/1/1
f 5223/1/3 5452/1/3 5449/1/3 5219/1/3
f 5214/4/1 5224/4/1 5453/4/1 5447/4/1
f 5224/4/4 5239/4/4 5454/4/4 5453/4/4
f 5216/4/2 5455/4/2 5456/4/2 5228/4/2
f 5217/4/3 5448/4/3 5455/4/3 5216/4/3
f 5448/4/6 5454/4/6 5456/4/6 5455/4/6
f 5222/2/1 5229/2/1 5457/2/1 5451/2/1
f 5220/1/3 5450/1/3 5458/1/3 5230/1/3
f 5247/1/4 5248/1/4 5459/1/4 5460/1/4
f 5230/3/3 5458/3/3 5461/3/3 5232/3/3
f 5248/3/4 5250/3/4 5462/3/4 5459/3/4
f 5235/3/2 5463/3/2 5464/3/2 5236/3/2
f 5232/3/3 5461/3/3 5463/3/3 5235/3/3
f 5250/3/4 5236/3/4 5464/3/4 5462/3/4
f 5239/4/1 5238/4/1 5465/4/1 5454/4/1
f 5227/4/2 5466/4/2 5467/4/2 5240/4/2
f 5228/4/3 5456/4/3 5466/4/3 5227/4/3
f 5247/2/2 5460/2/2 5468/2/2 5246/2/2
f 5229/2/1 5244/2/1 5469/2/1 5457/2/1
f 5236/3/1 5251/3/1 5470/3/1 5464/3/1
f 5236/3/3 5464/3/3 5471/3/3 5252/3/3
f 5251/3/4 5281/3/4 5472/3/4 5470/3/4
f 5252/3/3 5471/3/3 5473/3/3 5254/3/3
f 5281/3/4 5283/3/4 5474/3/4 5472/3/4
f 5254/5/3 5473/5/3 5475/5/3 5256/5/3
f 5283/5/4 5261/5/4 5476/5/4 5474/5/4
f 5256/5/3 5475/5/3 5477/5/3 5258/5/3
f 5261/5/4 5260/5/4 5478/5/4 5476/5/4
f 5258/3/3 5477/3/3 5479/3/3 5262/3/3
f 5260/3/4 5264/3/4 5480/3/4 5478/3/4
f 5262/3/3 5479/3/3 5481/3/3 5265/3/3
f 5264/3/4 5287/3/4 5482/3/4 5480/3/4
f 5265/5/3 5481/5/3 5483/5/3 5267/5/3
f 5270/5/2 5484/5/2 5485/5/2 5271/5/2
f 5267/5/3 5483/5/3 5484/5/3 5270/5/3
f 5238/4/1 5273/4/1 5486/4/1 5465/4/1
f 5241/4/5 5240/4/5 5276/4/5 5274/4/5
f 5243/4/2 5487/4/2 5488/4/2 5275/4/2
f 5240/4/3 5467/4/3 5487/4/3 5243/4/3
f 5246/2/2 5468/2/2 5489/2/2 5277/2/2
f 5244/2/1 5278/2/1 5490/2/1 5469/2/1
f 5287/5/1 5286/5/1 5491/5/1 5482/5/1
f 5286/5/4 5288/5/4 5492/5/4 5491/5/4
f 5482/5/6 5491/5/6 5492/5/6 5493/5/6
f 5288/5/4 5289/5/4 5494/5/4 5492/5/4
f 5271/5/3 5485/5/3 5495/5/3 5290/5/3
f 5289/5/4 5291/5/4 5496/5/4 5494/5/4
f 5292/8/2 5497/8/2 5498/8/2 5293/8/2
f 5290/8/3 5495/8/3 5497/8/3 5292/8/3
f 5273/4/1 5296/4/1 5499/4/1 5486/4/1
f 5296/4/4 5297/4/4 5500/4/4 5499/4/4
f 5501/4/6 5500/4/6 5502/4/6 5503/4/6
f 5298/4/2 5504/4/2 5505/4/2 5300/4/2
f 5275/4/3 5488/4/3 5504/4/3 5298/4/3
f 5277/2/2 5489/2/2 5506/2/2 5304/2/2
f 5278/2/1 5305/2/1 5507/2/1 5490/2/1
f 5293/11/2 5498/11/2 5508/11/2 5306/11/2
f 5291/11/1 5326/11/1 5509/11/1 5496/11/1
f 5291/11/5 5293/11/5 5306/11/5 5326/11/5
f 5297/4/1 5314/4/1 5510/4/1 5500/4/1
f 5314/4/4 5315/4/4 5511/4/4 5510/4/4
f 5315/4/4 5336/4/4 5512/4/4 5511/4/4
f 5513/4/6 5512/4/6 5514/4/6 5505/4/6
f 5301/4/2 5515/4/2 5516/4/2 5317/4/2
f 5300/4/3 5505/4/3 5515/4/3 5301/4/3
f 5338/4/4 5317/4/4 5516/4/4 5514/4/4
f 5305/2/1 5319/2/1 5517/2/1 5507/2/1
f 5518/5/2 5519/5/2 5520/5/2 5521/5/2
f 5304/5/3 5506/5/3 5519/5/3 5518/5/3
f 5318/5/4 5521/5/4 5520/5/4 5522/5/4
f 5506/5/6 5522/5/6 5520/5/6 5519/5/6
f 5304/5/5 5518/5/5 5521/5/5 5318/5/5
f 5329/5/1 5328/5/1 5523/5/1 5524/5/1
f 5329/5/3 5524/5/3 5509/5/3 5326/5/3
f 5306/5/2 5508/5/2 5525/5/2 5330/5/2
f 5326/5/5 5306/5/5 5330/5/5 5327/5/5
f 5338/4/2 5514/4/2 5526/4/2 5339/4/2
f 5336/4/1 5335/4/1 5527/4/1 5512/4/1
f 5512/4/6 5527/4/6 5526/4/6 5514/4/6
f 5318/2/2 5522/2/2 5528/2/2 5340/2/2
f 5319/2/1 5341/2/1 5529/2/1 5517/2/1
f 5343/5/1 5342/5/1 5530/5/1 5531/5/1
f 5343/5/3 5531/5/3 5532/5/3 5344/5/3
f 5342/5/4 5346/5/4 5533/5/4 5530/5/4
f 5344/5/3 5532/5/3 5534/5/3 5347/5/3
f 5346/5/4 5349/5/4 5535/5/4 5533/5/4
f 5347/5/3 5534/5/3 5536/5/3 5350/5/3
f 5349/5/4 5352/5/4 5537/5/4 5535/5/4
f 5350/5/3 5536/5/3 5538/5/3 5320/5/3
f 5352/5/4 5354/5/4 5539/5/4 5537/5/4
f 5320/8/3 5538/8/3 5540/8/3 5323/8/3
f 5354/8/4 5356/8/4 5541/8/4 5539/8/4
f 5323/8/3 5540/8/3 5542/8/3 5325/8/3
f 5356/8/4 5357/8/4 5543/8/4 5541/8/4
f 5325/8/3 5542/8/3 5523/8/3 5328/8/3
f 5357/8/4 5358/8/4 5544/8/4 5543/8/4
f 5358/5/4 5359/5/4 5545/5/4 5544/5/4
f 5523/5/6 5544/5/6 5545/5/6 5546/5/6
f 5330/5/2 5525/5/2 5547/5/2 5360/5/2
f 5359/5/4 5360/5/4 5547/5/4 5545/5/4
f 5546/5/6 5545/5/6 5547/5/6 5525/5/6
f 5339/4/2 5526/4/2 5548/4/2 5364/4/2
f 5335/4/1 5362/4/1 5549/4/1 5527/4/1
f 5362/4/4 5364/4/4 5548/4/4 5549/4/4
f 5527/4/6 5549/4/6 5548/4/6 5526/4/6
f 5341/2/1 5365/2/1 5550/2/1 5529/2/1
f 5340/1/3 5528/1/3 5551/1/3 5366/1/3
f 5368/1/4 5367/1/4 5552/1/4 5553/1/4
f 5366/1/3 5551/1/3 5554/1/3 5369/1/3
f 5367/1/4 5370/1/4 5555/1/4 5552/1/4
f 5369/1/3 5554/1/3 5556/1/3 5371/1/3
f 5370/1/4 5372/1/4 5557/1/4 5555/1/4
f 5342/3/2 5530/3/2 5558/3/2 5373/3/2
f 5371/3/3 5556/3/3 5530/3/3 5342/3/3
f 5372/3/4 5373/3/4 5558/3/4 5557/3/4
f 5363/4/2 5559/4/2 5560/4/2 5376/4/2
f 5364/4/1 5375/4/1 5561/4/1 5548/4/1
f 5364/4/3 5548/4/3 5559/4/3 5363/4/3
f 5375/4/4 5376/4/4 5560/4/4 5561/4/4
f 5368/1/2 5553/1/2 5562/1/2 5377/1/2
f 5365/1/1 5378/1/1 5563/1/1 5550/1/1
f 5378/1/4 5377/1/4 5562/1/4 5563/1/4
f 5375/4/2 5561/4/2 5564/4/2 5379/4/2
f 5374/4/1 5380/4/1 5565/4/1 5566/4/1
f 5374/4/3 5566/4/3 5561/4/3 5375/4/3
f 5566/4/6 5565/4/6 5564/4/6 5561/4/6
f 5380/4/1 5381/4/1 5567/4/1 5565/4/1
f 5381/4/4 5382/4/4 5568/4/4 5567/4/4
f 5565/4/6 5567/4/6 5568/4/6 5564/4/6
f 5383/4/2 5569/4/2 5570/4/2 5384/4/2
f 5379/4/3 5564/4/3 5569/4/3 5383/4/3
f 5382/4/4 5384/4/4 5570/4/4 5568/4/4
f 5385/4/2 5571/4/2 5572/4/2 5386/4/2
f 5384/4/1 5387/4/1 5573/4/1 5570/4/1
f 5384/4/3 5570/4/3 5571/4/3 5385/4/3
f 5386/4/2 5572/4/2 5574/4/2 5388/4/2
f 5387/4/1 5389/4/1 5575/4/1 5573/4/1
f 5388/4/2 5574/4/2 5576/4/2 5390/4/2
f 5389/4/1 5391/4/1 5577/4/1 5575/4/1
f 5390/4/2 5576/4/2 5578/4/2 5394/4/2
f 5391/4/1 5579/4/1 5580/4/1 5577/4/1
f 5579/4/4 5394/4/4 5578/4/4 5580/4/4
f 5391/4/5 5390/4/5 5394/4/5 5579/4/5
f 5393/7/2 5581/7/2 5582/7/2 5395/7/2
f 5394/7/1 5397/7/1 5583/7/1 5578/7/1
f 5394/7/3 5578/7/3 5581/7/3 5393/7/3
f 5395/4/2 5582/4/2 5584/4/2 5400/4/2
f 5397/4/1 5399/4/1 5585/4/1 5583/4/1
f 5399/4/1 5586/4/1 5587/4/1 5585/4/1
f 5586/4/4 5404/4/4 5588/4/4 5587/4/4
f 5399/4/5 5400/4/5 5404/4/5 5586/4/5
f 5402/7/2 5589/7/2 5590/7/2 5406/7/2
f 5400/7/3 5584/7/3 5589/7/3 5402/7/3
f 5404/4/1 5591/4/1 5592/4/1 5588/4/1
f 5591/4/4 5413/4/4 5593/4/4 5592/4/4
f 5404/4/5 5406/4/5 5413/4/5 5591/4/5
f 5408/4/2 5594/4/2 5595/4/2 5410/4/2
f 5406/4/3 5590/4/3 5594/4/3 5408/4/3
f 5413/4/4 5410/4/4 5595/4/4 5593/4/4
f 5596/4/2 5597/4/2 5598/4/2 5415/4/2
f 5599/4/1 5421/4/1 5600/4/1 5601/4/1
f 5599/4/3 5601/4/3 5597/4/3 5596/4/3
f 5421/4/4 5415/4/4 5598/4/4 5600/4/4
f 5599/4/5 5596/4/5 5415/4/5 5421/4/5
f 5421/4/2 5600/4/2 5602/4/2 5420/4/2
f 5603/4/1 5425/4/1 5604/4/1 5605/4/1
f 5603/4/3 5605/4/3 5600/4/3 5421/4/3
f 5603/4/5 5421/4/5 5420/4/5 5425/4/5
f 5425/4/1 5424/4/1 5606/4/1 5604/4/1
f 5424/4/4 5427/4/4 5607/4/4 5606/4/4
f 5416/4/2 5608/4/2 5609/4/2 5429/4/2
f 5420/4/3 5602/4/3 5608/4/3 5416/4/3
f 5602/4/6 5607/4/6 5609/4/6 5608/4/6
f 5427/4/1 5610/4/1 5611/4/1 5607/4/1
f 5610/4/4 5435/4/4 5612/4/4 5611/4/4
f 5607/4/6 5611/4/6 5612/4/6 5609/4/6
f 5427/4/5 5429/4/5 5435/4/5 5610/4/5
f 5432/4/2 5613/4/2 5614/4/2 5433/4/2
f 5429/4/3 5609/4/3 5613/4/3 5432/4/3
f 5609/4/6 5612/4/6 5614/4/6 5613/4/6
f 5433/4/2 5614/4/2 5615/4/2 5436/4/2
f 5435/4/1 5438/4/1 5616/4/1 5612/4/1
f 5436/4/2 5615/4/2 5617/4/2 5442/4/2
f 5438/4/1 5439/4/1 5618/4/1 5616/4/1
f 5442/4/2 5617/4/2 5619/4/2 5445/4/2
f 5439/4/1 5443/4/1 5620/4/1 5618/4/1
f 5445/4/2 5619/4/2 5621/4/2 5447/4/2
f 5443/4/1 5446/4/1 5622/4/1 5620/4/1
f 5446/4/4 5447/4/4 5621/4/4 5622/4/4
f 5449/1/2 5623/1/2 5624/1/2 5450/1/2
f 5452/1/1 5451/1/1 5625/1/1 5626/1/1
f 5452/1/3 5626/1/3 5623/1/3 5449/1/3
f 5448/4/2 5627/4/2 5628/4/2 5454/4/2
f 5447/4/1 5453/4/1 5629/4/1 5621/4/1
f 5447/4/3 5621/4/3 5627/4/3 5448/4/3
f 5453/4/4 5454/4/4 5628/4/4 5629/4/4
f 5451/2/1 5457/2/1 5630/2/1 5625/2/1
f 5450/1/3 5624/1/3 5631/1/3 5458/1/3
f 5458/1/3 5631/1/3 5632/1/3 5461/1/3
f 5459/1/4 5462/1/4 5633/1/4 5634/1/4
f 5463/3/2 5635/3/2 5636/3/2 5464/3/2
f 5461/3/3 5632/3/3 5635/3/3 5463/3/3
f 5462/3/4 5464/3/4 5636/3/4 5633/3/4
f 5454/4/1 5465/4/1 5637/4/1 5628/4/1
f 5454/4/3 5628/4/3 5638/4/3 5456/4/3
f 5466/4/2 5639/4/2 5640/4/2 5467/4/2
f 5456/4/3 5638/4/3 5639/4/3 5466/4/3
f 5638/4/6 5641/4/6 5640/4/6 5639/4/6
f 5457/2/1 5469/2/1 5642/2/1 5630/2/1
f 5459/5/2 5634/5/2 5643/5/2 5644/5/2
f 5468/5/4 5644/5/4 5643/5/4 5645/5/4
f 5646/5/6 5645/5/6 5643/5/6 5634/5/6
f 5460/5/5 5459/5/5 5644/5/5 5468/5/5
f 5464/3/1 5470/3/1 5647/3/1 5636/3/1
f 5464/3/3 5636/3/3 5648/3/3 5471/3/3
f 5470/3/4 5472/3/4 5649/3/4 5647/3/4
f 5471/3/3 5648/3/3 5650/3/3 5473/3/3
f 5472/3/4 5474/3/4 5651/3/4 5649/3/4
f 5473/3/3 5650/3/3 5652/3/3 5475/3/3
f 5474/3/4 5476/3/4 5653/3/4 5651/3/4
f 5475/5/3 5652/5/3 5654/5/3 5477/5/3
f 5476/5/4 5478/5/4 5655/5/4 5653/5/4
f 5477/5/3 5654/5/3 5656/5/3 5479/5/3
f 5478/5/4 5480/5/4 5657/5/4 5655/5/4
f 5654/5/6 5655/5/6 5657/5/6 5656/5/6
f 5479/5/3 5656/5/3 5658/5/3 5481/5/3
f 5480/5/4 5482/5/4 5659/5/4 5657/5/4
f 5656/5/6 5657/5/6 5659/5/6 5658/5/6
f 5481/5/3 5658/5/3 5660/5/3 5483/5/3
f 5482/5/4 5493/5/4 5661/5/4 5659/5/4
f 5658/5/6 5659/5/6 5661/5/6 5660/5/6
f 5484/8/2 5662/8/2 5663/8/2 5485/8/2
f 5483/8/3 5660/8/3 5662/8/3 5484/8/3
f 5660/8/6 5661/8/6 5663/8/6 5662/8/6
f 5465/4/1 5486/4/1 5664/4/1 5637/4/1
f 5637/4/6 5664/4/6 5665/4/6 5641/4/6
f 5501/4/4 5503/4/4 5666/4/4 5665/4/4
f 5641/4/6 5665/4/6 5666/4/6 5640/4/6
f 5487/4/2 5667/4/2 5668/4/2 5488/4/2
f 5467/4/3 5640/4/3 5667/4/3 5487/4/3
f 5640/4/6 5666/4/6 5668/4/6 5667/4/6
f 5468/2/2 5645/2/2 5669/2/2 5489/2/2
f 5469/2/1 5490/2/1 5670/2/1 5642/2/1
f 5493/5/1 5492/5/1 5671/5/1 5661/5/1
f 5485/8/3 5663/8/3 5672/8/3 5495/8/3
f 5663/8/6 5673/8/6 5674/8/6 5672/8/6
f 5497/8/2 5675/8/2 5676/8/2 5498/8/2
f 5495/8/3 5672/8/3 5675/8/3 5497/8/3
f 5672/8/6 5674/8/6 5676/8/6 5675/8/6
f 5501/4/2 5665/4/2 5677/4/2 5500/4/2
f 5486/4/1 5499/4/1 5678/4/1 5664/4/1
f 5664/4/6 5678/4/6 5677/4/6 5665/4/6
f 5503/4/1 5502/4/1 5679/4/1 5666/4/1
f 5666/4/6 5679/4/6 5680/4/6 5668/4/6
f 5504/4/2 5681/4/2 5682/4/2 5505/4/2
f 5488/4/3 5668/4/3 5681/4/3 5504/4/3
f 5513/4/4 5505/4/4 5682/4/4 5680/4/4
f 5668/4/6 5680/4/6 5682/4/6 5681/4/6
f 5489/2/2 5669/2/2 5683/2/2 5506/2/2
f 5490/2/1 5507/2/1 5684/2/1 5670/2/1
f 5492/5/1 5685/5/1 5686/5/1 5671/5/1
f 5685/5/4 5524/5/4 5687/5/4 5686/5/4
f 5492/5/5 5494/5/5 5524/5/5 5685/5/5
f 5673/5/6 5687/5/6 5688/5/6 5674/5/6
f 5494/5/5 5496/5/5 5509/5/5 5524/5/5
f 5498/5/2 5676/5/2 5689/5/2 5508/5/2
f 5674/5/6 5688/5/6 5689/5/6 5676/5/6
f 5690/9/1 5691/9/1 5692/9/1 5693/9/1
f 5690/9/3 5693/9/3 5694/9/3 5695/9/3
f 5691/9/4 5696/9/4 5697/9/4 5692/9/4
f 5693/9/6 5692/9/6 5697/9/6 5694/9/6
f 5690/9/5 5695/9/5 5696/9/5 5691/9/5
f 5695/6/3 5694/6/3 5678/6/3 5499/6/3
f 5696/6/4 5698/6/4 5699/6/4 5697/6/4
f 5694/6/6 5697/6/6 5699/6/6 5678/6/6
f 5695/6/5 5499/6/5 5698/6/5 5696/6/5
f 5698/6/4 5510/6/4 5700/6/4 5699/6/4
f 5678/6/6 5699/6/6 5700/6/6 5677/6/6
f 5499/6/5 5500/6/5 5510/6/5 5698/6/5
f 5500/6/3 5677/6/3 5679/6/3 5502/6/3
f 5510/6/4 5511/6/4 5701/6/4 5700/6/4
f 5677/6/6 5700/6/6 5701/6/6 5679/6/6
f 5513/9/2 5680/9/2 5702/9/2 5512/9/2
f 5511/9/4 5512/9/4 5702/9/4 5701/9/4
f 5679/9/6 5701/9/6 5702/9/6 5680/9/6
f 5515/4/2 5703/4/2 5704/4/2 5516/4/2
f 5505/4/1 5514/4/1 5705/4/1 5682/4/1
f 5505/4/3 5682/4/3 5703/4/3 5515/4/3
f 5682/4/6 5705/4/6 5704/4/6 5703/4/6
f 5506/2/2 5683/2/2 5706/2/2 5522/2/2
f 5507/2/1 5517/2/1 5707/2/1 5684/2/1
f 5708/5/2 5709/5/2 5710/5/2 5532/5/2
f 5711/5/1 5531/5/1 5712/5/1 5713/5/1
f 5711/5/3 5713/5/3 5709/5/3 5708/5/3
f 5711/5/5 5708/5/5 5532/5/5 5531/5/5
f 5524/5/1 5523/5/1 5714/5/1 5687/5/1
f 5523/5/4 5546/5/4 5715/5/4 5714/5/4
f 5687/5/6 5714/5/6 5715/5/6 5688/5/6
f 5508/5/2 5689/5/2 5716/5/2 5525/5/2
f 5546/5/4 5525/5/4 5716/5/4 5715/5/4
f 5688/5/6 5715/5/6 5716/5/6 5689/5/6
f 5516/4/2 5704/4/2 5717/4/2 5718/4/2
f 5514/4/1 5526/4/1 5719/4/1 5705/4/1
f 5705/4/6 5719/4/6 5717/4/6 5704/4/6
f 5514/4/5 5516/4/5 5718/4/5 5526/4/5
f 5522/2/2 5706/2/2 5720/2/2 5528/2/2
f 5517/2/1 5529/2/1 5721/2/1 5707/2/1
f 5531/5/1 5530/5/1 5722/5/1 5712/5/1
f 5530/5/4 5533/5/4 5723/5/4 5722/5/4
f 5712/5/6 5722/5/6 5723/5/6 5710/5/6
f 5532/5/3 5710/5/3 5724/5/3 5534/5/3
f 5533/5/4 5535/5/4 5725/5/4 5723/5/4
f 5710/5/6 5723/5/6 5725/5/6 5724/5/6
f 5534/5/3 5724/5/3 5726/5/3 5536/5/3
f 5535/5/4 5537/5/4 5727/5/4 5725/5/4
f 5724/5/6 5725/5/6 5727/5/6 5726/5/6
f 5536/5/3 5726/5/3 5728/5/3 5538/5/3
f 5537/5/4 5539/5/4 5729/5/4 5727/5/4
f 5726/5/6 5727/5/6 5729/5/6 5728/5/6
f 5538/3/3 5728/3/3 5730/3/3 5540/3/3
f 5539/3/4 5541/3/4 5731/3/4 5729/3/4
f 5728/3/6 5729/3/6 5731/3/6 5730/3/6
f 5540/5/3 5730/5/3 5732/5/3 5542/5/3
f 5541/5/4 5543/5/4 5733/5/4 5731/5/4
f 5730/5/6 5731/5/6 5733/5/6 5732/5/6
f 5523/5/2 5714/5/2 5734/5/2 5544/5/2
f 5542/5/3 5732/5/3 5714/5/3 5523/5/3
f 5543/5/4 5544/5/4 5734/5/4 5733/5/4
f 5732/5/6 5733/5/6 5734/5/6 5714/5/6
f 5718/4/2 5717/4/2 5735/4/2 5559/4/2
f 5526/4/1 5548/4/1 5736/4/1 5719/4/1
f 5719/4/6 5736/4/6 5735/4/6 5717/4/6
f 5526/4/5 5718/4/5 5559/4/5 5548/4/5
f 5529/2/1 5550/2/1 5737/2/1 5721/2/1
f 5528/1/3 5720/1/3 5738/1/3 5551/1/3
f 5553/1/4 5552/1/4 5739/1/4 5740/1/4
f 5720/1/6 5740/1/6 5739/1/6 5738/1/6
f 5551/1/3 5738/1/3 5741/1/3 5554/1/3
f 5552/1/4 5555/1/4 5742/1/4 5739/1/4
f 5738/1/6 5739/1/6 5742/1/6 5741/1/6
f 5554/3/3 5741/3/3 5743/3/3 5556/3/3
f 5555/3/4 5557/3/4 5744/3/4 5742/3/4
f 5741/3/6 5742/3/6 5744/3/6 5743/3/6
f 5530/5/2 5722/5/2 5745/5/2 5558/5/2
f 5556/5/3 5743/5/3 5722/5/3 5530/5/3
f 5557/5/4 5558/5/4 5745/5/4 5744/5/4
f 5743/5/6 5744/5/6 5745/5/6 5722/5/6
f 5559/4/2 5735/4/2 5746/4/2 5560/4/2
f 5548/4/1 5561/4/1 5747/4/1 5736/4/1
f 5553/1/2 5740/1/2 5748/1/2 5562/1/2
f 5550/1/1 5563/1/1 5749/1/1 5737/1/1
f 5563/1/4 5562/1/4 5748/1/4 5749/1/4
f 5737/1/6 5749/1/6 5748/1/6 5740/1/6
f 5561/4/1 5564/4/1 5750/4/1 5747/4/1
f 5747/4/6 5750/4/6 5751/4/6 5746/4/6
f 5561/4/5 5560/4/5 5569/4/5 5564/4/5
f 5752/4/2 5753/4/2 5754/4/2 5755/4/2
f 5560/4/3 5746/4/3 5753/4/3 5752/4/3
f 5569/4/4 5755/4/4 5754/4/4 5751/4/4
f 5560/4/5 5752/4/5 5755/4/5 5569/4/5
f 5569/4/2 5751/4/2 5756/4/2 5570/4/2
f 5564/4/1 5568/4/1 5757/4/1 5750/4/1
f 5568/4/4 5570/4/4 5756/4/4 5757/4/4
f 5750/4/6 5757/4/6 5756/4/6 5751/4/6
f 5571/4/2 5758/4/2 5759/4/2 5572/4/2
f 5570/4/1 5573/4/1 5760/4/1 5756/4/1
f 5570/4/3 5756/4/3 5758/4/3 5571/4/3
f 5572/4/2 5759/4/2 5761/4/2 5574/4/2
f 5573/4/1 5575/4/1 5762/4/1 5760/4/1
f 5760/4/6 5762/4/6 5761/4/6 5759/4/6
f 5574/4/2 5761/4/2 5763/4/2 5576/4/2
f 5575/4/1 5577/4/1 5764/4/1 5762/4/1
f 5762/4/6 5764/4/6 5763/4/6 5761/4/6
f 5576/4/2 5763/4/2 5765/4/2 5578/4/2
f 5577/4/1 5580/4/1 5766/4/1 5764/4/1
f 5580/4/4 5578/4/4 5765/4/4 5766/4/4
f 5764/4/6 5766/4/6 5765/4/6 5763/4/6
f 5581/4/2 5767/4/2 5768/4/2 5582/4/2
f 5578/4/1 5583/4/1 5769/4/1 5765/4/1
f 5578/4/3 5765/4/3 5767/4/3 5581/4/3
f 5582/4/2 5768/4/2 5770/4/2 5584/4/2
f 5583/4/1 5585/4/1 5771/4/1 5769/4/1
f 5585/4/1 5587/4/1 5772/4/1 5771/4/1
f 5589/4/2 5773/4/2 5774/4/2 5590/4/2
f 5584/4/3 5770/4/3 5773/4/3 5589/4/3
f 5587/4/1 5775/4/1 5776/4/1 5772/4/1
f 5775/4/4 5592/4/4 5777/4/4 5776/4/4
f 5587/4/5 5588/4/5 5592/4/5 5775/4/5
f 5592/4/4 5593/4/4 5778/4/4 5777/4/4
f 5594/4/2 5779/4/2 5780/4/2 5595/4/2
f 5590/4/3 5774/4/3 5779/4/3 5594/4/3
f 5774/4/6 5778/4/6 5780/4/6 5779/4/6
f 5595/4/2 5780/4/2 5781/4/2 5782/4/2
f 5593/4/1 5783/4/1 5784/4/1 5778/4/1
f 5783/4/4 5782/4/4 5781/4/4 5784/4/4
f 5778/4/6 5784/4/6 5781/4/6 5780/4/6
f 5593/4/5 5595/4/5 5782/4/5 5783/4/5
f 5597/4/2 5785/4/2 5786/4/2 5598/4/2
f 5601/4/1 5600/4/1 5787/4/1 5788/4/1
f 5601/4/3 5788/4/3 5785/4/3 5597/4/3
f 5600/4/4 5598/4/4 5786/4/4 5787/4/4
f 5600/7/2 5787/7/2 5789/7/2 5602/7/2
f 5605/7/1 5604/7/1 5790/7/1 5791/7/1
f 5605/7/3 5791/7/3 5787/7/3 5600/7/3
f 5602/4/2 5789/4/2 5792/4/2 5607/4/2
f 5604/4/1 5606/4/1 5793/4/1 5790/4/1
f 5607/4/2 5792/4/2 5794/4/2 5611/4/2
f 5606/4/1 5795/4/1 5796/4/1 5793/4/1
f 5795/4/4 5611/4/4 5794/4/4 5796/4/4
f 5606/4/5 5607/4/5 5611/4/5 5795/4/5
f 5611/4/1 5797/4/1 5798/4/1 5794/4/1
f 5611/4/3 5794/4/3 5799/4/3 5612/4/3
f 5797/4/4 5616/4/4 5800/4/4 5798/4/4
f 5611/4/5 5612/4/5 5616/4/5 5797/4/5
f 5614/7/2 5801/7/2 5802/7/2 5615/7/2
f 5612/7/3 5799/7/3 5801/7/3 5614/7/3
f 5799/7/6 5800/7/6 5802/7/6 5801/7/6
f 5615/4/2 5802/4/2 5803/4/2 5617/4/2
f 5616/4/1 5618/4/1 5804/4/1 5800/4/1
f 5617/4/2 5803/4/2 5805/4/2 5619/4/2
f 5618/4/1 5620/4/1 5806/4/1 5804/4/1
f 5620/4/1 5622/4/1 5807/4/1 5806/4/1
f 5622/4/4 5621/4/4 5808/4/4 5807/4/4
f 5806/4/6 5807/4/6 5808/4/6 5805/4/6
f 5809/4/2 5810/4/2 5811/4/2 5627/4/2
f 5619/4/3 5805/4/3 5810/4/3 5809/4/3
f 5805/4/6 5808/4/6 5811/4/6 5810/4/6
f 5619/4/5 5809/4/5 5627/4/5 5621/4/5
f 5623/1/2 5812/1/2 5813/1/2 5624/1/2
f 5626/1/1 5625/1/1 5814/1/1 5815/1/1
f 5626/1/3 5815/1/3 5812/1/3 5623/1/3
f 5815/1/6 5814/1/6 5813/1/6 5812/1/6
f 5627/4/2 5811/4/2 5816/4/2 5628/4/2
f 5621/4/1 5629/4/1 5817/4/1 5808/4/1
f 5629/4/4 5628/4/4 5816/4/4 5817/4/4
f 5808/4/6 5817/4/6 5816/4/6 5811/4/6
f 5625/2/1 5630/2/1 5818/2/1 5814/2/1
f 5624/1/3 5813/1/3 5819/1/3 5631/1/3
f 5646/1/4 5634/1/4 5820/1/4 5821/1/4
f 5813/1/6 5821/1/6 5820/1/6 5819/1/6
f 5631/3/3 5819/3/3 5822/3/3 5632/3/3
f 5634/3/4 5633/3/4 5823/3/4 5820/3/4
f 5819/3/6 5820/3/6 5823/3/6 5822/3/6
f 5635/3/2 5824/3/2 5825/3/2 5636/3/2
f 5632/3/3 5822/3/3 5824/3/3 5635/3/3
f 5633/3/4 5636/3/4 5825/3/4 5823/3/4
f 5822/3/6 5823/3/6 5825/3/6 5824/3/6
f 5638/4/2 5826/4/2 5827/4/2 5641/4/2
f 5628/4/1 5637/4/1 5828/4/1 5816/4/1
f 5628/4/3 5816/4/3 5826/4/3 5638/4/3
f 5637/4/4 5641/4/4 5827/4/4 5828/4/4
f 5816/4/6 5828/4/6 5827/4/6 5826/4/6
f 5646/2/2 5821/2/2 5829/2/2 5645/2/2
f 5630/2/1 5642/2/1 5830/2/1 5818/2/1
f 5636/3/1 5647/3/1 5831/3/1 5825/3/1
f 5636/3/3 5825/3/3 5832/3/3 5648/3/3
f 5825/3/6 5831/3/6 5833/3/6 5832/3/6
f 5648/3/3 5832/3/3 5834/3/3 5650/3/3
f 5832/3/6 5833/3/6 5835/3/6 5834/3/6
f 5650/3/3 5834/3/3 5836/3/3 5652/3/3
f 5834/3/6 5835/3/6 5837/3/6 5836/3/6
f 5654/5/2 5838/5/2 5839/5/2 5655/5/2
f 5652/5/3 5836/5/3 5838/5/3 5654/5/3
f 5836/5/6 5837/5/6 5839/5/6 5838/5/6
f 5645/2/2 5829/2/2 5840/2/2 5669/2/2
f 5642/2/1 5670/2/1 5841/2/1 5830/2/1
f 5647/3/1 5842/3/1 5843/3/1 5831/3/1
f 5831/3/6 5843/3/6 5844/3/6 5833/3/6
f 5647/3/5 5649/3/5 5845/3/5 5842/3/5
f 5833/3/6 5844/3/6 5846/3/6 5835/3/6
f 5649/3/5 5651/3/5 5847/3/5 5845/3/5
f 5835/3/6 5846/3/6 5848/3/6 5837/3/6
f 5651/3/5 5653/3/5 5849/3/5 5847/3/5
f 5837/3/6 5848/3/6 5850/3/6 5839/3/6
f 5653/3/5 5655/3/5 5851/3/5 5849/3/5
f 5655/3/3 5839/3/3 5852/3/3 5657/3/3
f 5839/3/6 5850/3/6 5853/3/6 5852/3/6
f 5655/3/5 5657/3/5 5854/3/5 5851/3/5
f 5657/5/3 5852/5/3 5855/5/3 5659/5/3
f 5852/5/6 5853/5/6 5856/5/6 5855/5/6
f 5657/5/5 5659/5/5 5857/5/5 5854/5/5
f 5659/8/3 5855/8/3 5858/8/3 5661/8/3
f 5855/8/6 5856/8/6 5859/8/6 5858/8/6
f 5659/8/5 5661/8/5 5671/8/5 5857/8/5
f 5663/8/2 5860/8/2 5861/8/2 5673/8/2
f 5661/8/3 5858/8/3 5860/8/3 5663/8/3
f 5858/8/6 5859/8/6 5861/8/6 5860/8/6
f 5669/2/2 5840/2/2 5862/2/2 5683/2/2
f 5670/2/1 5684/2/1 5863/2/1 5841/2/1
f 5842/3/1 5864/3/1 5865/3/1 5843/3/1
f 5843/3/6 5865/3/6 5866/3/6 5844/3/6
f 5842/3/5 5845/3/5 5713/3/5 5864/3/5
f 5844/5/6 5866/5/6 5867/5/6 5846/5/6
f 5845/5/5 5847/5/5 5709/5/5 5713/5/5
f 5846/5/6 5867/5/6 5868/5/6 5848/5/6
f 5847/5/5 5849/5/5 5869/5/5 5709/5/5
f 5848/5/6 5868/5/6 5870/5/6 5850/5/6
f 5849/5/5 5851/5/5 5871/5/5 5869/5/5
f 5850/5/6 5870/5/6 5872/5/6 5853/5/6
f 5851/5/5 5854/5/5 5873/5/5 5871/5/5
f 5853/5/6 5872/5/6 5874/5/6 5856/5/6
f 5854/5/5 5857/5/5 5875/5/5 5873/5/5
f 5856/5/6 5874/5/6 5876/5/6 5859/5/6
f 5857/5/5 5671/5/5 5686/5/5 5875/5/5
f 5673/5/2 5861/5/2 5877/5/2 5687/5/2
f 5859/5/6 5876/5/6 5877/5/6 5861/5/6
f 5683/2/2 5862/2/2 5878/2/2 5706/2/2
f 5684/2/1 5707/2/1 5879/2/1 5863/2/1
f 5864/5/1 5880/5/1 5881/5/1 5865/5/1
f 5864/5/5 5713/5/5 5712/5/5 5880/5/5
f 5712/3/4 5710/3/4 5882/3/4 5883/3/4
f 5866/3/6 5883/3/6 5882/3/6 5867/3/6
f 5710/3/4 5724/3/4 5884/3/4 5882/3/4
f 5867/3/6 5882/3/6 5884/3/6 5868/3/6
f 5709/3/5 5869/3/5 5724/3/5 5710/3/5
f 5724/3/4 5726/3/4 5885/3/4 5884/3/4
f 5868/3/6 5884/3/6 5885/3/6 5870/3/6
f 5869/3/5 5871/3/5 5726/3/5 5724/3/5
f 5726/3/4 5728/3/4 5886/3/4 5885/3/4
f 5870/3/6 5885/3/6 5886/3/6 5872/3/6
f 5871/3/5 5873/3/5 5728/3/5 5726/3/5
f 5728/3/4 5730/3/4 5887/3/4 5886/3/4
f 5872/3/6 5886/3/6 5887/3/6 5874/3/6
f 5873/3/5 5875/3/5 5730/3/5 5728/3/5
f 5730/5/4 5732/5/4 5888/5/4 5887/5/4
f 5874/5/6 5887/5/6 5888/5/6 5876/5/6
f 5875/5/5 5686/5/5 5732/5/5 5730/5/5
f 5687/11/2 5877/11/2 5889/11/2 5714/11/2
f 5732/11/4 5714/11/4 5889/11/4 5888/11/4
f 5876/11/6 5888/11/6 5889/11/6 5877/11/6
f 5686/11/5 5687/11/5 5714/11/5 5732/11/5
f 5707/2/1 5721/2/1 5890/2/1 5879/2/1
f 5706/1/3 5878/1/3 5891/1/3 5892/1/3
f 5720/1/4 5738/1/4 5893/1/4 5894/1/4
f 5878/1/6 5894/1/6 5893/1/6 5891/1/6
f 5706/1/5 5892/1/5 5738/1/5 5720/1/5
f 5892/1/3 5891/1/3 5895/1/3 5896/1/3
f 5738/1/4 5741/1/4 5897/1/4 5893/1/4
f 5891/1/6 5893/1/6 5897/1/6 5895/1/6
f 5892/1/5 5896/1/5 5741/1/5 5738/1/5
f 5896/3/3 5895/3/3 5881/3/3 5880/3/3
f 5741/3/4 5743/3/4 5898/3/4 5897/3/4
f 5895/3/6 5897/3/6 5898/3/6 5881/3/6
f 5896/3/5 5880/3/5 5743/3/5 5741/3/5
f 5712/3/2 5883/3/2 5899/3/2 5722/3/2
f 5743/3/4 5722/3/4 5899/3/4 5898/3/4
f 5881/3/6 5898/3/6 5899/3/6 5883/3/6
f 5880/3/5 5712/3/5 5722/3/5 5743/3/5
f 5720/1/2 5894/1/2 5900/1/2 5740/1/2
f 5721/1/1 5737/1/1 5901/1/1 5890/1/1
f 5737/1/4 5740/1/4 5900/1/4 5901/1/4
f 5736/4/1 5747/4/1 5902/4/1 5903/4/1
f 5736/4/3 5903/4/3 5904/4/3 5735/4/3
f 5747/4/4 5746/4/4 5905/4/4 5902/4/4
f 5903/4/6 5902/4/6 5905/4/6 5904/4/6
f 5906/4/2 5907/4/2 5908/4/2 5753/4/2
f 5735/4/3 5904/4/3 5907/4/3 5906/4/3
f 5904/4/6 5905/4/6 5908/4/6 5907/4/6
f 5735/4/5 5906/4/5 5753/4/5 5746/4/5
f 5753/4/2 5908/4/2 5909/4/2 5754/4/2
f 5746/4/1 5751/4/1 5910/4/1 5905/4/1
f 5905/4/6 5910/4/6 5909/4/6 5908/4/6
f 5754/7/2 5909/7/2 5911/7/2 5758/7/2
f 5751/7/1 5756/7/1 5912/7/1 5910/7/1
f 5910/7/6 5912/7/6 5911/7/6 5909/7/6
f 5751/7/5 5754/7/5 5758/7/5 5756/7/5
f 5758/4/2 5911/4/2 5913/4/2 5759/4/2
f 5756/4/1 5760/4/1 5914/4/1 5912/4/1
f 5760/4/4 5759/4/4 5913/4/4 5914/4/4
f 5912/4/6 5914/4/6 5913/4/6 5911/4/6
f 5915/4/2 5916/4/2 5917/4/2 5918/4/2
f 5759/4/1 5761/4/1 5919/4/1 5913/4/1
f 5759/4/3 5913/4/3 5916/4/3 5915/4/3
f 5759/4/5 5915/4/5 5918/4/5 5761/4/5
f 5918/4/2 5917/4/2 5920/4/2 5921/4/2
f 5761/4/1 5763/4/1 5922/4/1 5919/4/1
f 5761/4/5 5918/4/5 5921/4/5 5763/4/5
f 5921/7/2 5920/7/2 5923/7/2 5767/7/2
f 5763/7/1 5765/7/1 5924/7/1 5922/7/1
f 5763/7/5 5921/7/5 5767/7/5 5765/7/5
f 5766/4/1 5925/4/1 5926/4/1 5927/4/1
f 5766/4/3 5927/4/3 5924/4/3 5765/4/3
f 5925/4/4 5769/4/4 5928/4/4 5926/4/4
f 5927/4/6 5926/4/6 5928/4/6 5924/4/6
f 5766/4/5 5765/4/5 5769/4/5 5925/4/5
f 5767/4/2 5923/4/2 5929/4/2 5768/4/2
f 5768/4/2 5929/4/2 5930/4/2 5770/4/2
f 5769/4/1 5771/4/1 5931/4/1 5928/4/1
f 5932/6/1 5933/6/1 5934/6/1 5935/6/1
f 5932/6/3 5935/6/3 5936/6/3 5937/6/3
f 5933/6/4 5938/6/4 5939/6/4 5934/6/4
f 5935/6/6 5934/6/6 5939/6/6 5936/6/6
f 5932/6/5 5937/6/5 5938/6/5 5933/6/5
f 5937/9/3 5936/9/3 5940/9/3 5941/9/3
f 5938/9/4 5942/9/4 5943/9/4 5939/9/4
f 5936/9/6 5939/9/6 5943/9/6 5940/9/6
f 5937/9/5 5941/9/5 5942/9/5 5938/9/5
f 5941/9/3 5940/9/3 5931/9/3 5771/9/3
f 5942/9/4 5772/9/4 5944/9/4 5943/9/4
f 5940/9/6 5943/9/6 5944/9/6 5931/9/6
f 5941/9/5 5771/9/5 5772/9/5 5942/9/5
f 5773/4/2 5945/4/2 5946/4/2 5774/4/2
f 5770/4/3 5930/4/3 5945/4/3 5773/4/3
f 5930/4/6 5947/4/6 5946/4/6 5945/4/6
f 5933/9/2 5934/9/2 5948/9/2 5949/9/2
f 5950/9/1 5951/9/1 5952/9/1 5953/9/1
f 5950/9/3 5953/9/3 5934/9/3 5933/9/3
f 5951/9/4 5949/9/4 5948/9/4 5952/9/4
f 5953/9/6 5952/9/6 5948/9/6 5934/9/6
f 5950/9/5 5933/9/5 5949/9/5 5951/9/5
f 5772/4/1 5776/4/1 5954/4/1 5944/4/1
f 5776/4/4 5777/4/4 5955/4/4 5954/4/4
f 5774/4/2 5946/4/2 5956/4/2 5778/4/2
f 5957/6/1 5958/6/1 5959/6/1 5960/6/1
f 5957/6/3 5960/6/3 5961/6/3 5962/6/3
f 5958/6/4 5963/6/4 5964/6/4 5959/6/4
f 5960/6/6 5959/6/6 5964/6/6 5961/6/6
f 5957/6/5 5962/6/5 5963/6/5 5958/6/5
f 5951/9/2 5952/9/2 5965/9/2 5966/9/2
f 5962/9/3 5961/9/3 5952/9/3 5951/9/3
f 5963/9/4 5966/9/4 5965/9/4 5964/9/4
f 5961/9/6 5964/9/6 5965/9/6 5952/9/6
f 5962/9/5 5951/9/5 5966/9/5 5963/9/5
f 5778/4/2 5956/4/2 5967/4/2 5784/4/2
f 5777/4/1 5968/4/1 5969/4/1 5955/4/1
f 5968/4/4 5784/4/4 5967/4/4 5969/4/4
f 5777/4/5 5778/4/5 5784/4/5 5968/4/5
f 5781/4/2 5970/4/2 5971/4/2 5972/4/2
f 5784/4/1 5973/4/1 5974/4/1 5967/4/1
f 5784/4/3 5967/4/3 5970/4/3 5781/4/3
f 5973/4/4 5972/4/4 5971/4/4 5974/4/4
f 5784/4/5 5781/4/5 5972/4/5 5973/4/5
f 5785/7/2 5975/7/2 5976/7/2 5786/7/2
f 5788/7/1 5787/7/1 5977/7/1 5978/7/1
f 5788/7/3 5978/7/3 5975/7/3 5785/7/3
f 5787/7/4 5786/7/4 5976/7/4 5977/7/4
f 5787/4/2 5977/4/2 5979/4/2 5789/4/2
f 5791/4/1 5790/4/1 5980/4/1 5981/4/1
f 5791/4/3 5981/4/3 5977/4/3 5787/4/3
f 5981/4/6 5980/4/6 5979/4/6 5977/4/6
f 5789/4/2 5979/4/2 5982/4/2 5792/4/2
f 5790/4/1 5793/4/1 5983/4/1 5980/4/1
f 5792/7/2 5982/7/2 5984/7/2 5794/7/2
f 5793/7/1 5796/7/1 5985/7/1 5983/7/1
f 5796/7/4 5794/7/4 5984/7/4 5985/7/4
f 5799/4/2 5986/4/2 5987/4/2 5800/4/2
f 5794/4/1 5798/4/1 5988/4/1 5984/4/1
f 5794/4/3 5984/4/3 5986/4/3 5799/4/3
f 5798/4/4 5800/4/4 5987/4/4 5988/4/4
f 5802/4/2 5989/4/2 5990/4/2 5803/4/2
f 5800/4/1 5804/4/1 5991/4/1 5987/4/1
f 5800/4/3 5987/4/3 5989/4/3 5802/4/3
f 5804/4/1 5806/4/1 5992/4/1 5991/4/1
f 5806/4/4 5805/4/4 5993/4/4 5992/4/4
f 5991/4/6 5992/4/6 5993/4/6 5990/4/6
f 5994/4/2 5995/4/2 5996/4/2 5810/4/2
f 5803/4/3 5990/4/3 5995/4/3 5994/4/3
f 5805/4/4 5810/4/4 5996/4/4 5993/4/4
f 5990/4/6 5993/4/6 5996/4/6 5995/4/6
f 5803/4/5 5994/4/5 5810/4/5 5805/4/5
f 5813/1/2 5997/1/2 5998/1/2 5821/1/2
f 5814/1/1 5818/1/1 5999/1/1 6000/1/1
f 5814/1/3 6000/1/3 5997/1/3 5813/1/3
f 5818/2/1 5830/2/1 6001/2/1 5999/2/1
f 5821/1/3 5998/1/3 6002/1/3 5820/1/3
f 5998/1/6 6003/1/6 6004/1/6 6002/1/6
f 5821/1/5 5820/1/5 6005/1/5 5829/1/5
f 5820/1/3 6002/1/3 6006/1/3 5823/1/3
f 6002/1/6 6004/1/6 6007/1/6 6006/1/6
f 5820/1/5 5823/1/5 6008/1/5 6005/1/5
f 5825/3/2 6009/3/2 6010/3/2 5831/3/2
f 5823/3/3 6006/3/3 6009/3/3 5825/3/3
f 6006/3/6 6007/3/6 6010/3/6 6009/3/6
f 5823/3/5 5825/3/5 5831/3/5 6008/3/5
f 5830/2/1 5841/2/1 6011/2/1 6001/2/1
f 6003/1/6 6012/1/6 6013/1/6 6004/1/6
f 5829/1/5 6005/1/5 6014/1/5 5840/1/5
f 6004/1/6 6013/1/6 6015/1/6 6007/1/6
f 6005/1/5 6008/1/5 6016/1/5 6014/1/5
f 5831/1/2 6010/1/2 6017/1/2 5843/1/2
f 6007/1/6 6015/1/6 6017/1/6 6010/1/6
f 6008/1/5 5831/1/5 5843/1/5 6016/1/5
f 5841/2/1 5863/2/1 6018/2/1 6011/2/1
f 6012/1/6 6019/1/6 6020/1/6 6013/1/6
f 5840/1/5 6014/1/5 6021/1/5 5862/1/5
f 6013/1/6 6020/1/6 6022/1/6 6015/1/6
f 6014/1/5 6016/1/5 6023/1/5 6021/1/5
f 5843/1/2 6017/1/2 6024/1/2 5865/1/2
f 6015/1/6 6022/1/6 6024/1/6 6017/1/6
f 6016/1/5 5843/1/5 5865/1/5 6023/1/5
f 5863/2/1 5879/2/1 6025/2/1 6018/2/1
f 5878/1/4 5891/1/4 6026/1/4 6027/1/4
f 6019/1/6 6027/1/6 6026/1/6 6020/1/6
f 5862/1/5 6021/1/5 5891/1/5 5878/1/5
f 5891/1/4 5895/1/4 6028/1/4 6026/1/4
f 6020/1/6 6026/1/6 6028/1/6 6022/1/6
f 6021/1/5 6023/1/5 5895/1/5 5891/1/5
f 5895/3/4 5881/3/4 6029/3/4 6028/3/4
f 6022/3/6 6028/3/6 6029/3/6 6024/3/6
f 6023/3/5 5865/3/5 5881/3/5 5895/3/5
f 5866/5/2 6030/5/2 6031/5/2 5883/5/2
f 5865/5/3 6024/5/3 6030/5/3 5866/5/3
f 5881/5/4 5883/5/4 6031/5/4 6029/5/4
f 6024/5/6 6029/5/6 6031/5/6 6030/5/6
f 5878/1/2 6027/1/2 6032/1/2 5894/1/2
f 5879/1/1 5890/1/1 6033/1/1 6025/1/1
f 5894/1/2 6032/1/2 6034/1/2 5900/1/2
f 5890/1/1 5901/1/1 6035/1/1 6033/1/1
f 5901/1/4 5900/1/4 6034/1/4 6035/1/4
f 6033/1/6 6035/1/6 6034/1/6 6032/1/6
f 6036/4/2 6037/4/2 6038/4/2 6039/4/2
f 5908/4/1 5909/4/1 6040/4/1 6041/4/1
f 5908/4/3 6041/4/3 6037/4/3 6036/4/3
f 6041/4/6 6040/4/6 6038/4/6 6037/4/6
f 5908/4/5 6036/4/5 6039/4/5 5909/4/5
f 6039/4/2 6038/4/2 6042/4/2 6043/4/2
f 5909/4/1 5911/4/1 6044/4/1 6040/4/1
f 6040/4/6 6044/4/6 6042/4/6 6038/4/6
f 5909/4/5 6039/4/5 6043/4/5 5911/4/5
f 6043/4/2 6042/4/2 6045/4/2 5916/4/2
f 5911/4/1 5913/4/1 6046/4/1 6044/4/1
f 5911/4/5 6043/4/5 5916/4/5 5913/4/5
f 5916/4/2 6045/4/2 6047/4/2 5917/4/2
f 5913/4/1 5919/4/1 6048/4/1 6046/4/1
f 5917/4/2 6047/4/2 6049/4/2 5920/4/2
f 5919/4/1 5922/4/1 6050/4/1 6048/4/1
f 5920/4/2 6049/4/2 6051/4/2 5923/4/2
f 5922/4/1 5924/4/1 6052/4/1 6050/4/1
f 5923/7/2 6051/7/2 6053/7/2 5929/7/2
f 5924/7/1 5928/7/1 6054/7/1 6052/7/1
f 5929/4/2 6053/4/2 6055/4/2 5930/4/2
f 5928/4/1 5931/4/1 6056/4/1 6054/4/1
f 6057/9/1 6058/9/1 6059/9/1 6060/9/1
f 6057/9/3 6060/9/3 6061/9/3 6062/9/3
f 6058/9/4 6063/9/4 6064/9/4 6059/9/4
f 6060/9/6 6059/9/6 6064/9/6 6061/9/6
f 6057/9/5 6062/9/5 6063/9/5 6058/9/5
f 6062/9/3 6061/9/3 6065/9/3 6066/9/3
f 6063/9/4 6067/9/4 6068/9/4 6064/9/4
f 6061/9/6 6064/9/6 6068/9/6 6065/9/6
f 6062/9/5 6066/9/5 6067/9/5 6063/9/5
f 6066/6/3 6065/6/3 6069/6/3 6070/6/3
f 6067/6/4 6071/6/4 6072/6/4 6068/6/4
f 6065/6/6 6068/6/6 6072/6/6 6069/6/6
f 6066/6/5 6070/6/5 6071/6/5 6067/6/5
f 6070/6/3 6069/6/3 6073/6/3 6074/6/3
f 6071/6/4 6075/6/4 6076/6/4 6072/6/4
f 6069/6/6 6072/6/6 6076/6/6 6073/6/6
f 6070/6/5 6074/6/5 6075/6/5 6071/6/5
f 6074/6/3 6073/6/3 6077/6/3 6078/6/3
f 6075/6/4 5953/6/4 6079/6/4 6076/6/4
f 6073/6/6 6076/6/6 6079/6/6 6077/6/6
f 6074/6/5 6078/6/5 5953/6/5 6075/6/5
f 5935/9/2 6080/9/2 6081/9/2 5934/9/2
f 6078/9/3 6077/9/3 6080/9/3 5935/9/3
f 5953/9/4 5934/9/4 6081/9/4 6079/9/4
f 6077/9/6 6079/9/6 6081/9/6 6080/9/6
f 6078/9/5 5935/9/5 5934/9/5 5953/9/5
f 5930/4/2 6055/4/2 6082/4/2 5947/4/2
f 5931/4/1 5944/4/1 6083/4/1 6056/4/1
f 5944/4/1 5954/4/1 6084/4/1 6083/4/1
f 5954/4/4 5955/4/4 6085/4/4 6084/4/4
f 6083/4/6 6084/4/6 6085/4/6 6082/4/6
f 5946/4/2 6086/4/2 6087/4/2 5956/4/2
f 5947/4/3 6082/4/3 6086/4/3 5946/4/3
f 5956/4/2 6087/4/2 6088/4/2 5967/4/2
f 5955/4/1 5969/4/1 6089/4/1 6085/4/1
f 5969/4/4 5967/4/4 6088/4/4 6089/4/4
f 6085/4/6 6089/4/6 6088/4/6 6087/4/6
f 5970/4/2 6090/4/2 6091/4/2 5971/4/2
f 5967/4/1 5974/4/1 6092/4/1 6088/4/1
f 5967/4/3 6088/4/3 6090/4/3 5970/4/3
f 5974/4/4 5971/4/4 6091/4/4 6092/4/4
f 6088/4/6 6092/4/6 6091/4/6 6090/4/6
f 5975/4/2 6093/4/2 6094/4/2 5976/4/2
f 5978/4/1 5977/4/1 6095/4/1 6096/4/1
f 5978/4/3 6096/4/3 6093/4/3 5975/4/3
f 6096/4/6 6095/4/6 6094/4/6 6093/4/6
f 5976/4/2 6094/4/2 6097/4/2 6098/4/2
f 5977/4/1 5979/4/1 6099/4/1 6095/4/1
f 5979/4/4 6098/4/4 6097/4/4 6099/4/4
f 6095/4/6 6099/4/6 6097/4/6 6094/4/6
f 5977/4/5 5976/4/5 6098/4/5 5979/4/5
f 5979/4/2 6099/4/2 6100/4/2 5982/4/2
f 5980/4/1 5983/4/1 6101/4/1 6102/4/1
f 5980/4/3 6102/4/3 6099/4/3 5979/4/3
f 6102/4/6 6101/4/6 6100/4/6 6099/4/6
f 5982/4/2 6100/4/2 6103/4/2 5984/4/2
f 5983/4/1 5985/4/1 6104/4/1 6101/4/1
f 5985/4/4 5984/4/4 6103/4/4 6104/4/4
f 6101/4/6 6104/4/6 6103/4/6 6100/4/6
f 5986/4/2 6105/4/2 6106/4/2 5987/4/2
f 5984/4/1 5988/4/1 6107/4/1 6103/4/1
f 5984/4/3 6103/4/3 6105/4/3 5986/4/3
f 5988/4/4 5987/4/4 6106/4/4 6107/4/4
f 6103/4/6 6107/4/6 6106/4/6 6105/4/6
f 5989/4/2 6108/4/2 6109/4/2 5990/4/2
f 5987/4/1 5991/4/1 6110/4/1 6106/4/1
f 5987/4/3 6106/4/3 6108/4/3 5989/4/3
f 5991/4/4 5990/4/4 6109/4/4 6110/4/4
f 6106/4/6 6110/4/6 6109/4/6 6108/4/6
f 5997/1/2 6111/1/2 6112/1/2 5998/1/2
f 6000/1/1 5999/1/1 6113/1/1 6114/1/1
f 6000/1/3 6114/1/3 6111/1/3 5997/1/3
f 6114/1/6 6113/1/6 6112/1/6 6111/1/6
f 5998/1/2 6112/1/2 6115/1/2 6003/1/2
f 5999/1/1 6001/1/1 6116/1/1 6113/1/1
f 6113/1/6 6116/1/6 6115/1/6 6112/1/6
f 6003/1/2 6115/1/2 6117/1/2 6012/1/2
f 6001/1/1 6011/1/1 6118/1/1 6116/1/1
f 6116/1/6 6118/1/6 6117/1/6 6115/1/6
f 6012/1/2 6117/1/2 6119/1/2 6019/1/2
f 6011/1/1 6018/1/1 6120/1/1 6118/1/1
f 6118/1/6 6120/1/6 6119/1/6 6117/1/6
f 6019/1/2 6119/1/2 6121/1/2 6027/1/2
f 6018/1/1 6025/1/1 6122/1/1 6120/1/1
f 6120/1/6 6122/1/6 6121/1/6 6119/1/6
f 6027/1/2 6121/1/2 6123/1/2 6032/1/2
f 6025/1/1 6033/1/1 6124/1/1 6122/1/1
f 6033/1/4 6032/1/4 6123/1/4 6124/1/4
f 6122/1/6 6124/1/6 6123/1/6 6121/1/6
f 6042/4/2 6125/4/2 6126/4/2 6045/4/2
f 6044/4/1 6046/4/1 6127/4/1 6128/4/1
f 6044/4/3 6128/4/3 6125/4/3 6042/4/3
f 6128/4/6 6127/4/6 6126/4/6 6125/4/6
f 6045/4/2 6126/4/2 6129/4/2 6047/4/2
f 6046/4/1 6048/4/1 6130/4/1 6127/4/1
f 6127/4/6 6130/4/6 6129/4/6 6126/4/6
f 6047/4/2 6129/4/2 6131/4/2 6049/4/2
f 6048/4/1 6050/4/1 6132/4/1 6130/4/1
f 6130/4/6 6132/4/6 6131/4/6 6129/4/6
f 6049/4/2 6131/4/2 6133/4/2 6051/4/2
f 6050/4/1 6052/4/1 6134/4/1 6132/4/1
f 6132/4/6 6134/4/6 6133/4/6 6131/4/6
f 6051/4/2 6133/4/2 6135/4/2 6053/4/2
f 6052/4/1 6054/4/1 6136/4/1 6134/4/1
f 6134/4/6 6136/4/6 6135/4/6 6133/4/6
f 6053/4/2 6135/4/2 6137/4/2 6055/4/2
f 6054/4/1 6056/4/1 6138/4/1 6136/4/1
f 6136/4/6 6138/4/6 6137/4/6 6135/4/6
f 6056/4/1 6083/4/1 6139/4/1 6138/4/1
f 6083/4/4 6082/4/4 6140/4/4 6139/4/4
f 6138/4/6 6139/4/6 6140/4/6 6137/4/6
f 6141/4/2 6142/4/2 6143/4/2 6086/4/2
f 6055/4/3 6137/4/3 6142/4/3 6141/4/3
f 6137/4/6 6140/4/6 6143/4/6 6142/4/6
f 6055/4/5 6141/4/5 6086/4/5 6082/4/5
f 6086/4/2 6143/4/2 6144/4/2 6087/4/2
f 6082/4/1 6085/4/1 6145/4/1 6140/4/1
f 6085/4/4 6087/4/4 6144/4/4 6145/4/4
f 6140/4/6 6145/4/6 6144/4/6 6143/4/6
f 6146/4/2 6147/4/2 6148/4/2 6090/4/2
f 6087/4/1 6088/4/1 6149/4/1 6144/4/1
f 6087/4/3 6144/4/3 6147/4/3 6146/4/3
f 6088/4/4 6090/4/4 6148/4/4 6149/4/4
f 6144/4/6 6149/4/6 6148/4/6 6147/4/6
f 6087/4/5 6146/4/5 6090/4/5 6088/4/5
f 6097/7/2 6150/7/2 6151/7/2 6152/7/2
f 6099/7/1 6100/7/1 6153/7/1 6154/7/1
f 6099/7/3 6154/7/3 6150/7/3 6097/7/3
f 6154/7/6 6153/7/6 6151/7/6 6150/7/6
f 6099/7/5 6097/7/5 6152/7/5 6100/7/5
f 6152/4/2 6151/4/2 6155/4/2 6105/4/2
f 6100/4/1 6103/4/1 6156/4/1 6153/4/1
f 6103/4/4 6105/4/4 6155/4/4 6156/4/4
f 6153/4/6 6156/4/6 6155/4/6 6151/4/6
f 6100/4/5 6152/4/5 6105/4/5 6103/4/5
f 6157/4/2 6158/4/2 6159/4/2 6160/4/2
f 6129/4/1 6131/4/1 6161/4/1 6162/4/1
f 6129/4/3 6162/4/3 6158/4/3 6157/4/3
f 6162/4/6 6161/4/6 6159/4/6 6158/4/6
f 6129/4/5 6157/4/5 6160/4/5 6131/4/5
f 6160/4/2 6159/4/2 6163/4/2 6164/4/2
f 6131/4/1 6133/4/1 6165/4/1 6161/4/1
f 6161/4/6 6165/4/6 6163/4/6 6159/4/6
f 6131/4/5 6160/4/5 6164/4/5 6133/4/5
f 6164/4/2 6163/4/2 6166/4/2 6167/4/2
f 6133/4/1 6135/4/1 6168/4/1 6165/4/1
f 6165/4/6 6168/4/6 6166/4/6 6163/4/6
f 6133/4/5 6164/4/5 6167/4/5 6135/4/5
f 6167/4/2 6166/4/2 6169/4/2 6142/4/2
f 6135/4/1 6137/4/1 6170/4/1 6168/4/1
f 6137/4/4 6142/4/4 6169/4/4 6170/4/4
f 6168/4/6 6170/4/6 6169/4/6 6166/4/6
f 6135/4/5 6167/4/5 6142/4/5 6137/4/5
f 6171/4/2 6172/4/2 6173/4/2 6174/4/2
f 6142/4/1 6143/4/1 6175/4/1 6169/4/1
f 6142/4/3 6169/4/3 6172/4/3 6171/4/3
f 6169/4/6 6175/4/6 6173/4/6 6172/4/6
f 6142/4/5 6171/4/5 6174/4/5 6143/4/5
f 6174/4/2 6173/4/2 6176/4/2 6147/4/2
f 6143/4/1 6144/4/1 6177/4/1 6175/4/1
f 6144/4/4 6147/4/4 6176/4/4 6177/4/4
f 6175/4/6 6177/4/6 6176/4/6 6173/4/6
f 6143/4/5 6174/4/5 6147/4/5 6144/4/5
