mtllib Boss_Boss_Suculentas_fase_4.mtl
o Boss_Boss_Suculentas_fase_4
v -13.0000 -15.0000 1.0000
v -12.0000 -15.0000 1.0000
v -12.0000 -15.0000 -0.0000
v -13.0000 -15.0000 -0.0000
v -13.0000 -16.0000 1.0000
v -13.0000 -16.0000 -0.0000
v -12.0000 -16.0000 -0.0000
v -12.0000 -16.0000 1.0000
v -12.0000 -15.0000 4.0000
v -11.0000 -15.0000 4.0000
v -11.0000 -15.0000 3.0000
v -12.0000 -15.0000 3.0000
v -12.0000 -16.0000 4.0000
v -12.0000 -16.0000 3.0000
v -11.0000 -16.0000 3.0000
v -11.0000 -16.0000 4.0000
v -10.0000 -15.0000 4.0000
v -10.0000 -15.0000 3.0000
v -10.0000 -16.0000 3.0000
v -10.0000 -16.0000 4.0000
v -11.0000 -15.0000 -2.0000
v -10.0000 -15.0000 -2.0000
v -10.0000 -15.0000 -3.0000
v -11.0000 -15.0000 -3.0000
v -11.0000 -16.0000 -2.0000
v -11.0000 -16.0000 -3.0000
v -10.0000 -16.0000 -3.0000
v -10.0000 -16.0000 -2.0000
v -11.0000 -15.0000 -5.0000
v -10.0000 -15.0000 -5.0000
v -10.0000 -15.0000 -6.0000
v -11.0000 -15.0000 -6.0000
v -11.0000 -16.0000 -5.0000
v -11.0000 -16.0000 -6.0000
v -10.0000 -16.0000 -6.0000
v -10.0000 -16.0000 -5.0000
v -10.0000 -15.0000 -7.0000
v -11.0000 -15.0000 -7.0000
v -11.0000 -16.0000 -7.0000
v -10.0000 -16.0000 -7.0000
v -10.0000 -6.0000 2.0000
v -10.0000 -6.0000 1.0000
v -9.0000 -6.0000 1.0000
v -9.0000 -6.0000 2.0000
v -9.0000 -5.0000 2.0000
v -10.0000 -5.0000 2.0000
v -10.0000 -5.0000 1.0000
v -9.0000 -5.0000 1.0000
v -10.0000 -4.0000 2.0000
v -9.0000 -4.0000 2.0000
v -9.0000 -4.0000 1.0000
v -10.0000 -4.0000 1.0000
v -10.0000 -3.0000 2.0000
v -10.0000 -3.0000 1.0000
v -9.0000 -3.0000 1.0000
v -9.0000 -3.0000 2.0000
v -9.0000 -2.0000 2.0000
v -10.0000 -2.0000 2.0000
v -10.0000 -2.0000 1.0000
v -9.0000 -2.0000 1.0000
v -10.0000 -1.0000 2.0000
v -9.0000 -1.0000 2.0000
v -9.0000 -1.0000 1.0000
v -10.0000 -1.0000 1.0000
v -10.0000 2.0000 2.0000
v -9.0000 2.0000 2.0000
v -9.0000 2.0000 1.0000
v -10.0000 2.0000 1.0000
v -10.0000 1.0000 2.0000
v -10.0000 1.0000 1.0000
v -9.0000 1.0000 1.0000
v -9.0000 1.0000 2.0000
v -10.0000 -15.0000 -0.0000
v -9.0000 -15.0000 -0.0000
v -9.0000 -15.0000 -1.0000
v -10.0000 -15.0000 -1.0000
v -10.0000 -16.0000 -0.0000
v -10.0000 -16.0000 -1.0000
v -9.0000 -16.0000 -1.0000
v -9.0000 -16.0000 -0.0000
v -10.0000 -6.0000 -1.0000
v -10.0000 -6.0000 -2.0000
v -9.0000 -6.0000 -2.0000
v -9.0000 -6.0000 -1.0000
v -9.0000 -5.0000 -1.0000
v -10.0000 -5.0000 -1.0000
v -10.0000 -5.0000 -2.0000
v -9.0000 -5.0000 -2.0000
v -10.0000 -4.0000 -1.0000
v -9.0000 -4.0000 -1.0000
v -9.0000 -4.0000 -2.0000
v -10.0000 -4.0000 -2.0000
v -10.0000 -3.0000 -1.0000
v -10.0000 -3.0000 -2.0000
v -9.0000 -3.0000 -2.0000
v -9.0000 -3.0000 -1.0000
v -9.0000 -2.0000 -1.0000
v -10.0000 -2.0000 -1.0000
v -10.0000 -2.0000 -2.0000
v -9.0000 -2.0000 -2.0000
v -10.0000 -1.0000 -1.0000
v -9.0000 -1.0000 -1.0000
v -9.0000 -1.0000 -2.0000
v -10.0000 -1.0000 -2.0000
v -10.0000 2.0000 -1.0000
v -9.0000 2.0000 -1.0000
v -9.0000 2.0000 -2.0000
v -10.0000 2.0000 -2.0000
v -10.0000 1.0000 -1.0000
v -10.0000 1.0000 -2.0000
v -9.0000 1.0000 -2.0000
v -9.0000 1.0000 -1.0000
v -9.0000 -15.0000 -5.0000
v -9.0000 -15.0000 -6.0000
v -9.0000 -16.0000 -6.0000
v -9.0000 -16.0000 -5.0000
v -9.0000 -7.0000 8.0000
v -8.0000 -7.0000 8.0000
v -8.0000 -7.0000 7.0000
v -9.0000 -7.0000 7.0000
v -9.0000 -8.0000 8.0000
v -9.0000 -8.0000 7.0000
v -8.0000 -8.0000 7.0000
v -8.0000 -8.0000 8.0000
v -9.0000 -6.0000 7.0000
v -8.0000 -6.0000 7.0000
v -8.0000 -6.0000 6.0000
v -9.0000 -6.0000 6.0000
v -9.0000 -7.0000 6.0000
v -8.0000 -7.0000 6.0000
v -9.0000 -4.0000 7.0000
v -8.0000 -4.0000 7.0000
v -8.0000 -4.0000 6.0000
v -9.0000 -4.0000 6.0000
v -9.0000 -5.0000 7.0000
v -9.0000 -5.0000 6.0000
v -8.0000 -5.0000 6.0000
v -8.0000 -5.0000 7.0000
v -9.0000 -3.0000 7.0000
v -9.0000 -3.0000 6.0000
v -8.0000 -3.0000 6.0000
v -8.0000 -3.0000 7.0000
v -8.0000 -2.0000 7.0000
v -9.0000 -2.0000 7.0000
v -9.0000 -2.0000 6.0000
v -8.0000 -2.0000 6.0000
v -9.0000 -1.0000 7.0000
v -8.0000 -1.0000 7.0000
v -8.0000 -1.0000 6.0000
v -9.0000 -1.0000 6.0000
v -9.0000 1.0000 7.0000
v -8.0000 1.0000 7.0000
v -8.0000 1.0000 6.0000
v -9.0000 1.0000 6.0000
v -9.0000 0.0000 7.0000
v -9.0000 0.0000 6.0000
v -8.0000 0.0000 6.0000
v -8.0000 0.0000 7.0000
v -8.0000 -6.0000 5.0000
v -9.0000 -6.0000 5.0000
v -9.0000 -7.0000 5.0000
v -8.0000 -7.0000 5.0000
v -8.0000 1.0000 5.0000
v -9.0000 1.0000 5.0000
v -9.0000 0.0000 5.0000
v -8.0000 0.0000 5.0000
v -8.0000 -6.0000 4.0000
v -9.0000 -6.0000 4.0000
v -9.0000 -7.0000 4.0000
v -8.0000 -7.0000 4.0000
v -8.0000 1.0000 4.0000
v -9.0000 1.0000 4.0000
v -9.0000 0.0000 4.0000
v -8.0000 0.0000 4.0000
v -9.0000 -5.0000 4.0000
v -8.0000 -5.0000 4.0000
v -8.0000 -5.0000 3.0000
v -9.0000 -5.0000 3.0000
v -9.0000 -6.0000 3.0000
v -8.0000 -6.0000 3.0000
v -8.0000 1.0000 3.0000
v -9.0000 1.0000 3.0000
v -9.0000 0.0000 3.0000
v -8.0000 0.0000 3.0000
v -9.0000 -15.0000 3.0000
v -8.0000 -15.0000 3.0000
v -8.0000 -15.0000 2.0000
v -9.0000 -15.0000 2.0000
v -9.0000 -16.0000 3.0000
v -9.0000 -16.0000 2.0000
v -8.0000 -16.0000 2.0000
v -8.0000 -16.0000 3.0000
v -8.0000 -5.0000 2.0000
v -8.0000 -6.0000 2.0000
v -9.0000 2.0000 3.0000
v -8.0000 2.0000 3.0000
v -8.0000 2.0000 2.0000
v -8.0000 1.0000 2.0000
v -9.0000 -7.0000 2.0000
v -9.0000 -7.0000 1.0000
v -8.0000 -7.0000 1.0000
v -8.0000 -7.0000 2.0000
v -8.0000 -6.0000 1.0000
v -8.0000 -5.0000 1.0000
v -8.0000 -4.0000 2.0000
v -8.0000 -4.0000 1.0000
v -8.0000 -3.0000 2.0000
v -8.0000 -3.0000 1.0000
v -8.0000 -1.0000 1.0000
v -8.0000 -1.0000 2.0000
v -8.0000 0.0000 2.0000
v -9.0000 0.0000 2.0000
v -9.0000 0.0000 1.0000
v -8.0000 0.0000 1.0000
v -8.0000 1.0000 1.0000
v -8.0000 2.0000 1.0000
v -9.0000 3.0000 2.0000
v -8.0000 3.0000 2.0000
v -8.0000 3.0000 1.0000
v -9.0000 3.0000 1.0000
v -9.0000 -15.0000 1.0000
v -8.0000 -15.0000 1.0000
v -8.0000 -15.0000 -0.0000
v -9.0000 -16.0000 1.0000
v -8.0000 -16.0000 -0.0000
v -8.0000 -16.0000 1.0000
v -8.0000 -5.0000 -0.0000
v -9.0000 -5.0000 -0.0000
v -9.0000 -6.0000 -0.0000
v -8.0000 -6.0000 -0.0000
v -9.0000 7.0000 1.0000
v -9.0000 7.0000 -0.0000
v -8.0000 7.0000 -0.0000
v -8.0000 7.0000 1.0000
v -8.0000 8.0000 1.0000
v -9.0000 8.0000 1.0000
v -9.0000 8.0000 -0.0000
v -8.0000 8.0000 -0.0000
v -9.0000 9.0000 1.0000
v -8.0000 9.0000 1.0000
v -8.0000 9.0000 -0.0000
v -9.0000 9.0000 -0.0000
v -8.0000 -16.0000 -1.0000
v -8.0000 -15.0000 -1.0000
v -9.0000 -14.0000 -0.0000
v -8.0000 -14.0000 -0.0000
v -8.0000 -14.0000 -1.0000
v -9.0000 -14.0000 -1.0000
v -8.0000 -5.0000 -1.0000
v -8.0000 -6.0000 -1.0000
v -9.0000 -7.0000 -1.0000
v -9.0000 -7.0000 -2.0000
v -8.0000 -7.0000 -2.0000
v -8.0000 -7.0000 -1.0000
v -8.0000 -6.0000 -2.0000
v -8.0000 -5.0000 -2.0000
v -8.0000 -4.0000 -1.0000
v -8.0000 -4.0000 -2.0000
v -8.0000 -3.0000 -1.0000
v -8.0000 -3.0000 -2.0000
v -8.0000 -1.0000 -2.0000
v -8.0000 -1.0000 -1.0000
v -8.0000 0.0000 -1.0000
v -9.0000 0.0000 -1.0000
v -9.0000 0.0000 -2.0000
v -8.0000 0.0000 -2.0000
v -8.0000 1.0000 -1.0000
v -8.0000 1.0000 -2.0000
v -8.0000 2.0000 -1.0000
v -8.0000 2.0000 -2.0000
v -9.0000 3.0000 -1.0000
v -8.0000 3.0000 -1.0000
v -8.0000 3.0000 -2.0000
v -9.0000 3.0000 -2.0000
v -8.0000 -5.0000 -3.0000
v -9.0000 -5.0000 -3.0000
v -9.0000 -6.0000 -3.0000
v -8.0000 -6.0000 -3.0000
v -8.0000 2.0000 -3.0000
v -9.0000 2.0000 -3.0000
v -9.0000 1.0000 -3.0000
v -8.0000 1.0000 -3.0000
v -9.0000 -15.0000 -3.0000
v -8.0000 -15.0000 -3.0000
v -8.0000 -15.0000 -4.0000
v -9.0000 -15.0000 -4.0000
v -9.0000 -16.0000 -3.0000
v -9.0000 -16.0000 -4.0000
v -8.0000 -16.0000 -4.0000
v -8.0000 -16.0000 -3.0000
v -8.0000 -5.0000 -4.0000
v -9.0000 -5.0000 -4.0000
v -9.0000 -6.0000 -4.0000
v -8.0000 -6.0000 -4.0000
v -8.0000 1.0000 -4.0000
v -9.0000 1.0000 -4.0000
v -9.0000 0.0000 -3.0000
v -9.0000 0.0000 -4.0000
v -8.0000 0.0000 -4.0000
v -8.0000 0.0000 -3.0000
v -8.0000 -15.0000 -5.0000
v -8.0000 -16.0000 -5.0000
v -8.0000 -6.0000 -5.0000
v -9.0000 -6.0000 -5.0000
v -9.0000 -7.0000 -4.0000
v -9.0000 -7.0000 -5.0000
v -8.0000 -7.0000 -5.0000
v -8.0000 -7.0000 -4.0000
v -8.0000 1.0000 -5.0000
v -9.0000 1.0000 -5.0000
v -9.0000 0.0000 -5.0000
v -8.0000 0.0000 -5.0000
v -8.0000 -15.0000 -6.0000
v -8.0000 -16.0000 -6.0000
v -8.0000 -6.0000 -6.0000
v -9.0000 -6.0000 -6.0000
v -9.0000 -7.0000 -6.0000
v -8.0000 -7.0000 -6.0000
v -8.0000 1.0000 -6.0000
v -9.0000 1.0000 -6.0000
v -9.0000 0.0000 -6.0000
v -8.0000 0.0000 -6.0000
v -8.0000 -15.0000 -7.0000
v -9.0000 -15.0000 -7.0000
v -9.0000 -16.0000 -7.0000
v -8.0000 -16.0000 -7.0000
v -8.0000 -6.0000 -7.0000
v -9.0000 -6.0000 -7.0000
v -9.0000 -7.0000 -7.0000
v -8.0000 -7.0000 -7.0000
v -9.0000 -4.0000 -6.0000
v -8.0000 -4.0000 -6.0000
v -8.0000 -4.0000 -7.0000
v -9.0000 -4.0000 -7.0000
v -9.0000 -5.0000 -6.0000
v -9.0000 -5.0000 -7.0000
v -8.0000 -5.0000 -7.0000
v -8.0000 -5.0000 -6.0000
v -9.0000 -3.0000 -6.0000
v -9.0000 -3.0000 -7.0000
v -8.0000 -3.0000 -7.0000
v -8.0000 -3.0000 -6.0000
v -8.0000 -2.0000 -6.0000
v -9.0000 -2.0000 -6.0000
v -9.0000 -2.0000 -7.0000
v -8.0000 -2.0000 -7.0000
v -9.0000 -1.0000 -6.0000
v -8.0000 -1.0000 -6.0000
v -8.0000 -1.0000 -7.0000
v -9.0000 -1.0000 -7.0000
v -8.0000 1.0000 -7.0000
v -9.0000 1.0000 -7.0000
v -9.0000 0.0000 -7.0000
v -8.0000 0.0000 -7.0000
v -8.0000 -7.0000 -8.0000
v -9.0000 -7.0000 -8.0000
v -9.0000 -8.0000 -7.0000
v -9.0000 -8.0000 -8.0000
v -8.0000 -8.0000 -8.0000
v -8.0000 -8.0000 -7.0000
v -8.0000 -7.0000 9.0000
v -7.0000 -7.0000 9.0000
v -7.0000 -7.0000 8.0000
v -8.0000 -8.0000 9.0000
v -7.0000 -8.0000 8.0000
v -7.0000 -8.0000 9.0000
v -8.0000 -4.0000 9.0000
v -8.0000 -4.0000 8.0000
v -7.0000 -4.0000 8.0000
v -7.0000 -4.0000 9.0000
v -7.0000 -3.0000 9.0000
v -8.0000 -3.0000 9.0000
v -8.0000 -3.0000 8.0000
v -7.0000 -2.0000 9.0000
v -8.0000 -2.0000 9.0000
v -8.0000 -2.0000 8.0000
v -8.0000 -1.0000 9.0000
v -7.0000 -1.0000 9.0000
v -7.0000 -1.0000 8.0000
v -8.0000 -1.0000 8.0000
v -8.0000 1.0000 9.0000
v -7.0000 1.0000 9.0000
v -7.0000 1.0000 8.0000
v -8.0000 1.0000 8.0000
v -8.0000 0.0000 9.0000
v -8.0000 0.0000 8.0000
v -7.0000 0.0000 8.0000
v -7.0000 0.0000 9.0000
v -7.0000 -4.0000 7.0000
v -7.0000 -3.0000 7.0000
v -7.0000 -1.0000 7.0000
v -8.0000 -8.0000 6.0000
v -7.0000 -8.0000 6.0000
v -7.0000 -8.0000 7.0000
v -7.0000 -7.0000 7.0000
v -7.0000 -7.0000 6.0000
v -7.0000 -6.0000 7.0000
v -7.0000 -6.0000 6.0000
v -7.0000 -3.0000 6.0000
v -7.0000 0.0000 7.0000
v -7.0000 0.0000 6.0000
v -7.0000 -1.0000 6.0000
v -7.0000 1.0000 7.0000
v -7.0000 1.0000 6.0000
v -7.0000 2.0000 7.0000
v -8.0000 2.0000 7.0000
v -8.0000 2.0000 6.0000
v -7.0000 2.0000 6.0000
v -8.0000 3.0000 7.0000
v -7.0000 3.0000 7.0000
v -7.0000 3.0000 6.0000
v -8.0000 3.0000 6.0000
v -7.0000 -7.0000 5.0000
v -7.0000 -6.0000 5.0000
v -7.0000 -5.0000 6.0000
v -8.0000 -5.0000 5.0000
v -7.0000 -5.0000 5.0000
v -7.0000 -4.0000 6.0000
v -7.0000 -4.0000 5.0000
v -8.0000 -4.0000 5.0000
v -8.0000 -3.0000 5.0000
v -7.0000 -3.0000 5.0000
v -8.0000 -2.0000 5.0000
v -7.0000 -1.0000 5.0000
v -8.0000 -1.0000 5.0000
v -8.0000 3.0000 5.0000
v -7.0000 3.0000 5.0000
v -7.0000 4.0000 6.0000
v -8.0000 4.0000 6.0000
v -7.0000 4.0000 5.0000
v -8.0000 4.0000 5.0000
v -8.0000 5.0000 6.0000
v -7.0000 5.0000 6.0000
v -7.0000 5.0000 5.0000
v -8.0000 5.0000 5.0000
v -8.0000 -3.0000 4.0000
v -7.0000 -3.0000 4.0000
v -8.0000 -2.0000 4.0000
v -7.0000 -1.0000 4.0000
v -8.0000 -1.0000 4.0000
v -7.0000 4.0000 4.0000
v -8.0000 4.0000 4.0000
v -8.0000 3.0000 4.0000
v -7.0000 3.0000 4.0000
v -8.0000 -3.0000 3.0000
v -7.0000 -3.0000 3.0000
v -8.0000 -2.0000 3.0000
v -7.0000 -1.0000 3.0000
v -8.0000 -1.0000 3.0000
v -7.0000 4.0000 3.0000
v -8.0000 4.0000 3.0000
v -8.0000 3.0000 3.0000
v -7.0000 3.0000 3.0000
v -8.0000 10.0000 4.0000
v -8.0000 10.0000 3.0000
v -7.0000 10.0000 3.0000
v -7.0000 10.0000 4.0000
v -7.0000 11.0000 4.0000
v -8.0000 11.0000 4.0000
v -8.0000 11.0000 3.0000
v -7.0000 11.0000 3.0000
v -8.0000 12.0000 4.0000
v -7.0000 12.0000 4.0000
v -7.0000 12.0000 3.0000
v -8.0000 12.0000 3.0000
v -7.0000 -15.0000 3.0000
v -7.0000 -15.0000 2.0000
v -7.0000 -16.0000 2.0000
v -7.0000 -16.0000 3.0000
v -7.0000 -3.0000 2.0000
v -8.0000 -2.0000 2.0000
v -7.0000 -1.0000 2.0000
v -7.0000 3.0000 2.0000
v -7.0000 4.0000 2.0000
v -8.0000 4.0000 2.0000
v -7.0000 5.0000 3.0000
v -8.0000 5.0000 3.0000
v -7.0000 5.0000 2.0000
v -8.0000 5.0000 2.0000
v -8.0000 6.0000 3.0000
v -7.0000 6.0000 3.0000
v -7.0000 6.0000 2.0000
v -8.0000 6.0000 2.0000
v -8.0000 -10.0000 2.0000
v -8.0000 -10.0000 1.0000
v -7.0000 -10.0000 1.0000
v -7.0000 -10.0000 2.0000
v -7.0000 -9.0000 2.0000
v -8.0000 -9.0000 2.0000
v -8.0000 -9.0000 1.0000
v -7.0000 -9.0000 1.0000
v -7.0000 -8.0000 2.0000
v -8.0000 -8.0000 2.0000
v -8.0000 -8.0000 1.0000
v -7.0000 -8.0000 1.0000
v -7.0000 -7.0000 2.0000
v -7.0000 -7.0000 1.0000
v -7.0000 -3.0000 1.0000
v -8.0000 -2.0000 1.0000
v -7.0000 -1.0000 1.0000
v -7.0000 3.0000 1.0000
v -7.0000 4.0000 1.0000
v -8.0000 4.0000 1.0000
v -7.0000 5.0000 1.0000
v -8.0000 5.0000 1.0000
v -8.0000 -3.0000 -0.0000
v -7.0000 -3.0000 -0.0000
v -8.0000 -2.0000 -0.0000
v -7.0000 -1.0000 -0.0000
v -8.0000 -1.0000 -0.0000
v -7.0000 4.0000 -0.0000
v -8.0000 4.0000 -0.0000
v -8.0000 3.0000 -0.0000
v -7.0000 3.0000 -0.0000
v -8.0000 6.0000 1.0000
v -8.0000 6.0000 -0.0000
v -7.0000 6.0000 -0.0000
v -7.0000 6.0000 1.0000
v -7.0000 7.0000 1.0000
v -7.0000 7.0000 -0.0000
v -7.0000 8.0000 1.0000
v -7.0000 8.0000 -0.0000
v -7.0000 9.0000 1.0000
v -7.0000 9.0000 -0.0000
v -7.0000 -15.0000 -0.0000
v -7.0000 -15.0000 -1.0000
v -7.0000 -16.0000 -1.0000
v -7.0000 -16.0000 -0.0000
v -7.0000 -3.0000 -1.0000
v -8.0000 -2.0000 -1.0000
v -7.0000 -1.0000 -1.0000
v -7.0000 4.0000 -1.0000
v -8.0000 4.0000 -1.0000
v -7.0000 3.0000 -1.0000
v -7.0000 -15.0000 -2.0000
v -8.0000 -15.0000 -2.0000
v -8.0000 -16.0000 -2.0000
v -7.0000 -16.0000 -2.0000
v -8.0000 -10.0000 -1.0000
v -8.0000 -10.0000 -2.0000
v -7.0000 -10.0000 -2.0000
v -7.0000 -10.0000 -1.0000
v -7.0000 -9.0000 -1.0000
v -8.0000 -9.0000 -1.0000
v -8.0000 -9.0000 -2.0000
v -7.0000 -9.0000 -2.0000
v -7.0000 -8.0000 -1.0000
v -8.0000 -8.0000 -1.0000
v -8.0000 -8.0000 -2.0000
v -7.0000 -8.0000 -2.0000
v -7.0000 -7.0000 -1.0000
v -7.0000 -7.0000 -2.0000
v -7.0000 -3.0000 -2.0000
v -8.0000 -2.0000 -2.0000
v -7.0000 -1.0000 -2.0000
v -7.0000 3.0000 -2.0000
v -7.0000 4.0000 -2.0000
v -8.0000 4.0000 -2.0000
v -8.0000 5.0000 -1.0000
v -7.0000 5.0000 -1.0000
v -7.0000 5.0000 -2.0000
v -8.0000 5.0000 -2.0000
v -7.0000 -16.0000 -3.0000
v -8.0000 -14.0000 -2.0000
v -7.0000 -14.0000 -2.0000
v -7.0000 -14.0000 -3.0000
v -8.0000 -14.0000 -3.0000
v -7.0000 -15.0000 -3.0000
v -8.0000 -3.0000 -3.0000
v -7.0000 -3.0000 -3.0000
v -8.0000 -2.0000 -3.0000
v -7.0000 -1.0000 -3.0000
v -8.0000 -1.0000 -3.0000
v -8.0000 3.0000 -3.0000
v -7.0000 3.0000 -3.0000
v -7.0000 4.0000 -3.0000
v -8.0000 4.0000 -3.0000
v -8.0000 5.0000 -3.0000
v -7.0000 5.0000 -3.0000
v -8.0000 6.0000 -2.0000
v -7.0000 6.0000 -2.0000
v -7.0000 6.0000 -3.0000
v -8.0000 6.0000 -3.0000
v -7.0000 -15.0000 -4.0000
v -7.0000 -16.0000 -4.0000
v -8.0000 -3.0000 -4.0000
v -7.0000 -3.0000 -4.0000
v -8.0000 -2.0000 -4.0000
v -7.0000 -1.0000 -4.0000
v -8.0000 -1.0000 -4.0000
v -7.0000 4.0000 -4.0000
v -8.0000 4.0000 -4.0000
v -8.0000 3.0000 -4.0000
v -7.0000 3.0000 -4.0000
v -8.0000 -3.0000 -5.0000
v -7.0000 -3.0000 -5.0000
v -8.0000 -2.0000 -5.0000
v -7.0000 -1.0000 -5.0000
v -8.0000 -1.0000 -5.0000
v -7.0000 4.0000 -5.0000
v -8.0000 4.0000 -5.0000
v -8.0000 3.0000 -5.0000
v -7.0000 3.0000 -5.0000
v -7.0000 -7.0000 -6.0000
v -7.0000 -7.0000 -5.0000
v -7.0000 -6.0000 -5.0000
v -7.0000 -5.0000 -5.0000
v -8.0000 -5.0000 -5.0000
v -7.0000 -5.0000 -6.0000
v -7.0000 -6.0000 -6.0000
v -8.0000 -4.0000 -5.0000
v -7.0000 -4.0000 -5.0000
v -7.0000 -4.0000 -6.0000
v -7.0000 -3.0000 -6.0000
v -7.0000 -1.0000 -6.0000
v -8.0000 3.0000 -6.0000
v -7.0000 3.0000 -6.0000
v -8.0000 4.0000 -6.0000
v -7.0000 4.0000 -6.0000
v -8.0000 5.0000 -5.0000
v -7.0000 5.0000 -5.0000
v -7.0000 5.0000 -6.0000
v -8.0000 5.0000 -6.0000
v -8.0000 -8.0000 -6.0000
v -7.0000 -8.0000 -7.0000
v -7.0000 -8.0000 -6.0000
v -7.0000 -7.0000 -7.0000
v -7.0000 -6.0000 -7.0000
v -7.0000 -4.0000 -7.0000
v -7.0000 0.0000 -6.0000
v -7.0000 0.0000 -7.0000
v -7.0000 -1.0000 -7.0000
v -7.0000 1.0000 -6.0000
v -7.0000 1.0000 -7.0000
v -7.0000 2.0000 -6.0000
v -8.0000 2.0000 -6.0000
v -8.0000 2.0000 -7.0000
v -7.0000 2.0000 -7.0000
v -7.0000 3.0000 -7.0000
v -8.0000 3.0000 -7.0000
v -8.0000 -4.0000 -8.0000
v -7.0000 -4.0000 -8.0000
v -8.0000 -3.0000 -8.0000
v -7.0000 -3.0000 -8.0000
v -8.0000 -2.0000 -8.0000
v -7.0000 -2.0000 -8.0000
v -7.0000 -1.0000 -8.0000
v -8.0000 -1.0000 -8.0000
v -7.0000 -7.0000 -8.0000
v -7.0000 -7.0000 -9.0000
v -8.0000 -7.0000 -9.0000
v -8.0000 -8.0000 -9.0000
v -7.0000 -8.0000 -9.0000
v -7.0000 -8.0000 -8.0000
v -8.0000 1.0000 -8.0000
v -7.0000 1.0000 -8.0000
v -7.0000 1.0000 -9.0000
v -8.0000 1.0000 -9.0000
v -8.0000 0.0000 -8.0000
v -8.0000 0.0000 -9.0000
v -7.0000 0.0000 -9.0000
v -7.0000 0.0000 -8.0000
v -6.0000 -7.0000 9.0000
v -6.0000 -7.0000 8.0000
v -6.0000 -8.0000 8.0000
v -6.0000 -8.0000 9.0000
v -6.0000 -4.0000 8.0000
v -6.0000 -4.0000 9.0000
v -6.0000 -3.0000 9.0000
v -6.0000 -3.0000 8.0000
v -6.0000 -2.0000 9.0000
v -6.0000 -1.0000 9.0000
v -6.0000 -1.0000 8.0000
v -6.0000 1.0000 9.0000
v -6.0000 1.0000 8.0000
v -6.0000 0.0000 8.0000
v -6.0000 0.0000 9.0000
v -6.0000 -8.0000 7.0000
v -6.0000 -6.0000 8.0000
v -7.0000 -6.0000 8.0000
v -6.0000 -5.0000 8.0000
v -7.0000 -5.0000 8.0000
v -7.0000 -5.0000 7.0000
v -6.0000 2.0000 8.0000
v -7.0000 2.0000 8.0000
v -7.0000 3.0000 8.0000
v -6.0000 3.0000 8.0000
v -6.0000 3.0000 7.0000
v -7.0000 5.0000 8.0000
v -6.0000 5.0000 8.0000
v -6.0000 5.0000 7.0000
v -7.0000 5.0000 7.0000
v -7.0000 4.0000 8.0000
v -7.0000 4.0000 7.0000
v -6.0000 4.0000 7.0000
v -6.0000 4.0000 8.0000
v -7.0000 -15.0000 7.0000
v -6.0000 -15.0000 7.0000
v -6.0000 -15.0000 6.0000
v -7.0000 -15.0000 6.0000
v -7.0000 -16.0000 7.0000
v -7.0000 -16.0000 6.0000
v -6.0000 -16.0000 6.0000
v -6.0000 -16.0000 7.0000
v -6.0000 -8.0000 6.0000
v -6.0000 -7.0000 6.0000
v -6.0000 4.0000 6.0000
v -6.0000 3.0000 6.0000
v -6.0000 5.0000 6.0000
v -7.0000 6.0000 7.0000
v -6.0000 6.0000 7.0000
v -6.0000 6.0000 6.0000
v -7.0000 6.0000 6.0000
v -6.0000 -15.0000 5.0000
v -7.0000 -15.0000 5.0000
v -7.0000 -16.0000 5.0000
v -6.0000 -16.0000 5.0000
v -7.0000 -9.0000 6.0000
v -6.0000 -9.0000 6.0000
v -6.0000 -9.0000 5.0000
v -7.0000 -9.0000 5.0000
v -7.0000 -10.0000 6.0000
v -7.0000 -10.0000 5.0000
v -6.0000 -10.0000 5.0000
v -6.0000 -10.0000 6.0000
v -6.0000 -7.0000 5.0000
v -7.0000 0.0000 5.0000
v -7.0000 1.0000 5.0000
v -7.0000 2.0000 5.0000
v -6.0000 3.0000 5.0000
v -7.0000 -7.0000 4.0000
v -6.0000 -7.0000 4.0000
v -7.0000 -6.0000 4.0000
v -7.0000 -5.0000 4.0000
v -7.0000 -4.0000 4.0000
v -7.0000 0.0000 4.0000
v -7.0000 1.0000 4.0000
v -7.0000 2.0000 4.0000
v -6.0000 3.0000 4.0000
v -7.0000 -7.0000 3.0000
v -6.0000 -7.0000 3.0000
v -7.0000 -6.0000 3.0000
v -7.0000 -5.0000 3.0000
v -7.0000 -4.0000 3.0000
v -7.0000 0.0000 3.0000
v -7.0000 1.0000 3.0000
v -7.0000 2.0000 3.0000
v -6.0000 3.0000 3.0000
v -7.0000 9.0000 4.0000
v -7.0000 9.0000 3.0000
v -6.0000 9.0000 3.0000
v -6.0000 9.0000 4.0000
v -6.0000 10.0000 4.0000
v -6.0000 10.0000 3.0000
v -6.0000 11.0000 4.0000
v -6.0000 11.0000 3.0000
v -6.0000 12.0000 4.0000
v -6.0000 12.0000 3.0000
v -7.0000 -11.0000 3.0000
v -6.0000 -11.0000 3.0000
v -6.0000 -11.0000 2.0000
v -7.0000 -11.0000 2.0000
v -7.0000 -12.0000 3.0000
v -7.0000 -12.0000 2.0000
v -6.0000 -12.0000 2.0000
v -6.0000 -12.0000 3.0000
v -6.0000 -7.0000 2.0000
v -7.0000 -6.0000 2.0000
v -7.0000 -5.0000 2.0000
v -7.0000 -4.0000 2.0000
v -7.0000 0.0000 2.0000
v -7.0000 1.0000 2.0000
v -7.0000 2.0000 2.0000
v -6.0000 3.0000 2.0000
v -6.0000 6.0000 2.0000
v -6.0000 6.0000 3.0000
v -6.0000 7.0000 3.0000
v -7.0000 7.0000 3.0000
v -7.0000 7.0000 2.0000
v -6.0000 7.0000 2.0000
v -6.0000 8.0000 3.0000
v -7.0000 8.0000 3.0000
v -7.0000 8.0000 2.0000
v -6.0000 8.0000 2.0000
v -6.0000 9.0000 2.0000
v -7.0000 9.0000 2.0000
v -6.0000 -15.0000 2.0000
v -6.0000 -15.0000 1.0000
v -7.0000 -15.0000 1.0000
v -7.0000 -16.0000 1.0000
v -6.0000 -16.0000 1.0000
v -6.0000 -16.0000 2.0000
v -6.0000 -10.0000 2.0000
v -6.0000 -10.0000 1.0000
v -7.0000 -11.0000 1.0000
v -6.0000 -11.0000 1.0000
v -6.0000 -7.0000 1.0000
v -7.0000 -6.0000 1.0000
v -7.0000 -5.0000 1.0000
v -7.0000 -4.0000 1.0000
v -7.0000 0.0000 1.0000
v -7.0000 1.0000 1.0000
v -7.0000 2.0000 1.0000
v -6.0000 3.0000 1.0000
v -7.0000 -7.0000 -0.0000
v -6.0000 -7.0000 -0.0000
v -7.0000 -6.0000 -0.0000
v -7.0000 -5.0000 -0.0000
v -7.0000 -4.0000 -0.0000
v -7.0000 0.0000 -0.0000
v -7.0000 1.0000 -0.0000
v -7.0000 2.0000 -0.0000
v -6.0000 3.0000 -0.0000
v -7.0000 5.0000 -0.0000
v -6.0000 5.0000 -0.0000
v -6.0000 5.0000 1.0000
v -6.0000 6.0000 1.0000
v -6.0000 6.0000 -0.0000
v -6.0000 7.0000 1.0000
v -6.0000 7.0000 -0.0000
v -6.0000 8.0000 1.0000
v -6.0000 8.0000 -0.0000
v -6.0000 -15.0000 -0.0000
v -6.0000 -15.0000 -1.0000
v -6.0000 -16.0000 -1.0000
v -6.0000 -16.0000 -0.0000
v -6.0000 -7.0000 -1.0000
v -7.0000 -6.0000 -1.0000
v -7.0000 -5.0000 -1.0000
v -7.0000 -4.0000 -1.0000
v -7.0000 0.0000 -1.0000
v -7.0000 1.0000 -1.0000
v -7.0000 2.0000 -1.0000
v -6.0000 3.0000 -1.0000
v -6.0000 -10.0000 -1.0000
v -6.0000 -10.0000 -2.0000
v -7.0000 -11.0000 -1.0000
v -7.0000 -11.0000 -2.0000
v -6.0000 -11.0000 -2.0000
v -6.0000 -11.0000 -1.0000
v -6.0000 -7.0000 -2.0000
v -7.0000 -6.0000 -2.0000
v -7.0000 -5.0000 -2.0000
v -7.0000 -4.0000 -2.0000
v -7.0000 0.0000 -2.0000
v -7.0000 1.0000 -2.0000
v -7.0000 2.0000 -2.0000
v -6.0000 3.0000 -2.0000
v -6.0000 -16.0000 -3.0000
v -6.0000 -16.0000 -2.0000
v -6.0000 -15.0000 -2.0000
v -6.0000 -14.0000 -2.0000
v -6.0000 -14.0000 -3.0000
v -6.0000 -15.0000 -3.0000
v -6.0000 -11.0000 -3.0000
v -7.0000 -11.0000 -3.0000
v -7.0000 -12.0000 -2.0000
v -7.0000 -12.0000 -3.0000
v -6.0000 -12.0000 -3.0000
v -6.0000 -12.0000 -2.0000
v -7.0000 -7.0000 -3.0000
v -6.0000 -7.0000 -3.0000
v -7.0000 -6.0000 -3.0000
v -7.0000 -5.0000 -3.0000
v -7.0000 -4.0000 -3.0000
v -7.0000 0.0000 -3.0000
v -7.0000 1.0000 -3.0000
v -7.0000 2.0000 -3.0000
v -6.0000 3.0000 -3.0000
v -6.0000 6.0000 -3.0000
v -6.0000 6.0000 -2.0000
v -6.0000 7.0000 -2.0000
v -7.0000 7.0000 -2.0000
v -7.0000 7.0000 -3.0000
v -6.0000 7.0000 -3.0000
v -6.0000 8.0000 -2.0000
v -7.0000 8.0000 -2.0000
v -7.0000 8.0000 -3.0000
v -6.0000 8.0000 -3.0000
v -7.0000 9.0000 -2.0000
v -6.0000 9.0000 -2.0000
v -6.0000 9.0000 -3.0000
v -7.0000 9.0000 -3.0000
v -6.0000 -15.0000 -4.0000
v -6.0000 -16.0000 -4.0000
v -7.0000 -7.0000 -4.0000
v -6.0000 -7.0000 -4.0000
v -7.0000 -6.0000 -4.0000
v -7.0000 -5.0000 -4.0000
v -7.0000 -4.0000 -4.0000
v -7.0000 0.0000 -4.0000
v -7.0000 1.0000 -4.0000
v -7.0000 2.0000 -4.0000
v -6.0000 3.0000 -4.0000
v -7.0000 -16.0000 -5.0000
v -6.0000 -16.0000 -5.0000
v -7.0000 -15.0000 -5.0000
v -6.0000 -15.0000 -5.0000
v -7.0000 -14.0000 -4.0000
v -6.0000 -14.0000 -4.0000
v -6.0000 -14.0000 -5.0000
v -7.0000 -14.0000 -5.0000
v -6.0000 -7.0000 -5.0000
v -7.0000 0.0000 -5.0000
v -7.0000 1.0000 -5.0000
v -7.0000 2.0000 -5.0000
v -6.0000 3.0000 -5.0000
v -7.0000 -9.0000 -5.0000
v -6.0000 -9.0000 -5.0000
v -6.0000 -9.0000 -6.0000
v -7.0000 -9.0000 -6.0000
v -7.0000 -10.0000 -5.0000
v -7.0000 -10.0000 -6.0000
v -6.0000 -10.0000 -6.0000
v -6.0000 -10.0000 -5.0000
v -7.0000 -8.0000 -5.0000
v -6.0000 -8.0000 -6.0000
v -6.0000 -8.0000 -5.0000
v -6.0000 3.0000 -6.0000
v -6.0000 -8.0000 -7.0000
v -6.0000 -7.0000 -7.0000
v -6.0000 -6.0000 -7.0000
v -7.0000 -5.0000 -7.0000
v -6.0000 -5.0000 -7.0000
v -6.0000 -4.0000 -7.0000
v -6.0000 0.0000 -7.0000
v -6.0000 -1.0000 -7.0000
v -6.0000 1.0000 -7.0000
v -6.0000 2.0000 -7.0000
v -6.0000 3.0000 -7.0000
v -6.0000 4.0000 -6.0000
v -7.0000 4.0000 -7.0000
v -6.0000 4.0000 -7.0000
v -6.0000 5.0000 -6.0000
v -7.0000 5.0000 -7.0000
v -7.0000 6.0000 -6.0000
v -6.0000 6.0000 -6.0000
v -6.0000 6.0000 -7.0000
v -7.0000 6.0000 -7.0000
v -6.0000 5.0000 -7.0000
v -6.0000 -4.0000 -8.0000
v -6.0000 -3.0000 -8.0000
v -6.0000 -2.0000 -8.0000
v -6.0000 -1.0000 -8.0000
v -6.0000 5.0000 -8.0000
v -7.0000 5.0000 -8.0000
v -7.0000 4.0000 -8.0000
v -6.0000 4.0000 -8.0000
v -6.0000 -7.0000 -8.0000
v -6.0000 -7.0000 -9.0000
v -6.0000 -8.0000 -9.0000
v -6.0000 -8.0000 -8.0000
v -6.0000 1.0000 -8.0000
v -6.0000 1.0000 -9.0000
v -6.0000 0.0000 -9.0000
v -6.0000 0.0000 -8.0000
v -5.0000 -3.0000 8.0000
v -5.0000 -3.0000 9.0000
v -5.0000 -2.0000 9.0000
v -5.0000 -1.0000 9.0000
v -5.0000 -1.0000 8.0000
v -5.0000 1.0000 9.0000
v -5.0000 1.0000 8.0000
v -5.0000 0.0000 8.0000
v -5.0000 0.0000 9.0000
v -6.0000 3.0000 9.0000
v -5.0000 3.0000 9.0000
v -5.0000 3.0000 8.0000
v -6.0000 2.0000 9.0000
v -5.0000 2.0000 8.0000
v -5.0000 2.0000 9.0000
v -6.0000 -15.0000 8.0000
v -5.0000 -15.0000 8.0000
v -5.0000 -15.0000 7.0000
v -6.0000 -16.0000 8.0000
v -5.0000 -16.0000 7.0000
v -5.0000 -16.0000 8.0000
v -6.0000 -9.0000 8.0000
v -5.0000 -9.0000 8.0000
v -5.0000 -9.0000 7.0000
v -6.0000 -9.0000 7.0000
v -6.0000 -10.0000 8.0000
v -6.0000 -10.0000 7.0000
v -5.0000 -10.0000 7.0000
v -5.0000 -10.0000 8.0000
v -5.0000 -8.0000 7.0000
v -5.0000 -8.0000 8.0000
v -5.0000 -7.0000 8.0000
v -5.0000 -6.0000 8.0000
v -5.0000 -5.0000 8.0000
v -5.0000 -4.0000 8.0000
v -5.0000 3.0000 7.0000
v -5.0000 5.0000 8.0000
v -5.0000 5.0000 7.0000
v -5.0000 4.0000 7.0000
v -5.0000 4.0000 8.0000
v -5.0000 -15.0000 6.0000
v -5.0000 -16.0000 6.0000
v -6.0000 -11.0000 7.0000
v -6.0000 -11.0000 6.0000
v -5.0000 -11.0000 6.0000
v -5.0000 -11.0000 7.0000
v -5.0000 6.0000 7.0000
v -6.0000 7.0000 7.0000
v -5.0000 7.0000 7.0000
v -5.0000 7.0000 6.0000
v -6.0000 7.0000 6.0000
v -5.0000 6.0000 6.0000
v -5.0000 -15.0000 5.0000
v -5.0000 -16.0000 5.0000
v -6.0000 -11.0000 5.0000
v -5.0000 -11.0000 5.0000
v -6.0000 -8.0000 5.0000
v -6.0000 4.0000 5.0000
v -6.0000 5.0000 5.0000
v -6.0000 6.0000 5.0000
v -6.0000 7.0000 5.0000
v -5.0000 7.0000 5.0000
v -5.0000 6.0000 5.0000
v -5.0000 8.0000 6.0000
v -6.0000 8.0000 6.0000
v -6.0000 8.0000 5.0000
v -5.0000 8.0000 5.0000
v -6.0000 9.0000 6.0000
v -5.0000 9.0000 6.0000
v -5.0000 9.0000 5.0000
v -6.0000 9.0000 5.0000
v -6.0000 -11.0000 4.0000
v -5.0000 -11.0000 4.0000
v -6.0000 -10.0000 4.0000
v -5.0000 -10.0000 4.0000
v -6.0000 -9.0000 4.0000
v -6.0000 -8.0000 4.0000
v -6.0000 4.0000 4.0000
v -6.0000 5.0000 4.0000
v -5.0000 6.0000 4.0000
v -6.0000 6.0000 4.0000
v -5.0000 -11.0000 3.0000
v -6.0000 -12.0000 4.0000
v -5.0000 -12.0000 3.0000
v -5.0000 -12.0000 4.0000
v -6.0000 -10.0000 3.0000
v -5.0000 -10.0000 3.0000
v -6.0000 -9.0000 3.0000
v -6.0000 -8.0000 3.0000
v -6.0000 4.0000 3.0000
v -6.0000 5.0000 3.0000
v -5.0000 6.0000 3.0000
v -6.0000 8.0000 4.0000
v -5.0000 8.0000 3.0000
v -5.0000 8.0000 4.0000
v -5.0000 9.0000 4.0000
v -5.0000 9.0000 3.0000
v -5.0000 10.0000 4.0000
v -5.0000 11.0000 4.0000
v -5.0000 11.0000 3.0000
v -5.0000 10.0000 3.0000
v -5.0000 -12.0000 2.0000
v -5.0000 -10.0000 2.0000
v -5.0000 -11.0000 2.0000
v -6.0000 -9.0000 2.0000
v -6.0000 -8.0000 2.0000
v -6.0000 4.0000 2.0000
v -6.0000 5.0000 2.0000
v -5.0000 6.0000 2.0000
v -5.0000 10.0000 2.0000
v -6.0000 10.0000 2.0000
v -5.0000 9.0000 2.0000
v -5.0000 -15.0000 2.0000
v -5.0000 -15.0000 1.0000
v -5.0000 -16.0000 1.0000
v -5.0000 -16.0000 2.0000
v -5.0000 -11.0000 1.0000
v -6.0000 -12.0000 1.0000
v -5.0000 -12.0000 1.0000
v -5.0000 -10.0000 1.0000
v -6.0000 -9.0000 1.0000
v -6.0000 -8.0000 1.0000
v -6.0000 4.0000 1.0000
v -5.0000 6.0000 1.0000
v -5.0000 -15.0000 -0.0000
v -5.0000 -16.0000 -0.0000
v -5.0000 -11.0000 -0.0000
v -6.0000 -11.0000 -0.0000
v -6.0000 -12.0000 -0.0000
v -5.0000 -12.0000 -0.0000
v -6.0000 -10.0000 -0.0000
v -5.0000 -10.0000 -0.0000
v -6.0000 -9.0000 -0.0000
v -6.0000 -8.0000 -0.0000
v -6.0000 4.0000 -0.0000
v -5.0000 7.0000 1.0000
v -5.0000 7.0000 -0.0000
v -5.0000 6.0000 -0.0000
v -5.0000 -11.0000 -1.0000
v -6.0000 -12.0000 -1.0000
v -5.0000 -12.0000 -1.0000
v -5.0000 -10.0000 -1.0000
v -6.0000 -9.0000 -1.0000
v -6.0000 -8.0000 -1.0000
v -6.0000 4.0000 -1.0000
v -6.0000 5.0000 -1.0000
v -5.0000 6.0000 -1.0000
v -6.0000 6.0000 -1.0000
v -5.0000 -16.0000 -2.0000
v -5.0000 -16.0000 -1.0000
v -5.0000 -15.0000 -1.0000
v -6.0000 -14.0000 -1.0000
v -5.0000 -14.0000 -1.0000
v -5.0000 -14.0000 -2.0000
v -5.0000 -15.0000 -2.0000
v -5.0000 -11.0000 -2.0000
v -5.0000 -12.0000 -2.0000
v -5.0000 -10.0000 -2.0000
v -6.0000 -9.0000 -2.0000
v -6.0000 -8.0000 -2.0000
v -6.0000 4.0000 -2.0000
v -6.0000 5.0000 -2.0000
v -5.0000 6.0000 -2.0000
v -5.0000 -15.0000 -3.0000
v -5.0000 -16.0000 -3.0000
v -5.0000 -12.0000 -3.0000
v -5.0000 -11.0000 -3.0000
v -6.0000 -10.0000 -3.0000
v -6.0000 -9.0000 -3.0000
v -6.0000 -8.0000 -3.0000
v -6.0000 4.0000 -3.0000
v -6.0000 5.0000 -3.0000
v -5.0000 6.0000 -3.0000
v -6.0000 10.0000 -2.0000
v -5.0000 10.0000 -2.0000
v -5.0000 10.0000 -3.0000
v -6.0000 10.0000 -3.0000
v -5.0000 9.0000 -3.0000
v -5.0000 9.0000 -2.0000
v -5.0000 -15.0000 -4.0000
v -5.0000 -16.0000 -4.0000
v -6.0000 -11.0000 -4.0000
v -5.0000 -11.0000 -4.0000
v -6.0000 -10.0000 -4.0000
v -6.0000 -9.0000 -4.0000
v -6.0000 -8.0000 -4.0000
v -6.0000 4.0000 -4.0000
v -6.0000 5.0000 -4.0000
v -5.0000 6.0000 -4.0000
v -6.0000 6.0000 -4.0000
v -6.0000 -11.0000 -5.0000
v -5.0000 -11.0000 -5.0000
v -6.0000 4.0000 -5.0000
v -6.0000 5.0000 -5.0000
v -5.0000 6.0000 -5.0000
v -6.0000 6.0000 -5.0000
v -6.0000 -11.0000 -6.0000
v -5.0000 -11.0000 -6.0000
v -5.0000 -10.0000 -6.0000
v -5.0000 -9.0000 -6.0000
v -5.0000 -8.0000 -6.0000
v -5.0000 6.0000 -6.0000
v -5.0000 5.0000 -6.0000
v -5.0000 7.0000 -5.0000
v -6.0000 7.0000 -5.0000
v -6.0000 7.0000 -6.0000
v -5.0000 8.0000 -5.0000
v -6.0000 8.0000 -5.0000
v -6.0000 8.0000 -6.0000
v -5.0000 8.0000 -6.0000
v -5.0000 7.0000 -6.0000
v -6.0000 9.0000 -5.0000
v -5.0000 9.0000 -5.0000
v -5.0000 9.0000 -6.0000
v -6.0000 9.0000 -6.0000
v -5.0000 -8.0000 -7.0000
v -5.0000 -7.0000 -7.0000
v -5.0000 -6.0000 -7.0000
v -5.0000 4.0000 -7.0000
v -5.0000 3.0000 -7.0000
v -5.0000 3.0000 -6.0000
v -5.0000 4.0000 -6.0000
v -5.0000 5.0000 -7.0000
v -5.0000 7.0000 -7.0000
v -6.0000 7.0000 -7.0000
v -5.0000 6.0000 -7.0000
v -6.0000 -9.0000 -7.0000
v -5.0000 -9.0000 -7.0000
v -5.0000 -9.0000 -8.0000
v -6.0000 -9.0000 -8.0000
v -6.0000 -10.0000 -7.0000
v -6.0000 -10.0000 -8.0000
v -5.0000 -10.0000 -8.0000
v -5.0000 -10.0000 -7.0000
v -6.0000 -6.0000 -8.0000
v -5.0000 -6.0000 -8.0000
v -6.0000 -5.0000 -8.0000
v -5.0000 -5.0000 -8.0000
v -5.0000 -4.0000 -8.0000
v -5.0000 -5.0000 -7.0000
v -5.0000 -4.0000 -7.0000
v -5.0000 -3.0000 -8.0000
v -5.0000 -3.0000 -7.0000
v -5.0000 0.0000 -8.0000
v -5.0000 -1.0000 -8.0000
v -5.0000 0.0000 -7.0000
v -5.0000 1.0000 -8.0000
v -5.0000 1.0000 -7.0000
v -6.0000 2.0000 -8.0000
v -5.0000 2.0000 -8.0000
v -5.0000 3.0000 -8.0000
v -6.0000 3.0000 -8.0000
v -5.0000 5.0000 -8.0000
v -5.0000 4.0000 -8.0000
v -6.0000 -3.0000 -9.0000
v -5.0000 -3.0000 -9.0000
v -6.0000 -2.0000 -9.0000
v -5.0000 -2.0000 -9.0000
v -5.0000 -1.0000 -9.0000
v -6.0000 -1.0000 -9.0000
v -5.0000 1.0000 -9.0000
v -5.0000 0.0000 -9.0000
v -5.0000 3.0000 -9.0000
v -6.0000 3.0000 -9.0000
v -6.0000 2.0000 -9.0000
v -5.0000 2.0000 -9.0000
v -5.0000 -8.0000 9.0000
v -4.0000 -8.0000 9.0000
v -4.0000 -8.0000 8.0000
v -5.0000 -9.0000 9.0000
v -4.0000 -9.0000 8.0000
v -4.0000 -9.0000 9.0000
v -4.0000 -3.0000 8.0000
v -4.0000 -3.0000 9.0000
v -4.0000 -2.0000 9.0000
v -4.0000 -1.0000 9.0000
v -4.0000 -1.0000 8.0000
v -4.0000 0.0000 8.0000
v -4.0000 0.0000 9.0000
v -4.0000 1.0000 9.0000
v -4.0000 2.0000 9.0000
v -4.0000 3.0000 9.0000
v -4.0000 3.0000 8.0000
v -4.0000 2.0000 8.0000
v -4.0000 -10.0000 8.0000
v -4.0000 -10.0000 7.0000
v -5.0000 -11.0000 8.0000
v -4.0000 -11.0000 7.0000
v -4.0000 -11.0000 8.0000
v -4.0000 -9.0000 7.0000
v -4.0000 -7.0000 8.0000
v -4.0000 -8.0000 7.0000
v -4.0000 -7.0000 7.0000
v -4.0000 -6.0000 8.0000
v -4.0000 -5.0000 8.0000
v -4.0000 -4.0000 8.0000
v -4.0000 4.0000 8.0000
v -4.0000 5.0000 8.0000
v -4.0000 5.0000 7.0000
v -4.0000 4.0000 7.0000
v -5.0000 -12.0000 7.0000
v -5.0000 -12.0000 6.0000
v -4.0000 -12.0000 6.0000
v -4.0000 -12.0000 7.0000
v -4.0000 6.0000 7.0000
v -4.0000 6.0000 6.0000
v -5.0000 11.0000 7.0000
v -5.0000 11.0000 6.0000
v -4.0000 11.0000 6.0000
v -4.0000 11.0000 7.0000
v -4.0000 12.0000 7.0000
v -5.0000 12.0000 7.0000
v -5.0000 12.0000 6.0000
v -4.0000 12.0000 6.0000
v -5.0000 13.0000 7.0000
v -4.0000 13.0000 7.0000
v -4.0000 13.0000 6.0000
v -5.0000 13.0000 6.0000
v -4.0000 -15.0000 6.0000
v -4.0000 -15.0000 5.0000
v -4.0000 -16.0000 5.0000
v -4.0000 -16.0000 6.0000
v -5.0000 -12.0000 5.0000
v -4.0000 -12.0000 5.0000
v -4.0000 7.0000 6.0000
v -4.0000 8.0000 6.0000
v -4.0000 9.0000 6.0000
v -5.0000 10.0000 6.0000
v -4.0000 10.0000 6.0000
v -4.0000 10.0000 5.0000
v -5.0000 10.0000 5.0000
v -4.0000 9.0000 5.0000
v -5.0000 -16.0000 4.0000
v -4.0000 -16.0000 4.0000
v -5.0000 -15.0000 4.0000
v -4.0000 -15.0000 4.0000
v -5.0000 -14.0000 5.0000
v -4.0000 -14.0000 5.0000
v -4.0000 -14.0000 4.0000
v -5.0000 -14.0000 4.0000
v -4.0000 -12.0000 4.0000
v -5.0000 7.0000 4.0000
v -4.0000 9.0000 4.0000
v -4.0000 -12.0000 3.0000
v -5.0000 7.0000 3.0000
v -4.0000 10.0000 4.0000
v -4.0000 10.0000 3.0000
v -4.0000 9.0000 3.0000
v -4.0000 -12.0000 2.0000
v -5.0000 7.0000 2.0000
v -5.0000 8.0000 2.0000
v -4.0000 10.0000 2.0000
v -4.0000 9.0000 2.0000
v -4.0000 -15.0000 2.0000
v -4.0000 -15.0000 1.0000
v -4.0000 -16.0000 1.0000
v -4.0000 -16.0000 2.0000
v -4.0000 -12.0000 1.0000
v -5.0000 8.0000 1.0000
v -4.0000 9.0000 1.0000
v -5.0000 9.0000 1.0000
v -4.0000 -16.0000 -0.0000
v -4.0000 -14.0000 1.0000
v -5.0000 -14.0000 1.0000
v -5.0000 -14.0000 -0.0000
v -4.0000 -14.0000 -0.0000
v -4.0000 -15.0000 -0.0000
v -5.0000 -13.0000 1.0000
v -4.0000 -13.0000 1.0000
v -4.0000 -13.0000 -0.0000
v -5.0000 -13.0000 -0.0000
v -4.0000 -12.0000 -0.0000
v -5.0000 8.0000 -0.0000
v -4.0000 9.0000 -0.0000
v -5.0000 9.0000 -0.0000
v -4.0000 -15.0000 -1.0000
v -4.0000 -16.0000 -1.0000
v -4.0000 -12.0000 -1.0000
v -5.0000 7.0000 -1.0000
v -5.0000 8.0000 -1.0000
v -4.0000 9.0000 -1.0000
v -5.0000 9.0000 -1.0000
v -4.0000 -16.0000 -2.0000
v -4.0000 -15.0000 -2.0000
v -4.0000 -14.0000 -1.0000
v -4.0000 -14.0000 -2.0000
v -4.0000 -12.0000 -2.0000
v -5.0000 7.0000 -2.0000
v -5.0000 8.0000 -2.0000
v -4.0000 9.0000 -2.0000
v -4.0000 -12.0000 -3.0000
v -5.0000 7.0000 -3.0000
v -5.0000 8.0000 -3.0000
v -4.0000 10.0000 -2.0000
v -4.0000 10.0000 -3.0000
v -4.0000 9.0000 -3.0000
v -5.0000 -12.0000 -4.0000
v -4.0000 -12.0000 -4.0000
v -5.0000 7.0000 -4.0000
v -5.0000 8.0000 -4.0000
v -4.0000 9.0000 -4.0000
v -5.0000 9.0000 -4.0000
v -5.0000 -12.0000 -5.0000
v -4.0000 -12.0000 -5.0000
v -4.0000 -11.0000 -5.0000
v -4.0000 9.0000 -5.0000
v -4.0000 8.0000 -5.0000
v -4.0000 -11.0000 -6.0000
v -4.0000 -10.0000 -6.0000
v -4.0000 -9.0000 -6.0000
v -4.0000 4.0000 -6.0000
v -4.0000 3.0000 -6.0000
v -4.0000 7.0000 -6.0000
v -4.0000 6.0000 -6.0000
v -4.0000 6.0000 -5.0000
v -4.0000 7.0000 -5.0000
v -4.0000 8.0000 -6.0000
v -5.0000 10.0000 -5.0000
v -4.0000 10.0000 -5.0000
v -4.0000 10.0000 -6.0000
v -5.0000 10.0000 -6.0000
v -4.0000 9.0000 -6.0000
v -4.0000 -9.0000 -7.0000
v -4.0000 -8.0000 -7.0000
v -4.0000 -8.0000 -6.0000
v -4.0000 -7.0000 -7.0000
v -4.0000 -7.0000 -6.0000
v -4.0000 -4.0000 -7.0000
v -4.0000 -5.0000 -7.0000
v -4.0000 -3.0000 -7.0000
v -4.0000 1.0000 -7.0000
v -4.0000 0.0000 -7.0000
v -4.0000 3.0000 -7.0000
v -4.0000 4.0000 -7.0000
v -4.0000 5.0000 -7.0000
v -4.0000 5.0000 -6.0000
v -4.0000 6.0000 -7.0000
v -4.0000 -10.0000 -7.0000
v -4.0000 -10.0000 -8.0000
v -5.0000 -11.0000 -7.0000
v -5.0000 -11.0000 -8.0000
v -4.0000 -11.0000 -8.0000
v -4.0000 -11.0000 -7.0000
v -4.0000 -9.0000 -8.0000
v -5.0000 -8.0000 -8.0000
v -5.0000 -7.0000 -8.0000
v -4.0000 -7.0000 -8.0000
v -4.0000 -8.0000 -8.0000
v -4.0000 -6.0000 -8.0000
v -4.0000 -6.0000 -7.0000
v -4.0000 -5.0000 -8.0000
v -4.0000 -3.0000 -8.0000
v -4.0000 0.0000 -8.0000
v -4.0000 -1.0000 -8.0000
v -4.0000 -1.0000 -7.0000
v -4.0000 1.0000 -8.0000
v -4.0000 2.0000 -7.0000
v -4.0000 2.0000 -8.0000
v -4.0000 3.0000 -8.0000
v -4.0000 4.0000 -8.0000
v -4.0000 5.0000 -8.0000
v -4.0000 -8.0000 -9.0000
v -5.0000 -8.0000 -9.0000
v -5.0000 -9.0000 -9.0000
v -4.0000 -9.0000 -9.0000
v -4.0000 -3.0000 -9.0000
v -4.0000 -2.0000 -9.0000
v -4.0000 -2.0000 -8.0000
v -4.0000 -1.0000 -9.0000
v -4.0000 0.0000 -9.0000
v -4.0000 1.0000 -9.0000
v -4.0000 2.0000 -9.0000
v -4.0000 3.0000 -9.0000
v -4.0000 11.0000 14.0000
v -4.0000 11.0000 13.0000
v -3.0000 11.0000 13.0000
v -3.0000 11.0000 14.0000
v -3.0000 12.0000 14.0000
v -4.0000 12.0000 14.0000
v -4.0000 12.0000 13.0000
v -3.0000 12.0000 13.0000
v -4.0000 13.0000 14.0000
v -3.0000 13.0000 14.0000
v -3.0000 13.0000 13.0000
v -4.0000 13.0000 13.0000
v -3.0000 -8.0000 9.0000
v -3.0000 -8.0000 8.0000
v -3.0000 -9.0000 8.0000
v -3.0000 -9.0000 9.0000
v -3.0000 -3.0000 8.0000
v -3.0000 -3.0000 9.0000
v -3.0000 -2.0000 9.0000
v -3.0000 -1.0000 9.0000
v -3.0000 -1.0000 8.0000
v -3.0000 0.0000 8.0000
v -3.0000 0.0000 9.0000
v -3.0000 1.0000 9.0000
v -3.0000 2.0000 9.0000
v -3.0000 2.0000 8.0000
v -3.0000 -8.0000 7.0000
v -3.0000 -9.0000 7.0000
v -3.0000 -7.0000 7.0000
v -3.0000 -7.0000 8.0000
v -3.0000 -6.0000 8.0000
v -3.0000 -5.0000 8.0000
v -3.0000 -4.0000 8.0000
v -3.0000 3.0000 8.0000
v -3.0000 4.0000 8.0000
v -3.0000 4.0000 7.0000
v -3.0000 -12.0000 6.0000
v -3.0000 -12.0000 7.0000
v -3.0000 -11.0000 7.0000
v -3.0000 -10.0000 7.0000
v -3.0000 5.0000 7.0000
v -3.0000 6.0000 7.0000
v -3.0000 6.0000 6.0000
v -4.0000 10.0000 7.0000
v -3.0000 10.0000 6.0000
v -3.0000 10.0000 7.0000
v -3.0000 11.0000 7.0000
v -3.0000 11.0000 6.0000
v -3.0000 12.0000 7.0000
v -3.0000 12.0000 6.0000
v -3.0000 13.0000 7.0000
v -3.0000 13.0000 6.0000
v -3.0000 -16.0000 5.0000
v -3.0000 -16.0000 6.0000
v -3.0000 -15.0000 6.0000
v -3.0000 -15.0000 5.0000
v -4.0000 -14.0000 6.0000
v -3.0000 -14.0000 6.0000
v -3.0000 -14.0000 5.0000
v -3.0000 -12.0000 5.0000
v -3.0000 7.0000 6.0000
v -3.0000 8.0000 6.0000
v -3.0000 9.0000 6.0000
v -3.0000 10.0000 5.0000
v -3.0000 9.0000 5.0000
v -3.0000 -15.0000 4.0000
v -3.0000 -16.0000 4.0000
v -3.0000 -12.0000 4.0000
v -3.0000 9.0000 4.0000
v -3.0000 -15.0000 3.0000
v -4.0000 -15.0000 3.0000
v -4.0000 -16.0000 3.0000
v -3.0000 -16.0000 3.0000
v -3.0000 -12.0000 3.0000
v -3.0000 9.0000 3.0000
v -3.0000 -12.0000 2.0000
v -3.0000 10.0000 3.0000
v -3.0000 10.0000 2.0000
v -3.0000 9.0000 2.0000
v -3.0000 -12.0000 1.0000
v -3.0000 9.0000 1.0000
v -3.0000 -15.0000 1.0000
v -3.0000 -15.0000 -0.0000
v -3.0000 -16.0000 -0.0000
v -3.0000 -16.0000 1.0000
v -3.0000 -12.0000 -0.0000
v -3.0000 9.0000 -0.0000
v -3.0000 -15.0000 -1.0000
v -3.0000 -16.0000 -1.0000
v -3.0000 -12.0000 -1.0000
v -3.0000 9.0000 -1.0000
v -3.0000 -16.0000 -2.0000
v -3.0000 -15.0000 -2.0000
v -3.0000 -14.0000 -1.0000
v -3.0000 -14.0000 -2.0000
v -3.0000 -12.0000 -2.0000
v -3.0000 9.0000 -2.0000
v -3.0000 -14.0000 -3.0000
v -4.0000 -14.0000 -3.0000
v -4.0000 -15.0000 -3.0000
v -3.0000 -15.0000 -3.0000
v -3.0000 -12.0000 -3.0000
v -3.0000 10.0000 -2.0000
v -3.0000 10.0000 -3.0000
v -3.0000 9.0000 -3.0000
v -3.0000 -12.0000 -4.0000
v -3.0000 9.0000 -4.0000
v -4.0000 -15.0000 -4.0000
v -3.0000 -15.0000 -4.0000
v -3.0000 -15.0000 -5.0000
v -4.0000 -15.0000 -5.0000
v -4.0000 -16.0000 -4.0000
v -4.0000 -16.0000 -5.0000
v -3.0000 -16.0000 -5.0000
v -3.0000 -16.0000 -4.0000
v -3.0000 -12.0000 -5.0000
v -3.0000 -11.0000 -5.0000
v -3.0000 7.0000 -5.0000
v -3.0000 6.0000 -5.0000
v -3.0000 9.0000 -5.0000
v -3.0000 8.0000 -5.0000
v -3.0000 -15.0000 -6.0000
v -4.0000 -15.0000 -6.0000
v -4.0000 -16.0000 -6.0000
v -3.0000 -16.0000 -6.0000
v -3.0000 -11.0000 -6.0000
v -3.0000 -10.0000 -6.0000
v -3.0000 -10.0000 -5.0000
v -3.0000 -9.0000 -6.0000
v -3.0000 -8.0000 -6.0000
v -3.0000 -7.0000 -6.0000
v -3.0000 4.0000 -6.0000
v -3.0000 3.0000 -6.0000
v -3.0000 5.0000 -6.0000
v -3.0000 6.0000 -6.0000
v -3.0000 8.0000 -6.0000
v -3.0000 7.0000 -6.0000
v -3.0000 10.0000 -5.0000
v -3.0000 10.0000 -6.0000
v -3.0000 9.0000 -6.0000
v -3.0000 -10.0000 -7.0000
v -3.0000 -11.0000 -7.0000
v -3.0000 -7.0000 -7.0000
v -3.0000 -6.0000 -7.0000
v -3.0000 -5.0000 -7.0000
v -3.0000 -4.0000 -7.0000
v -3.0000 -3.0000 -7.0000
v -3.0000 0.0000 -7.0000
v -3.0000 -1.0000 -7.0000
v -3.0000 3.0000 -7.0000
v -3.0000 2.0000 -7.0000
v -4.0000 -15.0000 -7.0000
v -3.0000 -15.0000 -7.0000
v -3.0000 -15.0000 -8.0000
v -4.0000 -15.0000 -8.0000
v -4.0000 -16.0000 -7.0000
v -4.0000 -16.0000 -8.0000
v -3.0000 -16.0000 -8.0000
v -3.0000 -16.0000 -7.0000
v -3.0000 -8.0000 -7.0000
v -3.0000 -8.0000 -8.0000
v -3.0000 -9.0000 -8.0000
v -3.0000 -9.0000 -7.0000
v -3.0000 -3.0000 -8.0000
v -3.0000 -2.0000 -8.0000
v -3.0000 -1.0000 -8.0000
v -3.0000 0.0000 -8.0000
v -3.0000 1.0000 -8.0000
v -3.0000 1.0000 -7.0000
v -3.0000 2.0000 -8.0000
v -3.0000 4.0000 -7.0000
v -3.0000 4.0000 -8.0000
v -3.0000 3.0000 -8.0000
v -3.0000 -8.0000 -9.0000
v -3.0000 -9.0000 -9.0000
v -3.0000 0.0000 -9.0000
v -3.0000 1.0000 -9.0000
v -3.0000 2.0000 -9.0000
v -4.0000 -15.0000 -9.0000
v -3.0000 -15.0000 -9.0000
v -3.0000 -15.0000 -10.0000
v -4.0000 -15.0000 -10.0000
v -4.0000 -16.0000 -9.0000
v -4.0000 -16.0000 -10.0000
v -3.0000 -16.0000 -10.0000
v -3.0000 -16.0000 -9.0000
v -3.0000 -15.0000 -11.0000
v -4.0000 -15.0000 -11.0000
v -4.0000 -16.0000 -11.0000
v -3.0000 -16.0000 -11.0000
v -3.0000 -15.0000 -12.0000
v -4.0000 -15.0000 -12.0000
v -4.0000 -16.0000 -12.0000
v -3.0000 -16.0000 -12.0000
v -3.0000 10.0000 14.0000
v -3.0000 10.0000 13.0000
v -2.0000 10.0000 13.0000
v -2.0000 10.0000 14.0000
v -2.0000 11.0000 14.0000
v -2.0000 11.0000 13.0000
v -2.0000 12.0000 14.0000
v -2.0000 12.0000 13.0000
v -2.0000 13.0000 14.0000
v -2.0000 13.0000 13.0000
v -3.0000 7.0000 13.0000
v -3.0000 7.0000 12.0000
v -2.0000 7.0000 12.0000
v -2.0000 7.0000 13.0000
v -2.0000 8.0000 13.0000
v -3.0000 8.0000 13.0000
v -2.0000 8.0000 12.0000
v -3.0000 8.0000 12.0000
v -3.0000 9.0000 13.0000
v -2.0000 9.0000 13.0000
v -2.0000 9.0000 12.0000
v -3.0000 9.0000 12.0000
v -3.0000 7.0000 11.0000
v -2.0000 7.0000 11.0000
v -3.0000 8.0000 11.0000
v -2.0000 9.0000 11.0000
v -3.0000 9.0000 11.0000
v -3.0000 7.0000 10.0000
v -2.0000 7.0000 10.0000
v -3.0000 8.0000 10.0000
v -2.0000 9.0000 10.0000
v -3.0000 9.0000 10.0000
v -3.0000 7.0000 9.0000
v -2.0000 7.0000 9.0000
v -2.0000 8.0000 9.0000
v -2.0000 8.0000 10.0000
v -3.0000 8.0000 9.0000
v -2.0000 9.0000 9.0000
v -3.0000 9.0000 9.0000
v -2.0000 -3.0000 8.0000
v -2.0000 -3.0000 9.0000
v -2.0000 -2.0000 9.0000
v -2.0000 -1.0000 9.0000
v -2.0000 -1.0000 8.0000
v -2.0000 0.0000 8.0000
v -2.0000 0.0000 9.0000
v -2.0000 1.0000 9.0000
v -2.0000 2.0000 9.0000
v -2.0000 2.0000 8.0000
v -2.0000 8.0000 8.0000
v -3.0000 8.0000 8.0000
v -3.0000 7.0000 8.0000
v -2.0000 7.0000 8.0000
v -2.0000 -8.0000 8.0000
v -2.0000 -8.0000 7.0000
v -2.0000 -9.0000 7.0000
v -2.0000 -9.0000 8.0000
v -2.0000 -7.0000 7.0000
v -2.0000 -7.0000 8.0000
v -2.0000 -6.0000 8.0000
v -2.0000 -5.0000 8.0000
v -2.0000 -4.0000 8.0000
v -2.0000 3.0000 8.0000
v -2.0000 4.0000 8.0000
v -2.0000 4.0000 7.0000
v -3.0000 14.0000 8.0000
v -3.0000 14.0000 7.0000
v -2.0000 14.0000 7.0000
v -2.0000 14.0000 8.0000
v -2.0000 15.0000 8.0000
v -3.0000 15.0000 8.0000
v -3.0000 15.0000 7.0000
v -2.0000 15.0000 7.0000
v -3.0000 16.0000 8.0000
v -2.0000 16.0000 8.0000
v -2.0000 16.0000 7.0000
v -3.0000 16.0000 7.0000
v -2.0000 -12.0000 6.0000
v -2.0000 -12.0000 7.0000
v -2.0000 -11.0000 7.0000
v -2.0000 -10.0000 7.0000
v -2.0000 5.0000 7.0000
v -2.0000 6.0000 7.0000
v -2.0000 6.0000 6.0000
v -2.0000 10.0000 6.0000
v -2.0000 10.0000 7.0000
v -2.0000 11.0000 7.0000
v -2.0000 11.0000 6.0000
v -2.0000 12.0000 7.0000
v -2.0000 12.0000 6.0000
v -2.0000 -12.0000 5.0000
v -2.0000 7.0000 6.0000
v -2.0000 8.0000 6.0000
v -2.0000 9.0000 6.0000
v -2.0000 10.0000 5.0000
v -2.0000 9.0000 5.0000
v -2.0000 -12.0000 4.0000
v -2.0000 9.0000 4.0000
v -2.0000 -15.0000 4.0000
v -2.0000 -15.0000 3.0000
v -2.0000 -16.0000 3.0000
v -2.0000 -16.0000 4.0000
v -2.0000 -12.0000 3.0000
v -2.0000 9.0000 3.0000
v -2.0000 -12.0000 2.0000
v -2.0000 10.0000 3.0000
v -2.0000 10.0000 2.0000
v -2.0000 9.0000 2.0000
v -3.0000 -15.0000 2.0000
v -2.0000 -15.0000 2.0000
v -2.0000 -15.0000 1.0000
v -3.0000 -16.0000 2.0000
v -2.0000 -16.0000 1.0000
v -2.0000 -16.0000 2.0000
v -2.0000 -12.0000 1.0000
v -2.0000 9.0000 1.0000
v -2.0000 -12.0000 -0.0000
v -2.0000 9.0000 -0.0000
v -2.0000 -16.0000 -1.0000
v -2.0000 -16.0000 -0.0000
v -2.0000 -15.0000 -0.0000
v -2.0000 -15.0000 -1.0000
v -3.0000 -14.0000 -0.0000
v -2.0000 -14.0000 -0.0000
v -2.0000 -14.0000 -1.0000
v -2.0000 -12.0000 -1.0000
v -2.0000 9.0000 -1.0000
v -2.0000 -14.0000 -2.0000
v -2.0000 -15.0000 -2.0000
v -2.0000 -12.0000 -2.0000
v -2.0000 9.0000 -2.0000
v -2.0000 -15.0000 -3.0000
v -3.0000 -16.0000 -3.0000
v -2.0000 -16.0000 -3.0000
v -2.0000 -16.0000 -2.0000
v -2.0000 -12.0000 -3.0000
v -2.0000 10.0000 -2.0000
v -2.0000 10.0000 -3.0000
v -2.0000 9.0000 -3.0000
v -2.0000 -16.0000 -4.0000
v -2.0000 -14.0000 -3.0000
v -2.0000 -14.0000 -4.0000
v -3.0000 -14.0000 -4.0000
v -2.0000 -15.0000 -4.0000
v -2.0000 -12.0000 -4.0000
v -2.0000 9.0000 -4.0000
v -2.0000 -16.0000 -5.0000
v -2.0000 -14.0000 -5.0000
v -3.0000 -14.0000 -5.0000
v -2.0000 -15.0000 -5.0000
v -2.0000 -12.0000 -5.0000
v -2.0000 -10.0000 -5.0000
v -2.0000 -11.0000 -5.0000
v -2.0000 7.0000 -5.0000
v -2.0000 6.0000 -5.0000
v -2.0000 8.0000 -5.0000
v -2.0000 9.0000 -5.0000
v -2.0000 -15.0000 -6.0000
v -2.0000 -16.0000 -6.0000
v -2.0000 -11.0000 -6.0000
v -3.0000 -12.0000 -6.0000
v -2.0000 -12.0000 -6.0000
v -2.0000 -10.0000 -6.0000
v -2.0000 -9.0000 -6.0000
v -2.0000 -8.0000 -6.0000
v -2.0000 -7.0000 -6.0000
v -2.0000 4.0000 -6.0000
v -2.0000 3.0000 -6.0000
v -2.0000 5.0000 -6.0000
v -2.0000 6.0000 -6.0000
v -2.0000 10.0000 -5.0000
v -2.0000 10.0000 -6.0000
v -2.0000 9.0000 -6.0000
v -2.0000 -15.0000 -7.0000
v -2.0000 -16.0000 -7.0000
v -2.0000 -7.0000 -7.0000
v -2.0000 -6.0000 -7.0000
v -2.0000 -5.0000 -7.0000
v -2.0000 -4.0000 -7.0000
v -2.0000 -3.0000 -7.0000
v -2.0000 1.0000 -7.0000
v -2.0000 0.0000 -7.0000
v -2.0000 2.0000 -7.0000
v -2.0000 3.0000 -7.0000
v -2.0000 -15.0000 -8.0000
v -2.0000 -16.0000 -8.0000
v -2.0000 -8.0000 -7.0000
v -2.0000 -8.0000 -8.0000
v -2.0000 -9.0000 -8.0000
v -2.0000 -9.0000 -7.0000
v -2.0000 -3.0000 -8.0000
v -2.0000 -2.0000 -8.0000
v -2.0000 -1.0000 -8.0000
v -2.0000 0.0000 -8.0000
v -2.0000 4.0000 -7.0000
v -2.0000 4.0000 -8.0000
v -2.0000 3.0000 -8.0000
v -2.0000 -15.0000 -9.0000
v -2.0000 -16.0000 -9.0000
v -2.0000 0.0000 -9.0000
v -2.0000 1.0000 -8.0000
v -2.0000 1.0000 -9.0000
v -2.0000 2.0000 -8.0000
v -2.0000 2.0000 -9.0000
v -2.0000 -15.0000 -10.0000
v -2.0000 -16.0000 -10.0000
v -2.0000 -15.0000 -11.0000
v -2.0000 -16.0000 -11.0000
v -2.0000 2.0000 14.0000
v -2.0000 2.0000 13.0000
v -1.0000 2.0000 13.0000
v -1.0000 2.0000 14.0000
v -1.0000 3.0000 14.0000
v -2.0000 3.0000 14.0000
v -2.0000 3.0000 13.0000
v -1.0000 3.0000 13.0000
v -1.0000 4.0000 14.0000
v -2.0000 4.0000 14.0000
v -2.0000 4.0000 13.0000
v -1.0000 4.0000 13.0000
v -1.0000 5.0000 14.0000
v -2.0000 5.0000 14.0000
v -2.0000 5.0000 13.0000
v -1.0000 5.0000 13.0000
v -1.0000 6.0000 14.0000
v -2.0000 6.0000 14.0000
v -2.0000 6.0000 13.0000
v -1.0000 7.0000 14.0000
v -2.0000 7.0000 14.0000
v -1.0000 8.0000 14.0000
v -2.0000 8.0000 14.0000
v -1.0000 8.0000 13.0000
v -1.0000 7.0000 13.0000
v -2.0000 9.0000 14.0000
v -1.0000 9.0000 14.0000
v -1.0000 9.0000 13.0000
v -1.0000 10.0000 13.0000
v -1.0000 10.0000 14.0000
v -1.0000 11.0000 14.0000
v -1.0000 12.0000 14.0000
v -1.0000 12.0000 13.0000
v -1.0000 11.0000 13.0000
v -2.0000 5.0000 12.0000
v -1.0000 5.0000 12.0000
v -2.0000 6.0000 12.0000
v -1.0000 7.0000 12.0000
v -1.0000 8.0000 12.0000
v -2.0000 10.0000 12.0000
v -1.0000 11.0000 12.0000
v -2.0000 11.0000 12.0000
v -2.0000 5.0000 11.0000
v -1.0000 5.0000 11.0000
v -2.0000 6.0000 11.0000
v -1.0000 7.0000 11.0000
v -1.0000 8.0000 11.0000
v -1.0000 9.0000 11.0000
v -1.0000 9.0000 12.0000
v -1.0000 10.0000 11.0000
v -1.0000 10.0000 12.0000
v -2.0000 10.0000 11.0000
v -1.0000 11.0000 11.0000
v -2.0000 11.0000 11.0000
v -2.0000 5.0000 10.0000
v -1.0000 5.0000 10.0000
v -2.0000 6.0000 10.0000
v -1.0000 6.0000 10.0000
v -1.0000 8.0000 10.0000
v -1.0000 7.0000 10.0000
v -1.0000 9.0000 10.0000
v -1.0000 10.0000 10.0000
v -2.0000 10.0000 10.0000
v -1.0000 11.0000 10.0000
v -2.0000 11.0000 10.0000
v -2.0000 -3.0000 10.0000
v -1.0000 -3.0000 9.0000
v -1.0000 -3.0000 10.0000
v -1.0000 -2.0000 10.0000
v -2.0000 -2.0000 10.0000
v -1.0000 -2.0000 9.0000
v -2.0000 -1.0000 10.0000
v -1.0000 -1.0000 10.0000
v -1.0000 -1.0000 9.0000
v -1.0000 7.0000 9.0000
v -2.0000 6.0000 9.0000
v -1.0000 6.0000 9.0000
v -1.0000 8.0000 9.0000
v -1.0000 9.0000 9.0000
v -2.0000 10.0000 9.0000
v -1.0000 10.0000 9.0000
v -1.0000 11.0000 9.0000
v -2.0000 11.0000 9.0000
v -2.0000 -15.0000 9.0000
v -1.0000 -15.0000 9.0000
v -1.0000 -15.0000 8.0000
v -2.0000 -15.0000 8.0000
v -2.0000 -16.0000 9.0000
v -2.0000 -16.0000 8.0000
v -1.0000 -16.0000 8.0000
v -1.0000 -16.0000 9.0000
v -2.0000 -8.0000 9.0000
v -1.0000 -8.0000 9.0000
v -1.0000 -8.0000 8.0000
v -2.0000 -9.0000 9.0000
v -1.0000 -9.0000 8.0000
v -1.0000 -9.0000 9.0000
v -2.0000 -7.0000 9.0000
v -1.0000 -7.0000 8.0000
v -1.0000 -7.0000 9.0000
v -1.0000 -6.0000 9.0000
v -2.0000 -6.0000 9.0000
v -1.0000 -6.0000 8.0000
v -1.0000 -5.0000 9.0000
v -2.0000 -5.0000 9.0000
v -1.0000 -5.0000 8.0000
v -1.0000 -4.0000 9.0000
v -2.0000 -4.0000 9.0000
v -1.0000 0.0000 9.0000
v -1.0000 1.0000 9.0000
v -1.0000 2.0000 9.0000
v -1.0000 1.0000 8.0000
v -1.0000 2.0000 8.0000
v -2.0000 3.0000 9.0000
v -1.0000 3.0000 9.0000
v -1.0000 3.0000 8.0000
v -1.0000 7.0000 8.0000
v -1.0000 8.0000 8.0000
v -1.0000 9.0000 8.0000
v -2.0000 9.0000 8.0000
v -1.0000 -15.0000 7.0000
v -2.0000 -15.0000 7.0000
v -2.0000 -16.0000 7.0000
v -1.0000 -16.0000 7.0000
v -2.0000 -10.0000 8.0000
v -1.0000 -10.0000 7.0000
v -1.0000 -10.0000 8.0000
v -1.0000 -9.0000 7.0000
v -1.0000 -8.0000 7.0000
v -1.0000 -7.0000 7.0000
v -1.0000 4.0000 8.0000
v -1.0000 3.0000 7.0000
v -1.0000 4.0000 7.0000
v -2.0000 5.0000 8.0000
v -1.0000 5.0000 8.0000
v -1.0000 5.0000 7.0000
v -2.0000 13.0000 8.0000
v -2.0000 13.0000 7.0000
v -1.0000 13.0000 7.0000
v -1.0000 13.0000 8.0000
v -1.0000 14.0000 8.0000
v -1.0000 14.0000 7.0000
v -1.0000 15.0000 8.0000
v -1.0000 15.0000 7.0000
v -1.0000 16.0000 8.0000
v -1.0000 16.0000 7.0000
v -1.0000 -15.0000 6.0000
v -2.0000 -15.0000 6.0000
v -2.0000 -16.0000 6.0000
v -1.0000 -16.0000 6.0000
v -1.0000 -12.0000 6.0000
v -1.0000 -12.0000 7.0000
v -1.0000 -11.0000 7.0000
v -1.0000 -11.0000 6.0000
v -1.0000 -10.0000 6.0000
v -1.0000 6.0000 7.0000
v -1.0000 6.0000 6.0000
v -2.0000 9.0000 7.0000
v -1.0000 9.0000 6.0000
v -1.0000 9.0000 7.0000
v -1.0000 10.0000 7.0000
v -1.0000 11.0000 7.0000
v -1.0000 11.0000 6.0000
v -1.0000 10.0000 6.0000
v -1.0000 -12.0000 5.0000
v -1.0000 7.0000 6.0000
v -1.0000 8.0000 6.0000
v -1.0000 10.0000 5.0000
v -1.0000 9.0000 5.0000
v -1.0000 -12.0000 4.0000
v -1.0000 9.0000 4.0000
v -1.0000 -15.0000 4.0000
v -1.0000 -15.0000 3.0000
v -1.0000 -16.0000 3.0000
v -1.0000 -16.0000 4.0000
v -1.0000 -12.0000 3.0000
v -1.0000 9.0000 3.0000
v -1.0000 -15.0000 2.0000
v -1.0000 -16.0000 2.0000
v -1.0000 -12.0000 2.0000
v -1.0000 10.0000 3.0000
v -1.0000 10.0000 2.0000
v -1.0000 9.0000 2.0000
v -1.0000 -15.0000 1.0000
v -1.0000 -16.0000 1.0000
v -1.0000 -12.0000 1.0000
v -1.0000 9.0000 1.0000
v -1.0000 -16.0000 -0.0000
v -1.0000 -14.0000 1.0000
v -2.0000 -14.0000 1.0000
v -2.0000 -13.0000 1.0000
v -1.0000 -13.0000 1.0000
v -1.0000 -13.0000 -0.0000
v -2.0000 -13.0000 -0.0000
v -1.0000 -14.0000 -0.0000
v -1.0000 -12.0000 -0.0000
v -1.0000 9.0000 -0.0000
v -1.0000 -16.0000 -1.0000
v -1.0000 -14.0000 -1.0000
v -1.0000 -12.0000 -1.0000
v -1.0000 9.0000 -1.0000
v -1.0000 -16.0000 -2.0000
v -1.0000 -14.0000 -2.0000
v -1.0000 -15.0000 -2.0000
v -1.0000 -12.0000 -2.0000
v -1.0000 9.0000 -2.0000
v -1.0000 -15.0000 -3.0000
v -1.0000 -16.0000 -3.0000
v -1.0000 -12.0000 -3.0000
v -1.0000 10.0000 -2.0000
v -1.0000 10.0000 -3.0000
v -1.0000 9.0000 -3.0000
v -1.0000 -15.0000 -4.0000
v -1.0000 -16.0000 -4.0000
v -1.0000 -12.0000 -4.0000
v -1.0000 9.0000 -4.0000
v -1.0000 -15.0000 -5.0000
v -1.0000 -16.0000 -5.0000
v -1.0000 -12.0000 -5.0000
v -1.0000 -10.0000 -5.0000
v -1.0000 -11.0000 -5.0000
v -1.0000 7.0000 -5.0000
v -1.0000 6.0000 -5.0000
v -1.0000 8.0000 -5.0000
v -1.0000 9.0000 -5.0000
v -1.0000 -15.0000 -6.0000
v -1.0000 -16.0000 -6.0000
v -1.0000 -11.0000 -6.0000
v -1.0000 -12.0000 -6.0000
v -1.0000 -10.0000 -6.0000
v -1.0000 -9.0000 -6.0000
v -1.0000 -8.0000 -6.0000
v -1.0000 -7.0000 -6.0000
v -1.0000 4.0000 -6.0000
v -1.0000 3.0000 -6.0000
v -1.0000 5.0000 -6.0000
v -1.0000 6.0000 -6.0000
v -1.0000 10.0000 -5.0000
v -1.0000 10.0000 -6.0000
v -1.0000 9.0000 -6.0000
v -1.0000 -16.0000 -7.0000
v -2.0000 -14.0000 -6.0000
v -1.0000 -14.0000 -6.0000
v -1.0000 -14.0000 -7.0000
v -2.0000 -14.0000 -7.0000
v -1.0000 -15.0000 -7.0000
v -1.0000 -7.0000 -7.0000
v -1.0000 -6.0000 -7.0000
v -1.0000 -5.0000 -7.0000
v -1.0000 -4.0000 -7.0000
v -1.0000 -3.0000 -7.0000
v -1.0000 1.0000 -7.0000
v -1.0000 0.0000 -7.0000
v -1.0000 2.0000 -7.0000
v -1.0000 3.0000 -7.0000
v -1.0000 -15.0000 -8.0000
v -1.0000 -16.0000 -8.0000
v -1.0000 -3.0000 -8.0000
v -1.0000 -2.0000 -8.0000
v -1.0000 -1.0000 -8.0000
v -1.0000 0.0000 -8.0000
v -1.0000 -1.0000 -7.0000
v -1.0000 -8.0000 -8.0000
v -1.0000 -8.0000 -9.0000
v -2.0000 -8.0000 -9.0000
v -2.0000 -9.0000 -9.0000
v -1.0000 -9.0000 -9.0000
v -1.0000 -9.0000 -8.0000
v -1.0000 1.0000 -8.0000
v -1.0000 1.0000 -9.0000
v -1.0000 0.0000 -9.0000
v 0.0000 5.0000 13.0000
v 0.0000 5.0000 14.0000
v 0.0000 6.0000 14.0000
v 0.0000 7.0000 14.0000
v 0.0000 8.0000 14.0000
v 0.0000 8.0000 13.0000
v 0.0000 7.0000 13.0000
v 0.0000 9.0000 14.0000
v 0.0000 10.0000 14.0000
v 0.0000 11.0000 14.0000
v 0.0000 11.0000 13.0000
v 0.0000 5.0000 12.0000
v 0.0000 7.0000 12.0000
v 0.0000 8.0000 12.0000
v 0.0000 9.0000 12.0000
v 0.0000 9.0000 13.0000
v 0.0000 10.0000 12.0000
v 0.0000 10.0000 13.0000
v 0.0000 11.0000 12.0000
v 0.0000 5.0000 11.0000
v 0.0000 7.0000 11.0000
v -1.0000 12.0000 12.0000
v 0.0000 12.0000 12.0000
v 0.0000 12.0000 11.0000
v -1.0000 12.0000 11.0000
v 0.0000 11.0000 11.0000
v 0.0000 5.0000 10.0000
v 0.0000 6.0000 10.0000
v 0.0000 7.0000 10.0000
v 0.0000 12.0000 10.0000
v -1.0000 12.0000 10.0000
v 0.0000 11.0000 10.0000
v -1.0000 -15.0000 10.0000
v 0.0000 -15.0000 10.0000
v 0.0000 -15.0000 9.0000
v -1.0000 -16.0000 10.0000
v 0.0000 -16.0000 9.0000
v 0.0000 -16.0000 10.0000
v 0.0000 -1.0000 10.0000
v 0.0000 -1.0000 9.0000
v 0.0000 -2.0000 9.0000
v 0.0000 -2.0000 10.0000
v 0.0000 7.0000 9.0000
v 0.0000 6.0000 9.0000
v 0.0000 9.0000 9.0000
v 0.0000 9.0000 10.0000
v 0.0000 10.0000 10.0000
v 0.0000 12.0000 9.0000
v -1.0000 12.0000 9.0000
v 0.0000 11.0000 9.0000
v 0.0000 -16.0000 8.0000
v -1.0000 -14.0000 9.0000
v 0.0000 -14.0000 9.0000
v 0.0000 -14.0000 8.0000
v -1.0000 -14.0000 8.0000
v 0.0000 -15.0000 8.0000
v 0.0000 -5.0000 8.0000
v 0.0000 -5.0000 9.0000
v 0.0000 -4.0000 9.0000
v 0.0000 -3.0000 9.0000
v 0.0000 0.0000 9.0000
v 0.0000 1.0000 9.0000
v 0.0000 1.0000 8.0000
v 0.0000 3.0000 9.0000
v 0.0000 3.0000 8.0000
v 0.0000 2.0000 8.0000
v 0.0000 2.0000 9.0000
v 0.0000 7.0000 8.0000
v 0.0000 8.0000 9.0000
v -1.0000 10.0000 8.0000
v 0.0000 11.0000 8.0000
v -1.0000 11.0000 8.0000
v 0.0000 10.0000 8.0000
v 0.0000 -15.0000 7.0000
v 0.0000 -16.0000 7.0000
v 0.0000 -8.0000 8.0000
v 0.0000 -8.0000 7.0000
v 0.0000 -9.0000 7.0000
v 0.0000 -9.0000 8.0000
v 0.0000 -7.0000 7.0000
v 0.0000 -7.0000 8.0000
v 0.0000 -6.0000 8.0000
v 0.0000 3.0000 7.0000
v -1.0000 7.0000 7.0000
v 0.0000 7.0000 7.0000
v -1.0000 8.0000 7.0000
v 0.0000 10.0000 7.0000
v -1.0000 12.0000 8.0000
v -1.0000 12.0000 7.0000
v 0.0000 12.0000 7.0000
v 0.0000 12.0000 8.0000
v 0.0000 13.0000 8.0000
v 0.0000 13.0000 7.0000
v 0.0000 14.0000 8.0000
v 0.0000 14.0000 7.0000
v 0.0000 15.0000 8.0000
v 0.0000 15.0000 7.0000
v 0.0000 -15.0000 6.0000
v 0.0000 -16.0000 6.0000
v 0.0000 -11.0000 7.0000
v 0.0000 -11.0000 6.0000
v 0.0000 -12.0000 6.0000
v 0.0000 -12.0000 7.0000
v 0.0000 -10.0000 6.0000
v 0.0000 -10.0000 7.0000
v 0.0000 4.0000 7.0000
v 0.0000 5.0000 7.0000
v 0.0000 6.0000 7.0000
v 0.0000 11.0000 7.0000
v 0.0000 11.0000 6.0000
v 0.0000 10.0000 6.0000
v 0.0000 -15.0000 5.0000
v -1.0000 -15.0000 5.0000
v -1.0000 -16.0000 5.0000
v 0.0000 -16.0000 5.0000
v 0.0000 -12.0000 5.0000
v 0.0000 10.0000 5.0000
v 0.0000 9.0000 5.0000
v 0.0000 -15.0000 4.0000
v 0.0000 -16.0000 4.0000
v 0.0000 -12.0000 4.0000
v 0.0000 9.0000 4.0000
v 0.0000 -16.0000 3.0000
v 0.0000 -15.0000 3.0000
v 0.0000 -14.0000 4.0000
v -1.0000 -14.0000 4.0000
v 0.0000 -14.0000 3.0000
v -1.0000 -14.0000 3.0000
v -1.0000 -13.0000 4.0000
v 0.0000 -13.0000 4.0000
v 0.0000 -13.0000 3.0000
v -1.0000 -13.0000 3.0000
v 0.0000 -12.0000 3.0000
v 0.0000 9.0000 3.0000
v 0.0000 -16.0000 2.0000
v -1.0000 -14.0000 2.0000
v -1.0000 -13.0000 2.0000
v 0.0000 -12.0000 2.0000
v 0.0000 -13.0000 2.0000
v 0.0000 9.0000 2.0000
v 0.0000 -16.0000 1.0000
v 0.0000 -13.0000 1.0000
v 0.0000 -12.0000 1.0000
v 0.0000 9.0000 1.0000
v 0.0000 -16.0000 -0.0000
v 0.0000 9.0000 -0.0000
v 0.0000 -16.0000 -1.0000
v -1.0000 -13.0000 -1.0000
v 0.0000 -12.0000 -1.0000
v 0.0000 -13.0000 -1.0000
v 0.0000 9.0000 -1.0000
v 0.0000 -16.0000 -2.0000
v 0.0000 -15.0000 -2.0000
v 0.0000 -14.0000 -2.0000
v 0.0000 -13.0000 -2.0000
v -1.0000 -13.0000 -2.0000
v 0.0000 -12.0000 -2.0000
v 0.0000 9.0000 -2.0000
v 0.0000 -12.0000 -3.0000
v 0.0000 9.0000 -3.0000
v 0.0000 -12.0000 -4.0000
v 0.0000 9.0000 -4.0000
v 0.0000 -12.0000 -5.0000
v 0.0000 -10.0000 -5.0000
v 0.0000 -11.0000 -5.0000
v 0.0000 7.0000 -5.0000
v 0.0000 6.0000 -5.0000
v 0.0000 8.0000 -5.0000
v 0.0000 9.0000 -5.0000
v 0.0000 -11.0000 -6.0000
v 0.0000 -12.0000 -6.0000
v 0.0000 -10.0000 -6.0000
v 0.0000 -9.0000 -6.0000
v 0.0000 -8.0000 -6.0000
v 0.0000 -7.0000 -6.0000
v 0.0000 4.0000 -6.0000
v 0.0000 3.0000 -6.0000
v 0.0000 5.0000 -6.0000
v 0.0000 6.0000 -6.0000
v 0.0000 10.0000 -5.0000
v 0.0000 10.0000 -6.0000
v 0.0000 9.0000 -6.0000
v 0.0000 -15.0000 -6.0000
v 0.0000 -15.0000 -7.0000
v 0.0000 -16.0000 -7.0000
v 0.0000 -16.0000 -6.0000
v 0.0000 -7.0000 -7.0000
v 0.0000 -6.0000 -7.0000
v 0.0000 -5.0000 -7.0000
v 0.0000 -4.0000 -7.0000
v 0.0000 -3.0000 -7.0000
v 0.0000 0.0000 -7.0000
v 0.0000 -1.0000 -7.0000
v 0.0000 1.0000 -7.0000
v 0.0000 2.0000 -7.0000
v 0.0000 3.0000 -7.0000
v 0.0000 -15.0000 -8.0000
v 0.0000 -16.0000 -8.0000
v -1.0000 -8.0000 -7.0000
v 0.0000 -8.0000 -7.0000
v 0.0000 -8.0000 -8.0000
v -1.0000 -9.0000 -7.0000
v 0.0000 -9.0000 -8.0000
v 0.0000 -9.0000 -7.0000
v 0.0000 -3.0000 -8.0000
v 0.0000 -2.0000 -8.0000
v 0.0000 -1.0000 -8.0000
v 1.0000 5.0000 13.0000
v 1.0000 5.0000 14.0000
v 1.0000 6.0000 14.0000
v 1.0000 7.0000 14.0000
v 1.0000 8.0000 14.0000
v 1.0000 8.0000 13.0000
v 1.0000 7.0000 13.0000
v 1.0000 9.0000 14.0000
v 1.0000 9.0000 13.0000
v 1.0000 10.0000 14.0000
v 1.0000 10.0000 13.0000
v 1.0000 11.0000 14.0000
v 1.0000 11.0000 13.0000
v 0.0000 -15.0000 13.0000
v 1.0000 -15.0000 13.0000
v 1.0000 -15.0000 12.0000
v 0.0000 -15.0000 12.0000
v 0.0000 -16.0000 13.0000
v 0.0000 -16.0000 12.0000
v 1.0000 -16.0000 12.0000
v 1.0000 -16.0000 13.0000
v 1.0000 5.0000 12.0000
v 1.0000 7.0000 12.0000
v 0.0000 12.0000 13.0000
v 1.0000 12.0000 13.0000
v 1.0000 12.0000 12.0000
v 1.0000 11.0000 12.0000
v 1.0000 -15.0000 11.0000
v 0.0000 -15.0000 11.0000
v 0.0000 -16.0000 11.0000
v 1.0000 -16.0000 11.0000
v 1.0000 5.0000 11.0000
v 1.0000 7.0000 11.0000
v 1.0000 11.0000 11.0000
v 0.0000 13.0000 12.0000
v 1.0000 13.0000 12.0000
v 1.0000 13.0000 11.0000
v 0.0000 13.0000 11.0000
v 1.0000 12.0000 11.0000
v 1.0000 -15.0000 10.0000
v 1.0000 -16.0000 10.0000
v 1.0000 5.0000 10.0000
v 1.0000 6.0000 10.0000
v 1.0000 7.0000 10.0000
v 1.0000 11.0000 10.0000
v 1.0000 12.0000 10.0000
v 1.0000 13.0000 10.0000
v 0.0000 13.0000 10.0000
v 0.0000 14.0000 11.0000
v 1.0000 14.0000 11.0000
v 1.0000 14.0000 10.0000
v 0.0000 14.0000 10.0000
v 1.0000 -15.0000 9.0000
v 1.0000 -16.0000 9.0000
v 1.0000 -1.0000 10.0000
v 1.0000 -1.0000 9.0000
v 1.0000 -2.0000 9.0000
v 1.0000 -2.0000 10.0000
v 1.0000 7.0000 9.0000
v 1.0000 6.0000 9.0000
v 1.0000 9.0000 9.0000
v 1.0000 9.0000 10.0000
v 1.0000 10.0000 10.0000
v 1.0000 13.0000 9.0000
v 0.0000 13.0000 9.0000
v 1.0000 12.0000 9.0000
v 1.0000 -15.0000 8.0000
v 1.0000 -16.0000 8.0000
v 1.0000 -5.0000 8.0000
v 1.0000 -5.0000 9.0000
v 1.0000 -4.0000 9.0000
v 1.0000 -3.0000 9.0000
v 1.0000 0.0000 9.0000
v 1.0000 1.0000 9.0000
v 1.0000 2.0000 9.0000
v 1.0000 3.0000 9.0000
v 0.0000 4.0000 9.0000
v 1.0000 4.0000 9.0000
v 1.0000 4.0000 8.0000
v 0.0000 4.0000 8.0000
v 1.0000 3.0000 8.0000
v 1.0000 7.0000 8.0000
v 1.0000 8.0000 9.0000
v 1.0000 12.0000 8.0000
v 1.0000 11.0000 9.0000
v 1.0000 11.0000 8.0000
v 1.0000 -16.0000 7.0000
v 1.0000 -15.0000 7.0000
v 1.0000 -14.0000 8.0000
v 1.0000 -14.0000 7.0000
v 0.0000 -14.0000 7.0000
v 1.0000 -8.0000 8.0000
v 1.0000 -8.0000 7.0000
v 1.0000 -9.0000 7.0000
v 1.0000 -9.0000 8.0000
v 1.0000 -7.0000 7.0000
v 1.0000 -7.0000 8.0000
v 1.0000 -6.0000 8.0000
v 1.0000 5.0000 8.0000
v 0.0000 5.0000 8.0000
v 1.0000 6.0000 8.0000
v 0.0000 6.0000 8.0000
v 1.0000 5.0000 7.0000
v 1.0000 6.0000 7.0000
v 1.0000 7.0000 7.0000
v 1.0000 11.0000 7.0000
v 1.0000 10.0000 7.0000
v 1.0000 10.0000 8.0000
v 1.0000 12.0000 7.0000
v 1.0000 13.0000 8.0000
v 1.0000 13.0000 7.0000
v 1.0000 14.0000 8.0000
v 1.0000 14.0000 7.0000
v 0.0000 -13.0000 7.0000
v 0.0000 -13.0000 6.0000
v 1.0000 -13.0000 6.0000
v 1.0000 -13.0000 7.0000
v 1.0000 -12.0000 7.0000
v 1.0000 -12.0000 6.0000
v 1.0000 -11.0000 7.0000
v 1.0000 -11.0000 6.0000
v 1.0000 -10.0000 6.0000
v 1.0000 -10.0000 7.0000
v 1.0000 10.0000 6.0000
v 0.0000 -13.0000 5.0000
v 1.0000 -13.0000 5.0000
v 1.0000 -12.0000 5.0000
v 1.0000 11.0000 6.0000
v 1.0000 10.0000 5.0000
v 1.0000 11.0000 5.0000
v 0.0000 11.0000 5.0000
v 0.0000 12.0000 6.0000
v 1.0000 12.0000 6.0000
v 1.0000 12.0000 5.0000
v 0.0000 12.0000 5.0000
v 1.0000 -13.0000 4.0000
v 1.0000 -12.0000 4.0000
v 1.0000 9.0000 5.0000
v 1.0000 9.0000 4.0000
v 1.0000 10.0000 4.0000
v 0.0000 10.0000 4.0000
v 1.0000 11.0000 4.0000
v 0.0000 11.0000 4.0000
v 1.0000 -13.0000 3.0000
v 1.0000 -12.0000 3.0000
v 1.0000 9.0000 3.0000
v 1.0000 10.0000 3.0000
v 0.0000 10.0000 3.0000
v 1.0000 11.0000 3.0000
v 0.0000 11.0000 3.0000
v 0.0000 12.0000 4.0000
v 1.0000 12.0000 4.0000
v 1.0000 12.0000 3.0000
v 0.0000 12.0000 3.0000
v 1.0000 -16.0000 2.0000
v 1.0000 -16.0000 3.0000
v 1.0000 -15.0000 3.0000
v 1.0000 -14.0000 3.0000
v 1.0000 -13.0000 2.0000
v 1.0000 -12.0000 2.0000
v 0.0000 10.0000 2.0000
v 1.0000 10.0000 2.0000
v 1.0000 11.0000 2.0000
v 0.0000 11.0000 2.0000
v 1.0000 12.0000 2.0000
v 0.0000 12.0000 2.0000
v 0.0000 13.0000 3.0000
v 1.0000 13.0000 3.0000
v 1.0000 13.0000 2.0000
v 0.0000 13.0000 2.0000
v 1.0000 -16.0000 1.0000
v 1.0000 -15.0000 1.0000
v 1.0000 -15.0000 2.0000
v 1.0000 9.0000 2.0000
v 1.0000 9.0000 1.0000
v 1.0000 10.0000 1.0000
v 0.0000 10.0000 1.0000
v 1.0000 11.0000 1.0000
v 0.0000 11.0000 1.0000
v 1.0000 12.0000 1.0000
v 0.0000 12.0000 1.0000
v 1.0000 -16.0000 -0.0000
v 1.0000 9.0000 -0.0000
v 1.0000 10.0000 -0.0000
v 0.0000 10.0000 -0.0000
v 1.0000 11.0000 -0.0000
v 0.0000 11.0000 -0.0000
v 1.0000 12.0000 -0.0000
v 0.0000 12.0000 -0.0000
v 1.0000 -16.0000 -1.0000
v 1.0000 9.0000 -1.0000
v 1.0000 10.0000 -1.0000
v 0.0000 10.0000 -1.0000
v 1.0000 11.0000 -1.0000
v 0.0000 11.0000 -1.0000
v 1.0000 12.0000 -1.0000
v 0.0000 12.0000 -1.0000
v 0.0000 13.0000 -0.0000
v 1.0000 13.0000 -0.0000
v 1.0000 13.0000 -1.0000
v 0.0000 13.0000 -1.0000
v 1.0000 -16.0000 -2.0000
v 1.0000 -15.0000 -2.0000
v 1.0000 9.0000 -2.0000
v 1.0000 10.0000 -2.0000
v 0.0000 10.0000 -2.0000
v 1.0000 11.0000 -2.0000
v 0.0000 11.0000 -2.0000
v 1.0000 12.0000 -2.0000
v 0.0000 12.0000 -2.0000
v 0.0000 -15.0000 -3.0000
v 1.0000 -15.0000 -3.0000
v 0.0000 -14.0000 -3.0000
v 1.0000 -14.0000 -3.0000
v 0.0000 -13.0000 -3.0000
v 1.0000 -13.0000 -3.0000
v 1.0000 -14.0000 -2.0000
v 1.0000 -13.0000 -2.0000
v 1.0000 -12.0000 -3.0000
v 1.0000 -12.0000 -2.0000
v 0.0000 10.0000 -3.0000
v 1.0000 10.0000 -3.0000
v 1.0000 11.0000 -3.0000
v 0.0000 11.0000 -3.0000
v 1.0000 12.0000 -3.0000
v 0.0000 12.0000 -3.0000
v 0.0000 -13.0000 -4.0000
v 1.0000 -13.0000 -4.0000
v 1.0000 -12.0000 -4.0000
v 1.0000 9.0000 -3.0000
v 1.0000 9.0000 -4.0000
v 1.0000 10.0000 -4.0000
v 0.0000 10.0000 -4.0000
v 1.0000 11.0000 -4.0000
v 0.0000 11.0000 -4.0000
v 1.0000 12.0000 -4.0000
v 0.0000 12.0000 -4.0000
v 0.0000 13.0000 -3.0000
v 1.0000 13.0000 -3.0000
v 1.0000 13.0000 -4.0000
v 0.0000 13.0000 -4.0000
v 0.0000 -13.0000 -5.0000
v 1.0000 -13.0000 -5.0000
v 1.0000 -12.0000 -5.0000
v 1.0000 -10.0000 -5.0000
v 1.0000 -11.0000 -5.0000
v 1.0000 9.0000 -5.0000
v 1.0000 10.0000 -5.0000
v 1.0000 11.0000 -5.0000
v 0.0000 11.0000 -5.0000
v 1.0000 12.0000 -5.0000
v 0.0000 12.0000 -5.0000
v 0.0000 -13.0000 -6.0000
v 1.0000 -13.0000 -6.0000
v 1.0000 -12.0000 -6.0000
v 1.0000 -11.0000 -6.0000
v 1.0000 -10.0000 -6.0000
v 1.0000 6.0000 -5.0000
v 1.0000 6.0000 -6.0000
v 1.0000 7.0000 -6.0000
v 1.0000 7.0000 -5.0000
v 0.0000 7.0000 -6.0000
v 1.0000 8.0000 -6.0000
v 1.0000 8.0000 -5.0000
v 0.0000 8.0000 -6.0000
v 1.0000 9.0000 -6.0000
v 1.0000 11.0000 -6.0000
v 0.0000 11.0000 -6.0000
v 1.0000 10.0000 -6.0000
v 0.0000 -13.0000 -7.0000
v 1.0000 -13.0000 -7.0000
v 0.0000 -12.0000 -7.0000
v 1.0000 -12.0000 -7.0000
v 1.0000 -11.0000 -7.0000
v 0.0000 -11.0000 -7.0000
v 1.0000 -10.0000 -7.0000
v 0.0000 -10.0000 -7.0000
v 1.0000 -9.0000 -7.0000
v 1.0000 -9.0000 -6.0000
v 1.0000 -8.0000 -7.0000
v 1.0000 -8.0000 -6.0000
v 1.0000 -7.0000 -7.0000
v 1.0000 -7.0000 -6.0000
v 1.0000 3.0000 -6.0000
v 1.0000 3.0000 -7.0000
v 1.0000 4.0000 -7.0000
v 1.0000 4.0000 -6.0000
v 0.0000 4.0000 -7.0000
v 1.0000 5.0000 -7.0000
v 1.0000 5.0000 -6.0000
v 0.0000 5.0000 -7.0000
v 1.0000 6.0000 -7.0000
v 0.0000 6.0000 -7.0000
v 1.0000 7.0000 -7.0000
v 0.0000 7.0000 -7.0000
v 1.0000 8.0000 -7.0000
v 0.0000 8.0000 -7.0000
v 1.0000 9.0000 -7.0000
v 0.0000 9.0000 -7.0000
v 1.0000 10.0000 -7.0000
v 0.0000 10.0000 -7.0000
v 0.0000 -12.0000 -8.0000
v 1.0000 -12.0000 -8.0000
v 0.0000 -11.0000 -8.0000
v 1.0000 -11.0000 -8.0000
v 1.0000 -10.0000 -8.0000
v 0.0000 -10.0000 -8.0000
v 1.0000 -9.0000 -8.0000
v 1.0000 -8.0000 -8.0000
v 1.0000 -7.0000 -8.0000
v 0.0000 -7.0000 -8.0000
v 1.0000 -6.0000 -8.0000
v 1.0000 -6.0000 -7.0000
v 0.0000 -6.0000 -8.0000
v 1.0000 -5.0000 -8.0000
v 1.0000 -5.0000 -7.0000
v 0.0000 -5.0000 -8.0000
v 1.0000 -4.0000 -8.0000
v 1.0000 -4.0000 -7.0000
v 0.0000 -4.0000 -8.0000
v 1.0000 -3.0000 -8.0000
v 1.0000 -3.0000 -7.0000
v 0.0000 0.0000 -8.0000
v 1.0000 0.0000 -7.0000
v 1.0000 0.0000 -8.0000
v 1.0000 1.0000 -8.0000
v 1.0000 1.0000 -7.0000
v 0.0000 1.0000 -8.0000
v 1.0000 2.0000 -8.0000
v 1.0000 2.0000 -7.0000
v 0.0000 2.0000 -8.0000
v 1.0000 3.0000 -8.0000
v 0.0000 3.0000 -8.0000
v 1.0000 4.0000 -8.0000
v 0.0000 4.0000 -8.0000
v 1.0000 5.0000 -8.0000
v 0.0000 5.0000 -8.0000
v 1.0000 6.0000 -8.0000
v 0.0000 6.0000 -8.0000
v 0.0000 7.0000 -8.0000
v 1.0000 7.0000 -8.0000
v 1.0000 8.0000 -8.0000
v 0.0000 8.0000 -8.0000
v 1.0000 9.0000 -8.0000
v 0.0000 9.0000 -8.0000
v 1.0000 -10.0000 -9.0000
v 0.0000 -10.0000 -9.0000
v 0.0000 -11.0000 -9.0000
v 1.0000 -11.0000 -9.0000
v 0.0000 -9.0000 -9.0000
v 1.0000 -9.0000 -9.0000
v 0.0000 -8.0000 -9.0000
v 1.0000 -8.0000 -9.0000
v 1.0000 -7.0000 -9.0000
v 0.0000 -7.0000 -9.0000
v 0.0000 -6.0000 -9.0000
v 1.0000 -6.0000 -9.0000
v 1.0000 -5.0000 -9.0000
v 0.0000 -5.0000 -9.0000
v 1.0000 -4.0000 -9.0000
v 0.0000 -4.0000 -9.0000
v 1.0000 -3.0000 -9.0000
v 0.0000 -3.0000 -9.0000
v 1.0000 -2.0000 -9.0000
v 1.0000 -2.0000 -8.0000
v 0.0000 -2.0000 -9.0000
v 1.0000 -1.0000 -9.0000
v 1.0000 -1.0000 -8.0000
v 0.0000 -1.0000 -9.0000
v 1.0000 0.0000 -9.0000
v 0.0000 0.0000 -9.0000
v 0.0000 1.0000 -9.0000
v 1.0000 1.0000 -9.0000
v 1.0000 2.0000 -9.0000
v 0.0000 2.0000 -9.0000
v 1.0000 3.0000 -9.0000
v 0.0000 3.0000 -9.0000
v 0.0000 4.0000 -9.0000
v 1.0000 4.0000 -9.0000
v 1.0000 5.0000 -9.0000
v 0.0000 5.0000 -9.0000
v 1.0000 6.0000 -9.0000
v 0.0000 6.0000 -9.0000
v 1.0000 8.0000 -9.0000
v 0.0000 8.0000 -9.0000
v 0.0000 7.0000 -9.0000
v 1.0000 7.0000 -9.0000
v 1.0000 -7.0000 -10.0000
v 0.0000 -7.0000 -10.0000
v 0.0000 -8.0000 -10.0000
v 1.0000 -8.0000 -10.0000
v 0.0000 -6.0000 -10.0000
v 1.0000 -6.0000 -10.0000
v 0.0000 -5.0000 -10.0000
v 1.0000 -5.0000 -10.0000
v 1.0000 -4.0000 -10.0000
v 0.0000 -4.0000 -10.0000
v 0.0000 -3.0000 -10.0000
v 1.0000 -3.0000 -10.0000
v 0.0000 -2.0000 -10.0000
v 1.0000 -2.0000 -10.0000
v 1.0000 -1.0000 -10.0000
v 0.0000 -1.0000 -10.0000
v 0.0000 0.0000 -10.0000
v 1.0000 0.0000 -10.0000
v 0.0000 1.0000 -10.0000
v 1.0000 1.0000 -10.0000
v 1.0000 2.0000 -10.0000
v 0.0000 2.0000 -10.0000
v 1.0000 3.0000 -10.0000
v 0.0000 3.0000 -10.0000
v 1.0000 5.0000 -10.0000
v 0.0000 5.0000 -10.0000
v 0.0000 4.0000 -10.0000
v 1.0000 4.0000 -10.0000
v 1.0000 -4.0000 -11.0000
v 0.0000 -4.0000 -11.0000
v 0.0000 -5.0000 -11.0000
v 1.0000 -5.0000 -11.0000
v 1.0000 -1.0000 -11.0000
v 0.0000 -1.0000 -11.0000
v 0.0000 -2.0000 -11.0000
v 1.0000 -2.0000 -11.0000
v 1.0000 2.0000 -11.0000
v 0.0000 2.0000 -11.0000
v 0.0000 1.0000 -11.0000
v 1.0000 1.0000 -11.0000
v 1.0000 -15.0000 14.0000
v 2.0000 -15.0000 14.0000
v 2.0000 -15.0000 13.0000
v 1.0000 -16.0000 14.0000
v 2.0000 -16.0000 13.0000
v 2.0000 -16.0000 14.0000
v 2.0000 5.0000 13.0000
v 2.0000 5.0000 14.0000
v 2.0000 6.0000 14.0000
v 2.0000 7.0000 14.0000
v 2.0000 8.0000 14.0000
v 2.0000 8.0000 13.0000
v 2.0000 7.0000 13.0000
v 2.0000 9.0000 14.0000
v 2.0000 9.0000 13.0000
v 2.0000 10.0000 14.0000
v 2.0000 10.0000 13.0000
v 2.0000 11.0000 14.0000
v 2.0000 11.0000 13.0000
v 2.0000 -15.0000 12.0000
v 2.0000 -16.0000 12.0000
v 2.0000 5.0000 12.0000
v 2.0000 7.0000 12.0000
v 1.0000 9.0000 12.0000
v 2.0000 9.0000 12.0000
v 1.0000 10.0000 12.0000
v 2.0000 10.0000 12.0000
v 2.0000 11.0000 12.0000
v 2.0000 5.0000 11.0000
v 2.0000 7.0000 11.0000
v 2.0000 12.0000 12.0000
v 2.0000 12.0000 11.0000
v 2.0000 11.0000 11.0000
v 2.0000 5.0000 10.0000
v 2.0000 6.0000 10.0000
v 2.0000 7.0000 10.0000
v 2.0000 12.0000 10.0000
v 2.0000 11.0000 10.0000
v 1.0000 -3.0000 10.0000
v 2.0000 -3.0000 9.0000
v 2.0000 -3.0000 10.0000
v 2.0000 -2.0000 10.0000
v 2.0000 -2.0000 9.0000
v 2.0000 -1.0000 10.0000
v 2.0000 -1.0000 9.0000
v 2.0000 7.0000 9.0000
v 2.0000 6.0000 9.0000
v 2.0000 9.0000 9.0000
v 2.0000 9.0000 10.0000
v 2.0000 10.0000 10.0000
v 2.0000 12.0000 9.0000
v 2.0000 11.0000 9.0000
v 1.0000 -8.0000 9.0000
v 2.0000 -8.0000 9.0000
v 2.0000 -8.0000 8.0000
v 1.0000 -9.0000 9.0000
v 2.0000 -9.0000 8.0000
v 2.0000 -9.0000 9.0000
v 1.0000 -7.0000 9.0000
v 2.0000 -7.0000 8.0000
v 2.0000 -7.0000 9.0000
v 2.0000 -6.0000 9.0000
v 1.0000 -6.0000 9.0000
v 2.0000 -6.0000 8.0000
v 2.0000 -5.0000 9.0000
v 2.0000 -5.0000 8.0000
v 2.0000 -4.0000 9.0000
v 2.0000 -4.0000 8.0000
v 2.0000 -3.0000 8.0000
v 2.0000 0.0000 9.0000
v 2.0000 -1.0000 8.0000
v 2.0000 0.0000 8.0000
v 2.0000 1.0000 9.0000
v 2.0000 2.0000 9.0000
v 2.0000 3.0000 9.0000
v 2.0000 3.0000 8.0000
v 2.0000 2.0000 8.0000
v 2.0000 7.0000 8.0000
v 2.0000 8.0000 9.0000
v 2.0000 9.0000 8.0000
v 2.0000 10.0000 8.0000
v 2.0000 10.0000 9.0000
v 2.0000 11.0000 8.0000
v 1.0000 -10.0000 8.0000
v 2.0000 -10.0000 7.0000
v 2.0000 -10.0000 8.0000
v 2.0000 -9.0000 7.0000
v 2.0000 -8.0000 7.0000
v 2.0000 -7.0000 7.0000
v 2.0000 4.0000 8.0000
v 2.0000 5.0000 8.0000
v 2.0000 5.0000 7.0000
v 2.0000 4.0000 7.0000
v 2.0000 7.0000 7.0000
v 2.0000 8.0000 7.0000
v 2.0000 8.0000 8.0000
v 2.0000 9.0000 7.0000
v 2.0000 10.0000 7.0000
v 2.0000 12.0000 7.0000
v 2.0000 12.0000 8.0000
v 2.0000 13.0000 8.0000
v 2.0000 13.0000 7.0000
v 2.0000 14.0000 8.0000
v 2.0000 14.0000 7.0000
v 1.0000 15.0000 8.0000
v 2.0000 15.0000 8.0000
v 2.0000 15.0000 7.0000
v 1.0000 15.0000 7.0000
v 2.0000 -12.0000 6.0000
v 2.0000 -12.0000 7.0000
v 2.0000 -11.0000 7.0000
v 2.0000 6.0000 7.0000
v 2.0000 6.0000 6.0000
v 2.0000 7.0000 6.0000
v 2.0000 8.0000 6.0000
v 2.0000 9.0000 6.0000
v 2.0000 10.0000 6.0000
v 2.0000 -12.0000 5.0000
v 2.0000 10.0000 5.0000
v 2.0000 9.0000 5.0000
v 2.0000 -12.0000 4.0000
v 2.0000 9.0000 4.0000
v 1.0000 -15.0000 4.0000
v 2.0000 -15.0000 4.0000
v 2.0000 -15.0000 3.0000
v 1.0000 -16.0000 4.0000
v 2.0000 -16.0000 3.0000
v 2.0000 -16.0000 4.0000
v 2.0000 -12.0000 3.0000
v 2.0000 9.0000 3.0000
v 2.0000 -16.0000 2.0000
v 2.0000 -15.0000 2.0000
v 2.0000 -14.0000 3.0000
v 2.0000 -14.0000 2.0000
v 2.0000 -13.0000 3.0000
v 2.0000 -13.0000 2.0000
v 2.0000 -12.0000 2.0000
v 2.0000 10.0000 3.0000
v 2.0000 10.0000 2.0000
v 2.0000 9.0000 2.0000
v 2.0000 -15.0000 1.0000
v 2.0000 -13.0000 1.0000
v 2.0000 -12.0000 1.0000
v 2.0000 9.0000 1.0000
v 2.0000 -16.0000 -0.0000
v 2.0000 -16.0000 1.0000
v 2.0000 -13.0000 -0.0000
v 2.0000 -12.0000 -0.0000
v 2.0000 9.0000 -0.0000
v 2.0000 -16.0000 -1.0000
v 2.0000 9.0000 -1.0000
v 2.0000 -16.0000 -2.0000
v 2.0000 -13.0000 -2.0000
v 2.0000 -14.0000 -2.0000
v 2.0000 -14.0000 -1.0000
v 2.0000 -13.0000 -1.0000
v 2.0000 -12.0000 -2.0000
v 2.0000 -12.0000 -1.0000
v 2.0000 9.0000 -2.0000
v 1.0000 -16.0000 -3.0000
v 2.0000 -16.0000 -3.0000
v 2.0000 -15.0000 -3.0000
v 2.0000 -14.0000 -3.0000
v 2.0000 -15.0000 -2.0000
v 2.0000 -12.0000 -3.0000
v 2.0000 10.0000 -2.0000
v 2.0000 10.0000 -3.0000
v 2.0000 9.0000 -3.0000
v 2.0000 -12.0000 -4.0000
v 2.0000 9.0000 -4.0000
v 2.0000 -12.0000 -5.0000
v 2.0000 -10.0000 -5.0000
v 2.0000 -11.0000 -5.0000
v 2.0000 7.0000 -5.0000
v 2.0000 6.0000 -5.0000
v 2.0000 8.0000 -5.0000
v 2.0000 9.0000 -5.0000
v 2.0000 -11.0000 -6.0000
v 2.0000 -12.0000 -6.0000
v 2.0000 -10.0000 -6.0000
v 2.0000 -9.0000 -6.0000
v 2.0000 -8.0000 -6.0000
v 2.0000 -7.0000 -6.0000
v 2.0000 4.0000 -6.0000
v 2.0000 3.0000 -6.0000
v 2.0000 5.0000 -6.0000
v 2.0000 6.0000 -6.0000
v 2.0000 10.0000 -5.0000
v 2.0000 10.0000 -6.0000
v 2.0000 9.0000 -6.0000
v 2.0000 -7.0000 -7.0000
v 2.0000 -6.0000 -7.0000
v 2.0000 -5.0000 -7.0000
v 2.0000 -4.0000 -7.0000
v 2.0000 -3.0000 -7.0000
v 2.0000 1.0000 -7.0000
v 2.0000 0.0000 -7.0000
v 2.0000 2.0000 -7.0000
v 2.0000 3.0000 -7.0000
v 2.0000 -3.0000 -8.0000
v 2.0000 -2.0000 -8.0000
v 2.0000 -1.0000 -8.0000
v 2.0000 0.0000 -8.0000
v 2.0000 -8.0000 -8.0000
v 2.0000 -8.0000 -9.0000
v 2.0000 -9.0000 -9.0000
v 2.0000 -9.0000 -8.0000
v 2.0000 1.0000 -8.0000
v 2.0000 1.0000 -9.0000
v 2.0000 0.0000 -9.0000
v 2.0000 2.0000 14.0000
v 2.0000 2.0000 13.0000
v 3.0000 2.0000 13.0000
v 3.0000 2.0000 14.0000
v 3.0000 3.0000 14.0000
v 2.0000 3.0000 14.0000
v 2.0000 3.0000 13.0000
v 3.0000 3.0000 13.0000
v 3.0000 4.0000 14.0000
v 2.0000 4.0000 14.0000
v 2.0000 4.0000 13.0000
v 3.0000 4.0000 13.0000
v 3.0000 5.0000 14.0000
v 3.0000 5.0000 13.0000
v 3.0000 6.0000 14.0000
v 3.0000 6.0000 13.0000
v 3.0000 7.0000 14.0000
v 3.0000 7.0000 13.0000
v 3.0000 8.0000 14.0000
v 3.0000 8.0000 13.0000
v 3.0000 9.0000 14.0000
v 3.0000 9.0000 13.0000
v 3.0000 10.0000 13.0000
v 3.0000 10.0000 14.0000
v 3.0000 11.0000 14.0000
v 2.0000 12.0000 14.0000
v 3.0000 12.0000 14.0000
v 3.0000 12.0000 13.0000
v 2.0000 12.0000 13.0000
v 3.0000 11.0000 13.0000
v 2.0000 4.0000 12.0000
v 3.0000 4.0000 12.0000
v 3.0000 5.0000 12.0000
v 3.0000 6.0000 12.0000
v 3.0000 7.0000 12.0000
v 2.0000 8.0000 12.0000
v 3.0000 8.0000 12.0000
v 3.0000 9.0000 12.0000
v 3.0000 10.0000 12.0000
v 3.0000 11.0000 12.0000
v 3.0000 5.0000 11.0000
v 3.0000 6.0000 11.0000
v 3.0000 7.0000 11.0000
v 2.0000 8.0000 11.0000
v 3.0000 8.0000 11.0000
v 2.0000 9.0000 11.0000
v 3.0000 9.0000 11.0000
v 3.0000 10.0000 11.0000
v 2.0000 10.0000 11.0000
v 3.0000 11.0000 11.0000
v 3.0000 5.0000 10.0000
v 3.0000 6.0000 10.0000
v 3.0000 7.0000 10.0000
v 2.0000 8.0000 10.0000
v 3.0000 8.0000 10.0000
v 3.0000 9.0000 10.0000
v 3.0000 10.0000 10.0000
v 3.0000 11.0000 10.0000
v 3.0000 6.0000 9.0000
v 3.0000 7.0000 9.0000
v 3.0000 10.0000 9.0000
v 3.0000 9.0000 9.0000
v 3.0000 11.0000 9.0000
v 3.0000 -3.0000 8.0000
v 3.0000 -3.0000 9.0000
v 3.0000 -2.0000 9.0000
v 3.0000 -1.0000 9.0000
v 3.0000 -1.0000 8.0000
v 3.0000 0.0000 8.0000
v 3.0000 0.0000 9.0000
v 3.0000 1.0000 9.0000
v 3.0000 2.0000 9.0000
v 3.0000 2.0000 8.0000
v 3.0000 7.0000 8.0000
v 3.0000 8.0000 8.0000
v 3.0000 8.0000 9.0000
v 3.0000 9.0000 8.0000
v 3.0000 -8.0000 8.0000
v 3.0000 -8.0000 7.0000
v 3.0000 -9.0000 7.0000
v 3.0000 -9.0000 8.0000
v 3.0000 -7.0000 7.0000
v 3.0000 -7.0000 8.0000
v 3.0000 -6.0000 8.0000
v 3.0000 -5.0000 8.0000
v 3.0000 -4.0000 8.0000
v 3.0000 3.0000 8.0000
v 3.0000 4.0000 8.0000
v 3.0000 4.0000 7.0000
v 3.0000 13.0000 7.0000
v 3.0000 13.0000 8.0000
v 3.0000 14.0000 8.0000
v 3.0000 14.0000 7.0000
v 3.0000 15.0000 8.0000
v 3.0000 15.0000 7.0000
v 2.0000 16.0000 8.0000
v 3.0000 16.0000 8.0000
v 3.0000 16.0000 7.0000
v 2.0000 16.0000 7.0000
v 3.0000 -12.0000 6.0000
v 3.0000 -12.0000 7.0000
v 3.0000 -11.0000 7.0000
v 3.0000 -10.0000 7.0000
v 3.0000 5.0000 7.0000
v 3.0000 6.0000 7.0000
v 3.0000 6.0000 6.0000
v 3.0000 9.0000 6.0000
v 3.0000 9.0000 7.0000
v 3.0000 10.0000 7.0000
v 2.0000 11.0000 7.0000
v 3.0000 11.0000 7.0000
v 3.0000 11.0000 6.0000
v 2.0000 11.0000 6.0000
v 3.0000 10.0000 6.0000
v 2.0000 -15.0000 6.0000
v 3.0000 -15.0000 6.0000
v 3.0000 -15.0000 5.0000
v 2.0000 -15.0000 5.0000
v 2.0000 -16.0000 6.0000
v 2.0000 -16.0000 5.0000
v 3.0000 -16.0000 5.0000
v 3.0000 -16.0000 6.0000
v 3.0000 -12.0000 5.0000
v 3.0000 7.0000 6.0000
v 3.0000 8.0000 6.0000
v 3.0000 10.0000 5.0000
v 3.0000 9.0000 5.0000
v 3.0000 -15.0000 4.0000
v 3.0000 -16.0000 4.0000
v 3.0000 -12.0000 4.0000
v 3.0000 9.0000 4.0000
v 3.0000 -15.0000 3.0000
v 3.0000 -16.0000 3.0000
v 3.0000 -12.0000 3.0000
v 3.0000 9.0000 3.0000
v 3.0000 -15.0000 2.0000
v 3.0000 -16.0000 2.0000
v 3.0000 -12.0000 2.0000
v 3.0000 10.0000 3.0000
v 3.0000 10.0000 2.0000
v 3.0000 9.0000 2.0000
v 3.0000 -16.0000 1.0000
v 3.0000 -14.0000 2.0000
v 3.0000 -15.0000 1.0000
v 3.0000 -14.0000 1.0000
v 3.0000 -13.0000 2.0000
v 3.0000 -13.0000 1.0000
v 3.0000 -12.0000 1.0000
v 3.0000 9.0000 1.0000
v 3.0000 -16.0000 -0.0000
v 3.0000 -15.0000 -0.0000
v 3.0000 -14.0000 -0.0000
v 3.0000 -13.0000 -0.0000
v 3.0000 -12.0000 -0.0000
v 3.0000 9.0000 -0.0000
v 3.0000 -16.0000 -1.0000
v 3.0000 -15.0000 -1.0000
v 3.0000 -13.0000 -1.0000
v 3.0000 -14.0000 -1.0000
v 3.0000 -12.0000 -1.0000
v 3.0000 9.0000 -1.0000
v 3.0000 -16.0000 -2.0000
v 3.0000 -14.0000 -2.0000
v 3.0000 -15.0000 -2.0000
v 3.0000 -12.0000 -2.0000
v 3.0000 9.0000 -2.0000
v 3.0000 -15.0000 -3.0000
v 3.0000 -16.0000 -3.0000
v 3.0000 -12.0000 -3.0000
v 3.0000 10.0000 -2.0000
v 3.0000 10.0000 -3.0000
v 3.0000 9.0000 -3.0000
v 3.0000 -15.0000 -4.0000
v 2.0000 -15.0000 -4.0000
v 2.0000 -16.0000 -4.0000
v 3.0000 -16.0000 -4.0000
v 3.0000 -12.0000 -4.0000
v 3.0000 9.0000 -4.0000
v 3.0000 -12.0000 -5.0000
v 3.0000 -10.0000 -5.0000
v 3.0000 -11.0000 -5.0000
v 3.0000 7.0000 -5.0000
v 3.0000 6.0000 -5.0000
v 3.0000 8.0000 -5.0000
v 3.0000 9.0000 -5.0000
v 3.0000 -11.0000 -6.0000
v 3.0000 -12.0000 -6.0000
v 3.0000 -10.0000 -6.0000
v 3.0000 -9.0000 -6.0000
v 3.0000 -8.0000 -6.0000
v 3.0000 -7.0000 -6.0000
v 3.0000 4.0000 -6.0000
v 3.0000 3.0000 -6.0000
v 3.0000 5.0000 -6.0000
v 3.0000 6.0000 -6.0000
v 3.0000 10.0000 -5.0000
v 3.0000 10.0000 -6.0000
v 3.0000 9.0000 -6.0000
v 3.0000 -7.0000 -7.0000
v 3.0000 -6.0000 -7.0000
v 3.0000 -5.0000 -7.0000
v 3.0000 -4.0000 -7.0000
v 3.0000 -3.0000 -7.0000
v 3.0000 1.0000 -7.0000
v 3.0000 0.0000 -7.0000
v 3.0000 2.0000 -7.0000
v 3.0000 3.0000 -7.0000
v 2.0000 -8.0000 -7.0000
v 3.0000 -8.0000 -7.0000
v 3.0000 -8.0000 -8.0000
v 2.0000 -9.0000 -7.0000
v 3.0000 -9.0000 -8.0000
v 3.0000 -9.0000 -7.0000
v 3.0000 -3.0000 -8.0000
v 3.0000 -2.0000 -8.0000
v 3.0000 -1.0000 -8.0000
v 3.0000 0.0000 -8.0000
v 3.0000 -1.0000 -7.0000
v 2.0000 4.0000 -7.0000
v 3.0000 4.0000 -7.0000
v 3.0000 4.0000 -8.0000
v 2.0000 4.0000 -8.0000
v 2.0000 3.0000 -8.0000
v 3.0000 3.0000 -8.0000
v 3.0000 0.0000 -9.0000
v 3.0000 1.0000 -8.0000
v 3.0000 1.0000 -9.0000
v 2.0000 2.0000 -8.0000
v 3.0000 2.0000 -8.0000
v 3.0000 2.0000 -9.0000
v 2.0000 2.0000 -9.0000
v 4.0000 10.0000 13.0000
v 4.0000 10.0000 14.0000
v 4.0000 11.0000 14.0000
v 4.0000 11.0000 13.0000
v 4.0000 12.0000 14.0000
v 4.0000 12.0000 13.0000
v 3.0000 13.0000 14.0000
v 4.0000 13.0000 14.0000
v 4.0000 13.0000 13.0000
v 3.0000 13.0000 13.0000
v 4.0000 8.0000 13.0000
v 4.0000 8.0000 12.0000
v 4.0000 7.0000 12.0000
v 4.0000 7.0000 13.0000
v 4.0000 7.0000 11.0000
v 4.0000 8.0000 11.0000
v 4.0000 9.0000 12.0000
v 4.0000 9.0000 11.0000
v 4.0000 7.0000 10.0000
v 4.0000 8.0000 10.0000
v 4.0000 9.0000 10.0000
v 4.0000 7.0000 9.0000
v 4.0000 8.0000 9.0000
v 4.0000 9.0000 9.0000
v 3.0000 -8.0000 9.0000
v 4.0000 -8.0000 9.0000
v 4.0000 -8.0000 8.0000
v 3.0000 -9.0000 9.0000
v 4.0000 -9.0000 8.0000
v 4.0000 -9.0000 9.0000
v 4.0000 -3.0000 8.0000
v 4.0000 -3.0000 9.0000
v 4.0000 -2.0000 9.0000
v 4.0000 -1.0000 9.0000
v 4.0000 -1.0000 8.0000
v 4.0000 0.0000 8.0000
v 4.0000 0.0000 9.0000
v 4.0000 1.0000 9.0000
v 4.0000 2.0000 9.0000
v 4.0000 2.0000 8.0000
v 4.0000 -8.0000 7.0000
v 4.0000 -9.0000 7.0000
v 4.0000 -7.0000 7.0000
v 4.0000 -7.0000 8.0000
v 4.0000 -6.0000 8.0000
v 4.0000 -5.0000 8.0000
v 4.0000 -4.0000 8.0000
v 4.0000 3.0000 8.0000
v 4.0000 4.0000 8.0000
v 4.0000 4.0000 7.0000
v 4.0000 14.0000 7.0000
v 4.0000 14.0000 8.0000
v 4.0000 15.0000 8.0000
v 4.0000 15.0000 7.0000
v 4.0000 16.0000 8.0000
v 4.0000 16.0000 7.0000
v 3.0000 -15.0000 7.0000
v 4.0000 -15.0000 7.0000
v 4.0000 -15.0000 6.0000
v 3.0000 -16.0000 7.0000
v 4.0000 -16.0000 6.0000
v 4.0000 -16.0000 7.0000
v 4.0000 -12.0000 6.0000
v 4.0000 -12.0000 7.0000
v 4.0000 -11.0000 7.0000
v 4.0000 -10.0000 7.0000
v 4.0000 -11.0000 6.0000
v 4.0000 -10.0000 6.0000
v 4.0000 5.0000 7.0000
v 4.0000 6.0000 7.0000
v 4.0000 6.0000 6.0000
v 4.0000 9.0000 6.0000
v 4.0000 9.0000 7.0000
v 4.0000 10.0000 7.0000
v 4.0000 10.0000 6.0000
v 4.0000 11.0000 7.0000
v 4.0000 11.0000 6.0000
v 3.0000 12.0000 7.0000
v 4.0000 12.0000 7.0000
v 4.0000 12.0000 6.0000
v 3.0000 12.0000 6.0000
v 4.0000 -15.0000 5.0000
v 4.0000 -16.0000 5.0000
v 4.0000 -12.0000 5.0000
v 4.0000 7.0000 6.0000
v 4.0000 8.0000 6.0000
v 4.0000 10.0000 5.0000
v 4.0000 9.0000 5.0000
v 4.0000 -12.0000 4.0000
v 4.0000 9.0000 4.0000
v 4.0000 -12.0000 3.0000
v 4.0000 9.0000 3.0000
v 4.0000 -12.0000 2.0000
v 4.0000 10.0000 3.0000
v 4.0000 10.0000 2.0000
v 4.0000 9.0000 2.0000
v 4.0000 -15.0000 2.0000
v 4.0000 -15.0000 1.0000
v 4.0000 -16.0000 1.0000
v 4.0000 -16.0000 2.0000
v 4.0000 -14.0000 1.0000
v 4.0000 -14.0000 2.0000
v 4.0000 -13.0000 2.0000
v 4.0000 -13.0000 1.0000
v 4.0000 -12.0000 1.0000
v 4.0000 9.0000 1.0000
v 4.0000 -14.0000 -0.0000
v 4.0000 -13.0000 -0.0000
v 4.0000 -12.0000 -0.0000
v 4.0000 9.0000 -0.0000
v 4.0000 -14.0000 -1.0000
v 4.0000 -15.0000 -1.0000
v 4.0000 -15.0000 -0.0000
v 4.0000 -12.0000 -1.0000
v 4.0000 9.0000 -1.0000
v 4.0000 -15.0000 -2.0000
v 4.0000 -16.0000 -2.0000
v 4.0000 -16.0000 -1.0000
v 4.0000 -12.0000 -2.0000
v 4.0000 9.0000 -2.0000
v 4.0000 -15.0000 -3.0000
v 4.0000 -16.0000 -3.0000
v 4.0000 -12.0000 -3.0000
v 4.0000 10.0000 -2.0000
v 4.0000 10.0000 -3.0000
v 4.0000 9.0000 -3.0000
v 4.0000 -15.0000 -4.0000
v 4.0000 -16.0000 -4.0000
v 4.0000 -12.0000 -4.0000
v 4.0000 9.0000 -4.0000
v 4.0000 -12.0000 -5.0000
v 4.0000 -10.0000 -5.0000
v 4.0000 -11.0000 -5.0000
v 4.0000 7.0000 -5.0000
v 4.0000 6.0000 -5.0000
v 4.0000 9.0000 -5.0000
v 4.0000 8.0000 -5.0000
v 4.0000 -11.0000 -6.0000
v 4.0000 -12.0000 -6.0000
v 4.0000 -10.0000 -6.0000
v 4.0000 -9.0000 -6.0000
v 4.0000 -8.0000 -6.0000
v 4.0000 -7.0000 -6.0000
v 4.0000 4.0000 -6.0000
v 4.0000 3.0000 -6.0000
v 4.0000 5.0000 -6.0000
v 4.0000 6.0000 -6.0000
v 4.0000 8.0000 -6.0000
v 3.0000 8.0000 -6.0000
v 3.0000 7.0000 -6.0000
v 4.0000 7.0000 -6.0000
v 4.0000 10.0000 -5.0000
v 4.0000 10.0000 -6.0000
v 4.0000 9.0000 -6.0000
v 4.0000 -10.0000 -7.0000
v 3.0000 -10.0000 -7.0000
v 3.0000 -11.0000 -7.0000
v 4.0000 -11.0000 -7.0000
v 4.0000 -7.0000 -7.0000
v 4.0000 -6.0000 -7.0000
v 4.0000 -5.0000 -7.0000
v 4.0000 -4.0000 -7.0000
v 4.0000 -3.0000 -7.0000
v 4.0000 0.0000 -7.0000
v 4.0000 -1.0000 -7.0000
v 4.0000 3.0000 -7.0000
v 4.0000 2.0000 -7.0000
v 4.0000 -8.0000 -7.0000
v 4.0000 -8.0000 -8.0000
v 4.0000 -9.0000 -8.0000
v 4.0000 -9.0000 -7.0000
v 4.0000 -3.0000 -8.0000
v 4.0000 -2.0000 -8.0000
v 4.0000 -1.0000 -8.0000
v 4.0000 0.0000 -8.0000
v 4.0000 1.0000 -8.0000
v 4.0000 1.0000 -7.0000
v 4.0000 2.0000 -8.0000
v 4.0000 4.0000 -7.0000
v 4.0000 4.0000 -8.0000
v 4.0000 3.0000 -8.0000
v 4.0000 -8.0000 -9.0000
v 3.0000 -8.0000 -9.0000
v 3.0000 -9.0000 -9.0000
v 4.0000 -9.0000 -9.0000
v 4.0000 0.0000 -9.0000
v 4.0000 1.0000 -9.0000
v 4.0000 2.0000 -9.0000
v 5.0000 11.0000 13.0000
v 5.0000 11.0000 14.0000
v 5.0000 12.0000 14.0000
v 5.0000 12.0000 13.0000
v 5.0000 13.0000 14.0000
v 5.0000 13.0000 13.0000
v 4.0000 -15.0000 9.0000
v 5.0000 -15.0000 9.0000
v 5.0000 -15.0000 8.0000
v 4.0000 -15.0000 8.0000
v 4.0000 -16.0000 9.0000
v 4.0000 -16.0000 8.0000
v 5.0000 -16.0000 8.0000
v 5.0000 -16.0000 9.0000
v 5.0000 -8.0000 9.0000
v 5.0000 -8.0000 8.0000
v 5.0000 -9.0000 8.0000
v 5.0000 -9.0000 9.0000
v 5.0000 -3.0000 8.0000
v 5.0000 -3.0000 9.0000
v 5.0000 -2.0000 9.0000
v 5.0000 -1.0000 9.0000
v 5.0000 -1.0000 8.0000
v 5.0000 0.0000 8.0000
v 5.0000 0.0000 9.0000
v 5.0000 1.0000 9.0000
v 5.0000 2.0000 9.0000
v 5.0000 1.0000 8.0000
v 5.0000 2.0000 8.0000
v 4.0000 3.0000 9.0000
v 5.0000 3.0000 9.0000
v 5.0000 3.0000 8.0000
v 5.0000 -15.0000 7.0000
v 5.0000 -16.0000 7.0000
v 4.0000 -10.0000 8.0000
v 5.0000 -10.0000 8.0000
v 5.0000 -10.0000 7.0000
v 4.0000 -11.0000 8.0000
v 5.0000 -11.0000 7.0000
v 5.0000 -11.0000 8.0000
v 5.0000 -9.0000 7.0000
v 5.0000 -8.0000 7.0000
v 5.0000 -7.0000 8.0000
v 5.0000 -7.0000 7.0000
v 5.0000 -6.0000 8.0000
v 5.0000 -5.0000 8.0000
v 5.0000 -4.0000 8.0000
v 5.0000 4.0000 8.0000
v 5.0000 3.0000 7.0000
v 5.0000 4.0000 7.0000
v 4.0000 5.0000 8.0000
v 5.0000 5.0000 8.0000
v 5.0000 5.0000 7.0000
v 5.0000 -16.0000 6.0000
v 5.0000 -15.0000 6.0000
v 4.0000 -14.0000 7.0000
v 5.0000 -14.0000 7.0000
v 5.0000 -14.0000 6.0000
v 4.0000 -14.0000 6.0000
v 5.0000 -11.0000 6.0000
v 5.0000 -12.0000 6.0000
v 5.0000 -12.0000 7.0000
v 5.0000 -10.0000 6.0000
v 5.0000 6.0000 7.0000
v 5.0000 6.0000 6.0000
v 5.0000 10.0000 6.0000
v 5.0000 10.0000 7.0000
v 5.0000 11.0000 7.0000
v 5.0000 11.0000 6.0000
v 5.0000 12.0000 7.0000
v 5.0000 12.0000 6.0000
v 4.0000 13.0000 7.0000
v 5.0000 13.0000 7.0000
v 5.0000 13.0000 6.0000
v 4.0000 13.0000 6.0000
v 5.0000 -12.0000 5.0000
v 5.0000 7.0000 6.0000
v 5.0000 8.0000 6.0000
v 5.0000 9.0000 6.0000
v 5.0000 10.0000 5.0000
v 5.0000 9.0000 5.0000
v 5.0000 -12.0000 4.0000
v 5.0000 9.0000 4.0000
v 5.0000 -12.0000 3.0000
v 5.0000 9.0000 3.0000
v 5.0000 -12.0000 2.0000
v 5.0000 10.0000 3.0000
v 5.0000 10.0000 2.0000
v 5.0000 9.0000 2.0000
v 5.0000 -15.0000 2.0000
v 5.0000 -15.0000 1.0000
v 5.0000 -16.0000 1.0000
v 5.0000 -16.0000 2.0000
v 5.0000 -12.0000 1.0000
v 5.0000 9.0000 1.0000
v 5.0000 -12.0000 -0.0000
v 5.0000 9.0000 -0.0000
v 5.0000 -12.0000 -1.0000
v 5.0000 9.0000 -1.0000
v 5.0000 -12.0000 -2.0000
v 5.0000 9.0000 -2.0000
v 5.0000 -12.0000 -3.0000
v 5.0000 10.0000 -2.0000
v 5.0000 10.0000 -3.0000
v 5.0000 9.0000 -3.0000
v 5.0000 -16.0000 -4.0000
v 5.0000 -16.0000 -3.0000
v 5.0000 -15.0000 -3.0000
v 4.0000 -14.0000 -3.0000
v 5.0000 -14.0000 -3.0000
v 5.0000 -14.0000 -4.0000
v 4.0000 -14.0000 -4.0000
v 5.0000 -15.0000 -4.0000
v 5.0000 -12.0000 -4.0000
v 5.0000 9.0000 -4.0000
v 5.0000 -15.0000 -5.0000
v 4.0000 -15.0000 -5.0000
v 4.0000 -16.0000 -5.0000
v 5.0000 -16.0000 -5.0000
v 5.0000 -12.0000 -5.0000
v 5.0000 -11.0000 -5.0000
v 5.0000 9.0000 -5.0000
v 5.0000 8.0000 -5.0000
v 5.0000 -11.0000 -6.0000
v 5.0000 -10.0000 -6.0000
v 5.0000 -9.0000 -6.0000
v 5.0000 4.0000 -6.0000
v 5.0000 3.0000 -6.0000
v 5.0000 7.0000 -6.0000
v 5.0000 6.0000 -6.0000
v 5.0000 8.0000 -6.0000
v 5.0000 10.0000 -5.0000
v 5.0000 10.0000 -6.0000
v 5.0000 9.0000 -6.0000
v 5.0000 -9.0000 -7.0000
v 5.0000 -8.0000 -7.0000
v 5.0000 -8.0000 -6.0000
v 5.0000 -7.0000 -7.0000
v 5.0000 -7.0000 -6.0000
v 5.0000 -4.0000 -7.0000
v 5.0000 -5.0000 -7.0000
v 5.0000 -3.0000 -7.0000
v 5.0000 1.0000 -7.0000
v 5.0000 0.0000 -7.0000
v 5.0000 3.0000 -7.0000
v 5.0000 4.0000 -7.0000
v 4.0000 5.0000 -7.0000
v 5.0000 6.0000 -7.0000
v 4.0000 6.0000 -7.0000
v 5.0000 5.0000 -7.0000
v 5.0000 5.0000 -6.0000
v 5.0000 -10.0000 -7.0000
v 5.0000 -10.0000 -8.0000
v 4.0000 -10.0000 -8.0000
v 4.0000 -11.0000 -8.0000
v 5.0000 -11.0000 -8.0000
v 5.0000 -11.0000 -7.0000
v 5.0000 -9.0000 -8.0000
v 5.0000 -8.0000 -8.0000
v 4.0000 -7.0000 -8.0000
v 5.0000 -7.0000 -8.0000
v 4.0000 -6.0000 -8.0000
v 5.0000 -6.0000 -8.0000
v 5.0000 -6.0000 -7.0000
v 5.0000 -5.0000 -8.0000
v 4.0000 -5.0000 -8.0000
v 5.0000 -3.0000 -8.0000
v 5.0000 0.0000 -8.0000
v 5.0000 -1.0000 -8.0000
v 5.0000 1.0000 -8.0000
v 5.0000 4.0000 -8.0000
v 5.0000 3.0000 -8.0000
v 5.0000 5.0000 -8.0000
v 4.0000 5.0000 -8.0000
v 5.0000 -8.0000 -9.0000
v 5.0000 -9.0000 -9.0000
v 4.0000 -3.0000 -9.0000
v 5.0000 -3.0000 -9.0000
v 4.0000 -2.0000 -9.0000
v 5.0000 -2.0000 -9.0000
v 5.0000 -1.0000 -9.0000
v 4.0000 -1.0000 -9.0000
v 5.0000 0.0000 -9.0000
v 5.0000 1.0000 -9.0000
v 5.0000 2.0000 -9.0000
v 5.0000 2.0000 -8.0000
v 5.0000 3.0000 -9.0000
v 4.0000 3.0000 -9.0000
v 6.0000 -3.0000 8.0000
v 6.0000 -3.0000 9.0000
v 6.0000 -2.0000 9.0000
v 6.0000 -1.0000 9.0000
v 6.0000 -1.0000 8.0000
v 6.0000 1.0000 9.0000
v 6.0000 1.0000 8.0000
v 6.0000 0.0000 8.0000
v 6.0000 0.0000 9.0000
v 6.0000 3.0000 9.0000
v 6.0000 3.0000 8.0000
v 6.0000 2.0000 8.0000
v 6.0000 2.0000 9.0000
v 6.0000 -15.0000 8.0000
v 6.0000 -15.0000 7.0000
v 6.0000 -16.0000 7.0000
v 6.0000 -16.0000 8.0000
v 6.0000 -9.0000 8.0000
v 6.0000 -9.0000 7.0000
v 6.0000 -10.0000 7.0000
v 6.0000 -10.0000 8.0000
v 6.0000 -7.0000 7.0000
v 6.0000 -7.0000 8.0000
v 6.0000 -6.0000 8.0000
v 6.0000 -5.0000 8.0000
v 6.0000 -4.0000 8.0000
v 6.0000 3.0000 7.0000
v 6.0000 5.0000 8.0000
v 6.0000 5.0000 7.0000
v 6.0000 4.0000 7.0000
v 6.0000 4.0000 8.0000
v 6.0000 -11.0000 6.0000
v 6.0000 -11.0000 7.0000
v 6.0000 -8.0000 7.0000
v 6.0000 6.0000 7.0000
v 5.0000 7.0000 7.0000
v 6.0000 7.0000 7.0000
v 6.0000 7.0000 6.0000
v 6.0000 6.0000 6.0000
v 6.0000 11.0000 6.0000
v 6.0000 11.0000 7.0000
v 6.0000 12.0000 7.0000
v 6.0000 12.0000 6.0000
v 6.0000 13.0000 7.0000
v 6.0000 13.0000 6.0000
v 6.0000 -12.0000 5.0000
v 6.0000 -12.0000 6.0000
v 6.0000 -11.0000 5.0000
v 6.0000 6.0000 5.0000
v 6.0000 7.0000 5.0000
v 6.0000 8.0000 6.0000
v 6.0000 8.0000 5.0000
v 6.0000 9.0000 6.0000
v 6.0000 9.0000 5.0000
v 6.0000 -12.0000 4.0000
v 6.0000 -11.0000 4.0000
v 6.0000 -10.0000 4.0000
v 6.0000 -10.0000 5.0000
v 6.0000 6.0000 4.0000
v 6.0000 7.0000 4.0000
v 6.0000 8.0000 4.0000
v 6.0000 9.0000 4.0000
v 6.0000 -12.0000 3.0000
v 6.0000 -11.0000 3.0000
v 6.0000 -10.0000 3.0000
v 6.0000 6.0000 3.0000
v 6.0000 7.0000 3.0000
v 6.0000 8.0000 3.0000
v 5.0000 10.0000 4.0000
v 6.0000 10.0000 4.0000
v 6.0000 10.0000 3.0000
v 6.0000 -12.0000 2.0000
v 6.0000 -11.0000 2.0000
v 6.0000 -10.0000 2.0000
v 6.0000 10.0000 2.0000
v 6.0000 9.0000 2.0000
v 6.0000 9.0000 3.0000
v 6.0000 -15.0000 2.0000
v 6.0000 -15.0000 1.0000
v 6.0000 -16.0000 1.0000
v 6.0000 -16.0000 2.0000
v 6.0000 -12.0000 1.0000
v 6.0000 6.0000 2.0000
v 6.0000 6.0000 1.0000
v 6.0000 7.0000 1.0000
v 6.0000 7.0000 2.0000
v 6.0000 8.0000 1.0000
v 6.0000 8.0000 2.0000
v 6.0000 9.0000 1.0000
v 6.0000 -15.0000 -0.0000
v 5.0000 -15.0000 -0.0000
v 5.0000 -16.0000 -0.0000
v 6.0000 -16.0000 -0.0000
v 6.0000 -12.0000 -0.0000
v 6.0000 -11.0000 1.0000
v 6.0000 -11.0000 -0.0000
v 6.0000 -10.0000 -0.0000
v 6.0000 -10.0000 1.0000
v 6.0000 7.0000 -0.0000
v 6.0000 8.0000 -0.0000
v 6.0000 9.0000 -0.0000
v 6.0000 -12.0000 -1.0000
v 6.0000 -11.0000 -1.0000
v 6.0000 -10.0000 -1.0000
v 6.0000 6.0000 -0.0000
v 6.0000 6.0000 -1.0000
v 6.0000 7.0000 -1.0000
v 6.0000 8.0000 -1.0000
v 6.0000 9.0000 -1.0000
v 6.0000 -12.0000 -2.0000
v 6.0000 -11.0000 -2.0000
v 6.0000 6.0000 -2.0000
v 6.0000 7.0000 -2.0000
v 6.0000 8.0000 -2.0000
v 6.0000 9.0000 -2.0000
v 6.0000 -12.0000 -3.0000
v 6.0000 -11.0000 -3.0000
v 6.0000 -10.0000 -3.0000
v 6.0000 -10.0000 -2.0000
v 6.0000 10.0000 -2.0000
v 6.0000 10.0000 -3.0000
v 6.0000 9.0000 -3.0000
v 6.0000 -15.0000 -3.0000
v 6.0000 -15.0000 -4.0000
v 6.0000 -16.0000 -4.0000
v 6.0000 -16.0000 -3.0000
v 6.0000 -12.0000 -4.0000
v 6.0000 -11.0000 -4.0000
v 6.0000 -10.0000 -4.0000
v 6.0000 6.0000 -3.0000
v 6.0000 6.0000 -4.0000
v 6.0000 7.0000 -4.0000
v 6.0000 7.0000 -3.0000
v 6.0000 8.0000 -4.0000
v 6.0000 8.0000 -3.0000
v 6.0000 9.0000 -4.0000
v 6.0000 -16.0000 -5.0000
v 6.0000 -15.0000 -5.0000
v 6.0000 -14.0000 -4.0000
v 6.0000 -14.0000 -5.0000
v 5.0000 -14.0000 -5.0000
v 6.0000 -12.0000 -5.0000
v 6.0000 -11.0000 -5.0000
v 6.0000 6.0000 -5.0000
v 6.0000 7.0000 -5.0000
v 6.0000 8.0000 -5.0000
v 6.0000 9.0000 -5.0000
v 6.0000 -15.0000 -6.0000
v 5.0000 -15.0000 -6.0000
v 5.0000 -16.0000 -6.0000
v 6.0000 -16.0000 -6.0000
v 6.0000 -11.0000 -6.0000
v 6.0000 -10.0000 -6.0000
v 6.0000 -9.0000 -6.0000
v 6.0000 -8.0000 -6.0000
v 6.0000 -7.0000 -6.0000
v 6.0000 6.0000 -6.0000
v 6.0000 5.0000 -6.0000
v 6.0000 7.0000 -6.0000
v 6.0000 8.0000 -6.0000
v 6.0000 9.0000 -6.0000
v 6.0000 -7.0000 -7.0000
v 6.0000 -6.0000 -7.0000
v 6.0000 4.0000 -7.0000
v 6.0000 3.0000 -7.0000
v 6.0000 5.0000 -7.0000
v 6.0000 7.0000 -7.0000
v 5.0000 7.0000 -7.0000
v 6.0000 6.0000 -7.0000
v 6.0000 -9.0000 -7.0000
v 6.0000 -9.0000 -8.0000
v 6.0000 -10.0000 -8.0000
v 6.0000 -10.0000 -7.0000
v 6.0000 -6.0000 -8.0000
v 6.0000 -5.0000 -8.0000
v 6.0000 -5.0000 -7.0000
v 5.0000 -4.0000 -8.0000
v 6.0000 -4.0000 -8.0000
v 6.0000 -4.0000 -7.0000
v 6.0000 -3.0000 -8.0000
v 6.0000 -3.0000 -7.0000
v 6.0000 0.0000 -8.0000
v 6.0000 -1.0000 -8.0000
v 6.0000 -1.0000 -7.0000
v 6.0000 0.0000 -7.0000
v 6.0000 1.0000 -8.0000
v 6.0000 1.0000 -7.0000
v 6.0000 2.0000 -8.0000
v 6.0000 2.0000 -7.0000
v 6.0000 3.0000 -8.0000
v 6.0000 5.0000 -8.0000
v 6.0000 4.0000 -8.0000
v 6.0000 -3.0000 -9.0000
v 6.0000 -2.0000 -9.0000
v 6.0000 -2.0000 -8.0000
v 6.0000 -1.0000 -9.0000
v 6.0000 1.0000 -9.0000
v 6.0000 0.0000 -9.0000
v 6.0000 3.0000 -9.0000
v 6.0000 2.0000 -9.0000
v 6.0000 -15.0000 9.0000
v 7.0000 -15.0000 9.0000
v 7.0000 -15.0000 8.0000
v 6.0000 -16.0000 9.0000
v 7.0000 -16.0000 8.0000
v 7.0000 -16.0000 9.0000
v 6.0000 -7.0000 9.0000
v 7.0000 -7.0000 9.0000
v 7.0000 -7.0000 8.0000
v 6.0000 -8.0000 9.0000
v 6.0000 -8.0000 8.0000
v 7.0000 -8.0000 8.0000
v 7.0000 -8.0000 9.0000
v 7.0000 -3.0000 8.0000
v 7.0000 -3.0000 9.0000
v 7.0000 -2.0000 9.0000
v 7.0000 -1.0000 9.0000
v 7.0000 -1.0000 8.0000
v 7.0000 1.0000 9.0000
v 7.0000 1.0000 8.0000
v 7.0000 0.0000 8.0000
v 7.0000 0.0000 9.0000
v 7.0000 -16.0000 7.0000
v 7.0000 -15.0000 7.0000
v 6.0000 -14.0000 8.0000
v 7.0000 -14.0000 8.0000
v 7.0000 -14.0000 7.0000
v 6.0000 -14.0000 7.0000
v 7.0000 -8.0000 7.0000
v 7.0000 -6.0000 8.0000
v 7.0000 -5.0000 8.0000
v 7.0000 -4.0000 8.0000
v 7.0000 2.0000 8.0000
v 7.0000 3.0000 8.0000
v 7.0000 3.0000 7.0000
v 7.0000 5.0000 8.0000
v 7.0000 5.0000 7.0000
v 7.0000 4.0000 7.0000
v 7.0000 4.0000 8.0000
v 7.0000 -11.0000 6.0000
v 7.0000 -11.0000 7.0000
v 7.0000 -10.0000 7.0000
v 7.0000 -10.0000 6.0000
v 7.0000 -9.0000 7.0000
v 7.0000 -9.0000 6.0000
v 7.0000 -8.0000 6.0000
v 7.0000 3.0000 6.0000
v 7.0000 4.0000 6.0000
v 7.0000 5.0000 6.0000
v 7.0000 6.0000 7.0000
v 7.0000 6.0000 6.0000
v 7.0000 -11.0000 5.0000
v 7.0000 -10.0000 5.0000
v 7.0000 -9.0000 5.0000
v 7.0000 -8.0000 5.0000
v 7.0000 -7.0000 5.0000
v 7.0000 -7.0000 6.0000
v 7.0000 6.0000 5.0000
v 7.0000 5.0000 5.0000
v 7.0000 -10.0000 4.0000
v 7.0000 -9.0000 4.0000
v 7.0000 -8.0000 4.0000
v 7.0000 -7.0000 4.0000
v 7.0000 4.0000 5.0000
v 7.0000 4.0000 4.0000
v 7.0000 5.0000 4.0000
v 7.0000 6.0000 4.0000
v 7.0000 -10.0000 3.0000
v 7.0000 -9.0000 3.0000
v 7.0000 -8.0000 3.0000
v 7.0000 -7.0000 3.0000
v 7.0000 4.0000 3.0000
v 7.0000 5.0000 3.0000
v 7.0000 6.0000 3.0000
v 7.0000 8.0000 3.0000
v 7.0000 8.0000 4.0000
v 7.0000 9.0000 4.0000
v 7.0000 9.0000 3.0000
v 7.0000 10.0000 4.0000
v 7.0000 10.0000 3.0000
v 6.0000 11.0000 4.0000
v 7.0000 11.0000 4.0000
v 7.0000 11.0000 3.0000
v 6.0000 11.0000 3.0000
v 6.0000 -15.0000 3.0000
v 7.0000 -15.0000 3.0000
v 7.0000 -15.0000 2.0000
v 6.0000 -16.0000 3.0000
v 7.0000 -16.0000 2.0000
v 7.0000 -16.0000 3.0000
v 7.0000 -11.0000 3.0000
v 7.0000 -11.0000 2.0000
v 7.0000 -12.0000 2.0000
v 7.0000 -12.0000 3.0000
v 7.0000 -10.0000 2.0000
v 7.0000 -9.0000 2.0000
v 7.0000 -8.0000 2.0000
v 7.0000 -7.0000 2.0000
v 7.0000 7.0000 3.0000
v 7.0000 7.0000 2.0000
v 7.0000 6.0000 2.0000
v 7.0000 8.0000 2.0000
v 7.0000 9.0000 2.0000
v 7.0000 -15.0000 1.0000
v 7.0000 -16.0000 1.0000
v 7.0000 -12.0000 1.0000
v 7.0000 -11.0000 1.0000
v 7.0000 -10.0000 1.0000
v 7.0000 6.0000 1.0000
v 7.0000 5.0000 2.0000
v 7.0000 5.0000 1.0000
v 7.0000 -15.0000 -0.0000
v 7.0000 -16.0000 -0.0000
v 7.0000 -11.0000 -0.0000
v 7.0000 -12.0000 -0.0000
v 7.0000 -10.0000 -0.0000
v 7.0000 -9.0000 -0.0000
v 7.0000 -9.0000 1.0000
v 7.0000 -8.0000 -0.0000
v 7.0000 -8.0000 1.0000
v 7.0000 -7.0000 -0.0000
v 7.0000 -7.0000 1.0000
v 7.0000 4.0000 1.0000
v 7.0000 4.0000 -0.0000
v 7.0000 5.0000 -0.0000
v 7.0000 7.0000 1.0000
v 7.0000 7.0000 -0.0000
v 7.0000 6.0000 -0.0000
v 7.0000 -11.0000 -1.0000
v 7.0000 -12.0000 -1.0000
v 7.0000 -10.0000 -1.0000
v 7.0000 -9.0000 -1.0000
v 7.0000 -8.0000 -1.0000
v 7.0000 -7.0000 -1.0000
v 7.0000 4.0000 -1.0000
v 7.0000 5.0000 -1.0000
v 7.0000 6.0000 -1.0000
v 7.0000 -11.0000 -2.0000
v 7.0000 -10.0000 -2.0000
v 7.0000 6.0000 -2.0000
v 7.0000 5.0000 -2.0000
v 7.0000 -11.0000 -3.0000
v 7.0000 -12.0000 -3.0000
v 7.0000 -12.0000 -2.0000
v 7.0000 -10.0000 -3.0000
v 7.0000 -9.0000 -3.0000
v 7.0000 -9.0000 -2.0000
v 7.0000 -8.0000 -3.0000
v 7.0000 -8.0000 -2.0000
v 7.0000 -7.0000 -3.0000
v 7.0000 -7.0000 -2.0000
v 7.0000 7.0000 -2.0000
v 7.0000 7.0000 -3.0000
v 7.0000 6.0000 -3.0000
v 7.0000 8.0000 -2.0000
v 7.0000 8.0000 -3.0000
v 7.0000 9.0000 -2.0000
v 7.0000 9.0000 -3.0000
v 7.0000 -10.0000 -4.0000
v 7.0000 -9.0000 -4.0000
v 7.0000 -8.0000 -4.0000
v 7.0000 -7.0000 -4.0000
v 7.0000 4.0000 -3.0000
v 7.0000 4.0000 -4.0000
v 7.0000 5.0000 -4.0000
v 7.0000 5.0000 -3.0000
v 7.0000 6.0000 -4.0000
v 7.0000 -11.0000 -5.0000
v 7.0000 -11.0000 -4.0000
v 7.0000 -10.0000 -5.0000
v 7.0000 -9.0000 -5.0000
v 7.0000 -8.0000 -5.0000
v 7.0000 -7.0000 -5.0000
v 7.0000 4.0000 -5.0000
v 7.0000 5.0000 -5.0000
v 7.0000 6.0000 -5.0000
v 7.0000 -15.0000 -5.0000
v 7.0000 -15.0000 -6.0000
v 7.0000 -16.0000 -6.0000
v 7.0000 -16.0000 -5.0000
v 7.0000 -11.0000 -6.0000
v 7.0000 -10.0000 -6.0000
v 7.0000 -9.0000 -6.0000
v 7.0000 -8.0000 -6.0000
v 7.0000 6.0000 -6.0000
v 7.0000 5.0000 -6.0000
v 6.0000 -8.0000 -7.0000
v 7.0000 -8.0000 -7.0000
v 7.0000 -7.0000 -7.0000
v 7.0000 -6.0000 -7.0000
v 7.0000 -5.0000 -7.0000
v 7.0000 -4.0000 -7.0000
v 7.0000 -3.0000 -7.0000
v 7.0000 0.0000 -7.0000
v 7.0000 -1.0000 -7.0000
v 7.0000 1.0000 -7.0000
v 7.0000 2.0000 -7.0000
v 7.0000 3.0000 -7.0000
v 7.0000 4.0000 -7.0000
v 7.0000 3.0000 -6.0000
v 7.0000 4.0000 -6.0000
v 7.0000 5.0000 -7.0000
v 7.0000 6.0000 -7.0000
v 7.0000 -3.0000 -8.0000
v 7.0000 -2.0000 -8.0000
v 7.0000 -1.0000 -8.0000
v 7.0000 5.0000 -8.0000
v 7.0000 4.0000 -8.0000
v 6.0000 -7.0000 -8.0000
v 7.0000 -7.0000 -8.0000
v 7.0000 -7.0000 -9.0000
v 6.0000 -7.0000 -9.0000
v 6.0000 -8.0000 -8.0000
v 6.0000 -8.0000 -9.0000
v 7.0000 -8.0000 -9.0000
v 7.0000 -8.0000 -8.0000
v 7.0000 1.0000 -8.0000
v 7.0000 1.0000 -9.0000
v 7.0000 0.0000 -9.0000
v 7.0000 0.0000 -8.0000
v 8.0000 -15.0000 9.0000
v 8.0000 -15.0000 8.0000
v 8.0000 -16.0000 8.0000
v 8.0000 -16.0000 9.0000
v 8.0000 -7.0000 9.0000
v 8.0000 -7.0000 8.0000
v 8.0000 -8.0000 8.0000
v 8.0000 -8.0000 9.0000
v 7.0000 -4.0000 9.0000
v 8.0000 -4.0000 8.0000
v 8.0000 -4.0000 9.0000
v 8.0000 -3.0000 9.0000
v 8.0000 -2.0000 9.0000
v 8.0000 -1.0000 9.0000
v 8.0000 -1.0000 8.0000
v 8.0000 1.0000 9.0000
v 8.0000 1.0000 8.0000
v 8.0000 0.0000 8.0000
v 8.0000 0.0000 9.0000
v 8.0000 -15.0000 7.0000
v 8.0000 -16.0000 7.0000
v 8.0000 -8.0000 7.0000
v 8.0000 -6.0000 8.0000
v 8.0000 -7.0000 7.0000
v 8.0000 -6.0000 7.0000
v 8.0000 -5.0000 8.0000
v 8.0000 -5.0000 7.0000
v 8.0000 -4.0000 7.0000
v 8.0000 -1.0000 7.0000
v 8.0000 0.0000 7.0000
v 8.0000 1.0000 7.0000
v 8.0000 2.0000 8.0000
v 8.0000 2.0000 7.0000
v 8.0000 3.0000 8.0000
v 8.0000 3.0000 7.0000
v 8.0000 -8.0000 6.0000
v 8.0000 -7.0000 6.0000
v 8.0000 -6.0000 6.0000
v 8.0000 -5.0000 6.0000
v 8.0000 -4.0000 6.0000
v 8.0000 -3.0000 6.0000
v 8.0000 -3.0000 7.0000
v 8.0000 -1.0000 6.0000
v 8.0000 0.0000 6.0000
v 8.0000 1.0000 6.0000
v 8.0000 2.0000 6.0000
v 8.0000 3.0000 6.0000
v 8.0000 -7.0000 5.0000
v 8.0000 -6.0000 5.0000
v 8.0000 -5.0000 5.0000
v 8.0000 -4.0000 5.0000
v 8.0000 -3.0000 5.0000
v 8.0000 -1.0000 5.0000
v 8.0000 0.0000 5.0000
v 8.0000 1.0000 5.0000
v 8.0000 2.0000 5.0000
v 8.0000 3.0000 5.0000
v 8.0000 4.0000 6.0000
v 8.0000 4.0000 5.0000
v 8.0000 5.0000 6.0000
v 8.0000 5.0000 5.0000
v 8.0000 -7.0000 4.0000
v 8.0000 -6.0000 4.0000
v 8.0000 -5.0000 4.0000
v 8.0000 -4.0000 4.0000
v 8.0000 -3.0000 4.0000
v 8.0000 -1.0000 4.0000
v 8.0000 0.0000 4.0000
v 8.0000 1.0000 4.0000
v 8.0000 2.0000 4.0000
v 8.0000 3.0000 4.0000
v 8.0000 4.0000 4.0000
v 8.0000 -7.0000 3.0000
v 8.0000 -6.0000 3.0000
v 8.0000 -5.0000 3.0000
v 8.0000 -4.0000 3.0000
v 8.0000 -3.0000 3.0000
v 8.0000 -1.0000 3.0000
v 8.0000 0.0000 3.0000
v 8.0000 1.0000 3.0000
v 8.0000 2.0000 3.0000
v 8.0000 3.0000 3.0000
v 8.0000 4.0000 3.0000
v 8.0000 9.0000 3.0000
v 8.0000 9.0000 4.0000
v 8.0000 10.0000 4.0000
v 8.0000 10.0000 3.0000
v 8.0000 11.0000 4.0000
v 8.0000 11.0000 3.0000
v 7.0000 12.0000 4.0000
v 8.0000 12.0000 4.0000
v 8.0000 12.0000 3.0000
v 7.0000 12.0000 3.0000
v 8.0000 -16.0000 2.0000
v 8.0000 -16.0000 3.0000
v 8.0000 -15.0000 3.0000
v 7.0000 -14.0000 3.0000
v 8.0000 -14.0000 3.0000
v 8.0000 -14.0000 2.0000
v 7.0000 -14.0000 2.0000
v 8.0000 -15.0000 2.0000
v 8.0000 -7.0000 2.0000
v 8.0000 -6.0000 2.0000
v 8.0000 -5.0000 2.0000
v 8.0000 -4.0000 2.0000
v 8.0000 -3.0000 2.0000
v 8.0000 -1.0000 2.0000
v 8.0000 0.0000 2.0000
v 8.0000 1.0000 2.0000
v 8.0000 2.0000 2.0000
v 8.0000 3.0000 2.0000
v 8.0000 4.0000 2.0000
v 8.0000 5.0000 3.0000
v 8.0000 5.0000 2.0000
v 8.0000 6.0000 3.0000
v 8.0000 6.0000 2.0000
v 8.0000 -16.0000 1.0000
v 8.0000 -14.0000 1.0000
v 7.0000 -14.0000 1.0000
v 8.0000 -15.0000 1.0000
v 8.0000 -10.0000 1.0000
v 8.0000 -10.0000 2.0000
v 8.0000 -9.0000 2.0000
v 8.0000 -9.0000 1.0000
v 8.0000 -8.0000 2.0000
v 8.0000 -8.0000 1.0000
v 8.0000 -7.0000 1.0000
v 8.0000 3.0000 1.0000
v 8.0000 4.0000 1.0000
v 8.0000 5.0000 1.0000
v 8.0000 -15.0000 -0.0000
v 8.0000 -16.0000 -0.0000
v 8.0000 -7.0000 -0.0000
v 8.0000 -6.0000 -0.0000
v 8.0000 -6.0000 1.0000
v 8.0000 -5.0000 1.0000
v 8.0000 -5.0000 -0.0000
v 8.0000 -4.0000 -0.0000
v 8.0000 -4.0000 1.0000
v 8.0000 -3.0000 -0.0000
v 8.0000 -3.0000 1.0000
v 8.0000 -1.0000 1.0000
v 8.0000 -1.0000 -0.0000
v 8.0000 0.0000 -0.0000
v 8.0000 0.0000 1.0000
v 8.0000 1.0000 -0.0000
v 8.0000 1.0000 1.0000
v 8.0000 2.0000 -0.0000
v 8.0000 2.0000 1.0000
v 8.0000 3.0000 -0.0000
v 8.0000 4.0000 -0.0000
v 8.0000 5.0000 -0.0000
v 8.0000 6.0000 1.0000
v 8.0000 6.0000 -0.0000
v 8.0000 7.0000 1.0000
v 8.0000 7.0000 -0.0000
v 7.0000 8.0000 1.0000
v 8.0000 8.0000 1.0000
v 8.0000 8.0000 -0.0000
v 7.0000 8.0000 -0.0000
v 8.0000 -7.0000 -1.0000
v 8.0000 -6.0000 -1.0000
v 8.0000 -5.0000 -1.0000
v 8.0000 -4.0000 -1.0000
v 8.0000 -3.0000 -1.0000
v 8.0000 -1.0000 -1.0000
v 8.0000 0.0000 -1.0000
v 8.0000 1.0000 -1.0000
v 8.0000 2.0000 -1.0000
v 8.0000 3.0000 -1.0000
v 8.0000 4.0000 -1.0000
v 7.0000 -15.0000 -1.0000
v 8.0000 -15.0000 -1.0000
v 8.0000 -15.0000 -2.0000
v 7.0000 -15.0000 -2.0000
v 7.0000 -16.0000 -1.0000
v 7.0000 -16.0000 -2.0000
v 8.0000 -16.0000 -2.0000
v 8.0000 -16.0000 -1.0000
v 8.0000 -10.0000 -2.0000
v 8.0000 -10.0000 -1.0000
v 8.0000 -9.0000 -1.0000
v 8.0000 -9.0000 -2.0000
v 8.0000 -8.0000 -1.0000
v 8.0000 -8.0000 -2.0000
v 8.0000 -7.0000 -2.0000
v 8.0000 3.0000 -2.0000
v 8.0000 4.0000 -2.0000
v 8.0000 5.0000 -1.0000
v 8.0000 5.0000 -2.0000
v 8.0000 -7.0000 -3.0000
v 8.0000 -6.0000 -3.0000
v 8.0000 -6.0000 -2.0000
v 8.0000 -5.0000 -2.0000
v 8.0000 -5.0000 -3.0000
v 8.0000 -4.0000 -3.0000
v 8.0000 -4.0000 -2.0000
v 8.0000 -3.0000 -3.0000
v 8.0000 -3.0000 -2.0000
v 8.0000 -1.0000 -2.0000
v 8.0000 -1.0000 -3.0000
v 8.0000 0.0000 -3.0000
v 8.0000 0.0000 -2.0000
v 8.0000 1.0000 -3.0000
v 8.0000 1.0000 -2.0000
v 8.0000 2.0000 -2.0000
v 8.0000 2.0000 -3.0000
v 8.0000 3.0000 -3.0000
v 8.0000 4.0000 -3.0000
v 8.0000 5.0000 -3.0000
v 8.0000 6.0000 -2.0000
v 8.0000 6.0000 -3.0000
v 8.0000 -7.0000 -4.0000
v 8.0000 -6.0000 -4.0000
v 8.0000 -5.0000 -4.0000
v 8.0000 -4.0000 -4.0000
v 8.0000 -3.0000 -4.0000
v 8.0000 -1.0000 -4.0000
v 8.0000 0.0000 -4.0000
v 8.0000 1.0000 -4.0000
v 8.0000 2.0000 -4.0000
v 8.0000 3.0000 -4.0000
v 8.0000 4.0000 -4.0000
v 8.0000 -7.0000 -5.0000
v 8.0000 -6.0000 -5.0000
v 8.0000 -5.0000 -5.0000
v 8.0000 -4.0000 -5.0000
v 8.0000 -3.0000 -5.0000
v 8.0000 -1.0000 -5.0000
v 8.0000 0.0000 -5.0000
v 8.0000 1.0000 -5.0000
v 8.0000 2.0000 -5.0000
v 8.0000 3.0000 -5.0000
v 8.0000 4.0000 -5.0000
v 8.0000 -8.0000 -6.0000
v 8.0000 -8.0000 -5.0000
v 8.0000 -7.0000 -6.0000
v 8.0000 -6.0000 -6.0000
v 8.0000 -5.0000 -6.0000
v 8.0000 -4.0000 -6.0000
v 8.0000 -3.0000 -6.0000
v 8.0000 -1.0000 -6.0000
v 8.0000 0.0000 -6.0000
v 8.0000 1.0000 -6.0000
v 8.0000 2.0000 -6.0000
v 8.0000 3.0000 -6.0000
v 8.0000 4.0000 -6.0000
v 8.0000 5.0000 -5.0000
v 8.0000 5.0000 -6.0000
v 8.0000 -15.0000 -6.0000
v 8.0000 -15.0000 -7.0000
v 7.0000 -15.0000 -7.0000
v 7.0000 -16.0000 -7.0000
v 8.0000 -16.0000 -7.0000
v 8.0000 -16.0000 -6.0000
v 8.0000 -8.0000 -7.0000
v 8.0000 -7.0000 -7.0000
v 8.0000 -6.0000 -7.0000
v 8.0000 -5.0000 -7.0000
v 8.0000 -4.0000 -7.0000
v 8.0000 0.0000 -7.0000
v 8.0000 -1.0000 -7.0000
v 8.0000 1.0000 -7.0000
v 8.0000 2.0000 -7.0000
v 8.0000 3.0000 -7.0000
v 7.0000 -4.0000 -8.0000
v 8.0000 -4.0000 -8.0000
v 8.0000 -3.0000 -8.0000
v 8.0000 -2.0000 -8.0000
v 8.0000 -1.0000 -8.0000
v 8.0000 -7.0000 -8.0000
v 8.0000 -7.0000 -9.0000
v 8.0000 -8.0000 -9.0000
v 8.0000 -8.0000 -8.0000
v 8.0000 1.0000 -8.0000
v 8.0000 1.0000 -9.0000
v 8.0000 0.0000 -9.0000
v 8.0000 0.0000 -8.0000
v 9.0000 -4.0000 8.0000
v 9.0000 -4.0000 9.0000
v 9.0000 -3.0000 9.0000
v 9.0000 -3.0000 8.0000
v 9.0000 -2.0000 9.0000
v 9.0000 -2.0000 8.0000
v 9.0000 -1.0000 9.0000
v 9.0000 -1.0000 8.0000
v 9.0000 -15.0000 8.0000
v 9.0000 -15.0000 7.0000
v 9.0000 -16.0000 7.0000
v 9.0000 -16.0000 8.0000
v 9.0000 -7.0000 8.0000
v 9.0000 -7.0000 7.0000
v 9.0000 -8.0000 7.0000
v 9.0000 -8.0000 8.0000
v 9.0000 -4.0000 7.0000
v 9.0000 -3.0000 7.0000
v 9.0000 -2.0000 7.0000
v 9.0000 -1.0000 7.0000
v 9.0000 -6.0000 7.0000
v 9.0000 -6.0000 6.0000
v 9.0000 -7.0000 6.0000
v 9.0000 -4.0000 6.0000
v 9.0000 -5.0000 6.0000
v 9.0000 -5.0000 7.0000
v 9.0000 -3.0000 6.0000
v 9.0000 -2.0000 6.0000
v 9.0000 -1.0000 6.0000
v 9.0000 1.0000 7.0000
v 9.0000 1.0000 6.0000
v 9.0000 0.0000 6.0000
v 9.0000 0.0000 7.0000
v 9.0000 -6.0000 5.0000
v 9.0000 -7.0000 5.0000
v 9.0000 -3.0000 5.0000
v 9.0000 -2.0000 5.0000
v 9.0000 -1.0000 5.0000
v 9.0000 1.0000 5.0000
v 9.0000 0.0000 5.0000
v 9.0000 -6.0000 4.0000
v 9.0000 -7.0000 4.0000
v 9.0000 -3.0000 4.0000
v 9.0000 -2.0000 4.0000
v 9.0000 -1.0000 4.0000
v 9.0000 1.0000 4.0000
v 9.0000 0.0000 4.0000
v 9.0000 -5.0000 4.0000
v 9.0000 -5.0000 3.0000
v 9.0000 -6.0000 3.0000
v 9.0000 -3.0000 3.0000
v 9.0000 -2.0000 3.0000
v 9.0000 -1.0000 3.0000
v 9.0000 1.0000 3.0000
v 9.0000 0.0000 3.0000
v 9.0000 10.0000 3.0000
v 9.0000 10.0000 4.0000
v 9.0000 11.0000 4.0000
v 9.0000 11.0000 3.0000
v 9.0000 12.0000 4.0000
v 9.0000 12.0000 3.0000
v 9.0000 -15.0000 3.0000
v 9.0000 -15.0000 2.0000
v 9.0000 -16.0000 2.0000
v 9.0000 -16.0000 3.0000
v 9.0000 -5.0000 2.0000
v 9.0000 -6.0000 2.0000
v 9.0000 -3.0000 2.0000
v 9.0000 -2.0000 2.0000
v 9.0000 -1.0000 2.0000
v 9.0000 2.0000 3.0000
v 9.0000 2.0000 2.0000
v 9.0000 1.0000 2.0000
v 9.0000 -15.0000 1.0000
v 9.0000 -16.0000 1.0000
v 9.0000 -7.0000 1.0000
v 9.0000 -7.0000 2.0000
v 9.0000 -6.0000 1.0000
v 9.0000 -4.0000 2.0000
v 9.0000 -4.0000 1.0000
v 9.0000 -5.0000 1.0000
v 9.0000 -3.0000 1.0000
v 9.0000 0.0000 2.0000
v 9.0000 0.0000 1.0000
v 9.0000 -1.0000 1.0000
v 9.0000 1.0000 1.0000
v 9.0000 2.0000 1.0000
v 9.0000 3.0000 2.0000
v 9.0000 3.0000 1.0000
v 9.0000 -15.0000 -0.0000
v 9.0000 -16.0000 -0.0000
v 9.0000 -5.0000 -0.0000
v 9.0000 -6.0000 -0.0000
v 9.0000 -3.0000 -0.0000
v 9.0000 -2.0000 -0.0000
v 9.0000 -2.0000 1.0000
v 9.0000 -1.0000 -0.0000
v 9.0000 6.0000 -0.0000
v 9.0000 6.0000 1.0000
v 9.0000 7.0000 1.0000
v 9.0000 7.0000 -0.0000
v 9.0000 8.0000 1.0000
v 9.0000 8.0000 -0.0000
v 8.0000 9.0000 1.0000
v 9.0000 9.0000 1.0000
v 9.0000 9.0000 -0.0000
v 8.0000 9.0000 -0.0000
v 9.0000 -15.0000 -1.0000
v 9.0000 -16.0000 -1.0000
v 9.0000 -5.0000 -1.0000
v 9.0000 -6.0000 -1.0000
v 9.0000 -3.0000 -1.0000
v 9.0000 -2.0000 -1.0000
v 9.0000 -1.0000 -1.0000
v 9.0000 -15.0000 -2.0000
v 9.0000 -16.0000 -2.0000
v 9.0000 -7.0000 -2.0000
v 9.0000 -7.0000 -1.0000
v 9.0000 -6.0000 -2.0000
v 9.0000 -4.0000 -1.0000
v 9.0000 -4.0000 -2.0000
v 9.0000 -5.0000 -2.0000
v 9.0000 -3.0000 -2.0000
v 9.0000 0.0000 -1.0000
v 9.0000 0.0000 -2.0000
v 9.0000 -1.0000 -2.0000
v 9.0000 1.0000 -1.0000
v 9.0000 1.0000 -2.0000
v 9.0000 2.0000 -1.0000
v 9.0000 3.0000 -1.0000
v 9.0000 3.0000 -2.0000
v 9.0000 2.0000 -2.0000
v 9.0000 -15.0000 -3.0000
v 8.0000 -15.0000 -3.0000
v 8.0000 -16.0000 -3.0000
v 9.0000 -16.0000 -3.0000
v 9.0000 -5.0000 -3.0000
v 9.0000 -6.0000 -3.0000
v 9.0000 -3.0000 -3.0000
v 9.0000 -2.0000 -3.0000
v 9.0000 -2.0000 -2.0000
v 9.0000 -1.0000 -3.0000
v 9.0000 2.0000 -3.0000
v 9.0000 1.0000 -3.0000
v 9.0000 -5.0000 -4.0000
v 9.0000 -6.0000 -4.0000
v 9.0000 -3.0000 -4.0000
v 9.0000 -2.0000 -4.0000
v 9.0000 -1.0000 -4.0000
v 9.0000 1.0000 -4.0000
v 9.0000 0.0000 -4.0000
v 9.0000 0.0000 -3.0000
v 9.0000 -6.0000 -5.0000
v 9.0000 -7.0000 -5.0000
v 9.0000 -7.0000 -4.0000
v 9.0000 -3.0000 -5.0000
v 9.0000 -2.0000 -5.0000
v 9.0000 -1.0000 -5.0000
v 9.0000 1.0000 -5.0000
v 9.0000 0.0000 -5.0000
v 9.0000 -6.0000 -6.0000
v 9.0000 -7.0000 -6.0000
v 9.0000 -3.0000 -6.0000
v 9.0000 -2.0000 -6.0000
v 9.0000 -1.0000 -6.0000
v 9.0000 1.0000 -6.0000
v 9.0000 0.0000 -6.0000
v 9.0000 -6.0000 -7.0000
v 9.0000 -7.0000 -7.0000
v 9.0000 -5.0000 -7.0000
v 9.0000 -5.0000 -6.0000
v 9.0000 -4.0000 -6.0000
v 9.0000 -4.0000 -7.0000
v 9.0000 -3.0000 -7.0000
v 9.0000 -2.0000 -7.0000
v 9.0000 -1.0000 -7.0000
v 9.0000 1.0000 -7.0000
v 9.0000 0.0000 -7.0000
v 9.0000 -7.0000 -8.0000
v 9.0000 -8.0000 -8.0000
v 9.0000 -8.0000 -7.0000
v 9.0000 -4.0000 -8.0000
v 9.0000 -3.0000 -8.0000
v 9.0000 -2.0000 -8.0000
v 9.0000 -1.0000 -8.0000
v 9.0000 -15.0000 9.0000
v 10.0000 -15.0000 9.0000
v 10.0000 -15.0000 8.0000
v 9.0000 -16.0000 9.0000
v 10.0000 -16.0000 8.0000
v 10.0000 -16.0000 9.0000
v 10.0000 -15.0000 7.0000
v 10.0000 -16.0000 7.0000
v 10.0000 -6.0000 1.0000
v 10.0000 -6.0000 2.0000
v 10.0000 -5.0000 2.0000
v 10.0000 -5.0000 1.0000
v 10.0000 -4.0000 2.0000
v 10.0000 -4.0000 1.0000
v 10.0000 -3.0000 1.0000
v 10.0000 -3.0000 2.0000
v 10.0000 -2.0000 2.0000
v 10.0000 -2.0000 1.0000
v 10.0000 -1.0000 2.0000
v 10.0000 -1.0000 1.0000
v 10.0000 2.0000 2.0000
v 10.0000 2.0000 1.0000
v 10.0000 1.0000 1.0000
v 10.0000 1.0000 2.0000
v 10.0000 -15.0000 1.0000
v 10.0000 -15.0000 -0.0000
v 10.0000 -16.0000 -0.0000
v 10.0000 -16.0000 1.0000
v 10.0000 7.0000 -0.0000
v 10.0000 7.0000 1.0000
v 10.0000 8.0000 1.0000
v 10.0000 8.0000 -0.0000
v 10.0000 9.0000 1.0000
v 10.0000 9.0000 -0.0000
v 10.0000 -15.0000 -1.0000
v 10.0000 -15.0000 -2.0000
v 10.0000 -16.0000 -2.0000
v 10.0000 -16.0000 -1.0000
v 10.0000 -6.0000 -2.0000
v 10.0000 -6.0000 -1.0000
v 10.0000 -5.0000 -1.0000
v 10.0000 -5.0000 -2.0000
v 10.0000 -4.0000 -1.0000
v 10.0000 -4.0000 -2.0000
v 10.0000 -3.0000 -2.0000
v 10.0000 -3.0000 -1.0000
v 10.0000 -2.0000 -1.0000
v 10.0000 -2.0000 -2.0000
v 10.0000 -1.0000 -1.0000
v 10.0000 -1.0000 -2.0000
v 10.0000 2.0000 -1.0000
v 10.0000 2.0000 -2.0000
v 10.0000 1.0000 -2.0000
v 10.0000 1.0000 -1.0000
v 10.0000 -15.0000 -3.0000
v 10.0000 -16.0000 -3.0000
v 10.0000 -15.0000 -4.0000
v 9.0000 -15.0000 -4.0000
v 9.0000 -16.0000 -4.0000
v 10.0000 -16.0000 -4.0000
v 11.0000 -15.0000 9.0000
v 11.0000 -15.0000 8.0000
v 11.0000 -16.0000 8.0000
v 11.0000 -16.0000 9.0000
v 11.0000 -15.0000 1.0000
v 11.0000 -15.0000 -0.0000
v 11.0000 -16.0000 -0.0000
v 11.0000 -16.0000 1.0000
v 11.0000 -15.0000 -1.0000
v 11.0000 -16.0000 -1.0000
v 11.0000 -15.0000 -2.0000
v 11.0000 -15.0000 -3.0000
v 11.0000 -16.0000 -3.0000
v 11.0000 -16.0000 -2.0000
v 11.0000 -15.0000 -4.0000
v 11.0000 -16.0000 -4.0000
v 12.0000 -15.0000 -1.0000
v 12.0000 -15.0000 -2.0000
v 12.0000 -16.0000 -2.0000
v 12.0000 -16.0000 -1.0000
v 13.0000 -15.0000 -1.0000
v 13.0000 -15.0000 -2.0000
v 13.0000 -16.0000 -2.0000
v 13.0000 -16.0000 -1.0000
vt 0.001953 0.500000
vt 0.005859 0.500000
vt 0.009766 0.500000
vt 0.013672 0.500000
vt 0.017578 0.500000
vt 0.021484 0.500000
vn 0.0 -1.0 0.0
vn 0.0 1.0 0.0
vn 0.0 0.0 1.0
vn 0.0 0.0 -1.0
vn -1.0 0.0 0.0
vn 1.0 0.0 0.0
usemtl mat_Boss_Boss_Suculentas_fase_4
s off
f 1/1/2 2/1/2 3/1/2 4/1/2
f 5/1/1 6/1/1 7/1/1 8/1/1
f 5/1/3 8/1/3 2/1/3 1/1/3
f 6/1/4 4/1/4 3/1/4 7/1/4
f 8/1/6 7/1/6 3/1/6 2/1/6
f 5/1/5 1/1/5 4/1/5 6/1/5
f 9/1/2 10/1/2 11/1/2 12/1/2
f 13/1/1 14/1/1 15/1/1 16/1/1
f 13/1/3 16/1/3 10/1/3 9/1/3
f 14/1/4 12/1/4 11/1/4 15/1/4
f 13/1/5 9/1/5 12/1/5 14/1/5
f 10/2/2 17/2/2 18/2/2 11/2/2
f 16/2/1 15/2/1 19/2/1 20/2/1
f 16/2/3 20/2/3 17/2/3 10/2/3
f 15/2/4 11/2/4 18/2/4 19/2/4
f 20/2/6 19/2/6 18/2/6 17/2/6
f 21/2/2 22/2/2 23/2/2 24/2/2
f 25/2/1 26/2/1 27/2/1 28/2/1
f 25/2/3 28/2/3 22/2/3 21/2/3
f 26/2/4 24/2/4 23/2/4 27/2/4
f 28/2/6 27/2/6 23/2/6 22/2/6
f 25/2/5 21/2/5 24/2/5 26/2/5
f 29/1/2 30/1/2 31/1/2 32/1/2
f 33/1/1 34/1/1 35/1/1 36/1/1
f 33/1/3 36/1/3 30/1/3 29/1/3
f 33/1/5 29/1/5 32/1/5 34/1/5
f 32/2/2 31/2/2 37/2/2 38/2/2
f 34/2/1 39/2/1 40/2/1 35/2/1
f 39/2/4 38/2/4 37/2/4 40/2/4
f 35/2/6 40/2/6 37/2/6 31/2/6
f 34/2/5 32/2/5 38/2/5 39/2/5
f 41/3/1 42/3/1 43/3/1 44/3/1
f 41/3/3 44/3/3 45/3/3 46/3/3
f 42/3/4 47/3/4 48/3/4 43/3/4
f 41/3/5 46/3/5 47/3/5 42/3/5
f 49/3/2 50/3/2 51/3/2 52/3/2
f 46/3/3 45/3/3 50/3/3 49/3/3
f 47/3/4 52/3/4 51/3/4 48/3/4
f 46/3/5 49/3/5 52/3/5 47/3/5
f 53/3/1 54/3/1 55/3/1 56/3/1
f 53/3/3 56/3/3 57/3/3 58/3/3
f 54/3/4 59/3/4 60/3/4 55/3/4
f 56/3/6 55/3/6 60/3/6 57/3/6
f 53/3/5 58/3/5 59/3/5 54/3/5
f 61/3/2 62/3/2 63/3/2 64/3/2
f 58/3/3 57/3/3 62/3/3 61/3/3
f 59/3/4 64/3/4 63/3/4 60/3/4
f 57/3/6 60/3/6 63/3/6 62/3/6
f 58/3/5 61/3/5 64/3/5 59/3/5
f 65/3/2 66/3/2 67/3/2 68/3/2
f 69/3/1 70/3/1 71/3/1 72/3/1
f 69/3/3 72/3/3 66/3/3 65/3/3
f 70/3/4 68/3/4 67/3/4 71/3/4
f 69/3/5 65/3/5 68/3/5 70/3/5
f 73/2/2 74/2/2 75/2/2 76/2/2
f 77/2/1 78/2/1 79/2/1 80/2/1
f 77/2/3 80/2/3 74/2/3 73/2/3
f 78/2/4 76/2/4 75/2/4 79/2/4
f 77/2/5 73/2/5 76/2/5 78/2/5
f 81/3/1 82/3/1 83/3/1 84/3/1
f 81/3/3 84/3/3 85/3/3 86/3/3
f 82/3/4 87/3/4 88/3/4 83/3/4
f 81/3/5 86/3/5 87/3/5 82/3/5
f 89/3/2 90/3/2 91/3/2 92/3/2
f 86/3/3 85/3/3 90/3/3 89/3/3
f 87/3/4 92/3/4 91/3/4 88/3/4
f 86/3/5 89/3/5 92/3/5 87/3/5
f 93/3/1 94/3/1 95/3/1 96/3/1
f 93/3/3 96/3/3 97/3/3 98/3/3
f 94/3/4 99/3/4 100/3/4 95/3/4
f 96/3/6 95/3/6 100/3/6 97/3/6
f 93/3/5 98/3/5 99/3/5 94/3/5
f 101/3/2 102/3/2 103/3/2 104/3/2
f 98/3/3 97/3/3 102/3/3 101/3/3
f 99/3/4 104/3/4 103/3/4 100/3/4
f 97/3/6 100/3/6 103/3/6 102/3/6
f 98/3/5 101/3/5 104/3/5 99/3/5
f 105/3/2 106/3/2 107/3/2 108/3/2
f 109/3/1 110/3/1 111/3/1 112/3/1
f 109/3/3 112/3/3 106/3/3 105/3/3
f 110/3/4 108/3/4 107/3/4 111/3/4
f 109/3/5 105/3/5 108/3/5 110/3/5
f 30/2/2 113/2/2 114/2/2 31/2/2
f 36/2/1 35/2/1 115/2/1 116/2/1
f 36/2/3 116/2/3 113/2/3 30/2/3
f 35/2/4 31/2/4 114/2/4 115/2/4
f 117/3/2 118/3/2 119/3/2 120/3/2
f 121/3/1 122/3/1 123/3/1 124/3/1
f 121/3/3 124/3/3 118/3/3 117/3/3
f 122/3/4 120/3/4 119/3/4 123/3/4
f 124/3/6 123/3/6 119/3/6 118/3/6
f 121/3/5 117/3/5 120/3/5 122/3/5
f 125/3/2 126/3/2 127/3/2 128/3/2
f 120/3/1 129/3/1 130/3/1 119/3/1
f 120/3/3 119/3/3 126/3/3 125/3/3
f 120/3/5 125/3/5 128/3/5 129/3/5
f 131/3/2 132/3/2 133/3/2 134/3/2
f 135/3/1 136/3/1 137/3/1 138/3/1
f 135/3/3 138/3/3 132/3/3 131/3/3
f 136/3/4 134/3/4 133/3/4 137/3/4
f 138/3/6 137/3/6 133/3/6 132/3/6
f 135/3/5 131/3/5 134/3/5 136/3/5
f 139/3/1 140/3/1 141/3/1 142/3/1
f 139/3/3 142/3/3 143/3/3 144/3/3
f 140/3/4 145/3/4 146/3/4 141/3/4
f 139/3/5 144/3/5 145/3/5 140/3/5
f 147/3/2 148/3/2 149/3/2 150/3/2
f 144/3/3 143/3/3 148/3/3 147/3/3
f 145/3/4 150/3/4 149/3/4 146/3/4
f 144/3/5 147/3/5 150/3/5 145/3/5
f 151/4/2 152/4/2 153/4/2 154/4/2
f 155/4/1 156/4/1 157/4/1 158/4/1
f 155/4/3 158/4/3 152/4/3 151/4/3
f 155/4/5 151/4/5 154/4/5 156/4/5
f 128/3/2 127/3/2 159/3/2 160/3/2
f 129/3/1 161/3/1 162/3/1 130/3/1
f 129/3/5 128/3/5 160/3/5 161/3/5
f 154/4/2 153/4/2 163/4/2 164/4/2
f 156/4/1 165/4/1 166/4/1 157/4/1
f 157/4/6 166/4/6 163/4/6 153/4/6
f 156/4/5 154/4/5 164/4/5 165/4/5
f 160/3/2 159/3/2 167/3/2 168/3/2
f 161/3/1 169/3/1 170/3/1 162/3/1
f 169/3/4 168/3/4 167/3/4 170/3/4
f 162/3/6 170/3/6 167/3/6 159/3/6
f 161/3/5 160/3/5 168/3/5 169/3/5
f 164/3/2 163/3/2 171/3/2 172/3/2
f 165/3/1 173/3/1 174/3/1 166/3/1
f 166/3/6 174/3/6 171/3/6 163/3/6
f 165/3/5 164/3/5 172/3/5 173/3/5
f 175/3/2 176/3/2 177/3/2 178/3/2
f 168/3/1 179/3/1 180/3/1 167/3/1
f 168/3/3 167/3/3 176/3/3 175/3/3
f 167/3/6 180/3/6 177/3/6 176/3/6
f 168/3/5 175/3/5 178/3/5 179/3/5
f 172/3/2 171/3/2 181/3/2 182/3/2
f 173/3/1 183/3/1 184/3/1 174/3/1
f 183/3/4 182/3/4 181/3/4 184/3/4
f 174/3/6 184/3/6 181/3/6 171/3/6
f 173/3/5 172/3/5 182/3/5 183/3/5
f 185/2/2 186/2/2 187/2/2 188/2/2
f 189/2/1 190/2/1 191/2/1 192/2/1
f 189/2/3 192/2/3 186/2/3 185/2/3
f 190/2/4 188/2/4 187/2/4 191/2/4
f 189/2/5 185/2/5 188/2/5 190/2/5
f 178/3/2 177/3/2 193/3/2 45/3/2
f 179/3/1 44/3/1 194/3/1 180/3/1
f 180/3/6 194/3/6 193/3/6 177/3/6
f 179/3/5 178/3/5 45/3/5 44/3/5
f 195/4/2 196/4/2 197/4/2 66/4/2
f 182/4/1 72/4/1 198/4/1 181/4/1
f 182/4/3 181/4/3 196/4/3 195/4/3
f 181/4/6 198/4/6 197/4/6 196/4/6
f 182/4/5 195/4/5 66/4/5 72/4/5
f 199/4/1 200/4/1 201/4/1 202/4/1
f 199/4/3 202/4/3 194/4/3 44/4/3
f 200/4/4 43/4/4 203/4/4 201/4/4
f 202/4/6 201/4/6 203/4/6 194/4/6
f 199/4/5 44/4/5 43/4/5 200/4/5
f 194/3/6 203/3/6 204/3/6 193/3/6
f 45/3/3 193/3/3 205/3/3 50/3/3
f 48/3/4 51/3/4 206/3/4 204/3/4
f 193/3/6 204/3/6 206/3/6 205/3/6
f 56/3/2 207/3/2 208/3/2 55/3/2
f 50/3/3 205/3/3 207/3/3 56/3/3
f 51/3/4 55/3/4 208/3/4 206/3/4
f 205/3/6 206/3/6 208/3/6 207/3/6
f 50/3/5 56/3/5 55/3/5 51/3/5
f 62/3/1 63/3/1 209/3/1 210/3/1
f 62/3/3 210/3/3 211/3/3 212/3/3
f 63/3/4 213/3/4 214/3/4 209/3/4
f 210/3/6 209/3/6 214/3/6 211/3/6
f 62/3/5 212/3/5 213/3/5 63/3/5
f 212/4/3 211/4/3 198/4/3 72/4/3
f 213/4/4 71/4/4 215/4/4 214/4/4
f 211/4/6 214/4/6 215/4/6 198/4/6
f 212/4/5 72/4/5 71/4/5 213/4/5
f 71/4/4 67/4/4 216/4/4 215/4/4
f 198/4/6 215/4/6 216/4/6 197/4/6
f 217/3/2 218/3/2 219/3/2 220/3/2
f 66/3/3 197/3/3 218/3/3 217/3/3
f 67/3/4 220/3/4 219/3/4 216/3/4
f 197/3/6 216/3/6 219/3/6 218/3/6
f 66/3/5 217/3/5 220/3/5 67/3/5
f 221/2/2 222/2/2 223/2/2 74/2/2
f 224/2/1 80/2/1 225/2/1 226/2/1
f 224/2/3 226/2/3 222/2/3 221/2/3
f 226/2/6 225/2/6 223/2/6 222/2/6
f 224/2/5 221/2/5 74/2/5 80/2/5
f 48/3/2 204/3/2 227/3/2 228/3/2
f 43/3/1 229/3/1 230/3/1 203/3/1
f 203/3/6 230/3/6 227/3/6 204/3/6
f 43/3/5 48/3/5 228/3/5 229/3/5
f 231/5/1 232/5/1 233/5/1 234/5/1
f 231/5/3 234/5/3 235/5/3 236/5/3
f 232/5/4 237/5/4 238/5/4 233/5/4
f 231/5/5 236/5/5 237/5/5 232/5/5
f 239/5/2 240/5/2 241/5/2 242/5/2
f 236/5/3 235/5/3 240/5/3 239/5/3
f 237/5/4 242/5/4 241/5/4 238/5/4
f 236/5/5 239/5/5 242/5/5 237/5/5
f 80/2/1 79/2/1 243/2/1 225/2/1
f 79/2/4 75/2/4 244/2/4 243/2/4
f 245/1/2 246/1/2 247/1/2 248/1/2
f 74/1/3 223/1/3 246/1/3 245/1/3
f 75/1/4 248/1/4 247/1/4 244/1/4
f 223/1/6 244/1/6 247/1/6 246/1/6
f 74/1/5 245/1/5 248/1/5 75/1/5
f 228/3/2 227/3/2 249/3/2 85/3/2
f 229/3/1 84/3/1 250/3/1 230/3/1
f 230/3/6 250/3/6 249/3/6 227/3/6
f 229/3/5 228/3/5 85/3/5 84/3/5
f 251/3/1 252/3/1 253/3/1 254/3/1
f 251/3/3 254/3/3 250/3/3 84/3/3
f 252/3/4 83/3/4 255/3/4 253/3/4
f 254/3/6 253/3/6 255/3/6 250/3/6
f 251/3/5 84/3/5 83/3/5 252/3/5
f 250/3/6 255/3/6 256/3/6 249/3/6
f 85/3/3 249/3/3 257/3/3 90/3/3
f 88/3/4 91/3/4 258/3/4 256/3/4
f 249/3/6 256/3/6 258/3/6 257/3/6
f 96/3/2 259/3/2 260/3/2 95/3/2
f 90/3/3 257/3/3 259/3/3 96/3/3
f 91/3/4 95/3/4 260/3/4 258/3/4
f 257/3/6 258/3/6 260/3/6 259/3/6
f 90/3/5 96/3/5 95/3/5 91/3/5
f 102/3/1 103/3/1 261/3/1 262/3/1
f 102/3/3 262/3/3 263/3/3 264/3/3
f 103/3/4 265/3/4 266/3/4 261/3/4
f 262/3/6 261/3/6 266/3/6 263/3/6
f 102/3/5 264/3/5 265/3/5 103/3/5
f 264/4/3 263/4/3 267/4/3 112/4/3
f 265/4/4 111/4/4 268/4/4 266/4/4
f 263/4/6 266/4/6 268/4/6 267/4/6
f 264/4/5 112/4/5 111/4/5 265/4/5
f 112/4/3 267/4/3 269/4/3 106/4/3
f 267/4/6 268/4/6 270/4/6 269/4/6
f 271/4/2 272/4/2 273/4/2 274/4/2
f 106/4/3 269/4/3 272/4/3 271/4/3
f 107/4/4 274/4/4 273/4/4 270/4/4
f 269/4/6 270/4/6 273/4/6 272/4/6
f 106/4/5 271/4/5 274/4/5 107/4/5
f 88/3/2 256/3/2 275/3/2 276/3/2
f 83/3/1 277/3/1 278/3/1 255/3/1
f 255/3/6 278/3/6 275/3/6 256/3/6
f 83/3/5 88/3/5 276/3/5 277/3/5
f 107/4/2 270/4/2 279/4/2 280/4/2
f 111/4/1 281/4/1 282/4/1 268/4/1
f 281/4/4 280/4/4 279/4/4 282/4/4
f 268/4/6 282/4/6 279/4/6 270/4/6
f 111/4/5 107/4/5 280/4/5 281/4/5
f 283/2/2 284/2/2 285/2/2 286/2/2
f 287/2/1 288/2/1 289/2/1 290/2/1
f 287/2/3 290/2/3 284/2/3 283/2/3
f 287/2/5 283/2/5 286/2/5 288/2/5
f 276/3/2 275/3/2 291/3/2 292/3/2
f 277/3/1 293/3/1 294/3/1 278/3/1
f 293/3/4 292/3/4 291/3/4 294/3/4
f 278/3/6 294/3/6 291/3/6 275/3/6
f 277/3/5 276/3/5 292/3/5 293/3/5
f 281/4/2 282/4/2 295/4/2 296/4/2
f 297/4/1 298/4/1 299/4/1 300/4/1
f 297/4/3 300/4/3 282/4/3 281/4/3
f 300/4/6 299/4/6 295/4/6 282/4/6
f 297/4/5 281/4/5 296/4/5 298/4/5
f 286/2/2 285/2/2 301/2/2 113/2/2
f 288/2/1 116/2/1 302/2/1 289/2/1
f 289/2/6 302/2/6 301/2/6 285/2/6
f 288/2/5 286/2/5 113/2/5 116/2/5
f 293/3/2 294/3/2 303/3/2 304/3/2
f 305/3/1 306/3/1 307/3/1 308/3/1
f 305/3/3 308/3/3 294/3/3 293/3/3
f 308/3/6 307/3/6 303/3/6 294/3/6
f 305/3/5 293/3/5 304/3/5 306/3/5
f 296/3/2 295/3/2 309/3/2 310/3/2
f 298/3/1 311/3/1 312/3/1 299/3/1
f 299/3/6 312/3/6 309/3/6 295/3/6
f 298/3/5 296/3/5 310/3/5 311/3/5
f 113/2/2 301/2/2 313/2/2 114/2/2
f 116/2/1 115/2/1 314/2/1 302/2/1
f 302/2/6 314/2/6 313/2/6 301/2/6
f 304/3/2 303/3/2 315/3/2 316/3/2
f 306/3/1 317/3/1 318/3/1 307/3/1
f 306/3/5 304/3/5 316/3/5 317/3/5
f 310/3/2 309/3/2 319/3/2 320/3/2
f 311/3/1 321/3/1 322/3/1 312/3/1
f 312/3/6 322/3/6 319/3/6 309/3/6
f 311/3/5 310/3/5 320/3/5 321/3/5
f 114/1/2 313/1/2 323/1/2 324/1/2
f 115/1/1 325/1/1 326/1/1 314/1/1
f 325/1/4 324/1/4 323/1/4 326/1/4
f 314/1/6 326/1/6 323/1/6 313/1/6
f 115/1/5 114/1/5 324/1/5 325/1/5
f 316/3/2 315/3/2 327/3/2 328/3/2
f 317/3/1 329/3/1 330/3/1 318/3/1
f 329/3/4 328/3/4 327/3/4 330/3/4
f 317/3/5 316/3/5 328/3/5 329/3/5
f 331/3/2 332/3/2 333/3/2 334/3/2
f 335/3/1 336/3/1 337/3/1 338/3/1
f 335/3/3 338/3/3 332/3/3 331/3/3
f 336/3/4 334/3/4 333/3/4 337/3/4
f 338/3/6 337/3/6 333/3/6 332/3/6
f 335/3/5 331/3/5 334/3/5 336/3/5
f 339/3/1 340/3/1 341/3/1 342/3/1
f 339/3/3 342/3/3 343/3/3 344/3/3
f 340/3/4 345/3/4 346/3/4 341/3/4
f 339/3/5 344/3/5 345/3/5 340/3/5
f 347/3/2 348/3/2 349/3/2 350/3/2
f 344/3/3 343/3/3 348/3/3 347/3/3
f 345/3/4 350/3/4 349/3/4 346/3/4
f 344/3/5 347/3/5 350/3/5 345/3/5
f 320/3/2 319/3/2 351/3/2 352/3/2
f 321/3/1 353/3/1 354/3/1 322/3/1
f 353/3/4 352/3/4 351/3/4 354/3/4
f 321/3/5 320/3/5 352/3/5 353/3/5
f 329/3/2 330/3/2 355/3/2 356/3/2
f 357/3/1 358/3/1 359/3/1 360/3/1
f 357/3/3 360/3/3 330/3/3 329/3/3
f 358/3/4 356/3/4 355/3/4 359/3/4
f 360/3/6 359/3/6 355/3/6 330/3/6
f 357/3/5 329/3/5 356/3/5 358/3/5
f 361/3/2 362/3/2 363/3/2 118/3/2
f 364/3/1 124/3/1 365/3/1 366/3/1
f 364/3/3 366/3/3 362/3/3 361/3/3
f 124/3/4 118/3/4 363/3/4 365/3/4
f 364/3/5 361/3/5 118/3/5 124/3/5
f 367/3/1 368/3/1 369/3/1 370/3/1
f 367/3/3 370/3/3 371/3/3 372/3/3
f 367/3/5 372/3/5 373/3/5 368/3/5
f 372/3/3 371/3/3 374/3/3 375/3/3
f 372/3/5 375/3/5 376/3/5 373/3/5
f 377/3/2 378/3/2 379/3/2 380/3/2
f 375/3/3 374/3/3 378/3/3 377/3/3
f 375/3/5 377/3/5 380/3/5 376/3/5
f 381/3/2 382/3/2 383/3/2 384/3/2
f 385/3/1 386/3/1 387/3/1 388/3/1
f 385/3/3 388/3/3 382/3/3 381/3/3
f 386/3/4 384/3/4 383/3/4 387/3/4
f 385/3/5 381/3/5 384/3/5 386/3/5
f 368/3/1 132/3/1 389/3/1 369/3/1
f 132/3/4 142/3/4 390/3/4 389/3/4
f 368/3/5 373/3/5 142/3/5 132/3/5
f 373/3/5 376/3/5 143/3/5 142/3/5
f 380/3/2 379/3/2 391/3/2 148/3/2
f 376/3/5 380/3/5 148/3/5 143/3/5
f 123/3/1 392/3/1 393/3/1 394/3/1
f 123/3/3 394/3/3 395/3/3 119/3/3
f 392/3/4 130/3/4 396/3/4 393/3/4
f 123/3/5 119/3/5 130/3/5 392/3/5
f 126/3/2 397/3/2 398/3/2 127/3/2
f 119/3/3 395/3/3 397/3/3 126/3/3
f 142/3/1 141/3/1 399/3/1 390/3/1
f 148/3/3 391/3/3 400/3/3 158/3/3
f 149/3/4 157/3/4 401/3/4 402/3/4
f 148/3/5 158/3/5 157/3/5 149/3/5
f 158/3/3 400/3/3 403/3/3 152/3/3
f 157/3/4 153/3/4 404/3/4 401/3/4
f 152/3/3 403/3/3 405/3/3 406/3/3
f 153/3/4 407/3/4 408/3/4 404/3/4
f 152/3/5 406/3/5 407/3/5 153/3/5
f 409/3/2 410/3/2 411/3/2 412/3/2
f 406/3/3 405/3/3 410/3/3 409/3/3
f 407/3/4 412/3/4 411/3/4 408/3/4
f 406/3/5 409/3/5 412/3/5 407/3/5
f 130/3/1 162/3/1 413/3/1 396/3/1
f 162/3/4 159/3/4 414/3/4 413/3/4
f 127/3/3 398/3/3 415/3/3 137/3/3
f 159/3/4 416/3/4 417/3/4 414/3/4
f 127/3/5 137/3/5 416/3/5 159/3/5
f 133/4/2 418/4/2 419/4/2 420/4/2
f 137/4/3 415/4/3 418/4/3 133/4/3
f 416/4/4 420/4/4 419/4/4 417/4/4
f 137/4/5 133/4/5 420/4/5 416/4/5
f 141/3/1 421/3/1 422/3/1 399/3/1
f 141/3/5 146/3/5 423/3/5 421/3/5
f 149/3/2 402/3/2 424/3/2 425/3/2
f 146/3/5 149/3/5 425/3/5 423/3/5
f 412/4/1 426/4/1 427/4/1 411/4/1
f 412/4/3 411/4/3 428/4/3 429/4/3
f 411/4/6 427/4/6 430/4/6 428/4/6
f 412/4/5 429/4/5 431/4/5 426/4/5
f 432/3/2 433/3/2 434/3/2 435/3/2
f 429/3/3 428/3/3 433/3/3 432/3/3
f 431/3/4 435/3/4 434/3/4 430/3/4
f 428/3/6 430/3/6 434/3/6 433/3/6
f 429/3/5 432/3/5 435/3/5 431/3/5
f 421/3/1 436/3/1 437/3/1 422/3/1
f 421/3/5 423/3/5 438/3/5 436/3/5
f 425/4/2 424/4/2 439/4/2 440/4/2
f 423/4/5 425/4/5 440/4/5 438/4/5
f 431/3/2 430/3/2 441/3/2 442/3/2
f 426/3/1 443/3/1 444/3/1 427/3/1
f 427/3/6 444/3/6 441/3/6 430/3/6
f 426/3/5 431/3/5 442/3/5 443/3/5
f 436/3/1 445/3/1 446/3/1 437/3/1
f 436/3/5 438/3/5 447/3/5 445/3/5
f 440/3/2 439/3/2 448/3/2 449/3/2
f 438/3/5 440/3/5 449/3/5 447/3/5
f 442/3/2 441/3/2 450/3/2 451/3/2
f 443/3/1 452/3/1 453/3/1 444/3/1
f 444/3/6 453/3/6 450/3/6 441/3/6
f 443/3/5 442/3/5 451/3/5 452/3/5
f 454/5/1 455/5/1 456/5/1 457/5/1
f 454/5/3 457/5/3 458/5/3 459/5/3
f 455/5/4 460/5/4 461/5/4 456/5/4
f 454/5/5 459/5/5 460/5/5 455/5/5
f 462/5/2 463/5/2 464/5/2 465/5/2
f 459/5/3 458/5/3 463/5/3 462/5/3
f 460/5/4 465/5/4 464/5/4 461/5/4
f 459/5/5 462/5/5 465/5/5 460/5/5
f 186/2/2 466/2/2 467/2/2 187/2/2
f 192/2/1 191/2/1 468/2/1 469/2/1
f 192/2/3 469/2/3 466/2/3 186/2/3
f 191/2/4 187/2/4 467/2/4 468/2/4
f 469/2/6 468/2/6 467/2/6 466/2/6
f 445/3/1 207/3/1 470/3/1 446/3/1
f 445/3/5 447/3/5 471/3/5 207/3/5
f 449/3/2 448/3/2 472/3/2 210/3/2
f 447/3/5 449/3/5 210/3/5 471/3/5
f 452/3/1 218/3/1 473/3/1 453/3/1
f 453/3/6 473/3/6 474/3/6 450/3/6
f 452/3/5 451/3/5 475/3/5 218/3/5
f 451/3/3 450/3/3 476/3/3 477/3/3
f 450/3/6 474/3/6 478/3/6 476/3/6
f 451/3/5 477/3/5 479/3/5 475/3/5
f 480/3/2 481/3/2 482/3/2 483/3/2
f 477/3/3 476/3/3 481/3/3 480/3/3
f 479/3/4 483/3/4 482/3/4 478/3/4
f 476/3/6 478/3/6 482/3/6 481/3/6
f 477/3/5 480/3/5 483/3/5 479/3/5
f 484/3/1 485/3/1 486/3/1 487/3/1
f 484/3/3 487/3/3 488/3/3 489/3/3
f 485/3/4 490/3/4 491/3/4 486/3/4
f 487/3/6 486/3/6 491/3/6 488/3/6
f 484/3/5 489/3/5 490/3/5 485/3/5
f 489/3/3 488/3/3 492/3/3 493/3/3
f 490/3/4 494/3/4 495/3/4 491/3/4
f 488/3/6 491/3/6 495/3/6 492/3/6
f 489/3/5 493/3/5 494/3/5 490/3/5
f 202/3/2 496/3/2 497/3/2 201/3/2
f 493/3/3 492/3/3 496/3/3 202/3/3
f 494/3/4 201/3/4 497/3/4 495/3/4
f 492/3/6 495/3/6 497/3/6 496/3/6
f 493/3/5 202/3/5 201/3/5 494/3/5
f 207/3/1 208/3/1 498/3/1 470/3/1
f 207/3/5 471/3/5 499/3/5 208/3/5
f 210/3/2 472/3/2 500/3/2 209/3/2
f 471/3/5 210/3/5 209/3/5 499/3/5
f 218/3/1 219/3/1 501/3/1 473/3/1
f 473/3/6 501/3/6 502/3/6 474/3/6
f 218/3/5 475/3/5 503/3/5 219/3/5
f 479/4/2 478/4/2 504/4/2 505/4/2
f 503/4/4 505/4/4 504/4/4 502/4/4
f 474/4/6 502/4/6 504/4/6 478/4/6
f 475/4/5 479/4/5 505/4/5 503/4/5
f 208/3/1 506/3/1 507/3/1 498/3/1
f 208/3/5 499/3/5 508/3/5 506/3/5
f 209/3/2 500/3/2 509/3/2 510/3/2
f 499/3/5 209/3/5 510/3/5 508/3/5
f 503/3/2 502/3/2 511/3/2 512/3/2
f 219/3/1 513/3/1 514/3/1 501/3/1
f 501/3/6 514/3/6 511/3/6 502/3/6
f 219/3/5 503/3/5 512/3/5 513/3/5
f 515/5/1 516/5/1 517/5/1 518/5/1
f 515/5/3 518/5/3 519/5/3 234/5/3
f 516/5/4 233/5/4 520/5/4 517/5/4
f 515/5/5 234/5/5 233/5/5 516/5/5
f 234/5/3 519/5/3 521/5/3 235/5/3
f 233/5/4 238/5/4 522/5/4 520/5/4
f 240/5/2 523/5/2 524/5/2 241/5/2
f 235/5/3 521/5/3 523/5/3 240/5/3
f 238/5/4 241/5/4 524/5/4 522/5/4
f 521/5/6 522/5/6 524/5/6 523/5/6
f 223/2/2 525/2/2 526/2/2 244/2/2
f 225/2/1 243/2/1 527/2/1 528/2/1
f 225/2/3 528/2/3 525/2/3 223/2/3
f 506/3/1 259/3/1 529/3/1 507/3/1
f 506/3/5 508/3/5 530/3/5 259/3/5
f 510/3/2 509/3/2 531/3/2 262/3/2
f 508/3/5 510/3/5 262/3/5 530/3/5
f 512/3/2 511/3/2 532/3/2 533/3/2
f 513/3/1 272/3/1 534/3/1 514/3/1
f 514/3/6 534/3/6 532/3/6 511/3/6
f 513/3/5 512/3/5 533/3/5 272/3/5
f 244/2/2 526/2/2 535/2/2 536/2/2
f 243/2/1 537/2/1 538/2/1 527/2/1
f 527/2/6 538/2/6 535/2/6 526/2/6
f 243/2/5 244/2/5 536/2/5 537/2/5
f 539/3/1 540/3/1 541/3/1 542/3/1
f 539/3/3 542/3/3 543/3/3 544/3/3
f 540/3/4 545/3/4 546/3/4 541/3/4
f 542/3/6 541/3/6 546/3/6 543/3/6
f 539/3/5 544/3/5 545/3/5 540/3/5
f 544/3/3 543/3/3 547/3/3 548/3/3
f 545/3/4 549/3/4 550/3/4 546/3/4
f 543/3/6 546/3/6 550/3/6 547/3/6
f 544/3/5 548/3/5 549/3/5 545/3/5
f 254/3/2 551/3/2 552/3/2 253/3/2
f 548/3/3 547/3/3 551/3/3 254/3/3
f 549/3/4 253/3/4 552/3/4 550/3/4
f 547/3/6 550/3/6 552/3/6 551/3/6
f 548/3/5 254/3/5 253/3/5 549/3/5
f 259/3/1 260/3/1 553/3/1 529/3/1
f 259/3/5 530/3/5 554/3/5 260/3/5
f 262/3/2 531/3/2 555/3/2 261/3/2
f 530/3/5 262/3/5 261/3/5 554/3/5
f 272/4/1 273/4/1 556/4/1 534/4/1
f 534/4/6 556/4/6 557/4/6 532/4/6
f 272/4/5 533/4/5 558/4/5 273/4/5
f 559/3/2 560/3/2 561/3/2 562/3/2
f 533/3/3 532/3/3 560/3/3 559/3/3
f 532/3/6 557/3/6 561/3/6 560/3/6
f 533/3/5 559/3/5 562/3/5 558/3/5
f 537/2/1 290/2/1 563/2/1 538/2/1
f 537/2/5 536/2/5 284/2/5 290/2/5
f 564/2/2 565/2/2 566/2/2 567/2/2
f 536/2/3 535/2/3 565/2/3 564/2/3
f 284/2/4 567/2/4 566/2/4 568/2/4
f 536/2/5 564/2/5 567/2/5 284/2/5
f 260/3/1 569/3/1 570/3/1 553/3/1
f 260/3/5 554/3/5 571/3/5 569/3/5
f 261/3/2 555/3/2 572/3/2 573/3/2
f 554/3/5 261/3/5 573/3/5 571/3/5
f 273/4/1 574/4/1 575/4/1 556/4/1
f 556/4/6 575/4/6 576/4/6 557/4/6
f 273/4/5 558/4/5 577/4/5 574/4/5
f 577/3/4 578/3/4 579/3/4 576/3/4
f 557/3/6 576/3/6 579/3/6 561/3/6
f 558/3/5 562/3/5 578/3/5 577/3/5
f 580/3/2 581/3/2 582/3/2 583/3/2
f 562/3/3 561/3/3 581/3/3 580/3/3
f 578/3/4 583/3/4 582/3/4 579/3/4
f 561/3/6 579/3/6 582/3/6 581/3/6
f 562/3/5 580/3/5 583/3/5 578/3/5
f 284/2/2 568/2/2 584/2/2 285/2/2
f 290/2/1 289/2/1 585/2/1 563/2/1
f 289/2/4 285/2/4 584/2/4 585/2/4
f 569/4/1 586/4/1 587/4/1 570/4/1
f 569/4/5 571/4/5 588/4/5 586/4/5
f 573/4/2 572/4/2 589/4/2 590/4/2
f 571/4/5 573/4/5 590/4/5 588/4/5
f 577/4/2 576/4/2 591/4/2 592/4/2
f 574/4/1 593/4/1 594/4/1 575/4/1
f 575/4/6 594/4/6 591/4/6 576/4/6
f 574/4/5 577/4/5 592/4/5 593/4/5
f 586/3/1 595/3/1 596/3/1 587/3/1
f 586/3/5 588/3/5 597/3/5 595/3/5
f 590/3/2 589/3/2 598/3/2 599/3/2
f 588/3/5 590/3/5 599/3/5 597/3/5
f 592/4/2 591/4/2 600/4/2 601/4/2
f 593/4/1 602/4/1 603/4/1 594/4/1
f 594/4/6 603/4/6 600/4/6 591/4/6
f 593/4/5 592/4/5 601/4/5 602/4/5
f 307/3/1 318/3/1 604/3/1 605/3/1
f 307/3/3 605/3/3 606/3/3 303/3/3
f 303/3/3 606/3/3 607/3/3 608/3/3
f 315/3/4 338/3/4 609/3/4 610/3/4
f 303/3/5 608/3/5 338/3/5 315/3/5
f 611/3/2 612/3/2 613/3/2 332/3/2
f 608/3/3 607/3/3 612/3/3 611/3/3
f 338/3/4 332/3/4 613/3/4 609/3/4
f 608/3/5 611/3/5 332/3/5 338/3/5
f 595/3/1 342/3/1 614/3/1 596/3/1
f 595/3/5 597/3/5 343/3/5 342/3/5
f 599/3/2 598/3/2 615/3/2 348/3/2
f 597/3/5 599/3/5 348/3/5 343/3/5
f 602/4/1 616/4/1 617/4/1 603/4/1
f 616/4/4 618/4/4 619/4/4 617/4/4
f 603/4/6 617/4/6 619/4/6 600/4/6
f 602/4/5 601/4/5 618/4/5 616/4/5
f 620/4/2 621/4/2 622/4/2 623/4/2
f 601/4/3 600/4/3 621/4/3 620/4/3
f 618/4/4 623/4/4 622/4/4 619/4/4
f 600/4/6 619/4/6 622/4/6 621/4/6
f 601/4/5 620/4/5 623/4/5 618/4/5
f 624/3/1 360/3/1 625/3/1 626/3/1
f 624/3/3 626/3/3 604/3/3 318/3/3
f 360/3/4 330/3/4 627/3/4 625/3/4
f 624/3/5 318/3/5 330/3/5 360/3/5
f 315/3/2 610/3/2 628/3/2 327/3/2
f 330/3/4 327/3/4 628/3/4 627/3/4
f 332/3/1 333/3/1 629/3/1 613/3/1
f 332/3/3 613/3/3 614/3/3 342/3/3
f 332/3/5 342/3/5 341/3/5 333/3/5
f 348/3/3 615/3/3 630/3/3 322/3/3
f 349/3/4 354/3/4 631/3/4 632/3/4
f 348/3/5 322/3/5 354/3/5 349/3/5
f 322/3/3 630/3/3 633/3/3 319/3/3
f 354/3/4 351/3/4 634/3/4 631/3/4
f 319/3/3 633/3/3 635/3/3 636/3/3
f 351/3/4 637/3/4 638/3/4 634/3/4
f 319/3/5 636/3/5 637/3/5 351/3/5
f 616/3/2 617/3/2 639/3/2 640/3/2
f 636/3/3 635/3/3 617/3/3 616/3/3
f 637/3/4 640/3/4 639/3/4 638/3/4
f 636/3/5 616/3/5 640/3/5 637/3/5
f 333/4/1 641/4/1 642/4/1 629/4/1
f 641/4/4 643/4/4 644/4/4 642/4/4
f 333/4/5 341/4/5 643/4/5 641/4/5
f 643/3/4 645/3/4 646/3/4 644/3/4
f 341/3/5 346/3/5 645/3/5 643/3/5
f 349/4/2 632/4/2 647/4/2 648/4/2
f 645/4/4 648/4/4 647/4/4 646/4/4
f 346/4/5 349/4/5 648/4/5 645/4/5
f 355/3/2 649/3/2 650/3/2 651/3/2
f 359/3/1 652/3/1 653/3/1 654/3/1
f 359/3/3 654/3/3 649/3/3 355/3/3
f 652/3/4 651/3/4 650/3/4 653/3/4
f 359/3/5 355/3/5 651/3/5 652/3/5
f 655/4/2 656/4/2 657/4/2 658/4/2
f 659/4/1 660/4/1 661/4/1 662/4/1
f 659/4/3 662/4/3 656/4/3 655/4/3
f 660/4/4 658/4/4 657/4/4 661/4/4
f 659/4/5 655/4/5 658/4/5 660/4/5
f 362/4/2 663/4/2 664/4/2 363/4/2
f 366/4/1 365/4/1 665/4/1 666/4/1
f 366/4/3 666/4/3 663/4/3 362/4/3
f 666/4/6 665/4/6 664/4/6 663/4/6
f 370/3/1 369/3/1 667/3/1 668/3/1
f 370/3/3 668/3/3 669/3/3 371/3/3
f 668/3/6 667/3/6 670/3/6 669/3/6
f 371/3/3 669/3/3 671/3/3 374/3/3
f 378/4/2 672/4/2 673/4/2 379/4/2
f 374/4/3 671/4/3 672/4/3 378/4/3
f 382/3/2 674/3/2 675/3/2 383/3/2
f 388/3/1 387/3/1 676/3/1 677/3/1
f 388/3/3 677/3/3 674/3/3 382/3/3
f 365/3/1 394/3/1 678/3/1 665/3/1
f 365/3/5 363/3/5 395/3/5 394/3/5
f 363/3/3 664/3/3 679/3/3 680/3/3
f 363/3/5 680/3/5 397/3/5 395/3/5
f 680/4/3 679/4/3 681/4/3 682/4/3
f 680/4/5 682/4/5 683/4/5 397/4/5
f 682/3/3 681/3/3 667/3/3 369/3/3
f 682/3/5 369/3/5 389/3/5 683/3/5
f 379/3/3 673/3/3 676/3/3 387/3/3
f 379/3/5 387/3/5 400/3/5 391/3/5
f 387/3/5 383/3/5 403/3/5 400/3/5
f 383/3/3 675/3/3 684/3/3 685/3/3
f 383/3/5 685/3/5 405/3/5 403/3/5
f 686/3/2 687/3/2 688/3/2 410/3/2
f 685/3/3 684/3/3 687/3/3 686/3/3
f 685/3/5 686/3/5 410/3/5 405/3/5
f 689/3/2 690/3/2 691/3/2 692/3/2
f 693/3/1 694/3/1 695/3/1 696/3/1
f 693/3/3 696/3/3 690/3/3 689/3/3
f 693/3/5 689/3/5 692/3/5 694/3/5
f 697/2/2 698/2/2 699/2/2 700/2/2
f 701/2/1 702/2/1 703/2/1 704/2/1
f 701/2/3 704/2/3 698/2/3 697/2/3
f 701/2/5 697/2/5 700/2/5 702/2/5
f 394/3/1 393/3/1 705/3/1 678/3/1
f 393/3/4 396/3/4 706/3/4 705/3/4
f 397/3/5 683/3/5 415/3/5 398/3/5
f 683/4/5 389/4/5 418/4/5 415/4/5
f 389/3/5 390/3/5 399/3/5 418/3/5
f 410/3/3 688/3/3 695/3/3 694/3/3
f 411/3/4 428/3/4 707/3/4 708/3/4
f 410/3/5 694/3/5 428/3/5 411/3/5
f 428/3/4 433/3/4 709/3/4 707/3/4
f 694/3/5 692/3/5 433/3/5 428/3/5
f 710/3/2 711/3/2 712/3/2 713/3/2
f 692/3/3 691/3/3 711/3/3 710/3/3
f 433/3/4 713/3/4 712/3/4 709/3/4
f 692/3/5 710/3/5 713/3/5 433/3/5
f 700/1/2 699/1/2 714/1/2 715/1/2
f 702/1/1 716/1/1 717/1/1 703/1/1
f 716/1/4 715/1/4 714/1/4 717/1/4
f 702/1/5 700/1/5 715/1/5 716/1/5
f 718/3/2 719/3/2 720/3/2 721/3/2
f 722/3/1 723/3/1 724/3/1 725/3/1
f 722/3/3 725/3/3 719/3/3 718/3/3
f 723/3/4 721/3/4 720/3/4 724/3/4
f 722/3/5 718/3/5 721/3/5 723/3/5
f 396/3/1 413/3/1 726/3/1 706/3/1
f 418/3/5 399/3/5 422/3/5 419/3/5
f 402/3/5 401/3/5 727/3/5 424/3/5
f 401/3/5 404/3/5 728/3/5 727/3/5
f 404/3/5 408/3/5 729/3/5 728/3/5
f 411/3/2 708/3/2 730/3/2 427/3/2
f 408/3/5 411/3/5 427/3/5 729/3/5
f 413/3/1 731/3/1 732/3/1 726/3/1
f 413/3/5 414/3/5 733/3/5 731/3/5
f 414/3/5 417/3/5 734/3/5 733/3/5
f 417/3/5 419/3/5 735/3/5 734/3/5
f 419/3/5 422/3/5 437/3/5 735/3/5
f 424/3/5 727/3/5 736/3/5 439/3/5
f 727/3/5 728/3/5 737/3/5 736/3/5
f 728/3/5 729/3/5 738/3/5 737/3/5
f 427/3/2 730/3/2 739/3/2 444/3/2
f 729/3/5 427/3/5 444/3/5 738/3/5
f 731/3/1 740/3/1 741/3/1 732/3/1
f 731/3/5 733/3/5 742/3/5 740/3/5
f 733/3/5 734/3/5 743/3/5 742/3/5
f 734/3/5 735/3/5 744/3/5 743/3/5
f 735/3/5 437/3/5 446/3/5 744/3/5
f 439/3/5 736/3/5 745/3/5 448/3/5
f 736/3/5 737/3/5 746/3/5 745/3/5
f 737/3/5 738/3/5 747/3/5 746/3/5
f 444/3/2 739/3/2 748/3/2 453/3/2
f 738/3/5 444/3/5 453/3/5 747/3/5
f 749/5/1 750/5/1 751/5/1 752/5/1
f 749/5/3 752/5/3 753/5/3 457/5/3
f 750/5/4 456/5/4 754/5/4 751/5/4
f 749/5/5 457/5/5 456/5/5 750/5/5
f 457/5/3 753/5/3 755/5/3 458/5/3
f 456/5/4 461/5/4 756/5/4 754/5/4
f 463/5/2 757/5/2 758/5/2 464/5/2
f 458/5/3 755/5/3 757/5/3 463/5/3
f 461/5/4 464/5/4 758/5/4 756/5/4
f 755/5/6 756/5/6 758/5/6 757/5/6
f 759/3/2 760/3/2 761/3/2 762/3/2
f 763/3/1 764/3/1 765/3/1 766/3/1
f 763/3/3 766/3/3 760/3/3 759/3/3
f 764/3/4 762/3/4 761/3/4 765/3/4
f 763/3/5 759/3/5 762/3/5 764/3/5
f 740/3/1 496/3/1 767/3/1 741/3/1
f 740/3/5 742/3/5 768/3/5 496/3/5
f 742/3/5 743/3/5 769/3/5 768/3/5
f 743/3/5 744/3/5 770/3/5 769/3/5
f 744/3/5 446/3/5 470/3/5 770/3/5
f 448/3/5 745/3/5 771/3/5 472/3/5
f 745/4/5 746/4/5 772/4/5 771/4/5
f 746/3/5 747/3/5 773/3/5 772/3/5
f 453/3/2 748/3/2 774/3/2 473/3/2
f 747/3/5 453/3/5 473/3/5 773/3/5
f 481/3/1 482/3/1 775/3/1 776/3/1
f 481/3/3 776/3/3 777/3/3 778/3/3
f 482/3/4 779/3/4 780/3/4 775/3/4
f 776/3/6 775/3/6 780/3/6 777/3/6
f 481/3/5 778/3/5 779/3/5 482/3/5
f 778/3/3 777/3/3 781/3/3 782/3/3
f 779/3/4 783/3/4 784/3/4 780/3/4
f 777/3/6 780/3/6 784/3/6 781/3/6
f 778/3/5 782/3/5 783/3/5 779/3/5
f 750/3/2 751/3/2 785/3/2 786/3/2
f 782/3/3 781/3/3 751/3/3 750/3/3
f 783/3/4 786/3/4 785/3/4 784/3/4
f 781/3/6 784/3/6 785/3/6 751/3/6
f 782/3/5 750/3/5 786/3/5 783/3/5
f 467/1/2 787/1/2 788/1/2 789/1/2
f 468/1/1 790/1/1 791/1/1 792/1/1
f 468/1/3 792/1/3 787/1/3 467/1/3
f 790/1/4 789/1/4 788/1/4 791/1/4
f 468/1/5 467/1/5 789/1/5 790/1/5
f 487/3/2 793/3/2 794/3/2 486/3/2
f 762/3/1 795/3/1 796/3/1 761/3/1
f 762/3/3 761/3/3 793/3/3 487/3/3
f 795/3/4 486/3/4 794/3/4 796/3/4
f 761/3/6 796/3/6 794/3/6 793/3/6
f 762/3/5 487/3/5 486/3/5 795/3/5
f 496/3/1 497/3/1 797/3/1 767/3/1
f 496/3/5 768/3/5 798/3/5 497/3/5
f 768/3/5 769/3/5 799/3/5 798/3/5
f 769/3/5 770/3/5 800/3/5 799/3/5
f 770/3/5 470/3/5 498/3/5 800/3/5
f 472/3/5 771/3/5 801/3/5 500/3/5
f 771/3/5 772/3/5 802/3/5 801/3/5
f 772/3/5 773/3/5 803/3/5 802/3/5
f 473/3/2 774/3/2 804/3/2 501/3/2
f 773/3/5 473/3/5 501/3/5 803/3/5
f 497/3/1 805/3/1 806/3/1 797/3/1
f 497/3/5 798/3/5 807/3/5 805/3/5
f 798/3/5 799/3/5 808/3/5 807/3/5
f 799/3/5 800/3/5 809/3/5 808/3/5
f 800/3/5 498/3/5 507/3/5 809/3/5
f 500/3/5 801/3/5 810/3/5 509/3/5
f 801/3/5 802/3/5 811/3/5 810/3/5
f 802/3/5 803/3/5 812/3/5 811/3/5
f 501/3/2 804/3/2 813/3/2 514/3/2
f 803/3/5 501/3/5 514/3/5 812/3/5
f 504/5/1 814/5/1 815/5/1 816/5/1
f 504/5/3 816/5/3 817/5/3 518/5/3
f 814/5/4 517/5/4 818/5/4 815/5/4
f 504/5/5 518/5/5 517/5/5 814/5/5
f 518/5/3 817/5/3 819/5/3 519/5/3
f 517/5/4 520/5/4 820/5/4 818/5/4
f 521/5/2 821/5/2 822/5/2 522/5/2
f 519/5/3 819/5/3 821/5/3 521/5/3
f 520/5/4 522/5/4 822/5/4 820/5/4
f 819/5/6 820/5/6 822/5/6 821/5/6
f 525/2/2 823/2/2 824/2/2 526/2/2
f 528/2/1 527/2/1 825/2/1 826/2/1
f 528/2/3 826/2/3 823/2/3 525/2/3
f 527/2/4 526/2/4 824/2/4 825/2/4
f 826/2/6 825/2/6 824/2/6 823/2/6
f 805/3/1 551/3/1 827/3/1 806/3/1
f 805/3/5 807/3/5 828/3/5 551/3/5
f 807/3/5 808/3/5 829/3/5 828/3/5
f 808/3/5 809/3/5 830/3/5 829/3/5
f 809/3/5 507/3/5 529/3/5 830/3/5
f 509/3/5 810/3/5 831/3/5 531/3/5
f 810/3/5 811/3/5 832/3/5 831/3/5
f 811/3/5 812/3/5 833/3/5 832/3/5
f 514/3/2 813/3/2 834/3/2 534/3/2
f 812/3/5 514/3/5 534/3/5 833/3/5
f 542/3/2 835/3/2 836/3/2 541/3/2
f 837/3/1 838/3/1 839/3/1 840/3/1
f 837/3/3 840/3/3 835/3/3 542/3/3
f 838/3/4 541/3/4 836/3/4 839/3/4
f 840/3/6 839/3/6 836/3/6 835/3/6
f 837/3/5 542/3/5 541/3/5 838/3/5
f 551/4/1 552/4/1 841/4/1 827/4/1
f 551/4/5 828/4/5 842/4/5 552/4/5
f 828/3/5 829/3/5 843/3/5 842/3/5
f 829/3/5 830/3/5 844/3/5 843/3/5
f 830/3/5 529/3/5 553/3/5 844/3/5
f 531/3/5 831/3/5 845/3/5 555/3/5
f 831/3/5 832/3/5 846/3/5 845/3/5
f 832/3/5 833/3/5 847/3/5 846/3/5
f 534/3/2 834/3/2 848/3/2 556/3/2
f 833/3/5 534/3/5 556/3/5 847/3/5
f 538/2/1 563/2/1 849/2/1 850/2/1
f 538/2/3 850/2/3 851/2/3 535/2/3
f 565/2/2 852/2/2 853/2/2 566/2/2
f 535/2/3 851/2/3 852/2/3 565/2/3
f 568/2/4 566/2/4 853/2/4 854/2/4
f 851/2/6 854/2/6 853/2/6 852/2/6
f 838/3/2 839/3/2 855/3/2 856/3/2
f 857/3/1 858/3/1 859/3/1 860/3/1
f 857/3/3 860/3/3 839/3/3 838/3/3
f 858/3/4 856/3/4 855/3/4 859/3/4
f 857/3/5 838/3/5 856/3/5 858/3/5
f 552/4/1 861/4/1 862/4/1 841/4/1
f 552/4/5 842/4/5 863/4/5 861/4/5
f 842/3/5 843/3/5 864/3/5 863/3/5
f 843/3/5 844/3/5 865/3/5 864/3/5
f 844/3/5 553/3/5 570/3/5 865/3/5
f 555/3/5 845/3/5 866/3/5 572/3/5
f 845/3/5 846/3/5 867/3/5 866/3/5
f 846/3/5 847/3/5 868/3/5 867/3/5
f 556/3/2 848/3/2 869/3/2 575/3/2
f 847/3/5 556/3/5 575/3/5 868/3/5
f 581/4/1 582/4/1 870/4/1 871/4/1
f 581/4/3 871/4/3 872/4/3 873/4/3
f 582/4/4 874/4/4 875/4/4 870/4/4
f 871/4/6 870/4/6 875/4/6 872/4/6
f 581/4/5 873/4/5 874/4/5 582/4/5
f 873/4/3 872/4/3 876/4/3 877/4/3
f 874/4/4 878/4/4 879/4/4 875/4/4
f 872/4/6 875/4/6 879/4/6 876/4/6
f 873/4/5 877/4/5 878/4/5 874/4/5
f 880/3/2 881/3/2 882/3/2 883/3/2
f 877/3/3 876/3/3 881/3/3 880/3/3
f 878/3/4 883/3/4 882/3/4 879/3/4
f 876/3/6 879/3/6 882/3/6 881/3/6
f 877/3/5 880/3/5 883/3/5 878/3/5
f 568/2/2 854/2/2 884/2/2 584/2/2
f 563/2/1 585/2/1 885/2/1 849/2/1
f 861/3/1 886/3/1 887/3/1 862/3/1
f 861/3/5 863/3/5 888/3/5 886/3/5
f 863/3/5 864/3/5 889/3/5 888/3/5
f 864/3/5 865/3/5 890/3/5 889/3/5
f 865/3/5 570/3/5 587/3/5 890/3/5
f 572/3/5 866/3/5 891/3/5 589/3/5
f 866/3/5 867/3/5 892/3/5 891/3/5
f 867/3/5 868/3/5 893/3/5 892/3/5
f 575/3/2 869/3/2 894/3/2 594/3/2
f 868/3/5 575/3/5 594/3/5 893/3/5
f 585/2/1 895/2/1 896/2/1 885/2/1
f 895/2/4 897/2/4 898/2/4 896/2/4
f 885/2/6 896/2/6 898/2/6 884/2/6
f 585/2/5 584/2/5 897/2/5 895/2/5
f 899/2/2 900/2/2 901/2/2 902/2/2
f 584/2/3 884/2/3 900/2/3 899/2/3
f 897/2/4 902/2/4 901/2/4 898/2/4
f 884/2/6 898/2/6 901/2/6 900/2/6
f 584/2/5 899/2/5 902/2/5 897/2/5
f 886/3/1 605/3/1 903/3/1 887/3/1
f 886/3/5 888/3/5 606/3/5 605/3/5
f 888/3/5 889/3/5 607/3/5 606/3/5
f 889/3/5 890/3/5 612/3/5 607/3/5
f 890/3/5 587/3/5 596/3/5 612/3/5
f 589/3/5 891/3/5 904/3/5 598/3/5
f 891/3/5 892/3/5 905/3/5 904/3/5
f 892/3/5 893/3/5 906/3/5 905/3/5
f 594/4/2 894/4/2 907/4/2 603/4/2
f 893/4/5 594/4/5 603/4/5 906/4/5
f 908/3/2 909/3/2 910/3/2 911/3/2
f 912/3/1 913/3/1 914/3/1 915/3/1
f 912/3/3 915/3/3 909/3/3 908/3/3
f 913/3/4 911/3/4 910/3/4 914/3/4
f 912/3/5 908/3/5 911/3/5 913/3/5
f 916/3/1 626/3/1 917/3/1 918/3/1
f 916/3/3 918/3/3 903/3/3 605/3/3
f 916/3/5 605/3/5 604/3/5 626/3/5
f 612/3/5 596/3/5 614/3/5 613/3/5
f 598/3/5 904/3/5 630/3/5 615/3/5
f 904/3/5 905/3/5 633/3/5 630/3/5
f 905/3/5 906/3/5 635/3/5 633/3/5
f 603/4/2 907/4/2 919/4/2 617/4/2
f 906/4/5 603/4/5 617/4/5 635/4/5
f 626/3/1 625/3/1 920/3/1 917/3/1
f 625/3/4 627/3/4 921/3/4 920/3/4
f 627/3/4 628/3/4 922/3/4 921/3/4
f 628/3/4 923/3/4 924/3/4 922/3/4
f 610/3/5 609/3/5 923/3/5 628/3/5
f 923/3/4 629/3/4 925/3/4 924/3/4
f 609/3/5 613/3/5 629/3/5 923/3/5
f 632/3/4 631/3/4 926/3/4 927/3/4
f 631/3/4 634/3/4 928/3/4 926/3/4
f 634/3/4 638/3/4 929/3/4 928/3/4
f 638/3/4 639/3/4 930/3/4 929/3/4
f 617/3/3 919/3/3 931/3/3 619/3/3
f 639/3/4 932/3/4 933/3/4 930/3/4
f 617/3/5 619/3/5 932/3/5 639/3/5
f 619/3/3 931/3/3 934/3/3 622/3/3
f 619/3/5 622/3/5 935/3/5 932/3/5
f 936/3/2 937/3/2 938/3/2 939/3/2
f 622/3/3 934/3/3 937/3/3 936/3/3
f 935/3/4 939/3/4 938/3/4 940/3/4
f 934/3/6 940/3/6 938/3/6 937/3/6
f 622/3/5 936/3/5 939/3/5 935/3/5
f 629/3/1 642/3/1 941/3/1 925/3/1
f 642/3/4 644/3/4 942/3/4 941/3/4
f 644/3/4 646/3/4 943/3/4 942/3/4
f 632/3/2 927/3/2 944/3/2 647/3/2
f 646/3/4 647/3/4 944/3/4 943/3/4
f 935/4/2 940/4/2 945/4/2 946/4/2
f 932/4/1 947/4/1 948/4/1 933/4/1
f 947/4/4 946/4/4 945/4/4 948/4/4
f 932/4/5 935/4/5 946/4/5 947/4/5
f 649/3/2 949/3/2 950/3/2 650/3/2
f 654/3/1 653/3/1 951/3/1 952/3/1
f 654/3/3 952/3/3 949/3/3 649/3/3
f 653/3/4 650/3/4 950/3/4 951/3/4
f 952/3/6 951/3/6 950/3/6 949/3/6
f 656/3/2 953/3/2 954/3/2 657/3/2
f 662/3/1 661/3/1 955/3/1 956/3/1
f 662/3/3 956/3/3 953/3/3 656/3/3
f 661/3/4 657/3/4 954/3/4 955/3/4
f 669/3/1 670/3/1 957/3/1 958/3/1
f 669/3/3 958/3/3 959/3/3 671/3/3
f 672/3/2 960/3/2 961/3/2 673/3/2
f 671/3/3 959/3/3 960/3/3 672/3/3
f 674/3/2 962/3/2 963/3/2 675/3/2
f 677/3/1 676/3/1 964/3/1 965/3/1
f 677/3/3 965/3/3 962/3/3 674/3/3
f 966/3/2 967/3/2 968/3/2 687/3/2
f 969/3/1 684/3/1 970/3/1 971/3/1
f 969/3/3 971/3/3 967/3/3 966/3/3
f 969/3/5 966/3/5 687/3/5 684/3/5
f 972/2/2 973/2/2 974/2/2 698/2/2
f 975/2/1 704/2/1 976/2/1 977/2/1
f 975/2/3 977/2/3 973/2/3 972/2/3
f 977/2/6 976/2/6 974/2/6 973/2/6
f 975/2/5 972/2/5 698/2/5 704/2/5
f 978/3/2 979/3/2 980/3/2 981/3/2
f 982/3/1 983/3/1 984/3/1 985/3/1
f 982/3/3 985/3/3 979/3/3 978/3/3
f 985/3/6 984/3/6 980/3/6 979/3/6
f 982/3/5 978/3/5 981/3/5 983/3/5
f 665/3/1 678/3/1 986/3/1 987/3/1
f 665/3/3 987/3/3 988/3/3 664/3/3
f 664/3/3 988/3/3 989/3/3 679/3/3
f 679/3/3 989/3/3 990/3/3 681/3/3
f 681/3/3 990/3/3 991/3/3 667/3/3
f 667/4/3 991/4/3 957/4/3 670/4/3
f 673/3/3 961/3/3 964/3/3 676/3/3
f 675/3/3 963/3/3 970/3/3 684/3/3
f 687/3/2 968/3/2 992/3/2 688/3/2
f 690/3/2 993/3/2 994/3/2 691/3/2
f 696/3/1 695/3/1 995/3/1 996/3/1
f 696/3/3 996/3/3 993/3/3 690/3/3
f 698/2/2 974/2/2 997/2/2 699/2/2
f 704/2/1 703/2/1 998/2/1 976/2/1
f 976/2/6 998/2/6 997/2/6 974/2/6
f 999/3/1 1000/3/1 1001/3/1 1002/3/1
f 999/3/3 1002/3/3 984/3/3 983/3/3
f 999/3/5 983/3/5 725/3/5 1000/3/5
f 983/3/5 981/3/5 719/3/5 725/3/5
f 981/3/3 980/3/3 986/3/3 678/3/3
f 981/3/5 678/3/5 705/3/5 719/3/5
f 688/3/3 992/3/3 995/3/3 695/3/3
f 691/3/3 994/3/3 1003/3/3 711/3/3
f 1004/3/2 1005/3/2 1006/3/2 1007/3/2
f 711/3/3 1003/3/3 1005/3/3 1004/3/3
f 1003/3/6 1008/3/6 1006/3/6 1005/3/6
f 711/3/5 1004/3/5 1007/3/5 712/3/5
f 699/2/2 997/2/2 1009/2/2 714/2/2
f 703/2/1 717/2/1 1010/2/1 998/2/1
f 717/2/4 714/2/4 1009/2/4 1010/2/4
f 1000/3/1 1011/3/1 1012/3/1 1001/3/1
f 1000/3/5 725/3/5 724/3/5 1011/3/5
f 719/3/5 705/3/5 1013/3/5 720/3/5
f 705/3/5 706/3/5 726/3/5 1013/3/5
f 708/3/5 707/3/5 1014/3/5 730/3/5
f 707/3/5 709/3/5 1015/3/5 1014/3/5
f 709/3/5 712/3/5 1016/3/5 1015/3/5
f 1016/3/4 1017/3/4 1018/3/4 1019/3/4
f 712/3/5 1007/3/5 1017/3/5 1016/3/5
f 1007/3/3 1006/3/3 1020/3/3 1021/3/3
f 1017/3/4 1022/3/4 1023/3/4 1018/3/4
f 1007/3/5 1021/3/5 1022/3/5 1017/3/5
f 1024/3/2 1025/3/2 1026/3/2 1027/3/2
f 1021/3/3 1020/3/3 1025/3/3 1024/3/3
f 1022/3/4 1027/3/4 1026/3/4 1023/3/4
f 1021/3/5 1024/3/5 1027/3/5 1022/3/5
f 1011/3/1 1028/3/1 1029/3/1 1012/3/1
f 1028/3/4 1030/3/4 1031/3/4 1029/3/4
f 1011/3/5 724/3/5 1030/3/5 1028/3/5
f 724/3/5 720/3/5 1032/3/5 1030/3/5
f 720/3/5 1013/3/5 1033/3/5 1032/3/5
f 1013/3/5 726/3/5 732/3/5 1033/3/5
f 730/3/5 1014/3/5 1034/3/5 739/3/5
f 1014/3/5 1015/3/5 1035/3/5 1034/3/5
f 1016/3/2 1019/3/2 1036/3/2 1037/3/2
f 1015/3/5 1016/3/5 1037/3/5 1035/3/5
f 1028/4/2 1029/4/2 1038/4/2 760/4/2
f 1039/4/1 766/4/1 1040/4/1 1041/4/1
f 1039/4/3 1041/4/3 1029/4/3 1028/4/3
f 1039/4/5 1028/4/5 760/4/5 766/4/5
f 1030/3/1 1042/3/1 1043/3/1 1031/3/1
f 1030/3/5 1032/3/5 1044/3/5 1042/3/5
f 1032/3/5 1033/3/5 1045/3/5 1044/3/5
f 1033/3/5 732/3/5 741/3/5 1045/3/5
f 739/3/5 1034/3/5 1046/3/5 748/3/5
f 1034/3/5 1035/3/5 1047/3/5 1046/3/5
f 1037/3/2 1036/3/2 1048/3/2 776/3/2
f 1035/3/5 1037/3/5 776/3/5 1047/3/5
f 1049/5/1 781/5/1 1050/5/1 1051/5/1
f 1049/5/3 1051/5/3 1052/5/3 752/5/3
f 781/5/4 751/5/4 1053/5/4 1050/5/4
f 1049/5/5 752/5/5 751/5/5 781/5/5
f 752/5/3 1052/5/3 1054/5/3 753/5/3
f 755/5/2 1055/5/2 1056/5/2 756/5/2
f 753/5/3 1054/5/3 1055/5/3 755/5/3
f 754/5/4 756/5/4 1056/5/4 1057/5/4
f 1054/5/6 1057/5/6 1056/5/6 1055/5/6
f 766/3/1 765/3/1 1058/3/1 1040/3/1
f 760/3/3 1038/3/3 1043/3/3 1042/3/3
f 761/3/4 793/3/4 1059/3/4 1060/3/4
f 760/3/5 1042/3/5 793/3/5 761/3/5
f 1042/3/5 1044/3/5 1061/3/5 793/3/5
f 1044/3/5 1045/3/5 1062/3/5 1061/3/5
f 1045/3/5 741/3/5 767/3/5 1062/3/5
f 748/3/5 1046/3/5 1063/3/5 774/3/5
f 1046/3/5 1047/3/5 1064/3/5 1063/3/5
f 776/3/2 1048/3/2 1065/3/2 775/3/2
f 1047/3/5 776/3/5 775/3/5 1064/3/5
f 754/3/2 1057/3/2 1066/3/2 1067/3/2
f 751/3/1 785/3/1 1068/3/1 1053/3/1
f 785/3/4 1067/3/4 1066/3/4 1068/3/4
f 751/3/5 754/3/5 1067/3/5 785/3/5
f 787/2/2 1069/2/2 1070/2/2 788/2/2
f 792/2/1 791/2/1 1071/2/1 1072/2/1
f 792/2/3 1072/2/3 1069/2/3 787/2/3
f 761/3/2 1060/3/2 1073/3/2 796/3/2
f 765/3/1 1074/3/1 1075/3/1 1058/3/1
f 765/3/5 761/3/5 796/3/5 1074/3/5
f 793/3/1 794/3/1 1076/3/1 1059/3/1
f 793/3/5 1061/3/5 1077/3/5 794/3/5
f 1061/3/5 1062/3/5 1078/3/5 1077/3/5
f 1062/3/5 767/3/5 797/3/5 1078/3/5
f 774/3/5 1063/3/5 1079/3/5 804/3/5
f 1063/3/5 1064/3/5 816/3/5 1079/3/5
f 775/3/2 1065/3/2 1080/3/2 817/3/2
f 1064/3/5 775/3/5 817/3/5 816/3/5
f 788/2/2 1070/2/2 1081/2/2 823/2/2
f 791/2/1 826/2/1 1082/2/1 1071/2/1
f 826/2/4 823/2/4 1081/2/4 1082/2/4
f 791/2/5 788/2/5 823/2/5 826/2/5
f 796/3/2 1073/3/2 1083/3/2 1084/3/2
f 1074/3/1 1085/3/1 1086/3/1 1075/3/1
f 1074/3/5 796/3/5 1084/3/5 1085/3/5
f 794/4/1 1087/4/1 1088/4/1 1076/4/1
f 794/4/5 1077/4/5 1089/4/5 1087/4/5
f 1077/3/5 1078/3/5 1090/3/5 1089/3/5
f 1078/3/5 797/3/5 806/3/5 1090/3/5
f 804/3/5 1079/3/5 1091/3/5 813/3/5
f 1079/3/5 816/3/5 815/3/5 1091/3/5
f 819/5/2 1092/5/2 1093/5/2 820/5/2
f 817/5/3 1080/5/3 1092/5/3 819/5/3
f 818/5/4 820/5/4 1093/5/4 1094/5/4
f 1084/4/2 1083/4/2 1095/4/2 840/4/2
f 1085/4/1 1096/4/1 1097/4/1 1086/4/1
f 1085/4/5 1084/4/5 840/4/5 1096/4/5
f 1087/3/1 835/3/1 1098/3/1 1088/3/1
f 1087/3/5 1089/3/5 1099/3/5 835/3/5
f 1089/3/5 1090/3/5 1100/3/5 1099/3/5
f 1090/3/5 806/3/5 827/3/5 1100/3/5
f 813/3/5 1091/3/5 1101/3/5 834/3/5
f 1091/3/5 815/3/5 1102/3/5 1101/3/5
f 818/3/2 1094/3/2 1103/3/2 1104/3/2
f 815/3/5 818/3/5 1104/3/5 1102/3/5
f 825/2/1 850/2/1 1105/2/1 1106/2/1
f 825/2/3 1106/2/3 1107/2/3 824/2/3
f 825/2/5 824/2/5 851/2/5 850/2/5
f 1108/1/2 1109/1/2 1110/1/2 852/1/2
f 824/1/3 1107/1/3 1109/1/3 1108/1/3
f 851/1/4 852/1/4 1110/1/4 1111/1/4
f 824/1/5 1108/1/5 852/1/5 851/1/5
f 840/3/2 1095/3/2 1112/3/2 839/3/2
f 1096/3/1 860/3/1 1113/3/1 1097/3/1
f 1096/3/5 840/3/5 839/3/5 860/3/5
f 835/3/1 836/3/1 1114/3/1 1098/3/1
f 835/3/5 1099/3/5 1115/3/5 836/3/5
f 1099/3/5 1100/3/5 1116/3/5 1115/3/5
f 1100/3/5 827/3/5 841/3/5 1116/3/5
f 834/3/5 1101/3/5 1117/3/5 848/3/5
f 1101/3/5 1102/3/5 1118/3/5 1117/3/5
f 1104/3/2 1103/3/2 1119/3/2 871/3/2
f 1102/3/5 1104/3/5 871/3/5 1118/3/5
f 851/2/2 1111/2/2 1120/2/2 854/2/2
f 850/2/1 849/2/1 1121/2/1 1105/2/1
f 1105/2/6 1121/2/6 1120/2/6 1111/2/6
f 860/4/1 859/4/1 1122/4/1 1113/4/1
f 859/4/4 855/4/4 1123/4/4 1122/4/4
f 839/4/3 1112/4/3 1114/4/3 836/4/3
f 839/4/5 836/4/5 1124/4/5 855/4/5
f 836/3/5 1115/3/5 1125/3/5 1124/3/5
f 1115/4/5 1116/4/5 1126/4/5 1125/4/5
f 1116/3/5 841/3/5 862/3/5 1126/3/5
f 848/3/5 1117/3/5 1127/3/5 869/3/5
f 1117/3/5 1118/3/5 1128/3/5 1127/3/5
f 871/3/2 1119/3/2 1129/3/2 870/3/2
f 1118/3/5 871/3/5 870/3/5 1128/3/5
f 1130/3/2 1131/3/2 1132/3/2 1133/3/2
f 881/3/1 882/3/1 1134/3/1 1135/3/1
f 881/3/3 1135/3/3 1131/3/3 1130/3/3
f 882/3/4 1133/3/4 1132/3/4 1134/3/4
f 881/3/5 1130/3/5 1133/3/5 882/3/5
f 854/2/2 1120/2/2 1136/2/2 884/2/2
f 849/2/1 885/2/1 1137/2/1 1121/2/1
f 885/2/4 884/2/4 1136/2/4 1137/2/4
f 1121/2/6 1137/2/6 1136/2/6 1120/2/6
f 855/4/1 1138/4/1 1139/4/1 1123/4/1
f 855/4/5 1124/4/5 1140/4/5 1138/4/5
f 1124/3/5 1125/3/5 1141/3/5 1140/3/5
f 1125/4/5 1126/4/5 1142/4/5 1141/4/5
f 1126/3/5 862/3/5 887/3/5 1142/3/5
f 869/3/5 1127/3/5 1143/3/5 894/3/5
f 1127/3/5 1128/3/5 1144/3/5 1143/3/5
f 870/3/2 1129/3/2 1145/3/2 1146/3/2
f 1128/3/5 870/3/5 1146/3/5 1144/3/5
f 1138/3/1 1147/3/1 1148/3/1 1139/3/1
f 1138/3/5 1140/3/5 915/3/5 1147/3/5
f 1140/3/5 1141/3/5 909/3/5 915/3/5
f 1141/3/5 1142/3/5 918/3/5 909/3/5
f 1142/3/5 887/3/5 903/3/5 918/3/5
f 894/3/5 1143/3/5 1149/3/5 907/3/5
f 1143/3/5 1144/3/5 1150/3/5 1149/3/5
f 1146/3/2 1145/3/2 1151/3/2 1152/3/2
f 1144/3/5 1146/3/5 1152/3/5 1150/3/5
f 1147/3/1 1153/3/1 1154/3/1 1148/3/1
f 1153/3/4 914/3/4 1155/3/4 1154/3/4
f 1147/3/5 915/3/5 914/3/5 1153/3/5
f 914/4/4 910/4/4 1156/4/4 1155/4/4
f 910/3/4 917/3/4 1157/3/4 1156/3/4
f 909/3/5 918/3/5 917/3/5 910/3/5
f 907/3/5 1149/3/5 931/3/5 919/3/5
f 1149/3/5 1150/3/5 934/3/5 931/3/5
f 934/3/4 937/3/4 1158/3/4 1159/3/4
f 1150/3/5 1152/3/5 937/3/5 934/3/5
f 1152/3/3 1151/3/3 1160/3/3 1161/3/3
f 1152/3/5 1161/3/5 1162/3/5 937/3/5
f 1161/3/3 1160/3/3 1163/3/3 1164/3/3
f 1162/3/4 1165/3/4 1166/3/4 1167/3/4
f 1161/3/5 1164/3/5 1165/3/5 1162/3/5
f 1168/3/2 1169/3/2 1170/3/2 1171/3/2
f 1164/3/3 1163/3/3 1169/3/3 1168/3/3
f 1165/3/4 1171/3/4 1170/3/4 1166/3/4
f 1163/3/6 1166/3/6 1170/3/6 1169/3/6
f 1164/3/5 1168/3/5 1171/3/5 1165/3/5
f 917/3/1 920/3/1 1172/3/1 1157/3/1
f 920/3/4 921/3/4 1173/3/4 1172/3/4
f 921/3/4 922/3/4 1174/3/4 1173/3/4
f 930/3/4 933/3/4 1175/3/4 1176/3/4
f 1177/3/6 1176/3/6 1175/3/6 1178/3/6
f 934/3/2 1159/3/2 1179/3/2 940/3/2
f 1162/3/2 1167/3/2 1180/3/2 1181/3/2
f 937/3/1 938/3/1 1182/3/1 1158/3/1
f 938/3/4 1181/3/4 1180/3/4 1182/3/4
f 1158/3/6 1182/3/6 1180/3/6 1167/3/6
f 937/3/5 1162/3/5 1181/3/5 938/3/5
f 1183/3/2 1184/3/2 1185/3/2 1186/3/2
f 1187/3/1 1188/3/1 1189/3/1 1190/3/1
f 1187/3/3 1190/3/3 1184/3/3 1183/3/3
f 1188/3/4 1186/3/4 1185/3/4 1189/3/4
f 1190/3/6 1189/3/6 1185/3/6 1184/3/6
f 1187/3/5 1183/3/5 1186/3/5 1188/3/5
f 922/3/1 1191/3/1 1192/3/1 1174/3/1
f 1191/3/4 1193/3/4 1194/3/4 1192/3/4
f 922/3/5 924/3/5 1193/3/5 1191/3/5
f 1193/3/4 941/3/4 1195/3/4 1194/3/4
f 1196/3/6 1194/3/6 1195/3/6 1197/3/6
f 924/3/5 925/3/5 941/3/5 1193/3/5
f 941/3/4 942/3/4 1198/3/4 1195/3/4
f 1197/3/6 1195/3/6 1198/3/6 1199/3/6
f 944/3/4 956/3/4 1200/3/4 1201/3/4
f 927/3/5 926/3/5 956/3/5 944/3/5
f 1202/3/6 1200/3/6 1203/3/6 1204/3/6
f 926/3/5 928/3/5 953/3/5 956/3/5
f 953/3/4 1205/3/4 1206/3/4 1203/3/4
f 928/3/5 929/3/5 1205/3/5 953/3/5
f 930/3/2 1176/3/2 1207/3/2 1208/3/2
f 929/3/5 930/3/5 1208/3/5 1205/3/5
f 940/3/2 1179/3/2 1209/3/2 945/3/2
f 933/3/1 948/3/1 1210/3/1 1175/3/1
f 948/3/4 945/3/4 1209/3/4 1210/3/4
f 942/3/1 1211/3/1 1212/3/1 1198/3/1
f 1211/3/4 1213/3/4 1214/3/4 1212/3/4
f 942/3/5 943/3/5 1213/3/5 1211/3/5
f 944/3/2 1201/3/2 1215/3/2 1216/3/2
f 1213/3/4 1216/3/4 1215/3/4 1214/3/4
f 943/3/5 944/3/5 1216/3/5 1213/3/5
f 953/3/2 1203/3/2 1217/3/2 954/3/2
f 956/3/1 955/3/1 1218/3/1 1200/3/1
f 955/3/4 954/3/4 1217/3/4 1218/3/4
f 1208/3/2 1207/3/2 1219/3/2 1220/3/2
f 1205/3/1 1221/3/1 1222/3/1 1206/3/1
f 1221/3/4 1220/3/4 1219/3/4 1222/3/4
f 1205/3/5 1208/3/5 1220/3/5 1221/3/5
f 1223/3/2 1224/3/2 1225/3/2 987/3/2
f 1226/3/1 979/3/1 1227/3/1 1228/3/1
f 1226/3/3 1228/3/3 1224/3/3 1223/3/3
f 1226/3/5 1223/3/5 987/3/5 979/3/5
f 958/3/1 957/3/1 1229/3/1 1230/3/1
f 958/3/3 1230/3/3 1231/3/3 959/3/3
f 960/3/2 1232/3/2 1233/3/2 961/3/2
f 959/3/3 1231/3/3 1232/3/3 960/3/3
f 965/3/1 964/3/1 1234/3/1 1235/3/1
f 965/3/3 1235/3/3 1236/3/3 962/3/3
f 962/4/3 1236/4/3 1237/4/3 971/4/3
f 962/4/5 971/4/5 970/4/5 963/4/5
f 967/3/2 1238/3/2 1239/3/2 968/3/2
f 971/3/3 1237/3/3 1238/3/3 967/3/3
f 1237/3/6 1240/3/6 1239/3/6 1238/3/6
f 985/4/2 1241/4/2 1242/4/2 984/4/2
f 1243/4/1 1002/4/1 1244/4/1 1245/4/1
f 1243/4/3 1245/4/3 1241/4/3 985/4/3
f 1245/4/6 1244/4/6 1242/4/6 1241/4/6
f 1243/4/5 985/4/5 984/4/5 1002/4/5
f 979/3/1 980/3/1 1246/3/1 1227/3/1
f 979/3/5 987/3/5 986/3/5 980/3/5
f 987/3/3 1225/3/3 1247/3/3 988/3/3
f 1225/3/6 1248/3/6 1249/3/6 1247/3/6
f 988/3/3 1247/3/3 1250/3/3 989/3/3
f 989/4/3 1250/4/3 1251/4/3 990/4/3
f 990/3/3 1251/3/3 1252/3/3 991/3/3
f 991/3/3 1252/3/3 1229/3/3 957/3/3
f 961/3/3 1233/3/3 1234/3/3 964/3/3
f 968/3/3 1239/3/3 1253/3/3 996/3/3
f 968/3/5 996/3/5 995/3/5 992/3/5
f 993/3/2 1254/3/2 1255/3/2 994/3/2
f 996/3/3 1253/3/3 1254/3/3 993/3/3
f 1253/3/6 1256/3/6 1255/3/6 1254/3/6
f 1257/3/1 1258/3/1 1259/3/1 1260/3/1
f 1257/3/3 1260/3/3 1244/3/3 1002/3/3
f 1257/3/5 1002/3/5 1001/3/5 1258/3/5
f 984/3/3 1242/3/3 1246/3/3 980/3/3
f 1003/4/2 1261/4/2 1262/4/2 1008/4/2
f 994/4/3 1255/4/3 1261/4/3 1003/4/3
f 1263/5/1 1264/5/1 1265/5/1 1266/5/1
f 1263/5/3 1266/5/3 1267/5/3 1268/5/3
f 1264/5/4 1269/5/4 1270/5/4 1265/5/4
f 1263/5/5 1268/5/5 1269/5/5 1264/5/5
f 1271/5/2 1272/5/2 1273/5/2 1274/5/2
f 1268/5/3 1267/5/3 1272/5/3 1271/5/3
f 1269/5/4 1274/5/4 1273/5/4 1270/5/4
f 1268/5/5 1271/5/5 1274/5/5 1269/5/5
f 997/1/2 1275/1/2 1276/1/2 1009/1/2
f 998/1/1 1010/1/1 1277/1/1 1278/1/1
f 998/1/3 1278/1/3 1275/1/3 997/1/3
f 1258/3/1 1279/3/1 1280/3/1 1259/3/1
f 1258/3/5 1001/3/5 1012/3/5 1279/3/5
f 1008/3/3 1262/3/3 1281/3/3 1006/3/3
f 1006/3/3 1281/3/3 1282/3/3 1020/3/3
f 1020/3/3 1282/3/3 1283/3/3 1025/3/3
f 1284/4/2 1285/4/2 1286/4/2 1287/4/2
f 1025/4/3 1283/4/3 1285/4/3 1284/4/3
f 1026/4/4 1287/4/4 1286/4/4 1288/4/4
f 1025/4/5 1284/4/5 1287/4/5 1026/4/5
f 1010/2/1 1289/2/1 1290/2/1 1277/2/1
f 1289/2/4 1291/2/4 1292/2/4 1290/2/4
f 1010/2/5 1009/2/5 1291/2/5 1289/2/5
f 1293/2/2 1294/2/2 1295/2/2 1296/2/2
f 1009/2/3 1276/2/3 1294/2/3 1293/2/3
f 1291/2/4 1296/2/4 1295/2/4 1292/2/4
f 1276/2/6 1292/2/6 1295/2/6 1294/2/6
f 1009/2/5 1293/2/5 1296/2/5 1291/2/5
f 1279/3/1 1041/3/1 1297/3/1 1280/3/1
f 1279/3/5 1012/3/5 1029/3/5 1041/3/5
f 1019/3/5 1018/3/5 1298/3/5 1036/3/5
f 1018/3/5 1023/3/5 1051/3/5 1298/3/5
f 1026/3/2 1288/3/2 1299/3/2 1052/3/2
f 1023/3/5 1026/3/5 1052/3/5 1051/3/5
f 1041/3/1 1040/3/1 1300/3/1 1297/3/1
f 1029/3/5 1031/3/5 1043/3/5 1038/3/5
f 1036/3/5 1298/3/5 1301/3/5 1048/3/5
f 1298/3/5 1051/3/5 1050/3/5 1301/3/5
f 1054/5/2 1302/5/2 1303/5/2 1057/5/2
f 1052/5/3 1299/5/3 1302/5/3 1054/5/3
f 1299/5/6 1304/5/6 1303/5/6 1302/5/6
f 1040/3/1 1058/3/1 1305/3/1 1300/3/1
f 1048/3/5 1301/3/5 1306/3/5 1065/3/5
f 1301/3/5 1050/3/5 1307/3/5 1306/3/5
f 1050/3/5 1053/3/5 1068/3/5 1307/3/5
f 1057/3/2 1303/3/2 1308/3/2 1066/3/2
f 1068/3/4 1066/3/4 1308/3/4 1309/3/4
f 1069/1/2 1310/1/2 1311/1/2 1070/1/2
f 1072/1/1 1071/1/1 1312/1/1 1313/1/1
f 1072/1/3 1313/1/3 1310/1/3 1069/1/3
f 1313/1/6 1312/1/6 1311/1/6 1310/1/6
f 1058/3/1 1075/3/1 1314/3/1 1305/3/1
f 1060/3/5 1059/3/5 1076/3/5 1073/3/5
f 1065/3/5 1306/3/5 1092/3/5 1080/3/5
f 1306/3/5 1307/3/5 1315/3/5 1092/3/5
f 1068/3/2 1309/3/2 1316/3/2 1317/3/2
f 1307/3/5 1068/3/5 1317/3/5 1315/3/5
f 1071/1/1 1082/1/1 1318/1/1 1312/1/1
f 1070/1/3 1311/1/3 1319/1/3 1320/1/3
f 1081/1/4 1321/1/4 1322/1/4 1323/1/4
f 1311/1/6 1323/1/6 1322/1/6 1319/1/6
f 1070/1/5 1320/1/5 1321/1/5 1081/1/5
f 1324/2/2 1325/2/2 1326/2/2 1327/2/2
f 1320/2/3 1319/2/3 1325/2/3 1324/2/3
f 1321/2/4 1327/2/4 1326/2/4 1322/2/4
f 1319/2/6 1322/2/6 1326/2/6 1325/2/6
f 1320/2/5 1324/2/5 1327/2/5 1321/2/5
f 1075/3/1 1086/3/1 1328/3/1 1314/3/1
f 1073/3/5 1076/3/5 1088/3/5 1083/3/5
f 1092/3/5 1315/3/5 1329/3/5 1093/3/5
f 1317/3/2 1316/3/2 1330/3/2 1331/3/2
f 1315/3/5 1317/3/5 1331/3/5 1329/3/5
f 1081/2/2 1323/2/2 1332/2/2 1107/2/2
f 1082/2/1 1106/2/1 1333/2/1 1318/2/1
f 1082/2/5 1081/2/5 1107/2/5 1106/2/5
f 1086/3/1 1097/3/1 1334/3/1 1328/3/1
f 1083/3/5 1088/3/5 1098/3/5 1095/3/5
f 1094/3/5 1093/3/5 1335/3/5 1103/3/5
f 1093/3/5 1329/3/5 1336/3/5 1335/3/5
f 1331/4/2 1330/4/2 1337/4/2 1338/4/2
f 1329/4/5 1331/4/5 1338/4/5 1336/4/5
f 1106/2/1 1105/2/1 1339/2/1 1333/2/1
f 1105/2/4 1111/2/4 1340/2/4 1339/2/4
f 1109/2/2 1341/2/2 1342/2/2 1110/2/2
f 1107/2/3 1332/2/3 1341/2/3 1109/2/3
f 1111/2/4 1110/2/4 1342/2/4 1340/2/4
f 1097/3/1 1113/3/1 1343/3/1 1334/3/1
f 1095/3/5 1098/3/5 1114/3/5 1112/3/5
f 1103/3/5 1335/3/5 1344/3/5 1119/3/5
f 1335/3/5 1336/3/5 1345/3/5 1344/3/5
f 1338/4/2 1337/4/2 1346/4/2 1135/4/2
f 1336/4/5 1338/4/5 1135/4/5 1345/4/5
f 1113/3/1 1122/3/1 1347/3/1 1343/3/1
f 1119/3/5 1344/3/5 1348/3/5 1129/3/5
f 1344/3/5 1345/3/5 1349/3/5 1348/3/5
f 1345/3/5 1135/3/5 1134/3/5 1349/3/5
f 1131/3/2 1350/3/2 1351/3/2 1132/3/2
f 1135/3/3 1346/3/3 1350/3/3 1131/3/3
f 1134/3/4 1132/3/4 1351/3/4 1352/3/4
f 1122/3/1 1353/3/1 1354/3/1 1347/3/1
f 1122/3/5 1123/3/5 1139/3/5 1353/3/5
f 1129/3/5 1348/3/5 1355/3/5 1145/3/5
f 1348/3/5 1349/3/5 1356/3/5 1355/3/5
f 1134/3/2 1352/3/2 1357/3/2 1358/3/2
f 1349/3/5 1134/3/5 1358/3/5 1356/3/5
f 1353/3/1 1359/3/1 1360/3/1 1354/3/1
f 1359/3/4 1148/3/4 1361/3/4 1360/3/4
f 1353/3/5 1139/3/5 1148/3/5 1359/3/5
f 1145/3/5 1355/3/5 1160/3/5 1151/3/5
f 1355/3/5 1356/3/5 1163/3/5 1160/3/5
f 1358/4/2 1357/4/2 1362/4/2 1169/4/2
f 1163/4/4 1169/4/4 1362/4/4 1363/4/4
f 1356/4/5 1358/4/5 1169/4/5 1163/4/5
f 1148/3/1 1154/3/1 1364/3/1 1361/3/1
f 1154/3/4 1155/3/4 1365/3/4 1364/3/4
f 1155/4/4 1156/4/4 1366/4/4 1365/4/4
f 1177/3/4 1178/3/4 1367/3/4 1368/3/4
f 1158/3/4 1167/3/4 1369/3/4 1370/3/4
f 1371/3/6 1370/3/6 1369/3/6 1372/3/6
f 1163/3/2 1363/3/2 1373/3/2 1166/3/2
f 1167/3/4 1166/3/4 1373/3/4 1369/3/4
f 1374/3/2 1375/3/2 1376/3/2 1377/3/2
f 1169/3/1 1170/3/1 1378/3/1 1362/3/1
f 1169/3/3 1362/3/3 1375/3/3 1374/3/3
f 1170/3/4 1377/3/4 1376/3/4 1378/3/4
f 1169/3/5 1374/3/5 1377/3/5 1170/3/5
f 1156/4/1 1184/4/1 1379/4/1 1366/4/1
f 1366/4/6 1379/4/6 1380/4/6 1381/4/6
f 1156/4/5 1157/4/5 1172/4/5 1184/4/5
f 1381/3/6 1380/3/6 1382/3/6 1383/3/6
f 1196/3/4 1197/3/4 1384/3/4 1385/3/4
f 1197/3/4 1199/3/4 1386/3/4 1384/3/4
f 1202/3/4 1204/3/4 1387/3/4 1388/3/4
f 1177/3/2 1368/3/2 1389/3/2 1176/3/2
f 1178/3/1 1175/3/1 1390/3/1 1367/3/1
f 1367/3/6 1390/3/6 1391/3/6 1392/3/6
f 1158/3/2 1370/3/2 1393/3/2 1182/3/2
f 1179/3/4 1182/3/4 1393/3/4 1391/3/4
f 1392/3/6 1391/3/6 1393/3/6 1370/3/6
f 1159/3/5 1158/3/5 1182/3/5 1179/3/5
f 1190/3/2 1394/3/2 1395/3/2 1189/3/2
f 1396/3/1 1397/3/1 1398/3/1 1399/3/1
f 1396/3/3 1399/3/3 1394/3/3 1190/3/3
f 1397/3/4 1189/3/4 1395/3/4 1398/3/4
f 1399/3/6 1398/3/6 1395/3/6 1394/3/6
f 1396/3/5 1190/3/5 1189/3/5 1397/3/5
f 1184/4/1 1185/4/1 1400/4/1 1379/4/1
f 1184/4/5 1172/4/5 1401/4/5 1185/4/5
f 1401/3/4 1402/3/4 1403/3/4 1404/3/4
f 1380/3/6 1404/3/6 1403/3/6 1382/3/6
f 1172/3/5 1173/3/5 1402/3/5 1401/3/5
f 1402/3/4 1192/3/4 1405/3/4 1403/3/4
f 1382/3/6 1403/3/6 1405/3/6 1406/3/6
f 1173/3/5 1174/3/5 1192/3/5 1402/3/5
f 1196/3/2 1385/3/2 1407/3/2 1194/3/2
f 1192/3/4 1194/3/4 1407/3/4 1405/3/4
f 1406/3/6 1405/3/6 1407/3/6 1385/3/6
f 1199/3/1 1198/3/1 1408/3/1 1386/3/1
f 1202/3/2 1388/3/2 1409/3/2 1200/3/2
f 1201/3/4 1200/3/4 1409/3/4 1410/3/4
f 1411/3/6 1410/3/6 1409/3/6 1388/3/6
f 1204/3/1 1203/3/1 1412/3/1 1387/3/1
f 1413/3/6 1414/3/6 1415/3/6 1389/3/6
f 1176/3/3 1389/3/3 1390/3/3 1175/3/3
f 1207/3/4 1210/3/4 1416/3/4 1415/3/4
f 1176/3/5 1175/3/5 1210/3/5 1207/3/5
f 1179/3/2 1391/3/2 1417/3/2 1209/3/2
f 1210/3/4 1209/3/4 1417/3/4 1416/3/4
f 1390/3/6 1416/3/6 1417/3/6 1391/3/6
f 1401/4/2 1404/4/2 1418/4/2 1419/4/2
f 1185/4/1 1420/4/1 1421/4/1 1400/4/1
f 1420/4/4 1419/4/4 1418/4/4 1421/4/4
f 1185/4/5 1401/4/5 1419/4/5 1420/4/5
f 1198/3/1 1212/3/1 1422/3/1 1408/3/1
f 1212/3/4 1214/3/4 1423/3/4 1422/3/4
f 1408/3/6 1422/3/6 1423/3/6 1424/3/6
f 1201/3/2 1410/3/2 1425/3/2 1215/3/2
f 1214/3/4 1215/3/4 1425/3/4 1423/3/4
f 1424/3/6 1423/3/6 1425/3/6 1410/3/6
f 1200/3/1 1218/3/1 1426/3/1 1409/3/1
f 1200/3/3 1409/3/3 1412/3/3 1203/3/3
f 1218/3/4 1217/3/4 1427/3/4 1426/3/4
f 1217/3/4 1222/3/4 1428/3/4 1427/3/4
f 1203/3/5 1206/3/5 1222/3/5 1217/3/5
f 1207/3/2 1415/3/2 1429/3/2 1219/3/2
f 1222/3/4 1219/3/4 1429/3/4 1428/3/4
f 1414/3/6 1428/3/6 1429/3/6 1415/3/6
f 1430/5/1 1431/5/1 1432/5/1 1433/5/1
f 1430/5/3 1433/5/3 1434/5/3 1435/5/3
f 1431/5/4 1436/5/4 1437/5/4 1432/5/4
f 1430/5/5 1435/5/5 1436/5/5 1431/5/5
f 1438/5/2 1439/5/2 1440/5/2 1441/5/2
f 1435/5/3 1434/5/3 1439/5/3 1438/5/3
f 1436/5/4 1441/5/4 1440/5/4 1437/5/4
f 1435/5/5 1438/5/5 1441/5/5 1436/5/5
f 1224/3/2 1442/3/2 1443/3/2 1225/3/2
f 1228/3/1 1227/3/1 1444/3/1 1445/3/1
f 1228/3/3 1445/3/3 1442/3/3 1224/3/3
f 1445/3/6 1444/3/6 1443/3/6 1442/3/6
f 1230/4/1 1229/4/1 1446/4/1 1447/4/1
f 1230/4/3 1447/4/3 1448/4/3 1231/4/3
f 1232/4/2 1449/4/2 1450/4/2 1233/4/2
f 1231/4/3 1448/4/3 1449/4/3 1232/4/3
f 1235/3/1 1234/3/1 1451/3/1 1452/3/1
f 1235/3/3 1452/3/3 1453/3/3 1236/3/3
f 1237/3/2 1454/3/2 1455/3/2 1240/3/2
f 1236/3/3 1453/3/3 1454/3/3 1237/3/3
f 1225/3/2 1443/3/2 1456/3/2 1248/3/2
f 1227/3/1 1246/3/1 1457/3/1 1444/3/1
f 1247/3/1 1249/3/1 1458/3/1 1459/3/1
f 1247/3/3 1459/3/3 1460/3/3 1250/3/3
f 1250/3/3 1460/3/3 1461/3/3 1251/3/3
f 1251/3/3 1461/3/3 1462/3/3 1252/3/3
f 1252/3/3 1462/3/3 1446/3/3 1229/3/3
f 1233/4/3 1450/4/3 1451/4/3 1234/4/3
f 1240/3/3 1455/3/3 1463/3/3 1239/3/3
f 1253/3/2 1464/3/2 1465/3/2 1256/3/2
f 1239/3/3 1463/3/3 1464/3/3 1253/3/3
f 1260/3/1 1259/3/1 1466/3/1 1467/3/1
f 1260/3/3 1467/3/3 1468/3/3 1244/3/3
f 1244/3/3 1468/3/3 1469/3/3 1242/3/3
f 1242/3/3 1469/3/3 1457/3/3 1246/3/3
f 1248/4/3 1456/4/3 1458/4/3 1249/4/3
f 1256/3/3 1465/3/3 1470/3/3 1255/3/3
f 1261/3/2 1471/3/2 1472/3/2 1262/3/2
f 1255/3/3 1470/3/3 1471/3/3 1261/3/3
f 1473/5/1 1285/5/1 1474/5/1 1475/5/1
f 1473/5/3 1475/5/3 1476/5/3 1266/5/3
f 1285/5/4 1265/5/4 1477/5/4 1474/5/4
f 1473/5/5 1266/5/5 1265/5/5 1285/5/5
f 1266/5/3 1476/5/3 1478/5/3 1267/5/3
f 1265/5/4 1270/5/4 1479/5/4 1477/5/4
f 1272/5/2 1480/5/2 1481/5/2 1273/5/2
f 1267/5/3 1478/5/3 1480/5/3 1272/5/3
f 1270/5/4 1273/5/4 1481/5/4 1479/5/4
f 1478/5/6 1479/5/6 1481/5/6 1480/5/6
f 1278/1/1 1277/1/1 1482/1/1 1483/1/1
f 1278/1/3 1483/1/3 1484/1/3 1275/1/3
f 1483/1/6 1482/1/6 1485/1/6 1484/1/6
f 1486/2/2 1487/2/2 1488/2/2 1294/2/2
f 1275/2/3 1484/2/3 1487/2/3 1486/2/3
f 1276/2/4 1294/2/4 1488/2/4 1485/2/4
f 1484/2/6 1485/2/6 1488/2/6 1487/2/6
f 1275/2/5 1486/2/5 1294/2/5 1276/2/5
f 1259/3/1 1280/3/1 1489/3/1 1466/3/1
f 1262/3/3 1472/3/3 1490/3/3 1281/3/3
f 1281/3/3 1490/3/3 1491/3/3 1282/3/3
f 1282/3/3 1491/3/3 1492/3/3 1283/3/3
f 1285/4/2 1474/4/2 1493/4/2 1286/4/2
f 1283/4/3 1492/4/3 1474/4/3 1285/4/3
f 1288/4/4 1286/4/4 1493/4/4 1494/4/4
f 1276/2/2 1485/2/2 1495/2/2 1292/2/2
f 1277/2/1 1290/2/1 1496/2/1 1482/2/1
f 1482/2/6 1496/2/6 1495/2/6 1485/2/6
f 1280/3/1 1297/3/1 1497/3/1 1489/3/1
f 1288/3/2 1494/3/2 1498/3/2 1299/3/2
f 1292/2/2 1495/2/2 1499/2/2 1500/2/2
f 1290/2/1 1501/2/1 1502/2/1 1496/2/1
f 1501/2/4 1500/2/4 1499/2/4 1502/2/4
f 1290/2/5 1292/2/5 1500/2/5 1501/2/5
f 1297/3/1 1300/3/1 1503/3/1 1497/3/1
f 1299/3/2 1498/3/2 1504/3/2 1304/3/2
f 1300/3/1 1305/3/1 1505/3/1 1503/3/1
f 1303/3/2 1506/3/2 1507/3/2 1308/3/2
f 1304/3/3 1504/3/3 1506/3/3 1303/3/3
f 1309/3/4 1308/3/4 1507/3/4 1508/3/4
f 1305/3/1 1314/3/1 1509/3/1 1505/3/1
f 1309/4/2 1508/4/2 1510/4/2 1316/4/2
f 1311/2/2 1511/2/2 1512/2/2 1323/2/2
f 1312/2/1 1318/2/1 1513/2/1 1514/2/1
f 1312/2/3 1514/2/3 1511/2/3 1311/2/3
f 1514/2/6 1513/2/6 1512/2/6 1511/2/6
f 1314/3/1 1328/3/1 1515/3/1 1509/3/1
f 1316/4/2 1510/4/2 1516/4/2 1330/4/2
f 1323/2/2 1512/2/2 1517/2/2 1332/2/2
f 1318/2/1 1333/2/1 1518/2/1 1513/2/1
f 1328/3/1 1334/3/1 1519/3/1 1515/3/1
f 1330/3/2 1516/3/2 1520/3/2 1337/3/2
f 1333/2/1 1339/2/1 1521/2/1 1518/2/1
f 1339/2/4 1340/2/4 1522/2/4 1521/2/4
f 1518/2/6 1521/2/6 1522/2/6 1517/2/6
f 1341/2/2 1523/2/2 1524/2/2 1342/2/2
f 1332/2/3 1517/2/3 1523/2/3 1341/2/3
f 1334/3/1 1343/3/1 1525/3/1 1519/3/1
f 1337/3/2 1520/3/2 1526/3/2 1346/3/2
f 1342/2/2 1524/2/2 1527/2/2 1528/2/2
f 1340/2/1 1529/2/1 1530/2/1 1522/2/1
f 1529/2/4 1528/2/4 1527/2/4 1530/2/4
f 1522/2/6 1530/2/6 1527/2/6 1524/2/6
f 1340/2/5 1342/2/5 1528/2/5 1529/2/5
f 1343/3/1 1347/3/1 1531/3/1 1525/3/1
f 1350/3/2 1532/3/2 1533/3/2 1351/3/2
f 1346/3/3 1526/3/3 1532/3/3 1350/3/3
f 1352/3/4 1351/3/4 1533/3/4 1534/3/4
f 1347/3/1 1354/3/1 1535/3/1 1531/3/1
f 1352/3/2 1534/3/2 1536/3/2 1357/3/2
f 1537/2/2 1538/2/2 1539/2/2 1540/2/2
f 1541/2/1 1542/2/1 1543/2/1 1544/2/1
f 1541/2/3 1544/2/3 1538/2/3 1537/2/3
f 1541/2/5 1537/2/5 1540/2/5 1542/2/5
f 1354/3/1 1360/3/1 1545/3/1 1535/3/1
f 1360/3/4 1361/3/4 1546/3/4 1545/3/4
f 1371/3/4 1372/3/4 1547/3/4 1548/3/4
f 1357/3/2 1536/3/2 1549/3/2 1362/3/2
f 1363/3/4 1362/3/4 1549/3/4 1550/3/4
f 1540/1/2 1539/1/2 1551/1/2 1552/1/2
f 1542/1/1 1553/1/1 1554/1/1 1543/1/1
f 1553/1/4 1552/1/4 1551/1/4 1554/1/4
f 1542/1/5 1540/1/5 1552/1/5 1553/1/5
f 1361/3/1 1364/3/1 1555/3/1 1546/3/1
f 1546/3/6 1555/3/6 1556/3/6 1557/3/6
f 1365/4/4 1366/4/4 1558/4/4 1556/4/4
f 1366/4/4 1381/4/4 1559/4/4 1558/4/4
f 1381/3/4 1383/3/4 1560/3/4 1559/3/4
f 1368/3/4 1367/3/4 1561/3/4 1562/3/4
f 1367/3/4 1392/3/4 1563/3/4 1561/3/4
f 1371/3/2 1548/3/2 1564/3/2 1370/3/2
f 1392/3/4 1370/3/4 1564/3/4 1563/3/4
f 1363/3/2 1550/3/2 1565/3/2 1373/3/2
f 1372/3/1 1369/3/1 1566/3/1 1547/3/1
f 1369/3/4 1373/3/4 1565/3/4 1566/3/4
f 1547/3/6 1566/3/6 1565/3/6 1550/3/6
f 1375/3/2 1567/3/2 1568/3/2 1376/3/2
f 1362/3/1 1378/3/1 1569/3/1 1549/3/1
f 1362/3/3 1549/3/3 1567/3/3 1375/3/3
f 1378/3/4 1376/3/4 1568/3/4 1569/3/4
f 1365/3/2 1556/3/2 1570/3/2 1394/3/2
f 1364/3/1 1399/3/1 1571/3/1 1555/3/1
f 1399/3/4 1394/3/4 1570/3/4 1571/3/4
f 1555/3/6 1571/3/6 1570/3/6 1556/3/6
f 1364/3/5 1365/3/5 1394/3/5 1399/3/5
f 1383/3/1 1382/3/1 1572/3/1 1560/3/1
f 1382/3/4 1406/3/4 1573/3/4 1572/3/4
f 1406/4/4 1385/4/4 1574/4/4 1573/4/4
f 1385/4/4 1384/4/4 1575/4/4 1574/4/4
f 1384/3/4 1386/3/4 1576/3/4 1575/3/4
f 1411/3/4 1388/3/4 1577/3/4 1578/3/4
f 1368/3/2 1562/3/2 1579/3/2 1389/3/2
f 1413/3/4 1389/3/4 1579/3/4 1580/3/4
f 1581/1/2 1582/1/2 1583/1/2 1584/1/2
f 1585/1/1 1586/1/1 1587/1/1 1588/1/1
f 1585/1/3 1588/1/3 1582/1/3 1581/1/3
f 1586/1/4 1584/1/4 1583/1/4 1587/1/4
f 1585/1/5 1581/1/5 1584/1/5 1586/1/5
f 1380/4/2 1589/4/2 1590/4/2 1404/4/2
f 1379/4/1 1400/4/1 1591/4/1 1592/4/1
f 1379/4/3 1592/4/3 1589/4/3 1380/4/3
f 1386/3/1 1408/3/1 1593/3/1 1576/3/1
f 1408/3/4 1424/3/4 1594/3/4 1593/3/4
f 1411/3/2 1578/3/2 1595/3/2 1410/3/2
f 1424/3/4 1410/3/4 1595/3/4 1594/3/4
f 1388/3/1 1409/3/1 1596/3/1 1577/3/1
f 1577/3/6 1596/3/6 1597/3/6 1598/3/6
f 1388/3/5 1387/3/5 1412/3/5 1409/3/5
f 1413/3/2 1580/3/2 1599/3/2 1414/3/2
f 1598/3/6 1597/3/6 1599/3/6 1580/3/6
f 1390/3/2 1600/3/2 1601/3/2 1416/3/2
f 1389/3/1 1415/3/1 1602/3/1 1579/3/1
f 1389/3/3 1579/3/3 1600/3/3 1390/3/3
f 1415/3/4 1416/3/4 1601/3/4 1602/3/4
f 1404/4/2 1590/4/2 1603/4/2 1418/4/2
f 1400/4/1 1421/4/1 1604/4/1 1591/4/1
f 1421/4/4 1418/4/4 1603/4/4 1604/4/4
f 1591/4/6 1604/4/6 1603/4/6 1590/4/6
f 1409/3/1 1426/3/1 1605/3/1 1596/3/1
f 1426/3/4 1427/3/4 1606/3/4 1605/3/4
f 1414/3/2 1599/3/2 1607/3/2 1428/3/2
f 1427/3/4 1428/3/4 1607/3/4 1606/3/4
f 1608/2/2 1609/2/2 1610/2/2 1611/2/2
f 1612/2/1 1613/2/1 1614/2/1 1615/2/1
f 1612/2/3 1615/2/3 1609/2/3 1608/2/3
f 1612/2/5 1608/2/5 1611/2/5 1613/2/5
f 1611/2/2 1610/2/2 1616/2/2 1617/2/2
f 1613/2/1 1618/2/1 1619/2/1 1614/2/1
f 1613/2/5 1611/2/5 1617/2/5 1618/2/5
f 1617/1/2 1616/1/2 1620/1/2 1621/1/2
f 1618/1/1 1622/1/1 1623/1/1 1619/1/1
f 1622/1/4 1621/1/4 1620/1/4 1623/1/4
f 1619/1/6 1623/1/6 1620/1/6 1616/1/6
f 1618/1/5 1617/1/5 1621/1/5 1622/1/5
f 1624/5/1 1625/5/1 1626/5/1 1627/5/1
f 1624/5/3 1627/5/3 1628/5/3 1433/5/3
f 1625/5/4 1432/5/4 1629/5/4 1626/5/4
f 1624/5/5 1433/5/5 1432/5/5 1625/5/5
f 1433/5/3 1628/5/3 1630/5/3 1434/5/3
f 1432/5/4 1437/5/4 1631/5/4 1629/5/4
f 1439/5/2 1632/5/2 1633/5/2 1440/5/2
f 1434/5/3 1630/5/3 1632/5/3 1439/5/3
f 1437/5/4 1440/5/4 1633/5/4 1631/5/4
f 1630/5/6 1631/5/6 1633/5/6 1632/5/6
f 1634/3/1 1635/3/1 1636/3/1 1637/3/1
f 1634/3/3 1637/3/3 1638/3/3 1639/3/3
f 1637/3/6 1636/3/6 1640/3/6 1638/3/6
f 1634/3/5 1639/3/5 1641/3/5 1635/3/5
f 1642/6/2 1643/6/2 1644/6/2 1645/6/2
f 1639/6/3 1638/6/3 1643/6/3 1642/6/3
f 1639/6/5 1642/6/5 1645/6/5 1641/6/5
f 1635/3/1 1646/3/1 1647/3/1 1636/3/1
f 1635/3/5 1641/3/5 1648/3/5 1646/3/5
f 1645/6/2 1644/6/2 1649/6/2 1650/6/2
f 1641/6/5 1645/6/5 1650/6/5 1648/6/5
f 1646/3/1 1651/3/1 1652/3/1 1647/3/1
f 1646/3/5 1648/3/5 1653/3/5 1651/3/5
f 1650/6/2 1649/6/2 1654/6/2 1655/6/2
f 1648/6/5 1650/6/5 1655/6/5 1653/6/5
f 1651/3/1 1656/3/1 1657/3/1 1652/3/1
f 1652/3/6 1657/3/6 1658/3/6 1659/3/6
f 1651/3/5 1653/3/5 1660/3/5 1656/3/5
f 1655/6/2 1654/6/2 1661/6/2 1662/6/2
f 1660/6/4 1662/6/4 1661/6/4 1658/6/4
f 1653/6/5 1655/6/5 1662/6/5 1660/6/5
f 1447/3/1 1446/3/1 1663/3/1 1664/3/1
f 1447/3/3 1664/3/3 1665/3/3 1448/3/3
f 1449/4/2 1666/4/2 1667/4/2 1450/4/2
f 1448/4/3 1665/4/3 1666/4/3 1449/4/3
f 1452/3/1 1451/3/1 1668/3/1 1669/3/1
f 1452/3/3 1669/3/3 1670/3/3 1453/3/3
f 1454/3/2 1671/3/2 1672/3/2 1455/3/2
f 1453/3/3 1670/3/3 1671/3/3 1454/3/3
f 1660/3/2 1658/3/2 1673/3/2 1674/3/2
f 1656/3/1 1675/3/1 1676/3/1 1657/3/1
f 1675/3/4 1674/3/4 1673/3/4 1676/3/4
f 1656/3/5 1660/3/5 1674/3/5 1675/3/5
f 1443/3/2 1677/3/2 1678/3/2 1456/3/2
f 1444/3/1 1457/3/1 1679/3/1 1680/3/1
f 1444/3/3 1680/3/3 1677/3/3 1443/3/3
f 1459/3/1 1458/3/1 1681/3/1 1682/3/1
f 1459/3/3 1682/3/3 1683/3/3 1460/3/3
f 1460/3/3 1683/3/3 1684/3/3 1461/3/3
f 1461/3/3 1684/3/3 1685/3/3 1462/3/3
f 1462/3/3 1685/3/3 1663/3/3 1446/3/3
f 1450/4/3 1667/4/3 1668/4/3 1451/4/3
f 1455/3/3 1672/3/3 1686/3/3 1463/3/3
f 1464/3/2 1687/3/2 1688/3/2 1465/3/2
f 1463/3/3 1686/3/3 1687/3/3 1464/3/3
f 1689/5/1 1690/5/1 1691/5/1 1692/5/1
f 1689/5/3 1692/5/3 1693/5/3 1694/5/3
f 1690/5/4 1695/5/4 1696/5/4 1691/5/4
f 1689/5/5 1694/5/5 1695/5/5 1690/5/5
f 1697/5/2 1698/5/2 1699/5/2 1700/5/2
f 1694/5/3 1693/5/3 1698/5/3 1697/5/3
f 1695/5/4 1700/5/4 1699/5/4 1696/5/4
f 1694/5/5 1697/5/5 1700/5/5 1695/5/5
f 1467/3/1 1466/3/1 1701/3/1 1702/3/1
f 1467/3/3 1702/3/3 1703/3/3 1468/3/3
f 1468/3/3 1703/3/3 1704/3/3 1469/3/3
f 1469/3/3 1704/3/3 1679/3/3 1457/3/3
f 1456/3/3 1678/3/3 1681/3/3 1458/3/3
f 1465/3/3 1688/3/3 1705/3/3 1470/3/3
f 1471/3/2 1706/3/2 1707/3/2 1472/3/2
f 1470/3/3 1705/3/3 1706/3/3 1471/3/3
f 1475/5/1 1474/5/1 1708/5/1 1709/5/1
f 1475/5/3 1709/5/3 1710/5/3 1476/5/3
f 1474/5/4 1477/5/4 1711/5/4 1708/5/4
f 1478/5/2 1712/5/2 1713/5/2 1479/5/2
f 1476/5/3 1710/5/3 1712/5/3 1478/5/3
f 1477/5/4 1479/5/4 1713/5/4 1711/5/4
f 1710/5/6 1711/5/6 1713/5/6 1712/5/6
f 1466/3/1 1489/3/1 1714/3/1 1701/3/1
f 1472/4/3 1707/4/3 1715/4/3 1490/4/3
f 1490/3/3 1715/3/3 1716/3/3 1491/3/3
f 1491/3/3 1716/3/3 1717/3/3 1492/3/3
f 1474/3/2 1708/3/2 1718/3/2 1493/3/2
f 1492/3/3 1717/3/3 1708/3/3 1474/3/3
f 1494/3/4 1493/3/4 1718/3/4 1719/3/4
f 1489/3/1 1497/3/1 1720/3/1 1714/3/1
f 1494/3/2 1719/3/2 1721/3/2 1498/3/2
f 1495/1/2 1722/1/2 1723/1/2 1499/1/2
f 1496/1/1 1502/1/1 1724/1/1 1725/1/1
f 1496/1/3 1725/1/3 1722/1/3 1495/1/3
f 1502/1/4 1499/1/4 1723/1/4 1724/1/4
f 1497/3/1 1503/3/1 1726/3/1 1720/3/1
f 1498/3/2 1721/3/2 1727/3/2 1504/3/2
f 1503/3/1 1505/3/1 1728/3/1 1726/3/1
f 1506/3/2 1729/3/2 1730/3/2 1507/3/2
f 1504/3/3 1727/3/3 1729/3/3 1506/3/3
f 1508/3/4 1507/3/4 1730/3/4 1731/3/4
f 1732/2/2 1733/2/2 1734/2/2 1511/2/2
f 1735/2/1 1514/2/1 1736/2/1 1737/2/1
f 1735/2/3 1737/2/3 1733/2/3 1732/2/3
f 1514/2/4 1511/2/4 1734/2/4 1736/2/4
f 1735/2/5 1732/2/5 1511/2/5 1514/2/5
f 1505/3/1 1509/3/1 1738/3/1 1728/3/1
f 1508/3/2 1731/3/2 1739/3/2 1510/3/2
f 1509/3/1 1515/3/1 1740/3/1 1738/3/1
f 1510/3/2 1739/3/2 1741/3/2 1516/3/2
f 1513/2/1 1518/2/1 1742/2/1 1743/2/1
f 1513/2/3 1743/2/3 1744/2/3 1512/2/3
f 1518/2/4 1517/2/4 1745/2/4 1742/2/4
f 1746/1/2 1747/1/2 1748/1/2 1523/1/2
f 1512/1/3 1744/1/3 1747/1/3 1746/1/3
f 1512/1/5 1746/1/5 1523/1/5 1517/1/5
f 1515/3/1 1519/3/1 1749/3/1 1740/3/1
f 1516/3/2 1741/3/2 1750/3/2 1520/3/2
f 1523/1/2 1748/1/2 1751/1/2 1524/1/2
f 1517/1/1 1522/1/1 1752/1/1 1745/1/1
f 1522/1/4 1524/1/4 1751/1/4 1752/1/4
f 1519/3/1 1525/3/1 1753/3/1 1749/3/1
f 1520/3/2 1750/3/2 1754/3/2 1526/3/2
f 1522/2/2 1752/2/2 1755/2/2 1530/2/2
f 1521/2/1 1756/2/1 1757/2/1 1758/2/1
f 1521/2/3 1758/2/3 1752/2/3 1522/2/3
f 1521/2/5 1522/2/5 1530/2/5 1756/2/5
f 1525/3/1 1531/3/1 1759/3/1 1753/3/1
f 1532/3/2 1760/3/2 1761/3/2 1533/3/2
f 1526/3/3 1754/3/3 1760/3/3 1532/3/3
f 1534/3/4 1533/3/4 1761/3/4 1762/3/4
f 1756/2/1 1544/2/1 1763/2/1 1757/2/1
f 1756/2/5 1530/2/5 1538/2/5 1544/2/5
f 1527/2/2 1764/2/2 1765/2/2 1766/2/2
f 1530/2/3 1755/2/3 1764/2/3 1527/2/3
f 1755/2/6 1767/2/6 1765/2/6 1764/2/6
f 1530/2/5 1527/2/5 1766/2/5 1538/2/5
f 1531/3/1 1535/3/1 1768/3/1 1759/3/1
f 1534/3/2 1762/3/2 1769/3/2 1536/3/2
f 1544/2/1 1543/2/1 1770/2/1 1763/2/1
f 1766/2/2 1765/2/2 1771/2/2 1772/2/2
f 1539/2/4 1772/2/4 1771/2/4 1773/2/4
f 1767/2/6 1773/2/6 1771/2/6 1765/2/6
f 1538/2/5 1766/2/5 1772/2/5 1539/2/5
f 1535/3/1 1545/3/1 1774/3/1 1768/3/1
f 1546/3/4 1557/3/4 1775/3/4 1776/3/4
f 1548/3/4 1547/3/4 1777/3/4 1778/3/4
f 1547/3/4 1550/3/4 1779/3/4 1777/3/4
f 1536/3/2 1769/3/2 1780/3/2 1549/3/2
f 1550/3/4 1549/3/4 1780/3/4 1779/3/4
f 1539/2/2 1773/2/2 1781/2/2 1551/2/2
f 1543/2/1 1554/2/1 1782/2/1 1770/2/1
f 1546/3/2 1776/3/2 1783/3/2 1555/3/2
f 1545/3/1 1784/3/1 1785/3/1 1774/3/1
f 1784/3/4 1555/3/4 1783/3/4 1785/3/4
f 1545/3/5 1546/3/5 1555/3/5 1784/3/5
f 1557/4/1 1556/4/1 1786/4/1 1775/4/1
f 1556/4/4 1558/4/4 1787/4/4 1786/4/4
f 1558/4/4 1559/4/4 1788/4/4 1787/4/4
f 1559/3/4 1560/3/4 1789/3/4 1788/3/4
f 1562/4/4 1561/4/4 1790/4/4 1791/4/4
f 1561/3/4 1563/3/4 1792/3/4 1790/3/4
f 1548/4/2 1778/4/2 1793/4/2 1564/4/2
f 1563/4/4 1564/4/4 1793/4/4 1792/4/4
f 1567/3/2 1794/3/2 1795/3/2 1568/3/2
f 1549/3/1 1569/3/1 1796/3/1 1780/3/1
f 1549/3/3 1780/3/3 1794/3/3 1567/3/3
f 1569/3/4 1568/3/4 1795/3/4 1796/3/4
f 1551/2/2 1781/2/2 1797/2/2 1582/2/2
f 1554/2/1 1588/2/1 1798/2/1 1782/2/1
f 1554/2/5 1551/2/5 1582/2/5 1588/2/5
f 1560/3/1 1572/3/1 1799/3/1 1789/3/1
f 1572/3/4 1573/3/4 1800/3/4 1799/3/4
f 1573/4/4 1574/4/4 1801/4/4 1800/4/4
f 1574/4/4 1575/4/4 1802/4/4 1801/4/4
f 1575/3/4 1576/3/4 1803/3/4 1802/3/4
f 1577/3/4 1598/3/4 1804/3/4 1805/3/4
f 1598/3/4 1580/3/4 1806/3/4 1804/3/4
f 1562/3/2 1791/3/2 1807/3/2 1579/3/2
f 1580/3/4 1579/3/4 1807/3/4 1806/3/4
f 1582/2/2 1797/2/2 1808/2/2 1583/2/2
f 1588/2/1 1587/2/1 1809/2/1 1798/2/1
f 1589/4/2 1810/4/2 1811/4/2 1590/4/2
f 1592/4/1 1591/4/1 1812/4/1 1813/4/1
f 1592/4/3 1813/4/3 1810/4/3 1589/4/3
f 1591/4/4 1590/4/4 1811/4/4 1812/4/4
f 1813/4/6 1812/4/6 1811/4/6 1810/4/6
f 1576/3/1 1593/3/1 1814/3/1 1803/3/1
f 1593/3/4 1594/3/4 1815/3/4 1814/3/4
f 1594/3/4 1595/3/4 1816/3/4 1815/3/4
f 1577/4/2 1805/4/2 1817/4/2 1596/4/2
f 1595/4/4 1596/4/4 1817/4/4 1816/4/4
f 1578/4/5 1577/4/5 1596/4/5 1595/4/5
f 1600/3/2 1818/3/2 1819/3/2 1601/3/2
f 1579/3/1 1602/3/1 1820/3/1 1807/3/1
f 1579/3/3 1807/3/3 1818/3/3 1600/3/3
f 1602/3/4 1601/3/4 1819/3/4 1820/3/4
f 1807/3/6 1820/3/6 1819/3/6 1818/3/6
f 1583/2/2 1808/2/2 1821/2/2 1609/2/2
f 1587/2/1 1615/2/1 1822/2/1 1809/2/1
f 1809/2/6 1822/2/6 1821/2/6 1808/2/6
f 1587/2/5 1583/2/5 1609/2/5 1615/2/5
f 1596/3/1 1605/3/1 1823/3/1 1817/3/1
f 1596/3/3 1817/3/3 1824/3/3 1597/3/3
f 1605/3/4 1606/3/4 1825/3/4 1823/3/4
f 1599/3/2 1826/3/2 1827/3/2 1607/3/2
f 1597/3/3 1824/3/3 1826/3/3 1599/3/3
f 1606/3/4 1607/3/4 1827/3/4 1825/3/4
f 1824/3/6 1825/3/6 1827/3/6 1826/3/6
f 1609/2/2 1821/2/2 1828/2/2 1610/2/2
f 1615/2/1 1614/2/1 1829/2/1 1822/2/1
f 1822/2/6 1829/2/6 1828/2/6 1821/2/6
f 1610/2/2 1828/2/2 1830/2/2 1616/2/2
f 1614/2/1 1619/2/1 1831/2/1 1829/2/1
f 1619/2/4 1616/2/4 1830/2/4 1831/2/4
f 1829/2/6 1831/2/6 1830/2/6 1828/2/6
f 1832/6/1 1833/6/1 1834/6/1 1835/6/1
f 1832/6/3 1835/6/3 1836/6/3 1837/6/3
f 1833/6/4 1838/6/4 1839/6/4 1834/6/4
f 1835/6/6 1834/6/6 1839/6/6 1836/6/6
f 1832/6/5 1837/6/5 1838/6/5 1833/6/5
f 1837/6/3 1836/6/3 1840/6/3 1841/6/3
f 1838/6/4 1842/6/4 1843/6/4 1839/6/4
f 1836/6/6 1839/6/6 1843/6/6 1840/6/6
f 1837/6/5 1841/6/5 1842/6/5 1838/6/5
f 1841/6/3 1840/6/3 1844/6/3 1845/6/3
f 1842/6/4 1846/6/4 1847/6/4 1843/6/4
f 1840/6/6 1843/6/6 1847/6/6 1844/6/6
f 1841/6/5 1845/6/5 1846/6/5 1842/6/5
f 1845/3/3 1844/3/3 1848/3/3 1849/3/3
f 1845/3/5 1849/3/5 1850/3/5 1846/3/5
f 1849/4/3 1848/4/3 1851/4/3 1852/4/3
f 1849/4/5 1852/4/5 1637/4/5 1850/4/5
f 1852/3/3 1851/3/3 1853/3/3 1854/3/3
f 1637/3/4 1638/3/4 1855/3/4 1856/3/4
f 1852/3/5 1854/3/5 1638/3/5 1637/3/5
f 1857/6/2 1858/6/2 1859/6/2 1643/6/2
f 1854/6/3 1853/6/3 1858/6/3 1857/6/3
f 1854/6/5 1857/6/5 1643/6/5 1638/6/5
f 1627/5/1 1626/5/1 1860/5/1 1861/5/1
f 1627/5/3 1861/5/3 1862/5/3 1628/5/3
f 1630/5/2 1863/5/2 1864/5/2 1631/5/2
f 1628/5/3 1862/5/3 1863/5/3 1630/5/3
f 1629/5/4 1631/5/4 1864/5/4 1865/5/4
f 1862/5/6 1865/5/6 1864/5/6 1863/5/6
f 1846/3/1 1866/3/1 1867/3/1 1847/3/1
f 1846/3/5 1850/3/5 1868/3/5 1866/3/5
f 1637/4/2 1856/4/2 1869/4/2 1636/4/2
f 1850/4/5 1637/4/5 1636/4/5 1868/4/5
f 1638/6/1 1640/6/1 1870/6/1 1855/6/1
f 1643/3/3 1859/3/3 1860/3/3 1626/3/3
f 1643/3/5 1626/3/5 1871/3/5 1644/3/5
f 1629/3/2 1865/3/2 1872/3/2 1873/3/2
f 1626/3/5 1629/3/5 1873/3/5 1871/3/5
f 1866/3/1 1874/3/1 1875/3/1 1867/3/1
f 1866/3/5 1868/3/5 1876/3/5 1874/3/5
f 1868/3/5 1636/3/5 1647/3/5 1876/3/5
f 1636/3/3 1869/3/3 1870/3/3 1640/3/3
f 1869/3/6 1877/3/6 1878/3/6 1870/3/6
f 1870/6/6 1878/6/6 1879/6/6 1880/6/6
f 1880/3/6 1879/3/6 1881/3/6 1882/3/6
f 1644/3/5 1871/3/5 1883/3/5 1649/3/5
f 1873/3/2 1872/3/2 1884/3/2 1885/3/2
f 1882/3/6 1881/3/6 1884/3/6 1872/3/6
f 1871/3/5 1873/3/5 1885/3/5 1883/3/5
f 1874/3/1 1886/3/1 1887/3/1 1875/3/1
f 1886/3/4 1888/3/4 1889/3/4 1887/3/4
f 1874/3/5 1876/3/5 1888/3/5 1886/3/5
f 1876/3/5 1647/3/5 1652/3/5 1888/3/5
f 1652/3/4 1659/3/4 1890/3/4 1891/3/4
f 1877/3/6 1891/3/6 1890/3/6 1878/3/6
f 1878/3/6 1890/3/6 1892/3/6 1879/3/6
f 1879/3/6 1892/3/6 1893/3/6 1881/3/6
f 1649/3/5 1883/3/5 1894/3/5 1654/3/5
f 1885/3/2 1884/3/2 1895/3/2 1896/3/2
f 1881/3/6 1893/3/6 1895/3/6 1884/3/6
f 1883/3/5 1885/3/5 1896/3/5 1894/3/5
f 1897/3/1 1664/3/1 1898/3/1 1899/3/1
f 1897/3/3 1899/3/3 1900/3/3 1901/3/3
f 1899/3/6 1898/3/6 1902/3/6 1900/3/6
f 1897/3/5 1901/3/5 1665/3/5 1664/3/5
f 1903/3/2 1904/3/2 1905/3/2 1666/3/2
f 1901/3/3 1900/3/3 1904/3/3 1903/3/3
f 1901/3/5 1903/3/5 1666/3/5 1665/3/5
f 1652/3/2 1891/3/2 1906/3/2 1657/3/2
f 1888/3/1 1907/3/1 1908/3/1 1889/3/1
f 1907/3/4 1657/3/4 1906/3/4 1908/3/4
f 1888/3/5 1652/3/5 1657/3/5 1907/3/5
f 1659/3/1 1658/3/1 1909/3/1 1890/3/1
f 1890/3/6 1909/3/6 1910/3/6 1892/3/6
f 1661/3/4 1911/3/4 1912/3/4 1910/3/4
f 1654/3/5 1894/3/5 1911/3/5 1661/3/5
f 1896/3/2 1895/3/2 1913/3/2 1914/3/2
f 1911/3/4 1914/3/4 1913/3/4 1912/3/4
f 1894/3/5 1896/3/5 1914/3/5 1911/3/5
f 1915/2/2 1916/2/2 1917/2/2 1918/2/2
f 1919/2/1 1920/2/1 1921/2/1 1922/2/1
f 1919/2/3 1922/2/3 1916/2/3 1915/2/3
f 1919/2/5 1915/2/5 1918/2/5 1920/2/5
f 1923/3/2 1924/3/2 1925/3/2 1677/3/2
f 1926/3/1 1680/3/1 1927/3/1 1928/3/1
f 1926/3/3 1928/3/3 1924/3/3 1923/3/3
f 1928/3/6 1927/3/6 1925/3/6 1924/3/6
f 1926/3/5 1923/3/5 1677/3/5 1680/3/5
f 1929/3/1 1682/3/1 1930/3/1 1931/3/1
f 1929/3/3 1931/3/3 1932/3/3 1933/3/3
f 1931/3/6 1930/3/6 1934/3/6 1932/3/6
f 1929/3/5 1933/3/5 1683/3/5 1682/3/5
f 1933/4/3 1932/4/3 1935/4/3 1936/4/3
f 1932/4/6 1934/4/6 1937/4/6 1935/4/6
f 1933/4/5 1936/4/5 1684/4/5 1683/4/5
f 1936/3/3 1935/3/3 1938/3/3 1939/3/3
f 1936/3/5 1939/3/5 1685/3/5 1684/3/5
f 1939/3/3 1938/3/3 1898/3/3 1664/3/3
f 1939/3/5 1664/3/5 1663/3/5 1685/3/5
f 1666/3/3 1905/3/3 1940/3/3 1669/3/3
f 1666/3/5 1669/3/5 1668/3/5 1667/3/5
f 1669/3/3 1940/3/3 1941/3/3 1670/3/3
f 1670/3/3 1941/3/3 1942/3/3 1671/3/3
f 1941/3/6 1943/3/6 1944/3/6 1942/3/6
f 1945/3/2 1946/3/2 1947/3/2 1686/3/2
f 1671/3/3 1942/3/3 1946/3/3 1945/3/3
f 1671/3/5 1945/3/5 1686/3/5 1672/3/5
f 1657/3/1 1676/3/1 1948/3/1 1906/3/1
f 1657/3/3 1906/3/3 1909/3/3 1658/3/3
f 1676/3/4 1673/3/4 1949/3/4 1948/3/4
f 1661/6/2 1910/6/2 1950/6/2 1951/6/2
f 1673/6/4 1951/6/4 1950/6/4 1949/6/4
f 1658/6/5 1661/6/5 1951/6/5 1673/6/5
f 1918/2/2 1917/2/2 1952/2/2 1953/2/2
f 1920/2/1 1954/2/1 1955/2/1 1921/2/1
f 1920/2/5 1918/2/5 1953/2/5 1954/2/5
f 1956/3/1 1704/3/1 1957/3/1 1958/3/1
f 1956/3/3 1958/3/3 1927/3/3 1680/3/3
f 1958/3/6 1957/3/6 1959/3/6 1927/3/6
f 1956/3/5 1680/3/5 1679/3/5 1704/3/5
f 1677/3/3 1925/3/3 1930/3/3 1682/3/3
f 1925/3/6 1960/3/6 1961/3/6 1930/3/6
f 1677/3/5 1682/3/5 1681/3/5 1678/3/5
f 1686/3/3 1947/3/3 1962/3/3 1687/3/3
f 1947/3/6 1963/3/6 1964/3/6 1962/3/6
f 1965/3/2 1966/3/2 1967/3/2 1705/3/2
f 1687/3/3 1962/3/3 1966/3/3 1965/3/3
f 1962/3/6 1964/3/6 1967/3/6 1966/3/6
f 1687/3/5 1965/3/5 1705/3/5 1688/3/5
f 1968/5/1 1969/5/1 1970/5/1 1971/5/1
f 1968/5/3 1971/5/3 1972/5/3 1692/5/3
f 1969/5/4 1691/5/4 1973/5/4 1970/5/4
f 1968/5/5 1692/5/5 1691/5/5 1969/5/5
f 1692/5/3 1972/5/3 1974/5/3 1693/5/3
f 1691/5/4 1696/5/4 1975/5/4 1973/5/4
f 1698/5/2 1976/5/2 1977/5/2 1699/5/2
f 1693/5/3 1974/5/3 1976/5/3 1698/5/3
f 1696/5/4 1699/5/4 1977/5/4 1975/5/4
f 1974/5/6 1975/5/6 1977/5/6 1976/5/6
f 1953/2/2 1952/2/2 1978/2/2 1979/2/2
f 1954/2/1 1980/2/1 1981/2/1 1955/2/1
f 1980/2/4 1979/2/4 1978/2/4 1981/2/4
f 1954/2/5 1953/2/5 1979/2/5 1980/2/5
f 1702/3/1 1701/3/1 1982/3/1 1983/3/1
f 1702/3/3 1983/3/3 1984/3/3 1703/3/3
f 1703/3/3 1984/3/3 1957/3/3 1704/3/3
f 1984/3/6 1985/3/6 1986/3/6 1957/3/6
f 1706/3/2 1987/3/2 1988/3/2 1707/3/2
f 1705/3/3 1967/3/3 1987/3/3 1706/3/3
f 1989/5/1 1717/5/1 1990/5/1 1991/5/1
f 1989/5/3 1991/5/3 1992/5/3 1709/5/3
f 1989/5/5 1709/5/5 1708/5/5 1717/5/5
f 1710/5/2 1993/5/2 1994/5/2 1711/5/2
f 1709/5/3 1992/5/3 1993/5/3 1710/5/3
f 1708/5/4 1711/5/4 1994/5/4 1995/5/4
f 1701/3/1 1714/3/1 1996/3/1 1982/3/1
f 1707/3/3 1988/3/3 1997/3/3 1715/3/3
f 1715/3/3 1997/3/3 1998/3/3 1716/3/3
f 1716/3/3 1998/3/3 1990/3/3 1717/3/3
f 1708/3/2 1995/3/2 1999/3/2 1718/3/2
f 1719/3/4 1718/3/4 1999/3/4 2000/3/4
f 1714/3/1 1720/3/1 2001/3/1 1996/3/1
f 1719/3/2 2000/3/2 2002/3/2 1721/3/2
f 1722/1/2 2003/1/2 2004/1/2 1723/1/2
f 1725/1/1 1724/1/1 2005/1/1 2006/1/1
f 1725/1/3 2006/1/3 2003/1/3 1722/1/3
f 1720/3/1 1726/3/1 2007/3/1 2001/3/1
f 1721/3/2 2002/3/2 2008/3/2 1727/3/2
f 1723/1/2 2004/1/2 2009/1/2 1733/1/2
f 1724/1/1 1737/1/1 2010/1/1 2005/1/1
f 1724/1/5 1723/1/5 1733/1/5 1737/1/5
f 1726/3/1 1728/3/1 2011/3/1 2007/3/1
f 1729/3/2 2012/3/2 2013/3/2 1730/3/2
f 1727/3/3 2008/3/3 2012/3/3 1729/3/3
f 1731/3/4 1730/3/4 2013/3/4 2014/3/4
f 2008/3/6 2014/3/6 2013/3/6 2012/3/6
f 1733/2/2 2009/2/2 2015/2/2 1734/2/2
f 1737/2/1 1736/2/1 2016/2/1 2010/2/1
f 1728/3/1 1738/3/1 2017/3/1 2011/3/1
f 1731/4/2 2014/4/2 2018/4/2 1739/4/2
f 1736/2/1 1743/2/1 2019/2/1 2016/2/1
f 1736/2/5 1734/2/5 1744/2/5 1743/2/5
f 1734/2/3 2015/2/3 2020/2/3 2021/2/3
f 1734/2/5 2021/2/5 1747/2/5 1744/2/5
f 2022/2/2 2023/2/2 2024/2/2 2025/2/2
f 2021/2/3 2020/2/3 2023/2/3 2022/2/3
f 1747/2/4 2025/2/4 2024/2/4 2026/2/4
f 2021/2/5 2022/2/5 2025/2/5 1747/2/5
f 1738/3/1 1740/3/1 2027/3/1 2017/3/1
f 1739/3/2 2018/3/2 2028/3/2 1741/3/2
f 1743/2/1 1742/2/1 2029/2/1 2019/2/1
f 1747/1/2 2026/1/2 2030/1/2 1748/1/2
f 1740/3/1 1749/3/1 2031/3/1 2027/3/1
f 1741/3/2 2028/3/2 2032/3/2 1750/3/2
f 1742/2/1 1758/2/1 2033/2/1 2029/2/1
f 1742/2/5 1745/2/5 1752/2/5 1758/2/5
f 1748/1/2 2030/1/2 2034/1/2 1751/1/2
f 1752/1/4 1751/1/4 2034/1/4 2035/1/4
f 1749/3/1 1753/3/1 2036/3/1 2031/3/1
f 1750/4/2 2032/4/2 2037/4/2 1754/4/2
f 1752/2/2 2035/2/2 2038/2/2 1755/2/2
f 1758/2/1 1757/2/1 2039/2/1 2033/2/1
f 2033/2/6 2039/2/6 2038/2/6 2035/2/6
f 1753/3/1 1759/3/1 2040/3/1 2036/3/1
f 1760/3/2 2041/3/2 2042/3/2 1761/3/2
f 1754/3/3 2037/3/3 2041/3/3 1760/3/3
f 1762/3/4 1761/3/4 2042/3/4 2043/3/4
f 2037/3/6 2043/3/6 2042/3/6 2041/3/6
f 1755/2/2 2038/2/2 2044/2/2 1767/2/2
f 1757/2/1 1763/2/1 2045/2/1 2039/2/1
f 2039/2/6 2045/2/6 2044/2/6 2038/2/6
f 1759/3/1 1768/3/1 2046/3/1 2040/3/1
f 1762/3/2 2043/3/2 2047/3/2 1769/3/2
f 1767/2/2 2044/2/2 2048/2/2 1773/2/2
f 1763/2/1 1770/2/1 2049/2/1 2045/2/1
f 2045/2/6 2049/2/6 2048/2/6 2044/2/6
f 1768/3/1 1774/3/1 2050/3/1 2046/3/1
f 1776/3/4 1775/3/4 2051/3/4 2052/3/4
f 1778/3/4 1777/3/4 2053/3/4 2054/3/4
f 1777/3/4 1779/3/4 2055/3/4 2053/3/4
f 1769/3/2 2047/3/2 2056/3/2 1780/3/2
f 1779/3/4 1780/3/4 2056/3/4 2055/3/4
f 1773/2/2 2048/2/2 2057/2/2 1781/2/2
f 1770/2/1 1782/2/1 2058/2/1 2049/2/1
f 2049/2/6 2058/2/6 2057/2/6 2048/2/6
f 1776/3/2 2052/3/2 2059/3/2 1783/3/2
f 1774/3/1 1785/3/1 2060/3/1 2050/3/1
f 1785/3/4 1783/3/4 2059/3/4 2060/3/4
f 1775/3/1 1786/3/1 2061/3/1 2051/3/1
f 1786/3/4 1787/3/4 2062/3/4 2061/3/4
f 1787/3/4 1788/3/4 2063/3/4 2062/3/4
f 1788/3/4 1789/3/4 2064/3/4 2063/3/4
f 1791/3/4 1790/3/4 2065/3/4 2066/3/4
f 1790/3/4 1792/3/4 2067/3/4 2065/3/4
f 1778/3/2 2054/3/2 2068/3/2 1793/3/2
f 1792/3/4 1793/3/4 2068/3/4 2067/3/4
f 1794/3/2 2069/3/2 2070/3/2 1795/3/2
f 1780/3/1 1796/3/1 2071/3/1 2056/3/1
f 1780/3/3 2056/3/3 2069/3/3 1794/3/3
f 1796/3/4 1795/3/4 2070/3/4 2071/3/4
f 1782/2/1 1798/2/1 2072/2/1 2058/2/1
f 2073/2/2 2074/2/2 2075/2/2 2076/2/2
f 1781/2/3 2057/2/3 2074/2/3 2073/2/3
f 1797/2/4 2076/2/4 2075/2/4 2077/2/4
f 2057/2/6 2077/2/6 2075/2/6 2074/2/6
f 1781/2/5 2073/2/5 2076/2/5 1797/2/5
f 1789/3/1 1799/3/1 2078/3/1 2064/3/1
f 1799/3/4 1800/3/4 2079/3/4 2078/3/4
f 1800/3/4 1801/3/4 2080/3/4 2079/3/4
f 1801/3/4 1802/3/4 2081/3/4 2080/3/4
f 1802/3/4 1803/3/4 2082/3/4 2081/3/4
f 1805/3/4 1804/3/4 2083/3/4 2084/3/4
f 1804/3/4 1806/3/4 2085/3/4 2083/3/4
f 1791/3/2 2066/3/2 2086/3/2 1807/3/2
f 1806/3/4 1807/3/4 2086/3/4 2085/3/4
f 1797/2/2 2077/2/2 2087/2/2 1808/2/2
f 1798/2/1 1809/2/1 2088/2/1 2072/2/1
f 1809/2/4 1808/2/4 2087/2/4 2088/2/4
f 1803/3/1 1814/3/1 2089/3/1 2082/3/1
f 1814/3/4 1815/3/4 2090/3/4 2089/3/4
f 1815/3/4 1816/3/4 2091/3/4 2090/3/4
f 1805/3/2 2084/3/2 2092/3/2 1817/3/2
f 1816/3/4 1817/3/4 2092/3/4 2091/3/4
f 2093/3/6 2091/3/6 2092/3/6 2084/3/6
f 1811/3/2 2094/3/2 2095/3/2 2096/3/2
f 1812/3/1 2097/3/1 2098/3/1 2099/3/1
f 1812/3/3 2099/3/3 2094/3/3 1811/3/3
f 2097/3/4 2096/3/4 2095/3/4 2098/3/4
f 2099/3/6 2098/3/6 2095/3/6 2094/3/6
f 1812/3/5 1811/3/5 2096/3/5 2097/3/5
f 1824/3/2 2100/3/2 2101/3/2 1825/3/2
f 1817/3/1 1823/3/1 2102/3/1 2092/3/1
f 1817/3/3 2092/3/3 2100/3/3 1824/3/3
f 1823/3/4 1825/3/4 2101/3/4 2102/3/4
f 2092/3/6 2102/3/6 2101/3/6 2100/3/6
f 1844/3/1 1847/3/1 2103/3/1 2104/3/1
f 1844/3/3 2104/3/3 2105/3/3 1848/3/3
f 1848/3/3 2105/3/3 2106/3/3 1851/3/3
f 1851/6/3 2106/6/3 2107/6/3 1853/6/3
f 1856/6/4 1855/6/4 2108/6/4 2109/6/4
f 1853/6/3 2107/6/3 2110/6/3 1858/6/3
f 1858/6/3 2110/6/3 2111/6/3 1861/6/3
f 1858/6/5 1861/6/5 1860/6/5 1859/6/5
f 1862/3/2 2112/3/2 2113/3/2 1865/3/2
f 1861/3/3 2111/3/3 2112/3/3 1862/3/3
f 1847/3/1 1867/3/1 2114/3/1 2103/3/1
f 1856/3/2 2109/3/2 2115/3/2 1869/3/2
f 1855/6/1 1870/6/1 2116/6/1 2108/6/1
f 1870/6/4 1880/6/4 2117/6/4 2116/6/4
f 2108/6/6 2116/6/6 2117/6/6 2118/6/6
f 1880/3/4 1882/3/4 2119/3/4 2117/3/4
f 2118/3/6 2117/3/6 2119/3/6 2120/3/6
f 1865/3/2 2113/3/2 2121/3/2 1872/3/2
f 1882/3/4 1872/3/4 2121/3/4 2119/3/4
f 2120/3/6 2119/3/6 2121/3/6 2113/3/6
f 1867/3/1 1875/3/1 2122/3/1 2114/3/1
f 1869/3/2 2115/3/2 2123/3/2 1877/3/2
f 2124/3/2 2125/3/2 2126/3/2 2127/3/2
f 1872/3/1 1884/3/1 2128/3/1 2121/3/1
f 1872/3/3 2121/3/3 2125/3/3 2124/3/3
f 1872/3/5 2124/3/5 2127/3/5 1884/3/5
f 1875/3/1 1887/3/1 2129/3/1 2122/3/1
f 1887/3/4 1889/3/4 2130/3/4 2129/3/4
f 1877/3/2 2123/3/2 2131/3/2 1891/3/2
f 2127/4/2 2126/4/2 2132/4/2 2133/4/2
f 1884/4/1 1895/4/1 2134/4/1 2128/4/1
f 1884/4/5 2127/4/5 2133/4/5 1895/4/5
f 2135/2/2 2136/2/2 2137/2/2 1916/2/2
f 2138/2/1 1922/2/1 2139/2/1 2140/2/1
f 2138/2/3 2140/2/3 2136/2/3 2135/2/3
f 2138/2/5 2135/2/5 1916/2/5 1922/2/5
f 1904/3/2 2141/3/2 2142/3/2 1905/3/2
f 1900/3/1 1902/3/1 2143/3/1 2144/3/1
f 1900/3/3 2144/3/3 2141/3/3 1904/3/3
f 1891/3/2 2131/3/2 2145/3/2 1906/3/2
f 1889/3/1 1908/3/1 2146/3/1 2130/3/1
f 1908/3/4 1906/3/4 2145/3/4 2146/3/4
f 1892/3/1 1910/3/1 2147/3/1 2148/3/1
f 1892/3/3 2148/3/3 2149/3/3 1893/3/3
f 1893/3/3 2149/3/3 2134/3/3 1895/3/3
f 2133/3/2 2132/3/2 2150/3/2 2151/3/2
f 1913/3/4 2151/3/4 2150/3/4 2152/3/4
f 1895/3/5 2133/3/5 2151/3/5 1913/3/5
f 1922/2/1 1921/2/1 2153/2/1 2139/2/1
f 2154/2/2 2155/2/2 2156/2/2 2157/2/2
f 1916/2/3 2137/2/3 2155/2/3 2154/2/3
f 1917/2/4 2157/2/4 2156/2/4 2158/2/4
f 2137/2/6 2158/2/6 2156/2/6 2155/2/6
f 1916/2/5 2154/2/5 2157/2/5 1917/2/5
f 1935/3/1 1937/3/1 2159/3/1 2160/3/1
f 1935/3/3 2160/3/3 2161/3/3 1938/3/3
f 1938/3/3 2161/3/3 2162/3/3 1898/3/3
f 1898/3/3 2162/3/3 2143/3/3 1902/3/3
f 1905/3/3 2142/3/3 2163/3/3 1940/3/3
f 1941/3/2 2164/3/2 2165/3/2 1943/3/2
f 1940/3/3 2163/3/3 2164/3/3 1941/3/3
f 1946/3/2 2166/3/2 2167/3/2 1947/3/2
f 1942/3/1 1944/3/1 2168/3/1 2169/3/1
f 1942/3/3 2169/3/3 2166/3/3 1946/3/3
f 1906/3/1 1948/3/1 2170/3/1 2145/3/1
f 1906/3/3 2145/3/3 2171/3/3 1909/3/3
f 1909/3/3 2171/3/3 2147/3/3 1910/3/3
f 1910/3/5 1912/3/5 2172/3/5 1950/3/5
f 1913/3/2 2152/3/2 2173/3/2 2174/3/2
f 2172/3/4 2174/3/4 2173/3/4 2175/3/4
f 1912/3/5 1913/3/5 2174/3/5 2172/3/5
f 1917/2/2 2158/2/2 2176/2/2 1952/2/2
f 1921/2/1 1955/2/1 2177/2/1 2153/2/1
f 1925/3/2 2178/3/2 2179/3/2 1960/3/2
f 1927/3/1 1959/3/1 2180/3/1 2181/3/1
f 1927/3/3 2181/3/3 2178/3/3 1925/3/3
f 1930/3/1 1961/3/1 2182/3/1 2183/3/1
f 1930/3/3 2183/3/3 2184/3/3 1934/3/3
f 1934/3/3 2184/3/3 2159/3/3 1937/3/3
f 1943/3/3 2165/3/3 2168/3/3 1944/3/3
f 1947/3/2 2167/3/2 2185/3/2 1963/3/2
f 1948/3/1 2186/3/1 2187/3/1 2170/3/1
f 1948/3/5 1949/3/5 2188/3/5 2186/3/5
f 1949/3/5 1950/3/5 1991/3/5 2188/3/5
f 2172/3/2 2175/3/2 2189/3/2 1992/3/2
f 1950/3/5 2172/3/5 1992/3/5 1991/3/5
f 2190/5/1 2191/5/1 2192/5/1 2193/5/1
f 2190/5/3 2193/5/3 2194/5/3 1971/5/3
f 2191/5/4 1970/5/4 2195/5/4 2192/5/4
f 2190/5/5 1971/5/5 1970/5/5 2191/5/5
f 1971/5/3 2194/5/3 2196/5/3 1972/5/3
f 1970/5/4 1973/5/4 2197/5/4 2195/5/4
f 1974/5/2 2198/5/2 2199/5/2 1975/5/2
f 1972/5/3 2196/5/3 2198/5/3 1974/5/3
f 1973/5/4 1975/5/4 2199/5/4 2197/5/4
f 2196/5/6 2197/5/6 2199/5/6 2198/5/6
f 1952/2/2 2176/2/2 2200/2/2 1978/2/2
f 1955/2/1 1981/2/1 2201/2/1 2177/2/1
f 2177/2/6 2201/2/6 2200/2/6 2176/2/6
f 1984/3/2 2202/3/2 2203/3/2 1985/3/2
f 1983/3/1 1982/3/1 2204/3/1 2205/3/1
f 1983/3/3 2205/3/3 2202/3/3 1984/3/3
f 1957/3/1 1986/3/1 2206/3/1 2207/3/1
f 1957/3/3 2207/3/3 2180/3/3 1959/3/3
f 1960/3/3 2179/3/3 2182/3/3 1961/3/3
f 1963/3/3 2185/3/3 2208/3/3 1964/3/3
f 1964/3/3 2208/3/3 2209/3/3 1967/3/3
f 1967/3/3 2209/3/3 2210/3/3 1987/3/3
f 1987/3/3 2210/3/3 2187/3/3 2186/3/3
f 1987/3/5 2186/3/5 1997/3/5 1988/3/5
f 2186/3/5 2188/3/5 1998/3/5 1997/3/5
f 2188/3/5 1991/3/5 1990/3/5 1998/3/5
f 1993/5/2 2211/5/2 2212/5/2 1994/5/2
f 1992/5/3 2189/5/3 2211/5/3 1993/5/3
f 1995/5/4 1994/5/4 2212/5/4 2213/5/4
f 2189/5/6 2213/5/6 2212/5/6 2211/5/6
f 1978/2/2 2200/2/2 2214/2/2 2215/2/2
f 1981/2/1 2216/2/1 2217/2/1 2201/2/1
f 2201/2/6 2217/2/6 2214/2/6 2200/2/6
f 1981/2/5 1978/2/5 2215/2/5 2216/2/5
f 1982/3/1 1996/3/1 2218/3/1 2204/3/1
f 1985/3/3 2203/3/3 2206/3/3 1986/3/3
f 1995/3/2 2213/3/2 2219/3/2 1999/3/2
f 2000/3/4 1999/3/4 2219/3/4 2220/3/4
f 2215/1/2 2214/1/2 2221/1/2 2003/1/2
f 2216/1/1 2006/1/1 2222/1/1 2217/1/1
f 2217/1/6 2222/1/6 2221/1/6 2214/1/6
f 2216/1/5 2215/1/5 2003/1/5 2006/1/5
f 1996/3/1 2001/3/1 2223/3/1 2218/3/1
f 2000/4/2 2220/4/2 2224/4/2 2002/4/2
f 2006/2/1 2005/2/1 2225/2/1 2222/2/1
f 2222/2/6 2225/2/6 2226/2/6 2221/2/6
f 2003/2/3 2221/2/3 2227/2/3 2228/2/3
f 2221/2/6 2226/2/6 2229/2/6 2227/2/6
f 2003/2/5 2228/2/5 2230/2/5 2004/2/5
f 2231/2/2 2232/2/2 2233/2/2 2234/2/2
f 2228/2/3 2227/2/3 2232/2/3 2231/2/3
f 2227/2/6 2229/2/6 2233/2/6 2232/2/6
f 2228/2/5 2231/2/5 2234/2/5 2230/2/5
f 2001/3/1 2007/3/1 2235/3/1 2223/3/1
f 2002/3/2 2224/3/2 2236/3/2 2008/3/2
f 2005/2/1 2010/2/1 2237/2/1 2225/2/1
f 2004/2/5 2230/2/5 2238/2/5 2009/2/5
f 2230/2/5 2234/2/5 2239/2/5 2238/2/5
f 2234/2/3 2233/2/3 2235/2/3 2007/2/3
f 2239/2/4 2011/2/4 2240/2/4 2241/2/4
f 2234/2/5 2007/2/5 2011/2/5 2239/2/5
f 2008/3/2 2236/3/2 2242/3/2 2014/3/2
f 2010/2/1 2016/2/1 2243/2/1 2237/2/1
f 2009/2/5 2238/2/5 2020/2/5 2015/2/5
f 2239/2/2 2241/2/2 2244/2/2 2023/2/2
f 2238/2/5 2239/2/5 2023/2/5 2020/2/5
f 2011/3/1 2017/3/1 2245/3/1 2240/3/1
f 2014/3/2 2242/3/2 2246/3/2 2018/3/2
f 2016/2/1 2019/2/1 2247/2/1 2243/2/1
f 2023/2/3 2244/2/3 2245/2/3 2017/2/3
f 2023/2/5 2017/2/5 2027/2/5 2024/2/5
f 2018/3/2 2246/3/2 2248/3/2 2028/3/2
f 2019/2/1 2029/2/1 2249/2/1 2247/2/1
f 2026/2/5 2024/2/5 2250/2/5 2030/2/5
f 2250/2/4 2031/2/4 2251/2/4 2252/2/4
f 2024/2/5 2027/2/5 2031/2/5 2250/2/5
f 2028/3/2 2248/3/2 2253/3/2 2032/3/2
f 2029/2/1 2033/2/1 2254/2/1 2249/2/1
f 2033/2/4 2035/2/4 2255/2/4 2254/2/4
f 2035/1/4 2034/1/4 2256/1/4 2255/1/4
f 2250/2/2 2252/2/2 2257/2/2 2258/2/2
f 2034/2/4 2258/2/4 2257/2/4 2256/2/4
f 2030/2/5 2250/2/5 2258/2/5 2034/2/5
f 2031/3/1 2036/3/1 2259/3/1 2251/3/1
f 2032/3/2 2253/3/2 2260/3/2 2037/3/2
f 2036/3/1 2040/3/1 2261/3/1 2259/3/1
f 2037/3/2 2260/3/2 2262/3/2 2043/3/2
f 2040/3/1 2046/3/1 2263/3/1 2261/3/1
f 2043/4/2 2262/4/2 2264/4/2 2047/4/2
f 2046/3/1 2050/3/1 2265/3/1 2263/3/1
f 2052/4/4 2051/4/4 2266/4/4 2267/4/4
f 2054/3/4 2053/3/4 2268/3/4 2269/3/4
f 2053/3/4 2055/3/4 2270/3/4 2268/3/4
f 2047/4/2 2264/4/2 2271/4/2 2056/4/2
f 2055/4/4 2056/4/4 2271/4/4 2270/4/4
f 2052/3/2 2267/3/2 2272/3/2 2059/3/2
f 2050/3/1 2060/3/1 2273/3/1 2265/3/1
f 2060/3/4 2059/3/4 2272/3/4 2273/3/4
f 2051/4/1 2061/4/1 2274/4/1 2266/4/1
f 2061/4/4 2062/4/4 2275/4/4 2274/4/4
f 2062/3/4 2063/3/4 2276/3/4 2275/3/4
f 2063/3/4 2064/3/4 2277/3/4 2276/3/4
f 2066/3/4 2065/3/4 2278/3/4 2279/3/4
f 2065/3/4 2067/3/4 2280/3/4 2278/3/4
f 2054/3/2 2269/3/2 2281/3/2 2068/3/2
f 2067/3/4 2068/3/4 2281/3/4 2280/3/4
f 2069/3/2 2282/3/2 2283/3/2 2070/3/2
f 2056/3/1 2071/3/1 2284/3/1 2271/3/1
f 2056/3/3 2271/3/3 2282/3/3 2069/3/3
f 2071/3/4 2070/3/4 2283/3/4 2284/3/4
f 2057/2/2 2285/2/2 2286/2/2 2077/2/2
f 2058/2/1 2072/2/1 2287/2/1 2288/2/1
f 2058/2/3 2288/2/3 2285/2/3 2057/2/3
f 2288/2/6 2287/2/6 2286/2/6 2285/2/6
f 2064/3/1 2078/3/1 2289/3/1 2277/3/1
f 2078/3/4 2079/3/4 2290/3/4 2289/3/4
f 2079/3/4 2080/3/4 2291/3/4 2290/3/4
f 2080/3/4 2081/3/4 2292/3/4 2291/3/4
f 2081/3/4 2082/3/4 2293/3/4 2292/3/4
f 2093/3/4 2084/3/4 2294/3/4 2295/3/4
f 2084/3/4 2083/3/4 2296/3/4 2294/3/4
f 2083/3/4 2085/3/4 2297/3/4 2296/3/4
f 2066/3/2 2279/3/2 2298/3/2 2086/3/2
f 2085/3/4 2086/3/4 2298/3/4 2297/3/4
f 2077/2/2 2286/2/2 2299/2/2 2087/2/2
f 2072/2/1 2088/2/1 2300/2/1 2287/2/1
f 2088/2/4 2087/2/4 2299/2/4 2300/2/4
f 2287/2/6 2300/2/6 2299/2/6 2286/2/6
f 2301/3/2 2302/3/2 2303/3/2 2094/3/2
f 2304/3/1 2099/3/1 2305/3/1 2306/3/1
f 2304/3/3 2306/3/3 2302/3/3 2301/3/3
f 2099/3/4 2094/3/4 2303/3/4 2305/3/4
f 2304/3/5 2301/3/5 2094/3/5 2099/3/5
f 2082/3/1 2089/3/1 2307/3/1 2293/3/1
f 2089/3/4 2090/3/4 2308/3/4 2307/3/4
f 2093/3/2 2295/3/2 2309/3/2 2091/3/2
f 2090/3/4 2091/3/4 2309/3/4 2308/3/4
f 2104/6/1 2103/6/1 2310/6/1 2311/6/1
f 2104/6/3 2311/6/3 2312/6/3 2105/6/3
f 2105/6/3 2312/6/3 2313/6/3 2106/6/3
f 2106/6/3 2313/6/3 2314/6/3 2107/6/3
f 2109/6/4 2108/6/4 2315/6/4 2316/6/4
f 2107/6/3 2314/6/3 2317/6/3 2110/6/3
f 2108/6/4 2118/6/4 2318/6/4 2315/6/4
f 2110/6/3 2317/6/3 2319/6/3 2111/6/3
f 2118/6/4 2120/6/4 2320/6/4 2318/6/4
f 2112/3/2 2321/3/2 2322/3/2 2113/3/2
f 2111/3/3 2319/3/3 2321/3/3 2112/3/3
f 2120/3/4 2113/3/4 2322/3/4 2320/3/4
f 2323/2/2 2324/2/2 2325/2/2 2326/2/2
f 2327/2/1 2328/2/1 2329/2/1 2330/2/1
f 2327/2/3 2330/2/3 2324/2/3 2323/2/3
f 2327/2/5 2323/2/5 2326/2/5 2328/2/5
f 2103/3/1 2114/3/1 2331/3/1 2310/3/1
f 2109/3/2 2316/3/2 2332/3/2 2115/3/2
f 2333/4/2 2334/4/2 2335/4/2 2125/4/2
f 2113/4/1 2121/4/1 2336/4/1 2322/4/1
f 2113/4/3 2322/4/3 2334/4/3 2333/4/3
f 2322/4/6 2336/4/6 2335/4/6 2334/4/6
f 2113/4/5 2333/4/5 2125/4/5 2121/4/5
f 2326/2/2 2325/2/2 2337/2/2 2338/2/2
f 2328/2/1 2339/2/1 2340/2/1 2329/2/1
f 2329/2/6 2340/2/6 2337/2/6 2325/2/6
f 2328/2/5 2326/2/5 2338/2/5 2339/2/5
f 2114/3/1 2122/3/1 2341/3/1 2331/3/1
f 2115/3/2 2332/3/2 2342/3/2 2123/3/2
f 2121/3/1 2128/3/1 2343/3/1 2336/3/1
f 2344/3/2 2345/3/2 2346/3/2 2347/3/2
f 2125/3/3 2335/3/3 2345/3/3 2344/3/3
f 2335/3/6 2348/3/6 2346/3/6 2345/3/6
f 2125/3/5 2344/3/5 2347/3/5 2126/3/5
f 2338/1/2 2337/1/2 2349/1/2 2136/1/2
f 2339/1/1 2140/1/1 2350/1/1 2340/1/1
f 2340/1/6 2350/1/6 2349/1/6 2337/1/6
f 2339/1/5 2338/1/5 2136/1/5 2140/1/5
f 2122/3/1 2129/3/1 2351/3/1 2341/3/1
f 2129/3/4 2130/3/4 2352/3/4 2351/3/4
f 2123/3/2 2342/3/2 2353/3/2 2131/3/2
f 2128/3/1 2134/3/1 2354/3/1 2343/3/1
f 2348/3/6 2355/3/6 2356/3/6 2346/3/6
f 2126/3/5 2347/3/5 2357/3/5 2132/3/5
f 2358/4/2 2359/4/2 2360/4/2 2361/4/2
f 2347/4/3 2346/4/3 2359/4/3 2358/4/3
f 2357/4/4 2361/4/4 2360/4/4 2356/4/4
f 2346/4/6 2356/4/6 2360/4/6 2359/4/6
f 2347/4/5 2358/4/5 2361/4/5 2357/4/5
f 2136/2/2 2349/2/2 2362/2/2 2137/2/2
f 2140/2/1 2139/2/1 2363/2/1 2350/2/1
f 2350/2/6 2363/2/6 2362/2/6 2349/2/6
f 2141/3/2 2364/3/2 2365/3/2 2142/3/2
f 2144/3/1 2143/3/1 2366/3/1 2367/3/1
f 2144/3/3 2367/3/3 2364/3/3 2141/3/3
f 2131/3/2 2353/3/2 2368/3/2 2145/3/2
f 2130/3/1 2146/3/1 2369/3/1 2352/3/1
f 2146/3/4 2145/3/4 2368/3/4 2369/3/4
f 2148/3/1 2147/3/1 2370/3/1 2371/3/1
f 2148/3/3 2371/3/3 2372/3/3 2149/3/3
f 2149/3/3 2372/3/3 2354/3/3 2134/3/3
f 2357/4/2 2356/4/2 2373/4/2 2374/4/2
f 2150/4/4 2374/4/4 2373/4/4 2375/4/4
f 2355/4/6 2375/4/6 2373/4/6 2356/4/6
f 2132/4/5 2357/4/5 2374/4/5 2150/4/5
f 2137/2/2 2362/2/2 2376/2/2 2158/2/2
f 2139/2/1 2153/2/1 2377/2/1 2363/2/1
f 2363/2/6 2377/2/6 2376/2/6 2362/2/6
f 2160/3/1 2159/3/1 2378/3/1 2379/3/1
f 2160/3/3 2379/3/3 2380/3/3 2161/3/3
f 2161/3/3 2380/3/3 2381/3/3 2162/3/3
f 2162/3/3 2381/3/3 2366/3/3 2143/3/3
f 2142/4/3 2365/4/3 2382/4/3 2163/4/3
f 2163/3/3 2382/3/3 2383/3/3 2164/3/3
f 2164/4/3 2383/4/3 2384/4/3 2169/4/3
f 2164/4/5 2169/4/5 2168/4/5 2165/4/5
f 2169/4/3 2384/4/3 2385/4/3 2166/4/3
f 2386/3/2 2387/3/2 2388/3/2 2389/3/2
f 2166/3/3 2385/3/3 2387/3/3 2386/3/3
f 2385/3/6 2390/3/6 2388/3/6 2387/3/6
f 2166/3/5 2386/3/5 2389/3/5 2167/3/5
f 2145/3/1 2170/3/1 2391/3/1 2368/3/1
f 2145/3/3 2368/3/3 2392/3/3 2171/3/3
f 2171/3/3 2392/3/3 2370/3/3 2147/3/3
f 2150/3/2 2375/3/2 2393/3/2 2193/3/2
f 2394/3/6 2395/3/6 2393/3/6 2375/3/6
f 2152/3/5 2150/3/5 2193/3/5 2173/3/5
f 2153/2/1 2177/2/1 2396/2/1 2377/2/1
f 2177/2/4 2176/2/4 2397/2/4 2396/2/4
f 2377/2/6 2396/2/6 2397/2/6 2376/2/6
f 2156/2/2 2398/2/2 2399/2/2 2400/2/2
f 2158/2/3 2376/2/3 2398/2/3 2156/2/3
f 2176/2/4 2400/2/4 2399/2/4 2397/2/4
f 2376/2/6 2397/2/6 2399/2/6 2398/2/6
f 2158/2/5 2156/2/5 2400/2/5 2176/2/5
f 2178/3/2 2401/3/2 2402/3/2 2179/3/2
f 2181/3/1 2180/3/1 2403/3/1 2404/3/1
f 2181/3/3 2404/3/3 2401/3/3 2178/3/3
f 2183/3/1 2182/3/1 2405/3/1 2406/3/1
f 2183/3/3 2406/3/3 2407/3/3 2184/3/3
f 2184/3/3 2407/3/3 2378/3/3 2159/3/3
f 2167/3/5 2389/3/5 2208/3/5 2185/3/5
f 2389/3/3 2388/3/3 2408/3/3 2409/3/3
f 2389/3/5 2409/3/5 2209/3/5 2208/3/5
f 2409/3/3 2408/3/3 2410/3/3 2411/3/3
f 2408/3/6 2412/3/6 2413/3/6 2410/3/6
f 2409/3/5 2411/3/5 2210/3/5 2209/3/5
f 2411/3/3 2410/3/3 2391/3/3 2170/3/3
f 2410/3/6 2413/3/6 2414/3/6 2391/3/6
f 2411/3/5 2170/3/5 2187/3/5 2210/3/5
f 2189/3/4 2211/3/4 2415/3/4 2416/3/4
f 2417/3/6 2416/3/6 2415/3/6 2395/3/6
f 2175/3/5 2173/3/5 2211/3/5 2189/3/5
f 2211/3/4 2192/3/4 2418/3/4 2415/3/4
f 2395/3/6 2415/3/6 2418/3/6 2393/3/6
f 2173/3/5 2193/3/5 2192/3/5 2211/3/5
f 2193/5/3 2393/5/3 2419/5/3 2194/5/3
f 2192/5/4 2195/5/4 2420/5/4 2418/5/4
f 2196/5/2 2421/5/2 2422/5/2 2197/5/2
f 2194/5/3 2419/5/3 2421/5/3 2196/5/3
f 2195/5/4 2197/5/4 2422/5/4 2420/5/4
f 2423/5/1 2424/5/1 2425/5/1 2426/5/1
f 2423/5/3 2426/5/3 2427/5/3 2205/5/3
f 2426/5/6 2425/5/6 2428/5/6 2427/5/6
f 2423/5/5 2205/5/5 2204/5/5 2424/5/5
f 2202/4/2 2429/4/2 2430/4/2 2203/4/2
f 2205/4/3 2427/4/3 2429/4/3 2202/4/3
f 2207/3/1 2206/3/1 2431/3/1 2432/3/1
f 2207/3/3 2432/3/3 2403/3/3 2180/3/3
f 2179/3/3 2402/3/3 2405/3/3 2182/3/3
f 2189/3/2 2416/3/2 2433/3/2 2213/3/2
f 2424/5/1 2434/5/1 2435/5/1 2425/5/1
f 2425/5/6 2435/5/6 2436/5/6 2428/5/6
f 2424/5/5 2204/5/5 2218/5/5 2434/5/5
f 2203/4/3 2430/4/3 2431/4/3 2206/4/3
f 2213/3/3 2433/3/3 2437/3/3 2212/3/3
f 2433/3/6 2438/3/6 2439/3/6 2437/3/6
f 2213/3/5 2212/3/5 2440/3/5 2219/3/5
f 2441/3/2 2442/3/2 2443/3/2 2444/3/2
f 2212/3/3 2437/3/3 2442/3/3 2441/3/3
f 2440/3/4 2444/3/4 2443/3/4 2439/3/4
f 2437/3/6 2439/3/6 2443/3/6 2442/3/6
f 2212/3/5 2441/3/5 2444/3/5 2440/3/5
f 2434/5/1 2232/5/1 2445/5/1 2435/5/1
f 2435/5/6 2445/5/6 2446/5/6 2436/5/6
f 2434/5/5 2218/5/5 2223/5/5 2232/5/5
f 2447/3/6 2448/3/6 2449/3/6 2438/3/6
f 2220/3/5 2219/3/5 2450/3/5 2224/3/5
f 2440/3/2 2439/3/2 2451/3/2 2452/3/2
f 2438/3/6 2449/3/6 2451/3/6 2439/3/6
f 2219/3/5 2440/3/5 2452/3/5 2450/3/5
f 2232/5/1 2233/5/1 2453/5/1 2445/5/1
f 2445/5/6 2453/5/6 2454/5/6 2446/5/6
f 2232/5/5 2223/5/5 2235/5/5 2233/5/5
f 2448/3/6 2455/3/6 2456/3/6 2449/3/6
f 2224/3/5 2450/3/5 2457/3/5 2236/3/5
f 2449/3/6 2456/3/6 2458/3/6 2451/3/6
f 2450/3/5 2452/3/5 2459/3/5 2457/3/5
f 2460/5/2 2461/5/2 2462/5/2 2463/5/2
f 2452/5/3 2451/5/3 2461/5/3 2460/5/3
f 2451/5/6 2458/5/6 2462/5/6 2461/5/6
f 2452/5/5 2460/5/5 2463/5/5 2459/5/5
f 2225/2/1 2237/2/1 2464/2/1 2465/2/1
f 2225/2/3 2465/2/3 2466/2/3 2226/2/3
f 2226/1/3 2466/1/3 2467/1/3 2229/1/3
f 2229/2/3 2467/2/3 2453/2/3 2233/2/3
f 2453/5/6 2468/5/6 2469/5/6 2454/5/6
f 2236/3/5 2457/3/5 2470/3/5 2242/3/5
f 2456/3/6 2471/3/6 2472/3/6 2458/3/6
f 2457/3/5 2459/3/5 2473/3/5 2470/3/5
f 2458/3/6 2472/3/6 2474/3/6 2462/3/6
f 2459/3/5 2463/3/5 2475/3/5 2473/3/5
f 2476/5/2 2477/5/2 2478/5/2 2479/5/2
f 2463/5/3 2462/5/3 2477/5/3 2476/5/3
f 2475/5/4 2479/5/4 2478/5/4 2474/5/4
f 2462/5/6 2474/5/6 2478/5/6 2477/5/6
f 2463/5/5 2476/5/5 2479/5/5 2475/5/5
f 2237/2/1 2243/2/1 2480/2/1 2464/2/1
f 2464/2/6 2480/2/6 2481/2/6 2482/2/6
f 2241/5/5 2240/5/5 2245/5/5 2244/5/5
f 2483/3/6 2484/3/6 2485/3/6 2471/3/6
f 2242/3/5 2470/3/5 2486/3/5 2246/3/5
f 2471/3/6 2485/3/6 2487/3/6 2472/3/6
f 2470/3/5 2473/3/5 2488/3/5 2486/3/5
f 2475/5/2 2474/5/2 2489/5/2 2490/5/2
f 2472/5/6 2487/5/6 2489/5/6 2474/5/6
f 2473/5/5 2475/5/5 2490/5/5 2488/5/5
f 2243/2/1 2247/2/1 2491/2/1 2480/2/1
f 2484/3/6 2492/3/6 2493/3/6 2485/3/6
f 2246/3/5 2486/3/5 2494/3/5 2248/3/5
f 2485/4/6 2493/4/6 2495/4/6 2487/4/6
f 2486/4/5 2488/4/5 2496/4/5 2494/4/5
f 2490/5/2 2489/5/2 2497/5/2 2498/5/2
f 2487/5/6 2495/5/6 2497/5/6 2489/5/6
f 2488/5/5 2490/5/5 2498/5/5 2496/5/5
f 2247/2/1 2249/2/1 2499/2/1 2491/2/1
f 2492/3/6 2500/3/6 2501/3/6 2493/3/6
f 2248/3/5 2494/3/5 2502/3/5 2253/3/5
f 2493/3/6 2501/3/6 2503/3/6 2495/3/6
f 2494/3/5 2496/3/5 2504/3/5 2502/3/5
f 2495/3/6 2503/3/6 2505/3/6 2497/3/6
f 2496/3/5 2498/3/5 2506/3/5 2504/3/5
f 2507/5/2 2508/5/2 2509/5/2 2510/5/2
f 2498/5/3 2497/5/3 2508/5/3 2507/5/3
f 2506/5/4 2510/5/4 2509/5/4 2505/5/4
f 2497/5/6 2505/5/6 2509/5/6 2508/5/6
f 2498/5/5 2507/5/5 2510/5/5 2506/5/5
f 2249/2/1 2254/2/1 2511/2/1 2499/2/1
f 2254/2/4 2255/2/4 2512/2/4 2511/2/4
f 2252/5/5 2251/5/5 2259/5/5 2257/5/5
f 2500/3/6 2513/3/6 2514/3/6 2501/3/6
f 2253/3/5 2502/3/5 2515/3/5 2260/3/5
f 2501/3/6 2514/3/6 2516/3/6 2503/3/6
f 2502/3/5 2504/3/5 2517/3/5 2515/3/5
f 2506/5/2 2505/5/2 2518/5/2 2519/5/2
f 2503/5/6 2516/5/6 2518/5/6 2505/5/6
f 2504/5/5 2506/5/5 2519/5/5 2517/5/5
f 2255/1/1 2520/1/1 2521/1/1 2512/1/1
f 2520/1/4 2522/1/4 2523/1/4 2521/1/4
f 2255/1/5 2256/1/5 2522/1/5 2520/1/5
f 2522/2/4 2524/2/4 2525/2/4 2523/2/4
f 2526/2/6 2523/2/6 2525/2/6 2527/2/6
f 2256/2/5 2257/2/5 2524/2/5 2522/2/5
f 2527/5/6 2525/5/6 2528/5/6 2529/5/6
f 2257/5/5 2259/5/5 2261/5/5 2524/5/5
f 2260/3/5 2515/3/5 2530/3/5 2262/3/5
f 2514/3/6 2531/3/6 2532/3/6 2516/3/6
f 2515/3/5 2517/3/5 2533/3/5 2530/3/5
f 2519/5/2 2518/5/2 2534/5/2 2535/5/2
f 2516/5/6 2532/5/6 2534/5/6 2518/5/6
f 2517/5/5 2519/5/5 2535/5/5 2533/5/5
f 2524/5/1 2536/5/1 2537/5/1 2525/5/1
f 2525/5/6 2537/5/6 2538/5/6 2528/5/6
f 2524/5/5 2261/5/5 2263/5/5 2536/5/5
f 2539/3/6 2540/3/6 2541/3/6 2531/3/6
f 2262/3/5 2530/3/5 2542/3/5 2264/3/5
f 2531/3/6 2541/3/6 2543/3/6 2532/3/6
f 2530/3/5 2533/3/5 2544/3/5 2542/3/5
f 2532/3/6 2543/3/6 2545/3/6 2534/3/6
f 2533/3/5 2535/3/5 2546/3/5 2544/3/5
f 2547/5/2 2548/5/2 2549/5/2 2550/5/2
f 2535/5/3 2534/5/3 2548/5/3 2547/5/3
f 2546/5/4 2550/5/4 2549/5/4 2545/5/4
f 2534/5/6 2545/5/6 2549/5/6 2548/5/6
f 2535/5/5 2547/5/5 2550/5/5 2546/5/5
f 2536/5/1 2551/5/1 2552/5/1 2537/5/1
f 2537/5/6 2552/5/6 2553/5/6 2538/5/6
f 2536/5/5 2263/5/5 2265/5/5 2551/5/5
f 2267/3/4 2266/3/4 2554/3/4 2555/3/4
f 2540/3/6 2556/3/6 2557/3/6 2541/3/6
f 2264/3/5 2542/3/5 2282/3/5 2271/3/5
f 2541/5/6 2557/5/6 2558/5/6 2543/5/6
f 2542/5/5 2544/5/5 2559/5/5 2282/5/5
f 2546/5/2 2545/5/2 2560/5/2 2561/5/2
f 2559/5/4 2561/5/4 2560/5/4 2558/5/4
f 2543/5/6 2558/5/6 2560/5/6 2545/5/6
f 2544/5/5 2546/5/5 2561/5/5 2559/5/5
f 2551/5/1 2562/5/1 2563/5/1 2552/5/1
f 2552/5/6 2563/5/6 2564/5/6 2553/5/6
f 2551/5/5 2265/5/5 2273/5/5 2562/5/5
f 2267/3/2 2555/3/2 2565/3/2 2272/3/2
f 2266/3/1 2274/3/1 2566/3/1 2554/3/1
f 2567/3/6 2568/3/6 2569/3/6 2570/3/6
f 2269/3/5 2268/3/5 2571/3/5 2281/3/5
f 2570/3/6 2569/3/6 2572/3/6 2573/3/6
f 2268/3/5 2270/3/5 2574/3/5 2571/3/5
f 2573/3/6 2572/3/6 2575/3/6 2556/3/6
f 2270/3/5 2271/3/5 2284/3/5 2574/3/5
f 2559/5/2 2558/5/2 2576/5/2 2577/5/2
f 2283/5/4 2577/5/4 2576/5/4 2578/5/4
f 2557/5/6 2578/5/6 2576/5/6 2558/5/6
f 2282/5/5 2559/5/5 2577/5/5 2283/5/5
f 2562/5/1 2579/5/1 2580/5/1 2563/5/1
f 2579/5/4 2581/5/4 2582/5/4 2580/5/4
f 2563/5/6 2580/5/6 2582/5/6 2564/5/6
f 2562/5/5 2273/5/5 2581/5/5 2579/5/5
f 2564/3/6 2582/3/6 2583/3/6 2565/3/6
f 2273/3/5 2272/3/5 2584/3/5 2581/3/5
f 2272/3/3 2565/3/3 2566/3/3 2274/3/3
f 2565/3/6 2583/3/6 2585/3/6 2566/3/6
f 2272/3/5 2274/3/5 2586/3/5 2584/3/5
f 2566/3/6 2585/3/6 2587/3/6 2588/3/6
f 2274/3/5 2275/3/5 2306/3/5 2586/3/5
f 2588/3/6 2587/3/6 2589/3/6 2590/3/6
f 2275/3/5 2276/3/5 2302/3/5 2306/3/5
f 2590/3/6 2589/3/6 2591/3/6 2592/3/6
f 2276/3/5 2277/3/5 2289/3/5 2302/3/5
f 2593/3/6 2594/3/6 2595/3/6 2596/3/6
f 2279/3/5 2278/3/5 2597/3/5 2298/3/5
f 2596/3/6 2595/3/6 2598/3/6 2599/3/6
f 2278/3/5 2280/3/5 2600/3/5 2597/3/5
f 2599/3/6 2598/3/6 2601/3/6 2568/3/6
f 2280/3/5 2281/3/5 2602/3/5 2600/3/5
f 2568/5/6 2601/5/6 2603/5/6 2569/5/6
f 2281/5/5 2571/5/5 2604/5/5 2602/5/5
f 2569/3/6 2603/3/6 2605/3/6 2572/3/6
f 2571/3/5 2574/3/5 2606/3/5 2604/3/5
f 2572/5/6 2605/5/6 2607/5/6 2575/5/6
f 2574/5/5 2284/5/5 2608/5/5 2606/5/5
f 2283/5/2 2578/5/2 2609/5/2 2610/5/2
f 2608/5/4 2610/5/4 2609/5/4 2607/5/4
f 2575/5/6 2607/5/6 2609/5/6 2578/5/6
f 2284/5/5 2283/5/5 2610/5/5 2608/5/5
f 2581/5/1 2611/5/1 2612/5/1 2582/5/1
f 2611/5/4 2613/5/4 2614/5/4 2612/5/4
f 2582/5/6 2612/5/6 2614/5/6 2583/5/6
f 2581/5/5 2584/5/5 2613/5/5 2611/5/5
f 2583/3/6 2614/3/6 2615/3/6 2585/3/6
f 2584/3/5 2586/3/5 2616/3/5 2613/3/5
f 2616/5/4 2305/5/4 2617/5/4 2615/5/4
f 2585/5/6 2615/5/6 2617/5/6 2587/5/6
f 2586/5/5 2306/5/5 2305/5/5 2616/5/5
f 2587/3/6 2617/3/6 2618/3/6 2589/3/6
f 2589/3/6 2618/3/6 2619/3/6 2591/3/6
f 2302/3/5 2289/3/5 2620/3/5 2303/3/5
f 2591/3/6 2619/3/6 2621/3/6 2622/3/6
f 2289/3/5 2290/3/5 2623/3/5 2620/3/5
f 2622/3/6 2621/3/6 2624/3/6 2625/3/6
f 2290/3/5 2291/3/5 2626/3/5 2623/3/5
f 2625/3/6 2624/3/6 2627/3/6 2628/3/6
f 2291/3/5 2292/3/5 2629/3/5 2626/3/5
f 2628/3/6 2627/3/6 2630/3/6 2631/3/6
f 2292/3/5 2293/3/5 2307/3/5 2629/3/5
f 2295/3/5 2294/3/5 2632/3/5 2309/3/5
f 2633/3/6 2634/3/6 2635/3/6 2636/3/6
f 2294/3/5 2296/3/5 2637/3/5 2632/3/5
f 2636/3/6 2635/3/6 2638/3/6 2639/3/6
f 2296/3/5 2297/3/5 2640/3/5 2637/3/5
f 2639/3/6 2638/3/6 2641/3/6 2594/3/6
f 2297/3/5 2298/3/5 2642/3/5 2640/3/5
f 2594/5/6 2641/5/6 2643/5/6 2595/5/6
f 2298/5/5 2597/5/5 2644/5/5 2642/5/5
f 2595/3/6 2643/3/6 2645/3/6 2598/3/6
f 2597/3/5 2600/3/5 2646/3/5 2644/3/5
f 2598/5/6 2645/5/6 2647/5/6 2601/5/6
f 2600/5/5 2602/5/5 2648/5/5 2646/5/5
f 2648/5/4 2649/5/4 2650/5/4 2647/5/4
f 2601/5/6 2647/5/6 2650/5/6 2603/5/6
f 2602/5/5 2604/5/5 2649/5/5 2648/5/5
f 2603/3/6 2650/3/6 2651/3/6 2605/3/6
f 2604/3/5 2606/3/5 2652/3/5 2649/3/5
f 2608/5/2 2607/5/2 2653/5/2 2654/5/2
f 2652/5/4 2654/5/4 2653/5/4 2651/5/4
f 2605/5/6 2651/5/6 2653/5/6 2607/5/6
f 2606/5/5 2608/5/5 2654/5/5 2652/5/5
f 2616/5/2 2615/5/2 2655/5/2 2656/5/2
f 2613/5/1 2657/5/1 2658/5/1 2614/5/1
f 2657/5/4 2656/5/4 2655/5/4 2658/5/4
f 2614/5/6 2658/5/6 2655/5/6 2615/5/6
f 2613/5/5 2616/5/5 2656/5/5 2657/5/5
f 2305/5/1 2659/5/1 2660/5/1 2617/5/1
f 2659/5/4 2661/5/4 2662/5/4 2660/5/4
f 2305/5/5 2303/5/5 2661/5/5 2659/5/5
f 2618/3/6 2662/3/6 2663/3/6 2619/3/6
f 2303/3/5 2620/3/5 2664/3/5 2661/3/5
f 2664/5/4 2665/5/4 2666/5/4 2663/5/4
f 2619/5/6 2663/5/6 2666/5/6 2621/5/6
f 2620/5/5 2623/5/5 2665/5/5 2664/5/5
f 2621/5/6 2666/5/6 2667/5/6 2624/5/6
f 2623/5/5 2626/5/5 2668/5/5 2665/5/5
f 2624/3/6 2667/3/6 2669/3/6 2627/3/6
f 2626/3/5 2629/3/5 2670/3/5 2668/3/5
f 2627/5/6 2669/5/6 2671/5/6 2630/5/6
f 2629/5/5 2307/5/5 2672/5/5 2670/5/5
f 2630/5/6 2671/5/6 2673/5/6 2674/5/6
f 2307/5/5 2308/5/5 2675/5/5 2672/5/5
f 2674/3/6 2673/3/6 2676/3/6 2677/3/6
f 2308/3/5 2309/3/5 2678/3/5 2675/3/5
f 2677/5/6 2676/5/6 2679/5/6 2634/5/6
f 2309/5/5 2632/5/5 2680/5/5 2678/5/5
f 2632/5/5 2637/5/5 2681/5/5 2680/5/5
f 2635/3/6 2682/3/6 2683/3/6 2638/3/6
f 2637/3/5 2640/3/5 2684/3/5 2681/3/5
f 2638/5/6 2683/5/6 2685/5/6 2641/5/6
f 2640/5/5 2642/5/5 2686/5/5 2684/5/5
f 2686/5/4 2687/5/4 2688/5/4 2685/5/4
f 2641/5/6 2685/5/6 2688/5/6 2643/5/6
f 2642/5/5 2644/5/5 2687/5/5 2686/5/5
f 2643/3/6 2688/3/6 2689/3/6 2645/3/6
f 2644/3/5 2646/3/5 2690/3/5 2687/3/5
f 2648/5/2 2647/5/2 2691/5/2 2692/5/2
f 2690/5/4 2692/5/4 2691/5/4 2689/5/4
f 2645/5/6 2689/5/6 2691/5/6 2647/5/6
f 2646/5/5 2648/5/5 2692/5/5 2690/5/5
f 2652/5/2 2651/5/2 2693/5/2 2694/5/2
f 2649/5/1 2695/5/1 2696/5/1 2650/5/1
f 2695/5/4 2694/5/4 2693/5/4 2696/5/4
f 2650/5/6 2696/5/6 2693/5/6 2651/5/6
f 2649/5/5 2652/5/5 2694/5/5 2695/5/5
f 2664/5/2 2663/5/2 2697/5/2 2698/5/2
f 2661/5/1 2699/5/1 2700/5/1 2662/5/1
f 2699/5/4 2698/5/4 2697/5/4 2700/5/4
f 2662/5/6 2700/5/6 2697/5/6 2663/5/6
f 2661/5/5 2664/5/5 2698/5/5 2699/5/5
f 2665/5/1 2701/5/1 2702/5/1 2666/5/1
f 2701/5/4 2703/5/4 2704/5/4 2702/5/4
f 2666/5/6 2702/5/6 2704/5/6 2667/5/6
f 2665/5/5 2668/5/5 2703/5/5 2701/5/5
f 2667/3/6 2704/3/6 2705/3/6 2669/3/6
f 2668/3/5 2670/3/5 2706/3/5 2703/3/5
f 2706/5/4 2707/5/4 2708/5/4 2705/5/4
f 2669/5/6 2705/5/6 2708/5/6 2671/5/6
f 2670/5/5 2672/5/5 2707/5/5 2706/5/5
f 2707/5/4 2709/5/4 2710/5/4 2708/5/4
f 2671/5/6 2708/5/6 2710/5/6 2673/5/6
f 2672/5/5 2675/5/5 2709/5/5 2707/5/5
f 2673/3/6 2710/3/6 2711/3/6 2676/3/6
f 2675/3/5 2678/3/5 2712/3/5 2709/3/5
f 2712/5/4 2713/5/4 2714/5/4 2711/5/4
f 2676/5/6 2711/5/6 2714/5/6 2679/5/6
f 2678/5/5 2680/5/5 2713/5/5 2712/5/5
f 2713/5/4 2715/5/4 2716/5/4 2714/5/4
f 2679/5/6 2714/5/6 2716/5/6 2682/5/6
f 2680/5/5 2681/5/5 2715/5/5 2713/5/5
f 2682/3/6 2716/3/6 2717/3/6 2683/3/6
f 2681/3/5 2684/3/5 2718/3/5 2715/3/5
f 2686/5/2 2685/5/2 2719/5/2 2720/5/2
f 2718/5/4 2720/5/4 2719/5/4 2717/5/4
f 2683/5/6 2717/5/6 2719/5/6 2685/5/6
f 2684/5/5 2686/5/5 2720/5/5 2718/5/5
f 2690/5/2 2689/5/2 2721/5/2 2722/5/2
f 2687/5/1 2723/5/1 2724/5/1 2688/5/1
f 2723/5/4 2722/5/4 2721/5/4 2724/5/4
f 2688/5/6 2724/5/6 2721/5/6 2689/5/6
f 2687/5/5 2690/5/5 2722/5/5 2723/5/5
f 2706/5/2 2705/5/2 2725/5/2 2726/5/2
f 2703/5/1 2727/5/1 2728/5/1 2704/5/1
f 2727/5/4 2726/5/4 2725/5/4 2728/5/4
f 2704/5/6 2728/5/6 2725/5/6 2705/5/6
f 2703/5/5 2706/5/5 2726/5/5 2727/5/5
f 2712/5/2 2711/5/2 2729/5/2 2730/5/2
f 2709/5/1 2731/5/1 2732/5/1 2710/5/1
f 2731/5/4 2730/5/4 2729/5/4 2732/5/4
f 2710/5/6 2732/5/6 2729/5/6 2711/5/6
f 2709/5/5 2712/5/5 2730/5/5 2731/5/5
f 2718/5/2 2717/5/2 2733/5/2 2734/5/2
f 2715/5/1 2735/5/1 2736/5/1 2716/5/1
f 2735/5/4 2734/5/4 2733/5/4 2736/5/4
f 2716/5/6 2736/5/6 2733/5/6 2717/5/6
f 2715/5/5 2718/5/5 2734/5/5 2735/5/5
f 2737/2/2 2738/2/2 2739/2/2 2324/2/2
f 2740/2/1 2330/2/1 2741/2/1 2742/2/1
f 2740/2/3 2742/2/3 2738/2/3 2737/2/3
f 2742/2/6 2741/2/6 2739/2/6 2738/2/6
f 2740/2/5 2737/2/5 2324/2/5 2330/2/5
f 2311/3/1 2310/3/1 2743/3/1 2744/3/1
f 2311/3/3 2744/3/3 2745/3/3 2312/3/3
f 2312/3/3 2745/3/3 2746/3/3 2313/3/3
f 2313/6/3 2746/6/3 2747/6/3 2314/6/3
f 2316/6/4 2315/6/4 2748/6/4 2749/6/4
f 2314/6/3 2747/6/3 2750/6/3 2317/6/3
f 2315/6/4 2318/6/4 2751/6/4 2748/6/4
f 2317/6/3 2750/6/3 2752/6/3 2319/6/3
f 2750/6/6 2751/6/6 2753/6/6 2752/6/6
f 2321/3/2 2754/3/2 2755/3/2 2322/3/2
f 2319/3/3 2752/3/3 2754/3/3 2321/3/3
f 2324/1/2 2739/1/2 2756/1/2 2325/1/2
f 2330/1/1 2329/1/1 2757/1/1 2741/1/1
f 2329/1/4 2325/1/4 2756/1/4 2757/1/4
f 2741/1/6 2757/1/6 2756/1/6 2739/1/6
f 2310/3/1 2331/3/1 2758/3/1 2743/3/1
f 2316/3/2 2749/3/2 2759/3/2 2332/3/2
f 2318/3/1 2760/3/1 2761/3/1 2751/3/1
f 2760/3/4 2762/3/4 2763/3/4 2761/3/4
f 2318/3/5 2320/3/5 2762/3/5 2760/3/5
f 2322/3/2 2755/3/2 2764/3/2 2336/3/2
f 2762/3/4 2336/3/4 2764/3/4 2763/3/4
f 2320/3/5 2322/3/5 2336/3/5 2762/3/5
f 2331/3/1 2341/3/1 2765/3/1 2758/3/1
f 2332/3/2 2759/3/2 2766/3/2 2342/3/2
f 2335/3/2 2767/3/2 2768/3/2 2348/3/2
f 2336/3/1 2343/3/1 2769/3/1 2764/3/1
f 2336/3/3 2764/3/3 2767/3/3 2335/3/3
f 2764/3/6 2769/3/6 2768/3/6 2767/3/6
f 2341/3/1 2351/3/1 2770/3/1 2765/3/1
f 2351/3/4 2352/3/4 2771/3/4 2770/3/4
f 2342/3/2 2766/3/2 2772/3/2 2353/3/2
f 2348/3/2 2768/3/2 2773/3/2 2355/3/2
f 2343/3/1 2354/3/1 2774/3/1 2769/3/1
f 2769/3/6 2774/3/6 2773/3/6 2768/3/6
f 2775/3/1 2381/3/1 2776/3/1 2777/3/1
f 2775/3/3 2777/3/3 2778/3/3 2367/3/3
f 2777/3/6 2776/3/6 2779/3/6 2778/3/6
f 2775/3/5 2367/3/5 2366/3/5 2381/3/5
f 2364/3/2 2780/3/2 2781/3/2 2365/3/2
f 2367/3/3 2778/3/3 2780/3/3 2364/3/3
f 2778/3/6 2779/3/6 2781/3/6 2780/3/6
f 2353/3/2 2772/3/2 2782/3/2 2368/3/2
f 2352/3/1 2369/3/1 2783/3/1 2771/3/1
f 2369/3/4 2368/3/4 2782/3/4 2783/3/4
f 2371/3/1 2370/3/1 2784/3/1 2785/3/1
f 2371/3/3 2785/3/3 2786/3/3 2372/3/3
f 2372/3/3 2786/3/3 2774/3/3 2354/3/3
f 2355/3/2 2773/3/2 2787/3/2 2375/3/2
f 2394/3/4 2375/3/4 2787/3/4 2788/3/4
f 2774/3/6 2788/3/6 2787/3/6 2773/3/6
f 2789/3/2 2790/3/2 2791/3/2 2401/3/2
f 2792/3/1 2404/3/1 2793/3/1 2794/3/1
f 2792/3/3 2794/3/3 2790/3/3 2789/3/3
f 2794/3/6 2793/3/6 2791/3/6 2790/3/6
f 2792/3/5 2789/3/5 2401/3/5 2404/3/5
f 2795/4/1 2406/4/1 2796/4/1 2797/4/1
f 2795/4/3 2797/4/3 2798/4/3 2799/4/3
f 2797/4/6 2796/4/6 2800/4/6 2798/4/6
f 2795/4/5 2799/4/5 2407/4/5 2406/4/5
f 2799/3/3 2798/3/3 2801/3/3 2379/3/3
f 2798/3/6 2800/3/6 2802/3/6 2801/3/6
f 2799/3/5 2379/3/5 2378/3/5 2407/3/5
f 2379/3/3 2801/3/3 2803/3/3 2380/3/3
f 2801/3/6 2802/3/6 2804/3/6 2803/3/6
f 2380/3/3 2803/3/3 2776/3/3 2381/3/3
f 2803/3/6 2804/3/6 2805/3/6 2776/3/6
f 2365/3/3 2781/3/3 2806/3/3 2382/3/3
f 2781/3/6 2807/3/6 2808/3/6 2806/3/6
f 2382/3/3 2806/3/3 2809/3/3 2383/3/3
f 2383/4/3 2809/4/3 2810/4/3 2384/4/3
f 2385/4/2 2811/4/2 2812/4/2 2390/4/2
f 2384/4/3 2810/4/3 2811/4/3 2385/4/3
f 2810/4/6 2813/4/6 2812/4/6 2811/4/6
f 2368/3/1 2391/3/1 2814/3/1 2782/3/1
f 2368/3/3 2782/3/3 2815/3/3 2392/3/3
f 2392/3/3 2815/3/3 2784/3/3 2370/3/3
f 2784/3/6 2816/3/6 2817/3/6 2818/3/6
f 2394/3/2 2788/3/2 2819/3/2 2395/3/2
f 2417/3/4 2395/3/4 2819/3/4 2817/3/4
f 2818/3/6 2817/3/6 2819/3/6 2788/3/6
f 2820/4/1 2432/4/1 2821/4/1 2822/4/1
f 2820/4/3 2822/4/3 2793/4/3 2404/4/3
f 2822/4/6 2821/4/6 2823/4/6 2793/4/6
f 2820/4/5 2404/4/5 2403/4/5 2432/4/5
f 2401/3/3 2791/3/3 2796/3/3 2406/3/3
f 2791/3/6 2824/3/6 2825/3/6 2796/3/6
f 2401/3/5 2406/3/5 2405/3/5 2402/3/5
f 2390/3/3 2812/3/3 2826/3/3 2388/3/3
f 2408/3/2 2827/3/2 2828/3/2 2412/3/2
f 2388/3/3 2826/3/3 2827/3/3 2408/3/3
f 2826/3/6 2829/3/6 2828/3/6 2827/3/6
f 2391/3/1 2414/3/1 2830/3/1 2814/3/1
f 2814/3/6 2830/3/6 2831/3/6 2832/3/6
f 2832/3/6 2831/3/6 2833/3/6 2816/3/6
f 2417/3/2 2817/3/2 2834/3/2 2416/3/2
f 2816/3/6 2833/3/6 2834/3/6 2817/3/6
f 2393/5/1 2418/5/1 2835/5/1 2836/5/1
f 2393/5/3 2836/5/3 2837/5/3 2419/5/3
f 2418/5/4 2420/5/4 2838/5/4 2835/5/4
f 2836/5/6 2835/5/6 2838/5/6 2837/5/6
f 2419/5/3 2837/5/3 2839/5/3 2421/5/3
f 2420/5/4 2422/5/4 2840/5/4 2838/5/4
f 2841/5/2 2842/5/2 2843/5/2 2844/5/2
f 2421/5/3 2839/5/3 2842/5/3 2841/5/3
f 2422/5/4 2844/5/4 2843/5/4 2840/5/4
f 2421/5/5 2841/5/5 2844/5/5 2422/5/5
f 2427/4/1 2428/4/1 2845/4/1 2846/4/1
f 2427/4/3 2846/4/3 2847/4/3 2429/4/3
f 2429/4/3 2847/4/3 2821/4/3 2432/4/3
f 2429/4/5 2432/4/5 2431/4/5 2430/4/5
f 2412/3/3 2828/3/3 2848/3/3 2413/3/3
f 2413/3/3 2848/3/3 2830/3/3 2414/3/3
f 2848/3/6 2849/3/6 2850/3/6 2830/3/6
f 2830/3/6 2850/3/6 2851/3/6 2831/3/6
f 2831/3/6 2851/3/6 2852/3/6 2833/3/6
f 2416/5/2 2834/5/2 2853/5/2 2433/5/2
f 2428/4/1 2436/4/1 2854/4/1 2845/4/1
f 2433/3/2 2853/3/2 2855/3/2 2438/3/2
f 2447/3/4 2438/3/4 2855/3/4 2856/3/4
f 2436/3/1 2446/3/1 2857/3/1 2854/3/1
f 2447/3/2 2856/3/2 2858/3/2 2448/3/2
f 2859/1/2 2860/1/2 2861/1/2 2466/1/2
f 2862/1/1 2465/1/1 2863/1/1 2864/1/1
f 2862/1/3 2864/1/3 2860/1/3 2859/1/3
f 2862/1/5 2859/1/5 2466/1/5 2465/1/5
f 2446/3/1 2454/3/1 2865/3/1 2857/3/1
f 2448/3/2 2858/3/2 2866/3/2 2455/3/2
f 2465/1/1 2464/1/1 2867/1/1 2863/1/1
f 2464/1/4 2482/1/4 2868/1/4 2867/1/4
f 2466/1/3 2861/1/3 2869/1/3 2467/1/3
f 2861/1/6 2868/1/6 2870/1/6 2869/1/6
f 2453/2/2 2871/2/2 2872/2/2 2468/2/2
f 2467/2/3 2869/2/3 2871/2/3 2453/2/3
f 2869/2/6 2870/2/6 2872/2/6 2871/2/6
f 2454/3/1 2469/3/1 2873/3/1 2865/3/1
f 2456/4/2 2874/4/2 2875/4/2 2471/4/2
f 2455/4/3 2866/4/3 2874/4/3 2456/4/3
f 2483/4/4 2471/4/4 2875/4/4 2876/4/4
f 2482/2/1 2481/2/1 2877/2/1 2868/2/1
f 2468/2/3 2872/2/3 2873/2/3 2469/2/3
f 2872/2/6 2878/2/6 2879/2/6 2873/2/6
f 2483/3/2 2876/3/2 2880/3/2 2484/3/2
f 2480/2/1 2491/2/1 2881/2/1 2882/2/1
f 2480/2/3 2882/2/3 2877/2/3 2481/2/3
f 2878/2/6 2883/2/6 2884/2/6 2879/2/6
f 2484/3/2 2880/3/2 2885/3/2 2492/3/2
f 2491/2/1 2499/2/1 2886/2/1 2881/2/1
f 2492/4/2 2885/4/2 2887/4/2 2500/4/2
f 2499/2/1 2511/2/1 2888/2/1 2886/2/1
f 2526/2/4 2527/2/4 2889/2/4 2890/2/4
f 2891/2/6 2890/2/6 2889/2/6 2892/2/6
f 2527/2/4 2529/2/4 2893/2/4 2889/2/4
f 2892/2/6 2889/2/6 2893/2/6 2894/2/6
f 2500/3/2 2887/3/2 2895/3/2 2513/3/2
f 2511/2/1 2896/2/1 2897/2/1 2888/2/1
f 2896/2/4 2521/2/4 2898/2/4 2897/2/4
f 2511/2/5 2512/2/5 2521/2/5 2896/2/5
f 2526/1/2 2890/1/2 2899/1/2 2523/1/2
f 2521/1/4 2523/1/4 2899/1/4 2898/1/4
f 2900/1/6 2898/1/6 2899/1/6 2890/1/6
f 2529/3/1 2528/3/1 2901/3/1 2893/3/1
f 2514/3/2 2902/3/2 2903/3/2 2531/3/2
f 2513/3/3 2895/3/3 2902/3/3 2514/3/3
f 2539/3/4 2531/3/4 2903/3/4 2904/3/4
f 2528/3/1 2538/3/1 2905/3/1 2901/3/1
f 2539/3/2 2904/3/2 2906/3/2 2540/3/2
f 2538/3/1 2553/3/1 2907/3/1 2905/3/1
f 2555/4/4 2554/4/4 2908/4/4 2909/4/4
f 2567/4/4 2570/4/4 2910/4/4 2911/4/4
f 2570/4/4 2573/4/4 2912/4/4 2910/4/4
f 2540/3/2 2906/3/2 2913/3/2 2556/3/2
f 2573/3/4 2556/3/4 2913/3/4 2912/3/4
f 2555/3/2 2909/3/2 2914/3/2 2565/3/2
f 2553/3/1 2564/3/1 2915/3/1 2907/3/1
f 2564/3/4 2565/3/4 2914/3/4 2915/3/4
f 2554/4/1 2566/4/1 2916/4/1 2908/4/1
f 2566/4/4 2588/4/4 2917/4/4 2916/4/4
f 2588/4/4 2590/4/4 2918/4/4 2917/4/4
f 2590/3/4 2592/3/4 2919/3/4 2918/3/4
f 2593/3/4 2596/3/4 2920/3/4 2921/3/4
f 2596/3/4 2599/3/4 2922/3/4 2920/3/4
f 2567/3/2 2911/3/2 2923/3/2 2568/3/2
f 2599/3/4 2568/3/4 2923/3/4 2922/3/4
f 2557/3/2 2924/3/2 2925/3/2 2578/3/2
f 2556/3/1 2575/3/1 2926/3/1 2913/3/1
f 2556/3/3 2913/3/3 2924/3/3 2557/3/3
f 2575/3/4 2578/3/4 2925/3/4 2926/3/4
f 2592/3/1 2591/3/1 2927/3/1 2919/3/1
f 2591/3/4 2622/3/4 2928/3/4 2927/3/4
f 2622/3/4 2625/3/4 2929/3/4 2928/3/4
f 2625/4/4 2628/4/4 2930/4/4 2929/4/4
f 2628/4/4 2631/4/4 2931/4/4 2930/4/4
f 2633/3/4 2636/3/4 2932/3/4 2933/3/4
f 2636/3/4 2639/3/4 2934/3/4 2932/3/4
f 2593/3/2 2921/3/2 2935/3/2 2594/3/2
f 2639/3/4 2594/3/4 2935/3/4 2934/3/4
f 2631/3/1 2630/3/1 2936/3/1 2931/3/1
f 2630/3/4 2674/3/4 2937/3/4 2936/3/4
f 2674/3/4 2677/3/4 2938/3/4 2937/3/4
f 2633/3/2 2933/3/2 2939/3/2 2634/3/2
f 2677/3/4 2634/3/4 2939/3/4 2938/3/4
f 2618/3/2 2940/3/2 2941/3/2 2662/3/2
f 2617/3/1 2660/3/1 2942/3/1 2943/3/1
f 2617/3/3 2943/3/3 2940/3/3 2618/3/3
f 2660/3/4 2662/3/4 2941/3/4 2942/3/4
f 2943/3/6 2942/3/6 2941/3/6 2940/3/6
f 2635/3/2 2944/3/2 2945/3/2 2682/3/2
f 2634/3/1 2679/3/1 2946/3/1 2939/3/1
f 2634/3/3 2939/3/3 2944/3/3 2635/3/3
f 2679/3/4 2682/3/4 2945/3/4 2946/3/4
f 2947/6/1 2948/6/1 2949/6/1 2950/6/1
f 2947/6/3 2950/6/3 2951/6/3 2952/6/3
f 2948/6/4 2953/6/4 2954/6/4 2949/6/4
f 2950/6/6 2949/6/6 2954/6/6 2951/6/6
f 2947/6/5 2952/6/5 2953/6/5 2948/6/5
f 2952/6/3 2951/6/3 2955/6/3 2956/6/3
f 2953/6/4 2957/6/4 2958/6/4 2954/6/4
f 2951/6/6 2954/6/6 2958/6/6 2955/6/6
f 2952/6/5 2956/6/5 2957/6/5 2953/6/5
f 2956/6/3 2955/6/3 2959/6/3 2744/6/3
f 2955/6/6 2958/6/6 2960/6/6 2959/6/6
f 2956/6/5 2744/6/5 2743/6/5 2957/6/5
f 2744/4/3 2959/4/3 2961/4/3 2745/4/3
f 2959/4/6 2960/4/6 2962/4/6 2961/4/6
f 2745/3/3 2961/3/3 2963/3/3 2746/3/3
f 2961/3/6 2962/3/6 2964/3/6 2963/3/6
f 2746/3/3 2963/3/3 2965/3/3 2747/3/3
f 2749/3/4 2748/3/4 2966/3/4 2964/3/4
f 2963/3/6 2964/3/6 2966/3/6 2965/3/6
f 2750/6/2 2967/6/2 2968/6/2 2751/6/2
f 2747/6/3 2965/6/3 2967/6/3 2750/6/3
f 2965/6/6 2966/6/6 2968/6/6 2967/6/6
f 2752/5/1 2753/5/1 2969/5/1 2970/5/1
f 2752/5/3 2970/5/3 2971/5/3 2754/5/3
f 2972/5/2 2973/5/2 2974/5/2 2975/5/2
f 2754/5/3 2971/5/3 2973/5/3 2972/5/3
f 2755/5/4 2975/5/4 2974/5/4 2976/5/4
f 2754/5/5 2972/5/5 2975/5/5 2755/5/5
f 2957/3/1 2977/3/1 2978/3/1 2958/3/1
f 2977/3/4 2758/3/4 2979/3/4 2978/3/4
f 2958/3/6 2978/3/6 2979/3/6 2960/3/6
f 2957/3/5 2743/3/5 2758/3/5 2977/3/5
f 2960/3/6 2979/3/6 2980/3/6 2962/3/6
f 2749/3/2 2964/3/2 2981/3/2 2759/3/2
f 2962/3/6 2980/3/6 2981/3/6 2964/3/6
f 2748/6/1 2982/6/1 2983/6/1 2966/6/1
f 2966/6/6 2983/6/6 2984/6/6 2968/6/6
f 2748/6/5 2751/6/5 2761/6/5 2982/6/5
f 2751/3/3 2968/3/3 2969/3/3 2753/3/3
f 2968/3/6 2984/3/6 2985/3/6 2969/3/6
f 2755/3/2 2976/3/2 2986/3/2 2764/3/2
f 2969/3/6 2985/3/6 2986/3/6 2976/3/6
f 2758/3/1 2765/3/1 2987/3/1 2979/3/1
f 2979/3/6 2987/3/6 2988/3/6 2980/3/6
f 2759/3/2 2981/3/2 2989/3/2 2766/3/2
f 2980/3/6 2988/3/6 2989/3/6 2981/3/6
f 2982/6/1 2990/6/1 2991/6/1 2983/6/1
f 2982/6/5 2761/6/5 2992/6/5 2990/6/5
f 2984/3/6 2993/3/6 2994/3/6 2985/3/6
f 2761/3/5 2763/3/5 2995/3/5 2992/3/5
f 2764/4/2 2986/4/2 2996/4/2 2769/4/2
f 2985/4/6 2994/4/6 2996/4/6 2986/4/6
f 2763/4/5 2764/4/5 2769/4/5 2995/4/5
f 2765/3/1 2770/3/1 2997/3/1 2987/3/1
f 2770/3/4 2771/3/4 2998/3/4 2997/3/4
f 2987/3/6 2997/3/6 2998/3/6 2988/3/6
f 2766/3/2 2989/3/2 2999/3/2 2772/3/2
f 2988/3/6 2998/3/6 2999/3/6 2989/3/6
f 2990/3/1 3000/3/1 3001/3/1 2991/3/1
f 2990/3/5 2992/3/5 2785/3/5 3000/3/5
f 2993/3/6 3002/3/6 3003/3/6 2994/3/6
f 2992/3/5 2995/3/5 2786/3/5 2785/3/5
f 2769/3/2 2996/3/2 3004/3/2 2774/3/2
f 2994/3/6 3003/3/6 3004/3/6 2996/3/6
f 2995/3/5 2769/3/5 2774/3/5 2786/3/5
f 2771/3/1 2783/3/1 3005/3/1 2998/3/1
f 2783/3/4 2782/3/4 3006/3/4 3005/3/4
f 2998/3/6 3005/3/6 3006/3/6 2999/3/6
f 2772/3/3 2999/3/3 3001/3/3 3000/3/3
f 2772/3/5 3000/3/5 2815/3/5 2782/3/5
f 3000/3/5 2785/3/5 2784/3/5 2815/3/5
f 2784/3/4 2818/3/4 3007/3/4 3008/3/4
f 3002/3/6 3008/3/6 3007/3/6 3003/3/6
f 2774/3/2 3004/3/2 3009/3/2 2788/3/2
f 2818/3/4 2788/3/4 3009/3/4 3007/3/4
f 3003/3/6 3007/3/6 3009/3/6 3004/3/6
f 2776/3/1 2805/3/1 3010/3/1 3011/3/1
f 2776/3/3 3011/3/3 3012/3/3 2779/3/3
f 2781/3/2 3013/3/2 3014/3/2 2807/3/2
f 2779/3/3 3012/3/3 3013/3/3 2781/3/3
f 2806/3/1 2808/3/1 3015/3/1 3016/3/1
f 2806/3/3 3016/3/3 3017/3/3 2809/3/3
f 2810/4/2 3018/4/2 3019/4/2 2813/4/2
f 2809/4/3 3017/4/3 3018/4/3 2810/4/3
f 2782/3/1 2814/3/1 3020/3/1 3006/3/1
f 2814/3/4 2832/3/4 3021/3/4 3020/3/4
f 3006/3/6 3020/3/6 3021/3/6 3022/3/6
f 2784/6/2 3008/6/2 3023/6/2 2816/6/2
f 2832/6/4 2816/6/4 3023/6/4 3021/6/4
f 3022/6/6 3021/6/6 3023/6/6 3008/6/6
f 2791/3/2 3024/3/2 3025/3/2 2824/3/2
f 2793/3/1 2823/3/1 3026/3/1 3027/3/1
f 2793/3/3 3027/3/3 3024/3/3 2791/3/3
f 2796/3/1 2825/3/1 3028/3/1 3029/3/1
f 2796/3/3 3029/3/3 3030/3/3 2800/3/3
f 2800/3/3 3030/3/3 3031/3/3 2802/3/3
f 2802/3/3 3031/3/3 3032/3/3 2804/3/3
f 2804/3/3 3032/3/3 3010/3/3 2805/3/3
f 2807/3/3 3014/3/3 3015/3/3 2808/3/3
f 2813/3/3 3019/3/3 3033/3/3 2812/3/3
f 2826/3/2 3034/3/2 3035/3/2 2829/3/2
f 2812/3/3 3033/3/3 3034/3/3 2826/3/3
f 2837/5/1 2838/5/1 3036/5/1 3037/5/1
f 2837/5/3 3037/5/3 3038/5/3 2839/5/3
f 2838/5/4 2840/5/4 3039/5/4 3036/5/4
f 3037/5/6 3036/5/6 3039/5/6 3038/5/6
f 2839/5/3 3038/5/3 3040/5/3 2842/5/3
f 2840/5/4 2843/5/4 3041/5/4 3039/5/4
f 3042/5/2 3043/5/2 3044/5/2 3045/5/2
f 2842/5/3 3040/5/3 3043/5/3 3042/5/3
f 2843/5/4 3045/5/4 3044/5/4 3041/5/4
f 2842/5/5 3042/5/5 3045/5/5 2843/5/5
f 2846/3/1 2845/3/1 3046/3/1 3047/3/1
f 2846/3/3 3047/3/3 3048/3/3 2847/3/3
f 2847/3/3 3048/3/3 3049/3/3 2821/3/3
f 2821/4/3 3049/4/3 3026/4/3 2823/4/3
f 2824/3/3 3025/3/3 3028/3/3 2825/3/3
f 2829/3/3 3035/3/3 3050/3/3 2828/3/3
f 2848/3/2 3051/3/2 3052/3/2 2849/3/2
f 2828/3/3 3050/3/3 3051/3/3 2848/3/3
f 2833/5/1 2852/5/1 3053/5/1 3054/5/1
f 2833/5/3 3054/5/3 3055/5/3 2834/5/3
f 3056/5/2 3057/5/2 3058/5/2 3059/5/2
f 2834/5/3 3055/5/3 3057/5/3 3056/5/3
f 2853/5/4 3059/5/4 3058/5/4 3060/5/4
f 2834/5/5 3056/5/5 3059/5/5 2853/5/5
f 3061/2/2 3062/2/2 3063/2/2 3064/2/2
f 3065/2/1 3066/2/1 3067/2/1 3068/2/1
f 3065/2/3 3068/2/3 3062/2/3 3061/2/3
f 3065/2/5 3061/2/5 3064/2/5 3066/2/5
f 2845/3/1 2854/3/1 3069/3/1 3046/3/1
f 2849/3/3 3052/3/3 3070/3/3 2850/3/3
f 2850/3/3 3070/3/3 3071/3/3 2851/3/3
f 2851/3/3 3071/3/3 3053/3/3 2852/3/3
f 2853/3/2 3060/3/2 3072/3/2 2855/3/2
f 2856/3/4 2855/3/4 3072/3/4 3073/3/4
f 3064/2/2 3063/2/2 3074/2/2 2860/2/2
f 3066/2/1 2864/2/1 3075/2/1 3067/2/1
f 3067/2/6 3075/2/6 3074/2/6 3063/2/6
f 3066/2/5 3064/2/5 2860/2/5 2864/2/5
f 2854/3/1 2857/3/1 3076/3/1 3069/3/1
f 2856/4/2 3073/4/2 3077/4/2 2858/4/2
f 2860/2/2 3074/2/2 3078/2/2 2861/2/2
f 2864/2/1 2863/2/1 3079/2/1 3075/2/1
f 3075/2/6 3079/2/6 3078/2/6 3074/2/6
f 2857/3/1 2865/3/1 3080/3/1 3076/3/1
f 2858/3/2 3077/3/2 3081/3/2 2866/3/2
f 2861/1/2 3078/1/2 3082/1/2 2868/1/2
f 2863/1/1 2867/1/1 3083/1/1 3079/1/1
f 3079/1/6 3083/1/6 3082/1/6 3078/1/6
f 2865/3/1 2873/3/1 3084/3/1 3080/3/1
f 2874/3/2 3085/3/2 3086/3/2 2875/3/2
f 2866/3/3 3081/3/3 3085/3/3 2874/3/3
f 2876/3/4 2875/3/4 3086/3/4 3087/3/4
f 2867/2/1 2882/2/1 3088/2/1 3083/2/1
f 2867/2/5 2868/2/5 2877/2/5 2882/2/5
f 2868/2/3 3082/2/3 3089/2/3 2870/2/3
f 3082/2/6 3090/2/6 3091/2/6 3089/2/6
f 2872/2/2 3092/2/2 3093/2/2 2878/2/2
f 2870/2/3 3089/2/3 3092/2/3 2872/2/3
f 2873/3/1 2879/3/1 3094/3/1 3084/3/1
f 2876/3/2 3087/3/2 3095/3/2 2880/3/2
f 2882/2/1 2881/2/1 3096/2/1 3088/2/1
f 3088/2/6 3096/2/6 3097/2/6 3090/2/6
f 3090/2/6 3097/2/6 3098/2/6 3091/2/6
f 2878/2/2 3093/2/2 3099/2/2 2883/2/2
f 2879/3/1 2884/3/1 3100/3/1 3094/3/1
f 2880/3/2 3095/3/2 3101/3/2 2885/3/2
f 2881/2/1 2886/2/1 3102/2/1 3096/2/1
f 3096/2/6 3102/2/6 3103/2/6 3097/2/6
f 2891/2/4 2892/2/4 3104/2/4 3105/2/4
f 3098/2/6 3105/2/6 3104/2/6 3099/2/6
f 2883/2/3 3099/2/3 3100/2/3 2884/2/3
f 2892/2/4 2894/2/4 3106/2/4 3104/2/4
f 3099/2/6 3104/2/6 3106/2/6 3100/2/6
f 2885/3/2 3101/3/2 3107/3/2 2887/3/2
f 2886/2/1 2888/2/1 3108/2/1 3102/2/1
f 2891/2/2 3105/2/2 3109/2/2 2890/2/2
f 2900/2/4 2890/2/4 3109/2/4 3110/2/4
f 3103/2/6 3110/2/6 3109/2/6 3105/2/6
f 2894/3/1 2893/3/1 3111/3/1 3106/3/1
f 2887/4/2 3107/4/2 3112/4/2 2895/4/2
f 2900/2/2 3110/2/2 3113/2/2 2898/2/2
f 2888/2/1 2897/2/1 3114/2/1 3108/2/1
f 2893/3/1 2901/3/1 3115/3/1 3111/3/1
f 2902/4/2 3116/4/2 3117/4/2 2903/4/2
f 2895/4/3 3112/4/3 3116/4/3 2902/4/3
f 2904/4/4 2903/4/4 3117/4/4 3118/4/4
f 2898/1/2 3113/1/2 3119/1/2 3120/1/2
f 2897/1/1 3121/1/1 3122/1/1 3114/1/1
f 3121/1/4 3120/1/4 3119/1/4 3122/1/4
f 2897/1/5 2898/1/5 3120/1/5 3121/1/5
f 2901/3/1 2905/3/1 3123/3/1 3115/3/1
f 2904/3/2 3118/3/2 3124/3/2 2906/3/2
f 2905/3/1 2907/3/1 3125/3/1 3123/3/1
f 2909/3/4 2908/3/4 3126/3/4 3127/3/4
f 2911/3/4 2910/3/4 3128/3/4 3129/3/4
f 2910/3/4 2912/3/4 3130/3/4 3128/3/4
f 2906/3/2 3124/3/2 3131/3/2 2913/3/2
f 2912/3/4 2913/3/4 3131/3/4 3130/3/4
f 2909/3/2 3127/3/2 3132/3/2 2914/3/2
f 2907/3/1 2915/3/1 3133/3/1 3125/3/1
f 2915/3/4 2914/3/4 3132/3/4 3133/3/4
f 2908/4/1 2916/4/1 3134/4/1 3126/4/1
f 2916/4/4 2917/4/4 3135/4/4 3134/4/4
f 2917/4/4 2918/4/4 3136/4/4 3135/4/4
f 2918/3/4 2919/3/4 3137/3/4 3136/3/4
f 2921/3/4 2920/3/4 3138/3/4 3139/3/4
f 2920/3/4 2922/3/4 3140/3/4 3138/3/4
f 2911/3/2 3129/3/2 3141/3/2 2923/3/2
f 2922/3/4 2923/3/4 3141/3/4 3140/3/4
f 2924/4/2 3142/4/2 3143/4/2 2925/4/2
f 2913/4/1 2926/4/1 3144/4/1 3131/4/1
f 2913/4/3 3131/4/3 3142/4/3 2924/4/3
f 2926/4/4 2925/4/4 3143/4/4 3144/4/4
f 2919/3/1 2927/3/1 3145/3/1 3137/3/1
f 2927/3/4 2928/3/4 3146/3/4 3145/3/4
f 2928/4/4 2929/4/4 3147/4/4 3146/4/4
f 2929/3/4 2930/3/4 3148/3/4 3147/3/4
f 2930/3/4 2931/3/4 3149/3/4 3148/3/4
f 2933/3/4 2932/3/4 3150/3/4 3151/3/4
f 2932/3/4 2934/3/4 3152/3/4 3150/3/4
f 2921/3/2 3139/3/2 3153/3/2 2935/3/2
f 2934/3/4 2935/3/4 3153/3/4 3152/3/4
f 3154/4/2 3155/4/2 3156/4/2 2940/4/2
f 3157/4/1 2943/4/1 3158/4/1 3159/4/1
f 3157/4/3 3159/4/3 3155/4/3 3154/4/3
f 2943/4/4 2940/4/4 3156/4/4 3158/4/4
f 3157/4/5 3154/4/5 2940/4/5 2943/4/5
f 2931/3/1 2936/3/1 3160/3/1 3149/3/1
f 2936/3/4 2937/3/4 3161/3/4 3160/3/4
f 2937/3/4 2938/3/4 3162/3/4 3161/3/4
f 2933/4/2 3151/4/2 3163/4/2 2939/4/2
f 2938/4/4 2939/4/4 3163/4/4 3162/4/4
f 3164/4/6 3162/4/6 3163/4/6 3151/4/6
f 3165/4/2 3166/4/2 3167/4/2 3168/4/2
f 2935/4/1 3169/4/1 3170/4/1 3153/4/1
f 2935/4/3 3153/4/3 3166/4/3 3165/4/3
f 3169/4/4 3168/4/4 3167/4/4 3170/4/4
f 2935/4/5 3165/4/5 3168/4/5 3169/4/5
f 2939/3/1 2946/3/1 3171/3/1 3163/3/1
f 2939/3/3 3163/3/3 3172/3/3 2944/3/3
f 2946/3/4 2945/3/4 3173/3/4 3171/3/4
f 3174/3/2 3175/3/2 3176/3/2 3177/3/2
f 2944/3/3 3172/3/3 3175/3/3 3174/3/3
f 2945/3/4 3177/3/4 3176/3/4 3173/3/4
f 2944/3/5 3174/3/5 3177/3/5 2945/3/5
f 2970/5/1 2969/5/1 3178/5/1 3179/5/1
f 2970/5/3 3179/5/3 3180/5/3 2971/5/3
f 2969/5/4 2976/5/4 3181/5/4 3178/5/4
f 3179/5/6 3178/5/6 3181/5/6 3180/5/6
f 2971/5/3 3180/5/3 3182/5/3 2973/5/3
f 2976/5/4 2974/5/4 3183/5/4 3181/5/4
f 3184/5/2 3185/5/2 3186/5/2 3187/5/2
f 2973/5/3 3182/5/3 3185/5/3 3184/5/3
f 2974/5/4 3187/5/4 3186/5/4 3183/5/4
f 2973/5/5 3184/5/5 3187/5/5 2974/5/5
f 2966/4/2 3188/4/2 3189/4/2 2983/4/2
f 2964/4/1 2981/4/1 3190/4/1 3191/4/1
f 2964/4/3 3191/4/3 3188/4/3 2966/4/3
f 3191/4/6 3190/4/6 3189/4/6 3188/4/6
f 2964/4/5 2966/4/5 2983/4/5 2981/4/5
f 2981/3/1 2989/3/1 3192/3/1 3190/3/1
f 3190/3/6 3192/3/6 3193/3/6 3189/3/6
f 2981/3/5 2983/3/5 2991/3/5 2989/3/5
f 2984/6/2 3194/6/2 3195/6/2 2993/6/2
f 2983/6/3 3189/6/3 3194/6/3 2984/6/3
f 3189/6/6 3193/6/6 3195/6/6 3194/6/6
f 2989/3/1 2999/3/1 3196/3/1 3192/3/1
f 3192/3/6 3196/3/6 3197/3/6 3193/3/6
f 2989/3/5 2991/3/5 3001/3/5 2999/3/5
f 2993/6/2 3195/6/2 3198/6/2 3002/6/2
f 3193/6/6 3197/6/6 3198/6/6 3195/6/6
f 2999/3/1 3006/3/1 3199/3/1 3196/3/1
f 3006/3/4 3022/3/4 3200/3/4 3199/3/4
f 3196/3/6 3199/3/6 3200/3/6 3197/3/6
f 3002/6/2 3198/6/2 3201/6/2 3008/6/2
f 3022/6/4 3008/6/4 3201/6/4 3200/6/4
f 3197/6/6 3200/6/6 3201/6/6 3198/6/6
f 3202/3/2 3203/3/2 3204/3/2 3024/3/2
f 3205/3/1 3027/3/1 3206/3/1 3207/3/1
f 3205/3/3 3207/3/3 3203/3/3 3202/3/3
f 3205/3/5 3202/3/5 3024/3/5 3027/3/5
f 3011/3/1 3010/3/1 3208/3/1 3209/3/1
f 3011/3/3 3209/3/3 3210/3/3 3012/3/3
f 3013/3/2 3211/3/2 3212/3/2 3014/3/2
f 3012/3/3 3210/3/3 3211/3/3 3013/3/3
f 3016/3/1 3015/3/1 3213/3/1 3214/3/1
f 3016/3/3 3214/3/3 3215/3/3 3017/3/3
f 3018/3/2 3216/3/2 3217/3/2 3019/3/2
f 3017/3/3 3215/3/3 3216/3/3 3018/3/3
f 3024/3/2 3204/3/2 3218/3/2 3025/3/2
f 3027/3/1 3026/3/1 3219/3/1 3206/3/1
f 3029/3/1 3028/3/1 3220/3/1 3221/3/1
f 3029/3/3 3221/3/3 3222/3/3 3030/3/3
f 3030/3/3 3222/3/3 3223/3/3 3031/3/3
f 3031/3/3 3223/3/3 3224/3/3 3032/3/3
f 3032/4/3 3224/4/3 3208/4/3 3010/4/3
f 3014/3/3 3212/3/3 3213/3/3 3015/3/3
f 3019/3/3 3217/3/3 3225/3/3 3033/3/3
f 3034/3/2 3226/3/2 3227/3/2 3035/3/2
f 3033/3/3 3225/3/3 3226/3/3 3034/3/3
f 3038/5/1 3039/5/1 3228/5/1 3229/5/1
f 3038/5/3 3229/5/3 3230/5/3 3040/5/3
f 3039/5/4 3041/5/4 3231/5/4 3228/5/4
f 3229/5/6 3228/5/6 3231/5/6 3230/5/6
f 3043/5/2 3232/5/2 3233/5/2 3044/5/2
f 3040/5/3 3230/5/3 3232/5/3 3043/5/3
f 3041/5/4 3044/5/4 3233/5/4 3231/5/4
f 3230/5/6 3231/5/6 3233/5/6 3232/5/6
f 3234/2/2 3235/2/2 3236/2/2 3062/2/2
f 3237/2/1 3068/2/1 3238/2/1 3239/2/1
f 3237/2/3 3239/2/3 3235/2/3 3234/2/3
f 3237/2/5 3234/2/5 3062/2/5 3068/2/5
f 3047/3/1 3046/3/1 3240/3/1 3241/3/1
f 3047/3/3 3241/3/3 3242/3/3 3048/3/3
f 3048/3/3 3242/3/3 3243/3/3 3049/3/3
f 3242/3/6 3244/3/6 3245/3/6 3243/3/6
f 3049/3/3 3243/3/3 3219/3/3 3026/3/3
f 3025/3/3 3218/3/3 3220/3/3 3028/3/3
f 3035/4/3 3227/4/3 3246/4/3 3050/4/3
f 3051/3/2 3247/3/2 3248/3/2 3052/3/2
f 3050/3/3 3246/3/3 3247/3/3 3051/3/3
f 3054/5/1 3053/5/1 3249/5/1 3250/5/1
f 3054/5/3 3250/5/3 3251/5/3 3055/5/3
f 3250/5/6 3249/5/6 3252/5/6 3251/5/6
f 3055/5/3 3251/5/3 3253/5/3 3057/5/3
f 3060/5/4 3058/5/4 3254/5/4 3252/5/4
f 3255/5/2 3256/5/2 3257/5/2 3258/5/2
f 3057/5/3 3253/5/3 3256/5/3 3255/5/3
f 3058/5/4 3258/5/4 3257/5/4 3254/5/4
f 3057/5/5 3255/5/5 3258/5/5 3058/5/5
f 3062/1/2 3236/1/2 3259/1/2 3063/1/2
f 3068/1/1 3067/1/1 3260/1/1 3238/1/1
f 3067/1/4 3063/1/4 3259/1/4 3260/1/4
f 3238/1/6 3260/1/6 3259/1/6 3236/1/6
f 3046/3/1 3069/3/1 3261/3/1 3240/3/1
f 3052/3/3 3248/3/3 3262/3/3 3070/3/3
f 3070/3/3 3262/3/3 3263/3/3 3071/3/3
f 3071/3/3 3263/3/3 3249/3/3 3053/3/3
f 3060/3/2 3252/3/2 3264/3/2 3072/3/2
f 3073/3/4 3072/3/4 3264/3/4 3265/3/4
f 3069/3/1 3076/3/1 3266/3/1 3261/3/1
f 3073/3/2 3265/3/2 3267/3/2 3077/3/2
f 3076/3/1 3080/3/1 3268/3/1 3266/3/1
f 3077/3/2 3267/3/2 3269/3/2 3081/3/2
f 3080/3/1 3084/3/1 3270/3/1 3268/3/1
f 3085/3/2 3271/3/2 3272/3/2 3086/3/2
f 3081/3/3 3269/3/3 3271/3/3 3085/3/3
f 3087/3/4 3086/3/4 3272/3/4 3273/3/4
f 3082/2/2 3274/2/2 3275/2/2 3090/2/2
f 3083/2/1 3088/2/1 3276/2/1 3277/2/1
f 3083/2/3 3277/2/3 3274/2/3 3082/2/3
f 3088/2/4 3090/2/4 3275/2/4 3276/2/4
f 3089/2/1 3091/2/1 3278/2/1 3279/2/1
f 3089/2/3 3279/2/3 3280/2/3 3092/2/3
f 3279/2/6 3278/2/6 3281/2/6 3280/2/6
f 3092/2/3 3280/2/3 3270/2/3 3084/2/3
f 3280/2/6 3281/2/6 3282/2/6 3270/2/6
f 3092/2/5 3084/2/5 3094/2/5 3093/2/5
f 3087/3/2 3273/3/2 3283/3/2 3095/3/2
f 3091/2/1 3098/2/1 3284/2/1 3278/2/1
f 3098/2/4 3099/2/4 3285/2/4 3284/2/4
f 3278/2/6 3284/2/6 3285/2/6 3281/2/6
f 3099/2/4 3100/2/4 3286/2/4 3285/2/4
f 3281/2/6 3285/2/6 3286/2/6 3282/2/6
f 3093/2/5 3094/2/5 3100/2/5 3099/2/5
f 3095/3/2 3283/3/2 3287/3/2 3101/3/2
f 3098/2/2 3284/2/2 3288/2/2 3105/2/2
f 3097/2/1 3103/2/1 3289/2/1 3290/2/1
f 3097/2/3 3290/2/3 3284/2/3 3098/2/3
f 3103/2/4 3105/2/4 3288/2/4 3289/2/4
f 3290/2/6 3289/2/6 3288/2/6 3284/2/6
f 3100/3/1 3106/3/1 3291/3/1 3286/3/1
f 3101/4/2 3287/4/2 3292/4/2 3107/4/2
f 3103/2/2 3289/2/2 3293/2/2 3110/2/2
f 3102/2/1 3108/2/1 3294/2/1 3295/2/1
f 3102/2/3 3295/2/3 3289/2/3 3103/2/3
f 3295/2/6 3294/2/6 3293/2/6 3289/2/6
f 3106/3/1 3111/3/1 3296/3/1 3291/3/1
f 3107/4/2 3292/4/2 3297/4/2 3112/4/2
f 3110/2/2 3293/2/2 3298/2/2 3113/2/2
f 3108/2/1 3114/2/1 3299/2/1 3294/2/1
f 3294/2/6 3299/2/6 3298/2/6 3293/2/6
f 3111/3/1 3115/3/1 3300/3/1 3296/3/1
f 3116/4/2 3301/4/2 3302/4/2 3117/4/2
f 3112/4/3 3297/4/3 3301/4/3 3116/4/3
f 3118/4/4 3117/4/4 3302/4/4 3303/4/4
f 3113/2/2 3298/2/2 3304/2/2 3119/2/2
f 3114/2/1 3122/2/1 3305/2/1 3299/2/1
f 3122/2/4 3119/2/4 3304/2/4 3305/2/4
f 3115/3/1 3123/3/1 3306/3/1 3300/3/1
f 3118/3/2 3303/3/2 3307/3/2 3124/3/2
f 3123/4/1 3125/4/1 3308/4/1 3306/4/1
f 3127/3/4 3126/3/4 3309/3/4 3310/3/4
f 3129/3/4 3128/3/4 3311/3/4 3312/3/4
f 3124/3/2 3307/3/2 3313/3/2 3131/3/2
f 3130/3/4 3131/3/4 3313/3/4 3314/3/4
f 3127/4/2 3310/4/2 3315/4/2 3132/4/2
f 3125/4/1 3133/4/1 3316/4/1 3308/4/1
f 3133/4/4 3132/4/4 3315/4/4 3316/4/4
f 3308/4/6 3316/4/6 3315/4/6 3310/4/6
f 3126/3/1 3134/3/1 3317/3/1 3309/3/1
f 3134/3/4 3135/3/4 3318/3/4 3317/3/4
f 3135/3/4 3136/3/4 3319/3/4 3318/3/4
f 3136/3/4 3137/3/4 3320/3/4 3319/3/4
f 3139/3/4 3138/3/4 3321/3/4 3322/3/4
f 3138/3/4 3140/3/4 3323/3/4 3321/3/4
f 3129/4/2 3312/4/2 3324/4/2 3141/4/2
f 3140/4/4 3141/4/4 3324/4/4 3323/4/4
f 3130/3/2 3314/3/2 3325/3/2 3326/3/2
f 3128/3/1 3327/3/1 3328/3/1 3311/3/1
f 3327/3/4 3326/3/4 3325/3/4 3328/3/4
f 3128/3/5 3130/3/5 3326/3/5 3327/3/5
f 3142/4/2 3329/4/2 3330/4/2 3143/4/2
f 3131/4/1 3144/4/1 3331/4/1 3313/4/1
f 3131/4/3 3313/4/3 3329/4/3 3142/4/3
f 3144/4/4 3143/4/4 3330/4/4 3331/4/4
f 3134/3/2 3317/3/2 3332/3/2 3333/3/2
f 3132/3/1 3334/3/1 3335/3/1 3315/3/1
f 3132/3/3 3315/3/3 3317/3/3 3134/3/3
f 3334/3/4 3333/3/4 3332/3/4 3335/3/4
f 3315/3/6 3335/3/6 3332/3/6 3317/3/6
f 3132/3/5 3134/3/5 3333/3/5 3334/3/5
f 3137/3/1 3145/3/1 3336/3/1 3320/3/1
f 3145/3/4 3146/3/4 3337/3/4 3336/3/4
f 3146/3/4 3147/3/4 3338/3/4 3337/3/4
f 3147/3/4 3148/3/4 3339/3/4 3338/3/4
f 3148/3/4 3149/3/4 3340/3/4 3339/3/4
f 3164/3/4 3151/3/4 3341/3/4 3342/3/4
f 3139/3/2 3322/3/2 3343/3/2 3153/3/2
f 3152/3/4 3153/3/4 3343/3/4 3344/3/4
f 3155/3/2 3345/3/2 3346/3/2 3156/3/2
f 3159/3/1 3158/3/1 3347/3/1 3348/3/1
f 3159/3/3 3348/3/3 3345/3/3 3155/3/3
f 3149/3/1 3160/3/1 3349/3/1 3340/3/1
f 3160/3/4 3161/3/4 3350/3/4 3349/3/4
f 3164/3/2 3342/3/2 3351/3/2 3162/3/2
f 3161/3/4 3162/3/4 3351/3/4 3350/3/4
f 3151/3/1 3163/3/1 3352/3/1 3341/3/1
f 3341/3/6 3352/3/6 3353/3/6 3354/3/6
f 3151/3/5 3150/3/5 3172/3/5 3163/3/5
f 3152/3/2 3344/3/2 3355/3/2 3175/3/2
f 3150/3/5 3152/3/5 3175/3/5 3172/3/5
f 3166/3/2 3356/3/2 3357/3/2 3167/3/2
f 3153/3/1 3170/3/1 3358/3/1 3343/3/1
f 3153/3/3 3343/3/3 3356/3/3 3166/3/3
f 3170/3/4 3167/3/4 3357/3/4 3358/3/4
f 3156/3/2 3346/3/2 3359/3/2 3360/3/2
f 3158/3/1 3361/3/1 3362/3/1 3347/3/1
f 3361/3/4 3360/3/4 3359/3/4 3362/3/4
f 3158/3/5 3156/3/5 3360/3/5 3361/3/5
f 3163/3/1 3171/3/1 3363/3/1 3352/3/1
f 3171/3/4 3173/3/4 3364/3/4 3363/3/4
f 3175/3/2 3355/3/2 3365/3/2 3176/3/2
f 3173/3/4 3176/3/4 3365/3/4 3364/3/4
f 3180/5/1 3181/5/1 3366/5/1 3367/5/1
f 3180/5/3 3367/5/3 3368/5/3 3182/5/3
f 3181/5/4 3183/5/4 3369/5/4 3366/5/4
f 3367/5/6 3366/5/6 3369/5/6 3368/5/6
f 3185/5/2 3370/5/2 3371/5/2 3186/5/2
f 3182/5/3 3368/5/3 3370/5/3 3185/5/3
f 3183/5/4 3186/5/4 3371/5/4 3369/5/4
f 3368/5/6 3369/5/6 3371/5/6 3370/5/6
f 3372/2/2 3373/2/2 3374/2/2 3375/2/2
f 3376/2/1 3377/2/1 3378/2/1 3379/2/1
f 3376/2/3 3379/2/3 3373/2/3 3372/2/3
f 3379/2/6 3378/2/6 3374/2/6 3373/2/6
f 3376/2/5 3372/2/5 3375/2/5 3377/2/5
f 3203/3/2 3380/3/2 3381/3/2 3204/3/2
f 3207/3/1 3206/3/1 3382/3/1 3383/3/1
f 3207/3/3 3383/3/3 3380/3/3 3203/3/3
f 3383/3/6 3382/3/6 3381/3/6 3380/3/6
f 3209/3/1 3208/3/1 3384/3/1 3385/3/1
f 3209/3/3 3385/3/3 3386/3/3 3210/3/3
f 3211/3/2 3387/3/2 3388/3/2 3212/3/2
f 3210/3/3 3386/3/3 3387/3/3 3211/3/3
f 3214/3/1 3213/3/1 3389/3/1 3390/3/1
f 3214/3/3 3390/3/3 3391/3/3 3215/3/3
f 3215/3/3 3391/3/3 3392/3/3 3216/3/3
f 3391/3/6 3393/3/6 3394/3/6 3392/3/6
f 3395/3/2 3396/3/2 3397/3/2 3225/3/2
f 3216/3/3 3392/3/3 3396/3/3 3395/3/3
f 3216/3/5 3395/3/5 3225/3/5 3217/3/5
f 3375/2/2 3374/2/2 3398/2/2 3235/2/2
f 3377/2/1 3239/2/1 3399/2/1 3378/2/1
f 3377/2/5 3375/2/5 3235/2/5 3239/2/5
f 3400/4/2 3401/4/2 3402/4/2 3243/4/2
f 3403/4/1 3242/4/1 3404/4/1 3405/4/1
f 3403/4/3 3405/4/3 3401/4/3 3400/4/3
f 3242/4/4 3243/4/4 3402/4/4 3404/4/4
f 3405/4/6 3404/4/6 3402/4/6 3401/4/6
f 3403/4/5 3400/4/5 3243/4/5 3242/4/5
f 3206/3/1 3219/3/1 3406/3/1 3382/3/1
f 3382/3/6 3406/3/6 3407/3/6 3381/3/6
f 3204/3/3 3381/3/3 3408/3/3 3221/3/3
f 3381/3/6 3407/3/6 3409/3/6 3408/3/6
f 3204/3/5 3221/3/5 3220/3/5 3218/3/5
f 3221/4/3 3408/4/3 3410/4/3 3222/4/3
f 3222/3/3 3410/3/3 3411/3/3 3223/3/3
f 3223/3/3 3411/3/3 3412/3/3 3224/3/3
f 3224/3/3 3412/3/3 3384/3/3 3208/3/3
f 3212/3/3 3388/3/3 3389/3/3 3213/3/3
f 3225/4/3 3397/4/3 3413/4/3 3226/4/3
f 3397/4/6 3414/4/6 3415/4/6 3413/4/6
f 3416/3/2 3417/3/2 3418/3/2 3246/3/2
f 3226/3/3 3413/3/3 3417/3/3 3416/3/3
f 3226/3/5 3416/3/5 3246/3/5 3227/3/5
f 3239/1/1 3238/1/1 3419/1/1 3399/1/1
f 3238/1/4 3236/1/4 3420/1/4 3419/1/4
f 3399/1/6 3419/1/6 3420/1/6 3398/1/6
f 3421/2/2 3422/2/2 3423/2/2 3424/2/2
f 3235/2/3 3398/2/3 3422/2/3 3421/2/3
f 3236/2/4 3424/2/4 3423/2/4 3420/2/4
f 3398/2/6 3420/2/6 3423/2/6 3422/2/6
f 3235/2/5 3421/2/5 3424/2/5 3236/2/5
f 3242/3/2 3404/3/2 3425/3/2 3244/3/2
f 3241/3/1 3240/3/1 3426/3/1 3427/3/1
f 3241/3/3 3427/3/3 3404/3/3 3242/3/3
f 3427/3/6 3426/3/6 3425/3/6 3404/3/6
f 3243/3/1 3245/3/1 3428/3/1 3402/3/1
f 3243/3/3 3402/3/3 3406/3/3 3219/3/3
f 3247/3/2 3429/3/2 3430/3/2 3248/3/2
f 3246/3/3 3418/3/3 3429/3/3 3247/3/3
f 3251/5/1 3252/5/1 3431/5/1 3432/5/1
f 3251/5/3 3432/5/3 3433/5/3 3253/5/3
f 3252/5/4 3254/5/4 3434/5/4 3431/5/4
f 3432/5/6 3431/5/6 3434/5/6 3433/5/6
f 3253/5/3 3433/5/3 3435/5/3 3256/5/3
f 3254/5/4 3257/5/4 3436/5/4 3434/5/4
f 3437/5/2 3438/5/2 3439/5/2 3440/5/2
f 3256/5/3 3435/5/3 3438/5/3 3437/5/3
f 3257/5/4 3440/5/4 3439/5/4 3436/5/4
f 3256/5/5 3437/5/5 3440/5/5 3257/5/5
f 3240/3/1 3261/3/1 3441/3/1 3426/3/1
f 3244/3/3 3425/3/3 3428/3/3 3245/3/3
f 3248/3/3 3430/3/3 3442/3/3 3262/3/3
f 3262/4/3 3442/4/3 3443/4/3 3263/4/3
f 3263/3/3 3443/3/3 3444/3/3 3249/3/3
f 3252/4/2 3431/4/2 3445/4/2 3264/4/2
f 3249/4/3 3444/4/3 3431/4/3 3252/4/3
f 3265/4/4 3264/4/4 3445/4/4 3446/4/4
f 3444/4/6 3446/4/6 3445/4/6 3431/4/6
f 3261/3/1 3266/3/1 3447/3/1 3441/3/1
f 3265/3/2 3446/3/2 3448/3/2 3267/3/2
f 3266/3/1 3268/3/1 3449/3/1 3447/3/1
f 3267/3/2 3448/3/2 3450/3/2 3269/3/2
f 3268/3/1 3270/3/1 3451/3/1 3449/3/1
f 3271/4/2 3452/4/2 3453/4/2 3272/4/2
f 3269/4/3 3450/4/3 3452/4/3 3271/4/3
f 3273/4/4 3272/4/4 3453/4/4 3454/4/4
f 3274/1/2 3455/1/2 3456/1/2 3275/1/2
f 3277/1/1 3276/1/1 3457/1/1 3458/1/1
f 3277/1/3 3458/1/3 3455/1/3 3274/1/3
f 3276/1/4 3275/1/4 3456/1/4 3457/1/4
f 3270/3/1 3282/3/1 3459/3/1 3451/3/1
f 3273/3/2 3454/3/2 3460/3/2 3283/3/2
f 3282/3/1 3286/3/1 3461/3/1 3459/3/1
f 3283/3/2 3460/3/2 3462/3/2 3287/3/2
f 3286/3/1 3291/3/1 3463/3/1 3461/3/1
f 3287/3/2 3462/3/2 3464/3/2 3292/3/2
f 3291/3/1 3296/3/1 3465/3/1 3463/3/1
f 3292/3/2 3464/3/2 3466/3/2 3297/3/2
f 3296/3/1 3300/3/1 3467/3/1 3465/3/1
f 3301/3/2 3468/3/2 3469/3/2 3302/3/2
f 3297/3/3 3466/3/3 3468/3/3 3301/3/3
f 3303/3/4 3302/3/4 3469/3/4 3470/3/4
f 3299/2/1 3305/2/1 3471/2/1 3472/2/1
f 3299/2/3 3472/2/3 3473/2/3 3298/2/3
f 3474/1/2 3475/1/2 3476/1/2 3477/1/2
f 3298/1/3 3473/1/3 3475/1/3 3474/1/3
f 3304/1/4 3477/1/4 3476/1/4 3478/1/4
f 3473/1/6 3478/1/6 3476/1/6 3475/1/6
f 3298/1/5 3474/1/5 3477/1/5 3304/1/5
f 3300/3/1 3306/3/1 3479/3/1 3467/3/1
f 3303/3/2 3470/3/2 3480/3/2 3307/3/2
f 3304/2/2 3478/2/2 3481/2/2 3482/2/2
f 3305/2/1 3483/2/1 3484/2/1 3471/2/1
f 3483/2/4 3482/2/4 3481/2/4 3484/2/4
f 3305/2/5 3304/2/5 3482/2/5 3483/2/5
f 3306/4/1 3308/4/1 3485/4/1 3479/4/1
f 3308/4/4 3310/4/4 3486/4/4 3485/4/4
f 3307/3/2 3480/3/2 3487/3/2 3313/3/2
f 3314/3/4 3313/3/4 3487/3/4 3488/3/4
f 3310/3/1 3315/3/1 3489/3/1 3486/3/1
f 3315/3/4 3317/3/4 3490/3/4 3489/3/4
f 3310/3/5 3309/3/5 3317/3/5 3315/3/5
f 3317/3/4 3318/3/4 3491/3/4 3490/3/4
f 3322/3/4 3321/3/4 3492/3/4 3493/3/4
f 3324/3/4 3328/3/4 3494/3/4 3495/3/4
f 3312/3/5 3311/3/5 3328/3/5 3324/3/5
f 3314/3/2 3488/3/2 3496/3/2 3325/3/2
f 3328/3/4 3325/3/4 3496/3/4 3494/3/4
f 3329/4/2 3497/4/2 3498/4/2 3330/4/2
f 3313/4/1 3331/4/1 3499/4/1 3487/4/1
f 3313/4/3 3487/4/3 3497/4/3 3329/4/3
f 3331/4/4 3330/4/4 3498/4/4 3499/4/4
f 3487/4/6 3499/4/6 3498/4/6 3497/4/6
f 3318/3/1 3348/3/1 3500/3/1 3491/3/1
f 3491/3/6 3500/3/6 3501/3/6 3502/3/6
f 3318/3/5 3319/3/5 3345/3/5 3348/3/5
f 3502/3/6 3501/3/6 3503/3/6 3504/3/6
f 3319/3/5 3320/3/5 3336/3/5 3345/3/5
f 3338/3/4 3339/3/4 3505/3/4 3506/3/4
f 3339/3/4 3340/3/4 3507/3/4 3505/3/4
f 3341/3/4 3354/3/4 3508/3/4 3509/3/4
f 3322/3/2 3493/3/2 3510/3/2 3343/3/2
f 3321/3/1 3356/3/1 3511/3/1 3492/3/1
f 3321/3/5 3323/3/5 3512/3/5 3356/3/5
f 3324/3/2 3495/3/2 3513/3/2 3514/3/2
f 3512/3/4 3514/3/4 3513/3/4 3515/3/4
f 3516/3/6 3515/3/6 3513/3/6 3495/3/6
f 3323/3/5 3324/3/5 3514/3/5 3512/3/5
f 3332/3/2 3517/3/2 3518/3/2 3519/3/2
f 3335/3/1 3520/3/1 3521/3/1 3522/3/1
f 3335/3/3 3522/3/3 3517/3/3 3332/3/3
f 3520/3/4 3519/3/4 3518/3/4 3521/3/4
f 3522/3/6 3521/3/6 3518/3/6 3517/3/6
f 3335/3/5 3332/3/5 3519/3/5 3520/3/5
f 3348/3/1 3347/3/1 3523/3/1 3500/3/1
f 3500/3/6 3523/3/6 3524/3/6 3501/3/6
f 3346/3/4 3525/3/4 3526/3/4 3524/3/4
f 3501/3/6 3524/3/6 3526/3/6 3503/3/6
f 3345/3/5 3336/3/5 3525/3/5 3346/3/5
f 3525/3/4 3527/3/4 3528/3/4 3526/3/4
f 3503/3/6 3526/3/6 3528/3/6 3529/3/6
f 3336/3/5 3337/3/5 3527/3/5 3525/3/5
f 3338/3/2 3506/3/2 3530/3/2 3531/3/2
f 3527/3/4 3531/3/4 3530/3/4 3528/3/4
f 3337/3/5 3338/3/5 3531/3/5 3527/3/5
f 3340/3/1 3349/3/1 3532/3/1 3507/3/1
f 3341/3/2 3509/3/2 3533/3/2 3352/3/2
f 3351/3/4 3352/3/4 3533/3/4 3534/3/4
f 3342/3/5 3341/3/5 3352/3/5 3351/3/5
f 3354/3/1 3353/3/1 3535/3/1 3508/3/1
f 3344/3/5 3343/3/5 3358/3/5 3355/3/5
f 3343/3/3 3510/3/3 3511/3/3 3356/3/3
f 3358/3/4 3357/3/4 3536/3/4 3537/3/4
f 3510/3/6 3537/3/6 3536/3/6 3511/3/6
f 3512/3/2 3515/3/2 3538/3/2 3539/3/2
f 3357/3/4 3539/3/4 3538/3/4 3536/3/4
f 3356/3/5 3512/3/5 3539/3/5 3357/3/5
f 3346/3/2 3524/3/2 3540/3/2 3359/3/2
f 3347/3/1 3362/3/1 3541/3/1 3523/3/1
f 3362/3/4 3359/3/4 3540/3/4 3541/3/4
f 3523/3/6 3541/3/6 3540/3/6 3524/3/6
f 3349/3/1 3542/3/1 3543/3/1 3532/3/1
f 3542/3/4 3544/3/4 3545/3/4 3543/3/4
f 3349/3/5 3350/3/5 3544/3/5 3542/3/5
f 3351/3/2 3534/3/2 3546/3/2 3547/3/2
f 3544/3/4 3547/3/4 3546/3/4 3545/3/4
f 3350/3/5 3351/3/5 3547/3/5 3544/3/5
f 3352/3/1 3363/3/1 3548/3/1 3533/3/1
f 3352/3/3 3533/3/3 3535/3/3 3353/3/3
f 3363/3/4 3364/3/4 3549/3/4 3548/3/4
f 3364/3/4 3365/3/4 3550/3/4 3549/3/4
f 3535/3/6 3549/3/6 3550/3/6 3551/3/6
f 3358/3/2 3537/3/2 3552/3/2 3553/3/2
f 3365/3/4 3553/3/4 3552/3/4 3550/3/4
f 3355/3/5 3358/3/5 3553/3/5 3365/3/5
f 3385/4/1 3384/4/1 3554/4/1 3555/4/1
f 3385/4/3 3555/4/3 3556/4/3 3386/4/3
f 3387/3/2 3557/3/2 3558/3/2 3388/3/2
f 3386/3/3 3556/3/3 3557/3/3 3387/3/3
f 3391/3/2 3559/3/2 3560/3/2 3393/3/2
f 3390/3/1 3389/3/1 3561/3/1 3562/3/1
f 3390/3/3 3562/3/3 3559/3/3 3391/3/3
f 3396/3/2 3563/3/2 3564/3/2 3397/3/2
f 3392/3/1 3394/3/1 3565/3/1 3566/3/1
f 3392/3/3 3566/3/3 3563/3/3 3396/3/3
f 3566/3/6 3565/3/6 3564/3/6 3563/3/6
f 3374/2/2 3567/2/2 3568/2/2 3398/2/2
f 3378/2/1 3399/2/1 3569/2/1 3570/2/1
f 3378/2/3 3570/2/3 3567/2/3 3374/2/3
f 3399/2/4 3398/2/4 3568/2/4 3569/2/4
f 3382/3/2 3571/3/2 3572/3/2 3406/3/2
f 3401/3/1 3402/3/1 3573/3/1 3574/3/1
f 3401/3/3 3574/3/3 3571/3/3 3382/3/3
f 3574/3/6 3573/3/6 3572/3/6 3571/3/6
f 3401/3/5 3382/3/5 3406/3/5 3402/3/5
f 3408/3/1 3409/3/1 3575/3/1 3576/3/1
f 3408/3/3 3576/3/3 3577/3/3 3410/3/3
f 3410/3/3 3577/3/3 3578/3/3 3411/3/3
f 3411/3/3 3578/3/3 3579/3/3 3412/3/3
f 3412/3/3 3579/3/3 3554/3/3 3384/3/3
f 3388/3/3 3558/3/3 3561/3/3 3389/3/3
f 3393/3/3 3560/3/3 3565/3/3 3394/3/3
f 3397/3/2 3564/3/2 3580/3/2 3414/3/2
f 3417/3/2 3581/3/2 3582/3/2 3418/3/2
f 3413/3/1 3415/3/1 3583/3/1 3584/3/1
f 3413/3/3 3584/3/3 3581/3/3 3417/3/3
f 3404/3/1 3425/3/1 3585/3/1 3586/3/1
f 3404/3/3 3586/3/3 3573/3/3 3402/3/3
f 3404/3/5 3402/3/5 3428/3/5 3425/3/5
f 3406/3/3 3572/3/3 3587/3/3 3407/3/3
f 3407/3/3 3587/3/3 3575/3/3 3409/3/3
f 3414/3/3 3580/3/3 3583/3/3 3415/3/3
f 3418/3/3 3582/3/3 3588/3/3 3429/3/3
f 3589/3/2 3590/3/2 3591/3/2 3442/3/2
f 3429/3/3 3588/3/3 3590/3/3 3589/3/3
f 3588/3/6 3592/3/6 3591/3/6 3590/3/6
f 3429/3/5 3589/3/5 3442/3/5 3430/3/5
f 3433/5/1 3434/5/1 3593/5/1 3594/5/1
f 3433/5/3 3594/5/3 3595/5/3 3435/5/3
f 3434/5/4 3436/5/4 3596/5/4 3593/5/4
f 3594/5/6 3593/5/6 3596/5/6 3595/5/6
f 3438/5/2 3597/5/2 3598/5/2 3439/5/2
f 3435/5/3 3595/5/3 3597/5/3 3438/5/3
f 3436/5/4 3439/5/4 3598/5/4 3596/5/4
f 3595/5/6 3596/5/6 3598/5/6 3597/5/6
f 3426/3/1 3441/3/1 3599/3/1 3600/3/1
f 3426/3/3 3600/3/3 3585/3/3 3425/3/3
f 3600/3/6 3599/3/6 3601/3/6 3585/3/6
f 3592/3/6 3602/3/6 3603/3/6 3591/3/6
f 3442/3/3 3591/3/3 3604/3/3 3443/3/3
f 3591/3/6 3603/3/6 3605/3/6 3604/3/6
f 3444/3/2 3606/3/2 3607/3/2 3446/3/2
f 3443/3/3 3604/3/3 3606/3/3 3444/3/3
f 3604/3/6 3605/3/6 3607/3/6 3606/3/6
f 3441/4/1 3447/4/1 3608/4/1 3599/4/1
f 3599/4/6 3608/4/6 3609/4/6 3601/4/6
f 3601/3/6 3609/3/6 3610/3/6 3611/3/6
f 3602/3/6 3612/3/6 3613/3/6 3603/3/6
f 3603/3/6 3613/3/6 3614/3/6 3605/3/6
f 3446/3/2 3607/3/2 3615/3/2 3448/3/2
f 3605/3/6 3614/3/6 3615/3/6 3607/3/6
f 3447/3/1 3449/3/1 3616/3/1 3608/3/1
f 3608/3/6 3616/3/6 3617/3/6 3609/3/6
f 3609/3/6 3617/3/6 3618/3/6 3610/3/6
f 3612/3/6 3619/3/6 3620/3/6 3613/3/6
f 3613/3/6 3620/3/6 3621/3/6 3614/3/6
f 3622/5/2 3623/5/2 3624/5/2 3452/5/2
f 3448/5/3 3615/5/3 3623/5/3 3622/5/3
f 3448/5/5 3622/5/5 3452/5/5 3450/5/5
f 3449/3/1 3451/3/1 3625/3/1 3616/3/1
f 3617/3/6 3626/3/6 3627/3/6 3618/3/6
f 3452/3/2 3624/3/2 3628/3/2 3453/3/2
f 3454/3/4 3453/3/4 3628/3/4 3629/3/4
f 3630/3/6 3629/3/6 3628/3/6 3624/3/6
f 3455/2/2 3631/2/2 3632/2/2 3456/2/2
f 3458/2/1 3457/2/1 3633/2/1 3634/2/1
f 3458/2/3 3634/2/3 3631/2/3 3455/2/3
f 3451/3/1 3459/3/1 3635/3/1 3625/3/1
f 3636/3/6 3637/3/6 3638/3/6 3639/3/6
f 3639/3/6 3638/3/6 3640/3/6 3641/3/6
f 3454/3/2 3629/3/2 3642/3/2 3460/3/2
f 3641/3/6 3640/3/6 3642/3/6 3629/3/6
f 3456/2/2 3632/2/2 3643/2/2 3644/2/2
f 3457/2/1 3645/2/1 3646/2/1 3633/2/1
f 3645/2/4 3644/2/4 3643/2/4 3646/2/4
f 3457/2/5 3456/2/5 3644/2/5 3645/2/5
f 3459/3/1 3461/3/1 3647/3/1 3635/3/1
f 3648/3/6 3649/3/6 3650/3/6 3651/3/6
f 3638/3/6 3652/3/6 3653/3/6 3640/3/6
f 3460/3/2 3642/3/2 3654/3/2 3462/3/2
f 3640/3/6 3653/3/6 3654/3/6 3642/3/6
f 3461/3/1 3463/3/1 3655/3/1 3647/3/1
f 3649/3/6 3656/3/6 3657/3/6 3650/3/6
f 3658/3/6 3659/3/6 3660/3/6 3652/3/6
f 3652/3/6 3660/3/6 3661/3/6 3653/3/6
f 3462/4/2 3654/4/2 3662/4/2 3464/4/2
f 3653/4/6 3661/4/6 3662/4/6 3654/4/6
f 3463/3/1 3465/3/1 3663/3/1 3655/3/1
f 3655/3/6 3663/3/6 3664/3/6 3656/3/6
f 3659/3/6 3665/3/6 3666/3/6 3660/3/6
f 3660/3/6 3666/3/6 3667/3/6 3661/3/6
f 3464/3/2 3662/3/2 3668/3/2 3466/3/2
f 3661/3/6 3667/3/6 3668/3/6 3662/3/6
f 3465/3/1 3467/3/1 3669/3/1 3663/3/1
f 3664/3/6 3670/3/6 3671/3/6 3672/3/6
f 3468/3/2 3673/3/2 3674/3/2 3469/3/2
f 3466/3/3 3668/3/3 3673/3/3 3468/3/3
f 3470/3/4 3469/3/4 3674/3/4 3675/3/4
f 3668/3/6 3675/3/6 3674/3/6 3673/3/6
f 3473/2/2 3676/2/2 3677/2/2 3478/2/2
f 3472/2/1 3471/2/1 3678/2/1 3679/2/1
f 3472/2/3 3679/2/3 3676/2/3 3473/2/3
f 3679/2/6 3678/2/6 3677/2/6 3676/2/6
f 3467/3/1 3479/3/1 3680/3/1 3669/3/1
f 3669/3/6 3680/3/6 3681/3/6 3670/3/6
f 3670/3/6 3681/3/6 3682/3/6 3671/3/6
f 3683/3/6 3684/3/6 3685/3/6 3686/3/6
f 3686/3/6 3685/3/6 3687/3/6 3688/3/6
f 3470/3/2 3675/3/2 3689/3/2 3480/3/2
f 3688/3/6 3687/3/6 3689/3/6 3675/3/6
f 3471/2/1 3484/2/1 3690/2/1 3678/2/1
f 3678/2/6 3690/2/6 3691/2/6 3677/2/6
f 3476/2/2 3692/2/2 3693/2/2 3694/2/2
f 3478/2/3 3677/2/3 3692/2/3 3476/2/3
f 3481/2/4 3694/2/4 3693/2/4 3691/2/4
f 3677/2/6 3691/2/6 3693/2/6 3692/2/6
f 3478/2/5 3476/2/5 3694/2/5 3481/2/5
f 3479/3/1 3485/3/1 3695/3/1 3680/3/1
f 3485/3/4 3486/3/4 3696/3/4 3695/3/4
f 3680/3/6 3695/3/6 3696/3/6 3681/3/6
f 3684/3/6 3697/3/6 3698/3/6 3685/3/6
f 3685/3/6 3698/3/6 3699/3/6 3687/3/6
f 3480/4/2 3689/4/2 3700/4/2 3487/4/2
f 3687/4/6 3699/4/6 3700/4/6 3689/4/6
f 3481/2/2 3691/2/2 3701/2/2 3702/2/2
f 3484/2/1 3703/2/1 3704/2/1 3690/2/1
f 3703/2/4 3702/2/4 3701/2/4 3704/2/4
f 3484/2/5 3481/2/5 3702/2/5 3703/2/5
f 3486/3/1 3489/3/1 3705/3/1 3696/3/1
f 3489/3/4 3490/3/4 3706/3/4 3705/3/4
f 3490/3/4 3491/3/4 3707/3/4 3706/3/4
f 3491/3/4 3502/3/4 3708/3/4 3707/3/4
f 3502/3/4 3504/3/4 3709/3/4 3708/3/4
f 3516/3/4 3495/3/4 3710/3/4 3711/3/4
f 3697/3/6 3710/3/6 3712/3/6 3698/3/6
f 3494/3/4 3496/3/4 3713/3/4 3712/3/4
f 3698/3/6 3712/3/6 3713/3/6 3699/3/6
f 3487/4/2 3700/4/2 3714/4/2 3499/4/2
f 3496/4/4 3499/4/4 3714/4/4 3713/4/4
f 3699/4/6 3713/4/6 3714/4/6 3700/4/6
f 3488/4/5 3487/4/5 3499/4/5 3496/4/5
f 3504/3/1 3503/3/1 3715/3/1 3709/3/1
f 3503/3/4 3529/3/4 3716/3/4 3715/3/4
f 3510/3/4 3511/3/4 3717/3/4 3718/3/4
f 3493/3/5 3492/3/5 3511/3/5 3510/3/5
f 3516/3/2 3711/3/2 3719/3/2 3515/3/2
f 3494/3/2 3712/3/2 3720/3/2 3721/3/2
f 3495/3/1 3513/3/1 3722/3/1 3710/3/1
f 3513/3/4 3721/3/4 3720/3/4 3722/3/4
f 3710/3/6 3722/3/6 3720/3/6 3712/3/6
f 3495/3/5 3494/3/5 3721/3/5 3513/3/5
f 3500/3/2 3723/3/2 3724/3/2 3523/3/2
f 3517/3/1 3518/3/1 3725/3/1 3726/3/1
f 3517/3/3 3726/3/3 3723/3/3 3500/3/3
f 3518/3/4 3523/3/4 3724/3/4 3725/3/4
f 3726/3/6 3725/3/6 3724/3/6 3723/3/6
f 3517/3/5 3500/3/5 3523/3/5 3518/3/5
f 3529/4/1 3528/4/1 3727/4/1 3716/4/1
f 3528/4/4 3530/4/4 3728/4/4 3727/4/4
f 3716/4/6 3727/4/6 3728/4/6 3729/4/6
f 3530/3/4 3730/3/4 3731/3/4 3728/3/4
f 3729/3/6 3728/3/6 3731/3/6 3732/3/6
f 3506/3/5 3505/3/5 3730/3/5 3530/3/5
f 3730/3/4 3532/3/4 3733/3/4 3731/3/4
f 3732/3/6 3731/3/6 3733/3/6 3734/3/6
f 3505/3/5 3507/3/5 3532/3/5 3730/3/5
f 3534/3/4 3533/3/4 3735/3/4 3736/3/4
f 3737/3/6 3736/3/6 3735/3/6 3738/3/6
f 3738/3/6 3735/3/6 3739/3/6 3740/3/6
f 3509/3/5 3508/3/5 3535/3/5 3533/3/5
f 3535/3/4 3551/3/4 3741/3/4 3739/3/4
f 3740/3/6 3739/3/6 3741/3/6 3742/3/6
f 3510/3/2 3718/3/2 3743/3/2 3537/3/2
f 3742/3/6 3741/3/6 3743/3/6 3718/3/6
f 3515/3/2 3719/3/2 3744/3/2 3538/3/2
f 3511/3/1 3536/3/1 3745/3/1 3717/3/1
f 3536/3/4 3538/3/4 3744/3/4 3745/3/4
f 3532/3/1 3543/3/1 3746/3/1 3733/3/1
f 3543/3/4 3545/3/4 3747/3/4 3746/3/4
f 3733/3/6 3746/3/6 3747/3/6 3748/3/6
f 3534/3/2 3736/3/2 3749/3/2 3546/3/2
f 3545/3/4 3546/3/4 3749/3/4 3747/3/4
f 3748/3/6 3747/3/6 3749/3/6 3736/3/6
f 3535/3/2 3739/3/2 3750/3/2 3549/3/2
f 3533/3/1 3548/3/1 3751/3/1 3735/3/1
f 3548/3/4 3549/3/4 3750/3/4 3751/3/4
f 3537/3/2 3743/3/2 3752/3/2 3552/3/2
f 3551/3/1 3550/3/1 3753/3/1 3741/3/1
f 3550/3/4 3552/3/4 3752/3/4 3753/3/4
f 3741/3/6 3753/3/6 3752/3/6 3743/3/6
f 3754/2/2 3755/2/2 3756/2/2 3567/2/2
f 3757/2/1 3570/2/1 3758/2/1 3759/2/1
f 3757/2/3 3759/2/3 3755/2/3 3754/2/3
f 3757/2/5 3754/2/5 3567/2/5 3570/2/5
f 3760/3/2 3761/3/2 3762/3/2 3576/3/2
f 3763/3/1 3764/3/1 3765/3/1 3766/3/1
f 3763/3/3 3766/3/3 3761/3/3 3760/3/3
f 3763/3/5 3760/3/5 3576/3/5 3764/3/5
f 3555/3/1 3554/3/1 3767/3/1 3768/3/1
f 3555/3/3 3768/3/3 3769/3/3 3556/3/3
f 3557/3/2 3770/3/2 3771/3/2 3558/3/2
f 3556/3/3 3769/3/3 3770/3/3 3557/3/3
f 3559/3/2 3772/3/2 3773/3/2 3560/3/2
f 3562/3/1 3561/3/1 3774/3/1 3775/3/1
f 3562/3/3 3775/3/3 3772/3/3 3559/3/3
f 3570/2/1 3569/2/1 3776/2/1 3758/2/1
f 3569/2/4 3568/2/4 3777/2/4 3776/2/4
f 3778/1/2 3779/1/2 3780/1/2 3781/1/2
f 3567/1/3 3756/1/3 3779/1/3 3778/1/3
f 3568/1/4 3781/1/4 3780/1/4 3777/1/4
f 3756/1/6 3777/1/6 3780/1/6 3779/1/6
f 3567/1/5 3778/1/5 3781/1/5 3568/1/5
f 3764/3/1 3587/3/1 3782/3/1 3765/3/1
f 3764/3/5 3576/3/5 3575/3/5 3587/3/5
f 3576/4/3 3762/4/3 3783/4/3 3577/4/3
f 3577/3/3 3783/3/3 3784/3/3 3578/3/3
f 3578/3/3 3784/3/3 3785/3/3 3579/3/3
f 3579/3/3 3785/3/3 3767/3/3 3554/3/3
f 3558/3/3 3771/3/3 3774/3/3 3561/3/3
f 3560/3/3 3773/3/3 3786/3/3 3565/3/3
f 3564/4/2 3787/4/2 3788/4/2 3580/4/2
f 3565/4/3 3786/4/3 3787/4/3 3564/4/3
f 3581/3/2 3789/3/2 3790/3/2 3582/3/2
f 3584/3/1 3583/3/1 3791/3/1 3792/3/1
f 3584/3/3 3792/3/3 3789/3/3 3581/3/3
f 3792/3/6 3791/3/6 3790/3/6 3789/3/6
f 3586/3/1 3585/3/1 3793/3/1 3794/3/1
f 3586/3/3 3794/3/3 3795/3/3 3573/3/3
f 3794/3/6 3793/3/6 3796/3/6 3795/3/6
f 3573/3/3 3795/3/3 3797/3/3 3572/3/3
f 3795/3/6 3796/3/6 3798/3/6 3797/3/6
f 3572/3/3 3797/3/3 3782/3/3 3587/3/3
f 3797/3/6 3798/3/6 3799/3/6 3782/3/6
f 3580/3/3 3788/3/3 3791/3/3 3583/3/3
f 3788/3/6 3800/3/6 3801/3/6 3791/3/6
f 3791/3/6 3801/3/6 3802/3/6 3790/3/6
f 3588/4/2 3803/4/2 3804/4/2 3592/4/2
f 3582/4/3 3790/4/3 3803/4/3 3588/4/3
f 3790/4/6 3802/4/6 3804/4/6 3803/4/6
f 3585/4/1 3601/4/1 3805/4/1 3793/4/1
f 3601/4/4 3611/4/4 3806/4/4 3805/4/4
f 3793/4/6 3805/4/6 3806/4/6 3796/4/6
f 3796/3/6 3806/3/6 3807/3/6 3798/3/6
f 3798/3/6 3807/3/6 3808/3/6 3799/3/6
f 3799/3/6 3808/3/6 3809/3/6 3810/3/6
f 3592/3/2 3804/3/2 3811/3/2 3602/3/2
f 3802/3/6 3812/3/6 3811/3/6 3804/3/6
f 3611/3/1 3610/3/1 3813/3/1 3806/3/1
f 3806/3/6 3813/3/6 3814/3/6 3807/3/6
f 3807/3/6 3814/3/6 3815/3/6 3808/3/6
f 3808/3/6 3815/3/6 3816/3/6 3809/3/6
f 3817/3/6 3818/3/6 3819/3/6 3812/3/6
f 3602/3/2 3811/3/2 3820/3/2 3612/3/2
f 3812/3/6 3819/3/6 3820/3/6 3811/3/6
f 3610/3/1 3618/3/1 3821/3/1 3813/3/1
f 3813/3/6 3821/3/6 3822/3/6 3814/3/6
f 3814/4/6 3822/4/6 3823/4/6 3815/4/6
f 3815/3/6 3823/3/6 3824/3/6 3816/3/6
f 3818/4/6 3825/4/6 3826/4/6 3819/4/6
f 3612/3/2 3820/3/2 3827/3/2 3619/3/2
f 3819/3/6 3826/3/6 3827/3/6 3820/3/6
f 3614/5/1 3621/5/1 3828/5/1 3829/5/1
f 3614/5/3 3829/5/3 3830/5/3 3615/5/3
f 3829/5/6 3828/5/6 3831/5/6 3830/5/6
f 3615/5/3 3830/5/3 3832/5/3 3623/5/3
f 3630/5/4 3624/5/4 3833/5/4 3831/5/4
f 3834/5/2 3835/5/2 3836/5/2 3837/5/2
f 3623/5/3 3832/5/3 3835/5/3 3834/5/3
f 3624/5/4 3837/5/4 3836/5/4 3833/5/4
f 3623/5/5 3834/5/5 3837/5/5 3624/5/5
f 3838/2/2 3839/2/2 3840/2/2 3631/2/2
f 3841/2/1 3634/2/1 3842/2/1 3843/2/1
f 3841/2/3 3843/2/3 3839/2/3 3838/2/3
f 3841/2/5 3838/2/5 3631/2/5 3634/2/5
f 3617/3/2 3844/3/2 3845/3/2 3626/3/2
f 3616/3/1 3625/3/1 3846/3/1 3847/3/1
f 3616/3/3 3847/3/3 3844/3/3 3617/3/3
f 3847/3/6 3846/3/6 3845/3/6 3844/3/6
f 3618/3/1 3627/3/1 3848/3/1 3821/3/1
f 3821/3/6 3848/3/6 3849/3/6 3822/3/6
f 3822/3/6 3849/3/6 3850/3/6 3823/3/6
f 3823/3/6 3850/3/6 3851/3/6 3824/3/6
f 3619/3/3 3827/3/3 3852/3/3 3620/3/3
f 3636/3/4 3639/3/4 3853/3/4 3854/3/4
f 3827/3/6 3854/3/6 3853/3/6 3852/3/6
f 3620/3/3 3852/3/3 3828/3/3 3621/3/3
f 3639/3/4 3641/3/4 3855/3/4 3853/3/4
f 3852/3/6 3853/3/6 3855/3/6 3828/3/6
f 3630/3/2 3831/3/2 3856/3/2 3629/3/2
f 3641/3/4 3629/3/4 3856/3/4 3855/3/4
f 3828/3/6 3855/3/6 3856/3/6 3831/3/6
f 3631/2/2 3840/2/2 3857/2/2 3632/2/2
f 3634/2/1 3633/2/1 3858/2/1 3842/2/1
f 3625/4/1 3635/4/1 3859/4/1 3846/4/1
f 3846/4/6 3859/4/6 3860/4/6 3845/4/6
f 3626/3/3 3845/3/3 3848/3/3 3627/3/3
f 3648/3/4 3651/3/4 3861/3/4 3860/3/4
f 3845/3/6 3860/3/6 3861/3/6 3848/3/6
f 3636/3/2 3854/3/2 3862/3/2 3637/3/2
f 3863/3/6 3864/3/6 3862/3/6 3854/3/6
f 3632/2/2 3857/2/2 3865/2/2 3643/2/2
f 3633/2/1 3646/2/1 3866/2/1 3858/2/1
f 3646/2/4 3643/2/4 3865/2/4 3866/2/4
f 3648/4/2 3860/4/2 3867/4/2 3649/4/2
f 3635/4/1 3647/4/1 3868/4/1 3859/4/1
f 3859/4/6 3868/4/6 3867/4/6 3860/4/6
f 3651/3/1 3650/3/1 3869/3/1 3861/3/1
f 3861/3/6 3869/3/6 3870/3/6 3871/3/6
f 3871/3/6 3870/3/6 3872/3/6 3873/3/6
f 3873/3/6 3872/3/6 3874/3/6 3875/3/6
f 3876/3/6 3877/3/6 3878/3/6 3864/3/6
f 3638/5/2 3879/5/2 3880/5/2 3652/5/2
f 3637/5/3 3862/5/3 3879/5/3 3638/5/3
f 3658/5/4 3652/5/4 3880/5/4 3881/5/4
f 3649/3/2 3867/3/2 3882/3/2 3656/3/2
f 3647/3/1 3655/3/1 3883/3/1 3868/3/1
f 3655/3/4 3656/3/4 3882/3/4 3883/3/4
f 3868/3/6 3883/3/6 3882/3/6 3867/3/6
f 3650/4/1 3657/4/1 3884/4/1 3869/4/1
f 3869/4/6 3884/4/6 3885/4/6 3870/4/6
f 3870/4/6 3885/4/6 3886/4/6 3872/4/6
f 3872/3/6 3886/3/6 3887/3/6 3874/3/6
f 3877/3/6 3888/3/6 3889/3/6 3878/3/6
f 3658/3/2 3881/3/2 3890/3/2 3659/3/2
f 3878/3/6 3889/3/6 3890/3/6 3881/3/6
f 3656/3/1 3664/3/1 3891/3/1 3882/3/1
f 3656/3/3 3882/3/3 3884/3/3 3657/3/3
f 3664/3/4 3672/3/4 3892/3/4 3891/3/4
f 3882/3/6 3891/3/6 3892/3/6 3884/3/6
f 3659/3/2 3890/3/2 3893/3/2 3665/3/2
f 3889/3/6 3894/3/6 3893/3/6 3890/3/6
f 3664/3/2 3891/3/2 3895/3/2 3670/3/2
f 3663/3/1 3669/3/1 3896/3/1 3897/3/1
f 3663/3/3 3897/3/3 3891/3/3 3664/3/3
f 3669/3/4 3670/3/4 3895/3/4 3896/3/4
f 3897/3/6 3896/3/6 3895/3/6 3891/3/6
f 3672/3/1 3671/3/1 3898/3/1 3892/3/1
f 3892/3/6 3898/3/6 3899/3/6 3900/3/6
f 3900/3/6 3899/3/6 3901/3/6 3902/3/6
f 3902/3/6 3901/3/6 3903/3/6 3904/3/6
f 3665/3/3 3893/3/3 3905/3/3 3666/3/3
f 3683/3/4 3686/3/4 3906/3/4 3907/3/4
f 3893/3/6 3907/3/6 3906/3/6 3905/3/6
f 3666/3/3 3905/3/3 3908/3/3 3667/3/3
f 3686/3/4 3688/3/4 3909/3/4 3906/3/4
f 3905/3/6 3906/3/6 3909/3/6 3908/3/6
f 3668/3/2 3910/3/2 3911/3/2 3675/3/2
f 3667/3/3 3908/3/3 3910/3/3 3668/3/3
f 3688/3/4 3675/3/4 3911/3/4 3909/3/4
f 3908/3/6 3909/3/6 3911/3/6 3910/3/6
f 3671/4/1 3682/4/1 3912/4/1 3898/4/1
f 3898/4/6 3912/4/6 3913/4/6 3899/4/6
f 3899/3/6 3913/3/6 3914/3/6 3901/3/6
f 3901/3/6 3914/3/6 3915/3/6 3903/3/6
f 3916/3/6 3917/3/6 3918/3/6 3919/3/6
f 3683/4/2 3907/4/2 3920/4/2 3684/4/2
f 3919/4/6 3918/4/6 3920/4/6 3907/4/6
f 3681/3/1 3696/3/1 3921/3/1 3922/3/1
f 3681/3/3 3922/3/3 3912/3/3 3682/3/3
f 3922/3/6 3921/3/6 3923/3/6 3912/3/6
f 3912/3/6 3923/3/6 3924/3/6 3913/3/6
f 3913/3/6 3924/3/6 3925/3/6 3914/3/6
f 3914/3/6 3925/3/6 3926/3/6 3915/3/6
f 3917/3/6 3927/3/6 3928/3/6 3918/3/6
f 3684/3/2 3920/3/2 3929/3/2 3697/3/2
f 3918/3/6 3928/3/6 3929/3/6 3920/3/6
f 3691/1/2 3930/1/2 3931/1/2 3701/1/2
f 3690/1/1 3704/1/1 3932/1/1 3933/1/1
f 3690/1/3 3933/1/3 3930/1/3 3691/1/3
f 3704/1/4 3701/1/4 3931/1/4 3932/1/4
f 3933/1/6 3932/1/6 3931/1/6 3930/1/6
f 3696/3/1 3705/3/1 3934/3/1 3921/3/1
f 3705/3/4 3706/3/4 3935/3/4 3934/3/4
f 3921/3/6 3934/3/6 3935/3/6 3923/3/6
f 3706/4/4 3707/4/4 3936/4/4 3935/4/4
f 3923/4/6 3935/4/6 3936/4/6 3924/4/6
f 3707/4/4 3708/4/4 3937/4/4 3936/4/4
f 3924/4/6 3936/4/6 3937/4/6 3925/4/6
f 3697/3/2 3929/3/2 3938/3/2 3710/3/2
f 3928/3/6 3939/3/6 3938/3/6 3929/3/6
f 3708/3/1 3940/3/1 3941/3/1 3937/3/1
f 3940/3/4 3715/3/4 3942/3/4 3941/3/4
f 3708/3/5 3709/3/5 3715/3/5 3940/3/5
f 3715/3/4 3716/3/4 3943/3/4 3942/3/4
f 3716/3/4 3729/3/4 3944/3/4 3943/3/4
f 3729/3/4 3732/3/4 3945/3/4 3944/3/4
f 3732/3/4 3734/3/4 3946/3/4 3945/3/4
f 3737/3/4 3738/3/4 3947/3/4 3948/3/4
f 3738/3/4 3740/3/4 3949/3/4 3947/3/4
f 3740/3/4 3742/3/4 3950/3/4 3949/3/4
f 3742/3/4 3718/3/4 3951/3/4 3950/3/4
f 3718/3/4 3717/3/4 3952/3/4 3951/3/4
f 3953/3/6 3951/3/6 3952/3/6 3954/3/6
f 3954/3/6 3952/3/6 3955/3/6 3939/3/6
f 3710/3/2 3938/3/2 3956/3/2 3722/3/2
f 3719/3/4 3722/3/4 3956/3/4 3955/3/4
f 3939/3/6 3955/3/6 3956/3/6 3938/3/6
f 3711/3/5 3710/3/5 3722/3/5 3719/3/5
f 3734/3/1 3733/3/1 3957/3/1 3946/3/1
f 3733/3/4 3748/3/4 3958/3/4 3957/3/4
f 3737/4/2 3948/4/2 3959/4/2 3736/4/2
f 3748/4/4 3736/4/4 3959/4/4 3958/4/4
f 3719/4/2 3955/4/2 3960/4/2 3744/4/2
f 3717/4/1 3745/4/1 3961/4/1 3952/4/1
f 3745/4/4 3744/4/4 3960/4/4 3961/4/4
f 3952/4/6 3961/4/6 3960/4/6 3955/4/6
f 3962/3/2 3963/3/2 3964/3/2 3965/3/2
f 3966/3/1 3967/3/1 3968/3/1 3969/3/1
f 3966/3/3 3969/3/3 3963/3/3 3962/3/3
f 3967/3/4 3965/3/4 3964/3/4 3968/3/4
f 3966/3/5 3962/3/5 3965/3/5 3967/3/5
f 3739/3/2 3970/3/2 3971/3/2 3750/3/2
f 3735/3/1 3751/3/1 3972/3/1 3973/3/1
f 3735/3/3 3973/3/3 3970/3/3 3739/3/3
f 3751/3/4 3750/3/4 3971/3/4 3972/3/4
f 3755/2/2 3974/2/2 3975/2/2 3756/2/2
f 3759/2/1 3758/2/1 3976/2/1 3977/2/1
f 3759/2/3 3977/2/3 3974/2/3 3755/2/3
f 3977/2/6 3976/2/6 3975/2/6 3974/2/6
f 3761/3/2 3978/3/2 3979/3/2 3762/3/2
f 3766/3/1 3765/3/1 3980/3/1 3981/3/1
f 3766/3/3 3981/3/3 3978/3/3 3761/3/3
f 3981/3/6 3980/3/6 3979/3/6 3978/3/6
f 3982/3/1 3785/3/1 3983/3/1 3984/3/1
f 3982/3/3 3984/3/3 3985/3/3 3768/3/3
f 3982/3/5 3768/3/5 3767/3/5 3785/3/5
f 3768/3/3 3985/3/3 3986/3/3 3769/3/3
f 3770/3/2 3987/3/2 3988/3/2 3771/3/2
f 3769/3/3 3986/3/3 3987/3/3 3770/3/3
f 3772/3/2 3989/3/2 3990/3/2 3773/3/2
f 3775/3/1 3774/3/1 3991/3/1 3992/3/1
f 3775/3/3 3992/3/3 3989/3/3 3772/3/3
f 3992/3/6 3991/3/6 3990/3/6 3989/3/6
f 3756/2/2 3975/2/2 3993/2/2 3777/2/2
f 3758/2/1 3776/2/1 3994/2/1 3976/2/1
f 3776/2/4 3777/2/4 3993/2/4 3994/2/4
f 3765/3/1 3782/3/1 3995/3/1 3980/3/1
f 3762/3/3 3979/3/3 3996/3/3 3783/3/3
f 3979/3/6 3997/3/6 3998/3/6 3996/3/6
f 3783/3/3 3996/3/3 3999/3/3 3784/3/3
f 3996/3/6 3998/3/6 4000/3/6 3999/3/6
f 3784/4/3 3999/4/3 3983/4/3 3785/4/3
f 3999/4/6 4000/4/6 4001/4/6 3983/4/6
f 3771/3/3 3988/3/3 3991/3/3 3774/3/3
f 3988/3/6 4002/3/6 4003/3/6 3991/3/6
f 3991/3/6 4003/3/6 4004/3/6 3990/3/6
f 3773/3/3 3990/3/3 4005/3/3 3786/3/3
f 3990/3/6 4004/3/6 4006/3/6 4005/3/6
f 3787/3/2 4007/3/2 4008/3/2 3788/3/2
f 3786/3/3 4005/3/3 4007/3/3 3787/3/3
f 4005/3/6 4006/3/6 4008/3/6 4007/3/6
f 3782/3/1 3799/3/1 4009/3/1 3995/3/1
f 3799/3/4 3810/3/4 4010/3/4 4009/3/4
f 3995/3/6 4009/3/6 4010/3/6 3997/3/6
f 3998/3/6 4011/3/6 4012/3/6 4000/3/6
f 4001/3/6 4013/3/6 4014/3/6 4015/3/6
f 4002/3/6 4016/3/6 4017/3/6 4003/3/6
f 4004/4/6 4018/4/6 4019/4/6 4006/4/6
f 3788/3/2 4008/3/2 4020/3/2 3800/3/2
f 4006/3/6 4019/3/6 4020/3/6 4008/3/6
f 3810/3/1 3809/3/1 4021/3/1 4010/3/1
f 4011/4/6 4022/4/6 4023/4/6 4012/4/6
f 4012/3/6 4023/3/6 4024/3/6 4013/3/6
f 4013/3/6 4024/3/6 4025/3/6 4014/3/6
f 4016/3/6 4026/3/6 4027/3/6 4017/3/6
f 4018/4/6 4028/4/6 4029/4/6 4019/4/6
f 4019/3/6 4029/3/6 4030/3/6 4020/3/6
f 3800/3/3 4020/3/3 4031/3/3 3801/3/3
f 4020/3/6 4030/3/6 4032/3/6 4031/3/6
f 3802/3/2 4033/3/2 4034/3/2 3812/3/2
f 3801/3/3 4031/3/3 4033/3/3 3802/3/3
f 3817/3/4 3812/3/4 4034/3/4 4032/3/4
f 4031/3/6 4032/3/6 4034/3/6 4033/3/6
f 3809/3/1 3816/3/1 4035/3/1 4021/3/1
f 4022/4/6 4036/4/6 4037/4/6 4023/4/6
f 4023/3/6 4037/3/6 4038/3/6 4024/3/6
f 4024/3/6 4038/3/6 4039/3/6 4025/3/6
f 4026/3/6 4040/3/6 4041/3/6 4027/3/6
f 4028/3/6 4042/3/6 4043/3/6 4029/3/6
f 4029/3/6 4043/3/6 4044/3/6 4030/3/6
f 3817/3/2 4032/3/2 4045/3/2 3818/3/2
f 4030/3/6 4044/3/6 4045/3/6 4032/3/6
f 3816/3/1 3824/3/1 4046/3/1 4035/3/1
f 4035/3/6 4046/3/6 4047/3/6 4036/3/6
f 4037/3/6 4048/3/6 4049/3/6 4038/3/6
f 4038/3/6 4049/3/6 4050/3/6 4039/3/6
f 4040/3/6 4051/3/6 4052/3/6 4041/3/6
f 4042/3/6 4053/3/6 4054/3/6 4043/3/6
f 4043/3/6 4054/3/6 4055/3/6 4044/3/6
f 3818/3/2 4045/3/2 4056/3/2 3825/3/2
f 4044/3/6 4055/3/6 4056/3/6 4045/3/6
f 3830/5/1 3831/5/1 4057/5/1 4058/5/1
f 3830/5/3 4058/5/3 4059/5/3 3832/5/3
f 3831/5/4 3833/5/4 4060/5/4 4057/5/4
f 4058/5/6 4057/5/6 4060/5/6 4059/5/6
f 3832/5/3 4059/5/3 4061/5/3 3835/5/3
f 3833/5/4 3836/5/4 4062/5/4 4060/5/4
f 4063/5/2 4064/5/2 4065/5/2 4066/5/2
f 3835/5/3 4061/5/3 4064/5/3 4063/5/3
f 3836/5/4 4066/5/4 4065/5/4 4062/5/4
f 3835/5/5 4063/5/5 4066/5/5 3836/5/5
f 3843/2/1 3842/2/1 4067/2/1 4068/2/1
f 3843/2/3 4068/2/3 4069/2/3 3839/2/3
f 4070/2/2 4071/2/2 4072/2/2 4073/2/2
f 3839/2/3 4069/2/3 4071/2/3 4070/2/3
f 4069/2/6 4074/2/6 4072/2/6 4071/2/6
f 3839/2/5 4070/2/5 4073/2/5 3840/2/5
f 3824/3/1 3851/3/1 4075/3/1 4046/3/1
f 4046/3/6 4075/3/6 4076/3/6 4047/3/6
f 4048/3/6 4077/3/6 4078/3/6 4049/3/6
f 4049/3/6 4078/3/6 4079/3/6 4050/3/6
f 4051/3/6 4080/3/6 4081/3/6 4052/3/6
f 4052/4/6 4081/4/6 4082/4/6 4053/4/6
f 4054/3/6 4083/3/6 4084/3/6 4055/3/6
f 4055/3/6 4084/3/6 4085/3/6 4056/3/6
f 3825/3/3 4056/3/3 4086/3/3 3826/3/3
f 4056/3/6 4085/3/6 4087/3/6 4086/3/6
f 3827/3/2 4088/3/2 4089/3/2 3854/3/2
f 3826/3/3 4086/3/3 4088/3/3 3827/3/3
f 3863/3/4 3854/3/4 4089/3/4 4087/3/4
f 4086/3/6 4087/3/6 4089/3/6 4088/3/6
f 3842/2/1 3858/2/1 4090/2/1 4067/2/1
f 4073/1/2 4072/1/2 4091/1/2 4092/1/2
f 3857/1/4 4092/1/4 4091/1/4 4093/1/4
f 4074/1/6 4093/1/6 4091/1/6 4072/1/6
f 3840/1/5 4073/1/5 4092/1/5 3857/1/5
f 3848/3/1 3861/3/1 4094/3/1 4095/3/1
f 3848/3/3 4095/3/3 4096/3/3 3849/3/3
f 3861/3/4 3871/3/4 4097/3/4 4094/3/4
f 4095/3/6 4094/3/6 4097/3/6 4096/3/6
f 3849/3/3 4096/3/3 4098/3/3 3850/3/3
f 3871/3/4 3873/3/4 4099/3/4 4097/3/4
f 4096/3/6 4097/3/6 4099/3/6 4098/3/6
f 3850/3/3 4098/3/3 4075/3/3 3851/3/3
f 3873/3/4 3875/3/4 4100/3/4 4099/3/4
f 4098/3/6 4099/3/6 4100/3/6 4075/3/6
f 4084/3/6 4101/3/6 4102/3/6 4085/3/6
f 3863/3/2 4087/3/2 4103/3/2 3864/3/2
f 3876/3/4 3864/3/4 4103/3/4 4102/3/4
f 4085/3/6 4102/3/6 4103/3/6 4087/3/6
f 3857/2/2 4093/2/2 4104/2/2 3865/2/2
f 3858/2/1 3866/2/1 4105/2/1 4090/2/1
f 3866/2/4 3865/2/4 4104/2/4 4105/2/4
f 3875/3/1 3874/3/1 4106/3/1 4100/3/1
f 4100/3/6 4106/3/6 4107/3/6 4108/3/6
f 4109/3/6 4110/3/6 4111/3/6 4112/3/6
f 4112/3/6 4111/3/6 4113/3/6 4114/3/6
f 4115/3/6 4116/3/6 4117/3/6 4118/3/6
f 4118/3/6 4117/3/6 4119/3/6 4120/3/6
f 4120/3/6 4119/3/6 4121/3/6 4122/3/6
f 4122/3/6 4121/3/6 4123/3/6 4101/3/6
f 3876/3/2 4102/3/2 4124/3/2 3877/3/2
f 4101/3/6 4123/3/6 4124/3/6 4102/3/6
f 3864/5/1 3878/5/1 4125/5/1 4103/5/1
f 3864/5/3 4103/5/3 4126/5/3 3862/5/3
f 3878/5/4 3881/5/4 4127/5/4 4125/5/4
f 4103/5/6 4125/5/6 4127/5/6 4126/5/6
f 3862/5/3 4126/5/3 4128/5/3 3879/5/3
f 3881/5/4 3880/5/4 4129/5/4 4127/5/4
f 4130/5/2 4131/5/2 4132/5/2 4133/5/2
f 3879/5/3 4128/5/3 4131/5/3 4130/5/3
f 3880/5/4 4133/5/4 4132/5/4 4129/5/4
f 3879/5/5 4130/5/5 4133/5/5 3880/5/5
f 3874/3/1 3887/3/1 4134/3/1 4106/3/1
f 4106/3/6 4134/3/6 4135/3/6 4107/3/6
f 4110/3/6 4136/3/6 4137/3/6 4111/3/6
f 4111/3/6 4137/3/6 4138/3/6 4113/3/6
f 4116/3/6 4139/3/6 4140/3/6 4117/3/6
f 4117/3/6 4140/3/6 4141/3/6 4119/3/6
f 4119/4/6 4141/4/6 4142/4/6 4121/4/6
f 4121/3/6 4142/3/6 4143/3/6 4123/3/6
f 3877/3/2 4124/3/2 4144/3/2 3888/3/2
f 4123/3/6 4143/3/6 4144/3/6 4124/3/6
f 4145/2/2 4146/2/2 4147/2/2 4148/2/2
f 4149/2/1 4150/2/1 4151/2/1 4152/2/1
f 4149/2/3 4152/2/3 4146/2/3 4145/2/3
f 4150/2/4 4148/2/4 4147/2/4 4151/2/4
f 4149/2/5 4145/2/5 4148/2/5 4150/2/5
f 3884/3/1 3892/3/1 4153/3/1 4154/3/1
f 3884/3/3 4154/3/3 4155/3/3 3885/3/3
f 3892/3/4 3900/3/4 4156/3/4 4153/3/4
f 4154/3/6 4153/3/6 4156/3/6 4155/3/6
f 3885/3/3 4155/3/3 4157/3/3 3886/3/3
f 3900/3/4 3902/3/4 4158/3/4 4156/3/4
f 4155/3/6 4156/3/6 4158/3/6 4157/3/6
f 3886/3/3 4157/3/3 4134/3/3 3887/3/3
f 3902/3/4 3904/3/4 4159/3/4 4158/3/4
f 4157/3/6 4158/3/6 4159/3/6 4134/3/6
f 4143/3/6 4160/3/6 4161/3/6 4144/3/6
f 3889/4/2 4162/4/2 4163/4/2 3894/4/2
f 3888/4/3 4144/4/3 4162/4/3 3889/4/3
f 4144/4/6 4161/4/6 4163/4/6 4162/4/6
f 3904/3/1 3903/3/1 4164/3/1 4159/3/1
f 4159/3/6 4164/3/6 4165/3/6 4166/3/6
f 4167/3/6 4168/3/6 4169/3/6 4170/3/6
f 4170/3/6 4169/3/6 4171/3/6 4172/3/6
f 4173/3/6 4174/3/6 4175/3/6 4176/3/6
f 4176/3/6 4175/3/6 4177/3/6 4178/3/6
f 4179/3/6 4180/3/6 4181/3/6 4160/3/6
f 4160/3/6 4181/3/6 4182/3/6 4161/3/6
f 3916/3/4 3919/3/4 4183/3/4 4182/3/4
f 4161/3/6 4182/3/6 4183/3/6 4163/3/6
f 3893/3/2 4184/3/2 4185/3/2 3907/3/2
f 3894/3/3 4163/3/3 4184/3/3 3893/3/3
f 3919/3/4 3907/3/4 4185/3/4 4183/3/4
f 4163/3/6 4183/3/6 4185/3/6 4184/3/6
f 3903/3/1 3915/3/1 4186/3/1 4164/3/1
f 4164/3/6 4186/3/6 4187/3/6 4165/3/6
f 4168/3/6 4188/3/6 4189/3/6 4169/3/6
f 4169/3/6 4189/3/6 4190/3/6 4171/3/6
f 4174/3/6 4191/3/6 4192/3/6 4175/3/6
f 4177/4/6 4193/4/6 4194/4/6 4180/4/6
f 4180/3/6 4194/3/6 4195/3/6 4181/3/6
f 3916/3/2 4182/3/2 4196/3/2 3917/3/2
f 4181/3/6 4195/3/6 4196/3/6 4182/3/6
f 3915/3/1 3926/3/1 4197/3/1 4186/3/1
f 4187/3/6 4198/3/6 4199/3/6 4188/3/6
f 4188/3/6 4199/3/6 4200/3/6 4189/3/6
f 4189/4/6 4200/4/6 4201/4/6 4190/4/6
f 4191/3/6 4202/3/6 4203/3/6 4192/3/6
f 4193/3/6 4204/3/6 4205/3/6 4194/3/6
f 4194/3/6 4205/3/6 4206/3/6 4195/3/6
f 3917/3/2 4196/3/2 4207/3/2 3927/3/2
f 4195/3/6 4206/3/6 4207/3/6 4196/3/6
f 3925/3/1 3937/3/1 4208/3/1 4209/3/1
f 3925/3/3 4209/3/3 4197/3/3 3926/3/3
f 4209/3/6 4208/3/6 4210/3/6 4197/3/6
f 4198/3/6 4211/3/6 4212/3/6 4199/3/6
f 4199/3/6 4212/3/6 4213/3/6 4200/3/6
f 4200/3/6 4213/3/6 4214/3/6 4201/3/6
f 4202/3/6 4215/3/6 4216/3/6 4203/3/6
f 4204/3/6 4217/3/6 4218/3/6 4205/3/6
f 4205/3/6 4218/3/6 4219/3/6 4206/3/6
f 3953/3/4 3954/3/4 4220/3/4 4219/3/4
f 4206/3/6 4219/3/6 4220/3/6 4207/3/6
f 3928/3/2 4221/3/2 4222/3/2 3939/3/2
f 3927/3/3 4207/3/3 4221/3/3 3928/3/3
f 3954/3/4 3939/3/4 4222/3/4 4220/3/4
f 4207/3/6 4220/3/6 4222/3/6 4221/3/6
f 3931/1/2 4223/1/2 4224/1/2 4225/1/2
f 3932/1/1 4226/1/1 4227/1/1 4228/1/1
f 3932/1/3 4228/1/3 4223/1/3 3931/1/3
f 4226/1/4 4225/1/4 4224/1/4 4227/1/4
f 4228/1/6 4227/1/6 4224/1/6 4223/1/6
f 3932/1/5 3931/1/5 4225/1/5 4226/1/5
f 3937/3/1 3941/3/1 4229/3/1 4208/3/1
f 3941/3/4 3942/3/4 4230/3/4 4229/3/4
f 4208/3/6 4229/3/6 4230/3/6 4210/3/6
f 3942/3/4 3943/3/4 4231/3/4 4230/3/4
f 3943/3/4 3944/3/4 4232/3/4 4231/3/4
f 4211/3/6 4231/3/6 4232/3/6 4212/3/6
f 3944/3/4 3945/3/4 4233/3/4 4232/3/4
f 3948/3/4 3947/3/4 4234/3/4 4235/3/4
f 4215/3/6 4235/3/6 4234/3/6 4216/3/6
f 3947/3/4 3949/3/4 4236/3/4 4234/3/4
f 3949/4/4 3950/4/4 4237/4/4 4236/4/4
f 4217/4/6 4236/4/6 4237/4/6 4218/4/6
f 3953/3/2 4219/3/2 4238/3/2 3951/3/2
f 3950/3/4 3951/3/4 4238/3/4 4237/3/4
f 4218/3/6 4237/3/6 4238/3/6 4219/3/6
f 3945/3/1 4239/3/1 4240/3/1 4233/3/1
f 4239/3/4 3957/3/4 4241/3/4 4240/3/4
f 3945/3/5 3946/3/5 3957/3/5 4239/3/5
f 3957/3/4 3958/3/4 4242/3/4 4241/3/4
f 3948/3/2 4235/3/2 4243/3/2 3959/3/2
f 3958/3/4 3959/3/4 4243/3/4 4242/3/4
f 3963/3/2 4244/3/2 4245/3/2 3964/3/2
f 3969/3/1 3968/3/1 4246/3/1 4247/3/1
f 3969/3/3 4247/3/3 4244/3/3 3963/3/3
f 3968/3/4 3964/3/4 4245/3/4 4246/3/4
f 4247/3/6 4246/3/6 4245/3/6 4244/3/6
f 3970/3/2 4248/3/2 4249/3/2 3971/3/2
f 3973/3/1 3972/3/1 4250/3/1 4251/3/1
f 3973/3/3 4251/3/3 4248/3/3 3970/3/3
f 3972/3/4 3971/3/4 4249/3/4 4250/3/4
f 4251/3/6 4250/3/6 4249/3/6 4248/3/6
f 3984/3/1 3983/3/1 4252/3/1 4253/3/1
f 3984/3/3 4253/3/3 4254/3/3 3985/3/3
f 4253/3/6 4252/3/6 4255/3/6 4254/3/6
f 3985/3/3 4254/3/3 4256/3/3 3986/3/3
f 4254/3/6 4255/3/6 4257/3/6 4256/3/6
f 3987/4/2 4258/4/2 4259/4/2 3988/4/2
f 3986/4/3 4256/4/3 4258/4/3 3987/4/3
f 4256/4/6 4257/4/6 4259/4/6 4258/4/6
f 3975/2/2 4260/2/2 4261/2/2 3993/2/2
f 3976/2/1 3994/2/1 4262/2/1 4263/2/1
f 3976/2/3 4263/2/3 4260/2/3 3975/2/3
f 3994/2/4 3993/2/4 4261/2/4 4262/2/4
f 3979/4/2 4264/4/2 4265/4/2 3997/4/2
f 3980/4/1 3995/4/1 4266/4/1 4267/4/1
f 3980/4/3 4267/4/3 4264/4/3 3979/4/3
f 3995/4/4 3997/4/4 4265/4/4 4266/4/4
f 4267/4/6 4266/4/6 4265/4/6 4264/4/6
f 3983/3/1 4001/3/1 4268/3/1 4252/3/1
f 4001/3/4 4015/3/4 4269/3/4 4268/3/4
f 4252/3/6 4268/3/6 4269/3/6 4255/3/6
f 4255/3/6 4269/3/6 4270/3/6 4257/3/6
f 3988/3/2 4259/3/2 4271/3/2 4002/3/2
f 4257/3/6 4270/3/6 4271/3/6 4259/3/6
f 3998/4/2 4272/4/2 4273/4/2 4011/4/2
f 3997/4/1 4010/4/1 4274/4/1 4265/4/1
f 3997/4/3 4265/4/3 4272/4/3 3998/4/3
f 4265/4/6 4274/4/6 4273/4/6 4272/4/6
f 4001/4/2 4268/4/2 4275/4/2 4013/4/2
f 4000/4/1 4012/4/1 4276/4/1 4277/4/1
f 4000/4/3 4277/4/3 4268/4/3 4001/4/3
f 4012/4/4 4013/4/4 4275/4/4 4276/4/4
f 4277/4/6 4276/4/6 4275/4/6 4268/4/6
f 4015/3/1 4014/3/1 4278/3/1 4269/3/1
f 4269/3/6 4278/3/6 4279/3/6 4270/3/6
f 4002/3/2 4271/3/2 4280/3/2 4016/3/2
f 4270/3/6 4279/3/6 4280/3/6 4271/3/6
f 4004/3/2 4281/3/2 4282/3/2 4018/3/2
f 4003/3/1 4017/3/1 4283/3/1 4284/3/1
f 4003/3/3 4284/3/3 4281/3/3 4004/3/3
f 4284/3/6 4283/3/6 4282/3/6 4281/3/6
f 4011/4/2 4273/4/2 4285/4/2 4022/4/2
f 4010/4/1 4021/4/1 4286/4/1 4274/4/1
f 4274/4/6 4286/4/6 4285/4/6 4273/4/6
f 4014/4/1 4025/4/1 4287/4/1 4278/4/1
f 4278/4/6 4287/4/6 4288/4/6 4279/4/6
f 4016/3/2 4280/3/2 4289/3/2 4026/3/2
f 4279/3/6 4288/3/6 4289/3/6 4280/3/6
f 4018/3/2 4282/3/2 4290/3/2 4028/3/2
f 4017/3/1 4027/3/1 4291/3/1 4283/3/1
f 4283/3/6 4291/3/6 4290/3/6 4282/3/6
f 4022/4/2 4285/4/2 4292/4/2 4036/4/2
f 4021/4/1 4035/4/1 4293/4/1 4286/4/1
f 4035/4/4 4036/4/4 4292/4/4 4293/4/4
f 4286/4/6 4293/4/6 4292/4/6 4285/4/6
f 4025/3/1 4039/3/1 4294/3/1 4287/3/1
f 4287/3/6 4294/3/6 4295/3/6 4288/3/6
f 4026/3/2 4289/3/2 4296/3/2 4040/3/2
f 4288/3/6 4295/3/6 4296/3/6 4289/3/6
f 4028/3/2 4290/3/2 4297/3/2 4042/3/2
f 4027/3/1 4041/3/1 4298/3/1 4291/3/1
f 4291/3/6 4298/3/6 4297/3/6 4290/3/6
f 4037/4/2 4299/4/2 4300/4/2 4048/4/2
f 4036/4/1 4047/4/1 4301/4/1 4292/4/1
f 4036/4/3 4292/4/3 4299/4/3 4037/4/3
f 4292/4/6 4301/4/6 4300/4/6 4299/4/6
f 4039/3/1 4050/3/1 4302/3/1 4294/3/1
f 4294/3/6 4302/3/6 4303/3/6 4295/3/6
f 4040/3/2 4296/3/2 4304/3/2 4051/3/2
f 4295/3/6 4303/3/6 4304/3/6 4296/3/6
f 4042/3/2 4297/3/2 4305/3/2 4053/3/2
f 4041/3/1 4052/3/1 4306/3/1 4298/3/1
f 4052/3/4 4053/3/4 4305/3/4 4306/3/4
f 4298/3/6 4306/3/6 4305/3/6 4297/3/6
f 4059/5/1 4060/5/1 4307/5/1 4308/5/1
f 4059/5/3 4308/5/3 4309/5/3 4061/5/3
f 4060/5/4 4062/5/4 4310/5/4 4307/5/4
f 4308/5/6 4307/5/6 4310/5/6 4309/5/6
f 4064/5/2 4311/5/2 4312/5/2 4065/5/2
f 4061/5/3 4309/5/3 4311/5/3 4064/5/3
f 4062/5/4 4065/5/4 4312/5/4 4310/5/4
f 4309/5/6 4310/5/6 4312/5/6 4311/5/6
f 4069/2/2 4313/2/2 4314/2/2 4074/2/2
f 4068/2/1 4067/2/1 4315/2/1 4316/2/1
f 4068/2/3 4316/2/3 4313/2/3 4069/2/3
f 4316/2/6 4315/2/6 4314/2/6 4313/2/6
f 4048/4/2 4300/4/2 4317/4/2 4077/4/2
f 4047/4/1 4076/4/1 4318/4/1 4301/4/1
f 4301/4/6 4318/4/6 4317/4/6 4300/4/6
f 4050/3/1 4079/3/1 4319/3/1 4302/3/1
f 4302/3/6 4319/3/6 4320/3/6 4303/3/6
f 4051/3/2 4304/3/2 4321/3/2 4080/3/2
f 4303/3/6 4320/3/6 4321/3/6 4304/3/6
f 4054/3/2 4322/3/2 4323/3/2 4083/3/2
f 4053/3/1 4082/3/1 4324/3/1 4305/3/1
f 4053/3/3 4305/3/3 4322/3/3 4054/3/3
f 4305/3/6 4324/3/6 4323/3/6 4322/3/6
f 4074/2/2 4314/2/2 4325/2/2 4093/2/2
f 4067/2/1 4090/2/1 4326/2/1 4315/2/1
f 4315/2/6 4326/2/6 4325/2/6 4314/2/6
f 4075/3/1 4100/3/1 4327/3/1 4328/3/1
f 4075/3/3 4328/3/3 4318/3/3 4076/3/3
f 4100/3/4 4108/3/4 4329/3/4 4327/3/4
f 4328/3/6 4327/3/6 4329/3/6 4318/3/6
f 4077/3/3 4317/3/3 4330/3/3 4078/3/3
f 4109/3/4 4112/3/4 4331/3/4 4332/3/4
f 4078/3/3 4330/3/3 4319/3/3 4079/3/3
f 4112/3/4 4114/3/4 4333/3/4 4331/3/4
f 4330/3/6 4331/3/6 4333/3/6 4319/3/6
f 4080/3/3 4321/3/3 4334/3/3 4081/3/3
f 4115/3/4 4118/3/4 4335/3/4 4336/3/4
f 4321/3/6 4336/3/6 4335/3/6 4334/3/6
f 4081/3/3 4334/3/3 4324/3/3 4082/3/3
f 4118/3/4 4120/3/4 4337/3/4 4335/3/4
f 4334/3/6 4335/3/6 4337/3/6 4324/3/6
f 4120/3/4 4122/3/4 4338/3/4 4337/3/4
f 4084/3/2 4339/3/2 4340/3/2 4101/3/2
f 4083/3/3 4323/3/3 4339/3/3 4084/3/3
f 4122/3/4 4101/3/4 4340/3/4 4338/3/4
f 4323/3/6 4338/3/6 4340/3/6 4339/3/6
f 4093/2/2 4325/2/2 4341/2/2 4104/2/2
f 4090/2/1 4105/2/1 4342/2/1 4326/2/1
f 4109/3/2 4332/3/2 4343/3/2 4110/3/2
f 4108/3/1 4107/3/1 4344/3/1 4329/3/1
f 4329/3/6 4344/3/6 4343/3/6 4332/3/6
f 4114/3/1 4113/3/1 4345/3/1 4333/3/1
f 4333/3/6 4345/3/6 4346/3/6 4347/3/6
f 4115/3/2 4336/3/2 4348/3/2 4116/3/2
f 4347/3/6 4346/3/6 4348/3/6 4336/3/6
f 4126/5/1 4127/5/1 4349/5/1 4350/5/1
f 4126/5/3 4350/5/3 4351/5/3 4128/5/3
f 4127/5/4 4129/5/4 4352/5/4 4349/5/4
f 4350/5/6 4349/5/6 4352/5/6 4351/5/6
f 4128/5/3 4351/5/3 4353/5/3 4131/5/3
f 4129/5/4 4132/5/4 4354/5/4 4352/5/4
f 4355/5/2 4356/5/2 4357/5/2 4358/5/2
f 4131/5/3 4353/5/3 4356/5/3 4355/5/3
f 4132/5/4 4358/5/4 4357/5/4 4354/5/4
f 4131/5/5 4355/5/5 4358/5/5 4132/5/5
f 4104/2/2 4341/2/2 4359/2/2 4146/2/2
f 4105/2/1 4152/2/1 4360/2/1 4342/2/1
f 4342/2/6 4360/2/6 4359/2/6 4341/2/6
f 4105/2/5 4104/2/5 4146/2/5 4152/2/5
f 4110/4/2 4343/4/2 4361/4/2 4136/4/2
f 4107/4/1 4135/4/1 4362/4/1 4344/4/1
f 4344/4/6 4362/4/6 4361/4/6 4343/4/6
f 4113/4/1 4138/4/1 4363/4/1 4345/4/1
f 4345/4/6 4363/4/6 4364/4/6 4346/4/6
f 4116/3/2 4348/3/2 4365/3/2 4139/3/2
f 4346/3/6 4364/3/6 4365/3/6 4348/3/6
f 4146/2/2 4359/2/2 4366/2/2 4147/2/2
f 4152/2/1 4151/2/1 4367/2/1 4360/2/1
f 4134/3/1 4159/3/1 4368/3/1 4369/3/1
f 4134/3/3 4369/3/3 4362/3/3 4135/3/3
f 4159/3/4 4166/3/4 4370/3/4 4368/3/4
f 4369/3/6 4368/3/6 4370/3/6 4362/3/6
f 4136/3/3 4361/3/3 4371/3/3 4137/3/3
f 4167/3/4 4170/3/4 4372/3/4 4373/3/4
f 4137/3/3 4371/3/3 4363/3/3 4138/3/3
f 4170/3/4 4172/3/4 4374/3/4 4372/3/4
f 4371/3/6 4372/3/6 4374/3/6 4363/3/6
f 4139/3/3 4365/3/3 4375/3/3 4140/3/3
f 4173/3/4 4176/3/4 4376/3/4 4377/3/4
f 4365/3/6 4377/3/6 4376/3/6 4375/3/6
f 4140/3/3 4375/3/3 4378/3/3 4141/3/3
f 4176/3/4 4178/3/4 4379/3/4 4376/3/4
f 4375/3/6 4376/3/6 4379/3/6 4378/3/6
f 4141/3/3 4378/3/3 4380/3/3 4142/3/3
f 4143/3/2 4381/3/2 4382/3/2 4160/3/2
f 4142/3/3 4380/3/3 4381/3/3 4143/3/3
f 4179/3/4 4160/3/4 4382/3/4 4383/3/4
f 4380/3/6 4383/3/6 4382/3/6 4381/3/6
f 4147/2/2 4366/2/2 4384/2/2 4385/2/2
f 4151/2/1 4386/2/1 4387/2/1 4367/2/1
f 4386/2/4 4385/2/4 4384/2/4 4387/2/4
f 4151/2/5 4147/2/5 4385/2/5 4386/2/5
f 4167/3/2 4373/3/2 4388/3/2 4168/3/2
f 4166/3/1 4165/3/1 4389/3/1 4370/3/1
f 4370/3/6 4389/3/6 4388/3/6 4373/3/6
f 4172/3/1 4171/3/1 4390/3/1 4374/3/1
f 4374/3/6 4390/3/6 4391/3/6 4392/3/6
f 4173/3/2 4377/3/2 4393/3/2 4174/3/2
f 4392/3/6 4391/3/6 4393/3/6 4377/3/6
f 4179/3/2 4383/3/2 4394/3/2 4180/3/2
f 4178/3/1 4177/3/1 4395/3/1 4379/3/1
f 4177/3/4 4180/3/4 4394/3/4 4395/3/4
f 4379/3/6 4395/3/6 4394/3/6 4383/3/6
f 4168/3/2 4388/3/2 4396/3/2 4188/3/2
f 4165/3/1 4187/3/1 4397/3/1 4389/3/1
f 4187/3/4 4188/3/4 4396/3/4 4397/3/4
f 4389/3/6 4397/3/6 4396/3/6 4388/3/6
f 4171/3/1 4190/3/1 4398/3/1 4390/3/1
f 4390/3/6 4398/3/6 4399/3/6 4391/3/6
f 4174/3/2 4393/3/2 4400/3/2 4191/3/2
f 4391/3/6 4399/3/6 4400/3/6 4393/3/6
f 4177/4/2 4395/4/2 4401/4/2 4193/4/2
f 4175/4/1 4192/4/1 4402/4/1 4403/4/1
f 4175/4/3 4403/4/3 4395/4/3 4177/4/3
f 4403/4/6 4402/4/6 4401/4/6 4395/4/6
f 4187/3/2 4397/3/2 4404/3/2 4198/3/2
f 4186/3/1 4197/3/1 4405/3/1 4406/3/1
f 4186/3/3 4406/3/3 4397/3/3 4187/3/3
f 4406/3/6 4405/3/6 4404/3/6 4397/3/6
f 4190/3/1 4201/3/1 4407/3/1 4398/3/1
f 4398/3/6 4407/3/6 4408/3/6 4399/3/6
f 4191/3/2 4400/3/2 4409/3/2 4202/3/2
f 4399/3/6 4408/3/6 4409/3/6 4400/3/6
f 4193/3/2 4401/3/2 4410/3/2 4204/3/2
f 4192/3/1 4203/3/1 4411/3/1 4402/3/1
f 4402/3/6 4411/3/6 4410/3/6 4401/3/6
f 4198/4/2 4404/4/2 4412/4/2 4211/4/2
f 4197/4/1 4210/4/1 4413/4/1 4405/4/1
f 4405/4/6 4413/4/6 4412/4/6 4404/4/6
f 4201/3/1 4214/3/1 4414/3/1 4407/3/1
f 4407/3/6 4414/3/6 4415/3/6 4408/3/6
f 4202/3/2 4409/3/2 4416/3/2 4215/3/2
f 4408/3/6 4415/3/6 4416/3/6 4409/3/6
f 4204/3/2 4410/3/2 4417/3/2 4217/3/2
f 4203/3/1 4216/3/1 4418/3/1 4411/3/1
f 4411/3/6 4418/3/6 4417/3/6 4410/3/6
f 4211/3/2 4412/3/2 4419/3/2 4231/3/2
f 4210/3/1 4230/3/1 4420/3/1 4413/3/1
f 4230/3/4 4231/3/4 4419/3/4 4420/3/4
f 4413/3/6 4420/3/6 4419/3/6 4412/3/6
f 4212/3/1 4232/3/1 4421/3/1 4422/3/1
f 4212/3/3 4422/3/3 4423/3/3 4213/3/3
f 4232/3/4 4233/3/4 4424/3/4 4421/3/4
f 4422/3/6 4421/3/6 4424/3/6 4423/3/6
f 4213/3/3 4423/3/3 4414/3/3 4214/3/3
f 4423/3/6 4424/3/6 4425/3/6 4414/3/6
f 4414/4/6 4425/4/6 4426/4/6 4415/4/6
f 4215/3/2 4416/3/2 4427/3/2 4235/3/2
f 4415/3/6 4426/3/6 4427/3/6 4416/3/6
f 4217/3/2 4417/3/2 4428/3/2 4236/3/2
f 4216/3/1 4234/3/1 4429/3/1 4418/3/1
f 4234/3/4 4236/3/4 4428/3/4 4429/3/4
f 4418/3/6 4429/3/6 4428/3/6 4417/3/6
f 4230/3/2 4420/3/2 4430/3/2 4244/3/2
f 4229/3/1 4247/3/1 4431/3/1 4432/3/1
f 4229/3/3 4432/3/3 4420/3/3 4230/3/3
f 4247/3/4 4244/3/4 4430/3/4 4431/3/4
f 4432/3/6 4431/3/6 4430/3/6 4420/3/6
f 4229/3/5 4230/3/5 4244/3/5 4247/3/5
f 4233/3/1 4240/3/1 4433/3/1 4424/3/1
f 4240/3/4 4241/3/4 4434/3/4 4433/3/4
f 4424/3/6 4433/3/6 4434/3/6 4425/3/6
f 4241/3/4 4242/3/4 4435/3/4 4434/3/4
f 4425/3/6 4434/3/6 4435/3/6 4426/3/6
f 4235/3/2 4427/3/2 4436/3/2 4243/3/2
f 4242/3/4 4243/3/4 4436/3/4 4435/3/4
f 4426/3/6 4435/3/6 4436/3/6 4427/3/6
f 4437/2/2 4438/2/2 4439/2/2 4260/2/2
f 4440/2/1 4263/2/1 4441/2/1 4442/2/1
f 4440/2/3 4442/2/3 4438/2/3 4437/2/3
f 4440/2/5 4437/2/5 4260/2/5 4263/2/5
f 4260/1/2 4439/1/2 4443/1/2 4261/1/2
f 4263/1/1 4262/1/1 4444/1/1 4441/1/1
f 4262/1/4 4261/1/4 4443/1/4 4444/1/4
f 4441/1/6 4444/1/6 4443/1/6 4439/1/6
f 4318/3/1 4329/3/1 4445/3/1 4446/3/1
f 4318/3/3 4446/3/3 4447/3/3 4317/3/3
f 4329/3/4 4332/3/4 4448/3/4 4445/3/4
f 4446/3/6 4445/3/6 4448/3/6 4447/3/6
f 4330/3/2 4449/3/2 4450/3/2 4331/3/2
f 4317/3/3 4447/3/3 4449/3/3 4330/3/3
f 4332/3/4 4331/3/4 4450/3/4 4448/3/4
f 4447/3/6 4448/3/6 4450/3/6 4449/3/6
f 4319/4/1 4333/4/1 4451/4/1 4452/4/1
f 4319/4/3 4452/4/3 4453/4/3 4320/4/3
f 4333/4/4 4347/4/4 4454/4/4 4451/4/4
f 4452/4/6 4451/4/6 4454/4/6 4453/4/6
f 4321/3/2 4455/3/2 4456/3/2 4336/3/2
f 4320/3/3 4453/3/3 4455/3/3 4321/3/3
f 4347/3/4 4336/3/4 4456/3/4 4454/3/4
f 4453/3/6 4454/3/6 4456/3/6 4455/3/6
f 4323/3/2 4457/3/2 4458/3/2 4338/3/2
f 4324/3/1 4337/3/1 4459/3/1 4460/3/1
f 4324/3/3 4460/3/3 4457/3/3 4323/3/3
f 4337/3/4 4338/3/4 4458/3/4 4459/3/4
f 4460/3/6 4459/3/6 4458/3/6 4457/3/6
f 4325/2/2 4461/2/2 4462/2/2 4341/2/2
f 4326/2/1 4342/2/1 4463/2/1 4464/2/1
f 4326/2/3 4464/2/3 4461/2/3 4325/2/3
f 4342/2/4 4341/2/4 4462/2/4 4463/2/4
f 4351/5/1 4352/5/1 4465/5/1 4466/5/1
f 4351/5/3 4466/5/3 4467/5/3 4353/5/3
f 4352/5/4 4354/5/4 4468/5/4 4465/5/4
f 4466/5/6 4465/5/6 4468/5/6 4467/5/6
f 4356/5/2 4469/5/2 4470/5/2 4357/5/2
f 4353/5/3 4467/5/3 4469/5/3 4356/5/3
f 4354/5/4 4357/5/4 4470/5/4 4468/5/4
f 4467/5/6 4468/5/6 4470/5/6 4469/5/6
f 4359/1/2 4471/1/2 4472/1/2 4366/1/2
f 4360/1/1 4367/1/1 4473/1/1 4474/1/1
f 4360/1/3 4474/1/3 4471/1/3 4359/1/3
f 4474/1/6 4473/1/6 4472/1/6 4471/1/6
f 4362/3/1 4370/3/1 4475/3/1 4476/3/1
f 4362/3/3 4476/3/3 4477/3/3 4361/3/3
f 4370/3/4 4373/3/4 4478/3/4 4475/3/4
f 4476/3/6 4475/3/6 4478/3/6 4477/3/6
f 4371/3/2 4479/3/2 4480/3/2 4372/3/2
f 4361/3/3 4477/3/3 4479/3/3 4371/3/3
f 4373/3/4 4372/3/4 4480/3/4 4478/3/4
f 4477/3/6 4478/3/6 4480/3/6 4479/3/6
f 4363/4/1 4374/4/1 4481/4/1 4482/4/1
f 4363/4/3 4482/4/3 4483/4/3 4364/4/3
f 4374/4/4 4392/4/4 4484/4/4 4481/4/4
f 4482/4/6 4481/4/6 4484/4/6 4483/4/6
f 4365/3/2 4485/3/2 4486/3/2 4377/3/2
f 4364/3/3 4483/3/3 4485/3/3 4365/3/3
f 4392/3/4 4377/3/4 4486/3/4 4484/3/4
f 4483/3/6 4484/3/6 4486/3/6 4485/3/6
f 4380/3/2 4487/3/2 4488/3/2 4383/3/2
f 4378/3/1 4379/3/1 4489/3/1 4490/3/1
f 4378/3/3 4490/3/3 4487/3/3 4380/3/3
f 4379/3/4 4383/3/4 4488/3/4 4489/3/4
f 4490/3/6 4489/3/6 4488/3/6 4487/3/6
f 4366/2/2 4472/2/2 4491/2/2 4384/2/2
f 4367/2/1 4387/2/1 4492/2/1 4473/2/1
f 4384/2/2 4491/2/2 4493/2/2 4494/2/2
f 4387/2/1 4495/2/1 4496/2/1 4492/2/1
f 4495/2/4 4494/2/4 4493/2/4 4496/2/4
f 4387/2/5 4384/2/5 4494/2/5 4495/2/5
f 4438/2/2 4497/2/2 4498/2/2 4439/2/2
f 4442/2/1 4441/2/1 4499/2/1 4500/2/1
f 4442/2/3 4500/2/3 4497/2/3 4438/2/3
f 4441/2/4 4439/2/4 4498/2/4 4499/2/4
f 4500/2/6 4499/2/6 4498/2/6 4497/2/6
f 4461/2/2 4501/2/2 4502/2/2 4462/2/2
f 4464/2/1 4463/2/1 4503/2/1 4504/2/1
f 4464/2/3 4504/2/3 4501/2/3 4461/2/3
f 4504/2/6 4503/2/6 4502/2/6 4501/2/6
f 4462/2/2 4502/2/2 4505/2/2 4471/2/2
f 4463/2/1 4474/2/1 4506/2/1 4503/2/1
f 4474/2/4 4471/2/4 4505/2/4 4506/2/4
f 4503/2/6 4506/2/6 4505/2/6 4502/2/6
f 4463/2/5 4462/2/5 4471/2/5 4474/2/5
f 4472/2/2 4507/2/2 4508/2/2 4491/2/2
f 4473/2/1 4492/2/1 4509/2/1 4510/2/1
f 4473/2/3 4510/2/3 4507/2/3 4472/2/3
f 4510/2/6 4509/2/6 4508/2/6 4507/2/6
f 4491/2/2 4508/2/2 4511/2/2 4493/2/2
f 4492/2/1 4496/2/1 4512/2/1 4509/2/1
f 4496/2/4 4493/2/4 4511/2/4 4512/2/4
f 4509/2/6 4512/2/6 4511/2/6 4508/2/6
f 4505/2/2 4513/2/2 4514/2/2 4507/2/2
f 4506/2/1 4510/2/1 4515/2/1 4516/2/1
f 4506/2/3 4516/2/3 4513/2/3 4505/2/3
f 4510/2/4 4507/2/4 4514/2/4 4515/2/4
f 4506/2/5 4505/2/5 4507/2/5 4510/2/5
f 4513/2/2 4517/2/2 4518/2/2 4514/2/2
f 4516/2/1 4515/2/1 4519/2/1 4520/2/1
f 4516/2/3 4520/2/3 4517/2/3 4513/2/3
f 4515/2/4 4514/2/4 4518/2/4 4519/2/4
f 4520/2/6 4519/2/6 4518/2/6 4517/2/6
